model,runtime,rank,layer_name,backend,granularity,mean_ms,std_ms,min_ms,max_ms,samples,percent_total_ms,cumulative_percent_ms
efficientnet_b0,onnxrt_cuda,3,model_loading_uri,onnxruntime,onnx_node,246.698,0.0,246.698,246.698,1,7.214807,86.143425
efficientnet_b0,onnxrt_cuda,1,session_initialization,onnxruntime,onnx_node,2450.286,0.0,2450.286,2450.286,1,71.65985,71.65985
efficientnet_b0,onnxrt_cuda,255,Conv:/features/features.0/features.0.0/Conv_fence_before,onnxruntime,onnx_node,0.001383,0.000486,0.001,0.002,60,4e-05,99.989621
efficientnet_b0,onnxrt_cuda,5,Conv:/features/features.0/features.0.0/Conv_kernel_time,onnxruntime,onnx_node,58.207083,444.899763,0.258,3475.547,60,1.702296,94.854552
efficientnet_b0,onnxrt_cuda,284,Conv:/features/features.0/features.0.0/Conv_fence_after,onnxruntime,onnx_node,0.001,0.0,0.001,0.001,11,2.9e-05,99.990524
efficientnet_b0,onnxrt_cuda,285,Sigmoid:/features/features.0/features.0.2/Sigmoid_fence_before,onnxruntime,onnx_node,0.001,0.0,0.001,0.001,26,2.9e-05,99.990554
efficientnet_b0,onnxrt_cuda,91,Sigmoid:/features/features.0/features.0.2/Sigmoid_kernel_time,onnxruntime,onnx_node,0.07945,0.01805,0.069,0.145,60,0.002324,99.706464
efficientnet_b0,onnxrt_cuda,286,Mul:/features/features.0/features.0.2/Mul_fence_before,onnxruntime,onnx_node,0.001,0.0,0.001,0.001,19,2.9e-05,99.990583
efficientnet_b0,onnxrt_cuda,104,Mul:/features/features.0/features.0.2/Mul_kernel_time,onnxruntime,onnx_node,0.072467,0.020393,0.063,0.188,60,0.002119,99.734825
efficientnet_b0,onnxrt_cuda,264,Conv:/features/features.1/features.1.0/block/block.0/block.0.0/Conv_fence_before,onnxruntime,onnx_node,0.001068,0.00033,0.001,0.003,44,3.1e-05,99.989918
efficientnet_b0,onnxrt_cuda,15,Conv:/features/features.1/features.1.0/block/block.0/block.0.0/Conv_kernel_time,onnxruntime,onnx_node,7.47915,56.125207,0.157,438.585,60,0.218732,97.651468
efficientnet_b0,onnxrt_cuda,287,Conv:/features/features.1/features.1.0/block/block.0/block.0.0/Conv_fence_after,onnxruntime,onnx_node,0.001,0.0,0.001,0.001,10,2.9e-05,99.990612
efficientnet_b0,onnxrt_cuda,288,Sigmoid:/features/features.1/features.1.0/block/block.0/block.0.2/Sigmoid_fence_before,onnxruntime,onnx_node,0.001,0.0,0.001,0.001,28,2.9e-05,99.990641
efficientnet_b0,onnxrt_cuda,95,Sigmoid:/features/features.1/features.1.0/block/block.0/block.0.2/Sigmoid_kernel_time,onnxruntime,onnx_node,0.076383,0.015191,0.069,0.175,60,0.002234,99.71551
efficientnet_b0,onnxrt_cuda,289,Sigmoid:/features/features.1/features.1.0/block/block.0/block.0.2/Sigmoid_fence_after,onnxruntime,onnx_node,0.001,0.0,0.001,0.001,6,2.9e-05,99.990671
efficientnet_b0,onnxrt_cuda,248,Mul:/features/features.1/features.1.0/block/block.0/block.0.2/Mul_fence_before,onnxruntime,onnx_node,0.004714,0.013392,0.001,0.053,14,0.000138,99.989089
efficientnet_b0,onnxrt_cuda,114,Mul:/features/features.1/features.1.0/block/block.0/block.0.2/Mul_kernel_time,onnxruntime,onnx_node,0.068017,0.009782,0.061,0.124,60,0.001989,99.755212
efficientnet_b0,onnxrt_cuda,290,Mul:/features/features.1/features.1.0/block/block.0/block.0.2/Mul_fence_after,onnxruntime,onnx_node,0.001,0.0,0.001,0.001,3,2.9e-05,99.9907
efficientnet_b0,onnxrt_cuda,257,GlobalAveragePool:/features/features.1/features.1.0/block/block.1/avgpool/GlobalAveragePool_fence_before,onnxruntime,onnx_node,0.0012,0.0004,0.001,0.002,60,3.5e-05,99.989693
efficientnet_b0,onnxrt_cuda,87,GlobalAveragePool:/features/features.1/features.1.0/block/block.1/avgpool/GlobalAveragePool_kernel_time,onnxruntime,onnx_node,0.11415,0.036794,0.097,0.325,60,0.003338,99.696865
efficientnet_b0,onnxrt_cuda,291,GlobalAveragePool:/features/features.1/features.1.0/block/block.1/avgpool/GlobalAveragePool_fence_after,onnxruntime,onnx_node,0.001,0.0,0.001,0.001,4,2.9e-05,99.990729
efficientnet_b0,onnxrt_cuda,247,Conv:/features/features.1/features.1.0/block/block.1/fc1/Conv_fence_before,onnxruntime,onnx_node,0.005545,0.02083,0.001,0.101,22,0.000162,99.988951
efficientnet_b0,onnxrt_cuda,46,Conv:/features/features.1/features.1.0/block/block.1/fc1/Conv_kernel_time,onnxruntime,onnx_node,0.616617,2.99003,0.193,23.582,60,0.018033,99.03404
efficientnet_b0,onnxrt_cuda,292,Conv:/features/features.1/features.1.0/block/block.1/fc1/Conv_fence_after,onnxruntime,onnx_node,0.001,0.0,0.001,0.001,2,2.9e-05,99.990758
efficientnet_b0,onnxrt_cuda,270,Sigmoid:/features/features.1/features.1.0/block/block.1/activation/Sigmoid_fence_before,onnxruntime,onnx_node,0.001043,0.000204,0.001,0.002,23,3.1e-05,99.990103
efficientnet_b0,onnxrt_cuda,112,Sigmoid:/features/features.1/features.1.0/block/block.1/activation/Sigmoid_kernel_time,onnxruntime,onnx_node,0.0685,0.016971,0.058,0.174,60,0.002003,99.751229
efficientnet_b0,onnxrt_cuda,293,Mul:/features/features.1/features.1.0/block/block.1/activation/Mul_fence_before,onnxruntime,onnx_node,0.001,0.0,0.001,0.001,5,2.9e-05,99.990788
efficientnet_b0,onnxrt_cuda,146,Mul:/features/features.1/features.1.0/block/block.1/activation/Mul_kernel_time,onnxruntime,onnx_node,0.063517,0.011638,0.056,0.133,60,0.001858,99.816283
efficientnet_b0,onnxrt_cuda,244,Mul:/features/features.1/features.1.0/block/block.1/activation/Mul_fence_after,onnxruntime,onnx_node,0.0155,0.0145,0.001,0.03,2,0.000453,99.988342
efficientnet_b0,onnxrt_cuda,294,Conv:/features/features.1/features.1.0/block/block.1/fc2/Conv_fence_before,onnxruntime,onnx_node,0.001,0.0,0.001,0.001,2,2.9e-05,99.990817
efficientnet_b0,onnxrt_cuda,85,Conv:/features/features.1/features.1.0/block/block.1/fc2/Conv_kernel_time,onnxruntime,onnx_node,0.522017,2.904331,0.133,22.829,60,0.015267,99.689848
efficientnet_b0,onnxrt_cuda,295,Conv:/features/features.1/features.1.0/block/block.1/fc2/Conv_fence_after,onnxruntime,onnx_node,0.001,0.0,0.001,0.001,2,2.9e-05,99.990846
efficientnet_b0,onnxrt_cuda,296,Sigmoid:/features/features.1/features.1.0/block/block.1/scale_activation/Sigmoid_fence_before,onnxruntime,onnx_node,0.001,0.0,0.001,0.001,5,2.9e-05,99.990875
efficientnet_b0,onnxrt_cuda,148,Sigmoid:/features/features.1/features.1.0/block/block.1/scale_activation/Sigmoid_kernel_time,onnxruntime,onnx_node,0.063433,0.014239,0.056,0.142,60,0.001855,99.819996
efficientnet_b0,onnxrt_cuda,297,Mul:/features/features.1/features.1.0/block/block.1/Mul_fence_before,onnxruntime,onnx_node,0.001,0.0,0.001,0.001,3,2.9e-05,99.990905
efficientnet_b0,onnxrt_cuda,133,Mul:/features/features.1/features.1.0/block/block.1/Mul_kernel_time,onnxruntime,onnx_node,0.0649,0.011984,0.059,0.136,60,0.001898,99.791839
efficientnet_b0,onnxrt_cuda,298,Mul:/features/features.1/features.1.0/block/block.1/Mul_fence_after,onnxruntime,onnx_node,0.001,0.0,0.001,0.001,2,2.9e-05,99.990934
efficientnet_b0,onnxrt_cuda,299,Conv:/features/features.1/features.1.0/block/block.2/block.2.0/Conv_fence_before,onnxruntime,onnx_node,0.001,0.0,0.001,0.001,6,2.9e-05,99.990963
efficientnet_b0,onnxrt_cuda,41,Conv:/features/features.1/features.1.0/block/block.2/block.2.0/Conv_kernel_time,onnxruntime,onnx_node,0.628767,3.389985,0.159,26.667,60,0.018389,98.943049
efficientnet_b0,onnxrt_cuda,300,Conv:/features/features.1/features.1.0/block/block.2/block.2.0/Conv_fence_after,onnxruntime,onnx_node,0.001,0.0,0.001,0.001,10,2.9e-05,99.990992
efficientnet_b0,onnxrt_cuda,301,Conv:/features/features.2/features.2.0/block/block.0/block.0.0/Conv_fence_before,onnxruntime,onnx_node,0.001,0.0,0.001,0.001,46,2.9e-05,99.991022
efficientnet_b0,onnxrt_cuda,22,Conv:/features/features.2/features.2.0/block/block.0/block.0.0/Conv_kernel_time,onnxruntime,onnx_node,1.308833,6.413715,0.429,50.572,60,0.038277,98.532441
efficientnet_b0,onnxrt_cuda,302,Conv:/features/features.2/features.2.0/block/block.0/block.0.0/Conv_fence_after,onnxruntime,onnx_node,0.001,0.0,0.001,0.001,16,2.9e-05,99.991051
efficientnet_b0,onnxrt_cuda,303,Sigmoid:/features/features.2/features.2.0/block/block.0/block.0.2/Sigmoid_fence_before,onnxruntime,onnx_node,0.001,0.0,0.001,0.001,17,2.9e-05,99.99108
efficientnet_b0,onnxrt_cuda,93,Sigmoid:/features/features.2/features.2.0/block/block.0/block.0.2/Sigmoid_kernel_time,onnxruntime,onnx_node,0.07775,0.021777,0.064,0.184,60,0.002274,99.711027
efficientnet_b0,onnxrt_cuda,304,Mul:/features/features.2/features.2.0/block/block.0/block.0.2/Mul_fence_before,onnxruntime,onnx_node,0.001,0.0,0.001,0.001,17,2.9e-05,99.991109
efficientnet_b0,onnxrt_cuda,127,Mul:/features/features.2/features.2.0/block/block.0/block.0.2/Mul_kernel_time,onnxruntime,onnx_node,0.06545,0.006362,0.059,0.097,60,0.001914,99.78041
efficientnet_b0,onnxrt_cuda,305,Conv:/features/features.2/features.2.0/block/block.1/block.1.0/Conv_fence_before,onnxruntime,onnx_node,0.001,0.0,0.001,0.001,9,2.9e-05,99.991139
efficientnet_b0,onnxrt_cuda,13,Conv:/features/features.2/features.2.0/block/block.1/block.1.0/Conv_kernel_time,onnxruntime,onnx_node,7.971083,60.0107,0.145,468.922,60,0.233118,97.212951
efficientnet_b0,onnxrt_cuda,306,Conv:/features/features.2/features.2.0/block/block.1/block.1.0/Conv_fence_after,onnxruntime,onnx_node,0.001,0.0,0.001,0.001,1,2.9e-05,99.991168
efficientnet_b0,onnxrt_cuda,307,Sigmoid:/features/features.2/features.2.0/block/block.1/block.1.2/Sigmoid_fence_before,onnxruntime,onnx_node,0.001,0.0,0.001,0.001,11,2.9e-05,99.991197
efficientnet_b0,onnxrt_cuda,140,Sigmoid:/features/features.2/features.2.0/block/block.1/block.1.2/Sigmoid_kernel_time,onnxruntime,onnx_node,0.064433,0.009299,0.057,0.129,60,0.001884,99.805073
efficientnet_b0,onnxrt_cuda,308,Sigmoid:/features/features.2/features.2.0/block/block.1/block.1.2/Sigmoid_fence_after,onnxruntime,onnx_node,0.001,0.0,0.001,0.001,1,2.9e-05,99.991226
efficientnet_b0,onnxrt_cuda,309,Mul:/features/features.2/features.2.0/block/block.1/block.1.2/Mul_fence_before,onnxruntime,onnx_node,0.001,0.0,0.001,0.001,12,2.9e-05,99.991256
efficientnet_b0,onnxrt_cuda,135,Mul:/features/features.2/features.2.0/block/block.1/block.1.2/Mul_kernel_time,onnxruntime,onnx_node,0.0648,0.017453,0.055,0.137,60,0.001895,99.795632
efficientnet_b0,onnxrt_cuda,279,GlobalAveragePool:/features/features.2/features.2.0/block/block.2/avgpool/GlobalAveragePool_fence_before,onnxruntime,onnx_node,0.001027,0.000162,0.001,0.002,37,3e-05,99.990375
efficientnet_b0,onnxrt_cuda,92,GlobalAveragePool:/features/features.2/features.2.0/block/block.2/avgpool/GlobalAveragePool_kernel_time,onnxruntime,onnx_node,0.078283,0.008841,0.069,0.123,60,0.002289,99.708753
efficientnet_b0,onnxrt_cuda,262,Conv:/features/features.2/features.2.0/block/block.2/fc1/Conv_fence_before,onnxruntime,onnx_node,0.001091,0.000287,0.001,0.002,11,3.2e-05,99.989856
efficientnet_b0,onnxrt_cuda,73,Conv:/features/features.2/features.2.0/block/block.2/fc1/Conv_kernel_time,onnxruntime,onnx_node,0.561683,2.905863,0.158,22.88,60,0.016427,99.497456
efficientnet_b0,onnxrt_cuda,310,Conv:/features/features.2/features.2.0/block/block.2/fc1/Conv_fence_after,onnxruntime,onnx_node,0.001,0.0,0.001,0.001,4,2.9e-05,99.991285
efficientnet_b0,onnxrt_cuda,311,Sigmoid:/features/features.2/features.2.0/block/block.2/activation/Sigmoid_fence_before,onnxruntime,onnx_node,0.001,0.0,0.001,0.001,22,2.9e-05,99.991314
efficientnet_b0,onnxrt_cuda,110,Sigmoid:/features/features.2/features.2.0/block/block.2/activation/Sigmoid_kernel_time,onnxruntime,onnx_node,0.06875,0.016309,0.057,0.143,60,0.002011,99.747217
efficientnet_b0,onnxrt_cuda,272,Mul:/features/features.2/features.2.0/block/block.2/activation/Mul_fence_before,onnxruntime,onnx_node,0.00104,0.000196,0.001,0.002,25,3e-05,99.990164
efficientnet_b0,onnxrt_cuda,115,Mul:/features/features.2/features.2.0/block/block.2/activation/Mul_kernel_time,onnxruntime,onnx_node,0.0675,0.011314,0.055,0.114,60,0.001974,99.757186
efficientnet_b0,onnxrt_cuda,312,Conv:/features/features.2/features.2.0/block/block.2/fc2/Conv_fence_before,onnxruntime,onnx_node,0.001,0.0,0.001,0.001,6,2.9e-05,99.991343
efficientnet_b0,onnxrt_cuda,84,Conv:/features/features.2/features.2.0/block/block.2/fc2/Conv_kernel_time,onnxruntime,onnx_node,0.5291,2.896784,0.135,22.779,60,0.015474,99.674581
efficientnet_b0,onnxrt_cuda,313,Conv:/features/features.2/features.2.0/block/block.2/fc2/Conv_fence_after,onnxruntime,onnx_node,0.001,0.0,0.001,0.001,3,2.9e-05,99.991373
efficientnet_b0,onnxrt_cuda,314,Sigmoid:/features/features.2/features.2.0/block/block.2/scale_activation/Sigmoid_fence_before,onnxruntime,onnx_node,0.001,0.0,0.001,0.001,12,2.9e-05,99.991402
efficientnet_b0,onnxrt_cuda,147,Sigmoid:/features/features.2/features.2.0/block/block.2/scale_activation/Sigmoid_kernel_time,onnxruntime,onnx_node,0.063517,0.010698,0.058,0.131,60,0.001858,99.818141
efficientnet_b0,onnxrt_cuda,315,Mul:/features/features.2/features.2.0/block/block.2/Mul_fence_before,onnxruntime,onnx_node,0.001,0.0,0.001,0.001,9,2.9e-05,99.991431
efficientnet_b0,onnxrt_cuda,123,Mul:/features/features.2/features.2.0/block/block.2/Mul_kernel_time,onnxruntime,onnx_node,0.065867,0.009937,0.06,0.131,60,0.001926,99.772736
efficientnet_b0,onnxrt_cuda,280,Conv:/features/features.2/features.2.0/block/block.3/block.3.0/Conv_fence_before,onnxruntime,onnx_node,0.001026,0.00016,0.001,0.002,38,3e-05,99.990405
efficientnet_b0,onnxrt_cuda,52,Conv:/features/features.2/features.2.0/block/block.3/block.3.0/Conv_kernel_time,onnxruntime,onnx_node,0.60045,3.189948,0.162,25.1,60,0.01756,99.140926
efficientnet_b0,onnxrt_cuda,316,Conv:/features/features.2/features.2.0/block/block.3/block.3.0/Conv_fence_after,onnxruntime,onnx_node,0.001,0.0,0.001,0.001,2,2.9e-05,99.99146
efficientnet_b0,onnxrt_cuda,317,Conv:/features/features.2/features.2.1/block/block.0/block.0.0/Conv_fence_before,onnxruntime,onnx_node,0.001,0.0,0.001,0.001,5,2.9e-05,99.99149
efficientnet_b0,onnxrt_cuda,64,Conv:/features/features.2/features.2.1/block/block.0/block.0.0/Conv_kernel_time,onnxruntime,onnx_node,0.581817,3.289164,0.141,25.846,60,0.017016,99.347362
efficientnet_b0,onnxrt_cuda,318,Conv:/features/features.2/features.2.1/block/block.0/block.0.0/Conv_fence_after,onnxruntime,onnx_node,0.001,0.0,0.001,0.001,2,2.9e-05,99.991519
efficientnet_b0,onnxrt_cuda,319,Sigmoid:/features/features.2/features.2.1/block/block.0/block.0.2/Sigmoid_fence_before,onnxruntime,onnx_node,0.001,0.0,0.001,0.001,4,2.9e-05,99.991548
efficientnet_b0,onnxrt_cuda,116,Sigmoid:/features/features.2/features.2.1/block/block.0/block.0.2/Sigmoid_kernel_time,onnxruntime,onnx_node,0.066867,0.016756,0.056,0.159,60,0.001956,99.759142
efficientnet_b0,onnxrt_cuda,278,Mul:/features/features.2/features.2.1/block/block.0/block.0.2/Mul_fence_before,onnxruntime,onnx_node,0.001028,0.000164,0.001,0.002,36,3e-05,99.990345
efficientnet_b0,onnxrt_cuda,113,Mul:/features/features.2/features.2.1/block/block.0/block.0.2/Mul_kernel_time,onnxruntime,onnx_node,0.0682,0.016309,0.054,0.152,60,0.001995,99.753223
efficientnet_b0,onnxrt_cuda,320,Conv:/features/features.2/features.2.1/block/block.1/block.1.0/Conv_fence_before,onnxruntime,onnx_node,0.001,0.0,0.001,0.001,6,2.9e-05,99.991577
efficientnet_b0,onnxrt_cuda,12,Conv:/features/features.2/features.2.1/block/block.1/block.1.0/Conv_kernel_time,onnxruntime,onnx_node,8.3994,63.228408,0.144,494.066,60,0.245645,96.979832
efficientnet_b0,onnxrt_cuda,321,Conv:/features/features.2/features.2.1/block/block.1/block.1.0/Conv_fence_after,onnxruntime,onnx_node,0.001,0.0,0.001,0.001,9,2.9e-05,99.991607
efficientnet_b0,onnxrt_cuda,322,Sigmoid:/features/features.2/features.2.1/block/block.1/block.1.2/Sigmoid_fence_before,onnxruntime,onnx_node,0.001,0.0,0.001,0.001,15,2.9e-05,99.991636
efficientnet_b0,onnxrt_cuda,119,Sigmoid:/features/features.2/features.2.1/block/block.1/block.1.2/Sigmoid_kernel_time,onnxruntime,onnx_node,0.06645,0.011273,0.06,0.135,60,0.001943,99.764993
efficientnet_b0,onnxrt_cuda,323,Mul:/features/features.2/features.2.1/block/block.1/block.1.2/Mul_fence_before,onnxruntime,onnx_node,0.001,0.0,0.001,0.001,9,2.9e-05,99.991665
efficientnet_b0,onnxrt_cuda,134,Mul:/features/features.2/features.2.1/block/block.1/block.1.2/Mul_kernel_time,onnxruntime,onnx_node,0.064867,0.010082,0.057,0.115,60,0.001897,99.793736
efficientnet_b0,onnxrt_cuda,271,GlobalAveragePool:/features/features.2/features.2.1/block/block.2/avgpool/GlobalAveragePool_fence_before,onnxruntime,onnx_node,0.001042,0.0002,0.001,0.002,24,3e-05,99.990134
efficientnet_b0,onnxrt_cuda,88,GlobalAveragePool:/features/features.2/features.2.1/block/block.2/avgpool/GlobalAveragePool_kernel_time,onnxruntime,onnx_node,0.086483,0.01434,0.075,0.162,60,0.002529,99.699394
efficientnet_b0,onnxrt_cuda,324,GlobalAveragePool:/features/features.2/features.2.1/block/block.2/avgpool/GlobalAveragePool_fence_after,onnxruntime,onnx_node,0.001,0.0,0.001,0.001,3,2.9e-05,99.991694
efficientnet_b0,onnxrt_cuda,267,Conv:/features/features.2/features.2.1/block/block.2/fc1/Conv_fence_before,onnxruntime,onnx_node,0.001059,0.000235,0.001,0.002,17,3.1e-05,99.990012
efficientnet_b0,onnxrt_cuda,65,Conv:/features/features.2/features.2.1/block/block.2/fc1/Conv_kernel_time,onnxruntime,onnx_node,0.578283,3.022113,0.165,23.791,60,0.016912,99.364274
efficientnet_b0,onnxrt_cuda,325,Conv:/features/features.2/features.2.1/block/block.2/fc1/Conv_fence_after,onnxruntime,onnx_node,0.001,0.0,0.001,0.001,4,2.9e-05,99.991724
efficientnet_b0,onnxrt_cuda,326,Sigmoid:/features/features.2/features.2.1/block/block.2/activation/Sigmoid_fence_before,onnxruntime,onnx_node,0.001,0.0,0.001,0.001,46,2.9e-05,99.991753
efficientnet_b0,onnxrt_cuda,117,Sigmoid:/features/features.2/features.2.1/block/block.2/activation/Sigmoid_kernel_time,onnxruntime,onnx_node,0.066833,0.013637,0.058,0.161,60,0.001955,99.761096
efficientnet_b0,onnxrt_cuda,327,Mul:/features/features.2/features.2.1/block/block.2/activation/Mul_fence_before,onnxruntime,onnx_node,0.001,0.0,0.001,0.001,6,2.9e-05,99.991782
efficientnet_b0,onnxrt_cuda,145,Mul:/features/features.2/features.2.1/block/block.2/activation/Mul_kernel_time,onnxruntime,onnx_node,0.063617,0.010351,0.057,0.132,60,0.001861,99.814426
efficientnet_b0,onnxrt_cuda,277,Conv:/features/features.2/features.2.1/block/block.2/fc2/Conv_fence_before,onnxruntime,onnx_node,0.001029,0.000167,0.001,0.002,35,3e-05,99.990315
efficientnet_b0,onnxrt_cuda,80,Conv:/features/features.2/features.2.1/block/block.2/fc2/Conv_kernel_time,onnxruntime,onnx_node,0.5495,3.016627,0.138,23.72,60,0.01607,99.611254
efficientnet_b0,onnxrt_cuda,328,Conv:/features/features.2/features.2.1/block/block.2/fc2/Conv_fence_after,onnxruntime,onnx_node,0.001,0.0,0.001,0.001,3,2.9e-05,99.991811
efficientnet_b0,onnxrt_cuda,329,Sigmoid:/features/features.2/features.2.1/block/block.2/scale_activation/Sigmoid_fence_before,onnxruntime,onnx_node,0.001,0.0,0.001,0.001,12,2.9e-05,99.991841
efficientnet_b0,onnxrt_cuda,130,Sigmoid:/features/features.2/features.2.1/block/block.2/scale_activation/Sigmoid_kernel_time,onnxruntime,onnx_node,0.06515,0.010905,0.059,0.141,60,0.001905,99.786134
efficientnet_b0,onnxrt_cuda,330,Mul:/features/features.2/features.2.1/block/block.2/Mul_fence_before,onnxruntime,onnx_node,0.001,0.0,0.001,0.001,36,2.9e-05,99.99187
efficientnet_b0,onnxrt_cuda,109,Mul:/features/features.2/features.2.1/block/block.2/Mul_kernel_time,onnxruntime,onnx_node,0.0688,0.010028,0.06,0.136,60,0.002012,99.745206
efficientnet_b0,onnxrt_cuda,254,Conv:/features/features.2/features.2.1/block/block.3/block.3.0/Conv_fence_before,onnxruntime,onnx_node,0.001895,0.002418,0.001,0.013,57,5.5e-05,99.989581
efficientnet_b0,onnxrt_cuda,30,Conv:/features/features.2/features.2.1/block/block.3/block.3.0/Conv_kernel_time,onnxruntime,onnx_node,0.71345,3.31741,0.258,26.194,60,0.020865,98.728238
efficientnet_b0,onnxrt_cuda,246,Conv:/features/features.2/features.2.1/block/block.3/block.3.0/Conv_fence_after,onnxruntime,onnx_node,0.007286,0.015397,0.001,0.045,7,0.000213,99.988789
efficientnet_b0,onnxrt_cuda,260,Add:/features/features.2/features.2.1/Add_fence_before,onnxruntime,onnx_node,0.001119,0.000324,0.001,0.002,42,3.3e-05,99.989792
efficientnet_b0,onnxrt_cuda,89,Add:/features/features.2/features.2.1/Add_kernel_time,onnxruntime,onnx_node,0.082333,0.02291,0.067,0.23,60,0.002408,99.701802
efficientnet_b0,onnxrt_cuda,331,Add:/features/features.2/features.2.1/Add_fence_after,onnxruntime,onnx_node,0.001,0.0,0.001,0.001,5,2.9e-05,99.991899
efficientnet_b0,onnxrt_cuda,332,Conv:/features/features.3/features.3.0/block/block.0/block.0.0/Conv_fence_before,onnxruntime,onnx_node,0.001,0.0,0.001,0.001,16,2.9e-05,99.991928
efficientnet_b0,onnxrt_cuda,51,Conv:/features/features.3/features.3.0/block/block.0/block.0.0/Conv_kernel_time,onnxruntime,onnx_node,0.6066,3.318905,0.151,26.099,60,0.01774,99.123366
efficientnet_b0,onnxrt_cuda,333,Conv:/features/features.3/features.3.0/block/block.0/block.0.0/Conv_fence_after,onnxruntime,onnx_node,0.001,0.0,0.001,0.001,1,2.9e-05,99.991957
efficientnet_b0,onnxrt_cuda,250,Sigmoid:/features/features.3/features.3.0/block/block.0/block.0.2/Sigmoid_fence_before,onnxruntime,onnx_node,0.003438,0.00944,0.001,0.04,16,0.000101,99.989311
efficientnet_b0,onnxrt_cuda,154,Sigmoid:/features/features.3/features.3.0/block/block.0/block.0.2/Sigmoid_kernel_time,onnxruntime,onnx_node,0.0627,0.012955,0.055,0.136,60,0.001834,99.831049
efficientnet_b0,onnxrt_cuda,334,Mul:/features/features.3/features.3.0/block/block.0/block.0.2/Mul_fence_before,onnxruntime,onnx_node,0.001,0.0,0.001,0.001,10,2.9e-05,99.991987
efficientnet_b0,onnxrt_cuda,176,Mul:/features/features.3/features.3.0/block/block.0/block.0.2/Mul_kernel_time,onnxruntime,onnx_node,0.061533,0.013794,0.054,0.15,60,0.0018,99.87099
efficientnet_b0,onnxrt_cuda,335,Conv:/features/features.3/features.3.0/block/block.1/block.1.0/Conv_fence_before,onnxruntime,onnx_node,0.001,0.0,0.001,0.001,6,2.9e-05,99.992016
efficientnet_b0,onnxrt_cuda,20,Conv:/features/features.3/features.3.0/block/block.1/block.1.0/Conv_kernel_time,onnxruntime,onnx_node,3.364917,24.802955,0.128,193.88,60,0.098409,98.44293
efficientnet_b0,onnxrt_cuda,336,Conv:/features/features.3/features.3.0/block/block.1/block.1.0/Conv_fence_after,onnxruntime,onnx_node,0.001,0.0,0.001,0.001,1,2.9e-05,99.992045
efficientnet_b0,onnxrt_cuda,337,Sigmoid:/features/features.3/features.3.0/block/block.1/block.1.2/Sigmoid_fence_before,onnxruntime,onnx_node,0.001,0.0,0.001,0.001,3,2.9e-05,99.992074
efficientnet_b0,onnxrt_cuda,163,Sigmoid:/features/features.3/features.3.0/block/block.1/block.1.2/Sigmoid_kernel_time,onnxruntime,onnx_node,0.062117,0.011518,0.057,0.125,60,0.001817,99.847489
efficientnet_b0,onnxrt_cuda,338,Mul:/features/features.3/features.3.0/block/block.1/block.1.2/Mul_fence_before,onnxruntime,onnx_node,0.001,0.0,0.001,0.001,5,2.9e-05,99.992104
efficientnet_b0,onnxrt_cuda,233,Mul:/features/features.3/features.3.0/block/block.1/block.1.2/Mul_kernel_time,onnxruntime,onnx_node,0.059267,0.007438,0.054,0.098,60,0.001733,99.971893
efficientnet_b0,onnxrt_cuda,339,Mul:/features/features.3/features.3.0/block/block.1/block.1.2/Mul_fence_after,onnxruntime,onnx_node,0.001,0.0,0.001,0.001,1,2.9e-05,99.992133
efficientnet_b0,onnxrt_cuda,340,GlobalAveragePool:/features/features.3/features.3.0/block/block.2/avgpool/GlobalAveragePool_fence_before,onnxruntime,onnx_node,0.001,0.0,0.001,0.001,9,2.9e-05,99.992162
efficientnet_b0,onnxrt_cuda,101,GlobalAveragePool:/features/features.3/features.3.0/block/block.2/avgpool/GlobalAveragePool_kernel_time,onnxruntime,onnx_node,0.0728,0.009628,0.065,0.128,60,0.002129,99.728457
efficientnet_b0,onnxrt_cuda,268,Conv:/features/features.3/features.3.0/block/block.2/fc1/Conv_fence_before,onnxruntime,onnx_node,0.00105,0.000218,0.001,0.002,20,3.1e-05,99.990042
efficientnet_b0,onnxrt_cuda,71,Conv:/features/features.3/features.3.0/block/block.2/fc1/Conv_kernel_time,onnxruntime,onnx_node,0.564317,2.994536,0.144,23.565,60,0.016504,99.464533
efficientnet_b0,onnxrt_cuda,341,Conv:/features/features.3/features.3.0/block/block.2/fc1/Conv_fence_after,onnxruntime,onnx_node,0.001,0.0,0.001,0.001,5,2.9e-05,99.992191
efficientnet_b0,onnxrt_cuda,342,Sigmoid:/features/features.3/features.3.0/block/block.2/activation/Sigmoid_fence_before,onnxruntime,onnx_node,0.001,0.0,0.001,0.001,31,2.9e-05,99.992221
efficientnet_b0,onnxrt_cuda,137,Sigmoid:/features/features.3/features.3.0/block/block.2/activation/Sigmoid_kernel_time,onnxruntime,onnx_node,0.064683,0.010449,0.058,0.138,60,0.001892,99.799418
efficientnet_b0,onnxrt_cuda,343,Mul:/features/features.3/features.3.0/block/block.2/activation/Mul_fence_before,onnxruntime,onnx_node,0.001,0.0,0.001,0.001,35,2.9e-05,99.99225
efficientnet_b0,onnxrt_cuda,152,Mul:/features/features.3/features.3.0/block/block.2/activation/Mul_kernel_time,onnxruntime,onnx_node,0.062783,0.008998,0.055,0.126,60,0.001836,99.82738
efficientnet_b0,onnxrt_cuda,83,Conv:/features/features.3/features.3.0/block/block.2/fc2/Conv_kernel_time,onnxruntime,onnx_node,0.541667,3.025285,0.127,23.779,60,0.015841,99.659107
efficientnet_b0,onnxrt_cuda,344,Conv:/features/features.3/features.3.0/block/block.2/fc2/Conv_fence_after,onnxruntime,onnx_node,0.001,0.0,0.001,0.001,2,2.9e-05,99.992279
efficientnet_b0,onnxrt_cuda,345,Sigmoid:/features/features.3/features.3.0/block/block.2/scale_activation/Sigmoid_fence_before,onnxruntime,onnx_node,0.001,0.0,0.001,0.001,6,2.9e-05,99.992308
efficientnet_b0,onnxrt_cuda,151,Sigmoid:/features/features.3/features.3.0/block/block.2/scale_activation/Sigmoid_kernel_time,onnxruntime,onnx_node,0.063067,0.011407,0.056,0.14,60,0.001844,99.825544
efficientnet_b0,onnxrt_cuda,346,Mul:/features/features.3/features.3.0/block/block.2/Mul_fence_before,onnxruntime,onnx_node,0.001,0.0,0.001,0.001,7,2.9e-05,99.992338
efficientnet_b0,onnxrt_cuda,150,Mul:/features/features.3/features.3.0/block/block.2/Mul_kernel_time,onnxruntime,onnx_node,0.0633,0.00981,0.057,0.135,60,0.001851,99.8237
efficientnet_b0,onnxrt_cuda,347,Conv:/features/features.3/features.3.0/block/block.3/block.3.0/Conv_fence_before,onnxruntime,onnx_node,0.001,0.0,0.001,0.001,29,2.9e-05,99.992367
efficientnet_b0,onnxrt_cuda,77,Conv:/features/features.3/features.3.0/block/block.3/block.3.0/Conv_kernel_time,onnxruntime,onnx_node,0.556867,3.029915,0.149,23.83,60,0.016286,99.562816
efficientnet_b0,onnxrt_cuda,348,Conv:/features/features.3/features.3.0/block/block.3/block.3.0/Conv_fence_after,onnxruntime,onnx_node,0.001,0.0,0.001,0.001,1,2.9e-05,99.992396
efficientnet_b0,onnxrt_cuda,349,Conv:/features/features.3/features.3.1/block/block.0/block.0.0/Conv_fence_before,onnxruntime,onnx_node,0.001,0.0,0.001,0.001,1,2.9e-05,99.992425
efficientnet_b0,onnxrt_cuda,76,Conv:/features/features.3/features.3.1/block/block.0/block.0.0/Conv_kernel_time,onnxruntime,onnx_node,0.55865,3.131094,0.141,24.609,60,0.016338,99.54653
efficientnet_b0,onnxrt_cuda,350,Conv:/features/features.3/features.3.1/block/block.0/block.0.0/Conv_fence_after,onnxruntime,onnx_node,0.001,0.0,0.001,0.001,1,2.9e-05,99.992455
efficientnet_b0,onnxrt_cuda,351,Sigmoid:/features/features.3/features.3.1/block/block.0/block.0.2/Sigmoid_fence_before,onnxruntime,onnx_node,0.001,0.0,0.001,0.001,3,2.9e-05,99.992484
efficientnet_b0,onnxrt_cuda,131,Sigmoid:/features/features.3/features.3.1/block/block.0/block.0.2/Sigmoid_kernel_time,onnxruntime,onnx_node,0.0651,0.023817,0.057,0.242,60,0.001904,99.788037
efficientnet_b0,onnxrt_cuda,352,Mul:/features/features.3/features.3.1/block/block.0/block.0.2/Mul_fence_before,onnxruntime,onnx_node,0.001,0.0,0.001,0.001,12,2.9e-05,99.992513
efficientnet_b0,onnxrt_cuda,161,Mul:/features/features.3/features.3.1/block/block.0/block.0.2/Mul_kernel_time,onnxruntime,onnx_node,0.062483,0.02525,0.055,0.254,60,0.001827,99.843854
efficientnet_b0,onnxrt_cuda,353,Mul:/features/features.3/features.3.1/block/block.0/block.0.2/Mul_fence_after,onnxruntime,onnx_node,0.001,0.0,0.001,0.001,1,2.9e-05,99.992542
efficientnet_b0,onnxrt_cuda,354,Conv:/features/features.3/features.3.1/block/block.1/block.1.0/Conv_fence_before,onnxruntime,onnx_node,0.001,0.0,0.001,0.001,1,2.9e-05,99.992572
efficientnet_b0,onnxrt_cuda,16,Conv:/features/features.3/features.3.1/block/block.1/block.1.0/Conv_kernel_time,onnxruntime,onnx_node,7.121917,53.680024,0.125,419.446,60,0.208284,97.859752
efficientnet_b0,onnxrt_cuda,355,Conv:/features/features.3/features.3.1/block/block.1/block.1.0/Conv_fence_after,onnxruntime,onnx_node,0.001,0.0,0.001,0.001,2,2.9e-05,99.992601
efficientnet_b0,onnxrt_cuda,356,Sigmoid:/features/features.3/features.3.1/block/block.1/block.1.2/Sigmoid_fence_before,onnxruntime,onnx_node,0.001,0.0,0.001,0.001,2,2.9e-05,99.99263
efficientnet_b0,onnxrt_cuda,162,Sigmoid:/features/features.3/features.3.1/block/block.1/block.1.2/Sigmoid_kernel_time,onnxruntime,onnx_node,0.06215,0.009094,0.055,0.107,60,0.001818,99.845672
efficientnet_b0,onnxrt_cuda,357,Mul:/features/features.3/features.3.1/block/block.1/block.1.2/Mul_fence_before,onnxruntime,onnx_node,0.001,0.0,0.001,0.001,1,2.9e-05,99.992659
efficientnet_b0,onnxrt_cuda,227,Mul:/features/features.3/features.3.1/block/block.1/block.1.2/Mul_kernel_time,onnxruntime,onnx_node,0.059717,0.006512,0.053,0.091,60,0.001746,99.961459
efficientnet_b0,onnxrt_cuda,358,Mul:/features/features.3/features.3.1/block/block.1/block.1.2/Mul_fence_after,onnxruntime,onnx_node,0.001,0.0,0.001,0.001,1,2.9e-05,99.992689
efficientnet_b0,onnxrt_cuda,359,GlobalAveragePool:/features/features.3/features.3.1/block/block.2/avgpool/GlobalAveragePool_fence_before,onnxruntime,onnx_node,0.001,0.0,0.001,0.001,4,2.9e-05,99.992718
efficientnet_b0,onnxrt_cuda,97,GlobalAveragePool:/features/features.3/features.3.1/block/block.2/avgpool/GlobalAveragePool_kernel_time,onnxruntime,onnx_node,0.0743,0.01687,0.065,0.199,60,0.002173,99.719893
efficientnet_b0,onnxrt_cuda,78,Conv:/features/features.3/features.3.1/block/block.2/fc1/Conv_kernel_time,onnxruntime,onnx_node,0.55655,2.978813,0.148,23.437,60,0.016277,99.579093
efficientnet_b0,onnxrt_cuda,360,Conv:/features/features.3/features.3.1/block/block.2/fc1/Conv_fence_after,onnxruntime,onnx_node,0.001,0.0,0.001,0.001,4,2.9e-05,99.992747
efficientnet_b0,onnxrt_cuda,361,Sigmoid:/features/features.3/features.3.1/block/block.2/activation/Sigmoid_fence_before,onnxruntime,onnx_node,0.001,0.0,0.001,0.001,30,2.9e-05,99.992776
efficientnet_b0,onnxrt_cuda,136,Sigmoid:/features/features.3/features.3.1/block/block.2/activation/Sigmoid_kernel_time,onnxruntime,onnx_node,0.064783,0.009156,0.057,0.119,60,0.001895,99.797526
efficientnet_b0,onnxrt_cuda,362,Mul:/features/features.3/features.3.1/block/block.2/activation/Mul_fence_before,onnxruntime,onnx_node,0.001,0.0,0.001,0.001,7,2.9e-05,99.992806
efficientnet_b0,onnxrt_cuda,156,Mul:/features/features.3/features.3.1/block/block.2/activation/Mul_kernel_time,onnxruntime,onnx_node,0.062617,0.008224,0.055,0.103,60,0.001831,99.834712
efficientnet_b0,onnxrt_cuda,363,Conv:/features/features.3/features.3.1/block/block.2/fc2/Conv_fence_before,onnxruntime,onnx_node,0.001,0.0,0.001,0.001,30,2.9e-05,99.992835
efficientnet_b0,onnxrt_cuda,66,Conv:/features/features.3/features.3.1/block/block.2/fc2/Conv_kernel_time,onnxruntime,onnx_node,0.57785,3.103242,0.152,24.414,60,0.0169,99.381174
efficientnet_b0,onnxrt_cuda,364,Conv:/features/features.3/features.3.1/block/block.2/fc2/Conv_fence_after,onnxruntime,onnx_node,0.001,0.0,0.001,0.001,2,2.9e-05,99.992864
efficientnet_b0,onnxrt_cuda,365,Sigmoid:/features/features.3/features.3.1/block/block.2/scale_activation/Sigmoid_fence_before,onnxruntime,onnx_node,0.001,0.0,0.001,0.001,12,2.9e-05,99.992893
efficientnet_b0,onnxrt_cuda,142,Sigmoid:/features/features.3/features.3.1/block/block.2/scale_activation/Sigmoid_kernel_time,onnxruntime,onnx_node,0.064083,0.008937,0.056,0.107,60,0.001874,99.808831
efficientnet_b0,onnxrt_cuda,366,Mul:/features/features.3/features.3.1/block/block.2/Mul_fence_before,onnxruntime,onnx_node,0.001,0.0,0.001,0.001,12,2.9e-05,99.992923
efficientnet_b0,onnxrt_cuda,157,Mul:/features/features.3/features.3.1/block/block.2/Mul_kernel_time,onnxruntime,onnx_node,0.062583,0.007317,0.055,0.099,60,0.00183,99.836543
efficientnet_b0,onnxrt_cuda,367,Mul:/features/features.3/features.3.1/block/block.2/Mul_fence_after,onnxruntime,onnx_node,0.001,0.0,0.001,0.001,2,2.9e-05,99.992952
efficientnet_b0,onnxrt_cuda,368,Conv:/features/features.3/features.3.1/block/block.3/block.3.0/Conv_fence_before,onnxruntime,onnx_node,0.001,0.0,0.001,0.001,52,2.9e-05,99.992981
efficientnet_b0,onnxrt_cuda,68,Conv:/features/features.3/features.3.1/block/block.3/block.3.0/Conv_kernel_time,onnxruntime,onnx_node,0.572033,3.139004,0.151,24.683,60,0.016729,99.414668
efficientnet_b0,onnxrt_cuda,369,Conv:/features/features.3/features.3.1/block/block.3/block.3.0/Conv_fence_after,onnxruntime,onnx_node,0.001,0.0,0.001,0.001,2,2.9e-05,99.99301
efficientnet_b0,onnxrt_cuda,370,Add:/features/features.3/features.3.1/Add_fence_before,onnxruntime,onnx_node,0.001,0.0,0.001,0.001,13,2.9e-05,99.99304
efficientnet_b0,onnxrt_cuda,120,Add:/features/features.3/features.3.1/Add_kernel_time,onnxruntime,onnx_node,0.066417,0.01499,0.059,0.178,60,0.001942,99.766936
efficientnet_b0,onnxrt_cuda,371,Add:/features/features.3/features.3.1/Add_fence_after,onnxruntime,onnx_node,0.001,0.0,0.001,0.001,1,2.9e-05,99.993069
efficientnet_b0,onnxrt_cuda,372,Conv:/features/features.4/features.4.0/block/block.0/block.0.0/Conv_fence_before,onnxruntime,onnx_node,0.001,0.0,0.001,0.001,6,2.9e-05,99.993098
efficientnet_b0,onnxrt_cuda,75,Conv:/features/features.4/features.4.0/block/block.0/block.0.0/Conv_kernel_time,onnxruntime,onnx_node,0.55945,3.138804,0.14,24.669,60,0.016361,99.530192
efficientnet_b0,onnxrt_cuda,373,Conv:/features/features.4/features.4.0/block/block.0/block.0.0/Conv_fence_after,onnxruntime,onnx_node,0.001,0.0,0.001,0.001,1,2.9e-05,99.993127
efficientnet_b0,onnxrt_cuda,374,Sigmoid:/features/features.4/features.4.0/block/block.0/block.0.2/Sigmoid_fence_before,onnxruntime,onnx_node,0.001,0.0,0.001,0.001,1,2.9e-05,99.993157
efficientnet_b0,onnxrt_cuda,170,Sigmoid:/features/features.4/features.4.0/block/block.0/block.0.2/Sigmoid_kernel_time,onnxruntime,onnx_node,0.061833,0.020326,0.055,0.215,60,0.001808,99.860167
efficientnet_b0,onnxrt_cuda,256,Mul:/features/features.4/features.4.0/block/block.0/block.0.2/Mul_fence_before,onnxruntime,onnx_node,0.00125,0.000433,0.001,0.002,4,3.7e-05,99.989658
efficientnet_b0,onnxrt_cuda,218,Mul:/features/features.4/features.4.0/block/block.0/block.0.2/Mul_kernel_time,onnxruntime,onnx_node,0.06,0.012281,0.054,0.15,60,0.001755,99.945701
efficientnet_b0,onnxrt_cuda,266,Conv:/features/features.4/features.4.0/block/block.1/block.1.0/Conv_fence_before,onnxruntime,onnx_node,0.001063,0.000242,0.001,0.002,16,3.1e-05,99.989981
efficientnet_b0,onnxrt_cuda,21,Conv:/features/features.4/features.4.0/block/block.1/block.1.0/Conv_kernel_time,onnxruntime,onnx_node,1.751833,12.390236,0.126,96.923,60,0.051233,98.494163
efficientnet_b0,onnxrt_cuda,375,Conv:/features/features.4/features.4.0/block/block.1/block.1.0/Conv_fence_after,onnxruntime,onnx_node,0.001,0.0,0.001,0.001,1,2.9e-05,99.993186
efficientnet_b0,onnxrt_cuda,376,Sigmoid:/features/features.4/features.4.0/block/block.1/block.1.2/Sigmoid_fence_before,onnxruntime,onnx_node,0.001,0.0,0.001,0.001,27,2.9e-05,99.993215
efficientnet_b0,onnxrt_cuda,124,Sigmoid:/features/features.4/features.4.0/block/block.1/block.1.2/Sigmoid_kernel_time,onnxruntime,onnx_node,0.0658,0.013182,0.057,0.157,60,0.001924,99.774661
efficientnet_b0,onnxrt_cuda,377,Mul:/features/features.4/features.4.0/block/block.1/block.1.2/Mul_fence_before,onnxruntime,onnx_node,0.001,0.0,0.001,0.001,27,2.9e-05,99.993244
efficientnet_b0,onnxrt_cuda,141,Mul:/features/features.4/features.4.0/block/block.1/block.1.2/Mul_kernel_time,onnxruntime,onnx_node,0.064417,0.022831,0.053,0.231,60,0.001884,99.806957
efficientnet_b0,onnxrt_cuda,281,GlobalAveragePool:/features/features.4/features.4.0/block/block.2/avgpool/GlobalAveragePool_fence_before,onnxruntime,onnx_node,0.001026,0.000158,0.001,0.002,39,3e-05,99.990435
efficientnet_b0,onnxrt_cuda,90,GlobalAveragePool:/features/features.4/features.4.0/block/block.2/avgpool/GlobalAveragePool_kernel_time,onnxruntime,onnx_node,0.079967,0.013663,0.067,0.164,60,0.002339,99.70414
efficientnet_b0,onnxrt_cuda,378,Conv:/features/features.4/features.4.0/block/block.2/fc1/Conv_fence_before,onnxruntime,onnx_node,0.001,0.0,0.001,0.001,39,2.9e-05,99.993274
efficientnet_b0,onnxrt_cuda,70,Conv:/features/features.4/features.4.0/block/block.2/fc1/Conv_kernel_time,onnxruntime,onnx_node,0.569117,3.023655,0.15,23.794,60,0.016644,99.448029
efficientnet_b0,onnxrt_cuda,379,Conv:/features/features.4/features.4.0/block/block.2/fc1/Conv_fence_after,onnxruntime,onnx_node,0.001,0.0,0.001,0.001,1,2.9e-05,99.993303
efficientnet_b0,onnxrt_cuda,282,Sigmoid:/features/features.4/features.4.0/block/block.2/activation/Sigmoid_fence_before,onnxruntime,onnx_node,0.001024,0.000152,0.001,0.002,42,3e-05,99.990465
efficientnet_b0,onnxrt_cuda,143,Sigmoid:/features/features.4/features.4.0/block/block.2/activation/Sigmoid_kernel_time,onnxruntime,onnx_node,0.063883,0.011278,0.055,0.142,60,0.001868,99.810699
efficientnet_b0,onnxrt_cuda,380,Mul:/features/features.4/features.4.0/block/block.2/activation/Mul_fence_before,onnxruntime,onnx_node,0.001,0.0,0.001,0.001,22,2.9e-05,99.993332
efficientnet_b0,onnxrt_cuda,171,Mul:/features/features.4/features.4.0/block/block.2/activation/Mul_kernel_time,onnxruntime,onnx_node,0.0618,0.009733,0.055,0.127,60,0.001807,99.861974
efficientnet_b0,onnxrt_cuda,381,Mul:/features/features.4/features.4.0/block/block.2/activation/Mul_fence_after,onnxruntime,onnx_node,0.001,0.0,0.001,0.001,1,2.9e-05,99.993361
efficientnet_b0,onnxrt_cuda,382,Conv:/features/features.4/features.4.0/block/block.2/fc2/Conv_fence_before,onnxruntime,onnx_node,0.001,0.0,0.001,0.001,22,2.9e-05,99.993391
efficientnet_b0,onnxrt_cuda,69,Conv:/features/features.4/features.4.0/block/block.2/fc2/Conv_kernel_time,onnxruntime,onnx_node,0.571617,3.151294,0.146,24.777,60,0.016717,99.431385
efficientnet_b0,onnxrt_cuda,383,Conv:/features/features.4/features.4.0/block/block.2/fc2/Conv_fence_after,onnxruntime,onnx_node,0.001,0.0,0.001,0.001,2,2.9e-05,99.99342
efficientnet_b0,onnxrt_cuda,384,Sigmoid:/features/features.4/features.4.0/block/block.2/scale_activation/Sigmoid_fence_before,onnxruntime,onnx_node,0.001,0.0,0.001,0.001,8,2.9e-05,99.993449
efficientnet_b0,onnxrt_cuda,197,Sigmoid:/features/features.4/features.4.0/block/block.2/scale_activation/Sigmoid_kernel_time,onnxruntime,onnx_node,0.06095,0.010444,0.054,0.139,60,0.001783,99.908611
efficientnet_b0,onnxrt_cuda,385,Mul:/features/features.4/features.4.0/block/block.2/Mul_fence_before,onnxruntime,onnx_node,0.001,0.0,0.001,0.001,2,2.9e-05,99.993478
efficientnet_b0,onnxrt_cuda,155,Mul:/features/features.4/features.4.0/block/block.2/Mul_kernel_time,onnxruntime,onnx_node,0.062633,0.010973,0.057,0.138,60,0.001832,99.832881
efficientnet_b0,onnxrt_cuda,276,Conv:/features/features.4/features.4.0/block/block.3/block.3.0/Conv_fence_before,onnxruntime,onnx_node,0.001031,0.000174,0.001,0.002,32,3e-05,99.990285
efficientnet_b0,onnxrt_cuda,74,Conv:/features/features.4/features.4.0/block/block.3/block.3.0/Conv_kernel_time,onnxruntime,onnx_node,0.559917,3.085499,0.146,24.26,60,0.016375,99.513831
efficientnet_b0,onnxrt_cuda,56,Conv:/features/features.4/features.4.1/block/block.0/block.0.0/Conv_kernel_time,onnxruntime,onnx_node,0.5914,3.383048,0.141,26.577,60,0.017296,99.210377
efficientnet_b0,onnxrt_cuda,386,Sigmoid:/features/features.4/features.4.1/block/block.0/block.0.2/Sigmoid_fence_before,onnxruntime,onnx_node,0.001,0.0,0.001,0.001,4,2.9e-05,99.993507
efficientnet_b0,onnxrt_cuda,129,Sigmoid:/features/features.4/features.4.1/block/block.0/block.0.2/Sigmoid_kernel_time,onnxruntime,onnx_node,0.065233,0.019316,0.058,0.207,60,0.001908,99.784228
efficientnet_b0,onnxrt_cuda,387,Mul:/features/features.4/features.4.1/block/block.0/block.0.2/Mul_fence_before,onnxruntime,onnx_node,0.001,0.0,0.001,0.001,10,2.9e-05,99.993537
efficientnet_b0,onnxrt_cuda,191,Mul:/features/features.4/features.4.1/block/block.0/block.0.2/Mul_kernel_time,onnxruntime,onnx_node,0.0611,0.012547,0.055,0.155,60,0.001787,99.897904
efficientnet_b0,onnxrt_cuda,388,Conv:/features/features.4/features.4.1/block/block.1/block.1.0/Conv_fence_before,onnxruntime,onnx_node,0.001,0.0,0.001,0.001,3,2.9e-05,99.993566
efficientnet_b0,onnxrt_cuda,14,Conv:/features/features.4/features.4.1/block/block.1/block.1.0/Conv_kernel_time,onnxruntime,onnx_node,7.515183,56.691128,0.126,442.968,60,0.219785,97.432736
efficientnet_b0,onnxrt_cuda,389,Conv:/features/features.4/features.4.1/block/block.1/block.1.0/Conv_fence_after,onnxruntime,onnx_node,0.001,0.0,0.001,0.001,1,2.9e-05,99.993595
efficientnet_b0,onnxrt_cuda,390,Sigmoid:/features/features.4/features.4.1/block/block.1/block.1.2/Sigmoid_fence_before,onnxruntime,onnx_node,0.001,0.0,0.001,0.001,1,2.9e-05,99.993624
efficientnet_b0,onnxrt_cuda,198,Sigmoid:/features/features.4/features.4.1/block/block.1/block.1.2/Sigmoid_kernel_time,onnxruntime,onnx_node,0.060917,0.010596,0.054,0.138,60,0.001782,99.910393
efficientnet_b0,onnxrt_cuda,391,Mul:/features/features.4/features.4.1/block/block.1/block.1.2/Mul_fence_before,onnxruntime,onnx_node,0.001,0.0,0.001,0.001,1,2.9e-05,99.993654
efficientnet_b0,onnxrt_cuda,226,Mul:/features/features.4/features.4.1/block/block.1/block.1.2/Mul_kernel_time,onnxruntime,onnx_node,0.059767,0.006497,0.054,0.106,60,0.001748,99.959713
efficientnet_b0,onnxrt_cuda,392,GlobalAveragePool:/features/features.4/features.4.1/block/block.2/avgpool/GlobalAveragePool_fence_before,onnxruntime,onnx_node,0.001,0.0,0.001,0.001,3,2.9e-05,99.993683
efficientnet_b0,onnxrt_cuda,105,GlobalAveragePool:/features/features.4/features.4.1/block/block.2/avgpool/GlobalAveragePool_kernel_time,onnxruntime,onnx_node,0.072267,0.008062,0.065,0.129,60,0.002113,99.736938
efficientnet_b0,onnxrt_cuda,393,Conv:/features/features.4/features.4.1/block/block.2/fc1/Conv_fence_before,onnxruntime,onnx_node,0.001,0.0,0.001,0.001,17,2.9e-05,99.993712
efficientnet_b0,onnxrt_cuda,60,Conv:/features/features.4/features.4.1/block/block.2/fc1/Conv_kernel_time,onnxruntime,onnx_node,0.586183,3.231041,0.146,25.404,60,0.017143,99.279117
efficientnet_b0,onnxrt_cuda,394,Conv:/features/features.4/features.4.1/block/block.2/fc1/Conv_fence_after,onnxruntime,onnx_node,0.001,0.0,0.001,0.001,1,2.9e-05,99.993741
efficientnet_b0,onnxrt_cuda,258,Sigmoid:/features/features.4/features.4.1/block/block.2/activation/Sigmoid_fence_before,onnxruntime,onnx_node,0.00113,0.000612,0.001,0.004,23,3.3e-05,99.989726
efficientnet_b0,onnxrt_cuda,121,Sigmoid:/features/features.4/features.4.1/block/block.2/activation/Sigmoid_kernel_time,onnxruntime,onnx_node,0.066367,0.015799,0.057,0.168,60,0.001941,99.768877
efficientnet_b0,onnxrt_cuda,395,Mul:/features/features.4/features.4.1/block/block.2/activation/Mul_fence_before,onnxruntime,onnx_node,0.001,0.0,0.001,0.001,27,2.9e-05,99.993771
efficientnet_b0,onnxrt_cuda,149,Mul:/features/features.4/features.4.1/block/block.2/activation/Mul_kernel_time,onnxruntime,onnx_node,0.06335,0.009574,0.055,0.099,60,0.001853,99.821849
efficientnet_b0,onnxrt_cuda,39,Conv:/features/features.4/features.4.1/block/block.2/fc2/Conv_kernel_time,onnxruntime,onnx_node,0.6404,3.611431,0.146,28.38,60,0.018729,98.906157
efficientnet_b0,onnxrt_cuda,396,Conv:/features/features.4/features.4.1/block/block.2/fc2/Conv_fence_after,onnxruntime,onnx_node,0.001,0.0,0.001,0.001,2,2.9e-05,99.9938
efficientnet_b0,onnxrt_cuda,283,Sigmoid:/features/features.4/features.4.1/block/block.2/scale_activation/Sigmoid_fence_before,onnxruntime,onnx_node,0.001021,0.000143,0.001,0.002,48,3e-05,99.990495
efficientnet_b0,onnxrt_cuda,144,Sigmoid:/features/features.4/features.4.1/block/block.2/scale_activation/Sigmoid_kernel_time,onnxruntime,onnx_node,0.0638,0.009887,0.055,0.122,60,0.001866,99.812565
efficientnet_b0,onnxrt_cuda,397,Mul:/features/features.4/features.4.1/block/block.2/Mul_fence_before,onnxruntime,onnx_node,0.001,0.0,0.001,0.001,16,2.9e-05,99.993829
efficientnet_b0,onnxrt_cuda,126,Mul:/features/features.4/features.4.1/block/block.2/Mul_kernel_time,onnxruntime,onnx_node,0.065483,0.00891,0.056,0.107,60,0.001915,99.778496
efficientnet_b0,onnxrt_cuda,398,Conv:/features/features.4/features.4.1/block/block.3/block.3.0/Conv_fence_before,onnxruntime,onnx_node,0.001,0.0,0.001,0.001,35,2.9e-05,99.993858
efficientnet_b0,onnxrt_cuda,38,Conv:/features/features.4/features.4.1/block/block.3/block.3.0/Conv_kernel_time,onnxruntime,onnx_node,0.649383,3.269079,0.193,25.759,60,0.018992,98.887428
efficientnet_b0,onnxrt_cuda,399,Conv:/features/features.4/features.4.1/block/block.3/block.3.0/Conv_fence_after,onnxruntime,onnx_node,0.001,0.0,0.001,0.001,3,2.9e-05,99.993888
efficientnet_b0,onnxrt_cuda,400,Add:/features/features.4/features.4.1/Add_fence_before,onnxruntime,onnx_node,0.001,0.0,0.001,0.001,19,2.9e-05,99.993917
efficientnet_b0,onnxrt_cuda,118,Add:/features/features.4/features.4.1/Add_kernel_time,onnxruntime,onnx_node,0.0668,0.009024,0.06,0.126,60,0.001954,99.76305
efficientnet_b0,onnxrt_cuda,401,Add:/features/features.4/features.4.1/Add_fence_after,onnxruntime,onnx_node,0.001,0.0,0.001,0.001,1,2.9e-05,99.993946
efficientnet_b0,onnxrt_cuda,263,Conv:/features/features.4/features.4.2/block/block.0/block.0.0/Conv_fence_before,onnxruntime,onnx_node,0.001069,0.000253,0.001,0.002,29,3.1e-05,99.989887
efficientnet_b0,onnxrt_cuda,55,Conv:/features/features.4/features.4.2/block/block.0/block.0.0/Conv_kernel_time,onnxruntime,onnx_node,0.59405,3.336241,0.146,26.22,60,0.017373,99.193081
efficientnet_b0,onnxrt_cuda,402,Conv:/features/features.4/features.4.2/block/block.0/block.0.0/Conv_fence_after,onnxruntime,onnx_node,0.001,0.0,0.001,0.001,3,2.9e-05,99.993975
efficientnet_b0,onnxrt_cuda,403,Sigmoid:/features/features.4/features.4.2/block/block.0/block.0.2/Sigmoid_fence_before,onnxruntime,onnx_node,0.001,0.0,0.001,0.001,4,2.9e-05,99.994005
efficientnet_b0,onnxrt_cuda,210,Sigmoid:/features/features.4/features.4.2/block/block.0/block.0.2/Sigmoid_kernel_time,onnxruntime,onnx_node,0.060283,0.00566,0.056,0.1,60,0.001763,99.931632
efficientnet_b0,onnxrt_cuda,404,Mul:/features/features.4/features.4.2/block/block.0/block.0.2/Mul_fence_before,onnxruntime,onnx_node,0.001,0.0,0.001,0.001,3,2.9e-05,99.994034
efficientnet_b0,onnxrt_cuda,208,Mul:/features/features.4/features.4.2/block/block.0/block.0.2/Mul_kernel_time,onnxruntime,onnx_node,0.060367,0.011783,0.055,0.119,60,0.001765,99.928106
efficientnet_b0,onnxrt_cuda,405,Conv:/features/features.4/features.4.2/block/block.1/block.1.0/Conv_fence_before,onnxruntime,onnx_node,0.001,0.0,0.001,0.001,2,2.9e-05,99.994063
efficientnet_b0,onnxrt_cuda,18,Conv:/features/features.4/features.4.2/block/block.1/block.1.0/Conv_kernel_time,onnxruntime,onnx_node,6.2521,46.998575,0.123,367.255,60,0.182846,98.226913
efficientnet_b0,onnxrt_cuda,406,Conv:/features/features.4/features.4.2/block/block.1/block.1.0/Conv_fence_after,onnxruntime,onnx_node,0.001,0.0,0.001,0.001,3,2.9e-05,99.994092
efficientnet_b0,onnxrt_cuda,407,Sigmoid:/features/features.4/features.4.2/block/block.1/block.1.2/Sigmoid_fence_before,onnxruntime,onnx_node,0.001,0.0,0.001,0.001,9,2.9e-05,99.994122
efficientnet_b0,onnxrt_cuda,181,Sigmoid:/features/features.4/features.4.2/block/block.1/block.1.2/Sigmoid_kernel_time,onnxruntime,onnx_node,0.06145,0.007189,0.056,0.108,60,0.001797,99.879982
efficientnet_b0,onnxrt_cuda,408,Mul:/features/features.4/features.4.2/block/block.1/block.1.2/Mul_fence_before,onnxruntime,onnx_node,0.001,0.0,0.001,0.001,5,2.9e-05,99.994151
efficientnet_b0,onnxrt_cuda,179,Mul:/features/features.4/features.4.2/block/block.1/block.1.2/Mul_kernel_time,onnxruntime,onnx_node,0.0615,0.00692,0.054,0.106,60,0.001799,99.876388
efficientnet_b0,onnxrt_cuda,261,GlobalAveragePool:/features/features.4/features.4.2/block/block.2/avgpool/GlobalAveragePool_fence_before,onnxruntime,onnx_node,0.001105,0.000307,0.001,0.002,19,3.2e-05,99.989824
efficientnet_b0,onnxrt_cuda,96,GlobalAveragePool:/features/features.4/features.4.2/block/block.2/avgpool/GlobalAveragePool_kernel_time,onnxruntime,onnx_node,0.075567,0.011625,0.065,0.132,60,0.00221,99.71772
efficientnet_b0,onnxrt_cuda,61,Conv:/features/features.4/features.4.2/block/block.2/fc1/Conv_kernel_time,onnxruntime,onnx_node,0.585283,3.23921,0.145,25.466,60,0.017117,99.296234
efficientnet_b0,onnxrt_cuda,274,Sigmoid:/features/features.4/features.4.2/block/block.2/activation/Sigmoid_fence_before,onnxruntime,onnx_node,0.001034,0.000182,0.001,0.002,29,3e-05,99.990225
efficientnet_b0,onnxrt_cuda,165,Sigmoid:/features/features.4/features.4.2/block/block.2/activation/Sigmoid_kernel_time,onnxruntime,onnx_node,0.061967,0.008335,0.055,0.101,60,0.001812,99.851118
efficientnet_b0,onnxrt_cuda,409,Mul:/features/features.4/features.4.2/block/block.2/activation/Mul_fence_before,onnxruntime,onnx_node,0.001,0.0,0.001,0.001,3,2.9e-05,99.99418
efficientnet_b0,onnxrt_cuda,207,Mul:/features/features.4/features.4.2/block/block.2/activation/Mul_kernel_time,onnxruntime,onnx_node,0.060417,0.008609,0.055,0.109,60,0.001767,99.92634
efficientnet_b0,onnxrt_cuda,44,Conv:/features/features.4/features.4.2/block/block.2/fc2/Conv_kernel_time,onnxruntime,onnx_node,0.6239,3.586598,0.146,28.173,60,0.018246,98.997968
efficientnet_b0,onnxrt_cuda,410,Conv:/features/features.4/features.4.2/block/block.2/fc2/Conv_fence_after,onnxruntime,onnx_node,0.001,0.0,0.001,0.001,2,2.9e-05,99.994209
efficientnet_b0,onnxrt_cuda,411,Sigmoid:/features/features.4/features.4.2/block/block.2/scale_activation/Sigmoid_fence_before,onnxruntime,onnx_node,0.001,0.0,0.001,0.001,5,2.9e-05,99.994239
efficientnet_b0,onnxrt_cuda,214,Sigmoid:/features/features.4/features.4.2/block/block.2/scale_activation/Sigmoid_kernel_time,onnxruntime,onnx_node,0.060183,0.00707,0.054,0.109,60,0.00176,99.938679
efficientnet_b0,onnxrt_cuda,412,Mul:/features/features.4/features.4.2/block/block.2/Mul_fence_before,onnxruntime,onnx_node,0.001,0.0,0.001,0.001,9,2.9e-05,99.994268
efficientnet_b0,onnxrt_cuda,159,Mul:/features/features.4/features.4.2/block/block.2/Mul_kernel_time,onnxruntime,onnx_node,0.0625,0.005491,0.056,0.096,60,0.001828,99.840199
efficientnet_b0,onnxrt_cuda,413,Mul:/features/features.4/features.4.2/block/block.2/Mul_fence_after,onnxruntime,onnx_node,0.001,0.0,0.001,0.001,1,2.9e-05,99.994297
efficientnet_b0,onnxrt_cuda,414,Conv:/features/features.4/features.4.2/block/block.3/block.3.0/Conv_fence_before,onnxruntime,onnx_node,0.001,0.0,0.001,0.001,17,2.9e-05,99.994326
efficientnet_b0,onnxrt_cuda,42,Conv:/features/features.4/features.4.2/block/block.3/block.3.0/Conv_kernel_time,onnxruntime,onnx_node,0.628683,3.257653,0.182,25.651,60,0.018386,98.961435
efficientnet_b0,onnxrt_cuda,415,Conv:/features/features.4/features.4.2/block/block.3/block.3.0/Conv_fence_after,onnxruntime,onnx_node,0.001,0.0,0.001,0.001,3,2.9e-05,99.994356
efficientnet_b0,onnxrt_cuda,416,Add:/features/features.4/features.4.2/Add_fence_before,onnxruntime,onnx_node,0.001,0.0,0.001,0.001,36,2.9e-05,99.994385
efficientnet_b0,onnxrt_cuda,125,Add:/features/features.4/features.4.2/Add_kernel_time,onnxruntime,onnx_node,0.06565,0.007983,0.057,0.114,60,0.00192,99.776581
efficientnet_b0,onnxrt_cuda,417,Conv:/features/features.5/features.5.0/block/block.0/block.0.0/Conv_fence_before,onnxruntime,onnx_node,0.001,0.0,0.001,0.001,5,2.9e-05,99.994414
efficientnet_b0,onnxrt_cuda,58,Conv:/features/features.5/features.5.0/block/block.0/block.0.0/Conv_kernel_time,onnxruntime,onnx_node,0.588283,3.333593,0.142,26.194,60,0.017205,99.244811
efficientnet_b0,onnxrt_cuda,418,Conv:/features/features.5/features.5.0/block/block.0/block.0.0/Conv_fence_after,onnxruntime,onnx_node,0.001,0.0,0.001,0.001,1,2.9e-05,99.994443
efficientnet_b0,onnxrt_cuda,419,Sigmoid:/features/features.5/features.5.0/block/block.0/block.0.2/Sigmoid_fence_before,onnxruntime,onnx_node,0.001,0.0,0.001,0.001,7,2.9e-05,99.994473
efficientnet_b0,onnxrt_cuda,219,Sigmoid:/features/features.5/features.5.0/block/block.0/block.0.2/Sigmoid_kernel_time,onnxruntime,onnx_node,0.059967,0.006666,0.054,0.107,60,0.001754,99.947455
efficientnet_b0,onnxrt_cuda,420,Mul:/features/features.5/features.5.0/block/block.0/block.0.2/Mul_fence_before,onnxruntime,onnx_node,0.001,0.0,0.001,0.001,3,2.9e-05,99.994502
efficientnet_b0,onnxrt_cuda,235,Mul:/features/features.5/features.5.0/block/block.0/block.0.2/Mul_kernel_time,onnxruntime,onnx_node,0.059167,0.008305,0.053,0.106,60,0.00173,99.975354
efficientnet_b0,onnxrt_cuda,17,Conv:/features/features.5/features.5.0/block/block.1/block.1.0/Conv_kernel_time,onnxruntime,onnx_node,6.302367,47.39106,0.124,370.32,60,0.184316,98.044067
efficientnet_b0,onnxrt_cuda,421,Conv:/features/features.5/features.5.0/block/block.1/block.1.0/Conv_fence_after,onnxruntime,onnx_node,0.001,0.0,0.001,0.001,2,2.9e-05,99.994531
efficientnet_b0,onnxrt_cuda,422,Sigmoid:/features/features.5/features.5.0/block/block.1/block.1.2/Sigmoid_fence_before,onnxruntime,onnx_node,0.001,0.0,0.001,0.001,2,2.9e-05,99.99456
efficientnet_b0,onnxrt_cuda,224,Sigmoid:/features/features.5/features.5.0/block/block.1/block.1.2/Sigmoid_kernel_time,onnxruntime,onnx_node,0.059833,0.008025,0.055,0.111,60,0.00175,99.956216
efficientnet_b0,onnxrt_cuda,423,Mul:/features/features.5/features.5.0/block/block.1/block.1.2/Mul_fence_before,onnxruntime,onnx_node,0.001,0.0,0.001,0.001,1,2.9e-05,99.99459
efficientnet_b0,onnxrt_cuda,241,Mul:/features/features.5/features.5.0/block/block.1/block.1.2/Mul_kernel_time,onnxruntime,onnx_node,0.05755,0.005536,0.053,0.088,60,0.001683,99.985584
efficientnet_b0,onnxrt_cuda,424,GlobalAveragePool:/features/features.5/features.5.0/block/block.2/avgpool/GlobalAveragePool_fence_before,onnxruntime,onnx_node,0.001,0.0,0.001,0.001,4,2.9e-05,99.994619
efficientnet_b0,onnxrt_cuda,102,GlobalAveragePool:/features/features.5/features.5.0/block/block.2/avgpool/GlobalAveragePool_kernel_time,onnxruntime,onnx_node,0.072633,0.019127,0.064,0.213,60,0.002124,99.730582
efficientnet_b0,onnxrt_cuda,425,GlobalAveragePool:/features/features.5/features.5.0/block/block.2/avgpool/GlobalAveragePool_fence_after,onnxruntime,onnx_node,0.001,0.0,0.001,0.001,1,2.9e-05,99.994648
efficientnet_b0,onnxrt_cuda,259,Conv:/features/features.5/features.5.0/block/block.2/fc1/Conv_fence_before,onnxruntime,onnx_node,0.001125,0.000331,0.001,0.002,8,3.3e-05,99.989759
efficientnet_b0,onnxrt_cuda,67,Conv:/features/features.5/features.5.0/block/block.2/fc1/Conv_kernel_time,onnxruntime,onnx_node,0.573233,3.225017,0.144,25.345,60,0.016764,99.397938
efficientnet_b0,onnxrt_cuda,426,Conv:/features/features.5/features.5.0/block/block.2/fc1/Conv_fence_after,onnxruntime,onnx_node,0.001,0.0,0.001,0.001,1,2.9e-05,99.994677
efficientnet_b0,onnxrt_cuda,427,Sigmoid:/features/features.5/features.5.0/block/block.2/activation/Sigmoid_fence_before,onnxruntime,onnx_node,0.001,0.0,0.001,0.001,8,2.9e-05,99.994707
efficientnet_b0,onnxrt_cuda,225,Sigmoid:/features/features.5/features.5.0/block/block.2/activation/Sigmoid_kernel_time,onnxruntime,onnx_node,0.0598,0.007162,0.054,0.109,60,0.001749,99.957965
efficientnet_b0,onnxrt_cuda,428,Mul:/features/features.5/features.5.0/block/block.2/activation/Mul_fence_before,onnxruntime,onnx_node,0.001,0.0,0.001,0.001,2,2.9e-05,99.994736
efficientnet_b0,onnxrt_cuda,238,Mul:/features/features.5/features.5.0/block/block.2/activation/Mul_kernel_time,onnxruntime,onnx_node,0.058483,0.006004,0.053,0.093,60,0.00171,99.980494
efficientnet_b0,onnxrt_cuda,429,Conv:/features/features.5/features.5.0/block/block.2/fc2/Conv_fence_before,onnxruntime,onnx_node,0.001,0.0,0.001,0.001,2,2.9e-05,99.994765
efficientnet_b0,onnxrt_cuda,43,Conv:/features/features.5/features.5.0/block/block.2/fc2/Conv_kernel_time,onnxruntime,onnx_node,0.625267,3.601401,0.141,28.288,60,0.018286,98.979721
efficientnet_b0,onnxrt_cuda,430,Conv:/features/features.5/features.5.0/block/block.2/fc2/Conv_fence_after,onnxruntime,onnx_node,0.001,0.0,0.001,0.001,3,2.9e-05,99.994794
efficientnet_b0,onnxrt_cuda,186,Sigmoid:/features/features.5/features.5.0/block/block.2/scale_activation/Sigmoid_kernel_time,onnxruntime,onnx_node,0.0613,0.008458,0.055,0.109,60,0.001793,99.888957
efficientnet_b0,onnxrt_cuda,431,Mul:/features/features.5/features.5.0/block/block.2/Mul_fence_before,onnxruntime,onnx_node,0.001,0.0,0.001,0.001,8,2.9e-05,99.994824
efficientnet_b0,onnxrt_cuda,158,Mul:/features/features.5/features.5.0/block/block.2/Mul_kernel_time,onnxruntime,onnx_node,0.062533,0.006639,0.056,0.096,60,0.001829,99.838371
efficientnet_b0,onnxrt_cuda,432,Mul:/features/features.5/features.5.0/block/block.2/Mul_fence_after,onnxruntime,onnx_node,0.001,0.0,0.001,0.001,1,2.9e-05,99.994853
efficientnet_b0,onnxrt_cuda,433,Conv:/features/features.5/features.5.0/block/block.3/block.3.0/Conv_fence_before,onnxruntime,onnx_node,0.001,0.0,0.001,0.001,16,2.9e-05,99.994882
efficientnet_b0,onnxrt_cuda,37,Conv:/features/features.5/features.5.0/block/block.3/block.3.0/Conv_kernel_time,onnxruntime,onnx_node,0.660383,3.51939,0.177,27.693,60,0.019313,98.868437
efficientnet_b0,onnxrt_cuda,434,Conv:/features/features.5/features.5.0/block/block.3/block.3.0/Conv_fence_after,onnxruntime,onnx_node,0.001,0.0,0.001,0.001,1,2.9e-05,99.994911
efficientnet_b0,onnxrt_cuda,435,Conv:/features/features.5/features.5.1/block/block.0/block.0.0/Conv_fence_before,onnxruntime,onnx_node,0.001,0.0,0.001,0.001,3,2.9e-05,99.994941
efficientnet_b0,onnxrt_cuda,35,Conv:/features/features.5/features.5.1/block/block.0/block.0.0/Conv_kernel_time,onnxruntime,onnx_node,0.68785,3.833974,0.172,30.137,60,0.020117,98.829249
efficientnet_b0,onnxrt_cuda,436,Conv:/features/features.5/features.5.1/block/block.0/block.0.0/Conv_fence_after,onnxruntime,onnx_node,0.001,0.0,0.001,0.001,2,2.9e-05,99.99497
efficientnet_b0,onnxrt_cuda,437,Sigmoid:/features/features.5/features.5.1/block/block.0/block.0.2/Sigmoid_fence_before,onnxruntime,onnx_node,0.001,0.0,0.001,0.001,10,2.9e-05,99.994999
efficientnet_b0,onnxrt_cuda,174,Sigmoid:/features/features.5/features.5.1/block/block.0/block.0.2/Sigmoid_kernel_time,onnxruntime,onnx_node,0.0617,0.008642,0.055,0.117,60,0.001804,99.86739
efficientnet_b0,onnxrt_cuda,438,Mul:/features/features.5/features.5.1/block/block.0/block.0.2/Mul_fence_before,onnxruntime,onnx_node,0.001,0.0,0.001,0.001,2,2.9e-05,99.995028
efficientnet_b0,onnxrt_cuda,177,Mul:/features/features.5/features.5.1/block/block.0/block.0.2/Mul_kernel_time,onnxruntime,onnx_node,0.061533,0.008753,0.054,0.099,60,0.0018,99.872789
efficientnet_b0,onnxrt_cuda,10,Conv:/features/features.5/features.5.1/block/block.1/block.1.0/Conv_kernel_time,onnxruntime,onnx_node,8.60655,65.078371,0.125,508.483,60,0.251703,96.482666
efficientnet_b0,onnxrt_cuda,439,Conv:/features/features.5/features.5.1/block/block.1/block.1.0/Conv_fence_after,onnxruntime,onnx_node,0.001,0.0,0.001,0.001,1,2.9e-05,99.995058
efficientnet_b0,onnxrt_cuda,440,Sigmoid:/features/features.5/features.5.1/block/block.1/block.1.2/Sigmoid_fence_before,onnxruntime,onnx_node,0.001,0.0,0.001,0.001,2,2.9e-05,99.995087
efficientnet_b0,onnxrt_cuda,189,Sigmoid:/features/features.5/features.5.1/block/block.1/block.1.2/Sigmoid_kernel_time,onnxruntime,onnx_node,0.061183,0.007309,0.053,0.101,60,0.001789,99.894328
efficientnet_b0,onnxrt_cuda,441,Mul:/features/features.5/features.5.1/block/block.1/block.1.2/Mul_fence_before,onnxruntime,onnx_node,0.001,0.0,0.001,0.001,1,2.9e-05,99.995116
efficientnet_b0,onnxrt_cuda,200,Mul:/features/features.5/features.5.1/block/block.1/block.1.2/Mul_kernel_time,onnxruntime,onnx_node,0.060867,0.007395,0.055,0.102,60,0.00178,99.913954
efficientnet_b0,onnxrt_cuda,442,GlobalAveragePool:/features/features.5/features.5.1/block/block.2/avgpool/GlobalAveragePool_fence_before,onnxruntime,onnx_node,0.001,0.0,0.001,0.001,8,2.9e-05,99.995145
efficientnet_b0,onnxrt_cuda,94,GlobalAveragePool:/features/features.5/features.5.1/block/block.2/avgpool/GlobalAveragePool_kernel_time,onnxruntime,onnx_node,0.076917,0.010615,0.066,0.126,60,0.002249,99.713277
efficientnet_b0,onnxrt_cuda,443,Conv:/features/features.5/features.5.1/block/block.2/fc1/Conv_fence_before,onnxruntime,onnx_node,0.001,0.0,0.001,0.001,8,2.9e-05,99.995174
efficientnet_b0,onnxrt_cuda,72,Conv:/features/features.5/features.5.1/block/block.2/fc1/Conv_kernel_time,onnxruntime,onnx_node,0.564067,2.979281,0.142,23.447,60,0.016496,99.481029
efficientnet_b0,onnxrt_cuda,249,Conv:/features/features.5/features.5.1/block/block.2/fc1/Conv_fence_after,onnxruntime,onnx_node,0.004143,0.007698,0.001,0.023,7,0.000121,99.98921
efficientnet_b0,onnxrt_cuda,444,Sigmoid:/features/features.5/features.5.1/block/block.2/activation/Sigmoid_fence_before,onnxruntime,onnx_node,0.001,0.0,0.001,0.001,14,2.9e-05,99.995204
efficientnet_b0,onnxrt_cuda,139,Sigmoid:/features/features.5/features.5.1/block/block.2/activation/Sigmoid_kernel_time,onnxruntime,onnx_node,0.06445,0.009062,0.056,0.121,60,0.001885,99.803189
efficientnet_b0,onnxrt_cuda,445,Mul:/features/features.5/features.5.1/block/block.2/activation/Mul_fence_before,onnxruntime,onnx_node,0.001,0.0,0.001,0.001,2,2.9e-05,99.995233
efficientnet_b0,onnxrt_cuda,213,Mul:/features/features.5/features.5.1/block/block.2/activation/Mul_kernel_time,onnxruntime,onnx_node,0.060233,0.006781,0.054,0.105,60,0.001762,99.936919
efficientnet_b0,onnxrt_cuda,79,Conv:/features/features.5/features.5.1/block/block.2/fc2/Conv_kernel_time,onnxruntime,onnx_node,0.5502,2.97833,0.145,23.427,60,0.016091,99.595184
efficientnet_b0,onnxrt_cuda,446,Conv:/features/features.5/features.5.1/block/block.2/fc2/Conv_fence_after,onnxruntime,onnx_node,0.001,0.0,0.001,0.001,3,2.9e-05,99.995262
efficientnet_b0,onnxrt_cuda,447,Sigmoid:/features/features.5/features.5.1/block/block.2/scale_activation/Sigmoid_fence_before,onnxruntime,onnx_node,0.001,0.0,0.001,0.001,14,2.9e-05,99.995291
efficientnet_b0,onnxrt_cuda,166,Sigmoid:/features/features.5/features.5.1/block/block.2/scale_activation/Sigmoid_kernel_time,onnxruntime,onnx_node,0.061917,0.007911,0.055,0.111,60,0.001811,99.852928
efficientnet_b0,onnxrt_cuda,448,Mul:/features/features.5/features.5.1/block/block.2/Mul_fence_before,onnxruntime,onnx_node,0.001,0.0,0.001,0.001,6,2.9e-05,99.995321
efficientnet_b0,onnxrt_cuda,172,Mul:/features/features.5/features.5.1/block/block.2/Mul_kernel_time,onnxruntime,onnx_node,0.06175,0.005929,0.056,0.098,60,0.001806,99.86378
efficientnet_b0,onnxrt_cuda,449,Conv:/features/features.5/features.5.1/block/block.3/block.3.0/Conv_fence_before,onnxruntime,onnx_node,0.001,0.0,0.001,0.001,48,2.9e-05,99.99535
efficientnet_b0,onnxrt_cuda,33,Conv:/features/features.5/features.5.1/block/block.3/block.3.0/Conv_kernel_time,onnxruntime,onnx_node,0.691683,3.777636,0.183,29.708,60,0.020229,98.788931
efficientnet_b0,onnxrt_cuda,450,Conv:/features/features.5/features.5.1/block/block.3/block.3.0/Conv_fence_after,onnxruntime,onnx_node,0.001,0.0,0.001,0.001,2,2.9e-05,99.995379
efficientnet_b0,onnxrt_cuda,451,Add:/features/features.5/features.5.1/Add_fence_before,onnxruntime,onnx_node,0.001,0.0,0.001,0.001,18,2.9e-05,99.995408
efficientnet_b0,onnxrt_cuda,122,Add:/features/features.5/features.5.1/Add_kernel_time,onnxruntime,onnx_node,0.0661,0.009088,0.059,0.124,60,0.001933,99.77081
efficientnet_b0,onnxrt_cuda,452,Conv:/features/features.5/features.5.2/block/block.0/block.0.0/Conv_fence_before,onnxruntime,onnx_node,0.001,0.0,0.001,0.001,14,2.9e-05,99.995438
efficientnet_b0,onnxrt_cuda,31,Conv:/features/features.5/features.5.2/block/block.0/block.0.0/Conv_kernel_time,onnxruntime,onnx_node,0.6918,3.827349,0.176,30.09,60,0.020232,98.74847
efficientnet_b0,onnxrt_cuda,453,Conv:/features/features.5/features.5.2/block/block.0/block.0.0/Conv_fence_after,onnxruntime,onnx_node,0.001,0.0,0.001,0.001,2,2.9e-05,99.995467
efficientnet_b0,onnxrt_cuda,454,Sigmoid:/features/features.5/features.5.2/block/block.0/block.0.2/Sigmoid_fence_before,onnxruntime,onnx_node,0.001,0.0,0.001,0.001,2,2.9e-05,99.995496
efficientnet_b0,onnxrt_cuda,199,Sigmoid:/features/features.5/features.5.2/block/block.0/block.0.2/Sigmoid_kernel_time,onnxruntime,onnx_node,0.0609,0.006655,0.055,0.106,60,0.001781,99.912174
efficientnet_b0,onnxrt_cuda,455,Mul:/features/features.5/features.5.2/block/block.0/block.0.2/Mul_fence_before,onnxruntime,onnx_node,0.001,0.0,0.001,0.001,3,2.9e-05,99.995525
efficientnet_b0,onnxrt_cuda,229,Mul:/features/features.5/features.5.2/block/block.0/block.0.2/Mul_kernel_time,onnxruntime,onnx_node,0.059583,0.005869,0.054,0.091,60,0.001743,99.964946
efficientnet_b0,onnxrt_cuda,456,Mul:/features/features.5/features.5.2/block/block.0/block.0.2/Mul_fence_after,onnxruntime,onnx_node,0.001,0.0,0.001,0.001,1,2.9e-05,99.995555
efficientnet_b0,onnxrt_cuda,457,Conv:/features/features.5/features.5.2/block/block.1/block.1.0/Conv_fence_before,onnxruntime,onnx_node,0.001,0.0,0.001,0.001,5,2.9e-05,99.995584
efficientnet_b0,onnxrt_cuda,11,Conv:/features/features.5/features.5.2/block/block.1/block.1.0/Conv_kernel_time,onnxruntime,onnx_node,8.600367,65.011478,0.125,507.963,60,0.251522,96.734188
efficientnet_b0,onnxrt_cuda,458,Conv:/features/features.5/features.5.2/block/block.1/block.1.0/Conv_fence_after,onnxruntime,onnx_node,0.001,0.0,0.001,0.001,1,2.9e-05,99.995613
efficientnet_b0,onnxrt_cuda,459,Sigmoid:/features/features.5/features.5.2/block/block.1/block.1.2/Sigmoid_fence_before,onnxruntime,onnx_node,0.001,0.0,0.001,0.001,8,2.9e-05,99.995642
efficientnet_b0,onnxrt_cuda,190,Sigmoid:/features/features.5/features.5.2/block/block.1/block.1.2/Sigmoid_kernel_time,onnxruntime,onnx_node,0.061183,0.005889,0.056,0.096,60,0.001789,99.896117
efficientnet_b0,onnxrt_cuda,460,Mul:/features/features.5/features.5.2/block/block.1/block.1.2/Mul_fence_before,onnxruntime,onnx_node,0.001,0.0,0.001,0.001,4,2.9e-05,99.995672
efficientnet_b0,onnxrt_cuda,216,Mul:/features/features.5/features.5.2/block/block.1/block.1.2/Mul_kernel_time,onnxruntime,onnx_node,0.060033,0.003316,0.054,0.068,60,0.001756,99.942191
efficientnet_b0,onnxrt_cuda,461,GlobalAveragePool:/features/features.5/features.5.2/block/block.2/avgpool/GlobalAveragePool_fence_before,onnxruntime,onnx_node,0.001,0.0,0.001,0.001,22,2.9e-05,99.995701
efficientnet_b0,onnxrt_cuda,99,GlobalAveragePool:/features/features.5/features.5.2/block/block.2/avgpool/GlobalAveragePool_kernel_time,onnxruntime,onnx_node,0.073417,0.006103,0.064,0.105,60,0.002147,99.724196
efficientnet_b0,onnxrt_cuda,47,Conv:/features/features.5/features.5.2/block/block.2/fc1/Conv_kernel_time,onnxruntime,onnx_node,0.61615,3.485155,0.143,27.386,60,0.01802,99.05206
efficientnet_b0,onnxrt_cuda,462,Conv:/features/features.5/features.5.2/block/block.2/fc1/Conv_fence_after,onnxruntime,onnx_node,0.001,0.0,0.001,0.001,1,2.9e-05,99.99573
efficientnet_b0,onnxrt_cuda,463,Sigmoid:/features/features.5/features.5.2/block/block.2/activation/Sigmoid_fence_before,onnxruntime,onnx_node,0.001,0.0,0.001,0.001,38,2.9e-05,99.995759
efficientnet_b0,onnxrt_cuda,160,Sigmoid:/features/features.5/features.5.2/block/block.2/activation/Sigmoid_kernel_time,onnxruntime,onnx_node,0.0625,0.008102,0.055,0.109,60,0.001828,99.842027
efficientnet_b0,onnxrt_cuda,464,Mul:/features/features.5/features.5.2/block/block.2/activation/Mul_fence_before,onnxruntime,onnx_node,0.001,0.0,0.001,0.001,3,2.9e-05,99.995789
efficientnet_b0,onnxrt_cuda,215,Mul:/features/features.5/features.5.2/block/block.2/activation/Mul_kernel_time,onnxruntime,onnx_node,0.06005,0.005575,0.055,0.088,60,0.001756,99.940435
efficientnet_b0,onnxrt_cuda,465,Conv:/features/features.5/features.5.2/block/block.2/fc2/Conv_fence_before,onnxruntime,onnx_node,0.001,0.0,0.001,0.001,5,2.9e-05,99.995818
efficientnet_b0,onnxrt_cuda,82,Conv:/features/features.5/features.5.2/block/block.2/fc2/Conv_kernel_time,onnxruntime,onnx_node,0.546483,2.979854,0.144,23.435,60,0.015982,99.643266
efficientnet_b0,onnxrt_cuda,466,Conv:/features/features.5/features.5.2/block/block.2/fc2/Conv_fence_after,onnxruntime,onnx_node,0.001,0.0,0.001,0.001,2,2.9e-05,99.995847
efficientnet_b0,onnxrt_cuda,467,Sigmoid:/features/features.5/features.5.2/block/block.2/scale_activation/Sigmoid_fence_before,onnxruntime,onnx_node,0.001,0.0,0.001,0.001,1,2.9e-05,99.995876
efficientnet_b0,onnxrt_cuda,220,Sigmoid:/features/features.5/features.5.2/block/block.2/scale_activation/Sigmoid_kernel_time,onnxruntime,onnx_node,0.059967,0.006829,0.054,0.104,60,0.001754,99.949208
efficientnet_b0,onnxrt_cuda,468,Mul:/features/features.5/features.5.2/block/block.2/Mul_fence_before,onnxruntime,onnx_node,0.001,0.0,0.001,0.001,7,2.9e-05,99.995906
efficientnet_b0,onnxrt_cuda,167,Mul:/features/features.5/features.5.2/block/block.2/Mul_kernel_time,onnxruntime,onnx_node,0.061917,0.006696,0.056,0.099,60,0.001811,99.854739
efficientnet_b0,onnxrt_cuda,469,Conv:/features/features.5/features.5.2/block/block.3/block.3.0/Conv_fence_before,onnxruntime,onnx_node,0.001,0.0,0.001,0.001,22,2.9e-05,99.995935
efficientnet_b0,onnxrt_cuda,32,Conv:/features/features.5/features.5.2/block/block.3/block.3.0/Conv_kernel_time,onnxruntime,onnx_node,0.691783,3.780358,0.18,29.729,60,0.020232,98.768702
efficientnet_b0,onnxrt_cuda,470,Conv:/features/features.5/features.5.2/block/block.3/block.3.0/Conv_fence_after,onnxruntime,onnx_node,0.001,0.0,0.001,0.001,1,2.9e-05,99.995964
efficientnet_b0,onnxrt_cuda,275,Add:/features/features.5/features.5.2/Add_fence_before,onnxruntime,onnx_node,0.001033,0.00018,0.001,0.002,30,3e-05,99.990255
efficientnet_b0,onnxrt_cuda,128,Add:/features/features.5/features.5.2/Add_kernel_time,onnxruntime,onnx_node,0.065333,0.00879,0.057,0.113,60,0.001911,99.78232
efficientnet_b0,onnxrt_cuda,471,Conv:/features/features.6/features.6.0/block/block.0/block.0.0/Conv_fence_before,onnxruntime,onnx_node,0.001,0.0,0.001,0.001,4,2.9e-05,99.995993
efficientnet_b0,onnxrt_cuda,34,Conv:/features/features.6/features.6.0/block/block.0/block.0.0/Conv_kernel_time,onnxruntime,onnx_node,0.690783,3.840225,0.176,30.188,60,0.020202,98.809133
efficientnet_b0,onnxrt_cuda,472,Conv:/features/features.6/features.6.0/block/block.0/block.0.0/Conv_fence_after,onnxruntime,onnx_node,0.001,0.0,0.001,0.001,3,2.9e-05,99.996023
efficientnet_b0,onnxrt_cuda,473,Sigmoid:/features/features.6/features.6.0/block/block.0/block.0.2/Sigmoid_fence_before,onnxruntime,onnx_node,0.001,0.0,0.001,0.001,16,2.9e-05,99.996052
efficientnet_b0,onnxrt_cuda,168,Sigmoid:/features/features.6/features.6.0/block/block.0/block.0.2/Sigmoid_kernel_time,onnxruntime,onnx_node,0.061883,0.00777,0.054,0.108,60,0.00181,99.856549
efficientnet_b0,onnxrt_cuda,474,Mul:/features/features.6/features.6.0/block/block.0/block.0.2/Mul_fence_before,onnxruntime,onnx_node,0.001,0.0,0.001,0.001,4,2.9e-05,99.996081
efficientnet_b0,onnxrt_cuda,164,Mul:/features/features.6/features.6.0/block/block.0/block.0.2/Mul_kernel_time,onnxruntime,onnx_node,0.062117,0.00969,0.055,0.109,60,0.001817,99.849305
efficientnet_b0,onnxrt_cuda,19,Conv:/features/features.6/features.6.0/block/block.1/block.1.0/Conv_kernel_time,onnxruntime,onnx_node,4.0214,29.802795,0.128,232.941,60,0.117608,98.344521
efficientnet_b0,onnxrt_cuda,253,Conv:/features/features.6/features.6.0/block/block.1/block.1.0/Conv_fence_after,onnxruntime,onnx_node,0.002,0.0,0.002,0.002,1,5.8e-05,99.989525
efficientnet_b0,onnxrt_cuda,475,Sigmoid:/features/features.6/features.6.0/block/block.1/block.1.2/Sigmoid_fence_before,onnxruntime,onnx_node,0.001,0.0,0.001,0.001,4,2.9e-05,99.99611
efficientnet_b0,onnxrt_cuda,182,Sigmoid:/features/features.6/features.6.0/block/block.1/block.1.2/Sigmoid_kernel_time,onnxruntime,onnx_node,0.061433,0.005302,0.056,0.092,60,0.001797,99.881779
efficientnet_b0,onnxrt_cuda,476,Mul:/features/features.6/features.6.0/block/block.1/block.1.2/Mul_fence_before,onnxruntime,onnx_node,0.001,0.0,0.001,0.001,1,2.9e-05,99.99614
efficientnet_b0,onnxrt_cuda,178,Mul:/features/features.6/features.6.0/block/block.1/block.1.2/Mul_kernel_time,onnxruntime,onnx_node,0.061533,0.01713,0.054,0.185,60,0.0018,99.874589
efficientnet_b0,onnxrt_cuda,477,GlobalAveragePool:/features/features.6/features.6.0/block/block.2/avgpool/GlobalAveragePool_fence_before,onnxruntime,onnx_node,0.001,0.0,0.001,0.001,6,2.9e-05,99.996169
efficientnet_b0,onnxrt_cuda,100,GlobalAveragePool:/features/features.6/features.6.0/block/block.2/avgpool/GlobalAveragePool_kernel_time,onnxruntime,onnx_node,0.0729,0.00596,0.065,0.1,60,0.002132,99.726328
efficientnet_b0,onnxrt_cuda,45,Conv:/features/features.6/features.6.0/block/block.2/fc1/Conv_kernel_time,onnxruntime,onnx_node,0.616833,3.482649,0.145,27.367,60,0.01804,99.016007
efficientnet_b0,onnxrt_cuda,478,Conv:/features/features.6/features.6.0/block/block.2/fc1/Conv_fence_after,onnxruntime,onnx_node,0.001,0.0,0.001,0.001,1,2.9e-05,99.996198
efficientnet_b0,onnxrt_cuda,479,Sigmoid:/features/features.6/features.6.0/block/block.2/activation/Sigmoid_fence_before,onnxruntime,onnx_node,0.001,0.0,0.001,0.001,17,2.9e-05,99.996227
efficientnet_b0,onnxrt_cuda,185,Sigmoid:/features/features.6/features.6.0/block/block.2/activation/Sigmoid_kernel_time,onnxruntime,onnx_node,0.06135,0.006069,0.055,0.099,60,0.001794,99.887164
efficientnet_b0,onnxrt_cuda,480,Mul:/features/features.6/features.6.0/block/block.2/activation/Mul_fence_before,onnxruntime,onnx_node,0.001,0.0,0.001,0.001,3,2.9e-05,99.996257
efficientnet_b0,onnxrt_cuda,239,Mul:/features/features.6/features.6.0/block/block.2/activation/Mul_kernel_time,onnxruntime,onnx_node,0.0584,0.0048,0.054,0.09,60,0.001708,99.982202
efficientnet_b0,onnxrt_cuda,481,Conv:/features/features.6/features.6.0/block/block.2/fc2/Conv_fence_before,onnxruntime,onnx_node,0.001,0.0,0.001,0.001,4,2.9e-05,99.996286
efficientnet_b0,onnxrt_cuda,81,Conv:/features/features.6/features.6.0/block/block.2/fc2/Conv_kernel_time,onnxruntime,onnx_node,0.5481,2.984205,0.144,23.47,60,0.016029,99.627284
efficientnet_b0,onnxrt_cuda,482,Conv:/features/features.6/features.6.0/block/block.2/fc2/Conv_fence_after,onnxruntime,onnx_node,0.001,0.0,0.001,0.001,3,2.9e-05,99.996315
efficientnet_b0,onnxrt_cuda,483,Sigmoid:/features/features.6/features.6.0/block/block.2/scale_activation/Sigmoid_fence_before,onnxruntime,onnx_node,0.001,0.0,0.001,0.001,12,2.9e-05,99.996344
efficientnet_b0,onnxrt_cuda,223,Sigmoid:/features/features.6/features.6.0/block/block.2/scale_activation/Sigmoid_kernel_time,onnxruntime,onnx_node,0.059883,0.006184,0.054,0.101,60,0.001751,99.954466
efficientnet_b0,onnxrt_cuda,484,Mul:/features/features.6/features.6.0/block/block.2/Mul_fence_before,onnxruntime,onnx_node,0.001,0.0,0.001,0.001,3,2.9e-05,99.996374
efficientnet_b0,onnxrt_cuda,180,Mul:/features/features.6/features.6.0/block/block.2/Mul_kernel_time,onnxruntime,onnx_node,0.061467,0.007708,0.056,0.096,60,0.001798,99.878185
efficientnet_b0,onnxrt_cuda,485,Conv:/features/features.6/features.6.0/block/block.3/block.3.0/Conv_fence_before,onnxruntime,onnx_node,0.001,0.0,0.001,0.001,12,2.9e-05,99.996403
efficientnet_b0,onnxrt_cuda,36,Conv:/features/features.6/features.6.0/block/block.3/block.3.0/Conv_kernel_time,onnxruntime,onnx_node,0.679567,4.051544,0.144,31.8,60,0.019874,98.849124
efficientnet_b0,onnxrt_cuda,486,Conv:/features/features.6/features.6.0/block/block.3/block.3.0/Conv_fence_after,onnxruntime,onnx_node,0.001,0.0,0.001,0.001,2,2.9e-05,99.996432
efficientnet_b0,onnxrt_cuda,487,Conv:/features/features.6/features.6.1/block/block.0/block.0.0/Conv_fence_before,onnxruntime,onnx_node,0.001,0.0,0.001,0.001,1,2.9e-05,99.996461
efficientnet_b0,onnxrt_cuda,23,Conv:/features/features.6/features.6.1/block/block.0/block.0.0/Conv_kernel_time,onnxruntime,onnx_node,0.878217,5.298541,0.175,41.577,60,0.025684,98.558124
efficientnet_b0,onnxrt_cuda,488,Conv:/features/features.6/features.6.1/block/block.0/block.0.0/Conv_fence_after,onnxruntime,onnx_node,0.001,0.0,0.001,0.001,2,2.9e-05,99.996491
efficientnet_b0,onnxrt_cuda,489,Sigmoid:/features/features.6/features.6.1/block/block.0/block.0.2/Sigmoid_fence_before,onnxruntime,onnx_node,0.001,0.0,0.001,0.001,12,2.9e-05,99.99652
efficientnet_b0,onnxrt_cuda,193,Sigmoid:/features/features.6/features.6.1/block/block.0/block.0.2/Sigmoid_kernel_time,onnxruntime,onnx_node,0.06105,0.008435,0.054,0.116,60,0.001785,99.901476
efficientnet_b0,onnxrt_cuda,490,Mul:/features/features.6/features.6.1/block/block.0/block.0.2/Mul_fence_before,onnxruntime,onnx_node,0.001,0.0,0.001,0.001,4,2.9e-05,99.996549
efficientnet_b0,onnxrt_cuda,201,Mul:/features/features.6/features.6.1/block/block.0/block.0.2/Mul_kernel_time,onnxruntime,onnx_node,0.06065,0.005991,0.055,0.1,60,0.001774,99.915728
efficientnet_b0,onnxrt_cuda,491,Mul:/features/features.6/features.6.1/block/block.0/block.0.2/Mul_fence_after,onnxruntime,onnx_node,0.001,0.0,0.001,0.001,1,2.9e-05,99.996578
efficientnet_b0,onnxrt_cuda,492,Conv:/features/features.6/features.6.1/block/block.1/block.1.0/Conv_fence_before,onnxruntime,onnx_node,0.001,0.0,0.001,0.001,11,2.9e-05,99.996608
efficientnet_b0,onnxrt_cuda,8,Conv:/features/features.6/features.6.1/block/block.1/block.1.0/Conv_kernel_time,onnxruntime,onnx_node,11.323033,85.927542,0.122,671.345,60,0.331148,95.900322
efficientnet_b0,onnxrt_cuda,493,Conv:/features/features.6/features.6.1/block/block.1/block.1.0/Conv_fence_after,onnxruntime,onnx_node,0.001,0.0,0.001,0.001,1,2.9e-05,99.996637
efficientnet_b0,onnxrt_cuda,494,Sigmoid:/features/features.6/features.6.1/block/block.1/block.1.2/Sigmoid_fence_before,onnxruntime,onnx_node,0.001,0.0,0.001,0.001,9,2.9e-05,99.996666
efficientnet_b0,onnxrt_cuda,153,Sigmoid:/features/features.6/features.6.1/block/block.1/block.1.2/Sigmoid_kernel_time,onnxruntime,onnx_node,0.06275,0.010801,0.057,0.128,60,0.001835,99.829216
efficientnet_b0,onnxrt_cuda,495,Mul:/features/features.6/features.6.1/block/block.1/block.1.2/Mul_fence_before,onnxruntime,onnx_node,0.001,0.0,0.001,0.001,5,2.9e-05,99.996695
efficientnet_b0,onnxrt_cuda,202,Mul:/features/features.6/features.6.1/block/block.1/block.1.2/Mul_kernel_time,onnxruntime,onnx_node,0.0606,0.006741,0.054,0.1,60,0.001772,99.9175
efficientnet_b0,onnxrt_cuda,496,GlobalAveragePool:/features/features.6/features.6.1/block/block.2/avgpool/GlobalAveragePool_fence_before,onnxruntime,onnx_node,0.001,0.0,0.001,0.001,9,2.9e-05,99.996725
efficientnet_b0,onnxrt_cuda,98,GlobalAveragePool:/features/features.6/features.6.1/block/block.2/avgpool/GlobalAveragePool_kernel_time,onnxruntime,onnx_node,0.073717,0.013863,0.065,0.172,60,0.002156,99.722049
efficientnet_b0,onnxrt_cuda,497,Conv:/features/features.6/features.6.1/block/block.2/fc1/Conv_fence_before,onnxruntime,onnx_node,0.001,0.0,0.001,0.001,8,2.9e-05,99.996754
efficientnet_b0,onnxrt_cuda,40,Conv:/features/features.6/features.6.1/block/block.2/fc1/Conv_kernel_time,onnxruntime,onnx_node,0.632683,3.640395,0.144,28.595,60,0.018503,98.92466
efficientnet_b0,onnxrt_cuda,498,Conv:/features/features.6/features.6.1/block/block.2/fc1/Conv_fence_after,onnxruntime,onnx_node,0.001,0.0,0.001,0.001,1,2.9e-05,99.996783
efficientnet_b0,onnxrt_cuda,499,Sigmoid:/features/features.6/features.6.1/block/block.2/activation/Sigmoid_fence_before,onnxruntime,onnx_node,0.001,0.0,0.001,0.001,23,2.9e-05,99.996812
efficientnet_b0,onnxrt_cuda,192,Sigmoid:/features/features.6/features.6.1/block/block.2/activation/Sigmoid_kernel_time,onnxruntime,onnx_node,0.061083,0.011267,0.055,0.144,60,0.001786,99.89969
efficientnet_b0,onnxrt_cuda,500,Mul:/features/features.6/features.6.1/block/block.2/activation/Mul_fence_before,onnxruntime,onnx_node,0.001,0.0,0.001,0.001,5,2.9e-05,99.996841
efficientnet_b0,onnxrt_cuda,209,Mul:/features/features.6/features.6.1/block/block.2/activation/Mul_kernel_time,onnxruntime,onnx_node,0.0603,0.007898,0.055,0.112,60,0.001764,99.929869
efficientnet_b0,onnxrt_cuda,62,Conv:/features/features.6/features.6.1/block/block.2/fc2/Conv_kernel_time,onnxruntime,onnx_node,0.584333,3.285814,0.142,25.823,60,0.017089,99.313323
efficientnet_b0,onnxrt_cuda,501,Conv:/features/features.6/features.6.1/block/block.2/fc2/Conv_fence_after,onnxruntime,onnx_node,0.001,0.0,0.001,0.001,1,2.9e-05,99.996871
efficientnet_b0,onnxrt_cuda,502,Sigmoid:/features/features.6/features.6.1/block/block.2/scale_activation/Sigmoid_fence_before,onnxruntime,onnx_node,0.001,0.0,0.001,0.001,2,2.9e-05,99.9969
efficientnet_b0,onnxrt_cuda,211,Sigmoid:/features/features.6/features.6.1/block/block.2/scale_activation/Sigmoid_kernel_time,onnxruntime,onnx_node,0.060267,0.00833,0.054,0.121,60,0.001763,99.933395
efficientnet_b0,onnxrt_cuda,503,Mul:/features/features.6/features.6.1/block/block.2/Mul_fence_before,onnxruntime,onnx_node,0.001,0.0,0.001,0.001,11,2.9e-05,99.996929
efficientnet_b0,onnxrt_cuda,187,Mul:/features/features.6/features.6.1/block/block.2/Mul_kernel_time,onnxruntime,onnx_node,0.061233,0.006443,0.056,0.105,60,0.001791,99.890748
efficientnet_b0,onnxrt_cuda,504,Conv:/features/features.6/features.6.1/block/block.3/block.3.0/Conv_fence_before,onnxruntime,onnx_node,0.001,0.0,0.001,0.001,17,2.9e-05,99.996958
efficientnet_b0,onnxrt_cuda,27,Conv:/features/features.6/features.6.1/block/block.3/block.3.0/Conv_kernel_time,onnxruntime,onnx_node,0.837517,4.922011,0.174,38.644,60,0.024494,98.658757
efficientnet_b0,onnxrt_cuda,505,Conv:/features/features.6/features.6.1/block/block.3/block.3.0/Conv_fence_after,onnxruntime,onnx_node,0.001,0.0,0.001,0.001,3,2.9e-05,99.996988
efficientnet_b0,onnxrt_cuda,269,Add:/features/features.6/features.6.1/Add_fence_before,onnxruntime,onnx_node,0.001045,0.000208,0.001,0.002,22,3.1e-05,99.990073
efficientnet_b0,onnxrt_cuda,111,Add:/features/features.6/features.6.1/Add_kernel_time,onnxruntime,onnx_node,0.068667,0.02251,0.059,0.203,60,0.002008,99.749225
efficientnet_b0,onnxrt_cuda,273,Conv:/features/features.6/features.6.2/block/block.0/block.0.0/Conv_fence_before,onnxruntime,onnx_node,0.001036,0.000186,0.001,0.002,28,3e-05,99.990195
efficientnet_b0,onnxrt_cuda,26,Conv:/features/features.6/features.6.2/block/block.0/block.0.0/Conv_kernel_time,onnxruntime,onnx_node,0.850417,5.317945,0.142,41.698,60,0.024871,98.634264
efficientnet_b0,onnxrt_cuda,506,Conv:/features/features.6/features.6.2/block/block.0/block.0.0/Conv_fence_after,onnxruntime,onnx_node,0.001,0.0,0.001,0.001,1,2.9e-05,99.997017
efficientnet_b0,onnxrt_cuda,507,Sigmoid:/features/features.6/features.6.2/block/block.0/block.0.2/Sigmoid_fence_before,onnxruntime,onnx_node,0.001,0.0,0.001,0.001,6,2.9e-05,99.997046
efficientnet_b0,onnxrt_cuda,196,Sigmoid:/features/features.6/features.6.2/block/block.0/block.0.2/Sigmoid_kernel_time,onnxruntime,onnx_node,0.060983,0.007997,0.055,0.103,60,0.001783,99.906829
efficientnet_b0,onnxrt_cuda,508,Mul:/features/features.6/features.6.2/block/block.0/block.0.2/Mul_fence_before,onnxruntime,onnx_node,0.001,0.0,0.001,0.001,3,2.9e-05,99.997075
efficientnet_b0,onnxrt_cuda,230,Mul:/features/features.6/features.6.2/block/block.0/block.0.2/Mul_kernel_time,onnxruntime,onnx_node,0.059483,0.007471,0.055,0.105,60,0.00174,99.966685
efficientnet_b0,onnxrt_cuda,7,Conv:/features/features.6/features.6.2/block/block.1/block.1.0/Conv_kernel_time,onnxruntime,onnx_node,12.11345,92.025275,0.124,718.973,60,0.354264,95.569174
efficientnet_b0,onnxrt_cuda,509,Conv:/features/features.6/features.6.2/block/block.1/block.1.0/Conv_fence_after,onnxruntime,onnx_node,0.001,0.0,0.001,0.001,1,2.9e-05,99.997105
efficientnet_b0,onnxrt_cuda,510,Sigmoid:/features/features.6/features.6.2/block/block.1/block.1.2/Sigmoid_fence_before,onnxruntime,onnx_node,0.001,0.0,0.001,0.001,2,2.9e-05,99.997134
efficientnet_b0,onnxrt_cuda,195,Sigmoid:/features/features.6/features.6.2/block/block.1/block.1.2/Sigmoid_kernel_time,onnxruntime,onnx_node,0.061,0.008434,0.055,0.106,60,0.001784,99.905045
efficientnet_b0,onnxrt_cuda,511,Mul:/features/features.6/features.6.2/block/block.1/block.1.2/Mul_fence_before,onnxruntime,onnx_node,0.001,0.0,0.001,0.001,3,2.9e-05,99.997163
efficientnet_b0,onnxrt_cuda,203,Mul:/features/features.6/features.6.2/block/block.1/block.1.2/Mul_kernel_time,onnxruntime,onnx_node,0.0605,0.0055,0.055,0.091,60,0.001769,99.919269
efficientnet_b0,onnxrt_cuda,512,GlobalAveragePool:/features/features.6/features.6.2/block/block.2/avgpool/GlobalAveragePool_fence_before,onnxruntime,onnx_node,0.001,0.0,0.001,0.001,6,2.9e-05,99.997192
efficientnet_b0,onnxrt_cuda,107,GlobalAveragePool:/features/features.6/features.6.2/block/block.2/avgpool/GlobalAveragePool_kernel_time,onnxruntime,onnx_node,0.071467,0.007426,0.064,0.11,60,0.00209,99.741141
efficientnet_b0,onnxrt_cuda,48,Conv:/features/features.6/features.6.2/block/block.2/fc1/Conv_kernel_time,onnxruntime,onnx_node,0.61565,3.184676,0.175,25.077,60,0.018005,99.070065
efficientnet_b0,onnxrt_cuda,513,Conv:/features/features.6/features.6.2/block/block.2/fc1/Conv_fence_after,onnxruntime,onnx_node,0.001,0.0,0.001,0.001,1,2.9e-05,99.997222
efficientnet_b0,onnxrt_cuda,252,Sigmoid:/features/features.6/features.6.2/block/block.2/activation/Sigmoid_fence_before,onnxruntime,onnx_node,0.002333,0.004989,0.001,0.021,15,6.8e-05,99.989467
efficientnet_b0,onnxrt_cuda,173,Sigmoid:/features/features.6/features.6.2/block/block.2/activation/Sigmoid_kernel_time,onnxruntime,onnx_node,0.061733,0.007064,0.056,0.105,60,0.001805,99.865586
efficientnet_b0,onnxrt_cuda,514,Mul:/features/features.6/features.6.2/block/block.2/activation/Mul_fence_before,onnxruntime,onnx_node,0.001,0.0,0.001,0.001,2,2.9e-05,99.997251
efficientnet_b0,onnxrt_cuda,237,Mul:/features/features.6/features.6.2/block/block.2/activation/Mul_kernel_time,onnxruntime,onnx_node,0.058533,0.006079,0.053,0.088,60,0.001712,99.978784
efficientnet_b0,onnxrt_cuda,59,Conv:/features/features.6/features.6.2/block/block.2/fc2/Conv_kernel_time,onnxruntime,onnx_node,0.586867,3.27624,0.144,25.752,60,0.017163,99.261974
efficientnet_b0,onnxrt_cuda,515,Sigmoid:/features/features.6/features.6.2/block/block.2/scale_activation/Sigmoid_fence_before,onnxruntime,onnx_node,0.001,0.0,0.001,0.001,11,2.9e-05,99.99728
efficientnet_b0,onnxrt_cuda,212,Sigmoid:/features/features.6/features.6.2/block/block.2/scale_activation/Sigmoid_kernel_time,onnxruntime,onnx_node,0.060267,0.005865,0.055,0.102,60,0.001763,99.935157
efficientnet_b0,onnxrt_cuda,516,Mul:/features/features.6/features.6.2/block/block.2/Mul_fence_before,onnxruntime,onnx_node,0.001,0.0,0.001,0.001,4,2.9e-05,99.997309
efficientnet_b0,onnxrt_cuda,184,Mul:/features/features.6/features.6.2/block/block.2/Mul_kernel_time,onnxruntime,onnx_node,0.061367,0.006364,0.056,0.096,60,0.001795,99.88537
efficientnet_b0,onnxrt_cuda,517,Conv:/features/features.6/features.6.2/block/block.3/block.3.0/Conv_fence_before,onnxruntime,onnx_node,0.001,0.0,0.001,0.001,12,2.9e-05,99.997339
efficientnet_b0,onnxrt_cuda,29,Conv:/features/features.6/features.6.2/block/block.3/block.3.0/Conv_kernel_time,onnxruntime,onnx_node,0.830667,4.921324,0.177,38.632,60,0.024293,98.707373
efficientnet_b0,onnxrt_cuda,518,Conv:/features/features.6/features.6.2/block/block.3/block.3.0/Conv_fence_after,onnxruntime,onnx_node,0.001,0.0,0.001,0.001,1,2.9e-05,99.997368
efficientnet_b0,onnxrt_cuda,265,Add:/features/features.6/features.6.2/Add_fence_before,onnxruntime,onnx_node,0.001067,0.000249,0.001,0.002,15,3.1e-05,99.98995
efficientnet_b0,onnxrt_cuda,132,Add:/features/features.6/features.6.2/Add_kernel_time,onnxruntime,onnx_node,0.0651,0.010324,0.058,0.117,60,0.001904,99.789941
efficientnet_b0,onnxrt_cuda,519,Conv:/features/features.6/features.6.3/block/block.0/block.0.0/Conv_fence_before,onnxruntime,onnx_node,0.001,0.0,0.001,0.001,9,2.9e-05,99.997397
efficientnet_b0,onnxrt_cuda,24,Conv:/features/features.6/features.6.3/block/block.0/block.0.0/Conv_kernel_time,onnxruntime,onnx_node,0.876817,5.295213,0.172,41.55,60,0.025643,98.583767
efficientnet_b0,onnxrt_cuda,520,Conv:/features/features.6/features.6.3/block/block.0/block.0.0/Conv_fence_after,onnxruntime,onnx_node,0.001,0.0,0.001,0.001,1,2.9e-05,99.997426
efficientnet_b0,onnxrt_cuda,521,Sigmoid:/features/features.6/features.6.3/block/block.0/block.0.2/Sigmoid_fence_before,onnxruntime,onnx_node,0.001,0.0,0.001,0.001,1,2.9e-05,99.997456
efficientnet_b0,onnxrt_cuda,221,Sigmoid:/features/features.6/features.6.3/block/block.0/block.0.2/Sigmoid_kernel_time,onnxruntime,onnx_node,0.05995,0.00746,0.056,0.111,60,0.001753,99.950962
efficientnet_b0,onnxrt_cuda,522,Mul:/features/features.6/features.6.3/block/block.0/block.0.2/Mul_fence_before,onnxruntime,onnx_node,0.001,0.0,0.001,0.001,1,2.9e-05,99.997485
efficientnet_b0,onnxrt_cuda,217,Mul:/features/features.6/features.6.3/block/block.0/block.0.2/Mul_kernel_time,onnxruntime,onnx_node,0.060017,0.014142,0.054,0.163,60,0.001755,99.943946
efficientnet_b0,onnxrt_cuda,523,Mul:/features/features.6/features.6.3/block/block.0/block.0.2/Mul_fence_after,onnxruntime,onnx_node,0.001,0.0,0.001,0.001,1,2.9e-05,99.997514
efficientnet_b0,onnxrt_cuda,524,Conv:/features/features.6/features.6.3/block/block.1/block.1.0/Conv_fence_before,onnxruntime,onnx_node,0.001,0.0,0.001,0.001,3,2.9e-05,99.997543
efficientnet_b0,onnxrt_cuda,9,Conv:/features/features.6/features.6.3/block/block.1/block.1.0/Conv_kernel_time,onnxruntime,onnx_node,11.305683,85.803778,0.124,670.377,60,0.33064,96.230963
efficientnet_b0,onnxrt_cuda,525,Conv:/features/features.6/features.6.3/block/block.1/block.1.0/Conv_fence_after,onnxruntime,onnx_node,0.001,0.0,0.001,0.001,3,2.9e-05,99.997573
efficientnet_b0,onnxrt_cuda,526,Sigmoid:/features/features.6/features.6.3/block/block.1/block.1.2/Sigmoid_fence_before,onnxruntime,onnx_node,0.001,0.0,0.001,0.001,13,2.9e-05,99.997602
efficientnet_b0,onnxrt_cuda,175,Sigmoid:/features/features.6/features.6.3/block/block.1/block.1.2/Sigmoid_kernel_time,onnxruntime,onnx_node,0.06155,0.007764,0.055,0.115,60,0.0018,99.86919
efficientnet_b0,onnxrt_cuda,527,Mul:/features/features.6/features.6.3/block/block.1/block.1.2/Mul_fence_before,onnxruntime,onnx_node,0.001,0.0,0.001,0.001,2,2.9e-05,99.997631
efficientnet_b0,onnxrt_cuda,231,Mul:/features/features.6/features.6.3/block/block.1/block.1.2/Mul_kernel_time,onnxruntime,onnx_node,0.05945,0.00512,0.052,0.091,60,0.001739,99.968424
efficientnet_b0,onnxrt_cuda,528,GlobalAveragePool:/features/features.6/features.6.3/block/block.2/avgpool/GlobalAveragePool_fence_before,onnxruntime,onnx_node,0.001,0.0,0.001,0.001,11,2.9e-05,99.99766
efficientnet_b0,onnxrt_cuda,103,GlobalAveragePool:/features/features.6/features.6.3/block/block.2/avgpool/GlobalAveragePool_kernel_time,onnxruntime,onnx_node,0.072617,0.008277,0.063,0.114,60,0.002124,99.732705
efficientnet_b0,onnxrt_cuda,529,GlobalAveragePool:/features/features.6/features.6.3/block/block.2/avgpool/GlobalAveragePool_fence_after,onnxruntime,onnx_node,0.001,0.0,0.001,0.001,1,2.9e-05,99.99769
efficientnet_b0,onnxrt_cuda,530,Conv:/features/features.6/features.6.3/block/block.2/fc1/Conv_fence_before,onnxruntime,onnx_node,0.001,0.0,0.001,0.001,3,2.9e-05,99.997719
efficientnet_b0,onnxrt_cuda,49,Conv:/features/features.6/features.6.3/block/block.2/fc1/Conv_kernel_time,onnxruntime,onnx_node,0.608817,3.215315,0.178,25.306,60,0.017805,99.08787
efficientnet_b0,onnxrt_cuda,531,Conv:/features/features.6/features.6.3/block/block.2/fc1/Conv_fence_after,onnxruntime,onnx_node,0.001,0.0,0.001,0.001,1,2.9e-05,99.997748
efficientnet_b0,onnxrt_cuda,532,Sigmoid:/features/features.6/features.6.3/block/block.2/activation/Sigmoid_fence_before,onnxruntime,onnx_node,0.001,0.0,0.001,0.001,21,2.9e-05,99.997777
efficientnet_b0,onnxrt_cuda,232,Sigmoid:/features/features.6/features.6.3/block/block.2/activation/Sigmoid_kernel_time,onnxruntime,onnx_node,0.05935,0.00606,0.054,0.103,60,0.001736,99.97016
efficientnet_b0,onnxrt_cuda,533,Mul:/features/features.6/features.6.3/block/block.2/activation/Mul_fence_before,onnxruntime,onnx_node,0.001,0.0,0.001,0.001,2,2.9e-05,99.997807
efficientnet_b0,onnxrt_cuda,242,Mul:/features/features.6/features.6.3/block/block.2/activation/Mul_kernel_time,onnxruntime,onnx_node,0.056817,0.004811,0.053,0.09,60,0.001662,99.987246
efficientnet_b0,onnxrt_cuda,534,Conv:/features/features.6/features.6.3/block/block.2/fc2/Conv_fence_before,onnxruntime,onnx_node,0.001,0.0,0.001,0.001,3,2.9e-05,99.997836
efficientnet_b0,onnxrt_cuda,63,Conv:/features/features.6/features.6.3/block/block.2/fc2/Conv_kernel_time,onnxruntime,onnx_node,0.582083,3.273469,0.146,25.726,60,0.017023,99.330347
efficientnet_b0,onnxrt_cuda,535,Conv:/features/features.6/features.6.3/block/block.2/fc2/Conv_fence_after,onnxruntime,onnx_node,0.001,0.0,0.001,0.001,1,2.9e-05,99.997865
efficientnet_b0,onnxrt_cuda,536,Sigmoid:/features/features.6/features.6.3/block/block.2/scale_activation/Sigmoid_fence_before,onnxruntime,onnx_node,0.001,0.0,0.001,0.001,3,2.9e-05,99.997894
efficientnet_b0,onnxrt_cuda,222,Sigmoid:/features/features.6/features.6.3/block/block.2/scale_activation/Sigmoid_kernel_time,onnxruntime,onnx_node,0.05995,0.007288,0.054,0.107,60,0.001753,99.952715
efficientnet_b0,onnxrt_cuda,537,Mul:/features/features.6/features.6.3/block/block.2/Mul_fence_before,onnxruntime,onnx_node,0.001,0.0,0.001,0.001,6,2.9e-05,99.997924
efficientnet_b0,onnxrt_cuda,206,Mul:/features/features.6/features.6.3/block/block.2/Mul_kernel_time,onnxruntime,onnx_node,0.060433,0.006302,0.055,0.102,60,0.001767,99.924573
efficientnet_b0,onnxrt_cuda,538,Conv:/features/features.6/features.6.3/block/block.3/block.3.0/Conv_fence_before,onnxruntime,onnx_node,0.001,0.0,0.001,0.001,20,2.9e-05,99.997953
efficientnet_b0,onnxrt_cuda,28,Conv:/features/features.6/features.6.3/block/block.3/block.3.0/Conv_kernel_time,onnxruntime,onnx_node,0.831667,4.924324,0.175,38.656,60,0.024323,98.68308
efficientnet_b0,onnxrt_cuda,539,Conv:/features/features.6/features.6.3/block/block.3/block.3.0/Conv_fence_after,onnxruntime,onnx_node,0.001,0.0,0.001,0.001,1,2.9e-05,99.997982
efficientnet_b0,onnxrt_cuda,540,Add:/features/features.6/features.6.3/Add_fence_before,onnxruntime,onnx_node,0.001,0.0,0.001,0.001,22,2.9e-05,99.998011
efficientnet_b0,onnxrt_cuda,138,Add:/features/features.6/features.6.3/Add_kernel_time,onnxruntime,onnx_node,0.064483,0.008391,0.057,0.115,60,0.001886,99.801304
efficientnet_b0,onnxrt_cuda,541,Conv:/features/features.7/features.7.0/block/block.0/block.0.0/Conv_fence_before,onnxruntime,onnx_node,0.001,0.0,0.001,0.001,3,2.9e-05,99.998041
efficientnet_b0,onnxrt_cuda,25,Conv:/features/features.7/features.7.0/block/block.0/block.0.0/Conv_kernel_time,onnxruntime,onnx_node,0.876217,5.285527,0.17,41.475,60,0.025625,98.609393
efficientnet_b0,onnxrt_cuda,542,Conv:/features/features.7/features.7.0/block/block.0/block.0.0/Conv_fence_after,onnxruntime,onnx_node,0.001,0.0,0.001,0.001,1,2.9e-05,99.99807
efficientnet_b0,onnxrt_cuda,543,Sigmoid:/features/features.7/features.7.0/block/block.0/block.0.2/Sigmoid_fence_before,onnxruntime,onnx_node,0.001,0.0,0.001,0.001,6,2.9e-05,99.998099
efficientnet_b0,onnxrt_cuda,205,Sigmoid:/features/features.7/features.7.0/block/block.0/block.0.2/Sigmoid_kernel_time,onnxruntime,onnx_node,0.06045,0.007678,0.055,0.108,60,0.001768,99.922806
efficientnet_b0,onnxrt_cuda,544,Mul:/features/features.7/features.7.0/block/block.0/block.0.2/Mul_fence_before,onnxruntime,onnx_node,0.001,0.0,0.001,0.001,1,2.9e-05,99.998128
efficientnet_b0,onnxrt_cuda,236,Mul:/features/features.7/features.7.0/block/block.0/block.0.2/Mul_kernel_time,onnxruntime,onnx_node,0.058733,0.005836,0.054,0.086,60,0.001718,99.977072
efficientnet_b0,onnxrt_cuda,6,Conv:/features/features.7/features.7.0/block/block.1/block.1.0/Conv_kernel_time,onnxruntime,onnx_node,12.321833,93.587232,0.124,731.179,60,0.360358,95.21491
efficientnet_b0,onnxrt_cuda,545,Conv:/features/features.7/features.7.0/block/block.1/block.1.0/Conv_fence_after,onnxruntime,onnx_node,0.001,0.0,0.001,0.001,1,2.9e-05,99.998158
efficientnet_b0,onnxrt_cuda,546,Sigmoid:/features/features.7/features.7.0/block/block.1/block.1.2/Sigmoid_fence_before,onnxruntime,onnx_node,0.001,0.0,0.001,0.001,3,2.9e-05,99.998187
efficientnet_b0,onnxrt_cuda,188,Sigmoid:/features/features.7/features.7.0/block/block.1/block.1.2/Sigmoid_kernel_time,onnxruntime,onnx_node,0.061233,0.007717,0.055,0.111,60,0.001791,99.892538
efficientnet_b0,onnxrt_cuda,547,Mul:/features/features.7/features.7.0/block/block.1/block.1.2/Mul_fence_before,onnxruntime,onnx_node,0.001,0.0,0.001,0.001,1,2.9e-05,99.998216
efficientnet_b0,onnxrt_cuda,228,Mul:/features/features.7/features.7.0/block/block.1/block.1.2/Mul_kernel_time,onnxruntime,onnx_node,0.059633,0.008629,0.053,0.11,60,0.001744,99.963203
efficientnet_b0,onnxrt_cuda,548,GlobalAveragePool:/features/features.7/features.7.0/block/block.2/avgpool/GlobalAveragePool_fence_before,onnxruntime,onnx_node,0.001,0.0,0.001,0.001,8,2.9e-05,99.998245
efficientnet_b0,onnxrt_cuda,106,GlobalAveragePool:/features/features.7/features.7.0/block/block.2/avgpool/GlobalAveragePool_kernel_time,onnxruntime,onnx_node,0.07225,0.008463,0.064,0.121,60,0.002113,99.739051
efficientnet_b0,onnxrt_cuda,50,Conv:/features/features.7/features.7.0/block/block.2/fc1/Conv_kernel_time,onnxruntime,onnx_node,0.607117,3.184418,0.179,25.067,60,0.017755,99.105626
efficientnet_b0,onnxrt_cuda,549,Conv:/features/features.7/features.7.0/block/block.2/fc1/Conv_fence_after,onnxruntime,onnx_node,0.001,0.0,0.001,0.001,2,2.9e-05,99.998275
efficientnet_b0,onnxrt_cuda,550,Sigmoid:/features/features.7/features.7.0/block/block.2/activation/Sigmoid_fence_before,onnxruntime,onnx_node,0.001,0.0,0.001,0.001,18,2.9e-05,99.998304
efficientnet_b0,onnxrt_cuda,169,Sigmoid:/features/features.7/features.7.0/block/block.2/activation/Sigmoid_kernel_time,onnxruntime,onnx_node,0.061883,0.010646,0.056,0.134,60,0.00181,99.858359
efficientnet_b0,onnxrt_cuda,551,Mul:/features/features.7/features.7.0/block/block.2/activation/Mul_fence_before,onnxruntime,onnx_node,0.001,0.0,0.001,0.001,1,2.9e-05,99.998333
efficientnet_b0,onnxrt_cuda,240,Mul:/features/features.7/features.7.0/block/block.2/activation/Mul_kernel_time,onnxruntime,onnx_node,0.058083,0.005797,0.054,0.092,60,0.001699,99.983901
efficientnet_b0,onnxrt_cuda,552,Mul:/features/features.7/features.7.0/block/block.2/activation/Mul_fence_after,onnxruntime,onnx_node,0.001,0.0,0.001,0.001,2,2.9e-05,99.998362
efficientnet_b0,onnxrt_cuda,553,Conv:/features/features.7/features.7.0/block/block.2/fc2/Conv_fence_before,onnxruntime,onnx_node,0.001,0.0,0.001,0.001,2,2.9e-05,99.998391
efficientnet_b0,onnxrt_cuda,54,Conv:/features/features.7/features.7.0/block/block.2/fc2/Conv_kernel_time,onnxruntime,onnx_node,0.594433,3.295582,0.149,25.908,60,0.017384,99.175708
efficientnet_b0,onnxrt_cuda,554,Conv:/features/features.7/features.7.0/block/block.2/fc2/Conv_fence_after,onnxruntime,onnx_node,0.001,0.0,0.001,0.001,1,2.9e-05,99.998421
efficientnet_b0,onnxrt_cuda,555,Sigmoid:/features/features.7/features.7.0/block/block.2/scale_activation/Sigmoid_fence_before,onnxruntime,onnx_node,0.001,0.0,0.001,0.001,10,2.9e-05,99.99845
efficientnet_b0,onnxrt_cuda,204,Sigmoid:/features/features.7/features.7.0/block/block.2/scale_activation/Sigmoid_kernel_time,onnxruntime,onnx_node,0.060483,0.006739,0.054,0.107,60,0.001769,99.921038
efficientnet_b0,onnxrt_cuda,556,Mul:/features/features.7/features.7.0/block/block.2/Mul_fence_before,onnxruntime,onnx_node,0.001,0.0,0.001,0.001,6,2.9e-05,99.998479
efficientnet_b0,onnxrt_cuda,194,Mul:/features/features.7/features.7.0/block/block.2/Mul_kernel_time,onnxruntime,onnx_node,0.06105,0.006879,0.055,0.099,60,0.001785,99.903261
efficientnet_b0,onnxrt_cuda,557,Conv:/features/features.7/features.7.0/block/block.3/block.3.0/Conv_fence_before,onnxruntime,onnx_node,0.001,0.0,0.001,0.001,6,2.9e-05,99.998508
efficientnet_b0,onnxrt_cuda,53,Conv:/features/features.7/features.7.0/block/block.3/block.3.0/Conv_kernel_time,onnxruntime,onnx_node,0.594867,3.102043,0.177,24.422,60,0.017397,99.158324
efficientnet_b0,onnxrt_cuda,558,Conv:/features/features.7/features.7.0/block/block.3/block.3.0/Conv_fence_after,onnxruntime,onnx_node,0.001,0.0,0.001,0.001,1,2.9e-05,99.998538
efficientnet_b0,onnxrt_cuda,559,Conv:/features/features.8/features.8.0/Conv_fence_before,onnxruntime,onnx_node,0.001,0.0,0.001,0.001,9,2.9e-05,99.998567
efficientnet_b0,onnxrt_cuda,57,Conv:/features/features.8/features.8.0/Conv_kernel_time,onnxruntime,onnx_node,0.589117,3.093294,0.17,24.349,60,0.017229,99.227606
efficientnet_b0,onnxrt_cuda,560,Conv:/features/features.8/features.8.0/Conv_fence_after,onnxruntime,onnx_node,0.001,0.0,0.001,0.001,2,2.9e-05,99.998596
efficientnet_b0,onnxrt_cuda,561,Sigmoid:/features/features.8/features.8.2/Sigmoid_fence_before,onnxruntime,onnx_node,0.001,0.0,0.001,0.001,6,2.9e-05,99.998625
efficientnet_b0,onnxrt_cuda,183,Sigmoid:/features/features.8/features.8.2/Sigmoid_kernel_time,onnxruntime,onnx_node,0.061417,0.007336,0.056,0.113,60,0.001796,99.883575
efficientnet_b0,onnxrt_cuda,245,Sigmoid:/features/features.8/features.8.2/Sigmoid_fence_after,onnxruntime,onnx_node,0.008,0.009899,0.001,0.022,3,0.000234,99.988576
efficientnet_b0,onnxrt_cuda,562,Mul:/features/features.8/features.8.2/Mul_fence_before,onnxruntime,onnx_node,0.001,0.0,0.001,0.001,5,2.9e-05,99.998655
efficientnet_b0,onnxrt_cuda,234,Mul:/features/features.8/features.8.2/Mul_kernel_time,onnxruntime,onnx_node,0.059183,0.005841,0.055,0.098,60,0.001731,99.973624
efficientnet_b0,onnxrt_cuda,563,GlobalAveragePool:/avgpool/GlobalAveragePool_fence_before,onnxruntime,onnx_node,0.001,0.0,0.001,0.001,18,2.9e-05,99.998684
efficientnet_b0,onnxrt_cuda,108,GlobalAveragePool:/avgpool/GlobalAveragePool_kernel_time,onnxruntime,onnx_node,0.0702,0.008173,0.063,0.126,60,0.002053,99.743194
efficientnet_b0,onnxrt_cuda,564,Flatten:/Flatten_fence_before,onnxruntime,onnx_node,0.001,0.0,0.001,0.001,20,2.9e-05,99.998713
efficientnet_b0,onnxrt_cuda,243,Flatten:/Flatten_kernel_time,onnxruntime,onnx_node,0.022,0.003152,0.02,0.045,60,0.000643,99.987889
efficientnet_b0,onnxrt_cuda,565,Gemm:/classifier/classifier.1/Gemm_fence_before,onnxruntime,onnx_node,0.001,0.0,0.001,0.001,19,2.9e-05,99.998742
efficientnet_b0,onnxrt_cuda,86,Gemm:/classifier/classifier.1/Gemm_kernel_time,onnxruntime,onnx_node,0.125783,0.049625,0.114,0.504,60,0.003679,99.693526
efficientnet_b0,onnxrt_cuda,4,SequentialExecutor::Execute,onnxruntime,onnx_node,239.655017,1610.673252,28.666,12611.462,60,7.008832,93.152257
efficientnet_b0,onnxrt_cuda,2,model_run,onnxruntime,onnx_node,248.54305,1609.674991,38.783,12612.69,60,7.268767,78.928617
efficientnet_b0,onnxrt_cuda,566,GlobalAveragePool:/features/features.2/features.2.0/block/block.2/avgpool/GlobalAveragePool_fence_after,onnxruntime,onnx_node,0.001,0.0,0.001,0.001,2,2.9e-05,99.998772
efficientnet_b0,onnxrt_cuda,567,Mul:/features/features.2/features.2.0/block/block.2/activation/Mul_fence_after,onnxruntime,onnx_node,0.001,0.0,0.001,0.001,1,2.9e-05,99.998801
efficientnet_b0,onnxrt_cuda,568,Mul:/features/features.2/features.2.0/block/block.2/Mul_fence_after,onnxruntime,onnx_node,0.001,0.0,0.001,0.001,1,2.9e-05,99.99883
efficientnet_b0,onnxrt_cuda,569,Mul:/features/features.2/features.2.1/block/block.0/block.0.2/Mul_fence_after,onnxruntime,onnx_node,0.001,0.0,0.001,0.001,2,2.9e-05,99.998859
efficientnet_b0,onnxrt_cuda,570,Mul:/features/features.4/features.4.2/block/block.0/block.0.2/Mul_fence_after,onnxruntime,onnx_node,0.001,0.0,0.001,0.001,1,2.9e-05,99.998889
efficientnet_b0,onnxrt_cuda,571,Mul:/features/features.5/features.5.2/block/block.1/block.1.2/Mul_fence_after,onnxruntime,onnx_node,0.001,0.0,0.001,0.001,1,2.9e-05,99.998918
efficientnet_b0,onnxrt_cuda,572,Sigmoid:/features/features.6/features.6.1/block/block.2/activation/Sigmoid_fence_after,onnxruntime,onnx_node,0.001,0.0,0.001,0.001,1,2.9e-05,99.998947
efficientnet_b0,onnxrt_cuda,573,Sigmoid:/features/features.2/features.2.1/block/block.0/block.0.2/Sigmoid_fence_after,onnxruntime,onnx_node,0.001,0.0,0.001,0.001,1,2.9e-05,99.998976
efficientnet_b0,onnxrt_cuda,574,Conv:/features/features.5/features.5.0/block/block.1/block.1.0/Conv_fence_before,onnxruntime,onnx_node,0.001,0.0,0.001,0.001,1,2.9e-05,99.999006
efficientnet_b0,onnxrt_cuda,575,Sigmoid:/features/features.5/features.5.0/block/block.2/scale_activation/Sigmoid_fence_before,onnxruntime,onnx_node,0.001,0.0,0.001,0.001,18,2.9e-05,99.999035
efficientnet_b0,onnxrt_cuda,251,GlobalAveragePool:/features/features.6/features.6.0/block/block.2/avgpool/GlobalAveragePool_fence_after,onnxruntime,onnx_node,0.003,0.0,0.003,0.003,1,8.8e-05,99.989399
efficientnet_b0,onnxrt_cuda,576,Conv:/features/features.6/features.6.0/block/block.2/fc1/Conv_fence_before,onnxruntime,onnx_node,0.001,0.0,0.001,0.001,3,2.9e-05,99.999064
efficientnet_b0,onnxrt_cuda,577,Conv:/features/features.5/features.5.1/block/block.2/fc2/Conv_fence_before,onnxruntime,onnx_node,0.001,0.0,0.001,0.001,3,2.9e-05,99.999093
efficientnet_b0,onnxrt_cuda,578,Conv:/features/features.3/features.3.0/block/block.2/fc2/Conv_fence_before,onnxruntime,onnx_node,0.001,0.0,0.001,0.001,13,2.9e-05,99.999123
efficientnet_b0,onnxrt_cuda,579,Conv:/features/features.4/features.4.2/block/block.2/fc1/Conv_fence_before,onnxruntime,onnx_node,0.001,0.0,0.001,0.001,6,2.9e-05,99.999152
efficientnet_b0,onnxrt_cuda,580,Add:/features/features.6/features.6.1/Add_fence_after,onnxruntime,onnx_node,0.001,0.0,0.001,0.001,2,2.9e-05,99.999181
efficientnet_b0,onnxrt_cuda,581,Conv:/features/features.6/features.6.2/block/block.2/fc2/Conv_fence_before,onnxruntime,onnx_node,0.001,0.0,0.001,0.001,2,2.9e-05,99.99921
efficientnet_b0,onnxrt_cuda,582,Conv:/features/features.3/features.3.1/block/block.2/fc1/Conv_fence_before,onnxruntime,onnx_node,0.001,0.0,0.001,0.001,7,2.9e-05,99.99924
efficientnet_b0,onnxrt_cuda,583,Mul:/features/features.6/features.6.0/block/block.2/activation/Mul_fence_after,onnxruntime,onnx_node,0.001,0.0,0.001,0.001,1,2.9e-05,99.999269
efficientnet_b0,onnxrt_cuda,584,Conv:/features/features.6/features.6.2/block/block.2/fc1/Conv_fence_before,onnxruntime,onnx_node,0.001,0.0,0.001,0.001,4,2.9e-05,99.999298
efficientnet_b0,onnxrt_cuda,585,Conv:/features/features.4/features.4.1/block/block.2/fc2/Conv_fence_before,onnxruntime,onnx_node,0.001,0.0,0.001,0.001,2,2.9e-05,99.999327
efficientnet_b0,onnxrt_cuda,586,Conv:/features/features.6/features.6.2/block/block.2/fc2/Conv_fence_after,onnxruntime,onnx_node,0.001,0.0,0.001,0.001,2,2.9e-05,99.999357
efficientnet_b0,onnxrt_cuda,587,Conv:/features/features.5/features.5.2/block/block.2/fc1/Conv_fence_before,onnxruntime,onnx_node,0.001,0.0,0.001,0.001,3,2.9e-05,99.999386
efficientnet_b0,onnxrt_cuda,588,Mul:/features/features.7/features.7.0/block/block.0/block.0.2/Mul_fence_after,onnxruntime,onnx_node,0.001,0.0,0.001,0.001,1,2.9e-05,99.999415
efficientnet_b0,onnxrt_cuda,589,Mul:/features/features.4/features.4.0/block/block.1/block.1.2/Mul_fence_after,onnxruntime,onnx_node,0.001,0.0,0.001,0.001,2,2.9e-05,99.999444
efficientnet_b0,onnxrt_cuda,590,Conv:/features/features.7/features.7.0/block/block.2/fc1/Conv_fence_before,onnxruntime,onnx_node,0.001,0.0,0.001,0.001,4,2.9e-05,99.999474
efficientnet_b0,onnxrt_cuda,591,Mul:/features/features.5/features.5.1/block/block.0/block.0.2/Mul_fence_after,onnxruntime,onnx_node,0.001,0.0,0.001,0.001,1,2.9e-05,99.999503
efficientnet_b0,onnxrt_cuda,592,Sigmoid:/features/features.3/features.3.1/block/block.2/activation/Sigmoid_fence_after,onnxruntime,onnx_node,0.001,0.0,0.001,0.001,1,2.9e-05,99.999532
efficientnet_b0,onnxrt_cuda,593,Sigmoid:/features/features.4/features.4.0/block/block.2/activation/Sigmoid_fence_after,onnxruntime,onnx_node,0.001,0.0,0.001,0.001,1,2.9e-05,99.999561
efficientnet_b0,onnxrt_cuda,594,Mul:/features/features.6/features.6.1/block/block.2/activation/Mul_fence_after,onnxruntime,onnx_node,0.001,0.0,0.001,0.001,1,2.9e-05,99.999591
efficientnet_b0,onnxrt_cuda,595,Sigmoid:/features/features.6/features.6.1/block/block.1/block.1.2/Sigmoid_fence_after,onnxruntime,onnx_node,0.001,0.0,0.001,0.001,1,2.9e-05,99.99962
efficientnet_b0,onnxrt_cuda,596,Sigmoid:/features/features.6/features.6.3/block/block.1/block.1.2/Sigmoid_fence_after,onnxruntime,onnx_node,0.001,0.0,0.001,0.001,1,2.9e-05,99.999649
efficientnet_b0,onnxrt_cuda,597,Mul:/features/features.4/features.4.2/block/block.1/block.1.2/Mul_fence_after,onnxruntime,onnx_node,0.001,0.0,0.001,0.001,1,2.9e-05,99.999678
efficientnet_b0,onnxrt_cuda,598,Sigmoid:/features/features.4/features.4.1/block/block.2/activation/Sigmoid_fence_after,onnxruntime,onnx_node,0.001,0.0,0.001,0.001,1,2.9e-05,99.999708
efficientnet_b0,onnxrt_cuda,599,Sigmoid:/features/features.4/features.4.1/block/block.0/block.0.2/Sigmoid_fence_after,onnxruntime,onnx_node,0.001,0.0,0.001,0.001,1,2.9e-05,99.999737
efficientnet_b0,onnxrt_cuda,600,GlobalAveragePool:/features/features.5/features.5.2/block/block.2/avgpool/GlobalAveragePool_fence_after,onnxruntime,onnx_node,0.001,0.0,0.001,0.001,1,2.9e-05,99.999766
efficientnet_b0,onnxrt_cuda,601,GlobalAveragePool:/features/features.4/features.4.2/block/block.2/avgpool/GlobalAveragePool_fence_after,onnxruntime,onnx_node,0.001,0.0,0.001,0.001,1,2.9e-05,99.999795
efficientnet_b0,onnxrt_cuda,602,Conv:/features/features.6/features.6.0/block/block.1/block.1.0/Conv_fence_before,onnxruntime,onnx_node,0.001,0.0,0.001,0.001,1,2.9e-05,99.999825
efficientnet_b0,onnxrt_cuda,603,Sigmoid:/features/features.6/features.6.0/block/block.1/block.1.2/Sigmoid_fence_after,onnxruntime,onnx_node,0.001,0.0,0.001,0.001,1,2.9e-05,99.999854
efficientnet_b0,onnxrt_cuda,604,Sigmoid:/features/features.2/features.2.1/block/block.1/block.1.2/Sigmoid_fence_after,onnxruntime,onnx_node,0.001,0.0,0.001,0.001,1,2.9e-05,99.999883
efficientnet_b0,onnxrt_cuda,605,Conv:/features/features.4/features.4.2/block/block.2/fc1/Conv_fence_after,onnxruntime,onnx_node,0.001,0.0,0.001,0.001,1,2.9e-05,99.999912
efficientnet_b0,onnxrt_cuda,606,Mul:/features/features.5/features.5.2/block/block.2/Mul_fence_after,onnxruntime,onnx_node,0.001,0.0,0.001,0.001,1,2.9e-05,99.999942
efficientnet_b0,onnxrt_cuda,607,Conv:/features/features.4/features.4.1/block/block.0/block.0.0/Conv_fence_before,onnxruntime,onnx_node,0.001,0.0,0.001,0.001,1,2.9e-05,99.999971
efficientnet_b0,onnxrt_cuda,608,Sigmoid:/features/features.4/features.4.0/block/block.1/block.1.2/Sigmoid_fence_after,onnxruntime,onnx_node,0.001,0.0,0.001,0.001,1,2.9e-05,100.0
