RAM 3388/3964MB (lfb 2x4MB) SWAP 577/6078MB (cached 7MB) IRAM 0/252kB(lfb 252kB) CPU [4%@921,4%@921,off,off] EMC_FREQ 0%@1600 GR3D_FREQ 0%@614 APE 25 PLL@30C CPU@31.5C iwlwifi@32C PMIC@50C GPU@30.5C AO@41C thermal@31.25C POM_5V_IN 1689/1689 POM_5V_GPU 82/82 POM_5V_CPU 164/164
RAM 3388/3964MB (lfb 2x4MB) SWAP 577/6078MB (cached 7MB) IRAM 0/252kB(lfb 252kB) CPU [3%@921,6%@921,off,off] EMC_FREQ 0%@1600 GR3D_FREQ 0%@614 APE 25 PLL@30C CPU@31.5C iwlwifi@33C PMIC@50C GPU@30.5C AO@41C thermal@31C POM_5V_IN 1728/1708 POM_5V_GPU 82/82 POM_5V_CPU 164/164
RAM 3388/3964MB (lfb 2x4MB) SWAP 577/6078MB (cached 7MB) IRAM 0/252kB(lfb 252kB) CPU [4%@921,5%@921,off,off] EMC_FREQ 0%@1600 GR3D_FREQ 0%@614 APE 25 PLL@30C CPU@32C iwlwifi@32C PMIC@50C GPU@30.5C AO@41C thermal@31C POM_5V_IN 1731/1716 POM_5V_GPU 82/82 POM_5V_CPU 164/164
RAM 3389/3964MB (lfb 2x4MB) SWAP 577/6078MB (cached 7MB) IRAM 0/252kB(lfb 252kB) CPU [5%@921,4%@921,off,off] EMC_FREQ 0%@1600 GR3D_FREQ 0%@614 APE 25 PLL@30C CPU@31.5C iwlwifi@32C PMIC@50C GPU@30.5C AO@41C thermal@31C POM_5V_IN 1731/1719 POM_5V_GPU 82/82 POM_5V_CPU 164/164
RAM 3388/3964MB (lfb 2x4MB) SWAP 577/6078MB (cached 7MB) IRAM 0/252kB(lfb 252kB) CPU [5%@921,4%@921,off,off] EMC_FREQ 0%@1600 GR3D_FREQ 0%@614 APE 25 PLL@30C CPU@31.5C iwlwifi@32C PMIC@50C GPU@30C AO@41C thermal@31C POM_5V_IN 1689/1713 POM_5V_GPU 82/82 POM_5V_CPU 164/164
RAM 3388/3964MB (lfb 2x4MB) SWAP 577/6078MB (cached 7MB) IRAM 0/252kB(lfb 252kB) CPU [5%@921,3%@921,off,off] EMC_FREQ 0%@1600 GR3D_FREQ 0%@614 APE 25 PLL@30C CPU@32C iwlwifi@32C PMIC@50C GPU@30C AO@41.5C thermal@31.25C POM_5V_IN 1728/1716 POM_5V_GPU 82/82 POM_5V_CPU 164/164
RAM 3389/3964MB (lfb 2x4MB) SWAP 577/6078MB (cached 7MB) IRAM 0/252kB(lfb 252kB) CPU [5%@921,5%@921,off,off] EMC_FREQ 0%@1600 GR3D_FREQ 0%@614 APE 25 PLL@30C CPU@31.5C iwlwifi@32C PMIC@50C GPU@30.5C AO@41.5C thermal@31C POM_5V_IN 1689/1712 POM_5V_GPU 82/82 POM_5V_CPU 164/164
RAM 3389/3964MB (lfb 2x4MB) SWAP 577/6078MB (cached 7MB) IRAM 0/252kB(lfb 252kB) CPU [11%@921,6%@921,off,off] EMC_FREQ 0%@1600 GR3D_FREQ 0%@614 APE 25 PLL@30C CPU@32C iwlwifi@33C PMIC@50C GPU@30.5C AO@41.5C thermal@31C POM_5V_IN 1731/1714 POM_5V_GPU 82/82 POM_5V_CPU 164/164
RAM 1453/3964MB (lfb 5x4MB) SWAP 576/6078MB (cached 7MB) IRAM 0/252kB(lfb 252kB) CPU [22%@921,35%@921,off,off] EMC_FREQ 0%@1600 GR3D_FREQ 0%@614 APE 25 PLL@30C CPU@31.5C iwlwifi@33C PMIC@50C GPU@30C AO@41.5C thermal@31C POM_5V_IN 1728/1716 POM_5V_GPU 82/82 POM_5V_CPU 164/164
RAM 1453/3964MB (lfb 5x4MB) SWAP 576/6078MB (cached 7MB) IRAM 0/252kB(lfb 252kB) CPU [5%@921,4%@921,off,off] EMC_FREQ 2%@1600 GR3D_FREQ 0%@614 APE 25 PLL@30C CPU@32C iwlwifi@32C PMIC@50C GPU@30C AO@41C thermal@31C POM_5V_IN 2051/1749 POM_5V_GPU 82/82 POM_5V_CPU 328/180
RAM 1453/3964MB (lfb 5x4MB) SWAP 576/6078MB (cached 7MB) IRAM 0/252kB(lfb 252kB) CPU [5%@921,4%@921,off,off] EMC_FREQ 0%@1600 GR3D_FREQ 0%@614 APE 25 PLL@30C CPU@32C iwlwifi@32C PMIC@50C GPU@30C AO@41C thermal@30.75C POM_5V_IN 1687/1743 POM_5V_GPU 82/82 POM_5V_CPU 164/178
RAM 1453/3964MB (lfb 5x4MB) SWAP 576/6078MB (cached 7MB) IRAM 0/252kB(lfb 252kB) CPU [8%@921,2%@921,off,off] EMC_FREQ 0%@1600 GR3D_FREQ 0%@614 APE 25 PLL@30C CPU@31.5C iwlwifi@32C PMIC@50C GPU@30.5C AO@41C thermal@31.25C POM_5V_IN 1728/1742 POM_5V_GPU 82/82 POM_5V_CPU 164/177
RAM 1453/3964MB (lfb 5x4MB) SWAP 576/6078MB (cached 7MB) IRAM 0/252kB(lfb 252kB) CPU [7%@921,2%@921,off,off] EMC_FREQ 0%@1600 GR3D_FREQ 0%@614 APE 25 PLL@30C CPU@31.5C iwlwifi@32C PMIC@50C GPU@30.5C AO@41C thermal@31C POM_5V_IN 1731/1741 POM_5V_GPU 82/82 POM_5V_CPU 164/176
RAM 1453/3964MB (lfb 5x4MB) SWAP 576/6078MB (cached 7MB) IRAM 0/252kB(lfb 252kB) CPU [8%@921,1%@921,off,off] EMC_FREQ 0%@1600 GR3D_FREQ 0%@614 APE 25 PLL@30C CPU@31.5C iwlwifi@32C PMIC@50C GPU@30C AO@41C thermal@31C POM_5V_IN 1731/1740 POM_5V_GPU 82/82 POM_5V_CPU 164/175
RAM 1453/3964MB (lfb 5x4MB) SWAP 576/6078MB (cached 7MB) IRAM 0/252kB(lfb 252kB) CPU [7%@921,3%@921,off,off] EMC_FREQ 0%@1600 GR3D_FREQ 0%@614 APE 25 PLL@30C CPU@31.5C iwlwifi@32C PMIC@50C GPU@30C AO@41C thermal@30.75C POM_5V_IN 1689/1737 POM_5V_GPU 82/82 POM_5V_CPU 164/174
RAM 1453/3964MB (lfb 5x4MB) SWAP 576/6078MB (cached 7MB) IRAM 0/252kB(lfb 252kB) CPU [7%@921,1%@921,off,off] EMC_FREQ 0%@1600 GR3D_FREQ 0%@614 APE 25 PLL@30C CPU@31.5C iwlwifi@33C PMIC@50C GPU@30C AO@41C thermal@30.75C POM_5V_IN 1728/1736 POM_5V_GPU 82/82 POM_5V_CPU 164/174
RAM 1453/3964MB (lfb 5x4MB) SWAP 576/6078MB (cached 7MB) IRAM 0/252kB(lfb 252kB) CPU [7%@921,1%@921,off,off] EMC_FREQ 0%@1600 GR3D_FREQ 0%@614 APE 25 PLL@30C CPU@31.5C iwlwifi@32C PMIC@50C GPU@30C AO@41C thermal@30.75C POM_5V_IN 1689/1734 POM_5V_GPU 82/82 POM_5V_CPU 164/173
RAM 1456/3964MB (lfb 5x4MB) SWAP 576/6078MB (cached 9MB) IRAM 0/252kB(lfb 252kB) CPU [3%@921,4%@921,0%@921,0%@921] EMC_FREQ 0%@1600 GR3D_FREQ 0%@614 APE 25 PLL@30C CPU@31.5C iwlwifi@32C PMIC@50C GPU@30.5C AO@41C thermal@31.5C POM_5V_IN 1728/1733 POM_5V_GPU 82/82 POM_5V_CPU 164/173
RAM 1457/3964MB (lfb 5x4MB) SWAP 576/6078MB (cached 9MB) IRAM 0/252kB(lfb 252kB) CPU [2%@1479,3%@1479,0%@1479,0%@1479] EMC_FREQ 0%@1600 GR3D_FREQ 0%@921 APE 25 PLL@30.5C CPU@32.5C iwlwifi@33C PMIC@50C GPU@30.5C AO@41C thermal@31.25C POM_5V_IN 1890/1741 POM_5V_GPU 123/84 POM_5V_CPU 287/179
RAM 1456/3964MB (lfb 5x4MB) SWAP 576/6078MB (cached 9MB) IRAM 0/252kB(lfb 252kB) CPU [2%@1479,1%@1479,1%@1479,0%@1479] EMC_FREQ 0%@1600 GR3D_FREQ 0%@921 APE 25 PLL@30.5C CPU@32C iwlwifi@32C PMIC@50C GPU@30.5C AO@41C thermal@31.75C POM_5V_IN 1928/1751 POM_5V_GPU 123/86 POM_5V_CPU 287/184
RAM 1457/3964MB (lfb 5x4MB) SWAP 576/6078MB (cached 9MB) IRAM 0/252kB(lfb 252kB) CPU [4%@1479,1%@1479,0%@1479,0%@1479] EMC_FREQ 0%@1600 GR3D_FREQ 0%@921 APE 25 PLL@30C CPU@32C iwlwifi@32C PMIC@50C GPU@30.5C AO@41C thermal@31.5C POM_5V_IN 1890/1757 POM_5V_GPU 123/87 POM_5V_CPU 287/189
RAM 1549/3964MB (lfb 5x4MB) SWAP 576/6078MB (cached 9MB) IRAM 0/252kB(lfb 252kB) CPU [37%@1479,34%@1479,45%@1479,35%@1479] EMC_FREQ 0%@1600 GR3D_FREQ 0%@921 APE 25 PLL@30.5C CPU@32C iwlwifi@32C PMIC@50C GPU@31.5C AO@42.5C thermal@33.25C POM_5V_IN 1887/1763 POM_5V_GPU 123/89 POM_5V_CPU 287/193
RAM 1620/3964MB (lfb 5x4MB) SWAP 576/6078MB (cached 9MB) IRAM 0/252kB(lfb 252kB) CPU [98%@1479,94%@1479,100%@1479,100%@1479] EMC_FREQ 1%@1600 GR3D_FREQ 0%@921 APE 25 PLL@32C CPU@34.5C iwlwifi@33C PMIC@50C GPU@32C AO@43C thermal@33.75C POM_5V_IN 4259/1872 POM_5V_GPU 119/90 POM_5V_CPU 2428/290
RAM 1623/3964MB (lfb 5x4MB) SWAP 576/6078MB (cached 9MB) IRAM 0/252kB(lfb 252kB) CPU [100%@1479,100%@1479,100%@1479,100%@1479] EMC_FREQ 1%@1600 GR3D_FREQ 0%@921 APE 25 PLL@33C CPU@35.5C iwlwifi@33C PMIC@50C GPU@32.5C AO@43.5C thermal@34.25C POM_5V_IN 4730/1991 POM_5V_GPU 157/93 POM_5V_CPU 3075/406
RAM 1620/3964MB (lfb 5x4MB) SWAP 576/6078MB (cached 9MB) IRAM 0/252kB(lfb 252kB) CPU [100%@1479,100%@1479,100%@1479,100%@1479] EMC_FREQ 1%@1600 GR3D_FREQ 0%@921 APE 25 PLL@33C CPU@36C iwlwifi@32C PMIC@50C GPU@33C AO@43.5C thermal@34.5C POM_5V_IN 4706/2099 POM_5V_GPU 158/96 POM_5V_CPU 3045/512
RAM 1621/3964MB (lfb 5x4MB) SWAP 576/6078MB (cached 9MB) IRAM 0/252kB(lfb 252kB) CPU [100%@1479,100%@1479,100%@1479,100%@1479] EMC_FREQ 2%@1600 GR3D_FREQ 0%@921 APE 25 PLL@33.5C CPU@36.5C iwlwifi@32C PMIC@50C GPU@33C AO@44C thermal@34.75C POM_5V_IN 4659/2198 POM_5V_GPU 157/98 POM_5V_CPU 3001/608
RAM 1620/3964MB (lfb 5x4MB) SWAP 576/6078MB (cached 9MB) IRAM 0/252kB(lfb 252kB) CPU [100%@1479,100%@1479,100%@1479,100%@1479] EMC_FREQ 1%@1600 GR3D_FREQ 0%@921 APE 25 PLL@33.5C CPU@36.5C iwlwifi@33C PMIC@50C GPU@33.5C AO@44.5C thermal@35.5C POM_5V_IN 4674/2289 POM_5V_GPU 158/100 POM_5V_CPU 2966/695
RAM 1622/3964MB (lfb 5x4MB) SWAP 576/6078MB (cached 9MB) IRAM 0/252kB(lfb 252kB) CPU [100%@1479,100%@1479,100%@1479,100%@1479] EMC_FREQ 1%@1600 GR3D_FREQ 0%@921 APE 25 PLL@34C CPU@37C iwlwifi@33C PMIC@50C GPU@34C AO@45C thermal@35.5C POM_5V_IN 4674/2375 POM_5V_GPU 158/102 POM_5V_CPU 3005/778
RAM 1621/3964MB (lfb 5x4MB) SWAP 576/6078MB (cached 9MB) IRAM 0/252kB(lfb 252kB) CPU [100%@1479,100%@1479,100%@1479,100%@1479] EMC_FREQ 1%@1600 GR3D_FREQ 0%@921 APE 25 PLL@34.5C CPU@37C iwlwifi@33C PMIC@50C GPU@34.5C AO@45.5C thermal@35.75C POM_5V_IN 4674/2454 POM_5V_GPU 158/104 POM_5V_CPU 3005/854
RAM 1625/3964MB (lfb 5x4MB) SWAP 576/6078MB (cached 9MB) IRAM 0/252kB(lfb 252kB) CPU [100%@1479,100%@1479,100%@1479,100%@1479] EMC_FREQ 1%@1600 GR3D_FREQ 0%@921 APE 25 PLL@34.5C CPU@37.5C iwlwifi@33C PMIC@50C GPU@35C AO@45.5C thermal@36.25C POM_5V_IN 4714/2529 POM_5V_GPU 158/106 POM_5V_CPU 3045/927
RAM 1621/3964MB (lfb 5x4MB) SWAP 576/6078MB (cached 9MB) IRAM 0/252kB(lfb 252kB) CPU [100%@1479,100%@1479,100%@1479,100%@1479] EMC_FREQ 1%@1600 GR3D_FREQ 0%@921 APE 25 PLL@35C CPU@38C iwlwifi@33C PMIC@50C GPU@35C AO@46C thermal@36.75C POM_5V_IN 4674/2598 POM_5V_GPU 158/108 POM_5V_CPU 3010/994
RAM 1625/3964MB (lfb 5x4MB) SWAP 576/6078MB (cached 9MB) IRAM 0/252kB(lfb 252kB) CPU [100%@1479,100%@1479,100%@1479,100%@1479] EMC_FREQ 1%@1600 GR3D_FREQ 0%@921 APE 25 PLL@35.5C CPU@39C iwlwifi@33C PMIC@50C GPU@35.5C AO@46.5C thermal@37C POM_5V_IN 4825/2668 POM_5V_GPU 158/109 POM_5V_CPU 3164/1062
RAM 1622/3964MB (lfb 4x4MB) SWAP 576/6078MB (cached 9MB) IRAM 0/252kB(lfb 252kB) CPU [100%@1479,100%@1479,100%@1479,100%@1479] EMC_FREQ 1%@1600 GR3D_FREQ 0%@921 APE 25 PLL@36C CPU@38.5C iwlwifi@35C PMIC@50C GPU@35.5C AO@47C thermal@37.5C POM_5V_IN 4753/2731 POM_5V_GPU 158/111 POM_5V_CPU 3085/1124
RAM 1637/3964MB (lfb 4x4MB) SWAP 576/6078MB (cached 9MB) IRAM 0/252kB(lfb 252kB) CPU [100%@1479,100%@1479,100%@1479,100%@1479] EMC_FREQ 1%@1600 GR3D_FREQ 0%@921 APE 25 PLL@36C CPU@39.5C iwlwifi@33C PMIC@50C GPU@36C AO@47C thermal@37.75C POM_5V_IN 4944/2796 POM_5V_GPU 158/112 POM_5V_CPU 3238/1186
RAM 1624/3964MB (lfb 4x4MB) SWAP 576/6078MB (cached 9MB) IRAM 0/252kB(lfb 252kB) CPU [100%@1479,99%@1479,100%@1479,100%@1479] EMC_FREQ 1%@1600 GR3D_FREQ 0%@921 APE 25 PLL@36.5C CPU@39.5C iwlwifi@33C PMIC@50C GPU@36C AO@47C thermal@38.25C POM_5V_IN 4912/2857 POM_5V_GPU 158/113 POM_5V_CPU 3085/1240
RAM 1626/3964MB (lfb 4x4MB) SWAP 576/6078MB (cached 9MB) IRAM 0/252kB(lfb 252kB) CPU [100%@1479,100%@1479,100%@1479,100%@1479] EMC_FREQ 1%@1600 GR3D_FREQ 0%@921 APE 25 PLL@36.5C CPU@40C iwlwifi@33C PMIC@50C GPU@36.5C AO@47.5C thermal@38.25C POM_5V_IN 4801/2911 POM_5V_GPU 158/114 POM_5V_CPU 3090/1291
RAM 1624/3964MB (lfb 4x4MB) SWAP 576/6078MB (cached 9MB) IRAM 0/252kB(lfb 252kB) CPU [100%@1479,100%@1479,100%@1479,100%@1479] EMC_FREQ 1%@1600 GR3D_FREQ 0%@921 APE 25 PLL@37C CPU@40C iwlwifi@33C PMIC@50C GPU@36.5C AO@48C thermal@38.25C POM_5V_IN 4872/2964 POM_5V_GPU 158/116 POM_5V_CPU 3208/1343
RAM 1627/3964MB (lfb 4x4MB) SWAP 576/6078MB (cached 9MB) IRAM 0/252kB(lfb 252kB) CPU [100%@1479,100%@1479,100%@1479,100%@1479] EMC_FREQ 1%@1600 GR3D_FREQ 0%@921 APE 25 PLL@37.5C CPU@40C iwlwifi@33C PMIC@50C GPU@37C AO@48.5C thermal@38.75C POM_5V_IN 4801/3012 POM_5V_GPU 158/117 POM_5V_CPU 3134/1390
RAM 1624/3964MB (lfb 4x4MB) SWAP 576/6078MB (cached 9MB) IRAM 0/252kB(lfb 252kB) CPU [100%@1479,100%@1479,100%@1479,100%@1479] EMC_FREQ 1%@1600 GR3D_FREQ 0%@921 APE 25 PLL@37.5C CPU@40.5C iwlwifi@35C PMIC@50C GPU@37C AO@49C thermal@38.75C POM_5V_IN 4689/3055 POM_5V_GPU 158/118 POM_5V_CPU 2980/1431
RAM 1625/3964MB (lfb 4x4MB) SWAP 576/6078MB (cached 9MB) IRAM 0/252kB(lfb 252kB) CPU [100%@1479,100%@1479,100%@1479,100%@1479] EMC_FREQ 1%@1600 GR3D_FREQ 0%@921 APE 25 PLL@38C CPU@40.5C iwlwifi@33C PMIC@50C GPU@37.5C AO@49C thermal@39.25C POM_5V_IN 4737/3097 POM_5V_GPU 159/119 POM_5V_CPU 3020/1471
RAM 1624/3964MB (lfb 4x4MB) SWAP 576/6078MB (cached 9MB) IRAM 0/252kB(lfb 252kB) CPU [100%@1479,100%@1479,100%@1479,100%@1479] EMC_FREQ 2%@1600 GR3D_FREQ 0%@921 APE 25 PLL@38.5C CPU@41.5C iwlwifi@33C PMIC@50C GPU@38C AO@49C thermal@39.25C POM_5V_IN 4776/3138 POM_5V_GPU 159/120 POM_5V_CPU 3020/1508
RAM 1625/3964MB (lfb 4x4MB) SWAP 576/6078MB (cached 9MB) IRAM 0/252kB(lfb 252kB) CPU [17%@1479,16%@1479,16%@1479,18%@1479] EMC_FREQ 1%@1600 GR3D_FREQ 0%@921 APE 25 PLL@39C CPU@41C iwlwifi@34C PMIC@50C GPU@37C AO@48C thermal@37.75C POM_5V_IN 4968/3181 POM_5V_GPU 158/121 POM_5V_CPU 3134/1547
RAM 1625/3964MB (lfb 4x4MB) SWAP 576/6078MB (cached 9MB) IRAM 0/252kB(lfb 252kB) CPU [3%@1479,2%@1479,0%@1479,0%@1479] EMC_FREQ 0%@1600 GR3D_FREQ 0%@921 APE 25 PLL@36.5C CPU@38C iwlwifi@35C PMIC@50C GPU@36.5C AO@47.5C thermal@37.75C POM_5V_IN 1966/3153 POM_5V_GPU 163/122 POM_5V_CPU 327/1519
RAM 1625/3964MB (lfb 4x4MB) SWAP 576/6078MB (cached 9MB) IRAM 0/252kB(lfb 252kB) CPU [2%@1479,1%@1479,3%@1479,0%@1479] EMC_FREQ 0%@1600 GR3D_FREQ 0%@921 APE 25 PLL@36.5C CPU@38C iwlwifi@34C PMIC@50C GPU@36.5C AO@47.5C thermal@37.25C POM_5V_IN 1966/3126 POM_5V_GPU 163/123 POM_5V_CPU 327/1492
RAM 1625/3964MB (lfb 4x4MB) SWAP 576/6078MB (cached 9MB) IRAM 0/252kB(lfb 252kB) CPU [1%@1479,0%@1479,0%@1479,3%@1479] EMC_FREQ 0%@1600 GR3D_FREQ 0%@921 APE 25 PLL@36.5C CPU@38C iwlwifi@35C PMIC@50C GPU@36.5C AO@47.5C thermal@37.25C POM_5V_IN 1966/3100 POM_5V_GPU 163/123 POM_5V_CPU 327/1466
RAM 1625/3964MB (lfb 4x4MB) SWAP 576/6078MB (cached 9MB) IRAM 0/252kB(lfb 252kB) CPU [2%@1479,0%@1479,1%@1479,2%@1479] EMC_FREQ 0%@1600 GR3D_FREQ 0%@921 APE 25 PLL@36C CPU@37.5C iwlwifi@34C PMIC@50C GPU@36.5C AO@47C thermal@37C POM_5V_IN 2007/3077 POM_5V_GPU 163/124 POM_5V_CPU 327/1441
RAM 1625/3964MB (lfb 3x4MB) SWAP 576/6078MB (cached 9MB) IRAM 0/252kB(lfb 252kB) CPU [4%@1479,0%@1479,0%@1479,1%@1479] EMC_FREQ 0%@1600 GR3D_FREQ 0%@921 APE 25 PLL@36C CPU@37.5C iwlwifi@34C PMIC@50C GPU@36C AO@47C thermal@37C POM_5V_IN 1963/3053 POM_5V_GPU 163/125 POM_5V_CPU 327/1417
RAM 1624/3964MB (lfb 32x1MB) SWAP 576/6078MB (cached 9MB) IRAM 0/252kB(lfb 252kB) CPU [2%@1479,0%@1479,3%@1479,1%@1479] EMC_FREQ 0%@1600 GR3D_FREQ 0%@921 APE 25 PLL@35.5C CPU@37.5C iwlwifi@34C PMIC@50C GPU@36C AO@47C thermal@37C POM_5V_IN 2003/3031 POM_5V_GPU 163/126 POM_5V_CPU 327/1395
RAM 1624/3964MB (lfb 1x2MB) SWAP 576/6078MB (cached 9MB) IRAM 0/252kB(lfb 252kB) CPU [1%@1479,0%@1479,1%@1479,3%@1479] EMC_FREQ 0%@1600 GR3D_FREQ 0%@921 APE 25 PLL@36C CPU@37.5C iwlwifi@34C PMIC@50C GPU@36C AO@47C thermal@36.75C POM_5V_IN 1966/3009 POM_5V_GPU 163/127 POM_5V_CPU 327/1373
RAM 1655/3964MB (lfb 34x1MB) SWAP 576/6078MB (cached 9MB) IRAM 0/252kB(lfb 252kB) CPU [26%@1479,21%@1479,21%@1479,21%@1479] EMC_FREQ 0%@1600 GR3D_FREQ 0%@921 APE 25 PLL@35.5C CPU@37.5C iwlwifi@34C PMIC@50C GPU@36.5C AO@48C thermal@38.25C POM_5V_IN 1969/2988 POM_5V_GPU 163/127 POM_5V_CPU 327/1352
RAM 2673/3964MB (lfb 28x1MB) SWAP 576/6078MB (cached 9MB) IRAM 0/252kB(lfb 252kB) CPU [94%@1479,95%@1479,100%@1479,92%@1479] EMC_FREQ 1%@1600 GR3D_FREQ 0%@921 APE 25 PLL@37.5C CPU@39.5C iwlwifi@34C PMIC@50C GPU@37C AO@48.5C thermal@38.5C POM_5V_IN 4505/3018 POM_5V_GPU 199/129 POM_5V_CPU 2507/1375
RAM 3175/3964MB (lfb 4x1MB) SWAP 630/6078MB (cached 8MB) IRAM 0/252kB(lfb 252kB) CPU [63%@1479,64%@1479,73%@1479,80%@1479] EMC_FREQ 3%@1600 GR3D_FREQ 0%@921 APE 25 PLL@37.5C CPU@40C iwlwifi@36C PMIC@50C GPU@37C AO@48C thermal@37.75C POM_5V_IN 4472/3046 POM_5V_GPU 279/132 POM_5V_CPU 2511/1396
RAM 3175/3964MB (lfb 4x1MB) SWAP 630/6078MB (cached 8MB) IRAM 0/252kB(lfb 252kB) CPU [18%@1479,17%@1479,10%@1479,99%@1479] EMC_FREQ 3%@1600 GR3D_FREQ 11%@921 APE 25 PLL@37C CPU@39C iwlwifi@34C PMIC@50C GPU@37.5C AO@48.5C thermal@38C POM_5V_IN 3397/3053 POM_5V_GPU 606/141 POM_5V_CPU 1251/1394
RAM 3175/3964MB (lfb 4x1MB) SWAP 630/6078MB (cached 8MB) IRAM 0/252kB(lfb 252kB) CPU [21%@1479,10%@1479,10%@1479,100%@1479] EMC_FREQ 6%@1600 GR3D_FREQ 10%@921 APE 25 PLL@37.5C CPU@39C iwlwifi@34C PMIC@50C GPU@37.5C AO@48.5C thermal@38.5C POM_5V_IN 3473/3061 POM_5V_GPU 605/149 POM_5V_CPU 1332/1392
RAM 3176/3964MB (lfb 5x1MB) SWAP 630/6078MB (cached 8MB) IRAM 0/252kB(lfb 252kB) CPU [20%@1479,12%@1479,11%@1479,100%@1479] EMC_FREQ 6%@1600 GR3D_FREQ 43%@921 APE 25 PLL@37C CPU@39.5C iwlwifi@35C PMIC@50C GPU@37.5C AO@49C thermal@38.5C POM_5V_IN 3864/3075 POM_5V_GPU 1006/165 POM_5V_CPU 1205/1389
RAM 3176/3964MB (lfb 3x2MB) SWAP 629/6078MB (cached 9MB) IRAM 0/252kB(lfb 252kB) CPU [6%@1479,6%@1479,4%@1479,21%@1479] EMC_FREQ 7%@1600 GR3D_FREQ 88%@921 APE 25 PLL@37.5C CPU@39.5C iwlwifi@34C PMIC@50C GPU@37C AO@48C thermal@37.5C POM_5V_IN 4625/3103 POM_5V_GPU 1632/191 POM_5V_CPU 1192/1386
RAM 3177/3964MB (lfb 3x2MB) SWAP 629/6078MB (cached 9MB) IRAM 0/252kB(lfb 252kB) CPU [2%@1479,2%@1479,0%@1479,0%@1479] EMC_FREQ 1%@1600 GR3D_FREQ 0%@921 APE 25 PLL@36.5C CPU@38C iwlwifi@34C PMIC@50C GPU@36.5C AO@47.5C thermal@37.25C POM_5V_IN 2013/3084 POM_5V_GPU 164/190 POM_5V_CPU 328/1367
RAM 3177/3964MB (lfb 3x2MB) SWAP 629/6078MB (cached 9MB) IRAM 0/252kB(lfb 252kB) CPU [2%@1479,2%@1479,0%@1479,0%@1479] EMC_FREQ 0%@1600 GR3D_FREQ 0%@921 APE 25 PLL@36C CPU@38C iwlwifi@34C PMIC@50C GPU@36.5C AO@47.5C thermal@37.75C POM_5V_IN 2013/3065 POM_5V_GPU 164/190 POM_5V_CPU 369/1350
RAM 3176/3964MB (lfb 3x2MB) SWAP 629/6078MB (cached 9MB) IRAM 0/252kB(lfb 252kB) CPU [2%@1479,3%@1479,0%@1479,1%@1479] EMC_FREQ 0%@1600 GR3D_FREQ 0%@921 APE 25 PLL@36.5C CPU@38.5C iwlwifi@35C PMIC@50C GPU@36.5C AO@47.5C thermal@37.25C POM_5V_IN 2334/3053 POM_5V_GPU 163/190 POM_5V_CPU 695/1339
RAM 3177/3964MB (lfb 3x2MB) SWAP 629/6078MB (cached 9MB) IRAM 0/252kB(lfb 252kB) CPU [2%@1479,3%@1479,0%@1479,0%@1479] EMC_FREQ 0%@1600 GR3D_FREQ 0%@921 APE 25 PLL@36C CPU@37.5C iwlwifi@34C PMIC@50C GPU@36C AO@47.5C thermal@37C POM_5V_IN 2013/3035 POM_5V_GPU 164/189 POM_5V_CPU 369/1322
RAM 3178/3964MB (lfb 3x2MB) SWAP 629/6078MB (cached 9MB) IRAM 0/252kB(lfb 252kB) CPU [2%@1479,1%@1479,1%@1479,0%@1479] EMC_FREQ 0%@1600 GR3D_FREQ 0%@921 APE 25 PLL@36C CPU@37.5C iwlwifi@34C PMIC@50C GPU@36C AO@47C thermal@37.25C POM_5V_IN 1972/3018 POM_5V_GPU 164/189 POM_5V_CPU 328/1306
RAM 3177/3964MB (lfb 3x2MB) SWAP 629/6078MB (cached 9MB) IRAM 0/252kB(lfb 252kB) CPU [2%@1479,0%@1479,3%@1479,1%@1479] EMC_FREQ 0%@1600 GR3D_FREQ 0%@921 APE 25 PLL@36C CPU@38C iwlwifi@34C PMIC@50C GPU@36.5C AO@47.5C thermal@36.75C POM_5V_IN 2013/3002 POM_5V_GPU 164/188 POM_5V_CPU 369/1291
RAM 3178/3964MB (lfb 3x2MB) SWAP 629/6078MB (cached 9MB) IRAM 0/252kB(lfb 252kB) CPU [2%@1479,0%@1479,2%@1479,0%@1479] EMC_FREQ 0%@1600 GR3D_FREQ 0%@921 APE 25 PLL@35.5C CPU@37.5C iwlwifi@34C PMIC@50C GPU@36C AO@47C thermal@36.75C POM_5V_IN 2054/2987 POM_5V_GPU 164/188 POM_5V_CPU 369/1276
RAM 3178/3964MB (lfb 3x2MB) SWAP 629/6078MB (cached 9MB) IRAM 0/252kB(lfb 252kB) CPU [5%@1479,2%@1479,2%@1479,2%@1479] EMC_FREQ 0%@1600 GR3D_FREQ 0%@921 APE 25 PLL@35.5C CPU@37.5C iwlwifi@35C PMIC@50C GPU@36C AO@47C thermal@36.75C POM_5V_IN 2013/2972 POM_5V_GPU 164/187 POM_5V_CPU 369/1262
RAM 3177/3964MB (lfb 3x2MB) SWAP 630/6078MB (cached 9MB) IRAM 0/252kB(lfb 252kB) CPU [4%@1479,1%@1479,1%@1479,1%@1479] EMC_FREQ 0%@1600 GR3D_FREQ 0%@921 APE 25 PLL@35C CPU@37C iwlwifi@34C PMIC@50C GPU@35.5C AO@47C thermal@36.75C POM_5V_IN 1972/2956 POM_5V_GPU 164/187 POM_5V_CPU 328/1248
RAM 3176/3964MB (lfb 3x2MB) SWAP 630/6078MB (cached 9MB) IRAM 0/252kB(lfb 252kB) CPU [4%@1479,0%@1479,1%@1479,0%@1479] EMC_FREQ 0%@1600 GR3D_FREQ 0%@921 APE 25 PLL@35C CPU@37C iwlwifi@36C PMIC@50C GPU@35.5C AO@46.5C thermal@36.25C POM_5V_IN 2013/2942 POM_5V_GPU 164/187 POM_5V_CPU 369/1234
RAM 3177/3964MB (lfb 3x2MB) SWAP 630/6078MB (cached 9MB) IRAM 0/252kB(lfb 252kB) CPU [4%@1479,0%@1479,0%@1479,0%@1479] EMC_FREQ 0%@1600 GR3D_FREQ 0%@921 APE 25 PLL@35C CPU@37C iwlwifi@34C PMIC@50C GPU@35.5C AO@46.5C thermal@36.25C POM_5V_IN 2013/2928 POM_5V_GPU 164/186 POM_5V_CPU 369/1222
RAM 3177/3964MB (lfb 3x2MB) SWAP 630/6078MB (cached 9MB) IRAM 0/252kB(lfb 252kB) CPU [2%@1479,2%@1479,0%@1479,1%@1479] EMC_FREQ 0%@1600 GR3D_FREQ 0%@921 APE 25 PLL@35C CPU@37C iwlwifi@34C PMIC@50C GPU@35.5C AO@46.5C thermal@36.5C POM_5V_IN 1972/2914 POM_5V_GPU 164/186 POM_5V_CPU 328/1208
RAM 3176/3964MB (lfb 3x2MB) SWAP 630/6078MB (cached 9MB) IRAM 0/252kB(lfb 252kB) CPU [2%@1479,1%@1479,2%@1479,0%@1479] EMC_FREQ 0%@1600 GR3D_FREQ 0%@921 APE 25 PLL@35C CPU@37C iwlwifi@35C PMIC@50C GPU@35.5C AO@46.5C thermal@36.25C POM_5V_IN 1972/2900 POM_5V_GPU 164/186 POM_5V_CPU 328/1196
RAM 3176/3964MB (lfb 3x2MB) SWAP 630/6078MB (cached 9MB) IRAM 0/252kB(lfb 252kB) CPU [2%@1479,0%@1479,3%@1479,2%@1479] EMC_FREQ 0%@1600 GR3D_FREQ 0%@921 APE 25 PLL@35C CPU@37C iwlwifi@34C PMIC@50C GPU@35.5C AO@46.5C thermal@36.25C POM_5V_IN 2092/2889 POM_5V_GPU 164/185 POM_5V_CPU 327/1183
RAM 3176/3964MB (lfb 3x2MB) SWAP 630/6078MB (cached 9MB) IRAM 0/252kB(lfb 252kB) CPU [2%@1479,0%@1479,0%@1479,2%@1479] EMC_FREQ 0%@1600 GR3D_FREQ 0%@921 APE 25 PLL@35C CPU@37C iwlwifi@35C PMIC@50C GPU@35C AO@46.5C thermal@36.25C POM_5V_IN 2013/2876 POM_5V_GPU 164/185 POM_5V_CPU 369/1172
RAM 3178/3964MB (lfb 3x2MB) SWAP 630/6078MB (cached 9MB) IRAM 0/252kB(lfb 252kB) CPU [5%@1479,2%@1479,1%@1479,0%@1479] EMC_FREQ 0%@1600 GR3D_FREQ 0%@921 APE 25 PLL@35C CPU@37C iwlwifi@34C PMIC@50C GPU@35.5C AO@45.5C thermal@36.5C POM_5V_IN 1972/2864 POM_5V_GPU 164/185 POM_5V_CPU 328/1160
RAM 3177/3964MB (lfb 3x2MB) SWAP 630/6078MB (cached 9MB) IRAM 0/252kB(lfb 252kB) CPU [3%@1479,1%@1479,1%@1479,2%@1479] EMC_FREQ 0%@1600 GR3D_FREQ 0%@921 APE 25 PLL@35C CPU@37C iwlwifi@34C PMIC@50C GPU@35C AO@46C thermal@35.75C POM_5V_IN 1972/2852 POM_5V_GPU 164/185 POM_5V_CPU 328/1149
RAM 3178/3964MB (lfb 3x2MB) SWAP 630/6078MB (cached 9MB) IRAM 0/252kB(lfb 252kB) CPU [1%@1479,2%@1479,0%@1479,0%@1479] EMC_FREQ 0%@1600 GR3D_FREQ 0%@921 APE 25 PLL@35C CPU@36.5C iwlwifi@34C PMIC@50C GPU@35.5C AO@46C thermal@35.75C POM_5V_IN 2010/2840 POM_5V_GPU 164/184 POM_5V_CPU 369/1138
RAM 3177/3964MB (lfb 3x2MB) SWAP 630/6078MB (cached 9MB) IRAM 0/252kB(lfb 252kB) CPU [2%@1479,2%@1479,1%@1479,0%@1479] EMC_FREQ 0%@1600 GR3D_FREQ 0%@921 APE 25 PLL@34.5C CPU@36.5C iwlwifi@34C PMIC@50C GPU@35.5C AO@46C thermal@35.75C POM_5V_IN 2013/2829 POM_5V_GPU 164/184 POM_5V_CPU 369/1128
RAM 3177/3964MB (lfb 3x2MB) SWAP 630/6078MB (cached 9MB) IRAM 0/252kB(lfb 252kB) CPU [4%@1479,0%@1479,0%@1479,0%@1479] EMC_FREQ 0%@1600 GR3D_FREQ 0%@921 APE 25 PLL@34.5C CPU@37C iwlwifi@34C PMIC@50C GPU@35C AO@46C thermal@35.75C POM_5V_IN 1972/2818 POM_5V_GPU 164/184 POM_5V_CPU 328/1117
RAM 3178/3964MB (lfb 3x2MB) SWAP 630/6078MB (cached 9MB) IRAM 0/252kB(lfb 252kB) CPU [3%@1479,2%@1479,0%@1479,0%@1479] EMC_FREQ 0%@1600 GR3D_FREQ 0%@921 APE 25 PLL@34.5C CPU@36.5C iwlwifi@34C PMIC@50C GPU@35C AO@45.5C thermal@35.75C POM_5V_IN 1972/2807 POM_5V_GPU 164/183 POM_5V_CPU 328/1107
RAM 3178/3964MB (lfb 3x2MB) SWAP 630/6078MB (cached 9MB) IRAM 0/252kB(lfb 252kB) CPU [2%@1479,2%@1479,0%@1479,0%@1479] EMC_FREQ 0%@1600 GR3D_FREQ 0%@921 APE 25 PLL@34C CPU@36C iwlwifi@34C PMIC@50C GPU@35C AO@45.5C thermal@35.75C POM_5V_IN 2013/2797 POM_5V_GPU 164/183 POM_5V_CPU 369/1098
RAM 3177/3964MB (lfb 3x2MB) SWAP 630/6078MB (cached 9MB) IRAM 0/252kB(lfb 252kB) CPU [2%@1479,2%@1479,0%@1479,0%@1479] EMC_FREQ 0%@1600 GR3D_FREQ 0%@921 APE 25 PLL@34C CPU@36C iwlwifi@34C PMIC@50C GPU@34.5C AO@45.5C thermal@35.5C POM_5V_IN 2013/2787 POM_5V_GPU 164/183 POM_5V_CPU 328/1088
RAM 3178/3964MB (lfb 3x2MB) SWAP 630/6078MB (cached 9MB) IRAM 0/252kB(lfb 252kB) CPU [3%@1479,3%@1479,2%@1479,3%@1479] EMC_FREQ 0%@1600 GR3D_FREQ 0%@921 APE 25 PLL@34.5C CPU@36.5C iwlwifi@34C PMIC@50C GPU@35C AO@45.5C thermal@35.5C POM_5V_IN 1972/2777 POM_5V_GPU 164/183 POM_5V_CPU 369/1079
RAM 3177/3964MB (lfb 3x2MB) SWAP 630/6078MB (cached 9MB) IRAM 0/252kB(lfb 252kB) CPU [2%@1479,0%@1479,2%@1479,1%@1479] EMC_FREQ 0%@1600 GR3D_FREQ 0%@921 APE 25 PLL@34C CPU@36C iwlwifi@37C PMIC@50C GPU@34.5C AO@45.5C thermal@35.25C POM_5V_IN 1972/2767 POM_5V_GPU 164/182 POM_5V_CPU 328/1070
RAM 3178/3964MB (lfb 3x2MB) SWAP 630/6078MB (cached 9MB) IRAM 0/252kB(lfb 252kB) CPU [2%@1479,0%@1479,0%@1479,2%@1479] EMC_FREQ 0%@1600 GR3D_FREQ 0%@921 APE 25 PLL@34C CPU@36C iwlwifi@36C PMIC@50C GPU@34.5C AO@45C thermal@35C POM_5V_IN 1969/2757 POM_5V_GPU 164/182 POM_5V_CPU 328/1061
RAM 3178/3964MB (lfb 3x2MB) SWAP 630/6078MB (cached 9MB) IRAM 0/252kB(lfb 252kB) CPU [3%@1479,0%@1479,0%@1479,2%@1479] EMC_FREQ 0%@1600 GR3D_FREQ 0%@921 APE 25 PLL@34C CPU@36C iwlwifi@34C PMIC@50C GPU@34.5C AO@45C thermal@35C POM_5V_IN 1972/2747 POM_5V_GPU 164/182 POM_5V_CPU 328/1052
RAM 3177/3964MB (lfb 3x2MB) SWAP 630/6078MB (cached 9MB) IRAM 0/252kB(lfb 252kB) CPU [2%@1479,0%@1479,1%@1479,3%@1479] EMC_FREQ 0%@1600 GR3D_FREQ 0%@921 APE 25 PLL@34.5C CPU@35.5C iwlwifi@34C PMIC@50C GPU@34C AO@45C thermal@35C POM_5V_IN 1972/2738 POM_5V_GPU 164/182 POM_5V_CPU 328/1043
RAM 3177/3964MB (lfb 3x2MB) SWAP 630/6078MB (cached 9MB) IRAM 0/252kB(lfb 252kB) CPU [2%@1479,0%@1479,0%@1479,2%@1479] EMC_FREQ 0%@1600 GR3D_FREQ 0%@921 APE 25 PLL@34C CPU@35.5C iwlwifi@34C PMIC@50C GPU@34.5C AO@45C thermal@35C POM_5V_IN 1972/2729 POM_5V_GPU 164/182 POM_5V_CPU 328/1035
RAM 3177/3964MB (lfb 3x2MB) SWAP 630/6078MB (cached 9MB) IRAM 0/252kB(lfb 252kB) CPU [2%@1479,0%@1479,0%@1479,2%@1479] EMC_FREQ 0%@1600 GR3D_FREQ 0%@921 APE 25 PLL@33.5C CPU@36C iwlwifi@34C PMIC@50C GPU@34.5C AO@45C thermal@35C POM_5V_IN 1972/2720 POM_5V_GPU 164/181 POM_5V_CPU 328/1026
RAM 3183/3964MB (lfb 2x2MB) SWAP 629/6078MB (cached 9MB) IRAM 0/252kB(lfb 252kB) CPU [4%@1479,2%@1479,1%@1479,4%@1479] EMC_FREQ 0%@1600 GR3D_FREQ 0%@921 APE 25 PLL@34C CPU@35.5C iwlwifi@34C PMIC@50C GPU@34.5C AO@45C thermal@35C POM_5V_IN 1934/2711 POM_5V_GPU 164/181 POM_5V_CPU 328/1018
RAM 3186/3964MB (lfb 2x2MB) SWAP 629/6078MB (cached 11MB) IRAM 0/252kB(lfb 252kB) CPU [2%@1479,1%@1479,3%@1479,4%@1479] EMC_FREQ 0%@1600 GR3D_FREQ 0%@921 APE 25 PLL@33.5C CPU@35.5C iwlwifi@34C PMIC@50C GPU@34.5C AO@44.5C thermal@34.75C POM_5V_IN 1972/2703 POM_5V_GPU 164/181 POM_5V_CPU 328/1011
RAM 3186/3964MB (lfb 2x2MB) SWAP 629/6078MB (cached 11MB) IRAM 0/252kB(lfb 252kB) CPU [4%@1479,0%@1479,0%@1479,0%@1479] EMC_FREQ 0%@1600 GR3D_FREQ 0%@921 APE 25 PLL@33.5C CPU@35.5C iwlwifi@34C PMIC@50C GPU@34.5C AO@44.5C thermal@35C POM_5V_IN 1934/2694 POM_5V_GPU 164/181 POM_5V_CPU 328/1003
RAM 3185/3964MB (lfb 2x2MB) SWAP 629/6078MB (cached 11MB) IRAM 0/252kB(lfb 252kB) CPU [3%@1479,2%@1479,0%@1479,0%@1479] EMC_FREQ 0%@1600 GR3D_FREQ 0%@921 APE 25 PLL@33.5C CPU@35.5C iwlwifi@33C PMIC@50C GPU@34C AO@45C thermal@34.75C POM_5V_IN 1975/2686 POM_5V_GPU 164/181 POM_5V_CPU 328/995
RAM 3185/3964MB (lfb 2x2MB) SWAP 629/6078MB (cached 11MB) IRAM 0/252kB(lfb 252kB) CPU [3%@1479,1%@1479,1%@1479,0%@1479] EMC_FREQ 0%@1600 GR3D_FREQ 0%@921 APE 25 PLL@33.5C CPU@35.5C iwlwifi@33C PMIC@50C GPU@34C AO@44.5C thermal@34.75C POM_5V_IN 1972/2678 POM_5V_GPU 164/180 POM_5V_CPU 328/988
RAM 3186/3964MB (lfb 2x2MB) SWAP 629/6078MB (cached 11MB) IRAM 0/252kB(lfb 252kB) CPU [2%@1479,0%@1479,2%@1479,0%@1479] EMC_FREQ 0%@1600 GR3D_FREQ 0%@921 APE 25 PLL@33.5C CPU@35.5C iwlwifi@33C PMIC@50C GPU@34C AO@44.5C thermal@34.75C POM_5V_IN 1931/2670 POM_5V_GPU 164/180 POM_5V_CPU 328/981
RAM 3185/3964MB (lfb 2x2MB) SWAP 629/6078MB (cached 11MB) IRAM 0/252kB(lfb 252kB) CPU [2%@1479,0%@1479,2%@1479,1%@1479] EMC_FREQ 0%@1600 GR3D_FREQ 0%@921 APE 25 PLL@33.5C CPU@35C iwlwifi@34C PMIC@50C GPU@34C AO@44.5C thermal@34.75C POM_5V_IN 1969/2663 POM_5V_GPU 164/180 POM_5V_CPU 328/974
RAM 3186/3964MB (lfb 2x2MB) SWAP 629/6078MB (cached 11MB) IRAM 0/252kB(lfb 252kB) CPU [3%@1479,0%@1479,3%@1479,1%@1479] EMC_FREQ 0%@1600 GR3D_FREQ 0%@921 APE 25 PLL@33.5C CPU@35C iwlwifi@34C PMIC@50C GPU@34C AO@44.5C thermal@34.75C POM_5V_IN 1972/2655 POM_5V_GPU 164/180 POM_5V_CPU 328/967
RAM 3186/3964MB (lfb 2x2MB) SWAP 629/6078MB (cached 11MB) IRAM 0/252kB(lfb 252kB) CPU [4%@1479,2%@1479,1%@1479,2%@1479] EMC_FREQ 0%@1600 GR3D_FREQ 0%@921 APE 25 PLL@34C CPU@36C iwlwifi@33C PMIC@50C GPU@34C AO@44.5C thermal@34.5C POM_5V_IN 2609/2655 POM_5V_GPU 163/180 POM_5V_CPU 856/966
RAM 3186/3964MB (lfb 2x2MB) SWAP 629/6078MB (cached 11MB) IRAM 0/252kB(lfb 252kB) CPU [2%@1479,2%@1479,0%@1479,0%@1479] EMC_FREQ 0%@1600 GR3D_FREQ 0%@921 APE 25 PLL@33C CPU@35.5C iwlwifi@34C PMIC@50C GPU@34C AO@44.5C thermal@34.5C POM_5V_IN 1934/2647 POM_5V_GPU 123/179 POM_5V_CPU 328/959
RAM 3186/3964MB (lfb 2x2MB) SWAP 629/6078MB (cached 11MB) IRAM 0/252kB(lfb 252kB) CPU [3%@1479,2%@1479,0%@1479,0%@1479] EMC_FREQ 0%@1600 GR3D_FREQ 0%@921 APE 25 PLL@33C CPU@35C iwlwifi@33C PMIC@50C GPU@33.5C AO@44.5C thermal@34.25C POM_5V_IN 1934/2640 POM_5V_GPU 164/179 POM_5V_CPU 328/953
RAM 3186/3964MB (lfb 2x2MB) SWAP 629/6078MB (cached 11MB) IRAM 0/252kB(lfb 252kB) CPU [3%@1479,1%@1479,0%@1479,0%@1479] EMC_FREQ 0%@1600 GR3D_FREQ 0%@921 APE 25 PLL@33C CPU@35C iwlwifi@33C PMIC@50C GPU@33.5C AO@44.5C thermal@34.25C POM_5V_IN 1934/2633 POM_5V_GPU 164/179 POM_5V_CPU 328/946
RAM 3186/3964MB (lfb 2x2MB) SWAP 629/6078MB (cached 11MB) IRAM 0/252kB(lfb 252kB) CPU [4%@1479,0%@1479,0%@1479,0%@1479] EMC_FREQ 0%@1600 GR3D_FREQ 0%@921 APE 25 PLL@33C CPU@35C iwlwifi@33C PMIC@50C GPU@33.5C AO@44.5C thermal@34.25C POM_5V_IN 1972/2626 POM_5V_GPU 164/179 POM_5V_CPU 328/940
RAM 3186/3964MB (lfb 2x2MB) SWAP 629/6078MB (cached 11MB) IRAM 0/252kB(lfb 252kB) CPU [2%@1479,1%@1479,1%@1479,0%@1479] EMC_FREQ 0%@1600 GR3D_FREQ 0%@921 APE 25 PLL@33C CPU@34.5C iwlwifi@33C PMIC@50C GPU@33.5C AO@44.5C thermal@34C POM_5V_IN 1934/2619 POM_5V_GPU 123/178 POM_5V_CPU 328/934
RAM 3186/3964MB (lfb 2x2MB) SWAP 629/6078MB (cached 11MB) IRAM 0/252kB(lfb 252kB) CPU [2%@1479,0%@1479,2%@1479,2%@1479] EMC_FREQ 0%@1600 GR3D_FREQ 0%@921 APE 25 PLL@33C CPU@35C iwlwifi@36C PMIC@50C GPU@33C AO@44C thermal@34C POM_5V_IN 1934/2612 POM_5V_GPU 164/178 POM_5V_CPU 287/927
RAM 3186/3964MB (lfb 2x2MB) SWAP 629/6078MB (cached 11MB) IRAM 0/252kB(lfb 252kB) CPU [3%@1479,0%@1479,2%@1479,3%@1479] EMC_FREQ 0%@1600 GR3D_FREQ 0%@921 APE 25 PLL@33C CPU@34.5C iwlwifi@34C PMIC@50C GPU@33C AO@44C thermal@34.25C POM_5V_IN 1972/2606 POM_5V_GPU 164/178 POM_5V_CPU 328/922
RAM 3186/3964MB (lfb 2x2MB) SWAP 629/6078MB (cached 11MB) IRAM 0/252kB(lfb 252kB) CPU [3%@1479,1%@1479,0%@1479,0%@1479] EMC_FREQ 0%@1600 GR3D_FREQ 0%@921 APE 25 PLL@33C CPU@35C iwlwifi@33C PMIC@50C GPU@33.5C AO@44C thermal@34.25C POM_5V_IN 1934/2600 POM_5V_GPU 164/178 POM_5V_CPU 328/916
RAM 3186/3964MB (lfb 2x2MB) SWAP 629/6078MB (cached 11MB) IRAM 0/252kB(lfb 252kB) CPU [2%@1479,2%@1479,0%@1479,0%@1479] EMC_FREQ 0%@1600 GR3D_FREQ 0%@921 APE 25 PLL@32.5C CPU@35C iwlwifi@33C PMIC@50C GPU@33.5C AO@44C thermal@34C POM_5V_IN 1934/2593 POM_5V_GPU 123/177 POM_5V_CPU 328/910
RAM 3185/3964MB (lfb 2x2MB) SWAP 629/6078MB (cached 11MB) IRAM 0/252kB(lfb 252kB) CPU [1%@1479,2%@1479,0%@1479,0%@1479] EMC_FREQ 0%@1600 GR3D_FREQ 0%@921 APE 25 PLL@32.5C CPU@35C iwlwifi@33C PMIC@50C GPU@33C AO@44C thermal@33.75C POM_5V_IN 1934/2587 POM_5V_GPU 123/177 POM_5V_CPU 328/905
RAM 3186/3964MB (lfb 2x2MB) SWAP 629/6078MB (cached 11MB) IRAM 0/252kB(lfb 252kB) CPU [2%@1479,1%@1479,1%@1479,0%@1479] EMC_FREQ 0%@1600 GR3D_FREQ 0%@921 APE 25 PLL@32.5C CPU@35C iwlwifi@34C PMIC@50C GPU@33C AO@44C thermal@33.75C POM_5V_IN 1934/2581 POM_5V_GPU 123/176 POM_5V_CPU 287/899
RAM 3186/3964MB (lfb 2x2MB) SWAP 629/6078MB (cached 11MB) IRAM 0/252kB(lfb 252kB) CPU [3%@1479,0%@1479,0%@1479,0%@1479] EMC_FREQ 0%@1600 GR3D_FREQ 0%@921 APE 25 PLL@32.5C CPU@35C iwlwifi@33C PMIC@50C GPU@33.5C AO@44C thermal@34C POM_5V_IN 1972/2575 POM_5V_GPU 123/176 POM_5V_CPU 328/893
RAM 3187/3964MB (lfb 2x2MB) SWAP 629/6078MB (cached 11MB) IRAM 0/252kB(lfb 252kB) CPU [3%@1479,3%@1479,2%@1479,0%@1479] EMC_FREQ 0%@1600 GR3D_FREQ 0%@921 APE 25 PLL@32.5C CPU@34.5C iwlwifi@33C PMIC@50C GPU@33C AO@44C thermal@34C POM_5V_IN 1934/2569 POM_5V_GPU 164/175 POM_5V_CPU 287/888
RAM 3186/3964MB (lfb 2x2MB) SWAP 629/6078MB (cached 11MB) IRAM 0/252kB(lfb 252kB) CPU [2%@1479,1%@1479,2%@1479,2%@1479] EMC_FREQ 0%@1600 GR3D_FREQ 0%@921 APE 25 PLL@32.5C CPU@35C iwlwifi@34C PMIC@50C GPU@33C AO@44C thermal@33.5C POM_5V_IN 1931/2563 POM_5V_GPU 123/175 POM_5V_CPU 328/883
RAM 3168/3964MB (lfb 1x4MB) SWAP 629/6078MB (cached 11MB) IRAM 0/252kB(lfb 252kB) CPU [2%@1479,1%@1479,1%@1479,2%@1479] EMC_FREQ 0%@1600 GR3D_FREQ 0%@921 APE 25 PLL@32.5C CPU@34.5C iwlwifi@33C PMIC@50C GPU@33C AO@43.5C thermal@33.75C POM_5V_IN 1934/2558 POM_5V_GPU 123/174 POM_5V_CPU 287/877
RAM 3180/3964MB (lfb 1x4MB) SWAP 629/6078MB (cached 11MB) IRAM 0/252kB(lfb 252kB) CPU [2%@1479,2%@1479,2%@1479,2%@1479] EMC_FREQ 0%@1600 GR3D_FREQ 0%@921 APE 25 PLL@33C CPU@35C iwlwifi@33C PMIC@50C GPU@33C AO@44C thermal@34C POM_5V_IN 2576/2558 POM_5V_GPU 163/174 POM_5V_CPU 653/875
RAM 3179/3964MB (lfb 1x4MB) SWAP 629/6078MB (cached 11MB) IRAM 0/252kB(lfb 252kB) CPU [2%@1479,1%@1479,3%@1479,2%@1479] EMC_FREQ 0%@1600 GR3D_FREQ 0%@921 APE 25 PLL@32.5C CPU@34.5C iwlwifi@33C PMIC@50C GPU@33C AO@43.5C thermal@33.25C POM_5V_IN 1934/2552 POM_5V_GPU 123/174 POM_5V_CPU 287/870
RAM 3181/3964MB (lfb 1x4MB) SWAP 629/6078MB (cached 11MB) IRAM 0/252kB(lfb 252kB) CPU [3%@1479,1%@1479,0%@1479,1%@1479] EMC_FREQ 0%@1600 GR3D_FREQ 0%@921 APE 25 PLL@32.5C CPU@34.5C iwlwifi@33C PMIC@50C GPU@33C AO@43.5C thermal@33.75C POM_5V_IN 2334/2550 POM_5V_GPU 163/174 POM_5V_CPU 696/868
RAM 3181/3964MB (lfb 1x4MB) SWAP 629/6078MB (cached 11MB) IRAM 0/252kB(lfb 252kB) CPU [4%@1479,0%@1479,0%@1479,0%@1479] EMC_FREQ 0%@1600 GR3D_FREQ 0%@921 APE 25 PLL@32.5C CPU@34C iwlwifi@33C PMIC@50C GPU@33C AO@43.5C thermal@33.5C POM_5V_IN 1934/2545 POM_5V_GPU 123/173 POM_5V_CPU 287/863
RAM 3180/3964MB (lfb 1x4MB) SWAP 629/6078MB (cached 11MB) IRAM 0/252kB(lfb 252kB) CPU [5%@1479,3%@1479,2%@1479,5%@1479] EMC_FREQ 0%@1600 GR3D_FREQ 0%@921 APE 25 PLL@32.5C CPU@34C iwlwifi@33C PMIC@50C GPU@33.5C AO@43.5C thermal@34C POM_5V_IN 1934/2539 POM_5V_GPU 123/173 POM_5V_CPU 287/858
RAM 3181/3964MB (lfb 1x4MB) SWAP 629/6078MB (cached 11MB) IRAM 0/252kB(lfb 252kB) CPU [2%@1479,1%@1479,3%@1479,1%@1479] EMC_FREQ 0%@1600 GR3D_FREQ 0%@921 APE 25 PLL@32.5C CPU@34C iwlwifi@34C PMIC@50C GPU@33.5C AO@43.5C thermal@33.75C POM_5V_IN 2133/2536 POM_5V_GPU 123/172 POM_5V_CPU 492/855
RAM 3181/3964MB (lfb 1x4MB) SWAP 629/6078MB (cached 11MB) IRAM 0/252kB(lfb 252kB) CPU [4%@1479,1%@1479,0%@1479,2%@1479] EMC_FREQ 0%@1600 GR3D_FREQ 0%@921 APE 25 PLL@32C CPU@34C iwlwifi@33C PMIC@50C GPU@33C AO@43.5C thermal@33.5C POM_5V_IN 1931/2531 POM_5V_GPU 123/172 POM_5V_CPU 328/851
RAM 3181/3964MB (lfb 1x4MB) SWAP 629/6078MB (cached 11MB) IRAM 0/252kB(lfb 252kB) CPU [4%@1479,1%@1479,0%@1479,2%@1479] EMC_FREQ 0%@1600 GR3D_FREQ 0%@921 APE 25 PLL@32C CPU@34C iwlwifi@33C PMIC@50C GPU@33C AO@43.5C thermal@33.5C POM_5V_IN 1934/2526 POM_5V_GPU 123/172 POM_5V_CPU 328/846
RAM 3181/3964MB (lfb 1x4MB) SWAP 629/6078MB (cached 11MB) IRAM 0/252kB(lfb 252kB) CPU [2%@1479,4%@1479,1%@1479,0%@1479] EMC_FREQ 0%@1600 GR3D_FREQ 0%@921 APE 25 PLL@32.5C CPU@34C iwlwifi@35C PMIC@50C GPU@33C AO@43.5C thermal@33.5C POM_5V_IN 1934/2521 POM_5V_GPU 123/171 POM_5V_CPU 328/842
RAM 3181/3964MB (lfb 1x4MB) SWAP 629/6078MB (cached 11MB) IRAM 0/252kB(lfb 252kB) CPU [2%@1479,4%@1479,1%@1479,0%@1479] EMC_FREQ 0%@1600 GR3D_FREQ 0%@921 APE 25 PLL@32.5C CPU@33.5C iwlwifi@33C PMIC@50C GPU@32.5C AO@43.5C thermal@33.25C POM_5V_IN 1931/2516 POM_5V_GPU 123/171 POM_5V_CPU 328/838
RAM 3182/3964MB (lfb 1x4MB) SWAP 629/6078MB (cached 11MB) IRAM 0/252kB(lfb 252kB) CPU [3%@1479,3%@1479,3%@1479,1%@1479] EMC_FREQ 0%@1600 GR3D_FREQ 0%@921 APE 25 PLL@32C CPU@34C iwlwifi@34C PMIC@50C GPU@33C AO@43.5C thermal@33.5C POM_5V_IN 1934/2511 POM_5V_GPU 123/170 POM_5V_CPU 287/833
RAM 1519/3964MB (lfb 13x4MB) SWAP 626/6078MB (cached 11MB) IRAM 0/252kB(lfb 252kB) CPU [6%@1479,4%@1479,5%@1479,12%@1479] EMC_FREQ 0%@1600 GR3D_FREQ 0%@921 APE 25 PLL@32C CPU@34.5C iwlwifi@33C PMIC@50C GPU@33C AO@44C thermal@33.25C POM_5V_IN 1934/2506 POM_5V_GPU 123/170 POM_5V_CPU 328/829
RAM 1519/3964MB (lfb 13x4MB) SWAP 626/6078MB (cached 11MB) IRAM 0/252kB(lfb 252kB) CPU [2%@1479,4%@1479,0%@1479,1%@1479] EMC_FREQ 0%@1600 GR3D_FREQ 0%@921 APE 25 PLL@32C CPU@34C iwlwifi@33C PMIC@50C GPU@32.5C AO@43C thermal@33.25C POM_5V_IN 1934/2502 POM_5V_GPU 123/170 POM_5V_CPU 287/824
RAM 1519/3964MB (lfb 13x4MB) SWAP 626/6078MB (cached 11MB) IRAM 0/252kB(lfb 252kB) CPU [2%@1479,1%@1479,3%@1479,0%@1479] EMC_FREQ 0%@1600 GR3D_FREQ 0%@921 APE 25 PLL@32C CPU@34C iwlwifi@33C PMIC@50C GPU@33C AO@43.5C thermal@33.5C POM_5V_IN 1931/2497 POM_5V_GPU 123/169 POM_5V_CPU 328/820
RAM 1519/3964MB (lfb 13x4MB) SWAP 626/6078MB (cached 11MB) IRAM 0/252kB(lfb 252kB) CPU [1%@1479,1%@1479,0%@1479,4%@1479] EMC_FREQ 0%@1600 GR3D_FREQ 0%@921 APE 25 PLL@32C CPU@34.5C iwlwifi@33C PMIC@50C GPU@33C AO@43C thermal@33.25C POM_5V_IN 1934/2493 POM_5V_GPU 164/169 POM_5V_CPU 328/816
RAM 1519/3964MB (lfb 13x4MB) SWAP 626/6078MB (cached 11MB) IRAM 0/252kB(lfb 252kB) CPU [1%@1479,0%@1479,1%@1479,4%@1479] EMC_FREQ 0%@1600 GR3D_FREQ 0%@921 APE 25 PLL@32C CPU@34C iwlwifi@33C PMIC@50C GPU@32.5C AO@43.5C thermal@33.25C POM_5V_IN 1931/2488 POM_5V_GPU 123/169 POM_5V_CPU 328/813
RAM 1520/3964MB (lfb 13x4MB) SWAP 626/6078MB (cached 11MB) IRAM 0/252kB(lfb 252kB) CPU [4%@1479,0%@1479,1%@1479,1%@1479] EMC_FREQ 0%@1600 GR3D_FREQ 0%@921 APE 25 PLL@32C CPU@34C iwlwifi@33C PMIC@50C GPU@32.5C AO@43C thermal@33.25C POM_5V_IN 1934/2484 POM_5V_GPU 164/169 POM_5V_CPU 287/808
RAM 1516/3964MB (lfb 13x4MB) SWAP 626/6078MB (cached 11MB) IRAM 0/252kB(lfb 252kB) CPU [5%@1479,6%@1479,off,off] EMC_FREQ 0%@1600 GR3D_FREQ 0%@921 APE 25 PLL@32C CPU@34C iwlwifi@33C PMIC@50C GPU@32C AO@43C thermal@32.5C POM_5V_IN 1934/2479 POM_5V_GPU 123/168 POM_5V_CPU 287/804
RAM 1516/3964MB (lfb 13x4MB) SWAP 626/6078MB (cached 11MB) IRAM 0/252kB(lfb 252kB) CPU [4%@921,6%@921,off,off] EMC_FREQ 0%@1600 GR3D_FREQ 0%@614 APE 25 PLL@32C CPU@33C iwlwifi@33C PMIC@50C GPU@31.5C AO@43C thermal@32.5C POM_5V_IN 1731/2474 POM_5V_GPU 82/168 POM_5V_CPU 164/799
RAM 1524/3964MB (lfb 13x4MB) SWAP 626/6078MB (cached 11MB) IRAM 0/252kB(lfb 252kB) CPU [9%@921,7%@921,off,off] EMC_FREQ 0%@1600 GR3D_FREQ 0%@614 APE 25 PLL@31.5C CPU@33.5C iwlwifi@33C PMIC@50C GPU@32C AO@43C thermal@32.75C POM_5V_IN 1731/2468 POM_5V_GPU 82/167 POM_5V_CPU 164/795
RAM 1676/3964MB (lfb 13x4MB) SWAP 626/6078MB (cached 11MB) IRAM 0/252kB(lfb 252kB) CPU [85%@921,90%@921,off,off] EMC_FREQ 0%@1600 GR3D_FREQ 0%@614 APE 25 PLL@31.5C CPU@33.5C iwlwifi@33C PMIC@50C GPU@32.5C AO@43.5C thermal@33.5C POM_5V_IN 2256/2466 POM_5V_GPU 82/166 POM_5V_CPU 450/792
RAM 1674/3964MB (lfb 13x4MB) SWAP 626/6078MB (cached 11MB) IRAM 0/252kB(lfb 252kB) CPU [100%@921,100%@921,off,off] EMC_FREQ 1%@1600 GR3D_FREQ 0%@614 APE 25 PLL@32C CPU@34C iwlwifi@33C PMIC@50C GPU@32C AO@43.5C thermal@33.25C POM_5V_IN 2453/2466 POM_5V_GPU 81/166 POM_5V_CPU 858/792
RAM 1665/3964MB (lfb 13x4MB) SWAP 626/6078MB (cached 11MB) IRAM 0/252kB(lfb 252kB) CPU [100%@921,100%@921,off,off] EMC_FREQ 1%@1600 GR3D_FREQ 0%@614 APE 25 PLL@32C CPU@35C iwlwifi@35C PMIC@50C GPU@32.5C AO@44C thermal@33.5C POM_5V_IN 2576/2467 POM_5V_GPU 81/165 POM_5V_CPU 940/793
RAM 1667/3964MB (lfb 13x4MB) SWAP 626/6078MB (cached 11MB) IRAM 0/252kB(lfb 252kB) CPU [100%@921,100%@921,off,off] EMC_FREQ 1%@1600 GR3D_FREQ 0%@614 APE 25 PLL@32.5C CPU@34.5C iwlwifi@33C PMIC@50C GPU@32.5C AO@43.5C thermal@33.5C POM_5V_IN 2490/2467 POM_5V_GPU 81/165 POM_5V_CPU 857/794
RAM 1668/3964MB (lfb 13x4MB) SWAP 626/6078MB (cached 11MB) IRAM 0/252kB(lfb 252kB) CPU [100%@921,100%@921,off,off] EMC_FREQ 1%@1600 GR3D_FREQ 0%@614 APE 25 PLL@32.5C CPU@34.5C iwlwifi@33C PMIC@50C GPU@32.5C AO@43.5C thermal@34C POM_5V_IN 2535/2468 POM_5V_GPU 81/164 POM_5V_CPU 858/794
RAM 1669/3964MB (lfb 13x4MB) SWAP 626/6078MB (cached 11MB) IRAM 0/252kB(lfb 252kB) CPU [100%@921,100%@921,off,off] EMC_FREQ 1%@1600 GR3D_FREQ 0%@614 APE 25 PLL@32C CPU@34.5C iwlwifi@33C PMIC@50C GPU@32.5C AO@44C thermal@33.5C POM_5V_IN 2457/2468 POM_5V_GPU 81/163 POM_5V_CPU 858/795
RAM 1670/3964MB (lfb 13x4MB) SWAP 626/6078MB (cached 11MB) IRAM 0/252kB(lfb 252kB) CPU [100%@921,100%@921,off,off] EMC_FREQ 1%@1600 GR3D_FREQ 0%@614 APE 25 PLL@32.5C CPU@34.5C iwlwifi@33C PMIC@50C GPU@32.5C AO@44C thermal@33.75C POM_5V_IN 2453/2467 POM_5V_GPU 81/163 POM_5V_CPU 817/795
RAM 1670/3964MB (lfb 13x4MB) SWAP 626/6078MB (cached 11MB) IRAM 0/252kB(lfb 252kB) CPU [100%@921,100%@921,off,off] EMC_FREQ 1%@1600 GR3D_FREQ 0%@614 APE 25 PLL@32.5C CPU@35C iwlwifi@33C PMIC@50C GPU@33C AO@44C thermal@33.75C POM_5V_IN 2617/2469 POM_5V_GPU 81/162 POM_5V_CPU 898/796
RAM 1671/3964MB (lfb 13x4MB) SWAP 626/6078MB (cached 11MB) IRAM 0/252kB(lfb 252kB) CPU [100%@921,100%@921,off,off] EMC_FREQ 1%@1600 GR3D_FREQ 0%@614 APE 25 PLL@32.5C CPU@35C iwlwifi@33C PMIC@50C GPU@33C AO@44C thermal@34.25C POM_5V_IN 2416/2468 POM_5V_GPU 81/161 POM_5V_CPU 819/796
RAM 1674/3964MB (lfb 13x4MB) SWAP 626/6078MB (cached 11MB) IRAM 0/252kB(lfb 252kB) CPU [100%@921,100%@921,off,off] EMC_FREQ 1%@1600 GR3D_FREQ 0%@614 APE 25 PLL@32.5C CPU@34.5C iwlwifi@33C PMIC@50C GPU@32.5C AO@44.5C thermal@34C POM_5V_IN 2453/2468 POM_5V_GPU 81/161 POM_5V_CPU 858/796
RAM 1674/3964MB (lfb 13x4MB) SWAP 626/6078MB (cached 11MB) IRAM 0/252kB(lfb 252kB) CPU [100%@921,100%@921,off,off] EMC_FREQ 1%@1600 GR3D_FREQ 0%@614 APE 25 PLL@32.5C CPU@35C iwlwifi@33C PMIC@50C GPU@33C AO@44C thermal@34C POM_5V_IN 2457/2468 POM_5V_GPU 81/160 POM_5V_CPU 858/797
RAM 1666/3964MB (lfb 13x4MB) SWAP 626/6078MB (cached 11MB) IRAM 0/252kB(lfb 252kB) CPU [100%@921,100%@921,off,off] EMC_FREQ 1%@1600 GR3D_FREQ 0%@614 APE 25 PLL@33C CPU@35C iwlwifi@33C PMIC@50C GPU@33C AO@44.5C thermal@34C POM_5V_IN 2535/2468 POM_5V_GPU 81/160 POM_5V_CPU 899/798
RAM 1666/3964MB (lfb 13x4MB) SWAP 626/6078MB (cached 11MB) IRAM 0/252kB(lfb 252kB) CPU [100%@921,100%@921,off,off] EMC_FREQ 1%@1600 GR3D_FREQ 0%@614 APE 25 PLL@33C CPU@35.5C iwlwifi@33C PMIC@50C GPU@33C AO@44C thermal@34.25C POM_5V_IN 2617/2469 POM_5V_GPU 81/159 POM_5V_CPU 939/799
RAM 1678/3964MB (lfb 13x4MB) SWAP 626/6078MB (cached 11MB) IRAM 0/252kB(lfb 252kB) CPU [100%@921,100%@921,off,off] EMC_FREQ 1%@1600 GR3D_FREQ 0%@614 APE 25 PLL@33C CPU@35C iwlwifi@33C PMIC@50C GPU@33C AO@44.5C thermal@34C POM_5V_IN 2494/2470 POM_5V_GPU 81/159 POM_5V_CPU 858/799
RAM 1667/3964MB (lfb 13x4MB) SWAP 626/6078MB (cached 11MB) IRAM 0/252kB(lfb 252kB) CPU [100%@921,100%@921,off,off] EMC_FREQ 1%@1600 GR3D_FREQ 0%@614 APE 25 PLL@33C CPU@35.5C iwlwifi@33C PMIC@50C GPU@33C AO@44.5C thermal@34C POM_5V_IN 2576/2470 POM_5V_GPU 81/158 POM_5V_CPU 898/800
RAM 1668/3964MB (lfb 13x4MB) SWAP 626/6078MB (cached 11MB) IRAM 0/252kB(lfb 252kB) CPU [100%@921,100%@921,off,off] EMC_FREQ 1%@1600 GR3D_FREQ 0%@614 APE 25 PLL@33C CPU@35.5C iwlwifi@33C PMIC@50C GPU@33C AO@44.5C thermal@34.25C POM_5V_IN 2494/2471 POM_5V_GPU 81/158 POM_5V_CPU 899/800
RAM 1669/3964MB (lfb 13x4MB) SWAP 626/6078MB (cached 11MB) IRAM 0/252kB(lfb 252kB) CPU [100%@921,100%@921,off,off] EMC_FREQ 1%@1600 GR3D_FREQ 0%@614 APE 25 PLL@33.5C CPU@35C iwlwifi@33C PMIC@50C GPU@33C AO@44.5C thermal@34.25C POM_5V_IN 2494/2471 POM_5V_GPU 81/157 POM_5V_CPU 858/801
RAM 1669/3964MB (lfb 13x4MB) SWAP 626/6078MB (cached 11MB) IRAM 0/252kB(lfb 252kB) CPU [100%@921,100%@921,off,off] EMC_FREQ 1%@1600 GR3D_FREQ 0%@614 APE 25 PLL@33C CPU@35.5C iwlwifi@33C PMIC@50C GPU@33.5C AO@44.5C thermal@34.5C POM_5V_IN 2416/2470 POM_5V_GPU 81/157 POM_5V_CPU 817/801
RAM 1670/3964MB (lfb 13x4MB) SWAP 626/6078MB (cached 11MB) IRAM 0/252kB(lfb 252kB) CPU [100%@921,100%@921,off,off] EMC_FREQ 1%@1600 GR3D_FREQ 0%@614 APE 25 PLL@33.5C CPU@35.5C iwlwifi@34C PMIC@50C GPU@33.5C AO@44.5C thermal@34.5C POM_5V_IN 2535/2471 POM_5V_GPU 81/156 POM_5V_CPU 858/801
RAM 1676/3964MB (lfb 13x4MB) SWAP 626/6078MB (cached 11MB) IRAM 0/252kB(lfb 252kB) CPU [48%@921,48%@921,off,off] EMC_FREQ 1%@1600 GR3D_FREQ 0%@614 APE 25 PLL@33.5C CPU@35.5C iwlwifi@34C PMIC@50C GPU@33C AO@44C thermal@33.75C POM_5V_IN 2412/2470 POM_5V_GPU 81/156 POM_5V_CPU 858/802
RAM 1675/3964MB (lfb 13x4MB) SWAP 626/6078MB (cached 11MB) IRAM 0/252kB(lfb 252kB) CPU [4%@921,7%@921,off,off] EMC_FREQ 0%@1600 GR3D_FREQ 0%@614 APE 25 PLL@33C CPU@34.5C iwlwifi@34C PMIC@50C GPU@33C AO@44C thermal@33.75C POM_5V_IN 1728/2465 POM_5V_GPU 82/155 POM_5V_CPU 164/797
RAM 1675/3964MB (lfb 13x4MB) SWAP 626/6078MB (cached 11MB) IRAM 0/252kB(lfb 252kB) CPU [7%@921,5%@921,off,off] EMC_FREQ 0%@1600 GR3D_FREQ 0%@614 APE 25 PLL@33C CPU@34.5C iwlwifi@33C PMIC@50C GPU@33C AO@44C thermal@33.5C POM_5V_IN 1731/2461 POM_5V_GPU 82/155 POM_5V_CPU 164/793
RAM 1676/3964MB (lfb 13x4MB) SWAP 626/6078MB (cached 11MB) IRAM 0/252kB(lfb 252kB) CPU [7%@921,4%@921,off,off] EMC_FREQ 0%@1600 GR3D_FREQ 0%@614 APE 25 PLL@32.5C CPU@34.5C iwlwifi@33C PMIC@50C GPU@33C AO@44C thermal@33.5C POM_5V_IN 1731/2456 POM_5V_GPU 82/154 POM_5V_CPU 164/789
RAM 1675/3964MB (lfb 13x4MB) SWAP 626/6078MB (cached 11MB) IRAM 0/252kB(lfb 252kB) CPU [4%@921,6%@921,off,off] EMC_FREQ 0%@1600 GR3D_FREQ 0%@614 APE 25 PLL@32.5C CPU@34C iwlwifi@34C PMIC@50C GPU@32.5C AO@43.5C thermal@33.25C POM_5V_IN 1731/2451 POM_5V_GPU 82/154 POM_5V_CPU 164/785
RAM 1676/3964MB (lfb 13x4MB) SWAP 626/6078MB (cached 11MB) IRAM 0/252kB(lfb 252kB) CPU [6%@921,4%@921,off,off] EMC_FREQ 0%@1600 GR3D_FREQ 0%@614 APE 25 PLL@32.5C CPU@34C iwlwifi@33C PMIC@50C GPU@33C AO@43.5C thermal@33.25C POM_5V_IN 1728/2446 POM_5V_GPU 82/153 POM_5V_CPU 164/781
RAM 2135/3964MB (lfb 18x1MB) SWAP 626/6078MB (cached 11MB) IRAM 0/252kB(lfb 252kB) CPU [55%@921,60%@921,off,off] EMC_FREQ 0%@1600 GR3D_FREQ 0%@614 APE 25 PLL@32.5C CPU@34C iwlwifi@33C PMIC@50C GPU@33C AO@44C thermal@33.75C POM_5V_IN 1728/2442 POM_5V_GPU 82/153 POM_5V_CPU 164/777
RAM 3164/3964MB (lfb 3x1MB) SWAP 633/6078MB (cached 10MB) IRAM 0/252kB(lfb 252kB) CPU [88%@921,97%@921,off,off] EMC_FREQ 2%@1600 GR3D_FREQ 1%@614 APE 25 PLL@32.5C CPU@34.5C iwlwifi@33C PMIC@50C GPU@33C AO@44.5C thermal@33.5C POM_5V_IN 2535/2442 POM_5V_GPU 163/153 POM_5V_CPU 817/777
RAM 3141/3964MB (lfb 1x2MB) SWAP 664/6078MB (cached 10MB) IRAM 0/252kB(lfb 252kB) CPU [36%@921,99%@921,off,off] EMC_FREQ 3%@1600 GR3D_FREQ 56%@614 APE 25 PLL@33C CPU@34.5C iwlwifi@33C PMIC@50C GPU@33.5C AO@44C thermal@34C POM_5V_IN 3240/2447 POM_5V_GPU 607/156 POM_5V_CPU 770/777
RAM 3142/3964MB (lfb 1x2MB) SWAP 664/6078MB (cached 10MB) IRAM 0/252kB(lfb 252kB) CPU [35%@921,96%@921,off,off] EMC_FREQ 3%@1600 GR3D_FREQ 8%@614 APE 25 PLL@33C CPU@34.5C iwlwifi@33C PMIC@50C GPU@33C AO@44C thermal@33.75C POM_5V_IN 2293/2446 POM_5V_GPU 245/156 POM_5V_CPU 573/776
RAM 3143/3964MB (lfb 1x2MB) SWAP 664/6078MB (cached 11MB) IRAM 0/252kB(lfb 252kB) CPU [30%@921,100%@921,off,off] EMC_FREQ 4%@1600 GR3D_FREQ 99%@614 APE 25 PLL@33.5C CPU@34.5C iwlwifi@33C PMIC@50C GPU@33.5C AO@45C thermal@33.75C POM_5V_IN 3286/2452 POM_5V_GPU 973/161 POM_5V_CPU 526/774
RAM 3143/3964MB (lfb 1x2MB) SWAP 664/6078MB (cached 11MB) IRAM 0/252kB(lfb 252kB) CPU [29%@921,100%@921,off,off] EMC_FREQ 3%@1600 GR3D_FREQ 6%@614 APE 25 PLL@33C CPU@34.5C iwlwifi@33C PMIC@50C GPU@33.5C AO@44C thermal@34.25C POM_5V_IN 2457/2452 POM_5V_GPU 327/162 POM_5V_CPU 572/773
RAM 3145/3964MB (lfb 1x2MB) SWAP 663/6078MB (cached 12MB) IRAM 0/252kB(lfb 252kB) CPU [13%@921,45%@921,off,off] EMC_FREQ 3%@1600 GR3D_FREQ 7%@614 APE 25 PLL@33C CPU@34.5C iwlwifi@33C PMIC@50C GPU@33C AO@44C thermal@33.5C POM_5V_IN 2297/2451 POM_5V_GPU 245/163 POM_5V_CPU 532/772
RAM 3145/3964MB (lfb 1x2MB) SWAP 663/6078MB (cached 12MB) IRAM 0/252kB(lfb 252kB) CPU [8%@921,2%@921,off,off] EMC_FREQ 0%@1600 GR3D_FREQ 0%@614 APE 25 PLL@33C CPU@34.5C iwlwifi@33C PMIC@50C GPU@33C AO@44C thermal@33.5C POM_5V_IN 1728/2446 POM_5V_GPU 82/162 POM_5V_CPU 164/768
RAM 3145/3964MB (lfb 1x2MB) SWAP 663/6078MB (cached 12MB) IRAM 0/252kB(lfb 252kB) CPU [6%@921,5%@921,off,off] EMC_FREQ 0%@1600 GR3D_FREQ 0%@614 APE 25 PLL@32.5C CPU@34.5C iwlwifi@33C PMIC@50C GPU@33C AO@44C thermal@33.5C POM_5V_IN 1731/2442 POM_5V_GPU 82/162 POM_5V_CPU 164/764
RAM 3145/3964MB (lfb 1x2MB) SWAP 663/6078MB (cached 12MB) IRAM 0/252kB(lfb 252kB) CPU [6%@921,5%@921,off,off] EMC_FREQ 0%@1600 GR3D_FREQ 0%@614 APE 25 PLL@32.5C CPU@34C iwlwifi@33C PMIC@50C GPU@32.5C AO@43.5C thermal@33.25C POM_5V_IN 1731/2438 POM_5V_GPU 82/161 POM_5V_CPU 164/761
RAM 3145/3964MB (lfb 1x2MB) SWAP 663/6078MB (cached 12MB) IRAM 0/252kB(lfb 252kB) CPU [9%@921,2%@921,off,off] EMC_FREQ 0%@1600 GR3D_FREQ 0%@614 APE 25 PLL@32C CPU@34C iwlwifi@33C PMIC@50C GPU@32.5C AO@43.5C thermal@33.25C POM_5V_IN 1731/2433 POM_5V_GPU 82/161 POM_5V_CPU 164/757
RAM 3145/3964MB (lfb 1x2MB) SWAP 663/6078MB (cached 12MB) IRAM 0/252kB(lfb 252kB) CPU [5%@921,5%@921,off,off] EMC_FREQ 0%@1600 GR3D_FREQ 0%@614 APE 25 PLL@32.5C CPU@34C iwlwifi@33C PMIC@50C GPU@32.5C AO@43.5C thermal@33.25C POM_5V_IN 1731/2429 POM_5V_GPU 82/160 POM_5V_CPU 164/753
RAM 3146/3964MB (lfb 1x2MB) SWAP 663/6078MB (cached 12MB) IRAM 0/252kB(lfb 252kB) CPU [9%@921,8%@921,off,off] EMC_FREQ 0%@1600 GR3D_FREQ 0%@614 APE 25 PLL@32.5C CPU@34C iwlwifi@33C PMIC@50C GPU@32.5C AO@43.5C thermal@33.25C POM_5V_IN 1731/2425 POM_5V_GPU 82/160 POM_5V_CPU 164/750
RAM 3146/3964MB (lfb 1x2MB) SWAP 663/6078MB (cached 12MB) IRAM 0/252kB(lfb 252kB) CPU [7%@921,3%@921,off,off] EMC_FREQ 0%@1600 GR3D_FREQ 0%@614 APE 25 PLL@32C CPU@33.5C iwlwifi@33C PMIC@50C GPU@32.5C AO@43.5C thermal@33.25C POM_5V_IN 1731/2421 POM_5V_GPU 82/159 POM_5V_CPU 164/746
RAM 3146/3964MB (lfb 1x2MB) SWAP 663/6078MB (cached 12MB) IRAM 0/252kB(lfb 252kB) CPU [4%@921,6%@921,off,off] EMC_FREQ 0%@1600 GR3D_FREQ 0%@614 APE 25 PLL@32C CPU@34C iwlwifi@33C PMIC@50C GPU@32.5C AO@43.5C thermal@33C POM_5V_IN 1731/2417 POM_5V_GPU 82/159 POM_5V_CPU 164/743
RAM 3146/3964MB (lfb 1x2MB) SWAP 663/6078MB (cached 12MB) IRAM 0/252kB(lfb 252kB) CPU [4%@921,6%@921,off,off] EMC_FREQ 0%@1600 GR3D_FREQ 0%@614 APE 25 PLL@32C CPU@33.5C iwlwifi@33C PMIC@50C GPU@32.5C AO@43.5C thermal@33C POM_5V_IN 1731/2413 POM_5V_GPU 82/159 POM_5V_CPU 164/740
RAM 3146/3964MB (lfb 1x2MB) SWAP 663/6078MB (cached 12MB) IRAM 0/252kB(lfb 252kB) CPU [3%@921,6%@921,off,off] EMC_FREQ 0%@1600 GR3D_FREQ 0%@614 APE 25 PLL@32C CPU@33.5C iwlwifi@33C PMIC@50C GPU@32C AO@43.5C thermal@32.75C POM_5V_IN 1731/2409 POM_5V_GPU 82/158 POM_5V_CPU 164/736
RAM 3146/3964MB (lfb 1x2MB) SWAP 663/6078MB (cached 12MB) IRAM 0/252kB(lfb 252kB) CPU [7%@921,4%@921,off,off] EMC_FREQ 0%@1600 GR3D_FREQ 0%@614 APE 25 PLL@32C CPU@33.5C iwlwifi@33C PMIC@50C GPU@32C AO@43.5C thermal@32.75C POM_5V_IN 1731/2405 POM_5V_GPU 82/158 POM_5V_CPU 164/733
RAM 3146/3964MB (lfb 1x2MB) SWAP 663/6078MB (cached 12MB) IRAM 0/252kB(lfb 252kB) CPU [9%@921,7%@921,off,off] EMC_FREQ 0%@1600 GR3D_FREQ 0%@614 APE 25 PLL@32C CPU@33.5C iwlwifi@33C PMIC@50C GPU@32C AO@43C thermal@32.75C POM_5V_IN 1731/2401 POM_5V_GPU 82/157 POM_5V_CPU 164/730
RAM 3146/3964MB (lfb 1x2MB) SWAP 663/6078MB (cached 12MB) IRAM 0/252kB(lfb 252kB) CPU [6%@921,4%@921,off,off] EMC_FREQ 0%@1600 GR3D_FREQ 0%@614 APE 25 PLL@32C CPU@33.5C iwlwifi@33C PMIC@50C GPU@32C AO@43C thermal@32.5C POM_5V_IN 1731/2397 POM_5V_GPU 82/157 POM_5V_CPU 164/726
RAM 3146/3964MB (lfb 1x2MB) SWAP 663/6078MB (cached 12MB) IRAM 0/252kB(lfb 252kB) CPU [4%@921,6%@921,off,off] EMC_FREQ 0%@1600 GR3D_FREQ 0%@614 APE 25 PLL@31.5C CPU@33.5C iwlwifi@33C PMIC@50C GPU@32C AO@43C thermal@32.75C POM_5V_IN 1731/2393 POM_5V_GPU 82/156 POM_5V_CPU 164/723
RAM 3146/3964MB (lfb 1x2MB) SWAP 663/6078MB (cached 12MB) IRAM 0/252kB(lfb 252kB) CPU [6%@921,5%@921,off,off] EMC_FREQ 0%@1600 GR3D_FREQ 0%@614 APE 25 PLL@32C CPU@33C iwlwifi@33C PMIC@50C GPU@32C AO@43C thermal@32.75C POM_5V_IN 1731/2390 POM_5V_GPU 82/156 POM_5V_CPU 164/720
RAM 3146/3964MB (lfb 1x2MB) SWAP 663/6078MB (cached 12MB) IRAM 0/252kB(lfb 252kB) CPU [5%@921,7%@921,off,off] EMC_FREQ 0%@1600 GR3D_FREQ 0%@614 APE 25 PLL@32C CPU@33.5C iwlwifi@33C PMIC@50C GPU@32C AO@43C thermal@32.5C POM_5V_IN 1769/2386 POM_5V_GPU 82/156 POM_5V_CPU 205/717
RAM 3147/3964MB (lfb 1x2MB) SWAP 663/6078MB (cached 12MB) IRAM 0/252kB(lfb 252kB) CPU [8%@921,6%@921,off,off] EMC_FREQ 0%@1600 GR3D_FREQ 0%@614 APE 25 PLL@31.5C CPU@33.5C iwlwifi@33C PMIC@50C GPU@31.5C AO@42.5C thermal@32.5C POM_5V_IN 1731/2383 POM_5V_GPU 82/155 POM_5V_CPU 164/714
RAM 3146/3964MB (lfb 1x2MB) SWAP 663/6078MB (cached 12MB) IRAM 0/252kB(lfb 252kB) CPU [8%@921,3%@921,off,off] EMC_FREQ 0%@1600 GR3D_FREQ 0%@614 APE 25 PLL@31.5C CPU@33C iwlwifi@33C PMIC@50C GPU@32C AO@43C thermal@32.75C POM_5V_IN 1731/2379 POM_5V_GPU 82/155 POM_5V_CPU 164/711
RAM 3146/3964MB (lfb 1x2MB) SWAP 663/6078MB (cached 12MB) IRAM 0/252kB(lfb 252kB) CPU [7%@921,3%@921,off,off] EMC_FREQ 0%@1600 GR3D_FREQ 0%@614 APE 25 PLL@31C CPU@33C iwlwifi@33C PMIC@50C GPU@31.5C AO@42.5C thermal@32.25C POM_5V_IN 1728/2375 POM_5V_GPU 82/154 POM_5V_CPU 164/708
RAM 3146/3964MB (lfb 1x2MB) SWAP 663/6078MB (cached 12MB) IRAM 0/252kB(lfb 252kB) CPU [5%@921,4%@921,off,off] EMC_FREQ 0%@1600 GR3D_FREQ 0%@614 APE 25 PLL@31.5C CPU@33C iwlwifi@33C PMIC@50C GPU@32C AO@42.5C thermal@32.25C POM_5V_IN 1731/2372 POM_5V_GPU 82/154 POM_5V_CPU 164/705
RAM 3146/3964MB (lfb 1x2MB) SWAP 663/6078MB (cached 12MB) IRAM 0/252kB(lfb 252kB) CPU [5%@921,5%@921,off,off] EMC_FREQ 0%@1600 GR3D_FREQ 0%@614 APE 25 PLL@31.5C CPU@33C iwlwifi@33C PMIC@50C GPU@31.5C AO@42.5C thermal@32.25C POM_5V_IN 1772/2369 POM_5V_GPU 82/153 POM_5V_CPU 164/702
RAM 3146/3964MB (lfb 1x2MB) SWAP 663/6078MB (cached 12MB) IRAM 0/252kB(lfb 252kB) CPU [4%@921,5%@921,off,off] EMC_FREQ 0%@1600 GR3D_FREQ 0%@614 APE 25 PLL@31C CPU@32.5C iwlwifi@33C PMIC@50C GPU@31C AO@42.5C thermal@32C POM_5V_IN 1731/2365 POM_5V_GPU 82/153 POM_5V_CPU 164/699
RAM 3152/3964MB (lfb 1x2MB) SWAP 662/6078MB (cached 12MB) IRAM 0/252kB(lfb 252kB) CPU [8%@921,9%@921,off,off] EMC_FREQ 0%@1600 GR3D_FREQ 0%@614 APE 25 PLL@31C CPU@33C iwlwifi@33C PMIC@50C GPU@31.5C AO@42C thermal@32C POM_5V_IN 1731/2362 POM_5V_GPU 82/153 POM_5V_CPU 164/696
RAM 3155/3964MB (lfb 1x2MB) SWAP 666/6078MB (cached 12MB) IRAM 0/252kB(lfb 252kB) CPU [25%@921,25%@921,off,off] EMC_FREQ 0%@1600 GR3D_FREQ 0%@614 APE 25 PLL@31C CPU@32.5C iwlwifi@33C PMIC@50C GPU@31.5C AO@42.5C thermal@32.5C POM_5V_IN 1731/2358 POM_5V_GPU 82/152 POM_5V_CPU 164/693
RAM 3156/3964MB (lfb 1x2MB) SWAP 668/6078MB (cached 12MB) IRAM 0/252kB(lfb 252kB) CPU [58%@921,58%@921,off,off] EMC_FREQ 0%@1600 GR3D_FREQ 0%@614 APE 25 PLL@31C CPU@33.5C iwlwifi@36C PMIC@50C GPU@31.5C AO@42.5C thermal@32.25C POM_5V_IN 2535/2359 POM_5V_GPU 81/152 POM_5V_CPU 777/694
RAM 3180/3964MB (lfb 3x1MB) SWAP 665/6078MB (cached 13MB) IRAM 0/252kB(lfb 252kB) CPU [96%@921,89%@921,off,off] EMC_FREQ 0%@1600 GR3D_FREQ 0%@614 APE 25 PLL@31.5C CPU@33.5C iwlwifi@33C PMIC@50C GPU@32C AO@43C thermal@32.75C POM_5V_IN 2371/2359 POM_5V_GPU 81/152 POM_5V_CPU 695/694
RAM 3158/3964MB (lfb 1x2MB) SWAP 665/6078MB (cached 13MB) IRAM 0/252kB(lfb 252kB) CPU [8%@921,19%@921,off,off] EMC_FREQ 1%@1600 GR3D_FREQ 0%@614 APE 25 PLL@31.5C CPU@33.5C iwlwifi@33C PMIC@50C GPU@31.5C AO@42.5C thermal@32.25C POM_5V_IN 2494/2360 POM_5V_GPU 81/151 POM_5V_CPU 817/694
RAM 3160/3964MB (lfb 4x1MB) SWAP 665/6078MB (cached 13MB) IRAM 0/252kB(lfb 252kB) CPU [12%@921,8%@921,off,off] EMC_FREQ 0%@1600 GR3D_FREQ 0%@614 APE 25 PLL@31C CPU@33C iwlwifi@33C PMIC@50C GPU@31.5C AO@42.5C thermal@32C POM_5V_IN 1731/2357 POM_5V_GPU 82/151 POM_5V_CPU 164/692
RAM 3160/3964MB (lfb 1x2MB) SWAP 665/6078MB (cached 13MB) IRAM 0/252kB(lfb 252kB) CPU [7%@921,9%@921,off,off] EMC_FREQ 0%@1600 GR3D_FREQ 0%@614 APE 25 PLL@31C CPU@32.5C iwlwifi@33C PMIC@50C GPU@31.5C AO@42.5C thermal@32.25C POM_5V_IN 1731/2353 POM_5V_GPU 82/150 POM_5V_CPU 164/689
RAM 3163/3964MB (lfb 1x2MB) SWAP 665/6078MB (cached 13MB) IRAM 0/252kB(lfb 252kB) CPU [7%@921,7%@921,off,off] EMC_FREQ 0%@1600 GR3D_FREQ 0%@614 APE 25 PLL@31C CPU@33C iwlwifi@33C PMIC@50C GPU@31.5C AO@42.5C thermal@31.75C POM_5V_IN 1728/2350 POM_5V_GPU 82/150 POM_5V_CPU 164/686
RAM 3164/3964MB (lfb 1x2MB) SWAP 665/6078MB (cached 13MB) IRAM 0/252kB(lfb 252kB) CPU [4%@921,6%@921,off,off] EMC_FREQ 0%@1600 GR3D_FREQ 0%@614 APE 25 PLL@31C CPU@32.5C iwlwifi@33C PMIC@50C GPU@31C AO@42.5C thermal@32C POM_5V_IN 1731/2347 POM_5V_GPU 82/150 POM_5V_CPU 164/683
RAM 3163/3964MB (lfb 1x2MB) SWAP 665/6078MB (cached 13MB) IRAM 0/252kB(lfb 252kB) CPU [6%@921,4%@921,off,off] EMC_FREQ 0%@1600 GR3D_FREQ 0%@614 APE 25 PLL@31C CPU@33C iwlwifi@33C PMIC@50C GPU@31.5C AO@42C thermal@32C POM_5V_IN 1731/2344 POM_5V_GPU 82/149 POM_5V_CPU 164/681
RAM 3165/3964MB (lfb 1x2MB) SWAP 665/6078MB (cached 13MB) IRAM 0/252kB(lfb 252kB) CPU [9%@921,4%@921,off,off] EMC_FREQ 0%@1600 GR3D_FREQ 0%@614 APE 25 PLL@31C CPU@33C iwlwifi@33C PMIC@50C GPU@31C AO@42C thermal@31.75C POM_5V_IN 1731/2341 POM_5V_GPU 82/149 POM_5V_CPU 164/678
RAM 3164/3964MB (lfb 1x2MB) SWAP 665/6078MB (cached 13MB) IRAM 0/252kB(lfb 252kB) CPU [6%@921,5%@921,off,off] EMC_FREQ 0%@1600 GR3D_FREQ 0%@614 APE 25 PLL@31C CPU@33C iwlwifi@33C PMIC@50C GPU@31C AO@42C thermal@32C POM_5V_IN 1731/2337 POM_5V_GPU 82/149 POM_5V_CPU 164/675
RAM 3160/3964MB (lfb 3x2MB) SWAP 665/6078MB (cached 13MB) IRAM 0/252kB(lfb 252kB) CPU [6%@921,8%@921,off,off] EMC_FREQ 0%@1600 GR3D_FREQ 0%@614 APE 25 PLL@31C CPU@32.5C iwlwifi@33C PMIC@50C GPU@31C AO@42C thermal@32C POM_5V_IN 1728/2334 POM_5V_GPU 82/148 POM_5V_CPU 164/673
RAM 3160/3964MB (lfb 3x2MB) SWAP 665/6078MB (cached 13MB) IRAM 0/252kB(lfb 252kB) CPU [7%@921,8%@921,off,off] EMC_FREQ 0%@1600 GR3D_FREQ 0%@614 APE 25 PLL@30.5C CPU@32.5C iwlwifi@33C PMIC@50C GPU@31C AO@42.5C thermal@32C POM_5V_IN 1731/2331 POM_5V_GPU 82/148 POM_5V_CPU 206/671
RAM 3164/3964MB (lfb 1x2MB) SWAP 665/6078MB (cached 13MB) IRAM 0/252kB(lfb 252kB) CPU [6%@921,7%@921,off,off] EMC_FREQ 0%@1600 GR3D_FREQ 0%@614 APE 25 PLL@31C CPU@32.5C iwlwifi@33C PMIC@50C GPU@31C AO@42C thermal@31.75C POM_5V_IN 1731/2328 POM_5V_GPU 82/148 POM_5V_CPU 164/668
RAM 3163/3964MB (lfb 2x2MB) SWAP 665/6078MB (cached 13MB) IRAM 0/252kB(lfb 252kB) CPU [10%@921,9%@921,off,off] EMC_FREQ 0%@1600 GR3D_FREQ 0%@614 APE 25 PLL@31C CPU@32.5C iwlwifi@33C PMIC@50C GPU@30.5C AO@41.5C thermal@31.5C POM_5V_IN 1728/2325 POM_5V_GPU 82/147 POM_5V_CPU 164/665
RAM 3160/3964MB (lfb 3x2MB) SWAP 665/6078MB (cached 13MB) IRAM 0/252kB(lfb 252kB) CPU [8%@921,8%@921,off,off] EMC_FREQ 0%@1600 GR3D_FREQ 0%@614 APE 25 PLL@31C CPU@32.5C iwlwifi@32C PMIC@50C GPU@31C AO@42C thermal@31.75C POM_5V_IN 1689/2322 POM_5V_GPU 82/147 POM_5V_CPU 164/663
RAM 3162/3964MB (lfb 1x2MB) SWAP 665/6078MB (cached 13MB) IRAM 0/252kB(lfb 252kB) CPU [8%@921,6%@921,off,off] EMC_FREQ 0%@1600 GR3D_FREQ 0%@614 APE 25 PLL@30.5C CPU@32.5C iwlwifi@33C PMIC@50C GPU@31C AO@42C thermal@31.75C POM_5V_IN 1731/2319 POM_5V_GPU 82/147 POM_5V_CPU 164/660
RAM 3158/3964MB (lfb 3x2MB) SWAP 665/6078MB (cached 13MB) IRAM 0/252kB(lfb 252kB) CPU [8%@921,6%@921,off,off] EMC_FREQ 0%@1600 GR3D_FREQ 0%@614 APE 25 PLL@30.5C CPU@32.5C iwlwifi@32C PMIC@50C GPU@31C AO@41.5C thermal@31.5C POM_5V_IN 1731/2316 POM_5V_GPU 82/146 POM_5V_CPU 164/658
RAM 3160/3964MB (lfb 2x2MB) SWAP 665/6078MB (cached 13MB) IRAM 0/252kB(lfb 252kB) CPU [7%@921,7%@921,off,off] EMC_FREQ 0%@1600 GR3D_FREQ 0%@614 APE 25 PLL@30.5C CPU@32.5C iwlwifi@32C PMIC@50C GPU@31C AO@41.5C thermal@31.75C POM_5V_IN 1731/2313 POM_5V_GPU 82/146 POM_5V_CPU 164/656
RAM 3161/3964MB (lfb 2x2MB) SWAP 665/6078MB (cached 13MB) IRAM 0/252kB(lfb 252kB) CPU [7%@921,10%@921,off,off] EMC_FREQ 0%@1600 GR3D_FREQ 0%@614 APE 25 PLL@30.5C CPU@32C iwlwifi@32C PMIC@50C GPU@30.5C AO@42C thermal@31.25C POM_5V_IN 2013/2312 POM_5V_GPU 82/146 POM_5V_CPU 164/653
RAM 3162/3964MB (lfb 1x2MB) SWAP 665/6078MB (cached 13MB) IRAM 0/252kB(lfb 252kB) CPU [8%@921,8%@921,off,off] EMC_FREQ 0%@1600 GR3D_FREQ 0%@614 APE 25 PLL@30.5C CPU@32.5C iwlwifi@33C PMIC@50C GPU@31C AO@42C thermal@31.75C POM_5V_IN 1689/2309 POM_5V_GPU 82/145 POM_5V_CPU 164/651
RAM 3160/3964MB (lfb 2x2MB) SWAP 660/6078MB (cached 13MB) IRAM 0/252kB(lfb 252kB) CPU [8%@921,5%@921,off,off] EMC_FREQ 0%@1600 GR3D_FREQ 0%@614 APE 25 PLL@30.5C CPU@32.5C iwlwifi@32C PMIC@50C GPU@31C AO@41.5C thermal@31.75C POM_5V_IN 1689/2306 POM_5V_GPU 82/145 POM_5V_CPU 164/648
RAM 3163/3964MB (lfb 1x2MB) SWAP 660/6078MB (cached 13MB) IRAM 0/252kB(lfb 252kB) CPU [6%@921,8%@921,off,off] EMC_FREQ 0%@1600 GR3D_FREQ 0%@614 APE 25 PLL@30.5C CPU@32.5C iwlwifi@32C PMIC@50C GPU@30.5C AO@41.5C thermal@31.75C POM_5V_IN 1689/2303 POM_5V_GPU 82/145 POM_5V_CPU 164/646
RAM 3158/3964MB (lfb 3x2MB) SWAP 660/6078MB (cached 13MB) IRAM 0/252kB(lfb 252kB) CPU [5%@921,9%@921,off,off] EMC_FREQ 0%@1600 GR3D_FREQ 0%@614 APE 25 PLL@30.5C CPU@32C iwlwifi@32C PMIC@50C GPU@31C AO@41.5C thermal@31.5C POM_5V_IN 1689/2300 POM_5V_GPU 82/145 POM_5V_CPU 164/644
RAM 3165/3964MB (lfb 3x2MB) SWAP 649/6078MB (cached 13MB) IRAM 0/252kB(lfb 252kB) CPU [13%@921,18%@921,off,off] EMC_FREQ 0%@1600 GR3D_FREQ 0%@614 APE 25 PLL@31C CPU@32C iwlwifi@32C PMIC@50C GPU@30.5C AO@42C thermal@31.5C POM_5V_IN 1728/2297 POM_5V_GPU 82/144 POM_5V_CPU 164/642
RAM 1457/3964MB (lfb 13x4MB) SWAP 635/6078MB (cached 12MB) IRAM 0/252kB(lfb 252kB) CPU [12%@921,13%@921,off,off] EMC_FREQ 1%@1600 GR3D_FREQ 0%@614 APE 25 PLL@30.5C CPU@32C iwlwifi@33C PMIC@50C GPU@30.5C AO@41.5C thermal@31.5C POM_5V_IN 2174/2297 POM_5V_GPU 82/144 POM_5V_CPU 328/640
RAM 1454/3964MB (lfb 13x4MB) SWAP 635/6078MB (cached 12MB) IRAM 0/252kB(lfb 252kB) CPU [9%@921,5%@921,off,off] EMC_FREQ 0%@1600 GR3D_FREQ 0%@614 APE 25 PLL@30.5C CPU@32C iwlwifi@32C PMIC@50C GPU@31C AO@41.5C thermal@31.75C POM_5V_IN 1689/2294 POM_5V_GPU 82/144 POM_5V_CPU 164/638
RAM 1454/3964MB (lfb 13x4MB) SWAP 635/6078MB (cached 12MB) IRAM 0/252kB(lfb 252kB) CPU [6%@921,7%@921,off,off] EMC_FREQ 0%@1600 GR3D_FREQ 0%@614 APE 25 PLL@30.5C CPU@32.5C iwlwifi@32C PMIC@50C GPU@30.5C AO@41.5C thermal@31.25C POM_5V_IN 1731/2291 POM_5V_GPU 82/143 POM_5V_CPU 164/636
RAM 1456/3964MB (lfb 13x4MB) SWAP 635/6078MB (cached 12MB) IRAM 0/252kB(lfb 252kB) CPU [7%@921,6%@921,off,off] EMC_FREQ 0%@1600 GR3D_FREQ 0%@614 APE 25 PLL@30.5C CPU@32C iwlwifi@33C PMIC@50C GPU@31C AO@41.5C thermal@31.25C POM_5V_IN 1689/2288 POM_5V_GPU 82/143 POM_5V_CPU 123/633
RAM 1562/3964MB (lfb 13x4MB) SWAP 635/6078MB (cached 12MB) IRAM 0/252kB(lfb 252kB) CPU [49%@921,43%@921,off,off] EMC_FREQ 0%@1600 GR3D_FREQ 0%@614 APE 25 PLL@30.5C CPU@32.5C iwlwifi@32C PMIC@50C GPU@31C AO@41.5C thermal@31.75C POM_5V_IN 1689/2286 POM_5V_GPU 82/143 POM_5V_CPU 164/631
RAM 1842/3964MB (lfb 13x4MB) SWAP 635/6078MB (cached 12MB) IRAM 0/252kB(lfb 252kB) CPU [99%@921,98%@921,off,off] EMC_FREQ 0%@1600 GR3D_FREQ 0%@614 APE 25 PLL@30.5C CPU@32.5C iwlwifi@33C PMIC@50C GPU@31C AO@42C thermal@32C POM_5V_IN 2375/2286 POM_5V_GPU 81/142 POM_5V_CPU 778/632
RAM 1986/3964MB (lfb 12x4MB) SWAP 635/6078MB (cached 12MB) IRAM 0/252kB(lfb 252kB) CPU [98%@921,97%@921,off,off] EMC_FREQ 2%@1600 GR3D_FREQ 0%@614 APE 25 PLL@31C CPU@33C iwlwifi@32C PMIC@50C GPU@31C AO@42C thermal@32.25C POM_5V_IN 2654/2288 POM_5V_GPU 81/142 POM_5V_CPU 898/633
RAM 2005/3964MB (lfb 8x4MB) SWAP 628/6078MB (cached 20MB) IRAM 0/252kB(lfb 252kB) CPU [100%@921,100%@921,off,off] EMC_FREQ 1%@1600 GR3D_FREQ 0%@614 APE 25 PLL@31C CPU@33C iwlwifi@32C PMIC@50C GPU@31.5C AO@42C thermal@32.25C POM_5V_IN 2494/2289 POM_5V_GPU 81/142 POM_5V_CPU 858/634
RAM 2004/3964MB (lfb 8x4MB) SWAP 628/6078MB (cached 20MB) IRAM 0/252kB(lfb 252kB) CPU [100%@921,100%@921,off,off] EMC_FREQ 1%@1600 GR3D_FREQ 0%@614 APE 25 PLL@31.5C CPU@34C iwlwifi@33C PMIC@50C GPU@31.5C AO@42.5C thermal@32.75C POM_5V_IN 2535/2290 POM_5V_GPU 81/142 POM_5V_CPU 899/635
RAM 2005/3964MB (lfb 8x4MB) SWAP 628/6078MB (cached 20MB) IRAM 0/252kB(lfb 252kB) CPU [100%@921,100%@921,off,off] EMC_FREQ 1%@1600 GR3D_FREQ 0%@614 APE 25 PLL@31C CPU@33.5C iwlwifi@32C PMIC@50C GPU@31.5C AO@42.5C thermal@32.75C POM_5V_IN 2453/2290 POM_5V_GPU 81/141 POM_5V_CPU 858/636
RAM 2006/3964MB (lfb 8x4MB) SWAP 628/6078MB (cached 20MB) IRAM 0/252kB(lfb 252kB) CPU [100%@921,100%@921,off,off] EMC_FREQ 1%@1600 GR3D_FREQ 0%@614 APE 25 PLL@31.5C CPU@33.5C iwlwifi@32C PMIC@50C GPU@31.5C AO@42.5C thermal@32.75C POM_5V_IN 2494/2291 POM_5V_GPU 81/141 POM_5V_CPU 858/637
RAM 2007/3964MB (lfb 8x4MB) SWAP 628/6078MB (cached 20MB) IRAM 0/252kB(lfb 252kB) CPU [100%@921,100%@921,off,off] EMC_FREQ 1%@1600 GR3D_FREQ 0%@614 APE 25 PLL@31.5C CPU@33.5C iwlwifi@32C PMIC@50C GPU@32C AO@43.5C thermal@33C POM_5V_IN 2576/2293 POM_5V_GPU 81/141 POM_5V_CPU 899/638
RAM 2007/3964MB (lfb 8x4MB) SWAP 628/6078MB (cached 20MB) IRAM 0/252kB(lfb 252kB) CPU [100%@921,100%@921,off,off] EMC_FREQ 1%@1600 GR3D_FREQ 0%@614 APE 25 PLL@31.5C CPU@34C iwlwifi@32C PMIC@50C GPU@31.5C AO@43C thermal@33C POM_5V_IN 2490/2294 POM_5V_GPU 81/141 POM_5V_CPU 857/639
RAM 2009/3964MB (lfb 8x4MB) SWAP 628/6078MB (cached 20MB) IRAM 0/252kB(lfb 252kB) CPU [100%@921,100%@921,off,off] EMC_FREQ 1%@1600 GR3D_FREQ 0%@614 APE 25 PLL@31.5C CPU@34C iwlwifi@32C PMIC@50C GPU@32C AO@43C thermal@33C POM_5V_IN 2457/2294 POM_5V_GPU 81/140 POM_5V_CPU 858/640
RAM 2004/3964MB (lfb 8x4MB) SWAP 628/6078MB (cached 20MB) IRAM 0/252kB(lfb 252kB) CPU [100%@921,100%@921,off,off] EMC_FREQ 1%@1600 GR3D_FREQ 0%@614 APE 25 PLL@32C CPU@33.5C iwlwifi@32C PMIC@50C GPU@32C AO@43.5C thermal@33.25C POM_5V_IN 2416/2295 POM_5V_GPU 81/140 POM_5V_CPU 817/641
RAM 2005/3964MB (lfb 8x4MB) SWAP 628/6078MB (cached 20MB) IRAM 0/252kB(lfb 252kB) CPU [100%@921,100%@921,off,off] EMC_FREQ 0%@1600 GR3D_FREQ 0%@614 APE 25 PLL@32C CPU@34C iwlwifi@32C PMIC@50C GPU@32.5C AO@43.5C thermal@33.25C POM_5V_IN 2416/2295 POM_5V_GPU 81/140 POM_5V_CPU 817/642
RAM 2005/3964MB (lfb 8x4MB) SWAP 628/6078MB (cached 20MB) IRAM 0/252kB(lfb 252kB) CPU [100%@921,100%@921,off,off] EMC_FREQ 1%@1600 GR3D_FREQ 0%@614 APE 25 PLL@32C CPU@34.5C iwlwifi@32C PMIC@50C GPU@32C AO@43.5C thermal@33.25C POM_5V_IN 2490/2296 POM_5V_GPU 81/139 POM_5V_CPU 857/643
RAM 2006/3964MB (lfb 8x4MB) SWAP 628/6078MB (cached 20MB) IRAM 0/252kB(lfb 252kB) CPU [100%@921,100%@921,off,off] EMC_FREQ 1%@1600 GR3D_FREQ 0%@614 APE 25 PLL@32C CPU@34.5C iwlwifi@32C PMIC@50C GPU@32.5C AO@44C thermal@33.25C POM_5V_IN 2494/2297 POM_5V_GPU 81/139 POM_5V_CPU 899/644
RAM 2008/3964MB (lfb 8x4MB) SWAP 628/6078MB (cached 20MB) IRAM 0/252kB(lfb 252kB) CPU [100%@921,100%@921,off,off] EMC_FREQ 1%@1600 GR3D_FREQ 0%@614 APE 25 PLL@32C CPU@34C iwlwifi@32C PMIC@50C GPU@32.5C AO@44C thermal@33.5C POM_5V_IN 2453/2298 POM_5V_GPU 81/139 POM_5V_CPU 858/645
RAM 2008/3964MB (lfb 8x4MB) SWAP 628/6078MB (cached 20MB) IRAM 0/252kB(lfb 252kB) CPU [100%@921,100%@921,off,off] EMC_FREQ 0%@1600 GR3D_FREQ 0%@614 APE 25 PLL@32.5C CPU@34.5C iwlwifi@32C PMIC@50C GPU@32.5C AO@43.5C thermal@33.5C POM_5V_IN 2535/2299 POM_5V_GPU 81/139 POM_5V_CPU 899/646
RAM 2006/3964MB (lfb 8x4MB) SWAP 628/6078MB (cached 20MB) IRAM 0/252kB(lfb 252kB) CPU [100%@921,100%@921,off,off] EMC_FREQ 1%@1600 GR3D_FREQ 0%@614 APE 25 PLL@32C CPU@34.5C iwlwifi@35C PMIC@50C GPU@32.5C AO@44C thermal@33.75C POM_5V_IN 2494/2300 POM_5V_GPU 81/138 POM_5V_CPU 899/647
RAM 2878/3964MB (lfb 2x512kB) SWAP 628/6078MB (cached 20MB) IRAM 0/252kB(lfb 252kB) CPU [98%@921,91%@921,off,off] EMC_FREQ 1%@1600 GR3D_FREQ 0%@614 APE 25 PLL@32C CPU@34.5C iwlwifi@33C PMIC@50C GPU@33C AO@43.5C thermal@33.5C POM_5V_IN 2449/2300 POM_5V_GPU 81/138 POM_5V_CPU 816/648
RAM 3527/3964MB (lfb 1x2MB) SWAP 780/6078MB (cached 18MB) IRAM 0/252kB(lfb 252kB) CPU [56%@921,63%@921,off,off] EMC_FREQ 1%@1600 GR3D_FREQ 0%@614 APE 25 PLL@32C CPU@34C iwlwifi@33C PMIC@50C GPU@33C AO@44C thermal@33.75C POM_5V_IN 2013/2299 POM_5V_GPU 82/138 POM_5V_CPU 164/646
RAM 3526/3964MB (lfb 2x2MB) SWAP 791/6078MB (cached 23MB) IRAM 0/252kB(lfb 252kB) CPU [88%@921,49%@921,off,off] EMC_FREQ 2%@1600 GR3D_FREQ 40%@614 APE 25 PLL@32.5C CPU@34C iwlwifi@33C PMIC@50C GPU@33C AO@44.5C thermal@34C POM_5V_IN 2772/2301 POM_5V_GPU 652/140 POM_5V_CPU 529/645
RAM 3526/3964MB (lfb 1x2MB) SWAP 794/6078MB (cached 23MB) IRAM 0/252kB(lfb 252kB) CPU [99%@921,33%@921,off,off] EMC_FREQ 5%@1600 GR3D_FREQ 28%@614 APE 25 PLL@33C CPU@34.5C iwlwifi@33C PMIC@50C GPU@33C AO@44.5C thermal@33.75C POM_5V_IN 2735/2303 POM_5V_GPU 612/142 POM_5V_CPU 489/645
RAM 3541/3964MB (lfb 1x2MB) SWAP 804/6078MB (cached 24MB) IRAM 0/252kB(lfb 252kB) CPU [97%@921,92%@921,off,off] EMC_FREQ 5%@1600 GR3D_FREQ 25%@614 APE 25 PLL@32.5C CPU@35C iwlwifi@33C PMIC@50C GPU@33C AO@44.5C thermal@34C POM_5V_IN 2772/2305 POM_5V_GPU 611/144 POM_5V_CPU 489/644
RAM 3525/3964MB (lfb 3x2MB) SWAP 804/6078MB (cached 25MB) IRAM 0/252kB(lfb 252kB) CPU [100%@921,100%@921,off,off] EMC_FREQ 1%@1600 GR3D_FREQ 0%@614 APE 25 PLL@33C CPU@35.5C iwlwifi@33C PMIC@50C GPU@33C AO@44.5C thermal@34.5C POM_5V_IN 2690/2307 POM_5V_GPU 81/144 POM_5V_CPU 1019/645
RAM 1351/3964MB (lfb 7x4MB) SWAP 776/6078MB (cached 24MB) IRAM 0/252kB(lfb 252kB) CPU [67%@921,73%@921,off,off] EMC_FREQ 1%@1600 GR3D_FREQ 0%@614 APE 25 PLL@33.5C CPU@35.5C iwlwifi@33C PMIC@50C GPU@33C AO@44C thermal@34C POM_5V_IN 2694/2308 POM_5V_GPU 81/144 POM_5V_CPU 1020/647
RAM 1990/3964MB (lfb 1x2MB) SWAP 776/6078MB (cached 24MB) IRAM 0/252kB(lfb 252kB) CPU [90%@921,91%@921,off,off] EMC_FREQ 1%@1600 GR3D_FREQ 0%@614 APE 25 PLL@33C CPU@35C iwlwifi@34C PMIC@50C GPU@33C AO@44.5C thermal@34.25C POM_5V_IN 2215/2308 POM_5V_GPU 82/143 POM_5V_CPU 369/646
RAM 2983/3964MB (lfb 1x2MB) SWAP 779/6078MB (cached 24MB) IRAM 0/252kB(lfb 252kB) CPU [42%@921,67%@921,off,off] EMC_FREQ 2%@1600 GR3D_FREQ 0%@614 APE 25 PLL@33C CPU@35C iwlwifi@33C PMIC@50C GPU@33.5C AO@44.5C thermal@34C POM_5V_IN 2609/2309 POM_5V_GPU 122/143 POM_5V_CPU 856/647
RAM 1421/3964MB (lfb 7x4MB) SWAP 819/6078MB (cached 25MB) IRAM 0/252kB(lfb 252kB) CPU [60%@921,61%@921,off,off] EMC_FREQ 2%@1600 GR3D_FREQ 2%@614 APE 25 PLL@33.5C CPU@35C iwlwifi@33C PMIC@50C GPU@33C AO@44.5C thermal@34C POM_5V_IN 2613/2310 POM_5V_GPU 122/143 POM_5V_CPU 775/647
RAM 2097/3964MB (lfb 1x2MB) SWAP 818/6078MB (cached 25MB) IRAM 0/252kB(lfb 252kB) CPU [98%@921,96%@921,off,off] EMC_FREQ 2%@1600 GR3D_FREQ 0%@614 APE 25 PLL@33C CPU@34.5C iwlwifi@33C PMIC@50C GPU@33.5C AO@44.5C thermal@34.25C POM_5V_IN 2170/2310 POM_5V_GPU 81/143 POM_5V_CPU 573/647
RAM 3036/3964MB (lfb 1x2MB) SWAP 820/6078MB (cached 20MB) IRAM 0/252kB(lfb 252kB) CPU [84%@921,86%@921,off,off] EMC_FREQ 2%@1600 GR3D_FREQ 4%@614 APE 25 PLL@33C CPU@35.5C iwlwifi@33C PMIC@50C GPU@33.5C AO@44.5C thermal@34.25C POM_5V_IN 2572/2311 POM_5V_GPU 163/143 POM_5V_CPU 816/648
RAM 3056/3964MB (lfb 1x2MB) SWAP 824/6078MB (cached 19MB) IRAM 0/252kB(lfb 252kB) CPU [64%@921,75%@921,off,off] EMC_FREQ 3%@1600 GR3D_FREQ 3%@614 APE 25 PLL@33C CPU@35.5C iwlwifi@33C PMIC@50C GPU@33C AO@44.5C thermal@33.75C POM_5V_IN 2334/2311 POM_5V_GPU 245/143 POM_5V_CPU 572/647
RAM 1331/3964MB (lfb 8x4MB) SWAP 822/6078MB (cached 19MB) IRAM 0/252kB(lfb 252kB) CPU [13%@921,15%@921,off,off] EMC_FREQ 2%@1600 GR3D_FREQ 0%@614 APE 25 PLL@33C CPU@34.5C iwlwifi@33C PMIC@50C GPU@33.5C AO@44C thermal@33.75C POM_5V_IN 2252/2311 POM_5V_GPU 81/143 POM_5V_CPU 491/647
RAM 1328/3964MB (lfb 8x4MB) SWAP 822/6078MB (cached 19MB) IRAM 0/252kB(lfb 252kB) CPU [6%@921,8%@921,off,off] EMC_FREQ 0%@1600 GR3D_FREQ 0%@614 APE 25 PLL@32.5C CPU@34C iwlwifi@33C PMIC@50C GPU@33C AO@44C thermal@33.75C POM_5V_IN 1728/2308 POM_5V_GPU 82/143 POM_5V_CPU 164/645
RAM 1331/3964MB (lfb 8x4MB) SWAP 822/6078MB (cached 19MB) IRAM 0/252kB(lfb 252kB) CPU [7%@921,7%@921,off,off] EMC_FREQ 0%@1600 GR3D_FREQ 0%@614 APE 25 PLL@32.5C CPU@34.5C iwlwifi@33C PMIC@50C GPU@33C AO@44C thermal@33.75C POM_5V_IN 1731/2306 POM_5V_GPU 82/143 POM_5V_CPU 164/643
RAM 1330/3964MB (lfb 8x4MB) SWAP 822/6078MB (cached 19MB) IRAM 0/252kB(lfb 252kB) CPU [7%@921,6%@921,off,off] EMC_FREQ 0%@1600 GR3D_FREQ 0%@614 APE 25 PLL@32.5C CPU@34.5C iwlwifi@33C PMIC@50C GPU@33C AO@43.5C thermal@33.5C POM_5V_IN 1731/2304 POM_5V_GPU 82/142 POM_5V_CPU 164/641
RAM 1332/3964MB (lfb 8x4MB) SWAP 822/6078MB (cached 19MB) IRAM 0/252kB(lfb 252kB) CPU [8%@921,6%@921,off,off] EMC_FREQ 0%@1600 GR3D_FREQ 0%@614 APE 25 PLL@32.5C CPU@34.5C iwlwifi@33C PMIC@50C GPU@32.5C AO@44C thermal@33.25C POM_5V_IN 1731/2301 POM_5V_GPU 82/142 POM_5V_CPU 164/639
RAM 1350/3964MB (lfb 8x4MB) SWAP 820/6078MB (cached 21MB) IRAM 0/252kB(lfb 252kB) CPU [10%@921,8%@921,off,off] EMC_FREQ 0%@1600 GR3D_FREQ 0%@614 APE 25 PLL@32C CPU@34C iwlwifi@33C PMIC@50C GPU@32.5C AO@43.5C thermal@33.25C POM_5V_IN 1731/2299 POM_5V_GPU 82/142 POM_5V_CPU 164/637
RAM 1337/3964MB (lfb 8x4MB) SWAP 820/6078MB (cached 22MB) IRAM 0/252kB(lfb 252kB) CPU [9%@921,5%@921,off,off] EMC_FREQ 0%@1600 GR3D_FREQ 0%@614 APE 25 PLL@32.5C CPU@34C iwlwifi@35C PMIC@50C GPU@32C AO@43.5C thermal@33C POM_5V_IN 1731/2297 POM_5V_GPU 82/142 POM_5V_CPU 164/635
RAM 1338/3964MB (lfb 8x4MB) SWAP 819/6078MB (cached 22MB) IRAM 0/252kB(lfb 252kB) CPU [9%@921,11%@921,off,off] EMC_FREQ 0%@1600 GR3D_FREQ 0%@614 APE 25 PLL@32C CPU@34C iwlwifi@33C PMIC@50C GPU@32.5C AO@43.5C thermal@32.75C POM_5V_IN 1728/2294 POM_5V_GPU 82/141 POM_5V_CPU 164/633
RAM 1335/3964MB (lfb 8x4MB) SWAP 819/6078MB (cached 22MB) IRAM 0/252kB(lfb 252kB) CPU [4%@921,9%@921,off,off] EMC_FREQ 0%@1600 GR3D_FREQ 0%@614 APE 25 PLL@32C CPU@34C iwlwifi@33C PMIC@50C GPU@32.5C AO@43C thermal@33.25C POM_5V_IN 1731/2292 POM_5V_GPU 82/141 POM_5V_CPU 164/631
RAM 1338/3964MB (lfb 8x4MB) SWAP 819/6078MB (cached 22MB) IRAM 0/252kB(lfb 252kB) CPU [5%@921,8%@921,off,off] EMC_FREQ 0%@1600 GR3D_FREQ 0%@614 APE 25 PLL@31.5C CPU@33.5C iwlwifi@33C PMIC@50C GPU@32C AO@43C thermal@33.25C POM_5V_IN 1728/2290 POM_5V_GPU 82/141 POM_5V_CPU 164/630
RAM 1336/3964MB (lfb 8x4MB) SWAP 819/6078MB (cached 22MB) IRAM 0/252kB(lfb 252kB) CPU [6%@921,7%@921,off,off] EMC_FREQ 0%@1600 GR3D_FREQ 0%@614 APE 25 PLL@32C CPU@33.5C iwlwifi@33C PMIC@50C GPU@32C AO@42.5C thermal@33C POM_5V_IN 1731/2288 POM_5V_GPU 82/141 POM_5V_CPU 164/628
RAM 1334/3964MB (lfb 8x4MB) SWAP 819/6078MB (cached 22MB) IRAM 0/252kB(lfb 252kB) CPU [8%@921,5%@921,off,off] EMC_FREQ 0%@1600 GR3D_FREQ 0%@614 APE 25 PLL@32C CPU@34C iwlwifi@33C PMIC@50C GPU@32C AO@42.5C thermal@32.75C POM_5V_IN 1731/2286 POM_5V_GPU 82/141 POM_5V_CPU 164/626
RAM 1334/3964MB (lfb 8x4MB) SWAP 819/6078MB (cached 22MB) IRAM 0/252kB(lfb 252kB) CPU [6%@921,7%@921,off,off] EMC_FREQ 0%@1600 GR3D_FREQ 0%@614 APE 25 PLL@31.5C CPU@33.5C iwlwifi@33C PMIC@50C GPU@32C AO@43C thermal@32.75C POM_5V_IN 1731/2283 POM_5V_GPU 82/140 POM_5V_CPU 164/624
RAM 1338/3964MB (lfb 8x4MB) SWAP 819/6078MB (cached 22MB) IRAM 0/252kB(lfb 252kB) CPU [6%@921,8%@921,off,off] EMC_FREQ 0%@1600 GR3D_FREQ 0%@614 APE 25 PLL@31.5C CPU@34C iwlwifi@33C PMIC@50C GPU@32C AO@43C thermal@32.5C POM_5V_IN 1731/2281 POM_5V_GPU 82/140 POM_5V_CPU 164/622
RAM 1337/3964MB (lfb 8x4MB) SWAP 819/6078MB (cached 22MB) IRAM 0/252kB(lfb 252kB) CPU [6%@921,7%@921,off,off] EMC_FREQ 0%@1600 GR3D_FREQ 0%@614 APE 25 PLL@31.5C CPU@33.5C iwlwifi@33C PMIC@50C GPU@31.5C AO@42.5C thermal@32.5C POM_5V_IN 1728/2279 POM_5V_GPU 82/140 POM_5V_CPU 164/621
RAM 1335/3964MB (lfb 8x4MB) SWAP 819/6078MB (cached 22MB) IRAM 0/252kB(lfb 252kB) CPU [6%@921,7%@921,off,off] EMC_FREQ 0%@1600 GR3D_FREQ 0%@614 APE 25 PLL@31.5C CPU@33C iwlwifi@32C PMIC@50C GPU@32C AO@42.5C thermal@32.75C POM_5V_IN 1731/2277 POM_5V_GPU 82/140 POM_5V_CPU 164/619
RAM 1339/3964MB (lfb 8x4MB) SWAP 819/6078MB (cached 22MB) IRAM 0/252kB(lfb 252kB) CPU [5%@921,8%@921,off,off] EMC_FREQ 0%@1600 GR3D_FREQ 0%@614 APE 25 PLL@31C CPU@33C iwlwifi@33C PMIC@50C GPU@32C AO@42.5C thermal@32.5C POM_5V_IN 1728/2275 POM_5V_GPU 82/139 POM_5V_CPU 164/617
RAM 1338/3964MB (lfb 8x4MB) SWAP 819/6078MB (cached 22MB) IRAM 0/252kB(lfb 252kB) CPU [9%@921,5%@921,off,off] EMC_FREQ 0%@1600 GR3D_FREQ 0%@614 APE 25 PLL@31.5C CPU@33C iwlwifi@33C PMIC@50C GPU@31.5C AO@42.5C thermal@32.5C POM_5V_IN 1731/2273 POM_5V_GPU 82/139 POM_5V_CPU 164/615
RAM 1337/3964MB (lfb 8x4MB) SWAP 819/6078MB (cached 22MB) IRAM 0/252kB(lfb 252kB) CPU [7%@921,7%@921,off,off] EMC_FREQ 0%@1600 GR3D_FREQ 0%@614 APE 25 PLL@31.5C CPU@33C iwlwifi@33C PMIC@50C GPU@32C AO@42.5C thermal@32.25C POM_5V_IN 1728/2271 POM_5V_GPU 82/139 POM_5V_CPU 164/614
RAM 1335/3964MB (lfb 8x4MB) SWAP 819/6078MB (cached 22MB) IRAM 0/252kB(lfb 252kB) CPU [8%@921,6%@921,off,off] EMC_FREQ 0%@1600 GR3D_FREQ 0%@614 APE 25 PLL@31C CPU@33C iwlwifi@32C PMIC@50C GPU@31.5C AO@42.5C thermal@32.25C POM_5V_IN 1689/2269 POM_5V_GPU 82/139 POM_5V_CPU 164/612
RAM 1336/3964MB (lfb 8x4MB) SWAP 819/6078MB (cached 23MB) IRAM 0/252kB(lfb 252kB) CPU [6%@921,8%@921,off,off] EMC_FREQ 0%@1600 GR3D_FREQ 0%@614 APE 25 PLL@31C CPU@33C iwlwifi@32C PMIC@50C GPU@31.5C AO@42.5C thermal@32.25C POM_5V_IN 1731/2267 POM_5V_GPU 82/138 POM_5V_CPU 164/610
RAM 1340/3964MB (lfb 8x4MB) SWAP 819/6078MB (cached 23MB) IRAM 0/252kB(lfb 252kB) CPU [10%@921,3%@921,off,off] EMC_FREQ 0%@1600 GR3D_FREQ 0%@614 APE 25 PLL@31C CPU@33C iwlwifi@32C PMIC@50C GPU@31.5C AO@42C thermal@32.25C POM_5V_IN 1731/2265 POM_5V_GPU 82/138 POM_5V_CPU 164/609
RAM 1340/3964MB (lfb 8x4MB) SWAP 819/6078MB (cached 23MB) IRAM 0/252kB(lfb 252kB) CPU [6%@921,7%@921,off,off] EMC_FREQ 0%@1600 GR3D_FREQ 0%@614 APE 25 PLL@31C CPU@33C iwlwifi@32C PMIC@50C GPU@31.5C AO@42C thermal@32.25C POM_5V_IN 1731/2263 POM_5V_GPU 82/138 POM_5V_CPU 123/607
RAM 1336/3964MB (lfb 8x4MB) SWAP 819/6078MB (cached 23MB) IRAM 0/252kB(lfb 252kB) CPU [6%@921,7%@921,off,off] EMC_FREQ 0%@1600 GR3D_FREQ 0%@614 APE 25 PLL@31C CPU@33C iwlwifi@32C PMIC@50C GPU@31C AO@42C thermal@32C POM_5V_IN 1851/2261 POM_5V_GPU 82/138 POM_5V_CPU 246/605
RAM 1338/3964MB (lfb 8x4MB) SWAP 819/6078MB (cached 23MB) IRAM 0/252kB(lfb 252kB) CPU [5%@921,8%@921,off,off] EMC_FREQ 0%@1600 GR3D_FREQ 0%@614 APE 25 PLL@30.5C CPU@32.5C iwlwifi@32C PMIC@50C GPU@31C AO@42.5C thermal@32C POM_5V_IN 1689/2259 POM_5V_GPU 82/138 POM_5V_CPU 164/604
RAM 1336/3964MB (lfb 8x4MB) SWAP 819/6078MB (cached 23MB) IRAM 0/252kB(lfb 252kB) CPU [7%@921,6%@921,off,off] EMC_FREQ 0%@1600 GR3D_FREQ 0%@614 APE 25 PLL@30.5C CPU@32.5C iwlwifi@32C PMIC@50C GPU@31.5C AO@42C thermal@32C POM_5V_IN 1689/2257 POM_5V_GPU 82/137 POM_5V_CPU 164/602
RAM 1338/3964MB (lfb 8x4MB) SWAP 819/6078MB (cached 23MB) IRAM 0/252kB(lfb 252kB) CPU [7%@921,7%@921,off,off] EMC_FREQ 0%@1600 GR3D_FREQ 0%@614 APE 25 PLL@31C CPU@32.5C iwlwifi@32C PMIC@50C GPU@30.5C AO@42C thermal@31.5C POM_5V_IN 1689/2255 POM_5V_GPU 82/137 POM_5V_CPU 164/600
RAM 1338/3964MB (lfb 8x4MB) SWAP 819/6078MB (cached 23MB) IRAM 0/252kB(lfb 252kB) CPU [6%@921,8%@921,off,off] EMC_FREQ 0%@1600 GR3D_FREQ 0%@614 APE 25 PLL@30.5C CPU@32.5C iwlwifi@32C PMIC@50C GPU@31C AO@42C thermal@31.75C POM_5V_IN 1689/2253 POM_5V_GPU 82/137 POM_5V_CPU 164/599
RAM 1341/3964MB (lfb 8x4MB) SWAP 819/6078MB (cached 23MB) IRAM 0/252kB(lfb 252kB) CPU [7%@921,6%@921,off,off] EMC_FREQ 0%@1600 GR3D_FREQ 0%@614 APE 25 PLL@30.5C CPU@32.5C iwlwifi@32C PMIC@50C GPU@31C AO@42C thermal@31.75C POM_5V_IN 1731/2251 POM_5V_GPU 82/137 POM_5V_CPU 164/597
RAM 1338/3964MB (lfb 8x4MB) SWAP 819/6078MB (cached 23MB) IRAM 0/252kB(lfb 252kB) CPU [5%@921,8%@921,off,off] EMC_FREQ 0%@1600 GR3D_FREQ 0%@614 APE 25 PLL@30.5C CPU@32C iwlwifi@33C PMIC@50C GPU@31C AO@41.5C thermal@31.5C POM_5V_IN 1731/2249 POM_5V_GPU 82/137 POM_5V_CPU 164/596
RAM 1341/3964MB (lfb 8x4MB) SWAP 818/6078MB (cached 23MB) IRAM 0/252kB(lfb 252kB) CPU [4%@921,9%@921,off,off] EMC_FREQ 0%@1600 GR3D_FREQ 0%@614 APE 25 PLL@30.5C CPU@32.5C iwlwifi@32C PMIC@50C GPU@30.5C AO@42C thermal@31.75C POM_5V_IN 1731/2247 POM_5V_GPU 82/136 POM_5V_CPU 164/594
RAM 1341/3964MB (lfb 8x4MB) SWAP 818/6078MB (cached 23MB) IRAM 0/252kB(lfb 252kB) CPU [8%@921,6%@921,off,off] EMC_FREQ 0%@1600 GR3D_FREQ 0%@614 APE 25 PLL@30.5C CPU@32C iwlwifi@32C PMIC@50C GPU@31C AO@41.5C thermal@31.25C POM_5V_IN 1689/2245 POM_5V_GPU 82/136 POM_5V_CPU 164/593
RAM 1337/3964MB (lfb 8x4MB) SWAP 818/6078MB (cached 23MB) IRAM 0/252kB(lfb 252kB) CPU [10%@921,4%@921,off,off] EMC_FREQ 0%@1600 GR3D_FREQ 0%@614 APE 25 PLL@30C CPU@32C iwlwifi@32C PMIC@50C GPU@30.5C AO@41.5C thermal@31.5C POM_5V_IN 1731/2243 POM_5V_GPU 82/136 POM_5V_CPU 164/591
RAM 1339/3964MB (lfb 8x4MB) SWAP 818/6078MB (cached 23MB) IRAM 0/252kB(lfb 252kB) CPU [6%@921,7%@921,off,off] EMC_FREQ 0%@1600 GR3D_FREQ 0%@614 APE 25 PLL@30.5C CPU@32C iwlwifi@32C PMIC@50C GPU@31C AO@41.5C thermal@31.25C POM_5V_IN 1689/2241 POM_5V_GPU 82/136 POM_5V_CPU 164/589
RAM 1339/3964MB (lfb 8x4MB) SWAP 818/6078MB (cached 23MB) IRAM 0/252kB(lfb 252kB) CPU [7%@921,6%@921,off,off] EMC_FREQ 0%@1600 GR3D_FREQ 0%@614 APE 25 PLL@30C CPU@32C iwlwifi@32C PMIC@50C GPU@30.5C AO@41.5C thermal@31.25C POM_5V_IN 1689/2239 POM_5V_GPU 82/136 POM_5V_CPU 164/588
RAM 1341/3964MB (lfb 8x4MB) SWAP 818/6078MB (cached 23MB) IRAM 0/252kB(lfb 252kB) CPU [7%@921,7%@921,off,off] EMC_FREQ 0%@1600 GR3D_FREQ 0%@614 APE 25 PLL@30.5C CPU@31.5C iwlwifi@32C PMIC@50C GPU@30.5C AO@41.5C thermal@31.5C POM_5V_IN 1689/2237 POM_5V_GPU 82/135 POM_5V_CPU 164/586
RAM 1339/3964MB (lfb 8x4MB) SWAP 818/6078MB (cached 23MB) IRAM 0/252kB(lfb 252kB) CPU [8%@921,5%@921,off,off] EMC_FREQ 0%@1600 GR3D_FREQ 0%@614 APE 25 PLL@30.5C CPU@32.5C iwlwifi@32C PMIC@50C GPU@31C AO@41.5C thermal@31.25C POM_5V_IN 1689/2235 POM_5V_GPU 82/135 POM_5V_CPU 164/585
RAM 1341/3964MB (lfb 8x4MB) SWAP 818/6078MB (cached 23MB) IRAM 0/252kB(lfb 252kB) CPU [4%@921,9%@921,off,off] EMC_FREQ 0%@1600 GR3D_FREQ 0%@614 APE 25 PLL@30.5C CPU@32C iwlwifi@32C PMIC@50C GPU@30.5C AO@41.5C thermal@31.25C POM_5V_IN 1689/2233 POM_5V_GPU 82/135 POM_5V_CPU 164/583
RAM 1337/3964MB (lfb 8x4MB) SWAP 818/6078MB (cached 23MB) IRAM 0/252kB(lfb 252kB) CPU [6%@921,7%@921,off,off] EMC_FREQ 0%@1600 GR3D_FREQ 0%@614 APE 25 PLL@30.5C CPU@32C iwlwifi@32C PMIC@50C GPU@30.5C AO@41.5C thermal@31.5C POM_5V_IN 1731/2231 POM_5V_GPU 82/135 POM_5V_CPU 164/582
RAM 1337/3964MB (lfb 8x4MB) SWAP 818/6078MB (cached 23MB) IRAM 0/252kB(lfb 252kB) CPU [9%@921,5%@921,off,off] EMC_FREQ 0%@1600 GR3D_FREQ 0%@614 APE 25 PLL@30C CPU@32C iwlwifi@32C PMIC@50C GPU@30.5C AO@41.5C thermal@31C POM_5V_IN 1731/2230 POM_5V_GPU 82/135 POM_5V_CPU 164/580
RAM 1342/3964MB (lfb 8x4MB) SWAP 818/6078MB (cached 23MB) IRAM 0/252kB(lfb 252kB) CPU [7%@921,6%@921,off,off] EMC_FREQ 0%@1600 GR3D_FREQ 0%@614 APE 25 PLL@30C CPU@32C iwlwifi@32C PMIC@50C GPU@30.5C AO@41.5C thermal@31.25C POM_5V_IN 1689/2228 POM_5V_GPU 82/134 POM_5V_CPU 164/579
RAM 1337/3964MB (lfb 8x4MB) SWAP 817/6078MB (cached 23MB) IRAM 0/252kB(lfb 252kB) CPU [7%@921,7%@921,off,off] EMC_FREQ 0%@1600 GR3D_FREQ 0%@614 APE 25 PLL@30C CPU@32C iwlwifi@32C PMIC@50C GPU@30.5C AO@41.5C thermal@31.25C POM_5V_IN 1687/2226 POM_5V_GPU 82/134 POM_5V_CPU 164/578
RAM 1337/3964MB (lfb 8x4MB) SWAP 817/6078MB (cached 23MB) IRAM 0/252kB(lfb 252kB) CPU [6%@921,7%@921,off,off] EMC_FREQ 0%@1600 GR3D_FREQ 0%@614 APE 25 PLL@30C CPU@32C iwlwifi@32C PMIC@50C GPU@30.5C AO@41.5C thermal@31.25C POM_5V_IN 1689/2224 POM_5V_GPU 82/134 POM_5V_CPU 164/576
RAM 1339/3964MB (lfb 8x4MB) SWAP 817/6078MB (cached 23MB) IRAM 0/252kB(lfb 252kB) CPU [7%@921,8%@921,off,off] EMC_FREQ 0%@1600 GR3D_FREQ 0%@614 APE 25 PLL@30C CPU@32C iwlwifi@32C PMIC@50C GPU@30C AO@41.5C thermal@31C POM_5V_IN 1689/2222 POM_5V_GPU 82/134 POM_5V_CPU 164/575
RAM 1337/3964MB (lfb 8x4MB) SWAP 817/6078MB (cached 23MB) IRAM 0/252kB(lfb 252kB) CPU [4%@921,9%@921,off,off] EMC_FREQ 0%@1600 GR3D_FREQ 0%@614 APE 25 PLL@30.5C CPU@32C iwlwifi@32C PMIC@50C GPU@30.5C AO@41.5C thermal@31.25C POM_5V_IN 1689/2220 POM_5V_GPU 82/134 POM_5V_CPU 164/573
RAM 1339/3964MB (lfb 8x4MB) SWAP 817/6078MB (cached 23MB) IRAM 0/252kB(lfb 252kB) CPU [7%@921,7%@921,off,off] EMC_FREQ 0%@1600 GR3D_FREQ 0%@614 APE 25 PLL@30C CPU@31.5C iwlwifi@32C PMIC@50C GPU@30.5C AO@41.5C thermal@31.25C POM_5V_IN 1689/2218 POM_5V_GPU 82/134 POM_5V_CPU 164/572
RAM 1342/3964MB (lfb 8x4MB) SWAP 817/6078MB (cached 24MB) IRAM 0/252kB(lfb 252kB) CPU [7%@921,6%@921,off,off] EMC_FREQ 0%@1600 GR3D_FREQ 0%@614 APE 25 PLL@30C CPU@31.5C iwlwifi@32C PMIC@50C GPU@30C AO@41C thermal@31.25C POM_5V_IN 1851/2217 POM_5V_GPU 82/133 POM_5V_CPU 288/571
RAM 1337/3964MB (lfb 8x4MB) SWAP 817/6078MB (cached 24MB) IRAM 0/252kB(lfb 252kB) CPU [8%@921,6%@921,off,off] EMC_FREQ 0%@1600 GR3D_FREQ 0%@614 APE 25 PLL@30C CPU@32C iwlwifi@32C PMIC@50C GPU@30C AO@41C thermal@30.75C POM_5V_IN 1687/2215 POM_5V_GPU 82/133 POM_5V_CPU 164/569
RAM 1338/3964MB (lfb 8x4MB) SWAP 817/6078MB (cached 24MB) IRAM 0/252kB(lfb 252kB) CPU [8%@921,5%@921,off,off] EMC_FREQ 0%@1600 GR3D_FREQ 0%@614 APE 25 PLL@30C CPU@32C iwlwifi@32C PMIC@50C GPU@30.5C AO@41C thermal@31C POM_5V_IN 1689/2214 POM_5V_GPU 82/133 POM_5V_CPU 164/568
RAM 1340/3964MB (lfb 8x4MB) SWAP 817/6078MB (cached 24MB) IRAM 0/252kB(lfb 252kB) CPU [6%@921,8%@921,off,off] EMC_FREQ 0%@1600 GR3D_FREQ 0%@614 APE 25 PLL@30C CPU@31.5C iwlwifi@32C PMIC@50C GPU@30C AO@41C thermal@31C POM_5V_IN 1731/2212 POM_5V_GPU 82/133 POM_5V_CPU 164/567
RAM 1339/3964MB (lfb 8x4MB) SWAP 817/6078MB (cached 24MB) IRAM 0/252kB(lfb 252kB) CPU [4%@921,5%@921,off,off] EMC_FREQ 0%@1600 GR3D_FREQ 0%@614 APE 25 PLL@30C CPU@31.5C iwlwifi@32C PMIC@50C GPU@30C AO@41.5C thermal@30.75C POM_5V_IN 1689/2210 POM_5V_GPU 82/133 POM_5V_CPU 164/565
RAM 1338/3964MB (lfb 8x4MB) SWAP 817/6078MB (cached 24MB) IRAM 0/252kB(lfb 252kB) CPU [6%@921,7%@921,off,off] EMC_FREQ 0%@1600 GR3D_FREQ 0%@614 APE 25 PLL@30C CPU@32C iwlwifi@32C PMIC@50C GPU@30C AO@40.5C thermal@31C POM_5V_IN 1689/2208 POM_5V_GPU 82/133 POM_5V_CPU 123/564
RAM 1340/3964MB (lfb 8x4MB) SWAP 817/6078MB (cached 24MB) IRAM 0/252kB(lfb 252kB) CPU [5%@921,9%@921,off,off] EMC_FREQ 0%@1600 GR3D_FREQ 0%@614 APE 25 PLL@30C CPU@31.5C iwlwifi@32C PMIC@50C GPU@30C AO@41C thermal@30.75C POM_5V_IN 1689/2207 POM_5V_GPU 82/132 POM_5V_CPU 164/563
RAM 1338/3964MB (lfb 8x4MB) SWAP 817/6078MB (cached 24MB) IRAM 0/252kB(lfb 252kB) CPU [11%@921,3%@921,off,off] EMC_FREQ 0%@1600 GR3D_FREQ 0%@614 APE 25 PLL@30C CPU@32C iwlwifi@32C PMIC@50C GPU@30.5C AO@41C thermal@31C POM_5V_IN 1689/2205 POM_5V_GPU 82/132 POM_5V_CPU 164/561
RAM 1338/3964MB (lfb 8x4MB) SWAP 817/6078MB (cached 24MB) IRAM 0/252kB(lfb 252kB) CPU [7%@921,7%@921,off,off] EMC_FREQ 0%@1600 GR3D_FREQ 0%@614 APE 25 PLL@30C CPU@31.5C iwlwifi@32C PMIC@50C GPU@30.5C AO@41C thermal@30.75C POM_5V_IN 1689/2203 POM_5V_GPU 82/132 POM_5V_CPU 164/560
RAM 1340/3964MB (lfb 8x4MB) SWAP 817/6078MB (cached 24MB) IRAM 0/252kB(lfb 252kB) CPU [7%@921,6%@921,off,off] EMC_FREQ 0%@1600 GR3D_FREQ 0%@614 APE 25 PLL@30C CPU@31.5C iwlwifi@32C PMIC@50C GPU@30C AO@41C thermal@30.75C POM_5V_IN 1772/2202 POM_5V_GPU 82/132 POM_5V_CPU 206/559
RAM 1342/3964MB (lfb 8x4MB) SWAP 817/6078MB (cached 24MB) IRAM 0/252kB(lfb 252kB) CPU [7%@921,6%@921,off,off] EMC_FREQ 0%@1600 GR3D_FREQ 0%@614 APE 25 PLL@29.5C CPU@31.5C iwlwifi@32C PMIC@50C GPU@30.5C AO@41C thermal@31C POM_5V_IN 1689/2200 POM_5V_GPU 82/132 POM_5V_CPU 164/557
RAM 1340/3964MB (lfb 8x4MB) SWAP 817/6078MB (cached 24MB) IRAM 0/252kB(lfb 252kB) CPU [6%@921,8%@921,off,off] EMC_FREQ 0%@1600 GR3D_FREQ 0%@614 APE 25 PLL@30C CPU@31C iwlwifi@32C PMIC@50C GPU@30C AO@41C thermal@30.75C POM_5V_IN 1689/2198 POM_5V_GPU 82/132 POM_5V_CPU 164/556
RAM 1338/3964MB (lfb 8x4MB) SWAP 817/6078MB (cached 24MB) IRAM 0/252kB(lfb 252kB) CPU [6%@921,8%@921,off,off] EMC_FREQ 0%@1600 GR3D_FREQ 0%@614 APE 25 PLL@30C CPU@31.5C iwlwifi@32C PMIC@50C GPU@30C AO@41C thermal@30.75C POM_5V_IN 1731/2197 POM_5V_GPU 82/131 POM_5V_CPU 164/555
RAM 1338/3964MB (lfb 8x4MB) SWAP 817/6078MB (cached 24MB) IRAM 0/252kB(lfb 252kB) CPU [8%@921,5%@921,off,off] EMC_FREQ 0%@1600 GR3D_FREQ 0%@614 APE 25 PLL@29.5C CPU@32C iwlwifi@32C PMIC@50C GPU@30C AO@41C thermal@30.75C POM_5V_IN 1689/2195 POM_5V_GPU 82/131 POM_5V_CPU 164/553
RAM 1340/3964MB (lfb 8x4MB) SWAP 817/6078MB (cached 24MB) IRAM 0/252kB(lfb 252kB) CPU [9%@921,4%@921,off,off] EMC_FREQ 0%@1600 GR3D_FREQ 0%@614 APE 25 PLL@29.5C CPU@31.5C iwlwifi@32C PMIC@50C GPU@30C AO@40.5C thermal@30.5C POM_5V_IN 1689/2193 POM_5V_GPU 82/131 POM_5V_CPU 164/552
RAM 1340/3964MB (lfb 8x4MB) SWAP 817/6078MB (cached 24MB) IRAM 0/252kB(lfb 252kB) CPU [6%@921,8%@921,off,off] EMC_FREQ 0%@1600 GR3D_FREQ 0%@614 APE 25 PLL@30C CPU@31.5C iwlwifi@32C PMIC@50C GPU@30C AO@41C thermal@30.75C POM_5V_IN 1972/2193 POM_5V_GPU 82/131 POM_5V_CPU 410/552
RAM 1342/3964MB (lfb 8x4MB) SWAP 817/6078MB (cached 24MB) IRAM 0/252kB(lfb 252kB) CPU [8%@921,6%@921,off,off] EMC_FREQ 0%@1600 GR3D_FREQ 0%@614 APE 25 PLL@29.5C CPU@32C iwlwifi@32C PMIC@50C GPU@30C AO@41C thermal@30.75C POM_5V_IN 1687/2191 POM_5V_GPU 82/131 POM_5V_CPU 164/550
RAM 1344/3964MB (lfb 8x4MB) SWAP 817/6078MB (cached 24MB) IRAM 0/252kB(lfb 252kB) CPU [8%@921,7%@921,off,off] EMC_FREQ 0%@1600 GR3D_FREQ 0%@614 APE 25 PLL@29.5C CPU@31.5C iwlwifi@32C PMIC@50C GPU@30.5C AO@41C thermal@30.75C POM_5V_IN 1731/2190 POM_5V_GPU 82/131 POM_5V_CPU 164/549
RAM 1342/3964MB (lfb 8x4MB) SWAP 817/6078MB (cached 24MB) IRAM 0/252kB(lfb 252kB) CPU [6%@921,7%@921,off,off] EMC_FREQ 0%@1600 GR3D_FREQ 0%@614 APE 25 PLL@30C CPU@31.5C iwlwifi@33C PMIC@50C GPU@30C AO@41C thermal@30.75C POM_5V_IN 1689/2188 POM_5V_GPU 82/130 POM_5V_CPU 164/548
RAM 1338/3964MB (lfb 8x4MB) SWAP 817/6078MB (cached 24MB) IRAM 0/252kB(lfb 252kB) CPU [7%@921,8%@921,off,off] EMC_FREQ 0%@1600 GR3D_FREQ 0%@614 APE 25 PLL@29.5C CPU@31.5C iwlwifi@32C PMIC@50C GPU@30C AO@41C thermal@30.75C POM_5V_IN 1687/2186 POM_5V_GPU 82/130 POM_5V_CPU 164/547
RAM 1340/3964MB (lfb 8x4MB) SWAP 817/6078MB (cached 24MB) IRAM 0/252kB(lfb 252kB) CPU [6%@921,8%@921,off,off] EMC_FREQ 0%@1600 GR3D_FREQ 0%@614 APE 25 PLL@30C CPU@31C iwlwifi@32C PMIC@50C GPU@30C AO@40.5C thermal@30.5C POM_5V_IN 1689/2185 POM_5V_GPU 82/130 POM_5V_CPU 164/545
RAM 1338/3964MB (lfb 8x4MB) SWAP 817/6078MB (cached 24MB) IRAM 0/252kB(lfb 252kB) CPU [7%@921,8%@921,off,off] EMC_FREQ 0%@1600 GR3D_FREQ 0%@614 APE 25 PLL@29.5C CPU@31C iwlwifi@32C PMIC@50C GPU@30C AO@41C thermal@30.5C POM_5V_IN 1689/2183 POM_5V_GPU 82/130 POM_5V_CPU 164/544
RAM 1340/3964MB (lfb 8x4MB) SWAP 817/6078MB (cached 24MB) IRAM 0/252kB(lfb 252kB) CPU [7%@921,6%@921,off,off] EMC_FREQ 0%@1600 GR3D_FREQ 0%@614 APE 25 PLL@29.5C CPU@31C iwlwifi@32C PMIC@50C GPU@30C AO@41C thermal@30.75C POM_5V_IN 1892/2182 POM_5V_GPU 82/130 POM_5V_CPU 164/543
RAM 1340/3964MB (lfb 8x4MB) SWAP 817/6078MB (cached 24MB) IRAM 0/252kB(lfb 252kB) CPU [9%@921,5%@921,off,off] EMC_FREQ 0%@1600 GR3D_FREQ 0%@614 APE 25 PLL@30C CPU@31.5C iwlwifi@32C PMIC@50C GPU@30C AO@41C thermal@30.75C POM_5V_IN 1731/2181 POM_5V_GPU 82/130 POM_5V_CPU 164/542
RAM 1338/3964MB (lfb 8x4MB) SWAP 817/6078MB (cached 24MB) IRAM 0/252kB(lfb 252kB) CPU [8%@921,5%@921,off,off] EMC_FREQ 0%@1600 GR3D_FREQ 0%@614 APE 25 PLL@29C CPU@31.5C iwlwifi@32C PMIC@50C GPU@30C AO@40.5C thermal@30.25C POM_5V_IN 1731/2179 POM_5V_GPU 82/129 POM_5V_CPU 164/541
RAM 1338/3964MB (lfb 8x4MB) SWAP 817/6078MB (cached 24MB) IRAM 0/252kB(lfb 252kB) CPU [6%@921,8%@921,off,off] EMC_FREQ 0%@1600 GR3D_FREQ 0%@614 APE 25 PLL@29.5C CPU@31C iwlwifi@32C PMIC@50C GPU@30C AO@40.5C thermal@30.5C POM_5V_IN 1689/2178 POM_5V_GPU 82/129 POM_5V_CPU 164/539
RAM 1342/3964MB (lfb 8x4MB) SWAP 817/6078MB (cached 24MB) IRAM 0/252kB(lfb 252kB) CPU [8%@921,6%@921,off,off] EMC_FREQ 0%@1600 GR3D_FREQ 0%@614 APE 25 PLL@29.5C CPU@31.5C iwlwifi@32C PMIC@50C GPU@30C AO@40C thermal@31C POM_5V_IN 1689/2176 POM_5V_GPU 82/129 POM_5V_CPU 164/538
RAM 1338/3964MB (lfb 8x4MB) SWAP 817/6078MB (cached 24MB) IRAM 0/252kB(lfb 252kB) CPU [5%@921,7%@921,off,off] EMC_FREQ 0%@1600 GR3D_FREQ 0%@614 APE 25 PLL@29.5C CPU@31.5C iwlwifi@32C PMIC@50C GPU@30C AO@40.5C thermal@30.5C POM_5V_IN 1689/2175 POM_5V_GPU 82/129 POM_5V_CPU 164/537
RAM 1338/3964MB (lfb 8x4MB) SWAP 817/6078MB (cached 24MB) IRAM 0/252kB(lfb 252kB) CPU [7%@921,6%@921,off,off] EMC_FREQ 0%@1600 GR3D_FREQ 0%@614 APE 25 PLL@29.5C CPU@31.5C iwlwifi@32C PMIC@50C GPU@29.5C AO@40.5C thermal@30.5C POM_5V_IN 1689/2173 POM_5V_GPU 82/129 POM_5V_CPU 164/536
RAM 1340/3964MB (lfb 8x4MB) SWAP 817/6078MB (cached 24MB) IRAM 0/252kB(lfb 252kB) CPU [11%@921,4%@921,off,off] EMC_FREQ 0%@1600 GR3D_FREQ 0%@614 APE 25 PLL@30C CPU@31.5C iwlwifi@32C PMIC@50C GPU@30C AO@41C thermal@30.75C POM_5V_IN 1689/2172 POM_5V_GPU 82/129 POM_5V_CPU 164/535
RAM 1340/3964MB (lfb 8x4MB) SWAP 817/6078MB (cached 24MB) IRAM 0/252kB(lfb 252kB) CPU [5%@921,7%@921,off,off] EMC_FREQ 0%@1600 GR3D_FREQ 0%@614 APE 25 PLL@29.5C CPU@31C iwlwifi@32C PMIC@50C GPU@30.5C AO@40.5C thermal@30.75C POM_5V_IN 1972/2171 POM_5V_GPU 82/129 POM_5V_CPU 164/534
RAM 1341/3964MB (lfb 8x4MB) SWAP 817/6078MB (cached 24MB) IRAM 0/252kB(lfb 252kB) CPU [7%@921,6%@921,off,off] EMC_FREQ 0%@1600 GR3D_FREQ 0%@614 APE 25 PLL@29.5C CPU@31.5C iwlwifi@32C PMIC@50C GPU@30C AO@41C thermal@30.25C POM_5V_IN 1689/2170 POM_5V_GPU 82/128 POM_5V_CPU 164/532
RAM 1342/3964MB (lfb 8x4MB) SWAP 817/6078MB (cached 24MB) IRAM 0/252kB(lfb 252kB) CPU [6%@921,8%@921,off,off] EMC_FREQ 0%@1600 GR3D_FREQ 0%@614 APE 25 PLL@29C CPU@31.5C iwlwifi@32C PMIC@50C GPU@30C AO@40.5C thermal@30.75C POM_5V_IN 1689/2168 POM_5V_GPU 82/128 POM_5V_CPU 164/531
RAM 1338/3964MB (lfb 8x4MB) SWAP 817/6078MB (cached 24MB) IRAM 0/252kB(lfb 252kB) CPU [7%@921,5%@921,off,off] EMC_FREQ 0%@1600 GR3D_FREQ 0%@614 APE 25 PLL@29.5C CPU@31C iwlwifi@32C PMIC@50C GPU@30C AO@40.5C thermal@30.75C POM_5V_IN 1689/2167 POM_5V_GPU 82/128 POM_5V_CPU 123/530
RAM 1340/3964MB (lfb 8x4MB) SWAP 817/6078MB (cached 24MB) IRAM 0/252kB(lfb 252kB) CPU [8%@921,6%@921,off,off] EMC_FREQ 0%@1600 GR3D_FREQ 0%@614 APE 25 PLL@29.5C CPU@31C iwlwifi@32C PMIC@50C GPU@30C AO@41C thermal@30.75C POM_5V_IN 1689/2165 POM_5V_GPU 82/128 POM_5V_CPU 164/529
RAM 1343/3964MB (lfb 8x4MB) SWAP 817/6078MB (cached 24MB) IRAM 0/252kB(lfb 252kB) CPU [6%@921,7%@921,off,off] EMC_FREQ 0%@1600 GR3D_FREQ 0%@614 APE 25 PLL@29.5C CPU@31.5C iwlwifi@32C PMIC@50C GPU@29.5C AO@40.5C thermal@30.75C POM_5V_IN 1689/2164 POM_5V_GPU 82/128 POM_5V_CPU 164/528
RAM 1339/3964MB (lfb 8x4MB) SWAP 817/6078MB (cached 24MB) IRAM 0/252kB(lfb 252kB) CPU [6%@921,7%@921,off,off] EMC_FREQ 0%@1600 GR3D_FREQ 0%@614 APE 25 PLL@29.5C CPU@31.5C iwlwifi@32C PMIC@50C GPU@30C AO@41C thermal@30.5C POM_5V_IN 1689/2162 POM_5V_GPU 82/128 POM_5V_CPU 164/527
RAM 1340/3964MB (lfb 8x4MB) SWAP 817/6078MB (cached 24MB) IRAM 0/252kB(lfb 252kB) CPU [8%@921,6%@921,off,off] EMC_FREQ 0%@1600 GR3D_FREQ 0%@614 APE 25 PLL@29.5C CPU@31.5C iwlwifi@32C PMIC@50C GPU@30C AO@41C thermal@30.75C POM_5V_IN 1689/2161 POM_5V_GPU 82/128 POM_5V_CPU 164/526
RAM 1339/3964MB (lfb 8x4MB) SWAP 817/6078MB (cached 24MB) IRAM 0/252kB(lfb 252kB) CPU [8%@921,5%@921,off,off] EMC_FREQ 0%@1600 GR3D_FREQ 0%@614 APE 25 PLL@29.5C CPU@31.5C iwlwifi@32C PMIC@50C GPU@30C AO@41C thermal@30.75C POM_5V_IN 1689/2159 POM_5V_GPU 82/127 POM_5V_CPU 164/524
RAM 1339/3964MB (lfb 8x4MB) SWAP 817/6078MB (cached 24MB) IRAM 0/252kB(lfb 252kB) CPU [7%@921,6%@921,off,off] EMC_FREQ 0%@1600 GR3D_FREQ 0%@614 APE 25 PLL@30C CPU@31.5C iwlwifi@32C PMIC@50C GPU@30C AO@41C thermal@30.5C POM_5V_IN 1689/2158 POM_5V_GPU 82/127 POM_5V_CPU 164/523
RAM 1341/3964MB (lfb 8x4MB) SWAP 817/6078MB (cached 24MB) IRAM 0/252kB(lfb 252kB) CPU [8%@921,6%@921,off,off] EMC_FREQ 0%@1600 GR3D_FREQ 0%@614 APE 25 PLL@30C CPU@31C iwlwifi@32C PMIC@50C GPU@30C AO@41C thermal@30.25C POM_5V_IN 1689/2157 POM_5V_GPU 82/127 POM_5V_CPU 164/522
RAM 1340/3964MB (lfb 8x4MB) SWAP 817/6078MB (cached 24MB) IRAM 0/252kB(lfb 252kB) CPU [6%@921,8%@921,off,off] EMC_FREQ 0%@1600 GR3D_FREQ 0%@614 APE 25 PLL@29.5C CPU@31.5C iwlwifi@32C PMIC@50C GPU@30C AO@40.5C thermal@30.75C POM_5V_IN 1689/2155 POM_5V_GPU 82/127 POM_5V_CPU 164/521
RAM 1339/3964MB (lfb 8x4MB) SWAP 817/6078MB (cached 24MB) IRAM 0/252kB(lfb 252kB) CPU [5%@921,9%@921,off,off] EMC_FREQ 0%@1600 GR3D_FREQ 0%@614 APE 25 PLL@29.5C CPU@31.5C iwlwifi@32C PMIC@50C GPU@30C AO@40.5C thermal@30.75C POM_5V_IN 1731/2154 POM_5V_GPU 82/127 POM_5V_CPU 164/520
RAM 1343/3964MB (lfb 8x4MB) SWAP 817/6078MB (cached 24MB) IRAM 0/252kB(lfb 252kB) CPU [7%@921,6%@921,off,off] EMC_FREQ 0%@1600 GR3D_FREQ 0%@614 APE 25 PLL@29.5C CPU@31.5C iwlwifi@32C PMIC@50C GPU@30C AO@40.5C thermal@30.75C POM_5V_IN 1689/2152 POM_5V_GPU 82/127 POM_5V_CPU 164/519
RAM 1341/3964MB (lfb 8x4MB) SWAP 817/6078MB (cached 24MB) IRAM 0/252kB(lfb 252kB) CPU [7%@921,7%@921,off,off] EMC_FREQ 0%@1600 GR3D_FREQ 0%@614 APE 25 PLL@29.5C CPU@31C iwlwifi@32C PMIC@50C GPU@30C AO@40.5C thermal@30.5C POM_5V_IN 1689/2151 POM_5V_GPU 82/127 POM_5V_CPU 164/518
RAM 1339/3964MB (lfb 8x4MB) SWAP 817/6078MB (cached 24MB) IRAM 0/252kB(lfb 252kB) CPU [8%@921,5%@921,off,off] EMC_FREQ 0%@1600 GR3D_FREQ 0%@614 APE 25 PLL@29.5C CPU@31.5C iwlwifi@32C PMIC@50C GPU@30C AO@40.5C thermal@30.75C POM_5V_IN 1689/2150 POM_5V_GPU 82/126 POM_5V_CPU 164/517
RAM 1343/3964MB (lfb 8x4MB) SWAP 817/6078MB (cached 24MB) IRAM 0/252kB(lfb 252kB) CPU [6%@921,7%@921,off,off] EMC_FREQ 0%@1600 GR3D_FREQ 0%@614 APE 25 PLL@29.5C CPU@31.5C iwlwifi@32C PMIC@50C GPU@29.5C AO@41C thermal@30.75C POM_5V_IN 1689/2148 POM_5V_GPU 82/126 POM_5V_CPU 164/516
RAM 1343/3964MB (lfb 8x4MB) SWAP 817/6078MB (cached 24MB) IRAM 0/252kB(lfb 252kB) CPU [6%@921,8%@921,off,off] EMC_FREQ 0%@1600 GR3D_FREQ 0%@614 APE 25 PLL@29.5C CPU@31.5C iwlwifi@32C PMIC@50C GPU@30C AO@40.5C thermal@31C POM_5V_IN 1687/2147 POM_5V_GPU 82/126 POM_5V_CPU 164/515
RAM 1339/3964MB (lfb 8x4MB) SWAP 817/6078MB (cached 24MB) IRAM 0/252kB(lfb 252kB) CPU [9%@921,4%@921,off,off] EMC_FREQ 0%@1600 GR3D_FREQ 0%@614 APE 25 PLL@29.5C CPU@31.5C iwlwifi@32C PMIC@50C GPU@30C AO@40.5C thermal@30.75C POM_5V_IN 1689/2146 POM_5V_GPU 82/126 POM_5V_CPU 164/514
RAM 1341/3964MB (lfb 8x4MB) SWAP 817/6078MB (cached 24MB) IRAM 0/252kB(lfb 252kB) CPU [9%@921,4%@921,off,off] EMC_FREQ 0%@1600 GR3D_FREQ 0%@614 APE 25 PLL@29.5C CPU@31.5C iwlwifi@32C PMIC@50C GPU@29.5C AO@40.5C thermal@30.75C POM_5V_IN 1731/2144 POM_5V_GPU 82/126 POM_5V_CPU 164/513
RAM 1341/3964MB (lfb 8x4MB) SWAP 817/6078MB (cached 24MB) IRAM 0/252kB(lfb 252kB) CPU [6%@921,7%@921,off,off] EMC_FREQ 0%@1600 GR3D_FREQ 0%@614 APE 25 PLL@29.5C CPU@31.5C iwlwifi@32C PMIC@50C GPU@30C AO@41C thermal@30.5C POM_5V_IN 1689/2143 POM_5V_GPU 82/126 POM_5V_CPU 164/512
RAM 1343/3964MB (lfb 8x4MB) SWAP 817/6078MB (cached 24MB) IRAM 0/252kB(lfb 252kB) CPU [6%@921,7%@921,off,off] EMC_FREQ 0%@1600 GR3D_FREQ 0%@614 APE 25 PLL@29.5C CPU@31.5C iwlwifi@32C PMIC@50C GPU@29.5C AO@41C thermal@30.5C POM_5V_IN 1689/2142 POM_5V_GPU 82/126 POM_5V_CPU 164/511
RAM 1341/3964MB (lfb 8x4MB) SWAP 817/6078MB (cached 24MB) IRAM 0/252kB(lfb 252kB) CPU [7%@921,6%@921,off,off] EMC_FREQ 0%@1600 GR3D_FREQ 0%@614 APE 25 PLL@29.5C CPU@31.5C iwlwifi@32C PMIC@50C GPU@29.5C AO@40.5C thermal@30.75C POM_5V_IN 1689/2140 POM_5V_GPU 82/126 POM_5V_CPU 164/510
RAM 1341/3964MB (lfb 8x4MB) SWAP 817/6078MB (cached 24MB) IRAM 0/252kB(lfb 252kB) CPU [7%@921,7%@921,off,off] EMC_FREQ 0%@1600 GR3D_FREQ 0%@614 APE 25 PLL@29.5C CPU@31.5C iwlwifi@32C PMIC@50C GPU@30C AO@41C thermal@30.75C POM_5V_IN 1687/2139 POM_5V_GPU 82/125 POM_5V_CPU 164/509
RAM 1343/3964MB (lfb 8x4MB) SWAP 816/6078MB (cached 24MB) IRAM 0/252kB(lfb 252kB) CPU [9%@921,5%@921,off,off] EMC_FREQ 0%@1600 GR3D_FREQ 0%@614 APE 25 PLL@29.5C CPU@31C iwlwifi@32C PMIC@50C GPU@29.5C AO@41C thermal@30.5C POM_5V_IN 1689/2138 POM_5V_GPU 82/125 POM_5V_CPU 123/508
RAM 1343/3964MB (lfb 8x4MB) SWAP 816/6078MB (cached 24MB) IRAM 0/252kB(lfb 252kB) CPU [7%@921,7%@921,off,off] EMC_FREQ 0%@1600 GR3D_FREQ 0%@614 APE 25 PLL@29.5C CPU@31.5C iwlwifi@32C PMIC@50C GPU@30C AO@41C thermal@30.5C POM_5V_IN 1689/2136 POM_5V_GPU 82/125 POM_5V_CPU 164/507
RAM 1343/3964MB (lfb 8x4MB) SWAP 816/6078MB (cached 24MB) IRAM 0/252kB(lfb 252kB) CPU [7%@921,6%@921,off,off] EMC_FREQ 0%@1600 GR3D_FREQ 0%@614 APE 25 PLL@30C CPU@31.5C iwlwifi@32C PMIC@50C GPU@30C AO@41C thermal@30.75C POM_5V_IN 1689/2135 POM_5V_GPU 82/125 POM_5V_CPU 164/506
RAM 1343/3964MB (lfb 8x4MB) SWAP 816/6078MB (cached 24MB) IRAM 0/252kB(lfb 252kB) CPU [8%@921,5%@921,off,off] EMC_FREQ 0%@1600 GR3D_FREQ 0%@614 APE 25 PLL@30C CPU@31.5C iwlwifi@32C PMIC@50C GPU@30C AO@41C thermal@30.75C POM_5V_IN 1689/2134 POM_5V_GPU 82/125 POM_5V_CPU 164/505
RAM 1343/3964MB (lfb 8x4MB) SWAP 816/6078MB (cached 24MB) IRAM 0/252kB(lfb 252kB) CPU [6%@921,7%@921,off,off] EMC_FREQ 0%@1600 GR3D_FREQ 0%@614 APE 25 PLL@29.5C CPU@31.5C iwlwifi@32C PMIC@50C GPU@30C AO@40.5C thermal@30.5C POM_5V_IN 1689/2133 POM_5V_GPU 82/125 POM_5V_CPU 164/504
RAM 1339/3964MB (lfb 8x4MB) SWAP 816/6078MB (cached 24MB) IRAM 0/252kB(lfb 252kB) CPU [8%@921,6%@921,off,off] EMC_FREQ 0%@1600 GR3D_FREQ 0%@614 APE 25 PLL@30C CPU@31.5C iwlwifi@32C PMIC@50C GPU@29.5C AO@41C thermal@30.5C POM_5V_IN 1689/2131 POM_5V_GPU 82/125 POM_5V_CPU 164/503
RAM 1341/3964MB (lfb 8x4MB) SWAP 816/6078MB (cached 24MB) IRAM 0/252kB(lfb 252kB) CPU [7%@921,6%@921,off,off] EMC_FREQ 0%@1600 GR3D_FREQ 0%@614 APE 25 PLL@29.5C CPU@31.5C iwlwifi@32C PMIC@50C GPU@30C AO@41C thermal@30.75C POM_5V_IN 1728/2130 POM_5V_GPU 82/125 POM_5V_CPU 164/502
RAM 1343/3964MB (lfb 8x4MB) SWAP 816/6078MB (cached 24MB) IRAM 0/252kB(lfb 252kB) CPU [5%@921,8%@921,off,off] EMC_FREQ 0%@1600 GR3D_FREQ 0%@614 APE 25 PLL@29.5C CPU@31C iwlwifi@32C PMIC@50C GPU@30C AO@41C thermal@30.75C POM_5V_IN 1689/2129 POM_5V_GPU 82/124 POM_5V_CPU 123/501
RAM 1343/3964MB (lfb 8x4MB) SWAP 816/6078MB (cached 24MB) IRAM 0/252kB(lfb 252kB) CPU [8%@921,6%@921,off,off] EMC_FREQ 0%@1600 GR3D_FREQ 0%@614 APE 25 PLL@29.5C CPU@31.5C iwlwifi@32C PMIC@50C GPU@29.5C AO@41C thermal@30.75C POM_5V_IN 1892/2128 POM_5V_GPU 82/124 POM_5V_CPU 329/500
RAM 1343/3964MB (lfb 8x4MB) SWAP 816/6078MB (cached 24MB) IRAM 0/252kB(lfb 252kB) CPU [6%@921,6%@921,off,off] EMC_FREQ 0%@1600 GR3D_FREQ 0%@614 APE 25 PLL@29.5C CPU@32C iwlwifi@32C PMIC@50C GPU@30C AO@40.5C thermal@30.5C POM_5V_IN 1731/2127 POM_5V_GPU 82/124 POM_5V_CPU 164/499
RAM 1343/3964MB (lfb 8x4MB) SWAP 816/6078MB (cached 24MB) IRAM 0/252kB(lfb 252kB) CPU [6%@921,8%@921,off,off] EMC_FREQ 0%@1600 GR3D_FREQ 0%@614 APE 25 PLL@29.5C CPU@31.5C iwlwifi@32C PMIC@50C GPU@29.5C AO@40.5C thermal@30.5C POM_5V_IN 1689/2126 POM_5V_GPU 82/124 POM_5V_CPU 164/498
RAM 1341/3964MB (lfb 8x4MB) SWAP 816/6078MB (cached 24MB) IRAM 0/252kB(lfb 252kB) CPU [8%@921,5%@921,off,off] EMC_FREQ 0%@1600 GR3D_FREQ 0%@614 APE 25 PLL@29.5C CPU@31C iwlwifi@32C PMIC@50C GPU@29.5C AO@40.5C thermal@30.5C POM_5V_IN 1689/2125 POM_5V_GPU 82/124 POM_5V_CPU 164/497
RAM 1343/3964MB (lfb 8x4MB) SWAP 816/6078MB (cached 24MB) IRAM 0/252kB(lfb 252kB) CPU [8%@921,6%@921,off,off] EMC_FREQ 0%@1600 GR3D_FREQ 0%@614 APE 25 PLL@29.5C CPU@31.5C iwlwifi@32C PMIC@50C GPU@30C AO@41C thermal@30.75C POM_5V_IN 1689/2123 POM_5V_GPU 82/124 POM_5V_CPU 164/496
RAM 1345/3964MB (lfb 8x4MB) SWAP 816/6078MB (cached 24MB) IRAM 0/252kB(lfb 252kB) CPU [7%@921,6%@921,off,off] EMC_FREQ 0%@1600 GR3D_FREQ 0%@614 APE 25 PLL@29.5C CPU@31.5C iwlwifi@32C PMIC@50C GPU@29.5C AO@41C thermal@30.5C POM_5V_IN 1689/2122 POM_5V_GPU 82/124 POM_5V_CPU 123/495
RAM 1339/3964MB (lfb 8x4MB) SWAP 816/6078MB (cached 24MB) IRAM 0/252kB(lfb 252kB) CPU [8%@921,6%@921,off,off] EMC_FREQ 0%@1600 GR3D_FREQ 0%@614 APE 25 PLL@29.5C CPU@31.5C iwlwifi@32C PMIC@50C GPU@29.5C AO@41C thermal@30.5C POM_5V_IN 1689/2121 POM_5V_GPU 82/124 POM_5V_CPU 164/494
RAM 1339/3964MB (lfb 8x4MB) SWAP 816/6078MB (cached 24MB) IRAM 0/252kB(lfb 252kB) CPU [6%@921,7%@921,off,off] EMC_FREQ 0%@1600 GR3D_FREQ 0%@614 APE 25 PLL@29.5C CPU@31.5C iwlwifi@32C PMIC@50C GPU@30C AO@40.5C thermal@30.75C POM_5V_IN 1689/2120 POM_5V_GPU 82/123 POM_5V_CPU 164/493
RAM 1343/3964MB (lfb 8x4MB) SWAP 816/6078MB (cached 24MB) IRAM 0/252kB(lfb 252kB) CPU [8%@921,6%@921,off,off] EMC_FREQ 0%@1600 GR3D_FREQ 0%@614 APE 25 PLL@29.5C CPU@31.5C iwlwifi@33C PMIC@50C GPU@30C AO@41C thermal@30.75C POM_5V_IN 1689/2119 POM_5V_GPU 82/123 POM_5V_CPU 164/493
RAM 1341/3964MB (lfb 8x4MB) SWAP 816/6078MB (cached 24MB) IRAM 0/252kB(lfb 252kB) CPU [5%@921,9%@921,off,off] EMC_FREQ 0%@1600 GR3D_FREQ 0%@614 APE 25 PLL@29.5C CPU@32C iwlwifi@32C PMIC@50C GPU@30C AO@41C thermal@30.75C POM_5V_IN 1689/2117 POM_5V_GPU 82/123 POM_5V_CPU 123/492
RAM 1341/3964MB (lfb 8x4MB) SWAP 816/6078MB (cached 24MB) IRAM 0/252kB(lfb 252kB) CPU [7%@921,7%@921,off,off] EMC_FREQ 0%@1600 GR3D_FREQ 0%@614 APE 25 PLL@29.5C CPU@32C iwlwifi@32C PMIC@50C GPU@30C AO@40.5C thermal@30.5C POM_5V_IN 1689/2116 POM_5V_GPU 82/123 POM_5V_CPU 164/491
RAM 1343/3964MB (lfb 8x4MB) SWAP 816/6078MB (cached 24MB) IRAM 0/252kB(lfb 252kB) CPU [9%@921,5%@921,off,off] EMC_FREQ 0%@1600 GR3D_FREQ 0%@614 APE 25 PLL@29.5C CPU@31.5C iwlwifi@32C PMIC@50C GPU@30C AO@41C thermal@30.5C POM_5V_IN 1687/2115 POM_5V_GPU 82/123 POM_5V_CPU 164/490
RAM 1339/3964MB (lfb 8x4MB) SWAP 816/6078MB (cached 24MB) IRAM 0/252kB(lfb 252kB) CPU [9%@921,4%@921,off,off] EMC_FREQ 0%@1600 GR3D_FREQ 0%@614 APE 25 PLL@29.5C CPU@31.5C iwlwifi@32C PMIC@50C GPU@30C AO@40.5C thermal@30.75C POM_5V_IN 1689/2114 POM_5V_GPU 82/123 POM_5V_CPU 164/489
RAM 1339/3964MB (lfb 8x4MB) SWAP 816/6078MB (cached 24MB) IRAM 0/252kB(lfb 252kB) CPU [6%@921,8%@921,off,off] EMC_FREQ 0%@1600 GR3D_FREQ 0%@614 APE 25 PLL@30C CPU@31.5C iwlwifi@32C PMIC@50C GPU@29.5C AO@40.5C thermal@31C POM_5V_IN 1689/2113 POM_5V_GPU 82/123 POM_5V_CPU 164/488
RAM 1343/3964MB (lfb 8x4MB) SWAP 816/6078MB (cached 24MB) IRAM 0/252kB(lfb 252kB) CPU [9%@921,5%@921,off,off] EMC_FREQ 0%@1600 GR3D_FREQ 0%@614 APE 25 PLL@29.5C CPU@31.5C iwlwifi@32C PMIC@50C GPU@30C AO@40.5C thermal@30.5C POM_5V_IN 1689/2112 POM_5V_GPU 82/123 POM_5V_CPU 164/487
RAM 1345/3964MB (lfb 8x4MB) SWAP 816/6078MB (cached 24MB) IRAM 0/252kB(lfb 252kB) CPU [8%@921,5%@921,off,off] EMC_FREQ 0%@1600 GR3D_FREQ 0%@614 APE 25 PLL@29C CPU@31.5C iwlwifi@32C PMIC@50C GPU@30C AO@40.5C thermal@30.75C POM_5V_IN 1810/2111 POM_5V_GPU 82/123 POM_5V_CPU 205/486
RAM 1343/3964MB (lfb 8x4MB) SWAP 816/6078MB (cached 24MB) IRAM 0/252kB(lfb 252kB) CPU [7%@921,6%@921,off,off] EMC_FREQ 0%@1600 GR3D_FREQ 0%@614 APE 25 PLL@29.5C CPU@31.5C iwlwifi@32C PMIC@50C GPU@30C AO@41C thermal@30.75C POM_5V_IN 1689/2110 POM_5V_GPU 82/122 POM_5V_CPU 164/485
RAM 1341/3964MB (lfb 8x4MB) SWAP 816/6078MB (cached 24MB) IRAM 0/252kB(lfb 252kB) CPU [7%@921,6%@921,off,off] EMC_FREQ 0%@1600 GR3D_FREQ 0%@614 APE 25 PLL@29.5C CPU@31.5C iwlwifi@32C PMIC@50C GPU@30C AO@41C thermal@30.75C POM_5V_IN 1689/2108 POM_5V_GPU 82/122 POM_5V_CPU 164/485
RAM 1341/3964MB (lfb 8x4MB) SWAP 816/6078MB (cached 24MB) IRAM 0/252kB(lfb 252kB) CPU [7%@921,6%@921,off,off] EMC_FREQ 0%@1600 GR3D_FREQ 0%@614 APE 25 PLL@29.5C CPU@31.5C iwlwifi@32C PMIC@50C GPU@30C AO@41C thermal@30.25C POM_5V_IN 1689/2107 POM_5V_GPU 82/122 POM_5V_CPU 164/484
RAM 1341/3964MB (lfb 8x4MB) SWAP 816/6078MB (cached 25MB) IRAM 0/252kB(lfb 252kB) CPU [8%@921,5%@921,off,off] EMC_FREQ 0%@1600 GR3D_FREQ 0%@614 APE 25 PLL@29.5C CPU@31.5C iwlwifi@32C PMIC@50C GPU@30C AO@40.5C thermal@30.5C POM_5V_IN 2013/2107 POM_5V_GPU 82/122 POM_5V_CPU 164/483
RAM 1339/3964MB (lfb 8x4MB) SWAP 816/6078MB (cached 25MB) IRAM 0/252kB(lfb 252kB) CPU [6%@921,7%@921,off,off] EMC_FREQ 0%@1600 GR3D_FREQ 0%@614 APE 25 PLL@29C CPU@31.5C iwlwifi@32C PMIC@50C GPU@29.5C AO@41C thermal@30.75C POM_5V_IN 1728/2106 POM_5V_GPU 82/122 POM_5V_CPU 164/482
RAM 1340/3964MB (lfb 8x4MB) SWAP 816/6078MB (cached 25MB) IRAM 0/252kB(lfb 252kB) CPU [5%@921,9%@921,off,off] EMC_FREQ 0%@1600 GR3D_FREQ 0%@614 APE 25 PLL@29C CPU@31.5C iwlwifi@32C PMIC@50C GPU@30C AO@40C thermal@30.75C POM_5V_IN 1689/2105 POM_5V_GPU 82/122 POM_5V_CPU 164/481
RAM 1339/3964MB (lfb 8x4MB) SWAP 816/6078MB (cached 25MB) IRAM 0/252kB(lfb 252kB) CPU [8%@921,5%@921,off,off] EMC_FREQ 0%@1600 GR3D_FREQ 0%@614 APE 25 PLL@29.5C CPU@31C iwlwifi@32C PMIC@50C GPU@29.5C AO@41C thermal@30.5C POM_5V_IN 1728/2104 POM_5V_GPU 82/122 POM_5V_CPU 164/480
RAM 1343/3964MB (lfb 8x4MB) SWAP 816/6078MB (cached 25MB) IRAM 0/252kB(lfb 252kB) CPU [5%@921,9%@921,off,off] EMC_FREQ 0%@1600 GR3D_FREQ 0%@614 APE 25 PLL@29.5C CPU@31.5C iwlwifi@33C PMIC@50C GPU@30C AO@40.5C thermal@30.75C POM_5V_IN 1689/2103 POM_5V_GPU 82/122 POM_5V_CPU 164/479
RAM 1342/3964MB (lfb 8x4MB) SWAP 816/6078MB (cached 25MB) IRAM 0/252kB(lfb 252kB) CPU [7%@921,8%@921,off,off] EMC_FREQ 0%@1600 GR3D_FREQ 0%@614 APE 25 PLL@29.5C CPU@31.5C iwlwifi@32C PMIC@50C GPU@30C AO@41C thermal@30.75C POM_5V_IN 1689/2102 POM_5V_GPU 82/122 POM_5V_CPU 164/479
RAM 1341/3964MB (lfb 8x4MB) SWAP 816/6078MB (cached 25MB) IRAM 0/252kB(lfb 252kB) CPU [6%@921,7%@921,off,off] EMC_FREQ 0%@1600 GR3D_FREQ 0%@614 APE 25 PLL@29.5C CPU@31.5C iwlwifi@32C PMIC@50C GPU@30C AO@40.5C thermal@30.75C POM_5V_IN 1689/2101 POM_5V_GPU 82/121 POM_5V_CPU 164/478
RAM 1341/3964MB (lfb 8x4MB) SWAP 816/6078MB (cached 25MB) IRAM 0/252kB(lfb 252kB) CPU [6%@921,7%@921,off,off] EMC_FREQ 0%@1600 GR3D_FREQ 0%@614 APE 25 PLL@29C CPU@31.5C iwlwifi@32C PMIC@50C GPU@29.5C AO@40.5C thermal@30.5C POM_5V_IN 1731/2100 POM_5V_GPU 82/121 POM_5V_CPU 164/477
RAM 1341/3964MB (lfb 8x4MB) SWAP 816/6078MB (cached 25MB) IRAM 0/252kB(lfb 252kB) CPU [6%@921,8%@921,off,off] EMC_FREQ 0%@1600 GR3D_FREQ 0%@614 APE 25 PLL@29.5C CPU@31.5C iwlwifi@32C PMIC@50C GPU@30C AO@40.5C thermal@30.75C POM_5V_IN 1689/2099 POM_5V_GPU 82/121 POM_5V_CPU 164/476
RAM 1341/3964MB (lfb 8x4MB) SWAP 816/6078MB (cached 25MB) IRAM 0/252kB(lfb 252kB) CPU [6%@921,7%@921,off,off] EMC_FREQ 0%@1600 GR3D_FREQ 0%@614 APE 25 PLL@29C CPU@31.5C iwlwifi@32C PMIC@50C GPU@30C AO@40C thermal@30.5C POM_5V_IN 1689/2098 POM_5V_GPU 82/121 POM_5V_CPU 164/475
RAM 1339/3964MB (lfb 8x4MB) SWAP 816/6078MB (cached 25MB) IRAM 0/252kB(lfb 252kB) CPU [7%@921,7%@921,off,off] EMC_FREQ 0%@1600 GR3D_FREQ 0%@614 APE 25 PLL@29.5C CPU@31.5C iwlwifi@32C PMIC@50C GPU@30C AO@40.5C thermal@30.5C POM_5V_IN 1689/2096 POM_5V_GPU 82/121 POM_5V_CPU 164/474
RAM 1342/3964MB (lfb 8x4MB) SWAP 816/6078MB (cached 25MB) IRAM 0/252kB(lfb 252kB) CPU [6%@921,7%@921,off,off] EMC_FREQ 0%@1600 GR3D_FREQ 0%@614 APE 25 PLL@29.5C CPU@31.5C iwlwifi@32C PMIC@50C GPU@29.5C AO@40.5C thermal@30.25C POM_5V_IN 1689/2095 POM_5V_GPU 82/121 POM_5V_CPU 164/474
RAM 1340/3964MB (lfb 8x4MB) SWAP 816/6078MB (cached 25MB) IRAM 0/252kB(lfb 252kB) CPU [7%@921,6%@921,off,off] EMC_FREQ 0%@1600 GR3D_FREQ 0%@614 APE 25 PLL@29.5C CPU@31C iwlwifi@32C PMIC@50C GPU@29.5C AO@40.5C thermal@30.75C POM_5V_IN 1772/2095 POM_5V_GPU 82/121 POM_5V_CPU 164/473
RAM 1342/3964MB (lfb 8x4MB) SWAP 816/6078MB (cached 25MB) IRAM 0/252kB(lfb 252kB) CPU [9%@921,5%@921,off,off] EMC_FREQ 0%@1600 GR3D_FREQ 0%@614 APE 25 PLL@29.5C CPU@31.5C iwlwifi@32C PMIC@50C GPU@29.5C AO@40.5C thermal@30.5C POM_5V_IN 1689/2093 POM_5V_GPU 82/121 POM_5V_CPU 164/472
RAM 1343/3964MB (lfb 8x4MB) SWAP 816/6078MB (cached 25MB) IRAM 0/252kB(lfb 252kB) CPU [7%@921,6%@921,off,off] EMC_FREQ 0%@1600 GR3D_FREQ 0%@614 APE 25 PLL@29C CPU@31.5C iwlwifi@32C PMIC@50C GPU@29.5C AO@40.5C thermal@30.5C POM_5V_IN 1689/2092 POM_5V_GPU 82/121 POM_5V_CPU 164/471
RAM 1344/3964MB (lfb 8x4MB) SWAP 816/6078MB (cached 25MB) IRAM 0/252kB(lfb 252kB) CPU [7%@921,7%@921,off,off] EMC_FREQ 0%@1600 GR3D_FREQ 0%@614 APE 25 PLL@29.5C CPU@31.5C iwlwifi@32C PMIC@50C GPU@29.5C AO@40.5C thermal@30.5C POM_5V_IN 1689/2091 POM_5V_GPU 82/121 POM_5V_CPU 164/470
RAM 1340/3964MB (lfb 8x4MB) SWAP 816/6078MB (cached 25MB) IRAM 0/252kB(lfb 252kB) CPU [6%@921,8%@921,off,off] EMC_FREQ 0%@1600 GR3D_FREQ 0%@614 APE 25 PLL@29.5C CPU@31.5C iwlwifi@32C PMIC@50C GPU@30C AO@41C thermal@30.5C POM_5V_IN 1689/2090 POM_5V_GPU 82/120 POM_5V_CPU 164/470
RAM 1344/3964MB (lfb 8x4MB) SWAP 816/6078MB (cached 25MB) IRAM 0/252kB(lfb 252kB) CPU [8%@921,6%@921,off,off] EMC_FREQ 0%@1600 GR3D_FREQ 0%@614 APE 25 PLL@29.5C CPU@31.5C iwlwifi@32C PMIC@50C GPU@29.5C AO@40.5C thermal@30.5C POM_5V_IN 1689/2089 POM_5V_GPU 82/120 POM_5V_CPU 164/469
RAM 1344/3964MB (lfb 8x4MB) SWAP 816/6078MB (cached 25MB) IRAM 0/252kB(lfb 252kB) CPU [6%@921,7%@921,off,off] EMC_FREQ 0%@1600 GR3D_FREQ 0%@614 APE 25 PLL@29.5C CPU@31.5C iwlwifi@32C PMIC@50C GPU@29.5C AO@40.5C thermal@30.5C POM_5V_IN 1689/2088 POM_5V_GPU 82/120 POM_5V_CPU 123/468
RAM 1344/3964MB (lfb 8x4MB) SWAP 816/6078MB (cached 25MB) IRAM 0/252kB(lfb 252kB) CPU [5%@921,9%@921,off,off] EMC_FREQ 0%@1600 GR3D_FREQ 0%@614 APE 25 PLL@29.5C CPU@31.5C iwlwifi@32C PMIC@50C GPU@30C AO@40.5C thermal@30.5C POM_5V_IN 1689/2087 POM_5V_GPU 82/120 POM_5V_CPU 123/467
RAM 1343/3964MB (lfb 8x4MB) SWAP 816/6078MB (cached 25MB) IRAM 0/252kB(lfb 252kB) CPU [8%@921,5%@921,off,off] EMC_FREQ 0%@1600 GR3D_FREQ 0%@614 APE 25 PLL@29.5C CPU@31.5C iwlwifi@33C PMIC@50C GPU@29.5C AO@40.5C thermal@30.25C POM_5V_IN 1972/2087 POM_5V_GPU 82/120 POM_5V_CPU 205/466
RAM 1340/3964MB (lfb 8x4MB) SWAP 816/6078MB (cached 25MB) IRAM 0/252kB(lfb 252kB) CPU [6%@921,9%@921,off,off] EMC_FREQ 0%@1600 GR3D_FREQ 0%@614 APE 25 PLL@29.5C CPU@31.5C iwlwifi@32C PMIC@50C GPU@29.5C AO@41C thermal@30.5C POM_5V_IN 1689/2086 POM_5V_GPU 82/120 POM_5V_CPU 164/466
RAM 1342/3964MB (lfb 8x4MB) SWAP 816/6078MB (cached 25MB) IRAM 0/252kB(lfb 252kB) CPU [9%@921,5%@921,off,off] EMC_FREQ 0%@1600 GR3D_FREQ 0%@614 APE 25 PLL@29.5C CPU@31C iwlwifi@32C PMIC@50C GPU@29.5C AO@40.5C thermal@30.5C POM_5V_IN 1689/2085 POM_5V_GPU 82/120 POM_5V_CPU 164/465
RAM 1345/3964MB (lfb 8x4MB) SWAP 816/6078MB (cached 25MB) IRAM 0/252kB(lfb 252kB) CPU [7%@921,7%@921,off,off] EMC_FREQ 0%@1600 GR3D_FREQ 0%@614 APE 25 PLL@29.5C CPU@31.5C iwlwifi@32C PMIC@50C GPU@30C AO@41C thermal@30.5C POM_5V_IN 1731/2084 POM_5V_GPU 82/120 POM_5V_CPU 164/464
RAM 1345/3964MB (lfb 8x4MB) SWAP 816/6078MB (cached 25MB) IRAM 0/252kB(lfb 252kB) CPU [7%@921,5%@921,off,off] EMC_FREQ 0%@1600 GR3D_FREQ 0%@614 APE 25 PLL@29.5C CPU@31.5C iwlwifi@32C PMIC@50C GPU@30C AO@40.5C thermal@30.5C POM_5V_IN 1731/2083 POM_5V_GPU 82/120 POM_5V_CPU 164/463
RAM 1341/3964MB (lfb 8x4MB) SWAP 816/6078MB (cached 25MB) IRAM 0/252kB(lfb 252kB) CPU [8%@921,5%@921,off,off] EMC_FREQ 0%@1600 GR3D_FREQ 0%@614 APE 25 PLL@29.5C CPU@31.5C iwlwifi@32C PMIC@50C GPU@29.5C AO@41C thermal@30.5C POM_5V_IN 1689/2082 POM_5V_GPU 82/120 POM_5V_CPU 164/463
RAM 1341/3964MB (lfb 8x4MB) SWAP 816/6078MB (cached 25MB) IRAM 0/252kB(lfb 252kB) CPU [9%@921,4%@921,off,off] EMC_FREQ 0%@1600 GR3D_FREQ 0%@614 APE 25 PLL@29.5C CPU@31.5C iwlwifi@32C PMIC@50C GPU@30C AO@41C thermal@30.75C POM_5V_IN 1689/2081 POM_5V_GPU 82/119 POM_5V_CPU 164/462
RAM 1342/3964MB (lfb 8x4MB) SWAP 816/6078MB (cached 25MB) IRAM 0/252kB(lfb 252kB) CPU [7%@921,6%@921,off,off] EMC_FREQ 0%@1600 GR3D_FREQ 0%@614 APE 25 PLL@30C CPU@31.5C iwlwifi@32C PMIC@50C GPU@29.5C AO@41C thermal@30.75C POM_5V_IN 1689/2080 POM_5V_GPU 82/119 POM_5V_CPU 164/461
RAM 1340/3964MB (lfb 8x4MB) SWAP 816/6078MB (cached 25MB) IRAM 0/252kB(lfb 252kB) CPU [6%@921,8%@921,off,off] EMC_FREQ 0%@1600 GR3D_FREQ 0%@614 APE 25 PLL@29.5C CPU@31.5C iwlwifi@32C PMIC@50C GPU@29.5C AO@40.5C thermal@30.5C POM_5V_IN 1689/2079 POM_5V_GPU 82/119 POM_5V_CPU 123/460
RAM 1342/3964MB (lfb 8x4MB) SWAP 816/6078MB (cached 25MB) IRAM 0/252kB(lfb 252kB) CPU [5%@921,8%@921,off,off] EMC_FREQ 0%@1600 GR3D_FREQ 0%@614 APE 25 PLL@29.5C CPU@31.5C iwlwifi@32C PMIC@50C GPU@29.5C AO@41C thermal@30.75C POM_5V_IN 1689/2078 POM_5V_GPU 82/119 POM_5V_CPU 164/460
RAM 1341/3964MB (lfb 8x4MB) SWAP 816/6078MB (cached 25MB) IRAM 0/252kB(lfb 252kB) CPU [5%@921,9%@921,off,off] EMC_FREQ 0%@1600 GR3D_FREQ 0%@614 APE 25 PLL@29.5C CPU@31C iwlwifi@32C PMIC@50C GPU@29.5C AO@40.5C thermal@30.5C POM_5V_IN 1731/2077 POM_5V_GPU 82/119 POM_5V_CPU 164/459
RAM 1341/3964MB (lfb 8x4MB) SWAP 816/6078MB (cached 25MB) IRAM 0/252kB(lfb 252kB) CPU [10%@921,4%@921,off,off] EMC_FREQ 0%@1600 GR3D_FREQ 0%@614 APE 25 PLL@29.5C CPU@31.5C iwlwifi@32C PMIC@50C GPU@29.5C AO@40.5C thermal@30.25C POM_5V_IN 1689/2076 POM_5V_GPU 82/119 POM_5V_CPU 164/458
RAM 1344/3964MB (lfb 8x4MB) SWAP 816/6078MB (cached 25MB) IRAM 0/252kB(lfb 252kB) CPU [9%@921,5%@921,off,off] EMC_FREQ 0%@1600 GR3D_FREQ 0%@614 APE 25 PLL@29.5C CPU@31C iwlwifi@32C PMIC@50C GPU@29.5C AO@40.5C thermal@30.25C POM_5V_IN 1689/2075 POM_5V_GPU 82/119 POM_5V_CPU 164/457
RAM 1341/3964MB (lfb 8x4MB) SWAP 816/6078MB (cached 25MB) IRAM 0/252kB(lfb 252kB) CPU [5%@921,9%@921,off,off] EMC_FREQ 0%@1600 GR3D_FREQ 0%@614 APE 25 PLL@29C CPU@31.5C iwlwifi@32C PMIC@50C GPU@29.5C AO@41C thermal@30.5C POM_5V_IN 1689/2075 POM_5V_GPU 82/119 POM_5V_CPU 164/457
RAM 1342/3964MB (lfb 8x4MB) SWAP 815/6078MB (cached 25MB) IRAM 0/252kB(lfb 252kB) CPU [6%@921,8%@921,off,off] EMC_FREQ 0%@1600 GR3D_FREQ 0%@614 APE 25 PLL@29.5C CPU@31C iwlwifi@32C PMIC@50C GPU@29.5C AO@40.5C thermal@30.5C POM_5V_IN 1689/2074 POM_5V_GPU 82/119 POM_5V_CPU 164/456
RAM 1343/3964MB (lfb 8x4MB) SWAP 815/6078MB (cached 25MB) IRAM 0/252kB(lfb 252kB) CPU [7%@921,6%@921,off,off] EMC_FREQ 0%@1600 GR3D_FREQ 0%@614 APE 25 PLL@29C CPU@31.5C iwlwifi@32C PMIC@50C GPU@30C AO@40.5C thermal@30.75C POM_5V_IN 1689/2073 POM_5V_GPU 82/119 POM_5V_CPU 164/455
RAM 1343/3964MB (lfb 8x4MB) SWAP 815/6078MB (cached 25MB) IRAM 0/252kB(lfb 252kB) CPU [4%@921,9%@921,off,off] EMC_FREQ 0%@1600 GR3D_FREQ 0%@614 APE 25 PLL@29.5C CPU@32C iwlwifi@32C PMIC@50C GPU@29.5C AO@40.5C thermal@30.75C POM_5V_IN 1689/2072 POM_5V_GPU 82/119 POM_5V_CPU 164/454
RAM 1343/3964MB (lfb 8x4MB) SWAP 815/6078MB (cached 25MB) IRAM 0/252kB(lfb 252kB) CPU [9%@921,5%@921,off,off] EMC_FREQ 0%@1600 GR3D_FREQ 0%@614 APE 25 PLL@29.5C CPU@31.5C iwlwifi@32C PMIC@50C GPU@29.5C AO@40.5C thermal@30.5C POM_5V_IN 1689/2071 POM_5V_GPU 82/118 POM_5V_CPU 164/454
RAM 1345/3964MB (lfb 8x4MB) SWAP 815/6078MB (cached 25MB) IRAM 0/252kB(lfb 252kB) CPU [9%@921,5%@921,off,off] EMC_FREQ 0%@1600 GR3D_FREQ 0%@614 APE 25 PLL@29.5C CPU@31.5C iwlwifi@32C PMIC@50C GPU@29.5C AO@40.5C thermal@30.5C POM_5V_IN 1689/2070 POM_5V_GPU 82/118 POM_5V_CPU 164/453
RAM 1343/3964MB (lfb 8x4MB) SWAP 815/6078MB (cached 25MB) IRAM 0/252kB(lfb 252kB) CPU [6%@921,7%@921,off,off] EMC_FREQ 0%@1600 GR3D_FREQ 0%@614 APE 25 PLL@29C CPU@31.5C iwlwifi@32C PMIC@50C GPU@29.5C AO@40.5C thermal@30.5C POM_5V_IN 1689/2069 POM_5V_GPU 82/118 POM_5V_CPU 123/452
RAM 1343/3964MB (lfb 8x4MB) SWAP 815/6078MB (cached 25MB) IRAM 0/252kB(lfb 252kB) CPU [9%@921,5%@921,off,off] EMC_FREQ 0%@1600 GR3D_FREQ 0%@614 APE 25 PLL@29.5C CPU@31.5C iwlwifi@32C PMIC@50C GPU@29.5C AO@40.5C thermal@30.5C POM_5V_IN 1689/2068 POM_5V_GPU 82/118 POM_5V_CPU 123/451
RAM 1345/3964MB (lfb 8x4MB) SWAP 815/6078MB (cached 25MB) IRAM 0/252kB(lfb 252kB) CPU [7%@921,6%@921,off,off] EMC_FREQ 0%@1600 GR3D_FREQ 0%@614 APE 25 PLL@29.5C CPU@31.5C iwlwifi@32C PMIC@50C GPU@29.5C AO@40.5C thermal@30.25C POM_5V_IN 1689/2067 POM_5V_GPU 82/118 POM_5V_CPU 164/451
RAM 1343/3964MB (lfb 8x4MB) SWAP 815/6078MB (cached 25MB) IRAM 0/252kB(lfb 252kB) CPU [7%@921,6%@921,off,off] EMC_FREQ 0%@1600 GR3D_FREQ 0%@614 APE 25 PLL@29.5C CPU@31.5C iwlwifi@32C PMIC@50C GPU@29.5C AO@40.5C thermal@30.75C POM_5V_IN 1689/2066 POM_5V_GPU 82/118 POM_5V_CPU 164/450
RAM 1341/3964MB (lfb 8x4MB) SWAP 815/6078MB (cached 25MB) IRAM 0/252kB(lfb 252kB) CPU [7%@921,6%@921,off,off] EMC_FREQ 0%@1600 GR3D_FREQ 0%@614 APE 25 PLL@29.5C CPU@31.5C iwlwifi@32C PMIC@50C GPU@29.5C AO@40.5C thermal@30.25C POM_5V_IN 1689/2065 POM_5V_GPU 82/118 POM_5V_CPU 164/449
RAM 1341/3964MB (lfb 8x4MB) SWAP 815/6078MB (cached 25MB) IRAM 0/252kB(lfb 252kB) CPU [8%@921,5%@921,off,off] EMC_FREQ 0%@1600 GR3D_FREQ 0%@614 APE 25 PLL@29.5C CPU@31C iwlwifi@32C PMIC@50C GPU@29.5C AO@40.5C thermal@30.25C POM_5V_IN 1687/2064 POM_5V_GPU 82/118 POM_5V_CPU 164/449
RAM 1341/3964MB (lfb 8x4MB) SWAP 815/6078MB (cached 25MB) IRAM 0/252kB(lfb 252kB) CPU [6%@921,9%@921,off,off] EMC_FREQ 0%@1600 GR3D_FREQ 0%@614 APE 25 PLL@29C CPU@31.5C iwlwifi@32C PMIC@50C GPU@29.5C AO@40.5C thermal@30.25C POM_5V_IN 1689/2063 POM_5V_GPU 82/118 POM_5V_CPU 164/448
RAM 1343/3964MB (lfb 8x4MB) SWAP 815/6078MB (cached 25MB) IRAM 0/252kB(lfb 252kB) CPU [6%@921,7%@921,off,off] EMC_FREQ 0%@1600 GR3D_FREQ 0%@614 APE 25 PLL@29.5C CPU@31.5C iwlwifi@32C PMIC@50C GPU@29.5C AO@40.5C thermal@30.5C POM_5V_IN 1689/2062 POM_5V_GPU 82/118 POM_5V_CPU 164/447
RAM 1343/3964MB (lfb 8x4MB) SWAP 815/6078MB (cached 25MB) IRAM 0/252kB(lfb 252kB) CPU [6%@921,7%@921,off,off] EMC_FREQ 0%@1600 GR3D_FREQ 0%@614 APE 25 PLL@29.5C CPU@31.5C iwlwifi@32C PMIC@50C GPU@29.5C AO@40.5C thermal@30.5C POM_5V_IN 1689/2062 POM_5V_GPU 82/118 POM_5V_CPU 164/447
RAM 1345/3964MB (lfb 8x4MB) SWAP 815/6078MB (cached 25MB) IRAM 0/252kB(lfb 252kB) CPU [10%@921,4%@921,off,off] EMC_FREQ 0%@1600 GR3D_FREQ 0%@614 APE 25 PLL@29.5C CPU@31.5C iwlwifi@32C PMIC@50C GPU@30C AO@40.5C thermal@30.75C POM_5V_IN 1689/2061 POM_5V_GPU 82/117 POM_5V_CPU 164/446
RAM 1343/3964MB (lfb 8x4MB) SWAP 815/6078MB (cached 25MB) IRAM 0/252kB(lfb 252kB) CPU [6%@921,8%@921,off,off] EMC_FREQ 0%@1600 GR3D_FREQ 0%@614 APE 25 PLL@29.5C CPU@31.5C iwlwifi@32C PMIC@50C GPU@29.5C AO@40.5C thermal@30.25C POM_5V_IN 1689/2060 POM_5V_GPU 82/117 POM_5V_CPU 164/445
RAM 1341/3964MB (lfb 8x4MB) SWAP 815/6078MB (cached 25MB) IRAM 0/252kB(lfb 252kB) CPU [5%@921,8%@921,off,off] EMC_FREQ 0%@1600 GR3D_FREQ 0%@614 APE 25 PLL@30C CPU@31.5C iwlwifi@32C PMIC@50C GPU@29.5C AO@40.5C thermal@30.5C POM_5V_IN 1731/2059 POM_5V_GPU 82/117 POM_5V_CPU 164/445
RAM 1343/3964MB (lfb 8x4MB) SWAP 815/6078MB (cached 25MB) IRAM 0/252kB(lfb 252kB) CPU [6%@921,7%@921,off,off] EMC_FREQ 0%@1600 GR3D_FREQ 0%@614 APE 25 PLL@29.5C CPU@31.5C iwlwifi@32C PMIC@50C GPU@29.5C AO@40.5C thermal@30.25C POM_5V_IN 1689/2058 POM_5V_GPU 82/117 POM_5V_CPU 164/444
RAM 1341/3964MB (lfb 8x4MB) SWAP 815/6078MB (cached 25MB) IRAM 0/252kB(lfb 252kB) CPU [6%@921,8%@921,off,off] EMC_FREQ 0%@1600 GR3D_FREQ 0%@614 APE 25 PLL@29.5C CPU@31.5C iwlwifi@32C PMIC@50C GPU@29.5C AO@40.5C thermal@30.5C POM_5V_IN 1687/2057 POM_5V_GPU 82/117 POM_5V_CPU 164/443
RAM 1343/3964MB (lfb 8x4MB) SWAP 815/6078MB (cached 25MB) IRAM 0/252kB(lfb 252kB) CPU [5%@921,8%@921,off,off] EMC_FREQ 0%@1600 GR3D_FREQ 0%@614 APE 25 PLL@29.5C CPU@31.5C iwlwifi@33C PMIC@50C GPU@29.5C AO@40C thermal@30.5C POM_5V_IN 1731/2057 POM_5V_GPU 82/117 POM_5V_CPU 164/443
RAM 1343/3964MB (lfb 8x4MB) SWAP 815/6078MB (cached 25MB) IRAM 0/252kB(lfb 252kB) CPU [8%@921,5%@921,off,off] EMC_FREQ 0%@1600 GR3D_FREQ 0%@614 APE 25 PLL@29.5C CPU@31C iwlwifi@32C PMIC@50C GPU@29.5C AO@40.5C thermal@30.5C POM_5V_IN 1689/2056 POM_5V_GPU 82/117 POM_5V_CPU 164/442
RAM 1341/3964MB (lfb 8x4MB) SWAP 815/6078MB (cached 25MB) IRAM 0/252kB(lfb 252kB) CPU [9%@921,4%@921,off,off] EMC_FREQ 0%@1600 GR3D_FREQ 0%@614 APE 25 PLL@29.5C CPU@31.5C iwlwifi@32C PMIC@50C GPU@29.5C AO@40.5C thermal@30.25C POM_5V_IN 1975/2055 POM_5V_GPU 82/117 POM_5V_CPU 164/441
RAM 1345/3964MB (lfb 8x4MB) SWAP 815/6078MB (cached 25MB) IRAM 0/252kB(lfb 252kB) CPU [8%@921,6%@921,off,off] EMC_FREQ 0%@1600 GR3D_FREQ 0%@614 APE 25 PLL@29.5C CPU@31.5C iwlwifi@32C PMIC@50C GPU@30C AO@40.5C thermal@30.75C POM_5V_IN 1689/2055 POM_5V_GPU 82/117 POM_5V_CPU 164/441
RAM 1347/3964MB (lfb 8x4MB) SWAP 815/6078MB (cached 25MB) IRAM 0/252kB(lfb 252kB) CPU [7%@921,7%@921,off,off] EMC_FREQ 0%@1600 GR3D_FREQ 0%@614 APE 25 PLL@29.5C CPU@31.5C iwlwifi@32C PMIC@50C GPU@30C AO@40C thermal@30.5C POM_5V_IN 1689/2054 POM_5V_GPU 82/117 POM_5V_CPU 123/440
RAM 1343/3964MB (lfb 8x4MB) SWAP 815/6078MB (cached 25MB) IRAM 0/252kB(lfb 252kB) CPU [6%@921,7%@921,off,off] EMC_FREQ 0%@1600 GR3D_FREQ 0%@614 APE 25 PLL@29.5C CPU@31.5C iwlwifi@32C PMIC@50C GPU@29.5C AO@40.5C thermal@30.5C POM_5V_IN 1689/2053 POM_5V_GPU 82/117 POM_5V_CPU 164/439
RAM 1341/3964MB (lfb 8x4MB) SWAP 815/6078MB (cached 25MB) IRAM 0/252kB(lfb 252kB) CPU [9%@921,4%@921,off,off] EMC_FREQ 0%@1600 GR3D_FREQ 0%@614 APE 25 PLL@29.5C CPU@31.5C iwlwifi@32C PMIC@50C GPU@30C AO@40.5C thermal@30.5C POM_5V_IN 1689/2052 POM_5V_GPU 82/117 POM_5V_CPU 164/439
RAM 1343/3964MB (lfb 8x4MB) SWAP 815/6078MB (cached 25MB) IRAM 0/252kB(lfb 252kB) CPU [8%@921,6%@921,off,off] EMC_FREQ 0%@1600 GR3D_FREQ 0%@614 APE 25 PLL@29.5C CPU@31.5C iwlwifi@32C PMIC@50C GPU@29.5C AO@40.5C thermal@30.5C POM_5V_IN 1687/2051 POM_5V_GPU 82/116 POM_5V_CPU 164/438
RAM 1343/3964MB (lfb 8x4MB) SWAP 815/6078MB (cached 25MB) IRAM 0/252kB(lfb 252kB) CPU [7%@921,5%@921,off,off] EMC_FREQ 0%@1600 GR3D_FREQ 0%@614 APE 25 PLL@29.5C CPU@31.5C iwlwifi@32C PMIC@50C GPU@30C AO@40.5C thermal@30.25C POM_5V_IN 1810/2051 POM_5V_GPU 82/116 POM_5V_CPU 246/438
RAM 1343/3964MB (lfb 8x4MB) SWAP 815/6078MB (cached 25MB) IRAM 0/252kB(lfb 252kB) CPU [5%@921,9%@921,off,off] EMC_FREQ 0%@1600 GR3D_FREQ 0%@614 APE 25 PLL@29.5C CPU@31C iwlwifi@32C PMIC@50C GPU@29.5C AO@40.5C thermal@30.5C POM_5V_IN 1689/2050 POM_5V_GPU 82/116 POM_5V_CPU 164/437
RAM 1345/3964MB (lfb 8x4MB) SWAP 815/6078MB (cached 25MB) IRAM 0/252kB(lfb 252kB) CPU [6%@921,6%@921,off,off] EMC_FREQ 0%@1600 GR3D_FREQ 0%@614 APE 25 PLL@29.5C CPU@31.5C iwlwifi@32C PMIC@50C GPU@29.5C AO@40.5C thermal@30.5C POM_5V_IN 1772/2049 POM_5V_GPU 82/116 POM_5V_CPU 164/436
RAM 1343/3964MB (lfb 8x4MB) SWAP 815/6078MB (cached 25MB) IRAM 0/252kB(lfb 252kB) CPU [8%@921,6%@921,off,off] EMC_FREQ 0%@1600 GR3D_FREQ 0%@614 APE 25 PLL@29.5C CPU@31.5C iwlwifi@32C PMIC@50C GPU@30C AO@40.5C thermal@30.75C POM_5V_IN 1689/2048 POM_5V_GPU 82/116 POM_5V_CPU 164/436
RAM 1341/3964MB (lfb 8x4MB) SWAP 815/6078MB (cached 25MB) IRAM 0/252kB(lfb 252kB) CPU [6%@921,8%@921,off,off] EMC_FREQ 0%@1600 GR3D_FREQ 0%@614 APE 25 PLL@29.5C CPU@31.5C iwlwifi@32C PMIC@50C GPU@29.5C AO@40.5C thermal@30.5C POM_5V_IN 1689/2048 POM_5V_GPU 82/116 POM_5V_CPU 164/435
RAM 1343/3964MB (lfb 8x4MB) SWAP 815/6078MB (cached 25MB) IRAM 0/252kB(lfb 252kB) CPU [5%@921,9%@921,off,off] EMC_FREQ 0%@1600 GR3D_FREQ 0%@614 APE 25 PLL@29.5C CPU@31.5C iwlwifi@32C PMIC@50C GPU@29.5C AO@40.5C thermal@30.5C POM_5V_IN 1689/2047 POM_5V_GPU 82/116 POM_5V_CPU 164/434
RAM 1346/3964MB (lfb 8x4MB) SWAP 815/6078MB (cached 25MB) IRAM 0/252kB(lfb 252kB) CPU [7%@921,7%@921,off,off] EMC_FREQ 0%@1600 GR3D_FREQ 0%@614 APE 25 PLL@29C CPU@31.5C iwlwifi@32C PMIC@50C GPU@30C AO@41C thermal@30.75C POM_5V_IN 1689/2046 POM_5V_GPU 82/116 POM_5V_CPU 164/434
RAM 1341/3964MB (lfb 8x4MB) SWAP 815/6078MB (cached 25MB) IRAM 0/252kB(lfb 252kB) CPU [9%@921,5%@921,off,off] EMC_FREQ 0%@1600 GR3D_FREQ 0%@614 APE 25 PLL@30C CPU@31.5C iwlwifi@32C PMIC@50C GPU@29.5C AO@40.5C thermal@30.5C POM_5V_IN 1689/2045 POM_5V_GPU 82/116 POM_5V_CPU 164/433
RAM 1344/3964MB (lfb 8x4MB) SWAP 815/6078MB (cached 25MB) IRAM 0/252kB(lfb 252kB) CPU [5%@921,9%@921,off,off] EMC_FREQ 0%@1600 GR3D_FREQ 0%@614 APE 25 PLL@29.5C CPU@31.5C iwlwifi@32C PMIC@50C GPU@30C AO@40.5C thermal@30.5C POM_5V_IN 1689/2044 POM_5V_GPU 82/116 POM_5V_CPU 164/433
RAM 1341/3964MB (lfb 8x4MB) SWAP 815/6078MB (cached 25MB) IRAM 0/252kB(lfb 252kB) CPU [8%@921,5%@921,off,off] EMC_FREQ 0%@1600 GR3D_FREQ 0%@614 APE 25 PLL@29.5C CPU@31C iwlwifi@32C PMIC@50C GPU@29.5C AO@40.5C thermal@30.5C POM_5V_IN 1689/2043 POM_5V_GPU 82/116 POM_5V_CPU 164/432
RAM 1343/3964MB (lfb 8x4MB) SWAP 815/6078MB (cached 25MB) IRAM 0/252kB(lfb 252kB) CPU [7%@921,6%@921,off,off] EMC_FREQ 0%@1600 GR3D_FREQ 0%@614 APE 25 PLL@29.5C CPU@31C iwlwifi@32C PMIC@50C GPU@29.5C AO@40.5C thermal@30.25C POM_5V_IN 1772/2043 POM_5V_GPU 82/116 POM_5V_CPU 164/431
RAM 1345/3964MB (lfb 8x4MB) SWAP 815/6078MB (cached 25MB) IRAM 0/252kB(lfb 252kB) CPU [8%@921,5%@921,off,off] EMC_FREQ 0%@1600 GR3D_FREQ 0%@614 APE 25 PLL@29.5C CPU@31.5C iwlwifi@32C PMIC@50C GPU@29.5C AO@40.5C thermal@30.5C POM_5V_IN 1972/2043 POM_5V_GPU 82/116 POM_5V_CPU 410/431
RAM 1343/3964MB (lfb 8x4MB) SWAP 815/6078MB (cached 25MB) IRAM 0/252kB(lfb 252kB) CPU [5%@921,8%@921,off,off] EMC_FREQ 0%@1600 GR3D_FREQ 0%@614 APE 25 PLL@29.5C CPU@31.5C iwlwifi@32C PMIC@50C GPU@30C AO@40.5C thermal@30.5C POM_5V_IN 1689/2042 POM_5V_GPU 82/115 POM_5V_CPU 164/431
RAM 1343/3964MB (lfb 8x4MB) SWAP 815/6078MB (cached 25MB) IRAM 0/252kB(lfb 252kB) CPU [9%@921,5%@921,off,off] EMC_FREQ 0%@1600 GR3D_FREQ 0%@614 APE 25 PLL@29.5C CPU@31C iwlwifi@32C PMIC@50C GPU@29.5C AO@40.5C thermal@30.5C POM_5V_IN 1689/2041 POM_5V_GPU 82/115 POM_5V_CPU 164/430
RAM 1345/3964MB (lfb 8x4MB) SWAP 815/6078MB (cached 25MB) IRAM 0/252kB(lfb 252kB) CPU [8%@921,6%@921,off,off] EMC_FREQ 0%@1600 GR3D_FREQ 0%@614 APE 25 PLL@29.5C CPU@31C iwlwifi@32C PMIC@50C GPU@29.5C AO@40.5C thermal@30.5C POM_5V_IN 1731/2040 POM_5V_GPU 82/115 POM_5V_CPU 164/430
RAM 1343/3964MB (lfb 8x4MB) SWAP 815/6078MB (cached 25MB) IRAM 0/252kB(lfb 252kB) CPU [8%@921,6%@921,off,off] EMC_FREQ 0%@1600 GR3D_FREQ 0%@614 APE 25 PLL@29C CPU@31C iwlwifi@32C PMIC@50C GPU@30C AO@41C thermal@30.5C POM_5V_IN 1689/2040 POM_5V_GPU 82/115 POM_5V_CPU 164/429
RAM 1341/3964MB (lfb 8x4MB) SWAP 815/6078MB (cached 25MB) IRAM 0/252kB(lfb 252kB) CPU [6%@921,8%@921,off,off] EMC_FREQ 0%@1600 GR3D_FREQ 0%@614 APE 25 PLL@29.5C CPU@31.5C iwlwifi@32C PMIC@50C GPU@29.5C AO@40.5C thermal@30.5C POM_5V_IN 1689/2039 POM_5V_GPU 82/115 POM_5V_CPU 164/428
RAM 1344/3964MB (lfb 8x4MB) SWAP 815/6078MB (cached 25MB) IRAM 0/252kB(lfb 252kB) CPU [4%@921,8%@921,off,off] EMC_FREQ 0%@1600 GR3D_FREQ 0%@614 APE 25 PLL@29.5C CPU@31.5C iwlwifi@32C PMIC@50C GPU@29.5C AO@41C thermal@30.25C POM_5V_IN 1689/2038 POM_5V_GPU 82/115 POM_5V_CPU 164/428
RAM 1342/3964MB (lfb 8x4MB) SWAP 815/6078MB (cached 25MB) IRAM 0/252kB(lfb 252kB) CPU [8%@921,6%@921,off,off] EMC_FREQ 0%@1600 GR3D_FREQ 0%@614 APE 25 PLL@29.5C CPU@31C iwlwifi@32C PMIC@50C GPU@29.5C AO@40.5C thermal@30.25C POM_5V_IN 1689/2037 POM_5V_GPU 82/115 POM_5V_CPU 164/427
RAM 1341/3964MB (lfb 8x4MB) SWAP 815/6078MB (cached 25MB) IRAM 0/252kB(lfb 252kB) CPU [7%@921,7%@921,off,off] EMC_FREQ 0%@1600 GR3D_FREQ 0%@614 APE 25 PLL@29.5C CPU@31C iwlwifi@32C PMIC@50C GPU@29.5C AO@40.5C thermal@30.5C POM_5V_IN 1689/2037 POM_5V_GPU 82/115 POM_5V_CPU 164/427
RAM 1346/3964MB (lfb 8x4MB) SWAP 815/6078MB (cached 25MB) IRAM 0/252kB(lfb 252kB) CPU [8%@921,6%@921,off,off] EMC_FREQ 0%@1600 GR3D_FREQ 0%@614 APE 25 PLL@29.5C CPU@31.5C iwlwifi@32C PMIC@50C GPU@30C AO@41C thermal@30.5C POM_5V_IN 1689/2036 POM_5V_GPU 82/115 POM_5V_CPU 164/426
RAM 1341/3964MB (lfb 8x4MB) SWAP 815/6078MB (cached 25MB) IRAM 0/252kB(lfb 252kB) CPU [9%@921,4%@921,off,off] EMC_FREQ 0%@1600 GR3D_FREQ 0%@614 APE 25 PLL@29.5C CPU@31C iwlwifi@32C PMIC@50C GPU@30C AO@40.5C thermal@30.75C POM_5V_IN 1731/2035 POM_5V_GPU 82/115 POM_5V_CPU 164/425
RAM 1345/3964MB (lfb 8x4MB) SWAP 815/6078MB (cached 25MB) IRAM 0/252kB(lfb 252kB) CPU [6%@921,8%@921,off,off] EMC_FREQ 0%@1600 GR3D_FREQ 0%@614 APE 25 PLL@29.5C CPU@31.5C iwlwifi@32C PMIC@50C GPU@30C AO@41C thermal@30.75C POM_5V_IN 1689/2034 POM_5V_GPU 82/115 POM_5V_CPU 164/425
RAM 1346/3964MB (lfb 8x4MB) SWAP 815/6078MB (cached 25MB) IRAM 0/252kB(lfb 252kB) CPU [8%@921,5%@921,off,off] EMC_FREQ 0%@1600 GR3D_FREQ 0%@614 APE 25 PLL@29.5C CPU@31.5C iwlwifi@32C PMIC@50C GPU@30C AO@40.5C thermal@31C POM_5V_IN 1689/2034 POM_5V_GPU 82/115 POM_5V_CPU 164/424
RAM 1345/3964MB (lfb 8x4MB) SWAP 815/6078MB (cached 25MB) IRAM 0/252kB(lfb 252kB) CPU [7%@921,7%@921,off,off] EMC_FREQ 0%@1600 GR3D_FREQ 0%@614 APE 25 PLL@29.5C CPU@31.5C iwlwifi@32C PMIC@50C GPU@30C AO@41C thermal@30.75C POM_5V_IN 1689/2033 POM_5V_GPU 82/115 POM_5V_CPU 164/424
RAM 1343/3964MB (lfb 8x4MB) SWAP 815/6078MB (cached 25MB) IRAM 0/252kB(lfb 252kB) CPU [5%@921,9%@921,off,off] EMC_FREQ 0%@1600 GR3D_FREQ 0%@614 APE 25 PLL@29.5C CPU@31C iwlwifi@32C PMIC@50C GPU@30C AO@41C thermal@30.75C POM_5V_IN 1689/2032 POM_5V_GPU 82/114 POM_5V_CPU 164/423
RAM 1346/3964MB (lfb 8x4MB) SWAP 815/6078MB (cached 25MB) IRAM 0/252kB(lfb 252kB) CPU [5%@921,9%@921,off,off] EMC_FREQ 0%@1600 GR3D_FREQ 0%@614 APE 25 PLL@29.5C CPU@31.5C iwlwifi@32C PMIC@50C GPU@30C AO@40.5C thermal@30.5C POM_5V_IN 1731/2031 POM_5V_GPU 82/114 POM_5V_CPU 164/423
RAM 1347/3964MB (lfb 8x4MB) SWAP 815/6078MB (cached 25MB) IRAM 0/252kB(lfb 252kB) CPU [9%@921,4%@921,off,off] EMC_FREQ 0%@1600 GR3D_FREQ 0%@614 APE 25 PLL@29.5C CPU@31.5C iwlwifi@32C PMIC@50C GPU@30C AO@41C thermal@30.75C POM_5V_IN 1689/2031 POM_5V_GPU 82/114 POM_5V_CPU 164/422
RAM 1344/3964MB (lfb 8x4MB) SWAP 815/6078MB (cached 25MB) IRAM 0/252kB(lfb 252kB) CPU [9%@921,5%@921,off,off] EMC_FREQ 0%@1600 GR3D_FREQ 0%@614 APE 25 PLL@29.5C CPU@31.5C iwlwifi@32C PMIC@50C GPU@30C AO@41C thermal@30.75C POM_5V_IN 1689/2030 POM_5V_GPU 82/114 POM_5V_CPU 164/421
RAM 1343/3964MB (lfb 8x4MB) SWAP 815/6078MB (cached 25MB) IRAM 0/252kB(lfb 252kB) CPU [8%@921,5%@921,off,off] EMC_FREQ 0%@1600 GR3D_FREQ 0%@614 APE 25 PLL@29.5C CPU@31.5C iwlwifi@32C PMIC@50C GPU@30C AO@41C thermal@30.75C POM_5V_IN 1772/2029 POM_5V_GPU 82/114 POM_5V_CPU 206/421
RAM 1343/3964MB (lfb 8x4MB) SWAP 815/6078MB (cached 25MB) IRAM 0/252kB(lfb 252kB) CPU [6%@921,8%@921,off,off] EMC_FREQ 0%@1600 GR3D_FREQ 0%@614 APE 25 PLL@29.5C CPU@31.5C iwlwifi@32C PMIC@50C GPU@30C AO@40.5C thermal@30.5C POM_5V_IN 1689/2029 POM_5V_GPU 82/114 POM_5V_CPU 164/420
RAM 1344/3964MB (lfb 8x4MB) SWAP 814/6078MB (cached 25MB) IRAM 0/252kB(lfb 252kB) CPU [9%@921,5%@921,off,off] EMC_FREQ 0%@1600 GR3D_FREQ 0%@614 APE 25 PLL@29.5C CPU@32C iwlwifi@33C PMIC@50C GPU@30C AO@41C thermal@30.75C POM_5V_IN 1689/2028 POM_5V_GPU 82/114 POM_5V_CPU 164/420
RAM 1342/3964MB (lfb 8x4MB) SWAP 814/6078MB (cached 25MB) IRAM 0/252kB(lfb 252kB) CPU [5%@921,8%@921,off,off] EMC_FREQ 0%@1600 GR3D_FREQ 0%@614 APE 25 PLL@29C CPU@31.5C iwlwifi@32C PMIC@50C GPU@30C AO@40.5C thermal@30.75C POM_5V_IN 1689/2027 POM_5V_GPU 82/114 POM_5V_CPU 164/419
RAM 1342/3964MB (lfb 8x4MB) SWAP 814/6078MB (cached 25MB) IRAM 0/252kB(lfb 252kB) CPU [9%@921,5%@921,off,off] EMC_FREQ 0%@1600 GR3D_FREQ 0%@614 APE 25 PLL@29.5C CPU@31.5C iwlwifi@32C PMIC@50C GPU@29.5C AO@41C thermal@30.5C POM_5V_IN 1689/2026 POM_5V_GPU 82/114 POM_5V_CPU 164/419
RAM 1342/3964MB (lfb 8x4MB) SWAP 814/6078MB (cached 25MB) IRAM 0/252kB(lfb 252kB) CPU [10%@921,4%@921,off,off] EMC_FREQ 0%@1600 GR3D_FREQ 0%@614 APE 25 PLL@29.5C CPU@31.5C iwlwifi@32C PMIC@50C GPU@29.5C AO@40.5C thermal@30.5C POM_5V_IN 1689/2026 POM_5V_GPU 82/114 POM_5V_CPU 164/418
RAM 1342/3964MB (lfb 8x4MB) SWAP 814/6078MB (cached 25MB) IRAM 0/252kB(lfb 252kB) CPU [6%@921,8%@921,off,off] EMC_FREQ 0%@1600 GR3D_FREQ 0%@614 APE 25 PLL@29.5C CPU@31.5C iwlwifi@32C PMIC@50C GPU@29.5C AO@41C thermal@30.5C POM_5V_IN 1689/2025 POM_5V_GPU 82/114 POM_5V_CPU 164/418
RAM 1343/3964MB (lfb 8x4MB) SWAP 814/6078MB (cached 25MB) IRAM 0/252kB(lfb 252kB) CPU [6%@921,7%@921,off,off] EMC_FREQ 0%@1600 GR3D_FREQ 0%@614 APE 25 PLL@29.5C CPU@31.5C iwlwifi@33C PMIC@50C GPU@29.5C AO@41C thermal@30.5C POM_5V_IN 1689/2024 POM_5V_GPU 82/114 POM_5V_CPU 123/417
RAM 1346/3964MB (lfb 8x4MB) SWAP 814/6078MB (cached 25MB) IRAM 0/252kB(lfb 252kB) CPU [8%@921,5%@921,off,off] EMC_FREQ 0%@1600 GR3D_FREQ 0%@614 APE 25 PLL@29.5C CPU@31.5C iwlwifi@32C PMIC@50C GPU@29.5C AO@41C thermal@30.75C POM_5V_IN 1689/2024 POM_5V_GPU 82/114 POM_5V_CPU 164/417
RAM 1346/3964MB (lfb 8x4MB) SWAP 814/6078MB (cached 25MB) IRAM 0/252kB(lfb 252kB) CPU [7%@921,6%@921,off,off] EMC_FREQ 0%@1600 GR3D_FREQ 0%@614 APE 25 PLL@29.5C CPU@31.5C iwlwifi@33C PMIC@50C GPU@29.5C AO@40.5C thermal@30.25C POM_5V_IN 1689/2023 POM_5V_GPU 82/114 POM_5V_CPU 164/416
RAM 1346/3964MB (lfb 8x4MB) SWAP 814/6078MB (cached 25MB) IRAM 0/252kB(lfb 252kB) CPU [6%@921,8%@921,off,off] EMC_FREQ 0%@1600 GR3D_FREQ 0%@614 APE 25 PLL@29.5C CPU@32C iwlwifi@32C PMIC@50C GPU@29.5C AO@41C thermal@30.5C POM_5V_IN 1689/2022 POM_5V_GPU 82/114 POM_5V_CPU 164/415
RAM 1342/3964MB (lfb 8x4MB) SWAP 814/6078MB (cached 25MB) IRAM 0/252kB(lfb 252kB) CPU [4%@921,9%@921,off,off] EMC_FREQ 0%@1600 GR3D_FREQ 0%@614 APE 25 PLL@29.5C CPU@31.5C iwlwifi@32C PMIC@50C GPU@29.5C AO@40.5C thermal@30.5C POM_5V_IN 1689/2021 POM_5V_GPU 82/113 POM_5V_CPU 164/415
RAM 1342/3964MB (lfb 8x4MB) SWAP 814/6078MB (cached 25MB) IRAM 0/252kB(lfb 252kB) CPU [6%@921,8%@921,off,off] EMC_FREQ 0%@1600 GR3D_FREQ 0%@614 APE 25 PLL@29.5C CPU@31.5C iwlwifi@32C PMIC@50C GPU@29.5C AO@41C thermal@30.5C POM_5V_IN 1689/2021 POM_5V_GPU 82/113 POM_5V_CPU 164/414
RAM 1341/3964MB (lfb 8x4MB) SWAP 814/6078MB (cached 25MB) IRAM 0/252kB(lfb 252kB) CPU [8%@921,5%@921,off,off] EMC_FREQ 0%@1600 GR3D_FREQ 0%@614 APE 25 PLL@29.5C CPU@31.5C iwlwifi@32C PMIC@50C GPU@30C AO@41C thermal@30.5C POM_5V_IN 1689/2020 POM_5V_GPU 82/113 POM_5V_CPU 164/414
RAM 1346/3964MB (lfb 8x4MB) SWAP 814/6078MB (cached 25MB) IRAM 0/252kB(lfb 252kB) CPU [9%@921,5%@921,off,off] EMC_FREQ 0%@1600 GR3D_FREQ 0%@614 APE 25 PLL@29.5C CPU@31.5C iwlwifi@32C PMIC@50C GPU@30C AO@41C thermal@30.75C POM_5V_IN 1689/2019 POM_5V_GPU 82/113 POM_5V_CPU 164/413
RAM 1342/3964MB (lfb 8x4MB) SWAP 814/6078MB (cached 25MB) IRAM 0/252kB(lfb 252kB) CPU [7%@921,7%@921,off,off] EMC_FREQ 0%@1600 GR3D_FREQ 0%@614 APE 25 PLL@29.5C CPU@31.5C iwlwifi@32C PMIC@50C GPU@29.5C AO@41C thermal@30.25C POM_5V_IN 1689/2019 POM_5V_GPU 82/113 POM_5V_CPU 164/413
RAM 1343/3964MB (lfb 8x4MB) SWAP 814/6078MB (cached 25MB) IRAM 0/252kB(lfb 252kB) CPU [8%@921,5%@921,off,off] EMC_FREQ 0%@1600 GR3D_FREQ 0%@614 APE 25 PLL@30C CPU@31.5C iwlwifi@32C PMIC@50C GPU@29.5C AO@40.5C thermal@30.75C POM_5V_IN 1689/2018 POM_5V_GPU 82/113 POM_5V_CPU 164/412
RAM 1346/3964MB (lfb 8x4MB) SWAP 814/6078MB (cached 25MB) IRAM 0/252kB(lfb 252kB) CPU [5%@921,8%@921,off,off] EMC_FREQ 0%@1600 GR3D_FREQ 0%@614 APE 25 PLL@29.5C CPU@31.5C iwlwifi@32C PMIC@50C GPU@29.5C AO@41C thermal@30.75C POM_5V_IN 1731/2017 POM_5V_GPU 82/113 POM_5V_CPU 123/412
RAM 1346/3964MB (lfb 8x4MB) SWAP 814/6078MB (cached 25MB) IRAM 0/252kB(lfb 252kB) CPU [8%@921,5%@921,off,off] EMC_FREQ 0%@1600 GR3D_FREQ 0%@614 APE 25 PLL@29.5C CPU@32C iwlwifi@32C PMIC@50C GPU@30C AO@41C thermal@31C POM_5V_IN 1689/2017 POM_5V_GPU 82/113 POM_5V_CPU 164/411
RAM 1342/3964MB (lfb 8x4MB) SWAP 814/6078MB (cached 25MB) IRAM 0/252kB(lfb 252kB) CPU [7%@921,9%@921,off,off] EMC_FREQ 0%@1600 GR3D_FREQ 0%@614 APE 25 PLL@30C CPU@32C iwlwifi@32C PMIC@50C GPU@29.5C AO@40.5C thermal@30.75C POM_5V_IN 1689/2016 POM_5V_GPU 82/113 POM_5V_CPU 164/411
RAM 1343/3964MB (lfb 8x4MB) SWAP 814/6078MB (cached 25MB) IRAM 0/252kB(lfb 252kB) CPU [6%@921,7%@921,off,off] EMC_FREQ 0%@1600 GR3D_FREQ 0%@614 APE 25 PLL@29.5C CPU@31.5C iwlwifi@32C PMIC@50C GPU@29.5C AO@40.5C thermal@31C POM_5V_IN 1689/2015 POM_5V_GPU 82/113 POM_5V_CPU 123/410
RAM 1344/3964MB (lfb 8x4MB) SWAP 814/6078MB (cached 25MB) IRAM 0/252kB(lfb 252kB) CPU [5%@921,9%@921,off,off] EMC_FREQ 0%@1600 GR3D_FREQ 0%@614 APE 25 PLL@29.5C CPU@31.5C iwlwifi@32C PMIC@50C GPU@30C AO@41C thermal@30.5C POM_5V_IN 1689/2015 POM_5V_GPU 82/113 POM_5V_CPU 164/410
RAM 1342/3964MB (lfb 8x4MB) SWAP 814/6078MB (cached 25MB) IRAM 0/252kB(lfb 252kB) CPU [7%@921,6%@921,off,off] EMC_FREQ 0%@1600 GR3D_FREQ 0%@614 APE 25 PLL@29.5C CPU@32C iwlwifi@32C PMIC@50C GPU@30C AO@41C thermal@30.5C POM_5V_IN 1689/2014 POM_5V_GPU 82/113 POM_5V_CPU 164/409
RAM 1344/3964MB (lfb 8x4MB) SWAP 814/6078MB (cached 25MB) IRAM 0/252kB(lfb 252kB) CPU [5%@921,9%@921,off,off] EMC_FREQ 0%@1600 GR3D_FREQ 0%@614 APE 25 PLL@29.5C CPU@31.5C iwlwifi@32C PMIC@50C GPU@30C AO@40.5C thermal@30.75C POM_5V_IN 1689/2013 POM_5V_GPU 82/113 POM_5V_CPU 164/409
RAM 1344/3964MB (lfb 8x4MB) SWAP 814/6078MB (cached 25MB) IRAM 0/252kB(lfb 252kB) CPU [8%@921,5%@921,off,off] EMC_FREQ 0%@1600 GR3D_FREQ 0%@614 APE 25 PLL@29.5C CPU@32C iwlwifi@32C PMIC@50C GPU@29.5C AO@40.5C thermal@30.75C POM_5V_IN 1689/2013 POM_5V_GPU 82/113 POM_5V_CPU 164/408
RAM 1344/3964MB (lfb 8x4MB) SWAP 814/6078MB (cached 25MB) IRAM 0/252kB(lfb 252kB) CPU [6%@921,8%@921,off,off] EMC_FREQ 0%@1600 GR3D_FREQ 0%@614 APE 25 PLL@29.5C CPU@31.5C iwlwifi@32C PMIC@50C GPU@29.5C AO@40.5C thermal@30.5C POM_5V_IN 1689/2012 POM_5V_GPU 82/113 POM_5V_CPU 164/408
RAM 1346/3964MB (lfb 8x4MB) SWAP 814/6078MB (cached 25MB) IRAM 0/252kB(lfb 252kB) CPU [8%@921,5%@921,off,off] EMC_FREQ 0%@1600 GR3D_FREQ 0%@614 APE 25 PLL@29.5C CPU@32C iwlwifi@32C PMIC@50C GPU@30C AO@41C thermal@30.75C POM_5V_IN 1689/2011 POM_5V_GPU 82/112 POM_5V_CPU 164/407
RAM 1342/3964MB (lfb 8x4MB) SWAP 814/6078MB (cached 25MB) IRAM 0/252kB(lfb 252kB) CPU [9%@921,5%@921,off,off] EMC_FREQ 0%@1600 GR3D_FREQ 0%@614 APE 25 PLL@29.5C CPU@31.5C iwlwifi@32C PMIC@50C GPU@30C AO@41C thermal@30.75C POM_5V_IN 1689/2011 POM_5V_GPU 82/112 POM_5V_CPU 164/407
RAM 1346/3964MB (lfb 8x4MB) SWAP 814/6078MB (cached 25MB) IRAM 0/252kB(lfb 252kB) CPU [5%@921,9%@921,off,off] EMC_FREQ 0%@1600 GR3D_FREQ 0%@614 APE 25 PLL@30C CPU@31.5C iwlwifi@32C PMIC@50C GPU@29.5C AO@40.5C thermal@30.5C POM_5V_IN 1689/2010 POM_5V_GPU 82/112 POM_5V_CPU 164/406
RAM 1342/3964MB (lfb 8x4MB) SWAP 814/6078MB (cached 25MB) IRAM 0/252kB(lfb 252kB) CPU [8%@921,5%@921,off,off] EMC_FREQ 0%@1600 GR3D_FREQ 0%@614 APE 25 PLL@29.5C CPU@31.5C iwlwifi@32C PMIC@50C GPU@30C AO@40.5C thermal@31C POM_5V_IN 1689/2009 POM_5V_GPU 82/112 POM_5V_CPU 164/406
RAM 1342/3964MB (lfb 8x4MB) SWAP 814/6078MB (cached 25MB) IRAM 0/252kB(lfb 252kB) CPU [9%@921,4%@921,off,off] EMC_FREQ 0%@1600 GR3D_FREQ 0%@614 APE 25 PLL@29.5C CPU@32C iwlwifi@32C PMIC@50C GPU@30C AO@41C thermal@30.75C POM_5V_IN 1689/2009 POM_5V_GPU 82/112 POM_5V_CPU 164/405
RAM 1346/3964MB (lfb 8x4MB) SWAP 814/6078MB (cached 25MB) IRAM 0/252kB(lfb 252kB) CPU [7%@921,7%@921,off,off] EMC_FREQ 0%@1600 GR3D_FREQ 0%@614 APE 25 PLL@29.5C CPU@31.5C iwlwifi@32C PMIC@50C GPU@29.5C AO@41C thermal@30.75C POM_5V_IN 1689/2008 POM_5V_GPU 82/112 POM_5V_CPU 164/405
RAM 1342/3964MB (lfb 8x4MB) SWAP 814/6078MB (cached 25MB) IRAM 0/252kB(lfb 252kB) CPU [5%@921,9%@921,off,off] EMC_FREQ 0%@1600 GR3D_FREQ 0%@614 APE 25 PLL@30C CPU@31.5C iwlwifi@32C PMIC@50C GPU@30C AO@41C thermal@31C POM_5V_IN 1689/2007 POM_5V_GPU 82/112 POM_5V_CPU 164/404
RAM 1342/3964MB (lfb 8x4MB) SWAP 814/6078MB (cached 25MB) IRAM 0/252kB(lfb 252kB) CPU [6%@921,7%@921,off,off] EMC_FREQ 0%@1600 GR3D_FREQ 0%@614 APE 25 PLL@29.5C CPU@32C iwlwifi@32C PMIC@50C GPU@29.5C AO@41C thermal@30.5C POM_5V_IN 1687/2007 POM_5V_GPU 82/112 POM_5V_CPU 164/404
RAM 1344/3964MB (lfb 8x4MB) SWAP 814/6078MB (cached 25MB) IRAM 0/252kB(lfb 252kB) CPU [7%@921,7%@921,off,off] EMC_FREQ 0%@1600 GR3D_FREQ 0%@614 APE 25 PLL@29.5C CPU@31.5C iwlwifi@33C PMIC@50C GPU@29.5C AO@41C thermal@30.5C POM_5V_IN 1689/2006 POM_5V_GPU 82/112 POM_5V_CPU 164/403
RAM 1346/3964MB (lfb 8x4MB) SWAP 814/6078MB (cached 25MB) IRAM 0/252kB(lfb 252kB) CPU [6%@921,6%@921,off,off] EMC_FREQ 0%@1600 GR3D_FREQ 0%@614 APE 25 PLL@30C CPU@31.5C iwlwifi@32C PMIC@50C GPU@30C AO@41C thermal@30.75C POM_5V_IN 1689/2005 POM_5V_GPU 82/112 POM_5V_CPU 164/403
RAM 1344/3964MB (lfb 8x4MB) SWAP 814/6078MB (cached 25MB) IRAM 0/252kB(lfb 252kB) CPU [6%@921,8%@921,off,off] EMC_FREQ 0%@1600 GR3D_FREQ 0%@614 APE 25 PLL@30C CPU@31.5C iwlwifi@32C PMIC@50C GPU@30C AO@40.5C thermal@30.75C POM_5V_IN 1689/2005 POM_5V_GPU 82/112 POM_5V_CPU 164/402
RAM 1342/3964MB (lfb 8x4MB) SWAP 814/6078MB (cached 25MB) IRAM 0/252kB(lfb 252kB) CPU [6%@921,7%@921,off,off] EMC_FREQ 0%@1600 GR3D_FREQ 0%@614 APE 25 PLL@29.5C CPU@31.5C iwlwifi@32C PMIC@50C GPU@30C AO@41C thermal@30.75C POM_5V_IN 1689/2004 POM_5V_GPU 82/112 POM_5V_CPU 164/402
RAM 1346/3964MB (lfb 8x4MB) SWAP 814/6078MB (cached 25MB) IRAM 0/252kB(lfb 252kB) CPU [8%@921,5%@921,off,off] EMC_FREQ 0%@1600 GR3D_FREQ 0%@614 APE 25 PLL@30C CPU@31.5C iwlwifi@32C PMIC@50C GPU@30C AO@41C thermal@30.5C POM_5V_IN 1731/2004 POM_5V_GPU 82/112 POM_5V_CPU 164/401
RAM 1342/3964MB (lfb 8x4MB) SWAP 814/6078MB (cached 25MB) IRAM 0/252kB(lfb 252kB) CPU [8%@921,6%@921,off,off] EMC_FREQ 0%@1600 GR3D_FREQ 0%@614 APE 25 PLL@29.5C CPU@31.5C iwlwifi@32C PMIC@50C GPU@29.5C AO@41C thermal@30.75C POM_5V_IN 1689/2003 POM_5V_GPU 82/112 POM_5V_CPU 164/401
RAM 1342/3964MB (lfb 8x4MB) SWAP 814/6078MB (cached 25MB) IRAM 0/252kB(lfb 252kB) CPU [8%@921,6%@921,off,off] EMC_FREQ 0%@1600 GR3D_FREQ 0%@614 APE 25 PLL@30C CPU@31.5C iwlwifi@32C PMIC@50C GPU@30C AO@41C thermal@30.75C POM_5V_IN 1689/2002 POM_5V_GPU 82/112 POM_5V_CPU 164/400
RAM 1344/3964MB (lfb 8x4MB) SWAP 814/6078MB (cached 25MB) IRAM 0/252kB(lfb 252kB) CPU [5%@921,8%@921,off,off] EMC_FREQ 0%@1600 GR3D_FREQ 0%@614 APE 25 PLL@29.5C CPU@31.5C iwlwifi@32C PMIC@50C GPU@30C AO@41C thermal@30.75C POM_5V_IN 1689/2002 POM_5V_GPU 82/112 POM_5V_CPU 164/400
RAM 1346/3964MB (lfb 8x4MB) SWAP 814/6078MB (cached 25MB) IRAM 0/252kB(lfb 252kB) CPU [9%@921,4%@921,off,off] EMC_FREQ 0%@1600 GR3D_FREQ 0%@614 APE 25 PLL@29.5C CPU@31.5C iwlwifi@32C PMIC@50C GPU@30C AO@41C thermal@30.75C POM_5V_IN 1689/2001 POM_5V_GPU 82/111 POM_5V_CPU 164/399
RAM 1344/3964MB (lfb 8x4MB) SWAP 814/6078MB (cached 25MB) IRAM 0/252kB(lfb 252kB) CPU [8%@921,6%@921,off,off] EMC_FREQ 0%@1600 GR3D_FREQ 0%@614 APE 25 PLL@29.5C CPU@31.5C iwlwifi@32C PMIC@50C GPU@29.5C AO@41C thermal@30.75C POM_5V_IN 1689/2000 POM_5V_GPU 82/111 POM_5V_CPU 123/399
RAM 1346/3964MB (lfb 8x4MB) SWAP 814/6078MB (cached 25MB) IRAM 0/252kB(lfb 252kB) CPU [10%@921,7%@921,off,off] EMC_FREQ 0%@1600 GR3D_FREQ 0%@614 APE 25 PLL@29.5C CPU@31.5C iwlwifi@32C PMIC@50C GPU@29.5C AO@41C thermal@30.75C POM_5V_IN 1689/2000 POM_5V_GPU 82/111 POM_5V_CPU 123/398
RAM 1344/3964MB (lfb 8x4MB) SWAP 814/6078MB (cached 25MB) IRAM 0/252kB(lfb 252kB) CPU [11%@921,5%@921,off,off] EMC_FREQ 0%@1600 GR3D_FREQ 0%@614 APE 25 PLL@30C CPU@31.5C iwlwifi@32C PMIC@50C GPU@29.5C AO@41C thermal@30.5C POM_5V_IN 1689/1999 POM_5V_GPU 82/111 POM_5V_CPU 164/398
RAM 1344/3964MB (lfb 8x4MB) SWAP 814/6078MB (cached 25MB) IRAM 0/252kB(lfb 252kB) CPU [6%@921,7%@921,off,off] EMC_FREQ 0%@1600 GR3D_FREQ 0%@614 APE 25 PLL@29.5C CPU@31.5C iwlwifi@32C PMIC@50C GPU@29.5C AO@41C thermal@30.5C POM_5V_IN 1689/1999 POM_5V_GPU 82/111 POM_5V_CPU 123/397
RAM 1346/3964MB (lfb 8x4MB) SWAP 814/6078MB (cached 25MB) IRAM 0/252kB(lfb 252kB) CPU [4%@921,9%@921,off,off] EMC_FREQ 0%@1600 GR3D_FREQ 0%@614 APE 25 PLL@29.5C CPU@31.5C iwlwifi@32C PMIC@50C GPU@29.5C AO@40.5C thermal@30.5C POM_5V_IN 1689/1998 POM_5V_GPU 82/111 POM_5V_CPU 164/397
RAM 1342/3964MB (lfb 8x4MB) SWAP 814/6078MB (cached 25MB) IRAM 0/252kB(lfb 252kB) CPU [9%@921,4%@921,off,off] EMC_FREQ 0%@1600 GR3D_FREQ 0%@614 APE 25 PLL@29.5C CPU@31C iwlwifi@32C PMIC@50C GPU@30C AO@40.5C thermal@30.75C POM_5V_IN 1689/1997 POM_5V_GPU 82/111 POM_5V_CPU 164/396
RAM 1344/3964MB (lfb 8x4MB) SWAP 814/6078MB (cached 25MB) IRAM 0/252kB(lfb 252kB) CPU [5%@921,9%@921,off,off] EMC_FREQ 0%@1600 GR3D_FREQ 0%@614 APE 25 PLL@29.5C CPU@31.5C iwlwifi@32C PMIC@50C GPU@30C AO@40.5C thermal@30.75C POM_5V_IN 1689/1997 POM_5V_GPU 82/111 POM_5V_CPU 164/396
RAM 1346/3964MB (lfb 8x4MB) SWAP 814/6078MB (cached 25MB) IRAM 0/252kB(lfb 252kB) CPU [4%@921,9%@921,off,off] EMC_FREQ 0%@1600 GR3D_FREQ 0%@614 APE 25 PLL@29.5C CPU@31C iwlwifi@32C PMIC@50C GPU@29.5C AO@40.5C thermal@30.5C POM_5V_IN 1689/1996 POM_5V_GPU 82/111 POM_5V_CPU 164/395
RAM 1344/3964MB (lfb 8x4MB) SWAP 814/6078MB (cached 25MB) IRAM 0/252kB(lfb 252kB) CPU [8%@921,5%@921,off,off] EMC_FREQ 0%@1600 GR3D_FREQ 0%@614 APE 25 PLL@29.5C CPU@31.5C iwlwifi@32C PMIC@50C GPU@29.5C AO@41C thermal@30.75C POM_5V_IN 1689/1996 POM_5V_GPU 82/111 POM_5V_CPU 164/395
RAM 1344/3964MB (lfb 8x4MB) SWAP 814/6078MB (cached 25MB) IRAM 0/252kB(lfb 252kB) CPU [5%@921,8%@921,off,off] EMC_FREQ 0%@1600 GR3D_FREQ 0%@614 APE 25 PLL@29.5C CPU@31.5C iwlwifi@32C PMIC@50C GPU@29.5C AO@41C thermal@30.5C POM_5V_IN 1689/1995 POM_5V_GPU 82/111 POM_5V_CPU 164/394
RAM 1344/3964MB (lfb 8x4MB) SWAP 814/6078MB (cached 25MB) IRAM 0/252kB(lfb 252kB) CPU [7%@921,8%@921,off,off] EMC_FREQ 0%@1600 GR3D_FREQ 0%@614 APE 25 PLL@29.5C CPU@31.5C iwlwifi@32C PMIC@50C GPU@29.5C AO@41C thermal@30.75C POM_5V_IN 1731/1995 POM_5V_GPU 82/111 POM_5V_CPU 164/394
RAM 1344/3964MB (lfb 8x4MB) SWAP 814/6078MB (cached 25MB) IRAM 0/252kB(lfb 252kB) CPU [10%@921,4%@921,off,off] EMC_FREQ 0%@1600 GR3D_FREQ 0%@614 APE 25 PLL@29.5C CPU@31.5C iwlwifi@32C PMIC@50C GPU@29.5C AO@41C thermal@30.75C POM_5V_IN 1689/1994 POM_5V_GPU 82/111 POM_5V_CPU 164/394
RAM 1344/3964MB (lfb 8x4MB) SWAP 814/6078MB (cached 25MB) IRAM 0/252kB(lfb 252kB) CPU [9%@921,5%@921,off,off] EMC_FREQ 0%@1600 GR3D_FREQ 0%@614 APE 25 PLL@29.5C CPU@31.5C iwlwifi@32C PMIC@50C GPU@29.5C AO@41C thermal@30.5C POM_5V_IN 1689/1993 POM_5V_GPU 82/111 POM_5V_CPU 164/393
RAM 1342/3964MB (lfb 8x4MB) SWAP 814/6078MB (cached 25MB) IRAM 0/252kB(lfb 252kB) CPU [6%@921,8%@921,off,off] EMC_FREQ 0%@1600 GR3D_FREQ 0%@614 APE 25 PLL@29.5C CPU@31C iwlwifi@32C PMIC@50C GPU@29.5C AO@41C thermal@30.25C POM_5V_IN 1689/1993 POM_5V_GPU 82/111 POM_5V_CPU 164/393
RAM 1344/3964MB (lfb 8x4MB) SWAP 814/6078MB (cached 25MB) IRAM 0/252kB(lfb 252kB) CPU [8%@921,5%@921,off,off] EMC_FREQ 0%@1600 GR3D_FREQ 0%@614 APE 25 PLL@29.5C CPU@31C iwlwifi@32C PMIC@50C GPU@29.5C AO@41C thermal@30.75C POM_5V_IN 1689/1992 POM_5V_GPU 82/111 POM_5V_CPU 164/392
RAM 1346/3964MB (lfb 8x4MB) SWAP 814/6078MB (cached 25MB) IRAM 0/252kB(lfb 252kB) CPU [7%@921,6%@921,off,off] EMC_FREQ 0%@1600 GR3D_FREQ 0%@614 APE 25 PLL@29.5C CPU@31C iwlwifi@32C PMIC@50C GPU@29.5C AO@41C thermal@30.75C POM_5V_IN 1689/1992 POM_5V_GPU 82/111 POM_5V_CPU 164/392
RAM 1342/3964MB (lfb 8x4MB) SWAP 814/6078MB (cached 25MB) IRAM 0/252kB(lfb 252kB) CPU [4%@921,10%@921,off,off] EMC_FREQ 0%@1600 GR3D_FREQ 0%@614 APE 25 PLL@29.5C CPU@31C iwlwifi@32C PMIC@50C GPU@29.5C AO@41C thermal@30.25C POM_5V_IN 1689/1991 POM_5V_GPU 82/110 POM_5V_CPU 164/391
RAM 1344/3964MB (lfb 8x4MB) SWAP 814/6078MB (cached 25MB) IRAM 0/252kB(lfb 252kB) CPU [7%@921,6%@921,off,off] EMC_FREQ 0%@1600 GR3D_FREQ 0%@614 APE 25 PLL@29.5C CPU@31.5C iwlwifi@32C PMIC@50C GPU@30C AO@41C thermal@30.25C POM_5V_IN 1689/1990 POM_5V_GPU 82/110 POM_5V_CPU 123/391
RAM 1344/3964MB (lfb 8x4MB) SWAP 814/6078MB (cached 25MB) IRAM 0/252kB(lfb 252kB) CPU [9%@921,5%@921,off,off] EMC_FREQ 0%@1600 GR3D_FREQ 0%@614 APE 25 PLL@30C CPU@31.5C iwlwifi@32C PMIC@50C GPU@30C AO@40.5C thermal@30.75C POM_5V_IN 1689/1990 POM_5V_GPU 82/110 POM_5V_CPU 164/390
RAM 1346/3964MB (lfb 8x4MB) SWAP 814/6078MB (cached 25MB) IRAM 0/252kB(lfb 252kB) CPU [6%@921,7%@921,off,off] EMC_FREQ 0%@1600 GR3D_FREQ 0%@614 APE 25 PLL@29.5C CPU@31C iwlwifi@32C PMIC@50C GPU@30C AO@40.5C thermal@30.5C POM_5V_IN 1689/1989 POM_5V_GPU 82/110 POM_5V_CPU 164/390
RAM 1348/3964MB (lfb 8x4MB) SWAP 814/6078MB (cached 25MB) IRAM 0/252kB(lfb 252kB) CPU [6%@921,8%@921,off,off] EMC_FREQ 0%@1600 GR3D_FREQ 0%@614 APE 25 PLL@29.5C CPU@31.5C iwlwifi@32C PMIC@50C GPU@29.5C AO@40.5C thermal@30.5C POM_5V_IN 1689/1989 POM_5V_GPU 82/110 POM_5V_CPU 123/389
RAM 1342/3964MB (lfb 8x4MB) SWAP 814/6078MB (cached 25MB) IRAM 0/252kB(lfb 252kB) CPU [8%@921,6%@921,off,off] EMC_FREQ 0%@1600 GR3D_FREQ 0%@614 APE 25 PLL@29.5C CPU@31C iwlwifi@32C PMIC@50C GPU@30C AO@40.5C thermal@30.75C POM_5V_IN 1687/1988 POM_5V_GPU 82/110 POM_5V_CPU 164/389
RAM 1344/3964MB (lfb 8x4MB) SWAP 814/6078MB (cached 25MB) IRAM 0/252kB(lfb 252kB) CPU [5%@921,8%@921,off,off] EMC_FREQ 0%@1600 GR3D_FREQ 0%@614 APE 25 PLL@29.5C CPU@31.5C iwlwifi@32C PMIC@50C GPU@29.5C AO@41C thermal@30.25C POM_5V_IN 1689/1988 POM_5V_GPU 82/110 POM_5V_CPU 164/389
RAM 1346/3964MB (lfb 8x4MB) SWAP 814/6078MB (cached 25MB) IRAM 0/252kB(lfb 252kB) CPU [6%@921,8%@921,off,off] EMC_FREQ 0%@1600 GR3D_FREQ 0%@614 APE 25 PLL@29.5C CPU@31.5C iwlwifi@32C PMIC@50C GPU@29.5C AO@41C thermal@30.5C POM_5V_IN 1689/1987 POM_5V_GPU 82/110 POM_5V_CPU 164/388
RAM 1344/3964MB (lfb 8x4MB) SWAP 814/6078MB (cached 25MB) IRAM 0/252kB(lfb 252kB) CPU [5%@921,9%@921,off,off] EMC_FREQ 0%@1600 GR3D_FREQ 0%@614 APE 25 PLL@29.5C CPU@31.5C iwlwifi@32C PMIC@50C GPU@30C AO@40.5C thermal@30.25C POM_5V_IN 1687/1986 POM_5V_GPU 82/110 POM_5V_CPU 164/388
RAM 1346/3964MB (lfb 8x4MB) SWAP 814/6078MB (cached 25MB) IRAM 0/252kB(lfb 252kB) CPU [5%@921,8%@921,off,off] EMC_FREQ 0%@1600 GR3D_FREQ 0%@614 APE 25 PLL@29.5C CPU@31.5C iwlwifi@32C PMIC@50C GPU@30C AO@41C thermal@30.5C POM_5V_IN 1689/1986 POM_5V_GPU 82/110 POM_5V_CPU 164/387
RAM 1342/3964MB (lfb 8x4MB) SWAP 814/6078MB (cached 25MB) IRAM 0/252kB(lfb 252kB) CPU [7%@921,6%@921,off,off] EMC_FREQ 0%@1600 GR3D_FREQ 0%@614 APE 25 PLL@29.5C CPU@31C iwlwifi@32C PMIC@50C GPU@29.5C AO@41C thermal@30.25C POM_5V_IN 1689/1985 POM_5V_GPU 82/110 POM_5V_CPU 164/387
RAM 1346/3964MB (lfb 8x4MB) SWAP 814/6078MB (cached 25MB) IRAM 0/252kB(lfb 252kB) CPU [5%@921,10%@921,off,off] EMC_FREQ 0%@1600 GR3D_FREQ 0%@614 APE 25 PLL@29.5C CPU@31C iwlwifi@32C PMIC@50C GPU@29.5C AO@41C thermal@30.5C POM_5V_IN 1689/1985 POM_5V_GPU 82/110 POM_5V_CPU 164/386
RAM 1342/3964MB (lfb 8x4MB) SWAP 814/6078MB (cached 25MB) IRAM 0/252kB(lfb 252kB) CPU [6%@921,7%@921,off,off] EMC_FREQ 0%@1600 GR3D_FREQ 0%@614 APE 25 PLL@29.5C CPU@31.5C iwlwifi@32C PMIC@50C GPU@29.5C AO@40.5C thermal@30.5C POM_5V_IN 1813/1984 POM_5V_GPU 82/110 POM_5V_CPU 246/386
RAM 1342/3964MB (lfb 8x4MB) SWAP 814/6078MB (cached 25MB) IRAM 0/252kB(lfb 252kB) CPU [8%@921,5%@921,off,off] EMC_FREQ 0%@1600 GR3D_FREQ 0%@614 APE 25 PLL@29.5C CPU@31.5C iwlwifi@32C PMIC@50C GPU@29.5C AO@41C thermal@30.75C POM_5V_IN 1689/1984 POM_5V_GPU 82/110 POM_5V_CPU 164/386
RAM 1345/3964MB (lfb 8x4MB) SWAP 814/6078MB (cached 25MB) IRAM 0/252kB(lfb 252kB) CPU [6%@921,7%@921,off,off] EMC_FREQ 0%@1600 GR3D_FREQ 0%@614 APE 25 PLL@29.5C CPU@31.5C iwlwifi@32C PMIC@50C GPU@29.5C AO@40.5C thermal@30.25C POM_5V_IN 1689/1983 POM_5V_GPU 82/110 POM_5V_CPU 164/385
RAM 1343/3964MB (lfb 8x4MB) SWAP 814/6078MB (cached 25MB) IRAM 0/252kB(lfb 252kB) CPU [8%@921,6%@921,off,off] EMC_FREQ 0%@1600 GR3D_FREQ 0%@614 APE 25 PLL@29.5C CPU@31C iwlwifi@32C PMIC@50C GPU@29.5C AO@41C thermal@30.5C POM_5V_IN 1689/1983 POM_5V_GPU 82/110 POM_5V_CPU 123/385
RAM 1344/3964MB (lfb 8x4MB) SWAP 814/6078MB (cached 25MB) IRAM 0/252kB(lfb 252kB) CPU [6%@921,8%@921,off,off] EMC_FREQ 0%@1600 GR3D_FREQ 0%@614 APE 25 PLL@29.5C CPU@31.5C iwlwifi@32C PMIC@50C GPU@29.5C AO@41C thermal@30.25C POM_5V_IN 1731/1982 POM_5V_GPU 82/110 POM_5V_CPU 164/384
RAM 1362/3964MB (lfb 8x4MB) SWAP 805/6078MB (cached 35MB) IRAM 0/252kB(lfb 252kB) CPU [9%@921,11%@921,off,off] EMC_FREQ 0%@1600 GR3D_FREQ 0%@614 APE 25 PLL@29.5C CPU@31C iwlwifi@32C PMIC@50C GPU@29.5C AO@41C thermal@30.25C POM_5V_IN 1772/1982 POM_5V_GPU 82/110 POM_5V_CPU 164/384
RAM 1361/3964MB (lfb 8x4MB) SWAP 805/6078MB (cached 35MB) IRAM 0/252kB(lfb 252kB) CPU [5%@921,10%@921,off,off] EMC_FREQ 0%@1600 GR3D_FREQ 0%@614 APE 25 PLL@29.5C CPU@31.5C iwlwifi@32C PMIC@50C GPU@29.5C AO@41C thermal@30.5C POM_5V_IN 1689/1981 POM_5V_GPU 82/110 POM_5V_CPU 164/384
RAM 1360/3964MB (lfb 8x4MB) SWAP 805/6078MB (cached 35MB) IRAM 0/252kB(lfb 252kB) CPU [8%@921,5%@921,off,off] EMC_FREQ 0%@1600 GR3D_FREQ 0%@614 APE 25 PLL@29.5C CPU@31.5C iwlwifi@32C PMIC@50C GPU@29.5C AO@41C thermal@30.5C POM_5V_IN 1689/1981 POM_5V_GPU 82/109 POM_5V_CPU 164/383
RAM 1359/3964MB (lfb 8x4MB) SWAP 805/6078MB (cached 35MB) IRAM 0/252kB(lfb 252kB) CPU [7%@921,7%@921,off,off] EMC_FREQ 0%@1600 GR3D_FREQ 0%@614 APE 25 PLL@29.5C CPU@31.5C iwlwifi@32C PMIC@50C GPU@29.5C AO@41C thermal@30.5C POM_5V_IN 1689/1980 POM_5V_GPU 82/109 POM_5V_CPU 164/383
RAM 1360/3964MB (lfb 8x4MB) SWAP 805/6078MB (cached 35MB) IRAM 0/252kB(lfb 252kB) CPU [7%@921,6%@921,off,off] EMC_FREQ 0%@1600 GR3D_FREQ 0%@614 APE 25 PLL@29.5C CPU@31.5C iwlwifi@32C PMIC@50C GPU@30C AO@40.5C thermal@30.75C POM_5V_IN 1689/1980 POM_5V_GPU 82/109 POM_5V_CPU 164/382
RAM 1358/3964MB (lfb 8x4MB) SWAP 805/6078MB (cached 35MB) IRAM 0/252kB(lfb 252kB) CPU [8%@921,5%@921,off,off] EMC_FREQ 0%@1600 GR3D_FREQ 0%@614 APE 25 PLL@29.5C CPU@31.5C iwlwifi@32C PMIC@50C GPU@29.5C AO@41C thermal@30.5C POM_5V_IN 1689/1979 POM_5V_GPU 82/109 POM_5V_CPU 164/382
RAM 1361/3964MB (lfb 8x4MB) SWAP 805/6078MB (cached 35MB) IRAM 0/252kB(lfb 252kB) CPU [8%@921,5%@921,off,off] EMC_FREQ 0%@1600 GR3D_FREQ 0%@614 APE 25 PLL@29.5C CPU@31.5C iwlwifi@32C PMIC@50C GPU@29.5C AO@41C thermal@30.5C POM_5V_IN 1689/1979 POM_5V_GPU 82/109 POM_5V_CPU 164/382
RAM 1358/3964MB (lfb 8x4MB) SWAP 805/6078MB (cached 35MB) IRAM 0/252kB(lfb 252kB) CPU [5%@921,9%@921,off,off] EMC_FREQ 0%@1600 GR3D_FREQ 0%@614 APE 25 PLL@29.5C CPU@31.5C iwlwifi@32C PMIC@50C GPU@30C AO@40.5C thermal@30.25C POM_5V_IN 1689/1978 POM_5V_GPU 82/109 POM_5V_CPU 164/381
RAM 1360/3964MB (lfb 8x4MB) SWAP 805/6078MB (cached 35MB) IRAM 0/252kB(lfb 252kB) CPU [7%@921,6%@921,off,off] EMC_FREQ 0%@1600 GR3D_FREQ 0%@614 APE 25 PLL@29C CPU@31.5C iwlwifi@32C PMIC@50C GPU@29.5C AO@41C thermal@30.5C POM_5V_IN 1689/1978 POM_5V_GPU 82/109 POM_5V_CPU 123/381
RAM 1361/3964MB (lfb 8x4MB) SWAP 805/6078MB (cached 35MB) IRAM 0/252kB(lfb 252kB) CPU [8%@921,5%@921,off,off] EMC_FREQ 0%@1600 GR3D_FREQ 0%@614 APE 25 PLL@29.5C CPU@31C iwlwifi@32C PMIC@50C GPU@30C AO@40.5C thermal@30.5C POM_5V_IN 1689/1977 POM_5V_GPU 82/109 POM_5V_CPU 164/380
RAM 1360/3964MB (lfb 8x4MB) SWAP 805/6078MB (cached 35MB) IRAM 0/252kB(lfb 252kB) CPU [6%@921,6%@921,off,off] EMC_FREQ 0%@1600 GR3D_FREQ 0%@614 APE 25 PLL@29.5C CPU@31C iwlwifi@32C PMIC@50C GPU@29.5C AO@40.5C thermal@30.5C POM_5V_IN 1689/1977 POM_5V_GPU 82/109 POM_5V_CPU 164/380
RAM 1359/3964MB (lfb 8x4MB) SWAP 805/6078MB (cached 35MB) IRAM 0/252kB(lfb 252kB) CPU [8%@921,6%@921,off,off] EMC_FREQ 0%@1600 GR3D_FREQ 0%@614 APE 25 PLL@29.5C CPU@31.5C iwlwifi@32C PMIC@50C GPU@29.5C AO@40.5C thermal@30.5C POM_5V_IN 1689/1976 POM_5V_GPU 82/109 POM_5V_CPU 164/380
RAM 1362/3964MB (lfb 8x4MB) SWAP 805/6078MB (cached 35MB) IRAM 0/252kB(lfb 252kB) CPU [6%@921,7%@921,off,off] EMC_FREQ 0%@1600 GR3D_FREQ 0%@614 APE 25 PLL@29C CPU@31C iwlwifi@32C PMIC@50C GPU@29.5C AO@41C thermal@30.25C POM_5V_IN 1772/1976 POM_5V_GPU 82/109 POM_5V_CPU 164/379
RAM 1359/3964MB (lfb 8x4MB) SWAP 805/6078MB (cached 35MB) IRAM 0/252kB(lfb 252kB) CPU [6%@921,8%@921,off,off] EMC_FREQ 0%@1600 GR3D_FREQ 0%@614 APE 25 PLL@29.5C CPU@31C iwlwifi@32C PMIC@50C GPU@29.5C AO@40.5C thermal@30.75C POM_5V_IN 1689/1975 POM_5V_GPU 82/109 POM_5V_CPU 164/379
RAM 1360/3964MB (lfb 8x4MB) SWAP 805/6078MB (cached 35MB) IRAM 0/252kB(lfb 252kB) CPU [5%@921,8%@921,off,off] EMC_FREQ 0%@1600 GR3D_FREQ 0%@614 APE 25 PLL@29.5C CPU@31.5C iwlwifi@32C PMIC@50C GPU@29.5C AO@41C thermal@30.25C POM_5V_IN 1689/1975 POM_5V_GPU 82/109 POM_5V_CPU 164/378
RAM 1361/3964MB (lfb 8x4MB) SWAP 805/6078MB (cached 35MB) IRAM 0/252kB(lfb 252kB) CPU [9%@921,5%@921,off,off] EMC_FREQ 0%@1600 GR3D_FREQ 0%@614 APE 25 PLL@29.5C CPU@31.5C iwlwifi@32C PMIC@50C GPU@30C AO@41C thermal@30.5C POM_5V_IN 1689/1974 POM_5V_GPU 82/109 POM_5V_CPU 164/378
RAM 1363/3964MB (lfb 8x4MB) SWAP 805/6078MB (cached 35MB) IRAM 0/252kB(lfb 252kB) CPU [16%@921,13%@921,off,off] EMC_FREQ 0%@1600 GR3D_FREQ 0%@614 APE 25 PLL@29.5C CPU@31.5C iwlwifi@32C PMIC@50C GPU@29.5C AO@41C thermal@30.5C POM_5V_IN 1689/1974 POM_5V_GPU 82/109 POM_5V_CPU 164/378
RAM 1361/3964MB (lfb 8x4MB) SWAP 805/6078MB (cached 35MB) IRAM 0/252kB(lfb 252kB) CPU [4%@921,9%@921,off,off] EMC_FREQ 0%@1600 GR3D_FREQ 0%@614 APE 25 PLL@29.5C CPU@31.5C iwlwifi@32C PMIC@50C GPU@29.5C AO@41C thermal@30.5C POM_5V_IN 1689/1973 POM_5V_GPU 82/109 POM_5V_CPU 164/377
RAM 1363/3964MB (lfb 8x4MB) SWAP 805/6078MB (cached 35MB) IRAM 0/252kB(lfb 252kB) CPU [5%@921,9%@921,off,off] EMC_FREQ 0%@1600 GR3D_FREQ 0%@614 APE 25 PLL@29.5C CPU@31.5C iwlwifi@32C PMIC@50C GPU@30C AO@41C thermal@30.75C POM_5V_IN 1689/1973 POM_5V_GPU 82/109 POM_5V_CPU 164/377
RAM 1361/3964MB (lfb 8x4MB) SWAP 805/6078MB (cached 35MB) IRAM 0/252kB(lfb 252kB) CPU [7%@921,6%@921,off,off] EMC_FREQ 0%@1600 GR3D_FREQ 0%@614 APE 25 PLL@29.5C CPU@32C iwlwifi@32C PMIC@50C GPU@29.5C AO@41C thermal@30.5C POM_5V_IN 1689/1972 POM_5V_GPU 82/109 POM_5V_CPU 164/376
RAM 1363/3964MB (lfb 8x4MB) SWAP 805/6078MB (cached 35MB) IRAM 0/252kB(lfb 252kB) CPU [6%@921,8%@921,off,off] EMC_FREQ 0%@1600 GR3D_FREQ 0%@614 APE 25 PLL@29.5C CPU@31.5C iwlwifi@32C PMIC@50C GPU@29.5C AO@41C thermal@30.25C POM_5V_IN 1689/1972 POM_5V_GPU 82/109 POM_5V_CPU 164/376
RAM 1363/3964MB (lfb 8x4MB) SWAP 805/6078MB (cached 35MB) IRAM 0/252kB(lfb 252kB) CPU [7%@921,7%@921,off,off] EMC_FREQ 0%@1600 GR3D_FREQ 0%@614 APE 25 PLL@29.5C CPU@31.5C iwlwifi@32C PMIC@50C GPU@29.5C AO@41C thermal@30.5C POM_5V_IN 1689/1971 POM_5V_GPU 82/109 POM_5V_CPU 164/376
RAM 1361/3964MB (lfb 8x4MB) SWAP 805/6078MB (cached 35MB) IRAM 0/252kB(lfb 252kB) CPU [6%@921,8%@921,off,off] EMC_FREQ 0%@1600 GR3D_FREQ 0%@614 APE 25 PLL@29.5C CPU@31.5C iwlwifi@32C PMIC@50C GPU@29.5C AO@41C thermal@30.5C POM_5V_IN 1689/1971 POM_5V_GPU 82/108 POM_5V_CPU 123/375
RAM 1361/3964MB (lfb 8x4MB) SWAP 805/6078MB (cached 35MB) IRAM 0/252kB(lfb 252kB) CPU [7%@921,7%@921,off,off] EMC_FREQ 0%@1600 GR3D_FREQ 0%@614 APE 25 PLL@29.5C CPU@32C iwlwifi@32C PMIC@50C GPU@29.5C AO@41C thermal@30.5C POM_5V_IN 1689/1970 POM_5V_GPU 82/108 POM_5V_CPU 164/375
RAM 1359/3964MB (lfb 8x4MB) SWAP 805/6078MB (cached 35MB) IRAM 0/252kB(lfb 252kB) CPU [6%@921,8%@921,off,off] EMC_FREQ 0%@1600 GR3D_FREQ 0%@614 APE 25 PLL@29.5C CPU@31.5C iwlwifi@32C PMIC@50C GPU@29.5C AO@41C thermal@30.25C POM_5V_IN 1731/1970 POM_5V_GPU 82/108 POM_5V_CPU 164/375
RAM 1363/3964MB (lfb 8x4MB) SWAP 805/6078MB (cached 35MB) IRAM 0/252kB(lfb 252kB) CPU [9%@921,4%@921,off,off] EMC_FREQ 0%@1600 GR3D_FREQ 0%@614 APE 25 PLL@29.5C CPU@31.5C iwlwifi@32C PMIC@50C GPU@30C AO@41C thermal@30.75C POM_5V_IN 1689/1969 POM_5V_GPU 82/108 POM_5V_CPU 164/374
RAM 1361/3964MB (lfb 8x4MB) SWAP 805/6078MB (cached 35MB) IRAM 0/252kB(lfb 252kB) CPU [4%@921,9%@921,off,off] EMC_FREQ 0%@1600 GR3D_FREQ 0%@614 APE 25 PLL@29.5C CPU@31.5C iwlwifi@32C PMIC@50C GPU@30C AO@41C thermal@30.5C POM_5V_IN 1731/1969 POM_5V_GPU 82/108 POM_5V_CPU 164/374
RAM 1363/3964MB (lfb 8x4MB) SWAP 805/6078MB (cached 35MB) IRAM 0/252kB(lfb 252kB) CPU [7%@921,6%@921,off,off] EMC_FREQ 0%@1600 GR3D_FREQ 0%@614 APE 25 PLL@29.5C CPU@31.5C iwlwifi@32C PMIC@50C GPU@30C AO@41C thermal@30.75C POM_5V_IN 1689/1968 POM_5V_GPU 82/108 POM_5V_CPU 123/373
RAM 1359/3964MB (lfb 8x4MB) SWAP 803/6078MB (cached 34MB) IRAM 0/252kB(lfb 252kB) CPU [6%@921,8%@921,off,off] EMC_FREQ 0%@1600 GR3D_FREQ 0%@614 APE 25 PLL@29.5C CPU@31.5C iwlwifi@32C PMIC@50C GPU@30C AO@41C thermal@31C POM_5V_IN 1689/1968 POM_5V_GPU 82/108 POM_5V_CPU 123/373
RAM 1363/3964MB (lfb 8x4MB) SWAP 803/6078MB (cached 34MB) IRAM 0/252kB(lfb 252kB) CPU [4%@921,9%@921,off,off] EMC_FREQ 0%@1600 GR3D_FREQ 0%@614 APE 25 PLL@29.5C CPU@31.5C iwlwifi@32C PMIC@50C GPU@29.5C AO@40.5C thermal@30.75C POM_5V_IN 1689/1967 POM_5V_GPU 82/108 POM_5V_CPU 123/372
RAM 1361/3964MB (lfb 8x4MB) SWAP 803/6078MB (cached 34MB) IRAM 0/252kB(lfb 252kB) CPU [8%@921,6%@921,off,off] EMC_FREQ 0%@1600 GR3D_FREQ 0%@614 APE 25 PLL@29.5C CPU@31.5C iwlwifi@32C PMIC@50C GPU@30C AO@41C thermal@30.75C POM_5V_IN 1689/1967 POM_5V_GPU 82/108 POM_5V_CPU 164/372
RAM 1362/3964MB (lfb 8x4MB) SWAP 803/6078MB (cached 34MB) IRAM 0/252kB(lfb 252kB) CPU [5%@921,7%@921,off,off] EMC_FREQ 0%@1600 GR3D_FREQ 0%@614 APE 25 PLL@29.5C CPU@31.5C iwlwifi@32C PMIC@50C GPU@30C AO@41C thermal@30.75C POM_5V_IN 1689/1966 POM_5V_GPU 82/108 POM_5V_CPU 164/372
RAM 1363/3964MB (lfb 8x4MB) SWAP 803/6078MB (cached 34MB) IRAM 0/252kB(lfb 252kB) CPU [5%@921,9%@921,off,off] EMC_FREQ 0%@1600 GR3D_FREQ 0%@614 APE 25 PLL@29.5C CPU@31.5C iwlwifi@32C PMIC@50C GPU@30C AO@41C thermal@30.75C POM_5V_IN 1689/1966 POM_5V_GPU 82/108 POM_5V_CPU 164/371
RAM 1361/3964MB (lfb 8x4MB) SWAP 803/6078MB (cached 34MB) IRAM 0/252kB(lfb 252kB) CPU [7%@921,5%@921,off,off] EMC_FREQ 0%@1600 GR3D_FREQ 0%@614 APE 25 PLL@29C CPU@31.5C iwlwifi@32C PMIC@50C GPU@30C AO@41C thermal@31C POM_5V_IN 1689/1965 POM_5V_GPU 82/108 POM_5V_CPU 164/371
RAM 1361/3964MB (lfb 8x4MB) SWAP 803/6078MB (cached 34MB) IRAM 0/252kB(lfb 252kB) CPU [5%@921,8%@921,off,off] EMC_FREQ 0%@1600 GR3D_FREQ 0%@614 APE 25 PLL@30C CPU@31.5C iwlwifi@32C PMIC@50C GPU@30C AO@41C thermal@30.75C POM_5V_IN 1689/1965 POM_5V_GPU 82/108 POM_5V_CPU 164/371
RAM 1361/3964MB (lfb 8x4MB) SWAP 803/6078MB (cached 34MB) IRAM 0/252kB(lfb 252kB) CPU [9%@921,5%@921,off,off] EMC_FREQ 0%@1600 GR3D_FREQ 0%@614 APE 25 PLL@30C CPU@31.5C iwlwifi@32C PMIC@50C GPU@30C AO@41C thermal@30.75C POM_5V_IN 1689/1964 POM_5V_GPU 82/108 POM_5V_CPU 164/370
RAM 1359/3964MB (lfb 8x4MB) SWAP 803/6078MB (cached 34MB) IRAM 0/252kB(lfb 252kB) CPU [9%@921,4%@921,off,off] EMC_FREQ 0%@1600 GR3D_FREQ 0%@614 APE 25 PLL@29.5C CPU@31.5C iwlwifi@32C PMIC@50C GPU@30C AO@40.5C thermal@31C POM_5V_IN 1731/1964 POM_5V_GPU 82/108 POM_5V_CPU 164/370
RAM 1363/3964MB (lfb 8x4MB) SWAP 803/6078MB (cached 34MB) IRAM 0/252kB(lfb 252kB) CPU [4%@921,9%@921,off,off] EMC_FREQ 0%@1600 GR3D_FREQ 0%@614 APE 25 PLL@29.5C CPU@31.5C iwlwifi@34C PMIC@50C GPU@29.5C AO@41C thermal@30.75C POM_5V_IN 1689/1963 POM_5V_GPU 82/108 POM_5V_CPU 164/370
RAM 1361/3964MB (lfb 8x4MB) SWAP 803/6078MB (cached 34MB) IRAM 0/252kB(lfb 252kB) CPU [5%@921,8%@921,off,off] EMC_FREQ 0%@1600 GR3D_FREQ 0%@614 APE 25 PLL@29.5C CPU@31.5C iwlwifi@32C PMIC@50C GPU@30C AO@40.5C thermal@30.75C POM_5V_IN 1689/1963 POM_5V_GPU 82/108 POM_5V_CPU 164/369
RAM 1361/3964MB (lfb 8x4MB) SWAP 803/6078MB (cached 34MB) IRAM 0/252kB(lfb 252kB) CPU [6%@921,8%@921,off,off] EMC_FREQ 0%@1600 GR3D_FREQ 0%@614 APE 25 PLL@30C CPU@31.5C iwlwifi@32C PMIC@50C GPU@30C AO@40.5C thermal@30.75C POM_5V_IN 1813/1963 POM_5V_GPU 82/108 POM_5V_CPU 164/369
RAM 1362/3964MB (lfb 8x4MB) SWAP 803/6078MB (cached 34MB) IRAM 0/252kB(lfb 252kB) CPU [5%@921,9%@921,off,off] EMC_FREQ 0%@1600 GR3D_FREQ 0%@614 APE 25 PLL@30C CPU@31.5C iwlwifi@32C PMIC@50C GPU@30C AO@41C thermal@30.75C POM_5V_IN 1689/1962 POM_5V_GPU 82/108 POM_5V_CPU 164/368
RAM 1361/3964MB (lfb 8x4MB) SWAP 803/6078MB (cached 34MB) IRAM 0/252kB(lfb 252kB) CPU [6%@921,7%@921,off,off] EMC_FREQ 0%@1600 GR3D_FREQ 0%@614 APE 25 PLL@29.5C CPU@31.5C iwlwifi@32C PMIC@50C GPU@30C AO@41C thermal@30.75C POM_5V_IN 1689/1962 POM_5V_GPU 82/108 POM_5V_CPU 164/368
RAM 1360/3964MB (lfb 8x4MB) SWAP 803/6078MB (cached 34MB) IRAM 0/252kB(lfb 252kB) CPU [6%@921,8%@921,off,off] EMC_FREQ 0%@1600 GR3D_FREQ 0%@614 APE 25 PLL@29.5C CPU@31.5C iwlwifi@32C PMIC@50C GPU@30C AO@41C thermal@31C POM_5V_IN 1689/1961 POM_5V_GPU 82/108 POM_5V_CPU 164/368
RAM 1359/3964MB (lfb 8x4MB) SWAP 803/6078MB (cached 34MB) IRAM 0/252kB(lfb 252kB) CPU [6%@921,7%@921,off,off] EMC_FREQ 0%@1600 GR3D_FREQ 0%@614 APE 25 PLL@30C CPU@31.5C iwlwifi@32C PMIC@50C GPU@30C AO@41C thermal@30.75C POM_5V_IN 1689/1961 POM_5V_GPU 82/107 POM_5V_CPU 164/367
RAM 1363/3964MB (lfb 8x4MB) SWAP 803/6078MB (cached 34MB) IRAM 0/252kB(lfb 252kB) CPU [7%@921,7%@921,off,off] EMC_FREQ 0%@1600 GR3D_FREQ 0%@614 APE 25 PLL@30C CPU@31.5C iwlwifi@32C PMIC@50C GPU@30C AO@41C thermal@30.75C POM_5V_IN 1689/1960 POM_5V_GPU 82/107 POM_5V_CPU 164/367
RAM 1361/3964MB (lfb 8x4MB) SWAP 803/6078MB (cached 34MB) IRAM 0/252kB(lfb 252kB) CPU [7%@921,7%@921,off,off] EMC_FREQ 0%@1600 GR3D_FREQ 0%@614 APE 25 PLL@30C CPU@31.5C iwlwifi@32C PMIC@50C GPU@30C AO@41C thermal@30.75C POM_5V_IN 1687/1960 POM_5V_GPU 82/107 POM_5V_CPU 164/367
RAM 1359/3964MB (lfb 8x4MB) SWAP 803/6078MB (cached 34MB) IRAM 0/252kB(lfb 252kB) CPU [8%@921,5%@921,off,off] EMC_FREQ 0%@1600 GR3D_FREQ 0%@614 APE 25 PLL@29.5C CPU@31.5C iwlwifi@32C PMIC@50C GPU@30C AO@41C thermal@30.75C POM_5V_IN 1689/1959 POM_5V_GPU 82/107 POM_5V_CPU 164/366
RAM 1360/3964MB (lfb 8x4MB) SWAP 803/6078MB (cached 34MB) IRAM 0/252kB(lfb 252kB) CPU [7%@921,6%@921,off,off] EMC_FREQ 0%@1600 GR3D_FREQ 0%@614 APE 25 PLL@29.5C CPU@31.5C iwlwifi@32C PMIC@50C GPU@30C AO@41C thermal@31C POM_5V_IN 1689/1959 POM_5V_GPU 82/107 POM_5V_CPU 164/366
RAM 1361/3964MB (lfb 8x4MB) SWAP 803/6078MB (cached 34MB) IRAM 0/252kB(lfb 252kB) CPU [5%@921,8%@921,off,off] EMC_FREQ 0%@1600 GR3D_FREQ 0%@614 APE 25 PLL@30C CPU@31.5C iwlwifi@32C PMIC@50C GPU@29.5C AO@41C thermal@30.5C POM_5V_IN 1689/1958 POM_5V_GPU 82/107 POM_5V_CPU 164/366
RAM 1363/3964MB (lfb 8x4MB) SWAP 803/6078MB (cached 34MB) IRAM 0/252kB(lfb 252kB) CPU [5%@921,8%@921,off,off] EMC_FREQ 0%@1600 GR3D_FREQ 0%@614 APE 25 PLL@29.5C CPU@31.5C iwlwifi@32C PMIC@50C GPU@29.5C AO@41C thermal@30.75C POM_5V_IN 1689/1958 POM_5V_GPU 82/107 POM_5V_CPU 164/365
RAM 1359/3964MB (lfb 8x4MB) SWAP 803/6078MB (cached 34MB) IRAM 0/252kB(lfb 252kB) CPU [8%@921,5%@921,off,off] EMC_FREQ 0%@1600 GR3D_FREQ 0%@614 APE 25 PLL@29.5C CPU@31.5C iwlwifi@32C PMIC@50C GPU@30C AO@41C thermal@30.75C POM_5V_IN 1689/1958 POM_5V_GPU 82/107 POM_5V_CPU 164/365
RAM 1363/3964MB (lfb 8x4MB) SWAP 803/6078MB (cached 34MB) IRAM 0/252kB(lfb 252kB) CPU [7%@921,6%@921,off,off] EMC_FREQ 0%@1600 GR3D_FREQ 0%@614 APE 25 PLL@29.5C CPU@32C iwlwifi@32C PMIC@50C GPU@29.5C AO@41C thermal@30.75C POM_5V_IN 1731/1957 POM_5V_GPU 82/107 POM_5V_CPU 164/365
RAM 1361/3964MB (lfb 8x4MB) SWAP 803/6078MB (cached 34MB) IRAM 0/252kB(lfb 252kB) CPU [5%@921,8%@921,off,off] EMC_FREQ 0%@1600 GR3D_FREQ 0%@614 APE 25 PLL@30C CPU@31.5C iwlwifi@32C PMIC@50C GPU@29.5C AO@41C thermal@30.5C POM_5V_IN 1689/1957 POM_5V_GPU 82/107 POM_5V_CPU 164/364
RAM 1361/3964MB (lfb 8x4MB) SWAP 803/6078MB (cached 34MB) IRAM 0/252kB(lfb 252kB) CPU [6%@921,6%@921,off,off] EMC_FREQ 0%@1600 GR3D_FREQ 0%@614 APE 25 PLL@29.5C CPU@31.5C iwlwifi@32C PMIC@50C GPU@29.5C AO@41C thermal@30.5C POM_5V_IN 1689/1956 POM_5V_GPU 82/107 POM_5V_CPU 164/364
RAM 1363/3964MB (lfb 8x4MB) SWAP 803/6078MB (cached 34MB) IRAM 0/252kB(lfb 252kB) CPU [7%@921,7%@921,off,off] EMC_FREQ 0%@1600 GR3D_FREQ 0%@614 APE 25 PLL@29.5C CPU@31.5C iwlwifi@32C PMIC@50C GPU@30C AO@41C thermal@30.75C POM_5V_IN 1689/1956 POM_5V_GPU 82/107 POM_5V_CPU 164/364
RAM 1368/3964MB (lfb 8x4MB) SWAP 803/6078MB (cached 34MB) IRAM 0/252kB(lfb 252kB) CPU [27%@921,28%@921,off,off] EMC_FREQ 0%@1600 GR3D_FREQ 0%@614 APE 25 PLL@30C CPU@31.5C iwlwifi@32C PMIC@50C GPU@30C AO@41.5C thermal@30.75C POM_5V_IN 1689/1955 POM_5V_GPU 82/107 POM_5V_CPU 164/363
RAM 1377/3964MB (lfb 8x4MB) SWAP 803/6078MB (cached 34MB) IRAM 0/252kB(lfb 252kB) CPU [66%@921,65%@921,off,off] EMC_FREQ 0%@1600 GR3D_FREQ 0%@614 APE 25 PLL@30C CPU@32C iwlwifi@32C PMIC@50C GPU@30C AO@42C thermal@31.25C POM_5V_IN 2371/1956 POM_5V_GPU 81/107 POM_5V_CPU 613/364
RAM 1373/3964MB (lfb 8x4MB) SWAP 802/6078MB (cached 34MB) IRAM 0/252kB(lfb 252kB) CPU [51%@921,55%@921,off,off] EMC_FREQ 0%@1600 GR3D_FREQ 0%@614 APE 25 PLL@30.5C CPU@32.5C iwlwifi@33C PMIC@50C GPU@30.5C AO@41.5C thermal@31.25C POM_5V_IN 2494/1957 POM_5V_GPU 81/107 POM_5V_CPU 817/364
RAM 1374/3964MB (lfb 8x4MB) SWAP 802/6078MB (cached 34MB) IRAM 0/252kB(lfb 252kB) CPU [7%@921,6%@921,off,off] EMC_FREQ 0%@1600 GR3D_FREQ 0%@614 APE 25 PLL@30C CPU@31.5C iwlwifi@32C PMIC@50C GPU@30.5C AO@41.5C thermal@30.75C POM_5V_IN 1728/1957 POM_5V_GPU 82/107 POM_5V_CPU 164/364
RAM 1376/3964MB (lfb 8x4MB) SWAP 802/6078MB (cached 34MB) IRAM 0/252kB(lfb 252kB) CPU [4%@921,9%@921,off,off] EMC_FREQ 0%@1600 GR3D_FREQ 0%@614 APE 25 PLL@30C CPU@31.5C iwlwifi@33C PMIC@50C GPU@30C AO@41C thermal@31C POM_5V_IN 1689/1956 POM_5V_GPU 82/107 POM_5V_CPU 164/364
RAM 1376/3964MB (lfb 8x4MB) SWAP 802/6078MB (cached 34MB) IRAM 0/252kB(lfb 252kB) CPU [8%@921,5%@921,off,off] EMC_FREQ 0%@1600 GR3D_FREQ 0%@614 APE 25 PLL@30C CPU@32C iwlwifi@32C PMIC@50C GPU@30C AO@41.5C thermal@30.75C POM_5V_IN 1689/1956 POM_5V_GPU 82/107 POM_5V_CPU 164/363
RAM 1372/3964MB (lfb 8x4MB) SWAP 802/6078MB (cached 34MB) IRAM 0/252kB(lfb 252kB) CPU [7%@921,6%@921,off,off] EMC_FREQ 0%@1600 GR3D_FREQ 0%@614 APE 25 PLL@30C CPU@31.5C iwlwifi@32C PMIC@50C GPU@30C AO@41.5C thermal@31C POM_5V_IN 1689/1955 POM_5V_GPU 82/107 POM_5V_CPU 123/363
RAM 1374/3964MB (lfb 8x4MB) SWAP 802/6078MB (cached 34MB) IRAM 0/252kB(lfb 252kB) CPU [4%@921,9%@921,off,off] EMC_FREQ 0%@1600 GR3D_FREQ 0%@614 APE 25 PLL@30.5C CPU@31.5C iwlwifi@32C PMIC@50C GPU@30C AO@41.5C thermal@31C POM_5V_IN 1772/1955 POM_5V_GPU 82/107 POM_5V_CPU 206/363
RAM 1373/3964MB (lfb 8x4MB) SWAP 802/6078MB (cached 34MB) IRAM 0/252kB(lfb 252kB) CPU [6%@921,7%@921,off,off] EMC_FREQ 0%@1600 GR3D_FREQ 0%@614 APE 25 PLL@30C CPU@32C iwlwifi@32C PMIC@50C GPU@30C AO@41C thermal@30.75C POM_5V_IN 1689/1954 POM_5V_GPU 82/107 POM_5V_CPU 164/362
RAM 1375/3964MB (lfb 8x4MB) SWAP 802/6078MB (cached 34MB) IRAM 0/252kB(lfb 252kB) CPU [6%@921,9%@921,off,off] EMC_FREQ 0%@1600 GR3D_FREQ 0%@614 APE 25 PLL@30.5C CPU@31.5C iwlwifi@32C PMIC@50C GPU@30C AO@41C thermal@31C POM_5V_IN 1689/1954 POM_5V_GPU 82/107 POM_5V_CPU 164/362
RAM 1374/3964MB (lfb 8x4MB) SWAP 802/6078MB (cached 34MB) IRAM 0/252kB(lfb 252kB) CPU [6%@921,7%@921,off,off] EMC_FREQ 0%@1600 GR3D_FREQ 0%@614 APE 25 PLL@30C CPU@31.5C iwlwifi@32C PMIC@50C GPU@30C AO@41C thermal@31C POM_5V_IN 1689/1954 POM_5V_GPU 82/107 POM_5V_CPU 164/362
RAM 1373/3964MB (lfb 8x4MB) SWAP 802/6078MB (cached 34MB) IRAM 0/252kB(lfb 252kB) CPU [6%@921,7%@921,off,off] EMC_FREQ 0%@1600 GR3D_FREQ 0%@614 APE 25 PLL@30C CPU@32C iwlwifi@32C PMIC@50C GPU@30C AO@41.5C thermal@30.75C POM_5V_IN 1731/1953 POM_5V_GPU 82/107 POM_5V_CPU 164/361
RAM 1376/3964MB (lfb 8x4MB) SWAP 802/6078MB (cached 34MB) IRAM 0/252kB(lfb 252kB) CPU [6%@921,8%@921,off,off] EMC_FREQ 0%@1600 GR3D_FREQ 0%@614 APE 25 PLL@30C CPU@31.5C iwlwifi@32C PMIC@50C GPU@30C AO@41C thermal@31C POM_5V_IN 1689/1953 POM_5V_GPU 82/106 POM_5V_CPU 164/361
RAM 1373/3964MB (lfb 8x4MB) SWAP 802/6078MB (cached 34MB) IRAM 0/252kB(lfb 252kB) CPU [6%@921,6%@921,off,off] EMC_FREQ 0%@1600 GR3D_FREQ 0%@614 APE 25 PLL@29.5C CPU@31.5C iwlwifi@32C PMIC@50C GPU@30C AO@41C thermal@30.75C POM_5V_IN 1689/1952 POM_5V_GPU 82/106 POM_5V_CPU 164/361
RAM 1376/3964MB (lfb 8x4MB) SWAP 802/6078MB (cached 34MB) IRAM 0/252kB(lfb 252kB) CPU [9%@921,6%@921,off,off] EMC_FREQ 0%@1600 GR3D_FREQ 0%@614 APE 25 PLL@30C CPU@31.5C iwlwifi@32C PMIC@50C GPU@30C AO@41C thermal@30.75C POM_5V_IN 1731/1952 POM_5V_GPU 82/106 POM_5V_CPU 164/360
RAM 1370/3964MB (lfb 8x4MB) SWAP 802/6078MB (cached 34MB) IRAM 0/252kB(lfb 252kB) CPU [9%@921,5%@921,off,off] EMC_FREQ 0%@1600 GR3D_FREQ 0%@614 APE 25 PLL@30C CPU@31.5C iwlwifi@32C PMIC@50C GPU@30.5C AO@41.5C thermal@31C POM_5V_IN 1689/1952 POM_5V_GPU 82/106 POM_5V_CPU 164/360
RAM 1372/3964MB (lfb 8x4MB) SWAP 802/6078MB (cached 34MB) IRAM 0/252kB(lfb 252kB) CPU [10%@921,4%@921,off,off] EMC_FREQ 0%@1600 GR3D_FREQ 0%@614 APE 25 PLL@30C CPU@31.5C iwlwifi@32C PMIC@50C GPU@30C AO@41C thermal@31C POM_5V_IN 1689/1951 POM_5V_GPU 82/106 POM_5V_CPU 164/360
RAM 1370/3964MB (lfb 8x4MB) SWAP 802/6078MB (cached 34MB) IRAM 0/252kB(lfb 252kB) CPU [6%@921,7%@921,off,off] EMC_FREQ 0%@1600 GR3D_FREQ 0%@614 APE 25 PLL@29.5C CPU@32C iwlwifi@32C PMIC@50C GPU@30C AO@41C thermal@31C POM_5V_IN 1689/1951 POM_5V_GPU 82/106 POM_5V_CPU 123/359
RAM 1374/3964MB (lfb 8x4MB) SWAP 802/6078MB (cached 34MB) IRAM 0/252kB(lfb 252kB) CPU [10%@921,5%@921,off,off] EMC_FREQ 0%@1600 GR3D_FREQ 0%@614 APE 25 PLL@30C CPU@32.5C iwlwifi@32C PMIC@50C GPU@30C AO@41C thermal@31C POM_5V_IN 1731/1950 POM_5V_GPU 82/106 POM_5V_CPU 164/359
RAM 1370/3964MB (lfb 8x4MB) SWAP 802/6078MB (cached 34MB) IRAM 0/252kB(lfb 252kB) CPU [4%@921,9%@921,off,off] EMC_FREQ 0%@1600 GR3D_FREQ 0%@614 APE 25 PLL@30C CPU@31.5C iwlwifi@32C PMIC@50C GPU@30C AO@41C thermal@30.75C POM_5V_IN 1689/1950 POM_5V_GPU 82/106 POM_5V_CPU 164/359
RAM 1373/3964MB (lfb 8x4MB) SWAP 802/6078MB (cached 34MB) IRAM 0/252kB(lfb 252kB) CPU [7%@921,7%@921,off,off] EMC_FREQ 0%@1600 GR3D_FREQ 0%@614 APE 25 PLL@30.5C CPU@31.5C iwlwifi@32C PMIC@50C GPU@30C AO@41.5C thermal@30.75C POM_5V_IN 1687/1949 POM_5V_GPU 82/106 POM_5V_CPU 164/358
RAM 1373/3964MB (lfb 8x4MB) SWAP 802/6078MB (cached 34MB) IRAM 0/252kB(lfb 252kB) CPU [8%@921,5%@921,off,off] EMC_FREQ 0%@1600 GR3D_FREQ 0%@614 APE 25 PLL@30C CPU@32C iwlwifi@32C PMIC@50C GPU@30C AO@41.5C thermal@31C POM_5V_IN 1689/1949 POM_5V_GPU 82/106 POM_5V_CPU 164/358
RAM 1371/3964MB (lfb 8x4MB) SWAP 802/6078MB (cached 34MB) IRAM 0/252kB(lfb 252kB) CPU [5%@921,8%@921,off,off] EMC_FREQ 0%@1600 GR3D_FREQ 0%@614 APE 25 PLL@30C CPU@31.5C iwlwifi@32C PMIC@50C GPU@30C AO@41.5C thermal@30.75C POM_5V_IN 1689/1949 POM_5V_GPU 82/106 POM_5V_CPU 164/358
RAM 1372/3964MB (lfb 8x4MB) SWAP 802/6078MB (cached 34MB) IRAM 0/252kB(lfb 252kB) CPU [8%@921,5%@921,off,off] EMC_FREQ 0%@1600 GR3D_FREQ 0%@614 APE 25 PLL@30C CPU@31.5C iwlwifi@32C PMIC@50C GPU@30C AO@41.5C thermal@30.75C POM_5V_IN 1689/1948 POM_5V_GPU 82/106 POM_5V_CPU 164/358
RAM 1369/3964MB (lfb 8x4MB) SWAP 802/6078MB (cached 34MB) IRAM 0/252kB(lfb 252kB) CPU [7%@921,7%@921,off,off] EMC_FREQ 0%@1600 GR3D_FREQ 0%@614 APE 25 PLL@30C CPU@31.5C iwlwifi@32C PMIC@50C GPU@30C AO@41C thermal@30.75C POM_5V_IN 1689/1948 POM_5V_GPU 82/106 POM_5V_CPU 164/357
RAM 1369/3964MB (lfb 8x4MB) SWAP 802/6078MB (cached 34MB) IRAM 0/252kB(lfb 252kB) CPU [10%@921,5%@921,off,off] EMC_FREQ 0%@1600 GR3D_FREQ 0%@614 APE 25 PLL@30C CPU@31.5C iwlwifi@32C PMIC@50C GPU@30C AO@41C thermal@30.75C POM_5V_IN 1689/1947 POM_5V_GPU 82/106 POM_5V_CPU 164/357
RAM 1371/3964MB (lfb 8x4MB) SWAP 802/6078MB (cached 34MB) IRAM 0/252kB(lfb 252kB) CPU [7%@921,6%@921,off,off] EMC_FREQ 0%@1600 GR3D_FREQ 0%@614 APE 25 PLL@29.5C CPU@31.5C iwlwifi@32C PMIC@50C GPU@30C AO@41C thermal@30.5C POM_5V_IN 1689/1947 POM_5V_GPU 82/106 POM_5V_CPU 164/357
RAM 1367/3964MB (lfb 8x4MB) SWAP 802/6078MB (cached 34MB) IRAM 0/252kB(lfb 252kB) CPU [7%@921,7%@921,off,off] EMC_FREQ 0%@1600 GR3D_FREQ 0%@614 APE 25 PLL@30C CPU@31.5C iwlwifi@32C PMIC@50C GPU@30C AO@41C thermal@30.75C POM_5V_IN 1689/1946 POM_5V_GPU 82/106 POM_5V_CPU 164/356
RAM 1367/3964MB (lfb 8x4MB) SWAP 802/6078MB (cached 34MB) IRAM 0/252kB(lfb 252kB) CPU [6%@921,7%@921,off,off] EMC_FREQ 0%@1600 GR3D_FREQ 0%@614 APE 25 PLL@30C CPU@32C iwlwifi@32C PMIC@50C GPU@30C AO@41C thermal@30.75C POM_5V_IN 1689/1946 POM_5V_GPU 82/106 POM_5V_CPU 164/356
RAM 1371/3964MB (lfb 8x4MB) SWAP 802/6078MB (cached 34MB) IRAM 0/252kB(lfb 252kB) CPU [8%@921,6%@921,off,off] EMC_FREQ 0%@1600 GR3D_FREQ 0%@614 APE 25 PLL@30C CPU@31.5C iwlwifi@32C PMIC@50C GPU@30C AO@41C thermal@30.75C POM_5V_IN 1689/1946 POM_5V_GPU 82/106 POM_5V_CPU 164/356
RAM 1369/3964MB (lfb 8x4MB) SWAP 802/6078MB (cached 34MB) IRAM 0/252kB(lfb 252kB) CPU [7%@921,6%@921,off,off] EMC_FREQ 0%@1600 GR3D_FREQ 0%@614 APE 25 PLL@30C CPU@31.5C iwlwifi@32C PMIC@50C GPU@30C AO@41C thermal@31C POM_5V_IN 1689/1945 POM_5V_GPU 82/106 POM_5V_CPU 164/355
RAM 1371/3964MB (lfb 8x4MB) SWAP 802/6078MB (cached 34MB) IRAM 0/252kB(lfb 252kB) CPU [6%@921,7%@921,off,off] EMC_FREQ 0%@1600 GR3D_FREQ 0%@614 APE 25 PLL@29.5C CPU@31.5C iwlwifi@32C PMIC@50C GPU@30C AO@40.5C thermal@30.75C POM_5V_IN 1731/1945 POM_5V_GPU 82/106 POM_5V_CPU 164/355
RAM 1371/3964MB (lfb 8x4MB) SWAP 802/6078MB (cached 34MB) IRAM 0/252kB(lfb 252kB) CPU [9%@921,4%@921,off,off] EMC_FREQ 0%@1600 GR3D_FREQ 0%@614 APE 25 PLL@30C CPU@31.5C iwlwifi@32C PMIC@50C GPU@30C AO@41C thermal@31C POM_5V_IN 1689/1944 POM_5V_GPU 82/106 POM_5V_CPU 164/355
RAM 1367/3964MB (lfb 8x4MB) SWAP 802/6078MB (cached 34MB) IRAM 0/252kB(lfb 252kB) CPU [6%@921,7%@921,off,off] EMC_FREQ 0%@1600 GR3D_FREQ 0%@614 APE 25 PLL@30C CPU@31.5C iwlwifi@32C PMIC@50C GPU@30C AO@41C thermal@30.75C POM_5V_IN 1689/1944 POM_5V_GPU 82/106 POM_5V_CPU 164/354
RAM 1371/3964MB (lfb 8x4MB) SWAP 802/6078MB (cached 34MB) IRAM 0/252kB(lfb 252kB) CPU [9%@921,5%@921,off,off] EMC_FREQ 0%@1600 GR3D_FREQ 0%@614 APE 25 PLL@29.5C CPU@32C iwlwifi@32C PMIC@50C GPU@30C AO@41C thermal@30.75C POM_5V_IN 1689/1944 POM_5V_GPU 82/106 POM_5V_CPU 164/354
RAM 1370/3964MB (lfb 8x4MB) SWAP 802/6078MB (cached 34MB) IRAM 0/252kB(lfb 252kB) CPU [10%@921,4%@921,off,off] EMC_FREQ 0%@1600 GR3D_FREQ 0%@614 APE 25 PLL@29.5C CPU@31.5C iwlwifi@32C PMIC@50C GPU@30C AO@41C thermal@31C POM_5V_IN 1772/1943 POM_5V_GPU 82/106 POM_5V_CPU 164/354
RAM 1367/3964MB (lfb 8x4MB) SWAP 802/6078MB (cached 34MB) IRAM 0/252kB(lfb 252kB) CPU [6%@921,7%@921,off,off] EMC_FREQ 0%@1600 GR3D_FREQ 0%@614 APE 25 PLL@29.5C CPU@31.5C iwlwifi@32C PMIC@50C GPU@30.5C AO@41C thermal@30.75C POM_5V_IN 1731/1943 POM_5V_GPU 82/106 POM_5V_CPU 164/354
RAM 1372/3964MB (lfb 8x4MB) SWAP 802/6078MB (cached 34MB) IRAM 0/252kB(lfb 252kB) CPU [9%@921,5%@921,off,off] EMC_FREQ 0%@1600 GR3D_FREQ 0%@614 APE 25 PLL@30C CPU@31.5C iwlwifi@32C PMIC@50C GPU@30C AO@41C thermal@31C POM_5V_IN 1689/1943 POM_5V_GPU 82/105 POM_5V_CPU 164/353
RAM 1369/3964MB (lfb 8x4MB) SWAP 802/6078MB (cached 34MB) IRAM 0/252kB(lfb 252kB) CPU [8%@921,4%@921,off,off] EMC_FREQ 0%@1600 GR3D_FREQ 0%@614 APE 25 PLL@29.5C CPU@32C iwlwifi@32C PMIC@50C GPU@30C AO@41.5C thermal@30.75C POM_5V_IN 1689/1942 POM_5V_GPU 82/105 POM_5V_CPU 164/353
RAM 1369/3964MB (lfb 8x4MB) SWAP 802/6078MB (cached 34MB) IRAM 0/252kB(lfb 252kB) CPU [8%@921,6%@921,off,off] EMC_FREQ 0%@1600 GR3D_FREQ 0%@614 APE 25 PLL@29.5C CPU@31.5C iwlwifi@32C PMIC@50C GPU@30C AO@41C thermal@30.75C POM_5V_IN 1689/1942 POM_5V_GPU 82/105 POM_5V_CPU 164/353
RAM 1367/3964MB (lfb 8x4MB) SWAP 802/6078MB (cached 34MB) IRAM 0/252kB(lfb 252kB) CPU [8%@921,5%@921,off,off] EMC_FREQ 0%@1600 GR3D_FREQ 0%@614 APE 25 PLL@30C CPU@32C iwlwifi@32C PMIC@50C GPU@30C AO@41.5C thermal@30.75C POM_5V_IN 1689/1941 POM_5V_GPU 82/105 POM_5V_CPU 164/352
RAM 1367/3964MB (lfb 8x4MB) SWAP 802/6078MB (cached 34MB) IRAM 0/252kB(lfb 252kB) CPU [6%@921,8%@921,off,off] EMC_FREQ 0%@1600 GR3D_FREQ 0%@614 APE 25 PLL@30C CPU@31.5C iwlwifi@32C PMIC@50C GPU@30C AO@41.5C thermal@31C POM_5V_IN 1689/1941 POM_5V_GPU 82/105 POM_5V_CPU 164/352
RAM 1368/3964MB (lfb 8x4MB) SWAP 802/6078MB (cached 34MB) IRAM 0/252kB(lfb 252kB) CPU [7%@921,7%@921,off,off] EMC_FREQ 0%@1600 GR3D_FREQ 0%@614 APE 25 PLL@30C CPU@32C iwlwifi@32C PMIC@50C GPU@30C AO@41C thermal@30.75C POM_5V_IN 1731/1941 POM_5V_GPU 82/105 POM_5V_CPU 164/352
RAM 1370/3964MB (lfb 8x4MB) SWAP 802/6078MB (cached 34MB) IRAM 0/252kB(lfb 252kB) CPU [5%@921,8%@921,off,off] EMC_FREQ 0%@1600 GR3D_FREQ 0%@614 APE 25 PLL@29.5C CPU@31.5C iwlwifi@32C PMIC@50C GPU@30C AO@41.5C thermal@30.75C POM_5V_IN 1689/1940 POM_5V_GPU 82/105 POM_5V_CPU 164/351
RAM 1369/3964MB (lfb 8x4MB) SWAP 802/6078MB (cached 34MB) IRAM 0/252kB(lfb 252kB) CPU [7%@921,8%@921,off,off] EMC_FREQ 0%@1600 GR3D_FREQ 0%@614 APE 25 PLL@29.5C CPU@31.5C iwlwifi@32C PMIC@50C GPU@30C AO@41C thermal@30.75C POM_5V_IN 1689/1940 POM_5V_GPU 82/105 POM_5V_CPU 164/351
RAM 1371/3964MB (lfb 8x4MB) SWAP 802/6078MB (cached 34MB) IRAM 0/252kB(lfb 252kB) CPU [8%@921,5%@921,off,off] EMC_FREQ 0%@1600 GR3D_FREQ 0%@614 APE 25 PLL@30C CPU@31.5C iwlwifi@32C PMIC@50C GPU@30C AO@41C thermal@31C POM_5V_IN 1689/1940 POM_5V_GPU 82/105 POM_5V_CPU 164/351
RAM 1367/3964MB (lfb 8x4MB) SWAP 802/6078MB (cached 34MB) IRAM 0/252kB(lfb 252kB) CPU [7%@921,8%@921,off,off] EMC_FREQ 0%@1600 GR3D_FREQ 0%@614 APE 25 PLL@30C CPU@32C iwlwifi@33C PMIC@50C GPU@30C AO@41C thermal@31C POM_5V_IN 1689/1939 POM_5V_GPU 82/105 POM_5V_CPU 164/351
RAM 1371/3964MB (lfb 8x4MB) SWAP 802/6078MB (cached 34MB) IRAM 0/252kB(lfb 252kB) CPU [6%@921,6%@921,off,off] EMC_FREQ 0%@1600 GR3D_FREQ 0%@614 APE 25 PLL@30C CPU@32C iwlwifi@32C PMIC@50C GPU@30C AO@41C thermal@30.75C POM_5V_IN 1689/1939 POM_5V_GPU 82/105 POM_5V_CPU 164/350
RAM 1370/3964MB (lfb 8x4MB) SWAP 801/6078MB (cached 34MB) IRAM 0/252kB(lfb 252kB) CPU [5%@921,8%@921,off,off] EMC_FREQ 0%@1600 GR3D_FREQ 0%@614 APE 25 PLL@30C CPU@31C iwlwifi@32C PMIC@50C GPU@30C AO@41C thermal@30.75C POM_5V_IN 1689/1938 POM_5V_GPU 82/105 POM_5V_CPU 164/350
RAM 1368/3964MB (lfb 8x4MB) SWAP 801/6078MB (cached 34MB) IRAM 0/252kB(lfb 252kB) CPU [5%@921,8%@921,off,off] EMC_FREQ 0%@1600 GR3D_FREQ 0%@614 APE 25 PLL@30C CPU@31.5C iwlwifi@32C PMIC@50C GPU@30C AO@41C thermal@30.75C POM_5V_IN 1689/1938 POM_5V_GPU 82/105 POM_5V_CPU 123/350
RAM 1366/3964MB (lfb 8x4MB) SWAP 801/6078MB (cached 34MB) IRAM 0/252kB(lfb 252kB) CPU [8%@921,5%@921,off,off] EMC_FREQ 0%@1600 GR3D_FREQ 0%@614 APE 25 PLL@30C CPU@32C iwlwifi@32C PMIC@50C GPU@30C AO@41.5C thermal@30.75C POM_5V_IN 1689/1938 POM_5V_GPU 82/105 POM_5V_CPU 123/349
RAM 1366/3964MB (lfb 8x4MB) SWAP 801/6078MB (cached 34MB) IRAM 0/252kB(lfb 252kB) CPU [6%@921,7%@921,off,off] EMC_FREQ 0%@1600 GR3D_FREQ 0%@614 APE 25 PLL@30C CPU@31.5C iwlwifi@32C PMIC@50C GPU@30C AO@41C thermal@30.75C POM_5V_IN 1689/1937 POM_5V_GPU 82/105 POM_5V_CPU 164/349
RAM 1368/3964MB (lfb 8x4MB) SWAP 801/6078MB (cached 34MB) IRAM 0/252kB(lfb 252kB) CPU [10%@921,3%@921,off,off] EMC_FREQ 0%@1600 GR3D_FREQ 0%@614 APE 25 PLL@30C CPU@32C iwlwifi@32C PMIC@50C GPU@30C AO@41C thermal@30.5C POM_5V_IN 1687/1937 POM_5V_GPU 82/105 POM_5V_CPU 164/349
RAM 1369/3964MB (lfb 8x4MB) SWAP 801/6078MB (cached 34MB) IRAM 0/252kB(lfb 252kB) CPU [7%@921,7%@921,off,off] EMC_FREQ 0%@1600 GR3D_FREQ 0%@614 APE 25 PLL@30C CPU@31.5C iwlwifi@32C PMIC@50C GPU@30C AO@41C thermal@30.5C POM_5V_IN 1689/1936 POM_5V_GPU 82/105 POM_5V_CPU 164/348
RAM 1370/3964MB (lfb 8x4MB) SWAP 801/6078MB (cached 34MB) IRAM 0/252kB(lfb 252kB) CPU [8%@921,6%@921,off,off] EMC_FREQ 0%@1600 GR3D_FREQ 0%@614 APE 25 PLL@30C CPU@31.5C iwlwifi@32C PMIC@50C GPU@30C AO@41C thermal@30.75C POM_5V_IN 1689/1936 POM_5V_GPU 82/105 POM_5V_CPU 164/348
RAM 1370/3964MB (lfb 8x4MB) SWAP 801/6078MB (cached 34MB) IRAM 0/252kB(lfb 252kB) CPU [6%@921,6%@921,off,off] EMC_FREQ 0%@1600 GR3D_FREQ 0%@614 APE 25 PLL@29.5C CPU@31.5C iwlwifi@32C PMIC@50C GPU@30C AO@41.5C thermal@30.75C POM_5V_IN 1689/1936 POM_5V_GPU 82/105 POM_5V_CPU 164/348
RAM 1368/3964MB (lfb 8x4MB) SWAP 801/6078MB (cached 34MB) IRAM 0/252kB(lfb 252kB) CPU [5%@921,8%@921,off,off] EMC_FREQ 0%@1600 GR3D_FREQ 0%@614 APE 25 PLL@30C CPU@31.5C iwlwifi@32C PMIC@50C GPU@30C AO@41C thermal@30.75C POM_5V_IN 1689/1935 POM_5V_GPU 82/105 POM_5V_CPU 164/348
RAM 1370/3964MB (lfb 8x4MB) SWAP 801/6078MB (cached 34MB) IRAM 0/252kB(lfb 252kB) CPU [7%@921,6%@921,off,off] EMC_FREQ 0%@1600 GR3D_FREQ 0%@614 APE 25 PLL@29.5C CPU@32C iwlwifi@32C PMIC@50C GPU@30C AO@40.5C thermal@30.75C POM_5V_IN 1689/1935 POM_5V_GPU 82/105 POM_5V_CPU 164/347
RAM 1366/3964MB (lfb 8x4MB) SWAP 801/6078MB (cached 34MB) IRAM 0/252kB(lfb 252kB) CPU [9%@921,4%@921,off,off] EMC_FREQ 0%@1600 GR3D_FREQ 0%@614 APE 25 PLL@30C CPU@31C iwlwifi@32C PMIC@50C GPU@30C AO@40.5C thermal@31C POM_5V_IN 1689/1935 POM_5V_GPU 82/105 POM_5V_CPU 164/347
RAM 1368/3964MB (lfb 8x4MB) SWAP 801/6078MB (cached 34MB) IRAM 0/252kB(lfb 252kB) CPU [7%@921,7%@921,off,off] EMC_FREQ 0%@1600 GR3D_FREQ 0%@614 APE 25 PLL@30C CPU@31.5C iwlwifi@32C PMIC@50C GPU@30C AO@41C thermal@30.75C POM_5V_IN 1689/1934 POM_5V_GPU 82/105 POM_5V_CPU 164/347
RAM 1368/3964MB (lfb 8x4MB) SWAP 801/6078MB (cached 34MB) IRAM 0/252kB(lfb 252kB) CPU [7%@921,6%@921,off,off] EMC_FREQ 0%@1600 GR3D_FREQ 0%@614 APE 25 PLL@30C CPU@31.5C iwlwifi@32C PMIC@50C GPU@29.5C AO@41C thermal@30.75C POM_5V_IN 1689/1934 POM_5V_GPU 82/105 POM_5V_CPU 164/346
RAM 1375/3964MB (lfb 8x4MB) SWAP 801/6078MB (cached 34MB) IRAM 0/252kB(lfb 252kB) CPU [9%@921,5%@921,off,off] EMC_FREQ 0%@1600 GR3D_FREQ 0%@614 APE 25 PLL@30C CPU@31.5C iwlwifi@32C PMIC@50C GPU@30C AO@41C thermal@30.5C POM_5V_IN 1731/1933 POM_5V_GPU 82/105 POM_5V_CPU 164/346
RAM 1368/3964MB (lfb 8x4MB) SWAP 801/6078MB (cached 34MB) IRAM 0/252kB(lfb 252kB) CPU [7%@921,6%@921,off,off] EMC_FREQ 0%@1600 GR3D_FREQ 0%@614 APE 25 PLL@29.5C CPU@31.5C iwlwifi@32C PMIC@50C GPU@30C AO@41C thermal@30.75C POM_5V_IN 1689/1933 POM_5V_GPU 82/105 POM_5V_CPU 164/346
RAM 1370/3964MB (lfb 8x4MB) SWAP 801/6078MB (cached 34MB) IRAM 0/252kB(lfb 252kB) CPU [6%@921,7%@921,off,off] EMC_FREQ 0%@1600 GR3D_FREQ 0%@614 APE 25 PLL@30C CPU@31.5C iwlwifi@32C PMIC@50C GPU@30C AO@41C thermal@30.75C POM_5V_IN 1689/1933 POM_5V_GPU 82/105 POM_5V_CPU 164/346
RAM 1366/3964MB (lfb 8x4MB) SWAP 801/6078MB (cached 34MB) IRAM 0/252kB(lfb 252kB) CPU [6%@921,6%@921,off,off] EMC_FREQ 0%@1600 GR3D_FREQ 0%@614 APE 25 PLL@30C CPU@32C iwlwifi@32C PMIC@50C GPU@30C AO@41C thermal@30.5C POM_5V_IN 1934/1933 POM_5V_GPU 82/104 POM_5V_CPU 329/346
RAM 1368/3964MB (lfb 8x4MB) SWAP 801/6078MB (cached 34MB) IRAM 0/252kB(lfb 252kB) CPU [6%@921,7%@921,off,off] EMC_FREQ 0%@1600 GR3D_FREQ 0%@614 APE 25 PLL@30C CPU@31C iwlwifi@32C PMIC@50C GPU@29.5C AO@41C thermal@30.5C POM_5V_IN 1689/1932 POM_5V_GPU 82/104 POM_5V_CPU 164/345
RAM 1368/3964MB (lfb 8x4MB) SWAP 801/6078MB (cached 34MB) IRAM 0/252kB(lfb 252kB) CPU [7%@921,6%@921,off,off] EMC_FREQ 0%@1600 GR3D_FREQ 0%@614 APE 25 PLL@29.5C CPU@31.5C iwlwifi@32C PMIC@50C GPU@30C AO@41C thermal@30.75C POM_5V_IN 1689/1932 POM_5V_GPU 82/104 POM_5V_CPU 164/345
RAM 1370/3964MB (lfb 8x4MB) SWAP 801/6078MB (cached 34MB) IRAM 0/252kB(lfb 252kB) CPU [6%@921,8%@921,off,off] EMC_FREQ 0%@1600 GR3D_FREQ 0%@614 APE 25 PLL@30C CPU@31.5C iwlwifi@32C PMIC@50C GPU@30C AO@41C thermal@30.75C POM_5V_IN 1689/1932 POM_5V_GPU 82/104 POM_5V_CPU 164/345
RAM 1370/3964MB (lfb 8x4MB) SWAP 801/6078MB (cached 34MB) IRAM 0/252kB(lfb 252kB) CPU [6%@921,7%@921,off,off] EMC_FREQ 0%@1600 GR3D_FREQ 0%@614 APE 25 PLL@30C CPU@31.5C iwlwifi@32C PMIC@50C GPU@30C AO@41.5C thermal@30.75C POM_5V_IN 1689/1931 POM_5V_GPU 82/104 POM_5V_CPU 164/344
RAM 1370/3964MB (lfb 8x4MB) SWAP 801/6078MB (cached 34MB) IRAM 0/252kB(lfb 252kB) CPU [5%@921,9%@921,off,off] EMC_FREQ 0%@1600 GR3D_FREQ 0%@614 APE 25 PLL@30C CPU@31.5C iwlwifi@32C PMIC@50C GPU@30C AO@41C thermal@30.75C POM_5V_IN 1689/1931 POM_5V_GPU 82/104 POM_5V_CPU 164/344
RAM 1366/3964MB (lfb 8x4MB) SWAP 801/6078MB (cached 34MB) IRAM 0/252kB(lfb 252kB) CPU [5%@921,8%@921,off,off] EMC_FREQ 0%@1600 GR3D_FREQ 0%@614 APE 25 PLL@30C CPU@31.5C iwlwifi@32C PMIC@50C GPU@29.5C AO@41C thermal@30.75C POM_5V_IN 1731/1931 POM_5V_GPU 82/104 POM_5V_CPU 164/344
RAM 1371/3964MB (lfb 8x4MB) SWAP 801/6078MB (cached 34MB) IRAM 0/252kB(lfb 252kB) CPU [6%@921,8%@921,off,off] EMC_FREQ 0%@1600 GR3D_FREQ 0%@614 APE 25 PLL@29.5C CPU@31.5C iwlwifi@32C PMIC@50C GPU@30C AO@41C thermal@30.5C POM_5V_IN 1772/1930 POM_5V_GPU 82/104 POM_5V_CPU 206/344
RAM 1371/3964MB (lfb 8x4MB) SWAP 801/6078MB (cached 34MB) IRAM 0/252kB(lfb 252kB) CPU [7%@921,6%@921,off,off] EMC_FREQ 0%@1600 GR3D_FREQ 0%@614 APE 25 PLL@29.5C CPU@31.5C iwlwifi@32C PMIC@50C GPU@29.5C AO@41C thermal@30.75C POM_5V_IN 1689/1930 POM_5V_GPU 82/104 POM_5V_CPU 164/343
RAM 1369/3964MB (lfb 8x4MB) SWAP 801/6078MB (cached 34MB) IRAM 0/252kB(lfb 252kB) CPU [7%@921,6%@921,off,off] EMC_FREQ 0%@1600 GR3D_FREQ 0%@614 APE 25 PLL@29.5C CPU@31.5C iwlwifi@32C PMIC@50C GPU@30C AO@40.5C thermal@30.75C POM_5V_IN 1731/1930 POM_5V_GPU 82/104 POM_5V_CPU 164/343
RAM 1370/3964MB (lfb 8x4MB) SWAP 801/6078MB (cached 34MB) IRAM 0/252kB(lfb 252kB) CPU [6%@921,8%@921,off,off] EMC_FREQ 0%@1600 GR3D_FREQ 0%@614 APE 25 PLL@29.5C CPU@31.5C iwlwifi@32C PMIC@50C GPU@30C AO@40.5C thermal@30.5C POM_5V_IN 1689/1929 POM_5V_GPU 82/104 POM_5V_CPU 164/343
RAM 1370/3964MB (lfb 8x4MB) SWAP 801/6078MB (cached 34MB) IRAM 0/252kB(lfb 252kB) CPU [5%@921,8%@921,off,off] EMC_FREQ 0%@1600 GR3D_FREQ 0%@614 APE 25 PLL@29.5C CPU@31.5C iwlwifi@32C PMIC@50C GPU@30C AO@41C thermal@30.75C POM_5V_IN 1689/1929 POM_5V_GPU 82/104 POM_5V_CPU 164/343
RAM 1366/3964MB (lfb 8x4MB) SWAP 801/6078MB (cached 34MB) IRAM 0/252kB(lfb 252kB) CPU [9%@921,5%@921,off,off] EMC_FREQ 0%@1600 GR3D_FREQ 0%@614 APE 25 PLL@30C CPU@31.5C iwlwifi@32C PMIC@50C GPU@30C AO@41C thermal@31C POM_5V_IN 1689/1929 POM_5V_GPU 82/104 POM_5V_CPU 164/342
RAM 1370/3964MB (lfb 8x4MB) SWAP 801/6078MB (cached 34MB) IRAM 0/252kB(lfb 252kB) CPU [8%@921,6%@921,off,off] EMC_FREQ 0%@1600 GR3D_FREQ 0%@614 APE 25 PLL@30C CPU@32C iwlwifi@32C PMIC@50C GPU@30C AO@41C thermal@31C POM_5V_IN 1731/1928 POM_5V_GPU 82/104 POM_5V_CPU 164/342
RAM 1368/3964MB (lfb 8x4MB) SWAP 801/6078MB (cached 34MB) IRAM 0/252kB(lfb 252kB) CPU [9%@921,6%@921,off,off] EMC_FREQ 0%@1600 GR3D_FREQ 0%@614 APE 25 PLL@29.5C CPU@31.5C iwlwifi@32C PMIC@50C GPU@30C AO@40.5C thermal@30.75C POM_5V_IN 1689/1928 POM_5V_GPU 82/104 POM_5V_CPU 164/342
RAM 1366/3964MB (lfb 8x4MB) SWAP 801/6078MB (cached 34MB) IRAM 0/252kB(lfb 252kB) CPU [7%@921,6%@921,off,off] EMC_FREQ 0%@1600 GR3D_FREQ 0%@614 APE 25 PLL@29.5C CPU@31.5C iwlwifi@32C PMIC@50C GPU@30C AO@41C thermal@31C POM_5V_IN 1728/1928 POM_5V_GPU 82/104 POM_5V_CPU 164/342
RAM 1368/3964MB (lfb 8x4MB) SWAP 801/6078MB (cached 34MB) IRAM 0/252kB(lfb 252kB) CPU [6%@921,8%@921,off,off] EMC_FREQ 0%@1600 GR3D_FREQ 0%@614 APE 25 PLL@30C CPU@32C iwlwifi@32C PMIC@50C GPU@30C AO@41C thermal@30.75C POM_5V_IN 1689/1927 POM_5V_GPU 82/104 POM_5V_CPU 164/341
RAM 1368/3964MB (lfb 8x4MB) SWAP 801/6078MB (cached 34MB) IRAM 0/252kB(lfb 252kB) CPU [6%@921,7%@921,off,off] EMC_FREQ 0%@1600 GR3D_FREQ 0%@614 APE 25 PLL@30C CPU@32C iwlwifi@32C PMIC@50C GPU@30C AO@41.5C thermal@30.5C POM_5V_IN 1689/1927 POM_5V_GPU 82/104 POM_5V_CPU 164/341
RAM 1367/3964MB (lfb 8x4MB) SWAP 801/6078MB (cached 35MB) IRAM 0/252kB(lfb 252kB) CPU [6%@921,8%@921,off,off] EMC_FREQ 0%@1600 GR3D_FREQ 0%@614 APE 25 PLL@29.5C CPU@32C iwlwifi@32C PMIC@50C GPU@30C AO@41C thermal@30.75C POM_5V_IN 1689/1927 POM_5V_GPU 82/104 POM_5V_CPU 164/341
RAM 1367/3964MB (lfb 8x4MB) SWAP 801/6078MB (cached 35MB) IRAM 0/252kB(lfb 252kB) CPU [6%@921,7%@921,off,off] EMC_FREQ 0%@1600 GR3D_FREQ 0%@614 APE 25 PLL@30C CPU@32C iwlwifi@32C PMIC@50C GPU@29.5C AO@41C thermal@30.75C POM_5V_IN 1689/1926 POM_5V_GPU 82/104 POM_5V_CPU 164/341
RAM 1370/3964MB (lfb 8x4MB) SWAP 801/6078MB (cached 35MB) IRAM 0/252kB(lfb 252kB) CPU [4%@921,10%@921,off,off] EMC_FREQ 0%@1600 GR3D_FREQ 0%@614 APE 25 PLL@29.5C CPU@32C iwlwifi@32C PMIC@50C GPU@30C AO@41C thermal@31C POM_5V_IN 1689/1926 POM_5V_GPU 82/104 POM_5V_CPU 164/340
RAM 1373/3964MB (lfb 8x4MB) SWAP 801/6078MB (cached 35MB) IRAM 0/252kB(lfb 252kB) CPU [8%@921,5%@921,off,off] EMC_FREQ 0%@1600 GR3D_FREQ 0%@614 APE 25 PLL@29.5C CPU@31.5C iwlwifi@32C PMIC@50C GPU@30C AO@41C thermal@30.75C POM_5V_IN 1689/1926 POM_5V_GPU 82/104 POM_5V_CPU 164/340
RAM 1367/3964MB (lfb 8x4MB) SWAP 801/6078MB (cached 35MB) IRAM 0/252kB(lfb 252kB) CPU [5%@921,8%@921,off,off] EMC_FREQ 0%@1600 GR3D_FREQ 0%@614 APE 25 PLL@29.5C CPU@31.5C iwlwifi@32C PMIC@50C GPU@29.5C AO@41C thermal@30.75C POM_5V_IN 1731/1925 POM_5V_GPU 82/104 POM_5V_CPU 164/340
RAM 1369/3964MB (lfb 8x4MB) SWAP 801/6078MB (cached 35MB) IRAM 0/252kB(lfb 252kB) CPU [7%@921,6%@921,off,off] EMC_FREQ 0%@1600 GR3D_FREQ 0%@614 APE 25 PLL@29.5C CPU@32C iwlwifi@32C PMIC@50C GPU@29.5C AO@41C thermal@30.5C POM_5V_IN 1689/1925 POM_5V_GPU 82/104 POM_5V_CPU 164/339
RAM 1371/3964MB (lfb 8x4MB) SWAP 801/6078MB (cached 35MB) IRAM 0/252kB(lfb 252kB) CPU [7%@921,7%@921,off,off] EMC_FREQ 0%@1600 GR3D_FREQ 0%@614 APE 25 PLL@29.5C CPU@32C iwlwifi@32C PMIC@50C GPU@29.5C AO@41C thermal@31C POM_5V_IN 1689/1925 POM_5V_GPU 82/104 POM_5V_CPU 164/339
RAM 1370/3964MB (lfb 8x4MB) SWAP 801/6078MB (cached 35MB) IRAM 0/252kB(lfb 252kB) CPU [7%@921,6%@921,off,off] EMC_FREQ 0%@1600 GR3D_FREQ 0%@614 APE 25 PLL@29.5C CPU@31.5C iwlwifi@32C PMIC@50C GPU@29.5C AO@41C thermal@30.75C POM_5V_IN 1689/1924 POM_5V_GPU 82/104 POM_5V_CPU 164/339
RAM 1369/3964MB (lfb 8x4MB) SWAP 801/6078MB (cached 35MB) IRAM 0/252kB(lfb 252kB) CPU [7%@921,6%@921,off,off] EMC_FREQ 0%@1600 GR3D_FREQ 0%@614 APE 25 PLL@30C CPU@31.5C iwlwifi@32C PMIC@50C GPU@29.5C AO@40.5C thermal@30.5C POM_5V_IN 1689/1924 POM_5V_GPU 82/104 POM_5V_CPU 164/339
RAM 1370/3964MB (lfb 8x4MB) SWAP 801/6078MB (cached 35MB) IRAM 0/252kB(lfb 252kB) CPU [7%@921,6%@921,off,off] EMC_FREQ 0%@1600 GR3D_FREQ 0%@614 APE 25 PLL@29.5C CPU@31.5C iwlwifi@32C PMIC@50C GPU@29.5C AO@41C thermal@30.75C POM_5V_IN 1689/1923 POM_5V_GPU 82/104 POM_5V_CPU 164/338
RAM 1370/3964MB (lfb 8x4MB) SWAP 801/6078MB (cached 35MB) IRAM 0/252kB(lfb 252kB) CPU [6%@921,7%@921,off,off] EMC_FREQ 0%@1600 GR3D_FREQ 0%@614 APE 25 PLL@30C CPU@32C iwlwifi@32C PMIC@50C GPU@29.5C AO@41C thermal@30.75C POM_5V_IN 1689/1923 POM_5V_GPU 82/104 POM_5V_CPU 164/338
RAM 1370/3964MB (lfb 8x4MB) SWAP 801/6078MB (cached 35MB) IRAM 0/252kB(lfb 252kB) CPU [8%@921,6%@921,off,off] EMC_FREQ 0%@1600 GR3D_FREQ 0%@614 APE 25 PLL@30C CPU@32C iwlwifi@32C PMIC@50C GPU@29.5C AO@41C thermal@30.5C POM_5V_IN 1689/1923 POM_5V_GPU 82/104 POM_5V_CPU 164/338
RAM 1368/3964MB (lfb 8x4MB) SWAP 801/6078MB (cached 35MB) IRAM 0/252kB(lfb 252kB) CPU [6%@921,8%@921,off,off] EMC_FREQ 0%@1600 GR3D_FREQ 0%@614 APE 25 PLL@30C CPU@31.5C iwlwifi@32C PMIC@50C GPU@29.5C AO@41C thermal@30.5C POM_5V_IN 1689/1922 POM_5V_GPU 82/103 POM_5V_CPU 164/338
RAM 1368/3964MB (lfb 8x4MB) SWAP 801/6078MB (cached 35MB) IRAM 0/252kB(lfb 252kB) CPU [7%@921,7%@921,off,off] EMC_FREQ 0%@1600 GR3D_FREQ 0%@614 APE 25 PLL@30C CPU@31.5C iwlwifi@32C PMIC@50C GPU@29.5C AO@41C thermal@30.5C POM_5V_IN 1689/1922 POM_5V_GPU 82/103 POM_5V_CPU 164/337
RAM 1374/3964MB (lfb 8x4MB) SWAP 801/6078MB (cached 35MB) IRAM 0/252kB(lfb 252kB) CPU [5%@921,9%@921,off,off] EMC_FREQ 0%@1600 GR3D_FREQ 0%@614 APE 25 PLL@30C CPU@31.5C iwlwifi@32C PMIC@50C GPU@30C AO@41C thermal@30.5C POM_5V_IN 1731/1922 POM_5V_GPU 82/103 POM_5V_CPU 164/337
RAM 1372/3964MB (lfb 8x4MB) SWAP 801/6078MB (cached 35MB) IRAM 0/252kB(lfb 252kB) CPU [6%@921,7%@921,off,off] EMC_FREQ 0%@1600 GR3D_FREQ 0%@614 APE 25 PLL@30C CPU@31.5C iwlwifi@32C PMIC@50C GPU@29.5C AO@41C thermal@30.75C POM_5V_IN 1689/1922 POM_5V_GPU 82/103 POM_5V_CPU 164/337
RAM 1372/3964MB (lfb 8x4MB) SWAP 801/6078MB (cached 35MB) IRAM 0/252kB(lfb 252kB) CPU [7%@921,6%@921,off,off] EMC_FREQ 0%@1600 GR3D_FREQ 0%@614 APE 25 PLL@30C CPU@31.5C iwlwifi@32C PMIC@50C GPU@30C AO@41C thermal@30.5C POM_5V_IN 1689/1921 POM_5V_GPU 82/103 POM_5V_CPU 164/337
RAM 1372/3964MB (lfb 8x4MB) SWAP 801/6078MB (cached 35MB) IRAM 0/252kB(lfb 252kB) CPU [7%@921,7%@921,off,off] EMC_FREQ 0%@1600 GR3D_FREQ 0%@614 APE 25 PLL@29.5C CPU@31.5C iwlwifi@32C PMIC@50C GPU@29.5C AO@40.5C thermal@30.5C POM_5V_IN 1689/1921 POM_5V_GPU 82/103 POM_5V_CPU 164/336
RAM 1372/3964MB (lfb 8x4MB) SWAP 801/6078MB (cached 35MB) IRAM 0/252kB(lfb 252kB) CPU [6%@921,7%@921,off,off] EMC_FREQ 0%@1600 GR3D_FREQ 0%@614 APE 25 PLL@30C CPU@31.5C iwlwifi@33C PMIC@50C GPU@30C AO@40.5C thermal@30.5C POM_5V_IN 1689/1921 POM_5V_GPU 82/103 POM_5V_CPU 164/336
RAM 1372/3964MB (lfb 8x4MB) SWAP 801/6078MB (cached 35MB) IRAM 0/252kB(lfb 252kB) CPU [9%@921,5%@921,off,off] EMC_FREQ 0%@1600 GR3D_FREQ 0%@614 APE 25 PLL@30C CPU@31.5C iwlwifi@32C PMIC@50C GPU@29.5C AO@41C thermal@30.5C POM_5V_IN 1731/1920 POM_5V_GPU 82/103 POM_5V_CPU 164/336
RAM 1370/3964MB (lfb 8x4MB) SWAP 801/6078MB (cached 35MB) IRAM 0/252kB(lfb 252kB) CPU [6%@921,7%@921,off,off] EMC_FREQ 0%@1600 GR3D_FREQ 0%@614 APE 25 PLL@29.5C CPU@32C iwlwifi@32C PMIC@50C GPU@29.5C AO@41C thermal@30.75C POM_5V_IN 1689/1920 POM_5V_GPU 82/103 POM_5V_CPU 164/336
RAM 1368/3964MB (lfb 8x4MB) SWAP 801/6078MB (cached 35MB) IRAM 0/252kB(lfb 252kB) CPU [9%@921,5%@921,off,off] EMC_FREQ 0%@1600 GR3D_FREQ 0%@614 APE 25 PLL@30C CPU@31.5C iwlwifi@32C PMIC@50C GPU@30C AO@40.5C thermal@30.75C POM_5V_IN 1689/1920 POM_5V_GPU 82/103 POM_5V_CPU 164/335
RAM 1369/3964MB (lfb 8x4MB) SWAP 801/6078MB (cached 35MB) IRAM 0/252kB(lfb 252kB) CPU [6%@921,7%@921,off,off] EMC_FREQ 0%@1600 GR3D_FREQ 0%@614 APE 25 PLL@29.5C CPU@31.5C iwlwifi@32C PMIC@50C GPU@29.5C AO@41C thermal@30.75C POM_5V_IN 1689/1919 POM_5V_GPU 82/103 POM_5V_CPU 164/335
RAM 1372/3964MB (lfb 8x4MB) SWAP 801/6078MB (cached 35MB) IRAM 0/252kB(lfb 252kB) CPU [6%@921,8%@921,off,off] EMC_FREQ 0%@1600 GR3D_FREQ 0%@614 APE 25 PLL@29.5C CPU@31C iwlwifi@32C PMIC@50C GPU@29.5C AO@41C thermal@30.5C POM_5V_IN 1689/1919 POM_5V_GPU 82/103 POM_5V_CPU 164/335
RAM 1370/3964MB (lfb 8x4MB) SWAP 801/6078MB (cached 35MB) IRAM 0/252kB(lfb 252kB) CPU [5%@921,9%@921,off,off] EMC_FREQ 0%@1600 GR3D_FREQ 0%@614 APE 25 PLL@29.5C CPU@31.5C iwlwifi@32C PMIC@50C GPU@29.5C AO@40.5C thermal@30.75C POM_5V_IN 1689/1919 POM_5V_GPU 82/103 POM_5V_CPU 164/335
RAM 1372/3964MB (lfb 8x4MB) SWAP 801/6078MB (cached 35MB) IRAM 0/252kB(lfb 252kB) CPU [6%@921,7%@921,off,off] EMC_FREQ 0%@1600 GR3D_FREQ 0%@614 APE 25 PLL@29.5C CPU@31.5C iwlwifi@32C PMIC@50C GPU@30C AO@41C thermal@31C POM_5V_IN 1689/1918 POM_5V_GPU 82/103 POM_5V_CPU 164/334
RAM 1372/3964MB (lfb 8x4MB) SWAP 800/6078MB (cached 35MB) IRAM 0/252kB(lfb 252kB) CPU [6%@921,7%@921,off,off] EMC_FREQ 0%@1600 GR3D_FREQ 0%@614 APE 25 PLL@30C CPU@31.5C iwlwifi@32C PMIC@50C GPU@30C AO@40.5C thermal@30.5C POM_5V_IN 1689/1918 POM_5V_GPU 82/103 POM_5V_CPU 164/334
RAM 1370/3964MB (lfb 8x4MB) SWAP 800/6078MB (cached 35MB) IRAM 0/252kB(lfb 252kB) CPU [6%@921,7%@921,off,off] EMC_FREQ 0%@1600 GR3D_FREQ 0%@614 APE 25 PLL@30C CPU@31.5C iwlwifi@32C PMIC@50C GPU@29.5C AO@41C thermal@30.5C POM_5V_IN 1772/1918 POM_5V_GPU 82/103 POM_5V_CPU 164/334
RAM 1368/3964MB (lfb 8x4MB) SWAP 800/6078MB (cached 35MB) IRAM 0/252kB(lfb 252kB) CPU [6%@921,8%@921,off,off] EMC_FREQ 0%@1600 GR3D_FREQ 0%@614 APE 25 PLL@29.5C CPU@31.5C iwlwifi@32C PMIC@50C GPU@29.5C AO@41C thermal@30.75C POM_5V_IN 1687/1917 POM_5V_GPU 82/103 POM_5V_CPU 164/334
RAM 1370/3964MB (lfb 8x4MB) SWAP 800/6078MB (cached 35MB) IRAM 0/252kB(lfb 252kB) CPU [5%@921,8%@921,off,off] EMC_FREQ 0%@1600 GR3D_FREQ 0%@614 APE 25 PLL@30C CPU@31.5C iwlwifi@32C PMIC@50C GPU@30C AO@40.5C thermal@30.75C POM_5V_IN 1687/1917 POM_5V_GPU 82/103 POM_5V_CPU 164/333
RAM 1370/3964MB (lfb 8x4MB) SWAP 800/6078MB (cached 35MB) IRAM 0/252kB(lfb 252kB) CPU [7%@921,6%@921,off,off] EMC_FREQ 0%@1600 GR3D_FREQ 0%@614 APE 25 PLL@30C CPU@31.5C iwlwifi@32C PMIC@50C GPU@30C AO@41C thermal@30.75C POM_5V_IN 1689/1917 POM_5V_GPU 82/103 POM_5V_CPU 164/333
RAM 1372/3964MB (lfb 8x4MB) SWAP 800/6078MB (cached 35MB) IRAM 0/252kB(lfb 252kB) CPU [7%@921,5%@921,off,off] EMC_FREQ 0%@1600 GR3D_FREQ 0%@614 APE 25 PLL@29.5C CPU@31.5C iwlwifi@32C PMIC@50C GPU@30C AO@41C thermal@30.75C POM_5V_IN 1689/1916 POM_5V_GPU 82/103 POM_5V_CPU 164/333
RAM 1370/3964MB (lfb 8x4MB) SWAP 800/6078MB (cached 35MB) IRAM 0/252kB(lfb 252kB) CPU [8%@921,6%@921,off,off] EMC_FREQ 0%@1600 GR3D_FREQ 0%@614 APE 25 PLL@30C CPU@31.5C iwlwifi@32C PMIC@50C GPU@29.5C AO@41C thermal@31C POM_5V_IN 1689/1916 POM_5V_GPU 82/103 POM_5V_CPU 164/333
RAM 1370/3964MB (lfb 8x4MB) SWAP 800/6078MB (cached 35MB) IRAM 0/252kB(lfb 252kB) CPU [9%@921,4%@921,off,off] EMC_FREQ 0%@1600 GR3D_FREQ 0%@614 APE 25 PLL@29.5C CPU@31.5C iwlwifi@32C PMIC@50C GPU@30C AO@41C thermal@31C POM_5V_IN 1689/1916 POM_5V_GPU 82/103 POM_5V_CPU 164/333
RAM 1372/3964MB (lfb 8x4MB) SWAP 800/6078MB (cached 35MB) IRAM 0/252kB(lfb 252kB) CPU [5%@921,8%@921,off,off] EMC_FREQ 0%@1600 GR3D_FREQ 0%@614 APE 25 PLL@30C CPU@32C iwlwifi@32C PMIC@50C GPU@30C AO@40.5C thermal@30.75C POM_5V_IN 1689/1915 POM_5V_GPU 82/103 POM_5V_CPU 164/332
RAM 1372/3964MB (lfb 8x4MB) SWAP 800/6078MB (cached 35MB) IRAM 0/252kB(lfb 252kB) CPU [6%@921,7%@921,off,off] EMC_FREQ 0%@1600 GR3D_FREQ 0%@614 APE 25 PLL@30C CPU@31.5C iwlwifi@32C PMIC@50C GPU@30C AO@41C thermal@30.75C POM_5V_IN 1689/1915 POM_5V_GPU 82/103 POM_5V_CPU 164/332
RAM 1372/3964MB (lfb 8x4MB) SWAP 800/6078MB (cached 35MB) IRAM 0/252kB(lfb 252kB) CPU [5%@921,9%@921,off,off] EMC_FREQ 0%@1600 GR3D_FREQ 0%@614 APE 25 PLL@29.5C CPU@31.5C iwlwifi@32C PMIC@50C GPU@30C AO@41C thermal@30.75C POM_5V_IN 1689/1915 POM_5V_GPU 82/103 POM_5V_CPU 164/332
RAM 1368/3964MB (lfb 8x4MB) SWAP 795/6078MB (cached 35MB) IRAM 0/252kB(lfb 252kB) CPU [6%@921,6%@921,off,off] EMC_FREQ 0%@1600 GR3D_FREQ 0%@614 APE 25 PLL@29.5C CPU@31.5C iwlwifi@32C PMIC@50C GPU@30C AO@41C thermal@30.75C POM_5V_IN 1731/1915 POM_5V_GPU 82/103 POM_5V_CPU 164/332
RAM 1372/3964MB (lfb 8x4MB) SWAP 795/6078MB (cached 35MB) IRAM 0/252kB(lfb 252kB) CPU [6%@921,7%@921,off,off] EMC_FREQ 0%@1600 GR3D_FREQ 0%@614 APE 25 PLL@29.5C CPU@31.5C iwlwifi@32C PMIC@50C GPU@30C AO@41C thermal@30.75C POM_5V_IN 1689/1914 POM_5V_GPU 82/103 POM_5V_CPU 164/331
RAM 1370/3964MB (lfb 8x4MB) SWAP 795/6078MB (cached 35MB) IRAM 0/252kB(lfb 252kB) CPU [7%@921,7%@921,off,off] EMC_FREQ 0%@1600 GR3D_FREQ 0%@614 APE 25 PLL@29.5C CPU@32C iwlwifi@32C PMIC@50C GPU@30C AO@41C thermal@30.75C POM_5V_IN 1731/1914 POM_5V_GPU 82/103 POM_5V_CPU 164/331
RAM 1372/3964MB (lfb 8x4MB) SWAP 795/6078MB (cached 35MB) IRAM 0/252kB(lfb 252kB) CPU [5%@921,8%@921,off,off] EMC_FREQ 0%@1600 GR3D_FREQ 0%@614 APE 25 PLL@29.5C CPU@31.5C iwlwifi@32C PMIC@50C GPU@30C AO@41C thermal@30.75C POM_5V_IN 1689/1914 POM_5V_GPU 82/103 POM_5V_CPU 164/331
RAM 1370/3964MB (lfb 8x4MB) SWAP 795/6078MB (cached 35MB) IRAM 0/252kB(lfb 252kB) CPU [7%@921,7%@921,off,off] EMC_FREQ 0%@1600 GR3D_FREQ 0%@614 APE 25 PLL@29.5C CPU@31.5C iwlwifi@32C PMIC@50C GPU@30C AO@41C thermal@30.75C POM_5V_IN 1689/1913 POM_5V_GPU 82/103 POM_5V_CPU 164/331
RAM 1372/3964MB (lfb 8x4MB) SWAP 795/6078MB (cached 35MB) IRAM 0/252kB(lfb 252kB) CPU [8%@921,5%@921,off,off] EMC_FREQ 0%@1600 GR3D_FREQ 0%@614 APE 25 PLL@29.5C CPU@31C iwlwifi@32C PMIC@50C GPU@30C AO@40.5C thermal@30.75C POM_5V_IN 1689/1913 POM_5V_GPU 82/103 POM_5V_CPU 164/330
RAM 1372/3964MB (lfb 8x4MB) SWAP 795/6078MB (cached 35MB) IRAM 0/252kB(lfb 252kB) CPU [6%@921,8%@921,off,off] EMC_FREQ 0%@1600 GR3D_FREQ 0%@614 APE 25 PLL@30C CPU@31.5C iwlwifi@32C PMIC@50C GPU@30C AO@41C thermal@30.75C POM_5V_IN 1731/1913 POM_5V_GPU 82/103 POM_5V_CPU 164/330
RAM 1372/3964MB (lfb 8x4MB) SWAP 795/6078MB (cached 35MB) IRAM 0/252kB(lfb 252kB) CPU [8%@921,5%@921,off,off] EMC_FREQ 0%@1600 GR3D_FREQ 0%@614 APE 25 PLL@29.5C CPU@31.5C iwlwifi@32C PMIC@50C GPU@30C AO@40.5C thermal@30.25C POM_5V_IN 1689/1912 POM_5V_GPU 82/103 POM_5V_CPU 164/330
RAM 1368/3964MB (lfb 8x4MB) SWAP 795/6078MB (cached 35MB) IRAM 0/252kB(lfb 252kB) CPU [8%@921,6%@921,off,off] EMC_FREQ 0%@1600 GR3D_FREQ 0%@614 APE 25 PLL@30C CPU@31.5C iwlwifi@32C PMIC@50C GPU@30C AO@41C thermal@30.75C POM_5V_IN 1689/1912 POM_5V_GPU 82/102 POM_5V_CPU 164/330
RAM 1368/3964MB (lfb 8x4MB) SWAP 795/6078MB (cached 35MB) IRAM 0/252kB(lfb 252kB) CPU [7%@921,6%@921,off,off] EMC_FREQ 0%@1600 GR3D_FREQ 0%@614 APE 25 PLL@29.5C CPU@31.5C iwlwifi@32C PMIC@50C GPU@30C AO@40.5C thermal@30.75C POM_5V_IN 1689/1912 POM_5V_GPU 82/102 POM_5V_CPU 164/329
RAM 1368/3964MB (lfb 8x4MB) SWAP 795/6078MB (cached 35MB) IRAM 0/252kB(lfb 252kB) CPU [4%@921,9%@921,off,off] EMC_FREQ 0%@1600 GR3D_FREQ 0%@614 APE 25 PLL@29.5C CPU@31.5C iwlwifi@32C PMIC@50C GPU@29.5C AO@40.5C thermal@30.5C POM_5V_IN 1689/1912 POM_5V_GPU 82/102 POM_5V_CPU 164/329
RAM 1368/3964MB (lfb 8x4MB) SWAP 795/6078MB (cached 35MB) IRAM 0/252kB(lfb 252kB) CPU [5%@921,8%@921,off,off] EMC_FREQ 0%@1600 GR3D_FREQ 0%@614 APE 25 PLL@29.5C CPU@31.5C iwlwifi@32C PMIC@50C GPU@29.5C AO@41C thermal@30.5C POM_5V_IN 1689/1911 POM_5V_GPU 82/102 POM_5V_CPU 164/329
RAM 1370/3964MB (lfb 8x4MB) SWAP 795/6078MB (cached 35MB) IRAM 0/252kB(lfb 252kB) CPU [8%@921,5%@921,off,off] EMC_FREQ 0%@1600 GR3D_FREQ 0%@614 APE 25 PLL@29.5C CPU@31.5C iwlwifi@32C PMIC@50C GPU@29.5C AO@41C thermal@30.75C POM_5V_IN 1689/1911 POM_5V_GPU 82/102 POM_5V_CPU 164/329
RAM 1372/3964MB (lfb 8x4MB) SWAP 795/6078MB (cached 35MB) IRAM 0/252kB(lfb 252kB) CPU [6%@921,7%@921,off,off] EMC_FREQ 0%@1600 GR3D_FREQ 0%@614 APE 25 PLL@29.5C CPU@31.5C iwlwifi@32C PMIC@50C GPU@29.5C AO@41C thermal@30.5C POM_5V_IN 1689/1911 POM_5V_GPU 82/102 POM_5V_CPU 164/329
RAM 1370/3964MB (lfb 8x4MB) SWAP 795/6078MB (cached 35MB) IRAM 0/252kB(lfb 252kB) CPU [5%@921,8%@921,off,off] EMC_FREQ 0%@1600 GR3D_FREQ 0%@614 APE 25 PLL@29.5C CPU@31.5C iwlwifi@32C PMIC@50C GPU@30C AO@41C thermal@30.75C POM_5V_IN 1689/1910 POM_5V_GPU 82/102 POM_5V_CPU 123/328
RAM 1368/3964MB (lfb 8x4MB) SWAP 795/6078MB (cached 35MB) IRAM 0/252kB(lfb 252kB) CPU [7%@921,6%@921,off,off] EMC_FREQ 0%@1600 GR3D_FREQ 0%@614 APE 25 PLL@29.5C CPU@31.5C iwlwifi@32C PMIC@50C GPU@30C AO@40.5C thermal@30.5C POM_5V_IN 1689/1910 POM_5V_GPU 82/102 POM_5V_CPU 164/328
RAM 1370/3964MB (lfb 8x4MB) SWAP 795/6078MB (cached 35MB) IRAM 0/252kB(lfb 252kB) CPU [6%@921,8%@921,off,off] EMC_FREQ 0%@1600 GR3D_FREQ 0%@614 APE 25 PLL@30C CPU@31.5C iwlwifi@32C PMIC@50C GPU@30C AO@41C thermal@30.25C POM_5V_IN 1689/1910 POM_5V_GPU 82/102 POM_5V_CPU 164/328
RAM 1368/3964MB (lfb 8x4MB) SWAP 795/6078MB (cached 35MB) IRAM 0/252kB(lfb 252kB) CPU [5%@921,7%@921,off,off] EMC_FREQ 0%@1600 GR3D_FREQ 0%@614 APE 25 PLL@29.5C CPU@31.5C iwlwifi@32C PMIC@50C GPU@30C AO@41C thermal@30.5C POM_5V_IN 1689/1909 POM_5V_GPU 82/102 POM_5V_CPU 164/328
RAM 1372/3964MB (lfb 8x4MB) SWAP 795/6078MB (cached 35MB) IRAM 0/252kB(lfb 252kB) CPU [8%@921,5%@921,off,off] EMC_FREQ 0%@1600 GR3D_FREQ 0%@614 APE 25 PLL@29.5C CPU@31.5C iwlwifi@32C PMIC@50C GPU@30C AO@40.5C thermal@30.75C POM_5V_IN 1731/1909 POM_5V_GPU 82/102 POM_5V_CPU 164/327
RAM 1372/3964MB (lfb 8x4MB) SWAP 795/6078MB (cached 35MB) IRAM 0/252kB(lfb 252kB) CPU [6%@921,8%@921,off,off] EMC_FREQ 0%@1600 GR3D_FREQ 0%@614 APE 25 PLL@29.5C CPU@31C iwlwifi@32C PMIC@50C GPU@29.5C AO@40.5C thermal@30.75C POM_5V_IN 1689/1909 POM_5V_GPU 82/102 POM_5V_CPU 164/327
RAM 1370/3964MB (lfb 8x4MB) SWAP 795/6078MB (cached 35MB) IRAM 0/252kB(lfb 252kB) CPU [8%@921,5%@921,off,off] EMC_FREQ 0%@1600 GR3D_FREQ 0%@614 APE 25 PLL@29.5C CPU@31C iwlwifi@32C PMIC@50C GPU@30C AO@40.5C thermal@30.75C POM_5V_IN 1689/1909 POM_5V_GPU 82/102 POM_5V_CPU 164/327
RAM 1370/3964MB (lfb 8x4MB) SWAP 795/6078MB (cached 35MB) IRAM 0/252kB(lfb 252kB) CPU [8%@921,6%@921,off,off] EMC_FREQ 0%@1600 GR3D_FREQ 0%@614 APE 25 PLL@29.5C CPU@31C iwlwifi@32C PMIC@50C GPU@29.5C AO@41C thermal@30.25C POM_5V_IN 1689/1908 POM_5V_GPU 82/102 POM_5V_CPU 164/327
RAM 1372/3964MB (lfb 8x4MB) SWAP 795/6078MB (cached 35MB) IRAM 0/252kB(lfb 252kB) CPU [4%@921,8%@921,off,off] EMC_FREQ 0%@1600 GR3D_FREQ 0%@614 APE 25 PLL@29.5C CPU@31C iwlwifi@32C PMIC@50C GPU@29.5C AO@41C thermal@30.5C POM_5V_IN 1689/1908 POM_5V_GPU 82/102 POM_5V_CPU 164/326
RAM 1370/3964MB (lfb 8x4MB) SWAP 795/6078MB (cached 35MB) IRAM 0/252kB(lfb 252kB) CPU [7%@921,7%@921,off,off] EMC_FREQ 0%@1600 GR3D_FREQ 0%@614 APE 25 PLL@29.5C CPU@31.5C iwlwifi@32C PMIC@50C GPU@30C AO@41C thermal@30.25C POM_5V_IN 1689/1908 POM_5V_GPU 82/102 POM_5V_CPU 164/326
RAM 1372/3964MB (lfb 8x4MB) SWAP 795/6078MB (cached 35MB) IRAM 0/252kB(lfb 252kB) CPU [4%@921,8%@921,off,off] EMC_FREQ 0%@1600 GR3D_FREQ 0%@614 APE 25 PLL@29C CPU@31.5C iwlwifi@32C PMIC@50C GPU@30C AO@40.5C thermal@30.75C POM_5V_IN 1689/1907 POM_5V_GPU 82/102 POM_5V_CPU 164/326
RAM 1372/3964MB (lfb 8x4MB) SWAP 795/6078MB (cached 35MB) IRAM 0/252kB(lfb 252kB) CPU [5%@921,9%@921,off,off] EMC_FREQ 0%@1600 GR3D_FREQ 0%@614 APE 25 PLL@29.5C CPU@31.5C iwlwifi@32C PMIC@50C GPU@29.5C AO@40.5C thermal@30.5C POM_5V_IN 1689/1907 POM_5V_GPU 82/102 POM_5V_CPU 164/326
RAM 1368/3964MB (lfb 8x4MB) SWAP 795/6078MB (cached 35MB) IRAM 0/252kB(lfb 252kB) CPU [8%@921,5%@921,off,off] EMC_FREQ 0%@1600 GR3D_FREQ 0%@614 APE 25 PLL@29.5C CPU@31C iwlwifi@32C PMIC@50C GPU@30C AO@41C thermal@30.5C POM_5V_IN 1689/1907 POM_5V_GPU 82/102 POM_5V_CPU 164/326
RAM 1370/3964MB (lfb 8x4MB) SWAP 795/6078MB (cached 35MB) IRAM 0/252kB(lfb 252kB) CPU [8%@921,6%@921,off,off] EMC_FREQ 0%@1600 GR3D_FREQ 0%@614 APE 25 PLL@29C CPU@31C iwlwifi@32C PMIC@50C GPU@29.5C AO@41C thermal@30.75C POM_5V_IN 1731/1907 POM_5V_GPU 82/102 POM_5V_CPU 164/325
RAM 1370/3964MB (lfb 8x4MB) SWAP 795/6078MB (cached 35MB) IRAM 0/252kB(lfb 252kB) CPU [7%@921,5%@921,off,off] EMC_FREQ 0%@1600 GR3D_FREQ 0%@614 APE 25 PLL@29.5C CPU@31.5C iwlwifi@32C PMIC@50C GPU@30C AO@40.5C thermal@30.5C POM_5V_IN 1689/1906 POM_5V_GPU 82/102 POM_5V_CPU 164/325
RAM 1370/3964MB (lfb 8x4MB) SWAP 795/6078MB (cached 35MB) IRAM 0/252kB(lfb 252kB) CPU [8%@921,5%@921,off,off] EMC_FREQ 0%@1600 GR3D_FREQ 0%@614 APE 25 PLL@29.5C CPU@31C iwlwifi@32C PMIC@50C GPU@30C AO@40.5C thermal@30.75C POM_5V_IN 1689/1906 POM_5V_GPU 82/102 POM_5V_CPU 164/325
RAM 1372/3964MB (lfb 8x4MB) SWAP 795/6078MB (cached 35MB) IRAM 0/252kB(lfb 252kB) CPU [8%@921,5%@921,off,off] EMC_FREQ 0%@1600 GR3D_FREQ 0%@614 APE 25 PLL@29.5C CPU@31C iwlwifi@32C PMIC@50C GPU@30C AO@40.5C thermal@30.75C POM_5V_IN 1772/1906 POM_5V_GPU 82/102 POM_5V_CPU 164/325
RAM 1368/3964MB (lfb 8x4MB) SWAP 795/6078MB (cached 35MB) IRAM 0/252kB(lfb 252kB) CPU [7%@921,6%@921,off,off] EMC_FREQ 0%@1600 GR3D_FREQ 0%@614 APE 25 PLL@29.5C CPU@31.5C iwlwifi@32C PMIC@50C GPU@29.5C AO@41.5C thermal@30.5C POM_5V_IN 1689/1905 POM_5V_GPU 82/102 POM_5V_CPU 164/324
RAM 1372/3964MB (lfb 8x4MB) SWAP 795/6078MB (cached 35MB) IRAM 0/252kB(lfb 252kB) CPU [5%@921,8%@921,off,off] EMC_FREQ 0%@1600 GR3D_FREQ 0%@614 APE 25 PLL@29C CPU@31.5C iwlwifi@32C PMIC@50C GPU@29.5C AO@41C thermal@30.75C POM_5V_IN 1689/1905 POM_5V_GPU 82/102 POM_5V_CPU 164/324
RAM 1372/3964MB (lfb 8x4MB) SWAP 795/6078MB (cached 35MB) IRAM 0/252kB(lfb 252kB) CPU [8%@921,5%@921,off,off] EMC_FREQ 0%@1600 GR3D_FREQ 0%@614 APE 25 PLL@29C CPU@31C iwlwifi@32C PMIC@50C GPU@30C AO@40.5C thermal@30.5C POM_5V_IN 1689/1905 POM_5V_GPU 82/102 POM_5V_CPU 123/324
RAM 1370/3964MB (lfb 8x4MB) SWAP 795/6078MB (cached 35MB) IRAM 0/252kB(lfb 252kB) CPU [5%@921,8%@921,off,off] EMC_FREQ 0%@1600 GR3D_FREQ 0%@614 APE 25 PLL@29.5C CPU@31C iwlwifi@32C PMIC@50C GPU@29.5C AO@40.5C thermal@30.25C POM_5V_IN 1689/1905 POM_5V_GPU 82/102 POM_5V_CPU 164/324
RAM 1368/3964MB (lfb 8x4MB) SWAP 795/6078MB (cached 35MB) IRAM 0/252kB(lfb 252kB) CPU [4%@921,8%@921,off,off] EMC_FREQ 0%@1600 GR3D_FREQ 0%@614 APE 25 PLL@29.5C CPU@31.5C iwlwifi@32C PMIC@50C GPU@29.5C AO@40.5C thermal@30.5C POM_5V_IN 1689/1904 POM_5V_GPU 82/102 POM_5V_CPU 164/324
RAM 1372/3964MB (lfb 8x4MB) SWAP 795/6078MB (cached 35MB) IRAM 0/252kB(lfb 252kB) CPU [8%@921,6%@921,off,off] EMC_FREQ 0%@1600 GR3D_FREQ 0%@614 APE 25 PLL@30C CPU@31C iwlwifi@32C PMIC@50C GPU@30C AO@40.5C thermal@30.75C POM_5V_IN 1689/1904 POM_5V_GPU 82/102 POM_5V_CPU 164/323
RAM 1372/3964MB (lfb 8x4MB) SWAP 795/6078MB (cached 35MB) IRAM 0/252kB(lfb 252kB) CPU [7%@921,6%@921,off,off] EMC_FREQ 0%@1600 GR3D_FREQ 0%@614 APE 25 PLL@29.5C CPU@31C iwlwifi@32C PMIC@50C GPU@30C AO@40.5C thermal@30.5C POM_5V_IN 1689/1904 POM_5V_GPU 82/102 POM_5V_CPU 164/323
RAM 1368/3964MB (lfb 8x4MB) SWAP 795/6078MB (cached 35MB) IRAM 0/252kB(lfb 252kB) CPU [6%@921,8%@921,off,off] EMC_FREQ 0%@1600 GR3D_FREQ 0%@614 APE 25 PLL@29.5C CPU@31C iwlwifi@32C PMIC@50C GPU@30C AO@41C thermal@30.75C POM_5V_IN 1731/1903 POM_5V_GPU 82/102 POM_5V_CPU 164/323
RAM 1374/3964MB (lfb 8x4MB) SWAP 795/6078MB (cached 35MB) IRAM 0/252kB(lfb 252kB) CPU [8%@921,10%@921,off,off] EMC_FREQ 0%@1600 GR3D_FREQ 0%@614 APE 25 PLL@29.5C CPU@31.5C iwlwifi@32C PMIC@50C GPU@29.5C AO@41C thermal@30.5C POM_5V_IN 1689/1903 POM_5V_GPU 82/102 POM_5V_CPU 164/323
RAM 1372/3964MB (lfb 8x4MB) SWAP 795/6078MB (cached 35MB) IRAM 0/252kB(lfb 252kB) CPU [10%@921,6%@921,off,off] EMC_FREQ 0%@1600 GR3D_FREQ 0%@614 APE 25 PLL@29.5C CPU@31.5C iwlwifi@32C PMIC@50C GPU@29.5C AO@40.5C thermal@30.75C POM_5V_IN 1689/1903 POM_5V_GPU 82/102 POM_5V_CPU 164/323
RAM 1368/3964MB (lfb 8x4MB) SWAP 795/6078MB (cached 35MB) IRAM 0/252kB(lfb 252kB) CPU [6%@921,6%@921,off,off] EMC_FREQ 0%@1600 GR3D_FREQ 0%@614 APE 25 PLL@29.5C CPU@31.5C iwlwifi@32C PMIC@50C GPU@30C AO@41C thermal@30.75C POM_5V_IN 1689/1903 POM_5V_GPU 82/102 POM_5V_CPU 164/322
RAM 1368/3964MB (lfb 8x4MB) SWAP 795/6078MB (cached 35MB) IRAM 0/252kB(lfb 252kB) CPU [7%@921,7%@921,off,off] EMC_FREQ 0%@1600 GR3D_FREQ 0%@614 APE 25 PLL@29.5C CPU@31.5C iwlwifi@32C PMIC@50C GPU@30C AO@41C thermal@30.75C POM_5V_IN 1689/1902 POM_5V_GPU 82/102 POM_5V_CPU 164/322
RAM 1368/3964MB (lfb 8x4MB) SWAP 795/6078MB (cached 35MB) IRAM 0/252kB(lfb 252kB) CPU [8%@921,5%@921,off,off] EMC_FREQ 0%@1600 GR3D_FREQ 0%@614 APE 25 PLL@29.5C CPU@31.5C iwlwifi@32C PMIC@50C GPU@29.5C AO@40.5C thermal@30.5C POM_5V_IN 1731/1902 POM_5V_GPU 82/102 POM_5V_CPU 164/322
RAM 1368/3964MB (lfb 8x4MB) SWAP 795/6078MB (cached 35MB) IRAM 0/252kB(lfb 252kB) CPU [7%@921,6%@921,off,off] EMC_FREQ 0%@1600 GR3D_FREQ 0%@614 APE 25 PLL@30C CPU@31.5C iwlwifi@32C PMIC@50C GPU@29.5C AO@41C thermal@30.5C POM_5V_IN 1689/1902 POM_5V_GPU 82/101 POM_5V_CPU 164/322
RAM 1373/3964MB (lfb 8x4MB) SWAP 795/6078MB (cached 35MB) IRAM 0/252kB(lfb 252kB) CPU [8%@921,5%@921,off,off] EMC_FREQ 0%@1600 GR3D_FREQ 0%@614 APE 25 PLL@30C CPU@31.5C iwlwifi@32C PMIC@50C GPU@30C AO@41C thermal@30.75C POM_5V_IN 1689/1902 POM_5V_GPU 82/101 POM_5V_CPU 164/321
RAM 1372/3964MB (lfb 8x4MB) SWAP 795/6078MB (cached 35MB) IRAM 0/252kB(lfb 252kB) CPU [6%@921,8%@921,off,off] EMC_FREQ 0%@1600 GR3D_FREQ 0%@614 APE 25 PLL@29.5C CPU@31.5C iwlwifi@32C PMIC@50C GPU@29.5C AO@40.5C thermal@30.75C POM_5V_IN 1689/1901 POM_5V_GPU 82/101 POM_5V_CPU 164/321
RAM 1370/3964MB (lfb 8x4MB) SWAP 795/6078MB (cached 35MB) IRAM 0/252kB(lfb 252kB) CPU [7%@921,6%@921,off,off] EMC_FREQ 0%@1600 GR3D_FREQ 0%@614 APE 25 PLL@29.5C CPU@31.5C iwlwifi@32C PMIC@50C GPU@29.5C AO@41C thermal@30.5C POM_5V_IN 1689/1901 POM_5V_GPU 82/101 POM_5V_CPU 164/321
RAM 1373/3964MB (lfb 8x4MB) SWAP 795/6078MB (cached 35MB) IRAM 0/252kB(lfb 252kB) CPU [6%@921,7%@921,off,off] EMC_FREQ 0%@1600 GR3D_FREQ 0%@614 APE 25 PLL@29.5C CPU@31.5C iwlwifi@33C PMIC@50C GPU@29.5C AO@41C thermal@30.75C POM_5V_IN 1689/1901 POM_5V_GPU 82/101 POM_5V_CPU 164/321
RAM 1368/3964MB (lfb 8x4MB) SWAP 795/6078MB (cached 35MB) IRAM 0/252kB(lfb 252kB) CPU [5%@921,10%@921,off,off] EMC_FREQ 0%@1600 GR3D_FREQ 0%@614 APE 25 PLL@29.5C CPU@31.5C iwlwifi@34C PMIC@50C GPU@29.5C AO@41C thermal@30.75C POM_5V_IN 1689/1900 POM_5V_GPU 82/101 POM_5V_CPU 164/321
RAM 1383/3964MB (lfb 8x4MB) SWAP 795/6078MB (cached 35MB) IRAM 0/252kB(lfb 252kB) CPU [8%@921,8%@921,off,off] EMC_FREQ 0%@1600 GR3D_FREQ 0%@614 APE 25 PLL@29.5C CPU@31.5C iwlwifi@32C PMIC@50C GPU@30C AO@41C thermal@30.75C POM_5V_IN 1731/1900 POM_5V_GPU 82/101 POM_5V_CPU 164/320
RAM 1370/3964MB (lfb 8x4MB) SWAP 795/6078MB (cached 35MB) IRAM 0/252kB(lfb 252kB) CPU [5%@921,10%@921,off,off] EMC_FREQ 0%@1600 GR3D_FREQ 0%@614 APE 25 PLL@30C CPU@31.5C iwlwifi@33C PMIC@50C GPU@30C AO@40.5C thermal@30.75C POM_5V_IN 1728/1900 POM_5V_GPU 82/101 POM_5V_CPU 164/320
RAM 1371/3964MB (lfb 8x4MB) SWAP 795/6078MB (cached 35MB) IRAM 0/252kB(lfb 252kB) CPU [7%@921,7%@921,off,off] EMC_FREQ 0%@1600 GR3D_FREQ 0%@614 APE 25 PLL@29.5C CPU@31.5C iwlwifi@32C PMIC@50C GPU@30C AO@41C thermal@30.5C POM_5V_IN 1687/1900 POM_5V_GPU 82/101 POM_5V_CPU 164/320
RAM 1372/3964MB (lfb 8x4MB) SWAP 795/6078MB (cached 35MB) IRAM 0/252kB(lfb 252kB) CPU [5%@921,9%@921,off,off] EMC_FREQ 0%@1600 GR3D_FREQ 0%@614 APE 25 PLL@29C CPU@31C iwlwifi@32C PMIC@50C GPU@30C AO@41C thermal@30.5C POM_5V_IN 1687/1899 POM_5V_GPU 82/101 POM_5V_CPU 164/320
RAM 1371/3964MB (lfb 8x4MB) SWAP 795/6078MB (cached 35MB) IRAM 0/252kB(lfb 252kB) CPU [6%@921,7%@921,off,off] EMC_FREQ 0%@1600 GR3D_FREQ 0%@614 APE 25 PLL@30C CPU@31.5C iwlwifi@32C PMIC@50C GPU@30C AO@41C thermal@30.5C POM_5V_IN 1689/1899 POM_5V_GPU 82/101 POM_5V_CPU 164/320
RAM 1368/3964MB (lfb 8x4MB) SWAP 795/6078MB (cached 35MB) IRAM 0/252kB(lfb 252kB) CPU [7%@921,7%@921,off,off] EMC_FREQ 0%@1600 GR3D_FREQ 0%@614 APE 25 PLL@30C CPU@31.5C iwlwifi@32C PMIC@50C GPU@30C AO@41C thermal@30.5C POM_5V_IN 1689/1899 POM_5V_GPU 82/101 POM_5V_CPU 123/319
RAM 1371/3964MB (lfb 8x4MB) SWAP 795/6078MB (cached 35MB) IRAM 0/252kB(lfb 252kB) CPU [8%@921,6%@921,off,off] EMC_FREQ 0%@1600 GR3D_FREQ 0%@614 APE 25 PLL@29.5C CPU@31C iwlwifi@32C PMIC@50C GPU@29.5C AO@41C thermal@30.75C POM_5V_IN 1689/1899 POM_5V_GPU 82/101 POM_5V_CPU 164/319
RAM 1368/3964MB (lfb 8x4MB) SWAP 795/6078MB (cached 35MB) IRAM 0/252kB(lfb 252kB) CPU [9%@921,5%@921,off,off] EMC_FREQ 0%@1600 GR3D_FREQ 0%@614 APE 25 PLL@29.5C CPU@31.5C iwlwifi@32C PMIC@50C GPU@30C AO@41C thermal@30.25C POM_5V_IN 1689/1898 POM_5V_GPU 82/101 POM_5V_CPU 164/319
RAM 1368/3964MB (lfb 8x4MB) SWAP 795/6078MB (cached 35MB) IRAM 0/252kB(lfb 252kB) CPU [7%@921,6%@921,off,off] EMC_FREQ 0%@1600 GR3D_FREQ 0%@614 APE 25 PLL@29.5C CPU@31.5C iwlwifi@32C PMIC@50C GPU@30C AO@41C thermal@30.75C POM_5V_IN 1689/1898 POM_5V_GPU 82/101 POM_5V_CPU 164/319
RAM 1373/3964MB (lfb 8x4MB) SWAP 795/6078MB (cached 35MB) IRAM 0/252kB(lfb 252kB) CPU [6%@921,7%@921,off,off] EMC_FREQ 0%@1600 GR3D_FREQ 0%@614 APE 25 PLL@29.5C CPU@31C iwlwifi@32C PMIC@50C GPU@30C AO@41C thermal@30.75C POM_5V_IN 1689/1898 POM_5V_GPU 82/101 POM_5V_CPU 164/319
RAM 1368/3964MB (lfb 8x4MB) SWAP 795/6078MB (cached 35MB) IRAM 0/252kB(lfb 252kB) CPU [7%@921,6%@921,off,off] EMC_FREQ 0%@1600 GR3D_FREQ 0%@614 APE 25 PLL@29.5C CPU@31C iwlwifi@32C PMIC@50C GPU@30C AO@41C thermal@30.75C POM_5V_IN 1689/1898 POM_5V_GPU 82/101 POM_5V_CPU 164/318
RAM 1372/3964MB (lfb 8x4MB) SWAP 795/6078MB (cached 35MB) IRAM 0/252kB(lfb 252kB) CPU [6%@921,8%@921,off,off] EMC_FREQ 0%@1600 GR3D_FREQ 0%@614 APE 25 PLL@29.5C CPU@31.5C iwlwifi@32C PMIC@50C GPU@30C AO@41C thermal@30.5C POM_5V_IN 1687/1897 POM_5V_GPU 82/101 POM_5V_CPU 164/318
RAM 1372/3964MB (lfb 8x4MB) SWAP 795/6078MB (cached 35MB) IRAM 0/252kB(lfb 252kB) CPU [6%@921,7%@921,off,off] EMC_FREQ 0%@1600 GR3D_FREQ 0%@614 APE 25 PLL@30C CPU@31.5C iwlwifi@32C PMIC@50C GPU@29.5C AO@41C thermal@30.75C POM_5V_IN 1689/1897 POM_5V_GPU 82/101 POM_5V_CPU 164/318
RAM 1372/3964MB (lfb 8x4MB) SWAP 795/6078MB (cached 35MB) IRAM 0/252kB(lfb 252kB) CPU [6%@921,7%@921,off,off] EMC_FREQ 0%@1600 GR3D_FREQ 0%@614 APE 25 PLL@30C CPU@31.5C iwlwifi@32C PMIC@50C GPU@29.5C AO@40.5C thermal@30.75C POM_5V_IN 1689/1897 POM_5V_GPU 82/101 POM_5V_CPU 164/318
RAM 1370/3964MB (lfb 8x4MB) SWAP 795/6078MB (cached 35MB) IRAM 0/252kB(lfb 252kB) CPU [5%@921,8%@921,off,off] EMC_FREQ 0%@1600 GR3D_FREQ 0%@614 APE 25 PLL@29.5C CPU@31.5C iwlwifi@32C PMIC@50C GPU@29.5C AO@41C thermal@30.5C POM_5V_IN 1689/1896 POM_5V_GPU 82/101 POM_5V_CPU 164/318
RAM 1372/3964MB (lfb 8x4MB) SWAP 795/6078MB (cached 35MB) IRAM 0/252kB(lfb 252kB) CPU [8%@921,5%@921,off,off] EMC_FREQ 0%@1600 GR3D_FREQ 0%@614 APE 25 PLL@29.5C CPU@31.5C iwlwifi@32C PMIC@50C GPU@29.5C AO@41C thermal@30.5C POM_5V_IN 1689/1896 POM_5V_GPU 82/101 POM_5V_CPU 164/317
RAM 1368/3964MB (lfb 8x4MB) SWAP 795/6078MB (cached 35MB) IRAM 0/252kB(lfb 252kB) CPU [7%@921,8%@921,off,off] EMC_FREQ 0%@1600 GR3D_FREQ 0%@614 APE 25 PLL@29.5C CPU@31.5C iwlwifi@32C PMIC@50C GPU@29.5C AO@41C thermal@30.5C POM_5V_IN 1689/1896 POM_5V_GPU 82/101 POM_5V_CPU 123/317
RAM 1370/3964MB (lfb 8x4MB) SWAP 795/6078MB (cached 35MB) IRAM 0/252kB(lfb 252kB) CPU [7%@921,6%@921,off,off] EMC_FREQ 0%@1600 GR3D_FREQ 0%@614 APE 25 PLL@30C CPU@31.5C iwlwifi@32C PMIC@50C GPU@30C AO@41C thermal@30.5C POM_5V_IN 1689/1896 POM_5V_GPU 82/101 POM_5V_CPU 164/317
RAM 1372/3964MB (lfb 8x4MB) SWAP 795/6078MB (cached 35MB) IRAM 0/252kB(lfb 252kB) CPU [5%@921,8%@921,off,off] EMC_FREQ 0%@1600 GR3D_FREQ 0%@614 APE 25 PLL@29.5C CPU@31C iwlwifi@32C PMIC@50C GPU@29.5C AO@41C thermal@30.5C POM_5V_IN 1689/1895 POM_5V_GPU 82/101 POM_5V_CPU 164/317
RAM 1370/3964MB (lfb 8x4MB) SWAP 795/6078MB (cached 35MB) IRAM 0/252kB(lfb 252kB) CPU [8%@921,6%@921,off,off] EMC_FREQ 0%@1600 GR3D_FREQ 0%@614 APE 25 PLL@29.5C CPU@31.5C iwlwifi@32C PMIC@50C GPU@30C AO@41C thermal@30.75C POM_5V_IN 1689/1895 POM_5V_GPU 82/101 POM_5V_CPU 164/316
RAM 1368/3964MB (lfb 8x4MB) SWAP 795/6078MB (cached 35MB) IRAM 0/252kB(lfb 252kB) CPU [7%@921,7%@921,off,off] EMC_FREQ 0%@1600 GR3D_FREQ 0%@614 APE 25 PLL@29.5C CPU@31.5C iwlwifi@32C PMIC@50C GPU@29.5C AO@41C thermal@30.25C POM_5V_IN 1689/1895 POM_5V_GPU 82/101 POM_5V_CPU 164/316
RAM 1368/3964MB (lfb 8x4MB) SWAP 795/6078MB (cached 35MB) IRAM 0/252kB(lfb 252kB) CPU [5%@921,8%@921,off,off] EMC_FREQ 0%@1600 GR3D_FREQ 0%@614 APE 25 PLL@29C CPU@31.5C iwlwifi@32C PMIC@50C GPU@29.5C AO@41C thermal@30.5C POM_5V_IN 1689/1895 POM_5V_GPU 82/101 POM_5V_CPU 164/316
RAM 1370/3964MB (lfb 8x4MB) SWAP 795/6078MB (cached 35MB) IRAM 0/252kB(lfb 252kB) CPU [8%@921,6%@921,off,off] EMC_FREQ 0%@1600 GR3D_FREQ 0%@614 APE 25 PLL@29.5C CPU@31.5C iwlwifi@32C PMIC@50C GPU@29.5C AO@41C thermal@30.75C POM_5V_IN 1731/1894 POM_5V_GPU 82/101 POM_5V_CPU 164/316
RAM 1368/3964MB (lfb 8x4MB) SWAP 795/6078MB (cached 35MB) IRAM 0/252kB(lfb 252kB) CPU [5%@921,7%@921,off,off] EMC_FREQ 0%@1600 GR3D_FREQ 0%@614 APE 25 PLL@29C CPU@31C iwlwifi@32C PMIC@50C GPU@30C AO@41C thermal@30.25C POM_5V_IN 1689/1894 POM_5V_GPU 82/101 POM_5V_CPU 123/316
RAM 1371/3964MB (lfb 8x4MB) SWAP 795/6078MB (cached 35MB) IRAM 0/252kB(lfb 252kB) CPU [8%@921,6%@921,off,off] EMC_FREQ 0%@1600 GR3D_FREQ 0%@614 APE 25 PLL@29.5C CPU@31.5C iwlwifi@32C PMIC@50C GPU@29.5C AO@41C thermal@30.75C POM_5V_IN 1689/1894 POM_5V_GPU 82/101 POM_5V_CPU 123/315
RAM 1372/3964MB (lfb 8x4MB) SWAP 795/6078MB (cached 35MB) IRAM 0/252kB(lfb 252kB) CPU [5%@921,8%@921,off,off] EMC_FREQ 0%@1600 GR3D_FREQ 0%@614 APE 25 PLL@29.5C CPU@31C iwlwifi@32C PMIC@50C GPU@30C AO@40.5C thermal@30.75C POM_5V_IN 1731/1894 POM_5V_GPU 82/101 POM_5V_CPU 164/315
RAM 1370/3964MB (lfb 8x4MB) SWAP 795/6078MB (cached 35MB) IRAM 0/252kB(lfb 252kB) CPU [7%@921,7%@921,off,off] EMC_FREQ 0%@1600 GR3D_FREQ 0%@614 APE 25 PLL@29.5C CPU@31.5C iwlwifi@32C PMIC@50C GPU@29.5C AO@41C thermal@30.5C POM_5V_IN 1689/1893 POM_5V_GPU 82/101 POM_5V_CPU 164/315
RAM 1370/3964MB (lfb 8x4MB) SWAP 795/6078MB (cached 35MB) IRAM 0/252kB(lfb 252kB) CPU [9%@921,4%@921,off,off] EMC_FREQ 0%@1600 GR3D_FREQ 0%@614 APE 25 PLL@29.5C CPU@31.5C iwlwifi@32C PMIC@50C GPU@30C AO@40.5C thermal@30.75C POM_5V_IN 1689/1893 POM_5V_GPU 82/101 POM_5V_CPU 164/315
RAM 1370/3964MB (lfb 8x4MB) SWAP 795/6078MB (cached 35MB) IRAM 0/252kB(lfb 252kB) CPU [7%@921,6%@921,off,off] EMC_FREQ 0%@1600 GR3D_FREQ 0%@614 APE 25 PLL@29.5C CPU@31C iwlwifi@32C PMIC@50C GPU@29.5C AO@41C thermal@30.5C POM_5V_IN 1689/1893 POM_5V_GPU 82/101 POM_5V_CPU 164/315
RAM 1368/3964MB (lfb 8x4MB) SWAP 795/6078MB (cached 35MB) IRAM 0/252kB(lfb 252kB) CPU [6%@921,8%@921,off,off] EMC_FREQ 0%@1600 GR3D_FREQ 0%@614 APE 25 PLL@29.5C CPU@31.5C iwlwifi@32C PMIC@50C GPU@30C AO@41C thermal@30.5C POM_5V_IN 1689/1893 POM_5V_GPU 82/101 POM_5V_CPU 164/314
RAM 1370/3964MB (lfb 8x4MB) SWAP 795/6078MB (cached 35MB) IRAM 0/252kB(lfb 252kB) CPU [7%@921,6%@921,off,off] EMC_FREQ 0%@1600 GR3D_FREQ 0%@614 APE 25 PLL@29.5C CPU@31C iwlwifi@32C PMIC@50C GPU@29.5C AO@41C thermal@30.25C POM_5V_IN 1689/1892 POM_5V_GPU 82/101 POM_5V_CPU 164/314
RAM 1372/3964MB (lfb 8x4MB) SWAP 795/6078MB (cached 35MB) IRAM 0/252kB(lfb 252kB) CPU [6%@921,7%@921,off,off] EMC_FREQ 0%@1600 GR3D_FREQ 0%@614 APE 25 PLL@29C CPU@31.5C iwlwifi@32C PMIC@50C GPU@29.5C AO@41C thermal@30.5C POM_5V_IN 1689/1892 POM_5V_GPU 82/101 POM_5V_CPU 164/314
RAM 1368/3964MB (lfb 8x4MB) SWAP 795/6078MB (cached 35MB) IRAM 0/252kB(lfb 252kB) CPU [8%@921,5%@921,off,off] EMC_FREQ 0%@1600 GR3D_FREQ 0%@614 APE 25 PLL@29.5C CPU@31.5C iwlwifi@32C PMIC@50C GPU@29.5C AO@40.5C thermal@30.25C POM_5V_IN 1689/1892 POM_5V_GPU 82/101 POM_5V_CPU 164/314
RAM 1372/3964MB (lfb 8x4MB) SWAP 795/6078MB (cached 35MB) IRAM 0/252kB(lfb 252kB) CPU [6%@921,7%@921,off,off] EMC_FREQ 0%@1600 GR3D_FREQ 0%@614 APE 25 PLL@29.5C CPU@31C iwlwifi@32C PMIC@50C GPU@29.5C AO@41C thermal@30.5C POM_5V_IN 1689/1892 POM_5V_GPU 82/100 POM_5V_CPU 164/314
RAM 1372/3964MB (lfb 8x4MB) SWAP 795/6078MB (cached 35MB) IRAM 0/252kB(lfb 252kB) CPU [8%@921,5%@921,off,off] EMC_FREQ 0%@1600 GR3D_FREQ 0%@614 APE 25 PLL@29.5C CPU@31.5C iwlwifi@32C PMIC@50C GPU@29.5C AO@41C thermal@30.5C POM_5V_IN 1689/1891 POM_5V_GPU 82/100 POM_5V_CPU 123/313
RAM 1371/3964MB (lfb 8x4MB) SWAP 795/6078MB (cached 35MB) IRAM 0/252kB(lfb 252kB) CPU [6%@921,8%@921,off,off] EMC_FREQ 0%@1600 GR3D_FREQ 0%@614 APE 25 PLL@29.5C CPU@31.5C iwlwifi@33C PMIC@50C GPU@29.5C AO@41C thermal@30.5C POM_5V_IN 1689/1891 POM_5V_GPU 82/100 POM_5V_CPU 164/313
RAM 1370/3964MB (lfb 8x4MB) SWAP 795/6078MB (cached 35MB) IRAM 0/252kB(lfb 252kB) CPU [5%@921,9%@921,off,off] EMC_FREQ 0%@1600 GR3D_FREQ 0%@614 APE 25 PLL@29.5C CPU@31C iwlwifi@32C PMIC@50C GPU@29.5C AO@41C thermal@30.5C POM_5V_IN 1731/1891 POM_5V_GPU 82/100 POM_5V_CPU 164/313
RAM 1368/3964MB (lfb 8x4MB) SWAP 795/6078MB (cached 35MB) IRAM 0/252kB(lfb 252kB) CPU [7%@921,7%@921,off,off] EMC_FREQ 0%@1600 GR3D_FREQ 0%@614 APE 25 PLL@29.5C CPU@31C iwlwifi@32C PMIC@50C GPU@30C AO@41C thermal@30.25C POM_5V_IN 1687/1891 POM_5V_GPU 82/100 POM_5V_CPU 164/313
RAM 1371/3964MB (lfb 8x4MB) SWAP 795/6078MB (cached 35MB) IRAM 0/252kB(lfb 252kB) CPU [7%@921,6%@921,off,off] EMC_FREQ 0%@1600 GR3D_FREQ 0%@614 APE 25 PLL@29.5C CPU@31C iwlwifi@32C PMIC@50C GPU@29.5C AO@40.5C thermal@30.25C POM_5V_IN 1689/1890 POM_5V_GPU 82/100 POM_5V_CPU 164/313
RAM 1374/3964MB (lfb 8x4MB) SWAP 795/6078MB (cached 35MB) IRAM 0/252kB(lfb 252kB) CPU [7%@921,8%@921,off,off] EMC_FREQ 0%@1600 GR3D_FREQ 0%@614 APE 25 PLL@29.5C CPU@31.5C iwlwifi@32C PMIC@50C GPU@29.5C AO@40.5C thermal@30.5C POM_5V_IN 1689/1890 POM_5V_GPU 82/100 POM_5V_CPU 123/312
RAM 1370/3964MB (lfb 8x4MB) SWAP 795/6078MB (cached 35MB) IRAM 0/252kB(lfb 252kB) CPU [8%@921,4%@921,off,off] EMC_FREQ 0%@1600 GR3D_FREQ 0%@614 APE 25 PLL@29.5C CPU@31.5C iwlwifi@32C PMIC@50C GPU@29.5C AO@41C thermal@30.5C POM_5V_IN 1689/1890 POM_5V_GPU 82/100 POM_5V_CPU 123/312
RAM 1371/3964MB (lfb 8x4MB) SWAP 795/6078MB (cached 35MB) IRAM 0/252kB(lfb 252kB) CPU [8%@921,6%@921,off,off] EMC_FREQ 0%@1600 GR3D_FREQ 0%@614 APE 25 PLL@29.5C CPU@31C iwlwifi@32C PMIC@50C GPU@29.5C AO@41C thermal@30.25C POM_5V_IN 1689/1890 POM_5V_GPU 82/100 POM_5V_CPU 164/312
RAM 1370/3964MB (lfb 8x4MB) SWAP 795/6078MB (cached 35MB) IRAM 0/252kB(lfb 252kB) CPU [7%@921,7%@921,off,off] EMC_FREQ 0%@1600 GR3D_FREQ 0%@614 APE 25 PLL@29.5C CPU@31C iwlwifi@32C PMIC@50C GPU@29.5C AO@40.5C thermal@30.5C POM_5V_IN 1689/1889 POM_5V_GPU 82/100 POM_5V_CPU 164/312
RAM 1372/3964MB (lfb 8x4MB) SWAP 795/6078MB (cached 35MB) IRAM 0/252kB(lfb 252kB) CPU [6%@921,7%@921,off,off] EMC_FREQ 0%@1600 GR3D_FREQ 0%@614 APE 25 PLL@29.5C CPU@31C iwlwifi@32C PMIC@50C GPU@30C AO@40.5C thermal@30.5C POM_5V_IN 1689/1889 POM_5V_GPU 82/100 POM_5V_CPU 164/312
RAM 1369/3964MB (lfb 8x4MB) SWAP 795/6078MB (cached 35MB) IRAM 0/252kB(lfb 252kB) CPU [8%@921,5%@921,off,off] EMC_FREQ 0%@1600 GR3D_FREQ 0%@614 APE 25 PLL@29.5C CPU@31C iwlwifi@32C PMIC@50C GPU@29.5C AO@41C thermal@30.5C POM_5V_IN 1689/1889 POM_5V_GPU 82/100 POM_5V_CPU 164/311
RAM 1368/3964MB (lfb 8x4MB) SWAP 795/6078MB (cached 35MB) IRAM 0/252kB(lfb 252kB) CPU [7%@921,6%@921,off,off] EMC_FREQ 0%@1600 GR3D_FREQ 0%@614 APE 25 PLL@29.5C CPU@31.5C iwlwifi@32C PMIC@50C GPU@29.5C AO@40.5C thermal@30.25C POM_5V_IN 1689/1889 POM_5V_GPU 82/100 POM_5V_CPU 164/311
RAM 1368/3964MB (lfb 8x4MB) SWAP 795/6078MB (cached 35MB) IRAM 0/252kB(lfb 252kB) CPU [6%@921,8%@921,off,off] EMC_FREQ 0%@1600 GR3D_FREQ 0%@614 APE 25 PLL@29.5C CPU@31C iwlwifi@32C PMIC@50C GPU@29.5C AO@40.5C thermal@30.75C POM_5V_IN 1689/1888 POM_5V_GPU 82/100 POM_5V_CPU 164/311
RAM 1369/3964MB (lfb 8x4MB) SWAP 795/6078MB (cached 35MB) IRAM 0/252kB(lfb 252kB) CPU [7%@921,6%@921,off,off] EMC_FREQ 0%@1600 GR3D_FREQ 0%@614 APE 25 PLL@29.5C CPU@31C iwlwifi@32C PMIC@50C GPU@29.5C AO@40.5C thermal@30.25C POM_5V_IN 1689/1888 POM_5V_GPU 82/100 POM_5V_CPU 164/311
RAM 1370/3964MB (lfb 8x4MB) SWAP 795/6078MB (cached 35MB) IRAM 0/252kB(lfb 252kB) CPU [6%@921,7%@921,off,off] EMC_FREQ 0%@1600 GR3D_FREQ 0%@614 APE 25 PLL@29.5C CPU@31C iwlwifi@32C PMIC@50C GPU@30C AO@41C thermal@30.25C POM_5V_IN 1689/1888 POM_5V_GPU 82/100 POM_5V_CPU 164/311
RAM 1368/3964MB (lfb 8x4MB) SWAP 795/6078MB (cached 35MB) IRAM 0/252kB(lfb 252kB) CPU [6%@921,7%@921,off,off] EMC_FREQ 0%@1600 GR3D_FREQ 0%@614 APE 25 PLL@29.5C CPU@31.5C iwlwifi@32C PMIC@50C GPU@29.5C AO@41C thermal@30.25C POM_5V_IN 1687/1888 POM_5V_GPU 82/100 POM_5V_CPU 164/311
RAM 1369/3964MB (lfb 8x4MB) SWAP 795/6078MB (cached 35MB) IRAM 0/252kB(lfb 252kB) CPU [7%@921,7%@921,off,off] EMC_FREQ 0%@1600 GR3D_FREQ 0%@614 APE 25 PLL@29C CPU@31C iwlwifi@32C PMIC@50C GPU@29.5C AO@40.5C thermal@30.5C POM_5V_IN 1689/1887 POM_5V_GPU 82/100 POM_5V_CPU 164/310
RAM 1373/3964MB (lfb 8x4MB) SWAP 795/6078MB (cached 35MB) IRAM 0/252kB(lfb 252kB) CPU [6%@921,7%@921,off,off] EMC_FREQ 0%@1600 GR3D_FREQ 0%@614 APE 25 PLL@29C CPU@31C iwlwifi@32C PMIC@50C GPU@29.5C AO@41C thermal@30.75C POM_5V_IN 1687/1887 POM_5V_GPU 82/100 POM_5V_CPU 164/310
RAM 1369/3964MB (lfb 8x4MB) SWAP 795/6078MB (cached 35MB) IRAM 0/252kB(lfb 252kB) CPU [7%@921,7%@921,off,off] EMC_FREQ 0%@1600 GR3D_FREQ 0%@614 APE 25 PLL@29.5C CPU@31C iwlwifi@32C PMIC@50C GPU@29.5C AO@40.5C thermal@30.5C POM_5V_IN 1689/1887 POM_5V_GPU 82/100 POM_5V_CPU 164/310
RAM 1369/3964MB (lfb 8x4MB) SWAP 795/6078MB (cached 35MB) IRAM 0/252kB(lfb 252kB) CPU [6%@921,7%@921,off,off] EMC_FREQ 0%@1600 GR3D_FREQ 0%@614 APE 25 PLL@29.5C CPU@31.5C iwlwifi@32C PMIC@50C GPU@30C AO@41C thermal@30.25C POM_5V_IN 1689/1887 POM_5V_GPU 82/100 POM_5V_CPU 123/310
RAM 1370/3964MB (lfb 8x4MB) SWAP 795/6078MB (cached 35MB) IRAM 0/252kB(lfb 252kB) CPU [8%@921,6%@921,off,off] EMC_FREQ 0%@1600 GR3D_FREQ 0%@614 APE 25 PLL@29.5C CPU@31.5C iwlwifi@32C PMIC@50C GPU@29.5C AO@40.5C thermal@30.5C POM_5V_IN 1689/1886 POM_5V_GPU 82/100 POM_5V_CPU 164/310
RAM 1368/3964MB (lfb 8x4MB) SWAP 795/6078MB (cached 35MB) IRAM 0/252kB(lfb 252kB) CPU [8%@921,5%@921,off,off] EMC_FREQ 0%@1600 GR3D_FREQ 0%@614 APE 25 PLL@29.5C CPU@31C iwlwifi@32C PMIC@50C GPU@29.5C AO@40.5C thermal@30.25C POM_5V_IN 1689/1886 POM_5V_GPU 82/100 POM_5V_CPU 164/309
RAM 1370/3964MB (lfb 8x4MB) SWAP 795/6078MB (cached 35MB) IRAM 0/252kB(lfb 252kB) CPU [7%@921,7%@921,off,off] EMC_FREQ 0%@1600 GR3D_FREQ 0%@614 APE 25 PLL@29.5C CPU@31.5C iwlwifi@32C PMIC@50C GPU@29.5C AO@40.5C thermal@30.5C POM_5V_IN 1689/1886 POM_5V_GPU 82/100 POM_5V_CPU 164/309
RAM 1371/3964MB (lfb 8x4MB) SWAP 795/6078MB (cached 35MB) IRAM 0/252kB(lfb 252kB) CPU [6%@921,6%@921,off,off] EMC_FREQ 0%@1600 GR3D_FREQ 0%@614 APE 25 PLL@29.5C CPU@31C iwlwifi@32C PMIC@50C GPU@29.5C AO@40.5C thermal@30.5C POM_5V_IN 1689/1886 POM_5V_GPU 82/100 POM_5V_CPU 164/309
RAM 1368/3964MB (lfb 8x4MB) SWAP 795/6078MB (cached 35MB) IRAM 0/252kB(lfb 252kB) CPU [6%@921,8%@921,off,off] EMC_FREQ 0%@1600 GR3D_FREQ 0%@614 APE 25 PLL@29.5C CPU@31C iwlwifi@32C PMIC@50C GPU@29.5C AO@41C thermal@30.25C POM_5V_IN 1689/1885 POM_5V_GPU 82/100 POM_5V_CPU 164/309
RAM 1372/3964MB (lfb 8x4MB) SWAP 795/6078MB (cached 35MB) IRAM 0/252kB(lfb 252kB) CPU [6%@921,8%@921,off,off] EMC_FREQ 0%@1600 GR3D_FREQ 0%@614 APE 25 PLL@29.5C CPU@31C iwlwifi@32C PMIC@50C GPU@29.5C AO@40.5C thermal@30.75C POM_5V_IN 1689/1885 POM_5V_GPU 82/100 POM_5V_CPU 164/309
RAM 1368/3964MB (lfb 8x4MB) SWAP 795/6078MB (cached 35MB) IRAM 0/252kB(lfb 252kB) CPU [7%@921,6%@921,off,off] EMC_FREQ 0%@1600 GR3D_FREQ 0%@614 APE 25 PLL@29C CPU@31.5C iwlwifi@32C PMIC@50C GPU@29.5C AO@40.5C thermal@30.5C POM_5V_IN 1731/1885 POM_5V_GPU 82/100 POM_5V_CPU 164/309
RAM 1368/3964MB (lfb 8x4MB) SWAP 795/6078MB (cached 35MB) IRAM 0/252kB(lfb 252kB) CPU [9%@921,5%@921,off,off] EMC_FREQ 0%@1600 GR3D_FREQ 0%@614 APE 25 PLL@29.5C CPU@31.5C iwlwifi@32C PMIC@50C GPU@29.5C AO@40.5C thermal@30.5C POM_5V_IN 1689/1885 POM_5V_GPU 82/100 POM_5V_CPU 164/308
RAM 1370/3964MB (lfb 8x4MB) SWAP 795/6078MB (cached 35MB) IRAM 0/252kB(lfb 252kB) CPU [8%@921,4%@921,off,off] EMC_FREQ 0%@1600 GR3D_FREQ 0%@614 APE 25 PLL@29.5C CPU@31.5C iwlwifi@32C PMIC@50C GPU@29.5C AO@40.5C thermal@30.5C POM_5V_IN 1689/1885 POM_5V_GPU 82/100 POM_5V_CPU 123/308
RAM 1368/3964MB (lfb 8x4MB) SWAP 795/6078MB (cached 35MB) IRAM 0/252kB(lfb 252kB) CPU [6%@921,8%@921,off,off] EMC_FREQ 0%@1600 GR3D_FREQ 0%@614 APE 25 PLL@29.5C CPU@31.5C iwlwifi@32C PMIC@50C GPU@29.5C AO@41C thermal@30.5C POM_5V_IN 1689/1884 POM_5V_GPU 82/100 POM_5V_CPU 164/308
RAM 1368/3964MB (lfb 8x4MB) SWAP 795/6078MB (cached 35MB) IRAM 0/252kB(lfb 252kB) CPU [6%@921,7%@921,off,off] EMC_FREQ 0%@1600 GR3D_FREQ 0%@614 APE 25 PLL@29.5C CPU@31C iwlwifi@32C PMIC@50C GPU@29C AO@41C thermal@30.5C POM_5V_IN 1689/1884 POM_5V_GPU 82/100 POM_5V_CPU 164/308
RAM 1370/3964MB (lfb 8x4MB) SWAP 795/6078MB (cached 35MB) IRAM 0/252kB(lfb 252kB) CPU [7%@921,6%@921,off,off] EMC_FREQ 0%@1600 GR3D_FREQ 0%@614 APE 25 PLL@29.5C CPU@31.5C iwlwifi@32C PMIC@50C GPU@29.5C AO@40.5C thermal@30.5C POM_5V_IN 1689/1884 POM_5V_GPU 82/100 POM_5V_CPU 123/308
RAM 1371/3964MB (lfb 8x4MB) SWAP 795/6078MB (cached 35MB) IRAM 0/252kB(lfb 252kB) CPU [6%@921,8%@921,off,off] EMC_FREQ 0%@1600 GR3D_FREQ 0%@614 APE 25 PLL@29C CPU@31.5C iwlwifi@32C PMIC@50C GPU@29.5C AO@40.5C thermal@30.5C POM_5V_IN 1689/1884 POM_5V_GPU 82/100 POM_5V_CPU 164/307
RAM 1372/3964MB (lfb 8x4MB) SWAP 795/6078MB (cached 35MB) IRAM 0/252kB(lfb 252kB) CPU [9%@921,4%@921,off,off] EMC_FREQ 0%@1600 GR3D_FREQ 0%@614 APE 25 PLL@29C CPU@32C iwlwifi@32C PMIC@50C GPU@29.5C AO@40.5C thermal@30.5C POM_5V_IN 1689/1883 POM_5V_GPU 82/100 POM_5V_CPU 164/307
RAM 1369/3964MB (lfb 8x4MB) SWAP 795/6078MB (cached 35MB) IRAM 0/252kB(lfb 252kB) CPU [6%@921,7%@921,off,off] EMC_FREQ 0%@1600 GR3D_FREQ 0%@614 APE 25 PLL@29.5C CPU@32C iwlwifi@32C PMIC@50C GPU@29C AO@40.5C thermal@30.5C POM_5V_IN 1687/1883 POM_5V_GPU 82/100 POM_5V_CPU 164/307
RAM 1372/3964MB (lfb 8x4MB) SWAP 795/6078MB (cached 35MB) IRAM 0/252kB(lfb 252kB) CPU [7%@921,7%@921,off,off] EMC_FREQ 0%@1600 GR3D_FREQ 0%@614 APE 25 PLL@29C CPU@31.5C iwlwifi@32C PMIC@50C GPU@29C AO@40.5C thermal@30.5C POM_5V_IN 1689/1883 POM_5V_GPU 82/100 POM_5V_CPU 164/307
RAM 1368/3964MB (lfb 8x4MB) SWAP 795/6078MB (cached 35MB) IRAM 0/252kB(lfb 252kB) CPU [6%@921,7%@921,off,off] EMC_FREQ 0%@1600 GR3D_FREQ 0%@614 APE 25 PLL@29C CPU@31.5C iwlwifi@32C PMIC@50C GPU@29.5C AO@40.5C thermal@30.25C POM_5V_IN 1689/1883 POM_5V_GPU 82/100 POM_5V_CPU 164/307
RAM 1368/3964MB (lfb 8x4MB) SWAP 795/6078MB (cached 35MB) IRAM 0/252kB(lfb 252kB) CPU [8%@921,7%@921,off,off] EMC_FREQ 0%@1600 GR3D_FREQ 0%@614 APE 25 PLL@29.5C CPU@31.5C iwlwifi@32C PMIC@50C GPU@29.5C AO@41C thermal@30C POM_5V_IN 1689/1882 POM_5V_GPU 82/100 POM_5V_CPU 164/307
RAM 1368/3964MB (lfb 8x4MB) SWAP 795/6078MB (cached 35MB) IRAM 0/252kB(lfb 252kB) CPU [5%@921,8%@921,off,off] EMC_FREQ 0%@1600 GR3D_FREQ 0%@614 APE 25 PLL@29.5C CPU@31.5C iwlwifi@32C PMIC@50C GPU@29.5C AO@40.5C thermal@30.25C POM_5V_IN 1772/1882 POM_5V_GPU 82/100 POM_5V_CPU 206/306
RAM 1373/3964MB (lfb 8x4MB) SWAP 794/6078MB (cached 34MB) IRAM 0/252kB(lfb 252kB) CPU [6%@921,8%@921,off,off] EMC_FREQ 0%@1600 GR3D_FREQ 0%@614 APE 25 PLL@29.5C CPU@31.5C iwlwifi@32C PMIC@50C GPU@29C AO@40.5C thermal@30.5C POM_5V_IN 1689/1882 POM_5V_GPU 82/100 POM_5V_CPU 164/306
RAM 1373/3964MB (lfb 8x4MB) SWAP 794/6078MB (cached 34MB) IRAM 0/252kB(lfb 252kB) CPU [9%@921,4%@921,off,off] EMC_FREQ 0%@1600 GR3D_FREQ 0%@614 APE 25 PLL@29C CPU@31C iwlwifi@32C PMIC@50C GPU@29.5C AO@40.5C thermal@30.5C POM_5V_IN 1772/1882 POM_5V_GPU 82/100 POM_5V_CPU 206/306
RAM 1371/3964MB (lfb 8x4MB) SWAP 794/6078MB (cached 34MB) IRAM 0/252kB(lfb 252kB) CPU [7%@921,7%@921,off,off] EMC_FREQ 0%@1600 GR3D_FREQ 0%@614 APE 25 PLL@29.5C CPU@31.5C iwlwifi@32C PMIC@50C GPU@29.5C AO@41C thermal@30.5C POM_5V_IN 1689/1882 POM_5V_GPU 82/100 POM_5V_CPU 164/306
RAM 1373/3964MB (lfb 8x4MB) SWAP 794/6078MB (cached 34MB) IRAM 0/252kB(lfb 252kB) CPU [9%@921,6%@921,off,off] EMC_FREQ 0%@1600 GR3D_FREQ 0%@614 APE 25 PLL@29.5C CPU@31.5C iwlwifi@32C PMIC@50C GPU@29C AO@40.5C thermal@30.25C POM_5V_IN 1851/1882 POM_5V_GPU 82/100 POM_5V_CPU 288/306
RAM 1371/3964MB (lfb 8x4MB) SWAP 794/6078MB (cached 34MB) IRAM 0/252kB(lfb 252kB) CPU [7%@921,6%@921,off,off] EMC_FREQ 0%@1600 GR3D_FREQ 0%@614 APE 25 PLL@29.5C CPU@31.5C iwlwifi@32C PMIC@50C GPU@29.5C AO@40.5C thermal@30.25C POM_5V_IN 1689/1881 POM_5V_GPU 82/100 POM_5V_CPU 164/306
RAM 1372/3964MB (lfb 8x4MB) SWAP 794/6078MB (cached 34MB) IRAM 0/252kB(lfb 252kB) CPU [6%@921,8%@921,off,off] EMC_FREQ 0%@1600 GR3D_FREQ 0%@614 APE 25 PLL@29.5C CPU@31C iwlwifi@32C PMIC@50C GPU@29.5C AO@40.5C thermal@30.5C POM_5V_IN 1689/1881 POM_5V_GPU 82/99 POM_5V_CPU 164/306
RAM 1373/3964MB (lfb 8x4MB) SWAP 794/6078MB (cached 34MB) IRAM 0/252kB(lfb 252kB) CPU [6%@921,8%@921,off,off] EMC_FREQ 0%@1600 GR3D_FREQ 0%@614 APE 25 PLL@30C CPU@31.5C iwlwifi@32C PMIC@50C GPU@29.5C AO@41C thermal@30.5C POM_5V_IN 1731/1881 POM_5V_GPU 82/99 POM_5V_CPU 205/305
RAM 1371/3964MB (lfb 8x4MB) SWAP 794/6078MB (cached 34MB) IRAM 0/252kB(lfb 252kB) CPU [7%@921,8%@921,off,off] EMC_FREQ 0%@1600 GR3D_FREQ 0%@614 APE 25 PLL@29.5C CPU@31.5C iwlwifi@32C PMIC@50C GPU@29.5C AO@40.5C thermal@30.5C POM_5V_IN 1689/1881 POM_5V_GPU 82/99 POM_5V_CPU 164/305
RAM 1371/3964MB (lfb 8x4MB) SWAP 794/6078MB (cached 34MB) IRAM 0/252kB(lfb 252kB) CPU [7%@921,6%@921,off,off] EMC_FREQ 0%@1600 GR3D_FREQ 0%@614 APE 25 PLL@29.5C CPU@31.5C iwlwifi@32C PMIC@50C GPU@29.5C AO@40.5C thermal@30.5C POM_5V_IN 1689/1881 POM_5V_GPU 82/99 POM_5V_CPU 164/305
RAM 1369/3964MB (lfb 8x4MB) SWAP 794/6078MB (cached 34MB) IRAM 0/252kB(lfb 252kB) CPU [5%@921,9%@921,off,off] EMC_FREQ 0%@1600 GR3D_FREQ 0%@614 APE 25 PLL@29.5C CPU@31.5C iwlwifi@32C PMIC@50C GPU@29.5C AO@41C thermal@30.5C POM_5V_IN 1731/1880 POM_5V_GPU 82/99 POM_5V_CPU 206/305
RAM 1370/3964MB (lfb 8x4MB) SWAP 794/6078MB (cached 34MB) IRAM 0/252kB(lfb 252kB) CPU [8%@921,6%@921,off,off] EMC_FREQ 0%@1600 GR3D_FREQ 0%@614 APE 25 PLL@29.5C CPU@31.5C iwlwifi@32C PMIC@50C GPU@29.5C AO@40.5C thermal@30.25C POM_5V_IN 1689/1880 POM_5V_GPU 82/99 POM_5V_CPU 164/305
RAM 1373/3964MB (lfb 8x4MB) SWAP 794/6078MB (cached 34MB) IRAM 0/252kB(lfb 252kB) CPU [9%@921,5%@921,off,off] EMC_FREQ 0%@1600 GR3D_FREQ 0%@614 APE 25 PLL@29.5C CPU@31C iwlwifi@32C PMIC@50C GPU@29.5C AO@40C thermal@30.5C POM_5V_IN 1689/1880 POM_5V_GPU 82/99 POM_5V_CPU 164/305
RAM 1369/3964MB (lfb 8x4MB) SWAP 794/6078MB (cached 34MB) IRAM 0/252kB(lfb 252kB) CPU [6%@921,8%@921,off,off] EMC_FREQ 0%@1600 GR3D_FREQ 0%@614 APE 25 PLL@29.5C CPU@31.5C iwlwifi@32C PMIC@50C GPU@29.5C AO@41C thermal@30.5C POM_5V_IN 1689/1880 POM_5V_GPU 82/99 POM_5V_CPU 164/305
RAM 1374/3964MB (lfb 8x4MB) SWAP 794/6078MB (cached 34MB) IRAM 0/252kB(lfb 252kB) CPU [6%@921,8%@921,off,off] EMC_FREQ 0%@1600 GR3D_FREQ 0%@614 APE 25 PLL@29.5C CPU@31C iwlwifi@32C PMIC@50C GPU@29.5C AO@41C thermal@30.5C POM_5V_IN 1689/1879 POM_5V_GPU 82/99 POM_5V_CPU 164/304
RAM 1371/3964MB (lfb 8x4MB) SWAP 794/6078MB (cached 34MB) IRAM 0/252kB(lfb 252kB) CPU [6%@921,7%@921,off,off] EMC_FREQ 0%@1600 GR3D_FREQ 0%@614 APE 25 PLL@29.5C CPU@31.5C iwlwifi@32C PMIC@50C GPU@29.5C AO@41C thermal@30.25C POM_5V_IN 1731/1879 POM_5V_GPU 82/99 POM_5V_CPU 164/304
RAM 1369/3964MB (lfb 8x4MB) SWAP 794/6078MB (cached 34MB) IRAM 0/252kB(lfb 252kB) CPU [9%@921,5%@921,off,off] EMC_FREQ 0%@1600 GR3D_FREQ 0%@614 APE 25 PLL@29.5C CPU@31.5C iwlwifi@32C PMIC@50C GPU@29.5C AO@40.5C thermal@30.5C POM_5V_IN 1689/1879 POM_5V_GPU 82/99 POM_5V_CPU 164/304
RAM 1369/3964MB (lfb 8x4MB) SWAP 794/6078MB (cached 34MB) IRAM 0/252kB(lfb 252kB) CPU [8%@921,5%@921,off,off] EMC_FREQ 0%@1600 GR3D_FREQ 0%@614 APE 25 PLL@29.5C CPU@31C iwlwifi@32C PMIC@50C GPU@29.5C AO@41C thermal@30.25C POM_5V_IN 1689/1879 POM_5V_GPU 82/99 POM_5V_CPU 164/304
RAM 1369/3964MB (lfb 8x4MB) SWAP 794/6078MB (cached 34MB) IRAM 0/252kB(lfb 252kB) CPU [7%@921,6%@921,off,off] EMC_FREQ 0%@1600 GR3D_FREQ 0%@614 APE 25 PLL@29.5C CPU@31C iwlwifi@32C PMIC@50C GPU@29.5C AO@40.5C thermal@30.5C POM_5V_IN 1689/1879 POM_5V_GPU 82/99 POM_5V_CPU 164/304
RAM 1371/3964MB (lfb 8x4MB) SWAP 794/6078MB (cached 34MB) IRAM 0/252kB(lfb 252kB) CPU [7%@921,5%@921,off,off] EMC_FREQ 0%@1600 GR3D_FREQ 0%@614 APE 25 PLL@29.5C CPU@31C iwlwifi@32C PMIC@50C GPU@29.5C AO@40.5C thermal@30.5C POM_5V_IN 1731/1878 POM_5V_GPU 82/99 POM_5V_CPU 164/304
RAM 1372/3964MB (lfb 8x4MB) SWAP 794/6078MB (cached 34MB) IRAM 0/252kB(lfb 252kB) CPU [7%@921,5%@921,off,off] EMC_FREQ 0%@1600 GR3D_FREQ 0%@614 APE 25 PLL@29C CPU@31C iwlwifi@32C PMIC@50C GPU@29.5C AO@40.5C thermal@30.75C POM_5V_IN 1731/1878 POM_5V_GPU 82/99 POM_5V_CPU 164/303
RAM 1373/3964MB (lfb 8x4MB) SWAP 794/6078MB (cached 34MB) IRAM 0/252kB(lfb 252kB) CPU [6%@921,7%@921,off,off] EMC_FREQ 0%@1600 GR3D_FREQ 0%@614 APE 25 PLL@29.5C CPU@31.5C iwlwifi@32C PMIC@50C GPU@30C AO@40.5C thermal@30.5C POM_5V_IN 1689/1878 POM_5V_GPU 82/99 POM_5V_CPU 164/303
RAM 1369/3964MB (lfb 8x4MB) SWAP 794/6078MB (cached 34MB) IRAM 0/252kB(lfb 252kB) CPU [8%@921,6%@921,off,off] EMC_FREQ 0%@1600 GR3D_FREQ 0%@614 APE 25 PLL@29C CPU@31C iwlwifi@32C PMIC@50C GPU@29.5C AO@40.5C thermal@30.25C POM_5V_IN 1689/1878 POM_5V_GPU 82/99 POM_5V_CPU 164/303
RAM 1369/3964MB (lfb 8x4MB) SWAP 794/6078MB (cached 34MB) IRAM 0/252kB(lfb 252kB) CPU [5%@921,8%@921,off,off] EMC_FREQ 0%@1600 GR3D_FREQ 0%@614 APE 25 PLL@29C CPU@31.5C iwlwifi@32C PMIC@50C GPU@29.5C AO@40.5C thermal@30.25C POM_5V_IN 1689/1878 POM_5V_GPU 82/99 POM_5V_CPU 164/303
RAM 1373/3964MB (lfb 8x4MB) SWAP 794/6078MB (cached 34MB) IRAM 0/252kB(lfb 252kB) CPU [6%@921,7%@921,off,off] EMC_FREQ 0%@1600 GR3D_FREQ 0%@614 APE 25 PLL@29.5C CPU@31C iwlwifi@32C PMIC@50C GPU@29.5C AO@40.5C thermal@30.25C POM_5V_IN 1731/1877 POM_5V_GPU 82/99 POM_5V_CPU 164/303
RAM 1369/3964MB (lfb 8x4MB) SWAP 794/6078MB (cached 34MB) IRAM 0/252kB(lfb 252kB) CPU [5%@921,8%@921,off,off] EMC_FREQ 0%@1600 GR3D_FREQ 0%@614 APE 25 PLL@29C CPU@31C iwlwifi@32C PMIC@50C GPU@29.5C AO@40.5C thermal@30.25C POM_5V_IN 1689/1877 POM_5V_GPU 82/99 POM_5V_CPU 164/303
RAM 1370/3964MB (lfb 8x4MB) SWAP 794/6078MB (cached 34MB) IRAM 0/252kB(lfb 252kB) CPU [5%@921,8%@921,off,off] EMC_FREQ 0%@1600 GR3D_FREQ 0%@614 APE 25 PLL@29.5C CPU@31C iwlwifi@32C PMIC@50C GPU@30C AO@40.5C thermal@30.25C POM_5V_IN 1689/1877 POM_5V_GPU 82/99 POM_5V_CPU 164/302
RAM 1369/3964MB (lfb 8x4MB) SWAP 794/6078MB (cached 35MB) IRAM 0/252kB(lfb 252kB) CPU [6%@921,8%@921,off,off] EMC_FREQ 0%@1600 GR3D_FREQ 0%@614 APE 25 PLL@29.5C CPU@31C iwlwifi@32C PMIC@50C GPU@29.5C AO@40.5C thermal@30.25C POM_5V_IN 1687/1877 POM_5V_GPU 82/99 POM_5V_CPU 164/302
RAM 1369/3964MB (lfb 8x4MB) SWAP 794/6078MB (cached 35MB) IRAM 0/252kB(lfb 252kB) CPU [8%@921,5%@921,off,off] EMC_FREQ 0%@1600 GR3D_FREQ 0%@614 APE 25 PLL@29.5C CPU@31C iwlwifi@32C PMIC@50C GPU@29.5C AO@40.5C thermal@30.25C POM_5V_IN 1728/1877 POM_5V_GPU 82/99 POM_5V_CPU 164/302
RAM 1373/3964MB (lfb 8x4MB) SWAP 794/6078MB (cached 35MB) IRAM 0/252kB(lfb 252kB) CPU [10%@921,5%@921,off,off] EMC_FREQ 0%@1600 GR3D_FREQ 0%@614 APE 25 PLL@29C CPU@31.5C iwlwifi@33C PMIC@50C GPU@29.5C AO@40.5C thermal@30.5C POM_5V_IN 1689/1876 POM_5V_GPU 82/99 POM_5V_CPU 164/302
RAM 1373/3964MB (lfb 8x4MB) SWAP 794/6078MB (cached 35MB) IRAM 0/252kB(lfb 252kB) CPU [5%@921,7%@921,off,off] EMC_FREQ 0%@1600 GR3D_FREQ 0%@614 APE 25 PLL@29C CPU@31C iwlwifi@32C PMIC@50C GPU@29.5C AO@40.5C thermal@30.5C POM_5V_IN 1689/1876 POM_5V_GPU 82/99 POM_5V_CPU 164/302
RAM 1371/3964MB (lfb 8x4MB) SWAP 794/6078MB (cached 35MB) IRAM 0/252kB(lfb 252kB) CPU [5%@921,9%@921,off,off] EMC_FREQ 0%@1600 GR3D_FREQ 0%@614 APE 25 PLL@29C CPU@31C iwlwifi@32C PMIC@50C GPU@29.5C AO@40C thermal@30.25C POM_5V_IN 1689/1876 POM_5V_GPU 82/99 POM_5V_CPU 164/302
RAM 1373/3964MB (lfb 8x4MB) SWAP 794/6078MB (cached 35MB) IRAM 0/252kB(lfb 252kB) CPU [6%@921,7%@921,off,off] EMC_FREQ 0%@1600 GR3D_FREQ 0%@614 APE 25 PLL@29.5C CPU@31C iwlwifi@32C PMIC@50C GPU@29.5C AO@40.5C thermal@30.25C POM_5V_IN 1689/1876 POM_5V_GPU 82/99 POM_5V_CPU 164/301
RAM 1374/3964MB (lfb 8x4MB) SWAP 794/6078MB (cached 35MB) IRAM 0/252kB(lfb 252kB) CPU [5%@921,8%@921,off,off] EMC_FREQ 0%@1600 GR3D_FREQ 0%@614 APE 25 PLL@29C CPU@31.5C iwlwifi@32C PMIC@50C GPU@29.5C AO@40.5C thermal@30.5C POM_5V_IN 1689/1875 POM_5V_GPU 82/99 POM_5V_CPU 164/301
RAM 1371/3964MB (lfb 8x4MB) SWAP 794/6078MB (cached 35MB) IRAM 0/252kB(lfb 252kB) CPU [6%@921,7%@921,off,off] EMC_FREQ 0%@1600 GR3D_FREQ 0%@614 APE 25 PLL@29.5C CPU@31.5C iwlwifi@32C PMIC@50C GPU@29.5C AO@40.5C thermal@30.5C POM_5V_IN 1813/1875 POM_5V_GPU 82/99 POM_5V_CPU 164/301
RAM 1372/3964MB (lfb 8x4MB) SWAP 794/6078MB (cached 35MB) IRAM 0/252kB(lfb 252kB) CPU [7%@921,6%@921,off,off] EMC_FREQ 0%@1600 GR3D_FREQ 0%@614 APE 25 PLL@29C CPU@31.5C iwlwifi@32C PMIC@50C GPU@29.5C AO@40.5C thermal@30.5C POM_5V_IN 1689/1875 POM_5V_GPU 82/99 POM_5V_CPU 164/301
RAM 1371/3964MB (lfb 8x4MB) SWAP 794/6078MB (cached 35MB) IRAM 0/252kB(lfb 252kB) CPU [6%@921,8%@921,off,off] EMC_FREQ 0%@1600 GR3D_FREQ 0%@614 APE 25 PLL@29C CPU@31C iwlwifi@32C PMIC@50C GPU@29.5C AO@40.5C thermal@30.5C POM_5V_IN 1689/1875 POM_5V_GPU 82/99 POM_5V_CPU 123/301
RAM 1372/3964MB (lfb 8x4MB) SWAP 793/6078MB (cached 34MB) IRAM 0/252kB(lfb 252kB) CPU [5%@921,8%@921,off,off] EMC_FREQ 0%@1600 GR3D_FREQ 0%@614 APE 25 PLL@29.5C CPU@31.5C iwlwifi@32C PMIC@50C GPU@29.5C AO@40.5C thermal@30.25C POM_5V_IN 1731/1875 POM_5V_GPU 82/99 POM_5V_CPU 164/301
RAM 1372/3964MB (lfb 8x4MB) SWAP 793/6078MB (cached 34MB) IRAM 0/252kB(lfb 252kB) CPU [7%@921,7%@921,off,off] EMC_FREQ 0%@1600 GR3D_FREQ 0%@614 APE 25 PLL@29.5C CPU@31.5C iwlwifi@32C PMIC@50C GPU@30C AO@40.5C thermal@30.5C POM_5V_IN 1689/1875 POM_5V_GPU 82/99 POM_5V_CPU 164/300
RAM 1372/3964MB (lfb 8x4MB) SWAP 793/6078MB (cached 34MB) IRAM 0/252kB(lfb 252kB) CPU [7%@921,6%@921,off,off] EMC_FREQ 0%@1600 GR3D_FREQ 0%@614 APE 25 PLL@30C CPU@31.5C iwlwifi@32C PMIC@50C GPU@29.5C AO@40.5C thermal@30.5C POM_5V_IN 1689/1874 POM_5V_GPU 82/99 POM_5V_CPU 164/300
RAM 1370/3964MB (lfb 8x4MB) SWAP 793/6078MB (cached 34MB) IRAM 0/252kB(lfb 252kB) CPU [6%@921,7%@921,off,off] EMC_FREQ 0%@1600 GR3D_FREQ 0%@614 APE 25 PLL@29.5C CPU@31C iwlwifi@32C PMIC@50C GPU@29.5C AO@40.5C thermal@30.25C POM_5V_IN 1689/1874 POM_5V_GPU 82/99 POM_5V_CPU 164/300
RAM 1372/3964MB (lfb 8x4MB) SWAP 793/6078MB (cached 34MB) IRAM 0/252kB(lfb 252kB) CPU [6%@921,7%@921,off,off] EMC_FREQ 0%@1600 GR3D_FREQ 0%@614 APE 25 PLL@29.5C CPU@31C iwlwifi@32C PMIC@50C GPU@29.5C AO@40.5C thermal@30.25C POM_5V_IN 1687/1874 POM_5V_GPU 82/99 POM_5V_CPU 164/300
RAM 1370/3964MB (lfb 8x4MB) SWAP 793/6078MB (cached 34MB) IRAM 0/252kB(lfb 252kB) CPU [6%@921,7%@921,off,off] EMC_FREQ 0%@1600 GR3D_FREQ 0%@614 APE 25 PLL@29.5C CPU@31C iwlwifi@32C PMIC@50C GPU@30C AO@40.5C thermal@30.25C POM_5V_IN 1689/1874 POM_5V_GPU 82/99 POM_5V_CPU 164/300
RAM 1374/3964MB (lfb 8x4MB) SWAP 793/6078MB (cached 34MB) IRAM 0/252kB(lfb 252kB) CPU [8%@921,5%@921,off,off] EMC_FREQ 0%@1600 GR3D_FREQ 0%@614 APE 25 PLL@29.5C CPU@31C iwlwifi@33C PMIC@50C GPU@29.5C AO@41C thermal@30.5C POM_5V_IN 1689/1874 POM_5V_GPU 82/99 POM_5V_CPU 123/300
RAM 1383/3964MB (lfb 8x4MB) SWAP 793/6078MB (cached 34MB) IRAM 0/252kB(lfb 252kB) CPU [7%@921,7%@921,off,off] EMC_FREQ 0%@1600 GR3D_FREQ 0%@614 APE 25 PLL@29C CPU@31.5C iwlwifi@32C PMIC@50C GPU@29.5C AO@40.5C thermal@30.5C POM_5V_IN 1687/1873 POM_5V_GPU 82/99 POM_5V_CPU 164/299
RAM 1370/3964MB (lfb 8x4MB) SWAP 793/6078MB (cached 34MB) IRAM 0/252kB(lfb 252kB) CPU [7%@921,6%@921,off,off] EMC_FREQ 0%@1600 GR3D_FREQ 0%@614 APE 25 PLL@29.5C CPU@31.5C iwlwifi@32C PMIC@50C GPU@29.5C AO@40.5C thermal@30.75C POM_5V_IN 1689/1873 POM_5V_GPU 82/99 POM_5V_CPU 164/299
RAM 1370/3964MB (lfb 8x4MB) SWAP 793/6078MB (cached 34MB) IRAM 0/252kB(lfb 252kB) CPU [7%@921,7%@921,off,off] EMC_FREQ 0%@1600 GR3D_FREQ 0%@614 APE 25 PLL@29.5C CPU@31C iwlwifi@32C PMIC@50C GPU@29.5C AO@40.5C thermal@30.25C POM_5V_IN 1731/1873 POM_5V_GPU 82/99 POM_5V_CPU 164/299
RAM 1372/3964MB (lfb 8x4MB) SWAP 793/6078MB (cached 34MB) IRAM 0/252kB(lfb 252kB) CPU [5%@921,8%@921,off,off] EMC_FREQ 0%@1600 GR3D_FREQ 0%@614 APE 25 PLL@29.5C CPU@31C iwlwifi@32C PMIC@50C GPU@29.5C AO@40.5C thermal@30.5C POM_5V_IN 1689/1873 POM_5V_GPU 82/99 POM_5V_CPU 164/299
RAM 1370/3964MB (lfb 8x4MB) SWAP 793/6078MB (cached 34MB) IRAM 0/252kB(lfb 252kB) CPU [7%@921,8%@921,off,off] EMC_FREQ 0%@1600 GR3D_FREQ 0%@614 APE 25 PLL@29.5C CPU@31.5C iwlwifi@32C PMIC@50C GPU@29.5C AO@40.5C thermal@30.5C POM_5V_IN 1689/1873 POM_5V_GPU 82/99 POM_5V_CPU 164/299
RAM 1370/3964MB (lfb 8x4MB) SWAP 793/6078MB (cached 34MB) IRAM 0/252kB(lfb 252kB) CPU [7%@921,5%@921,off,off] EMC_FREQ 0%@1600 GR3D_FREQ 0%@614 APE 25 PLL@30C CPU@31C iwlwifi@32C PMIC@50C GPU@30C AO@40.5C thermal@30.5C POM_5V_IN 1689/1872 POM_5V_GPU 82/99 POM_5V_CPU 164/299
RAM 1374/3964MB (lfb 8x4MB) SWAP 793/6078MB (cached 34MB) IRAM 0/252kB(lfb 252kB) CPU [6%@921,7%@921,off,off] EMC_FREQ 0%@1600 GR3D_FREQ 0%@614 APE 25 PLL@29.5C CPU@31.5C iwlwifi@32C PMIC@50C GPU@29.5C AO@40.5C thermal@30.75C POM_5V_IN 1689/1872 POM_5V_GPU 82/99 POM_5V_CPU 164/299
RAM 1370/3964MB (lfb 8x4MB) SWAP 793/6078MB (cached 34MB) IRAM 0/252kB(lfb 252kB) CPU [7%@921,6%@921,off,off] EMC_FREQ 0%@1600 GR3D_FREQ 0%@614 APE 25 PLL@29C CPU@31.5C iwlwifi@32C PMIC@50C GPU@29.5C AO@40.5C thermal@30.25C POM_5V_IN 1689/1872 POM_5V_GPU 82/99 POM_5V_CPU 164/298
RAM 1372/3964MB (lfb 8x4MB) SWAP 793/6078MB (cached 34MB) IRAM 0/252kB(lfb 252kB) CPU [5%@921,7%@921,off,off] EMC_FREQ 0%@1600 GR3D_FREQ 0%@614 APE 25 PLL@29.5C CPU@31C iwlwifi@32C PMIC@50C GPU@29.5C AO@40.5C thermal@30.5C POM_5V_IN 1689/1872 POM_5V_GPU 82/99 POM_5V_CPU 164/298
RAM 1370/3964MB (lfb 8x4MB) SWAP 793/6078MB (cached 34MB) IRAM 0/252kB(lfb 252kB) CPU [8%@921,6%@921,off,off] EMC_FREQ 0%@1600 GR3D_FREQ 0%@614 APE 25 PLL@29.5C CPU@31.5C iwlwifi@32C PMIC@50C GPU@29.5C AO@41C thermal@30.25C POM_5V_IN 1689/1872 POM_5V_GPU 82/99 POM_5V_CPU 164/298
RAM 1374/3964MB (lfb 8x4MB) SWAP 793/6078MB (cached 34MB) IRAM 0/252kB(lfb 252kB) CPU [8%@921,5%@921,off,off] EMC_FREQ 0%@1600 GR3D_FREQ 0%@614 APE 25 PLL@29.5C CPU@31C iwlwifi@32C PMIC@50C GPU@29.5C AO@40.5C thermal@30.25C POM_5V_IN 1689/1871 POM_5V_GPU 82/99 POM_5V_CPU 164/298
RAM 1370/3964MB (lfb 8x4MB) SWAP 793/6078MB (cached 34MB) IRAM 0/252kB(lfb 252kB) CPU [8%@921,5%@921,off,off] EMC_FREQ 0%@1600 GR3D_FREQ 0%@614 APE 25 PLL@29.5C CPU@31.5C iwlwifi@32C PMIC@50C GPU@29.5C AO@40.5C thermal@30.75C POM_5V_IN 1689/1871 POM_5V_GPU 82/98 POM_5V_CPU 164/298
RAM 1370/3964MB (lfb 8x4MB) SWAP 793/6078MB (cached 34MB) IRAM 0/252kB(lfb 252kB) CPU [10%@921,3%@921,off,off] EMC_FREQ 0%@1600 GR3D_FREQ 0%@614 APE 25 PLL@29C CPU@31.5C iwlwifi@32C PMIC@50C GPU@29.5C AO@41C thermal@30.25C POM_5V_IN 1689/1871 POM_5V_GPU 82/98 POM_5V_CPU 164/298
RAM 1373/3964MB (lfb 8x4MB) SWAP 793/6078MB (cached 34MB) IRAM 0/252kB(lfb 252kB) CPU [8%@921,6%@921,off,off] EMC_FREQ 0%@1600 GR3D_FREQ 0%@614 APE 25 PLL@29.5C CPU@31C iwlwifi@32C PMIC@50C GPU@30C AO@40.5C thermal@30.5C POM_5V_IN 1689/1871 POM_5V_GPU 82/98 POM_5V_CPU 164/297
RAM 1372/3964MB (lfb 8x4MB) SWAP 793/6078MB (cached 34MB) IRAM 0/252kB(lfb 252kB) CPU [6%@921,7%@921,off,off] EMC_FREQ 0%@1600 GR3D_FREQ 0%@614 APE 25 PLL@29.5C CPU@31.5C iwlwifi@32C PMIC@50C GPU@29.5C AO@41C thermal@30.25C POM_5V_IN 1689/1870 POM_5V_GPU 82/98 POM_5V_CPU 164/297
RAM 1374/3964MB (lfb 8x4MB) SWAP 793/6078MB (cached 34MB) IRAM 0/252kB(lfb 252kB) CPU [7%@921,7%@921,off,off] EMC_FREQ 0%@1600 GR3D_FREQ 0%@614 APE 25 PLL@29.5C CPU@31.5C iwlwifi@32C PMIC@50C GPU@29.5C AO@41C thermal@30.25C POM_5V_IN 1689/1870 POM_5V_GPU 82/98 POM_5V_CPU 164/297
RAM 1374/3964MB (lfb 8x4MB) SWAP 793/6078MB (cached 34MB) IRAM 0/252kB(lfb 252kB) CPU [5%@921,8%@921,off,off] EMC_FREQ 0%@1600 GR3D_FREQ 0%@614 APE 25 PLL@29.5C CPU@31C iwlwifi@32C PMIC@50C GPU@29.5C AO@41C thermal@30.5C POM_5V_IN 1687/1870 POM_5V_GPU 82/98 POM_5V_CPU 164/297
RAM 1374/3964MB (lfb 8x4MB) SWAP 793/6078MB (cached 34MB) IRAM 0/252kB(lfb 252kB) CPU [7%@921,7%@921,off,off] EMC_FREQ 0%@1600 GR3D_FREQ 0%@614 APE 25 PLL@29.5C CPU@31C iwlwifi@32C PMIC@50C GPU@29.5C AO@40.5C thermal@30.5C POM_5V_IN 1689/1870 POM_5V_GPU 82/98 POM_5V_CPU 164/297
RAM 1372/3964MB (lfb 8x4MB) SWAP 793/6078MB (cached 34MB) IRAM 0/252kB(lfb 252kB) CPU [4%@921,8%@921,off,off] EMC_FREQ 0%@1600 GR3D_FREQ 0%@614 APE 25 PLL@29.5C CPU@31C iwlwifi@32C PMIC@50C GPU@29.5C AO@40.5C thermal@30.5C POM_5V_IN 1689/1870 POM_5V_GPU 82/98 POM_5V_CPU 164/297
RAM 1370/3964MB (lfb 8x4MB) SWAP 793/6078MB (cached 34MB) IRAM 0/252kB(lfb 252kB) CPU [7%@921,7%@921,off,off] EMC_FREQ 0%@1600 GR3D_FREQ 0%@614 APE 25 PLL@29.5C CPU@31.5C iwlwifi@32C PMIC@50C GPU@29.5C AO@40C thermal@30.5C POM_5V_IN 1689/1869 POM_5V_GPU 82/98 POM_5V_CPU 164/297
RAM 1370/3964MB (lfb 8x4MB) SWAP 793/6078MB (cached 34MB) IRAM 0/252kB(lfb 252kB) CPU [7%@921,5%@921,off,off] EMC_FREQ 0%@1600 GR3D_FREQ 0%@614 APE 25 PLL@29.5C CPU@31.5C iwlwifi@32C PMIC@50C GPU@30C AO@40.5C thermal@30.25C POM_5V_IN 1689/1869 POM_5V_GPU 82/98 POM_5V_CPU 164/296
RAM 1374/3964MB (lfb 8x4MB) SWAP 793/6078MB (cached 34MB) IRAM 0/252kB(lfb 252kB) CPU [9%@921,5%@921,off,off] EMC_FREQ 0%@1600 GR3D_FREQ 0%@614 APE 25 PLL@29.5C CPU@31C iwlwifi@32C PMIC@50C GPU@30C AO@41C thermal@30.5C POM_5V_IN 1689/1869 POM_5V_GPU 82/98 POM_5V_CPU 164/296
RAM 1374/3964MB (lfb 8x4MB) SWAP 793/6078MB (cached 34MB) IRAM 0/252kB(lfb 252kB) CPU [5%@921,8%@921,off,off] EMC_FREQ 0%@1600 GR3D_FREQ 0%@614 APE 25 PLL@29.5C CPU@31.5C iwlwifi@32C PMIC@50C GPU@29.5C AO@40.5C thermal@30.5C POM_5V_IN 1689/1869 POM_5V_GPU 82/98 POM_5V_CPU 164/296
RAM 1374/3964MB (lfb 8x4MB) SWAP 793/6078MB (cached 34MB) IRAM 0/252kB(lfb 252kB) CPU [8%@921,5%@921,off,off] EMC_FREQ 0%@1600 GR3D_FREQ 0%@614 APE 25 PLL@29.5C CPU@31.5C iwlwifi@32C PMIC@50C GPU@29.5C AO@40.5C thermal@30.5C POM_5V_IN 1689/1869 POM_5V_GPU 82/98 POM_5V_CPU 164/296
RAM 1372/3964MB (lfb 8x4MB) SWAP 793/6078MB (cached 34MB) IRAM 0/252kB(lfb 252kB) CPU [5%@921,9%@921,off,off] EMC_FREQ 0%@1600 GR3D_FREQ 0%@614 APE 25 PLL@29.5C CPU@31.5C iwlwifi@32C PMIC@50C GPU@30C AO@40.5C thermal@30.75C POM_5V_IN 1689/1868 POM_5V_GPU 82/98 POM_5V_CPU 164/296
RAM 1372/3964MB (lfb 8x4MB) SWAP 793/6078MB (cached 34MB) IRAM 0/252kB(lfb 252kB) CPU [7%@921,6%@921,off,off] EMC_FREQ 0%@1600 GR3D_FREQ 0%@614 APE 25 PLL@29.5C CPU@31.5C iwlwifi@32C PMIC@50C GPU@30C AO@40.5C thermal@30.5C POM_5V_IN 1689/1868 POM_5V_GPU 82/98 POM_5V_CPU 123/296
RAM 1372/3964MB (lfb 8x4MB) SWAP 793/6078MB (cached 34MB) IRAM 0/252kB(lfb 252kB) CPU [6%@921,7%@921,off,off] EMC_FREQ 0%@1600 GR3D_FREQ 0%@614 APE 25 PLL@29.5C CPU@31C iwlwifi@32C PMIC@50C GPU@30C AO@40.5C thermal@30.75C POM_5V_IN 1687/1868 POM_5V_GPU 82/98 POM_5V_CPU 164/296
RAM 1374/3964MB (lfb 8x4MB) SWAP 793/6078MB (cached 34MB) IRAM 0/252kB(lfb 252kB) CPU [7%@921,6%@921,off,off] EMC_FREQ 0%@1600 GR3D_FREQ 0%@614 APE 25 PLL@29.5C CPU@31.5C iwlwifi@32C PMIC@50C GPU@29.5C AO@40.5C thermal@30.25C POM_5V_IN 1689/1868 POM_5V_GPU 82/98 POM_5V_CPU 123/295
RAM 1370/3964MB (lfb 8x4MB) SWAP 793/6078MB (cached 34MB) IRAM 0/252kB(lfb 252kB) CPU [6%@921,8%@921,off,off] EMC_FREQ 0%@1600 GR3D_FREQ 0%@614 APE 25 PLL@30C CPU@31.5C iwlwifi@32C PMIC@50C GPU@30C AO@40.5C thermal@30.75C POM_5V_IN 1689/1868 POM_5V_GPU 82/98 POM_5V_CPU 164/295
RAM 1370/3964MB (lfb 8x4MB) SWAP 793/6078MB (cached 34MB) IRAM 0/252kB(lfb 252kB) CPU [5%@921,8%@921,off,off] EMC_FREQ 0%@1600 GR3D_FREQ 0%@614 APE 25 PLL@29.5C CPU@31.5C iwlwifi@32C PMIC@50C GPU@29.5C AO@40.5C thermal@30.5C POM_5V_IN 1689/1867 POM_5V_GPU 82/98 POM_5V_CPU 164/295
RAM 1376/3964MB (lfb 8x4MB) SWAP 793/6078MB (cached 34MB) IRAM 0/252kB(lfb 252kB) CPU [6%@921,9%@921,off,off] EMC_FREQ 0%@1600 GR3D_FREQ 0%@614 APE 25 PLL@29.5C CPU@31.5C iwlwifi@32C PMIC@50C GPU@30C AO@40.5C thermal@30.5C POM_5V_IN 1689/1867 POM_5V_GPU 82/98 POM_5V_CPU 164/295
RAM 1372/3964MB (lfb 8x4MB) SWAP 793/6078MB (cached 34MB) IRAM 0/252kB(lfb 252kB) CPU [8%@921,5%@921,off,off] EMC_FREQ 0%@1600 GR3D_FREQ 0%@614 APE 25 PLL@30C CPU@31C iwlwifi@32C PMIC@50C GPU@30C AO@40.5C thermal@30.5C POM_5V_IN 1689/1867 POM_5V_GPU 82/98 POM_5V_CPU 164/295
RAM 1370/3964MB (lfb 8x4MB) SWAP 793/6078MB (cached 34MB) IRAM 0/252kB(lfb 252kB) CPU [8%@921,5%@921,off,off] EMC_FREQ 0%@1600 GR3D_FREQ 0%@614 APE 25 PLL@30C CPU@31.5C iwlwifi@32C PMIC@50C GPU@29.5C AO@40.5C thermal@30.5C POM_5V_IN 1689/1867 POM_5V_GPU 82/98 POM_5V_CPU 164/295
RAM 1372/3964MB (lfb 8x4MB) SWAP 793/6078MB (cached 34MB) IRAM 0/252kB(lfb 252kB) CPU [7%@921,6%@921,off,off] EMC_FREQ 0%@1600 GR3D_FREQ 0%@614 APE 25 PLL@30C CPU@31.5C iwlwifi@32C PMIC@50C GPU@29.5C AO@40.5C thermal@30.5C POM_5V_IN 1689/1867 POM_5V_GPU 82/98 POM_5V_CPU 164/294
RAM 1374/3964MB (lfb 8x4MB) SWAP 793/6078MB (cached 34MB) IRAM 0/252kB(lfb 252kB) CPU [8%@921,6%@921,off,off] EMC_FREQ 0%@1600 GR3D_FREQ 0%@614 APE 25 PLL@29.5C CPU@31.5C iwlwifi@32C PMIC@50C GPU@29.5C AO@41C thermal@30.5C POM_5V_IN 1689/1866 POM_5V_GPU 82/98 POM_5V_CPU 164/294
RAM 1370/3964MB (lfb 8x4MB) SWAP 793/6078MB (cached 34MB) IRAM 0/252kB(lfb 252kB) CPU [6%@921,6%@921,off,off] EMC_FREQ 0%@1600 GR3D_FREQ 0%@614 APE 25 PLL@29.5C CPU@31.5C iwlwifi@32C PMIC@50C GPU@29.5C AO@41C thermal@30.5C POM_5V_IN 1687/1866 POM_5V_GPU 82/98 POM_5V_CPU 164/294
RAM 1372/3964MB (lfb 8x4MB) SWAP 793/6078MB (cached 34MB) IRAM 0/252kB(lfb 252kB) CPU [8%@921,6%@921,off,off] EMC_FREQ 0%@1600 GR3D_FREQ 0%@614 APE 25 PLL@29.5C CPU@31.5C iwlwifi@32C PMIC@50C GPU@29.5C AO@40.5C thermal@30.5C POM_5V_IN 1689/1866 POM_5V_GPU 82/98 POM_5V_CPU 164/294
RAM 1370/3964MB (lfb 8x4MB) SWAP 793/6078MB (cached 34MB) IRAM 0/252kB(lfb 252kB) CPU [6%@921,7%@921,off,off] EMC_FREQ 0%@1600 GR3D_FREQ 0%@614 APE 25 PLL@29.5C CPU@31.5C iwlwifi@32C PMIC@50C GPU@29.5C AO@40.5C thermal@30.5C POM_5V_IN 1731/1866 POM_5V_GPU 82/98 POM_5V_CPU 164/294
RAM 1374/3964MB (lfb 8x4MB) SWAP 793/6078MB (cached 34MB) IRAM 0/252kB(lfb 252kB) CPU [7%@921,6%@921,off,off] EMC_FREQ 0%@1600 GR3D_FREQ 0%@614 APE 25 PLL@29.5C CPU@31.5C iwlwifi@32C PMIC@50C GPU@29.5C AO@40.5C thermal@30.75C POM_5V_IN 1689/1866 POM_5V_GPU 82/98 POM_5V_CPU 123/294
RAM 1374/3964MB (lfb 8x4MB) SWAP 793/6078MB (cached 34MB) IRAM 0/252kB(lfb 252kB) CPU [7%@921,8%@921,off,off] EMC_FREQ 0%@1600 GR3D_FREQ 0%@614 APE 25 PLL@29.5C CPU@31.5C iwlwifi@32C PMIC@50C GPU@30C AO@40.5C thermal@30.5C POM_5V_IN 1689/1866 POM_5V_GPU 82/98 POM_5V_CPU 164/294
RAM 1372/3964MB (lfb 8x4MB) SWAP 793/6078MB (cached 34MB) IRAM 0/252kB(lfb 252kB) CPU [8%@921,4%@921,off,off] EMC_FREQ 0%@1600 GR3D_FREQ 0%@614 APE 25 PLL@30C CPU@31.5C iwlwifi@32C PMIC@50C GPU@29.5C AO@41C thermal@30.5C POM_5V_IN 1689/1865 POM_5V_GPU 82/98 POM_5V_CPU 164/293
RAM 1370/3964MB (lfb 8x4MB) SWAP 793/6078MB (cached 34MB) IRAM 0/252kB(lfb 252kB) CPU [7%@921,6%@921,off,off] EMC_FREQ 0%@1600 GR3D_FREQ 0%@614 APE 25 PLL@29.5C CPU@31C iwlwifi@32C PMIC@50C GPU@30C AO@41C thermal@30.25C POM_5V_IN 1689/1865 POM_5V_GPU 82/98 POM_5V_CPU 164/293
RAM 1372/3964MB (lfb 8x4MB) SWAP 793/6078MB (cached 34MB) IRAM 0/252kB(lfb 252kB) CPU [7%@921,6%@921,off,off] EMC_FREQ 0%@1600 GR3D_FREQ 0%@614 APE 25 PLL@29.5C CPU@31.5C iwlwifi@32C PMIC@50C GPU@30C AO@41C thermal@30.75C POM_5V_IN 1689/1865 POM_5V_GPU 82/98 POM_5V_CPU 164/293
RAM 1370/3964MB (lfb 8x4MB) SWAP 793/6078MB (cached 34MB) IRAM 0/252kB(lfb 252kB) CPU [5%@921,8%@921,off,off] EMC_FREQ 0%@1600 GR3D_FREQ 0%@614 APE 25 PLL@29.5C CPU@31.5C iwlwifi@32C PMIC@50C GPU@29.5C AO@40.5C thermal@30.5C POM_5V_IN 1689/1865 POM_5V_GPU 82/98 POM_5V_CPU 164/293
RAM 1372/3964MB (lfb 8x4MB) SWAP 793/6078MB (cached 34MB) IRAM 0/252kB(lfb 252kB) CPU [9%@921,4%@921,off,off] EMC_FREQ 0%@1600 GR3D_FREQ 0%@614 APE 25 PLL@29.5C CPU@31C iwlwifi@32C PMIC@50C GPU@30C AO@40.5C thermal@30.5C POM_5V_IN 1689/1865 POM_5V_GPU 82/98 POM_5V_CPU 164/293
RAM 1370/3964MB (lfb 8x4MB) SWAP 793/6078MB (cached 34MB) IRAM 0/252kB(lfb 252kB) CPU [8%@921,5%@921,off,off] EMC_FREQ 0%@1600 GR3D_FREQ 0%@614 APE 25 PLL@29.5C CPU@31.5C iwlwifi@32C PMIC@50C GPU@29.5C AO@41C thermal@30.5C POM_5V_IN 1689/1864 POM_5V_GPU 82/98 POM_5V_CPU 123/293
RAM 1374/3964MB (lfb 8x4MB) SWAP 793/6078MB (cached 34MB) IRAM 0/252kB(lfb 252kB) CPU [7%@921,7%@921,off,off] EMC_FREQ 0%@1600 GR3D_FREQ 0%@614 APE 25 PLL@29.5C CPU@31.5C iwlwifi@32C PMIC@50C GPU@29.5C AO@40.5C thermal@30.5C POM_5V_IN 1689/1864 POM_5V_GPU 82/98 POM_5V_CPU 164/293
RAM 1370/3964MB (lfb 8x4MB) SWAP 793/6078MB (cached 34MB) IRAM 0/252kB(lfb 252kB) CPU [8%@921,5%@921,off,off] EMC_FREQ 0%@1600 GR3D_FREQ 0%@614 APE 25 PLL@29.5C CPU@31.5C iwlwifi@32C PMIC@50C GPU@29.5C AO@40.5C thermal@30.25C POM_5V_IN 1689/1864 POM_5V_GPU 82/98 POM_5V_CPU 164/292
RAM 1372/3964MB (lfb 8x4MB) SWAP 793/6078MB (cached 34MB) IRAM 0/252kB(lfb 252kB) CPU [6%@921,7%@921,off,off] EMC_FREQ 0%@1600 GR3D_FREQ 0%@614 APE 25 PLL@29C CPU@31.5C iwlwifi@32C PMIC@50C GPU@29.5C AO@40.5C thermal@30.5C POM_5V_IN 1689/1864 POM_5V_GPU 82/98 POM_5V_CPU 164/292
RAM 1374/3964MB (lfb 8x4MB) SWAP 793/6078MB (cached 34MB) IRAM 0/252kB(lfb 252kB) CPU [7%@921,6%@921,off,off] EMC_FREQ 0%@1600 GR3D_FREQ 0%@614 APE 25 PLL@29.5C CPU@31.5C iwlwifi@32C PMIC@50C GPU@29.5C AO@40.5C thermal@30.25C POM_5V_IN 1689/1864 POM_5V_GPU 82/98 POM_5V_CPU 164/292
RAM 1370/3964MB (lfb 8x4MB) SWAP 793/6078MB (cached 34MB) IRAM 0/252kB(lfb 252kB) CPU [5%@921,8%@921,off,off] EMC_FREQ 0%@1600 GR3D_FREQ 0%@614 APE 25 PLL@29.5C CPU@31.5C iwlwifi@32C PMIC@50C GPU@29.5C AO@40.5C thermal@30.5C POM_5V_IN 1689/1863 POM_5V_GPU 82/98 POM_5V_CPU 164/292
RAM 1374/3964MB (lfb 8x4MB) SWAP 793/6078MB (cached 34MB) IRAM 0/252kB(lfb 252kB) CPU [6%@921,8%@921,off,off] EMC_FREQ 0%@1600 GR3D_FREQ 0%@614 APE 25 PLL@29.5C CPU@31.5C iwlwifi@32C PMIC@50C GPU@29.5C AO@40.5C thermal@30.5C POM_5V_IN 1689/1863 POM_5V_GPU 82/98 POM_5V_CPU 164/292
RAM 1372/3964MB (lfb 8x4MB) SWAP 793/6078MB (cached 34MB) IRAM 0/252kB(lfb 252kB) CPU [4%@921,9%@921,off,off] EMC_FREQ 0%@1600 GR3D_FREQ 0%@614 APE 25 PLL@29.5C CPU@31.5C iwlwifi@32C PMIC@50C GPU@29.5C AO@40.5C thermal@30.5C POM_5V_IN 1689/1863 POM_5V_GPU 82/98 POM_5V_CPU 164/292
RAM 1372/3964MB (lfb 8x4MB) SWAP 793/6078MB (cached 34MB) IRAM 0/252kB(lfb 252kB) CPU [6%@921,8%@921,off,off] EMC_FREQ 0%@1600 GR3D_FREQ 0%@614 APE 25 PLL@29.5C CPU@31.5C iwlwifi@32C PMIC@50C GPU@30C AO@41C thermal@30.5C POM_5V_IN 1689/1863 POM_5V_GPU 82/98 POM_5V_CPU 164/292
RAM 1372/3964MB (lfb 8x4MB) SWAP 793/6078MB (cached 34MB) IRAM 0/252kB(lfb 252kB) CPU [6%@921,7%@921,off,off] EMC_FREQ 0%@1600 GR3D_FREQ 0%@614 APE 25 PLL@29.5C CPU@31.5C iwlwifi@32C PMIC@50C GPU@29.5C AO@40.5C thermal@30.5C POM_5V_IN 1689/1863 POM_5V_GPU 82/98 POM_5V_CPU 164/291
RAM 1372/3964MB (lfb 8x4MB) SWAP 793/6078MB (cached 34MB) IRAM 0/252kB(lfb 252kB) CPU [8%@921,6%@921,off,off] EMC_FREQ 0%@1600 GR3D_FREQ 0%@614 APE 25 PLL@29.5C CPU@31.5C iwlwifi@32C PMIC@50C GPU@29.5C AO@40.5C thermal@30.5C POM_5V_IN 1689/1863 POM_5V_GPU 82/98 POM_5V_CPU 164/291
RAM 1372/3964MB (lfb 8x4MB) SWAP 793/6078MB (cached 34MB) IRAM 0/252kB(lfb 252kB) CPU [7%@921,7%@921,off,off] EMC_FREQ 0%@1600 GR3D_FREQ 0%@614 APE 25 PLL@29.5C CPU@31.5C iwlwifi@32C PMIC@50C GPU@30C AO@40.5C thermal@30.5C POM_5V_IN 1689/1862 POM_5V_GPU 82/98 POM_5V_CPU 164/291
RAM 1370/3964MB (lfb 8x4MB) SWAP 793/6078MB (cached 34MB) IRAM 0/252kB(lfb 252kB) CPU [7%@921,7%@921,off,off] EMC_FREQ 0%@1600 GR3D_FREQ 0%@614 APE 25 PLL@29.5C CPU@31.5C iwlwifi@32C PMIC@50C GPU@29.5C AO@41C thermal@30.5C POM_5V_IN 1689/1862 POM_5V_GPU 82/98 POM_5V_CPU 164/291
RAM 1372/3964MB (lfb 8x4MB) SWAP 793/6078MB (cached 34MB) IRAM 0/252kB(lfb 252kB) CPU [7%@921,7%@921,off,off] EMC_FREQ 0%@1600 GR3D_FREQ 0%@614 APE 25 PLL@29.5C CPU@31.5C iwlwifi@32C PMIC@50C GPU@30C AO@41C thermal@30.5C POM_5V_IN 1689/1862 POM_5V_GPU 82/98 POM_5V_CPU 164/291
RAM 1374/3964MB (lfb 8x4MB) SWAP 793/6078MB (cached 34MB) IRAM 0/252kB(lfb 252kB) CPU [6%@921,8%@921,off,off] EMC_FREQ 0%@1600 GR3D_FREQ 0%@614 APE 25 PLL@29.5C CPU@31C iwlwifi@32C PMIC@50C GPU@29.5C AO@41C thermal@30.5C POM_5V_IN 1810/1862 POM_5V_GPU 82/98 POM_5V_CPU 246/291
RAM 1372/3964MB (lfb 8x4MB) SWAP 793/6078MB (cached 34MB) IRAM 0/252kB(lfb 252kB) CPU [6%@921,8%@921,off,off] EMC_FREQ 0%@1600 GR3D_FREQ 0%@614 APE 25 PLL@29.5C CPU@31.5C iwlwifi@32C PMIC@50C GPU@29.5C AO@41C thermal@30.75C POM_5V_IN 1689/1862 POM_5V_GPU 82/98 POM_5V_CPU 164/291
RAM 1372/3964MB (lfb 8x4MB) SWAP 793/6078MB (cached 34MB) IRAM 0/252kB(lfb 252kB) CPU [5%@921,8%@921,off,off] EMC_FREQ 0%@1600 GR3D_FREQ 0%@614 APE 25 PLL@29C CPU@31.5C iwlwifi@32C PMIC@50C GPU@30C AO@41C thermal@30.75C POM_5V_IN 1687/1862 POM_5V_GPU 82/98 POM_5V_CPU 164/291
RAM 1370/3964MB (lfb 8x4MB) SWAP 793/6078MB (cached 34MB) IRAM 0/252kB(lfb 252kB) CPU [7%@921,7%@921,off,off] EMC_FREQ 0%@1600 GR3D_FREQ 0%@614 APE 25 PLL@30C CPU@31.5C iwlwifi@32C PMIC@50C GPU@29.5C AO@40.5C thermal@31C POM_5V_IN 1689/1861 POM_5V_GPU 82/98 POM_5V_CPU 164/290
RAM 1375/3964MB (lfb 8x4MB) SWAP 793/6078MB (cached 34MB) IRAM 0/252kB(lfb 252kB) CPU [6%@921,8%@921,off,off] EMC_FREQ 0%@1600 GR3D_FREQ 0%@614 APE 25 PLL@29.5C CPU@31.5C iwlwifi@32C PMIC@50C GPU@29.5C AO@40.5C thermal@30.5C POM_5V_IN 1689/1861 POM_5V_GPU 82/98 POM_5V_CPU 164/290
RAM 1374/3964MB (lfb 8x4MB) SWAP 793/6078MB (cached 34MB) IRAM 0/252kB(lfb 252kB) CPU [6%@921,7%@921,off,off] EMC_FREQ 0%@1600 GR3D_FREQ 0%@614 APE 25 PLL@29.5C CPU@31.5C iwlwifi@32C PMIC@50C GPU@29.5C AO@40.5C thermal@30.5C POM_5V_IN 1689/1861 POM_5V_GPU 82/98 POM_5V_CPU 164/290
RAM 1370/3964MB (lfb 8x4MB) SWAP 793/6078MB (cached 34MB) IRAM 0/252kB(lfb 252kB) CPU [8%@921,5%@921,off,off] EMC_FREQ 0%@1600 GR3D_FREQ 0%@614 APE 25 PLL@29.5C CPU@31.5C iwlwifi@32C PMIC@50C GPU@30C AO@40.5C thermal@30.75C POM_5V_IN 1689/1861 POM_5V_GPU 82/98 POM_5V_CPU 164/290
RAM 1370/3964MB (lfb 8x4MB) SWAP 793/6078MB (cached 34MB) IRAM 0/252kB(lfb 252kB) CPU [4%@921,10%@921,off,off] EMC_FREQ 0%@1600 GR3D_FREQ 0%@614 APE 25 PLL@29.5C CPU@31C iwlwifi@32C PMIC@50C GPU@29.5C AO@41C thermal@30.75C POM_5V_IN 1731/1861 POM_5V_GPU 82/97 POM_5V_CPU 164/290
RAM 1373/3964MB (lfb 8x4MB) SWAP 793/6078MB (cached 34MB) IRAM 0/252kB(lfb 252kB) CPU [7%@921,7%@921,off,off] EMC_FREQ 0%@1600 GR3D_FREQ 0%@614 APE 25 PLL@29.5C CPU@32C iwlwifi@32C PMIC@50C GPU@29.5C AO@40.5C thermal@30.5C POM_5V_IN 1689/1860 POM_5V_GPU 82/97 POM_5V_CPU 164/290
RAM 1372/3964MB (lfb 8x4MB) SWAP 793/6078MB (cached 34MB) IRAM 0/252kB(lfb 252kB) CPU [8%@921,6%@921,off,off] EMC_FREQ 0%@1600 GR3D_FREQ 0%@614 APE 25 PLL@29.5C CPU@31.5C iwlwifi@32C PMIC@50C GPU@30C AO@40.5C thermal@30.75C POM_5V_IN 1689/1860 POM_5V_GPU 82/97 POM_5V_CPU 164/290
RAM 1374/3964MB (lfb 8x4MB) SWAP 793/6078MB (cached 34MB) IRAM 0/252kB(lfb 252kB) CPU [5%@921,7%@921,off,off] EMC_FREQ 0%@1600 GR3D_FREQ 0%@614 APE 25 PLL@29.5C CPU@32C iwlwifi@32C PMIC@50C GPU@30C AO@41C thermal@30.5C POM_5V_IN 1689/1860 POM_5V_GPU 82/97 POM_5V_CPU 164/289
RAM 1372/3964MB (lfb 8x4MB) SWAP 793/6078MB (cached 34MB) IRAM 0/252kB(lfb 252kB) CPU [6%@921,8%@921,off,off] EMC_FREQ 0%@1600 GR3D_FREQ 0%@614 APE 25 PLL@29.5C CPU@32C iwlwifi@32C PMIC@50C GPU@29.5C AO@40.5C thermal@30.5C POM_5V_IN 1689/1860 POM_5V_GPU 82/97 POM_5V_CPU 164/289
RAM 1370/3964MB (lfb 8x4MB) SWAP 793/6078MB (cached 34MB) IRAM 0/252kB(lfb 252kB) CPU [7%@921,7%@921,off,off] EMC_FREQ 0%@1600 GR3D_FREQ 0%@614 APE 25 PLL@30C CPU@31.5C iwlwifi@32C PMIC@50C GPU@29.5C AO@40.5C thermal@30.75C POM_5V_IN 1689/1860 POM_5V_GPU 82/97 POM_5V_CPU 164/289
RAM 1370/3964MB (lfb 8x4MB) SWAP 793/6078MB (cached 34MB) IRAM 0/252kB(lfb 252kB) CPU [7%@921,7%@921,off,off] EMC_FREQ 0%@1600 GR3D_FREQ 0%@614 APE 25 PLL@29.5C CPU@32C iwlwifi@32C PMIC@50C GPU@30C AO@41C thermal@30.5C POM_5V_IN 1689/1860 POM_5V_GPU 82/97 POM_5V_CPU 164/289
RAM 1372/3964MB (lfb 8x4MB) SWAP 793/6078MB (cached 34MB) IRAM 0/252kB(lfb 252kB) CPU [6%@921,7%@921,off,off] EMC_FREQ 0%@1600 GR3D_FREQ 0%@614 APE 25 PLL@29.5C CPU@31.5C iwlwifi@32C PMIC@50C GPU@30C AO@41C thermal@30.75C POM_5V_IN 1731/1859 POM_5V_GPU 82/97 POM_5V_CPU 164/289
RAM 1370/3964MB (lfb 8x4MB) SWAP 793/6078MB (cached 34MB) IRAM 0/252kB(lfb 252kB) CPU [7%@921,6%@921,off,off] EMC_FREQ 0%@1600 GR3D_FREQ 0%@614 APE 25 PLL@29.5C CPU@32C iwlwifi@32C PMIC@50C GPU@30C AO@41C thermal@30.75C POM_5V_IN 1689/1859 POM_5V_GPU 82/97 POM_5V_CPU 123/289
RAM 1374/3964MB (lfb 8x4MB) SWAP 793/6078MB (cached 34MB) IRAM 0/252kB(lfb 252kB) CPU [7%@921,7%@921,off,off] EMC_FREQ 0%@1600 GR3D_FREQ 0%@614 APE 25 PLL@29.5C CPU@31.5C iwlwifi@32C PMIC@50C GPU@30C AO@41C thermal@30.75C POM_5V_IN 1689/1859 POM_5V_GPU 82/97 POM_5V_CPU 123/289
RAM 1370/3964MB (lfb 8x4MB) SWAP 793/6078MB (cached 34MB) IRAM 0/252kB(lfb 252kB) CPU [7%@921,6%@921,off,off] EMC_FREQ 0%@1600 GR3D_FREQ 0%@614 APE 25 PLL@29.5C CPU@31.5C iwlwifi@32C PMIC@50C GPU@30C AO@41C thermal@30.75C POM_5V_IN 1689/1859 POM_5V_GPU 82/97 POM_5V_CPU 164/288
RAM 1373/3964MB (lfb 8x4MB) SWAP 793/6078MB (cached 34MB) IRAM 0/252kB(lfb 252kB) CPU [4%@921,10%@921,off,off] EMC_FREQ 0%@1600 GR3D_FREQ 0%@614 APE 25 PLL@29.5C CPU@31.5C iwlwifi@32C PMIC@50C GPU@30C AO@41C thermal@30.75C POM_5V_IN 1689/1859 POM_5V_GPU 82/97 POM_5V_CPU 164/288
RAM 1375/3964MB (lfb 8x4MB) SWAP 793/6078MB (cached 34MB) IRAM 0/252kB(lfb 252kB) CPU [4%@921,9%@921,off,off] EMC_FREQ 0%@1600 GR3D_FREQ 0%@614 APE 25 PLL@29.5C CPU@31.5C iwlwifi@32C PMIC@50C GPU@29.5C AO@41C thermal@30.5C POM_5V_IN 1689/1859 POM_5V_GPU 82/97 POM_5V_CPU 164/288
RAM 1374/3964MB (lfb 8x4MB) SWAP 793/6078MB (cached 34MB) IRAM 0/252kB(lfb 252kB) CPU [7%@921,7%@921,off,off] EMC_FREQ 0%@1600 GR3D_FREQ 0%@614 APE 25 PLL@29.5C CPU@31.5C iwlwifi@32C PMIC@50C GPU@29.5C AO@41C thermal@30.75C POM_5V_IN 1689/1858 POM_5V_GPU 82/97 POM_5V_CPU 164/288
RAM 1375/3964MB (lfb 8x4MB) SWAP 793/6078MB (cached 34MB) IRAM 0/252kB(lfb 252kB) CPU [6%@921,7%@921,off,off] EMC_FREQ 0%@1600 GR3D_FREQ 0%@614 APE 25 PLL@29.5C CPU@31.5C iwlwifi@32C PMIC@50C GPU@29C AO@40.5C thermal@30.5C POM_5V_IN 1689/1858 POM_5V_GPU 82/97 POM_5V_CPU 164/288
RAM 1375/3964MB (lfb 8x4MB) SWAP 793/6078MB (cached 34MB) IRAM 0/252kB(lfb 252kB) CPU [4%@921,9%@921,off,off] EMC_FREQ 0%@1600 GR3D_FREQ 0%@614 APE 25 PLL@29.5C CPU@31.5C iwlwifi@32C PMIC@50C GPU@29.5C AO@40.5C thermal@30.5C POM_5V_IN 1689/1858 POM_5V_GPU 82/97 POM_5V_CPU 164/288
RAM 1371/3964MB (lfb 8x4MB) SWAP 793/6078MB (cached 34MB) IRAM 0/252kB(lfb 252kB) CPU [7%@921,7%@921,off,off] EMC_FREQ 0%@1600 GR3D_FREQ 0%@614 APE 25 PLL@29.5C CPU@31.5C iwlwifi@32C PMIC@50C GPU@29.5C AO@40.5C thermal@30.5C POM_5V_IN 1689/1858 POM_5V_GPU 82/97 POM_5V_CPU 164/288
RAM 1373/3964MB (lfb 8x4MB) SWAP 793/6078MB (cached 34MB) IRAM 0/252kB(lfb 252kB) CPU [4%@921,9%@921,off,off] EMC_FREQ 0%@1600 GR3D_FREQ 0%@614 APE 25 PLL@29.5C CPU@31C iwlwifi@33C PMIC@50C GPU@29.5C AO@41C thermal@30.5C POM_5V_IN 1689/1858 POM_5V_GPU 82/97 POM_5V_CPU 164/288
RAM 1371/3964MB (lfb 8x4MB) SWAP 793/6078MB (cached 34MB) IRAM 0/252kB(lfb 252kB) CPU [8%@921,5%@921,off,off] EMC_FREQ 0%@1600 GR3D_FREQ 0%@614 APE 25 PLL@29.5C CPU@31.5C iwlwifi@32C PMIC@50C GPU@30C AO@41C thermal@30.5C POM_5V_IN 1689/1857 POM_5V_GPU 82/97 POM_5V_CPU 123/287
RAM 1373/3964MB (lfb 8x4MB) SWAP 793/6078MB (cached 34MB) IRAM 0/252kB(lfb 252kB) CPU [6%@921,7%@921,off,off] EMC_FREQ 0%@1600 GR3D_FREQ 0%@614 APE 25 PLL@29.5C CPU@31.5C iwlwifi@32C PMIC@50C GPU@30C AO@40.5C thermal@30.5C POM_5V_IN 1689/1857 POM_5V_GPU 82/97 POM_5V_CPU 164/287
RAM 1371/3964MB (lfb 8x4MB) SWAP 793/6078MB (cached 34MB) IRAM 0/252kB(lfb 252kB) CPU [7%@921,7%@921,off,off] EMC_FREQ 0%@1600 GR3D_FREQ 0%@614 APE 25 PLL@29.5C CPU@31.5C iwlwifi@32C PMIC@50C GPU@30C AO@40.5C thermal@30.75C POM_5V_IN 1689/1857 POM_5V_GPU 82/97 POM_5V_CPU 164/287
RAM 1373/3964MB (lfb 8x4MB) SWAP 793/6078MB (cached 34MB) IRAM 0/252kB(lfb 252kB) CPU [7%@921,6%@921,off,off] EMC_FREQ 0%@1600 GR3D_FREQ 0%@614 APE 25 PLL@29.5C CPU@31.5C iwlwifi@32C PMIC@50C GPU@29.5C AO@41C thermal@30.75C POM_5V_IN 1689/1857 POM_5V_GPU 82/97 POM_5V_CPU 164/287
RAM 1371/3964MB (lfb 8x4MB) SWAP 793/6078MB (cached 34MB) IRAM 0/252kB(lfb 252kB) CPU [9%@921,5%@921,off,off] EMC_FREQ 0%@1600 GR3D_FREQ 0%@614 APE 25 PLL@29.5C CPU@31.5C iwlwifi@32C PMIC@50C GPU@29.5C AO@41C thermal@30.75C POM_5V_IN 1689/1857 POM_5V_GPU 82/97 POM_5V_CPU 164/287
RAM 1375/3964MB (lfb 8x4MB) SWAP 793/6078MB (cached 34MB) IRAM 0/252kB(lfb 252kB) CPU [4%@921,9%@921,off,off] EMC_FREQ 0%@1600 GR3D_FREQ 0%@614 APE 25 PLL@29.5C CPU@31.5C iwlwifi@32C PMIC@50C GPU@29.5C AO@40.5C thermal@30.75C POM_5V_IN 1689/1857 POM_5V_GPU 82/97 POM_5V_CPU 164/287
RAM 1371/3964MB (lfb 8x4MB) SWAP 793/6078MB (cached 34MB) IRAM 0/252kB(lfb 252kB) CPU [5%@921,9%@921,off,off] EMC_FREQ 0%@1600 GR3D_FREQ 0%@614 APE 25 PLL@30C CPU@31.5C iwlwifi@32C PMIC@50C GPU@30C AO@40.5C thermal@30.25C POM_5V_IN 1689/1856 POM_5V_GPU 82/97 POM_5V_CPU 164/287
RAM 1373/3964MB (lfb 8x4MB) SWAP 793/6078MB (cached 34MB) IRAM 0/252kB(lfb 252kB) CPU [7%@921,6%@921,off,off] EMC_FREQ 0%@1600 GR3D_FREQ 0%@614 APE 25 PLL@29.5C CPU@31.5C iwlwifi@32C PMIC@50C GPU@29.5C AO@41C thermal@30.5C POM_5V_IN 1689/1856 POM_5V_GPU 82/97 POM_5V_CPU 164/286
RAM 1375/3964MB (lfb 8x4MB) SWAP 793/6078MB (cached 34MB) IRAM 0/252kB(lfb 252kB) CPU [6%@921,8%@921,off,off] EMC_FREQ 0%@1600 GR3D_FREQ 0%@614 APE 25 PLL@29.5C CPU@31C iwlwifi@32C PMIC@50C GPU@30C AO@41C thermal@30.5C POM_5V_IN 1689/1856 POM_5V_GPU 82/97 POM_5V_CPU 164/286
RAM 1373/3964MB (lfb 8x4MB) SWAP 793/6078MB (cached 34MB) IRAM 0/252kB(lfb 252kB) CPU [6%@921,7%@921,off,off] EMC_FREQ 0%@1600 GR3D_FREQ 0%@614 APE 25 PLL@29.5C CPU@31.5C iwlwifi@32C PMIC@50C GPU@29.5C AO@40.5C thermal@30.5C POM_5V_IN 1731/1856 POM_5V_GPU 82/97 POM_5V_CPU 164/286
RAM 1373/3964MB (lfb 8x4MB) SWAP 793/6078MB (cached 34MB) IRAM 0/252kB(lfb 252kB) CPU [6%@921,7%@921,off,off] EMC_FREQ 0%@1600 GR3D_FREQ 0%@614 APE 25 PLL@29.5C CPU@31.5C iwlwifi@32C PMIC@50C GPU@30C AO@40.5C thermal@30.5C POM_5V_IN 1689/1856 POM_5V_GPU 82/97 POM_5V_CPU 164/286
RAM 1373/3964MB (lfb 8x4MB) SWAP 793/6078MB (cached 34MB) IRAM 0/252kB(lfb 252kB) CPU [4%@921,9%@921,off,off] EMC_FREQ 0%@1600 GR3D_FREQ 0%@614 APE 25 PLL@29.5C CPU@31.5C iwlwifi@32C PMIC@50C GPU@29.5C AO@40.5C thermal@30.75C POM_5V_IN 1687/1856 POM_5V_GPU 82/97 POM_5V_CPU 164/286
RAM 1372/3964MB (lfb 8x4MB) SWAP 793/6078MB (cached 34MB) IRAM 0/252kB(lfb 252kB) CPU [6%@921,6%@921,off,off] EMC_FREQ 0%@1600 GR3D_FREQ 0%@614 APE 25 PLL@30C CPU@31.5C iwlwifi@32C PMIC@50C GPU@29.5C AO@41C thermal@30.75C POM_5V_IN 1689/1855 POM_5V_GPU 82/97 POM_5V_CPU 164/286
RAM 1370/3964MB (lfb 8x4MB) SWAP 793/6078MB (cached 34MB) IRAM 0/252kB(lfb 252kB) CPU [6%@921,7%@921,off,off] EMC_FREQ 0%@1600 GR3D_FREQ 0%@614 APE 25 PLL@29.5C CPU@31.5C iwlwifi@32C PMIC@50C GPU@30C AO@41C thermal@30.5C POM_5V_IN 1689/1855 POM_5V_GPU 82/97 POM_5V_CPU 164/286
RAM 1372/3964MB (lfb 8x4MB) SWAP 793/6078MB (cached 34MB) IRAM 0/252kB(lfb 252kB) CPU [8%@921,6%@921,off,off] EMC_FREQ 0%@1600 GR3D_FREQ 0%@614 APE 25 PLL@29.5C CPU@31.5C iwlwifi@32C PMIC@50C GPU@29.5C AO@41C thermal@30.75C POM_5V_IN 1689/1855 POM_5V_GPU 82/97 POM_5V_CPU 164/286
RAM 1370/3964MB (lfb 8x4MB) SWAP 793/6078MB (cached 34MB) IRAM 0/252kB(lfb 252kB) CPU [6%@921,7%@921,off,off] EMC_FREQ 0%@1600 GR3D_FREQ 0%@614 APE 25 PLL@29.5C CPU@31.5C iwlwifi@32C PMIC@50C GPU@30C AO@40.5C thermal@30.75C POM_5V_IN 1689/1855 POM_5V_GPU 82/97 POM_5V_CPU 164/285
RAM 1370/3964MB (lfb 8x4MB) SWAP 793/6078MB (cached 34MB) IRAM 0/252kB(lfb 252kB) CPU [6%@921,7%@921,off,off] EMC_FREQ 0%@1600 GR3D_FREQ 0%@614 APE 25 PLL@30C CPU@31.5C iwlwifi@32C PMIC@50C GPU@29.5C AO@41C thermal@30.75C POM_5V_IN 1689/1855 POM_5V_GPU 82/97 POM_5V_CPU 164/285
RAM 1375/3964MB (lfb 8x4MB) SWAP 793/6078MB (cached 34MB) IRAM 0/252kB(lfb 252kB) CPU [6%@921,7%@921,off,off] EMC_FREQ 0%@1600 GR3D_FREQ 0%@614 APE 25 PLL@30C CPU@31.5C iwlwifi@32C PMIC@50C GPU@30C AO@41C thermal@30.75C POM_5V_IN 1689/1855 POM_5V_GPU 82/97 POM_5V_CPU 164/285
RAM 1370/3964MB (lfb 8x4MB) SWAP 793/6078MB (cached 34MB) IRAM 0/252kB(lfb 252kB) CPU [6%@921,7%@921,off,off] EMC_FREQ 0%@1600 GR3D_FREQ 0%@614 APE 25 PLL@29.5C CPU@31.5C iwlwifi@32C PMIC@50C GPU@30C AO@41C thermal@30.75C POM_5V_IN 1687/1854 POM_5V_GPU 82/97 POM_5V_CPU 164/285
RAM 1370/3964MB (lfb 8x4MB) SWAP 793/6078MB (cached 34MB) IRAM 0/252kB(lfb 252kB) CPU [7%@921,6%@921,off,off] EMC_FREQ 0%@1600 GR3D_FREQ 0%@614 APE 25 PLL@29.5C CPU@31C iwlwifi@32C PMIC@50C GPU@29.5C AO@41C thermal@30.75C POM_5V_IN 1689/1854 POM_5V_GPU 82/97 POM_5V_CPU 164/285
RAM 1370/3964MB (lfb 8x4MB) SWAP 793/6078MB (cached 34MB) IRAM 0/252kB(lfb 252kB) CPU [5%@921,7%@921,off,off] EMC_FREQ 0%@1600 GR3D_FREQ 0%@614 APE 25 PLL@29.5C CPU@31.5C iwlwifi@32C PMIC@50C GPU@30C AO@41C thermal@30.75C POM_5V_IN 1689/1854 POM_5V_GPU 82/97 POM_5V_CPU 164/285
RAM 1372/3964MB (lfb 8x4MB) SWAP 793/6078MB (cached 34MB) IRAM 0/252kB(lfb 252kB) CPU [9%@921,5%@921,off,off] EMC_FREQ 0%@1600 GR3D_FREQ 0%@614 APE 25 PLL@29.5C CPU@31.5C iwlwifi@32C PMIC@50C GPU@30C AO@41C thermal@30.75C POM_5V_IN 1689/1854 POM_5V_GPU 82/97 POM_5V_CPU 164/285
RAM 1375/3964MB (lfb 8x4MB) SWAP 793/6078MB (cached 34MB) IRAM 0/252kB(lfb 252kB) CPU [7%@921,5%@921,off,off] EMC_FREQ 0%@1600 GR3D_FREQ 0%@614 APE 25 PLL@29.5C CPU@31.5C iwlwifi@32C PMIC@50C GPU@29.5C AO@40.5C thermal@30.5C POM_5V_IN 1689/1854 POM_5V_GPU 82/97 POM_5V_CPU 164/285
RAM 1374/3964MB (lfb 8x4MB) SWAP 793/6078MB (cached 34MB) IRAM 0/252kB(lfb 252kB) CPU [7%@921,7%@921,off,off] EMC_FREQ 0%@1600 GR3D_FREQ 0%@614 APE 25 PLL@29.5C CPU@31.5C iwlwifi@32C PMIC@50C GPU@30C AO@41C thermal@30.75C POM_5V_IN 1689/1854 POM_5V_GPU 82/97 POM_5V_CPU 123/284
RAM 1372/3964MB (lfb 8x4MB) SWAP 793/6078MB (cached 34MB) IRAM 0/252kB(lfb 252kB) CPU [7%@921,5%@921,off,off] EMC_FREQ 0%@1600 GR3D_FREQ 0%@614 APE 25 PLL@29C CPU@31C iwlwifi@32C PMIC@50C GPU@29.5C AO@40.5C thermal@30.75C POM_5V_IN 1728/1853 POM_5V_GPU 82/97 POM_5V_CPU 164/284
RAM 1370/3964MB (lfb 8x4MB) SWAP 793/6078MB (cached 34MB) IRAM 0/252kB(lfb 252kB) CPU [6%@921,8%@921,off,off] EMC_FREQ 0%@1600 GR3D_FREQ 0%@614 APE 25 PLL@29.5C CPU@31.5C iwlwifi@32C PMIC@50C GPU@30C AO@40.5C thermal@30.25C POM_5V_IN 1689/1853 POM_5V_GPU 82/97 POM_5V_CPU 164/284
RAM 1372/3964MB (lfb 8x4MB) SWAP 793/6078MB (cached 34MB) IRAM 0/252kB(lfb 252kB) CPU [4%@921,8%@921,off,off] EMC_FREQ 0%@1600 GR3D_FREQ 0%@614 APE 25 PLL@29.5C CPU@32C iwlwifi@32C PMIC@50C GPU@29.5C AO@41C thermal@30.75C POM_5V_IN 1687/1853 POM_5V_GPU 82/97 POM_5V_CPU 164/284
RAM 1375/3964MB (lfb 8x4MB) SWAP 793/6078MB (cached 34MB) IRAM 0/252kB(lfb 252kB) CPU [4%@921,10%@921,off,off] EMC_FREQ 0%@1600 GR3D_FREQ 0%@614 APE 25 PLL@29.5C CPU@31.5C iwlwifi@32C PMIC@50C GPU@30C AO@41C thermal@30.5C POM_5V_IN 1689/1853 POM_5V_GPU 82/97 POM_5V_CPU 164/284
RAM 1370/3964MB (lfb 8x4MB) SWAP 793/6078MB (cached 34MB) IRAM 0/252kB(lfb 252kB) CPU [6%@921,7%@921,off,off] EMC_FREQ 0%@1600 GR3D_FREQ 0%@614 APE 25 PLL@29.5C CPU@31C iwlwifi@32C PMIC@50C GPU@29.5C AO@41C thermal@30.75C POM_5V_IN 1731/1853 POM_5V_GPU 82/97 POM_5V_CPU 164/284
RAM 1374/3964MB (lfb 8x4MB) SWAP 793/6078MB (cached 34MB) IRAM 0/252kB(lfb 252kB) CPU [7%@921,7%@921,off,off] EMC_FREQ 0%@1600 GR3D_FREQ 0%@614 APE 25 PLL@29.5C CPU@31C iwlwifi@32C PMIC@50C GPU@29.5C AO@40.5C thermal@30.75C POM_5V_IN 1689/1853 POM_5V_GPU 82/97 POM_5V_CPU 164/284
RAM 1374/3964MB (lfb 8x4MB) SWAP 793/6078MB (cached 34MB) IRAM 0/252kB(lfb 252kB) CPU [8%@921,5%@921,off,off] EMC_FREQ 0%@1600 GR3D_FREQ 0%@614 APE 25 PLL@29.5C CPU@31.5C iwlwifi@32C PMIC@50C GPU@29.5C AO@40.5C thermal@30.5C POM_5V_IN 1689/1852 POM_5V_GPU 82/97 POM_5V_CPU 164/284
RAM 1370/3964MB (lfb 8x4MB) SWAP 793/6078MB (cached 34MB) IRAM 0/252kB(lfb 252kB) CPU [7%@921,7%@921,off,off] EMC_FREQ 0%@1600 GR3D_FREQ 0%@614 APE 25 PLL@29.5C CPU@31.5C iwlwifi@32C PMIC@50C GPU@29.5C AO@41C thermal@30.5C POM_5V_IN 1689/1852 POM_5V_GPU 82/97 POM_5V_CPU 164/283
RAM 1373/3964MB (lfb 8x4MB) SWAP 793/6078MB (cached 34MB) IRAM 0/252kB(lfb 252kB) CPU [8%@921,5%@921,off,off] EMC_FREQ 0%@1600 GR3D_FREQ 0%@614 APE 25 PLL@29C CPU@31.5C iwlwifi@32C PMIC@50C GPU@29.5C AO@40.5C thermal@30.5C POM_5V_IN 1689/1852 POM_5V_GPU 82/97 POM_5V_CPU 164/283
RAM 1374/3964MB (lfb 8x4MB) SWAP 793/6078MB (cached 34MB) IRAM 0/252kB(lfb 252kB) CPU [5%@921,8%@921,off,off] EMC_FREQ 0%@1600 GR3D_FREQ 0%@614 APE 25 PLL@29C CPU@31.5C iwlwifi@32C PMIC@50C GPU@29.5C AO@40.5C thermal@30.75C POM_5V_IN 1772/1852 POM_5V_GPU 82/97 POM_5V_CPU 164/283
RAM 1371/3964MB (lfb 8x4MB) SWAP 793/6078MB (cached 34MB) IRAM 0/252kB(lfb 252kB) CPU [6%@921,7%@921,off,off] EMC_FREQ 0%@1600 GR3D_FREQ 0%@614 APE 25 PLL@29.5C CPU@31.5C iwlwifi@32C PMIC@50C GPU@29.5C AO@40.5C thermal@30.5C POM_5V_IN 1731/1852 POM_5V_GPU 82/97 POM_5V_CPU 164/283
RAM 1370/3964MB (lfb 8x4MB) SWAP 793/6078MB (cached 34MB) IRAM 0/252kB(lfb 252kB) CPU [6%@921,7%@921,off,off] EMC_FREQ 0%@1600 GR3D_FREQ 0%@614 APE 25 PLL@29.5C CPU@32C iwlwifi@32C PMIC@50C GPU@29.5C AO@40.5C thermal@30.5C POM_5V_IN 1689/1852 POM_5V_GPU 82/97 POM_5V_CPU 164/283
RAM 1374/3964MB (lfb 8x4MB) SWAP 793/6078MB (cached 34MB) IRAM 0/252kB(lfb 252kB) CPU [6%@921,7%@921,off,off] EMC_FREQ 0%@1600 GR3D_FREQ 0%@614 APE 25 PLL@29.5C CPU@31.5C iwlwifi@32C PMIC@50C GPU@29.5C AO@40.5C thermal@30.5C POM_5V_IN 1689/1852 POM_5V_GPU 82/97 POM_5V_CPU 123/283
RAM 1371/3964MB (lfb 8x4MB) SWAP 793/6078MB (cached 34MB) IRAM 0/252kB(lfb 252kB) CPU [7%@921,6%@921,off,off] EMC_FREQ 0%@1600 GR3D_FREQ 0%@614 APE 25 PLL@29.5C CPU@31.5C iwlwifi@32C PMIC@50C GPU@30C AO@40.5C thermal@30.75C POM_5V_IN 1689/1851 POM_5V_GPU 82/97 POM_5V_CPU 123/283
RAM 1372/3964MB (lfb 8x4MB) SWAP 793/6078MB (cached 34MB) IRAM 0/252kB(lfb 252kB) CPU [7%@921,7%@921,off,off] EMC_FREQ 0%@1600 GR3D_FREQ 0%@614 APE 25 PLL@29.5C CPU@31C iwlwifi@32C PMIC@50C GPU@29.5C AO@41C thermal@30.75C POM_5V_IN 1731/1851 POM_5V_GPU 82/97 POM_5V_CPU 164/283
RAM 1374/3964MB (lfb 8x4MB) SWAP 793/6078MB (cached 34MB) IRAM 0/252kB(lfb 252kB) CPU [6%@921,7%@921,off,off] EMC_FREQ 0%@1600 GR3D_FREQ 0%@614 APE 25 PLL@29.5C CPU@31.5C iwlwifi@32C PMIC@50C GPU@30C AO@41C thermal@30.5C POM_5V_IN 1689/1851 POM_5V_GPU 82/97 POM_5V_CPU 164/282
RAM 1373/3964MB (lfb 8x4MB) SWAP 793/6078MB (cached 34MB) IRAM 0/252kB(lfb 252kB) CPU [7%@921,7%@921,off,off] EMC_FREQ 0%@1600 GR3D_FREQ 0%@614 APE 25 PLL@29.5C CPU@31C iwlwifi@32C PMIC@50C GPU@29.5C AO@40.5C thermal@30.5C POM_5V_IN 1689/1851 POM_5V_GPU 82/97 POM_5V_CPU 164/282
RAM 1372/3964MB (lfb 8x4MB) SWAP 793/6078MB (cached 34MB) IRAM 0/252kB(lfb 252kB) CPU [7%@921,6%@921,off,off] EMC_FREQ 0%@1600 GR3D_FREQ 0%@614 APE 25 PLL@29.5C CPU@31.5C iwlwifi@32C PMIC@50C GPU@29.5C AO@40.5C thermal@30.5C POM_5V_IN 1689/1851 POM_5V_GPU 82/97 POM_5V_CPU 164/282
RAM 1375/3964MB (lfb 8x4MB) SWAP 793/6078MB (cached 34MB) IRAM 0/252kB(lfb 252kB) CPU [6%@921,9%@921,off,off] EMC_FREQ 0%@1600 GR3D_FREQ 0%@614 APE 25 PLL@29.5C CPU@31.5C iwlwifi@32C PMIC@50C GPU@30C AO@40.5C thermal@30.5C POM_5V_IN 1731/1851 POM_5V_GPU 82/97 POM_5V_CPU 164/282
RAM 1372/3964MB (lfb 8x4MB) SWAP 793/6078MB (cached 34MB) IRAM 0/252kB(lfb 252kB) CPU [9%@921,4%@921,off,off] EMC_FREQ 0%@1600 GR3D_FREQ 0%@614 APE 25 PLL@29.5C CPU@31.5C iwlwifi@33C PMIC@50C GPU@30C AO@40.5C thermal@30.75C POM_5V_IN 1687/1851 POM_5V_GPU 82/97 POM_5V_CPU 164/282
RAM 1371/3964MB (lfb 8x4MB) SWAP 793/6078MB (cached 34MB) IRAM 0/252kB(lfb 252kB) CPU [7%@921,7%@921,off,off] EMC_FREQ 0%@1600 GR3D_FREQ 0%@614 APE 25 PLL@29.5C CPU@31.5C iwlwifi@32C PMIC@50C GPU@30C AO@40.5C thermal@30.5C POM_5V_IN 1687/1850 POM_5V_GPU 82/97 POM_5V_CPU 164/282
RAM 1372/3964MB (lfb 8x4MB) SWAP 793/6078MB (cached 34MB) IRAM 0/252kB(lfb 252kB) CPU [5%@921,8%@921,off,off] EMC_FREQ 0%@1600 GR3D_FREQ 0%@614 APE 25 PLL@29.5C CPU@31.5C iwlwifi@32C PMIC@50C GPU@29.5C AO@40.5C thermal@30.5C POM_5V_IN 1689/1850 POM_5V_GPU 82/96 POM_5V_CPU 164/282
RAM 1372/3964MB (lfb 8x4MB) SWAP 793/6078MB (cached 34MB) IRAM 0/252kB(lfb 252kB) CPU [6%@921,7%@921,off,off] EMC_FREQ 0%@1600 GR3D_FREQ 0%@614 APE 25 PLL@29.5C CPU@31C iwlwifi@32C PMIC@50C GPU@29.5C AO@41C thermal@30.5C POM_5V_IN 1689/1850 POM_5V_GPU 82/96 POM_5V_CPU 164/282
RAM 1370/3964MB (lfb 8x4MB) SWAP 793/6078MB (cached 34MB) IRAM 0/252kB(lfb 252kB) CPU [8%@921,6%@921,off,off] EMC_FREQ 0%@1600 GR3D_FREQ 0%@614 APE 25 PLL@29.5C CPU@31.5C iwlwifi@32C PMIC@50C GPU@29.5C AO@40.5C thermal@30.5C POM_5V_IN 1689/1850 POM_5V_GPU 82/96 POM_5V_CPU 164/281
RAM 1370/3964MB (lfb 8x4MB) SWAP 793/6078MB (cached 34MB) IRAM 0/252kB(lfb 252kB) CPU [6%@921,7%@921,off,off] EMC_FREQ 0%@1600 GR3D_FREQ 0%@614 APE 25 PLL@29.5C CPU@31.5C iwlwifi@32C PMIC@50C GPU@29.5C AO@40.5C thermal@30.75C POM_5V_IN 1689/1850 POM_5V_GPU 82/96 POM_5V_CPU 164/281
RAM 1373/3964MB (lfb 8x4MB) SWAP 793/6078MB (cached 34MB) IRAM 0/252kB(lfb 252kB) CPU [6%@921,8%@921,off,off] EMC_FREQ 0%@1600 GR3D_FREQ 0%@614 APE 25 PLL@29C CPU@31.5C iwlwifi@32C PMIC@50C GPU@29.5C AO@40.5C thermal@30.5C POM_5V_IN 1689/1850 POM_5V_GPU 82/96 POM_5V_CPU 164/281
RAM 1372/3964MB (lfb 8x4MB) SWAP 793/6078MB (cached 34MB) IRAM 0/252kB(lfb 252kB) CPU [7%@921,6%@921,off,off] EMC_FREQ 0%@1600 GR3D_FREQ 0%@614 APE 25 PLL@29C CPU@31.5C iwlwifi@32C PMIC@50C GPU@29.5C AO@41C thermal@30.5C POM_5V_IN 1689/1849 POM_5V_GPU 82/96 POM_5V_CPU 123/281
RAM 1371/3964MB (lfb 8x4MB) SWAP 793/6078MB (cached 34MB) IRAM 0/252kB(lfb 252kB) CPU [10%@921,4%@921,off,off] EMC_FREQ 0%@1600 GR3D_FREQ 0%@614 APE 25 PLL@29.5C CPU@31.5C iwlwifi@32C PMIC@50C GPU@29.5C AO@41C thermal@30.75C POM_5V_IN 1689/1849 POM_5V_GPU 82/96 POM_5V_CPU 164/281
RAM 1374/3964MB (lfb 8x4MB) SWAP 793/6078MB (cached 34MB) IRAM 0/252kB(lfb 252kB) CPU [5%@921,9%@921,off,off] EMC_FREQ 0%@1600 GR3D_FREQ 0%@614 APE 25 PLL@29.5C CPU@31.5C iwlwifi@32C PMIC@50C GPU@30C AO@40.5C thermal@30.5C POM_5V_IN 1689/1849 POM_5V_GPU 82/96 POM_5V_CPU 164/281
RAM 1371/3964MB (lfb 8x4MB) SWAP 793/6078MB (cached 34MB) IRAM 0/252kB(lfb 252kB) CPU [10%@921,4%@921,off,off] EMC_FREQ 0%@1600 GR3D_FREQ 0%@614 APE 25 PLL@29.5C CPU@31C iwlwifi@32C PMIC@50C GPU@29.5C AO@41C thermal@30.5C POM_5V_IN 1731/1849 POM_5V_GPU 82/96 POM_5V_CPU 164/281
RAM 1372/3964MB (lfb 8x4MB) SWAP 793/6078MB (cached 34MB) IRAM 0/252kB(lfb 252kB) CPU [7%@921,6%@921,off,off] EMC_FREQ 0%@1600 GR3D_FREQ 0%@614 APE 25 PLL@29.5C CPU@31.5C iwlwifi@32C PMIC@50C GPU@30C AO@40.5C thermal@30.5C POM_5V_IN 1689/1849 POM_5V_GPU 82/96 POM_5V_CPU 164/281
RAM 1385/3964MB (lfb 8x4MB) SWAP 793/6078MB (cached 34MB) IRAM 0/252kB(lfb 252kB) CPU [8%@921,8%@921,off,off] EMC_FREQ 0%@1600 GR3D_FREQ 0%@614 APE 25 PLL@29.5C CPU@31.5C iwlwifi@32C PMIC@50C GPU@29.5C AO@40.5C thermal@30.75C POM_5V_IN 1689/1849 POM_5V_GPU 82/96 POM_5V_CPU 164/281
RAM 1371/3964MB (lfb 8x4MB) SWAP 793/6078MB (cached 34MB) IRAM 0/252kB(lfb 252kB) CPU [7%@921,9%@921,off,off] EMC_FREQ 0%@1600 GR3D_FREQ 0%@614 APE 25 PLL@29.5C CPU@31.5C iwlwifi@32C PMIC@50C GPU@30C AO@41C thermal@30.75C POM_5V_IN 1813/1849 POM_5V_GPU 82/96 POM_5V_CPU 246/280
RAM 1372/3964MB (lfb 8x4MB) SWAP 793/6078MB (cached 34MB) IRAM 0/252kB(lfb 252kB) CPU [7%@921,6%@921,off,off] EMC_FREQ 0%@1600 GR3D_FREQ 0%@614 APE 25 PLL@29.5C CPU@31.5C iwlwifi@33C PMIC@50C GPU@30C AO@40.5C thermal@30.75C POM_5V_IN 1689/1849 POM_5V_GPU 82/96 POM_5V_CPU 164/280
RAM 1374/3964MB (lfb 8x4MB) SWAP 793/6078MB (cached 34MB) IRAM 0/252kB(lfb 252kB) CPU [7%@921,7%@921,off,off] EMC_FREQ 0%@1600 GR3D_FREQ 0%@614 APE 25 PLL@29.5C CPU@31.5C iwlwifi@32C PMIC@50C GPU@30C AO@40.5C thermal@30.75C POM_5V_IN 1687/1848 POM_5V_GPU 82/96 POM_5V_CPU 164/280
RAM 1370/3964MB (lfb 8x4MB) SWAP 793/6078MB (cached 34MB) IRAM 0/252kB(lfb 252kB) CPU [5%@921,9%@921,off,off] EMC_FREQ 0%@1600 GR3D_FREQ 0%@614 APE 25 PLL@29C CPU@32C iwlwifi@32C PMIC@50C GPU@30C AO@41C thermal@30.75C POM_5V_IN 1689/1848 POM_5V_GPU 82/96 POM_5V_CPU 164/280
RAM 1370/3964MB (lfb 8x4MB) SWAP 793/6078MB (cached 34MB) IRAM 0/252kB(lfb 252kB) CPU [5%@921,9%@921,off,off] EMC_FREQ 0%@1600 GR3D_FREQ 0%@614 APE 25 PLL@29.5C CPU@31.5C iwlwifi@32C PMIC@50C GPU@30C AO@40.5C thermal@30.75C POM_5V_IN 1689/1848 POM_5V_GPU 82/96 POM_5V_CPU 164/280
RAM 1372/3964MB (lfb 8x4MB) SWAP 793/6078MB (cached 34MB) IRAM 0/252kB(lfb 252kB) CPU [6%@921,7%@921,off,off] EMC_FREQ 0%@1600 GR3D_FREQ 0%@614 APE 25 PLL@29.5C CPU@31.5C iwlwifi@32C PMIC@50C GPU@30C AO@40.5C thermal@30.5C POM_5V_IN 1689/1848 POM_5V_GPU 82/96 POM_5V_CPU 164/280
RAM 1375/3964MB (lfb 8x4MB) SWAP 793/6078MB (cached 34MB) IRAM 0/252kB(lfb 252kB) CPU [7%@921,6%@921,off,off] EMC_FREQ 0%@1600 GR3D_FREQ 0%@614 APE 25 PLL@29.5C CPU@31.5C iwlwifi@32C PMIC@50C GPU@30C AO@40.5C thermal@30.75C POM_5V_IN 1689/1848 POM_5V_GPU 82/96 POM_5V_CPU 164/280
RAM 1374/3964MB (lfb 8x4MB) SWAP 793/6078MB (cached 34MB) IRAM 0/252kB(lfb 252kB) CPU [8%@921,6%@921,off,off] EMC_FREQ 0%@1600 GR3D_FREQ 0%@614 APE 25 PLL@29.5C CPU@31.5C iwlwifi@32C PMIC@50C GPU@30C AO@40.5C thermal@30.5C POM_5V_IN 1689/1848 POM_5V_GPU 82/96 POM_5V_CPU 164/280
RAM 1373/3964MB (lfb 8x4MB) SWAP 793/6078MB (cached 34MB) IRAM 0/252kB(lfb 252kB) CPU [9%@921,5%@921,off,off] EMC_FREQ 0%@1600 GR3D_FREQ 0%@614 APE 25 PLL@29.5C CPU@31C iwlwifi@32C PMIC@50C GPU@30C AO@40.5C thermal@30.75C POM_5V_IN 1689/1847 POM_5V_GPU 82/96 POM_5V_CPU 123/280
RAM 1370/3964MB (lfb 8x4MB) SWAP 793/6078MB (cached 34MB) IRAM 0/252kB(lfb 252kB) CPU [4%@921,9%@921,off,off] EMC_FREQ 0%@1600 GR3D_FREQ 0%@614 APE 25 PLL@29.5C CPU@31.5C iwlwifi@32C PMIC@50C GPU@30C AO@41C thermal@30.5C POM_5V_IN 1689/1847 POM_5V_GPU 82/96 POM_5V_CPU 164/279
RAM 1372/3964MB (lfb 8x4MB) SWAP 793/6078MB (cached 34MB) IRAM 0/252kB(lfb 252kB) CPU [7%@921,6%@921,off,off] EMC_FREQ 0%@1600 GR3D_FREQ 0%@614 APE 25 PLL@29.5C CPU@31.5C iwlwifi@32C PMIC@50C GPU@30C AO@40.5C thermal@30.5C POM_5V_IN 1689/1847 POM_5V_GPU 82/96 POM_5V_CPU 164/279
RAM 1372/3964MB (lfb 8x4MB) SWAP 793/6078MB (cached 34MB) IRAM 0/252kB(lfb 252kB) CPU [5%@921,7%@921,off,off] EMC_FREQ 0%@1600 GR3D_FREQ 0%@614 APE 25 PLL@29.5C CPU@31.5C iwlwifi@32C PMIC@50C GPU@30C AO@41C thermal@31C POM_5V_IN 1689/1847 POM_5V_GPU 82/96 POM_5V_CPU 123/279
RAM 1374/3964MB (lfb 8x4MB) SWAP 793/6078MB (cached 34MB) IRAM 0/252kB(lfb 252kB) CPU [6%@921,8%@921,off,off] EMC_FREQ 0%@1600 GR3D_FREQ 0%@614 APE 25 PLL@29.5C CPU@31.5C iwlwifi@32C PMIC@50C GPU@29.5C AO@41C thermal@30.5C POM_5V_IN 1689/1847 POM_5V_GPU 82/96 POM_5V_CPU 164/279
RAM 1373/3964MB (lfb 8x4MB) SWAP 793/6078MB (cached 34MB) IRAM 0/252kB(lfb 252kB) CPU [9%@921,5%@921,off,off] EMC_FREQ 0%@1600 GR3D_FREQ 0%@614 APE 25 PLL@29.5C CPU@32C iwlwifi@32C PMIC@50C GPU@30C AO@41C thermal@30.5C POM_5V_IN 1689/1847 POM_5V_GPU 82/96 POM_5V_CPU 164/279
RAM 1372/3964MB (lfb 8x4MB) SWAP 793/6078MB (cached 34MB) IRAM 0/252kB(lfb 252kB) CPU [5%@921,8%@921,off,off] EMC_FREQ 0%@1600 GR3D_FREQ 0%@614 APE 25 PLL@29.5C CPU@31.5C iwlwifi@32C PMIC@50C GPU@29.5C AO@40.5C thermal@30.5C POM_5V_IN 1689/1846 POM_5V_GPU 82/96 POM_5V_CPU 164/279
RAM 1375/3964MB (lfb 8x4MB) SWAP 793/6078MB (cached 34MB) IRAM 0/252kB(lfb 252kB) CPU [6%@921,7%@921,off,off] EMC_FREQ 0%@1600 GR3D_FREQ 0%@614 APE 25 PLL@29.5C CPU@31.5C iwlwifi@33C PMIC@50C GPU@29.5C AO@41C thermal@30.75C POM_5V_IN 1689/1846 POM_5V_GPU 82/96 POM_5V_CPU 164/279
RAM 1372/3964MB (lfb 8x4MB) SWAP 793/6078MB (cached 34MB) IRAM 0/252kB(lfb 252kB) CPU [9%@921,5%@921,off,off] EMC_FREQ 0%@1600 GR3D_FREQ 0%@614 APE 25 PLL@30C CPU@31.5C iwlwifi@32C PMIC@50C GPU@30C AO@40.5C thermal@30.75C POM_5V_IN 1731/1846 POM_5V_GPU 82/96 POM_5V_CPU 164/279
RAM 1372/3964MB (lfb 8x4MB) SWAP 793/6078MB (cached 34MB) IRAM 0/252kB(lfb 252kB) CPU [6%@921,8%@921,off,off] EMC_FREQ 0%@1600 GR3D_FREQ 0%@614 APE 25 PLL@29.5C CPU@31.5C iwlwifi@32C PMIC@50C GPU@30C AO@41C thermal@30.75C POM_5V_IN 1689/1846 POM_5V_GPU 82/96 POM_5V_CPU 164/278
RAM 1370/3964MB (lfb 8x4MB) SWAP 793/6078MB (cached 34MB) IRAM 0/252kB(lfb 252kB) CPU [6%@921,7%@921,off,off] EMC_FREQ 0%@1600 GR3D_FREQ 0%@614 APE 25 PLL@29.5C CPU@31.5C iwlwifi@32C PMIC@50C GPU@29.5C AO@40.5C thermal@30.75C POM_5V_IN 1689/1846 POM_5V_GPU 82/96 POM_5V_CPU 123/278
RAM 1372/3964MB (lfb 8x4MB) SWAP 793/6078MB (cached 34MB) IRAM 0/252kB(lfb 252kB) CPU [6%@921,7%@921,off,off] EMC_FREQ 0%@1600 GR3D_FREQ 0%@614 APE 25 PLL@29.5C CPU@31.5C iwlwifi@32C PMIC@50C GPU@30C AO@40.5C thermal@30.75C POM_5V_IN 1689/1846 POM_5V_GPU 82/96 POM_5V_CPU 123/278
RAM 1372/3964MB (lfb 8x4MB) SWAP 793/6078MB (cached 34MB) IRAM 0/252kB(lfb 252kB) CPU [6%@921,7%@921,off,off] EMC_FREQ 0%@1600 GR3D_FREQ 0%@614 APE 25 PLL@29.5C CPU@31.5C iwlwifi@32C PMIC@50C GPU@30C AO@41C thermal@30.75C POM_5V_IN 1689/1846 POM_5V_GPU 82/96 POM_5V_CPU 164/278
RAM 1370/3964MB (lfb 8x4MB) SWAP 793/6078MB (cached 34MB) IRAM 0/252kB(lfb 252kB) CPU [5%@921,8%@921,off,off] EMC_FREQ 0%@1600 GR3D_FREQ 0%@614 APE 25 PLL@29.5C CPU@31.5C iwlwifi@32C PMIC@50C GPU@30C AO@40.5C thermal@31C POM_5V_IN 1689/1845 POM_5V_GPU 82/96 POM_5V_CPU 164/278
RAM 1375/3964MB (lfb 8x4MB) SWAP 793/6078MB (cached 34MB) IRAM 0/252kB(lfb 252kB) CPU [4%@921,10%@921,off,off] EMC_FREQ 0%@1600 GR3D_FREQ 0%@614 APE 25 PLL@29.5C CPU@31.5C iwlwifi@32C PMIC@50C GPU@30C AO@40.5C thermal@30.75C POM_5V_IN 1689/1845 POM_5V_GPU 82/96 POM_5V_CPU 164/278
RAM 1370/3964MB (lfb 8x4MB) SWAP 793/6078MB (cached 34MB) IRAM 0/252kB(lfb 252kB) CPU [6%@921,7%@921,off,off] EMC_FREQ 0%@1600 GR3D_FREQ 0%@614 APE 25 PLL@29.5C CPU@31.5C iwlwifi@32C PMIC@50C GPU@30C AO@40.5C thermal@30.75C POM_5V_IN 1689/1845 POM_5V_GPU 82/96 POM_5V_CPU 164/278
RAM 1374/3964MB (lfb 8x4MB) SWAP 793/6078MB (cached 34MB) IRAM 0/252kB(lfb 252kB) CPU [7%@921,6%@921,off,off] EMC_FREQ 0%@1600 GR3D_FREQ 0%@614 APE 25 PLL@29.5C CPU@31.5C iwlwifi@32C PMIC@50C GPU@29.5C AO@40.5C thermal@30.5C POM_5V_IN 1689/1845 POM_5V_GPU 82/96 POM_5V_CPU 164/278
RAM 1375/3964MB (lfb 8x4MB) SWAP 793/6078MB (cached 34MB) IRAM 0/252kB(lfb 252kB) CPU [7%@921,7%@921,off,off] EMC_FREQ 0%@1600 GR3D_FREQ 0%@614 APE 25 PLL@29.5C CPU@31.5C iwlwifi@32C PMIC@50C GPU@29.5C AO@40.5C thermal@30.75C POM_5V_IN 1689/1845 POM_5V_GPU 82/96 POM_5V_CPU 164/278
RAM 1372/3964MB (lfb 8x4MB) SWAP 793/6078MB (cached 34MB) IRAM 0/252kB(lfb 252kB) CPU [8%@921,6%@921,off,off] EMC_FREQ 0%@1600 GR3D_FREQ 0%@614 APE 25 PLL@29.5C CPU@31.5C iwlwifi@32C PMIC@50C GPU@29.5C AO@41C thermal@30.75C POM_5V_IN 1689/1845 POM_5V_GPU 82/96 POM_5V_CPU 164/277
RAM 1374/3964MB (lfb 8x4MB) SWAP 793/6078MB (cached 34MB) IRAM 0/252kB(lfb 252kB) CPU [7%@921,6%@921,off,off] EMC_FREQ 0%@1600 GR3D_FREQ 0%@614 APE 25 PLL@30C CPU@31.5C iwlwifi@32C PMIC@50C GPU@30.5C AO@40.5C thermal@30.75C POM_5V_IN 1689/1845 POM_5V_GPU 82/96 POM_5V_CPU 164/277
RAM 1372/3964MB (lfb 8x4MB) SWAP 793/6078MB (cached 34MB) IRAM 0/252kB(lfb 252kB) CPU [9%@921,4%@921,off,off] EMC_FREQ 0%@1600 GR3D_FREQ 0%@614 APE 25 PLL@29.5C CPU@31.5C iwlwifi@32C PMIC@50C GPU@29.5C AO@40.5C thermal@30.75C POM_5V_IN 1689/1844 POM_5V_GPU 82/96 POM_5V_CPU 164/277
RAM 1374/3964MB (lfb 8x4MB) SWAP 793/6078MB (cached 34MB) IRAM 0/252kB(lfb 252kB) CPU [6%@921,8%@921,off,off] EMC_FREQ 0%@1600 GR3D_FREQ 0%@614 APE 25 PLL@29.5C CPU@31.5C iwlwifi@32C PMIC@50C GPU@29.5C AO@41C thermal@30.5C POM_5V_IN 1689/1844 POM_5V_GPU 82/96 POM_5V_CPU 164/277
RAM 1372/3964MB (lfb 8x4MB) SWAP 793/6078MB (cached 34MB) IRAM 0/252kB(lfb 252kB) CPU [7%@921,6%@921,off,off] EMC_FREQ 0%@1600 GR3D_FREQ 0%@614 APE 25 PLL@29.5C CPU@31.5C iwlwifi@32C PMIC@50C GPU@29.5C AO@41C thermal@30.25C POM_5V_IN 1689/1844 POM_5V_GPU 82/96 POM_5V_CPU 164/277
RAM 1382/3964MB (lfb 8x4MB) SWAP 793/6078MB (cached 34MB) IRAM 0/252kB(lfb 252kB) CPU [8%@921,9%@921,off,off] EMC_FREQ 0%@1600 GR3D_FREQ 0%@614 APE 25 PLL@30C CPU@31C iwlwifi@32C PMIC@50C GPU@29.5C AO@41C thermal@30.75C POM_5V_IN 1689/1844 POM_5V_GPU 82/96 POM_5V_CPU 164/277
RAM 1373/3964MB (lfb 8x4MB) SWAP 793/6078MB (cached 34MB) IRAM 0/252kB(lfb 252kB) CPU [7%@921,9%@921,off,off] EMC_FREQ 0%@1600 GR3D_FREQ 0%@614 APE 25 PLL@30.5C CPU@31.5C iwlwifi@32C PMIC@50C GPU@30C AO@40.5C thermal@30.5C POM_5V_IN 2133/1844 POM_5V_GPU 82/96 POM_5V_CPU 491/277
RAM 1374/3964MB (lfb 8x4MB) SWAP 793/6078MB (cached 34MB) IRAM 0/252kB(lfb 252kB) CPU [7%@921,7%@921,off,off] EMC_FREQ 0%@1600 GR3D_FREQ 0%@614 APE 25 PLL@30C CPU@31.5C iwlwifi@32C PMIC@50C GPU@30C AO@41C thermal@30.75C POM_5V_IN 1731/1844 POM_5V_GPU 82/96 POM_5V_CPU 164/277
RAM 1371/3964MB (lfb 8x4MB) SWAP 793/6078MB (cached 34MB) IRAM 0/252kB(lfb 252kB) CPU [6%@921,7%@921,off,off] EMC_FREQ 0%@1600 GR3D_FREQ 0%@614 APE 25 PLL@30C CPU@31.5C iwlwifi@32C PMIC@50C GPU@29.5C AO@41C thermal@30.75C POM_5V_IN 1687/1844 POM_5V_GPU 82/96 POM_5V_CPU 164/277
RAM 1372/3964MB (lfb 8x4MB) SWAP 793/6078MB (cached 34MB) IRAM 0/252kB(lfb 252kB) CPU [6%@921,8%@921,off,off] EMC_FREQ 0%@1600 GR3D_FREQ 0%@614 APE 25 PLL@30C CPU@31.5C iwlwifi@32C PMIC@50C GPU@30C AO@40.5C thermal@30.75C POM_5V_IN 1687/1844 POM_5V_GPU 82/96 POM_5V_CPU 164/277
RAM 1375/3964MB (lfb 8x4MB) SWAP 793/6078MB (cached 34MB) IRAM 0/252kB(lfb 252kB) CPU [6%@921,6%@921,off,off] EMC_FREQ 0%@1600 GR3D_FREQ 0%@614 APE 25 PLL@29.5C CPU@31.5C iwlwifi@32C PMIC@50C GPU@29.5C AO@41C thermal@30.5C POM_5V_IN 1689/1844 POM_5V_GPU 82/96 POM_5V_CPU 164/277
RAM 1374/3964MB (lfb 8x4MB) SWAP 793/6078MB (cached 34MB) IRAM 0/252kB(lfb 252kB) CPU [7%@921,7%@921,off,off] EMC_FREQ 0%@1600 GR3D_FREQ 0%@614 APE 25 PLL@30C CPU@31.5C iwlwifi@32C PMIC@50C GPU@29.5C AO@41C thermal@31C POM_5V_IN 1689/1844 POM_5V_GPU 82/96 POM_5V_CPU 164/277
RAM 1370/3964MB (lfb 8x4MB) SWAP 793/6078MB (cached 34MB) IRAM 0/252kB(lfb 252kB) CPU [8%@921,5%@921,off,off] EMC_FREQ 0%@1600 GR3D_FREQ 0%@614 APE 25 PLL@29.5C CPU@32C iwlwifi@32C PMIC@50C GPU@30C AO@40.5C thermal@30.5C POM_5V_IN 1689/1843 POM_5V_GPU 82/96 POM_5V_CPU 164/276
RAM 1372/3964MB (lfb 8x4MB) SWAP 793/6078MB (cached 34MB) IRAM 0/252kB(lfb 252kB) CPU [6%@921,8%@921,off,off] EMC_FREQ 0%@1600 GR3D_FREQ 0%@614 APE 25 PLL@29.5C CPU@32C iwlwifi@32C PMIC@50C GPU@29.5C AO@40.5C thermal@30.75C POM_5V_IN 1689/1843 POM_5V_GPU 82/96 POM_5V_CPU 164/276
RAM 1370/3964MB (lfb 8x4MB) SWAP 793/6078MB (cached 34MB) IRAM 0/252kB(lfb 252kB) CPU [4%@921,9%@921,off,off] EMC_FREQ 0%@1600 GR3D_FREQ 0%@614 APE 25 PLL@29.5C CPU@31.5C iwlwifi@32C PMIC@50C GPU@30C AO@40.5C thermal@30.75C POM_5V_IN 1689/1843 POM_5V_GPU 82/96 POM_5V_CPU 164/276
RAM 1372/3964MB (lfb 8x4MB) SWAP 793/6078MB (cached 34MB) IRAM 0/252kB(lfb 252kB) CPU [4%@921,9%@921,off,off] EMC_FREQ 0%@1600 GR3D_FREQ 0%@614 APE 25 PLL@29C CPU@31.5C iwlwifi@32C PMIC@50C GPU@29.5C AO@41C thermal@30.75C POM_5V_IN 1689/1843 POM_5V_GPU 82/96 POM_5V_CPU 164/276
RAM 1373/3964MB (lfb 8x4MB) SWAP 793/6078MB (cached 34MB) IRAM 0/252kB(lfb 252kB) CPU [8%@921,5%@921,off,off] EMC_FREQ 0%@1600 GR3D_FREQ 0%@614 APE 25 PLL@29.5C CPU@31.5C iwlwifi@32C PMIC@50C GPU@29.5C AO@40.5C thermal@30.5C POM_5V_IN 1689/1843 POM_5V_GPU 82/96 POM_5V_CPU 164/276
RAM 1374/3964MB (lfb 8x4MB) SWAP 793/6078MB (cached 34MB) IRAM 0/252kB(lfb 252kB) CPU [8%@921,5%@921,off,off] EMC_FREQ 0%@1600 GR3D_FREQ 0%@614 APE 25 PLL@29.5C CPU@31C iwlwifi@32C PMIC@50C GPU@30C AO@40.5C thermal@30.75C POM_5V_IN 1689/1843 POM_5V_GPU 82/96 POM_5V_CPU 164/276
RAM 1370/3964MB (lfb 8x4MB) SWAP 793/6078MB (cached 34MB) IRAM 0/252kB(lfb 252kB) CPU [8%@921,6%@921,off,off] EMC_FREQ 0%@1600 GR3D_FREQ 0%@614 APE 25 PLL@29.5C CPU@31.5C iwlwifi@32C PMIC@50C GPU@30C AO@40.5C thermal@30.75C POM_5V_IN 1689/1843 POM_5V_GPU 82/96 POM_5V_CPU 164/276
RAM 1371/3964MB (lfb 8x4MB) SWAP 793/6078MB (cached 34MB) IRAM 0/252kB(lfb 252kB) CPU [5%@921,7%@921,off,off] EMC_FREQ 0%@1600 GR3D_FREQ 0%@614 APE 25 PLL@30C CPU@31.5C iwlwifi@32C PMIC@50C GPU@29.5C AO@40.5C thermal@30.5C POM_5V_IN 1689/1842 POM_5V_GPU 82/96 POM_5V_CPU 164/276
RAM 1370/3964MB (lfb 8x4MB) SWAP 793/6078MB (cached 34MB) IRAM 0/252kB(lfb 252kB) CPU [7%@921,7%@921,off,off] EMC_FREQ 0%@1600 GR3D_FREQ 0%@614 APE 25 PLL@30C CPU@31.5C iwlwifi@32C PMIC@50C GPU@30C AO@40.5C thermal@30.5C POM_5V_IN 1892/1842 POM_5V_GPU 82/96 POM_5V_CPU 329/276
RAM 1372/3964MB (lfb 8x4MB) SWAP 793/6078MB (cached 34MB) IRAM 0/252kB(lfb 252kB) CPU [5%@921,8%@921,off,off] EMC_FREQ 0%@1600 GR3D_FREQ 0%@614 APE 25 PLL@29.5C CPU@31.5C iwlwifi@32C PMIC@50C GPU@30C AO@40.5C thermal@30.75C POM_5V_IN 1689/1842 POM_5V_GPU 82/96 POM_5V_CPU 164/276
RAM 1373/3964MB (lfb 8x4MB) SWAP 793/6078MB (cached 34MB) IRAM 0/252kB(lfb 252kB) CPU [7%@921,7%@921,off,off] EMC_FREQ 0%@1600 GR3D_FREQ 0%@614 APE 25 PLL@30C CPU@31C iwlwifi@32C PMIC@50C GPU@29.5C AO@40.5C thermal@30.75C POM_5V_IN 1689/1842 POM_5V_GPU 82/96 POM_5V_CPU 164/276
RAM 1370/3964MB (lfb 8x4MB) SWAP 793/6078MB (cached 34MB) IRAM 0/252kB(lfb 252kB) CPU [7%@921,6%@921,off,off] EMC_FREQ 0%@1600 GR3D_FREQ 0%@614 APE 25 PLL@29.5C CPU@31.5C iwlwifi@32C PMIC@50C GPU@29.5C AO@40.5C thermal@30.5C POM_5V_IN 1689/1842 POM_5V_GPU 82/96 POM_5V_CPU 164/275
RAM 1375/3964MB (lfb 8x4MB) SWAP 793/6078MB (cached 34MB) IRAM 0/252kB(lfb 252kB) CPU [7%@921,7%@921,off,off] EMC_FREQ 0%@1600 GR3D_FREQ 0%@614 APE 25 PLL@29.5C CPU@31.5C iwlwifi@32C PMIC@50C GPU@29.5C AO@40.5C thermal@30.5C POM_5V_IN 1689/1842 POM_5V_GPU 82/96 POM_5V_CPU 164/275
RAM 1372/3964MB (lfb 8x4MB) SWAP 793/6078MB (cached 34MB) IRAM 0/252kB(lfb 252kB) CPU [7%@921,6%@921,off,off] EMC_FREQ 0%@1600 GR3D_FREQ 0%@614 APE 25 PLL@30C CPU@31.5C iwlwifi@32C PMIC@50C GPU@29.5C AO@40.5C thermal@30.5C POM_5V_IN 1689/1842 POM_5V_GPU 82/96 POM_5V_CPU 123/275
RAM 1374/3964MB (lfb 8x4MB) SWAP 793/6078MB (cached 34MB) IRAM 0/252kB(lfb 252kB) CPU [7%@921,8%@921,off,off] EMC_FREQ 0%@1600 GR3D_FREQ 0%@614 APE 25 PLL@29.5C CPU@31.5C iwlwifi@33C PMIC@50C GPU@30C AO@41C thermal@30.5C POM_5V_IN 1689/1842 POM_5V_GPU 82/96 POM_5V_CPU 164/275
RAM 1373/3964MB (lfb 8x4MB) SWAP 793/6078MB (cached 34MB) IRAM 0/252kB(lfb 252kB) CPU [8%@921,5%@921,off,off] EMC_FREQ 0%@1600 GR3D_FREQ 0%@614 APE 25 PLL@30C CPU@31.5C iwlwifi@32C PMIC@50C GPU@29.5C AO@40.5C thermal@30.5C POM_5V_IN 1728/1841 POM_5V_GPU 82/96 POM_5V_CPU 164/275
RAM 1370/3964MB (lfb 8x4MB) SWAP 793/6078MB (cached 34MB) IRAM 0/252kB(lfb 252kB) CPU [7%@921,6%@921,off,off] EMC_FREQ 0%@1600 GR3D_FREQ 0%@614 APE 25 PLL@30C CPU@31.5C iwlwifi@32C PMIC@50C GPU@29.5C AO@41C thermal@30.75C POM_5V_IN 1689/1841 POM_5V_GPU 82/96 POM_5V_CPU 164/275
RAM 1375/3964MB (lfb 8x4MB) SWAP 793/6078MB (cached 34MB) IRAM 0/252kB(lfb 252kB) CPU [7%@921,7%@921,off,off] EMC_FREQ 0%@1600 GR3D_FREQ 0%@614 APE 25 PLL@29.5C CPU@31.5C iwlwifi@32C PMIC@50C GPU@29.5C AO@40.5C thermal@30.5C POM_5V_IN 2013/1841 POM_5V_GPU 82/96 POM_5V_CPU 410/275
RAM 1371/3964MB (lfb 8x4MB) SWAP 793/6078MB (cached 34MB) IRAM 0/252kB(lfb 252kB) CPU [5%@921,9%@921,off,off] EMC_FREQ 0%@1600 GR3D_FREQ 0%@614 APE 25 PLL@29.5C CPU@31.5C iwlwifi@32C PMIC@50C GPU@30C AO@41C thermal@30.5C POM_5V_IN 1689/1841 POM_5V_GPU 82/96 POM_5V_CPU 164/275
RAM 1371/3964MB (lfb 8x4MB) SWAP 793/6078MB (cached 34MB) IRAM 0/252kB(lfb 252kB) CPU [7%@921,7%@921,off,off] EMC_FREQ 0%@1600 GR3D_FREQ 0%@614 APE 25 PLL@30C CPU@31.5C iwlwifi@32C PMIC@50C GPU@29.5C AO@40.5C thermal@30.75C POM_5V_IN 1689/1841 POM_5V_GPU 82/96 POM_5V_CPU 164/275
RAM 1374/3964MB (lfb 8x4MB) SWAP 793/6078MB (cached 34MB) IRAM 0/252kB(lfb 252kB) CPU [6%@921,7%@921,off,off] EMC_FREQ 0%@1600 GR3D_FREQ 0%@614 APE 25 PLL@29.5C CPU@31C iwlwifi@32C PMIC@50C GPU@29.5C AO@41C thermal@30.75C POM_5V_IN 1731/1841 POM_5V_GPU 82/96 POM_5V_CPU 164/275
RAM 1374/3964MB (lfb 8x4MB) SWAP 793/6078MB (cached 34MB) IRAM 0/252kB(lfb 252kB) CPU [6%@921,7%@921,off,off] EMC_FREQ 0%@1600 GR3D_FREQ 0%@614 APE 25 PLL@29.5C CPU@31.5C iwlwifi@32C PMIC@50C GPU@29.5C AO@40.5C thermal@30.5C POM_5V_IN 1689/1841 POM_5V_GPU 82/96 POM_5V_CPU 164/275
RAM 1374/3964MB (lfb 8x4MB) SWAP 793/6078MB (cached 34MB) IRAM 0/252kB(lfb 252kB) CPU [5%@921,8%@921,off,off] EMC_FREQ 0%@1600 GR3D_FREQ 0%@614 APE 25 PLL@30C CPU@31.5C iwlwifi@32C PMIC@50C GPU@29.5C AO@41C thermal@30.5C POM_5V_IN 1689/1841 POM_5V_GPU 82/96 POM_5V_CPU 164/274
RAM 1373/3964MB (lfb 8x4MB) SWAP 793/6078MB (cached 34MB) IRAM 0/252kB(lfb 252kB) CPU [6%@921,8%@921,off,off] EMC_FREQ 0%@1600 GR3D_FREQ 0%@614 APE 25 PLL@29.5C CPU@31.5C iwlwifi@32C PMIC@50C GPU@29.5C AO@40.5C thermal@30.5C POM_5V_IN 1689/1841 POM_5V_GPU 82/95 POM_5V_CPU 164/274
RAM 1370/3964MB (lfb 8x4MB) SWAP 793/6078MB (cached 34MB) IRAM 0/252kB(lfb 252kB) CPU [5%@921,8%@921,off,off] EMC_FREQ 0%@1600 GR3D_FREQ 0%@614 APE 25 PLL@30C CPU@31.5C iwlwifi@32C PMIC@50C GPU@29.5C AO@40.5C thermal@30.5C POM_5V_IN 1689/1841 POM_5V_GPU 82/95 POM_5V_CPU 164/274
RAM 1370/3964MB (lfb 8x4MB) SWAP 793/6078MB (cached 34MB) IRAM 0/252kB(lfb 252kB) CPU [6%@921,7%@921,off,off] EMC_FREQ 0%@1600 GR3D_FREQ 0%@614 APE 25 PLL@30C CPU@31.5C iwlwifi@32C PMIC@50C GPU@29.5C AO@40.5C thermal@30.5C POM_5V_IN 1689/1840 POM_5V_GPU 82/95 POM_5V_CPU 164/274
RAM 1374/3964MB (lfb 8x4MB) SWAP 793/6078MB (cached 34MB) IRAM 0/252kB(lfb 252kB) CPU [5%@921,8%@921,off,off] EMC_FREQ 0%@1600 GR3D_FREQ 0%@614 APE 25 PLL@29.5C CPU@31.5C iwlwifi@32C PMIC@50C GPU@29.5C AO@40.5C thermal@30.5C POM_5V_IN 1689/1840 POM_5V_GPU 82/95 POM_5V_CPU 164/274
RAM 1372/3964MB (lfb 8x4MB) SWAP 793/6078MB (cached 34MB) IRAM 0/252kB(lfb 252kB) CPU [7%@921,7%@921,off,off] EMC_FREQ 0%@1600 GR3D_FREQ 0%@614 APE 25 PLL@29.5C CPU@31.5C iwlwifi@33C PMIC@50C GPU@29.5C AO@40.5C thermal@30.5C POM_5V_IN 1689/1840 POM_5V_GPU 82/95 POM_5V_CPU 123/274
RAM 1373/3964MB (lfb 8x4MB) SWAP 793/6078MB (cached 34MB) IRAM 0/252kB(lfb 252kB) CPU [7%@921,6%@921,off,off] EMC_FREQ 0%@1600 GR3D_FREQ 0%@614 APE 25 PLL@29.5C CPU@32C iwlwifi@32C PMIC@50C GPU@29.5C AO@40.5C thermal@30.75C POM_5V_IN 1689/1840 POM_5V_GPU 82/95 POM_5V_CPU 164/274
RAM 1371/3964MB (lfb 8x4MB) SWAP 793/6078MB (cached 34MB) IRAM 0/252kB(lfb 252kB) CPU [8%@921,6%@921,off,off] EMC_FREQ 0%@1600 GR3D_FREQ 0%@614 APE 25 PLL@30C CPU@31.5C iwlwifi@32C PMIC@50C GPU@29.5C AO@40.5C thermal@30.5C POM_5V_IN 1689/1840 POM_5V_GPU 82/95 POM_5V_CPU 164/274
RAM 1371/3964MB (lfb 8x4MB) SWAP 793/6078MB (cached 34MB) IRAM 0/252kB(lfb 252kB) CPU [9%@921,4%@921,off,off] EMC_FREQ 0%@1600 GR3D_FREQ 0%@614 APE 25 PLL@29.5C CPU@31.5C iwlwifi@32C PMIC@50C GPU@30C AO@40.5C thermal@30.75C POM_5V_IN 1689/1840 POM_5V_GPU 82/95 POM_5V_CPU 164/274
RAM 1374/3964MB (lfb 8x4MB) SWAP 793/6078MB (cached 34MB) IRAM 0/252kB(lfb 252kB) CPU [7%@921,6%@921,off,off] EMC_FREQ 0%@1600 GR3D_FREQ 0%@614 APE 25 PLL@29.5C CPU@31.5C iwlwifi@32C PMIC@50C GPU@30C AO@41C thermal@30.5C POM_5V_IN 1689/1840 POM_5V_GPU 82/95 POM_5V_CPU 164/274
RAM 1375/3964MB (lfb 8x4MB) SWAP 793/6078MB (cached 34MB) IRAM 0/252kB(lfb 252kB) CPU [6%@921,6%@921,off,off] EMC_FREQ 0%@1600 GR3D_FREQ 0%@614 APE 25 PLL@29.5C CPU@31.5C iwlwifi@32C PMIC@50C GPU@29.5C AO@41C thermal@30.5C POM_5V_IN 1731/1839 POM_5V_GPU 82/95 POM_5V_CPU 164/273
RAM 1373/3964MB (lfb 8x4MB) SWAP 793/6078MB (cached 34MB) IRAM 0/252kB(lfb 252kB) CPU [9%@921,4%@921,off,off] EMC_FREQ 0%@1600 GR3D_FREQ 0%@614 APE 25 PLL@29.5C CPU@31.5C iwlwifi@32C PMIC@50C GPU@29.5C AO@40.5C thermal@30.5C POM_5V_IN 1689/1839 POM_5V_GPU 82/95 POM_5V_CPU 164/273
RAM 1375/3964MB (lfb 8x4MB) SWAP 793/6078MB (cached 34MB) IRAM 0/252kB(lfb 252kB) CPU [7%@921,7%@921,off,off] EMC_FREQ 0%@1600 GR3D_FREQ 0%@614 APE 25 PLL@29.5C CPU@31.5C iwlwifi@32C PMIC@50C GPU@30C AO@41C thermal@30.5C POM_5V_IN 1689/1839 POM_5V_GPU 82/95 POM_5V_CPU 164/273
RAM 1401/3964MB (lfb 8x4MB) SWAP 792/6078MB (cached 34MB) IRAM 0/252kB(lfb 252kB) CPU [25%@921,21%@921,off,off] EMC_FREQ 0%@1600 GR3D_FREQ 0%@614 APE 25 PLL@29.5C CPU@31C iwlwifi@32C PMIC@50C GPU@29.5C AO@41C thermal@30.5C POM_5V_IN 1689/1839 POM_5V_GPU 82/95 POM_5V_CPU 164/273
RAM 1383/3964MB (lfb 8x4MB) SWAP 792/6078MB (cached 34MB) IRAM 0/252kB(lfb 252kB) CPU [6%@921,9%@921,off,off] EMC_FREQ 0%@1600 GR3D_FREQ 0%@614 APE 25 PLL@29.5C CPU@31.5C iwlwifi@32C PMIC@50C GPU@30C AO@40.5C thermal@30.75C POM_5V_IN 1689/1839 POM_5V_GPU 82/95 POM_5V_CPU 164/273
RAM 1381/3964MB (lfb 8x4MB) SWAP 792/6078MB (cached 34MB) IRAM 0/252kB(lfb 252kB) CPU [5%@921,8%@921,off,off] EMC_FREQ 0%@1600 GR3D_FREQ 0%@614 APE 25 PLL@29.5C CPU@31.5C iwlwifi@32C PMIC@50C GPU@30C AO@41C thermal@30.75C POM_5V_IN 1689/1839 POM_5V_GPU 82/95 POM_5V_CPU 164/273
RAM 1381/3964MB (lfb 8x4MB) SWAP 792/6078MB (cached 34MB) IRAM 0/252kB(lfb 252kB) CPU [6%@921,8%@921,off,off] EMC_FREQ 0%@1600 GR3D_FREQ 0%@614 APE 25 PLL@29.5C CPU@31.5C iwlwifi@32C PMIC@50C GPU@29.5C AO@41C thermal@30.75C POM_5V_IN 1689/1839 POM_5V_GPU 82/95 POM_5V_CPU 164/273
RAM 1379/3964MB (lfb 8x4MB) SWAP 792/6078MB (cached 34MB) IRAM 0/252kB(lfb 252kB) CPU [7%@921,6%@921,off,off] EMC_FREQ 0%@1600 GR3D_FREQ 0%@614 APE 25 PLL@29.5C CPU@31.5C iwlwifi@32C PMIC@50C GPU@29.5C AO@41C thermal@30.5C POM_5V_IN 1689/1838 POM_5V_GPU 82/95 POM_5V_CPU 164/273
RAM 1381/3964MB (lfb 8x4MB) SWAP 792/6078MB (cached 34MB) IRAM 0/252kB(lfb 252kB) CPU [6%@921,8%@921,off,off] EMC_FREQ 0%@1600 GR3D_FREQ 0%@614 APE 25 PLL@29.5C CPU@31.5C iwlwifi@32C PMIC@50C GPU@30C AO@41C thermal@30.75C POM_5V_IN 1689/1838 POM_5V_GPU 82/95 POM_5V_CPU 164/273
RAM 1381/3964MB (lfb 8x4MB) SWAP 792/6078MB (cached 34MB) IRAM 0/252kB(lfb 252kB) CPU [6%@921,7%@921,off,off] EMC_FREQ 0%@1600 GR3D_FREQ 0%@614 APE 25 PLL@29.5C CPU@31.5C iwlwifi@32C PMIC@50C GPU@30C AO@40.5C thermal@30.5C POM_5V_IN 1689/1838 POM_5V_GPU 82/95 POM_5V_CPU 164/273
RAM 1379/3964MB (lfb 8x4MB) SWAP 792/6078MB (cached 34MB) IRAM 0/252kB(lfb 252kB) CPU [7%@921,6%@921,off,off] EMC_FREQ 0%@1600 GR3D_FREQ 0%@614 APE 25 PLL@29.5C CPU@31.5C iwlwifi@32C PMIC@50C GPU@29.5C AO@40.5C thermal@31C POM_5V_IN 1689/1838 POM_5V_GPU 82/95 POM_5V_CPU 164/272
RAM 1381/3964MB (lfb 8x4MB) SWAP 792/6078MB (cached 34MB) IRAM 0/252kB(lfb 252kB) CPU [7%@921,6%@921,off,off] EMC_FREQ 0%@1600 GR3D_FREQ 0%@614 APE 25 PLL@30C CPU@31.5C iwlwifi@32C PMIC@50C GPU@29.5C AO@40.5C thermal@30.5C POM_5V_IN 1731/1838 POM_5V_GPU 82/95 POM_5V_CPU 164/272
RAM 1383/3964MB (lfb 8x4MB) SWAP 792/6078MB (cached 34MB) IRAM 0/252kB(lfb 252kB) CPU [9%@921,6%@921,off,off] EMC_FREQ 0%@1600 GR3D_FREQ 0%@614 APE 25 PLL@29.5C CPU@31.5C iwlwifi@32C PMIC@50C GPU@29.5C AO@40.5C thermal@30.5C POM_5V_IN 1689/1838 POM_5V_GPU 82/95 POM_5V_CPU 164/272
RAM 1381/3964MB (lfb 8x4MB) SWAP 792/6078MB (cached 34MB) IRAM 0/252kB(lfb 252kB) CPU [6%@921,7%@921,off,off] EMC_FREQ 0%@1600 GR3D_FREQ 0%@614 APE 25 PLL@29.5C CPU@32C iwlwifi@32C PMIC@50C GPU@30C AO@41C thermal@30.75C POM_5V_IN 1689/1838 POM_5V_GPU 82/95 POM_5V_CPU 164/272
RAM 1381/3964MB (lfb 8x4MB) SWAP 792/6078MB (cached 34MB) IRAM 0/252kB(lfb 252kB) CPU [8%@921,6%@921,off,off] EMC_FREQ 0%@1600 GR3D_FREQ 0%@614 APE 25 PLL@29.5C CPU@31.5C iwlwifi@32C PMIC@50C GPU@29.5C AO@40.5C thermal@30.5C POM_5V_IN 1689/1838 POM_5V_GPU 82/95 POM_5V_CPU 123/272
RAM 1381/3964MB (lfb 8x4MB) SWAP 792/6078MB (cached 34MB) IRAM 0/252kB(lfb 252kB) CPU [6%@921,7%@921,off,off] EMC_FREQ 0%@1600 GR3D_FREQ 0%@614 APE 25 PLL@30C CPU@31C iwlwifi@32C PMIC@50C GPU@29.5C AO@40.5C thermal@30.5C POM_5V_IN 1687/1837 POM_5V_GPU 82/95 POM_5V_CPU 164/272
RAM 1379/3964MB (lfb 8x4MB) SWAP 792/6078MB (cached 34MB) IRAM 0/252kB(lfb 252kB) CPU [9%@921,4%@921,off,off] EMC_FREQ 0%@1600 GR3D_FREQ 0%@614 APE 25 PLL@29.5C CPU@31.5C iwlwifi@32C PMIC@50C GPU@29.5C AO@41C thermal@30.5C POM_5V_IN 1689/1837 POM_5V_GPU 82/95 POM_5V_CPU 164/272
RAM 1381/3964MB (lfb 8x4MB) SWAP 792/6078MB (cached 34MB) IRAM 0/252kB(lfb 252kB) CPU [6%@921,8%@921,off,off] EMC_FREQ 0%@1600 GR3D_FREQ 0%@614 APE 25 PLL@30C CPU@31.5C iwlwifi@32C PMIC@50C GPU@29.5C AO@40.5C thermal@30.5C POM_5V_IN 1689/1837 POM_5V_GPU 82/95 POM_5V_CPU 164/272
RAM 1381/3964MB (lfb 8x4MB) SWAP 792/6078MB (cached 34MB) IRAM 0/252kB(lfb 252kB) CPU [6%@921,7%@921,off,off] EMC_FREQ 0%@1600 GR3D_FREQ 0%@614 APE 25 PLL@29.5C CPU@31.5C iwlwifi@32C PMIC@50C GPU@29.5C AO@41C thermal@30.75C POM_5V_IN 1689/1837 POM_5V_GPU 82/95 POM_5V_CPU 164/272
RAM 1379/3964MB (lfb 8x4MB) SWAP 792/6078MB (cached 34MB) IRAM 0/252kB(lfb 252kB) CPU [7%@921,7%@921,off,off] EMC_FREQ 0%@1600 GR3D_FREQ 0%@614 APE 25 PLL@29.5C CPU@31.5C iwlwifi@32C PMIC@50C GPU@29.5C AO@40.5C thermal@30.25C POM_5V_IN 1689/1837 POM_5V_GPU 82/95 POM_5V_CPU 164/271
RAM 1379/3964MB (lfb 8x4MB) SWAP 792/6078MB (cached 34MB) IRAM 0/252kB(lfb 252kB) CPU [9%@921,4%@921,off,off] EMC_FREQ 0%@1600 GR3D_FREQ 0%@614 APE 25 PLL@29.5C CPU@31C iwlwifi@32C PMIC@50C GPU@30C AO@41C thermal@30.5C POM_5V_IN 1689/1837 POM_5V_GPU 82/95 POM_5V_CPU 164/271
RAM 1379/3964MB (lfb 8x4MB) SWAP 792/6078MB (cached 34MB) IRAM 0/252kB(lfb 252kB) CPU [8%@921,6%@921,off,off] EMC_FREQ 0%@1600 GR3D_FREQ 0%@614 APE 25 PLL@29.5C CPU@31.5C iwlwifi@33C PMIC@50C GPU@29.5C AO@40.5C thermal@30.5C POM_5V_IN 1689/1837 POM_5V_GPU 82/95 POM_5V_CPU 164/271
RAM 1379/3964MB (lfb 8x4MB) SWAP 792/6078MB (cached 34MB) IRAM 0/252kB(lfb 252kB) CPU [5%@921,7%@921,off,off] EMC_FREQ 0%@1600 GR3D_FREQ 0%@614 APE 25 PLL@29.5C CPU@31C iwlwifi@32C PMIC@50C GPU@29.5C AO@40.5C thermal@30.75C POM_5V_IN 1689/1836 POM_5V_GPU 82/95 POM_5V_CPU 164/271
RAM 1383/3964MB (lfb 8x4MB) SWAP 792/6078MB (cached 34MB) IRAM 0/252kB(lfb 252kB) CPU [7%@921,7%@921,off,off] EMC_FREQ 0%@1600 GR3D_FREQ 0%@614 APE 25 PLL@29.5C CPU@31.5C iwlwifi@33C PMIC@50C GPU@29.5C AO@40.5C thermal@30.5C POM_5V_IN 1689/1836 POM_5V_GPU 82/95 POM_5V_CPU 164/271
RAM 1383/3964MB (lfb 8x4MB) SWAP 792/6078MB (cached 34MB) IRAM 0/252kB(lfb 252kB) CPU [7%@921,6%@921,off,off] EMC_FREQ 0%@1600 GR3D_FREQ 0%@614 APE 25 PLL@29.5C CPU@31.5C iwlwifi@32C PMIC@50C GPU@29.5C AO@40.5C thermal@30.5C POM_5V_IN 1689/1836 POM_5V_GPU 82/95 POM_5V_CPU 164/271
RAM 1379/3964MB (lfb 8x4MB) SWAP 792/6078MB (cached 34MB) IRAM 0/252kB(lfb 252kB) CPU [6%@921,7%@921,off,off] EMC_FREQ 0%@1600 GR3D_FREQ 0%@614 APE 25 PLL@29.5C CPU@31.5C iwlwifi@32C PMIC@50C GPU@30C AO@40.5C thermal@30.5C POM_5V_IN 1687/1836 POM_5V_GPU 82/95 POM_5V_CPU 164/271
RAM 1381/3964MB (lfb 8x4MB) SWAP 792/6078MB (cached 34MB) IRAM 0/252kB(lfb 252kB) CPU [6%@921,7%@921,off,off] EMC_FREQ 0%@1600 GR3D_FREQ 0%@614 APE 25 PLL@29.5C CPU@31.5C iwlwifi@32C PMIC@50C GPU@29.5C AO@40.5C thermal@30.75C POM_5V_IN 1689/1836 POM_5V_GPU 82/95 POM_5V_CPU 164/271
RAM 1383/3964MB (lfb 8x4MB) SWAP 792/6078MB (cached 34MB) IRAM 0/252kB(lfb 252kB) CPU [9%@921,5%@921,off,off] EMC_FREQ 0%@1600 GR3D_FREQ 0%@614 APE 25 PLL@29.5C CPU@31.5C iwlwifi@32C PMIC@50C GPU@29.5C AO@41C thermal@30.75C POM_5V_IN 1689/1836 POM_5V_GPU 82/95 POM_5V_CPU 164/271
RAM 1379/3964MB (lfb 8x4MB) SWAP 792/6078MB (cached 34MB) IRAM 0/252kB(lfb 252kB) CPU [8%@921,5%@921,off,off] EMC_FREQ 0%@1600 GR3D_FREQ 0%@614 APE 25 PLL@29.5C CPU@31C iwlwifi@32C PMIC@50C GPU@29.5C AO@40.5C thermal@30.5C POM_5V_IN 1731/1836 POM_5V_GPU 82/95 POM_5V_CPU 164/271
RAM 1383/3964MB (lfb 8x4MB) SWAP 792/6078MB (cached 34MB) IRAM 0/252kB(lfb 252kB) CPU [7%@921,7%@921,off,off] EMC_FREQ 0%@1600 GR3D_FREQ 0%@614 APE 25 PLL@29.5C CPU@31.5C iwlwifi@32C PMIC@50C GPU@30C AO@40.5C thermal@30.75C POM_5V_IN 1731/1836 POM_5V_GPU 82/95 POM_5V_CPU 164/271
RAM 1383/3964MB (lfb 8x4MB) SWAP 792/6078MB (cached 34MB) IRAM 0/252kB(lfb 252kB) CPU [7%@921,7%@921,off,off] EMC_FREQ 0%@1600 GR3D_FREQ 0%@614 APE 25 PLL@29.5C CPU@31.5C iwlwifi@32C PMIC@50C GPU@29.5C AO@41C thermal@30.75C POM_5V_IN 1689/1836 POM_5V_GPU 82/95 POM_5V_CPU 164/270
RAM 1381/3964MB (lfb 8x4MB) SWAP 792/6078MB (cached 34MB) IRAM 0/252kB(lfb 252kB) CPU [7%@921,7%@921,off,off] EMC_FREQ 0%@1600 GR3D_FREQ 0%@614 APE 25 PLL@30C CPU@31.5C iwlwifi@32C PMIC@50C GPU@30C AO@41C thermal@30.75C POM_5V_IN 1687/1835 POM_5V_GPU 82/95 POM_5V_CPU 164/270
RAM 1383/3964MB (lfb 8x4MB) SWAP 792/6078MB (cached 34MB) IRAM 0/252kB(lfb 252kB) CPU [8%@921,7%@921,off,off] EMC_FREQ 0%@1600 GR3D_FREQ 0%@614 APE 25 PLL@29.5C CPU@31.5C iwlwifi@32C PMIC@50C GPU@29.5C AO@41C thermal@30.75C POM_5V_IN 1689/1835 POM_5V_GPU 82/95 POM_5V_CPU 164/270
RAM 1383/3964MB (lfb 8x4MB) SWAP 792/6078MB (cached 34MB) IRAM 0/252kB(lfb 252kB) CPU [9%@921,5%@921,off,off] EMC_FREQ 0%@1600 GR3D_FREQ 0%@614 APE 25 PLL@29.5C CPU@31.5C iwlwifi@32C PMIC@50C GPU@30C AO@40.5C thermal@30.75C POM_5V_IN 1689/1835 POM_5V_GPU 82/95 POM_5V_CPU 164/270
RAM 1381/3964MB (lfb 8x4MB) SWAP 792/6078MB (cached 34MB) IRAM 0/252kB(lfb 252kB) CPU [8%@921,6%@921,off,off] EMC_FREQ 0%@1600 GR3D_FREQ 0%@614 APE 25 PLL@30C CPU@31.5C iwlwifi@32C PMIC@50C GPU@30C AO@41C thermal@31C POM_5V_IN 1689/1835 POM_5V_GPU 82/95 POM_5V_CPU 164/270
RAM 1379/3964MB (lfb 8x4MB) SWAP 792/6078MB (cached 34MB) IRAM 0/252kB(lfb 252kB) CPU [6%@921,7%@921,off,off] EMC_FREQ 0%@1600 GR3D_FREQ 0%@614 APE 25 PLL@29.5C CPU@31.5C iwlwifi@32C PMIC@50C GPU@30C AO@41C thermal@30.75C POM_5V_IN 1689/1835 POM_5V_GPU 82/95 POM_5V_CPU 164/270
RAM 1379/3964MB (lfb 8x4MB) SWAP 792/6078MB (cached 34MB) IRAM 0/252kB(lfb 252kB) CPU [8%@921,6%@921,off,off] EMC_FREQ 0%@1600 GR3D_FREQ 0%@614 APE 25 PLL@30C CPU@31.5C iwlwifi@32C PMIC@50C GPU@30C AO@40.5C thermal@30.75C POM_5V_IN 1687/1835 POM_5V_GPU 82/95 POM_5V_CPU 164/270
RAM 1382/3964MB (lfb 8x4MB) SWAP 792/6078MB (cached 34MB) IRAM 0/252kB(lfb 252kB) CPU [6%@921,8%@921,off,off] EMC_FREQ 0%@1600 GR3D_FREQ 0%@614 APE 25 PLL@29.5C CPU@31.5C iwlwifi@32C PMIC@50C GPU@29.5C AO@40.5C thermal@30.75C POM_5V_IN 1689/1835 POM_5V_GPU 82/95 POM_5V_CPU 123/270
RAM 1381/3964MB (lfb 8x4MB) SWAP 792/6078MB (cached 34MB) IRAM 0/252kB(lfb 252kB) CPU [8%@921,6%@921,off,off] EMC_FREQ 0%@1600 GR3D_FREQ 0%@614 APE 25 PLL@29.5C CPU@31.5C iwlwifi@32C PMIC@50C GPU@29.5C AO@40.5C thermal@30.75C POM_5V_IN 1689/1834 POM_5V_GPU 82/95 POM_5V_CPU 164/270
RAM 1381/3964MB (lfb 8x4MB) SWAP 792/6078MB (cached 34MB) IRAM 0/252kB(lfb 252kB) CPU [8%@921,5%@921,off,off] EMC_FREQ 0%@1600 GR3D_FREQ 0%@614 APE 25 PLL@29.5C CPU@31.5C iwlwifi@32C PMIC@50C GPU@30C AO@40.5C thermal@30.75C POM_5V_IN 1689/1834 POM_5V_GPU 82/95 POM_5V_CPU 164/270
RAM 1379/3964MB (lfb 8x4MB) SWAP 792/6078MB (cached 34MB) IRAM 0/252kB(lfb 252kB) CPU [7%@921,6%@921,off,off] EMC_FREQ 0%@1600 GR3D_FREQ 0%@614 APE 25 PLL@29.5C CPU@31.5C iwlwifi@32C PMIC@50C GPU@30C AO@41C thermal@30.75C POM_5V_IN 1689/1834 POM_5V_GPU 82/95 POM_5V_CPU 164/269
RAM 1379/3964MB (lfb 8x4MB) SWAP 792/6078MB (cached 34MB) IRAM 0/252kB(lfb 252kB) CPU [4%@921,9%@921,off,off] EMC_FREQ 0%@1600 GR3D_FREQ 0%@614 APE 25 PLL@29.5C CPU@31.5C iwlwifi@32C PMIC@50C GPU@30C AO@40.5C thermal@30.5C POM_5V_IN 1689/1834 POM_5V_GPU 82/95 POM_5V_CPU 164/269
RAM 1379/3964MB (lfb 8x4MB) SWAP 792/6078MB (cached 34MB) IRAM 0/252kB(lfb 252kB) CPU [8%@921,5%@921,off,off] EMC_FREQ 0%@1600 GR3D_FREQ 0%@614 APE 25 PLL@30C CPU@31.5C iwlwifi@32C PMIC@50C GPU@29.5C AO@41C thermal@30.75C POM_5V_IN 1851/1834 POM_5V_GPU 82/95 POM_5V_CPU 246/269
RAM 1378/3964MB (lfb 8x4MB) SWAP 792/6078MB (cached 34MB) IRAM 0/252kB(lfb 252kB) CPU [8%@921,5%@921,off,off] EMC_FREQ 0%@1600 GR3D_FREQ 0%@614 APE 25 PLL@30C CPU@31.5C iwlwifi@32C PMIC@50C GPU@30C AO@40.5C thermal@30.75C POM_5V_IN 1687/1834 POM_5V_GPU 82/95 POM_5V_CPU 164/269
RAM 1383/3964MB (lfb 8x4MB) SWAP 792/6078MB (cached 34MB) IRAM 0/252kB(lfb 252kB) CPU [5%@921,9%@921,off,off] EMC_FREQ 0%@1600 GR3D_FREQ 0%@614 APE 25 PLL@29.5C CPU@31.5C iwlwifi@32C PMIC@50C GPU@30C AO@41C thermal@30.75C POM_5V_IN 1689/1834 POM_5V_GPU 82/95 POM_5V_CPU 164/269
RAM 1379/3964MB (lfb 8x4MB) SWAP 792/6078MB (cached 34MB) IRAM 0/252kB(lfb 252kB) CPU [8%@921,5%@921,off,off] EMC_FREQ 0%@1600 GR3D_FREQ 0%@614 APE 25 PLL@29.5C CPU@31.5C iwlwifi@32C PMIC@50C GPU@29.5C AO@40.5C thermal@30.75C POM_5V_IN 1689/1834 POM_5V_GPU 82/95 POM_5V_CPU 164/269
RAM 1379/3964MB (lfb 8x4MB) SWAP 792/6078MB (cached 34MB) IRAM 0/252kB(lfb 252kB) CPU [6%@921,8%@921,off,off] EMC_FREQ 0%@1600 GR3D_FREQ 0%@614 APE 25 PLL@29.5C CPU@31.5C iwlwifi@32C PMIC@50C GPU@30C AO@41C thermal@30.25C POM_5V_IN 1689/1834 POM_5V_GPU 82/95 POM_5V_CPU 164/269
RAM 1383/3964MB (lfb 8x4MB) SWAP 792/6078MB (cached 34MB) IRAM 0/252kB(lfb 252kB) CPU [6%@921,7%@921,off,off] EMC_FREQ 0%@1600 GR3D_FREQ 0%@614 APE 25 PLL@29.5C CPU@32C iwlwifi@32C PMIC@50C GPU@30C AO@41C thermal@30.75C POM_5V_IN 1689/1833 POM_5V_GPU 82/95 POM_5V_CPU 164/269
RAM 1381/3964MB (lfb 8x4MB) SWAP 792/6078MB (cached 34MB) IRAM 0/252kB(lfb 252kB) CPU [7%@921,6%@921,off,off] EMC_FREQ 0%@1600 GR3D_FREQ 0%@614 APE 25 PLL@29.5C CPU@31.5C iwlwifi@32C PMIC@50C GPU@30C AO@40.5C thermal@30.75C POM_5V_IN 1689/1833 POM_5V_GPU 82/95 POM_5V_CPU 164/269
RAM 1383/3964MB (lfb 8x4MB) SWAP 792/6078MB (cached 34MB) IRAM 0/252kB(lfb 252kB) CPU [7%@921,9%@921,off,off] EMC_FREQ 0%@1600 GR3D_FREQ 0%@614 APE 25 PLL@29.5C CPU@31.5C iwlwifi@32C PMIC@50C GPU@30.5C AO@41C thermal@31C POM_5V_IN 1689/1833 POM_5V_GPU 82/95 POM_5V_CPU 164/269
RAM 1379/3964MB (lfb 8x4MB) SWAP 792/6078MB (cached 34MB) IRAM 0/252kB(lfb 252kB) CPU [6%@921,7%@921,off,off] EMC_FREQ 0%@1600 GR3D_FREQ 0%@614 APE 25 PLL@29.5C CPU@31.5C iwlwifi@32C PMIC@50C GPU@30C AO@40.5C thermal@31C POM_5V_IN 1689/1833 POM_5V_GPU 82/95 POM_5V_CPU 164/269
RAM 1380/3964MB (lfb 8x4MB) SWAP 792/6078MB (cached 34MB) IRAM 0/252kB(lfb 252kB) CPU [6%@921,8%@921,off,off] EMC_FREQ 0%@1600 GR3D_FREQ 0%@614 APE 25 PLL@30C CPU@31.5C iwlwifi@32C PMIC@50C GPU@30C AO@40.5C thermal@30.75C POM_5V_IN 1689/1833 POM_5V_GPU 82/95 POM_5V_CPU 164/268
RAM 1383/3964MB (lfb 8x4MB) SWAP 792/6078MB (cached 34MB) IRAM 0/252kB(lfb 252kB) CPU [8%@921,5%@921,off,off] EMC_FREQ 0%@1600 GR3D_FREQ 0%@614 APE 25 PLL@29.5C CPU@31.5C iwlwifi@32C PMIC@50C GPU@30C AO@41C thermal@31C POM_5V_IN 1689/1833 POM_5V_GPU 82/95 POM_5V_CPU 164/268
RAM 1381/3964MB (lfb 8x4MB) SWAP 792/6078MB (cached 34MB) IRAM 0/252kB(lfb 252kB) CPU [6%@921,8%@921,off,off] EMC_FREQ 0%@1600 GR3D_FREQ 0%@614 APE 25 PLL@29.5C CPU@32C iwlwifi@32C PMIC@50C GPU@29.5C AO@40.5C thermal@30.75C POM_5V_IN 1689/1833 POM_5V_GPU 82/95 POM_5V_CPU 164/268
RAM 1381/3964MB (lfb 8x4MB) SWAP 792/6078MB (cached 34MB) IRAM 0/252kB(lfb 252kB) CPU [6%@921,7%@921,off,off] EMC_FREQ 0%@1600 GR3D_FREQ 0%@614 APE 25 PLL@29.5C CPU@31.5C iwlwifi@32C PMIC@50C GPU@30C AO@40.5C thermal@31C POM_5V_IN 1689/1833 POM_5V_GPU 82/95 POM_5V_CPU 164/268
RAM 1379/3964MB (lfb 8x4MB) SWAP 792/6078MB (cached 34MB) IRAM 0/252kB(lfb 252kB) CPU [6%@921,8%@921,off,off] EMC_FREQ 0%@1600 GR3D_FREQ 0%@614 APE 25 PLL@29.5C CPU@31.5C iwlwifi@32C PMIC@50C GPU@29.5C AO@40.5C thermal@30.75C POM_5V_IN 1689/1832 POM_5V_GPU 82/95 POM_5V_CPU 164/268
RAM 1381/3964MB (lfb 8x4MB) SWAP 792/6078MB (cached 34MB) IRAM 0/252kB(lfb 252kB) CPU [6%@921,8%@921,off,off] EMC_FREQ 0%@1600 GR3D_FREQ 0%@614 APE 25 PLL@29.5C CPU@31.5C iwlwifi@32C PMIC@50C GPU@30C AO@41C thermal@31C POM_5V_IN 1689/1832 POM_5V_GPU 82/95 POM_5V_CPU 164/268
RAM 1383/3964MB (lfb 8x4MB) SWAP 792/6078MB (cached 34MB) IRAM 0/252kB(lfb 252kB) CPU [8%@921,6%@921,off,off] EMC_FREQ 0%@1600 GR3D_FREQ 0%@614 APE 25 PLL@29.5C CPU@32C iwlwifi@32C PMIC@50C GPU@30C AO@40.5C thermal@30.5C POM_5V_IN 1731/1832 POM_5V_GPU 82/95 POM_5V_CPU 206/268
RAM 1379/3964MB (lfb 8x4MB) SWAP 792/6078MB (cached 34MB) IRAM 0/252kB(lfb 252kB) CPU [4%@921,9%@921,off,off] EMC_FREQ 0%@1600 GR3D_FREQ 0%@614 APE 25 PLL@29.5C CPU@31.5C iwlwifi@32C PMIC@50C GPU@29.5C AO@40.5C thermal@30.5C POM_5V_IN 1689/1832 POM_5V_GPU 82/95 POM_5V_CPU 123/268
RAM 1383/3964MB (lfb 8x4MB) SWAP 792/6078MB (cached 34MB) IRAM 0/252kB(lfb 252kB) CPU [9%@921,5%@921,off,off] EMC_FREQ 0%@1600 GR3D_FREQ 0%@614 APE 25 PLL@29.5C CPU@32C iwlwifi@32C PMIC@50C GPU@29.5C AO@40.5C thermal@31C POM_5V_IN 1689/1832 POM_5V_GPU 82/95 POM_5V_CPU 164/268
RAM 1379/3964MB (lfb 8x4MB) SWAP 792/6078MB (cached 34MB) IRAM 0/252kB(lfb 252kB) CPU [4%@921,8%@921,off,off] EMC_FREQ 0%@1600 GR3D_FREQ 0%@614 APE 25 PLL@30C CPU@31.5C iwlwifi@32C PMIC@50C GPU@30C AO@41C thermal@30.75C POM_5V_IN 1689/1832 POM_5V_GPU 82/95 POM_5V_CPU 164/268
RAM 1381/3964MB (lfb 8x4MB) SWAP 792/6078MB (cached 34MB) IRAM 0/252kB(lfb 252kB) CPU [5%@921,8%@921,off,off] EMC_FREQ 0%@1600 GR3D_FREQ 0%@614 APE 25 PLL@29.5C CPU@31.5C iwlwifi@32C PMIC@50C GPU@30C AO@40.5C thermal@30.75C POM_5V_IN 1689/1832 POM_5V_GPU 82/95 POM_5V_CPU 164/268
RAM 1379/3964MB (lfb 8x4MB) SWAP 792/6078MB (cached 34MB) IRAM 0/252kB(lfb 252kB) CPU [5%@921,7%@921,off,off] EMC_FREQ 0%@1600 GR3D_FREQ 0%@614 APE 25 PLL@29.5C CPU@31.5C iwlwifi@32C PMIC@50C GPU@29.5C AO@40.5C thermal@30.75C POM_5V_IN 1689/1832 POM_5V_GPU 82/95 POM_5V_CPU 164/267
RAM 1381/3964MB (lfb 8x4MB) SWAP 792/6078MB (cached 34MB) IRAM 0/252kB(lfb 252kB) CPU [9%@921,4%@921,off,off] EMC_FREQ 0%@1600 GR3D_FREQ 0%@614 APE 25 PLL@30C CPU@31C iwlwifi@32C PMIC@50C GPU@29.5C AO@40.5C thermal@30.5C POM_5V_IN 1689/1831 POM_5V_GPU 82/95 POM_5V_CPU 164/267
RAM 1379/3964MB (lfb 8x4MB) SWAP 792/6078MB (cached 34MB) IRAM 0/252kB(lfb 252kB) CPU [6%@921,8%@921,off,off] EMC_FREQ 0%@1600 GR3D_FREQ 0%@614 APE 25 PLL@30C CPU@31.5C iwlwifi@32C PMIC@50C GPU@30C AO@41C thermal@30.5C POM_5V_IN 1687/1831 POM_5V_GPU 82/95 POM_5V_CPU 164/267
RAM 1383/3964MB (lfb 8x4MB) SWAP 792/6078MB (cached 34MB) IRAM 0/252kB(lfb 252kB) CPU [9%@921,4%@921,off,off] EMC_FREQ 0%@1600 GR3D_FREQ 0%@614 APE 25 PLL@30C CPU@31.5C iwlwifi@32C PMIC@50C GPU@30C AO@40.5C thermal@30.75C POM_5V_IN 1689/1831 POM_5V_GPU 82/95 POM_5V_CPU 164/267
RAM 1383/3964MB (lfb 8x4MB) SWAP 792/6078MB (cached 34MB) IRAM 0/252kB(lfb 252kB) CPU [5%@921,8%@921,off,off] EMC_FREQ 0%@1600 GR3D_FREQ 0%@614 APE 25 PLL@30C CPU@31.5C iwlwifi@32C PMIC@50C GPU@29.5C AO@41C thermal@30.75C POM_5V_IN 1731/1831 POM_5V_GPU 82/95 POM_5V_CPU 164/267
RAM 1383/3964MB (lfb 8x4MB) SWAP 792/6078MB (cached 34MB) IRAM 0/252kB(lfb 252kB) CPU [7%@921,6%@921,off,off] EMC_FREQ 0%@1600 GR3D_FREQ 0%@614 APE 25 PLL@29.5C CPU@31.5C iwlwifi@32C PMIC@50C GPU@30C AO@40.5C thermal@30.75C POM_5V_IN 1689/1831 POM_5V_GPU 82/95 POM_5V_CPU 164/267
RAM 1383/3964MB (lfb 8x4MB) SWAP 792/6078MB (cached 34MB) IRAM 0/252kB(lfb 252kB) CPU [6%@921,7%@921,off,off] EMC_FREQ 0%@1600 GR3D_FREQ 0%@614 APE 25 PLL@29.5C CPU@31.5C iwlwifi@32C PMIC@50C GPU@30C AO@41C thermal@30.5C POM_5V_IN 1731/1831 POM_5V_GPU 82/95 POM_5V_CPU 164/267
RAM 1379/3964MB (lfb 8x4MB) SWAP 792/6078MB (cached 34MB) IRAM 0/252kB(lfb 252kB) CPU [5%@921,7%@921,off,off] EMC_FREQ 0%@1600 GR3D_FREQ 0%@614 APE 25 PLL@29.5C CPU@31.5C iwlwifi@32C PMIC@50C GPU@30C AO@41C thermal@30.75C POM_5V_IN 1689/1831 POM_5V_GPU 82/95 POM_5V_CPU 164/267
RAM 1379/3964MB (lfb 8x4MB) SWAP 792/6078MB (cached 34MB) IRAM 0/252kB(lfb 252kB) CPU [7%@921,7%@921,off,off] EMC_FREQ 0%@1600 GR3D_FREQ 0%@614 APE 25 PLL@29.5C CPU@31.5C iwlwifi@32C PMIC@50C GPU@30C AO@40.5C thermal@30.75C POM_5V_IN 1689/1831 POM_5V_GPU 82/95 POM_5V_CPU 164/267
RAM 1383/3964MB (lfb 8x4MB) SWAP 792/6078MB (cached 34MB) IRAM 0/252kB(lfb 252kB) CPU [7%@921,5%@921,off,off] EMC_FREQ 0%@1600 GR3D_FREQ 0%@614 APE 25 PLL@29.5C CPU@32C iwlwifi@32C PMIC@50C GPU@30C AO@41C thermal@30.5C POM_5V_IN 1689/1831 POM_5V_GPU 82/95 POM_5V_CPU 164/267
RAM 1379/3964MB (lfb 8x4MB) SWAP 792/6078MB (cached 34MB) IRAM 0/252kB(lfb 252kB) CPU [7%@921,7%@921,off,off] EMC_FREQ 0%@1600 GR3D_FREQ 0%@614 APE 25 PLL@30C CPU@31.5C iwlwifi@32C PMIC@50C GPU@29.5C AO@40.5C thermal@30.75C POM_5V_IN 1689/1830 POM_5V_GPU 82/95 POM_5V_CPU 123/267
RAM 1383/3964MB (lfb 8x4MB) SWAP 792/6078MB (cached 34MB) IRAM 0/252kB(lfb 252kB) CPU [7%@921,6%@921,off,off] EMC_FREQ 0%@1600 GR3D_FREQ 0%@614 APE 25 PLL@29.5C CPU@31.5C iwlwifi@32C PMIC@50C GPU@30C AO@40.5C thermal@30.75C POM_5V_IN 1687/1830 POM_5V_GPU 82/95 POM_5V_CPU 164/266
RAM 1379/3964MB (lfb 8x4MB) SWAP 792/6078MB (cached 34MB) IRAM 0/252kB(lfb 252kB) CPU [6%@921,8%@921,off,off] EMC_FREQ 0%@1600 GR3D_FREQ 0%@614 APE 25 PLL@29.5C CPU@31.5C iwlwifi@32C PMIC@50C GPU@30C AO@40.5C thermal@30.75C POM_5V_IN 1689/1830 POM_5V_GPU 82/94 POM_5V_CPU 164/266
RAM 1382/3964MB (lfb 8x4MB) SWAP 792/6078MB (cached 34MB) IRAM 0/252kB(lfb 252kB) CPU [5%@921,7%@921,off,off] EMC_FREQ 0%@1600 GR3D_FREQ 0%@614 APE 25 PLL@30C CPU@31C iwlwifi@32C PMIC@50C GPU@30C AO@41C thermal@30.5C POM_5V_IN 1689/1830 POM_5V_GPU 82/94 POM_5V_CPU 164/266
RAM 1381/3964MB (lfb 8x4MB) SWAP 792/6078MB (cached 34MB) IRAM 0/252kB(lfb 252kB) CPU [8%@921,6%@921,off,off] EMC_FREQ 0%@1600 GR3D_FREQ 0%@614 APE 25 PLL@29.5C CPU@31.5C iwlwifi@33C PMIC@50C GPU@30C AO@40.5C thermal@30.5C POM_5V_IN 1689/1830 POM_5V_GPU 82/94 POM_5V_CPU 164/266
RAM 1381/3964MB (lfb 8x4MB) SWAP 792/6078MB (cached 34MB) IRAM 0/252kB(lfb 252kB) CPU [7%@921,7%@921,off,off] EMC_FREQ 0%@1600 GR3D_FREQ 0%@614 APE 25 PLL@29.5C CPU@31.5C iwlwifi@32C PMIC@50C GPU@29.5C AO@40.5C thermal@30.25C POM_5V_IN 1689/1830 POM_5V_GPU 82/94 POM_5V_CPU 164/266
RAM 1381/3964MB (lfb 8x4MB) SWAP 792/6078MB (cached 34MB) IRAM 0/252kB(lfb 252kB) CPU [6%@921,7%@921,off,off] EMC_FREQ 0%@1600 GR3D_FREQ 0%@614 APE 25 PLL@29.5C CPU@31.5C iwlwifi@32C PMIC@50C GPU@29.5C AO@40.5C thermal@30.75C POM_5V_IN 1731/1830 POM_5V_GPU 82/94 POM_5V_CPU 164/266
RAM 1383/3964MB (lfb 8x4MB) SWAP 792/6078MB (cached 34MB) IRAM 0/252kB(lfb 252kB) CPU [7%@921,8%@921,off,off] EMC_FREQ 0%@1600 GR3D_FREQ 0%@614 APE 25 PLL@29.5C CPU@31.5C iwlwifi@32C PMIC@50C GPU@29.5C AO@41C thermal@30.75C POM_5V_IN 1689/1830 POM_5V_GPU 82/94 POM_5V_CPU 164/266
RAM 1381/3964MB (lfb 8x4MB) SWAP 792/6078MB (cached 34MB) IRAM 0/252kB(lfb 252kB) CPU [9%@921,4%@921,off,off] EMC_FREQ 0%@1600 GR3D_FREQ 0%@614 APE 25 PLL@29.5C CPU@31C iwlwifi@32C PMIC@50C GPU@29.5C AO@40.5C thermal@30.5C POM_5V_IN 1689/1829 POM_5V_GPU 82/94 POM_5V_CPU 164/266
RAM 1379/3964MB (lfb 8x4MB) SWAP 792/6078MB (cached 34MB) IRAM 0/252kB(lfb 252kB) CPU [7%@921,7%@921,off,off] EMC_FREQ 0%@1600 GR3D_FREQ 0%@614 APE 25 PLL@29.5C CPU@31.5C iwlwifi@32C PMIC@50C GPU@29.5C AO@40.5C thermal@30.75C POM_5V_IN 1689/1829 POM_5V_GPU 82/94 POM_5V_CPU 164/266
RAM 1381/3964MB (lfb 8x4MB) SWAP 792/6078MB (cached 34MB) IRAM 0/252kB(lfb 252kB) CPU [10%@921,3%@921,off,off] EMC_FREQ 0%@1600 GR3D_FREQ 0%@614 APE 25 PLL@29.5C CPU@31C iwlwifi@32C PMIC@50C GPU@30C AO@41C thermal@30.75C POM_5V_IN 1731/1829 POM_5V_GPU 82/94 POM_5V_CPU 164/266
RAM 1383/3964MB (lfb 8x4MB) SWAP 792/6078MB (cached 34MB) IRAM 0/252kB(lfb 252kB) CPU [8%@921,6%@921,off,off] EMC_FREQ 0%@1600 GR3D_FREQ 0%@614 APE 25 PLL@30C CPU@31.5C iwlwifi@33C PMIC@50C GPU@29.5C AO@41C thermal@30.25C POM_5V_IN 1689/1829 POM_5V_GPU 82/94 POM_5V_CPU 164/266
RAM 1379/3964MB (lfb 8x4MB) SWAP 792/6078MB (cached 34MB) IRAM 0/252kB(lfb 252kB) CPU [8%@921,5%@921,off,off] EMC_FREQ 0%@1600 GR3D_FREQ 0%@614 APE 25 PLL@30C CPU@31C iwlwifi@32C PMIC@50C GPU@30C AO@41C thermal@30.75C POM_5V_IN 1728/1829 POM_5V_GPU 82/94 POM_5V_CPU 164/265
RAM 1383/3964MB (lfb 8x4MB) SWAP 792/6078MB (cached 34MB) IRAM 0/252kB(lfb 252kB) CPU [8%@921,6%@921,off,off] EMC_FREQ 0%@1600 GR3D_FREQ 0%@614 APE 25 PLL@30C CPU@31C iwlwifi@32C PMIC@50C GPU@30C AO@41C thermal@30.5C POM_5V_IN 1689/1829 POM_5V_GPU 82/94 POM_5V_CPU 164/265
RAM 1383/3964MB (lfb 8x4MB) SWAP 792/6078MB (cached 34MB) IRAM 0/252kB(lfb 252kB) CPU [5%@921,8%@921,off,off] EMC_FREQ 0%@1600 GR3D_FREQ 0%@614 APE 25 PLL@29.5C CPU@31C iwlwifi@32C PMIC@50C GPU@30C AO@40.5C thermal@30.75C POM_5V_IN 1689/1829 POM_5V_GPU 82/94 POM_5V_CPU 164/265
RAM 1383/3964MB (lfb 8x4MB) SWAP 792/6078MB (cached 34MB) IRAM 0/252kB(lfb 252kB) CPU [8%@921,5%@921,off,off] EMC_FREQ 0%@1600 GR3D_FREQ 0%@614 APE 25 PLL@29.5C CPU@31C iwlwifi@32C PMIC@50C GPU@29.5C AO@41C thermal@30.75C POM_5V_IN 1689/1829 POM_5V_GPU 82/94 POM_5V_CPU 164/265
RAM 1385/3964MB (lfb 8x4MB) SWAP 792/6078MB (cached 34MB) IRAM 0/252kB(lfb 252kB) CPU [6%@921,8%@921,off,off] EMC_FREQ 0%@1600 GR3D_FREQ 0%@614 APE 25 PLL@29.5C CPU@31C iwlwifi@32C PMIC@50C GPU@29.5C AO@41C thermal@30.75C POM_5V_IN 1689/1829 POM_5V_GPU 82/94 POM_5V_CPU 164/265
RAM 1381/3964MB (lfb 8x4MB) SWAP 792/6078MB (cached 34MB) IRAM 0/252kB(lfb 252kB) CPU [7%@921,7%@921,off,off] EMC_FREQ 0%@1600 GR3D_FREQ 0%@614 APE 25 PLL@29.5C CPU@31.5C iwlwifi@32C PMIC@50C GPU@29.5C AO@41C thermal@30.5C POM_5V_IN 1687/1828 POM_5V_GPU 82/94 POM_5V_CPU 164/265
RAM 1381/3964MB (lfb 8x4MB) SWAP 792/6078MB (cached 34MB) IRAM 0/252kB(lfb 252kB) CPU [6%@921,6%@921,off,off] EMC_FREQ 0%@1600 GR3D_FREQ 0%@614 APE 25 PLL@29.5C CPU@31.5C iwlwifi@32C PMIC@50C GPU@29.5C AO@41C thermal@30.5C POM_5V_IN 1689/1828 POM_5V_GPU 82/94 POM_5V_CPU 164/265
RAM 1385/3964MB (lfb 8x4MB) SWAP 792/6078MB (cached 34MB) IRAM 0/252kB(lfb 252kB) CPU [9%@921,6%@921,off,off] EMC_FREQ 0%@1600 GR3D_FREQ 0%@614 APE 25 PLL@29.5C CPU@31.5C iwlwifi@33C PMIC@50C GPU@29.5C AO@41C thermal@30.5C POM_5V_IN 1731/1828 POM_5V_GPU 82/94 POM_5V_CPU 164/265
RAM 1381/3964MB (lfb 8x4MB) SWAP 792/6078MB (cached 34MB) IRAM 0/252kB(lfb 252kB) CPU [6%@921,7%@921,off,off] EMC_FREQ 0%@1600 GR3D_FREQ 0%@614 APE 25 PLL@30C CPU@31.5C iwlwifi@32C PMIC@50C GPU@29.5C AO@40.5C thermal@30.75C POM_5V_IN 1851/1828 POM_5V_GPU 82/94 POM_5V_CPU 288/265
RAM 1385/3964MB (lfb 8x4MB) SWAP 792/6078MB (cached 34MB) IRAM 0/252kB(lfb 252kB) CPU [7%@921,6%@921,off,off] EMC_FREQ 0%@1600 GR3D_FREQ 0%@614 APE 25 PLL@29.5C CPU@31.5C iwlwifi@32C PMIC@50C GPU@30C AO@40.5C thermal@30.5C POM_5V_IN 1689/1828 POM_5V_GPU 82/94 POM_5V_CPU 164/265
RAM 1381/3964MB (lfb 8x4MB) SWAP 792/6078MB (cached 34MB) IRAM 0/252kB(lfb 252kB) CPU [6%@921,7%@921,off,off] EMC_FREQ 0%@1600 GR3D_FREQ 0%@614 APE 25 PLL@29.5C CPU@31C iwlwifi@32C PMIC@50C GPU@30C AO@40.5C thermal@30.75C POM_5V_IN 1772/1828 POM_5V_GPU 82/94 POM_5V_CPU 246/265
RAM 1379/3964MB (lfb 8x4MB) SWAP 792/6078MB (cached 34MB) IRAM 0/252kB(lfb 252kB) CPU [9%@921,4%@921,off,off] EMC_FREQ 0%@1600 GR3D_FREQ 0%@614 APE 25 PLL@29.5C CPU@31.5C iwlwifi@32C PMIC@50C GPU@29.5C AO@41C thermal@30.5C POM_5V_IN 1689/1828 POM_5V_GPU 82/94 POM_5V_CPU 164/265
RAM 1383/3964MB (lfb 8x4MB) SWAP 792/6078MB (cached 34MB) IRAM 0/252kB(lfb 252kB) CPU [5%@921,8%@921,off,off] EMC_FREQ 0%@1600 GR3D_FREQ 0%@614 APE 25 PLL@30C CPU@31.5C iwlwifi@32C PMIC@50C GPU@29.5C AO@40.5C thermal@30.5C POM_5V_IN 1689/1828 POM_5V_GPU 82/94 POM_5V_CPU 164/265
RAM 1381/3964MB (lfb 8x4MB) SWAP 792/6078MB (cached 34MB) IRAM 0/252kB(lfb 252kB) CPU [9%@921,4%@921,off,off] EMC_FREQ 0%@1600 GR3D_FREQ 0%@614 APE 25 PLL@29.5C CPU@31.5C iwlwifi@32C PMIC@50C GPU@29.5C AO@40.5C thermal@30.5C POM_5V_IN 1731/1828 POM_5V_GPU 82/94 POM_5V_CPU 164/265
RAM 1381/3964MB (lfb 8x4MB) SWAP 792/6078MB (cached 34MB) IRAM 0/252kB(lfb 252kB) CPU [9%@921,5%@921,off,off] EMC_FREQ 0%@1600 GR3D_FREQ 0%@614 APE 25 PLL@29.5C CPU@31.5C iwlwifi@32C PMIC@50C GPU@29.5C AO@41C thermal@30.75C POM_5V_IN 1689/1828 POM_5V_GPU 82/94 POM_5V_CPU 123/264
RAM 1383/3964MB (lfb 8x4MB) SWAP 792/6078MB (cached 34MB) IRAM 0/252kB(lfb 252kB) CPU [5%@921,8%@921,off,off] EMC_FREQ 0%@1600 GR3D_FREQ 0%@614 APE 25 PLL@30C CPU@31.5C iwlwifi@32C PMIC@50C GPU@29.5C AO@40.5C thermal@30.25C POM_5V_IN 1772/1828 POM_5V_GPU 82/94 POM_5V_CPU 164/264
RAM 1379/3964MB (lfb 8x4MB) SWAP 792/6078MB (cached 34MB) IRAM 0/252kB(lfb 252kB) CPU [10%@921,4%@921,off,off] EMC_FREQ 0%@1600 GR3D_FREQ 0%@614 APE 25 PLL@29.5C CPU@31.5C iwlwifi@32C PMIC@50C GPU@29.5C AO@40.5C thermal@30.75C POM_5V_IN 1689/1828 POM_5V_GPU 82/94 POM_5V_CPU 164/264
RAM 1379/3964MB (lfb 8x4MB) SWAP 792/6078MB (cached 34MB) IRAM 0/252kB(lfb 252kB) CPU [9%@921,4%@921,off,off] EMC_FREQ 0%@1600 GR3D_FREQ 0%@614 APE 25 PLL@29.5C CPU@31.5C iwlwifi@32C PMIC@50C GPU@29.5C AO@40.5C thermal@30.25C POM_5V_IN 1689/1827 POM_5V_GPU 82/94 POM_5V_CPU 164/264
RAM 1381/3964MB (lfb 8x4MB) SWAP 792/6078MB (cached 34MB) IRAM 0/252kB(lfb 252kB) CPU [7%@921,7%@921,off,off] EMC_FREQ 0%@1600 GR3D_FREQ 0%@614 APE 25 PLL@29.5C CPU@31C iwlwifi@32C PMIC@50C GPU@29.5C AO@40.5C thermal@30.25C POM_5V_IN 1689/1827 POM_5V_GPU 82/94 POM_5V_CPU 164/264
RAM 1381/3964MB (lfb 8x4MB) SWAP 792/6078MB (cached 34MB) IRAM 0/252kB(lfb 252kB) CPU [7%@921,7%@921,off,off] EMC_FREQ 0%@1600 GR3D_FREQ 0%@614 APE 25 PLL@30C CPU@31C iwlwifi@32C PMIC@50C GPU@29.5C AO@40.5C thermal@30.5C POM_5V_IN 1975/1827 POM_5V_GPU 82/94 POM_5V_CPU 287/264
RAM 1381/3964MB (lfb 8x4MB) SWAP 792/6078MB (cached 34MB) IRAM 0/252kB(lfb 252kB) CPU [7%@921,7%@921,off,off] EMC_FREQ 0%@1600 GR3D_FREQ 0%@614 APE 25 PLL@30C CPU@31C iwlwifi@32C PMIC@50C GPU@29.5C AO@40.5C thermal@30.5C POM_5V_IN 1689/1827 POM_5V_GPU 82/94 POM_5V_CPU 164/264
RAM 1383/3964MB (lfb 8x4MB) SWAP 792/6078MB (cached 34MB) IRAM 0/252kB(lfb 252kB) CPU [9%@921,4%@921,off,off] EMC_FREQ 0%@1600 GR3D_FREQ 0%@614 APE 25 PLL@30C CPU@31.5C iwlwifi@32C PMIC@50C GPU@29.5C AO@41C thermal@30.75C POM_5V_IN 1689/1827 POM_5V_GPU 82/94 POM_5V_CPU 164/264
RAM 1379/3964MB (lfb 8x4MB) SWAP 792/6078MB (cached 34MB) IRAM 0/252kB(lfb 252kB) CPU [8%@921,6%@921,off,off] EMC_FREQ 0%@1600 GR3D_FREQ 0%@614 APE 25 PLL@29.5C CPU@31.5C iwlwifi@32C PMIC@50C GPU@30C AO@41C thermal@30.5C POM_5V_IN 1689/1827 POM_5V_GPU 82/94 POM_5V_CPU 123/264
RAM 1381/3964MB (lfb 8x4MB) SWAP 792/6078MB (cached 34MB) IRAM 0/252kB(lfb 252kB) CPU [6%@921,7%@921,off,off] EMC_FREQ 0%@1600 GR3D_FREQ 0%@614 APE 25 PLL@29.5C CPU@31.5C iwlwifi@32C PMIC@50C GPU@29.5C AO@40.5C thermal@30.75C POM_5V_IN 1731/1827 POM_5V_GPU 82/94 POM_5V_CPU 164/264
RAM 1384/3964MB (lfb 8x4MB) SWAP 792/6078MB (cached 34MB) IRAM 0/252kB(lfb 252kB) CPU [7%@921,7%@921,off,off] EMC_FREQ 0%@1600 GR3D_FREQ 0%@614 APE 25 PLL@30C CPU@31.5C iwlwifi@32C PMIC@50C GPU@29.5C AO@40.5C thermal@30.75C POM_5V_IN 1689/1827 POM_5V_GPU 82/94 POM_5V_CPU 123/264
RAM 1381/3964MB (lfb 8x4MB) SWAP 792/6078MB (cached 34MB) IRAM 0/252kB(lfb 252kB) CPU [6%@921,7%@921,off,off] EMC_FREQ 0%@1600 GR3D_FREQ 0%@614 APE 25 PLL@30C CPU@31.5C iwlwifi@33C PMIC@50C GPU@30C AO@40.5C thermal@30.25C POM_5V_IN 1689/1827 POM_5V_GPU 82/94 POM_5V_CPU 164/264
RAM 1383/3964MB (lfb 8x4MB) SWAP 792/6078MB (cached 34MB) IRAM 0/252kB(lfb 252kB) CPU [6%@921,7%@921,off,off] EMC_FREQ 0%@1600 GR3D_FREQ 0%@614 APE 25 PLL@29.5C CPU@31C iwlwifi@32C PMIC@50C GPU@29.5C AO@40.5C thermal@30.25C POM_5V_IN 1689/1827 POM_5V_GPU 82/94 POM_5V_CPU 164/263
RAM 1381/3964MB (lfb 8x4MB) SWAP 792/6078MB (cached 34MB) IRAM 0/252kB(lfb 252kB) CPU [5%@921,8%@921,off,off] EMC_FREQ 0%@1600 GR3D_FREQ 0%@614 APE 25 PLL@30C CPU@31.5C iwlwifi@32C PMIC@50C GPU@30C AO@40.5C thermal@30.75C POM_5V_IN 1731/1827 POM_5V_GPU 82/94 POM_5V_CPU 164/263
RAM 1379/3964MB (lfb 8x4MB) SWAP 792/6078MB (cached 34MB) IRAM 0/252kB(lfb 252kB) CPU [7%@921,7%@921,off,off] EMC_FREQ 0%@1600 GR3D_FREQ 0%@614 APE 25 PLL@30C CPU@31.5C iwlwifi@32C PMIC@50C GPU@30C AO@41C thermal@30.5C POM_5V_IN 1689/1826 POM_5V_GPU 82/94 POM_5V_CPU 164/263
RAM 1379/3964MB (lfb 8x4MB) SWAP 792/6078MB (cached 34MB) IRAM 0/252kB(lfb 252kB) CPU [9%@921,5%@921,off,off] EMC_FREQ 0%@1600 GR3D_FREQ 0%@614 APE 25 PLL@29.5C CPU@31.5C iwlwifi@32C PMIC@50C GPU@29.5C AO@40.5C thermal@30.5C POM_5V_IN 1689/1826 POM_5V_GPU 82/94 POM_5V_CPU 164/263
RAM 1379/3964MB (lfb 8x4MB) SWAP 792/6078MB (cached 34MB) IRAM 0/252kB(lfb 252kB) CPU [7%@921,6%@921,off,off] EMC_FREQ 0%@1600 GR3D_FREQ 0%@614 APE 25 PLL@30C CPU@31.5C iwlwifi@32C PMIC@50C GPU@30C AO@40.5C thermal@30.75C POM_5V_IN 1689/1826 POM_5V_GPU 82/94 POM_5V_CPU 164/263
RAM 1379/3964MB (lfb 8x4MB) SWAP 792/6078MB (cached 34MB) IRAM 0/252kB(lfb 252kB) CPU [7%@921,7%@921,off,off] EMC_FREQ 0%@1600 GR3D_FREQ 0%@614 APE 25 PLL@29.5C CPU@31.5C iwlwifi@32C PMIC@50C GPU@29.5C AO@41C thermal@30.5C POM_5V_IN 1689/1826 POM_5V_GPU 82/94 POM_5V_CPU 164/263
RAM 1383/3964MB (lfb 8x4MB) SWAP 792/6078MB (cached 34MB) IRAM 0/252kB(lfb 252kB) CPU [6%@921,7%@921,off,off] EMC_FREQ 0%@1600 GR3D_FREQ 0%@614 APE 25 PLL@29.5C CPU@31.5C iwlwifi@32C PMIC@50C GPU@30C AO@40.5C thermal@30.75C POM_5V_IN 1689/1826 POM_5V_GPU 82/94 POM_5V_CPU 164/263
RAM 1379/3964MB (lfb 8x4MB) SWAP 792/6078MB (cached 34MB) IRAM 0/252kB(lfb 252kB) CPU [7%@921,7%@921,off,off] EMC_FREQ 0%@1600 GR3D_FREQ 0%@614 APE 25 PLL@29.5C CPU@31.5C iwlwifi@32C PMIC@50C GPU@30C AO@40.5C thermal@30.75C POM_5V_IN 1689/1826 POM_5V_GPU 82/94 POM_5V_CPU 164/263
RAM 1379/3964MB (lfb 8x4MB) SWAP 792/6078MB (cached 34MB) IRAM 0/252kB(lfb 252kB) CPU [7%@921,6%@921,off,off] EMC_FREQ 0%@1600 GR3D_FREQ 0%@614 APE 25 PLL@29.5C CPU@31.5C iwlwifi@32C PMIC@50C GPU@30C AO@40.5C thermal@30.75C POM_5V_IN 1687/1826 POM_5V_GPU 82/94 POM_5V_CPU 164/263
RAM 1379/3964MB (lfb 8x4MB) SWAP 792/6078MB (cached 34MB) IRAM 0/252kB(lfb 252kB) CPU [7%@921,7%@921,off,off] EMC_FREQ 0%@1600 GR3D_FREQ 0%@614 APE 25 PLL@29.5C CPU@31.5C iwlwifi@32C PMIC@50C GPU@29.5C AO@40.5C thermal@30.5C POM_5V_IN 1689/1826 POM_5V_GPU 82/94 POM_5V_CPU 164/263
RAM 1383/3964MB (lfb 8x4MB) SWAP 787/6078MB (cached 34MB) IRAM 0/252kB(lfb 252kB) CPU [7%@921,6%@921,off,off] EMC_FREQ 0%@1600 GR3D_FREQ 0%@614 APE 25 PLL@29.5C CPU@31.5C iwlwifi@32C PMIC@50C GPU@30C AO@41C thermal@30.75C POM_5V_IN 1689/1826 POM_5V_GPU 82/94 POM_5V_CPU 164/263
RAM 1383/3964MB (lfb 8x4MB) SWAP 787/6078MB (cached 34MB) IRAM 0/252kB(lfb 252kB) CPU [7%@921,7%@921,off,off] EMC_FREQ 0%@1600 GR3D_FREQ 0%@614 APE 25 PLL@30C CPU@31.5C iwlwifi@32C PMIC@50C GPU@30C AO@41C thermal@30.75C POM_5V_IN 1689/1825 POM_5V_GPU 82/94 POM_5V_CPU 164/263
RAM 1379/3964MB (lfb 8x4MB) SWAP 787/6078MB (cached 34MB) IRAM 0/252kB(lfb 252kB) CPU [8%@921,6%@921,off,off] EMC_FREQ 0%@1600 GR3D_FREQ 0%@614 APE 25 PLL@30C CPU@31.5C iwlwifi@32C PMIC@50C GPU@30C AO@41C thermal@30.5C POM_5V_IN 1687/1825 POM_5V_GPU 82/94 POM_5V_CPU 164/262
RAM 1381/3964MB (lfb 8x4MB) SWAP 787/6078MB (cached 34MB) IRAM 0/252kB(lfb 252kB) CPU [7%@921,6%@921,off,off] EMC_FREQ 0%@1600 GR3D_FREQ 0%@614 APE 25 PLL@29.5C CPU@31.5C iwlwifi@32C PMIC@50C GPU@29.5C AO@41C thermal@30.25C POM_5V_IN 1689/1825 POM_5V_GPU 82/94 POM_5V_CPU 164/262
RAM 1381/3964MB (lfb 8x4MB) SWAP 787/6078MB (cached 34MB) IRAM 0/252kB(lfb 252kB) CPU [6%@921,7%@921,off,off] EMC_FREQ 0%@1600 GR3D_FREQ 0%@614 APE 25 PLL@29.5C CPU@31C iwlwifi@32C PMIC@50C GPU@30C AO@40.5C thermal@30.5C POM_5V_IN 1689/1825 POM_5V_GPU 82/94 POM_5V_CPU 164/262
RAM 1383/3964MB (lfb 8x4MB) SWAP 787/6078MB (cached 34MB) IRAM 0/252kB(lfb 252kB) CPU [6%@921,7%@921,off,off] EMC_FREQ 0%@1600 GR3D_FREQ 0%@614 APE 25 PLL@30C CPU@31C iwlwifi@32C PMIC@50C GPU@30C AO@40.5C thermal@30.5C POM_5V_IN 1689/1825 POM_5V_GPU 82/94 POM_5V_CPU 164/262
RAM 1381/3964MB (lfb 8x4MB) SWAP 787/6078MB (cached 34MB) IRAM 0/252kB(lfb 252kB) CPU [6%@921,8%@921,off,off] EMC_FREQ 0%@1600 GR3D_FREQ 0%@614 APE 25 PLL@30C CPU@31C iwlwifi@32C PMIC@50C GPU@29.5C AO@40.5C thermal@30.75C POM_5V_IN 1892/1825 POM_5V_GPU 82/94 POM_5V_CPU 329/262
RAM 1383/3964MB (lfb 8x4MB) SWAP 787/6078MB (cached 34MB) IRAM 0/252kB(lfb 252kB) CPU [8%@921,5%@921,off,off] EMC_FREQ 0%@1600 GR3D_FREQ 0%@614 APE 25 PLL@29.5C CPU@31C iwlwifi@32C PMIC@50C GPU@30C AO@40.5C thermal@30.75C POM_5V_IN 1689/1825 POM_5V_GPU 82/94 POM_5V_CPU 164/262
RAM 1383/3964MB (lfb 8x4MB) SWAP 787/6078MB (cached 34MB) IRAM 0/252kB(lfb 252kB) CPU [9%@921,4%@921,off,off] EMC_FREQ 0%@1600 GR3D_FREQ 0%@614 APE 25 PLL@30C CPU@31.5C iwlwifi@32C PMIC@50C GPU@29.5C AO@40.5C thermal@30.75C POM_5V_IN 1689/1825 POM_5V_GPU 82/94 POM_5V_CPU 164/262
RAM 1383/3964MB (lfb 8x4MB) SWAP 787/6078MB (cached 34MB) IRAM 0/252kB(lfb 252kB) CPU [6%@921,7%@921,off,off] EMC_FREQ 0%@1600 GR3D_FREQ 0%@614 APE 25 PLL@29.5C CPU@31.5C iwlwifi@32C PMIC@50C GPU@29.5C AO@41C thermal@30.5C POM_5V_IN 1689/1825 POM_5V_GPU 82/94 POM_5V_CPU 164/262
RAM 1383/3964MB (lfb 8x4MB) SWAP 787/6078MB (cached 34MB) IRAM 0/252kB(lfb 252kB) CPU [6%@921,8%@921,off,off] EMC_FREQ 0%@1600 GR3D_FREQ 0%@614 APE 25 PLL@30C CPU@31.5C iwlwifi@32C PMIC@50C GPU@30C AO@41C thermal@30.5C POM_5V_IN 1689/1825 POM_5V_GPU 82/94 POM_5V_CPU 164/262
RAM 1383/3964MB (lfb 8x4MB) SWAP 787/6078MB (cached 34MB) IRAM 0/252kB(lfb 252kB) CPU [9%@921,3%@921,off,off] EMC_FREQ 0%@1600 GR3D_FREQ 0%@614 APE 25 PLL@29.5C CPU@31.5C iwlwifi@32C PMIC@50C GPU@30C AO@40.5C thermal@30.75C POM_5V_IN 1689/1824 POM_5V_GPU 82/94 POM_5V_CPU 164/262
RAM 1381/3964MB (lfb 8x4MB) SWAP 787/6078MB (cached 34MB) IRAM 0/252kB(lfb 252kB) CPU [7%@921,7%@921,off,off] EMC_FREQ 0%@1600 GR3D_FREQ 0%@614 APE 25 PLL@30C CPU@31.5C iwlwifi@32C PMIC@50C GPU@30C AO@41C thermal@30.75C POM_5V_IN 1689/1824 POM_5V_GPU 82/94 POM_5V_CPU 164/262
RAM 1379/3964MB (lfb 8x4MB) SWAP 787/6078MB (cached 34MB) IRAM 0/252kB(lfb 252kB) CPU [5%@921,8%@921,off,off] EMC_FREQ 0%@1600 GR3D_FREQ 0%@614 APE 25 PLL@29.5C CPU@31.5C iwlwifi@32C PMIC@50C GPU@29.5C AO@40.5C thermal@30.5C POM_5V_IN 1689/1824 POM_5V_GPU 82/94 POM_5V_CPU 123/262
RAM 1379/3964MB (lfb 8x4MB) SWAP 787/6078MB (cached 34MB) IRAM 0/252kB(lfb 252kB) CPU [9%@921,4%@921,off,off] EMC_FREQ 0%@1600 GR3D_FREQ 0%@614 APE 25 PLL@29.5C CPU@31.5C iwlwifi@32C PMIC@50C GPU@29.5C AO@40.5C thermal@30.75C POM_5V_IN 1689/1824 POM_5V_GPU 82/94 POM_5V_CPU 164/262
RAM 1381/3964MB (lfb 8x4MB) SWAP 787/6078MB (cached 34MB) IRAM 0/252kB(lfb 252kB) CPU [6%@921,7%@921,off,off] EMC_FREQ 0%@1600 GR3D_FREQ 0%@614 APE 25 PLL@29.5C CPU@31.5C iwlwifi@32C PMIC@50C GPU@29.5C AO@41C thermal@30.5C POM_5V_IN 1689/1824 POM_5V_GPU 82/94 POM_5V_CPU 164/262
RAM 1379/3964MB (lfb 8x4MB) SWAP 787/6078MB (cached 34MB) IRAM 0/252kB(lfb 252kB) CPU [4%@921,9%@921,off,off] EMC_FREQ 0%@1600 GR3D_FREQ 0%@614 APE 25 PLL@30C CPU@31.5C iwlwifi@32C PMIC@50C GPU@30C AO@41C thermal@30.75C POM_5V_IN 1689/1824 POM_5V_GPU 82/94 POM_5V_CPU 164/261
RAM 1378/3964MB (lfb 8x4MB) SWAP 787/6078MB (cached 34MB) IRAM 0/252kB(lfb 252kB) CPU [6%@921,7%@921,off,off] EMC_FREQ 0%@1600 GR3D_FREQ 0%@614 APE 25 PLL@29.5C CPU@31.5C iwlwifi@32C PMIC@50C GPU@29.5C AO@41C thermal@30.5C POM_5V_IN 1689/1824 POM_5V_GPU 82/94 POM_5V_CPU 164/261
RAM 1379/3964MB (lfb 8x4MB) SWAP 787/6078MB (cached 34MB) IRAM 0/252kB(lfb 252kB) CPU [6%@921,7%@921,off,off] EMC_FREQ 0%@1600 GR3D_FREQ 0%@614 APE 25 PLL@29.5C CPU@31.5C iwlwifi@32C PMIC@50C GPU@30C AO@40.5C thermal@30.75C POM_5V_IN 1689/1824 POM_5V_GPU 82/94 POM_5V_CPU 164/261
RAM 1383/3964MB (lfb 8x4MB) SWAP 787/6078MB (cached 34MB) IRAM 0/252kB(lfb 252kB) CPU [6%@921,7%@921,off,off] EMC_FREQ 0%@1600 GR3D_FREQ 0%@614 APE 25 PLL@29.5C CPU@31.5C iwlwifi@32C PMIC@50C GPU@30.5C AO@40.5C thermal@30.5C POM_5V_IN 1689/1824 POM_5V_GPU 82/94 POM_5V_CPU 164/261
RAM 1379/3964MB (lfb 8x4MB) SWAP 787/6078MB (cached 34MB) IRAM 0/252kB(lfb 252kB) CPU [7%@921,7%@921,off,off] EMC_FREQ 0%@1600 GR3D_FREQ 0%@614 APE 25 PLL@29.5C CPU@31.5C iwlwifi@32C PMIC@50C GPU@30C AO@40.5C thermal@30.5C POM_5V_IN 1731/1823 POM_5V_GPU 82/94 POM_5V_CPU 164/261
RAM 1379/3964MB (lfb 8x4MB) SWAP 787/6078MB (cached 34MB) IRAM 0/252kB(lfb 252kB) CPU [5%@921,8%@921,off,off] EMC_FREQ 0%@1600 GR3D_FREQ 0%@614 APE 25 PLL@29.5C CPU@31.5C iwlwifi@32C PMIC@50C GPU@29.5C AO@40.5C thermal@30.25C POM_5V_IN 1731/1823 POM_5V_GPU 82/94 POM_5V_CPU 164/261
RAM 1379/3964MB (lfb 8x4MB) SWAP 787/6078MB (cached 34MB) IRAM 0/252kB(lfb 252kB) CPU [7%@921,7%@921,off,off] EMC_FREQ 0%@1600 GR3D_FREQ 0%@614 APE 25 PLL@29.5C CPU@31C iwlwifi@32C PMIC@50C GPU@29.5C AO@40.5C thermal@30.5C POM_5V_IN 1689/1823 POM_5V_GPU 82/94 POM_5V_CPU 164/261
RAM 1381/3964MB (lfb 8x4MB) SWAP 787/6078MB (cached 34MB) IRAM 0/252kB(lfb 252kB) CPU [6%@921,8%@921,off,off] EMC_FREQ 0%@1600 GR3D_FREQ 0%@614 APE 25 PLL@29.5C CPU@31.5C iwlwifi@32C PMIC@50C GPU@30C AO@40.5C thermal@30.75C POM_5V_IN 1689/1823 POM_5V_GPU 82/94 POM_5V_CPU 164/261
RAM 1379/3964MB (lfb 8x4MB) SWAP 787/6078MB (cached 34MB) IRAM 0/252kB(lfb 252kB) CPU [4%@921,9%@921,off,off] EMC_FREQ 0%@1600 GR3D_FREQ 0%@614 APE 25 PLL@29.5C CPU@31.5C iwlwifi@32C PMIC@50C GPU@30C AO@40.5C thermal@30.75C POM_5V_IN 1689/1823 POM_5V_GPU 82/94 POM_5V_CPU 164/261
RAM 1383/3964MB (lfb 8x4MB) SWAP 787/6078MB (cached 34MB) IRAM 0/252kB(lfb 252kB) CPU [7%@921,7%@921,off,off] EMC_FREQ 0%@1600 GR3D_FREQ 0%@614 APE 25 PLL@30C CPU@31.5C iwlwifi@32C PMIC@50C GPU@30C AO@40.5C thermal@30.75C POM_5V_IN 1689/1823 POM_5V_GPU 82/94 POM_5V_CPU 164/261
RAM 1379/3964MB (lfb 8x4MB) SWAP 787/6078MB (cached 34MB) IRAM 0/252kB(lfb 252kB) CPU [7%@921,5%@921,off,off] EMC_FREQ 0%@1600 GR3D_FREQ 0%@614 APE 25 PLL@30C CPU@31.5C iwlwifi@32C PMIC@50C GPU@29.5C AO@40.5C thermal@30.75C POM_5V_IN 1731/1823 POM_5V_GPU 82/94 POM_5V_CPU 164/261
RAM 1381/3964MB (lfb 8x4MB) SWAP 787/6078MB (cached 34MB) IRAM 0/252kB(lfb 252kB) CPU [6%@921,7%@921,off,off] EMC_FREQ 0%@1600 GR3D_FREQ 0%@614 APE 25 PLL@29.5C CPU@31.5C iwlwifi@32C PMIC@50C GPU@30C AO@40.5C thermal@30.5C POM_5V_IN 1689/1823 POM_5V_GPU 82/94 POM_5V_CPU 164/261
RAM 1383/3964MB (lfb 8x4MB) SWAP 787/6078MB (cached 34MB) IRAM 0/252kB(lfb 252kB) CPU [6%@921,6%@921,off,off] EMC_FREQ 0%@1600 GR3D_FREQ 0%@614 APE 25 PLL@29.5C CPU@31.5C iwlwifi@32C PMIC@50C GPU@30C AO@40.5C thermal@30.75C POM_5V_IN 1689/1823 POM_5V_GPU 82/94 POM_5V_CPU 164/260
RAM 1381/3964MB (lfb 8x4MB) SWAP 787/6078MB (cached 34MB) IRAM 0/252kB(lfb 252kB) CPU [8%@921,7%@921,off,off] EMC_FREQ 0%@1600 GR3D_FREQ 0%@614 APE 25 PLL@29.5C CPU@31.5C iwlwifi@32C PMIC@50C GPU@29.5C AO@40.5C thermal@30.75C POM_5V_IN 1689/1823 POM_5V_GPU 82/94 POM_5V_CPU 164/260
RAM 1381/3964MB (lfb 8x4MB) SWAP 787/6078MB (cached 34MB) IRAM 0/252kB(lfb 252kB) CPU [6%@921,6%@921,off,off] EMC_FREQ 0%@1600 GR3D_FREQ 0%@614 APE 25 PLL@29.5C CPU@31.5C iwlwifi@32C PMIC@50C GPU@30C AO@40.5C thermal@30.75C POM_5V_IN 1689/1822 POM_5V_GPU 82/94 POM_5V_CPU 164/260
RAM 1379/3964MB (lfb 8x4MB) SWAP 787/6078MB (cached 34MB) IRAM 0/252kB(lfb 252kB) CPU [4%@921,9%@921,off,off] EMC_FREQ 0%@1600 GR3D_FREQ 0%@614 APE 25 PLL@30C CPU@31.5C iwlwifi@32C PMIC@50C GPU@30C AO@40.5C thermal@30.5C POM_5V_IN 1689/1822 POM_5V_GPU 82/94 POM_5V_CPU 164/260
RAM 1379/3964MB (lfb 8x4MB) SWAP 787/6078MB (cached 34MB) IRAM 0/252kB(lfb 252kB) CPU [8%@921,6%@921,off,off] EMC_FREQ 0%@1600 GR3D_FREQ 0%@614 APE 25 PLL@29.5C CPU@31.5C iwlwifi@32C PMIC@50C GPU@29.5C AO@40.5C thermal@30.75C POM_5V_IN 1689/1822 POM_5V_GPU 82/94 POM_5V_CPU 164/260
RAM 1379/3964MB (lfb 8x4MB) SWAP 787/6078MB (cached 34MB) IRAM 0/252kB(lfb 252kB) CPU [7%@921,7%@921,off,off] EMC_FREQ 0%@1600 GR3D_FREQ 0%@614 APE 25 PLL@30C CPU@31.5C iwlwifi@32C PMIC@50C GPU@30C AO@40.5C thermal@30.5C POM_5V_IN 1689/1822 POM_5V_GPU 82/94 POM_5V_CPU 123/260
RAM 1381/3964MB (lfb 8x4MB) SWAP 787/6078MB (cached 34MB) IRAM 0/252kB(lfb 252kB) CPU [5%@921,8%@921,off,off] EMC_FREQ 0%@1600 GR3D_FREQ 0%@614 APE 25 PLL@29.5C CPU@31C iwlwifi@32C PMIC@50C GPU@30C AO@41C thermal@30.25C POM_5V_IN 1772/1822 POM_5V_GPU 82/94 POM_5V_CPU 164/260
RAM 1381/3964MB (lfb 8x4MB) SWAP 787/6078MB (cached 34MB) IRAM 0/252kB(lfb 252kB) CPU [6%@921,8%@921,off,off] EMC_FREQ 0%@1600 GR3D_FREQ 0%@614 APE 25 PLL@29.5C CPU@31.5C iwlwifi@32C PMIC@50C GPU@30C AO@40.5C thermal@30.5C POM_5V_IN 1689/1822 POM_5V_GPU 82/94 POM_5V_CPU 123/260
RAM 1383/3964MB (lfb 8x4MB) SWAP 787/6078MB (cached 34MB) IRAM 0/252kB(lfb 252kB) CPU [5%@921,8%@921,off,off] EMC_FREQ 0%@1600 GR3D_FREQ 0%@614 APE 25 PLL@29.5C CPU@31.5C iwlwifi@32C PMIC@50C GPU@30C AO@41C thermal@30.75C POM_5V_IN 1689/1822 POM_5V_GPU 82/94 POM_5V_CPU 123/260
RAM 1379/3964MB (lfb 8x4MB) SWAP 787/6078MB (cached 34MB) IRAM 0/252kB(lfb 252kB) CPU [6%@921,7%@921,off,off] EMC_FREQ 0%@1600 GR3D_FREQ 0%@614 APE 25 PLL@30C CPU@31.5C iwlwifi@32C PMIC@50C GPU@30C AO@40.5C thermal@30.75C POM_5V_IN 1689/1822 POM_5V_GPU 82/94 POM_5V_CPU 164/260
RAM 1383/3964MB (lfb 8x4MB) SWAP 787/6078MB (cached 34MB) IRAM 0/252kB(lfb 252kB) CPU [7%@921,6%@921,off,off] EMC_FREQ 0%@1600 GR3D_FREQ 0%@614 APE 25 PLL@29C CPU@31C iwlwifi@32C PMIC@50C GPU@30C AO@41C thermal@30.75C POM_5V_IN 1689/1822 POM_5V_GPU 82/94 POM_5V_CPU 164/260
RAM 1379/3964MB (lfb 8x4MB) SWAP 787/6078MB (cached 34MB) IRAM 0/252kB(lfb 252kB) CPU [7%@921,7%@921,off,off] EMC_FREQ 0%@1600 GR3D_FREQ 0%@614 APE 25 PLL@29.5C CPU@31.5C iwlwifi@32C PMIC@50C GPU@29.5C AO@40.5C thermal@30.5C POM_5V_IN 1689/1822 POM_5V_GPU 82/94 POM_5V_CPU 164/260
RAM 1383/3964MB (lfb 8x4MB) SWAP 787/6078MB (cached 34MB) IRAM 0/252kB(lfb 252kB) CPU [5%@921,9%@921,off,off] EMC_FREQ 0%@1600 GR3D_FREQ 0%@614 APE 25 PLL@30C CPU@31.5C iwlwifi@32C PMIC@50C GPU@30C AO@40.5C thermal@30.5C POM_5V_IN 1689/1821 POM_5V_GPU 82/94 POM_5V_CPU 123/259
RAM 1381/3964MB (lfb 8x4MB) SWAP 787/6078MB (cached 34MB) IRAM 0/252kB(lfb 252kB) CPU [5%@921,8%@921,off,off] EMC_FREQ 0%@1600 GR3D_FREQ 0%@614 APE 25 PLL@29.5C CPU@31.5C iwlwifi@32C PMIC@50C GPU@30C AO@40.5C thermal@30.75C POM_5V_IN 1689/1821 POM_5V_GPU 82/94 POM_5V_CPU 164/259
RAM 1383/3964MB (lfb 8x4MB) SWAP 787/6078MB (cached 34MB) IRAM 0/252kB(lfb 252kB) CPU [9%@921,5%@921,off,off] EMC_FREQ 0%@1600 GR3D_FREQ 0%@614 APE 25 PLL@30C CPU@31.5C iwlwifi@32C PMIC@50C GPU@29.5C AO@41C thermal@30.5C POM_5V_IN 1689/1821 POM_5V_GPU 82/94 POM_5V_CPU 164/259
RAM 1381/3964MB (lfb 8x4MB) SWAP 787/6078MB (cached 34MB) IRAM 0/252kB(lfb 252kB) CPU [7%@921,7%@921,off,off] EMC_FREQ 0%@1600 GR3D_FREQ 0%@614 APE 25 PLL@29.5C CPU@31C iwlwifi@32C PMIC@50C GPU@30C AO@41C thermal@30.75C POM_5V_IN 1689/1821 POM_5V_GPU 82/94 POM_5V_CPU 164/259
RAM 1383/3964MB (lfb 8x4MB) SWAP 787/6078MB (cached 34MB) IRAM 0/252kB(lfb 252kB) CPU [5%@921,8%@921,off,off] EMC_FREQ 0%@1600 GR3D_FREQ 0%@614 APE 25 PLL@29.5C CPU@31.5C iwlwifi@32C PMIC@50C GPU@30C AO@41C thermal@30.75C POM_5V_IN 1689/1821 POM_5V_GPU 82/94 POM_5V_CPU 164/259
RAM 1379/3964MB (lfb 8x4MB) SWAP 787/6078MB (cached 34MB) IRAM 0/252kB(lfb 252kB) CPU [7%@921,6%@921,off,off] EMC_FREQ 0%@1600 GR3D_FREQ 0%@614 APE 25 PLL@29.5C CPU@31.5C iwlwifi@32C PMIC@50C GPU@30C AO@40.5C thermal@30.75C POM_5V_IN 1689/1821 POM_5V_GPU 82/94 POM_5V_CPU 164/259
RAM 1379/3964MB (lfb 8x4MB) SWAP 787/6078MB (cached 34MB) IRAM 0/252kB(lfb 252kB) CPU [8%@921,5%@921,off,off] EMC_FREQ 0%@1600 GR3D_FREQ 0%@614 APE 25 PLL@29.5C CPU@31.5C iwlwifi@32C PMIC@50C GPU@30C AO@41C thermal@30.5C POM_5V_IN 1689/1821 POM_5V_GPU 82/94 POM_5V_CPU 164/259
RAM 1381/3964MB (lfb 8x4MB) SWAP 787/6078MB (cached 34MB) IRAM 0/252kB(lfb 252kB) CPU [7%@921,6%@921,off,off] EMC_FREQ 0%@1600 GR3D_FREQ 0%@614 APE 25 PLL@29.5C CPU@31C iwlwifi@32C PMIC@50C GPU@30C AO@41C thermal@30.75C POM_5V_IN 1689/1821 POM_5V_GPU 82/94 POM_5V_CPU 164/259
RAM 1383/3964MB (lfb 8x4MB) SWAP 787/6078MB (cached 34MB) IRAM 0/252kB(lfb 252kB) CPU [7%@921,7%@921,off,off] EMC_FREQ 0%@1600 GR3D_FREQ 0%@614 APE 25 PLL@29.5C CPU@31.5C iwlwifi@32C PMIC@50C GPU@29.5C AO@41C thermal@30.75C POM_5V_IN 1689/1821 POM_5V_GPU 82/94 POM_5V_CPU 164/259
RAM 1383/3964MB (lfb 8x4MB) SWAP 787/6078MB (cached 34MB) IRAM 0/252kB(lfb 252kB) CPU [8%@921,6%@921,off,off] EMC_FREQ 0%@1600 GR3D_FREQ 0%@614 APE 25 PLL@29.5C CPU@31.5C iwlwifi@32C PMIC@50C GPU@30C AO@41C thermal@30.75C POM_5V_IN 1689/1821 POM_5V_GPU 82/94 POM_5V_CPU 164/259
RAM 1383/3964MB (lfb 8x4MB) SWAP 787/6078MB (cached 34MB) IRAM 0/252kB(lfb 252kB) CPU [9%@921,5%@921,off,off] EMC_FREQ 0%@1600 GR3D_FREQ 0%@614 APE 25 PLL@30C CPU@31.5C iwlwifi@32C PMIC@50C GPU@30C AO@40.5C thermal@30.25C POM_5V_IN 1689/1820 POM_5V_GPU 82/94 POM_5V_CPU 164/259
RAM 1379/3964MB (lfb 8x4MB) SWAP 787/6078MB (cached 34MB) IRAM 0/252kB(lfb 252kB) CPU [6%@921,7%@921,off,off] EMC_FREQ 0%@1600 GR3D_FREQ 0%@614 APE 25 PLL@30C CPU@31.5C iwlwifi@32C PMIC@50C GPU@30C AO@41C thermal@31C POM_5V_IN 1731/1820 POM_5V_GPU 82/93 POM_5V_CPU 164/259
RAM 1381/3964MB (lfb 8x4MB) SWAP 787/6078MB (cached 34MB) IRAM 0/252kB(lfb 252kB) CPU [7%@921,6%@921,off,off] EMC_FREQ 0%@1600 GR3D_FREQ 0%@614 APE 25 PLL@29.5C CPU@32C iwlwifi@32C PMIC@50C GPU@29.5C AO@40.5C thermal@30.75C POM_5V_IN 1892/1820 POM_5V_GPU 82/93 POM_5V_CPU 329/259
RAM 1379/3964MB (lfb 8x4MB) SWAP 787/6078MB (cached 34MB) IRAM 0/252kB(lfb 252kB) CPU [7%@921,6%@921,off,off] EMC_FREQ 0%@1600 GR3D_FREQ 0%@614 APE 25 PLL@29.5C CPU@31.5C iwlwifi@32C PMIC@50C GPU@29.5C AO@41C thermal@30.75C POM_5V_IN 1689/1820 POM_5V_GPU 82/93 POM_5V_CPU 164/259
RAM 1379/3964MB (lfb 8x4MB) SWAP 787/6078MB (cached 34MB) IRAM 0/252kB(lfb 252kB) CPU [8%@921,6%@921,off,off] EMC_FREQ 0%@1600 GR3D_FREQ 0%@614 APE 25 PLL@29.5C CPU@31C iwlwifi@32C PMIC@50C GPU@30C AO@41C thermal@30.75C POM_5V_IN 1689/1820 POM_5V_GPU 82/93 POM_5V_CPU 164/258
RAM 1383/3964MB (lfb 8x4MB) SWAP 787/6078MB (cached 34MB) IRAM 0/252kB(lfb 252kB) CPU [8%@921,6%@921,off,off] EMC_FREQ 0%@1600 GR3D_FREQ 0%@614 APE 25 PLL@29.5C CPU@31C iwlwifi@32C PMIC@50C GPU@30C AO@41C thermal@30.75C POM_5V_IN 1689/1820 POM_5V_GPU 82/93 POM_5V_CPU 164/258
RAM 1381/3964MB (lfb 8x4MB) SWAP 787/6078MB (cached 34MB) IRAM 0/252kB(lfb 252kB) CPU [7%@921,5%@921,off,off] EMC_FREQ 0%@1600 GR3D_FREQ 0%@614 APE 25 PLL@29.5C CPU@31.5C iwlwifi@32C PMIC@50C GPU@30C AO@41C thermal@30.5C POM_5V_IN 1689/1820 POM_5V_GPU 82/93 POM_5V_CPU 164/258
RAM 1381/3964MB (lfb 8x4MB) SWAP 787/6078MB (cached 34MB) IRAM 0/252kB(lfb 252kB) CPU [6%@921,7%@921,off,off] EMC_FREQ 0%@1600 GR3D_FREQ 0%@614 APE 25 PLL@29.5C CPU@31.5C iwlwifi@32C PMIC@50C GPU@29.5C AO@40.5C thermal@30.75C POM_5V_IN 1689/1820 POM_5V_GPU 82/93 POM_5V_CPU 164/258
RAM 1379/3964MB (lfb 8x4MB) SWAP 787/6078MB (cached 34MB) IRAM 0/252kB(lfb 252kB) CPU [8%@921,6%@921,off,off] EMC_FREQ 0%@1600 GR3D_FREQ 0%@614 APE 25 PLL@29.5C CPU@31.5C iwlwifi@32C PMIC@50C GPU@30C AO@41C thermal@30.75C POM_5V_IN 1689/1820 POM_5V_GPU 82/93 POM_5V_CPU 123/258
RAM 1379/3964MB (lfb 8x4MB) SWAP 787/6078MB (cached 34MB) IRAM 0/252kB(lfb 252kB) CPU [6%@921,8%@921,off,off] EMC_FREQ 0%@1600 GR3D_FREQ 0%@614 APE 25 PLL@30C CPU@31.5C iwlwifi@32C PMIC@50C GPU@30C AO@41C thermal@30.5C POM_5V_IN 1689/1820 POM_5V_GPU 82/93 POM_5V_CPU 164/258
RAM 1383/3964MB (lfb 8x4MB) SWAP 787/6078MB (cached 34MB) IRAM 0/252kB(lfb 252kB) CPU [7%@921,6%@921,off,off] EMC_FREQ 0%@1600 GR3D_FREQ 0%@614 APE 25 PLL@29.5C CPU@31C iwlwifi@32C PMIC@50C GPU@30C AO@41C thermal@30.75C POM_5V_IN 1689/1820 POM_5V_GPU 82/93 POM_5V_CPU 164/258
RAM 1380/3964MB (lfb 8x4MB) SWAP 787/6078MB (cached 34MB) IRAM 0/252kB(lfb 252kB) CPU [7%@921,7%@921,off,off] EMC_FREQ 0%@1600 GR3D_FREQ 0%@614 APE 25 PLL@30C CPU@31C iwlwifi@32C PMIC@50C GPU@30C AO@41C thermal@30.75C POM_5V_IN 1689/1819 POM_5V_GPU 82/93 POM_5V_CPU 164/258
RAM 1381/3964MB (lfb 8x4MB) SWAP 787/6078MB (cached 34MB) IRAM 0/252kB(lfb 252kB) CPU [9%@921,5%@921,off,off] EMC_FREQ 0%@1600 GR3D_FREQ 0%@614 APE 25 PLL@29.5C CPU@31C iwlwifi@32C PMIC@50C GPU@30C AO@41C thermal@30.5C POM_5V_IN 1689/1819 POM_5V_GPU 82/93 POM_5V_CPU 164/258
RAM 1383/3964MB (lfb 8x4MB) SWAP 787/6078MB (cached 34MB) IRAM 0/252kB(lfb 252kB) CPU [5%@921,9%@921,off,off] EMC_FREQ 0%@1600 GR3D_FREQ 0%@614 APE 25 PLL@29.5C CPU@31.5C iwlwifi@32C PMIC@50C GPU@30C AO@41C thermal@30.5C POM_5V_IN 1689/1819 POM_5V_GPU 82/93 POM_5V_CPU 164/258
RAM 1379/3964MB (lfb 8x4MB) SWAP 787/6078MB (cached 34MB) IRAM 0/252kB(lfb 252kB) CPU [10%@921,3%@921,off,off] EMC_FREQ 0%@1600 GR3D_FREQ 0%@614 APE 25 PLL@29.5C CPU@31.5C iwlwifi@32C PMIC@50C GPU@30C AO@40.5C thermal@30.75C POM_5V_IN 1689/1819 POM_5V_GPU 82/93 POM_5V_CPU 164/258
RAM 1381/3964MB (lfb 8x4MB) SWAP 787/6078MB (cached 34MB) IRAM 0/252kB(lfb 252kB) CPU [7%@921,10%@921,off,off] EMC_FREQ 0%@1600 GR3D_FREQ 0%@614 APE 25 PLL@29.5C CPU@31.5C iwlwifi@32C PMIC@50C GPU@30C AO@41C thermal@30.5C POM_5V_IN 1689/1819 POM_5V_GPU 82/93 POM_5V_CPU 123/258
RAM 1379/3964MB (lfb 8x4MB) SWAP 787/6078MB (cached 34MB) IRAM 0/252kB(lfb 252kB) CPU [8%@921,7%@921,off,off] EMC_FREQ 0%@1600 GR3D_FREQ 0%@614 APE 25 PLL@29.5C CPU@31.5C iwlwifi@32C PMIC@50C GPU@30C AO@41C thermal@30.5C POM_5V_IN 1687/1819 POM_5V_GPU 82/93 POM_5V_CPU 164/258
RAM 1383/3964MB (lfb 8x4MB) SWAP 787/6078MB (cached 34MB) IRAM 0/252kB(lfb 252kB) CPU [6%@921,7%@921,off,off] EMC_FREQ 0%@1600 GR3D_FREQ 0%@614 APE 25 PLL@29.5C CPU@31.5C iwlwifi@32C PMIC@50C GPU@29.5C AO@41C thermal@30.75C POM_5V_IN 1689/1819 POM_5V_GPU 82/93 POM_5V_CPU 164/257
RAM 1381/3964MB (lfb 8x4MB) SWAP 787/6078MB (cached 34MB) IRAM 0/252kB(lfb 252kB) CPU [7%@921,6%@921,off,off] EMC_FREQ 0%@1600 GR3D_FREQ 0%@614 APE 25 PLL@29.5C CPU@31.5C iwlwifi@32C PMIC@50C GPU@29.5C AO@41C thermal@30.75C POM_5V_IN 1731/1819 POM_5V_GPU 82/93 POM_5V_CPU 164/257
RAM 1383/3964MB (lfb 8x4MB) SWAP 787/6078MB (cached 34MB) IRAM 0/252kB(lfb 252kB) CPU [9%@921,5%@921,off,off] EMC_FREQ 0%@1600 GR3D_FREQ 0%@614 APE 25 PLL@29.5C CPU@31.5C iwlwifi@32C PMIC@50C GPU@29.5C AO@40.5C thermal@31C POM_5V_IN 1689/1819 POM_5V_GPU 82/93 POM_5V_CPU 164/257
RAM 1383/3964MB (lfb 8x4MB) SWAP 787/6078MB (cached 34MB) IRAM 0/252kB(lfb 252kB) CPU [8%@921,6%@921,off,off] EMC_FREQ 0%@1600 GR3D_FREQ 0%@614 APE 25 PLL@29.5C CPU@31.5C iwlwifi@32C PMIC@50C GPU@29.5C AO@40.5C thermal@30.5C POM_5V_IN 1689/1819 POM_5V_GPU 82/93 POM_5V_CPU 164/257
RAM 1381/3964MB (lfb 8x4MB) SWAP 787/6078MB (cached 34MB) IRAM 0/252kB(lfb 252kB) CPU [6%@921,7%@921,off,off] EMC_FREQ 0%@1600 GR3D_FREQ 0%@614 APE 25 PLL@29.5C CPU@32C iwlwifi@32C PMIC@50C GPU@30C AO@41C thermal@30.5C POM_5V_IN 1689/1818 POM_5V_GPU 82/93 POM_5V_CPU 164/257
RAM 1381/3964MB (lfb 8x4MB) SWAP 787/6078MB (cached 34MB) IRAM 0/252kB(lfb 252kB) CPU [9%@921,6%@921,off,off] EMC_FREQ 0%@1600 GR3D_FREQ 0%@614 APE 25 PLL@29.5C CPU@31.5C iwlwifi@32C PMIC@50C GPU@29.5C AO@41C thermal@30.75C POM_5V_IN 1728/1818 POM_5V_GPU 82/93 POM_5V_CPU 164/257
RAM 1379/3964MB (lfb 8x4MB) SWAP 787/6078MB (cached 34MB) IRAM 0/252kB(lfb 252kB) CPU [6%@921,8%@921,off,off] EMC_FREQ 0%@1600 GR3D_FREQ 0%@614 APE 25 PLL@30C CPU@31.5C iwlwifi@32C PMIC@50C GPU@29.5C AO@41C thermal@30.5C POM_5V_IN 1772/1818 POM_5V_GPU 82/93 POM_5V_CPU 206/257
RAM 1379/3964MB (lfb 8x4MB) SWAP 787/6078MB (cached 34MB) IRAM 0/252kB(lfb 252kB) CPU [9%@921,5%@921,off,off] EMC_FREQ 0%@1600 GR3D_FREQ 0%@614 APE 25 PLL@29.5C CPU@31C iwlwifi@32C PMIC@50C GPU@30C AO@41C thermal@30.75C POM_5V_IN 1689/1818 POM_5V_GPU 82/93 POM_5V_CPU 164/257
RAM 1381/3964MB (lfb 8x4MB) SWAP 787/6078MB (cached 34MB) IRAM 0/252kB(lfb 252kB) CPU [6%@921,7%@921,off,off] EMC_FREQ 0%@1600 GR3D_FREQ 0%@614 APE 25 PLL@29.5C CPU@31.5C iwlwifi@32C PMIC@50C GPU@29.5C AO@40.5C thermal@30.75C POM_5V_IN 1689/1818 POM_5V_GPU 82/93 POM_5V_CPU 164/257
RAM 1384/3964MB (lfb 8x4MB) SWAP 787/6078MB (cached 34MB) IRAM 0/252kB(lfb 252kB) CPU [7%@921,7%@921,off,off] EMC_FREQ 0%@1600 GR3D_FREQ 0%@614 APE 25 PLL@29.5C CPU@31.5C iwlwifi@32C PMIC@50C GPU@30C AO@41C thermal@30.75C POM_5V_IN 1689/1818 POM_5V_GPU 82/93 POM_5V_CPU 164/257
RAM 1379/3964MB (lfb 8x4MB) SWAP 787/6078MB (cached 34MB) IRAM 0/252kB(lfb 252kB) CPU [5%@921,9%@921,off,off] EMC_FREQ 0%@1600 GR3D_FREQ 0%@614 APE 25 PLL@29.5C CPU@31.5C iwlwifi@34C PMIC@50C GPU@30C AO@41C thermal@30.5C POM_5V_IN 1689/1818 POM_5V_GPU 82/93 POM_5V_CPU 164/257
RAM 1379/3964MB (lfb 8x4MB) SWAP 787/6078MB (cached 34MB) IRAM 0/252kB(lfb 252kB) CPU [4%@921,10%@921,off,off] EMC_FREQ 0%@1600 GR3D_FREQ 0%@614 APE 25 PLL@29.5C CPU@31.5C iwlwifi@32C PMIC@50C GPU@30C AO@40.5C thermal@30.25C POM_5V_IN 1687/1818 POM_5V_GPU 82/93 POM_5V_CPU 164/257
RAM 1380/3964MB (lfb 8x4MB) SWAP 787/6078MB (cached 34MB) IRAM 0/252kB(lfb 252kB) CPU [6%@921,7%@921,off,off] EMC_FREQ 0%@1600 GR3D_FREQ 0%@614 APE 25 PLL@29.5C CPU@31C iwlwifi@33C PMIC@50C GPU@30C AO@40.5C thermal@30.75C POM_5V_IN 1689/1818 POM_5V_GPU 82/93 POM_5V_CPU 164/257
RAM 1381/3964MB (lfb 8x4MB) SWAP 787/6078MB (cached 34MB) IRAM 0/252kB(lfb 252kB) CPU [6%@921,8%@921,off,off] EMC_FREQ 0%@1600 GR3D_FREQ 0%@614 APE 25 PLL@30C CPU@31.5C iwlwifi@32C PMIC@50C GPU@30C AO@41C thermal@30.5C POM_5V_IN 1689/1818 POM_5V_GPU 82/93 POM_5V_CPU 164/257
RAM 1381/3964MB (lfb 8x4MB) SWAP 787/6078MB (cached 34MB) IRAM 0/252kB(lfb 252kB) CPU [5%@921,4%@921,off,off] EMC_FREQ 0%@1600 GR3D_FREQ 0%@614 APE 25 PLL@29.5C CPU@31.5C iwlwifi@33C PMIC@50C GPU@30C AO@40.5C thermal@30.75C POM_5V_IN 1689/1818 POM_5V_GPU 82/93 POM_5V_CPU 164/256
RAM 1383/3964MB (lfb 8x4MB) SWAP 787/6078MB (cached 34MB) IRAM 0/252kB(lfb 252kB) CPU [8%@921,5%@921,off,off] EMC_FREQ 0%@1600 GR3D_FREQ 0%@614 APE 25 PLL@29.5C CPU@31.5C iwlwifi@32C PMIC@50C GPU@30C AO@41C thermal@30.75C POM_5V_IN 1689/1817 POM_5V_GPU 82/93 POM_5V_CPU 164/256
RAM 1381/3964MB (lfb 8x4MB) SWAP 787/6078MB (cached 34MB) IRAM 0/252kB(lfb 252kB) CPU [6%@921,8%@921,off,off] EMC_FREQ 0%@1600 GR3D_FREQ 0%@614 APE 25 PLL@29.5C CPU@31.5C iwlwifi@32C PMIC@50C GPU@30C AO@41C thermal@30.5C POM_5V_IN 1689/1817 POM_5V_GPU 82/93 POM_5V_CPU 164/256
RAM 1383/3964MB (lfb 8x4MB) SWAP 787/6078MB (cached 34MB) IRAM 0/252kB(lfb 252kB) CPU [9%@921,6%@921,off,off] EMC_FREQ 0%@1600 GR3D_FREQ 0%@614 APE 25 PLL@29.5C CPU@31.5C iwlwifi@32C PMIC@50C GPU@29.5C AO@41C thermal@30.5C POM_5V_IN 1689/1817 POM_5V_GPU 82/93 POM_5V_CPU 164/256
RAM 1383/3964MB (lfb 8x4MB) SWAP 787/6078MB (cached 34MB) IRAM 0/252kB(lfb 252kB) CPU [7%@921,7%@921,off,off] EMC_FREQ 0%@1600 GR3D_FREQ 0%@614 APE 25 PLL@29.5C CPU@31.5C iwlwifi@32C PMIC@50C GPU@30C AO@40.5C thermal@30.5C POM_5V_IN 1931/1817 POM_5V_GPU 82/93 POM_5V_CPU 328/256
RAM 1381/3964MB (lfb 8x4MB) SWAP 787/6078MB (cached 34MB) IRAM 0/252kB(lfb 252kB) CPU [6%@921,7%@921,off,off] EMC_FREQ 0%@1600 GR3D_FREQ 0%@614 APE 25 PLL@29.5C CPU@31.5C iwlwifi@32C PMIC@50C GPU@29.5C AO@41C thermal@30.5C POM_5V_IN 1689/1817 POM_5V_GPU 82/93 POM_5V_CPU 164/256
RAM 1383/3964MB (lfb 8x4MB) SWAP 787/6078MB (cached 34MB) IRAM 0/252kB(lfb 252kB) CPU [8%@921,6%@921,off,off] EMC_FREQ 0%@1600 GR3D_FREQ 0%@614 APE 25 PLL@29.5C CPU@31C iwlwifi@34C PMIC@50C GPU@30C AO@40.5C thermal@30.75C POM_5V_IN 1689/1817 POM_5V_GPU 82/93 POM_5V_CPU 164/256
RAM 1383/3964MB (lfb 8x4MB) SWAP 787/6078MB (cached 34MB) IRAM 0/252kB(lfb 252kB) CPU [7%@921,6%@921,off,off] EMC_FREQ 0%@1600 GR3D_FREQ 0%@614 APE 25 PLL@30C CPU@31.5C iwlwifi@32C PMIC@50C GPU@30C AO@41C thermal@30.75C POM_5V_IN 1689/1817 POM_5V_GPU 82/93 POM_5V_CPU 164/256
RAM 1381/3964MB (lfb 8x4MB) SWAP 787/6078MB (cached 34MB) IRAM 0/252kB(lfb 252kB) CPU [7%@921,8%@921,off,off] EMC_FREQ 0%@1600 GR3D_FREQ 0%@614 APE 25 PLL@29.5C CPU@31.5C iwlwifi@33C PMIC@50C GPU@29.5C AO@40.5C thermal@30.5C POM_5V_IN 1689/1817 POM_5V_GPU 82/93 POM_5V_CPU 164/256
RAM 1383/3964MB (lfb 8x4MB) SWAP 787/6078MB (cached 34MB) IRAM 0/252kB(lfb 252kB) CPU [6%@921,8%@921,off,off] EMC_FREQ 0%@1600 GR3D_FREQ 0%@614 APE 25 PLL@29.5C CPU@31.5C iwlwifi@32C PMIC@50C GPU@29.5C AO@41C thermal@30.25C POM_5V_IN 1687/1817 POM_5V_GPU 82/93 POM_5V_CPU 164/256
RAM 1379/3964MB (lfb 8x4MB) SWAP 787/6078MB (cached 34MB) IRAM 0/252kB(lfb 252kB) CPU [9%@921,6%@921,off,off] EMC_FREQ 0%@1600 GR3D_FREQ 0%@614 APE 25 PLL@29.5C CPU@31.5C iwlwifi@32C PMIC@50C GPU@30C AO@40.5C thermal@30.75C POM_5V_IN 1731/1817 POM_5V_GPU 82/93 POM_5V_CPU 164/256
RAM 1379/3964MB (lfb 8x4MB) SWAP 787/6078MB (cached 34MB) IRAM 0/252kB(lfb 252kB) CPU [7%@921,7%@921,off,off] EMC_FREQ 0%@1600 GR3D_FREQ 0%@614 APE 25 PLL@30C CPU@31.5C iwlwifi@33C PMIC@50C GPU@30C AO@41C thermal@30.5C POM_5V_IN 1731/1817 POM_5V_GPU 82/93 POM_5V_CPU 164/256
RAM 1383/3964MB (lfb 8x4MB) SWAP 787/6078MB (cached 34MB) IRAM 0/252kB(lfb 252kB) CPU [7%@921,7%@921,off,off] EMC_FREQ 0%@1600 GR3D_FREQ 0%@614 APE 25 PLL@29.5C CPU@31.5C iwlwifi@32C PMIC@50C GPU@29.5C AO@41C thermal@30.75C POM_5V_IN 1689/1817 POM_5V_GPU 82/93 POM_5V_CPU 164/256
RAM 1381/3964MB (lfb 8x4MB) SWAP 787/6078MB (cached 34MB) IRAM 0/252kB(lfb 252kB) CPU [7%@921,8%@921,off,off] EMC_FREQ 0%@1600 GR3D_FREQ 0%@614 APE 25 PLL@30C CPU@32C iwlwifi@32C PMIC@50C GPU@30C AO@41C thermal@30.75C POM_5V_IN 1689/1817 POM_5V_GPU 82/93 POM_5V_CPU 164/256
RAM 1380/3964MB (lfb 8x4MB) SWAP 787/6078MB (cached 34MB) IRAM 0/252kB(lfb 252kB) CPU [9%@921,5%@921,off,off] EMC_FREQ 0%@1600 GR3D_FREQ 0%@614 APE 25 PLL@30C CPU@31.5C iwlwifi@32C PMIC@50C GPU@30C AO@41C thermal@31C POM_5V_IN 1687/1816 POM_5V_GPU 82/93 POM_5V_CPU 164/256
RAM 1383/3964MB (lfb 8x4MB) SWAP 787/6078MB (cached 34MB) IRAM 0/252kB(lfb 252kB) CPU [7%@921,7%@921,off,off] EMC_FREQ 0%@1600 GR3D_FREQ 0%@614 APE 25 PLL@30C CPU@31.5C iwlwifi@32C PMIC@50C GPU@30C AO@41C thermal@30.75C POM_5V_IN 1689/1816 POM_5V_GPU 82/93 POM_5V_CPU 164/256
RAM 1379/3964MB (lfb 8x4MB) SWAP 787/6078MB (cached 34MB) IRAM 0/252kB(lfb 252kB) CPU [8%@921,6%@921,off,off] EMC_FREQ 0%@1600 GR3D_FREQ 0%@614 APE 25 PLL@30C CPU@31.5C iwlwifi@33C PMIC@50C GPU@30C AO@41C thermal@30.5C POM_5V_IN 1689/1816 POM_5V_GPU 82/93 POM_5V_CPU 164/255
RAM 1381/3964MB (lfb 8x4MB) SWAP 787/6078MB (cached 34MB) IRAM 0/252kB(lfb 252kB) CPU [5%@921,9%@921,off,off] EMC_FREQ 0%@1600 GR3D_FREQ 0%@614 APE 25 PLL@30C CPU@31.5C iwlwifi@32C PMIC@50C GPU@29.5C AO@41C thermal@30.75C POM_5V_IN 1728/1816 POM_5V_GPU 82/93 POM_5V_CPU 164/255
RAM 1380/3964MB (lfb 8x4MB) SWAP 787/6078MB (cached 34MB) IRAM 0/252kB(lfb 252kB) CPU [6%@921,8%@921,off,off] EMC_FREQ 0%@1600 GR3D_FREQ 0%@614 APE 25 PLL@30C CPU@31.5C iwlwifi@33C PMIC@50C GPU@30C AO@41C thermal@30.5C POM_5V_IN 1689/1816 POM_5V_GPU 82/93 POM_5V_CPU 164/255
RAM 1381/3964MB (lfb 8x4MB) SWAP 787/6078MB (cached 34MB) IRAM 0/252kB(lfb 252kB) CPU [8%@921,7%@921,off,off] EMC_FREQ 0%@1600 GR3D_FREQ 0%@614 APE 25 PLL@29.5C CPU@31.5C iwlwifi@33C PMIC@50C GPU@29.5C AO@40.5C thermal@30.75C POM_5V_IN 1687/1816 POM_5V_GPU 82/93 POM_5V_CPU 164/255
RAM 1379/3964MB (lfb 8x4MB) SWAP 787/6078MB (cached 34MB) IRAM 0/252kB(lfb 252kB) CPU [5%@921,8%@921,off,off] EMC_FREQ 0%@1600 GR3D_FREQ 0%@614 APE 25 PLL@29.5C CPU@31.5C iwlwifi@32C PMIC@50C GPU@29.5C AO@40.5C thermal@30.75C POM_5V_IN 1689/1816 POM_5V_GPU 82/93 POM_5V_CPU 164/255
RAM 1381/3964MB (lfb 8x4MB) SWAP 787/6078MB (cached 34MB) IRAM 0/252kB(lfb 252kB) CPU [7%@921,7%@921,off,off] EMC_FREQ 0%@1600 GR3D_FREQ 0%@614 APE 25 PLL@30C CPU@31.5C iwlwifi@33C PMIC@50C GPU@30C AO@41C thermal@30.75C POM_5V_IN 1689/1816 POM_5V_GPU 82/93 POM_5V_CPU 123/255
RAM 1379/3964MB (lfb 8x4MB) SWAP 787/6078MB (cached 34MB) IRAM 0/252kB(lfb 252kB) CPU [8%@921,6%@921,off,off] EMC_FREQ 0%@1600 GR3D_FREQ 0%@614 APE 25 PLL@29.5C CPU@31.5C iwlwifi@33C PMIC@50C GPU@29.5C AO@41C thermal@30.75C POM_5V_IN 1689/1816 POM_5V_GPU 82/93 POM_5V_CPU 164/255
RAM 1381/3964MB (lfb 8x4MB) SWAP 787/6078MB (cached 34MB) IRAM 0/252kB(lfb 252kB) CPU [7%@921,7%@921,off,off] EMC_FREQ 0%@1600 GR3D_FREQ 0%@614 APE 25 PLL@29.5C CPU@32C iwlwifi@32C PMIC@50C GPU@29.5C AO@41C thermal@30.5C POM_5V_IN 1687/1816 POM_5V_GPU 82/93 POM_5V_CPU 164/255
RAM 1383/3964MB (lfb 8x4MB) SWAP 787/6078MB (cached 34MB) IRAM 0/252kB(lfb 252kB) CPU [8%@921,5%@921,off,off] EMC_FREQ 0%@1600 GR3D_FREQ 0%@614 APE 25 PLL@30C CPU@31.5C iwlwifi@32C PMIC@50C GPU@30C AO@41C thermal@30.75C POM_5V_IN 1687/1815 POM_5V_GPU 82/93 POM_5V_CPU 164/255
RAM 1383/3964MB (lfb 8x4MB) SWAP 787/6078MB (cached 34MB) IRAM 0/252kB(lfb 252kB) CPU [8%@921,7%@921,off,off] EMC_FREQ 0%@1600 GR3D_FREQ 0%@614 APE 25 PLL@29.5C CPU@31.5C iwlwifi@33C PMIC@50C GPU@30C AO@40.5C thermal@30.5C POM_5V_IN 1689/1815 POM_5V_GPU 82/93 POM_5V_CPU 164/255
RAM 1379/3964MB (lfb 8x4MB) SWAP 787/6078MB (cached 34MB) IRAM 0/252kB(lfb 252kB) CPU [7%@921,7%@921,off,off] EMC_FREQ 0%@1600 GR3D_FREQ 0%@614 APE 25 PLL@30C CPU@31.5C iwlwifi@33C PMIC@50C GPU@30C AO@40.5C thermal@31C POM_5V_IN 1689/1815 POM_5V_GPU 82/93 POM_5V_CPU 164/255
RAM 1382/3964MB (lfb 8x4MB) SWAP 787/6078MB (cached 34MB) IRAM 0/252kB(lfb 252kB) CPU [10%@921,4%@921,off,off] EMC_FREQ 0%@1600 GR3D_FREQ 0%@614 APE 25 PLL@29.5C CPU@31.5C iwlwifi@33C PMIC@50C GPU@29.5C AO@41C thermal@30.5C POM_5V_IN 1687/1815 POM_5V_GPU 82/93 POM_5V_CPU 164/255
RAM 1384/3964MB (lfb 8x4MB) SWAP 787/6078MB (cached 34MB) IRAM 0/252kB(lfb 252kB) CPU [9%@921,5%@921,off,off] EMC_FREQ 0%@1600 GR3D_FREQ 0%@614 APE 25 PLL@30C CPU@31.5C iwlwifi@32C PMIC@50C GPU@30C AO@41C thermal@30.75C POM_5V_IN 1772/1815 POM_5V_GPU 82/93 POM_5V_CPU 206/255
RAM 1381/3964MB (lfb 8x4MB) SWAP 787/6078MB (cached 34MB) IRAM 0/252kB(lfb 252kB) CPU [9%@921,5%@921,off,off] EMC_FREQ 0%@1600 GR3D_FREQ 0%@614 APE 25 PLL@29.5C CPU@31.5C iwlwifi@34C PMIC@50C GPU@30C AO@41C thermal@31C POM_5V_IN 1689/1815 POM_5V_GPU 82/93 POM_5V_CPU 164/255
RAM 1379/3964MB (lfb 8x4MB) SWAP 787/6078MB (cached 34MB) IRAM 0/252kB(lfb 252kB) CPU [10%@921,4%@921,off,off] EMC_FREQ 0%@1600 GR3D_FREQ 0%@614 APE 25 PLL@29.5C CPU@31.5C iwlwifi@32C PMIC@50C GPU@29.5C AO@41C thermal@30.5C POM_5V_IN 1689/1815 POM_5V_GPU 82/93 POM_5V_CPU 164/254
RAM 1383/3964MB (lfb 8x4MB) SWAP 787/6078MB (cached 34MB) IRAM 0/252kB(lfb 252kB) CPU [8%@921,7%@921,off,off] EMC_FREQ 0%@1600 GR3D_FREQ 0%@614 APE 25 PLL@30C CPU@31.5C iwlwifi@33C PMIC@50C GPU@30C AO@41C thermal@30.75C POM_5V_IN 1731/1815 POM_5V_GPU 82/93 POM_5V_CPU 164/254
RAM 1381/3964MB (lfb 8x4MB) SWAP 787/6078MB (cached 34MB) IRAM 0/252kB(lfb 252kB) CPU [8%@921,6%@921,off,off] EMC_FREQ 0%@1600 GR3D_FREQ 0%@614 APE 25 PLL@29.5C CPU@32C iwlwifi@33C PMIC@50C GPU@30C AO@41C thermal@30.5C POM_5V_IN 1728/1815 POM_5V_GPU 82/93 POM_5V_CPU 164/254
RAM 1384/3964MB (lfb 8x4MB) SWAP 787/6078MB (cached 34MB) IRAM 0/252kB(lfb 252kB) CPU [8%@921,6%@921,off,off] EMC_FREQ 0%@1600 GR3D_FREQ 0%@614 APE 25 PLL@30C CPU@31.5C iwlwifi@32C PMIC@50C GPU@30C AO@41C thermal@30.75C POM_5V_IN 1689/1815 POM_5V_GPU 82/93 POM_5V_CPU 164/254
RAM 1384/3964MB (lfb 8x4MB) SWAP 787/6078MB (cached 34MB) IRAM 0/252kB(lfb 252kB) CPU [8%@921,7%@921,off,off] EMC_FREQ 0%@1600 GR3D_FREQ 0%@614 APE 25 PLL@30C CPU@31.5C iwlwifi@32C PMIC@50C GPU@30C AO@41C thermal@30.5C POM_5V_IN 1689/1815 POM_5V_GPU 82/93 POM_5V_CPU 164/254
RAM 1381/3964MB (lfb 8x4MB) SWAP 787/6078MB (cached 34MB) IRAM 0/252kB(lfb 252kB) CPU [7%@921,8%@921,off,off] EMC_FREQ 0%@1600 GR3D_FREQ 0%@614 APE 25 PLL@30C CPU@32C iwlwifi@33C PMIC@50C GPU@30C AO@41C thermal@30.75C POM_5V_IN 1731/1815 POM_5V_GPU 82/93 POM_5V_CPU 164/254
RAM 1384/3964MB (lfb 8x4MB) SWAP 787/6078MB (cached 34MB) IRAM 0/252kB(lfb 252kB) CPU [8%@921,7%@921,off,off] EMC_FREQ 0%@1600 GR3D_FREQ 0%@614 APE 25 PLL@30C CPU@31.5C iwlwifi@32C PMIC@50C GPU@30C AO@41C thermal@31C POM_5V_IN 1689/1814 POM_5V_GPU 82/93 POM_5V_CPU 164/254
RAM 1380/3964MB (lfb 8x4MB) SWAP 787/6078MB (cached 34MB) IRAM 0/252kB(lfb 252kB) CPU [7%@921,6%@921,off,off] EMC_FREQ 0%@1600 GR3D_FREQ 0%@614 APE 25 PLL@30C CPU@32C iwlwifi@33C PMIC@50C GPU@29.5C AO@41C thermal@30.5C POM_5V_IN 1689/1814 POM_5V_GPU 82/93 POM_5V_CPU 164/254
RAM 1383/3964MB (lfb 8x4MB) SWAP 787/6078MB (cached 34MB) IRAM 0/252kB(lfb 252kB) CPU [8%@921,7%@921,off,off] EMC_FREQ 0%@1600 GR3D_FREQ 0%@614 APE 25 PLL@29.5C CPU@31.5C iwlwifi@32C PMIC@50C GPU@30C AO@41C thermal@30.75C POM_5V_IN 2013/1815 POM_5V_GPU 82/93 POM_5V_CPU 164/254
RAM 1383/3964MB (lfb 8x4MB) SWAP 787/6078MB (cached 34MB) IRAM 0/252kB(lfb 252kB) CPU [5%@921,9%@921,off,off] EMC_FREQ 0%@1600 GR3D_FREQ 0%@614 APE 25 PLL@30C CPU@31.5C iwlwifi@32C PMIC@50C GPU@30C AO@40.5C thermal@30.75C POM_5V_IN 1687/1814 POM_5V_GPU 82/93 POM_5V_CPU 164/254
RAM 1389/3964MB (lfb 8x4MB) SWAP 780/6078MB (cached 37MB) IRAM 0/252kB(lfb 252kB) CPU [13%@921,8%@921,off,off] EMC_FREQ 0%@1600 GR3D_FREQ 0%@614 APE 25 PLL@29.5C CPU@31.5C iwlwifi@33C PMIC@50C GPU@29.5C AO@41C thermal@30.5C POM_5V_IN 1689/1814 POM_5V_GPU 82/93 POM_5V_CPU 164/254
RAM 1385/3964MB (lfb 8x4MB) SWAP 780/6078MB (cached 37MB) IRAM 0/252kB(lfb 252kB) CPU [6%@921,7%@921,off,off] EMC_FREQ 0%@1600 GR3D_FREQ 0%@614 APE 25 PLL@29.5C CPU@31.5C iwlwifi@32C PMIC@50C GPU@30C AO@41C thermal@30.5C POM_5V_IN 1731/1814 POM_5V_GPU 82/93 POM_5V_CPU 164/254
RAM 1385/3964MB (lfb 8x4MB) SWAP 780/6078MB (cached 37MB) IRAM 0/252kB(lfb 252kB) CPU [8%@921,5%@921,off,off] EMC_FREQ 0%@1600 GR3D_FREQ 0%@614 APE 25 PLL@29.5C CPU@31C iwlwifi@32C PMIC@50C GPU@30C AO@41C thermal@30.5C POM_5V_IN 1689/1814 POM_5V_GPU 82/93 POM_5V_CPU 164/254
RAM 1389/3964MB (lfb 8x4MB) SWAP 780/6078MB (cached 37MB) IRAM 0/252kB(lfb 252kB) CPU [7%@921,9%@921,off,off] EMC_FREQ 0%@1600 GR3D_FREQ 0%@614 APE 25 PLL@29.5C CPU@31.5C iwlwifi@34C PMIC@50C GPU@30C AO@41C thermal@30.75C POM_5V_IN 1689/1814 POM_5V_GPU 82/93 POM_5V_CPU 123/254
RAM 1388/3964MB (lfb 8x4MB) SWAP 780/6078MB (cached 37MB) IRAM 0/252kB(lfb 252kB) CPU [7%@921,7%@921,off,off] EMC_FREQ 0%@1600 GR3D_FREQ 0%@614 APE 25 PLL@29.5C CPU@31.5C iwlwifi@32C PMIC@50C GPU@29.5C AO@41C thermal@30.5C POM_5V_IN 1731/1814 POM_5V_GPU 82/93 POM_5V_CPU 164/253
RAM 1389/3964MB (lfb 8x4MB) SWAP 780/6078MB (cached 37MB) IRAM 0/252kB(lfb 252kB) CPU [9%@921,6%@921,off,off] EMC_FREQ 0%@1600 GR3D_FREQ 0%@614 APE 25 PLL@30C CPU@31.5C iwlwifi@32C PMIC@50C GPU@30C AO@41C thermal@30.5C POM_5V_IN 1689/1814 POM_5V_GPU 82/93 POM_5V_CPU 164/253
RAM 1389/3964MB (lfb 8x4MB) SWAP 780/6078MB (cached 37MB) IRAM 0/252kB(lfb 252kB) CPU [6%@921,3%@921,off,off] EMC_FREQ 0%@1600 GR3D_FREQ 0%@614 APE 25 PLL@30C CPU@31C iwlwifi@32C PMIC@50C GPU@30C AO@41C thermal@30.75C POM_5V_IN 1689/1814 POM_5V_GPU 82/93 POM_5V_CPU 164/253
RAM 1387/3964MB (lfb 8x4MB) SWAP 780/6078MB (cached 37MB) IRAM 0/252kB(lfb 252kB) CPU [8%@921,6%@921,off,off] EMC_FREQ 0%@1600 GR3D_FREQ 0%@614 APE 25 PLL@29.5C CPU@31.5C iwlwifi@32C PMIC@50C GPU@29.5C AO@41C thermal@30.75C POM_5V_IN 1689/1814 POM_5V_GPU 82/93 POM_5V_CPU 164/253
RAM 1388/3964MB (lfb 8x4MB) SWAP 780/6078MB (cached 37MB) IRAM 0/252kB(lfb 252kB) CPU [7%@921,7%@921,off,off] EMC_FREQ 0%@1600 GR3D_FREQ 0%@614 APE 25 PLL@29.5C CPU@31C iwlwifi@32C PMIC@50C GPU@30C AO@41C thermal@30.75C POM_5V_IN 1689/1814 POM_5V_GPU 82/93 POM_5V_CPU 164/253
RAM 1389/3964MB (lfb 8x4MB) SWAP 780/6078MB (cached 37MB) IRAM 0/252kB(lfb 252kB) CPU [7%@921,7%@921,off,off] EMC_FREQ 0%@1600 GR3D_FREQ 0%@614 APE 25 PLL@29.5C CPU@31C iwlwifi@32C PMIC@50C GPU@30C AO@41C thermal@30.25C POM_5V_IN 1687/1814 POM_5V_GPU 82/93 POM_5V_CPU 164/253
RAM 1388/3964MB (lfb 8x4MB) SWAP 780/6078MB (cached 37MB) IRAM 0/252kB(lfb 252kB) CPU [5%@921,8%@921,off,off] EMC_FREQ 0%@1600 GR3D_FREQ 0%@614 APE 25 PLL@29.5C CPU@31C iwlwifi@32C PMIC@50C GPU@29.5C AO@41C thermal@30.75C POM_5V_IN 1689/1813 POM_5V_GPU 82/93 POM_5V_CPU 164/253
RAM 1385/3964MB (lfb 8x4MB) SWAP 780/6078MB (cached 37MB) IRAM 0/252kB(lfb 252kB) CPU [7%@921,7%@921,off,off] EMC_FREQ 0%@1600 GR3D_FREQ 0%@614 APE 25 PLL@29.5C CPU@31C iwlwifi@32C PMIC@50C GPU@30C AO@40.5C thermal@30.25C POM_5V_IN 1689/1813 POM_5V_GPU 82/93 POM_5V_CPU 164/253
RAM 1387/3964MB (lfb 8x4MB) SWAP 780/6078MB (cached 37MB) IRAM 0/252kB(lfb 252kB) CPU [7%@921,5%@921,off,off] EMC_FREQ 0%@1600 GR3D_FREQ 0%@614 APE 25 PLL@29.5C CPU@31C iwlwifi@32C PMIC@50C GPU@30C AO@40.5C thermal@30.75C POM_5V_IN 1689/1813 POM_5V_GPU 82/93 POM_5V_CPU 164/253
RAM 1392/3964MB (lfb 8x4MB) SWAP 780/6078MB (cached 37MB) IRAM 0/252kB(lfb 252kB) CPU [9%@921,6%@921,off,off] EMC_FREQ 0%@1600 GR3D_FREQ 0%@614 APE 25 PLL@29.5C CPU@31C iwlwifi@32C PMIC@50C GPU@30C AO@41C thermal@30.75C POM_5V_IN 1689/1813 POM_5V_GPU 82/93 POM_5V_CPU 164/253
RAM 1387/3964MB (lfb 8x4MB) SWAP 780/6078MB (cached 37MB) IRAM 0/252kB(lfb 252kB) CPU [6%@921,7%@921,off,off] EMC_FREQ 0%@1600 GR3D_FREQ 0%@614 APE 25 PLL@29.5C CPU@31.5C iwlwifi@32C PMIC@50C GPU@29.5C AO@40.5C thermal@30.75C POM_5V_IN 1689/1813 POM_5V_GPU 82/93 POM_5V_CPU 164/253
RAM 1385/3964MB (lfb 8x4MB) SWAP 780/6078MB (cached 37MB) IRAM 0/252kB(lfb 252kB) CPU [6%@921,7%@921,off,off] EMC_FREQ 0%@1600 GR3D_FREQ 0%@614 APE 25 PLL@29.5C CPU@31.5C iwlwifi@32C PMIC@50C GPU@29.5C AO@40.5C thermal@30.25C POM_5V_IN 1689/1813 POM_5V_GPU 82/93 POM_5V_CPU 164/253
RAM 1389/3964MB (lfb 8x4MB) SWAP 780/6078MB (cached 37MB) IRAM 0/252kB(lfb 252kB) CPU [6%@921,8%@921,off,off] EMC_FREQ 0%@1600 GR3D_FREQ 0%@614 APE 25 PLL@30C CPU@31.5C iwlwifi@32C PMIC@50C GPU@30C AO@41C thermal@30.75C POM_5V_IN 1689/1813 POM_5V_GPU 82/93 POM_5V_CPU 123/253
RAM 1389/3964MB (lfb 8x4MB) SWAP 780/6078MB (cached 37MB) IRAM 0/252kB(lfb 252kB) CPU [6%@921,7%@921,off,off] EMC_FREQ 0%@1600 GR3D_FREQ 0%@614 APE 25 PLL@29.5C CPU@31.5C iwlwifi@32C PMIC@50C GPU@30C AO@40.5C thermal@30.75C POM_5V_IN 1689/1813 POM_5V_GPU 82/93 POM_5V_CPU 164/253
RAM 1385/3964MB (lfb 8x4MB) SWAP 780/6078MB (cached 37MB) IRAM 0/252kB(lfb 252kB) CPU [7%@921,7%@921,off,off] EMC_FREQ 0%@1600 GR3D_FREQ 0%@614 APE 25 PLL@29.5C CPU@31.5C iwlwifi@32C PMIC@50C GPU@30C AO@40.5C thermal@30.5C POM_5V_IN 1689/1813 POM_5V_GPU 82/93 POM_5V_CPU 164/253
RAM 1387/3964MB (lfb 8x4MB) SWAP 780/6078MB (cached 37MB) IRAM 0/252kB(lfb 252kB) CPU [6%@921,7%@921,off,off] EMC_FREQ 0%@1600 GR3D_FREQ 0%@614 APE 25 PLL@29C CPU@31.5C iwlwifi@32C PMIC@50C GPU@30C AO@41C thermal@30.75C POM_5V_IN 1689/1813 POM_5V_GPU 82/93 POM_5V_CPU 164/252
RAM 1389/3964MB (lfb 8x4MB) SWAP 780/6078MB (cached 37MB) IRAM 0/252kB(lfb 252kB) CPU [9%@921,5%@921,off,off] EMC_FREQ 0%@1600 GR3D_FREQ 0%@614 APE 25 PLL@29.5C CPU@31.5C iwlwifi@32C PMIC@50C GPU@30C AO@41C thermal@30.75C POM_5V_IN 1689/1813 POM_5V_GPU 82/93 POM_5V_CPU 164/252
RAM 1387/3964MB (lfb 8x4MB) SWAP 780/6078MB (cached 37MB) IRAM 0/252kB(lfb 252kB) CPU [7%@921,6%@921,off,off] EMC_FREQ 0%@1600 GR3D_FREQ 0%@614 APE 25 PLL@29.5C CPU@31.5C iwlwifi@32C PMIC@50C GPU@30C AO@41C thermal@30.75C POM_5V_IN 1689/1812 POM_5V_GPU 82/93 POM_5V_CPU 164/252
RAM 1387/3964MB (lfb 8x4MB) SWAP 780/6078MB (cached 37MB) IRAM 0/252kB(lfb 252kB) CPU [7%@921,6%@921,off,off] EMC_FREQ 0%@1600 GR3D_FREQ 0%@614 APE 25 PLL@30C CPU@31.5C iwlwifi@32C PMIC@50C GPU@30C AO@41C thermal@30.5C POM_5V_IN 1689/1812 POM_5V_GPU 82/93 POM_5V_CPU 164/252
RAM 1387/3964MB (lfb 8x4MB) SWAP 780/6078MB (cached 37MB) IRAM 0/252kB(lfb 252kB) CPU [5%@921,8%@921,off,off] EMC_FREQ 0%@1600 GR3D_FREQ 0%@614 APE 25 PLL@29.5C CPU@31.5C iwlwifi@32C PMIC@50C GPU@29.5C AO@41C thermal@30.5C POM_5V_IN 1689/1812 POM_5V_GPU 82/93 POM_5V_CPU 164/252
RAM 1386/3964MB (lfb 8x4MB) SWAP 780/6078MB (cached 37MB) IRAM 0/252kB(lfb 252kB) CPU [6%@921,8%@921,off,off] EMC_FREQ 0%@1600 GR3D_FREQ 0%@614 APE 25 PLL@29.5C CPU@31.5C iwlwifi@32C PMIC@50C GPU@30C AO@41C thermal@30.5C POM_5V_IN 1689/1812 POM_5V_GPU 82/93 POM_5V_CPU 164/252
RAM 1386/3964MB (lfb 8x4MB) SWAP 780/6078MB (cached 37MB) IRAM 0/252kB(lfb 252kB) CPU [9%@921,5%@921,off,off] EMC_FREQ 0%@1600 GR3D_FREQ 0%@614 APE 25 PLL@29.5C CPU@31.5C iwlwifi@32C PMIC@50C GPU@30C AO@41C thermal@30.5C POM_5V_IN 1689/1812 POM_5V_GPU 82/93 POM_5V_CPU 164/252
RAM 1387/3964MB (lfb 8x4MB) SWAP 780/6078MB (cached 37MB) IRAM 0/252kB(lfb 252kB) CPU [6%@921,8%@921,off,off] EMC_FREQ 0%@1600 GR3D_FREQ 0%@614 APE 25 PLL@29.5C CPU@31.5C iwlwifi@32C PMIC@50C GPU@30C AO@41C thermal@30.5C POM_5V_IN 1731/1812 POM_5V_GPU 82/93 POM_5V_CPU 164/252
RAM 1386/3964MB (lfb 8x4MB) SWAP 780/6078MB (cached 37MB) IRAM 0/252kB(lfb 252kB) CPU [7%@921,6%@921,off,off] EMC_FREQ 0%@1600 GR3D_FREQ 0%@614 APE 25 PLL@30C CPU@31.5C iwlwifi@32C PMIC@50C GPU@29.5C AO@41C thermal@30.25C POM_5V_IN 1689/1812 POM_5V_GPU 82/93 POM_5V_CPU 164/252
RAM 1389/3964MB (lfb 8x4MB) SWAP 780/6078MB (cached 37MB) IRAM 0/252kB(lfb 252kB) CPU [6%@921,8%@921,off,off] EMC_FREQ 0%@1600 GR3D_FREQ 0%@614 APE 25 PLL@30C CPU@31.5C iwlwifi@32C PMIC@50C GPU@30C AO@41C thermal@30.75C POM_5V_IN 1689/1812 POM_5V_GPU 82/93 POM_5V_CPU 164/252
RAM 1388/3964MB (lfb 8x4MB) SWAP 780/6078MB (cached 37MB) IRAM 0/252kB(lfb 252kB) CPU [7%@921,6%@921,off,off] EMC_FREQ 0%@1600 GR3D_FREQ 0%@614 APE 25 PLL@29.5C CPU@31C iwlwifi@32C PMIC@50C GPU@29.5C AO@41C thermal@30.75C POM_5V_IN 1687/1812 POM_5V_GPU 82/93 POM_5V_CPU 164/252
RAM 1387/3964MB (lfb 8x4MB) SWAP 780/6078MB (cached 37MB) IRAM 0/252kB(lfb 252kB) CPU [7%@921,7%@921,off,off] EMC_FREQ 0%@1600 GR3D_FREQ 0%@614 APE 25 PLL@29.5C CPU@31C iwlwifi@32C PMIC@50C GPU@29.5C AO@41C thermal@30.5C POM_5V_IN 1689/1812 POM_5V_GPU 82/93 POM_5V_CPU 164/252
RAM 1387/3964MB (lfb 8x4MB) SWAP 780/6078MB (cached 37MB) IRAM 0/252kB(lfb 252kB) CPU [5%@921,8%@921,off,off] EMC_FREQ 0%@1600 GR3D_FREQ 0%@614 APE 25 PLL@29.5C CPU@31.5C iwlwifi@32C PMIC@50C GPU@29.5C AO@41C thermal@30.5C POM_5V_IN 1689/1812 POM_5V_GPU 82/93 POM_5V_CPU 164/252
RAM 1387/3964MB (lfb 8x4MB) SWAP 780/6078MB (cached 37MB) IRAM 0/252kB(lfb 252kB) CPU [6%@921,7%@921,off,off] EMC_FREQ 0%@1600 GR3D_FREQ 0%@614 APE 25 PLL@30C CPU@31C iwlwifi@32C PMIC@50C GPU@30C AO@41C thermal@30.5C POM_5V_IN 1731/1811 POM_5V_GPU 82/93 POM_5V_CPU 164/252
RAM 1389/3964MB (lfb 8x4MB) SWAP 780/6078MB (cached 37MB) IRAM 0/252kB(lfb 252kB) CPU [10%@921,4%@921,off,off] EMC_FREQ 0%@1600 GR3D_FREQ 0%@614 APE 25 PLL@30C CPU@31.5C iwlwifi@32C PMIC@50C GPU@29.5C AO@41C thermal@30.75C POM_5V_IN 1689/1811 POM_5V_GPU 82/93 POM_5V_CPU 164/252
RAM 1389/3964MB (lfb 8x4MB) SWAP 780/6078MB (cached 37MB) IRAM 0/252kB(lfb 252kB) CPU [7%@921,7%@921,off,off] EMC_FREQ 0%@1600 GR3D_FREQ 0%@614 APE 25 PLL@29.5C CPU@31C iwlwifi@32C PMIC@50C GPU@30C AO@41C thermal@30.5C POM_5V_IN 1689/1811 POM_5V_GPU 82/93 POM_5V_CPU 164/251
RAM 1387/3964MB (lfb 8x4MB) SWAP 780/6078MB (cached 37MB) IRAM 0/252kB(lfb 252kB) CPU [6%@921,8%@921,off,off] EMC_FREQ 0%@1600 GR3D_FREQ 0%@614 APE 25 PLL@29.5C CPU@31.5C iwlwifi@32C PMIC@50C GPU@30C AO@40.5C thermal@30.25C POM_5V_IN 1689/1811 POM_5V_GPU 82/93 POM_5V_CPU 164/251
RAM 1389/3964MB (lfb 8x4MB) SWAP 780/6078MB (cached 37MB) IRAM 0/252kB(lfb 252kB) CPU [7%@921,6%@921,off,off] EMC_FREQ 0%@1600 GR3D_FREQ 0%@614 APE 25 PLL@30C CPU@31.5C iwlwifi@32C PMIC@50C GPU@30C AO@41C thermal@30.5C POM_5V_IN 1689/1811 POM_5V_GPU 82/93 POM_5V_CPU 164/251
RAM 1389/3964MB (lfb 8x4MB) SWAP 780/6078MB (cached 37MB) IRAM 0/252kB(lfb 252kB) CPU [7%@921,7%@921,off,off] EMC_FREQ 0%@1600 GR3D_FREQ 0%@614 APE 25 PLL@30C CPU@32C iwlwifi@32C PMIC@50C GPU@30C AO@41C thermal@30.75C POM_5V_IN 1689/1811 POM_5V_GPU 82/93 POM_5V_CPU 164/251
RAM 1386/3964MB (lfb 8x4MB) SWAP 780/6078MB (cached 37MB) IRAM 0/252kB(lfb 252kB) CPU [7%@921,6%@921,off,off] EMC_FREQ 0%@1600 GR3D_FREQ 0%@614 APE 25 PLL@30C CPU@31C iwlwifi@32C PMIC@50C GPU@30C AO@41C thermal@30.75C POM_5V_IN 1689/1811 POM_5V_GPU 82/93 POM_5V_CPU 164/251
RAM 1389/3964MB (lfb 8x4MB) SWAP 780/6078MB (cached 37MB) IRAM 0/252kB(lfb 252kB) CPU [6%@921,8%@921,off,off] EMC_FREQ 0%@1600 GR3D_FREQ 0%@614 APE 25 PLL@29.5C CPU@31.5C iwlwifi@32C PMIC@50C GPU@29.5C AO@41C thermal@30.25C POM_5V_IN 1689/1811 POM_5V_GPU 82/93 POM_5V_CPU 164/251
RAM 1388/3964MB (lfb 8x4MB) SWAP 780/6078MB (cached 37MB) IRAM 0/252kB(lfb 252kB) CPU [8%@921,5%@921,off,off] EMC_FREQ 0%@1600 GR3D_FREQ 0%@614 APE 25 PLL@30C CPU@31C iwlwifi@32C PMIC@50C GPU@29.5C AO@40.5C thermal@30.25C POM_5V_IN 1689/1811 POM_5V_GPU 82/93 POM_5V_CPU 164/251
RAM 1389/3964MB (lfb 8x4MB) SWAP 780/6078MB (cached 37MB) IRAM 0/252kB(lfb 252kB) CPU [5%@921,8%@921,off,off] EMC_FREQ 0%@1600 GR3D_FREQ 0%@614 APE 25 PLL@29.5C CPU@31.5C iwlwifi@32C PMIC@50C GPU@29.5C AO@41C thermal@30.5C POM_5V_IN 1689/1811 POM_5V_GPU 82/93 POM_5V_CPU 164/251
RAM 1387/3964MB (lfb 8x4MB) SWAP 780/6078MB (cached 37MB) IRAM 0/252kB(lfb 252kB) CPU [7%@921,5%@921,off,off] EMC_FREQ 0%@1600 GR3D_FREQ 0%@614 APE 25 PLL@30C CPU@31.5C iwlwifi@32C PMIC@50C GPU@30C AO@41C thermal@30.5C POM_5V_IN 1689/1811 POM_5V_GPU 82/93 POM_5V_CPU 123/251
RAM 1386/3964MB (lfb 8x4MB) SWAP 780/6078MB (cached 37MB) IRAM 0/252kB(lfb 252kB) CPU [10%@921,4%@921,off,off] EMC_FREQ 0%@1600 GR3D_FREQ 0%@614 APE 25 PLL@30C CPU@31.5C iwlwifi@32C PMIC@50C GPU@29.5C AO@41C thermal@30.5C POM_5V_IN 1689/1811 POM_5V_GPU 82/93 POM_5V_CPU 164/251
RAM 1389/3964MB (lfb 8x4MB) SWAP 780/6078MB (cached 37MB) IRAM 0/252kB(lfb 252kB) CPU [5%@921,8%@921,off,off] EMC_FREQ 0%@1600 GR3D_FREQ 0%@614 APE 25 PLL@30C CPU@31C iwlwifi@32C PMIC@50C GPU@30C AO@41C thermal@30.75C POM_5V_IN 1689/1810 POM_5V_GPU 82/92 POM_5V_CPU 164/251
RAM 1387/3964MB (lfb 8x4MB) SWAP 780/6078MB (cached 37MB) IRAM 0/252kB(lfb 252kB) CPU [7%@921,6%@921,off,off] EMC_FREQ 0%@1600 GR3D_FREQ 0%@614 APE 25 PLL@29.5C CPU@31C iwlwifi@32C PMIC@50C GPU@30C AO@40.5C thermal@30.5C POM_5V_IN 1689/1810 POM_5V_GPU 82/92 POM_5V_CPU 164/251
RAM 1390/3964MB (lfb 8x4MB) SWAP 780/6078MB (cached 37MB) IRAM 0/252kB(lfb 252kB) CPU [6%@921,8%@921,off,off] EMC_FREQ 0%@1600 GR3D_FREQ 0%@614 APE 25 PLL@30C CPU@31.5C iwlwifi@32C PMIC@50C GPU@30C AO@41C thermal@30.25C POM_5V_IN 1689/1810 POM_5V_GPU 82/92 POM_5V_CPU 164/251
RAM 1387/3964MB (lfb 8x4MB) SWAP 780/6078MB (cached 37MB) IRAM 0/252kB(lfb 252kB) CPU [7%@921,7%@921,off,off] EMC_FREQ 0%@1600 GR3D_FREQ 0%@614 APE 25 PLL@30C CPU@31C iwlwifi@32C PMIC@50C GPU@30C AO@41C thermal@30.5C POM_5V_IN 1687/1810 POM_5V_GPU 82/92 POM_5V_CPU 164/251
RAM 1385/3964MB (lfb 8x4MB) SWAP 780/6078MB (cached 37MB) IRAM 0/252kB(lfb 252kB) CPU [6%@921,8%@921,off,off] EMC_FREQ 0%@1600 GR3D_FREQ 0%@614 APE 25 PLL@30C CPU@31C iwlwifi@32C PMIC@50C GPU@29.5C AO@41C thermal@30.25C POM_5V_IN 1689/1810 POM_5V_GPU 82/92 POM_5V_CPU 164/251
RAM 1386/3964MB (lfb 8x4MB) SWAP 780/6078MB (cached 37MB) IRAM 0/252kB(lfb 252kB) CPU [7%@921,5%@921,off,off] EMC_FREQ 0%@1600 GR3D_FREQ 0%@614 APE 25 PLL@30C CPU@31.5C iwlwifi@32C PMIC@50C GPU@29.5C AO@40.5C thermal@30.25C POM_5V_IN 1731/1810 POM_5V_GPU 82/92 POM_5V_CPU 164/250
RAM 1389/3964MB (lfb 8x4MB) SWAP 780/6078MB (cached 37MB) IRAM 0/252kB(lfb 252kB) CPU [8%@921,6%@921,off,off] EMC_FREQ 0%@1600 GR3D_FREQ 0%@614 APE 25 PLL@30C CPU@31.5C iwlwifi@32C PMIC@50C GPU@30C AO@41C thermal@30.5C POM_5V_IN 1689/1810 POM_5V_GPU 82/92 POM_5V_CPU 164/250
RAM 1389/3964MB (lfb 8x4MB) SWAP 780/6078MB (cached 37MB) IRAM 0/252kB(lfb 252kB) CPU [7%@921,7%@921,off,off] EMC_FREQ 0%@1600 GR3D_FREQ 0%@614 APE 25 PLL@29.5C CPU@31C iwlwifi@32C PMIC@50C GPU@30C AO@40.5C thermal@30.5C POM_5V_IN 1689/1810 POM_5V_GPU 82/92 POM_5V_CPU 164/250
RAM 1389/3964MB (lfb 8x4MB) SWAP 780/6078MB (cached 37MB) IRAM 0/252kB(lfb 252kB) CPU [8%@921,6%@921,off,off] EMC_FREQ 0%@1600 GR3D_FREQ 0%@614 APE 25 PLL@30C CPU@31C iwlwifi@32C PMIC@50C GPU@29.5C AO@41C thermal@30.5C POM_5V_IN 1731/1810 POM_5V_GPU 82/92 POM_5V_CPU 164/250
RAM 1388/3964MB (lfb 8x4MB) SWAP 780/6078MB (cached 37MB) IRAM 0/252kB(lfb 252kB) CPU [7%@921,5%@921,off,off] EMC_FREQ 0%@1600 GR3D_FREQ 0%@614 APE 25 PLL@30C CPU@31.5C iwlwifi@32C PMIC@50C GPU@30C AO@40.5C thermal@30.5C POM_5V_IN 1689/1810 POM_5V_GPU 82/92 POM_5V_CPU 164/250
RAM 1387/3964MB (lfb 8x4MB) SWAP 780/6078MB (cached 37MB) IRAM 0/252kB(lfb 252kB) CPU [6%@921,7%@921,off,off] EMC_FREQ 0%@1600 GR3D_FREQ 0%@614 APE 25 PLL@30C CPU@31C iwlwifi@32C PMIC@50C GPU@30C AO@40.5C thermal@30.5C POM_5V_IN 1689/1810 POM_5V_GPU 82/92 POM_5V_CPU 164/250
RAM 1390/3964MB (lfb 8x4MB) SWAP 780/6078MB (cached 37MB) IRAM 0/252kB(lfb 252kB) CPU [5%@921,8%@921,off,off] EMC_FREQ 0%@1600 GR3D_FREQ 0%@614 APE 25 PLL@30C CPU@31C iwlwifi@32C PMIC@50C GPU@30C AO@41C thermal@30.75C POM_5V_IN 1689/1810 POM_5V_GPU 82/92 POM_5V_CPU 123/250
RAM 1390/3964MB (lfb 8x4MB) SWAP 780/6078MB (cached 37MB) IRAM 0/252kB(lfb 252kB) CPU [6%@921,8%@921,off,off] EMC_FREQ 0%@1600 GR3D_FREQ 0%@614 APE 25 PLL@29.5C CPU@31C iwlwifi@32C PMIC@50C GPU@30C AO@41C thermal@30.5C POM_5V_IN 1689/1809 POM_5V_GPU 82/92 POM_5V_CPU 164/250
RAM 1386/3964MB (lfb 8x4MB) SWAP 780/6078MB (cached 37MB) IRAM 0/252kB(lfb 252kB) CPU [6%@921,7%@921,off,off] EMC_FREQ 0%@1600 GR3D_FREQ 0%@614 APE 25 PLL@30C CPU@31.5C iwlwifi@32C PMIC@50C GPU@30C AO@40.5C thermal@30.5C POM_5V_IN 1689/1809 POM_5V_GPU 82/92 POM_5V_CPU 164/250
RAM 1388/3964MB (lfb 8x4MB) SWAP 779/6078MB (cached 37MB) IRAM 0/252kB(lfb 252kB) CPU [5%@921,8%@921,off,off] EMC_FREQ 0%@1600 GR3D_FREQ 0%@614 APE 25 PLL@30C CPU@31.5C iwlwifi@32C PMIC@50C GPU@30C AO@41C thermal@30.5C POM_5V_IN 1689/1809 POM_5V_GPU 82/92 POM_5V_CPU 164/250
RAM 1388/3964MB (lfb 8x4MB) SWAP 779/6078MB (cached 37MB) IRAM 0/252kB(lfb 252kB) CPU [8%@921,5%@921,off,off] EMC_FREQ 0%@1600 GR3D_FREQ 0%@614 APE 25 PLL@29.5C CPU@31C iwlwifi@32C PMIC@50C GPU@30C AO@41C thermal@30.75C POM_5V_IN 1689/1809 POM_5V_GPU 82/92 POM_5V_CPU 164/250
RAM 1390/3964MB (lfb 8x4MB) SWAP 779/6078MB (cached 37MB) IRAM 0/252kB(lfb 252kB) CPU [10%@921,4%@921,off,off] EMC_FREQ 0%@1600 GR3D_FREQ 0%@614 APE 25 PLL@29.5C CPU@31C iwlwifi@32C PMIC@50C GPU@30C AO@41C thermal@30.5C POM_5V_IN 1689/1809 POM_5V_GPU 82/92 POM_5V_CPU 164/250
RAM 1390/3964MB (lfb 8x4MB) SWAP 779/6078MB (cached 37MB) IRAM 0/252kB(lfb 252kB) CPU [9%@921,4%@921,off,off] EMC_FREQ 0%@1600 GR3D_FREQ 0%@614 APE 25 PLL@29.5C CPU@31C iwlwifi@32C PMIC@50C GPU@29.5C AO@40.5C thermal@30.25C POM_5V_IN 1687/1809 POM_5V_GPU 82/92 POM_5V_CPU 164/250
RAM 1389/3964MB (lfb 8x4MB) SWAP 779/6078MB (cached 37MB) IRAM 0/252kB(lfb 252kB) CPU [6%@921,6%@921,off,off] EMC_FREQ 0%@1600 GR3D_FREQ 0%@614 APE 25 PLL@29.5C CPU@31.5C iwlwifi@32C PMIC@50C GPU@29.5C AO@40.5C thermal@30.75C POM_5V_IN 1689/1809 POM_5V_GPU 82/92 POM_5V_CPU 164/250
RAM 1388/3964MB (lfb 8x4MB) SWAP 779/6078MB (cached 37MB) IRAM 0/252kB(lfb 252kB) CPU [9%@921,4%@921,off,off] EMC_FREQ 0%@1600 GR3D_FREQ 0%@614 APE 25 PLL@29.5C CPU@31C iwlwifi@32C PMIC@50C GPU@29.5C AO@40.5C thermal@30.25C POM_5V_IN 1689/1809 POM_5V_GPU 82/92 POM_5V_CPU 164/250
RAM 1390/3964MB (lfb 8x4MB) SWAP 779/6078MB (cached 37MB) IRAM 0/252kB(lfb 252kB) CPU [7%@921,5%@921,off,off] EMC_FREQ 0%@1600 GR3D_FREQ 0%@614 APE 25 PLL@29.5C CPU@31C iwlwifi@32C PMIC@50C GPU@29.5C AO@40.5C thermal@30.5C POM_5V_IN 1689/1809 POM_5V_GPU 82/92 POM_5V_CPU 164/250
RAM 1388/3964MB (lfb 8x4MB) SWAP 779/6078MB (cached 37MB) IRAM 0/252kB(lfb 252kB) CPU [7%@921,7%@921,off,off] EMC_FREQ 0%@1600 GR3D_FREQ 0%@614 APE 25 PLL@29.5C CPU@31.5C iwlwifi@32C PMIC@50C GPU@29.5C AO@41C thermal@30.75C POM_5V_IN 1689/1809 POM_5V_GPU 82/92 POM_5V_CPU 164/249
RAM 1387/3964MB (lfb 8x4MB) SWAP 779/6078MB (cached 37MB) IRAM 0/252kB(lfb 252kB) CPU [6%@921,6%@921,off,off] EMC_FREQ 0%@1600 GR3D_FREQ 0%@614 APE 25 PLL@30C CPU@31C iwlwifi@32C PMIC@50C GPU@30C AO@41C thermal@30.5C POM_5V_IN 1689/1809 POM_5V_GPU 82/92 POM_5V_CPU 123/249
RAM 1388/3964MB (lfb 8x4MB) SWAP 779/6078MB (cached 37MB) IRAM 0/252kB(lfb 252kB) CPU [8%@921,6%@921,off,off] EMC_FREQ 0%@1600 GR3D_FREQ 0%@614 APE 25 PLL@29.5C CPU@31.5C iwlwifi@32C PMIC@50C GPU@29.5C AO@40.5C thermal@30.5C POM_5V_IN 1689/1808 POM_5V_GPU 82/92 POM_5V_CPU 164/249
RAM 1388/3964MB (lfb 8x4MB) SWAP 779/6078MB (cached 37MB) IRAM 0/252kB(lfb 252kB) CPU [7%@921,6%@921,off,off] EMC_FREQ 0%@1600 GR3D_FREQ 0%@614 APE 25 PLL@29.5C CPU@31C iwlwifi@33C PMIC@50C GPU@30C AO@41C thermal@30.5C POM_5V_IN 1689/1808 POM_5V_GPU 82/92 POM_5V_CPU 164/249
RAM 1390/3964MB (lfb 8x4MB) SWAP 779/6078MB (cached 37MB) IRAM 0/252kB(lfb 252kB) CPU [8%@921,6%@921,off,off] EMC_FREQ 0%@1600 GR3D_FREQ 0%@614 APE 25 PLL@29.5C CPU@31.5C iwlwifi@32C PMIC@50C GPU@29.5C AO@41C thermal@30.75C POM_5V_IN 1689/1808 POM_5V_GPU 82/92 POM_5V_CPU 164/249
RAM 1390/3964MB (lfb 8x4MB) SWAP 779/6078MB (cached 37MB) IRAM 0/252kB(lfb 252kB) CPU [8%@921,5%@921,off,off] EMC_FREQ 0%@1600 GR3D_FREQ 0%@614 APE 25 PLL@30C CPU@31C iwlwifi@32C PMIC@50C GPU@30C AO@41C thermal@30.5C POM_5V_IN 1689/1808 POM_5V_GPU 82/92 POM_5V_CPU 164/249
RAM 1388/3964MB (lfb 8x4MB) SWAP 779/6078MB (cached 37MB) IRAM 0/252kB(lfb 252kB) CPU [8%@921,5%@921,off,off] EMC_FREQ 0%@1600 GR3D_FREQ 0%@614 APE 25 PLL@29.5C CPU@31C iwlwifi@32C PMIC@50C GPU@30C AO@41C thermal@30.5C POM_5V_IN 1772/1808 POM_5V_GPU 82/92 POM_5V_CPU 164/249
RAM 1388/3964MB (lfb 8x4MB) SWAP 779/6078MB (cached 37MB) IRAM 0/252kB(lfb 252kB) CPU [8%@921,8%@921,off,off] EMC_FREQ 0%@1600 GR3D_FREQ 0%@614 APE 25 PLL@29.5C CPU@31C iwlwifi@32C PMIC@50C GPU@30C AO@40.5C thermal@30.75C POM_5V_IN 1689/1808 POM_5V_GPU 82/92 POM_5V_CPU 164/249
RAM 1388/3964MB (lfb 8x4MB) SWAP 779/6078MB (cached 37MB) IRAM 0/252kB(lfb 252kB) CPU [7%@921,7%@921,off,off] EMC_FREQ 0%@1600 GR3D_FREQ 0%@614 APE 25 PLL@30C CPU@31.5C iwlwifi@32C PMIC@50C GPU@29.5C AO@41C thermal@30.25C POM_5V_IN 1731/1808 POM_5V_GPU 82/92 POM_5V_CPU 164/249
RAM 1388/3964MB (lfb 8x4MB) SWAP 779/6078MB (cached 37MB) IRAM 0/252kB(lfb 252kB) CPU [7%@921,6%@921,off,off] EMC_FREQ 0%@1600 GR3D_FREQ 0%@614 APE 25 PLL@30C CPU@31C iwlwifi@32C PMIC@50C GPU@30C AO@41C thermal@30.25C POM_5V_IN 1731/1808 POM_5V_GPU 82/92 POM_5V_CPU 164/249
RAM 1390/3964MB (lfb 8x4MB) SWAP 779/6078MB (cached 37MB) IRAM 0/252kB(lfb 252kB) CPU [5%@921,8%@921,off,off] EMC_FREQ 0%@1600 GR3D_FREQ 0%@614 APE 25 PLL@30C CPU@31C iwlwifi@32C PMIC@50C GPU@29.5C AO@41C thermal@30.5C POM_5V_IN 1813/1808 POM_5V_GPU 82/92 POM_5V_CPU 246/249
RAM 1390/3964MB (lfb 8x4MB) SWAP 779/6078MB (cached 37MB) IRAM 0/252kB(lfb 252kB) CPU [6%@921,7%@921,off,off] EMC_FREQ 0%@1600 GR3D_FREQ 0%@614 APE 25 PLL@29.5C CPU@31C iwlwifi@32C PMIC@50C GPU@30C AO@40.5C thermal@30.5C POM_5V_IN 1689/1808 POM_5V_GPU 82/92 POM_5V_CPU 164/249
RAM 1388/3964MB (lfb 8x4MB) SWAP 779/6078MB (cached 37MB) IRAM 0/252kB(lfb 252kB) CPU [6%@921,8%@921,off,off] EMC_FREQ 0%@1600 GR3D_FREQ 0%@614 APE 25 PLL@29.5C CPU@31.5C iwlwifi@32C PMIC@50C GPU@29.5C AO@41C thermal@30.5C POM_5V_IN 1689/1808 POM_5V_GPU 82/92 POM_5V_CPU 164/249
RAM 1388/3964MB (lfb 8x4MB) SWAP 779/6078MB (cached 37MB) IRAM 0/252kB(lfb 252kB) CPU [7%@921,7%@921,off,off] EMC_FREQ 0%@1600 GR3D_FREQ 0%@614 APE 25 PLL@29.5C CPU@31C iwlwifi@32C PMIC@50C GPU@29.5C AO@41C thermal@30.75C POM_5V_IN 1731/1808 POM_5V_GPU 82/92 POM_5V_CPU 164/249
RAM 1390/3964MB (lfb 8x4MB) SWAP 779/6078MB (cached 37MB) IRAM 0/252kB(lfb 252kB) CPU [7%@921,6%@921,off,off] EMC_FREQ 0%@1600 GR3D_FREQ 0%@614 APE 25 PLL@29.5C CPU@31.5C iwlwifi@32C PMIC@50C GPU@29.5C AO@40.5C thermal@30.25C POM_5V_IN 1689/1808 POM_5V_GPU 82/92 POM_5V_CPU 164/249
RAM 1388/3964MB (lfb 8x4MB) SWAP 779/6078MB (cached 37MB) IRAM 0/252kB(lfb 252kB) CPU [8%@921,6%@921,off,off] EMC_FREQ 0%@1600 GR3D_FREQ 0%@614 APE 25 PLL@29.5C CPU@31.5C iwlwifi@32C PMIC@50C GPU@30C AO@40.5C thermal@30.5C POM_5V_IN 1689/1808 POM_5V_GPU 82/92 POM_5V_CPU 164/249
RAM 1388/3964MB (lfb 8x4MB) SWAP 779/6078MB (cached 37MB) IRAM 0/252kB(lfb 252kB) CPU [9%@921,4%@921,off,off] EMC_FREQ 0%@1600 GR3D_FREQ 0%@614 APE 25 PLL@29.5C CPU@31.5C iwlwifi@32C PMIC@50C GPU@30C AO@41C thermal@30.75C POM_5V_IN 1689/1808 POM_5V_GPU 82/92 POM_5V_CPU 164/249
RAM 1388/3964MB (lfb 8x4MB) SWAP 779/6078MB (cached 37MB) IRAM 0/252kB(lfb 252kB) CPU [6%@921,8%@921,off,off] EMC_FREQ 0%@1600 GR3D_FREQ 0%@614 APE 25 PLL@30C CPU@31.5C iwlwifi@32C PMIC@50C GPU@30C AO@40.5C thermal@30.5C POM_5V_IN 1689/1807 POM_5V_GPU 82/92 POM_5V_CPU 164/248
RAM 1390/3964MB (lfb 8x4MB) SWAP 779/6078MB (cached 37MB) IRAM 0/252kB(lfb 252kB) CPU [8%@921,6%@921,off,off] EMC_FREQ 0%@1600 GR3D_FREQ 0%@614 APE 25 PLL@30C CPU@31C iwlwifi@32C PMIC@50C GPU@30C AO@40.5C thermal@30.5C POM_5V_IN 1689/1807 POM_5V_GPU 82/92 POM_5V_CPU 164/248
RAM 1390/3964MB (lfb 8x4MB) SWAP 779/6078MB (cached 37MB) IRAM 0/252kB(lfb 252kB) CPU [6%@921,7%@921,off,off] EMC_FREQ 0%@1600 GR3D_FREQ 0%@614 APE 25 PLL@29.5C CPU@31C iwlwifi@32C PMIC@50C GPU@30C AO@40.5C thermal@30.75C POM_5V_IN 1689/1807 POM_5V_GPU 82/92 POM_5V_CPU 164/248
RAM 1386/3964MB (lfb 8x4MB) SWAP 779/6078MB (cached 37MB) IRAM 0/252kB(lfb 252kB) CPU [7%@921,6%@921,off,off] EMC_FREQ 0%@1600 GR3D_FREQ 0%@614 APE 25 PLL@29.5C CPU@31.5C iwlwifi@32C PMIC@50C GPU@30C AO@41C thermal@30.75C POM_5V_IN 1689/1807 POM_5V_GPU 82/92 POM_5V_CPU 164/248
RAM 1389/3964MB (lfb 8x4MB) SWAP 779/6078MB (cached 37MB) IRAM 0/252kB(lfb 252kB) CPU [7%@921,7%@921,off,off] EMC_FREQ 0%@1600 GR3D_FREQ 0%@614 APE 25 PLL@29.5C CPU@31.5C iwlwifi@32C PMIC@50C GPU@30C AO@40.5C thermal@30.5C POM_5V_IN 1813/1807 POM_5V_GPU 82/92 POM_5V_CPU 246/248
RAM 1390/3964MB (lfb 8x4MB) SWAP 779/6078MB (cached 37MB) IRAM 0/252kB(lfb 252kB) CPU [6%@921,7%@921,off,off] EMC_FREQ 0%@1600 GR3D_FREQ 0%@614 APE 25 PLL@30C CPU@31C iwlwifi@32C PMIC@50C GPU@29.5C AO@40.5C thermal@30.75C POM_5V_IN 1689/1807 POM_5V_GPU 82/92 POM_5V_CPU 164/248
RAM 1386/3964MB (lfb 8x4MB) SWAP 779/6078MB (cached 37MB) IRAM 0/252kB(lfb 252kB) CPU [7%@921,7%@921,off,off] EMC_FREQ 0%@1600 GR3D_FREQ 0%@614 APE 25 PLL@29.5C CPU@31C iwlwifi@32C PMIC@50C GPU@29.5C AO@40.5C thermal@30.25C POM_5V_IN 1689/1807 POM_5V_GPU 82/92 POM_5V_CPU 123/248
RAM 1389/3964MB (lfb 8x4MB) SWAP 779/6078MB (cached 37MB) IRAM 0/252kB(lfb 252kB) CPU [7%@921,6%@921,off,off] EMC_FREQ 0%@1600 GR3D_FREQ 0%@614 APE 25 PLL@30C CPU@31C iwlwifi@32C PMIC@50C GPU@30C AO@40.5C thermal@30.5C POM_5V_IN 1689/1807 POM_5V_GPU 82/92 POM_5V_CPU 123/248
RAM 1388/3964MB (lfb 8x4MB) SWAP 779/6078MB (cached 37MB) IRAM 0/252kB(lfb 252kB) CPU [5%@921,9%@921,off,off] EMC_FREQ 0%@1600 GR3D_FREQ 0%@614 APE 25 PLL@29.5C CPU@31.5C iwlwifi@32C PMIC@50C GPU@30C AO@41C thermal@31C POM_5V_IN 1689/1807 POM_5V_GPU 82/92 POM_5V_CPU 164/248
RAM 1388/3964MB (lfb 8x4MB) SWAP 779/6078MB (cached 37MB) IRAM 0/252kB(lfb 252kB) CPU [5%@921,7%@921,off,off] EMC_FREQ 0%@1600 GR3D_FREQ 0%@614 APE 25 PLL@30C CPU@31C iwlwifi@32C PMIC@50C GPU@30C AO@41C thermal@30.75C POM_5V_IN 1689/1807 POM_5V_GPU 82/92 POM_5V_CPU 164/248
RAM 1386/3964MB (lfb 8x4MB) SWAP 779/6078MB (cached 37MB) IRAM 0/252kB(lfb 252kB) CPU [8%@921,5%@921,off,off] EMC_FREQ 0%@1600 GR3D_FREQ 0%@614 APE 25 PLL@29.5C CPU@31C iwlwifi@32C PMIC@50C GPU@30C AO@40.5C thermal@30.5C POM_5V_IN 1731/1807 POM_5V_GPU 82/92 POM_5V_CPU 164/248
RAM 1385/3964MB (lfb 8x4MB) SWAP 779/6078MB (cached 37MB) IRAM 0/252kB(lfb 252kB) CPU [7%@921,7%@921,off,off] EMC_FREQ 0%@1600 GR3D_FREQ 0%@614 APE 25 PLL@30C CPU@31C iwlwifi@32C PMIC@50C GPU@30C AO@41C thermal@30.5C POM_5V_IN 1689/1807 POM_5V_GPU 82/92 POM_5V_CPU 164/248
RAM 1387/3964MB (lfb 8x4MB) SWAP 779/6078MB (cached 37MB) IRAM 0/252kB(lfb 252kB) CPU [7%@921,6%@921,off,off] EMC_FREQ 0%@1600 GR3D_FREQ 0%@614 APE 25 PLL@30C CPU@31C iwlwifi@32C PMIC@50C GPU@30C AO@40.5C thermal@30.5C POM_5V_IN 1689/1807 POM_5V_GPU 82/92 POM_5V_CPU 164/248
RAM 1390/3964MB (lfb 8x4MB) SWAP 779/6078MB (cached 37MB) IRAM 0/252kB(lfb 252kB) CPU [8%@921,7%@921,off,off] EMC_FREQ 0%@1600 GR3D_FREQ 0%@614 APE 25 PLL@29.5C CPU@31C iwlwifi@32C PMIC@50C GPU@30C AO@41C thermal@30.5C POM_5V_IN 1689/1806 POM_5V_GPU 82/92 POM_5V_CPU 164/248
RAM 1389/3964MB (lfb 8x4MB) SWAP 779/6078MB (cached 37MB) IRAM 0/252kB(lfb 252kB) CPU [10%@921,3%@921,off,off] EMC_FREQ 0%@1600 GR3D_FREQ 0%@614 APE 25 PLL@29.5C CPU@31C iwlwifi@32C PMIC@50C GPU@30C AO@40.5C thermal@30.5C POM_5V_IN 1687/1806 POM_5V_GPU 82/92 POM_5V_CPU 164/248
RAM 1386/3964MB (lfb 8x4MB) SWAP 779/6078MB (cached 37MB) IRAM 0/252kB(lfb 252kB) CPU [10%@921,4%@921,off,off] EMC_FREQ 0%@1600 GR3D_FREQ 0%@614 APE 25 PLL@29.5C CPU@31C iwlwifi@32C PMIC@50C GPU@30C AO@41C thermal@30.25C POM_5V_IN 1689/1806 POM_5V_GPU 82/92 POM_5V_CPU 164/248
RAM 1386/3964MB (lfb 8x4MB) SWAP 779/6078MB (cached 37MB) IRAM 0/252kB(lfb 252kB) CPU [4%@921,9%@921,off,off] EMC_FREQ 0%@1600 GR3D_FREQ 0%@614 APE 25 PLL@29.5C CPU@31C iwlwifi@32C PMIC@50C GPU@29.5C AO@41C thermal@30.75C POM_5V_IN 1813/1806 POM_5V_GPU 82/92 POM_5V_CPU 246/248
RAM 1391/3964MB (lfb 8x4MB) SWAP 779/6078MB (cached 37MB) IRAM 0/252kB(lfb 252kB) CPU [6%@921,8%@921,off,off] EMC_FREQ 0%@1600 GR3D_FREQ 0%@614 APE 25 PLL@29C CPU@31C iwlwifi@32C PMIC@50C GPU@30C AO@40.5C thermal@30.5C POM_5V_IN 1689/1806 POM_5V_GPU 82/92 POM_5V_CPU 164/248
RAM 1386/3964MB (lfb 8x4MB) SWAP 779/6078MB (cached 37MB) IRAM 0/252kB(lfb 252kB) CPU [6%@921,6%@921,off,off] EMC_FREQ 0%@1600 GR3D_FREQ 0%@614 APE 25 PLL@29.5C CPU@31C iwlwifi@32C PMIC@50C GPU@30C AO@41C thermal@30.5C POM_5V_IN 1687/1806 POM_5V_GPU 82/92 POM_5V_CPU 164/247
RAM 1386/3964MB (lfb 8x4MB) SWAP 779/6078MB (cached 37MB) IRAM 0/252kB(lfb 252kB) CPU [6%@921,7%@921,off,off] EMC_FREQ 0%@1600 GR3D_FREQ 0%@614 APE 25 PLL@29.5C CPU@31C iwlwifi@32C PMIC@50C GPU@30C AO@40.5C thermal@30.75C POM_5V_IN 1731/1806 POM_5V_GPU 82/92 POM_5V_CPU 164/247
RAM 1388/3964MB (lfb 8x4MB) SWAP 779/6078MB (cached 37MB) IRAM 0/252kB(lfb 252kB) CPU [5%@921,8%@921,off,off] EMC_FREQ 0%@1600 GR3D_FREQ 0%@614 APE 25 PLL@30C CPU@31C iwlwifi@32C PMIC@50C GPU@30C AO@40.5C thermal@30.5C POM_5V_IN 1689/1806 POM_5V_GPU 82/92 POM_5V_CPU 123/247
RAM 1388/3964MB (lfb 8x4MB) SWAP 779/6078MB (cached 37MB) IRAM 0/252kB(lfb 252kB) CPU [7%@921,6%@921,off,off] EMC_FREQ 0%@1600 GR3D_FREQ 0%@614 APE 25 PLL@29.5C CPU@31.5C iwlwifi@32C PMIC@50C GPU@29.5C AO@40.5C thermal@30.75C POM_5V_IN 1689/1806 POM_5V_GPU 82/92 POM_5V_CPU 164/247
RAM 1388/3964MB (lfb 8x4MB) SWAP 779/6078MB (cached 37MB) IRAM 0/252kB(lfb 252kB) CPU [6%@921,7%@921,off,off] EMC_FREQ 0%@1600 GR3D_FREQ 0%@614 APE 25 PLL@29.5C CPU@31.5C iwlwifi@32C PMIC@50C GPU@30C AO@40.5C thermal@30.5C POM_5V_IN 1689/1806 POM_5V_GPU 82/92 POM_5V_CPU 164/247
RAM 1386/3964MB (lfb 8x4MB) SWAP 779/6078MB (cached 37MB) IRAM 0/252kB(lfb 252kB) CPU [6%@921,8%@921,off,off] EMC_FREQ 0%@1600 GR3D_FREQ 0%@614 APE 25 PLL@29.5C CPU@31.5C iwlwifi@32C PMIC@50C GPU@30C AO@40.5C thermal@30.75C POM_5V_IN 1689/1806 POM_5V_GPU 82/92 POM_5V_CPU 164/247
RAM 1392/3964MB (lfb 8x4MB) SWAP 779/6078MB (cached 37MB) IRAM 0/252kB(lfb 252kB) CPU [7%@921,7%@921,off,off] EMC_FREQ 0%@1600 GR3D_FREQ 0%@614 APE 25 PLL@30C CPU@31C iwlwifi@32C PMIC@50C GPU@30C AO@40.5C thermal@30.5C POM_5V_IN 1689/1806 POM_5V_GPU 82/92 POM_5V_CPU 164/247
RAM 1386/3964MB (lfb 8x4MB) SWAP 779/6078MB (cached 37MB) IRAM 0/252kB(lfb 252kB) CPU [8%@921,7%@921,off,off] EMC_FREQ 0%@1600 GR3D_FREQ 0%@614 APE 25 PLL@29.5C CPU@31.5C iwlwifi@32C PMIC@50C GPU@30C AO@41C thermal@30.5C POM_5V_IN 1689/1806 POM_5V_GPU 82/92 POM_5V_CPU 164/247
RAM 1386/3964MB (lfb 8x4MB) SWAP 779/6078MB (cached 37MB) IRAM 0/252kB(lfb 252kB) CPU [8%@921,5%@921,off,off] EMC_FREQ 0%@1600 GR3D_FREQ 0%@614 APE 25 PLL@30C CPU@31C iwlwifi@32C PMIC@50C GPU@29.5C AO@40.5C thermal@30.5C POM_5V_IN 1689/1806 POM_5V_GPU 82/92 POM_5V_CPU 164/247
RAM 1390/3964MB (lfb 8x4MB) SWAP 779/6078MB (cached 37MB) IRAM 0/252kB(lfb 252kB) CPU [7%@921,6%@921,off,off] EMC_FREQ 0%@1600 GR3D_FREQ 0%@614 APE 25 PLL@29.5C CPU@31C iwlwifi@32C PMIC@50C GPU@29.5C AO@41C thermal@30.5C POM_5V_IN 1687/1805 POM_5V_GPU 82/92 POM_5V_CPU 164/247
RAM 1388/3964MB (lfb 8x4MB) SWAP 779/6078MB (cached 37MB) IRAM 0/252kB(lfb 252kB) CPU [10%@921,4%@921,off,off] EMC_FREQ 0%@1600 GR3D_FREQ 0%@614 APE 25 PLL@30C CPU@31C iwlwifi@32C PMIC@50C GPU@29.5C AO@41C thermal@30.25C POM_5V_IN 1689/1805 POM_5V_GPU 82/92 POM_5V_CPU 164/247
RAM 1389/3964MB (lfb 8x4MB) SWAP 779/6078MB (cached 37MB) IRAM 0/252kB(lfb 252kB) CPU [7%@921,6%@921,off,off] EMC_FREQ 0%@1600 GR3D_FREQ 0%@614 APE 25 PLL@29.5C CPU@31C iwlwifi@32C PMIC@50C GPU@30C AO@40.5C thermal@30.75C POM_5V_IN 1689/1805 POM_5V_GPU 82/92 POM_5V_CPU 164/247
RAM 1390/3964MB (lfb 8x4MB) SWAP 779/6078MB (cached 37MB) IRAM 0/252kB(lfb 252kB) CPU [7%@921,7%@921,off,off] EMC_FREQ 0%@1600 GR3D_FREQ 0%@614 APE 25 PLL@30C CPU@31C iwlwifi@32C PMIC@50C GPU@30C AO@40.5C thermal@30.5C POM_5V_IN 1689/1805 POM_5V_GPU 82/92 POM_5V_CPU 164/247
RAM 1388/3964MB (lfb 8x4MB) SWAP 779/6078MB (cached 37MB) IRAM 0/252kB(lfb 252kB) CPU [9%@921,4%@921,off,off] EMC_FREQ 0%@1600 GR3D_FREQ 0%@614 APE 25 PLL@29.5C CPU@31C iwlwifi@32C PMIC@50C GPU@30C AO@40.5C thermal@30.25C POM_5V_IN 1689/1805 POM_5V_GPU 82/92 POM_5V_CPU 164/247
RAM 1388/3964MB (lfb 8x4MB) SWAP 779/6078MB (cached 37MB) IRAM 0/252kB(lfb 252kB) CPU [5%@921,9%@921,off,off] EMC_FREQ 0%@1600 GR3D_FREQ 0%@614 APE 25 PLL@29.5C CPU@31.5C iwlwifi@32C PMIC@50C GPU@30C AO@40.5C thermal@30.25C POM_5V_IN 1689/1805 POM_5V_GPU 82/92 POM_5V_CPU 164/247
RAM 1385/3964MB (lfb 8x4MB) SWAP 779/6078MB (cached 37MB) IRAM 0/252kB(lfb 252kB) CPU [7%@921,7%@921,off,off] EMC_FREQ 0%@1600 GR3D_FREQ 0%@614 APE 25 PLL@30C CPU@31C iwlwifi@32C PMIC@50C GPU@30C AO@41C thermal@30.5C POM_5V_IN 1689/1805 POM_5V_GPU 82/92 POM_5V_CPU 164/247
RAM 1388/3964MB (lfb 8x4MB) SWAP 779/6078MB (cached 37MB) IRAM 0/252kB(lfb 252kB) CPU [8%@921,5%@921,off,off] EMC_FREQ 0%@1600 GR3D_FREQ 0%@614 APE 25 PLL@30C CPU@31.5C iwlwifi@32C PMIC@50C GPU@30C AO@41C thermal@30.5C POM_5V_IN 1689/1805 POM_5V_GPU 82/92 POM_5V_CPU 164/246
RAM 1386/3964MB (lfb 8x4MB) SWAP 779/6078MB (cached 37MB) IRAM 0/252kB(lfb 252kB) CPU [7%@921,7%@921,off,off] EMC_FREQ 0%@1600 GR3D_FREQ 0%@614 APE 25 PLL@30C CPU@31C iwlwifi@32C PMIC@50C GPU@29.5C AO@41C thermal@30.25C POM_5V_IN 1689/1805 POM_5V_GPU 82/92 POM_5V_CPU 164/246
RAM 1388/3964MB (lfb 8x4MB) SWAP 779/6078MB (cached 36MB) IRAM 0/252kB(lfb 252kB) CPU [5%@921,9%@921,off,off] EMC_FREQ 0%@1600 GR3D_FREQ 0%@614 APE 25 PLL@30C CPU@31C iwlwifi@32C PMIC@50C GPU@30C AO@41C thermal@30.5C POM_5V_IN 1689/1805 POM_5V_GPU 82/92 POM_5V_CPU 164/246
RAM 1386/3964MB (lfb 8x4MB) SWAP 779/6078MB (cached 36MB) IRAM 0/252kB(lfb 252kB) CPU [7%@921,6%@921,off,off] EMC_FREQ 0%@1600 GR3D_FREQ 0%@614 APE 25 PLL@30C CPU@31C iwlwifi@32C PMIC@50C GPU@29.5C AO@40.5C thermal@30.5C POM_5V_IN 1689/1805 POM_5V_GPU 82/92 POM_5V_CPU 164/246
RAM 1386/3964MB (lfb 8x4MB) SWAP 779/6078MB (cached 36MB) IRAM 0/252kB(lfb 252kB) CPU [6%@921,7%@921,off,off] EMC_FREQ 0%@1600 GR3D_FREQ 0%@614 APE 25 PLL@29.5C CPU@31C iwlwifi@32C PMIC@50C GPU@29.5C AO@41C thermal@30.5C POM_5V_IN 1689/1805 POM_5V_GPU 82/92 POM_5V_CPU 164/246
RAM 1388/3964MB (lfb 8x4MB) SWAP 779/6078MB (cached 36MB) IRAM 0/252kB(lfb 252kB) CPU [5%@921,8%@921,off,off] EMC_FREQ 0%@1600 GR3D_FREQ 0%@614 APE 25 PLL@30C CPU@31C iwlwifi@32C PMIC@50C GPU@29.5C AO@41C thermal@30.5C POM_5V_IN 1689/1804 POM_5V_GPU 82/92 POM_5V_CPU 164/246
RAM 1386/3964MB (lfb 8x4MB) SWAP 779/6078MB (cached 36MB) IRAM 0/252kB(lfb 252kB) CPU [5%@921,9%@921,off,off] EMC_FREQ 0%@1600 GR3D_FREQ 0%@614 APE 25 PLL@29.5C CPU@31.5C iwlwifi@32C PMIC@50C GPU@29.5C AO@41C thermal@30.5C POM_5V_IN 1731/1804 POM_5V_GPU 82/92 POM_5V_CPU 164/246
RAM 1390/3964MB (lfb 8x4MB) SWAP 779/6078MB (cached 36MB) IRAM 0/252kB(lfb 252kB) CPU [6%@921,7%@921,off,off] EMC_FREQ 0%@1600 GR3D_FREQ 0%@614 APE 25 PLL@30C CPU@31C iwlwifi@32C PMIC@50C GPU@30C AO@40.5C thermal@30.75C POM_5V_IN 1689/1804 POM_5V_GPU 82/92 POM_5V_CPU 164/246
RAM 1390/3964MB (lfb 8x4MB) SWAP 779/6078MB (cached 36MB) IRAM 0/252kB(lfb 252kB) CPU [5%@921,8%@921,off,off] EMC_FREQ 0%@1600 GR3D_FREQ 0%@614 APE 25 PLL@30C CPU@31.5C iwlwifi@32C PMIC@50C GPU@29.5C AO@41C thermal@30.5C POM_5V_IN 1689/1804 POM_5V_GPU 82/92 POM_5V_CPU 164/246
RAM 1386/3964MB (lfb 8x4MB) SWAP 779/6078MB (cached 36MB) IRAM 0/252kB(lfb 252kB) CPU [7%@921,7%@921,off,off] EMC_FREQ 0%@1600 GR3D_FREQ 0%@614 APE 25 PLL@29.5C CPU@31C iwlwifi@32C PMIC@50C GPU@29.5C AO@41C thermal@30.75C POM_5V_IN 1689/1804 POM_5V_GPU 82/92 POM_5V_CPU 164/246
RAM 1388/3964MB (lfb 8x4MB) SWAP 779/6078MB (cached 36MB) IRAM 0/252kB(lfb 252kB) CPU [7%@921,6%@921,off,off] EMC_FREQ 0%@1600 GR3D_FREQ 0%@614 APE 25 PLL@29.5C CPU@31.5C iwlwifi@32C PMIC@50C GPU@30C AO@41C thermal@30.25C POM_5V_IN 1689/1804 POM_5V_GPU 82/92 POM_5V_CPU 164/246
RAM 1388/3964MB (lfb 8x4MB) SWAP 779/6078MB (cached 36MB) IRAM 0/252kB(lfb 252kB) CPU [6%@921,8%@921,off,off] EMC_FREQ 0%@1600 GR3D_FREQ 0%@614 APE 25 PLL@29.5C CPU@31C iwlwifi@32C PMIC@50C GPU@30C AO@41C thermal@30.5C POM_5V_IN 1689/1804 POM_5V_GPU 82/92 POM_5V_CPU 164/246
RAM 1386/3964MB (lfb 8x4MB) SWAP 779/6078MB (cached 36MB) IRAM 0/252kB(lfb 252kB) CPU [7%@921,6%@921,off,off] EMC_FREQ 0%@1600 GR3D_FREQ 0%@614 APE 25 PLL@29.5C CPU@31.5C iwlwifi@32C PMIC@50C GPU@30C AO@40.5C thermal@30.5C POM_5V_IN 1689/1804 POM_5V_GPU 82/92 POM_5V_CPU 164/246
RAM 1390/3964MB (lfb 8x4MB) SWAP 779/6078MB (cached 36MB) IRAM 0/252kB(lfb 252kB) CPU [5%@921,8%@921,off,off] EMC_FREQ 0%@1600 GR3D_FREQ 0%@614 APE 25 PLL@30C CPU@31.5C iwlwifi@32C PMIC@50C GPU@29.5C AO@40.5C thermal@30.75C POM_5V_IN 1689/1804 POM_5V_GPU 82/92 POM_5V_CPU 164/246
RAM 1390/3964MB (lfb 8x4MB) SWAP 779/6078MB (cached 36MB) IRAM 0/252kB(lfb 252kB) CPU [8%@921,6%@921,off,off] EMC_FREQ 0%@1600 GR3D_FREQ 0%@614 APE 25 PLL@29.5C CPU@31C iwlwifi@32C PMIC@50C GPU@30C AO@40.5C thermal@30.5C POM_5V_IN 1689/1804 POM_5V_GPU 82/92 POM_5V_CPU 164/246
RAM 1386/3964MB (lfb 8x4MB) SWAP 779/6078MB (cached 36MB) IRAM 0/252kB(lfb 252kB) CPU [10%@921,4%@921,off,off] EMC_FREQ 0%@1600 GR3D_FREQ 0%@614 APE 25 PLL@29.5C CPU@31C iwlwifi@32C PMIC@50C GPU@30C AO@41C thermal@30.5C POM_5V_IN 1689/1804 POM_5V_GPU 82/92 POM_5V_CPU 164/246
RAM 1388/3964MB (lfb 8x4MB) SWAP 779/6078MB (cached 36MB) IRAM 0/252kB(lfb 252kB) CPU [6%@921,7%@921,off,off] EMC_FREQ 0%@1600 GR3D_FREQ 0%@614 APE 25 PLL@29.5C CPU@31C iwlwifi@32C PMIC@50C GPU@29.5C AO@40.5C thermal@30.25C POM_5V_IN 1934/1804 POM_5V_GPU 82/92 POM_5V_CPU 369/246
RAM 1386/3964MB (lfb 8x4MB) SWAP 779/6078MB (cached 36MB) IRAM 0/252kB(lfb 252kB) CPU [8%@921,5%@921,off,off] EMC_FREQ 0%@1600 GR3D_FREQ 0%@614 APE 25 PLL@29.5C CPU@31C iwlwifi@32C PMIC@50C GPU@30C AO@41C thermal@30.5C POM_5V_IN 1689/1804 POM_5V_GPU 82/92 POM_5V_CPU 164/246
RAM 1388/3964MB (lfb 8x4MB) SWAP 779/6078MB (cached 36MB) IRAM 0/252kB(lfb 252kB) CPU [6%@921,7%@921,off,off] EMC_FREQ 0%@1600 GR3D_FREQ 0%@614 APE 25 PLL@29.5C CPU@31C iwlwifi@32C PMIC@50C GPU@30C AO@41C thermal@30.5C POM_5V_IN 1689/1804 POM_5V_GPU 82/92 POM_5V_CPU 164/246
RAM 1386/3964MB (lfb 8x4MB) SWAP 779/6078MB (cached 36MB) IRAM 0/252kB(lfb 252kB) CPU [4%@921,9%@921,off,off] EMC_FREQ 0%@1600 GR3D_FREQ 0%@614 APE 25 PLL@29.5C CPU@31C iwlwifi@32C PMIC@50C GPU@30C AO@40.5C thermal@30.25C POM_5V_IN 1689/1804 POM_5V_GPU 82/92 POM_5V_CPU 164/246
RAM 1390/3964MB (lfb 8x4MB) SWAP 779/6078MB (cached 36MB) IRAM 0/252kB(lfb 252kB) CPU [5%@921,8%@921,off,off] EMC_FREQ 0%@1600 GR3D_FREQ 0%@614 APE 25 PLL@29.5C CPU@31C iwlwifi@32C PMIC@50C GPU@29.5C AO@40.5C thermal@30.5C POM_5V_IN 1689/1803 POM_5V_GPU 82/92 POM_5V_CPU 164/245
RAM 1388/3964MB (lfb 8x4MB) SWAP 779/6078MB (cached 36MB) IRAM 0/252kB(lfb 252kB) CPU [5%@921,8%@921,off,off] EMC_FREQ 0%@1600 GR3D_FREQ 0%@614 APE 25 PLL@29.5C CPU@31.5C iwlwifi@32C PMIC@50C GPU@29.5C AO@41C thermal@30.25C POM_5V_IN 1731/1803 POM_5V_GPU 82/92 POM_5V_CPU 164/245
RAM 1386/3964MB (lfb 8x4MB) SWAP 779/6078MB (cached 36MB) IRAM 0/252kB(lfb 252kB) CPU [7%@921,6%@921,off,off] EMC_FREQ 0%@1600 GR3D_FREQ 0%@614 APE 25 PLL@29.5C CPU@31C iwlwifi@32C PMIC@50C GPU@30C AO@40.5C thermal@30.5C POM_5V_IN 1689/1803 POM_5V_GPU 82/92 POM_5V_CPU 123/245
RAM 1388/3964MB (lfb 8x4MB) SWAP 779/6078MB (cached 36MB) IRAM 0/252kB(lfb 252kB) CPU [6%@921,7%@921,off,off] EMC_FREQ 0%@1600 GR3D_FREQ 0%@614 APE 25 PLL@30C CPU@31C iwlwifi@34C PMIC@50C GPU@30C AO@41C thermal@30.25C POM_5V_IN 1689/1803 POM_5V_GPU 82/92 POM_5V_CPU 164/245
RAM 1388/3964MB (lfb 8x4MB) SWAP 779/6078MB (cached 36MB) IRAM 0/252kB(lfb 252kB) CPU [5%@921,8%@921,off,off] EMC_FREQ 0%@1600 GR3D_FREQ 0%@614 APE 25 PLL@30C CPU@31C iwlwifi@32C PMIC@50C GPU@29.5C AO@41C thermal@30.25C POM_5V_IN 1689/1803 POM_5V_GPU 82/92 POM_5V_CPU 164/245
RAM 1388/3964MB (lfb 8x4MB) SWAP 779/6078MB (cached 36MB) IRAM 0/252kB(lfb 252kB) CPU [7%@921,7%@921,off,off] EMC_FREQ 0%@1600 GR3D_FREQ 0%@614 APE 25 PLL@30C CPU@31C iwlwifi@32C PMIC@50C GPU@30C AO@40.5C thermal@30.25C POM_5V_IN 1689/1803 POM_5V_GPU 82/92 POM_5V_CPU 164/245
RAM 1390/3964MB (lfb 8x4MB) SWAP 779/6078MB (cached 36MB) IRAM 0/252kB(lfb 252kB) CPU [5%@921,8%@921,off,off] EMC_FREQ 0%@1600 GR3D_FREQ 0%@614 APE 25 PLL@30C CPU@31.5C iwlwifi@32C PMIC@50C GPU@29.5C AO@40.5C thermal@30.25C POM_5V_IN 1689/1803 POM_5V_GPU 82/92 POM_5V_CPU 164/245
RAM 1388/3964MB (lfb 8x4MB) SWAP 779/6078MB (cached 36MB) IRAM 0/252kB(lfb 252kB) CPU [7%@921,6%@921,off,off] EMC_FREQ 0%@1600 GR3D_FREQ 0%@614 APE 25 PLL@30C CPU@31C iwlwifi@32C PMIC@50C GPU@29.5C AO@40.5C thermal@30.5C POM_5V_IN 1689/1803 POM_5V_GPU 82/92 POM_5V_CPU 164/245
RAM 1390/3964MB (lfb 8x4MB) SWAP 779/6078MB (cached 36MB) IRAM 0/252kB(lfb 252kB) CPU [8%@921,5%@921,off,off] EMC_FREQ 0%@1600 GR3D_FREQ 0%@614 APE 25 PLL@30C CPU@31.5C iwlwifi@32C PMIC@50C GPU@29.5C AO@40.5C thermal@30.5C POM_5V_IN 1689/1803 POM_5V_GPU 82/92 POM_5V_CPU 164/245
RAM 1390/3964MB (lfb 8x4MB) SWAP 779/6078MB (cached 36MB) IRAM 0/252kB(lfb 252kB) CPU [10%@921,3%@921,off,off] EMC_FREQ 0%@1600 GR3D_FREQ 0%@614 APE 25 PLL@29.5C CPU@31C iwlwifi@32C PMIC@50C GPU@29.5C AO@40.5C thermal@30.5C POM_5V_IN 1689/1803 POM_5V_GPU 82/92 POM_5V_CPU 164/245
RAM 1386/3964MB (lfb 8x4MB) SWAP 779/6078MB (cached 36MB) IRAM 0/252kB(lfb 252kB) CPU [5%@921,9%@921,off,off] EMC_FREQ 0%@1600 GR3D_FREQ 0%@614 APE 25 PLL@29.5C CPU@31C iwlwifi@32C PMIC@50C GPU@29.5C AO@40.5C thermal@30.5C POM_5V_IN 1689/1803 POM_5V_GPU 82/92 POM_5V_CPU 123/245
RAM 1392/3964MB (lfb 8x4MB) SWAP 779/6078MB (cached 36MB) IRAM 0/252kB(lfb 252kB) CPU [7%@921,5%@921,off,off] EMC_FREQ 0%@1600 GR3D_FREQ 0%@614 APE 25 PLL@30C CPU@31C iwlwifi@32C PMIC@50C GPU@30C AO@41C thermal@30.5C POM_5V_IN 1689/1803 POM_5V_GPU 82/92 POM_5V_CPU 164/245
RAM 1390/3964MB (lfb 8x4MB) SWAP 779/6078MB (cached 36MB) IRAM 0/252kB(lfb 252kB) CPU [5%@921,8%@921,off,off] EMC_FREQ 0%@1600 GR3D_FREQ 0%@614 APE 25 PLL@30C CPU@31C iwlwifi@32C PMIC@50C GPU@30C AO@41C thermal@30.75C POM_5V_IN 1731/1803 POM_5V_GPU 82/92 POM_5V_CPU 164/245
RAM 1390/3964MB (lfb 8x4MB) SWAP 779/6078MB (cached 36MB) IRAM 0/252kB(lfb 252kB) CPU [5%@921,7%@921,off,off] EMC_FREQ 0%@1600 GR3D_FREQ 0%@614 APE 25 PLL@30C CPU@31C iwlwifi@32C PMIC@50C GPU@30C AO@40.5C thermal@30.5C POM_5V_IN 1851/1803 POM_5V_GPU 82/92 POM_5V_CPU 246/245
RAM 1388/3964MB (lfb 8x4MB) SWAP 779/6078MB (cached 36MB) IRAM 0/252kB(lfb 252kB) CPU [8%@921,5%@921,off,off] EMC_FREQ 0%@1600 GR3D_FREQ 0%@614 APE 25 PLL@29.5C CPU@31C iwlwifi@32C PMIC@50C GPU@30C AO@40.5C thermal@30.5C POM_5V_IN 1689/1803 POM_5V_GPU 82/92 POM_5V_CPU 164/245
RAM 1390/3964MB (lfb 8x4MB) SWAP 779/6078MB (cached 36MB) IRAM 0/252kB(lfb 252kB) CPU [6%@921,7%@921,off,off] EMC_FREQ 0%@1600 GR3D_FREQ 0%@614 APE 25 PLL@29.5C CPU@31C iwlwifi@32C PMIC@50C GPU@30C AO@40.5C thermal@30.5C POM_5V_IN 1689/1802 POM_5V_GPU 82/92 POM_5V_CPU 164/245
RAM 1386/3964MB (lfb 8x4MB) SWAP 779/6078MB (cached 36MB) IRAM 0/252kB(lfb 252kB) CPU [8%@921,6%@921,off,off] EMC_FREQ 0%@1600 GR3D_FREQ 0%@614 APE 25 PLL@29.5C CPU@31C iwlwifi@32C PMIC@50C GPU@30C AO@41C thermal@30.75C POM_5V_IN 1689/1802 POM_5V_GPU 82/92 POM_5V_CPU 164/245
RAM 1388/3964MB (lfb 8x4MB) SWAP 779/6078MB (cached 36MB) IRAM 0/252kB(lfb 252kB) CPU [7%@921,6%@921,off,off] EMC_FREQ 0%@1600 GR3D_FREQ 0%@614 APE 25 PLL@30C CPU@31.5C iwlwifi@32C PMIC@50C GPU@30C AO@40.5C thermal@30.5C POM_5V_IN 1687/1802 POM_5V_GPU 82/92 POM_5V_CPU 164/245
RAM 1386/3964MB (lfb 8x4MB) SWAP 779/6078MB (cached 36MB) IRAM 0/252kB(lfb 252kB) CPU [8%@921,6%@921,off,off] EMC_FREQ 0%@1600 GR3D_FREQ 0%@614 APE 25 PLL@30C CPU@31C iwlwifi@32C PMIC@50C GPU@30C AO@40.5C thermal@30.5C POM_5V_IN 1689/1802 POM_5V_GPU 82/92 POM_5V_CPU 164/244
RAM 1390/3964MB (lfb 8x4MB) SWAP 779/6078MB (cached 36MB) IRAM 0/252kB(lfb 252kB) CPU [5%@921,8%@921,off,off] EMC_FREQ 0%@1600 GR3D_FREQ 0%@614 APE 25 PLL@30C CPU@31C iwlwifi@32C PMIC@50C GPU@30C AO@40.5C thermal@30.5C POM_5V_IN 1689/1802 POM_5V_GPU 82/92 POM_5V_CPU 164/244
RAM 1386/3964MB (lfb 8x4MB) SWAP 779/6078MB (cached 36MB) IRAM 0/252kB(lfb 252kB) CPU [7%@921,7%@921,off,off] EMC_FREQ 0%@1600 GR3D_FREQ 0%@614 APE 25 PLL@30C CPU@31C iwlwifi@32C PMIC@50C GPU@29.5C AO@40.5C thermal@30.5C POM_5V_IN 1689/1802 POM_5V_GPU 82/92 POM_5V_CPU 164/244
RAM 1388/3964MB (lfb 8x4MB) SWAP 779/6078MB (cached 36MB) IRAM 0/252kB(lfb 252kB) CPU [7%@921,7%@921,off,off] EMC_FREQ 0%@1600 GR3D_FREQ 0%@614 APE 25 PLL@29.5C CPU@31.5C iwlwifi@32C PMIC@50C GPU@30C AO@41C thermal@30.5C POM_5V_IN 1689/1802 POM_5V_GPU 82/92 POM_5V_CPU 164/244
RAM 1388/3964MB (lfb 8x4MB) SWAP 779/6078MB (cached 36MB) IRAM 0/252kB(lfb 252kB) CPU [6%@921,8%@921,off,off] EMC_FREQ 0%@1600 GR3D_FREQ 0%@614 APE 25 PLL@29.5C CPU@31.5C iwlwifi@32C PMIC@50C GPU@30C AO@41C thermal@30.75C POM_5V_IN 1892/1802 POM_5V_GPU 82/92 POM_5V_CPU 164/244
RAM 1386/3964MB (lfb 8x4MB) SWAP 779/6078MB (cached 36MB) IRAM 0/252kB(lfb 252kB) CPU [7%@921,7%@921,off,off] EMC_FREQ 0%@1600 GR3D_FREQ 0%@614 APE 25 PLL@30C CPU@31C iwlwifi@32C PMIC@50C GPU@30C AO@41C thermal@30.5C POM_5V_IN 1689/1802 POM_5V_GPU 82/92 POM_5V_CPU 123/244
RAM 1386/3964MB (lfb 8x4MB) SWAP 779/6078MB (cached 36MB) IRAM 0/252kB(lfb 252kB) CPU [5%@921,8%@921,off,off] EMC_FREQ 0%@1600 GR3D_FREQ 0%@614 APE 25 PLL@30C CPU@31C iwlwifi@32C PMIC@50C GPU@30C AO@41C thermal@30.75C POM_5V_IN 1689/1802 POM_5V_GPU 82/92 POM_5V_CPU 164/244
RAM 1390/3964MB (lfb 8x4MB) SWAP 779/6078MB (cached 36MB) IRAM 0/252kB(lfb 252kB) CPU [10%@921,4%@921,off,off] EMC_FREQ 0%@1600 GR3D_FREQ 0%@614 APE 25 PLL@30C CPU@31.5C iwlwifi@32C PMIC@50C GPU@30C AO@41C thermal@30.5C POM_5V_IN 1689/1802 POM_5V_GPU 82/92 POM_5V_CPU 164/244
RAM 1387/3964MB (lfb 8x4MB) SWAP 779/6078MB (cached 36MB) IRAM 0/252kB(lfb 252kB) CPU [5%@921,8%@921,off,off] EMC_FREQ 0%@1600 GR3D_FREQ 0%@614 APE 25 PLL@30C CPU@31C iwlwifi@32C PMIC@50C GPU@30C AO@41C thermal@30.5C POM_5V_IN 1689/1802 POM_5V_GPU 82/92 POM_5V_CPU 164/244
RAM 1390/3964MB (lfb 8x4MB) SWAP 779/6078MB (cached 36MB) IRAM 0/252kB(lfb 252kB) CPU [7%@921,8%@921,off,off] EMC_FREQ 0%@1600 GR3D_FREQ 0%@614 APE 25 PLL@30C CPU@31C iwlwifi@32C PMIC@50C GPU@30C AO@40.5C thermal@30.75C POM_5V_IN 1689/1802 POM_5V_GPU 82/92 POM_5V_CPU 164/244
RAM 1390/3964MB (lfb 8x4MB) SWAP 779/6078MB (cached 36MB) IRAM 0/252kB(lfb 252kB) CPU [7%@921,6%@921,off,off] EMC_FREQ 0%@1600 GR3D_FREQ 0%@614 APE 25 PLL@29.5C CPU@31.5C iwlwifi@32C PMIC@50C GPU@30C AO@41C thermal@30.75C POM_5V_IN 1689/1802 POM_5V_GPU 82/92 POM_5V_CPU 164/244
RAM 1390/3964MB (lfb 8x4MB) SWAP 779/6078MB (cached 36MB) IRAM 0/252kB(lfb 252kB) CPU [7%@921,7%@921,off,off] EMC_FREQ 0%@1600 GR3D_FREQ 0%@614 APE 25 PLL@29.5C CPU@31.5C iwlwifi@32C PMIC@50C GPU@30C AO@40.5C thermal@30.75C POM_5V_IN 1689/1802 POM_5V_GPU 82/92 POM_5V_CPU 164/244
RAM 1388/3964MB (lfb 8x4MB) SWAP 779/6078MB (cached 36MB) IRAM 0/252kB(lfb 252kB) CPU [4%@921,9%@921,off,off] EMC_FREQ 0%@1600 GR3D_FREQ 0%@614 APE 25 PLL@30C CPU@31.5C iwlwifi@32C PMIC@50C GPU@30C AO@41C thermal@30.75C POM_5V_IN 1689/1801 POM_5V_GPU 82/92 POM_5V_CPU 164/244
RAM 1388/3964MB (lfb 8x4MB) SWAP 779/6078MB (cached 36MB) IRAM 0/252kB(lfb 252kB) CPU [9%@921,5%@921,off,off] EMC_FREQ 0%@1600 GR3D_FREQ 0%@614 APE 25 PLL@30C CPU@31.5C iwlwifi@32C PMIC@50C GPU@30C AO@41C thermal@30.25C POM_5V_IN 1689/1801 POM_5V_GPU 82/92 POM_5V_CPU 164/244
RAM 1386/3964MB (lfb 8x4MB) SWAP 779/6078MB (cached 36MB) IRAM 0/252kB(lfb 252kB) CPU [8%@921,5%@921,off,off] EMC_FREQ 0%@1600 GR3D_FREQ 0%@614 APE 25 PLL@30C CPU@31C iwlwifi@32C PMIC@50C GPU@30C AO@40.5C thermal@30.5C POM_5V_IN 1689/1801 POM_5V_GPU 82/92 POM_5V_CPU 164/244
RAM 1390/3964MB (lfb 8x4MB) SWAP 779/6078MB (cached 36MB) IRAM 0/252kB(lfb 252kB) CPU [7%@921,6%@921,off,off] EMC_FREQ 0%@1600 GR3D_FREQ 0%@614 APE 25 PLL@30C CPU@31.5C iwlwifi@32C PMIC@50C GPU@30C AO@40.5C thermal@30.5C POM_5V_IN 1687/1801 POM_5V_GPU 82/92 POM_5V_CPU 164/244
RAM 1388/3964MB (lfb 8x4MB) SWAP 779/6078MB (cached 36MB) IRAM 0/252kB(lfb 252kB) CPU [8%@921,5%@921,off,off] EMC_FREQ 0%@1600 GR3D_FREQ 0%@614 APE 25 PLL@29.5C CPU@31.5C iwlwifi@32C PMIC@50C GPU@30C AO@41C thermal@30.5C POM_5V_IN 1689/1801 POM_5V_GPU 82/92 POM_5V_CPU 164/244
RAM 1394/3964MB (lfb 8x4MB) SWAP 779/6078MB (cached 36MB) IRAM 0/252kB(lfb 252kB) CPU [6%@921,8%@921,off,off] EMC_FREQ 0%@1600 GR3D_FREQ 0%@614 APE 25 PLL@29.5C CPU@31.5C iwlwifi@32C PMIC@50C GPU@30C AO@40.5C thermal@30.5C POM_5V_IN 1689/1801 POM_5V_GPU 82/92 POM_5V_CPU 164/244
RAM 1390/3964MB (lfb 8x4MB) SWAP 779/6078MB (cached 36MB) IRAM 0/252kB(lfb 252kB) CPU [7%@921,6%@921,off,off] EMC_FREQ 0%@1600 GR3D_FREQ 0%@614 APE 25 PLL@29.5C CPU@31C iwlwifi@32C PMIC@50C GPU@29.5C AO@40.5C thermal@30.5C POM_5V_IN 1687/1801 POM_5V_GPU 82/92 POM_5V_CPU 164/243
RAM 1390/3964MB (lfb 8x4MB) SWAP 779/6078MB (cached 36MB) IRAM 0/252kB(lfb 252kB) CPU [8%@921,6%@921,off,off] EMC_FREQ 0%@1600 GR3D_FREQ 0%@614 APE 25 PLL@29.5C CPU@31C iwlwifi@32C PMIC@50C GPU@29.5C AO@41C thermal@30.25C POM_5V_IN 1689/1801 POM_5V_GPU 82/92 POM_5V_CPU 164/243
RAM 1388/3964MB (lfb 8x4MB) SWAP 779/6078MB (cached 36MB) IRAM 0/252kB(lfb 252kB) CPU [5%@921,10%@921,off,off] EMC_FREQ 0%@1600 GR3D_FREQ 0%@614 APE 25 PLL@29.5C CPU@31.5C iwlwifi@32C PMIC@50C GPU@30C AO@40.5C thermal@30.75C POM_5V_IN 1689/1801 POM_5V_GPU 82/92 POM_5V_CPU 164/243
RAM 1386/3964MB (lfb 8x4MB) SWAP 779/6078MB (cached 36MB) IRAM 0/252kB(lfb 252kB) CPU [8%@921,5%@921,off,off] EMC_FREQ 0%@1600 GR3D_FREQ 0%@614 APE 25 PLL@29.5C CPU@31C iwlwifi@32C PMIC@50C GPU@30C AO@40.5C thermal@30.5C POM_5V_IN 1689/1801 POM_5V_GPU 82/92 POM_5V_CPU 123/243
RAM 1391/3964MB (lfb 8x4MB) SWAP 779/6078MB (cached 36MB) IRAM 0/252kB(lfb 252kB) CPU [6%@921,8%@921,off,off] EMC_FREQ 0%@1600 GR3D_FREQ 0%@614 APE 25 PLL@30C CPU@31.5C iwlwifi@32C PMIC@50C GPU@29.5C AO@40.5C thermal@30.5C POM_5V_IN 1689/1801 POM_5V_GPU 82/92 POM_5V_CPU 164/243
RAM 1388/3964MB (lfb 8x4MB) SWAP 779/6078MB (cached 36MB) IRAM 0/252kB(lfb 252kB) CPU [5%@921,8%@921,off,off] EMC_FREQ 0%@1600 GR3D_FREQ 0%@614 APE 25 PLL@30C CPU@31.5C iwlwifi@32C PMIC@50C GPU@30C AO@40.5C thermal@30.75C POM_5V_IN 1689/1801 POM_5V_GPU 82/92 POM_5V_CPU 123/243
RAM 1386/3964MB (lfb 8x4MB) SWAP 779/6078MB (cached 36MB) IRAM 0/252kB(lfb 252kB) CPU [8%@921,6%@921,off,off] EMC_FREQ 0%@1600 GR3D_FREQ 0%@614 APE 25 PLL@30C CPU@31C iwlwifi@32C PMIC@50C GPU@29.5C AO@41C thermal@30.75C POM_5V_IN 1689/1801 POM_5V_GPU 82/92 POM_5V_CPU 164/243
RAM 1388/3964MB (lfb 8x4MB) SWAP 779/6078MB (cached 36MB) IRAM 0/252kB(lfb 252kB) CPU [7%@921,6%@921,off,off] EMC_FREQ 0%@1600 GR3D_FREQ 0%@614 APE 25 PLL@29.5C CPU@31.5C iwlwifi@32C PMIC@50C GPU@29.5C AO@41C thermal@30.25C POM_5V_IN 1689/1800 POM_5V_GPU 82/92 POM_5V_CPU 164/243
RAM 1386/3964MB (lfb 8x4MB) SWAP 779/6078MB (cached 36MB) IRAM 0/252kB(lfb 252kB) CPU [7%@921,7%@921,off,off] EMC_FREQ 0%@1600 GR3D_FREQ 0%@614 APE 25 PLL@30C CPU@31.5C iwlwifi@32C PMIC@50C GPU@30C AO@41C thermal@30.75C POM_5V_IN 1689/1800 POM_5V_GPU 82/92 POM_5V_CPU 164/243
RAM 1386/3964MB (lfb 8x4MB) SWAP 779/6078MB (cached 36MB) IRAM 0/252kB(lfb 252kB) CPU [8%@921,5%@921,off,off] EMC_FREQ 0%@1600 GR3D_FREQ 0%@614 APE 25 PLL@30C CPU@31.5C iwlwifi@32C PMIC@50C GPU@30C AO@40.5C thermal@30.5C POM_5V_IN 1689/1800 POM_5V_GPU 82/92 POM_5V_CPU 164/243
RAM 1388/3964MB (lfb 8x4MB) SWAP 779/6078MB (cached 36MB) IRAM 0/252kB(lfb 252kB) CPU [8%@921,6%@921,off,off] EMC_FREQ 0%@1600 GR3D_FREQ 0%@614 APE 25 PLL@29.5C CPU@31.5C iwlwifi@32C PMIC@50C GPU@30C AO@41C thermal@30.75C POM_5V_IN 1689/1800 POM_5V_GPU 82/91 POM_5V_CPU 164/243
RAM 1388/3964MB (lfb 8x4MB) SWAP 779/6078MB (cached 36MB) IRAM 0/252kB(lfb 252kB) CPU [8%@921,7%@921,off,off] EMC_FREQ 0%@1600 GR3D_FREQ 0%@614 APE 25 PLL@29.5C CPU@31.5C iwlwifi@32C PMIC@50C GPU@30C AO@40.5C thermal@30.75C POM_5V_IN 1689/1800 POM_5V_GPU 82/91 POM_5V_CPU 164/243
RAM 1386/3964MB (lfb 8x4MB) SWAP 779/6078MB (cached 36MB) IRAM 0/252kB(lfb 252kB) CPU [5%@921,8%@921,off,off] EMC_FREQ 0%@1600 GR3D_FREQ 0%@614 APE 25 PLL@29.5C CPU@31C iwlwifi@32C PMIC@50C GPU@30C AO@40.5C thermal@30.5C POM_5V_IN 1689/1800 POM_5V_GPU 82/91 POM_5V_CPU 164/243
RAM 1386/3964MB (lfb 8x4MB) SWAP 779/6078MB (cached 36MB) IRAM 0/252kB(lfb 252kB) CPU [7%@921,6%@921,off,off] EMC_FREQ 0%@1600 GR3D_FREQ 0%@614 APE 25 PLL@29.5C CPU@31C iwlwifi@32C PMIC@50C GPU@29.5C AO@40.5C thermal@30.25C POM_5V_IN 1689/1800 POM_5V_GPU 82/91 POM_5V_CPU 164/243
RAM 1390/3964MB (lfb 8x4MB) SWAP 779/6078MB (cached 36MB) IRAM 0/252kB(lfb 252kB) CPU [6%@921,8%@921,off,off] EMC_FREQ 0%@1600 GR3D_FREQ 0%@614 APE 25 PLL@29.5C CPU@31.5C iwlwifi@32C PMIC@50C GPU@29.5C AO@40.5C thermal@30.5C POM_5V_IN 1689/1800 POM_5V_GPU 82/91 POM_5V_CPU 164/243
RAM 1386/3964MB (lfb 8x4MB) SWAP 779/6078MB (cached 36MB) IRAM 0/252kB(lfb 252kB) CPU [6%@921,7%@921,off,off] EMC_FREQ 0%@1600 GR3D_FREQ 0%@614 APE 25 PLL@29.5C CPU@31.5C iwlwifi@32C PMIC@50C GPU@29.5C AO@40.5C thermal@30.5C POM_5V_IN 1934/1800 POM_5V_GPU 82/91 POM_5V_CPU 329/243
RAM 1390/3964MB (lfb 8x4MB) SWAP 779/6078MB (cached 36MB) IRAM 0/252kB(lfb 252kB) CPU [9%@921,4%@921,off,off] EMC_FREQ 0%@1600 GR3D_FREQ 0%@614 APE 25 PLL@29.5C CPU@31C iwlwifi@32C PMIC@50C GPU@29.5C AO@40.5C thermal@30.5C POM_5V_IN 1689/1800 POM_5V_GPU 82/91 POM_5V_CPU 164/243
RAM 1386/3964MB (lfb 8x4MB) SWAP 779/6078MB (cached 36MB) IRAM 0/252kB(lfb 252kB) CPU [5%@921,9%@921,off,off] EMC_FREQ 0%@1600 GR3D_FREQ 0%@614 APE 25 PLL@29.5C CPU@31.5C iwlwifi@32C PMIC@50C GPU@29.5C AO@40.5C thermal@30.75C POM_5V_IN 1689/1800 POM_5V_GPU 82/91 POM_5V_CPU 164/243
RAM 1389/3964MB (lfb 8x4MB) SWAP 779/6078MB (cached 36MB) IRAM 0/252kB(lfb 252kB) CPU [7%@921,6%@921,off,off] EMC_FREQ 0%@1600 GR3D_FREQ 0%@614 APE 25 PLL@29.5C CPU@31.5C iwlwifi@32C PMIC@50C GPU@29.5C AO@40.5C thermal@30.5C POM_5V_IN 1689/1800 POM_5V_GPU 82/91 POM_5V_CPU 164/243
RAM 1390/3964MB (lfb 8x4MB) SWAP 779/6078MB (cached 36MB) IRAM 0/252kB(lfb 252kB) CPU [7%@921,8%@921,off,off] EMC_FREQ 0%@1600 GR3D_FREQ 0%@614 APE 25 PLL@29.5C CPU@31.5C iwlwifi@32C PMIC@50C GPU@29.5C AO@40.5C thermal@30.25C POM_5V_IN 1689/1800 POM_5V_GPU 82/91 POM_5V_CPU 164/243
RAM 1389/3964MB (lfb 8x4MB) SWAP 779/6078MB (cached 36MB) IRAM 0/252kB(lfb 252kB) CPU [6%@921,7%@921,off,off] EMC_FREQ 0%@1600 GR3D_FREQ 0%@614 APE 25 PLL@29.5C CPU@31.5C iwlwifi@32C PMIC@50C GPU@30C AO@40.5C thermal@30.5C POM_5V_IN 1689/1800 POM_5V_GPU 82/91 POM_5V_CPU 164/243
RAM 1386/3964MB (lfb 8x4MB) SWAP 779/6078MB (cached 36MB) IRAM 0/252kB(lfb 252kB) CPU [7%@921,6%@921,off,off] EMC_FREQ 0%@1600 GR3D_FREQ 0%@614 APE 25 PLL@29.5C CPU@31.5C iwlwifi@32C PMIC@50C GPU@30C AO@40.5C thermal@30.75C POM_5V_IN 1689/1800 POM_5V_GPU 82/91 POM_5V_CPU 164/242
RAM 1386/3964MB (lfb 8x4MB) SWAP 779/6078MB (cached 36MB) IRAM 0/252kB(lfb 252kB) CPU [7%@921,6%@921,off,off] EMC_FREQ 0%@1600 GR3D_FREQ 0%@614 APE 25 PLL@29.5C CPU@31.5C iwlwifi@32C PMIC@50C GPU@29.5C AO@40.5C thermal@30.5C POM_5V_IN 1689/1800 POM_5V_GPU 82/91 POM_5V_CPU 164/242
RAM 1386/3964MB (lfb 8x4MB) SWAP 779/6078MB (cached 36MB) IRAM 0/252kB(lfb 252kB) CPU [6%@921,8%@921,off,off] EMC_FREQ 0%@1600 GR3D_FREQ 0%@614 APE 25 PLL@29.5C CPU@31.5C iwlwifi@32C PMIC@50C GPU@29.5C AO@40.5C thermal@30.5C POM_5V_IN 1689/1799 POM_5V_GPU 82/91 POM_5V_CPU 164/242
RAM 1390/3964MB (lfb 8x4MB) SWAP 779/6078MB (cached 36MB) IRAM 0/252kB(lfb 252kB) CPU [9%@921,4%@921,off,off] EMC_FREQ 0%@1600 GR3D_FREQ 0%@614 APE 25 PLL@29.5C CPU@31.5C iwlwifi@32C PMIC@50C GPU@30C AO@40.5C thermal@30.5C POM_5V_IN 1689/1799 POM_5V_GPU 82/91 POM_5V_CPU 164/242
RAM 1388/3964MB (lfb 8x4MB) SWAP 779/6078MB (cached 36MB) IRAM 0/252kB(lfb 252kB) CPU [8%@921,6%@921,off,off] EMC_FREQ 0%@1600 GR3D_FREQ 0%@614 APE 25 PLL@30C CPU@31.5C iwlwifi@32C PMIC@50C GPU@29.5C AO@40.5C thermal@30.5C POM_5V_IN 1689/1799 POM_5V_GPU 82/91 POM_5V_CPU 164/242
RAM 1388/3964MB (lfb 8x4MB) SWAP 779/6078MB (cached 36MB) IRAM 0/252kB(lfb 252kB) CPU [5%@921,7%@921,off,off] EMC_FREQ 0%@1600 GR3D_FREQ 0%@614 APE 25 PLL@29.5C CPU@31C iwlwifi@32C PMIC@50C GPU@29.5C AO@41C thermal@30.25C POM_5V_IN 1689/1799 POM_5V_GPU 82/91 POM_5V_CPU 164/242
RAM 1386/3964MB (lfb 8x4MB) SWAP 779/6078MB (cached 36MB) IRAM 0/252kB(lfb 252kB) CPU [6%@921,8%@921,off,off] EMC_FREQ 0%@1600 GR3D_FREQ 0%@614 APE 25 PLL@29.5C CPU@31.5C iwlwifi@32C PMIC@50C GPU@30C AO@40.5C thermal@30.25C POM_5V_IN 1689/1799 POM_5V_GPU 82/91 POM_5V_CPU 164/242
RAM 1403/3964MB (lfb 8x4MB) SWAP 779/6078MB (cached 36MB) IRAM 0/252kB(lfb 252kB) CPU [6%@921,9%@921,off,off] EMC_FREQ 0%@1600 GR3D_FREQ 0%@614 APE 25 PLL@29.5C CPU@31C iwlwifi@32C PMIC@50C GPU@29.5C AO@40.5C thermal@30.25C POM_5V_IN 1689/1799 POM_5V_GPU 82/91 POM_5V_CPU 164/242
RAM 1391/3964MB (lfb 8x4MB) SWAP 779/6078MB (cached 36MB) IRAM 0/252kB(lfb 252kB) CPU [6%@921,11%@921,off,off] EMC_FREQ 0%@1600 GR3D_FREQ 0%@614 APE 25 PLL@30C CPU@31.5C iwlwifi@33C PMIC@50C GPU@29.5C AO@40.5C thermal@30.5C POM_5V_IN 1689/1799 POM_5V_GPU 82/91 POM_5V_CPU 164/242
RAM 1386/3964MB (lfb 8x4MB) SWAP 779/6078MB (cached 36MB) IRAM 0/252kB(lfb 252kB) CPU [8%@921,5%@921,off,off] EMC_FREQ 0%@1600 GR3D_FREQ 0%@614 APE 25 PLL@29.5C CPU@31.5C iwlwifi@32C PMIC@50C GPU@30C AO@40C thermal@30.5C POM_5V_IN 1689/1799 POM_5V_GPU 82/91 POM_5V_CPU 164/242
RAM 1390/3964MB (lfb 8x4MB) SWAP 779/6078MB (cached 36MB) IRAM 0/252kB(lfb 252kB) CPU [7%@921,6%@921,off,off] EMC_FREQ 0%@1600 GR3D_FREQ 0%@614 APE 25 PLL@30C CPU@31C iwlwifi@32C PMIC@50C GPU@29.5C AO@40.5C thermal@30.25C POM_5V_IN 1689/1799 POM_5V_GPU 82/91 POM_5V_CPU 123/242
RAM 1388/3964MB (lfb 8x4MB) SWAP 779/6078MB (cached 36MB) IRAM 0/252kB(lfb 252kB) CPU [7%@921,7%@921,off,off] EMC_FREQ 0%@1600 GR3D_FREQ 0%@614 APE 25 PLL@29.5C CPU@31C iwlwifi@32C PMIC@50C GPU@29.5C AO@40.5C thermal@30.5C POM_5V_IN 1689/1799 POM_5V_GPU 82/91 POM_5V_CPU 164/242
RAM 1391/3964MB (lfb 8x4MB) SWAP 779/6078MB (cached 36MB) IRAM 0/252kB(lfb 252kB) CPU [8%@921,6%@921,off,off] EMC_FREQ 0%@1600 GR3D_FREQ 0%@614 APE 25 PLL@29.5C CPU@31C iwlwifi@32C PMIC@50C GPU@29.5C AO@40.5C thermal@30.5C POM_5V_IN 1728/1799 POM_5V_GPU 82/91 POM_5V_CPU 164/242
RAM 1389/3964MB (lfb 8x4MB) SWAP 779/6078MB (cached 36MB) IRAM 0/252kB(lfb 252kB) CPU [6%@921,7%@921,off,off] EMC_FREQ 0%@1600 GR3D_FREQ 0%@614 APE 25 PLL@29.5C CPU@31C iwlwifi@32C PMIC@50C GPU@29.5C AO@40.5C thermal@30.25C POM_5V_IN 1975/1799 POM_5V_GPU 82/91 POM_5V_CPU 369/242
RAM 1390/3964MB (lfb 8x4MB) SWAP 779/6078MB (cached 36MB) IRAM 0/252kB(lfb 252kB) CPU [8%@921,5%@921,off,off] EMC_FREQ 0%@1600 GR3D_FREQ 0%@614 APE 25 PLL@29.5C CPU@31C iwlwifi@32C PMIC@50C GPU@29.5C AO@40.5C thermal@30.5C POM_5V_IN 1689/1799 POM_5V_GPU 82/91 POM_5V_CPU 164/242
RAM 1388/3964MB (lfb 8x4MB) SWAP 779/6078MB (cached 36MB) IRAM 0/252kB(lfb 252kB) CPU [10%@921,4%@921,off,off] EMC_FREQ 0%@1600 GR3D_FREQ 0%@614 APE 25 PLL@29.5C CPU@31.5C iwlwifi@32C PMIC@50C GPU@29.5C AO@41C thermal@30.25C POM_5V_IN 1689/1799 POM_5V_GPU 82/91 POM_5V_CPU 164/242
RAM 1386/3964MB (lfb 8x4MB) SWAP 779/6078MB (cached 36MB) IRAM 0/252kB(lfb 252kB) CPU [9%@921,4%@921,off,off] EMC_FREQ 0%@1600 GR3D_FREQ 0%@614 APE 25 PLL@29.5C CPU@31C iwlwifi@32C PMIC@50C GPU@29.5C AO@40.5C thermal@30.5C POM_5V_IN 1689/1799 POM_5V_GPU 82/91 POM_5V_CPU 164/242
RAM 1390/3964MB (lfb 8x4MB) SWAP 779/6078MB (cached 36MB) IRAM 0/252kB(lfb 252kB) CPU [7%@921,6%@921,off,off] EMC_FREQ 0%@1600 GR3D_FREQ 0%@614 APE 25 PLL@29.5C CPU@31.5C iwlwifi@32C PMIC@50C GPU@29.5C AO@40.5C thermal@30.25C POM_5V_IN 1689/1799 POM_5V_GPU 82/91 POM_5V_CPU 164/242
RAM 1390/3964MB (lfb 8x4MB) SWAP 779/6078MB (cached 36MB) IRAM 0/252kB(lfb 252kB) CPU [5%@921,8%@921,off,off] EMC_FREQ 0%@1600 GR3D_FREQ 0%@614 APE 25 PLL@29.5C CPU@31.5C iwlwifi@32C PMIC@50C GPU@29.5C AO@40.5C thermal@30.75C POM_5V_IN 1689/1799 POM_5V_GPU 82/91 POM_5V_CPU 164/242
RAM 1390/3964MB (lfb 8x4MB) SWAP 779/6078MB (cached 36MB) IRAM 0/252kB(lfb 252kB) CPU [9%@921,5%@921,off,off] EMC_FREQ 0%@1600 GR3D_FREQ 0%@614 APE 25 PLL@29.5C CPU@31.5C iwlwifi@32C PMIC@50C GPU@30C AO@41C thermal@30.5C POM_5V_IN 1689/1798 POM_5V_GPU 82/91 POM_5V_CPU 164/242
RAM 1390/3964MB (lfb 8x4MB) SWAP 779/6078MB (cached 36MB) IRAM 0/252kB(lfb 252kB) CPU [6%@921,8%@921,off,off] EMC_FREQ 0%@1600 GR3D_FREQ 0%@614 APE 25 PLL@29C CPU@31.5C iwlwifi@32C PMIC@50C GPU@29.5C AO@40.5C thermal@30.5C POM_5V_IN 1731/1798 POM_5V_GPU 82/91 POM_5V_CPU 123/242
RAM 1386/3964MB (lfb 8x4MB) SWAP 779/6078MB (cached 36MB) IRAM 0/252kB(lfb 252kB) CPU [7%@921,7%@921,off,off] EMC_FREQ 0%@1600 GR3D_FREQ 0%@614 APE 25 PLL@29.5C CPU@31.5C iwlwifi@32C PMIC@50C GPU@29.5C AO@40.5C thermal@30.5C POM_5V_IN 1687/1798 POM_5V_GPU 82/91 POM_5V_CPU 164/241
RAM 1388/3964MB (lfb 8x4MB) SWAP 779/6078MB (cached 36MB) IRAM 0/252kB(lfb 252kB) CPU [6%@921,7%@921,off,off] EMC_FREQ 0%@1600 GR3D_FREQ 0%@614 APE 25 PLL@29.5C CPU@31.5C iwlwifi@32C PMIC@50C GPU@29.5C AO@40.5C thermal@30.5C POM_5V_IN 1689/1798 POM_5V_GPU 82/91 POM_5V_CPU 164/241
RAM 1390/3964MB (lfb 8x4MB) SWAP 779/6078MB (cached 36MB) IRAM 0/252kB(lfb 252kB) CPU [8%@921,5%@921,off,off] EMC_FREQ 0%@1600 GR3D_FREQ 0%@614 APE 25 PLL@29.5C CPU@31.5C iwlwifi@32C PMIC@50C GPU@29.5C AO@40.5C thermal@30.25C POM_5V_IN 1689/1798 POM_5V_GPU 82/91 POM_5V_CPU 164/241
RAM 1386/3964MB (lfb 8x4MB) SWAP 779/6078MB (cached 36MB) IRAM 0/252kB(lfb 252kB) CPU [5%@921,8%@921,off,off] EMC_FREQ 0%@1600 GR3D_FREQ 0%@614 APE 25 PLL@29.5C CPU@31C iwlwifi@32C PMIC@50C GPU@29.5C AO@41C thermal@30.75C POM_5V_IN 1731/1798 POM_5V_GPU 82/91 POM_5V_CPU 164/241
RAM 1386/3964MB (lfb 8x4MB) SWAP 779/6078MB (cached 36MB) IRAM 0/252kB(lfb 252kB) CPU [6%@921,7%@921,off,off] EMC_FREQ 0%@1600 GR3D_FREQ 0%@614 APE 25 PLL@29.5C CPU@31C iwlwifi@32C PMIC@50C GPU@29.5C AO@40.5C thermal@30.75C POM_5V_IN 1934/1798 POM_5V_GPU 82/91 POM_5V_CPU 329/241
RAM 1388/3964MB (lfb 8x4MB) SWAP 779/6078MB (cached 36MB) IRAM 0/252kB(lfb 252kB) CPU [5%@921,8%@921,off,off] EMC_FREQ 0%@1600 GR3D_FREQ 0%@614 APE 25 PLL@29.5C CPU@31.5C iwlwifi@32C PMIC@50C GPU@29.5C AO@41C thermal@30.25C POM_5V_IN 1687/1798 POM_5V_GPU 82/91 POM_5V_CPU 164/241
RAM 1392/3964MB (lfb 8x4MB) SWAP 779/6078MB (cached 36MB) IRAM 0/252kB(lfb 252kB) CPU [7%@921,6%@921,off,off] EMC_FREQ 0%@1600 GR3D_FREQ 0%@614 APE 25 PLL@29.5C CPU@31.5C iwlwifi@32C PMIC@50C GPU@29.5C AO@41C thermal@30.5C POM_5V_IN 1731/1798 POM_5V_GPU 82/91 POM_5V_CPU 164/241
RAM 1388/3964MB (lfb 8x4MB) SWAP 779/6078MB (cached 36MB) IRAM 0/252kB(lfb 252kB) CPU [5%@921,9%@921,off,off] EMC_FREQ 0%@1600 GR3D_FREQ 0%@614 APE 25 PLL@30C CPU@31.5C iwlwifi@32C PMIC@50C GPU@29.5C AO@40.5C thermal@30.75C POM_5V_IN 1689/1798 POM_5V_GPU 82/91 POM_5V_CPU 164/241
RAM 1388/3964MB (lfb 8x4MB) SWAP 779/6078MB (cached 36MB) IRAM 0/252kB(lfb 252kB) CPU [6%@921,7%@921,off,off] EMC_FREQ 0%@1600 GR3D_FREQ 0%@614 APE 25 PLL@29.5C CPU@31.5C iwlwifi@32C PMIC@50C GPU@29.5C AO@40.5C thermal@30.5C POM_5V_IN 1689/1798 POM_5V_GPU 82/91 POM_5V_CPU 164/241
RAM 1386/3964MB (lfb 8x4MB) SWAP 779/6078MB (cached 36MB) IRAM 0/252kB(lfb 252kB) CPU [8%@921,5%@921,off,off] EMC_FREQ 0%@1600 GR3D_FREQ 0%@614 APE 25 PLL@29.5C CPU@31.5C iwlwifi@32C PMIC@50C GPU@29.5C AO@41C thermal@30.25C POM_5V_IN 1689/1798 POM_5V_GPU 82/91 POM_5V_CPU 164/241
RAM 1388/3964MB (lfb 8x4MB) SWAP 779/6078MB (cached 36MB) IRAM 0/252kB(lfb 252kB) CPU [7%@921,6%@921,off,off] EMC_FREQ 0%@1600 GR3D_FREQ 0%@614 APE 25 PLL@29.5C CPU@31.5C iwlwifi@32C PMIC@50C GPU@29.5C AO@41C thermal@30.75C POM_5V_IN 1689/1798 POM_5V_GPU 82/91 POM_5V_CPU 164/241
RAM 1390/3964MB (lfb 8x4MB) SWAP 779/6078MB (cached 36MB) IRAM 0/252kB(lfb 252kB) CPU [7%@921,8%@921,off,off] EMC_FREQ 0%@1600 GR3D_FREQ 0%@614 APE 25 PLL@29.5C CPU@31.5C iwlwifi@32C PMIC@50C GPU@29.5C AO@41C thermal@30.75C POM_5V_IN 1731/1798 POM_5V_GPU 82/91 POM_5V_CPU 164/241
RAM 1389/3964MB (lfb 8x4MB) SWAP 779/6078MB (cached 36MB) IRAM 0/252kB(lfb 252kB) CPU [7%@921,7%@921,off,off] EMC_FREQ 0%@1600 GR3D_FREQ 0%@614 APE 25 PLL@29.5C CPU@31.5C iwlwifi@32C PMIC@50C GPU@29.5C AO@40.5C thermal@30.75C POM_5V_IN 1689/1798 POM_5V_GPU 82/91 POM_5V_CPU 164/241
RAM 1386/3964MB (lfb 8x4MB) SWAP 779/6078MB (cached 36MB) IRAM 0/252kB(lfb 252kB) CPU [5%@921,9%@921,off,off] EMC_FREQ 0%@1600 GR3D_FREQ 0%@614 APE 25 PLL@29.5C CPU@31.5C iwlwifi@32C PMIC@50C GPU@30C AO@41C thermal@30.5C POM_5V_IN 1689/1798 POM_5V_GPU 82/91 POM_5V_CPU 164/241
RAM 1390/3964MB (lfb 8x4MB) SWAP 779/6078MB (cached 36MB) IRAM 0/252kB(lfb 252kB) CPU [9%@921,4%@921,off,off] EMC_FREQ 0%@1600 GR3D_FREQ 0%@614 APE 25 PLL@29.5C CPU@31.5C iwlwifi@32C PMIC@50C GPU@29.5C AO@41C thermal@30.5C POM_5V_IN 1689/1798 POM_5V_GPU 82/91 POM_5V_CPU 164/241
RAM 1389/3964MB (lfb 8x4MB) SWAP 779/6078MB (cached 36MB) IRAM 0/252kB(lfb 252kB) CPU [8%@921,6%@921,off,off] EMC_FREQ 0%@1600 GR3D_FREQ 0%@614 APE 25 PLL@29.5C CPU@31.5C iwlwifi@32C PMIC@50C GPU@30C AO@40.5C thermal@30.5C POM_5V_IN 1689/1798 POM_5V_GPU 82/91 POM_5V_CPU 164/241
RAM 1388/3964MB (lfb 8x4MB) SWAP 779/6078MB (cached 36MB) IRAM 0/252kB(lfb 252kB) CPU [6%@921,7%@921,off,off] EMC_FREQ 0%@1600 GR3D_FREQ 0%@614 APE 25 PLL@29.5C CPU@31.5C iwlwifi@32C PMIC@50C GPU@29.5C AO@41C thermal@30.75C POM_5V_IN 1689/1797 POM_5V_GPU 82/91 POM_5V_CPU 164/241
RAM 1389/3964MB (lfb 8x4MB) SWAP 779/6078MB (cached 36MB) IRAM 0/252kB(lfb 252kB) CPU [5%@921,9%@921,off,off] EMC_FREQ 0%@1600 GR3D_FREQ 0%@614 APE 25 PLL@29.5C CPU@31.5C iwlwifi@32C PMIC@50C GPU@29.5C AO@40.5C thermal@30.5C POM_5V_IN 1689/1797 POM_5V_GPU 82/91 POM_5V_CPU 164/241
RAM 1388/3964MB (lfb 8x4MB) SWAP 779/6078MB (cached 36MB) IRAM 0/252kB(lfb 252kB) CPU [7%@921,6%@921,off,off] EMC_FREQ 0%@1600 GR3D_FREQ 0%@614 APE 25 PLL@29.5C CPU@31.5C iwlwifi@32C PMIC@50C GPU@30C AO@40.5C thermal@30.5C POM_5V_IN 1689/1797 POM_5V_GPU 82/91 POM_5V_CPU 164/241
RAM 1386/3964MB (lfb 8x4MB) SWAP 779/6078MB (cached 36MB) IRAM 0/252kB(lfb 252kB) CPU [6%@921,7%@921,off,off] EMC_FREQ 0%@1600 GR3D_FREQ 0%@614 APE 25 PLL@29.5C CPU@31.5C iwlwifi@32C PMIC@50C GPU@30C AO@40.5C thermal@30.75C POM_5V_IN 1689/1797 POM_5V_GPU 82/91 POM_5V_CPU 164/241
RAM 1388/3964MB (lfb 8x4MB) SWAP 779/6078MB (cached 36MB) IRAM 0/252kB(lfb 252kB) CPU [7%@921,7%@921,off,off] EMC_FREQ 0%@1600 GR3D_FREQ 0%@614 APE 25 PLL@30C CPU@31.5C iwlwifi@32C PMIC@50C GPU@29.5C AO@41C thermal@30.5C POM_5V_IN 1689/1797 POM_5V_GPU 82/91 POM_5V_CPU 164/241
RAM 1390/3964MB (lfb 8x4MB) SWAP 779/6078MB (cached 36MB) IRAM 0/252kB(lfb 252kB) CPU [5%@921,8%@921,off,off] EMC_FREQ 0%@1600 GR3D_FREQ 0%@614 APE 25 PLL@29.5C CPU@31.5C iwlwifi@32C PMIC@50C GPU@30C AO@41C thermal@30.75C POM_5V_IN 1689/1797 POM_5V_GPU 82/91 POM_5V_CPU 164/241
RAM 1390/3964MB (lfb 8x4MB) SWAP 779/6078MB (cached 36MB) IRAM 0/252kB(lfb 252kB) CPU [7%@921,7%@921,off,off] EMC_FREQ 0%@1600 GR3D_FREQ 0%@614 APE 25 PLL@29.5C CPU@31.5C iwlwifi@32C PMIC@50C GPU@30C AO@40.5C thermal@30.5C POM_5V_IN 1689/1797 POM_5V_GPU 82/91 POM_5V_CPU 164/240
RAM 1386/3964MB (lfb 8x4MB) SWAP 779/6078MB (cached 36MB) IRAM 0/252kB(lfb 252kB) CPU [6%@921,8%@921,off,off] EMC_FREQ 0%@1600 GR3D_FREQ 0%@614 APE 25 PLL@30C CPU@31.5C iwlwifi@32C PMIC@50C GPU@29.5C AO@41C thermal@30.5C POM_5V_IN 1689/1797 POM_5V_GPU 82/91 POM_5V_CPU 164/240
RAM 1387/3964MB (lfb 8x4MB) SWAP 779/6078MB (cached 36MB) IRAM 0/252kB(lfb 252kB) CPU [6%@921,8%@921,off,off] EMC_FREQ 0%@1600 GR3D_FREQ 0%@614 APE 25 PLL@29.5C CPU@31.5C iwlwifi@32C PMIC@50C GPU@29.5C AO@41C thermal@30.25C POM_5V_IN 1689/1797 POM_5V_GPU 82/91 POM_5V_CPU 164/240
RAM 1389/3964MB (lfb 8x4MB) SWAP 779/6078MB (cached 36MB) IRAM 0/252kB(lfb 252kB) CPU [5%@921,8%@921,off,off] EMC_FREQ 0%@1600 GR3D_FREQ 0%@614 APE 25 PLL@29.5C CPU@31C iwlwifi@32C PMIC@50C GPU@29.5C AO@40.5C thermal@30.5C POM_5V_IN 1689/1797 POM_5V_GPU 82/91 POM_5V_CPU 123/240
RAM 1390/3964MB (lfb 8x4MB) SWAP 779/6078MB (cached 36MB) IRAM 0/252kB(lfb 252kB) CPU [7%@921,6%@921,off,off] EMC_FREQ 0%@1600 GR3D_FREQ 0%@614 APE 25 PLL@29.5C CPU@31.5C iwlwifi@32C PMIC@50C GPU@29.5C AO@40.5C thermal@30.5C POM_5V_IN 1731/1797 POM_5V_GPU 82/91 POM_5V_CPU 164/240
RAM 1386/3964MB (lfb 8x4MB) SWAP 779/6078MB (cached 36MB) IRAM 0/252kB(lfb 252kB) CPU [8%@921,4%@921,off,off] EMC_FREQ 0%@1600 GR3D_FREQ 0%@614 APE 25 PLL@29.5C CPU@31.5C iwlwifi@32C PMIC@50C GPU@29.5C AO@41C thermal@30.5C POM_5V_IN 1689/1797 POM_5V_GPU 82/91 POM_5V_CPU 164/240
RAM 1388/3964MB (lfb 8x4MB) SWAP 779/6078MB (cached 36MB) IRAM 0/252kB(lfb 252kB) CPU [5%@921,9%@921,off,off] EMC_FREQ 0%@1600 GR3D_FREQ 0%@614 APE 25 PLL@29.5C CPU@31.5C iwlwifi@32C PMIC@50C GPU@30C AO@41C thermal@30.5C POM_5V_IN 1689/1797 POM_5V_GPU 82/91 POM_5V_CPU 123/240
RAM 1388/3964MB (lfb 8x4MB) SWAP 779/6078MB (cached 36MB) IRAM 0/252kB(lfb 252kB) CPU [9%@921,5%@921,off,off] EMC_FREQ 0%@1600 GR3D_FREQ 0%@614 APE 25 PLL@29.5C CPU@31C iwlwifi@32C PMIC@50C GPU@30C AO@41C thermal@30.75C POM_5V_IN 1689/1797 POM_5V_GPU 82/91 POM_5V_CPU 164/240
RAM 1390/3964MB (lfb 8x4MB) SWAP 779/6078MB (cached 36MB) IRAM 0/252kB(lfb 252kB) CPU [5%@921,9%@921,off,off] EMC_FREQ 0%@1600 GR3D_FREQ 0%@614 APE 25 PLL@29.5C CPU@31.5C iwlwifi@32C PMIC@50C GPU@30C AO@41C thermal@30.25C POM_5V_IN 1689/1796 POM_5V_GPU 82/91 POM_5V_CPU 164/240
RAM 1386/3964MB (lfb 8x4MB) SWAP 779/6078MB (cached 36MB) IRAM 0/252kB(lfb 252kB) CPU [6%@921,7%@921,off,off] EMC_FREQ 0%@1600 GR3D_FREQ 0%@614 APE 25 PLL@29.5C CPU@31C iwlwifi@32C PMIC@50C GPU@29.5C AO@41C thermal@30.5C POM_5V_IN 1689/1796 POM_5V_GPU 82/91 POM_5V_CPU 164/240
RAM 1392/3964MB (lfb 8x4MB) SWAP 779/6078MB (cached 36MB) IRAM 0/252kB(lfb 252kB) CPU [7%@921,6%@921,off,off] EMC_FREQ 0%@1600 GR3D_FREQ 0%@614 APE 25 PLL@29.5C CPU@31C iwlwifi@32C PMIC@50C GPU@30C AO@40.5C thermal@30.75C POM_5V_IN 1689/1796 POM_5V_GPU 82/91 POM_5V_CPU 164/240
RAM 1391/3964MB (lfb 8x4MB) SWAP 779/6078MB (cached 36MB) IRAM 0/252kB(lfb 252kB) CPU [9%@921,5%@921,off,off] EMC_FREQ 0%@1600 GR3D_FREQ 0%@614 APE 25 PLL@29.5C CPU@31.5C iwlwifi@32C PMIC@50C GPU@29.5C AO@41C thermal@30.25C POM_5V_IN 1689/1796 POM_5V_GPU 82/91 POM_5V_CPU 164/240
RAM 1391/3964MB (lfb 8x4MB) SWAP 779/6078MB (cached 36MB) IRAM 0/252kB(lfb 252kB) CPU [7%@921,6%@921,off,off] EMC_FREQ 0%@1600 GR3D_FREQ 0%@614 APE 25 PLL@29.5C CPU@31.5C iwlwifi@32C PMIC@50C GPU@29.5C AO@41.5C thermal@30.75C POM_5V_IN 1689/1796 POM_5V_GPU 82/91 POM_5V_CPU 164/240
RAM 1390/3964MB (lfb 8x4MB) SWAP 779/6078MB (cached 36MB) IRAM 0/252kB(lfb 252kB) CPU [8%@921,6%@921,off,off] EMC_FREQ 0%@1600 GR3D_FREQ 0%@614 APE 25 PLL@29.5C CPU@31.5C iwlwifi@32C PMIC@50C GPU@30C AO@40.5C thermal@30.75C POM_5V_IN 1689/1796 POM_5V_GPU 82/91 POM_5V_CPU 164/240
RAM 1389/3964MB (lfb 8x4MB) SWAP 779/6078MB (cached 36MB) IRAM 0/252kB(lfb 252kB) CPU [7%@921,7%@921,off,off] EMC_FREQ 0%@1600 GR3D_FREQ 0%@614 APE 25 PLL@29.5C CPU@31.5C iwlwifi@32C PMIC@50C GPU@30C AO@40.5C thermal@30.5C POM_5V_IN 1689/1796 POM_5V_GPU 82/91 POM_5V_CPU 164/240
RAM 1391/3964MB (lfb 8x4MB) SWAP 779/6078MB (cached 36MB) IRAM 0/252kB(lfb 252kB) CPU [5%@921,9%@921,off,off] EMC_FREQ 0%@1600 GR3D_FREQ 0%@614 APE 25 PLL@29.5C CPU@31.5C iwlwifi@32C PMIC@50C GPU@30C AO@41C thermal@30.75C POM_5V_IN 1687/1796 POM_5V_GPU 82/91 POM_5V_CPU 164/240
RAM 1387/3964MB (lfb 8x4MB) SWAP 779/6078MB (cached 36MB) IRAM 0/252kB(lfb 252kB) CPU [10%@921,3%@921,off,off] EMC_FREQ 0%@1600 GR3D_FREQ 0%@614 APE 25 PLL@29.5C CPU@31.5C iwlwifi@32C PMIC@50C GPU@29.5C AO@41C thermal@30.75C POM_5V_IN 1689/1796 POM_5V_GPU 82/91 POM_5V_CPU 164/240
RAM 1390/3964MB (lfb 8x4MB) SWAP 779/6078MB (cached 36MB) IRAM 0/252kB(lfb 252kB) CPU [8%@921,6%@921,off,off] EMC_FREQ 0%@1600 GR3D_FREQ 0%@614 APE 25 PLL@29.5C CPU@31.5C iwlwifi@32C PMIC@50C GPU@29.5C AO@41C thermal@30.5C POM_5V_IN 1689/1796 POM_5V_GPU 82/91 POM_5V_CPU 164/240
RAM 1388/3964MB (lfb 8x4MB) SWAP 779/6078MB (cached 36MB) IRAM 0/252kB(lfb 252kB) CPU [6%@921,7%@921,off,off] EMC_FREQ 0%@1600 GR3D_FREQ 0%@614 APE 25 PLL@29.5C CPU@31.5C iwlwifi@32C PMIC@50C GPU@30C AO@41C thermal@30.5C POM_5V_IN 1689/1796 POM_5V_GPU 82/91 POM_5V_CPU 164/240
RAM 1391/3964MB (lfb 8x4MB) SWAP 779/6078MB (cached 36MB) IRAM 0/252kB(lfb 252kB) CPU [7%@921,7%@921,off,off] EMC_FREQ 0%@1600 GR3D_FREQ 0%@614 APE 25 PLL@29.5C CPU@31.5C iwlwifi@32C PMIC@50C GPU@29.5C AO@41C thermal@30.75C POM_5V_IN 1687/1796 POM_5V_GPU 82/91 POM_5V_CPU 164/239
RAM 1389/3964MB (lfb 8x4MB) SWAP 779/6078MB (cached 36MB) IRAM 0/252kB(lfb 252kB) CPU [7%@921,6%@921,off,off] EMC_FREQ 0%@1600 GR3D_FREQ 0%@614 APE 25 PLL@30C CPU@31.5C iwlwifi@32C PMIC@50C GPU@29.5C AO@40.5C thermal@30.5C POM_5V_IN 1689/1796 POM_5V_GPU 82/91 POM_5V_CPU 164/239
RAM 1388/3964MB (lfb 8x4MB) SWAP 779/6078MB (cached 36MB) IRAM 0/252kB(lfb 252kB) CPU [6%@921,8%@921,off,off] EMC_FREQ 0%@1600 GR3D_FREQ 0%@614 APE 25 PLL@29.5C CPU@31.5C iwlwifi@32C PMIC@50C GPU@29.5C AO@41C thermal@30.5C POM_5V_IN 1689/1796 POM_5V_GPU 82/91 POM_5V_CPU 164/239
RAM 1387/3964MB (lfb 8x4MB) SWAP 779/6078MB (cached 36MB) IRAM 0/252kB(lfb 252kB) CPU [8%@921,5%@921,off,off] EMC_FREQ 0%@1600 GR3D_FREQ 0%@614 APE 25 PLL@29.5C CPU@31.5C iwlwifi@32C PMIC@50C GPU@30C AO@41C thermal@30.5C POM_5V_IN 1689/1796 POM_5V_GPU 82/91 POM_5V_CPU 164/239
RAM 1388/3964MB (lfb 8x4MB) SWAP 779/6078MB (cached 36MB) IRAM 0/252kB(lfb 252kB) CPU [6%@921,7%@921,off,off] EMC_FREQ 0%@1600 GR3D_FREQ 0%@614 APE 25 PLL@30C CPU@31.5C iwlwifi@32C PMIC@50C GPU@29.5C AO@41C thermal@30.5C POM_5V_IN 1689/1795 POM_5V_GPU 82/91 POM_5V_CPU 164/239
RAM 1386/3964MB (lfb 8x4MB) SWAP 779/6078MB (cached 36MB) IRAM 0/252kB(lfb 252kB) CPU [5%@921,9%@921,off,off] EMC_FREQ 0%@1600 GR3D_FREQ 0%@614 APE 25 PLL@30C CPU@31.5C iwlwifi@32C PMIC@50C GPU@29.5C AO@40.5C thermal@30.25C POM_5V_IN 1772/1795 POM_5V_GPU 82/91 POM_5V_CPU 205/239
RAM 1389/3964MB (lfb 8x4MB) SWAP 779/6078MB (cached 36MB) IRAM 0/252kB(lfb 252kB) CPU [8%@921,6%@921,off,off] EMC_FREQ 0%@1600 GR3D_FREQ 0%@614 APE 25 PLL@30C CPU@31.5C iwlwifi@32C PMIC@50C GPU@29.5C AO@41C thermal@30.5C POM_5V_IN 1689/1795 POM_5V_GPU 82/91 POM_5V_CPU 164/239
RAM 1386/3964MB (lfb 8x4MB) SWAP 779/6078MB (cached 36MB) IRAM 0/252kB(lfb 252kB) CPU [5%@921,7%@921,off,off] EMC_FREQ 0%@1600 GR3D_FREQ 0%@614 APE 25 PLL@30C CPU@31.5C iwlwifi@32C PMIC@50C GPU@30C AO@41C thermal@30.75C POM_5V_IN 1689/1795 POM_5V_GPU 82/91 POM_5V_CPU 164/239
RAM 1391/3964MB (lfb 8x4MB) SWAP 779/6078MB (cached 36MB) IRAM 0/252kB(lfb 252kB) CPU [7%@921,7%@921,off,off] EMC_FREQ 0%@1600 GR3D_FREQ 0%@614 APE 25 PLL@30C CPU@32C iwlwifi@32C PMIC@50C GPU@29.5C AO@40.5C thermal@30.5C POM_5V_IN 1689/1795 POM_5V_GPU 82/91 POM_5V_CPU 164/239
RAM 1391/3964MB (lfb 8x4MB) SWAP 779/6078MB (cached 36MB) IRAM 0/252kB(lfb 252kB) CPU [7%@921,6%@921,off,off] EMC_FREQ 0%@1600 GR3D_FREQ 0%@614 APE 25 PLL@30C CPU@31.5C iwlwifi@32C PMIC@50C GPU@29.5C AO@41C thermal@30.5C POM_5V_IN 1731/1795 POM_5V_GPU 82/91 POM_5V_CPU 164/239
RAM 1390/3964MB (lfb 8x4MB) SWAP 779/6078MB (cached 36MB) IRAM 0/252kB(lfb 252kB) CPU [9%@921,4%@921,off,off] EMC_FREQ 0%@1600 GR3D_FREQ 0%@614 APE 25 PLL@30C CPU@31.5C iwlwifi@32C PMIC@50C GPU@29.5C AO@41C thermal@30.5C POM_5V_IN 1689/1795 POM_5V_GPU 82/91 POM_5V_CPU 164/239
RAM 1386/3964MB (lfb 8x4MB) SWAP 779/6078MB (cached 36MB) IRAM 0/252kB(lfb 252kB) CPU [6%@921,8%@921,off,off] EMC_FREQ 0%@1600 GR3D_FREQ 0%@614 APE 25 PLL@30C CPU@31.5C iwlwifi@32C PMIC@50C GPU@29.5C AO@40.5C thermal@30.5C POM_5V_IN 1731/1795 POM_5V_GPU 82/91 POM_5V_CPU 164/239
RAM 1388/3964MB (lfb 8x4MB) SWAP 779/6078MB (cached 36MB) IRAM 0/252kB(lfb 252kB) CPU [6%@921,6%@921,off,off] EMC_FREQ 0%@1600 GR3D_FREQ 0%@614 APE 25 PLL@29.5C CPU@31.5C iwlwifi@32C PMIC@50C GPU@29.5C AO@40.5C thermal@30.5C POM_5V_IN 1689/1795 POM_5V_GPU 82/91 POM_5V_CPU 164/239
RAM 1391/3964MB (lfb 8x4MB) SWAP 779/6078MB (cached 36MB) IRAM 0/252kB(lfb 252kB) CPU [6%@921,8%@921,off,off] EMC_FREQ 0%@1600 GR3D_FREQ 0%@614 APE 25 PLL@29.5C CPU@31.5C iwlwifi@32C PMIC@50C GPU@29.5C AO@41C thermal@30.5C POM_5V_IN 1689/1795 POM_5V_GPU 82/91 POM_5V_CPU 164/239
RAM 1391/3964MB (lfb 8x4MB) SWAP 779/6078MB (cached 36MB) IRAM 0/252kB(lfb 252kB) CPU [7%@921,7%@921,off,off] EMC_FREQ 0%@1600 GR3D_FREQ 0%@614 APE 25 PLL@29.5C CPU@31C iwlwifi@32C PMIC@50C GPU@29.5C AO@41C thermal@30.75C POM_5V_IN 1689/1795 POM_5V_GPU 82/91 POM_5V_CPU 164/239
RAM 1388/3964MB (lfb 8x4MB) SWAP 779/6078MB (cached 36MB) IRAM 0/252kB(lfb 252kB) CPU [9%@921,5%@921,off,off] EMC_FREQ 0%@1600 GR3D_FREQ 0%@614 APE 25 PLL@29.5C CPU@31.5C iwlwifi@32C PMIC@50C GPU@30C AO@40.5C thermal@30.5C POM_5V_IN 1689/1795 POM_5V_GPU 82/91 POM_5V_CPU 164/239
RAM 1388/3964MB (lfb 8x4MB) SWAP 779/6078MB (cached 36MB) IRAM 0/252kB(lfb 252kB) CPU [6%@921,7%@921,off,off] EMC_FREQ 0%@1600 GR3D_FREQ 0%@614 APE 25 PLL@29.5C CPU@31.5C iwlwifi@32C PMIC@50C GPU@29.5C AO@41C thermal@30.25C POM_5V_IN 1689/1795 POM_5V_GPU 82/91 POM_5V_CPU 164/239
RAM 1388/3964MB (lfb 8x4MB) SWAP 779/6078MB (cached 36MB) IRAM 0/252kB(lfb 252kB) CPU [8%@921,5%@921,off,off] EMC_FREQ 0%@1600 GR3D_FREQ 0%@614 APE 25 PLL@29.5C CPU@31C iwlwifi@32C PMIC@50C GPU@29.5C AO@40.5C thermal@30.5C POM_5V_IN 1689/1795 POM_5V_GPU 82/91 POM_5V_CPU 164/239
RAM 1390/3964MB (lfb 8x4MB) SWAP 779/6078MB (cached 36MB) IRAM 0/252kB(lfb 252kB) CPU [8%@921,5%@921,off,off] EMC_FREQ 0%@1600 GR3D_FREQ 0%@614 APE 25 PLL@29.5C CPU@31C iwlwifi@32C PMIC@50C GPU@29.5C AO@41C thermal@30.5C POM_5V_IN 1689/1795 POM_5V_GPU 82/91 POM_5V_CPU 164/239
RAM 1384/3964MB (lfb 8x4MB) SWAP 779/6078MB (cached 36MB) IRAM 0/252kB(lfb 252kB) CPU [8%@921,5%@921,off,off] EMC_FREQ 0%@1600 GR3D_FREQ 0%@614 APE 25 PLL@29C CPU@31.5C iwlwifi@32C PMIC@50C GPU@29.5C AO@41C thermal@30.25C POM_5V_IN 1689/1795 POM_5V_GPU 82/91 POM_5V_CPU 164/239
RAM 1384/3964MB (lfb 8x4MB) SWAP 779/6078MB (cached 36MB) IRAM 0/252kB(lfb 252kB) CPU [6%@921,7%@921,off,off] EMC_FREQ 0%@1600 GR3D_FREQ 0%@614 APE 25 PLL@29.5C CPU@31C iwlwifi@32C PMIC@50C GPU@30C AO@40.5C thermal@30.75C POM_5V_IN 1731/1795 POM_5V_GPU 82/91 POM_5V_CPU 164/239
RAM 1380/3964MB (lfb 8x4MB) SWAP 779/6078MB (cached 36MB) IRAM 0/252kB(lfb 252kB) CPU [5%@921,9%@921,off,off] EMC_FREQ 0%@1600 GR3D_FREQ 0%@614 APE 25 PLL@29.5C CPU@31C iwlwifi@32C PMIC@50C GPU@29.5C AO@41C thermal@30.5C POM_5V_IN 1689/1794 POM_5V_GPU 82/91 POM_5V_CPU 164/239
RAM 1382/3964MB (lfb 8x4MB) SWAP 779/6078MB (cached 36MB) IRAM 0/252kB(lfb 252kB) CPU [5%@921,9%@921,off,off] EMC_FREQ 0%@1600 GR3D_FREQ 0%@614 APE 25 PLL@29.5C CPU@31C iwlwifi@32C PMIC@50C GPU@30C AO@41C thermal@30.75C POM_5V_IN 1689/1794 POM_5V_GPU 82/91 POM_5V_CPU 164/238
RAM 1384/3964MB (lfb 8x4MB) SWAP 779/6078MB (cached 36MB) IRAM 0/252kB(lfb 252kB) CPU [9%@921,5%@921,off,off] EMC_FREQ 0%@1600 GR3D_FREQ 0%@614 APE 25 PLL@29.5C CPU@31C iwlwifi@32C PMIC@50C GPU@30C AO@40.5C thermal@30.75C POM_5V_IN 1689/1794 POM_5V_GPU 82/91 POM_5V_CPU 164/238
RAM 1382/3964MB (lfb 8x4MB) SWAP 779/6078MB (cached 36MB) IRAM 0/252kB(lfb 252kB) CPU [6%@921,8%@921,off,off] EMC_FREQ 0%@1600 GR3D_FREQ 0%@614 APE 25 PLL@29.5C CPU@32C iwlwifi@32C PMIC@50C GPU@29.5C AO@41C thermal@30.5C POM_5V_IN 2215/1795 POM_5V_GPU 82/91 POM_5V_CPU 369/239
RAM 1384/3964MB (lfb 8x4MB) SWAP 779/6078MB (cached 36MB) IRAM 0/252kB(lfb 252kB) CPU [4%@921,9%@921,off,off] EMC_FREQ 0%@1600 GR3D_FREQ 0%@614 APE 25 PLL@29.5C CPU@32C iwlwifi@32C PMIC@50C GPU@30C AO@40.5C thermal@30.25C POM_5V_IN 1689/1795 POM_5V_GPU 82/91 POM_5V_CPU 123/238
RAM 1380/3964MB (lfb 8x4MB) SWAP 779/6078MB (cached 36MB) IRAM 0/252kB(lfb 252kB) CPU [7%@921,8%@921,off,off] EMC_FREQ 0%@1600 GR3D_FREQ 0%@614 APE 25 PLL@29.5C CPU@31.5C iwlwifi@32C PMIC@50C GPU@29.5C AO@40.5C thermal@30.75C POM_5V_IN 1689/1794 POM_5V_GPU 82/91 POM_5V_CPU 164/238
RAM 1385/3964MB (lfb 8x4MB) SWAP 779/6078MB (cached 36MB) IRAM 0/252kB(lfb 252kB) CPU [7%@921,6%@921,off,off] EMC_FREQ 0%@1600 GR3D_FREQ 0%@614 APE 25 PLL@29C CPU@31C iwlwifi@32C PMIC@50C GPU@30C AO@40.5C thermal@30.5C POM_5V_IN 1689/1794 POM_5V_GPU 82/91 POM_5V_CPU 123/238
RAM 1382/3964MB (lfb 8x4MB) SWAP 779/6078MB (cached 36MB) IRAM 0/252kB(lfb 252kB) CPU [7%@921,7%@921,off,off] EMC_FREQ 0%@1600 GR3D_FREQ 0%@614 APE 25 PLL@29.5C CPU@31.5C iwlwifi@32C PMIC@50C GPU@29.5C AO@41C thermal@30.5C POM_5V_IN 1689/1794 POM_5V_GPU 82/91 POM_5V_CPU 164/238
RAM 1384/3964MB (lfb 8x4MB) SWAP 779/6078MB (cached 36MB) IRAM 0/252kB(lfb 252kB) CPU [6%@921,7%@921,off,off] EMC_FREQ 0%@1600 GR3D_FREQ 0%@614 APE 25 PLL@29.5C CPU@31.5C iwlwifi@32C PMIC@50C GPU@30C AO@40.5C thermal@31C POM_5V_IN 1731/1794 POM_5V_GPU 82/91 POM_5V_CPU 164/238
RAM 1384/3964MB (lfb 8x4MB) SWAP 779/6078MB (cached 36MB) IRAM 0/252kB(lfb 252kB) CPU [6%@921,8%@921,off,off] EMC_FREQ 0%@1600 GR3D_FREQ 0%@614 APE 25 PLL@29.5C CPU@31.5C iwlwifi@32C PMIC@50C GPU@29.5C AO@41C thermal@30.5C POM_5V_IN 1689/1794 POM_5V_GPU 82/91 POM_5V_CPU 123/238
RAM 1384/3964MB (lfb 8x4MB) SWAP 779/6078MB (cached 36MB) IRAM 0/252kB(lfb 252kB) CPU [5%@921,8%@921,off,off] EMC_FREQ 0%@1600 GR3D_FREQ 0%@614 APE 25 PLL@29.5C CPU@31C iwlwifi@32C PMIC@50C GPU@30C AO@40.5C thermal@30.25C POM_5V_IN 1772/1794 POM_5V_GPU 82/91 POM_5V_CPU 206/238
RAM 1380/3964MB (lfb 8x4MB) SWAP 779/6078MB (cached 36MB) IRAM 0/252kB(lfb 252kB) CPU [8%@921,6%@921,off,off] EMC_FREQ 0%@1600 GR3D_FREQ 0%@614 APE 25 PLL@29.5C CPU@31.5C iwlwifi@32C PMIC@50C GPU@29.5C AO@40.5C thermal@30.5C POM_5V_IN 1689/1794 POM_5V_GPU 82/91 POM_5V_CPU 164/238
RAM 1384/3964MB (lfb 8x4MB) SWAP 779/6078MB (cached 36MB) IRAM 0/252kB(lfb 252kB) CPU [8%@921,6%@921,off,off] EMC_FREQ 0%@1600 GR3D_FREQ 0%@614 APE 25 PLL@29.5C CPU@31.5C iwlwifi@32C PMIC@50C GPU@29.5C AO@40.5C thermal@30.5C POM_5V_IN 1689/1794 POM_5V_GPU 82/91 POM_5V_CPU 164/238
RAM 1384/3964MB (lfb 8x4MB) SWAP 779/6078MB (cached 36MB) IRAM 0/252kB(lfb 252kB) CPU [6%@921,7%@921,off,off] EMC_FREQ 0%@1600 GR3D_FREQ 0%@614 APE 25 PLL@29.5C CPU@31.5C iwlwifi@33C PMIC@50C GPU@29.5C AO@41C thermal@30.25C POM_5V_IN 1689/1794 POM_5V_GPU 82/91 POM_5V_CPU 164/238
RAM 1380/3964MB (lfb 8x4MB) SWAP 779/6078MB (cached 36MB) IRAM 0/252kB(lfb 252kB) CPU [8%@921,5%@921,off,off] EMC_FREQ 0%@1600 GR3D_FREQ 0%@614 APE 25 PLL@29.5C CPU@31C iwlwifi@32C PMIC@50C GPU@30C AO@41C thermal@30.25C POM_5V_IN 1689/1794 POM_5V_GPU 82/91 POM_5V_CPU 164/238
RAM 1384/3964MB (lfb 8x4MB) SWAP 779/6078MB (cached 36MB) IRAM 0/252kB(lfb 252kB) CPU [6%@921,8%@921,off,off] EMC_FREQ 0%@1600 GR3D_FREQ 0%@614 APE 25 PLL@29.5C CPU@31C iwlwifi@32C PMIC@50C GPU@30C AO@41C thermal@30.5C POM_5V_IN 1689/1794 POM_5V_GPU 82/91 POM_5V_CPU 164/238
RAM 1382/3964MB (lfb 8x4MB) SWAP 779/6078MB (cached 36MB) IRAM 0/252kB(lfb 252kB) CPU [4%@921,9%@921,off,off] EMC_FREQ 0%@1600 GR3D_FREQ 0%@614 APE 25 PLL@29.5C CPU@31C iwlwifi@32C PMIC@50C GPU@29.5C AO@41C thermal@30.5C POM_5V_IN 1689/1794 POM_5V_GPU 82/91 POM_5V_CPU 164/238
RAM 1380/3964MB (lfb 8x4MB) SWAP 779/6078MB (cached 36MB) IRAM 0/252kB(lfb 252kB) CPU [8%@921,6%@921,off,off] EMC_FREQ 0%@1600 GR3D_FREQ 0%@614 APE 25 PLL@29.5C CPU@31.5C iwlwifi@32C PMIC@50C GPU@29.5C AO@41C thermal@30.75C POM_5V_IN 1689/1794 POM_5V_GPU 82/91 POM_5V_CPU 164/238
RAM 1384/3964MB (lfb 8x4MB) SWAP 779/6078MB (cached 36MB) IRAM 0/252kB(lfb 252kB) CPU [6%@921,8%@921,off,off] EMC_FREQ 0%@1600 GR3D_FREQ 0%@614 APE 25 PLL@29.5C CPU@31.5C iwlwifi@32C PMIC@50C GPU@30C AO@41C thermal@30.5C POM_5V_IN 1689/1794 POM_5V_GPU 82/91 POM_5V_CPU 164/238
RAM 1380/3964MB (lfb 8x4MB) SWAP 779/6078MB (cached 36MB) IRAM 0/252kB(lfb 252kB) CPU [6%@921,7%@921,off,off] EMC_FREQ 0%@1600 GR3D_FREQ 0%@614 APE 25 PLL@30C CPU@31C iwlwifi@32C PMIC@50C GPU@30C AO@40.5C thermal@30.25C POM_5V_IN 1731/1794 POM_5V_GPU 82/91 POM_5V_CPU 123/238
RAM 1382/3964MB (lfb 8x4MB) SWAP 779/6078MB (cached 36MB) IRAM 0/252kB(lfb 252kB) CPU [8%@921,6%@921,off,off] EMC_FREQ 0%@1600 GR3D_FREQ 0%@614 APE 25 PLL@30C CPU@31.5C iwlwifi@32C PMIC@50C GPU@29.5C AO@40.5C thermal@30.5C POM_5V_IN 1689/1794 POM_5V_GPU 82/91 POM_5V_CPU 164/238
RAM 1384/3964MB (lfb 8x4MB) SWAP 779/6078MB (cached 36MB) IRAM 0/252kB(lfb 252kB) CPU [6%@921,6%@921,off,off] EMC_FREQ 0%@1600 GR3D_FREQ 0%@614 APE 25 PLL@29.5C CPU@31C iwlwifi@32C PMIC@50C GPU@29.5C AO@40.5C thermal@30.25C POM_5V_IN 1728/1794 POM_5V_GPU 82/91 POM_5V_CPU 164/238
RAM 1380/3964MB (lfb 8x4MB) SWAP 779/6078MB (cached 36MB) IRAM 0/252kB(lfb 252kB) CPU [7%@921,7%@921,off,off] EMC_FREQ 0%@1600 GR3D_FREQ 0%@614 APE 25 PLL@29.5C CPU@31C iwlwifi@32C PMIC@50C GPU@29.5C AO@41C thermal@30.25C POM_5V_IN 1687/1793 POM_5V_GPU 82/91 POM_5V_CPU 164/238
RAM 1382/3964MB (lfb 8x4MB) SWAP 779/6078MB (cached 36MB) IRAM 0/252kB(lfb 252kB) CPU [6%@921,7%@921,off,off] EMC_FREQ 0%@1600 GR3D_FREQ 0%@614 APE 25 PLL@30C CPU@31C iwlwifi@32C PMIC@50C GPU@29.5C AO@41C thermal@30.5C POM_5V_IN 1689/1793 POM_5V_GPU 82/91 POM_5V_CPU 164/238
RAM 1382/3964MB (lfb 8x4MB) SWAP 779/6078MB (cached 36MB) IRAM 0/252kB(lfb 252kB) CPU [7%@921,6%@921,off,off] EMC_FREQ 0%@1600 GR3D_FREQ 0%@614 APE 25 PLL@29.5C CPU@31C iwlwifi@32C PMIC@50C GPU@29.5C AO@40.5C thermal@30.5C POM_5V_IN 1689/1793 POM_5V_GPU 82/91 POM_5V_CPU 164/237
RAM 1380/3964MB (lfb 8x4MB) SWAP 779/6078MB (cached 36MB) IRAM 0/252kB(lfb 252kB) CPU [7%@921,6%@921,off,off] EMC_FREQ 0%@1600 GR3D_FREQ 0%@614 APE 25 PLL@29.5C CPU@31C iwlwifi@32C PMIC@50C GPU@30C AO@41C thermal@30.75C POM_5V_IN 1731/1793 POM_5V_GPU 82/91 POM_5V_CPU 164/237
RAM 1380/3964MB (lfb 8x4MB) SWAP 779/6078MB (cached 36MB) IRAM 0/252kB(lfb 252kB) CPU [7%@921,6%@921,off,off] EMC_FREQ 0%@1600 GR3D_FREQ 0%@614 APE 25 PLL@29C CPU@31C iwlwifi@32C PMIC@50C GPU@29.5C AO@41C thermal@30.25C POM_5V_IN 1689/1793 POM_5V_GPU 82/91 POM_5V_CPU 164/237
RAM 1380/3964MB (lfb 8x4MB) SWAP 779/6078MB (cached 36MB) IRAM 0/252kB(lfb 252kB) CPU [8%@921,6%@921,off,off] EMC_FREQ 0%@1600 GR3D_FREQ 0%@614 APE 25 PLL@29.5C CPU@31.5C iwlwifi@32C PMIC@50C GPU@30C AO@41C thermal@30.5C POM_5V_IN 1689/1793 POM_5V_GPU 82/91 POM_5V_CPU 123/237
RAM 1380/3964MB (lfb 8x4MB) SWAP 779/6078MB (cached 36MB) IRAM 0/252kB(lfb 252kB) CPU [5%@921,9%@921,off,off] EMC_FREQ 0%@1600 GR3D_FREQ 0%@614 APE 25 PLL@29.5C CPU@31C iwlwifi@32C PMIC@50C GPU@29.5C AO@41C thermal@30.5C POM_5V_IN 1689/1793 POM_5V_GPU 82/91 POM_5V_CPU 164/237
RAM 1382/3964MB (lfb 8x4MB) SWAP 779/6078MB (cached 36MB) IRAM 0/252kB(lfb 252kB) CPU [8%@921,6%@921,off,off] EMC_FREQ 0%@1600 GR3D_FREQ 0%@614 APE 25 PLL@29.5C CPU@31C iwlwifi@32C PMIC@50C GPU@29.5C AO@41C thermal@30.25C POM_5V_IN 1689/1793 POM_5V_GPU 82/91 POM_5V_CPU 164/237
RAM 1384/3964MB (lfb 8x4MB) SWAP 779/6078MB (cached 36MB) IRAM 0/252kB(lfb 252kB) CPU [5%@921,8%@921,off,off] EMC_FREQ 0%@1600 GR3D_FREQ 0%@614 APE 25 PLL@29.5C CPU@31C iwlwifi@32C PMIC@50C GPU@29.5C AO@41C thermal@30.25C POM_5V_IN 1687/1793 POM_5V_GPU 82/91 POM_5V_CPU 123/237
RAM 1382/3964MB (lfb 8x4MB) SWAP 779/6078MB (cached 36MB) IRAM 0/252kB(lfb 252kB) CPU [6%@921,7%@921,off,off] EMC_FREQ 0%@1600 GR3D_FREQ 0%@614 APE 25 PLL@29.5C CPU@31C iwlwifi@32C PMIC@50C GPU@29.5C AO@41C thermal@30.5C POM_5V_IN 1689/1793 POM_5V_GPU 82/91 POM_5V_CPU 164/237
RAM 1382/3964MB (lfb 8x4MB) SWAP 779/6078MB (cached 36MB) IRAM 0/252kB(lfb 252kB) CPU [8%@921,6%@921,off,off] EMC_FREQ 0%@1600 GR3D_FREQ 0%@614 APE 25 PLL@29.5C CPU@31C iwlwifi@32C PMIC@50C GPU@29.5C AO@41C thermal@30.5C POM_5V_IN 1689/1793 POM_5V_GPU 82/91 POM_5V_CPU 164/237
RAM 1384/3964MB (lfb 8x4MB) SWAP 779/6078MB (cached 36MB) IRAM 0/252kB(lfb 252kB) CPU [5%@921,8%@921,off,off] EMC_FREQ 0%@1600 GR3D_FREQ 0%@614 APE 25 PLL@29.5C CPU@31C iwlwifi@33C PMIC@50C GPU@29.5C AO@40.5C thermal@30.25C POM_5V_IN 1689/1793 POM_5V_GPU 82/91 POM_5V_CPU 164/237
RAM 1380/3964MB (lfb 8x4MB) SWAP 779/6078MB (cached 36MB) IRAM 0/252kB(lfb 252kB) CPU [8%@921,5%@921,off,off] EMC_FREQ 0%@1600 GR3D_FREQ 0%@614 APE 25 PLL@29.5C CPU@31C iwlwifi@32C PMIC@50C GPU@29.5C AO@41C thermal@30.25C POM_5V_IN 1687/1793 POM_5V_GPU 82/91 POM_5V_CPU 164/237
RAM 1382/3964MB (lfb 8x4MB) SWAP 779/6078MB (cached 36MB) IRAM 0/252kB(lfb 252kB) CPU [9%@921,5%@921,off,off] EMC_FREQ 0%@1600 GR3D_FREQ 0%@614 APE 25 PLL@29.5C CPU@31C iwlwifi@32C PMIC@50C GPU@29.5C AO@40.5C thermal@30.25C POM_5V_IN 1689/1793 POM_5V_GPU 82/91 POM_5V_CPU 164/237
RAM 1382/3964MB (lfb 8x4MB) SWAP 779/6078MB (cached 36MB) IRAM 0/252kB(lfb 252kB) CPU [4%@921,8%@921,off,off] EMC_FREQ 0%@1600 GR3D_FREQ 0%@614 APE 25 PLL@29.5C CPU@31C iwlwifi@32C PMIC@50C GPU@30C AO@40.5C thermal@30.5C POM_5V_IN 1689/1793 POM_5V_GPU 82/91 POM_5V_CPU 123/237
RAM 1382/3964MB (lfb 8x4MB) SWAP 779/6078MB (cached 36MB) IRAM 0/252kB(lfb 252kB) CPU [7%@921,7%@921,off,off] EMC_FREQ 0%@1600 GR3D_FREQ 0%@614 APE 25 PLL@29.5C CPU@31C iwlwifi@32C PMIC@50C GPU@29.5C AO@40.5C thermal@30.5C POM_5V_IN 1689/1793 POM_5V_GPU 82/91 POM_5V_CPU 123/237
RAM 1380/3964MB (lfb 8x4MB) SWAP 779/6078MB (cached 36MB) IRAM 0/252kB(lfb 252kB) CPU [6%@921,7%@921,off,off] EMC_FREQ 0%@1600 GR3D_FREQ 0%@614 APE 25 PLL@29.5C CPU@31C iwlwifi@32C PMIC@50C GPU@29.5C AO@41C thermal@30.5C POM_5V_IN 1772/1793 POM_5V_GPU 82/91 POM_5V_CPU 164/237
RAM 1386/3964MB (lfb 8x4MB) SWAP 779/6078MB (cached 36MB) IRAM 0/252kB(lfb 252kB) CPU [7%@921,7%@921,off,off] EMC_FREQ 0%@1600 GR3D_FREQ 0%@614 APE 25 PLL@30C CPU@31C iwlwifi@32C PMIC@50C GPU@30C AO@41C thermal@30.25C POM_5V_IN 1689/1792 POM_5V_GPU 82/91 POM_5V_CPU 164/237
RAM 1380/3964MB (lfb 8x4MB) SWAP 779/6078MB (cached 36MB) IRAM 0/252kB(lfb 252kB) CPU [10%@921,4%@921,off,off] EMC_FREQ 0%@1600 GR3D_FREQ 0%@614 APE 25 PLL@29.5C CPU@31C iwlwifi@32C PMIC@50C GPU@29.5C AO@40.5C thermal@30.25C POM_5V_IN 1689/1792 POM_5V_GPU 82/91 POM_5V_CPU 164/237
RAM 1384/3964MB (lfb 8x4MB) SWAP 779/6078MB (cached 36MB) IRAM 0/252kB(lfb 252kB) CPU [8%@921,6%@921,off,off] EMC_FREQ 0%@1600 GR3D_FREQ 0%@614 APE 25 PLL@29.5C CPU@31C iwlwifi@32C PMIC@50C GPU@30C AO@40.5C thermal@30.5C POM_5V_IN 1689/1792 POM_5V_GPU 82/91 POM_5V_CPU 164/237
RAM 1380/3964MB (lfb 8x4MB) SWAP 779/6078MB (cached 36MB) IRAM 0/252kB(lfb 252kB) CPU [6%@921,7%@921,off,off] EMC_FREQ 0%@1600 GR3D_FREQ 0%@614 APE 25 PLL@29.5C CPU@31.5C iwlwifi@32C PMIC@50C GPU@29.5C AO@41C thermal@30.25C POM_5V_IN 1689/1792 POM_5V_GPU 82/91 POM_5V_CPU 164/237
RAM 1382/3964MB (lfb 8x4MB) SWAP 779/6078MB (cached 36MB) IRAM 0/252kB(lfb 252kB) CPU [8%@921,5%@921,off,off] EMC_FREQ 0%@1600 GR3D_FREQ 0%@614 APE 25 PLL@29.5C CPU@31C iwlwifi@32C PMIC@50C GPU@30C AO@40.5C thermal@30.25C POM_5V_IN 1689/1792 POM_5V_GPU 82/91 POM_5V_CPU 164/237
RAM 1382/3964MB (lfb 8x4MB) SWAP 779/6078MB (cached 36MB) IRAM 0/252kB(lfb 252kB) CPU [5%@921,8%@921,off,off] EMC_FREQ 0%@1600 GR3D_FREQ 0%@614 APE 25 PLL@29.5C CPU@31C iwlwifi@32C PMIC@50C GPU@29.5C AO@40.5C thermal@30.25C POM_5V_IN 1689/1792 POM_5V_GPU 82/91 POM_5V_CPU 164/236
RAM 1380/3964MB (lfb 8x4MB) SWAP 779/6078MB (cached 36MB) IRAM 0/252kB(lfb 252kB) CPU [8%@921,7%@921,off,off] EMC_FREQ 0%@1600 GR3D_FREQ 0%@614 APE 25 PLL@29.5C CPU@31C iwlwifi@32C PMIC@50C GPU@29.5C AO@40.5C thermal@30.25C POM_5V_IN 1689/1792 POM_5V_GPU 82/91 POM_5V_CPU 123/236
RAM 1384/3964MB (lfb 8x4MB) SWAP 779/6078MB (cached 36MB) IRAM 0/252kB(lfb 252kB) CPU [7%@921,7%@921,off,off] EMC_FREQ 0%@1600 GR3D_FREQ 0%@614 APE 25 PLL@29.5C CPU@31C iwlwifi@32C PMIC@50C GPU@29.5C AO@41C thermal@30.25C POM_5V_IN 1689/1792 POM_5V_GPU 82/91 POM_5V_CPU 123/236
RAM 1382/3964MB (lfb 8x4MB) SWAP 779/6078MB (cached 36MB) IRAM 0/252kB(lfb 252kB) CPU [5%@921,8%@921,off,off] EMC_FREQ 0%@1600 GR3D_FREQ 0%@614 APE 25 PLL@29.5C CPU@31C iwlwifi@32C PMIC@50C GPU@29.5C AO@41C thermal@30.25C POM_5V_IN 1689/1792 POM_5V_GPU 82/91 POM_5V_CPU 164/236
RAM 1383/3964MB (lfb 8x4MB) SWAP 779/6078MB (cached 36MB) IRAM 0/252kB(lfb 252kB) CPU [7%@921,6%@921,off,off] EMC_FREQ 0%@1600 GR3D_FREQ 0%@614 APE 25 PLL@29C CPU@31C iwlwifi@32C PMIC@50C GPU@29.5C AO@41C thermal@30.75C POM_5V_IN 1689/1792 POM_5V_GPU 82/91 POM_5V_CPU 164/236
RAM 1380/3964MB (lfb 8x4MB) SWAP 779/6078MB (cached 36MB) IRAM 0/252kB(lfb 252kB) CPU [5%@921,8%@921,off,off] EMC_FREQ 0%@1600 GR3D_FREQ 0%@614 APE 25 PLL@29.5C CPU@31.5C iwlwifi@32C PMIC@50C GPU@30C AO@40.5C thermal@30.5C POM_5V_IN 1731/1792 POM_5V_GPU 82/91 POM_5V_CPU 164/236
RAM 1380/3964MB (lfb 8x4MB) SWAP 779/6078MB (cached 36MB) IRAM 0/252kB(lfb 252kB) CPU [7%@921,7%@921,off,off] EMC_FREQ 0%@1600 GR3D_FREQ 0%@614 APE 25 PLL@29.5C CPU@31C iwlwifi@32C PMIC@50C GPU@29.5C AO@40.5C thermal@30.25C POM_5V_IN 1689/1792 POM_5V_GPU 82/91 POM_5V_CPU 164/236
RAM 1384/3964MB (lfb 8x4MB) SWAP 779/6078MB (cached 36MB) IRAM 0/252kB(lfb 252kB) CPU [6%@921,7%@921,off,off] EMC_FREQ 0%@1600 GR3D_FREQ 0%@614 APE 25 PLL@29.5C CPU@31C iwlwifi@32C PMIC@50C GPU@29.5C AO@41C thermal@30.25C POM_5V_IN 1689/1792 POM_5V_GPU 82/91 POM_5V_CPU 164/236
RAM 1382/3964MB (lfb 8x4MB) SWAP 779/6078MB (cached 36MB) IRAM 0/252kB(lfb 252kB) CPU [9%@921,5%@921,off,off] EMC_FREQ 0%@1600 GR3D_FREQ 0%@614 APE 25 PLL@29.5C CPU@31C iwlwifi@32C PMIC@50C GPU@30C AO@40.5C thermal@30.5C POM_5V_IN 1687/1792 POM_5V_GPU 82/91 POM_5V_CPU 164/236
RAM 1384/3964MB (lfb 8x4MB) SWAP 779/6078MB (cached 36MB) IRAM 0/252kB(lfb 252kB) CPU [7%@921,7%@921,off,off] EMC_FREQ 0%@1600 GR3D_FREQ 0%@614 APE 25 PLL@29.5C CPU@31C iwlwifi@32C PMIC@50C GPU@30C AO@41C thermal@30.25C POM_5V_IN 1689/1792 POM_5V_GPU 82/91 POM_5V_CPU 164/236
RAM 1382/3964MB (lfb 8x4MB) SWAP 779/6078MB (cached 36MB) IRAM 0/252kB(lfb 252kB) CPU [9%@921,4%@921,off,off] EMC_FREQ 0%@1600 GR3D_FREQ 0%@614 APE 25 PLL@29.5C CPU@31C iwlwifi@32C PMIC@50C GPU@29.5C AO@40.5C thermal@30.25C POM_5V_IN 1689/1792 POM_5V_GPU 82/91 POM_5V_CPU 164/236
RAM 1380/3964MB (lfb 8x4MB) SWAP 779/6078MB (cached 36MB) IRAM 0/252kB(lfb 252kB) CPU [8%@921,6%@921,off,off] EMC_FREQ 0%@1600 GR3D_FREQ 0%@614 APE 25 PLL@29.5C CPU@31C iwlwifi@32C PMIC@50C GPU@29.5C AO@41C thermal@30.25C POM_5V_IN 1689/1791 POM_5V_GPU 82/91 POM_5V_CPU 164/236
RAM 1382/3964MB (lfb 8x4MB) SWAP 779/6078MB (cached 36MB) IRAM 0/252kB(lfb 252kB) CPU [7%@921,6%@921,off,off] EMC_FREQ 0%@1600 GR3D_FREQ 0%@614 APE 25 PLL@29.5C CPU@31C iwlwifi@32C PMIC@50C GPU@29.5C AO@40.5C thermal@30.25C POM_5V_IN 1689/1791 POM_5V_GPU 82/91 POM_5V_CPU 164/236
RAM 1382/3964MB (lfb 8x4MB) SWAP 779/6078MB (cached 36MB) IRAM 0/252kB(lfb 252kB) CPU [9%@921,5%@921,off,off] EMC_FREQ 0%@1600 GR3D_FREQ 0%@614 APE 25 PLL@29.5C CPU@31C iwlwifi@32C PMIC@50C GPU@29.5C AO@41C thermal@30.5C POM_5V_IN 1689/1791 POM_5V_GPU 82/91 POM_5V_CPU 164/236
RAM 1382/3964MB (lfb 8x4MB) SWAP 779/6078MB (cached 36MB) IRAM 0/252kB(lfb 252kB) CPU [5%@921,8%@921,off,off] EMC_FREQ 0%@1600 GR3D_FREQ 0%@614 APE 25 PLL@29.5C CPU@31.5C iwlwifi@32C PMIC@50C GPU@29.5C AO@40.5C thermal@30.25C POM_5V_IN 1689/1791 POM_5V_GPU 82/91 POM_5V_CPU 164/236
RAM 1380/3964MB (lfb 8x4MB) SWAP 779/6078MB (cached 36MB) IRAM 0/252kB(lfb 252kB) CPU [7%@921,6%@921,off,off] EMC_FREQ 0%@1600 GR3D_FREQ 0%@614 APE 25 PLL@29.5C CPU@31C iwlwifi@32C PMIC@50C GPU@29.5C AO@40.5C thermal@30.25C POM_5V_IN 1689/1791 POM_5V_GPU 82/91 POM_5V_CPU 164/236
RAM 1382/3964MB (lfb 8x4MB) SWAP 779/6078MB (cached 36MB) IRAM 0/252kB(lfb 252kB) CPU [7%@921,6%@921,off,off] EMC_FREQ 0%@1600 GR3D_FREQ 0%@614 APE 25 PLL@29.5C CPU@31C iwlwifi@32C PMIC@50C GPU@29.5C AO@41C thermal@30.25C POM_5V_IN 1689/1791 POM_5V_GPU 82/91 POM_5V_CPU 164/236
RAM 1380/3964MB (lfb 8x4MB) SWAP 779/6078MB (cached 36MB) IRAM 0/252kB(lfb 252kB) CPU [6%@921,7%@921,off,off] EMC_FREQ 0%@1600 GR3D_FREQ 0%@614 APE 25 PLL@29.5C CPU@31C iwlwifi@32C PMIC@50C GPU@30C AO@40.5C thermal@30.25C POM_5V_IN 1689/1791 POM_5V_GPU 82/91 POM_5V_CPU 164/236
RAM 1382/3964MB (lfb 8x4MB) SWAP 779/6078MB (cached 36MB) IRAM 0/252kB(lfb 252kB) CPU [6%@921,8%@921,off,off] EMC_FREQ 0%@1600 GR3D_FREQ 0%@614 APE 25 PLL@29.5C CPU@31C iwlwifi@32C PMIC@50C GPU@30C AO@41C thermal@30.25C POM_5V_IN 1689/1791 POM_5V_GPU 82/91 POM_5V_CPU 164/236
RAM 1384/3964MB (lfb 8x4MB) SWAP 779/6078MB (cached 36MB) IRAM 0/252kB(lfb 252kB) CPU [6%@921,8%@921,off,off] EMC_FREQ 0%@1600 GR3D_FREQ 0%@614 APE 25 PLL@29.5C CPU@31C iwlwifi@32C PMIC@50C GPU@30C AO@40.5C thermal@30.5C POM_5V_IN 1689/1791 POM_5V_GPU 82/91 POM_5V_CPU 123/236
RAM 1384/3964MB (lfb 8x4MB) SWAP 779/6078MB (cached 36MB) IRAM 0/252kB(lfb 252kB) CPU [7%@921,7%@921,off,off] EMC_FREQ 0%@1600 GR3D_FREQ 0%@614 APE 25 PLL@30C CPU@31C iwlwifi@32C PMIC@50C GPU@29.5C AO@40.5C thermal@30.25C POM_5V_IN 1689/1791 POM_5V_GPU 82/91 POM_5V_CPU 164/236
RAM 1384/3964MB (lfb 8x4MB) SWAP 779/6078MB (cached 36MB) IRAM 0/252kB(lfb 252kB) CPU [6%@921,7%@921,off,off] EMC_FREQ 0%@1600 GR3D_FREQ 0%@614 APE 25 PLL@29.5C CPU@31C iwlwifi@32C PMIC@50C GPU@29.5C AO@40.5C thermal@30.75C POM_5V_IN 1731/1791 POM_5V_GPU 82/91 POM_5V_CPU 164/235
RAM 1382/3964MB (lfb 8x4MB) SWAP 779/6078MB (cached 36MB) IRAM 0/252kB(lfb 252kB) CPU [5%@921,8%@921,off,off] EMC_FREQ 0%@1600 GR3D_FREQ 0%@614 APE 25 PLL@29.5C CPU@31C iwlwifi@32C PMIC@50C GPU@29.5C AO@40.5C thermal@30.5C POM_5V_IN 1689/1791 POM_5V_GPU 82/91 POM_5V_CPU 164/235
RAM 1382/3964MB (lfb 8x4MB) SWAP 779/6078MB (cached 36MB) IRAM 0/252kB(lfb 252kB) CPU [7%@921,6%@921,off,off] EMC_FREQ 0%@1600 GR3D_FREQ 0%@614 APE 25 PLL@29.5C CPU@31C iwlwifi@32C PMIC@50C GPU@29.5C AO@40.5C thermal@30.5C POM_5V_IN 1689/1791 POM_5V_GPU 82/91 POM_5V_CPU 123/235
RAM 1380/3964MB (lfb 8x4MB) SWAP 779/6078MB (cached 36MB) IRAM 0/252kB(lfb 252kB) CPU [8%@921,5%@921,off,off] EMC_FREQ 0%@1600 GR3D_FREQ 0%@614 APE 25 PLL@30C CPU@31.5C iwlwifi@32C PMIC@50C GPU@29.5C AO@41C thermal@30.25C POM_5V_IN 1689/1791 POM_5V_GPU 82/91 POM_5V_CPU 164/235
RAM 1384/3964MB (lfb 8x4MB) SWAP 779/6078MB (cached 36MB) IRAM 0/252kB(lfb 252kB) CPU [8%@921,6%@921,off,off] EMC_FREQ 0%@1600 GR3D_FREQ 0%@614 APE 25 PLL@29.5C CPU@30.5C iwlwifi@32C PMIC@50C GPU@29.5C AO@41C thermal@30.25C POM_5V_IN 1731/1791 POM_5V_GPU 82/91 POM_5V_CPU 164/235
RAM 1381/3964MB (lfb 8x4MB) SWAP 779/6078MB (cached 36MB) IRAM 0/252kB(lfb 252kB) CPU [7%@921,7%@921,off,off] EMC_FREQ 0%@1600 GR3D_FREQ 0%@614 APE 25 PLL@29.5C CPU@31C iwlwifi@32C PMIC@50C GPU@29.5C AO@40.5C thermal@30.25C POM_5V_IN 1689/1791 POM_5V_GPU 82/91 POM_5V_CPU 164/235
RAM 1380/3964MB (lfb 8x4MB) SWAP 779/6078MB (cached 36MB) IRAM 0/252kB(lfb 252kB) CPU [8%@921,5%@921,off,off] EMC_FREQ 0%@1600 GR3D_FREQ 0%@614 APE 25 PLL@29.5C CPU@31C iwlwifi@32C PMIC@50C GPU@30C AO@41C thermal@30.25C POM_5V_IN 1689/1791 POM_5V_GPU 82/91 POM_5V_CPU 164/235
RAM 1380/3964MB (lfb 8x4MB) SWAP 779/6078MB (cached 36MB) IRAM 0/252kB(lfb 252kB) CPU [10%@921,4%@921,off,off] EMC_FREQ 0%@1600 GR3D_FREQ 0%@614 APE 25 PLL@29.5C CPU@31C iwlwifi@32C PMIC@50C GPU@30C AO@41C thermal@30.5C POM_5V_IN 1689/1791 POM_5V_GPU 82/91 POM_5V_CPU 164/235
RAM 1382/3964MB (lfb 8x4MB) SWAP 779/6078MB (cached 36MB) IRAM 0/252kB(lfb 252kB) CPU [8%@921,6%@921,off,off] EMC_FREQ 0%@1600 GR3D_FREQ 0%@614 APE 25 PLL@29.5C CPU@31C iwlwifi@32C PMIC@50C GPU@30C AO@40.5C thermal@30.25C POM_5V_IN 1689/1790 POM_5V_GPU 82/91 POM_5V_CPU 164/235
RAM 1384/3964MB (lfb 8x4MB) SWAP 779/6078MB (cached 36MB) IRAM 0/252kB(lfb 252kB) CPU [5%@921,8%@921,off,off] EMC_FREQ 0%@1600 GR3D_FREQ 0%@614 APE 25 PLL@30C CPU@31C iwlwifi@32C PMIC@50C GPU@29.5C AO@41C thermal@30.5C POM_5V_IN 1689/1790 POM_5V_GPU 82/90 POM_5V_CPU 164/235
RAM 1384/3964MB (lfb 8x4MB) SWAP 779/6078MB (cached 36MB) IRAM 0/252kB(lfb 252kB) CPU [5%@921,9%@921,off,off] EMC_FREQ 0%@1600 GR3D_FREQ 0%@614 APE 25 PLL@29.5C CPU@31C iwlwifi@32C PMIC@50C GPU@29.5C AO@41C thermal@30.5C POM_5V_IN 1689/1790 POM_5V_GPU 82/90 POM_5V_CPU 164/235
RAM 1380/3964MB (lfb 8x4MB) SWAP 779/6078MB (cached 36MB) IRAM 0/252kB(lfb 252kB) CPU [7%@921,6%@921,off,off] EMC_FREQ 0%@1600 GR3D_FREQ 0%@614 APE 25 PLL@30C CPU@31C iwlwifi@33C PMIC@50C GPU@30C AO@41C thermal@30.75C POM_5V_IN 1689/1790 POM_5V_GPU 82/90 POM_5V_CPU 164/235
RAM 1380/3964MB (lfb 8x4MB) SWAP 779/6078MB (cached 36MB) IRAM 0/252kB(lfb 252kB) CPU [8%@921,5%@921,off,off] EMC_FREQ 0%@1600 GR3D_FREQ 0%@614 APE 25 PLL@29.5C CPU@31.5C iwlwifi@32C PMIC@50C GPU@30C AO@41C thermal@30.75C POM_5V_IN 1689/1790 POM_5V_GPU 82/90 POM_5V_CPU 123/235
RAM 1383/3964MB (lfb 8x4MB) SWAP 779/6078MB (cached 36MB) IRAM 0/252kB(lfb 252kB) CPU [9%@921,4%@921,off,off] EMC_FREQ 0%@1600 GR3D_FREQ 0%@614 APE 25 PLL@29.5C CPU@31.5C iwlwifi@32C PMIC@50C GPU@29.5C AO@40.5C thermal@30.5C POM_5V_IN 1689/1790 POM_5V_GPU 82/90 POM_5V_CPU 164/235
RAM 1381/3964MB (lfb 8x4MB) SWAP 779/6078MB (cached 36MB) IRAM 0/252kB(lfb 252kB) CPU [6%@921,9%@921,off,off] EMC_FREQ 0%@1600 GR3D_FREQ 0%@614 APE 25 PLL@29.5C CPU@31.5C iwlwifi@32C PMIC@50C GPU@30C AO@41C thermal@30.25C POM_5V_IN 1689/1790 POM_5V_GPU 82/90 POM_5V_CPU 164/235
RAM 1380/3964MB (lfb 8x4MB) SWAP 779/6078MB (cached 36MB) IRAM 0/252kB(lfb 252kB) CPU [8%@921,5%@921,off,off] EMC_FREQ 0%@1600 GR3D_FREQ 0%@614 APE 25 PLL@29.5C CPU@31.5C iwlwifi@32C PMIC@50C GPU@29.5C AO@40.5C thermal@30.5C POM_5V_IN 1975/1790 POM_5V_GPU 82/90 POM_5V_CPU 205/235
RAM 1380/3964MB (lfb 8x4MB) SWAP 779/6078MB (cached 36MB) IRAM 0/252kB(lfb 252kB) CPU [6%@921,7%@921,off,off] EMC_FREQ 0%@1600 GR3D_FREQ 0%@614 APE 25 PLL@29.5C CPU@31.5C iwlwifi@32C PMIC@50C GPU@30C AO@41C thermal@30.5C POM_5V_IN 1689/1790 POM_5V_GPU 82/90 POM_5V_CPU 123/235
RAM 1382/3964MB (lfb 8x4MB) SWAP 779/6078MB (cached 36MB) IRAM 0/252kB(lfb 252kB) CPU [9%@921,5%@921,off,off] EMC_FREQ 0%@1600 GR3D_FREQ 0%@614 APE 25 PLL@29.5C CPU@31C iwlwifi@32C PMIC@50C GPU@30C AO@40.5C thermal@30.5C POM_5V_IN 1689/1790 POM_5V_GPU 82/90 POM_5V_CPU 164/235
RAM 1384/3964MB (lfb 8x4MB) SWAP 779/6078MB (cached 36MB) IRAM 0/252kB(lfb 252kB) CPU [7%@921,6%@921,off,off] EMC_FREQ 0%@1600 GR3D_FREQ 0%@614 APE 25 PLL@29.5C CPU@31.5C iwlwifi@32C PMIC@50C GPU@29.5C AO@41C thermal@30.5C POM_5V_IN 1689/1790 POM_5V_GPU 82/90 POM_5V_CPU 164/235
RAM 1384/3964MB (lfb 8x4MB) SWAP 779/6078MB (cached 36MB) IRAM 0/252kB(lfb 252kB) CPU [8%@921,6%@921,off,off] EMC_FREQ 0%@1600 GR3D_FREQ 0%@614 APE 25 PLL@29.5C CPU@31.5C iwlwifi@32C PMIC@50C GPU@30C AO@41C thermal@30.75C POM_5V_IN 1689/1790 POM_5V_GPU 82/90 POM_5V_CPU 164/235
RAM 1382/3964MB (lfb 8x4MB) SWAP 779/6078MB (cached 36MB) IRAM 0/252kB(lfb 252kB) CPU [6%@921,7%@921,off,off] EMC_FREQ 0%@1600 GR3D_FREQ 0%@614 APE 25 PLL@29.5C CPU@31.5C iwlwifi@32C PMIC@50C GPU@29.5C AO@41C thermal@30.75C POM_5V_IN 1689/1790 POM_5V_GPU 82/90 POM_5V_CPU 164/235
RAM 1380/3964MB (lfb 8x4MB) SWAP 779/6078MB (cached 36MB) IRAM 0/252kB(lfb 252kB) CPU [6%@921,8%@921,off,off] EMC_FREQ 0%@1600 GR3D_FREQ 0%@614 APE 25 PLL@29.5C CPU@32C iwlwifi@32C PMIC@50C GPU@30C AO@40.5C thermal@30.75C POM_5V_IN 1689/1790 POM_5V_GPU 82/90 POM_5V_CPU 123/235
RAM 1384/3964MB (lfb 8x4MB) SWAP 779/6078MB (cached 36MB) IRAM 0/252kB(lfb 252kB) CPU [6%@921,7%@921,off,off] EMC_FREQ 0%@1600 GR3D_FREQ 0%@614 APE 25 PLL@29.5C CPU@31.5C iwlwifi@32C PMIC@50C GPU@30C AO@41C thermal@30.75C POM_5V_IN 1689/1790 POM_5V_GPU 82/90 POM_5V_CPU 164/234
RAM 1382/3964MB (lfb 8x4MB) SWAP 779/6078MB (cached 36MB) IRAM 0/252kB(lfb 252kB) CPU [5%@921,9%@921,off,off] EMC_FREQ 0%@1600 GR3D_FREQ 0%@614 APE 25 PLL@29C CPU@31C iwlwifi@32C PMIC@50C GPU@29.5C AO@41C thermal@30.5C POM_5V_IN 1689/1790 POM_5V_GPU 82/90 POM_5V_CPU 164/234
RAM 1380/3964MB (lfb 8x4MB) SWAP 779/6078MB (cached 36MB) IRAM 0/252kB(lfb 252kB) CPU [6%@921,8%@921,off,off] EMC_FREQ 0%@1600 GR3D_FREQ 0%@614 APE 25 PLL@29.5C CPU@31C iwlwifi@32C PMIC@50C GPU@29.5C AO@41C thermal@30.25C POM_5V_IN 1689/1790 POM_5V_GPU 82/90 POM_5V_CPU 164/234
RAM 1384/3964MB (lfb 8x4MB) SWAP 779/6078MB (cached 36MB) IRAM 0/252kB(lfb 252kB) CPU [5%@921,9%@921,off,off] EMC_FREQ 0%@1600 GR3D_FREQ 0%@614 APE 25 PLL@29.5C CPU@31.5C iwlwifi@32C PMIC@50C GPU@30C AO@41C thermal@30.75C POM_5V_IN 1689/1790 POM_5V_GPU 82/90 POM_5V_CPU 123/234
RAM 1382/3964MB (lfb 8x4MB) SWAP 779/6078MB (cached 36MB) IRAM 0/252kB(lfb 252kB) CPU [6%@921,7%@921,off,off] EMC_FREQ 0%@1600 GR3D_FREQ 0%@614 APE 25 PLL@29.5C CPU@31.5C iwlwifi@32C PMIC@50C GPU@30C AO@41C thermal@30.75C POM_5V_IN 1731/1790 POM_5V_GPU 82/90 POM_5V_CPU 164/234
RAM 1385/3964MB (lfb 8x4MB) SWAP 779/6078MB (cached 36MB) IRAM 0/252kB(lfb 252kB) CPU [5%@921,9%@921,off,off] EMC_FREQ 0%@1600 GR3D_FREQ 0%@614 APE 25 PLL@29.5C CPU@31.5C iwlwifi@32C PMIC@50C GPU@30C AO@41C thermal@30.5C POM_5V_IN 1689/1789 POM_5V_GPU 82/90 POM_5V_CPU 164/234
RAM 1382/3964MB (lfb 8x4MB) SWAP 779/6078MB (cached 36MB) IRAM 0/252kB(lfb 252kB) CPU [5%@921,7%@921,off,off] EMC_FREQ 0%@1600 GR3D_FREQ 0%@614 APE 25 PLL@29.5C CPU@31C iwlwifi@32C PMIC@50C GPU@30C AO@41C thermal@30.25C POM_5V_IN 1689/1789 POM_5V_GPU 82/90 POM_5V_CPU 164/234
RAM 1380/3964MB (lfb 8x4MB) SWAP 779/6078MB (cached 36MB) IRAM 0/252kB(lfb 252kB) CPU [7%@921,6%@921,off,off] EMC_FREQ 0%@1600 GR3D_FREQ 0%@614 APE 25 PLL@29.5C CPU@31.5C iwlwifi@32C PMIC@50C GPU@30C AO@41C thermal@30.5C POM_5V_IN 1689/1789 POM_5V_GPU 82/90 POM_5V_CPU 164/234
RAM 1384/3964MB (lfb 8x4MB) SWAP 779/6078MB (cached 36MB) IRAM 0/252kB(lfb 252kB) CPU [9%@921,5%@921,off,off] EMC_FREQ 0%@1600 GR3D_FREQ 0%@614 APE 25 PLL@29.5C CPU@31.5C iwlwifi@32C PMIC@50C GPU@30C AO@41C thermal@30.5C POM_5V_IN 1810/1789 POM_5V_GPU 82/90 POM_5V_CPU 288/234
RAM 1384/3964MB (lfb 8x4MB) SWAP 779/6078MB (cached 36MB) IRAM 0/252kB(lfb 252kB) CPU [7%@921,6%@921,off,off] EMC_FREQ 0%@1600 GR3D_FREQ 0%@614 APE 25 PLL@29C CPU@31.5C iwlwifi@32C PMIC@50C GPU@29.5C AO@41C thermal@30.75C POM_5V_IN 1689/1789 POM_5V_GPU 82/90 POM_5V_CPU 164/234
RAM 1380/3964MB (lfb 8x4MB) SWAP 779/6078MB (cached 36MB) IRAM 0/252kB(lfb 252kB) CPU [7%@921,6%@921,off,off] EMC_FREQ 0%@1600 GR3D_FREQ 0%@614 APE 25 PLL@29.5C CPU@31C iwlwifi@32C PMIC@50C GPU@30C AO@40.5C thermal@30.75C POM_5V_IN 1689/1789 POM_5V_GPU 82/90 POM_5V_CPU 164/234
RAM 1382/3964MB (lfb 8x4MB) SWAP 779/6078MB (cached 36MB) IRAM 0/252kB(lfb 252kB) CPU [8%@921,5%@921,off,off] EMC_FREQ 0%@1600 GR3D_FREQ 0%@614 APE 25 PLL@29.5C CPU@31.5C iwlwifi@32C PMIC@50C GPU@30C AO@40.5C thermal@30.75C POM_5V_IN 1731/1789 POM_5V_GPU 82/90 POM_5V_CPU 164/234
RAM 1384/3964MB (lfb 8x4MB) SWAP 779/6078MB (cached 36MB) IRAM 0/252kB(lfb 252kB) CPU [6%@921,8%@921,off,off] EMC_FREQ 0%@1600 GR3D_FREQ 0%@614 APE 25 PLL@29.5C CPU@31.5C iwlwifi@32C PMIC@50C GPU@29.5C AO@41C thermal@30.5C POM_5V_IN 1772/1789 POM_5V_GPU 82/90 POM_5V_CPU 164/234
RAM 1384/3964MB (lfb 8x4MB) SWAP 779/6078MB (cached 36MB) IRAM 0/252kB(lfb 252kB) CPU [7%@921,6%@921,off,off] EMC_FREQ 0%@1600 GR3D_FREQ 0%@614 APE 25 PLL@30C CPU@32C iwlwifi@32C PMIC@50C GPU@29.5C AO@41C thermal@30.75C POM_5V_IN 1689/1789 POM_5V_GPU 82/90 POM_5V_CPU 164/234
RAM 1380/3964MB (lfb 8x4MB) SWAP 779/6078MB (cached 36MB) IRAM 0/252kB(lfb 252kB) CPU [8%@921,5%@921,off,off] EMC_FREQ 0%@1600 GR3D_FREQ 0%@614 APE 25 PLL@29.5C CPU@31.5C iwlwifi@32C PMIC@50C GPU@29.5C AO@41C thermal@30.75C POM_5V_IN 1689/1789 POM_5V_GPU 82/90 POM_5V_CPU 164/234
RAM 1380/3964MB (lfb 8x4MB) SWAP 779/6078MB (cached 36MB) IRAM 0/252kB(lfb 252kB) CPU [6%@921,7%@921,off,off] EMC_FREQ 0%@1600 GR3D_FREQ 0%@614 APE 25 PLL@29.5C CPU@31.5C iwlwifi@32C PMIC@50C GPU@30C AO@40.5C thermal@30.5C POM_5V_IN 1728/1789 POM_5V_GPU 82/90 POM_5V_CPU 164/234
RAM 1382/3964MB (lfb 8x4MB) SWAP 774/6078MB (cached 36MB) IRAM 0/252kB(lfb 252kB) CPU [8%@921,5%@921,off,off] EMC_FREQ 0%@1600 GR3D_FREQ 0%@614 APE 25 PLL@29.5C CPU@31C iwlwifi@32C PMIC@50C GPU@30C AO@41C thermal@30.75C POM_5V_IN 1689/1789 POM_5V_GPU 82/90 POM_5V_CPU 164/234
RAM 1382/3964MB (lfb 8x4MB) SWAP 774/6078MB (cached 36MB) IRAM 0/252kB(lfb 252kB) CPU [6%@921,7%@921,off,off] EMC_FREQ 0%@1600 GR3D_FREQ 0%@614 APE 25 PLL@29.5C CPU@31.5C iwlwifi@32C PMIC@50C GPU@30C AO@41C thermal@30.5C POM_5V_IN 1689/1789 POM_5V_GPU 82/90 POM_5V_CPU 164/234
RAM 1384/3964MB (lfb 8x4MB) SWAP 774/6078MB (cached 36MB) IRAM 0/252kB(lfb 252kB) CPU [8%@921,5%@921,off,off] EMC_FREQ 0%@1600 GR3D_FREQ 0%@614 APE 25 PLL@29.5C CPU@31.5C iwlwifi@32C PMIC@50C GPU@30C AO@41C thermal@30.75C POM_5V_IN 1689/1789 POM_5V_GPU 82/90 POM_5V_CPU 164/234
RAM 1383/3964MB (lfb 8x4MB) SWAP 774/6078MB (cached 36MB) IRAM 0/252kB(lfb 252kB) CPU [8%@921,5%@921,off,off] EMC_FREQ 0%@1600 GR3D_FREQ 0%@614 APE 25 PLL@29.5C CPU@31.5C iwlwifi@32C PMIC@50C GPU@30C AO@41C thermal@30.5C POM_5V_IN 1689/1789 POM_5V_GPU 82/90 POM_5V_CPU 164/234
RAM 1382/3964MB (lfb 8x4MB) SWAP 774/6078MB (cached 36MB) IRAM 0/252kB(lfb 252kB) CPU [8%@921,6%@921,off,off] EMC_FREQ 0%@1600 GR3D_FREQ 0%@614 APE 25 PLL@29.5C CPU@31C iwlwifi@32C PMIC@50C GPU@29.5C AO@41C thermal@30.5C POM_5V_IN 1772/1789 POM_5V_GPU 82/90 POM_5V_CPU 164/234
RAM 1384/3964MB (lfb 8x4MB) SWAP 774/6078MB (cached 36MB) IRAM 0/252kB(lfb 252kB) CPU [4%@921,9%@921,off,off] EMC_FREQ 0%@1600 GR3D_FREQ 0%@614 APE 25 PLL@29.5C CPU@31.5C iwlwifi@32C PMIC@50C GPU@30C AO@41C thermal@30.5C POM_5V_IN 1689/1789 POM_5V_GPU 82/90 POM_5V_CPU 164/234
RAM 1380/3964MB (lfb 8x4MB) SWAP 774/6078MB (cached 36MB) IRAM 0/252kB(lfb 252kB) CPU [8%@921,5%@921,off,off] EMC_FREQ 0%@1600 GR3D_FREQ 0%@614 APE 25 PLL@29.5C CPU@31.5C iwlwifi@32C PMIC@50C GPU@29.5C AO@41C thermal@30.5C POM_5V_IN 1687/1789 POM_5V_GPU 82/90 POM_5V_CPU 123/234
RAM 1383/3964MB (lfb 8x4MB) SWAP 774/6078MB (cached 36MB) IRAM 0/252kB(lfb 252kB) CPU [7%@921,5%@921,off,off] EMC_FREQ 0%@1600 GR3D_FREQ 0%@614 APE 25 PLL@29.5C CPU@31.5C iwlwifi@32C PMIC@50C GPU@30C AO@41C thermal@30.5C POM_5V_IN 1689/1789 POM_5V_GPU 82/90 POM_5V_CPU 164/234
RAM 1380/3964MB (lfb 8x4MB) SWAP 774/6078MB (cached 36MB) IRAM 0/252kB(lfb 252kB) CPU [4%@921,8%@921,off,off] EMC_FREQ 0%@1600 GR3D_FREQ 0%@614 APE 25 PLL@29.5C CPU@31C iwlwifi@32C PMIC@50C GPU@29.5C AO@41C thermal@30.5C POM_5V_IN 1689/1789 POM_5V_GPU 82/90 POM_5V_CPU 164/234
RAM 1380/3964MB (lfb 8x4MB) SWAP 774/6078MB (cached 36MB) IRAM 0/252kB(lfb 252kB) CPU [7%@921,7%@921,off,off] EMC_FREQ 0%@1600 GR3D_FREQ 0%@614 APE 25 PLL@29.5C CPU@31.5C iwlwifi@32C PMIC@50C GPU@29.5C AO@41C thermal@30.5C POM_5V_IN 1689/1789 POM_5V_GPU 82/90 POM_5V_CPU 164/233
RAM 1384/3964MB (lfb 8x4MB) SWAP 774/6078MB (cached 36MB) IRAM 0/252kB(lfb 252kB) CPU [8%@921,6%@921,off,off] EMC_FREQ 0%@1600 GR3D_FREQ 0%@614 APE 25 PLL@29.5C CPU@31C iwlwifi@32C PMIC@50C GPU@30C AO@41C thermal@30.75C POM_5V_IN 1689/1788 POM_5V_GPU 82/90 POM_5V_CPU 164/233
RAM 1380/3964MB (lfb 8x4MB) SWAP 774/6078MB (cached 36MB) IRAM 0/252kB(lfb 252kB) CPU [6%@921,8%@921,off,off] EMC_FREQ 0%@1600 GR3D_FREQ 0%@614 APE 25 PLL@29.5C CPU@31.5C iwlwifi@32C PMIC@50C GPU@30C AO@41C thermal@30.5C POM_5V_IN 1689/1788 POM_5V_GPU 82/90 POM_5V_CPU 164/233
RAM 1380/3964MB (lfb 8x4MB) SWAP 774/6078MB (cached 36MB) IRAM 0/252kB(lfb 252kB) CPU [9%@921,4%@921,off,off] EMC_FREQ 0%@1600 GR3D_FREQ 0%@614 APE 25 PLL@29.5C CPU@31C iwlwifi@32C PMIC@50C GPU@30C AO@41C thermal@30.5C POM_5V_IN 1689/1788 POM_5V_GPU 82/90 POM_5V_CPU 164/233
RAM 1382/3964MB (lfb 8x4MB) SWAP 774/6078MB (cached 36MB) IRAM 0/252kB(lfb 252kB) CPU [8%@921,6%@921,off,off] EMC_FREQ 0%@1600 GR3D_FREQ 0%@614 APE 25 PLL@29.5C CPU@31C iwlwifi@32C PMIC@50C GPU@30C AO@41C thermal@30.75C POM_5V_IN 1689/1788 POM_5V_GPU 82/90 POM_5V_CPU 123/233
RAM 1384/3964MB (lfb 8x4MB) SWAP 774/6078MB (cached 36MB) IRAM 0/252kB(lfb 252kB) CPU [6%@921,7%@921,off,off] EMC_FREQ 0%@1600 GR3D_FREQ 0%@614 APE 25 PLL@29.5C CPU@31.5C iwlwifi@32C PMIC@50C GPU@30C AO@41C thermal@30.75C POM_5V_IN 1689/1788 POM_5V_GPU 82/90 POM_5V_CPU 123/233
RAM 1384/3964MB (lfb 8x4MB) SWAP 774/6078MB (cached 36MB) IRAM 0/252kB(lfb 252kB) CPU [9%@921,5%@921,off,off] EMC_FREQ 0%@1600 GR3D_FREQ 0%@614 APE 25 PLL@29.5C CPU@31.5C iwlwifi@32C PMIC@50C GPU@29.5C AO@41C thermal@30.5C POM_5V_IN 1689/1788 POM_5V_GPU 82/90 POM_5V_CPU 164/233
RAM 1382/3964MB (lfb 8x4MB) SWAP 774/6078MB (cached 36MB) IRAM 0/252kB(lfb 252kB) CPU [6%@921,7%@921,off,off] EMC_FREQ 0%@1600 GR3D_FREQ 0%@614 APE 25 PLL@29.5C CPU@31.5C iwlwifi@32C PMIC@50C GPU@29.5C AO@40.5C thermal@30.5C POM_5V_IN 1689/1788 POM_5V_GPU 82/90 POM_5V_CPU 164/233
RAM 1382/3964MB (lfb 8x4MB) SWAP 774/6078MB (cached 36MB) IRAM 0/252kB(lfb 252kB) CPU [9%@921,6%@921,off,off] EMC_FREQ 0%@1600 GR3D_FREQ 0%@614 APE 25 PLL@30C CPU@31C iwlwifi@32C PMIC@50C GPU@29.5C AO@41C thermal@30.5C POM_5V_IN 1689/1788 POM_5V_GPU 82/90 POM_5V_CPU 164/233
RAM 1384/3964MB (lfb 8x4MB) SWAP 774/6078MB (cached 36MB) IRAM 0/252kB(lfb 252kB) CPU [7%@921,6%@921,off,off] EMC_FREQ 0%@1600 GR3D_FREQ 0%@614 APE 25 PLL@29.5C CPU@31.5C iwlwifi@32C PMIC@50C GPU@30C AO@41C thermal@30.5C POM_5V_IN 1689/1788 POM_5V_GPU 82/90 POM_5V_CPU 164/233
RAM 1382/3964MB (lfb 8x4MB) SWAP 774/6078MB (cached 36MB) IRAM 0/252kB(lfb 252kB) CPU [9%@921,5%@921,off,off] EMC_FREQ 0%@1600 GR3D_FREQ 0%@614 APE 25 PLL@29.5C CPU@31.5C iwlwifi@32C PMIC@50C GPU@30C AO@41C thermal@30.75C POM_5V_IN 1689/1788 POM_5V_GPU 82/90 POM_5V_CPU 164/233
RAM 1382/3964MB (lfb 8x4MB) SWAP 774/6078MB (cached 36MB) IRAM 0/252kB(lfb 252kB) CPU [6%@921,7%@921,off,off] EMC_FREQ 0%@1600 GR3D_FREQ 0%@614 APE 25 PLL@29C CPU@31C iwlwifi@32C PMIC@50C GPU@29.5C AO@41C thermal@30.5C POM_5V_IN 1689/1788 POM_5V_GPU 82/90 POM_5V_CPU 164/233
RAM 1384/3964MB (lfb 8x4MB) SWAP 774/6078MB (cached 36MB) IRAM 0/252kB(lfb 252kB) CPU [7%@921,6%@921,off,off] EMC_FREQ 0%@1600 GR3D_FREQ 0%@614 APE 25 PLL@29.5C CPU@31C iwlwifi@32C PMIC@50C GPU@30C AO@41C thermal@30.5C POM_5V_IN 1689/1788 POM_5V_GPU 82/90 POM_5V_CPU 164/233
RAM 1384/3964MB (lfb 8x4MB) SWAP 774/6078MB (cached 36MB) IRAM 0/252kB(lfb 252kB) CPU [11%@921,2%@921,off,off] EMC_FREQ 0%@1600 GR3D_FREQ 0%@614 APE 25 PLL@29.5C CPU@31.5C iwlwifi@32C PMIC@50C GPU@30C AO@41C thermal@30.75C POM_5V_IN 1689/1788 POM_5V_GPU 82/90 POM_5V_CPU 164/233
RAM 1382/3964MB (lfb 8x4MB) SWAP 774/6078MB (cached 36MB) IRAM 0/252kB(lfb 252kB) CPU [8%@921,5%@921,off,off] EMC_FREQ 0%@1600 GR3D_FREQ 0%@614 APE 25 PLL@29.5C CPU@31C iwlwifi@32C PMIC@50C GPU@30C AO@41C thermal@30.5C POM_5V_IN 1689/1788 POM_5V_GPU 82/90 POM_5V_CPU 164/233
RAM 1379/3964MB (lfb 8x4MB) SWAP 774/6078MB (cached 36MB) IRAM 0/252kB(lfb 252kB) CPU [5%@921,9%@921,off,off] EMC_FREQ 0%@1600 GR3D_FREQ 0%@614 APE 25 PLL@29.5C CPU@31C iwlwifi@32C PMIC@50C GPU@29.5C AO@41C thermal@30.5C POM_5V_IN 1689/1788 POM_5V_GPU 82/90 POM_5V_CPU 164/233
RAM 1380/3964MB (lfb 8x4MB) SWAP 774/6078MB (cached 36MB) IRAM 0/252kB(lfb 252kB) CPU [6%@921,6%@921,off,off] EMC_FREQ 0%@1600 GR3D_FREQ 0%@614 APE 25 PLL@29.5C CPU@31C iwlwifi@32C PMIC@50C GPU@29.5C AO@41C thermal@30.5C POM_5V_IN 1689/1788 POM_5V_GPU 82/90 POM_5V_CPU 123/233
RAM 1386/3964MB (lfb 8x4MB) SWAP 774/6078MB (cached 36MB) IRAM 0/252kB(lfb 252kB) CPU [5%@921,9%@921,off,off] EMC_FREQ 0%@1600 GR3D_FREQ 0%@614 APE 25 PLL@29.5C CPU@31C iwlwifi@32C PMIC@50C GPU@29.5C AO@41C thermal@30.5C POM_5V_IN 1689/1788 POM_5V_GPU 82/90 POM_5V_CPU 164/233
RAM 1383/3964MB (lfb 8x4MB) SWAP 774/6078MB (cached 36MB) IRAM 0/252kB(lfb 252kB) CPU [7%@921,5%@921,off,off] EMC_FREQ 0%@1600 GR3D_FREQ 0%@614 APE 25 PLL@29.5C CPU@31C iwlwifi@32C PMIC@50C GPU@30C AO@41C thermal@30.25C POM_5V_IN 1689/1787 POM_5V_GPU 82/90 POM_5V_CPU 164/233
RAM 1380/3964MB (lfb 8x4MB) SWAP 774/6078MB (cached 36MB) IRAM 0/252kB(lfb 252kB) CPU [8%@921,6%@921,off,off] EMC_FREQ 0%@1600 GR3D_FREQ 0%@614 APE 25 PLL@30C CPU@31.5C iwlwifi@32C PMIC@50C GPU@30C AO@40.5C thermal@30.5C POM_5V_IN 1689/1787 POM_5V_GPU 82/90 POM_5V_CPU 123/233
RAM 1380/3964MB (lfb 8x4MB) SWAP 774/6078MB (cached 36MB) IRAM 0/252kB(lfb 252kB) CPU [7%@921,6%@921,off,off] EMC_FREQ 0%@1600 GR3D_FREQ 0%@614 APE 25 PLL@29.5C CPU@31.5C iwlwifi@32C PMIC@50C GPU@30C AO@40.5C thermal@30.25C POM_5V_IN 1689/1787 POM_5V_GPU 82/90 POM_5V_CPU 164/233
RAM 1384/3964MB (lfb 8x4MB) SWAP 774/6078MB (cached 36MB) IRAM 0/252kB(lfb 252kB) CPU [7%@921,7%@921,off,off] EMC_FREQ 0%@1600 GR3D_FREQ 0%@614 APE 25 PLL@29.5C CPU@31C iwlwifi@32C PMIC@50C GPU@30C AO@41C thermal@30.25C POM_5V_IN 1689/1787 POM_5V_GPU 82/90 POM_5V_CPU 164/233
RAM 1384/3964MB (lfb 8x4MB) SWAP 774/6078MB (cached 36MB) IRAM 0/252kB(lfb 252kB) CPU [5%@921,9%@921,off,off] EMC_FREQ 0%@1600 GR3D_FREQ 0%@614 APE 25 PLL@29.5C CPU@31.5C iwlwifi@32C PMIC@50C GPU@30C AO@40.5C thermal@30.5C POM_5V_IN 1689/1787 POM_5V_GPU 82/90 POM_5V_CPU 164/232
RAM 1382/3964MB (lfb 8x4MB) SWAP 774/6078MB (cached 36MB) IRAM 0/252kB(lfb 252kB) CPU [5%@921,8%@921,off,off] EMC_FREQ 0%@1600 GR3D_FREQ 0%@614 APE 25 PLL@29.5C CPU@31C iwlwifi@32C PMIC@50C GPU@30C AO@40.5C thermal@30.25C POM_5V_IN 1731/1787 POM_5V_GPU 82/90 POM_5V_CPU 164/232
RAM 1384/3964MB (lfb 8x4MB) SWAP 774/6078MB (cached 36MB) IRAM 0/252kB(lfb 252kB) CPU [4%@921,9%@921,off,off] EMC_FREQ 0%@1600 GR3D_FREQ 0%@614 APE 25 PLL@29.5C CPU@31C iwlwifi@32C PMIC@50C GPU@29.5C AO@40.5C thermal@30.25C POM_5V_IN 1689/1787 POM_5V_GPU 82/90 POM_5V_CPU 164/232
RAM 1382/3964MB (lfb 8x4MB) SWAP 774/6078MB (cached 36MB) IRAM 0/252kB(lfb 252kB) CPU [9%@921,5%@921,off,off] EMC_FREQ 0%@1600 GR3D_FREQ 0%@614 APE 25 PLL@29.5C CPU@31C iwlwifi@32C PMIC@50C GPU@29.5C AO@40.5C thermal@30.5C POM_5V_IN 1689/1787 POM_5V_GPU 82/90 POM_5V_CPU 164/232
RAM 1380/3964MB (lfb 8x4MB) SWAP 774/6078MB (cached 36MB) IRAM 0/252kB(lfb 252kB) CPU [7%@921,6%@921,off,off] EMC_FREQ 0%@1600 GR3D_FREQ 0%@614 APE 25 PLL@29.5C CPU@31C iwlwifi@32C PMIC@50C GPU@29.5C AO@41C thermal@30.25C POM_5V_IN 1689/1787 POM_5V_GPU 82/90 POM_5V_CPU 164/232
RAM 1380/3964MB (lfb 8x4MB) SWAP 774/6078MB (cached 36MB) IRAM 0/252kB(lfb 252kB) CPU [8%@921,6%@921,off,off] EMC_FREQ 0%@1600 GR3D_FREQ 0%@614 APE 25 PLL@29.5C CPU@31.5C iwlwifi@32C PMIC@50C GPU@29.5C AO@40.5C thermal@30.25C POM_5V_IN 1689/1787 POM_5V_GPU 82/90 POM_5V_CPU 164/232
RAM 1382/3964MB (lfb 8x4MB) SWAP 774/6078MB (cached 36MB) IRAM 0/252kB(lfb 252kB) CPU [6%@921,7%@921,off,off] EMC_FREQ 0%@1600 GR3D_FREQ 0%@614 APE 25 PLL@29.5C CPU@31C iwlwifi@32C PMIC@50C GPU@29.5C AO@40.5C thermal@30.75C POM_5V_IN 1689/1787 POM_5V_GPU 82/90 POM_5V_CPU 164/232
RAM 1380/3964MB (lfb 8x4MB) SWAP 774/6078MB (cached 36MB) IRAM 0/252kB(lfb 252kB) CPU [5%@921,8%@921,off,off] EMC_FREQ 0%@1600 GR3D_FREQ 0%@614 APE 25 PLL@29.5C CPU@31.5C iwlwifi@32C PMIC@50C GPU@30C AO@40.5C thermal@30.25C POM_5V_IN 1851/1787 POM_5V_GPU 82/90 POM_5V_CPU 288/232
RAM 1382/3964MB (lfb 8x4MB) SWAP 774/6078MB (cached 36MB) IRAM 0/252kB(lfb 252kB) CPU [7%@921,7%@921,off,off] EMC_FREQ 0%@1600 GR3D_FREQ 0%@614 APE 25 PLL@29.5C CPU@31.5C iwlwifi@32C PMIC@50C GPU@30C AO@40.5C thermal@30.5C POM_5V_IN 1731/1787 POM_5V_GPU 82/90 POM_5V_CPU 164/232
RAM 1384/3964MB (lfb 8x4MB) SWAP 774/6078MB (cached 36MB) IRAM 0/252kB(lfb 252kB) CPU [4%@921,9%@921,off,off] EMC_FREQ 0%@1600 GR3D_FREQ 0%@614 APE 25 PLL@29.5C CPU@31C iwlwifi@32C PMIC@50C GPU@29.5C AO@40.5C thermal@30.25C POM_5V_IN 1689/1787 POM_5V_GPU 82/90 POM_5V_CPU 123/232
RAM 1384/3964MB (lfb 8x4MB) SWAP 774/6078MB (cached 36MB) IRAM 0/252kB(lfb 252kB) CPU [7%@921,6%@921,off,off] EMC_FREQ 0%@1600 GR3D_FREQ 0%@614 APE 25 PLL@29.5C CPU@31C iwlwifi@32C PMIC@50C GPU@30C AO@41C thermal@30.25C POM_5V_IN 1689/1787 POM_5V_GPU 82/90 POM_5V_CPU 164/232
RAM 1384/3964MB (lfb 8x4MB) SWAP 774/6078MB (cached 36MB) IRAM 0/252kB(lfb 252kB) CPU [6%@921,6%@921,off,off] EMC_FREQ 0%@1600 GR3D_FREQ 0%@614 APE 25 PLL@29.5C CPU@31C iwlwifi@32C PMIC@50C GPU@30.5C AO@40.5C thermal@30.75C POM_5V_IN 1689/1787 POM_5V_GPU 82/90 POM_5V_CPU 164/232
RAM 1384/3964MB (lfb 8x4MB) SWAP 774/6078MB (cached 36MB) IRAM 0/252kB(lfb 252kB) CPU [8%@921,6%@921,off,off] EMC_FREQ 0%@1600 GR3D_FREQ 0%@614 APE 25 PLL@29.5C CPU@31C iwlwifi@32C PMIC@50C GPU@30C AO@40.5C thermal@30.75C POM_5V_IN 1689/1787 POM_5V_GPU 82/90 POM_5V_CPU 123/232
RAM 1382/3964MB (lfb 8x4MB) SWAP 774/6078MB (cached 36MB) IRAM 0/252kB(lfb 252kB) CPU [3%@921,10%@921,off,off] EMC_FREQ 0%@1600 GR3D_FREQ 0%@614 APE 25 PLL@30C CPU@31C iwlwifi@32C PMIC@50C GPU@30C AO@41C thermal@30.25C POM_5V_IN 1731/1787 POM_5V_GPU 82/90 POM_5V_CPU 164/232
RAM 1382/3964MB (lfb 8x4MB) SWAP 774/6078MB (cached 36MB) IRAM 0/252kB(lfb 252kB) CPU [6%@921,7%@921,off,off] EMC_FREQ 0%@1600 GR3D_FREQ 0%@614 APE 25 PLL@29.5C CPU@31C iwlwifi@33C PMIC@50C GPU@29.5C AO@40.5C thermal@30.5C POM_5V_IN 1689/1787 POM_5V_GPU 82/90 POM_5V_CPU 164/232
RAM 1384/3964MB (lfb 8x4MB) SWAP 774/6078MB (cached 36MB) IRAM 0/252kB(lfb 252kB) CPU [7%@921,6%@921,off,off] EMC_FREQ 0%@1600 GR3D_FREQ 0%@614 APE 25 PLL@29.5C CPU@31C iwlwifi@32C PMIC@50C GPU@30C AO@40.5C thermal@30.25C POM_5V_IN 1689/1787 POM_5V_GPU 82/90 POM_5V_CPU 164/232
RAM 1380/3964MB (lfb 8x4MB) SWAP 774/6078MB (cached 36MB) IRAM 0/252kB(lfb 252kB) CPU [10%@921,3%@921,off,off] EMC_FREQ 0%@1600 GR3D_FREQ 0%@614 APE 25 PLL@29.5C CPU@31C iwlwifi@32C PMIC@50C GPU@30C AO@40.5C thermal@30.75C POM_5V_IN 1689/1787 POM_5V_GPU 82/90 POM_5V_CPU 164/232
RAM 1384/3964MB (lfb 8x4MB) SWAP 774/6078MB (cached 36MB) IRAM 0/252kB(lfb 252kB) CPU [7%@921,6%@921,off,off] EMC_FREQ 0%@1600 GR3D_FREQ 0%@614 APE 25 PLL@29.5C CPU@31C iwlwifi@32C PMIC@50C GPU@30C AO@41C thermal@30.25C POM_5V_IN 1689/1786 POM_5V_GPU 82/90 POM_5V_CPU 164/232
RAM 1384/3964MB (lfb 8x4MB) SWAP 774/6078MB (cached 36MB) IRAM 0/252kB(lfb 252kB) CPU [7%@921,6%@921,off,off] EMC_FREQ 0%@1600 GR3D_FREQ 0%@614 APE 25 PLL@29.5C CPU@31.5C iwlwifi@32C PMIC@50C GPU@30C AO@40.5C thermal@30.5C POM_5V_IN 1972/1787 POM_5V_GPU 82/90 POM_5V_CPU 410/232
RAM 1382/3964MB (lfb 8x4MB) SWAP 774/6078MB (cached 36MB) IRAM 0/252kB(lfb 252kB) CPU [5%@921,9%@921,off,off] EMC_FREQ 0%@1600 GR3D_FREQ 0%@614 APE 25 PLL@30C CPU@31.5C iwlwifi@32C PMIC@50C GPU@30C AO@41C thermal@30.5C POM_5V_IN 1689/1787 POM_5V_GPU 82/90 POM_5V_CPU 164/232
RAM 1382/3964MB (lfb 8x4MB) SWAP 774/6078MB (cached 36MB) IRAM 0/252kB(lfb 252kB) CPU [7%@921,6%@921,off,off] EMC_FREQ 0%@1600 GR3D_FREQ 0%@614 APE 25 PLL@29.5C CPU@31.5C iwlwifi@32C PMIC@50C GPU@30C AO@41C thermal@30.25C POM_5V_IN 1689/1786 POM_5V_GPU 82/90 POM_5V_CPU 164/232
RAM 1382/3964MB (lfb 8x4MB) SWAP 774/6078MB (cached 36MB) IRAM 0/252kB(lfb 252kB) CPU [7%@921,7%@921,off,off] EMC_FREQ 0%@1600 GR3D_FREQ 0%@614 APE 25 PLL@29.5C CPU@31C iwlwifi@32C PMIC@50C GPU@29.5C AO@41C thermal@30.25C POM_5V_IN 1728/1786 POM_5V_GPU 82/90 POM_5V_CPU 164/232
RAM 1380/3964MB (lfb 8x4MB) SWAP 774/6078MB (cached 36MB) IRAM 0/252kB(lfb 252kB) CPU [7%@921,6%@921,off,off] EMC_FREQ 0%@1600 GR3D_FREQ 0%@614 APE 25 PLL@29C CPU@31C iwlwifi@32C PMIC@50C GPU@30C AO@40.5C thermal@30.75C POM_5V_IN 1689/1786 POM_5V_GPU 82/90 POM_5V_CPU 164/232
RAM 1380/3964MB (lfb 8x4MB) SWAP 774/6078MB (cached 36MB) IRAM 0/252kB(lfb 252kB) CPU [7%@921,7%@921,off,off] EMC_FREQ 0%@1600 GR3D_FREQ 0%@614 APE 25 PLL@30C CPU@31C iwlwifi@32C PMIC@50C GPU@30C AO@41C thermal@30.25C POM_5V_IN 1772/1786 POM_5V_GPU 82/90 POM_5V_CPU 205/232
RAM 1382/3964MB (lfb 8x4MB) SWAP 774/6078MB (cached 36MB) IRAM 0/252kB(lfb 252kB) CPU [6%@921,7%@921,off,off] EMC_FREQ 0%@1600 GR3D_FREQ 0%@614 APE 25 PLL@29.5C CPU@31C iwlwifi@32C PMIC@50C GPU@30C AO@40.5C thermal@30.5C POM_5V_IN 1689/1786 POM_5V_GPU 82/90 POM_5V_CPU 164/232
RAM 1384/3964MB (lfb 8x4MB) SWAP 774/6078MB (cached 36MB) IRAM 0/252kB(lfb 252kB) CPU [8%@921,6%@921,off,off] EMC_FREQ 0%@1600 GR3D_FREQ 0%@614 APE 25 PLL@29.5C CPU@31C iwlwifi@32C PMIC@50C GPU@30C AO@40.5C thermal@30.75C POM_5V_IN 1689/1786 POM_5V_GPU 82/90 POM_5V_CPU 164/232
RAM 1382/3964MB (lfb 8x4MB) SWAP 774/6078MB (cached 36MB) IRAM 0/252kB(lfb 252kB) CPU [6%@921,7%@921,off,off] EMC_FREQ 0%@1600 GR3D_FREQ 0%@614 APE 25 PLL@29.5C CPU@31C iwlwifi@33C PMIC@50C GPU@30C AO@40.5C thermal@30.5C POM_5V_IN 1689/1786 POM_5V_GPU 82/90 POM_5V_CPU 164/232
RAM 1380/3964MB (lfb 8x4MB) SWAP 774/6078MB (cached 36MB) IRAM 0/252kB(lfb 252kB) CPU [6%@921,7%@921,off,off] EMC_FREQ 0%@1600 GR3D_FREQ 0%@614 APE 25 PLL@30C CPU@31.5C iwlwifi@32C PMIC@50C GPU@29.5C AO@40.5C thermal@30.25C POM_5V_IN 1689/1786 POM_5V_GPU 82/90 POM_5V_CPU 164/232
RAM 1383/3964MB (lfb 8x4MB) SWAP 774/6078MB (cached 36MB) IRAM 0/252kB(lfb 252kB) CPU [5%@921,8%@921,off,off] EMC_FREQ 0%@1600 GR3D_FREQ 0%@614 APE 25 PLL@29.5C CPU@31C iwlwifi@33C PMIC@50C GPU@30C AO@40.5C thermal@30.25C POM_5V_IN 1689/1786 POM_5V_GPU 82/90 POM_5V_CPU 164/232
RAM 1382/3964MB (lfb 8x4MB) SWAP 774/6078MB (cached 36MB) IRAM 0/252kB(lfb 252kB) CPU [7%@921,7%@921,off,off] EMC_FREQ 0%@1600 GR3D_FREQ 0%@614 APE 25 PLL@30C CPU@31C iwlwifi@32C PMIC@50C GPU@29.5C AO@40.5C thermal@30.25C POM_5V_IN 1689/1786 POM_5V_GPU 82/90 POM_5V_CPU 164/232
RAM 1384/3964MB (lfb 8x4MB) SWAP 774/6078MB (cached 36MB) IRAM 0/252kB(lfb 252kB) CPU [5%@921,8%@921,off,off] EMC_FREQ 0%@1600 GR3D_FREQ 0%@614 APE 25 PLL@29.5C CPU@31C iwlwifi@32C PMIC@50C GPU@29.5C AO@40.5C thermal@30.25C POM_5V_IN 1731/1786 POM_5V_GPU 82/90 POM_5V_CPU 164/231
RAM 1384/3964MB (lfb 8x4MB) SWAP 774/6078MB (cached 36MB) IRAM 0/252kB(lfb 252kB) CPU [7%@921,7%@921,off,off] EMC_FREQ 0%@1600 GR3D_FREQ 0%@614 APE 25 PLL@29.5C CPU@31C iwlwifi@32C PMIC@50C GPU@30C AO@41C thermal@30.5C POM_5V_IN 1689/1786 POM_5V_GPU 82/90 POM_5V_CPU 123/231
RAM 1380/3964MB (lfb 8x4MB) SWAP 774/6078MB (cached 36MB) IRAM 0/252kB(lfb 252kB) CPU [8%@921,4%@921,off,off] EMC_FREQ 0%@1600 GR3D_FREQ 0%@614 APE 25 PLL@29.5C CPU@31.5C iwlwifi@32C PMIC@50C GPU@30C AO@41C thermal@30.25C POM_5V_IN 1731/1786 POM_5V_GPU 82/90 POM_5V_CPU 164/231
RAM 1384/3964MB (lfb 8x4MB) SWAP 774/6078MB (cached 36MB) IRAM 0/252kB(lfb 252kB) CPU [9%@921,6%@921,off,off] EMC_FREQ 0%@1600 GR3D_FREQ 0%@614 APE 25 PLL@30C CPU@31C iwlwifi@32C PMIC@50C GPU@30C AO@41C thermal@30.25C POM_5V_IN 1689/1786 POM_5V_GPU 82/90 POM_5V_CPU 164/231
RAM 1380/3964MB (lfb 8x4MB) SWAP 774/6078MB (cached 36MB) IRAM 0/252kB(lfb 252kB) CPU [6%@921,7%@921,off,off] EMC_FREQ 0%@1600 GR3D_FREQ 0%@614 APE 25 PLL@29.5C CPU@31.5C iwlwifi@32C PMIC@50C GPU@30C AO@41C thermal@30.5C POM_5V_IN 1687/1786 POM_5V_GPU 82/90 POM_5V_CPU 164/231
RAM 1382/3964MB (lfb 8x4MB) SWAP 774/6078MB (cached 36MB) IRAM 0/252kB(lfb 252kB) CPU [8%@921,6%@921,off,off] EMC_FREQ 0%@1600 GR3D_FREQ 0%@614 APE 25 PLL@29.5C CPU@31C iwlwifi@32C PMIC@50C GPU@29.5C AO@41C thermal@30.25C POM_5V_IN 1689/1786 POM_5V_GPU 82/90 POM_5V_CPU 164/231
RAM 1386/3964MB (lfb 8x4MB) SWAP 774/6078MB (cached 36MB) IRAM 0/252kB(lfb 252kB) CPU [6%@921,7%@921,off,off] EMC_FREQ 0%@1600 GR3D_FREQ 0%@614 APE 25 PLL@29.5C CPU@31.5C iwlwifi@32C PMIC@50C GPU@30C AO@41C thermal@30.5C POM_5V_IN 1689/1786 POM_5V_GPU 82/90 POM_5V_CPU 164/231
RAM 1382/3964MB (lfb 8x4MB) SWAP 774/6078MB (cached 36MB) IRAM 0/252kB(lfb 252kB) CPU [7%@921,7%@921,off,off] EMC_FREQ 0%@1600 GR3D_FREQ 0%@614 APE 25 PLL@29.5C CPU@31C iwlwifi@32C PMIC@50C GPU@30C AO@41C thermal@30.5C POM_5V_IN 1689/1786 POM_5V_GPU 82/90 POM_5V_CPU 164/231
RAM 1380/3964MB (lfb 8x4MB) SWAP 774/6078MB (cached 36MB) IRAM 0/252kB(lfb 252kB) CPU [9%@921,4%@921,off,off] EMC_FREQ 0%@1600 GR3D_FREQ 0%@614 APE 25 PLL@29.5C CPU@31C iwlwifi@32C PMIC@50C GPU@29.5C AO@41C thermal@30.5C POM_5V_IN 1689/1786 POM_5V_GPU 82/90 POM_5V_CPU 164/231
RAM 1380/3964MB (lfb 8x4MB) SWAP 774/6078MB (cached 36MB) IRAM 0/252kB(lfb 252kB) CPU [7%@921,7%@921,off,off] EMC_FREQ 0%@1600 GR3D_FREQ 0%@614 APE 25 PLL@29.5C CPU@31C iwlwifi@32C PMIC@50C GPU@30C AO@40.5C thermal@30.25C POM_5V_IN 1772/1786 POM_5V_GPU 82/90 POM_5V_CPU 164/231
RAM 1386/3964MB (lfb 8x4MB) SWAP 774/6078MB (cached 36MB) IRAM 0/252kB(lfb 252kB) CPU [6%@921,8%@921,off,off] EMC_FREQ 0%@1600 GR3D_FREQ 0%@614 APE 25 PLL@29.5C CPU@31C iwlwifi@32C PMIC@50C GPU@30C AO@40.5C thermal@30.5C POM_5V_IN 1731/1786 POM_5V_GPU 82/90 POM_5V_CPU 164/231
RAM 1382/3964MB (lfb 8x4MB) SWAP 774/6078MB (cached 36MB) IRAM 0/252kB(lfb 252kB) CPU [5%@921,9%@921,off,off] EMC_FREQ 0%@1600 GR3D_FREQ 0%@614 APE 25 PLL@29.5C CPU@31C iwlwifi@32C PMIC@50C GPU@29.5C AO@40.5C thermal@30.25C POM_5V_IN 1689/1785 POM_5V_GPU 82/90 POM_5V_CPU 164/231
RAM 1380/3964MB (lfb 8x4MB) SWAP 774/6078MB (cached 36MB) IRAM 0/252kB(lfb 252kB) CPU [8%@921,6%@921,off,off] EMC_FREQ 0%@1600 GR3D_FREQ 0%@614 APE 25 PLL@29.5C CPU@31C iwlwifi@32C PMIC@50C GPU@29.5C AO@40.5C thermal@30.5C POM_5V_IN 1731/1785 POM_5V_GPU 82/90 POM_5V_CPU 164/231
RAM 1382/3964MB (lfb 8x4MB) SWAP 774/6078MB (cached 36MB) IRAM 0/252kB(lfb 252kB) CPU [9%@921,5%@921,off,off] EMC_FREQ 0%@1600 GR3D_FREQ 0%@614 APE 25 PLL@29.5C CPU@31C iwlwifi@32C PMIC@50C GPU@29.5C AO@40.5C thermal@30.5C POM_5V_IN 1689/1785 POM_5V_GPU 82/90 POM_5V_CPU 164/231
RAM 1382/3964MB (lfb 8x4MB) SWAP 774/6078MB (cached 36MB) IRAM 0/252kB(lfb 252kB) CPU [6%@921,8%@921,off,off] EMC_FREQ 0%@1600 GR3D_FREQ 0%@614 APE 25 PLL@29.5C CPU@31.5C iwlwifi@32C PMIC@50C GPU@30C AO@40.5C thermal@30.25C POM_5V_IN 1689/1785 POM_5V_GPU 82/90 POM_5V_CPU 123/231
RAM 1380/3964MB (lfb 8x4MB) SWAP 774/6078MB (cached 36MB) IRAM 0/252kB(lfb 252kB) CPU [10%@921,3%@921,off,off] EMC_FREQ 0%@1600 GR3D_FREQ 0%@614 APE 25 PLL@29.5C CPU@31C iwlwifi@32C PMIC@50C GPU@29.5C AO@40.5C thermal@30.5C POM_5V_IN 1689/1785 POM_5V_GPU 82/90 POM_5V_CPU 164/231
RAM 1401/3964MB (lfb 8x4MB) SWAP 774/6078MB (cached 36MB) IRAM 0/252kB(lfb 252kB) CPU [7%@921,9%@921,off,off] EMC_FREQ 0%@1600 GR3D_FREQ 0%@614 APE 25 PLL@29.5C CPU@31C iwlwifi@32C PMIC@50C GPU@30C AO@41C thermal@30.5C POM_5V_IN 1689/1785 POM_5V_GPU 82/90 POM_5V_CPU 164/231
RAM 1384/3964MB (lfb 8x4MB) SWAP 774/6078MB (cached 36MB) IRAM 0/252kB(lfb 252kB) CPU [6%@921,10%@921,off,off] EMC_FREQ 0%@1600 GR3D_FREQ 0%@614 APE 25 PLL@29.5C CPU@31.5C iwlwifi@32C PMIC@50C GPU@30C AO@41C thermal@30.25C POM_5V_IN 1689/1785 POM_5V_GPU 82/90 POM_5V_CPU 164/231
RAM 1380/3964MB (lfb 8x4MB) SWAP 774/6078MB (cached 36MB) IRAM 0/252kB(lfb 252kB) CPU [5%@921,9%@921,off,off] EMC_FREQ 0%@1600 GR3D_FREQ 0%@614 APE 25 PLL@29.5C CPU@31C iwlwifi@32C PMIC@50C GPU@30C AO@40.5C thermal@30.25C POM_5V_IN 1689/1785 POM_5V_GPU 82/90 POM_5V_CPU 164/231
RAM 1384/3964MB (lfb 8x4MB) SWAP 774/6078MB (cached 36MB) IRAM 0/252kB(lfb 252kB) CPU [7%@921,5%@921,off,off] EMC_FREQ 0%@1600 GR3D_FREQ 0%@614 APE 25 PLL@29.5C CPU@31C iwlwifi@32C PMIC@50C GPU@30C AO@41C thermal@30.5C POM_5V_IN 1689/1785 POM_5V_GPU 82/90 POM_5V_CPU 164/231
RAM 1383/3964MB (lfb 8x4MB) SWAP 774/6078MB (cached 36MB) IRAM 0/252kB(lfb 252kB) CPU [8%@921,6%@921,off,off] EMC_FREQ 0%@1600 GR3D_FREQ 0%@614 APE 25 PLL@30C CPU@31C iwlwifi@32C PMIC@50C GPU@29.5C AO@41C thermal@30.5C POM_5V_IN 1689/1785 POM_5V_GPU 82/90 POM_5V_CPU 123/231
RAM 1386/3964MB (lfb 8x4MB) SWAP 774/6078MB (cached 36MB) IRAM 0/252kB(lfb 252kB) CPU [7%@921,7%@921,off,off] EMC_FREQ 0%@1600 GR3D_FREQ 0%@614 APE 25 PLL@29.5C CPU@31C iwlwifi@32C PMIC@50C GPU@30C AO@40.5C thermal@30.5C POM_5V_IN 1689/1785 POM_5V_GPU 82/90 POM_5V_CPU 164/231
RAM 1381/3964MB (lfb 8x4MB) SWAP 774/6078MB (cached 36MB) IRAM 0/252kB(lfb 252kB) CPU [10%@921,4%@921,off,off] EMC_FREQ 0%@1600 GR3D_FREQ 0%@614 APE 25 PLL@29.5C CPU@31C iwlwifi@32C PMIC@50C GPU@30C AO@40.5C thermal@30.25C POM_5V_IN 1689/1785 POM_5V_GPU 82/90 POM_5V_CPU 164/231
RAM 1384/3964MB (lfb 8x4MB) SWAP 774/6078MB (cached 36MB) IRAM 0/252kB(lfb 252kB) CPU [4%@921,8%@921,off,off] EMC_FREQ 0%@1600 GR3D_FREQ 0%@614 APE 25 PLL@29.5C CPU@31C iwlwifi@32C PMIC@50C GPU@30C AO@40.5C thermal@30.5C POM_5V_IN 1689/1785 POM_5V_GPU 82/90 POM_5V_CPU 164/231
RAM 1384/3964MB (lfb 8x4MB) SWAP 774/6078MB (cached 36MB) IRAM 0/252kB(lfb 252kB) CPU [6%@921,7%@921,off,off] EMC_FREQ 0%@1600 GR3D_FREQ 0%@614 APE 25 PLL@30C CPU@31C iwlwifi@32C PMIC@50C GPU@30C AO@40.5C thermal@30.5C POM_5V_IN 1689/1785 POM_5V_GPU 82/90 POM_5V_CPU 164/231
RAM 1380/3964MB (lfb 8x4MB) SWAP 774/6078MB (cached 36MB) IRAM 0/252kB(lfb 252kB) CPU [7%@921,7%@921,off,off] EMC_FREQ 0%@1600 GR3D_FREQ 0%@614 APE 25 PLL@30C CPU@31C iwlwifi@32C PMIC@50C GPU@29.5C AO@41C thermal@30.5C POM_5V_IN 1689/1785 POM_5V_GPU 82/90 POM_5V_CPU 164/230
RAM 1380/3964MB (lfb 8x4MB) SWAP 774/6078MB (cached 36MB) IRAM 0/252kB(lfb 252kB) CPU [7%@921,6%@921,off,off] EMC_FREQ 0%@1600 GR3D_FREQ 0%@614 APE 25 PLL@30C CPU@31C iwlwifi@32C PMIC@50C GPU@30C AO@40.5C thermal@30.5C POM_5V_IN 1689/1785 POM_5V_GPU 82/90 POM_5V_CPU 164/230
RAM 1382/3964MB (lfb 8x4MB) SWAP 774/6078MB (cached 36MB) IRAM 0/252kB(lfb 252kB) CPU [8%@921,5%@921,off,off] EMC_FREQ 0%@1600 GR3D_FREQ 0%@614 APE 25 PLL@29.5C CPU@31.5C iwlwifi@32C PMIC@50C GPU@29.5C AO@40.5C thermal@30.5C POM_5V_IN 1689/1785 POM_5V_GPU 82/90 POM_5V_CPU 123/230
RAM 1380/3964MB (lfb 8x4MB) SWAP 774/6078MB (cached 36MB) IRAM 0/252kB(lfb 252kB) CPU [7%@921,5%@921,off,off] EMC_FREQ 0%@1600 GR3D_FREQ 0%@614 APE 25 PLL@29.5C CPU@31.5C iwlwifi@32C PMIC@50C GPU@30C AO@41C thermal@30.25C POM_5V_IN 1689/1785 POM_5V_GPU 82/90 POM_5V_CPU 164/230
RAM 1382/3964MB (lfb 8x4MB) SWAP 774/6078MB (cached 36MB) IRAM 0/252kB(lfb 252kB) CPU [9%@921,5%@921,off,off] EMC_FREQ 0%@1600 GR3D_FREQ 0%@614 APE 25 PLL@29.5C CPU@31.5C iwlwifi@32C PMIC@50C GPU@30C AO@41C thermal@30.5C POM_5V_IN 1689/1785 POM_5V_GPU 82/90 POM_5V_CPU 164/230
RAM 1382/3964MB (lfb 8x4MB) SWAP 774/6078MB (cached 36MB) IRAM 0/252kB(lfb 252kB) CPU [7%@921,7%@921,off,off] EMC_FREQ 0%@1600 GR3D_FREQ 0%@614 APE 25 PLL@29.5C CPU@31C iwlwifi@32C PMIC@50C GPU@29.5C AO@40.5C thermal@30.5C POM_5V_IN 1689/1784 POM_5V_GPU 82/90 POM_5V_CPU 164/230
RAM 1384/3964MB (lfb 8x4MB) SWAP 774/6078MB (cached 36MB) IRAM 0/252kB(lfb 252kB) CPU [7%@921,7%@921,off,off] EMC_FREQ 0%@1600 GR3D_FREQ 0%@614 APE 25 PLL@29.5C CPU@31.5C iwlwifi@32C PMIC@50C GPU@29.5C AO@40.5C thermal@30.75C POM_5V_IN 1689/1784 POM_5V_GPU 82/90 POM_5V_CPU 164/230
RAM 1384/3964MB (lfb 8x4MB) SWAP 774/6078MB (cached 36MB) IRAM 0/252kB(lfb 252kB) CPU [5%@921,8%@921,off,off] EMC_FREQ 0%@1600 GR3D_FREQ 0%@614 APE 25 PLL@30C CPU@31C iwlwifi@32C PMIC@50C GPU@30C AO@41C thermal@30.5C POM_5V_IN 1689/1784 POM_5V_GPU 82/90 POM_5V_CPU 164/230
RAM 1382/3964MB (lfb 8x4MB) SWAP 774/6078MB (cached 36MB) IRAM 0/252kB(lfb 252kB) CPU [5%@921,8%@921,off,off] EMC_FREQ 0%@1600 GR3D_FREQ 0%@614 APE 25 PLL@30C CPU@31.5C iwlwifi@32C PMIC@50C GPU@30C AO@41C thermal@30.5C POM_5V_IN 1731/1784 POM_5V_GPU 82/90 POM_5V_CPU 164/230
RAM 1380/3964MB (lfb 8x4MB) SWAP 774/6078MB (cached 36MB) IRAM 0/252kB(lfb 252kB) CPU [7%@921,6%@921,off,off] EMC_FREQ 0%@1600 GR3D_FREQ 0%@614 APE 25 PLL@29.5C CPU@31.5C iwlwifi@32C PMIC@50C GPU@30C AO@41C thermal@30.5C POM_5V_IN 1689/1784 POM_5V_GPU 82/90 POM_5V_CPU 164/230
RAM 1381/3964MB (lfb 8x4MB) SWAP 774/6078MB (cached 36MB) IRAM 0/252kB(lfb 252kB) CPU [6%@921,7%@921,off,off] EMC_FREQ 0%@1600 GR3D_FREQ 0%@614 APE 25 PLL@29.5C CPU@31C iwlwifi@32C PMIC@50C GPU@30C AO@41C thermal@30.25C POM_5V_IN 1689/1784 POM_5V_GPU 82/90 POM_5V_CPU 164/230
RAM 1382/3964MB (lfb 8x4MB) SWAP 774/6078MB (cached 36MB) IRAM 0/252kB(lfb 252kB) CPU [7%@921,6%@921,off,off] EMC_FREQ 0%@1600 GR3D_FREQ 0%@614 APE 25 PLL@29.5C CPU@31C iwlwifi@32C PMIC@50C GPU@30C AO@40.5C thermal@30.75C POM_5V_IN 1689/1784 POM_5V_GPU 82/90 POM_5V_CPU 164/230
RAM 1381/3964MB (lfb 8x4MB) SWAP 774/6078MB (cached 36MB) IRAM 0/252kB(lfb 252kB) CPU [10%@921,4%@921,off,off] EMC_FREQ 0%@1600 GR3D_FREQ 0%@614 APE 25 PLL@30C CPU@31.5C iwlwifi@32C PMIC@50C GPU@30C AO@41C thermal@30.75C POM_5V_IN 1689/1784 POM_5V_GPU 82/90 POM_5V_CPU 164/230
RAM 1382/3964MB (lfb 8x4MB) SWAP 774/6078MB (cached 36MB) IRAM 0/252kB(lfb 252kB) CPU [6%@921,7%@921,off,off] EMC_FREQ 0%@1600 GR3D_FREQ 0%@614 APE 25 PLL@29.5C CPU@31.5C iwlwifi@32C PMIC@50C GPU@30C AO@40.5C thermal@30.5C POM_5V_IN 1689/1784 POM_5V_GPU 82/90 POM_5V_CPU 164/230
RAM 1384/3964MB (lfb 8x4MB) SWAP 774/6078MB (cached 36MB) IRAM 0/252kB(lfb 252kB) CPU [8%@921,5%@921,off,off] EMC_FREQ 0%@1600 GR3D_FREQ 0%@614 APE 25 PLL@29.5C CPU@31.5C iwlwifi@32C PMIC@50C GPU@30C AO@40.5C thermal@30.25C POM_5V_IN 1769/1784 POM_5V_GPU 82/90 POM_5V_CPU 205/230
RAM 1382/3964MB (lfb 8x4MB) SWAP 774/6078MB (cached 36MB) IRAM 0/252kB(lfb 252kB) CPU [5%@921,8%@921,off,off] EMC_FREQ 0%@1600 GR3D_FREQ 0%@614 APE 25 PLL@29.5C CPU@31.5C iwlwifi@32C PMIC@50C GPU@30C AO@40.5C thermal@30.25C POM_5V_IN 1689/1784 POM_5V_GPU 82/90 POM_5V_CPU 123/230
RAM 1380/3964MB (lfb 8x4MB) SWAP 774/6078MB (cached 36MB) IRAM 0/252kB(lfb 252kB) CPU [5%@921,8%@921,off,off] EMC_FREQ 0%@1600 GR3D_FREQ 0%@614 APE 25 PLL@29.5C CPU@31C iwlwifi@32C PMIC@50C GPU@29.5C AO@40.5C thermal@30.75C POM_5V_IN 1689/1784 POM_5V_GPU 82/90 POM_5V_CPU 164/230
RAM 1381/3964MB (lfb 8x4MB) SWAP 774/6078MB (cached 36MB) IRAM 0/252kB(lfb 252kB) CPU [8%@921,5%@921,off,off] EMC_FREQ 0%@1600 GR3D_FREQ 0%@614 APE 25 PLL@29.5C CPU@31.5C iwlwifi@32C PMIC@50C GPU@29.5C AO@41C thermal@30.5C POM_5V_IN 1689/1784 POM_5V_GPU 82/90 POM_5V_CPU 164/230
RAM 1382/3964MB (lfb 8x4MB) SWAP 774/6078MB (cached 36MB) IRAM 0/252kB(lfb 252kB) CPU [5%@921,8%@921,off,off] EMC_FREQ 0%@1600 GR3D_FREQ 0%@614 APE 25 PLL@29.5C CPU@31.5C iwlwifi@32C PMIC@50C GPU@30C AO@40.5C thermal@30.5C POM_5V_IN 1689/1784 POM_5V_GPU 82/90 POM_5V_CPU 164/230
RAM 1385/3964MB (lfb 8x4MB) SWAP 774/6078MB (cached 36MB) IRAM 0/252kB(lfb 252kB) CPU [8%@921,6%@921,off,off] EMC_FREQ 0%@1600 GR3D_FREQ 0%@614 APE 25 PLL@29.5C CPU@31C iwlwifi@32C PMIC@50C GPU@29.5C AO@40.5C thermal@30.25C POM_5V_IN 1687/1784 POM_5V_GPU 82/90 POM_5V_CPU 164/230
RAM 1384/3964MB (lfb 8x4MB) SWAP 774/6078MB (cached 36MB) IRAM 0/252kB(lfb 252kB) CPU [7%@921,6%@921,off,off] EMC_FREQ 0%@1600 GR3D_FREQ 0%@614 APE 25 PLL@29.5C CPU@31C iwlwifi@32C PMIC@50C GPU@29.5C AO@41C thermal@30.5C POM_5V_IN 1687/1784 POM_5V_GPU 82/90 POM_5V_CPU 164/230
RAM 1382/3964MB (lfb 8x4MB) SWAP 774/6078MB (cached 36MB) IRAM 0/252kB(lfb 252kB) CPU [8%@921,5%@921,off,off] EMC_FREQ 0%@1600 GR3D_FREQ 0%@614 APE 25 PLL@29.5C CPU@31.5C iwlwifi@32C PMIC@50C GPU@29.5C AO@41C thermal@30C POM_5V_IN 1689/1784 POM_5V_GPU 82/90 POM_5V_CPU 164/230
RAM 1382/3964MB (lfb 8x4MB) SWAP 774/6078MB (cached 36MB) IRAM 0/252kB(lfb 252kB) CPU [5%@921,8%@921,off,off] EMC_FREQ 0%@1600 GR3D_FREQ 0%@614 APE 25 PLL@29.5C CPU@31C iwlwifi@32C PMIC@50C GPU@29.5C AO@41C thermal@30.25C POM_5V_IN 1689/1784 POM_5V_GPU 82/90 POM_5V_CPU 123/230
RAM 1384/3964MB (lfb 8x4MB) SWAP 774/6078MB (cached 36MB) IRAM 0/252kB(lfb 252kB) CPU [6%@921,8%@921,off,off] EMC_FREQ 0%@1600 GR3D_FREQ 0%@614 APE 25 PLL@29.5C CPU@31C iwlwifi@32C PMIC@50C GPU@30C AO@40.5C thermal@30.25C POM_5V_IN 1689/1784 POM_5V_GPU 82/90 POM_5V_CPU 164/230
RAM 1386/3964MB (lfb 8x4MB) SWAP 774/6078MB (cached 36MB) IRAM 0/252kB(lfb 252kB) CPU [8%@921,5%@921,off,off] EMC_FREQ 0%@1600 GR3D_FREQ 0%@614 APE 25 PLL@29.5C CPU@31C iwlwifi@32C PMIC@50C GPU@30C AO@40.5C thermal@30.5C POM_5V_IN 1687/1784 POM_5V_GPU 82/90 POM_5V_CPU 164/230
RAM 1384/3964MB (lfb 8x4MB) SWAP 774/6078MB (cached 36MB) IRAM 0/252kB(lfb 252kB) CPU [7%@921,6%@921,off,off] EMC_FREQ 0%@1600 GR3D_FREQ 0%@614 APE 25 PLL@29.5C CPU@31C iwlwifi@32C PMIC@50C GPU@30C AO@40.5C thermal@30.5C POM_5V_IN 1689/1784 POM_5V_GPU 82/90 POM_5V_CPU 164/230
RAM 1384/3964MB (lfb 8x4MB) SWAP 774/6078MB (cached 36MB) IRAM 0/252kB(lfb 252kB) CPU [7%@921,6%@921,off,off] EMC_FREQ 0%@1600 GR3D_FREQ 0%@614 APE 25 PLL@29.5C CPU@31C iwlwifi@32C PMIC@50C GPU@29.5C AO@40.5C thermal@30.5C POM_5V_IN 1689/1783 POM_5V_GPU 82/90 POM_5V_CPU 164/229
RAM 1384/3964MB (lfb 8x4MB) SWAP 774/6078MB (cached 36MB) IRAM 0/252kB(lfb 252kB) CPU [5%@921,8%@921,off,off] EMC_FREQ 0%@1600 GR3D_FREQ 0%@614 APE 25 PLL@29.5C CPU@31C iwlwifi@32C PMIC@50C GPU@30C AO@40.5C thermal@30.75C POM_5V_IN 1813/1783 POM_5V_GPU 82/90 POM_5V_CPU 164/229
RAM 1382/3964MB (lfb 8x4MB) SWAP 774/6078MB (cached 36MB) IRAM 0/252kB(lfb 252kB) CPU [7%@921,6%@921,off,off] EMC_FREQ 0%@1600 GR3D_FREQ 0%@614 APE 25 PLL@30C CPU@31.5C iwlwifi@32C PMIC@50C GPU@30C AO@40.5C thermal@30.5C POM_5V_IN 1689/1783 POM_5V_GPU 82/90 POM_5V_CPU 164/229
RAM 1382/3964MB (lfb 8x4MB) SWAP 774/6078MB (cached 36MB) IRAM 0/252kB(lfb 252kB) CPU [9%@921,4%@921,off,off] EMC_FREQ 0%@1600 GR3D_FREQ 0%@614 APE 25 PLL@30C CPU@31.5C iwlwifi@32C PMIC@50C GPU@30C AO@41C thermal@30.25C POM_5V_IN 1689/1783 POM_5V_GPU 82/90 POM_5V_CPU 164/229
RAM 1382/3964MB (lfb 8x4MB) SWAP 773/6078MB (cached 36MB) IRAM 0/252kB(lfb 252kB) CPU [6%@921,8%@921,off,off] EMC_FREQ 0%@1600 GR3D_FREQ 0%@614 APE 25 PLL@30C CPU@31C iwlwifi@32C PMIC@50C GPU@30C AO@41C thermal@30.5C POM_5V_IN 1731/1783 POM_5V_GPU 82/90 POM_5V_CPU 164/229
RAM 1380/3964MB (lfb 8x4MB) SWAP 773/6078MB (cached 36MB) IRAM 0/252kB(lfb 252kB) CPU [6%@921,7%@921,off,off] EMC_FREQ 0%@1600 GR3D_FREQ 0%@614 APE 25 PLL@30C CPU@31C iwlwifi@32C PMIC@50C GPU@29.5C AO@41C thermal@30.5C POM_5V_IN 1689/1783 POM_5V_GPU 82/90 POM_5V_CPU 123/229
RAM 1382/3964MB (lfb 8x4MB) SWAP 773/6078MB (cached 36MB) IRAM 0/252kB(lfb 252kB) CPU [6%@921,8%@921,off,off] EMC_FREQ 0%@1600 GR3D_FREQ 0%@614 APE 25 PLL@30C CPU@31C iwlwifi@32C PMIC@50C GPU@30C AO@40.5C thermal@30.5C POM_5V_IN 1689/1783 POM_5V_GPU 82/90 POM_5V_CPU 164/229
RAM 1380/3964MB (lfb 8x4MB) SWAP 773/6078MB (cached 36MB) IRAM 0/252kB(lfb 252kB) CPU [7%@921,6%@921,off,off] EMC_FREQ 0%@1600 GR3D_FREQ 0%@614 APE 25 PLL@30C CPU@31C iwlwifi@32C PMIC@50C GPU@30C AO@40.5C thermal@30.25C POM_5V_IN 1689/1783 POM_5V_GPU 82/90 POM_5V_CPU 164/229
RAM 1384/3964MB (lfb 8x4MB) SWAP 773/6078MB (cached 36MB) IRAM 0/252kB(lfb 252kB) CPU [5%@921,8%@921,off,off] EMC_FREQ 0%@1600 GR3D_FREQ 0%@614 APE 25 PLL@29.5C CPU@31C iwlwifi@32C PMIC@50C GPU@30C AO@40.5C thermal@30.25C POM_5V_IN 1689/1783 POM_5V_GPU 82/90 POM_5V_CPU 164/229
RAM 1382/3964MB (lfb 8x4MB) SWAP 773/6078MB (cached 36MB) IRAM 0/252kB(lfb 252kB) CPU [4%@921,9%@921,off,off] EMC_FREQ 0%@1600 GR3D_FREQ 0%@614 APE 25 PLL@30C CPU@31C iwlwifi@32C PMIC@50C GPU@29.5C AO@40.5C thermal@30.5C POM_5V_IN 1689/1783 POM_5V_GPU 82/90 POM_5V_CPU 123/229
RAM 1382/3964MB (lfb 8x4MB) SWAP 773/6078MB (cached 36MB) IRAM 0/252kB(lfb 252kB) CPU [9%@921,5%@921,off,off] EMC_FREQ 0%@1600 GR3D_FREQ 0%@614 APE 25 PLL@30C CPU@31.5C iwlwifi@32C PMIC@50C GPU@30C AO@40.5C thermal@30.25C POM_5V_IN 1689/1783 POM_5V_GPU 82/90 POM_5V_CPU 164/229
RAM 1382/3964MB (lfb 8x4MB) SWAP 773/6078MB (cached 36MB) IRAM 0/252kB(lfb 252kB) CPU [7%@921,6%@921,off,off] EMC_FREQ 0%@1600 GR3D_FREQ 0%@614 APE 25 PLL@30C CPU@31.5C iwlwifi@32C PMIC@50C GPU@30C AO@40.5C thermal@30.25C POM_5V_IN 1731/1783 POM_5V_GPU 82/90 POM_5V_CPU 164/229
RAM 1381/3964MB (lfb 8x4MB) SWAP 773/6078MB (cached 36MB) IRAM 0/252kB(lfb 252kB) CPU [9%@921,4%@921,off,off] EMC_FREQ 0%@1600 GR3D_FREQ 0%@614 APE 25 PLL@29.5C CPU@31C iwlwifi@32C PMIC@50C GPU@30C AO@40.5C thermal@30.5C POM_5V_IN 1689/1783 POM_5V_GPU 82/90 POM_5V_CPU 164/229
RAM 1386/3964MB (lfb 8x4MB) SWAP 773/6078MB (cached 36MB) IRAM 0/252kB(lfb 252kB) CPU [8%@921,6%@921,off,off] EMC_FREQ 0%@1600 GR3D_FREQ 0%@614 APE 25 PLL@30C CPU@31.5C iwlwifi@32C PMIC@50C GPU@29.5C AO@40.5C thermal@30.25C POM_5V_IN 1689/1783 POM_5V_GPU 82/90 POM_5V_CPU 164/229
RAM 1384/3964MB (lfb 8x4MB) SWAP 773/6078MB (cached 36MB) IRAM 0/252kB(lfb 252kB) CPU [5%@921,8%@921,off,off] EMC_FREQ 0%@1600 GR3D_FREQ 0%@614 APE 25 PLL@29.5C CPU@31C iwlwifi@32C PMIC@50C GPU@30C AO@41C thermal@30.5C POM_5V_IN 1689/1783 POM_5V_GPU 82/90 POM_5V_CPU 164/229
RAM 1382/3964MB (lfb 8x4MB) SWAP 773/6078MB (cached 36MB) IRAM 0/252kB(lfb 252kB) CPU [9%@921,4%@921,off,off] EMC_FREQ 0%@1600 GR3D_FREQ 0%@614 APE 25 PLL@30C CPU@31C iwlwifi@32C PMIC@50C GPU@30C AO@40.5C thermal@30.75C POM_5V_IN 1689/1783 POM_5V_GPU 82/90 POM_5V_CPU 164/229
RAM 1380/3964MB (lfb 8x4MB) SWAP 773/6078MB (cached 36MB) IRAM 0/252kB(lfb 252kB) CPU [6%@921,7%@921,off,off] EMC_FREQ 0%@1600 GR3D_FREQ 0%@614 APE 25 PLL@29.5C CPU@31.5C iwlwifi@32C PMIC@50C GPU@30C AO@40.5C thermal@30.5C POM_5V_IN 1689/1783 POM_5V_GPU 82/90 POM_5V_CPU 164/229
RAM 1384/3964MB (lfb 8x4MB) SWAP 773/6078MB (cached 36MB) IRAM 0/252kB(lfb 252kB) CPU [8%@921,6%@921,off,off] EMC_FREQ 0%@1600 GR3D_FREQ 0%@614 APE 25 PLL@30C CPU@31C iwlwifi@32C PMIC@50C GPU@30C AO@41C thermal@30.75C POM_5V_IN 1731/1783 POM_5V_GPU 82/90 POM_5V_CPU 164/229
RAM 1382/3964MB (lfb 8x4MB) SWAP 773/6078MB (cached 36MB) IRAM 0/252kB(lfb 252kB) CPU [5%@921,9%@921,off,off] EMC_FREQ 0%@1600 GR3D_FREQ 0%@614 APE 25 PLL@29.5C CPU@31C iwlwifi@32C PMIC@50C GPU@29.5C AO@41C thermal@30.5C POM_5V_IN 1689/1783 POM_5V_GPU 82/90 POM_5V_CPU 164/229
RAM 1384/3964MB (lfb 8x4MB) SWAP 773/6078MB (cached 36MB) IRAM 0/252kB(lfb 252kB) CPU [5%@921,8%@921,off,off] EMC_FREQ 0%@1600 GR3D_FREQ 0%@614 APE 25 PLL@30C CPU@31.5C iwlwifi@32C PMIC@50C GPU@30C AO@41C thermal@30.5C POM_5V_IN 1731/1783 POM_5V_GPU 82/90 POM_5V_CPU 164/229
RAM 1382/3964MB (lfb 8x4MB) SWAP 773/6078MB (cached 36MB) IRAM 0/252kB(lfb 252kB) CPU [7%@921,5%@921,off,off] EMC_FREQ 0%@1600 GR3D_FREQ 0%@614 APE 25 PLL@30C CPU@31.5C iwlwifi@32C PMIC@50C GPU@30C AO@40.5C thermal@30.5C POM_5V_IN 1689/1783 POM_5V_GPU 82/90 POM_5V_CPU 164/229
RAM 1380/3964MB (lfb 8x4MB) SWAP 773/6078MB (cached 36MB) IRAM 0/252kB(lfb 252kB) CPU [5%@921,9%@921,off,off] EMC_FREQ 0%@1600 GR3D_FREQ 0%@614 APE 25 PLL@29.5C CPU@31C iwlwifi@32C PMIC@50C GPU@29.5C AO@41C thermal@30.25C POM_5V_IN 1689/1783 POM_5V_GPU 82/90 POM_5V_CPU 164/229
RAM 1380/3964MB (lfb 8x4MB) SWAP 773/6078MB (cached 36MB) IRAM 0/252kB(lfb 252kB) CPU [6%@921,7%@921,off,off] EMC_FREQ 0%@1600 GR3D_FREQ 0%@614 APE 25 PLL@29.5C CPU@31C iwlwifi@32C PMIC@50C GPU@29.5C AO@41C thermal@30.5C POM_5V_IN 1687/1782 POM_5V_GPU 82/90 POM_5V_CPU 164/229
RAM 1384/3964MB (lfb 8x4MB) SWAP 773/6078MB (cached 36MB) IRAM 0/252kB(lfb 252kB) CPU [8%@921,7%@921,off,off] EMC_FREQ 0%@1600 GR3D_FREQ 0%@614 APE 25 PLL@29.5C CPU@31C iwlwifi@32C PMIC@50C GPU@30C AO@40.5C thermal@30.5C POM_5V_IN 1689/1782 POM_5V_GPU 82/90 POM_5V_CPU 164/229
RAM 1382/3964MB (lfb 8x4MB) SWAP 773/6078MB (cached 36MB) IRAM 0/252kB(lfb 252kB) CPU [7%@921,6%@921,off,off] EMC_FREQ 0%@1600 GR3D_FREQ 0%@614 APE 25 PLL@29.5C CPU@31.5C iwlwifi@32C PMIC@50C GPU@30C AO@40.5C thermal@30.75C POM_5V_IN 1689/1782 POM_5V_GPU 82/90 POM_5V_CPU 164/229
RAM 1381/3964MB (lfb 8x4MB) SWAP 773/6078MB (cached 36MB) IRAM 0/252kB(lfb 252kB) CPU [7%@921,7%@921,off,off] EMC_FREQ 0%@1600 GR3D_FREQ 0%@614 APE 25 PLL@30C CPU@31.5C iwlwifi@32C PMIC@50C GPU@30C AO@40.5C thermal@30.75C POM_5V_IN 1689/1782 POM_5V_GPU 82/90 POM_5V_CPU 164/229
RAM 1381/3964MB (lfb 8x4MB) SWAP 773/6078MB (cached 36MB) IRAM 0/252kB(lfb 252kB) CPU [7%@921,7%@921,off,off] EMC_FREQ 0%@1600 GR3D_FREQ 0%@614 APE 25 PLL@29.5C CPU@31C iwlwifi@32C PMIC@50C GPU@29.5C AO@41C thermal@30.5C POM_5V_IN 1689/1782 POM_5V_GPU 82/90 POM_5V_CPU 164/229
RAM 1380/3964MB (lfb 8x4MB) SWAP 773/6078MB (cached 36MB) IRAM 0/252kB(lfb 252kB) CPU [7%@921,6%@921,off,off] EMC_FREQ 0%@1600 GR3D_FREQ 0%@614 APE 25 PLL@29.5C CPU@31.5C iwlwifi@32C PMIC@50C GPU@29.5C AO@40.5C thermal@30.75C POM_5V_IN 1689/1782 POM_5V_GPU 82/90 POM_5V_CPU 123/228
RAM 1380/3964MB (lfb 8x4MB) SWAP 773/6078MB (cached 36MB) IRAM 0/252kB(lfb 252kB) CPU [7%@921,6%@921,off,off] EMC_FREQ 0%@1600 GR3D_FREQ 0%@614 APE 25 PLL@30C CPU@31C iwlwifi@32C PMIC@50C GPU@29.5C AO@41C thermal@30.75C POM_5V_IN 1689/1782 POM_5V_GPU 82/90 POM_5V_CPU 123/228
RAM 1381/3964MB (lfb 8x4MB) SWAP 773/6078MB (cached 36MB) IRAM 0/252kB(lfb 252kB) CPU [8%@921,6%@921,off,off] EMC_FREQ 0%@1600 GR3D_FREQ 0%@614 APE 25 PLL@29.5C CPU@31C iwlwifi@32C PMIC@50C GPU@29.5C AO@41C thermal@30.25C POM_5V_IN 1731/1782 POM_5V_GPU 82/90 POM_5V_CPU 164/228
RAM 1380/3964MB (lfb 8x4MB) SWAP 773/6078MB (cached 36MB) IRAM 0/252kB(lfb 252kB) CPU [6%@921,8%@921,off,off] EMC_FREQ 0%@1600 GR3D_FREQ 0%@614 APE 25 PLL@29C CPU@31C iwlwifi@32C PMIC@50C GPU@30C AO@41C thermal@30.5C POM_5V_IN 1689/1782 POM_5V_GPU 82/90 POM_5V_CPU 164/228
RAM 1384/3964MB (lfb 8x4MB) SWAP 773/6078MB (cached 36MB) IRAM 0/252kB(lfb 252kB) CPU [9%@921,5%@921,off,off] EMC_FREQ 0%@1600 GR3D_FREQ 0%@614 APE 25 PLL@29.5C CPU@31C iwlwifi@32C PMIC@50C GPU@30C AO@40.5C thermal@30.75C POM_5V_IN 1689/1782 POM_5V_GPU 82/90 POM_5V_CPU 164/228
RAM 1384/3964MB (lfb 8x4MB) SWAP 773/6078MB (cached 36MB) IRAM 0/252kB(lfb 252kB) CPU [9%@921,4%@921,off,off] EMC_FREQ 0%@1600 GR3D_FREQ 0%@614 APE 25 PLL@29.5C CPU@31C iwlwifi@32C PMIC@50C GPU@30C AO@41C thermal@30.25C POM_5V_IN 1689/1782 POM_5V_GPU 82/90 POM_5V_CPU 164/228
RAM 1382/3964MB (lfb 8x4MB) SWAP 773/6078MB (cached 36MB) IRAM 0/252kB(lfb 252kB) CPU [7%@921,7%@921,off,off] EMC_FREQ 0%@1600 GR3D_FREQ 0%@614 APE 25 PLL@29.5C CPU@31C iwlwifi@32C PMIC@50C GPU@30C AO@40.5C thermal@30.5C POM_5V_IN 1689/1782 POM_5V_GPU 82/90 POM_5V_CPU 164/228
RAM 1385/3964MB (lfb 8x4MB) SWAP 773/6078MB (cached 36MB) IRAM 0/252kB(lfb 252kB) CPU [8%@921,7%@921,off,off] EMC_FREQ 0%@1600 GR3D_FREQ 0%@614 APE 25 PLL@29.5C CPU@31.5C iwlwifi@32C PMIC@50C GPU@30C AO@40.5C thermal@30.5C POM_5V_IN 1731/1782 POM_5V_GPU 82/90 POM_5V_CPU 164/228
RAM 1380/3964MB (lfb 8x4MB) SWAP 773/6078MB (cached 36MB) IRAM 0/252kB(lfb 252kB) CPU [5%@921,8%@921,off,off] EMC_FREQ 0%@1600 GR3D_FREQ 0%@614 APE 25 PLL@29.5C CPU@31C iwlwifi@32C PMIC@50C GPU@30C AO@40.5C thermal@30.25C POM_5V_IN 1689/1782 POM_5V_GPU 82/90 POM_5V_CPU 123/228
RAM 1384/3964MB (lfb 8x4MB) SWAP 773/6078MB (cached 36MB) IRAM 0/252kB(lfb 252kB) CPU [7%@921,7%@921,off,off] EMC_FREQ 0%@1600 GR3D_FREQ 0%@614 APE 25 PLL@29.5C CPU@31C iwlwifi@32C PMIC@50C GPU@30C AO@40.5C thermal@30.5C POM_5V_IN 2013/1782 POM_5V_GPU 82/90 POM_5V_CPU 410/228
RAM 1382/3964MB (lfb 8x4MB) SWAP 773/6078MB (cached 36MB) IRAM 0/252kB(lfb 252kB) CPU [5%@921,7%@921,off,off] EMC_FREQ 0%@1600 GR3D_FREQ 0%@614 APE 25 PLL@29.5C CPU@31C iwlwifi@32C PMIC@50C GPU@30C AO@40.5C thermal@30.5C POM_5V_IN 1689/1782 POM_5V_GPU 82/90 POM_5V_CPU 123/228
RAM 1382/3964MB (lfb 8x4MB) SWAP 773/6078MB (cached 36MB) IRAM 0/252kB(lfb 252kB) CPU [7%@921,6%@921,off,off] EMC_FREQ 0%@1600 GR3D_FREQ 0%@614 APE 25 PLL@29.5C CPU@31.5C iwlwifi@32C PMIC@50C GPU@30C AO@41C thermal@30.75C POM_5V_IN 1689/1782 POM_5V_GPU 82/90 POM_5V_CPU 164/228
RAM 1381/3964MB (lfb 8x4MB) SWAP 773/6078MB (cached 36MB) IRAM 0/252kB(lfb 252kB) CPU [6%@921,7%@921,off,off] EMC_FREQ 0%@1600 GR3D_FREQ 0%@614 APE 25 PLL@30C CPU@31.5C iwlwifi@32C PMIC@50C GPU@29.5C AO@40.5C thermal@30.75C POM_5V_IN 1689/1782 POM_5V_GPU 82/90 POM_5V_CPU 164/228
RAM 1382/3964MB (lfb 8x4MB) SWAP 773/6078MB (cached 36MB) IRAM 0/252kB(lfb 252kB) CPU [7%@921,7%@921,off,off] EMC_FREQ 0%@1600 GR3D_FREQ 0%@614 APE 25 PLL@29.5C CPU@31.5C iwlwifi@32C PMIC@50C GPU@29.5C AO@40.5C thermal@30.5C POM_5V_IN 1689/1782 POM_5V_GPU 82/90 POM_5V_CPU 164/228
RAM 1380/3964MB (lfb 8x4MB) SWAP 773/6078MB (cached 36MB) IRAM 0/252kB(lfb 252kB) CPU [8%@921,5%@921,off,off] EMC_FREQ 0%@1600 GR3D_FREQ 0%@614 APE 25 PLL@30C CPU@31.5C iwlwifi@32C PMIC@50C GPU@30C AO@40.5C thermal@30.5C POM_5V_IN 1689/1782 POM_5V_GPU 82/90 POM_5V_CPU 164/228
RAM 1380/3964MB (lfb 8x4MB) SWAP 773/6078MB (cached 36MB) IRAM 0/252kB(lfb 252kB) CPU [7%@921,7%@921,off,off] EMC_FREQ 0%@1600 GR3D_FREQ 0%@614 APE 25 PLL@29.5C CPU@31C iwlwifi@32C PMIC@50C GPU@30C AO@41C thermal@30.5C POM_5V_IN 1731/1782 POM_5V_GPU 82/90 POM_5V_CPU 164/228
RAM 1384/3964MB (lfb 8x4MB) SWAP 773/6078MB (cached 36MB) IRAM 0/252kB(lfb 252kB) CPU [3%@921,10%@921,off,off] EMC_FREQ 0%@1600 GR3D_FREQ 0%@614 APE 25 PLL@29.5C CPU@31C iwlwifi@32C PMIC@50C GPU@30C AO@40.5C thermal@30.25C POM_5V_IN 1689/1782 POM_5V_GPU 82/90 POM_5V_CPU 164/228
RAM 1382/3964MB (lfb 8x4MB) SWAP 773/6078MB (cached 36MB) IRAM 0/252kB(lfb 252kB) CPU [5%@921,8%@921,off,off] EMC_FREQ 0%@1600 GR3D_FREQ 0%@614 APE 25 PLL@29.5C CPU@31.5C iwlwifi@32C PMIC@50C GPU@29.5C AO@40.5C thermal@30.75C POM_5V_IN 1689/1782 POM_5V_GPU 82/90 POM_5V_CPU 164/228
RAM 1384/3964MB (lfb 8x4MB) SWAP 773/6078MB (cached 36MB) IRAM 0/252kB(lfb 252kB) CPU [7%@921,6%@921,off,off] EMC_FREQ 0%@1600 GR3D_FREQ 0%@614 APE 25 PLL@30C CPU@31.5C iwlwifi@32C PMIC@50C GPU@29.5C AO@41C thermal@30.5C POM_5V_IN 1689/1782 POM_5V_GPU 82/90 POM_5V_CPU 164/228
RAM 1382/3964MB (lfb 8x4MB) SWAP 773/6078MB (cached 36MB) IRAM 0/252kB(lfb 252kB) CPU [6%@921,8%@921,off,off] EMC_FREQ 0%@1600 GR3D_FREQ 0%@614 APE 25 PLL@29.5C CPU@31.5C iwlwifi@32C PMIC@50C GPU@29.5C AO@41C thermal@30.5C POM_5V_IN 1689/1782 POM_5V_GPU 82/90 POM_5V_CPU 164/228
RAM 1382/3964MB (lfb 8x4MB) SWAP 773/6078MB (cached 36MB) IRAM 0/252kB(lfb 252kB) CPU [6%@921,7%@921,off,off] EMC_FREQ 0%@1600 GR3D_FREQ 0%@614 APE 25 PLL@29.5C CPU@31.5C iwlwifi@32C PMIC@50C GPU@29.5C AO@40.5C thermal@30.75C POM_5V_IN 1731/1781 POM_5V_GPU 82/90 POM_5V_CPU 206/228
RAM 1384/3964MB (lfb 8x4MB) SWAP 773/6078MB (cached 36MB) IRAM 0/252kB(lfb 252kB) CPU [8%@921,6%@921,off,off] EMC_FREQ 0%@1600 GR3D_FREQ 0%@614 APE 25 PLL@29.5C CPU@31C iwlwifi@32C PMIC@50C GPU@29.5C AO@41C thermal@30.25C POM_5V_IN 1689/1781 POM_5V_GPU 82/90 POM_5V_CPU 164/228
RAM 1384/3964MB (lfb 8x4MB) SWAP 773/6078MB (cached 36MB) IRAM 0/252kB(lfb 252kB) CPU [5%@921,8%@921,off,off] EMC_FREQ 0%@1600 GR3D_FREQ 0%@614 APE 25 PLL@29.5C CPU@31.5C iwlwifi@32C PMIC@50C GPU@30C AO@41C thermal@30.75C POM_5V_IN 1689/1781 POM_5V_GPU 82/90 POM_5V_CPU 123/228
RAM 1380/3964MB (lfb 8x4MB) SWAP 773/6078MB (cached 36MB) IRAM 0/252kB(lfb 252kB) CPU [7%@921,6%@921,off,off] EMC_FREQ 0%@1600 GR3D_FREQ 0%@614 APE 25 PLL@29.5C CPU@31.5C iwlwifi@32C PMIC@50C GPU@29.5C AO@40.5C thermal@30.75C POM_5V_IN 1689/1781 POM_5V_GPU 82/90 POM_5V_CPU 164/228
RAM 1382/3964MB (lfb 8x4MB) SWAP 773/6078MB (cached 36MB) IRAM 0/252kB(lfb 252kB) CPU [8%@921,6%@921,off,off] EMC_FREQ 0%@1600 GR3D_FREQ 0%@614 APE 25 PLL@29.5C CPU@31.5C iwlwifi@32C PMIC@50C GPU@29.5C AO@41C thermal@30.5C POM_5V_IN 1689/1781 POM_5V_GPU 82/90 POM_5V_CPU 164/228
RAM 1382/3964MB (lfb 8x4MB) SWAP 773/6078MB (cached 36MB) IRAM 0/252kB(lfb 252kB) CPU [5%@921,7%@921,off,off] EMC_FREQ 0%@1600 GR3D_FREQ 0%@614 APE 25 PLL@29.5C CPU@31C iwlwifi@32C PMIC@50C GPU@30C AO@41C thermal@30.25C POM_5V_IN 1689/1781 POM_5V_GPU 82/90 POM_5V_CPU 164/228
RAM 1383/3964MB (lfb 8x4MB) SWAP 773/6078MB (cached 36MB) IRAM 0/252kB(lfb 252kB) CPU [5%@921,8%@921,off,off] EMC_FREQ 0%@1600 GR3D_FREQ 0%@614 APE 25 PLL@29.5C CPU@31.5C iwlwifi@32C PMIC@50C GPU@29.5C AO@41C thermal@30.5C POM_5V_IN 1689/1781 POM_5V_GPU 82/90 POM_5V_CPU 164/228
RAM 1383/3964MB (lfb 8x4MB) SWAP 773/6078MB (cached 36MB) IRAM 0/252kB(lfb 252kB) CPU [7%@921,6%@921,off,off] EMC_FREQ 0%@1600 GR3D_FREQ 0%@614 APE 25 PLL@29.5C CPU@31.5C iwlwifi@32C PMIC@50C GPU@29.5C AO@41C thermal@30.25C POM_5V_IN 1689/1781 POM_5V_GPU 82/90 POM_5V_CPU 164/228
RAM 1383/3964MB (lfb 8x4MB) SWAP 773/6078MB (cached 36MB) IRAM 0/252kB(lfb 252kB) CPU [7%@921,8%@921,off,off] EMC_FREQ 0%@1600 GR3D_FREQ 0%@614 APE 25 PLL@29.5C CPU@31.5C iwlwifi@32C PMIC@50C GPU@29.5C AO@40.5C thermal@30.25C POM_5V_IN 1689/1781 POM_5V_GPU 82/90 POM_5V_CPU 164/228
RAM 1381/3964MB (lfb 8x4MB) SWAP 773/6078MB (cached 36MB) IRAM 0/252kB(lfb 252kB) CPU [7%@921,6%@921,off,off] EMC_FREQ 0%@1600 GR3D_FREQ 0%@614 APE 25 PLL@29.5C CPU@31.5C iwlwifi@32C PMIC@50C GPU@29.5C AO@40.5C thermal@30.25C POM_5V_IN 1689/1781 POM_5V_GPU 82/90 POM_5V_CPU 164/228
RAM 1383/3964MB (lfb 8x4MB) SWAP 773/6078MB (cached 36MB) IRAM 0/252kB(lfb 252kB) CPU [9%@921,4%@921,off,off] EMC_FREQ 0%@1600 GR3D_FREQ 0%@614 APE 25 PLL@29.5C CPU@31.5C iwlwifi@32C PMIC@50C GPU@29.5C AO@41C thermal@30.5C POM_5V_IN 1689/1781 POM_5V_GPU 82/90 POM_5V_CPU 164/227
RAM 1383/3964MB (lfb 8x4MB) SWAP 773/6078MB (cached 36MB) IRAM 0/252kB(lfb 252kB) CPU [6%@921,8%@921,off,off] EMC_FREQ 0%@1600 GR3D_FREQ 0%@614 APE 25 PLL@29.5C CPU@31C iwlwifi@32C PMIC@50C GPU@29.5C AO@40.5C thermal@30.5C POM_5V_IN 1689/1781 POM_5V_GPU 82/90 POM_5V_CPU 164/227
RAM 1383/3964MB (lfb 8x4MB) SWAP 773/6078MB (cached 36MB) IRAM 0/252kB(lfb 252kB) CPU [7%@921,6%@921,off,off] EMC_FREQ 0%@1600 GR3D_FREQ 0%@614 APE 25 PLL@29.5C CPU@31C iwlwifi@32C PMIC@50C GPU@30C AO@40.5C thermal@30.25C POM_5V_IN 1731/1781 POM_5V_GPU 82/90 POM_5V_CPU 164/227
RAM 1385/3964MB (lfb 8x4MB) SWAP 773/6078MB (cached 36MB) IRAM 0/252kB(lfb 252kB) CPU [10%@921,3%@921,off,off] EMC_FREQ 0%@1600 GR3D_FREQ 0%@614 APE 25 PLL@29.5C CPU@31.5C iwlwifi@32C PMIC@50C GPU@30C AO@40.5C thermal@30.5C POM_5V_IN 1731/1781 POM_5V_GPU 82/90 POM_5V_CPU 164/227
RAM 1381/3964MB (lfb 8x4MB) SWAP 773/6078MB (cached 36MB) IRAM 0/252kB(lfb 252kB) CPU [5%@921,8%@921,off,off] EMC_FREQ 0%@1600 GR3D_FREQ 0%@614 APE 25 PLL@29.5C CPU@31C iwlwifi@33C PMIC@50C GPU@29.5C AO@40.5C thermal@30.25C POM_5V_IN 1731/1781 POM_5V_GPU 82/90 POM_5V_CPU 164/227
RAM 1385/3964MB (lfb 8x4MB) SWAP 773/6078MB (cached 36MB) IRAM 0/252kB(lfb 252kB) CPU [6%@921,7%@921,off,off] EMC_FREQ 0%@1600 GR3D_FREQ 0%@614 APE 25 PLL@29.5C CPU@31C iwlwifi@32C PMIC@50C GPU@30C AO@40.5C thermal@30.5C POM_5V_IN 1689/1781 POM_5V_GPU 82/90 POM_5V_CPU 164/227
RAM 1381/3964MB (lfb 8x4MB) SWAP 773/6078MB (cached 36MB) IRAM 0/252kB(lfb 252kB) CPU [6%@921,7%@921,off,off] EMC_FREQ 0%@1600 GR3D_FREQ 0%@614 APE 25 PLL@29.5C CPU@31C iwlwifi@32C PMIC@50C GPU@29.5C AO@40.5C thermal@30.5C POM_5V_IN 1689/1781 POM_5V_GPU 82/90 POM_5V_CPU 164/227
RAM 1382/3964MB (lfb 8x4MB) SWAP 773/6078MB (cached 36MB) IRAM 0/252kB(lfb 252kB) CPU [6%@921,7%@921,off,off] EMC_FREQ 0%@1600 GR3D_FREQ 0%@614 APE 25 PLL@29.5C CPU@31.5C iwlwifi@32C PMIC@50C GPU@30C AO@40.5C thermal@30.5C POM_5V_IN 1689/1781 POM_5V_GPU 82/90 POM_5V_CPU 164/227
RAM 1381/3964MB (lfb 8x4MB) SWAP 773/6078MB (cached 36MB) IRAM 0/252kB(lfb 252kB) CPU [7%@921,6%@921,off,off] EMC_FREQ 0%@1600 GR3D_FREQ 0%@614 APE 25 PLL@29.5C CPU@31C iwlwifi@32C PMIC@50C GPU@30C AO@40.5C thermal@30.75C POM_5V_IN 1731/1781 POM_5V_GPU 82/90 POM_5V_CPU 164/227
RAM 1383/3964MB (lfb 8x4MB) SWAP 773/6078MB (cached 36MB) IRAM 0/252kB(lfb 252kB) CPU [8%@921,6%@921,off,off] EMC_FREQ 0%@1600 GR3D_FREQ 0%@614 APE 25 PLL@29.5C CPU@31C iwlwifi@32C PMIC@50C GPU@30C AO@40.5C thermal@30.25C POM_5V_IN 1731/1781 POM_5V_GPU 82/90 POM_5V_CPU 164/227
RAM 1383/3964MB (lfb 8x4MB) SWAP 773/6078MB (cached 36MB) IRAM 0/252kB(lfb 252kB) CPU [7%@921,6%@921,off,off] EMC_FREQ 0%@1600 GR3D_FREQ 0%@614 APE 25 PLL@29.5C CPU@31C iwlwifi@32C PMIC@50C GPU@30C AO@40.5C thermal@30.5C POM_5V_IN 1689/1781 POM_5V_GPU 82/90 POM_5V_CPU 164/227
RAM 1383/3964MB (lfb 8x4MB) SWAP 773/6078MB (cached 36MB) IRAM 0/252kB(lfb 252kB) CPU [7%@921,8%@921,off,off] EMC_FREQ 0%@1600 GR3D_FREQ 0%@614 APE 25 PLL@29.5C CPU@31C iwlwifi@32C PMIC@50C GPU@30C AO@40.5C thermal@30.5C POM_5V_IN 1772/1781 POM_5V_GPU 82/89 POM_5V_CPU 164/227
RAM 1381/3964MB (lfb 8x4MB) SWAP 773/6078MB (cached 36MB) IRAM 0/252kB(lfb 252kB) CPU [7%@921,6%@921,off,off] EMC_FREQ 0%@1600 GR3D_FREQ 0%@614 APE 25 PLL@29.5C CPU@31C iwlwifi@32C PMIC@50C GPU@29.5C AO@40.5C thermal@30.25C POM_5V_IN 1689/1781 POM_5V_GPU 82/89 POM_5V_CPU 164/227
RAM 1385/3964MB (lfb 8x4MB) SWAP 773/6078MB (cached 36MB) IRAM 0/252kB(lfb 252kB) CPU [7%@921,6%@921,off,off] EMC_FREQ 0%@1600 GR3D_FREQ 0%@614 APE 25 PLL@29.5C CPU@31C iwlwifi@32C PMIC@50C GPU@29.5C AO@40.5C thermal@30.25C POM_5V_IN 1689/1781 POM_5V_GPU 82/89 POM_5V_CPU 164/227
RAM 1381/3964MB (lfb 8x4MB) SWAP 773/6078MB (cached 36MB) IRAM 0/252kB(lfb 252kB) CPU [5%@921,8%@921,off,off] EMC_FREQ 0%@1600 GR3D_FREQ 0%@614 APE 25 PLL@29.5C CPU@31.5C iwlwifi@32C PMIC@50C GPU@29.5C AO@40.5C thermal@30.25C POM_5V_IN 1689/1780 POM_5V_GPU 82/89 POM_5V_CPU 164/227
RAM 1383/3964MB (lfb 8x4MB) SWAP 773/6078MB (cached 36MB) IRAM 0/252kB(lfb 252kB) CPU [8%@921,6%@921,off,off] EMC_FREQ 0%@1600 GR3D_FREQ 0%@614 APE 25 PLL@29.5C CPU@31C iwlwifi@32C PMIC@50C GPU@29.5C AO@40.5C thermal@30.25C POM_5V_IN 1689/1780 POM_5V_GPU 82/89 POM_5V_CPU 164/227
RAM 1381/3964MB (lfb 8x4MB) SWAP 773/6078MB (cached 36MB) IRAM 0/252kB(lfb 252kB) CPU [6%@921,7%@921,off,off] EMC_FREQ 0%@1600 GR3D_FREQ 0%@614 APE 25 PLL@30C CPU@31C iwlwifi@32C PMIC@50C GPU@29.5C AO@41C thermal@30.25C POM_5V_IN 1689/1780 POM_5V_GPU 82/89 POM_5V_CPU 123/227
RAM 1383/3964MB (lfb 8x4MB) SWAP 773/6078MB (cached 36MB) IRAM 0/252kB(lfb 252kB) CPU [6%@921,7%@921,off,off] EMC_FREQ 0%@1600 GR3D_FREQ 0%@614 APE 25 PLL@29.5C CPU@31C iwlwifi@32C PMIC@50C GPU@29.5C AO@40.5C thermal@30.25C POM_5V_IN 1689/1780 POM_5V_GPU 82/89 POM_5V_CPU 164/227
RAM 1382/3964MB (lfb 8x4MB) SWAP 773/6078MB (cached 36MB) IRAM 0/252kB(lfb 252kB) CPU [6%@921,9%@921,off,off] EMC_FREQ 0%@1600 GR3D_FREQ 0%@614 APE 25 PLL@29.5C CPU@31C iwlwifi@32C PMIC@50C GPU@30C AO@40.5C thermal@30.5C POM_5V_IN 1689/1780 POM_5V_GPU 82/89 POM_5V_CPU 164/227
RAM 1382/3964MB (lfb 8x4MB) SWAP 773/6078MB (cached 36MB) IRAM 0/252kB(lfb 252kB) CPU [5%@921,9%@921,off,off] EMC_FREQ 0%@1600 GR3D_FREQ 0%@614 APE 25 PLL@30C CPU@31C iwlwifi@32C PMIC@50C GPU@29.5C AO@40.5C thermal@30.75C POM_5V_IN 1689/1780 POM_5V_GPU 82/89 POM_5V_CPU 164/227
RAM 1385/3964MB (lfb 8x4MB) SWAP 773/6078MB (cached 36MB) IRAM 0/252kB(lfb 252kB) CPU [6%@921,7%@921,off,off] EMC_FREQ 0%@1600 GR3D_FREQ 0%@614 APE 25 PLL@30C CPU@31.5C iwlwifi@32C PMIC@50C GPU@29.5C AO@40.5C thermal@30.25C POM_5V_IN 1689/1780 POM_5V_GPU 82/89 POM_5V_CPU 164/227
RAM 1381/3964MB (lfb 8x4MB) SWAP 773/6078MB (cached 36MB) IRAM 0/252kB(lfb 252kB) CPU [9%@921,5%@921,off,off] EMC_FREQ 0%@1600 GR3D_FREQ 0%@614 APE 25 PLL@29.5C CPU@31C iwlwifi@32C PMIC@50C GPU@30C AO@40.5C thermal@30.5C POM_5V_IN 1689/1780 POM_5V_GPU 82/89 POM_5V_CPU 164/227
RAM 1385/3964MB (lfb 8x4MB) SWAP 773/6078MB (cached 36MB) IRAM 0/252kB(lfb 252kB) CPU [6%@921,7%@921,off,off] EMC_FREQ 0%@1600 GR3D_FREQ 0%@614 APE 25 PLL@29.5C CPU@31.5C iwlwifi@32C PMIC@50C GPU@30C AO@40.5C thermal@30.25C POM_5V_IN 1689/1780 POM_5V_GPU 82/89 POM_5V_CPU 164/227
RAM 1385/3964MB (lfb 8x4MB) SWAP 773/6078MB (cached 36MB) IRAM 0/252kB(lfb 252kB) CPU [8%@921,6%@921,off,off] EMC_FREQ 0%@1600 GR3D_FREQ 0%@614 APE 25 PLL@29.5C CPU@31.5C iwlwifi@32C PMIC@50C GPU@29.5C AO@40.5C thermal@30.25C POM_5V_IN 1689/1780 POM_5V_GPU 82/89 POM_5V_CPU 164/227
RAM 1381/3964MB (lfb 8x4MB) SWAP 773/6078MB (cached 36MB) IRAM 0/252kB(lfb 252kB) CPU [9%@921,4%@921,off,off] EMC_FREQ 0%@1600 GR3D_FREQ 0%@614 APE 25 PLL@29.5C CPU@31C iwlwifi@32C PMIC@50C GPU@29.5C AO@40.5C thermal@30.5C POM_5V_IN 1689/1780 POM_5V_GPU 82/89 POM_5V_CPU 123/227
RAM 1380/3964MB (lfb 8x4MB) SWAP 773/6078MB (cached 36MB) IRAM 0/252kB(lfb 252kB) CPU [8%@921,5%@921,off,off] EMC_FREQ 0%@1600 GR3D_FREQ 0%@614 APE 25 PLL@29.5C CPU@31C iwlwifi@32C PMIC@50C GPU@29.5C AO@40.5C thermal@30.25C POM_5V_IN 1689/1780 POM_5V_GPU 82/89 POM_5V_CPU 164/227
RAM 1380/3964MB (lfb 8x4MB) SWAP 773/6078MB (cached 36MB) IRAM 0/252kB(lfb 252kB) CPU [8%@921,6%@921,off,off] EMC_FREQ 0%@1600 GR3D_FREQ 0%@614 APE 25 PLL@29.5C CPU@31C iwlwifi@32C PMIC@50C GPU@29.5C AO@40.5C thermal@30.25C POM_5V_IN 1731/1780 POM_5V_GPU 82/89 POM_5V_CPU 164/227
RAM 1382/3964MB (lfb 8x4MB) SWAP 773/6078MB (cached 36MB) IRAM 0/252kB(lfb 252kB) CPU [8%@921,5%@921,off,off] EMC_FREQ 0%@1600 GR3D_FREQ 0%@614 APE 25 PLL@29.5C CPU@31.5C iwlwifi@32C PMIC@50C GPU@29.5C AO@40.5C thermal@30.5C POM_5V_IN 1689/1780 POM_5V_GPU 82/89 POM_5V_CPU 123/227
RAM 1383/3964MB (lfb 8x4MB) SWAP 773/6078MB (cached 36MB) IRAM 0/252kB(lfb 252kB) CPU [7%@921,7%@921,off,off] EMC_FREQ 0%@1600 GR3D_FREQ 0%@614 APE 25 PLL@29.5C CPU@31C iwlwifi@32C PMIC@50C GPU@29.5C AO@40.5C thermal@30.25C POM_5V_IN 1689/1780 POM_5V_GPU 82/89 POM_5V_CPU 164/226
RAM 1384/3964MB (lfb 8x4MB) SWAP 773/6078MB (cached 36MB) IRAM 0/252kB(lfb 252kB) CPU [7%@921,6%@921,off,off] EMC_FREQ 0%@1600 GR3D_FREQ 0%@614 APE 25 PLL@29.5C CPU@31C iwlwifi@32C PMIC@50C GPU@29.5C AO@40.5C thermal@30.25C POM_5V_IN 1689/1780 POM_5V_GPU 82/89 POM_5V_CPU 164/226
RAM 1383/3964MB (lfb 8x4MB) SWAP 773/6078MB (cached 36MB) IRAM 0/252kB(lfb 252kB) CPU [6%@921,9%@921,off,off] EMC_FREQ 0%@1600 GR3D_FREQ 0%@614 APE 25 PLL@29.5C CPU@31.5C iwlwifi@32C PMIC@50C GPU@29.5C AO@40C thermal@30.25C POM_5V_IN 1689/1780 POM_5V_GPU 82/89 POM_5V_CPU 164/226
RAM 1383/3964MB (lfb 8x4MB) SWAP 773/6078MB (cached 36MB) IRAM 0/252kB(lfb 252kB) CPU [5%@921,8%@921,off,off] EMC_FREQ 0%@1600 GR3D_FREQ 0%@614 APE 25 PLL@29.5C CPU@31C iwlwifi@32C PMIC@50C GPU@29.5C AO@40.5C thermal@30.5C POM_5V_IN 1689/1780 POM_5V_GPU 82/89 POM_5V_CPU 164/226
RAM 1383/3964MB (lfb 8x4MB) SWAP 773/6078MB (cached 36MB) IRAM 0/252kB(lfb 252kB) CPU [6%@921,8%@921,off,off] EMC_FREQ 0%@1600 GR3D_FREQ 0%@614 APE 25 PLL@29.5C CPU@31.5C iwlwifi@32C PMIC@50C GPU@29.5C AO@40.5C thermal@30.25C POM_5V_IN 1689/1780 POM_5V_GPU 82/89 POM_5V_CPU 164/226
RAM 1380/3964MB (lfb 8x4MB) SWAP 773/6078MB (cached 36MB) IRAM 0/252kB(lfb 252kB) CPU [8%@921,4%@921,off,off] EMC_FREQ 0%@1600 GR3D_FREQ 0%@614 APE 25 PLL@29.5C CPU@31C iwlwifi@32C PMIC@50C GPU@29.5C AO@41C thermal@30.5C POM_5V_IN 1689/1780 POM_5V_GPU 82/89 POM_5V_CPU 164/226
RAM 1380/3964MB (lfb 8x4MB) SWAP 773/6078MB (cached 36MB) IRAM 0/252kB(lfb 252kB) CPU [6%@921,8%@921,off,off] EMC_FREQ 0%@1600 GR3D_FREQ 0%@614 APE 25 PLL@29.5C CPU@31C iwlwifi@32C PMIC@50C GPU@29.5C AO@40.5C thermal@30.25C POM_5V_IN 1689/1780 POM_5V_GPU 82/89 POM_5V_CPU 164/226
RAM 1382/3964MB (lfb 8x4MB) SWAP 773/6078MB (cached 36MB) IRAM 0/252kB(lfb 252kB) CPU [9%@921,4%@921,off,off] EMC_FREQ 0%@1600 GR3D_FREQ 0%@614 APE 25 PLL@30C CPU@31C iwlwifi@32C PMIC@50C GPU@29.5C AO@40.5C thermal@30.25C POM_5V_IN 1689/1779 POM_5V_GPU 82/89 POM_5V_CPU 123/226
RAM 1385/3964MB (lfb 8x4MB) SWAP 773/6078MB (cached 36MB) IRAM 0/252kB(lfb 252kB) CPU [7%@921,8%@921,off,off] EMC_FREQ 0%@1600 GR3D_FREQ 0%@614 APE 25 PLL@29.5C CPU@31.5C iwlwifi@32C PMIC@50C GPU@29.5C AO@40.5C thermal@30.5C POM_5V_IN 1689/1779 POM_5V_GPU 82/89 POM_5V_CPU 164/226
RAM 1382/3964MB (lfb 8x4MB) SWAP 773/6078MB (cached 36MB) IRAM 0/252kB(lfb 252kB) CPU [8%@921,5%@921,off,off] EMC_FREQ 0%@1600 GR3D_FREQ 0%@614 APE 25 PLL@29.5C CPU@31C iwlwifi@32C PMIC@50C GPU@29.5C AO@40.5C thermal@30.25C POM_5V_IN 1689/1779 POM_5V_GPU 82/89 POM_5V_CPU 123/226
RAM 1384/3964MB (lfb 8x4MB) SWAP 773/6078MB (cached 36MB) IRAM 0/252kB(lfb 252kB) CPU [7%@921,7%@921,off,off] EMC_FREQ 0%@1600 GR3D_FREQ 0%@614 APE 25 PLL@30C CPU@31C iwlwifi@32C PMIC@50C GPU@30C AO@40.5C thermal@30.25C POM_5V_IN 1731/1779 POM_5V_GPU 82/89 POM_5V_CPU 164/226
RAM 1382/3964MB (lfb 8x4MB) SWAP 773/6078MB (cached 36MB) IRAM 0/252kB(lfb 252kB) CPU [6%@921,7%@921,off,off] EMC_FREQ 0%@1600 GR3D_FREQ 0%@614 APE 25 PLL@29.5C CPU@31C iwlwifi@32C PMIC@50C GPU@29.5C AO@40.5C thermal@30.25C POM_5V_IN 1689/1779 POM_5V_GPU 82/89 POM_5V_CPU 164/226
RAM 1384/3964MB (lfb 8x4MB) SWAP 773/6078MB (cached 36MB) IRAM 0/252kB(lfb 252kB) CPU [6%@921,7%@921,off,off] EMC_FREQ 0%@1600 GR3D_FREQ 0%@614 APE 25 PLL@29.5C CPU@31C iwlwifi@33C PMIC@50C GPU@30C AO@41C thermal@30.5C POM_5V_IN 1689/1779 POM_5V_GPU 82/89 POM_5V_CPU 164/226
RAM 1380/3964MB (lfb 8x4MB) SWAP 773/6078MB (cached 36MB) IRAM 0/252kB(lfb 252kB) CPU [6%@921,8%@921,off,off] EMC_FREQ 0%@1600 GR3D_FREQ 0%@614 APE 25 PLL@29.5C CPU@31C iwlwifi@32C PMIC@50C GPU@30C AO@40.5C thermal@30.5C POM_5V_IN 1689/1779 POM_5V_GPU 82/89 POM_5V_CPU 164/226
RAM 1382/3964MB (lfb 8x4MB) SWAP 773/6078MB (cached 36MB) IRAM 0/252kB(lfb 252kB) CPU [6%@921,7%@921,off,off] EMC_FREQ 0%@1600 GR3D_FREQ 0%@614 APE 25 PLL@29.5C CPU@31C iwlwifi@32C PMIC@50C GPU@30C AO@40.5C thermal@30.5C POM_5V_IN 1689/1779 POM_5V_GPU 82/89 POM_5V_CPU 164/226
RAM 1386/3964MB (lfb 8x4MB) SWAP 773/6078MB (cached 36MB) IRAM 0/252kB(lfb 252kB) CPU [7%@921,7%@921,off,off] EMC_FREQ 0%@1600 GR3D_FREQ 0%@614 APE 25 PLL@29.5C CPU@31C iwlwifi@32C PMIC@50C GPU@29.5C AO@40.5C thermal@30.5C POM_5V_IN 1689/1779 POM_5V_GPU 82/89 POM_5V_CPU 164/226
RAM 1382/3964MB (lfb 8x4MB) SWAP 773/6078MB (cached 36MB) IRAM 0/252kB(lfb 252kB) CPU [6%@921,7%@921,off,off] EMC_FREQ 0%@1600 GR3D_FREQ 0%@614 APE 25 PLL@30C CPU@31.5C iwlwifi@32C PMIC@50C GPU@29.5C AO@40.5C thermal@30.5C POM_5V_IN 1689/1779 POM_5V_GPU 82/89 POM_5V_CPU 164/226
RAM 1382/3964MB (lfb 8x4MB) SWAP 773/6078MB (cached 36MB) IRAM 0/252kB(lfb 252kB) CPU [7%@921,8%@921,off,off] EMC_FREQ 0%@1600 GR3D_FREQ 0%@614 APE 25 PLL@29.5C CPU@31C iwlwifi@32C PMIC@50C GPU@29.5C AO@40.5C thermal@30.25C POM_5V_IN 1689/1779 POM_5V_GPU 82/89 POM_5V_CPU 164/226
RAM 1384/3964MB (lfb 8x4MB) SWAP 773/6078MB (cached 36MB) IRAM 0/252kB(lfb 252kB) CPU [8%@921,5%@921,off,off] EMC_FREQ 0%@1600 GR3D_FREQ 0%@614 APE 25 PLL@29.5C CPU@31C iwlwifi@32C PMIC@50C GPU@29.5C AO@40.5C thermal@30.5C POM_5V_IN 1689/1779 POM_5V_GPU 82/89 POM_5V_CPU 164/226
RAM 1384/3964MB (lfb 8x4MB) SWAP 773/6078MB (cached 36MB) IRAM 0/252kB(lfb 252kB) CPU [8%@921,5%@921,off,off] EMC_FREQ 0%@1600 GR3D_FREQ 0%@614 APE 25 PLL@30C CPU@31C iwlwifi@32C PMIC@50C GPU@29.5C AO@40.5C thermal@30.5C POM_5V_IN 1731/1779 POM_5V_GPU 82/89 POM_5V_CPU 164/226
RAM 1381/3964MB (lfb 8x4MB) SWAP 773/6078MB (cached 36MB) IRAM 0/252kB(lfb 252kB) CPU [8%@921,6%@921,off,off] EMC_FREQ 0%@1600 GR3D_FREQ 0%@614 APE 25 PLL@29.5C CPU@31C iwlwifi@32C PMIC@50C GPU@29.5C AO@40.5C thermal@30.75C POM_5V_IN 1689/1779 POM_5V_GPU 82/89 POM_5V_CPU 123/226
RAM 1384/3964MB (lfb 8x4MB) SWAP 773/6078MB (cached 36MB) IRAM 0/252kB(lfb 252kB) CPU [8%@921,6%@921,off,off] EMC_FREQ 0%@1600 GR3D_FREQ 0%@614 APE 25 PLL@29.5C CPU@31C iwlwifi@32C PMIC@50C GPU@29.5C AO@40.5C thermal@30.25C POM_5V_IN 1689/1779 POM_5V_GPU 82/89 POM_5V_CPU 164/226
RAM 1382/3964MB (lfb 8x4MB) SWAP 773/6078MB (cached 36MB) IRAM 0/252kB(lfb 252kB) CPU [7%@921,6%@921,off,off] EMC_FREQ 0%@1600 GR3D_FREQ 0%@614 APE 25 PLL@29.5C CPU@31.5C iwlwifi@32C PMIC@50C GPU@29.5C AO@40.5C thermal@30.5C POM_5V_IN 1689/1779 POM_5V_GPU 82/89 POM_5V_CPU 164/226
RAM 1382/3964MB (lfb 8x4MB) SWAP 773/6078MB (cached 36MB) IRAM 0/252kB(lfb 252kB) CPU [6%@921,8%@921,off,off] EMC_FREQ 0%@1600 GR3D_FREQ 0%@614 APE 25 PLL@29.5C CPU@31.5C iwlwifi@32C PMIC@50C GPU@30C AO@40.5C thermal@30.5C POM_5V_IN 1689/1779 POM_5V_GPU 82/89 POM_5V_CPU 164/226
RAM 1382/3964MB (lfb 8x4MB) SWAP 773/6078MB (cached 36MB) IRAM 0/252kB(lfb 252kB) CPU [5%@921,7%@921,off,off] EMC_FREQ 0%@1600 GR3D_FREQ 0%@614 APE 25 PLL@29.5C CPU@31.5C iwlwifi@32C PMIC@50C GPU@30C AO@40.5C thermal@30.75C POM_5V_IN 1731/1779 POM_5V_GPU 82/89 POM_5V_CPU 164/226
RAM 1385/3964MB (lfb 8x4MB) SWAP 773/6078MB (cached 36MB) IRAM 0/252kB(lfb 252kB) CPU [6%@921,8%@921,off,off] EMC_FREQ 0%@1600 GR3D_FREQ 0%@614 APE 25 PLL@29.5C CPU@31.5C iwlwifi@32C PMIC@50C GPU@29.5C AO@40.5C thermal@30.5C POM_5V_IN 1731/1779 POM_5V_GPU 82/89 POM_5V_CPU 164/226
RAM 1382/3964MB (lfb 8x4MB) SWAP 773/6078MB (cached 36MB) IRAM 0/252kB(lfb 252kB) CPU [9%@921,4%@921,off,off] EMC_FREQ 0%@1600 GR3D_FREQ 0%@614 APE 25 PLL@29.5C CPU@31.5C iwlwifi@32C PMIC@50C GPU@30C AO@40.5C thermal@30.5C POM_5V_IN 1731/1779 POM_5V_GPU 82/89 POM_5V_CPU 164/226
RAM 1380/3964MB (lfb 8x4MB) SWAP 773/6078MB (cached 36MB) IRAM 0/252kB(lfb 252kB) CPU [5%@921,9%@921,off,off] EMC_FREQ 0%@1600 GR3D_FREQ 0%@614 APE 25 PLL@29.5C CPU@31C iwlwifi@32C PMIC@50C GPU@30C AO@40.5C thermal@30.75C POM_5V_IN 1689/1779 POM_5V_GPU 82/89 POM_5V_CPU 164/226
RAM 1381/3964MB (lfb 8x4MB) SWAP 773/6078MB (cached 36MB) IRAM 0/252kB(lfb 252kB) CPU [6%@921,9%@921,off,off] EMC_FREQ 0%@1600 GR3D_FREQ 0%@614 APE 25 PLL@29.5C CPU@31C iwlwifi@32C PMIC@50C GPU@29.5C AO@40.5C thermal@30.75C POM_5V_IN 1934/1779 POM_5V_GPU 82/89 POM_5V_CPU 410/226
RAM 1382/3964MB (lfb 8x4MB) SWAP 773/6078MB (cached 36MB) IRAM 0/252kB(lfb 252kB) CPU [6%@921,7%@921,off,off] EMC_FREQ 0%@1600 GR3D_FREQ 0%@614 APE 25 PLL@29.5C CPU@31.5C iwlwifi@32C PMIC@50C GPU@30C AO@40.5C thermal@30.5C POM_5V_IN 1687/1779 POM_5V_GPU 82/89 POM_5V_CPU 164/226
RAM 1385/3964MB (lfb 8x4MB) SWAP 773/6078MB (cached 36MB) IRAM 0/252kB(lfb 252kB) CPU [6%@921,8%@921,off,off] EMC_FREQ 0%@1600 GR3D_FREQ 0%@614 APE 25 PLL@29.5C CPU@31.5C iwlwifi@32C PMIC@50C GPU@29.5C AO@40.5C thermal@30.75C POM_5V_IN 1769/1779 POM_5V_GPU 82/89 POM_5V_CPU 164/226
RAM 1383/3964MB (lfb 8x4MB) SWAP 773/6078MB (cached 36MB) IRAM 0/252kB(lfb 252kB) CPU [6%@921,7%@921,off,off] EMC_FREQ 0%@1600 GR3D_FREQ 0%@614 APE 25 PLL@29.5C CPU@31.5C iwlwifi@32C PMIC@50C GPU@30C AO@40.5C thermal@30.5C POM_5V_IN 1689/1779 POM_5V_GPU 82/89 POM_5V_CPU 164/226
RAM 1381/3964MB (lfb 8x4MB) SWAP 773/6078MB (cached 36MB) IRAM 0/252kB(lfb 252kB) CPU [7%@921,7%@921,off,off] EMC_FREQ 0%@1600 GR3D_FREQ 0%@614 APE 25 PLL@29.5C CPU@31C iwlwifi@32C PMIC@50C GPU@30C AO@40C thermal@30.5C POM_5V_IN 1689/1779 POM_5V_GPU 82/89 POM_5V_CPU 164/225
RAM 1384/3964MB (lfb 8x4MB) SWAP 773/6078MB (cached 36MB) IRAM 0/252kB(lfb 252kB) CPU [8%@921,4%@921,off,off] EMC_FREQ 0%@1600 GR3D_FREQ 0%@614 APE 25 PLL@29.5C CPU@31.5C iwlwifi@33C PMIC@50C GPU@29.5C AO@40.5C thermal@30.5C POM_5V_IN 1689/1779 POM_5V_GPU 82/89 POM_5V_CPU 164/225
RAM 1385/3964MB (lfb 8x4MB) SWAP 773/6078MB (cached 36MB) IRAM 0/252kB(lfb 252kB) CPU [5%@921,8%@921,off,off] EMC_FREQ 0%@1600 GR3D_FREQ 0%@614 APE 25 PLL@29.5C CPU@31.5C iwlwifi@32C PMIC@50C GPU@29.5C AO@40C thermal@30.5C POM_5V_IN 1689/1778 POM_5V_GPU 82/89 POM_5V_CPU 164/225
RAM 1384/3964MB (lfb 8x4MB) SWAP 773/6078MB (cached 36MB) IRAM 0/252kB(lfb 252kB) CPU [8%@921,6%@921,off,off] EMC_FREQ 0%@1600 GR3D_FREQ 0%@614 APE 25 PLL@29.5C CPU@31C iwlwifi@32C PMIC@50C GPU@30C AO@40.5C thermal@30.5C POM_5V_IN 1689/1778 POM_5V_GPU 82/89 POM_5V_CPU 164/225
RAM 1381/3964MB (lfb 8x4MB) SWAP 773/6078MB (cached 36MB) IRAM 0/252kB(lfb 252kB) CPU [6%@921,8%@921,off,off] EMC_FREQ 0%@1600 GR3D_FREQ 0%@614 APE 25 PLL@29.5C CPU@31.5C iwlwifi@32C PMIC@50C GPU@29.5C AO@40.5C thermal@30.5C POM_5V_IN 1689/1778 POM_5V_GPU 82/89 POM_5V_CPU 164/225
RAM 1383/3964MB (lfb 8x4MB) SWAP 773/6078MB (cached 36MB) IRAM 0/252kB(lfb 252kB) CPU [6%@921,7%@921,off,off] EMC_FREQ 0%@1600 GR3D_FREQ 0%@614 APE 25 PLL@30C CPU@31.5C iwlwifi@32C PMIC@50C GPU@29.5C AO@40.5C thermal@30.5C POM_5V_IN 1851/1778 POM_5V_GPU 82/89 POM_5V_CPU 246/225
RAM 1385/3964MB (lfb 8x4MB) SWAP 773/6078MB (cached 36MB) IRAM 0/252kB(lfb 252kB) CPU [8%@921,5%@921,off,off] EMC_FREQ 0%@1600 GR3D_FREQ 0%@614 APE 25 PLL@29.5C CPU@31C iwlwifi@32C PMIC@50C GPU@29.5C AO@40C thermal@30.5C POM_5V_IN 1731/1778 POM_5V_GPU 82/89 POM_5V_CPU 164/225
RAM 1383/3964MB (lfb 8x4MB) SWAP 773/6078MB (cached 36MB) IRAM 0/252kB(lfb 252kB) CPU [6%@921,7%@921,off,off] EMC_FREQ 0%@1600 GR3D_FREQ 0%@614 APE 25 PLL@30C CPU@31.5C iwlwifi@32C PMIC@50C GPU@30C AO@40.5C thermal@30.5C POM_5V_IN 1689/1778 POM_5V_GPU 82/89 POM_5V_CPU 164/225
RAM 1383/3964MB (lfb 8x4MB) SWAP 773/6078MB (cached 36MB) IRAM 0/252kB(lfb 252kB) CPU [6%@921,8%@921,off,off] EMC_FREQ 0%@1600 GR3D_FREQ 0%@614 APE 25 PLL@29.5C CPU@31.5C iwlwifi@32C PMIC@50C GPU@29.5C AO@40.5C thermal@30.5C POM_5V_IN 1689/1778 POM_5V_GPU 82/89 POM_5V_CPU 164/225
RAM 1384/3964MB (lfb 8x4MB) SWAP 773/6078MB (cached 36MB) IRAM 0/252kB(lfb 252kB) CPU [7%@921,6%@921,off,off] EMC_FREQ 0%@1600 GR3D_FREQ 0%@614 APE 25 PLL@29.5C CPU@31.5C iwlwifi@32C PMIC@50C GPU@30C AO@40.5C thermal@30.5C POM_5V_IN 1689/1778 POM_5V_GPU 82/89 POM_5V_CPU 164/225
RAM 1383/3964MB (lfb 8x4MB) SWAP 773/6078MB (cached 36MB) IRAM 0/252kB(lfb 252kB) CPU [8%@921,5%@921,off,off] EMC_FREQ 0%@1600 GR3D_FREQ 0%@614 APE 25 PLL@29.5C CPU@31C iwlwifi@32C PMIC@50C GPU@29.5C AO@41C thermal@30.25C POM_5V_IN 1689/1778 POM_5V_GPU 82/89 POM_5V_CPU 164/225
RAM 1381/3964MB (lfb 8x4MB) SWAP 773/6078MB (cached 36MB) IRAM 0/252kB(lfb 252kB) CPU [5%@921,8%@921,off,off] EMC_FREQ 0%@1600 GR3D_FREQ 0%@614 APE 25 PLL@29.5C CPU@31C iwlwifi@32C PMIC@50C GPU@29.5C AO@40.5C thermal@30.5C POM_5V_IN 1689/1778 POM_5V_GPU 82/89 POM_5V_CPU 164/225
RAM 1380/3964MB (lfb 8x4MB) SWAP 773/6078MB (cached 36MB) IRAM 0/252kB(lfb 252kB) CPU [6%@921,7%@921,off,off] EMC_FREQ 0%@1600 GR3D_FREQ 0%@614 APE 25 PLL@29.5C CPU@31.5C iwlwifi@32C PMIC@50C GPU@29.5C AO@40.5C thermal@30.5C POM_5V_IN 1689/1778 POM_5V_GPU 82/89 POM_5V_CPU 164/225
RAM 1385/3964MB (lfb 8x4MB) SWAP 773/6078MB (cached 36MB) IRAM 0/252kB(lfb 252kB) CPU [7%@921,7%@921,off,off] EMC_FREQ 0%@1600 GR3D_FREQ 0%@614 APE 25 PLL@29.5C CPU@31C iwlwifi@32C PMIC@50C GPU@29.5C AO@40.5C thermal@30.5C POM_5V_IN 1689/1778 POM_5V_GPU 82/89 POM_5V_CPU 164/225
RAM 1381/3964MB (lfb 8x4MB) SWAP 773/6078MB (cached 36MB) IRAM 0/252kB(lfb 252kB) CPU [7%@921,6%@921,off,off] EMC_FREQ 0%@1600 GR3D_FREQ 0%@614 APE 25 PLL@29.5C CPU@31.5C iwlwifi@32C PMIC@50C GPU@29.5C AO@40.5C thermal@30.25C POM_5V_IN 1689/1778 POM_5V_GPU 82/89 POM_5V_CPU 164/225
RAM 1385/3964MB (lfb 8x4MB) SWAP 773/6078MB (cached 36MB) IRAM 0/252kB(lfb 252kB) CPU [8%@921,7%@921,off,off] EMC_FREQ 0%@1600 GR3D_FREQ 0%@614 APE 25 PLL@29.5C CPU@31.5C iwlwifi@32C PMIC@50C GPU@30C AO@40.5C thermal@30.5C POM_5V_IN 1689/1778 POM_5V_GPU 82/89 POM_5V_CPU 164/225
RAM 1381/3964MB (lfb 8x4MB) SWAP 773/6078MB (cached 36MB) IRAM 0/252kB(lfb 252kB) CPU [8%@921,5%@921,off,off] EMC_FREQ 0%@1600 GR3D_FREQ 0%@614 APE 25 PLL@29.5C CPU@31.5C iwlwifi@32C PMIC@50C GPU@29.5C AO@40.5C thermal@30.5C POM_5V_IN 1689/1778 POM_5V_GPU 82/89 POM_5V_CPU 164/225
RAM 1385/3964MB (lfb 8x4MB) SWAP 773/6078MB (cached 36MB) IRAM 0/252kB(lfb 252kB) CPU [5%@921,8%@921,off,off] EMC_FREQ 0%@1600 GR3D_FREQ 0%@614 APE 25 PLL@29.5C CPU@31.5C iwlwifi@32C PMIC@50C GPU@30C AO@41C thermal@30.75C POM_5V_IN 1689/1778 POM_5V_GPU 82/89 POM_5V_CPU 164/225
RAM 1381/3964MB (lfb 8x4MB) SWAP 773/6078MB (cached 36MB) IRAM 0/252kB(lfb 252kB) CPU [6%@921,6%@921,off,off] EMC_FREQ 0%@1600 GR3D_FREQ 0%@614 APE 25 PLL@29.5C CPU@31.5C iwlwifi@32C PMIC@50C GPU@29.5C AO@40.5C thermal@30.75C POM_5V_IN 1689/1778 POM_5V_GPU 82/89 POM_5V_CPU 164/225
RAM 1384/3964MB (lfb 8x4MB) SWAP 773/6078MB (cached 36MB) IRAM 0/252kB(lfb 252kB) CPU [8%@921,6%@921,off,off] EMC_FREQ 0%@1600 GR3D_FREQ 0%@614 APE 25 PLL@29.5C CPU@31.5C iwlwifi@32C PMIC@50C GPU@29.5C AO@40.5C thermal@30.5C POM_5V_IN 1731/1778 POM_5V_GPU 82/89 POM_5V_CPU 123/225
RAM 1381/3964MB (lfb 8x4MB) SWAP 773/6078MB (cached 36MB) IRAM 0/252kB(lfb 252kB) CPU [5%@921,9%@921,off,off] EMC_FREQ 0%@1600 GR3D_FREQ 0%@614 APE 25 PLL@29.5C CPU@31.5C iwlwifi@32C PMIC@50C GPU@29.5C AO@40.5C thermal@30.5C POM_5V_IN 1689/1778 POM_5V_GPU 82/89 POM_5V_CPU 164/225
RAM 1385/3964MB (lfb 8x4MB) SWAP 773/6078MB (cached 36MB) IRAM 0/252kB(lfb 252kB) CPU [7%@921,6%@921,off,off] EMC_FREQ 0%@1600 GR3D_FREQ 0%@614 APE 25 PLL@29.5C CPU@31.5C iwlwifi@32C PMIC@50C GPU@29.5C AO@40.5C thermal@30.25C POM_5V_IN 1689/1778 POM_5V_GPU 82/89 POM_5V_CPU 164/225
RAM 1380/3964MB (lfb 8x4MB) SWAP 773/6078MB (cached 36MB) IRAM 0/252kB(lfb 252kB) CPU [7%@921,6%@921,off,off] EMC_FREQ 0%@1600 GR3D_FREQ 0%@614 APE 25 PLL@29.5C CPU@31.5C iwlwifi@32C PMIC@50C GPU@29.5C AO@40.5C thermal@30.25C POM_5V_IN 1689/1778 POM_5V_GPU 82/89 POM_5V_CPU 164/225
RAM 1383/3964MB (lfb 8x4MB) SWAP 773/6078MB (cached 36MB) IRAM 0/252kB(lfb 252kB) CPU [9%@921,4%@921,off,off] EMC_FREQ 0%@1600 GR3D_FREQ 0%@614 APE 25 PLL@29.5C CPU@31C iwlwifi@32C PMIC@50C GPU@29.5C AO@40.5C thermal@30.5C POM_5V_IN 1731/1778 POM_5V_GPU 82/89 POM_5V_CPU 164/225
RAM 1381/3964MB (lfb 8x4MB) SWAP 773/6078MB (cached 36MB) IRAM 0/252kB(lfb 252kB) CPU [6%@921,7%@921,off,off] EMC_FREQ 0%@1600 GR3D_FREQ 0%@614 APE 25 PLL@29.5C CPU@31.5C iwlwifi@32C PMIC@50C GPU@30C AO@40.5C thermal@30.25C POM_5V_IN 1689/1778 POM_5V_GPU 82/89 POM_5V_CPU 164/225
RAM 1382/3964MB (lfb 8x4MB) SWAP 773/6078MB (cached 36MB) IRAM 0/252kB(lfb 252kB) CPU [5%@921,9%@921,off,off] EMC_FREQ 0%@1600 GR3D_FREQ 0%@614 APE 25 PLL@29.5C CPU@31C iwlwifi@32C PMIC@50C GPU@29.5C AO@41C thermal@30.25C POM_5V_IN 1689/1778 POM_5V_GPU 82/89 POM_5V_CPU 164/225
RAM 1385/3964MB (lfb 8x4MB) SWAP 773/6078MB (cached 36MB) IRAM 0/252kB(lfb 252kB) CPU [7%@921,5%@921,off,off] EMC_FREQ 0%@1600 GR3D_FREQ 0%@614 APE 25 PLL@29C CPU@31C iwlwifi@32C PMIC@50C GPU@29.5C AO@40.5C thermal@30.25C POM_5V_IN 1689/1778 POM_5V_GPU 82/89 POM_5V_CPU 164/225
RAM 1385/3964MB (lfb 8x4MB) SWAP 773/6078MB (cached 36MB) IRAM 0/252kB(lfb 252kB) CPU [4%@921,9%@921,off,off] EMC_FREQ 0%@1600 GR3D_FREQ 0%@614 APE 25 PLL@29C CPU@31.5C iwlwifi@32C PMIC@50C GPU@29.5C AO@40.5C thermal@30.75C POM_5V_IN 1689/1777 POM_5V_GPU 82/89 POM_5V_CPU 164/225
RAM 1383/3964MB (lfb 8x4MB) SWAP 773/6078MB (cached 36MB) IRAM 0/252kB(lfb 252kB) CPU [9%@921,5%@921,off,off] EMC_FREQ 0%@1600 GR3D_FREQ 0%@614 APE 25 PLL@29C CPU@31.5C iwlwifi@32C PMIC@50C GPU@29.5C AO@40.5C thermal@30.5C POM_5V_IN 1731/1777 POM_5V_GPU 82/89 POM_5V_CPU 164/225
RAM 1382/3964MB (lfb 8x4MB) SWAP 773/6078MB (cached 36MB) IRAM 0/252kB(lfb 252kB) CPU [8%@921,6%@921,off,off] EMC_FREQ 0%@1600 GR3D_FREQ 0%@614 APE 25 PLL@29.5C CPU@31C iwlwifi@32C PMIC@50C GPU@30C AO@41C thermal@30.25C POM_5V_IN 1689/1777 POM_5V_GPU 82/89 POM_5V_CPU 164/225
RAM 1381/3964MB (lfb 8x4MB) SWAP 773/6078MB (cached 36MB) IRAM 0/252kB(lfb 252kB) CPU [6%@921,7%@921,off,off] EMC_FREQ 0%@1600 GR3D_FREQ 0%@614 APE 25 PLL@29.5C CPU@31C iwlwifi@32C PMIC@50C GPU@29.5C AO@41C thermal@30.25C POM_5V_IN 1689/1777 POM_5V_GPU 82/89 POM_5V_CPU 164/225
RAM 1382/3964MB (lfb 8x4MB) SWAP 773/6078MB (cached 36MB) IRAM 0/252kB(lfb 252kB) CPU [6%@921,7%@921,off,off] EMC_FREQ 0%@1600 GR3D_FREQ 0%@614 APE 25 PLL@29.5C CPU@31C iwlwifi@32C PMIC@50C GPU@29.5C AO@40.5C thermal@30.5C POM_5V_IN 1689/1777 POM_5V_GPU 82/89 POM_5V_CPU 123/225
RAM 1383/3964MB (lfb 8x4MB) SWAP 773/6078MB (cached 36MB) IRAM 0/252kB(lfb 252kB) CPU [7%@921,7%@921,off,off] EMC_FREQ 0%@1600 GR3D_FREQ 0%@614 APE 25 PLL@29.5C CPU@31C iwlwifi@32C PMIC@50C GPU@29.5C AO@40.5C thermal@30.25C POM_5V_IN 1689/1777 POM_5V_GPU 82/89 POM_5V_CPU 164/224
RAM 1385/3964MB (lfb 8x4MB) SWAP 773/6078MB (cached 36MB) IRAM 0/252kB(lfb 252kB) CPU [6%@921,7%@921,off,off] EMC_FREQ 0%@1600 GR3D_FREQ 0%@614 APE 25 PLL@29.5C CPU@31C iwlwifi@32C PMIC@50C GPU@29.5C AO@40.5C thermal@30.25C POM_5V_IN 1689/1777 POM_5V_GPU 82/89 POM_5V_CPU 123/224
RAM 1385/3964MB (lfb 8x4MB) SWAP 773/6078MB (cached 36MB) IRAM 0/252kB(lfb 252kB) CPU [8%@921,6%@921,off,off] EMC_FREQ 0%@1600 GR3D_FREQ 0%@614 APE 25 PLL@29.5C CPU@31.5C iwlwifi@32C PMIC@50C GPU@30C AO@40.5C thermal@30.25C POM_5V_IN 1687/1777 POM_5V_GPU 82/89 POM_5V_CPU 123/224
RAM 1383/3964MB (lfb 8x4MB) SWAP 773/6078MB (cached 36MB) IRAM 0/252kB(lfb 252kB) CPU [6%@921,7%@921,off,off] EMC_FREQ 0%@1600 GR3D_FREQ 0%@614 APE 25 PLL@29.5C CPU@31C iwlwifi@32C PMIC@50C GPU@29.5C AO@40.5C thermal@30.25C POM_5V_IN 1689/1777 POM_5V_GPU 82/89 POM_5V_CPU 164/224
RAM 1381/3964MB (lfb 8x4MB) SWAP 773/6078MB (cached 36MB) IRAM 0/252kB(lfb 252kB) CPU [9%@921,5%@921,off,off] EMC_FREQ 0%@1600 GR3D_FREQ 0%@614 APE 25 PLL@29.5C CPU@31C iwlwifi@33C PMIC@50C GPU@29.5C AO@40.5C thermal@30.25C POM_5V_IN 1689/1777 POM_5V_GPU 82/89 POM_5V_CPU 164/224
RAM 1383/3964MB (lfb 8x4MB) SWAP 773/6078MB (cached 36MB) IRAM 0/252kB(lfb 252kB) CPU [6%@921,7%@921,off,off] EMC_FREQ 0%@1600 GR3D_FREQ 0%@614 APE 25 PLL@29.5C CPU@31C iwlwifi@32C PMIC@50C GPU@29.5C AO@41C thermal@30.25C POM_5V_IN 1731/1777 POM_5V_GPU 82/89 POM_5V_CPU 164/224
RAM 1381/3964MB (lfb 8x4MB) SWAP 773/6078MB (cached 36MB) IRAM 0/252kB(lfb 252kB) CPU [6%@921,8%@921,off,off] EMC_FREQ 0%@1600 GR3D_FREQ 0%@614 APE 25 PLL@29.5C CPU@31C iwlwifi@32C PMIC@50C GPU@29.5C AO@40.5C thermal@30.25C POM_5V_IN 1689/1777 POM_5V_GPU 82/89 POM_5V_CPU 123/224
RAM 1381/3964MB (lfb 8x4MB) SWAP 773/6078MB (cached 36MB) IRAM 0/252kB(lfb 252kB) CPU [6%@921,7%@921,off,off] EMC_FREQ 0%@1600 GR3D_FREQ 0%@614 APE 25 PLL@29.5C CPU@31C iwlwifi@32C PMIC@50C GPU@29.5C AO@40.5C thermal@30.25C POM_5V_IN 1689/1777 POM_5V_GPU 82/89 POM_5V_CPU 164/224
RAM 1383/3964MB (lfb 8x4MB) SWAP 773/6078MB (cached 36MB) IRAM 0/252kB(lfb 252kB) CPU [8%@921,6%@921,off,off] EMC_FREQ 0%@1600 GR3D_FREQ 0%@614 APE 25 PLL@29.5C CPU@31C iwlwifi@32C PMIC@50C GPU@29.5C AO@40.5C thermal@30.25C POM_5V_IN 1689/1777 POM_5V_GPU 82/89 POM_5V_CPU 123/224
RAM 1381/3964MB (lfb 8x4MB) SWAP 773/6078MB (cached 36MB) IRAM 0/252kB(lfb 252kB) CPU [8%@921,6%@921,off,off] EMC_FREQ 0%@1600 GR3D_FREQ 0%@614 APE 25 PLL@29C CPU@31.5C iwlwifi@32C PMIC@50C GPU@29.5C AO@40.5C thermal@30.25C POM_5V_IN 1689/1777 POM_5V_GPU 82/89 POM_5V_CPU 164/224
RAM 1381/3964MB (lfb 8x4MB) SWAP 773/6078MB (cached 36MB) IRAM 0/252kB(lfb 252kB) CPU [6%@921,7%@921,off,off] EMC_FREQ 0%@1600 GR3D_FREQ 0%@614 APE 25 PLL@29.5C CPU@31C iwlwifi@32C PMIC@50C GPU@29.5C AO@40.5C thermal@30.25C POM_5V_IN 1689/1777 POM_5V_GPU 82/89 POM_5V_CPU 164/224
RAM 1381/3964MB (lfb 8x4MB) SWAP 773/6078MB (cached 36MB) IRAM 0/252kB(lfb 252kB) CPU [10%@921,4%@921,off,off] EMC_FREQ 0%@1600 GR3D_FREQ 0%@614 APE 25 PLL@29.5C CPU@31C iwlwifi@32C PMIC@50C GPU@29.5C AO@40C thermal@30.75C POM_5V_IN 1689/1777 POM_5V_GPU 82/89 POM_5V_CPU 164/224
RAM 1383/3964MB (lfb 8x4MB) SWAP 773/6078MB (cached 36MB) IRAM 0/252kB(lfb 252kB) CPU [7%@921,6%@921,off,off] EMC_FREQ 0%@1600 GR3D_FREQ 0%@614 APE 25 PLL@29.5C CPU@31.5C iwlwifi@32C PMIC@50C GPU@29.5C AO@40.5C thermal@30.25C POM_5V_IN 1689/1777 POM_5V_GPU 82/89 POM_5V_CPU 164/224
RAM 1385/3964MB (lfb 8x4MB) SWAP 773/6078MB (cached 36MB) IRAM 0/252kB(lfb 252kB) CPU [8%@921,7%@921,off,off] EMC_FREQ 0%@1600 GR3D_FREQ 0%@614 APE 25 PLL@29.5C CPU@31C iwlwifi@32C PMIC@50C GPU@29.5C AO@40.5C thermal@30.5C POM_5V_IN 1689/1777 POM_5V_GPU 82/89 POM_5V_CPU 164/224
RAM 1381/3964MB (lfb 8x4MB) SWAP 773/6078MB (cached 36MB) IRAM 0/252kB(lfb 252kB) CPU [5%@921,8%@921,off,off] EMC_FREQ 0%@1600 GR3D_FREQ 0%@614 APE 25 PLL@29.5C CPU@31C iwlwifi@32C PMIC@50C GPU@29.5C AO@40.5C thermal@30.5C POM_5V_IN 1689/1777 POM_5V_GPU 82/89 POM_5V_CPU 123/224
RAM 1385/3964MB (lfb 8x4MB) SWAP 773/6078MB (cached 36MB) IRAM 0/252kB(lfb 252kB) CPU [7%@921,6%@921,off,off] EMC_FREQ 0%@1600 GR3D_FREQ 0%@614 APE 25 PLL@29.5C CPU@31C iwlwifi@32C PMIC@50C GPU@29.5C AO@40.5C thermal@30.25C POM_5V_IN 1689/1777 POM_5V_GPU 82/89 POM_5V_CPU 164/224
RAM 1383/3964MB (lfb 8x4MB) SWAP 773/6078MB (cached 36MB) IRAM 0/252kB(lfb 252kB) CPU [8%@921,6%@921,off,off] EMC_FREQ 0%@1600 GR3D_FREQ 0%@614 APE 25 PLL@29.5C CPU@31C iwlwifi@32C PMIC@50C GPU@29.5C AO@40.5C thermal@30.5C POM_5V_IN 1689/1777 POM_5V_GPU 82/89 POM_5V_CPU 164/224
RAM 1385/3964MB (lfb 8x4MB) SWAP 773/6078MB (cached 36MB) IRAM 0/252kB(lfb 252kB) CPU [8%@921,6%@921,off,off] EMC_FREQ 0%@1600 GR3D_FREQ 0%@614 APE 25 PLL@29.5C CPU@31C iwlwifi@32C PMIC@50C GPU@29.5C AO@40.5C thermal@30.75C POM_5V_IN 1689/1777 POM_5V_GPU 82/89 POM_5V_CPU 164/224
RAM 1383/3964MB (lfb 8x4MB) SWAP 773/6078MB (cached 36MB) IRAM 0/252kB(lfb 252kB) CPU [5%@921,8%@921,off,off] EMC_FREQ 0%@1600 GR3D_FREQ 0%@614 APE 25 PLL@29C CPU@31C iwlwifi@32C PMIC@50C GPU@29.5C AO@40.5C thermal@30.25C POM_5V_IN 1689/1776 POM_5V_GPU 82/89 POM_5V_CPU 164/224
RAM 1380/3964MB (lfb 8x4MB) SWAP 773/6078MB (cached 36MB) IRAM 0/252kB(lfb 252kB) CPU [8%@921,6%@921,off,off] EMC_FREQ 0%@1600 GR3D_FREQ 0%@614 APE 25 PLL@29.5C CPU@31C iwlwifi@32C PMIC@50C GPU@29.5C AO@41C thermal@30.25C POM_5V_IN 1689/1776 POM_5V_GPU 82/89 POM_5V_CPU 164/224
RAM 1383/3964MB (lfb 8x4MB) SWAP 773/6078MB (cached 36MB) IRAM 0/252kB(lfb 252kB) CPU [6%@921,7%@921,off,off] EMC_FREQ 0%@1600 GR3D_FREQ 0%@614 APE 25 PLL@29C CPU@31C iwlwifi@32C PMIC@50C GPU@29.5C AO@40.5C thermal@30.25C POM_5V_IN 1689/1776 POM_5V_GPU 82/89 POM_5V_CPU 164/224
RAM 1385/3964MB (lfb 8x4MB) SWAP 773/6078MB (cached 36MB) IRAM 0/252kB(lfb 252kB) CPU [8%@921,7%@921,off,off] EMC_FREQ 0%@1600 GR3D_FREQ 0%@614 APE 25 PLL@29C CPU@31.5C iwlwifi@32C PMIC@50C GPU@29.5C AO@40.5C thermal@30.25C POM_5V_IN 1689/1776 POM_5V_GPU 82/89 POM_5V_CPU 164/224
RAM 1383/3964MB (lfb 8x4MB) SWAP 773/6078MB (cached 36MB) IRAM 0/252kB(lfb 252kB) CPU [6%@921,7%@921,off,off] EMC_FREQ 0%@1600 GR3D_FREQ 0%@614 APE 25 PLL@30C CPU@31C iwlwifi@32C PMIC@50C GPU@29.5C AO@40.5C thermal@30C POM_5V_IN 1689/1776 POM_5V_GPU 82/89 POM_5V_CPU 164/224
RAM 1383/3964MB (lfb 8x4MB) SWAP 773/6078MB (cached 36MB) IRAM 0/252kB(lfb 252kB) CPU [6%@921,8%@921,off,off] EMC_FREQ 0%@1600 GR3D_FREQ 0%@614 APE 25 PLL@29.5C CPU@31C iwlwifi@32C PMIC@50C GPU@29.5C AO@40.5C thermal@30.25C POM_5V_IN 1689/1776 POM_5V_GPU 82/89 POM_5V_CPU 164/224
RAM 1384/3964MB (lfb 8x4MB) SWAP 773/6078MB (cached 36MB) IRAM 0/252kB(lfb 252kB) CPU [8%@921,5%@921,off,off] EMC_FREQ 0%@1600 GR3D_FREQ 0%@614 APE 25 PLL@29.5C CPU@31C iwlwifi@32C PMIC@50C GPU@29.5C AO@40.5C thermal@30.5C POM_5V_IN 1689/1776 POM_5V_GPU 82/89 POM_5V_CPU 164/224
RAM 1382/3964MB (lfb 8x4MB) SWAP 773/6078MB (cached 36MB) IRAM 0/252kB(lfb 252kB) CPU [7%@921,7%@921,off,off] EMC_FREQ 0%@1600 GR3D_FREQ 0%@614 APE 25 PLL@29.5C CPU@31C iwlwifi@32C PMIC@50C GPU@29.5C AO@40C thermal@30.5C POM_5V_IN 1689/1776 POM_5V_GPU 82/89 POM_5V_CPU 164/224
RAM 1383/3964MB (lfb 8x4MB) SWAP 773/6078MB (cached 36MB) IRAM 0/252kB(lfb 252kB) CPU [6%@921,6%@921,off,off] EMC_FREQ 0%@1600 GR3D_FREQ 0%@614 APE 25 PLL@29.5C CPU@31.5C iwlwifi@32C PMIC@50C GPU@29.5C AO@40.5C thermal@30.25C POM_5V_IN 1689/1776 POM_5V_GPU 82/89 POM_5V_CPU 164/224
RAM 1383/3964MB (lfb 8x4MB) SWAP 773/6078MB (cached 36MB) IRAM 0/252kB(lfb 252kB) CPU [8%@921,5%@921,off,off] EMC_FREQ 0%@1600 GR3D_FREQ 0%@614 APE 25 PLL@29.5C CPU@31C iwlwifi@32C PMIC@50C GPU@29.5C AO@40.5C thermal@30.25C POM_5V_IN 1689/1776 POM_5V_GPU 82/89 POM_5V_CPU 164/224
RAM 1381/3964MB (lfb 8x4MB) SWAP 773/6078MB (cached 36MB) IRAM 0/252kB(lfb 252kB) CPU [7%@921,6%@921,off,off] EMC_FREQ 0%@1600 GR3D_FREQ 0%@614 APE 25 PLL@30C CPU@31.5C iwlwifi@32C PMIC@50C GPU@30C AO@40.5C thermal@30.5C POM_5V_IN 1689/1776 POM_5V_GPU 82/89 POM_5V_CPU 164/224
RAM 1385/3964MB (lfb 8x4MB) SWAP 773/6078MB (cached 36MB) IRAM 0/252kB(lfb 252kB) CPU [9%@921,5%@921,off,off] EMC_FREQ 0%@1600 GR3D_FREQ 0%@614 APE 25 PLL@29.5C CPU@31C iwlwifi@32C PMIC@50C GPU@30C AO@40.5C thermal@30.75C POM_5V_IN 1689/1776 POM_5V_GPU 82/89 POM_5V_CPU 164/223
RAM 1385/3964MB (lfb 8x4MB) SWAP 773/6078MB (cached 36MB) IRAM 0/252kB(lfb 252kB) CPU [8%@921,6%@921,off,off] EMC_FREQ 0%@1600 GR3D_FREQ 0%@614 APE 25 PLL@30C CPU@31C iwlwifi@32C PMIC@50C GPU@30C AO@40.5C thermal@30.75C POM_5V_IN 1689/1776 POM_5V_GPU 82/89 POM_5V_CPU 123/223
RAM 1386/3964MB (lfb 8x4MB) SWAP 773/6078MB (cached 36MB) IRAM 0/252kB(lfb 252kB) CPU [6%@921,8%@921,off,off] EMC_FREQ 0%@1600 GR3D_FREQ 0%@614 APE 25 PLL@29.5C CPU@31C iwlwifi@32C PMIC@50C GPU@29.5C AO@40.5C thermal@30.25C POM_5V_IN 1689/1776 POM_5V_GPU 82/89 POM_5V_CPU 164/223
RAM 1380/3964MB (lfb 8x4MB) SWAP 773/6078MB (cached 36MB) IRAM 0/252kB(lfb 252kB) CPU [9%@921,5%@921,off,off] EMC_FREQ 0%@1600 GR3D_FREQ 0%@614 APE 25 PLL@29.5C CPU@31.5C iwlwifi@32C PMIC@50C GPU@29.5C AO@40.5C thermal@30.5C POM_5V_IN 1728/1776 POM_5V_GPU 82/89 POM_5V_CPU 164/223
RAM 1386/3964MB (lfb 8x4MB) SWAP 773/6078MB (cached 36MB) IRAM 0/252kB(lfb 252kB) CPU [7%@921,6%@921,off,off] EMC_FREQ 0%@1600 GR3D_FREQ 0%@614 APE 25 PLL@30C CPU@31.5C iwlwifi@33C PMIC@50C GPU@30C AO@40.5C thermal@30.25C POM_5V_IN 1689/1776 POM_5V_GPU 82/89 POM_5V_CPU 164/223
RAM 1387/3964MB (lfb 8x4MB) SWAP 773/6078MB (cached 36MB) IRAM 0/252kB(lfb 252kB) CPU [6%@921,8%@921,off,off] EMC_FREQ 0%@1600 GR3D_FREQ 0%@614 APE 25 PLL@29.5C CPU@31C iwlwifi@32C PMIC@50C GPU@29.5C AO@40.5C thermal@30.5C POM_5V_IN 1687/1776 POM_5V_GPU 82/89 POM_5V_CPU 164/223
RAM 1386/3964MB (lfb 8x4MB) SWAP 773/6078MB (cached 36MB) IRAM 0/252kB(lfb 252kB) CPU [6%@921,7%@921,off,off] EMC_FREQ 0%@1600 GR3D_FREQ 0%@614 APE 25 PLL@29.5C CPU@31C iwlwifi@32C PMIC@50C GPU@30C AO@41C thermal@30.5C POM_5V_IN 1689/1776 POM_5V_GPU 82/89 POM_5V_CPU 164/223
RAM 1383/3964MB (lfb 8x4MB) SWAP 773/6078MB (cached 36MB) IRAM 0/252kB(lfb 252kB) CPU [6%@921,8%@921,off,off] EMC_FREQ 0%@1600 GR3D_FREQ 0%@614 APE 25 PLL@29.5C CPU@31.5C iwlwifi@33C PMIC@50C GPU@30C AO@40.5C thermal@30.25C POM_5V_IN 1689/1776 POM_5V_GPU 82/89 POM_5V_CPU 164/223
RAM 1381/3964MB (lfb 8x4MB) SWAP 773/6078MB (cached 36MB) IRAM 0/252kB(lfb 252kB) CPU [8%@921,5%@921,off,off] EMC_FREQ 0%@1600 GR3D_FREQ 0%@614 APE 25 PLL@29.5C CPU@31.5C iwlwifi@32C PMIC@50C GPU@29.5C AO@40.5C thermal@30.5C POM_5V_IN 1689/1776 POM_5V_GPU 82/89 POM_5V_CPU 164/223
RAM 1383/3964MB (lfb 8x4MB) SWAP 773/6078MB (cached 36MB) IRAM 0/252kB(lfb 252kB) CPU [8%@921,6%@921,off,off] EMC_FREQ 0%@1600 GR3D_FREQ 0%@614 APE 25 PLL@29.5C CPU@31.5C iwlwifi@32C PMIC@50C GPU@29.5C AO@40.5C thermal@30.25C POM_5V_IN 1687/1776 POM_5V_GPU 82/89 POM_5V_CPU 164/223
RAM 1383/3964MB (lfb 8x4MB) SWAP 773/6078MB (cached 36MB) IRAM 0/252kB(lfb 252kB) CPU [7%@921,5%@921,off,off] EMC_FREQ 0%@1600 GR3D_FREQ 0%@614 APE 25 PLL@30C CPU@31C iwlwifi@32C PMIC@50C GPU@29.5C AO@40.5C thermal@30.25C POM_5V_IN 1689/1776 POM_5V_GPU 82/89 POM_5V_CPU 164/223
RAM 1381/3964MB (lfb 8x4MB) SWAP 773/6078MB (cached 36MB) IRAM 0/252kB(lfb 252kB) CPU [6%@921,9%@921,off,off] EMC_FREQ 0%@1600 GR3D_FREQ 0%@614 APE 25 PLL@29.5C CPU@31C iwlwifi@32C PMIC@50C GPU@29.5C AO@40.5C thermal@30.25C POM_5V_IN 1689/1776 POM_5V_GPU 82/89 POM_5V_CPU 164/223
RAM 1385/3964MB (lfb 8x4MB) SWAP 773/6078MB (cached 36MB) IRAM 0/252kB(lfb 252kB) CPU [7%@921,6%@921,off,off] EMC_FREQ 0%@1600 GR3D_FREQ 0%@614 APE 25 PLL@29.5C CPU@31C iwlwifi@32C PMIC@50C GPU@29.5C AO@40.5C thermal@30.5C POM_5V_IN 1689/1775 POM_5V_GPU 82/89 POM_5V_CPU 164/223
RAM 1385/3964MB (lfb 8x4MB) SWAP 773/6078MB (cached 36MB) IRAM 0/252kB(lfb 252kB) CPU [6%@921,7%@921,off,off] EMC_FREQ 0%@1600 GR3D_FREQ 0%@614 APE 25 PLL@29.5C CPU@31.5C iwlwifi@32C PMIC@50C GPU@29.5C AO@40.5C thermal@30.25C POM_5V_IN 1689/1775 POM_5V_GPU 82/89 POM_5V_CPU 164/223
RAM 1383/3964MB (lfb 8x4MB) SWAP 773/6078MB (cached 36MB) IRAM 0/252kB(lfb 252kB) CPU [5%@921,8%@921,off,off] EMC_FREQ 0%@1600 GR3D_FREQ 0%@614 APE 25 PLL@29.5C CPU@31.5C iwlwifi@32C PMIC@50C GPU@29.5C AO@40.5C thermal@30.25C POM_5V_IN 1689/1775 POM_5V_GPU 82/89 POM_5V_CPU 164/223
RAM 1381/3964MB (lfb 8x4MB) SWAP 773/6078MB (cached 36MB) IRAM 0/252kB(lfb 252kB) CPU [7%@921,6%@921,off,off] EMC_FREQ 0%@1600 GR3D_FREQ 0%@614 APE 25 PLL@29.5C CPU@31.5C iwlwifi@32C PMIC@50C GPU@29.5C AO@40.5C thermal@30.25C POM_5V_IN 1689/1775 POM_5V_GPU 82/89 POM_5V_CPU 164/223
RAM 1385/3964MB (lfb 8x4MB) SWAP 773/6078MB (cached 36MB) IRAM 0/252kB(lfb 252kB) CPU [8%@921,6%@921,off,off] EMC_FREQ 0%@1600 GR3D_FREQ 0%@614 APE 25 PLL@29.5C CPU@31.5C iwlwifi@32C PMIC@50C GPU@29.5C AO@40.5C thermal@30.25C POM_5V_IN 1689/1775 POM_5V_GPU 82/89 POM_5V_CPU 164/223
RAM 1383/3964MB (lfb 8x4MB) SWAP 773/6078MB (cached 36MB) IRAM 0/252kB(lfb 252kB) CPU [7%@921,6%@921,off,off] EMC_FREQ 0%@1600 GR3D_FREQ 0%@614 APE 25 PLL@29.5C CPU@31C iwlwifi@32C PMIC@50C GPU@29.5C AO@41C thermal@30.5C POM_5V_IN 1728/1775 POM_5V_GPU 82/89 POM_5V_CPU 164/223
RAM 1381/3964MB (lfb 8x4MB) SWAP 773/6078MB (cached 36MB) IRAM 0/252kB(lfb 252kB) CPU [6%@921,8%@921,off,off] EMC_FREQ 0%@1600 GR3D_FREQ 0%@614 APE 25 PLL@29.5C CPU@31.5C iwlwifi@32C PMIC@50C GPU@29.5C AO@40.5C thermal@30.5C POM_5V_IN 1689/1775 POM_5V_GPU 82/89 POM_5V_CPU 164/223
RAM 1385/3964MB (lfb 8x4MB) SWAP 773/6078MB (cached 36MB) IRAM 0/252kB(lfb 252kB) CPU [7%@921,6%@921,off,off] EMC_FREQ 0%@1600 GR3D_FREQ 0%@614 APE 25 PLL@30C CPU@31.5C iwlwifi@32C PMIC@50C GPU@29.5C AO@40.5C thermal@30.25C POM_5V_IN 1731/1775 POM_5V_GPU 82/89 POM_5V_CPU 164/223
RAM 1383/3964MB (lfb 8x4MB) SWAP 773/6078MB (cached 36MB) IRAM 0/252kB(lfb 252kB) CPU [8%@921,6%@921,off,off] EMC_FREQ 0%@1600 GR3D_FREQ 0%@614 APE 25 PLL@29.5C CPU@31C iwlwifi@32C PMIC@50C GPU@29.5C AO@40.5C thermal@30.25C POM_5V_IN 1689/1775 POM_5V_GPU 82/89 POM_5V_CPU 164/223
RAM 1383/3964MB (lfb 8x4MB) SWAP 773/6078MB (cached 36MB) IRAM 0/252kB(lfb 252kB) CPU [9%@921,4%@921,off,off] EMC_FREQ 0%@1600 GR3D_FREQ 0%@614 APE 25 PLL@29.5C CPU@31C iwlwifi@32C PMIC@50C GPU@29.5C AO@40.5C thermal@30.25C POM_5V_IN 1689/1775 POM_5V_GPU 82/89 POM_5V_CPU 164/223
RAM 1384/3964MB (lfb 8x4MB) SWAP 772/6078MB (cached 37MB) IRAM 0/252kB(lfb 252kB) CPU [7%@921,7%@921,off,off] EMC_FREQ 0%@1600 GR3D_FREQ 0%@614 APE 25 PLL@29.5C CPU@31C iwlwifi@32C PMIC@50C GPU@29.5C AO@40C thermal@30.25C POM_5V_IN 1689/1775 POM_5V_GPU 82/89 POM_5V_CPU 123/223
RAM 1388/3964MB (lfb 8x4MB) SWAP 770/6078MB (cached 37MB) IRAM 0/252kB(lfb 252kB) CPU [12%@921,12%@921,off,off] EMC_FREQ 0%@1600 GR3D_FREQ 0%@614 APE 25 PLL@29.5C CPU@31C iwlwifi@32C PMIC@50C GPU@29.5C AO@40.5C thermal@30.5C POM_5V_IN 1689/1775 POM_5V_GPU 82/89 POM_5V_CPU 164/223
RAM 1387/3964MB (lfb 8x4MB) SWAP 770/6078MB (cached 37MB) IRAM 0/252kB(lfb 252kB) CPU [8%@921,5%@921,off,off] EMC_FREQ 0%@1600 GR3D_FREQ 0%@614 APE 25 PLL@29.5C CPU@31C iwlwifi@32C PMIC@50C GPU@29.5C AO@40.5C thermal@30.25C POM_5V_IN 1689/1775 POM_5V_GPU 82/89 POM_5V_CPU 164/223
RAM 1385/3964MB (lfb 8x4MB) SWAP 770/6078MB (cached 37MB) IRAM 0/252kB(lfb 252kB) CPU [7%@921,7%@921,off,off] EMC_FREQ 0%@1600 GR3D_FREQ 0%@614 APE 25 PLL@29.5C CPU@31C iwlwifi@32C PMIC@50C GPU@29.5C AO@40.5C thermal@30.5C POM_5V_IN 1689/1775 POM_5V_GPU 82/89 POM_5V_CPU 164/223
RAM 1386/3964MB (lfb 8x4MB) SWAP 770/6078MB (cached 37MB) IRAM 0/252kB(lfb 252kB) CPU [7%@921,7%@921,off,off] EMC_FREQ 0%@1600 GR3D_FREQ 0%@614 APE 25 PLL@29.5C CPU@31.5C iwlwifi@32C PMIC@50C GPU@29.5C AO@40.5C thermal@30.5C POM_5V_IN 1689/1775 POM_5V_GPU 82/89 POM_5V_CPU 164/223
RAM 1385/3964MB (lfb 8x4MB) SWAP 770/6078MB (cached 37MB) IRAM 0/252kB(lfb 252kB) CPU [7%@921,6%@921,off,off] EMC_FREQ 0%@1600 GR3D_FREQ 0%@614 APE 25 PLL@29.5C CPU@31.5C iwlwifi@32C PMIC@50C GPU@29.5C AO@40.5C thermal@30.5C POM_5V_IN 1772/1775 POM_5V_GPU 82/89 POM_5V_CPU 164/223
RAM 1387/3964MB (lfb 8x4MB) SWAP 770/6078MB (cached 37MB) IRAM 0/252kB(lfb 252kB) CPU [6%@921,7%@921,off,off] EMC_FREQ 0%@1600 GR3D_FREQ 0%@614 APE 25 PLL@29.5C CPU@31.5C iwlwifi@32C PMIC@50C GPU@29.5C AO@41C thermal@30.5C POM_5V_IN 1689/1775 POM_5V_GPU 82/89 POM_5V_CPU 164/223
RAM 1389/3964MB (lfb 8x4MB) SWAP 770/6078MB (cached 37MB) IRAM 0/252kB(lfb 252kB) CPU [8%@921,5%@921,off,off] EMC_FREQ 0%@1600 GR3D_FREQ 0%@614 APE 25 PLL@29.5C CPU@31.5C iwlwifi@32C PMIC@50C GPU@29.5C AO@40.5C thermal@30.5C POM_5V_IN 1772/1775 POM_5V_GPU 82/89 POM_5V_CPU 206/223
RAM 1387/3964MB (lfb 8x4MB) SWAP 770/6078MB (cached 37MB) IRAM 0/252kB(lfb 252kB) CPU [7%@921,7%@921,off,off] EMC_FREQ 0%@1600 GR3D_FREQ 0%@614 APE 25 PLL@29.5C CPU@31.5C iwlwifi@32C PMIC@50C GPU@29.5C AO@40.5C thermal@30.5C POM_5V_IN 1689/1775 POM_5V_GPU 82/89 POM_5V_CPU 164/223
RAM 1389/3964MB (lfb 8x4MB) SWAP 770/6078MB (cached 37MB) IRAM 0/252kB(lfb 252kB) CPU [8%@921,5%@921,off,off] EMC_FREQ 0%@1600 GR3D_FREQ 0%@614 APE 25 PLL@29.5C CPU@31C iwlwifi@32C PMIC@50C GPU@29.5C AO@40.5C thermal@30.5C POM_5V_IN 1934/1775 POM_5V_GPU 82/89 POM_5V_CPU 164/223
RAM 1387/3964MB (lfb 8x4MB) SWAP 770/6078MB (cached 37MB) IRAM 0/252kB(lfb 252kB) CPU [7%@921,6%@921,off,off] EMC_FREQ 0%@1600 GR3D_FREQ 0%@614 APE 25 PLL@29.5C CPU@31.5C iwlwifi@32C PMIC@50C GPU@29.5C AO@40.5C thermal@30.5C POM_5V_IN 1689/1775 POM_5V_GPU 82/89 POM_5V_CPU 164/223
RAM 1387/3964MB (lfb 8x4MB) SWAP 770/6078MB (cached 37MB) IRAM 0/252kB(lfb 252kB) CPU [5%@921,9%@921,off,off] EMC_FREQ 0%@1600 GR3D_FREQ 0%@614 APE 25 PLL@29.5C CPU@31.5C iwlwifi@32C PMIC@50C GPU@29.5C AO@40.5C thermal@30.5C POM_5V_IN 1689/1775 POM_5V_GPU 82/89 POM_5V_CPU 164/223
RAM 1387/3964MB (lfb 8x4MB) SWAP 770/6078MB (cached 37MB) IRAM 0/252kB(lfb 252kB) CPU [6%@921,7%@921,off,off] EMC_FREQ 0%@1600 GR3D_FREQ 0%@614 APE 25 PLL@29.5C CPU@31.5C iwlwifi@32C PMIC@50C GPU@29.5C AO@40.5C thermal@30.5C POM_5V_IN 1689/1775 POM_5V_GPU 82/89 POM_5V_CPU 164/222
RAM 1387/3964MB (lfb 8x4MB) SWAP 770/6078MB (cached 37MB) IRAM 0/252kB(lfb 252kB) CPU [6%@921,8%@921,off,off] EMC_FREQ 0%@1600 GR3D_FREQ 0%@614 APE 25 PLL@29.5C CPU@31.5C iwlwifi@32C PMIC@50C GPU@29.5C AO@40.5C thermal@30.25C POM_5V_IN 1689/1775 POM_5V_GPU 82/89 POM_5V_CPU 164/222
RAM 1385/3964MB (lfb 8x4MB) SWAP 770/6078MB (cached 37MB) IRAM 0/252kB(lfb 252kB) CPU [8%@921,5%@921,off,off] EMC_FREQ 0%@1600 GR3D_FREQ 0%@614 APE 25 PLL@29.5C CPU@31.5C iwlwifi@32C PMIC@50C GPU@30C AO@40.5C thermal@30.75C POM_5V_IN 1689/1775 POM_5V_GPU 82/89 POM_5V_CPU 164/222
RAM 1388/3964MB (lfb 8x4MB) SWAP 770/6078MB (cached 37MB) IRAM 0/252kB(lfb 252kB) CPU [8%@921,6%@921,off,off] EMC_FREQ 0%@1600 GR3D_FREQ 0%@614 APE 25 PLL@29.5C CPU@31.5C iwlwifi@32C PMIC@50C GPU@29.5C AO@41C thermal@30.5C POM_5V_IN 1689/1775 POM_5V_GPU 82/89 POM_5V_CPU 164/222
RAM 1387/3964MB (lfb 8x4MB) SWAP 770/6078MB (cached 37MB) IRAM 0/252kB(lfb 252kB) CPU [9%@921,5%@921,off,off] EMC_FREQ 0%@1600 GR3D_FREQ 0%@614 APE 25 PLL@29.5C CPU@31.5C iwlwifi@32C PMIC@50C GPU@29.5C AO@40.5C thermal@30.5C POM_5V_IN 1689/1775 POM_5V_GPU 82/89 POM_5V_CPU 164/222
RAM 1385/3964MB (lfb 8x4MB) SWAP 770/6078MB (cached 37MB) IRAM 0/252kB(lfb 252kB) CPU [9%@921,5%@921,off,off] EMC_FREQ 0%@1600 GR3D_FREQ 0%@614 APE 25 PLL@29.5C CPU@31.5C iwlwifi@32C PMIC@50C GPU@29.5C AO@40.5C thermal@30.5C POM_5V_IN 1689/1775 POM_5V_GPU 82/89 POM_5V_CPU 164/222
RAM 1384/3964MB (lfb 8x4MB) SWAP 770/6078MB (cached 37MB) IRAM 0/252kB(lfb 252kB) CPU [6%@921,7%@921,off,off] EMC_FREQ 0%@1600 GR3D_FREQ 0%@614 APE 25 PLL@29.5C CPU@31.5C iwlwifi@32C PMIC@50C GPU@29.5C AO@40.5C thermal@30.75C POM_5V_IN 1689/1775 POM_5V_GPU 82/89 POM_5V_CPU 164/222
RAM 1387/3964MB (lfb 8x4MB) SWAP 770/6078MB (cached 37MB) IRAM 0/252kB(lfb 252kB) CPU [4%@921,9%@921,off,off] EMC_FREQ 0%@1600 GR3D_FREQ 0%@614 APE 25 PLL@29C CPU@31.5C iwlwifi@32C PMIC@50C GPU@30C AO@40.5C thermal@30.75C POM_5V_IN 1689/1775 POM_5V_GPU 82/89 POM_5V_CPU 164/222
RAM 1389/3964MB (lfb 8x4MB) SWAP 770/6078MB (cached 37MB) IRAM 0/252kB(lfb 252kB) CPU [5%@921,8%@921,off,off] EMC_FREQ 0%@1600 GR3D_FREQ 0%@614 APE 25 PLL@29.5C CPU@31.5C iwlwifi@32C PMIC@50C GPU@29.5C AO@40.5C thermal@30.75C POM_5V_IN 1689/1774 POM_5V_GPU 82/89 POM_5V_CPU 164/222
RAM 1391/3964MB (lfb 8x4MB) SWAP 770/6078MB (cached 37MB) IRAM 0/252kB(lfb 252kB) CPU [10%@921,8%@921,off,off] EMC_FREQ 0%@1600 GR3D_FREQ 0%@614 APE 25 PLL@29.5C CPU@31.5C iwlwifi@32C PMIC@50C GPU@30C AO@40.5C thermal@30.5C POM_5V_IN 1689/1774 POM_5V_GPU 82/89 POM_5V_CPU 164/222
RAM 1387/3964MB (lfb 8x4MB) SWAP 770/6078MB (cached 37MB) IRAM 0/252kB(lfb 252kB) CPU [6%@921,9%@921,off,off] EMC_FREQ 0%@1600 GR3D_FREQ 0%@614 APE 25 PLL@29.5C CPU@31.5C iwlwifi@32C PMIC@50C GPU@30C AO@40.5C thermal@30.75C POM_5V_IN 1689/1774 POM_5V_GPU 82/89 POM_5V_CPU 164/222
RAM 1387/3964MB (lfb 8x4MB) SWAP 770/6078MB (cached 37MB) IRAM 0/252kB(lfb 252kB) CPU [8%@921,5%@921,off,off] EMC_FREQ 0%@1600 GR3D_FREQ 0%@614 APE 25 PLL@29.5C CPU@31.5C iwlwifi@32C PMIC@50C GPU@29.5C AO@40.5C thermal@30.5C POM_5V_IN 1689/1774 POM_5V_GPU 82/89 POM_5V_CPU 123/222
RAM 1385/3964MB (lfb 8x4MB) SWAP 770/6078MB (cached 37MB) IRAM 0/252kB(lfb 252kB) CPU [7%@921,7%@921,off,off] EMC_FREQ 0%@1600 GR3D_FREQ 0%@614 APE 25 PLL@29.5C CPU@31.5C iwlwifi@32C PMIC@50C GPU@29.5C AO@40.5C thermal@30.5C POM_5V_IN 1689/1774 POM_5V_GPU 82/89 POM_5V_CPU 164/222
RAM 1389/3964MB (lfb 8x4MB) SWAP 770/6078MB (cached 37MB) IRAM 0/252kB(lfb 252kB) CPU [5%@921,8%@921,off,off] EMC_FREQ 0%@1600 GR3D_FREQ 0%@614 APE 25 PLL@29.5C CPU@31.5C iwlwifi@32C PMIC@50C GPU@29.5C AO@40.5C thermal@30.5C POM_5V_IN 1689/1774 POM_5V_GPU 82/89 POM_5V_CPU 164/222
RAM 1387/3964MB (lfb 8x4MB) SWAP 770/6078MB (cached 37MB) IRAM 0/252kB(lfb 252kB) CPU [6%@921,7%@921,off,off] EMC_FREQ 0%@1600 GR3D_FREQ 0%@614 APE 25 PLL@29.5C CPU@31.5C iwlwifi@32C PMIC@50C GPU@29.5C AO@40.5C thermal@30.5C POM_5V_IN 1689/1774 POM_5V_GPU 82/89 POM_5V_CPU 164/222
RAM 1388/3964MB (lfb 8x4MB) SWAP 770/6078MB (cached 37MB) IRAM 0/252kB(lfb 252kB) CPU [8%@921,5%@921,off,off] EMC_FREQ 0%@1600 GR3D_FREQ 0%@614 APE 25 PLL@29.5C CPU@31.5C iwlwifi@32C PMIC@50C GPU@29.5C AO@40.5C thermal@30.5C POM_5V_IN 1689/1774 POM_5V_GPU 82/89 POM_5V_CPU 164/222
RAM 1385/3964MB (lfb 8x4MB) SWAP 770/6078MB (cached 37MB) IRAM 0/252kB(lfb 252kB) CPU [7%@921,6%@921,off,off] EMC_FREQ 0%@1600 GR3D_FREQ 0%@614 APE 25 PLL@29.5C CPU@31.5C iwlwifi@32C PMIC@50C GPU@29.5C AO@40.5C thermal@30.5C POM_5V_IN 1689/1774 POM_5V_GPU 82/89 POM_5V_CPU 164/222
RAM 1385/3964MB (lfb 8x4MB) SWAP 770/6078MB (cached 37MB) IRAM 0/252kB(lfb 252kB) CPU [9%@921,3%@921,off,off] EMC_FREQ 0%@1600 GR3D_FREQ 0%@614 APE 25 PLL@29.5C CPU@31C iwlwifi@32C PMIC@50C GPU@29.5C AO@40C thermal@30.25C POM_5V_IN 1689/1774 POM_5V_GPU 82/89 POM_5V_CPU 164/222
RAM 1388/3964MB (lfb 8x4MB) SWAP 770/6078MB (cached 37MB) IRAM 0/252kB(lfb 252kB) CPU [6%@921,8%@921,off,off] EMC_FREQ 0%@1600 GR3D_FREQ 0%@614 APE 25 PLL@29.5C CPU@31C iwlwifi@32C PMIC@50C GPU@30C AO@40C thermal@30.5C POM_5V_IN 1689/1774 POM_5V_GPU 82/89 POM_5V_CPU 164/222
RAM 1385/3964MB (lfb 8x4MB) SWAP 770/6078MB (cached 37MB) IRAM 0/252kB(lfb 252kB) CPU [7%@921,5%@921,off,off] EMC_FREQ 0%@1600 GR3D_FREQ 0%@614 APE 25 PLL@29.5C CPU@31C iwlwifi@32C PMIC@50C GPU@30C AO@40.5C thermal@30.5C POM_5V_IN 1689/1774 POM_5V_GPU 82/89 POM_5V_CPU 164/222
RAM 1389/3964MB (lfb 8x4MB) SWAP 770/6078MB (cached 37MB) IRAM 0/252kB(lfb 252kB) CPU [6%@921,8%@921,off,off] EMC_FREQ 0%@1600 GR3D_FREQ 0%@614 APE 25 PLL@29.5C CPU@31C iwlwifi@32C PMIC@50C GPU@29.5C AO@40.5C thermal@30.75C POM_5V_IN 1689/1774 POM_5V_GPU 82/89 POM_5V_CPU 164/222
RAM 1389/3964MB (lfb 8x4MB) SWAP 770/6078MB (cached 37MB) IRAM 0/252kB(lfb 252kB) CPU [6%@921,7%@921,off,off] EMC_FREQ 0%@1600 GR3D_FREQ 0%@614 APE 25 PLL@29.5C CPU@31C iwlwifi@32C PMIC@50C GPU@30C AO@40.5C thermal@30.5C POM_5V_IN 1689/1774 POM_5V_GPU 82/89 POM_5V_CPU 164/222
RAM 1389/3964MB (lfb 8x4MB) SWAP 770/6078MB (cached 37MB) IRAM 0/252kB(lfb 252kB) CPU [8%@921,6%@921,off,off] EMC_FREQ 0%@1600 GR3D_FREQ 0%@614 APE 25 PLL@29.5C CPU@31.5C iwlwifi@32C PMIC@50C GPU@30C AO@40.5C thermal@30.5C POM_5V_IN 1689/1774 POM_5V_GPU 82/89 POM_5V_CPU 164/222
RAM 1387/3964MB (lfb 8x4MB) SWAP 770/6078MB (cached 37MB) IRAM 0/252kB(lfb 252kB) CPU [7%@921,6%@921,off,off] EMC_FREQ 0%@1600 GR3D_FREQ 0%@614 APE 25 PLL@29.5C CPU@31C iwlwifi@32C PMIC@50C GPU@30C AO@40.5C thermal@30.25C POM_5V_IN 1689/1774 POM_5V_GPU 82/89 POM_5V_CPU 164/222
RAM 1385/3964MB (lfb 8x4MB) SWAP 770/6078MB (cached 37MB) IRAM 0/252kB(lfb 252kB) CPU [5%@921,8%@921,off,off] EMC_FREQ 0%@1600 GR3D_FREQ 0%@614 APE 25 PLL@29C CPU@31C iwlwifi@32C PMIC@50C GPU@30C AO@40.5C thermal@30.75C POM_5V_IN 1689/1774 POM_5V_GPU 82/89 POM_5V_CPU 164/222
RAM 1388/3964MB (lfb 8x4MB) SWAP 770/6078MB (cached 37MB) IRAM 0/252kB(lfb 252kB) CPU [7%@921,7%@921,off,off] EMC_FREQ 0%@1600 GR3D_FREQ 0%@614 APE 25 PLL@29.5C CPU@31C iwlwifi@32C PMIC@50C GPU@29.5C AO@40.5C thermal@30.5C POM_5V_IN 1687/1774 POM_5V_GPU 82/89 POM_5V_CPU 164/222
RAM 1386/3964MB (lfb 8x4MB) SWAP 770/6078MB (cached 37MB) IRAM 0/252kB(lfb 252kB) CPU [6%@921,6%@921,off,off] EMC_FREQ 0%@1600 GR3D_FREQ 0%@614 APE 25 PLL@29.5C CPU@31C iwlwifi@32C PMIC@50C GPU@30C AO@40.5C thermal@30.75C POM_5V_IN 1731/1774 POM_5V_GPU 82/89 POM_5V_CPU 164/222
RAM 1387/3964MB (lfb 8x4MB) SWAP 770/6078MB (cached 37MB) IRAM 0/252kB(lfb 252kB) CPU [7%@921,8%@921,off,off] EMC_FREQ 0%@1600 GR3D_FREQ 0%@614 APE 25 PLL@30C CPU@31C iwlwifi@32C PMIC@50C GPU@29.5C AO@40.5C thermal@30.5C POM_5V_IN 1772/1774 POM_5V_GPU 82/89 POM_5V_CPU 164/222
RAM 1385/3964MB (lfb 8x4MB) SWAP 770/6078MB (cached 37MB) IRAM 0/252kB(lfb 252kB) CPU [4%@921,8%@921,off,off] EMC_FREQ 0%@1600 GR3D_FREQ 0%@614 APE 25 PLL@29.5C CPU@31.5C iwlwifi@32C PMIC@50C GPU@30C AO@40.5C thermal@30C POM_5V_IN 1689/1774 POM_5V_GPU 82/89 POM_5V_CPU 164/222
RAM 1385/3964MB (lfb 8x4MB) SWAP 770/6078MB (cached 37MB) IRAM 0/252kB(lfb 252kB) CPU [6%@921,8%@921,off,off] EMC_FREQ 0%@1600 GR3D_FREQ 0%@614 APE 25 PLL@29.5C CPU@31C iwlwifi@32C PMIC@50C GPU@29.5C AO@40.5C thermal@30.5C POM_5V_IN 1689/1774 POM_5V_GPU 82/89 POM_5V_CPU 164/222
RAM 1387/3964MB (lfb 8x4MB) SWAP 770/6078MB (cached 37MB) IRAM 0/252kB(lfb 252kB) CPU [9%@921,5%@921,off,off] EMC_FREQ 0%@1600 GR3D_FREQ 0%@614 APE 25 PLL@29.5C CPU@31.5C iwlwifi@32C PMIC@50C GPU@29.5C AO@40.5C thermal@30.5C POM_5V_IN 1689/1774 POM_5V_GPU 82/89 POM_5V_CPU 164/222
RAM 1389/3964MB (lfb 8x4MB) SWAP 770/6078MB (cached 37MB) IRAM 0/252kB(lfb 252kB) CPU [8%@921,5%@921,off,off] EMC_FREQ 0%@1600 GR3D_FREQ 0%@614 APE 25 PLL@29.5C CPU@31C iwlwifi@32C PMIC@50C GPU@30C AO@40.5C thermal@30.25C POM_5V_IN 1689/1774 POM_5V_GPU 82/89 POM_5V_CPU 164/222
RAM 1389/3964MB (lfb 8x4MB) SWAP 770/6078MB (cached 37MB) IRAM 0/252kB(lfb 252kB) CPU [7%@921,6%@921,off,off] EMC_FREQ 0%@1600 GR3D_FREQ 0%@614 APE 25 PLL@29.5C CPU@30.5C iwlwifi@32C PMIC@50C GPU@29.5C AO@40.5C thermal@30.5C POM_5V_IN 1689/1774 POM_5V_GPU 82/89 POM_5V_CPU 164/222
RAM 1385/3964MB (lfb 8x4MB) SWAP 770/6078MB (cached 37MB) IRAM 0/252kB(lfb 252kB) CPU [8%@921,5%@921,off,off] EMC_FREQ 0%@1600 GR3D_FREQ 0%@614 APE 25 PLL@29.5C CPU@31C iwlwifi@32C PMIC@50C GPU@29.5C AO@40.5C thermal@30.75C POM_5V_IN 1689/1773 POM_5V_GPU 82/89 POM_5V_CPU 164/222
RAM 1389/3964MB (lfb 8x4MB) SWAP 770/6078MB (cached 37MB) IRAM 0/252kB(lfb 252kB) CPU [8%@921,5%@921,off,off] EMC_FREQ 0%@1600 GR3D_FREQ 0%@614 APE 25 PLL@29.5C CPU@31C iwlwifi@32C PMIC@50C GPU@30C AO@40.5C thermal@30.75C POM_5V_IN 1689/1773 POM_5V_GPU 82/89 POM_5V_CPU 164/221
RAM 1387/3964MB (lfb 8x4MB) SWAP 770/6078MB (cached 37MB) IRAM 0/252kB(lfb 252kB) CPU [6%@921,8%@921,off,off] EMC_FREQ 0%@1600 GR3D_FREQ 0%@614 APE 25 PLL@29.5C CPU@31.5C iwlwifi@32C PMIC@50C GPU@30C AO@40.5C thermal@30.5C POM_5V_IN 1689/1773 POM_5V_GPU 82/89 POM_5V_CPU 164/221
RAM 1389/3964MB (lfb 8x4MB) SWAP 770/6078MB (cached 37MB) IRAM 0/252kB(lfb 252kB) CPU [10%@921,2%@921,off,off] EMC_FREQ 0%@1600 GR3D_FREQ 0%@614 APE 25 PLL@29.5C CPU@31.5C iwlwifi@32C PMIC@50C GPU@30C AO@40.5C thermal@30.75C POM_5V_IN 1689/1773 POM_5V_GPU 82/89 POM_5V_CPU 164/221
RAM 1387/3964MB (lfb 8x4MB) SWAP 770/6078MB (cached 37MB) IRAM 0/252kB(lfb 252kB) CPU [7%@921,7%@921,off,off] EMC_FREQ 0%@1600 GR3D_FREQ 0%@614 APE 25 PLL@29.5C CPU@31.5C iwlwifi@32C PMIC@50C GPU@29.5C AO@40.5C thermal@30.75C POM_5V_IN 1689/1773 POM_5V_GPU 82/89 POM_5V_CPU 164/221
RAM 1390/3964MB (lfb 8x4MB) SWAP 770/6078MB (cached 37MB) IRAM 0/252kB(lfb 252kB) CPU [6%@921,7%@921,off,off] EMC_FREQ 0%@1600 GR3D_FREQ 0%@614 APE 25 PLL@29C CPU@31C iwlwifi@32C PMIC@50C GPU@30C AO@40.5C thermal@30.5C POM_5V_IN 1689/1773 POM_5V_GPU 82/89 POM_5V_CPU 164/221
RAM 1389/3964MB (lfb 8x4MB) SWAP 770/6078MB (cached 37MB) IRAM 0/252kB(lfb 252kB) CPU [8%@921,6%@921,off,off] EMC_FREQ 0%@1600 GR3D_FREQ 0%@614 APE 25 PLL@29C CPU@31.5C iwlwifi@32C PMIC@50C GPU@29.5C AO@40.5C thermal@30.5C POM_5V_IN 1689/1773 POM_5V_GPU 82/89 POM_5V_CPU 123/221
RAM 1389/3964MB (lfb 8x4MB) SWAP 770/6078MB (cached 37MB) IRAM 0/252kB(lfb 252kB) CPU [8%@921,4%@921,off,off] EMC_FREQ 0%@1600 GR3D_FREQ 0%@614 APE 25 PLL@29.5C CPU@31C iwlwifi@32C PMIC@50C GPU@29.5C AO@41C thermal@30.75C POM_5V_IN 1731/1773 POM_5V_GPU 82/89 POM_5V_CPU 164/221
RAM 1389/3964MB (lfb 8x4MB) SWAP 770/6078MB (cached 37MB) IRAM 0/252kB(lfb 252kB) CPU [6%@921,8%@921,off,off] EMC_FREQ 0%@1600 GR3D_FREQ 0%@614 APE 25 PLL@29.5C CPU@31.5C iwlwifi@32C PMIC@50C GPU@30C AO@40.5C thermal@30.5C POM_5V_IN 1689/1773 POM_5V_GPU 82/89 POM_5V_CPU 164/221
RAM 1389/3964MB (lfb 8x4MB) SWAP 770/6078MB (cached 37MB) IRAM 0/252kB(lfb 252kB) CPU [7%@921,5%@921,off,off] EMC_FREQ 0%@1600 GR3D_FREQ 0%@614 APE 25 PLL@29.5C CPU@31C iwlwifi@32C PMIC@50C GPU@30C AO@40.5C thermal@30.5C POM_5V_IN 1689/1773 POM_5V_GPU 82/89 POM_5V_CPU 123/221
RAM 1387/3964MB (lfb 8x4MB) SWAP 770/6078MB (cached 37MB) IRAM 0/252kB(lfb 252kB) CPU [8%@921,6%@921,off,off] EMC_FREQ 0%@1600 GR3D_FREQ 0%@614 APE 25 PLL@29.5C CPU@31.5C iwlwifi@32C PMIC@50C GPU@29.5C AO@40.5C thermal@30.25C POM_5V_IN 1689/1773 POM_5V_GPU 82/89 POM_5V_CPU 164/221
RAM 1387/3964MB (lfb 8x4MB) SWAP 770/6078MB (cached 37MB) IRAM 0/252kB(lfb 252kB) CPU [5%@921,9%@921,off,off] EMC_FREQ 0%@1600 GR3D_FREQ 0%@614 APE 25 PLL@29.5C CPU@31.5C iwlwifi@32C PMIC@50C GPU@29.5C AO@40.5C thermal@30.5C POM_5V_IN 1689/1773 POM_5V_GPU 82/89 POM_5V_CPU 164/221
RAM 1387/3964MB (lfb 8x4MB) SWAP 770/6078MB (cached 37MB) IRAM 0/252kB(lfb 252kB) CPU [6%@921,7%@921,off,off] EMC_FREQ 0%@1600 GR3D_FREQ 0%@614 APE 25 PLL@29.5C CPU@31.5C iwlwifi@32C PMIC@50C GPU@30C AO@40.5C thermal@30.5C POM_5V_IN 1689/1773 POM_5V_GPU 82/89 POM_5V_CPU 164/221
RAM 1389/3964MB (lfb 8x4MB) SWAP 770/6078MB (cached 37MB) IRAM 0/252kB(lfb 252kB) CPU [7%@921,7%@921,off,off] EMC_FREQ 0%@1600 GR3D_FREQ 0%@614 APE 25 PLL@29.5C CPU@31C iwlwifi@32C PMIC@50C GPU@30C AO@41C thermal@30.5C POM_5V_IN 1689/1773 POM_5V_GPU 82/89 POM_5V_CPU 164/221
RAM 1385/3964MB (lfb 8x4MB) SWAP 770/6078MB (cached 37MB) IRAM 0/252kB(lfb 252kB) CPU [8%@921,5%@921,off,off] EMC_FREQ 0%@1600 GR3D_FREQ 0%@614 APE 25 PLL@29C CPU@31.5C iwlwifi@32C PMIC@50C GPU@30C AO@40.5C thermal@30.5C POM_5V_IN 1689/1773 POM_5V_GPU 82/89 POM_5V_CPU 164/221
RAM 1387/3964MB (lfb 8x4MB) SWAP 770/6078MB (cached 37MB) IRAM 0/252kB(lfb 252kB) CPU [8%@921,6%@921,off,off] EMC_FREQ 0%@1600 GR3D_FREQ 0%@614 APE 25 PLL@29C CPU@31.5C iwlwifi@32C PMIC@50C GPU@29.5C AO@40.5C thermal@30.5C POM_5V_IN 1687/1773 POM_5V_GPU 82/89 POM_5V_CPU 164/221
RAM 1385/3964MB (lfb 8x4MB) SWAP 770/6078MB (cached 37MB) IRAM 0/252kB(lfb 252kB) CPU [6%@921,7%@921,off,off] EMC_FREQ 0%@1600 GR3D_FREQ 0%@614 APE 25 PLL@29.5C CPU@31C iwlwifi@32C PMIC@50C GPU@30C AO@40.5C thermal@30.25C POM_5V_IN 1689/1773 POM_5V_GPU 82/89 POM_5V_CPU 164/221
RAM 1385/3964MB (lfb 8x4MB) SWAP 770/6078MB (cached 37MB) IRAM 0/252kB(lfb 252kB) CPU [7%@921,6%@921,off,off] EMC_FREQ 0%@1600 GR3D_FREQ 0%@614 APE 25 PLL@29.5C CPU@31.5C iwlwifi@32C PMIC@50C GPU@30C AO@40.5C thermal@30.5C POM_5V_IN 1687/1773 POM_5V_GPU 82/89 POM_5V_CPU 164/221
RAM 1385/3964MB (lfb 8x4MB) SWAP 770/6078MB (cached 37MB) IRAM 0/252kB(lfb 252kB) CPU [6%@921,7%@921,off,off] EMC_FREQ 0%@1600 GR3D_FREQ 0%@614 APE 25 PLL@29.5C CPU@31.5C iwlwifi@32C PMIC@50C GPU@29.5C AO@40.5C thermal@30.25C POM_5V_IN 1689/1773 POM_5V_GPU 82/89 POM_5V_CPU 164/221
RAM 1385/3964MB (lfb 8x4MB) SWAP 770/6078MB (cached 37MB) IRAM 0/252kB(lfb 252kB) CPU [7%@921,7%@921,off,off] EMC_FREQ 0%@1600 GR3D_FREQ 0%@614 APE 25 PLL@29.5C CPU@31C iwlwifi@32C PMIC@50C GPU@29.5C AO@40.5C thermal@30.25C POM_5V_IN 1689/1773 POM_5V_GPU 82/89 POM_5V_CPU 164/221
RAM 1390/3964MB (lfb 8x4MB) SWAP 770/6078MB (cached 37MB) IRAM 0/252kB(lfb 252kB) CPU [7%@921,6%@921,off,off] EMC_FREQ 0%@1600 GR3D_FREQ 0%@614 APE 25 PLL@29.5C CPU@31C iwlwifi@32C PMIC@50C GPU@30C AO@40.5C thermal@30.25C POM_5V_IN 1689/1773 POM_5V_GPU 82/89 POM_5V_CPU 164/221
RAM 1388/3964MB (lfb 8x4MB) SWAP 770/6078MB (cached 37MB) IRAM 0/252kB(lfb 252kB) CPU [5%@921,9%@921,off,off] EMC_FREQ 0%@1600 GR3D_FREQ 0%@614 APE 25 PLL@29.5C CPU@31C iwlwifi@32C PMIC@50C GPU@29.5C AO@40.5C thermal@30.5C POM_5V_IN 1689/1773 POM_5V_GPU 82/89 POM_5V_CPU 164/221
RAM 1388/3964MB (lfb 8x4MB) SWAP 770/6078MB (cached 37MB) IRAM 0/252kB(lfb 252kB) CPU [6%@921,7%@921,off,off] EMC_FREQ 0%@1600 GR3D_FREQ 0%@614 APE 25 PLL@29C CPU@31C iwlwifi@32C PMIC@50C GPU@30C AO@40.5C thermal@30.25C POM_5V_IN 1689/1773 POM_5V_GPU 82/89 POM_5V_CPU 164/221
RAM 1388/3964MB (lfb 8x4MB) SWAP 770/6078MB (cached 37MB) IRAM 0/252kB(lfb 252kB) CPU [8%@921,7%@921,off,off] EMC_FREQ 0%@1600 GR3D_FREQ 0%@614 APE 25 PLL@29.5C CPU@31.5C iwlwifi@32C PMIC@50C GPU@30C AO@40.5C thermal@30.25C POM_5V_IN 1689/1773 POM_5V_GPU 82/89 POM_5V_CPU 164/221
RAM 1387/3964MB (lfb 8x4MB) SWAP 770/6078MB (cached 37MB) IRAM 0/252kB(lfb 252kB) CPU [8%@921,5%@921,off,off] EMC_FREQ 0%@1600 GR3D_FREQ 0%@614 APE 25 PLL@29.5C CPU@31C iwlwifi@32C PMIC@50C GPU@29.5C AO@40.5C thermal@30.5C POM_5V_IN 1689/1773 POM_5V_GPU 82/89 POM_5V_CPU 164/221
RAM 1389/3964MB (lfb 8x4MB) SWAP 770/6078MB (cached 37MB) IRAM 0/252kB(lfb 252kB) CPU [5%@921,7%@921,off,off] EMC_FREQ 0%@1600 GR3D_FREQ 0%@614 APE 25 PLL@29C CPU@31C iwlwifi@32C PMIC@50C GPU@29.5C AO@40.5C thermal@30.25C POM_5V_IN 1689/1772 POM_5V_GPU 82/89 POM_5V_CPU 164/221
RAM 1385/3964MB (lfb 8x4MB) SWAP 770/6078MB (cached 37MB) IRAM 0/252kB(lfb 252kB) CPU [7%@921,6%@921,off,off] EMC_FREQ 0%@1600 GR3D_FREQ 0%@614 APE 25 PLL@29C CPU@30.5C iwlwifi@32C PMIC@50C GPU@29.5C AO@40.5C thermal@30.25C POM_5V_IN 1689/1772 POM_5V_GPU 82/89 POM_5V_CPU 164/221
RAM 1389/3964MB (lfb 8x4MB) SWAP 770/6078MB (cached 37MB) IRAM 0/252kB(lfb 252kB) CPU [9%@921,4%@921,off,off] EMC_FREQ 0%@1600 GR3D_FREQ 0%@614 APE 25 PLL@29.5C CPU@31C iwlwifi@32C PMIC@50C GPU@29.5C AO@40.5C thermal@30.5C POM_5V_IN 1731/1772 POM_5V_GPU 82/89 POM_5V_CPU 164/221
RAM 1389/3964MB (lfb 8x4MB) SWAP 770/6078MB (cached 37MB) IRAM 0/252kB(lfb 252kB) CPU [8%@921,6%@921,off,off] EMC_FREQ 0%@1600 GR3D_FREQ 0%@614 APE 25 PLL@29.5C CPU@31C iwlwifi@32C PMIC@50C GPU@29.5C AO@40.5C thermal@30.25C POM_5V_IN 1689/1772 POM_5V_GPU 82/89 POM_5V_CPU 164/221
RAM 1389/3964MB (lfb 8x4MB) SWAP 770/6078MB (cached 37MB) IRAM 0/252kB(lfb 252kB) CPU [5%@921,8%@921,off,off] EMC_FREQ 0%@1600 GR3D_FREQ 0%@614 APE 25 PLL@29.5C CPU@31C iwlwifi@32C PMIC@50C GPU@30C AO@40.5C thermal@30.5C POM_5V_IN 1689/1772 POM_5V_GPU 82/89 POM_5V_CPU 164/221
RAM 1390/3964MB (lfb 8x4MB) SWAP 770/6078MB (cached 37MB) IRAM 0/252kB(lfb 252kB) CPU [6%@921,8%@921,off,off] EMC_FREQ 0%@1600 GR3D_FREQ 0%@614 APE 25 PLL@29.5C CPU@30.5C iwlwifi@32C PMIC@50C GPU@30C AO@40.5C thermal@30.25C POM_5V_IN 1687/1772 POM_5V_GPU 82/89 POM_5V_CPU 164/221
RAM 1389/3964MB (lfb 8x4MB) SWAP 770/6078MB (cached 37MB) IRAM 0/252kB(lfb 252kB) CPU [7%@921,6%@921,off,off] EMC_FREQ 0%@1600 GR3D_FREQ 0%@614 APE 25 PLL@29.5C CPU@31C iwlwifi@32C PMIC@50C GPU@30C AO@40.5C thermal@30.5C POM_5V_IN 1689/1772 POM_5V_GPU 82/89 POM_5V_CPU 164/221
RAM 1389/3964MB (lfb 8x4MB) SWAP 770/6078MB (cached 37MB) IRAM 0/252kB(lfb 252kB) CPU [7%@921,7%@921,off,off] EMC_FREQ 0%@1600 GR3D_FREQ 0%@614 APE 25 PLL@29.5C CPU@31C iwlwifi@32C PMIC@50C GPU@30C AO@40.5C thermal@30.5C POM_5V_IN 1687/1772 POM_5V_GPU 82/89 POM_5V_CPU 164/221
RAM 1387/3964MB (lfb 8x4MB) SWAP 770/6078MB (cached 37MB) IRAM 0/252kB(lfb 252kB) CPU [5%@921,8%@921,off,off] EMC_FREQ 0%@1600 GR3D_FREQ 0%@614 APE 25 PLL@29C CPU@31C iwlwifi@32C PMIC@50C GPU@30C AO@40.5C thermal@30.5C POM_5V_IN 1689/1772 POM_5V_GPU 82/89 POM_5V_CPU 164/221
RAM 1387/3964MB (lfb 8x4MB) SWAP 770/6078MB (cached 37MB) IRAM 0/252kB(lfb 252kB) CPU [5%@921,9%@921,off,off] EMC_FREQ 0%@1600 GR3D_FREQ 0%@614 APE 25 PLL@29C CPU@31C iwlwifi@32C PMIC@50C GPU@30C AO@40.5C thermal@30.75C POM_5V_IN 1731/1772 POM_5V_GPU 82/89 POM_5V_CPU 164/221
RAM 1387/3964MB (lfb 8x4MB) SWAP 770/6078MB (cached 37MB) IRAM 0/252kB(lfb 252kB) CPU [5%@921,9%@921,off,off] EMC_FREQ 0%@1600 GR3D_FREQ 0%@614 APE 25 PLL@29.5C CPU@31C iwlwifi@32C PMIC@50C GPU@30C AO@41C thermal@30.5C POM_5V_IN 1689/1772 POM_5V_GPU 82/89 POM_5V_CPU 164/221
RAM 1386/3964MB (lfb 8x4MB) SWAP 770/6078MB (cached 37MB) IRAM 0/252kB(lfb 252kB) CPU [6%@921,8%@921,off,off] EMC_FREQ 0%@1600 GR3D_FREQ 0%@614 APE 25 PLL@29.5C CPU@31.5C iwlwifi@32C PMIC@50C GPU@29.5C AO@40.5C thermal@30.25C POM_5V_IN 1689/1772 POM_5V_GPU 82/89 POM_5V_CPU 164/220
RAM 1385/3964MB (lfb 8x4MB) SWAP 770/6078MB (cached 37MB) IRAM 0/252kB(lfb 252kB) CPU [7%@921,6%@921,off,off] EMC_FREQ 0%@1600 GR3D_FREQ 0%@614 APE 25 PLL@29.5C CPU@31C iwlwifi@32C PMIC@50C GPU@30C AO@41C thermal@30.5C POM_5V_IN 1851/1772 POM_5V_GPU 82/89 POM_5V_CPU 246/220
RAM 1390/3964MB (lfb 8x4MB) SWAP 770/6078MB (cached 37MB) IRAM 0/252kB(lfb 252kB) CPU [7%@921,7%@921,off,off] EMC_FREQ 0%@1600 GR3D_FREQ 0%@614 APE 25 PLL@29.5C CPU@31C iwlwifi@32C PMIC@50C GPU@30C AO@40.5C thermal@30.25C POM_5V_IN 1689/1772 POM_5V_GPU 82/89 POM_5V_CPU 164/220
RAM 1385/3964MB (lfb 8x4MB) SWAP 770/6078MB (cached 37MB) IRAM 0/252kB(lfb 252kB) CPU [6%@921,6%@921,off,off] EMC_FREQ 0%@1600 GR3D_FREQ 0%@614 APE 25 PLL@29.5C CPU@31.5C iwlwifi@32C PMIC@50C GPU@29.5C AO@40.5C thermal@30.25C POM_5V_IN 1689/1772 POM_5V_GPU 82/89 POM_5V_CPU 164/220
RAM 1389/3964MB (lfb 8x4MB) SWAP 770/6078MB (cached 37MB) IRAM 0/252kB(lfb 252kB) CPU [8%@921,6%@921,off,off] EMC_FREQ 0%@1600 GR3D_FREQ 0%@614 APE 25 PLL@30C CPU@31C iwlwifi@32C PMIC@50C GPU@30C AO@40.5C thermal@30.5C POM_5V_IN 1689/1772 POM_5V_GPU 82/89 POM_5V_CPU 164/220
RAM 1386/3964MB (lfb 8x4MB) SWAP 770/6078MB (cached 37MB) IRAM 0/252kB(lfb 252kB) CPU [5%@921,10%@921,off,off] EMC_FREQ 0%@1600 GR3D_FREQ 0%@614 APE 25 PLL@29.5C CPU@31C iwlwifi@32C PMIC@50C GPU@30C AO@40.5C thermal@30.5C POM_5V_IN 1689/1772 POM_5V_GPU 82/89 POM_5V_CPU 123/220
RAM 1387/3964MB (lfb 8x4MB) SWAP 770/6078MB (cached 37MB) IRAM 0/252kB(lfb 252kB) CPU [10%@921,4%@921,off,off] EMC_FREQ 0%@1600 GR3D_FREQ 0%@614 APE 25 PLL@29.5C CPU@30.5C iwlwifi@32C PMIC@50C GPU@29.5C AO@40.5C thermal@30.25C POM_5V_IN 1689/1772 POM_5V_GPU 82/89 POM_5V_CPU 164/220
RAM 1387/3964MB (lfb 8x4MB) SWAP 770/6078MB (cached 37MB) IRAM 0/252kB(lfb 252kB) CPU [7%@921,6%@921,off,off] EMC_FREQ 0%@1600 GR3D_FREQ 0%@614 APE 25 PLL@29.5C CPU@31C iwlwifi@32C PMIC@50C GPU@30C AO@40.5C thermal@30.5C POM_5V_IN 1689/1772 POM_5V_GPU 82/89 POM_5V_CPU 164/220
RAM 1385/3964MB (lfb 8x4MB) SWAP 770/6078MB (cached 37MB) IRAM 0/252kB(lfb 252kB) CPU [7%@921,6%@921,off,off] EMC_FREQ 0%@1600 GR3D_FREQ 0%@614 APE 25 PLL@29.5C CPU@31C iwlwifi@32C PMIC@50C GPU@30C AO@40.5C thermal@30.25C POM_5V_IN 1689/1772 POM_5V_GPU 82/89 POM_5V_CPU 164/220
RAM 1389/3964MB (lfb 8x4MB) SWAP 770/6078MB (cached 37MB) IRAM 0/252kB(lfb 252kB) CPU [7%@921,7%@921,off,off] EMC_FREQ 0%@1600 GR3D_FREQ 0%@614 APE 25 PLL@29.5C CPU@31.5C iwlwifi@32C PMIC@50C GPU@30C AO@40.5C thermal@30.5C POM_5V_IN 1689/1772 POM_5V_GPU 82/89 POM_5V_CPU 164/220
RAM 1389/3964MB (lfb 8x4MB) SWAP 770/6078MB (cached 37MB) IRAM 0/252kB(lfb 252kB) CPU [8%@921,5%@921,off,off] EMC_FREQ 0%@1600 GR3D_FREQ 0%@614 APE 25 PLL@29.5C CPU@31.5C iwlwifi@32C PMIC@50C GPU@29.5C AO@40.5C thermal@30.25C POM_5V_IN 1689/1772 POM_5V_GPU 82/89 POM_5V_CPU 164/220
RAM 1389/3964MB (lfb 8x4MB) SWAP 770/6078MB (cached 37MB) IRAM 0/252kB(lfb 252kB) CPU [7%@921,7%@921,off,off] EMC_FREQ 0%@1600 GR3D_FREQ 0%@614 APE 25 PLL@29.5C CPU@31C iwlwifi@33C PMIC@50C GPU@30C AO@40.5C thermal@30.5C POM_5V_IN 1689/1772 POM_5V_GPU 82/89 POM_5V_CPU 164/220
RAM 1389/3964MB (lfb 8x4MB) SWAP 770/6078MB (cached 37MB) IRAM 0/252kB(lfb 252kB) CPU [9%@921,4%@921,off,off] EMC_FREQ 0%@1600 GR3D_FREQ 0%@614 APE 25 PLL@29.5C CPU@31.5C iwlwifi@32C PMIC@50C GPU@29.5C AO@40.5C thermal@30.5C POM_5V_IN 1689/1772 POM_5V_GPU 82/89 POM_5V_CPU 123/220
RAM 1389/3964MB (lfb 8x4MB) SWAP 770/6078MB (cached 37MB) IRAM 0/252kB(lfb 252kB) CPU [8%@921,6%@921,off,off] EMC_FREQ 0%@1600 GR3D_FREQ 0%@614 APE 25 PLL@29.5C CPU@31C iwlwifi@32C PMIC@50C GPU@30C AO@40.5C thermal@30.75C POM_5V_IN 1689/1772 POM_5V_GPU 82/89 POM_5V_CPU 123/220
RAM 1387/3964MB (lfb 8x4MB) SWAP 770/6078MB (cached 37MB) IRAM 0/252kB(lfb 252kB) CPU [7%@921,6%@921,off,off] EMC_FREQ 0%@1600 GR3D_FREQ 0%@614 APE 25 PLL@29.5C CPU@31.5C iwlwifi@32C PMIC@50C GPU@29.5C AO@41C thermal@30.5C POM_5V_IN 1689/1772 POM_5V_GPU 82/89 POM_5V_CPU 164/220
RAM 1387/3964MB (lfb 8x4MB) SWAP 770/6078MB (cached 37MB) IRAM 0/252kB(lfb 252kB) CPU [5%@921,9%@921,off,off] EMC_FREQ 0%@1600 GR3D_FREQ 0%@614 APE 25 PLL@29.5C CPU@31.5C iwlwifi@32C PMIC@50C GPU@30C AO@41C thermal@30.5C POM_5V_IN 1689/1772 POM_5V_GPU 82/89 POM_5V_CPU 164/220
RAM 1387/3964MB (lfb 8x4MB) SWAP 770/6078MB (cached 37MB) IRAM 0/252kB(lfb 252kB) CPU [5%@921,8%@921,off,off] EMC_FREQ 0%@1600 GR3D_FREQ 0%@614 APE 25 PLL@29.5C CPU@31C iwlwifi@32C PMIC@50C GPU@29.5C AO@40.5C thermal@30.25C POM_5V_IN 1689/1772 POM_5V_GPU 82/89 POM_5V_CPU 164/220
RAM 1385/3964MB (lfb 8x4MB) SWAP 770/6078MB (cached 37MB) IRAM 0/252kB(lfb 252kB) CPU [5%@921,9%@921,off,off] EMC_FREQ 0%@1600 GR3D_FREQ 0%@614 APE 25 PLL@29.5C CPU@31C iwlwifi@32C PMIC@50C GPU@30C AO@40.5C thermal@30.75C POM_5V_IN 1689/1771 POM_5V_GPU 82/89 POM_5V_CPU 164/220
RAM 1385/3964MB (lfb 8x4MB) SWAP 770/6078MB (cached 37MB) IRAM 0/252kB(lfb 252kB) CPU [6%@921,7%@921,off,off] EMC_FREQ 0%@1600 GR3D_FREQ 0%@614 APE 25 PLL@29.5C CPU@31C iwlwifi@32C PMIC@50C GPU@29.5C AO@41C thermal@30.5C POM_5V_IN 1689/1771 POM_5V_GPU 82/89 POM_5V_CPU 164/220
RAM 1385/3964MB (lfb 8x4MB) SWAP 770/6078MB (cached 37MB) IRAM 0/252kB(lfb 252kB) CPU [5%@921,9%@921,off,off] EMC_FREQ 0%@1600 GR3D_FREQ 0%@614 APE 25 PLL@29.5C CPU@31.5C iwlwifi@32C PMIC@50C GPU@30C AO@41C thermal@30.5C POM_5V_IN 1731/1771 POM_5V_GPU 82/89 POM_5V_CPU 164/220
RAM 1385/3964MB (lfb 8x4MB) SWAP 770/6078MB (cached 37MB) IRAM 0/252kB(lfb 252kB) CPU [6%@921,8%@921,off,off] EMC_FREQ 0%@1600 GR3D_FREQ 0%@614 APE 25 PLL@30C CPU@31.5C iwlwifi@32C PMIC@50C GPU@29.5C AO@40.5C thermal@30.5C POM_5V_IN 1813/1771 POM_5V_GPU 82/89 POM_5V_CPU 246/220
RAM 1388/3964MB (lfb 8x4MB) SWAP 770/6078MB (cached 37MB) IRAM 0/252kB(lfb 252kB) CPU [7%@921,6%@921,off,off] EMC_FREQ 0%@1600 GR3D_FREQ 0%@614 APE 25 PLL@29.5C CPU@31C iwlwifi@32C PMIC@50C GPU@30C AO@40.5C thermal@30.25C POM_5V_IN 1687/1771 POM_5V_GPU 82/89 POM_5V_CPU 164/220
RAM 1389/3964MB (lfb 8x4MB) SWAP 770/6078MB (cached 37MB) IRAM 0/252kB(lfb 252kB) CPU [6%@921,8%@921,off,off] EMC_FREQ 0%@1600 GR3D_FREQ 0%@614 APE 25 PLL@29.5C CPU@31C iwlwifi@32C PMIC@50C GPU@30C AO@40.5C thermal@30.5C POM_5V_IN 1689/1771 POM_5V_GPU 82/89 POM_5V_CPU 164/220
RAM 1387/3964MB (lfb 8x4MB) SWAP 770/6078MB (cached 37MB) IRAM 0/252kB(lfb 252kB) CPU [6%@921,7%@921,off,off] EMC_FREQ 0%@1600 GR3D_FREQ 0%@614 APE 25 PLL@30C CPU@31.5C iwlwifi@32C PMIC@50C GPU@30C AO@40.5C thermal@30.75C POM_5V_IN 1689/1771 POM_5V_GPU 82/89 POM_5V_CPU 164/220
RAM 1389/3964MB (lfb 8x4MB) SWAP 770/6078MB (cached 37MB) IRAM 0/252kB(lfb 252kB) CPU [6%@921,8%@921,off,off] EMC_FREQ 0%@1600 GR3D_FREQ 0%@614 APE 25 PLL@29.5C CPU@31C iwlwifi@32C PMIC@50C GPU@29.5C AO@40.5C thermal@30.5C POM_5V_IN 1689/1771 POM_5V_GPU 82/89 POM_5V_CPU 164/220
RAM 1386/3964MB (lfb 8x4MB) SWAP 770/6078MB (cached 37MB) IRAM 0/252kB(lfb 252kB) CPU [4%@921,9%@921,off,off] EMC_FREQ 0%@1600 GR3D_FREQ 0%@614 APE 25 PLL@29.5C CPU@31C iwlwifi@32C PMIC@50C GPU@30C AO@40.5C thermal@30.75C POM_5V_IN 1689/1771 POM_5V_GPU 82/89 POM_5V_CPU 164/220
RAM 1388/3964MB (lfb 8x4MB) SWAP 770/6078MB (cached 37MB) IRAM 0/252kB(lfb 252kB) CPU [7%@921,7%@921,off,off] EMC_FREQ 0%@1600 GR3D_FREQ 0%@614 APE 25 PLL@29.5C CPU@31C iwlwifi@32C PMIC@50C GPU@29.5C AO@40.5C thermal@30.5C POM_5V_IN 1689/1771 POM_5V_GPU 82/89 POM_5V_CPU 164/220
RAM 1388/3964MB (lfb 8x4MB) SWAP 770/6078MB (cached 37MB) IRAM 0/252kB(lfb 252kB) CPU [7%@921,6%@921,off,off] EMC_FREQ 0%@1600 GR3D_FREQ 0%@614 APE 25 PLL@29.5C CPU@31.5C iwlwifi@32C PMIC@50C GPU@30C AO@40.5C thermal@30.5C POM_5V_IN 1689/1771 POM_5V_GPU 82/89 POM_5V_CPU 123/220
RAM 1390/3964MB (lfb 8x4MB) SWAP 770/6078MB (cached 37MB) IRAM 0/252kB(lfb 252kB) CPU [5%@921,9%@921,off,off] EMC_FREQ 0%@1600 GR3D_FREQ 0%@614 APE 25 PLL@29.5C CPU@31C iwlwifi@32C PMIC@50C GPU@29.5C AO@40.5C thermal@30.5C POM_5V_IN 1689/1771 POM_5V_GPU 82/89 POM_5V_CPU 164/220
RAM 1392/3964MB (lfb 8x4MB) SWAP 770/6078MB (cached 37MB) IRAM 0/252kB(lfb 252kB) CPU [9%@921,4%@921,off,off] EMC_FREQ 0%@1600 GR3D_FREQ 0%@614 APE 25 PLL@29.5C CPU@31.5C iwlwifi@32C PMIC@50C GPU@29.5C AO@40C thermal@30.5C POM_5V_IN 1689/1771 POM_5V_GPU 82/89 POM_5V_CPU 164/220
RAM 1385/3964MB (lfb 8x4MB) SWAP 770/6078MB (cached 37MB) IRAM 0/252kB(lfb 252kB) CPU [6%@921,8%@921,off,off] EMC_FREQ 0%@1600 GR3D_FREQ 0%@614 APE 25 PLL@29C CPU@31C iwlwifi@32C PMIC@50C GPU@29.5C AO@40C thermal@30.75C POM_5V_IN 1689/1771 POM_5V_GPU 82/89 POM_5V_CPU 164/220
RAM 1390/3964MB (lfb 8x4MB) SWAP 770/6078MB (cached 37MB) IRAM 0/252kB(lfb 252kB) CPU [6%@921,8%@921,off,off] EMC_FREQ 0%@1600 GR3D_FREQ 0%@614 APE 25 PLL@29.5C CPU@31.5C iwlwifi@32C PMIC@50C GPU@29.5C AO@40.5C thermal@30.5C POM_5V_IN 1689/1771 POM_5V_GPU 82/89 POM_5V_CPU 164/220
RAM 1387/3964MB (lfb 8x4MB) SWAP 770/6078MB (cached 37MB) IRAM 0/252kB(lfb 252kB) CPU [6%@921,8%@921,off,off] EMC_FREQ 0%@1600 GR3D_FREQ 0%@614 APE 25 PLL@29.5C CPU@31C iwlwifi@32C PMIC@50C GPU@30C AO@40.5C thermal@30.25C POM_5V_IN 1689/1771 POM_5V_GPU 82/89 POM_5V_CPU 164/220
RAM 1385/3964MB (lfb 8x4MB) SWAP 770/6078MB (cached 37MB) IRAM 0/252kB(lfb 252kB) CPU [7%@921,7%@921,off,off] EMC_FREQ 0%@1600 GR3D_FREQ 0%@614 APE 25 PLL@29.5C CPU@31.5C iwlwifi@32C PMIC@50C GPU@30C AO@40.5C thermal@30.25C POM_5V_IN 1731/1771 POM_5V_GPU 82/89 POM_5V_CPU 164/220
RAM 1385/3964MB (lfb 8x4MB) SWAP 770/6078MB (cached 37MB) IRAM 0/252kB(lfb 252kB) CPU [7%@921,7%@921,off,off] EMC_FREQ 0%@1600 GR3D_FREQ 0%@614 APE 25 PLL@29.5C CPU@31.5C iwlwifi@32C PMIC@50C GPU@30C AO@40.5C thermal@30.5C POM_5V_IN 1810/1771 POM_5V_GPU 82/89 POM_5V_CPU 246/220
RAM 1390/3964MB (lfb 8x4MB) SWAP 770/6078MB (cached 37MB) IRAM 0/252kB(lfb 252kB) CPU [9%@921,3%@921,off,off] EMC_FREQ 0%@1600 GR3D_FREQ 0%@614 APE 25 PLL@29.5C CPU@31C iwlwifi@32C PMIC@50C GPU@30C AO@40.5C thermal@30.5C POM_5V_IN 1689/1771 POM_5V_GPU 82/89 POM_5V_CPU 164/220
RAM 1387/3964MB (lfb 8x4MB) SWAP 770/6078MB (cached 37MB) IRAM 0/252kB(lfb 252kB) CPU [6%@921,8%@921,off,off] EMC_FREQ 0%@1600 GR3D_FREQ 0%@614 APE 25 PLL@29.5C CPU@31.5C iwlwifi@32C PMIC@50C GPU@29.5C AO@40.5C thermal@30.25C POM_5V_IN 1689/1771 POM_5V_GPU 82/89 POM_5V_CPU 164/220
RAM 1387/3964MB (lfb 8x4MB) SWAP 770/6078MB (cached 37MB) IRAM 0/252kB(lfb 252kB) CPU [7%@921,7%@921,off,off] EMC_FREQ 0%@1600 GR3D_FREQ 0%@614 APE 25 PLL@29.5C CPU@31.5C iwlwifi@32C PMIC@50C GPU@29.5C AO@40.5C thermal@30.75C POM_5V_IN 1689/1771 POM_5V_GPU 82/89 POM_5V_CPU 123/220
RAM 1389/3964MB (lfb 8x4MB) SWAP 770/6078MB (cached 37MB) IRAM 0/252kB(lfb 252kB) CPU [8%@921,5%@921,off,off] EMC_FREQ 0%@1600 GR3D_FREQ 0%@614 APE 25 PLL@29.5C CPU@31.5C iwlwifi@32C PMIC@50C GPU@30C AO@40.5C thermal@30.5C POM_5V_IN 1689/1771 POM_5V_GPU 82/89 POM_5V_CPU 164/219
RAM 1387/3964MB (lfb 8x4MB) SWAP 770/6078MB (cached 37MB) IRAM 0/252kB(lfb 252kB) CPU [6%@921,8%@921,off,off] EMC_FREQ 0%@1600 GR3D_FREQ 0%@614 APE 25 PLL@29C CPU@31.5C iwlwifi@32C PMIC@50C GPU@30C AO@40.5C thermal@30.25C POM_5V_IN 1689/1771 POM_5V_GPU 82/89 POM_5V_CPU 164/219
RAM 1386/3964MB (lfb 8x4MB) SWAP 770/6078MB (cached 37MB) IRAM 0/252kB(lfb 252kB) CPU [6%@921,6%@921,off,off] EMC_FREQ 0%@1600 GR3D_FREQ 0%@614 APE 25 PLL@30C CPU@31.5C iwlwifi@32C PMIC@50C GPU@30C AO@40.5C thermal@30.5C POM_5V_IN 1689/1771 POM_5V_GPU 82/89 POM_5V_CPU 123/219
RAM 1388/3964MB (lfb 8x4MB) SWAP 770/6078MB (cached 37MB) IRAM 0/252kB(lfb 252kB) CPU [9%@921,5%@921,off,off] EMC_FREQ 0%@1600 GR3D_FREQ 0%@614 APE 25 PLL@29.5C CPU@31C iwlwifi@32C PMIC@50C GPU@30C AO@41C thermal@30.5C POM_5V_IN 1689/1771 POM_5V_GPU 82/89 POM_5V_CPU 164/219
RAM 1389/3964MB (lfb 8x4MB) SWAP 770/6078MB (cached 37MB) IRAM 0/252kB(lfb 252kB) CPU [8%@921,5%@921,off,off] EMC_FREQ 0%@1600 GR3D_FREQ 0%@614 APE 25 PLL@29.5C CPU@31.5C iwlwifi@32C PMIC@50C GPU@29.5C AO@40.5C thermal@30.75C POM_5V_IN 1689/1771 POM_5V_GPU 82/89 POM_5V_CPU 164/219
RAM 1390/3964MB (lfb 8x4MB) SWAP 770/6078MB (cached 37MB) IRAM 0/252kB(lfb 252kB) CPU [10%@921,4%@921,off,off] EMC_FREQ 0%@1600 GR3D_FREQ 0%@614 APE 25 PLL@29.5C CPU@31.5C iwlwifi@32C PMIC@50C GPU@29.5C AO@41C thermal@30.25C POM_5V_IN 1689/1771 POM_5V_GPU 82/89 POM_5V_CPU 164/219
RAM 1387/3964MB (lfb 8x4MB) SWAP 770/6078MB (cached 37MB) IRAM 0/252kB(lfb 252kB) CPU [9%@921,5%@921,off,off] EMC_FREQ 0%@1600 GR3D_FREQ 0%@614 APE 25 PLL@29.5C CPU@31.5C iwlwifi@32C PMIC@50C GPU@29.5C AO@40.5C thermal@30.25C POM_5V_IN 1687/1771 POM_5V_GPU 82/89 POM_5V_CPU 164/219
RAM 1387/3964MB (lfb 8x4MB) SWAP 770/6078MB (cached 37MB) IRAM 0/252kB(lfb 252kB) CPU [10%@921,4%@921,off,off] EMC_FREQ 0%@1600 GR3D_FREQ 0%@614 APE 25 PLL@29.5C CPU@31C iwlwifi@32C PMIC@50C GPU@30C AO@40.5C thermal@30.5C POM_5V_IN 1689/1771 POM_5V_GPU 82/89 POM_5V_CPU 164/219
RAM 1386/3964MB (lfb 8x4MB) SWAP 770/6078MB (cached 37MB) IRAM 0/252kB(lfb 252kB) CPU [7%@921,6%@921,off,off] EMC_FREQ 0%@1600 GR3D_FREQ 0%@614 APE 25 PLL@29.5C CPU@31C iwlwifi@32C PMIC@50C GPU@29.5C AO@41C thermal@30.25C POM_5V_IN 1689/1771 POM_5V_GPU 82/89 POM_5V_CPU 164/219
RAM 1389/3964MB (lfb 8x4MB) SWAP 770/6078MB (cached 37MB) IRAM 0/252kB(lfb 252kB) CPU [7%@921,6%@921,off,off] EMC_FREQ 0%@1600 GR3D_FREQ 0%@614 APE 25 PLL@29.5C CPU@31.5C iwlwifi@32C PMIC@50C GPU@30C AO@40.5C thermal@30.5C POM_5V_IN 1689/1770 POM_5V_GPU 82/89 POM_5V_CPU 164/219
RAM 1387/3964MB (lfb 8x4MB) SWAP 770/6078MB (cached 37MB) IRAM 0/252kB(lfb 252kB) CPU [9%@921,5%@921,off,off] EMC_FREQ 0%@1600 GR3D_FREQ 0%@614 APE 25 PLL@29.5C CPU@31C iwlwifi@32C PMIC@50C GPU@29.5C AO@41C thermal@30.5C POM_5V_IN 1689/1770 POM_5V_GPU 82/89 POM_5V_CPU 123/219
RAM 1389/3964MB (lfb 8x4MB) SWAP 770/6078MB (cached 37MB) IRAM 0/252kB(lfb 252kB) CPU [8%@921,6%@921,off,off] EMC_FREQ 0%@1600 GR3D_FREQ 0%@614 APE 25 PLL@29.5C CPU@31C iwlwifi@32C PMIC@50C GPU@30C AO@40.5C thermal@30.25C POM_5V_IN 1689/1770 POM_5V_GPU 82/89 POM_5V_CPU 123/219
RAM 1386/3964MB (lfb 8x4MB) SWAP 770/6078MB (cached 37MB) IRAM 0/252kB(lfb 252kB) CPU [7%@921,6%@921,off,off] EMC_FREQ 0%@1600 GR3D_FREQ 0%@614 APE 25 PLL@29.5C CPU@31.5C iwlwifi@32C PMIC@50C GPU@30C AO@40.5C thermal@30.25C POM_5V_IN 1689/1770 POM_5V_GPU 82/89 POM_5V_CPU 164/219
RAM 1390/3964MB (lfb 8x4MB) SWAP 770/6078MB (cached 37MB) IRAM 0/252kB(lfb 252kB) CPU [6%@921,7%@921,off,off] EMC_FREQ 0%@1600 GR3D_FREQ 0%@614 APE 25 PLL@29.5C CPU@31.5C iwlwifi@32C PMIC@50C GPU@30C AO@40.5C thermal@30.5C POM_5V_IN 1689/1770 POM_5V_GPU 82/89 POM_5V_CPU 164/219
RAM 1388/3964MB (lfb 8x4MB) SWAP 770/6078MB (cached 37MB) IRAM 0/252kB(lfb 252kB) CPU [6%@921,8%@921,off,off] EMC_FREQ 0%@1600 GR3D_FREQ 0%@614 APE 25 PLL@29.5C CPU@31C iwlwifi@32C PMIC@50C GPU@30C AO@41C thermal@30.5C POM_5V_IN 1731/1770 POM_5V_GPU 82/89 POM_5V_CPU 164/219
RAM 1388/3964MB (lfb 8x4MB) SWAP 770/6078MB (cached 37MB) IRAM 0/252kB(lfb 252kB) CPU [6%@921,7%@921,off,off] EMC_FREQ 0%@1600 GR3D_FREQ 0%@614 APE 25 PLL@29.5C CPU@31C iwlwifi@32C PMIC@50C GPU@29.5C AO@40.5C thermal@30.5C POM_5V_IN 1689/1770 POM_5V_GPU 82/89 POM_5V_CPU 164/219
RAM 1386/3964MB (lfb 8x4MB) SWAP 770/6078MB (cached 37MB) IRAM 0/252kB(lfb 252kB) CPU [9%@921,4%@921,off,off] EMC_FREQ 0%@1600 GR3D_FREQ 0%@614 APE 25 PLL@29.5C CPU@31C iwlwifi@32C PMIC@50C GPU@29.5C AO@40.5C thermal@30.25C POM_5V_IN 1689/1770 POM_5V_GPU 82/89 POM_5V_CPU 164/219
RAM 1386/3964MB (lfb 8x4MB) SWAP 770/6078MB (cached 37MB) IRAM 0/252kB(lfb 252kB) CPU [8%@921,5%@921,off,off] EMC_FREQ 0%@1600 GR3D_FREQ 0%@614 APE 25 PLL@29.5C CPU@31C iwlwifi@32C PMIC@50C GPU@29.5C AO@40.5C thermal@30C POM_5V_IN 1689/1770 POM_5V_GPU 82/89 POM_5V_CPU 123/219
RAM 1385/3964MB (lfb 8x4MB) SWAP 770/6078MB (cached 37MB) IRAM 0/252kB(lfb 252kB) CPU [7%@921,7%@921,off,off] EMC_FREQ 0%@1600 GR3D_FREQ 0%@614 APE 25 PLL@29.5C CPU@31C iwlwifi@32C PMIC@50C GPU@30C AO@41C thermal@30.25C POM_5V_IN 1689/1770 POM_5V_GPU 82/89 POM_5V_CPU 164/219
RAM 1387/3964MB (lfb 8x4MB) SWAP 770/6078MB (cached 37MB) IRAM 0/252kB(lfb 252kB) CPU [6%@921,6%@921,off,off] EMC_FREQ 0%@1600 GR3D_FREQ 0%@614 APE 25 PLL@29C CPU@31C iwlwifi@32C PMIC@50C GPU@30C AO@40.5C thermal@30.5C POM_5V_IN 1689/1770 POM_5V_GPU 82/88 POM_5V_CPU 123/219
RAM 1385/3964MB (lfb 8x4MB) SWAP 770/6078MB (cached 37MB) IRAM 0/252kB(lfb 252kB) CPU [7%@921,7%@921,off,off] EMC_FREQ 0%@1600 GR3D_FREQ 0%@614 APE 25 PLL@29C CPU@31C iwlwifi@32C PMIC@50C GPU@29.5C AO@40.5C thermal@30.5C POM_5V_IN 1731/1770 POM_5V_GPU 82/88 POM_5V_CPU 164/219
RAM 1387/3964MB (lfb 8x4MB) SWAP 770/6078MB (cached 37MB) IRAM 0/252kB(lfb 252kB) CPU [8%@921,5%@921,off,off] EMC_FREQ 0%@1600 GR3D_FREQ 0%@614 APE 25 PLL@29.5C CPU@31C iwlwifi@32C PMIC@50C GPU@30C AO@40C thermal@30.5C POM_5V_IN 1689/1770 POM_5V_GPU 82/88 POM_5V_CPU 123/219
RAM 1387/3964MB (lfb 8x4MB) SWAP 770/6078MB (cached 37MB) IRAM 0/252kB(lfb 252kB) CPU [5%@921,8%@921,off,off] EMC_FREQ 0%@1600 GR3D_FREQ 0%@614 APE 25 PLL@29C CPU@31C iwlwifi@32C PMIC@50C GPU@30C AO@40.5C thermal@30.5C POM_5V_IN 1689/1770 POM_5V_GPU 82/88 POM_5V_CPU 164/219
RAM 1387/3964MB (lfb 8x4MB) SWAP 770/6078MB (cached 37MB) IRAM 0/252kB(lfb 252kB) CPU [7%@921,6%@921,off,off] EMC_FREQ 0%@1600 GR3D_FREQ 0%@614 APE 25 PLL@29.5C CPU@31C iwlwifi@32C PMIC@50C GPU@30C AO@41C thermal@30.75C POM_5V_IN 1689/1770 POM_5V_GPU 82/88 POM_5V_CPU 164/219
RAM 1390/3964MB (lfb 8x4MB) SWAP 770/6078MB (cached 37MB) IRAM 0/252kB(lfb 252kB) CPU [8%@921,7%@921,off,off] EMC_FREQ 0%@1600 GR3D_FREQ 0%@614 APE 25 PLL@29.5C CPU@31.5C iwlwifi@32C PMIC@50C GPU@29.5C AO@40.5C thermal@30.25C POM_5V_IN 1689/1770 POM_5V_GPU 82/88 POM_5V_CPU 164/219
RAM 1386/3964MB (lfb 8x4MB) SWAP 770/6078MB (cached 37MB) IRAM 0/252kB(lfb 252kB) CPU [7%@921,6%@921,off,off] EMC_FREQ 0%@1600 GR3D_FREQ 0%@614 APE 25 PLL@29.5C CPU@31C iwlwifi@32C PMIC@50C GPU@30C AO@40.5C thermal@30.5C POM_5V_IN 1689/1770 POM_5V_GPU 82/88 POM_5V_CPU 164/219
RAM 1389/3964MB (lfb 8x4MB) SWAP 770/6078MB (cached 37MB) IRAM 0/252kB(lfb 252kB) CPU [7%@921,7%@921,off,off] EMC_FREQ 0%@1600 GR3D_FREQ 0%@614 APE 25 PLL@29C CPU@31C iwlwifi@32C PMIC@50C GPU@29.5C AO@40.5C thermal@30.5C POM_5V_IN 1689/1770 POM_5V_GPU 82/88 POM_5V_CPU 164/219
RAM 1389/3964MB (lfb 8x4MB) SWAP 770/6078MB (cached 37MB) IRAM 0/252kB(lfb 252kB) CPU [7%@921,6%@921,off,off] EMC_FREQ 0%@1600 GR3D_FREQ 0%@614 APE 25 PLL@29C CPU@31.5C iwlwifi@32C PMIC@50C GPU@29.5C AO@40.5C thermal@30.5C POM_5V_IN 1689/1770 POM_5V_GPU 82/88 POM_5V_CPU 164/219
RAM 1388/3964MB (lfb 8x4MB) SWAP 770/6078MB (cached 37MB) IRAM 0/252kB(lfb 252kB) CPU [10%@921,4%@921,off,off] EMC_FREQ 0%@1600 GR3D_FREQ 0%@614 APE 25 PLL@29.5C CPU@31C iwlwifi@32C PMIC@50C GPU@30C AO@41C thermal@30.5C POM_5V_IN 1689/1770 POM_5V_GPU 82/88 POM_5V_CPU 164/219
RAM 1386/3964MB (lfb 8x4MB) SWAP 770/6078MB (cached 37MB) IRAM 0/252kB(lfb 252kB) CPU [7%@921,6%@921,off,off] EMC_FREQ 0%@1600 GR3D_FREQ 0%@614 APE 25 PLL@29.5C CPU@31C iwlwifi@32C PMIC@50C GPU@30C AO@41C thermal@30.25C POM_5V_IN 1689/1770 POM_5V_GPU 82/88 POM_5V_CPU 164/219
RAM 1388/3964MB (lfb 8x4MB) SWAP 770/6078MB (cached 37MB) IRAM 0/252kB(lfb 252kB) CPU [6%@921,8%@921,off,off] EMC_FREQ 0%@1600 GR3D_FREQ 0%@614 APE 25 PLL@29.5C CPU@31C iwlwifi@32C PMIC@50C GPU@30C AO@40.5C thermal@30.75C POM_5V_IN 1689/1770 POM_5V_GPU 82/88 POM_5V_CPU 123/219
RAM 1390/3964MB (lfb 8x4MB) SWAP 770/6078MB (cached 37MB) IRAM 0/252kB(lfb 252kB) CPU [7%@921,7%@921,off,off] EMC_FREQ 0%@1600 GR3D_FREQ 0%@614 APE 25 PLL@29C CPU@31C iwlwifi@32C PMIC@50C GPU@30C AO@40.5C thermal@30.5C POM_5V_IN 1731/1770 POM_5V_GPU 82/88 POM_5V_CPU 164/219
RAM 1386/3964MB (lfb 8x4MB) SWAP 770/6078MB (cached 37MB) IRAM 0/252kB(lfb 252kB) CPU [6%@921,7%@921,off,off] EMC_FREQ 0%@1600 GR3D_FREQ 0%@614 APE 25 PLL@29.5C CPU@31C iwlwifi@32C PMIC@50C GPU@29.5C AO@40.5C thermal@30.75C POM_5V_IN 1689/1770 POM_5V_GPU 82/88 POM_5V_CPU 164/219
RAM 1387/3964MB (lfb 8x4MB) SWAP 770/6078MB (cached 37MB) IRAM 0/252kB(lfb 252kB) CPU [7%@921,6%@921,off,off] EMC_FREQ 0%@1600 GR3D_FREQ 0%@614 APE 25 PLL@29.5C CPU@31C iwlwifi@32C PMIC@50C GPU@30C AO@40.5C thermal@30.5C POM_5V_IN 1689/1770 POM_5V_GPU 82/88 POM_5V_CPU 164/219
RAM 1388/3964MB (lfb 8x4MB) SWAP 770/6078MB (cached 37MB) IRAM 0/252kB(lfb 252kB) CPU [6%@921,7%@921,off,off] EMC_FREQ 0%@1600 GR3D_FREQ 0%@614 APE 25 PLL@29C CPU@31C iwlwifi@32C PMIC@50C GPU@30C AO@40.5C thermal@30.5C POM_5V_IN 1689/1770 POM_5V_GPU 82/88 POM_5V_CPU 164/218
RAM 1388/3964MB (lfb 8x4MB) SWAP 770/6078MB (cached 37MB) IRAM 0/252kB(lfb 252kB) CPU [9%@921,5%@921,off,off] EMC_FREQ 0%@1600 GR3D_FREQ 0%@614 APE 25 PLL@29.5C CPU@31C iwlwifi@32C PMIC@50C GPU@30C AO@41C thermal@30.5C POM_5V_IN 1689/1770 POM_5V_GPU 82/88 POM_5V_CPU 164/218
RAM 1387/3964MB (lfb 8x4MB) SWAP 770/6078MB (cached 37MB) IRAM 0/252kB(lfb 252kB) CPU [7%@921,7%@921,off,off] EMC_FREQ 0%@1600 GR3D_FREQ 0%@614 APE 25 PLL@30C CPU@31.5C iwlwifi@32C PMIC@50C GPU@30C AO@40.5C thermal@30.5C POM_5V_IN 1689/1770 POM_5V_GPU 82/88 POM_5V_CPU 164/218
RAM 1386/3964MB (lfb 8x4MB) SWAP 770/6078MB (cached 37MB) IRAM 0/252kB(lfb 252kB) CPU [8%@921,5%@921,off,off] EMC_FREQ 0%@1600 GR3D_FREQ 0%@614 APE 25 PLL@29.5C CPU@31C iwlwifi@32C PMIC@50C GPU@30C AO@40.5C thermal@30.5C POM_5V_IN 1689/1769 POM_5V_GPU 82/88 POM_5V_CPU 164/218
RAM 1386/3964MB (lfb 8x4MB) SWAP 770/6078MB (cached 37MB) IRAM 0/252kB(lfb 252kB) CPU [10%@921,3%@921,off,off] EMC_FREQ 0%@1600 GR3D_FREQ 0%@614 APE 25 PLL@29C CPU@31C iwlwifi@32C PMIC@50C GPU@30C AO@41C thermal@30.5C POM_5V_IN 1689/1769 POM_5V_GPU 82/88 POM_5V_CPU 164/218
RAM 1391/3964MB (lfb 8x4MB) SWAP 770/6078MB (cached 37MB) IRAM 0/252kB(lfb 252kB) CPU [6%@921,8%@921,off,off] EMC_FREQ 0%@1600 GR3D_FREQ 0%@614 APE 25 PLL@29.5C CPU@31C iwlwifi@32C PMIC@50C GPU@30C AO@40.5C thermal@30.5C POM_5V_IN 1689/1769 POM_5V_GPU 82/88 POM_5V_CPU 164/218
RAM 1385/3964MB (lfb 8x4MB) SWAP 770/6078MB (cached 37MB) IRAM 0/252kB(lfb 252kB) CPU [8%@921,5%@921,off,off] EMC_FREQ 0%@1600 GR3D_FREQ 0%@614 APE 25 PLL@30C CPU@31C iwlwifi@32C PMIC@50C GPU@30C AO@41C thermal@30.25C POM_5V_IN 1731/1769 POM_5V_GPU 82/88 POM_5V_CPU 164/218
RAM 1386/3964MB (lfb 8x4MB) SWAP 770/6078MB (cached 37MB) IRAM 0/252kB(lfb 252kB) CPU [6%@921,8%@921,off,off] EMC_FREQ 0%@1600 GR3D_FREQ 0%@614 APE 25 PLL@29.5C CPU@31.5C iwlwifi@32C PMIC@50C GPU@30C AO@40.5C thermal@30.75C POM_5V_IN 1689/1769 POM_5V_GPU 82/88 POM_5V_CPU 123/218
RAM 1386/3964MB (lfb 8x4MB) SWAP 770/6078MB (cached 37MB) IRAM 0/252kB(lfb 252kB) CPU [5%@921,9%@921,off,off] EMC_FREQ 0%@1600 GR3D_FREQ 0%@614 APE 25 PLL@29.5C CPU@31.5C iwlwifi@32C PMIC@50C GPU@30C AO@41C thermal@30.75C POM_5V_IN 1689/1769 POM_5V_GPU 82/88 POM_5V_CPU 123/218
RAM 1387/3964MB (lfb 8x4MB) SWAP 770/6078MB (cached 37MB) IRAM 0/252kB(lfb 252kB) CPU [6%@921,8%@921,off,off] EMC_FREQ 0%@1600 GR3D_FREQ 0%@614 APE 25 PLL@29C CPU@31C iwlwifi@32C PMIC@50C GPU@30C AO@41C thermal@30.5C POM_5V_IN 1731/1769 POM_5V_GPU 82/88 POM_5V_CPU 164/218
RAM 1386/3964MB (lfb 8x4MB) SWAP 770/6078MB (cached 37MB) IRAM 0/252kB(lfb 252kB) CPU [5%@921,7%@921,off,off] EMC_FREQ 0%@1600 GR3D_FREQ 0%@614 APE 25 PLL@29.5C CPU@31C iwlwifi@32C PMIC@50C GPU@30C AO@41C thermal@30.5C POM_5V_IN 1689/1769 POM_5V_GPU 82/88 POM_5V_CPU 164/218
RAM 1387/3964MB (lfb 8x4MB) SWAP 770/6078MB (cached 37MB) IRAM 0/252kB(lfb 252kB) CPU [8%@921,5%@921,off,off] EMC_FREQ 0%@1600 GR3D_FREQ 0%@614 APE 25 PLL@30C CPU@31.5C iwlwifi@32C PMIC@50C GPU@30C AO@40.5C thermal@30.25C POM_5V_IN 1689/1769 POM_5V_GPU 82/88 POM_5V_CPU 164/218
RAM 1387/3964MB (lfb 8x4MB) SWAP 770/6078MB (cached 37MB) IRAM 0/252kB(lfb 252kB) CPU [6%@921,8%@921,off,off] EMC_FREQ 0%@1600 GR3D_FREQ 0%@614 APE 25 PLL@29.5C CPU@31C iwlwifi@32C PMIC@50C GPU@30C AO@41C thermal@31C POM_5V_IN 1689/1769 POM_5V_GPU 82/88 POM_5V_CPU 123/218
RAM 1385/3964MB (lfb 8x4MB) SWAP 770/6078MB (cached 37MB) IRAM 0/252kB(lfb 252kB) CPU [7%@921,6%@921,off,off] EMC_FREQ 0%@1600 GR3D_FREQ 0%@614 APE 25 PLL@29.5C CPU@31.5C iwlwifi@32C PMIC@50C GPU@30C AO@41C thermal@30.75C POM_5V_IN 1689/1769 POM_5V_GPU 82/88 POM_5V_CPU 164/218
RAM 1385/3964MB (lfb 8x4MB) SWAP 770/6078MB (cached 37MB) IRAM 0/252kB(lfb 252kB) CPU [9%@921,5%@921,off,off] EMC_FREQ 0%@1600 GR3D_FREQ 0%@614 APE 25 PLL@29.5C CPU@31C iwlwifi@32C PMIC@50C GPU@30C AO@40.5C thermal@30.75C POM_5V_IN 1689/1769 POM_5V_GPU 82/88 POM_5V_CPU 164/218
RAM 1386/3964MB (lfb 8x4MB) SWAP 770/6078MB (cached 37MB) IRAM 0/252kB(lfb 252kB) CPU [7%@921,6%@921,off,off] EMC_FREQ 0%@1600 GR3D_FREQ 0%@614 APE 25 PLL@29.5C CPU@31.5C iwlwifi@32C PMIC@50C GPU@30C AO@40.5C thermal@30.5C POM_5V_IN 1689/1769 POM_5V_GPU 82/88 POM_5V_CPU 164/218
RAM 1387/3964MB (lfb 8x4MB) SWAP 770/6078MB (cached 37MB) IRAM 0/252kB(lfb 252kB) CPU [9%@921,5%@921,off,off] EMC_FREQ 0%@1600 GR3D_FREQ 0%@614 APE 25 PLL@29C CPU@31.5C iwlwifi@32C PMIC@50C GPU@30C AO@40.5C thermal@30.5C POM_5V_IN 1731/1769 POM_5V_GPU 82/88 POM_5V_CPU 164/218
RAM 1385/3964MB (lfb 8x4MB) SWAP 770/6078MB (cached 37MB) IRAM 0/252kB(lfb 252kB) CPU [5%@921,8%@921,off,off] EMC_FREQ 0%@1600 GR3D_FREQ 0%@614 APE 25 PLL@30C CPU@31.5C iwlwifi@32C PMIC@50C GPU@30C AO@40.5C thermal@30.5C POM_5V_IN 1689/1769 POM_5V_GPU 82/88 POM_5V_CPU 164/218
RAM 1387/3964MB (lfb 8x4MB) SWAP 770/6078MB (cached 37MB) IRAM 0/252kB(lfb 252kB) CPU [7%@921,6%@921,off,off] EMC_FREQ 0%@1600 GR3D_FREQ 0%@614 APE 25 PLL@29.5C CPU@31C iwlwifi@32C PMIC@50C GPU@30C AO@41C thermal@30.75C POM_5V_IN 1689/1769 POM_5V_GPU 82/88 POM_5V_CPU 164/218
RAM 1389/3964MB (lfb 8x4MB) SWAP 770/6078MB (cached 37MB) IRAM 0/252kB(lfb 252kB) CPU [7%@921,6%@921,off,off] EMC_FREQ 0%@1600 GR3D_FREQ 0%@614 APE 25 PLL@29.5C CPU@31C iwlwifi@32C PMIC@50C GPU@30C AO@41C thermal@30.75C POM_5V_IN 1851/1769 POM_5V_GPU 82/88 POM_5V_CPU 288/218
RAM 1390/3964MB (lfb 8x4MB) SWAP 770/6078MB (cached 37MB) IRAM 0/252kB(lfb 252kB) CPU [6%@921,8%@921,off,off] EMC_FREQ 0%@1600 GR3D_FREQ 0%@614 APE 25 PLL@29.5C CPU@31.5C iwlwifi@32C PMIC@50C GPU@30C AO@41C thermal@30.5C POM_5V_IN 1689/1769 POM_5V_GPU 82/88 POM_5V_CPU 164/218
RAM 1386/3964MB (lfb 8x4MB) SWAP 770/6078MB (cached 37MB) IRAM 0/252kB(lfb 252kB) CPU [6%@921,7%@921,off,off] EMC_FREQ 0%@1600 GR3D_FREQ 0%@614 APE 25 PLL@29.5C CPU@31.5C iwlwifi@32C PMIC@50C GPU@30C AO@40.5C thermal@30.25C POM_5V_IN 1689/1769 POM_5V_GPU 82/88 POM_5V_CPU 164/218
RAM 1389/3964MB (lfb 8x4MB) SWAP 770/6078MB (cached 37MB) IRAM 0/252kB(lfb 252kB) CPU [5%@921,10%@921,off,off] EMC_FREQ 0%@1600 GR3D_FREQ 0%@614 APE 25 PLL@29C CPU@31.5C iwlwifi@32C PMIC@50C GPU@30C AO@41C thermal@30.75C POM_5V_IN 1731/1769 POM_5V_GPU 82/88 POM_5V_CPU 164/218
RAM 1385/3964MB (lfb 8x4MB) SWAP 770/6078MB (cached 37MB) IRAM 0/252kB(lfb 252kB) CPU [6%@921,7%@921,off,off] EMC_FREQ 0%@1600 GR3D_FREQ 0%@614 APE 25 PLL@29.5C CPU@31C iwlwifi@32C PMIC@50C GPU@30C AO@41C thermal@30.5C POM_5V_IN 1689/1769 POM_5V_GPU 82/88 POM_5V_CPU 164/218
RAM 1388/3964MB (lfb 8x4MB) SWAP 770/6078MB (cached 37MB) IRAM 0/252kB(lfb 252kB) CPU [6%@921,8%@921,off,off] EMC_FREQ 0%@1600 GR3D_FREQ 0%@614 APE 25 PLL@29.5C CPU@31.5C iwlwifi@32C PMIC@50C GPU@30C AO@41C thermal@30.5C POM_5V_IN 1689/1769 POM_5V_GPU 82/88 POM_5V_CPU 164/218
RAM 1389/3964MB (lfb 8x4MB) SWAP 770/6078MB (cached 37MB) IRAM 0/252kB(lfb 252kB) CPU [6%@921,8%@921,off,off] EMC_FREQ 0%@1600 GR3D_FREQ 0%@614 APE 25 PLL@29.5C CPU@31C iwlwifi@32C PMIC@50C GPU@30C AO@41C thermal@30.5C POM_5V_IN 1689/1769 POM_5V_GPU 82/88 POM_5V_CPU 164/218
RAM 1389/3964MB (lfb 8x4MB) SWAP 770/6078MB (cached 37MB) IRAM 0/252kB(lfb 252kB) CPU [5%@921,8%@921,off,off] EMC_FREQ 0%@1600 GR3D_FREQ 0%@614 APE 25 PLL@30C CPU@31C iwlwifi@32C PMIC@50C GPU@29.5C AO@40.5C thermal@30.5C POM_5V_IN 1689/1769 POM_5V_GPU 82/88 POM_5V_CPU 164/218
RAM 1388/3964MB (lfb 8x4MB) SWAP 770/6078MB (cached 37MB) IRAM 0/252kB(lfb 252kB) CPU [8%@921,6%@921,off,off] EMC_FREQ 0%@1600 GR3D_FREQ 0%@614 APE 25 PLL@30C CPU@31C iwlwifi@32C PMIC@50C GPU@30C AO@40.5C thermal@30.5C POM_5V_IN 1689/1769 POM_5V_GPU 82/88 POM_5V_CPU 164/218
RAM 1390/3964MB (lfb 8x4MB) SWAP 770/6078MB (cached 37MB) IRAM 0/252kB(lfb 252kB) CPU [10%@921,3%@921,off,off] EMC_FREQ 0%@1600 GR3D_FREQ 0%@614 APE 25 PLL@29.5C CPU@31C iwlwifi@32C PMIC@50C GPU@30C AO@41C thermal@30.75C POM_5V_IN 1689/1769 POM_5V_GPU 82/88 POM_5V_CPU 164/218
RAM 1386/3964MB (lfb 8x4MB) SWAP 770/6078MB (cached 37MB) IRAM 0/252kB(lfb 252kB) CPU [5%@921,9%@921,off,off] EMC_FREQ 0%@1600 GR3D_FREQ 0%@614 APE 25 PLL@30C CPU@31C iwlwifi@32C PMIC@50C GPU@29.5C AO@40.5C thermal@30.25C POM_5V_IN 1689/1769 POM_5V_GPU 82/88 POM_5V_CPU 123/218
RAM 1387/3964MB (lfb 8x4MB) SWAP 770/6078MB (cached 37MB) IRAM 0/252kB(lfb 252kB) CPU [5%@921,8%@921,off,off] EMC_FREQ 0%@1600 GR3D_FREQ 0%@614 APE 25 PLL@29.5C CPU@31C iwlwifi@32C PMIC@50C GPU@30C AO@40.5C thermal@30.75C POM_5V_IN 1689/1769 POM_5V_GPU 82/88 POM_5V_CPU 164/218
RAM 1386/3964MB (lfb 8x4MB) SWAP 770/6078MB (cached 37MB) IRAM 0/252kB(lfb 252kB) CPU [6%@921,7%@921,off,off] EMC_FREQ 0%@1600 GR3D_FREQ 0%@614 APE 25 PLL@29.5C CPU@31.5C iwlwifi@32C PMIC@50C GPU@30C AO@41C thermal@30.25C POM_5V_IN 1689/1769 POM_5V_GPU 82/88 POM_5V_CPU 164/218
RAM 1390/3964MB (lfb 8x4MB) SWAP 770/6078MB (cached 37MB) IRAM 0/252kB(lfb 252kB) CPU [4%@921,8%@921,off,off] EMC_FREQ 0%@1600 GR3D_FREQ 0%@614 APE 25 PLL@29.5C CPU@31.5C iwlwifi@32C PMIC@50C GPU@30C AO@40.5C thermal@30.5C POM_5V_IN 1689/1769 POM_5V_GPU 82/88 POM_5V_CPU 164/218
RAM 1385/3964MB (lfb 8x4MB) SWAP 765/6078MB (cached 37MB) IRAM 0/252kB(lfb 252kB) CPU [8%@921,7%@921,off,off] EMC_FREQ 0%@1600 GR3D_FREQ 0%@614 APE 25 PLL@30C CPU@31C iwlwifi@32C PMIC@50C GPU@30C AO@41C thermal@30.5C POM_5V_IN 1689/1769 POM_5V_GPU 82/88 POM_5V_CPU 164/218
RAM 1385/3964MB (lfb 8x4MB) SWAP 765/6078MB (cached 37MB) IRAM 0/252kB(lfb 252kB) CPU [5%@921,8%@921,off,off] EMC_FREQ 0%@1600 GR3D_FREQ 0%@614 APE 25 PLL@29.5C CPU@31.5C iwlwifi@32C PMIC@50C GPU@30C AO@40.5C thermal@30.5C POM_5V_IN 1689/1768 POM_5V_GPU 82/88 POM_5V_CPU 164/218
RAM 1387/3964MB (lfb 8x4MB) SWAP 765/6078MB (cached 37MB) IRAM 0/252kB(lfb 252kB) CPU [5%@921,8%@921,off,off] EMC_FREQ 0%@1600 GR3D_FREQ 0%@614 APE 25 PLL@29.5C CPU@31C iwlwifi@32C PMIC@50C GPU@30C AO@41C thermal@30.75C POM_5V_IN 1689/1768 POM_5V_GPU 82/88 POM_5V_CPU 164/218
RAM 1387/3964MB (lfb 8x4MB) SWAP 765/6078MB (cached 37MB) IRAM 0/252kB(lfb 252kB) CPU [8%@921,5%@921,off,off] EMC_FREQ 0%@1600 GR3D_FREQ 0%@614 APE 25 PLL@30C CPU@31.5C iwlwifi@32C PMIC@50C GPU@30C AO@40.5C thermal@30.5C POM_5V_IN 1689/1768 POM_5V_GPU 82/88 POM_5V_CPU 164/218
RAM 1388/3964MB (lfb 8x4MB) SWAP 765/6078MB (cached 37MB) IRAM 0/252kB(lfb 252kB) CPU [7%@921,7%@921,off,off] EMC_FREQ 0%@1600 GR3D_FREQ 0%@614 APE 25 PLL@29.5C CPU@31C iwlwifi@32C PMIC@50C GPU@30C AO@41C thermal@30.75C POM_5V_IN 1689/1768 POM_5V_GPU 82/88 POM_5V_CPU 164/218
RAM 1386/3964MB (lfb 8x4MB) SWAP 765/6078MB (cached 37MB) IRAM 0/252kB(lfb 252kB) CPU [8%@921,5%@921,off,off] EMC_FREQ 0%@1600 GR3D_FREQ 0%@614 APE 25 PLL@29.5C CPU@31.5C iwlwifi@32C PMIC@50C GPU@29.5C AO@41C thermal@30.5C POM_5V_IN 1689/1768 POM_5V_GPU 82/88 POM_5V_CPU 164/218
RAM 1387/3964MB (lfb 8x4MB) SWAP 765/6078MB (cached 37MB) IRAM 0/252kB(lfb 252kB) CPU [7%@921,7%@921,off,off] EMC_FREQ 0%@1600 GR3D_FREQ 0%@614 APE 25 PLL@30C CPU@31C iwlwifi@32C PMIC@50C GPU@30C AO@41C thermal@30.75C POM_5V_IN 1731/1768 POM_5V_GPU 82/88 POM_5V_CPU 164/217
RAM 1385/3964MB (lfb 8x4MB) SWAP 765/6078MB (cached 37MB) IRAM 0/252kB(lfb 252kB) CPU [6%@921,7%@921,off,off] EMC_FREQ 0%@1600 GR3D_FREQ 0%@614 APE 25 PLL@29.5C CPU@31C iwlwifi@32C PMIC@50C GPU@30C AO@40.5C thermal@30.75C POM_5V_IN 1689/1768 POM_5V_GPU 82/88 POM_5V_CPU 164/217
RAM 1387/3964MB (lfb 8x4MB) SWAP 765/6078MB (cached 37MB) IRAM 0/252kB(lfb 252kB) CPU [7%@921,7%@921,off,off] EMC_FREQ 0%@1600 GR3D_FREQ 0%@614 APE 25 PLL@29.5C CPU@31.5C iwlwifi@32C PMIC@50C GPU@30C AO@41C thermal@30.5C POM_5V_IN 1689/1768 POM_5V_GPU 82/88 POM_5V_CPU 164/217
RAM 1385/3964MB (lfb 8x4MB) SWAP 765/6078MB (cached 37MB) IRAM 0/252kB(lfb 252kB) CPU [7%@921,6%@921,off,off] EMC_FREQ 0%@1600 GR3D_FREQ 0%@614 APE 25 PLL@29.5C CPU@31C iwlwifi@32C PMIC@50C GPU@30C AO@40.5C thermal@30.75C POM_5V_IN 1689/1768 POM_5V_GPU 82/88 POM_5V_CPU 164/217
RAM 1387/3964MB (lfb 8x4MB) SWAP 765/6078MB (cached 37MB) IRAM 0/252kB(lfb 252kB) CPU [8%@921,5%@921,off,off] EMC_FREQ 0%@1600 GR3D_FREQ 0%@614 APE 25 PLL@30C CPU@31C iwlwifi@32C PMIC@50C GPU@30C AO@40.5C thermal@30.75C POM_5V_IN 1689/1768 POM_5V_GPU 82/88 POM_5V_CPU 164/217
RAM 1387/3964MB (lfb 8x4MB) SWAP 765/6078MB (cached 37MB) IRAM 0/252kB(lfb 252kB) CPU [5%@921,8%@921,off,off] EMC_FREQ 0%@1600 GR3D_FREQ 0%@614 APE 25 PLL@29.5C CPU@31.5C iwlwifi@32C PMIC@50C GPU@30C AO@41C thermal@30.5C POM_5V_IN 1731/1768 POM_5V_GPU 82/88 POM_5V_CPU 206/217
RAM 1389/3964MB (lfb 8x4MB) SWAP 765/6078MB (cached 37MB) IRAM 0/252kB(lfb 252kB) CPU [7%@921,6%@921,off,off] EMC_FREQ 0%@1600 GR3D_FREQ 0%@614 APE 25 PLL@29.5C CPU@31.5C iwlwifi@32C PMIC@50C GPU@30C AO@41C thermal@30.75C POM_5V_IN 1689/1768 POM_5V_GPU 82/88 POM_5V_CPU 164/217
RAM 1387/3964MB (lfb 8x4MB) SWAP 765/6078MB (cached 37MB) IRAM 0/252kB(lfb 252kB) CPU [7%@921,7%@921,off,off] EMC_FREQ 0%@1600 GR3D_FREQ 0%@614 APE 25 PLL@29.5C CPU@31.5C iwlwifi@32C PMIC@50C GPU@29.5C AO@40.5C thermal@30.5C POM_5V_IN 1689/1768 POM_5V_GPU 82/88 POM_5V_CPU 164/217
RAM 1385/3964MB (lfb 8x4MB) SWAP 765/6078MB (cached 37MB) IRAM 0/252kB(lfb 252kB) CPU [7%@921,6%@921,off,off] EMC_FREQ 0%@1600 GR3D_FREQ 0%@614 APE 25 PLL@29.5C CPU@31.5C iwlwifi@32C PMIC@50C GPU@30C AO@41C thermal@30.5C POM_5V_IN 1689/1768 POM_5V_GPU 82/88 POM_5V_CPU 164/217
RAM 1387/3964MB (lfb 8x4MB) SWAP 765/6078MB (cached 37MB) IRAM 0/252kB(lfb 252kB) CPU [5%@921,9%@921,off,off] EMC_FREQ 0%@1600 GR3D_FREQ 0%@614 APE 25 PLL@29.5C CPU@31C iwlwifi@32C PMIC@50C GPU@29.5C AO@41C thermal@30.5C POM_5V_IN 1689/1768 POM_5V_GPU 82/88 POM_5V_CPU 164/217
RAM 1387/3964MB (lfb 8x4MB) SWAP 765/6078MB (cached 37MB) IRAM 0/252kB(lfb 252kB) CPU [9%@921,4%@921,off,off] EMC_FREQ 0%@1600 GR3D_FREQ 0%@614 APE 25 PLL@29.5C CPU@31.5C iwlwifi@32C PMIC@50C GPU@30C AO@40.5C thermal@30.75C POM_5V_IN 1689/1768 POM_5V_GPU 82/88 POM_5V_CPU 164/217
RAM 1387/3964MB (lfb 8x4MB) SWAP 765/6078MB (cached 37MB) IRAM 0/252kB(lfb 252kB) CPU [6%@921,8%@921,off,off] EMC_FREQ 0%@1600 GR3D_FREQ 0%@614 APE 25 PLL@29.5C CPU@31C iwlwifi@32C PMIC@50C GPU@30C AO@40.5C thermal@30.75C POM_5V_IN 1689/1768 POM_5V_GPU 82/88 POM_5V_CPU 164/217
RAM 1387/3964MB (lfb 8x4MB) SWAP 765/6078MB (cached 37MB) IRAM 0/252kB(lfb 252kB) CPU [5%@921,9%@921,off,off] EMC_FREQ 0%@1600 GR3D_FREQ 0%@614 APE 25 PLL@29.5C CPU@31.5C iwlwifi@32C PMIC@50C GPU@30C AO@40.5C thermal@30.5C POM_5V_IN 1689/1768 POM_5V_GPU 82/88 POM_5V_CPU 164/217
RAM 1389/3964MB (lfb 8x4MB) SWAP 765/6078MB (cached 37MB) IRAM 0/252kB(lfb 252kB) CPU [6%@921,8%@921,off,off] EMC_FREQ 0%@1600 GR3D_FREQ 0%@614 APE 25 PLL@29.5C CPU@31C iwlwifi@32C PMIC@50C GPU@30C AO@40.5C thermal@30.75C POM_5V_IN 1687/1768 POM_5V_GPU 82/88 POM_5V_CPU 164/217
RAM 1386/3964MB (lfb 8x4MB) SWAP 765/6078MB (cached 37MB) IRAM 0/252kB(lfb 252kB) CPU [8%@921,5%@921,off,off] EMC_FREQ 0%@1600 GR3D_FREQ 0%@614 APE 25 PLL@29.5C CPU@31.5C iwlwifi@32C PMIC@50C GPU@30C AO@40.5C thermal@30.5C POM_5V_IN 1689/1768 POM_5V_GPU 82/88 POM_5V_CPU 164/217
RAM 1386/3964MB (lfb 8x4MB) SWAP 765/6078MB (cached 37MB) IRAM 0/252kB(lfb 252kB) CPU [5%@921,9%@921,off,off] EMC_FREQ 0%@1600 GR3D_FREQ 0%@614 APE 25 PLL@29.5C CPU@31C iwlwifi@32C PMIC@50C GPU@30C AO@40.5C thermal@30.5C POM_5V_IN 1689/1768 POM_5V_GPU 82/88 POM_5V_CPU 164/217
RAM 1389/3964MB (lfb 8x4MB) SWAP 765/6078MB (cached 37MB) IRAM 0/252kB(lfb 252kB) CPU [7%@921,6%@921,off,off] EMC_FREQ 0%@1600 GR3D_FREQ 0%@614 APE 25 PLL@29.5C CPU@31C iwlwifi@32C PMIC@50C GPU@30C AO@40.5C thermal@30.5C POM_5V_IN 1687/1768 POM_5V_GPU 82/88 POM_5V_CPU 164/217
RAM 1387/3964MB (lfb 8x4MB) SWAP 765/6078MB (cached 37MB) IRAM 0/252kB(lfb 252kB) CPU [6%@921,8%@921,off,off] EMC_FREQ 0%@1600 GR3D_FREQ 0%@614 APE 25 PLL@29C CPU@31.5C iwlwifi@32C PMIC@50C GPU@30C AO@40.5C thermal@30.5C POM_5V_IN 1689/1768 POM_5V_GPU 82/88 POM_5V_CPU 164/217
RAM 1387/3964MB (lfb 8x4MB) SWAP 765/6078MB (cached 37MB) IRAM 0/252kB(lfb 252kB) CPU [8%@921,5%@921,off,off] EMC_FREQ 0%@1600 GR3D_FREQ 0%@614 APE 25 PLL@30C CPU@31.5C iwlwifi@32C PMIC@50C GPU@30C AO@41C thermal@30.5C POM_5V_IN 1689/1768 POM_5V_GPU 82/88 POM_5V_CPU 164/217
RAM 1388/3964MB (lfb 8x4MB) SWAP 765/6078MB (cached 37MB) IRAM 0/252kB(lfb 252kB) CPU [9%@921,4%@921,off,off] EMC_FREQ 0%@1600 GR3D_FREQ 0%@614 APE 25 PLL@29.5C CPU@31C iwlwifi@32C PMIC@50C GPU@30C AO@40.5C thermal@30.75C POM_5V_IN 1689/1768 POM_5V_GPU 82/88 POM_5V_CPU 164/217
RAM 1387/3964MB (lfb 8x4MB) SWAP 765/6078MB (cached 37MB) IRAM 0/252kB(lfb 252kB) CPU [9%@921,6%@921,off,off] EMC_FREQ 0%@1600 GR3D_FREQ 0%@614 APE 25 PLL@29.5C CPU@31.5C iwlwifi@32C PMIC@50C GPU@30C AO@40.5C thermal@30.75C POM_5V_IN 1689/1768 POM_5V_GPU 82/88 POM_5V_CPU 164/217
RAM 1389/3964MB (lfb 8x4MB) SWAP 765/6078MB (cached 37MB) IRAM 0/252kB(lfb 252kB) CPU [6%@921,7%@921,off,off] EMC_FREQ 0%@1600 GR3D_FREQ 0%@614 APE 25 PLL@29C CPU@31C iwlwifi@32C PMIC@50C GPU@30C AO@41C thermal@30.5C POM_5V_IN 1689/1768 POM_5V_GPU 82/88 POM_5V_CPU 164/217
RAM 1386/3964MB (lfb 8x4MB) SWAP 765/6078MB (cached 37MB) IRAM 0/252kB(lfb 252kB) CPU [8%@921,6%@921,off,off] EMC_FREQ 0%@1600 GR3D_FREQ 0%@614 APE 25 PLL@29.5C CPU@31C iwlwifi@32C PMIC@50C GPU@30C AO@41C thermal@30.5C POM_5V_IN 1689/1768 POM_5V_GPU 82/88 POM_5V_CPU 164/217
RAM 1389/3964MB (lfb 8x4MB) SWAP 765/6078MB (cached 37MB) IRAM 0/252kB(lfb 252kB) CPU [8%@921,5%@921,off,off] EMC_FREQ 0%@1600 GR3D_FREQ 0%@614 APE 25 PLL@29.5C CPU@31.5C iwlwifi@32C PMIC@50C GPU@30C AO@41C thermal@30.75C POM_5V_IN 1689/1768 POM_5V_GPU 82/88 POM_5V_CPU 164/217
RAM 1387/3964MB (lfb 8x4MB) SWAP 765/6078MB (cached 37MB) IRAM 0/252kB(lfb 252kB) CPU [5%@921,8%@921,off,off] EMC_FREQ 0%@1600 GR3D_FREQ 0%@614 APE 25 PLL@29.5C CPU@31.5C iwlwifi@32C PMIC@50C GPU@30C AO@40.5C thermal@30.75C POM_5V_IN 1689/1767 POM_5V_GPU 82/88 POM_5V_CPU 164/217
RAM 1385/3964MB (lfb 8x4MB) SWAP 765/6078MB (cached 37MB) IRAM 0/252kB(lfb 252kB) CPU [6%@921,7%@921,off,off] EMC_FREQ 0%@1600 GR3D_FREQ 0%@614 APE 25 PLL@29.5C CPU@31C iwlwifi@32C PMIC@50C GPU@30C AO@41C thermal@30.5C POM_5V_IN 1689/1767 POM_5V_GPU 82/88 POM_5V_CPU 164/217
RAM 1387/3964MB (lfb 8x4MB) SWAP 765/6078MB (cached 37MB) IRAM 0/252kB(lfb 252kB) CPU [9%@921,5%@921,off,off] EMC_FREQ 0%@1600 GR3D_FREQ 0%@614 APE 25 PLL@29.5C CPU@31.5C iwlwifi@32C PMIC@50C GPU@30C AO@40.5C thermal@30.75C POM_5V_IN 1689/1767 POM_5V_GPU 82/88 POM_5V_CPU 164/217
RAM 1389/3964MB (lfb 8x4MB) SWAP 765/6078MB (cached 37MB) IRAM 0/252kB(lfb 252kB) CPU [6%@921,7%@921,off,off] EMC_FREQ 0%@1600 GR3D_FREQ 0%@614 APE 25 PLL@29.5C CPU@31C iwlwifi@32C PMIC@50C GPU@30C AO@40.5C thermal@30.75C POM_5V_IN 1689/1767 POM_5V_GPU 82/88 POM_5V_CPU 164/217
RAM 1385/3964MB (lfb 8x4MB) SWAP 765/6078MB (cached 37MB) IRAM 0/252kB(lfb 252kB) CPU [6%@921,8%@921,off,off] EMC_FREQ 0%@1600 GR3D_FREQ 0%@614 APE 25 PLL@29.5C CPU@31.5C iwlwifi@33C PMIC@50C GPU@30C AO@41C thermal@30.75C POM_5V_IN 1689/1767 POM_5V_GPU 82/88 POM_5V_CPU 164/217
RAM 1386/3964MB (lfb 8x4MB) SWAP 765/6078MB (cached 37MB) IRAM 0/252kB(lfb 252kB) CPU [6%@921,7%@921,off,off] EMC_FREQ 0%@1600 GR3D_FREQ 0%@614 APE 25 PLL@30C CPU@31.5C iwlwifi@32C PMIC@50C GPU@29.5C AO@41C thermal@30.75C POM_5V_IN 1689/1767 POM_5V_GPU 82/88 POM_5V_CPU 164/217
RAM 1389/3964MB (lfb 8x4MB) SWAP 765/6078MB (cached 37MB) IRAM 0/252kB(lfb 252kB) CPU [5%@921,9%@921,off,off] EMC_FREQ 0%@1600 GR3D_FREQ 0%@614 APE 25 PLL@29.5C CPU@31.5C iwlwifi@32C PMIC@50C GPU@30C AO@41C thermal@31C POM_5V_IN 1689/1767 POM_5V_GPU 82/88 POM_5V_CPU 164/217
RAM 1387/3964MB (lfb 8x4MB) SWAP 765/6078MB (cached 37MB) IRAM 0/252kB(lfb 252kB) CPU [7%@921,5%@921,off,off] EMC_FREQ 0%@1600 GR3D_FREQ 0%@614 APE 25 PLL@29.5C CPU@31.5C iwlwifi@32C PMIC@50C GPU@30C AO@41C thermal@30.75C POM_5V_IN 1689/1767 POM_5V_GPU 82/88 POM_5V_CPU 164/217
RAM 1389/3964MB (lfb 8x4MB) SWAP 765/6078MB (cached 37MB) IRAM 0/252kB(lfb 252kB) CPU [6%@921,8%@921,off,off] EMC_FREQ 0%@1600 GR3D_FREQ 0%@614 APE 25 PLL@29.5C CPU@31.5C iwlwifi@32C PMIC@50C GPU@30C AO@41C thermal@30.75C POM_5V_IN 1731/1767 POM_5V_GPU 82/88 POM_5V_CPU 164/217
RAM 1389/3964MB (lfb 8x4MB) SWAP 765/6078MB (cached 37MB) IRAM 0/252kB(lfb 252kB) CPU [10%@921,3%@921,off,off] EMC_FREQ 0%@1600 GR3D_FREQ 0%@614 APE 25 PLL@29.5C CPU@31.5C iwlwifi@32C PMIC@50C GPU@30C AO@41C thermal@30.5C POM_5V_IN 1689/1767 POM_5V_GPU 82/88 POM_5V_CPU 164/217
RAM 1385/3964MB (lfb 8x4MB) SWAP 765/6078MB (cached 37MB) IRAM 0/252kB(lfb 252kB) CPU [5%@921,8%@921,off,off] EMC_FREQ 0%@1600 GR3D_FREQ 0%@614 APE 25 PLL@30C CPU@31.5C iwlwifi@32C PMIC@50C GPU@30.5C AO@41C thermal@31C POM_5V_IN 1813/1767 POM_5V_GPU 82/88 POM_5V_CPU 164/217
RAM 1387/3964MB (lfb 8x4MB) SWAP 765/6078MB (cached 37MB) IRAM 0/252kB(lfb 252kB) CPU [7%@921,6%@921,off,off] EMC_FREQ 0%@1600 GR3D_FREQ 0%@614 APE 25 PLL@29.5C CPU@31.5C iwlwifi@32C PMIC@50C GPU@30.5C AO@41C thermal@30.5C POM_5V_IN 1689/1767 POM_5V_GPU 82/88 POM_5V_CPU 164/217
RAM 1389/3964MB (lfb 8x4MB) SWAP 765/6078MB (cached 37MB) IRAM 0/252kB(lfb 252kB) CPU [6%@921,8%@921,off,off] EMC_FREQ 0%@1600 GR3D_FREQ 0%@614 APE 25 PLL@29.5C CPU@31.5C iwlwifi@32C PMIC@50C GPU@30C AO@41C thermal@30.75C POM_5V_IN 1689/1767 POM_5V_GPU 82/88 POM_5V_CPU 123/217
RAM 1385/3964MB (lfb 8x4MB) SWAP 765/6078MB (cached 37MB) IRAM 0/252kB(lfb 252kB) CPU [9%@921,5%@921,off,off] EMC_FREQ 0%@1600 GR3D_FREQ 0%@614 APE 25 PLL@29.5C CPU@31C iwlwifi@32C PMIC@50C GPU@30C AO@41C thermal@30.75C POM_5V_IN 1689/1767 POM_5V_GPU 82/88 POM_5V_CPU 164/217
RAM 1387/3964MB (lfb 8x4MB) SWAP 765/6078MB (cached 37MB) IRAM 0/252kB(lfb 252kB) CPU [7%@921,6%@921,off,off] EMC_FREQ 0%@1600 GR3D_FREQ 0%@614 APE 25 PLL@29.5C CPU@31.5C iwlwifi@32C PMIC@50C GPU@30C AO@41C thermal@30.75C POM_5V_IN 1810/1767 POM_5V_GPU 82/88 POM_5V_CPU 164/217
RAM 1386/3964MB (lfb 8x4MB) SWAP 765/6078MB (cached 37MB) IRAM 0/252kB(lfb 252kB) CPU [6%@921,7%@921,off,off] EMC_FREQ 0%@1600 GR3D_FREQ 0%@614 APE 25 PLL@29.5C CPU@31.5C iwlwifi@32C PMIC@50C GPU@30C AO@41C thermal@30.5C POM_5V_IN 1689/1767 POM_5V_GPU 82/88 POM_5V_CPU 123/217
RAM 1385/3964MB (lfb 8x4MB) SWAP 765/6078MB (cached 37MB) IRAM 0/252kB(lfb 252kB) CPU [6%@921,7%@921,off,off] EMC_FREQ 0%@1600 GR3D_FREQ 0%@614 APE 25 PLL@29.5C CPU@31.5C iwlwifi@32C PMIC@50C GPU@29.5C AO@41C thermal@30.75C POM_5V_IN 1689/1767 POM_5V_GPU 82/88 POM_5V_CPU 164/217
RAM 1385/3964MB (lfb 8x4MB) SWAP 765/6078MB (cached 37MB) IRAM 0/252kB(lfb 252kB) CPU [5%@921,8%@921,off,off] EMC_FREQ 0%@1600 GR3D_FREQ 0%@614 APE 25 PLL@30C CPU@31.5C iwlwifi@32C PMIC@50C GPU@29.5C AO@41C thermal@30.75C POM_5V_IN 1689/1767 POM_5V_GPU 82/88 POM_5V_CPU 164/216
RAM 1387/3964MB (lfb 8x4MB) SWAP 765/6078MB (cached 37MB) IRAM 0/252kB(lfb 252kB) CPU [5%@921,8%@921,off,off] EMC_FREQ 0%@1600 GR3D_FREQ 0%@614 APE 25 PLL@30C CPU@31.5C iwlwifi@33C PMIC@50C GPU@30C AO@41C thermal@30.75C POM_5V_IN 1687/1767 POM_5V_GPU 82/88 POM_5V_CPU 164/216
RAM 1389/3964MB (lfb 8x4MB) SWAP 765/6078MB (cached 37MB) IRAM 0/252kB(lfb 252kB) CPU [7%@921,7%@921,off,off] EMC_FREQ 0%@1600 GR3D_FREQ 0%@614 APE 25 PLL@30C CPU@31.5C iwlwifi@32C PMIC@50C GPU@30C AO@41C thermal@30.75C POM_5V_IN 1689/1767 POM_5V_GPU 82/88 POM_5V_CPU 123/216
RAM 1389/3964MB (lfb 8x4MB) SWAP 765/6078MB (cached 37MB) IRAM 0/252kB(lfb 252kB) CPU [6%@921,6%@921,off,off] EMC_FREQ 0%@1600 GR3D_FREQ 0%@614 APE 25 PLL@29.5C CPU@31.5C iwlwifi@32C PMIC@50C GPU@30C AO@41C thermal@31C POM_5V_IN 1689/1767 POM_5V_GPU 82/88 POM_5V_CPU 164/216
RAM 1385/3964MB (lfb 8x4MB) SWAP 765/6078MB (cached 37MB) IRAM 0/252kB(lfb 252kB) CPU [5%@921,9%@921,off,off] EMC_FREQ 0%@1600 GR3D_FREQ 0%@614 APE 25 PLL@30C CPU@31.5C iwlwifi@32C PMIC@50C GPU@30C AO@41C thermal@30.5C POM_5V_IN 1689/1767 POM_5V_GPU 82/88 POM_5V_CPU 164/216
RAM 1389/3964MB (lfb 8x4MB) SWAP 765/6078MB (cached 37MB) IRAM 0/252kB(lfb 252kB) CPU [8%@921,5%@921,off,off] EMC_FREQ 0%@1600 GR3D_FREQ 0%@614 APE 25 PLL@30C CPU@31.5C iwlwifi@32C PMIC@50C GPU@30C AO@41C thermal@30.75C POM_5V_IN 1689/1767 POM_5V_GPU 82/88 POM_5V_CPU 164/216
RAM 1385/3964MB (lfb 8x4MB) SWAP 765/6078MB (cached 37MB) IRAM 0/252kB(lfb 252kB) CPU [7%@921,6%@921,off,off] EMC_FREQ 0%@1600 GR3D_FREQ 0%@614 APE 25 PLL@30C CPU@31.5C iwlwifi@32C PMIC@50C GPU@30C AO@41C thermal@30.75C POM_5V_IN 1731/1767 POM_5V_GPU 82/88 POM_5V_CPU 164/216
RAM 1387/3964MB (lfb 8x4MB) SWAP 765/6078MB (cached 37MB) IRAM 0/252kB(lfb 252kB) CPU [5%@921,8%@921,off,off] EMC_FREQ 0%@1600 GR3D_FREQ 0%@614 APE 25 PLL@29.5C CPU@31.5C iwlwifi@32C PMIC@50C GPU@30.5C AO@41C thermal@31C POM_5V_IN 1689/1767 POM_5V_GPU 82/88 POM_5V_CPU 164/216
RAM 1389/3964MB (lfb 8x4MB) SWAP 765/6078MB (cached 37MB) IRAM 0/252kB(lfb 252kB) CPU [5%@921,8%@921,off,off] EMC_FREQ 0%@1600 GR3D_FREQ 0%@614 APE 25 PLL@29.5C CPU@31.5C iwlwifi@32C PMIC@50C GPU@30C AO@40.5C thermal@30.5C POM_5V_IN 1689/1767 POM_5V_GPU 82/88 POM_5V_CPU 164/216
RAM 1390/3964MB (lfb 8x4MB) SWAP 765/6078MB (cached 37MB) IRAM 0/252kB(lfb 252kB) CPU [7%@921,7%@921,off,off] EMC_FREQ 0%@1600 GR3D_FREQ 0%@614 APE 25 PLL@29.5C CPU@31.5C iwlwifi@32C PMIC@50C GPU@30C AO@41C thermal@30.75C POM_5V_IN 1934/1767 POM_5V_GPU 82/88 POM_5V_CPU 369/216
RAM 1389/3964MB (lfb 8x4MB) SWAP 765/6078MB (cached 37MB) IRAM 0/252kB(lfb 252kB) CPU [7%@921,8%@921,off,off] EMC_FREQ 0%@1600 GR3D_FREQ 0%@614 APE 25 PLL@29.5C CPU@31C iwlwifi@32C PMIC@50C GPU@29.5C AO@41C thermal@30.25C POM_5V_IN 1731/1767 POM_5V_GPU 82/88 POM_5V_CPU 164/216
RAM 1389/3964MB (lfb 8x4MB) SWAP 765/6078MB (cached 37MB) IRAM 0/252kB(lfb 252kB) CPU [5%@921,8%@921,off,off] EMC_FREQ 0%@1600 GR3D_FREQ 0%@614 APE 25 PLL@29.5C CPU@31.5C iwlwifi@32C PMIC@50C GPU@30C AO@41C thermal@30.75C POM_5V_IN 1689/1767 POM_5V_GPU 82/88 POM_5V_CPU 164/216
RAM 1387/3964MB (lfb 8x4MB) SWAP 765/6078MB (cached 37MB) IRAM 0/252kB(lfb 252kB) CPU [6%@921,7%@921,off,off] EMC_FREQ 0%@1600 GR3D_FREQ 0%@614 APE 25 PLL@29.5C CPU@31.5C iwlwifi@32C PMIC@50C GPU@30C AO@41C thermal@30.75C POM_5V_IN 1689/1767 POM_5V_GPU 82/88 POM_5V_CPU 164/216
RAM 1389/3964MB (lfb 8x4MB) SWAP 765/6078MB (cached 37MB) IRAM 0/252kB(lfb 252kB) CPU [7%@921,7%@921,off,off] EMC_FREQ 0%@1600 GR3D_FREQ 0%@614 APE 25 PLL@29.5C CPU@31.5C iwlwifi@32C PMIC@50C GPU@30C AO@41C thermal@30.75C POM_5V_IN 1689/1767 POM_5V_GPU 82/88 POM_5V_CPU 164/216
RAM 1389/3964MB (lfb 8x4MB) SWAP 765/6078MB (cached 37MB) IRAM 0/252kB(lfb 252kB) CPU [6%@921,7%@921,off,off] EMC_FREQ 0%@1600 GR3D_FREQ 0%@614 APE 25 PLL@29.5C CPU@31.5C iwlwifi@32C PMIC@50C GPU@30C AO@40.5C thermal@30.75C POM_5V_IN 1689/1767 POM_5V_GPU 82/88 POM_5V_CPU 164/216
RAM 1389/3964MB (lfb 8x4MB) SWAP 765/6078MB (cached 37MB) IRAM 0/252kB(lfb 252kB) CPU [6%@921,7%@921,off,off] EMC_FREQ 0%@1600 GR3D_FREQ 0%@614 APE 25 PLL@29.5C CPU@31.5C iwlwifi@32C PMIC@50C GPU@30.5C AO@41C thermal@30.75C POM_5V_IN 1689/1767 POM_5V_GPU 82/88 POM_5V_CPU 164/216
RAM 1387/3964MB (lfb 8x4MB) SWAP 765/6078MB (cached 37MB) IRAM 0/252kB(lfb 252kB) CPU [6%@921,6%@921,off,off] EMC_FREQ 0%@1600 GR3D_FREQ 0%@614 APE 25 PLL@29.5C CPU@31.5C iwlwifi@32C PMIC@50C GPU@30C AO@41C thermal@30.75C POM_5V_IN 1689/1767 POM_5V_GPU 82/88 POM_5V_CPU 164/216
RAM 1386/3964MB (lfb 8x4MB) SWAP 765/6078MB (cached 37MB) IRAM 0/252kB(lfb 252kB) CPU [6%@921,8%@921,off,off] EMC_FREQ 0%@1600 GR3D_FREQ 0%@614 APE 25 PLL@29.5C CPU@31.5C iwlwifi@32C PMIC@50C GPU@30C AO@40.5C thermal@30.75C POM_5V_IN 1689/1767 POM_5V_GPU 82/88 POM_5V_CPU 164/216
RAM 1387/3964MB (lfb 8x4MB) SWAP 765/6078MB (cached 37MB) IRAM 0/252kB(lfb 252kB) CPU [6%@921,6%@921,off,off] EMC_FREQ 0%@1600 GR3D_FREQ 0%@614 APE 25 PLL@29.5C CPU@31.5C iwlwifi@32C PMIC@50C GPU@30C AO@41C thermal@30.75C POM_5V_IN 1689/1767 POM_5V_GPU 82/88 POM_5V_CPU 164/216
RAM 1387/3964MB (lfb 8x4MB) SWAP 765/6078MB (cached 37MB) IRAM 0/252kB(lfb 252kB) CPU [9%@921,5%@921,off,off] EMC_FREQ 0%@1600 GR3D_FREQ 0%@614 APE 25 PLL@30C CPU@31.5C iwlwifi@32C PMIC@50C GPU@30C AO@41C thermal@30.75C POM_5V_IN 1687/1767 POM_5V_GPU 82/88 POM_5V_CPU 164/216
RAM 1387/3964MB (lfb 8x4MB) SWAP 765/6078MB (cached 37MB) IRAM 0/252kB(lfb 252kB) CPU [8%@921,5%@921,off,off] EMC_FREQ 0%@1600 GR3D_FREQ 0%@614 APE 25 PLL@29.5C CPU@31.5C iwlwifi@32C PMIC@50C GPU@30C AO@41C thermal@30.5C POM_5V_IN 1731/1766 POM_5V_GPU 82/88 POM_5V_CPU 164/216
RAM 1385/3964MB (lfb 8x4MB) SWAP 765/6078MB (cached 37MB) IRAM 0/252kB(lfb 252kB) CPU [7%@921,7%@921,off,off] EMC_FREQ 0%@1600 GR3D_FREQ 0%@614 APE 25 PLL@29.5C CPU@31.5C iwlwifi@32C PMIC@50C GPU@30C AO@41C thermal@30.5C POM_5V_IN 1689/1766 POM_5V_GPU 82/88 POM_5V_CPU 164/216
RAM 1387/3964MB (lfb 8x4MB) SWAP 765/6078MB (cached 37MB) IRAM 0/252kB(lfb 252kB) CPU [8%@921,6%@921,off,off] EMC_FREQ 0%@1600 GR3D_FREQ 0%@614 APE 25 PLL@29.5C CPU@31.5C iwlwifi@32C PMIC@50C GPU@30C AO@41C thermal@30.75C POM_5V_IN 1689/1766 POM_5V_GPU 82/88 POM_5V_CPU 164/216
RAM 1387/3964MB (lfb 8x4MB) SWAP 765/6078MB (cached 37MB) IRAM 0/252kB(lfb 252kB) CPU [6%@921,8%@921,off,off] EMC_FREQ 0%@1600 GR3D_FREQ 0%@614 APE 25 PLL@29.5C CPU@31C iwlwifi@32C PMIC@50C GPU@30C AO@41C thermal@30.75C POM_5V_IN 1689/1766 POM_5V_GPU 82/88 POM_5V_CPU 164/216
RAM 1385/3964MB (lfb 8x4MB) SWAP 765/6078MB (cached 37MB) IRAM 0/252kB(lfb 252kB) CPU [5%@921,8%@921,off,off] EMC_FREQ 0%@1600 GR3D_FREQ 0%@614 APE 25 PLL@29.5C CPU@31.5C iwlwifi@32C PMIC@50C GPU@29.5C AO@41C thermal@30.5C POM_5V_IN 1728/1766 POM_5V_GPU 82/88 POM_5V_CPU 164/216
RAM 1388/3964MB (lfb 8x4MB) SWAP 765/6078MB (cached 37MB) IRAM 0/252kB(lfb 252kB) CPU [7%@921,6%@921,off,off] EMC_FREQ 0%@1600 GR3D_FREQ 0%@614 APE 25 PLL@29.5C CPU@31C iwlwifi@32C PMIC@50C GPU@30C AO@41C thermal@30.75C POM_5V_IN 1689/1766 POM_5V_GPU 82/88 POM_5V_CPU 164/216
RAM 1387/3964MB (lfb 8x4MB) SWAP 765/6078MB (cached 37MB) IRAM 0/252kB(lfb 252kB) CPU [6%@921,8%@921,off,off] EMC_FREQ 0%@1600 GR3D_FREQ 0%@614 APE 25 PLL@29.5C CPU@31C iwlwifi@32C PMIC@50C GPU@30C AO@41C thermal@30.75C POM_5V_IN 1689/1766 POM_5V_GPU 82/88 POM_5V_CPU 164/216
RAM 1385/3964MB (lfb 8x4MB) SWAP 765/6078MB (cached 37MB) IRAM 0/252kB(lfb 252kB) CPU [8%@921,6%@921,off,off] EMC_FREQ 0%@1600 GR3D_FREQ 0%@614 APE 25 PLL@29.5C CPU@31.5C iwlwifi@32C PMIC@50C GPU@30C AO@41C thermal@30.5C POM_5V_IN 1689/1766 POM_5V_GPU 82/88 POM_5V_CPU 164/216
RAM 1389/3964MB (lfb 8x4MB) SWAP 765/6078MB (cached 37MB) IRAM 0/252kB(lfb 252kB) CPU [5%@921,9%@921,off,off] EMC_FREQ 0%@1600 GR3D_FREQ 0%@614 APE 25 PLL@29.5C CPU@31.5C iwlwifi@32C PMIC@50C GPU@30C AO@41C thermal@30.75C POM_5V_IN 1731/1766 POM_5V_GPU 82/88 POM_5V_CPU 164/216
RAM 1387/3964MB (lfb 8x4MB) SWAP 765/6078MB (cached 37MB) IRAM 0/252kB(lfb 252kB) CPU [6%@921,7%@921,off,off] EMC_FREQ 0%@1600 GR3D_FREQ 0%@614 APE 25 PLL@29.5C CPU@31C iwlwifi@32C PMIC@50C GPU@30C AO@41C thermal@30.5C POM_5V_IN 1689/1766 POM_5V_GPU 82/88 POM_5V_CPU 164/216
RAM 1389/3964MB (lfb 8x4MB) SWAP 765/6078MB (cached 37MB) IRAM 0/252kB(lfb 252kB) CPU [6%@921,7%@921,off,off] EMC_FREQ 0%@1600 GR3D_FREQ 0%@614 APE 25 PLL@29.5C CPU@31.5C iwlwifi@32C PMIC@50C GPU@29.5C AO@41C thermal@30.75C POM_5V_IN 1689/1766 POM_5V_GPU 82/88 POM_5V_CPU 164/216
RAM 1389/3964MB (lfb 8x4MB) SWAP 765/6078MB (cached 37MB) IRAM 0/252kB(lfb 252kB) CPU [8%@921,5%@921,off,off] EMC_FREQ 0%@1600 GR3D_FREQ 0%@614 APE 25 PLL@29.5C CPU@31.5C iwlwifi@32C PMIC@50C GPU@30C AO@41C thermal@30.75C POM_5V_IN 1689/1766 POM_5V_GPU 82/88 POM_5V_CPU 164/216
RAM 1389/3964MB (lfb 8x4MB) SWAP 765/6078MB (cached 37MB) IRAM 0/252kB(lfb 252kB) CPU [5%@921,9%@921,off,off] EMC_FREQ 0%@1600 GR3D_FREQ 0%@614 APE 25 PLL@29.5C CPU@31.5C iwlwifi@32C PMIC@50C GPU@30C AO@41C thermal@30.75C POM_5V_IN 1689/1766 POM_5V_GPU 82/88 POM_5V_CPU 164/216
RAM 1387/3964MB (lfb 8x4MB) SWAP 765/6078MB (cached 37MB) IRAM 0/252kB(lfb 252kB) CPU [4%@921,9%@921,off,off] EMC_FREQ 0%@1600 GR3D_FREQ 0%@614 APE 25 PLL@30C CPU@31C iwlwifi@32C PMIC@50C GPU@30C AO@41C thermal@30.75C POM_5V_IN 1689/1766 POM_5V_GPU 82/88 POM_5V_CPU 164/216
RAM 1387/3964MB (lfb 8x4MB) SWAP 765/6078MB (cached 37MB) IRAM 0/252kB(lfb 252kB) CPU [7%@921,7%@921,off,off] EMC_FREQ 0%@1600 GR3D_FREQ 0%@614 APE 25 PLL@30C CPU@32C iwlwifi@32C PMIC@50C GPU@29.5C AO@41C thermal@30.75C POM_5V_IN 1689/1766 POM_5V_GPU 82/88 POM_5V_CPU 164/216
RAM 1387/3964MB (lfb 8x4MB) SWAP 765/6078MB (cached 37MB) IRAM 0/252kB(lfb 252kB) CPU [6%@921,8%@921,off,off] EMC_FREQ 0%@1600 GR3D_FREQ 0%@614 APE 25 PLL@29.5C CPU@31.5C iwlwifi@32C PMIC@50C GPU@30C AO@41C thermal@31C POM_5V_IN 1689/1766 POM_5V_GPU 82/88 POM_5V_CPU 164/216
RAM 1389/3964MB (lfb 8x4MB) SWAP 765/6078MB (cached 37MB) IRAM 0/252kB(lfb 252kB) CPU [10%@921,5%@921,off,off] EMC_FREQ 0%@1600 GR3D_FREQ 0%@614 APE 25 PLL@29C CPU@32C iwlwifi@32C PMIC@50C GPU@30C AO@41C thermal@30.75C POM_5V_IN 1810/1766 POM_5V_GPU 82/88 POM_5V_CPU 164/216
RAM 1388/3964MB (lfb 8x4MB) SWAP 765/6078MB (cached 37MB) IRAM 0/252kB(lfb 252kB) CPU [5%@921,8%@921,off,off] EMC_FREQ 0%@1600 GR3D_FREQ 0%@614 APE 25 PLL@29.5C CPU@31.5C iwlwifi@32C PMIC@50C GPU@30C AO@41C thermal@30.75C POM_5V_IN 1689/1766 POM_5V_GPU 82/88 POM_5V_CPU 164/216
RAM 1386/3964MB (lfb 8x4MB) SWAP 765/6078MB (cached 37MB) IRAM 0/252kB(lfb 252kB) CPU [8%@921,6%@921,off,off] EMC_FREQ 0%@1600 GR3D_FREQ 0%@614 APE 25 PLL@29.5C CPU@32C iwlwifi@32C PMIC@50C GPU@29.5C AO@41C thermal@30.5C POM_5V_IN 1689/1766 POM_5V_GPU 82/88 POM_5V_CPU 164/216
RAM 1387/3964MB (lfb 8x4MB) SWAP 765/6078MB (cached 37MB) IRAM 0/252kB(lfb 252kB) CPU [9%@921,5%@921,off,off] EMC_FREQ 0%@1600 GR3D_FREQ 0%@614 APE 25 PLL@29.5C CPU@31C iwlwifi@32C PMIC@50C GPU@29.5C AO@41.5C thermal@30.75C POM_5V_IN 1731/1766 POM_5V_GPU 82/88 POM_5V_CPU 164/216
RAM 1389/3964MB (lfb 8x4MB) SWAP 765/6078MB (cached 37MB) IRAM 0/252kB(lfb 252kB) CPU [8%@921,5%@921,off,off] EMC_FREQ 0%@1600 GR3D_FREQ 0%@614 APE 25 PLL@29.5C CPU@31.5C iwlwifi@32C PMIC@50C GPU@30C AO@41C thermal@30.75C POM_5V_IN 1892/1766 POM_5V_GPU 82/88 POM_5V_CPU 164/216
RAM 1389/3964MB (lfb 8x4MB) SWAP 765/6078MB (cached 37MB) IRAM 0/252kB(lfb 252kB) CPU [7%@921,7%@921,off,off] EMC_FREQ 0%@1600 GR3D_FREQ 0%@614 APE 25 PLL@29.5C CPU@31.5C iwlwifi@32C PMIC@50C GPU@29.5C AO@41C thermal@30.5C POM_5V_IN 1689/1766 POM_5V_GPU 82/88 POM_5V_CPU 164/216
RAM 1389/3964MB (lfb 8x4MB) SWAP 765/6078MB (cached 37MB) IRAM 0/252kB(lfb 252kB) CPU [6%@921,7%@921,off,off] EMC_FREQ 0%@1600 GR3D_FREQ 0%@614 APE 25 PLL@29.5C CPU@31.5C iwlwifi@32C PMIC@50C GPU@30C AO@41C thermal@30.75C POM_5V_IN 1689/1766 POM_5V_GPU 82/88 POM_5V_CPU 164/216
RAM 1389/3964MB (lfb 8x4MB) SWAP 765/6078MB (cached 37MB) IRAM 0/252kB(lfb 252kB) CPU [6%@921,8%@921,off,off] EMC_FREQ 0%@1600 GR3D_FREQ 0%@614 APE 25 PLL@29.5C CPU@31.5C iwlwifi@32C PMIC@50C GPU@30C AO@41C thermal@30.75C POM_5V_IN 1689/1766 POM_5V_GPU 82/88 POM_5V_CPU 164/216
RAM 1388/3964MB (lfb 8x4MB) SWAP 765/6078MB (cached 37MB) IRAM 0/252kB(lfb 252kB) CPU [8%@921,8%@921,off,off] EMC_FREQ 0%@1600 GR3D_FREQ 0%@614 APE 25 PLL@29.5C CPU@31.5C iwlwifi@32C PMIC@50C GPU@30C AO@41C thermal@31C POM_5V_IN 1689/1766 POM_5V_GPU 82/88 POM_5V_CPU 164/216
RAM 1387/3964MB (lfb 8x4MB) SWAP 765/6078MB (cached 37MB) IRAM 0/252kB(lfb 252kB) CPU [6%@921,9%@921,off,off] EMC_FREQ 0%@1600 GR3D_FREQ 0%@614 APE 25 PLL@30C CPU@31.5C iwlwifi@32C PMIC@50C GPU@30C AO@41.5C thermal@30.5C POM_5V_IN 1689/1766 POM_5V_GPU 82/88 POM_5V_CPU 164/216
RAM 1387/3964MB (lfb 8x4MB) SWAP 765/6078MB (cached 37MB) IRAM 0/252kB(lfb 252kB) CPU [6%@921,7%@921,off,off] EMC_FREQ 0%@1600 GR3D_FREQ 0%@614 APE 25 PLL@29.5C CPU@31.5C iwlwifi@32C PMIC@50C GPU@30.5C AO@41C thermal@30.75C POM_5V_IN 1687/1766 POM_5V_GPU 82/88 POM_5V_CPU 164/216
RAM 1389/3964MB (lfb 8x4MB) SWAP 765/6078MB (cached 37MB) IRAM 0/252kB(lfb 252kB) CPU [6%@921,8%@921,off,off] EMC_FREQ 0%@1600 GR3D_FREQ 0%@614 APE 25 PLL@29.5C CPU@31.5C iwlwifi@32C PMIC@50C GPU@30C AO@41C thermal@30.75C POM_5V_IN 1689/1766 POM_5V_GPU 82/88 POM_5V_CPU 164/215
RAM 1386/3964MB (lfb 8x4MB) SWAP 765/6078MB (cached 37MB) IRAM 0/252kB(lfb 252kB) CPU [6%@921,7%@921,off,off] EMC_FREQ 0%@1600 GR3D_FREQ 0%@614 APE 25 PLL@29.5C CPU@31.5C iwlwifi@32C PMIC@50C GPU@30C AO@41C thermal@30.75C POM_5V_IN 1731/1766 POM_5V_GPU 82/88 POM_5V_CPU 164/215
RAM 1386/3964MB (lfb 8x4MB) SWAP 765/6078MB (cached 37MB) IRAM 0/252kB(lfb 252kB) CPU [6%@921,7%@921,off,off] EMC_FREQ 0%@1600 GR3D_FREQ 0%@614 APE 25 PLL@30C CPU@31.5C iwlwifi@32C PMIC@50C GPU@30C AO@41C thermal@30.75C POM_5V_IN 1689/1766 POM_5V_GPU 82/88 POM_5V_CPU 164/215
RAM 1387/3964MB (lfb 8x4MB) SWAP 765/6078MB (cached 37MB) IRAM 0/252kB(lfb 252kB) CPU [7%@921,6%@921,off,off] EMC_FREQ 0%@1600 GR3D_FREQ 0%@614 APE 25 PLL@29.5C CPU@31.5C iwlwifi@32C PMIC@50C GPU@30C AO@40.5C thermal@30.75C POM_5V_IN 1689/1766 POM_5V_GPU 82/88 POM_5V_CPU 164/215
RAM 1385/3964MB (lfb 8x4MB) SWAP 765/6078MB (cached 37MB) IRAM 0/252kB(lfb 252kB) CPU [6%@921,8%@921,off,off] EMC_FREQ 0%@1600 GR3D_FREQ 0%@614 APE 25 PLL@30C CPU@31.5C iwlwifi@32C PMIC@50C GPU@30C AO@41C thermal@30.75C POM_5V_IN 1689/1766 POM_5V_GPU 82/88 POM_5V_CPU 123/215
RAM 1389/3964MB (lfb 8x4MB) SWAP 765/6078MB (cached 37MB) IRAM 0/252kB(lfb 252kB) CPU [7%@921,7%@921,off,off] EMC_FREQ 0%@1600 GR3D_FREQ 0%@614 APE 25 PLL@29.5C CPU@32C iwlwifi@32C PMIC@50C GPU@29.5C AO@41C thermal@31C POM_5V_IN 1689/1766 POM_5V_GPU 82/88 POM_5V_CPU 123/215
RAM 1386/3964MB (lfb 8x4MB) SWAP 765/6078MB (cached 37MB) IRAM 0/252kB(lfb 252kB) CPU [5%@921,9%@921,off,off] EMC_FREQ 0%@1600 GR3D_FREQ 0%@614 APE 25 PLL@29.5C CPU@31.5C iwlwifi@32C PMIC@50C GPU@30C AO@41C thermal@30.75C POM_5V_IN 1689/1766 POM_5V_GPU 82/88 POM_5V_CPU 164/215
RAM 1389/3964MB (lfb 8x4MB) SWAP 765/6078MB (cached 37MB) IRAM 0/252kB(lfb 252kB) CPU [7%@921,5%@921,off,off] EMC_FREQ 0%@1600 GR3D_FREQ 0%@614 APE 25 PLL@29.5C CPU@31.5C iwlwifi@32C PMIC@50C GPU@30C AO@41C thermal@30.75C POM_5V_IN 1731/1766 POM_5V_GPU 82/88 POM_5V_CPU 164/215
RAM 1389/3964MB (lfb 8x4MB) SWAP 765/6078MB (cached 37MB) IRAM 0/252kB(lfb 252kB) CPU [7%@921,8%@921,off,off] EMC_FREQ 0%@1600 GR3D_FREQ 0%@614 APE 25 PLL@29.5C CPU@31.5C iwlwifi@32C PMIC@50C GPU@30C AO@41C thermal@30.5C POM_5V_IN 1687/1766 POM_5V_GPU 82/88 POM_5V_CPU 164/215
RAM 1387/3964MB (lfb 8x4MB) SWAP 765/6078MB (cached 37MB) IRAM 0/252kB(lfb 252kB) CPU [6%@921,7%@921,off,off] EMC_FREQ 0%@1600 GR3D_FREQ 0%@614 APE 25 PLL@29.5C CPU@31.5C iwlwifi@32C PMIC@50C GPU@30.5C AO@41C thermal@30.75C POM_5V_IN 1689/1766 POM_5V_GPU 82/88 POM_5V_CPU 164/215
RAM 1388/3964MB (lfb 8x4MB) SWAP 765/6078MB (cached 37MB) IRAM 0/252kB(lfb 252kB) CPU [7%@921,6%@921,off,off] EMC_FREQ 0%@1600 GR3D_FREQ 0%@614 APE 25 PLL@30C CPU@31.5C iwlwifi@32C PMIC@50C GPU@29.5C AO@41C thermal@30.75C POM_5V_IN 1689/1765 POM_5V_GPU 82/88 POM_5V_CPU 164/215
RAM 1386/3964MB (lfb 8x4MB) SWAP 765/6078MB (cached 37MB) IRAM 0/252kB(lfb 252kB) CPU [6%@921,8%@921,off,off] EMC_FREQ 0%@1600 GR3D_FREQ 0%@614 APE 25 PLL@29.5C CPU@31.5C iwlwifi@32C PMIC@50C GPU@30C AO@41.5C thermal@30.75C POM_5V_IN 1689/1765 POM_5V_GPU 82/88 POM_5V_CPU 164/215
RAM 1385/3964MB (lfb 8x4MB) SWAP 765/6078MB (cached 37MB) IRAM 0/252kB(lfb 252kB) CPU [7%@921,7%@921,off,off] EMC_FREQ 0%@1600 GR3D_FREQ 0%@614 APE 25 PLL@30C CPU@31.5C iwlwifi@32C PMIC@50C GPU@30C AO@41C thermal@30.75C POM_5V_IN 1687/1765 POM_5V_GPU 82/88 POM_5V_CPU 164/215
RAM 1387/3964MB (lfb 8x4MB) SWAP 765/6078MB (cached 37MB) IRAM 0/252kB(lfb 252kB) CPU [9%@921,6%@921,off,off] EMC_FREQ 0%@1600 GR3D_FREQ 0%@614 APE 25 PLL@30C CPU@31.5C iwlwifi@32C PMIC@50C GPU@30C AO@41C thermal@30.75C POM_5V_IN 1689/1765 POM_5V_GPU 82/88 POM_5V_CPU 164/215
RAM 1385/3964MB (lfb 8x4MB) SWAP 765/6078MB (cached 37MB) IRAM 0/252kB(lfb 252kB) CPU [6%@921,6%@921,off,off] EMC_FREQ 0%@1600 GR3D_FREQ 0%@614 APE 25 PLL@29.5C CPU@31.5C iwlwifi@32C PMIC@50C GPU@30C AO@40.5C thermal@30.75C POM_5V_IN 1731/1765 POM_5V_GPU 82/88 POM_5V_CPU 164/215
RAM 1389/3964MB (lfb 8x4MB) SWAP 765/6078MB (cached 37MB) IRAM 0/252kB(lfb 252kB) CPU [5%@921,9%@921,off,off] EMC_FREQ 0%@1600 GR3D_FREQ 0%@614 APE 25 PLL@29.5C CPU@31.5C iwlwifi@32C PMIC@50C GPU@30.5C AO@41C thermal@31C POM_5V_IN 1689/1765 POM_5V_GPU 82/88 POM_5V_CPU 164/215
RAM 1389/3964MB (lfb 8x4MB) SWAP 765/6078MB (cached 37MB) IRAM 0/252kB(lfb 252kB) CPU [7%@921,7%@921,off,off] EMC_FREQ 0%@1600 GR3D_FREQ 0%@614 APE 25 PLL@29.5C CPU@32C iwlwifi@32C PMIC@50C GPU@30C AO@41C thermal@30.75C POM_5V_IN 1689/1765 POM_5V_GPU 82/88 POM_5V_CPU 164/215
RAM 1389/3964MB (lfb 8x4MB) SWAP 765/6078MB (cached 37MB) IRAM 0/252kB(lfb 252kB) CPU [6%@921,7%@921,off,off] EMC_FREQ 0%@1600 GR3D_FREQ 0%@614 APE 25 PLL@29.5C CPU@31.5C iwlwifi@32C PMIC@50C GPU@30C AO@41C thermal@30.75C POM_5V_IN 1689/1765 POM_5V_GPU 82/88 POM_5V_CPU 164/215
RAM 1386/3964MB (lfb 8x4MB) SWAP 765/6078MB (cached 37MB) IRAM 0/252kB(lfb 252kB) CPU [5%@921,9%@921,off,off] EMC_FREQ 0%@1600 GR3D_FREQ 0%@614 APE 25 PLL@30C CPU@31.5C iwlwifi@32C PMIC@50C GPU@30C AO@40.5C thermal@30.75C POM_5V_IN 1689/1765 POM_5V_GPU 82/88 POM_5V_CPU 123/215
RAM 1385/3964MB (lfb 8x4MB) SWAP 765/6078MB (cached 37MB) IRAM 0/252kB(lfb 252kB) CPU [7%@921,7%@921,off,off] EMC_FREQ 0%@1600 GR3D_FREQ 0%@614 APE 25 PLL@29.5C CPU@31.5C iwlwifi@32C PMIC@50C GPU@30C AO@40.5C thermal@30.75C POM_5V_IN 1689/1765 POM_5V_GPU 82/88 POM_5V_CPU 164/215
RAM 1385/3964MB (lfb 8x4MB) SWAP 765/6078MB (cached 37MB) IRAM 0/252kB(lfb 252kB) CPU [8%@921,6%@921,off,off] EMC_FREQ 0%@1600 GR3D_FREQ 0%@614 APE 25 PLL@29.5C CPU@31.5C iwlwifi@32C PMIC@50C GPU@30C AO@41C thermal@31C POM_5V_IN 1731/1765 POM_5V_GPU 82/88 POM_5V_CPU 164/215
RAM 1387/3964MB (lfb 8x4MB) SWAP 765/6078MB (cached 37MB) IRAM 0/252kB(lfb 252kB) CPU [6%@921,8%@921,off,off] EMC_FREQ 0%@1600 GR3D_FREQ 0%@614 APE 25 PLL@29.5C CPU@31.5C iwlwifi@32C PMIC@50C GPU@30C AO@41C thermal@30.5C POM_5V_IN 1689/1765 POM_5V_GPU 82/88 POM_5V_CPU 164/215
RAM 1385/3964MB (lfb 8x4MB) SWAP 765/6078MB (cached 37MB) IRAM 0/252kB(lfb 252kB) CPU [8%@921,6%@921,off,off] EMC_FREQ 0%@1600 GR3D_FREQ 0%@614 APE 25 PLL@29.5C CPU@31C iwlwifi@32C PMIC@50C GPU@30C AO@41C thermal@30.75C POM_5V_IN 1689/1765 POM_5V_GPU 82/88 POM_5V_CPU 164/215
RAM 1388/3964MB (lfb 8x4MB) SWAP 765/6078MB (cached 37MB) IRAM 0/252kB(lfb 252kB) CPU [5%@921,9%@921,off,off] EMC_FREQ 0%@1600 GR3D_FREQ 0%@614 APE 25 PLL@29.5C CPU@31.5C iwlwifi@32C PMIC@50C GPU@30C AO@41C thermal@30.75C POM_5V_IN 1689/1765 POM_5V_GPU 82/88 POM_5V_CPU 164/215
RAM 1385/3964MB (lfb 8x4MB) SWAP 765/6078MB (cached 37MB) IRAM 0/252kB(lfb 252kB) CPU [7%@921,6%@921,off,off] EMC_FREQ 0%@1600 GR3D_FREQ 0%@614 APE 25 PLL@29.5C CPU@31.5C iwlwifi@32C PMIC@50C GPU@30C AO@41C thermal@30.75C POM_5V_IN 1731/1765 POM_5V_GPU 82/88 POM_5V_CPU 164/215
RAM 1386/3964MB (lfb 8x4MB) SWAP 765/6078MB (cached 37MB) IRAM 0/252kB(lfb 252kB) CPU [7%@921,6%@921,off,off] EMC_FREQ 0%@1600 GR3D_FREQ 0%@614 APE 25 PLL@30C CPU@31C iwlwifi@32C PMIC@50C GPU@30C AO@41C thermal@30.75C POM_5V_IN 1687/1765 POM_5V_GPU 82/88 POM_5V_CPU 164/215
RAM 1389/3964MB (lfb 8x4MB) SWAP 765/6078MB (cached 37MB) IRAM 0/252kB(lfb 252kB) CPU [6%@921,8%@921,off,off] EMC_FREQ 0%@1600 GR3D_FREQ 0%@614 APE 25 PLL@29.5C CPU@31.5C iwlwifi@32C PMIC@50C GPU@30C AO@40.5C thermal@31C POM_5V_IN 1689/1765 POM_5V_GPU 82/88 POM_5V_CPU 164/215
RAM 1388/3964MB (lfb 8x4MB) SWAP 765/6078MB (cached 37MB) IRAM 0/252kB(lfb 252kB) CPU [7%@921,6%@921,off,off] EMC_FREQ 0%@1600 GR3D_FREQ 0%@614 APE 25 PLL@30C CPU@31C iwlwifi@32C PMIC@50C GPU@30C AO@41C thermal@30.75C POM_5V_IN 1689/1765 POM_5V_GPU 82/88 POM_5V_CPU 164/215
RAM 1386/3964MB (lfb 8x4MB) SWAP 765/6078MB (cached 37MB) IRAM 0/252kB(lfb 252kB) CPU [9%@921,5%@921,off,off] EMC_FREQ 0%@1600 GR3D_FREQ 0%@614 APE 25 PLL@29.5C CPU@31.5C iwlwifi@32C PMIC@50C GPU@30C AO@41C thermal@30.75C POM_5V_IN 1689/1765 POM_5V_GPU 82/88 POM_5V_CPU 164/215
RAM 1390/3964MB (lfb 8x4MB) SWAP 765/6078MB (cached 37MB) IRAM 0/252kB(lfb 252kB) CPU [6%@921,8%@921,off,off] EMC_FREQ 0%@1600 GR3D_FREQ 0%@614 APE 25 PLL@29.5C CPU@31.5C iwlwifi@32C PMIC@50C GPU@29.5C AO@40.5C thermal@30.5C POM_5V_IN 1689/1765 POM_5V_GPU 82/88 POM_5V_CPU 164/215
RAM 1386/3964MB (lfb 8x4MB) SWAP 765/6078MB (cached 37MB) IRAM 0/252kB(lfb 252kB) CPU [8%@921,5%@921,off,off] EMC_FREQ 0%@1600 GR3D_FREQ 0%@614 APE 25 PLL@30C CPU@31C iwlwifi@32C PMIC@50C GPU@30C AO@41C thermal@30.75C POM_5V_IN 1689/1765 POM_5V_GPU 82/88 POM_5V_CPU 123/215
RAM 1389/3964MB (lfb 8x4MB) SWAP 765/6078MB (cached 37MB) IRAM 0/252kB(lfb 252kB) CPU [6%@921,7%@921,off,off] EMC_FREQ 0%@1600 GR3D_FREQ 0%@614 APE 25 PLL@30C CPU@31.5C iwlwifi@32C PMIC@50C GPU@30C AO@41.5C thermal@30.75C POM_5V_IN 1689/1765 POM_5V_GPU 82/88 POM_5V_CPU 123/215
RAM 1387/3964MB (lfb 8x4MB) SWAP 765/6078MB (cached 37MB) IRAM 0/252kB(lfb 252kB) CPU [6%@921,8%@921,off,off] EMC_FREQ 0%@1600 GR3D_FREQ 0%@614 APE 25 PLL@29.5C CPU@31.5C iwlwifi@32C PMIC@50C GPU@30C AO@41C thermal@30.75C POM_5V_IN 1731/1765 POM_5V_GPU 82/88 POM_5V_CPU 164/215
RAM 1390/3964MB (lfb 8x4MB) SWAP 765/6078MB (cached 37MB) IRAM 0/252kB(lfb 252kB) CPU [10%@921,4%@921,off,off] EMC_FREQ 0%@1600 GR3D_FREQ 0%@614 APE 25 PLL@29.5C CPU@31.5C iwlwifi@32C PMIC@50C GPU@30C AO@41C thermal@30.75C POM_5V_IN 1689/1765 POM_5V_GPU 82/88 POM_5V_CPU 164/215
RAM 1388/3964MB (lfb 8x4MB) SWAP 765/6078MB (cached 37MB) IRAM 0/252kB(lfb 252kB) CPU [5%@921,8%@921,off,off] EMC_FREQ 0%@1600 GR3D_FREQ 0%@614 APE 25 PLL@30C CPU@31C iwlwifi@32C PMIC@50C GPU@30C AO@40.5C thermal@30.75C POM_5V_IN 1689/1765 POM_5V_GPU 82/88 POM_5V_CPU 164/215
RAM 1386/3964MB (lfb 8x4MB) SWAP 765/6078MB (cached 37MB) IRAM 0/252kB(lfb 252kB) CPU [6%@921,7%@921,off,off] EMC_FREQ 0%@1600 GR3D_FREQ 0%@614 APE 25 PLL@29.5C CPU@31.5C iwlwifi@32C PMIC@50C GPU@30C AO@41C thermal@30.5C POM_5V_IN 1689/1765 POM_5V_GPU 82/88 POM_5V_CPU 164/215
RAM 1388/3964MB (lfb 8x4MB) SWAP 765/6078MB (cached 37MB) IRAM 0/252kB(lfb 252kB) CPU [9%@921,5%@921,off,off] EMC_FREQ 0%@1600 GR3D_FREQ 0%@614 APE 25 PLL@29.5C CPU@31.5C iwlwifi@32C PMIC@50C GPU@30C AO@40.5C thermal@30.75C POM_5V_IN 1728/1765 POM_5V_GPU 82/88 POM_5V_CPU 164/215
RAM 1390/3964MB (lfb 8x4MB) SWAP 765/6078MB (cached 37MB) IRAM 0/252kB(lfb 252kB) CPU [7%@921,6%@921,off,off] EMC_FREQ 0%@1600 GR3D_FREQ 0%@614 APE 25 PLL@29.5C CPU@31.5C iwlwifi@32C PMIC@50C GPU@29.5C AO@41C thermal@30.75C POM_5V_IN 1689/1765 POM_5V_GPU 82/88 POM_5V_CPU 164/215
RAM 1387/3964MB (lfb 8x4MB) SWAP 765/6078MB (cached 37MB) IRAM 0/252kB(lfb 252kB) CPU [7%@921,7%@921,off,off] EMC_FREQ 0%@1600 GR3D_FREQ 0%@614 APE 25 PLL@29.5C CPU@31.5C iwlwifi@32C PMIC@50C GPU@29.5C AO@41C thermal@30.5C POM_5V_IN 1689/1765 POM_5V_GPU 82/88 POM_5V_CPU 164/215
RAM 1389/3964MB (lfb 8x4MB) SWAP 765/6078MB (cached 37MB) IRAM 0/252kB(lfb 252kB) CPU [6%@921,7%@921,off,off] EMC_FREQ 0%@1600 GR3D_FREQ 0%@614 APE 25 PLL@29.5C CPU@31C iwlwifi@32C PMIC@50C GPU@30C AO@41C thermal@30.75C POM_5V_IN 1731/1765 POM_5V_GPU 82/88 POM_5V_CPU 164/215
RAM 1386/3964MB (lfb 8x4MB) SWAP 765/6078MB (cached 37MB) IRAM 0/252kB(lfb 252kB) CPU [6%@921,7%@921,off,off] EMC_FREQ 0%@1600 GR3D_FREQ 0%@614 APE 25 PLL@30C CPU@31.5C iwlwifi@32C PMIC@50C GPU@29.5C AO@41C thermal@30.75C POM_5V_IN 1731/1765 POM_5V_GPU 82/88 POM_5V_CPU 164/215
RAM 1387/3964MB (lfb 8x4MB) SWAP 765/6078MB (cached 37MB) IRAM 0/252kB(lfb 252kB) CPU [4%@921,10%@921,off,off] EMC_FREQ 0%@1600 GR3D_FREQ 0%@614 APE 25 PLL@30C CPU@31.5C iwlwifi@32C PMIC@50C GPU@30.5C AO@41C thermal@31C POM_5V_IN 1728/1765 POM_5V_GPU 82/88 POM_5V_CPU 164/214
RAM 1387/3964MB (lfb 8x4MB) SWAP 765/6078MB (cached 37MB) IRAM 0/252kB(lfb 252kB) CPU [7%@921,6%@921,off,off] EMC_FREQ 0%@1600 GR3D_FREQ 0%@614 APE 25 PLL@30C CPU@31.5C iwlwifi@32C PMIC@50C GPU@30C AO@41C thermal@30.75C POM_5V_IN 1689/1765 POM_5V_GPU 82/88 POM_5V_CPU 123/214
RAM 1385/3964MB (lfb 8x4MB) SWAP 765/6078MB (cached 37MB) IRAM 0/252kB(lfb 252kB) CPU [8%@921,6%@921,off,off] EMC_FREQ 0%@1600 GR3D_FREQ 0%@614 APE 25 PLL@29.5C CPU@31C iwlwifi@32C PMIC@50C GPU@30C AO@41C thermal@30.5C POM_5V_IN 1689/1765 POM_5V_GPU 82/88 POM_5V_CPU 164/214
RAM 1386/3964MB (lfb 8x4MB) SWAP 765/6078MB (cached 37MB) IRAM 0/252kB(lfb 252kB) CPU [5%@921,8%@921,off,off] EMC_FREQ 0%@1600 GR3D_FREQ 0%@614 APE 25 PLL@30C CPU@31C iwlwifi@32C PMIC@50C GPU@30.5C AO@41C thermal@30.5C POM_5V_IN 1731/1765 POM_5V_GPU 82/88 POM_5V_CPU 164/214
RAM 1392/3964MB (lfb 8x4MB) SWAP 765/6078MB (cached 37MB) IRAM 0/252kB(lfb 252kB) CPU [9%@921,4%@921,off,off] EMC_FREQ 0%@1600 GR3D_FREQ 0%@614 APE 25 PLL@30C CPU@31.5C iwlwifi@32C PMIC@50C GPU@30C AO@40.5C thermal@30.75C POM_5V_IN 1689/1764 POM_5V_GPU 82/88 POM_5V_CPU 164/214
RAM 1389/3964MB (lfb 8x4MB) SWAP 765/6078MB (cached 37MB) IRAM 0/252kB(lfb 252kB) CPU [7%@921,6%@921,off,off] EMC_FREQ 0%@1600 GR3D_FREQ 0%@614 APE 25 PLL@30C CPU@31.5C iwlwifi@32C PMIC@50C GPU@30C AO@41C thermal@30.75C POM_5V_IN 1689/1764 POM_5V_GPU 82/88 POM_5V_CPU 164/214
RAM 1388/3964MB (lfb 8x4MB) SWAP 765/6078MB (cached 37MB) IRAM 0/252kB(lfb 252kB) CPU [7%@921,7%@921,off,off] EMC_FREQ 0%@1600 GR3D_FREQ 0%@614 APE 25 PLL@30C CPU@31.5C iwlwifi@32C PMIC@50C GPU@30C AO@41C thermal@31C POM_5V_IN 1689/1764 POM_5V_GPU 82/88 POM_5V_CPU 123/214
RAM 1388/3964MB (lfb 8x4MB) SWAP 765/6078MB (cached 37MB) IRAM 0/252kB(lfb 252kB) CPU [9%@921,5%@921,off,off] EMC_FREQ 0%@1600 GR3D_FREQ 0%@614 APE 25 PLL@30C CPU@32C iwlwifi@32C PMIC@50C GPU@30C AO@40.5C thermal@30.75C POM_5V_IN 1689/1764 POM_5V_GPU 82/88 POM_5V_CPU 164/214
RAM 1385/3964MB (lfb 8x4MB) SWAP 765/6078MB (cached 37MB) IRAM 0/252kB(lfb 252kB) CPU [7%@921,7%@921,off,off] EMC_FREQ 0%@1600 GR3D_FREQ 0%@614 APE 25 PLL@30C CPU@31.5C iwlwifi@32C PMIC@50C GPU@30C AO@41C thermal@30.75C POM_5V_IN 1731/1764 POM_5V_GPU 82/88 POM_5V_CPU 164/214
RAM 1388/3964MB (lfb 8x4MB) SWAP 765/6078MB (cached 37MB) IRAM 0/252kB(lfb 252kB) CPU [5%@921,9%@921,off,off] EMC_FREQ 0%@1600 GR3D_FREQ 0%@614 APE 25 PLL@29.5C CPU@31.5C iwlwifi@32C PMIC@50C GPU@30C AO@41C thermal@30.5C POM_5V_IN 1689/1764 POM_5V_GPU 82/88 POM_5V_CPU 164/214
RAM 1387/3964MB (lfb 8x4MB) SWAP 765/6078MB (cached 37MB) IRAM 0/252kB(lfb 252kB) CPU [8%@921,6%@921,off,off] EMC_FREQ 0%@1600 GR3D_FREQ 0%@614 APE 25 PLL@29.5C CPU@31.5C iwlwifi@32C PMIC@50C GPU@30C AO@41C thermal@30.25C POM_5V_IN 1689/1764 POM_5V_GPU 82/88 POM_5V_CPU 164/214
RAM 1389/3964MB (lfb 8x4MB) SWAP 765/6078MB (cached 37MB) IRAM 0/252kB(lfb 252kB) CPU [7%@921,7%@921,off,off] EMC_FREQ 0%@1600 GR3D_FREQ 0%@614 APE 25 PLL@30C CPU@31C iwlwifi@32C PMIC@50C GPU@30C AO@41C thermal@30.5C POM_5V_IN 1689/1764 POM_5V_GPU 82/88 POM_5V_CPU 164/214
RAM 1385/3964MB (lfb 8x4MB) SWAP 765/6078MB (cached 37MB) IRAM 0/252kB(lfb 252kB) CPU [8%@921,6%@921,off,off] EMC_FREQ 0%@1600 GR3D_FREQ 0%@614 APE 25 PLL@29.5C CPU@31.5C iwlwifi@32C PMIC@50C GPU@29.5C AO@41C thermal@30.5C POM_5V_IN 1689/1764 POM_5V_GPU 82/88 POM_5V_CPU 164/214
RAM 1385/3964MB (lfb 8x4MB) SWAP 765/6078MB (cached 37MB) IRAM 0/252kB(lfb 252kB) CPU [7%@921,6%@921,off,off] EMC_FREQ 0%@1600 GR3D_FREQ 0%@614 APE 25 PLL@30C CPU@31.5C iwlwifi@32C PMIC@50C GPU@30C AO@41C thermal@30.5C POM_5V_IN 1689/1764 POM_5V_GPU 82/88 POM_5V_CPU 164/214
RAM 1387/3964MB (lfb 8x4MB) SWAP 765/6078MB (cached 37MB) IRAM 0/252kB(lfb 252kB) CPU [7%@921,7%@921,off,off] EMC_FREQ 0%@1600 GR3D_FREQ 0%@614 APE 25 PLL@30C CPU@31.5C iwlwifi@32C PMIC@50C GPU@29.5C AO@41C thermal@30.25C POM_5V_IN 1689/1764 POM_5V_GPU 82/88 POM_5V_CPU 164/214
RAM 1389/3964MB (lfb 8x4MB) SWAP 765/6078MB (cached 37MB) IRAM 0/252kB(lfb 252kB) CPU [6%@921,7%@921,off,off] EMC_FREQ 0%@1600 GR3D_FREQ 0%@614 APE 25 PLL@29.5C CPU@31C iwlwifi@32C PMIC@50C GPU@29.5C AO@40.5C thermal@30.5C POM_5V_IN 1689/1764 POM_5V_GPU 82/88 POM_5V_CPU 164/214
RAM 1387/3964MB (lfb 8x4MB) SWAP 765/6078MB (cached 37MB) IRAM 0/252kB(lfb 252kB) CPU [6%@921,7%@921,off,off] EMC_FREQ 0%@1600 GR3D_FREQ 0%@614 APE 25 PLL@29.5C CPU@31.5C iwlwifi@32C PMIC@50C GPU@30C AO@40.5C thermal@30.75C POM_5V_IN 1689/1764 POM_5V_GPU 82/88 POM_5V_CPU 164/214
RAM 1389/3964MB (lfb 8x4MB) SWAP 765/6078MB (cached 37MB) IRAM 0/252kB(lfb 252kB) CPU [7%@921,7%@921,off,off] EMC_FREQ 0%@1600 GR3D_FREQ 0%@614 APE 25 PLL@29.5C CPU@31.5C iwlwifi@32C PMIC@50C GPU@30C AO@40.5C thermal@30.75C POM_5V_IN 1689/1764 POM_5V_GPU 82/88 POM_5V_CPU 164/214
RAM 1389/3964MB (lfb 8x4MB) SWAP 765/6078MB (cached 37MB) IRAM 0/252kB(lfb 252kB) CPU [10%@921,4%@921,off,off] EMC_FREQ 0%@1600 GR3D_FREQ 0%@614 APE 25 PLL@29.5C CPU@31.5C iwlwifi@32C PMIC@50C GPU@29.5C AO@40.5C thermal@30.5C POM_5V_IN 1689/1764 POM_5V_GPU 82/88 POM_5V_CPU 164/214
RAM 1387/3964MB (lfb 8x4MB) SWAP 765/6078MB (cached 37MB) IRAM 0/252kB(lfb 252kB) CPU [8%@921,6%@921,off,off] EMC_FREQ 0%@1600 GR3D_FREQ 0%@614 APE 25 PLL@30C CPU@31.5C iwlwifi@32C PMIC@50C GPU@29.5C AO@40.5C thermal@30.5C POM_5V_IN 1689/1764 POM_5V_GPU 82/88 POM_5V_CPU 164/214
RAM 1385/3964MB (lfb 8x4MB) SWAP 765/6078MB (cached 37MB) IRAM 0/252kB(lfb 252kB) CPU [5%@921,9%@921,off,off] EMC_FREQ 0%@1600 GR3D_FREQ 0%@614 APE 25 PLL@30C CPU@31C iwlwifi@32C PMIC@50C GPU@29.5C AO@40.5C thermal@30.75C POM_5V_IN 1689/1764 POM_5V_GPU 82/88 POM_5V_CPU 164/214
RAM 1385/3964MB (lfb 8x4MB) SWAP 765/6078MB (cached 37MB) IRAM 0/252kB(lfb 252kB) CPU [7%@921,7%@921,off,off] EMC_FREQ 0%@1600 GR3D_FREQ 0%@614 APE 25 PLL@29.5C CPU@31.5C iwlwifi@32C PMIC@50C GPU@30C AO@41C thermal@30.5C POM_5V_IN 1689/1764 POM_5V_GPU 82/88 POM_5V_CPU 164/214
RAM 1389/3964MB (lfb 8x4MB) SWAP 765/6078MB (cached 37MB) IRAM 0/252kB(lfb 252kB) CPU [8%@921,5%@921,off,off] EMC_FREQ 0%@1600 GR3D_FREQ 0%@614 APE 25 PLL@30C CPU@31.5C iwlwifi@32C PMIC@50C GPU@30C AO@41C thermal@30.75C POM_5V_IN 1731/1764 POM_5V_GPU 82/88 POM_5V_CPU 164/214
RAM 1387/3964MB (lfb 8x4MB) SWAP 765/6078MB (cached 37MB) IRAM 0/252kB(lfb 252kB) CPU [8%@921,5%@921,off,off] EMC_FREQ 0%@1600 GR3D_FREQ 0%@614 APE 25 PLL@30C CPU@31.5C iwlwifi@32C PMIC@50C GPU@29.5C AO@41C thermal@30.75C POM_5V_IN 1689/1764 POM_5V_GPU 82/88 POM_5V_CPU 164/214
RAM 1387/3964MB (lfb 8x4MB) SWAP 765/6078MB (cached 37MB) IRAM 0/252kB(lfb 252kB) CPU [10%@921,4%@921,off,off] EMC_FREQ 0%@1600 GR3D_FREQ 0%@614 APE 25 PLL@30C CPU@31.5C iwlwifi@32C PMIC@50C GPU@30C AO@40.5C thermal@30.5C POM_5V_IN 1731/1764 POM_5V_GPU 82/88 POM_5V_CPU 164/214
RAM 1389/3964MB (lfb 8x4MB) SWAP 765/6078MB (cached 37MB) IRAM 0/252kB(lfb 252kB) CPU [7%@921,8%@921,off,off] EMC_FREQ 0%@1600 GR3D_FREQ 0%@614 APE 25 PLL@29.5C CPU@31.5C iwlwifi@32C PMIC@50C GPU@30C AO@40.5C thermal@30.5C POM_5V_IN 1689/1764 POM_5V_GPU 82/88 POM_5V_CPU 164/214
RAM 1385/3964MB (lfb 8x4MB) SWAP 765/6078MB (cached 37MB) IRAM 0/252kB(lfb 252kB) CPU [8%@921,5%@921,off,off] EMC_FREQ 0%@1600 GR3D_FREQ 0%@614 APE 25 PLL@30C CPU@31.5C iwlwifi@32C PMIC@50C GPU@30C AO@40.5C thermal@30.75C POM_5V_IN 1689/1764 POM_5V_GPU 82/88 POM_5V_CPU 164/214
RAM 1387/3964MB (lfb 8x4MB) SWAP 765/6078MB (cached 37MB) IRAM 0/252kB(lfb 252kB) CPU [7%@921,7%@921,off,off] EMC_FREQ 0%@1600 GR3D_FREQ 0%@614 APE 25 PLL@30C CPU@31C iwlwifi@32C PMIC@50C GPU@29.5C AO@40.5C thermal@30.75C POM_5V_IN 1689/1764 POM_5V_GPU 82/88 POM_5V_CPU 164/214
RAM 1385/3964MB (lfb 8x4MB) SWAP 765/6078MB (cached 37MB) IRAM 0/252kB(lfb 252kB) CPU [4%@921,9%@921,off,off] EMC_FREQ 0%@1600 GR3D_FREQ 0%@614 APE 25 PLL@30C CPU@31.5C iwlwifi@32C PMIC@50C GPU@30C AO@41C thermal@30.5C POM_5V_IN 1689/1764 POM_5V_GPU 82/88 POM_5V_CPU 164/214
RAM 1389/3964MB (lfb 8x4MB) SWAP 765/6078MB (cached 37MB) IRAM 0/252kB(lfb 252kB) CPU [6%@921,8%@921,off,off] EMC_FREQ 0%@1600 GR3D_FREQ 0%@614 APE 25 PLL@30C CPU@31C iwlwifi@32C PMIC@50C GPU@30C AO@41C thermal@30.5C POM_5V_IN 1689/1764 POM_5V_GPU 82/88 POM_5V_CPU 164/214
RAM 1385/3964MB (lfb 8x4MB) SWAP 765/6078MB (cached 37MB) IRAM 0/252kB(lfb 252kB) CPU [9%@921,4%@921,off,off] EMC_FREQ 0%@1600 GR3D_FREQ 0%@614 APE 25 PLL@29.5C CPU@31.5C iwlwifi@32C PMIC@50C GPU@30C AO@41C thermal@30.25C POM_5V_IN 1689/1764 POM_5V_GPU 82/88 POM_5V_CPU 164/214
RAM 1385/3964MB (lfb 8x4MB) SWAP 765/6078MB (cached 37MB) IRAM 0/252kB(lfb 252kB) CPU [5%@921,8%@921,off,off] EMC_FREQ 0%@1600 GR3D_FREQ 0%@614 APE 25 PLL@30C CPU@31.5C iwlwifi@32C PMIC@50C GPU@30C AO@40.5C thermal@30.5C POM_5V_IN 1689/1764 POM_5V_GPU 82/88 POM_5V_CPU 164/214
RAM 1390/3964MB (lfb 8x4MB) SWAP 765/6078MB (cached 37MB) IRAM 0/252kB(lfb 252kB) CPU [4%@921,10%@921,off,off] EMC_FREQ 0%@1600 GR3D_FREQ 0%@614 APE 25 PLL@29.5C CPU@31.5C iwlwifi@32C PMIC@50C GPU@30C AO@41C thermal@30.75C POM_5V_IN 1689/1764 POM_5V_GPU 82/88 POM_5V_CPU 164/214
RAM 1385/3964MB (lfb 8x4MB) SWAP 765/6078MB (cached 37MB) IRAM 0/252kB(lfb 252kB) CPU [8%@921,6%@921,off,off] EMC_FREQ 0%@1600 GR3D_FREQ 0%@614 APE 25 PLL@29.5C CPU@31C iwlwifi@32C PMIC@50C GPU@29.5C AO@41C thermal@30.75C POM_5V_IN 1689/1764 POM_5V_GPU 82/88 POM_5V_CPU 164/214
RAM 1389/3964MB (lfb 8x4MB) SWAP 765/6078MB (cached 37MB) IRAM 0/252kB(lfb 252kB) CPU [5%@921,8%@921,off,off] EMC_FREQ 0%@1600 GR3D_FREQ 0%@614 APE 25 PLL@29.5C CPU@31.5C iwlwifi@32C PMIC@50C GPU@30C AO@41C thermal@30.75C POM_5V_IN 1689/1764 POM_5V_GPU 82/88 POM_5V_CPU 164/214
RAM 1387/3964MB (lfb 8x4MB) SWAP 765/6078MB (cached 37MB) IRAM 0/252kB(lfb 252kB) CPU [8%@921,6%@921,off,off] EMC_FREQ 0%@1600 GR3D_FREQ 0%@614 APE 25 PLL@29.5C CPU@31.5C iwlwifi@32C PMIC@50C GPU@30C AO@41C thermal@30.75C POM_5V_IN 1689/1764 POM_5V_GPU 82/88 POM_5V_CPU 164/214
RAM 1385/3964MB (lfb 8x4MB) SWAP 765/6078MB (cached 37MB) IRAM 0/252kB(lfb 252kB) CPU [6%@921,8%@921,off,off] EMC_FREQ 0%@1600 GR3D_FREQ 0%@614 APE 25 PLL@29.5C CPU@31.5C iwlwifi@32C PMIC@50C GPU@30C AO@41C thermal@30.75C POM_5V_IN 1687/1764 POM_5V_GPU 82/88 POM_5V_CPU 164/214
RAM 1389/3964MB (lfb 8x4MB) SWAP 765/6078MB (cached 37MB) IRAM 0/252kB(lfb 252kB) CPU [6%@921,8%@921,off,off] EMC_FREQ 0%@1600 GR3D_FREQ 0%@614 APE 25 PLL@29.5C CPU@31.5C iwlwifi@32C PMIC@50C GPU@30C AO@41C thermal@30.75C POM_5V_IN 1689/1763 POM_5V_GPU 82/88 POM_5V_CPU 164/214
RAM 1385/3964MB (lfb 8x4MB) SWAP 765/6078MB (cached 37MB) IRAM 0/252kB(lfb 252kB) CPU [7%@921,6%@921,off,off] EMC_FREQ 0%@1600 GR3D_FREQ 0%@614 APE 25 PLL@29.5C CPU@31.5C iwlwifi@32C PMIC@50C GPU@30C AO@41C thermal@30.75C POM_5V_IN 1731/1763 POM_5V_GPU 82/88 POM_5V_CPU 164/214
RAM 1387/3964MB (lfb 8x4MB) SWAP 765/6078MB (cached 37MB) IRAM 0/252kB(lfb 252kB) CPU [10%@921,4%@921,off,off] EMC_FREQ 0%@1600 GR3D_FREQ 0%@614 APE 25 PLL@29.5C CPU@31.5C iwlwifi@32C PMIC@50C GPU@30C AO@40.5C thermal@30.75C POM_5V_IN 1689/1763 POM_5V_GPU 82/88 POM_5V_CPU 164/214
RAM 1385/3964MB (lfb 8x4MB) SWAP 765/6078MB (cached 37MB) IRAM 0/252kB(lfb 252kB) CPU [10%@921,4%@921,off,off] EMC_FREQ 0%@1600 GR3D_FREQ 0%@614 APE 25 PLL@29.5C CPU@31.5C iwlwifi@32C PMIC@50C GPU@30C AO@41C thermal@30.25C POM_5V_IN 1689/1763 POM_5V_GPU 82/88 POM_5V_CPU 164/214
RAM 1389/3964MB (lfb 8x4MB) SWAP 765/6078MB (cached 37MB) IRAM 0/252kB(lfb 252kB) CPU [8%@921,6%@921,off,off] EMC_FREQ 0%@1600 GR3D_FREQ 0%@614 APE 25 PLL@29.5C CPU@31.5C iwlwifi@32C PMIC@50C GPU@30C AO@41C thermal@30.75C POM_5V_IN 1689/1763 POM_5V_GPU 82/88 POM_5V_CPU 164/214
RAM 1385/3964MB (lfb 8x4MB) SWAP 765/6078MB (cached 37MB) IRAM 0/252kB(lfb 252kB) CPU [6%@921,7%@921,off,off] EMC_FREQ 0%@1600 GR3D_FREQ 0%@614 APE 25 PLL@30C CPU@31.5C iwlwifi@32C PMIC@50C GPU@30C AO@41C thermal@30.5C POM_5V_IN 1689/1763 POM_5V_GPU 82/88 POM_5V_CPU 164/214
RAM 1387/3964MB (lfb 8x4MB) SWAP 765/6078MB (cached 37MB) IRAM 0/252kB(lfb 252kB) CPU [4%@921,8%@921,off,off] EMC_FREQ 0%@1600 GR3D_FREQ 0%@614 APE 25 PLL@30C CPU@31.5C iwlwifi@32C PMIC@50C GPU@30C AO@41C thermal@30.75C POM_5V_IN 1689/1763 POM_5V_GPU 82/88 POM_5V_CPU 164/214
RAM 1389/3964MB (lfb 8x4MB) SWAP 765/6078MB (cached 37MB) IRAM 0/252kB(lfb 252kB) CPU [6%@921,9%@921,off,off] EMC_FREQ 0%@1600 GR3D_FREQ 0%@614 APE 25 PLL@29.5C CPU@31C iwlwifi@32C PMIC@50C GPU@30C AO@41C thermal@30.5C POM_5V_IN 1689/1763 POM_5V_GPU 82/88 POM_5V_CPU 164/214
RAM 1385/3964MB (lfb 8x4MB) SWAP 765/6078MB (cached 37MB) IRAM 0/252kB(lfb 252kB) CPU [9%@921,5%@921,off,off] EMC_FREQ 0%@1600 GR3D_FREQ 0%@614 APE 25 PLL@29.5C CPU@31.5C iwlwifi@32C PMIC@50C GPU@30C AO@41C thermal@30.5C POM_5V_IN 1731/1763 POM_5V_GPU 82/88 POM_5V_CPU 164/213
RAM 1387/3964MB (lfb 8x4MB) SWAP 765/6078MB (cached 37MB) IRAM 0/252kB(lfb 252kB) CPU [6%@921,7%@921,off,off] EMC_FREQ 0%@1600 GR3D_FREQ 0%@614 APE 25 PLL@30C CPU@31.5C iwlwifi@32C PMIC@50C GPU@30C AO@41C thermal@30.75C POM_5V_IN 1728/1763 POM_5V_GPU 82/88 POM_5V_CPU 164/213
RAM 1385/3964MB (lfb 8x4MB) SWAP 765/6078MB (cached 37MB) IRAM 0/252kB(lfb 252kB) CPU [5%@921,9%@921,off,off] EMC_FREQ 0%@1600 GR3D_FREQ 0%@614 APE 25 PLL@30C CPU@31.5C iwlwifi@32C PMIC@50C GPU@30C AO@41C thermal@30.75C POM_5V_IN 1689/1763 POM_5V_GPU 82/88 POM_5V_CPU 164/213
RAM 1387/3964MB (lfb 8x4MB) SWAP 765/6078MB (cached 37MB) IRAM 0/252kB(lfb 252kB) CPU [8%@921,5%@921,off,off] EMC_FREQ 0%@1600 GR3D_FREQ 0%@614 APE 25 PLL@29.5C CPU@31.5C iwlwifi@32C PMIC@50C GPU@29.5C AO@40.5C thermal@30.75C POM_5V_IN 1689/1763 POM_5V_GPU 82/88 POM_5V_CPU 164/213
RAM 1387/3964MB (lfb 8x4MB) SWAP 765/6078MB (cached 37MB) IRAM 0/252kB(lfb 252kB) CPU [6%@921,8%@921,off,off] EMC_FREQ 0%@1600 GR3D_FREQ 0%@614 APE 25 PLL@29.5C CPU@31C iwlwifi@32C PMIC@50C GPU@30C AO@40.5C thermal@30.5C POM_5V_IN 1687/1763 POM_5V_GPU 82/88 POM_5V_CPU 164/213
RAM 1387/3964MB (lfb 8x4MB) SWAP 765/6078MB (cached 37MB) IRAM 0/252kB(lfb 252kB) CPU [6%@921,8%@921,off,off] EMC_FREQ 0%@1600 GR3D_FREQ 0%@614 APE 25 PLL@29.5C CPU@31.5C iwlwifi@32C PMIC@50C GPU@29.5C AO@41C thermal@30.25C POM_5V_IN 1689/1763 POM_5V_GPU 82/88 POM_5V_CPU 164/213
RAM 1385/3964MB (lfb 8x4MB) SWAP 765/6078MB (cached 37MB) IRAM 0/252kB(lfb 252kB) CPU [8%@921,6%@921,off,off] EMC_FREQ 0%@1600 GR3D_FREQ 0%@614 APE 25 PLL@29.5C CPU@31.5C iwlwifi@32C PMIC@50C GPU@29.5C AO@41C thermal@30.5C POM_5V_IN 1689/1763 POM_5V_GPU 82/88 POM_5V_CPU 164/213
RAM 1387/3964MB (lfb 8x4MB) SWAP 765/6078MB (cached 37MB) IRAM 0/252kB(lfb 252kB) CPU [9%@921,4%@921,off,off] EMC_FREQ 0%@1600 GR3D_FREQ 0%@614 APE 25 PLL@29.5C CPU@31C iwlwifi@32C PMIC@50C GPU@29.5C AO@40.5C thermal@30.5C POM_5V_IN 1689/1763 POM_5V_GPU 82/88 POM_5V_CPU 164/213
RAM 1389/3964MB (lfb 8x4MB) SWAP 765/6078MB (cached 37MB) IRAM 0/252kB(lfb 252kB) CPU [7%@921,7%@921,off,off] EMC_FREQ 0%@1600 GR3D_FREQ 0%@614 APE 25 PLL@29.5C CPU@31.5C iwlwifi@32C PMIC@50C GPU@30C AO@41C thermal@30.75C POM_5V_IN 1731/1763 POM_5V_GPU 82/88 POM_5V_CPU 164/213
RAM 1387/3964MB (lfb 8x4MB) SWAP 765/6078MB (cached 37MB) IRAM 0/252kB(lfb 252kB) CPU [7%@921,7%@921,off,off] EMC_FREQ 0%@1600 GR3D_FREQ 0%@614 APE 25 PLL@30C CPU@31.5C iwlwifi@32C PMIC@50C GPU@30C AO@40.5C thermal@30.75C POM_5V_IN 1689/1763 POM_5V_GPU 82/88 POM_5V_CPU 123/213
RAM 1389/3964MB (lfb 8x4MB) SWAP 765/6078MB (cached 37MB) IRAM 0/252kB(lfb 252kB) CPU [7%@921,6%@921,off,off] EMC_FREQ 0%@1600 GR3D_FREQ 0%@614 APE 25 PLL@30C CPU@31.5C iwlwifi@32C PMIC@50C GPU@30C AO@41C thermal@30.75C POM_5V_IN 1892/1763 POM_5V_GPU 82/88 POM_5V_CPU 288/213
RAM 1385/3964MB (lfb 8x4MB) SWAP 765/6078MB (cached 37MB) IRAM 0/252kB(lfb 252kB) CPU [9%@921,5%@921,off,off] EMC_FREQ 0%@1600 GR3D_FREQ 0%@614 APE 25 PLL@29.5C CPU@31.5C iwlwifi@32C PMIC@50C GPU@30C AO@40.5C thermal@30.75C POM_5V_IN 1689/1763 POM_5V_GPU 82/88 POM_5V_CPU 164/213
RAM 1387/3964MB (lfb 8x4MB) SWAP 765/6078MB (cached 37MB) IRAM 0/252kB(lfb 252kB) CPU [6%@921,8%@921,off,off] EMC_FREQ 0%@1600 GR3D_FREQ 0%@614 APE 25 PLL@29.5C CPU@31.5C iwlwifi@32C PMIC@50C GPU@30C AO@41C thermal@30.75C POM_5V_IN 1731/1763 POM_5V_GPU 82/88 POM_5V_CPU 164/213
RAM 1389/3964MB (lfb 8x4MB) SWAP 765/6078MB (cached 37MB) IRAM 0/252kB(lfb 252kB) CPU [8%@921,5%@921,off,off] EMC_FREQ 0%@1600 GR3D_FREQ 0%@614 APE 25 PLL@29.5C CPU@31.5C iwlwifi@32C PMIC@50C GPU@29.5C AO@41C thermal@30.75C POM_5V_IN 1689/1763 POM_5V_GPU 82/88 POM_5V_CPU 123/213
RAM 1389/3964MB (lfb 8x4MB) SWAP 765/6078MB (cached 37MB) IRAM 0/252kB(lfb 252kB) CPU [8%@921,6%@921,off,off] EMC_FREQ 0%@1600 GR3D_FREQ 0%@614 APE 25 PLL@29.5C CPU@31C iwlwifi@32C PMIC@50C GPU@30C AO@41C thermal@30.75C POM_5V_IN 1689/1763 POM_5V_GPU 82/88 POM_5V_CPU 164/213
RAM 1387/3964MB (lfb 8x4MB) SWAP 765/6078MB (cached 37MB) IRAM 0/252kB(lfb 252kB) CPU [5%@921,7%@921,off,off] EMC_FREQ 0%@1600 GR3D_FREQ 0%@614 APE 25 PLL@29.5C CPU@31C iwlwifi@32C PMIC@50C GPU@30C AO@41C thermal@30.75C POM_5V_IN 1689/1763 POM_5V_GPU 82/88 POM_5V_CPU 164/213
RAM 1388/3964MB (lfb 8x4MB) SWAP 765/6078MB (cached 37MB) IRAM 0/252kB(lfb 252kB) CPU [7%@921,7%@921,off,off] EMC_FREQ 0%@1600 GR3D_FREQ 0%@614 APE 25 PLL@29.5C CPU@31.5C iwlwifi@32C PMIC@50C GPU@30C AO@41C thermal@30.5C POM_5V_IN 1731/1763 POM_5V_GPU 82/88 POM_5V_CPU 164/213
RAM 1387/3964MB (lfb 8x4MB) SWAP 765/6078MB (cached 37MB) IRAM 0/252kB(lfb 252kB) CPU [5%@921,9%@921,off,off] EMC_FREQ 0%@1600 GR3D_FREQ 0%@614 APE 25 PLL@29.5C CPU@31.5C iwlwifi@32C PMIC@50C GPU@30C AO@41C thermal@30.75C POM_5V_IN 1689/1763 POM_5V_GPU 82/88 POM_5V_CPU 164/213
RAM 1387/3964MB (lfb 8x4MB) SWAP 765/6078MB (cached 37MB) IRAM 0/252kB(lfb 252kB) CPU [9%@921,4%@921,off,off] EMC_FREQ 0%@1600 GR3D_FREQ 0%@614 APE 25 PLL@29.5C CPU@31.5C iwlwifi@32C PMIC@50C GPU@29.5C AO@40.5C thermal@30.5C POM_5V_IN 1731/1763 POM_5V_GPU 82/88 POM_5V_CPU 164/213
RAM 1389/3964MB (lfb 8x4MB) SWAP 765/6078MB (cached 37MB) IRAM 0/252kB(lfb 252kB) CPU [7%@921,7%@921,off,off] EMC_FREQ 0%@1600 GR3D_FREQ 0%@614 APE 25 PLL@29.5C CPU@31C iwlwifi@32C PMIC@50C GPU@29.5C AO@40.5C thermal@30.75C POM_5V_IN 1689/1763 POM_5V_GPU 82/88 POM_5V_CPU 164/213
RAM 1385/3964MB (lfb 8x4MB) SWAP 765/6078MB (cached 37MB) IRAM 0/252kB(lfb 252kB) CPU [7%@921,5%@921,off,off] EMC_FREQ 0%@1600 GR3D_FREQ 0%@614 APE 25 PLL@29.5C CPU@31C iwlwifi@32C PMIC@50C GPU@30C AO@40.5C thermal@30.5C POM_5V_IN 1689/1763 POM_5V_GPU 82/88 POM_5V_CPU 164/213
RAM 1389/3964MB (lfb 8x4MB) SWAP 765/6078MB (cached 37MB) IRAM 0/252kB(lfb 252kB) CPU [5%@921,8%@921,off,off] EMC_FREQ 0%@1600 GR3D_FREQ 0%@614 APE 25 PLL@29.5C CPU@31.5C iwlwifi@32C PMIC@50C GPU@29.5C AO@41C thermal@30.5C POM_5V_IN 1689/1763 POM_5V_GPU 82/88 POM_5V_CPU 164/213
RAM 1385/3964MB (lfb 8x4MB) SWAP 765/6078MB (cached 37MB) IRAM 0/252kB(lfb 252kB) CPU [7%@921,6%@921,off,off] EMC_FREQ 0%@1600 GR3D_FREQ 0%@614 APE 25 PLL@29.5C CPU@31.5C iwlwifi@32C PMIC@50C GPU@30C AO@41C thermal@30.5C POM_5V_IN 1689/1763 POM_5V_GPU 82/88 POM_5V_CPU 164/213
RAM 1389/3964MB (lfb 8x4MB) SWAP 765/6078MB (cached 37MB) IRAM 0/252kB(lfb 252kB) CPU [6%@921,8%@921,off,off] EMC_FREQ 0%@1600 GR3D_FREQ 0%@614 APE 25 PLL@30C CPU@31.5C iwlwifi@32C PMIC@50C GPU@30C AO@40.5C thermal@30.75C POM_5V_IN 1689/1763 POM_5V_GPU 82/88 POM_5V_CPU 164/213
RAM 1389/3964MB (lfb 8x4MB) SWAP 765/6078MB (cached 37MB) IRAM 0/252kB(lfb 252kB) CPU [6%@921,7%@921,off,off] EMC_FREQ 0%@1600 GR3D_FREQ 0%@614 APE 25 PLL@29.5C CPU@31C iwlwifi@32C PMIC@50C GPU@30C AO@41C thermal@30.25C POM_5V_IN 1689/1763 POM_5V_GPU 82/88 POM_5V_CPU 164/213
RAM 1385/3964MB (lfb 8x4MB) SWAP 765/6078MB (cached 37MB) IRAM 0/252kB(lfb 252kB) CPU [6%@921,8%@921,off,off] EMC_FREQ 0%@1600 GR3D_FREQ 0%@614 APE 25 PLL@29.5C CPU@31C iwlwifi@32C PMIC@50C GPU@30C AO@40.5C thermal@30.5C POM_5V_IN 1689/1763 POM_5V_GPU 82/88 POM_5V_CPU 164/213
RAM 1387/3964MB (lfb 8x4MB) SWAP 765/6078MB (cached 37MB) IRAM 0/252kB(lfb 252kB) CPU [6%@921,7%@921,off,off] EMC_FREQ 0%@1600 GR3D_FREQ 0%@614 APE 25 PLL@29C CPU@31.5C iwlwifi@32C PMIC@50C GPU@30C AO@41C thermal@30.75C POM_5V_IN 1689/1763 POM_5V_GPU 82/88 POM_5V_CPU 123/213
RAM 1385/3964MB (lfb 8x4MB) SWAP 765/6078MB (cached 37MB) IRAM 0/252kB(lfb 252kB) CPU [8%@921,5%@921,off,off] EMC_FREQ 0%@1600 GR3D_FREQ 0%@614 APE 25 PLL@29.5C CPU@32C iwlwifi@32C PMIC@50C GPU@30C AO@40.5C thermal@30.5C POM_5V_IN 1689/1763 POM_5V_GPU 82/88 POM_5V_CPU 164/213
RAM 1385/3964MB (lfb 8x4MB) SWAP 765/6078MB (cached 37MB) IRAM 0/252kB(lfb 252kB) CPU [5%@921,8%@921,off,off] EMC_FREQ 0%@1600 GR3D_FREQ 0%@614 APE 25 PLL@29.5C CPU@31.5C iwlwifi@32C PMIC@50C GPU@30C AO@40.5C thermal@30.5C POM_5V_IN 1689/1763 POM_5V_GPU 82/88 POM_5V_CPU 164/213
RAM 1388/3964MB (lfb 8x4MB) SWAP 765/6078MB (cached 37MB) IRAM 0/252kB(lfb 252kB) CPU [7%@921,6%@921,off,off] EMC_FREQ 0%@1600 GR3D_FREQ 0%@614 APE 25 PLL@30C CPU@31C iwlwifi@32C PMIC@50C GPU@30C AO@40.5C thermal@30.25C POM_5V_IN 1689/1763 POM_5V_GPU 82/88 POM_5V_CPU 164/213
RAM 1389/3964MB (lfb 8x4MB) SWAP 765/6078MB (cached 37MB) IRAM 0/252kB(lfb 252kB) CPU [7%@921,6%@921,off,off] EMC_FREQ 0%@1600 GR3D_FREQ 0%@614 APE 25 PLL@29.5C CPU@31.5C iwlwifi@32C PMIC@50C GPU@29.5C AO@40.5C thermal@30.25C POM_5V_IN 1689/1763 POM_5V_GPU 82/88 POM_5V_CPU 164/213
RAM 1385/3964MB (lfb 8x4MB) SWAP 765/6078MB (cached 37MB) IRAM 0/252kB(lfb 252kB) CPU [9%@921,5%@921,off,off] EMC_FREQ 0%@1600 GR3D_FREQ 0%@614 APE 25 PLL@29.5C CPU@31.5C iwlwifi@32C PMIC@50C GPU@30C AO@40.5C thermal@30.75C POM_5V_IN 1689/1762 POM_5V_GPU 82/88 POM_5V_CPU 164/213
RAM 1389/3964MB (lfb 8x4MB) SWAP 765/6078MB (cached 37MB) IRAM 0/252kB(lfb 252kB) CPU [6%@921,7%@921,off,off] EMC_FREQ 0%@1600 GR3D_FREQ 0%@614 APE 25 PLL@30C CPU@31C iwlwifi@32C PMIC@50C GPU@30C AO@41C thermal@30.25C POM_5V_IN 1687/1762 POM_5V_GPU 82/88 POM_5V_CPU 164/213
RAM 1387/3964MB (lfb 8x4MB) SWAP 765/6078MB (cached 37MB) IRAM 0/252kB(lfb 252kB) CPU [6%@921,8%@921,off,off] EMC_FREQ 0%@1600 GR3D_FREQ 0%@614 APE 25 PLL@29.5C CPU@30.5C iwlwifi@32C PMIC@50C GPU@30C AO@41C thermal@30.75C POM_5V_IN 1689/1762 POM_5V_GPU 82/88 POM_5V_CPU 164/213
RAM 1385/3964MB (lfb 8x4MB) SWAP 765/6078MB (cached 37MB) IRAM 0/252kB(lfb 252kB) CPU [7%@921,7%@921,off,off] EMC_FREQ 0%@1600 GR3D_FREQ 0%@614 APE 25 PLL@29.5C CPU@31C iwlwifi@32C PMIC@50C GPU@30C AO@40.5C thermal@30.25C POM_5V_IN 1772/1762 POM_5V_GPU 82/88 POM_5V_CPU 206/213
RAM 1387/3964MB (lfb 8x4MB) SWAP 765/6078MB (cached 37MB) IRAM 0/252kB(lfb 252kB) CPU [5%@921,8%@921,off,off] EMC_FREQ 0%@1600 GR3D_FREQ 0%@614 APE 25 PLL@29.5C CPU@31.5C iwlwifi@32C PMIC@50C GPU@30C AO@41C thermal@30.25C POM_5V_IN 1689/1762 POM_5V_GPU 82/88 POM_5V_CPU 164/213
RAM 1389/3964MB (lfb 8x4MB) SWAP 765/6078MB (cached 37MB) IRAM 0/252kB(lfb 252kB) CPU [7%@921,7%@921,off,off] EMC_FREQ 0%@1600 GR3D_FREQ 0%@614 APE 25 PLL@29C CPU@31.5C iwlwifi@32C PMIC@50C GPU@30C AO@40.5C thermal@30.5C POM_5V_IN 1689/1762 POM_5V_GPU 82/88 POM_5V_CPU 164/213
RAM 1385/3964MB (lfb 8x4MB) SWAP 765/6078MB (cached 37MB) IRAM 0/252kB(lfb 252kB) CPU [5%@921,8%@921,off,off] EMC_FREQ 0%@1600 GR3D_FREQ 0%@614 APE 25 PLL@29.5C CPU@31C iwlwifi@32C PMIC@50C GPU@29.5C AO@40.5C thermal@30.75C POM_5V_IN 1689/1762 POM_5V_GPU 82/88 POM_5V_CPU 164/213
RAM 1389/3964MB (lfb 8x4MB) SWAP 765/6078MB (cached 37MB) IRAM 0/252kB(lfb 252kB) CPU [6%@921,8%@921,off,off] EMC_FREQ 0%@1600 GR3D_FREQ 0%@614 APE 25 PLL@30C CPU@31C iwlwifi@32C PMIC@50C GPU@29.5C AO@41C thermal@30.25C POM_5V_IN 1689/1762 POM_5V_GPU 82/88 POM_5V_CPU 164/213
RAM 1385/3964MB (lfb 8x4MB) SWAP 765/6078MB (cached 37MB) IRAM 0/252kB(lfb 252kB) CPU [7%@921,6%@921,off,off] EMC_FREQ 0%@1600 GR3D_FREQ 0%@614 APE 25 PLL@29.5C CPU@31C iwlwifi@32C PMIC@50C GPU@30C AO@40.5C thermal@30.75C POM_5V_IN 1689/1762 POM_5V_GPU 82/88 POM_5V_CPU 164/213
RAM 1386/3964MB (lfb 8x4MB) SWAP 765/6078MB (cached 37MB) IRAM 0/252kB(lfb 252kB) CPU [8%@921,6%@921,off,off] EMC_FREQ 0%@1600 GR3D_FREQ 0%@614 APE 25 PLL@29.5C CPU@31C iwlwifi@32C PMIC@50C GPU@29.5C AO@40.5C thermal@30.5C POM_5V_IN 1689/1762 POM_5V_GPU 82/88 POM_5V_CPU 164/213
RAM 1385/3964MB (lfb 8x4MB) SWAP 765/6078MB (cached 37MB) IRAM 0/252kB(lfb 252kB) CPU [6%@921,7%@921,off,off] EMC_FREQ 0%@1600 GR3D_FREQ 0%@614 APE 25 PLL@29.5C CPU@31C iwlwifi@32C PMIC@50C GPU@30C AO@40.5C thermal@30.5C POM_5V_IN 1689/1762 POM_5V_GPU 82/88 POM_5V_CPU 123/213
RAM 1389/3964MB (lfb 8x4MB) SWAP 765/6078MB (cached 37MB) IRAM 0/252kB(lfb 252kB) CPU [9%@921,5%@921,off,off] EMC_FREQ 0%@1600 GR3D_FREQ 0%@614 APE 25 PLL@29.5C CPU@31.5C iwlwifi@32C PMIC@50C GPU@30C AO@41C thermal@30.5C POM_5V_IN 1689/1762 POM_5V_GPU 82/88 POM_5V_CPU 164/213
RAM 1387/3964MB (lfb 8x4MB) SWAP 765/6078MB (cached 37MB) IRAM 0/252kB(lfb 252kB) CPU [9%@921,5%@921,off,off] EMC_FREQ 0%@1600 GR3D_FREQ 0%@614 APE 25 PLL@29.5C CPU@31C iwlwifi@32C PMIC@50C GPU@30C AO@41C thermal@30.25C POM_5V_IN 1689/1762 POM_5V_GPU 82/88 POM_5V_CPU 123/213
RAM 1388/3964MB (lfb 8x4MB) SWAP 765/6078MB (cached 37MB) IRAM 0/252kB(lfb 252kB) CPU [6%@921,7%@921,off,off] EMC_FREQ 0%@1600 GR3D_FREQ 0%@614 APE 25 PLL@29.5C CPU@31C iwlwifi@32C PMIC@50C GPU@30C AO@40.5C thermal@30.5C POM_5V_IN 1689/1762 POM_5V_GPU 82/88 POM_5V_CPU 164/213
RAM 1389/3964MB (lfb 8x4MB) SWAP 765/6078MB (cached 37MB) IRAM 0/252kB(lfb 252kB) CPU [5%@921,8%@921,off,off] EMC_FREQ 0%@1600 GR3D_FREQ 0%@614 APE 25 PLL@30C CPU@31.5C iwlwifi@32C PMIC@50C GPU@29.5C AO@41C thermal@30.5C POM_5V_IN 1689/1762 POM_5V_GPU 82/88 POM_5V_CPU 164/213
RAM 1389/3964MB (lfb 8x4MB) SWAP 765/6078MB (cached 37MB) IRAM 0/252kB(lfb 252kB) CPU [7%@921,7%@921,off,off] EMC_FREQ 0%@1600 GR3D_FREQ 0%@614 APE 25 PLL@29.5C CPU@31.5C iwlwifi@32C PMIC@50C GPU@29.5C AO@40.5C thermal@30.25C POM_5V_IN 1728/1762 POM_5V_GPU 82/88 POM_5V_CPU 164/213
RAM 1385/3964MB (lfb 8x4MB) SWAP 765/6078MB (cached 37MB) IRAM 0/252kB(lfb 252kB) CPU [8%@921,5%@921,off,off] EMC_FREQ 0%@1600 GR3D_FREQ 0%@614 APE 25 PLL@29.5C CPU@31C iwlwifi@32C PMIC@50C GPU@30C AO@40.5C thermal@30.5C POM_5V_IN 1689/1762 POM_5V_GPU 82/88 POM_5V_CPU 164/213
RAM 1389/3964MB (lfb 8x4MB) SWAP 765/6078MB (cached 37MB) IRAM 0/252kB(lfb 252kB) CPU [7%@921,6%@921,off,off] EMC_FREQ 0%@1600 GR3D_FREQ 0%@614 APE 25 PLL@29.5C CPU@31C iwlwifi@32C PMIC@50C GPU@30C AO@40.5C thermal@30.75C POM_5V_IN 1689/1762 POM_5V_GPU 82/88 POM_5V_CPU 164/212
RAM 1387/3964MB (lfb 8x4MB) SWAP 765/6078MB (cached 37MB) IRAM 0/252kB(lfb 252kB) CPU [5%@921,8%@921,off,off] EMC_FREQ 0%@1600 GR3D_FREQ 0%@614 APE 25 PLL@30C CPU@31.5C iwlwifi@32C PMIC@50C GPU@30C AO@40.5C thermal@30.5C POM_5V_IN 1813/1762 POM_5V_GPU 82/88 POM_5V_CPU 246/212
RAM 1385/3964MB (lfb 8x4MB) SWAP 765/6078MB (cached 37MB) IRAM 0/252kB(lfb 252kB) CPU [7%@921,7%@921,off,off] EMC_FREQ 0%@1600 GR3D_FREQ 0%@614 APE 25 PLL@29.5C CPU@31.5C iwlwifi@32C PMIC@50C GPU@30C AO@40.5C thermal@30.75C POM_5V_IN 1689/1762 POM_5V_GPU 82/88 POM_5V_CPU 123/212
RAM 1389/3964MB (lfb 8x4MB) SWAP 765/6078MB (cached 37MB) IRAM 0/252kB(lfb 252kB) CPU [6%@921,8%@921,off,off] EMC_FREQ 0%@1600 GR3D_FREQ 0%@614 APE 25 PLL@29.5C CPU@31C iwlwifi@32C PMIC@50C GPU@29.5C AO@41C thermal@30.5C POM_5V_IN 1689/1762 POM_5V_GPU 82/88 POM_5V_CPU 123/212
RAM 1387/3964MB (lfb 8x4MB) SWAP 765/6078MB (cached 37MB) IRAM 0/252kB(lfb 252kB) CPU [5%@921,9%@921,off,off] EMC_FREQ 0%@1600 GR3D_FREQ 0%@614 APE 25 PLL@29.5C CPU@31.5C iwlwifi@32C PMIC@50C GPU@30C AO@40.5C thermal@30.75C POM_5V_IN 1772/1762 POM_5V_GPU 82/88 POM_5V_CPU 206/212
RAM 1389/3964MB (lfb 8x4MB) SWAP 765/6078MB (cached 37MB) IRAM 0/252kB(lfb 252kB) CPU [8%@921,5%@921,off,off] EMC_FREQ 0%@1600 GR3D_FREQ 0%@614 APE 25 PLL@29.5C CPU@31.5C iwlwifi@32C PMIC@50C GPU@30C AO@41C thermal@30.75C POM_5V_IN 1731/1762 POM_5V_GPU 82/88 POM_5V_CPU 164/212
RAM 1387/3964MB (lfb 8x4MB) SWAP 765/6078MB (cached 37MB) IRAM 0/252kB(lfb 252kB) CPU [8%@921,6%@921,off,off] EMC_FREQ 0%@1600 GR3D_FREQ 0%@614 APE 25 PLL@29.5C CPU@31C iwlwifi@32C PMIC@50C GPU@30C AO@41C thermal@30.5C POM_5V_IN 1689/1762 POM_5V_GPU 82/88 POM_5V_CPU 164/212
RAM 1385/3964MB (lfb 8x4MB) SWAP 765/6078MB (cached 37MB) IRAM 0/252kB(lfb 252kB) CPU [5%@921,9%@921,off,off] EMC_FREQ 0%@1600 GR3D_FREQ 0%@614 APE 25 PLL@30C CPU@31C iwlwifi@32C PMIC@50C GPU@30C AO@41C thermal@30.5C POM_5V_IN 1689/1762 POM_5V_GPU 82/88 POM_5V_CPU 164/212
RAM 1387/3964MB (lfb 8x4MB) SWAP 765/6078MB (cached 37MB) IRAM 0/252kB(lfb 252kB) CPU [8%@921,6%@921,off,off] EMC_FREQ 0%@1600 GR3D_FREQ 0%@614 APE 25 PLL@29.5C CPU@31.5C iwlwifi@32C PMIC@50C GPU@30C AO@40.5C thermal@30.5C POM_5V_IN 1689/1762 POM_5V_GPU 82/88 POM_5V_CPU 164/212
RAM 1385/3964MB (lfb 8x4MB) SWAP 765/6078MB (cached 37MB) IRAM 0/252kB(lfb 252kB) CPU [7%@921,7%@921,off,off] EMC_FREQ 0%@1600 GR3D_FREQ 0%@614 APE 25 PLL@29.5C CPU@31C iwlwifi@32C PMIC@50C GPU@29.5C AO@40.5C thermal@30.75C POM_5V_IN 1689/1762 POM_5V_GPU 82/88 POM_5V_CPU 164/212
RAM 1387/3964MB (lfb 8x4MB) SWAP 765/6078MB (cached 37MB) IRAM 0/252kB(lfb 252kB) CPU [8%@921,6%@921,off,off] EMC_FREQ 0%@1600 GR3D_FREQ 0%@614 APE 25 PLL@29.5C CPU@31.5C iwlwifi@32C PMIC@50C GPU@30C AO@41C thermal@30.25C POM_5V_IN 1689/1762 POM_5V_GPU 82/88 POM_5V_CPU 164/212
RAM 1389/3964MB (lfb 8x4MB) SWAP 765/6078MB (cached 37MB) IRAM 0/252kB(lfb 252kB) CPU [4%@921,10%@921,off,off] EMC_FREQ 0%@1600 GR3D_FREQ 0%@614 APE 25 PLL@29.5C CPU@31.5C iwlwifi@33C PMIC@50C GPU@30C AO@40.5C thermal@30.75C POM_5V_IN 1689/1762 POM_5V_GPU 82/88 POM_5V_CPU 164/212
RAM 1389/3964MB (lfb 8x4MB) SWAP 765/6078MB (cached 37MB) IRAM 0/252kB(lfb 252kB) CPU [7%@921,7%@921,off,off] EMC_FREQ 0%@1600 GR3D_FREQ 0%@614 APE 25 PLL@29.5C CPU@31C iwlwifi@32C PMIC@50C GPU@30C AO@40.5C thermal@30.75C POM_5V_IN 1731/1762 POM_5V_GPU 82/88 POM_5V_CPU 164/212
RAM 1389/3964MB (lfb 8x4MB) SWAP 765/6078MB (cached 37MB) IRAM 0/252kB(lfb 252kB) CPU [4%@921,9%@921,off,off] EMC_FREQ 0%@1600 GR3D_FREQ 0%@614 APE 25 PLL@29.5C CPU@31.5C iwlwifi@32C PMIC@50C GPU@30C AO@41C thermal@30.75C POM_5V_IN 1687/1762 POM_5V_GPU 82/88 POM_5V_CPU 164/212
RAM 1390/3964MB (lfb 8x4MB) SWAP 765/6078MB (cached 37MB) IRAM 0/252kB(lfb 252kB) CPU [5%@921,8%@921,off,off] EMC_FREQ 0%@1600 GR3D_FREQ 0%@614 APE 25 PLL@29.5C CPU@31.5C iwlwifi@32C PMIC@50C GPU@30C AO@41C thermal@30.75C POM_5V_IN 1689/1762 POM_5V_GPU 82/88 POM_5V_CPU 164/212
RAM 1388/3964MB (lfb 8x4MB) SWAP 765/6078MB (cached 37MB) IRAM 0/252kB(lfb 252kB) CPU [8%@921,6%@921,off,off] EMC_FREQ 0%@1600 GR3D_FREQ 0%@614 APE 25 PLL@29.5C CPU@31.5C iwlwifi@32C PMIC@50C GPU@30C AO@41C thermal@30.75C POM_5V_IN 1689/1762 POM_5V_GPU 82/88 POM_5V_CPU 164/212
RAM 1390/3964MB (lfb 8x4MB) SWAP 765/6078MB (cached 37MB) IRAM 0/252kB(lfb 252kB) CPU [6%@921,7%@921,off,off] EMC_FREQ 0%@1600 GR3D_FREQ 0%@614 APE 25 PLL@30C CPU@31.5C iwlwifi@32C PMIC@50C GPU@30C AO@40.5C thermal@30.75C POM_5V_IN 1689/1762 POM_5V_GPU 82/88 POM_5V_CPU 164/212
RAM 1388/3964MB (lfb 8x4MB) SWAP 765/6078MB (cached 37MB) IRAM 0/252kB(lfb 252kB) CPU [7%@921,7%@921,off,off] EMC_FREQ 0%@1600 GR3D_FREQ 0%@614 APE 25 PLL@30C CPU@31.5C iwlwifi@32C PMIC@50C GPU@30C AO@41C thermal@30.5C POM_5V_IN 1689/1762 POM_5V_GPU 82/88 POM_5V_CPU 164/212
RAM 1390/3964MB (lfb 8x4MB) SWAP 765/6078MB (cached 37MB) IRAM 0/252kB(lfb 252kB) CPU [7%@921,6%@921,off,off] EMC_FREQ 0%@1600 GR3D_FREQ 0%@614 APE 25 PLL@30C CPU@31C iwlwifi@32C PMIC@50C GPU@30C AO@40.5C thermal@30.5C POM_5V_IN 1689/1762 POM_5V_GPU 82/88 POM_5V_CPU 164/212
RAM 1388/3964MB (lfb 8x4MB) SWAP 765/6078MB (cached 37MB) IRAM 0/252kB(lfb 252kB) CPU [7%@921,6%@921,off,off] EMC_FREQ 0%@1600 GR3D_FREQ 0%@614 APE 25 PLL@29.5C CPU@31.5C iwlwifi@32C PMIC@50C GPU@30C AO@41C thermal@30.75C POM_5V_IN 1689/1762 POM_5V_GPU 82/88 POM_5V_CPU 164/212
RAM 1388/3964MB (lfb 8x4MB) SWAP 765/6078MB (cached 37MB) IRAM 0/252kB(lfb 252kB) CPU [8%@921,6%@921,off,off] EMC_FREQ 0%@1600 GR3D_FREQ 0%@614 APE 25 PLL@30C CPU@31.5C iwlwifi@32C PMIC@50C GPU@30C AO@41C thermal@31C POM_5V_IN 1689/1762 POM_5V_GPU 82/88 POM_5V_CPU 164/212
RAM 1388/3964MB (lfb 8x4MB) SWAP 765/6078MB (cached 37MB) IRAM 0/252kB(lfb 252kB) CPU [7%@921,6%@921,off,off] EMC_FREQ 0%@1600 GR3D_FREQ 0%@614 APE 25 PLL@30C CPU@31.5C iwlwifi@32C PMIC@50C GPU@30C AO@41C thermal@30.75C POM_5V_IN 1689/1761 POM_5V_GPU 82/88 POM_5V_CPU 164/212
RAM 1388/3964MB (lfb 8x4MB) SWAP 765/6078MB (cached 37MB) IRAM 0/252kB(lfb 252kB) CPU [6%@921,7%@921,off,off] EMC_FREQ 0%@1600 GR3D_FREQ 0%@614 APE 25 PLL@30C CPU@31.5C iwlwifi@32C PMIC@50C GPU@30C AO@41C thermal@30.75C POM_5V_IN 1689/1761 POM_5V_GPU 82/88 POM_5V_CPU 164/212
RAM 1390/3964MB (lfb 8x4MB) SWAP 765/6078MB (cached 37MB) IRAM 0/252kB(lfb 252kB) CPU [6%@921,7%@921,off,off] EMC_FREQ 0%@1600 GR3D_FREQ 0%@614 APE 25 PLL@30C CPU@31.5C iwlwifi@32C PMIC@50C GPU@30C AO@41C thermal@30.75C POM_5V_IN 1689/1761 POM_5V_GPU 82/88 POM_5V_CPU 164/212
RAM 1388/3964MB (lfb 8x4MB) SWAP 765/6078MB (cached 37MB) IRAM 0/252kB(lfb 252kB) CPU [8%@921,6%@921,off,off] EMC_FREQ 0%@1600 GR3D_FREQ 0%@614 APE 25 PLL@30C CPU@31.5C iwlwifi@32C PMIC@50C GPU@30C AO@41C thermal@30.75C POM_5V_IN 1892/1761 POM_5V_GPU 82/88 POM_5V_CPU 164/212
RAM 1386/3964MB (lfb 8x4MB) SWAP 765/6078MB (cached 37MB) IRAM 0/252kB(lfb 252kB) CPU [6%@921,7%@921,off,off] EMC_FREQ 0%@1600 GR3D_FREQ 0%@614 APE 25 PLL@30C CPU@31C iwlwifi@32C PMIC@50C GPU@29.5C AO@41C thermal@30.5C POM_5V_IN 1689/1761 POM_5V_GPU 82/88 POM_5V_CPU 164/212
RAM 1390/3964MB (lfb 8x4MB) SWAP 765/6078MB (cached 37MB) IRAM 0/252kB(lfb 252kB) CPU [5%@921,8%@921,off,off] EMC_FREQ 0%@1600 GR3D_FREQ 0%@614 APE 25 PLL@30C CPU@31.5C iwlwifi@32C PMIC@50C GPU@30C AO@41C thermal@30.75C POM_5V_IN 1689/1761 POM_5V_GPU 82/88 POM_5V_CPU 164/212
RAM 1391/3964MB (lfb 8x4MB) SWAP 765/6078MB (cached 37MB) IRAM 0/252kB(lfb 252kB) CPU [5%@921,9%@921,off,off] EMC_FREQ 0%@1600 GR3D_FREQ 0%@614 APE 25 PLL@29.5C CPU@31.5C iwlwifi@32C PMIC@50C GPU@30C AO@41C thermal@30.75C POM_5V_IN 1687/1761 POM_5V_GPU 82/88 POM_5V_CPU 164/212
RAM 1386/3964MB (lfb 8x4MB) SWAP 765/6078MB (cached 37MB) IRAM 0/252kB(lfb 252kB) CPU [5%@921,8%@921,off,off] EMC_FREQ 0%@1600 GR3D_FREQ 0%@614 APE 25 PLL@29.5C CPU@31.5C iwlwifi@33C PMIC@50C GPU@30C AO@41C thermal@30.75C POM_5V_IN 1687/1761 POM_5V_GPU 82/88 POM_5V_CPU 164/212
RAM 1390/3964MB (lfb 8x4MB) SWAP 765/6078MB (cached 37MB) IRAM 0/252kB(lfb 252kB) CPU [7%@921,6%@921,off,off] EMC_FREQ 0%@1600 GR3D_FREQ 0%@614 APE 25 PLL@29.5C CPU@32C iwlwifi@32C PMIC@50C GPU@30C AO@41C thermal@30.75C POM_5V_IN 1689/1761 POM_5V_GPU 82/88 POM_5V_CPU 164/212
RAM 1386/3964MB (lfb 8x4MB) SWAP 765/6078MB (cached 37MB) IRAM 0/252kB(lfb 252kB) CPU [6%@921,8%@921,off,off] EMC_FREQ 0%@1600 GR3D_FREQ 0%@614 APE 25 PLL@30C CPU@31C iwlwifi@32C PMIC@50C GPU@30C AO@41C thermal@30.75C POM_5V_IN 1689/1761 POM_5V_GPU 82/88 POM_5V_CPU 164/212
RAM 1388/3964MB (lfb 8x4MB) SWAP 765/6078MB (cached 37MB) IRAM 0/252kB(lfb 252kB) CPU [8%@921,6%@921,off,off] EMC_FREQ 0%@1600 GR3D_FREQ 0%@614 APE 25 PLL@30C CPU@31.5C iwlwifi@32C PMIC@50C GPU@30C AO@41C thermal@30.5C POM_5V_IN 1689/1761 POM_5V_GPU 82/88 POM_5V_CPU 164/212
RAM 1386/3964MB (lfb 8x4MB) SWAP 765/6078MB (cached 37MB) IRAM 0/252kB(lfb 252kB) CPU [9%@921,4%@921,off,off] EMC_FREQ 0%@1600 GR3D_FREQ 0%@614 APE 25 PLL@30C CPU@31.5C iwlwifi@32C PMIC@50C GPU@30C AO@41C thermal@30.75C POM_5V_IN 1689/1761 POM_5V_GPU 82/88 POM_5V_CPU 164/212
RAM 1389/3964MB (lfb 8x4MB) SWAP 765/6078MB (cached 37MB) IRAM 0/252kB(lfb 252kB) CPU [7%@921,7%@921,off,off] EMC_FREQ 0%@1600 GR3D_FREQ 0%@614 APE 25 PLL@29.5C CPU@31.5C iwlwifi@32C PMIC@50C GPU@30C AO@41C thermal@30.75C POM_5V_IN 1689/1761 POM_5V_GPU 82/88 POM_5V_CPU 164/212
RAM 1388/3964MB (lfb 8x4MB) SWAP 765/6078MB (cached 37MB) IRAM 0/252kB(lfb 252kB) CPU [5%@921,8%@921,off,off] EMC_FREQ 0%@1600 GR3D_FREQ 0%@614 APE 25 PLL@30C CPU@31.5C iwlwifi@32C PMIC@50C GPU@30C AO@41C thermal@31C POM_5V_IN 1689/1761 POM_5V_GPU 82/88 POM_5V_CPU 164/212
RAM 1389/3964MB (lfb 8x4MB) SWAP 765/6078MB (cached 37MB) IRAM 0/252kB(lfb 252kB) CPU [4%@921,9%@921,off,off] EMC_FREQ 0%@1600 GR3D_FREQ 0%@614 APE 25 PLL@30C CPU@31.5C iwlwifi@33C PMIC@50C GPU@30C AO@41C thermal@30.75C POM_5V_IN 1689/1761 POM_5V_GPU 82/88 POM_5V_CPU 164/212
RAM 1389/3964MB (lfb 8x4MB) SWAP 765/6078MB (cached 37MB) IRAM 0/252kB(lfb 252kB) CPU [6%@921,7%@921,off,off] EMC_FREQ 0%@1600 GR3D_FREQ 0%@614 APE 25 PLL@30C CPU@31.5C iwlwifi@32C PMIC@50C GPU@29.5C AO@41C thermal@31C POM_5V_IN 1731/1761 POM_5V_GPU 82/88 POM_5V_CPU 164/212
RAM 1389/3964MB (lfb 8x4MB) SWAP 765/6078MB (cached 37MB) IRAM 0/252kB(lfb 252kB) CPU [6%@921,7%@921,off,off] EMC_FREQ 0%@1600 GR3D_FREQ 0%@614 APE 25 PLL@29.5C CPU@31.5C iwlwifi@32C PMIC@50C GPU@29.5C AO@41C thermal@31C POM_5V_IN 1689/1761 POM_5V_GPU 82/88 POM_5V_CPU 164/212
RAM 1387/3964MB (lfb 8x4MB) SWAP 765/6078MB (cached 37MB) IRAM 0/252kB(lfb 252kB) CPU [6%@921,7%@921,off,off] EMC_FREQ 0%@1600 GR3D_FREQ 0%@614 APE 25 PLL@29.5C CPU@32C iwlwifi@32C PMIC@50C GPU@30.5C AO@41C thermal@30.75C POM_5V_IN 1689/1761 POM_5V_GPU 82/88 POM_5V_CPU 164/212
RAM 1387/3964MB (lfb 8x4MB) SWAP 765/6078MB (cached 37MB) IRAM 0/252kB(lfb 252kB) CPU [9%@921,5%@921,off,off] EMC_FREQ 0%@1600 GR3D_FREQ 0%@614 APE 25 PLL@30.5C CPU@31.5C iwlwifi@33C PMIC@50C GPU@30C AO@41C thermal@30.75C POM_5V_IN 1689/1761 POM_5V_GPU 82/88 POM_5V_CPU 164/212
RAM 1388/3964MB (lfb 8x4MB) SWAP 765/6078MB (cached 37MB) IRAM 0/252kB(lfb 252kB) CPU [8%@921,5%@921,off,off] EMC_FREQ 0%@1600 GR3D_FREQ 0%@614 APE 25 PLL@30C CPU@31.5C iwlwifi@32C PMIC@50C GPU@30C AO@41C thermal@30.75C POM_5V_IN 1687/1761 POM_5V_GPU 82/88 POM_5V_CPU 164/212
RAM 1385/3964MB (lfb 8x4MB) SWAP 765/6078MB (cached 37MB) IRAM 0/252kB(lfb 252kB) CPU [8%@921,6%@921,off,off] EMC_FREQ 0%@1600 GR3D_FREQ 0%@614 APE 25 PLL@30C CPU@31.5C iwlwifi@32C PMIC@50C GPU@30C AO@41C thermal@31C POM_5V_IN 1689/1761 POM_5V_GPU 82/88 POM_5V_CPU 164/212
RAM 1387/3964MB (lfb 8x4MB) SWAP 765/6078MB (cached 37MB) IRAM 0/252kB(lfb 252kB) CPU [11%@921,3%@921,off,off] EMC_FREQ 0%@1600 GR3D_FREQ 0%@614 APE 25 PLL@30C CPU@31.5C iwlwifi@32C PMIC@50C GPU@30C AO@40.5C thermal@30.75C POM_5V_IN 1689/1761 POM_5V_GPU 82/88 POM_5V_CPU 164/212
RAM 1387/3964MB (lfb 8x4MB) SWAP 765/6078MB (cached 37MB) IRAM 0/252kB(lfb 252kB) CPU [5%@921,8%@921,off,off] EMC_FREQ 0%@1600 GR3D_FREQ 0%@614 APE 25 PLL@30C CPU@31.5C iwlwifi@32C PMIC@50C GPU@30C AO@40.5C thermal@30.75C POM_5V_IN 1689/1761 POM_5V_GPU 82/88 POM_5V_CPU 164/212
RAM 1389/3964MB (lfb 8x4MB) SWAP 765/6078MB (cached 37MB) IRAM 0/252kB(lfb 252kB) CPU [8%@921,6%@921,off,off] EMC_FREQ 0%@1600 GR3D_FREQ 0%@614 APE 25 PLL@30C CPU@31C iwlwifi@32C PMIC@50C GPU@30C AO@41C thermal@30.75C POM_5V_IN 1731/1761 POM_5V_GPU 82/88 POM_5V_CPU 164/212
RAM 1388/3964MB (lfb 8x4MB) SWAP 765/6078MB (cached 37MB) IRAM 0/252kB(lfb 252kB) CPU [8%@921,6%@921,off,off] EMC_FREQ 0%@1600 GR3D_FREQ 0%@614 APE 25 PLL@30C CPU@31.5C iwlwifi@32C PMIC@50C GPU@30C AO@41C thermal@30.75C POM_5V_IN 1689/1761 POM_5V_GPU 82/88 POM_5V_CPU 164/212
RAM 1387/3964MB (lfb 8x4MB) SWAP 765/6078MB (cached 37MB) IRAM 0/252kB(lfb 252kB) CPU [8%@921,5%@921,off,off] EMC_FREQ 0%@1600 GR3D_FREQ 0%@614 APE 25 PLL@30C CPU@31.5C iwlwifi@32C PMIC@50C GPU@30.5C AO@41C thermal@30.75C POM_5V_IN 1731/1761 POM_5V_GPU 82/88 POM_5V_CPU 164/212
RAM 1385/3964MB (lfb 8x4MB) SWAP 765/6078MB (cached 37MB) IRAM 0/252kB(lfb 252kB) CPU [6%@921,8%@921,off,off] EMC_FREQ 0%@1600 GR3D_FREQ 0%@614 APE 25 PLL@30C CPU@31.5C iwlwifi@32C PMIC@50C GPU@30C AO@41C thermal@31C POM_5V_IN 1689/1761 POM_5V_GPU 82/88 POM_5V_CPU 164/212
RAM 1385/3964MB (lfb 8x4MB) SWAP 765/6078MB (cached 37MB) IRAM 0/252kB(lfb 252kB) CPU [6%@921,7%@921,off,off] EMC_FREQ 0%@1600 GR3D_FREQ 0%@614 APE 25 PLL@30C CPU@32C iwlwifi@32C PMIC@50C GPU@30C AO@41C thermal@30.75C POM_5V_IN 1689/1761 POM_5V_GPU 82/88 POM_5V_CPU 164/212
RAM 1389/3964MB (lfb 8x4MB) SWAP 765/6078MB (cached 37MB) IRAM 0/252kB(lfb 252kB) CPU [7%@921,6%@921,off,off] EMC_FREQ 0%@1600 GR3D_FREQ 0%@614 APE 25 PLL@30C CPU@31.5C iwlwifi@32C PMIC@50C GPU@30C AO@41C thermal@30.75C POM_5V_IN 1689/1761 POM_5V_GPU 82/88 POM_5V_CPU 164/212
RAM 1389/3964MB (lfb 8x4MB) SWAP 765/6078MB (cached 37MB) IRAM 0/252kB(lfb 252kB) CPU [7%@921,7%@921,off,off] EMC_FREQ 0%@1600 GR3D_FREQ 0%@614 APE 25 PLL@30C CPU@31.5C iwlwifi@32C PMIC@50C GPU@30C AO@41C thermal@31C POM_5V_IN 1689/1761 POM_5V_GPU 82/88 POM_5V_CPU 164/212
RAM 1386/3964MB (lfb 8x4MB) SWAP 765/6078MB (cached 37MB) IRAM 0/252kB(lfb 252kB) CPU [10%@921,4%@921,off,off] EMC_FREQ 0%@1600 GR3D_FREQ 0%@614 APE 25 PLL@30C CPU@31.5C iwlwifi@32C PMIC@50C GPU@30C AO@41C thermal@30.75C POM_5V_IN 1689/1761 POM_5V_GPU 82/88 POM_5V_CPU 164/211
RAM 1386/3964MB (lfb 8x4MB) SWAP 765/6078MB (cached 37MB) IRAM 0/252kB(lfb 252kB) CPU [10%@921,4%@921,off,off] EMC_FREQ 0%@1600 GR3D_FREQ 0%@614 APE 25 PLL@30C CPU@31.5C iwlwifi@32C PMIC@50C GPU@30C AO@41C thermal@30.75C POM_5V_IN 1689/1761 POM_5V_GPU 82/88 POM_5V_CPU 164/211
RAM 1389/3964MB (lfb 8x4MB) SWAP 765/6078MB (cached 37MB) IRAM 0/252kB(lfb 252kB) CPU [6%@921,7%@921,off,off] EMC_FREQ 0%@1600 GR3D_FREQ 0%@614 APE 25 PLL@30C CPU@31.5C iwlwifi@32C PMIC@50C GPU@30C AO@41C thermal@31C POM_5V_IN 1689/1761 POM_5V_GPU 82/88 POM_5V_CPU 164/211
RAM 1388/3964MB (lfb 8x4MB) SWAP 765/6078MB (cached 37MB) IRAM 0/252kB(lfb 252kB) CPU [9%@921,5%@921,off,off] EMC_FREQ 0%@1600 GR3D_FREQ 0%@614 APE 25 PLL@30C CPU@31.5C iwlwifi@32C PMIC@50C GPU@30C AO@41C thermal@31C POM_5V_IN 1689/1761 POM_5V_GPU 82/88 POM_5V_CPU 164/211
RAM 1388/3964MB (lfb 8x4MB) SWAP 765/6078MB (cached 37MB) IRAM 0/252kB(lfb 252kB) CPU [8%@921,5%@921,off,off] EMC_FREQ 0%@1600 GR3D_FREQ 0%@614 APE 25 PLL@30C CPU@31.5C iwlwifi@32C PMIC@50C GPU@30C AO@41.5C thermal@30.5C POM_5V_IN 1731/1761 POM_5V_GPU 82/88 POM_5V_CPU 164/211
RAM 1387/3964MB (lfb 8x4MB) SWAP 765/6078MB (cached 37MB) IRAM 0/252kB(lfb 252kB) CPU [9%@921,5%@921,off,off] EMC_FREQ 0%@1600 GR3D_FREQ 0%@614 APE 25 PLL@30C CPU@31.5C iwlwifi@32C PMIC@50C GPU@30C AO@41C thermal@30.75C POM_5V_IN 1689/1761 POM_5V_GPU 82/88 POM_5V_CPU 164/211
RAM 1391/3964MB (lfb 8x4MB) SWAP 765/6078MB (cached 37MB) IRAM 0/252kB(lfb 252kB) CPU [8%@921,6%@921,off,off] EMC_FREQ 0%@1600 GR3D_FREQ 0%@614 APE 25 PLL@30C CPU@31.5C iwlwifi@32C PMIC@50C GPU@30.5C AO@41.5C thermal@31C POM_5V_IN 1689/1761 POM_5V_GPU 82/88 POM_5V_CPU 164/211
RAM 1388/3964MB (lfb 8x4MB) SWAP 765/6078MB (cached 37MB) IRAM 0/252kB(lfb 252kB) CPU [7%@921,6%@921,off,off] EMC_FREQ 0%@1600 GR3D_FREQ 0%@614 APE 25 PLL@30C CPU@31.5C iwlwifi@32C PMIC@50C GPU@30C AO@41C thermal@30.75C POM_5V_IN 1689/1761 POM_5V_GPU 82/88 POM_5V_CPU 164/211
RAM 1390/3964MB (lfb 8x4MB) SWAP 765/6078MB (cached 37MB) IRAM 0/252kB(lfb 252kB) CPU [7%@921,7%@921,off,off] EMC_FREQ 0%@1600 GR3D_FREQ 0%@614 APE 25 PLL@30C CPU@31.5C iwlwifi@32C PMIC@50C GPU@30.5C AO@41C thermal@30.75C POM_5V_IN 1731/1761 POM_5V_GPU 82/88 POM_5V_CPU 164/211
RAM 1388/3964MB (lfb 8x4MB) SWAP 765/6078MB (cached 37MB) IRAM 0/252kB(lfb 252kB) CPU [8%@921,6%@921,off,off] EMC_FREQ 0%@1600 GR3D_FREQ 0%@614 APE 25 PLL@30C CPU@31.5C iwlwifi@32C PMIC@50C GPU@30C AO@41C thermal@30.75C POM_5V_IN 1689/1761 POM_5V_GPU 82/88 POM_5V_CPU 164/211
RAM 1390/3964MB (lfb 8x4MB) SWAP 765/6078MB (cached 37MB) IRAM 0/252kB(lfb 252kB) CPU [7%@921,6%@921,off,off] EMC_FREQ 0%@1600 GR3D_FREQ 0%@614 APE 25 PLL@30C CPU@31.5C iwlwifi@32C PMIC@50C GPU@30C AO@41C thermal@30.75C POM_5V_IN 1689/1760 POM_5V_GPU 82/88 POM_5V_CPU 164/211
RAM 1390/3964MB (lfb 8x4MB) SWAP 765/6078MB (cached 37MB) IRAM 0/252kB(lfb 252kB) CPU [8%@921,6%@921,off,off] EMC_FREQ 0%@1600 GR3D_FREQ 0%@614 APE 25 PLL@30C CPU@31.5C iwlwifi@32C PMIC@50C GPU@30C AO@41C thermal@30.75C POM_5V_IN 1689/1760 POM_5V_GPU 82/88 POM_5V_CPU 164/211
RAM 1387/3964MB (lfb 8x4MB) SWAP 765/6078MB (cached 37MB) IRAM 0/252kB(lfb 252kB) CPU [7%@921,6%@921,off,off] EMC_FREQ 0%@1600 GR3D_FREQ 0%@614 APE 25 PLL@30C CPU@31C iwlwifi@32C PMIC@50C GPU@30C AO@41C thermal@30.5C POM_5V_IN 1689/1760 POM_5V_GPU 82/88 POM_5V_CPU 164/211
RAM 1385/3964MB (lfb 8x4MB) SWAP 765/6078MB (cached 37MB) IRAM 0/252kB(lfb 252kB) CPU [8%@921,6%@921,off,off] EMC_FREQ 0%@1600 GR3D_FREQ 0%@614 APE 25 PLL@30C CPU@31.5C iwlwifi@32C PMIC@50C GPU@30C AO@41C thermal@30.75C POM_5V_IN 1689/1760 POM_5V_GPU 82/88 POM_5V_CPU 164/211
RAM 1386/3964MB (lfb 8x4MB) SWAP 765/6078MB (cached 37MB) IRAM 0/252kB(lfb 252kB) CPU [6%@921,9%@921,off,off] EMC_FREQ 0%@1600 GR3D_FREQ 0%@614 APE 25 PLL@30C CPU@31C iwlwifi@32C PMIC@50C GPU@30C AO@41C thermal@30.75C POM_5V_IN 1728/1760 POM_5V_GPU 82/88 POM_5V_CPU 164/211
RAM 1386/3964MB (lfb 8x4MB) SWAP 765/6078MB (cached 37MB) IRAM 0/252kB(lfb 252kB) CPU [8%@921,5%@921,off,off] EMC_FREQ 0%@1600 GR3D_FREQ 0%@614 APE 25 PLL@30C CPU@31.5C iwlwifi@32C PMIC@50C GPU@30.5C AO@41C thermal@31C POM_5V_IN 1687/1760 POM_5V_GPU 82/88 POM_5V_CPU 164/211
RAM 1390/3964MB (lfb 8x4MB) SWAP 765/6078MB (cached 37MB) IRAM 0/252kB(lfb 252kB) CPU [5%@921,8%@921,off,off] EMC_FREQ 0%@1600 GR3D_FREQ 0%@614 APE 25 PLL@30C CPU@31.5C iwlwifi@32C PMIC@50C GPU@30C AO@41C thermal@30.75C POM_5V_IN 1689/1760 POM_5V_GPU 82/88 POM_5V_CPU 164/211
RAM 1390/3964MB (lfb 8x4MB) SWAP 765/6078MB (cached 37MB) IRAM 0/252kB(lfb 252kB) CPU [7%@921,6%@921,off,off] EMC_FREQ 0%@1600 GR3D_FREQ 0%@614 APE 25 PLL@30C CPU@31.5C iwlwifi@32C PMIC@50C GPU@30C AO@41C thermal@30.75C POM_5V_IN 1689/1760 POM_5V_GPU 82/88 POM_5V_CPU 164/211
RAM 1386/3964MB (lfb 8x4MB) SWAP 765/6078MB (cached 37MB) IRAM 0/252kB(lfb 252kB) CPU [6%@921,8%@921,off,off] EMC_FREQ 0%@1600 GR3D_FREQ 0%@614 APE 25 PLL@30C CPU@31.5C iwlwifi@32C PMIC@50C GPU@30C AO@41C thermal@30.75C POM_5V_IN 1731/1760 POM_5V_GPU 82/88 POM_5V_CPU 164/211
RAM 1385/3964MB (lfb 8x4MB) SWAP 765/6078MB (cached 37MB) IRAM 0/252kB(lfb 252kB) CPU [9%@921,5%@921,off,off] EMC_FREQ 0%@1600 GR3D_FREQ 0%@614 APE 25 PLL@29.5C CPU@31.5C iwlwifi@32C PMIC@50C GPU@30C AO@41C thermal@30.75C POM_5V_IN 1934/1760 POM_5V_GPU 82/88 POM_5V_CPU 369/211
RAM 1385/3964MB (lfb 8x4MB) SWAP 765/6078MB (cached 37MB) IRAM 0/252kB(lfb 252kB) CPU [9%@921,5%@921,off,off] EMC_FREQ 0%@1600 GR3D_FREQ 0%@614 APE 25 PLL@30C CPU@31.5C iwlwifi@32C PMIC@50C GPU@30.5C AO@41C thermal@30.75C POM_5V_IN 1689/1760 POM_5V_GPU 82/88 POM_5V_CPU 164/211
RAM 1387/3964MB (lfb 8x4MB) SWAP 765/6078MB (cached 37MB) IRAM 0/252kB(lfb 252kB) CPU [5%@921,8%@921,off,off] EMC_FREQ 0%@1600 GR3D_FREQ 0%@614 APE 25 PLL@30C CPU@31.5C iwlwifi@32C PMIC@50C GPU@30C AO@41C thermal@30.75C POM_5V_IN 1689/1760 POM_5V_GPU 82/88 POM_5V_CPU 123/211
RAM 1387/3964MB (lfb 8x4MB) SWAP 765/6078MB (cached 37MB) IRAM 0/252kB(lfb 252kB) CPU [9%@921,5%@921,off,off] EMC_FREQ 0%@1600 GR3D_FREQ 0%@614 APE 25 PLL@30C CPU@31.5C iwlwifi@32C PMIC@50C GPU@29.5C AO@41C thermal@30.75C POM_5V_IN 1689/1760 POM_5V_GPU 82/88 POM_5V_CPU 164/211
RAM 1387/3964MB (lfb 8x4MB) SWAP 765/6078MB (cached 37MB) IRAM 0/252kB(lfb 252kB) CPU [7%@921,6%@921,off,off] EMC_FREQ 0%@1600 GR3D_FREQ 0%@614 APE 25 PLL@30C CPU@31.5C iwlwifi@32C PMIC@50C GPU@30C AO@41C thermal@30.75C POM_5V_IN 1972/1760 POM_5V_GPU 82/88 POM_5V_CPU 369/211
RAM 1385/3964MB (lfb 8x4MB) SWAP 765/6078MB (cached 37MB) IRAM 0/252kB(lfb 252kB) CPU [7%@921,7%@921,off,off] EMC_FREQ 0%@1600 GR3D_FREQ 0%@614 APE 25 PLL@29.5C CPU@31.5C iwlwifi@32C PMIC@50C GPU@30C AO@41C thermal@31C POM_5V_IN 1731/1760 POM_5V_GPU 82/88 POM_5V_CPU 164/211
RAM 1385/3964MB (lfb 8x4MB) SWAP 765/6078MB (cached 37MB) IRAM 0/252kB(lfb 252kB) CPU [6%@921,7%@921,off,off] EMC_FREQ 0%@1600 GR3D_FREQ 0%@614 APE 25 PLL@30C CPU@31.5C iwlwifi@32C PMIC@50C GPU@30C AO@41C thermal@30.5C POM_5V_IN 1689/1760 POM_5V_GPU 82/88 POM_5V_CPU 123/211
RAM 1387/3964MB (lfb 8x4MB) SWAP 765/6078MB (cached 37MB) IRAM 0/252kB(lfb 252kB) CPU [9%@921,5%@921,off,off] EMC_FREQ 0%@1600 GR3D_FREQ 0%@614 APE 25 PLL@30C CPU@31.5C iwlwifi@32C PMIC@50C GPU@29.5C AO@40.5C thermal@30.5C POM_5V_IN 1731/1760 POM_5V_GPU 82/88 POM_5V_CPU 164/211
RAM 1389/3964MB (lfb 8x4MB) SWAP 765/6078MB (cached 37MB) IRAM 0/252kB(lfb 252kB) CPU [5%@921,8%@921,off,off] EMC_FREQ 0%@1600 GR3D_FREQ 0%@614 APE 25 PLL@30C CPU@31.5C iwlwifi@32C PMIC@50C GPU@30C AO@41C thermal@30.75C POM_5V_IN 1689/1760 POM_5V_GPU 82/88 POM_5V_CPU 164/211
RAM 1387/3964MB (lfb 8x4MB) SWAP 765/6078MB (cached 37MB) IRAM 0/252kB(lfb 252kB) CPU [6%@921,7%@921,off,off] EMC_FREQ 0%@1600 GR3D_FREQ 0%@614 APE 25 PLL@30C CPU@31.5C iwlwifi@32C PMIC@50C GPU@29.5C AO@41C thermal@30.75C POM_5V_IN 1810/1760 POM_5V_GPU 82/88 POM_5V_CPU 246/211
RAM 1388/3964MB (lfb 8x4MB) SWAP 765/6078MB (cached 37MB) IRAM 0/252kB(lfb 252kB) CPU [4%@921,9%@921,off,off] EMC_FREQ 0%@1600 GR3D_FREQ 0%@614 APE 25 PLL@30C CPU@31.5C iwlwifi@32C PMIC@50C GPU@29.5C AO@41.5C thermal@31C POM_5V_IN 1689/1760 POM_5V_GPU 82/88 POM_5V_CPU 164/211
RAM 1385/3964MB (lfb 8x4MB) SWAP 765/6078MB (cached 37MB) IRAM 0/252kB(lfb 252kB) CPU [8%@921,5%@921,off,off] EMC_FREQ 0%@1600 GR3D_FREQ 0%@614 APE 25 PLL@30C CPU@31.5C iwlwifi@32C PMIC@50C GPU@30C AO@41C thermal@30.75C POM_5V_IN 1689/1760 POM_5V_GPU 82/88 POM_5V_CPU 164/211
RAM 1389/3964MB (lfb 8x4MB) SWAP 765/6078MB (cached 37MB) IRAM 0/252kB(lfb 252kB) CPU [6%@921,8%@921,off,off] EMC_FREQ 0%@1600 GR3D_FREQ 0%@614 APE 25 PLL@30C CPU@31.5C iwlwifi@32C PMIC@50C GPU@30C AO@41C thermal@30.75C POM_5V_IN 1689/1760 POM_5V_GPU 82/88 POM_5V_CPU 164/211
RAM 1389/3964MB (lfb 8x4MB) SWAP 765/6078MB (cached 37MB) IRAM 0/252kB(lfb 252kB) CPU [7%@921,6%@921,off,off] EMC_FREQ 0%@1600 GR3D_FREQ 0%@614 APE 25 PLL@30C CPU@31.5C iwlwifi@32C PMIC@50C GPU@30C AO@41.5C thermal@30.75C POM_5V_IN 1689/1760 POM_5V_GPU 82/88 POM_5V_CPU 164/211
RAM 1386/3964MB (lfb 8x4MB) SWAP 765/6078MB (cached 37MB) IRAM 0/252kB(lfb 252kB) CPU [4%@921,9%@921,off,off] EMC_FREQ 0%@1600 GR3D_FREQ 0%@614 APE 25 PLL@30C CPU@31.5C iwlwifi@32C PMIC@50C GPU@30C AO@41C thermal@30.75C POM_5V_IN 1689/1760 POM_5V_GPU 82/87 POM_5V_CPU 123/211
RAM 1389/3964MB (lfb 8x4MB) SWAP 765/6078MB (cached 37MB) IRAM 0/252kB(lfb 252kB) CPU [4%@921,9%@921,off,off] EMC_FREQ 0%@1600 GR3D_FREQ 0%@614 APE 25 PLL@30C CPU@31C iwlwifi@32C PMIC@50C GPU@30C AO@41C thermal@30.75C POM_5V_IN 1731/1760 POM_5V_GPU 82/87 POM_5V_CPU 164/211
RAM 1391/3964MB (lfb 8x4MB) SWAP 765/6078MB (cached 37MB) IRAM 0/252kB(lfb 252kB) CPU [6%@921,7%@921,off,off] EMC_FREQ 0%@1600 GR3D_FREQ 0%@614 APE 25 PLL@30C CPU@31.5C iwlwifi@33C PMIC@50C GPU@30C AO@41C thermal@30.75C POM_5V_IN 1689/1760 POM_5V_GPU 82/87 POM_5V_CPU 164/211
RAM 1387/3964MB (lfb 8x4MB) SWAP 765/6078MB (cached 37MB) IRAM 0/252kB(lfb 252kB) CPU [7%@921,7%@921,off,off] EMC_FREQ 0%@1600 GR3D_FREQ 0%@614 APE 25 PLL@30C CPU@31.5C iwlwifi@32C PMIC@50C GPU@30C AO@41C thermal@30.75C POM_5V_IN 1689/1760 POM_5V_GPU 82/87 POM_5V_CPU 164/211
RAM 1389/3964MB (lfb 8x4MB) SWAP 765/6078MB (cached 37MB) IRAM 0/252kB(lfb 252kB) CPU [8%@921,6%@921,off,off] EMC_FREQ 0%@1600 GR3D_FREQ 0%@614 APE 25 PLL@30C CPU@31.5C iwlwifi@32C PMIC@50C GPU@29.5C AO@41C thermal@30.75C POM_5V_IN 1731/1760 POM_5V_GPU 82/87 POM_5V_CPU 164/211
RAM 1385/3964MB (lfb 8x4MB) SWAP 765/6078MB (cached 37MB) IRAM 0/252kB(lfb 252kB) CPU [6%@921,8%@921,off,off] EMC_FREQ 0%@1600 GR3D_FREQ 0%@614 APE 25 PLL@30C CPU@31.5C iwlwifi@32C PMIC@50C GPU@30C AO@41.5C thermal@30.75C POM_5V_IN 1689/1760 POM_5V_GPU 82/87 POM_5V_CPU 164/211
RAM 1389/3964MB (lfb 8x4MB) SWAP 765/6078MB (cached 37MB) IRAM 0/252kB(lfb 252kB) CPU [8%@921,6%@921,off,off] EMC_FREQ 0%@1600 GR3D_FREQ 0%@614 APE 25 PLL@30C CPU@31.5C iwlwifi@32C PMIC@50C GPU@30C AO@41C thermal@30.75C POM_5V_IN 1851/1760 POM_5V_GPU 82/87 POM_5V_CPU 246/211
RAM 1387/3964MB (lfb 8x4MB) SWAP 765/6078MB (cached 37MB) IRAM 0/252kB(lfb 252kB) CPU [9%@921,4%@921,off,off] EMC_FREQ 0%@1600 GR3D_FREQ 0%@614 APE 25 PLL@30C CPU@31.5C iwlwifi@32C PMIC@50C GPU@30C AO@41C thermal@30.75C POM_5V_IN 1689/1760 POM_5V_GPU 82/87 POM_5V_CPU 164/211
RAM 1388/3964MB (lfb 8x4MB) SWAP 765/6078MB (cached 37MB) IRAM 0/252kB(lfb 252kB) CPU [6%@921,8%@921,off,off] EMC_FREQ 0%@1600 GR3D_FREQ 0%@614 APE 25 PLL@30C CPU@31C iwlwifi@32C PMIC@50C GPU@30C AO@40.5C thermal@30.75C POM_5V_IN 1689/1760 POM_5V_GPU 82/87 POM_5V_CPU 164/211
RAM 1390/3964MB (lfb 8x4MB) SWAP 765/6078MB (cached 37MB) IRAM 0/252kB(lfb 252kB) CPU [8%@921,6%@921,off,off] EMC_FREQ 0%@1600 GR3D_FREQ 0%@614 APE 25 PLL@30C CPU@31.5C iwlwifi@32C PMIC@50C GPU@30C AO@41C thermal@30.75C POM_5V_IN 1731/1760 POM_5V_GPU 82/87 POM_5V_CPU 164/211
RAM 1386/3964MB (lfb 8x4MB) SWAP 765/6078MB (cached 37MB) IRAM 0/252kB(lfb 252kB) CPU [6%@921,7%@921,off,off] EMC_FREQ 0%@1600 GR3D_FREQ 0%@614 APE 25 PLL@30C CPU@31.5C iwlwifi@32C PMIC@50C GPU@30C AO@41C thermal@30.75C POM_5V_IN 1689/1760 POM_5V_GPU 82/87 POM_5V_CPU 164/211
RAM 1392/3964MB (lfb 8x4MB) SWAP 765/6078MB (cached 37MB) IRAM 0/252kB(lfb 252kB) CPU [7%@921,7%@921,off,off] EMC_FREQ 0%@1600 GR3D_FREQ 0%@614 APE 25 PLL@30C CPU@31.5C iwlwifi@32C PMIC@50C GPU@29.5C AO@41C thermal@30.75C POM_5V_IN 1689/1760 POM_5V_GPU 82/87 POM_5V_CPU 164/211
RAM 1388/3964MB (lfb 8x4MB) SWAP 765/6078MB (cached 37MB) IRAM 0/252kB(lfb 252kB) CPU [8%@921,6%@921,off,off] EMC_FREQ 0%@1600 GR3D_FREQ 0%@614 APE 25 PLL@30C CPU@31.5C iwlwifi@32C PMIC@50C GPU@30C AO@41C thermal@31C POM_5V_IN 1689/1760 POM_5V_GPU 82/87 POM_5V_CPU 123/211
RAM 1391/3964MB (lfb 8x4MB) SWAP 765/6078MB (cached 37MB) IRAM 0/252kB(lfb 252kB) CPU [6%@921,8%@921,off,off] EMC_FREQ 0%@1600 GR3D_FREQ 0%@614 APE 25 PLL@30C CPU@31.5C iwlwifi@32C PMIC@50C GPU@30C AO@41C thermal@30.75C POM_5V_IN 1689/1760 POM_5V_GPU 82/87 POM_5V_CPU 164/211
RAM 1387/3964MB (lfb 8x4MB) SWAP 765/6078MB (cached 37MB) IRAM 0/252kB(lfb 252kB) CPU [7%@921,7%@921,off,off] EMC_FREQ 0%@1600 GR3D_FREQ 0%@614 APE 25 PLL@29.5C CPU@31.5C iwlwifi@32C PMIC@50C GPU@30C AO@41C thermal@31C POM_5V_IN 1689/1760 POM_5V_GPU 82/87 POM_5V_CPU 164/211
RAM 1387/3964MB (lfb 8x4MB) SWAP 765/6078MB (cached 37MB) IRAM 0/252kB(lfb 252kB) CPU [9%@921,5%@921,off,off] EMC_FREQ 0%@1600 GR3D_FREQ 0%@614 APE 25 PLL@30C CPU@31.5C iwlwifi@32C PMIC@50C GPU@30C AO@41C thermal@30.75C POM_5V_IN 1689/1760 POM_5V_GPU 82/87 POM_5V_CPU 164/211
RAM 1387/3964MB (lfb 8x4MB) SWAP 765/6078MB (cached 37MB) IRAM 0/252kB(lfb 252kB) CPU [6%@921,8%@921,off,off] EMC_FREQ 0%@1600 GR3D_FREQ 0%@614 APE 25 PLL@30C CPU@31.5C iwlwifi@32C PMIC@50C GPU@30C AO@41C thermal@30.75C POM_5V_IN 1689/1760 POM_5V_GPU 82/87 POM_5V_CPU 164/211
RAM 1385/3964MB (lfb 8x4MB) SWAP 765/6078MB (cached 37MB) IRAM 0/252kB(lfb 252kB) CPU [6%@921,8%@921,off,off] EMC_FREQ 0%@1600 GR3D_FREQ 0%@614 APE 25 PLL@30C CPU@31.5C iwlwifi@32C PMIC@50C GPU@30C AO@41C thermal@30.75C POM_5V_IN 1689/1760 POM_5V_GPU 82/87 POM_5V_CPU 164/211
RAM 1385/3964MB (lfb 8x4MB) SWAP 765/6078MB (cached 37MB) IRAM 0/252kB(lfb 252kB) CPU [6%@921,7%@921,off,off] EMC_FREQ 0%@1600 GR3D_FREQ 0%@614 APE 25 PLL@30.5C CPU@31.5C iwlwifi@32C PMIC@50C GPU@30C AO@41C thermal@30.75C POM_5V_IN 1689/1760 POM_5V_GPU 82/87 POM_5V_CPU 164/211
RAM 1389/3964MB (lfb 8x4MB) SWAP 765/6078MB (cached 37MB) IRAM 0/252kB(lfb 252kB) CPU [7%@921,7%@921,off,off] EMC_FREQ 0%@1600 GR3D_FREQ 0%@614 APE 25 PLL@30C CPU@31.5C iwlwifi@32C PMIC@50C GPU@29.5C AO@41C thermal@30.75C POM_5V_IN 1689/1760 POM_5V_GPU 82/87 POM_5V_CPU 164/211
RAM 1387/3964MB (lfb 8x4MB) SWAP 765/6078MB (cached 37MB) IRAM 0/252kB(lfb 252kB) CPU [5%@921,9%@921,off,off] EMC_FREQ 0%@1600 GR3D_FREQ 0%@614 APE 25 PLL@30C CPU@31.5C iwlwifi@32C PMIC@50C GPU@30C AO@41C thermal@30.75C POM_5V_IN 1689/1760 POM_5V_GPU 82/87 POM_5V_CPU 164/211
RAM 1387/3964MB (lfb 8x4MB) SWAP 765/6078MB (cached 37MB) IRAM 0/252kB(lfb 252kB) CPU [9%@921,5%@921,off,off] EMC_FREQ 0%@1600 GR3D_FREQ 0%@614 APE 25 PLL@30C CPU@31.5C iwlwifi@32C PMIC@50C GPU@30C AO@41C thermal@30.75C POM_5V_IN 1689/1760 POM_5V_GPU 82/87 POM_5V_CPU 164/211
RAM 1389/3964MB (lfb 8x4MB) SWAP 765/6078MB (cached 37MB) IRAM 0/252kB(lfb 252kB) CPU [9%@921,4%@921,off,off] EMC_FREQ 0%@1600 GR3D_FREQ 0%@614 APE 25 PLL@30C CPU@31.5C iwlwifi@32C PMIC@50C GPU@30C AO@41C thermal@31C POM_5V_IN 1689/1760 POM_5V_GPU 82/87 POM_5V_CPU 164/211
RAM 1385/3964MB (lfb 8x4MB) SWAP 765/6078MB (cached 37MB) IRAM 0/252kB(lfb 252kB) CPU [9%@921,6%@921,off,off] EMC_FREQ 0%@1600 GR3D_FREQ 0%@614 APE 25 PLL@30C CPU@31.5C iwlwifi@32C PMIC@50C GPU@30C AO@41C thermal@30.75C POM_5V_IN 1731/1760 POM_5V_GPU 82/87 POM_5V_CPU 164/211
RAM 1389/3964MB (lfb 8x4MB) SWAP 765/6078MB (cached 37MB) IRAM 0/252kB(lfb 252kB) CPU [8%@921,5%@921,off,off] EMC_FREQ 0%@1600 GR3D_FREQ 0%@614 APE 25 PLL@30C CPU@32C iwlwifi@32C PMIC@50C GPU@30C AO@41C thermal@30.75C POM_5V_IN 1689/1760 POM_5V_GPU 82/87 POM_5V_CPU 164/211
RAM 1389/3964MB (lfb 8x4MB) SWAP 765/6078MB (cached 37MB) IRAM 0/252kB(lfb 252kB) CPU [8%@921,6%@921,off,off] EMC_FREQ 0%@1600 GR3D_FREQ 0%@614 APE 25 PLL@30C CPU@31.5C iwlwifi@32C PMIC@50C GPU@30C AO@41C thermal@31C POM_5V_IN 1731/1760 POM_5V_GPU 82/87 POM_5V_CPU 164/211
RAM 1389/3964MB (lfb 8x4MB) SWAP 765/6078MB (cached 37MB) IRAM 0/252kB(lfb 252kB) CPU [9%@921,5%@921,off,off] EMC_FREQ 0%@1600 GR3D_FREQ 0%@614 APE 25 PLL@30C CPU@31.5C iwlwifi@32C PMIC@50C GPU@30C AO@41C thermal@31C POM_5V_IN 1689/1760 POM_5V_GPU 82/87 POM_5V_CPU 164/211
RAM 1385/3964MB (lfb 8x4MB) SWAP 765/6078MB (cached 37MB) IRAM 0/252kB(lfb 252kB) CPU [4%@921,8%@921,off,off] EMC_FREQ 0%@1600 GR3D_FREQ 0%@614 APE 25 PLL@30C CPU@31.5C iwlwifi@32C PMIC@50C GPU@30C AO@41C thermal@30.75C POM_5V_IN 1731/1760 POM_5V_GPU 82/87 POM_5V_CPU 164/211
RAM 1387/3964MB (lfb 8x4MB) SWAP 765/6078MB (cached 37MB) IRAM 0/252kB(lfb 252kB) CPU [6%@921,7%@921,off,off] EMC_FREQ 0%@1600 GR3D_FREQ 0%@614 APE 25 PLL@30C CPU@32C iwlwifi@32C PMIC@50C GPU@29.5C AO@41C thermal@30.75C POM_5V_IN 1689/1760 POM_5V_GPU 82/87 POM_5V_CPU 164/211
RAM 1387/3964MB (lfb 8x4MB) SWAP 765/6078MB (cached 37MB) IRAM 0/252kB(lfb 252kB) CPU [7%@921,7%@921,off,off] EMC_FREQ 0%@1600 GR3D_FREQ 0%@614 APE 25 PLL@30C CPU@31.5C iwlwifi@32C PMIC@50C GPU@30C AO@41C thermal@30.75C POM_5V_IN 1689/1759 POM_5V_GPU 82/87 POM_5V_CPU 164/210
RAM 1387/3964MB (lfb 8x4MB) SWAP 765/6078MB (cached 37MB) IRAM 0/252kB(lfb 252kB) CPU [8%@921,6%@921,off,off] EMC_FREQ 0%@1600 GR3D_FREQ 0%@614 APE 25 PLL@30C CPU@31.5C iwlwifi@32C PMIC@50C GPU@30C AO@41C thermal@30.75C POM_5V_IN 1731/1759 POM_5V_GPU 82/87 POM_5V_CPU 206/210
RAM 1387/3964MB (lfb 8x4MB) SWAP 765/6078MB (cached 37MB) IRAM 0/252kB(lfb 252kB) CPU [7%@921,7%@921,off,off] EMC_FREQ 0%@1600 GR3D_FREQ 0%@614 APE 25 PLL@30C CPU@31.5C iwlwifi@32C PMIC@50C GPU@30C AO@41C thermal@30.75C POM_5V_IN 1689/1759 POM_5V_GPU 82/87 POM_5V_CPU 164/210
RAM 1387/3964MB (lfb 8x4MB) SWAP 765/6078MB (cached 37MB) IRAM 0/252kB(lfb 252kB) CPU [6%@921,8%@921,off,off] EMC_FREQ 0%@1600 GR3D_FREQ 0%@614 APE 25 PLL@30C CPU@31.5C iwlwifi@32C PMIC@50C GPU@30C AO@41C thermal@30.5C POM_5V_IN 1689/1759 POM_5V_GPU 82/87 POM_5V_CPU 164/210
RAM 1388/3964MB (lfb 8x4MB) SWAP 765/6078MB (cached 37MB) IRAM 0/252kB(lfb 252kB) CPU [8%@921,6%@921,off,off] EMC_FREQ 0%@1600 GR3D_FREQ 0%@614 APE 25 PLL@30C CPU@31C iwlwifi@32C PMIC@50C GPU@30.5C AO@41C thermal@31C POM_5V_IN 1689/1759 POM_5V_GPU 82/87 POM_5V_CPU 164/210
RAM 1399/3964MB (lfb 8x4MB) SWAP 765/6078MB (cached 37MB) IRAM 0/252kB(lfb 252kB) CPU [7%@921,9%@921,off,off] EMC_FREQ 0%@1600 GR3D_FREQ 0%@614 APE 25 PLL@30C CPU@31.5C iwlwifi@32C PMIC@50C GPU@30C AO@41C thermal@30.75C POM_5V_IN 1689/1759 POM_5V_GPU 82/87 POM_5V_CPU 164/210
RAM 1388/3964MB (lfb 8x4MB) SWAP 765/6078MB (cached 37MB) IRAM 0/252kB(lfb 252kB) CPU [7%@921,9%@921,off,off] EMC_FREQ 0%@1600 GR3D_FREQ 0%@614 APE 25 PLL@30C CPU@32C iwlwifi@32C PMIC@50C GPU@30.5C AO@41C thermal@30.75C POM_5V_IN 1689/1759 POM_5V_GPU 82/87 POM_5V_CPU 164/210
RAM 1385/3964MB (lfb 8x4MB) SWAP 765/6078MB (cached 37MB) IRAM 0/252kB(lfb 252kB) CPU [7%@921,7%@921,off,off] EMC_FREQ 0%@1600 GR3D_FREQ 0%@614 APE 25 PLL@30C CPU@32C iwlwifi@32C PMIC@50C GPU@30C AO@41C thermal@30.75C POM_5V_IN 1689/1759 POM_5V_GPU 82/87 POM_5V_CPU 164/210
RAM 1385/3964MB (lfb 8x4MB) SWAP 765/6078MB (cached 37MB) IRAM 0/252kB(lfb 252kB) CPU [10%@921,4%@921,off,off] EMC_FREQ 0%@1600 GR3D_FREQ 0%@614 APE 25 PLL@30C CPU@32C iwlwifi@32C PMIC@50C GPU@30C AO@41C thermal@30.75C POM_5V_IN 1689/1759 POM_5V_GPU 82/87 POM_5V_CPU 164/210
RAM 1388/3964MB (lfb 8x4MB) SWAP 765/6078MB (cached 37MB) IRAM 0/252kB(lfb 252kB) CPU [6%@921,8%@921,off,off] EMC_FREQ 0%@1600 GR3D_FREQ 0%@614 APE 25 PLL@30C CPU@32C iwlwifi@32C PMIC@50C GPU@30C AO@41C thermal@31C POM_5V_IN 1731/1759 POM_5V_GPU 82/87 POM_5V_CPU 164/210
RAM 1388/3964MB (lfb 8x4MB) SWAP 765/6078MB (cached 37MB) IRAM 0/252kB(lfb 252kB) CPU [4%@921,9%@921,off,off] EMC_FREQ 0%@1600 GR3D_FREQ 0%@614 APE 25 PLL@30C CPU@31.5C iwlwifi@33C PMIC@50C GPU@30C AO@41.5C thermal@30.75C POM_5V_IN 1689/1759 POM_5V_GPU 82/87 POM_5V_CPU 164/210
RAM 1387/3964MB (lfb 8x4MB) SWAP 765/6078MB (cached 37MB) IRAM 0/252kB(lfb 252kB) CPU [9%@921,5%@921,off,off] EMC_FREQ 0%@1600 GR3D_FREQ 0%@614 APE 25 PLL@30C CPU@32C iwlwifi@32C PMIC@50C GPU@30C AO@41C thermal@30.75C POM_5V_IN 1689/1759 POM_5V_GPU 82/87 POM_5V_CPU 164/210
RAM 1385/3964MB (lfb 8x4MB) SWAP 765/6078MB (cached 37MB) IRAM 0/252kB(lfb 252kB) CPU [9%@921,4%@921,off,off] EMC_FREQ 0%@1600 GR3D_FREQ 0%@614 APE 25 PLL@30.5C CPU@31.5C iwlwifi@32C PMIC@50C GPU@30C AO@41C thermal@30.75C POM_5V_IN 1731/1759 POM_5V_GPU 82/87 POM_5V_CPU 164/210
RAM 1385/3964MB (lfb 8x4MB) SWAP 765/6078MB (cached 37MB) IRAM 0/252kB(lfb 252kB) CPU [8%@921,5%@921,off,off] EMC_FREQ 0%@1600 GR3D_FREQ 0%@614 APE 25 PLL@30C CPU@31C iwlwifi@32C PMIC@50C GPU@30C AO@41C thermal@30.75C POM_5V_IN 1934/1759 POM_5V_GPU 82/87 POM_5V_CPU 164/210
RAM 1388/3964MB (lfb 8x4MB) SWAP 765/6078MB (cached 37MB) IRAM 0/252kB(lfb 252kB) CPU [7%@921,7%@921,off,off] EMC_FREQ 0%@1600 GR3D_FREQ 0%@614 APE 25 PLL@30C CPU@31.5C iwlwifi@32C PMIC@50C GPU@30.5C AO@41.5C thermal@30.75C POM_5V_IN 1689/1759 POM_5V_GPU 82/87 POM_5V_CPU 123/210
RAM 1388/3964MB (lfb 8x4MB) SWAP 765/6078MB (cached 37MB) IRAM 0/252kB(lfb 252kB) CPU [5%@921,8%@921,off,off] EMC_FREQ 0%@1600 GR3D_FREQ 0%@614 APE 25 PLL@30C CPU@31.5C iwlwifi@32C PMIC@50C GPU@30C AO@41.5C thermal@30.75C POM_5V_IN 1689/1759 POM_5V_GPU 82/87 POM_5V_CPU 164/210
RAM 1389/3964MB (lfb 8x4MB) SWAP 765/6078MB (cached 37MB) IRAM 0/252kB(lfb 252kB) CPU [6%@921,7%@921,off,off] EMC_FREQ 0%@1600 GR3D_FREQ 0%@614 APE 25 PLL@30C CPU@31.5C iwlwifi@32C PMIC@50C GPU@30C AO@41C thermal@30.5C POM_5V_IN 1689/1759 POM_5V_GPU 82/87 POM_5V_CPU 164/210
RAM 1385/3964MB (lfb 8x4MB) SWAP 765/6078MB (cached 37MB) IRAM 0/252kB(lfb 252kB) CPU [7%@921,7%@921,off,off] EMC_FREQ 0%@1600 GR3D_FREQ 0%@614 APE 25 PLL@30C CPU@32C iwlwifi@32C PMIC@50C GPU@30C AO@41C thermal@30.75C POM_5V_IN 1975/1759 POM_5V_GPU 82/87 POM_5V_CPU 164/210
RAM 1387/3964MB (lfb 8x4MB) SWAP 765/6078MB (cached 37MB) IRAM 0/252kB(lfb 252kB) CPU [7%@921,7%@921,off,off] EMC_FREQ 0%@1600 GR3D_FREQ 0%@614 APE 25 PLL@30.5C CPU@31.5C iwlwifi@32C PMIC@50C GPU@30C AO@41C thermal@30.75C POM_5V_IN 1728/1759 POM_5V_GPU 82/87 POM_5V_CPU 164/210
RAM 1387/3964MB (lfb 8x4MB) SWAP 765/6078MB (cached 37MB) IRAM 0/252kB(lfb 252kB) CPU [6%@921,7%@921,off,off] EMC_FREQ 0%@1600 GR3D_FREQ 0%@614 APE 25 PLL@30C CPU@31.5C iwlwifi@32C PMIC@50C GPU@29.5C AO@41C thermal@30.75C POM_5V_IN 1689/1759 POM_5V_GPU 82/87 POM_5V_CPU 164/210
RAM 1386/3964MB (lfb 8x4MB) SWAP 765/6078MB (cached 37MB) IRAM 0/252kB(lfb 252kB) CPU [6%@921,8%@921,off,off] EMC_FREQ 0%@1600 GR3D_FREQ 0%@614 APE 25 PLL@30.5C CPU@31.5C iwlwifi@32C PMIC@50C GPU@30C AO@41C thermal@30.75C POM_5V_IN 1689/1759 POM_5V_GPU 82/87 POM_5V_CPU 164/210
RAM 1389/3964MB (lfb 8x4MB) SWAP 765/6078MB (cached 37MB) IRAM 0/252kB(lfb 252kB) CPU [6%@921,7%@921,off,off] EMC_FREQ 0%@1600 GR3D_FREQ 0%@614 APE 25 PLL@30C CPU@31.5C iwlwifi@32C PMIC@50C GPU@30C AO@41C thermal@30.75C POM_5V_IN 1689/1759 POM_5V_GPU 82/87 POM_5V_CPU 164/210
RAM 1389/3964MB (lfb 8x4MB) SWAP 765/6078MB (cached 37MB) IRAM 0/252kB(lfb 252kB) CPU [7%@921,7%@921,off,off] EMC_FREQ 0%@1600 GR3D_FREQ 0%@614 APE 25 PLL@30C CPU@31.5C iwlwifi@32C PMIC@50C GPU@30C AO@41C thermal@30.75C POM_5V_IN 1687/1759 POM_5V_GPU 82/87 POM_5V_CPU 164/210
RAM 1385/3964MB (lfb 8x4MB) SWAP 765/6078MB (cached 37MB) IRAM 0/252kB(lfb 252kB) CPU [7%@921,6%@921,off,off] EMC_FREQ 0%@1600 GR3D_FREQ 0%@614 APE 25 PLL@30.5C CPU@31.5C iwlwifi@32C PMIC@50C GPU@30C AO@41C thermal@31C POM_5V_IN 1689/1759 POM_5V_GPU 82/87 POM_5V_CPU 164/210
RAM 1388/3964MB (lfb 8x4MB) SWAP 765/6078MB (cached 37MB) IRAM 0/252kB(lfb 252kB) CPU [8%@921,6%@921,off,off] EMC_FREQ 0%@1600 GR3D_FREQ 0%@614 APE 25 PLL@30C CPU@31.5C iwlwifi@32C PMIC@50C GPU@30C AO@41C thermal@30.75C POM_5V_IN 1689/1759 POM_5V_GPU 82/87 POM_5V_CPU 164/210
RAM 1386/3964MB (lfb 8x4MB) SWAP 765/6078MB (cached 37MB) IRAM 0/252kB(lfb 252kB) CPU [7%@921,7%@921,off,off] EMC_FREQ 0%@1600 GR3D_FREQ 0%@614 APE 25 PLL@30.5C CPU@31.5C iwlwifi@32C PMIC@50C GPU@29.5C AO@41.5C thermal@30.5C POM_5V_IN 1689/1759 POM_5V_GPU 82/87 POM_5V_CPU 164/210
RAM 1389/3964MB (lfb 8x4MB) SWAP 765/6078MB (cached 37MB) IRAM 0/252kB(lfb 252kB) CPU [8%@921,7%@921,off,off] EMC_FREQ 0%@1600 GR3D_FREQ 0%@614 APE 25 PLL@30C CPU@31.5C iwlwifi@32C PMIC@50C GPU@30C AO@41C thermal@30.75C POM_5V_IN 1689/1759 POM_5V_GPU 82/87 POM_5V_CPU 164/210
RAM 1387/3964MB (lfb 8x4MB) SWAP 765/6078MB (cached 37MB) IRAM 0/252kB(lfb 252kB) CPU [7%@921,6%@921,off,off] EMC_FREQ 0%@1600 GR3D_FREQ 0%@614 APE 25 PLL@30C CPU@31.5C iwlwifi@33C PMIC@50C GPU@30C AO@41C thermal@30.75C POM_5V_IN 1689/1759 POM_5V_GPU 82/87 POM_5V_CPU 164/210
RAM 1385/3964MB (lfb 8x4MB) SWAP 765/6078MB (cached 37MB) IRAM 0/252kB(lfb 252kB) CPU [9%@921,5%@921,off,off] EMC_FREQ 0%@1600 GR3D_FREQ 0%@614 APE 25 PLL@30C CPU@31.5C iwlwifi@32C PMIC@50C GPU@29.5C AO@41C thermal@30.75C POM_5V_IN 1892/1759 POM_5V_GPU 82/87 POM_5V_CPU 164/210
RAM 1387/3964MB (lfb 8x4MB) SWAP 765/6078MB (cached 37MB) IRAM 0/252kB(lfb 252kB) CPU [6%@921,7%@921,off,off] EMC_FREQ 0%@1600 GR3D_FREQ 0%@614 APE 25 PLL@29.5C CPU@31C iwlwifi@32C PMIC@50C GPU@30C AO@41C thermal@30.75C POM_5V_IN 1689/1759 POM_5V_GPU 82/87 POM_5V_CPU 164/210
RAM 1385/3964MB (lfb 8x4MB) SWAP 765/6078MB (cached 37MB) IRAM 0/252kB(lfb 252kB) CPU [8%@921,5%@921,off,off] EMC_FREQ 0%@1600 GR3D_FREQ 0%@614 APE 25 PLL@30C CPU@31.5C iwlwifi@32C PMIC@50C GPU@30C AO@41C thermal@30.75C POM_5V_IN 1689/1759 POM_5V_GPU 82/87 POM_5V_CPU 164/210
RAM 1389/3964MB (lfb 8x4MB) SWAP 765/6078MB (cached 37MB) IRAM 0/252kB(lfb 252kB) CPU [8%@921,5%@921,off,off] EMC_FREQ 0%@1600 GR3D_FREQ 0%@614 APE 25 PLL@30C CPU@31.5C iwlwifi@32C PMIC@50C GPU@30C AO@41C thermal@30.75C POM_5V_IN 1689/1759 POM_5V_GPU 82/87 POM_5V_CPU 164/210
RAM 1396/3964MB (lfb 8x4MB) SWAP 763/6078MB (cached 38MB) IRAM 0/252kB(lfb 252kB) CPU [22%@921,19%@921,off,off] EMC_FREQ 0%@1600 GR3D_FREQ 0%@614 APE 25 PLL@30C CPU@31.5C iwlwifi@32C PMIC@50C GPU@30C AO@41.5C thermal@30.75C POM_5V_IN 1731/1759 POM_5V_GPU 82/87 POM_5V_CPU 164/210
RAM 1397/3964MB (lfb 8x4MB) SWAP 763/6078MB (cached 38MB) IRAM 0/252kB(lfb 252kB) CPU [6%@921,7%@921,off,off] EMC_FREQ 0%@1600 GR3D_FREQ 0%@614 APE 25 PLL@30.5C CPU@31.5C iwlwifi@33C PMIC@50C GPU@30.5C AO@41.5C thermal@31C POM_5V_IN 1731/1759 POM_5V_GPU 82/87 POM_5V_CPU 164/210
RAM 1395/3964MB (lfb 8x4MB) SWAP 763/6078MB (cached 38MB) IRAM 0/252kB(lfb 252kB) CPU [7%@921,7%@921,off,off] EMC_FREQ 0%@1600 GR3D_FREQ 0%@614 APE 25 PLL@30C CPU@31.5C iwlwifi@32C PMIC@50C GPU@30C AO@41.5C thermal@30.75C POM_5V_IN 1687/1759 POM_5V_GPU 82/87 POM_5V_CPU 164/210
RAM 1397/3964MB (lfb 8x4MB) SWAP 763/6078MB (cached 38MB) IRAM 0/252kB(lfb 252kB) CPU [6%@921,8%@921,off,off] EMC_FREQ 0%@1600 GR3D_FREQ 0%@614 APE 25 PLL@30C CPU@31.5C iwlwifi@32C PMIC@50C GPU@30C AO@41C thermal@30.5C POM_5V_IN 1731/1759 POM_5V_GPU 82/87 POM_5V_CPU 164/210
RAM 1393/3964MB (lfb 8x4MB) SWAP 763/6078MB (cached 38MB) IRAM 0/252kB(lfb 252kB) CPU [8%@921,6%@921,off,off] EMC_FREQ 0%@1600 GR3D_FREQ 0%@614 APE 25 PLL@30C CPU@31C iwlwifi@33C PMIC@50C GPU@30C AO@41C thermal@30.75C POM_5V_IN 1689/1759 POM_5V_GPU 82/87 POM_5V_CPU 164/210
RAM 1393/3964MB (lfb 8x4MB) SWAP 763/6078MB (cached 38MB) IRAM 0/252kB(lfb 252kB) CPU [6%@921,8%@921,off,off] EMC_FREQ 0%@1600 GR3D_FREQ 0%@614 APE 25 PLL@30C CPU@31.5C iwlwifi@32C PMIC@50C GPU@30C AO@41C thermal@30.75C POM_5V_IN 1728/1759 POM_5V_GPU 82/87 POM_5V_CPU 164/210
RAM 1393/3964MB (lfb 8x4MB) SWAP 763/6078MB (cached 38MB) IRAM 0/252kB(lfb 252kB) CPU [10%@921,5%@921,off,off] EMC_FREQ 0%@1600 GR3D_FREQ 0%@614 APE 25 PLL@30C CPU@31.5C iwlwifi@33C PMIC@50C GPU@30.5C AO@41C thermal@30.75C POM_5V_IN 1689/1759 POM_5V_GPU 82/87 POM_5V_CPU 164/210
RAM 1397/3964MB (lfb 8x4MB) SWAP 763/6078MB (cached 38MB) IRAM 0/252kB(lfb 252kB) CPU [9%@921,6%@921,off,off] EMC_FREQ 0%@1600 GR3D_FREQ 0%@614 APE 25 PLL@30C CPU@31.5C iwlwifi@33C PMIC@50C GPU@30C AO@41C thermal@31C POM_5V_IN 1689/1759 POM_5V_GPU 82/87 POM_5V_CPU 164/210
RAM 1397/3964MB (lfb 8x4MB) SWAP 763/6078MB (cached 38MB) IRAM 0/252kB(lfb 252kB) CPU [5%@921,8%@921,off,off] EMC_FREQ 0%@1600 GR3D_FREQ 0%@614 APE 25 PLL@30C CPU@31.5C iwlwifi@32C PMIC@50C GPU@30C AO@41C thermal@31C POM_5V_IN 1689/1759 POM_5V_GPU 82/87 POM_5V_CPU 164/210
RAM 1397/3964MB (lfb 8x4MB) SWAP 763/6078MB (cached 38MB) IRAM 0/252kB(lfb 252kB) CPU [9%@921,5%@921,off,off] EMC_FREQ 0%@1600 GR3D_FREQ 0%@614 APE 25 PLL@30C CPU@31.5C iwlwifi@32C PMIC@50C GPU@30.5C AO@41C thermal@30.75C POM_5V_IN 1689/1759 POM_5V_GPU 82/87 POM_5V_CPU 164/210
RAM 1395/3964MB (lfb 8x4MB) SWAP 763/6078MB (cached 38MB) IRAM 0/252kB(lfb 252kB) CPU [7%@921,7%@921,off,off] EMC_FREQ 0%@1600 GR3D_FREQ 0%@614 APE 25 PLL@30C CPU@31.5C iwlwifi@32C PMIC@50C GPU@30C AO@41C thermal@31.25C POM_5V_IN 1689/1759 POM_5V_GPU 82/87 POM_5V_CPU 164/210
RAM 1395/3964MB (lfb 8x4MB) SWAP 763/6078MB (cached 38MB) IRAM 0/252kB(lfb 252kB) CPU [7%@921,7%@921,off,off] EMC_FREQ 0%@1600 GR3D_FREQ 0%@614 APE 25 PLL@30C CPU@32C iwlwifi@33C PMIC@50C GPU@30.5C AO@41C thermal@31C POM_5V_IN 1689/1759 POM_5V_GPU 82/87 POM_5V_CPU 164/210
RAM 1397/3964MB (lfb 8x4MB) SWAP 763/6078MB (cached 38MB) IRAM 0/252kB(lfb 252kB) CPU [5%@921,8%@921,off,off] EMC_FREQ 0%@1600 GR3D_FREQ 0%@614 APE 25 PLL@30C CPU@31.5C iwlwifi@32C PMIC@50C GPU@30C AO@41C thermal@30.75C POM_5V_IN 1689/1759 POM_5V_GPU 82/87 POM_5V_CPU 164/210
RAM 1395/3964MB (lfb 8x4MB) SWAP 763/6078MB (cached 38MB) IRAM 0/252kB(lfb 252kB) CPU [5%@921,9%@921,off,off] EMC_FREQ 0%@1600 GR3D_FREQ 0%@614 APE 25 PLL@30C CPU@32C iwlwifi@32C PMIC@50C GPU@30C AO@40.5C thermal@31C POM_5V_IN 1689/1759 POM_5V_GPU 82/87 POM_5V_CPU 164/210
RAM 1395/3964MB (lfb 8x4MB) SWAP 763/6078MB (cached 38MB) IRAM 0/252kB(lfb 252kB) CPU [10%@921,3%@921,off,off] EMC_FREQ 0%@1600 GR3D_FREQ 0%@614 APE 25 PLL@30.5C CPU@31.5C iwlwifi@32C PMIC@50C GPU@30.5C AO@41.5C thermal@31C POM_5V_IN 1689/1759 POM_5V_GPU 82/87 POM_5V_CPU 164/210
RAM 1393/3964MB (lfb 8x4MB) SWAP 763/6078MB (cached 38MB) IRAM 0/252kB(lfb 252kB) CPU [7%@921,6%@921,off,off] EMC_FREQ 0%@1600 GR3D_FREQ 0%@614 APE 25 PLL@30C CPU@31.5C iwlwifi@32C PMIC@50C GPU@30C AO@41.5C thermal@30.75C POM_5V_IN 1689/1759 POM_5V_GPU 82/87 POM_5V_CPU 164/210
RAM 1397/3964MB (lfb 8x4MB) SWAP 763/6078MB (cached 38MB) IRAM 0/252kB(lfb 252kB) CPU [8%@921,6%@921,off,off] EMC_FREQ 0%@1600 GR3D_FREQ 0%@614 APE 25 PLL@30C CPU@31.5C iwlwifi@32C PMIC@50C GPU@30C AO@41C thermal@30.75C POM_5V_IN 1689/1759 POM_5V_GPU 82/87 POM_5V_CPU 164/210
RAM 1395/3964MB (lfb 8x4MB) SWAP 763/6078MB (cached 38MB) IRAM 0/252kB(lfb 252kB) CPU [8%@921,7%@921,off,off] EMC_FREQ 0%@1600 GR3D_FREQ 0%@614 APE 25 PLL@30C CPU@31.5C iwlwifi@32C PMIC@50C GPU@30C AO@41.5C thermal@31C POM_5V_IN 1689/1759 POM_5V_GPU 82/87 POM_5V_CPU 123/210
RAM 1395/3964MB (lfb 8x4MB) SWAP 763/6078MB (cached 38MB) IRAM 0/252kB(lfb 252kB) CPU [6%@921,7%@921,off,off] EMC_FREQ 0%@1600 GR3D_FREQ 0%@614 APE 25 PLL@29.5C CPU@31.5C iwlwifi@32C PMIC@50C GPU@30C AO@41C thermal@30.75C POM_5V_IN 1689/1759 POM_5V_GPU 82/87 POM_5V_CPU 164/210
RAM 1397/3964MB (lfb 8x4MB) SWAP 763/6078MB (cached 38MB) IRAM 0/252kB(lfb 252kB) CPU [5%@921,8%@921,off,off] EMC_FREQ 0%@1600 GR3D_FREQ 0%@614 APE 25 PLL@30C CPU@32C iwlwifi@32C PMIC@50C GPU@30C AO@41.5C thermal@30.75C POM_5V_IN 1689/1759 POM_5V_GPU 82/87 POM_5V_CPU 164/210
RAM 1393/3964MB (lfb 8x4MB) SWAP 763/6078MB (cached 38MB) IRAM 0/252kB(lfb 252kB) CPU [8%@921,6%@921,off,off] EMC_FREQ 0%@1600 GR3D_FREQ 0%@614 APE 25 PLL@30C CPU@32C iwlwifi@33C PMIC@50C GPU@30C AO@41C thermal@30.75C POM_5V_IN 1689/1758 POM_5V_GPU 82/87 POM_5V_CPU 164/210
RAM 1395/3964MB (lfb 8x4MB) SWAP 763/6078MB (cached 38MB) IRAM 0/252kB(lfb 252kB) CPU [6%@921,8%@921,off,off] EMC_FREQ 0%@1600 GR3D_FREQ 0%@614 APE 25 PLL@29.5C CPU@31.5C iwlwifi@33C PMIC@50C GPU@30.5C AO@41.5C thermal@31C POM_5V_IN 1728/1758 POM_5V_GPU 82/87 POM_5V_CPU 164/210
RAM 1395/3964MB (lfb 8x4MB) SWAP 763/6078MB (cached 38MB) IRAM 0/252kB(lfb 252kB) CPU [8%@921,7%@921,off,off] EMC_FREQ 0%@1600 GR3D_FREQ 0%@614 APE 25 PLL@30C CPU@32C iwlwifi@32C PMIC@50C GPU@30.5C AO@41C thermal@31C POM_5V_IN 1689/1758 POM_5V_GPU 82/87 POM_5V_CPU 164/209
RAM 1395/3964MB (lfb 8x4MB) SWAP 763/6078MB (cached 38MB) IRAM 0/252kB(lfb 252kB) CPU [7%@921,7%@921,off,off] EMC_FREQ 0%@1600 GR3D_FREQ 0%@614 APE 25 PLL@30C CPU@31.5C iwlwifi@32C PMIC@50C GPU@30C AO@41.5C thermal@30.75C POM_5V_IN 1689/1758 POM_5V_GPU 82/87 POM_5V_CPU 164/209
RAM 1393/3964MB (lfb 8x4MB) SWAP 763/6078MB (cached 38MB) IRAM 0/252kB(lfb 252kB) CPU [10%@921,3%@921,off,off] EMC_FREQ 0%@1600 GR3D_FREQ 0%@614 APE 25 PLL@30C CPU@31.5C iwlwifi@32C PMIC@50C GPU@30.5C AO@41C thermal@31C POM_5V_IN 1687/1758 POM_5V_GPU 82/87 POM_5V_CPU 164/209
RAM 1393/3964MB (lfb 8x4MB) SWAP 763/6078MB (cached 38MB) IRAM 0/252kB(lfb 252kB) CPU [7%@921,7%@921,off,off] EMC_FREQ 0%@1600 GR3D_FREQ 0%@614 APE 25 PLL@30.5C CPU@32C iwlwifi@32C PMIC@50C GPU@30C AO@41.5C thermal@31C POM_5V_IN 1689/1758 POM_5V_GPU 82/87 POM_5V_CPU 164/209
RAM 1395/3964MB (lfb 8x4MB) SWAP 763/6078MB (cached 38MB) IRAM 0/252kB(lfb 252kB) CPU [5%@921,8%@921,off,off] EMC_FREQ 0%@1600 GR3D_FREQ 0%@614 APE 25 PLL@30C CPU@31.5C iwlwifi@32C PMIC@50C GPU@30C AO@41C thermal@30.75C POM_5V_IN 1687/1758 POM_5V_GPU 82/87 POM_5V_CPU 123/209
RAM 1397/3964MB (lfb 8x4MB) SWAP 763/6078MB (cached 38MB) IRAM 0/252kB(lfb 252kB) CPU [5%@921,9%@921,off,off] EMC_FREQ 0%@1600 GR3D_FREQ 0%@614 APE 25 PLL@30C CPU@31.5C iwlwifi@32C PMIC@50C GPU@30C AO@41C thermal@30.75C POM_5V_IN 1689/1758 POM_5V_GPU 82/87 POM_5V_CPU 164/209
RAM 1393/3964MB (lfb 8x4MB) SWAP 763/6078MB (cached 38MB) IRAM 0/252kB(lfb 252kB) CPU [7%@921,7%@921,off,off] EMC_FREQ 0%@1600 GR3D_FREQ 0%@614 APE 25 PLL@30C CPU@31.5C iwlwifi@32C PMIC@50C GPU@30C AO@41C thermal@30.75C POM_5V_IN 1689/1758 POM_5V_GPU 82/87 POM_5V_CPU 164/209
RAM 1397/3964MB (lfb 8x4MB) SWAP 763/6078MB (cached 38MB) IRAM 0/252kB(lfb 252kB) CPU [6%@921,7%@921,off,off] EMC_FREQ 0%@1600 GR3D_FREQ 0%@614 APE 25 PLL@30C CPU@31.5C iwlwifi@32C PMIC@50C GPU@30C AO@41C thermal@30.75C POM_5V_IN 2013/1758 POM_5V_GPU 82/87 POM_5V_CPU 164/209
RAM 1393/3964MB (lfb 8x4MB) SWAP 763/6078MB (cached 38MB) IRAM 0/252kB(lfb 252kB) CPU [7%@921,7%@921,off,off] EMC_FREQ 0%@1600 GR3D_FREQ 0%@614 APE 25 PLL@30C CPU@31.5C iwlwifi@32C PMIC@50C GPU@30C AO@41C thermal@31C POM_5V_IN 1689/1758 POM_5V_GPU 82/87 POM_5V_CPU 164/209
RAM 1396/3964MB (lfb 8x4MB) SWAP 763/6078MB (cached 38MB) IRAM 0/252kB(lfb 252kB) CPU [4%@921,9%@921,off,off] EMC_FREQ 0%@1600 GR3D_FREQ 0%@614 APE 25 PLL@30C CPU@32C iwlwifi@32C PMIC@50C GPU@30C AO@41.5C thermal@31C POM_5V_IN 1689/1758 POM_5V_GPU 82/87 POM_5V_CPU 164/209
RAM 1396/3964MB (lfb 8x4MB) SWAP 763/6078MB (cached 38MB) IRAM 0/252kB(lfb 252kB) CPU [9%@921,5%@921,off,off] EMC_FREQ 0%@1600 GR3D_FREQ 0%@614 APE 25 PLL@30C CPU@31.5C iwlwifi@32C PMIC@50C GPU@30.5C AO@41.5C thermal@30.75C POM_5V_IN 1689/1758 POM_5V_GPU 82/87 POM_5V_CPU 164/209
RAM 1395/3964MB (lfb 8x4MB) SWAP 763/6078MB (cached 38MB) IRAM 0/252kB(lfb 252kB) CPU [7%@921,7%@921,off,off] EMC_FREQ 0%@1600 GR3D_FREQ 0%@614 APE 25 PLL@30C CPU@31.5C iwlwifi@32C PMIC@50C GPU@30C AO@41C thermal@30.75C POM_5V_IN 1689/1758 POM_5V_GPU 82/87 POM_5V_CPU 164/209
RAM 1397/3964MB (lfb 8x4MB) SWAP 763/6078MB (cached 38MB) IRAM 0/252kB(lfb 252kB) CPU [8%@921,5%@921,off,off] EMC_FREQ 0%@1600 GR3D_FREQ 0%@614 APE 25 PLL@29.5C CPU@32C iwlwifi@32C PMIC@50C GPU@30C AO@41C thermal@30.5C POM_5V_IN 1731/1758 POM_5V_GPU 82/87 POM_5V_CPU 164/209
RAM 1395/3964MB (lfb 8x4MB) SWAP 763/6078MB (cached 38MB) IRAM 0/252kB(lfb 252kB) CPU [6%@921,7%@921,off,off] EMC_FREQ 0%@1600 GR3D_FREQ 0%@614 APE 25 PLL@30C CPU@31.5C iwlwifi@32C PMIC@50C GPU@30.5C AO@40.5C thermal@31.25C POM_5V_IN 1689/1758 POM_5V_GPU 82/87 POM_5V_CPU 164/209
RAM 1397/3964MB (lfb 8x4MB) SWAP 763/6078MB (cached 38MB) IRAM 0/252kB(lfb 252kB) CPU [8%@921,5%@921,off,off] EMC_FREQ 0%@1600 GR3D_FREQ 0%@614 APE 25 PLL@30C CPU@32C iwlwifi@32C PMIC@50C GPU@30C AO@41C thermal@31C POM_5V_IN 1689/1758 POM_5V_GPU 82/87 POM_5V_CPU 164/209
RAM 1397/3964MB (lfb 8x4MB) SWAP 763/6078MB (cached 38MB) IRAM 0/252kB(lfb 252kB) CPU [7%@921,6%@921,off,off] EMC_FREQ 0%@1600 GR3D_FREQ 0%@614 APE 25 PLL@30C CPU@31.5C iwlwifi@32C PMIC@50C GPU@30C AO@41C thermal@30.75C POM_5V_IN 1689/1758 POM_5V_GPU 82/87 POM_5V_CPU 164/209
RAM 1392/3964MB (lfb 8x4MB) SWAP 763/6078MB (cached 38MB) IRAM 0/252kB(lfb 252kB) CPU [7%@921,7%@921,off,off] EMC_FREQ 0%@1600 GR3D_FREQ 0%@614 APE 25 PLL@30C CPU@31.5C iwlwifi@32C PMIC@50C GPU@30.5C AO@41C thermal@31C POM_5V_IN 1731/1758 POM_5V_GPU 82/87 POM_5V_CPU 164/209
RAM 1396/3964MB (lfb 8x4MB) SWAP 763/6078MB (cached 38MB) IRAM 0/252kB(lfb 252kB) CPU [6%@921,7%@921,off,off] EMC_FREQ 0%@1600 GR3D_FREQ 0%@614 APE 25 PLL@30C CPU@31.5C iwlwifi@32C PMIC@50C GPU@30.5C AO@41.5C thermal@30.75C POM_5V_IN 1689/1758 POM_5V_GPU 82/87 POM_5V_CPU 164/209
RAM 1397/3964MB (lfb 8x4MB) SWAP 763/6078MB (cached 38MB) IRAM 0/252kB(lfb 252kB) CPU [6%@921,7%@921,off,off] EMC_FREQ 0%@1600 GR3D_FREQ 0%@614 APE 25 PLL@30C CPU@31.5C iwlwifi@32C PMIC@50C GPU@30C AO@41.5C thermal@31C POM_5V_IN 1689/1758 POM_5V_GPU 82/87 POM_5V_CPU 164/209
RAM 1393/3964MB (lfb 8x4MB) SWAP 763/6078MB (cached 38MB) IRAM 0/252kB(lfb 252kB) CPU [9%@921,5%@921,off,off] EMC_FREQ 0%@1600 GR3D_FREQ 0%@614 APE 25 PLL@30C CPU@31.5C iwlwifi@32C PMIC@50C GPU@30C AO@41.5C thermal@30.75C POM_5V_IN 1851/1758 POM_5V_GPU 82/87 POM_5V_CPU 164/209
RAM 1395/3964MB (lfb 8x4MB) SWAP 763/6078MB (cached 38MB) IRAM 0/252kB(lfb 252kB) CPU [6%@921,7%@921,off,off] EMC_FREQ 0%@1600 GR3D_FREQ 0%@614 APE 25 PLL@30.5C CPU@31.5C iwlwifi@32C PMIC@50C GPU@30C AO@41C thermal@30.75C POM_5V_IN 1689/1758 POM_5V_GPU 82/87 POM_5V_CPU 164/209
RAM 1397/3964MB (lfb 8x4MB) SWAP 763/6078MB (cached 38MB) IRAM 0/252kB(lfb 252kB) CPU [6%@921,8%@921,off,off] EMC_FREQ 0%@1600 GR3D_FREQ 0%@614 APE 25 PLL@29.5C CPU@31.5C iwlwifi@32C PMIC@50C GPU@30C AO@41C thermal@31C POM_5V_IN 1689/1758 POM_5V_GPU 82/87 POM_5V_CPU 164/209
RAM 1393/3964MB (lfb 8x4MB) SWAP 763/6078MB (cached 38MB) IRAM 0/252kB(lfb 252kB) CPU [7%@921,6%@921,off,off] EMC_FREQ 0%@1600 GR3D_FREQ 0%@614 APE 25 PLL@30C CPU@31.5C iwlwifi@32C PMIC@50C GPU@30C AO@41.5C thermal@30.75C POM_5V_IN 1689/1758 POM_5V_GPU 82/87 POM_5V_CPU 164/209
RAM 1393/3964MB (lfb 8x4MB) SWAP 763/6078MB (cached 38MB) IRAM 0/252kB(lfb 252kB) CPU [7%@921,7%@921,off,off] EMC_FREQ 0%@1600 GR3D_FREQ 0%@614 APE 25 PLL@30C CPU@31C iwlwifi@32C PMIC@50C GPU@30C AO@41C thermal@30.75C POM_5V_IN 1975/1758 POM_5V_GPU 82/87 POM_5V_CPU 164/209
RAM 1397/3964MB (lfb 8x4MB) SWAP 763/6078MB (cached 38MB) IRAM 0/252kB(lfb 252kB) CPU [7%@921,5%@921,off,off] EMC_FREQ 0%@1600 GR3D_FREQ 0%@614 APE 25 PLL@30C CPU@31.5C iwlwifi@32C PMIC@50C GPU@30.5C AO@41C thermal@30.75C POM_5V_IN 1689/1758 POM_5V_GPU 82/87 POM_5V_CPU 164/209
RAM 1395/3964MB (lfb 8x4MB) SWAP 763/6078MB (cached 38MB) IRAM 0/252kB(lfb 252kB) CPU [8%@921,6%@921,off,off] EMC_FREQ 0%@1600 GR3D_FREQ 0%@614 APE 25 PLL@30C CPU@31.5C iwlwifi@32C PMIC@50C GPU@30.5C AO@41.5C thermal@30.75C POM_5V_IN 1689/1758 POM_5V_GPU 82/87 POM_5V_CPU 164/209
RAM 1396/3964MB (lfb 8x4MB) SWAP 763/6078MB (cached 38MB) IRAM 0/252kB(lfb 252kB) CPU [5%@921,8%@921,off,off] EMC_FREQ 0%@1600 GR3D_FREQ 0%@614 APE 25 PLL@30C CPU@31.5C iwlwifi@32C PMIC@50C GPU@30C AO@41C thermal@31C POM_5V_IN 1731/1758 POM_5V_GPU 82/87 POM_5V_CPU 164/209
RAM 1393/3964MB (lfb 8x4MB) SWAP 763/6078MB (cached 38MB) IRAM 0/252kB(lfb 252kB) CPU [5%@921,8%@921,off,off] EMC_FREQ 0%@1600 GR3D_FREQ 0%@614 APE 25 PLL@30C CPU@31.5C iwlwifi@32C PMIC@50C GPU@30C AO@41C thermal@31C POM_5V_IN 1689/1758 POM_5V_GPU 82/87 POM_5V_CPU 164/209
RAM 1395/3964MB (lfb 8x4MB) SWAP 763/6078MB (cached 38MB) IRAM 0/252kB(lfb 252kB) CPU [6%@921,7%@921,off,off] EMC_FREQ 0%@1600 GR3D_FREQ 0%@614 APE 25 PLL@30C CPU@31.5C iwlwifi@32C PMIC@50C GPU@30C AO@41C thermal@30.75C POM_5V_IN 1689/1758 POM_5V_GPU 82/87 POM_5V_CPU 123/209
RAM 1395/3964MB (lfb 8x4MB) SWAP 763/6078MB (cached 38MB) IRAM 0/252kB(lfb 252kB) CPU [7%@921,7%@921,off,off] EMC_FREQ 0%@1600 GR3D_FREQ 0%@614 APE 25 PLL@30C CPU@32C iwlwifi@32C PMIC@50C GPU@30.5C AO@41C thermal@31C POM_5V_IN 1689/1758 POM_5V_GPU 82/87 POM_5V_CPU 164/209
RAM 1397/3964MB (lfb 8x4MB) SWAP 763/6078MB (cached 38MB) IRAM 0/252kB(lfb 252kB) CPU [5%@921,8%@921,off,off] EMC_FREQ 0%@1600 GR3D_FREQ 0%@614 APE 25 PLL@30C CPU@31.5C iwlwifi@32C PMIC@50C GPU@30C AO@41C thermal@31C POM_5V_IN 1731/1758 POM_5V_GPU 82/87 POM_5V_CPU 164/209
RAM 1395/3964MB (lfb 8x4MB) SWAP 763/6078MB (cached 38MB) IRAM 0/252kB(lfb 252kB) CPU [7%@921,6%@921,off,off] EMC_FREQ 0%@1600 GR3D_FREQ 0%@614 APE 25 PLL@30C CPU@31.5C iwlwifi@32C PMIC@50C GPU@30C AO@41C thermal@30.75C POM_5V_IN 1689/1758 POM_5V_GPU 82/87 POM_5V_CPU 164/209
RAM 1393/3964MB (lfb 8x4MB) SWAP 763/6078MB (cached 38MB) IRAM 0/252kB(lfb 252kB) CPU [7%@921,7%@921,off,off] EMC_FREQ 0%@1600 GR3D_FREQ 0%@614 APE 25 PLL@30C CPU@31.5C iwlwifi@32C PMIC@50C GPU@30C AO@41C thermal@30.75C POM_5V_IN 1689/1758 POM_5V_GPU 82/87 POM_5V_CPU 164/209
RAM 1395/3964MB (lfb 8x4MB) SWAP 763/6078MB (cached 38MB) IRAM 0/252kB(lfb 252kB) CPU [7%@921,6%@921,off,off] EMC_FREQ 0%@1600 GR3D_FREQ 0%@614 APE 25 PLL@30C CPU@31.5C iwlwifi@32C PMIC@50C GPU@30C AO@41C thermal@30.5C POM_5V_IN 1689/1758 POM_5V_GPU 82/87 POM_5V_CPU 164/209
RAM 1396/3964MB (lfb 8x4MB) SWAP 763/6078MB (cached 38MB) IRAM 0/252kB(lfb 252kB) CPU [8%@921,5%@921,off,off] EMC_FREQ 0%@1600 GR3D_FREQ 0%@614 APE 25 PLL@30C CPU@31.5C iwlwifi@32C PMIC@50C GPU@30C AO@41C thermal@30.75C POM_5V_IN 1689/1758 POM_5V_GPU 82/87 POM_5V_CPU 164/209
RAM 1396/3964MB (lfb 8x4MB) SWAP 763/6078MB (cached 38MB) IRAM 0/252kB(lfb 252kB) CPU [5%@921,8%@921,off,off] EMC_FREQ 0%@1600 GR3D_FREQ 0%@614 APE 25 PLL@30C CPU@31.5C iwlwifi@32C PMIC@50C GPU@30C AO@41C thermal@31C POM_5V_IN 1689/1758 POM_5V_GPU 82/87 POM_5V_CPU 164/209
RAM 1397/3964MB (lfb 8x4MB) SWAP 763/6078MB (cached 38MB) IRAM 0/252kB(lfb 252kB) CPU [5%@921,9%@921,off,off] EMC_FREQ 0%@1600 GR3D_FREQ 0%@614 APE 25 PLL@30.5C CPU@31.5C iwlwifi@32C PMIC@50C GPU@30.5C AO@41C thermal@31C POM_5V_IN 1689/1758 POM_5V_GPU 82/87 POM_5V_CPU 164/209
RAM 1398/3964MB (lfb 8x4MB) SWAP 763/6078MB (cached 38MB) IRAM 0/252kB(lfb 252kB) CPU [6%@921,7%@921,off,off] EMC_FREQ 0%@1600 GR3D_FREQ 0%@614 APE 25 PLL@30C CPU@31.5C iwlwifi@32C PMIC@50C GPU@30C AO@41C thermal@30.75C POM_5V_IN 1689/1758 POM_5V_GPU 82/87 POM_5V_CPU 164/209
RAM 1398/3964MB (lfb 8x4MB) SWAP 763/6078MB (cached 38MB) IRAM 0/252kB(lfb 252kB) CPU [6%@921,8%@921,off,off] EMC_FREQ 0%@1600 GR3D_FREQ 0%@614 APE 25 PLL@30C CPU@31.5C iwlwifi@32C PMIC@50C GPU@30C AO@41C thermal@31.25C POM_5V_IN 1689/1758 POM_5V_GPU 82/87 POM_5V_CPU 123/209
RAM 1395/3964MB (lfb 8x4MB) SWAP 763/6078MB (cached 38MB) IRAM 0/252kB(lfb 252kB) CPU [8%@921,6%@921,off,off] EMC_FREQ 0%@1600 GR3D_FREQ 0%@614 APE 25 PLL@30C CPU@31.5C iwlwifi@32C PMIC@50C GPU@30C AO@41C thermal@30.75C POM_5V_IN 1689/1758 POM_5V_GPU 82/87 POM_5V_CPU 164/209
RAM 1395/3964MB (lfb 8x4MB) SWAP 763/6078MB (cached 38MB) IRAM 0/252kB(lfb 252kB) CPU [8%@921,6%@921,off,off] EMC_FREQ 0%@1600 GR3D_FREQ 0%@614 APE 25 PLL@30C CPU@31.5C iwlwifi@32C PMIC@50C GPU@30C AO@41C thermal@30.75C POM_5V_IN 1689/1758 POM_5V_GPU 82/87 POM_5V_CPU 164/209
RAM 1393/3964MB (lfb 8x4MB) SWAP 763/6078MB (cached 38MB) IRAM 0/252kB(lfb 252kB) CPU [6%@921,7%@921,off,off] EMC_FREQ 0%@1600 GR3D_FREQ 0%@614 APE 25 PLL@30C CPU@31C iwlwifi@32C PMIC@50C GPU@30C AO@41C thermal@30.75C POM_5V_IN 1689/1758 POM_5V_GPU 82/87 POM_5V_CPU 164/209
RAM 1397/3964MB (lfb 8x4MB) SWAP 763/6078MB (cached 38MB) IRAM 0/252kB(lfb 252kB) CPU [8%@921,7%@921,off,off] EMC_FREQ 0%@1600 GR3D_FREQ 0%@614 APE 25 PLL@30C CPU@31.5C iwlwifi@32C PMIC@50C GPU@30C AO@41C thermal@31C POM_5V_IN 1689/1758 POM_5V_GPU 82/87 POM_5V_CPU 164/209
RAM 1393/3964MB (lfb 8x4MB) SWAP 763/6078MB (cached 38MB) IRAM 0/252kB(lfb 252kB) CPU [5%@921,8%@921,off,off] EMC_FREQ 0%@1600 GR3D_FREQ 0%@614 APE 25 PLL@30C CPU@31C iwlwifi@32C PMIC@50C GPU@30C AO@41C thermal@31C POM_5V_IN 1689/1758 POM_5V_GPU 82/87 POM_5V_CPU 164/209
RAM 1393/3964MB (lfb 8x4MB) SWAP 763/6078MB (cached 38MB) IRAM 0/252kB(lfb 252kB) CPU [8%@921,6%@921,off,off] EMC_FREQ 0%@1600 GR3D_FREQ 0%@614 APE 25 PLL@30C CPU@32C iwlwifi@32C PMIC@50C GPU@30.5C AO@41C thermal@31C POM_5V_IN 1689/1758 POM_5V_GPU 82/87 POM_5V_CPU 123/209
RAM 1397/3964MB (lfb 8x4MB) SWAP 763/6078MB (cached 38MB) IRAM 0/252kB(lfb 252kB) CPU [8%@921,5%@921,off,off] EMC_FREQ 0%@1600 GR3D_FREQ 0%@614 APE 25 PLL@30.5C CPU@31.5C iwlwifi@32C PMIC@50C GPU@30C AO@41C thermal@30.75C POM_5V_IN 1689/1758 POM_5V_GPU 82/87 POM_5V_CPU 164/209
RAM 1393/3964MB (lfb 8x4MB) SWAP 763/6078MB (cached 38MB) IRAM 0/252kB(lfb 252kB) CPU [6%@921,7%@921,off,off] EMC_FREQ 0%@1600 GR3D_FREQ 0%@614 APE 25 PLL@30C CPU@31.5C iwlwifi@32C PMIC@50C GPU@30C AO@41C thermal@30.75C POM_5V_IN 1689/1758 POM_5V_GPU 82/87 POM_5V_CPU 123/209
RAM 1395/3964MB (lfb 8x4MB) SWAP 763/6078MB (cached 38MB) IRAM 0/252kB(lfb 252kB) CPU [8%@921,6%@921,off,off] EMC_FREQ 0%@1600 GR3D_FREQ 0%@614 APE 25 PLL@30C CPU@31.5C iwlwifi@32C PMIC@50C GPU@30C AO@41C thermal@30.75C POM_5V_IN 1689/1758 POM_5V_GPU 82/87 POM_5V_CPU 164/209
RAM 1393/3964MB (lfb 8x4MB) SWAP 763/6078MB (cached 38MB) IRAM 0/252kB(lfb 252kB) CPU [6%@921,7%@921,off,off] EMC_FREQ 0%@1600 GR3D_FREQ 0%@614 APE 25 PLL@30C CPU@31.5C iwlwifi@32C PMIC@50C GPU@30C AO@41C thermal@30.75C POM_5V_IN 1689/1758 POM_5V_GPU 82/87 POM_5V_CPU 164/209
RAM 1393/3964MB (lfb 8x4MB) SWAP 763/6078MB (cached 38MB) IRAM 0/252kB(lfb 252kB) CPU [6%@921,8%@921,off,off] EMC_FREQ 0%@1600 GR3D_FREQ 0%@614 APE 25 PLL@30C CPU@31.5C iwlwifi@32C PMIC@50C GPU@30C AO@41C thermal@30.5C POM_5V_IN 1731/1758 POM_5V_GPU 82/87 POM_5V_CPU 164/209
RAM 1395/3964MB (lfb 8x4MB) SWAP 763/6078MB (cached 38MB) IRAM 0/252kB(lfb 252kB) CPU [7%@921,6%@921,off,off] EMC_FREQ 0%@1600 GR3D_FREQ 0%@614 APE 25 PLL@30C CPU@31.5C iwlwifi@32C PMIC@50C GPU@30C AO@41C thermal@31C POM_5V_IN 1731/1758 POM_5V_GPU 82/87 POM_5V_CPU 164/209
RAM 1397/3964MB (lfb 8x4MB) SWAP 763/6078MB (cached 38MB) IRAM 0/252kB(lfb 252kB) CPU [6%@921,7%@921,off,off] EMC_FREQ 0%@1600 GR3D_FREQ 0%@614 APE 25 PLL@30C CPU@32C iwlwifi@32C PMIC@50C GPU@30C AO@41C thermal@30.75C POM_5V_IN 1689/1757 POM_5V_GPU 82/87 POM_5V_CPU 164/209
RAM 1397/3964MB (lfb 8x4MB) SWAP 763/6078MB (cached 38MB) IRAM 0/252kB(lfb 252kB) CPU [6%@921,7%@921,off,off] EMC_FREQ 0%@1600 GR3D_FREQ 0%@614 APE 25 PLL@30C CPU@31.5C iwlwifi@32C PMIC@50C GPU@30C AO@40.5C thermal@30.75C POM_5V_IN 1689/1757 POM_5V_GPU 82/87 POM_5V_CPU 164/209
RAM 1395/3964MB (lfb 8x4MB) SWAP 763/6078MB (cached 38MB) IRAM 0/252kB(lfb 252kB) CPU [6%@921,8%@921,off,off] EMC_FREQ 0%@1600 GR3D_FREQ 0%@614 APE 25 PLL@30C CPU@31C iwlwifi@32C PMIC@50C GPU@30C AO@41C thermal@30.75C POM_5V_IN 1689/1757 POM_5V_GPU 82/87 POM_5V_CPU 123/208
RAM 1395/3964MB (lfb 8x4MB) SWAP 763/6078MB (cached 38MB) IRAM 0/252kB(lfb 252kB) CPU [8%@921,6%@921,off,off] EMC_FREQ 0%@1600 GR3D_FREQ 0%@614 APE 25 PLL@30C CPU@31.5C iwlwifi@32C PMIC@50C GPU@30.5C AO@41C thermal@30.75C POM_5V_IN 1689/1757 POM_5V_GPU 82/87 POM_5V_CPU 164/208
RAM 1395/3964MB (lfb 8x4MB) SWAP 763/6078MB (cached 38MB) IRAM 0/252kB(lfb 252kB) CPU [7%@921,8%@921,off,off] EMC_FREQ 0%@1600 GR3D_FREQ 0%@614 APE 25 PLL@30.5C CPU@31.5C iwlwifi@32C PMIC@50C GPU@30C AO@41C thermal@31C POM_5V_IN 1689/1757 POM_5V_GPU 82/87 POM_5V_CPU 123/208
RAM 1395/3964MB (lfb 8x4MB) SWAP 763/6078MB (cached 38MB) IRAM 0/252kB(lfb 252kB) CPU [5%@921,8%@921,off,off] EMC_FREQ 0%@1600 GR3D_FREQ 0%@614 APE 25 PLL@30C CPU@31.5C iwlwifi@32C PMIC@50C GPU@30C AO@41.5C thermal@30.75C POM_5V_IN 1689/1757 POM_5V_GPU 82/87 POM_5V_CPU 164/208
RAM 1397/3964MB (lfb 8x4MB) SWAP 763/6078MB (cached 38MB) IRAM 0/252kB(lfb 252kB) CPU [7%@921,6%@921,off,off] EMC_FREQ 0%@1600 GR3D_FREQ 0%@614 APE 25 PLL@30C CPU@31.5C iwlwifi@32C PMIC@50C GPU@30C AO@41C thermal@30.75C POM_5V_IN 1689/1757 POM_5V_GPU 82/87 POM_5V_CPU 164/208
RAM 1398/3964MB (lfb 8x4MB) SWAP 763/6078MB (cached 38MB) IRAM 0/252kB(lfb 252kB) CPU [7%@921,5%@921,off,off] EMC_FREQ 0%@1600 GR3D_FREQ 0%@614 APE 25 PLL@30C CPU@31C iwlwifi@32C PMIC@50C GPU@30C AO@41C thermal@31C POM_5V_IN 1689/1757 POM_5V_GPU 82/87 POM_5V_CPU 164/208
RAM 1394/3964MB (lfb 8x4MB) SWAP 763/6078MB (cached 38MB) IRAM 0/252kB(lfb 252kB) CPU [10%@921,4%@921,off,off] EMC_FREQ 0%@1600 GR3D_FREQ 0%@614 APE 25 PLL@30C CPU@31.5C iwlwifi@32C PMIC@50C GPU@30C AO@41C thermal@30.75C POM_5V_IN 1731/1757 POM_5V_GPU 82/87 POM_5V_CPU 164/208
RAM 1393/3964MB (lfb 8x4MB) SWAP 763/6078MB (cached 38MB) IRAM 0/252kB(lfb 252kB) CPU [7%@921,6%@921,off,off] EMC_FREQ 0%@1600 GR3D_FREQ 0%@614 APE 25 PLL@30C CPU@31.5C iwlwifi@32C PMIC@50C GPU@30C AO@41.5C thermal@30.75C POM_5V_IN 1689/1757 POM_5V_GPU 82/87 POM_5V_CPU 164/208
RAM 1395/3964MB (lfb 8x4MB) SWAP 763/6078MB (cached 38MB) IRAM 0/252kB(lfb 252kB) CPU [7%@921,7%@921,off,off] EMC_FREQ 0%@1600 GR3D_FREQ 0%@614 APE 25 PLL@30C CPU@31.5C iwlwifi@34C PMIC@50C GPU@30C AO@41C thermal@30.75C POM_5V_IN 1689/1757 POM_5V_GPU 82/87 POM_5V_CPU 164/208
RAM 1397/3964MB (lfb 8x4MB) SWAP 763/6078MB (cached 38MB) IRAM 0/252kB(lfb 252kB) CPU [6%@921,7%@921,off,off] EMC_FREQ 0%@1600 GR3D_FREQ 0%@614 APE 25 PLL@30C CPU@31.5C iwlwifi@32C PMIC@50C GPU@30.5C AO@41C thermal@31.25C POM_5V_IN 1689/1757 POM_5V_GPU 82/87 POM_5V_CPU 164/208
RAM 1393/3964MB (lfb 8x4MB) SWAP 763/6078MB (cached 38MB) IRAM 0/252kB(lfb 252kB) CPU [8%@921,5%@921,off,off] EMC_FREQ 0%@1600 GR3D_FREQ 0%@614 APE 25 PLL@30C CPU@31.5C iwlwifi@32C PMIC@50C GPU@30C AO@41C thermal@31C POM_5V_IN 1689/1757 POM_5V_GPU 82/87 POM_5V_CPU 164/208
RAM 1397/3964MB (lfb 8x4MB) SWAP 763/6078MB (cached 38MB) IRAM 0/252kB(lfb 252kB) CPU [9%@921,6%@921,off,off] EMC_FREQ 0%@1600 GR3D_FREQ 0%@614 APE 25 PLL@30C CPU@31.5C iwlwifi@32C PMIC@50C GPU@30.5C AO@41C thermal@30.75C POM_5V_IN 1728/1757 POM_5V_GPU 82/87 POM_5V_CPU 164/208
RAM 1393/3964MB (lfb 8x4MB) SWAP 763/6078MB (cached 38MB) IRAM 0/252kB(lfb 252kB) CPU [7%@921,6%@921,off,off] EMC_FREQ 0%@1600 GR3D_FREQ 0%@614 APE 25 PLL@30C CPU@31.5C iwlwifi@32C PMIC@50C GPU@30.5C AO@41C thermal@30.75C POM_5V_IN 1689/1757 POM_5V_GPU 82/87 POM_5V_CPU 164/208
RAM 1393/3964MB (lfb 8x4MB) SWAP 763/6078MB (cached 38MB) IRAM 0/252kB(lfb 252kB) CPU [5%@921,9%@921,off,off] EMC_FREQ 0%@1600 GR3D_FREQ 0%@614 APE 25 PLL@30C CPU@31.5C iwlwifi@32C PMIC@50C GPU@30C AO@41C thermal@30.75C POM_5V_IN 1689/1757 POM_5V_GPU 82/87 POM_5V_CPU 164/208
RAM 1401/3964MB (lfb 8x4MB) SWAP 763/6078MB (cached 38MB) IRAM 0/252kB(lfb 252kB) CPU [8%@921,6%@921,off,off] EMC_FREQ 0%@1600 GR3D_FREQ 0%@614 APE 25 PLL@30C CPU@31.5C iwlwifi@32C PMIC@50C GPU@30C AO@41C thermal@30.75C POM_5V_IN 1687/1757 POM_5V_GPU 82/87 POM_5V_CPU 164/208
RAM 1397/3964MB (lfb 8x4MB) SWAP 763/6078MB (cached 38MB) IRAM 0/252kB(lfb 252kB) CPU [7%@921,7%@921,off,off] EMC_FREQ 0%@1600 GR3D_FREQ 0%@614 APE 25 PLL@30C CPU@31.5C iwlwifi@32C PMIC@50C GPU@30C AO@41C thermal@30.75C POM_5V_IN 1689/1757 POM_5V_GPU 82/87 POM_5V_CPU 164/208
RAM 1393/3964MB (lfb 8x4MB) SWAP 763/6078MB (cached 38MB) IRAM 0/252kB(lfb 252kB) CPU [6%@921,7%@921,off,off] EMC_FREQ 0%@1600 GR3D_FREQ 0%@614 APE 25 PLL@30.5C CPU@31.5C iwlwifi@32C PMIC@50C GPU@30C AO@41C thermal@31C POM_5V_IN 1689/1757 POM_5V_GPU 82/87 POM_5V_CPU 164/208
RAM 1394/3964MB (lfb 8x4MB) SWAP 763/6078MB (cached 38MB) IRAM 0/252kB(lfb 252kB) CPU [9%@921,5%@921,off,off] EMC_FREQ 0%@1600 GR3D_FREQ 0%@614 APE 25 PLL@30C CPU@31.5C iwlwifi@32C PMIC@50C GPU@30C AO@41.5C thermal@30.75C POM_5V_IN 1689/1757 POM_5V_GPU 82/87 POM_5V_CPU 123/208
RAM 1397/3964MB (lfb 8x4MB) SWAP 763/6078MB (cached 38MB) IRAM 0/252kB(lfb 252kB) CPU [8%@921,6%@921,off,off] EMC_FREQ 0%@1600 GR3D_FREQ 0%@614 APE 25 PLL@30C CPU@31.5C iwlwifi@32C PMIC@50C GPU@30C AO@41C thermal@30.75C POM_5V_IN 1689/1757 POM_5V_GPU 82/87 POM_5V_CPU 164/208
RAM 1395/3964MB (lfb 8x4MB) SWAP 763/6078MB (cached 38MB) IRAM 0/252kB(lfb 252kB) CPU [7%@921,7%@921,off,off] EMC_FREQ 0%@1600 GR3D_FREQ 0%@614 APE 25 PLL@30C CPU@31.5C iwlwifi@32C PMIC@50C GPU@30C AO@41C thermal@31C POM_5V_IN 1689/1757 POM_5V_GPU 82/87 POM_5V_CPU 164/208
RAM 1397/3964MB (lfb 8x4MB) SWAP 763/6078MB (cached 38MB) IRAM 0/252kB(lfb 252kB) CPU [5%@921,8%@921,off,off] EMC_FREQ 0%@1600 GR3D_FREQ 0%@614 APE 25 PLL@30C CPU@32C iwlwifi@32C PMIC@50C GPU@30C AO@41C thermal@31C POM_5V_IN 1689/1757 POM_5V_GPU 82/87 POM_5V_CPU 164/208
RAM 1397/3964MB (lfb 8x4MB) SWAP 763/6078MB (cached 38MB) IRAM 0/252kB(lfb 252kB) CPU [7%@921,6%@921,off,off] EMC_FREQ 0%@1600 GR3D_FREQ 0%@614 APE 25 PLL@30C CPU@32C iwlwifi@32C PMIC@50C GPU@30.5C AO@41C thermal@30.75C POM_5V_IN 1689/1757 POM_5V_GPU 82/87 POM_5V_CPU 164/208
RAM 1397/3964MB (lfb 8x4MB) SWAP 763/6078MB (cached 38MB) IRAM 0/252kB(lfb 252kB) CPU [7%@921,7%@921,off,off] EMC_FREQ 0%@1600 GR3D_FREQ 0%@614 APE 25 PLL@30C CPU@31.5C iwlwifi@32C PMIC@50C GPU@30.5C AO@41C thermal@31C POM_5V_IN 1689/1757 POM_5V_GPU 82/87 POM_5V_CPU 164/208
RAM 1393/3964MB (lfb 8x4MB) SWAP 763/6078MB (cached 38MB) IRAM 0/252kB(lfb 252kB) CPU [6%@921,7%@921,off,off] EMC_FREQ 0%@1600 GR3D_FREQ 0%@614 APE 25 PLL@30.5C CPU@31.5C iwlwifi@32C PMIC@50C GPU@30C AO@41C thermal@30.75C POM_5V_IN 1731/1757 POM_5V_GPU 82/87 POM_5V_CPU 164/208
RAM 1397/3964MB (lfb 8x4MB) SWAP 763/6078MB (cached 38MB) IRAM 0/252kB(lfb 252kB) CPU [7%@921,6%@921,off,off] EMC_FREQ 0%@1600 GR3D_FREQ 0%@614 APE 25 PLL@30C CPU@31.5C iwlwifi@32C PMIC@50C GPU@30.5C AO@41.5C thermal@31C POM_5V_IN 1689/1757 POM_5V_GPU 82/87 POM_5V_CPU 164/208
RAM 1395/3964MB (lfb 8x4MB) SWAP 763/6078MB (cached 38MB) IRAM 0/252kB(lfb 252kB) CPU [6%@921,8%@921,off,off] EMC_FREQ 0%@1600 GR3D_FREQ 0%@614 APE 25 PLL@30C CPU@31.5C iwlwifi@32C PMIC@50C GPU@30.5C AO@41C thermal@30.75C POM_5V_IN 1731/1757 POM_5V_GPU 82/87 POM_5V_CPU 164/208
RAM 1397/3964MB (lfb 8x4MB) SWAP 763/6078MB (cached 38MB) IRAM 0/252kB(lfb 252kB) CPU [6%@921,8%@921,off,off] EMC_FREQ 0%@1600 GR3D_FREQ 0%@614 APE 25 PLL@30C CPU@31.5C iwlwifi@32C PMIC@50C GPU@30C AO@41C thermal@30.75C POM_5V_IN 1689/1757 POM_5V_GPU 82/87 POM_5V_CPU 164/208
RAM 1393/3964MB (lfb 8x4MB) SWAP 763/6078MB (cached 38MB) IRAM 0/252kB(lfb 252kB) CPU [7%@921,6%@921,off,off] EMC_FREQ 0%@1600 GR3D_FREQ 0%@614 APE 25 PLL@29.5C CPU@31.5C iwlwifi@32C PMIC@50C GPU@30C AO@41C thermal@30.75C POM_5V_IN 1687/1757 POM_5V_GPU 82/87 POM_5V_CPU 164/208
RAM 1395/3964MB (lfb 8x4MB) SWAP 763/6078MB (cached 38MB) IRAM 0/252kB(lfb 252kB) CPU [5%@921,9%@921,off,off] EMC_FREQ 0%@1600 GR3D_FREQ 0%@614 APE 25 PLL@30C CPU@31.5C iwlwifi@32C PMIC@50C GPU@30.5C AO@41C thermal@31C POM_5V_IN 1689/1757 POM_5V_GPU 82/87 POM_5V_CPU 164/208
RAM 1393/3964MB (lfb 8x4MB) SWAP 763/6078MB (cached 38MB) IRAM 0/252kB(lfb 252kB) CPU [8%@921,6%@921,off,off] EMC_FREQ 0%@1600 GR3D_FREQ 0%@614 APE 25 PLL@30C CPU@31C iwlwifi@32C PMIC@50C GPU@30.5C AO@41C thermal@30.5C POM_5V_IN 1689/1757 POM_5V_GPU 82/87 POM_5V_CPU 164/208
RAM 1397/3964MB (lfb 8x4MB) SWAP 763/6078MB (cached 38MB) IRAM 0/252kB(lfb 252kB) CPU [7%@921,7%@921,off,off] EMC_FREQ 0%@1600 GR3D_FREQ 0%@614 APE 25 PLL@30C CPU@31.5C iwlwifi@32C PMIC@50C GPU@30C AO@41C thermal@31C POM_5V_IN 1689/1757 POM_5V_GPU 82/87 POM_5V_CPU 164/208
RAM 1393/3964MB (lfb 8x4MB) SWAP 763/6078MB (cached 38MB) IRAM 0/252kB(lfb 252kB) CPU [7%@921,7%@921,off,off] EMC_FREQ 0%@1600 GR3D_FREQ 0%@614 APE 25 PLL@30.5C CPU@31.5C iwlwifi@32C PMIC@50C GPU@30C AO@41C thermal@30.75C POM_5V_IN 1689/1757 POM_5V_GPU 82/87 POM_5V_CPU 164/208
RAM 1393/3964MB (lfb 8x4MB) SWAP 763/6078MB (cached 38MB) IRAM 0/252kB(lfb 252kB) CPU [7%@921,6%@921,off,off] EMC_FREQ 0%@1600 GR3D_FREQ 0%@614 APE 25 PLL@30.5C CPU@31.5C iwlwifi@32C PMIC@50C GPU@30.5C AO@41.5C thermal@30.75C POM_5V_IN 1772/1757 POM_5V_GPU 82/87 POM_5V_CPU 206/208
RAM 1393/3964MB (lfb 8x4MB) SWAP 763/6078MB (cached 38MB) IRAM 0/252kB(lfb 252kB) CPU [5%@921,9%@921,off,off] EMC_FREQ 0%@1600 GR3D_FREQ 0%@614 APE 25 PLL@30C CPU@31.5C iwlwifi@32C PMIC@50C GPU@30C AO@41.5C thermal@31.25C POM_5V_IN 1731/1757 POM_5V_GPU 82/87 POM_5V_CPU 164/208
RAM 1395/3964MB (lfb 8x4MB) SWAP 763/6078MB (cached 38MB) IRAM 0/252kB(lfb 252kB) CPU [8%@921,6%@921,off,off] EMC_FREQ 0%@1600 GR3D_FREQ 0%@614 APE 25 PLL@30C CPU@31.5C iwlwifi@32C PMIC@50C GPU@30C AO@41C thermal@30.75C POM_5V_IN 1689/1757 POM_5V_GPU 82/87 POM_5V_CPU 164/208
RAM 1397/3964MB (lfb 8x4MB) SWAP 763/6078MB (cached 38MB) IRAM 0/252kB(lfb 252kB) CPU [8%@921,6%@921,off,off] EMC_FREQ 0%@1600 GR3D_FREQ 0%@614 APE 25 PLL@30C CPU@31.5C iwlwifi@33C PMIC@50C GPU@30C AO@41C thermal@30.75C POM_5V_IN 1689/1757 POM_5V_GPU 82/87 POM_5V_CPU 164/208
RAM 1397/3964MB (lfb 8x4MB) SWAP 763/6078MB (cached 38MB) IRAM 0/252kB(lfb 252kB) CPU [8%@921,6%@921,off,off] EMC_FREQ 0%@1600 GR3D_FREQ 0%@614 APE 25 PLL@30.5C CPU@31.5C iwlwifi@32C PMIC@50C GPU@30C AO@41C thermal@31C POM_5V_IN 1689/1757 POM_5V_GPU 82/87 POM_5V_CPU 164/208
RAM 1393/3964MB (lfb 8x4MB) SWAP 763/6078MB (cached 38MB) IRAM 0/252kB(lfb 252kB) CPU [6%@921,7%@921,off,off] EMC_FREQ 0%@1600 GR3D_FREQ 0%@614 APE 25 PLL@30C CPU@31.5C iwlwifi@32C PMIC@50C GPU@30.5C AO@41C thermal@31C POM_5V_IN 1731/1757 POM_5V_GPU 82/87 POM_5V_CPU 164/208
RAM 1397/3964MB (lfb 8x4MB) SWAP 763/6078MB (cached 38MB) IRAM 0/252kB(lfb 252kB) CPU [7%@921,7%@921,off,off] EMC_FREQ 0%@1600 GR3D_FREQ 0%@614 APE 25 PLL@30C CPU@31.5C iwlwifi@32C PMIC@50C GPU@30C AO@41C thermal@30.75C POM_5V_IN 1689/1757 POM_5V_GPU 82/87 POM_5V_CPU 164/208
RAM 1393/3964MB (lfb 8x4MB) SWAP 763/6078MB (cached 38MB) IRAM 0/252kB(lfb 252kB) CPU [7%@921,6%@921,off,off] EMC_FREQ 0%@1600 GR3D_FREQ 0%@614 APE 25 PLL@30C CPU@31.5C iwlwifi@32C PMIC@50C GPU@30C AO@41C thermal@31C POM_5V_IN 1731/1757 POM_5V_GPU 82/87 POM_5V_CPU 164/208
RAM 1397/3964MB (lfb 8x4MB) SWAP 763/6078MB (cached 38MB) IRAM 0/252kB(lfb 252kB) CPU [7%@921,6%@921,off,off] EMC_FREQ 0%@1600 GR3D_FREQ 0%@614 APE 25 PLL@30C CPU@31.5C iwlwifi@32C PMIC@50C GPU@30.5C AO@41C thermal@30.75C POM_5V_IN 1687/1757 POM_5V_GPU 82/87 POM_5V_CPU 123/208
RAM 1393/3964MB (lfb 8x4MB) SWAP 763/6078MB (cached 38MB) IRAM 0/252kB(lfb 252kB) CPU [7%@921,7%@921,off,off] EMC_FREQ 0%@1600 GR3D_FREQ 0%@614 APE 25 PLL@30.5C CPU@31.5C iwlwifi@32C PMIC@50C GPU@30C AO@41C thermal@31C POM_5V_IN 1731/1757 POM_5V_GPU 82/87 POM_5V_CPU 164/208
RAM 1397/3964MB (lfb 8x4MB) SWAP 763/6078MB (cached 38MB) IRAM 0/252kB(lfb 252kB) CPU [7%@921,7%@921,off,off] EMC_FREQ 0%@1600 GR3D_FREQ 0%@614 APE 25 PLL@30C CPU@31.5C iwlwifi@32C PMIC@50C GPU@30C AO@41C thermal@30.75C POM_5V_IN 1934/1757 POM_5V_GPU 82/87 POM_5V_CPU 328/208
RAM 1397/3964MB (lfb 8x4MB) SWAP 763/6078MB (cached 38MB) IRAM 0/252kB(lfb 252kB) CPU [8%@921,6%@921,off,off] EMC_FREQ 0%@1600 GR3D_FREQ 0%@614 APE 25 PLL@30C CPU@31.5C iwlwifi@32C PMIC@50C GPU@30.5C AO@41C thermal@30.75C POM_5V_IN 1689/1757 POM_5V_GPU 82/87 POM_5V_CPU 164/208
RAM 1395/3964MB (lfb 8x4MB) SWAP 763/6078MB (cached 38MB) IRAM 0/252kB(lfb 252kB) CPU [7%@921,6%@921,off,off] EMC_FREQ 0%@1600 GR3D_FREQ 0%@614 APE 25 PLL@30C CPU@31.5C iwlwifi@32C PMIC@50C GPU@30C AO@41C thermal@30.75C POM_5V_IN 1689/1757 POM_5V_GPU 82/87 POM_5V_CPU 164/208
RAM 1395/3964MB (lfb 8x4MB) SWAP 763/6078MB (cached 38MB) IRAM 0/252kB(lfb 252kB) CPU [8%@921,6%@921,off,off] EMC_FREQ 0%@1600 GR3D_FREQ 0%@614 APE 25 PLL@29.5C CPU@31.5C iwlwifi@32C PMIC@50C GPU@30C AO@41C thermal@31C POM_5V_IN 1731/1757 POM_5V_GPU 82/87 POM_5V_CPU 164/208
RAM 1393/3964MB (lfb 8x4MB) SWAP 763/6078MB (cached 38MB) IRAM 0/252kB(lfb 252kB) CPU [6%@921,7%@921,off,off] EMC_FREQ 0%@1600 GR3D_FREQ 0%@614 APE 25 PLL@30C CPU@31.5C iwlwifi@32C PMIC@50C GPU@30C AO@41C thermal@30.75C POM_5V_IN 1689/1757 POM_5V_GPU 82/87 POM_5V_CPU 164/208
RAM 1397/3964MB (lfb 8x4MB) SWAP 763/6078MB (cached 38MB) IRAM 0/252kB(lfb 252kB) CPU [8%@921,5%@921,off,off] EMC_FREQ 0%@1600 GR3D_FREQ 0%@614 APE 25 PLL@30C CPU@31.5C iwlwifi@32C PMIC@50C GPU@30C AO@41C thermal@30.75C POM_5V_IN 1689/1756 POM_5V_GPU 82/87 POM_5V_CPU 164/208
RAM 1398/3964MB (lfb 8x4MB) SWAP 763/6078MB (cached 38MB) IRAM 0/252kB(lfb 252kB) CPU [6%@921,7%@921,off,off] EMC_FREQ 0%@1600 GR3D_FREQ 0%@614 APE 25 PLL@30C CPU@31.5C iwlwifi@32C PMIC@50C GPU@30.5C AO@41C thermal@30.75C POM_5V_IN 1689/1756 POM_5V_GPU 82/87 POM_5V_CPU 164/208
RAM 1395/3964MB (lfb 8x4MB) SWAP 763/6078MB (cached 38MB) IRAM 0/252kB(lfb 252kB) CPU [4%@921,9%@921,off,off] EMC_FREQ 0%@1600 GR3D_FREQ 0%@614 APE 25 PLL@30C CPU@31.5C iwlwifi@32C PMIC@50C GPU@30C AO@41.5C thermal@31C POM_5V_IN 1772/1756 POM_5V_GPU 82/87 POM_5V_CPU 164/208
RAM 1393/3964MB (lfb 8x4MB) SWAP 763/6078MB (cached 38MB) IRAM 0/252kB(lfb 252kB) CPU [5%@921,8%@921,off,off] EMC_FREQ 0%@1600 GR3D_FREQ 0%@614 APE 25 PLL@30C CPU@31.5C iwlwifi@32C PMIC@50C GPU@30C AO@41C thermal@31C POM_5V_IN 1689/1756 POM_5V_GPU 82/87 POM_5V_CPU 164/208
RAM 1393/3964MB (lfb 8x4MB) SWAP 763/6078MB (cached 38MB) IRAM 0/252kB(lfb 252kB) CPU [10%@921,3%@921,off,off] EMC_FREQ 0%@1600 GR3D_FREQ 0%@614 APE 25 PLL@30C CPU@31.5C iwlwifi@32C PMIC@50C GPU@30C AO@41C thermal@31C POM_5V_IN 1689/1756 POM_5V_GPU 82/87 POM_5V_CPU 164/208
RAM 1396/3964MB (lfb 8x4MB) SWAP 763/6078MB (cached 38MB) IRAM 0/252kB(lfb 252kB) CPU [8%@921,5%@921,off,off] EMC_FREQ 0%@1600 GR3D_FREQ 0%@614 APE 25 PLL@30C CPU@31.5C iwlwifi@32C PMIC@50C GPU@30.5C AO@41C thermal@31C POM_5V_IN 1689/1756 POM_5V_GPU 82/87 POM_5V_CPU 164/208
RAM 1395/3964MB (lfb 8x4MB) SWAP 758/6078MB (cached 38MB) IRAM 0/252kB(lfb 252kB) CPU [8%@921,6%@921,off,off] EMC_FREQ 0%@1600 GR3D_FREQ 0%@614 APE 25 PLL@30C CPU@32C iwlwifi@32C PMIC@50C GPU@30C AO@41C thermal@31C POM_5V_IN 1689/1756 POM_5V_GPU 82/87 POM_5V_CPU 164/208
RAM 1397/3964MB (lfb 8x4MB) SWAP 758/6078MB (cached 38MB) IRAM 0/252kB(lfb 252kB) CPU [5%@921,9%@921,off,off] EMC_FREQ 0%@1600 GR3D_FREQ 0%@614 APE 25 PLL@30.5C CPU@31.5C iwlwifi@32C PMIC@50C GPU@30C AO@41C thermal@30.75C POM_5V_IN 1689/1756 POM_5V_GPU 82/87 POM_5V_CPU 164/208
RAM 1395/3964MB (lfb 8x4MB) SWAP 758/6078MB (cached 38MB) IRAM 0/252kB(lfb 252kB) CPU [9%@921,5%@921,off,off] EMC_FREQ 0%@1600 GR3D_FREQ 0%@614 APE 25 PLL@30C CPU@31.5C iwlwifi@32C PMIC@50C GPU@30.5C AO@41C thermal@30.75C POM_5V_IN 1689/1756 POM_5V_GPU 82/87 POM_5V_CPU 164/208
RAM 1395/3964MB (lfb 8x4MB) SWAP 758/6078MB (cached 38MB) IRAM 0/252kB(lfb 252kB) CPU [6%@921,8%@921,off,off] EMC_FREQ 0%@1600 GR3D_FREQ 0%@614 APE 25 PLL@30C CPU@31.5C iwlwifi@32C PMIC@50C GPU@30.5C AO@41C thermal@31C POM_5V_IN 1731/1756 POM_5V_GPU 82/87 POM_5V_CPU 164/208
RAM 1397/3964MB (lfb 8x4MB) SWAP 758/6078MB (cached 38MB) IRAM 0/252kB(lfb 252kB) CPU [5%@921,8%@921,off,off] EMC_FREQ 0%@1600 GR3D_FREQ 0%@614 APE 25 PLL@30.5C CPU@31.5C iwlwifi@32C PMIC@50C GPU@30C AO@41C thermal@30.75C POM_5V_IN 1689/1756 POM_5V_GPU 82/87 POM_5V_CPU 164/208
RAM 1393/3964MB (lfb 8x4MB) SWAP 758/6078MB (cached 38MB) IRAM 0/252kB(lfb 252kB) CPU [7%@921,7%@921,off,off] EMC_FREQ 0%@1600 GR3D_FREQ 0%@614 APE 25 PLL@30C CPU@32C iwlwifi@32C PMIC@50C GPU@30.5C AO@41C thermal@31C POM_5V_IN 1689/1756 POM_5V_GPU 82/87 POM_5V_CPU 164/208
RAM 1393/3964MB (lfb 8x4MB) SWAP 758/6078MB (cached 38MB) IRAM 0/252kB(lfb 252kB) CPU [5%@921,9%@921,off,off] EMC_FREQ 0%@1600 GR3D_FREQ 0%@614 APE 25 PLL@30C CPU@32C iwlwifi@32C PMIC@50C GPU@30.5C AO@41C thermal@31C POM_5V_IN 1687/1756 POM_5V_GPU 82/87 POM_5V_CPU 164/208
RAM 1397/3964MB (lfb 8x4MB) SWAP 758/6078MB (cached 38MB) IRAM 0/252kB(lfb 252kB) CPU [7%@921,7%@921,off,off] EMC_FREQ 0%@1600 GR3D_FREQ 0%@614 APE 25 PLL@30.5C CPU@32C iwlwifi@32C PMIC@50C GPU@30.5C AO@40.5C thermal@31C POM_5V_IN 1689/1756 POM_5V_GPU 82/87 POM_5V_CPU 164/208
RAM 1395/3964MB (lfb 8x4MB) SWAP 758/6078MB (cached 38MB) IRAM 0/252kB(lfb 252kB) CPU [6%@921,8%@921,off,off] EMC_FREQ 0%@1600 GR3D_FREQ 0%@614 APE 25 PLL@30C CPU@32C iwlwifi@32C PMIC@50C GPU@30.5C AO@41C thermal@31.25C POM_5V_IN 1689/1756 POM_5V_GPU 82/87 POM_5V_CPU 164/208
RAM 1393/3964MB (lfb 8x4MB) SWAP 758/6078MB (cached 38MB) IRAM 0/252kB(lfb 252kB) CPU [8%@921,6%@921,off,off] EMC_FREQ 0%@1600 GR3D_FREQ 0%@614 APE 25 PLL@30C CPU@32C iwlwifi@32C PMIC@50C GPU@30.5C AO@41.5C thermal@30.75C POM_5V_IN 1687/1756 POM_5V_GPU 82/87 POM_5V_CPU 164/207
RAM 1393/3964MB (lfb 8x4MB) SWAP 758/6078MB (cached 38MB) IRAM 0/252kB(lfb 252kB) CPU [7%@921,7%@921,off,off] EMC_FREQ 0%@1600 GR3D_FREQ 0%@614 APE 25 PLL@30C CPU@32C iwlwifi@32C PMIC@50C GPU@30.5C AO@41C thermal@31C POM_5V_IN 1689/1756 POM_5V_GPU 82/87 POM_5V_CPU 164/207
RAM 1395/3964MB (lfb 8x4MB) SWAP 758/6078MB (cached 38MB) IRAM 0/252kB(lfb 252kB) CPU [7%@921,7%@921,off,off] EMC_FREQ 0%@1600 GR3D_FREQ 0%@614 APE 25 PLL@30C CPU@32C iwlwifi@32C PMIC@50C GPU@30C AO@41C thermal@31C POM_5V_IN 1689/1756 POM_5V_GPU 82/87 POM_5V_CPU 164/207
RAM 1397/3964MB (lfb 8x4MB) SWAP 758/6078MB (cached 38MB) IRAM 0/252kB(lfb 252kB) CPU [6%@921,7%@921,off,off] EMC_FREQ 0%@1600 GR3D_FREQ 0%@614 APE 25 PLL@30C CPU@32C iwlwifi@32C PMIC@50C GPU@30.5C AO@41C thermal@31.25C POM_5V_IN 1689/1756 POM_5V_GPU 82/87 POM_5V_CPU 164/207
RAM 1397/3964MB (lfb 8x4MB) SWAP 758/6078MB (cached 38MB) IRAM 0/252kB(lfb 252kB) CPU [7%@921,7%@921,off,off] EMC_FREQ 0%@1600 GR3D_FREQ 0%@614 APE 25 PLL@30.5C CPU@32C iwlwifi@32C PMIC@50C GPU@30.5C AO@41C thermal@30.75C POM_5V_IN 1689/1756 POM_5V_GPU 82/87 POM_5V_CPU 164/207
RAM 1397/3964MB (lfb 8x4MB) SWAP 758/6078MB (cached 38MB) IRAM 0/252kB(lfb 252kB) CPU [6%@921,7%@921,off,off] EMC_FREQ 0%@1600 GR3D_FREQ 0%@614 APE 25 PLL@30C CPU@32C iwlwifi@32C PMIC@50C GPU@30.5C AO@41C thermal@31C POM_5V_IN 1689/1756 POM_5V_GPU 82/87 POM_5V_CPU 164/207
RAM 1395/3964MB (lfb 8x4MB) SWAP 758/6078MB (cached 38MB) IRAM 0/252kB(lfb 252kB) CPU [7%@921,7%@921,off,off] EMC_FREQ 0%@1600 GR3D_FREQ 0%@614 APE 25 PLL@29.5C CPU@31.5C iwlwifi@32C PMIC@50C GPU@30C AO@41C thermal@31.25C POM_5V_IN 1689/1756 POM_5V_GPU 82/87 POM_5V_CPU 164/207
RAM 1393/3964MB (lfb 8x4MB) SWAP 758/6078MB (cached 38MB) IRAM 0/252kB(lfb 252kB) CPU [8%@921,5%@921,off,off] EMC_FREQ 0%@1600 GR3D_FREQ 0%@614 APE 25 PLL@30C CPU@31.5C iwlwifi@32C PMIC@50C GPU@30.5C AO@40.5C thermal@31C POM_5V_IN 1689/1756 POM_5V_GPU 82/87 POM_5V_CPU 164/207
RAM 1395/3964MB (lfb 8x4MB) SWAP 758/6078MB (cached 38MB) IRAM 0/252kB(lfb 252kB) CPU [5%@921,7%@921,off,off] EMC_FREQ 0%@1600 GR3D_FREQ 0%@614 APE 25 PLL@30.5C CPU@32C iwlwifi@32C PMIC@50C GPU@30.5C AO@41C thermal@31C POM_5V_IN 1689/1756 POM_5V_GPU 82/87 POM_5V_CPU 164/207
RAM 1401/3964MB (lfb 8x4MB) SWAP 758/6078MB (cached 38MB) IRAM 0/252kB(lfb 252kB) CPU [5%@921,9%@921,off,off] EMC_FREQ 0%@1600 GR3D_FREQ 0%@614 APE 25 PLL@30C CPU@31.5C iwlwifi@32C PMIC@50C GPU@30.5C AO@41.5C thermal@31C POM_5V_IN 1731/1756 POM_5V_GPU 82/87 POM_5V_CPU 164/207
RAM 1395/3964MB (lfb 8x4MB) SWAP 758/6078MB (cached 38MB) IRAM 0/252kB(lfb 252kB) CPU [6%@921,7%@921,off,off] EMC_FREQ 0%@1600 GR3D_FREQ 0%@614 APE 25 PLL@30C CPU@32C iwlwifi@32C PMIC@50C GPU@30.5C AO@41C thermal@31C POM_5V_IN 1689/1756 POM_5V_GPU 82/87 POM_5V_CPU 164/207
RAM 1395/3964MB (lfb 8x4MB) SWAP 758/6078MB (cached 38MB) IRAM 0/252kB(lfb 252kB) CPU [9%@921,5%@921,off,off] EMC_FREQ 0%@1600 GR3D_FREQ 0%@614 APE 25 PLL@29.5C CPU@32C iwlwifi@32C PMIC@50C GPU@30.5C AO@41C thermal@31.25C POM_5V_IN 1689/1756 POM_5V_GPU 82/87 POM_5V_CPU 164/207
RAM 1397/3964MB (lfb 8x4MB) SWAP 758/6078MB (cached 38MB) IRAM 0/252kB(lfb 252kB) CPU [7%@921,6%@921,off,off] EMC_FREQ 0%@1600 GR3D_FREQ 0%@614 APE 25 PLL@30C CPU@32C iwlwifi@32C PMIC@50C GPU@30C AO@41C thermal@30.75C POM_5V_IN 1689/1756 POM_5V_GPU 82/87 POM_5V_CPU 164/207
RAM 1393/3964MB (lfb 8x4MB) SWAP 758/6078MB (cached 38MB) IRAM 0/252kB(lfb 252kB) CPU [8%@921,6%@921,off,off] EMC_FREQ 0%@1600 GR3D_FREQ 0%@614 APE 25 PLL@30C CPU@31.5C iwlwifi@32C PMIC@50C GPU@30C AO@41C thermal@31C POM_5V_IN 1687/1756 POM_5V_GPU 82/87 POM_5V_CPU 164/207
RAM 1395/3964MB (lfb 8x4MB) SWAP 758/6078MB (cached 38MB) IRAM 0/252kB(lfb 252kB) CPU [9%@921,4%@921,off,off] EMC_FREQ 0%@1600 GR3D_FREQ 0%@614 APE 25 PLL@30C CPU@31.5C iwlwifi@32C PMIC@50C GPU@30C AO@41C thermal@30.75C POM_5V_IN 1689/1756 POM_5V_GPU 82/87 POM_5V_CPU 164/207
RAM 1395/3964MB (lfb 8x4MB) SWAP 758/6078MB (cached 38MB) IRAM 0/252kB(lfb 252kB) CPU [7%@921,7%@921,off,off] EMC_FREQ 0%@1600 GR3D_FREQ 0%@614 APE 25 PLL@30C CPU@31.5C iwlwifi@32C PMIC@50C GPU@30C AO@40.5C thermal@31.25C POM_5V_IN 1689/1756 POM_5V_GPU 82/87 POM_5V_CPU 164/207
RAM 1393/3964MB (lfb 8x4MB) SWAP 758/6078MB (cached 38MB) IRAM 0/252kB(lfb 252kB) CPU [7%@921,7%@921,off,off] EMC_FREQ 0%@1600 GR3D_FREQ 0%@614 APE 25 PLL@30.5C CPU@32C iwlwifi@32C PMIC@50C GPU@30C AO@40.5C thermal@30.75C POM_5V_IN 1689/1756 POM_5V_GPU 82/87 POM_5V_CPU 164/207
RAM 1393/3964MB (lfb 8x4MB) SWAP 758/6078MB (cached 38MB) IRAM 0/252kB(lfb 252kB) CPU [8%@921,5%@921,off,off] EMC_FREQ 0%@1600 GR3D_FREQ 0%@614 APE 25 PLL@30.5C CPU@31.5C iwlwifi@32C PMIC@50C GPU@30C AO@41C thermal@31C POM_5V_IN 1689/1756 POM_5V_GPU 82/87 POM_5V_CPU 164/207
RAM 1399/3964MB (lfb 8x4MB) SWAP 758/6078MB (cached 38MB) IRAM 0/252kB(lfb 252kB) CPU [6%@921,7%@921,off,off] EMC_FREQ 0%@1600 GR3D_FREQ 0%@614 APE 25 PLL@30C CPU@31.5C iwlwifi@32C PMIC@50C GPU@30C AO@41C thermal@31C POM_5V_IN 1689/1756 POM_5V_GPU 82/87 POM_5V_CPU 164/207
RAM 1393/3964MB (lfb 8x4MB) SWAP 758/6078MB (cached 38MB) IRAM 0/252kB(lfb 252kB) CPU [7%@921,7%@921,off,off] EMC_FREQ 0%@1600 GR3D_FREQ 0%@614 APE 25 PLL@30C CPU@31.5C iwlwifi@32C PMIC@50C GPU@30C AO@41C thermal@30.75C POM_5V_IN 1689/1756 POM_5V_GPU 82/87 POM_5V_CPU 164/207
RAM 1393/3964MB (lfb 8x4MB) SWAP 758/6078MB (cached 38MB) IRAM 0/252kB(lfb 252kB) CPU [8%@921,5%@921,off,off] EMC_FREQ 0%@1600 GR3D_FREQ 0%@614 APE 25 PLL@30.5C CPU@31.5C iwlwifi@33C PMIC@50C GPU@30C AO@41.5C thermal@31C POM_5V_IN 1689/1756 POM_5V_GPU 82/87 POM_5V_CPU 164/207
RAM 1393/3964MB (lfb 8x4MB) SWAP 758/6078MB (cached 38MB) IRAM 0/252kB(lfb 252kB) CPU [10%@921,3%@921,off,off] EMC_FREQ 0%@1600 GR3D_FREQ 0%@614 APE 25 PLL@30C CPU@31.5C iwlwifi@32C PMIC@50C GPU@30C AO@41C thermal@30.75C POM_5V_IN 1689/1756 POM_5V_GPU 82/87 POM_5V_CPU 164/207
RAM 1395/3964MB (lfb 8x4MB) SWAP 758/6078MB (cached 38MB) IRAM 0/252kB(lfb 252kB) CPU [7%@921,6%@921,off,off] EMC_FREQ 0%@1600 GR3D_FREQ 0%@614 APE 25 PLL@30C CPU@31.5C iwlwifi@32C PMIC@50C GPU@30C AO@41C thermal@30.75C POM_5V_IN 1689/1756 POM_5V_GPU 82/87 POM_5V_CPU 164/207
RAM 1399/3964MB (lfb 8x4MB) SWAP 758/6078MB (cached 38MB) IRAM 0/252kB(lfb 252kB) CPU [6%@921,9%@921,off,off] EMC_FREQ 0%@1600 GR3D_FREQ 0%@614 APE 25 PLL@30.5C CPU@31.5C iwlwifi@32C PMIC@50C GPU@30C AO@41C thermal@31C POM_5V_IN 1689/1756 POM_5V_GPU 82/87 POM_5V_CPU 164/207
RAM 1397/3964MB (lfb 8x4MB) SWAP 758/6078MB (cached 38MB) IRAM 0/252kB(lfb 252kB) CPU [7%@921,6%@921,off,off] EMC_FREQ 0%@1600 GR3D_FREQ 0%@614 APE 25 PLL@30C CPU@31.5C iwlwifi@32C PMIC@50C GPU@30C AO@40.5C thermal@30.75C POM_5V_IN 1689/1756 POM_5V_GPU 82/87 POM_5V_CPU 164/207
RAM 1393/3964MB (lfb 8x4MB) SWAP 758/6078MB (cached 38MB) IRAM 0/252kB(lfb 252kB) CPU [7%@921,7%@921,off,off] EMC_FREQ 0%@1600 GR3D_FREQ 0%@614 APE 25 PLL@30.5C CPU@31.5C iwlwifi@32C PMIC@50C GPU@30C AO@41C thermal@30.5C POM_5V_IN 1689/1756 POM_5V_GPU 82/87 POM_5V_CPU 164/207
RAM 1393/3964MB (lfb 8x4MB) SWAP 758/6078MB (cached 38MB) IRAM 0/252kB(lfb 252kB) CPU [6%@921,8%@921,off,off] EMC_FREQ 0%@1600 GR3D_FREQ 0%@614 APE 25 PLL@30C CPU@31.5C iwlwifi@32C PMIC@50C GPU@30C AO@40.5C thermal@31C POM_5V_IN 2013/1756 POM_5V_GPU 82/87 POM_5V_CPU 164/207
RAM 1397/3964MB (lfb 8x4MB) SWAP 758/6078MB (cached 38MB) IRAM 0/252kB(lfb 252kB) CPU [7%@921,6%@921,off,off] EMC_FREQ 0%@1600 GR3D_FREQ 0%@614 APE 25 PLL@30C CPU@31.5C iwlwifi@32C PMIC@50C GPU@30C AO@41C thermal@30.75C POM_5V_IN 1689/1756 POM_5V_GPU 82/87 POM_5V_CPU 164/207
RAM 1395/3964MB (lfb 8x4MB) SWAP 758/6078MB (cached 38MB) IRAM 0/252kB(lfb 252kB) CPU [8%@921,6%@921,off,off] EMC_FREQ 0%@1600 GR3D_FREQ 0%@614 APE 25 PLL@30.5C CPU@32C iwlwifi@32C PMIC@50C GPU@30C AO@41C thermal@31C POM_5V_IN 1689/1756 POM_5V_GPU 82/87 POM_5V_CPU 164/207
RAM 1397/3964MB (lfb 8x4MB) SWAP 758/6078MB (cached 38MB) IRAM 0/252kB(lfb 252kB) CPU [8%@921,5%@921,off,off] EMC_FREQ 0%@1600 GR3D_FREQ 0%@614 APE 25 PLL@30C CPU@31.5C iwlwifi@32C PMIC@50C GPU@30.5C AO@41C thermal@31C POM_5V_IN 1689/1756 POM_5V_GPU 82/87 POM_5V_CPU 164/207
RAM 1397/3964MB (lfb 8x4MB) SWAP 758/6078MB (cached 38MB) IRAM 0/252kB(lfb 252kB) CPU [5%@921,8%@921,off,off] EMC_FREQ 0%@1600 GR3D_FREQ 0%@614 APE 25 PLL@30C CPU@31.5C iwlwifi@32C PMIC@50C GPU@30C AO@41C thermal@30.75C POM_5V_IN 1689/1756 POM_5V_GPU 82/87 POM_5V_CPU 164/207
RAM 1395/3964MB (lfb 8x4MB) SWAP 758/6078MB (cached 38MB) IRAM 0/252kB(lfb 252kB) CPU [6%@921,7%@921,off,off] EMC_FREQ 0%@1600 GR3D_FREQ 0%@614 APE 25 PLL@30.5C CPU@32C iwlwifi@32C PMIC@50C GPU@30C AO@41C thermal@30.75C POM_5V_IN 1689/1756 POM_5V_GPU 82/87 POM_5V_CPU 164/207
RAM 1397/3964MB (lfb 8x4MB) SWAP 758/6078MB (cached 38MB) IRAM 0/252kB(lfb 252kB) CPU [6%@921,8%@921,off,off] EMC_FREQ 0%@1600 GR3D_FREQ 0%@614 APE 25 PLL@30C CPU@31.5C iwlwifi@32C PMIC@50C GPU@30.5C AO@40.5C thermal@31.25C POM_5V_IN 1689/1756 POM_5V_GPU 82/87 POM_5V_CPU 164/207
RAM 1393/3964MB (lfb 8x4MB) SWAP 758/6078MB (cached 38MB) IRAM 0/252kB(lfb 252kB) CPU [8%@921,5%@921,off,off] EMC_FREQ 0%@1600 GR3D_FREQ 0%@614 APE 25 PLL@30C CPU@31.5C iwlwifi@32C PMIC@50C GPU@30C AO@41C thermal@31C POM_5V_IN 1689/1755 POM_5V_GPU 82/87 POM_5V_CPU 164/207
RAM 1393/3964MB (lfb 8x4MB) SWAP 758/6078MB (cached 38MB) IRAM 0/252kB(lfb 252kB) CPU [8%@921,6%@921,off,off] EMC_FREQ 0%@1600 GR3D_FREQ 0%@614 APE 25 PLL@30C CPU@32C iwlwifi@32C PMIC@50C GPU@30C AO@41C thermal@30.75C POM_5V_IN 1689/1755 POM_5V_GPU 82/87 POM_5V_CPU 164/207
RAM 1398/3964MB (lfb 8x4MB) SWAP 758/6078MB (cached 38MB) IRAM 0/252kB(lfb 252kB) CPU [5%@921,9%@921,off,off] EMC_FREQ 0%@1600 GR3D_FREQ 0%@614 APE 25 PLL@30.5C CPU@31.5C iwlwifi@32C PMIC@50C GPU@30C AO@41C thermal@30.75C POM_5V_IN 1689/1755 POM_5V_GPU 82/87 POM_5V_CPU 164/207
RAM 1395/3964MB (lfb 8x4MB) SWAP 758/6078MB (cached 38MB) IRAM 0/252kB(lfb 252kB) CPU [9%@921,5%@921,off,off] EMC_FREQ 0%@1600 GR3D_FREQ 0%@614 APE 25 PLL@30C CPU@31.5C iwlwifi@32C PMIC@50C GPU@29.5C AO@41C thermal@30.75C POM_5V_IN 1731/1755 POM_5V_GPU 82/87 POM_5V_CPU 164/207
RAM 1395/3964MB (lfb 8x4MB) SWAP 758/6078MB (cached 38MB) IRAM 0/252kB(lfb 252kB) CPU [6%@921,7%@921,off,off] EMC_FREQ 0%@1600 GR3D_FREQ 0%@614 APE 25 PLL@30C CPU@31.5C iwlwifi@32C PMIC@50C GPU@30C AO@41C thermal@30.5C POM_5V_IN 1689/1755 POM_5V_GPU 82/87 POM_5V_CPU 164/207
RAM 1393/3964MB (lfb 8x4MB) SWAP 758/6078MB (cached 38MB) IRAM 0/252kB(lfb 252kB) CPU [6%@921,8%@921,off,off] EMC_FREQ 0%@1600 GR3D_FREQ 0%@614 APE 25 PLL@30C CPU@31.5C iwlwifi@32C PMIC@50C GPU@30C AO@41C thermal@30.5C POM_5V_IN 1689/1755 POM_5V_GPU 82/87 POM_5V_CPU 123/207
RAM 1394/3964MB (lfb 8x4MB) SWAP 758/6078MB (cached 38MB) IRAM 0/252kB(lfb 252kB) CPU [6%@921,7%@921,off,off] EMC_FREQ 0%@1600 GR3D_FREQ 0%@614 APE 25 PLL@30C CPU@31.5C iwlwifi@32C PMIC@50C GPU@30C AO@41C thermal@30.5C POM_5V_IN 1689/1755 POM_5V_GPU 82/87 POM_5V_CPU 164/207
RAM 1393/3964MB (lfb 8x4MB) SWAP 758/6078MB (cached 38MB) IRAM 0/252kB(lfb 252kB) CPU [5%@921,8%@921,off,off] EMC_FREQ 0%@1600 GR3D_FREQ 0%@614 APE 25 PLL@30C CPU@31.5C iwlwifi@32C PMIC@50C GPU@30C AO@41C thermal@30.75C POM_5V_IN 1689/1755 POM_5V_GPU 82/87 POM_5V_CPU 164/207
RAM 1397/3964MB (lfb 8x4MB) SWAP 758/6078MB (cached 38MB) IRAM 0/252kB(lfb 252kB) CPU [6%@921,7%@921,off,off] EMC_FREQ 0%@1600 GR3D_FREQ 0%@614 APE 25 PLL@30C CPU@31.5C iwlwifi@32C PMIC@50C GPU@30C AO@41C thermal@30.75C POM_5V_IN 1689/1755 POM_5V_GPU 82/87 POM_5V_CPU 164/207
RAM 1393/3964MB (lfb 8x4MB) SWAP 758/6078MB (cached 38MB) IRAM 0/252kB(lfb 252kB) CPU [4%@921,9%@921,off,off] EMC_FREQ 0%@1600 GR3D_FREQ 0%@614 APE 25 PLL@29.5C CPU@31.5C iwlwifi@32C PMIC@50C GPU@29.5C AO@41C thermal@30.75C POM_5V_IN 1813/1755 POM_5V_GPU 82/87 POM_5V_CPU 164/207
RAM 1393/3964MB (lfb 8x4MB) SWAP 758/6078MB (cached 38MB) IRAM 0/252kB(lfb 252kB) CPU [6%@921,8%@921,off,off] EMC_FREQ 0%@1600 GR3D_FREQ 0%@614 APE 25 PLL@30C CPU@31.5C iwlwifi@32C PMIC@50C GPU@30C AO@40.5C thermal@30.75C POM_5V_IN 1689/1755 POM_5V_GPU 82/87 POM_5V_CPU 164/207
RAM 1395/3964MB (lfb 8x4MB) SWAP 758/6078MB (cached 38MB) IRAM 0/252kB(lfb 252kB) CPU [6%@921,7%@921,off,off] EMC_FREQ 0%@1600 GR3D_FREQ 0%@614 APE 25 PLL@30C CPU@31.5C iwlwifi@32C PMIC@50C GPU@30C AO@41C thermal@31C POM_5V_IN 1689/1755 POM_5V_GPU 82/87 POM_5V_CPU 164/207
RAM 1395/3964MB (lfb 8x4MB) SWAP 758/6078MB (cached 38MB) IRAM 0/252kB(lfb 252kB) CPU [6%@921,9%@921,off,off] EMC_FREQ 0%@1600 GR3D_FREQ 0%@614 APE 25 PLL@30C CPU@31C iwlwifi@32C PMIC@50C GPU@29.5C AO@41C thermal@30.75C POM_5V_IN 1689/1755 POM_5V_GPU 82/87 POM_5V_CPU 123/207
RAM 1397/3964MB (lfb 8x4MB) SWAP 758/6078MB (cached 38MB) IRAM 0/252kB(lfb 252kB) CPU [7%@921,5%@921,off,off] EMC_FREQ 0%@1600 GR3D_FREQ 0%@614 APE 25 PLL@30C CPU@31.5C iwlwifi@32C PMIC@50C GPU@30C AO@41C thermal@31.25C POM_5V_IN 1689/1755 POM_5V_GPU 82/87 POM_5V_CPU 164/207
RAM 1393/3964MB (lfb 8x4MB) SWAP 758/6078MB (cached 38MB) IRAM 0/252kB(lfb 252kB) CPU [8%@921,5%@921,off,off] EMC_FREQ 0%@1600 GR3D_FREQ 0%@614 APE 25 PLL@30C CPU@31.5C iwlwifi@32C PMIC@50C GPU@30C AO@41C thermal@30.75C POM_5V_IN 1689/1755 POM_5V_GPU 82/87 POM_5V_CPU 164/207
RAM 1397/3964MB (lfb 8x4MB) SWAP 758/6078MB (cached 38MB) IRAM 0/252kB(lfb 252kB) CPU [7%@921,6%@921,off,off] EMC_FREQ 0%@1600 GR3D_FREQ 0%@614 APE 25 PLL@30C CPU@31.5C iwlwifi@32C PMIC@50C GPU@30C AO@41C thermal@30.75C POM_5V_IN 1687/1755 POM_5V_GPU 82/87 POM_5V_CPU 164/207
RAM 1397/3964MB (lfb 8x4MB) SWAP 758/6078MB (cached 38MB) IRAM 0/252kB(lfb 252kB) CPU [7%@921,6%@921,off,off] EMC_FREQ 0%@1600 GR3D_FREQ 0%@614 APE 25 PLL@30C CPU@31.5C iwlwifi@32C PMIC@50C GPU@30C AO@41C thermal@30.75C POM_5V_IN 1731/1755 POM_5V_GPU 82/87 POM_5V_CPU 164/207
RAM 1395/3964MB (lfb 8x4MB) SWAP 758/6078MB (cached 38MB) IRAM 0/252kB(lfb 252kB) CPU [7%@921,6%@921,off,off] EMC_FREQ 0%@1600 GR3D_FREQ 0%@614 APE 25 PLL@30C CPU@31.5C iwlwifi@32C PMIC@50C GPU@30C AO@41.5C thermal@30.75C POM_5V_IN 1731/1755 POM_5V_GPU 82/87 POM_5V_CPU 164/207
RAM 1393/3964MB (lfb 8x4MB) SWAP 758/6078MB (cached 38MB) IRAM 0/252kB(lfb 252kB) CPU [7%@921,6%@921,off,off] EMC_FREQ 0%@1600 GR3D_FREQ 0%@614 APE 25 PLL@30C CPU@31.5C iwlwifi@32C PMIC@50C GPU@30C AO@41C thermal@30.5C POM_5V_IN 1689/1755 POM_5V_GPU 82/87 POM_5V_CPU 164/207
RAM 1395/3964MB (lfb 8x4MB) SWAP 758/6078MB (cached 38MB) IRAM 0/252kB(lfb 252kB) CPU [10%@921,4%@921,off,off] EMC_FREQ 0%@1600 GR3D_FREQ 0%@614 APE 25 PLL@30C CPU@31.5C iwlwifi@32C PMIC@50C GPU@30C AO@41C thermal@30.5C POM_5V_IN 1689/1755 POM_5V_GPU 82/87 POM_5V_CPU 164/207
RAM 1397/3964MB (lfb 8x4MB) SWAP 758/6078MB (cached 38MB) IRAM 0/252kB(lfb 252kB) CPU [5%@921,9%@921,off,off] EMC_FREQ 0%@1600 GR3D_FREQ 0%@614 APE 25 PLL@30.5C CPU@31.5C iwlwifi@32C PMIC@50C GPU@30C AO@41C thermal@30.75C POM_5V_IN 1689/1755 POM_5V_GPU 82/87 POM_5V_CPU 164/207
RAM 1393/3964MB (lfb 8x4MB) SWAP 758/6078MB (cached 38MB) IRAM 0/252kB(lfb 252kB) CPU [7%@921,6%@921,off,off] EMC_FREQ 0%@1600 GR3D_FREQ 0%@614 APE 25 PLL@30C CPU@31.5C iwlwifi@32C PMIC@50C GPU@30C AO@41C thermal@30.75C POM_5V_IN 1731/1755 POM_5V_GPU 82/87 POM_5V_CPU 164/207
RAM 1395/3964MB (lfb 8x4MB) SWAP 758/6078MB (cached 38MB) IRAM 0/252kB(lfb 252kB) CPU [8%@921,5%@921,off,off] EMC_FREQ 0%@1600 GR3D_FREQ 0%@614 APE 25 PLL@30C CPU@31.5C iwlwifi@32C PMIC@50C GPU@30C AO@41C thermal@30.75C POM_5V_IN 1689/1755 POM_5V_GPU 82/87 POM_5V_CPU 164/207
RAM 1395/3964MB (lfb 8x4MB) SWAP 758/6078MB (cached 38MB) IRAM 0/252kB(lfb 252kB) CPU [9%@921,5%@921,off,off] EMC_FREQ 0%@1600 GR3D_FREQ 0%@614 APE 25 PLL@30C CPU@31.5C iwlwifi@32C PMIC@50C GPU@30C AO@41C thermal@30.75C POM_5V_IN 1689/1755 POM_5V_GPU 82/87 POM_5V_CPU 164/207
RAM 1393/3964MB (lfb 8x4MB) SWAP 758/6078MB (cached 38MB) IRAM 0/252kB(lfb 252kB) CPU [6%@921,7%@921,off,off] EMC_FREQ 0%@1600 GR3D_FREQ 0%@614 APE 25 PLL@30.5C CPU@31.5C iwlwifi@32C PMIC@50C GPU@29.5C AO@41C thermal@30.75C POM_5V_IN 1689/1755 POM_5V_GPU 82/87 POM_5V_CPU 164/207
RAM 1395/3964MB (lfb 8x4MB) SWAP 758/6078MB (cached 38MB) IRAM 0/252kB(lfb 252kB) CPU [7%@921,6%@921,off,off] EMC_FREQ 0%@1600 GR3D_FREQ 0%@614 APE 25 PLL@30C CPU@32C iwlwifi@32C PMIC@50C GPU@30C AO@41C thermal@30.75C POM_5V_IN 1731/1755 POM_5V_GPU 82/87 POM_5V_CPU 164/207
RAM 1397/3964MB (lfb 8x4MB) SWAP 758/6078MB (cached 38MB) IRAM 0/252kB(lfb 252kB) CPU [8%@921,6%@921,off,off] EMC_FREQ 0%@1600 GR3D_FREQ 0%@614 APE 25 PLL@30C CPU@31.5C iwlwifi@32C PMIC@50C GPU@30C AO@41C thermal@30.75C POM_5V_IN 1689/1755 POM_5V_GPU 82/87 POM_5V_CPU 164/207
RAM 1395/3964MB (lfb 8x4MB) SWAP 758/6078MB (cached 38MB) IRAM 0/252kB(lfb 252kB) CPU [7%@921,7%@921,off,off] EMC_FREQ 0%@1600 GR3D_FREQ 0%@614 APE 25 PLL@30C CPU@32C iwlwifi@32C PMIC@50C GPU@30C AO@41C thermal@31C POM_5V_IN 1689/1755 POM_5V_GPU 82/87 POM_5V_CPU 164/207
RAM 1395/3964MB (lfb 8x4MB) SWAP 758/6078MB (cached 38MB) IRAM 0/252kB(lfb 252kB) CPU [6%@921,7%@921,off,off] EMC_FREQ 0%@1600 GR3D_FREQ 0%@614 APE 25 PLL@30C CPU@32C iwlwifi@32C PMIC@50C GPU@30C AO@40.5C thermal@31C POM_5V_IN 1689/1755 POM_5V_GPU 82/87 POM_5V_CPU 164/206
RAM 1399/3964MB (lfb 8x4MB) SWAP 758/6078MB (cached 38MB) IRAM 0/252kB(lfb 252kB) CPU [7%@921,7%@921,off,off] EMC_FREQ 0%@1600 GR3D_FREQ 0%@614 APE 25 PLL@30C CPU@31.5C iwlwifi@32C PMIC@50C GPU@30C AO@41C thermal@30.75C POM_5V_IN 1689/1755 POM_5V_GPU 82/87 POM_5V_CPU 164/206
RAM 1394/3964MB (lfb 8x4MB) SWAP 758/6078MB (cached 38MB) IRAM 0/252kB(lfb 252kB) CPU [7%@921,6%@921,off,off] EMC_FREQ 0%@1600 GR3D_FREQ 0%@614 APE 25 PLL@30C CPU@31.5C iwlwifi@32C PMIC@50C GPU@30C AO@40.5C thermal@30.75C POM_5V_IN 1731/1755 POM_5V_GPU 82/87 POM_5V_CPU 164/206
RAM 1396/3964MB (lfb 8x4MB) SWAP 758/6078MB (cached 38MB) IRAM 0/252kB(lfb 252kB) CPU [8%@921,6%@921,off,off] EMC_FREQ 0%@1600 GR3D_FREQ 0%@614 APE 25 PLL@30C CPU@32C iwlwifi@32C PMIC@50C GPU@30C AO@41C thermal@30.75C POM_5V_IN 1731/1755 POM_5V_GPU 82/87 POM_5V_CPU 164/206
RAM 1397/3964MB (lfb 8x4MB) SWAP 758/6078MB (cached 38MB) IRAM 0/252kB(lfb 252kB) CPU [7%@921,7%@921,off,off] EMC_FREQ 0%@1600 GR3D_FREQ 0%@614 APE 25 PLL@30C CPU@31.5C iwlwifi@32C PMIC@50C GPU@30.5C AO@40.5C thermal@31C POM_5V_IN 1689/1755 POM_5V_GPU 82/87 POM_5V_CPU 164/206
RAM 1393/3964MB (lfb 8x4MB) SWAP 758/6078MB (cached 38MB) IRAM 0/252kB(lfb 252kB) CPU [6%@921,8%@921,off,off] EMC_FREQ 0%@1600 GR3D_FREQ 0%@614 APE 25 PLL@30C CPU@31.5C iwlwifi@32C PMIC@50C GPU@30C AO@41C thermal@31C POM_5V_IN 1689/1755 POM_5V_GPU 82/87 POM_5V_CPU 164/206
RAM 1395/3964MB (lfb 8x4MB) SWAP 758/6078MB (cached 38MB) IRAM 0/252kB(lfb 252kB) CPU [4%@921,10%@921,off,off] EMC_FREQ 0%@1600 GR3D_FREQ 0%@614 APE 25 PLL@30C CPU@31.5C iwlwifi@32C PMIC@50C GPU@30C AO@41C thermal@30.75C POM_5V_IN 1731/1755 POM_5V_GPU 82/87 POM_5V_CPU 164/206
RAM 1393/3964MB (lfb 8x4MB) SWAP 758/6078MB (cached 38MB) IRAM 0/252kB(lfb 252kB) CPU [8%@921,6%@921,off,off] EMC_FREQ 0%@1600 GR3D_FREQ 0%@614 APE 25 PLL@30C CPU@31.5C iwlwifi@32C PMIC@50C GPU@30C AO@41C thermal@30.75C POM_5V_IN 1689/1755 POM_5V_GPU 82/87 POM_5V_CPU 164/206
RAM 1395/3964MB (lfb 8x4MB) SWAP 758/6078MB (cached 38MB) IRAM 0/252kB(lfb 252kB) CPU [5%@921,8%@921,off,off] EMC_FREQ 0%@1600 GR3D_FREQ 0%@614 APE 25 PLL@30C CPU@31.5C iwlwifi@32C PMIC@50C GPU@30C AO@41C thermal@30.75C POM_5V_IN 1689/1755 POM_5V_GPU 82/87 POM_5V_CPU 164/206
RAM 1395/3964MB (lfb 8x4MB) SWAP 758/6078MB (cached 38MB) IRAM 0/252kB(lfb 252kB) CPU [7%@921,6%@921,off,off] EMC_FREQ 0%@1600 GR3D_FREQ 0%@614 APE 25 PLL@30C CPU@31.5C iwlwifi@32C PMIC@50C GPU@30C AO@41C thermal@30.75C POM_5V_IN 1689/1755 POM_5V_GPU 82/87 POM_5V_CPU 164/206
RAM 1397/3964MB (lfb 8x4MB) SWAP 758/6078MB (cached 38MB) IRAM 0/252kB(lfb 252kB) CPU [5%@921,9%@921,off,off] EMC_FREQ 0%@1600 GR3D_FREQ 0%@614 APE 25 PLL@30C CPU@31.5C iwlwifi@32C PMIC@50C GPU@30C AO@41C thermal@30.75C POM_5V_IN 1689/1755 POM_5V_GPU 82/87 POM_5V_CPU 164/206
RAM 1397/3964MB (lfb 8x4MB) SWAP 758/6078MB (cached 38MB) IRAM 0/252kB(lfb 252kB) CPU [10%@921,3%@921,off,off] EMC_FREQ 0%@1600 GR3D_FREQ 0%@614 APE 25 PLL@30C CPU@31.5C iwlwifi@32C PMIC@50C GPU@30C AO@41C thermal@30.75C POM_5V_IN 1689/1755 POM_5V_GPU 82/87 POM_5V_CPU 164/206
RAM 1399/3964MB (lfb 8x4MB) SWAP 758/6078MB (cached 38MB) IRAM 0/252kB(lfb 252kB) CPU [5%@921,8%@921,off,off] EMC_FREQ 0%@1600 GR3D_FREQ 0%@614 APE 25 PLL@30C CPU@31.5C iwlwifi@32C PMIC@50C GPU@30C AO@41C thermal@31C POM_5V_IN 1689/1755 POM_5V_GPU 82/87 POM_5V_CPU 164/206
RAM 1397/3964MB (lfb 8x4MB) SWAP 758/6078MB (cached 38MB) IRAM 0/252kB(lfb 252kB) CPU [5%@921,8%@921,off,off] EMC_FREQ 0%@1600 GR3D_FREQ 0%@614 APE 25 PLL@30C CPU@31.5C iwlwifi@32C PMIC@50C GPU@30.5C AO@41C thermal@30.75C POM_5V_IN 1689/1755 POM_5V_GPU 82/87 POM_5V_CPU 164/206
RAM 1396/3964MB (lfb 8x4MB) SWAP 758/6078MB (cached 38MB) IRAM 0/252kB(lfb 252kB) CPU [7%@921,7%@921,off,off] EMC_FREQ 0%@1600 GR3D_FREQ 0%@614 APE 25 PLL@30C CPU@31.5C iwlwifi@32C PMIC@50C GPU@30C AO@41C thermal@31C POM_5V_IN 1689/1755 POM_5V_GPU 82/87 POM_5V_CPU 164/206
RAM 1393/3964MB (lfb 8x4MB) SWAP 758/6078MB (cached 38MB) IRAM 0/252kB(lfb 252kB) CPU [5%@921,9%@921,off,off] EMC_FREQ 0%@1600 GR3D_FREQ 0%@614 APE 25 PLL@30C CPU@31.5C iwlwifi@32C PMIC@50C GPU@30C AO@41C thermal@30.75C POM_5V_IN 1689/1755 POM_5V_GPU 82/87 POM_5V_CPU 164/206
RAM 1397/3964MB (lfb 8x4MB) SWAP 758/6078MB (cached 38MB) IRAM 0/252kB(lfb 252kB) CPU [10%@921,4%@921,off,off] EMC_FREQ 0%@1600 GR3D_FREQ 0%@614 APE 25 PLL@30C CPU@31.5C iwlwifi@32C PMIC@50C GPU@30C AO@41C thermal@31C POM_5V_IN 1689/1755 POM_5V_GPU 82/87 POM_5V_CPU 164/206
RAM 1398/3964MB (lfb 8x4MB) SWAP 758/6078MB (cached 38MB) IRAM 0/252kB(lfb 252kB) CPU [5%@921,8%@921,off,off] EMC_FREQ 0%@1600 GR3D_FREQ 0%@614 APE 25 PLL@29.5C CPU@31.5C iwlwifi@32C PMIC@50C GPU@30C AO@41C thermal@30.75C POM_5V_IN 1689/1755 POM_5V_GPU 82/87 POM_5V_CPU 164/206
RAM 1394/3964MB (lfb 8x4MB) SWAP 758/6078MB (cached 38MB) IRAM 0/252kB(lfb 252kB) CPU [8%@921,6%@921,off,off] EMC_FREQ 0%@1600 GR3D_FREQ 0%@614 APE 25 PLL@30C CPU@31.5C iwlwifi@32C PMIC@50C GPU@30C AO@41C thermal@30.75C POM_5V_IN 1689/1755 POM_5V_GPU 82/87 POM_5V_CPU 164/206
RAM 1395/3964MB (lfb 8x4MB) SWAP 758/6078MB (cached 38MB) IRAM 0/252kB(lfb 252kB) CPU [8%@921,6%@921,off,off] EMC_FREQ 0%@1600 GR3D_FREQ 0%@614 APE 25 PLL@30C CPU@31.5C iwlwifi@32C PMIC@50C GPU@30C AO@41C thermal@30.75C POM_5V_IN 1689/1755 POM_5V_GPU 82/87 POM_5V_CPU 164/206
RAM 1393/3964MB (lfb 8x4MB) SWAP 758/6078MB (cached 38MB) IRAM 0/252kB(lfb 252kB) CPU [4%@921,10%@921,off,off] EMC_FREQ 0%@1600 GR3D_FREQ 0%@614 APE 25 PLL@30C CPU@31.5C iwlwifi@32C PMIC@50C GPU@30C AO@41C thermal@30.5C POM_5V_IN 1975/1755 POM_5V_GPU 82/87 POM_5V_CPU 205/206
RAM 1395/3964MB (lfb 8x4MB) SWAP 758/6078MB (cached 38MB) IRAM 0/252kB(lfb 252kB) CPU [6%@921,7%@921,off,off] EMC_FREQ 0%@1600 GR3D_FREQ 0%@614 APE 25 PLL@30C CPU@31.5C iwlwifi@32C PMIC@50C GPU@30C AO@41.5C thermal@30.75C POM_5V_IN 1689/1755 POM_5V_GPU 82/87 POM_5V_CPU 123/206
RAM 1393/3964MB (lfb 8x4MB) SWAP 758/6078MB (cached 38MB) IRAM 0/252kB(lfb 252kB) CPU [7%@921,7%@921,off,off] EMC_FREQ 0%@1600 GR3D_FREQ 0%@614 APE 25 PLL@30C CPU@31.5C iwlwifi@32C PMIC@50C GPU@30C AO@41C thermal@31C POM_5V_IN 1731/1755 POM_5V_GPU 82/87 POM_5V_CPU 164/206
RAM 1395/3964MB (lfb 8x4MB) SWAP 758/6078MB (cached 38MB) IRAM 0/252kB(lfb 252kB) CPU [6%@921,7%@921,off,off] EMC_FREQ 0%@1600 GR3D_FREQ 0%@614 APE 25 PLL@29.5C CPU@31.5C iwlwifi@32C PMIC@50C GPU@30C AO@41C thermal@30.75C POM_5V_IN 1689/1755 POM_5V_GPU 82/87 POM_5V_CPU 164/206
RAM 1395/3964MB (lfb 8x4MB) SWAP 758/6078MB (cached 38MB) IRAM 0/252kB(lfb 252kB) CPU [7%@921,7%@921,off,off] EMC_FREQ 0%@1600 GR3D_FREQ 0%@614 APE 25 PLL@30C CPU@31.5C iwlwifi@32C PMIC@50C GPU@30C AO@40.5C thermal@30.75C POM_5V_IN 1851/1755 POM_5V_GPU 82/87 POM_5V_CPU 246/206
RAM 1398/3964MB (lfb 8x4MB) SWAP 758/6078MB (cached 38MB) IRAM 0/252kB(lfb 252kB) CPU [7%@921,6%@921,off,off] EMC_FREQ 0%@1600 GR3D_FREQ 0%@614 APE 25 PLL@30C CPU@32C iwlwifi@32C PMIC@50C GPU@30C AO@41C thermal@30.75C POM_5V_IN 1689/1755 POM_5V_GPU 82/87 POM_5V_CPU 164/206
RAM 1397/3964MB (lfb 8x4MB) SWAP 758/6078MB (cached 38MB) IRAM 0/252kB(lfb 252kB) CPU [7%@921,7%@921,off,off] EMC_FREQ 0%@1600 GR3D_FREQ 0%@614 APE 25 PLL@29.5C CPU@31.5C iwlwifi@32C PMIC@50C GPU@30C AO@41C thermal@30.5C POM_5V_IN 1689/1755 POM_5V_GPU 82/87 POM_5V_CPU 164/206
RAM 1394/3964MB (lfb 8x4MB) SWAP 758/6078MB (cached 38MB) IRAM 0/252kB(lfb 252kB) CPU [6%@921,7%@921,off,off] EMC_FREQ 0%@1600 GR3D_FREQ 0%@614 APE 25 PLL@30C CPU@32C iwlwifi@32C PMIC@50C GPU@30C AO@40.5C thermal@30.75C POM_5V_IN 1689/1755 POM_5V_GPU 82/87 POM_5V_CPU 164/206
RAM 1395/3964MB (lfb 8x4MB) SWAP 758/6078MB (cached 38MB) IRAM 0/252kB(lfb 252kB) CPU [8%@921,6%@921,off,off] EMC_FREQ 0%@1600 GR3D_FREQ 0%@614 APE 25 PLL@30C CPU@31.5C iwlwifi@32C PMIC@50C GPU@30C AO@41C thermal@30.75C POM_5V_IN 1689/1754 POM_5V_GPU 82/87 POM_5V_CPU 164/206
RAM 1397/3964MB (lfb 8x4MB) SWAP 758/6078MB (cached 38MB) IRAM 0/252kB(lfb 252kB) CPU [5%@921,8%@921,off,off] EMC_FREQ 0%@1600 GR3D_FREQ 0%@614 APE 25 PLL@30C CPU@31C iwlwifi@32C PMIC@50C GPU@30C AO@41C thermal@30.75C POM_5V_IN 1689/1754 POM_5V_GPU 82/87 POM_5V_CPU 164/206
RAM 1400/3964MB (lfb 8x4MB) SWAP 758/6078MB (cached 38MB) IRAM 0/252kB(lfb 252kB) CPU [8%@921,5%@921,off,off] EMC_FREQ 0%@1600 GR3D_FREQ 0%@614 APE 25 PLL@30C CPU@31.5C iwlwifi@33C PMIC@50C GPU@30C AO@41C thermal@30.5C POM_5V_IN 1689/1754 POM_5V_GPU 82/87 POM_5V_CPU 123/206
RAM 1399/3964MB (lfb 8x4MB) SWAP 758/6078MB (cached 38MB) IRAM 0/252kB(lfb 252kB) CPU [7%@921,10%@921,off,off] EMC_FREQ 0%@1600 GR3D_FREQ 0%@614 APE 25 PLL@29.5C CPU@31C iwlwifi@32C PMIC@50C GPU@30C AO@41C thermal@30.75C POM_5V_IN 1687/1754 POM_5V_GPU 82/87 POM_5V_CPU 164/206
RAM 1396/3964MB (lfb 8x4MB) SWAP 758/6078MB (cached 38MB) IRAM 0/252kB(lfb 252kB) CPU [9%@921,6%@921,off,off] EMC_FREQ 0%@1600 GR3D_FREQ 0%@614 APE 25 PLL@29.5C CPU@31.5C iwlwifi@32C PMIC@50C GPU@30C AO@41C thermal@31C POM_5V_IN 1728/1754 POM_5V_GPU 82/87 POM_5V_CPU 164/206
RAM 1398/3964MB (lfb 8x4MB) SWAP 758/6078MB (cached 38MB) IRAM 0/252kB(lfb 252kB) CPU [6%@921,8%@921,off,off] EMC_FREQ 0%@1600 GR3D_FREQ 0%@614 APE 25 PLL@30C CPU@31.5C iwlwifi@32C PMIC@50C GPU@30C AO@41C thermal@30.75C POM_5V_IN 1689/1754 POM_5V_GPU 82/87 POM_5V_CPU 164/206
RAM 1394/3964MB (lfb 8x4MB) SWAP 758/6078MB (cached 38MB) IRAM 0/252kB(lfb 252kB) CPU [9%@921,4%@921,off,off] EMC_FREQ 0%@1600 GR3D_FREQ 0%@614 APE 25 PLL@30C CPU@31.5C iwlwifi@32C PMIC@50C GPU@30C AO@41C thermal@30.75C POM_5V_IN 1731/1754 POM_5V_GPU 82/87 POM_5V_CPU 164/206
RAM 1397/3964MB (lfb 8x4MB) SWAP 758/6078MB (cached 38MB) IRAM 0/252kB(lfb 252kB) CPU [7%@921,7%@921,off,off] EMC_FREQ 0%@1600 GR3D_FREQ 0%@614 APE 25 PLL@30C CPU@31.5C iwlwifi@32C PMIC@50C GPU@30C AO@41C thermal@30.75C POM_5V_IN 1689/1754 POM_5V_GPU 82/87 POM_5V_CPU 164/206
RAM 1397/3964MB (lfb 8x4MB) SWAP 758/6078MB (cached 38MB) IRAM 0/252kB(lfb 252kB) CPU [7%@921,8%@921,off,off] EMC_FREQ 0%@1600 GR3D_FREQ 0%@614 APE 25 PLL@30C CPU@31C iwlwifi@32C PMIC@50C GPU@30C AO@41C thermal@30.75C POM_5V_IN 1689/1754 POM_5V_GPU 82/87 POM_5V_CPU 164/206
RAM 1395/3964MB (lfb 8x4MB) SWAP 758/6078MB (cached 38MB) IRAM 0/252kB(lfb 252kB) CPU [8%@921,6%@921,off,off] EMC_FREQ 0%@1600 GR3D_FREQ 0%@614 APE 25 PLL@30C CPU@31.5C iwlwifi@32C PMIC@50C GPU@30C AO@41C thermal@30.5C POM_5V_IN 1731/1754 POM_5V_GPU 82/87 POM_5V_CPU 206/206
RAM 1397/3964MB (lfb 8x4MB) SWAP 758/6078MB (cached 38MB) IRAM 0/252kB(lfb 252kB) CPU [8%@921,5%@921,off,off] EMC_FREQ 0%@1600 GR3D_FREQ 0%@614 APE 25 PLL@30C CPU@31.5C iwlwifi@32C PMIC@50C GPU@30C AO@41C thermal@30.75C POM_5V_IN 1689/1754 POM_5V_GPU 82/87 POM_5V_CPU 164/206
RAM 1395/3964MB (lfb 8x4MB) SWAP 758/6078MB (cached 38MB) IRAM 0/252kB(lfb 252kB) CPU [12%@921,3%@921,off,off] EMC_FREQ 0%@1600 GR3D_FREQ 0%@614 APE 25 PLL@30C CPU@31.5C iwlwifi@32C PMIC@50C GPU@30C AO@41C thermal@30.75C POM_5V_IN 1689/1754 POM_5V_GPU 82/87 POM_5V_CPU 164/206
RAM 1397/3964MB (lfb 8x4MB) SWAP 758/6078MB (cached 38MB) IRAM 0/252kB(lfb 252kB) CPU [7%@921,6%@921,off,off] EMC_FREQ 0%@1600 GR3D_FREQ 0%@614 APE 25 PLL@30C CPU@31.5C iwlwifi@32C PMIC@50C GPU@29.5C AO@41C thermal@30.5C POM_5V_IN 1689/1754 POM_5V_GPU 82/87 POM_5V_CPU 164/206
RAM 1393/3964MB (lfb 8x4MB) SWAP 758/6078MB (cached 38MB) IRAM 0/252kB(lfb 252kB) CPU [7%@921,6%@921,off,off] EMC_FREQ 0%@1600 GR3D_FREQ 0%@614 APE 25 PLL@30C CPU@31.5C iwlwifi@32C PMIC@50C GPU@30C AO@41C thermal@30.75C POM_5V_IN 1689/1754 POM_5V_GPU 82/87 POM_5V_CPU 164/206
RAM 1397/3964MB (lfb 8x4MB) SWAP 758/6078MB (cached 38MB) IRAM 0/252kB(lfb 252kB) CPU [7%@921,7%@921,off,off] EMC_FREQ 0%@1600 GR3D_FREQ 0%@614 APE 25 PLL@29.5C CPU@31.5C iwlwifi@32C PMIC@50C GPU@30C AO@41C thermal@30.75C POM_5V_IN 1689/1754 POM_5V_GPU 82/87 POM_5V_CPU 164/206
RAM 1393/3964MB (lfb 8x4MB) SWAP 758/6078MB (cached 38MB) IRAM 0/252kB(lfb 252kB) CPU [7%@921,6%@921,off,off] EMC_FREQ 0%@1600 GR3D_FREQ 0%@614 APE 25 PLL@30C CPU@32C iwlwifi@32C PMIC@50C GPU@30C AO@41C thermal@30.75C POM_5V_IN 1689/1754 POM_5V_GPU 82/87 POM_5V_CPU 164/206
RAM 1395/3964MB (lfb 8x4MB) SWAP 758/6078MB (cached 38MB) IRAM 0/252kB(lfb 252kB) CPU [7%@921,7%@921,off,off] EMC_FREQ 0%@1600 GR3D_FREQ 0%@614 APE 25 PLL@30C CPU@31.5C iwlwifi@32C PMIC@50C GPU@30C AO@41C thermal@31C POM_5V_IN 1689/1754 POM_5V_GPU 82/87 POM_5V_CPU 164/206
RAM 1393/3964MB (lfb 8x4MB) SWAP 758/6078MB (cached 38MB) IRAM 0/252kB(lfb 252kB) CPU [7%@921,6%@921,off,off] EMC_FREQ 0%@1600 GR3D_FREQ 0%@614 APE 25 PLL@30C CPU@31.5C iwlwifi@32C PMIC@50C GPU@30C AO@41C thermal@30.75C POM_5V_IN 1689/1754 POM_5V_GPU 82/87 POM_5V_CPU 164/206
RAM 1393/3964MB (lfb 8x4MB) SWAP 758/6078MB (cached 38MB) IRAM 0/252kB(lfb 252kB) CPU [6%@921,7%@921,off,off] EMC_FREQ 0%@1600 GR3D_FREQ 0%@614 APE 25 PLL@30C CPU@31.5C iwlwifi@32C PMIC@50C GPU@30C AO@41C thermal@30.75C POM_5V_IN 1689/1754 POM_5V_GPU 82/87 POM_5V_CPU 164/206
RAM 1395/3964MB (lfb 8x4MB) SWAP 758/6078MB (cached 38MB) IRAM 0/252kB(lfb 252kB) CPU [7%@921,6%@921,off,off] EMC_FREQ 0%@1600 GR3D_FREQ 0%@614 APE 25 PLL@29.5C CPU@31.5C iwlwifi@32C PMIC@50C GPU@29.5C AO@41C thermal@30.5C POM_5V_IN 1689/1754 POM_5V_GPU 82/87 POM_5V_CPU 164/206
RAM 1393/3964MB (lfb 8x4MB) SWAP 758/6078MB (cached 38MB) IRAM 0/252kB(lfb 252kB) CPU [7%@921,8%@921,off,off] EMC_FREQ 0%@1600 GR3D_FREQ 0%@614 APE 25 PLL@30C CPU@31.5C iwlwifi@32C PMIC@50C GPU@30C AO@41C thermal@30.5C POM_5V_IN 1689/1754 POM_5V_GPU 82/87 POM_5V_CPU 164/206
RAM 1393/3964MB (lfb 8x4MB) SWAP 758/6078MB (cached 38MB) IRAM 0/252kB(lfb 252kB) CPU [5%@921,8%@921,off,off] EMC_FREQ 0%@1600 GR3D_FREQ 0%@614 APE 25 PLL@29.5C CPU@31.5C iwlwifi@32C PMIC@50C GPU@30C AO@41C thermal@30.5C POM_5V_IN 1689/1754 POM_5V_GPU 82/87 POM_5V_CPU 164/206
RAM 1395/3964MB (lfb 8x4MB) SWAP 758/6078MB (cached 38MB) IRAM 0/252kB(lfb 252kB) CPU [7%@921,8%@921,off,off] EMC_FREQ 0%@1600 GR3D_FREQ 0%@614 APE 25 PLL@30C CPU@31C iwlwifi@32C PMIC@50C GPU@30C AO@41C thermal@30.5C POM_5V_IN 1689/1754 POM_5V_GPU 82/87 POM_5V_CPU 164/206
RAM 1393/3964MB (lfb 8x4MB) SWAP 758/6078MB (cached 38MB) IRAM 0/252kB(lfb 252kB) CPU [5%@921,9%@921,off,off] EMC_FREQ 0%@1600 GR3D_FREQ 0%@614 APE 25 PLL@30C CPU@31.5C iwlwifi@32C PMIC@50C GPU@30C AO@41C thermal@30.5C POM_5V_IN 1689/1754 POM_5V_GPU 82/87 POM_5V_CPU 164/206
RAM 1397/3964MB (lfb 8x4MB) SWAP 758/6078MB (cached 38MB) IRAM 0/252kB(lfb 252kB) CPU [4%@921,9%@921,off,off] EMC_FREQ 0%@1600 GR3D_FREQ 0%@614 APE 25 PLL@29.5C CPU@31.5C iwlwifi@32C PMIC@50C GPU@29.5C AO@41C thermal@30.25C POM_5V_IN 1689/1754 POM_5V_GPU 82/87 POM_5V_CPU 164/206
RAM 1395/3964MB (lfb 8x4MB) SWAP 758/6078MB (cached 38MB) IRAM 0/252kB(lfb 252kB) CPU [7%@921,6%@921,off,off] EMC_FREQ 0%@1600 GR3D_FREQ 0%@614 APE 25 PLL@29.5C CPU@31C iwlwifi@32C PMIC@50C GPU@30C AO@41C thermal@30.75C POM_5V_IN 1689/1754 POM_5V_GPU 82/87 POM_5V_CPU 164/206
RAM 1395/3964MB (lfb 8x4MB) SWAP 758/6078MB (cached 38MB) IRAM 0/252kB(lfb 252kB) CPU [9%@921,5%@921,off,off] EMC_FREQ 0%@1600 GR3D_FREQ 0%@614 APE 25 PLL@29.5C CPU@31C iwlwifi@32C PMIC@50C GPU@30C AO@41C thermal@30.75C POM_5V_IN 1689/1754 POM_5V_GPU 82/87 POM_5V_CPU 164/206
RAM 1395/3964MB (lfb 8x4MB) SWAP 758/6078MB (cached 38MB) IRAM 0/252kB(lfb 252kB) CPU [6%@921,6%@921,off,off] EMC_FREQ 0%@1600 GR3D_FREQ 0%@614 APE 25 PLL@29.5C CPU@31.5C iwlwifi@32C PMIC@50C GPU@30C AO@40.5C thermal@30.75C POM_5V_IN 1689/1754 POM_5V_GPU 82/87 POM_5V_CPU 164/206
RAM 1397/3964MB (lfb 8x4MB) SWAP 758/6078MB (cached 38MB) IRAM 0/252kB(lfb 252kB) CPU [5%@921,9%@921,off,off] EMC_FREQ 0%@1600 GR3D_FREQ 0%@614 APE 25 PLL@30C CPU@31.5C iwlwifi@32C PMIC@50C GPU@30C AO@41C thermal@30.75C POM_5V_IN 1689/1754 POM_5V_GPU 82/87 POM_5V_CPU 164/206
RAM 1394/3964MB (lfb 8x4MB) SWAP 758/6078MB (cached 38MB) IRAM 0/252kB(lfb 252kB) CPU [9%@921,3%@921,off,off] EMC_FREQ 0%@1600 GR3D_FREQ 0%@614 APE 25 PLL@30C CPU@31.5C iwlwifi@32C PMIC@50C GPU@30C AO@41C thermal@30.5C POM_5V_IN 1731/1754 POM_5V_GPU 82/87 POM_5V_CPU 164/206
RAM 1395/3964MB (lfb 8x4MB) SWAP 758/6078MB (cached 38MB) IRAM 0/252kB(lfb 252kB) CPU [8%@921,6%@921,off,off] EMC_FREQ 0%@1600 GR3D_FREQ 0%@614 APE 25 PLL@30C CPU@31C iwlwifi@32C PMIC@50C GPU@30C AO@41C thermal@30.75C POM_5V_IN 1689/1754 POM_5V_GPU 82/87 POM_5V_CPU 164/206
RAM 1399/3964MB (lfb 8x4MB) SWAP 758/6078MB (cached 38MB) IRAM 0/252kB(lfb 252kB) CPU [9%@921,5%@921,off,off] EMC_FREQ 0%@1600 GR3D_FREQ 0%@614 APE 25 PLL@29.5C CPU@31.5C iwlwifi@32C PMIC@50C GPU@30C AO@41C thermal@30.75C POM_5V_IN 1689/1754 POM_5V_GPU 82/87 POM_5V_CPU 164/206
RAM 1395/3964MB (lfb 8x4MB) SWAP 758/6078MB (cached 38MB) IRAM 0/252kB(lfb 252kB) CPU [5%@921,8%@921,off,off] EMC_FREQ 0%@1600 GR3D_FREQ 0%@614 APE 25 PLL@30C CPU@31.5C iwlwifi@32C PMIC@50C GPU@30C AO@41C thermal@30.75C POM_5V_IN 1689/1754 POM_5V_GPU 82/87 POM_5V_CPU 164/206
RAM 1397/3964MB (lfb 8x4MB) SWAP 758/6078MB (cached 38MB) IRAM 0/252kB(lfb 252kB) CPU [8%@921,6%@921,off,off] EMC_FREQ 0%@1600 GR3D_FREQ 0%@614 APE 25 PLL@30C CPU@31.5C iwlwifi@32C PMIC@50C GPU@30C AO@41C thermal@30.5C POM_5V_IN 1689/1754 POM_5V_GPU 82/87 POM_5V_CPU 164/206
RAM 1395/3964MB (lfb 8x4MB) SWAP 758/6078MB (cached 38MB) IRAM 0/252kB(lfb 252kB) CPU [6%@921,7%@921,off,off] EMC_FREQ 0%@1600 GR3D_FREQ 0%@614 APE 25 PLL@30C CPU@31C iwlwifi@32C PMIC@50C GPU@30C AO@41C thermal@30.75C POM_5V_IN 1689/1754 POM_5V_GPU 82/87 POM_5V_CPU 164/206
RAM 1397/3964MB (lfb 8x4MB) SWAP 758/6078MB (cached 38MB) IRAM 0/252kB(lfb 252kB) CPU [6%@921,8%@921,off,off] EMC_FREQ 0%@1600 GR3D_FREQ 0%@614 APE 25 PLL@30C CPU@31.5C iwlwifi@32C PMIC@50C GPU@30.5C AO@41C thermal@30.75C POM_5V_IN 1687/1754 POM_5V_GPU 82/87 POM_5V_CPU 164/206
RAM 1393/3964MB (lfb 8x4MB) SWAP 758/6078MB (cached 38MB) IRAM 0/252kB(lfb 252kB) CPU [6%@921,7%@921,off,off] EMC_FREQ 0%@1600 GR3D_FREQ 0%@614 APE 25 PLL@30C CPU@31.5C iwlwifi@32C PMIC@50C GPU@30C AO@41C thermal@30.75C POM_5V_IN 1689/1754 POM_5V_GPU 82/87 POM_5V_CPU 164/206
RAM 1396/3964MB (lfb 8x4MB) SWAP 758/6078MB (cached 38MB) IRAM 0/252kB(lfb 252kB) CPU [7%@921,6%@921,off,off] EMC_FREQ 0%@1600 GR3D_FREQ 0%@614 APE 25 PLL@29.5C CPU@31.5C iwlwifi@32C PMIC@50C GPU@30C AO@41C thermal@30.5C POM_5V_IN 1689/1754 POM_5V_GPU 82/87 POM_5V_CPU 164/206
RAM 1397/3964MB (lfb 8x4MB) SWAP 758/6078MB (cached 38MB) IRAM 0/252kB(lfb 252kB) CPU [6%@921,6%@921,off,off] EMC_FREQ 0%@1600 GR3D_FREQ 0%@614 APE 25 PLL@29.5C CPU@31.5C iwlwifi@32C PMIC@50C GPU@30C AO@41C thermal@30.5C POM_5V_IN 1689/1754 POM_5V_GPU 82/87 POM_5V_CPU 164/206
RAM 1397/3964MB (lfb 8x4MB) SWAP 758/6078MB (cached 38MB) IRAM 0/252kB(lfb 252kB) CPU [7%@921,6%@921,off,off] EMC_FREQ 0%@1600 GR3D_FREQ 0%@614 APE 25 PLL@29.5C CPU@31.5C iwlwifi@32C PMIC@50C GPU@30C AO@41C thermal@30.5C POM_5V_IN 1689/1754 POM_5V_GPU 82/87 POM_5V_CPU 164/206
RAM 1393/3964MB (lfb 8x4MB) SWAP 758/6078MB (cached 38MB) IRAM 0/252kB(lfb 252kB) CPU [7%@921,6%@921,off,off] EMC_FREQ 0%@1600 GR3D_FREQ 0%@614 APE 25 PLL@30C CPU@31.5C iwlwifi@32C PMIC@50C GPU@30C AO@41C thermal@30.75C POM_5V_IN 1689/1754 POM_5V_GPU 82/87 POM_5V_CPU 164/205
RAM 1398/3964MB (lfb 8x4MB) SWAP 758/6078MB (cached 38MB) IRAM 0/252kB(lfb 252kB) CPU [6%@921,9%@921,off,off] EMC_FREQ 0%@1600 GR3D_FREQ 0%@614 APE 25 PLL@29.5C CPU@31.5C iwlwifi@32C PMIC@50C GPU@30C AO@41C thermal@30.75C POM_5V_IN 1689/1754 POM_5V_GPU 82/87 POM_5V_CPU 164/205
RAM 1395/3964MB (lfb 8x4MB) SWAP 758/6078MB (cached 38MB) IRAM 0/252kB(lfb 252kB) CPU [6%@921,7%@921,off,off] EMC_FREQ 0%@1600 GR3D_FREQ 0%@614 APE 25 PLL@30C CPU@31.5C iwlwifi@32C PMIC@50C GPU@30C AO@41C thermal@30.5C POM_5V_IN 1689/1754 POM_5V_GPU 82/87 POM_5V_CPU 164/205
RAM 1393/3964MB (lfb 8x4MB) SWAP 758/6078MB (cached 38MB) IRAM 0/252kB(lfb 252kB) CPU [7%@921,7%@921,off,off] EMC_FREQ 0%@1600 GR3D_FREQ 0%@614 APE 25 PLL@29.5C CPU@31.5C iwlwifi@32C PMIC@50C GPU@30C AO@41.5C thermal@30.5C POM_5V_IN 1689/1754 POM_5V_GPU 82/87 POM_5V_CPU 164/205
RAM 1394/3964MB (lfb 8x4MB) SWAP 758/6078MB (cached 38MB) IRAM 0/252kB(lfb 252kB) CPU [6%@921,7%@921,off,off] EMC_FREQ 0%@1600 GR3D_FREQ 0%@614 APE 25 PLL@29.5C CPU@31.5C iwlwifi@32C PMIC@50C GPU@30C AO@41C thermal@30.5C POM_5V_IN 1689/1754 POM_5V_GPU 82/87 POM_5V_CPU 164/205
RAM 1395/3964MB (lfb 8x4MB) SWAP 758/6078MB (cached 38MB) IRAM 0/252kB(lfb 252kB) CPU [6%@921,7%@921,off,off] EMC_FREQ 0%@1600 GR3D_FREQ 0%@614 APE 25 PLL@30C CPU@31.5C iwlwifi@32C PMIC@50C GPU@30C AO@41C thermal@30.75C POM_5V_IN 1689/1753 POM_5V_GPU 82/87 POM_5V_CPU 164/205
RAM 1396/3964MB (lfb 8x4MB) SWAP 758/6078MB (cached 38MB) IRAM 0/252kB(lfb 252kB) CPU [7%@921,6%@921,off,off] EMC_FREQ 0%@1600 GR3D_FREQ 0%@614 APE 25 PLL@30C CPU@31.5C iwlwifi@32C PMIC@50C GPU@30C AO@40.5C thermal@30.75C POM_5V_IN 1689/1753 POM_5V_GPU 82/87 POM_5V_CPU 164/205
RAM 1398/3964MB (lfb 8x4MB) SWAP 758/6078MB (cached 38MB) IRAM 0/252kB(lfb 252kB) CPU [7%@921,6%@921,off,off] EMC_FREQ 0%@1600 GR3D_FREQ 0%@614 APE 25 PLL@30C CPU@31.5C iwlwifi@32C PMIC@50C GPU@30C AO@40.5C thermal@30.75C POM_5V_IN 1689/1753 POM_5V_GPU 82/87 POM_5V_CPU 164/205
RAM 1395/3964MB (lfb 8x4MB) SWAP 758/6078MB (cached 38MB) IRAM 0/252kB(lfb 252kB) CPU [5%@921,9%@921,off,off] EMC_FREQ 0%@1600 GR3D_FREQ 0%@614 APE 25 PLL@30.5C CPU@31C iwlwifi@32C PMIC@50C GPU@29.5C AO@40.5C thermal@31C POM_5V_IN 1689/1753 POM_5V_GPU 82/87 POM_5V_CPU 164/205
RAM 1395/3964MB (lfb 8x4MB) SWAP 758/6078MB (cached 38MB) IRAM 0/252kB(lfb 252kB) CPU [4%@921,9%@921,off,off] EMC_FREQ 0%@1600 GR3D_FREQ 0%@614 APE 25 PLL@30C CPU@31.5C iwlwifi@32C PMIC@50C GPU@30C AO@41C thermal@30.75C POM_5V_IN 1689/1753 POM_5V_GPU 82/87 POM_5V_CPU 164/205
RAM 1393/3964MB (lfb 8x4MB) SWAP 758/6078MB (cached 38MB) IRAM 0/252kB(lfb 252kB) CPU [7%@921,7%@921,off,off] EMC_FREQ 0%@1600 GR3D_FREQ 0%@614 APE 25 PLL@30C CPU@31.5C iwlwifi@32C PMIC@50C GPU@30C AO@41C thermal@30.75C POM_5V_IN 1689/1753 POM_5V_GPU 82/87 POM_5V_CPU 164/205
RAM 1397/3964MB (lfb 8x4MB) SWAP 758/6078MB (cached 38MB) IRAM 0/252kB(lfb 252kB) CPU [7%@921,5%@921,off,off] EMC_FREQ 0%@1600 GR3D_FREQ 0%@614 APE 25 PLL@29.5C CPU@31.5C iwlwifi@32C PMIC@50C GPU@30C AO@41C thermal@30.5C POM_5V_IN 1731/1753 POM_5V_GPU 82/87 POM_5V_CPU 164/205
RAM 1394/3964MB (lfb 8x4MB) SWAP 758/6078MB (cached 38MB) IRAM 0/252kB(lfb 252kB) CPU [7%@921,6%@921,off,off] EMC_FREQ 0%@1600 GR3D_FREQ 0%@614 APE 25 PLL@30C CPU@31.5C iwlwifi@32C PMIC@50C GPU@30C AO@41C thermal@30.5C POM_5V_IN 1689/1753 POM_5V_GPU 82/87 POM_5V_CPU 164/205
RAM 1397/3964MB (lfb 8x4MB) SWAP 758/6078MB (cached 38MB) IRAM 0/252kB(lfb 252kB) CPU [6%@921,7%@921,off,off] EMC_FREQ 0%@1600 GR3D_FREQ 0%@614 APE 25 PLL@30C CPU@31.5C iwlwifi@32C PMIC@50C GPU@30C AO@41C thermal@30.5C POM_5V_IN 1689/1753 POM_5V_GPU 82/87 POM_5V_CPU 164/205
RAM 1393/3964MB (lfb 8x4MB) SWAP 758/6078MB (cached 38MB) IRAM 0/252kB(lfb 252kB) CPU [6%@921,8%@921,off,off] EMC_FREQ 0%@1600 GR3D_FREQ 0%@614 APE 25 PLL@29.5C CPU@31.5C iwlwifi@32C PMIC@50C GPU@29.5C AO@41C thermal@30.75C POM_5V_IN 1731/1753 POM_5V_GPU 82/87 POM_5V_CPU 164/205
RAM 1397/3964MB (lfb 8x4MB) SWAP 758/6078MB (cached 38MB) IRAM 0/252kB(lfb 252kB) CPU [6%@921,7%@921,off,off] EMC_FREQ 0%@1600 GR3D_FREQ 0%@614 APE 25 PLL@30C CPU@32C iwlwifi@32C PMIC@50C GPU@30C AO@41C thermal@30.75C POM_5V_IN 1731/1753 POM_5V_GPU 82/87 POM_5V_CPU 164/205
RAM 1397/3964MB (lfb 8x4MB) SWAP 758/6078MB (cached 38MB) IRAM 0/252kB(lfb 252kB) CPU [8%@921,6%@921,off,off] EMC_FREQ 0%@1600 GR3D_FREQ 0%@614 APE 25 PLL@30C CPU@31.5C iwlwifi@32C PMIC@50C GPU@30C AO@41C thermal@30.75C POM_5V_IN 1687/1753 POM_5V_GPU 82/87 POM_5V_CPU 164/205
RAM 1393/3964MB (lfb 8x4MB) SWAP 758/6078MB (cached 38MB) IRAM 0/252kB(lfb 252kB) CPU [6%@921,8%@921,off,off] EMC_FREQ 0%@1600 GR3D_FREQ 0%@614 APE 25 PLL@30C CPU@31.5C iwlwifi@32C PMIC@50C GPU@30C AO@41C thermal@30.75C POM_5V_IN 1689/1753 POM_5V_GPU 82/87 POM_5V_CPU 164/205
RAM 1393/3964MB (lfb 8x4MB) SWAP 758/6078MB (cached 38MB) IRAM 0/252kB(lfb 252kB) CPU [5%@921,8%@921,off,off] EMC_FREQ 0%@1600 GR3D_FREQ 0%@614 APE 25 PLL@30C CPU@31.5C iwlwifi@32C PMIC@50C GPU@30C AO@41C thermal@30.75C POM_5V_IN 1689/1753 POM_5V_GPU 82/87 POM_5V_CPU 164/205
RAM 1397/3964MB (lfb 8x4MB) SWAP 758/6078MB (cached 38MB) IRAM 0/252kB(lfb 252kB) CPU [5%@921,8%@921,off,off] EMC_FREQ 0%@1600 GR3D_FREQ 0%@614 APE 25 PLL@30C CPU@31.5C iwlwifi@32C PMIC@50C GPU@29.5C AO@40.5C thermal@31C POM_5V_IN 1689/1753 POM_5V_GPU 82/87 POM_5V_CPU 164/205
RAM 1397/3964MB (lfb 8x4MB) SWAP 758/6078MB (cached 38MB) IRAM 0/252kB(lfb 252kB) CPU [7%@921,6%@921,off,off] EMC_FREQ 0%@1600 GR3D_FREQ 0%@614 APE 25 PLL@30C CPU@31.5C iwlwifi@32C PMIC@50C GPU@30C AO@40.5C thermal@30.75C POM_5V_IN 1689/1753 POM_5V_GPU 82/87 POM_5V_CPU 164/205
RAM 1395/3964MB (lfb 8x4MB) SWAP 758/6078MB (cached 38MB) IRAM 0/252kB(lfb 252kB) CPU [6%@921,8%@921,off,off] EMC_FREQ 0%@1600 GR3D_FREQ 0%@614 APE 25 PLL@30C CPU@31.5C iwlwifi@32C PMIC@50C GPU@30C AO@41C thermal@30.75C POM_5V_IN 1892/1753 POM_5V_GPU 82/87 POM_5V_CPU 329/205
RAM 1394/3964MB (lfb 8x4MB) SWAP 758/6078MB (cached 38MB) IRAM 0/252kB(lfb 252kB) CPU [9%@921,4%@921,off,off] EMC_FREQ 0%@1600 GR3D_FREQ 0%@614 APE 25 PLL@30C CPU@31.5C iwlwifi@32C PMIC@50C GPU@30C AO@40.5C thermal@30.75C POM_5V_IN 1689/1753 POM_5V_GPU 82/87 POM_5V_CPU 164/205
RAM 1395/3964MB (lfb 8x4MB) SWAP 758/6078MB (cached 38MB) IRAM 0/252kB(lfb 252kB) CPU [5%@921,9%@921,off,off] EMC_FREQ 0%@1600 GR3D_FREQ 0%@614 APE 25 PLL@30C CPU@31.5C iwlwifi@32C PMIC@50C GPU@30C AO@41C thermal@30.75C POM_5V_IN 1689/1753 POM_5V_GPU 82/87 POM_5V_CPU 164/205
RAM 1397/3964MB (lfb 8x4MB) SWAP 758/6078MB (cached 38MB) IRAM 0/252kB(lfb 252kB) CPU [6%@921,7%@921,off,off] EMC_FREQ 0%@1600 GR3D_FREQ 0%@614 APE 25 PLL@29.5C CPU@31.5C iwlwifi@32C PMIC@50C GPU@30C AO@41C thermal@30.75C POM_5V_IN 1731/1753 POM_5V_GPU 82/87 POM_5V_CPU 164/205
RAM 1395/3964MB (lfb 8x4MB) SWAP 758/6078MB (cached 38MB) IRAM 0/252kB(lfb 252kB) CPU [7%@921,6%@921,off,off] EMC_FREQ 0%@1600 GR3D_FREQ 0%@614 APE 25 PLL@30C CPU@31.5C iwlwifi@32C PMIC@50C GPU@29.5C AO@41C thermal@30.5C POM_5V_IN 1689/1753 POM_5V_GPU 82/87 POM_5V_CPU 123/205
RAM 1397/3964MB (lfb 8x4MB) SWAP 758/6078MB (cached 38MB) IRAM 0/252kB(lfb 252kB) CPU [8%@921,5%@921,off,off] EMC_FREQ 0%@1600 GR3D_FREQ 0%@614 APE 25 PLL@30C CPU@32C iwlwifi@32C PMIC@50C GPU@30C AO@41C thermal@30.75C POM_5V_IN 1772/1753 POM_5V_GPU 82/87 POM_5V_CPU 206/205
RAM 1395/3964MB (lfb 8x4MB) SWAP 758/6078MB (cached 38MB) IRAM 0/252kB(lfb 252kB) CPU [8%@921,6%@921,off,off] EMC_FREQ 0%@1600 GR3D_FREQ 0%@614 APE 25 PLL@30C CPU@31.5C iwlwifi@32C PMIC@50C GPU@30C AO@41C thermal@30.75C POM_5V_IN 1689/1753 POM_5V_GPU 82/87 POM_5V_CPU 164/205
RAM 1393/3964MB (lfb 8x4MB) SWAP 758/6078MB (cached 38MB) IRAM 0/252kB(lfb 252kB) CPU [7%@921,6%@921,off,off] EMC_FREQ 0%@1600 GR3D_FREQ 0%@614 APE 25 PLL@30C CPU@31.5C iwlwifi@32C PMIC@50C GPU@30C AO@41C thermal@30.75C POM_5V_IN 1689/1753 POM_5V_GPU 82/87 POM_5V_CPU 164/205
RAM 1395/3964MB (lfb 8x4MB) SWAP 758/6078MB (cached 38MB) IRAM 0/252kB(lfb 252kB) CPU [7%@921,7%@921,off,off] EMC_FREQ 0%@1600 GR3D_FREQ 0%@614 APE 25 PLL@29.5C CPU@31.5C iwlwifi@32C PMIC@50C GPU@30C AO@41C thermal@31C POM_5V_IN 1689/1753 POM_5V_GPU 82/87 POM_5V_CPU 164/205
RAM 1395/3964MB (lfb 8x4MB) SWAP 758/6078MB (cached 38MB) IRAM 0/252kB(lfb 252kB) CPU [6%@921,8%@921,off,off] EMC_FREQ 0%@1600 GR3D_FREQ 0%@614 APE 25 PLL@30C CPU@31.5C iwlwifi@32C PMIC@50C GPU@30.5C AO@41C thermal@30.75C POM_5V_IN 1731/1753 POM_5V_GPU 82/87 POM_5V_CPU 164/205
RAM 1395/3964MB (lfb 8x4MB) SWAP 758/6078MB (cached 38MB) IRAM 0/252kB(lfb 252kB) CPU [6%@921,8%@921,off,off] EMC_FREQ 0%@1600 GR3D_FREQ 0%@614 APE 25 PLL@30C CPU@31.5C iwlwifi@32C PMIC@50C GPU@30C AO@41C thermal@30.75C POM_5V_IN 1689/1753 POM_5V_GPU 82/87 POM_5V_CPU 164/205
RAM 1397/3964MB (lfb 8x4MB) SWAP 758/6078MB (cached 38MB) IRAM 0/252kB(lfb 252kB) CPU [8%@921,5%@921,off,off] EMC_FREQ 0%@1600 GR3D_FREQ 0%@614 APE 25 PLL@30C CPU@31.5C iwlwifi@32C PMIC@50C GPU@30C AO@41C thermal@31C POM_5V_IN 1689/1753 POM_5V_GPU 82/87 POM_5V_CPU 164/205
RAM 1398/3964MB (lfb 8x4MB) SWAP 758/6078MB (cached 38MB) IRAM 0/252kB(lfb 252kB) CPU [5%@921,9%@921,off,off] EMC_FREQ 0%@1600 GR3D_FREQ 0%@614 APE 25 PLL@30C CPU@32C iwlwifi@32C PMIC@50C GPU@30C AO@41C thermal@30.5C POM_5V_IN 1689/1753 POM_5V_GPU 82/87 POM_5V_CPU 164/205
RAM 1393/3964MB (lfb 8x4MB) SWAP 758/6078MB (cached 38MB) IRAM 0/252kB(lfb 252kB) CPU [5%@921,8%@921,off,off] EMC_FREQ 0%@1600 GR3D_FREQ 0%@614 APE 25 PLL@30C CPU@31C iwlwifi@32C PMIC@50C GPU@30C AO@41C thermal@30.75C POM_5V_IN 1728/1753 POM_5V_GPU 82/87 POM_5V_CPU 164/205
RAM 1398/3964MB (lfb 8x4MB) SWAP 758/6078MB (cached 38MB) IRAM 0/252kB(lfb 252kB) CPU [8%@921,6%@921,off,off] EMC_FREQ 0%@1600 GR3D_FREQ 0%@614 APE 25 PLL@30C CPU@31.5C iwlwifi@32C PMIC@50C GPU@30C AO@41C thermal@30.75C POM_5V_IN 1689/1753 POM_5V_GPU 82/87 POM_5V_CPU 164/205
RAM 1396/3964MB (lfb 8x4MB) SWAP 758/6078MB (cached 38MB) IRAM 0/252kB(lfb 252kB) CPU [8%@921,6%@921,off,off] EMC_FREQ 0%@1600 GR3D_FREQ 0%@614 APE 25 PLL@30C CPU@31.5C iwlwifi@32C PMIC@50C GPU@30C AO@41C thermal@30.75C POM_5V_IN 1689/1753 POM_5V_GPU 82/87 POM_5V_CPU 164/205
RAM 1395/3964MB (lfb 8x4MB) SWAP 758/6078MB (cached 38MB) IRAM 0/252kB(lfb 252kB) CPU [7%@921,6%@921,off,off] EMC_FREQ 0%@1600 GR3D_FREQ 0%@614 APE 25 PLL@30C CPU@31.5C iwlwifi@32C PMIC@50C GPU@30C AO@41C thermal@30.75C POM_5V_IN 1689/1753 POM_5V_GPU 82/87 POM_5V_CPU 123/205
RAM 1397/3964MB (lfb 8x4MB) SWAP 758/6078MB (cached 38MB) IRAM 0/252kB(lfb 252kB) CPU [8%@921,6%@921,off,off] EMC_FREQ 0%@1600 GR3D_FREQ 0%@614 APE 25 PLL@29.5C CPU@31.5C iwlwifi@32C PMIC@50C GPU@30C AO@41C thermal@31C POM_5V_IN 1689/1753 POM_5V_GPU 82/87 POM_5V_CPU 164/205
RAM 1393/3964MB (lfb 8x4MB) SWAP 758/6078MB (cached 38MB) IRAM 0/252kB(lfb 252kB) CPU [7%@921,6%@921,off,off] EMC_FREQ 0%@1600 GR3D_FREQ 0%@614 APE 25 PLL@30C CPU@31.5C iwlwifi@32C PMIC@50C GPU@30C AO@41C thermal@30.75C POM_5V_IN 1689/1753 POM_5V_GPU 82/87 POM_5V_CPU 164/205
RAM 1393/3964MB (lfb 8x4MB) SWAP 758/6078MB (cached 38MB) IRAM 0/252kB(lfb 252kB) CPU [6%@921,8%@921,off,off] EMC_FREQ 0%@1600 GR3D_FREQ 0%@614 APE 25 PLL@29.5C CPU@31.5C iwlwifi@32C PMIC@50C GPU@30C AO@41C thermal@30.75C POM_5V_IN 1687/1753 POM_5V_GPU 82/87 POM_5V_CPU 164/205
RAM 1395/3964MB (lfb 8x4MB) SWAP 758/6078MB (cached 38MB) IRAM 0/252kB(lfb 252kB) CPU [8%@921,5%@921,off,off] EMC_FREQ 0%@1600 GR3D_FREQ 0%@614 APE 25 PLL@30C CPU@31.5C iwlwifi@32C PMIC@50C GPU@30C AO@41C thermal@30.75C POM_5V_IN 1689/1753 POM_5V_GPU 82/87 POM_5V_CPU 164/205
RAM 1397/3964MB (lfb 8x4MB) SWAP 758/6078MB (cached 38MB) IRAM 0/252kB(lfb 252kB) CPU [8%@921,5%@921,off,off] EMC_FREQ 0%@1600 GR3D_FREQ 0%@614 APE 25 PLL@30C CPU@31.5C iwlwifi@32C PMIC@50C GPU@30C AO@41C thermal@30.75C POM_5V_IN 1689/1753 POM_5V_GPU 82/87 POM_5V_CPU 123/205
RAM 1397/3964MB (lfb 8x4MB) SWAP 758/6078MB (cached 38MB) IRAM 0/252kB(lfb 252kB) CPU [9%@921,5%@921,off,off] EMC_FREQ 0%@1600 GR3D_FREQ 0%@614 APE 25 PLL@30C CPU@31.5C iwlwifi@32C PMIC@50C GPU@30C AO@41.5C thermal@30.75C POM_5V_IN 1689/1753 POM_5V_GPU 82/87 POM_5V_CPU 164/205
RAM 1393/3964MB (lfb 8x4MB) SWAP 758/6078MB (cached 38MB) IRAM 0/252kB(lfb 252kB) CPU [8%@921,6%@921,off,off] EMC_FREQ 0%@1600 GR3D_FREQ 0%@614 APE 25 PLL@29.5C CPU@31.5C iwlwifi@32C PMIC@50C GPU@30C AO@41C thermal@31C POM_5V_IN 1772/1753 POM_5V_GPU 82/87 POM_5V_CPU 206/205
RAM 1398/3964MB (lfb 8x4MB) SWAP 758/6078MB (cached 38MB) IRAM 0/252kB(lfb 252kB) CPU [7%@921,7%@921,off,off] EMC_FREQ 0%@1600 GR3D_FREQ 0%@614 APE 25 PLL@29.5C CPU@31.5C iwlwifi@32C PMIC@50C GPU@30C AO@41C thermal@30.75C POM_5V_IN 1689/1753 POM_5V_GPU 82/87 POM_5V_CPU 164/205
RAM 1394/3964MB (lfb 8x4MB) SWAP 758/6078MB (cached 38MB) IRAM 0/252kB(lfb 252kB) CPU [9%@921,4%@921,off,off] EMC_FREQ 0%@1600 GR3D_FREQ 0%@614 APE 25 PLL@30C CPU@31.5C iwlwifi@32C PMIC@50C GPU@30C AO@41.5C thermal@30.75C POM_5V_IN 1689/1753 POM_5V_GPU 82/87 POM_5V_CPU 164/205
RAM 1393/3964MB (lfb 8x4MB) SWAP 758/6078MB (cached 38MB) IRAM 0/252kB(lfb 252kB) CPU [6%@921,7%@921,off,off] EMC_FREQ 0%@1600 GR3D_FREQ 0%@614 APE 25 PLL@30C CPU@31.5C iwlwifi@33C PMIC@50C GPU@30C AO@41C thermal@30.75C POM_5V_IN 1689/1753 POM_5V_GPU 82/87 POM_5V_CPU 164/205
RAM 1393/3964MB (lfb 8x4MB) SWAP 758/6078MB (cached 38MB) IRAM 0/252kB(lfb 252kB) CPU [5%@921,9%@921,off,off] EMC_FREQ 0%@1600 GR3D_FREQ 0%@614 APE 25 PLL@30C CPU@31.5C iwlwifi@32C PMIC@50C GPU@30.5C AO@40.5C thermal@30.75C POM_5V_IN 1687/1753 POM_5V_GPU 82/87 POM_5V_CPU 164/205
RAM 1397/3964MB (lfb 8x4MB) SWAP 758/6078MB (cached 38MB) IRAM 0/252kB(lfb 252kB) CPU [7%@921,7%@921,off,off] EMC_FREQ 0%@1600 GR3D_FREQ 0%@614 APE 25 PLL@30C CPU@31.5C iwlwifi@32C PMIC@50C GPU@30C AO@41C thermal@30.75C POM_5V_IN 1731/1753 POM_5V_GPU 82/87 POM_5V_CPU 164/205
RAM 1395/3964MB (lfb 8x4MB) SWAP 758/6078MB (cached 38MB) IRAM 0/252kB(lfb 252kB) CPU [8%@921,6%@921,off,off] EMC_FREQ 0%@1600 GR3D_FREQ 0%@614 APE 25 PLL@29.5C CPU@31.5C iwlwifi@32C PMIC@50C GPU@30C AO@41C thermal@31C POM_5V_IN 1689/1753 POM_5V_GPU 82/87 POM_5V_CPU 164/205
RAM 1393/3964MB (lfb 8x4MB) SWAP 758/6078MB (cached 38MB) IRAM 0/252kB(lfb 252kB) CPU [8%@921,5%@921,off,off] EMC_FREQ 0%@1600 GR3D_FREQ 0%@614 APE 25 PLL@29.5C CPU@31.5C iwlwifi@32C PMIC@50C GPU@30C AO@41C thermal@31C POM_5V_IN 1689/1753 POM_5V_GPU 82/87 POM_5V_CPU 164/205
RAM 1395/3964MB (lfb 8x4MB) SWAP 758/6078MB (cached 38MB) IRAM 0/252kB(lfb 252kB) CPU [5%@921,8%@921,off,off] EMC_FREQ 0%@1600 GR3D_FREQ 0%@614 APE 25 PLL@30C CPU@31.5C iwlwifi@32C PMIC@50C GPU@30C AO@41C thermal@31C POM_5V_IN 1689/1753 POM_5V_GPU 82/87 POM_5V_CPU 164/205
RAM 1394/3964MB (lfb 8x4MB) SWAP 758/6078MB (cached 38MB) IRAM 0/252kB(lfb 252kB) CPU [7%@921,7%@921,off,off] EMC_FREQ 0%@1600 GR3D_FREQ 0%@614 APE 25 PLL@30C CPU@31C iwlwifi@32C PMIC@50C GPU@30C AO@41C thermal@30.75C POM_5V_IN 1689/1753 POM_5V_GPU 82/87 POM_5V_CPU 164/205
RAM 1394/3964MB (lfb 8x4MB) SWAP 758/6078MB (cached 38MB) IRAM 0/252kB(lfb 252kB) CPU [5%@921,7%@921,off,off] EMC_FREQ 0%@1600 GR3D_FREQ 0%@614 APE 25 PLL@30C CPU@31.5C iwlwifi@32C PMIC@50C GPU@30C AO@40.5C thermal@30.75C POM_5V_IN 1689/1753 POM_5V_GPU 82/87 POM_5V_CPU 164/205
RAM 1396/3964MB (lfb 8x4MB) SWAP 758/6078MB (cached 38MB) IRAM 0/252kB(lfb 252kB) CPU [7%@921,6%@921,off,off] EMC_FREQ 0%@1600 GR3D_FREQ 0%@614 APE 25 PLL@30C CPU@31.5C iwlwifi@32C PMIC@50C GPU@30C AO@41C thermal@30.75C POM_5V_IN 1689/1753 POM_5V_GPU 82/87 POM_5V_CPU 164/205
RAM 1398/3964MB (lfb 8x4MB) SWAP 758/6078MB (cached 38MB) IRAM 0/252kB(lfb 252kB) CPU [6%@921,8%@921,off,off] EMC_FREQ 0%@1600 GR3D_FREQ 0%@614 APE 25 PLL@29.5C CPU@31.5C iwlwifi@32C PMIC@50C GPU@30C AO@41C thermal@30.75C POM_5V_IN 1689/1753 POM_5V_GPU 82/87 POM_5V_CPU 164/205
RAM 1393/3964MB (lfb 8x4MB) SWAP 758/6078MB (cached 38MB) IRAM 0/252kB(lfb 252kB) CPU [9%@921,5%@921,off,off] EMC_FREQ 0%@1600 GR3D_FREQ 0%@614 APE 25 PLL@30C CPU@31.5C iwlwifi@32C PMIC@50C GPU@30.5C AO@41C thermal@30.75C POM_5V_IN 1689/1753 POM_5V_GPU 82/87 POM_5V_CPU 164/205
RAM 1394/3964MB (lfb 8x4MB) SWAP 758/6078MB (cached 38MB) IRAM 0/252kB(lfb 252kB) CPU [6%@921,7%@921,off,off] EMC_FREQ 0%@1600 GR3D_FREQ 0%@614 APE 25 PLL@30C CPU@31.5C iwlwifi@32C PMIC@50C GPU@30C AO@41C thermal@30.75C POM_5V_IN 1689/1753 POM_5V_GPU 82/87 POM_5V_CPU 164/205
RAM 1398/3964MB (lfb 8x4MB) SWAP 758/6078MB (cached 38MB) IRAM 0/252kB(lfb 252kB) CPU [6%@921,7%@921,off,off] EMC_FREQ 0%@1600 GR3D_FREQ 0%@614 APE 25 PLL@30C CPU@31.5C iwlwifi@32C PMIC@50C GPU@30.5C AO@41C thermal@31C POM_5V_IN 1689/1753 POM_5V_GPU 82/87 POM_5V_CPU 164/205
RAM 1395/3964MB (lfb 8x4MB) SWAP 758/6078MB (cached 38MB) IRAM 0/252kB(lfb 252kB) CPU [8%@921,6%@921,off,off] EMC_FREQ 0%@1600 GR3D_FREQ 0%@614 APE 25 PLL@30C CPU@31.5C iwlwifi@32C PMIC@50C GPU@30C AO@41C thermal@30.75C POM_5V_IN 1689/1752 POM_5V_GPU 82/87 POM_5V_CPU 164/205
RAM 1393/3964MB (lfb 8x4MB) SWAP 758/6078MB (cached 38MB) IRAM 0/252kB(lfb 252kB) CPU [6%@921,8%@921,off,off] EMC_FREQ 0%@1600 GR3D_FREQ 0%@614 APE 25 PLL@29.5C CPU@31.5C iwlwifi@32C PMIC@50C GPU@30.5C AO@41C thermal@30.75C POM_5V_IN 1772/1752 POM_5V_GPU 82/87 POM_5V_CPU 206/205
RAM 1395/3964MB (lfb 8x4MB) SWAP 758/6078MB (cached 38MB) IRAM 0/252kB(lfb 252kB) CPU [6%@921,7%@921,off,off] EMC_FREQ 0%@1600 GR3D_FREQ 0%@614 APE 25 PLL@30C CPU@31.5C iwlwifi@32C PMIC@50C GPU@30C AO@41C thermal@30.75C POM_5V_IN 1689/1752 POM_5V_GPU 82/87 POM_5V_CPU 164/205
RAM 1398/3964MB (lfb 8x4MB) SWAP 758/6078MB (cached 38MB) IRAM 0/252kB(lfb 252kB) CPU [7%@921,7%@921,off,off] EMC_FREQ 0%@1600 GR3D_FREQ 0%@614 APE 25 PLL@30C CPU@31.5C iwlwifi@32C PMIC@50C GPU@30C AO@41C thermal@30.75C POM_5V_IN 1689/1752 POM_5V_GPU 82/87 POM_5V_CPU 164/205
RAM 1395/3964MB (lfb 8x4MB) SWAP 758/6078MB (cached 38MB) IRAM 0/252kB(lfb 252kB) CPU [8%@921,5%@921,off,off] EMC_FREQ 0%@1600 GR3D_FREQ 0%@614 APE 25 PLL@30C CPU@31.5C iwlwifi@32C PMIC@50C GPU@30C AO@41C thermal@30.75C POM_5V_IN 1689/1752 POM_5V_GPU 82/87 POM_5V_CPU 164/205
RAM 1395/3964MB (lfb 8x4MB) SWAP 758/6078MB (cached 38MB) IRAM 0/252kB(lfb 252kB) CPU [11%@921,3%@921,off,off] EMC_FREQ 0%@1600 GR3D_FREQ 0%@614 APE 25 PLL@30C CPU@31.5C iwlwifi@32C PMIC@50C GPU@30C AO@41C thermal@30.75C POM_5V_IN 1851/1752 POM_5V_GPU 82/87 POM_5V_CPU 288/205
RAM 1398/3964MB (lfb 8x4MB) SWAP 758/6078MB (cached 38MB) IRAM 0/252kB(lfb 252kB) CPU [7%@921,6%@921,off,off] EMC_FREQ 0%@1600 GR3D_FREQ 0%@614 APE 25 PLL@30C CPU@31.5C iwlwifi@32C PMIC@50C GPU@30C AO@41C thermal@30.75C POM_5V_IN 1689/1752 POM_5V_GPU 82/87 POM_5V_CPU 164/205
RAM 1395/3964MB (lfb 8x4MB) SWAP 758/6078MB (cached 38MB) IRAM 0/252kB(lfb 252kB) CPU [8%@921,6%@921,off,off] EMC_FREQ 0%@1600 GR3D_FREQ 0%@614 APE 25 PLL@29.5C CPU@31.5C iwlwifi@32C PMIC@50C GPU@30C AO@41C thermal@30.75C POM_5V_IN 1689/1752 POM_5V_GPU 82/87 POM_5V_CPU 164/205
RAM 1396/3964MB (lfb 8x4MB) SWAP 758/6078MB (cached 38MB) IRAM 0/252kB(lfb 252kB) CPU [8%@921,6%@921,off,off] EMC_FREQ 0%@1600 GR3D_FREQ 0%@614 APE 25 PLL@30C CPU@31.5C iwlwifi@32C PMIC@50C GPU@30C AO@41C thermal@30.75C POM_5V_IN 1934/1752 POM_5V_GPU 82/87 POM_5V_CPU 329/205
RAM 1395/3964MB (lfb 8x4MB) SWAP 758/6078MB (cached 38MB) IRAM 0/252kB(lfb 252kB) CPU [7%@921,7%@921,off,off] EMC_FREQ 0%@1600 GR3D_FREQ 0%@614 APE 25 PLL@30C CPU@31.5C iwlwifi@32C PMIC@50C GPU@30C AO@41C thermal@30.5C POM_5V_IN 1689/1752 POM_5V_GPU 82/87 POM_5V_CPU 164/205
RAM 1394/3964MB (lfb 8x4MB) SWAP 758/6078MB (cached 38MB) IRAM 0/252kB(lfb 252kB) CPU [7%@921,6%@921,off,off] EMC_FREQ 0%@1600 GR3D_FREQ 0%@614 APE 25 PLL@29.5C CPU@31C iwlwifi@32C PMIC@50C GPU@30C AO@41C thermal@30.75C POM_5V_IN 1689/1752 POM_5V_GPU 82/87 POM_5V_CPU 164/205
RAM 1393/3964MB (lfb 8x4MB) SWAP 758/6078MB (cached 38MB) IRAM 0/252kB(lfb 252kB) CPU [7%@921,7%@921,off,off] EMC_FREQ 0%@1600 GR3D_FREQ 0%@614 APE 25 PLL@30C CPU@31C iwlwifi@32C PMIC@50C GPU@30C AO@41C thermal@30.75C POM_5V_IN 1851/1752 POM_5V_GPU 82/87 POM_5V_CPU 288/205
RAM 1393/3964MB (lfb 8x4MB) SWAP 758/6078MB (cached 38MB) IRAM 0/252kB(lfb 252kB) CPU [7%@921,5%@921,off,off] EMC_FREQ 0%@1600 GR3D_FREQ 0%@614 APE 25 PLL@30C CPU@31.5C iwlwifi@32C PMIC@50C GPU@30C AO@41C thermal@30.75C POM_5V_IN 1689/1752 POM_5V_GPU 82/87 POM_5V_CPU 164/205
RAM 1394/3964MB (lfb 8x4MB) SWAP 758/6078MB (cached 38MB) IRAM 0/252kB(lfb 252kB) CPU [8%@921,6%@921,off,off] EMC_FREQ 0%@1600 GR3D_FREQ 0%@614 APE 25 PLL@29.5C CPU@31.5C iwlwifi@32C PMIC@50C GPU@30C AO@41C thermal@30.5C POM_5V_IN 1689/1752 POM_5V_GPU 82/87 POM_5V_CPU 164/205
RAM 1398/3964MB (lfb 8x4MB) SWAP 758/6078MB (cached 38MB) IRAM 0/252kB(lfb 252kB) CPU [4%@921,10%@921,off,off] EMC_FREQ 0%@1600 GR3D_FREQ 0%@614 APE 25 PLL@29.5C CPU@31C iwlwifi@32C PMIC@50C GPU@30C AO@41C thermal@30.75C POM_5V_IN 1689/1752 POM_5V_GPU 82/87 POM_5V_CPU 164/205
RAM 1398/3964MB (lfb 8x4MB) SWAP 758/6078MB (cached 38MB) IRAM 0/252kB(lfb 252kB) CPU [6%@921,7%@921,off,off] EMC_FREQ 0%@1600 GR3D_FREQ 0%@614 APE 25 PLL@30C CPU@31.5C iwlwifi@32C PMIC@50C GPU@30C AO@41C thermal@30.5C POM_5V_IN 1689/1752 POM_5V_GPU 82/87 POM_5V_CPU 164/205
RAM 1399/3964MB (lfb 8x4MB) SWAP 758/6078MB (cached 38MB) IRAM 0/252kB(lfb 252kB) CPU [6%@921,7%@921,off,off] EMC_FREQ 0%@1600 GR3D_FREQ 0%@614 APE 25 PLL@30C CPU@31C iwlwifi@32C PMIC@50C GPU@30C AO@41C thermal@30.5C POM_5V_IN 1687/1752 POM_5V_GPU 82/87 POM_5V_CPU 164/205
RAM 1397/3964MB (lfb 8x4MB) SWAP 758/6078MB (cached 38MB) IRAM 0/252kB(lfb 252kB) CPU [8%@921,6%@921,off,off] EMC_FREQ 0%@1600 GR3D_FREQ 0%@614 APE 25 PLL@30C CPU@31C iwlwifi@32C PMIC@50C GPU@30C AO@41C thermal@30.75C POM_5V_IN 1689/1752 POM_5V_GPU 82/87 POM_5V_CPU 164/205
RAM 1393/3964MB (lfb 8x4MB) SWAP 758/6078MB (cached 38MB) IRAM 0/252kB(lfb 252kB) CPU [7%@921,7%@921,off,off] EMC_FREQ 0%@1600 GR3D_FREQ 0%@614 APE 25 PLL@29.5C CPU@31.5C iwlwifi@32C PMIC@50C GPU@30C AO@41C thermal@30.75C POM_5V_IN 1689/1752 POM_5V_GPU 82/87 POM_5V_CPU 164/205
RAM 1398/3964MB (lfb 8x4MB) SWAP 758/6078MB (cached 38MB) IRAM 0/252kB(lfb 252kB) CPU [7%@921,6%@921,off,off] EMC_FREQ 0%@1600 GR3D_FREQ 0%@614 APE 25 PLL@30C CPU@31.5C iwlwifi@32C PMIC@50C GPU@30C AO@41C thermal@30.75C POM_5V_IN 1689/1752 POM_5V_GPU 82/87 POM_5V_CPU 123/205
RAM 1396/3964MB (lfb 8x4MB) SWAP 758/6078MB (cached 38MB) IRAM 0/252kB(lfb 252kB) CPU [10%@921,4%@921,off,off] EMC_FREQ 0%@1600 GR3D_FREQ 0%@614 APE 25 PLL@30C CPU@31.5C iwlwifi@33C PMIC@50C GPU@30C AO@41C thermal@30.5C POM_5V_IN 1689/1752 POM_5V_GPU 82/87 POM_5V_CPU 164/205
RAM 1394/3964MB (lfb 8x4MB) SWAP 758/6078MB (cached 38MB) IRAM 0/252kB(lfb 252kB) CPU [8%@921,7%@921,off,off] EMC_FREQ 0%@1600 GR3D_FREQ 0%@614 APE 25 PLL@29.5C CPU@31C iwlwifi@33C PMIC@50C GPU@30C AO@41C thermal@30.75C POM_5V_IN 1689/1752 POM_5V_GPU 82/87 POM_5V_CPU 164/205
RAM 1398/3964MB (lfb 8x4MB) SWAP 758/6078MB (cached 38MB) IRAM 0/252kB(lfb 252kB) CPU [8%@921,7%@921,off,off] EMC_FREQ 0%@1600 GR3D_FREQ 0%@614 APE 25 PLL@29.5C CPU@31.5C iwlwifi@32C PMIC@50C GPU@30C AO@41C thermal@30.75C POM_5V_IN 1731/1752 POM_5V_GPU 82/87 POM_5V_CPU 164/205
RAM 1396/3964MB (lfb 8x4MB) SWAP 758/6078MB (cached 38MB) IRAM 0/252kB(lfb 252kB) CPU [8%@921,6%@921,off,off] EMC_FREQ 0%@1600 GR3D_FREQ 0%@614 APE 25 PLL@29.5C CPU@31.5C iwlwifi@32C PMIC@50C GPU@30C AO@41C thermal@30.75C POM_5V_IN 1731/1752 POM_5V_GPU 82/87 POM_5V_CPU 164/204
RAM 1398/3964MB (lfb 8x4MB) SWAP 758/6078MB (cached 38MB) IRAM 0/252kB(lfb 252kB) CPU [9%@921,4%@921,off,off] EMC_FREQ 0%@1600 GR3D_FREQ 0%@614 APE 25 PLL@30C CPU@31.5C iwlwifi@33C PMIC@50C GPU@30.5C AO@41C thermal@31C POM_5V_IN 1689/1752 POM_5V_GPU 82/87 POM_5V_CPU 164/204
RAM 1394/3964MB (lfb 8x4MB) SWAP 758/6078MB (cached 38MB) IRAM 0/252kB(lfb 252kB) CPU [7%@921,7%@921,off,off] EMC_FREQ 0%@1600 GR3D_FREQ 0%@614 APE 25 PLL@30C CPU@31.5C iwlwifi@33C PMIC@50C GPU@30C AO@41C thermal@30.5C POM_5V_IN 1731/1752 POM_5V_GPU 82/87 POM_5V_CPU 164/204
RAM 1398/3964MB (lfb 8x4MB) SWAP 758/6078MB (cached 38MB) IRAM 0/252kB(lfb 252kB) CPU [8%@921,6%@921,off,off] EMC_FREQ 0%@1600 GR3D_FREQ 0%@614 APE 25 PLL@30C CPU@31C iwlwifi@32C PMIC@50C GPU@30C AO@41C thermal@30.75C POM_5V_IN 1731/1752 POM_5V_GPU 82/87 POM_5V_CPU 164/204
RAM 1398/3964MB (lfb 8x4MB) SWAP 758/6078MB (cached 38MB) IRAM 0/252kB(lfb 252kB) CPU [8%@921,7%@921,off,off] EMC_FREQ 0%@1600 GR3D_FREQ 0%@614 APE 25 PLL@30C CPU@31.5C iwlwifi@34C PMIC@50C GPU@30C AO@40.5C thermal@30.75C POM_5V_IN 1689/1752 POM_5V_GPU 82/87 POM_5V_CPU 164/204
RAM 1396/3964MB (lfb 8x4MB) SWAP 758/6078MB (cached 38MB) IRAM 0/252kB(lfb 252kB) CPU [5%@921,8%@921,off,off] EMC_FREQ 0%@1600 GR3D_FREQ 0%@614 APE 25 PLL@30C CPU@31C iwlwifi@32C PMIC@50C GPU@30C AO@41C thermal@30.75C POM_5V_IN 1689/1752 POM_5V_GPU 82/87 POM_5V_CPU 164/204
RAM 1398/3964MB (lfb 8x4MB) SWAP 758/6078MB (cached 38MB) IRAM 0/252kB(lfb 252kB) CPU [7%@921,6%@921,off,off] EMC_FREQ 0%@1600 GR3D_FREQ 0%@614 APE 25 PLL@30C CPU@31.5C iwlwifi@33C PMIC@50C GPU@30.5C AO@41C thermal@30.75C POM_5V_IN 1689/1752 POM_5V_GPU 82/87 POM_5V_CPU 123/204
RAM 1395/3964MB (lfb 8x4MB) SWAP 758/6078MB (cached 38MB) IRAM 0/252kB(lfb 252kB) CPU [7%@921,6%@921,off,off] EMC_FREQ 0%@1600 GR3D_FREQ 0%@614 APE 25 PLL@30C CPU@31.5C iwlwifi@32C PMIC@50C GPU@30C AO@41C thermal@30.75C POM_5V_IN 1689/1752 POM_5V_GPU 82/87 POM_5V_CPU 164/204
RAM 1396/3964MB (lfb 8x4MB) SWAP 758/6078MB (cached 38MB) IRAM 0/252kB(lfb 252kB) CPU [7%@921,7%@921,off,off] EMC_FREQ 0%@1600 GR3D_FREQ 0%@614 APE 25 PLL@30C CPU@31.5C iwlwifi@32C PMIC@50C GPU@30C AO@41C thermal@30.75C POM_5V_IN 1689/1752 POM_5V_GPU 82/87 POM_5V_CPU 164/204
RAM 1394/3964MB (lfb 8x4MB) SWAP 758/6078MB (cached 38MB) IRAM 0/252kB(lfb 252kB) CPU [9%@921,5%@921,off,off] EMC_FREQ 0%@1600 GR3D_FREQ 0%@614 APE 25 PLL@30C CPU@31.5C iwlwifi@32C PMIC@50C GPU@30.5C AO@41C thermal@30.75C POM_5V_IN 1689/1752 POM_5V_GPU 82/87 POM_5V_CPU 164/204
RAM 1396/3964MB (lfb 8x4MB) SWAP 758/6078MB (cached 38MB) IRAM 0/252kB(lfb 252kB) CPU [8%@921,5%@921,off,off] EMC_FREQ 0%@1600 GR3D_FREQ 0%@614 APE 25 PLL@30C CPU@31.5C iwlwifi@32C PMIC@50C GPU@30C AO@41C thermal@30.75C POM_5V_IN 1689/1752 POM_5V_GPU 82/87 POM_5V_CPU 164/204
RAM 1396/3964MB (lfb 8x4MB) SWAP 758/6078MB (cached 38MB) IRAM 0/252kB(lfb 252kB) CPU [4%@921,9%@921,off,off] EMC_FREQ 0%@1600 GR3D_FREQ 0%@614 APE 25 PLL@30C CPU@31.5C iwlwifi@32C PMIC@50C GPU@30C AO@41C thermal@31C POM_5V_IN 1731/1752 POM_5V_GPU 82/87 POM_5V_CPU 164/204
RAM 1396/3964MB (lfb 8x4MB) SWAP 758/6078MB (cached 38MB) IRAM 0/252kB(lfb 252kB) CPU [6%@921,8%@921,off,off] EMC_FREQ 0%@1600 GR3D_FREQ 0%@614 APE 25 PLL@30.5C CPU@32C iwlwifi@32C PMIC@50C GPU@30C AO@41C thermal@30.75C POM_5V_IN 1689/1752 POM_5V_GPU 82/87 POM_5V_CPU 164/204
RAM 1397/3964MB (lfb 8x4MB) SWAP 758/6078MB (cached 38MB) IRAM 0/252kB(lfb 252kB) CPU [7%@921,6%@921,off,off] EMC_FREQ 0%@1600 GR3D_FREQ 0%@614 APE 25 PLL@29.5C CPU@31.5C iwlwifi@32C PMIC@50C GPU@30C AO@41C thermal@30.75C POM_5V_IN 1689/1752 POM_5V_GPU 82/87 POM_5V_CPU 164/204
RAM 1396/3964MB (lfb 8x4MB) SWAP 758/6078MB (cached 38MB) IRAM 0/252kB(lfb 252kB) CPU [6%@921,8%@921,off,off] EMC_FREQ 0%@1600 GR3D_FREQ 0%@614 APE 25 PLL@29.5C CPU@31.5C iwlwifi@32C PMIC@50C GPU@30C AO@41C thermal@30.75C POM_5V_IN 1689/1752 POM_5V_GPU 82/87 POM_5V_CPU 164/204
RAM 1396/3964MB (lfb 8x4MB) SWAP 758/6078MB (cached 38MB) IRAM 0/252kB(lfb 252kB) CPU [7%@921,7%@921,off,off] EMC_FREQ 0%@1600 GR3D_FREQ 0%@614 APE 25 PLL@30C CPU@31.5C iwlwifi@32C PMIC@50C GPU@30C AO@41.5C thermal@30.75C POM_5V_IN 1689/1752 POM_5V_GPU 82/87 POM_5V_CPU 164/204
RAM 1396/3964MB (lfb 8x4MB) SWAP 758/6078MB (cached 38MB) IRAM 0/252kB(lfb 252kB) CPU [6%@921,8%@921,off,off] EMC_FREQ 0%@1600 GR3D_FREQ 0%@614 APE 25 PLL@29.5C CPU@31.5C iwlwifi@32C PMIC@50C GPU@30C AO@41C thermal@30.75C POM_5V_IN 1731/1752 POM_5V_GPU 82/87 POM_5V_CPU 164/204
RAM 1399/3964MB (lfb 8x4MB) SWAP 758/6078MB (cached 38MB) IRAM 0/252kB(lfb 252kB) CPU [7%@921,8%@921,off,off] EMC_FREQ 0%@1600 GR3D_FREQ 0%@614 APE 25 PLL@29.5C CPU@31.5C iwlwifi@32C PMIC@50C GPU@30.5C AO@41.5C thermal@31C POM_5V_IN 1689/1752 POM_5V_GPU 82/87 POM_5V_CPU 164/204
RAM 1400/3964MB (lfb 8x4MB) SWAP 758/6078MB (cached 38MB) IRAM 0/252kB(lfb 252kB) CPU [6%@921,4%@921,off,off] EMC_FREQ 0%@1600 GR3D_FREQ 0%@614 APE 25 PLL@29.5C CPU@31.5C iwlwifi@33C PMIC@50C GPU@30C AO@41C thermal@30.5C POM_5V_IN 1689/1752 POM_5V_GPU 82/87 POM_5V_CPU 164/204
RAM 1396/3964MB (lfb 8x4MB) SWAP 758/6078MB (cached 38MB) IRAM 0/252kB(lfb 252kB) CPU [8%@921,6%@921,off,off] EMC_FREQ 0%@1600 GR3D_FREQ 0%@614 APE 25 PLL@30C CPU@31.5C iwlwifi@32C PMIC@50C GPU@30C AO@41C thermal@30.75C POM_5V_IN 1689/1752 POM_5V_GPU 82/87 POM_5V_CPU 164/204
RAM 1398/3964MB (lfb 8x4MB) SWAP 758/6078MB (cached 38MB) IRAM 0/252kB(lfb 252kB) CPU [5%@921,9%@921,off,off] EMC_FREQ 0%@1600 GR3D_FREQ 0%@614 APE 25 PLL@30C CPU@31.5C iwlwifi@32C PMIC@50C GPU@30.5C AO@41.5C thermal@30.5C POM_5V_IN 1689/1752 POM_5V_GPU 82/87 POM_5V_CPU 164/204
RAM 1399/3964MB (lfb 8x4MB) SWAP 758/6078MB (cached 38MB) IRAM 0/252kB(lfb 252kB) CPU [6%@921,8%@921,off,off] EMC_FREQ 0%@1600 GR3D_FREQ 0%@614 APE 25 PLL@30C CPU@31C iwlwifi@32C PMIC@50C GPU@30C AO@41C thermal@30.75C POM_5V_IN 1689/1752 POM_5V_GPU 82/87 POM_5V_CPU 164/204
RAM 1398/3964MB (lfb 8x4MB) SWAP 758/6078MB (cached 38MB) IRAM 0/252kB(lfb 252kB) CPU [5%@921,8%@921,off,off] EMC_FREQ 0%@1600 GR3D_FREQ 0%@614 APE 25 PLL@30C CPU@31C iwlwifi@32C PMIC@50C GPU@30C AO@41C thermal@31C POM_5V_IN 1689/1752 POM_5V_GPU 82/87 POM_5V_CPU 164/204
RAM 1396/3964MB (lfb 8x4MB) SWAP 758/6078MB (cached 38MB) IRAM 0/252kB(lfb 252kB) CPU [8%@921,6%@921,off,off] EMC_FREQ 0%@1600 GR3D_FREQ 0%@614 APE 25 PLL@30C CPU@31.5C iwlwifi@32C PMIC@50C GPU@30C AO@41C thermal@30.75C POM_5V_IN 1689/1752 POM_5V_GPU 82/87 POM_5V_CPU 164/204
RAM 1396/3964MB (lfb 8x4MB) SWAP 758/6078MB (cached 38MB) IRAM 0/252kB(lfb 252kB) CPU [7%@921,7%@921,off,off] EMC_FREQ 0%@1600 GR3D_FREQ 0%@614 APE 25 PLL@29.5C CPU@31C iwlwifi@34C PMIC@50C GPU@30.5C AO@41C thermal@31C POM_5V_IN 1689/1752 POM_5V_GPU 82/87 POM_5V_CPU 164/204
RAM 1396/3964MB (lfb 8x4MB) SWAP 758/6078MB (cached 38MB) IRAM 0/252kB(lfb 252kB) CPU [8%@921,7%@921,off,off] EMC_FREQ 0%@1600 GR3D_FREQ 0%@614 APE 25 PLL@30C CPU@32C iwlwifi@33C PMIC@50C GPU@30C AO@41C thermal@31C POM_5V_IN 1689/1752 POM_5V_GPU 82/87 POM_5V_CPU 164/204
RAM 1400/3964MB (lfb 8x4MB) SWAP 758/6078MB (cached 38MB) IRAM 0/252kB(lfb 252kB) CPU [5%@921,8%@921,off,off] EMC_FREQ 0%@1600 GR3D_FREQ 0%@614 APE 25 PLL@30C CPU@32C iwlwifi@32C PMIC@50C GPU@30C AO@41C thermal@30.75C POM_5V_IN 1687/1752 POM_5V_GPU 82/87 POM_5V_CPU 164/204
RAM 1397/3964MB (lfb 8x4MB) SWAP 758/6078MB (cached 38MB) IRAM 0/252kB(lfb 252kB) CPU [7%@921,7%@921,off,off] EMC_FREQ 0%@1600 GR3D_FREQ 0%@614 APE 25 PLL@30C CPU@31.5C iwlwifi@32C PMIC@50C GPU@30C AO@41C thermal@31C POM_5V_IN 1689/1752 POM_5V_GPU 82/87 POM_5V_CPU 164/204
RAM 1398/3964MB (lfb 8x4MB) SWAP 758/6078MB (cached 38MB) IRAM 0/252kB(lfb 252kB) CPU [6%@921,9%@921,off,off] EMC_FREQ 0%@1600 GR3D_FREQ 0%@614 APE 25 PLL@30C CPU@32C iwlwifi@33C PMIC@50C GPU@30C AO@41C thermal@30.75C POM_5V_IN 1689/1752 POM_5V_GPU 82/87 POM_5V_CPU 164/204
RAM 1398/3964MB (lfb 8x4MB) SWAP 758/6078MB (cached 38MB) IRAM 0/252kB(lfb 252kB) CPU [7%@921,8%@921,off,off] EMC_FREQ 0%@1600 GR3D_FREQ 0%@614 APE 25 PLL@30C CPU@32C iwlwifi@32C PMIC@50C GPU@30C AO@41C thermal@30.75C POM_5V_IN 1731/1752 POM_5V_GPU 82/87 POM_5V_CPU 164/204
RAM 1398/3964MB (lfb 8x4MB) SWAP 758/6078MB (cached 38MB) IRAM 0/252kB(lfb 252kB) CPU [7%@921,7%@921,off,off] EMC_FREQ 0%@1600 GR3D_FREQ 0%@614 APE 25 PLL@29.5C CPU@31.5C iwlwifi@33C PMIC@50C GPU@30C AO@41C thermal@31C POM_5V_IN 1689/1752 POM_5V_GPU 82/87 POM_5V_CPU 164/204
RAM 1394/3964MB (lfb 8x4MB) SWAP 758/6078MB (cached 38MB) IRAM 0/252kB(lfb 252kB) CPU [9%@921,5%@921,off,off] EMC_FREQ 0%@1600 GR3D_FREQ 0%@614 APE 25 PLL@30C CPU@31.5C iwlwifi@32C PMIC@50C GPU@30C AO@41C thermal@30.75C POM_5V_IN 1975/1752 POM_5V_GPU 82/87 POM_5V_CPU 369/204
RAM 1394/3964MB (lfb 8x4MB) SWAP 758/6078MB (cached 38MB) IRAM 0/252kB(lfb 252kB) CPU [6%@921,7%@921,off,off] EMC_FREQ 0%@1600 GR3D_FREQ 0%@614 APE 25 PLL@30C CPU@32C iwlwifi@34C PMIC@50C GPU@30C AO@41C thermal@30.75C POM_5V_IN 1687/1752 POM_5V_GPU 82/87 POM_5V_CPU 164/204
RAM 1397/3964MB (lfb 8x4MB) SWAP 758/6078MB (cached 38MB) IRAM 0/252kB(lfb 252kB) CPU [6%@921,8%@921,off,off] EMC_FREQ 0%@1600 GR3D_FREQ 0%@614 APE 25 PLL@30C CPU@31.5C iwlwifi@32C PMIC@50C GPU@30C AO@41C thermal@30.75C POM_5V_IN 1689/1752 POM_5V_GPU 82/87 POM_5V_CPU 164/204
RAM 1398/3964MB (lfb 8x4MB) SWAP 758/6078MB (cached 38MB) IRAM 0/252kB(lfb 252kB) CPU [7%@921,5%@921,off,off] EMC_FREQ 0%@1600 GR3D_FREQ 0%@614 APE 25 PLL@30C CPU@31.5C iwlwifi@33C PMIC@50C GPU@30.5C AO@41C thermal@31C POM_5V_IN 1728/1752 POM_5V_GPU 82/87 POM_5V_CPU 164/204
RAM 1394/3964MB (lfb 8x4MB) SWAP 758/6078MB (cached 38MB) IRAM 0/252kB(lfb 252kB) CPU [8%@921,6%@921,off,off] EMC_FREQ 0%@1600 GR3D_FREQ 0%@614 APE 25 PLL@30C CPU@31.5C iwlwifi@33C PMIC@50C GPU@30C AO@41C thermal@31C POM_5V_IN 1689/1752 POM_5V_GPU 82/87 POM_5V_CPU 164/204
RAM 1393/3964MB (lfb 8x4MB) SWAP 758/6078MB (cached 38MB) IRAM 0/252kB(lfb 252kB) CPU [9%@921,5%@921,off,off] EMC_FREQ 0%@1600 GR3D_FREQ 0%@614 APE 25 PLL@30C CPU@31.5C iwlwifi@32C PMIC@50C GPU@30C AO@41C thermal@31C POM_5V_IN 1689/1752 POM_5V_GPU 82/87 POM_5V_CPU 164/204
RAM 1398/3964MB (lfb 8x4MB) SWAP 758/6078MB (cached 38MB) IRAM 0/252kB(lfb 252kB) CPU [7%@921,7%@921,off,off] EMC_FREQ 0%@1600 GR3D_FREQ 0%@614 APE 25 PLL@29.5C CPU@31.5C iwlwifi@34C PMIC@50C GPU@30.5C AO@41C thermal@30.75C POM_5V_IN 1689/1752 POM_5V_GPU 82/87 POM_5V_CPU 164/204
RAM 1397/3964MB (lfb 8x4MB) SWAP 758/6078MB (cached 38MB) IRAM 0/252kB(lfb 252kB) CPU [9%@921,6%@921,off,off] EMC_FREQ 0%@1600 GR3D_FREQ 0%@614 APE 25 PLL@30C CPU@31.5C iwlwifi@32C PMIC@50C GPU@30C AO@41C thermal@30.75C POM_5V_IN 1689/1752 POM_5V_GPU 82/87 POM_5V_CPU 164/204
RAM 1401/3964MB (lfb 7x4MB) SWAP 758/6078MB (cached 38MB) IRAM 0/252kB(lfb 252kB) CPU [7%@921,9%@921,off,off] EMC_FREQ 0%@1600 GR3D_FREQ 0%@614 APE 25 PLL@30C CPU@31.5C iwlwifi@35C PMIC@50C GPU@30C AO@41C thermal@30.75C POM_5V_IN 1689/1752 POM_5V_GPU 82/87 POM_5V_CPU 164/204
RAM 1402/3964MB (lfb 7x4MB) SWAP 758/6078MB (cached 38MB) IRAM 0/252kB(lfb 252kB) CPU [26%@921,6%@921,off,off] EMC_FREQ 0%@1600 GR3D_FREQ 0%@614 APE 25 PLL@29.5C CPU@31.5C iwlwifi@32C PMIC@50C GPU@30C AO@41.5C thermal@31C POM_5V_IN 1728/1752 POM_5V_GPU 82/87 POM_5V_CPU 164/204
