RAM 3387/3964MB (lfb 2x4MB) SWAP 577/6078MB (cached 7MB) IRAM 0/252kB(lfb 252kB) CPU [6%@921,3%@921,off,off] EMC_FREQ 0%@1600 GR3D_FREQ 0%@614 APE 25 PLL@30.5C CPU@32C iwlwifi@33C PMIC@50C GPU@30.5C AO@41.5C thermal@31.25C POM_5V_IN 1687/1687 POM_5V_GPU 82/82 POM_5V_CPU 164/164
RAM 3388/3964MB (lfb 2x4MB) SWAP 577/6078MB (cached 7MB) IRAM 0/252kB(lfb 252kB) CPU [5%@921,5%@921,off,off] EMC_FREQ 0%@1600 GR3D_FREQ 0%@614 APE 25 PLL@30.5C CPU@32C iwlwifi@33C PMIC@50C GPU@30.5C AO@41.5C thermal@31.5C POM_5V_IN 1728/1707 POM_5V_GPU 82/82 POM_5V_CPU 164/164
RAM 3388/3964MB (lfb 2x4MB) SWAP 577/6078MB (cached 7MB) IRAM 0/252kB(lfb 252kB) CPU [5%@921,5%@921,off,off] EMC_FREQ 0%@1600 GR3D_FREQ 0%@614 APE 25 PLL@30.5C CPU@32C iwlwifi@32C PMIC@50C GPU@30.5C AO@41.5C thermal@31.25C POM_5V_IN 1687/1700 POM_5V_GPU 82/82 POM_5V_CPU 164/164
RAM 3388/3964MB (lfb 2x4MB) SWAP 577/6078MB (cached 7MB) IRAM 0/252kB(lfb 252kB) CPU [4%@921,4%@921,off,off] EMC_FREQ 0%@1600 GR3D_FREQ 0%@614 APE 25 PLL@30C CPU@32C iwlwifi@32C PMIC@50C GPU@30.5C AO@41.5C thermal@31.25C POM_5V_IN 1689/1697 POM_5V_GPU 82/82 POM_5V_CPU 164/164
RAM 3388/3964MB (lfb 2x4MB) SWAP 577/6078MB (cached 7MB) IRAM 0/252kB(lfb 252kB) CPU [7%@921,4%@921,off,off] EMC_FREQ 0%@1600 GR3D_FREQ 0%@614 APE 25 PLL@30C CPU@31.5C iwlwifi@32C PMIC@50C GPU@30.5C AO@41.5C thermal@31.25C POM_5V_IN 1689/1696 POM_5V_GPU 82/82 POM_5V_CPU 164/164
RAM 3388/3964MB (lfb 2x4MB) SWAP 577/6078MB (cached 7MB) IRAM 0/252kB(lfb 252kB) CPU [3%@921,6%@921,off,off] EMC_FREQ 0%@1600 GR3D_FREQ 0%@614 APE 25 PLL@30C CPU@32C iwlwifi@33C PMIC@50C GPU@30.5C AO@41.5C thermal@31.25C POM_5V_IN 1810/1715 POM_5V_GPU 82/82 POM_5V_CPU 164/164
RAM 3387/3964MB (lfb 2x4MB) SWAP 577/6078MB (cached 7MB) IRAM 0/252kB(lfb 252kB) CPU [6%@921,5%@921,off,off] EMC_FREQ 0%@1600 GR3D_FREQ 0%@614 APE 25 PLL@30C CPU@32C iwlwifi@32C PMIC@50C GPU@30.5C AO@41.5C thermal@30.75C POM_5V_IN 1689/1711 POM_5V_GPU 82/82 POM_5V_CPU 164/164
RAM 3387/3964MB (lfb 2x4MB) SWAP 577/6078MB (cached 7MB) IRAM 0/252kB(lfb 252kB) CPU [5%@921,3%@921,off,off] EMC_FREQ 0%@1600 GR3D_FREQ 0%@614 APE 25 PLL@30.5C CPU@32C iwlwifi@32C PMIC@50C GPU@30.5C AO@41C thermal@31.25C POM_5V_IN 1689/1708 POM_5V_GPU 82/82 POM_5V_CPU 164/164
RAM 3389/3964MB (lfb 2x4MB) SWAP 577/6078MB (cached 7MB) IRAM 0/252kB(lfb 252kB) CPU [11%@921,7%@921,off,off] EMC_FREQ 0%@1600 GR3D_FREQ 0%@614 APE 25 PLL@30C CPU@32C iwlwifi@33C PMIC@50C GPU@30C AO@41.5C thermal@31C POM_5V_IN 1731/1711 POM_5V_GPU 82/82 POM_5V_CPU 164/164
RAM 3388/3964MB (lfb 2x4MB) SWAP 577/6078MB (cached 7MB) IRAM 0/252kB(lfb 252kB) CPU [8%@921,7%@921,off,off] EMC_FREQ 0%@1600 GR3D_FREQ 0%@614 APE 25 PLL@30C CPU@32C iwlwifi@33C PMIC@50C GPU@30.5C AO@41.5C thermal@31.25C POM_5V_IN 1731/1713 POM_5V_GPU 82/82 POM_5V_CPU 164/164
RAM 3388/3964MB (lfb 2x4MB) SWAP 577/6078MB (cached 7MB) IRAM 0/252kB(lfb 252kB) CPU [4%@921,4%@921,off,off] EMC_FREQ 0%@1600 GR3D_FREQ 0%@614 APE 25 PLL@30C CPU@32C iwlwifi@32C PMIC@50C GPU@30.5C AO@41.5C thermal@31.25C POM_5V_IN 1731/1714 POM_5V_GPU 82/82 POM_5V_CPU 164/164
RAM 3388/3964MB (lfb 2x4MB) SWAP 577/6078MB (cached 7MB) IRAM 0/252kB(lfb 252kB) CPU [5%@921,4%@921,off,off] EMC_FREQ 0%@1600 GR3D_FREQ 0%@614 APE 25 PLL@30C CPU@32C iwlwifi@32C PMIC@50C GPU@30C AO@41.5C thermal@31C POM_5V_IN 1731/1716 POM_5V_GPU 82/82 POM_5V_CPU 164/164
RAM 3388/3964MB (lfb 2x4MB) SWAP 577/6078MB (cached 7MB) IRAM 0/252kB(lfb 252kB) CPU [5%@921,4%@921,off,off] EMC_FREQ 0%@1600 GR3D_FREQ 0%@614 APE 25 PLL@30.5C CPU@31.5C iwlwifi@33C PMIC@50C GPU@30.5C AO@41.5C thermal@31.25C POM_5V_IN 1689/1713 POM_5V_GPU 82/82 POM_5V_CPU 164/164
RAM 3388/3964MB (lfb 2x4MB) SWAP 577/6078MB (cached 7MB) IRAM 0/252kB(lfb 252kB) CPU [5%@921,5%@921,off,off] EMC_FREQ 0%@1600 GR3D_FREQ 0%@614 APE 25 PLL@30C CPU@32C iwlwifi@33C PMIC@50C GPU@30.5C AO@41C thermal@31.25C POM_5V_IN 1689/1712 POM_5V_GPU 82/82 POM_5V_CPU 164/164
RAM 3388/3964MB (lfb 2x4MB) SWAP 577/6078MB (cached 7MB) IRAM 0/252kB(lfb 252kB) CPU [4%@921,6%@921,off,off] EMC_FREQ 0%@1600 GR3D_FREQ 0%@614 APE 25 PLL@30C CPU@32C iwlwifi@32C PMIC@50C GPU@30.5C AO@41C thermal@31.25C POM_5V_IN 1731/1713 POM_5V_GPU 82/82 POM_5V_CPU 164/164
RAM 3388/3964MB (lfb 2x4MB) SWAP 577/6078MB (cached 7MB) IRAM 0/252kB(lfb 252kB) CPU [4%@921,5%@921,off,off] EMC_FREQ 0%@1600 GR3D_FREQ 0%@614 APE 25 PLL@30.5C CPU@32C iwlwifi@32C PMIC@50C GPU@30.5C AO@41.5C thermal@31C POM_5V_IN 1731/1714 POM_5V_GPU 82/82 POM_5V_CPU 164/164
RAM 3388/3964MB (lfb 2x4MB) SWAP 577/6078MB (cached 7MB) IRAM 0/252kB(lfb 252kB) CPU [3%@921,7%@921,off,off] EMC_FREQ 0%@1600 GR3D_FREQ 0%@614 APE 25 PLL@30C CPU@32C iwlwifi@32C PMIC@50C GPU@30.5C AO@41C thermal@31.25C POM_5V_IN 1689/1713 POM_5V_GPU 82/82 POM_5V_CPU 164/164
RAM 3388/3964MB (lfb 2x4MB) SWAP 577/6078MB (cached 7MB) IRAM 0/252kB(lfb 252kB) CPU [4%@921,6%@921,off,off] EMC_FREQ 0%@1600 GR3D_FREQ 0%@614 APE 25 PLL@30.5C CPU@31.5C iwlwifi@32C PMIC@50C GPU@30.5C AO@41.5C thermal@31C POM_5V_IN 1731/1714 POM_5V_GPU 82/82 POM_5V_CPU 164/164
RAM 3390/3964MB (lfb 2x4MB) SWAP 577/6078MB (cached 7MB) IRAM 0/252kB(lfb 252kB) CPU [8%@921,10%@921,off,off] EMC_FREQ 0%@1600 GR3D_FREQ 0%@614 APE 25 PLL@30C CPU@32C iwlwifi@32C PMIC@50C GPU@30.5C AO@41C thermal@31.25C POM_5V_IN 1689/1712 POM_5V_GPU 82/82 POM_5V_CPU 164/164
RAM 3388/3964MB (lfb 2x4MB) SWAP 577/6078MB (cached 7MB) IRAM 0/252kB(lfb 252kB) CPU [4%@921,8%@921,off,off] EMC_FREQ 0%@1600 GR3D_FREQ 0%@614 APE 25 PLL@30C CPU@32C iwlwifi@32C PMIC@50C GPU@30C AO@41C thermal@31.25C POM_5V_IN 1731/1713 POM_5V_GPU 82/82 POM_5V_CPU 164/164
RAM 3388/3964MB (lfb 2x4MB) SWAP 577/6078MB (cached 7MB) IRAM 0/252kB(lfb 252kB) CPU [3%@921,5%@921,off,off] EMC_FREQ 0%@1600 GR3D_FREQ 0%@614 APE 25 PLL@30C CPU@32C iwlwifi@33C PMIC@50C GPU@30.5C AO@41C thermal@31C POM_5V_IN 1731/1714 POM_5V_GPU 82/82 POM_5V_CPU 164/164
RAM 3388/3964MB (lfb 2x4MB) SWAP 577/6078MB (cached 7MB) IRAM 0/252kB(lfb 252kB) CPU [4%@921,4%@921,off,off] EMC_FREQ 0%@1600 GR3D_FREQ 0%@614 APE 25 PLL@30C CPU@32C iwlwifi@32C PMIC@50C GPU@30C AO@41.5C thermal@31.25C POM_5V_IN 1689/1713 POM_5V_GPU 82/82 POM_5V_CPU 164/164
RAM 3388/3964MB (lfb 2x4MB) SWAP 577/6078MB (cached 7MB) IRAM 0/252kB(lfb 252kB) CPU [4%@921,6%@921,off,off] EMC_FREQ 0%@1600 GR3D_FREQ 0%@614 APE 25 PLL@30C CPU@31.5C iwlwifi@32C PMIC@50C GPU@30.5C AO@41C thermal@31.25C POM_5V_IN 1689/1712 POM_5V_GPU 82/82 POM_5V_CPU 123/162
RAM 3388/3964MB (lfb 2x4MB) SWAP 577/6078MB (cached 7MB) IRAM 0/252kB(lfb 252kB) CPU [2%@921,5%@921,off,off] EMC_FREQ 0%@1600 GR3D_FREQ 0%@614 APE 25 PLL@30C CPU@31.5C iwlwifi@33C PMIC@50C GPU@30.5C AO@41C thermal@31C POM_5V_IN 1689/1711 POM_5V_GPU 82/82 POM_5V_CPU 164/162
RAM 3389/3964MB (lfb 2x4MB) SWAP 577/6078MB (cached 7MB) IRAM 0/252kB(lfb 252kB) CPU [5%@921,4%@921,off,off] EMC_FREQ 0%@1600 GR3D_FREQ 0%@614 APE 25 PLL@30C CPU@32C iwlwifi@33C PMIC@50C GPU@30.5C AO@41C thermal@31C POM_5V_IN 1728/1711 POM_5V_GPU 82/82 POM_5V_CPU 164/162
RAM 3388/3964MB (lfb 2x4MB) SWAP 577/6078MB (cached 7MB) IRAM 0/252kB(lfb 252kB) CPU [5%@921,4%@921,off,off] EMC_FREQ 0%@1600 GR3D_FREQ 0%@614 APE 25 PLL@30C CPU@31.5C iwlwifi@32C PMIC@50C GPU@30.5C AO@41.5C thermal@31.25C POM_5V_IN 1689/1711 POM_5V_GPU 82/82 POM_5V_CPU 164/162
RAM 3388/3964MB (lfb 2x4MB) SWAP 577/6078MB (cached 7MB) IRAM 0/252kB(lfb 252kB) CPU [5%@921,4%@921,off,off] EMC_FREQ 0%@1600 GR3D_FREQ 0%@614 APE 25 PLL@30C CPU@32C iwlwifi@33C PMIC@50C GPU@30.5C AO@41.5C thermal@30.75C POM_5V_IN 1689/1710 POM_5V_GPU 82/82 POM_5V_CPU 164/162
RAM 3390/3964MB (lfb 2x4MB) SWAP 577/6078MB (cached 7MB) IRAM 0/252kB(lfb 252kB) CPU [10%@921,8%@921,off,off] EMC_FREQ 0%@1600 GR3D_FREQ 0%@614 APE 25 PLL@30C CPU@31.5C iwlwifi@33C PMIC@50C GPU@30.5C AO@41.5C thermal@30.75C POM_5V_IN 1689/1709 POM_5V_GPU 82/82 POM_5V_CPU 164/162
RAM 3386/3964MB (lfb 2x4MB) SWAP 576/6078MB (cached 7MB) IRAM 0/252kB(lfb 252kB) CPU [14%@921,22%@921,off,off] EMC_FREQ 0%@1600 GR3D_FREQ 0%@614 APE 25 PLL@29.5C CPU@31.5C iwlwifi@32C PMIC@50C GPU@30.5C AO@41.5C thermal@31C POM_5V_IN 1689/1708 POM_5V_GPU 82/82 POM_5V_CPU 164/162
RAM 1453/3964MB (lfb 5x4MB) SWAP 576/6078MB (cached 7MB) IRAM 0/252kB(lfb 252kB) CPU [15%@921,16%@921,off,off] EMC_FREQ 1%@1600 GR3D_FREQ 0%@614 APE 25 PLL@30C CPU@31.5C iwlwifi@33C PMIC@50C GPU@30C AO@41.5C thermal@31C POM_5V_IN 2174/1724 POM_5V_GPU 82/82 POM_5V_CPU 245/165
RAM 1453/3964MB (lfb 5x4MB) SWAP 576/6078MB (cached 7MB) IRAM 0/252kB(lfb 252kB) CPU [4%@921,5%@921,off,off] EMC_FREQ 0%@1600 GR3D_FREQ 0%@614 APE 25 PLL@30C CPU@31.5C iwlwifi@33C PMIC@50C GPU@30.5C AO@41C thermal@31C POM_5V_IN 1689/1723 POM_5V_GPU 82/82 POM_5V_CPU 164/165
RAM 1453/3964MB (lfb 5x4MB) SWAP 576/6078MB (cached 7MB) IRAM 0/252kB(lfb 252kB) CPU [6%@921,3%@921,off,off] EMC_FREQ 0%@1600 GR3D_FREQ 0%@614 APE 25 PLL@30C CPU@32C iwlwifi@33C PMIC@50C GPU@30C AO@41.5C thermal@31C POM_5V_IN 1689/1722 POM_5V_GPU 82/82 POM_5V_CPU 164/165
RAM 1453/3964MB (lfb 5x4MB) SWAP 576/6078MB (cached 7MB) IRAM 0/252kB(lfb 252kB) CPU [7%@921,1%@921,off,off] EMC_FREQ 0%@1600 GR3D_FREQ 0%@614 APE 25 PLL@30C CPU@31.5C iwlwifi@33C PMIC@50C GPU@30.5C AO@41C thermal@30.75C POM_5V_IN 1731/1722 POM_5V_GPU 82/82 POM_5V_CPU 164/165
RAM 1453/3964MB (lfb 5x4MB) SWAP 576/6078MB (cached 7MB) IRAM 0/252kB(lfb 252kB) CPU [7%@921,3%@921,off,off] EMC_FREQ 0%@1600 GR3D_FREQ 0%@614 APE 25 PLL@30C CPU@32C iwlwifi@32C PMIC@50C GPU@30C AO@41C thermal@30.75C POM_5V_IN 1689/1721 POM_5V_GPU 82/82 POM_5V_CPU 164/165
RAM 1453/3964MB (lfb 5x4MB) SWAP 576/6078MB (cached 7MB) IRAM 0/252kB(lfb 252kB) CPU [7%@921,1%@921,off,off] EMC_FREQ 0%@1600 GR3D_FREQ 0%@614 APE 25 PLL@30C CPU@31.5C iwlwifi@32C PMIC@50C GPU@30C AO@41C thermal@31C POM_5V_IN 1689/1720 POM_5V_GPU 82/82 POM_5V_CPU 164/165
RAM 1453/3964MB (lfb 5x4MB) SWAP 576/6078MB (cached 7MB) IRAM 0/252kB(lfb 252kB) CPU [7%@921,3%@921,off,off] EMC_FREQ 0%@1600 GR3D_FREQ 0%@614 APE 25 PLL@30C CPU@31.5C iwlwifi@32C PMIC@50C GPU@30.5C AO@41C thermal@30.75C POM_5V_IN 1689/1719 POM_5V_GPU 82/82 POM_5V_CPU 164/165
RAM 1453/3964MB (lfb 5x4MB) SWAP 576/6078MB (cached 7MB) IRAM 0/252kB(lfb 252kB) CPU [7%@921,1%@921,off,off] EMC_FREQ 0%@1600 GR3D_FREQ 0%@614 APE 25 PLL@30C CPU@31.5C iwlwifi@32C PMIC@50C GPU@30C AO@41C thermal@30.5C POM_5V_IN 1731/1719 POM_5V_GPU 82/82 POM_5V_CPU 164/165
RAM 1456/3964MB (lfb 5x4MB) SWAP 576/6078MB (cached 8MB) IRAM 0/252kB(lfb 252kB) CPU [7%@921,2%@921,0%@921,0%@921] EMC_FREQ 0%@1600 GR3D_FREQ 0%@614 APE 25 PLL@30C CPU@31.5C iwlwifi@33C PMIC@50C GPU@30.5C AO@41C thermal@31.25C POM_5V_IN 1687/1719 POM_5V_GPU 82/82 POM_5V_CPU 164/165
RAM 1456/3964MB (lfb 5x4MB) SWAP 576/6078MB (cached 9MB) IRAM 0/252kB(lfb 252kB) CPU [2%@1479,3%@1479,1%@1479,0%@1479] EMC_FREQ 0%@1600 GR3D_FREQ 0%@921 APE 25 PLL@30C CPU@32C iwlwifi@32C PMIC@50C GPU@30.5C AO@41C thermal@31.5C POM_5V_IN 1928/1724 POM_5V_GPU 123/83 POM_5V_CPU 287/168
RAM 1457/3964MB (lfb 5x4MB) SWAP 576/6078MB (cached 9MB) IRAM 0/252kB(lfb 252kB) CPU [3%@1479,3%@1479,0%@1479,0%@1479] EMC_FREQ 0%@1600 GR3D_FREQ 0%@921 APE 25 PLL@30C CPU@32C iwlwifi@32C PMIC@50C GPU@30.5C AO@41C thermal@31.25C POM_5V_IN 1972/1730 POM_5V_GPU 123/84 POM_5V_CPU 287/171
RAM 1456/3964MB (lfb 5x4MB) SWAP 576/6078MB (cached 9MB) IRAM 0/252kB(lfb 252kB) CPU [2%@1479,2%@1479,1%@1479,0%@1479] EMC_FREQ 0%@1600 GR3D_FREQ 0%@921 APE 25 PLL@30C CPU@32.5C iwlwifi@33C PMIC@50C GPU@30.5C AO@41.5C thermal@31.25C POM_5V_IN 1890/1734 POM_5V_GPU 123/85 POM_5V_CPU 287/173
RAM 1480/3964MB (lfb 5x4MB) SWAP 576/6078MB (cached 9MB) IRAM 0/252kB(lfb 252kB) CPU [6%@1479,4%@1479,8%@1479,2%@1479] EMC_FREQ 0%@1600 GR3D_FREQ 0%@921 APE 25 PLL@30.5C CPU@32C iwlwifi@32C PMIC@50C GPU@31C AO@41C thermal@31.75C POM_5V_IN 1890/1738 POM_5V_GPU 123/85 POM_5V_CPU 287/176
RAM 1620/3964MB (lfb 5x4MB) SWAP 576/6078MB (cached 9MB) IRAM 0/252kB(lfb 252kB) CPU [94%@1479,87%@1479,98%@1479,96%@1479] EMC_FREQ 0%@1600 GR3D_FREQ 0%@921 APE 25 PLL@30.5C CPU@33C iwlwifi@32C PMIC@50C GPU@32.5C AO@42.5C thermal@33.75C POM_5V_IN 2531/1756 POM_5V_GPU 122/86 POM_5V_CPU 653/187
RAM 1620/3964MB (lfb 5x4MB) SWAP 576/6078MB (cached 9MB) IRAM 0/252kB(lfb 252kB) CPU [100%@1479,100%@1479,100%@1479,100%@1479] EMC_FREQ 1%@1600 GR3D_FREQ 0%@921 APE 25 PLL@32.5C CPU@35.5C iwlwifi@33C PMIC@50C GPU@32.5C AO@43.5C thermal@34C POM_5V_IN 4770/1825 POM_5V_GPU 157/88 POM_5V_CPU 3114/254
RAM 1620/3964MB (lfb 5x4MB) SWAP 576/6078MB (cached 9MB) IRAM 0/252kB(lfb 252kB) CPU [100%@1479,100%@1479,100%@1479,100%@1479] EMC_FREQ 1%@1600 GR3D_FREQ 0%@921 APE 25 PLL@33C CPU@36C iwlwifi@33C PMIC@50C GPU@32.5C AO@44C thermal@34.5C POM_5V_IN 4588/1886 POM_5V_GPU 158/89 POM_5V_CPU 2961/314
RAM 1620/3964MB (lfb 5x4MB) SWAP 576/6078MB (cached 9MB) IRAM 0/252kB(lfb 252kB) CPU [100%@1479,100%@1479,100%@1479,100%@1479] EMC_FREQ 2%@1600 GR3D_FREQ 0%@921 APE 25 PLL@33C CPU@36.5C iwlwifi@32C PMIC@50C GPU@33C AO@44C thermal@34.75C POM_5V_IN 4706/1947 POM_5V_GPU 158/91 POM_5V_CPU 3005/372
RAM 1630/3964MB (lfb 5x4MB) SWAP 576/6078MB (cached 9MB) IRAM 0/252kB(lfb 252kB) CPU [100%@1479,100%@1479,100%@1479,100%@1479] EMC_FREQ 1%@1600 GR3D_FREQ 0%@921 APE 25 PLL@33.5C CPU@37C iwlwifi@32C PMIC@50C GPU@33.5C AO@44.5C thermal@35.25C POM_5V_IN 4746/2007 POM_5V_GPU 158/92 POM_5V_CPU 3085/430
RAM 1621/3964MB (lfb 5x4MB) SWAP 576/6078MB (cached 9MB) IRAM 0/252kB(lfb 252kB) CPU [100%@1479,100%@1479,100%@1479,100%@1479] EMC_FREQ 1%@1600 GR3D_FREQ 0%@921 APE 25 PLL@34C CPU@36.5C iwlwifi@32C PMIC@50C GPU@34C AO@45C thermal@35.75C POM_5V_IN 4841/2066 POM_5V_GPU 157/94 POM_5V_CPU 3030/484
RAM 1620/3964MB (lfb 5x4MB) SWAP 576/6078MB (cached 9MB) IRAM 0/252kB(lfb 252kB) CPU [100%@1479,100%@1479,100%@1479,100%@1479] EMC_FREQ 1%@1600 GR3D_FREQ 0%@921 APE 25 PLL@34.5C CPU@37C iwlwifi@33C PMIC@50C GPU@34.5C AO@45.5C thermal@36C POM_5V_IN 4785/2121 POM_5V_GPU 158/95 POM_5V_CPU 3119/538
RAM 1622/3964MB (lfb 5x4MB) SWAP 576/6078MB (cached 9MB) IRAM 0/252kB(lfb 252kB) CPU [100%@1479,100%@1479,100%@1479,100%@1479] EMC_FREQ 1%@1600 GR3D_FREQ 0%@921 APE 25 PLL@34.5C CPU@37.5C iwlwifi@33C PMIC@50C GPU@34.5C AO@45.5C thermal@36.25C POM_5V_IN 4674/2172 POM_5V_GPU 158/96 POM_5V_CPU 3010/587
RAM 1621/3964MB (lfb 5x4MB) SWAP 576/6078MB (cached 9MB) IRAM 0/252kB(lfb 252kB) CPU [100%@1479,100%@1479,100%@1479,100%@1479] EMC_FREQ 1%@1600 GR3D_FREQ 0%@921 APE 25 PLL@35C CPU@38C iwlwifi@33C PMIC@50C GPU@35C AO@46C thermal@36.25C POM_5V_IN 4753/2223 POM_5V_GPU 158/97 POM_5V_CPU 3045/636
RAM 1622/3964MB (lfb 5x4MB) SWAP 576/6078MB (cached 9MB) IRAM 0/252kB(lfb 252kB) CPU [100%@1479,100%@1479,100%@1479,100%@1479] EMC_FREQ 1%@1600 GR3D_FREQ 0%@921 APE 25 PLL@35.5C CPU@38C iwlwifi@33C PMIC@50C GPU@35C AO@46C thermal@37C POM_5V_IN 4682/2270 POM_5V_GPU 158/99 POM_5V_CPU 3010/681
RAM 1622/3964MB (lfb 5x4MB) SWAP 576/6078MB (cached 9MB) IRAM 0/252kB(lfb 252kB) CPU [100%@1479,100%@1479,100%@1479,100%@1479] EMC_FREQ 1%@1600 GR3D_FREQ 0%@921 APE 25 PLL@35.5C CPU@38.5C iwlwifi@33C PMIC@50C GPU@35.5C AO@46.5C thermal@37C POM_5V_IN 4642/2315 POM_5V_GPU 158/100 POM_5V_CPU 2971/724
RAM 1623/3964MB (lfb 4x4MB) SWAP 576/6078MB (cached 9MB) IRAM 0/252kB(lfb 252kB) CPU [100%@1479,100%@1479,100%@1479,100%@1479] EMC_FREQ 1%@1600 GR3D_FREQ 0%@921 APE 25 PLL@36C CPU@38.5C iwlwifi@33C PMIC@50C GPU@36C AO@47C thermal@37.75C POM_5V_IN 4872/2362 POM_5V_GPU 158/101 POM_5V_CPU 3045/767
RAM 1623/3964MB (lfb 4x4MB) SWAP 576/6078MB (cached 9MB) IRAM 0/252kB(lfb 252kB) CPU [100%@1479,100%@1479,100%@1479,100%@1479] EMC_FREQ 1%@1600 GR3D_FREQ 0%@921 APE 25 PLL@36C CPU@39.5C iwlwifi@33C PMIC@50C GPU@36C AO@47C thermal@38C POM_5V_IN 4761/2406 POM_5V_GPU 158/102 POM_5V_CPU 3050/809
RAM 1624/3964MB (lfb 4x4MB) SWAP 576/6078MB (cached 9MB) IRAM 0/252kB(lfb 252kB) CPU [100%@1479,99%@1479,100%@1479,100%@1479] EMC_FREQ 1%@1600 GR3D_FREQ 0%@921 APE 25 PLL@36.5C CPU@40C iwlwifi@33C PMIC@50C GPU@36.5C AO@48C thermal@38.5C POM_5V_IN 4801/2449 POM_5V_GPU 158/103 POM_5V_CPU 3095/850
RAM 1623/3964MB (lfb 4x4MB) SWAP 576/6078MB (cached 9MB) IRAM 0/252kB(lfb 252kB) CPU [100%@1479,100%@1479,100%@1479,100%@1479] EMC_FREQ 1%@1600 GR3D_FREQ 0%@921 APE 25 PLL@37C CPU@39.5C iwlwifi@33C PMIC@50C GPU@36.5C AO@48C thermal@38.75C POM_5V_IN 4872/2491 POM_5V_GPU 158/104 POM_5V_CPU 3169/890
RAM 1624/3964MB (lfb 4x4MB) SWAP 576/6078MB (cached 9MB) IRAM 0/252kB(lfb 252kB) CPU [100%@1479,100%@1479,100%@1479,100%@1479] EMC_FREQ 1%@1600 GR3D_FREQ 0%@921 APE 25 PLL@37C CPU@40C iwlwifi@33C PMIC@50C GPU@37C AO@48C thermal@39C POM_5V_IN 4880/2532 POM_5V_GPU 158/105 POM_5V_CPU 3169/930
RAM 1623/3964MB (lfb 4x4MB) SWAP 576/6078MB (cached 9MB) IRAM 0/252kB(lfb 252kB) CPU [100%@1479,100%@1479,100%@1479,100%@1479] EMC_FREQ 1%@1600 GR3D_FREQ 0%@921 APE 25 PLL@37.5C CPU@40.5C iwlwifi@33C PMIC@50C GPU@37C AO@48.5C thermal@39C POM_5V_IN 4689/2569 POM_5V_GPU 158/106 POM_5V_CPU 3020/965
RAM 1624/3964MB (lfb 4x4MB) SWAP 576/6078MB (cached 9MB) IRAM 0/252kB(lfb 252kB) CPU [100%@1479,100%@1479,100%@1479,100%@1479] EMC_FREQ 2%@1600 GR3D_FREQ 0%@921 APE 25 PLL@38C CPU@40.5C iwlwifi@33C PMIC@50C GPU@37.5C AO@48.5C thermal@39.25C POM_5V_IN 4729/2605 POM_5V_GPU 158/106 POM_5V_CPU 3060/1000
RAM 1623/3964MB (lfb 4x4MB) SWAP 576/6078MB (cached 9MB) IRAM 0/252kB(lfb 252kB) CPU [100%@1479,100%@1479,100%@1479,100%@1479] EMC_FREQ 1%@1600 GR3D_FREQ 0%@921 APE 25 PLL@38.5C CPU@41C iwlwifi@33C PMIC@50C GPU@37.5C AO@49C thermal@39.25C POM_5V_IN 4848/2642 POM_5V_GPU 158/107 POM_5V_CPU 3060/1034
RAM 1625/3964MB (lfb 4x4MB) SWAP 576/6078MB (cached 9MB) IRAM 0/252kB(lfb 252kB) CPU [52%@1479,51%@1479,51%@1479,51%@1479] EMC_FREQ 1%@1600 GR3D_FREQ 0%@921 APE 25 PLL@38.5C CPU@41C iwlwifi@33C PMIC@50C GPU@37C AO@48C thermal@37.75C POM_5V_IN 4776/2676 POM_5V_GPU 159/108 POM_5V_CPU 3065/1067
RAM 1625/3964MB (lfb 4x4MB) SWAP 576/6078MB (cached 9MB) IRAM 0/252kB(lfb 252kB) CPU [2%@1479,1%@1479,1%@1479,3%@1479] EMC_FREQ 0%@1600 GR3D_FREQ 0%@921 APE 25 PLL@36.5C CPU@38.5C iwlwifi@34C PMIC@50C GPU@36.5C AO@47.5C thermal@37.5C POM_5V_IN 2007/2665 POM_5V_GPU 163/109 POM_5V_CPU 327/1055
RAM 1625/3964MB (lfb 4x4MB) SWAP 576/6078MB (cached 9MB) IRAM 0/252kB(lfb 252kB) CPU [3%@1479,2%@1479,0%@1479,0%@1479] EMC_FREQ 0%@1600 GR3D_FREQ 0%@921 APE 25 PLL@36.5C CPU@38C iwlwifi@34C PMIC@50C GPU@36.5C AO@47.5C thermal@37C POM_5V_IN 2007/2655 POM_5V_GPU 163/110 POM_5V_CPU 327/1043
RAM 1625/3964MB (lfb 4x4MB) SWAP 576/6078MB (cached 9MB) IRAM 0/252kB(lfb 252kB) CPU [1%@1479,0%@1479,2%@1479,0%@1479] EMC_FREQ 0%@1600 GR3D_FREQ 0%@921 APE 25 PLL@36.5C CPU@38C iwlwifi@34C PMIC@50C GPU@36.5C AO@47.5C thermal@37.25C POM_5V_IN 1966/2645 POM_5V_GPU 163/111 POM_5V_CPU 327/1032
RAM 1625/3964MB (lfb 4x4MB) SWAP 576/6078MB (cached 9MB) IRAM 0/252kB(lfb 252kB) CPU [1%@1479,0%@1479,0%@1479,3%@1479] EMC_FREQ 0%@1600 GR3D_FREQ 0%@921 APE 25 PLL@36C CPU@38C iwlwifi@34C PMIC@50C GPU@36.5C AO@47C thermal@37.25C POM_5V_IN 1969/2634 POM_5V_GPU 163/111 POM_5V_CPU 327/1022
RAM 1625/3964MB (lfb 3x4MB) SWAP 576/6078MB (cached 9MB) IRAM 0/252kB(lfb 252kB) CPU [2%@1479,0%@1479,1%@1479,2%@1479] EMC_FREQ 0%@1600 GR3D_FREQ 0%@921 APE 25 PLL@36C CPU@37.5C iwlwifi@34C PMIC@50C GPU@36C AO@47C thermal@36.75C POM_5V_IN 2007/2625 POM_5V_GPU 163/112 POM_5V_CPU 327/1011
RAM 1625/3964MB (lfb 32x1MB) SWAP 576/6078MB (cached 9MB) IRAM 0/252kB(lfb 252kB) CPU [4%@1479,0%@1479,1%@1479,1%@1479] EMC_FREQ 0%@1600 GR3D_FREQ 0%@921 APE 25 PLL@35.5C CPU@37.5C iwlwifi@34C PMIC@50C GPU@36C AO@47.5C thermal@36.75C POM_5V_IN 1963/2615 POM_5V_GPU 163/113 POM_5V_CPU 327/1001
RAM 1624/3964MB (lfb 32x1MB) SWAP 576/6078MB (cached 9MB) IRAM 0/252kB(lfb 252kB) CPU [1%@1479,0%@1479,3%@1479,0%@1479] EMC_FREQ 0%@1600 GR3D_FREQ 0%@921 APE 25 PLL@35.5C CPU@37.5C iwlwifi@34C PMIC@50C GPU@36C AO@46.5C thermal@36.75C POM_5V_IN 2048/2607 POM_5V_GPU 163/114 POM_5V_CPU 368/992
RAM 1624/3964MB (lfb 1x2MB) SWAP 576/6078MB (cached 9MB) IRAM 0/252kB(lfb 252kB) CPU [1%@1479,0%@1479,1%@1479,3%@1479] EMC_FREQ 0%@1600 GR3D_FREQ 0%@921 APE 25 PLL@35.5C CPU@37.5C iwlwifi@34C PMIC@50C GPU@35.5C AO@47C thermal@36.75C POM_5V_IN 1963/2598 POM_5V_GPU 163/114 POM_5V_CPU 327/983
RAM 2306/3964MB (lfb 28x1MB) SWAP 576/6078MB (cached 9MB) IRAM 0/252kB(lfb 252kB) CPU [86%@1479,84%@1479,86%@1479,80%@1479] EMC_FREQ 0%@1600 GR3D_FREQ 0%@921 APE 25 PLL@35.5C CPU@37.5C iwlwifi@34C PMIC@50C GPU@37C AO@48C thermal@38.5C POM_5V_IN 1969/2589 POM_5V_GPU 164/115 POM_5V_CPU 327/973
RAM 2952/3964MB (lfb 2x1MB) SWAP 585/6078MB (cached 8MB) IRAM 0/252kB(lfb 252kB) CPU [86%@1479,87%@1479,98%@1479,97%@1479] EMC_FREQ 3%@1600 GR3D_FREQ 0%@921 APE 25 PLL@37.5C CPU@40C iwlwifi@37C PMIC@50C GPU@37C AO@48C thermal@38.5C POM_5V_IN 4545/2616 POM_5V_GPU 199/116 POM_5V_CPU 2551/995
RAM 3175/3964MB (lfb 4x1MB) SWAP 630/6078MB (cached 8MB) IRAM 0/252kB(lfb 252kB) CPU [23%@1479,23%@1479,19%@1479,80%@1479] EMC_FREQ 2%@1600 GR3D_FREQ 0%@921 APE 25 PLL@37.5C CPU@40C iwlwifi@35C PMIC@50C GPU@37.5C AO@48.5C thermal@38C POM_5V_IN 4392/2640 POM_5V_GPU 239/118 POM_5V_CPU 2436/1015
RAM 3175/3964MB (lfb 4x1MB) SWAP 630/6078MB (cached 8MB) IRAM 0/252kB(lfb 252kB) CPU [21%@1479,11%@1479,10%@1479,100%@1479] EMC_FREQ 6%@1600 GR3D_FREQ 10%@921 APE 25 PLL@37C CPU@39C iwlwifi@34C PMIC@50C GPU@37.5C AO@50C thermal@38.25C POM_5V_IN 3484/2652 POM_5V_GPU 607/124 POM_5V_CPU 1294/1019
RAM 3175/3964MB (lfb 5x1MB) SWAP 630/6078MB (cached 8MB) IRAM 0/252kB(lfb 252kB) CPU [21%@1479,12%@1479,11%@1479,100%@1479] EMC_FREQ 6%@1600 GR3D_FREQ 12%@921 APE 25 PLL@37.5C CPU@39.5C iwlwifi@35C PMIC@50C GPU@37.5C AO@49C thermal@38.75C POM_5V_IN 3715/2666 POM_5V_GPU 807/134 POM_5V_CPU 1292/1022
RAM 3177/3964MB (lfb 4x2MB) SWAP 629/6078MB (cached 9MB) IRAM 0/252kB(lfb 252kB) CPU [13%@1479,9%@1479,6%@1479,59%@1479] EMC_FREQ 7%@1600 GR3D_FREQ 10%@921 APE 25 PLL@37.5C CPU@39.5C iwlwifi@34C PMIC@50C GPU@37C AO@48C thermal@37.75C POM_5V_IN 3945/2683 POM_5V_GPU 966/144 POM_5V_CPU 1288/1026
RAM 3176/3964MB (lfb 3x2MB) SWAP 629/6078MB (cached 9MB) IRAM 0/252kB(lfb 252kB) CPU [3%@1479,3%@1479,1%@1479,1%@1479] EMC_FREQ 2%@1600 GR3D_FREQ 0%@921 APE 25 PLL@36.5C CPU@38C iwlwifi@35C PMIC@50C GPU@37C AO@47.5C thermal@37.25C POM_5V_IN 1972/2674 POM_5V_GPU 164/145 POM_5V_CPU 328/1017
RAM 3177/3964MB (lfb 3x2MB) SWAP 629/6078MB (cached 9MB) IRAM 0/252kB(lfb 252kB) CPU [2%@1479,2%@1479,0%@1479,0%@1479] EMC_FREQ 0%@1600 GR3D_FREQ 0%@921 APE 25 PLL@36.5C CPU@38.5C iwlwifi@34C PMIC@50C GPU@36.5C AO@47.5C thermal@37.25C POM_5V_IN 1972/2665 POM_5V_GPU 164/145 POM_5V_CPU 328/1008
RAM 3178/3964MB (lfb 3x2MB) SWAP 629/6078MB (cached 9MB) IRAM 0/252kB(lfb 252kB) CPU [2%@1479,3%@1479,0%@1479,1%@1479] EMC_FREQ 0%@1600 GR3D_FREQ 0%@921 APE 25 PLL@36C CPU@38C iwlwifi@35C PMIC@50C GPU@36.5C AO@47.5C thermal@37C POM_5V_IN 1972/2656 POM_5V_GPU 164/145 POM_5V_CPU 328/999
RAM 3177/3964MB (lfb 3x2MB) SWAP 629/6078MB (cached 9MB) IRAM 0/252kB(lfb 252kB) CPU [2%@1479,3%@1479,0%@1479,0%@1479] EMC_FREQ 0%@1600 GR3D_FREQ 0%@921 APE 25 PLL@36C CPU@38C iwlwifi@34C PMIC@50C GPU@36.5C AO@47C thermal@36.75C POM_5V_IN 1972/2647 POM_5V_GPU 164/145 POM_5V_CPU 328/991
RAM 3177/3964MB (lfb 3x2MB) SWAP 629/6078MB (cached 9MB) IRAM 0/252kB(lfb 252kB) CPU [2%@1479,2%@1479,0%@1479,0%@1479] EMC_FREQ 0%@1600 GR3D_FREQ 0%@921 APE 25 PLL@36C CPU@38C iwlwifi@34C PMIC@50C GPU@36C AO@47C thermal@36.75C POM_5V_IN 1972/2639 POM_5V_GPU 164/146 POM_5V_CPU 328/983
RAM 3177/3964MB (lfb 3x2MB) SWAP 629/6078MB (cached 9MB) IRAM 0/252kB(lfb 252kB) CPU [2%@1479,1%@1479,1%@1479,1%@1479] EMC_FREQ 0%@1600 GR3D_FREQ 0%@921 APE 25 PLL@36C CPU@37.5C iwlwifi@34C PMIC@50C GPU@36C AO@47.5C thermal@37C POM_5V_IN 1972/2631 POM_5V_GPU 164/146 POM_5V_CPU 328/975
RAM 3177/3964MB (lfb 3x2MB) SWAP 629/6078MB (cached 9MB) IRAM 0/252kB(lfb 252kB) CPU [2%@1479,0%@1479,3%@1479,0%@1479] EMC_FREQ 0%@1600 GR3D_FREQ 0%@921 APE 25 PLL@35.5C CPU@37.5C iwlwifi@35C PMIC@50C GPU@36C AO@47C thermal@37C POM_5V_IN 1972/2623 POM_5V_GPU 164/146 POM_5V_CPU 328/967
RAM 3179/3964MB (lfb 3x2MB) SWAP 629/6078MB (cached 9MB) IRAM 0/252kB(lfb 252kB) CPU [2%@1479,2%@1479,4%@1479,2%@1479] EMC_FREQ 0%@1600 GR3D_FREQ 0%@921 APE 25 PLL@35.5C CPU@37.5C iwlwifi@34C PMIC@50C GPU@36C AO@47C thermal@36.75C POM_5V_IN 1972/2615 POM_5V_GPU 164/146 POM_5V_CPU 328/959
RAM 3176/3964MB (lfb 3x2MB) SWAP 630/6078MB (cached 9MB) IRAM 0/252kB(lfb 252kB) CPU [4%@1479,1%@1479,1%@1479,1%@1479] EMC_FREQ 0%@1600 GR3D_FREQ 0%@921 APE 25 PLL@35C CPU@37.5C iwlwifi@34C PMIC@50C GPU@36C AO@47C thermal@36.5C POM_5V_IN 1969/2607 POM_5V_GPU 164/146 POM_5V_CPU 328/952
RAM 3177/3964MB (lfb 3x2MB) SWAP 630/6078MB (cached 9MB) IRAM 0/252kB(lfb 252kB) CPU [4%@1479,0%@1479,1%@1479,0%@1479] EMC_FREQ 0%@1600 GR3D_FREQ 0%@921 APE 25 PLL@35C CPU@37C iwlwifi@37C PMIC@50C GPU@35.5C AO@46.5C thermal@36.5C POM_5V_IN 1972/2600 POM_5V_GPU 164/147 POM_5V_CPU 328/945
RAM 3176/3964MB (lfb 3x2MB) SWAP 630/6078MB (cached 9MB) IRAM 0/252kB(lfb 252kB) CPU [5%@1479,0%@1479,0%@1479,0%@1479] EMC_FREQ 0%@1600 GR3D_FREQ 0%@921 APE 25 PLL@35C CPU@37C iwlwifi@34C PMIC@50C GPU@35.5C AO@46.5C thermal@36.5C POM_5V_IN 1969/2593 POM_5V_GPU 164/147 POM_5V_CPU 328/938
RAM 3176/3964MB (lfb 3x2MB) SWAP 630/6078MB (cached 9MB) IRAM 0/252kB(lfb 252kB) CPU [4%@1479,0%@1479,0%@1479,1%@1479] EMC_FREQ 0%@1600 GR3D_FREQ 0%@921 APE 25 PLL@35C CPU@37.5C iwlwifi@35C PMIC@50C GPU@35.5C AO@46.5C thermal@36.25C POM_5V_IN 1972/2586 POM_5V_GPU 164/147 POM_5V_CPU 328/931
RAM 3176/3964MB (lfb 3x2MB) SWAP 630/6078MB (cached 9MB) IRAM 0/252kB(lfb 252kB) CPU [2%@1479,2%@1479,0%@1479,0%@1479] EMC_FREQ 0%@1600 GR3D_FREQ 0%@921 APE 25 PLL@35C CPU@37C iwlwifi@35C PMIC@50C GPU@35.5C AO@46C thermal@36.25C POM_5V_IN 1972/2579 POM_5V_GPU 164/147 POM_5V_CPU 328/924
RAM 3177/3964MB (lfb 3x2MB) SWAP 630/6078MB (cached 9MB) IRAM 0/252kB(lfb 252kB) CPU [2%@1479,1%@1479,2%@1479,0%@1479] EMC_FREQ 0%@1600 GR3D_FREQ 0%@921 APE 25 PLL@35C CPU@37C iwlwifi@34C PMIC@50C GPU@35.5C AO@46C thermal@36.25C POM_5V_IN 1972/2572 POM_5V_GPU 164/147 POM_5V_CPU 328/917
RAM 3176/3964MB (lfb 3x2MB) SWAP 630/6078MB (cached 9MB) IRAM 0/252kB(lfb 252kB) CPU [2%@1479,0%@1479,2%@1479,2%@1479] EMC_FREQ 0%@1600 GR3D_FREQ 0%@921 APE 25 PLL@35C CPU@37C iwlwifi@34C PMIC@50C GPU@35.5C AO@45.5C thermal@36.25C POM_5V_IN 2095/2567 POM_5V_GPU 164/148 POM_5V_CPU 369/911
RAM 3178/3964MB (lfb 3x2MB) SWAP 630/6078MB (cached 9MB) IRAM 0/252kB(lfb 252kB) CPU [4%@1479,1%@1479,1%@1479,2%@1479] EMC_FREQ 0%@1600 GR3D_FREQ 0%@921 APE 25 PLL@35C CPU@37C iwlwifi@34C PMIC@50C GPU@35C AO@46C thermal@36C POM_5V_IN 1972/2560 POM_5V_GPU 164/148 POM_5V_CPU 328/905
RAM 3177/3964MB (lfb 3x2MB) SWAP 630/6078MB (cached 9MB) IRAM 0/252kB(lfb 252kB) CPU [4%@1479,0%@1479,2%@1479,1%@1479] EMC_FREQ 0%@1600 GR3D_FREQ 0%@921 APE 25 PLL@34.5C CPU@37C iwlwifi@34C PMIC@50C GPU@35.5C AO@46C thermal@35.75C POM_5V_IN 1972/2554 POM_5V_GPU 164/148 POM_5V_CPU 328/899
RAM 3177/3964MB (lfb 3x2MB) SWAP 630/6078MB (cached 9MB) IRAM 0/252kB(lfb 252kB) CPU [3%@1479,1%@1479,0%@1479,1%@1479] EMC_FREQ 0%@1600 GR3D_FREQ 0%@921 APE 25 PLL@35C CPU@36.5C iwlwifi@35C PMIC@50C GPU@35C AO@46C thermal@35.75C POM_5V_IN 1972/2548 POM_5V_GPU 164/148 POM_5V_CPU 328/893
RAM 3177/3964MB (lfb 3x2MB) SWAP 630/6078MB (cached 9MB) IRAM 0/252kB(lfb 252kB) CPU [2%@1479,2%@1479,0%@1479,1%@1479] EMC_FREQ 0%@1600 GR3D_FREQ 0%@921 APE 25 PLL@34.5C CPU@36.5C iwlwifi@34C PMIC@50C GPU@35C AO@46C thermal@35.75C POM_5V_IN 1972/2542 POM_5V_GPU 164/148 POM_5V_CPU 328/887
RAM 3177/3964MB (lfb 3x2MB) SWAP 630/6078MB (cached 9MB) IRAM 0/252kB(lfb 252kB) CPU [2%@1479,2%@1479,1%@1479,0%@1479] EMC_FREQ 0%@1600 GR3D_FREQ 0%@921 APE 25 PLL@34.5C CPU@36.5C iwlwifi@35C PMIC@50C GPU@35C AO@46C thermal@35.75C POM_5V_IN 1972/2536 POM_5V_GPU 164/148 POM_5V_CPU 328/881
RAM 3177/3964MB (lfb 3x2MB) SWAP 630/6078MB (cached 9MB) IRAM 0/252kB(lfb 252kB) CPU [5%@1479,0%@1479,0%@1479,0%@1479] EMC_FREQ 0%@1600 GR3D_FREQ 0%@921 APE 25 PLL@34.5C CPU@36.5C iwlwifi@34C PMIC@50C GPU@35C AO@45.5C thermal@35.5C POM_5V_IN 1972/2530 POM_5V_GPU 164/149 POM_5V_CPU 328/875
RAM 3178/3964MB (lfb 3x2MB) SWAP 630/6078MB (cached 9MB) IRAM 0/252kB(lfb 252kB) CPU [2%@1479,2%@1479,0%@1479,0%@1479] EMC_FREQ 0%@1600 GR3D_FREQ 0%@921 APE 25 PLL@34C CPU@36C iwlwifi@34C PMIC@50C GPU@35C AO@45.5C thermal@35.5C POM_5V_IN 1972/2524 POM_5V_GPU 164/149 POM_5V_CPU 328/869
RAM 3178/3964MB (lfb 3x2MB) SWAP 630/6078MB (cached 9MB) IRAM 0/252kB(lfb 252kB) CPU [1%@1479,2%@1479,0%@1479,0%@1479] EMC_FREQ 0%@1600 GR3D_FREQ 0%@921 APE 25 PLL@34.5C CPU@36.5C iwlwifi@34C PMIC@50C GPU@34.5C AO@45.5C thermal@35.75C POM_5V_IN 1972/2519 POM_5V_GPU 164/149 POM_5V_CPU 328/864
RAM 3178/3964MB (lfb 3x2MB) SWAP 630/6078MB (cached 9MB) IRAM 0/252kB(lfb 252kB) CPU [3%@1479,3%@1479,0%@1479,1%@1479] EMC_FREQ 0%@1600 GR3D_FREQ 0%@921 APE 25 PLL@34C CPU@36C iwlwifi@34C PMIC@50C GPU@34.5C AO@45.5C thermal@35.25C POM_5V_IN 1972/2513 POM_5V_GPU 164/149 POM_5V_CPU 328/859
RAM 3178/3964MB (lfb 3x2MB) SWAP 630/6078MB (cached 9MB) IRAM 0/252kB(lfb 252kB) CPU [2%@1479,2%@1479,2%@1479,1%@1479] EMC_FREQ 0%@1600 GR3D_FREQ 0%@921 APE 25 PLL@34C CPU@36C iwlwifi@34C PMIC@50C GPU@34.5C AO@45C thermal@35.5C POM_5V_IN 1972/2508 POM_5V_GPU 164/149 POM_5V_CPU 328/853
RAM 3177/3964MB (lfb 3x2MB) SWAP 630/6078MB (cached 9MB) IRAM 0/252kB(lfb 252kB) CPU [2%@1479,0%@1479,2%@1479,1%@1479] EMC_FREQ 0%@1600 GR3D_FREQ 0%@921 APE 25 PLL@34C CPU@36C iwlwifi@35C PMIC@50C GPU@34.5C AO@45C thermal@35.25C POM_5V_IN 1972/2503 POM_5V_GPU 164/149 POM_5V_CPU 328/848
RAM 3178/3964MB (lfb 3x2MB) SWAP 630/6078MB (cached 9MB) IRAM 0/252kB(lfb 252kB) CPU [2%@1479,0%@1479,0%@1479,2%@1479] EMC_FREQ 0%@1600 GR3D_FREQ 0%@921 APE 25 PLL@34C CPU@36C iwlwifi@34C PMIC@50C GPU@34.5C AO@45C thermal@34.75C POM_5V_IN 1972/2497 POM_5V_GPU 164/149 POM_5V_CPU 328/843
RAM 3178/3964MB (lfb 3x2MB) SWAP 630/6078MB (cached 9MB) IRAM 0/252kB(lfb 252kB) CPU [2%@1479,0%@1479,0%@1479,3%@1479] EMC_FREQ 0%@1600 GR3D_FREQ 0%@921 APE 25 PLL@34C CPU@36C iwlwifi@34C PMIC@50C GPU@34.5C AO@45.5C thermal@35.25C POM_5V_IN 1972/2492 POM_5V_GPU 164/150 POM_5V_CPU 328/838
RAM 3177/3964MB (lfb 3x2MB) SWAP 630/6078MB (cached 9MB) IRAM 0/252kB(lfb 252kB) CPU [2%@1479,0%@1479,0%@1479,2%@1479] EMC_FREQ 0%@1600 GR3D_FREQ 0%@921 APE 25 PLL@34C CPU@35.5C iwlwifi@34C PMIC@50C GPU@34.5C AO@45C thermal@35C POM_5V_IN 1972/2487 POM_5V_GPU 164/150 POM_5V_CPU 328/833
RAM 3177/3964MB (lfb 3x2MB) SWAP 630/6078MB (cached 9MB) IRAM 0/252kB(lfb 252kB) CPU [2%@1479,0%@1479,0%@1479,3%@1479] EMC_FREQ 0%@1600 GR3D_FREQ 0%@921 APE 25 PLL@33.5C CPU@35.5C iwlwifi@34C PMIC@50C GPU@34C AO@45C thermal@35C POM_5V_IN 1934/2482 POM_5V_GPU 164/150 POM_5V_CPU 328/829
RAM 3177/3964MB (lfb 3x2MB) SWAP 630/6078MB (cached 9MB) IRAM 0/252kB(lfb 252kB) CPU [2%@1479,0%@1479,0%@1479,2%@1479] EMC_FREQ 0%@1600 GR3D_FREQ 0%@921 APE 25 PLL@33.5C CPU@35.5C iwlwifi@34C PMIC@50C GPU@34.5C AO@45C thermal@35C POM_5V_IN 1972/2477 POM_5V_GPU 164/150 POM_5V_CPU 328/824
RAM 3186/3964MB (lfb 2x2MB) SWAP 629/6078MB (cached 11MB) IRAM 0/252kB(lfb 252kB) CPU [4%@1479,2%@1479,4%@1479,5%@1479] EMC_FREQ 0%@1600 GR3D_FREQ 0%@921 APE 25 PLL@33.5C CPU@35C iwlwifi@34C PMIC@50C GPU@34.5C AO@45C thermal@35C POM_5V_IN 1931/2472 POM_5V_GPU 164/150 POM_5V_CPU 328/819
RAM 3186/3964MB (lfb 2x2MB) SWAP 629/6078MB (cached 11MB) IRAM 0/252kB(lfb 252kB) CPU [2%@1479,0%@1479,0%@1479,3%@1479] EMC_FREQ 0%@1600 GR3D_FREQ 0%@921 APE 25 PLL@33.5C CPU@35.5C iwlwifi@35C PMIC@50C GPU@34C AO@45C thermal@35C POM_5V_IN 2095/2469 POM_5V_GPU 164/150 POM_5V_CPU 410/816
RAM 3186/3964MB (lfb 2x2MB) SWAP 629/6078MB (cached 11MB) IRAM 0/252kB(lfb 252kB) CPU [4%@1479,1%@1479,0%@1479,0%@1479] EMC_FREQ 0%@1600 GR3D_FREQ 0%@921 APE 25 PLL@33.5C CPU@35C iwlwifi@33C PMIC@50C GPU@34C AO@44.5C thermal@34.5C POM_5V_IN 1972/2464 POM_5V_GPU 164/150 POM_5V_CPU 328/811
RAM 3185/3964MB (lfb 2x2MB) SWAP 629/6078MB (cached 11MB) IRAM 0/252kB(lfb 252kB) CPU [4%@1479,1%@1479,0%@1479,0%@1479] EMC_FREQ 0%@1600 GR3D_FREQ 0%@921 APE 25 PLL@33.5C CPU@35.5C iwlwifi@33C PMIC@50C GPU@34C AO@45C thermal@34.5C POM_5V_IN 1934/2460 POM_5V_GPU 164/150 POM_5V_CPU 328/807
RAM 3185/3964MB (lfb 2x2MB) SWAP 629/6078MB (cached 11MB) IRAM 0/252kB(lfb 252kB) CPU [2%@1479,1%@1479,1%@1479,0%@1479] EMC_FREQ 0%@1600 GR3D_FREQ 0%@921 APE 25 PLL@33.5C CPU@35.5C iwlwifi@34C PMIC@50C GPU@34C AO@44.5C thermal@34.75C POM_5V_IN 1975/2455 POM_5V_GPU 123/150 POM_5V_CPU 328/802
RAM 3186/3964MB (lfb 2x2MB) SWAP 629/6078MB (cached 11MB) IRAM 0/252kB(lfb 252kB) CPU [2%@1479,0%@1479,2%@1479,0%@1479] EMC_FREQ 0%@1600 GR3D_FREQ 0%@921 APE 25 PLL@33.5C CPU@35.5C iwlwifi@33C PMIC@50C GPU@34C AO@44.5C thermal@34.5C POM_5V_IN 1934/2451 POM_5V_GPU 123/150 POM_5V_CPU 328/798
RAM 3185/3964MB (lfb 2x2MB) SWAP 629/6078MB (cached 11MB) IRAM 0/252kB(lfb 252kB) CPU [2%@1479,0%@1479,2%@1479,0%@1479] EMC_FREQ 0%@1600 GR3D_FREQ 0%@921 APE 25 PLL@33.5C CPU@35.5C iwlwifi@34C PMIC@50C GPU@34C AO@44.5C thermal@34.75C POM_5V_IN 1934/2446 POM_5V_GPU 123/150 POM_5V_CPU 328/794
RAM 3186/3964MB (lfb 2x2MB) SWAP 629/6078MB (cached 11MB) IRAM 0/252kB(lfb 252kB) CPU [3%@1479,2%@1479,4%@1479,3%@1479] EMC_FREQ 0%@1600 GR3D_FREQ 0%@921 APE 25 PLL@33.5C CPU@35C iwlwifi@35C PMIC@50C GPU@34C AO@44.5C thermal@34.5C POM_5V_IN 1975/2442 POM_5V_GPU 164/150 POM_5V_CPU 328/790
RAM 3186/3964MB (lfb 2x2MB) SWAP 629/6078MB (cached 11MB) IRAM 0/252kB(lfb 252kB) CPU [5%@1479,0%@1479,0%@1479,0%@1479] EMC_FREQ 0%@1600 GR3D_FREQ 0%@921 APE 25 PLL@33C CPU@35C iwlwifi@34C PMIC@50C GPU@34C AO@44.5C thermal@34.5C POM_5V_IN 1969/2438 POM_5V_GPU 123/150 POM_5V_CPU 328/786
RAM 3186/3964MB (lfb 2x2MB) SWAP 629/6078MB (cached 11MB) IRAM 0/252kB(lfb 252kB) CPU [2%@1479,3%@1479,0%@1479,0%@1479] EMC_FREQ 0%@1600 GR3D_FREQ 0%@921 APE 25 PLL@33C CPU@35C iwlwifi@33C PMIC@50C GPU@34C AO@44.5C thermal@34.25C POM_5V_IN 1934/2434 POM_5V_GPU 164/150 POM_5V_CPU 328/782
RAM 3186/3964MB (lfb 2x2MB) SWAP 629/6078MB (cached 11MB) IRAM 0/252kB(lfb 252kB) CPU [3%@1479,1%@1479,0%@1479,0%@1479] EMC_FREQ 0%@1600 GR3D_FREQ 0%@921 APE 25 PLL@32.5C CPU@35C iwlwifi@33C PMIC@50C GPU@34C AO@44C thermal@34.25C POM_5V_IN 1972/2430 POM_5V_GPU 164/150 POM_5V_CPU 328/778
RAM 3186/3964MB (lfb 2x2MB) SWAP 629/6078MB (cached 11MB) IRAM 0/252kB(lfb 252kB) CPU [3%@1479,1%@1479,0%@1479,0%@1479] EMC_FREQ 0%@1600 GR3D_FREQ 0%@921 APE 25 PLL@32.5C CPU@35C iwlwifi@33C PMIC@50C GPU@33.5C AO@44.5C thermal@34.25C POM_5V_IN 1934/2426 POM_5V_GPU 123/150 POM_5V_CPU 328/775
RAM 3186/3964MB (lfb 2x2MB) SWAP 629/6078MB (cached 11MB) IRAM 0/252kB(lfb 252kB) CPU [3%@1479,0%@1479,0%@1479,0%@1479] EMC_FREQ 0%@1600 GR3D_FREQ 0%@921 APE 25 PLL@33C CPU@35C iwlwifi@33C PMIC@50C GPU@33.5C AO@44C thermal@34.25C POM_5V_IN 1934/2421 POM_5V_GPU 164/150 POM_5V_CPU 287/770
RAM 3186/3964MB (lfb 2x2MB) SWAP 629/6078MB (cached 11MB) IRAM 0/252kB(lfb 252kB) CPU [2%@1479,2%@1479,1%@1479,0%@1479] EMC_FREQ 0%@1600 GR3D_FREQ 0%@921 APE 25 PLL@33C CPU@35C iwlwifi@33C PMIC@50C GPU@33C AO@44.5C thermal@34C POM_5V_IN 1934/2417 POM_5V_GPU 123/150 POM_5V_CPU 287/766
RAM 3186/3964MB (lfb 2x2MB) SWAP 629/6078MB (cached 11MB) IRAM 0/252kB(lfb 252kB) CPU [3%@1479,0%@1479,4%@1479,3%@1479] EMC_FREQ 0%@1600 GR3D_FREQ 0%@921 APE 25 PLL@33C CPU@35C iwlwifi@35C PMIC@50C GPU@33.5C AO@44C thermal@34.25C POM_5V_IN 1934/2413 POM_5V_GPU 164/150 POM_5V_CPU 287/763
RAM 3186/3964MB (lfb 2x2MB) SWAP 629/6078MB (cached 11MB) IRAM 0/252kB(lfb 252kB) CPU [2%@1479,0%@1479,0%@1479,2%@1479] EMC_FREQ 0%@1600 GR3D_FREQ 0%@921 APE 25 PLL@33C CPU@34.5C iwlwifi@34C PMIC@50C GPU@33C AO@44C thermal@34C POM_5V_IN 2013/2410 POM_5V_GPU 164/150 POM_5V_CPU 369/759
RAM 3186/3964MB (lfb 2x2MB) SWAP 629/6078MB (cached 11MB) IRAM 0/252kB(lfb 252kB) CPU [3%@1479,1%@1479,0%@1479,0%@1479] EMC_FREQ 0%@1600 GR3D_FREQ 0%@921 APE 25 PLL@33C CPU@34.5C iwlwifi@33C PMIC@50C GPU@33.5C AO@43.5C thermal@34.25C POM_5V_IN 1934/2406 POM_5V_GPU 164/150 POM_5V_CPU 287/756
RAM 3186/3964MB (lfb 2x2MB) SWAP 629/6078MB (cached 11MB) IRAM 0/252kB(lfb 252kB) CPU [2%@1479,2%@1479,0%@1479,0%@1479] EMC_FREQ 0%@1600 GR3D_FREQ 0%@921 APE 25 PLL@32.5C CPU@34.5C iwlwifi@33C PMIC@50C GPU@33C AO@44C thermal@34C POM_5V_IN 1934/2403 POM_5V_GPU 164/150 POM_5V_CPU 287/752
RAM 3185/3964MB (lfb 2x2MB) SWAP 629/6078MB (cached 11MB) IRAM 0/252kB(lfb 252kB) CPU [1%@1479,2%@1479,0%@1479,0%@1479] EMC_FREQ 0%@1600 GR3D_FREQ 0%@921 APE 25 PLL@32.5C CPU@34.5C iwlwifi@33C PMIC@50C GPU@33C AO@44C thermal@33.75C POM_5V_IN 1934/2399 POM_5V_GPU 123/150 POM_5V_CPU 328/748
RAM 3186/3964MB (lfb 2x2MB) SWAP 629/6078MB (cached 11MB) IRAM 0/252kB(lfb 252kB) CPU [2%@1479,1%@1479,1%@1479,0%@1479] EMC_FREQ 0%@1600 GR3D_FREQ 0%@921 APE 25 PLL@32.5C CPU@34.5C iwlwifi@33C PMIC@50C GPU@33.5C AO@44C thermal@33.75C POM_5V_IN 1934/2395 POM_5V_GPU 164/150 POM_5V_CPU 287/745
RAM 3186/3964MB (lfb 2x2MB) SWAP 629/6078MB (cached 11MB) IRAM 0/252kB(lfb 252kB) CPU [3%@1479,1%@1479,0%@1479,0%@1479] EMC_FREQ 0%@1600 GR3D_FREQ 0%@921 APE 25 PLL@32.5C CPU@35C iwlwifi@33C PMIC@50C GPU@33.5C AO@44C thermal@33.5C POM_5V_IN 1931/2392 POM_5V_GPU 123/150 POM_5V_CPU 287/741
RAM 3186/3964MB (lfb 2x2MB) SWAP 629/6078MB (cached 11MB) IRAM 0/252kB(lfb 252kB) CPU [3%@1479,4%@1479,2%@1479,1%@1479] EMC_FREQ 0%@1600 GR3D_FREQ 0%@921 APE 25 PLL@32.5C CPU@34.5C iwlwifi@33C PMIC@50C GPU@33.5C AO@44C thermal@34C POM_5V_IN 1934/2388 POM_5V_GPU 123/149 POM_5V_CPU 328/738
RAM 3186/3964MB (lfb 2x2MB) SWAP 629/6078MB (cached 11MB) IRAM 0/252kB(lfb 252kB) CPU [2%@1479,1%@1479,1%@1479,1%@1479] EMC_FREQ 0%@1600 GR3D_FREQ 0%@921 APE 25 PLL@32.5C CPU@34.5C iwlwifi@34C PMIC@50C GPU@33C AO@44C thermal@33.75C POM_5V_IN 1934/2384 POM_5V_GPU 123/149 POM_5V_CPU 287/734
RAM 3178/3964MB (lfb 1x4MB) SWAP 629/6078MB (cached 11MB) IRAM 0/252kB(lfb 252kB) CPU [2%@1479,2%@1479,2%@1479,4%@1479] EMC_FREQ 0%@1600 GR3D_FREQ 0%@921 APE 25 PLL@32C CPU@34.5C iwlwifi@33C PMIC@50C GPU@33.5C AO@43.5C thermal@33.5C POM_5V_IN 1931/2381 POM_5V_GPU 164/149 POM_5V_CPU 328/731
RAM 3180/3964MB (lfb 1x4MB) SWAP 629/6078MB (cached 11MB) IRAM 0/252kB(lfb 252kB) CPU [2%@1479,1%@1479,1%@1479,0%@1479] EMC_FREQ 0%@1600 GR3D_FREQ 0%@921 APE 25 PLL@33C CPU@34.5C iwlwifi@33C PMIC@50C GPU@33C AO@43.5C thermal@33.75C POM_5V_IN 1934/2378 POM_5V_GPU 123/149 POM_5V_CPU 328/728
RAM 3179/3964MB (lfb 1x4MB) SWAP 629/6078MB (cached 11MB) IRAM 0/252kB(lfb 252kB) CPU [2%@1479,1%@1479,3%@1479,3%@1479] EMC_FREQ 0%@1600 GR3D_FREQ 0%@921 APE 25 PLL@32.5C CPU@34.5C iwlwifi@33C PMIC@50C GPU@33C AO@44C thermal@34C POM_5V_IN 1934/2374 POM_5V_GPU 164/149 POM_5V_CPU 328/725
RAM 3181/3964MB (lfb 1x4MB) SWAP 629/6078MB (cached 11MB) IRAM 0/252kB(lfb 252kB) CPU [3%@1479,0%@1479,0%@1479,1%@1479] EMC_FREQ 0%@1600 GR3D_FREQ 0%@921 APE 25 PLL@32.5C CPU@34C iwlwifi@33C PMIC@50C GPU@33C AO@43.5C thermal@33.75C POM_5V_IN 1934/2371 POM_5V_GPU 123/149 POM_5V_CPU 328/722
RAM 3182/3964MB (lfb 1x4MB) SWAP 629/6078MB (cached 11MB) IRAM 0/252kB(lfb 252kB) CPU [5%@1479,2%@1479,1%@1479,2%@1479] EMC_FREQ 0%@1600 GR3D_FREQ 0%@921 APE 25 PLL@32.5C CPU@34.5C iwlwifi@34C PMIC@50C GPU@33C AO@43.5C thermal@34C POM_5V_IN 1934/2368 POM_5V_GPU 123/149 POM_5V_CPU 287/719
RAM 3180/3964MB (lfb 1x4MB) SWAP 629/6078MB (cached 11MB) IRAM 0/252kB(lfb 252kB) CPU [4%@1479,2%@1479,3%@1479,4%@1479] EMC_FREQ 0%@1600 GR3D_FREQ 0%@921 APE 25 PLL@32.5C CPU@34C iwlwifi@33C PMIC@50C GPU@33C AO@43.5C thermal@33.75C POM_5V_IN 1934/2365 POM_5V_GPU 123/149 POM_5V_CPU 328/716
RAM 3185/3964MB (lfb 1x4MB) SWAP 629/6078MB (cached 11MB) IRAM 0/252kB(lfb 252kB) CPU [3%@1479,0%@1479,2%@1479,2%@1479] EMC_FREQ 0%@1600 GR3D_FREQ 0%@921 APE 25 PLL@33C CPU@35.5C iwlwifi@33C PMIC@50C GPU@33C AO@44C thermal@33.75C POM_5V_IN 2894/2368 POM_5V_GPU 122/148 POM_5V_CPU 895/718
RAM 3181/3964MB (lfb 1x4MB) SWAP 629/6078MB (cached 11MB) IRAM 0/252kB(lfb 252kB) CPU [3%@1479,1%@1479,0%@1479,2%@1479] EMC_FREQ 0%@1600 GR3D_FREQ 0%@921 APE 25 PLL@32.5C CPU@34.5C iwlwifi@33C PMIC@50C GPU@33C AO@43.5C thermal@33.75C POM_5V_IN 2256/2368 POM_5V_GPU 164/149 POM_5V_CPU 573/716
RAM 3181/3964MB (lfb 1x4MB) SWAP 629/6078MB (cached 11MB) IRAM 0/252kB(lfb 252kB) CPU [4%@1479,3%@1479,0%@1479,0%@1479] EMC_FREQ 0%@1600 GR3D_FREQ 0%@921 APE 25 PLL@32.5C CPU@34.5C iwlwifi@33C PMIC@50C GPU@33C AO@43.5C thermal@33.5C POM_5V_IN 2694/2370 POM_5V_GPU 163/149 POM_5V_CPU 815/717
RAM 3184/3964MB (lfb 1x4MB) SWAP 629/6078MB (cached 11MB) IRAM 0/252kB(lfb 252kB) CPU [2%@1479,4%@1479,1%@1479,0%@1479] EMC_FREQ 0%@1600 GR3D_FREQ 0%@921 APE 25 PLL@32C CPU@34.5C iwlwifi@34C PMIC@50C GPU@33C AO@43.5C thermal@33.25C POM_5V_IN 2133/2368 POM_5V_GPU 123/148 POM_5V_CPU 451/715
RAM 3185/3964MB (lfb 1x4MB) SWAP 629/6078MB (cached 11MB) IRAM 0/252kB(lfb 252kB) CPU [2%@1479,4%@1479,1%@1479,0%@1479] EMC_FREQ 0%@1600 GR3D_FREQ 0%@921 APE 25 PLL@32.5C CPU@35.5C iwlwifi@33C PMIC@50C GPU@33C AO@43.5C thermal@33.75C POM_5V_IN 2772/2371 POM_5V_GPU 122/148 POM_5V_CPU 896/717
RAM 1519/3964MB (lfb 13x4MB) SWAP 626/6078MB (cached 11MB) IRAM 0/252kB(lfb 252kB) CPU [8%@1479,3%@1479,7%@1479,14%@1479] EMC_FREQ 0%@1600 GR3D_FREQ 0%@921 APE 25 PLL@32.5C CPU@34.5C iwlwifi@33C PMIC@50C GPU@33C AO@44C thermal@33.5C POM_5V_IN 2617/2373 POM_5V_GPU 122/148 POM_5V_CPU 816/717
RAM 1519/3964MB (lfb 13x4MB) SWAP 626/6078MB (cached 11MB) IRAM 0/252kB(lfb 252kB) CPU [2%@1479,4%@1479,0%@1479,0%@1479] EMC_FREQ 1%@1600 GR3D_FREQ 0%@921 APE 25 PLL@32.5C CPU@35.5C iwlwifi@33C PMIC@50C GPU@33C AO@43.5C thermal@33.5C POM_5V_IN 2889/2376 POM_5V_GPU 162/148 POM_5V_CPU 1056/720
RAM 1519/3964MB (lfb 13x4MB) SWAP 626/6078MB (cached 11MB) IRAM 0/252kB(lfb 252kB) CPU [2%@1479,4%@1479,0%@1479,0%@1479] EMC_FREQ 0%@1600 GR3D_FREQ 0%@921 APE 25 PLL@32C CPU@34C iwlwifi@33C PMIC@50C GPU@33C AO@43.5C thermal@33.5C POM_5V_IN 2694/2379 POM_5V_GPU 122/148 POM_5V_CPU 815/720
RAM 1523/3964MB (lfb 13x4MB) SWAP 626/6078MB (cached 11MB) IRAM 0/252kB(lfb 252kB) CPU [2%@1479,0%@1479,3%@1479,2%@1479] EMC_FREQ 0%@1600 GR3D_FREQ 0%@921 APE 25 PLL@32.5C CPU@35C iwlwifi@33C PMIC@50C GPU@33C AO@43.5C thermal@33.25C POM_5V_IN 2731/2381 POM_5V_GPU 122/148 POM_5V_CPU 814/721
RAM 1523/3964MB (lfb 13x4MB) SWAP 626/6078MB (cached 11MB) IRAM 0/252kB(lfb 252kB) CPU [1%@1479,1%@1479,1%@1479,4%@1479] EMC_FREQ 0%@1600 GR3D_FREQ 0%@921 APE 25 PLL@33C CPU@34.5C iwlwifi@33C PMIC@50C GPU@33C AO@43.5C thermal@33.25C POM_5V_IN 2576/2382 POM_5V_GPU 163/148 POM_5V_CPU 777/721
RAM 1523/3964MB (lfb 13x4MB) SWAP 626/6078MB (cached 11MB) IRAM 0/252kB(lfb 252kB) CPU [2%@1479,0%@1479,1%@1479,4%@1479] EMC_FREQ 0%@1600 GR3D_FREQ 0%@921 APE 25 PLL@32.5C CPU@34.5C iwlwifi@33C PMIC@50C GPU@32.5C AO@43.5C thermal@33.25C POM_5V_IN 2576/2384 POM_5V_GPU 122/148 POM_5V_CPU 777/722
RAM 1518/3964MB (lfb 13x4MB) SWAP 626/6078MB (cached 11MB) IRAM 0/252kB(lfb 252kB) CPU [7%@1479,2%@1479,off,off] EMC_FREQ 0%@1600 GR3D_FREQ 0%@921 APE 25 PLL@32C CPU@34C iwlwifi@33C PMIC@50C GPU@32C AO@42.5C thermal@32.75C POM_5V_IN 2494/2384 POM_5V_GPU 122/148 POM_5V_CPU 736/722
RAM 1520/3964MB (lfb 13x4MB) SWAP 626/6078MB (cached 11MB) IRAM 0/252kB(lfb 252kB) CPU [3%@921,7%@921,off,off] EMC_FREQ 0%@1600 GR3D_FREQ 0%@614 APE 25 PLL@32C CPU@34C iwlwifi@33C PMIC@50C GPU@32C AO@43C thermal@33C POM_5V_IN 2293/2384 POM_5V_GPU 81/147 POM_5V_CPU 573/721
RAM 1516/3964MB (lfb 13x4MB) SWAP 626/6078MB (cached 11MB) IRAM 0/252kB(lfb 252kB) CPU [7%@921,4%@921,off,off] EMC_FREQ 0%@1600 GR3D_FREQ 0%@614 APE 25 PLL@32C CPU@33.5C iwlwifi@33C PMIC@50C GPU@32C AO@43C thermal@32.5C POM_5V_IN 2293/2383 POM_5V_GPU 81/147 POM_5V_CPU 573/720
RAM 1622/3964MB (lfb 13x4MB) SWAP 626/6078MB (cached 11MB) IRAM 0/252kB(lfb 252kB) CPU [47%@921,52%@921,off,off] EMC_FREQ 0%@1600 GR3D_FREQ 0%@614 APE 25 PLL@32C CPU@33C iwlwifi@33C PMIC@50C GPU@32.5C AO@43C thermal@33.25C POM_5V_IN 2215/2382 POM_5V_GPU 82/146 POM_5V_CPU 369/717
RAM 1678/3964MB (lfb 13x4MB) SWAP 626/6078MB (cached 11MB) IRAM 0/252kB(lfb 252kB) CPU [99%@921,100%@921,off,off] EMC_FREQ 1%@1600 GR3D_FREQ 0%@614 APE 25 PLL@32C CPU@34C iwlwifi@33C PMIC@50C GPU@32.5C AO@43C thermal@33.5C POM_5V_IN 2416/2382 POM_5V_GPU 81/146 POM_5V_CPU 778/718
RAM 1661/3964MB (lfb 13x4MB) SWAP 626/6078MB (cached 11MB) IRAM 0/252kB(lfb 252kB) CPU [100%@921,100%@921,off,off] EMC_FREQ 1%@1600 GR3D_FREQ 0%@614 APE 25 PLL@32C CPU@34.5C iwlwifi@33C PMIC@50C GPU@32.5C AO@43.5C thermal@33.5C POM_5V_IN 2494/2383 POM_5V_GPU 81/145 POM_5V_CPU 858/719
RAM 1667/3964MB (lfb 13x4MB) SWAP 626/6078MB (cached 11MB) IRAM 0/252kB(lfb 252kB) CPU [100%@921,100%@921,off,off] EMC_FREQ 1%@1600 GR3D_FREQ 0%@614 APE 25 PLL@32C CPU@34.5C iwlwifi@33C PMIC@50C GPU@32.5C AO@43.5C thermal@33.75C POM_5V_IN 2457/2384 POM_5V_GPU 81/145 POM_5V_CPU 858/720
RAM 1668/3964MB (lfb 13x4MB) SWAP 626/6078MB (cached 11MB) IRAM 0/252kB(lfb 252kB) CPU [100%@921,100%@921,off,off] EMC_FREQ 1%@1600 GR3D_FREQ 0%@614 APE 25 PLL@32.5C CPU@34.5C iwlwifi@33C PMIC@50C GPU@32.5C AO@43.5C thermal@33.5C POM_5V_IN 2535/2385 POM_5V_GPU 81/145 POM_5V_CPU 899/721
RAM 1669/3964MB (lfb 13x4MB) SWAP 626/6078MB (cached 11MB) IRAM 0/252kB(lfb 252kB) CPU [100%@921,100%@921,off,off] EMC_FREQ 1%@1600 GR3D_FREQ 0%@614 APE 25 PLL@32.5C CPU@35C iwlwifi@33C PMIC@50C GPU@32.5C AO@44C thermal@33.75C POM_5V_IN 2535/2385 POM_5V_GPU 81/144 POM_5V_CPU 899/722
RAM 1669/3964MB (lfb 13x4MB) SWAP 626/6078MB (cached 11MB) IRAM 0/252kB(lfb 252kB) CPU [100%@921,100%@921,off,off] EMC_FREQ 1%@1600 GR3D_FREQ 0%@614 APE 25 PLL@32.5C CPU@35C iwlwifi@33C PMIC@50C GPU@32.5C AO@44.5C thermal@34C POM_5V_IN 2535/2386 POM_5V_GPU 81/144 POM_5V_CPU 899/723
RAM 1670/3964MB (lfb 13x4MB) SWAP 626/6078MB (cached 11MB) IRAM 0/252kB(lfb 252kB) CPU [100%@921,100%@921,off,off] EMC_FREQ 1%@1600 GR3D_FREQ 0%@614 APE 25 PLL@32.5C CPU@35C iwlwifi@33C PMIC@50C GPU@32.5C AO@44C thermal@33.75C POM_5V_IN 2535/2387 POM_5V_GPU 81/143 POM_5V_CPU 899/724
RAM 1671/3964MB (lfb 13x4MB) SWAP 626/6078MB (cached 11MB) IRAM 0/252kB(lfb 252kB) CPU [100%@921,100%@921,off,off] EMC_FREQ 1%@1600 GR3D_FREQ 0%@614 APE 25 PLL@32C CPU@35C iwlwifi@33C PMIC@50C GPU@32.5C AO@44C thermal@34.25C POM_5V_IN 2457/2388 POM_5V_GPU 81/143 POM_5V_CPU 858/725
RAM 1684/3964MB (lfb 13x4MB) SWAP 626/6078MB (cached 11MB) IRAM 0/252kB(lfb 252kB) CPU [100%@921,100%@921,off,off] EMC_FREQ 1%@1600 GR3D_FREQ 0%@614 APE 25 PLL@32.5C CPU@35C iwlwifi@33C PMIC@50C GPU@33C AO@44.5C thermal@34C POM_5V_IN 2416/2388 POM_5V_GPU 81/143 POM_5V_CPU 817/726
RAM 1674/3964MB (lfb 13x4MB) SWAP 626/6078MB (cached 11MB) IRAM 0/252kB(lfb 252kB) CPU [100%@921,100%@921,off,off] EMC_FREQ 1%@1600 GR3D_FREQ 0%@614 APE 25 PLL@32.5C CPU@35.5C iwlwifi@33C PMIC@50C GPU@33C AO@44C thermal@33.75C POM_5V_IN 2576/2389 POM_5V_GPU 81/142 POM_5V_CPU 899/727
RAM 1663/3964MB (lfb 13x4MB) SWAP 626/6078MB (cached 11MB) IRAM 0/252kB(lfb 252kB) CPU [100%@921,100%@921,off,off] EMC_FREQ 1%@1600 GR3D_FREQ 0%@614 APE 25 PLL@32.5C CPU@35.5C iwlwifi@33C PMIC@50C GPU@33C AO@44C thermal@34.25C POM_5V_IN 2535/2390 POM_5V_GPU 81/142 POM_5V_CPU 899/728
RAM 1665/3964MB (lfb 13x4MB) SWAP 626/6078MB (cached 11MB) IRAM 0/252kB(lfb 252kB) CPU [100%@921,100%@921,off,off] EMC_FREQ 1%@1600 GR3D_FREQ 0%@614 APE 25 PLL@33C CPU@35C iwlwifi@33C PMIC@50C GPU@33C AO@44.5C thermal@34.25C POM_5V_IN 2416/2390 POM_5V_GPU 81/141 POM_5V_CPU 817/728
RAM 1666/3964MB (lfb 13x4MB) SWAP 626/6078MB (cached 11MB) IRAM 0/252kB(lfb 252kB) CPU [100%@921,100%@921,off,off] EMC_FREQ 1%@1600 GR3D_FREQ 0%@614 APE 25 PLL@33C CPU@35C iwlwifi@33C PMIC@50C GPU@33C AO@44C thermal@34C POM_5V_IN 2457/2391 POM_5V_GPU 81/141 POM_5V_CPU 858/729
RAM 1667/3964MB (lfb 13x4MB) SWAP 626/6078MB (cached 11MB) IRAM 0/252kB(lfb 252kB) CPU [100%@921,100%@921,off,off] EMC_FREQ 1%@1600 GR3D_FREQ 0%@614 APE 25 PLL@33C CPU@35C iwlwifi@33C PMIC@50C GPU@33C AO@44C thermal@34.25C POM_5V_IN 2576/2392 POM_5V_GPU 81/141 POM_5V_CPU 940/730
RAM 1667/3964MB (lfb 13x4MB) SWAP 626/6078MB (cached 11MB) IRAM 0/252kB(lfb 252kB) CPU [100%@921,100%@921,off,off] EMC_FREQ 1%@1600 GR3D_FREQ 0%@614 APE 25 PLL@33C CPU@35C iwlwifi@33C PMIC@50C GPU@33.5C AO@44.5C thermal@34.25C POM_5V_IN 2416/2392 POM_5V_GPU 81/140 POM_5V_CPU 817/731
RAM 1670/3964MB (lfb 13x4MB) SWAP 626/6078MB (cached 11MB) IRAM 0/252kB(lfb 252kB) CPU [100%@921,100%@921,off,off] EMC_FREQ 1%@1600 GR3D_FREQ 0%@614 APE 25 PLL@33C CPU@35.5C iwlwifi@33C PMIC@50C GPU@33C AO@44.5C thermal@34.25C POM_5V_IN 2457/2392 POM_5V_GPU 81/140 POM_5V_CPU 858/732
RAM 1669/3964MB (lfb 13x4MB) SWAP 626/6078MB (cached 11MB) IRAM 0/252kB(lfb 252kB) CPU [100%@921,100%@921,off,off] EMC_FREQ 1%@1600 GR3D_FREQ 0%@614 APE 25 PLL@33.5C CPU@35C iwlwifi@33C PMIC@50C GPU@33.5C AO@44.5C thermal@34.25C POM_5V_IN 2535/2393 POM_5V_GPU 81/140 POM_5V_CPU 858/732
RAM 1670/3964MB (lfb 13x4MB) SWAP 626/6078MB (cached 11MB) IRAM 0/252kB(lfb 252kB) CPU [100%@921,100%@921,off,off] EMC_FREQ 1%@1600 GR3D_FREQ 0%@614 APE 25 PLL@33C CPU@35C iwlwifi@33C PMIC@50C GPU@33.5C AO@44.5C thermal@34.5C POM_5V_IN 2453/2393 POM_5V_GPU 81/139 POM_5V_CPU 858/733
RAM 1676/3964MB (lfb 13x4MB) SWAP 626/6078MB (cached 11MB) IRAM 0/252kB(lfb 252kB) CPU [87%@921,85%@921,off,off] EMC_FREQ 1%@1600 GR3D_FREQ 0%@614 APE 25 PLL@33C CPU@35.5C iwlwifi@33C PMIC@50C GPU@33C AO@44C thermal@33.75C POM_5V_IN 2494/2394 POM_5V_GPU 81/139 POM_5V_CPU 899/734
RAM 1680/3964MB (lfb 13x4MB) SWAP 626/6078MB (cached 11MB) IRAM 0/252kB(lfb 252kB) CPU [4%@921,8%@921,off,off] EMC_FREQ 0%@1600 GR3D_FREQ 0%@614 APE 25 PLL@33C CPU@34.5C iwlwifi@33C PMIC@50C GPU@33C AO@44C thermal@34C POM_5V_IN 1731/2390 POM_5V_GPU 82/139 POM_5V_CPU 164/731
RAM 1677/3964MB (lfb 13x4MB) SWAP 626/6078MB (cached 11MB) IRAM 0/252kB(lfb 252kB) CPU [5%@921,4%@921,off,off] EMC_FREQ 0%@1600 GR3D_FREQ 0%@614 APE 25 PLL@33C CPU@34.5C iwlwifi@33C PMIC@50C GPU@33C AO@44C thermal@33.75C POM_5V_IN 1851/2387 POM_5V_GPU 82/138 POM_5V_CPU 288/728
RAM 1675/3964MB (lfb 13x4MB) SWAP 626/6078MB (cached 11MB) IRAM 0/252kB(lfb 252kB) CPU [6%@921,4%@921,off,off] EMC_FREQ 0%@1600 GR3D_FREQ 0%@614 APE 25 PLL@32.5C CPU@34.5C iwlwifi@33C PMIC@50C GPU@32.5C AO@44C thermal@33.75C POM_5V_IN 2256/2386 POM_5V_GPU 82/138 POM_5V_CPU 573/727
RAM 1677/3964MB (lfb 13x4MB) SWAP 626/6078MB (cached 11MB) IRAM 0/252kB(lfb 252kB) CPU [6%@921,5%@921,off,off] EMC_FREQ 0%@1600 GR3D_FREQ 0%@614 APE 25 PLL@32.5C CPU@34.5C iwlwifi@33C PMIC@50C GPU@33C AO@44C thermal@33.75C POM_5V_IN 2095/2385 POM_5V_GPU 82/138 POM_5V_CPU 369/725
RAM 1680/3964MB (lfb 13x4MB) SWAP 626/6078MB (cached 11MB) IRAM 0/252kB(lfb 252kB) CPU [5%@921,6%@921,off,off] EMC_FREQ 0%@1600 GR3D_FREQ 0%@614 APE 25 PLL@33C CPU@34C iwlwifi@33C PMIC@50C GPU@32.5C AO@44C thermal@33.25C POM_5V_IN 2256/2384 POM_5V_GPU 82/137 POM_5V_CPU 573/724
RAM 1679/3964MB (lfb 13x4MB) SWAP 626/6078MB (cached 11MB) IRAM 0/252kB(lfb 252kB) CPU [18%@921,23%@921,off,off] EMC_FREQ 0%@1600 GR3D_FREQ 0%@614 APE 25 PLL@32.5C CPU@34C iwlwifi@33C PMIC@50C GPU@33C AO@44C thermal@33.5C POM_5V_IN 2256/2383 POM_5V_GPU 82/137 POM_5V_CPU 574/723
RAM 2790/3964MB (lfb 14x1MB) SWAP 626/6078MB (cached 11MB) IRAM 0/252kB(lfb 252kB) CPU [99%@921,98%@921,off,off] EMC_FREQ 0%@1600 GR3D_FREQ 1%@614 APE 25 PLL@32.5C CPU@34.5C iwlwifi@33C PMIC@50C GPU@33C AO@44C thermal@33.75C POM_5V_IN 2694/2385 POM_5V_GPU 163/137 POM_5V_CPU 816/724
RAM 3141/3964MB (lfb 4x1MB) SWAP 665/6078MB (cached 10MB) IRAM 0/252kB(lfb 252kB) CPU [52%@921,97%@921,off,off] EMC_FREQ 2%@1600 GR3D_FREQ 0%@614 APE 25 PLL@32.5C CPU@34.5C iwlwifi@33C PMIC@50C GPU@33.5C AO@44C thermal@34C POM_5V_IN 2494/2385 POM_5V_GPU 81/137 POM_5V_CPU 817/725
RAM 3146/3964MB (lfb 1x2MB) SWAP 664/6078MB (cached 10MB) IRAM 0/252kB(lfb 252kB) CPU [30%@921,100%@921,off,off] EMC_FREQ 3%@1600 GR3D_FREQ 5%@614 APE 25 PLL@33C CPU@34.5C iwlwifi@35C PMIC@50C GPU@33.5C AO@44.5C thermal@33.75C POM_5V_IN 2334/2385 POM_5V_GPU 245/137 POM_5V_CPU 573/724
RAM 3143/3964MB (lfb 1x2MB) SWAP 664/6078MB (cached 11MB) IRAM 0/252kB(lfb 252kB) CPU [36%@921,96%@921,off,off] EMC_FREQ 4%@1600 GR3D_FREQ 6%@614 APE 25 PLL@33C CPU@34.5C iwlwifi@33C PMIC@50C GPU@33.5C AO@44.5C thermal@34C POM_5V_IN 2494/2386 POM_5V_GPU 286/138 POM_5V_CPU 613/723
RAM 3143/3964MB (lfb 1x2MB) SWAP 664/6078MB (cached 11MB) IRAM 0/252kB(lfb 252kB) CPU [29%@921,100%@921,off,off] EMC_FREQ 3%@1600 GR3D_FREQ 7%@614 APE 25 PLL@33C CPU@34.5C iwlwifi@33C PMIC@50C GPU@33.5C AO@45C thermal@34.5C POM_5V_IN 2293/2385 POM_5V_GPU 245/139 POM_5V_CPU 573/722
RAM 3145/3964MB (lfb 1x2MB) SWAP 663/6078MB (cached 12MB) IRAM 0/252kB(lfb 252kB) CPU [22%@921,81%@921,off,off] EMC_FREQ 4%@1600 GR3D_FREQ 6%@614 APE 25 PLL@33C CPU@35C iwlwifi@33C PMIC@50C GPU@33C AO@44C thermal@33.75C POM_5V_IN 2457/2386 POM_5V_GPU 327/140 POM_5V_CPU 572/721
RAM 3145/3964MB (lfb 1x2MB) SWAP 663/6078MB (cached 12MB) IRAM 0/252kB(lfb 252kB) CPU [8%@921,6%@921,off,off] EMC_FREQ 1%@1600 GR3D_FREQ 0%@614 APE 25 PLL@33C CPU@34.5C iwlwifi@33C PMIC@50C GPU@33C AO@44C thermal@33.75C POM_5V_IN 1731/2382 POM_5V_GPU 82/139 POM_5V_CPU 164/718
RAM 3145/3964MB (lfb 1x2MB) SWAP 663/6078MB (cached 12MB) IRAM 0/252kB(lfb 252kB) CPU [8%@921,1%@921,off,off] EMC_FREQ 0%@1600 GR3D_FREQ 0%@614 APE 25 PLL@32.5C CPU@34C iwlwifi@33C PMIC@50C GPU@32.5C AO@44C thermal@33.75C POM_5V_IN 1731/2379 POM_5V_GPU 82/139 POM_5V_CPU 164/715
RAM 3146/3964MB (lfb 1x2MB) SWAP 663/6078MB (cached 12MB) IRAM 0/252kB(lfb 252kB) CPU [4%@921,6%@921,off,off] EMC_FREQ 0%@1600 GR3D_FREQ 0%@614 APE 25 PLL@33C CPU@34C iwlwifi@34C PMIC@50C GPU@33C AO@44C thermal@33.5C POM_5V_IN 1731/2375 POM_5V_GPU 82/139 POM_5V_CPU 164/712
RAM 3145/3964MB (lfb 1x2MB) SWAP 663/6078MB (cached 12MB) IRAM 0/252kB(lfb 252kB) CPU [8%@921,4%@921,off,off] EMC_FREQ 0%@1600 GR3D_FREQ 0%@614 APE 25 PLL@32.5C CPU@34C iwlwifi@33C PMIC@50C GPU@32.5C AO@43.5C thermal@33.5C POM_5V_IN 1731/2372 POM_5V_GPU 82/139 POM_5V_CPU 164/709
RAM 3145/3964MB (lfb 1x2MB) SWAP 663/6078MB (cached 12MB) IRAM 0/252kB(lfb 252kB) CPU [7%@921,3%@921,off,off] EMC_FREQ 0%@1600 GR3D_FREQ 0%@614 APE 25 PLL@32C CPU@34C iwlwifi@33C PMIC@50C GPU@32.5C AO@44C thermal@33.25C POM_5V_IN 1731/2368 POM_5V_GPU 82/138 POM_5V_CPU 164/706
RAM 3147/3964MB (lfb 1x2MB) SWAP 663/6078MB (cached 12MB) IRAM 0/252kB(lfb 252kB) CPU [8%@921,8%@921,off,off] EMC_FREQ 0%@1600 GR3D_FREQ 0%@614 APE 25 PLL@32C CPU@33.5C iwlwifi@33C PMIC@50C GPU@32.5C AO@43.5C thermal@33.25C POM_5V_IN 1731/2365 POM_5V_GPU 82/138 POM_5V_CPU 164/704
RAM 3146/3964MB (lfb 1x2MB) SWAP 663/6078MB (cached 12MB) IRAM 0/252kB(lfb 252kB) CPU [8%@921,5%@921,off,off] EMC_FREQ 0%@1600 GR3D_FREQ 0%@614 APE 25 PLL@32.5C CPU@34.5C iwlwifi@33C PMIC@50C GPU@32.5C AO@43.5C thermal@33C POM_5V_IN 1731/2361 POM_5V_GPU 82/138 POM_5V_CPU 164/701
RAM 3146/3964MB (lfb 1x2MB) SWAP 663/6078MB (cached 12MB) IRAM 0/252kB(lfb 252kB) CPU [4%@921,6%@921,off,off] EMC_FREQ 0%@1600 GR3D_FREQ 0%@614 APE 25 PLL@32.5C CPU@34C iwlwifi@33C PMIC@50C GPU@32.5C AO@43.5C thermal@33.5C POM_5V_IN 1731/2358 POM_5V_GPU 82/137 POM_5V_CPU 164/698
RAM 3146/3964MB (lfb 1x2MB) SWAP 663/6078MB (cached 12MB) IRAM 0/252kB(lfb 252kB) CPU [5%@921,5%@921,off,off] EMC_FREQ 0%@1600 GR3D_FREQ 0%@614 APE 25 PLL@32C CPU@34C iwlwifi@33C PMIC@50C GPU@32.5C AO@43.5C thermal@33C POM_5V_IN 1731/2355 POM_5V_GPU 82/137 POM_5V_CPU 164/695
RAM 3146/3964MB (lfb 1x2MB) SWAP 663/6078MB (cached 12MB) IRAM 0/252kB(lfb 252kB) CPU [3%@921,6%@921,off,off] EMC_FREQ 0%@1600 GR3D_FREQ 0%@614 APE 25 PLL@32C CPU@33.5C iwlwifi@33C PMIC@50C GPU@32.5C AO@43.5C thermal@32.75C POM_5V_IN 1731/2352 POM_5V_GPU 82/137 POM_5V_CPU 164/692
RAM 3146/3964MB (lfb 1x2MB) SWAP 663/6078MB (cached 12MB) IRAM 0/252kB(lfb 252kB) CPU [5%@921,5%@921,off,off] EMC_FREQ 0%@1600 GR3D_FREQ 0%@614 APE 25 PLL@32C CPU@33.5C iwlwifi@33C PMIC@50C GPU@32C AO@43.5C thermal@33C POM_5V_IN 1731/2348 POM_5V_GPU 82/136 POM_5V_CPU 164/690
RAM 3146/3964MB (lfb 1x2MB) SWAP 663/6078MB (cached 12MB) IRAM 0/252kB(lfb 252kB) CPU [9%@921,7%@921,off,off] EMC_FREQ 0%@1600 GR3D_FREQ 0%@614 APE 25 PLL@32C CPU@33.5C iwlwifi@33C PMIC@50C GPU@32.5C AO@43C thermal@33C POM_5V_IN 1731/2345 POM_5V_GPU 82/136 POM_5V_CPU 164/687
RAM 3146/3964MB (lfb 1x2MB) SWAP 663/6078MB (cached 12MB) IRAM 0/252kB(lfb 252kB) CPU [6%@921,4%@921,off,off] EMC_FREQ 0%@1600 GR3D_FREQ 0%@614 APE 25 PLL@32C CPU@33.5C iwlwifi@33C PMIC@50C GPU@32C AO@43C thermal@32.5C POM_5V_IN 1731/2342 POM_5V_GPU 82/136 POM_5V_CPU 164/684
RAM 3146/3964MB (lfb 1x2MB) SWAP 663/6078MB (cached 12MB) IRAM 0/252kB(lfb 252kB) CPU [4%@921,6%@921,off,off] EMC_FREQ 0%@1600 GR3D_FREQ 0%@614 APE 25 PLL@32C CPU@33.5C iwlwifi@33C PMIC@50C GPU@32C AO@43C thermal@32.5C POM_5V_IN 1769/2339 POM_5V_GPU 82/136 POM_5V_CPU 205/682
RAM 3146/3964MB (lfb 1x2MB) SWAP 663/6078MB (cached 12MB) IRAM 0/252kB(lfb 252kB) CPU [6%@921,5%@921,off,off] EMC_FREQ 0%@1600 GR3D_FREQ 0%@614 APE 25 PLL@32C CPU@33C iwlwifi@35C PMIC@50C GPU@32C AO@43.5C thermal@32.75C POM_5V_IN 1731/2336 POM_5V_GPU 82/135 POM_5V_CPU 164/679
RAM 3146/3964MB (lfb 1x2MB) SWAP 663/6078MB (cached 12MB) IRAM 0/252kB(lfb 252kB) CPU [6%@921,5%@921,off,off] EMC_FREQ 0%@1600 GR3D_FREQ 0%@614 APE 25 PLL@31.5C CPU@33.5C iwlwifi@33C PMIC@50C GPU@32C AO@43C thermal@32.5C POM_5V_IN 1728/2333 POM_5V_GPU 82/135 POM_5V_CPU 164/677
RAM 3146/3964MB (lfb 1x2MB) SWAP 663/6078MB (cached 12MB) IRAM 0/252kB(lfb 252kB) CPU [5%@921,6%@921,off,off] EMC_FREQ 0%@1600 GR3D_FREQ 0%@614 APE 25 PLL@32C CPU@33C iwlwifi@33C PMIC@50C GPU@32C AO@42.5C thermal@32.5C POM_5V_IN 1731/2330 POM_5V_GPU 82/135 POM_5V_CPU 164/674
RAM 3146/3964MB (lfb 1x2MB) SWAP 663/6078MB (cached 12MB) IRAM 0/252kB(lfb 252kB) CPU [11%@921,6%@921,off,off] EMC_FREQ 0%@1600 GR3D_FREQ 0%@614 APE 25 PLL@31.5C CPU@33.5C iwlwifi@33C PMIC@50C GPU@32C AO@42.5C thermal@32.75C POM_5V_IN 1731/2327 POM_5V_GPU 82/135 POM_5V_CPU 164/671
RAM 3147/3964MB (lfb 1x2MB) SWAP 663/6078MB (cached 12MB) IRAM 0/252kB(lfb 252kB) CPU [6%@921,4%@921,off,off] EMC_FREQ 0%@1600 GR3D_FREQ 0%@614 APE 25 PLL@31C CPU@33C iwlwifi@33C PMIC@50C GPU@31.5C AO@43C thermal@32.5C POM_5V_IN 1731/2324 POM_5V_GPU 82/134 POM_5V_CPU 164/669
RAM 3146/3964MB (lfb 1x2MB) SWAP 663/6078MB (cached 12MB) IRAM 0/252kB(lfb 252kB) CPU [6%@921,3%@921,off,off] EMC_FREQ 0%@1600 GR3D_FREQ 0%@614 APE 25 PLL@31C CPU@33C iwlwifi@33C PMIC@50C GPU@32C AO@42.5C thermal@32.25C POM_5V_IN 1731/2321 POM_5V_GPU 82/134 POM_5V_CPU 164/666
RAM 3146/3964MB (lfb 1x2MB) SWAP 663/6078MB (cached 12MB) IRAM 0/252kB(lfb 252kB) CPU [5%@921,4%@921,off,off] EMC_FREQ 0%@1600 GR3D_FREQ 0%@614 APE 25 PLL@31C CPU@32.5C iwlwifi@33C PMIC@50C GPU@32C AO@42.5C thermal@32.25C POM_5V_IN 1731/2318 POM_5V_GPU 82/134 POM_5V_CPU 164/664
RAM 3146/3964MB (lfb 1x2MB) SWAP 663/6078MB (cached 12MB) IRAM 0/252kB(lfb 252kB) CPU [5%@921,6%@921,off,off] EMC_FREQ 0%@1600 GR3D_FREQ 0%@614 APE 25 PLL@31C CPU@33C iwlwifi@34C PMIC@50C GPU@31.5C AO@42.5C thermal@32.25C POM_5V_IN 1731/2315 POM_5V_GPU 82/134 POM_5V_CPU 164/661
RAM 3153/3964MB (lfb 1x2MB) SWAP 662/6078MB (cached 12MB) IRAM 0/252kB(lfb 252kB) CPU [8%@921,9%@921,off,off] EMC_FREQ 0%@1600 GR3D_FREQ 0%@614 APE 25 PLL@31C CPU@33C iwlwifi@34C PMIC@50C GPU@31.5C AO@42.5C thermal@32C POM_5V_IN 1731/2312 POM_5V_GPU 82/133 POM_5V_CPU 164/659
RAM 3157/3964MB (lfb 1x2MB) SWAP 663/6078MB (cached 12MB) IRAM 0/252kB(lfb 252kB) CPU [11%@921,12%@921,off,off] EMC_FREQ 0%@1600 GR3D_FREQ 0%@614 APE 25 PLL@31C CPU@33C iwlwifi@35C PMIC@50C GPU@31.5C AO@42.5C thermal@32.25C POM_5V_IN 1728/2309 POM_5V_GPU 82/133 POM_5V_CPU 164/657
RAM 3154/3964MB (lfb 1x2MB) SWAP 668/6078MB (cached 12MB) IRAM 0/252kB(lfb 252kB) CPU [55%@921,51%@921,off,off] EMC_FREQ 0%@1600 GR3D_FREQ 0%@614 APE 25 PLL@31.5C CPU@33C iwlwifi@33C PMIC@50C GPU@31.5C AO@43C thermal@32.25C POM_5V_IN 2649/2311 POM_5V_GPU 81/133 POM_5V_CPU 856/658
RAM 3184/3964MB (lfb 1x2MB) SWAP 665/6078MB (cached 12MB) IRAM 0/252kB(lfb 252kB) CPU [78%@921,79%@921,off,off] EMC_FREQ 0%@1600 GR3D_FREQ 0%@614 APE 25 PLL@31C CPU@33.5C iwlwifi@33C PMIC@50C GPU@32C AO@43C thermal@32.5C POM_5V_IN 2457/2312 POM_5V_GPU 81/133 POM_5V_CPU 654/658
RAM 3158/3964MB (lfb 1x2MB) SWAP 665/6078MB (cached 13MB) IRAM 0/252kB(lfb 252kB) CPU [44%@921,47%@921,off,off] EMC_FREQ 1%@1600 GR3D_FREQ 0%@614 APE 25 PLL@31.5C CPU@33.5C iwlwifi@33C PMIC@50C GPU@32C AO@42.5C thermal@32.25C POM_5V_IN 2576/2313 POM_5V_GPU 81/132 POM_5V_CPU 817/658
RAM 3146/3964MB (lfb 1x2MB) SWAP 665/6078MB (cached 13MB) IRAM 0/252kB(lfb 252kB) CPU [7%@921,7%@921,off,off] EMC_FREQ 0%@1600 GR3D_FREQ 0%@614 APE 25 PLL@31.5C CPU@33C iwlwifi@33C PMIC@50C GPU@31.5C AO@42.5C thermal@32C POM_5V_IN 1731/2310 POM_5V_GPU 82/132 POM_5V_CPU 164/656
RAM 3145/3964MB (lfb 2x2MB) SWAP 665/6078MB (cached 13MB) IRAM 0/252kB(lfb 252kB) CPU [8%@921,8%@921,off,off] EMC_FREQ 0%@1600 GR3D_FREQ 0%@614 APE 25 PLL@31C CPU@33C iwlwifi@33C PMIC@50C GPU@31.5C AO@42.5C thermal@32.25C POM_5V_IN 1725/2308 POM_5V_GPU 82/132 POM_5V_CPU 164/654
RAM 3144/3964MB (lfb 3x2MB) SWAP 665/6078MB (cached 13MB) IRAM 0/252kB(lfb 252kB) CPU [7%@921,8%@921,off,off] EMC_FREQ 0%@1600 GR3D_FREQ 0%@614 APE 25 PLL@31C CPU@33C iwlwifi@33C PMIC@50C GPU@31C AO@42.5C thermal@32.25C POM_5V_IN 1728/2305 POM_5V_GPU 82/132 POM_5V_CPU 164/651
RAM 3163/3964MB (lfb 1x2MB) SWAP 665/6078MB (cached 13MB) IRAM 0/252kB(lfb 252kB) CPU [8%@921,9%@921,off,off] EMC_FREQ 0%@1600 GR3D_FREQ 0%@614 APE 25 PLL@31C CPU@33C iwlwifi@33C PMIC@50C GPU@31.5C AO@42.5C thermal@32.25C POM_5V_IN 1731/2302 POM_5V_GPU 82/131 POM_5V_CPU 164/649
RAM 3164/3964MB (lfb 1x2MB) SWAP 665/6078MB (cached 13MB) IRAM 0/252kB(lfb 252kB) CPU [6%@921,4%@921,off,off] EMC_FREQ 0%@1600 GR3D_FREQ 0%@614 APE 25 PLL@31C CPU@33C iwlwifi@33C PMIC@50C GPU@31.5C AO@42C thermal@32C POM_5V_IN 1689/2299 POM_5V_GPU 82/131 POM_5V_CPU 164/647
RAM 3169/3964MB (lfb 18x1MB) SWAP 665/6078MB (cached 13MB) IRAM 0/252kB(lfb 252kB) CPU [5%@921,4%@921,off,off] EMC_FREQ 0%@1600 GR3D_FREQ 0%@614 APE 25 PLL@31C CPU@32.5C iwlwifi@34C PMIC@50C GPU@31.5C AO@42C thermal@32.25C POM_5V_IN 1731/2297 POM_5V_GPU 82/131 POM_5V_CPU 164/644
RAM 3164/3964MB (lfb 1x2MB) SWAP 665/6078MB (cached 13MB) IRAM 0/252kB(lfb 252kB) CPU [9%@921,6%@921,off,off] EMC_FREQ 0%@1600 GR3D_FREQ 0%@614 APE 25 PLL@31C CPU@33C iwlwifi@33C PMIC@50C GPU@31.5C AO@42C thermal@31.75C POM_5V_IN 2252/2296 POM_5V_GPU 81/131 POM_5V_CPU 531/644
RAM 3145/3964MB (lfb 4x2MB) SWAP 665/6078MB (cached 13MB) IRAM 0/252kB(lfb 252kB) CPU [4%@921,4%@921,off,off] EMC_FREQ 0%@1600 GR3D_FREQ 0%@614 APE 25 PLL@31C CPU@32.5C iwlwifi@33C PMIC@50C GPU@31C AO@42C thermal@31.75C POM_5V_IN 1731/2294 POM_5V_GPU 82/130 POM_5V_CPU 164/642
RAM 3146/3964MB (lfb 4x2MB) SWAP 665/6078MB (cached 13MB) IRAM 0/252kB(lfb 252kB) CPU [6%@921,8%@921,off,off] EMC_FREQ 0%@1600 GR3D_FREQ 0%@614 APE 25 PLL@31C CPU@32.5C iwlwifi@32C PMIC@50C GPU@31C AO@42C thermal@32C POM_5V_IN 1689/2291 POM_5V_GPU 82/130 POM_5V_CPU 164/640
RAM 3146/3964MB (lfb 4x2MB) SWAP 665/6078MB (cached 13MB) IRAM 0/252kB(lfb 252kB) CPU [8%@921,7%@921,off,off] EMC_FREQ 0%@1600 GR3D_FREQ 0%@614 APE 25 PLL@31C CPU@32.5C iwlwifi@33C PMIC@50C GPU@31C AO@42C thermal@31.5C POM_5V_IN 2051/2290 POM_5V_GPU 82/130 POM_5V_CPU 451/639
RAM 3146/3964MB (lfb 4x2MB) SWAP 665/6078MB (cached 13MB) IRAM 0/252kB(lfb 252kB) CPU [7%@921,8%@921,off,off] EMC_FREQ 0%@1600 GR3D_FREQ 0%@614 APE 25 PLL@31C CPU@32.5C iwlwifi@32C PMIC@50C GPU@31C AO@42C thermal@31.75C POM_5V_IN 1731/2287 POM_5V_GPU 82/130 POM_5V_CPU 164/637
RAM 3150/3964MB (lfb 3x2MB) SWAP 665/6078MB (cached 13MB) IRAM 0/252kB(lfb 252kB) CPU [9%@921,11%@921,off,off] EMC_FREQ 0%@1600 GR3D_FREQ 0%@614 APE 25 PLL@31C CPU@32.5C iwlwifi@34C PMIC@50C GPU@31C AO@42C thermal@31.75C POM_5V_IN 2133/2287 POM_5V_GPU 82/129 POM_5V_CPU 533/636
RAM 3164/3964MB (lfb 1x2MB) SWAP 665/6078MB (cached 13MB) IRAM 0/252kB(lfb 252kB) CPU [10%@921,9%@921,off,off] EMC_FREQ 0%@1600 GR3D_FREQ 0%@614 APE 25 PLL@31C CPU@32.5C iwlwifi@32C PMIC@50C GPU@31C AO@42C thermal@31.75C POM_5V_IN 2088/2286 POM_5V_GPU 81/129 POM_5V_CPU 491/635
RAM 3148/3964MB (lfb 3x2MB) SWAP 665/6078MB (cached 13MB) IRAM 0/252kB(lfb 252kB) CPU [8%@921,2%@921,off,off] EMC_FREQ 0%@1600 GR3D_FREQ 0%@614 APE 25 PLL@30.5C CPU@32.5C iwlwifi@34C PMIC@50C GPU@31C AO@42C thermal@31.75C POM_5V_IN 1731/2283 POM_5V_GPU 82/129 POM_5V_CPU 164/633
RAM 3160/3964MB (lfb 2x2MB) SWAP 665/6078MB (cached 13MB) IRAM 0/252kB(lfb 252kB) CPU [8%@921,10%@921,off,off] EMC_FREQ 0%@1600 GR3D_FREQ 0%@614 APE 25 PLL@31C CPU@33C iwlwifi@32C PMIC@50C GPU@31C AO@41.5C thermal@31.5C POM_5V_IN 2088/2282 POM_5V_GPU 81/129 POM_5V_CPU 532/633
RAM 3144/3964MB (lfb 4x2MB) SWAP 665/6078MB (cached 13MB) IRAM 0/252kB(lfb 252kB) CPU [5%@921,4%@921,off,off] EMC_FREQ 0%@1600 GR3D_FREQ 0%@614 APE 25 PLL@31C CPU@32.5C iwlwifi@32C PMIC@50C GPU@30.5C AO@41.5C thermal@31.5C POM_5V_IN 1689/2280 POM_5V_GPU 82/129 POM_5V_CPU 164/631
RAM 3158/3964MB (lfb 1x2MB) SWAP 665/6078MB (cached 13MB) IRAM 0/252kB(lfb 252kB) CPU [9%@921,13%@921,off,off] EMC_FREQ 0%@1600 GR3D_FREQ 0%@614 APE 25 PLL@31C CPU@32.5C iwlwifi@32C PMIC@50C GPU@31C AO@42C thermal@31.75C POM_5V_IN 2490/2281 POM_5V_GPU 81/128 POM_5V_CPU 734/631
RAM 3144/3964MB (lfb 4x2MB) SWAP 665/6078MB (cached 13MB) IRAM 0/252kB(lfb 252kB) CPU [7%@921,4%@921,off,off] EMC_FREQ 0%@1600 GR3D_FREQ 0%@614 APE 25 PLL@30.5C CPU@32.5C iwlwifi@32C PMIC@50C GPU@31C AO@41.5C thermal@31.75C POM_5V_IN 2133/2280 POM_5V_GPU 82/128 POM_5V_CPU 533/631
RAM 3163/3964MB (lfb 1x2MB) SWAP 660/6078MB (cached 13MB) IRAM 0/252kB(lfb 252kB) CPU [9%@921,10%@921,off,off] EMC_FREQ 0%@1600 GR3D_FREQ 0%@614 APE 25 PLL@30.5C CPU@32.5C iwlwifi@32C PMIC@50C GPU@31C AO@41.5C thermal@31.75C POM_5V_IN 2133/2279 POM_5V_GPU 82/128 POM_5V_CPU 492/630
RAM 3155/3964MB (lfb 3x2MB) SWAP 660/6078MB (cached 13MB) IRAM 0/252kB(lfb 252kB) CPU [5%@921,7%@921,off,off] EMC_FREQ 0%@1600 GR3D_FREQ 0%@614 APE 25 PLL@30.5C CPU@32C iwlwifi@33C PMIC@50C GPU@31C AO@41.5C thermal@31.5C POM_5V_IN 1731/2277 POM_5V_GPU 82/128 POM_5V_CPU 164/628
RAM 3145/3964MB (lfb 4x2MB) SWAP 660/6078MB (cached 13MB) IRAM 0/252kB(lfb 252kB) CPU [8%@921,7%@921,off,off] EMC_FREQ 0%@1600 GR3D_FREQ 0%@614 APE 25 PLL@30.5C CPU@32C iwlwifi@33C PMIC@50C GPU@30.5C AO@41.5C thermal@31.5C POM_5V_IN 2174/2277 POM_5V_GPU 82/128 POM_5V_CPU 574/628
RAM 1459/3964MB (lfb 13x4MB) SWAP 635/6078MB (cached 12MB) IRAM 0/252kB(lfb 252kB) CPU [16%@921,27%@921,off,off] EMC_FREQ 0%@1600 GR3D_FREQ 0%@614 APE 25 PLL@30.5C CPU@32.5C iwlwifi@32C PMIC@50C GPU@31C AO@41.5C thermal@31.5C POM_5V_IN 2133/2276 POM_5V_GPU 82/127 POM_5V_CPU 532/627
RAM 1439/3964MB (lfb 13x4MB) SWAP 635/6078MB (cached 12MB) IRAM 0/252kB(lfb 252kB) CPU [7%@921,2%@921,off,off] EMC_FREQ 0%@1600 GR3D_FREQ 0%@614 APE 25 PLL@30.5C CPU@32C iwlwifi@32C PMIC@50C GPU@31C AO@41.5C thermal@31.5C POM_5V_IN 1689/2273 POM_5V_GPU 82/127 POM_5V_CPU 164/625
RAM 1454/3964MB (lfb 13x4MB) SWAP 635/6078MB (cached 12MB) IRAM 0/252kB(lfb 252kB) CPU [9%@921,10%@921,off,off] EMC_FREQ 0%@1600 GR3D_FREQ 0%@614 APE 25 PLL@30.5C CPU@32C iwlwifi@32C PMIC@50C GPU@31C AO@41.5C thermal@31.25C POM_5V_IN 1689/2271 POM_5V_GPU 82/127 POM_5V_CPU 164/623
RAM 1460/3964MB (lfb 13x4MB) SWAP 635/6078MB (cached 12MB) IRAM 0/252kB(lfb 252kB) CPU [7%@921,6%@921,off,off] EMC_FREQ 0%@1600 GR3D_FREQ 0%@614 APE 25 PLL@30.5C CPU@32C iwlwifi@33C PMIC@50C GPU@31C AO@41.5C thermal@31.25C POM_5V_IN 1689/2268 POM_5V_GPU 82/127 POM_5V_CPU 164/622
RAM 1477/3964MB (lfb 13x4MB) SWAP 635/6078MB (cached 12MB) IRAM 0/252kB(lfb 252kB) CPU [11%@921,10%@921,off,off] EMC_FREQ 0%@1600 GR3D_FREQ 0%@614 APE 25 PLL@30.5C CPU@32C iwlwifi@33C PMIC@50C GPU@31C AO@42C thermal@31.5C POM_5V_IN 2129/2268 POM_5V_GPU 81/127 POM_5V_CPU 491/621
RAM 1692/3964MB (lfb 13x4MB) SWAP 635/6078MB (cached 12MB) IRAM 0/252kB(lfb 252kB) CPU [99%@921,92%@921,off,off] EMC_FREQ 0%@1600 GR3D_FREQ 0%@614 APE 25 PLL@31C CPU@32.5C iwlwifi@32C PMIC@50C GPU@31C AO@42C thermal@32C POM_5V_IN 2772/2270 POM_5V_GPU 81/126 POM_5V_CPU 774/622
RAM 2001/3964MB (lfb 12x4MB) SWAP 635/6078MB (cached 12MB) IRAM 0/252kB(lfb 252kB) CPU [98%@921,97%@921,off,off] EMC_FREQ 1%@1600 GR3D_FREQ 0%@614 APE 25 PLL@31C CPU@33.5C iwlwifi@32C PMIC@50C GPU@31C AO@42C thermal@32.5C POM_5V_IN 2535/2271 POM_5V_GPU 81/126 POM_5V_CPU 858/623
RAM 2007/3964MB (lfb 8x4MB) SWAP 630/6078MB (cached 14MB) IRAM 0/252kB(lfb 252kB) CPU [100%@921,100%@921,off,off] EMC_FREQ 1%@1600 GR3D_FREQ 0%@614 APE 25 PLL@31C CPU@33C iwlwifi@33C PMIC@50C GPU@31C AO@42.5C thermal@32C POM_5V_IN 2453/2272 POM_5V_GPU 81/126 POM_5V_CPU 858/624
RAM 2004/3964MB (lfb 8x4MB) SWAP 628/6078MB (cached 20MB) IRAM 0/252kB(lfb 252kB) CPU [100%@921,100%@921,off,off] EMC_FREQ 1%@1600 GR3D_FREQ 0%@614 APE 25 PLL@31.5C CPU@33.5C iwlwifi@33C PMIC@50C GPU@31.5C AO@42C thermal@32.25C POM_5V_IN 2609/2273 POM_5V_GPU 81/126 POM_5V_CPU 856/625
RAM 2005/3964MB (lfb 8x4MB) SWAP 628/6078MB (cached 20MB) IRAM 0/252kB(lfb 252kB) CPU [100%@921,100%@921,off,off] EMC_FREQ 1%@1600 GR3D_FREQ 0%@614 APE 25 PLL@31C CPU@33.5C iwlwifi@32C PMIC@50C GPU@31.5C AO@42.5C thermal@32.5C POM_5V_IN 2494/2274 POM_5V_GPU 81/126 POM_5V_CPU 899/626
RAM 2005/3964MB (lfb 8x4MB) SWAP 628/6078MB (cached 20MB) IRAM 0/252kB(lfb 252kB) CPU [100%@921,100%@921,off,off] EMC_FREQ 1%@1600 GR3D_FREQ 0%@614 APE 25 PLL@31.5C CPU@33.5C iwlwifi@32C PMIC@50C GPU@31.5C AO@42.5C thermal@32.5C POM_5V_IN 2494/2275 POM_5V_GPU 81/125 POM_5V_CPU 858/627
RAM 2006/3964MB (lfb 8x4MB) SWAP 628/6078MB (cached 20MB) IRAM 0/252kB(lfb 252kB) CPU [100%@921,100%@921,off,off] EMC_FREQ 1%@1600 GR3D_FREQ 0%@614 APE 25 PLL@31.5C CPU@33.5C iwlwifi@32C PMIC@50C GPU@32C AO@43C thermal@32.5C POM_5V_IN 2416/2276 POM_5V_GPU 81/125 POM_5V_CPU 819/627
RAM 2007/3964MB (lfb 8x4MB) SWAP 628/6078MB (cached 20MB) IRAM 0/252kB(lfb 252kB) CPU [100%@921,100%@921,off,off] EMC_FREQ 1%@1600 GR3D_FREQ 0%@614 APE 25 PLL@32C CPU@34C iwlwifi@33C PMIC@50C GPU@32C AO@43C thermal@33C POM_5V_IN 2494/2277 POM_5V_GPU 81/125 POM_5V_CPU 899/629
RAM 2008/3964MB (lfb 8x4MB) SWAP 628/6078MB (cached 20MB) IRAM 0/252kB(lfb 252kB) CPU [100%@921,100%@921,off,off] EMC_FREQ 1%@1600 GR3D_FREQ 0%@614 APE 25 PLL@31.5C CPU@33.5C iwlwifi@32C PMIC@50C GPU@32C AO@43.5C thermal@33.25C POM_5V_IN 2576/2278 POM_5V_GPU 81/125 POM_5V_CPU 899/630
RAM 2002/3964MB (lfb 8x4MB) SWAP 628/6078MB (cached 20MB) IRAM 0/252kB(lfb 252kB) CPU [100%@921,100%@921,off,off] EMC_FREQ 1%@1600 GR3D_FREQ 0%@614 APE 25 PLL@32C CPU@34C iwlwifi@34C PMIC@50C GPU@32C AO@43.5C thermal@33C POM_5V_IN 2453/2278 POM_5V_GPU 81/125 POM_5V_CPU 858/631
RAM 2004/3964MB (lfb 8x4MB) SWAP 628/6078MB (cached 20MB) IRAM 0/252kB(lfb 252kB) CPU [100%@921,100%@921,off,off] EMC_FREQ 0%@1600 GR3D_FREQ 0%@614 APE 25 PLL@32C CPU@34.5C iwlwifi@32C PMIC@50C GPU@32.5C AO@43.5C thermal@33C POM_5V_IN 2453/2279 POM_5V_GPU 81/125 POM_5V_CPU 858/632
RAM 2005/3964MB (lfb 8x4MB) SWAP 628/6078MB (cached 20MB) IRAM 0/252kB(lfb 252kB) CPU [100%@921,100%@921,off,off] EMC_FREQ 1%@1600 GR3D_FREQ 0%@614 APE 25 PLL@32C CPU@34C iwlwifi@32C PMIC@50C GPU@32.5C AO@43.5C thermal@33.75C POM_5V_IN 2535/2280 POM_5V_GPU 81/124 POM_5V_CPU 858/632
RAM 2006/3964MB (lfb 8x4MB) SWAP 628/6078MB (cached 20MB) IRAM 0/252kB(lfb 252kB) CPU [100%@921,100%@921,off,off] EMC_FREQ 1%@1600 GR3D_FREQ 0%@614 APE 25 PLL@31.5C CPU@34C iwlwifi@34C PMIC@50C GPU@32.5C AO@43.5C thermal@33.5C POM_5V_IN 2416/2281 POM_5V_GPU 81/124 POM_5V_CPU 817/633
RAM 2007/3964MB (lfb 8x4MB) SWAP 628/6078MB (cached 20MB) IRAM 0/252kB(lfb 252kB) CPU [100%@921,100%@921,off,off] EMC_FREQ 0%@1600 GR3D_FREQ 0%@614 APE 25 PLL@32C CPU@34.5C iwlwifi@32C PMIC@50C GPU@32.5C AO@43.5C thermal@33.5C POM_5V_IN 2494/2282 POM_5V_GPU 81/124 POM_5V_CPU 858/634
RAM 2008/3964MB (lfb 8x4MB) SWAP 628/6078MB (cached 20MB) IRAM 0/252kB(lfb 252kB) CPU [100%@921,100%@921,off,off] EMC_FREQ 0%@1600 GR3D_FREQ 0%@614 APE 25 PLL@32.5C CPU@34.5C iwlwifi@32C PMIC@50C GPU@32.5C AO@44C thermal@33.25C POM_5V_IN 2494/2282 POM_5V_GPU 81/124 POM_5V_CPU 858/635
RAM 2010/3964MB (lfb 8x4MB) SWAP 628/6078MB (cached 20MB) IRAM 0/252kB(lfb 252kB) CPU [100%@921,100%@921,off,off] EMC_FREQ 0%@1600 GR3D_FREQ 0%@614 APE 25 PLL@32.5C CPU@34.5C iwlwifi@32C PMIC@50C GPU@32.5C AO@43.5C thermal@33.5C POM_5V_IN 2453/2283 POM_5V_GPU 81/124 POM_5V_CPU 858/636
RAM 2592/3964MB (lfb 1x2MB) SWAP 628/6078MB (cached 20MB) IRAM 0/252kB(lfb 252kB) CPU [99%@921,97%@921,off,off] EMC_FREQ 1%@1600 GR3D_FREQ 0%@614 APE 25 PLL@32C CPU@34.5C iwlwifi@33C PMIC@50C GPU@32.5C AO@44C thermal@33.5C POM_5V_IN 2416/2284 POM_5V_GPU 81/124 POM_5V_CPU 817/637
RAM 3261/3964MB (lfb 1x512kB) SWAP 761/6078MB (cached 19MB) IRAM 0/252kB(lfb 252kB) CPU [75%@921,75%@921,off,off] EMC_FREQ 2%@1600 GR3D_FREQ 0%@614 APE 25 PLL@32.5C CPU@34.5C iwlwifi@33C PMIC@50C GPU@32.5C AO@44C thermal@33.75C POM_5V_IN 2576/2285 POM_5V_GPU 122/123 POM_5V_CPU 817/637
RAM 3510/3964MB (lfb 1x4MB) SWAP 790/6078MB (cached 23MB) IRAM 0/252kB(lfb 252kB) CPU [79%@921,43%@921,off,off] EMC_FREQ 2%@1600 GR3D_FREQ 0%@614 APE 25 PLL@32.5C CPU@34C iwlwifi@33C PMIC@50C GPU@33.5C AO@44.5C thermal@33.75C POM_5V_IN 2215/2285 POM_5V_GPU 82/123 POM_5V_CPU 410/636
RAM 3513/3964MB (lfb 2x2MB) SWAP 790/6078MB (cached 23MB) IRAM 0/252kB(lfb 252kB) CPU [88%@921,42%@921,off,off] EMC_FREQ 5%@1600 GR3D_FREQ 22%@614 APE 25 PLL@32.5C CPU@34C iwlwifi@33C PMIC@50C GPU@33C AO@44.5C thermal@34C POM_5V_IN 2853/2287 POM_5V_GPU 570/125 POM_5V_CPU 529/636
RAM 3541/3964MB (lfb 1x2MB) SWAP 804/6078MB (cached 24MB) IRAM 0/252kB(lfb 252kB) CPU [97%@921,70%@921,off,off] EMC_FREQ 5%@1600 GR3D_FREQ 22%@614 APE 25 PLL@33C CPU@34.5C iwlwifi@33C PMIC@50C GPU@33C AO@44.5C thermal@34.25C POM_5V_IN 2971/2289 POM_5V_GPU 488/126 POM_5V_CPU 691/636
RAM 3525/3964MB (lfb 3x2MB) SWAP 804/6078MB (cached 25MB) IRAM 0/252kB(lfb 252kB) CPU [100%@921,100%@921,off,off] EMC_FREQ 2%@1600 GR3D_FREQ 0%@614 APE 25 PLL@33C CPU@35C iwlwifi@33C PMIC@50C GPU@33C AO@44.5C thermal@34.25C POM_5V_IN 2694/2291 POM_5V_GPU 81/126 POM_5V_CPU 1020/638
RAM 3542/3964MB (lfb 1x2MB) SWAP 807/6078MB (cached 24MB) IRAM 0/252kB(lfb 252kB) CPU [93%@921,95%@921,off,off] EMC_FREQ 1%@1600 GR3D_FREQ 0%@614 APE 25 PLL@33C CPU@35.5C iwlwifi@34C PMIC@50C GPU@33C AO@44C thermal@34C POM_5V_IN 2694/2293 POM_5V_GPU 81/126 POM_5V_CPU 1020/639
RAM 1518/3964MB (lfb 7x4MB) SWAP 776/6078MB (cached 24MB) IRAM 0/252kB(lfb 252kB) CPU [68%@921,72%@921,off,off] EMC_FREQ 2%@1600 GR3D_FREQ 0%@614 APE 25 PLL@33C CPU@35C iwlwifi@33C PMIC@50C GPU@33C AO@44.5C thermal@34C POM_5V_IN 2293/2293 POM_5V_GPU 81/126 POM_5V_CPU 450/638
RAM 2609/3964MB (lfb 1x2MB) SWAP 776/6078MB (cached 24MB) IRAM 0/252kB(lfb 252kB) CPU [60%@921,84%@921,off,off] EMC_FREQ 1%@1600 GR3D_FREQ 0%@614 APE 25 PLL@33C CPU@35C iwlwifi@33C PMIC@50C GPU@33C AO@44C thermal@33.75C POM_5V_IN 2613/2294 POM_5V_GPU 81/126 POM_5V_CPU 898/639
RAM 3218/3964MB (lfb 2x2MB) SWAP 835/6078MB (cached 25MB) IRAM 0/252kB(lfb 252kB) CPU [52%@921,65%@921,off,off] EMC_FREQ 2%@1600 GR3D_FREQ 0%@614 APE 25 PLL@33.5C CPU@35C iwlwifi@33C PMIC@50C GPU@33.5C AO@44C thermal@34.25C POM_5V_IN 2654/2295 POM_5V_GPU 81/126 POM_5V_CPU 694/640
RAM 1539/3964MB (lfb 8x4MB) SWAP 818/6078MB (cached 25MB) IRAM 0/252kB(lfb 252kB) CPU [86%@921,76%@921,off,off] EMC_FREQ 2%@1600 GR3D_FREQ 0%@614 APE 25 PLL@33C CPU@35.5C iwlwifi@34C PMIC@50C GPU@33.5C AO@44.5C thermal@34.25C POM_5V_IN 2572/2296 POM_5V_GPU 81/125 POM_5V_CPU 898/641
RAM 2862/3964MB (lfb 1x2MB) SWAP 817/6078MB (cached 26MB) IRAM 0/252kB(lfb 252kB) CPU [98%@921,99%@921,off,off] EMC_FREQ 1%@1600 GR3D_FREQ 0%@614 APE 25 PLL@33C CPU@35C iwlwifi@33C PMIC@50C GPU@33C AO@44.5C thermal@34.25C POM_5V_IN 2812/2298 POM_5V_GPU 81/125 POM_5V_CPU 774/641
RAM 3038/3964MB (lfb 1x2MB) SWAP 820/6078MB (cached 20MB) IRAM 0/252kB(lfb 252kB) CPU [66%@921,77%@921,off,off] EMC_FREQ 2%@1600 GR3D_FREQ 2%@614 APE 25 PLL@33C CPU@35C iwlwifi@33C PMIC@50C GPU@33.5C AO@45C thermal@34.25C POM_5V_IN 2334/2298 POM_5V_GPU 122/125 POM_5V_CPU 614/641
RAM 1327/3964MB (lfb 8x4MB) SWAP 822/6078MB (cached 19MB) IRAM 0/252kB(lfb 252kB) CPU [33%@921,35%@921,off,off] EMC_FREQ 4%@1600 GR3D_FREQ 2%@614 APE 25 PLL@33C CPU@35C iwlwifi@36C PMIC@50C GPU@33C AO@44.5C thermal@34C POM_5V_IN 2735/2300 POM_5V_GPU 244/126 POM_5V_CPU 733/641
RAM 1323/3964MB (lfb 8x4MB) SWAP 822/6078MB (cached 19MB) IRAM 0/252kB(lfb 252kB) CPU [9%@921,9%@921,off,off] EMC_FREQ 0%@1600 GR3D_FREQ 0%@614 APE 25 PLL@33C CPU@34.5C iwlwifi@33C PMIC@50C GPU@33C AO@44C thermal@33.75C POM_5V_IN 2215/2300 POM_5V_GPU 82/126 POM_5V_CPU 574/641
RAM 1326/3964MB (lfb 8x4MB) SWAP 822/6078MB (cached 19MB) IRAM 0/252kB(lfb 252kB) CPU [5%@921,9%@921,off,off] EMC_FREQ 0%@1600 GR3D_FREQ 0%@614 APE 25 PLL@33C CPU@34.5C iwlwifi@33C PMIC@50C GPU@33C AO@44C thermal@33.75C POM_5V_IN 2174/2299 POM_5V_GPU 82/125 POM_5V_CPU 574/641
RAM 1330/3964MB (lfb 8x4MB) SWAP 822/6078MB (cached 19MB) IRAM 0/252kB(lfb 252kB) CPU [8%@921,9%@921,off,off] EMC_FREQ 0%@1600 GR3D_FREQ 0%@614 APE 25 PLL@33C CPU@35C iwlwifi@33C PMIC@50C GPU@33C AO@44C thermal@33.75C POM_5V_IN 2133/2299 POM_5V_GPU 82/125 POM_5V_CPU 574/641
RAM 1333/3964MB (lfb 8x4MB) SWAP 822/6078MB (cached 19MB) IRAM 0/252kB(lfb 252kB) CPU [9%@921,4%@921,off,off] EMC_FREQ 0%@1600 GR3D_FREQ 0%@614 APE 25 PLL@32.5C CPU@34.5C iwlwifi@33C PMIC@50C GPU@33C AO@44C thermal@33.5C POM_5V_IN 1772/2297 POM_5V_GPU 82/125 POM_5V_CPU 164/639
RAM 1331/3964MB (lfb 8x4MB) SWAP 822/6078MB (cached 19MB) IRAM 0/252kB(lfb 252kB) CPU [7%@921,8%@921,off,off] EMC_FREQ 0%@1600 GR3D_FREQ 0%@614 APE 25 PLL@32.5C CPU@34C iwlwifi@33C PMIC@50C GPU@32.5C AO@44C thermal@33.25C POM_5V_IN 1731/2294 POM_5V_GPU 82/125 POM_5V_CPU 164/637
RAM 1339/3964MB (lfb 8x4MB) SWAP 820/6078MB (cached 22MB) IRAM 0/252kB(lfb 252kB) CPU [12%@921,6%@921,off,off] EMC_FREQ 0%@1600 GR3D_FREQ 0%@614 APE 25 PLL@32C CPU@34C iwlwifi@33C PMIC@50C GPU@32.5C AO@44C thermal@33.25C POM_5V_IN 1731/2292 POM_5V_GPU 82/125 POM_5V_CPU 164/635
RAM 1338/3964MB (lfb 8x4MB) SWAP 819/6078MB (cached 22MB) IRAM 0/252kB(lfb 252kB) CPU [10%@921,9%@921,off,off] EMC_FREQ 0%@1600 GR3D_FREQ 0%@614 APE 25 PLL@32C CPU@34C iwlwifi@33C PMIC@50C GPU@32.5C AO@43.5C thermal@33.25C POM_5V_IN 1731/2290 POM_5V_GPU 82/125 POM_5V_CPU 164/634
RAM 1328/3964MB (lfb 8x4MB) SWAP 819/6078MB (cached 22MB) IRAM 0/252kB(lfb 252kB) CPU [3%@921,6%@921,off,off] EMC_FREQ 0%@1600 GR3D_FREQ 0%@614 APE 25 PLL@31.5C CPU@34C iwlwifi@33C PMIC@50C GPU@32C AO@43.5C thermal@33.25C POM_5V_IN 1728/2288 POM_5V_GPU 82/124 POM_5V_CPU 164/632
RAM 1338/3964MB (lfb 8x4MB) SWAP 819/6078MB (cached 22MB) IRAM 0/252kB(lfb 252kB) CPU [6%@921,12%@921,off,off] EMC_FREQ 0%@1600 GR3D_FREQ 0%@614 APE 25 PLL@32C CPU@34C iwlwifi@33C PMIC@50C GPU@32C AO@43.5C thermal@33C POM_5V_IN 2133/2288 POM_5V_GPU 82/124 POM_5V_CPU 533/632
RAM 1332/3964MB (lfb 8x4MB) SWAP 819/6078MB (cached 22MB) IRAM 0/252kB(lfb 252kB) CPU [4%@921,7%@921,off,off] EMC_FREQ 0%@1600 GR3D_FREQ 0%@614 APE 25 PLL@31.5C CPU@34C iwlwifi@33C PMIC@50C GPU@32C AO@43.5C thermal@32.75C POM_5V_IN 1731/2286 POM_5V_GPU 82/124 POM_5V_CPU 164/630
RAM 1331/3964MB (lfb 8x4MB) SWAP 819/6078MB (cached 22MB) IRAM 0/252kB(lfb 252kB) CPU [7%@921,6%@921,off,off] EMC_FREQ 0%@1600 GR3D_FREQ 0%@614 APE 25 PLL@32C CPU@33.5C iwlwifi@33C PMIC@50C GPU@32.5C AO@43C thermal@32.75C POM_5V_IN 2133/2285 POM_5V_GPU 82/124 POM_5V_CPU 533/629
RAM 1334/3964MB (lfb 8x4MB) SWAP 819/6078MB (cached 22MB) IRAM 0/252kB(lfb 252kB) CPU [9%@921,6%@921,off,off] EMC_FREQ 0%@1600 GR3D_FREQ 0%@614 APE 25 PLL@31.5C CPU@33.5C iwlwifi@33C PMIC@50C GPU@32C AO@43C thermal@32.75C POM_5V_IN 2174/2285 POM_5V_GPU 82/124 POM_5V_CPU 574/629
RAM 1342/3964MB (lfb 8x4MB) SWAP 819/6078MB (cached 22MB) IRAM 0/252kB(lfb 252kB) CPU [6%@921,8%@921,off,off] EMC_FREQ 0%@1600 GR3D_FREQ 0%@614 APE 25 PLL@31.5C CPU@34C iwlwifi@33C PMIC@50C GPU@32C AO@43.5C thermal@32.75C POM_5V_IN 2334/2285 POM_5V_GPU 81/124 POM_5V_CPU 614/629
RAM 1341/3964MB (lfb 8x4MB) SWAP 819/6078MB (cached 22MB) IRAM 0/252kB(lfb 252kB) CPU [6%@921,8%@921,off,off] EMC_FREQ 0%@1600 GR3D_FREQ 0%@614 APE 25 PLL@31.5C CPU@33C iwlwifi@33C PMIC@50C GPU@32C AO@42.5C thermal@32.75C POM_5V_IN 2095/2284 POM_5V_GPU 82/123 POM_5V_CPU 451/629
RAM 1335/3964MB (lfb 8x4MB) SWAP 819/6078MB (cached 22MB) IRAM 0/252kB(lfb 252kB) CPU [6%@921,7%@921,off,off] EMC_FREQ 0%@1600 GR3D_FREQ 0%@614 APE 25 PLL@31.5C CPU@33C iwlwifi@33C PMIC@50C GPU@32C AO@42.5C thermal@32.5C POM_5V_IN 1810/2283 POM_5V_GPU 82/123 POM_5V_CPU 246/627
RAM 1339/3964MB (lfb 8x4MB) SWAP 819/6078MB (cached 22MB) IRAM 0/252kB(lfb 252kB) CPU [6%@921,8%@921,off,off] EMC_FREQ 0%@1600 GR3D_FREQ 0%@614 APE 25 PLL@31.5C CPU@33.5C iwlwifi@33C PMIC@50C GPU@31.5C AO@42.5C thermal@32.25C POM_5V_IN 1731/2281 POM_5V_GPU 82/123 POM_5V_CPU 164/626
RAM 1338/3964MB (lfb 8x4MB) SWAP 819/6078MB (cached 22MB) IRAM 0/252kB(lfb 252kB) CPU [7%@921,7%@921,off,off] EMC_FREQ 0%@1600 GR3D_FREQ 0%@614 APE 25 PLL@31C CPU@33C iwlwifi@33C PMIC@50C GPU@32C AO@42.5C thermal@32.5C POM_5V_IN 1689/2278 POM_5V_GPU 82/123 POM_5V_CPU 164/624
RAM 1337/3964MB (lfb 8x4MB) SWAP 819/6078MB (cached 22MB) IRAM 0/252kB(lfb 252kB) CPU [9%@921,6%@921,off,off] EMC_FREQ 0%@1600 GR3D_FREQ 0%@614 APE 25 PLL@31.5C CPU@33C iwlwifi@33C PMIC@50C GPU@31.5C AO@42.5C thermal@32.75C POM_5V_IN 1772/2277 POM_5V_GPU 82/123 POM_5V_CPU 206/622
RAM 1335/3964MB (lfb 8x4MB) SWAP 819/6078MB (cached 22MB) IRAM 0/252kB(lfb 252kB) CPU [8%@921,5%@921,off,off] EMC_FREQ 0%@1600 GR3D_FREQ 0%@614 APE 25 PLL@31C CPU@33C iwlwifi@32C PMIC@50C GPU@31.5C AO@42C thermal@32.5C POM_5V_IN 1731/2275 POM_5V_GPU 82/123 POM_5V_CPU 164/621
RAM 1335/3964MB (lfb 8x4MB) SWAP 819/6078MB (cached 22MB) IRAM 0/252kB(lfb 252kB) CPU [5%@921,8%@921,off,off] EMC_FREQ 0%@1600 GR3D_FREQ 0%@614 APE 25 PLL@31C CPU@33C iwlwifi@32C PMIC@50C GPU@31.5C AO@42C thermal@32.25C POM_5V_IN 1731/2273 POM_5V_GPU 82/123 POM_5V_CPU 164/619
RAM 1340/3964MB (lfb 8x4MB) SWAP 819/6078MB (cached 23MB) IRAM 0/252kB(lfb 252kB) CPU [10%@921,4%@921,off,off] EMC_FREQ 0%@1600 GR3D_FREQ 0%@614 APE 25 PLL@30.5C CPU@33C iwlwifi@32C PMIC@50C GPU@31.5C AO@42.5C thermal@32.25C POM_5V_IN 1689/2271 POM_5V_GPU 82/122 POM_5V_CPU 164/618
RAM 1340/3964MB (lfb 8x4MB) SWAP 819/6078MB (cached 23MB) IRAM 0/252kB(lfb 252kB) CPU [8%@921,6%@921,off,off] EMC_FREQ 0%@1600 GR3D_FREQ 0%@614 APE 25 PLL@31C CPU@33C iwlwifi@33C PMIC@50C GPU@31.5C AO@42.5C thermal@32C POM_5V_IN 1731/2269 POM_5V_GPU 82/122 POM_5V_CPU 164/616
RAM 1328/3964MB (lfb 8x4MB) SWAP 819/6078MB (cached 23MB) IRAM 0/252kB(lfb 252kB) CPU [4%@921,5%@921,off,off] EMC_FREQ 0%@1600 GR3D_FREQ 0%@614 APE 25 PLL@31C CPU@33C iwlwifi@32C PMIC@50C GPU@31.5C AO@42.5C thermal@32.25C POM_5V_IN 1689/2267 POM_5V_GPU 82/122 POM_5V_CPU 164/614
RAM 1338/3964MB (lfb 8x4MB) SWAP 819/6078MB (cached 23MB) IRAM 0/252kB(lfb 252kB) CPU [8%@921,9%@921,off,off] EMC_FREQ 0%@1600 GR3D_FREQ 0%@614 APE 25 PLL@31C CPU@32.5C iwlwifi@32C PMIC@50C GPU@31C AO@42.5C thermal@32C POM_5V_IN 2133/2266 POM_5V_GPU 82/122 POM_5V_CPU 533/614
RAM 1331/3964MB (lfb 8x4MB) SWAP 819/6078MB (cached 23MB) IRAM 0/252kB(lfb 252kB) CPU [4%@921,6%@921,off,off] EMC_FREQ 0%@1600 GR3D_FREQ 0%@614 APE 25 PLL@31C CPU@32.5C iwlwifi@32C PMIC@50C GPU@31.5C AO@42C thermal@31.75C POM_5V_IN 1731/2265 POM_5V_GPU 82/122 POM_5V_CPU 164/613
RAM 1338/3964MB (lfb 8x4MB) SWAP 819/6078MB (cached 23MB) IRAM 0/252kB(lfb 252kB) CPU [8%@921,8%@921,off,off] EMC_FREQ 0%@1600 GR3D_FREQ 0%@614 APE 25 PLL@31C CPU@33C iwlwifi@32C PMIC@50C GPU@31C AO@42C thermal@31.75C POM_5V_IN 2174/2264 POM_5V_GPU 82/122 POM_5V_CPU 574/612
RAM 1337/3964MB (lfb 8x4MB) SWAP 819/6078MB (cached 23MB) IRAM 0/252kB(lfb 252kB) CPU [7%@921,5%@921,off,off] EMC_FREQ 0%@1600 GR3D_FREQ 0%@614 APE 25 PLL@30.5C CPU@32.5C iwlwifi@32C PMIC@50C GPU@31.5C AO@42.5C thermal@31.75C POM_5V_IN 1731/2262 POM_5V_GPU 82/122 POM_5V_CPU 164/611
RAM 1346/3964MB (lfb 8x4MB) SWAP 819/6078MB (cached 23MB) IRAM 0/252kB(lfb 252kB) CPU [6%@921,8%@921,off,off] EMC_FREQ 0%@1600 GR3D_FREQ 0%@614 APE 25 PLL@30.5C CPU@32.5C iwlwifi@32C PMIC@50C GPU@31C AO@42C thermal@31.75C POM_5V_IN 2334/2263 POM_5V_GPU 81/121 POM_5V_CPU 573/611
RAM 1342/3964MB (lfb 8x4MB) SWAP 819/6078MB (cached 23MB) IRAM 0/252kB(lfb 252kB) CPU [5%@921,9%@921,off,off] EMC_FREQ 0%@1600 GR3D_FREQ 0%@614 APE 25 PLL@31C CPU@32.5C iwlwifi@32C PMIC@50C GPU@31C AO@42C thermal@31.75C POM_5V_IN 2215/2263 POM_5V_GPU 82/121 POM_5V_CPU 574/611
RAM 1341/3964MB (lfb 8x4MB) SWAP 818/6078MB (cached 23MB) IRAM 0/252kB(lfb 252kB) CPU [5%@921,8%@921,off,off] EMC_FREQ 0%@1600 GR3D_FREQ 0%@614 APE 25 PLL@30.5C CPU@32C iwlwifi@32C PMIC@50C GPU@31.5C AO@42C thermal@32C POM_5V_IN 1810/2261 POM_5V_GPU 82/121 POM_5V_CPU 246/609
RAM 1341/3964MB (lfb 8x4MB) SWAP 818/6078MB (cached 23MB) IRAM 0/252kB(lfb 252kB) CPU [6%@921,7%@921,off,off] EMC_FREQ 0%@1600 GR3D_FREQ 0%@614 APE 25 PLL@30.5C CPU@32C iwlwifi@32C PMIC@50C GPU@31C AO@42C thermal@31.75C POM_5V_IN 1731/2259 POM_5V_GPU 82/121 POM_5V_CPU 164/608
RAM 1337/3964MB (lfb 8x4MB) SWAP 818/6078MB (cached 23MB) IRAM 0/252kB(lfb 252kB) CPU [9%@921,4%@921,off,off] EMC_FREQ 0%@1600 GR3D_FREQ 0%@614 APE 25 PLL@30.5C CPU@32.5C iwlwifi@32C PMIC@50C GPU@31C AO@41.5C thermal@31.75C POM_5V_IN 1689/2257 POM_5V_GPU 82/121 POM_5V_CPU 164/606
RAM 1339/3964MB (lfb 8x4MB) SWAP 818/6078MB (cached 23MB) IRAM 0/252kB(lfb 252kB) CPU [7%@921,7%@921,off,off] EMC_FREQ 0%@1600 GR3D_FREQ 0%@614 APE 25 PLL@30.5C CPU@32C iwlwifi@32C PMIC@50C GPU@31C AO@42C thermal@31.75C POM_5V_IN 1731/2256 POM_5V_GPU 82/121 POM_5V_CPU 164/605
RAM 1339/3964MB (lfb 8x4MB) SWAP 818/6078MB (cached 23MB) IRAM 0/252kB(lfb 252kB) CPU [7%@921,6%@921,off,off] EMC_FREQ 0%@1600 GR3D_FREQ 0%@614 APE 25 PLL@30.5C CPU@32C iwlwifi@32C PMIC@50C GPU@30.5C AO@42C thermal@31.25C POM_5V_IN 1731/2254 POM_5V_GPU 82/121 POM_5V_CPU 164/603
RAM 1341/3964MB (lfb 8x4MB) SWAP 818/6078MB (cached 23MB) IRAM 0/252kB(lfb 252kB) CPU [7%@921,7%@921,off,off] EMC_FREQ 0%@1600 GR3D_FREQ 0%@614 APE 25 PLL@30C CPU@32C iwlwifi@32C PMIC@50C GPU@31C AO@42C thermal@31.75C POM_5V_IN 1689/2252 POM_5V_GPU 82/121 POM_5V_CPU 164/602
RAM 1339/3964MB (lfb 8x4MB) SWAP 818/6078MB (cached 23MB) IRAM 0/252kB(lfb 252kB) CPU [9%@921,4%@921,off,off] EMC_FREQ 0%@1600 GR3D_FREQ 0%@614 APE 25 PLL@30.5C CPU@32C iwlwifi@33C PMIC@50C GPU@31C AO@41.5C thermal@31.5C POM_5V_IN 1731/2250 POM_5V_GPU 82/120 POM_5V_CPU 164/601
RAM 1341/3964MB (lfb 8x4MB) SWAP 818/6078MB (cached 23MB) IRAM 0/252kB(lfb 252kB) CPU [4%@921,9%@921,off,off] EMC_FREQ 0%@1600 GR3D_FREQ 0%@614 APE 25 PLL@30.5C CPU@32C iwlwifi@32C PMIC@50C GPU@31C AO@41.5C thermal@31.5C POM_5V_IN 1731/2248 POM_5V_GPU 82/120 POM_5V_CPU 164/599
RAM 1327/3964MB (lfb 8x4MB) SWAP 818/6078MB (cached 23MB) IRAM 0/252kB(lfb 252kB) CPU [4%@921,5%@921,off,off] EMC_FREQ 0%@1600 GR3D_FREQ 0%@614 APE 25 PLL@30.5C CPU@32.5C iwlwifi@32C PMIC@50C GPU@31C AO@41.5C thermal@31.5C POM_5V_IN 1689/2247 POM_5V_GPU 82/120 POM_5V_CPU 164/598
RAM 1338/3964MB (lfb 8x4MB) SWAP 818/6078MB (cached 23MB) IRAM 0/252kB(lfb 252kB) CPU [9%@921,9%@921,off,off] EMC_FREQ 0%@1600 GR3D_FREQ 0%@614 APE 25 PLL@30.5C CPU@32C iwlwifi@32C PMIC@50C GPU@30.5C AO@41.5C thermal@31.25C POM_5V_IN 2095/2246 POM_5V_GPU 82/120 POM_5V_CPU 533/597
RAM 1335/3964MB (lfb 8x4MB) SWAP 818/6078MB (cached 23MB) IRAM 0/252kB(lfb 252kB) CPU [8%@921,3%@921,off,off] EMC_FREQ 0%@1600 GR3D_FREQ 0%@614 APE 25 PLL@30C CPU@32C iwlwifi@32C PMIC@50C GPU@30.5C AO@41.5C thermal@31.25C POM_5V_IN 1731/2244 POM_5V_GPU 82/120 POM_5V_CPU 164/596
RAM 1334/3964MB (lfb 8x4MB) SWAP 817/6078MB (cached 23MB) IRAM 0/252kB(lfb 252kB) CPU [8%@921,6%@921,off,off] EMC_FREQ 0%@1600 GR3D_FREQ 0%@614 APE 25 PLL@30C CPU@32.5C iwlwifi@32C PMIC@50C GPU@30.5C AO@41.5C thermal@31.25C POM_5V_IN 2133/2244 POM_5V_GPU 82/120 POM_5V_CPU 533/596
RAM 1337/3964MB (lfb 8x4MB) SWAP 817/6078MB (cached 23MB) IRAM 0/252kB(lfb 252kB) CPU [5%@921,9%@921,off,off] EMC_FREQ 0%@1600 GR3D_FREQ 0%@614 APE 25 PLL@30.5C CPU@32C iwlwifi@32C PMIC@50C GPU@30.5C AO@41.5C thermal@31C POM_5V_IN 2174/2244 POM_5V_GPU 82/120 POM_5V_CPU 574/596
RAM 1343/3964MB (lfb 8x4MB) SWAP 817/6078MB (cached 23MB) IRAM 0/252kB(lfb 252kB) CPU [6%@921,8%@921,off,off] EMC_FREQ 0%@1600 GR3D_FREQ 0%@614 APE 25 PLL@30.5C CPU@33C iwlwifi@32C PMIC@50C GPU@30.5C AO@41.5C thermal@31.25C POM_5V_IN 2256/2244 POM_5V_GPU 82/120 POM_5V_CPU 573/596
RAM 1342/3964MB (lfb 8x4MB) SWAP 817/6078MB (cached 23MB) IRAM 0/252kB(lfb 252kB) CPU [6%@921,8%@921,off,off] EMC_FREQ 0%@1600 GR3D_FREQ 0%@614 APE 25 PLL@30C CPU@32C iwlwifi@32C PMIC@50C GPU@30.5C AO@41.5C thermal@31.25C POM_5V_IN 2215/2244 POM_5V_GPU 82/119 POM_5V_CPU 574/596
RAM 1340/3964MB (lfb 8x4MB) SWAP 817/6078MB (cached 23MB) IRAM 0/252kB(lfb 252kB) CPU [5%@921,9%@921,off,off] EMC_FREQ 0%@1600 GR3D_FREQ 0%@614 APE 25 PLL@30.5C CPU@32.5C iwlwifi@32C PMIC@50C GPU@30.5C AO@41.5C thermal@31.25C POM_5V_IN 2215/2244 POM_5V_GPU 82/119 POM_5V_CPU 615/596
RAM 1342/3964MB (lfb 8x4MB) SWAP 817/6078MB (cached 24MB) IRAM 0/252kB(lfb 252kB) CPU [7%@921,6%@921,off,off] EMC_FREQ 0%@1600 GR3D_FREQ 0%@614 APE 25 PLL@30C CPU@32C iwlwifi@32C PMIC@50C GPU@30.5C AO@41C thermal@31C POM_5V_IN 1772/2242 POM_5V_GPU 82/119 POM_5V_CPU 205/594
RAM 1338/3964MB (lfb 8x4MB) SWAP 817/6078MB (cached 24MB) IRAM 0/252kB(lfb 252kB) CPU [9%@921,4%@921,off,off] EMC_FREQ 0%@1600 GR3D_FREQ 0%@614 APE 25 PLL@30C CPU@32C iwlwifi@32C PMIC@50C GPU@30.5C AO@41.5C thermal@31C POM_5V_IN 1689/2240 POM_5V_GPU 82/119 POM_5V_CPU 164/593
RAM 1338/3964MB (lfb 8x4MB) SWAP 817/6078MB (cached 24MB) IRAM 0/252kB(lfb 252kB) CPU [9%@921,4%@921,off,off] EMC_FREQ 0%@1600 GR3D_FREQ 0%@614 APE 25 PLL@30C CPU@32C iwlwifi@32C PMIC@50C GPU@30C AO@41C thermal@31C POM_5V_IN 1689/2239 POM_5V_GPU 82/119 POM_5V_CPU 164/592
RAM 1340/3964MB (lfb 8x4MB) SWAP 817/6078MB (cached 24MB) IRAM 0/252kB(lfb 252kB) CPU [5%@921,9%@921,off,off] EMC_FREQ 0%@1600 GR3D_FREQ 0%@614 APE 25 PLL@30C CPU@31.5C iwlwifi@34C PMIC@50C GPU@30.5C AO@41.5C thermal@31C POM_5V_IN 1851/2237 POM_5V_GPU 82/119 POM_5V_CPU 246/591
RAM 1340/3964MB (lfb 8x4MB) SWAP 817/6078MB (cached 24MB) IRAM 0/252kB(lfb 252kB) CPU [5%@921,5%@921,off,off] EMC_FREQ 0%@1600 GR3D_FREQ 0%@614 APE 25 PLL@29.5C CPU@32C iwlwifi@32C PMIC@50C GPU@30C AO@41.5C thermal@30.75C POM_5V_IN 1687/2236 POM_5V_GPU 82/119 POM_5V_CPU 164/589
RAM 1338/3964MB (lfb 8x4MB) SWAP 817/6078MB (cached 24MB) IRAM 0/252kB(lfb 252kB) CPU [6%@921,7%@921,off,off] EMC_FREQ 0%@1600 GR3D_FREQ 0%@614 APE 25 PLL@30C CPU@31.5C iwlwifi@32C PMIC@50C GPU@30C AO@41C thermal@30.75C POM_5V_IN 1728/2234 POM_5V_GPU 82/119 POM_5V_CPU 164/588
RAM 1340/3964MB (lfb 8x4MB) SWAP 817/6078MB (cached 24MB) IRAM 0/252kB(lfb 252kB) CPU [6%@921,8%@921,off,off] EMC_FREQ 0%@1600 GR3D_FREQ 0%@614 APE 25 PLL@30C CPU@32C iwlwifi@32C PMIC@50C GPU@30C AO@41C thermal@30.75C POM_5V_IN 1689/2232 POM_5V_GPU 82/118 POM_5V_CPU 164/587
RAM 1338/3964MB (lfb 8x4MB) SWAP 817/6078MB (cached 24MB) IRAM 0/252kB(lfb 252kB) CPU [8%@921,5%@921,off,off] EMC_FREQ 0%@1600 GR3D_FREQ 0%@614 APE 25 PLL@30C CPU@31.5C iwlwifi@33C PMIC@50C GPU@30C AO@41C thermal@31.25C POM_5V_IN 1689/2231 POM_5V_GPU 82/118 POM_5V_CPU 164/585
RAM 1330/3964MB (lfb 8x4MB) SWAP 817/6078MB (cached 24MB) IRAM 0/252kB(lfb 252kB) CPU [6%@921,4%@921,off,off] EMC_FREQ 0%@1600 GR3D_FREQ 0%@614 APE 25 PLL@30C CPU@31.5C iwlwifi@32C PMIC@50C GPU@30.5C AO@41C thermal@31.25C POM_5V_IN 1689/2229 POM_5V_GPU 82/118 POM_5V_CPU 164/584
RAM 1340/3964MB (lfb 8x4MB) SWAP 817/6078MB (cached 24MB) IRAM 0/252kB(lfb 252kB) CPU [8%@921,9%@921,off,off] EMC_FREQ 0%@1600 GR3D_FREQ 0%@614 APE 25 PLL@30C CPU@32C iwlwifi@32C PMIC@50C GPU@30C AO@41C thermal@30.75C POM_5V_IN 2133/2229 POM_5V_GPU 82/118 POM_5V_CPU 533/584
RAM 1337/3964MB (lfb 8x4MB) SWAP 817/6078MB (cached 24MB) IRAM 0/252kB(lfb 252kB) CPU [6%@921,5%@921,off,off] EMC_FREQ 0%@1600 GR3D_FREQ 0%@614 APE 25 PLL@30C CPU@31C iwlwifi@34C PMIC@50C GPU@30C AO@41C thermal@30.5C POM_5V_IN 1689/2227 POM_5V_GPU 82/118 POM_5V_CPU 164/582
RAM 1338/3964MB (lfb 8x4MB) SWAP 817/6078MB (cached 24MB) IRAM 0/252kB(lfb 252kB) CPU [8%@921,7%@921,off,off] EMC_FREQ 0%@1600 GR3D_FREQ 0%@614 APE 25 PLL@30C CPU@32C iwlwifi@32C PMIC@50C GPU@30.5C AO@41C thermal@31.25C POM_5V_IN 2133/2227 POM_5V_GPU 82/118 POM_5V_CPU 533/582
RAM 1335/3964MB (lfb 8x4MB) SWAP 817/6078MB (cached 24MB) IRAM 0/252kB(lfb 252kB) CPU [5%@921,8%@921,off,off] EMC_FREQ 0%@1600 GR3D_FREQ 0%@614 APE 25 PLL@30C CPU@31.5C iwlwifi@32C PMIC@50C GPU@30.5C AO@41C thermal@30.75C POM_5V_IN 2215/2227 POM_5V_GPU 82/118 POM_5V_CPU 492/582
RAM 1334/3964MB (lfb 8x4MB) SWAP 817/6078MB (cached 24MB) IRAM 0/252kB(lfb 252kB) CPU [6%@921,7%@921,off,off] EMC_FREQ 0%@1600 GR3D_FREQ 0%@614 APE 25 PLL@30C CPU@31.5C iwlwifi@32C PMIC@50C GPU@30.5C AO@40.5C thermal@31.25C POM_5V_IN 2174/2226 POM_5V_GPU 82/118 POM_5V_CPU 574/582
RAM 1335/3964MB (lfb 8x4MB) SWAP 817/6078MB (cached 24MB) IRAM 0/252kB(lfb 252kB) CPU [10%@921,3%@921,off,off] EMC_FREQ 0%@1600 GR3D_FREQ 0%@614 APE 25 PLL@29.5C CPU@32C iwlwifi@33C PMIC@50C GPU@30C AO@41.5C thermal@31C POM_5V_IN 2133/2226 POM_5V_GPU 82/118 POM_5V_CPU 533/582
RAM 1339/3964MB (lfb 8x4MB) SWAP 817/6078MB (cached 24MB) IRAM 0/252kB(lfb 252kB) CPU [7%@921,8%@921,off,off] EMC_FREQ 0%@1600 GR3D_FREQ 0%@614 APE 25 PLL@30.5C CPU@32C iwlwifi@32C PMIC@50C GPU@30.5C AO@41C thermal@31.25C POM_5V_IN 2133/2226 POM_5V_GPU 82/117 POM_5V_CPU 533/582
RAM 1346/3964MB (lfb 8x4MB) SWAP 817/6078MB (cached 24MB) IRAM 0/252kB(lfb 252kB) CPU [8%@921,6%@921,off,off] EMC_FREQ 0%@1600 GR3D_FREQ 0%@614 APE 25 PLL@29.5C CPU@31.5C iwlwifi@32C PMIC@50C GPU@30C AO@41C thermal@31C POM_5V_IN 2293/2226 POM_5V_GPU 81/117 POM_5V_CPU 573/582
RAM 1348/3964MB (lfb 8x4MB) SWAP 817/6078MB (cached 24MB) IRAM 0/252kB(lfb 252kB) CPU [8%@921,7%@921,off,off] EMC_FREQ 0%@1600 GR3D_FREQ 0%@614 APE 25 PLL@29.5C CPU@31.5C iwlwifi@32C PMIC@50C GPU@30C AO@41.5C thermal@30.75C POM_5V_IN 2170/2226 POM_5V_GPU 81/117 POM_5V_CPU 532/581
RAM 1342/3964MB (lfb 8x4MB) SWAP 817/6078MB (cached 24MB) IRAM 0/252kB(lfb 252kB) CPU [6%@921,7%@921,off,off] EMC_FREQ 0%@1600 GR3D_FREQ 0%@614 APE 25 PLL@30C CPU@31.5C iwlwifi@32C PMIC@50C GPU@30C AO@41C thermal@30.75C POM_5V_IN 1813/2225 POM_5V_GPU 82/117 POM_5V_CPU 205/580
RAM 1343/3964MB (lfb 8x4MB) SWAP 817/6078MB (cached 24MB) IRAM 0/252kB(lfb 252kB) CPU [6%@921,8%@921,off,off] EMC_FREQ 0%@1600 GR3D_FREQ 0%@614 APE 25 PLL@29.5C CPU@31.5C iwlwifi@33C PMIC@50C GPU@30.5C AO@41.5C thermal@31C POM_5V_IN 1731/2223 POM_5V_GPU 82/117 POM_5V_CPU 164/579
RAM 1344/3964MB (lfb 8x4MB) SWAP 817/6078MB (cached 24MB) IRAM 0/252kB(lfb 252kB) CPU [6%@921,8%@921,off,off] EMC_FREQ 0%@1600 GR3D_FREQ 0%@614 APE 25 PLL@30C CPU@32C iwlwifi@32C PMIC@50C GPU@30C AO@41C thermal@30.75C POM_5V_IN 2256/2223 POM_5V_GPU 82/117 POM_5V_CPU 573/579
RAM 1340/3964MB (lfb 8x4MB) SWAP 817/6078MB (cached 24MB) IRAM 0/252kB(lfb 252kB) CPU [7%@921,6%@921,off,off] EMC_FREQ 0%@1600 GR3D_FREQ 0%@614 APE 25 PLL@30C CPU@31.5C iwlwifi@32C PMIC@50C GPU@30C AO@41C thermal@31C POM_5V_IN 1892/2222 POM_5V_GPU 82/117 POM_5V_CPU 329/578
RAM 1341/3964MB (lfb 8x4MB) SWAP 817/6078MB (cached 24MB) IRAM 0/252kB(lfb 252kB) CPU [6%@921,8%@921,off,off] EMC_FREQ 0%@1600 GR3D_FREQ 0%@614 APE 25 PLL@30C CPU@32C iwlwifi@32C PMIC@50C GPU@30C AO@41C thermal@31C POM_5V_IN 2256/2222 POM_5V_GPU 81/117 POM_5V_CPU 614/578
RAM 1341/3964MB (lfb 8x4MB) SWAP 817/6078MB (cached 24MB) IRAM 0/252kB(lfb 252kB) CPU [8%@921,5%@921,off,off] EMC_FREQ 0%@1600 GR3D_FREQ 0%@614 APE 25 PLL@29.5C CPU@31.5C iwlwifi@32C PMIC@50C GPU@30C AO@40.5C thermal@30.75C POM_5V_IN 1731/2221 POM_5V_GPU 82/117 POM_5V_CPU 164/577
RAM 1339/3964MB (lfb 8x4MB) SWAP 817/6078MB (cached 24MB) IRAM 0/252kB(lfb 252kB) CPU [8%@921,6%@921,off,off] EMC_FREQ 0%@1600 GR3D_FREQ 0%@614 APE 25 PLL@30C CPU@31.5C iwlwifi@32C PMIC@50C GPU@29.5C AO@41C thermal@30.75C POM_5V_IN 1689/2219 POM_5V_GPU 82/116 POM_5V_CPU 164/576
RAM 1339/3964MB (lfb 8x4MB) SWAP 817/6078MB (cached 24MB) IRAM 0/252kB(lfb 252kB) CPU [6%@921,7%@921,off,off] EMC_FREQ 0%@1600 GR3D_FREQ 0%@614 APE 25 PLL@29.5C CPU@31.5C iwlwifi@32C PMIC@50C GPU@30C AO@40.5C thermal@30.75C POM_5V_IN 1689/2218 POM_5V_GPU 82/116 POM_5V_CPU 123/575
RAM 1333/3964MB (lfb 8x4MB) SWAP 817/6078MB (cached 24MB) IRAM 0/252kB(lfb 252kB) CPU [7%@921,3%@921,off,off] EMC_FREQ 0%@1600 GR3D_FREQ 0%@614 APE 25 PLL@29.5C CPU@31.5C iwlwifi@32C PMIC@50C GPU@30C AO@41C thermal@30.75C POM_5V_IN 1689/2216 POM_5V_GPU 82/116 POM_5V_CPU 164/573
RAM 1339/3964MB (lfb 8x4MB) SWAP 817/6078MB (cached 24MB) IRAM 0/252kB(lfb 252kB) CPU [9%@921,9%@921,off,off] EMC_FREQ 0%@1600 GR3D_FREQ 0%@614 APE 25 PLL@29.5C CPU@31.5C iwlwifi@32C PMIC@50C GPU@30C AO@40.5C thermal@30.75C POM_5V_IN 2136/2216 POM_5V_GPU 82/116 POM_5V_CPU 533/573
RAM 1334/3964MB (lfb 8x4MB) SWAP 817/6078MB (cached 24MB) IRAM 0/252kB(lfb 252kB) CPU [4%@921,7%@921,off,off] EMC_FREQ 0%@1600 GR3D_FREQ 0%@614 APE 25 PLL@29.5C CPU@31.5C iwlwifi@32C PMIC@50C GPU@30C AO@41C thermal@30.75C POM_5V_IN 1689/2214 POM_5V_GPU 82/116 POM_5V_CPU 123/572
RAM 1339/3964MB (lfb 8x4MB) SWAP 817/6078MB (cached 24MB) IRAM 0/252kB(lfb 252kB) CPU [9%@921,5%@921,off,off] EMC_FREQ 0%@1600 GR3D_FREQ 0%@614 APE 25 PLL@29.5C CPU@31.5C iwlwifi@32C PMIC@50C GPU@30C AO@41C thermal@30.75C POM_5V_IN 2133/2214 POM_5V_GPU 82/116 POM_5V_CPU 533/572
RAM 1339/3964MB (lfb 8x4MB) SWAP 817/6078MB (cached 24MB) IRAM 0/252kB(lfb 252kB) CPU [9%@921,6%@921,off,off] EMC_FREQ 0%@1600 GR3D_FREQ 0%@614 APE 25 PLL@29.5C CPU@31.5C iwlwifi@32C PMIC@50C GPU@30C AO@41C thermal@30.75C POM_5V_IN 2215/2214 POM_5V_GPU 82/116 POM_5V_CPU 532/572
RAM 1342/3964MB (lfb 8x4MB) SWAP 817/6078MB (cached 24MB) IRAM 0/252kB(lfb 252kB) CPU [7%@921,6%@921,off,off] EMC_FREQ 0%@1600 GR3D_FREQ 0%@614 APE 25 PLL@29.5C CPU@31.5C iwlwifi@32C PMIC@50C GPU@30C AO@41C thermal@30.75C POM_5V_IN 2170/2214 POM_5V_GPU 81/116 POM_5V_CPU 491/571
RAM 1347/3964MB (lfb 8x4MB) SWAP 817/6078MB (cached 24MB) IRAM 0/252kB(lfb 252kB) CPU [6%@921,8%@921,off,off] EMC_FREQ 0%@1600 GR3D_FREQ 0%@614 APE 25 PLL@29.5C CPU@31C iwlwifi@32C PMIC@50C GPU@30C AO@40.5C thermal@30.75C POM_5V_IN 2256/2214 POM_5V_GPU 82/116 POM_5V_CPU 614/572
RAM 1339/3964MB (lfb 8x4MB) SWAP 817/6078MB (cached 24MB) IRAM 0/252kB(lfb 252kB) CPU [7%@921,8%@921,off,off] EMC_FREQ 0%@1600 GR3D_FREQ 0%@614 APE 25 PLL@29.5C CPU@31.5C iwlwifi@32C PMIC@50C GPU@30.5C AO@40.5C thermal@31C POM_5V_IN 2215/2214 POM_5V_GPU 82/116 POM_5V_CPU 574/572
RAM 1341/3964MB (lfb 8x4MB) SWAP 817/6078MB (cached 24MB) IRAM 0/252kB(lfb 252kB) CPU [9%@921,5%@921,off,off] EMC_FREQ 0%@1600 GR3D_FREQ 0%@614 APE 25 PLL@29.5C CPU@31.5C iwlwifi@32C PMIC@50C GPU@30C AO@41C thermal@30.75C POM_5V_IN 1731/2213 POM_5V_GPU 82/115 POM_5V_CPU 164/570
RAM 1343/3964MB (lfb 8x4MB) SWAP 817/6078MB (cached 24MB) IRAM 0/252kB(lfb 252kB) CPU [6%@921,8%@921,off,off] EMC_FREQ 0%@1600 GR3D_FREQ 0%@614 APE 25 PLL@29.5C CPU@31C iwlwifi@32C PMIC@50C GPU@30C AO@40.5C thermal@30.75C POM_5V_IN 1731/2211 POM_5V_GPU 82/115 POM_5V_CPU 164/569
RAM 1339/3964MB (lfb 8x4MB) SWAP 817/6078MB (cached 24MB) IRAM 0/252kB(lfb 252kB) CPU [7%@921,6%@921,off,off] EMC_FREQ 0%@1600 GR3D_FREQ 0%@614 APE 25 PLL@29.5C CPU@31.5C iwlwifi@32C PMIC@50C GPU@30C AO@41C thermal@31C POM_5V_IN 1689/2210 POM_5V_GPU 82/115 POM_5V_CPU 164/568
RAM 1341/3964MB (lfb 8x4MB) SWAP 817/6078MB (cached 24MB) IRAM 0/252kB(lfb 252kB) CPU [8%@921,5%@921,off,off] EMC_FREQ 0%@1600 GR3D_FREQ 0%@614 APE 25 PLL@29.5C CPU@31.5C iwlwifi@32C PMIC@50C GPU@29.5C AO@40.5C thermal@30.75C POM_5V_IN 1689/2208 POM_5V_GPU 82/115 POM_5V_CPU 164/567
RAM 1339/3964MB (lfb 8x4MB) SWAP 817/6078MB (cached 24MB) IRAM 0/252kB(lfb 252kB) CPU [9%@921,5%@921,off,off] EMC_FREQ 0%@1600 GR3D_FREQ 0%@614 APE 25 PLL@29.5C CPU@31.5C iwlwifi@32C PMIC@50C GPU@29.5C AO@40.5C thermal@30.5C POM_5V_IN 1689/2207 POM_5V_GPU 82/115 POM_5V_CPU 123/566
RAM 1334/3964MB (lfb 8x4MB) SWAP 817/6078MB (cached 24MB) IRAM 0/252kB(lfb 252kB) CPU [5%@921,5%@921,off,off] EMC_FREQ 0%@1600 GR3D_FREQ 0%@614 APE 25 PLL@29.5C CPU@31.5C iwlwifi@32C PMIC@50C GPU@30C AO@41C thermal@30.25C POM_5V_IN 1689/2205 POM_5V_GPU 82/115 POM_5V_CPU 164/564
RAM 1341/3964MB (lfb 8x4MB) SWAP 817/6078MB (cached 24MB) IRAM 0/252kB(lfb 252kB) CPU [9%@921,7%@921,off,off] EMC_FREQ 0%@1600 GR3D_FREQ 0%@614 APE 25 PLL@29.5C CPU@31.5C iwlwifi@32C PMIC@50C GPU@29.5C AO@40.5C thermal@30.5C POM_5V_IN 2133/2205 POM_5V_GPU 82/115 POM_5V_CPU 533/564
RAM 1339/3964MB (lfb 8x4MB) SWAP 817/6078MB (cached 24MB) IRAM 0/252kB(lfb 252kB) CPU [6%@921,6%@921,off,off] EMC_FREQ 0%@1600 GR3D_FREQ 0%@614 APE 25 PLL@29.5C CPU@31.5C iwlwifi@32C PMIC@50C GPU@30C AO@41C thermal@30.5C POM_5V_IN 1689/2204 POM_5V_GPU 82/115 POM_5V_CPU 164/563
RAM 1339/3964MB (lfb 8x4MB) SWAP 817/6078MB (cached 24MB) IRAM 0/252kB(lfb 252kB) CPU [6%@921,8%@921,off,off] EMC_FREQ 0%@1600 GR3D_FREQ 0%@614 APE 25 PLL@29.5C CPU@31.5C iwlwifi@32C PMIC@50C GPU@29.5C AO@41C thermal@30.75C POM_5V_IN 2215/2204 POM_5V_GPU 82/115 POM_5V_CPU 492/563
RAM 1341/3964MB (lfb 8x4MB) SWAP 817/6078MB (cached 24MB) IRAM 0/252kB(lfb 252kB) CPU [6%@921,8%@921,off,off] EMC_FREQ 0%@1600 GR3D_FREQ 0%@614 APE 25 PLL@30C CPU@32C iwlwifi@32C PMIC@50C GPU@30C AO@41C thermal@30.75C POM_5V_IN 2297/2204 POM_5V_GPU 82/115 POM_5V_CPU 614/563
RAM 1344/3964MB (lfb 8x4MB) SWAP 817/6078MB (cached 24MB) IRAM 0/252kB(lfb 252kB) CPU [8%@921,6%@921,off,off] EMC_FREQ 0%@1600 GR3D_FREQ 0%@614 APE 25 PLL@30C CPU@31.5C iwlwifi@32C PMIC@50C GPU@30C AO@41C thermal@30.75C POM_5V_IN 2252/2204 POM_5V_GPU 81/114 POM_5V_CPU 572/563
RAM 1339/3964MB (lfb 8x4MB) SWAP 817/6078MB (cached 24MB) IRAM 0/252kB(lfb 252kB) CPU [7%@921,7%@921,off,off] EMC_FREQ 0%@1600 GR3D_FREQ 0%@614 APE 25 PLL@30C CPU@31.5C iwlwifi@32C PMIC@50C GPU@30C AO@40.5C thermal@30.75C POM_5V_IN 1892/2203 POM_5V_GPU 82/114 POM_5V_CPU 329/562
RAM 1343/3964MB (lfb 8x4MB) SWAP 817/6078MB (cached 24MB) IRAM 0/252kB(lfb 252kB) CPU [7%@921,7%@921,off,off] EMC_FREQ 0%@1600 GR3D_FREQ 0%@614 APE 25 PLL@30C CPU@31.5C iwlwifi@32C PMIC@50C GPU@30C AO@41C thermal@30.75C POM_5V_IN 1731/2202 POM_5V_GPU 82/114 POM_5V_CPU 164/561
RAM 1343/3964MB (lfb 8x4MB) SWAP 817/6078MB (cached 24MB) IRAM 0/252kB(lfb 252kB) CPU [6%@921,8%@921,off,off] EMC_FREQ 0%@1600 GR3D_FREQ 0%@614 APE 25 PLL@29.5C CPU@31.5C iwlwifi@32C PMIC@50C GPU@30C AO@41C thermal@30.75C POM_5V_IN 1689/2200 POM_5V_GPU 82/114 POM_5V_CPU 164/560
RAM 1339/3964MB (lfb 8x4MB) SWAP 817/6078MB (cached 24MB) IRAM 0/252kB(lfb 252kB) CPU [9%@921,4%@921,off,off] EMC_FREQ 0%@1600 GR3D_FREQ 0%@614 APE 25 PLL@30C CPU@31.5C iwlwifi@32C PMIC@50C GPU@29.5C AO@40.5C thermal@30.75C POM_5V_IN 1689/2199 POM_5V_GPU 82/114 POM_5V_CPU 164/559
RAM 1331/3964MB (lfb 8x4MB) SWAP 817/6078MB (cached 24MB) IRAM 0/252kB(lfb 252kB) CPU [5%@921,4%@921,off,off] EMC_FREQ 0%@1600 GR3D_FREQ 0%@614 APE 25 PLL@29.5C CPU@31.5C iwlwifi@32C PMIC@50C GPU@30C AO@40.5C thermal@30.5C POM_5V_IN 1728/2198 POM_5V_GPU 82/114 POM_5V_CPU 164/558
RAM 1341/3964MB (lfb 8x4MB) SWAP 817/6078MB (cached 24MB) IRAM 0/252kB(lfb 252kB) CPU [10%@921,8%@921,off,off] EMC_FREQ 0%@1600 GR3D_FREQ 0%@614 APE 25 PLL@30C CPU@31.5C iwlwifi@32C PMIC@50C GPU@29.5C AO@40.5C thermal@30.5C POM_5V_IN 2095/2197 POM_5V_GPU 82/114 POM_5V_CPU 492/558
RAM 1336/3964MB (lfb 8x4MB) SWAP 817/6078MB (cached 24MB) IRAM 0/252kB(lfb 252kB) CPU [6%@921,5%@921,off,off] EMC_FREQ 0%@1600 GR3D_FREQ 0%@614 APE 25 PLL@29.5C CPU@31.5C iwlwifi@32C PMIC@50C GPU@30C AO@41C thermal@30.75C POM_5V_IN 1689/2196 POM_5V_GPU 82/114 POM_5V_CPU 123/557
RAM 1338/3964MB (lfb 8x4MB) SWAP 817/6078MB (cached 24MB) IRAM 0/252kB(lfb 252kB) CPU [7%@921,7%@921,off,off] EMC_FREQ 0%@1600 GR3D_FREQ 0%@614 APE 25 PLL@29.5C CPU@31.5C iwlwifi@32C PMIC@50C GPU@30C AO@41C thermal@30.5C POM_5V_IN 2136/2196 POM_5V_GPU 82/114 POM_5V_CPU 533/557
RAM 1339/3964MB (lfb 8x4MB) SWAP 817/6078MB (cached 24MB) IRAM 0/252kB(lfb 252kB) CPU [8%@921,6%@921,off,off] EMC_FREQ 0%@1600 GR3D_FREQ 0%@614 APE 25 PLL@29.5C CPU@31.5C iwlwifi@32C PMIC@50C GPU@30C AO@41C thermal@30.75C POM_5V_IN 2133/2196 POM_5V_GPU 82/114 POM_5V_CPU 574/557
RAM 1344/3964MB (lfb 8x4MB) SWAP 816/6078MB (cached 24MB) IRAM 0/252kB(lfb 252kB) CPU [9%@921,5%@921,off,off] EMC_FREQ 0%@1600 GR3D_FREQ 0%@614 APE 25 PLL@29.5C CPU@31.5C iwlwifi@32C PMIC@50C GPU@29.5C AO@41C thermal@30.75C POM_5V_IN 2174/2196 POM_5V_GPU 82/114 POM_5V_CPU 533/557
RAM 1347/3964MB (lfb 8x4MB) SWAP 816/6078MB (cached 24MB) IRAM 0/252kB(lfb 252kB) CPU [6%@921,8%@921,off,off] EMC_FREQ 0%@1600 GR3D_FREQ 0%@614 APE 25 PLL@29.5C CPU@32C iwlwifi@32C PMIC@50C GPU@30C AO@41C thermal@30.75C POM_5V_IN 2297/2196 POM_5V_GPU 82/113 POM_5V_CPU 573/557
RAM 1343/3964MB (lfb 8x4MB) SWAP 816/6078MB (cached 24MB) IRAM 0/252kB(lfb 252kB) CPU [7%@921,7%@921,off,off] EMC_FREQ 0%@1600 GR3D_FREQ 0%@614 APE 25 PLL@29.5C CPU@31.5C iwlwifi@32C PMIC@50C GPU@30C AO@41C thermal@30.75C POM_5V_IN 1851/2195 POM_5V_GPU 82/113 POM_5V_CPU 288/556
RAM 1343/3964MB (lfb 8x4MB) SWAP 816/6078MB (cached 24MB) IRAM 0/252kB(lfb 252kB) CPU [7%@921,6%@921,off,off] EMC_FREQ 0%@1600 GR3D_FREQ 0%@614 APE 25 PLL@30C CPU@31.5C iwlwifi@32C PMIC@50C GPU@30C AO@40.5C thermal@30.5C POM_5V_IN 1772/2194 POM_5V_GPU 82/113 POM_5V_CPU 206/555
RAM 1343/3964MB (lfb 8x4MB) SWAP 816/6078MB (cached 24MB) IRAM 0/252kB(lfb 252kB) CPU [7%@921,7%@921,off,off] EMC_FREQ 0%@1600 GR3D_FREQ 0%@614 APE 25 PLL@29.5C CPU@31.5C iwlwifi@32C PMIC@50C GPU@29.5C AO@40.5C thermal@30.5C POM_5V_IN 1689/2192 POM_5V_GPU 82/113 POM_5V_CPU 164/554
RAM 1339/3964MB (lfb 8x4MB) SWAP 816/6078MB (cached 24MB) IRAM 0/252kB(lfb 252kB) CPU [7%@921,7%@921,off,off] EMC_FREQ 0%@1600 GR3D_FREQ 0%@614 APE 25 PLL@29.5C CPU@31C iwlwifi@32C PMIC@50C GPU@29.5C AO@40.5C thermal@30.75C POM_5V_IN 1689/2191 POM_5V_GPU 82/113 POM_5V_CPU 164/553
RAM 1341/3964MB (lfb 8x4MB) SWAP 816/6078MB (cached 24MB) IRAM 0/252kB(lfb 252kB) CPU [8%@921,5%@921,off,off] EMC_FREQ 0%@1600 GR3D_FREQ 0%@614 APE 25 PLL@29.5C CPU@31.5C iwlwifi@32C PMIC@50C GPU@29.5C AO@41C thermal@30.75C POM_5V_IN 1689/2190 POM_5V_GPU 82/113 POM_5V_CPU 164/552
RAM 1335/3964MB (lfb 8x4MB) SWAP 816/6078MB (cached 24MB) IRAM 0/252kB(lfb 252kB) CPU [5%@921,5%@921,off,off] EMC_FREQ 0%@1600 GR3D_FREQ 0%@614 APE 25 PLL@29.5C CPU@31.5C iwlwifi@32C PMIC@50C GPU@30C AO@41C thermal@30.75C POM_5V_IN 1689/2188 POM_5V_GPU 82/113 POM_5V_CPU 123/551
RAM 1344/3964MB (lfb 8x4MB) SWAP 816/6078MB (cached 24MB) IRAM 0/252kB(lfb 252kB) CPU [9%@921,9%@921,off,off] EMC_FREQ 0%@1600 GR3D_FREQ 0%@614 APE 25 PLL@29.5C CPU@31.5C iwlwifi@32C PMIC@50C GPU@30C AO@40.5C thermal@30.75C POM_5V_IN 2136/2188 POM_5V_GPU 82/113 POM_5V_CPU 533/551
RAM 1339/3964MB (lfb 8x4MB) SWAP 816/6078MB (cached 24MB) IRAM 0/252kB(lfb 252kB) CPU [5%@921,5%@921,off,off] EMC_FREQ 0%@1600 GR3D_FREQ 0%@614 APE 25 PLL@29.5C CPU@31.5C iwlwifi@32C PMIC@50C GPU@29.5C AO@41C thermal@30.5C POM_5V_IN 1689/2187 POM_5V_GPU 82/113 POM_5V_CPU 164/550
RAM 1339/3964MB (lfb 8x4MB) SWAP 816/6078MB (cached 24MB) IRAM 0/252kB(lfb 252kB) CPU [6%@921,8%@921,off,off] EMC_FREQ 0%@1600 GR3D_FREQ 0%@614 APE 25 PLL@29.5C CPU@32C iwlwifi@32C PMIC@50C GPU@30C AO@41C thermal@30.5C POM_5V_IN 2133/2187 POM_5V_GPU 82/113 POM_5V_CPU 533/549
RAM 1341/3964MB (lfb 8x4MB) SWAP 816/6078MB (cached 24MB) IRAM 0/252kB(lfb 252kB) CPU [8%@921,6%@921,off,off] EMC_FREQ 0%@1600 GR3D_FREQ 0%@614 APE 25 PLL@30C CPU@31C iwlwifi@32C PMIC@50C GPU@29.5C AO@41C thermal@30.25C POM_5V_IN 2174/2187 POM_5V_GPU 82/113 POM_5V_CPU 492/549
RAM 1342/3964MB (lfb 8x4MB) SWAP 816/6078MB (cached 24MB) IRAM 0/252kB(lfb 252kB) CPU [7%@921,6%@921,off,off] EMC_FREQ 0%@1600 GR3D_FREQ 0%@614 APE 25 PLL@29.5C CPU@31.5C iwlwifi@32C PMIC@50C GPU@30C AO@41C thermal@30.5C POM_5V_IN 2334/2187 POM_5V_GPU 81/113 POM_5V_CPU 573/549
RAM 1346/3964MB (lfb 8x4MB) SWAP 816/6078MB (cached 24MB) IRAM 0/252kB(lfb 252kB) CPU [9%@921,5%@921,off,off] EMC_FREQ 0%@1600 GR3D_FREQ 0%@614 APE 25 PLL@29.5C CPU@31.5C iwlwifi@32C PMIC@50C GPU@29.5C AO@41C thermal@30.5C POM_5V_IN 2256/2187 POM_5V_GPU 82/112 POM_5V_CPU 573/549
RAM 1343/3964MB (lfb 8x4MB) SWAP 816/6078MB (cached 24MB) IRAM 0/252kB(lfb 252kB) CPU [8%@921,7%@921,off,off] EMC_FREQ 0%@1600 GR3D_FREQ 0%@614 APE 25 PLL@29.5C CPU@32C iwlwifi@32C PMIC@50C GPU@30C AO@41C thermal@30.5C POM_5V_IN 2293/2187 POM_5V_GPU 81/112 POM_5V_CPU 614/550
RAM 1339/3964MB (lfb 8x4MB) SWAP 816/6078MB (cached 24MB) IRAM 0/252kB(lfb 252kB) CPU [7%@921,7%@921,off,off] EMC_FREQ 0%@1600 GR3D_FREQ 0%@614 APE 25 PLL@29.5C CPU@31.5C iwlwifi@32C PMIC@50C GPU@30C AO@40.5C thermal@30.5C POM_5V_IN 1851/2187 POM_5V_GPU 82/112 POM_5V_CPU 246/549
RAM 1343/3964MB (lfb 8x4MB) SWAP 816/6078MB (cached 24MB) IRAM 0/252kB(lfb 252kB) CPU [8%@921,6%@921,off,off] EMC_FREQ 0%@1600 GR3D_FREQ 0%@614 APE 25 PLL@29.5C CPU@31.5C iwlwifi@33C PMIC@50C GPU@30C AO@40.5C thermal@30.5C POM_5V_IN 1689/2185 POM_5V_GPU 82/112 POM_5V_CPU 164/548
RAM 1341/3964MB (lfb 8x4MB) SWAP 816/6078MB (cached 24MB) IRAM 0/252kB(lfb 252kB) CPU [5%@921,9%@921,off,off] EMC_FREQ 0%@1600 GR3D_FREQ 0%@614 APE 25 PLL@29.5C CPU@32C iwlwifi@32C PMIC@50C GPU@30C AO@40.5C thermal@30.75C POM_5V_IN 1689/2184 POM_5V_GPU 82/112 POM_5V_CPU 123/547
RAM 1341/3964MB (lfb 8x4MB) SWAP 816/6078MB (cached 24MB) IRAM 0/252kB(lfb 252kB) CPU [7%@921,7%@921,off,off] EMC_FREQ 0%@1600 GR3D_FREQ 0%@614 APE 25 PLL@29.5C CPU@31.5C iwlwifi@32C PMIC@50C GPU@30C AO@41C thermal@31C POM_5V_IN 1731/2183 POM_5V_GPU 82/112 POM_5V_CPU 164/546
RAM 1343/3964MB (lfb 8x4MB) SWAP 816/6078MB (cached 24MB) IRAM 0/252kB(lfb 252kB) CPU [9%@921,5%@921,off,off] EMC_FREQ 0%@1600 GR3D_FREQ 0%@614 APE 25 PLL@29.5C CPU@32C iwlwifi@32C PMIC@50C GPU@29.5C AO@40.5C thermal@30.5C POM_5V_IN 1689/2182 POM_5V_GPU 82/112 POM_5V_CPU 164/545
RAM 1339/3964MB (lfb 8x4MB) SWAP 816/6078MB (cached 24MB) IRAM 0/252kB(lfb 252kB) CPU [9%@921,4%@921,off,off] EMC_FREQ 0%@1600 GR3D_FREQ 0%@614 APE 25 PLL@29.5C CPU@31.5C iwlwifi@32C PMIC@50C GPU@30C AO@41C thermal@30.5C POM_5V_IN 1689/2180 POM_5V_GPU 82/112 POM_5V_CPU 164/544
RAM 1339/3964MB (lfb 8x4MB) SWAP 816/6078MB (cached 24MB) IRAM 0/252kB(lfb 252kB) CPU [6%@921,8%@921,off,off] EMC_FREQ 0%@1600 GR3D_FREQ 0%@614 APE 25 PLL@29.5C CPU@31.5C iwlwifi@32C PMIC@50C GPU@29.5C AO@40.5C thermal@30.5C POM_5V_IN 1689/2179 POM_5V_GPU 82/112 POM_5V_CPU 164/543
RAM 1343/3964MB (lfb 8x4MB) SWAP 816/6078MB (cached 24MB) IRAM 0/252kB(lfb 252kB) CPU [7%@921,7%@921,off,off] EMC_FREQ 0%@1600 GR3D_FREQ 0%@614 APE 25 PLL@29.5C CPU@31.5C iwlwifi@32C PMIC@50C GPU@29.5C AO@40.5C thermal@30.5C POM_5V_IN 1689/2178 POM_5V_GPU 82/112 POM_5V_CPU 164/542
RAM 1345/3964MB (lfb 8x4MB) SWAP 816/6078MB (cached 24MB) IRAM 0/252kB(lfb 252kB) CPU [9%@921,4%@921,off,off] EMC_FREQ 0%@1600 GR3D_FREQ 0%@614 APE 25 PLL@29C CPU@31.5C iwlwifi@32C PMIC@50C GPU@30C AO@41C thermal@30.75C POM_5V_IN 1689/2176 POM_5V_GPU 82/112 POM_5V_CPU 164/541
RAM 1337/3964MB (lfb 8x4MB) SWAP 816/6078MB (cached 24MB) IRAM 0/252kB(lfb 252kB) CPU [6%@921,5%@921,off,off] EMC_FREQ 0%@1600 GR3D_FREQ 0%@614 APE 25 PLL@29C CPU@31.5C iwlwifi@32C PMIC@50C GPU@30C AO@41C thermal@30.5C POM_5V_IN 1689/2175 POM_5V_GPU 82/112 POM_5V_CPU 164/540
RAM 1339/3964MB (lfb 8x4MB) SWAP 816/6078MB (cached 24MB) IRAM 0/252kB(lfb 252kB) CPU [7%@921,7%@921,off,off] EMC_FREQ 0%@1600 GR3D_FREQ 0%@614 APE 25 PLL@29.5C CPU@31.5C iwlwifi@32C PMIC@50C GPU@30C AO@41C thermal@30.75C POM_5V_IN 2133/2175 POM_5V_GPU 82/112 POM_5V_CPU 533/540
RAM 1339/3964MB (lfb 8x4MB) SWAP 816/6078MB (cached 24MB) IRAM 0/252kB(lfb 252kB) CPU [8%@921,5%@921,off,off] EMC_FREQ 0%@1600 GR3D_FREQ 0%@614 APE 25 PLL@29.5C CPU@31.5C iwlwifi@32C PMIC@50C GPU@29.5C AO@41C thermal@30.75C POM_5V_IN 2174/2175 POM_5V_GPU 82/111 POM_5V_CPU 574/540
RAM 1342/3964MB (lfb 8x4MB) SWAP 816/6078MB (cached 25MB) IRAM 0/252kB(lfb 252kB) CPU [8%@921,7%@921,off,off] EMC_FREQ 0%@1600 GR3D_FREQ 0%@614 APE 25 PLL@29.5C CPU@31.5C iwlwifi@32C PMIC@50C GPU@30C AO@41C thermal@30.5C POM_5V_IN 2215/2175 POM_5V_GPU 82/111 POM_5V_CPU 574/540
RAM 1344/3964MB (lfb 8x4MB) SWAP 816/6078MB (cached 25MB) IRAM 0/252kB(lfb 252kB) CPU [6%@921,8%@921,off,off] EMC_FREQ 0%@1600 GR3D_FREQ 0%@614 APE 25 PLL@29.5C CPU@32C iwlwifi@32C PMIC@50C GPU@30C AO@41C thermal@30.75C POM_5V_IN 2256/2175 POM_5V_GPU 82/111 POM_5V_CPU 614/540
RAM 1340/3964MB (lfb 8x4MB) SWAP 816/6078MB (cached 25MB) IRAM 0/252kB(lfb 252kB) CPU [7%@921,7%@921,off,off] EMC_FREQ 0%@1600 GR3D_FREQ 0%@614 APE 25 PLL@29.5C CPU@31.5C iwlwifi@32C PMIC@50C GPU@30C AO@41C thermal@30.75C POM_5V_IN 1813/2174 POM_5V_GPU 82/111 POM_5V_CPU 246/539
RAM 1340/3964MB (lfb 8x4MB) SWAP 816/6078MB (cached 25MB) IRAM 0/252kB(lfb 252kB) CPU [7%@921,6%@921,off,off] EMC_FREQ 0%@1600 GR3D_FREQ 0%@614 APE 25 PLL@29.5C CPU@31C iwlwifi@32C PMIC@50C GPU@30C AO@41C thermal@30.75C POM_5V_IN 1731/2173 POM_5V_GPU 82/111 POM_5V_CPU 164/538
RAM 1344/3964MB (lfb 8x4MB) SWAP 816/6078MB (cached 25MB) IRAM 0/252kB(lfb 252kB) CPU [6%@921,8%@921,off,off] EMC_FREQ 0%@1600 GR3D_FREQ 0%@614 APE 25 PLL@29.5C CPU@31.5C iwlwifi@32C PMIC@50C GPU@30C AO@40.5C thermal@30.75C POM_5V_IN 1687/2172 POM_5V_GPU 82/111 POM_5V_CPU 164/538
RAM 1355/3964MB (lfb 8x4MB) SWAP 816/6078MB (cached 25MB) IRAM 0/252kB(lfb 252kB) CPU [6%@921,8%@921,off,off] EMC_FREQ 0%@1600 GR3D_FREQ 0%@614 APE 25 PLL@29.5C CPU@31.5C iwlwifi@32C PMIC@50C GPU@30C AO@40.5C thermal@30.75C POM_5V_IN 1689/2171 POM_5V_GPU 82/111 POM_5V_CPU 164/537
RAM 1342/3964MB (lfb 8x4MB) SWAP 816/6078MB (cached 25MB) IRAM 0/252kB(lfb 252kB) CPU [5%@921,9%@921,off,off] EMC_FREQ 0%@1600 GR3D_FREQ 0%@614 APE 25 PLL@29.5C CPU@31.5C iwlwifi@32C PMIC@50C GPU@29.5C AO@40.5C thermal@30.75C POM_5V_IN 1689/2170 POM_5V_GPU 82/111 POM_5V_CPU 164/536
RAM 1335/3964MB (lfb 8x4MB) SWAP 816/6078MB (cached 25MB) IRAM 0/252kB(lfb 252kB) CPU [6%@921,4%@921,off,off] EMC_FREQ 0%@1600 GR3D_FREQ 0%@614 APE 25 PLL@29C CPU@31.5C iwlwifi@32C PMIC@50C GPU@29.5C AO@40.5C thermal@30.5C POM_5V_IN 1731/2169 POM_5V_GPU 82/111 POM_5V_CPU 164/535
RAM 1342/3964MB (lfb 8x4MB) SWAP 816/6078MB (cached 25MB) IRAM 0/252kB(lfb 252kB) CPU [8%@921,9%@921,off,off] EMC_FREQ 0%@1600 GR3D_FREQ 0%@614 APE 25 PLL@29.5C CPU@31.5C iwlwifi@32C PMIC@50C GPU@29.5C AO@40.5C thermal@30.25C POM_5V_IN 2133/2168 POM_5V_GPU 82/111 POM_5V_CPU 533/535
RAM 1337/3964MB (lfb 8x4MB) SWAP 816/6078MB (cached 25MB) IRAM 0/252kB(lfb 252kB) CPU [3%@921,8%@921,off,off] EMC_FREQ 0%@1600 GR3D_FREQ 0%@614 APE 25 PLL@29.5C CPU@31.5C iwlwifi@32C PMIC@50C GPU@30C AO@40.5C thermal@30.75C POM_5V_IN 1689/2167 POM_5V_GPU 82/111 POM_5V_CPU 164/534
RAM 1338/3964MB (lfb 8x4MB) SWAP 816/6078MB (cached 25MB) IRAM 0/252kB(lfb 252kB) CPU [8%@921,6%@921,off,off] EMC_FREQ 0%@1600 GR3D_FREQ 0%@614 APE 25 PLL@29.5C CPU@31.5C iwlwifi@32C PMIC@50C GPU@29.5C AO@40.5C thermal@30.75C POM_5V_IN 2136/2167 POM_5V_GPU 82/111 POM_5V_CPU 533/534
RAM 1343/3964MB (lfb 8x4MB) SWAP 816/6078MB (cached 25MB) IRAM 0/252kB(lfb 252kB) CPU [7%@921,8%@921,off,off] EMC_FREQ 0%@1600 GR3D_FREQ 0%@614 APE 25 PLL@29C CPU@31.5C iwlwifi@32C PMIC@50C GPU@29.5C AO@40.5C thermal@30.5C POM_5V_IN 2293/2168 POM_5V_GPU 81/111 POM_5V_CPU 532/534
RAM 1345/3964MB (lfb 8x4MB) SWAP 816/6078MB (cached 25MB) IRAM 0/252kB(lfb 252kB) CPU [6%@921,7%@921,off,off] EMC_FREQ 0%@1600 GR3D_FREQ 0%@614 APE 25 PLL@29.5C CPU@31.5C iwlwifi@32C PMIC@50C GPU@30C AO@40.5C thermal@30.25C POM_5V_IN 2256/2168 POM_5V_GPU 82/110 POM_5V_CPU 573/534
RAM 1342/3964MB (lfb 8x4MB) SWAP 816/6078MB (cached 25MB) IRAM 0/252kB(lfb 252kB) CPU [7%@921,6%@921,off,off] EMC_FREQ 0%@1600 GR3D_FREQ 0%@614 APE 25 PLL@29.5C CPU@32C iwlwifi@32C PMIC@50C GPU@29.5C AO@40.5C thermal@30.5C POM_5V_IN 2054/2167 POM_5V_GPU 82/110 POM_5V_CPU 410/534
RAM 1344/3964MB (lfb 8x4MB) SWAP 816/6078MB (cached 25MB) IRAM 0/252kB(lfb 252kB) CPU [8%@921,6%@921,off,off] EMC_FREQ 0%@1600 GR3D_FREQ 0%@614 APE 25 PLL@29.5C CPU@31.5C iwlwifi@32C PMIC@50C GPU@30C AO@40.5C thermal@30.75C POM_5V_IN 2293/2168 POM_5V_GPU 81/110 POM_5V_CPU 613/534
RAM 1344/3964MB (lfb 8x4MB) SWAP 816/6078MB (cached 25MB) IRAM 0/252kB(lfb 252kB) CPU [9%@921,5%@921,off,off] EMC_FREQ 0%@1600 GR3D_FREQ 0%@614 APE 25 PLL@29.5C CPU@31.5C iwlwifi@32C PMIC@50C GPU@29.5C AO@40.5C thermal@31C POM_5V_IN 1731/2167 POM_5V_GPU 82/110 POM_5V_CPU 164/533
RAM 1340/3964MB (lfb 8x4MB) SWAP 816/6078MB (cached 25MB) IRAM 0/252kB(lfb 252kB) CPU [5%@921,9%@921,off,off] EMC_FREQ 0%@1600 GR3D_FREQ 0%@614 APE 25 PLL@29.5C CPU@31.5C iwlwifi@32C PMIC@50C GPU@29.5C AO@40.5C thermal@30.75C POM_5V_IN 1689/2166 POM_5V_GPU 82/110 POM_5V_CPU 164/532
RAM 1344/3964MB (lfb 8x4MB) SWAP 816/6078MB (cached 25MB) IRAM 0/252kB(lfb 252kB) CPU [7%@921,7%@921,off,off] EMC_FREQ 0%@1600 GR3D_FREQ 0%@614 APE 25 PLL@29.5C CPU@31.5C iwlwifi@32C PMIC@50C GPU@29.5C AO@40.5C thermal@30.5C POM_5V_IN 1731/2164 POM_5V_GPU 82/110 POM_5V_CPU 164/531
RAM 1344/3964MB (lfb 8x4MB) SWAP 816/6078MB (cached 25MB) IRAM 0/252kB(lfb 252kB) CPU [7%@921,6%@921,off,off] EMC_FREQ 0%@1600 GR3D_FREQ 0%@614 APE 25 PLL@29.5C CPU@31C iwlwifi@32C PMIC@50C GPU@30C AO@40.5C thermal@30.75C POM_5V_IN 1689/2163 POM_5V_GPU 82/110 POM_5V_CPU 164/530
RAM 1344/3964MB (lfb 8x4MB) SWAP 816/6078MB (cached 25MB) IRAM 0/252kB(lfb 252kB) CPU [6%@921,8%@921,off,off] EMC_FREQ 0%@1600 GR3D_FREQ 0%@614 APE 25 PLL@29.5C CPU@31.5C iwlwifi@32C PMIC@50C GPU@29.5C AO@40.5C thermal@30.5C POM_5V_IN 1689/2162 POM_5V_GPU 82/110 POM_5V_CPU 164/529
RAM 1339/3964MB (lfb 8x4MB) SWAP 816/6078MB (cached 25MB) IRAM 0/252kB(lfb 252kB) CPU [6%@921,4%@921,off,off] EMC_FREQ 0%@1600 GR3D_FREQ 0%@614 APE 25 PLL@29.5C CPU@31C iwlwifi@32C PMIC@50C GPU@29.5C AO@40.5C thermal@30.75C POM_5V_IN 1689/2161 POM_5V_GPU 82/110 POM_5V_CPU 164/528
RAM 1340/3964MB (lfb 8x4MB) SWAP 816/6078MB (cached 25MB) IRAM 0/252kB(lfb 252kB) CPU [7%@921,10%@921,off,off] EMC_FREQ 0%@1600 GR3D_FREQ 0%@614 APE 25 PLL@29.5C CPU@31.5C iwlwifi@32C PMIC@50C GPU@29.5C AO@41C thermal@30.75C POM_5V_IN 2133/2161 POM_5V_GPU 82/110 POM_5V_CPU 533/528
RAM 1342/3964MB (lfb 8x4MB) SWAP 816/6078MB (cached 25MB) IRAM 0/252kB(lfb 252kB) CPU [10%@921,5%@921,off,off] EMC_FREQ 0%@1600 GR3D_FREQ 0%@614 APE 25 PLL@29.5C CPU@31.5C iwlwifi@32C PMIC@50C GPU@29.5C AO@40.5C thermal@30.5C POM_5V_IN 1731/2160 POM_5V_GPU 82/110 POM_5V_CPU 164/527
RAM 1336/3964MB (lfb 8x4MB) SWAP 816/6078MB (cached 25MB) IRAM 0/252kB(lfb 252kB) CPU [4%@921,6%@921,off,off] EMC_FREQ 0%@1600 GR3D_FREQ 0%@614 APE 25 PLL@29.5C CPU@31.5C iwlwifi@32C PMIC@50C GPU@30C AO@41C thermal@30.5C POM_5V_IN 1731/2159 POM_5V_GPU 82/110 POM_5V_CPU 164/527
RAM 1345/3964MB (lfb 8x4MB) SWAP 816/6078MB (cached 25MB) IRAM 0/252kB(lfb 252kB) CPU [8%@921,9%@921,off,off] EMC_FREQ 0%@1600 GR3D_FREQ 0%@614 APE 25 PLL@30C CPU@31.5C iwlwifi@32C PMIC@50C GPU@30C AO@41C thermal@30.5C POM_5V_IN 2133/2159 POM_5V_GPU 82/110 POM_5V_CPU 533/527
RAM 1338/3964MB (lfb 8x4MB) SWAP 816/6078MB (cached 25MB) IRAM 0/252kB(lfb 252kB) CPU [8%@921,3%@921,off,off] EMC_FREQ 0%@1600 GR3D_FREQ 0%@614 APE 25 PLL@29.5C CPU@31.5C iwlwifi@32C PMIC@50C GPU@30C AO@41.5C thermal@30.75C POM_5V_IN 1689/2158 POM_5V_GPU 82/110 POM_5V_CPU 164/526
RAM 1341/3964MB (lfb 8x4MB) SWAP 816/6078MB (cached 25MB) IRAM 0/252kB(lfb 252kB) CPU [9%@921,5%@921,off,off] EMC_FREQ 0%@1600 GR3D_FREQ 0%@614 APE 25 PLL@30C CPU@31.5C iwlwifi@32C PMIC@50C GPU@30C AO@41C thermal@30.75C POM_5V_IN 2174/2158 POM_5V_GPU 82/109 POM_5V_CPU 574/526
RAM 1346/3964MB (lfb 8x4MB) SWAP 816/6078MB (cached 25MB) IRAM 0/252kB(lfb 252kB) CPU [8%@921,6%@921,off,off] EMC_FREQ 0%@1600 GR3D_FREQ 0%@614 APE 25 PLL@30C CPU@31.5C iwlwifi@32C PMIC@50C GPU@30C AO@41C thermal@30.5C POM_5V_IN 2293/2158 POM_5V_GPU 81/109 POM_5V_CPU 614/526
RAM 1341/3964MB (lfb 8x4MB) SWAP 816/6078MB (cached 25MB) IRAM 0/252kB(lfb 252kB) CPU [8%@921,6%@921,off,off] EMC_FREQ 0%@1600 GR3D_FREQ 0%@614 APE 25 PLL@30C CPU@31.5C iwlwifi@32C PMIC@50C GPU@30C AO@40.5C thermal@30.75C POM_5V_IN 2013/2158 POM_5V_GPU 82/109 POM_5V_CPU 369/526
RAM 1346/3964MB (lfb 8x4MB) SWAP 816/6078MB (cached 25MB) IRAM 0/252kB(lfb 252kB) CPU [5%@921,8%@921,off,off] EMC_FREQ 0%@1600 GR3D_FREQ 0%@614 APE 25 PLL@30C CPU@31.5C iwlwifi@32C PMIC@50C GPU@30C AO@41C thermal@30.75C POM_5V_IN 1772/2157 POM_5V_GPU 82/109 POM_5V_CPU 206/525
RAM 1345/3964MB (lfb 8x4MB) SWAP 816/6078MB (cached 25MB) IRAM 0/252kB(lfb 252kB) CPU [5%@921,9%@921,off,off] EMC_FREQ 0%@1600 GR3D_FREQ 0%@614 APE 25 PLL@29.5C CPU@31.5C iwlwifi@32C PMIC@50C GPU@30C AO@41C thermal@30.75C POM_5V_IN 2054/2156 POM_5V_GPU 82/109 POM_5V_CPU 410/525
RAM 1345/3964MB (lfb 8x4MB) SWAP 816/6078MB (cached 25MB) IRAM 0/252kB(lfb 252kB) CPU [8%@921,5%@921,off,off] EMC_FREQ 0%@1600 GR3D_FREQ 0%@614 APE 25 PLL@29.5C CPU@31.5C iwlwifi@32C PMIC@50C GPU@30C AO@41C thermal@30.5C POM_5V_IN 1892/2156 POM_5V_GPU 82/109 POM_5V_CPU 288/524
RAM 1348/3964MB (lfb 8x4MB) SWAP 816/6078MB (cached 25MB) IRAM 0/252kB(lfb 252kB) CPU [8%@921,5%@921,off,off] EMC_FREQ 0%@1600 GR3D_FREQ 0%@614 APE 25 PLL@29.5C CPU@31.5C iwlwifi@32C PMIC@50C GPU@30C AO@41C thermal@30.5C POM_5V_IN 1851/2155 POM_5V_GPU 82/109 POM_5V_CPU 246/523
RAM 1341/3964MB (lfb 8x4MB) SWAP 816/6078MB (cached 25MB) IRAM 0/252kB(lfb 252kB) CPU [7%@921,7%@921,off,off] EMC_FREQ 0%@1600 GR3D_FREQ 0%@614 APE 25 PLL@29.5C CPU@31.5C iwlwifi@32C PMIC@50C GPU@30C AO@40.5C thermal@30.75C POM_5V_IN 2095/2155 POM_5V_GPU 82/109 POM_5V_CPU 492/523
RAM 1343/3964MB (lfb 8x4MB) SWAP 815/6078MB (cached 25MB) IRAM 0/252kB(lfb 252kB) CPU [6%@921,8%@921,off,off] EMC_FREQ 0%@1600 GR3D_FREQ 0%@614 APE 25 PLL@29.5C CPU@31.5C iwlwifi@32C PMIC@50C GPU@30C AO@40C thermal@30.75C POM_5V_IN 1731/2154 POM_5V_GPU 82/109 POM_5V_CPU 164/523
RAM 1343/3964MB (lfb 8x4MB) SWAP 815/6078MB (cached 25MB) IRAM 0/252kB(lfb 252kB) CPU [5%@921,8%@921,off,off] EMC_FREQ 0%@1600 GR3D_FREQ 0%@614 APE 25 PLL@29.5C CPU@31C iwlwifi@32C PMIC@50C GPU@29.5C AO@40.5C thermal@30.75C POM_5V_IN 1731/2153 POM_5V_GPU 82/109 POM_5V_CPU 164/522
RAM 1343/3964MB (lfb 8x4MB) SWAP 815/6078MB (cached 25MB) IRAM 0/252kB(lfb 252kB) CPU [6%@921,7%@921,off,off] EMC_FREQ 0%@1600 GR3D_FREQ 0%@614 APE 25 PLL@29.5C CPU@31.5C iwlwifi@32C PMIC@50C GPU@29.5C AO@41C thermal@30.75C POM_5V_IN 1689/2152 POM_5V_GPU 82/109 POM_5V_CPU 164/521
RAM 1333/3964MB (lfb 8x4MB) SWAP 815/6078MB (cached 25MB) IRAM 0/252kB(lfb 252kB) CPU [6%@921,4%@921,off,off] EMC_FREQ 0%@1600 GR3D_FREQ 0%@614 APE 25 PLL@29.5C CPU@31.5C iwlwifi@32C PMIC@50C GPU@29.5C AO@40.5C thermal@30.5C POM_5V_IN 1689/2151 POM_5V_GPU 82/109 POM_5V_CPU 123/520
RAM 1345/3964MB (lfb 8x4MB) SWAP 815/6078MB (cached 25MB) IRAM 0/252kB(lfb 252kB) CPU [11%@921,7%@921,off,off] EMC_FREQ 0%@1600 GR3D_FREQ 0%@614 APE 25 PLL@30C CPU@32C iwlwifi@32C PMIC@50C GPU@30C AO@40.5C thermal@30.75C POM_5V_IN 2095/2151 POM_5V_GPU 82/109 POM_5V_CPU 533/520
RAM 1338/3964MB (lfb 8x4MB) SWAP 815/6078MB (cached 25MB) IRAM 0/252kB(lfb 252kB) CPU [7%@921,4%@921,off,off] EMC_FREQ 0%@1600 GR3D_FREQ 0%@614 APE 25 PLL@29.5C CPU@31.5C iwlwifi@32C PMIC@50C GPU@29.5C AO@40.5C thermal@30.5C POM_5V_IN 1689/2150 POM_5V_GPU 82/109 POM_5V_CPU 164/519
RAM 1341/3964MB (lfb 8x4MB) SWAP 815/6078MB (cached 25MB) IRAM 0/252kB(lfb 252kB) CPU [6%@921,8%@921,off,off] EMC_FREQ 0%@1600 GR3D_FREQ 0%@614 APE 25 PLL@29.5C CPU@32C iwlwifi@32C PMIC@50C GPU@29.5C AO@41C thermal@30.5C POM_5V_IN 2133/2150 POM_5V_GPU 82/109 POM_5V_CPU 533/519
RAM 1344/3964MB (lfb 8x4MB) SWAP 815/6078MB (cached 25MB) IRAM 0/252kB(lfb 252kB) CPU [9%@921,6%@921,off,off] EMC_FREQ 0%@1600 GR3D_FREQ 0%@614 APE 25 PLL@29.5C CPU@31.5C iwlwifi@32C PMIC@50C GPU@29.5C AO@41C thermal@30.5C POM_5V_IN 2215/2150 POM_5V_GPU 82/109 POM_5V_CPU 492/519
RAM 1342/3964MB (lfb 8x4MB) SWAP 815/6078MB (cached 25MB) IRAM 0/252kB(lfb 252kB) CPU [8%@921,5%@921,off,off] EMC_FREQ 0%@1600 GR3D_FREQ 0%@614 APE 25 PLL@29.5C CPU@31.5C iwlwifi@32C PMIC@50C GPU@29.5C AO@41C thermal@30.75C POM_5V_IN 2293/2150 POM_5V_GPU 81/108 POM_5V_CPU 614/519
RAM 1345/3964MB (lfb 8x4MB) SWAP 815/6078MB (cached 25MB) IRAM 0/252kB(lfb 252kB) CPU [7%@921,8%@921,off,off] EMC_FREQ 0%@1600 GR3D_FREQ 0%@614 APE 25 PLL@29.5C CPU@31.5C iwlwifi@32C PMIC@50C GPU@29.5C AO@40.5C thermal@30.75C POM_5V_IN 2215/2150 POM_5V_GPU 82/108 POM_5V_CPU 574/519
RAM 1341/3964MB (lfb 8x4MB) SWAP 815/6078MB (cached 25MB) IRAM 0/252kB(lfb 252kB) CPU [10%@921,4%@921,off,off] EMC_FREQ 0%@1600 GR3D_FREQ 0%@614 APE 25 PLL@29.5C CPU@31.5C iwlwifi@32C PMIC@50C GPU@29.5C AO@40.5C thermal@30.75C POM_5V_IN 1934/2150 POM_5V_GPU 82/108 POM_5V_CPU 329/519
RAM 1341/3964MB (lfb 8x4MB) SWAP 815/6078MB (cached 25MB) IRAM 0/252kB(lfb 252kB) CPU [4%@921,9%@921,off,off] EMC_FREQ 0%@1600 GR3D_FREQ 0%@614 APE 25 PLL@29.5C CPU@31C iwlwifi@32C PMIC@50C GPU@30C AO@40.5C thermal@30.75C POM_5V_IN 1731/2149 POM_5V_GPU 82/108 POM_5V_CPU 164/518
RAM 1343/3964MB (lfb 8x4MB) SWAP 815/6078MB (cached 25MB) IRAM 0/252kB(lfb 252kB) CPU [6%@921,7%@921,off,off] EMC_FREQ 0%@1600 GR3D_FREQ 0%@614 APE 25 PLL@29C CPU@31C iwlwifi@32C PMIC@50C GPU@29.5C AO@40.5C thermal@30.5C POM_5V_IN 1689/2148 POM_5V_GPU 82/108 POM_5V_CPU 164/517
RAM 1343/3964MB (lfb 8x4MB) SWAP 815/6078MB (cached 25MB) IRAM 0/252kB(lfb 252kB) CPU [7%@921,7%@921,off,off] EMC_FREQ 0%@1600 GR3D_FREQ 0%@614 APE 25 PLL@29.5C CPU@31.5C iwlwifi@32C PMIC@50C GPU@30C AO@40.5C thermal@30.75C POM_5V_IN 1731/2147 POM_5V_GPU 82/108 POM_5V_CPU 164/517
RAM 1345/3964MB (lfb 8x4MB) SWAP 815/6078MB (cached 25MB) IRAM 0/252kB(lfb 252kB) CPU [8%@921,5%@921,off,off] EMC_FREQ 0%@1600 GR3D_FREQ 0%@614 APE 25 PLL@29.5C CPU@31.5C iwlwifi@32C PMIC@50C GPU@29.5C AO@40.5C thermal@30.75C POM_5V_IN 1689/2146 POM_5V_GPU 82/108 POM_5V_CPU 164/516
RAM 1336/3964MB (lfb 8x4MB) SWAP 815/6078MB (cached 25MB) IRAM 0/252kB(lfb 252kB) CPU [6%@921,4%@921,off,off] EMC_FREQ 0%@1600 GR3D_FREQ 0%@614 APE 25 PLL@29.5C CPU@32C iwlwifi@32C PMIC@50C GPU@29.5C AO@41C thermal@30.5C POM_5V_IN 1689/2145 POM_5V_GPU 82/108 POM_5V_CPU 164/515
RAM 1341/3964MB (lfb 8x4MB) SWAP 815/6078MB (cached 25MB) IRAM 0/252kB(lfb 252kB) CPU [7%@921,10%@921,off,off] EMC_FREQ 0%@1600 GR3D_FREQ 0%@614 APE 25 PLL@30C CPU@31.5C iwlwifi@33C PMIC@50C GPU@29.5C AO@40C thermal@30.5C POM_5V_IN 2136/2145 POM_5V_GPU 82/108 POM_5V_CPU 533/515
RAM 1340/3964MB (lfb 8x4MB) SWAP 815/6078MB (cached 25MB) IRAM 0/252kB(lfb 252kB) CPU [5%@921,6%@921,off,off] EMC_FREQ 0%@1600 GR3D_FREQ 0%@614 APE 25 PLL@29.5C CPU@31C iwlwifi@32C PMIC@50C GPU@30C AO@41C thermal@30.5C POM_5V_IN 1689/2144 POM_5V_GPU 82/108 POM_5V_CPU 164/514
RAM 1340/3964MB (lfb 8x4MB) SWAP 815/6078MB (cached 25MB) IRAM 0/252kB(lfb 252kB) CPU [7%@921,7%@921,off,off] EMC_FREQ 0%@1600 GR3D_FREQ 0%@614 APE 25 PLL@30C CPU@31.5C iwlwifi@32C PMIC@50C GPU@30C AO@41C thermal@30.5C POM_5V_IN 2174/2144 POM_5V_GPU 82/108 POM_5V_CPU 574/514
RAM 1346/3964MB (lfb 8x4MB) SWAP 815/6078MB (cached 25MB) IRAM 0/252kB(lfb 252kB) CPU [5%@921,9%@921,off,off] EMC_FREQ 0%@1600 GR3D_FREQ 0%@614 APE 25 PLL@29.5C CPU@31.5C iwlwifi@32C PMIC@50C GPU@29.5C AO@40.5C thermal@30.75C POM_5V_IN 2334/2144 POM_5V_GPU 81/108 POM_5V_CPU 573/514
RAM 1347/3964MB (lfb 8x4MB) SWAP 815/6078MB (cached 25MB) IRAM 0/252kB(lfb 252kB) CPU [7%@921,7%@921,off,off] EMC_FREQ 0%@1600 GR3D_FREQ 0%@614 APE 25 PLL@29.5C CPU@31.5C iwlwifi@32C PMIC@50C GPU@29.5C AO@40.5C thermal@30.5C POM_5V_IN 2256/2144 POM_5V_GPU 82/108 POM_5V_CPU 573/515
RAM 1341/3964MB (lfb 8x4MB) SWAP 815/6078MB (cached 25MB) IRAM 0/252kB(lfb 252kB) CPU [9%@921,5%@921,off,off] EMC_FREQ 0%@1600 GR3D_FREQ 0%@614 APE 25 PLL@30C CPU@31C iwlwifi@32C PMIC@50C GPU@29.5C AO@41C thermal@30.5C POM_5V_IN 2211/2145 POM_5V_GPU 81/108 POM_5V_CPU 573/515
RAM 1345/3964MB (lfb 8x4MB) SWAP 815/6078MB (cached 25MB) IRAM 0/252kB(lfb 252kB) CPU [8%@921,6%@921,off,off] EMC_FREQ 0%@1600 GR3D_FREQ 0%@614 APE 25 PLL@29.5C CPU@31.5C iwlwifi@32C PMIC@50C GPU@30C AO@40.5C thermal@30.5C POM_5V_IN 1772/2144 POM_5V_GPU 82/108 POM_5V_CPU 205/514
RAM 1347/3964MB (lfb 8x4MB) SWAP 815/6078MB (cached 25MB) IRAM 0/252kB(lfb 252kB) CPU [9%@921,5%@921,off,off] EMC_FREQ 0%@1600 GR3D_FREQ 0%@614 APE 25 PLL@29.5C CPU@31.5C iwlwifi@32C PMIC@50C GPU@30C AO@40.5C thermal@30.75C POM_5V_IN 1731/2143 POM_5V_GPU 82/108 POM_5V_CPU 164/513
RAM 1343/3964MB (lfb 8x4MB) SWAP 815/6078MB (cached 25MB) IRAM 0/252kB(lfb 252kB) CPU [4%@921,9%@921,off,off] EMC_FREQ 0%@1600 GR3D_FREQ 0%@614 APE 25 PLL@29.5C CPU@31.5C iwlwifi@32C PMIC@50C GPU@29.5C AO@40.5C thermal@30.5C POM_5V_IN 1689/2142 POM_5V_GPU 82/107 POM_5V_CPU 123/512
RAM 1341/3964MB (lfb 8x4MB) SWAP 815/6078MB (cached 25MB) IRAM 0/252kB(lfb 252kB) CPU [10%@921,3%@921,off,off] EMC_FREQ 0%@1600 GR3D_FREQ 0%@614 APE 25 PLL@29.5C CPU@31.5C iwlwifi@32C PMIC@50C GPU@30C AO@40.5C thermal@30.5C POM_5V_IN 1689/2141 POM_5V_GPU 82/107 POM_5V_CPU 164/512
RAM 1343/3964MB (lfb 8x4MB) SWAP 815/6078MB (cached 25MB) IRAM 0/252kB(lfb 252kB) CPU [8%@921,6%@921,off,off] EMC_FREQ 0%@1600 GR3D_FREQ 0%@614 APE 25 PLL@30C CPU@31.5C iwlwifi@32C PMIC@50C GPU@29.5C AO@40.5C thermal@30.75C POM_5V_IN 1689/2140 POM_5V_GPU 82/107 POM_5V_CPU 164/511
RAM 1338/3964MB (lfb 8x4MB) SWAP 815/6078MB (cached 25MB) IRAM 0/252kB(lfb 252kB) CPU [5%@921,5%@921,off,off] EMC_FREQ 0%@1600 GR3D_FREQ 0%@614 APE 25 PLL@29.5C CPU@31.5C iwlwifi@32C PMIC@50C GPU@29.5C AO@40.5C thermal@30.25C POM_5V_IN 1689/2139 POM_5V_GPU 82/107 POM_5V_CPU 164/510
RAM 1343/3964MB (lfb 8x4MB) SWAP 815/6078MB (cached 25MB) IRAM 0/252kB(lfb 252kB) CPU [9%@921,8%@921,off,off] EMC_FREQ 0%@1600 GR3D_FREQ 0%@614 APE 25 PLL@30C CPU@31.5C iwlwifi@32C PMIC@50C GPU@29.5C AO@40.5C thermal@30.5C POM_5V_IN 2136/2139 POM_5V_GPU 82/107 POM_5V_CPU 533/510
RAM 1341/3964MB (lfb 8x4MB) SWAP 815/6078MB (cached 25MB) IRAM 0/252kB(lfb 252kB) CPU [5%@921,6%@921,off,off] EMC_FREQ 0%@1600 GR3D_FREQ 0%@614 APE 25 PLL@29.5C CPU@31.5C iwlwifi@32C PMIC@50C GPU@30C AO@40.5C thermal@30.25C POM_5V_IN 1689/2138 POM_5V_GPU 82/107 POM_5V_CPU 164/509
RAM 1342/3964MB (lfb 8x4MB) SWAP 815/6078MB (cached 25MB) IRAM 0/252kB(lfb 252kB) CPU [8%@921,6%@921,off,off] EMC_FREQ 0%@1600 GR3D_FREQ 0%@614 APE 25 PLL@29.5C CPU@31C iwlwifi@32C PMIC@50C GPU@29.5C AO@40.5C thermal@30.75C POM_5V_IN 2174/2138 POM_5V_GPU 82/107 POM_5V_CPU 451/509
RAM 1346/3964MB (lfb 8x4MB) SWAP 815/6078MB (cached 25MB) IRAM 0/252kB(lfb 252kB) CPU [7%@921,7%@921,off,off] EMC_FREQ 0%@1600 GR3D_FREQ 0%@614 APE 25 PLL@30C CPU@31.5C iwlwifi@32C PMIC@50C GPU@30C AO@40.5C thermal@30.5C POM_5V_IN 2256/2138 POM_5V_GPU 82/107 POM_5V_CPU 614/509
RAM 1348/3964MB (lfb 8x4MB) SWAP 815/6078MB (cached 25MB) IRAM 0/252kB(lfb 252kB) CPU [5%@921,9%@921,off,off] EMC_FREQ 0%@1600 GR3D_FREQ 0%@614 APE 25 PLL@30C CPU@31.5C iwlwifi@32C PMIC@50C GPU@29.5C AO@40.5C thermal@30.5C POM_5V_IN 2215/2138 POM_5V_GPU 82/107 POM_5V_CPU 574/510
RAM 1346/3964MB (lfb 8x4MB) SWAP 815/6078MB (cached 25MB) IRAM 0/252kB(lfb 252kB) CPU [4%@921,9%@921,off,off] EMC_FREQ 0%@1600 GR3D_FREQ 0%@614 APE 25 PLL@29.5C CPU@31.5C iwlwifi@32C PMIC@50C GPU@29.5C AO@41C thermal@30.5C POM_5V_IN 1972/2138 POM_5V_GPU 82/107 POM_5V_CPU 369/509
RAM 1341/3964MB (lfb 8x4MB) SWAP 815/6078MB (cached 25MB) IRAM 0/252kB(lfb 252kB) CPU [9%@921,4%@921,off,off] EMC_FREQ 0%@1600 GR3D_FREQ 0%@614 APE 25 PLL@29.5C CPU@31.5C iwlwifi@32C PMIC@50C GPU@30C AO@40.5C thermal@30.25C POM_5V_IN 1731/2137 POM_5V_GPU 82/107 POM_5V_CPU 164/509
RAM 1344/3964MB (lfb 8x4MB) SWAP 815/6078MB (cached 25MB) IRAM 0/252kB(lfb 252kB) CPU [6%@921,7%@921,off,off] EMC_FREQ 0%@1600 GR3D_FREQ 0%@614 APE 25 PLL@29.5C CPU@31C iwlwifi@32C PMIC@50C GPU@29.5C AO@40.5C thermal@31C POM_5V_IN 1687/2136 POM_5V_GPU 82/107 POM_5V_CPU 164/508
RAM 1342/3964MB (lfb 8x4MB) SWAP 815/6078MB (cached 25MB) IRAM 0/252kB(lfb 252kB) CPU [7%@921,6%@921,off,off] EMC_FREQ 0%@1600 GR3D_FREQ 0%@614 APE 25 PLL@29.5C CPU@31.5C iwlwifi@32C PMIC@50C GPU@30C AO@40.5C thermal@30.5C POM_5V_IN 1689/2135 POM_5V_GPU 82/107 POM_5V_CPU 164/507
RAM 1343/3964MB (lfb 8x4MB) SWAP 815/6078MB (cached 25MB) IRAM 0/252kB(lfb 252kB) CPU [6%@921,7%@921,off,off] EMC_FREQ 0%@1600 GR3D_FREQ 0%@614 APE 25 PLL@30C CPU@31.5C iwlwifi@32C PMIC@50C GPU@29.5C AO@40.5C thermal@30.75C POM_5V_IN 1689/2134 POM_5V_GPU 82/107 POM_5V_CPU 164/506
RAM 1338/3964MB (lfb 8x4MB) SWAP 815/6078MB (cached 25MB) IRAM 0/252kB(lfb 252kB) CPU [6%@921,3%@921,off,off] EMC_FREQ 0%@1600 GR3D_FREQ 0%@614 APE 25 PLL@29.5C CPU@31.5C iwlwifi@32C PMIC@50C GPU@30C AO@40.5C thermal@30.5C POM_5V_IN 1731/2133 POM_5V_GPU 82/107 POM_5V_CPU 164/506
RAM 1343/3964MB (lfb 8x4MB) SWAP 815/6078MB (cached 25MB) IRAM 0/252kB(lfb 252kB) CPU [10%@921,8%@921,off,off] EMC_FREQ 0%@1600 GR3D_FREQ 0%@614 APE 25 PLL@29.5C CPU@31.5C iwlwifi@32C PMIC@50C GPU@29.5C AO@41C thermal@30.5C POM_5V_IN 2136/2133 POM_5V_GPU 82/107 POM_5V_CPU 533/506
RAM 1339/3964MB (lfb 8x4MB) SWAP 815/6078MB (cached 25MB) IRAM 0/252kB(lfb 252kB) CPU [5%@921,5%@921,off,off] EMC_FREQ 0%@1600 GR3D_FREQ 0%@614 APE 25 PLL@29.5C CPU@31.5C iwlwifi@32C PMIC@50C GPU@29.5C AO@41C thermal@30.25C POM_5V_IN 1689/2132 POM_5V_GPU 82/107 POM_5V_CPU 164/505
RAM 1346/3964MB (lfb 8x4MB) SWAP 815/6078MB (cached 25MB) IRAM 0/252kB(lfb 252kB) CPU [10%@921,7%@921,off,off] EMC_FREQ 0%@1600 GR3D_FREQ 0%@614 APE 25 PLL@30C CPU@31C iwlwifi@32C PMIC@50C GPU@30C AO@41C thermal@30.5C POM_5V_IN 2129/2132 POM_5V_GPU 81/107 POM_5V_CPU 532/505
RAM 1344/3964MB (lfb 8x4MB) SWAP 815/6078MB (cached 25MB) IRAM 0/252kB(lfb 252kB) CPU [8%@921,4%@921,off,off] EMC_FREQ 0%@1600 GR3D_FREQ 0%@614 APE 25 PLL@29.5C CPU@31C iwlwifi@32C PMIC@50C GPU@30C AO@41C thermal@30.75C POM_5V_IN 1689/2131 POM_5V_GPU 82/106 POM_5V_CPU 164/504
RAM 1346/3964MB (lfb 8x4MB) SWAP 815/6078MB (cached 25MB) IRAM 0/252kB(lfb 252kB) CPU [6%@921,9%@921,off,off] EMC_FREQ 0%@1600 GR3D_FREQ 0%@614 APE 25 PLL@29.5C CPU@31.5C iwlwifi@32C PMIC@50C GPU@29.5C AO@41C thermal@30.25C POM_5V_IN 2297/2132 POM_5V_GPU 81/106 POM_5V_CPU 614/504
RAM 1344/3964MB (lfb 8x4MB) SWAP 815/6078MB (cached 25MB) IRAM 0/252kB(lfb 252kB) CPU [6%@921,8%@921,off,off] EMC_FREQ 0%@1600 GR3D_FREQ 0%@614 APE 25 PLL@29.5C CPU@31.5C iwlwifi@32C PMIC@50C GPU@29.5C AO@41C thermal@30.5C POM_5V_IN 1972/2131 POM_5V_GPU 82/106 POM_5V_CPU 369/504
RAM 1342/3964MB (lfb 8x4MB) SWAP 815/6078MB (cached 25MB) IRAM 0/252kB(lfb 252kB) CPU [6%@921,8%@921,off,off] EMC_FREQ 0%@1600 GR3D_FREQ 0%@614 APE 25 PLL@29.5C CPU@31C iwlwifi@32C PMIC@50C GPU@30C AO@41C thermal@30.5C POM_5V_IN 1772/2131 POM_5V_GPU 82/106 POM_5V_CPU 206/504
RAM 1342/3964MB (lfb 8x4MB) SWAP 815/6078MB (cached 25MB) IRAM 0/252kB(lfb 252kB) CPU [7%@921,6%@921,off,off] EMC_FREQ 0%@1600 GR3D_FREQ 0%@614 APE 25 PLL@29.5C CPU@31.5C iwlwifi@32C PMIC@50C GPU@30C AO@41C thermal@30.75C POM_5V_IN 1731/2130 POM_5V_GPU 82/106 POM_5V_CPU 164/503
RAM 1346/3964MB (lfb 8x4MB) SWAP 815/6078MB (cached 25MB) IRAM 0/252kB(lfb 252kB) CPU [10%@921,4%@921,off,off] EMC_FREQ 0%@1600 GR3D_FREQ 0%@614 APE 25 PLL@29.5C CPU@31.5C iwlwifi@32C PMIC@50C GPU@30C AO@40.5C thermal@30.75C POM_5V_IN 1731/2129 POM_5V_GPU 82/106 POM_5V_CPU 164/502
RAM 1342/3964MB (lfb 8x4MB) SWAP 815/6078MB (cached 25MB) IRAM 0/252kB(lfb 252kB) CPU [8%@921,5%@921,off,off] EMC_FREQ 0%@1600 GR3D_FREQ 0%@614 APE 25 PLL@29.5C CPU@31.5C iwlwifi@32C PMIC@50C GPU@30C AO@40.5C thermal@30.5C POM_5V_IN 1689/2128 POM_5V_GPU 82/106 POM_5V_CPU 164/501
RAM 1335/3964MB (lfb 8x4MB) SWAP 815/6078MB (cached 25MB) IRAM 0/252kB(lfb 252kB) CPU [5%@921,4%@921,off,off] EMC_FREQ 0%@1600 GR3D_FREQ 0%@614 APE 25 PLL@29.5C CPU@31.5C iwlwifi@32C PMIC@50C GPU@30C AO@41C thermal@30.75C POM_5V_IN 1689/2127 POM_5V_GPU 82/106 POM_5V_CPU 164/501
RAM 1346/3964MB (lfb 8x4MB) SWAP 815/6078MB (cached 25MB) IRAM 0/252kB(lfb 252kB) CPU [8%@921,10%@921,off,off] EMC_FREQ 0%@1600 GR3D_FREQ 0%@614 APE 25 PLL@30C CPU@31.5C iwlwifi@32C PMIC@50C GPU@30C AO@41C thermal@30.75C POM_5V_IN 2334/2127 POM_5V_GPU 81/106 POM_5V_CPU 696/501
RAM 1339/3964MB (lfb 8x4MB) SWAP 815/6078MB (cached 25MB) IRAM 0/252kB(lfb 252kB) CPU [7%@921,3%@921,off,off] EMC_FREQ 0%@1600 GR3D_FREQ 0%@614 APE 25 PLL@29.5C CPU@32C iwlwifi@32C PMIC@50C GPU@30C AO@41C thermal@30.75C POM_5V_IN 1731/2127 POM_5V_GPU 82/106 POM_5V_CPU 164/500
RAM 1339/3964MB (lfb 8x4MB) SWAP 815/6078MB (cached 25MB) IRAM 0/252kB(lfb 252kB) CPU [5%@921,9%@921,off,off] EMC_FREQ 0%@1600 GR3D_FREQ 0%@614 APE 25 PLL@30C CPU@31.5C iwlwifi@32C PMIC@50C GPU@30C AO@41C thermal@30.5C POM_5V_IN 2136/2127 POM_5V_GPU 82/106 POM_5V_CPU 533/500
RAM 1342/3964MB (lfb 8x4MB) SWAP 815/6078MB (cached 25MB) IRAM 0/252kB(lfb 252kB) CPU [5%@921,9%@921,off,off] EMC_FREQ 0%@1600 GR3D_FREQ 0%@614 APE 25 PLL@29.5C CPU@31.5C iwlwifi@32C PMIC@50C GPU@30C AO@41C thermal@31C POM_5V_IN 2170/2127 POM_5V_GPU 81/106 POM_5V_CPU 573/501
RAM 1352/3964MB (lfb 8x4MB) SWAP 815/6078MB (cached 25MB) IRAM 0/252kB(lfb 252kB) CPU [7%@921,7%@921,off,off] EMC_FREQ 0%@1600 GR3D_FREQ 0%@614 APE 25 PLL@30C CPU@32C iwlwifi@32C PMIC@50C GPU@29.5C AO@41C thermal@30.75C POM_5V_IN 2334/2127 POM_5V_GPU 81/106 POM_5V_CPU 573/501
RAM 1348/3964MB (lfb 8x4MB) SWAP 815/6078MB (cached 25MB) IRAM 0/252kB(lfb 252kB) CPU [10%@921,4%@921,off,off] EMC_FREQ 0%@1600 GR3D_FREQ 0%@614 APE 25 PLL@30C CPU@31.5C iwlwifi@32C PMIC@50C GPU@30C AO@41C thermal@30.75C POM_5V_IN 2215/2127 POM_5V_GPU 82/106 POM_5V_CPU 574/501
RAM 1344/3964MB (lfb 8x4MB) SWAP 815/6078MB (cached 25MB) IRAM 0/252kB(lfb 252kB) CPU [8%@921,6%@921,off,off] EMC_FREQ 0%@1600 GR3D_FREQ 0%@614 APE 25 PLL@29.5C CPU@31.5C iwlwifi@32C PMIC@50C GPU@30C AO@41C thermal@30.75C POM_5V_IN 1851/2127 POM_5V_GPU 82/106 POM_5V_CPU 246/500
RAM 1344/3964MB (lfb 8x4MB) SWAP 815/6078MB (cached 25MB) IRAM 0/252kB(lfb 252kB) CPU [7%@921,6%@921,off,off] EMC_FREQ 0%@1600 GR3D_FREQ 0%@614 APE 25 PLL@29.5C CPU@31.5C iwlwifi@32C PMIC@50C GPU@30C AO@41C thermal@30.75C POM_5V_IN 1731/2126 POM_5V_GPU 82/106 POM_5V_CPU 164/500
RAM 1344/3964MB (lfb 8x4MB) SWAP 815/6078MB (cached 25MB) IRAM 0/252kB(lfb 252kB) CPU [7%@921,7%@921,off,off] EMC_FREQ 0%@1600 GR3D_FREQ 0%@614 APE 25 PLL@29.5C CPU@32C iwlwifi@32C PMIC@50C GPU@30C AO@41C thermal@30.75C POM_5V_IN 1731/2125 POM_5V_GPU 82/106 POM_5V_CPU 164/499
RAM 1342/3964MB (lfb 8x4MB) SWAP 814/6078MB (cached 25MB) IRAM 0/252kB(lfb 252kB) CPU [7%@921,6%@921,off,off] EMC_FREQ 0%@1600 GR3D_FREQ 0%@614 APE 25 PLL@29.5C CPU@31.5C iwlwifi@32C PMIC@50C GPU@30C AO@41C thermal@30.75C POM_5V_IN 1689/2124 POM_5V_GPU 82/106 POM_5V_CPU 164/498
RAM 1342/3964MB (lfb 8x4MB) SWAP 814/6078MB (cached 25MB) IRAM 0/252kB(lfb 252kB) CPU [7%@921,7%@921,off,off] EMC_FREQ 0%@1600 GR3D_FREQ 0%@614 APE 25 PLL@30C CPU@31.5C iwlwifi@32C PMIC@50C GPU@29.5C AO@41C thermal@30.5C POM_5V_IN 1689/2123 POM_5V_GPU 82/106 POM_5V_CPU 164/498
RAM 1342/3964MB (lfb 8x4MB) SWAP 814/6078MB (cached 25MB) IRAM 0/252kB(lfb 252kB) CPU [10%@921,4%@921,off,off] EMC_FREQ 0%@1600 GR3D_FREQ 0%@614 APE 25 PLL@29.5C CPU@31.5C iwlwifi@32C PMIC@50C GPU@30C AO@41C thermal@30.5C POM_5V_IN 1689/2122 POM_5V_GPU 82/106 POM_5V_CPU 164/497
RAM 1342/3964MB (lfb 8x4MB) SWAP 814/6078MB (cached 25MB) IRAM 0/252kB(lfb 252kB) CPU [6%@921,8%@921,off,off] EMC_FREQ 0%@1600 GR3D_FREQ 0%@614 APE 25 PLL@29.5C CPU@31.5C iwlwifi@32C PMIC@50C GPU@29.5C AO@41C thermal@30.75C POM_5V_IN 1689/2122 POM_5V_GPU 82/105 POM_5V_CPU 164/496
RAM 1339/3964MB (lfb 8x4MB) SWAP 814/6078MB (cached 25MB) IRAM 0/252kB(lfb 252kB) CPU [5%@921,4%@921,off,off] EMC_FREQ 0%@1600 GR3D_FREQ 0%@614 APE 25 PLL@30C CPU@31.5C iwlwifi@32C PMIC@50C GPU@29.5C AO@41C thermal@30.5C POM_5V_IN 1731/2121 POM_5V_GPU 82/105 POM_5V_CPU 164/496
RAM 1346/3964MB (lfb 8x4MB) SWAP 814/6078MB (cached 25MB) IRAM 0/252kB(lfb 252kB) CPU [8%@921,9%@921,off,off] EMC_FREQ 0%@1600 GR3D_FREQ 0%@614 APE 25 PLL@30C CPU@31.5C iwlwifi@32C PMIC@50C GPU@29.5C AO@41C thermal@30.5C POM_5V_IN 2133/2121 POM_5V_GPU 82/105 POM_5V_CPU 533/496
RAM 1345/3964MB (lfb 8x4MB) SWAP 814/6078MB (cached 25MB) IRAM 0/252kB(lfb 252kB) CPU [9%@921,3%@921,off,off] EMC_FREQ 0%@1600 GR3D_FREQ 0%@614 APE 25 PLL@30C CPU@31.5C iwlwifi@32C PMIC@50C GPU@29.5C AO@41C thermal@30.75C POM_5V_IN 1689/2120 POM_5V_GPU 82/105 POM_5V_CPU 164/495
RAM 1350/3964MB (lfb 8x4MB) SWAP 814/6078MB (cached 25MB) IRAM 0/252kB(lfb 252kB) CPU [5%@921,9%@921,off,off] EMC_FREQ 0%@1600 GR3D_FREQ 0%@614 APE 25 PLL@30C CPU@32C iwlwifi@32C PMIC@50C GPU@30C AO@41C thermal@30.5C POM_5V_IN 2293/2120 POM_5V_GPU 81/105 POM_5V_CPU 614/495
RAM 1342/3964MB (lfb 8x4MB) SWAP 814/6078MB (cached 25MB) IRAM 0/252kB(lfb 252kB) CPU [5%@921,9%@921,off,off] EMC_FREQ 0%@1600 GR3D_FREQ 0%@614 APE 25 PLL@30C CPU@32C iwlwifi@32C PMIC@50C GPU@29.5C AO@41C thermal@30.75C POM_5V_IN 2095/2120 POM_5V_GPU 82/105 POM_5V_CPU 451/495
RAM 1342/3964MB (lfb 8x4MB) SWAP 814/6078MB (cached 25MB) IRAM 0/252kB(lfb 252kB) CPU [6%@921,8%@921,off,off] EMC_FREQ 0%@1600 GR3D_FREQ 0%@614 APE 25 PLL@29.5C CPU@32C iwlwifi@32C PMIC@50C GPU@29.5C AO@41C thermal@30.5C POM_5V_IN 1813/2120 POM_5V_GPU 82/105 POM_5V_CPU 205/494
RAM 1342/3964MB (lfb 8x4MB) SWAP 814/6078MB (cached 25MB) IRAM 0/252kB(lfb 252kB) CPU [8%@921,5%@921,off,off] EMC_FREQ 0%@1600 GR3D_FREQ 0%@614 APE 25 PLL@29.5C CPU@31.5C iwlwifi@32C PMIC@50C GPU@29.5C AO@41C thermal@30.75C POM_5V_IN 1728/2119 POM_5V_GPU 82/105 POM_5V_CPU 205/494
RAM 1346/3964MB (lfb 8x4MB) SWAP 814/6078MB (cached 25MB) IRAM 0/252kB(lfb 252kB) CPU [7%@921,6%@921,off,off] EMC_FREQ 0%@1600 GR3D_FREQ 0%@614 APE 25 PLL@29.5C CPU@31.5C iwlwifi@32C PMIC@50C GPU@30C AO@40.5C thermal@30.5C POM_5V_IN 1689/2118 POM_5V_GPU 82/105 POM_5V_CPU 164/493
RAM 1342/3964MB (lfb 8x4MB) SWAP 814/6078MB (cached 25MB) IRAM 0/252kB(lfb 252kB) CPU [7%@921,7%@921,off,off] EMC_FREQ 0%@1600 GR3D_FREQ 0%@614 APE 25 PLL@29.5C CPU@32C iwlwifi@32C PMIC@50C GPU@29.5C AO@41C thermal@31C POM_5V_IN 1689/2117 POM_5V_GPU 82/105 POM_5V_CPU 164/493
RAM 1344/3964MB (lfb 8x4MB) SWAP 814/6078MB (cached 25MB) IRAM 0/252kB(lfb 252kB) CPU [8%@921,5%@921,off,off] EMC_FREQ 0%@1600 GR3D_FREQ 0%@614 APE 25 PLL@29.5C CPU@31.5C iwlwifi@32C PMIC@50C GPU@29.5C AO@41C thermal@30.5C POM_5V_IN 1772/2116 POM_5V_GPU 82/105 POM_5V_CPU 205/492
RAM 1339/3964MB (lfb 8x4MB) SWAP 814/6078MB (cached 25MB) IRAM 0/252kB(lfb 252kB) CPU [6%@921,4%@921,off,off] EMC_FREQ 0%@1600 GR3D_FREQ 0%@614 APE 25 PLL@29.5C CPU@32C iwlwifi@32C PMIC@50C GPU@29.5C AO@41C thermal@30.5C POM_5V_IN 1689/2116 POM_5V_GPU 82/105 POM_5V_CPU 164/491
RAM 1346/3964MB (lfb 8x4MB) SWAP 814/6078MB (cached 25MB) IRAM 0/252kB(lfb 252kB) CPU [8%@921,9%@921,off,off] EMC_FREQ 0%@1600 GR3D_FREQ 0%@614 APE 25 PLL@29.5C CPU@31.5C iwlwifi@32C PMIC@50C GPU@30C AO@41C thermal@30.75C POM_5V_IN 2136/2116 POM_5V_GPU 82/105 POM_5V_CPU 533/491
RAM 1339/3964MB (lfb 8x4MB) SWAP 814/6078MB (cached 25MB) IRAM 0/252kB(lfb 252kB) CPU [6%@921,6%@921,off,off] EMC_FREQ 0%@1600 GR3D_FREQ 0%@614 APE 25 PLL@29.5C CPU@32C iwlwifi@32C PMIC@50C GPU@29.5C AO@41C thermal@30.75C POM_5V_IN 1731/2115 POM_5V_GPU 82/105 POM_5V_CPU 164/491
RAM 1342/3964MB (lfb 8x4MB) SWAP 814/6078MB (cached 25MB) IRAM 0/252kB(lfb 252kB) CPU [7%@921,8%@921,off,off] EMC_FREQ 0%@1600 GR3D_FREQ 0%@614 APE 25 PLL@30C CPU@31.5C iwlwifi@32C PMIC@50C GPU@29.5C AO@41C thermal@30.5C POM_5V_IN 2174/2115 POM_5V_GPU 82/105 POM_5V_CPU 574/491
RAM 1349/3964MB (lfb 8x4MB) SWAP 814/6078MB (cached 25MB) IRAM 0/252kB(lfb 252kB) CPU [6%@921,9%@921,off,off] EMC_FREQ 0%@1600 GR3D_FREQ 0%@614 APE 25 PLL@30C CPU@31.5C iwlwifi@32C PMIC@50C GPU@29.5C AO@41C thermal@30.75C POM_5V_IN 2293/2115 POM_5V_GPU 81/105 POM_5V_CPU 532/491
RAM 1346/3964MB (lfb 8x4MB) SWAP 814/6078MB (cached 25MB) IRAM 0/252kB(lfb 252kB) CPU [7%@921,7%@921,off,off] EMC_FREQ 0%@1600 GR3D_FREQ 0%@614 APE 25 PLL@30C CPU@32C iwlwifi@32C PMIC@50C GPU@30C AO@41C thermal@30.75C POM_5V_IN 2256/2116 POM_5V_GPU 82/105 POM_5V_CPU 615/491
RAM 1348/3964MB (lfb 8x4MB) SWAP 814/6078MB (cached 25MB) IRAM 0/252kB(lfb 252kB) CPU [4%@921,10%@921,off,off] EMC_FREQ 0%@1600 GR3D_FREQ 0%@614 APE 25 PLL@30C CPU@31.5C iwlwifi@32C PMIC@50C GPU@30C AO@41C thermal@30.75C POM_5V_IN 1934/2115 POM_5V_GPU 82/105 POM_5V_CPU 329/491
RAM 1344/3964MB (lfb 8x4MB) SWAP 814/6078MB (cached 25MB) IRAM 0/252kB(lfb 252kB) CPU [8%@921,6%@921,off,off] EMC_FREQ 0%@1600 GR3D_FREQ 0%@614 APE 25 PLL@30C CPU@32C iwlwifi@32C PMIC@50C GPU@29.5C AO@40.5C thermal@30.75C POM_5V_IN 1934/2115 POM_5V_GPU 82/105 POM_5V_CPU 288/491
RAM 1344/3964MB (lfb 8x4MB) SWAP 814/6078MB (cached 25MB) IRAM 0/252kB(lfb 252kB) CPU [6%@921,7%@921,off,off] EMC_FREQ 0%@1600 GR3D_FREQ 0%@614 APE 25 PLL@29.5C CPU@31.5C iwlwifi@32C PMIC@50C GPU@29.5C AO@40.5C thermal@30.75C POM_5V_IN 1731/2114 POM_5V_GPU 82/105 POM_5V_CPU 164/490
RAM 1346/3964MB (lfb 8x4MB) SWAP 814/6078MB (cached 25MB) IRAM 0/252kB(lfb 252kB) CPU [8%@921,6%@921,off,off] EMC_FREQ 0%@1600 GR3D_FREQ 0%@614 APE 25 PLL@30C CPU@31.5C iwlwifi@32C PMIC@50C GPU@30C AO@41C thermal@30.5C POM_5V_IN 1689/2113 POM_5V_GPU 82/105 POM_5V_CPU 164/489
RAM 1342/3964MB (lfb 8x4MB) SWAP 814/6078MB (cached 25MB) IRAM 0/252kB(lfb 252kB) CPU [9%@921,4%@921,off,off] EMC_FREQ 0%@1600 GR3D_FREQ 0%@614 APE 25 PLL@29.5C CPU@31.5C iwlwifi@32C PMIC@50C GPU@29.5C AO@41C thermal@30.75C POM_5V_IN 1689/2112 POM_5V_GPU 82/104 POM_5V_CPU 164/489
RAM 1346/3964MB (lfb 8x4MB) SWAP 814/6078MB (cached 25MB) IRAM 0/252kB(lfb 252kB) CPU [6%@921,9%@921,off,off] EMC_FREQ 0%@1600 GR3D_FREQ 0%@614 APE 25 PLL@29.5C CPU@31.5C iwlwifi@32C PMIC@50C GPU@29.5C AO@40.5C thermal@30.5C POM_5V_IN 1851/2112 POM_5V_GPU 82/104 POM_5V_CPU 164/488
RAM 1336/3964MB (lfb 8x4MB) SWAP 814/6078MB (cached 25MB) IRAM 0/252kB(lfb 252kB) CPU [5%@921,5%@921,off,off] EMC_FREQ 0%@1600 GR3D_FREQ 0%@614 APE 25 PLL@29.5C CPU@31.5C iwlwifi@32C PMIC@50C GPU@30C AO@41C thermal@31C POM_5V_IN 1687/2111 POM_5V_GPU 82/104 POM_5V_CPU 164/487
RAM 1342/3964MB (lfb 8x4MB) SWAP 814/6078MB (cached 25MB) IRAM 0/252kB(lfb 252kB) CPU [10%@921,8%@921,off,off] EMC_FREQ 0%@1600 GR3D_FREQ 0%@614 APE 25 PLL@30C CPU@32C iwlwifi@32C PMIC@50C GPU@30C AO@40.5C thermal@31C POM_5V_IN 2133/2111 POM_5V_GPU 82/104 POM_5V_CPU 533/487
RAM 1341/3964MB (lfb 8x4MB) SWAP 814/6078MB (cached 25MB) IRAM 0/252kB(lfb 252kB) CPU [7%@921,5%@921,off,off] EMC_FREQ 0%@1600 GR3D_FREQ 0%@614 APE 25 PLL@30C CPU@31.5C iwlwifi@32C PMIC@50C GPU@30C AO@41C thermal@30.75C POM_5V_IN 1731/2110 POM_5V_GPU 82/104 POM_5V_CPU 164/487
RAM 1340/3964MB (lfb 8x4MB) SWAP 814/6078MB (cached 25MB) IRAM 0/252kB(lfb 252kB) CPU [7%@921,8%@921,off,off] EMC_FREQ 0%@1600 GR3D_FREQ 0%@614 APE 25 PLL@30C CPU@31.5C iwlwifi@32C PMIC@50C GPU@30C AO@41C thermal@31C POM_5V_IN 2174/2110 POM_5V_GPU 82/104 POM_5V_CPU 574/487
RAM 1347/3964MB (lfb 8x4MB) SWAP 814/6078MB (cached 25MB) IRAM 0/252kB(lfb 252kB) CPU [6%@921,8%@921,off,off] EMC_FREQ 0%@1600 GR3D_FREQ 0%@614 APE 25 PLL@30C CPU@32C iwlwifi@32C PMIC@50C GPU@30C AO@41C thermal@30.5C POM_5V_IN 2174/2111 POM_5V_GPU 82/104 POM_5V_CPU 492/487
RAM 1348/3964MB (lfb 8x4MB) SWAP 814/6078MB (cached 25MB) IRAM 0/252kB(lfb 252kB) CPU [7%@921,8%@921,off,off] EMC_FREQ 0%@1600 GR3D_FREQ 0%@614 APE 25 PLL@30C CPU@32C iwlwifi@32C PMIC@50C GPU@30C AO@41C thermal@30.75C POM_5V_IN 2256/2111 POM_5V_GPU 82/104 POM_5V_CPU 615/487
RAM 1346/3964MB (lfb 8x4MB) SWAP 814/6078MB (cached 25MB) IRAM 0/252kB(lfb 252kB) CPU [7%@921,7%@921,off,off] EMC_FREQ 0%@1600 GR3D_FREQ 0%@614 APE 25 PLL@29.5C CPU@31.5C iwlwifi@32C PMIC@50C GPU@30C AO@41C thermal@30.75C POM_5V_IN 1813/2110 POM_5V_GPU 82/104 POM_5V_CPU 246/487
RAM 1344/3964MB (lfb 8x4MB) SWAP 814/6078MB (cached 25MB) IRAM 0/252kB(lfb 252kB) CPU [6%@921,8%@921,off,off] EMC_FREQ 0%@1600 GR3D_FREQ 0%@614 APE 25 PLL@29.5C CPU@31.5C iwlwifi@32C PMIC@50C GPU@30C AO@41C thermal@30.75C POM_5V_IN 1731/2110 POM_5V_GPU 82/104 POM_5V_CPU 206/486
RAM 1342/3964MB (lfb 8x4MB) SWAP 814/6078MB (cached 25MB) IRAM 0/252kB(lfb 252kB) CPU [6%@921,7%@921,off,off] EMC_FREQ 0%@1600 GR3D_FREQ 0%@614 APE 25 PLL@30C CPU@31C iwlwifi@32C PMIC@50C GPU@29.5C AO@41C thermal@30.75C POM_5V_IN 1689/2109 POM_5V_GPU 82/104 POM_5V_CPU 164/486
RAM 1346/3964MB (lfb 8x4MB) SWAP 814/6078MB (cached 25MB) IRAM 0/252kB(lfb 252kB) CPU [7%@921,6%@921,off,off] EMC_FREQ 0%@1600 GR3D_FREQ 0%@614 APE 25 PLL@30C CPU@31.5C iwlwifi@32C PMIC@50C GPU@29.5C AO@41C thermal@30.75C POM_5V_IN 1689/2108 POM_5V_GPU 82/104 POM_5V_CPU 164/485
RAM 1342/3964MB (lfb 8x4MB) SWAP 814/6078MB (cached 25MB) IRAM 0/252kB(lfb 252kB) CPU [9%@921,4%@921,off,off] EMC_FREQ 0%@1600 GR3D_FREQ 0%@614 APE 25 PLL@29.5C CPU@31.5C iwlwifi@32C PMIC@50C GPU@29.5C AO@41C thermal@30.5C POM_5V_IN 1689/2107 POM_5V_GPU 82/104 POM_5V_CPU 164/484
RAM 1342/3964MB (lfb 8x4MB) SWAP 814/6078MB (cached 25MB) IRAM 0/252kB(lfb 252kB) CPU [6%@921,8%@921,off,off] EMC_FREQ 0%@1600 GR3D_FREQ 0%@614 APE 25 PLL@29.5C CPU@31.5C iwlwifi@32C PMIC@50C GPU@29.5C AO@41C thermal@30.75C POM_5V_IN 1689/2106 POM_5V_GPU 82/104 POM_5V_CPU 164/484
RAM 1339/3964MB (lfb 8x4MB) SWAP 814/6078MB (cached 25MB) IRAM 0/252kB(lfb 252kB) CPU [6%@921,5%@921,off,off] EMC_FREQ 0%@1600 GR3D_FREQ 0%@614 APE 25 PLL@30C CPU@31.5C iwlwifi@33C PMIC@50C GPU@30C AO@41C thermal@30.5C POM_5V_IN 1731/2106 POM_5V_GPU 82/104 POM_5V_CPU 164/483
RAM 1346/3964MB (lfb 8x4MB) SWAP 814/6078MB (cached 25MB) IRAM 0/252kB(lfb 252kB) CPU [9%@921,7%@921,off,off] EMC_FREQ 0%@1600 GR3D_FREQ 0%@614 APE 25 PLL@30C CPU@31.5C iwlwifi@32C PMIC@50C GPU@30C AO@40.5C thermal@30.5C POM_5V_IN 2136/2106 POM_5V_GPU 82/104 POM_5V_CPU 533/483
RAM 1342/3964MB (lfb 8x4MB) SWAP 814/6078MB (cached 25MB) IRAM 0/252kB(lfb 252kB) CPU [7%@921,5%@921,off,off] EMC_FREQ 0%@1600 GR3D_FREQ 0%@614 APE 25 PLL@29.5C CPU@31.5C iwlwifi@32C PMIC@50C GPU@30C AO@41C thermal@30.75C POM_5V_IN 1689/2105 POM_5V_GPU 82/104 POM_5V_CPU 164/483
RAM 1345/3964MB (lfb 8x4MB) SWAP 814/6078MB (cached 25MB) IRAM 0/252kB(lfb 252kB) CPU [8%@921,6%@921,off,off] EMC_FREQ 0%@1600 GR3D_FREQ 0%@614 APE 25 PLL@30C CPU@31.5C iwlwifi@32C PMIC@50C GPU@30C AO@41C thermal@30.75C POM_5V_IN 2215/2105 POM_5V_GPU 82/104 POM_5V_CPU 491/483
RAM 1364/3964MB (lfb 8x4MB) SWAP 814/6078MB (cached 25MB) IRAM 0/252kB(lfb 252kB) CPU [13%@921,5%@921,off,off] EMC_FREQ 0%@1600 GR3D_FREQ 0%@614 APE 25 PLL@30C CPU@31.5C iwlwifi@32C PMIC@50C GPU@30C AO@41C thermal@30.75C POM_5V_IN 2297/2105 POM_5V_GPU 82/104 POM_5V_CPU 573/483
RAM 1344/3964MB (lfb 8x4MB) SWAP 814/6078MB (cached 25MB) IRAM 0/252kB(lfb 252kB) CPU [8%@921,6%@921,off,off] EMC_FREQ 0%@1600 GR3D_FREQ 0%@614 APE 25 PLL@30C CPU@31.5C iwlwifi@32C PMIC@50C GPU@30C AO@40.5C thermal@30.75C POM_5V_IN 2013/2105 POM_5V_GPU 82/104 POM_5V_CPU 410/483
RAM 1346/3964MB (lfb 8x4MB) SWAP 814/6078MB (cached 25MB) IRAM 0/252kB(lfb 252kB) CPU [5%@921,9%@921,off,off] EMC_FREQ 0%@1600 GR3D_FREQ 0%@614 APE 25 PLL@30C CPU@31.5C iwlwifi@32C PMIC@50C GPU@30C AO@41C thermal@31C POM_5V_IN 1772/2105 POM_5V_GPU 82/104 POM_5V_CPU 206/482
RAM 1342/3964MB (lfb 8x4MB) SWAP 814/6078MB (cached 25MB) IRAM 0/252kB(lfb 252kB) CPU [8%@921,5%@921,off,off] EMC_FREQ 0%@1600 GR3D_FREQ 0%@614 APE 25 PLL@30C CPU@31.5C iwlwifi@32C PMIC@50C GPU@30C AO@40.5C thermal@30.75C POM_5V_IN 1892/2104 POM_5V_GPU 82/104 POM_5V_CPU 164/482
RAM 1344/3964MB (lfb 8x4MB) SWAP 814/6078MB (cached 25MB) IRAM 0/252kB(lfb 252kB) CPU [6%@921,8%@921,off,off] EMC_FREQ 0%@1600 GR3D_FREQ 0%@614 APE 25 PLL@29.5C CPU@31.5C iwlwifi@32C PMIC@50C GPU@30C AO@40.5C thermal@30.5C POM_5V_IN 1689/2103 POM_5V_GPU 82/104 POM_5V_CPU 164/481
RAM 1346/3964MB (lfb 8x4MB) SWAP 814/6078MB (cached 25MB) IRAM 0/252kB(lfb 252kB) CPU [4%@921,8%@921,off,off] EMC_FREQ 0%@1600 GR3D_FREQ 0%@614 APE 25 PLL@29.5C CPU@31C iwlwifi@32C PMIC@50C GPU@29.5C AO@41C thermal@30.75C POM_5V_IN 1689/2103 POM_5V_GPU 82/103 POM_5V_CPU 164/480
RAM 1336/3964MB (lfb 8x4MB) SWAP 814/6078MB (cached 25MB) IRAM 0/252kB(lfb 252kB) CPU [5%@921,4%@921,off,off] EMC_FREQ 0%@1600 GR3D_FREQ 0%@614 APE 25 PLL@29.5C CPU@32C iwlwifi@32C PMIC@50C GPU@30C AO@41C thermal@30.5C POM_5V_IN 1689/2102 POM_5V_GPU 82/103 POM_5V_CPU 123/480
RAM 1344/3964MB (lfb 8x4MB) SWAP 814/6078MB (cached 25MB) IRAM 0/252kB(lfb 252kB) CPU [8%@921,9%@921,off,off] EMC_FREQ 0%@1600 GR3D_FREQ 0%@614 APE 25 PLL@29.5C CPU@32C iwlwifi@32C PMIC@50C GPU@30C AO@41C thermal@31C POM_5V_IN 2256/2102 POM_5V_GPU 82/103 POM_5V_CPU 533/480
RAM 1339/3964MB (lfb 8x4MB) SWAP 814/6078MB (cached 25MB) IRAM 0/252kB(lfb 252kB) CPU [5%@921,6%@921,off,off] EMC_FREQ 0%@1600 GR3D_FREQ 0%@614 APE 25 PLL@29.5C CPU@31.5C iwlwifi@32C PMIC@50C GPU@30C AO@41C thermal@30.75C POM_5V_IN 1689/2101 POM_5V_GPU 82/103 POM_5V_CPU 164/479
RAM 1345/3964MB (lfb 8x4MB) SWAP 814/6078MB (cached 25MB) IRAM 0/252kB(lfb 252kB) CPU [10%@921,7%@921,off,off] EMC_FREQ 0%@1600 GR3D_FREQ 0%@614 APE 25 PLL@30C CPU@31.5C iwlwifi@32C PMIC@50C GPU@30C AO@41C thermal@30.75C POM_5V_IN 2136/2101 POM_5V_GPU 82/103 POM_5V_CPU 533/479
RAM 1342/3964MB (lfb 8x4MB) SWAP 814/6078MB (cached 25MB) IRAM 0/252kB(lfb 252kB) CPU [7%@921,5%@921,off,off] EMC_FREQ 0%@1600 GR3D_FREQ 0%@614 APE 25 PLL@29.5C CPU@31.5C iwlwifi@32C PMIC@50C GPU@30C AO@41.5C thermal@30.75C POM_5V_IN 1689/2101 POM_5V_GPU 82/103 POM_5V_CPU 164/479
RAM 1341/3964MB (lfb 8x4MB) SWAP 814/6078MB (cached 25MB) IRAM 0/252kB(lfb 252kB) CPU [6%@921,7%@921,off,off] EMC_FREQ 0%@1600 GR3D_FREQ 0%@614 APE 25 PLL@29.5C CPU@31.5C iwlwifi@32C PMIC@50C GPU@29.5C AO@41.5C thermal@30.5C POM_5V_IN 2174/2101 POM_5V_GPU 82/103 POM_5V_CPU 492/479
RAM 1349/3964MB (lfb 8x4MB) SWAP 814/6078MB (cached 25MB) IRAM 0/252kB(lfb 252kB) CPU [9%@921,5%@921,off,off] EMC_FREQ 0%@1600 GR3D_FREQ 0%@614 APE 25 PLL@30C CPU@31.5C iwlwifi@32C PMIC@50C GPU@29.5C AO@41.5C thermal@30.5C POM_5V_IN 2215/2101 POM_5V_GPU 82/103 POM_5V_CPU 492/479
RAM 1347/3964MB (lfb 8x4MB) SWAP 814/6078MB (cached 25MB) IRAM 0/252kB(lfb 252kB) CPU [9%@921,5%@921,off,off] EMC_FREQ 0%@1600 GR3D_FREQ 0%@614 APE 25 PLL@29.5C CPU@31.5C iwlwifi@32C PMIC@50C GPU@30C AO@41C thermal@30.75C POM_5V_IN 1851/2101 POM_5V_GPU 82/103 POM_5V_CPU 246/478
RAM 1343/3964MB (lfb 8x4MB) SWAP 814/6078MB (cached 25MB) IRAM 0/252kB(lfb 252kB) CPU [3%@921,10%@921,off,off] EMC_FREQ 0%@1600 GR3D_FREQ 0%@614 APE 25 PLL@29.5C CPU@31.5C iwlwifi@32C PMIC@50C GPU@29.5C AO@41C thermal@30.75C POM_5V_IN 1731/2100 POM_5V_GPU 82/103 POM_5V_CPU 164/478
RAM 1344/3964MB (lfb 8x4MB) SWAP 814/6078MB (cached 25MB) IRAM 0/252kB(lfb 252kB) CPU [6%@921,8%@921,off,off] EMC_FREQ 0%@1600 GR3D_FREQ 0%@614 APE 25 PLL@29.5C CPU@31.5C iwlwifi@32C PMIC@50C GPU@30C AO@41C thermal@30.5C POM_5V_IN 1772/2099 POM_5V_GPU 82/103 POM_5V_CPU 164/477
RAM 1344/3964MB (lfb 8x4MB) SWAP 814/6078MB (cached 25MB) IRAM 0/252kB(lfb 252kB) CPU [9%@921,4%@921,off,off] EMC_FREQ 0%@1600 GR3D_FREQ 0%@614 APE 25 PLL@29.5C CPU@31.5C iwlwifi@32C PMIC@50C GPU@30C AO@41C thermal@30.75C POM_5V_IN 1687/2099 POM_5V_GPU 82/103 POM_5V_CPU 164/477
RAM 1347/3964MB (lfb 8x4MB) SWAP 814/6078MB (cached 25MB) IRAM 0/252kB(lfb 252kB) CPU [6%@921,8%@921,off,off] EMC_FREQ 0%@1600 GR3D_FREQ 0%@614 APE 25 PLL@29.5C CPU@31.5C iwlwifi@32C PMIC@50C GPU@29.5C AO@41C thermal@30.75C POM_5V_IN 1689/2098 POM_5V_GPU 82/103 POM_5V_CPU 164/476
RAM 1337/3964MB (lfb 8x4MB) SWAP 814/6078MB (cached 25MB) IRAM 0/252kB(lfb 252kB) CPU [4%@921,5%@921,off,off] EMC_FREQ 0%@1600 GR3D_FREQ 0%@614 APE 25 PLL@29.5C CPU@31C iwlwifi@32C PMIC@50C GPU@29.5C AO@41C thermal@30.75C POM_5V_IN 1689/2097 POM_5V_GPU 82/103 POM_5V_CPU 164/475
RAM 1342/3964MB (lfb 8x4MB) SWAP 814/6078MB (cached 25MB) IRAM 0/252kB(lfb 252kB) CPU [8%@921,9%@921,off,off] EMC_FREQ 0%@1600 GR3D_FREQ 0%@614 APE 25 PLL@30C CPU@31C iwlwifi@32C PMIC@50C GPU@30C AO@41C thermal@30.75C POM_5V_IN 2133/2097 POM_5V_GPU 82/103 POM_5V_CPU 533/476
RAM 1340/3964MB (lfb 8x4MB) SWAP 814/6078MB (cached 25MB) IRAM 0/252kB(lfb 252kB) CPU [5%@921,5%@921,off,off] EMC_FREQ 0%@1600 GR3D_FREQ 0%@614 APE 25 PLL@29.5C CPU@31C iwlwifi@32C PMIC@50C GPU@29.5C AO@41C thermal@30.25C POM_5V_IN 1689/2096 POM_5V_GPU 82/103 POM_5V_CPU 164/475
RAM 1345/3964MB (lfb 8x4MB) SWAP 814/6078MB (cached 25MB) IRAM 0/252kB(lfb 252kB) CPU [7%@921,8%@921,off,off] EMC_FREQ 0%@1600 GR3D_FREQ 0%@614 APE 25 PLL@29.5C CPU@31.5C iwlwifi@32C PMIC@50C GPU@30C AO@41C thermal@30.75C POM_5V_IN 2136/2096 POM_5V_GPU 82/103 POM_5V_CPU 533/475
RAM 1343/3964MB (lfb 8x4MB) SWAP 814/6078MB (cached 25MB) IRAM 0/252kB(lfb 252kB) CPU [5%@921,10%@921,off,off] EMC_FREQ 0%@1600 GR3D_FREQ 0%@614 APE 25 PLL@29.5C CPU@32C iwlwifi@32C PMIC@50C GPU@29.5C AO@41C thermal@30.25C POM_5V_IN 2174/2097 POM_5V_GPU 82/103 POM_5V_CPU 492/475
RAM 1350/3964MB (lfb 8x4MB) SWAP 814/6078MB (cached 25MB) IRAM 0/252kB(lfb 252kB) CPU [6%@921,8%@921,off,off] EMC_FREQ 0%@1600 GR3D_FREQ 0%@614 APE 25 PLL@30C CPU@31.5C iwlwifi@32C PMIC@50C GPU@30C AO@41C thermal@30.5C POM_5V_IN 2297/2097 POM_5V_GPU 81/103 POM_5V_CPU 573/475
RAM 1343/3964MB (lfb 8x4MB) SWAP 814/6078MB (cached 25MB) IRAM 0/252kB(lfb 252kB) CPU [6%@921,7%@921,off,off] EMC_FREQ 0%@1600 GR3D_FREQ 0%@614 APE 25 PLL@29.5C CPU@31.5C iwlwifi@32C PMIC@50C GPU@30C AO@41C thermal@30.5C POM_5V_IN 2054/2097 POM_5V_GPU 82/103 POM_5V_CPU 451/475
RAM 1347/3964MB (lfb 8x4MB) SWAP 814/6078MB (cached 25MB) IRAM 0/252kB(lfb 252kB) CPU [5%@921,9%@921,off,off] EMC_FREQ 0%@1600 GR3D_FREQ 0%@614 APE 25 PLL@29.5C CPU@31.5C iwlwifi@32C PMIC@50C GPU@29.5C AO@41C thermal@30.5C POM_5V_IN 1772/2096 POM_5V_GPU 82/103 POM_5V_CPU 206/475
RAM 1343/3964MB (lfb 8x4MB) SWAP 814/6078MB (cached 25MB) IRAM 0/252kB(lfb 252kB) CPU [5%@921,9%@921,off,off] EMC_FREQ 0%@1600 GR3D_FREQ 0%@614 APE 25 PLL@29.5C CPU@31.5C iwlwifi@32C PMIC@50C GPU@29.5C AO@41C thermal@30.5C POM_5V_IN 1731/2096 POM_5V_GPU 82/103 POM_5V_CPU 164/474
RAM 1343/3964MB (lfb 8x4MB) SWAP 814/6078MB (cached 25MB) IRAM 0/252kB(lfb 252kB) CPU [7%@921,6%@921,off,off] EMC_FREQ 0%@1600 GR3D_FREQ 0%@614 APE 25 PLL@29.5C CPU@31.5C iwlwifi@32C PMIC@50C GPU@29.5C AO@40.5C thermal@30.5C POM_5V_IN 1689/2095 POM_5V_GPU 82/103 POM_5V_CPU 164/474
RAM 1345/3964MB (lfb 8x4MB) SWAP 814/6078MB (cached 25MB) IRAM 0/252kB(lfb 252kB) CPU [9%@921,5%@921,off,off] EMC_FREQ 0%@1600 GR3D_FREQ 0%@614 APE 25 PLL@29.5C CPU@32C iwlwifi@32C PMIC@50C GPU@30C AO@41C thermal@30.25C POM_5V_IN 1689/2094 POM_5V_GPU 82/103 POM_5V_CPU 164/473
RAM 1343/3964MB (lfb 8x4MB) SWAP 814/6078MB (cached 25MB) IRAM 0/252kB(lfb 252kB) CPU [7%@921,6%@921,off,off] EMC_FREQ 0%@1600 GR3D_FREQ 0%@614 APE 25 PLL@29C CPU@31.5C iwlwifi@32C PMIC@50C GPU@29.5C AO@40.5C thermal@30.5C POM_5V_IN 1731/2093 POM_5V_GPU 82/103 POM_5V_CPU 164/472
RAM 1334/3964MB (lfb 8x4MB) SWAP 814/6078MB (cached 25MB) IRAM 0/252kB(lfb 252kB) CPU [6%@921,4%@921,off,off] EMC_FREQ 0%@1600 GR3D_FREQ 0%@614 APE 25 PLL@29.5C CPU@31C iwlwifi@32C PMIC@50C GPU@29C AO@40.5C thermal@30.5C POM_5V_IN 1689/2093 POM_5V_GPU 82/102 POM_5V_CPU 123/472
RAM 1377/3964MB (lfb 8x4MB) SWAP 805/6078MB (cached 35MB) IRAM 0/252kB(lfb 252kB) CPU [9%@921,14%@921,off,off] EMC_FREQ 0%@1600 GR3D_FREQ 0%@614 APE 25 PLL@29.5C CPU@31.5C iwlwifi@32C PMIC@50C GPU@29.5C AO@41C thermal@30.5C POM_5V_IN 2095/2093 POM_5V_GPU 82/102 POM_5V_CPU 533/472
RAM 1361/3964MB (lfb 8x4MB) SWAP 805/6078MB (cached 35MB) IRAM 0/252kB(lfb 252kB) CPU [5%@921,6%@921,off,off] EMC_FREQ 0%@1600 GR3D_FREQ 0%@614 APE 25 PLL@29.5C CPU@31.5C iwlwifi@32C PMIC@50C GPU@29.5C AO@40.5C thermal@30.25C POM_5V_IN 1731/2092 POM_5V_GPU 82/102 POM_5V_CPU 164/471
RAM 1361/3964MB (lfb 8x4MB) SWAP 805/6078MB (cached 35MB) IRAM 0/252kB(lfb 252kB) CPU [8%@921,9%@921,off,off] EMC_FREQ 0%@1600 GR3D_FREQ 0%@614 APE 25 PLL@30C CPU@31.5C iwlwifi@32C PMIC@50C GPU@29.5C AO@40.5C thermal@30.5C POM_5V_IN 2133/2092 POM_5V_GPU 81/102 POM_5V_CPU 532/472
RAM 1360/3964MB (lfb 8x4MB) SWAP 805/6078MB (cached 35MB) IRAM 0/252kB(lfb 252kB) CPU [5%@921,7%@921,off,off] EMC_FREQ 0%@1600 GR3D_FREQ 0%@614 APE 25 PLL@29.5C CPU@31.5C iwlwifi@32C PMIC@50C GPU@29.5C AO@41C thermal@30.5C POM_5V_IN 1689/2091 POM_5V_GPU 82/102 POM_5V_CPU 123/471
RAM 1365/3964MB (lfb 8x4MB) SWAP 805/6078MB (cached 35MB) IRAM 0/252kB(lfb 252kB) CPU [10%@921,5%@921,off,off] EMC_FREQ 0%@1600 GR3D_FREQ 0%@614 APE 25 PLL@30C CPU@31.5C iwlwifi@32C PMIC@50C GPU@30C AO@41C thermal@30.5C POM_5V_IN 2252/2092 POM_5V_GPU 81/102 POM_5V_CPU 613/471
RAM 1359/3964MB (lfb 8x4MB) SWAP 805/6078MB (cached 35MB) IRAM 0/252kB(lfb 252kB) CPU [7%@921,7%@921,off,off] EMC_FREQ 0%@1600 GR3D_FREQ 0%@614 APE 25 PLL@29.5C CPU@31.5C iwlwifi@32C PMIC@50C GPU@29.5C AO@41C thermal@30.75C POM_5V_IN 1934/2091 POM_5V_GPU 82/102 POM_5V_CPU 329/471
RAM 1361/3964MB (lfb 8x4MB) SWAP 805/6078MB (cached 35MB) IRAM 0/252kB(lfb 252kB) CPU [7%@921,6%@921,off,off] EMC_FREQ 0%@1600 GR3D_FREQ 0%@614 APE 25 PLL@29C CPU@31.5C iwlwifi@32C PMIC@50C GPU@29.5C AO@41C thermal@30.5C POM_5V_IN 1731/2091 POM_5V_GPU 82/102 POM_5V_CPU 164/470
RAM 1358/3964MB (lfb 8x4MB) SWAP 805/6078MB (cached 35MB) IRAM 0/252kB(lfb 252kB) CPU [6%@921,7%@921,off,off] EMC_FREQ 0%@1600 GR3D_FREQ 0%@614 APE 25 PLL@29.5C CPU@31C iwlwifi@32C PMIC@50C GPU@29.5C AO@41C thermal@30.5C POM_5V_IN 1731/2090 POM_5V_GPU 82/102 POM_5V_CPU 164/470
RAM 1361/3964MB (lfb 8x4MB) SWAP 805/6078MB (cached 35MB) IRAM 0/252kB(lfb 252kB) CPU [7%@921,6%@921,off,off] EMC_FREQ 0%@1600 GR3D_FREQ 0%@614 APE 25 PLL@29.5C CPU@31.5C iwlwifi@32C PMIC@50C GPU@29.5C AO@41C thermal@30.75C POM_5V_IN 1731/2090 POM_5V_GPU 82/102 POM_5V_CPU 164/469
RAM 1361/3964MB (lfb 8x4MB) SWAP 805/6078MB (cached 35MB) IRAM 0/252kB(lfb 252kB) CPU [7%@921,6%@921,off,off] EMC_FREQ 0%@1600 GR3D_FREQ 0%@614 APE 25 PLL@29.5C CPU@32C iwlwifi@32C PMIC@50C GPU@29.5C AO@40.5C thermal@30.25C POM_5V_IN 1731/2089 POM_5V_GPU 82/102 POM_5V_CPU 164/469
RAM 1352/3964MB (lfb 8x4MB) SWAP 805/6078MB (cached 35MB) IRAM 0/252kB(lfb 252kB) CPU [5%@921,4%@921,off,off] EMC_FREQ 0%@1600 GR3D_FREQ 0%@614 APE 25 PLL@29.5C CPU@31C iwlwifi@32C PMIC@50C GPU@29.5C AO@41C thermal@30.75C POM_5V_IN 1689/2088 POM_5V_GPU 82/102 POM_5V_CPU 164/468
RAM 1359/3964MB (lfb 8x4MB) SWAP 805/6078MB (cached 35MB) IRAM 0/252kB(lfb 252kB) CPU [9%@921,9%@921,off,off] EMC_FREQ 0%@1600 GR3D_FREQ 0%@614 APE 25 PLL@29.5C CPU@31.5C iwlwifi@32C PMIC@50C GPU@29.5C AO@41C thermal@30.5C POM_5V_IN 2136/2088 POM_5V_GPU 82/102 POM_5V_CPU 533/468
RAM 1354/3964MB (lfb 8x4MB) SWAP 805/6078MB (cached 35MB) IRAM 0/252kB(lfb 252kB) CPU [4%@921,5%@921,off,off] EMC_FREQ 0%@1600 GR3D_FREQ 0%@614 APE 25 PLL@29.5C CPU@31.5C iwlwifi@32C PMIC@50C GPU@29.5C AO@41C thermal@30.5C POM_5V_IN 1731/2088 POM_5V_GPU 82/102 POM_5V_CPU 164/468
RAM 1359/3964MB (lfb 8x4MB) SWAP 805/6078MB (cached 35MB) IRAM 0/252kB(lfb 252kB) CPU [8%@921,9%@921,off,off] EMC_FREQ 0%@1600 GR3D_FREQ 0%@614 APE 25 PLL@30C CPU@31.5C iwlwifi@32C PMIC@50C GPU@29.5C AO@41C thermal@30.75C POM_5V_IN 2136/2088 POM_5V_GPU 82/102 POM_5V_CPU 533/468
RAM 1356/3964MB (lfb 8x4MB) SWAP 805/6078MB (cached 35MB) IRAM 0/252kB(lfb 252kB) CPU [5%@921,7%@921,off,off] EMC_FREQ 0%@1600 GR3D_FREQ 0%@614 APE 25 PLL@30C CPU@31.5C iwlwifi@32C PMIC@50C GPU@29.5C AO@41C thermal@30.75C POM_5V_IN 1689/2087 POM_5V_GPU 82/102 POM_5V_CPU 164/467
RAM 1360/3964MB (lfb 8x4MB) SWAP 805/6078MB (cached 35MB) IRAM 0/252kB(lfb 252kB) CPU [8%@921,6%@921,off,off] EMC_FREQ 0%@1600 GR3D_FREQ 0%@614 APE 25 PLL@30C CPU@31.5C iwlwifi@32C PMIC@50C GPU@29.5C AO@41C thermal@30.5C POM_5V_IN 2129/2087 POM_5V_GPU 81/102 POM_5V_CPU 532/467
RAM 1394/3964MB (lfb 8x4MB) SWAP 805/6078MB (cached 35MB) IRAM 0/252kB(lfb 252kB) CPU [11%@921,12%@921,off,off] EMC_FREQ 0%@1600 GR3D_FREQ 0%@614 APE 25 PLL@30C CPU@31.5C iwlwifi@32C PMIC@50C GPU@30C AO@41.5C thermal@30.75C POM_5V_IN 2256/2087 POM_5V_GPU 82/102 POM_5V_CPU 573/468
RAM 1361/3964MB (lfb 8x4MB) SWAP 805/6078MB (cached 35MB) IRAM 0/252kB(lfb 252kB) CPU [11%@921,11%@921,off,off] EMC_FREQ 1%@1600 GR3D_FREQ 0%@614 APE 25 PLL@29.5C CPU@32C iwlwifi@32C PMIC@50C GPU@29.5C AO@41C thermal@30.5C POM_5V_IN 2576/2088 POM_5V_GPU 81/102 POM_5V_CPU 858/468
RAM 1364/3964MB (lfb 8x4MB) SWAP 805/6078MB (cached 35MB) IRAM 0/252kB(lfb 252kB) CPU [5%@921,9%@921,off,off] EMC_FREQ 0%@1600 GR3D_FREQ 0%@614 APE 25 PLL@29.5C CPU@31.5C iwlwifi@32C PMIC@50C GPU@30C AO@41C thermal@30.75C POM_5V_IN 1731/2088 POM_5V_GPU 82/102 POM_5V_CPU 164/468
RAM 1362/3964MB (lfb 8x4MB) SWAP 805/6078MB (cached 35MB) IRAM 0/252kB(lfb 252kB) CPU [5%@921,8%@921,off,off] EMC_FREQ 0%@1600 GR3D_FREQ 0%@614 APE 25 PLL@30C CPU@31.5C iwlwifi@32C PMIC@50C GPU@29.5C AO@41C thermal@30.5C POM_5V_IN 1731/2087 POM_5V_GPU 82/102 POM_5V_CPU 164/467
RAM 1363/3964MB (lfb 8x4MB) SWAP 805/6078MB (cached 35MB) IRAM 0/252kB(lfb 252kB) CPU [8%@921,6%@921,off,off] EMC_FREQ 0%@1600 GR3D_FREQ 0%@614 APE 25 PLL@29.5C CPU@31.5C iwlwifi@32C PMIC@50C GPU@29.5C AO@41.5C thermal@30.5C POM_5V_IN 1689/2086 POM_5V_GPU 82/102 POM_5V_CPU 164/467
RAM 1363/3964MB (lfb 8x4MB) SWAP 805/6078MB (cached 35MB) IRAM 0/252kB(lfb 252kB) CPU [5%@921,9%@921,off,off] EMC_FREQ 0%@1600 GR3D_FREQ 0%@614 APE 25 PLL@29.5C CPU@31.5C iwlwifi@32C PMIC@50C GPU@29.5C AO@41C thermal@31C POM_5V_IN 1689/2086 POM_5V_GPU 82/102 POM_5V_CPU 164/466
RAM 1362/3964MB (lfb 8x4MB) SWAP 805/6078MB (cached 35MB) IRAM 0/252kB(lfb 252kB) CPU [6%@921,8%@921,off,off] EMC_FREQ 0%@1600 GR3D_FREQ 0%@614 APE 25 PLL@29.5C CPU@31.5C iwlwifi@32C PMIC@50C GPU@30C AO@41C thermal@30.75C POM_5V_IN 1689/2085 POM_5V_GPU 82/102 POM_5V_CPU 164/466
RAM 1361/3964MB (lfb 8x4MB) SWAP 805/6078MB (cached 35MB) IRAM 0/252kB(lfb 252kB) CPU [7%@921,6%@921,off,off] EMC_FREQ 0%@1600 GR3D_FREQ 0%@614 APE 25 PLL@29.5C CPU@31.5C iwlwifi@32C PMIC@50C GPU@30C AO@41C thermal@30.75C POM_5V_IN 1689/2084 POM_5V_GPU 82/102 POM_5V_CPU 164/465
RAM 1359/3964MB (lfb 8x4MB) SWAP 805/6078MB (cached 35MB) IRAM 0/252kB(lfb 252kB) CPU [6%@921,8%@921,off,off] EMC_FREQ 0%@1600 GR3D_FREQ 0%@614 APE 25 PLL@29.5C CPU@31.5C iwlwifi@32C PMIC@50C GPU@30C AO@41C thermal@30.75C POM_5V_IN 1689/2084 POM_5V_GPU 82/102 POM_5V_CPU 164/465
RAM 1352/3964MB (lfb 8x4MB) SWAP 805/6078MB (cached 35MB) IRAM 0/252kB(lfb 252kB) CPU [5%@921,3%@921,off,off] EMC_FREQ 0%@1600 GR3D_FREQ 0%@614 APE 25 PLL@29.5C CPU@31.5C iwlwifi@32C PMIC@50C GPU@29.5C AO@41C thermal@30.75C POM_5V_IN 1731/2083 POM_5V_GPU 82/102 POM_5V_CPU 164/464
RAM 1362/3964MB (lfb 8x4MB) SWAP 805/6078MB (cached 35MB) IRAM 0/252kB(lfb 252kB) CPU [9%@921,9%@921,off,off] EMC_FREQ 0%@1600 GR3D_FREQ 0%@614 APE 25 PLL@30C CPU@31.5C iwlwifi@32C PMIC@50C GPU@29.5C AO@41C thermal@30.75C POM_5V_IN 2095/2083 POM_5V_GPU 82/102 POM_5V_CPU 493/464
RAM 1356/3964MB (lfb 8x4MB) SWAP 805/6078MB (cached 35MB) IRAM 0/252kB(lfb 252kB) CPU [5%@921,5%@921,off,off] EMC_FREQ 0%@1600 GR3D_FREQ 0%@614 APE 25 PLL@30C CPU@31.5C iwlwifi@32C PMIC@50C GPU@29.5C AO@41C thermal@30.75C POM_5V_IN 1689/2082 POM_5V_GPU 82/101 POM_5V_CPU 164/464
RAM 1360/3964MB (lfb 8x4MB) SWAP 805/6078MB (cached 35MB) IRAM 0/252kB(lfb 252kB) CPU [6%@921,10%@921,off,off] EMC_FREQ 0%@1600 GR3D_FREQ 0%@614 APE 25 PLL@30C CPU@31.5C iwlwifi@32C PMIC@50C GPU@30C AO@41C thermal@31C POM_5V_IN 2133/2082 POM_5V_GPU 82/101 POM_5V_CPU 533/464
RAM 1360/3964MB (lfb 8x4MB) SWAP 803/6078MB (cached 34MB) IRAM 0/252kB(lfb 252kB) CPU [5%@921,6%@921,off,off] EMC_FREQ 0%@1600 GR3D_FREQ 0%@614 APE 25 PLL@29.5C CPU@31.5C iwlwifi@32C PMIC@50C GPU@30C AO@41C thermal@30.75C POM_5V_IN 1689/2082 POM_5V_GPU 82/101 POM_5V_CPU 164/463
RAM 1366/3964MB (lfb 8x4MB) SWAP 803/6078MB (cached 34MB) IRAM 0/252kB(lfb 252kB) CPU [6%@921,8%@921,off,off] EMC_FREQ 0%@1600 GR3D_FREQ 0%@614 APE 25 PLL@30C CPU@32C iwlwifi@32C PMIC@50C GPU@30C AO@41C thermal@30.5C POM_5V_IN 2297/2082 POM_5V_GPU 82/101 POM_5V_CPU 573/463
RAM 1365/3964MB (lfb 8x4MB) SWAP 803/6078MB (cached 34MB) IRAM 0/252kB(lfb 252kB) CPU [8%@921,6%@921,off,off] EMC_FREQ 0%@1600 GR3D_FREQ 0%@614 APE 25 PLL@29.5C CPU@32C iwlwifi@32C PMIC@50C GPU@30C AO@41C thermal@30.75C POM_5V_IN 2215/2082 POM_5V_GPU 82/101 POM_5V_CPU 574/464
RAM 1364/3964MB (lfb 8x4MB) SWAP 803/6078MB (cached 34MB) IRAM 0/252kB(lfb 252kB) CPU [4%@921,9%@921,off,off] EMC_FREQ 0%@1600 GR3D_FREQ 0%@614 APE 25 PLL@30C CPU@31.5C iwlwifi@32C PMIC@50C GPU@30C AO@40.5C thermal@31C POM_5V_IN 1851/2082 POM_5V_GPU 82/101 POM_5V_CPU 246/463
RAM 1361/3964MB (lfb 8x4MB) SWAP 803/6078MB (cached 34MB) IRAM 0/252kB(lfb 252kB) CPU [7%@921,6%@921,off,off] EMC_FREQ 0%@1600 GR3D_FREQ 0%@614 APE 25 PLL@30C CPU@31.5C iwlwifi@32C PMIC@50C GPU@30C AO@41C thermal@30.75C POM_5V_IN 1731/2081 POM_5V_GPU 82/101 POM_5V_CPU 164/463
RAM 1362/3964MB (lfb 8x4MB) SWAP 803/6078MB (cached 34MB) IRAM 0/252kB(lfb 252kB) CPU [5%@921,8%@921,off,off] EMC_FREQ 0%@1600 GR3D_FREQ 0%@614 APE 25 PLL@29.5C CPU@31.5C iwlwifi@32C PMIC@50C GPU@29.5C AO@41C thermal@30.5C POM_5V_IN 1689/2081 POM_5V_GPU 82/101 POM_5V_CPU 164/462
RAM 1361/3964MB (lfb 8x4MB) SWAP 803/6078MB (cached 34MB) IRAM 0/252kB(lfb 252kB) CPU [9%@921,5%@921,off,off] EMC_FREQ 0%@1600 GR3D_FREQ 0%@614 APE 25 PLL@30C CPU@32C iwlwifi@32C PMIC@50C GPU@30C AO@41C thermal@30.75C POM_5V_IN 1689/2080 POM_5V_GPU 82/101 POM_5V_CPU 164/462
RAM 1360/3964MB (lfb 8x4MB) SWAP 803/6078MB (cached 34MB) IRAM 0/252kB(lfb 252kB) CPU [9%@921,3%@921,off,off] EMC_FREQ 0%@1600 GR3D_FREQ 0%@614 APE 25 PLL@29.5C CPU@31.5C iwlwifi@32C PMIC@50C GPU@30C AO@41C thermal@31C POM_5V_IN 1689/2079 POM_5V_GPU 82/101 POM_5V_CPU 164/461
RAM 1354/3964MB (lfb 8x4MB) SWAP 803/6078MB (cached 34MB) IRAM 0/252kB(lfb 252kB) CPU [4%@921,5%@921,off,off] EMC_FREQ 0%@1600 GR3D_FREQ 0%@614 APE 25 PLL@29.5C CPU@31.5C iwlwifi@32C PMIC@50C GPU@30C AO@41.5C thermal@30.75C POM_5V_IN 1689/2079 POM_5V_GPU 82/101 POM_5V_CPU 164/461
RAM 1362/3964MB (lfb 8x4MB) SWAP 803/6078MB (cached 34MB) IRAM 0/252kB(lfb 252kB) CPU [6%@921,11%@921,off,off] EMC_FREQ 0%@1600 GR3D_FREQ 0%@614 APE 25 PLL@30C CPU@32C iwlwifi@32C PMIC@50C GPU@30C AO@40.5C thermal@30.75C POM_5V_IN 2136/2079 POM_5V_GPU 82/101 POM_5V_CPU 533/461
RAM 1355/3964MB (lfb 8x4MB) SWAP 803/6078MB (cached 34MB) IRAM 0/252kB(lfb 252kB) CPU [5%@921,7%@921,off,off] EMC_FREQ 0%@1600 GR3D_FREQ 0%@614 APE 25 PLL@30C CPU@31.5C iwlwifi@32C PMIC@50C GPU@30C AO@41C thermal@30.5C POM_5V_IN 1689/2078 POM_5V_GPU 82/101 POM_5V_CPU 164/460
RAM 1360/3964MB (lfb 8x4MB) SWAP 803/6078MB (cached 34MB) IRAM 0/252kB(lfb 252kB) CPU [5%@921,9%@921,off,off] EMC_FREQ 0%@1600 GR3D_FREQ 0%@614 APE 25 PLL@30C CPU@31.5C iwlwifi@32C PMIC@50C GPU@30C AO@41C thermal@30.5C POM_5V_IN 2136/2078 POM_5V_GPU 82/101 POM_5V_CPU 533/461
RAM 1361/3964MB (lfb 8x4MB) SWAP 803/6078MB (cached 34MB) IRAM 0/252kB(lfb 252kB) CPU [5%@921,9%@921,off,off] EMC_FREQ 0%@1600 GR3D_FREQ 0%@614 APE 25 PLL@30C CPU@32C iwlwifi@32C PMIC@50C GPU@30.5C AO@41C thermal@30.75C POM_5V_IN 2215/2078 POM_5V_GPU 82/101 POM_5V_CPU 492/461
RAM 1363/3964MB (lfb 8x4MB) SWAP 803/6078MB (cached 34MB) IRAM 0/252kB(lfb 252kB) CPU [8%@921,6%@921,off,off] EMC_FREQ 0%@1600 GR3D_FREQ 0%@614 APE 25 PLL@30C CPU@31.5C iwlwifi@32C PMIC@50C GPU@30C AO@41C thermal@30.75C POM_5V_IN 2334/2079 POM_5V_GPU 81/101 POM_5V_CPU 614/461
RAM 1360/3964MB (lfb 8x4MB) SWAP 803/6078MB (cached 34MB) IRAM 0/252kB(lfb 252kB) CPU [6%@921,8%@921,off,off] EMC_FREQ 0%@1600 GR3D_FREQ 0%@614 APE 25 PLL@30C CPU@32C iwlwifi@32C PMIC@50C GPU@30C AO@41C thermal@31C POM_5V_IN 2054/2079 POM_5V_GPU 82/101 POM_5V_CPU 451/461
RAM 1364/3964MB (lfb 8x4MB) SWAP 803/6078MB (cached 34MB) IRAM 0/252kB(lfb 252kB) CPU [5%@921,9%@921,off,off] EMC_FREQ 0%@1600 GR3D_FREQ 0%@614 APE 25 PLL@30C CPU@31.5C iwlwifi@32C PMIC@50C GPU@30C AO@41C thermal@30.75C POM_5V_IN 1772/2078 POM_5V_GPU 82/101 POM_5V_CPU 206/460
RAM 1362/3964MB (lfb 8x4MB) SWAP 803/6078MB (cached 34MB) IRAM 0/252kB(lfb 252kB) CPU [7%@921,6%@921,off,off] EMC_FREQ 0%@1600 GR3D_FREQ 0%@614 APE 25 PLL@30C CPU@31.5C iwlwifi@32C PMIC@50C GPU@29.5C AO@41C thermal@30.75C POM_5V_IN 1731/2078 POM_5V_GPU 82/101 POM_5V_CPU 164/460
RAM 1360/3964MB (lfb 8x4MB) SWAP 803/6078MB (cached 34MB) IRAM 0/252kB(lfb 252kB) CPU [8%@921,5%@921,off,off] EMC_FREQ 0%@1600 GR3D_FREQ 0%@614 APE 25 PLL@29.5C CPU@31C iwlwifi@32C PMIC@50C GPU@30C AO@41C thermal@30.75C POM_5V_IN 1689/2077 POM_5V_GPU 82/101 POM_5V_CPU 164/459
RAM 1360/3964MB (lfb 8x4MB) SWAP 803/6078MB (cached 34MB) IRAM 0/252kB(lfb 252kB) CPU [7%@921,6%@921,off,off] EMC_FREQ 0%@1600 GR3D_FREQ 0%@614 APE 25 PLL@30C CPU@32C iwlwifi@32C PMIC@50C GPU@30C AO@41.5C thermal@31C POM_5V_IN 1975/2077 POM_5V_GPU 82/101 POM_5V_CPU 369/459
RAM 1361/3964MB (lfb 8x4MB) SWAP 803/6078MB (cached 34MB) IRAM 0/252kB(lfb 252kB) CPU [6%@921,8%@921,off,off] EMC_FREQ 0%@1600 GR3D_FREQ 0%@614 APE 25 PLL@29.5C CPU@31.5C iwlwifi@32C PMIC@50C GPU@30C AO@41C thermal@31C POM_5V_IN 1689/2076 POM_5V_GPU 82/101 POM_5V_CPU 123/459
RAM 1364/3964MB (lfb 8x4MB) SWAP 803/6078MB (cached 34MB) IRAM 0/252kB(lfb 252kB) CPU [5%@921,8%@921,off,off] EMC_FREQ 0%@1600 GR3D_FREQ 0%@614 APE 25 PLL@29.5C CPU@32C iwlwifi@32C PMIC@50C GPU@30C AO@41C thermal@30.75C POM_5V_IN 1689/2076 POM_5V_GPU 82/101 POM_5V_CPU 164/458
RAM 1355/3964MB (lfb 8x4MB) SWAP 803/6078MB (cached 34MB) IRAM 0/252kB(lfb 252kB) CPU [7%@921,4%@921,off,off] EMC_FREQ 0%@1600 GR3D_FREQ 0%@614 APE 25 PLL@30C CPU@32C iwlwifi@32C PMIC@50C GPU@30C AO@41.5C thermal@30.5C POM_5V_IN 1728/2075 POM_5V_GPU 82/101 POM_5V_CPU 164/458
RAM 1358/3964MB (lfb 8x4MB) SWAP 803/6078MB (cached 34MB) IRAM 0/252kB(lfb 252kB) CPU [7%@921,7%@921,off,off] EMC_FREQ 0%@1600 GR3D_FREQ 0%@614 APE 25 PLL@30C CPU@32C iwlwifi@32C PMIC@50C GPU@29.5C AO@41C thermal@30.75C POM_5V_IN 2133/2075 POM_5V_GPU 82/101 POM_5V_CPU 574/458
RAM 1360/3964MB (lfb 8x4MB) SWAP 803/6078MB (cached 34MB) IRAM 0/252kB(lfb 252kB) CPU [8%@921,7%@921,off,off] EMC_FREQ 0%@1600 GR3D_FREQ 0%@614 APE 25 PLL@30C CPU@31.5C iwlwifi@32C PMIC@50C GPU@30C AO@41.5C thermal@30.75C POM_5V_IN 2174/2075 POM_5V_GPU 82/101 POM_5V_CPU 574/458
RAM 1362/3964MB (lfb 8x4MB) SWAP 803/6078MB (cached 34MB) IRAM 0/252kB(lfb 252kB) CPU [6%@921,8%@921,off,off] EMC_FREQ 0%@1600 GR3D_FREQ 0%@614 APE 25 PLL@30C CPU@31.5C iwlwifi@32C PMIC@50C GPU@30C AO@41C thermal@30.75C POM_5V_IN 2334/2076 POM_5V_GPU 81/101 POM_5V_CPU 614/458
RAM 1367/3964MB (lfb 8x4MB) SWAP 803/6078MB (cached 34MB) IRAM 0/252kB(lfb 252kB) CPU [7%@921,8%@921,off,off] EMC_FREQ 0%@1600 GR3D_FREQ 0%@614 APE 25 PLL@30.5C CPU@31.5C iwlwifi@32C PMIC@50C GPU@29.5C AO@41.5C thermal@30.5C POM_5V_IN 2297/2076 POM_5V_GPU 82/101 POM_5V_CPU 573/459
RAM 1368/3964MB (lfb 8x4MB) SWAP 803/6078MB (cached 34MB) IRAM 0/252kB(lfb 252kB) CPU [12%@921,9%@921,off,off] EMC_FREQ 0%@1600 GR3D_FREQ 0%@614 APE 25 PLL@30C CPU@31.5C iwlwifi@33C PMIC@50C GPU@30C AO@41.5C thermal@31C POM_5V_IN 1892/2076 POM_5V_GPU 82/101 POM_5V_CPU 288/458
RAM 1367/3964MB (lfb 8x4MB) SWAP 803/6078MB (cached 34MB) IRAM 0/252kB(lfb 252kB) CPU [51%@921,54%@921,off,off] EMC_FREQ 0%@1600 GR3D_FREQ 0%@614 APE 25 PLL@30C CPU@31.5C iwlwifi@32C PMIC@50C GPU@30C AO@41.5C thermal@31.25C POM_5V_IN 2088/2076 POM_5V_GPU 81/101 POM_5V_CPU 286/458
RAM 1384/3964MB (lfb 8x4MB) SWAP 802/6078MB (cached 34MB) IRAM 0/252kB(lfb 252kB) CPU [80%@921,81%@921,off,off] EMC_FREQ 0%@1600 GR3D_FREQ 0%@614 APE 25 PLL@30C CPU@31.5C iwlwifi@32C PMIC@50C GPU@30C AO@41.5C thermal@31.5C POM_5V_IN 1931/2076 POM_5V_GPU 82/100 POM_5V_CPU 369/458
RAM 1375/3964MB (lfb 8x4MB) SWAP 802/6078MB (cached 34MB) IRAM 0/252kB(lfb 252kB) CPU [8%@921,10%@921,off,off] EMC_FREQ 1%@1600 GR3D_FREQ 0%@614 APE 25 PLL@30.5C CPU@32C iwlwifi@32C PMIC@50C GPU@30C AO@41C thermal@31.25C POM_5V_IN 2334/2076 POM_5V_GPU 81/100 POM_5V_CPU 696/458
RAM 1377/3964MB (lfb 8x4MB) SWAP 802/6078MB (cached 34MB) IRAM 0/252kB(lfb 252kB) CPU [6%@921,8%@921,off,off] EMC_FREQ 0%@1600 GR3D_FREQ 0%@614 APE 25 PLL@30C CPU@32C iwlwifi@32C PMIC@50C GPU@30C AO@41.5C thermal@30.75C POM_5V_IN 1689/2075 POM_5V_GPU 82/100 POM_5V_CPU 164/458
RAM 1367/3964MB (lfb 8x4MB) SWAP 802/6078MB (cached 34MB) IRAM 0/252kB(lfb 252kB) CPU [4%@921,4%@921,off,off] EMC_FREQ 0%@1600 GR3D_FREQ 0%@614 APE 25 PLL@30C CPU@32C iwlwifi@32C PMIC@50C GPU@30C AO@41.5C thermal@30.75C POM_5V_IN 1689/2075 POM_5V_GPU 82/100 POM_5V_CPU 164/457
RAM 1373/3964MB (lfb 8x4MB) SWAP 802/6078MB (cached 34MB) IRAM 0/252kB(lfb 252kB) CPU [11%@921,6%@921,off,off] EMC_FREQ 0%@1600 GR3D_FREQ 0%@614 APE 25 PLL@30.5C CPU@32C iwlwifi@32C PMIC@50C GPU@30C AO@41.5C thermal@31C POM_5V_IN 2136/2075 POM_5V_GPU 82/100 POM_5V_CPU 533/457
RAM 1370/3964MB (lfb 8x4MB) SWAP 802/6078MB (cached 34MB) IRAM 0/252kB(lfb 252kB) CPU [3%@921,7%@921,off,off] EMC_FREQ 0%@1600 GR3D_FREQ 0%@614 APE 25 PLL@30.5C CPU@31.5C iwlwifi@32C PMIC@50C GPU@30C AO@41.5C thermal@30.75C POM_5V_IN 1689/2074 POM_5V_GPU 82/100 POM_5V_CPU 164/457
RAM 1369/3964MB (lfb 8x4MB) SWAP 802/6078MB (cached 34MB) IRAM 0/252kB(lfb 252kB) CPU [5%@921,9%@921,off,off] EMC_FREQ 0%@1600 GR3D_FREQ 0%@614 APE 25 PLL@30.5C CPU@32C iwlwifi@34C PMIC@50C GPU@30C AO@41.5C thermal@30.75C POM_5V_IN 2136/2074 POM_5V_GPU 82/100 POM_5V_CPU 533/457
RAM 1373/3964MB (lfb 8x4MB) SWAP 802/6078MB (cached 34MB) IRAM 0/252kB(lfb 252kB) CPU [6%@921,9%@921,off,off] EMC_FREQ 0%@1600 GR3D_FREQ 0%@614 APE 25 PLL@30.5C CPU@32C iwlwifi@32C PMIC@50C GPU@30C AO@41.5C thermal@30.75C POM_5V_IN 2133/2074 POM_5V_GPU 82/100 POM_5V_CPU 574/457
RAM 1374/3964MB (lfb 8x4MB) SWAP 802/6078MB (cached 34MB) IRAM 0/252kB(lfb 252kB) CPU [7%@921,8%@921,off,off] EMC_FREQ 0%@1600 GR3D_FREQ 0%@614 APE 25 PLL@30.5C CPU@33C iwlwifi@32C PMIC@50C GPU@30C AO@41.5C thermal@31C POM_5V_IN 2576/2075 POM_5V_GPU 81/100 POM_5V_CPU 817/458
RAM 1377/3964MB (lfb 8x4MB) SWAP 802/6078MB (cached 34MB) IRAM 0/252kB(lfb 252kB) CPU [7%@921,7%@921,off,off] EMC_FREQ 0%@1600 GR3D_FREQ 0%@614 APE 25 PLL@30.5C CPU@32C iwlwifi@32C PMIC@50C GPU@30C AO@41.5C thermal@30.75C POM_5V_IN 2293/2076 POM_5V_GPU 81/100 POM_5V_CPU 573/458
RAM 1377/3964MB (lfb 8x4MB) SWAP 802/6078MB (cached 34MB) IRAM 0/252kB(lfb 252kB) CPU [6%@921,8%@921,off,off] EMC_FREQ 0%@1600 GR3D_FREQ 0%@614 APE 25 PLL@30C CPU@31.5C iwlwifi@32C PMIC@50C GPU@30C AO@41.5C thermal@31.25C POM_5V_IN 1813/2075 POM_5V_GPU 82/100 POM_5V_CPU 205/458
RAM 1373/3964MB (lfb 8x4MB) SWAP 802/6078MB (cached 34MB) IRAM 0/252kB(lfb 252kB) CPU [5%@921,8%@921,off,off] EMC_FREQ 0%@1600 GR3D_FREQ 0%@614 APE 25 PLL@30C CPU@32C iwlwifi@32C PMIC@50C GPU@30.5C AO@41.5C thermal@31C POM_5V_IN 1731/2075 POM_5V_GPU 82/100 POM_5V_CPU 164/457
RAM 1377/3964MB (lfb 8x4MB) SWAP 802/6078MB (cached 34MB) IRAM 0/252kB(lfb 252kB) CPU [7%@921,6%@921,off,off] EMC_FREQ 0%@1600 GR3D_FREQ 0%@614 APE 25 PLL@30C CPU@31.5C iwlwifi@32C PMIC@50C GPU@30C AO@41C thermal@31C POM_5V_IN 1731/2074 POM_5V_GPU 82/100 POM_5V_CPU 164/457
RAM 1371/3964MB (lfb 8x4MB) SWAP 802/6078MB (cached 34MB) IRAM 0/252kB(lfb 252kB) CPU [9%@921,4%@921,off,off] EMC_FREQ 0%@1600 GR3D_FREQ 0%@614 APE 25 PLL@30C CPU@31.5C iwlwifi@32C PMIC@50C GPU@30C AO@41C thermal@30.75C POM_5V_IN 1689/2073 POM_5V_GPU 82/100 POM_5V_CPU 164/456
RAM 1372/3964MB (lfb 8x4MB) SWAP 802/6078MB (cached 34MB) IRAM 0/252kB(lfb 252kB) CPU [10%@921,4%@921,off,off] EMC_FREQ 0%@1600 GR3D_FREQ 0%@614 APE 25 PLL@30.5C CPU@31.5C iwlwifi@32C PMIC@50C GPU@30C AO@41C thermal@31C POM_5V_IN 1731/2073 POM_5V_GPU 82/100 POM_5V_CPU 164/456
RAM 1370/3964MB (lfb 8x4MB) SWAP 802/6078MB (cached 34MB) IRAM 0/252kB(lfb 252kB) CPU [6%@921,7%@921,off,off] EMC_FREQ 0%@1600 GR3D_FREQ 0%@614 APE 25 PLL@29.5C CPU@31.5C iwlwifi@32C PMIC@50C GPU@30.5C AO@41C thermal@31C POM_5V_IN 1689/2072 POM_5V_GPU 82/100 POM_5V_CPU 164/455
RAM 1367/3964MB (lfb 8x4MB) SWAP 802/6078MB (cached 34MB) IRAM 0/252kB(lfb 252kB) CPU [7%@921,3%@921,off,off] EMC_FREQ 0%@1600 GR3D_FREQ 0%@614 APE 25 PLL@30C CPU@32C iwlwifi@32C PMIC@50C GPU@30C AO@41.5C thermal@30.75C POM_5V_IN 1689/2072 POM_5V_GPU 82/100 POM_5V_CPU 164/455
RAM 1370/3964MB (lfb 8x4MB) SWAP 802/6078MB (cached 34MB) IRAM 0/252kB(lfb 252kB) CPU [7%@921,9%@921,off,off] EMC_FREQ 0%@1600 GR3D_FREQ 0%@614 APE 25 PLL@30C CPU@32C iwlwifi@32C PMIC@50C GPU@30C AO@41C thermal@30.75C POM_5V_IN 2136/2072 POM_5V_GPU 82/100 POM_5V_CPU 533/455
RAM 1371/3964MB (lfb 8x4MB) SWAP 802/6078MB (cached 34MB) IRAM 0/252kB(lfb 252kB) CPU [3%@921,8%@921,off,off] EMC_FREQ 0%@1600 GR3D_FREQ 0%@614 APE 25 PLL@30C CPU@32C iwlwifi@32C PMIC@50C GPU@30.5C AO@41.5C thermal@30.75C POM_5V_IN 1689/2071 POM_5V_GPU 82/100 POM_5V_CPU 164/454
RAM 1373/3964MB (lfb 8x4MB) SWAP 802/6078MB (cached 34MB) IRAM 0/252kB(lfb 252kB) CPU [10%@921,5%@921,off,off] EMC_FREQ 0%@1600 GR3D_FREQ 0%@614 APE 25 PLL@30.5C CPU@31.5C iwlwifi@32C PMIC@50C GPU@30C AO@41.5C thermal@31C POM_5V_IN 2293/2072 POM_5V_GPU 81/100 POM_5V_CPU 532/455
RAM 1375/3964MB (lfb 8x4MB) SWAP 802/6078MB (cached 34MB) IRAM 0/252kB(lfb 252kB) CPU [7%@921,7%@921,off,off] EMC_FREQ 0%@1600 GR3D_FREQ 0%@614 APE 25 PLL@30.5C CPU@32.5C iwlwifi@32C PMIC@50C GPU@30C AO@41.5C thermal@30.75C POM_5V_IN 2613/2072 POM_5V_GPU 81/100 POM_5V_CPU 734/455
RAM 1376/3964MB (lfb 8x4MB) SWAP 802/6078MB (cached 34MB) IRAM 0/252kB(lfb 252kB) CPU [7%@921,8%@921,off,off] EMC_FREQ 0%@1600 GR3D_FREQ 0%@614 APE 25 PLL@30C CPU@32C iwlwifi@32C PMIC@50C GPU@30C AO@41.5C thermal@30.75C POM_5V_IN 2215/2073 POM_5V_GPU 82/100 POM_5V_CPU 574/455
RAM 1368/3964MB (lfb 8x4MB) SWAP 802/6078MB (cached 34MB) IRAM 0/252kB(lfb 252kB) CPU [7%@921,6%@921,off,off] EMC_FREQ 0%@1600 GR3D_FREQ 0%@614 APE 25 PLL@30.5C CPU@31.5C iwlwifi@32C PMIC@50C GPU@30C AO@41.5C thermal@30.75C POM_5V_IN 1772/2072 POM_5V_GPU 82/100 POM_5V_CPU 206/455
RAM 1382/3964MB (lfb 8x4MB) SWAP 802/6078MB (cached 34MB) IRAM 0/252kB(lfb 252kB) CPU [9%@921,6%@921,off,off] EMC_FREQ 0%@1600 GR3D_FREQ 0%@614 APE 25 PLL@30C CPU@31.5C iwlwifi@32C PMIC@50C GPU@30C AO@41C thermal@30.75C POM_5V_IN 1731/2072 POM_5V_GPU 82/100 POM_5V_CPU 164/454
RAM 1371/3964MB (lfb 8x4MB) SWAP 802/6078MB (cached 34MB) IRAM 0/252kB(lfb 252kB) CPU [8%@921,6%@921,off,off] EMC_FREQ 0%@1600 GR3D_FREQ 0%@614 APE 25 PLL@30C CPU@31.5C iwlwifi@32C PMIC@50C GPU@30C AO@41.5C thermal@30.75C POM_5V_IN 1689/2071 POM_5V_GPU 82/100 POM_5V_CPU 164/454
RAM 1367/3964MB (lfb 8x4MB) SWAP 802/6078MB (cached 34MB) IRAM 0/252kB(lfb 252kB) CPU [9%@921,5%@921,off,off] EMC_FREQ 0%@1600 GR3D_FREQ 0%@614 APE 25 PLL@30C CPU@31.5C iwlwifi@32C PMIC@50C GPU@30C AO@41.5C thermal@31C POM_5V_IN 1689/2070 POM_5V_GPU 82/100 POM_5V_CPU 164/453
RAM 1368/3964MB (lfb 8x4MB) SWAP 802/6078MB (cached 34MB) IRAM 0/252kB(lfb 252kB) CPU [4%@921,9%@921,off,off] EMC_FREQ 0%@1600 GR3D_FREQ 0%@614 APE 25 PLL@30C CPU@32C iwlwifi@32C PMIC@50C GPU@30C AO@41C thermal@30.75C POM_5V_IN 1689/2070 POM_5V_GPU 82/100 POM_5V_CPU 164/453
RAM 1362/3964MB (lfb 8x4MB) SWAP 802/6078MB (cached 34MB) IRAM 0/252kB(lfb 252kB) CPU [6%@921,4%@921,off,off] EMC_FREQ 0%@1600 GR3D_FREQ 0%@614 APE 25 PLL@30C CPU@31.5C iwlwifi@32C PMIC@50C GPU@30C AO@41.5C thermal@31C POM_5V_IN 1689/2069 POM_5V_GPU 82/100 POM_5V_CPU 164/453
RAM 1370/3964MB (lfb 8x4MB) SWAP 802/6078MB (cached 34MB) IRAM 0/252kB(lfb 252kB) CPU [11%@921,6%@921,off,off] EMC_FREQ 0%@1600 GR3D_FREQ 0%@614 APE 25 PLL@30C CPU@31.5C iwlwifi@32C PMIC@50C GPU@30.5C AO@41C thermal@30.75C POM_5V_IN 2136/2069 POM_5V_GPU 82/100 POM_5V_CPU 533/453
RAM 1369/3964MB (lfb 8x4MB) SWAP 802/6078MB (cached 34MB) IRAM 0/252kB(lfb 252kB) CPU [4%@921,7%@921,off,off] EMC_FREQ 0%@1600 GR3D_FREQ 0%@614 APE 25 PLL@30C CPU@32C iwlwifi@32C PMIC@50C GPU@30C AO@41.5C thermal@31C POM_5V_IN 1689/2069 POM_5V_GPU 82/100 POM_5V_CPU 164/452
RAM 1368/3964MB (lfb 8x4MB) SWAP 802/6078MB (cached 34MB) IRAM 0/252kB(lfb 252kB) CPU [8%@921,6%@921,off,off] EMC_FREQ 0%@1600 GR3D_FREQ 0%@614 APE 25 PLL@30C CPU@32C iwlwifi@32C PMIC@50C GPU@30C AO@41.5C thermal@30.75C POM_5V_IN 2174/2069 POM_5V_GPU 82/100 POM_5V_CPU 574/452
RAM 1372/3964MB (lfb 8x4MB) SWAP 802/6078MB (cached 34MB) IRAM 0/252kB(lfb 252kB) CPU [9%@921,5%@921,off,off] EMC_FREQ 0%@1600 GR3D_FREQ 0%@614 APE 25 PLL@30C CPU@32C iwlwifi@32C PMIC@50C GPU@30C AO@41C thermal@31C POM_5V_IN 2375/2069 POM_5V_GPU 81/100 POM_5V_CPU 573/453
RAM 1375/3964MB (lfb 8x4MB) SWAP 802/6078MB (cached 34MB) IRAM 0/252kB(lfb 252kB) CPU [7%@921,6%@921,off,off] EMC_FREQ 0%@1600 GR3D_FREQ 0%@614 APE 25 PLL@30C CPU@32C iwlwifi@32C PMIC@50C GPU@30.5C AO@41.5C thermal@31.25C POM_5V_IN 2211/2070 POM_5V_GPU 81/100 POM_5V_CPU 573/453
RAM 1370/3964MB (lfb 8x4MB) SWAP 802/6078MB (cached 34MB) IRAM 0/252kB(lfb 252kB) CPU [9%@921,5%@921,off,off] EMC_FREQ 0%@1600 GR3D_FREQ 0%@614 APE 25 PLL@30C CPU@32C iwlwifi@32C PMIC@50C GPU@30.5C AO@41.5C thermal@31C POM_5V_IN 1934/2069 POM_5V_GPU 82/100 POM_5V_CPU 329/453
RAM 1368/3964MB (lfb 8x4MB) SWAP 802/6078MB (cached 34MB) IRAM 0/252kB(lfb 252kB) CPU [8%@921,7%@921,off,off] EMC_FREQ 0%@1600 GR3D_FREQ 0%@614 APE 25 PLL@29.5C CPU@32C iwlwifi@32C PMIC@50C GPU@30C AO@41C thermal@31C POM_5V_IN 1731/2069 POM_5V_GPU 82/99 POM_5V_CPU 164/452
RAM 1372/3964MB (lfb 8x4MB) SWAP 802/6078MB (cached 34MB) IRAM 0/252kB(lfb 252kB) CPU [8%@921,5%@921,off,off] EMC_FREQ 0%@1600 GR3D_FREQ 0%@614 APE 25 PLL@30C CPU@32C iwlwifi@32C PMIC@50C GPU@30.5C AO@41C thermal@30.75C POM_5V_IN 1689/2068 POM_5V_GPU 82/99 POM_5V_CPU 164/452
RAM 1370/3964MB (lfb 8x4MB) SWAP 802/6078MB (cached 34MB) IRAM 0/252kB(lfb 252kB) CPU [10%@921,4%@921,off,off] EMC_FREQ 0%@1600 GR3D_FREQ 0%@614 APE 25 PLL@29.5C CPU@31.5C iwlwifi@32C PMIC@50C GPU@30C AO@41C thermal@31C POM_5V_IN 1689/2068 POM_5V_GPU 82/99 POM_5V_CPU 164/451
RAM 1370/3964MB (lfb 8x4MB) SWAP 802/6078MB (cached 34MB) IRAM 0/252kB(lfb 252kB) CPU [6%@921,6%@921,off,off] EMC_FREQ 0%@1600 GR3D_FREQ 0%@614 APE 25 PLL@29.5C CPU@31.5C iwlwifi@32C PMIC@50C GPU@30C AO@41.5C thermal@31C POM_5V_IN 1689/2067 POM_5V_GPU 82/99 POM_5V_CPU 164/451
RAM 1360/3964MB (lfb 8x4MB) SWAP 802/6078MB (cached 34MB) IRAM 0/252kB(lfb 252kB) CPU [7%@921,3%@921,off,off] EMC_FREQ 0%@1600 GR3D_FREQ 0%@614 APE 25 PLL@30C CPU@31.5C iwlwifi@32C PMIC@50C GPU@30C AO@41.5C thermal@31C POM_5V_IN 1689/2067 POM_5V_GPU 82/99 POM_5V_CPU 164/450
RAM 1367/3964MB (lfb 8x4MB) SWAP 802/6078MB (cached 34MB) IRAM 0/252kB(lfb 252kB) CPU [8%@921,9%@921,off,off] EMC_FREQ 0%@1600 GR3D_FREQ 0%@614 APE 25 PLL@30C CPU@31.5C iwlwifi@32C PMIC@50C GPU@30C AO@41C thermal@30.75C POM_5V_IN 2133/2067 POM_5V_GPU 82/99 POM_5V_CPU 532/450
RAM 1364/3964MB (lfb 8x4MB) SWAP 802/6078MB (cached 34MB) IRAM 0/252kB(lfb 252kB) CPU [6%@921,5%@921,off,off] EMC_FREQ 0%@1600 GR3D_FREQ 0%@614 APE 25 PLL@30C CPU@32C iwlwifi@32C PMIC@50C GPU@30C AO@41.5C thermal@30.75C POM_5V_IN 1689/2066 POM_5V_GPU 82/99 POM_5V_CPU 164/450
RAM 1366/3964MB (lfb 8x4MB) SWAP 802/6078MB (cached 34MB) IRAM 0/252kB(lfb 252kB) CPU [6%@921,8%@921,off,off] EMC_FREQ 0%@1600 GR3D_FREQ 0%@614 APE 25 PLL@30C CPU@32C iwlwifi@32C PMIC@50C GPU@30C AO@41.5C thermal@30.75C POM_5V_IN 2133/2066 POM_5V_GPU 82/99 POM_5V_CPU 574/450
RAM 1369/3964MB (lfb 8x4MB) SWAP 802/6078MB (cached 34MB) IRAM 0/252kB(lfb 252kB) CPU [5%@921,9%@921,off,off] EMC_FREQ 0%@1600 GR3D_FREQ 0%@614 APE 25 PLL@30C CPU@32C iwlwifi@32C PMIC@50C GPU@30C AO@41.5C thermal@31C POM_5V_IN 2174/2066 POM_5V_GPU 82/99 POM_5V_CPU 574/450
RAM 1375/3964MB (lfb 8x4MB) SWAP 802/6078MB (cached 34MB) IRAM 0/252kB(lfb 252kB) CPU [10%@921,5%@921,off,off] EMC_FREQ 0%@1600 GR3D_FREQ 0%@614 APE 25 PLL@30C CPU@32C iwlwifi@32C PMIC@50C GPU@30C AO@41.5C thermal@30.75C POM_5V_IN 2334/2067 POM_5V_GPU 81/99 POM_5V_CPU 614/451
RAM 1367/3964MB (lfb 8x4MB) SWAP 802/6078MB (cached 34MB) IRAM 0/252kB(lfb 252kB) CPU [5%@921,10%@921,off,off] EMC_FREQ 0%@1600 GR3D_FREQ 0%@614 APE 25 PLL@30C CPU@32C iwlwifi@32C PMIC@50C GPU@30C AO@41.5C thermal@31C POM_5V_IN 2054/2067 POM_5V_GPU 82/99 POM_5V_CPU 451/451
RAM 1371/3964MB (lfb 8x4MB) SWAP 802/6078MB (cached 34MB) IRAM 0/252kB(lfb 252kB) CPU [9%@921,4%@921,off,off] EMC_FREQ 0%@1600 GR3D_FREQ 0%@614 APE 25 PLL@30C CPU@31.5C iwlwifi@32C PMIC@50C GPU@30.5C AO@41C thermal@30.75C POM_5V_IN 1772/2066 POM_5V_GPU 82/99 POM_5V_CPU 205/450
RAM 1371/3964MB (lfb 8x4MB) SWAP 801/6078MB (cached 34MB) IRAM 0/252kB(lfb 252kB) CPU [5%@921,8%@921,off,off] EMC_FREQ 0%@1600 GR3D_FREQ 0%@614 APE 25 PLL@30C CPU@31.5C iwlwifi@32C PMIC@50C GPU@30C AO@41C thermal@30.75C POM_5V_IN 1731/2066 POM_5V_GPU 82/99 POM_5V_CPU 164/450
RAM 1369/3964MB (lfb 8x4MB) SWAP 801/6078MB (cached 34MB) IRAM 0/252kB(lfb 252kB) CPU [4%@921,9%@921,off,off] EMC_FREQ 0%@1600 GR3D_FREQ 0%@614 APE 25 PLL@29.5C CPU@31C iwlwifi@32C PMIC@50C GPU@30C AO@41.5C thermal@30.75C POM_5V_IN 1689/2065 POM_5V_GPU 82/99 POM_5V_CPU 164/449
RAM 1366/3964MB (lfb 8x4MB) SWAP 801/6078MB (cached 34MB) IRAM 0/252kB(lfb 252kB) CPU [8%@921,6%@921,off,off] EMC_FREQ 0%@1600 GR3D_FREQ 0%@614 APE 25 PLL@29.5C CPU@31.5C iwlwifi@32C PMIC@50C GPU@30C AO@41.5C thermal@30.75C POM_5V_IN 1689/2065 POM_5V_GPU 82/99 POM_5V_CPU 164/449
RAM 1367/3964MB (lfb 8x4MB) SWAP 801/6078MB (cached 34MB) IRAM 0/252kB(lfb 252kB) CPU [6%@921,7%@921,off,off] EMC_FREQ 0%@1600 GR3D_FREQ 0%@614 APE 25 PLL@30C CPU@31.5C iwlwifi@32C PMIC@50C GPU@30C AO@41.5C thermal@30.75C POM_5V_IN 1731/2064 POM_5V_GPU 82/99 POM_5V_CPU 164/449
RAM 1362/3964MB (lfb 8x4MB) SWAP 801/6078MB (cached 34MB) IRAM 0/252kB(lfb 252kB) CPU [7%@921,3%@921,off,off] EMC_FREQ 0%@1600 GR3D_FREQ 0%@614 APE 25 PLL@30C CPU@31.5C iwlwifi@32C PMIC@50C GPU@30C AO@41.5C thermal@30.75C POM_5V_IN 1689/2064 POM_5V_GPU 82/99 POM_5V_CPU 164/448
RAM 1368/3964MB (lfb 8x4MB) SWAP 801/6078MB (cached 34MB) IRAM 0/252kB(lfb 252kB) CPU [10%@921,7%@921,off,off] EMC_FREQ 0%@1600 GR3D_FREQ 0%@614 APE 25 PLL@30C CPU@31.5C iwlwifi@32C PMIC@50C GPU@30C AO@41C thermal@30.75C POM_5V_IN 2136/2064 POM_5V_GPU 82/99 POM_5V_CPU 533/448
RAM 1366/3964MB (lfb 8x4MB) SWAP 801/6078MB (cached 34MB) IRAM 0/252kB(lfb 252kB) CPU [6%@921,5%@921,off,off] EMC_FREQ 0%@1600 GR3D_FREQ 0%@614 APE 25 PLL@29.5C CPU@31.5C iwlwifi@32C PMIC@50C GPU@30C AO@41C thermal@30.5C POM_5V_IN 1731/2063 POM_5V_GPU 82/99 POM_5V_CPU 164/448
RAM 1369/3964MB (lfb 8x4MB) SWAP 801/6078MB (cached 34MB) IRAM 0/252kB(lfb 252kB) CPU [8%@921,6%@921,off,off] EMC_FREQ 0%@1600 GR3D_FREQ 0%@614 APE 25 PLL@30C CPU@31.5C iwlwifi@32C PMIC@50C GPU@30C AO@41.5C thermal@31C POM_5V_IN 2174/2063 POM_5V_GPU 82/99 POM_5V_CPU 574/448
RAM 1373/3964MB (lfb 8x4MB) SWAP 801/6078MB (cached 34MB) IRAM 0/252kB(lfb 252kB) CPU [7%@921,7%@921,off,off] EMC_FREQ 0%@1600 GR3D_FREQ 0%@614 APE 25 PLL@30C CPU@32C iwlwifi@32C PMIC@50C GPU@30C AO@41C thermal@30.75C POM_5V_IN 2375/2064 POM_5V_GPU 81/99 POM_5V_CPU 532/448
RAM 1374/3964MB (lfb 8x4MB) SWAP 801/6078MB (cached 34MB) IRAM 0/252kB(lfb 252kB) CPU [6%@921,8%@921,off,off] EMC_FREQ 0%@1600 GR3D_FREQ 0%@614 APE 25 PLL@30C CPU@32C iwlwifi@32C PMIC@50C GPU@30C AO@41C thermal@30.75C POM_5V_IN 2256/2064 POM_5V_GPU 82/99 POM_5V_CPU 615/448
RAM 1371/3964MB (lfb 8x4MB) SWAP 801/6078MB (cached 34MB) IRAM 0/252kB(lfb 252kB) CPU [8%@921,5%@921,off,off] EMC_FREQ 0%@1600 GR3D_FREQ 0%@614 APE 25 PLL@30C CPU@32C iwlwifi@32C PMIC@50C GPU@30C AO@41C thermal@30.75C POM_5V_IN 1892/2064 POM_5V_GPU 82/99 POM_5V_CPU 288/448
RAM 1369/3964MB (lfb 8x4MB) SWAP 801/6078MB (cached 34MB) IRAM 0/252kB(lfb 252kB) CPU [7%@921,7%@921,off,off] EMC_FREQ 0%@1600 GR3D_FREQ 0%@614 APE 25 PLL@30C CPU@32C iwlwifi@32C PMIC@50C GPU@30C AO@41C thermal@31C POM_5V_IN 1892/2064 POM_5V_GPU 82/99 POM_5V_CPU 288/448
RAM 1369/3964MB (lfb 8x4MB) SWAP 801/6078MB (cached 34MB) IRAM 0/252kB(lfb 252kB) CPU [6%@921,7%@921,off,off] EMC_FREQ 0%@1600 GR3D_FREQ 0%@614 APE 25 PLL@30C CPU@31.5C iwlwifi@32C PMIC@50C GPU@30C AO@41C thermal@30.75C POM_5V_IN 1731/2063 POM_5V_GPU 82/99 POM_5V_CPU 164/447
RAM 1375/3964MB (lfb 8x4MB) SWAP 801/6078MB (cached 34MB) IRAM 0/252kB(lfb 252kB) CPU [9%@921,5%@921,off,off] EMC_FREQ 0%@1600 GR3D_FREQ 0%@614 APE 25 PLL@30C CPU@31.5C iwlwifi@32C PMIC@50C GPU@30C AO@41C thermal@30.75C POM_5V_IN 1689/2063 POM_5V_GPU 82/99 POM_5V_CPU 123/447
RAM 1369/3964MB (lfb 8x4MB) SWAP 801/6078MB (cached 34MB) IRAM 0/252kB(lfb 252kB) CPU [7%@921,6%@921,off,off] EMC_FREQ 0%@1600 GR3D_FREQ 0%@614 APE 25 PLL@30C CPU@31.5C iwlwifi@32C PMIC@50C GPU@30C AO@41.5C thermal@30.75C POM_5V_IN 1689/2062 POM_5V_GPU 82/99 POM_5V_CPU 164/447
RAM 1359/3964MB (lfb 8x4MB) SWAP 801/6078MB (cached 34MB) IRAM 0/252kB(lfb 252kB) CPU [7%@921,2%@921,off,off] EMC_FREQ 0%@1600 GR3D_FREQ 0%@614 APE 25 PLL@30C CPU@31.5C iwlwifi@32C PMIC@50C GPU@29.5C AO@41.5C thermal@30.75C POM_5V_IN 1689/2061 POM_5V_GPU 82/99 POM_5V_CPU 164/446
RAM 1367/3964MB (lfb 8x4MB) SWAP 801/6078MB (cached 34MB) IRAM 0/252kB(lfb 252kB) CPU [6%@921,12%@921,off,off] EMC_FREQ 0%@1600 GR3D_FREQ 0%@614 APE 25 PLL@30C CPU@31.5C iwlwifi@32C PMIC@50C GPU@30C AO@41C thermal@30.75C POM_5V_IN 2095/2061 POM_5V_GPU 82/99 POM_5V_CPU 533/446
RAM 1364/3964MB (lfb 8x4MB) SWAP 801/6078MB (cached 34MB) IRAM 0/252kB(lfb 252kB) CPU [5%@921,5%@921,off,off] EMC_FREQ 0%@1600 GR3D_FREQ 0%@614 APE 25 PLL@30C CPU@31.5C iwlwifi@32C PMIC@50C GPU@30C AO@41C thermal@30.75C POM_5V_IN 1689/2061 POM_5V_GPU 82/99 POM_5V_CPU 164/446
RAM 1369/3964MB (lfb 8x4MB) SWAP 801/6078MB (cached 34MB) IRAM 0/252kB(lfb 252kB) CPU [9%@921,8%@921,off,off] EMC_FREQ 0%@1600 GR3D_FREQ 0%@614 APE 25 PLL@30C CPU@31.5C iwlwifi@32C PMIC@50C GPU@30C AO@41C thermal@30.75C POM_5V_IN 2133/2061 POM_5V_GPU 82/99 POM_5V_CPU 533/446
RAM 1364/3964MB (lfb 8x4MB) SWAP 801/6078MB (cached 34MB) IRAM 0/252kB(lfb 252kB) CPU [5%@921,5%@921,off,off] EMC_FREQ 0%@1600 GR3D_FREQ 0%@614 APE 25 PLL@30C CPU@31.5C iwlwifi@32C PMIC@50C GPU@30C AO@41.5C thermal@30.5C POM_5V_IN 1689/2060 POM_5V_GPU 82/99 POM_5V_CPU 164/446
RAM 1375/3964MB (lfb 8x4MB) SWAP 801/6078MB (cached 34MB) IRAM 0/252kB(lfb 252kB) CPU [7%@921,9%@921,off,off] EMC_FREQ 0%@1600 GR3D_FREQ 0%@614 APE 25 PLL@30C CPU@32C iwlwifi@32C PMIC@50C GPU@30C AO@41C thermal@30.75C POM_5V_IN 2133/2061 POM_5V_GPU 82/99 POM_5V_CPU 533/446
RAM 1375/3964MB (lfb 8x4MB) SWAP 801/6078MB (cached 34MB) IRAM 0/252kB(lfb 252kB) CPU [5%@921,9%@921,off,off] EMC_FREQ 0%@1600 GR3D_FREQ 0%@614 APE 25 PLL@30C CPU@32C iwlwifi@32C PMIC@50C GPU@30C AO@41C thermal@30.75C POM_5V_IN 2297/2061 POM_5V_GPU 82/99 POM_5V_CPU 614/446
RAM 1367/3964MB (lfb 8x4MB) SWAP 801/6078MB (cached 34MB) IRAM 0/252kB(lfb 252kB) CPU [6%@921,8%@921,off,off] EMC_FREQ 0%@1600 GR3D_FREQ 0%@614 APE 25 PLL@30C CPU@31.5C iwlwifi@32C PMIC@50C GPU@30.5C AO@41C thermal@30.75C POM_5V_IN 2010/2061 POM_5V_GPU 82/99 POM_5V_CPU 369/446
RAM 1371/3964MB (lfb 8x4MB) SWAP 801/6078MB (cached 34MB) IRAM 0/252kB(lfb 252kB) CPU [5%@921,9%@921,off,off] EMC_FREQ 0%@1600 GR3D_FREQ 0%@614 APE 25 PLL@30C CPU@31.5C iwlwifi@32C PMIC@50C GPU@30C AO@41.5C thermal@30.75C POM_5V_IN 1731/2060 POM_5V_GPU 82/99 POM_5V_CPU 164/445
RAM 1371/3964MB (lfb 8x4MB) SWAP 801/6078MB (cached 34MB) IRAM 0/252kB(lfb 252kB) CPU [8%@921,6%@921,off,off] EMC_FREQ 0%@1600 GR3D_FREQ 0%@614 APE 25 PLL@30C CPU@31.5C iwlwifi@32C PMIC@50C GPU@30C AO@41C thermal@30.75C POM_5V_IN 1689/2060 POM_5V_GPU 82/99 POM_5V_CPU 164/445
RAM 1369/3964MB (lfb 8x4MB) SWAP 801/6078MB (cached 34MB) IRAM 0/252kB(lfb 252kB) CPU [6%@921,7%@921,off,off] EMC_FREQ 0%@1600 GR3D_FREQ 0%@614 APE 25 PLL@30C CPU@31.5C iwlwifi@32C PMIC@50C GPU@30C AO@41C thermal@30.75C POM_5V_IN 1728/2059 POM_5V_GPU 82/99 POM_5V_CPU 164/445
RAM 1371/3964MB (lfb 8x4MB) SWAP 801/6078MB (cached 34MB) IRAM 0/252kB(lfb 252kB) CPU [6%@921,8%@921,off,off] EMC_FREQ 0%@1600 GR3D_FREQ 0%@614 APE 25 PLL@29.5C CPU@31.5C iwlwifi@32C PMIC@50C GPU@30C AO@41C thermal@30.75C POM_5V_IN 1689/2059 POM_5V_GPU 82/98 POM_5V_CPU 164/444
RAM 1363/3964MB (lfb 8x4MB) SWAP 801/6078MB (cached 34MB) IRAM 0/252kB(lfb 252kB) CPU [5%@921,4%@921,off,off] EMC_FREQ 0%@1600 GR3D_FREQ 0%@614 APE 25 PLL@29.5C CPU@31.5C iwlwifi@32C PMIC@50C GPU@30C AO@41C thermal@30.75C POM_5V_IN 1689/2058 POM_5V_GPU 82/98 POM_5V_CPU 164/444
RAM 1367/3964MB (lfb 8x4MB) SWAP 801/6078MB (cached 34MB) IRAM 0/252kB(lfb 252kB) CPU [9%@921,9%@921,off,off] EMC_FREQ 0%@1600 GR3D_FREQ 0%@614 APE 25 PLL@30C CPU@32C iwlwifi@32C PMIC@50C GPU@30C AO@41C thermal@31C POM_5V_IN 2136/2058 POM_5V_GPU 82/98 POM_5V_CPU 533/444
RAM 1365/3964MB (lfb 8x4MB) SWAP 801/6078MB (cached 34MB) IRAM 0/252kB(lfb 252kB) CPU [6%@921,5%@921,off,off] EMC_FREQ 0%@1600 GR3D_FREQ 0%@614 APE 25 PLL@30C CPU@31.5C iwlwifi@32C PMIC@50C GPU@30C AO@41C thermal@31C POM_5V_IN 1731/2058 POM_5V_GPU 82/98 POM_5V_CPU 164/444
RAM 1367/3964MB (lfb 8x4MB) SWAP 801/6078MB (cached 34MB) IRAM 0/252kB(lfb 252kB) CPU [9%@921,6%@921,off,off] EMC_FREQ 0%@1600 GR3D_FREQ 0%@614 APE 25 PLL@30C CPU@32C iwlwifi@32C PMIC@50C GPU@30.5C AO@41.5C thermal@31C POM_5V_IN 2133/2058 POM_5V_GPU 82/98 POM_5V_CPU 574/444
RAM 1368/3964MB (lfb 8x4MB) SWAP 801/6078MB (cached 34MB) IRAM 0/252kB(lfb 252kB) CPU [8%@921,6%@921,off,off] EMC_FREQ 0%@1600 GR3D_FREQ 0%@614 APE 25 PLL@30C CPU@32C iwlwifi@32C PMIC@50C GPU@30C AO@41C thermal@30.75C POM_5V_IN 2297/2058 POM_5V_GPU 81/98 POM_5V_CPU 532/444
RAM 1372/3964MB (lfb 8x4MB) SWAP 801/6078MB (cached 34MB) IRAM 0/252kB(lfb 252kB) CPU [8%@921,7%@921,off,off] EMC_FREQ 0%@1600 GR3D_FREQ 0%@614 APE 25 PLL@30C CPU@32C iwlwifi@32C PMIC@50C GPU@30C AO@41.5C thermal@30.75C POM_5V_IN 2256/2059 POM_5V_GPU 82/98 POM_5V_CPU 614/444
RAM 1369/3964MB (lfb 8x4MB) SWAP 801/6078MB (cached 34MB) IRAM 0/252kB(lfb 252kB) CPU [6%@921,7%@921,off,off] EMC_FREQ 0%@1600 GR3D_FREQ 0%@614 APE 25 PLL@30C CPU@32C iwlwifi@32C PMIC@50C GPU@30C AO@41C thermal@31C POM_5V_IN 2013/2059 POM_5V_GPU 82/98 POM_5V_CPU 369/444
RAM 1368/3964MB (lfb 8x4MB) SWAP 801/6078MB (cached 35MB) IRAM 0/252kB(lfb 252kB) CPU [5%@921,8%@921,off,off] EMC_FREQ 0%@1600 GR3D_FREQ 0%@614 APE 25 PLL@29.5C CPU@32C iwlwifi@32C PMIC@50C GPU@30C AO@41C thermal@31C POM_5V_IN 1772/2058 POM_5V_GPU 82/98 POM_5V_CPU 206/444
RAM 1368/3964MB (lfb 8x4MB) SWAP 801/6078MB (cached 35MB) IRAM 0/252kB(lfb 252kB) CPU [7%@921,7%@921,off,off] EMC_FREQ 0%@1600 GR3D_FREQ 0%@614 APE 25 PLL@30C CPU@32C iwlwifi@32C PMIC@50C GPU@29.5C AO@41C thermal@31C POM_5V_IN 1813/2058 POM_5V_GPU 82/98 POM_5V_CPU 246/443
RAM 1370/3964MB (lfb 8x4MB) SWAP 801/6078MB (cached 35MB) IRAM 0/252kB(lfb 252kB) CPU [4%@921,10%@921,off,off] EMC_FREQ 0%@1600 GR3D_FREQ 0%@614 APE 25 PLL@29.5C CPU@32C iwlwifi@32C PMIC@50C GPU@30C AO@41C thermal@31C POM_5V_IN 1689/2057 POM_5V_GPU 82/98 POM_5V_CPU 164/443
RAM 1373/3964MB (lfb 8x4MB) SWAP 801/6078MB (cached 35MB) IRAM 0/252kB(lfb 252kB) CPU [9%@921,5%@921,off,off] EMC_FREQ 0%@1600 GR3D_FREQ 0%@614 APE 25 PLL@30C CPU@32C iwlwifi@32C PMIC@50C GPU@30C AO@41C thermal@31C POM_5V_IN 1731/2057 POM_5V_GPU 82/98 POM_5V_CPU 164/443
RAM 1358/3964MB (lfb 8x4MB) SWAP 801/6078MB (cached 35MB) IRAM 0/252kB(lfb 252kB) CPU [5%@921,4%@921,off,off] EMC_FREQ 0%@1600 GR3D_FREQ 0%@614 APE 25 PLL@30C CPU@31.5C iwlwifi@32C PMIC@50C GPU@30C AO@41C thermal@31C POM_5V_IN 1689/2056 POM_5V_GPU 82/98 POM_5V_CPU 164/442
RAM 1370/3964MB (lfb 8x4MB) SWAP 801/6078MB (cached 35MB) IRAM 0/252kB(lfb 252kB) CPU [7%@921,11%@921,off,off] EMC_FREQ 0%@1600 GR3D_FREQ 0%@614 APE 25 PLL@30C CPU@32C iwlwifi@32C PMIC@50C GPU@29.5C AO@41C thermal@30.75C POM_5V_IN 2095/2056 POM_5V_GPU 82/98 POM_5V_CPU 533/442
RAM 1362/3964MB (lfb 8x4MB) SWAP 801/6078MB (cached 35MB) IRAM 0/252kB(lfb 252kB) CPU [4%@921,5%@921,off,off] EMC_FREQ 0%@1600 GR3D_FREQ 0%@614 APE 25 PLL@29.5C CPU@32C iwlwifi@32C PMIC@50C GPU@30C AO@41.5C thermal@31C POM_5V_IN 1689/2056 POM_5V_GPU 82/98 POM_5V_CPU 164/442
RAM 1370/3964MB (lfb 8x4MB) SWAP 801/6078MB (cached 35MB) IRAM 0/252kB(lfb 252kB) CPU [10%@921,7%@921,off,off] EMC_FREQ 0%@1600 GR3D_FREQ 0%@614 APE 25 PLL@30C CPU@32C iwlwifi@32C PMIC@50C GPU@29.5C AO@41C thermal@30.5C POM_5V_IN 2174/2056 POM_5V_GPU 82/98 POM_5V_CPU 574/442
RAM 1365/3964MB (lfb 8x4MB) SWAP 801/6078MB (cached 35MB) IRAM 0/252kB(lfb 252kB) CPU [5%@921,5%@921,off,off] EMC_FREQ 0%@1600 GR3D_FREQ 0%@614 APE 25 PLL@30C CPU@31.5C iwlwifi@32C PMIC@50C GPU@29.5C AO@41C thermal@30.75C POM_5V_IN 1689/2055 POM_5V_GPU 82/98 POM_5V_CPU 164/442
RAM 1374/3964MB (lfb 8x4MB) SWAP 801/6078MB (cached 35MB) IRAM 0/252kB(lfb 252kB) CPU [9%@921,7%@921,off,off] EMC_FREQ 0%@1600 GR3D_FREQ 0%@614 APE 25 PLL@30C CPU@32C iwlwifi@32C PMIC@50C GPU@30C AO@41.5C thermal@30.5C POM_5V_IN 2133/2056 POM_5V_GPU 82/98 POM_5V_CPU 533/442
RAM 1374/3964MB (lfb 8x4MB) SWAP 801/6078MB (cached 35MB) IRAM 0/252kB(lfb 252kB) CPU [6%@921,7%@921,off,off] EMC_FREQ 0%@1600 GR3D_FREQ 0%@614 APE 25 PLL@30C CPU@32C iwlwifi@32C PMIC@50C GPU@29.5C AO@41C thermal@30.5C POM_5V_IN 2256/2056 POM_5V_GPU 82/98 POM_5V_CPU 574/442
RAM 1370/3964MB (lfb 8x4MB) SWAP 801/6078MB (cached 35MB) IRAM 0/252kB(lfb 252kB) CPU [7%@921,7%@921,off,off] EMC_FREQ 0%@1600 GR3D_FREQ 0%@614 APE 25 PLL@30.5C CPU@32C iwlwifi@32C PMIC@50C GPU@30C AO@41C thermal@31C POM_5V_IN 1851/2056 POM_5V_GPU 82/98 POM_5V_CPU 288/442
RAM 1368/3964MB (lfb 8x4MB) SWAP 801/6078MB (cached 35MB) IRAM 0/252kB(lfb 252kB) CPU [6%@921,8%@921,off,off] EMC_FREQ 0%@1600 GR3D_FREQ 0%@614 APE 25 PLL@30C CPU@32C iwlwifi@32C PMIC@50C GPU@30C AO@41C thermal@30.75C POM_5V_IN 1731/2055 POM_5V_GPU 82/98 POM_5V_CPU 164/441
RAM 1368/3964MB (lfb 8x4MB) SWAP 801/6078MB (cached 35MB) IRAM 0/252kB(lfb 252kB) CPU [8%@921,6%@921,off,off] EMC_FREQ 0%@1600 GR3D_FREQ 0%@614 APE 25 PLL@30C CPU@31.5C iwlwifi@32C PMIC@50C GPU@30C AO@41C thermal@30.75C POM_5V_IN 1689/2055 POM_5V_GPU 82/98 POM_5V_CPU 164/441
RAM 1374/3964MB (lfb 8x4MB) SWAP 801/6078MB (cached 35MB) IRAM 0/252kB(lfb 252kB) CPU [5%@921,9%@921,off,off] EMC_FREQ 0%@1600 GR3D_FREQ 0%@614 APE 25 PLL@30C CPU@31.5C iwlwifi@32C PMIC@50C GPU@29.5C AO@41C thermal@30.75C POM_5V_IN 1731/2054 POM_5V_GPU 82/98 POM_5V_CPU 164/441
RAM 1372/3964MB (lfb 8x4MB) SWAP 801/6078MB (cached 35MB) IRAM 0/252kB(lfb 252kB) CPU [5%@921,10%@921,off,off] EMC_FREQ 0%@1600 GR3D_FREQ 0%@614 APE 25 PLL@30C CPU@31.5C iwlwifi@32C PMIC@50C GPU@29.5C AO@41C thermal@30.75C POM_5V_IN 1689/2054 POM_5V_GPU 82/98 POM_5V_CPU 164/440
RAM 1372/3964MB (lfb 8x4MB) SWAP 801/6078MB (cached 35MB) IRAM 0/252kB(lfb 252kB) CPU [8%@921,5%@921,off,off] EMC_FREQ 0%@1600 GR3D_FREQ 0%@614 APE 25 PLL@29.5C CPU@31.5C iwlwifi@32C PMIC@50C GPU@29.5C AO@41C thermal@30.75C POM_5V_IN 1689/2053 POM_5V_GPU 82/98 POM_5V_CPU 123/440
RAM 1367/3964MB (lfb 8x4MB) SWAP 801/6078MB (cached 35MB) IRAM 0/252kB(lfb 252kB) CPU [5%@921,5%@921,off,off] EMC_FREQ 0%@1600 GR3D_FREQ 0%@614 APE 25 PLL@29.5C CPU@31.5C iwlwifi@32C PMIC@50C GPU@30C AO@41.5C thermal@30.5C POM_5V_IN 1689/2053 POM_5V_GPU 82/98 POM_5V_CPU 164/439
RAM 1372/3964MB (lfb 8x4MB) SWAP 801/6078MB (cached 35MB) IRAM 0/252kB(lfb 252kB) CPU [9%@921,8%@921,off,off] EMC_FREQ 0%@1600 GR3D_FREQ 0%@614 APE 25 PLL@30C CPU@32C iwlwifi@32C PMIC@50C GPU@30C AO@40.5C thermal@30.75C POM_5V_IN 2133/2053 POM_5V_GPU 82/98 POM_5V_CPU 533/439
RAM 1368/3964MB (lfb 8x4MB) SWAP 801/6078MB (cached 35MB) IRAM 0/252kB(lfb 252kB) CPU [5%@921,5%@921,off,off] EMC_FREQ 0%@1600 GR3D_FREQ 0%@614 APE 25 PLL@29.5C CPU@31.5C iwlwifi@32C PMIC@50C GPU@30C AO@41C thermal@30.75C POM_5V_IN 2013/2053 POM_5V_GPU 82/98 POM_5V_CPU 164/439
RAM 1368/3964MB (lfb 8x4MB) SWAP 801/6078MB (cached 35MB) IRAM 0/252kB(lfb 252kB) CPU [9%@921,5%@921,off,off] EMC_FREQ 0%@1600 GR3D_FREQ 0%@614 APE 25 PLL@30C CPU@31.5C iwlwifi@32C PMIC@50C GPU@30C AO@41C thermal@30.5C POM_5V_IN 2133/2053 POM_5V_GPU 82/98 POM_5V_CPU 533/439
RAM 1372/3964MB (lfb 8x4MB) SWAP 801/6078MB (cached 35MB) IRAM 0/252kB(lfb 252kB) CPU [7%@921,7%@921,off,off] EMC_FREQ 0%@1600 GR3D_FREQ 0%@614 APE 25 PLL@30C CPU@32C iwlwifi@32C PMIC@50C GPU@30C AO@41.5C thermal@30.75C POM_5V_IN 2334/2053 POM_5V_GPU 81/98 POM_5V_CPU 573/439
RAM 1370/3964MB (lfb 8x4MB) SWAP 801/6078MB (cached 35MB) IRAM 0/252kB(lfb 252kB) CPU [9%@921,5%@921,off,off] EMC_FREQ 0%@1600 GR3D_FREQ 0%@614 APE 25 PLL@29.5C CPU@32C iwlwifi@32C PMIC@50C GPU@30C AO@41C thermal@30.5C POM_5V_IN 2054/2053 POM_5V_GPU 82/98 POM_5V_CPU 410/439
RAM 1372/3964MB (lfb 8x4MB) SWAP 801/6078MB (cached 35MB) IRAM 0/252kB(lfb 252kB) CPU [4%@921,9%@921,off,off] EMC_FREQ 0%@1600 GR3D_FREQ 0%@614 APE 25 PLL@29.5C CPU@31.5C iwlwifi@32C PMIC@50C GPU@29.5C AO@41C thermal@30.5C POM_5V_IN 1772/2053 POM_5V_GPU 82/98 POM_5V_CPU 206/439
RAM 1370/3964MB (lfb 8x4MB) SWAP 801/6078MB (cached 35MB) IRAM 0/252kB(lfb 252kB) CPU [6%@921,8%@921,off,off] EMC_FREQ 0%@1600 GR3D_FREQ 0%@614 APE 25 PLL@30C CPU@31.5C iwlwifi@32C PMIC@50C GPU@29.5C AO@40.5C thermal@30.5C POM_5V_IN 1731/2052 POM_5V_GPU 82/98 POM_5V_CPU 164/439
RAM 1372/3964MB (lfb 8x4MB) SWAP 801/6078MB (cached 35MB) IRAM 0/252kB(lfb 252kB) CPU [5%@921,8%@921,off,off] EMC_FREQ 0%@1600 GR3D_FREQ 0%@614 APE 25 PLL@30C CPU@31.5C iwlwifi@32C PMIC@50C GPU@29.5C AO@41C thermal@30.75C POM_5V_IN 1689/2052 POM_5V_GPU 82/98 POM_5V_CPU 164/438
RAM 1372/3964MB (lfb 8x4MB) SWAP 800/6078MB (cached 35MB) IRAM 0/252kB(lfb 252kB) CPU [5%@921,9%@921,off,off] EMC_FREQ 0%@1600 GR3D_FREQ 0%@614 APE 25 PLL@29.5C CPU@31.5C iwlwifi@32C PMIC@50C GPU@30C AO@41C thermal@30.75C POM_5V_IN 1689/2051 POM_5V_GPU 82/98 POM_5V_CPU 164/438
RAM 1370/3964MB (lfb 8x4MB) SWAP 800/6078MB (cached 35MB) IRAM 0/252kB(lfb 252kB) CPU [6%@921,7%@921,off,off] EMC_FREQ 0%@1600 GR3D_FREQ 0%@614 APE 25 PLL@29.5C CPU@31.5C iwlwifi@32C PMIC@50C GPU@29.5C AO@41C thermal@30.5C POM_5V_IN 1689/2051 POM_5V_GPU 82/98 POM_5V_CPU 164/438
RAM 1362/3964MB (lfb 8x4MB) SWAP 800/6078MB (cached 35MB) IRAM 0/252kB(lfb 252kB) CPU [7%@921,3%@921,off,off] EMC_FREQ 0%@1600 GR3D_FREQ 0%@614 APE 25 PLL@29.5C CPU@31.5C iwlwifi@32C PMIC@50C GPU@30C AO@41C thermal@30.75C POM_5V_IN 1689/2050 POM_5V_GPU 82/98 POM_5V_CPU 164/437
RAM 1370/3964MB (lfb 8x4MB) SWAP 800/6078MB (cached 35MB) IRAM 0/252kB(lfb 252kB) CPU [5%@921,11%@921,off,off] EMC_FREQ 0%@1600 GR3D_FREQ 0%@614 APE 25 PLL@30C CPU@32C iwlwifi@32C PMIC@50C GPU@30C AO@40.5C thermal@31C POM_5V_IN 2133/2050 POM_5V_GPU 82/98 POM_5V_CPU 533/437
RAM 1367/3964MB (lfb 8x4MB) SWAP 800/6078MB (cached 35MB) IRAM 0/252kB(lfb 252kB) CPU [5%@921,6%@921,off,off] EMC_FREQ 0%@1600 GR3D_FREQ 0%@614 APE 25 PLL@29.5C CPU@32C iwlwifi@32C PMIC@50C GPU@30C AO@41C thermal@31C POM_5V_IN 1689/2050 POM_5V_GPU 82/98 POM_5V_CPU 164/437
RAM 1370/3964MB (lfb 8x4MB) SWAP 800/6078MB (cached 35MB) IRAM 0/252kB(lfb 252kB) CPU [9%@921,5%@921,off,off] EMC_FREQ 0%@1600 GR3D_FREQ 0%@614 APE 25 PLL@29.5C CPU@31.5C iwlwifi@32C PMIC@50C GPU@30C AO@41C thermal@30.5C POM_5V_IN 2174/2050 POM_5V_GPU 82/98 POM_5V_CPU 574/437
RAM 1368/3964MB (lfb 8x4MB) SWAP 800/6078MB (cached 35MB) IRAM 0/252kB(lfb 252kB) CPU [8%@921,4%@921,off,off] EMC_FREQ 0%@1600 GR3D_FREQ 0%@614 APE 25 PLL@30C CPU@31.5C iwlwifi@32C PMIC@50C GPU@30C AO@41C thermal@30.75C POM_5V_IN 2375/2051 POM_5V_GPU 81/98 POM_5V_CPU 573/437
RAM 1374/3964MB (lfb 8x4MB) SWAP 800/6078MB (cached 35MB) IRAM 0/252kB(lfb 252kB) CPU [7%@921,8%@921,off,off] EMC_FREQ 0%@1600 GR3D_FREQ 0%@614 APE 25 PLL@30C CPU@31.5C iwlwifi@32C PMIC@50C GPU@30C AO@41C thermal@31C POM_5V_IN 2290/2051 POM_5V_GPU 81/98 POM_5V_CPU 490/437
RAM 1372/3964MB (lfb 8x4MB) SWAP 800/6078MB (cached 35MB) IRAM 0/252kB(lfb 252kB) CPU [7%@921,7%@921,off,off] EMC_FREQ 0%@1600 GR3D_FREQ 0%@614 APE 25 PLL@30C CPU@31.5C iwlwifi@32C PMIC@50C GPU@30C AO@41C thermal@30.75C POM_5V_IN 2215/2051 POM_5V_GPU 82/98 POM_5V_CPU 574/438
RAM 1372/3964MB (lfb 8x4MB) SWAP 800/6078MB (cached 35MB) IRAM 0/252kB(lfb 252kB) CPU [6%@921,7%@921,off,off] EMC_FREQ 0%@1600 GR3D_FREQ 0%@614 APE 25 PLL@29.5C CPU@31.5C iwlwifi@32C PMIC@50C GPU@30C AO@41C thermal@30.75C POM_5V_IN 1731/2051 POM_5V_GPU 82/97 POM_5V_CPU 164/437
RAM 1372/3964MB (lfb 8x4MB) SWAP 800/6078MB (cached 35MB) IRAM 0/252kB(lfb 252kB) CPU [6%@921,7%@921,off,off] EMC_FREQ 0%@1600 GR3D_FREQ 0%@614 APE 25 PLL@30C CPU@31.5C iwlwifi@32C PMIC@50C GPU@29.5C AO@41C thermal@30.75C POM_5V_IN 1731/2050 POM_5V_GPU 82/97 POM_5V_CPU 164/437
RAM 1368/3964MB (lfb 8x4MB) SWAP 795/6078MB (cached 35MB) IRAM 0/252kB(lfb 252kB) CPU [6%@921,7%@921,off,off] EMC_FREQ 0%@1600 GR3D_FREQ 0%@614 APE 25 PLL@30C CPU@31.5C iwlwifi@32C PMIC@50C GPU@30C AO@41C thermal@30.75C POM_5V_IN 1689/2050 POM_5V_GPU 82/97 POM_5V_CPU 164/436
RAM 1372/3964MB (lfb 8x4MB) SWAP 795/6078MB (cached 35MB) IRAM 0/252kB(lfb 252kB) CPU [4%@921,8%@921,off,off] EMC_FREQ 0%@1600 GR3D_FREQ 0%@614 APE 25 PLL@29.5C CPU@31.5C iwlwifi@32C PMIC@50C GPU@30C AO@41C thermal@30.75C POM_5V_IN 1689/2049 POM_5V_GPU 82/97 POM_5V_CPU 164/436
RAM 1370/3964MB (lfb 8x4MB) SWAP 795/6078MB (cached 35MB) IRAM 0/252kB(lfb 252kB) CPU [8%@921,6%@921,off,off] EMC_FREQ 0%@1600 GR3D_FREQ 0%@614 APE 25 PLL@29.5C CPU@31.5C iwlwifi@32C PMIC@50C GPU@30C AO@41C thermal@30.75C POM_5V_IN 1689/2049 POM_5V_GPU 82/97 POM_5V_CPU 164/436
RAM 1365/3964MB (lfb 8x4MB) SWAP 795/6078MB (cached 35MB) IRAM 0/252kB(lfb 252kB) CPU [3%@921,6%@921,off,off] EMC_FREQ 0%@1600 GR3D_FREQ 0%@614 APE 25 PLL@29.5C CPU@31.5C iwlwifi@32C PMIC@50C GPU@30C AO@41C thermal@30.75C POM_5V_IN 1689/2048 POM_5V_GPU 82/97 POM_5V_CPU 123/435
RAM 1370/3964MB (lfb 8x4MB) SWAP 795/6078MB (cached 35MB) IRAM 0/252kB(lfb 252kB) CPU [8%@921,10%@921,off,off] EMC_FREQ 0%@1600 GR3D_FREQ 0%@614 APE 25 PLL@30C CPU@31.5C iwlwifi@32C PMIC@50C GPU@29.5C AO@41C thermal@30.5C POM_5V_IN 2136/2048 POM_5V_GPU 82/97 POM_5V_CPU 533/435
RAM 1370/3964MB (lfb 8x4MB) SWAP 795/6078MB (cached 35MB) IRAM 0/252kB(lfb 252kB) CPU [5%@921,5%@921,off,off] EMC_FREQ 0%@1600 GR3D_FREQ 0%@614 APE 25 PLL@29.5C CPU@31.5C iwlwifi@32C PMIC@50C GPU@30C AO@40.5C thermal@30.75C POM_5V_IN 1689/2048 POM_5V_GPU 82/97 POM_5V_CPU 164/435
RAM 1371/3964MB (lfb 8x4MB) SWAP 795/6078MB (cached 35MB) IRAM 0/252kB(lfb 252kB) CPU [8%@921,6%@921,off,off] EMC_FREQ 0%@1600 GR3D_FREQ 0%@614 APE 25 PLL@30C CPU@31.5C iwlwifi@32C PMIC@50C GPU@30C AO@41C thermal@30.5C POM_5V_IN 2174/2048 POM_5V_GPU 82/97 POM_5V_CPU 451/435
RAM 1376/3964MB (lfb 8x4MB) SWAP 795/6078MB (cached 35MB) IRAM 0/252kB(lfb 252kB) CPU [6%@921,7%@921,off,off] EMC_FREQ 0%@1600 GR3D_FREQ 0%@614 APE 25 PLL@30C CPU@32C iwlwifi@32C PMIC@50C GPU@30C AO@41C thermal@30.75C POM_5V_IN 2297/2048 POM_5V_GPU 81/97 POM_5V_CPU 573/435
RAM 1372/3964MB (lfb 8x4MB) SWAP 795/6078MB (cached 35MB) IRAM 0/252kB(lfb 252kB) CPU [9%@921,5%@921,off,off] EMC_FREQ 0%@1600 GR3D_FREQ 0%@614 APE 25 PLL@30C CPU@31.5C iwlwifi@32C PMIC@50C GPU@30C AO@41C thermal@30.5C POM_5V_IN 2256/2049 POM_5V_GPU 82/97 POM_5V_CPU 574/435
RAM 1368/3964MB (lfb 8x4MB) SWAP 795/6078MB (cached 35MB) IRAM 0/252kB(lfb 252kB) CPU [6%@921,7%@921,off,off] EMC_FREQ 0%@1600 GR3D_FREQ 0%@614 APE 25 PLL@30C CPU@31.5C iwlwifi@32C PMIC@50C GPU@30C AO@41C thermal@30.75C POM_5V_IN 1813/2048 POM_5V_GPU 82/97 POM_5V_CPU 246/435
RAM 1368/3964MB (lfb 8x4MB) SWAP 795/6078MB (cached 35MB) IRAM 0/252kB(lfb 252kB) CPU [7%@921,7%@921,off,off] EMC_FREQ 0%@1600 GR3D_FREQ 0%@614 APE 25 PLL@29C CPU@31.5C iwlwifi@32C PMIC@50C GPU@29.5C AO@40.5C thermal@30.5C POM_5V_IN 1731/2048 POM_5V_GPU 82/97 POM_5V_CPU 164/435
RAM 1368/3964MB (lfb 8x4MB) SWAP 795/6078MB (cached 35MB) IRAM 0/252kB(lfb 252kB) CPU [4%@921,9%@921,off,off] EMC_FREQ 0%@1600 GR3D_FREQ 0%@614 APE 25 PLL@29.5C CPU@31.5C iwlwifi@32C PMIC@50C GPU@30C AO@41C thermal@30.75C POM_5V_IN 1772/2048 POM_5V_GPU 82/97 POM_5V_CPU 164/434
RAM 1370/3964MB (lfb 8x4MB) SWAP 795/6078MB (cached 35MB) IRAM 0/252kB(lfb 252kB) CPU [8%@921,5%@921,off,off] EMC_FREQ 0%@1600 GR3D_FREQ 0%@614 APE 25 PLL@29.5C CPU@31.5C iwlwifi@32C PMIC@50C GPU@30C AO@40.5C thermal@30.75C POM_5V_IN 1689/2047 POM_5V_GPU 82/97 POM_5V_CPU 164/434
RAM 1372/3964MB (lfb 8x4MB) SWAP 795/6078MB (cached 35MB) IRAM 0/252kB(lfb 252kB) CPU [7%@921,7%@921,off,off] EMC_FREQ 0%@1600 GR3D_FREQ 0%@614 APE 25 PLL@29.5C CPU@31.5C iwlwifi@32C PMIC@50C GPU@30C AO@40.5C thermal@30.5C POM_5V_IN 1689/2047 POM_5V_GPU 82/97 POM_5V_CPU 164/434
RAM 1361/3964MB (lfb 8x4MB) SWAP 795/6078MB (cached 35MB) IRAM 0/252kB(lfb 252kB) CPU [3%@921,6%@921,off,off] EMC_FREQ 0%@1600 GR3D_FREQ 0%@614 APE 25 PLL@29.5C CPU@31.5C iwlwifi@32C PMIC@50C GPU@30C AO@40.5C thermal@30.75C POM_5V_IN 1689/2046 POM_5V_GPU 82/97 POM_5V_CPU 164/433
RAM 1368/3964MB (lfb 8x4MB) SWAP 795/6078MB (cached 35MB) IRAM 0/252kB(lfb 252kB) CPU [8%@921,9%@921,off,off] EMC_FREQ 0%@1600 GR3D_FREQ 0%@614 APE 25 PLL@29.5C CPU@32C iwlwifi@32C PMIC@50C GPU@30C AO@40.5C thermal@30.75C POM_5V_IN 2136/2046 POM_5V_GPU 82/97 POM_5V_CPU 533/433
RAM 1367/3964MB (lfb 8x4MB) SWAP 795/6078MB (cached 35MB) IRAM 0/252kB(lfb 252kB) CPU [5%@921,5%@921,off,off] EMC_FREQ 0%@1600 GR3D_FREQ 0%@614 APE 25 PLL@29.5C CPU@31.5C iwlwifi@32C PMIC@50C GPU@30C AO@41C thermal@30.75C POM_5V_IN 1689/2046 POM_5V_GPU 82/97 POM_5V_CPU 164/433
RAM 1366/3964MB (lfb 8x4MB) SWAP 795/6078MB (cached 35MB) IRAM 0/252kB(lfb 252kB) CPU [7%@921,7%@921,off,off] EMC_FREQ 0%@1600 GR3D_FREQ 0%@614 APE 25 PLL@30C CPU@31.5C iwlwifi@32C PMIC@50C GPU@30C AO@41C thermal@30.75C POM_5V_IN 2174/2046 POM_5V_GPU 82/97 POM_5V_CPU 574/433
RAM 1373/3964MB (lfb 8x4MB) SWAP 795/6078MB (cached 35MB) IRAM 0/252kB(lfb 252kB) CPU [6%@921,8%@921,off,off] EMC_FREQ 0%@1600 GR3D_FREQ 0%@614 APE 25 PLL@29.5C CPU@31.5C iwlwifi@32C PMIC@50C GPU@30C AO@41C thermal@30.5C POM_5V_IN 2375/2046 POM_5V_GPU 81/97 POM_5V_CPU 573/433
RAM 1376/3964MB (lfb 8x4MB) SWAP 795/6078MB (cached 35MB) IRAM 0/252kB(lfb 252kB) CPU [7%@921,8%@921,off,off] EMC_FREQ 0%@1600 GR3D_FREQ 0%@614 APE 25 PLL@29.5C CPU@32C iwlwifi@32C PMIC@50C GPU@30C AO@41C thermal@30.75C POM_5V_IN 2256/2047 POM_5V_GPU 82/97 POM_5V_CPU 614/434
RAM 1370/3964MB (lfb 8x4MB) SWAP 795/6078MB (cached 35MB) IRAM 0/252kB(lfb 252kB) CPU [7%@921,6%@921,off,off] EMC_FREQ 0%@1600 GR3D_FREQ 0%@614 APE 25 PLL@29.5C CPU@31.5C iwlwifi@32C PMIC@50C GPU@30C AO@41C thermal@31C POM_5V_IN 1972/2047 POM_5V_GPU 82/97 POM_5V_CPU 369/434
RAM 1370/3964MB (lfb 8x4MB) SWAP 795/6078MB (cached 35MB) IRAM 0/252kB(lfb 252kB) CPU [10%@921,3%@921,off,off] EMC_FREQ 0%@1600 GR3D_FREQ 0%@614 APE 25 PLL@29.5C CPU@31.5C iwlwifi@32C PMIC@50C GPU@29.5C AO@41C thermal@30.75C POM_5V_IN 1731/2046 POM_5V_GPU 82/97 POM_5V_CPU 206/433
RAM 1372/3964MB (lfb 8x4MB) SWAP 795/6078MB (cached 35MB) IRAM 0/252kB(lfb 252kB) CPU [4%@921,9%@921,off,off] EMC_FREQ 0%@1600 GR3D_FREQ 0%@614 APE 25 PLL@29.5C CPU@31.5C iwlwifi@32C PMIC@50C GPU@29.5C AO@41C thermal@30.75C POM_5V_IN 1731/2046 POM_5V_GPU 82/97 POM_5V_CPU 164/433
RAM 1370/3964MB (lfb 8x4MB) SWAP 795/6078MB (cached 35MB) IRAM 0/252kB(lfb 252kB) CPU [8%@921,6%@921,off,off] EMC_FREQ 0%@1600 GR3D_FREQ 0%@614 APE 25 PLL@29.5C CPU@31.5C iwlwifi@32C PMIC@50C GPU@30C AO@41C thermal@30.75C POM_5V_IN 1689/2045 POM_5V_GPU 82/97 POM_5V_CPU 164/433
RAM 1372/3964MB (lfb 8x4MB) SWAP 795/6078MB (cached 35MB) IRAM 0/252kB(lfb 252kB) CPU [4%@921,9%@921,off,off] EMC_FREQ 0%@1600 GR3D_FREQ 0%@614 APE 25 PLL@29.5C CPU@31C iwlwifi@32C PMIC@50C GPU@30C AO@40.5C thermal@30.75C POM_5V_IN 1731/2045 POM_5V_GPU 82/97 POM_5V_CPU 164/432
RAM 1362/3964MB (lfb 8x4MB) SWAP 795/6078MB (cached 35MB) IRAM 0/252kB(lfb 252kB) CPU [4%@921,6%@921,off,off] EMC_FREQ 0%@1600 GR3D_FREQ 0%@614 APE 25 PLL@29.5C CPU@31C iwlwifi@32C PMIC@50C GPU@30C AO@41C thermal@30.5C POM_5V_IN 1689/2044 POM_5V_GPU 82/97 POM_5V_CPU 164/432
RAM 1368/3964MB (lfb 8x4MB) SWAP 795/6078MB (cached 35MB) IRAM 0/252kB(lfb 252kB) CPU [9%@921,8%@921,off,off] EMC_FREQ 0%@1600 GR3D_FREQ 0%@614 APE 25 PLL@29.5C CPU@31.5C iwlwifi@32C PMIC@50C GPU@30C AO@40.5C thermal@30.75C POM_5V_IN 2095/2044 POM_5V_GPU 82/97 POM_5V_CPU 533/432
RAM 1366/3964MB (lfb 8x4MB) SWAP 795/6078MB (cached 35MB) IRAM 0/252kB(lfb 252kB) CPU [7%@921,3%@921,off,off] EMC_FREQ 0%@1600 GR3D_FREQ 0%@614 APE 25 PLL@30C CPU@31.5C iwlwifi@32C PMIC@50C GPU@30C AO@41C thermal@30.5C POM_5V_IN 1731/2044 POM_5V_GPU 82/97 POM_5V_CPU 164/432
RAM 1366/3964MB (lfb 8x4MB) SWAP 795/6078MB (cached 35MB) IRAM 0/252kB(lfb 252kB) CPU [7%@921,7%@921,off,off] EMC_FREQ 0%@1600 GR3D_FREQ 0%@614 APE 25 PLL@29.5C CPU@31.5C iwlwifi@32C PMIC@50C GPU@30C AO@41C thermal@30.5C POM_5V_IN 2133/2044 POM_5V_GPU 82/97 POM_5V_CPU 533/432
RAM 1369/3964MB (lfb 8x4MB) SWAP 795/6078MB (cached 35MB) IRAM 0/252kB(lfb 252kB) CPU [11%@921,4%@921,off,off] EMC_FREQ 0%@1600 GR3D_FREQ 0%@614 APE 25 PLL@29.5C CPU@31.5C iwlwifi@32C PMIC@50C GPU@30C AO@41C thermal@30.5C POM_5V_IN 2133/2044 POM_5V_GPU 82/97 POM_5V_CPU 533/432
RAM 1376/3964MB (lfb 8x4MB) SWAP 795/6078MB (cached 35MB) IRAM 0/252kB(lfb 252kB) CPU [7%@921,8%@921,off,off] EMC_FREQ 0%@1600 GR3D_FREQ 0%@614 APE 25 PLL@29.5C CPU@32C iwlwifi@32C PMIC@50C GPU@30C AO@41.5C thermal@30.75C POM_5V_IN 2293/2045 POM_5V_GPU 81/97 POM_5V_CPU 573/432
RAM 1372/3964MB (lfb 8x4MB) SWAP 795/6078MB (cached 35MB) IRAM 0/252kB(lfb 252kB) CPU [8%@921,5%@921,off,off] EMC_FREQ 0%@1600 GR3D_FREQ 0%@614 APE 25 PLL@29.5C CPU@31.5C iwlwifi@32C PMIC@50C GPU@30C AO@41.5C thermal@30.25C POM_5V_IN 2215/2045 POM_5V_GPU 82/97 POM_5V_CPU 574/432
RAM 1372/3964MB (lfb 8x4MB) SWAP 795/6078MB (cached 35MB) IRAM 0/252kB(lfb 252kB) CPU [8%@921,6%@921,off,off] EMC_FREQ 0%@1600 GR3D_FREQ 0%@614 APE 25 PLL@29.5C CPU@31.5C iwlwifi@32C PMIC@50C GPU@30C AO@41C thermal@30.5C POM_5V_IN 1934/2045 POM_5V_GPU 82/97 POM_5V_CPU 329/432
RAM 1372/3964MB (lfb 8x4MB) SWAP 795/6078MB (cached 35MB) IRAM 0/252kB(lfb 252kB) CPU [7%@921,6%@921,off,off] EMC_FREQ 0%@1600 GR3D_FREQ 0%@614 APE 25 PLL@30C CPU@31C iwlwifi@32C PMIC@50C GPU@29.5C AO@41C thermal@30.5C POM_5V_IN 1731/2044 POM_5V_GPU 82/97 POM_5V_CPU 164/432
RAM 1370/3964MB (lfb 8x4MB) SWAP 795/6078MB (cached 35MB) IRAM 0/252kB(lfb 252kB) CPU [7%@921,7%@921,off,off] EMC_FREQ 0%@1600 GR3D_FREQ 0%@614 APE 25 PLL@29.5C CPU@31.5C iwlwifi@32C PMIC@50C GPU@30C AO@40.5C thermal@30.5C POM_5V_IN 1689/2044 POM_5V_GPU 82/97 POM_5V_CPU 164/431
RAM 1368/3964MB (lfb 8x4MB) SWAP 795/6078MB (cached 35MB) IRAM 0/252kB(lfb 252kB) CPU [4%@921,9%@921,off,off] EMC_FREQ 0%@1600 GR3D_FREQ 0%@614 APE 25 PLL@30C CPU@31C iwlwifi@32C PMIC@50C GPU@30C AO@40.5C thermal@30.75C POM_5V_IN 1689/2043 POM_5V_GPU 82/97 POM_5V_CPU 164/431
RAM 1372/3964MB (lfb 8x4MB) SWAP 795/6078MB (cached 35MB) IRAM 0/252kB(lfb 252kB) CPU [7%@921,6%@921,off,off] EMC_FREQ 0%@1600 GR3D_FREQ 0%@614 APE 25 PLL@29.5C CPU@31.5C iwlwifi@32C PMIC@50C GPU@29.5C AO@41C thermal@30.5C POM_5V_IN 1689/2043 POM_5V_GPU 82/97 POM_5V_CPU 164/431
RAM 1361/3964MB (lfb 8x4MB) SWAP 795/6078MB (cached 35MB) IRAM 0/252kB(lfb 252kB) CPU [4%@921,5%@921,off,off] EMC_FREQ 0%@1600 GR3D_FREQ 0%@614 APE 25 PLL@29.5C CPU@31C iwlwifi@32C PMIC@50C GPU@30C AO@41C thermal@30.75C POM_5V_IN 1689/2042 POM_5V_GPU 82/97 POM_5V_CPU 164/430
RAM 1369/3964MB (lfb 8x4MB) SWAP 795/6078MB (cached 35MB) IRAM 0/252kB(lfb 252kB) CPU [9%@921,9%@921,off,off] EMC_FREQ 0%@1600 GR3D_FREQ 0%@614 APE 25 PLL@30C CPU@31.5C iwlwifi@32C PMIC@50C GPU@30C AO@41C thermal@30.75C POM_5V_IN 2095/2042 POM_5V_GPU 82/97 POM_5V_CPU 533/431
RAM 1381/3964MB (lfb 8x4MB) SWAP 795/6078MB (cached 35MB) IRAM 0/252kB(lfb 252kB) CPU [7%@921,6%@921,off,off] EMC_FREQ 0%@1600 GR3D_FREQ 0%@614 APE 25 PLL@29.5C CPU@31.5C iwlwifi@34C PMIC@50C GPU@30C AO@41C thermal@30.75C POM_5V_IN 1689/2042 POM_5V_GPU 82/97 POM_5V_CPU 164/430
RAM 1376/3964MB (lfb 8x4MB) SWAP 795/6078MB (cached 35MB) IRAM 0/252kB(lfb 252kB) CPU [7%@921,9%@921,off,off] EMC_FREQ 0%@1600 GR3D_FREQ 0%@614 APE 25 PLL@29.5C CPU@31.5C iwlwifi@32C PMIC@50C GPU@30C AO@41C thermal@30.75C POM_5V_IN 2133/2042 POM_5V_GPU 82/97 POM_5V_CPU 533/430
RAM 1368/3964MB (lfb 8x4MB) SWAP 795/6078MB (cached 35MB) IRAM 0/252kB(lfb 252kB) CPU [10%@921,9%@921,off,off] EMC_FREQ 0%@1600 GR3D_FREQ 0%@614 APE 25 PLL@29.5C CPU@31.5C iwlwifi@32C PMIC@50C GPU@29.5C AO@41C thermal@30.75C POM_5V_IN 2136/2042 POM_5V_GPU 82/97 POM_5V_CPU 533/430
RAM 1364/3964MB (lfb 8x4MB) SWAP 795/6078MB (cached 35MB) IRAM 0/252kB(lfb 252kB) CPU [4%@921,6%@921,off,off] EMC_FREQ 0%@1600 GR3D_FREQ 0%@614 APE 25 PLL@29.5C CPU@31.5C iwlwifi@32C PMIC@50C GPU@30C AO@41C thermal@30.75C POM_5V_IN 1689/2042 POM_5V_GPU 82/97 POM_5V_CPU 164/430
RAM 1369/3964MB (lfb 8x4MB) SWAP 795/6078MB (cached 35MB) IRAM 0/252kB(lfb 252kB) CPU [10%@921,7%@921,off,off] EMC_FREQ 0%@1600 GR3D_FREQ 0%@614 APE 25 PLL@30C CPU@31.5C iwlwifi@32C PMIC@50C GPU@29.5C AO@40.5C thermal@30.25C POM_5V_IN 2133/2042 POM_5V_GPU 82/97 POM_5V_CPU 533/430
RAM 1366/3964MB (lfb 8x4MB) SWAP 795/6078MB (cached 35MB) IRAM 0/252kB(lfb 252kB) CPU [7%@921,4%@921,off,off] EMC_FREQ 0%@1600 GR3D_FREQ 0%@614 APE 25 PLL@29.5C CPU@31.5C iwlwifi@32C PMIC@50C GPU@30C AO@41C thermal@30.75C POM_5V_IN 1689/2041 POM_5V_GPU 82/97 POM_5V_CPU 164/430
RAM 1377/3964MB (lfb 8x4MB) SWAP 795/6078MB (cached 35MB) IRAM 0/252kB(lfb 252kB) CPU [8%@921,7%@921,off,off] EMC_FREQ 0%@1600 GR3D_FREQ 0%@614 APE 25 PLL@30C CPU@31.5C iwlwifi@32C PMIC@50C GPU@30C AO@41C thermal@30.75C POM_5V_IN 2174/2042 POM_5V_GPU 82/97 POM_5V_CPU 492/430
RAM 1377/3964MB (lfb 8x4MB) SWAP 795/6078MB (cached 35MB) IRAM 0/252kB(lfb 252kB) CPU [6%@921,8%@921,off,off] EMC_FREQ 0%@1600 GR3D_FREQ 0%@614 APE 25 PLL@30C CPU@31.5C iwlwifi@32C PMIC@50C GPU@29.5C AO@41.5C thermal@30.5C POM_5V_IN 2256/2042 POM_5V_GPU 82/96 POM_5V_CPU 574/430
RAM 1371/3964MB (lfb 8x4MB) SWAP 795/6078MB (cached 35MB) IRAM 0/252kB(lfb 252kB) CPU [8%@921,6%@921,off,off] EMC_FREQ 0%@1600 GR3D_FREQ 0%@614 APE 25 PLL@30C CPU@32C iwlwifi@32C PMIC@50C GPU@30C AO@41C thermal@30.75C POM_5V_IN 2174/2042 POM_5V_GPU 82/96 POM_5V_CPU 574/430
RAM 1373/3964MB (lfb 8x4MB) SWAP 795/6078MB (cached 35MB) IRAM 0/252kB(lfb 252kB) CPU [5%@921,8%@921,off,off] EMC_FREQ 0%@1600 GR3D_FREQ 0%@614 APE 25 PLL@29.5C CPU@31.5C iwlwifi@32C PMIC@50C GPU@30C AO@40.5C thermal@30.75C POM_5V_IN 1772/2042 POM_5V_GPU 82/96 POM_5V_CPU 206/430
RAM 1369/3964MB (lfb 8x4MB) SWAP 795/6078MB (cached 35MB) IRAM 0/252kB(lfb 252kB) CPU [7%@921,7%@921,off,off] EMC_FREQ 0%@1600 GR3D_FREQ 0%@614 APE 25 PLL@29.5C CPU@31.5C iwlwifi@32C PMIC@50C GPU@30C AO@41C thermal@31C POM_5V_IN 1728/2041 POM_5V_GPU 82/96 POM_5V_CPU 164/430
RAM 1374/3964MB (lfb 8x4MB) SWAP 795/6078MB (cached 35MB) IRAM 0/252kB(lfb 252kB) CPU [6%@921,10%@921,off,off] EMC_FREQ 0%@1600 GR3D_FREQ 0%@614 APE 25 PLL@29.5C CPU@31.5C iwlwifi@32C PMIC@50C GPU@30C AO@41.5C thermal@30.5C POM_5V_IN 1689/2041 POM_5V_GPU 82/96 POM_5V_CPU 164/429
RAM 1374/3964MB (lfb 8x4MB) SWAP 795/6078MB (cached 35MB) IRAM 0/252kB(lfb 252kB) CPU [7%@921,9%@921,off,off] EMC_FREQ 0%@1600 GR3D_FREQ 0%@614 APE 25 PLL@29.5C CPU@31.5C iwlwifi@33C PMIC@50C GPU@30C AO@41C thermal@30.5C POM_5V_IN 1772/2040 POM_5V_GPU 82/96 POM_5V_CPU 205/429
RAM 1375/3964MB (lfb 8x4MB) SWAP 795/6078MB (cached 35MB) IRAM 0/252kB(lfb 252kB) CPU [6%@921,7%@921,off,off] EMC_FREQ 0%@1600 GR3D_FREQ 0%@614 APE 25 PLL@30C CPU@31.5C iwlwifi@33C PMIC@50C GPU@30C AO@41C thermal@30.75C POM_5V_IN 1807/2040 POM_5V_GPU 82/96 POM_5V_CPU 246/429
RAM 1376/3964MB (lfb 8x4MB) SWAP 795/6078MB (cached 35MB) IRAM 0/252kB(lfb 252kB) CPU [6%@921,8%@921,off,off] EMC_FREQ 0%@1600 GR3D_FREQ 0%@614 APE 25 PLL@30C CPU@31.5C iwlwifi@32C PMIC@50C GPU@30C AO@41C thermal@30.75C POM_5V_IN 2256/2040 POM_5V_GPU 82/96 POM_5V_CPU 615/429
RAM 1370/3964MB (lfb 8x4MB) SWAP 795/6078MB (cached 35MB) IRAM 0/252kB(lfb 252kB) CPU [6%@921,8%@921,off,off] EMC_FREQ 0%@1600 GR3D_FREQ 0%@614 APE 25 PLL@29.5C CPU@31.5C iwlwifi@32C PMIC@50C GPU@30C AO@41.5C thermal@30.75C POM_5V_IN 2211/2041 POM_5V_GPU 81/96 POM_5V_CPU 573/429
RAM 1373/3964MB (lfb 8x4MB) SWAP 795/6078MB (cached 35MB) IRAM 0/252kB(lfb 252kB) CPU [6%@921,7%@921,off,off] EMC_FREQ 0%@1600 GR3D_FREQ 0%@614 APE 25 PLL@29.5C CPU@31.5C iwlwifi@34C PMIC@50C GPU@30C AO@41.5C thermal@30.5C POM_5V_IN 1731/2040 POM_5V_GPU 82/96 POM_5V_CPU 164/429
RAM 1371/3964MB (lfb 8x4MB) SWAP 795/6078MB (cached 35MB) IRAM 0/252kB(lfb 252kB) CPU [9%@921,5%@921,off,off] EMC_FREQ 0%@1600 GR3D_FREQ 0%@614 APE 25 PLL@30C CPU@31.5C iwlwifi@32C PMIC@50C GPU@29.5C AO@41C thermal@30.5C POM_5V_IN 2010/2040 POM_5V_GPU 82/96 POM_5V_CPU 410/429
RAM 1369/3964MB (lfb 8x4MB) SWAP 795/6078MB (cached 35MB) IRAM 0/252kB(lfb 252kB) CPU [7%@921,6%@921,off,off] EMC_FREQ 0%@1600 GR3D_FREQ 0%@614 APE 25 PLL@29.5C CPU@31.5C iwlwifi@32C PMIC@50C GPU@30C AO@41C thermal@30.25C POM_5V_IN 1689/2040 POM_5V_GPU 82/96 POM_5V_CPU 164/429
RAM 1368/3964MB (lfb 8x4MB) SWAP 795/6078MB (cached 35MB) IRAM 0/252kB(lfb 252kB) CPU [9%@921,5%@921,off,off] EMC_FREQ 0%@1600 GR3D_FREQ 0%@614 APE 25 PLL@29.5C CPU@31.5C iwlwifi@32C PMIC@50C GPU@30C AO@41C thermal@30.75C POM_5V_IN 1689/2039 POM_5V_GPU 82/96 POM_5V_CPU 164/428
RAM 1373/3964MB (lfb 8x4MB) SWAP 795/6078MB (cached 35MB) IRAM 0/252kB(lfb 252kB) CPU [6%@921,7%@921,off,off] EMC_FREQ 0%@1600 GR3D_FREQ 0%@614 APE 25 PLL@30C CPU@31C iwlwifi@32C PMIC@50C GPU@29.5C AO@41C thermal@30.5C POM_5V_IN 1689/2039 POM_5V_GPU 82/96 POM_5V_CPU 164/428
RAM 1361/3964MB (lfb 8x4MB) SWAP 795/6078MB (cached 35MB) IRAM 0/252kB(lfb 252kB) CPU [6%@921,4%@921,off,off] EMC_FREQ 0%@1600 GR3D_FREQ 0%@614 APE 25 PLL@29.5C CPU@31.5C iwlwifi@32C PMIC@50C GPU@30C AO@41C thermal@30.75C POM_5V_IN 1689/2038 POM_5V_GPU 82/96 POM_5V_CPU 123/428
RAM 1373/3964MB (lfb 8x4MB) SWAP 795/6078MB (cached 35MB) IRAM 0/252kB(lfb 252kB) CPU [7%@921,10%@921,off,off] EMC_FREQ 0%@1600 GR3D_FREQ 0%@614 APE 25 PLL@30C CPU@31.5C iwlwifi@32C PMIC@50C GPU@29.5C AO@40.5C thermal@30.5C POM_5V_IN 2136/2039 POM_5V_GPU 82/96 POM_5V_CPU 533/428
RAM 1371/3964MB (lfb 8x4MB) SWAP 795/6078MB (cached 35MB) IRAM 0/252kB(lfb 252kB) CPU [6%@921,6%@921,off,off] EMC_FREQ 0%@1600 GR3D_FREQ 0%@614 APE 25 PLL@29.5C CPU@31.5C iwlwifi@32C PMIC@50C GPU@30C AO@41C thermal@30.75C POM_5V_IN 1689/2038 POM_5V_GPU 82/96 POM_5V_CPU 123/427
RAM 1371/3964MB (lfb 8x4MB) SWAP 795/6078MB (cached 35MB) IRAM 0/252kB(lfb 252kB) CPU [5%@921,8%@921,off,off] EMC_FREQ 0%@1600 GR3D_FREQ 0%@614 APE 25 PLL@29.5C CPU@32C iwlwifi@32C PMIC@50C GPU@30C AO@41C thermal@30.5C POM_5V_IN 2174/2038 POM_5V_GPU 82/96 POM_5V_CPU 492/427
RAM 1370/3964MB (lfb 8x4MB) SWAP 795/6078MB (cached 35MB) IRAM 0/252kB(lfb 252kB) CPU [8%@921,6%@921,off,off] EMC_FREQ 0%@1600 GR3D_FREQ 0%@614 APE 25 PLL@30C CPU@32C iwlwifi@32C PMIC@50C GPU@30C AO@41C thermal@31C POM_5V_IN 2297/2039 POM_5V_GPU 81/96 POM_5V_CPU 573/428
RAM 1369/3964MB (lfb 8x4MB) SWAP 795/6078MB (cached 35MB) IRAM 0/252kB(lfb 252kB) CPU [5%@921,7%@921,off,off] EMC_FREQ 0%@1600 GR3D_FREQ 0%@614 APE 25 PLL@29.5C CPU@31.5C iwlwifi@32C PMIC@50C GPU@29.5C AO@41C thermal@30.5C POM_5V_IN 2256/2039 POM_5V_GPU 82/96 POM_5V_CPU 573/428
RAM 1367/3964MB (lfb 8x4MB) SWAP 795/6078MB (cached 35MB) IRAM 0/252kB(lfb 252kB) CPU [8%@921,7%@921,off,off] EMC_FREQ 0%@1600 GR3D_FREQ 0%@614 APE 25 PLL@30C CPU@31C iwlwifi@32C PMIC@50C GPU@30C AO@41C thermal@30.75C POM_5V_IN 2133/2039 POM_5V_GPU 82/96 POM_5V_CPU 533/428
RAM 1367/3964MB (lfb 8x4MB) SWAP 795/6078MB (cached 35MB) IRAM 0/252kB(lfb 252kB) CPU [6%@921,7%@921,off,off] EMC_FREQ 0%@1600 GR3D_FREQ 0%@614 APE 25 PLL@30C CPU@31.5C iwlwifi@32C PMIC@50C GPU@29.5C AO@40.5C thermal@30.75C POM_5V_IN 2293/2039 POM_5V_GPU 81/96 POM_5V_CPU 573/428
RAM 1377/3964MB (lfb 8x4MB) SWAP 795/6078MB (cached 35MB) IRAM 0/252kB(lfb 252kB) CPU [6%@921,9%@921,off,off] EMC_FREQ 0%@1600 GR3D_FREQ 0%@614 APE 25 PLL@30C CPU@31.5C iwlwifi@32C PMIC@50C GPU@29.5C AO@40.5C thermal@30.75C POM_5V_IN 2256/2040 POM_5V_GPU 82/96 POM_5V_CPU 574/428
RAM 1371/3964MB (lfb 8x4MB) SWAP 795/6078MB (cached 35MB) IRAM 0/252kB(lfb 252kB) CPU [6%@921,7%@921,off,off] EMC_FREQ 0%@1600 GR3D_FREQ 0%@614 APE 25 PLL@30C CPU@31.5C iwlwifi@32C PMIC@50C GPU@30C AO@40.5C thermal@30.5C POM_5V_IN 1975/2040 POM_5V_GPU 82/96 POM_5V_CPU 369/428
RAM 1369/3964MB (lfb 8x4MB) SWAP 795/6078MB (cached 35MB) IRAM 0/252kB(lfb 252kB) CPU [8%@921,5%@921,off,off] EMC_FREQ 0%@1600 GR3D_FREQ 0%@614 APE 25 PLL@29.5C CPU@31.5C iwlwifi@32C PMIC@50C GPU@30C AO@41C thermal@30.5C POM_5V_IN 1731/2039 POM_5V_GPU 82/96 POM_5V_CPU 164/428
RAM 1369/3964MB (lfb 8x4MB) SWAP 795/6078MB (cached 35MB) IRAM 0/252kB(lfb 252kB) CPU [5%@921,8%@921,off,off] EMC_FREQ 0%@1600 GR3D_FREQ 0%@614 APE 25 PLL@29.5C CPU@31.5C iwlwifi@32C PMIC@50C GPU@30C AO@41C thermal@30.5C POM_5V_IN 1731/2039 POM_5V_GPU 82/96 POM_5V_CPU 164/427
RAM 1370/3964MB (lfb 8x4MB) SWAP 795/6078MB (cached 35MB) IRAM 0/252kB(lfb 252kB) CPU [7%@921,6%@921,off,off] EMC_FREQ 0%@1600 GR3D_FREQ 0%@614 APE 25 PLL@29.5C CPU@31.5C iwlwifi@32C PMIC@50C GPU@29.5C AO@41C thermal@30.5C POM_5V_IN 1731/2038 POM_5V_GPU 82/96 POM_5V_CPU 164/427
RAM 1369/3964MB (lfb 8x4MB) SWAP 795/6078MB (cached 35MB) IRAM 0/252kB(lfb 252kB) CPU [8%@921,6%@921,off,off] EMC_FREQ 0%@1600 GR3D_FREQ 0%@614 APE 25 PLL@29.5C CPU@31.5C iwlwifi@32C PMIC@50C GPU@30C AO@41C thermal@30.75C POM_5V_IN 1689/2038 POM_5V_GPU 82/96 POM_5V_CPU 164/427
RAM 1371/3964MB (lfb 8x4MB) SWAP 795/6078MB (cached 35MB) IRAM 0/252kB(lfb 252kB) CPU [6%@921,7%@921,off,off] EMC_FREQ 0%@1600 GR3D_FREQ 0%@614 APE 25 PLL@29.5C CPU@31C iwlwifi@32C PMIC@50C GPU@30C AO@41.5C thermal@30.75C POM_5V_IN 1731/2038 POM_5V_GPU 82/96 POM_5V_CPU 164/427
RAM 1362/3964MB (lfb 8x4MB) SWAP 795/6078MB (cached 35MB) IRAM 0/252kB(lfb 252kB) CPU [5%@921,4%@921,off,off] EMC_FREQ 0%@1600 GR3D_FREQ 0%@614 APE 25 PLL@29C CPU@31C iwlwifi@32C PMIC@50C GPU@30C AO@41C thermal@30.75C POM_5V_IN 1728/2037 POM_5V_GPU 82/96 POM_5V_CPU 164/426
RAM 1371/3964MB (lfb 8x4MB) SWAP 795/6078MB (cached 35MB) IRAM 0/252kB(lfb 252kB) CPU [7%@921,11%@921,off,off] EMC_FREQ 0%@1600 GR3D_FREQ 0%@614 APE 25 PLL@29.5C CPU@31.5C iwlwifi@32C PMIC@50C GPU@30C AO@40.5C thermal@30.5C POM_5V_IN 2095/2037 POM_5V_GPU 82/96 POM_5V_CPU 533/426
RAM 1366/3964MB (lfb 8x4MB) SWAP 795/6078MB (cached 35MB) IRAM 0/252kB(lfb 252kB) CPU [8%@921,3%@921,off,off] EMC_FREQ 0%@1600 GR3D_FREQ 0%@614 APE 25 PLL@29C CPU@31.5C iwlwifi@32C PMIC@50C GPU@30C AO@41C thermal@30.75C POM_5V_IN 1689/2037 POM_5V_GPU 82/96 POM_5V_CPU 164/426
RAM 1371/3964MB (lfb 8x4MB) SWAP 795/6078MB (cached 35MB) IRAM 0/252kB(lfb 252kB) CPU [9%@921,7%@921,off,off] EMC_FREQ 0%@1600 GR3D_FREQ 0%@614 APE 25 PLL@29.5C CPU@31.5C iwlwifi@32C PMIC@50C GPU@30C AO@41C thermal@31C POM_5V_IN 2136/2037 POM_5V_GPU 82/96 POM_5V_CPU 533/426
RAM 1372/3964MB (lfb 8x4MB) SWAP 795/6078MB (cached 35MB) IRAM 0/252kB(lfb 252kB) CPU [5%@921,7%@921,off,off] EMC_FREQ 0%@1600 GR3D_FREQ 0%@614 APE 25 PLL@29.5C CPU@31.5C iwlwifi@32C PMIC@50C GPU@30C AO@41C thermal@30.5C POM_5V_IN 1689/2036 POM_5V_GPU 82/96 POM_5V_CPU 164/426
RAM 1375/3964MB (lfb 8x4MB) SWAP 795/6078MB (cached 35MB) IRAM 0/252kB(lfb 252kB) CPU [7%@921,7%@921,off,off] EMC_FREQ 0%@1600 GR3D_FREQ 0%@614 APE 25 PLL@29.5C CPU@31.5C iwlwifi@32C PMIC@50C GPU@30C AO@41.5C thermal@30.25C POM_5V_IN 2256/2037 POM_5V_GPU 82/96 POM_5V_CPU 615/426
RAM 1372/3964MB (lfb 8x4MB) SWAP 795/6078MB (cached 35MB) IRAM 0/252kB(lfb 252kB) CPU [7%@921,7%@921,off,off] EMC_FREQ 0%@1600 GR3D_FREQ 0%@614 APE 25 PLL@29.5C CPU@31.5C iwlwifi@32C PMIC@50C GPU@29.5C AO@41C thermal@30.5C POM_5V_IN 1851/2037 POM_5V_GPU 82/96 POM_5V_CPU 246/426
RAM 1369/3964MB (lfb 8x4MB) SWAP 795/6078MB (cached 35MB) IRAM 0/252kB(lfb 252kB) CPU [6%@921,7%@921,off,off] EMC_FREQ 0%@1600 GR3D_FREQ 0%@614 APE 25 PLL@29.5C CPU@31.5C iwlwifi@32C PMIC@50C GPU@30C AO@41C thermal@30.25C POM_5V_IN 1731/2036 POM_5V_GPU 82/96 POM_5V_CPU 206/426
RAM 1372/3964MB (lfb 8x4MB) SWAP 795/6078MB (cached 35MB) IRAM 0/252kB(lfb 252kB) CPU [9%@921,6%@921,off,off] EMC_FREQ 0%@1600 GR3D_FREQ 0%@614 APE 25 PLL@29.5C CPU@31.5C iwlwifi@32C PMIC@50C GPU@29.5C AO@41C thermal@30.25C POM_5V_IN 1689/2036 POM_5V_GPU 82/96 POM_5V_CPU 164/425
RAM 1373/3964MB (lfb 8x4MB) SWAP 795/6078MB (cached 35MB) IRAM 0/252kB(lfb 252kB) CPU [6%@921,7%@921,off,off] EMC_FREQ 0%@1600 GR3D_FREQ 0%@614 APE 25 PLL@29.5C CPU@31C iwlwifi@32C PMIC@50C GPU@29.5C AO@40.5C thermal@30.5C POM_5V_IN 1689/2035 POM_5V_GPU 82/96 POM_5V_CPU 164/425
RAM 1371/3964MB (lfb 8x4MB) SWAP 795/6078MB (cached 35MB) IRAM 0/252kB(lfb 252kB) CPU [8%@921,6%@921,off,off] EMC_FREQ 0%@1600 GR3D_FREQ 0%@614 APE 25 PLL@29.5C CPU@31C iwlwifi@32C PMIC@50C GPU@29.5C AO@40.5C thermal@30.5C POM_5V_IN 1689/2035 POM_5V_GPU 82/96 POM_5V_CPU 164/425
RAM 1363/3964MB (lfb 8x4MB) SWAP 795/6078MB (cached 35MB) IRAM 0/252kB(lfb 252kB) CPU [3%@921,6%@921,off,off] EMC_FREQ 0%@1600 GR3D_FREQ 0%@614 APE 25 PLL@29.5C CPU@31.5C iwlwifi@32C PMIC@50C GPU@30C AO@41C thermal@30.5C POM_5V_IN 1689/2034 POM_5V_GPU 82/96 POM_5V_CPU 164/424
RAM 1369/3964MB (lfb 8x4MB) SWAP 795/6078MB (cached 35MB) IRAM 0/252kB(lfb 252kB) CPU [7%@921,11%@921,off,off] EMC_FREQ 0%@1600 GR3D_FREQ 0%@614 APE 25 PLL@30C CPU@31.5C iwlwifi@32C PMIC@50C GPU@30C AO@40.5C thermal@30.5C POM_5V_IN 2136/2035 POM_5V_GPU 82/96 POM_5V_CPU 533/424
RAM 1366/3964MB (lfb 8x4MB) SWAP 795/6078MB (cached 35MB) IRAM 0/252kB(lfb 252kB) CPU [7%@921,4%@921,off,off] EMC_FREQ 0%@1600 GR3D_FREQ 0%@614 APE 25 PLL@29.5C CPU@31.5C iwlwifi@32C PMIC@50C GPU@30C AO@41C thermal@30.5C POM_5V_IN 1689/2034 POM_5V_GPU 82/96 POM_5V_CPU 123/424
RAM 1371/3964MB (lfb 8x4MB) SWAP 795/6078MB (cached 35MB) IRAM 0/252kB(lfb 252kB) CPU [6%@921,8%@921,off,off] EMC_FREQ 0%@1600 GR3D_FREQ 0%@614 APE 25 PLL@30C CPU@31.5C iwlwifi@32C PMIC@50C GPU@29.5C AO@41C thermal@30.75C POM_5V_IN 2136/2034 POM_5V_GPU 82/96 POM_5V_CPU 533/424
RAM 1368/3964MB (lfb 8x4MB) SWAP 795/6078MB (cached 35MB) IRAM 0/252kB(lfb 252kB) CPU [8%@921,6%@921,off,off] EMC_FREQ 0%@1600 GR3D_FREQ 0%@614 APE 25 PLL@29.5C CPU@31.5C iwlwifi@32C PMIC@50C GPU@30C AO@41C thermal@30.5C POM_5V_IN 2215/2034 POM_5V_GPU 82/96 POM_5V_CPU 492/424
RAM 1370/3964MB (lfb 8x4MB) SWAP 795/6078MB (cached 35MB) IRAM 0/252kB(lfb 252kB) CPU [8%@921,6%@921,off,off] EMC_FREQ 0%@1600 GR3D_FREQ 0%@614 APE 25 PLL@29.5C CPU@31.5C iwlwifi@32C PMIC@50C GPU@29.5C AO@41C thermal@30.25C POM_5V_IN 2211/2035 POM_5V_GPU 81/96 POM_5V_CPU 614/424
RAM 1375/3964MB (lfb 8x4MB) SWAP 795/6078MB (cached 35MB) IRAM 0/252kB(lfb 252kB) CPU [9%@921,6%@921,off,off] EMC_FREQ 0%@1600 GR3D_FREQ 0%@614 APE 25 PLL@30C CPU@31.5C iwlwifi@32C PMIC@50C GPU@30C AO@41C thermal@30.5C POM_5V_IN 2293/2035 POM_5V_GPU 81/96 POM_5V_CPU 614/425
RAM 1373/3964MB (lfb 8x4MB) SWAP 795/6078MB (cached 35MB) IRAM 0/252kB(lfb 252kB) CPU [6%@921,8%@921,off,off] EMC_FREQ 0%@1600 GR3D_FREQ 0%@614 APE 25 PLL@29.5C CPU@31C iwlwifi@32C PMIC@50C GPU@29.5C AO@41C thermal@30.75C POM_5V_IN 2256/2035 POM_5V_GPU 82/96 POM_5V_CPU 574/425
RAM 1369/3964MB (lfb 8x4MB) SWAP 795/6078MB (cached 35MB) IRAM 0/252kB(lfb 252kB) CPU [7%@921,7%@921,off,off] EMC_FREQ 0%@1600 GR3D_FREQ 0%@614 APE 25 PLL@29.5C CPU@31C iwlwifi@32C PMIC@50C GPU@29.5C AO@41C thermal@30.5C POM_5V_IN 1731/2035 POM_5V_GPU 82/96 POM_5V_CPU 164/425
RAM 1369/3964MB (lfb 8x4MB) SWAP 795/6078MB (cached 35MB) IRAM 0/252kB(lfb 252kB) CPU [8%@921,5%@921,off,off] EMC_FREQ 0%@1600 GR3D_FREQ 0%@614 APE 25 PLL@29.5C CPU@31C iwlwifi@32C PMIC@50C GPU@29.5C AO@41C thermal@30.25C POM_5V_IN 1689/2035 POM_5V_GPU 82/96 POM_5V_CPU 164/424
RAM 1369/3964MB (lfb 8x4MB) SWAP 795/6078MB (cached 35MB) IRAM 0/252kB(lfb 252kB) CPU [7%@921,6%@921,off,off] EMC_FREQ 0%@1600 GR3D_FREQ 0%@614 APE 25 PLL@29.5C CPU@31.5C iwlwifi@32C PMIC@50C GPU@29.5C AO@40.5C thermal@30.25C POM_5V_IN 1731/2034 POM_5V_GPU 82/96 POM_5V_CPU 164/424
RAM 1369/3964MB (lfb 8x4MB) SWAP 795/6078MB (cached 35MB) IRAM 0/252kB(lfb 252kB) CPU [7%@921,7%@921,off,off] EMC_FREQ 0%@1600 GR3D_FREQ 0%@614 APE 25 PLL@29.5C CPU@31C iwlwifi@32C PMIC@50C GPU@29.5C AO@40.5C thermal@30.5C POM_5V_IN 1689/2034 POM_5V_GPU 82/96 POM_5V_CPU 164/424
RAM 1364/3964MB (lfb 8x4MB) SWAP 795/6078MB (cached 35MB) IRAM 0/252kB(lfb 252kB) CPU [4%@921,5%@921,off,off] EMC_FREQ 0%@1600 GR3D_FREQ 0%@614 APE 25 PLL@29.5C CPU@31C iwlwifi@32C PMIC@50C GPU@29.5C AO@41C thermal@30.75C POM_5V_IN 1689/2033 POM_5V_GPU 82/96 POM_5V_CPU 164/423
RAM 1369/3964MB (lfb 8x4MB) SWAP 795/6078MB (cached 35MB) IRAM 0/252kB(lfb 252kB) CPU [8%@921,9%@921,off,off] EMC_FREQ 0%@1600 GR3D_FREQ 0%@614 APE 25 PLL@30C CPU@31.5C iwlwifi@32C PMIC@50C GPU@29.5C AO@40.5C thermal@30.75C POM_5V_IN 2136/2033 POM_5V_GPU 82/96 POM_5V_CPU 533/423
RAM 1364/3964MB (lfb 8x4MB) SWAP 795/6078MB (cached 35MB) IRAM 0/252kB(lfb 252kB) CPU [6%@921,5%@921,off,off] EMC_FREQ 0%@1600 GR3D_FREQ 0%@614 APE 25 PLL@29.5C CPU@31C iwlwifi@32C PMIC@50C GPU@30C AO@41C thermal@30.25C POM_5V_IN 1731/2033 POM_5V_GPU 82/96 POM_5V_CPU 164/423
RAM 1373/3964MB (lfb 8x4MB) SWAP 795/6078MB (cached 35MB) IRAM 0/252kB(lfb 252kB) CPU [7%@921,9%@921,off,off] EMC_FREQ 0%@1600 GR3D_FREQ 0%@614 APE 25 PLL@29.5C CPU@31.5C iwlwifi@32C PMIC@50C GPU@29.5C AO@40.5C thermal@30.25C POM_5V_IN 2133/2033 POM_5V_GPU 82/96 POM_5V_CPU 574/423
RAM 1373/3964MB (lfb 8x4MB) SWAP 795/6078MB (cached 35MB) IRAM 0/252kB(lfb 252kB) CPU [6%@921,7%@921,off,off] EMC_FREQ 0%@1600 GR3D_FREQ 0%@614 APE 25 PLL@29C CPU@31C iwlwifi@32C PMIC@50C GPU@29.5C AO@41C thermal@30.5C POM_5V_IN 1689/2033 POM_5V_GPU 82/95 POM_5V_CPU 164/423
RAM 1372/3964MB (lfb 8x4MB) SWAP 795/6078MB (cached 35MB) IRAM 0/252kB(lfb 252kB) CPU [8%@921,6%@921,off,off] EMC_FREQ 0%@1600 GR3D_FREQ 0%@614 APE 25 PLL@29.5C CPU@31.5C iwlwifi@32C PMIC@50C GPU@29.5C AO@41C thermal@30.75C POM_5V_IN 2256/2033 POM_5V_GPU 82/95 POM_5V_CPU 574/423
RAM 1371/3964MB (lfb 8x4MB) SWAP 795/6078MB (cached 35MB) IRAM 0/252kB(lfb 252kB) CPU [6%@921,8%@921,off,off] EMC_FREQ 0%@1600 GR3D_FREQ 0%@614 APE 25 PLL@30C CPU@32C iwlwifi@32C PMIC@50C GPU@29.5C AO@41C thermal@30.5C POM_5V_IN 2211/2033 POM_5V_GPU 81/95 POM_5V_CPU 573/423
RAM 1369/3964MB (lfb 8x4MB) SWAP 795/6078MB (cached 35MB) IRAM 0/252kB(lfb 252kB) CPU [9%@921,6%@921,off,off] EMC_FREQ 0%@1600 GR3D_FREQ 0%@614 APE 25 PLL@30C CPU@31.5C iwlwifi@32C PMIC@50C GPU@29.5C AO@40.5C thermal@30.75C POM_5V_IN 1772/2033 POM_5V_GPU 82/95 POM_5V_CPU 206/423
RAM 1371/3964MB (lfb 8x4MB) SWAP 795/6078MB (cached 35MB) IRAM 0/252kB(lfb 252kB) CPU [6%@921,7%@921,off,off] EMC_FREQ 0%@1600 GR3D_FREQ 0%@614 APE 25 PLL@29.5C CPU@31.5C iwlwifi@32C PMIC@50C GPU@29.5C AO@40.5C thermal@30.25C POM_5V_IN 1689/2033 POM_5V_GPU 82/95 POM_5V_CPU 164/423
RAM 1371/3964MB (lfb 8x4MB) SWAP 795/6078MB (cached 35MB) IRAM 0/252kB(lfb 252kB) CPU [7%@921,6%@921,off,off] EMC_FREQ 0%@1600 GR3D_FREQ 0%@614 APE 25 PLL@29.5C CPU@31C iwlwifi@32C PMIC@50C GPU@29.5C AO@40.5C thermal@30.75C POM_5V_IN 1689/2032 POM_5V_GPU 82/95 POM_5V_CPU 164/422
RAM 1369/3964MB (lfb 8x4MB) SWAP 795/6078MB (cached 35MB) IRAM 0/252kB(lfb 252kB) CPU [6%@921,6%@921,off,off] EMC_FREQ 0%@1600 GR3D_FREQ 0%@614 APE 25 PLL@29.5C CPU@31C iwlwifi@32C PMIC@50C GPU@29.5C AO@40.5C thermal@30.25C POM_5V_IN 1731/2032 POM_5V_GPU 82/95 POM_5V_CPU 164/422
RAM 1363/3964MB (lfb 8x4MB) SWAP 795/6078MB (cached 35MB) IRAM 0/252kB(lfb 252kB) CPU [4%@921,6%@921,off,off] EMC_FREQ 0%@1600 GR3D_FREQ 0%@614 APE 25 PLL@29.5C CPU@31.5C iwlwifi@32C PMIC@50C GPU@29.5C AO@40.5C thermal@30.5C POM_5V_IN 1689/2031 POM_5V_GPU 82/95 POM_5V_CPU 164/422
RAM 1369/3964MB (lfb 8x4MB) SWAP 795/6078MB (cached 35MB) IRAM 0/252kB(lfb 252kB) CPU [8%@921,9%@921,off,off] EMC_FREQ 0%@1600 GR3D_FREQ 0%@614 APE 25 PLL@29.5C CPU@32C iwlwifi@32C PMIC@50C GPU@29.5C AO@40.5C thermal@30.5C POM_5V_IN 2095/2031 POM_5V_GPU 82/95 POM_5V_CPU 533/422
RAM 1364/3964MB (lfb 8x4MB) SWAP 795/6078MB (cached 35MB) IRAM 0/252kB(lfb 252kB) CPU [7%@921,3%@921,off,off] EMC_FREQ 0%@1600 GR3D_FREQ 0%@614 APE 25 PLL@29.5C CPU@31.5C iwlwifi@32C PMIC@50C GPU@29.5C AO@41C thermal@30.5C POM_5V_IN 1687/2031 POM_5V_GPU 82/95 POM_5V_CPU 123/422
RAM 1365/3964MB (lfb 8x4MB) SWAP 795/6078MB (cached 35MB) IRAM 0/252kB(lfb 252kB) CPU [9%@921,4%@921,off,off] EMC_FREQ 0%@1600 GR3D_FREQ 0%@614 APE 25 PLL@30C CPU@31.5C iwlwifi@32C PMIC@50C GPU@29.5C AO@41C thermal@30.5C POM_5V_IN 2293/2031 POM_5V_GPU 81/95 POM_5V_CPU 572/422
RAM 1369/3964MB (lfb 8x4MB) SWAP 795/6078MB (cached 35MB) IRAM 0/252kB(lfb 252kB) CPU [8%@921,9%@921,off,off] EMC_FREQ 0%@1600 GR3D_FREQ 0%@614 APE 25 PLL@29.5C CPU@31.5C iwlwifi@32C PMIC@50C GPU@29.5C AO@41C thermal@30.5C POM_5V_IN 2133/2031 POM_5V_GPU 82/95 POM_5V_CPU 574/422
RAM 1367/3964MB (lfb 8x4MB) SWAP 795/6078MB (cached 35MB) IRAM 0/252kB(lfb 252kB) CPU [4%@921,8%@921,off,off] EMC_FREQ 0%@1600 GR3D_FREQ 0%@614 APE 25 PLL@29.5C CPU@31.5C iwlwifi@33C PMIC@50C GPU@29.5C AO@40.5C thermal@30.5C POM_5V_IN 1689/2031 POM_5V_GPU 82/95 POM_5V_CPU 164/422
RAM 1374/3964MB (lfb 8x4MB) SWAP 795/6078MB (cached 35MB) IRAM 0/252kB(lfb 252kB) CPU [9%@921,6%@921,off,off] EMC_FREQ 0%@1600 GR3D_FREQ 0%@614 APE 25 PLL@29.5C CPU@31.5C iwlwifi@32C PMIC@50C GPU@29.5C AO@41C thermal@30.5C POM_5V_IN 2293/2031 POM_5V_GPU 81/95 POM_5V_CPU 573/422
RAM 1371/3964MB (lfb 8x4MB) SWAP 795/6078MB (cached 35MB) IRAM 0/252kB(lfb 252kB) CPU [7%@921,7%@921,off,off] EMC_FREQ 0%@1600 GR3D_FREQ 0%@614 APE 25 PLL@29.5C CPU@31.5C iwlwifi@32C PMIC@50C GPU@29.5C AO@40.5C thermal@30.25C POM_5V_IN 1892/2031 POM_5V_GPU 82/95 POM_5V_CPU 288/422
RAM 1373/3964MB (lfb 8x4MB) SWAP 795/6078MB (cached 35MB) IRAM 0/252kB(lfb 252kB) CPU [8%@921,6%@921,off,off] EMC_FREQ 0%@1600 GR3D_FREQ 0%@614 APE 25 PLL@29.5C CPU@31.5C iwlwifi@32C PMIC@50C GPU@29.5C AO@40.5C thermal@30.5C POM_5V_IN 1731/2031 POM_5V_GPU 82/95 POM_5V_CPU 164/421
RAM 1369/3964MB (lfb 8x4MB) SWAP 795/6078MB (cached 35MB) IRAM 0/252kB(lfb 252kB) CPU [8%@921,6%@921,off,off] EMC_FREQ 0%@1600 GR3D_FREQ 0%@614 APE 25 PLL@29.5C CPU@31.5C iwlwifi@32C PMIC@50C GPU@29.5C AO@41C thermal@30.5C POM_5V_IN 1731/2030 POM_5V_GPU 82/95 POM_5V_CPU 164/421
RAM 1373/3964MB (lfb 8x4MB) SWAP 795/6078MB (cached 35MB) IRAM 0/252kB(lfb 252kB) CPU [6%@921,7%@921,off,off] EMC_FREQ 0%@1600 GR3D_FREQ 0%@614 APE 25 PLL@29.5C CPU@31.5C iwlwifi@32C PMIC@50C GPU@29.5C AO@40.5C thermal@30.5C POM_5V_IN 1689/2030 POM_5V_GPU 82/95 POM_5V_CPU 164/421
RAM 1369/3964MB (lfb 8x4MB) SWAP 795/6078MB (cached 35MB) IRAM 0/252kB(lfb 252kB) CPU [7%@921,7%@921,off,off] EMC_FREQ 0%@1600 GR3D_FREQ 0%@614 APE 25 PLL@29C CPU@31C iwlwifi@32C PMIC@50C GPU@29.5C AO@41C thermal@30.5C POM_5V_IN 1689/2030 POM_5V_GPU 82/95 POM_5V_CPU 164/420
RAM 1362/3964MB (lfb 8x4MB) SWAP 795/6078MB (cached 35MB) IRAM 0/252kB(lfb 252kB) CPU [5%@921,5%@921,off,off] EMC_FREQ 0%@1600 GR3D_FREQ 0%@614 APE 25 PLL@29.5C CPU@31.5C iwlwifi@32C PMIC@50C GPU@29.5C AO@41C thermal@30.5C POM_5V_IN 1689/2029 POM_5V_GPU 82/95 POM_5V_CPU 164/420
RAM 1369/3964MB (lfb 8x4MB) SWAP 795/6078MB (cached 35MB) IRAM 0/252kB(lfb 252kB) CPU [8%@921,10%@921,off,off] EMC_FREQ 0%@1600 GR3D_FREQ 0%@614 APE 25 PLL@29.5C CPU@31.5C iwlwifi@32C PMIC@50C GPU@29.5C AO@41C thermal@30.5C POM_5V_IN 2136/2029 POM_5V_GPU 82/95 POM_5V_CPU 533/420
RAM 1370/3964MB (lfb 8x4MB) SWAP 794/6078MB (cached 34MB) IRAM 0/252kB(lfb 252kB) CPU [5%@921,5%@921,off,off] EMC_FREQ 0%@1600 GR3D_FREQ 0%@614 APE 25 PLL@29.5C CPU@31.5C iwlwifi@32C PMIC@50C GPU@29.5C AO@41C thermal@30.25C POM_5V_IN 1689/2029 POM_5V_GPU 82/95 POM_5V_CPU 164/420
RAM 1371/3964MB (lfb 8x4MB) SWAP 794/6078MB (cached 34MB) IRAM 0/252kB(lfb 252kB) CPU [7%@921,8%@921,off,off] EMC_FREQ 0%@1600 GR3D_FREQ 0%@614 APE 25 PLL@29.5C CPU@31.5C iwlwifi@32C PMIC@50C GPU@29.5C AO@41C thermal@30.25C POM_5V_IN 2215/2029 POM_5V_GPU 82/95 POM_5V_CPU 533/420
RAM 1370/3964MB (lfb 8x4MB) SWAP 794/6078MB (cached 34MB) IRAM 0/252kB(lfb 252kB) CPU [7%@921,7%@921,off,off] EMC_FREQ 0%@1600 GR3D_FREQ 0%@614 APE 25 PLL@29.5C CPU@31.5C iwlwifi@33C PMIC@50C GPU@29.5C AO@41C thermal@30.5C POM_5V_IN 2174/2029 POM_5V_GPU 82/95 POM_5V_CPU 492/420
RAM 1378/3964MB (lfb 8x4MB) SWAP 794/6078MB (cached 34MB) IRAM 0/252kB(lfb 252kB) CPU [10%@921,5%@921,off,off] EMC_FREQ 0%@1600 GR3D_FREQ 0%@614 APE 25 PLL@29.5C CPU@31.5C iwlwifi@32C PMIC@50C GPU@29.5C AO@41C thermal@30.5C POM_5V_IN 2293/2030 POM_5V_GPU 81/95 POM_5V_CPU 573/420
RAM 1372/3964MB (lfb 8x4MB) SWAP 794/6078MB (cached 34MB) IRAM 0/252kB(lfb 252kB) CPU [7%@921,7%@921,off,off] EMC_FREQ 0%@1600 GR3D_FREQ 0%@614 APE 25 PLL@29.5C CPU@31.5C iwlwifi@32C PMIC@50C GPU@29.5C AO@40.5C thermal@30.5C POM_5V_IN 1972/2030 POM_5V_GPU 82/95 POM_5V_CPU 369/420
RAM 1372/3964MB (lfb 8x4MB) SWAP 794/6078MB (cached 34MB) IRAM 0/252kB(lfb 252kB) CPU [7%@921,7%@921,off,off] EMC_FREQ 0%@1600 GR3D_FREQ 0%@614 APE 25 PLL@29.5C CPU@31.5C iwlwifi@32C PMIC@50C GPU@29.5C AO@40.5C thermal@30.5C POM_5V_IN 1772/2029 POM_5V_GPU 82/95 POM_5V_CPU 206/420
RAM 1374/3964MB (lfb 8x4MB) SWAP 794/6078MB (cached 34MB) IRAM 0/252kB(lfb 252kB) CPU [5%@921,8%@921,off,off] EMC_FREQ 0%@1600 GR3D_FREQ 0%@614 APE 25 PLL@29.5C CPU@31.5C iwlwifi@32C PMIC@50C GPU@29.5C AO@40.5C thermal@30.25C POM_5V_IN 1689/2029 POM_5V_GPU 82/95 POM_5V_CPU 164/420
RAM 1372/3964MB (lfb 8x4MB) SWAP 794/6078MB (cached 34MB) IRAM 0/252kB(lfb 252kB) CPU [5%@921,9%@921,off,off] EMC_FREQ 0%@1600 GR3D_FREQ 0%@614 APE 25 PLL@29.5C CPU@31.5C iwlwifi@32C PMIC@50C GPU@29.5C AO@40.5C thermal@30.5C POM_5V_IN 1689/2029 POM_5V_GPU 82/95 POM_5V_CPU 164/420
RAM 1372/3964MB (lfb 8x4MB) SWAP 794/6078MB (cached 34MB) IRAM 0/252kB(lfb 252kB) CPU [7%@921,6%@921,off,off] EMC_FREQ 0%@1600 GR3D_FREQ 0%@614 APE 25 PLL@29.5C CPU@31C iwlwifi@32C PMIC@50C GPU@29.5C AO@40.5C thermal@30.5C POM_5V_IN 1689/2028 POM_5V_GPU 82/95 POM_5V_CPU 164/419
RAM 1370/3964MB (lfb 8x4MB) SWAP 794/6078MB (cached 34MB) IRAM 0/252kB(lfb 252kB) CPU [6%@921,8%@921,off,off] EMC_FREQ 0%@1600 GR3D_FREQ 0%@614 APE 25 PLL@29.5C CPU@31.5C iwlwifi@32C PMIC@50C GPU@29.5C AO@40.5C thermal@30.25C POM_5V_IN 1851/2028 POM_5V_GPU 82/95 POM_5V_CPU 164/419
RAM 1362/3964MB (lfb 8x4MB) SWAP 794/6078MB (cached 34MB) IRAM 0/252kB(lfb 252kB) CPU [4%@921,5%@921,off,off] EMC_FREQ 0%@1600 GR3D_FREQ 0%@614 APE 25 PLL@29.5C CPU@31.5C iwlwifi@32C PMIC@50C GPU@29.5C AO@40.5C thermal@30.5C POM_5V_IN 1689/2028 POM_5V_GPU 82/95 POM_5V_CPU 164/419
RAM 1374/3964MB (lfb 8x4MB) SWAP 794/6078MB (cached 34MB) IRAM 0/252kB(lfb 252kB) CPU [10%@921,7%@921,off,off] EMC_FREQ 0%@1600 GR3D_FREQ 0%@614 APE 25 PLL@30C CPU@31.5C iwlwifi@32C PMIC@50C GPU@29.5C AO@40.5C thermal@30.5C POM_5V_IN 2133/2028 POM_5V_GPU 82/95 POM_5V_CPU 533/419
RAM 1367/3964MB (lfb 8x4MB) SWAP 794/6078MB (cached 34MB) IRAM 0/252kB(lfb 252kB) CPU [6%@921,6%@921,off,off] EMC_FREQ 0%@1600 GR3D_FREQ 0%@614 APE 25 PLL@30C CPU@31.5C iwlwifi@32C PMIC@50C GPU@30C AO@41C thermal@30.25C POM_5V_IN 1687/2027 POM_5V_GPU 82/95 POM_5V_CPU 164/418
RAM 1372/3964MB (lfb 8x4MB) SWAP 794/6078MB (cached 34MB) IRAM 0/252kB(lfb 252kB) CPU [7%@921,7%@921,off,off] EMC_FREQ 0%@1600 GR3D_FREQ 0%@614 APE 25 PLL@30C CPU@31.5C iwlwifi@32C PMIC@50C GPU@29.5C AO@41C thermal@30.5C POM_5V_IN 2215/2027 POM_5V_GPU 82/95 POM_5V_CPU 574/419
RAM 1370/3964MB (lfb 8x4MB) SWAP 794/6078MB (cached 34MB) IRAM 0/252kB(lfb 252kB) CPU [7%@921,8%@921,off,off] EMC_FREQ 0%@1600 GR3D_FREQ 0%@614 APE 25 PLL@29.5C CPU@31.5C iwlwifi@32C PMIC@50C GPU@30C AO@40.5C thermal@30.25C POM_5V_IN 2297/2028 POM_5V_GPU 81/95 POM_5V_CPU 614/419
RAM 1374/3964MB (lfb 8x4MB) SWAP 794/6078MB (cached 34MB) IRAM 0/252kB(lfb 252kB) CPU [7%@921,7%@921,off,off] EMC_FREQ 0%@1600 GR3D_FREQ 0%@614 APE 25 PLL@30C CPU@31.5C iwlwifi@32C PMIC@50C GPU@30C AO@41C thermal@30.5C POM_5V_IN 2375/2028 POM_5V_GPU 81/95 POM_5V_CPU 655/419
RAM 1374/3964MB (lfb 8x4MB) SWAP 794/6078MB (cached 34MB) IRAM 0/252kB(lfb 252kB) CPU [9%@921,5%@921,off,off] EMC_FREQ 0%@1600 GR3D_FREQ 0%@614 APE 25 PLL@29.5C CPU@31.5C iwlwifi@32C PMIC@50C GPU@29.5C AO@41C thermal@30.5C POM_5V_IN 1810/2028 POM_5V_GPU 82/95 POM_5V_CPU 246/419
RAM 1370/3964MB (lfb 8x4MB) SWAP 794/6078MB (cached 34MB) IRAM 0/252kB(lfb 252kB) CPU [8%@921,5%@921,off,off] EMC_FREQ 0%@1600 GR3D_FREQ 0%@614 APE 25 PLL@29.5C CPU@31C iwlwifi@32C PMIC@50C GPU@29.5C AO@40.5C thermal@30.5C POM_5V_IN 1810/2028 POM_5V_GPU 82/95 POM_5V_CPU 246/419
RAM 1372/3964MB (lfb 8x4MB) SWAP 794/6078MB (cached 34MB) IRAM 0/252kB(lfb 252kB) CPU [7%@921,6%@921,off,off] EMC_FREQ 0%@1600 GR3D_FREQ 0%@614 APE 25 PLL@29.5C CPU@31.5C iwlwifi@32C PMIC@50C GPU@29.5C AO@41C thermal@30.5C POM_5V_IN 1689/2027 POM_5V_GPU 82/95 POM_5V_CPU 164/418
RAM 1372/3964MB (lfb 8x4MB) SWAP 794/6078MB (cached 34MB) IRAM 0/252kB(lfb 252kB) CPU [6%@921,7%@921,off,off] EMC_FREQ 0%@1600 GR3D_FREQ 0%@614 APE 25 PLL@29.5C CPU@31.5C iwlwifi@32C PMIC@50C GPU@30C AO@40.5C thermal@30.75C POM_5V_IN 1689/2027 POM_5V_GPU 82/95 POM_5V_CPU 164/418
RAM 1374/3964MB (lfb 8x4MB) SWAP 794/6078MB (cached 34MB) IRAM 0/252kB(lfb 252kB) CPU [8%@921,5%@921,off,off] EMC_FREQ 0%@1600 GR3D_FREQ 0%@614 APE 25 PLL@29C CPU@31.5C iwlwifi@32C PMIC@50C GPU@30C AO@40.5C thermal@30.5C POM_5V_IN 1689/2027 POM_5V_GPU 82/95 POM_5V_CPU 164/418
RAM 1361/3964MB (lfb 8x4MB) SWAP 794/6078MB (cached 34MB) IRAM 0/252kB(lfb 252kB) CPU [4%@921,5%@921,off,off] EMC_FREQ 0%@1600 GR3D_FREQ 0%@614 APE 25 PLL@29.5C CPU@31.5C iwlwifi@32C PMIC@50C GPU@29.5C AO@41C thermal@30.25C POM_5V_IN 1689/2026 POM_5V_GPU 82/95 POM_5V_CPU 164/418
RAM 1370/3964MB (lfb 8x4MB) SWAP 794/6078MB (cached 34MB) IRAM 0/252kB(lfb 252kB) CPU [9%@921,8%@921,off,off] EMC_FREQ 0%@1600 GR3D_FREQ 0%@614 APE 25 PLL@29.5C CPU@31.5C iwlwifi@32C PMIC@50C GPU@29.5C AO@40.5C thermal@30.25C POM_5V_IN 2095/2026 POM_5V_GPU 82/95 POM_5V_CPU 533/418
RAM 1368/3964MB (lfb 8x4MB) SWAP 794/6078MB (cached 34MB) IRAM 0/252kB(lfb 252kB) CPU [4%@921,6%@921,off,off] EMC_FREQ 0%@1600 GR3D_FREQ 0%@614 APE 25 PLL@29.5C CPU@31.5C iwlwifi@32C PMIC@50C GPU@29.5C AO@40.5C thermal@30.5C POM_5V_IN 1689/2026 POM_5V_GPU 82/95 POM_5V_CPU 164/417
RAM 1368/3964MB (lfb 8x4MB) SWAP 794/6078MB (cached 34MB) IRAM 0/252kB(lfb 252kB) CPU [7%@921,8%@921,off,off] EMC_FREQ 0%@1600 GR3D_FREQ 0%@614 APE 25 PLL@29.5C CPU@31.5C iwlwifi@32C PMIC@50C GPU@30C AO@41C thermal@30.25C POM_5V_IN 2133/2026 POM_5V_GPU 81/95 POM_5V_CPU 573/418
RAM 1370/3964MB (lfb 8x4MB) SWAP 794/6078MB (cached 34MB) IRAM 0/252kB(lfb 252kB) CPU [4%@921,10%@921,off,off] EMC_FREQ 0%@1600 GR3D_FREQ 0%@614 APE 25 PLL@29.5C CPU@31.5C iwlwifi@32C PMIC@50C GPU@30C AO@40.5C thermal@30.5C POM_5V_IN 2215/2026 POM_5V_GPU 82/95 POM_5V_CPU 492/418
RAM 1373/3964MB (lfb 8x4MB) SWAP 794/6078MB (cached 35MB) IRAM 0/252kB(lfb 252kB) CPU [7%@921,8%@921,off,off] EMC_FREQ 0%@1600 GR3D_FREQ 0%@614 APE 25 PLL@29.5C CPU@31.5C iwlwifi@32C PMIC@50C GPU@30C AO@40.5C thermal@30.25C POM_5V_IN 2293/2026 POM_5V_GPU 81/95 POM_5V_CPU 614/418
RAM 1370/3964MB (lfb 8x4MB) SWAP 794/6078MB (cached 35MB) IRAM 0/252kB(lfb 252kB) CPU [8%@921,6%@921,off,off] EMC_FREQ 0%@1600 GR3D_FREQ 0%@614 APE 25 PLL@29.5C CPU@31C iwlwifi@32C PMIC@50C GPU@29.5C AO@40.5C thermal@30.5C POM_5V_IN 2215/2027 POM_5V_GPU 82/95 POM_5V_CPU 615/418
RAM 1374/3964MB (lfb 8x4MB) SWAP 794/6078MB (cached 35MB) IRAM 0/252kB(lfb 252kB) CPU [8%@921,6%@921,off,off] EMC_FREQ 0%@1600 GR3D_FREQ 0%@614 APE 25 PLL@29C CPU@31C iwlwifi@32C PMIC@50C GPU@29.5C AO@40.5C thermal@30.5C POM_5V_IN 1772/2026 POM_5V_GPU 82/95 POM_5V_CPU 206/418
RAM 1374/3964MB (lfb 8x4MB) SWAP 794/6078MB (cached 35MB) IRAM 0/252kB(lfb 252kB) CPU [8%@921,5%@921,off,off] EMC_FREQ 0%@1600 GR3D_FREQ 0%@614 APE 25 PLL@29.5C CPU@31.5C iwlwifi@32C PMIC@50C GPU@29.5C AO@40.5C thermal@30.75C POM_5V_IN 1731/2026 POM_5V_GPU 82/95 POM_5V_CPU 164/418
RAM 1372/3964MB (lfb 8x4MB) SWAP 794/6078MB (cached 35MB) IRAM 0/252kB(lfb 252kB) CPU [5%@921,8%@921,off,off] EMC_FREQ 0%@1600 GR3D_FREQ 0%@614 APE 25 PLL@29C CPU@31.5C iwlwifi@32C PMIC@50C GPU@30C AO@40.5C thermal@30.75C POM_5V_IN 1731/2026 POM_5V_GPU 82/95 POM_5V_CPU 206/417
RAM 1373/3964MB (lfb 8x4MB) SWAP 794/6078MB (cached 35MB) IRAM 0/252kB(lfb 252kB) CPU [6%@921,7%@921,off,off] EMC_FREQ 0%@1600 GR3D_FREQ 0%@614 APE 25 PLL@29C CPU@31.5C iwlwifi@32C PMIC@50C GPU@30C AO@40.5C thermal@30.5C POM_5V_IN 1689/2025 POM_5V_GPU 82/95 POM_5V_CPU 164/417
RAM 1374/3964MB (lfb 8x4MB) SWAP 794/6078MB (cached 35MB) IRAM 0/252kB(lfb 252kB) CPU [5%@921,7%@921,off,off] EMC_FREQ 0%@1600 GR3D_FREQ 0%@614 APE 25 PLL@29C CPU@31.5C iwlwifi@32C PMIC@50C GPU@30C AO@40.5C thermal@30.5C POM_5V_IN 1689/2025 POM_5V_GPU 82/95 POM_5V_CPU 164/417
RAM 1372/3964MB (lfb 8x4MB) SWAP 794/6078MB (cached 35MB) IRAM 0/252kB(lfb 252kB) CPU [5%@921,8%@921,off,off] EMC_FREQ 0%@1600 GR3D_FREQ 0%@614 APE 25 PLL@29C CPU@31C iwlwifi@32C PMIC@50C GPU@30C AO@40.5C thermal@30.5C POM_5V_IN 1689/2025 POM_5V_GPU 82/95 POM_5V_CPU 164/416
RAM 1365/3964MB (lfb 8x4MB) SWAP 794/6078MB (cached 35MB) IRAM 0/252kB(lfb 252kB) CPU [5%@921,5%@921,off,off] EMC_FREQ 0%@1600 GR3D_FREQ 0%@614 APE 25 PLL@29.5C CPU@31C iwlwifi@32C PMIC@50C GPU@29.5C AO@41C thermal@30.5C POM_5V_IN 1689/2024 POM_5V_GPU 82/95 POM_5V_CPU 164/416
RAM 1372/3964MB (lfb 8x4MB) SWAP 794/6078MB (cached 35MB) IRAM 0/252kB(lfb 252kB) CPU [6%@921,11%@921,off,off] EMC_FREQ 0%@1600 GR3D_FREQ 0%@614 APE 25 PLL@29.5C CPU@31C iwlwifi@32C PMIC@50C GPU@29.5C AO@41C thermal@30.25C POM_5V_IN 2136/2024 POM_5V_GPU 82/95 POM_5V_CPU 533/416
RAM 1370/3964MB (lfb 8x4MB) SWAP 793/6078MB (cached 34MB) IRAM 0/252kB(lfb 252kB) CPU [6%@921,6%@921,off,off] EMC_FREQ 0%@1600 GR3D_FREQ 0%@614 APE 25 PLL@29.5C CPU@31C iwlwifi@32C PMIC@50C GPU@29.5C AO@41C thermal@30.5C POM_5V_IN 1731/2024 POM_5V_GPU 82/95 POM_5V_CPU 164/416
RAM 1376/3964MB (lfb 8x4MB) SWAP 793/6078MB (cached 34MB) IRAM 0/252kB(lfb 252kB) CPU [7%@921,7%@921,off,off] EMC_FREQ 0%@1600 GR3D_FREQ 0%@614 APE 25 PLL@29.5C CPU@31C iwlwifi@32C PMIC@50C GPU@30C AO@41C thermal@30.75C POM_5V_IN 2297/2024 POM_5V_GPU 81/95 POM_5V_CPU 573/416
RAM 1375/3964MB (lfb 8x4MB) SWAP 793/6078MB (cached 34MB) IRAM 0/252kB(lfb 252kB) CPU [6%@921,7%@921,off,off] EMC_FREQ 0%@1600 GR3D_FREQ 0%@614 APE 25 PLL@29.5C CPU@31.5C iwlwifi@32C PMIC@50C GPU@29.5C AO@40.5C thermal@30.25C POM_5V_IN 2256/2025 POM_5V_GPU 82/95 POM_5V_CPU 574/416
RAM 1370/3964MB (lfb 8x4MB) SWAP 793/6078MB (cached 34MB) IRAM 0/252kB(lfb 252kB) CPU [8%@921,6%@921,off,off] EMC_FREQ 0%@1600 GR3D_FREQ 0%@614 APE 25 PLL@29.5C CPU@31.5C iwlwifi@32C PMIC@50C GPU@30C AO@41C thermal@30.5C POM_5V_IN 1892/2024 POM_5V_GPU 82/95 POM_5V_CPU 288/416
RAM 1372/3964MB (lfb 8x4MB) SWAP 793/6078MB (cached 34MB) IRAM 0/252kB(lfb 252kB) CPU [5%@921,8%@921,off,off] EMC_FREQ 0%@1600 GR3D_FREQ 0%@614 APE 25 PLL@30C CPU@31.5C iwlwifi@32C PMIC@50C GPU@30C AO@40.5C thermal@30.5C POM_5V_IN 1731/2024 POM_5V_GPU 82/95 POM_5V_CPU 164/416
RAM 1370/3964MB (lfb 8x4MB) SWAP 793/6078MB (cached 34MB) IRAM 0/252kB(lfb 252kB) CPU [6%@921,8%@921,off,off] EMC_FREQ 0%@1600 GR3D_FREQ 0%@614 APE 25 PLL@29.5C CPU@31C iwlwifi@32C PMIC@50C GPU@29.5C AO@40.5C thermal@30.5C POM_5V_IN 1689/2024 POM_5V_GPU 82/95 POM_5V_CPU 164/416
RAM 1375/3964MB (lfb 8x4MB) SWAP 793/6078MB (cached 34MB) IRAM 0/252kB(lfb 252kB) CPU [8%@921,5%@921,off,off] EMC_FREQ 0%@1600 GR3D_FREQ 0%@614 APE 25 PLL@30C CPU@31.5C iwlwifi@32C PMIC@50C GPU@30C AO@40.5C thermal@30.25C POM_5V_IN 1689/2023 POM_5V_GPU 82/94 POM_5V_CPU 164/415
RAM 1372/3964MB (lfb 8x4MB) SWAP 793/6078MB (cached 34MB) IRAM 0/252kB(lfb 252kB) CPU [6%@921,7%@921,off,off] EMC_FREQ 0%@1600 GR3D_FREQ 0%@614 APE 25 PLL@30C CPU@31C iwlwifi@32C PMIC@50C GPU@29.5C AO@40.5C thermal@30.5C POM_5V_IN 1689/2023 POM_5V_GPU 82/94 POM_5V_CPU 164/415
RAM 1361/3964MB (lfb 8x4MB) SWAP 793/6078MB (cached 34MB) IRAM 0/252kB(lfb 252kB) CPU [6%@921,4%@921,off,off] EMC_FREQ 0%@1600 GR3D_FREQ 0%@614 APE 25 PLL@29.5C CPU@31C iwlwifi@32C PMIC@50C GPU@29.5C AO@40.5C thermal@30.5C POM_5V_IN 1731/2023 POM_5V_GPU 82/94 POM_5V_CPU 164/415
RAM 1370/3964MB (lfb 8x4MB) SWAP 793/6078MB (cached 34MB) IRAM 0/252kB(lfb 252kB) CPU [9%@921,8%@921,off,off] EMC_FREQ 0%@1600 GR3D_FREQ 0%@614 APE 25 PLL@29.5C CPU@31.5C iwlwifi@32C PMIC@50C GPU@30C AO@40.5C thermal@30.75C POM_5V_IN 2095/2023 POM_5V_GPU 82/94 POM_5V_CPU 533/415
RAM 1368/3964MB (lfb 8x4MB) SWAP 793/6078MB (cached 34MB) IRAM 0/252kB(lfb 252kB) CPU [5%@921,6%@921,off,off] EMC_FREQ 0%@1600 GR3D_FREQ 0%@614 APE 25 PLL@29.5C CPU@31C iwlwifi@32C PMIC@50C GPU@30C AO@40.5C thermal@30.25C POM_5V_IN 1689/2022 POM_5V_GPU 82/94 POM_5V_CPU 164/415
RAM 1368/3964MB (lfb 8x4MB) SWAP 793/6078MB (cached 34MB) IRAM 0/252kB(lfb 252kB) CPU [6%@921,8%@921,off,off] EMC_FREQ 0%@1600 GR3D_FREQ 0%@614 APE 25 PLL@29.5C CPU@31.5C iwlwifi@32C PMIC@50C GPU@29.5C AO@41C thermal@30.75C POM_5V_IN 2133/2022 POM_5V_GPU 82/94 POM_5V_CPU 533/415
RAM 1369/3964MB (lfb 8x4MB) SWAP 793/6078MB (cached 34MB) IRAM 0/252kB(lfb 252kB) CPU [8%@921,7%@921,off,off] EMC_FREQ 0%@1600 GR3D_FREQ 0%@614 APE 25 PLL@30C CPU@31.5C iwlwifi@32C PMIC@50C GPU@30C AO@41C thermal@30.75C POM_5V_IN 2174/2023 POM_5V_GPU 82/94 POM_5V_CPU 533/415
RAM 1378/3964MB (lfb 8x4MB) SWAP 793/6078MB (cached 34MB) IRAM 0/252kB(lfb 252kB) CPU [7%@921,7%@921,off,off] EMC_FREQ 0%@1600 GR3D_FREQ 0%@614 APE 25 PLL@29.5C CPU@31.5C iwlwifi@32C PMIC@50C GPU@30C AO@41C thermal@30.75C POM_5V_IN 2256/2023 POM_5V_GPU 81/94 POM_5V_CPU 573/415
RAM 1374/3964MB (lfb 8x4MB) SWAP 793/6078MB (cached 34MB) IRAM 0/252kB(lfb 252kB) CPU [7%@921,7%@921,off,off] EMC_FREQ 0%@1600 GR3D_FREQ 0%@614 APE 25 PLL@29.5C CPU@32C iwlwifi@32C PMIC@50C GPU@29.5C AO@40.5C thermal@30.5C POM_5V_IN 2215/2023 POM_5V_GPU 82/94 POM_5V_CPU 574/415
RAM 1372/3964MB (lfb 8x4MB) SWAP 793/6078MB (cached 34MB) IRAM 0/252kB(lfb 252kB) CPU [5%@921,8%@921,off,off] EMC_FREQ 0%@1600 GR3D_FREQ 0%@614 APE 25 PLL@29.5C CPU@31C iwlwifi@32C PMIC@50C GPU@29.5C AO@41C thermal@30.5C POM_5V_IN 1813/2023 POM_5V_GPU 82/94 POM_5V_CPU 246/415
RAM 1370/3964MB (lfb 8x4MB) SWAP 793/6078MB (cached 34MB) IRAM 0/252kB(lfb 252kB) CPU [8%@921,6%@921,off,off] EMC_FREQ 0%@1600 GR3D_FREQ 0%@614 APE 25 PLL@29.5C CPU@31C iwlwifi@32C PMIC@50C GPU@30C AO@41C thermal@30.5C POM_5V_IN 1731/2023 POM_5V_GPU 82/94 POM_5V_CPU 164/415
RAM 1374/3964MB (lfb 8x4MB) SWAP 793/6078MB (cached 34MB) IRAM 0/252kB(lfb 252kB) CPU [10%@921,3%@921,off,off] EMC_FREQ 0%@1600 GR3D_FREQ 0%@614 APE 25 PLL@29.5C CPU@31.5C iwlwifi@32C PMIC@50C GPU@29.5C AO@40.5C thermal@30.5C POM_5V_IN 1687/2022 POM_5V_GPU 82/94 POM_5V_CPU 164/415
RAM 1370/3964MB (lfb 8x4MB) SWAP 793/6078MB (cached 34MB) IRAM 0/252kB(lfb 252kB) CPU [7%@921,7%@921,off,off] EMC_FREQ 0%@1600 GR3D_FREQ 0%@614 APE 25 PLL@29.5C CPU@31.5C iwlwifi@32C PMIC@50C GPU@30C AO@41C thermal@30.75C POM_5V_IN 1689/2022 POM_5V_GPU 82/94 POM_5V_CPU 164/414
RAM 1370/3964MB (lfb 8x4MB) SWAP 793/6078MB (cached 34MB) IRAM 0/252kB(lfb 252kB) CPU [9%@921,3%@921,off,off] EMC_FREQ 0%@1600 GR3D_FREQ 0%@614 APE 25 PLL@29.5C CPU@31.5C iwlwifi@32C PMIC@50C GPU@29.5C AO@40.5C thermal@30.5C POM_5V_IN 1689/2021 POM_5V_GPU 82/94 POM_5V_CPU 164/414
RAM 1365/3964MB (lfb 8x4MB) SWAP 793/6078MB (cached 34MB) IRAM 0/252kB(lfb 252kB) CPU [7%@921,3%@921,off,off] EMC_FREQ 0%@1600 GR3D_FREQ 0%@614 APE 25 PLL@29.5C CPU@31C iwlwifi@32C PMIC@50C GPU@29.5C AO@41.5C thermal@30.75C POM_5V_IN 1689/2021 POM_5V_GPU 82/94 POM_5V_CPU 164/414
RAM 1372/3964MB (lfb 8x4MB) SWAP 793/6078MB (cached 34MB) IRAM 0/252kB(lfb 252kB) CPU [8%@921,9%@921,off,off] EMC_FREQ 0%@1600 GR3D_FREQ 0%@614 APE 25 PLL@30C CPU@31.5C iwlwifi@32C PMIC@50C GPU@30C AO@40.5C thermal@30.25C POM_5V_IN 2133/2021 POM_5V_GPU 81/94 POM_5V_CPU 532/414
RAM 1370/3964MB (lfb 8x4MB) SWAP 793/6078MB (cached 34MB) IRAM 0/252kB(lfb 252kB) CPU [5%@921,6%@921,off,off] EMC_FREQ 0%@1600 GR3D_FREQ 0%@614 APE 25 PLL@29.5C CPU@31.5C iwlwifi@32C PMIC@50C GPU@30C AO@41C thermal@30.5C POM_5V_IN 1689/2021 POM_5V_GPU 82/94 POM_5V_CPU 123/414
RAM 1371/3964MB (lfb 8x4MB) SWAP 793/6078MB (cached 34MB) IRAM 0/252kB(lfb 252kB) CPU [7%@921,7%@921,off,off] EMC_FREQ 0%@1600 GR3D_FREQ 0%@614 APE 25 PLL@29.5C CPU@31.5C iwlwifi@32C PMIC@50C GPU@29.5C AO@41C thermal@30.25C POM_5V_IN 2133/2021 POM_5V_GPU 82/94 POM_5V_CPU 533/414
RAM 1375/3964MB (lfb 8x4MB) SWAP 793/6078MB (cached 34MB) IRAM 0/252kB(lfb 252kB) CPU [5%@921,9%@921,off,off] EMC_FREQ 0%@1600 GR3D_FREQ 0%@614 APE 25 PLL@29.5C CPU@31C iwlwifi@32C PMIC@50C GPU@29.5C AO@41C thermal@30.5C POM_5V_IN 2293/2021 POM_5V_GPU 81/94 POM_5V_CPU 573/414
RAM 1376/3964MB (lfb 8x4MB) SWAP 793/6078MB (cached 34MB) IRAM 0/252kB(lfb 252kB) CPU [7%@921,8%@921,off,off] EMC_FREQ 0%@1600 GR3D_FREQ 0%@614 APE 25 PLL@30C CPU@31.5C iwlwifi@32C PMIC@50C GPU@29.5C AO@41C thermal@30.5C POM_5V_IN 2297/2022 POM_5V_GPU 82/94 POM_5V_CPU 614/414
RAM 1374/3964MB (lfb 8x4MB) SWAP 793/6078MB (cached 34MB) IRAM 0/252kB(lfb 252kB) CPU [6%@921,7%@921,off,off] EMC_FREQ 0%@1600 GR3D_FREQ 0%@614 APE 25 PLL@30C CPU@31.5C iwlwifi@32C PMIC@50C GPU@30C AO@40.5C thermal@30.25C POM_5V_IN 1934/2021 POM_5V_GPU 82/94 POM_5V_CPU 329/414
RAM 1370/3964MB (lfb 8x4MB) SWAP 793/6078MB (cached 34MB) IRAM 0/252kB(lfb 252kB) CPU [7%@921,7%@921,off,off] EMC_FREQ 0%@1600 GR3D_FREQ 0%@614 APE 25 PLL@29.5C CPU@31.5C iwlwifi@32C PMIC@50C GPU@29.5C AO@40.5C thermal@30.5C POM_5V_IN 1851/2021 POM_5V_GPU 82/94 POM_5V_CPU 288/414
RAM 1374/3964MB (lfb 8x4MB) SWAP 793/6078MB (cached 34MB) IRAM 0/252kB(lfb 252kB) CPU [9%@921,4%@921,off,off] EMC_FREQ 0%@1600 GR3D_FREQ 0%@614 APE 25 PLL@30C CPU@31.5C iwlwifi@32C PMIC@50C GPU@29.5C AO@41C thermal@30.75C POM_5V_IN 1689/2021 POM_5V_GPU 82/94 POM_5V_CPU 164/414
RAM 1374/3964MB (lfb 8x4MB) SWAP 793/6078MB (cached 34MB) IRAM 0/252kB(lfb 252kB) CPU [7%@921,8%@921,off,off] EMC_FREQ 0%@1600 GR3D_FREQ 0%@614 APE 25 PLL@29.5C CPU@31.5C iwlwifi@32C PMIC@50C GPU@29.5C AO@41C thermal@30.5C POM_5V_IN 1689/2021 POM_5V_GPU 82/94 POM_5V_CPU 164/413
RAM 1374/3964MB (lfb 8x4MB) SWAP 793/6078MB (cached 34MB) IRAM 0/252kB(lfb 252kB) CPU [6%@921,7%@921,off,off] EMC_FREQ 0%@1600 GR3D_FREQ 0%@614 APE 25 PLL@29.5C CPU@31.5C iwlwifi@32C PMIC@50C GPU@30C AO@40.5C thermal@30.75C POM_5V_IN 1689/2020 POM_5V_GPU 82/94 POM_5V_CPU 164/413
RAM 1372/3964MB (lfb 8x4MB) SWAP 793/6078MB (cached 34MB) IRAM 0/252kB(lfb 252kB) CPU [6%@921,8%@921,off,off] EMC_FREQ 0%@1600 GR3D_FREQ 0%@614 APE 25 PLL@29.5C CPU@31.5C iwlwifi@32C PMIC@50C GPU@29.5C AO@40.5C thermal@30.25C POM_5V_IN 1689/2020 POM_5V_GPU 82/94 POM_5V_CPU 164/413
RAM 1372/3964MB (lfb 8x4MB) SWAP 793/6078MB (cached 34MB) IRAM 0/252kB(lfb 252kB) CPU [8%@921,5%@921,off,off] EMC_FREQ 0%@1600 GR3D_FREQ 0%@614 APE 25 PLL@29.5C CPU@31.5C iwlwifi@32C PMIC@50C GPU@29.5C AO@40.5C thermal@30.5C POM_5V_IN 1689/2019 POM_5V_GPU 82/94 POM_5V_CPU 123/412
RAM 1367/3964MB (lfb 8x4MB) SWAP 793/6078MB (cached 34MB) IRAM 0/252kB(lfb 252kB) CPU [5%@921,6%@921,off,off] EMC_FREQ 0%@1600 GR3D_FREQ 0%@614 APE 25 PLL@29.5C CPU@31.5C iwlwifi@32C PMIC@50C GPU@29.5C AO@40.5C thermal@30.5C POM_5V_IN 1689/2019 POM_5V_GPU 82/94 POM_5V_CPU 164/412
RAM 1374/3964MB (lfb 8x4MB) SWAP 793/6078MB (cached 34MB) IRAM 0/252kB(lfb 252kB) CPU [7%@921,9%@921,off,off] EMC_FREQ 0%@1600 GR3D_FREQ 0%@614 APE 25 PLL@30C CPU@32C iwlwifi@32C PMIC@50C GPU@29.5C AO@40.5C thermal@30.75C POM_5V_IN 2133/2019 POM_5V_GPU 82/94 POM_5V_CPU 533/412
RAM 1368/3964MB (lfb 8x4MB) SWAP 793/6078MB (cached 34MB) IRAM 0/252kB(lfb 252kB) CPU [5%@921,7%@921,off,off] EMC_FREQ 0%@1600 GR3D_FREQ 0%@614 APE 25 PLL@29.5C CPU@31.5C iwlwifi@32C PMIC@50C GPU@30C AO@40.5C thermal@30.75C POM_5V_IN 1689/2019 POM_5V_GPU 82/94 POM_5V_CPU 164/412
RAM 1374/3964MB (lfb 8x4MB) SWAP 793/6078MB (cached 34MB) IRAM 0/252kB(lfb 252kB) CPU [6%@921,8%@921,off,off] EMC_FREQ 0%@1600 GR3D_FREQ 0%@614 APE 25 PLL@30C CPU@31.5C iwlwifi@32C PMIC@50C GPU@29.5C AO@40.5C thermal@30.25C POM_5V_IN 2215/2019 POM_5V_GPU 82/94 POM_5V_CPU 451/412
RAM 1380/3964MB (lfb 8x4MB) SWAP 793/6078MB (cached 34MB) IRAM 0/252kB(lfb 252kB) CPU [6%@921,9%@921,off,off] EMC_FREQ 0%@1600 GR3D_FREQ 0%@614 APE 25 PLL@30C CPU@31.5C iwlwifi@32C PMIC@50C GPU@29.5C AO@40.5C thermal@31C POM_5V_IN 2215/2019 POM_5V_GPU 82/94 POM_5V_CPU 574/412
RAM 1372/3964MB (lfb 8x4MB) SWAP 793/6078MB (cached 34MB) IRAM 0/252kB(lfb 252kB) CPU [7%@921,6%@921,off,off] EMC_FREQ 0%@1600 GR3D_FREQ 0%@614 APE 25 PLL@30C CPU@31.5C iwlwifi@32C PMIC@50C GPU@30C AO@40.5C thermal@30.5C POM_5V_IN 1851/2019 POM_5V_GPU 82/94 POM_5V_CPU 246/412
RAM 1370/3964MB (lfb 8x4MB) SWAP 793/6078MB (cached 34MB) IRAM 0/252kB(lfb 252kB) CPU [8%@921,5%@921,off,off] EMC_FREQ 0%@1600 GR3D_FREQ 0%@614 APE 25 PLL@29.5C CPU@31.5C iwlwifi@32C PMIC@50C GPU@29.5C AO@40.5C thermal@30.5C POM_5V_IN 1731/2019 POM_5V_GPU 82/94 POM_5V_CPU 164/412
RAM 1372/3964MB (lfb 8x4MB) SWAP 793/6078MB (cached 34MB) IRAM 0/252kB(lfb 252kB) CPU [8%@921,6%@921,off,off] EMC_FREQ 0%@1600 GR3D_FREQ 0%@614 APE 25 PLL@29C CPU@31.5C iwlwifi@32C PMIC@50C GPU@29.5C AO@40.5C thermal@30.5C POM_5V_IN 1689/2018 POM_5V_GPU 82/94 POM_5V_CPU 164/412
RAM 1374/3964MB (lfb 8x4MB) SWAP 793/6078MB (cached 34MB) IRAM 0/252kB(lfb 252kB) CPU [7%@921,6%@921,off,off] EMC_FREQ 0%@1600 GR3D_FREQ 0%@614 APE 25 PLL@29.5C CPU@31.5C iwlwifi@32C PMIC@50C GPU@30C AO@40.5C thermal@30.75C POM_5V_IN 1689/2018 POM_5V_GPU 82/94 POM_5V_CPU 164/411
RAM 1370/3964MB (lfb 8x4MB) SWAP 793/6078MB (cached 34MB) IRAM 0/252kB(lfb 252kB) CPU [9%@921,5%@921,off,off] EMC_FREQ 0%@1600 GR3D_FREQ 0%@614 APE 25 PLL@29.5C CPU@31.5C iwlwifi@32C PMIC@50C GPU@29.5C AO@40.5C thermal@30.5C POM_5V_IN 1689/2018 POM_5V_GPU 82/94 POM_5V_CPU 164/411
RAM 1365/3964MB (lfb 8x4MB) SWAP 793/6078MB (cached 34MB) IRAM 0/252kB(lfb 252kB) CPU [4%@921,5%@921,off,off] EMC_FREQ 0%@1600 GR3D_FREQ 0%@614 APE 25 PLL@29.5C CPU@31.5C iwlwifi@32C PMIC@50C GPU@29.5C AO@41C thermal@30.5C POM_5V_IN 1689/2017 POM_5V_GPU 82/94 POM_5V_CPU 164/411
RAM 1370/3964MB (lfb 8x4MB) SWAP 793/6078MB (cached 34MB) IRAM 0/252kB(lfb 252kB) CPU [9%@921,9%@921,off,off] EMC_FREQ 0%@1600 GR3D_FREQ 0%@614 APE 25 PLL@29.5C CPU@31.5C iwlwifi@32C PMIC@50C GPU@29.5C AO@41C thermal@30.5C POM_5V_IN 2136/2018 POM_5V_GPU 82/94 POM_5V_CPU 533/411
RAM 1369/3964MB (lfb 8x4MB) SWAP 793/6078MB (cached 34MB) IRAM 0/252kB(lfb 252kB) CPU [6%@921,4%@921,off,off] EMC_FREQ 0%@1600 GR3D_FREQ 0%@614 APE 25 PLL@29.5C CPU@31.5C iwlwifi@32C PMIC@50C GPU@30C AO@41C thermal@30.5C POM_5V_IN 1689/2017 POM_5V_GPU 82/94 POM_5V_CPU 164/411
RAM 1370/3964MB (lfb 8x4MB) SWAP 793/6078MB (cached 34MB) IRAM 0/252kB(lfb 252kB) CPU [8%@921,6%@921,off,off] EMC_FREQ 0%@1600 GR3D_FREQ 0%@614 APE 25 PLL@30C CPU@31.5C iwlwifi@32C PMIC@50C GPU@29.5C AO@41C thermal@30.5C POM_5V_IN 2136/2017 POM_5V_GPU 82/94 POM_5V_CPU 533/411
RAM 1373/3964MB (lfb 8x4MB) SWAP 793/6078MB (cached 34MB) IRAM 0/252kB(lfb 252kB) CPU [7%@921,6%@921,off,off] EMC_FREQ 0%@1600 GR3D_FREQ 0%@614 APE 25 PLL@30C CPU@31.5C iwlwifi@32C PMIC@50C GPU@30C AO@41C thermal@30.5C POM_5V_IN 2215/2018 POM_5V_GPU 82/94 POM_5V_CPU 492/411
RAM 1370/3964MB (lfb 8x4MB) SWAP 793/6078MB (cached 34MB) IRAM 0/252kB(lfb 252kB) CPU [8%@921,5%@921,off,off] EMC_FREQ 0%@1600 GR3D_FREQ 0%@614 APE 25 PLL@30C CPU@31.5C iwlwifi@32C PMIC@50C GPU@30C AO@41C thermal@30.5C POM_5V_IN 2293/2018 POM_5V_GPU 81/94 POM_5V_CPU 614/411
RAM 1372/3964MB (lfb 8x4MB) SWAP 793/6078MB (cached 34MB) IRAM 0/252kB(lfb 252kB) CPU [8%@921,7%@921,off,off] EMC_FREQ 0%@1600 GR3D_FREQ 0%@614 APE 25 PLL@30C CPU@31.5C iwlwifi@32C PMIC@50C GPU@29.5C AO@41C thermal@30.75C POM_5V_IN 2290/2018 POM_5V_GPU 81/94 POM_5V_CPU 613/411
RAM 1370/3964MB (lfb 8x4MB) SWAP 793/6078MB (cached 34MB) IRAM 0/252kB(lfb 252kB) CPU [6%@921,8%@921,off,off] EMC_FREQ 0%@1600 GR3D_FREQ 0%@614 APE 25 PLL@30C CPU@31.5C iwlwifi@32C PMIC@50C GPU@30C AO@41C thermal@30.5C POM_5V_IN 1772/2018 POM_5V_GPU 82/94 POM_5V_CPU 205/411
RAM 1372/3964MB (lfb 8x4MB) SWAP 793/6078MB (cached 34MB) IRAM 0/252kB(lfb 252kB) CPU [8%@921,5%@921,off,off] EMC_FREQ 0%@1600 GR3D_FREQ 0%@614 APE 25 PLL@29.5C CPU@31C iwlwifi@32C PMIC@50C GPU@29.5C AO@41C thermal@30.25C POM_5V_IN 1731/2018 POM_5V_GPU 82/94 POM_5V_CPU 164/411
RAM 1370/3964MB (lfb 8x4MB) SWAP 793/6078MB (cached 34MB) IRAM 0/252kB(lfb 252kB) CPU [8%@921,5%@921,off,off] EMC_FREQ 0%@1600 GR3D_FREQ 0%@614 APE 25 PLL@29.5C CPU@31.5C iwlwifi@32C PMIC@50C GPU@29.5C AO@40.5C thermal@30.5C POM_5V_IN 1689/2017 POM_5V_GPU 82/94 POM_5V_CPU 164/411
RAM 1374/3964MB (lfb 8x4MB) SWAP 793/6078MB (cached 34MB) IRAM 0/252kB(lfb 252kB) CPU [7%@921,6%@921,off,off] EMC_FREQ 0%@1600 GR3D_FREQ 0%@614 APE 25 PLL@29.5C CPU@31.5C iwlwifi@32C PMIC@50C GPU@29.5C AO@40.5C thermal@30.5C POM_5V_IN 1689/2017 POM_5V_GPU 82/94 POM_5V_CPU 164/410
RAM 1370/3964MB (lfb 8x4MB) SWAP 793/6078MB (cached 34MB) IRAM 0/252kB(lfb 252kB) CPU [9%@921,5%@921,off,off] EMC_FREQ 0%@1600 GR3D_FREQ 0%@614 APE 25 PLL@29.5C CPU@31.5C iwlwifi@33C PMIC@50C GPU@29.5C AO@40.5C thermal@30.25C POM_5V_IN 1689/2016 POM_5V_GPU 82/94 POM_5V_CPU 164/410
RAM 1364/3964MB (lfb 8x4MB) SWAP 793/6078MB (cached 34MB) IRAM 0/252kB(lfb 252kB) CPU [6%@921,4%@921,off,off] EMC_FREQ 0%@1600 GR3D_FREQ 0%@614 APE 25 PLL@29.5C CPU@31C iwlwifi@32C PMIC@50C GPU@30C AO@40.5C thermal@30.5C POM_5V_IN 1731/2016 POM_5V_GPU 82/94 POM_5V_CPU 164/410
RAM 1374/3964MB (lfb 8x4MB) SWAP 793/6078MB (cached 34MB) IRAM 0/252kB(lfb 252kB) CPU [7%@921,10%@921,off,off] EMC_FREQ 0%@1600 GR3D_FREQ 0%@614 APE 25 PLL@29.5C CPU@31.5C iwlwifi@32C PMIC@50C GPU@29.5C AO@41C thermal@30.5C POM_5V_IN 2095/2016 POM_5V_GPU 82/94 POM_5V_CPU 533/410
RAM 1368/3964MB (lfb 8x4MB) SWAP 793/6078MB (cached 34MB) IRAM 0/252kB(lfb 252kB) CPU [5%@921,7%@921,off,off] EMC_FREQ 0%@1600 GR3D_FREQ 0%@614 APE 25 PLL@29.5C CPU@31.5C iwlwifi@32C PMIC@50C GPU@29.5C AO@41C thermal@30.5C POM_5V_IN 1689/2016 POM_5V_GPU 82/94 POM_5V_CPU 164/410
RAM 1373/3964MB (lfb 8x4MB) SWAP 793/6078MB (cached 34MB) IRAM 0/252kB(lfb 252kB) CPU [5%@921,9%@921,off,off] EMC_FREQ 0%@1600 GR3D_FREQ 0%@614 APE 25 PLL@30C CPU@31.5C iwlwifi@32C PMIC@50C GPU@29.5C AO@41C thermal@30.75C POM_5V_IN 2174/2016 POM_5V_GPU 82/94 POM_5V_CPU 574/410
RAM 1376/3964MB (lfb 8x4MB) SWAP 793/6078MB (cached 34MB) IRAM 0/252kB(lfb 252kB) CPU [6%@921,8%@921,off,off] EMC_FREQ 0%@1600 GR3D_FREQ 0%@614 APE 25 PLL@30C CPU@31.5C iwlwifi@32C PMIC@50C GPU@29.5C AO@41C thermal@30.5C POM_5V_IN 2293/2016 POM_5V_GPU 81/94 POM_5V_CPU 573/410
RAM 1376/3964MB (lfb 8x4MB) SWAP 793/6078MB (cached 34MB) IRAM 0/252kB(lfb 252kB) CPU [6%@921,7%@921,off,off] EMC_FREQ 0%@1600 GR3D_FREQ 0%@614 APE 25 PLL@29.5C CPU@32C iwlwifi@32C PMIC@50C GPU@30C AO@40.5C thermal@30.75C POM_5V_IN 2215/2017 POM_5V_GPU 82/94 POM_5V_CPU 574/410
RAM 1372/3964MB (lfb 8x4MB) SWAP 793/6078MB (cached 34MB) IRAM 0/252kB(lfb 252kB) CPU [6%@921,8%@921,off,off] EMC_FREQ 0%@1600 GR3D_FREQ 0%@614 APE 25 PLL@29.5C CPU@31.5C iwlwifi@32C PMIC@50C GPU@29.5C AO@40.5C thermal@30.75C POM_5V_IN 1892/2016 POM_5V_GPU 82/94 POM_5V_CPU 288/410
RAM 1372/3964MB (lfb 8x4MB) SWAP 793/6078MB (cached 34MB) IRAM 0/252kB(lfb 252kB) CPU [7%@921,6%@921,off,off] EMC_FREQ 0%@1600 GR3D_FREQ 0%@614 APE 25 PLL@29.5C CPU@31.5C iwlwifi@32C PMIC@50C GPU@29.5C AO@40.5C thermal@30.5C POM_5V_IN 1731/2016 POM_5V_GPU 82/94 POM_5V_CPU 164/410
RAM 1372/3964MB (lfb 8x4MB) SWAP 793/6078MB (cached 34MB) IRAM 0/252kB(lfb 252kB) CPU [7%@921,7%@921,off,off] EMC_FREQ 0%@1600 GR3D_FREQ 0%@614 APE 25 PLL@29.5C CPU@31.5C iwlwifi@32C PMIC@50C GPU@29.5C AO@40.5C thermal@30.5C POM_5V_IN 1731/2016 POM_5V_GPU 82/94 POM_5V_CPU 164/409
RAM 1370/3964MB (lfb 8x4MB) SWAP 793/6078MB (cached 34MB) IRAM 0/252kB(lfb 252kB) CPU [7%@921,7%@921,off,off] EMC_FREQ 0%@1600 GR3D_FREQ 0%@614 APE 25 PLL@29.5C CPU@31.5C iwlwifi@32C PMIC@50C GPU@29.5C AO@40.5C thermal@30.5C POM_5V_IN 1689/2016 POM_5V_GPU 82/94 POM_5V_CPU 164/409
RAM 1372/3964MB (lfb 8x4MB) SWAP 793/6078MB (cached 34MB) IRAM 0/252kB(lfb 252kB) CPU [7%@921,7%@921,off,off] EMC_FREQ 0%@1600 GR3D_FREQ 0%@614 APE 25 PLL@29.5C CPU@31.5C iwlwifi@32C PMIC@50C GPU@29.5C AO@41C thermal@30.5C POM_5V_IN 1689/2015 POM_5V_GPU 82/94 POM_5V_CPU 164/409
RAM 1374/3964MB (lfb 8x4MB) SWAP 793/6078MB (cached 34MB) IRAM 0/252kB(lfb 252kB) CPU [7%@921,6%@921,off,off] EMC_FREQ 0%@1600 GR3D_FREQ 0%@614 APE 25 PLL@29.5C CPU@31.5C iwlwifi@32C PMIC@50C GPU@29.5C AO@40.5C thermal@30.75C POM_5V_IN 1687/2015 POM_5V_GPU 82/94 POM_5V_CPU 164/409
RAM 1363/3964MB (lfb 8x4MB) SWAP 793/6078MB (cached 34MB) IRAM 0/252kB(lfb 252kB) CPU [5%@921,5%@921,off,off] EMC_FREQ 0%@1600 GR3D_FREQ 0%@614 APE 25 PLL@29.5C CPU@31.5C iwlwifi@32C PMIC@50C GPU@30C AO@41C thermal@30.75C POM_5V_IN 1689/2014 POM_5V_GPU 82/94 POM_5V_CPU 164/408
RAM 1373/3964MB (lfb 8x4MB) SWAP 793/6078MB (cached 34MB) IRAM 0/252kB(lfb 252kB) CPU [6%@921,12%@921,off,off] EMC_FREQ 0%@1600 GR3D_FREQ 0%@614 APE 25 PLL@29.5C CPU@31.5C iwlwifi@32C PMIC@50C GPU@29.5C AO@40.5C thermal@30.75C POM_5V_IN 2095/2015 POM_5V_GPU 82/94 POM_5V_CPU 533/409
RAM 1368/3964MB (lfb 8x4MB) SWAP 793/6078MB (cached 34MB) IRAM 0/252kB(lfb 252kB) CPU [5%@921,7%@921,off,off] EMC_FREQ 0%@1600 GR3D_FREQ 0%@614 APE 25 PLL@29.5C CPU@31.5C iwlwifi@32C PMIC@50C GPU@29.5C AO@40.5C thermal@30.5C POM_5V_IN 1731/2014 POM_5V_GPU 82/94 POM_5V_CPU 164/408
RAM 1374/3964MB (lfb 8x4MB) SWAP 793/6078MB (cached 34MB) IRAM 0/252kB(lfb 252kB) CPU [7%@921,7%@921,off,off] EMC_FREQ 0%@1600 GR3D_FREQ 0%@614 APE 25 PLL@29.5C CPU@31.5C iwlwifi@32C PMIC@50C GPU@30C AO@41C thermal@31C POM_5V_IN 2174/2014 POM_5V_GPU 82/94 POM_5V_CPU 492/408
RAM 1379/3964MB (lfb 8x4MB) SWAP 793/6078MB (cached 34MB) IRAM 0/252kB(lfb 252kB) CPU [6%@921,8%@921,off,off] EMC_FREQ 0%@1600 GR3D_FREQ 0%@614 APE 25 PLL@29.5C CPU@31.5C iwlwifi@32C PMIC@50C GPU@30C AO@41C thermal@30.5C POM_5V_IN 2256/2015 POM_5V_GPU 82/94 POM_5V_CPU 573/409
RAM 1375/3964MB (lfb 8x4MB) SWAP 793/6078MB (cached 34MB) IRAM 0/252kB(lfb 252kB) CPU [9%@921,6%@921,off,off] EMC_FREQ 0%@1600 GR3D_FREQ 0%@614 APE 25 PLL@29.5C CPU@31.5C iwlwifi@32C PMIC@50C GPU@30C AO@41C thermal@30.5C POM_5V_IN 2215/2015 POM_5V_GPU 82/94 POM_5V_CPU 533/409
RAM 1370/3964MB (lfb 8x4MB) SWAP 793/6078MB (cached 34MB) IRAM 0/252kB(lfb 252kB) CPU [6%@921,8%@921,off,off] EMC_FREQ 0%@1600 GR3D_FREQ 0%@614 APE 25 PLL@29.5C CPU@31.5C iwlwifi@32C PMIC@50C GPU@30C AO@41C thermal@30.5C POM_5V_IN 1851/2015 POM_5V_GPU 82/94 POM_5V_CPU 288/409
RAM 1373/3964MB (lfb 8x4MB) SWAP 793/6078MB (cached 34MB) IRAM 0/252kB(lfb 252kB) CPU [5%@921,9%@921,off,off] EMC_FREQ 0%@1600 GR3D_FREQ 0%@614 APE 25 PLL@29.5C CPU@31.5C iwlwifi@32C PMIC@50C GPU@29.5C AO@41C thermal@30.5C POM_5V_IN 1731/2014 POM_5V_GPU 82/94 POM_5V_CPU 164/408
RAM 1372/3964MB (lfb 8x4MB) SWAP 793/6078MB (cached 34MB) IRAM 0/252kB(lfb 252kB) CPU [9%@921,4%@921,off,off] EMC_FREQ 0%@1600 GR3D_FREQ 0%@614 APE 25 PLL@29.5C CPU@31C iwlwifi@32C PMIC@50C GPU@29.5C AO@41C thermal@30.75C POM_5V_IN 1689/2014 POM_5V_GPU 82/94 POM_5V_CPU 164/408
RAM 1374/3964MB (lfb 8x4MB) SWAP 793/6078MB (cached 34MB) IRAM 0/252kB(lfb 252kB) CPU [5%@921,9%@921,off,off] EMC_FREQ 0%@1600 GR3D_FREQ 0%@614 APE 25 PLL@29.5C CPU@32C iwlwifi@32C PMIC@50C GPU@30C AO@40.5C thermal@31C POM_5V_IN 1689/2014 POM_5V_GPU 82/94 POM_5V_CPU 164/408
RAM 1372/3964MB (lfb 8x4MB) SWAP 793/6078MB (cached 34MB) IRAM 0/252kB(lfb 252kB) CPU [5%@921,8%@921,off,off] EMC_FREQ 0%@1600 GR3D_FREQ 0%@614 APE 25 PLL@29.5C CPU@31.5C iwlwifi@32C PMIC@50C GPU@29.5C AO@40.5C thermal@30.5C POM_5V_IN 1689/2013 POM_5V_GPU 82/94 POM_5V_CPU 164/408
RAM 1371/3964MB (lfb 8x4MB) SWAP 793/6078MB (cached 34MB) IRAM 0/252kB(lfb 252kB) CPU [7%@921,7%@921,off,off] EMC_FREQ 0%@1600 GR3D_FREQ 0%@614 APE 25 PLL@29.5C CPU@31.5C iwlwifi@32C PMIC@50C GPU@30C AO@40.5C thermal@30.5C POM_5V_IN 1689/2013 POM_5V_GPU 82/94 POM_5V_CPU 164/407
RAM 1366/3964MB (lfb 8x4MB) SWAP 793/6078MB (cached 34MB) IRAM 0/252kB(lfb 252kB) CPU [5%@921,5%@921,off,off] EMC_FREQ 0%@1600 GR3D_FREQ 0%@614 APE 25 PLL@29.5C CPU@31C iwlwifi@32C PMIC@50C GPU@29.5C AO@41C thermal@30.5C POM_5V_IN 1687/2013 POM_5V_GPU 82/94 POM_5V_CPU 164/407
RAM 1372/3964MB (lfb 8x4MB) SWAP 793/6078MB (cached 34MB) IRAM 0/252kB(lfb 252kB) CPU [8%@921,9%@921,off,off] EMC_FREQ 0%@1600 GR3D_FREQ 0%@614 APE 25 PLL@30C CPU@31.5C iwlwifi@32C PMIC@50C GPU@30C AO@40.5C thermal@30.5C POM_5V_IN 2136/2013 POM_5V_GPU 82/93 POM_5V_CPU 533/407
RAM 1368/3964MB (lfb 8x4MB) SWAP 793/6078MB (cached 34MB) IRAM 0/252kB(lfb 252kB) CPU [6%@921,5%@921,off,off] EMC_FREQ 0%@1600 GR3D_FREQ 0%@614 APE 25 PLL@29.5C CPU@31.5C iwlwifi@32C PMIC@50C GPU@30C AO@41C thermal@30.75C POM_5V_IN 1689/2013 POM_5V_GPU 82/93 POM_5V_CPU 164/407
RAM 1376/3964MB (lfb 8x4MB) SWAP 793/6078MB (cached 34MB) IRAM 0/252kB(lfb 252kB) CPU [8%@921,7%@921,off,off] EMC_FREQ 0%@1600 GR3D_FREQ 0%@614 APE 25 PLL@30C CPU@31.5C iwlwifi@32C PMIC@50C GPU@30C AO@41C thermal@30.75C POM_5V_IN 2174/2013 POM_5V_GPU 82/93 POM_5V_CPU 451/407
RAM 1374/3964MB (lfb 8x4MB) SWAP 793/6078MB (cached 34MB) IRAM 0/252kB(lfb 252kB) CPU [8%@921,6%@921,off,off] EMC_FREQ 0%@1600 GR3D_FREQ 0%@614 APE 25 PLL@30C CPU@31.5C iwlwifi@32C PMIC@50C GPU@30C AO@41C thermal@30.5C POM_5V_IN 2256/2013 POM_5V_GPU 82/93 POM_5V_CPU 615/407
RAM 1377/3964MB (lfb 8x4MB) SWAP 793/6078MB (cached 34MB) IRAM 0/252kB(lfb 252kB) CPU [6%@921,9%@921,off,off] EMC_FREQ 0%@1600 GR3D_FREQ 0%@614 APE 25 PLL@30C CPU@31.5C iwlwifi@32C PMIC@50C GPU@30C AO@41C thermal@31C POM_5V_IN 2215/2013 POM_5V_GPU 82/93 POM_5V_CPU 574/407
RAM 1375/3964MB (lfb 8x4MB) SWAP 793/6078MB (cached 34MB) IRAM 0/252kB(lfb 252kB) CPU [4%@921,9%@921,off,off] EMC_FREQ 0%@1600 GR3D_FREQ 0%@614 APE 25 PLL@30C CPU@32C iwlwifi@32C PMIC@50C GPU@30C AO@40.5C thermal@30.75C POM_5V_IN 2013/2013 POM_5V_GPU 82/93 POM_5V_CPU 410/407
RAM 1373/3964MB (lfb 8x4MB) SWAP 793/6078MB (cached 34MB) IRAM 0/252kB(lfb 252kB) CPU [4%@921,9%@921,off,off] EMC_FREQ 0%@1600 GR3D_FREQ 0%@614 APE 25 PLL@29.5C CPU@31.5C iwlwifi@32C PMIC@50C GPU@29.5C AO@41C thermal@31C POM_5V_IN 1689/2013 POM_5V_GPU 82/93 POM_5V_CPU 164/407
RAM 1375/3964MB (lfb 8x4MB) SWAP 793/6078MB (cached 34MB) IRAM 0/252kB(lfb 252kB) CPU [8%@921,6%@921,off,off] EMC_FREQ 0%@1600 GR3D_FREQ 0%@614 APE 25 PLL@29.5C CPU@31.5C iwlwifi@32C PMIC@50C GPU@29.5C AO@40.5C thermal@30.5C POM_5V_IN 1689/2012 POM_5V_GPU 82/93 POM_5V_CPU 123/407
RAM 1375/3964MB (lfb 8x4MB) SWAP 793/6078MB (cached 34MB) IRAM 0/252kB(lfb 252kB) CPU [5%@921,8%@921,off,off] EMC_FREQ 0%@1600 GR3D_FREQ 0%@614 APE 25 PLL@29.5C CPU@31.5C iwlwifi@32C PMIC@50C GPU@30C AO@40.5C thermal@30.5C POM_5V_IN 1689/2012 POM_5V_GPU 82/93 POM_5V_CPU 164/407
RAM 1372/3964MB (lfb 8x4MB) SWAP 793/6078MB (cached 34MB) IRAM 0/252kB(lfb 252kB) CPU [6%@921,7%@921,off,off] EMC_FREQ 0%@1600 GR3D_FREQ 0%@614 APE 25 PLL@29C CPU@32C iwlwifi@32C PMIC@50C GPU@30C AO@41C thermal@30.75C POM_5V_IN 1689/2012 POM_5V_GPU 82/93 POM_5V_CPU 164/406
RAM 1366/3964MB (lfb 8x4MB) SWAP 793/6078MB (cached 34MB) IRAM 0/252kB(lfb 252kB) CPU [4%@921,5%@921,off,off] EMC_FREQ 0%@1600 GR3D_FREQ 0%@614 APE 25 PLL@29.5C CPU@32C iwlwifi@32C PMIC@50C GPU@29.5C AO@41C thermal@30.5C POM_5V_IN 1689/2012 POM_5V_GPU 82/93 POM_5V_CPU 164/406
RAM 1372/3964MB (lfb 8x4MB) SWAP 793/6078MB (cached 34MB) IRAM 0/252kB(lfb 252kB) CPU [7%@921,11%@921,off,off] EMC_FREQ 0%@1600 GR3D_FREQ 0%@614 APE 25 PLL@29.5C CPU@31.5C iwlwifi@32C PMIC@50C GPU@29.5C AO@41C thermal@30.5C POM_5V_IN 2136/2012 POM_5V_GPU 82/93 POM_5V_CPU 533/406
RAM 1369/3964MB (lfb 8x4MB) SWAP 793/6078MB (cached 34MB) IRAM 0/252kB(lfb 252kB) CPU [6%@921,4%@921,off,off] EMC_FREQ 0%@1600 GR3D_FREQ 0%@614 APE 25 PLL@30C CPU@31.5C iwlwifi@32C PMIC@50C GPU@30C AO@41C thermal@30.5C POM_5V_IN 1689/2011 POM_5V_GPU 82/93 POM_5V_CPU 164/406
RAM 1370/3964MB (lfb 8x4MB) SWAP 793/6078MB (cached 34MB) IRAM 0/252kB(lfb 252kB) CPU [7%@921,7%@921,off,off] EMC_FREQ 0%@1600 GR3D_FREQ 0%@614 APE 25 PLL@29.5C CPU@31.5C iwlwifi@32C PMIC@50C GPU@30C AO@41C thermal@30.5C POM_5V_IN 2133/2011 POM_5V_GPU 82/93 POM_5V_CPU 533/406
RAM 1373/3964MB (lfb 8x4MB) SWAP 793/6078MB (cached 34MB) IRAM 0/252kB(lfb 252kB) CPU [8%@921,5%@921,off,off] EMC_FREQ 0%@1600 GR3D_FREQ 0%@614 APE 25 PLL@29.5C CPU@32C iwlwifi@32C PMIC@50C GPU@30C AO@41C thermal@30.5C POM_5V_IN 2297/2012 POM_5V_GPU 82/93 POM_5V_CPU 573/406
RAM 1373/3964MB (lfb 8x4MB) SWAP 793/6078MB (cached 34MB) IRAM 0/252kB(lfb 252kB) CPU [7%@921,6%@921,off,off] EMC_FREQ 0%@1600 GR3D_FREQ 0%@614 APE 25 PLL@29.5C CPU@31.5C iwlwifi@32C PMIC@50C GPU@30C AO@41C thermal@30.75C POM_5V_IN 2293/2012 POM_5V_GPU 81/93 POM_5V_CPU 614/406
RAM 1379/3964MB (lfb 8x4MB) SWAP 793/6078MB (cached 34MB) IRAM 0/252kB(lfb 252kB) CPU [5%@921,8%@921,off,off] EMC_FREQ 0%@1600 GR3D_FREQ 0%@614 APE 25 PLL@30C CPU@31.5C iwlwifi@32C PMIC@50C GPU@30C AO@41C thermal@31C POM_5V_IN 2256/2012 POM_5V_GPU 82/93 POM_5V_CPU 614/407
RAM 1371/3964MB (lfb 8x4MB) SWAP 793/6078MB (cached 34MB) IRAM 0/252kB(lfb 252kB) CPU [5%@921,10%@921,off,off] EMC_FREQ 0%@1600 GR3D_FREQ 0%@614 APE 25 PLL@30C CPU@32C iwlwifi@32C PMIC@50C GPU@30C AO@40.5C thermal@30.75C POM_5V_IN 1813/2012 POM_5V_GPU 82/93 POM_5V_CPU 246/407
RAM 1373/3964MB (lfb 8x4MB) SWAP 793/6078MB (cached 34MB) IRAM 0/252kB(lfb 252kB) CPU [7%@921,6%@921,off,off] EMC_FREQ 0%@1600 GR3D_FREQ 0%@614 APE 25 PLL@29.5C CPU@31.5C iwlwifi@32C PMIC@50C GPU@30C AO@40.5C thermal@31C POM_5V_IN 1772/2012 POM_5V_GPU 82/93 POM_5V_CPU 206/406
RAM 1375/3964MB (lfb 8x4MB) SWAP 793/6078MB (cached 34MB) IRAM 0/252kB(lfb 252kB) CPU [6%@921,8%@921,off,off] EMC_FREQ 0%@1600 GR3D_FREQ 0%@614 APE 25 PLL@29.5C CPU@32C iwlwifi@33C PMIC@50C GPU@29.5C AO@40.5C thermal@30.5C POM_5V_IN 1731/2012 POM_5V_GPU 82/93 POM_5V_CPU 164/406
RAM 1373/3964MB (lfb 8x4MB) SWAP 793/6078MB (cached 34MB) IRAM 0/252kB(lfb 252kB) CPU [7%@921,6%@921,off,off] EMC_FREQ 0%@1600 GR3D_FREQ 0%@614 APE 25 PLL@29.5C CPU@31C iwlwifi@32C PMIC@50C GPU@29.5C AO@41C thermal@30.75C POM_5V_IN 1731/2011 POM_5V_GPU 82/93 POM_5V_CPU 164/406
RAM 1373/3964MB (lfb 8x4MB) SWAP 793/6078MB (cached 34MB) IRAM 0/252kB(lfb 252kB) CPU [5%@921,8%@921,off,off] EMC_FREQ 0%@1600 GR3D_FREQ 0%@614 APE 25 PLL@29.5C CPU@31.5C iwlwifi@32C PMIC@50C GPU@29.5C AO@40.5C thermal@30.5C POM_5V_IN 1731/2011 POM_5V_GPU 82/93 POM_5V_CPU 164/406
RAM 1373/3964MB (lfb 8x4MB) SWAP 793/6078MB (cached 34MB) IRAM 0/252kB(lfb 252kB) CPU [5%@921,8%@921,off,off] EMC_FREQ 0%@1600 GR3D_FREQ 0%@614 APE 25 PLL@29.5C CPU@31.5C iwlwifi@32C PMIC@50C GPU@29.5C AO@40.5C thermal@30.5C POM_5V_IN 1731/2011 POM_5V_GPU 82/93 POM_5V_CPU 164/405
RAM 1373/3964MB (lfb 8x4MB) SWAP 793/6078MB (cached 34MB) IRAM 0/252kB(lfb 252kB) CPU [6%@921,6%@921,off,off] EMC_FREQ 0%@1600 GR3D_FREQ 0%@614 APE 25 PLL@29.5C CPU@31.5C iwlwifi@32C PMIC@50C GPU@30C AO@41C thermal@30.75C POM_5V_IN 1689/2010 POM_5V_GPU 82/93 POM_5V_CPU 164/405
RAM 1371/3964MB (lfb 8x4MB) SWAP 793/6078MB (cached 34MB) IRAM 0/252kB(lfb 252kB) CPU [5%@921,8%@921,off,off] EMC_FREQ 0%@1600 GR3D_FREQ 0%@614 APE 25 PLL@29.5C CPU@31.5C iwlwifi@32C PMIC@50C GPU@29.5C AO@41C thermal@30.5C POM_5V_IN 1689/2010 POM_5V_GPU 82/93 POM_5V_CPU 164/405
RAM 1366/3964MB (lfb 8x4MB) SWAP 793/6078MB (cached 34MB) IRAM 0/252kB(lfb 252kB) CPU [5%@921,4%@921,off,off] EMC_FREQ 0%@1600 GR3D_FREQ 0%@614 APE 25 PLL@29.5C CPU@31.5C iwlwifi@32C PMIC@50C GPU@29.5C AO@41C thermal@30.5C POM_5V_IN 1689/2010 POM_5V_GPU 82/93 POM_5V_CPU 164/405
RAM 1370/3964MB (lfb 8x4MB) SWAP 793/6078MB (cached 34MB) IRAM 0/252kB(lfb 252kB) CPU [8%@921,9%@921,off,off] EMC_FREQ 0%@1600 GR3D_FREQ 0%@614 APE 25 PLL@29.5C CPU@31.5C iwlwifi@32C PMIC@50C GPU@29.5C AO@40.5C thermal@30.75C POM_5V_IN 2136/2010 POM_5V_GPU 82/93 POM_5V_CPU 533/405
RAM 1367/3964MB (lfb 8x4MB) SWAP 793/6078MB (cached 34MB) IRAM 0/252kB(lfb 252kB) CPU [5%@921,5%@921,off,off] EMC_FREQ 0%@1600 GR3D_FREQ 0%@614 APE 25 PLL@30C CPU@32C iwlwifi@32C PMIC@50C GPU@30C AO@41C thermal@30.5C POM_5V_IN 1689/2010 POM_5V_GPU 82/93 POM_5V_CPU 164/404
RAM 1370/3964MB (lfb 8x4MB) SWAP 793/6078MB (cached 34MB) IRAM 0/252kB(lfb 252kB) CPU [6%@921,7%@921,off,off] EMC_FREQ 0%@1600 GR3D_FREQ 0%@614 APE 25 PLL@30C CPU@32C iwlwifi@32C PMIC@50C GPU@30C AO@40.5C thermal@30.75C POM_5V_IN 2174/2010 POM_5V_GPU 82/93 POM_5V_CPU 574/405
RAM 1375/3964MB (lfb 8x4MB) SWAP 793/6078MB (cached 34MB) IRAM 0/252kB(lfb 252kB) CPU [7%@921,8%@921,off,off] EMC_FREQ 0%@1600 GR3D_FREQ 0%@614 APE 25 PLL@30C CPU@32C iwlwifi@32C PMIC@50C GPU@29.5C AO@40.5C thermal@31C POM_5V_IN 2136/2010 POM_5V_GPU 82/93 POM_5V_CPU 533/405
RAM 1374/3964MB (lfb 8x4MB) SWAP 793/6078MB (cached 34MB) IRAM 0/252kB(lfb 252kB) CPU [7%@921,7%@921,off,off] EMC_FREQ 0%@1600 GR3D_FREQ 0%@614 APE 25 PLL@30C CPU@31.5C iwlwifi@32C PMIC@50C GPU@30C AO@41C thermal@30.75C POM_5V_IN 2215/2010 POM_5V_GPU 82/93 POM_5V_CPU 574/405
RAM 1371/3964MB (lfb 8x4MB) SWAP 793/6078MB (cached 34MB) IRAM 0/252kB(lfb 252kB) CPU [6%@921,7%@921,off,off] EMC_FREQ 0%@1600 GR3D_FREQ 0%@614 APE 25 PLL@30C CPU@31.5C iwlwifi@32C PMIC@50C GPU@30C AO@41C thermal@30.75C POM_5V_IN 1892/2010 POM_5V_GPU 82/93 POM_5V_CPU 288/405
RAM 1373/3964MB (lfb 8x4MB) SWAP 793/6078MB (cached 34MB) IRAM 0/252kB(lfb 252kB) CPU [7%@921,7%@921,off,off] EMC_FREQ 0%@1600 GR3D_FREQ 0%@614 APE 25 PLL@29.5C CPU@31.5C iwlwifi@32C PMIC@50C GPU@30C AO@41C thermal@31C POM_5V_IN 1731/2010 POM_5V_GPU 82/93 POM_5V_CPU 164/405
RAM 1375/3964MB (lfb 8x4MB) SWAP 793/6078MB (cached 34MB) IRAM 0/252kB(lfb 252kB) CPU [7%@921,6%@921,off,off] EMC_FREQ 0%@1600 GR3D_FREQ 0%@614 APE 25 PLL@29.5C CPU@31.5C iwlwifi@32C PMIC@50C GPU@29.5C AO@41C thermal@30.75C POM_5V_IN 1689/2009 POM_5V_GPU 82/93 POM_5V_CPU 164/404
RAM 1375/3964MB (lfb 8x4MB) SWAP 793/6078MB (cached 34MB) IRAM 0/252kB(lfb 252kB) CPU [9%@921,4%@921,off,off] EMC_FREQ 0%@1600 GR3D_FREQ 0%@614 APE 25 PLL@29.5C CPU@31.5C iwlwifi@32C PMIC@50C GPU@29.5C AO@41C thermal@30.75C POM_5V_IN 1689/2009 POM_5V_GPU 82/93 POM_5V_CPU 164/404
RAM 1373/3964MB (lfb 8x4MB) SWAP 793/6078MB (cached 34MB) IRAM 0/252kB(lfb 252kB) CPU [6%@921,7%@921,off,off] EMC_FREQ 0%@1600 GR3D_FREQ 0%@614 APE 25 PLL@29.5C CPU@31C iwlwifi@32C PMIC@50C GPU@29.5C AO@41C thermal@31C POM_5V_IN 1689/2009 POM_5V_GPU 82/93 POM_5V_CPU 164/404
RAM 1363/3964MB (lfb 8x4MB) SWAP 793/6078MB (cached 34MB) IRAM 0/252kB(lfb 252kB) CPU [4%@921,5%@921,off,off] EMC_FREQ 0%@1600 GR3D_FREQ 0%@614 APE 25 PLL@29.5C CPU@31.5C iwlwifi@32C PMIC@50C GPU@29.5C AO@40.5C thermal@30.5C POM_5V_IN 1731/2008 POM_5V_GPU 82/93 POM_5V_CPU 164/404
RAM 1373/3964MB (lfb 8x4MB) SWAP 793/6078MB (cached 34MB) IRAM 0/252kB(lfb 252kB) CPU [7%@921,10%@921,off,off] EMC_FREQ 0%@1600 GR3D_FREQ 0%@614 APE 25 PLL@29.5C CPU@31.5C iwlwifi@32C PMIC@50C GPU@30C AO@40.5C thermal@30.75C POM_5V_IN 2136/2008 POM_5V_GPU 82/93 POM_5V_CPU 533/404
RAM 1368/3964MB (lfb 8x4MB) SWAP 793/6078MB (cached 34MB) IRAM 0/252kB(lfb 252kB) CPU [4%@921,6%@921,off,off] EMC_FREQ 0%@1600 GR3D_FREQ 0%@614 APE 25 PLL@29.5C CPU@31.5C iwlwifi@32C PMIC@50C GPU@29.5C AO@41C thermal@30.5C POM_5V_IN 1689/2008 POM_5V_GPU 82/93 POM_5V_CPU 164/404
RAM 1367/3964MB (lfb 8x4MB) SWAP 793/6078MB (cached 34MB) IRAM 0/252kB(lfb 252kB) CPU [4%@921,9%@921,off,off] EMC_FREQ 0%@1600 GR3D_FREQ 0%@614 APE 25 PLL@29.5C CPU@32C iwlwifi@32C PMIC@50C GPU@30C AO@41C thermal@30.75C POM_5V_IN 2133/2008 POM_5V_GPU 82/93 POM_5V_CPU 533/404
RAM 1374/3964MB (lfb 8x4MB) SWAP 793/6078MB (cached 34MB) IRAM 0/252kB(lfb 252kB) CPU [8%@921,7%@921,off,off] EMC_FREQ 0%@1600 GR3D_FREQ 0%@614 APE 25 PLL@29.5C CPU@31.5C iwlwifi@32C PMIC@50C GPU@29.5C AO@40.5C thermal@30.75C POM_5V_IN 2133/2008 POM_5V_GPU 82/93 POM_5V_CPU 533/404
RAM 1379/3964MB (lfb 8x4MB) SWAP 793/6078MB (cached 34MB) IRAM 0/252kB(lfb 252kB) CPU [8%@921,6%@921,off,off] EMC_FREQ 0%@1600 GR3D_FREQ 0%@614 APE 25 PLL@29.5C CPU@32C iwlwifi@32C PMIC@50C GPU@29.5C AO@41C thermal@30.75C POM_5V_IN 2297/2009 POM_5V_GPU 81/93 POM_5V_CPU 614/404
RAM 1372/3964MB (lfb 8x4MB) SWAP 793/6078MB (cached 34MB) IRAM 0/252kB(lfb 252kB) CPU [7%@921,7%@921,off,off] EMC_FREQ 0%@1600 GR3D_FREQ 0%@614 APE 25 PLL@30C CPU@32C iwlwifi@32C PMIC@50C GPU@29.5C AO@41C thermal@30.75C POM_5V_IN 2133/2009 POM_5V_GPU 82/93 POM_5V_CPU 492/404
RAM 1373/3964MB (lfb 8x4MB) SWAP 793/6078MB (cached 34MB) IRAM 0/252kB(lfb 252kB) CPU [9%@921,4%@921,off,off] EMC_FREQ 0%@1600 GR3D_FREQ 0%@614 APE 25 PLL@29.5C CPU@31.5C iwlwifi@32C PMIC@50C GPU@30C AO@41C thermal@30.5C POM_5V_IN 1772/2009 POM_5V_GPU 82/93 POM_5V_CPU 205/404
RAM 1375/3964MB (lfb 8x4MB) SWAP 793/6078MB (cached 34MB) IRAM 0/252kB(lfb 252kB) CPU [5%@921,8%@921,off,off] EMC_FREQ 0%@1600 GR3D_FREQ 0%@614 APE 25 PLL@30C CPU@31.5C iwlwifi@32C PMIC@50C GPU@29.5C AO@41C thermal@30.75C POM_5V_IN 1769/2008 POM_5V_GPU 82/93 POM_5V_CPU 205/404
RAM 1371/3964MB (lfb 8x4MB) SWAP 793/6078MB (cached 34MB) IRAM 0/252kB(lfb 252kB) CPU [7%@921,7%@921,off,off] EMC_FREQ 0%@1600 GR3D_FREQ 0%@614 APE 25 PLL@29.5C CPU@31.5C iwlwifi@32C PMIC@50C GPU@30C AO@41C thermal@30.5C POM_5V_IN 1689/2008 POM_5V_GPU 82/93 POM_5V_CPU 164/403
RAM 1370/3964MB (lfb 8x4MB) SWAP 793/6078MB (cached 34MB) IRAM 0/252kB(lfb 252kB) CPU [6%@921,7%@921,off,off] EMC_FREQ 0%@1600 GR3D_FREQ 0%@614 APE 25 PLL@29.5C CPU@31.5C iwlwifi@32C PMIC@50C GPU@29.5C AO@40.5C thermal@30.75C POM_5V_IN 1689/2008 POM_5V_GPU 82/93 POM_5V_CPU 123/403
RAM 1375/3964MB (lfb 8x4MB) SWAP 793/6078MB (cached 34MB) IRAM 0/252kB(lfb 252kB) CPU [7%@921,6%@921,off,off] EMC_FREQ 0%@1600 GR3D_FREQ 0%@614 APE 25 PLL@29.5C CPU@32C iwlwifi@32C PMIC@50C GPU@29.5C AO@41C thermal@30.5C POM_5V_IN 1689/2007 POM_5V_GPU 82/93 POM_5V_CPU 164/403
RAM 1364/3964MB (lfb 8x4MB) SWAP 793/6078MB (cached 34MB) IRAM 0/252kB(lfb 252kB) CPU [3%@921,6%@921,off,off] EMC_FREQ 0%@1600 GR3D_FREQ 0%@614 APE 25 PLL@29.5C CPU@31.5C iwlwifi@32C PMIC@50C GPU@29.5C AO@41C thermal@30.75C POM_5V_IN 1687/2007 POM_5V_GPU 82/93 POM_5V_CPU 164/403
RAM 1373/3964MB (lfb 8x4MB) SWAP 793/6078MB (cached 34MB) IRAM 0/252kB(lfb 252kB) CPU [10%@921,8%@921,off,off] EMC_FREQ 0%@1600 GR3D_FREQ 0%@614 APE 25 PLL@29.5C CPU@31.5C iwlwifi@32C PMIC@50C GPU@30C AO@40.5C thermal@30.5C POM_5V_IN 2136/2007 POM_5V_GPU 82/93 POM_5V_CPU 574/403
RAM 1370/3964MB (lfb 8x4MB) SWAP 793/6078MB (cached 34MB) IRAM 0/252kB(lfb 252kB) CPU [5%@921,5%@921,off,off] EMC_FREQ 0%@1600 GR3D_FREQ 0%@614 APE 25 PLL@29.5C CPU@31C iwlwifi@32C PMIC@50C GPU@30C AO@41C thermal@30.5C POM_5V_IN 1689/2007 POM_5V_GPU 82/93 POM_5V_CPU 164/403
RAM 1373/3964MB (lfb 8x4MB) SWAP 793/6078MB (cached 34MB) IRAM 0/252kB(lfb 252kB) CPU [9%@921,8%@921,off,off] EMC_FREQ 0%@1600 GR3D_FREQ 0%@614 APE 25 PLL@30C CPU@31.5C iwlwifi@32C PMIC@50C GPU@30C AO@41C thermal@30.75C POM_5V_IN 2136/2007 POM_5V_GPU 82/93 POM_5V_CPU 533/403
RAM 1371/3964MB (lfb 8x4MB) SWAP 793/6078MB (cached 34MB) IRAM 0/252kB(lfb 252kB) CPU [5%@921,6%@921,off,off] EMC_FREQ 0%@1600 GR3D_FREQ 0%@614 APE 25 PLL@29C CPU@31.5C iwlwifi@32C PMIC@50C GPU@29.5C AO@41C thermal@30.75C POM_5V_IN 1689/2007 POM_5V_GPU 82/93 POM_5V_CPU 164/403
RAM 1378/3964MB (lfb 8x4MB) SWAP 793/6078MB (cached 34MB) IRAM 0/252kB(lfb 252kB) CPU [7%@921,7%@921,off,off] EMC_FREQ 0%@1600 GR3D_FREQ 0%@614 APE 25 PLL@30C CPU@31.5C iwlwifi@32C PMIC@50C GPU@30C AO@41C thermal@30.5C POM_5V_IN 2256/2007 POM_5V_GPU 81/93 POM_5V_CPU 573/403
RAM 1372/3964MB (lfb 8x4MB) SWAP 793/6078MB (cached 34MB) IRAM 0/252kB(lfb 252kB) CPU [7%@921,7%@921,off,off] EMC_FREQ 0%@1600 GR3D_FREQ 0%@614 APE 25 PLL@29.5C CPU@32C iwlwifi@32C PMIC@50C GPU@30C AO@40.5C thermal@30.5C POM_5V_IN 1975/2007 POM_5V_GPU 82/93 POM_5V_CPU 369/403
RAM 1371/3964MB (lfb 8x4MB) SWAP 793/6078MB (cached 34MB) IRAM 0/252kB(lfb 252kB) CPU [8%@921,5%@921,off,off] EMC_FREQ 0%@1600 GR3D_FREQ 0%@614 APE 25 PLL@29.5C CPU@32C iwlwifi@32C PMIC@50C GPU@29.5C AO@41C thermal@30.75C POM_5V_IN 1731/2007 POM_5V_GPU 82/93 POM_5V_CPU 164/402
RAM 1377/3964MB (lfb 8x4MB) SWAP 793/6078MB (cached 34MB) IRAM 0/252kB(lfb 252kB) CPU [5%@921,8%@921,off,off] EMC_FREQ 0%@1600 GR3D_FREQ 0%@614 APE 25 PLL@29.5C CPU@31.5C iwlwifi@32C PMIC@50C GPU@29.5C AO@41C thermal@30.5C POM_5V_IN 1731/2006 POM_5V_GPU 82/93 POM_5V_CPU 164/402
RAM 1376/3964MB (lfb 8x4MB) SWAP 793/6078MB (cached 34MB) IRAM 0/252kB(lfb 252kB) CPU [6%@921,7%@921,off,off] EMC_FREQ 0%@1600 GR3D_FREQ 0%@614 APE 25 PLL@29.5C CPU@31.5C iwlwifi@32C PMIC@50C GPU@29.5C AO@41C thermal@30.75C POM_5V_IN 2215/2007 POM_5V_GPU 82/93 POM_5V_CPU 533/402
RAM 1369/3964MB (lfb 8x4MB) SWAP 793/6078MB (cached 34MB) IRAM 0/252kB(lfb 252kB) CPU [8%@921,5%@921,off,off] EMC_FREQ 0%@1600 GR3D_FREQ 0%@614 APE 25 PLL@29.5C CPU@31.5C iwlwifi@32C PMIC@50C GPU@30C AO@41C thermal@30.5C POM_5V_IN 2133/2007 POM_5V_GPU 82/93 POM_5V_CPU 492/402
RAM 1371/3964MB (lfb 8x4MB) SWAP 793/6078MB (cached 34MB) IRAM 0/252kB(lfb 252kB) CPU [6%@921,7%@921,off,off] EMC_FREQ 0%@1600 GR3D_FREQ 0%@614 APE 25 PLL@29.5C CPU@31.5C iwlwifi@32C PMIC@50C GPU@29.5C AO@41C thermal@30.5C POM_5V_IN 2256/2007 POM_5V_GPU 82/93 POM_5V_CPU 492/402
RAM 1377/3964MB (lfb 8x4MB) SWAP 793/6078MB (cached 34MB) IRAM 0/252kB(lfb 252kB) CPU [7%@921,8%@921,off,off] EMC_FREQ 0%@1600 GR3D_FREQ 0%@614 APE 25 PLL@29.5C CPU@31.5C iwlwifi@32C PMIC@50C GPU@29.5C AO@41C thermal@30.5C POM_5V_IN 2297/2007 POM_5V_GPU 82/93 POM_5V_CPU 614/403
RAM 1373/3964MB (lfb 8x4MB) SWAP 793/6078MB (cached 34MB) IRAM 0/252kB(lfb 252kB) CPU [7%@921,7%@921,off,off] EMC_FREQ 0%@1600 GR3D_FREQ 0%@614 APE 25 PLL@29.5C CPU@31.5C iwlwifi@32C PMIC@50C GPU@29.5C AO@41C thermal@30.75C POM_5V_IN 2215/2007 POM_5V_GPU 82/93 POM_5V_CPU 615/403
RAM 1371/3964MB (lfb 8x4MB) SWAP 793/6078MB (cached 34MB) IRAM 0/252kB(lfb 252kB) CPU [9%@921,5%@921,off,off] EMC_FREQ 0%@1600 GR3D_FREQ 0%@614 APE 25 PLL@30C CPU@31.5C iwlwifi@33C PMIC@50C GPU@30C AO@41C thermal@30.5C POM_5V_IN 1772/2007 POM_5V_GPU 82/93 POM_5V_CPU 206/403
RAM 1375/3964MB (lfb 8x4MB) SWAP 793/6078MB (cached 34MB) IRAM 0/252kB(lfb 252kB) CPU [6%@921,7%@921,off,off] EMC_FREQ 0%@1600 GR3D_FREQ 0%@614 APE 25 PLL@29.5C CPU@31.5C iwlwifi@32C PMIC@50C GPU@30C AO@40.5C thermal@30.75C POM_5V_IN 1769/2007 POM_5V_GPU 82/93 POM_5V_CPU 205/403
RAM 1371/3964MB (lfb 8x4MB) SWAP 793/6078MB (cached 34MB) IRAM 0/252kB(lfb 252kB) CPU [9%@921,5%@921,off,off] EMC_FREQ 0%@1600 GR3D_FREQ 0%@614 APE 25 PLL@29.5C CPU@32C iwlwifi@32C PMIC@50C GPU@30C AO@40.5C thermal@31C POM_5V_IN 1731/2007 POM_5V_GPU 82/93 POM_5V_CPU 164/402
RAM 1373/3964MB (lfb 8x4MB) SWAP 793/6078MB (cached 34MB) IRAM 0/252kB(lfb 252kB) CPU [7%@921,6%@921,off,off] EMC_FREQ 0%@1600 GR3D_FREQ 0%@614 APE 25 PLL@29.5C CPU@31.5C iwlwifi@32C PMIC@50C GPU@30C AO@40.5C thermal@30.75C POM_5V_IN 1689/2006 POM_5V_GPU 82/93 POM_5V_CPU 164/402
RAM 1373/3964MB (lfb 8x4MB) SWAP 793/6078MB (cached 34MB) IRAM 0/252kB(lfb 252kB) CPU [8%@921,6%@921,off,off] EMC_FREQ 0%@1600 GR3D_FREQ 0%@614 APE 25 PLL@29.5C CPU@31.5C iwlwifi@32C PMIC@50C GPU@29.5C AO@40.5C thermal@30.75C POM_5V_IN 1689/2006 POM_5V_GPU 82/93 POM_5V_CPU 164/402
RAM 1366/3964MB (lfb 8x4MB) SWAP 793/6078MB (cached 34MB) IRAM 0/252kB(lfb 252kB) CPU [5%@921,7%@921,off,off] EMC_FREQ 0%@1600 GR3D_FREQ 0%@614 APE 25 PLL@29.5C CPU@31.5C iwlwifi@32C PMIC@50C GPU@30C AO@40.5C thermal@30.5C POM_5V_IN 1689/2006 POM_5V_GPU 82/93 POM_5V_CPU 164/402
RAM 1373/3964MB (lfb 8x4MB) SWAP 793/6078MB (cached 34MB) IRAM 0/252kB(lfb 252kB) CPU [9%@921,10%@921,off,off] EMC_FREQ 0%@1600 GR3D_FREQ 0%@614 APE 25 PLL@29.5C CPU@32C iwlwifi@32C PMIC@50C GPU@30C AO@41C thermal@30.75C POM_5V_IN 2136/2006 POM_5V_GPU 82/93 POM_5V_CPU 533/402
RAM 1366/3964MB (lfb 8x4MB) SWAP 793/6078MB (cached 34MB) IRAM 0/252kB(lfb 252kB) CPU [6%@921,5%@921,off,off] EMC_FREQ 0%@1600 GR3D_FREQ 0%@614 APE 25 PLL@29.5C CPU@31.5C iwlwifi@32C PMIC@50C GPU@30C AO@40.5C thermal@30.75C POM_5V_IN 1689/2006 POM_5V_GPU 82/93 POM_5V_CPU 123/401
RAM 1369/3964MB (lfb 8x4MB) SWAP 793/6078MB (cached 34MB) IRAM 0/252kB(lfb 252kB) CPU [7%@921,8%@921,off,off] EMC_FREQ 0%@1600 GR3D_FREQ 0%@614 APE 25 PLL@29.5C CPU@31.5C iwlwifi@32C PMIC@50C GPU@30C AO@40.5C thermal@30.75C POM_5V_IN 2133/2006 POM_5V_GPU 82/93 POM_5V_CPU 574/402
RAM 1370/3964MB (lfb 8x4MB) SWAP 793/6078MB (cached 34MB) IRAM 0/252kB(lfb 252kB) CPU [5%@921,10%@921,off,off] EMC_FREQ 0%@1600 GR3D_FREQ 0%@614 APE 25 PLL@29.5C CPU@32C iwlwifi@32C PMIC@50C GPU@30C AO@40.5C thermal@30.75C POM_5V_IN 2256/2006 POM_5V_GPU 82/93 POM_5V_CPU 573/402
RAM 1376/3964MB (lfb 8x4MB) SWAP 793/6078MB (cached 34MB) IRAM 0/252kB(lfb 252kB) CPU [7%@921,7%@921,off,off] EMC_FREQ 0%@1600 GR3D_FREQ 0%@614 APE 25 PLL@29.5C CPU@31.5C iwlwifi@32C PMIC@50C GPU@30.5C AO@40.5C thermal@30.75C POM_5V_IN 2293/2006 POM_5V_GPU 81/93 POM_5V_CPU 614/402
RAM 1376/3964MB (lfb 8x4MB) SWAP 793/6078MB (cached 34MB) IRAM 0/252kB(lfb 252kB) CPU [6%@921,8%@921,off,off] EMC_FREQ 0%@1600 GR3D_FREQ 0%@614 APE 25 PLL@29.5C CPU@31.5C iwlwifi@32C PMIC@50C GPU@30C AO@40.5C thermal@30.75C POM_5V_IN 1892/2006 POM_5V_GPU 82/93 POM_5V_CPU 288/402
RAM 1375/3964MB (lfb 8x4MB) SWAP 793/6078MB (cached 34MB) IRAM 0/252kB(lfb 252kB) CPU [8%@921,5%@921,off,off] EMC_FREQ 0%@1600 GR3D_FREQ 0%@614 APE 25 PLL@29.5C CPU@31.5C iwlwifi@32C PMIC@50C GPU@30C AO@40.5C thermal@30.75C POM_5V_IN 1731/2006 POM_5V_GPU 82/93 POM_5V_CPU 164/402
RAM 1373/3964MB (lfb 8x4MB) SWAP 793/6078MB (cached 34MB) IRAM 0/252kB(lfb 252kB) CPU [7%@921,7%@921,off,off] EMC_FREQ 0%@1600 GR3D_FREQ 0%@614 APE 25 PLL@30C CPU@31C iwlwifi@32C PMIC@50C GPU@30C AO@40.5C thermal@30.75C POM_5V_IN 1689/2006 POM_5V_GPU 82/93 POM_5V_CPU 164/401
RAM 1371/3964MB (lfb 8x4MB) SWAP 793/6078MB (cached 34MB) IRAM 0/252kB(lfb 252kB) CPU [6%@921,7%@921,off,off] EMC_FREQ 0%@1600 GR3D_FREQ 0%@614 APE 25 PLL@29.5C CPU@31.5C iwlwifi@32C PMIC@50C GPU@30C AO@40.5C thermal@30.5C POM_5V_IN 1689/2005 POM_5V_GPU 82/93 POM_5V_CPU 164/401
RAM 1373/3964MB (lfb 8x4MB) SWAP 793/6078MB (cached 34MB) IRAM 0/252kB(lfb 252kB) CPU [6%@921,7%@921,off,off] EMC_FREQ 0%@1600 GR3D_FREQ 0%@614 APE 25 PLL@29.5C CPU@31.5C iwlwifi@32C PMIC@50C GPU@30C AO@41C thermal@30.5C POM_5V_IN 1689/2005 POM_5V_GPU 82/93 POM_5V_CPU 164/401
RAM 1364/3964MB (lfb 8x4MB) SWAP 793/6078MB (cached 34MB) IRAM 0/252kB(lfb 252kB) CPU [5%@921,3%@921,off,off] EMC_FREQ 0%@1600 GR3D_FREQ 0%@614 APE 25 PLL@29.5C CPU@31.5C iwlwifi@32C PMIC@50C GPU@30C AO@41C thermal@30.5C POM_5V_IN 1731/2005 POM_5V_GPU 82/93 POM_5V_CPU 164/401
RAM 1375/3964MB (lfb 8x4MB) SWAP 793/6078MB (cached 34MB) IRAM 0/252kB(lfb 252kB) CPU [6%@921,11%@921,off,off] EMC_FREQ 0%@1600 GR3D_FREQ 0%@614 APE 25 PLL@29.5C CPU@31.5C iwlwifi@32C PMIC@50C GPU@29.5C AO@40.5C thermal@30.75C POM_5V_IN 2095/2005 POM_5V_GPU 82/93 POM_5V_CPU 533/401
RAM 1368/3964MB (lfb 8x4MB) SWAP 793/6078MB (cached 34MB) IRAM 0/252kB(lfb 252kB) CPU [8%@921,3%@921,off,off] EMC_FREQ 0%@1600 GR3D_FREQ 0%@614 APE 25 PLL@29.5C CPU@31.5C iwlwifi@32C PMIC@50C GPU@30C AO@41C thermal@30.75C POM_5V_IN 1689/2005 POM_5V_GPU 82/93 POM_5V_CPU 164/401
RAM 1371/3964MB (lfb 8x4MB) SWAP 793/6078MB (cached 34MB) IRAM 0/252kB(lfb 252kB) CPU [6%@921,9%@921,off,off] EMC_FREQ 0%@1600 GR3D_FREQ 0%@614 APE 25 PLL@29.5C CPU@31C iwlwifi@32C PMIC@50C GPU@29.5C AO@41C thermal@30.5C POM_5V_IN 2133/2005 POM_5V_GPU 82/93 POM_5V_CPU 574/401
RAM 1374/3964MB (lfb 8x4MB) SWAP 793/6078MB (cached 34MB) IRAM 0/252kB(lfb 252kB) CPU [7%@921,7%@921,off,off] EMC_FREQ 0%@1600 GR3D_FREQ 0%@614 APE 25 PLL@29.5C CPU@31.5C iwlwifi@32C PMIC@50C GPU@29.5C AO@40.5C thermal@30.5C POM_5V_IN 2215/2005 POM_5V_GPU 82/93 POM_5V_CPU 492/401
RAM 1371/3964MB (lfb 8x4MB) SWAP 793/6078MB (cached 34MB) IRAM 0/252kB(lfb 252kB) CPU [8%@921,6%@921,off,off] EMC_FREQ 0%@1600 GR3D_FREQ 0%@614 APE 25 PLL@30C CPU@31.5C iwlwifi@32C PMIC@50C GPU@30C AO@41.5C thermal@30.75C POM_5V_IN 2297/2005 POM_5V_GPU 81/93 POM_5V_CPU 614/401
RAM 1377/3964MB (lfb 8x4MB) SWAP 793/6078MB (cached 34MB) IRAM 0/252kB(lfb 252kB) CPU [6%@921,8%@921,off,off] EMC_FREQ 0%@1600 GR3D_FREQ 0%@614 APE 25 PLL@30C CPU@31.5C iwlwifi@32C PMIC@50C GPU@30C AO@41C thermal@30.75C POM_5V_IN 2334/2005 POM_5V_GPU 81/93 POM_5V_CPU 573/401
RAM 1371/3964MB (lfb 8x4MB) SWAP 793/6078MB (cached 34MB) IRAM 0/252kB(lfb 252kB) CPU [7%@921,6%@921,off,off] EMC_FREQ 0%@1600 GR3D_FREQ 0%@614 APE 25 PLL@30C CPU@31C iwlwifi@32C PMIC@50C GPU@30C AO@41C thermal@30.75C POM_5V_IN 1772/2005 POM_5V_GPU 82/93 POM_5V_CPU 206/401
RAM 1373/3964MB (lfb 8x4MB) SWAP 793/6078MB (cached 34MB) IRAM 0/252kB(lfb 252kB) CPU [4%@921,9%@921,off,off] EMC_FREQ 0%@1600 GR3D_FREQ 0%@614 APE 25 PLL@29.5C CPU@31.5C iwlwifi@32C PMIC@50C GPU@29.5C AO@40.5C thermal@31C POM_5V_IN 1731/2005 POM_5V_GPU 82/93 POM_5V_CPU 164/401
RAM 1373/3964MB (lfb 8x4MB) SWAP 793/6078MB (cached 34MB) IRAM 0/252kB(lfb 252kB) CPU [7%@921,6%@921,off,off] EMC_FREQ 0%@1600 GR3D_FREQ 0%@614 APE 25 PLL@29.5C CPU@31.5C iwlwifi@32C PMIC@50C GPU@30C AO@41C thermal@30.75C POM_5V_IN 1689/2005 POM_5V_GPU 82/93 POM_5V_CPU 164/401
RAM 1371/3964MB (lfb 8x4MB) SWAP 793/6078MB (cached 34MB) IRAM 0/252kB(lfb 252kB) CPU [7%@921,7%@921,off,off] EMC_FREQ 0%@1600 GR3D_FREQ 0%@614 APE 25 PLL@30C CPU@31.5C iwlwifi@32C PMIC@50C GPU@29.5C AO@41C thermal@31C POM_5V_IN 1689/2004 POM_5V_GPU 82/92 POM_5V_CPU 123/400
RAM 1375/3964MB (lfb 8x4MB) SWAP 793/6078MB (cached 34MB) IRAM 0/252kB(lfb 252kB) CPU [4%@921,9%@921,off,off] EMC_FREQ 0%@1600 GR3D_FREQ 0%@614 APE 25 PLL@30C CPU@31.5C iwlwifi@32C PMIC@50C GPU@30C AO@41C thermal@30.75C POM_5V_IN 1687/2004 POM_5V_GPU 82/92 POM_5V_CPU 164/400
RAM 1364/3964MB (lfb 8x4MB) SWAP 793/6078MB (cached 34MB) IRAM 0/252kB(lfb 252kB) CPU [3%@921,6%@921,off,off] EMC_FREQ 0%@1600 GR3D_FREQ 0%@614 APE 25 PLL@30C CPU@31.5C iwlwifi@32C PMIC@50C GPU@30C AO@40.5C thermal@30.75C POM_5V_IN 1689/2004 POM_5V_GPU 82/92 POM_5V_CPU 164/400
RAM 1375/3964MB (lfb 8x4MB) SWAP 793/6078MB (cached 34MB) IRAM 0/252kB(lfb 252kB) CPU [9%@921,8%@921,off,off] EMC_FREQ 0%@1600 GR3D_FREQ 0%@614 APE 25 PLL@30C CPU@31.5C iwlwifi@32C PMIC@50C GPU@30C AO@41C thermal@30.75C POM_5V_IN 2174/2004 POM_5V_GPU 82/92 POM_5V_CPU 533/400
RAM 1371/3964MB (lfb 8x4MB) SWAP 793/6078MB (cached 34MB) IRAM 0/252kB(lfb 252kB) CPU [8%@921,4%@921,off,off] EMC_FREQ 0%@1600 GR3D_FREQ 0%@614 APE 25 PLL@29.5C CPU@31.5C iwlwifi@32C PMIC@50C GPU@29.5C AO@41C thermal@30.5C POM_5V_IN 1731/2004 POM_5V_GPU 82/92 POM_5V_CPU 164/400
RAM 1371/3964MB (lfb 8x4MB) SWAP 793/6078MB (cached 34MB) IRAM 0/252kB(lfb 252kB) CPU [6%@921,8%@921,off,off] EMC_FREQ 0%@1600 GR3D_FREQ 0%@614 APE 25 PLL@30C CPU@31.5C iwlwifi@32C PMIC@50C GPU@30C AO@41C thermal@30.75C POM_5V_IN 2174/2004 POM_5V_GPU 82/92 POM_5V_CPU 574/400
RAM 1378/3964MB (lfb 8x4MB) SWAP 793/6078MB (cached 34MB) IRAM 0/252kB(lfb 252kB) CPU [9%@921,5%@921,off,off] EMC_FREQ 0%@1600 GR3D_FREQ 0%@614 APE 25 PLL@30C CPU@31.5C iwlwifi@32C PMIC@50C GPU@30C AO@40.5C thermal@30.25C POM_5V_IN 2334/2004 POM_5V_GPU 81/92 POM_5V_CPU 532/400
RAM 1374/3964MB (lfb 8x4MB) SWAP 793/6078MB (cached 34MB) IRAM 0/252kB(lfb 252kB) CPU [6%@921,7%@921,off,off] EMC_FREQ 0%@1600 GR3D_FREQ 0%@614 APE 25 PLL@30C CPU@32C iwlwifi@32C PMIC@50C GPU@30.5C AO@41C thermal@30.5C POM_5V_IN 2252/2004 POM_5V_GPU 81/92 POM_5V_CPU 573/400
RAM 1379/3964MB (lfb 8x4MB) SWAP 793/6078MB (cached 34MB) IRAM 0/252kB(lfb 252kB) CPU [8%@921,6%@921,off,off] EMC_FREQ 0%@1600 GR3D_FREQ 0%@614 APE 25 PLL@30.5C CPU@31.5C iwlwifi@32C PMIC@50C GPU@30C AO@41C thermal@30.75C POM_5V_IN 2256/2005 POM_5V_GPU 82/92 POM_5V_CPU 573/400
RAM 1373/3964MB (lfb 8x4MB) SWAP 793/6078MB (cached 34MB) IRAM 0/252kB(lfb 252kB) CPU [7%@921,6%@921,off,off] EMC_FREQ 0%@1600 GR3D_FREQ 0%@614 APE 25 PLL@30C CPU@31.5C iwlwifi@32C PMIC@50C GPU@30C AO@40.5C thermal@30.75C POM_5V_IN 1810/2004 POM_5V_GPU 82/92 POM_5V_CPU 246/400
RAM 1372/3964MB (lfb 8x4MB) SWAP 793/6078MB (cached 34MB) IRAM 0/252kB(lfb 252kB) CPU [5%@921,9%@921,off,off] EMC_FREQ 0%@1600 GR3D_FREQ 0%@614 APE 25 PLL@29.5C CPU@31.5C iwlwifi@32C PMIC@50C GPU@30C AO@40.5C thermal@30.75C POM_5V_IN 1731/2004 POM_5V_GPU 82/92 POM_5V_CPU 164/400
RAM 1374/3964MB (lfb 8x4MB) SWAP 793/6078MB (cached 34MB) IRAM 0/252kB(lfb 252kB) CPU [9%@921,8%@921,off,off] EMC_FREQ 0%@1600 GR3D_FREQ 0%@614 APE 25 PLL@29.5C CPU@31C iwlwifi@32C PMIC@50C GPU@30C AO@41C thermal@30.75C POM_5V_IN 1687/2004 POM_5V_GPU 82/92 POM_5V_CPU 164/400
RAM 1374/3964MB (lfb 8x4MB) SWAP 793/6078MB (cached 34MB) IRAM 0/252kB(lfb 252kB) CPU [6%@921,9%@921,off,off] EMC_FREQ 0%@1600 GR3D_FREQ 0%@614 APE 25 PLL@30C CPU@31.5C iwlwifi@32C PMIC@50C GPU@30C AO@40.5C thermal@30.5C POM_5V_IN 1731/2004 POM_5V_GPU 82/92 POM_5V_CPU 164/400
RAM 1372/3964MB (lfb 8x4MB) SWAP 793/6078MB (cached 34MB) IRAM 0/252kB(lfb 252kB) CPU [6%@921,7%@921,off,off] EMC_FREQ 0%@1600 GR3D_FREQ 0%@614 APE 25 PLL@29.5C CPU@31.5C iwlwifi@32C PMIC@50C GPU@29.5C AO@41C thermal@30.75C POM_5V_IN 1689/2003 POM_5V_GPU 82/92 POM_5V_CPU 164/399
RAM 1373/3964MB (lfb 8x4MB) SWAP 793/6078MB (cached 34MB) IRAM 0/252kB(lfb 252kB) CPU [6%@921,7%@921,off,off] EMC_FREQ 0%@1600 GR3D_FREQ 0%@614 APE 25 PLL@29.5C CPU@31.5C iwlwifi@32C PMIC@50C GPU@30C AO@41C thermal@30.75C POM_5V_IN 1689/2003 POM_5V_GPU 82/92 POM_5V_CPU 164/399
RAM 1368/3964MB (lfb 8x4MB) SWAP 793/6078MB (cached 34MB) IRAM 0/252kB(lfb 252kB) CPU [4%@921,6%@921,off,off] EMC_FREQ 0%@1600 GR3D_FREQ 0%@614 APE 25 PLL@29.5C CPU@31.5C iwlwifi@33C PMIC@50C GPU@30C AO@40.5C thermal@30.75C POM_5V_IN 1731/2003 POM_5V_GPU 82/92 POM_5V_CPU 164/399
RAM 1370/3964MB (lfb 8x4MB) SWAP 793/6078MB (cached 34MB) IRAM 0/252kB(lfb 252kB) CPU [7%@921,7%@921,off,off] EMC_FREQ 0%@1600 GR3D_FREQ 0%@614 APE 25 PLL@30C CPU@32C iwlwifi@32C PMIC@50C GPU@29.5C AO@41C thermal@31C POM_5V_IN 2133/2003 POM_5V_GPU 82/92 POM_5V_CPU 533/399
RAM 1370/3964MB (lfb 8x4MB) SWAP 793/6078MB (cached 34MB) IRAM 0/252kB(lfb 252kB) CPU [7%@921,8%@921,off,off] EMC_FREQ 0%@1600 GR3D_FREQ 0%@614 APE 25 PLL@30C CPU@31.5C iwlwifi@32C PMIC@50C GPU@30C AO@40.5C thermal@30.5C POM_5V_IN 2215/2003 POM_5V_GPU 82/92 POM_5V_CPU 574/399
RAM 1376/3964MB (lfb 8x4MB) SWAP 793/6078MB (cached 34MB) IRAM 0/252kB(lfb 252kB) CPU [8%@921,5%@921,off,off] EMC_FREQ 0%@1600 GR3D_FREQ 0%@614 APE 25 PLL@30C CPU@31.5C iwlwifi@32C PMIC@50C GPU@30C AO@41C thermal@30.75C POM_5V_IN 2256/2003 POM_5V_GPU 82/92 POM_5V_CPU 573/399
RAM 1375/3964MB (lfb 8x4MB) SWAP 793/6078MB (cached 34MB) IRAM 0/252kB(lfb 252kB) CPU [4%@921,10%@921,off,off] EMC_FREQ 0%@1600 GR3D_FREQ 0%@614 APE 25 PLL@29.5C CPU@32C iwlwifi@32C PMIC@50C GPU@30C AO@40.5C thermal@30.75C POM_5V_IN 2215/2003 POM_5V_GPU 82/92 POM_5V_CPU 574/400
RAM 1373/3964MB (lfb 8x4MB) SWAP 793/6078MB (cached 34MB) IRAM 0/252kB(lfb 252kB) CPU [4%@921,9%@921,off,off] EMC_FREQ 0%@1600 GR3D_FREQ 0%@614 APE 25 PLL@30C CPU@31.5C iwlwifi@32C PMIC@50C GPU@30C AO@41C thermal@31C POM_5V_IN 1813/2003 POM_5V_GPU 82/92 POM_5V_CPU 205/399
RAM 1373/3964MB (lfb 8x4MB) SWAP 793/6078MB (cached 34MB) IRAM 0/252kB(lfb 252kB) CPU [7%@921,6%@921,off,off] EMC_FREQ 0%@1600 GR3D_FREQ 0%@614 APE 25 PLL@29.5C CPU@31.5C iwlwifi@32C PMIC@50C GPU@30C AO@40.5C thermal@30.75C POM_5V_IN 1728/2003 POM_5V_GPU 82/92 POM_5V_CPU 164/399
RAM 1375/3964MB (lfb 8x4MB) SWAP 793/6078MB (cached 34MB) IRAM 0/252kB(lfb 252kB) CPU [8%@921,5%@921,off,off] EMC_FREQ 0%@1600 GR3D_FREQ 0%@614 APE 25 PLL@29.5C CPU@32C iwlwifi@32C PMIC@50C GPU@30C AO@40.5C thermal@31C POM_5V_IN 1689/2003 POM_5V_GPU 82/92 POM_5V_CPU 123/399
RAM 1371/3964MB (lfb 8x4MB) SWAP 793/6078MB (cached 34MB) IRAM 0/252kB(lfb 252kB) CPU [9%@921,5%@921,off,off] EMC_FREQ 0%@1600 GR3D_FREQ 0%@614 APE 25 PLL@30C CPU@31.5C iwlwifi@32C PMIC@50C GPU@30C AO@40.5C thermal@30.75C POM_5V_IN 1731/2003 POM_5V_GPU 82/92 POM_5V_CPU 164/399
RAM 1371/3964MB (lfb 8x4MB) SWAP 793/6078MB (cached 34MB) IRAM 0/252kB(lfb 252kB) CPU [4%@921,9%@921,off,off] EMC_FREQ 0%@1600 GR3D_FREQ 0%@614 APE 25 PLL@30C CPU@31.5C iwlwifi@32C PMIC@50C GPU@29.5C AO@40.5C thermal@30.75C POM_5V_IN 1689/2002 POM_5V_GPU 82/92 POM_5V_CPU 164/398
RAM 1371/3964MB (lfb 8x4MB) SWAP 793/6078MB (cached 34MB) IRAM 0/252kB(lfb 252kB) CPU [6%@921,7%@921,off,off] EMC_FREQ 0%@1600 GR3D_FREQ 0%@614 APE 25 PLL@29.5C CPU@31C iwlwifi@32C PMIC@50C GPU@29.5C AO@40.5C thermal@30.75C POM_5V_IN 1689/2002 POM_5V_GPU 82/92 POM_5V_CPU 164/398
RAM 1368/3964MB (lfb 8x4MB) SWAP 793/6078MB (cached 34MB) IRAM 0/252kB(lfb 252kB) CPU [5%@921,5%@921,off,off] EMC_FREQ 0%@1600 GR3D_FREQ 0%@614 APE 25 PLL@29.5C CPU@31.5C iwlwifi@32C PMIC@50C GPU@30C AO@40.5C thermal@30.75C POM_5V_IN 1689/2002 POM_5V_GPU 82/92 POM_5V_CPU 164/398
RAM 1373/3964MB (lfb 8x4MB) SWAP 793/6078MB (cached 34MB) IRAM 0/252kB(lfb 252kB) CPU [7%@921,10%@921,off,off] EMC_FREQ 0%@1600 GR3D_FREQ 0%@614 APE 25 PLL@30C CPU@31.5C iwlwifi@32C PMIC@50C GPU@30C AO@40.5C thermal@30.5C POM_5V_IN 2136/2002 POM_5V_GPU 82/92 POM_5V_CPU 574/398
RAM 1367/3964MB (lfb 8x4MB) SWAP 793/6078MB (cached 34MB) IRAM 0/252kB(lfb 252kB) CPU [7%@921,4%@921,off,off] EMC_FREQ 0%@1600 GR3D_FREQ 0%@614 APE 25 PLL@30C CPU@31.5C iwlwifi@32C PMIC@50C GPU@29.5C AO@40.5C thermal@30.75C POM_5V_IN 1848/2002 POM_5V_GPU 82/92 POM_5V_CPU 287/398
RAM 1374/3964MB (lfb 8x4MB) SWAP 793/6078MB (cached 34MB) IRAM 0/252kB(lfb 252kB) CPU [7%@921,7%@921,off,off] EMC_FREQ 0%@1600 GR3D_FREQ 0%@614 APE 25 PLL@30C CPU@32C iwlwifi@32C PMIC@50C GPU@30C AO@41C thermal@30.75C POM_5V_IN 2129/2002 POM_5V_GPU 81/92 POM_5V_CPU 532/398
RAM 1377/3964MB (lfb 8x4MB) SWAP 793/6078MB (cached 34MB) IRAM 0/252kB(lfb 252kB) CPU [7%@921,8%@921,off,off] EMC_FREQ 0%@1600 GR3D_FREQ 0%@614 APE 25 PLL@30C CPU@32C iwlwifi@32C PMIC@50C GPU@29.5C AO@41C thermal@30.75C POM_5V_IN 2256/2002 POM_5V_GPU 82/92 POM_5V_CPU 573/398
RAM 1379/3964MB (lfb 8x4MB) SWAP 793/6078MB (cached 34MB) IRAM 0/252kB(lfb 252kB) CPU [6%@921,7%@921,off,off] EMC_FREQ 0%@1600 GR3D_FREQ 0%@614 APE 25 PLL@30C CPU@32C iwlwifi@32C PMIC@50C GPU@30C AO@41C thermal@30.75C POM_5V_IN 1975/2002 POM_5V_GPU 82/92 POM_5V_CPU 369/398
RAM 1373/3964MB (lfb 8x4MB) SWAP 793/6078MB (cached 34MB) IRAM 0/252kB(lfb 252kB) CPU [9%@921,5%@921,off,off] EMC_FREQ 0%@1600 GR3D_FREQ 0%@614 APE 25 PLL@30C CPU@31.5C iwlwifi@32C PMIC@50C GPU@30C AO@40.5C thermal@31C POM_5V_IN 1810/2002 POM_5V_GPU 82/92 POM_5V_CPU 246/398
RAM 1371/3964MB (lfb 8x4MB) SWAP 793/6078MB (cached 34MB) IRAM 0/252kB(lfb 252kB) CPU [6%@921,7%@921,off,off] EMC_FREQ 0%@1600 GR3D_FREQ 0%@614 APE 25 PLL@29.5C CPU@31.5C iwlwifi@32C PMIC@50C GPU@30C AO@41C thermal@31C POM_5V_IN 1731/2002 POM_5V_GPU 82/92 POM_5V_CPU 164/398
RAM 1375/3964MB (lfb 8x4MB) SWAP 793/6078MB (cached 34MB) IRAM 0/252kB(lfb 252kB) CPU [6%@921,8%@921,off,off] EMC_FREQ 0%@1600 GR3D_FREQ 0%@614 APE 25 PLL@29.5C CPU@32C iwlwifi@32C PMIC@50C GPU@29.5C AO@40.5C thermal@30.75C POM_5V_IN 1689/2001 POM_5V_GPU 82/92 POM_5V_CPU 164/398
RAM 1371/3964MB (lfb 8x4MB) SWAP 793/6078MB (cached 34MB) IRAM 0/252kB(lfb 252kB) CPU [6%@921,7%@921,off,off] EMC_FREQ 0%@1600 GR3D_FREQ 0%@614 APE 25 PLL@29.5C CPU@31.5C iwlwifi@32C PMIC@50C GPU@30C AO@40.5C thermal@30.75C POM_5V_IN 1689/2001 POM_5V_GPU 82/92 POM_5V_CPU 164/398
RAM 1370/3964MB (lfb 8x4MB) SWAP 793/6078MB (cached 34MB) IRAM 0/252kB(lfb 252kB) CPU [7%@921,7%@921,off,off] EMC_FREQ 0%@1600 GR3D_FREQ 0%@614 APE 25 PLL@29.5C CPU@32C iwlwifi@32C PMIC@50C GPU@30C AO@40.5C thermal@30.5C POM_5V_IN 1731/2001 POM_5V_GPU 82/92 POM_5V_CPU 164/397
RAM 1367/3964MB (lfb 8x4MB) SWAP 793/6078MB (cached 34MB) IRAM 0/252kB(lfb 252kB) CPU [4%@921,5%@921,off,off] EMC_FREQ 0%@1600 GR3D_FREQ 0%@614 APE 25 PLL@29.5C CPU@31.5C iwlwifi@32C PMIC@50C GPU@30C AO@40.5C thermal@30.5C POM_5V_IN 1689/2000 POM_5V_GPU 82/92 POM_5V_CPU 164/397
RAM 1375/3964MB (lfb 8x4MB) SWAP 793/6078MB (cached 34MB) IRAM 0/252kB(lfb 252kB) CPU [8%@921,10%@921,off,off] EMC_FREQ 0%@1600 GR3D_FREQ 0%@614 APE 25 PLL@30C CPU@31.5C iwlwifi@32C PMIC@50C GPU@29.5C AO@40.5C thermal@30.5C POM_5V_IN 2133/2001 POM_5V_GPU 82/92 POM_5V_CPU 574/397
RAM 1372/3964MB (lfb 8x4MB) SWAP 793/6078MB (cached 34MB) IRAM 0/252kB(lfb 252kB) CPU [5%@921,6%@921,off,off] EMC_FREQ 0%@1600 GR3D_FREQ 0%@614 APE 25 PLL@30C CPU@31.5C iwlwifi@32C PMIC@50C GPU@29.5C AO@40.5C thermal@30.5C POM_5V_IN 1689/2000 POM_5V_GPU 82/92 POM_5V_CPU 164/397
RAM 1371/3964MB (lfb 8x4MB) SWAP 793/6078MB (cached 34MB) IRAM 0/252kB(lfb 252kB) CPU [5%@921,9%@921,off,off] EMC_FREQ 0%@1600 GR3D_FREQ 0%@614 APE 25 PLL@30C CPU@31.5C iwlwifi@32C PMIC@50C GPU@30C AO@41C thermal@30.25C POM_5V_IN 2174/2000 POM_5V_GPU 82/92 POM_5V_CPU 574/397
RAM 1375/3964MB (lfb 8x4MB) SWAP 793/6078MB (cached 34MB) IRAM 0/252kB(lfb 252kB) CPU [6%@921,8%@921,off,off] EMC_FREQ 0%@1600 GR3D_FREQ 0%@614 APE 25 PLL@30C CPU@31.5C iwlwifi@32C PMIC@50C GPU@29.5C AO@41C thermal@30.75C POM_5V_IN 2297/2001 POM_5V_GPU 81/92 POM_5V_CPU 573/397
RAM 1375/3964MB (lfb 8x4MB) SWAP 793/6078MB (cached 34MB) IRAM 0/252kB(lfb 252kB) CPU [6%@921,8%@921,off,off] EMC_FREQ 0%@1600 GR3D_FREQ 0%@614 APE 25 PLL@30C CPU@32C iwlwifi@32C PMIC@50C GPU@29.5C AO@41C thermal@30.5C POM_5V_IN 2215/2001 POM_5V_GPU 82/92 POM_5V_CPU 574/398
RAM 1375/3964MB (lfb 8x4MB) SWAP 793/6078MB (cached 34MB) IRAM 0/252kB(lfb 252kB) CPU [6%@921,7%@921,off,off] EMC_FREQ 0%@1600 GR3D_FREQ 0%@614 APE 25 PLL@30C CPU@32C iwlwifi@32C PMIC@50C GPU@29.5C AO@41C thermal@30.5C POM_5V_IN 1892/2001 POM_5V_GPU 82/92 POM_5V_CPU 288/397
RAM 1373/3964MB (lfb 8x4MB) SWAP 793/6078MB (cached 34MB) IRAM 0/252kB(lfb 252kB) CPU [6%@921,8%@921,off,off] EMC_FREQ 0%@1600 GR3D_FREQ 0%@614 APE 25 PLL@30C CPU@31C iwlwifi@32C PMIC@50C GPU@29.5C AO@40.5C thermal@31C POM_5V_IN 1731/2001 POM_5V_GPU 82/92 POM_5V_CPU 164/397
RAM 1373/3964MB (lfb 8x4MB) SWAP 793/6078MB (cached 34MB) IRAM 0/252kB(lfb 252kB) CPU [7%@921,7%@921,off,off] EMC_FREQ 0%@1600 GR3D_FREQ 0%@614 APE 25 PLL@29.5C CPU@31.5C iwlwifi@32C PMIC@50C GPU@30C AO@41C thermal@30.75C POM_5V_IN 1731/2000 POM_5V_GPU 82/92 POM_5V_CPU 164/397
RAM 1371/3964MB (lfb 8x4MB) SWAP 793/6078MB (cached 34MB) IRAM 0/252kB(lfb 252kB) CPU [10%@921,3%@921,off,off] EMC_FREQ 0%@1600 GR3D_FREQ 0%@614 APE 25 PLL@30C CPU@31.5C iwlwifi@32C PMIC@50C GPU@29.5C AO@41C thermal@30.5C POM_5V_IN 1689/2000 POM_5V_GPU 82/92 POM_5V_CPU 164/397
RAM 1371/3964MB (lfb 8x4MB) SWAP 793/6078MB (cached 34MB) IRAM 0/252kB(lfb 252kB) CPU [7%@921,7%@921,off,off] EMC_FREQ 0%@1600 GR3D_FREQ 0%@614 APE 25 PLL@29.5C CPU@31.5C iwlwifi@32C PMIC@50C GPU@29.5C AO@40.5C thermal@30.5C POM_5V_IN 1689/2000 POM_5V_GPU 82/92 POM_5V_CPU 164/397
RAM 1365/3964MB (lfb 8x4MB) SWAP 793/6078MB (cached 34MB) IRAM 0/252kB(lfb 252kB) CPU [6%@921,3%@921,off,off] EMC_FREQ 0%@1600 GR3D_FREQ 0%@614 APE 25 PLL@29C CPU@31.5C iwlwifi@32C PMIC@50C GPU@30C AO@41C thermal@30.75C POM_5V_IN 1731/1999 POM_5V_GPU 82/92 POM_5V_CPU 164/396
RAM 1375/3964MB (lfb 8x4MB) SWAP 793/6078MB (cached 34MB) IRAM 0/252kB(lfb 252kB) CPU [9%@921,8%@921,off,off] EMC_FREQ 0%@1600 GR3D_FREQ 0%@614 APE 25 PLL@29.5C CPU@32C iwlwifi@32C PMIC@50C GPU@30C AO@40.5C thermal@30.5C POM_5V_IN 2136/2000 POM_5V_GPU 82/92 POM_5V_CPU 533/397
RAM 1369/3964MB (lfb 8x4MB) SWAP 793/6078MB (cached 34MB) IRAM 0/252kB(lfb 252kB) CPU [6%@921,4%@921,off,off] EMC_FREQ 0%@1600 GR3D_FREQ 0%@614 APE 25 PLL@29.5C CPU@31.5C iwlwifi@32C PMIC@50C GPU@29.5C AO@41C thermal@30.5C POM_5V_IN 1731/1999 POM_5V_GPU 82/92 POM_5V_CPU 164/396
RAM 1369/3964MB (lfb 8x4MB) SWAP 793/6078MB (cached 34MB) IRAM 0/252kB(lfb 252kB) CPU [9%@921,5%@921,off,off] EMC_FREQ 0%@1600 GR3D_FREQ 0%@614 APE 25 PLL@29.5C CPU@31.5C iwlwifi@32C PMIC@50C GPU@29.5C AO@41C thermal@30.5C POM_5V_IN 2133/1999 POM_5V_GPU 82/92 POM_5V_CPU 574/396
RAM 1393/3964MB (lfb 8x4MB) SWAP 792/6078MB (cached 34MB) IRAM 0/252kB(lfb 252kB) CPU [12%@921,12%@921,off,off] EMC_FREQ 0%@1600 GR3D_FREQ 0%@614 APE 25 PLL@30C CPU@31C iwlwifi@32C PMIC@50C GPU@30C AO@41.5C thermal@30.75C POM_5V_IN 2133/2000 POM_5V_GPU 82/92 POM_5V_CPU 574/397
RAM 1383/3964MB (lfb 8x4MB) SWAP 792/6078MB (cached 34MB) IRAM 0/252kB(lfb 252kB) CPU [20%@921,19%@921,off,off] EMC_FREQ 0%@1600 GR3D_FREQ 0%@614 APE 25 PLL@30C CPU@31.5C iwlwifi@32C PMIC@50C GPU@29.5C AO@41C thermal@30.75C POM_5V_IN 2576/2000 POM_5V_GPU 81/92 POM_5V_CPU 817/397
RAM 1381/3964MB (lfb 8x4MB) SWAP 792/6078MB (cached 34MB) IRAM 0/252kB(lfb 252kB) CPU [6%@921,8%@921,off,off] EMC_FREQ 0%@1600 GR3D_FREQ 0%@614 APE 25 PLL@30C CPU@31.5C iwlwifi@32C PMIC@50C GPU@30C AO@41C thermal@30.75C POM_5V_IN 2331/2000 POM_5V_GPU 81/92 POM_5V_CPU 613/397
RAM 1382/3964MB (lfb 8x4MB) SWAP 792/6078MB (cached 34MB) IRAM 0/252kB(lfb 252kB) CPU [5%@921,9%@921,off,off] EMC_FREQ 0%@1600 GR3D_FREQ 0%@614 APE 25 PLL@29.5C CPU@31.5C iwlwifi@32C PMIC@50C GPU@29.5C AO@41C thermal@31C POM_5V_IN 1772/2000 POM_5V_GPU 82/92 POM_5V_CPU 206/397
RAM 1379/3964MB (lfb 8x4MB) SWAP 792/6078MB (cached 34MB) IRAM 0/252kB(lfb 252kB) CPU [7%@921,6%@921,off,off] EMC_FREQ 0%@1600 GR3D_FREQ 0%@614 APE 25 PLL@29.5C CPU@31.5C iwlwifi@32C PMIC@50C GPU@30C AO@41C thermal@30.75C POM_5V_IN 1731/2000 POM_5V_GPU 82/92 POM_5V_CPU 164/397
RAM 1381/3964MB (lfb 8x4MB) SWAP 792/6078MB (cached 34MB) IRAM 0/252kB(lfb 252kB) CPU [6%@921,8%@921,off,off] EMC_FREQ 0%@1600 GR3D_FREQ 0%@614 APE 25 PLL@29.5C CPU@31.5C iwlwifi@32C PMIC@50C GPU@29.5C AO@40.5C thermal@30.75C POM_5V_IN 1731/2000 POM_5V_GPU 82/92 POM_5V_CPU 164/397
RAM 1382/3964MB (lfb 8x4MB) SWAP 792/6078MB (cached 34MB) IRAM 0/252kB(lfb 252kB) CPU [5%@921,8%@921,off,off] EMC_FREQ 0%@1600 GR3D_FREQ 0%@614 APE 25 PLL@29.5C CPU@31.5C iwlwifi@32C PMIC@50C GPU@29.5C AO@40.5C thermal@30.5C POM_5V_IN 1731/1999 POM_5V_GPU 82/92 POM_5V_CPU 164/396
RAM 1379/3964MB (lfb 8x4MB) SWAP 792/6078MB (cached 34MB) IRAM 0/252kB(lfb 252kB) CPU [7%@921,6%@921,off,off] EMC_FREQ 0%@1600 GR3D_FREQ 0%@614 APE 25 PLL@29.5C CPU@32C iwlwifi@32C PMIC@50C GPU@29.5C AO@40.5C thermal@30.75C POM_5V_IN 1689/1999 POM_5V_GPU 82/92 POM_5V_CPU 164/396
RAM 1373/3964MB (lfb 8x4MB) SWAP 792/6078MB (cached 34MB) IRAM 0/252kB(lfb 252kB) CPU [6%@921,4%@921,off,off] EMC_FREQ 0%@1600 GR3D_FREQ 0%@614 APE 25 PLL@29.5C CPU@31.5C iwlwifi@32C PMIC@50C GPU@30C AO@40.5C thermal@30.5C POM_5V_IN 1689/1999 POM_5V_GPU 82/92 POM_5V_CPU 164/396
RAM 1383/3964MB (lfb 8x4MB) SWAP 792/6078MB (cached 34MB) IRAM 0/252kB(lfb 252kB) CPU [9%@921,8%@921,off,off] EMC_FREQ 0%@1600 GR3D_FREQ 0%@614 APE 25 PLL@29.5C CPU@32C iwlwifi@32C PMIC@50C GPU@30C AO@40.5C thermal@30.5C POM_5V_IN 2095/1999 POM_5V_GPU 82/92 POM_5V_CPU 533/396
RAM 1378/3964MB (lfb 8x4MB) SWAP 792/6078MB (cached 34MB) IRAM 0/252kB(lfb 252kB) CPU [7%@921,5%@921,off,off] EMC_FREQ 0%@1600 GR3D_FREQ 0%@614 APE 25 PLL@29.5C CPU@31.5C iwlwifi@32C PMIC@50C GPU@30C AO@41C thermal@30.25C POM_5V_IN 1689/1999 POM_5V_GPU 82/92 POM_5V_CPU 164/396
RAM 1379/3964MB (lfb 8x4MB) SWAP 792/6078MB (cached 34MB) IRAM 0/252kB(lfb 252kB) CPU [7%@921,7%@921,off,off] EMC_FREQ 0%@1600 GR3D_FREQ 0%@614 APE 25 PLL@30C CPU@31.5C iwlwifi@33C PMIC@50C GPU@29.5C AO@40.5C thermal@30.75C POM_5V_IN 2174/1999 POM_5V_GPU 82/92 POM_5V_CPU 574/396
RAM 1379/3964MB (lfb 8x4MB) SWAP 792/6078MB (cached 34MB) IRAM 0/252kB(lfb 252kB) CPU [7%@921,8%@921,off,off] EMC_FREQ 0%@1600 GR3D_FREQ 0%@614 APE 25 PLL@30C CPU@31.5C iwlwifi@32C PMIC@50C GPU@30C AO@40.5C thermal@30.75C POM_5V_IN 2174/1999 POM_5V_GPU 82/92 POM_5V_CPU 451/396
RAM 1383/3964MB (lfb 8x4MB) SWAP 792/6078MB (cached 34MB) IRAM 0/252kB(lfb 252kB) CPU [10%@921,4%@921,off,off] EMC_FREQ 0%@1600 GR3D_FREQ 0%@614 APE 25 PLL@30C CPU@31.5C iwlwifi@32C PMIC@50C GPU@29.5C AO@41C thermal@30.5C POM_5V_IN 2293/1999 POM_5V_GPU 81/92 POM_5V_CPU 573/396
RAM 1381/3964MB (lfb 8x4MB) SWAP 792/6078MB (cached 34MB) IRAM 0/252kB(lfb 252kB) CPU [7%@921,8%@921,off,off] EMC_FREQ 0%@1600 GR3D_FREQ 0%@614 APE 25 PLL@30C CPU@31.5C iwlwifi@32C PMIC@50C GPU@30C AO@41C thermal@30.5C POM_5V_IN 1934/1999 POM_5V_GPU 82/92 POM_5V_CPU 329/396
RAM 1381/3964MB (lfb 8x4MB) SWAP 792/6078MB (cached 34MB) IRAM 0/252kB(lfb 252kB) CPU [4%@921,9%@921,off,off] EMC_FREQ 0%@1600 GR3D_FREQ 0%@614 APE 25 PLL@30C CPU@31.5C iwlwifi@32C PMIC@50C GPU@29.5C AO@41C thermal@30.5C POM_5V_IN 1731/1999 POM_5V_GPU 82/92 POM_5V_CPU 164/396
RAM 1379/3964MB (lfb 8x4MB) SWAP 792/6078MB (cached 34MB) IRAM 0/252kB(lfb 252kB) CPU [7%@921,7%@921,off,off] EMC_FREQ 0%@1600 GR3D_FREQ 0%@614 APE 25 PLL@29.5C CPU@32C iwlwifi@32C PMIC@50C GPU@29.5C AO@41C thermal@30.5C POM_5V_IN 1689/1999 POM_5V_GPU 82/92 POM_5V_CPU 164/396
RAM 1379/3964MB (lfb 8x4MB) SWAP 792/6078MB (cached 34MB) IRAM 0/252kB(lfb 252kB) CPU [9%@921,4%@921,off,off] EMC_FREQ 0%@1600 GR3D_FREQ 0%@614 APE 25 PLL@30C CPU@31.5C iwlwifi@32C PMIC@50C GPU@29.5C AO@40.5C thermal@30.75C POM_5V_IN 1731/1999 POM_5V_GPU 82/92 POM_5V_CPU 164/396
RAM 1379/3964MB (lfb 8x4MB) SWAP 792/6078MB (cached 34MB) IRAM 0/252kB(lfb 252kB) CPU [7%@921,7%@921,off,off] EMC_FREQ 0%@1600 GR3D_FREQ 0%@614 APE 25 PLL@29C CPU@31.5C iwlwifi@32C PMIC@50C GPU@29.5C AO@40.5C thermal@30.5C POM_5V_IN 1689/1998 POM_5V_GPU 82/92 POM_5V_CPU 164/395
RAM 1379/3964MB (lfb 8x4MB) SWAP 792/6078MB (cached 34MB) IRAM 0/252kB(lfb 252kB) CPU [8%@921,5%@921,off,off] EMC_FREQ 0%@1600 GR3D_FREQ 0%@614 APE 25 PLL@29.5C CPU@31.5C iwlwifi@32C PMIC@50C GPU@29.5C AO@41C thermal@30.5C POM_5V_IN 1689/1998 POM_5V_GPU 82/92 POM_5V_CPU 164/395
RAM 1376/3964MB (lfb 8x4MB) SWAP 792/6078MB (cached 34MB) IRAM 0/252kB(lfb 252kB) CPU [6%@921,4%@921,off,off] EMC_FREQ 0%@1600 GR3D_FREQ 0%@614 APE 25 PLL@29.5C CPU@31.5C iwlwifi@32C PMIC@50C GPU@29.5C AO@41C thermal@30.75C POM_5V_IN 1731/1998 POM_5V_GPU 82/92 POM_5V_CPU 164/395
RAM 1383/3964MB (lfb 8x4MB) SWAP 792/6078MB (cached 34MB) IRAM 0/252kB(lfb 252kB) CPU [7%@921,9%@921,off,off] EMC_FREQ 0%@1600 GR3D_FREQ 0%@614 APE 25 PLL@30C CPU@32C iwlwifi@32C PMIC@50C GPU@29.5C AO@40.5C thermal@31C POM_5V_IN 2133/1998 POM_5V_GPU 82/92 POM_5V_CPU 574/395
RAM 1376/3964MB (lfb 8x4MB) SWAP 792/6078MB (cached 34MB) IRAM 0/252kB(lfb 252kB) CPU [5%@921,6%@921,off,off] EMC_FREQ 0%@1600 GR3D_FREQ 0%@614 APE 25 PLL@29.5C CPU@31.5C iwlwifi@32C PMIC@50C GPU@29.5C AO@41C thermal@30.5C POM_5V_IN 1689/1998 POM_5V_GPU 82/92 POM_5V_CPU 164/395
RAM 1376/3964MB (lfb 8x4MB) SWAP 792/6078MB (cached 34MB) IRAM 0/252kB(lfb 252kB) CPU [6%@921,6%@921,off,off] EMC_FREQ 0%@1600 GR3D_FREQ 0%@614 APE 25 PLL@30C CPU@32C iwlwifi@32C PMIC@50C GPU@30C AO@41C thermal@30.5C POM_5V_IN 2256/1998 POM_5V_GPU 82/92 POM_5V_CPU 615/395
RAM 1383/3964MB (lfb 8x4MB) SWAP 792/6078MB (cached 34MB) IRAM 0/252kB(lfb 252kB) CPU [7%@921,9%@921,off,off] EMC_FREQ 0%@1600 GR3D_FREQ 0%@614 APE 25 PLL@30C CPU@31.5C iwlwifi@32C PMIC@50C GPU@29.5C AO@40.5C thermal@30.75C POM_5V_IN 2136/1998 POM_5V_GPU 82/92 POM_5V_CPU 533/395
RAM 1375/3964MB (lfb 8x4MB) SWAP 792/6078MB (cached 34MB) IRAM 0/252kB(lfb 252kB) CPU [7%@921,4%@921,off,off] EMC_FREQ 0%@1600 GR3D_FREQ 0%@614 APE 25 PLL@29.5C CPU@31C iwlwifi@32C PMIC@50C GPU@30C AO@40.5C thermal@30.5C POM_5V_IN 1689/1998 POM_5V_GPU 82/92 POM_5V_CPU 164/395
RAM 1378/3964MB (lfb 8x4MB) SWAP 792/6078MB (cached 34MB) IRAM 0/252kB(lfb 252kB) CPU [8%@921,5%@921,off,off] EMC_FREQ 0%@1600 GR3D_FREQ 0%@614 APE 25 PLL@30C CPU@32C iwlwifi@33C PMIC@50C GPU@29.5C AO@40.5C thermal@30.75C POM_5V_IN 2133/1998 POM_5V_GPU 82/92 POM_5V_CPU 533/395
RAM 1381/3964MB (lfb 8x4MB) SWAP 792/6078MB (cached 34MB) IRAM 0/252kB(lfb 252kB) CPU [7%@921,8%@921,off,off] EMC_FREQ 0%@1600 GR3D_FREQ 0%@614 APE 25 PLL@30C CPU@31.5C iwlwifi@32C PMIC@50C GPU@30C AO@41C thermal@31C POM_5V_IN 2133/1998 POM_5V_GPU 82/92 POM_5V_CPU 533/395
RAM 1385/3964MB (lfb 8x4MB) SWAP 792/6078MB (cached 34MB) IRAM 0/252kB(lfb 252kB) CPU [8%@921,8%@921,off,off] EMC_FREQ 0%@1600 GR3D_FREQ 0%@614 APE 25 PLL@30C CPU@31.5C iwlwifi@32C PMIC@50C GPU@30C AO@41C thermal@30.5C POM_5V_IN 2174/1998 POM_5V_GPU 82/92 POM_5V_CPU 533/395
RAM 1383/3964MB (lfb 8x4MB) SWAP 792/6078MB (cached 34MB) IRAM 0/252kB(lfb 252kB) CPU [6%@921,8%@921,off,off] EMC_FREQ 0%@1600 GR3D_FREQ 0%@614 APE 25 PLL@29.5C CPU@31.5C iwlwifi@32C PMIC@50C GPU@30C AO@41C thermal@30.75C POM_5V_IN 1972/1998 POM_5V_GPU 82/92 POM_5V_CPU 369/395
RAM 1383/3964MB (lfb 8x4MB) SWAP 792/6078MB (cached 34MB) IRAM 0/252kB(lfb 252kB) CPU [9%@921,5%@921,off,off] EMC_FREQ 0%@1600 GR3D_FREQ 0%@614 APE 25 PLL@29.5C CPU@31.5C iwlwifi@32C PMIC@50C GPU@30C AO@41C thermal@30.75C POM_5V_IN 1731/1998 POM_5V_GPU 82/92 POM_5V_CPU 206/395
RAM 1385/3964MB (lfb 8x4MB) SWAP 792/6078MB (cached 34MB) IRAM 0/252kB(lfb 252kB) CPU [8%@921,5%@921,off,off] EMC_FREQ 0%@1600 GR3D_FREQ 0%@614 APE 25 PLL@29.5C CPU@32C iwlwifi@32C PMIC@50C GPU@30C AO@40.5C thermal@31C POM_5V_IN 1772/1998 POM_5V_GPU 82/92 POM_5V_CPU 206/395
RAM 1383/3964MB (lfb 8x4MB) SWAP 792/6078MB (cached 34MB) IRAM 0/252kB(lfb 252kB) CPU [7%@921,6%@921,off,off] EMC_FREQ 0%@1600 GR3D_FREQ 0%@614 APE 25 PLL@30C CPU@32C iwlwifi@32C PMIC@50C GPU@30.5C AO@41C thermal@30.5C POM_5V_IN 2215/1998 POM_5V_GPU 82/92 POM_5V_CPU 574/395
RAM 1379/3964MB (lfb 8x4MB) SWAP 792/6078MB (cached 34MB) IRAM 0/252kB(lfb 252kB) CPU [8%@921,7%@921,off,off] EMC_FREQ 0%@1600 GR3D_FREQ 0%@614 APE 25 PLL@30C CPU@31.5C iwlwifi@32C PMIC@50C GPU@30C AO@41C thermal@31C POM_5V_IN 1848/1998 POM_5V_GPU 82/92 POM_5V_CPU 287/395
RAM 1383/3964MB (lfb 8x4MB) SWAP 792/6078MB (cached 34MB) IRAM 0/252kB(lfb 252kB) CPU [7%@921,7%@921,off,off] EMC_FREQ 0%@1600 GR3D_FREQ 0%@614 APE 25 PLL@30C CPU@32C iwlwifi@32C PMIC@50C GPU@30C AO@41C thermal@30.5C POM_5V_IN 1728/1997 POM_5V_GPU 82/92 POM_5V_CPU 164/395
RAM 1381/3964MB (lfb 8x4MB) SWAP 792/6078MB (cached 34MB) IRAM 0/252kB(lfb 252kB) CPU [6%@921,7%@921,off,off] EMC_FREQ 0%@1600 GR3D_FREQ 0%@614 APE 25 PLL@29.5C CPU@31C iwlwifi@32C PMIC@50C GPU@30C AO@40.5C thermal@30.75C POM_5V_IN 1689/1997 POM_5V_GPU 82/92 POM_5V_CPU 164/395
RAM 1381/3964MB (lfb 8x4MB) SWAP 792/6078MB (cached 34MB) IRAM 0/252kB(lfb 252kB) CPU [8%@921,5%@921,off,off] EMC_FREQ 0%@1600 GR3D_FREQ 0%@614 APE 25 PLL@29.5C CPU@31.5C iwlwifi@32C PMIC@50C GPU@30C AO@40.5C thermal@30.75C POM_5V_IN 1689/1997 POM_5V_GPU 82/92 POM_5V_CPU 123/394
RAM 1379/3964MB (lfb 8x4MB) SWAP 792/6078MB (cached 34MB) IRAM 0/252kB(lfb 252kB) CPU [8%@921,6%@921,off,off] EMC_FREQ 0%@1600 GR3D_FREQ 0%@614 APE 25 PLL@30C CPU@31C iwlwifi@32C PMIC@50C GPU@29.5C AO@41C thermal@30.5C POM_5V_IN 1689/1997 POM_5V_GPU 82/92 POM_5V_CPU 164/394
RAM 1370/3964MB (lfb 8x4MB) SWAP 792/6078MB (cached 34MB) IRAM 0/252kB(lfb 252kB) CPU [4%@921,4%@921,off,off] EMC_FREQ 0%@1600 GR3D_FREQ 0%@614 APE 25 PLL@29.5C CPU@31.5C iwlwifi@32C PMIC@50C GPU@29.5C AO@41C thermal@31C POM_5V_IN 1772/1996 POM_5V_GPU 82/92 POM_5V_CPU 206/394
RAM 1379/3964MB (lfb 8x4MB) SWAP 792/6078MB (cached 34MB) IRAM 0/252kB(lfb 252kB) CPU [8%@921,9%@921,off,off] EMC_FREQ 0%@1600 GR3D_FREQ 0%@614 APE 25 PLL@29.5C CPU@32C iwlwifi@32C PMIC@50C GPU@29.5C AO@40.5C thermal@30.75C POM_5V_IN 2095/1996 POM_5V_GPU 82/92 POM_5V_CPU 533/394
RAM 1375/3964MB (lfb 8x4MB) SWAP 792/6078MB (cached 34MB) IRAM 0/252kB(lfb 252kB) CPU [7%@921,4%@921,off,off] EMC_FREQ 0%@1600 GR3D_FREQ 0%@614 APE 25 PLL@30C CPU@31.5C iwlwifi@32C PMIC@50C GPU@30C AO@41C thermal@30.5C POM_5V_IN 1689/1996 POM_5V_GPU 82/92 POM_5V_CPU 164/394
RAM 1381/3964MB (lfb 8x4MB) SWAP 792/6078MB (cached 34MB) IRAM 0/252kB(lfb 252kB) CPU [6%@921,8%@921,off,off] EMC_FREQ 0%@1600 GR3D_FREQ 0%@614 APE 25 PLL@29.5C CPU@31.5C iwlwifi@32C PMIC@50C GPU@30C AO@40.5C thermal@30.75C POM_5V_IN 2133/1996 POM_5V_GPU 82/92 POM_5V_CPU 533/394
RAM 1377/3964MB (lfb 8x4MB) SWAP 792/6078MB (cached 34MB) IRAM 0/252kB(lfb 252kB) CPU [6%@921,7%@921,off,off] EMC_FREQ 0%@1600 GR3D_FREQ 0%@614 APE 25 PLL@30C CPU@31.5C iwlwifi@32C PMIC@50C GPU@30C AO@41C thermal@30.75C POM_5V_IN 2174/1996 POM_5V_GPU 82/92 POM_5V_CPU 492/394
RAM 1383/3964MB (lfb 8x4MB) SWAP 792/6078MB (cached 34MB) IRAM 0/252kB(lfb 252kB) CPU [8%@921,7%@921,off,off] EMC_FREQ 0%@1600 GR3D_FREQ 0%@614 APE 25 PLL@30C CPU@32C iwlwifi@32C PMIC@50C GPU@30C AO@40.5C thermal@30.75C POM_5V_IN 2334/1997 POM_5V_GPU 81/92 POM_5V_CPU 573/394
RAM 1383/3964MB (lfb 8x4MB) SWAP 792/6078MB (cached 34MB) IRAM 0/252kB(lfb 252kB) CPU [6%@921,9%@921,off,off] EMC_FREQ 0%@1600 GR3D_FREQ 0%@614 APE 25 PLL@30C CPU@32C iwlwifi@32C PMIC@50C GPU@30C AO@41C thermal@30.75C POM_5V_IN 2457/1997 POM_5V_GPU 81/92 POM_5V_CPU 613/395
RAM 1381/3964MB (lfb 8x4MB) SWAP 792/6078MB (cached 34MB) IRAM 0/252kB(lfb 252kB) CPU [7%@921,6%@921,off,off] EMC_FREQ 0%@1600 GR3D_FREQ 0%@614 APE 25 PLL@29.5C CPU@31.5C iwlwifi@32C PMIC@50C GPU@30C AO@41C thermal@30.75C POM_5V_IN 1772/1997 POM_5V_GPU 82/92 POM_5V_CPU 206/394
RAM 1383/3964MB (lfb 8x4MB) SWAP 792/6078MB (cached 34MB) IRAM 0/252kB(lfb 252kB) CPU [8%@921,8%@921,off,off] EMC_FREQ 0%@1600 GR3D_FREQ 0%@614 APE 25 PLL@29.5C CPU@31.5C iwlwifi@32C PMIC@50C GPU@30C AO@41C thermal@30.75C POM_5V_IN 1731/1997 POM_5V_GPU 82/92 POM_5V_CPU 164/394
RAM 1379/3964MB (lfb 8x4MB) SWAP 792/6078MB (cached 34MB) IRAM 0/252kB(lfb 252kB) CPU [5%@921,8%@921,off,off] EMC_FREQ 0%@1600 GR3D_FREQ 0%@614 APE 25 PLL@29.5C CPU@31.5C iwlwifi@32C PMIC@50C GPU@30C AO@40.5C thermal@30.75C POM_5V_IN 1689/1996 POM_5V_GPU 82/92 POM_5V_CPU 164/394
RAM 1379/3964MB (lfb 8x4MB) SWAP 792/6078MB (cached 34MB) IRAM 0/252kB(lfb 252kB) CPU [6%@921,8%@921,off,off] EMC_FREQ 0%@1600 GR3D_FREQ 0%@614 APE 25 PLL@30C CPU@31.5C iwlwifi@32C PMIC@50C GPU@30C AO@40.5C thermal@31C POM_5V_IN 1731/1996 POM_5V_GPU 82/92 POM_5V_CPU 164/394
RAM 1383/3964MB (lfb 8x4MB) SWAP 792/6078MB (cached 34MB) IRAM 0/252kB(lfb 252kB) CPU [8%@921,5%@921,off,off] EMC_FREQ 0%@1600 GR3D_FREQ 0%@614 APE 25 PLL@29C CPU@32C iwlwifi@32C PMIC@50C GPU@30C AO@40.5C thermal@30.75C POM_5V_IN 1689/1996 POM_5V_GPU 82/92 POM_5V_CPU 164/394
RAM 1374/3964MB (lfb 8x4MB) SWAP 792/6078MB (cached 34MB) IRAM 0/252kB(lfb 252kB) CPU [4%@921,6%@921,off,off] EMC_FREQ 0%@1600 GR3D_FREQ 0%@614 APE 25 PLL@30C CPU@31.5C iwlwifi@32C PMIC@50C GPU@29.5C AO@41C thermal@31C POM_5V_IN 1689/1996 POM_5V_GPU 82/92 POM_5V_CPU 164/393
RAM 1381/3964MB (lfb 8x4MB) SWAP 792/6078MB (cached 34MB) IRAM 0/252kB(lfb 252kB) CPU [7%@921,10%@921,off,off] EMC_FREQ 0%@1600 GR3D_FREQ 0%@614 APE 25 PLL@30C CPU@32C iwlwifi@32C PMIC@50C GPU@30C AO@41C thermal@31C POM_5V_IN 2136/1996 POM_5V_GPU 82/92 POM_5V_CPU 533/394
RAM 1376/3964MB (lfb 8x4MB) SWAP 792/6078MB (cached 34MB) IRAM 0/252kB(lfb 252kB) CPU [6%@921,6%@921,off,off] EMC_FREQ 0%@1600 GR3D_FREQ 0%@614 APE 25 PLL@29.5C CPU@31.5C iwlwifi@32C PMIC@50C GPU@30C AO@41C thermal@30.75C POM_5V_IN 1689/1996 POM_5V_GPU 82/92 POM_5V_CPU 164/393
RAM 1379/3964MB (lfb 8x4MB) SWAP 792/6078MB (cached 34MB) IRAM 0/252kB(lfb 252kB) CPU [6%@921,9%@921,off,off] EMC_FREQ 0%@1600 GR3D_FREQ 0%@614 APE 25 PLL@30C CPU@31.5C iwlwifi@32C PMIC@50C GPU@30C AO@41C thermal@31C POM_5V_IN 2174/1996 POM_5V_GPU 82/91 POM_5V_CPU 574/393
RAM 1383/3964MB (lfb 8x4MB) SWAP 792/6078MB (cached 34MB) IRAM 0/252kB(lfb 252kB) CPU [7%@921,6%@921,off,off] EMC_FREQ 0%@1600 GR3D_FREQ 0%@614 APE 25 PLL@30C CPU@32C iwlwifi@32C PMIC@50C GPU@30C AO@41C thermal@31C POM_5V_IN 2297/1996 POM_5V_GPU 82/91 POM_5V_CPU 573/394
RAM 1383/3964MB (lfb 8x4MB) SWAP 792/6078MB (cached 34MB) IRAM 0/252kB(lfb 252kB) CPU [7%@921,8%@921,off,off] EMC_FREQ 0%@1600 GR3D_FREQ 0%@614 APE 25 PLL@30C CPU@32C iwlwifi@32C PMIC@50C GPU@30C AO@40.5C thermal@30.75C POM_5V_IN 2334/1996 POM_5V_GPU 81/91 POM_5V_CPU 614/394
RAM 1387/3964MB (lfb 8x4MB) SWAP 792/6078MB (cached 34MB) IRAM 0/252kB(lfb 252kB) CPU [8%@921,6%@921,off,off] EMC_FREQ 0%@1600 GR3D_FREQ 0%@614 APE 25 PLL@30C CPU@31.5C iwlwifi@32C PMIC@50C GPU@30C AO@41C thermal@30.75C POM_5V_IN 1892/1996 POM_5V_GPU 82/91 POM_5V_CPU 288/394
RAM 1379/3964MB (lfb 8x4MB) SWAP 792/6078MB (cached 34MB) IRAM 0/252kB(lfb 252kB) CPU [6%@921,8%@921,off,off] EMC_FREQ 0%@1600 GR3D_FREQ 0%@614 APE 25 PLL@29.5C CPU@31.5C iwlwifi@32C PMIC@50C GPU@29.5C AO@41C thermal@30.75C POM_5V_IN 1810/1996 POM_5V_GPU 82/91 POM_5V_CPU 246/394
RAM 1381/3964MB (lfb 8x4MB) SWAP 792/6078MB (cached 34MB) IRAM 0/252kB(lfb 252kB) CPU [4%@921,9%@921,off,off] EMC_FREQ 0%@1600 GR3D_FREQ 0%@614 APE 25 PLL@29.5C CPU@31C iwlwifi@32C PMIC@50C GPU@30C AO@41C thermal@30.75C POM_5V_IN 1731/1996 POM_5V_GPU 82/91 POM_5V_CPU 164/393
RAM 1379/3964MB (lfb 8x4MB) SWAP 792/6078MB (cached 34MB) IRAM 0/252kB(lfb 252kB) CPU [5%@921,8%@921,off,off] EMC_FREQ 0%@1600 GR3D_FREQ 0%@614 APE 25 PLL@30C CPU@31.5C iwlwifi@32C PMIC@50C GPU@30C AO@41C thermal@30.5C POM_5V_IN 1687/1996 POM_5V_GPU 82/91 POM_5V_CPU 164/393
RAM 1381/3964MB (lfb 8x4MB) SWAP 792/6078MB (cached 34MB) IRAM 0/252kB(lfb 252kB) CPU [9%@921,4%@921,off,off] EMC_FREQ 0%@1600 GR3D_FREQ 0%@614 APE 25 PLL@29.5C CPU@31.5C iwlwifi@32C PMIC@50C GPU@30C AO@40.5C thermal@30.75C POM_5V_IN 1731/1995 POM_5V_GPU 82/91 POM_5V_CPU 164/393
RAM 1372/3964MB (lfb 8x4MB) SWAP 792/6078MB (cached 34MB) IRAM 0/252kB(lfb 252kB) CPU [4%@921,6%@921,off,off] EMC_FREQ 0%@1600 GR3D_FREQ 0%@614 APE 25 PLL@29.5C CPU@31.5C iwlwifi@32C PMIC@50C GPU@30C AO@41C thermal@30.5C POM_5V_IN 1689/1995 POM_5V_GPU 82/91 POM_5V_CPU 164/393
RAM 1383/3964MB (lfb 8x4MB) SWAP 792/6078MB (cached 34MB) IRAM 0/252kB(lfb 252kB) CPU [10%@921,7%@921,off,off] EMC_FREQ 0%@1600 GR3D_FREQ 0%@614 APE 25 PLL@30C CPU@31C iwlwifi@32C PMIC@50C GPU@30C AO@40.5C thermal@30.5C POM_5V_IN 2136/1995 POM_5V_GPU 82/91 POM_5V_CPU 533/393
RAM 1377/3964MB (lfb 8x4MB) SWAP 792/6078MB (cached 34MB) IRAM 0/252kB(lfb 252kB) CPU [4%@921,6%@921,off,off] EMC_FREQ 0%@1600 GR3D_FREQ 0%@614 APE 25 PLL@29.5C CPU@31.5C iwlwifi@32C PMIC@50C GPU@30C AO@41C thermal@30.5C POM_5V_IN 1689/1995 POM_5V_GPU 82/91 POM_5V_CPU 164/393
RAM 1383/3964MB (lfb 8x4MB) SWAP 792/6078MB (cached 34MB) IRAM 0/252kB(lfb 252kB) CPU [7%@921,8%@921,off,off] EMC_FREQ 0%@1600 GR3D_FREQ 0%@614 APE 25 PLL@30C CPU@31.5C iwlwifi@32C PMIC@50C GPU@30C AO@41C thermal@30.75C POM_5V_IN 2136/1995 POM_5V_GPU 82/91 POM_5V_CPU 533/393
RAM 1382/3964MB (lfb 8x4MB) SWAP 792/6078MB (cached 34MB) IRAM 0/252kB(lfb 252kB) CPU [7%@921,5%@921,off,off] EMC_FREQ 0%@1600 GR3D_FREQ 0%@614 APE 25 PLL@29.5C CPU@32C iwlwifi@32C PMIC@50C GPU@30C AO@41.5C thermal@30.75C POM_5V_IN 1689/1995 POM_5V_GPU 82/91 POM_5V_CPU 164/393
RAM 1383/3964MB (lfb 8x4MB) SWAP 792/6078MB (cached 34MB) IRAM 0/252kB(lfb 252kB) CPU [5%@921,8%@921,off,off] EMC_FREQ 0%@1600 GR3D_FREQ 0%@614 APE 25 PLL@30C CPU@32C iwlwifi@32C PMIC@50C GPU@30C AO@41C thermal@30.75C POM_5V_IN 2334/1995 POM_5V_GPU 81/91 POM_5V_CPU 614/393
RAM 1383/3964MB (lfb 8x4MB) SWAP 792/6078MB (cached 34MB) IRAM 0/252kB(lfb 252kB) CPU [8%@921,6%@921,off,off] EMC_FREQ 0%@1600 GR3D_FREQ 0%@614 APE 25 PLL@29.5C CPU@31.5C iwlwifi@32C PMIC@50C GPU@30C AO@41C thermal@30.5C POM_5V_IN 2215/1995 POM_5V_GPU 82/91 POM_5V_CPU 574/393
RAM 1383/3964MB (lfb 8x4MB) SWAP 792/6078MB (cached 34MB) IRAM 0/252kB(lfb 252kB) CPU [7%@921,7%@921,off,off] EMC_FREQ 0%@1600 GR3D_FREQ 0%@614 APE 25 PLL@30C CPU@31.5C iwlwifi@32C PMIC@50C GPU@30C AO@41C thermal@30.5C POM_5V_IN 2095/1995 POM_5V_GPU 82/91 POM_5V_CPU 451/393
RAM 1379/3964MB (lfb 8x4MB) SWAP 792/6078MB (cached 34MB) IRAM 0/252kB(lfb 252kB) CPU [6%@921,7%@921,off,off] EMC_FREQ 0%@1600 GR3D_FREQ 0%@614 APE 25 PLL@29.5C CPU@31.5C iwlwifi@32C PMIC@50C GPU@30C AO@40.5C thermal@30.75C POM_5V_IN 1731/1995 POM_5V_GPU 82/91 POM_5V_CPU 164/393
RAM 1383/3964MB (lfb 8x4MB) SWAP 792/6078MB (cached 34MB) IRAM 0/252kB(lfb 252kB) CPU [7%@921,6%@921,off,off] EMC_FREQ 0%@1600 GR3D_FREQ 0%@614 APE 25 PLL@30C CPU@31.5C iwlwifi@32C PMIC@50C GPU@30C AO@40.5C thermal@30.75C POM_5V_IN 1689/1995 POM_5V_GPU 82/91 POM_5V_CPU 164/393
RAM 1379/3964MB (lfb 8x4MB) SWAP 792/6078MB (cached 34MB) IRAM 0/252kB(lfb 252kB) CPU [7%@921,7%@921,off,off] EMC_FREQ 0%@1600 GR3D_FREQ 0%@614 APE 25 PLL@29.5C CPU@31.5C iwlwifi@32C PMIC@50C GPU@29.5C AO@41C thermal@30.5C POM_5V_IN 1731/1995 POM_5V_GPU 82/91 POM_5V_CPU 164/392
RAM 1383/3964MB (lfb 8x4MB) SWAP 792/6078MB (cached 34MB) IRAM 0/252kB(lfb 252kB) CPU [6%@921,8%@921,off,off] EMC_FREQ 0%@1600 GR3D_FREQ 0%@614 APE 25 PLL@29.5C CPU@31C iwlwifi@32C PMIC@50C GPU@29.5C AO@40.5C thermal@30.75C POM_5V_IN 1689/1994 POM_5V_GPU 82/91 POM_5V_CPU 164/392
RAM 1374/3964MB (lfb 8x4MB) SWAP 792/6078MB (cached 34MB) IRAM 0/252kB(lfb 252kB) CPU [4%@921,5%@921,off,off] EMC_FREQ 0%@1600 GR3D_FREQ 0%@614 APE 25 PLL@29.5C CPU@31C iwlwifi@32C PMIC@50C GPU@29.5C AO@41C thermal@30.25C POM_5V_IN 1689/1994 POM_5V_GPU 82/91 POM_5V_CPU 164/392
RAM 1381/3964MB (lfb 8x4MB) SWAP 792/6078MB (cached 34MB) IRAM 0/252kB(lfb 252kB) CPU [9%@921,9%@921,off,off] EMC_FREQ 0%@1600 GR3D_FREQ 0%@614 APE 25 PLL@29.5C CPU@31.5C iwlwifi@32C PMIC@50C GPU@30C AO@40.5C thermal@30.75C POM_5V_IN 2136/1994 POM_5V_GPU 82/91 POM_5V_CPU 533/392
RAM 1377/3964MB (lfb 8x4MB) SWAP 792/6078MB (cached 34MB) IRAM 0/252kB(lfb 252kB) CPU [6%@921,4%@921,off,off] EMC_FREQ 0%@1600 GR3D_FREQ 0%@614 APE 25 PLL@29.5C CPU@31C iwlwifi@32C PMIC@50C GPU@29.5C AO@41C thermal@30.5C POM_5V_IN 1689/1994 POM_5V_GPU 82/91 POM_5V_CPU 123/392
RAM 1379/3964MB (lfb 8x4MB) SWAP 792/6078MB (cached 34MB) IRAM 0/252kB(lfb 252kB) CPU [5%@921,9%@921,off,off] EMC_FREQ 0%@1600 GR3D_FREQ 0%@614 APE 25 PLL@29.5C CPU@31.5C iwlwifi@32C PMIC@50C GPU@30C AO@41C thermal@30.75C POM_5V_IN 2133/1994 POM_5V_GPU 82/91 POM_5V_CPU 574/392
RAM 1381/3964MB (lfb 8x4MB) SWAP 792/6078MB (cached 34MB) IRAM 0/252kB(lfb 252kB) CPU [9%@921,5%@921,off,off] EMC_FREQ 0%@1600 GR3D_FREQ 0%@614 APE 25 PLL@30C CPU@31.5C iwlwifi@32C PMIC@50C GPU@30C AO@41C thermal@30.75C POM_5V_IN 2297/1994 POM_5V_GPU 81/91 POM_5V_CPU 532/392
RAM 1383/3964MB (lfb 8x4MB) SWAP 792/6078MB (cached 34MB) IRAM 0/252kB(lfb 252kB) CPU [10%@921,5%@921,off,off] EMC_FREQ 0%@1600 GR3D_FREQ 0%@614 APE 25 PLL@30C CPU@31.5C iwlwifi@32C PMIC@50C GPU@30C AO@41.5C thermal@30.5C POM_5V_IN 2293/1995 POM_5V_GPU 81/91 POM_5V_CPU 573/392
RAM 1385/3964MB (lfb 8x4MB) SWAP 792/6078MB (cached 34MB) IRAM 0/252kB(lfb 252kB) CPU [8%@921,5%@921,off,off] EMC_FREQ 0%@1600 GR3D_FREQ 0%@614 APE 25 PLL@30C CPU@31.5C iwlwifi@32C PMIC@50C GPU@29.5C AO@41C thermal@30.75C POM_5V_IN 1934/1995 POM_5V_GPU 82/91 POM_5V_CPU 329/392
RAM 1387/3964MB (lfb 8x4MB) SWAP 792/6078MB (cached 34MB) IRAM 0/252kB(lfb 252kB) CPU [9%@921,5%@921,off,off] EMC_FREQ 0%@1600 GR3D_FREQ 0%@614 APE 25 PLL@29.5C CPU@31.5C iwlwifi@33C PMIC@50C GPU@30C AO@41C thermal@30.5C POM_5V_IN 1851/1994 POM_5V_GPU 82/91 POM_5V_CPU 246/392
RAM 1383/3964MB (lfb 8x4MB) SWAP 792/6078MB (cached 34MB) IRAM 0/252kB(lfb 252kB) CPU [9%@921,4%@921,off,off] EMC_FREQ 0%@1600 GR3D_FREQ 0%@614 APE 25 PLL@30C CPU@32C iwlwifi@32C PMIC@50C GPU@29.5C AO@41C thermal@30.25C POM_5V_IN 2133/1995 POM_5V_GPU 82/91 POM_5V_CPU 492/392
RAM 1387/3964MB (lfb 8x4MB) SWAP 792/6078MB (cached 34MB) IRAM 0/252kB(lfb 252kB) CPU [9%@921,5%@921,off,off] EMC_FREQ 0%@1600 GR3D_FREQ 0%@614 APE 25 PLL@29.5C CPU@31.5C iwlwifi@32C PMIC@50C GPU@30C AO@41C thermal@30.75C POM_5V_IN 2211/1995 POM_5V_GPU 81/91 POM_5V_CPU 573/392
RAM 1384/3964MB (lfb 8x4MB) SWAP 792/6078MB (cached 34MB) IRAM 0/252kB(lfb 252kB) CPU [5%@921,8%@921,off,off] EMC_FREQ 0%@1600 GR3D_FREQ 0%@614 APE 25 PLL@29.5C CPU@31C iwlwifi@32C PMIC@50C GPU@30C AO@41C thermal@30.5C POM_5V_IN 1810/1995 POM_5V_GPU 82/91 POM_5V_CPU 246/392
RAM 1383/3964MB (lfb 8x4MB) SWAP 792/6078MB (cached 34MB) IRAM 0/252kB(lfb 252kB) CPU [7%@921,6%@921,off,off] EMC_FREQ 0%@1600 GR3D_FREQ 0%@614 APE 25 PLL@29.5C CPU@31.5C iwlwifi@32C PMIC@50C GPU@29.5C AO@41.5C thermal@30.5C POM_5V_IN 1772/1994 POM_5V_GPU 82/91 POM_5V_CPU 205/392
RAM 1385/3964MB (lfb 8x4MB) SWAP 792/6078MB (cached 34MB) IRAM 0/252kB(lfb 252kB) CPU [7%@921,7%@921,off,off] EMC_FREQ 0%@1600 GR3D_FREQ 0%@614 APE 25 PLL@29.5C CPU@31.5C iwlwifi@32C PMIC@50C GPU@29.5C AO@41C thermal@30.5C POM_5V_IN 1731/1994 POM_5V_GPU 82/91 POM_5V_CPU 164/392
RAM 1381/3964MB (lfb 8x4MB) SWAP 792/6078MB (cached 34MB) IRAM 0/252kB(lfb 252kB) CPU [5%@921,9%@921,off,off] EMC_FREQ 0%@1600 GR3D_FREQ 0%@614 APE 25 PLL@29.5C CPU@31C iwlwifi@32C PMIC@50C GPU@29.5C AO@41C thermal@30.75C POM_5V_IN 1689/1994 POM_5V_GPU 82/91 POM_5V_CPU 164/392
RAM 1381/3964MB (lfb 8x4MB) SWAP 792/6078MB (cached 34MB) IRAM 0/252kB(lfb 252kB) CPU [8%@921,6%@921,off,off] EMC_FREQ 0%@1600 GR3D_FREQ 0%@614 APE 25 PLL@30C CPU@31C iwlwifi@32C PMIC@50C GPU@29.5C AO@40.5C thermal@30.5C POM_5V_IN 1731/1994 POM_5V_GPU 82/91 POM_5V_CPU 164/392
RAM 1385/3964MB (lfb 8x4MB) SWAP 792/6078MB (cached 34MB) IRAM 0/252kB(lfb 252kB) CPU [7%@921,6%@921,off,off] EMC_FREQ 0%@1600 GR3D_FREQ 0%@614 APE 25 PLL@29.5C CPU@31.5C iwlwifi@32C PMIC@50C GPU@29.5C AO@41C thermal@30.5C POM_5V_IN 1689/1993 POM_5V_GPU 82/91 POM_5V_CPU 164/391
RAM 1374/3964MB (lfb 8x4MB) SWAP 792/6078MB (cached 34MB) IRAM 0/252kB(lfb 252kB) CPU [7%@921,4%@921,off,off] EMC_FREQ 0%@1600 GR3D_FREQ 0%@614 APE 25 PLL@30C CPU@31C iwlwifi@32C PMIC@50C GPU@30C AO@40.5C thermal@30.5C POM_5V_IN 1689/1993 POM_5V_GPU 82/91 POM_5V_CPU 164/391
RAM 1385/3964MB (lfb 8x4MB) SWAP 792/6078MB (cached 34MB) IRAM 0/252kB(lfb 252kB) CPU [8%@921,8%@921,off,off] EMC_FREQ 0%@1600 GR3D_FREQ 0%@614 APE 25 PLL@30C CPU@31.5C iwlwifi@32C PMIC@50C GPU@30C AO@41C thermal@30.25C POM_5V_IN 2136/1993 POM_5V_GPU 82/91 POM_5V_CPU 533/391
RAM 1376/3964MB (lfb 8x4MB) SWAP 792/6078MB (cached 34MB) IRAM 0/252kB(lfb 252kB) CPU [4%@921,6%@921,off,off] EMC_FREQ 0%@1600 GR3D_FREQ 0%@614 APE 25 PLL@30C CPU@31C iwlwifi@33C PMIC@50C GPU@29.5C AO@41C thermal@30.75C POM_5V_IN 1689/1993 POM_5V_GPU 82/91 POM_5V_CPU 164/391
RAM 1380/3964MB (lfb 8x4MB) SWAP 792/6078MB (cached 34MB) IRAM 0/252kB(lfb 252kB) CPU [9%@921,5%@921,off,off] EMC_FREQ 0%@1600 GR3D_FREQ 0%@614 APE 25 PLL@30C CPU@31.5C iwlwifi@32C PMIC@50C GPU@29.5C AO@40.5C thermal@30.5C POM_5V_IN 2133/1993 POM_5V_GPU 82/91 POM_5V_CPU 533/391
RAM 1387/3964MB (lfb 8x4MB) SWAP 792/6078MB (cached 34MB) IRAM 0/252kB(lfb 252kB) CPU [7%@921,7%@921,off,off] EMC_FREQ 0%@1600 GR3D_FREQ 0%@614 APE 25 PLL@30C CPU@32C iwlwifi@32C PMIC@50C GPU@29.5C AO@40.5C thermal@30.5C POM_5V_IN 2256/1993 POM_5V_GPU 82/91 POM_5V_CPU 614/391
RAM 1381/3964MB (lfb 8x4MB) SWAP 792/6078MB (cached 34MB) IRAM 0/252kB(lfb 252kB) CPU [7%@921,6%@921,off,off] EMC_FREQ 0%@1600 GR3D_FREQ 0%@614 APE 25 PLL@30C CPU@31.5C iwlwifi@32C PMIC@50C GPU@30C AO@40.5C thermal@31C POM_5V_IN 1972/1993 POM_5V_GPU 82/91 POM_5V_CPU 369/391
RAM 1381/3964MB (lfb 8x4MB) SWAP 792/6078MB (cached 34MB) IRAM 0/252kB(lfb 252kB) CPU [10%@921,4%@921,off,off] EMC_FREQ 0%@1600 GR3D_FREQ 0%@614 APE 25 PLL@30C CPU@31.5C iwlwifi@32C PMIC@50C GPU@29.5C AO@40.5C thermal@30.5C POM_5V_IN 1772/1993 POM_5V_GPU 82/91 POM_5V_CPU 206/391
RAM 1383/3964MB (lfb 8x4MB) SWAP 792/6078MB (cached 34MB) IRAM 0/252kB(lfb 252kB) CPU [5%@921,8%@921,off,off] EMC_FREQ 0%@1600 GR3D_FREQ 0%@614 APE 25 PLL@29.5C CPU@31.5C iwlwifi@32C PMIC@50C GPU@29.5C AO@40.5C thermal@30.5C POM_5V_IN 1731/1993 POM_5V_GPU 82/91 POM_5V_CPU 164/391
RAM 1379/3964MB (lfb 8x4MB) SWAP 792/6078MB (cached 34MB) IRAM 0/252kB(lfb 252kB) CPU [8%@921,6%@921,off,off] EMC_FREQ 0%@1600 GR3D_FREQ 0%@614 APE 25 PLL@29.5C CPU@31C iwlwifi@32C PMIC@50C GPU@30C AO@40.5C thermal@30.75C POM_5V_IN 1689/1993 POM_5V_GPU 82/91 POM_5V_CPU 164/391
RAM 1379/3964MB (lfb 8x4MB) SWAP 792/6078MB (cached 34MB) IRAM 0/252kB(lfb 252kB) CPU [11%@921,2%@921,off,off] EMC_FREQ 0%@1600 GR3D_FREQ 0%@614 APE 25 PLL@29.5C CPU@31.5C iwlwifi@32C PMIC@50C GPU@29.5C AO@40.5C thermal@30.5C POM_5V_IN 1689/1992 POM_5V_GPU 82/91 POM_5V_CPU 164/391
RAM 1381/3964MB (lfb 8x4MB) SWAP 792/6078MB (cached 34MB) IRAM 0/252kB(lfb 252kB) CPU [5%@921,9%@921,off,off] EMC_FREQ 0%@1600 GR3D_FREQ 0%@614 APE 25 PLL@30C CPU@31.5C iwlwifi@32C PMIC@50C GPU@29.5C AO@40.5C thermal@30.5C POM_5V_IN 1689/1992 POM_5V_GPU 82/91 POM_5V_CPU 164/391
RAM 1375/3964MB (lfb 8x4MB) SWAP 792/6078MB (cached 34MB) IRAM 0/252kB(lfb 252kB) CPU [6%@921,4%@921,off,off] EMC_FREQ 0%@1600 GR3D_FREQ 0%@614 APE 25 PLL@29.5C CPU@31.5C iwlwifi@32C PMIC@50C GPU@30C AO@41C thermal@30.5C POM_5V_IN 1689/1992 POM_5V_GPU 82/91 POM_5V_CPU 164/390
RAM 1381/3964MB (lfb 8x4MB) SWAP 792/6078MB (cached 34MB) IRAM 0/252kB(lfb 252kB) CPU [7%@921,10%@921,off,off] EMC_FREQ 0%@1600 GR3D_FREQ 0%@614 APE 25 PLL@30C CPU@31.5C iwlwifi@32C PMIC@50C GPU@30C AO@40.5C thermal@30.5C POM_5V_IN 2133/1992 POM_5V_GPU 82/91 POM_5V_CPU 533/390
RAM 1379/3964MB (lfb 8x4MB) SWAP 792/6078MB (cached 34MB) IRAM 0/252kB(lfb 252kB) CPU [8%@921,4%@921,off,off] EMC_FREQ 0%@1600 GR3D_FREQ 0%@614 APE 25 PLL@30C CPU@31C iwlwifi@32C PMIC@50C GPU@30C AO@40.5C thermal@30.25C POM_5V_IN 1731/1992 POM_5V_GPU 82/91 POM_5V_CPU 164/390
RAM 1378/3964MB (lfb 8x4MB) SWAP 792/6078MB (cached 34MB) IRAM 0/252kB(lfb 252kB) CPU [8%@921,6%@921,off,off] EMC_FREQ 0%@1600 GR3D_FREQ 0%@614 APE 25 PLL@30C CPU@31.5C iwlwifi@32C PMIC@50C GPU@30C AO@41C thermal@30.5C POM_5V_IN 2174/1992 POM_5V_GPU 82/91 POM_5V_CPU 574/390
RAM 1379/3964MB (lfb 8x4MB) SWAP 792/6078MB (cached 34MB) IRAM 0/252kB(lfb 252kB) CPU [8%@921,5%@921,off,off] EMC_FREQ 0%@1600 GR3D_FREQ 0%@614 APE 25 PLL@30C CPU@31.5C iwlwifi@32C PMIC@50C GPU@30C AO@40.5C thermal@30.5C POM_5V_IN 2297/1992 POM_5V_GPU 81/91 POM_5V_CPU 573/391
RAM 1388/3964MB (lfb 8x4MB) SWAP 792/6078MB (cached 34MB) IRAM 0/252kB(lfb 252kB) CPU [5%@921,9%@921,off,off] EMC_FREQ 0%@1600 GR3D_FREQ 0%@614 APE 25 PLL@30C CPU@31.5C iwlwifi@32C PMIC@50C GPU@29.5C AO@40.5C thermal@30.5C POM_5V_IN 2174/1992 POM_5V_GPU 82/91 POM_5V_CPU 492/391
RAM 1385/3964MB (lfb 8x4MB) SWAP 792/6078MB (cached 34MB) IRAM 0/252kB(lfb 252kB) CPU [9%@921,7%@921,off,off] EMC_FREQ 0%@1600 GR3D_FREQ 0%@614 APE 25 PLL@29.5C CPU@31.5C iwlwifi@32C PMIC@50C GPU@29.5C AO@41C thermal@30.5C POM_5V_IN 2256/1993 POM_5V_GPU 82/91 POM_5V_CPU 615/391
RAM 1383/3964MB (lfb 8x4MB) SWAP 792/6078MB (cached 34MB) IRAM 0/252kB(lfb 252kB) CPU [6%@921,7%@921,off,off] EMC_FREQ 0%@1600 GR3D_FREQ 0%@614 APE 25 PLL@30C CPU@31C iwlwifi@32C PMIC@50C GPU@30C AO@41C thermal@30.5C POM_5V_IN 1810/1992 POM_5V_GPU 82/91 POM_5V_CPU 246/391
RAM 1382/3964MB (lfb 8x4MB) SWAP 792/6078MB (cached 34MB) IRAM 0/252kB(lfb 252kB) CPU [5%@921,9%@921,off,off] EMC_FREQ 0%@1600 GR3D_FREQ 0%@614 APE 25 PLL@29.5C CPU@31.5C iwlwifi@32C PMIC@50C GPU@30C AO@40.5C thermal@30.75C POM_5V_IN 1772/1992 POM_5V_GPU 82/91 POM_5V_CPU 206/391
RAM 1379/3964MB (lfb 8x4MB) SWAP 792/6078MB (cached 34MB) IRAM 0/252kB(lfb 252kB) CPU [5%@921,8%@921,off,off] EMC_FREQ 0%@1600 GR3D_FREQ 0%@614 APE 25 PLL@30C CPU@31.5C iwlwifi@32C PMIC@50C GPU@29.5C AO@40.5C thermal@30.75C POM_5V_IN 1689/1992 POM_5V_GPU 82/91 POM_5V_CPU 164/390
RAM 1379/3964MB (lfb 8x4MB) SWAP 792/6078MB (cached 34MB) IRAM 0/252kB(lfb 252kB) CPU [9%@921,5%@921,off,off] EMC_FREQ 0%@1600 GR3D_FREQ 0%@614 APE 25 PLL@30C CPU@31.5C iwlwifi@32C PMIC@50C GPU@30C AO@40.5C thermal@30.75C POM_5V_IN 1689/1992 POM_5V_GPU 82/91 POM_5V_CPU 164/390
RAM 1372/3964MB (lfb 8x4MB) SWAP 792/6078MB (cached 34MB) IRAM 0/252kB(lfb 252kB) CPU [6%@921,3%@921,off,off] EMC_FREQ 0%@1600 GR3D_FREQ 0%@614 APE 25 PLL@30C CPU@31C iwlwifi@32C PMIC@50C GPU@30C AO@41C thermal@30.75C POM_5V_IN 1731/1992 POM_5V_GPU 82/91 POM_5V_CPU 164/390
RAM 1379/3964MB (lfb 8x4MB) SWAP 792/6078MB (cached 34MB) IRAM 0/252kB(lfb 252kB) CPU [8%@921,10%@921,off,off] EMC_FREQ 0%@1600 GR3D_FREQ 0%@614 APE 25 PLL@30C CPU@32C iwlwifi@32C PMIC@50C GPU@30C AO@40.5C thermal@30.5C POM_5V_IN 2136/1992 POM_5V_GPU 82/91 POM_5V_CPU 533/390
RAM 1377/3964MB (lfb 8x4MB) SWAP 792/6078MB (cached 34MB) IRAM 0/252kB(lfb 252kB) CPU [4%@921,7%@921,off,off] EMC_FREQ 0%@1600 GR3D_FREQ 0%@614 APE 25 PLL@30C CPU@31.5C iwlwifi@32C PMIC@50C GPU@29.5C AO@41C thermal@30.75C POM_5V_IN 1687/1991 POM_5V_GPU 82/91 POM_5V_CPU 164/390
RAM 1378/3964MB (lfb 8x4MB) SWAP 792/6078MB (cached 34MB) IRAM 0/252kB(lfb 252kB) CPU [8%@921,7%@921,off,off] EMC_FREQ 0%@1600 GR3D_FREQ 0%@614 APE 25 PLL@30C CPU@31.5C iwlwifi@32C PMIC@50C GPU@30C AO@41C thermal@30.75C POM_5V_IN 2133/1992 POM_5V_GPU 82/91 POM_5V_CPU 533/390
RAM 1378/3964MB (lfb 8x4MB) SWAP 792/6078MB (cached 34MB) IRAM 0/252kB(lfb 252kB) CPU [7%@921,5%@921,off,off] EMC_FREQ 0%@1600 GR3D_FREQ 0%@614 APE 25 PLL@30C CPU@31.5C iwlwifi@32C PMIC@50C GPU@30C AO@41C thermal@30.75C POM_5V_IN 2215/1992 POM_5V_GPU 82/91 POM_5V_CPU 492/390
RAM 1383/3964MB (lfb 8x4MB) SWAP 792/6078MB (cached 34MB) IRAM 0/252kB(lfb 252kB) CPU [5%@921,9%@921,off,off] EMC_FREQ 0%@1600 GR3D_FREQ 0%@614 APE 25 PLL@30C CPU@32C iwlwifi@32C PMIC@50C GPU@30C AO@41C thermal@30.5C POM_5V_IN 2215/1992 POM_5V_GPU 82/91 POM_5V_CPU 532/390
RAM 1387/3964MB (lfb 8x4MB) SWAP 787/6078MB (cached 34MB) IRAM 0/252kB(lfb 252kB) CPU [8%@921,6%@921,off,off] EMC_FREQ 0%@1600 GR3D_FREQ 0%@614 APE 25 PLL@30C CPU@32C iwlwifi@32C PMIC@50C GPU@30C AO@41C thermal@30.75C POM_5V_IN 2215/1992 POM_5V_GPU 82/91 POM_5V_CPU 574/390
RAM 1382/3964MB (lfb 8x4MB) SWAP 787/6078MB (cached 34MB) IRAM 0/252kB(lfb 252kB) CPU [8%@921,6%@921,off,off] EMC_FREQ 0%@1600 GR3D_FREQ 0%@614 APE 25 PLL@30C CPU@31.5C iwlwifi@32C PMIC@50C GPU@30C AO@41C thermal@31C POM_5V_IN 2054/1992 POM_5V_GPU 82/91 POM_5V_CPU 451/390
RAM 1379/3964MB (lfb 8x4MB) SWAP 787/6078MB (cached 34MB) IRAM 0/252kB(lfb 252kB) CPU [8%@921,6%@921,off,off] EMC_FREQ 0%@1600 GR3D_FREQ 0%@614 APE 25 PLL@30C CPU@31.5C iwlwifi@32C PMIC@50C GPU@30C AO@41C thermal@30.75C POM_5V_IN 1731/1992 POM_5V_GPU 82/91 POM_5V_CPU 164/390
RAM 1381/3964MB (lfb 8x4MB) SWAP 787/6078MB (cached 34MB) IRAM 0/252kB(lfb 252kB) CPU [5%@921,8%@921,off,off] EMC_FREQ 0%@1600 GR3D_FREQ 0%@614 APE 25 PLL@30C CPU@31C iwlwifi@32C PMIC@50C GPU@29.5C AO@41C thermal@30.75C POM_5V_IN 1731/1992 POM_5V_GPU 82/91 POM_5V_CPU 164/390
RAM 1381/3964MB (lfb 8x4MB) SWAP 787/6078MB (cached 34MB) IRAM 0/252kB(lfb 252kB) CPU [7%@921,7%@921,off,off] EMC_FREQ 0%@1600 GR3D_FREQ 0%@614 APE 25 PLL@29.5C CPU@31.5C iwlwifi@32C PMIC@50C GPU@30C AO@40.5C thermal@30.5C POM_5V_IN 1731/1992 POM_5V_GPU 82/91 POM_5V_CPU 164/390
RAM 1383/3964MB (lfb 8x4MB) SWAP 787/6078MB (cached 34MB) IRAM 0/252kB(lfb 252kB) CPU [6%@921,7%@921,off,off] EMC_FREQ 0%@1600 GR3D_FREQ 0%@614 APE 25 PLL@29.5C CPU@31.5C iwlwifi@33C PMIC@50C GPU@30C AO@40.5C thermal@30.75C POM_5V_IN 1689/1991 POM_5V_GPU 82/91 POM_5V_CPU 164/390
RAM 1374/3964MB (lfb 8x4MB) SWAP 787/6078MB (cached 34MB) IRAM 0/252kB(lfb 252kB) CPU [5%@921,5%@921,off,off] EMC_FREQ 0%@1600 GR3D_FREQ 0%@614 APE 25 PLL@29.5C CPU@31.5C iwlwifi@32C PMIC@50C GPU@29.5C AO@41C thermal@31C POM_5V_IN 1731/1991 POM_5V_GPU 82/91 POM_5V_CPU 164/390
RAM 1383/3964MB (lfb 8x4MB) SWAP 787/6078MB (cached 34MB) IRAM 0/252kB(lfb 252kB) CPU [9%@921,8%@921,off,off] EMC_FREQ 0%@1600 GR3D_FREQ 0%@614 APE 25 PLL@30C CPU@31.5C iwlwifi@32C PMIC@50C GPU@30C AO@40.5C thermal@30.75C POM_5V_IN 2136/1991 POM_5V_GPU 82/91 POM_5V_CPU 533/390
RAM 1378/3964MB (lfb 8x4MB) SWAP 787/6078MB (cached 34MB) IRAM 0/252kB(lfb 252kB) CPU [7%@921,4%@921,off,off] EMC_FREQ 0%@1600 GR3D_FREQ 0%@614 APE 25 PLL@30C CPU@31C iwlwifi@32C PMIC@50C GPU@30C AO@41C thermal@30.75C POM_5V_IN 1731/1991 POM_5V_GPU 82/91 POM_5V_CPU 206/390
RAM 1380/3964MB (lfb 8x4MB) SWAP 787/6078MB (cached 34MB) IRAM 0/252kB(lfb 252kB) CPU [7%@921,7%@921,off,off] EMC_FREQ 0%@1600 GR3D_FREQ 0%@614 APE 25 PLL@30C CPU@31.5C iwlwifi@32C PMIC@50C GPU@30C AO@41C thermal@30.5C POM_5V_IN 2174/1991 POM_5V_GPU 82/91 POM_5V_CPU 574/390
RAM 1388/3964MB (lfb 8x4MB) SWAP 787/6078MB (cached 34MB) IRAM 0/252kB(lfb 252kB) CPU [7%@921,7%@921,off,off] EMC_FREQ 0%@1600 GR3D_FREQ 0%@614 APE 25 PLL@30C CPU@31.5C iwlwifi@32C PMIC@50C GPU@30C AO@40.5C thermal@30.5C POM_5V_IN 2293/1991 POM_5V_GPU 81/91 POM_5V_CPU 532/390
RAM 1386/3964MB (lfb 8x4MB) SWAP 787/6078MB (cached 34MB) IRAM 0/252kB(lfb 252kB) CPU [7%@921,6%@921,off,off] EMC_FREQ 0%@1600 GR3D_FREQ 0%@614 APE 25 PLL@30C CPU@31.5C iwlwifi@32C PMIC@50C GPU@30C AO@41.5C thermal@30.75C POM_5V_IN 2256/1992 POM_5V_GPU 82/91 POM_5V_CPU 573/390
RAM 1385/3964MB (lfb 8x4MB) SWAP 787/6078MB (cached 34MB) IRAM 0/252kB(lfb 252kB) CPU [9%@921,5%@921,off,off] EMC_FREQ 0%@1600 GR3D_FREQ 0%@614 APE 25 PLL@30C CPU@31.5C iwlwifi@32C PMIC@50C GPU@29.5C AO@41C thermal@30.75C POM_5V_IN 1934/1992 POM_5V_GPU 82/91 POM_5V_CPU 329/390
RAM 1379/3964MB (lfb 8x4MB) SWAP 787/6078MB (cached 34MB) IRAM 0/252kB(lfb 252kB) CPU [5%@921,9%@921,off,off] EMC_FREQ 0%@1600 GR3D_FREQ 0%@614 APE 25 PLL@29.5C CPU@31.5C iwlwifi@32C PMIC@50C GPU@30C AO@41C thermal@30.75C POM_5V_IN 2215/1992 POM_5V_GPU 82/91 POM_5V_CPU 574/390
RAM 1379/3964MB (lfb 8x4MB) SWAP 787/6078MB (cached 34MB) IRAM 0/252kB(lfb 252kB) CPU [8%@921,6%@921,off,off] EMC_FREQ 0%@1600 GR3D_FREQ 0%@614 APE 25 PLL@29.5C CPU@31.5C iwlwifi@32C PMIC@50C GPU@29.5C AO@41C thermal@31C POM_5V_IN 1731/1991 POM_5V_GPU 82/91 POM_5V_CPU 164/390
RAM 1381/3964MB (lfb 8x4MB) SWAP 787/6078MB (cached 34MB) IRAM 0/252kB(lfb 252kB) CPU [8%@921,5%@921,off,off] EMC_FREQ 0%@1600 GR3D_FREQ 0%@614 APE 25 PLL@29.5C CPU@31.5C iwlwifi@32C PMIC@50C GPU@30C AO@40.5C thermal@30.75C POM_5V_IN 1731/1991 POM_5V_GPU 82/91 POM_5V_CPU 164/390
RAM 1379/3964MB (lfb 8x4MB) SWAP 787/6078MB (cached 34MB) IRAM 0/252kB(lfb 252kB) CPU [4%@921,9%@921,off,off] EMC_FREQ 0%@1600 GR3D_FREQ 0%@614 APE 25 PLL@30C CPU@32C iwlwifi@32C PMIC@50C GPU@29.5C AO@41C thermal@30.75C POM_5V_IN 1689/1991 POM_5V_GPU 82/91 POM_5V_CPU 164/389
RAM 1379/3964MB (lfb 8x4MB) SWAP 787/6078MB (cached 34MB) IRAM 0/252kB(lfb 252kB) CPU [6%@921,8%@921,off,off] EMC_FREQ 0%@1600 GR3D_FREQ 0%@614 APE 25 PLL@29.5C CPU@31.5C iwlwifi@32C PMIC@50C GPU@30C AO@40.5C thermal@30.75C POM_5V_IN 1689/1991 POM_5V_GPU 82/91 POM_5V_CPU 164/389
RAM 1379/3964MB (lfb 8x4MB) SWAP 787/6078MB (cached 34MB) IRAM 0/252kB(lfb 252kB) CPU [5%@921,9%@921,off,off] EMC_FREQ 0%@1600 GR3D_FREQ 0%@614 APE 25 PLL@30C CPU@31C iwlwifi@32C PMIC@50C GPU@30C AO@41C thermal@30.5C POM_5V_IN 1689/1991 POM_5V_GPU 82/91 POM_5V_CPU 164/389
RAM 1376/3964MB (lfb 8x4MB) SWAP 787/6078MB (cached 34MB) IRAM 0/252kB(lfb 252kB) CPU [6%@921,4%@921,off,off] EMC_FREQ 0%@1600 GR3D_FREQ 0%@614 APE 25 PLL@30C CPU@31C iwlwifi@32C PMIC@50C GPU@29.5C AO@41C thermal@30.5C POM_5V_IN 1689/1990 POM_5V_GPU 82/91 POM_5V_CPU 164/389
RAM 1379/3964MB (lfb 8x4MB) SWAP 787/6078MB (cached 34MB) IRAM 0/252kB(lfb 252kB) CPU [8%@921,8%@921,off,off] EMC_FREQ 0%@1600 GR3D_FREQ 0%@614 APE 25 PLL@29.5C CPU@32C iwlwifi@32C PMIC@50C GPU@30C AO@40.5C thermal@30.75C POM_5V_IN 2136/1990 POM_5V_GPU 82/91 POM_5V_CPU 533/389
RAM 1377/3964MB (lfb 8x4MB) SWAP 787/6078MB (cached 34MB) IRAM 0/252kB(lfb 252kB) CPU [4%@921,8%@921,off,off] EMC_FREQ 0%@1600 GR3D_FREQ 0%@614 APE 25 PLL@29.5C CPU@31.5C iwlwifi@32C PMIC@50C GPU@30C AO@40.5C thermal@30.75C POM_5V_IN 1689/1990 POM_5V_GPU 82/91 POM_5V_CPU 164/389
RAM 1383/3964MB (lfb 8x4MB) SWAP 787/6078MB (cached 34MB) IRAM 0/252kB(lfb 252kB) CPU [7%@921,7%@921,off,off] EMC_FREQ 0%@1600 GR3D_FREQ 0%@614 APE 25 PLL@30C CPU@31.5C iwlwifi@32C PMIC@50C GPU@29.5C AO@40.5C thermal@30.75C POM_5V_IN 2215/1990 POM_5V_GPU 82/91 POM_5V_CPU 491/389
RAM 1385/3964MB (lfb 8x4MB) SWAP 787/6078MB (cached 34MB) IRAM 0/252kB(lfb 252kB) CPU [6%@921,8%@921,off,off] EMC_FREQ 0%@1600 GR3D_FREQ 0%@614 APE 25 PLL@30C CPU@31.5C iwlwifi@32C PMIC@50C GPU@30C AO@41C thermal@30.5C POM_5V_IN 2215/1991 POM_5V_GPU 82/91 POM_5V_CPU 574/389
RAM 1379/3964MB (lfb 8x4MB) SWAP 787/6078MB (cached 34MB) IRAM 0/252kB(lfb 252kB) CPU [5%@921,9%@921,off,off] EMC_FREQ 0%@1600 GR3D_FREQ 0%@614 APE 25 PLL@30C CPU@31.5C iwlwifi@32C PMIC@50C GPU@30C AO@41C thermal@30.75C POM_5V_IN 1813/1990 POM_5V_GPU 82/91 POM_5V_CPU 246/389
RAM 1383/3964MB (lfb 8x4MB) SWAP 787/6078MB (cached 34MB) IRAM 0/252kB(lfb 252kB) CPU [8%@921,6%@921,off,off] EMC_FREQ 0%@1600 GR3D_FREQ 0%@614 APE 25 PLL@30C CPU@31.5C iwlwifi@32C PMIC@50C GPU@30C AO@40.5C thermal@30.5C POM_5V_IN 1731/1990 POM_5V_GPU 82/91 POM_5V_CPU 164/389
RAM 1379/3964MB (lfb 8x4MB) SWAP 787/6078MB (cached 34MB) IRAM 0/252kB(lfb 252kB) CPU [6%@921,7%@921,off,off] EMC_FREQ 0%@1600 GR3D_FREQ 0%@614 APE 25 PLL@30C CPU@31C iwlwifi@32C PMIC@50C GPU@29.5C AO@40.5C thermal@30.75C POM_5V_IN 1731/1990 POM_5V_GPU 82/91 POM_5V_CPU 164/389
RAM 1381/3964MB (lfb 8x4MB) SWAP 787/6078MB (cached 34MB) IRAM 0/252kB(lfb 252kB) CPU [6%@921,7%@921,off,off] EMC_FREQ 0%@1600 GR3D_FREQ 0%@614 APE 25 PLL@30C CPU@31.5C iwlwifi@34C PMIC@50C GPU@29.5C AO@40.5C thermal@30.5C POM_5V_IN 1731/1990 POM_5V_GPU 82/91 POM_5V_CPU 164/388
RAM 1383/3964MB (lfb 8x4MB) SWAP 787/6078MB (cached 34MB) IRAM 0/252kB(lfb 252kB) CPU [7%@921,5%@921,off,off] EMC_FREQ 0%@1600 GR3D_FREQ 0%@614 APE 25 PLL@30C CPU@31.5C iwlwifi@32C PMIC@50C GPU@30C AO@40.5C thermal@30.75C POM_5V_IN 1689/1990 POM_5V_GPU 82/91 POM_5V_CPU 164/388
RAM 1381/3964MB (lfb 8x4MB) SWAP 787/6078MB (cached 34MB) IRAM 0/252kB(lfb 252kB) CPU [7%@921,7%@921,off,off] EMC_FREQ 0%@1600 GR3D_FREQ 0%@614 APE 25 PLL@29.5C CPU@31C iwlwifi@32C PMIC@50C GPU@30C AO@41C thermal@30.75C POM_5V_IN 1689/1989 POM_5V_GPU 82/91 POM_5V_CPU 123/388
RAM 1375/3964MB (lfb 8x4MB) SWAP 787/6078MB (cached 34MB) IRAM 0/252kB(lfb 252kB) CPU [6%@921,4%@921,off,off] EMC_FREQ 0%@1600 GR3D_FREQ 0%@614 APE 25 PLL@29.5C CPU@31.5C iwlwifi@32C PMIC@50C GPU@30C AO@40.5C thermal@30.75C POM_5V_IN 1689/1989 POM_5V_GPU 82/91 POM_5V_CPU 164/388
RAM 1379/3964MB (lfb 8x4MB) SWAP 787/6078MB (cached 34MB) IRAM 0/252kB(lfb 252kB) CPU [7%@921,10%@921,off,off] EMC_FREQ 0%@1600 GR3D_FREQ 0%@614 APE 25 PLL@30C CPU@31.5C iwlwifi@32C PMIC@50C GPU@30C AO@40.5C thermal@30.75C POM_5V_IN 2136/1989 POM_5V_GPU 82/91 POM_5V_CPU 533/388
RAM 1377/3964MB (lfb 8x4MB) SWAP 787/6078MB (cached 34MB) IRAM 0/252kB(lfb 252kB) CPU [5%@921,7%@921,off,off] EMC_FREQ 0%@1600 GR3D_FREQ 0%@614 APE 25 PLL@29.5C CPU@31.5C iwlwifi@32C PMIC@50C GPU@30C AO@41C thermal@30.75C POM_5V_IN 1687/1989 POM_5V_GPU 82/91 POM_5V_CPU 164/388
RAM 1378/3964MB (lfb 8x4MB) SWAP 787/6078MB (cached 34MB) IRAM 0/252kB(lfb 252kB) CPU [7%@921,6%@921,off,off] EMC_FREQ 0%@1600 GR3D_FREQ 0%@614 APE 25 PLL@30C CPU@31.5C iwlwifi@32C PMIC@50C GPU@30C AO@41C thermal@30.75C POM_5V_IN 2256/1989 POM_5V_GPU 82/91 POM_5V_CPU 532/388
RAM 1382/3964MB (lfb 8x4MB) SWAP 787/6078MB (cached 34MB) IRAM 0/252kB(lfb 252kB) CPU [7%@921,7%@921,off,off] EMC_FREQ 0%@1600 GR3D_FREQ 0%@614 APE 25 PLL@29.5C CPU@32C iwlwifi@32C PMIC@50C GPU@30C AO@41C thermal@30.75C POM_5V_IN 2290/1989 POM_5V_GPU 81/91 POM_5V_CPU 613/388
RAM 1385/3964MB (lfb 8x4MB) SWAP 787/6078MB (cached 34MB) IRAM 0/252kB(lfb 252kB) CPU [7%@921,6%@921,off,off] EMC_FREQ 0%@1600 GR3D_FREQ 0%@614 APE 25 PLL@30C CPU@31.5C iwlwifi@32C PMIC@50C GPU@29.5C AO@41C thermal@30.25C POM_5V_IN 2297/1990 POM_5V_GPU 81/91 POM_5V_CPU 614/388
RAM 1383/3964MB (lfb 8x4MB) SWAP 787/6078MB (cached 34MB) IRAM 0/252kB(lfb 252kB) CPU [5%@921,9%@921,off,off] EMC_FREQ 0%@1600 GR3D_FREQ 0%@614 APE 25 PLL@30C CPU@32C iwlwifi@32C PMIC@50C GPU@30C AO@41C thermal@30.75C POM_5V_IN 2215/1990 POM_5V_GPU 82/91 POM_5V_CPU 615/388
RAM 1379/3964MB (lfb 8x4MB) SWAP 787/6078MB (cached 34MB) IRAM 0/252kB(lfb 252kB) CPU [5%@921,9%@921,off,off] EMC_FREQ 0%@1600 GR3D_FREQ 0%@614 APE 25 PLL@29.5C CPU@31C iwlwifi@32C PMIC@50C GPU@29.5C AO@41C thermal@31C POM_5V_IN 1731/1990 POM_5V_GPU 82/91 POM_5V_CPU 164/388
RAM 1383/3964MB (lfb 8x4MB) SWAP 787/6078MB (cached 34MB) IRAM 0/252kB(lfb 252kB) CPU [7%@921,7%@921,off,off] EMC_FREQ 0%@1600 GR3D_FREQ 0%@614 APE 25 PLL@29.5C CPU@31.5C iwlwifi@32C PMIC@50C GPU@30C AO@40.5C thermal@30.75C POM_5V_IN 1689/1989 POM_5V_GPU 82/91 POM_5V_CPU 164/388
RAM 1379/3964MB (lfb 8x4MB) SWAP 787/6078MB (cached 34MB) IRAM 0/252kB(lfb 252kB) CPU [8%@921,6%@921,off,off] EMC_FREQ 0%@1600 GR3D_FREQ 0%@614 APE 25 PLL@29.5C CPU@31.5C iwlwifi@32C PMIC@50C GPU@30C AO@41C thermal@30.75C POM_5V_IN 1689/1989 POM_5V_GPU 82/91 POM_5V_CPU 164/388
RAM 1383/3964MB (lfb 8x4MB) SWAP 787/6078MB (cached 34MB) IRAM 0/252kB(lfb 252kB) CPU [6%@921,8%@921,off,off] EMC_FREQ 0%@1600 GR3D_FREQ 0%@614 APE 25 PLL@29.5C CPU@31.5C iwlwifi@32C PMIC@50C GPU@30C AO@41C thermal@30.75C POM_5V_IN 1689/1989 POM_5V_GPU 82/91 POM_5V_CPU 164/388
RAM 1375/3964MB (lfb 8x4MB) SWAP 787/6078MB (cached 34MB) IRAM 0/252kB(lfb 252kB) CPU [3%@921,6%@921,off,off] EMC_FREQ 0%@1600 GR3D_FREQ 0%@614 APE 25 PLL@30C CPU@31.5C iwlwifi@32C PMIC@50C GPU@30C AO@40.5C thermal@30.75C POM_5V_IN 1689/1989 POM_5V_GPU 82/91 POM_5V_CPU 164/388
RAM 1383/3964MB (lfb 8x4MB) SWAP 787/6078MB (cached 34MB) IRAM 0/252kB(lfb 252kB) CPU [8%@921,9%@921,off,off] EMC_FREQ 0%@1600 GR3D_FREQ 0%@614 APE 25 PLL@30C CPU@31.5C iwlwifi@32C PMIC@50C GPU@29.5C AO@41C thermal@30.75C POM_5V_IN 2136/1989 POM_5V_GPU 82/91 POM_5V_CPU 533/388
RAM 1379/3964MB (lfb 8x4MB) SWAP 787/6078MB (cached 34MB) IRAM 0/252kB(lfb 252kB) CPU [7%@921,3%@921,off,off] EMC_FREQ 0%@1600 GR3D_FREQ 0%@614 APE 25 PLL@29.5C CPU@31C iwlwifi@32C PMIC@50C GPU@30C AO@41C thermal@30.5C POM_5V_IN 1689/1989 POM_5V_GPU 82/91 POM_5V_CPU 164/388
RAM 1380/3964MB (lfb 8x4MB) SWAP 787/6078MB (cached 34MB) IRAM 0/252kB(lfb 252kB) CPU [5%@921,9%@921,off,off] EMC_FREQ 0%@1600 GR3D_FREQ 0%@614 APE 25 PLL@29.5C CPU@31.5C iwlwifi@32C PMIC@50C GPU@30C AO@41C thermal@30.75C POM_5V_IN 2174/1989 POM_5V_GPU 82/91 POM_5V_CPU 574/388
RAM 1383/3964MB (lfb 8x4MB) SWAP 787/6078MB (cached 34MB) IRAM 0/252kB(lfb 252kB) CPU [7%@921,7%@921,off,off] EMC_FREQ 0%@1600 GR3D_FREQ 0%@614 APE 25 PLL@30C CPU@31.5C iwlwifi@32C PMIC@50C GPU@30C AO@41C thermal@30.75C POM_5V_IN 2211/1989 POM_5V_GPU 81/91 POM_5V_CPU 491/388
RAM 1383/3964MB (lfb 8x4MB) SWAP 787/6078MB (cached 34MB) IRAM 0/252kB(lfb 252kB) CPU [8%@921,6%@921,off,off] EMC_FREQ 0%@1600 GR3D_FREQ 0%@614 APE 25 PLL@30C CPU@31.5C iwlwifi@32C PMIC@50C GPU@30C AO@41C thermal@30.75C POM_5V_IN 2215/1989 POM_5V_GPU 82/91 POM_5V_CPU 574/388
RAM 1381/3964MB (lfb 8x4MB) SWAP 787/6078MB (cached 34MB) IRAM 0/252kB(lfb 252kB) CPU [8%@921,5%@921,off,off] EMC_FREQ 0%@1600 GR3D_FREQ 0%@614 APE 25 PLL@30C CPU@31.5C iwlwifi@32C PMIC@50C GPU@30C AO@41C thermal@30.75C POM_5V_IN 1851/1989 POM_5V_GPU 82/91 POM_5V_CPU 246/388
RAM 1383/3964MB (lfb 8x4MB) SWAP 787/6078MB (cached 34MB) IRAM 0/252kB(lfb 252kB) CPU [6%@921,7%@921,off,off] EMC_FREQ 0%@1600 GR3D_FREQ 0%@614 APE 25 PLL@29.5C CPU@31.5C iwlwifi@32C PMIC@50C GPU@30C AO@41C thermal@30.75C POM_5V_IN 1731/1989 POM_5V_GPU 82/91 POM_5V_CPU 164/388
RAM 1383/3964MB (lfb 8x4MB) SWAP 787/6078MB (cached 34MB) IRAM 0/252kB(lfb 252kB) CPU [8%@921,6%@921,off,off] EMC_FREQ 0%@1600 GR3D_FREQ 0%@614 APE 25 PLL@30C CPU@31C iwlwifi@32C PMIC@50C GPU@29.5C AO@41C thermal@30.75C POM_5V_IN 1689/1988 POM_5V_GPU 82/91 POM_5V_CPU 164/387
RAM 1383/3964MB (lfb 8x4MB) SWAP 787/6078MB (cached 34MB) IRAM 0/252kB(lfb 252kB) CPU [8%@921,6%@921,off,off] EMC_FREQ 0%@1600 GR3D_FREQ 0%@614 APE 25 PLL@29.5C CPU@31.5C iwlwifi@32C PMIC@50C GPU@30C AO@40.5C thermal@30.75C POM_5V_IN 1689/1988 POM_5V_GPU 82/91 POM_5V_CPU 123/387
RAM 1368/3964MB (lfb 8x4MB) SWAP 787/6078MB (cached 34MB) IRAM 0/252kB(lfb 252kB) CPU [6%@921,3%@921,off,off] EMC_FREQ 0%@1600 GR3D_FREQ 0%@614 APE 25 PLL@30C CPU@31.5C iwlwifi@32C PMIC@50C GPU@30C AO@40.5C thermal@30.75C POM_5V_IN 1689/1988 POM_5V_GPU 82/91 POM_5V_CPU 164/387
RAM 1381/3964MB (lfb 8x4MB) SWAP 787/6078MB (cached 34MB) IRAM 0/252kB(lfb 252kB) CPU [8%@921,10%@921,off,off] EMC_FREQ 0%@1600 GR3D_FREQ 0%@614 APE 25 PLL@30C CPU@31.5C iwlwifi@32C PMIC@50C GPU@29.5C AO@40.5C thermal@30.75C POM_5V_IN 2095/1988 POM_5V_GPU 82/91 POM_5V_CPU 533/387
RAM 1373/3964MB (lfb 8x4MB) SWAP 787/6078MB (cached 34MB) IRAM 0/252kB(lfb 252kB) CPU [5%@921,5%@921,off,off] EMC_FREQ 0%@1600 GR3D_FREQ 0%@614 APE 25 PLL@30C CPU@31.5C iwlwifi@32C PMIC@50C GPU@29.5C AO@41C thermal@30.75C POM_5V_IN 1689/1988 POM_5V_GPU 82/91 POM_5V_CPU 164/387
RAM 1379/3964MB (lfb 8x4MB) SWAP 787/6078MB (cached 34MB) IRAM 0/252kB(lfb 252kB) CPU [11%@921,5%@921,off,off] EMC_FREQ 0%@1600 GR3D_FREQ 0%@614 APE 25 PLL@30C CPU@31.5C iwlwifi@32C PMIC@50C GPU@30C AO@41C thermal@30.5C POM_5V_IN 2133/1988 POM_5V_GPU 82/91 POM_5V_CPU 533/387
RAM 1379/3964MB (lfb 8x4MB) SWAP 787/6078MB (cached 34MB) IRAM 0/252kB(lfb 252kB) CPU [6%@921,6%@921,off,off] EMC_FREQ 0%@1600 GR3D_FREQ 0%@614 APE 25 PLL@29.5C CPU@31.5C iwlwifi@32C PMIC@50C GPU@30C AO@40.5C thermal@31C POM_5V_IN 1689/1988 POM_5V_GPU 82/91 POM_5V_CPU 164/387
RAM 1381/3964MB (lfb 8x4MB) SWAP 787/6078MB (cached 34MB) IRAM 0/252kB(lfb 252kB) CPU [9%@921,5%@921,off,off] EMC_FREQ 0%@1600 GR3D_FREQ 0%@614 APE 25 PLL@29.5C CPU@31.5C iwlwifi@32C PMIC@50C GPU@30C AO@40.5C thermal@30.75C POM_5V_IN 2215/1988 POM_5V_GPU 82/91 POM_5V_CPU 492/387
RAM 1382/3964MB (lfb 8x4MB) SWAP 787/6078MB (cached 34MB) IRAM 0/252kB(lfb 252kB) CPU [6%@921,8%@921,off,off] EMC_FREQ 0%@1600 GR3D_FREQ 0%@614 APE 25 PLL@30C CPU@31.5C iwlwifi@32C PMIC@50C GPU@30C AO@41C thermal@30.5C POM_5V_IN 2293/1988 POM_5V_GPU 81/91 POM_5V_CPU 573/387
RAM 1383/3964MB (lfb 8x4MB) SWAP 787/6078MB (cached 34MB) IRAM 0/252kB(lfb 252kB) CPU [8%@921,6%@921,off,off] EMC_FREQ 0%@1600 GR3D_FREQ 0%@614 APE 25 PLL@30C CPU@32.5C iwlwifi@32C PMIC@50C GPU@29.5C AO@41C thermal@30.25C POM_5V_IN 2297/1988 POM_5V_GPU 82/91 POM_5V_CPU 614/387
RAM 1379/3964MB (lfb 8x4MB) SWAP 787/6078MB (cached 34MB) IRAM 0/252kB(lfb 252kB) CPU [6%@921,8%@921,off,off] EMC_FREQ 0%@1600 GR3D_FREQ 0%@614 APE 25 PLL@30C CPU@31.5C iwlwifi@32C PMIC@50C GPU@30C AO@41C thermal@31C POM_5V_IN 1851/1988 POM_5V_GPU 82/91 POM_5V_CPU 246/387
RAM 1382/3964MB (lfb 8x4MB) SWAP 787/6078MB (cached 34MB) IRAM 0/252kB(lfb 252kB) CPU [6%@921,5%@921,off,off] EMC_FREQ 0%@1600 GR3D_FREQ 0%@614 APE 25 PLL@30C CPU@31.5C iwlwifi@32C PMIC@50C GPU@30C AO@41C thermal@30.75C POM_5V_IN 1769/1988 POM_5V_GPU 82/91 POM_5V_CPU 205/387
RAM 1385/3964MB (lfb 8x4MB) SWAP 787/6078MB (cached 34MB) IRAM 0/252kB(lfb 252kB) CPU [8%@921,6%@921,off,off] EMC_FREQ 0%@1600 GR3D_FREQ 0%@614 APE 25 PLL@30.5C CPU@31.5C iwlwifi@32C PMIC@50C GPU@30C AO@41C thermal@30.5C POM_5V_IN 2375/1988 POM_5V_GPU 81/91 POM_5V_CPU 614/387
RAM 1385/3964MB (lfb 8x4MB) SWAP 787/6078MB (cached 34MB) IRAM 0/252kB(lfb 252kB) CPU [8%@921,5%@921,off,off] EMC_FREQ 0%@1600 GR3D_FREQ 0%@614 APE 25 PLL@29.5C CPU@31C iwlwifi@32C PMIC@50C GPU@29.5C AO@41C thermal@30.5C POM_5V_IN 1972/1988 POM_5V_GPU 82/91 POM_5V_CPU 369/387
RAM 1383/3964MB (lfb 8x4MB) SWAP 787/6078MB (cached 34MB) IRAM 0/252kB(lfb 252kB) CPU [5%@921,9%@921,off,off] EMC_FREQ 0%@1600 GR3D_FREQ 0%@614 APE 25 PLL@30C CPU@32C iwlwifi@32C PMIC@50C GPU@29.5C AO@41C thermal@30.5C POM_5V_IN 2215/1989 POM_5V_GPU 82/91 POM_5V_CPU 574/387
RAM 1379/3964MB (lfb 8x4MB) SWAP 787/6078MB (cached 34MB) IRAM 0/252kB(lfb 252kB) CPU [9%@921,5%@921,off,off] EMC_FREQ 0%@1600 GR3D_FREQ 0%@614 APE 25 PLL@29.5C CPU@31.5C iwlwifi@32C PMIC@50C GPU@30C AO@40.5C thermal@30.75C POM_5V_IN 1772/1988 POM_5V_GPU 82/90 POM_5V_CPU 206/387
RAM 1379/3964MB (lfb 8x4MB) SWAP 787/6078MB (cached 34MB) IRAM 0/252kB(lfb 252kB) CPU [6%@921,7%@921,off,off] EMC_FREQ 0%@1600 GR3D_FREQ 0%@614 APE 25 PLL@29.5C CPU@31.5C iwlwifi@32C PMIC@50C GPU@30C AO@40.5C thermal@30.75C POM_5V_IN 1731/1988 POM_5V_GPU 82/90 POM_5V_CPU 164/387
RAM 1379/3964MB (lfb 8x4MB) SWAP 787/6078MB (cached 34MB) IRAM 0/252kB(lfb 252kB) CPU [9%@921,9%@921,off,off] EMC_FREQ 0%@1600 GR3D_FREQ 0%@614 APE 25 PLL@29.5C CPU@31.5C iwlwifi@32C PMIC@50C GPU@30C AO@40.5C thermal@30.75C POM_5V_IN 2331/1988 POM_5V_GPU 81/90 POM_5V_CPU 613/387
RAM 1383/3964MB (lfb 8x4MB) SWAP 787/6078MB (cached 34MB) IRAM 0/252kB(lfb 252kB) CPU [7%@921,6%@921,off,off] EMC_FREQ 0%@1600 GR3D_FREQ 0%@614 APE 25 PLL@30C CPU@31.5C iwlwifi@32C PMIC@50C GPU@29.5C AO@40.5C thermal@30.5C POM_5V_IN 1731/1988 POM_5V_GPU 82/90 POM_5V_CPU 164/387
RAM 1376/3964MB (lfb 8x4MB) SWAP 787/6078MB (cached 34MB) IRAM 0/252kB(lfb 252kB) CPU [4%@921,6%@921,off,off] EMC_FREQ 0%@1600 GR3D_FREQ 0%@614 APE 25 PLL@29.5C CPU@31.5C iwlwifi@32C PMIC@50C GPU@29.5C AO@41C thermal@30.5C POM_5V_IN 1689/1988 POM_5V_GPU 82/90 POM_5V_CPU 164/387
RAM 1383/3964MB (lfb 8x4MB) SWAP 787/6078MB (cached 34MB) IRAM 0/252kB(lfb 252kB) CPU [10%@921,6%@921,off,off] EMC_FREQ 0%@1600 GR3D_FREQ 0%@614 APE 25 PLL@30C CPU@31.5C iwlwifi@32C PMIC@50C GPU@30C AO@41C thermal@31C POM_5V_IN 2136/1988 POM_5V_GPU 82/90 POM_5V_CPU 533/387
RAM 1377/3964MB (lfb 8x4MB) SWAP 787/6078MB (cached 34MB) IRAM 0/252kB(lfb 252kB) CPU [8%@921,3%@921,off,off] EMC_FREQ 0%@1600 GR3D_FREQ 0%@614 APE 25 PLL@29.5C CPU@31.5C iwlwifi@32C PMIC@50C GPU@30C AO@41C thermal@30.5C POM_5V_IN 1689/1988 POM_5V_GPU 82/90 POM_5V_CPU 164/387
RAM 1375/3964MB (lfb 8x4MB) SWAP 787/6078MB (cached 34MB) IRAM 0/252kB(lfb 252kB) CPU [6%@921,7%@921,off,off] EMC_FREQ 0%@1600 GR3D_FREQ 0%@614 APE 25 PLL@30C CPU@31.5C iwlwifi@32C PMIC@50C GPU@30C AO@41C thermal@30.75C POM_5V_IN 2133/1988 POM_5V_GPU 82/90 POM_5V_CPU 533/387
RAM 1377/3964MB (lfb 8x4MB) SWAP 787/6078MB (cached 34MB) IRAM 0/252kB(lfb 252kB) CPU [9%@921,5%@921,off,off] EMC_FREQ 0%@1600 GR3D_FREQ 0%@614 APE 25 PLL@30C CPU@31.5C iwlwifi@33C PMIC@50C GPU@30C AO@41C thermal@30.75C POM_5V_IN 2133/1988 POM_5V_GPU 82/90 POM_5V_CPU 533/387
RAM 1379/3964MB (lfb 8x4MB) SWAP 787/6078MB (cached 34MB) IRAM 0/252kB(lfb 252kB) CPU [8%@921,9%@921,off,off] EMC_FREQ 0%@1600 GR3D_FREQ 0%@614 APE 25 PLL@29.5C CPU@31.5C iwlwifi@32C PMIC@50C GPU@30C AO@41C thermal@30.75C POM_5V_IN 2133/1988 POM_5V_GPU 82/90 POM_5V_CPU 533/387
RAM 1375/3964MB (lfb 8x4MB) SWAP 787/6078MB (cached 34MB) IRAM 0/252kB(lfb 252kB) CPU [6%@921,5%@921,off,off] EMC_FREQ 0%@1600 GR3D_FREQ 0%@614 APE 25 PLL@29C CPU@31C iwlwifi@34C PMIC@50C GPU@30C AO@41C thermal@30.5C POM_5V_IN 1689/1988 POM_5V_GPU 82/90 POM_5V_CPU 164/387
RAM 1377/3964MB (lfb 8x4MB) SWAP 787/6078MB (cached 34MB) IRAM 0/252kB(lfb 252kB) CPU [7%@921,6%@921,off,off] EMC_FREQ 0%@1600 GR3D_FREQ 0%@614 APE 25 PLL@29.5C CPU@32C iwlwifi@32C PMIC@50C GPU@30C AO@41C thermal@30.75C POM_5V_IN 2133/1988 POM_5V_GPU 82/90 POM_5V_CPU 532/387
RAM 1376/3964MB (lfb 8x4MB) SWAP 787/6078MB (cached 34MB) IRAM 0/252kB(lfb 252kB) CPU [7%@921,7%@921,off,off] EMC_FREQ 0%@1600 GR3D_FREQ 0%@614 APE 25 PLL@29.5C CPU@32C iwlwifi@32C PMIC@50C GPU@30C AO@41C thermal@30.75C POM_5V_IN 2133/1988 POM_5V_GPU 82/90 POM_5V_CPU 533/387
RAM 1379/3964MB (lfb 8x4MB) SWAP 787/6078MB (cached 34MB) IRAM 0/252kB(lfb 252kB) CPU [6%@921,10%@921,off,off] EMC_FREQ 0%@1600 GR3D_FREQ 0%@614 APE 25 PLL@29.5C CPU@31.5C iwlwifi@32C PMIC@50C GPU@30C AO@40.5C thermal@30.75C POM_5V_IN 2174/1988 POM_5V_GPU 82/90 POM_5V_CPU 574/387
RAM 1368/3964MB (lfb 8x4MB) SWAP 787/6078MB (cached 34MB) IRAM 0/252kB(lfb 252kB) CPU [3%@921,5%@921,off,off] EMC_FREQ 0%@1600 GR3D_FREQ 0%@614 APE 25 PLL@29.5C CPU@31C iwlwifi@32C PMIC@50C GPU@30C AO@40.5C thermal@30.75C POM_5V_IN 1689/1988 POM_5V_GPU 82/90 POM_5V_CPU 164/387
RAM 1379/3964MB (lfb 8x4MB) SWAP 787/6078MB (cached 34MB) IRAM 0/252kB(lfb 252kB) CPU [6%@921,13%@921,off,off] EMC_FREQ 0%@1600 GR3D_FREQ 0%@614 APE 25 PLL@30C CPU@32C iwlwifi@32C PMIC@50C GPU@30C AO@41C thermal@30.75C POM_5V_IN 2095/1988 POM_5V_GPU 82/90 POM_5V_CPU 533/387
RAM 1381/3964MB (lfb 8x4MB) SWAP 787/6078MB (cached 34MB) IRAM 0/252kB(lfb 252kB) CPU [6%@921,7%@921,off,off] EMC_FREQ 0%@1600 GR3D_FREQ 0%@614 APE 25 PLL@30C CPU@31.5C iwlwifi@33C PMIC@50C GPU@30C AO@40.5C thermal@30.75C POM_5V_IN 1731/1988 POM_5V_GPU 82/90 POM_5V_CPU 164/387
RAM 1381/3964MB (lfb 8x4MB) SWAP 787/6078MB (cached 34MB) IRAM 0/252kB(lfb 252kB) CPU [5%@921,4%@921,off,off] EMC_FREQ 0%@1600 GR3D_FREQ 0%@614 APE 25 PLL@29.5C CPU@31.5C iwlwifi@32C PMIC@50C GPU@30C AO@40.5C thermal@30.5C POM_5V_IN 1689/1988 POM_5V_GPU 82/90 POM_5V_CPU 164/387
RAM 1384/3964MB (lfb 8x4MB) SWAP 787/6078MB (cached 34MB) IRAM 0/252kB(lfb 252kB) CPU [7%@921,7%@921,off,off] EMC_FREQ 0%@1600 GR3D_FREQ 0%@614 APE 25 PLL@30C CPU@31.5C iwlwifi@34C PMIC@50C GPU@30C AO@41C thermal@30.75C POM_5V_IN 1689/1988 POM_5V_GPU 82/90 POM_5V_CPU 164/387
RAM 1381/3964MB (lfb 8x4MB) SWAP 787/6078MB (cached 34MB) IRAM 0/252kB(lfb 252kB) CPU [8%@921,6%@921,off,off] EMC_FREQ 0%@1600 GR3D_FREQ 0%@614 APE 25 PLL@29.5C CPU@31.5C iwlwifi@32C PMIC@50C GPU@30C AO@41C thermal@31C POM_5V_IN 1687/1987 POM_5V_GPU 82/90 POM_5V_CPU 164/387
RAM 1383/3964MB (lfb 8x4MB) SWAP 787/6078MB (cached 34MB) IRAM 0/252kB(lfb 252kB) CPU [7%@921,7%@921,off,off] EMC_FREQ 0%@1600 GR3D_FREQ 0%@614 APE 25 PLL@29.5C CPU@31.5C iwlwifi@32C PMIC@50C GPU@29.5C AO@41C thermal@30.75C POM_5V_IN 1731/1987 POM_5V_GPU 82/90 POM_5V_CPU 164/386
RAM 1379/3964MB (lfb 8x4MB) SWAP 787/6078MB (cached 34MB) IRAM 0/252kB(lfb 252kB) CPU [7%@921,6%@921,off,off] EMC_FREQ 0%@1600 GR3D_FREQ 0%@614 APE 25 PLL@29.5C CPU@32C iwlwifi@33C PMIC@50C GPU@29.5C AO@41C thermal@30.75C POM_5V_IN 1728/1987 POM_5V_GPU 82/90 POM_5V_CPU 164/386
RAM 1386/3964MB (lfb 8x4MB) SWAP 787/6078MB (cached 34MB) IRAM 0/252kB(lfb 252kB) CPU [6%@921,9%@921,off,off] EMC_FREQ 0%@1600 GR3D_FREQ 0%@614 APE 25 PLL@30C CPU@31.5C iwlwifi@32C PMIC@50C GPU@29.5C AO@41C thermal@30.5C POM_5V_IN 2174/1987 POM_5V_GPU 82/90 POM_5V_CPU 451/386
RAM 1380/3964MB (lfb 8x4MB) SWAP 787/6078MB (cached 34MB) IRAM 0/252kB(lfb 252kB) CPU [7%@921,6%@921,off,off] EMC_FREQ 0%@1600 GR3D_FREQ 0%@614 APE 25 PLL@29.5C CPU@32C iwlwifi@33C PMIC@50C GPU@29.5C AO@41.5C thermal@30.75C POM_5V_IN 2256/1987 POM_5V_GPU 82/90 POM_5V_CPU 574/386
RAM 1382/3964MB (lfb 8x4MB) SWAP 787/6078MB (cached 34MB) IRAM 0/252kB(lfb 252kB) CPU [7%@921,6%@921,off,off] EMC_FREQ 0%@1600 GR3D_FREQ 0%@614 APE 25 PLL@30C CPU@32C iwlwifi@32C PMIC@50C GPU@30C AO@41C thermal@30.75C POM_5V_IN 2293/1988 POM_5V_GPU 81/90 POM_5V_CPU 573/387
RAM 1385/3964MB (lfb 8x4MB) SWAP 787/6078MB (cached 34MB) IRAM 0/252kB(lfb 252kB) CPU [7%@921,8%@921,off,off] EMC_FREQ 0%@1600 GR3D_FREQ 0%@614 APE 25 PLL@30C CPU@32C iwlwifi@32C PMIC@50C GPU@29.5C AO@41C thermal@30.5C POM_5V_IN 2297/1988 POM_5V_GPU 82/90 POM_5V_CPU 573/387
RAM 1364/3964MB (lfb 8x4MB) SWAP 787/6078MB (cached 34MB) IRAM 0/252kB(lfb 252kB) CPU [6%@921,3%@921,off,off] EMC_FREQ 0%@1600 GR3D_FREQ 0%@614 APE 25 PLL@30C CPU@31.5C iwlwifi@33C PMIC@50C GPU@30C AO@41C thermal@30.5C POM_5V_IN 2095/1988 POM_5V_GPU 82/90 POM_5V_CPU 451/387
RAM 1380/3964MB (lfb 8x4MB) SWAP 787/6078MB (cached 34MB) IRAM 0/252kB(lfb 252kB) CPU [9%@921,10%@921,off,off] EMC_FREQ 0%@1600 GR3D_FREQ 0%@614 APE 25 PLL@30C CPU@31.5C iwlwifi@32C PMIC@50C GPU@29.5C AO@40.5C thermal@30.5C POM_5V_IN 1689/1988 POM_5V_GPU 82/90 POM_5V_CPU 164/387
RAM 1380/3964MB (lfb 8x4MB) SWAP 787/6078MB (cached 34MB) IRAM 0/252kB(lfb 252kB) CPU [8%@921,6%@921,off,off] EMC_FREQ 0%@1600 GR3D_FREQ 0%@614 APE 25 PLL@29.5C CPU@31.5C iwlwifi@32C PMIC@50C GPU@30C AO@41C thermal@31C POM_5V_IN 1689/1987 POM_5V_GPU 82/90 POM_5V_CPU 164/386
RAM 1383/3964MB (lfb 8x4MB) SWAP 787/6078MB (cached 34MB) IRAM 0/252kB(lfb 252kB) CPU [5%@921,7%@921,off,off] EMC_FREQ 0%@1600 GR3D_FREQ 0%@614 APE 25 PLL@29.5C CPU@31.5C iwlwifi@32C PMIC@50C GPU@30C AO@41C thermal@30.75C POM_5V_IN 1731/1987 POM_5V_GPU 82/90 POM_5V_CPU 164/386
RAM 1381/3964MB (lfb 8x4MB) SWAP 787/6078MB (cached 34MB) IRAM 0/252kB(lfb 252kB) CPU [8%@921,9%@921,off,off] EMC_FREQ 0%@1600 GR3D_FREQ 0%@614 APE 25 PLL@30C CPU@32C iwlwifi@33C PMIC@50C GPU@30C AO@41C thermal@30.75C POM_5V_IN 2252/1987 POM_5V_GPU 81/90 POM_5V_CPU 491/386
RAM 1380/3964MB (lfb 8x4MB) SWAP 787/6078MB (cached 34MB) IRAM 0/252kB(lfb 252kB) CPU [10%@921,4%@921,off,off] EMC_FREQ 0%@1600 GR3D_FREQ 0%@614 APE 25 PLL@29.5C CPU@31.5C iwlwifi@32C PMIC@50C GPU@29.5C AO@41C thermal@30.75C POM_5V_IN 1728/1987 POM_5V_GPU 82/90 POM_5V_CPU 164/386
RAM 1384/3964MB (lfb 8x4MB) SWAP 787/6078MB (cached 34MB) IRAM 0/252kB(lfb 252kB) CPU [7%@921,8%@921,off,off] EMC_FREQ 0%@1600 GR3D_FREQ 0%@614 APE 25 PLL@30C CPU@31.5C iwlwifi@32C PMIC@50C GPU@29.5C AO@41C thermal@30.75C POM_5V_IN 1728/1987 POM_5V_GPU 82/90 POM_5V_CPU 164/386
RAM 1378/3964MB (lfb 8x4MB) SWAP 787/6078MB (cached 34MB) IRAM 0/252kB(lfb 252kB) CPU [8%@921,4%@921,off,off] EMC_FREQ 0%@1600 GR3D_FREQ 0%@614 APE 25 PLL@30C CPU@31.5C iwlwifi@32C PMIC@50C GPU@30C AO@41C thermal@30.5C POM_5V_IN 1813/1987 POM_5V_GPU 82/90 POM_5V_CPU 205/386
RAM 1378/3964MB (lfb 8x4MB) SWAP 787/6078MB (cached 34MB) IRAM 0/252kB(lfb 252kB) CPU [4%@921,10%@921,off,off] EMC_FREQ 0%@1600 GR3D_FREQ 0%@614 APE 25 PLL@30C CPU@31.5C iwlwifi@33C PMIC@50C GPU@30C AO@41C thermal@30.5C POM_5V_IN 2211/1987 POM_5V_GPU 81/90 POM_5V_CPU 491/386
RAM 1385/3964MB (lfb 8x4MB) SWAP 787/6078MB (cached 34MB) IRAM 0/252kB(lfb 252kB) CPU [6%@921,9%@921,off,off] EMC_FREQ 0%@1600 GR3D_FREQ 0%@614 APE 25 PLL@30C CPU@32C iwlwifi@32C PMIC@50C GPU@29.5C AO@41.5C thermal@30.75C POM_5V_IN 2136/1987 POM_5V_GPU 82/90 POM_5V_CPU 574/386
RAM 1386/3964MB (lfb 8x4MB) SWAP 787/6078MB (cached 34MB) IRAM 0/252kB(lfb 252kB) CPU [8%@921,6%@921,off,off] EMC_FREQ 0%@1600 GR3D_FREQ 0%@614 APE 25 PLL@30C CPU@31.5C iwlwifi@33C PMIC@50C GPU@30C AO@41C thermal@30.75C POM_5V_IN 1934/1987 POM_5V_GPU 82/90 POM_5V_CPU 329/386
RAM 1379/3964MB (lfb 8x4MB) SWAP 787/6078MB (cached 34MB) IRAM 0/252kB(lfb 252kB) CPU [5%@921,9%@921,off,off] EMC_FREQ 0%@1600 GR3D_FREQ 0%@614 APE 25 PLL@29.5C CPU@31.5C iwlwifi@33C PMIC@50C GPU@30C AO@41C thermal@30.75C POM_5V_IN 1975/1987 POM_5V_GPU 82/90 POM_5V_CPU 369/386
RAM 1380/3964MB (lfb 8x4MB) SWAP 787/6078MB (cached 34MB) IRAM 0/252kB(lfb 252kB) CPU [7%@921,6%@921,off,off] EMC_FREQ 0%@1600 GR3D_FREQ 0%@614 APE 25 PLL@30C CPU@31.5C iwlwifi@33C PMIC@50C GPU@30C AO@41C thermal@30.75C POM_5V_IN 1731/1987 POM_5V_GPU 82/90 POM_5V_CPU 164/386
RAM 1383/3964MB (lfb 8x4MB) SWAP 787/6078MB (cached 34MB) IRAM 0/252kB(lfb 252kB) CPU [8%@921,7%@921,off,off] EMC_FREQ 0%@1600 GR3D_FREQ 0%@614 APE 25 PLL@30C CPU@31.5C iwlwifi@32C PMIC@50C GPU@30C AO@41C thermal@30.5C POM_5V_IN 2297/1987 POM_5V_GPU 82/90 POM_5V_CPU 573/386
RAM 1377/3964MB (lfb 8x4MB) SWAP 787/6078MB (cached 34MB) IRAM 0/252kB(lfb 252kB) CPU [6%@921,6%@921,off,off] EMC_FREQ 0%@1600 GR3D_FREQ 0%@614 APE 25 PLL@30C CPU@31.5C iwlwifi@32C PMIC@50C GPU@30C AO@41C thermal@30.5C POM_5V_IN 2051/1987 POM_5V_GPU 82/90 POM_5V_CPU 451/386
RAM 1365/3964MB (lfb 8x4MB) SWAP 787/6078MB (cached 34MB) IRAM 0/252kB(lfb 252kB) CPU [7%@921,4%@921,off,off] EMC_FREQ 0%@1600 GR3D_FREQ 0%@614 APE 25 PLL@30C CPU@31.5C iwlwifi@33C PMIC@50C GPU@29.5C AO@41C thermal@30.75C POM_5V_IN 2133/1987 POM_5V_GPU 82/90 POM_5V_CPU 533/386
RAM 1384/3964MB (lfb 8x4MB) SWAP 787/6078MB (cached 34MB) IRAM 0/252kB(lfb 252kB) CPU [11%@921,9%@921,off,off] EMC_FREQ 0%@1600 GR3D_FREQ 0%@614 APE 25 PLL@30C CPU@31.5C iwlwifi@32C PMIC@50C GPU@29.5C AO@41C thermal@30.75C POM_5V_IN 2095/1987 POM_5V_GPU 82/90 POM_5V_CPU 492/386
RAM 1380/3964MB (lfb 8x4MB) SWAP 787/6078MB (cached 34MB) IRAM 0/252kB(lfb 252kB) CPU [7%@921,7%@921,off,off] EMC_FREQ 0%@1600 GR3D_FREQ 0%@614 APE 25 PLL@30C CPU@31.5C iwlwifi@32C PMIC@50C GPU@30C AO@41C thermal@30.75C POM_5V_IN 1689/1987 POM_5V_GPU 82/90 POM_5V_CPU 164/386
RAM 1382/3964MB (lfb 8x4MB) SWAP 787/6078MB (cached 34MB) IRAM 0/252kB(lfb 252kB) CPU [9%@921,4%@921,off,off] EMC_FREQ 0%@1600 GR3D_FREQ 0%@614 APE 25 PLL@30C CPU@31.5C iwlwifi@32C PMIC@50C GPU@29.5C AO@41C thermal@30.5C POM_5V_IN 1728/1987 POM_5V_GPU 82/90 POM_5V_CPU 164/386
RAM 1387/3964MB (lfb 8x4MB) SWAP 787/6078MB (cached 34MB) IRAM 0/252kB(lfb 252kB) CPU [10%@921,4%@921,off,off] EMC_FREQ 0%@1600 GR3D_FREQ 0%@614 APE 25 PLL@29.5C CPU@31.5C iwlwifi@32C PMIC@50C GPU@30C AO@41C thermal@31C POM_5V_IN 1689/1987 POM_5V_GPU 82/90 POM_5V_CPU 164/386
RAM 1380/3964MB (lfb 8x4MB) SWAP 787/6078MB (cached 34MB) IRAM 0/252kB(lfb 252kB) CPU [7%@921,6%@921,off,off] EMC_FREQ 0%@1600 GR3D_FREQ 0%@614 APE 25 PLL@30C CPU@31.5C iwlwifi@32C PMIC@50C GPU@30C AO@41.5C thermal@30.5C POM_5V_IN 1851/1987 POM_5V_GPU 82/90 POM_5V_CPU 246/386
RAM 1375/3964MB (lfb 8x4MB) SWAP 787/6078MB (cached 34MB) IRAM 0/252kB(lfb 252kB) CPU [10%@921,4%@921,off,off] EMC_FREQ 0%@1600 GR3D_FREQ 0%@614 APE 25 PLL@30C CPU@31.5C iwlwifi@33C PMIC@50C GPU@30C AO@41C thermal@30.75C POM_5V_IN 2256/1987 POM_5V_GPU 82/90 POM_5V_CPU 491/386
RAM 1384/3964MB (lfb 8x4MB) SWAP 787/6078MB (cached 34MB) IRAM 0/252kB(lfb 252kB) CPU [10%@921,7%@921,off,off] EMC_FREQ 0%@1600 GR3D_FREQ 0%@614 APE 25 PLL@30C CPU@31.5C iwlwifi@32C PMIC@50C GPU@30C AO@41C thermal@31C POM_5V_IN 2133/1987 POM_5V_GPU 82/90 POM_5V_CPU 574/386
RAM 1382/3964MB (lfb 8x4MB) SWAP 787/6078MB (cached 34MB) IRAM 0/252kB(lfb 252kB) CPU [7%@921,7%@921,off,off] EMC_FREQ 0%@1600 GR3D_FREQ 0%@614 APE 25 PLL@29.5C CPU@32C iwlwifi@32C PMIC@50C GPU@30C AO@41C thermal@30.75C POM_5V_IN 1689/1987 POM_5V_GPU 82/90 POM_5V_CPU 164/386
RAM 1384/3964MB (lfb 8x4MB) SWAP 787/6078MB (cached 34MB) IRAM 0/252kB(lfb 252kB) CPU [8%@921,5%@921,off,off] EMC_FREQ 0%@1600 GR3D_FREQ 0%@614 APE 25 PLL@30C CPU@31.5C iwlwifi@32C PMIC@50C GPU@30C AO@41C thermal@31C POM_5V_IN 1731/1987 POM_5V_GPU 82/90 POM_5V_CPU 164/386
RAM 1384/3964MB (lfb 8x4MB) SWAP 787/6078MB (cached 34MB) IRAM 0/252kB(lfb 252kB) CPU [8%@921,6%@921,off,off] EMC_FREQ 0%@1600 GR3D_FREQ 0%@614 APE 25 PLL@29.5C CPU@32C iwlwifi@32C PMIC@50C GPU@30C AO@40.5C thermal@31C POM_5V_IN 1810/1986 POM_5V_GPU 82/90 POM_5V_CPU 205/385
RAM 1379/3964MB (lfb 8x4MB) SWAP 787/6078MB (cached 34MB) IRAM 0/252kB(lfb 252kB) CPU [8%@921,5%@921,off,off] EMC_FREQ 0%@1600 GR3D_FREQ 0%@614 APE 25 PLL@30C CPU@31.5C iwlwifi@32C PMIC@50C GPU@30C AO@41C thermal@31C POM_5V_IN 1689/1986 POM_5V_GPU 82/90 POM_5V_CPU 164/385
RAM 1382/3964MB (lfb 8x4MB) SWAP 787/6078MB (cached 34MB) IRAM 0/252kB(lfb 252kB) CPU [6%@921,8%@921,off,off] EMC_FREQ 0%@1600 GR3D_FREQ 0%@614 APE 25 PLL@30C CPU@31.5C iwlwifi@33C PMIC@50C GPU@30C AO@41C thermal@30.75C POM_5V_IN 2170/1986 POM_5V_GPU 81/90 POM_5V_CPU 573/385
RAM 1378/3964MB (lfb 8x4MB) SWAP 787/6078MB (cached 34MB) IRAM 0/252kB(lfb 252kB) CPU [6%@921,9%@921,off,off] EMC_FREQ 0%@1600 GR3D_FREQ 0%@614 APE 25 PLL@30C CPU@32C iwlwifi@32C PMIC@50C GPU@30C AO@41C thermal@31.25C POM_5V_IN 2293/1987 POM_5V_GPU 81/90 POM_5V_CPU 573/386
RAM 1378/3964MB (lfb 8x4MB) SWAP 787/6078MB (cached 34MB) IRAM 0/252kB(lfb 252kB) CPU [10%@921,4%@921,off,off] EMC_FREQ 0%@1600 GR3D_FREQ 0%@614 APE 25 PLL@30C CPU@32C iwlwifi@33C PMIC@50C GPU@30C AO@41C thermal@30.5C POM_5V_IN 2334/1987 POM_5V_GPU 81/90 POM_5V_CPU 573/386
RAM 1380/3964MB (lfb 8x4MB) SWAP 787/6078MB (cached 34MB) IRAM 0/252kB(lfb 252kB) CPU [6%@921,10%@921,off,off] EMC_FREQ 0%@1600 GR3D_FREQ 0%@614 APE 25 PLL@30C CPU@31.5C iwlwifi@32C PMIC@50C GPU@29.5C AO@41C thermal@30.75C POM_5V_IN 2133/1987 POM_5V_GPU 82/90 POM_5V_CPU 574/386
RAM 1388/3964MB (lfb 8x4MB) SWAP 780/6078MB (cached 37MB) IRAM 0/252kB(lfb 252kB) CPU [12%@921,8%@921,off,off] EMC_FREQ 0%@1600 GR3D_FREQ 0%@614 APE 25 PLL@30C CPU@31.5C iwlwifi@32C PMIC@50C GPU@30C AO@41C thermal@30.75C POM_5V_IN 2215/1987 POM_5V_GPU 82/90 POM_5V_CPU 492/386
RAM 1390/3964MB (lfb 8x4MB) SWAP 780/6078MB (cached 37MB) IRAM 0/252kB(lfb 252kB) CPU [8%@921,8%@921,off,off] EMC_FREQ 0%@1600 GR3D_FREQ 0%@614 APE 25 PLL@30C CPU@31.5C iwlwifi@32C PMIC@50C GPU@30.5C AO@41C thermal@31C POM_5V_IN 2174/1987 POM_5V_GPU 82/90 POM_5V_CPU 328/386
RAM 1389/3964MB (lfb 8x4MB) SWAP 780/6078MB (cached 37MB) IRAM 0/252kB(lfb 252kB) CPU [7%@921,7%@921,off,off] EMC_FREQ 0%@1600 GR3D_FREQ 0%@614 APE 25 PLL@30C CPU@31.5C iwlwifi@33C PMIC@50C GPU@30C AO@41C thermal@30.75C POM_5V_IN 1934/1987 POM_5V_GPU 82/90 POM_5V_CPU 329/386
RAM 1388/3964MB (lfb 8x4MB) SWAP 780/6078MB (cached 37MB) IRAM 0/252kB(lfb 252kB) CPU [7%@921,6%@921,off,off] EMC_FREQ 0%@1600 GR3D_FREQ 0%@614 APE 25 PLL@30C CPU@31.5C iwlwifi@33C PMIC@50C GPU@30C AO@41C thermal@30.75C POM_5V_IN 1848/1987 POM_5V_GPU 82/90 POM_5V_CPU 287/386
RAM 1380/3964MB (lfb 8x4MB) SWAP 780/6078MB (cached 37MB) IRAM 0/252kB(lfb 252kB) CPU [5%@921,7%@921,off,off] EMC_FREQ 0%@1600 GR3D_FREQ 0%@614 APE 25 PLL@30C CPU@32C iwlwifi@32C PMIC@50C GPU@30C AO@41.5C thermal@30.75C POM_5V_IN 2256/1987 POM_5V_GPU 82/90 POM_5V_CPU 574/386
RAM 1390/3964MB (lfb 8x4MB) SWAP 780/6078MB (cached 37MB) IRAM 0/252kB(lfb 252kB) CPU [10%@921,9%@921,off,off] EMC_FREQ 0%@1600 GR3D_FREQ 0%@614 APE 25 PLL@30C CPU@32C iwlwifi@34C PMIC@50C GPU@29.5C AO@41C thermal@30.75C POM_5V_IN 2136/1987 POM_5V_GPU 82/90 POM_5V_CPU 533/386
RAM 1389/3964MB (lfb 8x4MB) SWAP 780/6078MB (cached 37MB) IRAM 0/252kB(lfb 252kB) CPU [5%@921,4%@921,off,off] EMC_FREQ 0%@1600 GR3D_FREQ 0%@614 APE 25 PLL@30C CPU@32C iwlwifi@33C PMIC@50C GPU@30C AO@41C thermal@30.5C POM_5V_IN 1687/1987 POM_5V_GPU 82/90 POM_5V_CPU 164/386
RAM 1386/3964MB (lfb 8x4MB) SWAP 780/6078MB (cached 37MB) IRAM 0/252kB(lfb 252kB) CPU [9%@921,4%@921,off,off] EMC_FREQ 0%@1600 GR3D_FREQ 0%@614 APE 25 PLL@29.5C CPU@31.5C iwlwifi@32C PMIC@50C GPU@29.5C AO@41C thermal@30.75C POM_5V_IN 1772/1987 POM_5V_GPU 82/90 POM_5V_CPU 206/386
RAM 1384/3964MB (lfb 8x4MB) SWAP 780/6078MB (cached 37MB) IRAM 0/252kB(lfb 252kB) CPU [7%@921,7%@921,off,off] EMC_FREQ 0%@1600 GR3D_FREQ 0%@614 APE 25 PLL@30C CPU@32C iwlwifi@33C PMIC@50C GPU@30C AO@41.5C thermal@30.5C POM_5V_IN 2215/1987 POM_5V_GPU 82/90 POM_5V_CPU 492/386
RAM 1386/3964MB (lfb 8x4MB) SWAP 780/6078MB (cached 37MB) IRAM 0/252kB(lfb 252kB) CPU [6%@921,7%@921,off,off] EMC_FREQ 0%@1600 GR3D_FREQ 0%@614 APE 25 PLL@29.5C CPU@31C iwlwifi@32C PMIC@50C GPU@29.5C AO@41C thermal@30.5C POM_5V_IN 2133/1987 POM_5V_GPU 82/90 POM_5V_CPU 533/386
RAM 1381/3964MB (lfb 8x4MB) SWAP 780/6078MB (cached 37MB) IRAM 0/252kB(lfb 252kB) CPU [6%@921,7%@921,off,off] EMC_FREQ 0%@1600 GR3D_FREQ 0%@614 APE 25 PLL@30C CPU@31.5C iwlwifi@32C PMIC@50C GPU@30C AO@41C thermal@30.25C POM_5V_IN 2174/1987 POM_5V_GPU 82/90 POM_5V_CPU 574/386
RAM 1386/3964MB (lfb 8x4MB) SWAP 780/6078MB (cached 37MB) IRAM 0/252kB(lfb 252kB) CPU [6%@921,10%@921,off,off] EMC_FREQ 0%@1600 GR3D_FREQ 0%@614 APE 25 PLL@29.5C CPU@32C iwlwifi@32C PMIC@50C GPU@30C AO@41C thermal@30.75C POM_5V_IN 2136/1988 POM_5V_GPU 82/90 POM_5V_CPU 533/386
RAM 1383/3964MB (lfb 8x4MB) SWAP 780/6078MB (cached 37MB) IRAM 0/252kB(lfb 252kB) CPU [7%@921,4%@921,off,off] EMC_FREQ 0%@1600 GR3D_FREQ 0%@614 APE 25 PLL@29C CPU@31C iwlwifi@32C PMIC@50C GPU@30C AO@41C thermal@30.5C POM_5V_IN 1689/1987 POM_5V_GPU 82/90 POM_5V_CPU 164/386
RAM 1389/3964MB (lfb 8x4MB) SWAP 780/6078MB (cached 37MB) IRAM 0/252kB(lfb 252kB) CPU [7%@921,7%@921,off,off] EMC_FREQ 0%@1600 GR3D_FREQ 0%@614 APE 25 PLL@30C CPU@31.5C iwlwifi@32C PMIC@50C GPU@30C AO@41C thermal@30.75C POM_5V_IN 2133/1987 POM_5V_GPU 82/90 POM_5V_CPU 532/386
RAM 1391/3964MB (lfb 8x4MB) SWAP 780/6078MB (cached 37MB) IRAM 0/252kB(lfb 252kB) CPU [9%@921,6%@921,off,off] EMC_FREQ 0%@1600 GR3D_FREQ 0%@614 APE 25 PLL@30C CPU@32C iwlwifi@32C PMIC@50C GPU@30C AO@41C thermal@30.25C POM_5V_IN 2174/1988 POM_5V_GPU 82/90 POM_5V_CPU 533/386
RAM 1386/3964MB (lfb 8x4MB) SWAP 780/6078MB (cached 37MB) IRAM 0/252kB(lfb 252kB) CPU [6%@921,8%@921,off,off] EMC_FREQ 0%@1600 GR3D_FREQ 0%@614 APE 25 PLL@29.5C CPU@32C iwlwifi@32C PMIC@50C GPU@30C AO@41.5C thermal@31C POM_5V_IN 2013/1988 POM_5V_GPU 82/90 POM_5V_CPU 369/386
RAM 1390/3964MB (lfb 8x4MB) SWAP 780/6078MB (cached 37MB) IRAM 0/252kB(lfb 252kB) CPU [7%@921,7%@921,off,off] EMC_FREQ 0%@1600 GR3D_FREQ 0%@614 APE 25 PLL@30C CPU@31.5C iwlwifi@32C PMIC@50C GPU@30C AO@41C thermal@30.75C POM_5V_IN 1772/1987 POM_5V_GPU 82/90 POM_5V_CPU 206/386
RAM 1390/3964MB (lfb 8x4MB) SWAP 780/6078MB (cached 37MB) IRAM 0/252kB(lfb 252kB) CPU [6%@921,8%@921,off,off] EMC_FREQ 0%@1600 GR3D_FREQ 0%@614 APE 25 PLL@29.5C CPU@31.5C iwlwifi@32C PMIC@50C GPU@29.5C AO@40.5C thermal@30.5C POM_5V_IN 1772/1987 POM_5V_GPU 82/90 POM_5V_CPU 206/386
RAM 1386/3964MB (lfb 8x4MB) SWAP 780/6078MB (cached 37MB) IRAM 0/252kB(lfb 252kB) CPU [6%@921,7%@921,off,off] EMC_FREQ 0%@1600 GR3D_FREQ 0%@614 APE 25 PLL@29.5C CPU@31C iwlwifi@32C PMIC@50C GPU@30C AO@41C thermal@30.75C POM_5V_IN 1731/1987 POM_5V_GPU 82/90 POM_5V_CPU 164/386
RAM 1388/3964MB (lfb 8x4MB) SWAP 780/6078MB (cached 37MB) IRAM 0/252kB(lfb 252kB) CPU [8%@921,6%@921,off,off] EMC_FREQ 0%@1600 GR3D_FREQ 0%@614 APE 25 PLL@29.5C CPU@31.5C iwlwifi@32C PMIC@50C GPU@30C AO@41C thermal@30.75C POM_5V_IN 1689/1987 POM_5V_GPU 82/90 POM_5V_CPU 164/386
RAM 1390/3964MB (lfb 8x4MB) SWAP 780/6078MB (cached 37MB) IRAM 0/252kB(lfb 252kB) CPU [6%@921,8%@921,off,off] EMC_FREQ 0%@1600 GR3D_FREQ 0%@614 APE 25 PLL@29.5C CPU@31.5C iwlwifi@32C PMIC@50C GPU@30C AO@40.5C thermal@30.75C POM_5V_IN 1689/1987 POM_5V_GPU 82/90 POM_5V_CPU 164/385
RAM 1381/3964MB (lfb 8x4MB) SWAP 780/6078MB (cached 37MB) IRAM 0/252kB(lfb 252kB) CPU [6%@921,4%@921,off,off] EMC_FREQ 0%@1600 GR3D_FREQ 0%@614 APE 25 PLL@29.5C CPU@31C iwlwifi@32C PMIC@50C GPU@30C AO@41C thermal@30.75C POM_5V_IN 1689/1986 POM_5V_GPU 82/90 POM_5V_CPU 123/385
RAM 1388/3964MB (lfb 8x4MB) SWAP 780/6078MB (cached 37MB) IRAM 0/252kB(lfb 252kB) CPU [10%@921,7%@921,off,off] EMC_FREQ 0%@1600 GR3D_FREQ 0%@614 APE 25 PLL@29.5C CPU@32C iwlwifi@34C PMIC@50C GPU@30C AO@41C thermal@30.5C POM_5V_IN 2133/1987 POM_5V_GPU 82/90 POM_5V_CPU 533/385
RAM 1383/3964MB (lfb 8x4MB) SWAP 780/6078MB (cached 37MB) IRAM 0/252kB(lfb 252kB) CPU [5%@921,5%@921,off,off] EMC_FREQ 0%@1600 GR3D_FREQ 0%@614 APE 25 PLL@30C CPU@31C iwlwifi@32C PMIC@50C GPU@30C AO@41C thermal@30.5C POM_5V_IN 1689/1986 POM_5V_GPU 82/90 POM_5V_CPU 164/385
RAM 1384/3964MB (lfb 8x4MB) SWAP 780/6078MB (cached 37MB) IRAM 0/252kB(lfb 252kB) CPU [5%@921,9%@921,off,off] EMC_FREQ 0%@1600 GR3D_FREQ 0%@614 APE 25 PLL@30C CPU@32C iwlwifi@32C PMIC@50C GPU@30C AO@41C thermal@30.25C POM_5V_IN 2136/1986 POM_5V_GPU 82/90 POM_5V_CPU 574/385
RAM 1382/3964MB (lfb 8x4MB) SWAP 780/6078MB (cached 37MB) IRAM 0/252kB(lfb 252kB) CPU [7%@921,7%@921,off,off] EMC_FREQ 0%@1600 GR3D_FREQ 0%@614 APE 25 PLL@29.5C CPU@31.5C iwlwifi@32C PMIC@50C GPU@29.5C AO@41C thermal@30.5C POM_5V_IN 2215/1987 POM_5V_GPU 82/90 POM_5V_CPU 492/385
RAM 1387/3964MB (lfb 8x4MB) SWAP 780/6078MB (cached 37MB) IRAM 0/252kB(lfb 252kB) CPU [9%@921,5%@921,off,off] EMC_FREQ 0%@1600 GR3D_FREQ 0%@614 APE 25 PLL@29.5C CPU@31.5C iwlwifi@32C PMIC@50C GPU@30C AO@41.5C thermal@30.75C POM_5V_IN 2133/1987 POM_5V_GPU 82/90 POM_5V_CPU 533/385
RAM 1384/3964MB (lfb 8x4MB) SWAP 780/6078MB (cached 37MB) IRAM 0/252kB(lfb 252kB) CPU [6%@921,8%@921,off,off] EMC_FREQ 0%@1600 GR3D_FREQ 0%@614 APE 25 PLL@30C CPU@31.5C iwlwifi@32C PMIC@50C GPU@30C AO@41.5C thermal@31C POM_5V_IN 2256/1987 POM_5V_GPU 82/90 POM_5V_CPU 573/386
RAM 1386/3964MB (lfb 8x4MB) SWAP 780/6078MB (cached 37MB) IRAM 0/252kB(lfb 252kB) CPU [7%@921,7%@921,off,off] EMC_FREQ 0%@1600 GR3D_FREQ 0%@614 APE 25 PLL@29.5C CPU@31.5C iwlwifi@32C PMIC@50C GPU@29.5C AO@41C thermal@30.5C POM_5V_IN 2174/1987 POM_5V_GPU 82/90 POM_5V_CPU 492/386
RAM 1392/3964MB (lfb 8x4MB) SWAP 780/6078MB (cached 37MB) IRAM 0/252kB(lfb 252kB) CPU [5%@921,9%@921,off,off] EMC_FREQ 0%@1600 GR3D_FREQ 0%@614 APE 25 PLL@30C CPU@31.5C iwlwifi@32C PMIC@50C GPU@29.5C AO@41C thermal@31C POM_5V_IN 2293/1987 POM_5V_GPU 81/90 POM_5V_CPU 573/386
RAM 1392/3964MB (lfb 8x4MB) SWAP 780/6078MB (cached 37MB) IRAM 0/252kB(lfb 252kB) CPU [9%@921,6%@921,off,off] EMC_FREQ 0%@1600 GR3D_FREQ 0%@614 APE 25 PLL@30C CPU@32C iwlwifi@32C PMIC@50C GPU@30C AO@41.5C thermal@30.75C POM_5V_IN 2215/1987 POM_5V_GPU 82/90 POM_5V_CPU 574/386
RAM 1388/3964MB (lfb 8x4MB) SWAP 780/6078MB (cached 37MB) IRAM 0/252kB(lfb 252kB) CPU [5%@921,9%@921,off,off] EMC_FREQ 0%@1600 GR3D_FREQ 0%@614 APE 25 PLL@30C CPU@31.5C iwlwifi@32C PMIC@50C GPU@29.5C AO@41C thermal@30.5C POM_5V_IN 1813/1987 POM_5V_GPU 82/90 POM_5V_CPU 205/386
RAM 1391/3964MB (lfb 8x4MB) SWAP 780/6078MB (cached 37MB) IRAM 0/252kB(lfb 252kB) CPU [7%@921,6%@921,off,off] EMC_FREQ 0%@1600 GR3D_FREQ 0%@614 APE 25 PLL@29.5C CPU@31.5C iwlwifi@32C PMIC@50C GPU@30C AO@41C thermal@30.5C POM_5V_IN 1731/1987 POM_5V_GPU 82/90 POM_5V_CPU 164/386
RAM 1390/3964MB (lfb 8x4MB) SWAP 780/6078MB (cached 37MB) IRAM 0/252kB(lfb 252kB) CPU [8%@921,6%@921,off,off] EMC_FREQ 0%@1600 GR3D_FREQ 0%@614 APE 25 PLL@29.5C CPU@31.5C iwlwifi@32C PMIC@50C GPU@29.5C AO@40.5C thermal@30.5C POM_5V_IN 1813/1987 POM_5V_GPU 82/90 POM_5V_CPU 246/386
RAM 1390/3964MB (lfb 8x4MB) SWAP 780/6078MB (cached 37MB) IRAM 0/252kB(lfb 252kB) CPU [8%@921,6%@921,off,off] EMC_FREQ 0%@1600 GR3D_FREQ 0%@614 APE 25 PLL@29.5C CPU@31.5C iwlwifi@33C PMIC@50C GPU@30C AO@41C thermal@30.5C POM_5V_IN 1689/1987 POM_5V_GPU 82/90 POM_5V_CPU 164/385
RAM 1388/3964MB (lfb 8x4MB) SWAP 780/6078MB (cached 37MB) IRAM 0/252kB(lfb 252kB) CPU [6%@921,8%@921,off,off] EMC_FREQ 0%@1600 GR3D_FREQ 0%@614 APE 25 PLL@29.5C CPU@31.5C iwlwifi@32C PMIC@50C GPU@30C AO@41C thermal@30.75C POM_5V_IN 1687/1987 POM_5V_GPU 82/90 POM_5V_CPU 164/385
RAM 1378/3964MB (lfb 8x4MB) SWAP 780/6078MB (cached 37MB) IRAM 0/252kB(lfb 252kB) CPU [5%@921,3%@921,off,off] EMC_FREQ 0%@1600 GR3D_FREQ 0%@614 APE 25 PLL@30C CPU@31.5C iwlwifi@32C PMIC@50C GPU@30C AO@41C thermal@30.5C POM_5V_IN 1689/1986 POM_5V_GPU 82/90 POM_5V_CPU 164/385
RAM 1390/3964MB (lfb 8x4MB) SWAP 780/6078MB (cached 37MB) IRAM 0/252kB(lfb 252kB) CPU [9%@921,9%@921,off,off] EMC_FREQ 0%@1600 GR3D_FREQ 0%@614 APE 25 PLL@30C CPU@32C iwlwifi@32C PMIC@50C GPU@30C AO@41C thermal@30.5C POM_5V_IN 2095/1986 POM_5V_GPU 82/90 POM_5V_CPU 533/385
RAM 1382/3964MB (lfb 8x4MB) SWAP 780/6078MB (cached 37MB) IRAM 0/252kB(lfb 252kB) CPU [6%@921,5%@921,off,off] EMC_FREQ 0%@1600 GR3D_FREQ 0%@614 APE 25 PLL@30C CPU@31C iwlwifi@32C PMIC@50C GPU@30C AO@41C thermal@30.25C POM_5V_IN 1689/1986 POM_5V_GPU 82/90 POM_5V_CPU 164/385
RAM 1388/3964MB (lfb 8x4MB) SWAP 780/6078MB (cached 37MB) IRAM 0/252kB(lfb 252kB) CPU [6%@921,8%@921,off,off] EMC_FREQ 0%@1600 GR3D_FREQ 0%@614 APE 25 PLL@30C CPU@31.5C iwlwifi@32C PMIC@50C GPU@30C AO@41C thermal@30.75C POM_5V_IN 2174/1986 POM_5V_GPU 82/90 POM_5V_CPU 574/385
RAM 1392/3964MB (lfb 8x4MB) SWAP 780/6078MB (cached 37MB) IRAM 0/252kB(lfb 252kB) CPU [7%@921,7%@921,off,off] EMC_FREQ 0%@1600 GR3D_FREQ 0%@614 APE 25 PLL@30C CPU@31.5C iwlwifi@32C PMIC@50C GPU@30C AO@41C thermal@30.5C POM_5V_IN 2334/1987 POM_5V_GPU 81/90 POM_5V_CPU 573/385
RAM 1392/3964MB (lfb 8x4MB) SWAP 780/6078MB (cached 37MB) IRAM 0/252kB(lfb 252kB) CPU [7%@921,6%@921,off,off] EMC_FREQ 0%@1600 GR3D_FREQ 0%@614 APE 25 PLL@30C CPU@32C iwlwifi@32C PMIC@50C GPU@30C AO@41C thermal@30.5C POM_5V_IN 2256/1987 POM_5V_GPU 82/90 POM_5V_CPU 574/385
RAM 1388/3964MB (lfb 8x4MB) SWAP 780/6078MB (cached 37MB) IRAM 0/252kB(lfb 252kB) CPU [6%@921,9%@921,off,off] EMC_FREQ 0%@1600 GR3D_FREQ 0%@614 APE 25 PLL@30C CPU@31.5C iwlwifi@32C PMIC@50C GPU@30C AO@41C thermal@30.5C POM_5V_IN 2256/1987 POM_5V_GPU 82/90 POM_5V_CPU 574/386
RAM 1386/3964MB (lfb 8x4MB) SWAP 780/6078MB (cached 37MB) IRAM 0/252kB(lfb 252kB) CPU [10%@921,3%@921,off,off] EMC_FREQ 0%@1600 GR3D_FREQ 0%@614 APE 25 PLL@30C CPU@31C iwlwifi@32C PMIC@50C GPU@29.5C AO@41C thermal@30.75C POM_5V_IN 1772/1987 POM_5V_GPU 82/90 POM_5V_CPU 206/385
RAM 1390/3964MB (lfb 8x4MB) SWAP 780/6078MB (cached 37MB) IRAM 0/252kB(lfb 252kB) CPU [7%@921,7%@921,off,off] EMC_FREQ 0%@1600 GR3D_FREQ 0%@614 APE 25 PLL@30C CPU@31.5C iwlwifi@32C PMIC@50C GPU@29.5C AO@41C thermal@30.75C POM_5V_IN 1731/1987 POM_5V_GPU 82/90 POM_5V_CPU 164/385
RAM 1388/3964MB (lfb 8x4MB) SWAP 780/6078MB (cached 37MB) IRAM 0/252kB(lfb 252kB) CPU [5%@921,8%@921,off,off] EMC_FREQ 0%@1600 GR3D_FREQ 0%@614 APE 25 PLL@29.5C CPU@31.5C iwlwifi@32C PMIC@50C GPU@30C AO@41C thermal@30.75C POM_5V_IN 1689/1986 POM_5V_GPU 82/90 POM_5V_CPU 164/385
RAM 1390/3964MB (lfb 8x4MB) SWAP 780/6078MB (cached 37MB) IRAM 0/252kB(lfb 252kB) CPU [8%@921,6%@921,off,off] EMC_FREQ 0%@1600 GR3D_FREQ 0%@614 APE 25 PLL@30C CPU@31C iwlwifi@32C PMIC@50C GPU@29.5C AO@41C thermal@30.5C POM_5V_IN 1689/1986 POM_5V_GPU 82/90 POM_5V_CPU 164/385
RAM 1388/3964MB (lfb 8x4MB) SWAP 780/6078MB (cached 37MB) IRAM 0/252kB(lfb 252kB) CPU [5%@921,9%@921,off,off] EMC_FREQ 0%@1600 GR3D_FREQ 0%@614 APE 25 PLL@29.5C CPU@31.5C iwlwifi@32C PMIC@50C GPU@29.5C AO@41C thermal@30.25C POM_5V_IN 1731/1986 POM_5V_GPU 82/90 POM_5V_CPU 164/385
RAM 1380/3964MB (lfb 8x4MB) SWAP 780/6078MB (cached 37MB) IRAM 0/252kB(lfb 252kB) CPU [6%@921,4%@921,off,off] EMC_FREQ 0%@1600 GR3D_FREQ 0%@614 APE 25 PLL@30C CPU@31C iwlwifi@32C PMIC@50C GPU@29.5C AO@41C thermal@30.5C POM_5V_IN 1689/1986 POM_5V_GPU 82/90 POM_5V_CPU 164/385
RAM 1386/3964MB (lfb 8x4MB) SWAP 780/6078MB (cached 37MB) IRAM 0/252kB(lfb 252kB) CPU [9%@921,8%@921,off,off] EMC_FREQ 0%@1600 GR3D_FREQ 0%@614 APE 25 PLL@30C CPU@32C iwlwifi@32C PMIC@50C GPU@29.5C AO@41C thermal@30.5C POM_5V_IN 2133/1986 POM_5V_GPU 82/90 POM_5V_CPU 574/385
RAM 1388/3964MB (lfb 8x4MB) SWAP 780/6078MB (cached 37MB) IRAM 0/252kB(lfb 252kB) CPU [6%@921,5%@921,off,off] EMC_FREQ 0%@1600 GR3D_FREQ 0%@614 APE 25 PLL@29.5C CPU@31.5C iwlwifi@32C PMIC@50C GPU@30C AO@41C thermal@30.5C POM_5V_IN 1689/1986 POM_5V_GPU 82/90 POM_5V_CPU 164/385
RAM 1385/3964MB (lfb 8x4MB) SWAP 780/6078MB (cached 37MB) IRAM 0/252kB(lfb 252kB) CPU [7%@921,5%@921,off,off] EMC_FREQ 0%@1600 GR3D_FREQ 0%@614 APE 25 PLL@30C CPU@31.5C iwlwifi@32C PMIC@50C GPU@29.5C AO@41C thermal@30.5C POM_5V_IN 2174/1986 POM_5V_GPU 82/90 POM_5V_CPU 492/385
RAM 1393/3964MB (lfb 8x4MB) SWAP 780/6078MB (cached 37MB) IRAM 0/252kB(lfb 252kB) CPU [9%@921,7%@921,off,off] EMC_FREQ 0%@1600 GR3D_FREQ 0%@614 APE 25 PLL@30C CPU@31.5C iwlwifi@32C PMIC@50C GPU@30C AO@41C thermal@30.75C POM_5V_IN 2136/1986 POM_5V_GPU 82/90 POM_5V_CPU 533/385
RAM 1392/3964MB (lfb 8x4MB) SWAP 780/6078MB (cached 37MB) IRAM 0/252kB(lfb 252kB) CPU [7%@921,6%@921,off,off] EMC_FREQ 0%@1600 GR3D_FREQ 0%@614 APE 25 PLL@30C CPU@31.5C iwlwifi@32C PMIC@50C GPU@30C AO@41C thermal@31C POM_5V_IN 2215/1986 POM_5V_GPU 82/90 POM_5V_CPU 574/385
RAM 1388/3964MB (lfb 8x4MB) SWAP 780/6078MB (cached 37MB) IRAM 0/252kB(lfb 252kB) CPU [8%@921,6%@921,off,off] EMC_FREQ 0%@1600 GR3D_FREQ 0%@614 APE 25 PLL@30C CPU@31.5C iwlwifi@32C PMIC@50C GPU@30C AO@41C thermal@30.75C POM_5V_IN 1810/1986 POM_5V_GPU 82/90 POM_5V_CPU 246/385
RAM 1390/3964MB (lfb 8x4MB) SWAP 780/6078MB (cached 37MB) IRAM 0/252kB(lfb 252kB) CPU [5%@921,8%@921,off,off] EMC_FREQ 0%@1600 GR3D_FREQ 0%@614 APE 25 PLL@30C CPU@31.5C iwlwifi@32C PMIC@50C GPU@30C AO@41C thermal@30.5C POM_5V_IN 1728/1986 POM_5V_GPU 82/90 POM_5V_CPU 164/385
RAM 1390/3964MB (lfb 8x4MB) SWAP 780/6078MB (cached 37MB) IRAM 0/252kB(lfb 252kB) CPU [5%@921,8%@921,off,off] EMC_FREQ 0%@1600 GR3D_FREQ 0%@614 APE 25 PLL@30C CPU@31.5C iwlwifi@32C PMIC@50C GPU@30C AO@41C thermal@30.75C POM_5V_IN 1689/1986 POM_5V_GPU 82/90 POM_5V_CPU 164/385
RAM 1386/3964MB (lfb 8x4MB) SWAP 780/6078MB (cached 37MB) IRAM 0/252kB(lfb 252kB) CPU [5%@921,9%@921,off,off] EMC_FREQ 0%@1600 GR3D_FREQ 0%@614 APE 25 PLL@30C CPU@31C iwlwifi@32C PMIC@50C GPU@30C AO@41C thermal@30.5C POM_5V_IN 1689/1985 POM_5V_GPU 82/90 POM_5V_CPU 123/384
RAM 1388/3964MB (lfb 8x4MB) SWAP 780/6078MB (cached 37MB) IRAM 0/252kB(lfb 252kB) CPU [6%@921,7%@921,off,off] EMC_FREQ 0%@1600 GR3D_FREQ 0%@614 APE 25 PLL@30C CPU@31.5C iwlwifi@32C PMIC@50C GPU@30C AO@41C thermal@30.5C POM_5V_IN 1689/1985 POM_5V_GPU 82/90 POM_5V_CPU 164/384
RAM 1378/3964MB (lfb 8x4MB) SWAP 779/6078MB (cached 37MB) IRAM 0/252kB(lfb 252kB) CPU [4%@921,5%@921,off,off] EMC_FREQ 0%@1600 GR3D_FREQ 0%@614 APE 25 PLL@30C CPU@31.5C iwlwifi@32C PMIC@50C GPU@30C AO@41C thermal@30.75C POM_5V_IN 1689/1985 POM_5V_GPU 82/90 POM_5V_CPU 164/384
RAM 1390/3964MB (lfb 8x4MB) SWAP 779/6078MB (cached 37MB) IRAM 0/252kB(lfb 252kB) CPU [12%@921,5%@921,off,off] EMC_FREQ 0%@1600 GR3D_FREQ 0%@614 APE 25 PLL@30C CPU@31.5C iwlwifi@32C PMIC@50C GPU@30C AO@41C thermal@30.5C POM_5V_IN 2095/1985 POM_5V_GPU 82/90 POM_5V_CPU 493/384
RAM 1386/3964MB (lfb 8x4MB) SWAP 779/6078MB (cached 37MB) IRAM 0/252kB(lfb 252kB) CPU [9%@921,2%@921,off,off] EMC_FREQ 0%@1600 GR3D_FREQ 0%@614 APE 25 PLL@29.5C CPU@31C iwlwifi@32C PMIC@50C GPU@30C AO@40.5C thermal@30.5C POM_5V_IN 1689/1985 POM_5V_GPU 82/90 POM_5V_CPU 164/384
RAM 1387/3964MB (lfb 8x4MB) SWAP 779/6078MB (cached 37MB) IRAM 0/252kB(lfb 252kB) CPU [7%@921,7%@921,off,off] EMC_FREQ 0%@1600 GR3D_FREQ 0%@614 APE 25 PLL@30C CPU@31C iwlwifi@33C PMIC@50C GPU@30C AO@41C thermal@31C POM_5V_IN 2133/1985 POM_5V_GPU 82/90 POM_5V_CPU 533/384
RAM 1387/3964MB (lfb 8x4MB) SWAP 779/6078MB (cached 37MB) IRAM 0/252kB(lfb 252kB) CPU [10%@921,5%@921,off,off] EMC_FREQ 0%@1600 GR3D_FREQ 0%@614 APE 25 PLL@29.5C CPU@32C iwlwifi@32C PMIC@50C GPU@30C AO@41C thermal@30.5C POM_5V_IN 2174/1985 POM_5V_GPU 82/90 POM_5V_CPU 574/384
RAM 1394/3964MB (lfb 8x4MB) SWAP 779/6078MB (cached 37MB) IRAM 0/252kB(lfb 252kB) CPU [8%@921,5%@921,off,off] EMC_FREQ 0%@1600 GR3D_FREQ 0%@614 APE 25 PLL@29.5C CPU@32C iwlwifi@32C PMIC@50C GPU@30C AO@41C thermal@30.25C POM_5V_IN 2334/1985 POM_5V_GPU 81/90 POM_5V_CPU 614/384
RAM 1388/3964MB (lfb 8x4MB) SWAP 779/6078MB (cached 37MB) IRAM 0/252kB(lfb 252kB) CPU [7%@921,7%@921,off,off] EMC_FREQ 0%@1600 GR3D_FREQ 0%@614 APE 25 PLL@29.5C CPU@31C iwlwifi@32C PMIC@50C GPU@30C AO@41C thermal@30.25C POM_5V_IN 2013/1985 POM_5V_GPU 82/90 POM_5V_CPU 369/384
RAM 1387/3964MB (lfb 8x4MB) SWAP 779/6078MB (cached 37MB) IRAM 0/252kB(lfb 252kB) CPU [7%@921,6%@921,off,off] EMC_FREQ 0%@1600 GR3D_FREQ 0%@614 APE 25 PLL@29.5C CPU@31C iwlwifi@32C PMIC@50C GPU@29.5C AO@41C thermal@30.5C POM_5V_IN 1772/1985 POM_5V_GPU 82/90 POM_5V_CPU 206/384
RAM 1388/3964MB (lfb 8x4MB) SWAP 779/6078MB (cached 37MB) IRAM 0/252kB(lfb 252kB) CPU [6%@921,7%@921,off,off] EMC_FREQ 0%@1600 GR3D_FREQ 0%@614 APE 25 PLL@30C CPU@31C iwlwifi@32C PMIC@50C GPU@30C AO@40.5C thermal@30.75C POM_5V_IN 1731/1985 POM_5V_GPU 82/90 POM_5V_CPU 164/384
RAM 1388/3964MB (lfb 8x4MB) SWAP 779/6078MB (cached 37MB) IRAM 0/252kB(lfb 252kB) CPU [8%@921,5%@921,off,off] EMC_FREQ 0%@1600 GR3D_FREQ 0%@614 APE 25 PLL@30C CPU@31.5C iwlwifi@32C PMIC@50C GPU@29.5C AO@41C thermal@30.5C POM_5V_IN 1689/1985 POM_5V_GPU 82/90 POM_5V_CPU 164/384
RAM 1390/3964MB (lfb 8x4MB) SWAP 779/6078MB (cached 37MB) IRAM 0/252kB(lfb 252kB) CPU [8%@921,7%@921,off,off] EMC_FREQ 0%@1600 GR3D_FREQ 0%@614 APE 25 PLL@29.5C CPU@31C iwlwifi@32C PMIC@50C GPU@30C AO@41C thermal@30.75C POM_5V_IN 1689/1985 POM_5V_GPU 82/90 POM_5V_CPU 164/384
RAM 1390/3964MB (lfb 8x4MB) SWAP 779/6078MB (cached 37MB) IRAM 0/252kB(lfb 252kB) CPU [8%@921,5%@921,off,off] EMC_FREQ 0%@1600 GR3D_FREQ 0%@614 APE 25 PLL@30C CPU@31.5C iwlwifi@32C PMIC@50C GPU@30C AO@40.5C thermal@30.5C POM_5V_IN 1689/1984 POM_5V_GPU 82/90 POM_5V_CPU 164/384
RAM 1388/3964MB (lfb 8x4MB) SWAP 779/6078MB (cached 37MB) IRAM 0/252kB(lfb 252kB) CPU [7%@921,6%@921,off,off] EMC_FREQ 0%@1600 GR3D_FREQ 0%@614 APE 25 PLL@29.5C CPU@31C iwlwifi@32C PMIC@50C GPU@30C AO@40.5C thermal@30.25C POM_5V_IN 1731/1984 POM_5V_GPU 82/90 POM_5V_CPU 164/383
RAM 1401/3964MB (lfb 8x4MB) SWAP 779/6078MB (cached 37MB) IRAM 0/252kB(lfb 252kB) CPU [7%@921,8%@921,off,off] EMC_FREQ 0%@1600 GR3D_FREQ 0%@614 APE 25 PLL@30C CPU@31C iwlwifi@32C PMIC@50C GPU@30C AO@41C thermal@30.25C POM_5V_IN 1689/1984 POM_5V_GPU 82/90 POM_5V_CPU 164/383
RAM 1388/3964MB (lfb 8x4MB) SWAP 779/6078MB (cached 37MB) IRAM 0/252kB(lfb 252kB) CPU [9%@921,5%@921,off,off] EMC_FREQ 0%@1600 GR3D_FREQ 0%@614 APE 25 PLL@30C CPU@31C iwlwifi@32C PMIC@50C GPU@29.5C AO@41C thermal@30.5C POM_5V_IN 1687/1984 POM_5V_GPU 82/90 POM_5V_CPU 164/383
RAM 1380/3964MB (lfb 8x4MB) SWAP 779/6078MB (cached 37MB) IRAM 0/252kB(lfb 252kB) CPU [4%@921,5%@921,off,off] EMC_FREQ 0%@1600 GR3D_FREQ 0%@614 APE 25 PLL@30C CPU@31C iwlwifi@32C PMIC@50C GPU@30C AO@41C thermal@30.5C POM_5V_IN 1689/1984 POM_5V_GPU 82/90 POM_5V_CPU 164/383
RAM 1390/3964MB (lfb 8x4MB) SWAP 779/6078MB (cached 37MB) IRAM 0/252kB(lfb 252kB) CPU [8%@921,9%@921,off,off] EMC_FREQ 0%@1600 GR3D_FREQ 0%@614 APE 25 PLL@30C CPU@31C iwlwifi@32C PMIC@50C GPU@30C AO@41C thermal@30.25C POM_5V_IN 2136/1984 POM_5V_GPU 82/90 POM_5V_CPU 533/383
RAM 1385/3964MB (lfb 8x4MB) SWAP 779/6078MB (cached 37MB) IRAM 0/252kB(lfb 252kB) CPU [3%@921,7%@921,off,off] EMC_FREQ 0%@1600 GR3D_FREQ 0%@614 APE 25 PLL@29.5C CPU@31.5C iwlwifi@32C PMIC@50C GPU@30C AO@41C thermal@30.75C POM_5V_IN 1689/1983 POM_5V_GPU 82/90 POM_5V_CPU 164/383
RAM 1388/3964MB (lfb 8x4MB) SWAP 779/6078MB (cached 37MB) IRAM 0/252kB(lfb 252kB) CPU [8%@921,8%@921,off,off] EMC_FREQ 0%@1600 GR3D_FREQ 0%@614 APE 25 PLL@30C CPU@31.5C iwlwifi@32C PMIC@50C GPU@30C AO@41C thermal@30.5C POM_5V_IN 2136/1984 POM_5V_GPU 82/90 POM_5V_CPU 533/383
RAM 1386/3964MB (lfb 8x4MB) SWAP 779/6078MB (cached 37MB) IRAM 0/252kB(lfb 252kB) CPU [4%@921,8%@921,off,off] EMC_FREQ 0%@1600 GR3D_FREQ 0%@614 APE 25 PLL@30C CPU@31.5C iwlwifi@32C PMIC@50C GPU@29.5C AO@41C thermal@31C POM_5V_IN 1689/1983 POM_5V_GPU 82/90 POM_5V_CPU 123/383
RAM 1394/3964MB (lfb 8x4MB) SWAP 779/6078MB (cached 37MB) IRAM 0/252kB(lfb 252kB) CPU [8%@921,7%@921,off,off] EMC_FREQ 0%@1600 GR3D_FREQ 0%@614 APE 25 PLL@30C CPU@32C iwlwifi@32C PMIC@50C GPU@29.5C AO@41C thermal@30.5C POM_5V_IN 2297/1984 POM_5V_GPU 81/90 POM_5V_CPU 573/383
RAM 1392/3964MB (lfb 8x4MB) SWAP 779/6078MB (cached 37MB) IRAM 0/252kB(lfb 252kB) CPU [7%@921,7%@921,off,off] EMC_FREQ 0%@1600 GR3D_FREQ 0%@614 APE 25 PLL@30C CPU@31.5C iwlwifi@32C PMIC@50C GPU@30C AO@41C thermal@30.5C POM_5V_IN 2174/1984 POM_5V_GPU 82/90 POM_5V_CPU 533/383
RAM 1388/3964MB (lfb 8x4MB) SWAP 779/6078MB (cached 37MB) IRAM 0/252kB(lfb 252kB) CPU [10%@921,4%@921,off,off] EMC_FREQ 0%@1600 GR3D_FREQ 0%@614 APE 25 PLL@30C CPU@31.5C iwlwifi@32C PMIC@50C GPU@30C AO@41C thermal@30.75C POM_5V_IN 1975/1984 POM_5V_GPU 82/90 POM_5V_CPU 369/383
RAM 1388/3964MB (lfb 8x4MB) SWAP 779/6078MB (cached 37MB) IRAM 0/252kB(lfb 252kB) CPU [5%@921,8%@921,off,off] EMC_FREQ 0%@1600 GR3D_FREQ 0%@614 APE 25 PLL@29.5C CPU@31.5C iwlwifi@32C PMIC@50C GPU@30C AO@41C thermal@30.5C POM_5V_IN 1731/1984 POM_5V_GPU 82/90 POM_5V_CPU 164/383
RAM 1390/3964MB (lfb 8x4MB) SWAP 779/6078MB (cached 37MB) IRAM 0/252kB(lfb 252kB) CPU [6%@921,7%@921,off,off] EMC_FREQ 0%@1600 GR3D_FREQ 0%@614 APE 25 PLL@29.5C CPU@31C iwlwifi@32C PMIC@50C GPU@30C AO@40.5C thermal@30.75C POM_5V_IN 1689/1983 POM_5V_GPU 82/90 POM_5V_CPU 164/383
RAM 1390/3964MB (lfb 8x4MB) SWAP 779/6078MB (cached 37MB) IRAM 0/252kB(lfb 252kB) CPU [8%@921,6%@921,off,off] EMC_FREQ 0%@1600 GR3D_FREQ 0%@614 APE 25 PLL@30C CPU@31.5C iwlwifi@32C PMIC@50C GPU@30C AO@41C thermal@30.5C POM_5V_IN 1689/1983 POM_5V_GPU 82/90 POM_5V_CPU 164/383
RAM 1386/3964MB (lfb 8x4MB) SWAP 779/6078MB (cached 37MB) IRAM 0/252kB(lfb 252kB) CPU [8%@921,5%@921,off,off] EMC_FREQ 0%@1600 GR3D_FREQ 0%@614 APE 25 PLL@29.5C CPU@31C iwlwifi@32C PMIC@50C GPU@30C AO@41C thermal@30.5C POM_5V_IN 1687/1983 POM_5V_GPU 82/90 POM_5V_CPU 164/382
RAM 1381/3964MB (lfb 8x4MB) SWAP 779/6078MB (cached 37MB) IRAM 0/252kB(lfb 252kB) CPU [3%@921,6%@921,off,off] EMC_FREQ 0%@1600 GR3D_FREQ 0%@614 APE 25 PLL@30C CPU@31C iwlwifi@32C PMIC@50C GPU@30C AO@41C thermal@30.5C POM_5V_IN 1689/1983 POM_5V_GPU 82/90 POM_5V_CPU 164/382
RAM 1390/3964MB (lfb 8x4MB) SWAP 779/6078MB (cached 37MB) IRAM 0/252kB(lfb 252kB) CPU [10%@921,7%@921,off,off] EMC_FREQ 0%@1600 GR3D_FREQ 0%@614 APE 25 PLL@30C CPU@32C iwlwifi@32C PMIC@50C GPU@29.5C AO@41C thermal@30.5C POM_5V_IN 2136/1983 POM_5V_GPU 82/90 POM_5V_CPU 533/382
RAM 1383/3964MB (lfb 8x4MB) SWAP 779/6078MB (cached 37MB) IRAM 0/252kB(lfb 252kB) CPU [4%@921,7%@921,off,off] EMC_FREQ 0%@1600 GR3D_FREQ 0%@614 APE 25 PLL@29.5C CPU@31C iwlwifi@32C PMIC@50C GPU@29.5C AO@41C thermal@30.5C POM_5V_IN 1731/1983 POM_5V_GPU 82/90 POM_5V_CPU 164/382
RAM 1385/3964MB (lfb 8x4MB) SWAP 779/6078MB (cached 37MB) IRAM 0/252kB(lfb 252kB) CPU [7%@921,7%@921,off,off] EMC_FREQ 0%@1600 GR3D_FREQ 0%@614 APE 25 PLL@30C CPU@31.5C iwlwifi@32C PMIC@50C GPU@30C AO@41C thermal@30.5C POM_5V_IN 2133/1983 POM_5V_GPU 82/90 POM_5V_CPU 574/382
RAM 1389/3964MB (lfb 8x4MB) SWAP 779/6078MB (cached 37MB) IRAM 0/252kB(lfb 252kB) CPU [7%@921,7%@921,off,off] EMC_FREQ 0%@1600 GR3D_FREQ 0%@614 APE 25 PLL@30C CPU@32C iwlwifi@32C PMIC@50C GPU@30C AO@41C thermal@30.5C POM_5V_IN 2174/1983 POM_5V_GPU 82/90 POM_5V_CPU 574/383
RAM 1392/3964MB (lfb 8x4MB) SWAP 779/6078MB (cached 37MB) IRAM 0/252kB(lfb 252kB) CPU [5%@921,10%@921,off,off] EMC_FREQ 0%@1600 GR3D_FREQ 0%@614 APE 25 PLL@30C CPU@32C iwlwifi@32C PMIC@50C GPU@30C AO@41C thermal@30.25C POM_5V_IN 2293/1983 POM_5V_GPU 81/90 POM_5V_CPU 614/383
RAM 1386/3964MB (lfb 8x4MB) SWAP 779/6078MB (cached 37MB) IRAM 0/252kB(lfb 252kB) CPU [7%@921,6%@921,off,off] EMC_FREQ 0%@1600 GR3D_FREQ 0%@614 APE 25 PLL@30C CPU@31.5C iwlwifi@32C PMIC@50C GPU@30C AO@41C thermal@31C POM_5V_IN 1892/1983 POM_5V_GPU 82/90 POM_5V_CPU 329/383
RAM 1386/3964MB (lfb 8x4MB) SWAP 779/6078MB (cached 37MB) IRAM 0/252kB(lfb 252kB) CPU [8%@921,5%@921,off,off] EMC_FREQ 0%@1600 GR3D_FREQ 0%@614 APE 25 PLL@29.5C CPU@31.5C iwlwifi@32C PMIC@50C GPU@30C AO@41C thermal@30.25C POM_5V_IN 1731/1983 POM_5V_GPU 82/90 POM_5V_CPU 164/382
RAM 1388/3964MB (lfb 8x4MB) SWAP 779/6078MB (cached 37MB) IRAM 0/252kB(lfb 252kB) CPU [5%@921,8%@921,off,off] EMC_FREQ 0%@1600 GR3D_FREQ 0%@614 APE 25 PLL@30C CPU@31C iwlwifi@32C PMIC@50C GPU@29.5C AO@40.5C thermal@30.75C POM_5V_IN 1731/1983 POM_5V_GPU 82/90 POM_5V_CPU 164/382
RAM 1390/3964MB (lfb 8x4MB) SWAP 779/6078MB (cached 37MB) IRAM 0/252kB(lfb 252kB) CPU [8%@921,5%@921,off,off] EMC_FREQ 0%@1600 GR3D_FREQ 0%@614 APE 25 PLL@29.5C CPU@31C iwlwifi@32C PMIC@50C GPU@30C AO@41C thermal@30.5C POM_5V_IN 1689/1982 POM_5V_GPU 82/90 POM_5V_CPU 164/382
RAM 1390/3964MB (lfb 8x4MB) SWAP 779/6078MB (cached 37MB) IRAM 0/252kB(lfb 252kB) CPU [9%@921,5%@921,off,off] EMC_FREQ 0%@1600 GR3D_FREQ 0%@614 APE 25 PLL@30C CPU@31.5C iwlwifi@32C PMIC@50C GPU@30C AO@41C thermal@30.5C POM_5V_IN 1689/1982 POM_5V_GPU 82/90 POM_5V_CPU 164/382
RAM 1386/3964MB (lfb 8x4MB) SWAP 779/6078MB (cached 37MB) IRAM 0/252kB(lfb 252kB) CPU [10%@921,4%@921,off,off] EMC_FREQ 0%@1600 GR3D_FREQ 0%@614 APE 25 PLL@29.5C CPU@31C iwlwifi@32C PMIC@50C GPU@30C AO@40.5C thermal@30.25C POM_5V_IN 1689/1982 POM_5V_GPU 82/90 POM_5V_CPU 164/382
RAM 1380/3964MB (lfb 8x4MB) SWAP 779/6078MB (cached 37MB) IRAM 0/252kB(lfb 252kB) CPU [5%@921,4%@921,off,off] EMC_FREQ 0%@1600 GR3D_FREQ 0%@614 APE 25 PLL@29.5C CPU@31C iwlwifi@32C PMIC@50C GPU@30C AO@41C thermal@30.5C POM_5V_IN 1731/1982 POM_5V_GPU 82/90 POM_5V_CPU 164/382
RAM 1392/3964MB (lfb 8x4MB) SWAP 779/6078MB (cached 37MB) IRAM 0/252kB(lfb 252kB) CPU [7%@921,11%@921,off,off] EMC_FREQ 0%@1600 GR3D_FREQ 0%@614 APE 25 PLL@29.5C CPU@31.5C iwlwifi@32C PMIC@50C GPU@30C AO@41C thermal@30.75C POM_5V_IN 2136/1982 POM_5V_GPU 82/90 POM_5V_CPU 533/382
RAM 1384/3964MB (lfb 8x4MB) SWAP 779/6078MB (cached 37MB) IRAM 0/252kB(lfb 252kB) CPU [3%@921,8%@921,off,off] EMC_FREQ 0%@1600 GR3D_FREQ 0%@614 APE 25 PLL@29.5C CPU@31C iwlwifi@32C PMIC@50C GPU@30C AO@41C thermal@30.5C POM_5V_IN 1689/1982 POM_5V_GPU 82/90 POM_5V_CPU 123/382
RAM 1385/3964MB (lfb 8x4MB) SWAP 779/6078MB (cached 37MB) IRAM 0/252kB(lfb 252kB) CPU [9%@921,5%@921,off,off] EMC_FREQ 0%@1600 GR3D_FREQ 0%@614 APE 25 PLL@30C CPU@32C iwlwifi@32C PMIC@50C GPU@30C AO@41C thermal@30.5C POM_5V_IN 2174/1982 POM_5V_GPU 82/90 POM_5V_CPU 451/382
RAM 1392/3964MB (lfb 8x4MB) SWAP 779/6078MB (cached 37MB) IRAM 0/252kB(lfb 252kB) CPU [5%@921,8%@921,off,off] EMC_FREQ 0%@1600 GR3D_FREQ 0%@614 APE 25 PLL@30C CPU@31.5C iwlwifi@32C PMIC@50C GPU@30C AO@41C thermal@30.75C POM_5V_IN 2331/1982 POM_5V_GPU 81/90 POM_5V_CPU 572/382
RAM 1392/3964MB (lfb 8x4MB) SWAP 779/6078MB (cached 37MB) IRAM 0/252kB(lfb 252kB) CPU [6%@921,8%@921,off,off] EMC_FREQ 0%@1600 GR3D_FREQ 0%@614 APE 25 PLL@30C CPU@32C iwlwifi@32C PMIC@50C GPU@30C AO@41C thermal@30.25C POM_5V_IN 2215/1982 POM_5V_GPU 82/89 POM_5V_CPU 574/382
RAM 1388/3964MB (lfb 8x4MB) SWAP 779/6078MB (cached 37MB) IRAM 0/252kB(lfb 252kB) CPU [8%@921,6%@921,off,off] EMC_FREQ 0%@1600 GR3D_FREQ 0%@614 APE 25 PLL@29.5C CPU@31.5C iwlwifi@32C PMIC@50C GPU@30C AO@40.5C thermal@30.75C POM_5V_IN 1813/1982 POM_5V_GPU 82/89 POM_5V_CPU 246/382
RAM 1386/3964MB (lfb 8x4MB) SWAP 779/6078MB (cached 37MB) IRAM 0/252kB(lfb 252kB) CPU [4%@921,9%@921,off,off] EMC_FREQ 0%@1600 GR3D_FREQ 0%@614 APE 25 PLL@30C CPU@31C iwlwifi@32C PMIC@50C GPU@30C AO@41C thermal@30.5C POM_5V_IN 1731/1982 POM_5V_GPU 82/89 POM_5V_CPU 164/382
RAM 1392/3964MB (lfb 8x4MB) SWAP 779/6078MB (cached 37MB) IRAM 0/252kB(lfb 252kB) CPU [7%@921,7%@921,off,off] EMC_FREQ 0%@1600 GR3D_FREQ 0%@614 APE 25 PLL@29.5C CPU@31C iwlwifi@32C PMIC@50C GPU@30.5C AO@41C thermal@30.5C POM_5V_IN 1731/1982 POM_5V_GPU 82/89 POM_5V_CPU 164/382
RAM 1386/3964MB (lfb 8x4MB) SWAP 779/6078MB (cached 37MB) IRAM 0/252kB(lfb 252kB) CPU [7%@921,6%@921,off,off] EMC_FREQ 0%@1600 GR3D_FREQ 0%@614 APE 25 PLL@29.5C CPU@31C iwlwifi@32C PMIC@50C GPU@30C AO@40.5C thermal@31C POM_5V_IN 1731/1982 POM_5V_GPU 82/89 POM_5V_CPU 164/381
RAM 1386/3964MB (lfb 8x4MB) SWAP 779/6078MB (cached 37MB) IRAM 0/252kB(lfb 252kB) CPU [9%@921,4%@921,off,off] EMC_FREQ 0%@1600 GR3D_FREQ 0%@614 APE 25 PLL@30C CPU@31C iwlwifi@32C PMIC@50C GPU@30C AO@40.5C thermal@30.25C POM_5V_IN 1689/1981 POM_5V_GPU 82/89 POM_5V_CPU 164/381
RAM 1381/3964MB (lfb 8x4MB) SWAP 779/6078MB (cached 37MB) IRAM 0/252kB(lfb 252kB) CPU [3%@921,6%@921,off,off] EMC_FREQ 0%@1600 GR3D_FREQ 0%@614 APE 25 PLL@30C CPU@31.5C iwlwifi@32C PMIC@50C GPU@30C AO@41C thermal@30.75C POM_5V_IN 1689/1981 POM_5V_GPU 82/89 POM_5V_CPU 164/381
RAM 1388/3964MB (lfb 8x4MB) SWAP 779/6078MB (cached 37MB) IRAM 0/252kB(lfb 252kB) CPU [12%@921,5%@921,off,off] EMC_FREQ 0%@1600 GR3D_FREQ 0%@614 APE 25 PLL@30C CPU@31.5C iwlwifi@32C PMIC@50C GPU@30C AO@41C thermal@30.5C POM_5V_IN 2215/1981 POM_5V_GPU 82/89 POM_5V_CPU 533/381
RAM 1384/3964MB (lfb 8x4MB) SWAP 779/6078MB (cached 37MB) IRAM 0/252kB(lfb 252kB) CPU [5%@921,5%@921,off,off] EMC_FREQ 0%@1600 GR3D_FREQ 0%@614 APE 25 PLL@29.5C CPU@31C iwlwifi@32C PMIC@50C GPU@30C AO@41C thermal@30.5C POM_5V_IN 1689/1981 POM_5V_GPU 82/89 POM_5V_CPU 164/381
RAM 1388/3964MB (lfb 8x4MB) SWAP 779/6078MB (cached 37MB) IRAM 0/252kB(lfb 252kB) CPU [8%@921,6%@921,off,off] EMC_FREQ 0%@1600 GR3D_FREQ 0%@614 APE 25 PLL@30C CPU@31C iwlwifi@32C PMIC@50C GPU@30C AO@41C thermal@30.5C POM_5V_IN 2133/1981 POM_5V_GPU 82/89 POM_5V_CPU 574/381
RAM 1388/3964MB (lfb 8x4MB) SWAP 779/6078MB (cached 37MB) IRAM 0/252kB(lfb 252kB) CPU [9%@921,6%@921,off,off] EMC_FREQ 0%@1600 GR3D_FREQ 0%@614 APE 25 PLL@29.5C CPU@31.5C iwlwifi@32C PMIC@50C GPU@30C AO@41C thermal@30.25C POM_5V_IN 2256/1982 POM_5V_GPU 82/89 POM_5V_CPU 492/381
RAM 1392/3964MB (lfb 8x4MB) SWAP 779/6078MB (cached 37MB) IRAM 0/252kB(lfb 252kB) CPU [6%@921,8%@921,off,off] EMC_FREQ 0%@1600 GR3D_FREQ 0%@614 APE 25 PLL@30C CPU@31.5C iwlwifi@32C PMIC@50C GPU@30C AO@41C thermal@30.5C POM_5V_IN 2375/1982 POM_5V_GPU 81/89 POM_5V_CPU 573/381
RAM 1386/3964MB (lfb 8x4MB) SWAP 779/6078MB (cached 37MB) IRAM 0/252kB(lfb 252kB) CPU [5%@921,9%@921,off,off] EMC_FREQ 0%@1600 GR3D_FREQ 0%@614 APE 25 PLL@30C CPU@31.5C iwlwifi@32C PMIC@50C GPU@30C AO@41C thermal@30.75C POM_5V_IN 1975/1982 POM_5V_GPU 82/89 POM_5V_CPU 369/381
RAM 1388/3964MB (lfb 8x4MB) SWAP 779/6078MB (cached 37MB) IRAM 0/252kB(lfb 252kB) CPU [8%@921,6%@921,off,off] EMC_FREQ 0%@1600 GR3D_FREQ 0%@614 APE 25 PLL@29.5C CPU@31C iwlwifi@32C PMIC@50C GPU@30C AO@41C thermal@30.75C POM_5V_IN 1772/1982 POM_5V_GPU 82/89 POM_5V_CPU 206/381
RAM 1386/3964MB (lfb 8x4MB) SWAP 779/6078MB (cached 37MB) IRAM 0/252kB(lfb 252kB) CPU [8%@921,5%@921,off,off] EMC_FREQ 0%@1600 GR3D_FREQ 0%@614 APE 25 PLL@29.5C CPU@31.5C iwlwifi@32C PMIC@50C GPU@29.5C AO@40.5C thermal@30.5C POM_5V_IN 1772/1981 POM_5V_GPU 82/89 POM_5V_CPU 205/381
RAM 1388/3964MB (lfb 8x4MB) SWAP 779/6078MB (cached 36MB) IRAM 0/252kB(lfb 252kB) CPU [5%@921,8%@921,off,off] EMC_FREQ 0%@1600 GR3D_FREQ 0%@614 APE 25 PLL@30C CPU@31.5C iwlwifi@32C PMIC@50C GPU@29.5C AO@41C thermal@30.25C POM_5V_IN 1731/1981 POM_5V_GPU 82/89 POM_5V_CPU 164/381
RAM 1386/3964MB (lfb 8x4MB) SWAP 779/6078MB (cached 36MB) IRAM 0/252kB(lfb 252kB) CPU [6%@921,8%@921,off,off] EMC_FREQ 0%@1600 GR3D_FREQ 0%@614 APE 25 PLL@30C CPU@31.5C iwlwifi@32C PMIC@50C GPU@30C AO@41C thermal@30.5C POM_5V_IN 1689/1981 POM_5V_GPU 82/89 POM_5V_CPU 164/381
RAM 1386/3964MB (lfb 8x4MB) SWAP 779/6078MB (cached 36MB) IRAM 0/252kB(lfb 252kB) CPU [6%@921,7%@921,off,off] EMC_FREQ 0%@1600 GR3D_FREQ 0%@614 APE 25 PLL@30C CPU@31.5C iwlwifi@32C PMIC@50C GPU@30C AO@41C thermal@30.25C POM_5V_IN 1689/1981 POM_5V_GPU 82/89 POM_5V_CPU 164/381
RAM 1382/3964MB (lfb 8x4MB) SWAP 779/6078MB (cached 36MB) IRAM 0/252kB(lfb 252kB) CPU [5%@921,5%@921,off,off] EMC_FREQ 0%@1600 GR3D_FREQ 0%@614 APE 25 PLL@29.5C CPU@31.5C iwlwifi@32C PMIC@50C GPU@29.5C AO@41C thermal@30.25C POM_5V_IN 1689/1981 POM_5V_GPU 82/89 POM_5V_CPU 164/381
RAM 1386/3964MB (lfb 8x4MB) SWAP 779/6078MB (cached 36MB) IRAM 0/252kB(lfb 252kB) CPU [6%@921,11%@921,off,off] EMC_FREQ 0%@1600 GR3D_FREQ 0%@614 APE 25 PLL@30C CPU@31.5C iwlwifi@32C PMIC@50C GPU@29.5C AO@40.5C thermal@30.25C POM_5V_IN 2133/1981 POM_5V_GPU 82/89 POM_5V_CPU 533/381
RAM 1386/3964MB (lfb 8x4MB) SWAP 779/6078MB (cached 36MB) IRAM 0/252kB(lfb 252kB) CPU [6%@921,6%@921,off,off] EMC_FREQ 0%@1600 GR3D_FREQ 0%@614 APE 25 PLL@29.5C CPU@31C iwlwifi@32C PMIC@50C GPU@30C AO@41C thermal@31C POM_5V_IN 1689/1981 POM_5V_GPU 82/89 POM_5V_CPU 164/381
RAM 1387/3964MB (lfb 8x4MB) SWAP 779/6078MB (cached 36MB) IRAM 0/252kB(lfb 252kB) CPU [5%@921,8%@921,off,off] EMC_FREQ 0%@1600 GR3D_FREQ 0%@614 APE 25 PLL@30C CPU@31.5C iwlwifi@32C PMIC@50C GPU@30C AO@41C thermal@30.5C POM_5V_IN 2174/1981 POM_5V_GPU 82/89 POM_5V_CPU 574/381
RAM 1390/3964MB (lfb 8x4MB) SWAP 779/6078MB (cached 36MB) IRAM 0/252kB(lfb 252kB) CPU [5%@921,9%@921,off,off] EMC_FREQ 0%@1600 GR3D_FREQ 0%@614 APE 25 PLL@30C CPU@31.5C iwlwifi@32C PMIC@50C GPU@30C AO@41C thermal@30.5C POM_5V_IN 2297/1981 POM_5V_GPU 82/89 POM_5V_CPU 574/381
RAM 1388/3964MB (lfb 8x4MB) SWAP 779/6078MB (cached 36MB) IRAM 0/252kB(lfb 252kB) CPU [7%@921,6%@921,off,off] EMC_FREQ 0%@1600 GR3D_FREQ 0%@614 APE 25 PLL@30C CPU@31.5C iwlwifi@32C PMIC@50C GPU@29.5C AO@41C thermal@30.25C POM_5V_IN 2215/1981 POM_5V_GPU 82/89 POM_5V_CPU 574/381
RAM 1388/3964MB (lfb 8x4MB) SWAP 779/6078MB (cached 36MB) IRAM 0/252kB(lfb 252kB) CPU [7%@921,8%@921,off,off] EMC_FREQ 0%@1600 GR3D_FREQ 0%@614 APE 25 PLL@30C CPU@32C iwlwifi@32C PMIC@50C GPU@30C AO@41C thermal@30.5C POM_5V_IN 2293/1981 POM_5V_GPU 81/89 POM_5V_CPU 614/381
RAM 1386/3964MB (lfb 8x4MB) SWAP 779/6078MB (cached 36MB) IRAM 0/252kB(lfb 252kB) CPU [8%@921,5%@921,off,off] EMC_FREQ 0%@1600 GR3D_FREQ 0%@614 APE 25 PLL@30C CPU@31.5C iwlwifi@33C PMIC@50C GPU@30C AO@40.5C thermal@30.75C POM_5V_IN 1731/1981 POM_5V_GPU 82/89 POM_5V_CPU 164/381
RAM 1390/3964MB (lfb 8x4MB) SWAP 779/6078MB (cached 36MB) IRAM 0/252kB(lfb 252kB) CPU [4%@921,9%@921,off,off] EMC_FREQ 0%@1600 GR3D_FREQ 0%@614 APE 25 PLL@30C CPU@31C iwlwifi@32C PMIC@50C GPU@29.5C AO@41C thermal@30.75C POM_5V_IN 1687/1981 POM_5V_GPU 82/89 POM_5V_CPU 164/381
RAM 1390/3964MB (lfb 8x4MB) SWAP 779/6078MB (cached 36MB) IRAM 0/252kB(lfb 252kB) CPU [7%@921,5%@921,off,off] EMC_FREQ 0%@1600 GR3D_FREQ 0%@614 APE 25 PLL@30C CPU@31.5C iwlwifi@32C PMIC@50C GPU@29.5C AO@41C thermal@30.5C POM_5V_IN 1689/1981 POM_5V_GPU 82/89 POM_5V_CPU 164/381
RAM 1386/3964MB (lfb 8x4MB) SWAP 779/6078MB (cached 36MB) IRAM 0/252kB(lfb 252kB) CPU [10%@921,4%@921,off,off] EMC_FREQ 0%@1600 GR3D_FREQ 0%@614 APE 25 PLL@29.5C CPU@31C iwlwifi@32C PMIC@50C GPU@30C AO@40.5C thermal@30.5C POM_5V_IN 1689/1981 POM_5V_GPU 82/89 POM_5V_CPU 164/380
RAM 1381/3964MB (lfb 8x4MB) SWAP 779/6078MB (cached 36MB) IRAM 0/252kB(lfb 252kB) CPU [5%@921,4%@921,off,off] EMC_FREQ 0%@1600 GR3D_FREQ 0%@614 APE 25 PLL@29.5C CPU@31C iwlwifi@32C PMIC@50C GPU@29.5C AO@41C thermal@30.5C POM_5V_IN 1689/1980 POM_5V_GPU 82/89 POM_5V_CPU 164/380
RAM 1386/3964MB (lfb 8x4MB) SWAP 779/6078MB (cached 36MB) IRAM 0/252kB(lfb 252kB) CPU [8%@921,9%@921,off,off] EMC_FREQ 0%@1600 GR3D_FREQ 0%@614 APE 25 PLL@30C CPU@32C iwlwifi@32C PMIC@50C GPU@30C AO@40.5C thermal@30.25C POM_5V_IN 2133/1980 POM_5V_GPU 82/89 POM_5V_CPU 533/380
RAM 1382/3964MB (lfb 8x4MB) SWAP 779/6078MB (cached 36MB) IRAM 0/252kB(lfb 252kB) CPU [6%@921,5%@921,off,off] EMC_FREQ 0%@1600 GR3D_FREQ 0%@614 APE 25 PLL@29.5C CPU@31C iwlwifi@32C PMIC@50C GPU@30C AO@41C thermal@30.5C POM_5V_IN 1687/1980 POM_5V_GPU 82/89 POM_5V_CPU 164/380
RAM 1384/3964MB (lfb 8x4MB) SWAP 779/6078MB (cached 36MB) IRAM 0/252kB(lfb 252kB) CPU [5%@921,9%@921,off,off] EMC_FREQ 0%@1600 GR3D_FREQ 0%@614 APE 25 PLL@30C CPU@31C iwlwifi@32C PMIC@50C GPU@30C AO@41C thermal@31C POM_5V_IN 2136/1980 POM_5V_GPU 82/89 POM_5V_CPU 533/380
RAM 1390/3964MB (lfb 8x4MB) SWAP 779/6078MB (cached 36MB) IRAM 0/252kB(lfb 252kB) CPU [5%@921,10%@921,off,off] EMC_FREQ 0%@1600 GR3D_FREQ 0%@614 APE 25 PLL@30C CPU@31.5C iwlwifi@32C PMIC@50C GPU@30C AO@41.5C thermal@30.5C POM_5V_IN 2174/1981 POM_5V_GPU 82/89 POM_5V_CPU 574/381
RAM 1392/3964MB (lfb 8x4MB) SWAP 779/6078MB (cached 36MB) IRAM 0/252kB(lfb 252kB) CPU [5%@921,9%@921,off,off] EMC_FREQ 0%@1600 GR3D_FREQ 0%@614 APE 25 PLL@30C CPU@32C iwlwifi@32C PMIC@50C GPU@30C AO@41C thermal@30.5C POM_5V_IN 2256/1981 POM_5V_GPU 81/89 POM_5V_CPU 573/381
RAM 1390/3964MB (lfb 8x4MB) SWAP 779/6078MB (cached 36MB) IRAM 0/252kB(lfb 252kB) CPU [6%@921,8%@921,off,off] EMC_FREQ 0%@1600 GR3D_FREQ 0%@614 APE 25 PLL@30C CPU@31C iwlwifi@32C PMIC@50C GPU@30C AO@41C thermal@30.5C POM_5V_IN 2054/1981 POM_5V_GPU 82/89 POM_5V_CPU 451/381
RAM 1388/3964MB (lfb 8x4MB) SWAP 779/6078MB (cached 36MB) IRAM 0/252kB(lfb 252kB) CPU [7%@921,6%@921,off,off] EMC_FREQ 0%@1600 GR3D_FREQ 0%@614 APE 25 PLL@29.5C CPU@31C iwlwifi@32C PMIC@50C GPU@29.5C AO@41C thermal@30.75C POM_5V_IN 1813/1981 POM_5V_GPU 82/89 POM_5V_CPU 246/381
RAM 1388/3964MB (lfb 8x4MB) SWAP 779/6078MB (cached 36MB) IRAM 0/252kB(lfb 252kB) CPU [6%@921,7%@921,off,off] EMC_FREQ 0%@1600 GR3D_FREQ 0%@614 APE 25 PLL@30C CPU@31C iwlwifi@32C PMIC@50C GPU@30C AO@41C thermal@31C POM_5V_IN 1772/1980 POM_5V_GPU 82/89 POM_5V_CPU 206/381
RAM 1388/3964MB (lfb 8x4MB) SWAP 779/6078MB (cached 36MB) IRAM 0/252kB(lfb 252kB) CPU [5%@921,8%@921,off,off] EMC_FREQ 0%@1600 GR3D_FREQ 0%@614 APE 25 PLL@30C CPU@31C iwlwifi@32C PMIC@50C GPU@30C AO@41C thermal@30.5C POM_5V_IN 1731/1980 POM_5V_GPU 82/89 POM_5V_CPU 164/380
RAM 1390/3964MB (lfb 8x4MB) SWAP 779/6078MB (cached 36MB) IRAM 0/252kB(lfb 252kB) CPU [6%@921,7%@921,off,off] EMC_FREQ 0%@1600 GR3D_FREQ 0%@614 APE 25 PLL@30C CPU@31C iwlwifi@32C PMIC@50C GPU@29.5C AO@41C thermal@30.5C POM_5V_IN 1689/1980 POM_5V_GPU 82/89 POM_5V_CPU 164/380
RAM 1388/3964MB (lfb 8x4MB) SWAP 779/6078MB (cached 36MB) IRAM 0/252kB(lfb 252kB) CPU [7%@921,6%@921,off,off] EMC_FREQ 0%@1600 GR3D_FREQ 0%@614 APE 25 PLL@29.5C CPU@31C iwlwifi@32C PMIC@50C GPU@30C AO@41C thermal@30.5C POM_5V_IN 1731/1980 POM_5V_GPU 82/89 POM_5V_CPU 164/380
RAM 1382/3964MB (lfb 8x4MB) SWAP 779/6078MB (cached 36MB) IRAM 0/252kB(lfb 252kB) CPU [4%@921,5%@921,off,off] EMC_FREQ 0%@1600 GR3D_FREQ 0%@614 APE 25 PLL@29.5C CPU@31.5C iwlwifi@32C PMIC@50C GPU@30C AO@41C thermal@30.5C POM_5V_IN 1689/1980 POM_5V_GPU 82/89 POM_5V_CPU 164/380
RAM 1390/3964MB (lfb 8x4MB) SWAP 779/6078MB (cached 36MB) IRAM 0/252kB(lfb 252kB) CPU [12%@921,4%@921,off,off] EMC_FREQ 0%@1600 GR3D_FREQ 0%@614 APE 25 PLL@30C CPU@31.5C iwlwifi@32C PMIC@50C GPU@30C AO@41C thermal@30.75C POM_5V_IN 2136/1980 POM_5V_GPU 82/89 POM_5V_CPU 533/380
RAM 1380/3964MB (lfb 8x4MB) SWAP 779/6078MB (cached 36MB) IRAM 0/252kB(lfb 252kB) CPU [5%@921,5%@921,off,off] EMC_FREQ 0%@1600 GR3D_FREQ 0%@614 APE 25 PLL@30C CPU@31C iwlwifi@32C PMIC@50C GPU@30C AO@41C thermal@30.5C POM_5V_IN 1689/1980 POM_5V_GPU 82/89 POM_5V_CPU 123/380
RAM 1393/3964MB (lfb 8x4MB) SWAP 779/6078MB (cached 36MB) IRAM 0/252kB(lfb 252kB) CPU [8%@921,9%@921,off,off] EMC_FREQ 0%@1600 GR3D_FREQ 0%@614 APE 25 PLL@30C CPU@31.5C iwlwifi@32C PMIC@50C GPU@30C AO@40.5C thermal@30.5C POM_5V_IN 2136/1980 POM_5V_GPU 82/89 POM_5V_CPU 533/380
RAM 1391/3964MB (lfb 8x4MB) SWAP 779/6078MB (cached 36MB) IRAM 0/252kB(lfb 252kB) CPU [5%@921,7%@921,off,off] EMC_FREQ 0%@1600 GR3D_FREQ 0%@614 APE 25 PLL@30C CPU@31C iwlwifi@32C PMIC@50C GPU@30C AO@41C thermal@30.5C POM_5V_IN 1689/1980 POM_5V_GPU 82/89 POM_5V_CPU 164/380
RAM 1394/3964MB (lfb 8x4MB) SWAP 779/6078MB (cached 36MB) IRAM 0/252kB(lfb 252kB) CPU [5%@921,9%@921,off,off] EMC_FREQ 0%@1600 GR3D_FREQ 0%@614 APE 25 PLL@30C CPU@32C iwlwifi@32C PMIC@50C GPU@30C AO@41C thermal@31C POM_5V_IN 2297/1980 POM_5V_GPU 82/89 POM_5V_CPU 573/380
RAM 1392/3964MB (lfb 8x4MB) SWAP 779/6078MB (cached 36MB) IRAM 0/252kB(lfb 252kB) CPU [8%@921,5%@921,off,off] EMC_FREQ 0%@1600 GR3D_FREQ 0%@614 APE 25 PLL@30C CPU@31.5C iwlwifi@32C PMIC@50C GPU@29.5C AO@40.5C thermal@30.5C POM_5V_IN 1934/1980 POM_5V_GPU 82/89 POM_5V_CPU 329/380
RAM 1390/3964MB (lfb 8x4MB) SWAP 779/6078MB (cached 36MB) IRAM 0/252kB(lfb 252kB) CPU [8%@921,6%@921,off,off] EMC_FREQ 0%@1600 GR3D_FREQ 0%@614 APE 25 PLL@30C CPU@31C iwlwifi@32C PMIC@50C GPU@30C AO@41C thermal@30.75C POM_5V_IN 1934/1980 POM_5V_GPU 82/89 POM_5V_CPU 329/380
RAM 1386/3964MB (lfb 8x4MB) SWAP 779/6078MB (cached 36MB) IRAM 0/252kB(lfb 252kB) CPU [7%@921,6%@921,off,off] EMC_FREQ 0%@1600 GR3D_FREQ 0%@614 APE 25 PLL@29.5C CPU@31.5C iwlwifi@32C PMIC@50C GPU@30C AO@41C thermal@30.75C POM_5V_IN 1731/1980 POM_5V_GPU 82/89 POM_5V_CPU 164/380
RAM 1389/3964MB (lfb 8x4MB) SWAP 779/6078MB (cached 36MB) IRAM 0/252kB(lfb 252kB) CPU [8%@921,5%@921,off,off] EMC_FREQ 0%@1600 GR3D_FREQ 0%@614 APE 25 PLL@30C CPU@31.5C iwlwifi@32C PMIC@50C GPU@29.5C AO@40.5C thermal@30.75C POM_5V_IN 1689/1979 POM_5V_GPU 82/89 POM_5V_CPU 164/380
RAM 1386/3964MB (lfb 8x4MB) SWAP 779/6078MB (cached 36MB) IRAM 0/252kB(lfb 252kB) CPU [8%@921,6%@921,off,off] EMC_FREQ 0%@1600 GR3D_FREQ 0%@614 APE 25 PLL@30C CPU@31C iwlwifi@32C PMIC@50C GPU@30C AO@41C thermal@30.75C POM_5V_IN 1689/1979 POM_5V_GPU 82/89 POM_5V_CPU 164/379
RAM 1382/3964MB (lfb 8x4MB) SWAP 779/6078MB (cached 36MB) IRAM 0/252kB(lfb 252kB) CPU [3%@921,6%@921,off,off] EMC_FREQ 0%@1600 GR3D_FREQ 0%@614 APE 25 PLL@30C CPU@31C iwlwifi@32C PMIC@50C GPU@30C AO@40.5C thermal@30.75C POM_5V_IN 1689/1979 POM_5V_GPU 82/89 POM_5V_CPU 164/379
RAM 1387/3964MB (lfb 8x4MB) SWAP 779/6078MB (cached 36MB) IRAM 0/252kB(lfb 252kB) CPU [8%@921,9%@921,off,off] EMC_FREQ 0%@1600 GR3D_FREQ 0%@614 APE 25 PLL@30C CPU@32C iwlwifi@32C PMIC@50C GPU@30C AO@40.5C thermal@30.75C POM_5V_IN 2136/1979 POM_5V_GPU 82/89 POM_5V_CPU 533/379
RAM 1384/3964MB (lfb 8x4MB) SWAP 779/6078MB (cached 36MB) IRAM 0/252kB(lfb 252kB) CPU [5%@921,6%@921,off,off] EMC_FREQ 0%@1600 GR3D_FREQ 0%@614 APE 25 PLL@29.5C CPU@31C iwlwifi@32C PMIC@50C GPU@30C AO@41C thermal@30.5C POM_5V_IN 1689/1979 POM_5V_GPU 82/89 POM_5V_CPU 164/379
RAM 1385/3964MB (lfb 8x4MB) SWAP 779/6078MB (cached 36MB) IRAM 0/252kB(lfb 252kB) CPU [6%@921,8%@921,off,off] EMC_FREQ 0%@1600 GR3D_FREQ 0%@614 APE 25 PLL@30C CPU@31.5C iwlwifi@32C PMIC@50C GPU@30C AO@41C thermal@30.5C POM_5V_IN 2133/1979 POM_5V_GPU 82/89 POM_5V_CPU 574/379
RAM 1385/3964MB (lfb 8x4MB) SWAP 779/6078MB (cached 36MB) IRAM 0/252kB(lfb 252kB) CPU [6%@921,8%@921,off,off] EMC_FREQ 0%@1600 GR3D_FREQ 0%@614 APE 25 PLL@30C CPU@31.5C iwlwifi@32C PMIC@50C GPU@30C AO@41C thermal@30.75C POM_5V_IN 2133/1979 POM_5V_GPU 82/89 POM_5V_CPU 615/380
RAM 1390/3964MB (lfb 8x4MB) SWAP 779/6078MB (cached 36MB) IRAM 0/252kB(lfb 252kB) CPU [6%@921,7%@921,off,off] EMC_FREQ 0%@1600 GR3D_FREQ 0%@614 APE 25 PLL@30C CPU@31.5C iwlwifi@32C PMIC@50C GPU@29.5C AO@41C thermal@30.75C POM_5V_IN 2256/1979 POM_5V_GPU 82/89 POM_5V_CPU 573/380
RAM 1394/3964MB (lfb 8x4MB) SWAP 779/6078MB (cached 36MB) IRAM 0/252kB(lfb 252kB) CPU [8%@921,6%@921,off,off] EMC_FREQ 0%@1600 GR3D_FREQ 0%@614 APE 25 PLL@30C CPU@32C iwlwifi@32C PMIC@50C GPU@30C AO@41C thermal@30.75C POM_5V_IN 2215/1979 POM_5V_GPU 82/89 POM_5V_CPU 615/380
RAM 1386/3964MB (lfb 8x4MB) SWAP 779/6078MB (cached 36MB) IRAM 0/252kB(lfb 252kB) CPU [6%@921,7%@921,off,off] EMC_FREQ 0%@1600 GR3D_FREQ 0%@614 APE 25 PLL@30C CPU@31C iwlwifi@32C PMIC@50C GPU@30C AO@41C thermal@30.75C POM_5V_IN 1810/1979 POM_5V_GPU 82/89 POM_5V_CPU 246/380
RAM 1391/3964MB (lfb 8x4MB) SWAP 779/6078MB (cached 36MB) IRAM 0/252kB(lfb 252kB) CPU [6%@921,8%@921,off,off] EMC_FREQ 0%@1600 GR3D_FREQ 0%@614 APE 25 PLL@30C CPU@31.5C iwlwifi@32C PMIC@50C GPU@30C AO@40.5C thermal@30.75C POM_5V_IN 1731/1979 POM_5V_GPU 82/89 POM_5V_CPU 164/380
RAM 1390/3964MB (lfb 8x4MB) SWAP 779/6078MB (cached 36MB) IRAM 0/252kB(lfb 252kB) CPU [7%@921,6%@921,off,off] EMC_FREQ 0%@1600 GR3D_FREQ 0%@614 APE 25 PLL@30C CPU@31.5C iwlwifi@32C PMIC@50C GPU@30C AO@41C thermal@30.5C POM_5V_IN 1689/1979 POM_5V_GPU 82/89 POM_5V_CPU 164/379
RAM 1390/3964MB (lfb 8x4MB) SWAP 779/6078MB (cached 36MB) IRAM 0/252kB(lfb 252kB) CPU [8%@921,6%@921,off,off] EMC_FREQ 0%@1600 GR3D_FREQ 0%@614 APE 25 PLL@29.5C CPU@31.5C iwlwifi@32C PMIC@50C GPU@30C AO@40.5C thermal@30.75C POM_5V_IN 1728/1979 POM_5V_GPU 82/89 POM_5V_CPU 164/379
RAM 1388/3964MB (lfb 8x4MB) SWAP 779/6078MB (cached 36MB) IRAM 0/252kB(lfb 252kB) CPU [5%@921,9%@921,off,off] EMC_FREQ 0%@1600 GR3D_FREQ 0%@614 APE 25 PLL@30C CPU@31.5C iwlwifi@32C PMIC@50C GPU@30C AO@40.5C thermal@31.25C POM_5V_IN 1689/1979 POM_5V_GPU 82/89 POM_5V_CPU 123/379
RAM 1378/3964MB (lfb 8x4MB) SWAP 779/6078MB (cached 36MB) IRAM 0/252kB(lfb 252kB) CPU [4%@921,5%@921,off,off] EMC_FREQ 0%@1600 GR3D_FREQ 0%@614 APE 25 PLL@30C CPU@31.5C iwlwifi@32C PMIC@50C GPU@30C AO@41C thermal@30.5C POM_5V_IN 1689/1978 POM_5V_GPU 82/89 POM_5V_CPU 164/379
RAM 1387/3964MB (lfb 8x4MB) SWAP 779/6078MB (cached 36MB) IRAM 0/252kB(lfb 252kB) CPU [12%@921,6%@921,off,off] EMC_FREQ 0%@1600 GR3D_FREQ 0%@614 APE 25 PLL@30C CPU@31.5C iwlwifi@32C PMIC@50C GPU@30C AO@40.5C thermal@30.75C POM_5V_IN 2095/1979 POM_5V_GPU 82/89 POM_5V_CPU 533/379
RAM 1384/3964MB (lfb 8x4MB) SWAP 779/6078MB (cached 36MB) IRAM 0/252kB(lfb 252kB) CPU [5%@921,5%@921,off,off] EMC_FREQ 0%@1600 GR3D_FREQ 0%@614 APE 25 PLL@30C CPU@31.5C iwlwifi@32C PMIC@50C GPU@30C AO@41C thermal@30.75C POM_5V_IN 1689/1978 POM_5V_GPU 82/89 POM_5V_CPU 164/379
RAM 1387/3964MB (lfb 8x4MB) SWAP 779/6078MB (cached 36MB) IRAM 0/252kB(lfb 252kB) CPU [8%@921,7%@921,off,off] EMC_FREQ 0%@1600 GR3D_FREQ 0%@614 APE 25 PLL@30C CPU@31.5C iwlwifi@32C PMIC@50C GPU@30C AO@41C thermal@31C POM_5V_IN 2133/1978 POM_5V_GPU 82/89 POM_5V_CPU 533/379
RAM 1395/3964MB (lfb 8x4MB) SWAP 779/6078MB (cached 36MB) IRAM 0/252kB(lfb 252kB) CPU [8%@921,6%@921,off,off] EMC_FREQ 0%@1600 GR3D_FREQ 0%@614 APE 25 PLL@30C CPU@32C iwlwifi@32C PMIC@50C GPU@30C AO@41C thermal@30.5C POM_5V_IN 2256/1979 POM_5V_GPU 82/89 POM_5V_CPU 532/379
RAM 1394/3964MB (lfb 8x4MB) SWAP 779/6078MB (cached 36MB) IRAM 0/252kB(lfb 252kB) CPU [7%@921,7%@921,off,off] EMC_FREQ 0%@1600 GR3D_FREQ 0%@614 APE 25 PLL@30C CPU@31.5C iwlwifi@32C PMIC@50C GPU@29.5C AO@41C thermal@30.25C POM_5V_IN 2297/1979 POM_5V_GPU 82/89 POM_5V_CPU 614/379
RAM 1394/3964MB (lfb 8x4MB) SWAP 779/6078MB (cached 36MB) IRAM 0/252kB(lfb 252kB) CPU [7%@921,6%@921,off,off] EMC_FREQ 0%@1600 GR3D_FREQ 0%@614 APE 25 PLL@29.5C CPU@31.5C iwlwifi@32C PMIC@50C GPU@30C AO@41C thermal@30.5C POM_5V_IN 2095/1979 POM_5V_GPU 82/89 POM_5V_CPU 493/379
RAM 1388/3964MB (lfb 8x4MB) SWAP 779/6078MB (cached 36MB) IRAM 0/252kB(lfb 252kB) CPU [7%@921,9%@921,off,off] EMC_FREQ 0%@1600 GR3D_FREQ 0%@614 APE 25 PLL@30C CPU@31.5C iwlwifi@32C PMIC@50C GPU@30C AO@41C thermal@30.75C POM_5V_IN 1934/1979 POM_5V_GPU 82/89 POM_5V_CPU 329/379
RAM 1387/3964MB (lfb 8x4MB) SWAP 779/6078MB (cached 36MB) IRAM 0/252kB(lfb 252kB) CPU [7%@921,7%@921,off,off] EMC_FREQ 0%@1600 GR3D_FREQ 0%@614 APE 25 PLL@30C CPU@31.5C iwlwifi@32C PMIC@50C GPU@29.5C AO@40.5C thermal@30.75C POM_5V_IN 1731/1979 POM_5V_GPU 82/89 POM_5V_CPU 164/379
RAM 1390/3964MB (lfb 8x4MB) SWAP 779/6078MB (cached 36MB) IRAM 0/252kB(lfb 252kB) CPU [6%@921,7%@921,off,off] EMC_FREQ 0%@1600 GR3D_FREQ 0%@614 APE 25 PLL@29.5C CPU@31C iwlwifi@32C PMIC@50C GPU@30C AO@41C thermal@30.5C POM_5V_IN 1689/1979 POM_5V_GPU 82/89 POM_5V_CPU 164/379
RAM 1389/3964MB (lfb 8x4MB) SWAP 779/6078MB (cached 36MB) IRAM 0/252kB(lfb 252kB) CPU [7%@921,6%@921,off,off] EMC_FREQ 0%@1600 GR3D_FREQ 0%@614 APE 25 PLL@30C CPU@31.5C iwlwifi@32C PMIC@50C GPU@30C AO@41C thermal@30.25C POM_5V_IN 1689/1978 POM_5V_GPU 82/89 POM_5V_CPU 164/379
RAM 1386/3964MB (lfb 8x4MB) SWAP 779/6078MB (cached 36MB) IRAM 0/252kB(lfb 252kB) CPU [6%@921,8%@921,off,off] EMC_FREQ 0%@1600 GR3D_FREQ 0%@614 APE 25 PLL@29.5C CPU@31C iwlwifi@32C PMIC@50C GPU@30C AO@41C thermal@30.5C POM_5V_IN 1689/1978 POM_5V_GPU 82/89 POM_5V_CPU 123/379
RAM 1382/3964MB (lfb 8x4MB) SWAP 779/6078MB (cached 36MB) IRAM 0/252kB(lfb 252kB) CPU [6%@921,4%@921,off,off] EMC_FREQ 0%@1600 GR3D_FREQ 0%@614 APE 25 PLL@29.5C CPU@31.5C iwlwifi@32C PMIC@50C GPU@29.5C AO@41C thermal@30.25C POM_5V_IN 1689/1978 POM_5V_GPU 82/89 POM_5V_CPU 164/379
RAM 1386/3964MB (lfb 8x4MB) SWAP 779/6078MB (cached 36MB) IRAM 0/252kB(lfb 252kB) CPU [9%@921,8%@921,off,off] EMC_FREQ 0%@1600 GR3D_FREQ 0%@614 APE 25 PLL@29.5C CPU@31C iwlwifi@32C PMIC@50C GPU@30C AO@40.5C thermal@30.75C POM_5V_IN 2136/1978 POM_5V_GPU 82/89 POM_5V_CPU 533/379
RAM 1383/3964MB (lfb 8x4MB) SWAP 779/6078MB (cached 36MB) IRAM 0/252kB(lfb 252kB) CPU [7%@921,5%@921,off,off] EMC_FREQ 0%@1600 GR3D_FREQ 0%@614 APE 25 PLL@29.5C CPU@31C iwlwifi@32C PMIC@50C GPU@30C AO@41C thermal@30.25C POM_5V_IN 1892/1978 POM_5V_GPU 82/89 POM_5V_CPU 329/379
RAM 1386/3964MB (lfb 8x4MB) SWAP 779/6078MB (cached 36MB) IRAM 0/252kB(lfb 252kB) CPU [7%@921,6%@921,off,off] EMC_FREQ 0%@1600 GR3D_FREQ 0%@614 APE 25 PLL@29.5C CPU@31.5C iwlwifi@32C PMIC@50C GPU@30C AO@41C thermal@30.75C POM_5V_IN 2215/1978 POM_5V_GPU 82/89 POM_5V_CPU 574/379
RAM 1392/3964MB (lfb 8x4MB) SWAP 779/6078MB (cached 36MB) IRAM 0/252kB(lfb 252kB) CPU [7%@921,9%@921,off,off] EMC_FREQ 0%@1600 GR3D_FREQ 0%@614 APE 25 PLL@29.5C CPU@31.5C iwlwifi@32C PMIC@50C GPU@30C AO@41C thermal@30.75C POM_5V_IN 2174/1978 POM_5V_GPU 82/89 POM_5V_CPU 533/379
RAM 1390/3964MB (lfb 8x4MB) SWAP 779/6078MB (cached 36MB) IRAM 0/252kB(lfb 252kB) CPU [8%@921,6%@921,off,off] EMC_FREQ 0%@1600 GR3D_FREQ 0%@614 APE 25 PLL@30C CPU@31.5C iwlwifi@32C PMIC@50C GPU@29.5C AO@40.5C thermal@30.5C POM_5V_IN 2215/1978 POM_5V_GPU 82/89 POM_5V_CPU 574/379
RAM 1386/3964MB (lfb 8x4MB) SWAP 779/6078MB (cached 36MB) IRAM 0/252kB(lfb 252kB) CPU [6%@921,8%@921,off,off] EMC_FREQ 0%@1600 GR3D_FREQ 0%@614 APE 25 PLL@29.5C CPU@31.5C iwlwifi@32C PMIC@50C GPU@29.5C AO@41C thermal@30.25C POM_5V_IN 1851/1978 POM_5V_GPU 82/89 POM_5V_CPU 246/379
RAM 1390/3964MB (lfb 8x4MB) SWAP 779/6078MB (cached 36MB) IRAM 0/252kB(lfb 252kB) CPU [6%@921,8%@921,off,off] EMC_FREQ 0%@1600 GR3D_FREQ 0%@614 APE 25 PLL@29.5C CPU@31.5C iwlwifi@32C PMIC@50C GPU@29.5C AO@40.5C thermal@30.75C POM_5V_IN 1731/1978 POM_5V_GPU 82/89 POM_5V_CPU 164/379
RAM 1387/3964MB (lfb 8x4MB) SWAP 779/6078MB (cached 36MB) IRAM 0/252kB(lfb 252kB) CPU [5%@921,9%@921,off,off] EMC_FREQ 0%@1600 GR3D_FREQ 0%@614 APE 25 PLL@29.5C CPU@31.5C iwlwifi@32C PMIC@50C GPU@29.5C AO@40.5C thermal@30.5C POM_5V_IN 1689/1978 POM_5V_GPU 82/89 POM_5V_CPU 164/379
RAM 1391/3964MB (lfb 8x4MB) SWAP 779/6078MB (cached 36MB) IRAM 0/252kB(lfb 252kB) CPU [10%@921,3%@921,off,off] EMC_FREQ 0%@1600 GR3D_FREQ 0%@614 APE 25 PLL@29.5C CPU@31.5C iwlwifi@32C PMIC@50C GPU@29.5C AO@40.5C thermal@30.5C POM_5V_IN 1689/1978 POM_5V_GPU 82/89 POM_5V_CPU 123/379
RAM 1386/3964MB (lfb 8x4MB) SWAP 779/6078MB (cached 36MB) IRAM 0/252kB(lfb 252kB) CPU [6%@921,8%@921,off,off] EMC_FREQ 0%@1600 GR3D_FREQ 0%@614 APE 25 PLL@30C CPU@31.5C iwlwifi@32C PMIC@50C GPU@29.5C AO@40.5C thermal@30.5C POM_5V_IN 1689/1978 POM_5V_GPU 82/89 POM_5V_CPU 164/378
RAM 1389/3964MB (lfb 8x4MB) SWAP 779/6078MB (cached 36MB) IRAM 0/252kB(lfb 252kB) CPU [5%@921,8%@921,off,off] EMC_FREQ 0%@1600 GR3D_FREQ 0%@614 APE 25 PLL@29.5C CPU@31C iwlwifi@32C PMIC@50C GPU@29.5C AO@40.5C thermal@30.25C POM_5V_IN 1689/1977 POM_5V_GPU 82/89 POM_5V_CPU 164/378
RAM 1390/3964MB (lfb 8x4MB) SWAP 779/6078MB (cached 36MB) IRAM 0/252kB(lfb 252kB) CPU [8%@921,6%@921,off,off] EMC_FREQ 0%@1600 GR3D_FREQ 0%@614 APE 25 PLL@29.5C CPU@31C iwlwifi@32C PMIC@50C GPU@29.5C AO@40.5C thermal@30.25C POM_5V_IN 1689/1977 POM_5V_GPU 82/89 POM_5V_CPU 123/378
RAM 1389/3964MB (lfb 8x4MB) SWAP 779/6078MB (cached 36MB) IRAM 0/252kB(lfb 252kB) CPU [7%@921,7%@921,off,off] EMC_FREQ 0%@1600 GR3D_FREQ 0%@614 APE 25 PLL@29.5C CPU@31.5C iwlwifi@32C PMIC@50C GPU@29.5C AO@40.5C thermal@30.75C POM_5V_IN 1731/1977 POM_5V_GPU 82/89 POM_5V_CPU 164/378
RAM 1387/3964MB (lfb 8x4MB) SWAP 779/6078MB (cached 36MB) IRAM 0/252kB(lfb 252kB) CPU [8%@921,6%@921,off,off] EMC_FREQ 0%@1600 GR3D_FREQ 0%@614 APE 25 PLL@29.5C CPU@31.5C iwlwifi@32C PMIC@50C GPU@29.5C AO@40.5C thermal@30.75C POM_5V_IN 1731/1977 POM_5V_GPU 82/89 POM_5V_CPU 123/378
RAM 1387/3964MB (lfb 8x4MB) SWAP 779/6078MB (cached 36MB) IRAM 0/252kB(lfb 252kB) CPU [6%@921,7%@921,off,off] EMC_FREQ 0%@1600 GR3D_FREQ 0%@614 APE 25 PLL@29.5C CPU@31.5C iwlwifi@32C PMIC@50C GPU@30C AO@40.5C thermal@30.5C POM_5V_IN 1689/1977 POM_5V_GPU 82/89 POM_5V_CPU 164/378
RAM 1382/3964MB (lfb 8x4MB) SWAP 779/6078MB (cached 36MB) IRAM 0/252kB(lfb 252kB) CPU [6%@921,5%@921,off,off] EMC_FREQ 0%@1600 GR3D_FREQ 0%@614 APE 25 PLL@29.5C CPU@31.5C iwlwifi@32C PMIC@50C GPU@29.5C AO@40.5C thermal@30.5C POM_5V_IN 1689/1977 POM_5V_GPU 82/89 POM_5V_CPU 164/377
RAM 1390/3964MB (lfb 8x4MB) SWAP 779/6078MB (cached 36MB) IRAM 0/252kB(lfb 252kB) CPU [9%@921,8%@921,off,off] EMC_FREQ 0%@1600 GR3D_FREQ 0%@614 APE 25 PLL@29.5C CPU@31.5C iwlwifi@32C PMIC@50C GPU@30C AO@40.5C thermal@30.75C POM_5V_IN 2133/1977 POM_5V_GPU 82/89 POM_5V_CPU 533/378
RAM 1387/3964MB (lfb 8x4MB) SWAP 779/6078MB (cached 36MB) IRAM 0/252kB(lfb 252kB) CPU [7%@921,4%@921,off,off] EMC_FREQ 0%@1600 GR3D_FREQ 0%@614 APE 25 PLL@29.5C CPU@31.5C iwlwifi@32C PMIC@50C GPU@30C AO@40.5C thermal@30.25C POM_5V_IN 1851/1977 POM_5V_GPU 82/89 POM_5V_CPU 164/377
RAM 1392/3964MB (lfb 8x4MB) SWAP 779/6078MB (cached 36MB) IRAM 0/252kB(lfb 252kB) CPU [7%@921,8%@921,off,off] EMC_FREQ 0%@1600 GR3D_FREQ 0%@614 APE 25 PLL@30C CPU@31.5C iwlwifi@32C PMIC@50C GPU@29.5C AO@41C thermal@30.75C POM_5V_IN 2215/1977 POM_5V_GPU 82/89 POM_5V_CPU 492/378
RAM 1391/3964MB (lfb 8x4MB) SWAP 779/6078MB (cached 36MB) IRAM 0/252kB(lfb 252kB) CPU [7%@921,6%@921,off,off] EMC_FREQ 0%@1600 GR3D_FREQ 0%@614 APE 25 PLL@30C CPU@32C iwlwifi@32C PMIC@50C GPU@29.5C AO@40.5C thermal@30.25C POM_5V_IN 2215/1977 POM_5V_GPU 82/89 POM_5V_CPU 574/378
RAM 1392/3964MB (lfb 8x4MB) SWAP 779/6078MB (cached 36MB) IRAM 0/252kB(lfb 252kB) CPU [4%@921,10%@921,off,off] EMC_FREQ 0%@1600 GR3D_FREQ 0%@614 APE 25 PLL@30C CPU@32C iwlwifi@32C PMIC@50C GPU@30C AO@40.5C thermal@30.5C POM_5V_IN 2013/1977 POM_5V_GPU 82/89 POM_5V_CPU 410/378
RAM 1392/3964MB (lfb 8x4MB) SWAP 779/6078MB (cached 36MB) IRAM 0/252kB(lfb 252kB) CPU [7%@921,9%@921,off,off] EMC_FREQ 0%@1600 GR3D_FREQ 0%@614 APE 25 PLL@29.5C CPU@31.5C iwlwifi@32C PMIC@50C GPU@30C AO@41C thermal@30.25C POM_5V_IN 1892/1977 POM_5V_GPU 82/89 POM_5V_CPU 288/378
RAM 1387/3964MB (lfb 8x4MB) SWAP 779/6078MB (cached 36MB) IRAM 0/252kB(lfb 252kB) CPU [8%@921,7%@921,off,off] EMC_FREQ 0%@1600 GR3D_FREQ 0%@614 APE 25 PLL@29.5C CPU@31C iwlwifi@32C PMIC@50C GPU@29.5C AO@40.5C thermal@30.5C POM_5V_IN 1689/1977 POM_5V_GPU 82/89 POM_5V_CPU 164/377
RAM 1391/3964MB (lfb 8x4MB) SWAP 779/6078MB (cached 36MB) IRAM 0/252kB(lfb 252kB) CPU [7%@921,6%@921,off,off] EMC_FREQ 0%@1600 GR3D_FREQ 0%@614 APE 25 PLL@29.5C CPU@31.5C iwlwifi@32C PMIC@50C GPU@30C AO@40.5C thermal@30.25C POM_5V_IN 1689/1976 POM_5V_GPU 82/89 POM_5V_CPU 164/377
RAM 1389/3964MB (lfb 8x4MB) SWAP 779/6078MB (cached 36MB) IRAM 0/252kB(lfb 252kB) CPU [8%@921,6%@921,off,off] EMC_FREQ 0%@1600 GR3D_FREQ 0%@614 APE 25 PLL@29.5C CPU@31C iwlwifi@32C PMIC@50C GPU@29.5C AO@40.5C thermal@30.5C POM_5V_IN 1731/1976 POM_5V_GPU 82/89 POM_5V_CPU 164/377
RAM 1379/3964MB (lfb 8x4MB) SWAP 779/6078MB (cached 36MB) IRAM 0/252kB(lfb 252kB) CPU [4%@921,5%@921,off,off] EMC_FREQ 0%@1600 GR3D_FREQ 0%@614 APE 25 PLL@29.5C CPU@31.5C iwlwifi@32C PMIC@50C GPU@29.5C AO@40.5C thermal@30.25C POM_5V_IN 1689/1976 POM_5V_GPU 82/89 POM_5V_CPU 164/377
RAM 1389/3964MB (lfb 8x4MB) SWAP 779/6078MB (cached 36MB) IRAM 0/252kB(lfb 252kB) CPU [10%@921,8%@921,off,off] EMC_FREQ 0%@1600 GR3D_FREQ 0%@614 APE 25 PLL@30C CPU@31C iwlwifi@32C PMIC@50C GPU@29.5C AO@40.5C thermal@30.25C POM_5V_IN 2095/1976 POM_5V_GPU 82/89 POM_5V_CPU 493/377
RAM 1373/3964MB (lfb 8x4MB) SWAP 779/6078MB (cached 36MB) IRAM 0/252kB(lfb 252kB) CPU [5%@921,3%@921,off,off] EMC_FREQ 0%@1600 GR3D_FREQ 0%@614 APE 25 PLL@29.5C CPU@31.5C iwlwifi@32C PMIC@50C GPU@29.5C AO@41C thermal@30.5C POM_5V_IN 1689/1976 POM_5V_GPU 82/89 POM_5V_CPU 164/377
RAM 1389/3964MB (lfb 8x4MB) SWAP 779/6078MB (cached 36MB) IRAM 0/252kB(lfb 252kB) CPU [13%@921,6%@921,off,off] EMC_FREQ 0%@1600 GR3D_FREQ 0%@614 APE 25 PLL@30C CPU@31.5C iwlwifi@32C PMIC@50C GPU@30C AO@40.5C thermal@30.5C POM_5V_IN 2136/1976 POM_5V_GPU 82/89 POM_5V_CPU 533/377
RAM 1377/3964MB (lfb 8x4MB) SWAP 779/6078MB (cached 36MB) IRAM 0/252kB(lfb 252kB) CPU [7%@921,3%@921,off,off] EMC_FREQ 0%@1600 GR3D_FREQ 0%@614 APE 25 PLL@29.5C CPU@31.5C iwlwifi@32C PMIC@50C GPU@29.5C AO@41C thermal@30.5C POM_5V_IN 1689/1976 POM_5V_GPU 82/89 POM_5V_CPU 164/377
RAM 1391/3964MB (lfb 8x4MB) SWAP 779/6078MB (cached 36MB) IRAM 0/252kB(lfb 252kB) CPU [10%@921,8%@921,off,off] EMC_FREQ 0%@1600 GR3D_FREQ 0%@614 APE 25 PLL@30C CPU@31C iwlwifi@32C PMIC@50C GPU@29.5C AO@40.5C thermal@30.25C POM_5V_IN 2095/1976 POM_5V_GPU 82/89 POM_5V_CPU 492/377
RAM 1378/3964MB (lfb 8x4MB) SWAP 779/6078MB (cached 36MB) IRAM 0/252kB(lfb 252kB) CPU [4%@921,4%@921,off,off] EMC_FREQ 0%@1600 GR3D_FREQ 0%@614 APE 25 PLL@29.5C CPU@31.5C iwlwifi@32C PMIC@50C GPU@30C AO@41C thermal@30.5C POM_5V_IN 1689/1976 POM_5V_GPU 82/89 POM_5V_CPU 164/377
RAM 1391/3964MB (lfb 8x4MB) SWAP 779/6078MB (cached 36MB) IRAM 0/252kB(lfb 252kB) CPU [8%@921,10%@921,off,off] EMC_FREQ 0%@1600 GR3D_FREQ 0%@614 APE 25 PLL@29.5C CPU@31.5C iwlwifi@32C PMIC@50C GPU@29.5C AO@40.5C thermal@30.25C POM_5V_IN 2095/1976 POM_5V_GPU 82/89 POM_5V_CPU 533/377
RAM 1383/3964MB (lfb 8x4MB) SWAP 779/6078MB (cached 36MB) IRAM 0/252kB(lfb 252kB) CPU [6%@921,4%@921,off,off] EMC_FREQ 0%@1600 GR3D_FREQ 0%@614 APE 25 PLL@29.5C CPU@31.5C iwlwifi@32C PMIC@50C GPU@30C AO@41C thermal@30.25C POM_5V_IN 1689/1976 POM_5V_GPU 82/89 POM_5V_CPU 164/377
RAM 1387/3964MB (lfb 8x4MB) SWAP 779/6078MB (cached 36MB) IRAM 0/252kB(lfb 252kB) CPU [7%@921,10%@921,off,off] EMC_FREQ 0%@1600 GR3D_FREQ 0%@614 APE 25 PLL@30C CPU@31.5C iwlwifi@32C PMIC@50C GPU@29.5C AO@41C thermal@30.5C POM_5V_IN 2133/1976 POM_5V_GPU 82/89 POM_5V_CPU 533/377
RAM 1384/3964MB (lfb 8x4MB) SWAP 779/6078MB (cached 36MB) IRAM 0/252kB(lfb 252kB) CPU [6%@921,4%@921,off,off] EMC_FREQ 0%@1600 GR3D_FREQ 0%@614 APE 25 PLL@29C CPU@31C iwlwifi@32C PMIC@50C GPU@29.5C AO@40.5C thermal@30.5C POM_5V_IN 1689/1976 POM_5V_GPU 82/89 POM_5V_CPU 164/377
RAM 1391/3964MB (lfb 8x4MB) SWAP 779/6078MB (cached 36MB) IRAM 0/252kB(lfb 252kB) CPU [8%@921,8%@921,off,off] EMC_FREQ 0%@1600 GR3D_FREQ 0%@614 APE 25 PLL@29.5C CPU@32C iwlwifi@33C PMIC@50C GPU@29.5C AO@40.5C thermal@30.5C POM_5V_IN 2136/1976 POM_5V_GPU 82/89 POM_5V_CPU 533/377
RAM 1385/3964MB (lfb 8x4MB) SWAP 779/6078MB (cached 36MB) IRAM 0/252kB(lfb 252kB) CPU [5%@921,7%@921,off,off] EMC_FREQ 0%@1600 GR3D_FREQ 0%@614 APE 25 PLL@29.5C CPU@31.5C iwlwifi@32C PMIC@50C GPU@29.5C AO@41.5C thermal@30.5C POM_5V_IN 1731/1976 POM_5V_GPU 82/89 POM_5V_CPU 164/377
RAM 1385/3964MB (lfb 8x4MB) SWAP 779/6078MB (cached 36MB) IRAM 0/252kB(lfb 252kB) CPU [7%@921,7%@921,off,off] EMC_FREQ 0%@1600 GR3D_FREQ 0%@614 APE 25 PLL@29.5C CPU@31C iwlwifi@32C PMIC@50C GPU@30C AO@41C thermal@30.5C POM_5V_IN 2215/1976 POM_5V_GPU 82/89 POM_5V_CPU 492/377
RAM 1389/3964MB (lfb 8x4MB) SWAP 779/6078MB (cached 36MB) IRAM 0/252kB(lfb 252kB) CPU [6%@921,8%@921,off,off] EMC_FREQ 0%@1600 GR3D_FREQ 0%@614 APE 25 PLL@29.5C CPU@31.5C iwlwifi@32C PMIC@50C GPU@29.5C AO@41C thermal@30.75C POM_5V_IN 2334/1976 POM_5V_GPU 81/89 POM_5V_CPU 573/377
RAM 1393/3964MB (lfb 8x4MB) SWAP 779/6078MB (cached 36MB) IRAM 0/252kB(lfb 252kB) CPU [6%@921,7%@921,off,off] EMC_FREQ 0%@1600 GR3D_FREQ 0%@614 APE 25 PLL@30C CPU@31.5C iwlwifi@32C PMIC@50C GPU@29.5C AO@41C thermal@30.5C POM_5V_IN 1892/1976 POM_5V_GPU 82/89 POM_5V_CPU 205/377
RAM 1389/3964MB (lfb 8x4MB) SWAP 779/6078MB (cached 36MB) IRAM 0/252kB(lfb 252kB) CPU [5%@921,9%@921,off,off] EMC_FREQ 0%@1600 GR3D_FREQ 0%@614 APE 25 PLL@29.5C CPU@31.5C iwlwifi@32C PMIC@50C GPU@29.5C AO@40.5C thermal@30.75C POM_5V_IN 1687/1976 POM_5V_GPU 82/89 POM_5V_CPU 164/377
RAM 1389/3964MB (lfb 8x4MB) SWAP 779/6078MB (cached 36MB) IRAM 0/252kB(lfb 252kB) CPU [5%@921,8%@921,off,off] EMC_FREQ 0%@1600 GR3D_FREQ 0%@614 APE 25 PLL@29.5C CPU@31C iwlwifi@32C PMIC@50C GPU@30C AO@41C thermal@30.5C POM_5V_IN 1689/1976 POM_5V_GPU 82/89 POM_5V_CPU 123/377
RAM 1387/3964MB (lfb 8x4MB) SWAP 779/6078MB (cached 36MB) IRAM 0/252kB(lfb 252kB) CPU [8%@921,6%@921,off,off] EMC_FREQ 0%@1600 GR3D_FREQ 0%@614 APE 25 PLL@29.5C CPU@31.5C iwlwifi@32C PMIC@50C GPU@29.5C AO@41C thermal@30.75C POM_5V_IN 1689/1975 POM_5V_GPU 82/89 POM_5V_CPU 164/376
RAM 1389/3964MB (lfb 8x4MB) SWAP 779/6078MB (cached 36MB) IRAM 0/252kB(lfb 252kB) CPU [7%@921,6%@921,off,off] EMC_FREQ 0%@1600 GR3D_FREQ 0%@614 APE 25 PLL@29.5C CPU@31C iwlwifi@32C PMIC@50C GPU@29.5C AO@40.5C thermal@30.75C POM_5V_IN 2013/1975 POM_5V_GPU 82/89 POM_5V_CPU 369/376
RAM 1390/3964MB (lfb 8x4MB) SWAP 779/6078MB (cached 36MB) IRAM 0/252kB(lfb 252kB) CPU [8%@921,6%@921,off,off] EMC_FREQ 0%@1600 GR3D_FREQ 0%@614 APE 25 PLL@29.5C CPU@31.5C iwlwifi@32C PMIC@50C GPU@29.5C AO@40.5C thermal@30.75C POM_5V_IN 1689/1975 POM_5V_GPU 82/89 POM_5V_CPU 164/376
RAM 1388/3964MB (lfb 8x4MB) SWAP 779/6078MB (cached 36MB) IRAM 0/252kB(lfb 252kB) CPU [7%@921,7%@921,off,off] EMC_FREQ 0%@1600 GR3D_FREQ 0%@614 APE 25 PLL@29.5C CPU@31C iwlwifi@32C PMIC@50C GPU@30C AO@40.5C thermal@30.5C POM_5V_IN 1689/1975 POM_5V_GPU 82/89 POM_5V_CPU 164/376
RAM 1387/3964MB (lfb 8x4MB) SWAP 779/6078MB (cached 36MB) IRAM 0/252kB(lfb 252kB) CPU [4%@921,9%@921,off,off] EMC_FREQ 0%@1600 GR3D_FREQ 0%@614 APE 25 PLL@29.5C CPU@31.5C iwlwifi@32C PMIC@50C GPU@29.5C AO@40.5C thermal@30.5C POM_5V_IN 1687/1975 POM_5V_GPU 82/89 POM_5V_CPU 164/376
RAM 1382/3964MB (lfb 8x4MB) SWAP 779/6078MB (cached 36MB) IRAM 0/252kB(lfb 252kB) CPU [6%@921,5%@921,off,off] EMC_FREQ 0%@1600 GR3D_FREQ 0%@614 APE 25 PLL@29.5C CPU@31.5C iwlwifi@32C PMIC@50C GPU@30C AO@41C thermal@30.5C POM_5V_IN 1687/1975 POM_5V_GPU 82/89 POM_5V_CPU 164/376
RAM 1390/3964MB (lfb 8x4MB) SWAP 779/6078MB (cached 36MB) IRAM 0/252kB(lfb 252kB) CPU [10%@921,7%@921,off,off] EMC_FREQ 0%@1600 GR3D_FREQ 0%@614 APE 25 PLL@29.5C CPU@31.5C iwlwifi@32C PMIC@50C GPU@30C AO@40.5C thermal@30.75C POM_5V_IN 2136/1975 POM_5V_GPU 82/89 POM_5V_CPU 533/376
RAM 1382/3964MB (lfb 8x4MB) SWAP 779/6078MB (cached 36MB) IRAM 0/252kB(lfb 252kB) CPU [6%@921,4%@921,off,off] EMC_FREQ 0%@1600 GR3D_FREQ 0%@614 APE 25 PLL@29.5C CPU@31.5C iwlwifi@32C PMIC@50C GPU@30C AO@41C thermal@30.75C POM_5V_IN 1689/1975 POM_5V_GPU 82/89 POM_5V_CPU 164/376
RAM 1389/3964MB (lfb 8x4MB) SWAP 779/6078MB (cached 36MB) IRAM 0/252kB(lfb 252kB) CPU [6%@921,11%@921,off,off] EMC_FREQ 0%@1600 GR3D_FREQ 0%@614 APE 25 PLL@30C CPU@31.5C iwlwifi@32C PMIC@50C GPU@30C AO@40.5C thermal@30.75C POM_5V_IN 2136/1975 POM_5V_GPU 82/89 POM_5V_CPU 533/376
RAM 1384/3964MB (lfb 8x4MB) SWAP 779/6078MB (cached 36MB) IRAM 0/252kB(lfb 252kB) CPU [4%@921,7%@921,off,off] EMC_FREQ 0%@1600 GR3D_FREQ 0%@614 APE 25 PLL@30C CPU@31.5C iwlwifi@32C PMIC@50C GPU@30C AO@41C thermal@30.75C POM_5V_IN 1689/1974 POM_5V_GPU 82/89 POM_5V_CPU 164/376
RAM 1387/3964MB (lfb 8x4MB) SWAP 779/6078MB (cached 36MB) IRAM 0/252kB(lfb 252kB) CPU [9%@921,8%@921,off,off] EMC_FREQ 0%@1600 GR3D_FREQ 0%@614 APE 25 PLL@30C CPU@31.5C iwlwifi@32C PMIC@50C GPU@29.5C AO@40.5C thermal@30.5C POM_5V_IN 2133/1975 POM_5V_GPU 82/89 POM_5V_CPU 533/376
RAM 1385/3964MB (lfb 8x4MB) SWAP 779/6078MB (cached 36MB) IRAM 0/252kB(lfb 252kB) CPU [5%@921,7%@921,off,off] EMC_FREQ 0%@1600 GR3D_FREQ 0%@614 APE 25 PLL@29.5C CPU@31.5C iwlwifi@33C PMIC@50C GPU@29.5C AO@40.5C thermal@30.5C POM_5V_IN 1689/1974 POM_5V_GPU 82/89 POM_5V_CPU 164/376
RAM 1387/3964MB (lfb 8x4MB) SWAP 779/6078MB (cached 36MB) IRAM 0/252kB(lfb 252kB) CPU [6%@921,8%@921,off,off] EMC_FREQ 0%@1600 GR3D_FREQ 0%@614 APE 25 PLL@30C CPU@31.5C iwlwifi@32C PMIC@50C GPU@29.5C AO@41C thermal@30.5C POM_5V_IN 2174/1975 POM_5V_GPU 82/89 POM_5V_CPU 574/376
RAM 1395/3964MB (lfb 8x4MB) SWAP 779/6078MB (cached 36MB) IRAM 0/252kB(lfb 252kB) CPU [6%@921,8%@921,off,off] EMC_FREQ 0%@1600 GR3D_FREQ 0%@614 APE 25 PLL@30C CPU@31.5C iwlwifi@32C PMIC@50C GPU@30C AO@41C thermal@30.75C POM_5V_IN 2334/1975 POM_5V_GPU 81/89 POM_5V_CPU 573/376
RAM 1387/3964MB (lfb 8x4MB) SWAP 779/6078MB (cached 36MB) IRAM 0/252kB(lfb 252kB) CPU [6%@921,7%@921,off,off] EMC_FREQ 0%@1600 GR3D_FREQ 0%@614 APE 25 PLL@30C CPU@31.5C iwlwifi@32C PMIC@50C GPU@29.5C AO@41C thermal@30.75C POM_5V_IN 2136/1975 POM_5V_GPU 82/89 POM_5V_CPU 493/376
RAM 1387/3964MB (lfb 8x4MB) SWAP 779/6078MB (cached 36MB) IRAM 0/252kB(lfb 252kB) CPU [7%@921,7%@921,off,off] EMC_FREQ 0%@1600 GR3D_FREQ 0%@614 APE 25 PLL@30C CPU@31.5C iwlwifi@32C PMIC@50C GPU@29.5C AO@41C thermal@30.5C POM_5V_IN 1772/1975 POM_5V_GPU 82/89 POM_5V_CPU 206/376
RAM 1389/3964MB (lfb 8x4MB) SWAP 779/6078MB (cached 36MB) IRAM 0/252kB(lfb 252kB) CPU [5%@921,9%@921,off,off] EMC_FREQ 0%@1600 GR3D_FREQ 0%@614 APE 25 PLL@29.5C CPU@31.5C iwlwifi@32C PMIC@50C GPU@29.5C AO@41C thermal@30.5C POM_5V_IN 1731/1975 POM_5V_GPU 82/89 POM_5V_CPU 164/376
RAM 1391/3964MB (lfb 8x4MB) SWAP 779/6078MB (cached 36MB) IRAM 0/252kB(lfb 252kB) CPU [6%@921,8%@921,off,off] EMC_FREQ 0%@1600 GR3D_FREQ 0%@614 APE 25 PLL@29.5C CPU@31.5C iwlwifi@32C PMIC@50C GPU@29.5C AO@40.5C thermal@30.25C POM_5V_IN 1689/1974 POM_5V_GPU 82/89 POM_5V_CPU 164/376
RAM 1387/3964MB (lfb 8x4MB) SWAP 779/6078MB (cached 36MB) IRAM 0/252kB(lfb 252kB) CPU [10%@921,3%@921,off,off] EMC_FREQ 0%@1600 GR3D_FREQ 0%@614 APE 25 PLL@29.5C CPU@31C iwlwifi@32C PMIC@50C GPU@29.5C AO@41C thermal@30.75C POM_5V_IN 1731/1974 POM_5V_GPU 82/89 POM_5V_CPU 164/376
RAM 1389/3964MB (lfb 8x4MB) SWAP 779/6078MB (cached 36MB) IRAM 0/252kB(lfb 252kB) CPU [5%@921,7%@921,off,off] EMC_FREQ 0%@1600 GR3D_FREQ 0%@614 APE 25 PLL@29.5C CPU@31.5C iwlwifi@32C PMIC@50C GPU@29.5C AO@41C thermal@30.75C POM_5V_IN 1689/1974 POM_5V_GPU 82/89 POM_5V_CPU 123/375
RAM 1382/3964MB (lfb 8x4MB) SWAP 779/6078MB (cached 36MB) IRAM 0/252kB(lfb 252kB) CPU [5%@921,5%@921,off,off] EMC_FREQ 0%@1600 GR3D_FREQ 0%@614 APE 25 PLL@29.5C CPU@31C iwlwifi@32C PMIC@50C GPU@30C AO@41C thermal@30.75C POM_5V_IN 1689/1974 POM_5V_GPU 82/89 POM_5V_CPU 164/375
RAM 1391/3964MB (lfb 8x4MB) SWAP 779/6078MB (cached 36MB) IRAM 0/252kB(lfb 252kB) CPU [8%@921,9%@921,off,off] EMC_FREQ 0%@1600 GR3D_FREQ 0%@614 APE 25 PLL@30C CPU@31.5C iwlwifi@32C PMIC@50C GPU@29.5C AO@41C thermal@30.5C POM_5V_IN 2129/1974 POM_5V_GPU 81/89 POM_5V_CPU 573/375
RAM 1384/3964MB (lfb 8x4MB) SWAP 779/6078MB (cached 36MB) IRAM 0/252kB(lfb 252kB) CPU [5%@921,6%@921,off,off] EMC_FREQ 0%@1600 GR3D_FREQ 0%@614 APE 25 PLL@29.5C CPU@31.5C iwlwifi@32C PMIC@50C GPU@30C AO@40.5C thermal@30.5C POM_5V_IN 1689/1974 POM_5V_GPU 82/89 POM_5V_CPU 164/375
RAM 1389/3964MB (lfb 8x4MB) SWAP 779/6078MB (cached 36MB) IRAM 0/252kB(lfb 252kB) CPU [7%@921,7%@921,off,off] EMC_FREQ 0%@1600 GR3D_FREQ 0%@614 APE 25 PLL@30C CPU@31.5C iwlwifi@32C PMIC@50C GPU@30C AO@40.5C thermal@30.5C POM_5V_IN 2174/1974 POM_5V_GPU 82/89 POM_5V_CPU 574/375
RAM 1395/3964MB (lfb 8x4MB) SWAP 779/6078MB (cached 36MB) IRAM 0/252kB(lfb 252kB) CPU [7%@921,7%@921,off,off] EMC_FREQ 0%@1600 GR3D_FREQ 0%@614 APE 25 PLL@30C CPU@31C iwlwifi@32C PMIC@50C GPU@29.5C AO@41C thermal@30.5C POM_5V_IN 2334/1974 POM_5V_GPU 81/89 POM_5V_CPU 573/376
RAM 1395/3964MB (lfb 8x4MB) SWAP 779/6078MB (cached 36MB) IRAM 0/252kB(lfb 252kB) CPU [10%@921,4%@921,off,off] EMC_FREQ 0%@1600 GR3D_FREQ 0%@614 APE 25 PLL@30C CPU@31.5C iwlwifi@32C PMIC@50C GPU@30C AO@41C thermal@30.5C POM_5V_IN 2215/1974 POM_5V_GPU 82/89 POM_5V_CPU 574/376
RAM 1391/3964MB (lfb 8x4MB) SWAP 779/6078MB (cached 36MB) IRAM 0/252kB(lfb 252kB) CPU [7%@921,7%@921,off,off] EMC_FREQ 0%@1600 GR3D_FREQ 0%@614 APE 25 PLL@30C CPU@31C iwlwifi@32C PMIC@50C GPU@30C AO@41C thermal@30.75C POM_5V_IN 1934/1974 POM_5V_GPU 82/89 POM_5V_CPU 329/376
RAM 1389/3964MB (lfb 8x4MB) SWAP 779/6078MB (cached 36MB) IRAM 0/252kB(lfb 252kB) CPU [8%@921,6%@921,off,off] EMC_FREQ 0%@1600 GR3D_FREQ 0%@614 APE 25 PLL@29.5C CPU@31.5C iwlwifi@32C PMIC@50C GPU@30C AO@41C thermal@30.5C POM_5V_IN 1731/1974 POM_5V_GPU 82/89 POM_5V_CPU 164/376
RAM 1391/3964MB (lfb 8x4MB) SWAP 779/6078MB (cached 36MB) IRAM 0/252kB(lfb 252kB) CPU [5%@921,8%@921,off,off] EMC_FREQ 0%@1600 GR3D_FREQ 0%@614 APE 25 PLL@29.5C CPU@31.5C iwlwifi@32C PMIC@50C GPU@29.5C AO@41C thermal@30.75C POM_5V_IN 1772/1974 POM_5V_GPU 82/89 POM_5V_CPU 206/375
RAM 1387/3964MB (lfb 8x4MB) SWAP 779/6078MB (cached 36MB) IRAM 0/252kB(lfb 252kB) CPU [7%@921,6%@921,off,off] EMC_FREQ 0%@1600 GR3D_FREQ 0%@614 APE 25 PLL@29.5C CPU@31.5C iwlwifi@32C PMIC@50C GPU@30C AO@40.5C thermal@30.75C POM_5V_IN 1689/1974 POM_5V_GPU 82/89 POM_5V_CPU 164/375
RAM 1391/3964MB (lfb 8x4MB) SWAP 779/6078MB (cached 36MB) IRAM 0/252kB(lfb 252kB) CPU [10%@921,4%@921,off,off] EMC_FREQ 0%@1600 GR3D_FREQ 0%@614 APE 25 PLL@29.5C CPU@31.5C iwlwifi@32C PMIC@50C GPU@30C AO@41C thermal@30.75C POM_5V_IN 1689/1974 POM_5V_GPU 82/89 POM_5V_CPU 164/375
RAM 1380/3964MB (lfb 8x4MB) SWAP 779/6078MB (cached 36MB) IRAM 0/252kB(lfb 252kB) CPU [4%@921,5%@921,off,off] EMC_FREQ 0%@1600 GR3D_FREQ 0%@614 APE 25 PLL@29.5C CPU@31.5C iwlwifi@32C PMIC@50C GPU@29.5C AO@41C thermal@30.5C POM_5V_IN 1689/1973 POM_5V_GPU 82/89 POM_5V_CPU 164/375
RAM 1391/3964MB (lfb 8x4MB) SWAP 779/6078MB (cached 36MB) IRAM 0/252kB(lfb 252kB) CPU [8%@921,9%@921,off,off] EMC_FREQ 0%@1600 GR3D_FREQ 0%@614 APE 25 PLL@30C CPU@31.5C iwlwifi@32C PMIC@50C GPU@30C AO@41C thermal@30.75C POM_5V_IN 2136/1974 POM_5V_GPU 82/89 POM_5V_CPU 533/375
RAM 1384/3964MB (lfb 8x4MB) SWAP 779/6078MB (cached 36MB) IRAM 0/252kB(lfb 252kB) CPU [6%@921,5%@921,off,off] EMC_FREQ 0%@1600 GR3D_FREQ 0%@614 APE 25 PLL@29.5C CPU@31.5C iwlwifi@32C PMIC@50C GPU@29.5C AO@41.5C thermal@30.5C POM_5V_IN 1689/1973 POM_5V_GPU 82/89 POM_5V_CPU 164/375
RAM 1384/3964MB (lfb 8x4MB) SWAP 779/6078MB (cached 36MB) IRAM 0/252kB(lfb 252kB) CPU [6%@921,7%@921,off,off] EMC_FREQ 0%@1600 GR3D_FREQ 0%@614 APE 25 PLL@30C CPU@31.5C iwlwifi@32C PMIC@50C GPU@29.5C AO@41C thermal@30.75C POM_5V_IN 2133/1973 POM_5V_GPU 82/89 POM_5V_CPU 533/375
RAM 1386/3964MB (lfb 8x4MB) SWAP 779/6078MB (cached 36MB) IRAM 0/252kB(lfb 252kB) CPU [8%@921,7%@921,off,off] EMC_FREQ 0%@1600 GR3D_FREQ 0%@614 APE 25 PLL@30C CPU@31.5C iwlwifi@32C PMIC@50C GPU@30C AO@40.5C thermal@30.25C POM_5V_IN 2375/1974 POM_5V_GPU 81/89 POM_5V_CPU 737/375
RAM 1393/3964MB (lfb 8x4MB) SWAP 779/6078MB (cached 36MB) IRAM 0/252kB(lfb 252kB) CPU [7%@921,7%@921,off,off] EMC_FREQ 0%@1600 GR3D_FREQ 0%@614 APE 25 PLL@30C CPU@31.5C iwlwifi@32C PMIC@50C GPU@29.5C AO@41C thermal@30.5C POM_5V_IN 2256/1974 POM_5V_GPU 82/89 POM_5V_CPU 573/375
RAM 1391/3964MB (lfb 8x4MB) SWAP 779/6078MB (cached 36MB) IRAM 0/252kB(lfb 252kB) CPU [6%@921,9%@921,off,off] EMC_FREQ 0%@1600 GR3D_FREQ 0%@614 APE 25 PLL@30C CPU@31.5C iwlwifi@32C PMIC@50C GPU@30C AO@41C thermal@30.25C POM_5V_IN 2174/1974 POM_5V_GPU 82/89 POM_5V_CPU 533/376
RAM 1393/3964MB (lfb 8x4MB) SWAP 779/6078MB (cached 36MB) IRAM 0/252kB(lfb 252kB) CPU [7%@921,6%@921,off,off] EMC_FREQ 0%@1600 GR3D_FREQ 0%@614 APE 25 PLL@30C CPU@31.5C iwlwifi@32C PMIC@50C GPU@29.5C AO@41C thermal@30.25C POM_5V_IN 2013/1974 POM_5V_GPU 82/89 POM_5V_CPU 410/376
RAM 1387/3964MB (lfb 8x4MB) SWAP 779/6078MB (cached 36MB) IRAM 0/252kB(lfb 252kB) CPU [6%@921,8%@921,off,off] EMC_FREQ 0%@1600 GR3D_FREQ 0%@614 APE 25 PLL@30C CPU@31.5C iwlwifi@32C PMIC@50C GPU@29.5C AO@40.5C thermal@30.5C POM_5V_IN 2256/1974 POM_5V_GPU 82/89 POM_5V_CPU 615/376
RAM 1391/3964MB (lfb 8x4MB) SWAP 779/6078MB (cached 36MB) IRAM 0/252kB(lfb 252kB) CPU [7%@921,6%@921,off,off] EMC_FREQ 0%@1600 GR3D_FREQ 0%@614 APE 25 PLL@29.5C CPU@31.5C iwlwifi@32C PMIC@50C GPU@29.5C AO@40.5C thermal@30.5C POM_5V_IN 1731/1974 POM_5V_GPU 82/89 POM_5V_CPU 164/376
RAM 1392/3964MB (lfb 8x4MB) SWAP 779/6078MB (cached 36MB) IRAM 0/252kB(lfb 252kB) CPU [6%@921,8%@921,off,off] EMC_FREQ 0%@1600 GR3D_FREQ 0%@614 APE 25 PLL@30C CPU@31.5C iwlwifi@32C PMIC@50C GPU@30C AO@41C thermal@30.5C POM_5V_IN 1689/1974 POM_5V_GPU 82/89 POM_5V_CPU 164/375
RAM 1391/3964MB (lfb 8x4MB) SWAP 779/6078MB (cached 36MB) IRAM 0/252kB(lfb 252kB) CPU [9%@921,5%@921,off,off] EMC_FREQ 0%@1600 GR3D_FREQ 0%@614 APE 25 PLL@30C CPU@32C iwlwifi@32C PMIC@50C GPU@30C AO@41C thermal@30.75C POM_5V_IN 1689/1974 POM_5V_GPU 82/89 POM_5V_CPU 164/375
RAM 1379/3964MB (lfb 8x4MB) SWAP 779/6078MB (cached 36MB) IRAM 0/252kB(lfb 252kB) CPU [6%@921,5%@921,off,off] EMC_FREQ 0%@1600 GR3D_FREQ 0%@614 APE 25 PLL@30C CPU@31.5C iwlwifi@32C PMIC@50C GPU@30C AO@41C thermal@30.75C POM_5V_IN 1731/1974 POM_5V_GPU 82/89 POM_5V_CPU 164/375
RAM 1389/3964MB (lfb 8x4MB) SWAP 779/6078MB (cached 36MB) IRAM 0/252kB(lfb 252kB) CPU [8%@921,8%@921,off,off] EMC_FREQ 0%@1600 GR3D_FREQ 0%@614 APE 25 PLL@29.5C CPU@31.5C iwlwifi@32C PMIC@50C GPU@29.5C AO@41C thermal@30.75C POM_5V_IN 2136/1974 POM_5V_GPU 82/89 POM_5V_CPU 533/375
RAM 1387/3964MB (lfb 8x4MB) SWAP 779/6078MB (cached 36MB) IRAM 0/252kB(lfb 252kB) CPU [4%@921,7%@921,off,off] EMC_FREQ 0%@1600 GR3D_FREQ 0%@614 APE 25 PLL@29.5C CPU@31C iwlwifi@32C PMIC@50C GPU@29.5C AO@41C thermal@30.5C POM_5V_IN 1689/1973 POM_5V_GPU 82/89 POM_5V_CPU 164/375
RAM 1387/3964MB (lfb 8x4MB) SWAP 779/6078MB (cached 36MB) IRAM 0/252kB(lfb 252kB) CPU [6%@921,9%@921,off,off] EMC_FREQ 0%@1600 GR3D_FREQ 0%@614 APE 25 PLL@30C CPU@31.5C iwlwifi@32C PMIC@50C GPU@29.5C AO@41C thermal@30.5C POM_5V_IN 2133/1974 POM_5V_GPU 82/89 POM_5V_CPU 574/375
RAM 1389/3964MB (lfb 8x4MB) SWAP 779/6078MB (cached 36MB) IRAM 0/252kB(lfb 252kB) CPU [9%@921,6%@921,off,off] EMC_FREQ 0%@1600 GR3D_FREQ 0%@614 APE 25 PLL@29.5C CPU@31.5C iwlwifi@32C PMIC@50C GPU@29.5C AO@41C thermal@30.25C POM_5V_IN 2297/1974 POM_5V_GPU 81/89 POM_5V_CPU 532/375
RAM 1392/3964MB (lfb 8x4MB) SWAP 779/6078MB (cached 36MB) IRAM 0/252kB(lfb 252kB) CPU [9%@921,6%@921,off,off] EMC_FREQ 0%@1600 GR3D_FREQ 0%@614 APE 25 PLL@30C CPU@31.5C iwlwifi@32C PMIC@50C GPU@30C AO@40.5C thermal@30.5C POM_5V_IN 2375/1974 POM_5V_GPU 81/89 POM_5V_CPU 614/375
RAM 1393/3964MB (lfb 8x4MB) SWAP 779/6078MB (cached 36MB) IRAM 0/252kB(lfb 252kB) CPU [7%@921,6%@921,off,off] EMC_FREQ 0%@1600 GR3D_FREQ 0%@614 APE 25 PLL@30C CPU@31C iwlwifi@32C PMIC@50C GPU@30C AO@41C thermal@30.5C POM_5V_IN 2013/1974 POM_5V_GPU 82/89 POM_5V_CPU 369/375
RAM 1391/3964MB (lfb 8x4MB) SWAP 779/6078MB (cached 36MB) IRAM 0/252kB(lfb 252kB) CPU [9%@921,4%@921,off,off] EMC_FREQ 0%@1600 GR3D_FREQ 0%@614 APE 25 PLL@29.5C CPU@31.5C iwlwifi@32C PMIC@50C GPU@29.5C AO@40.5C thermal@30.5C POM_5V_IN 1810/1974 POM_5V_GPU 82/89 POM_5V_CPU 246/375
RAM 1391/3964MB (lfb 8x4MB) SWAP 779/6078MB (cached 36MB) IRAM 0/252kB(lfb 252kB) CPU [8%@921,5%@921,off,off] EMC_FREQ 0%@1600 GR3D_FREQ 0%@614 APE 25 PLL@29.5C CPU@31.5C iwlwifi@32C PMIC@50C GPU@29.5C AO@41C thermal@30.75C POM_5V_IN 1731/1974 POM_5V_GPU 82/89 POM_5V_CPU 164/375
RAM 1384/3964MB (lfb 8x4MB) SWAP 779/6078MB (cached 36MB) IRAM 0/252kB(lfb 252kB) CPU [6%@921,8%@921,off,off] EMC_FREQ 0%@1600 GR3D_FREQ 0%@614 APE 25 PLL@29.5C CPU@31C iwlwifi@32C PMIC@50C GPU@29.5C AO@40.5C thermal@30.5C POM_5V_IN 1851/1974 POM_5V_GPU 82/89 POM_5V_CPU 164/375
RAM 1380/3964MB (lfb 8x4MB) SWAP 779/6078MB (cached 36MB) IRAM 0/252kB(lfb 252kB) CPU [5%@921,8%@921,off,off] EMC_FREQ 0%@1600 GR3D_FREQ 0%@614 APE 25 PLL@29.5C CPU@31C iwlwifi@32C PMIC@50C GPU@30C AO@41C thermal@30.5C POM_5V_IN 1689/1974 POM_5V_GPU 82/89 POM_5V_CPU 164/375
RAM 1382/3964MB (lfb 8x4MB) SWAP 779/6078MB (cached 36MB) IRAM 0/252kB(lfb 252kB) CPU [6%@921,8%@921,off,off] EMC_FREQ 0%@1600 GR3D_FREQ 0%@614 APE 25 PLL@29.5C CPU@31.5C iwlwifi@32C PMIC@50C GPU@30C AO@41C thermal@30.75C POM_5V_IN 1689/1973 POM_5V_GPU 82/89 POM_5V_CPU 164/375
RAM 1384/3964MB (lfb 8x4MB) SWAP 779/6078MB (cached 36MB) IRAM 0/252kB(lfb 252kB) CPU [7%@921,6%@921,off,off] EMC_FREQ 0%@1600 GR3D_FREQ 0%@614 APE 25 PLL@29.5C CPU@31.5C iwlwifi@32C PMIC@50C GPU@29.5C AO@40.5C thermal@30.75C POM_5V_IN 1689/1973 POM_5V_GPU 82/89 POM_5V_CPU 164/375
RAM 1378/3964MB (lfb 8x4MB) SWAP 779/6078MB (cached 36MB) IRAM 0/252kB(lfb 252kB) CPU [5%@921,6%@921,off,off] EMC_FREQ 0%@1600 GR3D_FREQ 0%@614 APE 25 PLL@29.5C CPU@31.5C iwlwifi@32C PMIC@50C GPU@29.5C AO@41.5C thermal@30.75C POM_5V_IN 1689/1973 POM_5V_GPU 82/89 POM_5V_CPU 164/375
RAM 1384/3964MB (lfb 8x4MB) SWAP 779/6078MB (cached 36MB) IRAM 0/252kB(lfb 252kB) CPU [6%@921,11%@921,off,off] EMC_FREQ 0%@1600 GR3D_FREQ 0%@614 APE 25 PLL@29.5C CPU@31.5C iwlwifi@32C PMIC@50C GPU@29.5C AO@41C thermal@30.75C POM_5V_IN 2136/1973 POM_5V_GPU 82/89 POM_5V_CPU 533/375
RAM 1376/3964MB (lfb 8x4MB) SWAP 779/6078MB (cached 36MB) IRAM 0/252kB(lfb 252kB) CPU [4%@921,8%@921,off,off] EMC_FREQ 0%@1600 GR3D_FREQ 0%@614 APE 25 PLL@29C CPU@31C iwlwifi@32C PMIC@50C GPU@29.5C AO@41C thermal@30.5C POM_5V_IN 1689/1973 POM_5V_GPU 82/89 POM_5V_CPU 164/375
RAM 1381/3964MB (lfb 8x4MB) SWAP 779/6078MB (cached 36MB) IRAM 0/252kB(lfb 252kB) CPU [6%@921,7%@921,off,off] EMC_FREQ 0%@1600 GR3D_FREQ 0%@614 APE 25 PLL@29.5C CPU@31.5C iwlwifi@32C PMIC@50C GPU@29.5C AO@40.5C thermal@30.25C POM_5V_IN 2136/1973 POM_5V_GPU 82/89 POM_5V_CPU 533/375
RAM 1381/3964MB (lfb 8x4MB) SWAP 779/6078MB (cached 36MB) IRAM 0/252kB(lfb 252kB) CPU [10%@921,5%@921,off,off] EMC_FREQ 0%@1600 GR3D_FREQ 0%@614 APE 25 PLL@29.5C CPU@31.5C iwlwifi@33C PMIC@50C GPU@29.5C AO@41C thermal@30.5C POM_5V_IN 2174/1973 POM_5V_GPU 82/89 POM_5V_CPU 574/375
RAM 1381/3964MB (lfb 8x4MB) SWAP 779/6078MB (cached 36MB) IRAM 0/252kB(lfb 252kB) CPU [4%@921,9%@921,off,off] EMC_FREQ 0%@1600 GR3D_FREQ 0%@614 APE 25 PLL@29.5C CPU@31.5C iwlwifi@32C PMIC@50C GPU@29.5C AO@41C thermal@30.25C POM_5V_IN 2293/1973 POM_5V_GPU 81/89 POM_5V_CPU 532/375
RAM 1379/3964MB (lfb 8x4MB) SWAP 779/6078MB (cached 36MB) IRAM 0/252kB(lfb 252kB) CPU [7%@921,7%@921,off,off] EMC_FREQ 0%@1600 GR3D_FREQ 0%@614 APE 25 PLL@29.5C CPU@31.5C iwlwifi@32C PMIC@50C GPU@29.5C AO@41C thermal@30.5C POM_5V_IN 2215/1974 POM_5V_GPU 82/89 POM_5V_CPU 492/375
RAM 1378/3964MB (lfb 8x4MB) SWAP 779/6078MB (cached 36MB) IRAM 0/252kB(lfb 252kB) CPU [5%@921,7%@921,off,off] EMC_FREQ 0%@1600 GR3D_FREQ 0%@614 APE 25 PLL@29.5C CPU@31.5C iwlwifi@32C PMIC@50C GPU@30C AO@41C thermal@30.5C POM_5V_IN 2129/1974 POM_5V_GPU 81/89 POM_5V_CPU 532/375
RAM 1380/3964MB (lfb 8x4MB) SWAP 779/6078MB (cached 36MB) IRAM 0/252kB(lfb 252kB) CPU [8%@921,9%@921,off,off] EMC_FREQ 0%@1600 GR3D_FREQ 0%@614 APE 25 PLL@30C CPU@31.5C iwlwifi@32C PMIC@50C GPU@29.5C AO@41C thermal@30.25C POM_5V_IN 2136/1974 POM_5V_GPU 82/89 POM_5V_CPU 533/375
RAM 1381/3964MB (lfb 8x4MB) SWAP 779/6078MB (cached 36MB) IRAM 0/252kB(lfb 252kB) CPU [7%@921,5%@921,off,off] EMC_FREQ 0%@1600 GR3D_FREQ 0%@614 APE 25 PLL@29.5C CPU@31C iwlwifi@32C PMIC@50C GPU@29.5C AO@41C thermal@30.5C POM_5V_IN 1689/1974 POM_5V_GPU 82/89 POM_5V_CPU 164/375
RAM 1388/3964MB (lfb 8x4MB) SWAP 779/6078MB (cached 36MB) IRAM 0/252kB(lfb 252kB) CPU [7%@921,7%@921,off,off] EMC_FREQ 0%@1600 GR3D_FREQ 0%@614 APE 25 PLL@29.5C CPU@31.5C iwlwifi@32C PMIC@50C GPU@29.5C AO@41C thermal@30.5C POM_5V_IN 2297/1974 POM_5V_GPU 82/89 POM_5V_CPU 573/375
RAM 1384/3964MB (lfb 8x4MB) SWAP 779/6078MB (cached 36MB) IRAM 0/252kB(lfb 252kB) CPU [8%@921,6%@921,off,off] EMC_FREQ 0%@1600 GR3D_FREQ 0%@614 APE 25 PLL@30C CPU@31.5C iwlwifi@32C PMIC@50C GPU@30C AO@41C thermal@30.25C POM_5V_IN 2215/1974 POM_5V_GPU 82/89 POM_5V_CPU 574/375
RAM 1384/3964MB (lfb 8x4MB) SWAP 779/6078MB (cached 36MB) IRAM 0/252kB(lfb 252kB) CPU [7%@921,7%@921,off,off] EMC_FREQ 0%@1600 GR3D_FREQ 0%@614 APE 25 PLL@30C CPU@31C iwlwifi@32C PMIC@50C GPU@30C AO@41C thermal@30.5C POM_5V_IN 2010/1974 POM_5V_GPU 82/89 POM_5V_CPU 410/375
RAM 1382/3964MB (lfb 8x4MB) SWAP 779/6078MB (cached 36MB) IRAM 0/252kB(lfb 252kB) CPU [5%@921,9%@921,off,off] EMC_FREQ 0%@1600 GR3D_FREQ 0%@614 APE 25 PLL@29.5C CPU@31.5C iwlwifi@32C PMIC@50C GPU@29.5C AO@41C thermal@30.5C POM_5V_IN 1731/1974 POM_5V_GPU 82/89 POM_5V_CPU 164/375
RAM 1381/3964MB (lfb 8x4MB) SWAP 779/6078MB (cached 36MB) IRAM 0/252kB(lfb 252kB) CPU [6%@921,7%@921,off,off] EMC_FREQ 0%@1600 GR3D_FREQ 0%@614 APE 25 PLL@29.5C CPU@31.5C iwlwifi@32C PMIC@50C GPU@30C AO@41C thermal@30.25C POM_5V_IN 1689/1974 POM_5V_GPU 82/89 POM_5V_CPU 164/375
RAM 1384/3964MB (lfb 8x4MB) SWAP 779/6078MB (cached 36MB) IRAM 0/252kB(lfb 252kB) CPU [7%@921,7%@921,off,off] EMC_FREQ 0%@1600 GR3D_FREQ 0%@614 APE 25 PLL@29.5C CPU@31C iwlwifi@32C PMIC@50C GPU@30C AO@40.5C thermal@30.25C POM_5V_IN 1689/1973 POM_5V_GPU 82/89 POM_5V_CPU 164/375
RAM 1380/3964MB (lfb 8x4MB) SWAP 779/6078MB (cached 36MB) IRAM 0/252kB(lfb 252kB) CPU [6%@921,7%@921,off,off] EMC_FREQ 0%@1600 GR3D_FREQ 0%@614 APE 25 PLL@30C CPU@31C iwlwifi@32C PMIC@50C GPU@30C AO@41C thermal@30.5C POM_5V_IN 1689/1973 POM_5V_GPU 82/89 POM_5V_CPU 123/375
RAM 1382/3964MB (lfb 8x4MB) SWAP 779/6078MB (cached 36MB) IRAM 0/252kB(lfb 252kB) CPU [8%@921,6%@921,off,off] EMC_FREQ 0%@1600 GR3D_FREQ 0%@614 APE 25 PLL@29.5C CPU@31C iwlwifi@32C PMIC@50C GPU@30C AO@40.5C thermal@30.5C POM_5V_IN 1689/1973 POM_5V_GPU 82/89 POM_5V_CPU 164/375
RAM 1378/3964MB (lfb 8x4MB) SWAP 779/6078MB (cached 36MB) IRAM 0/252kB(lfb 252kB) CPU [5%@921,5%@921,off,off] EMC_FREQ 0%@1600 GR3D_FREQ 0%@614 APE 25 PLL@30C CPU@31.5C iwlwifi@32C PMIC@50C GPU@29.5C AO@41C thermal@30.25C POM_5V_IN 1689/1973 POM_5V_GPU 82/89 POM_5V_CPU 164/375
RAM 1380/3964MB (lfb 8x4MB) SWAP 779/6078MB (cached 36MB) IRAM 0/252kB(lfb 252kB) CPU [8%@921,9%@921,off,off] EMC_FREQ 0%@1600 GR3D_FREQ 0%@614 APE 25 PLL@30C CPU@31.5C iwlwifi@32C PMIC@50C GPU@29.5C AO@41C thermal@30.5C POM_5V_IN 2136/1973 POM_5V_GPU 82/89 POM_5V_CPU 533/375
RAM 1379/3964MB (lfb 8x4MB) SWAP 779/6078MB (cached 36MB) IRAM 0/252kB(lfb 252kB) CPU [6%@921,5%@921,off,off] EMC_FREQ 0%@1600 GR3D_FREQ 0%@614 APE 25 PLL@30C CPU@31.5C iwlwifi@32C PMIC@50C GPU@30C AO@40.5C thermal@30.25C POM_5V_IN 1689/1973 POM_5V_GPU 82/89 POM_5V_CPU 164/374
RAM 1381/3964MB (lfb 8x4MB) SWAP 779/6078MB (cached 36MB) IRAM 0/252kB(lfb 252kB) CPU [8%@921,7%@921,off,off] EMC_FREQ 0%@1600 GR3D_FREQ 0%@614 APE 25 PLL@30C CPU@31C iwlwifi@32C PMIC@50C GPU@29.5C AO@41C thermal@30.5C POM_5V_IN 2174/1973 POM_5V_GPU 82/89 POM_5V_CPU 574/375
RAM 1385/3964MB (lfb 8x4MB) SWAP 779/6078MB (cached 36MB) IRAM 0/252kB(lfb 252kB) CPU [7%@921,7%@921,off,off] EMC_FREQ 0%@1600 GR3D_FREQ 0%@614 APE 25 PLL@29.5C CPU@31.5C iwlwifi@32C PMIC@50C GPU@30C AO@41C thermal@30.75C POM_5V_IN 2297/1973 POM_5V_GPU 81/89 POM_5V_CPU 614/375
RAM 1380/3964MB (lfb 8x4MB) SWAP 779/6078MB (cached 36MB) IRAM 0/252kB(lfb 252kB) CPU [7%@921,8%@921,off,off] EMC_FREQ 0%@1600 GR3D_FREQ 0%@614 APE 25 PLL@30C CPU@32C iwlwifi@32C PMIC@50C GPU@30C AO@41C thermal@30.25C POM_5V_IN 2256/1973 POM_5V_GPU 82/89 POM_5V_CPU 574/375
RAM 1381/3964MB (lfb 8x4MB) SWAP 779/6078MB (cached 36MB) IRAM 0/252kB(lfb 252kB) CPU [7%@921,6%@921,off,off] EMC_FREQ 0%@1600 GR3D_FREQ 0%@614 APE 25 PLL@29.5C CPU@31.5C iwlwifi@32C PMIC@50C GPU@29.5C AO@41C thermal@30.75C POM_5V_IN 1772/1973 POM_5V_GPU 82/89 POM_5V_CPU 206/375
RAM 1380/3964MB (lfb 8x4MB) SWAP 779/6078MB (cached 36MB) IRAM 0/252kB(lfb 252kB) CPU [5%@921,7%@921,off,off] EMC_FREQ 0%@1600 GR3D_FREQ 0%@614 APE 25 PLL@29.5C CPU@31C iwlwifi@32C PMIC@50C GPU@30C AO@40.5C thermal@30.5C POM_5V_IN 1731/1973 POM_5V_GPU 82/89 POM_5V_CPU 164/375
RAM 1383/3964MB (lfb 8x4MB) SWAP 779/6078MB (cached 36MB) IRAM 0/252kB(lfb 252kB) CPU [7%@921,7%@921,off,off] EMC_FREQ 0%@1600 GR3D_FREQ 0%@614 APE 25 PLL@29.5C CPU@31C iwlwifi@32C PMIC@50C GPU@29.5C AO@41C thermal@30.75C POM_5V_IN 1689/1973 POM_5V_GPU 82/89 POM_5V_CPU 164/374
RAM 1384/3964MB (lfb 8x4MB) SWAP 779/6078MB (cached 36MB) IRAM 0/252kB(lfb 252kB) CPU [5%@921,8%@921,off,off] EMC_FREQ 0%@1600 GR3D_FREQ 0%@614 APE 25 PLL@29.5C CPU@31C iwlwifi@32C PMIC@50C GPU@30C AO@41C thermal@30.25C POM_5V_IN 1687/1973 POM_5V_GPU 82/89 POM_5V_CPU 164/374
RAM 1382/3964MB (lfb 8x4MB) SWAP 779/6078MB (cached 36MB) IRAM 0/252kB(lfb 252kB) CPU [6%@921,7%@921,off,off] EMC_FREQ 0%@1600 GR3D_FREQ 0%@614 APE 25 PLL@29.5C CPU@31C iwlwifi@32C PMIC@50C GPU@29.5C AO@41C thermal@30.25C POM_5V_IN 1689/1973 POM_5V_GPU 82/89 POM_5V_CPU 164/374
RAM 1375/3964MB (lfb 8x4MB) SWAP 779/6078MB (cached 36MB) IRAM 0/252kB(lfb 252kB) CPU [5%@921,4%@921,off,off] EMC_FREQ 0%@1600 GR3D_FREQ 0%@614 APE 25 PLL@29C CPU@31.5C iwlwifi@32C PMIC@50C GPU@30C AO@41C thermal@30.5C POM_5V_IN 1689/1972 POM_5V_GPU 82/88 POM_5V_CPU 164/374
RAM 1384/3964MB (lfb 8x4MB) SWAP 779/6078MB (cached 36MB) IRAM 0/252kB(lfb 252kB) CPU [8%@921,9%@921,off,off] EMC_FREQ 0%@1600 GR3D_FREQ 0%@614 APE 25 PLL@29.5C CPU@31.5C iwlwifi@32C PMIC@50C GPU@29.5C AO@40.5C thermal@30.25C POM_5V_IN 2136/1972 POM_5V_GPU 82/88 POM_5V_CPU 533/374
RAM 1374/3964MB (lfb 8x4MB) SWAP 779/6078MB (cached 36MB) IRAM 0/252kB(lfb 252kB) CPU [5%@921,5%@921,off,off] EMC_FREQ 0%@1600 GR3D_FREQ 0%@614 APE 25 PLL@29.5C CPU@31C iwlwifi@32C PMIC@50C GPU@30C AO@40.5C thermal@30.5C POM_5V_IN 1731/1972 POM_5V_GPU 82/88 POM_5V_CPU 164/374
RAM 1382/3964MB (lfb 8x4MB) SWAP 779/6078MB (cached 36MB) IRAM 0/252kB(lfb 252kB) CPU [9%@921,8%@921,off,off] EMC_FREQ 0%@1600 GR3D_FREQ 0%@614 APE 25 PLL@29.5C CPU@32C iwlwifi@32C PMIC@50C GPU@29.5C AO@40.5C thermal@30.25C POM_5V_IN 2136/1972 POM_5V_GPU 82/88 POM_5V_CPU 533/374
RAM 1381/3964MB (lfb 8x4MB) SWAP 779/6078MB (cached 36MB) IRAM 0/252kB(lfb 252kB) CPU [6%@921,6%@921,off,off] EMC_FREQ 0%@1600 GR3D_FREQ 0%@614 APE 25 PLL@30C CPU@31.5C iwlwifi@32C PMIC@50C GPU@29.5C AO@41C thermal@30.5C POM_5V_IN 1689/1972 POM_5V_GPU 82/88 POM_5V_CPU 164/374
RAM 1386/3964MB (lfb 8x4MB) SWAP 779/6078MB (cached 36MB) IRAM 0/252kB(lfb 252kB) CPU [7%@921,7%@921,off,off] EMC_FREQ 0%@1600 GR3D_FREQ 0%@614 APE 25 PLL@29.5C CPU@31.5C iwlwifi@32C PMIC@50C GPU@30C AO@41C thermal@30.25C POM_5V_IN 2297/1972 POM_5V_GPU 82/88 POM_5V_CPU 574/374
RAM 1379/3964MB (lfb 8x4MB) SWAP 779/6078MB (cached 36MB) IRAM 0/252kB(lfb 252kB) CPU [6%@921,6%@921,off,off] EMC_FREQ 0%@1600 GR3D_FREQ 0%@614 APE 25 PLL@30C CPU@31.5C iwlwifi@32C PMIC@50C GPU@30C AO@41C thermal@30.75C POM_5V_IN 2013/1972 POM_5V_GPU 82/88 POM_5V_CPU 410/374
RAM 1381/3964MB (lfb 8x4MB) SWAP 779/6078MB (cached 36MB) IRAM 0/252kB(lfb 252kB) CPU [6%@921,8%@921,off,off] EMC_FREQ 0%@1600 GR3D_FREQ 0%@614 APE 25 PLL@30C CPU@31C iwlwifi@32C PMIC@50C GPU@29.5C AO@41C thermal@30.25C POM_5V_IN 2174/1973 POM_5V_GPU 82/88 POM_5V_CPU 492/374
RAM 1379/3964MB (lfb 8x4MB) SWAP 779/6078MB (cached 36MB) IRAM 0/252kB(lfb 252kB) CPU [9%@921,5%@921,off,off] EMC_FREQ 0%@1600 GR3D_FREQ 0%@614 APE 25 PLL@30C CPU@32C iwlwifi@32C PMIC@50C GPU@29.5C AO@41C thermal@30.5C POM_5V_IN 2293/1973 POM_5V_GPU 81/88 POM_5V_CPU 573/374
RAM 1384/3964MB (lfb 8x4MB) SWAP 779/6078MB (cached 36MB) IRAM 0/252kB(lfb 252kB) CPU [8%@921,6%@921,off,off] EMC_FREQ 0%@1600 GR3D_FREQ 0%@614 APE 25 PLL@29.5C CPU@31C iwlwifi@32C PMIC@50C GPU@29.5C AO@41C thermal@30.25C POM_5V_IN 2256/1973 POM_5V_GPU 82/88 POM_5V_CPU 573/375
RAM 1384/3964MB (lfb 8x4MB) SWAP 779/6078MB (cached 36MB) IRAM 0/252kB(lfb 252kB) CPU [9%@921,5%@921,off,off] EMC_FREQ 0%@1600 GR3D_FREQ 0%@614 APE 25 PLL@30C CPU@31C iwlwifi@32C PMIC@50C GPU@29.5C AO@41C thermal@30.5C POM_5V_IN 2334/1973 POM_5V_GPU 81/88 POM_5V_CPU 614/375
RAM 1386/3964MB (lfb 8x4MB) SWAP 779/6078MB (cached 36MB) IRAM 0/252kB(lfb 252kB) CPU [7%@921,6%@921,off,off] EMC_FREQ 0%@1600 GR3D_FREQ 0%@614 APE 25 PLL@29.5C CPU@31C iwlwifi@32C PMIC@50C GPU@29.5C AO@40.5C thermal@30.25C POM_5V_IN 1848/1973 POM_5V_GPU 82/88 POM_5V_CPU 246/375
RAM 1386/3964MB (lfb 8x4MB) SWAP 779/6078MB (cached 36MB) IRAM 0/252kB(lfb 252kB) CPU [7%@921,8%@921,off,off] EMC_FREQ 0%@1600 GR3D_FREQ 0%@614 APE 25 PLL@29.5C CPU@31.5C iwlwifi@32C PMIC@50C GPU@30C AO@41C thermal@30.75C POM_5V_IN 2174/1973 POM_5V_GPU 82/88 POM_5V_CPU 574/375
RAM 1393/3964MB (lfb 8x4MB) SWAP 779/6078MB (cached 36MB) IRAM 0/252kB(lfb 252kB) CPU [7%@921,8%@921,off,off] EMC_FREQ 0%@1600 GR3D_FREQ 0%@614 APE 25 PLL@29.5C CPU@31C iwlwifi@32C PMIC@50C GPU@29.5C AO@40.5C thermal@30.25C POM_5V_IN 2013/1973 POM_5V_GPU 82/88 POM_5V_CPU 369/375
RAM 1388/3964MB (lfb 8x4MB) SWAP 779/6078MB (cached 36MB) IRAM 0/252kB(lfb 252kB) CPU [8%@921,6%@921,off,off] EMC_FREQ 0%@1600 GR3D_FREQ 0%@614 APE 25 PLL@29.5C CPU@31.5C iwlwifi@32C PMIC@50C GPU@29.5C AO@41C thermal@30.25C POM_5V_IN 1772/1973 POM_5V_GPU 82/88 POM_5V_CPU 206/375
RAM 1382/3964MB (lfb 8x4MB) SWAP 779/6078MB (cached 36MB) IRAM 0/252kB(lfb 252kB) CPU [6%@921,8%@921,off,off] EMC_FREQ 0%@1600 GR3D_FREQ 0%@614 APE 25 PLL@29.5C CPU@31C iwlwifi@32C PMIC@50C GPU@30C AO@41C thermal@30.5C POM_5V_IN 1851/1973 POM_5V_GPU 82/88 POM_5V_CPU 246/375
RAM 1382/3964MB (lfb 8x4MB) SWAP 779/6078MB (cached 36MB) IRAM 0/252kB(lfb 252kB) CPU [7%@921,7%@921,off,off] EMC_FREQ 0%@1600 GR3D_FREQ 0%@614 APE 25 PLL@29.5C CPU@31C iwlwifi@32C PMIC@50C GPU@30C AO@41C thermal@30.75C POM_5V_IN 1731/1973 POM_5V_GPU 82/88 POM_5V_CPU 164/374
RAM 1381/3964MB (lfb 8x4MB) SWAP 779/6078MB (cached 36MB) IRAM 0/252kB(lfb 252kB) CPU [6%@921,7%@921,off,off] EMC_FREQ 0%@1600 GR3D_FREQ 0%@614 APE 25 PLL@29.5C CPU@31.5C iwlwifi@32C PMIC@50C GPU@29.5C AO@40.5C thermal@30.25C POM_5V_IN 1689/1973 POM_5V_GPU 82/88 POM_5V_CPU 123/374
RAM 1371/3964MB (lfb 8x4MB) SWAP 779/6078MB (cached 36MB) IRAM 0/252kB(lfb 252kB) CPU [4%@921,5%@921,off,off] EMC_FREQ 0%@1600 GR3D_FREQ 0%@614 APE 25 PLL@29.5C CPU@31.5C iwlwifi@32C PMIC@50C GPU@30C AO@41C thermal@30.5C POM_5V_IN 1689/1973 POM_5V_GPU 82/88 POM_5V_CPU 164/374
RAM 1385/3964MB (lfb 8x4MB) SWAP 779/6078MB (cached 36MB) IRAM 0/252kB(lfb 252kB) CPU [9%@921,9%@921,off,off] EMC_FREQ 0%@1600 GR3D_FREQ 0%@614 APE 25 PLL@29.5C CPU@31C iwlwifi@32C PMIC@50C GPU@29.5C AO@41C thermal@30.25C POM_5V_IN 2095/1973 POM_5V_GPU 82/88 POM_5V_CPU 493/374
RAM 1378/3964MB (lfb 8x4MB) SWAP 779/6078MB (cached 36MB) IRAM 0/252kB(lfb 252kB) CPU [5%@921,6%@921,off,off] EMC_FREQ 0%@1600 GR3D_FREQ 0%@614 APE 25 PLL@29.5C CPU@31.5C iwlwifi@32C PMIC@50C GPU@30C AO@41C thermal@30.25C POM_5V_IN 1689/1972 POM_5V_GPU 82/88 POM_5V_CPU 164/374
RAM 1375/3964MB (lfb 8x4MB) SWAP 779/6078MB (cached 36MB) IRAM 0/252kB(lfb 252kB) CPU [8%@921,5%@921,off,off] EMC_FREQ 0%@1600 GR3D_FREQ 0%@614 APE 25 PLL@29.5C CPU@31.5C iwlwifi@32C PMIC@50C GPU@30C AO@41C thermal@30.25C POM_5V_IN 2136/1973 POM_5V_GPU 82/88 POM_5V_CPU 533/374
RAM 1382/3964MB (lfb 8x4MB) SWAP 779/6078MB (cached 36MB) IRAM 0/252kB(lfb 252kB) CPU [11%@921,6%@921,off,off] EMC_FREQ 0%@1600 GR3D_FREQ 0%@614 APE 25 PLL@29.5C CPU@31.5C iwlwifi@32C PMIC@50C GPU@29.5C AO@40.5C thermal@30.5C POM_5V_IN 2136/1973 POM_5V_GPU 82/88 POM_5V_CPU 533/374
RAM 1379/3964MB (lfb 8x4MB) SWAP 779/6078MB (cached 36MB) IRAM 0/252kB(lfb 252kB) CPU [7%@921,5%@921,off,off] EMC_FREQ 0%@1600 GR3D_FREQ 0%@614 APE 25 PLL@29.5C CPU@31C iwlwifi@32C PMIC@50C GPU@30C AO@41C thermal@30.5C POM_5V_IN 1687/1972 POM_5V_GPU 82/88 POM_5V_CPU 164/374
RAM 1386/3964MB (lfb 8x4MB) SWAP 779/6078MB (cached 36MB) IRAM 0/252kB(lfb 252kB) CPU [9%@921,6%@921,off,off] EMC_FREQ 0%@1600 GR3D_FREQ 0%@614 APE 25 PLL@29.5C CPU@31C iwlwifi@32C PMIC@50C GPU@29.5C AO@41C thermal@30.5C POM_5V_IN 2215/1973 POM_5V_GPU 82/88 POM_5V_CPU 533/374
RAM 1383/3964MB (lfb 8x4MB) SWAP 779/6078MB (cached 36MB) IRAM 0/252kB(lfb 252kB) CPU [7%@921,7%@921,off,off] EMC_FREQ 0%@1600 GR3D_FREQ 0%@614 APE 25 PLL@29.5C CPU@31C iwlwifi@32C PMIC@50C GPU@30C AO@41C thermal@30.5C POM_5V_IN 1851/1973 POM_5V_GPU 82/88 POM_5V_CPU 246/374
RAM 1382/3964MB (lfb 8x4MB) SWAP 779/6078MB (cached 36MB) IRAM 0/252kB(lfb 252kB) CPU [7%@921,7%@921,off,off] EMC_FREQ 0%@1600 GR3D_FREQ 0%@614 APE 25 PLL@29.5C CPU@31.5C iwlwifi@32C PMIC@50C GPU@30C AO@41C thermal@30.5C POM_5V_IN 1731/1972 POM_5V_GPU 82/88 POM_5V_CPU 164/374
RAM 1381/3964MB (lfb 8x4MB) SWAP 779/6078MB (cached 36MB) IRAM 0/252kB(lfb 252kB) CPU [5%@921,8%@921,off,off] EMC_FREQ 0%@1600 GR3D_FREQ 0%@614 APE 25 PLL@29.5C CPU@31.5C iwlwifi@32C PMIC@50C GPU@29.5C AO@40.5C thermal@30.25C POM_5V_IN 1731/1972 POM_5V_GPU 82/88 POM_5V_CPU 164/374
RAM 1383/3964MB (lfb 8x4MB) SWAP 779/6078MB (cached 36MB) IRAM 0/252kB(lfb 252kB) CPU [8%@921,5%@921,off,off] EMC_FREQ 0%@1600 GR3D_FREQ 0%@614 APE 25 PLL@29.5C CPU@31C iwlwifi@32C PMIC@50C GPU@29.5C AO@40.5C thermal@30.25C POM_5V_IN 1689/1972 POM_5V_GPU 82/88 POM_5V_CPU 164/374
RAM 1380/3964MB (lfb 8x4MB) SWAP 779/6078MB (cached 36MB) IRAM 0/252kB(lfb 252kB) CPU [5%@921,8%@921,off,off] EMC_FREQ 0%@1600 GR3D_FREQ 0%@614 APE 25 PLL@29.5C CPU@31C iwlwifi@32C PMIC@50C GPU@29.5C AO@41C thermal@30.5C POM_5V_IN 1689/1972 POM_5V_GPU 82/88 POM_5V_CPU 164/374
RAM 1382/3964MB (lfb 8x4MB) SWAP 779/6078MB (cached 36MB) IRAM 0/252kB(lfb 252kB) CPU [7%@921,7%@921,off,off] EMC_FREQ 0%@1600 GR3D_FREQ 0%@614 APE 25 PLL@29.5C CPU@31C iwlwifi@32C PMIC@50C GPU@30C AO@41C thermal@30.5C POM_5V_IN 1689/1972 POM_5V_GPU 82/88 POM_5V_CPU 123/373
RAM 1378/3964MB (lfb 8x4MB) SWAP 779/6078MB (cached 36MB) IRAM 0/252kB(lfb 252kB) CPU [5%@921,6%@921,off,off] EMC_FREQ 0%@1600 GR3D_FREQ 0%@614 APE 25 PLL@29.5C CPU@31C iwlwifi@32C PMIC@50C GPU@30C AO@40.5C thermal@30.25C POM_5V_IN 1689/1972 POM_5V_GPU 82/88 POM_5V_CPU 164/373
RAM 1384/3964MB (lfb 8x4MB) SWAP 779/6078MB (cached 36MB) IRAM 0/252kB(lfb 252kB) CPU [8%@921,9%@921,off,off] EMC_FREQ 0%@1600 GR3D_FREQ 0%@614 APE 25 PLL@29.5C CPU@31.5C iwlwifi@32C PMIC@50C GPU@29.5C AO@40.5C thermal@30.25C POM_5V_IN 2133/1972 POM_5V_GPU 82/88 POM_5V_CPU 533/373
RAM 1381/3964MB (lfb 8x4MB) SWAP 779/6078MB (cached 36MB) IRAM 0/252kB(lfb 252kB) CPU [4%@921,7%@921,off,off] EMC_FREQ 0%@1600 GR3D_FREQ 0%@614 APE 25 PLL@29.5C CPU@31C iwlwifi@32C PMIC@50C GPU@29.5C AO@41C thermal@30.5C POM_5V_IN 1689/1972 POM_5V_GPU 82/88 POM_5V_CPU 164/373
RAM 1379/3964MB (lfb 8x4MB) SWAP 779/6078MB (cached 36MB) IRAM 0/252kB(lfb 252kB) CPU [8%@921,5%@921,off,off] EMC_FREQ 0%@1600 GR3D_FREQ 0%@614 APE 25 PLL@29.5C CPU@31.5C iwlwifi@32C PMIC@50C GPU@30C AO@41C thermal@30.5C POM_5V_IN 2215/1972 POM_5V_GPU 82/88 POM_5V_CPU 492/373
RAM 1381/3964MB (lfb 8x4MB) SWAP 779/6078MB (cached 36MB) IRAM 0/252kB(lfb 252kB) CPU [5%@921,10%@921,off,off] EMC_FREQ 0%@1600 GR3D_FREQ 0%@614 APE 25 PLL@29.5C CPU@31.5C iwlwifi@32C PMIC@50C GPU@29.5C AO@41C thermal@30.5C POM_5V_IN 2133/1972 POM_5V_GPU 82/88 POM_5V_CPU 533/373
RAM 1381/3964MB (lfb 8x4MB) SWAP 779/6078MB (cached 36MB) IRAM 0/252kB(lfb 252kB) CPU [10%@921,3%@921,off,off] EMC_FREQ 0%@1600 GR3D_FREQ 0%@614 APE 25 PLL@30C CPU@31.5C iwlwifi@32C PMIC@50C GPU@30C AO@41C thermal@30.5C POM_5V_IN 2256/1972 POM_5V_GPU 82/88 POM_5V_CPU 574/374
RAM 1381/3964MB (lfb 8x4MB) SWAP 779/6078MB (cached 36MB) IRAM 0/252kB(lfb 252kB) CPU [6%@921,8%@921,off,off] EMC_FREQ 0%@1600 GR3D_FREQ 0%@614 APE 25 PLL@30C CPU@31.5C iwlwifi@32C PMIC@50C GPU@30C AO@41C thermal@30.5C POM_5V_IN 2297/1972 POM_5V_GPU 82/88 POM_5V_CPU 614/374
RAM 1379/3964MB (lfb 8x4MB) SWAP 779/6078MB (cached 36MB) IRAM 0/252kB(lfb 252kB) CPU [8%@921,6%@921,off,off] EMC_FREQ 0%@1600 GR3D_FREQ 0%@614 APE 25 PLL@30C CPU@31C iwlwifi@32C PMIC@50C GPU@29.5C AO@40.5C thermal@30.5C POM_5V_IN 2293/1972 POM_5V_GPU 81/88 POM_5V_CPU 573/374
RAM 1384/3964MB (lfb 8x4MB) SWAP 779/6078MB (cached 36MB) IRAM 0/252kB(lfb 252kB) CPU [9%@921,6%@921,off,off] EMC_FREQ 0%@1600 GR3D_FREQ 0%@614 APE 25 PLL@30C CPU@31.5C iwlwifi@32C PMIC@50C GPU@29.5C AO@40.5C thermal@30.25C POM_5V_IN 2256/1972 POM_5V_GPU 82/88 POM_5V_CPU 573/374
RAM 1385/3964MB (lfb 8x4MB) SWAP 779/6078MB (cached 36MB) IRAM 0/252kB(lfb 252kB) CPU [8%@921,5%@921,off,off] EMC_FREQ 0%@1600 GR3D_FREQ 0%@614 APE 25 PLL@29.5C CPU@31C iwlwifi@32C PMIC@50C GPU@30C AO@41C thermal@30.5C POM_5V_IN 1851/1972 POM_5V_GPU 82/88 POM_5V_CPU 288/374
RAM 1382/3964MB (lfb 8x4MB) SWAP 779/6078MB (cached 36MB) IRAM 0/252kB(lfb 252kB) CPU [8%@921,5%@921,off,off] EMC_FREQ 0%@1600 GR3D_FREQ 0%@614 APE 25 PLL@29.5C CPU@31.5C iwlwifi@32C PMIC@50C GPU@29.5C AO@41.5C thermal@30.5C POM_5V_IN 1851/1972 POM_5V_GPU 82/88 POM_5V_CPU 288/374
RAM 1388/3964MB (lfb 8x4MB) SWAP 779/6078MB (cached 36MB) IRAM 0/252kB(lfb 252kB) CPU [6%@921,8%@921,off,off] EMC_FREQ 0%@1600 GR3D_FREQ 0%@614 APE 25 PLL@29.5C CPU@31.5C iwlwifi@32C PMIC@50C GPU@29.5C AO@41C thermal@30.5C POM_5V_IN 2297/1973 POM_5V_GPU 82/88 POM_5V_CPU 573/374
RAM 1388/3964MB (lfb 8x4MB) SWAP 779/6078MB (cached 36MB) IRAM 0/252kB(lfb 252kB) CPU [5%@921,8%@921,off,off] EMC_FREQ 0%@1600 GR3D_FREQ 0%@614 APE 25 PLL@29.5C CPU@31.5C iwlwifi@32C PMIC@50C GPU@29.5C AO@41C thermal@30.75C POM_5V_IN 2133/1973 POM_5V_GPU 82/88 POM_5V_CPU 492/374
RAM 1384/3964MB (lfb 8x4MB) SWAP 779/6078MB (cached 36MB) IRAM 0/252kB(lfb 252kB) CPU [7%@921,7%@921,off,off] EMC_FREQ 0%@1600 GR3D_FREQ 0%@614 APE 25 PLL@30C CPU@31.5C iwlwifi@32C PMIC@50C GPU@30C AO@41C thermal@30.5C POM_5V_IN 1975/1973 POM_5V_GPU 82/88 POM_5V_CPU 369/374
RAM 1385/3964MB (lfb 8x4MB) SWAP 779/6078MB (cached 36MB) IRAM 0/252kB(lfb 252kB) CPU [7%@921,6%@921,off,off] EMC_FREQ 0%@1600 GR3D_FREQ 0%@614 APE 25 PLL@30C CPU@31.5C iwlwifi@32C PMIC@50C GPU@30C AO@41C thermal@30.75C POM_5V_IN 2215/1973 POM_5V_GPU 82/88 POM_5V_CPU 574/374
RAM 1387/3964MB (lfb 8x4MB) SWAP 779/6078MB (cached 36MB) IRAM 0/252kB(lfb 252kB) CPU [10%@921,4%@921,off,off] EMC_FREQ 0%@1600 GR3D_FREQ 0%@614 APE 25 PLL@30C CPU@31.5C iwlwifi@32C PMIC@50C GPU@30C AO@41C thermal@30.75C POM_5V_IN 2256/1973 POM_5V_GPU 82/88 POM_5V_CPU 574/374
RAM 1384/3964MB (lfb 8x4MB) SWAP 779/6078MB (cached 36MB) IRAM 0/252kB(lfb 252kB) CPU [6%@921,7%@921,off,off] EMC_FREQ 0%@1600 GR3D_FREQ 0%@614 APE 25 PLL@29.5C CPU@31.5C iwlwifi@32C PMIC@50C GPU@29.5C AO@41C thermal@30.5C POM_5V_IN 1931/1973 POM_5V_GPU 82/88 POM_5V_CPU 328/374
RAM 1384/3964MB (lfb 8x4MB) SWAP 779/6078MB (cached 36MB) IRAM 0/252kB(lfb 252kB) CPU [8%@921,6%@921,off,off] EMC_FREQ 0%@1600 GR3D_FREQ 0%@614 APE 25 PLL@29.5C CPU@31.5C iwlwifi@32C PMIC@50C GPU@29.5C AO@41C thermal@30.5C POM_5V_IN 1892/1973 POM_5V_GPU 82/88 POM_5V_CPU 288/374
RAM 1385/3964MB (lfb 8x4MB) SWAP 779/6078MB (cached 36MB) IRAM 0/252kB(lfb 252kB) CPU [5%@921,8%@921,off,off] EMC_FREQ 0%@1600 GR3D_FREQ 0%@614 APE 25 PLL@29.5C CPU@31.5C iwlwifi@32C PMIC@50C GPU@30C AO@41.5C thermal@30.75C POM_5V_IN 1813/1973 POM_5V_GPU 82/88 POM_5V_CPU 246/374
RAM 1387/3964MB (lfb 8x4MB) SWAP 779/6078MB (cached 36MB) IRAM 0/252kB(lfb 252kB) CPU [8%@921,6%@921,off,off] EMC_FREQ 0%@1600 GR3D_FREQ 0%@614 APE 25 PLL@29.5C CPU@31.5C iwlwifi@32C PMIC@50C GPU@29.5C AO@41C thermal@30.75C POM_5V_IN 2174/1973 POM_5V_GPU 82/88 POM_5V_CPU 533/374
RAM 1388/3964MB (lfb 8x4MB) SWAP 779/6078MB (cached 36MB) IRAM 0/252kB(lfb 252kB) CPU [8%@921,6%@921,off,off] EMC_FREQ 0%@1600 GR3D_FREQ 0%@614 APE 25 PLL@29.5C CPU@31.5C iwlwifi@32C PMIC@50C GPU@29.5C AO@41C thermal@30.5C POM_5V_IN 2013/1973 POM_5V_GPU 82/88 POM_5V_CPU 369/374
RAM 1385/3964MB (lfb 8x4MB) SWAP 779/6078MB (cached 36MB) IRAM 0/252kB(lfb 252kB) CPU [8%@921,6%@921,off,off] EMC_FREQ 0%@1600 GR3D_FREQ 0%@614 APE 25 PLL@29.5C CPU@31.5C iwlwifi@32C PMIC@50C GPU@30C AO@40.5C thermal@30.75C POM_5V_IN 1851/1973 POM_5V_GPU 82/88 POM_5V_CPU 288/374
RAM 1382/3964MB (lfb 8x4MB) SWAP 779/6078MB (cached 36MB) IRAM 0/252kB(lfb 252kB) CPU [6%@921,7%@921,off,off] EMC_FREQ 0%@1600 GR3D_FREQ 0%@614 APE 25 PLL@29.5C CPU@31.5C iwlwifi@33C PMIC@50C GPU@29.5C AO@41C thermal@30.75C POM_5V_IN 1689/1973 POM_5V_GPU 82/88 POM_5V_CPU 164/374
RAM 1381/3964MB (lfb 8x4MB) SWAP 779/6078MB (cached 36MB) IRAM 0/252kB(lfb 252kB) CPU [8%@921,6%@921,off,off] EMC_FREQ 0%@1600 GR3D_FREQ 0%@614 APE 25 PLL@29.5C CPU@31.5C iwlwifi@32C PMIC@50C GPU@29.5C AO@41C thermal@30.5C POM_5V_IN 1731/1973 POM_5V_GPU 82/88 POM_5V_CPU 164/374
RAM 1384/3964MB (lfb 8x4MB) SWAP 779/6078MB (cached 36MB) IRAM 0/252kB(lfb 252kB) CPU [5%@921,9%@921,off,off] EMC_FREQ 0%@1600 GR3D_FREQ 0%@614 APE 25 PLL@29.5C CPU@31.5C iwlwifi@32C PMIC@50C GPU@29.5C AO@41C thermal@30.75C POM_5V_IN 1689/1972 POM_5V_GPU 82/88 POM_5V_CPU 164/374
RAM 1383/3964MB (lfb 8x4MB) SWAP 779/6078MB (cached 36MB) IRAM 0/252kB(lfb 252kB) CPU [6%@921,8%@921,off,off] EMC_FREQ 0%@1600 GR3D_FREQ 0%@614 APE 25 PLL@29.5C CPU@31C iwlwifi@32C PMIC@50C GPU@30C AO@41C thermal@30.5C POM_5V_IN 1689/1972 POM_5V_GPU 82/88 POM_5V_CPU 164/374
RAM 1381/3964MB (lfb 8x4MB) SWAP 779/6078MB (cached 36MB) IRAM 0/252kB(lfb 252kB) CPU [6%@921,8%@921,off,off] EMC_FREQ 0%@1600 GR3D_FREQ 0%@614 APE 25 PLL@29C CPU@31.5C iwlwifi@32C PMIC@50C GPU@29.5C AO@41C thermal@30.5C POM_5V_IN 1689/1972 POM_5V_GPU 82/88 POM_5V_CPU 164/374
RAM 1385/3964MB (lfb 8x4MB) SWAP 779/6078MB (cached 36MB) IRAM 0/252kB(lfb 252kB) CPU [6%@921,8%@921,off,off] EMC_FREQ 0%@1600 GR3D_FREQ 0%@614 APE 25 PLL@29C CPU@31C iwlwifi@32C PMIC@50C GPU@29.5C AO@40.5C thermal@30.5C POM_5V_IN 1689/1972 POM_5V_GPU 82/88 POM_5V_CPU 164/373
RAM 1373/3964MB (lfb 8x4MB) SWAP 779/6078MB (cached 36MB) IRAM 0/252kB(lfb 252kB) CPU [4%@921,5%@921,off,off] EMC_FREQ 0%@1600 GR3D_FREQ 0%@614 APE 25 PLL@29.5C CPU@31.5C iwlwifi@32C PMIC@50C GPU@29.5C AO@41C thermal@30.75C POM_5V_IN 1689/1972 POM_5V_GPU 82/88 POM_5V_CPU 164/373
RAM 1385/3964MB (lfb 8x4MB) SWAP 779/6078MB (cached 36MB) IRAM 0/252kB(lfb 252kB) CPU [6%@921,12%@921,off,off] EMC_FREQ 0%@1600 GR3D_FREQ 0%@614 APE 25 PLL@29.5C CPU@31.5C iwlwifi@32C PMIC@50C GPU@30C AO@41C thermal@30.75C POM_5V_IN 2095/1972 POM_5V_GPU 82/88 POM_5V_CPU 493/373
RAM 1383/3964MB (lfb 8x4MB) SWAP 779/6078MB (cached 36MB) IRAM 0/252kB(lfb 252kB) CPU [5%@921,8%@921,off,off] EMC_FREQ 0%@1600 GR3D_FREQ 0%@614 APE 25 PLL@29.5C CPU@31C iwlwifi@32C PMIC@50C GPU@30C AO@40.5C thermal@30.5C POM_5V_IN 1689/1972 POM_5V_GPU 82/88 POM_5V_CPU 164/373
RAM 1381/3964MB (lfb 8x4MB) SWAP 779/6078MB (cached 36MB) IRAM 0/252kB(lfb 252kB) CPU [8%@921,5%@921,off,off] EMC_FREQ 0%@1600 GR3D_FREQ 0%@614 APE 25 PLL@29.5C CPU@31C iwlwifi@32C PMIC@50C GPU@30C AO@41C thermal@30.75C POM_5V_IN 1689/1971 POM_5V_GPU 82/88 POM_5V_CPU 164/373
RAM 1385/3964MB (lfb 8x4MB) SWAP 779/6078MB (cached 36MB) IRAM 0/252kB(lfb 252kB) CPU [8%@921,6%@921,off,off] EMC_FREQ 0%@1600 GR3D_FREQ 0%@614 APE 25 PLL@29.5C CPU@31.5C iwlwifi@32C PMIC@50C GPU@30C AO@41C thermal@30.75C POM_5V_IN 1689/1971 POM_5V_GPU 82/88 POM_5V_CPU 164/373
RAM 1380/3964MB (lfb 8x4MB) SWAP 779/6078MB (cached 36MB) IRAM 0/252kB(lfb 252kB) CPU [6%@921,4%@921,off,off] EMC_FREQ 0%@1600 GR3D_FREQ 0%@614 APE 25 PLL@29.5C CPU@31.5C iwlwifi@32C PMIC@50C GPU@29.5C AO@41C thermal@30.75C POM_5V_IN 1689/1971 POM_5V_GPU 82/88 POM_5V_CPU 164/373
RAM 1380/3964MB (lfb 8x4MB) SWAP 779/6078MB (cached 36MB) IRAM 0/252kB(lfb 252kB) CPU [10%@921,7%@921,off,off] EMC_FREQ 0%@1600 GR3D_FREQ 0%@614 APE 25 PLL@29.5C CPU@31.5C iwlwifi@32C PMIC@50C GPU@30C AO@41C thermal@30.5C POM_5V_IN 2136/1971 POM_5V_GPU 82/88 POM_5V_CPU 533/373
RAM 1380/3964MB (lfb 8x4MB) SWAP 779/6078MB (cached 36MB) IRAM 0/252kB(lfb 252kB) CPU [6%@921,5%@921,off,off] EMC_FREQ 0%@1600 GR3D_FREQ 0%@614 APE 25 PLL@29.5C CPU@31.5C iwlwifi@32C PMIC@50C GPU@30C AO@41C thermal@30.75C POM_5V_IN 1689/1971 POM_5V_GPU 82/88 POM_5V_CPU 164/373
RAM 1384/3964MB (lfb 8x4MB) SWAP 779/6078MB (cached 36MB) IRAM 0/252kB(lfb 252kB) CPU [8%@921,7%@921,off,off] EMC_FREQ 0%@1600 GR3D_FREQ 0%@614 APE 25 PLL@30C CPU@31.5C iwlwifi@32C PMIC@50C GPU@30C AO@41C thermal@30.5C POM_5V_IN 2174/1971 POM_5V_GPU 82/88 POM_5V_CPU 574/373
RAM 1388/3964MB (lfb 8x4MB) SWAP 779/6078MB (cached 36MB) IRAM 0/252kB(lfb 252kB) CPU [6%@921,8%@921,off,off] EMC_FREQ 0%@1600 GR3D_FREQ 0%@614 APE 25 PLL@30C CPU@31.5C iwlwifi@32C PMIC@50C GPU@30C AO@41C thermal@30.75C POM_5V_IN 2293/1971 POM_5V_GPU 81/88 POM_5V_CPU 614/373
RAM 1381/3964MB (lfb 8x4MB) SWAP 779/6078MB (cached 36MB) IRAM 0/252kB(lfb 252kB) CPU [8%@921,6%@921,off,off] EMC_FREQ 0%@1600 GR3D_FREQ 0%@614 APE 25 PLL@29.5C CPU@31.5C iwlwifi@32C PMIC@50C GPU@30C AO@41C thermal@30.75C POM_5V_IN 2013/1971 POM_5V_GPU 82/88 POM_5V_CPU 410/373
RAM 1381/3964MB (lfb 8x4MB) SWAP 779/6078MB (cached 36MB) IRAM 0/252kB(lfb 252kB) CPU [6%@921,7%@921,off,off] EMC_FREQ 0%@1600 GR3D_FREQ 0%@614 APE 25 PLL@29.5C CPU@31C iwlwifi@32C PMIC@50C GPU@30C AO@41C thermal@30.5C POM_5V_IN 1772/1971 POM_5V_GPU 82/88 POM_5V_CPU 205/373
RAM 1382/3964MB (lfb 8x4MB) SWAP 774/6078MB (cached 36MB) IRAM 0/252kB(lfb 252kB) CPU [7%@921,6%@921,off,off] EMC_FREQ 0%@1600 GR3D_FREQ 0%@614 APE 25 PLL@29.5C CPU@31.5C iwlwifi@32C PMIC@50C GPU@30C AO@41C thermal@31C POM_5V_IN 1731/1971 POM_5V_GPU 82/88 POM_5V_CPU 164/373
RAM 1382/3964MB (lfb 8x4MB) SWAP 774/6078MB (cached 36MB) IRAM 0/252kB(lfb 252kB) CPU [7%@921,6%@921,off,off] EMC_FREQ 0%@1600 GR3D_FREQ 0%@614 APE 25 PLL@29.5C CPU@31.5C iwlwifi@32C PMIC@50C GPU@30C AO@41C thermal@30.75C POM_5V_IN 1689/1971 POM_5V_GPU 82/88 POM_5V_CPU 164/373
RAM 1384/3964MB (lfb 8x4MB) SWAP 774/6078MB (cached 36MB) IRAM 0/252kB(lfb 252kB) CPU [8%@921,5%@921,off,off] EMC_FREQ 0%@1600 GR3D_FREQ 0%@614 APE 25 PLL@29.5C CPU@32C iwlwifi@32C PMIC@50C GPU@29.5C AO@41C thermal@30.5C POM_5V_IN 1689/1971 POM_5V_GPU 82/88 POM_5V_CPU 164/373
RAM 1384/3964MB (lfb 8x4MB) SWAP 774/6078MB (cached 36MB) IRAM 0/252kB(lfb 252kB) CPU [7%@921,6%@921,off,off] EMC_FREQ 0%@1600 GR3D_FREQ 0%@614 APE 25 PLL@29.5C CPU@31C iwlwifi@32C PMIC@50C GPU@29.5C AO@41C thermal@30.5C POM_5V_IN 1687/1971 POM_5V_GPU 82/88 POM_5V_CPU 164/373
RAM 1382/3964MB (lfb 8x4MB) SWAP 774/6078MB (cached 36MB) IRAM 0/252kB(lfb 252kB) CPU [8%@921,5%@921,off,off] EMC_FREQ 0%@1600 GR3D_FREQ 0%@614 APE 25 PLL@30C CPU@31C iwlwifi@32C PMIC@50C GPU@29.5C AO@41C thermal@30.75C POM_5V_IN 1689/1970 POM_5V_GPU 82/88 POM_5V_CPU 164/372
RAM 1365/3964MB (lfb 8x4MB) SWAP 774/6078MB (cached 36MB) IRAM 0/252kB(lfb 252kB) CPU [5%@921,4%@921,off,off] EMC_FREQ 0%@1600 GR3D_FREQ 0%@614 APE 25 PLL@30C CPU@31.5C iwlwifi@32C PMIC@50C GPU@29.5C AO@41C thermal@30.5C POM_5V_IN 1689/1970 POM_5V_GPU 82/88 POM_5V_CPU 123/372
RAM 1380/3964MB (lfb 8x4MB) SWAP 774/6078MB (cached 36MB) IRAM 0/252kB(lfb 252kB) CPU [8%@921,10%@921,off,off] EMC_FREQ 0%@1600 GR3D_FREQ 0%@614 APE 25 PLL@30C CPU@31.5C iwlwifi@32C PMIC@50C GPU@29.5C AO@41C thermal@30.75C POM_5V_IN 2136/1970 POM_5V_GPU 82/88 POM_5V_CPU 533/372
RAM 1374/3964MB (lfb 8x4MB) SWAP 774/6078MB (cached 36MB) IRAM 0/252kB(lfb 252kB) CPU [7%@921,2%@921,off,off] EMC_FREQ 0%@1600 GR3D_FREQ 0%@614 APE 25 PLL@29.5C CPU@31.5C iwlwifi@32C PMIC@50C GPU@30C AO@41C thermal@30.5C POM_5V_IN 1689/1970 POM_5V_GPU 82/88 POM_5V_CPU 164/372
RAM 1380/3964MB (lfb 8x4MB) SWAP 774/6078MB (cached 36MB) IRAM 0/252kB(lfb 252kB) CPU [6%@921,11%@921,off,off] EMC_FREQ 0%@1600 GR3D_FREQ 0%@614 APE 25 PLL@29.5C CPU@31C iwlwifi@32C PMIC@50C GPU@30C AO@41C thermal@30.5C POM_5V_IN 2136/1970 POM_5V_GPU 82/88 POM_5V_CPU 533/372
RAM 1376/3964MB (lfb 8x4MB) SWAP 774/6078MB (cached 36MB) IRAM 0/252kB(lfb 252kB) CPU [6%@921,4%@921,off,off] EMC_FREQ 0%@1600 GR3D_FREQ 0%@614 APE 25 PLL@30C CPU@31C iwlwifi@32C PMIC@50C GPU@30C AO@41C thermal@30.75C POM_5V_IN 1689/1970 POM_5V_GPU 82/88 POM_5V_CPU 164/372
RAM 1377/3964MB (lfb 8x4MB) SWAP 774/6078MB (cached 36MB) IRAM 0/252kB(lfb 252kB) CPU [6%@921,8%@921,off,off] EMC_FREQ 0%@1600 GR3D_FREQ 0%@614 APE 25 PLL@29.5C CPU@31C iwlwifi@33C PMIC@50C GPU@30C AO@41.5C thermal@30.75C POM_5V_IN 2133/1970 POM_5V_GPU 82/88 POM_5V_CPU 533/372
RAM 1378/3964MB (lfb 8x4MB) SWAP 774/6078MB (cached 36MB) IRAM 0/252kB(lfb 252kB) CPU [6%@921,8%@921,off,off] EMC_FREQ 0%@1600 GR3D_FREQ 0%@614 APE 25 PLL@30C CPU@31.5C iwlwifi@32C PMIC@50C GPU@29.5C AO@41C thermal@30.75C POM_5V_IN 2133/1970 POM_5V_GPU 82/88 POM_5V_CPU 533/372
RAM 1375/3964MB (lfb 8x4MB) SWAP 774/6078MB (cached 36MB) IRAM 0/252kB(lfb 252kB) CPU [8%@921,4%@921,off,off] EMC_FREQ 0%@1600 GR3D_FREQ 0%@614 APE 25 PLL@29.5C CPU@31.5C iwlwifi@32C PMIC@50C GPU@30C AO@41C thermal@30.75C POM_5V_IN 2293/1971 POM_5V_GPU 81/88 POM_5V_CPU 573/373
RAM 1382/3964MB (lfb 8x4MB) SWAP 774/6078MB (cached 36MB) IRAM 0/252kB(lfb 252kB) CPU [9%@921,8%@921,off,off] EMC_FREQ 0%@1600 GR3D_FREQ 0%@614 APE 25 PLL@30C CPU@31.5C iwlwifi@32C PMIC@50C GPU@30C AO@41C thermal@31C POM_5V_IN 2136/1971 POM_5V_GPU 82/88 POM_5V_CPU 533/373
RAM 1380/3964MB (lfb 8x4MB) SWAP 774/6078MB (cached 36MB) IRAM 0/252kB(lfb 252kB) CPU [6%@921,6%@921,off,off] EMC_FREQ 0%@1600 GR3D_FREQ 0%@614 APE 25 PLL@29.5C CPU@31.5C iwlwifi@32C PMIC@50C GPU@30C AO@41C thermal@30.5C POM_5V_IN 1689/1970 POM_5V_GPU 82/88 POM_5V_CPU 164/373
RAM 1382/3964MB (lfb 8x4MB) SWAP 774/6078MB (cached 36MB) IRAM 0/252kB(lfb 252kB) CPU [10%@921,4%@921,off,off] EMC_FREQ 0%@1600 GR3D_FREQ 0%@614 APE 25 PLL@30C CPU@31.5C iwlwifi@32C PMIC@50C GPU@30C AO@41C thermal@30.75C POM_5V_IN 2297/1971 POM_5V_GPU 82/88 POM_5V_CPU 573/373
RAM 1386/3964MB (lfb 8x4MB) SWAP 774/6078MB (cached 36MB) IRAM 0/252kB(lfb 252kB) CPU [7%@921,7%@921,off,off] EMC_FREQ 0%@1600 GR3D_FREQ 0%@614 APE 25 PLL@30C CPU@31.5C iwlwifi@32C PMIC@50C GPU@30C AO@41C thermal@30.5C POM_5V_IN 2256/1971 POM_5V_GPU 82/88 POM_5V_CPU 573/373
RAM 1378/3964MB (lfb 8x4MB) SWAP 774/6078MB (cached 36MB) IRAM 0/252kB(lfb 252kB) CPU [6%@921,6%@921,off,off] EMC_FREQ 0%@1600 GR3D_FREQ 0%@614 APE 25 PLL@29.5C CPU@31C iwlwifi@32C PMIC@50C GPU@29.5C AO@41.5C thermal@30.5C POM_5V_IN 1972/1971 POM_5V_GPU 82/88 POM_5V_CPU 369/373
RAM 1382/3964MB (lfb 8x4MB) SWAP 774/6078MB (cached 36MB) IRAM 0/252kB(lfb 252kB) CPU [10%@921,5%@921,off,off] EMC_FREQ 0%@1600 GR3D_FREQ 0%@614 APE 25 PLL@29.5C CPU@31C iwlwifi@32C PMIC@50C GPU@30C AO@41C thermal@30.5C POM_5V_IN 2215/1971 POM_5V_GPU 82/88 POM_5V_CPU 492/373
RAM 1386/3964MB (lfb 8x4MB) SWAP 774/6078MB (cached 36MB) IRAM 0/252kB(lfb 252kB) CPU [7%@921,7%@921,off,off] EMC_FREQ 0%@1600 GR3D_FREQ 0%@614 APE 25 PLL@30C CPU@31C iwlwifi@32C PMIC@50C GPU@30C AO@41C thermal@30.25C POM_5V_IN 2293/1971 POM_5V_GPU 81/88 POM_5V_CPU 573/373
RAM 1386/3964MB (lfb 8x4MB) SWAP 774/6078MB (cached 36MB) IRAM 0/252kB(lfb 252kB) CPU [7%@921,7%@921,off,off] EMC_FREQ 0%@1600 GR3D_FREQ 0%@614 APE 25 PLL@30C CPU@31.5C iwlwifi@32C PMIC@50C GPU@30C AO@41C thermal@30.75C POM_5V_IN 2170/1971 POM_5V_GPU 81/88 POM_5V_CPU 491/373
RAM 1384/3964MB (lfb 8x4MB) SWAP 774/6078MB (cached 36MB) IRAM 0/252kB(lfb 252kB) CPU [7%@921,7%@921,off,off] EMC_FREQ 0%@1600 GR3D_FREQ 0%@614 APE 25 PLL@30C CPU@31.5C iwlwifi@32C PMIC@50C GPU@30C AO@41C thermal@30.75C POM_5V_IN 1934/1971 POM_5V_GPU 82/88 POM_5V_CPU 329/373
RAM 1384/3964MB (lfb 8x4MB) SWAP 774/6078MB (cached 36MB) IRAM 0/252kB(lfb 252kB) CPU [11%@921,3%@921,off,off] EMC_FREQ 0%@1600 GR3D_FREQ 0%@614 APE 25 PLL@29.5C CPU@31.5C iwlwifi@32C PMIC@50C GPU@29.5C AO@41C thermal@30.25C POM_5V_IN 1731/1971 POM_5V_GPU 82/88 POM_5V_CPU 164/373
RAM 1382/3964MB (lfb 8x4MB) SWAP 774/6078MB (cached 36MB) IRAM 0/252kB(lfb 252kB) CPU [9%@921,5%@921,off,off] EMC_FREQ 0%@1600 GR3D_FREQ 0%@614 APE 25 PLL@29.5C CPU@31C iwlwifi@32C PMIC@50C GPU@30C AO@41C thermal@30.5C POM_5V_IN 1689/1971 POM_5V_GPU 82/88 POM_5V_CPU 123/373
RAM 1380/3964MB (lfb 8x4MB) SWAP 774/6078MB (cached 36MB) IRAM 0/252kB(lfb 252kB) CPU [5%@921,9%@921,off,off] EMC_FREQ 0%@1600 GR3D_FREQ 0%@614 APE 25 PLL@30C CPU@31C iwlwifi@32C PMIC@50C GPU@30C AO@41C thermal@30.25C POM_5V_IN 1689/1971 POM_5V_GPU 82/88 POM_5V_CPU 164/373
RAM 1380/3964MB (lfb 8x4MB) SWAP 774/6078MB (cached 36MB) IRAM 0/252kB(lfb 252kB) CPU [6%@921,7%@921,off,off] EMC_FREQ 0%@1600 GR3D_FREQ 0%@614 APE 25 PLL@29.5C CPU@31C iwlwifi@32C PMIC@50C GPU@29.5C AO@41C thermal@30.5C POM_5V_IN 1689/1971 POM_5V_GPU 82/88 POM_5V_CPU 164/372
RAM 1375/3964MB (lfb 8x4MB) SWAP 774/6078MB (cached 36MB) IRAM 0/252kB(lfb 252kB) CPU [4%@921,6%@921,off,off] EMC_FREQ 0%@1600 GR3D_FREQ 0%@614 APE 25 PLL@29.5C CPU@31C iwlwifi@32C PMIC@50C GPU@29.5C AO@41C thermal@30.25C POM_5V_IN 1689/1970 POM_5V_GPU 82/88 POM_5V_CPU 164/372
RAM 1384/3964MB (lfb 8x4MB) SWAP 774/6078MB (cached 36MB) IRAM 0/252kB(lfb 252kB) CPU [9%@921,8%@921,off,off] EMC_FREQ 0%@1600 GR3D_FREQ 0%@614 APE 25 PLL@30C CPU@32C iwlwifi@32C PMIC@50C GPU@30C AO@41C thermal@30.5C POM_5V_IN 2136/1971 POM_5V_GPU 82/88 POM_5V_CPU 533/372
RAM 1376/3964MB (lfb 8x4MB) SWAP 774/6078MB (cached 36MB) IRAM 0/252kB(lfb 252kB) CPU [6%@921,5%@921,off,off] EMC_FREQ 0%@1600 GR3D_FREQ 0%@614 APE 25 PLL@29.5C CPU@31C iwlwifi@32C PMIC@50C GPU@30C AO@41C thermal@30.75C POM_5V_IN 1689/1970 POM_5V_GPU 82/88 POM_5V_CPU 164/372
RAM 1378/3964MB (lfb 8x4MB) SWAP 774/6078MB (cached 36MB) IRAM 0/252kB(lfb 252kB) CPU [8%@921,6%@921,off,off] EMC_FREQ 0%@1600 GR3D_FREQ 0%@614 APE 25 PLL@30C CPU@31.5C iwlwifi@32C PMIC@50C GPU@30C AO@40.5C thermal@30.5C POM_5V_IN 2133/1970 POM_5V_GPU 82/88 POM_5V_CPU 574/372
RAM 1380/3964MB (lfb 8x4MB) SWAP 774/6078MB (cached 36MB) IRAM 0/252kB(lfb 252kB) CPU [7%@921,8%@921,off,off] EMC_FREQ 0%@1600 GR3D_FREQ 0%@614 APE 25 PLL@30C CPU@31.5C iwlwifi@32C PMIC@50C GPU@30C AO@40.5C thermal@30.75C POM_5V_IN 2174/1971 POM_5V_GPU 82/88 POM_5V_CPU 533/373
RAM 1382/3964MB (lfb 8x4MB) SWAP 774/6078MB (cached 36MB) IRAM 0/252kB(lfb 252kB) CPU [5%@921,8%@921,off,off] EMC_FREQ 0%@1600 GR3D_FREQ 0%@614 APE 25 PLL@29.5C CPU@31.5C iwlwifi@32C PMIC@50C GPU@29.5C AO@40.5C thermal@30.5C POM_5V_IN 2215/1971 POM_5V_GPU 82/88 POM_5V_CPU 492/373
RAM 1382/3964MB (lfb 8x4MB) SWAP 774/6078MB (cached 36MB) IRAM 0/252kB(lfb 252kB) CPU [6%@921,8%@921,off,off] EMC_FREQ 0%@1600 GR3D_FREQ 0%@614 APE 25 PLL@30C CPU@31.5C iwlwifi@32C PMIC@50C GPU@30C AO@41C thermal@31C POM_5V_IN 2334/1971 POM_5V_GPU 81/88 POM_5V_CPU 573/373
RAM 1384/3964MB (lfb 8x4MB) SWAP 774/6078MB (cached 36MB) IRAM 0/252kB(lfb 252kB) CPU [5%@921,9%@921,off,off] EMC_FREQ 0%@1600 GR3D_FREQ 0%@614 APE 25 PLL@30C CPU@31C iwlwifi@32C PMIC@50C GPU@29.5C AO@41C thermal@30.75C POM_5V_IN 1731/1971 POM_5V_GPU 82/88 POM_5V_CPU 164/373
RAM 1382/3964MB (lfb 8x4MB) SWAP 774/6078MB (cached 36MB) IRAM 0/252kB(lfb 252kB) CPU [9%@921,4%@921,off,off] EMC_FREQ 0%@1600 GR3D_FREQ 0%@614 APE 25 PLL@30C CPU@31C iwlwifi@32C PMIC@50C GPU@29.5C AO@40.5C thermal@30.25C POM_5V_IN 1689/1971 POM_5V_GPU 82/88 POM_5V_CPU 164/372
RAM 1380/3964MB (lfb 8x4MB) SWAP 774/6078MB (cached 36MB) IRAM 0/252kB(lfb 252kB) CPU [6%@921,7%@921,off,off] EMC_FREQ 0%@1600 GR3D_FREQ 0%@614 APE 25 PLL@29.5C CPU@31.5C iwlwifi@32C PMIC@50C GPU@29.5C AO@41C thermal@30.5C POM_5V_IN 1689/1970 POM_5V_GPU 82/88 POM_5V_CPU 164/372
RAM 1380/3964MB (lfb 8x4MB) SWAP 774/6078MB (cached 36MB) IRAM 0/252kB(lfb 252kB) CPU [9%@921,4%@921,off,off] EMC_FREQ 0%@1600 GR3D_FREQ 0%@614 APE 25 PLL@29.5C CPU@31C iwlwifi@32C PMIC@50C GPU@29.5C AO@40.5C thermal@30.5C POM_5V_IN 1689/1970 POM_5V_GPU 82/88 POM_5V_CPU 164/372
RAM 1374/3964MB (lfb 8x4MB) SWAP 774/6078MB (cached 36MB) IRAM 0/252kB(lfb 252kB) CPU [3%@921,6%@921,off,off] EMC_FREQ 0%@1600 GR3D_FREQ 0%@614 APE 25 PLL@29.5C CPU@31C iwlwifi@32C PMIC@50C GPU@30C AO@41C thermal@30.75C POM_5V_IN 1689/1970 POM_5V_GPU 82/88 POM_5V_CPU 164/372
RAM 1380/3964MB (lfb 8x4MB) SWAP 774/6078MB (cached 36MB) IRAM 0/252kB(lfb 252kB) CPU [6%@921,11%@921,off,off] EMC_FREQ 0%@1600 GR3D_FREQ 0%@614 APE 25 PLL@30C CPU@31.5C iwlwifi@32C PMIC@50C GPU@29.5C AO@41C thermal@30.25C POM_5V_IN 2092/1970 POM_5V_GPU 82/88 POM_5V_CPU 532/372
RAM 1377/3964MB (lfb 8x4MB) SWAP 774/6078MB (cached 36MB) IRAM 0/252kB(lfb 252kB) CPU [4%@921,6%@921,off,off] EMC_FREQ 0%@1600 GR3D_FREQ 0%@614 APE 25 PLL@29.5C CPU@31C iwlwifi@32C PMIC@50C GPU@30C AO@40.5C thermal@30.75C POM_5V_IN 1689/1970 POM_5V_GPU 82/88 POM_5V_CPU 164/372
RAM 1384/3964MB (lfb 8x4MB) SWAP 774/6078MB (cached 36MB) IRAM 0/252kB(lfb 252kB) CPU [8%@921,9%@921,off,off] EMC_FREQ 0%@1600 GR3D_FREQ 0%@614 APE 25 PLL@30C CPU@31.5C iwlwifi@32C PMIC@50C GPU@29.5C AO@40.5C thermal@31C POM_5V_IN 2136/1970 POM_5V_GPU 82/88 POM_5V_CPU 533/372
RAM 1382/3964MB (lfb 8x4MB) SWAP 774/6078MB (cached 36MB) IRAM 0/252kB(lfb 252kB) CPU [6%@921,6%@921,off,off] EMC_FREQ 0%@1600 GR3D_FREQ 0%@614 APE 25 PLL@29.5C CPU@31.5C iwlwifi@32C PMIC@50C GPU@30C AO@40.5C thermal@30.25C POM_5V_IN 1689/1970 POM_5V_GPU 82/88 POM_5V_CPU 164/372
RAM 1383/3964MB (lfb 8x4MB) SWAP 774/6078MB (cached 36MB) IRAM 0/252kB(lfb 252kB) CPU [6%@921,7%@921,off,off] EMC_FREQ 0%@1600 GR3D_FREQ 0%@614 APE 25 PLL@30C CPU@31.5C iwlwifi@32C PMIC@50C GPU@30C AO@41C thermal@30.5C POM_5V_IN 2297/1970 POM_5V_GPU 81/88 POM_5V_CPU 573/372
RAM 1388/3964MB (lfb 8x4MB) SWAP 774/6078MB (cached 36MB) IRAM 0/252kB(lfb 252kB) CPU [8%@921,7%@921,off,off] EMC_FREQ 0%@1600 GR3D_FREQ 0%@614 APE 25 PLL@30C CPU@31.5C iwlwifi@32C PMIC@50C GPU@30C AO@41C thermal@30.5C POM_5V_IN 2256/1970 POM_5V_GPU 82/88 POM_5V_CPU 573/372
RAM 1386/3964MB (lfb 8x4MB) SWAP 774/6078MB (cached 36MB) IRAM 0/252kB(lfb 252kB) CPU [6%@921,7%@921,off,off] EMC_FREQ 0%@1600 GR3D_FREQ 0%@614 APE 25 PLL@30C CPU@31.5C iwlwifi@32C PMIC@50C GPU@30C AO@40.5C thermal@30.75C POM_5V_IN 1810/1970 POM_5V_GPU 82/88 POM_5V_CPU 246/372
RAM 1382/3964MB (lfb 8x4MB) SWAP 774/6078MB (cached 36MB) IRAM 0/252kB(lfb 252kB) CPU [5%@921,9%@921,off,off] EMC_FREQ 0%@1600 GR3D_FREQ 0%@614 APE 25 PLL@30C CPU@31.5C iwlwifi@32C PMIC@50C GPU@30C AO@40.5C thermal@30.25C POM_5V_IN 1851/1970 POM_5V_GPU 82/88 POM_5V_CPU 288/372
RAM 1384/3964MB (lfb 8x4MB) SWAP 774/6078MB (cached 36MB) IRAM 0/252kB(lfb 252kB) CPU [7%@921,6%@921,off,off] EMC_FREQ 0%@1600 GR3D_FREQ 0%@614 APE 25 PLL@29.5C CPU@31C iwlwifi@32C PMIC@50C GPU@29.5C AO@41C thermal@30.75C POM_5V_IN 1772/1970 POM_5V_GPU 82/88 POM_5V_CPU 164/372
RAM 1380/3964MB (lfb 8x4MB) SWAP 774/6078MB (cached 36MB) IRAM 0/252kB(lfb 252kB) CPU [8%@921,4%@921,off,off] EMC_FREQ 0%@1600 GR3D_FREQ 0%@614 APE 25 PLL@29.5C CPU@31C iwlwifi@32C PMIC@50C GPU@30C AO@40.5C thermal@30.75C POM_5V_IN 1689/1970 POM_5V_GPU 82/88 POM_5V_CPU 164/372
RAM 1384/3964MB (lfb 8x4MB) SWAP 774/6078MB (cached 36MB) IRAM 0/252kB(lfb 252kB) CPU [9%@921,5%@921,off,off] EMC_FREQ 0%@1600 GR3D_FREQ 0%@614 APE 25 PLL@29.5C CPU@31C iwlwifi@32C PMIC@50C GPU@30C AO@40.5C thermal@30.25C POM_5V_IN 1772/1970 POM_5V_GPU 82/88 POM_5V_CPU 205/372
RAM 1375/3964MB (lfb 8x4MB) SWAP 774/6078MB (cached 36MB) IRAM 0/252kB(lfb 252kB) CPU [5%@921,4%@921,off,off] EMC_FREQ 0%@1600 GR3D_FREQ 0%@614 APE 25 PLL@29.5C CPU@31C iwlwifi@32C PMIC@50C GPU@30C AO@41C thermal@30.75C POM_5V_IN 1731/1970 POM_5V_GPU 82/88 POM_5V_CPU 164/372
RAM 1382/3964MB (lfb 8x4MB) SWAP 774/6078MB (cached 36MB) IRAM 0/252kB(lfb 252kB) CPU [8%@921,9%@921,off,off] EMC_FREQ 0%@1600 GR3D_FREQ 0%@614 APE 25 PLL@30C CPU@31C iwlwifi@32C PMIC@50C GPU@29.5C AO@41C thermal@30.75C POM_5V_IN 2136/1970 POM_5V_GPU 82/88 POM_5V_CPU 533/372
RAM 1378/3964MB (lfb 8x4MB) SWAP 774/6078MB (cached 36MB) IRAM 0/252kB(lfb 252kB) CPU [5%@921,5%@921,off,off] EMC_FREQ 0%@1600 GR3D_FREQ 0%@614 APE 25 PLL@29.5C CPU@31C iwlwifi@32C PMIC@50C GPU@30C AO@41C thermal@30.25C POM_5V_IN 1731/1970 POM_5V_GPU 82/88 POM_5V_CPU 164/372
RAM 1380/3964MB (lfb 8x4MB) SWAP 774/6078MB (cached 36MB) IRAM 0/252kB(lfb 252kB) CPU [6%@921,8%@921,off,off] EMC_FREQ 0%@1600 GR3D_FREQ 0%@614 APE 25 PLL@29.5C CPU@31C iwlwifi@32C PMIC@50C GPU@30C AO@41C thermal@30.5C POM_5V_IN 2133/1970 POM_5V_GPU 82/88 POM_5V_CPU 574/372
RAM 1378/3964MB (lfb 8x4MB) SWAP 774/6078MB (cached 36MB) IRAM 0/252kB(lfb 252kB) CPU [8%@921,5%@921,off,off] EMC_FREQ 0%@1600 GR3D_FREQ 0%@614 APE 25 PLL@30C CPU@31C iwlwifi@32C PMIC@50C GPU@30C AO@41C thermal@30.5C POM_5V_IN 2174/1970 POM_5V_GPU 82/88 POM_5V_CPU 574/372
RAM 1384/3964MB (lfb 8x4MB) SWAP 774/6078MB (cached 36MB) IRAM 0/252kB(lfb 252kB) CPU [8%@921,7%@921,off,off] EMC_FREQ 0%@1600 GR3D_FREQ 0%@614 APE 25 PLL@30C CPU@31.5C iwlwifi@32C PMIC@50C GPU@30C AO@41C thermal@30.75C POM_5V_IN 2215/1970 POM_5V_GPU 82/88 POM_5V_CPU 492/372
RAM 1380/3964MB (lfb 8x4MB) SWAP 774/6078MB (cached 36MB) IRAM 0/252kB(lfb 252kB) CPU [7%@921,6%@921,off,off] EMC_FREQ 0%@1600 GR3D_FREQ 0%@614 APE 25 PLL@29.5C CPU@31.5C iwlwifi@32C PMIC@50C GPU@30C AO@41C thermal@30.5C POM_5V_IN 2215/1970 POM_5V_GPU 82/88 POM_5V_CPU 574/372
RAM 1388/3964MB (lfb 8x4MB) SWAP 774/6078MB (cached 36MB) IRAM 0/252kB(lfb 252kB) CPU [9%@921,6%@921,off,off] EMC_FREQ 0%@1600 GR3D_FREQ 0%@614 APE 25 PLL@29.5C CPU@31C iwlwifi@32C PMIC@50C GPU@30C AO@41C thermal@30.75C POM_5V_IN 2297/1970 POM_5V_GPU 82/88 POM_5V_CPU 614/372
RAM 1382/3964MB (lfb 8x4MB) SWAP 774/6078MB (cached 36MB) IRAM 0/252kB(lfb 252kB) CPU [5%@921,9%@921,off,off] EMC_FREQ 0%@1600 GR3D_FREQ 0%@614 APE 25 PLL@30C CPU@31.5C iwlwifi@32C PMIC@50C GPU@30C AO@41C thermal@30.75C POM_5V_IN 2013/1970 POM_5V_GPU 82/88 POM_5V_CPU 410/372
RAM 1380/3964MB (lfb 8x4MB) SWAP 774/6078MB (cached 36MB) IRAM 0/252kB(lfb 252kB) CPU [7%@921,7%@921,off,off] EMC_FREQ 0%@1600 GR3D_FREQ 0%@614 APE 25 PLL@29.5C CPU@31C iwlwifi@32C PMIC@50C GPU@30C AO@40.5C thermal@30.5C POM_5V_IN 1689/1970 POM_5V_GPU 82/88 POM_5V_CPU 123/372
RAM 1383/3964MB (lfb 8x4MB) SWAP 774/6078MB (cached 36MB) IRAM 0/252kB(lfb 252kB) CPU [5%@921,8%@921,off,off] EMC_FREQ 0%@1600 GR3D_FREQ 0%@614 APE 25 PLL@30C CPU@31C iwlwifi@32C PMIC@50C GPU@30C AO@40.5C thermal@30.5C POM_5V_IN 1689/1970 POM_5V_GPU 82/88 POM_5V_CPU 164/372
RAM 1382/3964MB (lfb 8x4MB) SWAP 774/6078MB (cached 36MB) IRAM 0/252kB(lfb 252kB) CPU [6%@921,7%@921,off,off] EMC_FREQ 0%@1600 GR3D_FREQ 0%@614 APE 25 PLL@29.5C CPU@31.5C iwlwifi@32C PMIC@50C GPU@29.5C AO@40.5C thermal@30.5C POM_5V_IN 1689/1970 POM_5V_GPU 82/88 POM_5V_CPU 164/372
RAM 1384/3964MB (lfb 8x4MB) SWAP 774/6078MB (cached 36MB) IRAM 0/252kB(lfb 252kB) CPU [5%@921,8%@921,off,off] EMC_FREQ 0%@1600 GR3D_FREQ 0%@614 APE 25 PLL@29.5C CPU@31.5C iwlwifi@32C PMIC@50C GPU@29.5C AO@40.5C thermal@30.25C POM_5V_IN 1689/1970 POM_5V_GPU 82/88 POM_5V_CPU 164/372
RAM 1379/3964MB (lfb 8x4MB) SWAP 774/6078MB (cached 36MB) IRAM 0/252kB(lfb 252kB) CPU [6%@921,5%@921,off,off] EMC_FREQ 0%@1600 GR3D_FREQ 0%@614 APE 25 PLL@30C CPU@31C iwlwifi@32C PMIC@50C GPU@30C AO@41C thermal@30.5C POM_5V_IN 1689/1970 POM_5V_GPU 82/88 POM_5V_CPU 164/372
RAM 1377/3964MB (lfb 8x4MB) SWAP 774/6078MB (cached 36MB) IRAM 0/252kB(lfb 252kB) CPU [8%@921,6%@921,off,off] EMC_FREQ 0%@1600 GR3D_FREQ 0%@614 APE 25 PLL@30C CPU@31.5C iwlwifi@32C PMIC@50C GPU@30C AO@41C thermal@30.75C POM_5V_IN 2136/1970 POM_5V_GPU 82/88 POM_5V_CPU 533/372
RAM 1383/3964MB (lfb 8x4MB) SWAP 774/6078MB (cached 36MB) IRAM 0/252kB(lfb 252kB) CPU [9%@921,5%@921,off,off] EMC_FREQ 0%@1600 GR3D_FREQ 0%@614 APE 25 PLL@29.5C CPU@31C iwlwifi@32C PMIC@50C GPU@29.5C AO@41C thermal@30.25C POM_5V_IN 2174/1970 POM_5V_GPU 82/88 POM_5V_CPU 574/372
RAM 1377/3964MB (lfb 8x4MB) SWAP 774/6078MB (cached 36MB) IRAM 0/252kB(lfb 252kB) CPU [8%@921,6%@921,off,off] EMC_FREQ 0%@1600 GR3D_FREQ 0%@614 APE 25 PLL@29.5C CPU@31C iwlwifi@32C PMIC@50C GPU@29.5C AO@41C thermal@30.5C POM_5V_IN 2293/1970 POM_5V_GPU 81/88 POM_5V_CPU 532/372
RAM 1381/3964MB (lfb 8x4MB) SWAP 774/6078MB (cached 36MB) IRAM 0/252kB(lfb 252kB) CPU [7%@921,7%@921,off,off] EMC_FREQ 0%@1600 GR3D_FREQ 0%@614 APE 25 PLL@30C CPU@31.5C iwlwifi@33C PMIC@50C GPU@30C AO@41C thermal@30.5C POM_5V_IN 2174/1970 POM_5V_GPU 82/88 POM_5V_CPU 574/372
RAM 1390/3964MB (lfb 8x4MB) SWAP 774/6078MB (cached 36MB) IRAM 0/252kB(lfb 252kB) CPU [7%@921,8%@921,off,off] EMC_FREQ 0%@1600 GR3D_FREQ 0%@614 APE 25 PLL@30C CPU@31.5C iwlwifi@32C PMIC@50C GPU@30C AO@41C thermal@30.75C POM_5V_IN 2297/1970 POM_5V_GPU 81/88 POM_5V_CPU 573/372
RAM 1382/3964MB (lfb 8x4MB) SWAP 774/6078MB (cached 36MB) IRAM 0/252kB(lfb 252kB) CPU [7%@921,5%@921,off,off] EMC_FREQ 0%@1600 GR3D_FREQ 0%@614 APE 25 PLL@29.5C CPU@31.5C iwlwifi@32C PMIC@50C GPU@30C AO@40.5C thermal@30.25C POM_5V_IN 1892/1970 POM_5V_GPU 82/88 POM_5V_CPU 288/372
RAM 1380/3964MB (lfb 8x4MB) SWAP 774/6078MB (cached 36MB) IRAM 0/252kB(lfb 252kB) CPU [8%@921,6%@921,off,off] EMC_FREQ 0%@1600 GR3D_FREQ 0%@614 APE 25 PLL@29.5C CPU@31C iwlwifi@32C PMIC@50C GPU@30C AO@40.5C thermal@30.5C POM_5V_IN 1687/1970 POM_5V_GPU 82/88 POM_5V_CPU 164/372
RAM 1380/3964MB (lfb 8x4MB) SWAP 774/6078MB (cached 36MB) IRAM 0/252kB(lfb 252kB) CPU [6%@921,7%@921,off,off] EMC_FREQ 0%@1600 GR3D_FREQ 0%@614 APE 25 PLL@29.5C CPU@31C iwlwifi@32C PMIC@50C GPU@30C AO@40.5C thermal@30.5C POM_5V_IN 1731/1970 POM_5V_GPU 82/88 POM_5V_CPU 164/372
RAM 1386/3964MB (lfb 8x4MB) SWAP 774/6078MB (cached 36MB) IRAM 0/252kB(lfb 252kB) CPU [7%@921,6%@921,off,off] EMC_FREQ 0%@1600 GR3D_FREQ 0%@614 APE 25 PLL@29.5C CPU@31C iwlwifi@32C PMIC@50C GPU@30C AO@40.5C thermal@30.75C POM_5V_IN 1689/1970 POM_5V_GPU 82/88 POM_5V_CPU 164/372
RAM 1372/3964MB (lfb 8x4MB) SWAP 774/6078MB (cached 36MB) IRAM 0/252kB(lfb 252kB) CPU [3%@921,5%@921,off,off] EMC_FREQ 0%@1600 GR3D_FREQ 0%@614 APE 25 PLL@29.5C CPU@31.5C iwlwifi@32C PMIC@50C GPU@29.5C AO@40.5C thermal@30.5C POM_5V_IN 1689/1970 POM_5V_GPU 82/88 POM_5V_CPU 164/372
RAM 1380/3964MB (lfb 8x4MB) SWAP 774/6078MB (cached 36MB) IRAM 0/252kB(lfb 252kB) CPU [8%@921,10%@921,off,off] EMC_FREQ 0%@1600 GR3D_FREQ 0%@614 APE 25 PLL@29.5C CPU@31C iwlwifi@32C PMIC@50C GPU@29.5C AO@40.5C thermal@30.75C POM_5V_IN 2133/1970 POM_5V_GPU 82/88 POM_5V_CPU 532/372
RAM 1377/3964MB (lfb 8x4MB) SWAP 774/6078MB (cached 36MB) IRAM 0/252kB(lfb 252kB) CPU [6%@921,4%@921,off,off] EMC_FREQ 0%@1600 GR3D_FREQ 0%@614 APE 25 PLL@29.5C CPU@31C iwlwifi@32C PMIC@50C GPU@29.5C AO@40.5C thermal@30.5C POM_5V_IN 1689/1969 POM_5V_GPU 82/88 POM_5V_CPU 164/372
RAM 1382/3964MB (lfb 8x4MB) SWAP 774/6078MB (cached 36MB) IRAM 0/252kB(lfb 252kB) CPU [10%@921,7%@921,off,off] EMC_FREQ 0%@1600 GR3D_FREQ 0%@614 APE 25 PLL@30C CPU@31C iwlwifi@32C PMIC@50C GPU@30C AO@41C thermal@30.75C POM_5V_IN 2136/1970 POM_5V_GPU 82/88 POM_5V_CPU 533/372
RAM 1378/3964MB (lfb 8x4MB) SWAP 774/6078MB (cached 36MB) IRAM 0/252kB(lfb 252kB) CPU [7%@921,4%@921,off,off] EMC_FREQ 0%@1600 GR3D_FREQ 0%@614 APE 25 PLL@29.5C CPU@31C iwlwifi@32C PMIC@50C GPU@30C AO@40.5C thermal@30.5C POM_5V_IN 1689/1969 POM_5V_GPU 82/88 POM_5V_CPU 164/372
RAM 1377/3964MB (lfb 8x4MB) SWAP 774/6078MB (cached 36MB) IRAM 0/252kB(lfb 252kB) CPU [8%@921,5%@921,off,off] EMC_FREQ 0%@1600 GR3D_FREQ 0%@614 APE 25 PLL@29.5C CPU@31.5C iwlwifi@32C PMIC@50C GPU@29.5C AO@40.5C thermal@30.75C POM_5V_IN 2174/1970 POM_5V_GPU 82/88 POM_5V_CPU 451/372
RAM 1386/3964MB (lfb 8x4MB) SWAP 774/6078MB (cached 36MB) IRAM 0/252kB(lfb 252kB) CPU [7%@921,12%@921,off,off] EMC_FREQ 0%@1600 GR3D_FREQ 0%@614 APE 25 PLL@30C CPU@32C iwlwifi@32C PMIC@50C GPU@30C AO@40.5C thermal@30.75C POM_5V_IN 2136/1970 POM_5V_GPU 82/88 POM_5V_CPU 533/372
RAM 1378/3964MB (lfb 8x4MB) SWAP 774/6078MB (cached 36MB) IRAM 0/252kB(lfb 252kB) CPU [5%@921,9%@921,off,off] EMC_FREQ 0%@1600 GR3D_FREQ 0%@614 APE 25 PLL@29.5C CPU@31C iwlwifi@32C PMIC@50C GPU@30C AO@41C thermal@30.5C POM_5V_IN 1689/1969 POM_5V_GPU 82/88 POM_5V_CPU 164/372
RAM 1385/3964MB (lfb 8x4MB) SWAP 774/6078MB (cached 36MB) IRAM 0/252kB(lfb 252kB) CPU [7%@921,7%@921,off,off] EMC_FREQ 0%@1600 GR3D_FREQ 0%@614 APE 25 PLL@30C CPU@31C iwlwifi@32C PMIC@50C GPU@30C AO@41C thermal@30.75C POM_5V_IN 2297/1970 POM_5V_GPU 81/88 POM_5V_CPU 573/372
RAM 1386/3964MB (lfb 8x4MB) SWAP 774/6078MB (cached 36MB) IRAM 0/252kB(lfb 252kB) CPU [7%@921,6%@921,off,off] EMC_FREQ 0%@1600 GR3D_FREQ 0%@614 APE 25 PLL@30C CPU@31.5C iwlwifi@32C PMIC@50C GPU@30C AO@41C thermal@30.75C POM_5V_IN 2293/1970 POM_5V_GPU 81/88 POM_5V_CPU 613/372
RAM 1387/3964MB (lfb 8x4MB) SWAP 774/6078MB (cached 36MB) IRAM 0/252kB(lfb 252kB) CPU [7%@921,7%@921,off,off] EMC_FREQ 0%@1600 GR3D_FREQ 0%@614 APE 25 PLL@30C CPU@31C iwlwifi@32C PMIC@50C GPU@30C AO@40.5C thermal@30.75C POM_5V_IN 1934/1970 POM_5V_GPU 82/88 POM_5V_CPU 329/372
RAM 1381/3964MB (lfb 8x4MB) SWAP 774/6078MB (cached 36MB) IRAM 0/252kB(lfb 252kB) CPU [9%@921,5%@921,off,off] EMC_FREQ 0%@1600 GR3D_FREQ 0%@614 APE 25 PLL@29.5C CPU@31C iwlwifi@32C PMIC@50C GPU@30C AO@41C thermal@30.5C POM_5V_IN 1731/1970 POM_5V_GPU 82/88 POM_5V_CPU 164/372
RAM 1384/3964MB (lfb 8x4MB) SWAP 774/6078MB (cached 36MB) IRAM 0/252kB(lfb 252kB) CPU [6%@921,7%@921,off,off] EMC_FREQ 0%@1600 GR3D_FREQ 0%@614 APE 25 PLL@30C CPU@31C iwlwifi@32C PMIC@50C GPU@30C AO@40.5C thermal@30.5C POM_5V_IN 1689/1970 POM_5V_GPU 82/88 POM_5V_CPU 164/372
RAM 1385/3964MB (lfb 8x4MB) SWAP 774/6078MB (cached 36MB) IRAM 0/252kB(lfb 252kB) CPU [6%@921,7%@921,off,off] EMC_FREQ 0%@1600 GR3D_FREQ 0%@614 APE 25 PLL@30C CPU@31C iwlwifi@32C PMIC@50C GPU@30C AO@41C thermal@30.5C POM_5V_IN 1689/1969 POM_5V_GPU 82/88 POM_5V_CPU 164/372
RAM 1381/3964MB (lfb 8x4MB) SWAP 774/6078MB (cached 36MB) IRAM 0/252kB(lfb 252kB) CPU [7%@921,7%@921,off,off] EMC_FREQ 0%@1600 GR3D_FREQ 0%@614 APE 25 PLL@29.5C CPU@31C iwlwifi@32C PMIC@50C GPU@30C AO@41C thermal@30.5C POM_5V_IN 1731/1969 POM_5V_GPU 82/88 POM_5V_CPU 164/371
RAM 1380/3964MB (lfb 8x4MB) SWAP 774/6078MB (cached 36MB) IRAM 0/252kB(lfb 252kB) CPU [6%@921,7%@921,off,off] EMC_FREQ 0%@1600 GR3D_FREQ 0%@614 APE 25 PLL@29.5C CPU@31C iwlwifi@32C PMIC@50C GPU@30C AO@41C thermal@30.5C POM_5V_IN 1689/1969 POM_5V_GPU 82/88 POM_5V_CPU 164/371
RAM 1373/3964MB (lfb 8x4MB) SWAP 774/6078MB (cached 36MB) IRAM 0/252kB(lfb 252kB) CPU [7%@921,3%@921,off,off] EMC_FREQ 0%@1600 GR3D_FREQ 0%@614 APE 25 PLL@29.5C CPU@31C iwlwifi@32C PMIC@50C GPU@30C AO@41C thermal@30.75C POM_5V_IN 1689/1969 POM_5V_GPU 82/88 POM_5V_CPU 164/371
RAM 1381/3964MB (lfb 8x4MB) SWAP 774/6078MB (cached 36MB) IRAM 0/252kB(lfb 252kB) CPU [10%@921,7%@921,off,off] EMC_FREQ 0%@1600 GR3D_FREQ 0%@614 APE 25 PLL@30C CPU@31.5C iwlwifi@32C PMIC@50C GPU@30C AO@40.5C thermal@30.75C POM_5V_IN 2133/1969 POM_5V_GPU 82/88 POM_5V_CPU 533/371
RAM 1380/3964MB (lfb 8x4MB) SWAP 774/6078MB (cached 36MB) IRAM 0/252kB(lfb 252kB) CPU [8%@921,4%@921,off,off] EMC_FREQ 0%@1600 GR3D_FREQ 0%@614 APE 25 PLL@29.5C CPU@31.5C iwlwifi@32C PMIC@50C GPU@29.5C AO@41C thermal@30.75C POM_5V_IN 1689/1969 POM_5V_GPU 82/88 POM_5V_CPU 164/371
RAM 1381/3964MB (lfb 8x4MB) SWAP 774/6078MB (cached 36MB) IRAM 0/252kB(lfb 252kB) CPU [7%@921,7%@921,off,off] EMC_FREQ 0%@1600 GR3D_FREQ 0%@614 APE 25 PLL@30C CPU@31.5C iwlwifi@32C PMIC@50C GPU@30C AO@41C thermal@30.75C POM_5V_IN 2170/1969 POM_5V_GPU 81/88 POM_5V_CPU 532/371
RAM 1389/3964MB (lfb 8x4MB) SWAP 774/6078MB (cached 36MB) IRAM 0/252kB(lfb 252kB) CPU [8%@921,7%@921,off,off] EMC_FREQ 0%@1600 GR3D_FREQ 0%@614 APE 25 PLL@29.5C CPU@32C iwlwifi@32C PMIC@50C GPU@29.5C AO@41C thermal@30.25C POM_5V_IN 2297/1969 POM_5V_GPU 82/88 POM_5V_CPU 573/371
RAM 1389/3964MB (lfb 8x4MB) SWAP 774/6078MB (cached 36MB) IRAM 0/252kB(lfb 252kB) CPU [5%@921,8%@921,off,off] EMC_FREQ 0%@1600 GR3D_FREQ 0%@614 APE 25 PLL@30C CPU@31.5C iwlwifi@32C PMIC@50C GPU@29.5C AO@41C thermal@31C POM_5V_IN 2215/1969 POM_5V_GPU 82/88 POM_5V_CPU 574/371
RAM 1383/3964MB (lfb 8x4MB) SWAP 774/6078MB (cached 36MB) IRAM 0/252kB(lfb 252kB) CPU [5%@921,8%@921,off,off] EMC_FREQ 0%@1600 GR3D_FREQ 0%@614 APE 25 PLL@30C CPU@31.5C iwlwifi@32C PMIC@50C GPU@30C AO@41C thermal@30.5C POM_5V_IN 1934/1969 POM_5V_GPU 82/88 POM_5V_CPU 329/371
RAM 1381/3964MB (lfb 8x4MB) SWAP 774/6078MB (cached 36MB) IRAM 0/252kB(lfb 252kB) CPU [7%@921,7%@921,off,off] EMC_FREQ 0%@1600 GR3D_FREQ 0%@614 APE 25 PLL@29.5C CPU@31.5C iwlwifi@32C PMIC@50C GPU@30C AO@41C thermal@30.5C POM_5V_IN 1731/1969 POM_5V_GPU 82/88 POM_5V_CPU 164/371
RAM 1381/3964MB (lfb 8x4MB) SWAP 774/6078MB (cached 36MB) IRAM 0/252kB(lfb 252kB) CPU [6%@921,7%@921,off,off] EMC_FREQ 0%@1600 GR3D_FREQ 0%@614 APE 25 PLL@29.5C CPU@31C iwlwifi@32C PMIC@50C GPU@30C AO@40.5C thermal@30.5C POM_5V_IN 1689/1969 POM_5V_GPU 82/88 POM_5V_CPU 164/371
RAM 1383/3964MB (lfb 8x4MB) SWAP 774/6078MB (cached 36MB) IRAM 0/252kB(lfb 252kB) CPU [8%@921,5%@921,off,off] EMC_FREQ 0%@1600 GR3D_FREQ 0%@614 APE 25 PLL@29.5C CPU@31.5C iwlwifi@32C PMIC@50C GPU@29.5C AO@40.5C thermal@30.25C POM_5V_IN 1731/1969 POM_5V_GPU 82/88 POM_5V_CPU 164/371
RAM 1381/3964MB (lfb 8x4MB) SWAP 774/6078MB (cached 36MB) IRAM 0/252kB(lfb 252kB) CPU [7%@921,6%@921,off,off] EMC_FREQ 0%@1600 GR3D_FREQ 0%@614 APE 25 PLL@29.5C CPU@31.5C iwlwifi@32C PMIC@50C GPU@30C AO@41C thermal@30.5C POM_5V_IN 1689/1969 POM_5V_GPU 82/88 POM_5V_CPU 164/371
RAM 1383/3964MB (lfb 8x4MB) SWAP 774/6078MB (cached 36MB) IRAM 0/252kB(lfb 252kB) CPU [9%@921,5%@921,off,off] EMC_FREQ 0%@1600 GR3D_FREQ 0%@614 APE 25 PLL@30C CPU@31.5C iwlwifi@32C PMIC@50C GPU@29.5C AO@40.5C thermal@30.75C POM_5V_IN 1687/1969 POM_5V_GPU 82/88 POM_5V_CPU 164/371
RAM 1378/3964MB (lfb 8x4MB) SWAP 774/6078MB (cached 36MB) IRAM 0/252kB(lfb 252kB) CPU [4%@921,5%@921,off,off] EMC_FREQ 0%@1600 GR3D_FREQ 0%@614 APE 25 PLL@29.5C CPU@31.5C iwlwifi@32C PMIC@50C GPU@30C AO@40.5C thermal@30.5C POM_5V_IN 1689/1968 POM_5V_GPU 82/88 POM_5V_CPU 164/371
RAM 1383/3964MB (lfb 8x4MB) SWAP 774/6078MB (cached 36MB) IRAM 0/252kB(lfb 252kB) CPU [9%@921,8%@921,off,off] EMC_FREQ 0%@1600 GR3D_FREQ 0%@614 APE 25 PLL@29.5C CPU@31C iwlwifi@32C PMIC@50C GPU@30C AO@41C thermal@30.75C POM_5V_IN 2174/1969 POM_5V_GPU 82/88 POM_5V_CPU 533/371
RAM 1372/3964MB (lfb 8x4MB) SWAP 774/6078MB (cached 36MB) IRAM 0/252kB(lfb 252kB) CPU [4%@921,5%@921,off,off] EMC_FREQ 0%@1600 GR3D_FREQ 0%@614 APE 25 PLL@29.5C CPU@31.5C iwlwifi@32C PMIC@50C GPU@30C AO@40.5C thermal@30.5C POM_5V_IN 1689/1968 POM_5V_GPU 82/88 POM_5V_CPU 164/371
RAM 1381/3964MB (lfb 8x4MB) SWAP 774/6078MB (cached 36MB) IRAM 0/252kB(lfb 252kB) CPU [8%@921,10%@921,off,off] EMC_FREQ 0%@1600 GR3D_FREQ 0%@614 APE 25 PLL@30C CPU@31.5C iwlwifi@32C PMIC@50C GPU@30C AO@41C thermal@30.75C POM_5V_IN 2092/1968 POM_5V_GPU 82/88 POM_5V_CPU 533/371
RAM 1377/3964MB (lfb 8x4MB) SWAP 774/6078MB (cached 36MB) IRAM 0/252kB(lfb 252kB) CPU [4%@921,6%@921,off,off] EMC_FREQ 0%@1600 GR3D_FREQ 0%@614 APE 25 PLL@30C CPU@31C iwlwifi@32C PMIC@50C GPU@29.5C AO@40.5C thermal@30.25C POM_5V_IN 1687/1968 POM_5V_GPU 82/88 POM_5V_CPU 164/371
RAM 1386/3964MB (lfb 8x4MB) SWAP 774/6078MB (cached 36MB) IRAM 0/252kB(lfb 252kB) CPU [9%@921,8%@921,off,off] EMC_FREQ 0%@1600 GR3D_FREQ 0%@614 APE 25 PLL@30C CPU@31.5C iwlwifi@32C PMIC@50C GPU@30C AO@41C thermal@30.75C POM_5V_IN 2136/1968 POM_5V_GPU 82/88 POM_5V_CPU 533/371
RAM 1380/3964MB (lfb 8x4MB) SWAP 774/6078MB (cached 36MB) IRAM 0/252kB(lfb 252kB) CPU [6%@921,5%@921,off,off] EMC_FREQ 0%@1600 GR3D_FREQ 0%@614 APE 25 PLL@29.5C CPU@31.5C iwlwifi@32C PMIC@50C GPU@29.5C AO@40.5C thermal@30.25C POM_5V_IN 1689/1968 POM_5V_GPU 82/88 POM_5V_CPU 164/371
RAM 1377/3964MB (lfb 8x4MB) SWAP 774/6078MB (cached 36MB) IRAM 0/252kB(lfb 252kB) CPU [8%@921,5%@921,off,off] EMC_FREQ 0%@1600 GR3D_FREQ 0%@614 APE 25 PLL@30C CPU@31.5C iwlwifi@32C PMIC@50C GPU@29.5C AO@40.5C thermal@30.5C POM_5V_IN 2136/1968 POM_5V_GPU 82/88 POM_5V_CPU 533/371
RAM 1383/3964MB (lfb 8x4MB) SWAP 774/6078MB (cached 36MB) IRAM 0/252kB(lfb 252kB) CPU [7%@921,9%@921,off,off] EMC_FREQ 0%@1600 GR3D_FREQ 0%@614 APE 25 PLL@29.5C CPU@31.5C iwlwifi@32C PMIC@50C GPU@29.5C AO@41C thermal@30.5C POM_5V_IN 2136/1968 POM_5V_GPU 82/88 POM_5V_CPU 533/371
RAM 1383/3964MB (lfb 8x4MB) SWAP 774/6078MB (cached 36MB) IRAM 0/252kB(lfb 252kB) CPU [4%@921,6%@921,off,off] EMC_FREQ 0%@1600 GR3D_FREQ 0%@614 APE 25 PLL@29.5C CPU@31.5C iwlwifi@32C PMIC@50C GPU@30C AO@41C thermal@30.75C POM_5V_IN 1689/1968 POM_5V_GPU 82/88 POM_5V_CPU 164/371
RAM 1385/3964MB (lfb 8x4MB) SWAP 774/6078MB (cached 36MB) IRAM 0/252kB(lfb 252kB) CPU [9%@921,5%@921,off,off] EMC_FREQ 0%@1600 GR3D_FREQ 0%@614 APE 25 PLL@30C CPU@31.5C iwlwifi@32C PMIC@50C GPU@30C AO@41C thermal@30.5C POM_5V_IN 2293/1968 POM_5V_GPU 81/88 POM_5V_CPU 655/371
RAM 1380/3964MB (lfb 8x4MB) SWAP 774/6078MB (cached 36MB) IRAM 0/252kB(lfb 252kB) CPU [7%@921,6%@921,off,off] EMC_FREQ 0%@1600 GR3D_FREQ 0%@614 APE 25 PLL@30C CPU@31C iwlwifi@32C PMIC@50C GPU@29.5C AO@41C thermal@30.75C POM_5V_IN 2174/1969 POM_5V_GPU 82/88 POM_5V_CPU 492/371
RAM 1385/3964MB (lfb 8x4MB) SWAP 774/6078MB (cached 36MB) IRAM 0/252kB(lfb 252kB) CPU [10%@921,6%@921,off,off] EMC_FREQ 0%@1600 GR3D_FREQ 0%@614 APE 25 PLL@30C CPU@31.5C iwlwifi@32C PMIC@50C GPU@30C AO@41C thermal@30C POM_5V_IN 2256/1969 POM_5V_GPU 82/88 POM_5V_CPU 532/371
RAM 1384/3964MB (lfb 8x4MB) SWAP 774/6078MB (cached 36MB) IRAM 0/252kB(lfb 252kB) CPU [4%@921,9%@921,off,off] EMC_FREQ 0%@1600 GR3D_FREQ 0%@614 APE 25 PLL@30C CPU@31C iwlwifi@32C PMIC@50C GPU@30C AO@41C thermal@30.75C POM_5V_IN 1772/1969 POM_5V_GPU 82/88 POM_5V_CPU 206/371
RAM 1382/3964MB (lfb 8x4MB) SWAP 774/6078MB (cached 36MB) IRAM 0/252kB(lfb 252kB) CPU [8%@921,6%@921,off,off] EMC_FREQ 0%@1600 GR3D_FREQ 0%@614 APE 25 PLL@30C CPU@31.5C iwlwifi@32C PMIC@50C GPU@29.5C AO@41C thermal@30.5C POM_5V_IN 1731/1968 POM_5V_GPU 82/88 POM_5V_CPU 164/371
RAM 1382/3964MB (lfb 8x4MB) SWAP 774/6078MB (cached 36MB) IRAM 0/252kB(lfb 252kB) CPU [8%@921,5%@921,off,off] EMC_FREQ 0%@1600 GR3D_FREQ 0%@614 APE 25 PLL@29.5C CPU@31C iwlwifi@32C PMIC@50C GPU@30C AO@40.5C thermal@30.75C POM_5V_IN 1689/1968 POM_5V_GPU 82/88 POM_5V_CPU 164/371
RAM 1380/3964MB (lfb 8x4MB) SWAP 774/6078MB (cached 36MB) IRAM 0/252kB(lfb 252kB) CPU [7%@921,7%@921,off,off] EMC_FREQ 0%@1600 GR3D_FREQ 0%@614 APE 25 PLL@29.5C CPU@31C iwlwifi@32C PMIC@50C GPU@30C AO@40.5C thermal@30.5C POM_5V_IN 1689/1968 POM_5V_GPU 82/88 POM_5V_CPU 164/371
RAM 1381/3964MB (lfb 8x4MB) SWAP 773/6078MB (cached 36MB) IRAM 0/252kB(lfb 252kB) CPU [5%@921,8%@921,off,off] EMC_FREQ 0%@1600 GR3D_FREQ 0%@614 APE 25 PLL@29.5C CPU@31.5C iwlwifi@32C PMIC@50C GPU@30C AO@40.5C thermal@30.5C POM_5V_IN 1687/1968 POM_5V_GPU 82/88 POM_5V_CPU 164/370
RAM 1367/3964MB (lfb 8x4MB) SWAP 773/6078MB (cached 36MB) IRAM 0/252kB(lfb 252kB) CPU [4%@921,6%@921,off,off] EMC_FREQ 0%@1600 GR3D_FREQ 0%@614 APE 25 PLL@29.5C CPU@31C iwlwifi@32C PMIC@50C GPU@30C AO@40.5C thermal@30.5C POM_5V_IN 1689/1968 POM_5V_GPU 82/88 POM_5V_CPU 164/370
RAM 1381/3964MB (lfb 8x4MB) SWAP 773/6078MB (cached 36MB) IRAM 0/252kB(lfb 252kB) CPU [8%@921,9%@921,off,off] EMC_FREQ 0%@1600 GR3D_FREQ 0%@614 APE 25 PLL@30C CPU@31C iwlwifi@32C PMIC@50C GPU@30C AO@40.5C thermal@30.5C POM_5V_IN 2136/1968 POM_5V_GPU 82/88 POM_5V_CPU 533/370
RAM 1366/3964MB (lfb 8x4MB) SWAP 773/6078MB (cached 36MB) IRAM 0/252kB(lfb 252kB) CPU [4%@921,5%@921,off,off] EMC_FREQ 0%@1600 GR3D_FREQ 0%@614 APE 25 PLL@30C CPU@31.5C iwlwifi@32C PMIC@50C GPU@30C AO@41C thermal@30.5C POM_5V_IN 1689/1968 POM_5V_GPU 82/88 POM_5V_CPU 164/370
RAM 1383/3964MB (lfb 8x4MB) SWAP 773/6078MB (cached 36MB) IRAM 0/252kB(lfb 252kB) CPU [6%@921,12%@921,off,off] EMC_FREQ 0%@1600 GR3D_FREQ 0%@614 APE 25 PLL@30C CPU@31C iwlwifi@32C PMIC@50C GPU@29.5C AO@40.5C thermal@30.5C POM_5V_IN 2095/1968 POM_5V_GPU 82/88 POM_5V_CPU 492/370
RAM 1367/3964MB (lfb 8x4MB) SWAP 773/6078MB (cached 36MB) IRAM 0/252kB(lfb 252kB) CPU [4%@921,6%@921,off,off] EMC_FREQ 0%@1600 GR3D_FREQ 0%@614 APE 25 PLL@29.5C CPU@31C iwlwifi@32C PMIC@50C GPU@30C AO@41C thermal@30.5C POM_5V_IN 1689/1968 POM_5V_GPU 82/88 POM_5V_CPU 164/370
RAM 1382/3964MB (lfb 8x4MB) SWAP 773/6078MB (cached 36MB) IRAM 0/252kB(lfb 252kB) CPU [11%@921,6%@921,off,off] EMC_FREQ 0%@1600 GR3D_FREQ 0%@614 APE 25 PLL@30C CPU@31C iwlwifi@32C PMIC@50C GPU@30C AO@40.5C thermal@30.5C POM_5V_IN 2136/1968 POM_5V_GPU 82/88 POM_5V_CPU 533/370
RAM 1370/3964MB (lfb 8x4MB) SWAP 773/6078MB (cached 36MB) IRAM 0/252kB(lfb 252kB) CPU [7%@921,5%@921,off,off] EMC_FREQ 0%@1600 GR3D_FREQ 0%@614 APE 25 PLL@29.5C CPU@31C iwlwifi@32C PMIC@50C GPU@30C AO@41C thermal@30.5C POM_5V_IN 1689/1968 POM_5V_GPU 82/88 POM_5V_CPU 164/370
RAM 1372/3964MB (lfb 8x4MB) SWAP 773/6078MB (cached 36MB) IRAM 0/252kB(lfb 252kB) CPU [9%@921,5%@921,off,off] EMC_FREQ 0%@1600 GR3D_FREQ 0%@614 APE 25 PLL@30C CPU@31C iwlwifi@32C PMIC@50C GPU@30C AO@41C thermal@30.5C POM_5V_IN 2174/1968 POM_5V_GPU 82/88 POM_5V_CPU 451/370
RAM 1380/3964MB (lfb 8x4MB) SWAP 773/6078MB (cached 36MB) IRAM 0/252kB(lfb 252kB) CPU [7%@921,6%@921,off,off] EMC_FREQ 0%@1600 GR3D_FREQ 0%@614 APE 25 PLL@30C CPU@31.5C iwlwifi@32C PMIC@50C GPU@30C AO@41C thermal@30.5C POM_5V_IN 2334/1968 POM_5V_GPU 81/88 POM_5V_CPU 573/370
RAM 1386/3964MB (lfb 8x4MB) SWAP 773/6078MB (cached 36MB) IRAM 0/252kB(lfb 252kB) CPU [9%@921,6%@921,off,off] EMC_FREQ 0%@1600 GR3D_FREQ 0%@614 APE 25 PLL@30C CPU@31.5C iwlwifi@32C PMIC@50C GPU@30C AO@41C thermal@30.75C POM_5V_IN 2215/1968 POM_5V_GPU 82/88 POM_5V_CPU 574/371
RAM 1381/3964MB (lfb 8x4MB) SWAP 773/6078MB (cached 36MB) IRAM 0/252kB(lfb 252kB) CPU [7%@921,7%@921,off,off] EMC_FREQ 0%@1600 GR3D_FREQ 0%@614 APE 25 PLL@30C CPU@31C iwlwifi@32C PMIC@50C GPU@30C AO@41C thermal@30.5C POM_5V_IN 1975/1968 POM_5V_GPU 82/88 POM_5V_CPU 329/371
RAM 1385/3964MB (lfb 8x4MB) SWAP 773/6078MB (cached 36MB) IRAM 0/252kB(lfb 252kB) CPU [6%@921,8%@921,off,off] EMC_FREQ 0%@1600 GR3D_FREQ 0%@614 APE 25 PLL@30C CPU@31.5C iwlwifi@32C PMIC@50C GPU@30C AO@40.5C thermal@30.75C POM_5V_IN 1731/1968 POM_5V_GPU 82/88 POM_5V_CPU 164/370
RAM 1383/3964MB (lfb 8x4MB) SWAP 773/6078MB (cached 36MB) IRAM 0/252kB(lfb 252kB) CPU [6%@921,7%@921,off,off] EMC_FREQ 0%@1600 GR3D_FREQ 0%@614 APE 25 PLL@29.5C CPU@31C iwlwifi@32C PMIC@50C GPU@30C AO@41C thermal@30.5C POM_5V_IN 1689/1968 POM_5V_GPU 82/88 POM_5V_CPU 164/370
RAM 1385/3964MB (lfb 8x4MB) SWAP 773/6078MB (cached 36MB) IRAM 0/252kB(lfb 252kB) CPU [5%@921,9%@921,off,off] EMC_FREQ 0%@1600 GR3D_FREQ 0%@614 APE 25 PLL@29.5C CPU@31.5C iwlwifi@32C PMIC@50C GPU@30C AO@41C thermal@30.5C POM_5V_IN 1689/1968 POM_5V_GPU 82/88 POM_5V_CPU 164/370
RAM 1383/3964MB (lfb 8x4MB) SWAP 773/6078MB (cached 36MB) IRAM 0/252kB(lfb 252kB) CPU [7%@921,6%@921,off,off] EMC_FREQ 0%@1600 GR3D_FREQ 0%@614 APE 25 PLL@29.5C CPU@31C iwlwifi@32C PMIC@50C GPU@29.5C AO@41C thermal@30.5C POM_5V_IN 1689/1967 POM_5V_GPU 82/88 POM_5V_CPU 164/370
RAM 1365/3964MB (lfb 8x4MB) SWAP 773/6078MB (cached 36MB) IRAM 0/252kB(lfb 252kB) CPU [5%@921,5%@921,off,off] EMC_FREQ 0%@1600 GR3D_FREQ 0%@614 APE 25 PLL@29.5C CPU@31.5C iwlwifi@32C PMIC@50C GPU@29.5C AO@41C thermal@30.25C POM_5V_IN 1689/1967 POM_5V_GPU 82/88 POM_5V_CPU 164/370
RAM 1381/3964MB (lfb 8x4MB) SWAP 773/6078MB (cached 36MB) IRAM 0/252kB(lfb 252kB) CPU [6%@921,10%@921,off,off] EMC_FREQ 0%@1600 GR3D_FREQ 0%@614 APE 25 PLL@29.5C CPU@31.5C iwlwifi@32C PMIC@50C GPU@30C AO@41C thermal@30.25C POM_5V_IN 2136/1967 POM_5V_GPU 82/88 POM_5V_CPU 533/370
RAM 1372/3964MB (lfb 8x4MB) SWAP 773/6078MB (cached 36MB) IRAM 0/252kB(lfb 252kB) CPU [8%@921,4%@921,off,off] EMC_FREQ 0%@1600 GR3D_FREQ 0%@614 APE 25 PLL@29.5C CPU@31C iwlwifi@32C PMIC@50C GPU@30C AO@41C thermal@30.5C POM_5V_IN 1689/1967 POM_5V_GPU 82/88 POM_5V_CPU 164/370
RAM 1372/3964MB (lfb 8x4MB) SWAP 773/6078MB (cached 36MB) IRAM 0/252kB(lfb 252kB) CPU [8%@921,6%@921,off,off] EMC_FREQ 0%@1600 GR3D_FREQ 0%@614 APE 25 PLL@30C CPU@31C iwlwifi@32C PMIC@50C GPU@29.5C AO@41C thermal@30.5C POM_5V_IN 2133/1967 POM_5V_GPU 82/88 POM_5V_CPU 533/370
RAM 1373/3964MB (lfb 8x4MB) SWAP 773/6078MB (cached 36MB) IRAM 0/252kB(lfb 252kB) CPU [7%@921,8%@921,off,off] EMC_FREQ 0%@1600 GR3D_FREQ 0%@614 APE 25 PLL@29.5C CPU@31.5C iwlwifi@32C PMIC@50C GPU@30C AO@41C thermal@30.5C POM_5V_IN 2215/1968 POM_5V_GPU 82/88 POM_5V_CPU 491/370
RAM 1376/3964MB (lfb 8x4MB) SWAP 773/6078MB (cached 36MB) IRAM 0/252kB(lfb 252kB) CPU [6%@921,8%@921,off,off] EMC_FREQ 0%@1600 GR3D_FREQ 0%@614 APE 25 PLL@30C CPU@31.5C iwlwifi@32C PMIC@50C GPU@30C AO@41C thermal@30.25C POM_5V_IN 2297/1968 POM_5V_GPU 82/88 POM_5V_CPU 573/370
RAM 1381/3964MB (lfb 8x4MB) SWAP 773/6078MB (cached 36MB) IRAM 0/252kB(lfb 252kB) CPU [7%@921,8%@921,off,off] EMC_FREQ 0%@1600 GR3D_FREQ 0%@614 APE 25 PLL@30C CPU@31.5C iwlwifi@32C PMIC@50C GPU@29.5C AO@41C thermal@30.5C POM_5V_IN 2215/1968 POM_5V_GPU 82/88 POM_5V_CPU 574/370
RAM 1380/3964MB (lfb 8x4MB) SWAP 773/6078MB (cached 36MB) IRAM 0/252kB(lfb 252kB) CPU [9%@921,5%@921,off,off] EMC_FREQ 0%@1600 GR3D_FREQ 0%@614 APE 25 PLL@29.5C CPU@31.5C iwlwifi@32C PMIC@50C GPU@30C AO@41C thermal@30.5C POM_5V_IN 1772/1968 POM_5V_GPU 82/88 POM_5V_CPU 206/370
RAM 1380/3964MB (lfb 8x4MB) SWAP 773/6078MB (cached 36MB) IRAM 0/252kB(lfb 252kB) CPU [7%@921,7%@921,off,off] EMC_FREQ 0%@1600 GR3D_FREQ 0%@614 APE 25 PLL@29.5C CPU@31C iwlwifi@32C PMIC@50C GPU@30C AO@40.5C thermal@30.5C POM_5V_IN 1731/1968 POM_5V_GPU 82/88 POM_5V_CPU 164/370
RAM 1381/3964MB (lfb 8x4MB) SWAP 773/6078MB (cached 36MB) IRAM 0/252kB(lfb 252kB) CPU [7%@921,7%@921,off,off] EMC_FREQ 0%@1600 GR3D_FREQ 0%@614 APE 25 PLL@29.5C CPU@31.5C iwlwifi@32C PMIC@50C GPU@30C AO@41C thermal@30.5C POM_5V_IN 1689/1967 POM_5V_GPU 82/88 POM_5V_CPU 164/370
RAM 1385/3964MB (lfb 8x4MB) SWAP 773/6078MB (cached 36MB) IRAM 0/252kB(lfb 252kB) CPU [9%@921,5%@921,off,off] EMC_FREQ 0%@1600 GR3D_FREQ 0%@614 APE 25 PLL@29.5C CPU@31C iwlwifi@32C PMIC@50C GPU@30C AO@41C thermal@30.5C POM_5V_IN 1687/1967 POM_5V_GPU 82/88 POM_5V_CPU 164/370
RAM 1366/3964MB (lfb 8x4MB) SWAP 773/6078MB (cached 36MB) IRAM 0/252kB(lfb 252kB) CPU [6%@921,4%@921,off,off] EMC_FREQ 0%@1600 GR3D_FREQ 0%@614 APE 25 PLL@29.5C CPU@31.5C iwlwifi@32C PMIC@50C GPU@29.5C AO@41C thermal@30.75C POM_5V_IN 1689/1967 POM_5V_GPU 82/88 POM_5V_CPU 164/370
RAM 1383/3964MB (lfb 8x4MB) SWAP 773/6078MB (cached 36MB) IRAM 0/252kB(lfb 252kB) CPU [9%@921,9%@921,off,off] EMC_FREQ 0%@1600 GR3D_FREQ 0%@614 APE 25 PLL@29.5C CPU@31C iwlwifi@32C PMIC@50C GPU@29.5C AO@41C thermal@30.25C POM_5V_IN 2095/1967 POM_5V_GPU 82/88 POM_5V_CPU 533/370
RAM 1371/3964MB (lfb 8x4MB) SWAP 773/6078MB (cached 36MB) IRAM 0/252kB(lfb 252kB) CPU [7%@921,5%@921,off,off] EMC_FREQ 0%@1600 GR3D_FREQ 0%@614 APE 25 PLL@29.5C CPU@31C iwlwifi@32C PMIC@50C GPU@30C AO@41C thermal@30.5C POM_5V_IN 1687/1967 POM_5V_GPU 82/88 POM_5V_CPU 164/370
RAM 1363/3964MB (lfb 8x4MB) SWAP 773/6078MB (cached 36MB) IRAM 0/252kB(lfb 252kB) CPU [7%@921,6%@921,off,off] EMC_FREQ 0%@1600 GR3D_FREQ 0%@614 APE 25 PLL@29.5C CPU@31.5C iwlwifi@32C PMIC@50C GPU@29.5C AO@40.5C thermal@30.25C POM_5V_IN 2133/1967 POM_5V_GPU 82/88 POM_5V_CPU 533/370
RAM 1384/3964MB (lfb 8x4MB) SWAP 773/6078MB (cached 36MB) IRAM 0/252kB(lfb 252kB) CPU [9%@921,10%@921,off,off] EMC_FREQ 0%@1600 GR3D_FREQ 0%@614 APE 25 PLL@29.5C CPU@31C iwlwifi@32C PMIC@50C GPU@30C AO@40.5C thermal@30.75C POM_5V_IN 2095/1967 POM_5V_GPU 82/88 POM_5V_CPU 533/370
RAM 1367/3964MB (lfb 8x4MB) SWAP 773/6078MB (cached 36MB) IRAM 0/252kB(lfb 252kB) CPU [4%@921,5%@921,off,off] EMC_FREQ 0%@1600 GR3D_FREQ 0%@614 APE 25 PLL@29.5C CPU@31C iwlwifi@32C PMIC@50C GPU@30C AO@41C thermal@30.5C POM_5V_IN 1689/1967 POM_5V_GPU 82/88 POM_5V_CPU 164/370
RAM 1383/3964MB (lfb 8x4MB) SWAP 773/6078MB (cached 36MB) IRAM 0/252kB(lfb 252kB) CPU [8%@921,9%@921,off,off] EMC_FREQ 0%@1600 GR3D_FREQ 0%@614 APE 25 PLL@29.5C CPU@31.5C iwlwifi@32C PMIC@50C GPU@29.5C AO@41C thermal@30.75C POM_5V_IN 2136/1967 POM_5V_GPU 82/88 POM_5V_CPU 533/370
RAM 1370/3964MB (lfb 8x4MB) SWAP 773/6078MB (cached 36MB) IRAM 0/252kB(lfb 252kB) CPU [7%@921,4%@921,off,off] EMC_FREQ 0%@1600 GR3D_FREQ 0%@614 APE 25 PLL@29.5C CPU@31.5C iwlwifi@32C PMIC@50C GPU@30C AO@41C thermal@30.5C POM_5V_IN 1689/1967 POM_5V_GPU 82/88 POM_5V_CPU 164/370
RAM 1372/3964MB (lfb 8x4MB) SWAP 773/6078MB (cached 36MB) IRAM 0/252kB(lfb 252kB) CPU [5%@921,9%@921,off,off] EMC_FREQ 0%@1600 GR3D_FREQ 0%@614 APE 25 PLL@30C CPU@31.5C iwlwifi@32C PMIC@50C GPU@29.5C AO@41C thermal@30.75C POM_5V_IN 2256/1967 POM_5V_GPU 82/88 POM_5V_CPU 492/370
RAM 1380/3964MB (lfb 8x4MB) SWAP 773/6078MB (cached 36MB) IRAM 0/252kB(lfb 252kB) CPU [10%@921,5%@921,off,off] EMC_FREQ 0%@1600 GR3D_FREQ 0%@614 APE 25 PLL@30C CPU@31.5C iwlwifi@32C PMIC@50C GPU@29.5C AO@41C thermal@30.5C POM_5V_IN 2256/1967 POM_5V_GPU 82/88 POM_5V_CPU 573/370
RAM 1381/3964MB (lfb 8x4MB) SWAP 773/6078MB (cached 36MB) IRAM 0/252kB(lfb 252kB) CPU [8%@921,6%@921,off,off] EMC_FREQ 0%@1600 GR3D_FREQ 0%@614 APE 25 PLL@30C CPU@31.5C iwlwifi@32C PMIC@50C GPU@29.5C AO@41C thermal@30.75C POM_5V_IN 2013/1967 POM_5V_GPU 82/88 POM_5V_CPU 410/370
RAM 1385/3964MB (lfb 8x4MB) SWAP 773/6078MB (cached 36MB) IRAM 0/252kB(lfb 252kB) CPU [4%@921,9%@921,off,off] EMC_FREQ 0%@1600 GR3D_FREQ 0%@614 APE 25 PLL@29.5C CPU@31.5C iwlwifi@32C PMIC@50C GPU@30C AO@41C thermal@30.75C POM_5V_IN 1772/1967 POM_5V_GPU 82/88 POM_5V_CPU 206/370
RAM 1383/3964MB (lfb 8x4MB) SWAP 773/6078MB (cached 36MB) IRAM 0/252kB(lfb 252kB) CPU [4%@921,9%@921,off,off] EMC_FREQ 0%@1600 GR3D_FREQ 0%@614 APE 25 PLL@29.5C CPU@31.5C iwlwifi@32C PMIC@50C GPU@29.5C AO@41C thermal@30.5C POM_5V_IN 1772/1967 POM_5V_GPU 82/88 POM_5V_CPU 164/370
RAM 1385/3964MB (lfb 8x4MB) SWAP 773/6078MB (cached 36MB) IRAM 0/252kB(lfb 252kB) CPU [7%@921,7%@921,off,off] EMC_FREQ 0%@1600 GR3D_FREQ 0%@614 APE 25 PLL@29.5C CPU@31.5C iwlwifi@32C PMIC@50C GPU@29.5C AO@40.5C thermal@30.75C POM_5V_IN 1689/1967 POM_5V_GPU 82/88 POM_5V_CPU 164/370
RAM 1383/3964MB (lfb 8x4MB) SWAP 773/6078MB (cached 36MB) IRAM 0/252kB(lfb 252kB) CPU [7%@921,6%@921,off,off] EMC_FREQ 0%@1600 GR3D_FREQ 0%@614 APE 25 PLL@29.5C CPU@31.5C iwlwifi@32C PMIC@50C GPU@29.5C AO@40.5C thermal@30.75C POM_5V_IN 1689/1967 POM_5V_GPU 82/88 POM_5V_CPU 164/370
RAM 1383/3964MB (lfb 8x4MB) SWAP 773/6078MB (cached 36MB) IRAM 0/252kB(lfb 252kB) CPU [7%@921,7%@921,off,off] EMC_FREQ 0%@1600 GR3D_FREQ 0%@614 APE 25 PLL@29.5C CPU@31.5C iwlwifi@32C PMIC@50C GPU@30C AO@41C thermal@30.5C POM_5V_IN 1689/1967 POM_5V_GPU 82/88 POM_5V_CPU 164/369
RAM 1365/3964MB (lfb 8x4MB) SWAP 773/6078MB (cached 36MB) IRAM 0/252kB(lfb 252kB) CPU [3%@921,5%@921,off,off] EMC_FREQ 0%@1600 GR3D_FREQ 0%@614 APE 25 PLL@29.5C CPU@31.5C iwlwifi@32C PMIC@50C GPU@30C AO@41C thermal@30.75C POM_5V_IN 1689/1967 POM_5V_GPU 82/88 POM_5V_CPU 164/369
RAM 1385/3964MB (lfb 8x4MB) SWAP 773/6078MB (cached 36MB) IRAM 0/252kB(lfb 252kB) CPU [9%@921,9%@921,off,off] EMC_FREQ 0%@1600 GR3D_FREQ 0%@614 APE 25 PLL@30C CPU@31.5C iwlwifi@32C PMIC@50C GPU@30C AO@41C thermal@30.5C POM_5V_IN 2095/1967 POM_5V_GPU 82/88 POM_5V_CPU 533/369
RAM 1369/3964MB (lfb 8x4MB) SWAP 773/6078MB (cached 36MB) IRAM 0/252kB(lfb 252kB) CPU [5%@921,6%@921,off,off] EMC_FREQ 0%@1600 GR3D_FREQ 0%@614 APE 25 PLL@29.5C CPU@31.5C iwlwifi@32C PMIC@50C GPU@30C AO@41C thermal@30.5C POM_5V_IN 1689/1966 POM_5V_GPU 82/88 POM_5V_CPU 164/369
RAM 1373/3964MB (lfb 8x4MB) SWAP 773/6078MB (cached 36MB) IRAM 0/252kB(lfb 252kB) CPU [7%@921,8%@921,off,off] EMC_FREQ 0%@1600 GR3D_FREQ 0%@614 APE 25 PLL@30C CPU@31C iwlwifi@32C PMIC@50C GPU@30C AO@41C thermal@30.25C POM_5V_IN 2174/1967 POM_5V_GPU 82/88 POM_5V_CPU 574/369
RAM 1378/3964MB (lfb 8x4MB) SWAP 773/6078MB (cached 36MB) IRAM 0/252kB(lfb 252kB) CPU [7%@921,7%@921,off,off] EMC_FREQ 0%@1600 GR3D_FREQ 0%@614 APE 25 PLL@29.5C CPU@31.5C iwlwifi@32C PMIC@50C GPU@30C AO@41C thermal@30.5C POM_5V_IN 2297/1967 POM_5V_GPU 82/88 POM_5V_CPU 573/370
RAM 1387/3964MB (lfb 8x4MB) SWAP 773/6078MB (cached 36MB) IRAM 0/252kB(lfb 252kB) CPU [7%@921,8%@921,off,off] EMC_FREQ 0%@1600 GR3D_FREQ 0%@614 APE 25 PLL@29.5C CPU@31.5C iwlwifi@32C PMIC@50C GPU@29.5C AO@41C thermal@30.5C POM_5V_IN 2215/1967 POM_5V_GPU 82/88 POM_5V_CPU 574/370
RAM 1383/3964MB (lfb 8x4MB) SWAP 773/6078MB (cached 36MB) IRAM 0/252kB(lfb 252kB) CPU [5%@921,8%@921,off,off] EMC_FREQ 0%@1600 GR3D_FREQ 0%@614 APE 25 PLL@29.5C CPU@31.5C iwlwifi@32C PMIC@50C GPU@29.5C AO@41C thermal@30.5C POM_5V_IN 1892/1967 POM_5V_GPU 82/88 POM_5V_CPU 288/370
RAM 1383/3964MB (lfb 8x4MB) SWAP 773/6078MB (cached 36MB) IRAM 0/252kB(lfb 252kB) CPU [6%@921,8%@921,off,off] EMC_FREQ 0%@1600 GR3D_FREQ 0%@614 APE 25 PLL@30C CPU@31.5C iwlwifi@32C PMIC@50C GPU@30C AO@41C thermal@30.5C POM_5V_IN 1772/1967 POM_5V_GPU 82/88 POM_5V_CPU 206/370
RAM 1381/3964MB (lfb 8x4MB) SWAP 773/6078MB (cached 36MB) IRAM 0/252kB(lfb 252kB) CPU [7%@921,6%@921,off,off] EMC_FREQ 0%@1600 GR3D_FREQ 0%@614 APE 25 PLL@30C CPU@31.5C iwlwifi@32C PMIC@50C GPU@30C AO@40.5C thermal@30.25C POM_5V_IN 1731/1967 POM_5V_GPU 82/88 POM_5V_CPU 164/369
RAM 1383/3964MB (lfb 8x4MB) SWAP 773/6078MB (cached 36MB) IRAM 0/252kB(lfb 252kB) CPU [10%@921,4%@921,off,off] EMC_FREQ 0%@1600 GR3D_FREQ 0%@614 APE 25 PLL@29.5C CPU@31C iwlwifi@32C PMIC@50C GPU@29.5C AO@41C thermal@30.5C POM_5V_IN 1687/1966 POM_5V_GPU 82/88 POM_5V_CPU 164/369
RAM 1383/3964MB (lfb 8x4MB) SWAP 773/6078MB (cached 36MB) IRAM 0/252kB(lfb 252kB) CPU [7%@921,6%@921,off,off] EMC_FREQ 0%@1600 GR3D_FREQ 0%@614 APE 25 PLL@29.5C CPU@31C iwlwifi@32C PMIC@50C GPU@29.5C AO@40.5C thermal@30.5C POM_5V_IN 1689/1966 POM_5V_GPU 82/88 POM_5V_CPU 164/369
RAM 1366/3964MB (lfb 8x4MB) SWAP 773/6078MB (cached 36MB) IRAM 0/252kB(lfb 252kB) CPU [4%@921,6%@921,off,off] EMC_FREQ 0%@1600 GR3D_FREQ 0%@614 APE 25 PLL@30C CPU@31C iwlwifi@32C PMIC@50C GPU@30C AO@40.5C thermal@30.5C POM_5V_IN 1687/1966 POM_5V_GPU 82/88 POM_5V_CPU 164/369
RAM 1385/3964MB (lfb 8x4MB) SWAP 773/6078MB (cached 36MB) IRAM 0/252kB(lfb 252kB) CPU [12%@921,5%@921,off,off] EMC_FREQ 0%@1600 GR3D_FREQ 0%@614 APE 25 PLL@30C CPU@31.5C iwlwifi@32C PMIC@50C GPU@29.5C AO@40.5C thermal@30.25C POM_5V_IN 2174/1966 POM_5V_GPU 82/88 POM_5V_CPU 574/369
RAM 1367/3964MB (lfb 8x4MB) SWAP 773/6078MB (cached 36MB) IRAM 0/252kB(lfb 252kB) CPU [6%@921,4%@921,off,off] EMC_FREQ 0%@1600 GR3D_FREQ 0%@614 APE 25 PLL@29.5C CPU@31C iwlwifi@32C PMIC@50C GPU@29.5C AO@41C thermal@30.5C POM_5V_IN 1689/1966 POM_5V_GPU 82/88 POM_5V_CPU 164/369
RAM 1370/3964MB (lfb 8x4MB) SWAP 773/6078MB (cached 36MB) IRAM 0/252kB(lfb 252kB) CPU [5%@921,9%@921,off,off] EMC_FREQ 0%@1600 GR3D_FREQ 0%@614 APE 25 PLL@30C CPU@31.5C iwlwifi@32C PMIC@50C GPU@29.5C AO@41C thermal@30.25C POM_5V_IN 2136/1966 POM_5V_GPU 82/88 POM_5V_CPU 533/369
RAM 1381/3964MB (lfb 8x4MB) SWAP 773/6078MB (cached 36MB) IRAM 0/252kB(lfb 252kB) CPU [8%@921,8%@921,off,off] EMC_FREQ 0%@1600 GR3D_FREQ 0%@614 APE 25 PLL@29.5C CPU@31.5C iwlwifi@32C PMIC@50C GPU@30C AO@41C thermal@30.25C POM_5V_IN 2136/1966 POM_5V_GPU 82/88 POM_5V_CPU 533/369
RAM 1376/3964MB (lfb 8x4MB) SWAP 773/6078MB (cached 36MB) IRAM 0/252kB(lfb 252kB) CPU [7%@921,6%@921,off,off] EMC_FREQ 0%@1600 GR3D_FREQ 0%@614 APE 25 PLL@29.5C CPU@31C iwlwifi@32C PMIC@50C GPU@30C AO@40.5C thermal@30.5C POM_5V_IN 1689/1966 POM_5V_GPU 82/88 POM_5V_CPU 123/369
RAM 1372/3964MB (lfb 8x4MB) SWAP 773/6078MB (cached 36MB) IRAM 0/252kB(lfb 252kB) CPU [6%@921,7%@921,off,off] EMC_FREQ 0%@1600 GR3D_FREQ 0%@614 APE 25 PLL@30C CPU@31.5C iwlwifi@32C PMIC@50C GPU@29.5C AO@41C thermal@30.5C POM_5V_IN 2095/1966 POM_5V_GPU 82/88 POM_5V_CPU 493/369
RAM 1383/3964MB (lfb 8x4MB) SWAP 773/6078MB (cached 36MB) IRAM 0/252kB(lfb 252kB) CPU [9%@921,6%@921,off,off] EMC_FREQ 0%@1600 GR3D_FREQ 0%@614 APE 25 PLL@30C CPU@31.5C iwlwifi@32C PMIC@50C GPU@29.5C AO@41C thermal@30.25C POM_5V_IN 2293/1966 POM_5V_GPU 81/88 POM_5V_CPU 614/369
RAM 1383/3964MB (lfb 8x4MB) SWAP 773/6078MB (cached 36MB) IRAM 0/252kB(lfb 252kB) CPU [6%@921,8%@921,off,off] EMC_FREQ 0%@1600 GR3D_FREQ 0%@614 APE 25 PLL@29.5C CPU@31C iwlwifi@32C PMIC@50C GPU@29.5C AO@40.5C thermal@30.5C POM_5V_IN 1769/1966 POM_5V_GPU 82/88 POM_5V_CPU 205/369
RAM 1383/3964MB (lfb 8x4MB) SWAP 773/6078MB (cached 36MB) IRAM 0/252kB(lfb 252kB) CPU [7%@921,7%@921,off,off] EMC_FREQ 0%@1600 GR3D_FREQ 0%@614 APE 25 PLL@29.5C CPU@31.5C iwlwifi@32C PMIC@50C GPU@29.5C AO@40.5C thermal@30.5C POM_5V_IN 1772/1966 POM_5V_GPU 82/88 POM_5V_CPU 205/369
RAM 1381/3964MB (lfb 8x4MB) SWAP 773/6078MB (cached 36MB) IRAM 0/252kB(lfb 252kB) CPU [7%@921,6%@921,off,off] EMC_FREQ 0%@1600 GR3D_FREQ 0%@614 APE 25 PLL@29.5C CPU@31.5C iwlwifi@32C PMIC@50C GPU@29.5C AO@40C thermal@30.5C POM_5V_IN 1689/1966 POM_5V_GPU 82/88 POM_5V_CPU 164/369
RAM 1385/3964MB (lfb 8x4MB) SWAP 773/6078MB (cached 36MB) IRAM 0/252kB(lfb 252kB) CPU [7%@921,6%@921,off,off] EMC_FREQ 0%@1600 GR3D_FREQ 0%@614 APE 25 PLL@29.5C CPU@31C iwlwifi@32C PMIC@50C GPU@29.5C AO@40C thermal@30.75C POM_5V_IN 1689/1966 POM_5V_GPU 82/88 POM_5V_CPU 164/369
RAM 1365/3964MB (lfb 8x4MB) SWAP 773/6078MB (cached 36MB) IRAM 0/252kB(lfb 252kB) CPU [4%@921,5%@921,off,off] EMC_FREQ 0%@1600 GR3D_FREQ 0%@614 APE 25 PLL@29.5C CPU@31C iwlwifi@32C PMIC@50C GPU@29.5C AO@40.5C thermal@30.5C POM_5V_IN 1689/1966 POM_5V_GPU 82/88 POM_5V_CPU 164/369
RAM 1383/3964MB (lfb 8x4MB) SWAP 773/6078MB (cached 36MB) IRAM 0/252kB(lfb 252kB) CPU [9%@921,8%@921,off,off] EMC_FREQ 0%@1600 GR3D_FREQ 0%@614 APE 25 PLL@30C CPU@31C iwlwifi@32C PMIC@50C GPU@29.5C AO@41C thermal@30.5C POM_5V_IN 2136/1966 POM_5V_GPU 82/88 POM_5V_CPU 533/369
RAM 1369/3964MB (lfb 8x4MB) SWAP 773/6078MB (cached 36MB) IRAM 0/252kB(lfb 252kB) CPU [6%@921,5%@921,off,off] EMC_FREQ 0%@1600 GR3D_FREQ 0%@614 APE 25 PLL@29.5C CPU@31C iwlwifi@32C PMIC@50C GPU@29.5C AO@40.5C thermal@30.25C POM_5V_IN 1689/1966 POM_5V_GPU 82/88 POM_5V_CPU 164/369
RAM 1372/3964MB (lfb 8x4MB) SWAP 773/6078MB (cached 36MB) IRAM 0/252kB(lfb 252kB) CPU [5%@921,10%@921,off,off] EMC_FREQ 0%@1600 GR3D_FREQ 0%@614 APE 25 PLL@30C CPU@31C iwlwifi@32C PMIC@50C GPU@29.5C AO@40.5C thermal@30.25C POM_5V_IN 2133/1966 POM_5V_GPU 82/88 POM_5V_CPU 533/369
RAM 1385/3964MB (lfb 8x4MB) SWAP 773/6078MB (cached 36MB) IRAM 0/252kB(lfb 252kB) CPU [7%@921,8%@921,off,off] EMC_FREQ 0%@1600 GR3D_FREQ 0%@614 APE 25 PLL@30C CPU@31C iwlwifi@32C PMIC@50C GPU@29.5C AO@40.5C thermal@30.25C POM_5V_IN 2334/1966 POM_5V_GPU 81/88 POM_5V_CPU 573/369
RAM 1387/3964MB (lfb 8x4MB) SWAP 773/6078MB (cached 36MB) IRAM 0/252kB(lfb 252kB) CPU [6%@921,9%@921,off,off] EMC_FREQ 0%@1600 GR3D_FREQ 0%@614 APE 25 PLL@30C CPU@31.5C iwlwifi@32C PMIC@50C GPU@30C AO@40.5C thermal@30.5C POM_5V_IN 2256/1966 POM_5V_GPU 82/88 POM_5V_CPU 573/369
RAM 1385/3964MB (lfb 8x4MB) SWAP 773/6078MB (cached 36MB) IRAM 0/252kB(lfb 252kB) CPU [6%@921,8%@921,off,off] EMC_FREQ 0%@1600 GR3D_FREQ 0%@614 APE 25 PLL@30C CPU@31C iwlwifi@32C PMIC@50C GPU@30C AO@40.5C thermal@30.5C POM_5V_IN 1975/1966 POM_5V_GPU 82/88 POM_5V_CPU 329/369
RAM 1381/3964MB (lfb 8x4MB) SWAP 773/6078MB (cached 36MB) IRAM 0/252kB(lfb 252kB) CPU [7%@921,6%@921,off,off] EMC_FREQ 0%@1600 GR3D_FREQ 0%@614 APE 25 PLL@29.5C CPU@31.5C iwlwifi@32C PMIC@50C GPU@29.5C AO@40.5C thermal@30.5C POM_5V_IN 1731/1966 POM_5V_GPU 82/88 POM_5V_CPU 164/369
RAM 1385/3964MB (lfb 8x4MB) SWAP 773/6078MB (cached 36MB) IRAM 0/252kB(lfb 252kB) CPU [8%@921,6%@921,off,off] EMC_FREQ 0%@1600 GR3D_FREQ 0%@614 APE 25 PLL@29.5C CPU@31.5C iwlwifi@32C PMIC@50C GPU@29.5C AO@41C thermal@30.25C POM_5V_IN 1731/1966 POM_5V_GPU 82/88 POM_5V_CPU 164/369
RAM 1385/3964MB (lfb 8x4MB) SWAP 773/6078MB (cached 36MB) IRAM 0/252kB(lfb 252kB) CPU [7%@921,6%@921,off,off] EMC_FREQ 0%@1600 GR3D_FREQ 0%@614 APE 25 PLL@30C CPU@31C iwlwifi@32C PMIC@50C GPU@29.5C AO@40.5C thermal@30.5C POM_5V_IN 1689/1966 POM_5V_GPU 82/88 POM_5V_CPU 164/369
RAM 1381/3964MB (lfb 8x4MB) SWAP 773/6078MB (cached 36MB) IRAM 0/252kB(lfb 252kB) CPU [9%@921,5%@921,off,off] EMC_FREQ 0%@1600 GR3D_FREQ 0%@614 APE 25 PLL@29.5C CPU@31.5C iwlwifi@32C PMIC@50C GPU@29.5C AO@40.5C thermal@30.5C POM_5V_IN 1731/1966 POM_5V_GPU 82/88 POM_5V_CPU 164/369
RAM 1381/3964MB (lfb 8x4MB) SWAP 773/6078MB (cached 36MB) IRAM 0/252kB(lfb 252kB) CPU [8%@921,5%@921,off,off] EMC_FREQ 0%@1600 GR3D_FREQ 0%@614 APE 25 PLL@29.5C CPU@31C iwlwifi@32C PMIC@50C GPU@29.5C AO@41C thermal@30.25C POM_5V_IN 1731/1966 POM_5V_GPU 82/88 POM_5V_CPU 164/369
RAM 1380/3964MB (lfb 8x4MB) SWAP 773/6078MB (cached 36MB) IRAM 0/252kB(lfb 252kB) CPU [8%@921,6%@921,off,off] EMC_FREQ 0%@1600 GR3D_FREQ 0%@614 APE 25 PLL@29.5C CPU@31.5C iwlwifi@32C PMIC@50C GPU@29.5C AO@40.5C thermal@30.75C POM_5V_IN 1689/1965 POM_5V_GPU 82/88 POM_5V_CPU 123/368
RAM 1367/3964MB (lfb 8x4MB) SWAP 773/6078MB (cached 36MB) IRAM 0/252kB(lfb 252kB) CPU [5%@921,4%@921,off,off] EMC_FREQ 0%@1600 GR3D_FREQ 0%@614 APE 25 PLL@29.5C CPU@31.5C iwlwifi@32C PMIC@50C GPU@29.5C AO@40.5C thermal@30.25C POM_5V_IN 1689/1965 POM_5V_GPU 82/88 POM_5V_CPU 164/368
RAM 1383/3964MB (lfb 8x4MB) SWAP 773/6078MB (cached 36MB) IRAM 0/252kB(lfb 252kB) CPU [10%@921,8%@921,off,off] EMC_FREQ 0%@1600 GR3D_FREQ 0%@614 APE 25 PLL@29.5C CPU@31C iwlwifi@32C PMIC@50C GPU@29.5C AO@40.5C thermal@30.25C POM_5V_IN 2136/1965 POM_5V_GPU 82/88 POM_5V_CPU 533/368
RAM 1375/3964MB (lfb 8x4MB) SWAP 773/6078MB (cached 36MB) IRAM 0/252kB(lfb 252kB) CPU [6%@921,5%@921,off,off] EMC_FREQ 0%@1600 GR3D_FREQ 0%@614 APE 25 PLL@29.5C CPU@31C iwlwifi@32C PMIC@50C GPU@29.5C AO@40.5C thermal@30.25C POM_5V_IN 1689/1965 POM_5V_GPU 82/88 POM_5V_CPU 164/368
RAM 1378/3964MB (lfb 8x4MB) SWAP 773/6078MB (cached 36MB) IRAM 0/252kB(lfb 252kB) CPU [8%@921,7%@921,off,off] EMC_FREQ 0%@1600 GR3D_FREQ 0%@614 APE 25 PLL@29.5C CPU@31.5C iwlwifi@32C PMIC@50C GPU@30C AO@40.5C thermal@30.5C POM_5V_IN 2256/1965 POM_5V_GPU 82/88 POM_5V_CPU 573/368
RAM 1386/3964MB (lfb 8x4MB) SWAP 773/6078MB (cached 36MB) IRAM 0/252kB(lfb 252kB) CPU [5%@921,9%@921,off,off] EMC_FREQ 0%@1600 GR3D_FREQ 0%@614 APE 25 PLL@30C CPU@31.5C iwlwifi@32C PMIC@50C GPU@29.5C AO@41C thermal@30.25C POM_5V_IN 2215/1965 POM_5V_GPU 82/88 POM_5V_CPU 574/369
RAM 1383/3964MB (lfb 8x4MB) SWAP 773/6078MB (cached 36MB) IRAM 0/252kB(lfb 252kB) CPU [6%@921,8%@921,off,off] EMC_FREQ 0%@1600 GR3D_FREQ 0%@614 APE 25 PLL@29.5C CPU@31.5C iwlwifi@32C PMIC@50C GPU@30C AO@41C thermal@30.5C POM_5V_IN 1851/1965 POM_5V_GPU 82/88 POM_5V_CPU 246/368
RAM 1381/3964MB (lfb 8x4MB) SWAP 773/6078MB (cached 36MB) IRAM 0/252kB(lfb 252kB) CPU [7%@921,6%@921,off,off] EMC_FREQ 0%@1600 GR3D_FREQ 0%@614 APE 25 PLL@29.5C CPU@31.5C iwlwifi@32C PMIC@50C GPU@30C AO@40.5C thermal@30.5C POM_5V_IN 1731/1965 POM_5V_GPU 82/87 POM_5V_CPU 164/368
RAM 1381/3964MB (lfb 8x4MB) SWAP 773/6078MB (cached 36MB) IRAM 0/252kB(lfb 252kB) CPU [6%@921,7%@921,off,off] EMC_FREQ 0%@1600 GR3D_FREQ 0%@614 APE 25 PLL@29.5C CPU@31C iwlwifi@32C PMIC@50C GPU@29.5C AO@41C thermal@30.25C POM_5V_IN 1731/1965 POM_5V_GPU 82/87 POM_5V_CPU 164/368
RAM 1383/3964MB (lfb 8x4MB) SWAP 773/6078MB (cached 36MB) IRAM 0/252kB(lfb 252kB) CPU [9%@921,5%@921,off,off] EMC_FREQ 0%@1600 GR3D_FREQ 0%@614 APE 25 PLL@29.5C CPU@31C iwlwifi@32C PMIC@50C GPU@30C AO@40.5C thermal@30.5C POM_5V_IN 1689/1965 POM_5V_GPU 82/87 POM_5V_CPU 164/368
RAM 1385/3964MB (lfb 8x4MB) SWAP 773/6078MB (cached 36MB) IRAM 0/252kB(lfb 252kB) CPU [7%@921,6%@921,off,off] EMC_FREQ 0%@1600 GR3D_FREQ 0%@614 APE 25 PLL@29.5C CPU@31.5C iwlwifi@32C PMIC@50C GPU@30C AO@40.5C thermal@30.75C POM_5V_IN 1689/1965 POM_5V_GPU 82/87 POM_5V_CPU 123/368
RAM 1367/3964MB (lfb 8x4MB) SWAP 773/6078MB (cached 36MB) IRAM 0/252kB(lfb 252kB) CPU [7%@921,4%@921,off,off] EMC_FREQ 0%@1600 GR3D_FREQ 0%@614 APE 25 PLL@30C CPU@31C iwlwifi@32C PMIC@50C GPU@29.5C AO@40.5C thermal@30.25C POM_5V_IN 1731/1965 POM_5V_GPU 82/87 POM_5V_CPU 164/368
RAM 1385/3964MB (lfb 8x4MB) SWAP 773/6078MB (cached 36MB) IRAM 0/252kB(lfb 252kB) CPU [9%@921,8%@921,off,off] EMC_FREQ 0%@1600 GR3D_FREQ 0%@614 APE 25 PLL@29.5C CPU@31C iwlwifi@32C PMIC@50C GPU@29.5C AO@40.5C thermal@31C POM_5V_IN 2136/1965 POM_5V_GPU 82/87 POM_5V_CPU 533/368
RAM 1370/3964MB (lfb 8x4MB) SWAP 773/6078MB (cached 36MB) IRAM 0/252kB(lfb 252kB) CPU [4%@921,7%@921,off,off] EMC_FREQ 0%@1600 GR3D_FREQ 0%@614 APE 25 PLL@29.5C CPU@31C iwlwifi@32C PMIC@50C GPU@29.5C AO@40.5C thermal@30.25C POM_5V_IN 1689/1965 POM_5V_GPU 82/87 POM_5V_CPU 164/368
RAM 1372/3964MB (lfb 8x4MB) SWAP 773/6078MB (cached 36MB) IRAM 0/252kB(lfb 252kB) CPU [6%@921,7%@921,off,off] EMC_FREQ 0%@1600 GR3D_FREQ 0%@614 APE 25 PLL@30C CPU@31.5C iwlwifi@32C PMIC@50C GPU@30C AO@40.5C thermal@30.5C POM_5V_IN 2136/1965 POM_5V_GPU 82/87 POM_5V_CPU 533/368
RAM 1372/3964MB (lfb 8x4MB) SWAP 773/6078MB (cached 36MB) IRAM 0/252kB(lfb 252kB) CPU [8%@921,6%@921,off,off] EMC_FREQ 0%@1600 GR3D_FREQ 0%@614 APE 25 PLL@30C CPU@31C iwlwifi@32C PMIC@50C GPU@29.5C AO@40.5C thermal@30.5C POM_5V_IN 2215/1965 POM_5V_GPU 82/87 POM_5V_CPU 492/368
RAM 1380/3964MB (lfb 8x4MB) SWAP 773/6078MB (cached 36MB) IRAM 0/252kB(lfb 252kB) CPU [6%@921,8%@921,off,off] EMC_FREQ 0%@1600 GR3D_FREQ 0%@614 APE 25 PLL@30C CPU@31.5C iwlwifi@32C PMIC@50C GPU@30C AO@40.5C thermal@30.75C POM_5V_IN 2293/1965 POM_5V_GPU 81/87 POM_5V_CPU 573/368
RAM 1376/3964MB (lfb 8x4MB) SWAP 773/6078MB (cached 36MB) IRAM 0/252kB(lfb 252kB) CPU [5%@921,9%@921,off,off] EMC_FREQ 0%@1600 GR3D_FREQ 0%@614 APE 25 PLL@30C CPU@31.5C iwlwifi@32C PMIC@50C GPU@30C AO@40.5C thermal@30.5C POM_5V_IN 2054/1965 POM_5V_GPU 82/87 POM_5V_CPU 410/368
RAM 1372/3964MB (lfb 8x4MB) SWAP 773/6078MB (cached 36MB) IRAM 0/252kB(lfb 252kB) CPU [8%@921,5%@921,off,off] EMC_FREQ 0%@1600 GR3D_FREQ 0%@614 APE 25 PLL@30C CPU@31C iwlwifi@32C PMIC@50C GPU@30C AO@41C thermal@30.5C POM_5V_IN 2297/1965 POM_5V_GPU 82/87 POM_5V_CPU 573/368
RAM 1377/3964MB (lfb 8x4MB) SWAP 773/6078MB (cached 36MB) IRAM 0/252kB(lfb 252kB) CPU [8%@921,8%@921,off,off] EMC_FREQ 0%@1600 GR3D_FREQ 0%@614 APE 25 PLL@30C CPU@31.5C iwlwifi@32C PMIC@50C GPU@29.5C AO@41C thermal@30.25C POM_5V_IN 2297/1965 POM_5V_GPU 82/87 POM_5V_CPU 573/368
RAM 1389/3964MB (lfb 8x4MB) SWAP 773/6078MB (cached 36MB) IRAM 0/252kB(lfb 252kB) CPU [6%@921,8%@921,off,off] EMC_FREQ 0%@1600 GR3D_FREQ 0%@614 APE 25 PLL@30C CPU@31.5C iwlwifi@32C PMIC@50C GPU@29.5C AO@41C thermal@30.5C POM_5V_IN 2293/1966 POM_5V_GPU 81/87 POM_5V_CPU 573/368
RAM 1385/3964MB (lfb 8x4MB) SWAP 773/6078MB (cached 36MB) IRAM 0/252kB(lfb 252kB) CPU [8%@921,6%@921,off,off] EMC_FREQ 0%@1600 GR3D_FREQ 0%@614 APE 25 PLL@29.5C CPU@31C iwlwifi@32C PMIC@50C GPU@30C AO@40.5C thermal@30.5C POM_5V_IN 1851/1966 POM_5V_GPU 82/87 POM_5V_CPU 288/368
RAM 1380/3964MB (lfb 8x4MB) SWAP 773/6078MB (cached 36MB) IRAM 0/252kB(lfb 252kB) CPU [8%@921,6%@921,off,off] EMC_FREQ 0%@1600 GR3D_FREQ 0%@614 APE 25 PLL@29.5C CPU@31.5C iwlwifi@32C PMIC@50C GPU@29.5C AO@41C thermal@30.75C POM_5V_IN 1769/1965 POM_5V_GPU 82/87 POM_5V_CPU 205/368
RAM 1385/3964MB (lfb 8x4MB) SWAP 773/6078MB (cached 36MB) IRAM 0/252kB(lfb 252kB) CPU [7%@921,6%@921,off,off] EMC_FREQ 0%@1600 GR3D_FREQ 0%@614 APE 25 PLL@29.5C CPU@31C iwlwifi@32C PMIC@50C GPU@29.5C AO@40.5C thermal@30.75C POM_5V_IN 1731/1965 POM_5V_GPU 82/87 POM_5V_CPU 164/368
RAM 1383/3964MB (lfb 8x4MB) SWAP 773/6078MB (cached 36MB) IRAM 0/252kB(lfb 252kB) CPU [9%@921,5%@921,off,off] EMC_FREQ 0%@1600 GR3D_FREQ 0%@614 APE 25 PLL@29.5C CPU@31.5C iwlwifi@32C PMIC@50C GPU@30C AO@40.5C thermal@30.5C POM_5V_IN 1934/1965 POM_5V_GPU 82/87 POM_5V_CPU 369/368
RAM 1383/3964MB (lfb 8x4MB) SWAP 773/6078MB (cached 36MB) IRAM 0/252kB(lfb 252kB) CPU [5%@921,7%@921,off,off] EMC_FREQ 0%@1600 GR3D_FREQ 0%@614 APE 25 PLL@29.5C CPU@31.5C iwlwifi@32C PMIC@50C GPU@29.5C AO@40.5C thermal@30.25C POM_5V_IN 1689/1965 POM_5V_GPU 82/87 POM_5V_CPU 164/368
RAM 1382/3964MB (lfb 8x4MB) SWAP 773/6078MB (cached 36MB) IRAM 0/252kB(lfb 252kB) CPU [5%@921,8%@921,off,off] EMC_FREQ 0%@1600 GR3D_FREQ 0%@614 APE 25 PLL@29.5C CPU@31C iwlwifi@32C PMIC@50C GPU@30C AO@41C thermal@30.25C POM_5V_IN 1689/1965 POM_5V_GPU 82/87 POM_5V_CPU 164/368
RAM 1369/3964MB (lfb 8x4MB) SWAP 773/6078MB (cached 36MB) IRAM 0/252kB(lfb 252kB) CPU [5%@921,5%@921,off,off] EMC_FREQ 0%@1600 GR3D_FREQ 0%@614 APE 25 PLL@29.5C CPU@31.5C iwlwifi@32C PMIC@50C GPU@30C AO@41C thermal@30.75C POM_5V_IN 1689/1965 POM_5V_GPU 82/87 POM_5V_CPU 164/368
RAM 1383/3964MB (lfb 8x4MB) SWAP 773/6078MB (cached 36MB) IRAM 0/252kB(lfb 252kB) CPU [10%@921,8%@921,off,off] EMC_FREQ 0%@1600 GR3D_FREQ 0%@614 APE 25 PLL@29.5C CPU@31.5C iwlwifi@32C PMIC@50C GPU@29.5C AO@40.5C thermal@30.75C POM_5V_IN 2136/1965 POM_5V_GPU 82/87 POM_5V_CPU 533/368
RAM 1368/3964MB (lfb 8x4MB) SWAP 773/6078MB (cached 36MB) IRAM 0/252kB(lfb 252kB) CPU [6%@921,5%@921,off,off] EMC_FREQ 0%@1600 GR3D_FREQ 0%@614 APE 25 PLL@29.5C CPU@31.5C iwlwifi@32C PMIC@50C GPU@29.5C AO@40C thermal@30.5C POM_5V_IN 1689/1965 POM_5V_GPU 82/87 POM_5V_CPU 123/368
RAM 1369/3964MB (lfb 8x4MB) SWAP 773/6078MB (cached 36MB) IRAM 0/252kB(lfb 252kB) CPU [5%@921,10%@921,off,off] EMC_FREQ 0%@1600 GR3D_FREQ 0%@614 APE 25 PLL@30C CPU@31.5C iwlwifi@32C PMIC@50C GPU@30C AO@41C thermal@30.75C POM_5V_IN 2129/1965 POM_5V_GPU 81/87 POM_5V_CPU 532/368
RAM 1373/3964MB (lfb 8x4MB) SWAP 773/6078MB (cached 36MB) IRAM 0/252kB(lfb 252kB) CPU [6%@921,8%@921,off,off] EMC_FREQ 0%@1600 GR3D_FREQ 0%@614 APE 25 PLL@29.5C CPU@31.5C iwlwifi@32C PMIC@50C GPU@30C AO@40.5C thermal@30.5C POM_5V_IN 2174/1965 POM_5V_GPU 82/87 POM_5V_CPU 574/368
RAM 1387/3964MB (lfb 8x4MB) SWAP 773/6078MB (cached 36MB) IRAM 0/252kB(lfb 252kB) CPU [6%@921,9%@921,off,off] EMC_FREQ 0%@1600 GR3D_FREQ 0%@614 APE 25 PLL@30C CPU@32C iwlwifi@32C PMIC@50C GPU@30C AO@41C thermal@30.5C POM_5V_IN 2256/1965 POM_5V_GPU 82/87 POM_5V_CPU 573/368
RAM 1383/3964MB (lfb 8x4MB) SWAP 773/6078MB (cached 36MB) IRAM 0/252kB(lfb 252kB) CPU [6%@921,7%@921,off,off] EMC_FREQ 0%@1600 GR3D_FREQ 0%@614 APE 25 PLL@30C CPU@31C iwlwifi@32C PMIC@50C GPU@30C AO@40.5C thermal@30.5C POM_5V_IN 1813/1965 POM_5V_GPU 82/87 POM_5V_CPU 205/368
RAM 1381/3964MB (lfb 8x4MB) SWAP 773/6078MB (cached 36MB) IRAM 0/252kB(lfb 252kB) CPU [8%@921,6%@921,off,off] EMC_FREQ 0%@1600 GR3D_FREQ 0%@614 APE 25 PLL@29.5C CPU@31.5C iwlwifi@32C PMIC@50C GPU@30C AO@40.5C thermal@30.5C POM_5V_IN 1731/1965 POM_5V_GPU 82/87 POM_5V_CPU 164/368
RAM 1385/3964MB (lfb 8x4MB) SWAP 773/6078MB (cached 36MB) IRAM 0/252kB(lfb 252kB) CPU [9%@921,4%@921,off,off] EMC_FREQ 0%@1600 GR3D_FREQ 0%@614 APE 25 PLL@29.5C CPU@31C iwlwifi@32C PMIC@50C GPU@30C AO@41C thermal@30.5C POM_5V_IN 1689/1965 POM_5V_GPU 82/87 POM_5V_CPU 164/368
RAM 1385/3964MB (lfb 8x4MB) SWAP 773/6078MB (cached 36MB) IRAM 0/252kB(lfb 252kB) CPU [5%@921,9%@921,off,off] EMC_FREQ 0%@1600 GR3D_FREQ 0%@614 APE 25 PLL@30C CPU@31.5C iwlwifi@32C PMIC@50C GPU@29.5C AO@40.5C thermal@30.5C POM_5V_IN 1689/1965 POM_5V_GPU 82/87 POM_5V_CPU 164/368
RAM 1385/3964MB (lfb 8x4MB) SWAP 773/6078MB (cached 36MB) IRAM 0/252kB(lfb 252kB) CPU [8%@921,5%@921,off,off] EMC_FREQ 0%@1600 GR3D_FREQ 0%@614 APE 25 PLL@30C CPU@31.5C iwlwifi@32C PMIC@50C GPU@29.5C AO@40.5C thermal@30.5C POM_5V_IN 1689/1965 POM_5V_GPU 82/87 POM_5V_CPU 164/368
RAM 1381/3964MB (lfb 8x4MB) SWAP 773/6078MB (cached 36MB) IRAM 0/252kB(lfb 252kB) CPU [7%@921,7%@921,off,off] EMC_FREQ 0%@1600 GR3D_FREQ 0%@614 APE 25 PLL@29.5C CPU@31.5C iwlwifi@32C PMIC@50C GPU@29.5C AO@41C thermal@30.5C POM_5V_IN 1689/1964 POM_5V_GPU 82/87 POM_5V_CPU 164/368
RAM 1369/3964MB (lfb 8x4MB) SWAP 773/6078MB (cached 36MB) IRAM 0/252kB(lfb 252kB) CPU [3%@921,6%@921,off,off] EMC_FREQ 0%@1600 GR3D_FREQ 0%@614 APE 25 PLL@29.5C CPU@31.5C iwlwifi@32C PMIC@50C GPU@29.5C AO@40.5C thermal@30.5C POM_5V_IN 1689/1964 POM_5V_GPU 82/87 POM_5V_CPU 164/367
RAM 1385/3964MB (lfb 8x4MB) SWAP 773/6078MB (cached 36MB) IRAM 0/252kB(lfb 252kB) CPU [9%@921,7%@921,off,off] EMC_FREQ 0%@1600 GR3D_FREQ 0%@614 APE 25 PLL@29.5C CPU@32C iwlwifi@32C PMIC@50C GPU@29.5C AO@40.5C thermal@30.5C POM_5V_IN 2136/1964 POM_5V_GPU 82/87 POM_5V_CPU 533/368
RAM 1372/3964MB (lfb 8x4MB) SWAP 773/6078MB (cached 36MB) IRAM 0/252kB(lfb 252kB) CPU [5%@921,7%@921,off,off] EMC_FREQ 0%@1600 GR3D_FREQ 0%@614 APE 25 PLL@29.5C CPU@31.5C iwlwifi@32C PMIC@50C GPU@30C AO@41C thermal@30.25C POM_5V_IN 1689/1964 POM_5V_GPU 82/87 POM_5V_CPU 164/367
RAM 1378/3964MB (lfb 8x4MB) SWAP 773/6078MB (cached 36MB) IRAM 0/252kB(lfb 252kB) CPU [7%@921,8%@921,off,off] EMC_FREQ 0%@1600 GR3D_FREQ 0%@614 APE 25 PLL@29.5C CPU@31.5C iwlwifi@32C PMIC@50C GPU@30C AO@41C thermal@30.75C POM_5V_IN 2174/1964 POM_5V_GPU 82/87 POM_5V_CPU 492/368
RAM 1388/3964MB (lfb 8x4MB) SWAP 773/6078MB (cached 36MB) IRAM 0/252kB(lfb 252kB) CPU [8%@921,7%@921,off,off] EMC_FREQ 0%@1600 GR3D_FREQ 0%@614 APE 25 PLL@29.5C CPU@31.5C iwlwifi@32C PMIC@50C GPU@30C AO@41C thermal@30.5C POM_5V_IN 2256/1964 POM_5V_GPU 82/87 POM_5V_CPU 574/368
RAM 1383/3964MB (lfb 8x4MB) SWAP 773/6078MB (cached 36MB) IRAM 0/252kB(lfb 252kB) CPU [7%@921,7%@921,off,off] EMC_FREQ 0%@1600 GR3D_FREQ 0%@614 APE 25 PLL@30C CPU@31.5C iwlwifi@32C PMIC@50C GPU@30C AO@41C thermal@30.75C POM_5V_IN 1934/1964 POM_5V_GPU 82/87 POM_5V_CPU 329/368
RAM 1381/3964MB (lfb 8x4MB) SWAP 773/6078MB (cached 36MB) IRAM 0/252kB(lfb 252kB) CPU [7%@921,7%@921,off,off] EMC_FREQ 0%@1600 GR3D_FREQ 0%@614 APE 25 PLL@30C CPU@31.5C iwlwifi@32C PMIC@50C GPU@29.5C AO@40.5C thermal@30.5C POM_5V_IN 1772/1964 POM_5V_GPU 82/87 POM_5V_CPU 206/368
RAM 1381/3964MB (lfb 8x4MB) SWAP 773/6078MB (cached 36MB) IRAM 0/252kB(lfb 252kB) CPU [5%@921,9%@921,off,off] EMC_FREQ 0%@1600 GR3D_FREQ 0%@614 APE 25 PLL@29.5C CPU@31.5C iwlwifi@32C PMIC@50C GPU@30C AO@41C thermal@30.25C POM_5V_IN 1689/1964 POM_5V_GPU 82/87 POM_5V_CPU 164/367
RAM 1385/3964MB (lfb 8x4MB) SWAP 773/6078MB (cached 36MB) IRAM 0/252kB(lfb 252kB) CPU [7%@921,7%@921,off,off] EMC_FREQ 0%@1600 GR3D_FREQ 0%@614 APE 25 PLL@29.5C CPU@31.5C iwlwifi@32C PMIC@50C GPU@29.5C AO@41C thermal@30.25C POM_5V_IN 1689/1964 POM_5V_GPU 82/87 POM_5V_CPU 164/367
RAM 1381/3964MB (lfb 8x4MB) SWAP 773/6078MB (cached 36MB) IRAM 0/252kB(lfb 252kB) CPU [8%@921,5%@921,off,off] EMC_FREQ 0%@1600 GR3D_FREQ 0%@614 APE 25 PLL@29.5C CPU@31.5C iwlwifi@32C PMIC@50C GPU@29.5C AO@40.5C thermal@30.75C POM_5V_IN 1689/1964 POM_5V_GPU 82/87 POM_5V_CPU 164/367
RAM 1385/3964MB (lfb 8x4MB) SWAP 773/6078MB (cached 36MB) IRAM 0/252kB(lfb 252kB) CPU [8%@921,5%@921,off,off] EMC_FREQ 0%@1600 GR3D_FREQ 0%@614 APE 25 PLL@29.5C CPU@31C iwlwifi@32C PMIC@50C GPU@30C AO@40.5C thermal@30.75C POM_5V_IN 1689/1964 POM_5V_GPU 82/87 POM_5V_CPU 164/367
RAM 1366/3964MB (lfb 8x4MB) SWAP 773/6078MB (cached 36MB) IRAM 0/252kB(lfb 252kB) CPU [4%@921,5%@921,off,off] EMC_FREQ 0%@1600 GR3D_FREQ 0%@614 APE 25 PLL@29.5C CPU@31.5C iwlwifi@32C PMIC@50C GPU@30C AO@40.5C thermal@30.5C POM_5V_IN 1689/1964 POM_5V_GPU 82/87 POM_5V_CPU 164/367
RAM 1385/3964MB (lfb 8x4MB) SWAP 773/6078MB (cached 36MB) IRAM 0/252kB(lfb 252kB) CPU [8%@921,9%@921,off,off] EMC_FREQ 0%@1600 GR3D_FREQ 0%@614 APE 25 PLL@29.5C CPU@31C iwlwifi@32C PMIC@50C GPU@30C AO@40.5C thermal@30.25C POM_5V_IN 2136/1964 POM_5V_GPU 82/87 POM_5V_CPU 533/367
RAM 1368/3964MB (lfb 8x4MB) SWAP 773/6078MB (cached 36MB) IRAM 0/252kB(lfb 252kB) CPU [6%@921,4%@921,off,off] EMC_FREQ 0%@1600 GR3D_FREQ 0%@614 APE 25 PLL@29.5C CPU@31C iwlwifi@32C PMIC@50C GPU@29.5C AO@40.5C thermal@30.75C POM_5V_IN 1689/1964 POM_5V_GPU 82/87 POM_5V_CPU 164/367
RAM 1374/3964MB (lfb 8x4MB) SWAP 773/6078MB (cached 36MB) IRAM 0/252kB(lfb 252kB) CPU [8%@921,7%@921,off,off] EMC_FREQ 0%@1600 GR3D_FREQ 0%@614 APE 25 PLL@29.5C CPU@31.5C iwlwifi@32C PMIC@50C GPU@29.5C AO@41C thermal@30.5C POM_5V_IN 2136/1964 POM_5V_GPU 82/87 POM_5V_CPU 533/367
RAM 1376/3964MB (lfb 8x4MB) SWAP 773/6078MB (cached 36MB) IRAM 0/252kB(lfb 252kB) CPU [7%@921,7%@921,off,off] EMC_FREQ 0%@1600 GR3D_FREQ 0%@614 APE 25 PLL@29.5C CPU@31.5C iwlwifi@32C PMIC@50C GPU@30C AO@41C thermal@30.5C POM_5V_IN 2416/1964 POM_5V_GPU 81/87 POM_5V_CPU 573/367
RAM 1389/3964MB (lfb 8x4MB) SWAP 773/6078MB (cached 36MB) IRAM 0/252kB(lfb 252kB) CPU [6%@921,8%@921,off,off] EMC_FREQ 0%@1600 GR3D_FREQ 0%@614 APE 25 PLL@29.5C CPU@31.5C iwlwifi@32C PMIC@50C GPU@29.5C AO@41C thermal@30.5C POM_5V_IN 2375/1964 POM_5V_GPU 81/87 POM_5V_CPU 532/367
RAM 1385/3964MB (lfb 8x4MB) SWAP 773/6078MB (cached 36MB) IRAM 0/252kB(lfb 252kB) CPU [7%@921,7%@921,off,off] EMC_FREQ 0%@1600 GR3D_FREQ 0%@614 APE 25 PLL@29.5C CPU@31.5C iwlwifi@32C PMIC@50C GPU@30C AO@40.5C thermal@30.75C POM_5V_IN 1810/1964 POM_5V_GPU 82/87 POM_5V_CPU 246/367
RAM 1383/3964MB (lfb 8x4MB) SWAP 773/6078MB (cached 36MB) IRAM 0/252kB(lfb 252kB) CPU [11%@921,2%@921,off,off] EMC_FREQ 0%@1600 GR3D_FREQ 0%@614 APE 25 PLL@29.5C CPU@31C iwlwifi@32C PMIC@50C GPU@29.5C AO@40.5C thermal@30.25C POM_5V_IN 1851/1964 POM_5V_GPU 82/87 POM_5V_CPU 246/367
RAM 1381/3964MB (lfb 8x4MB) SWAP 773/6078MB (cached 36MB) IRAM 0/252kB(lfb 252kB) CPU [7%@921,7%@921,off,off] EMC_FREQ 0%@1600 GR3D_FREQ 0%@614 APE 25 PLL@29C CPU@31.5C iwlwifi@32C PMIC@50C GPU@30C AO@41C thermal@30.5C POM_5V_IN 1689/1964 POM_5V_GPU 82/87 POM_5V_CPU 123/367
RAM 1382/3964MB (lfb 8x4MB) SWAP 773/6078MB (cached 36MB) IRAM 0/252kB(lfb 252kB) CPU [5%@921,8%@921,off,off] EMC_FREQ 0%@1600 GR3D_FREQ 0%@614 APE 25 PLL@29.5C CPU@31.5C iwlwifi@32C PMIC@50C GPU@30C AO@40.5C thermal@30.5C POM_5V_IN 1731/1964 POM_5V_GPU 82/87 POM_5V_CPU 164/367
RAM 1385/3964MB (lfb 8x4MB) SWAP 773/6078MB (cached 36MB) IRAM 0/252kB(lfb 252kB) CPU [5%@921,8%@921,off,off] EMC_FREQ 0%@1600 GR3D_FREQ 0%@614 APE 25 PLL@29C CPU@31C iwlwifi@32C PMIC@50C GPU@30C AO@40.5C thermal@30.25C POM_5V_IN 1689/1964 POM_5V_GPU 82/87 POM_5V_CPU 164/367
RAM 1385/3964MB (lfb 8x4MB) SWAP 773/6078MB (cached 36MB) IRAM 0/252kB(lfb 252kB) CPU [6%@921,6%@921,off,off] EMC_FREQ 0%@1600 GR3D_FREQ 0%@614 APE 25 PLL@29.5C CPU@31C iwlwifi@32C PMIC@50C GPU@29.5C AO@40.5C thermal@30.5C POM_5V_IN 1689/1963 POM_5V_GPU 82/87 POM_5V_CPU 164/367
RAM 1369/3964MB (lfb 8x4MB) SWAP 773/6078MB (cached 36MB) IRAM 0/252kB(lfb 252kB) CPU [5%@921,5%@921,off,off] EMC_FREQ 0%@1600 GR3D_FREQ 0%@614 APE 25 PLL@29.5C CPU@31C iwlwifi@32C PMIC@50C GPU@30C AO@40.5C thermal@30.25C POM_5V_IN 1689/1963 POM_5V_GPU 82/87 POM_5V_CPU 164/367
RAM 1383/3964MB (lfb 8x4MB) SWAP 773/6078MB (cached 36MB) IRAM 0/252kB(lfb 252kB) CPU [10%@921,7%@921,off,off] EMC_FREQ 0%@1600 GR3D_FREQ 0%@614 APE 25 PLL@29.5C CPU@31C iwlwifi@32C PMIC@50C GPU@29.5C AO@40.5C thermal@30.25C POM_5V_IN 2136/1963 POM_5V_GPU 82/87 POM_5V_CPU 533/367
RAM 1367/3964MB (lfb 8x4MB) SWAP 773/6078MB (cached 36MB) IRAM 0/252kB(lfb 252kB) CPU [5%@921,6%@921,off,off] EMC_FREQ 0%@1600 GR3D_FREQ 0%@614 APE 25 PLL@29.5C CPU@31C iwlwifi@32C PMIC@50C GPU@30C AO@41C thermal@30.5C POM_5V_IN 1689/1963 POM_5V_GPU 82/87 POM_5V_CPU 164/367
RAM 1372/3964MB (lfb 8x4MB) SWAP 773/6078MB (cached 36MB) IRAM 0/252kB(lfb 252kB) CPU [7%@921,7%@921,off,off] EMC_FREQ 0%@1600 GR3D_FREQ 0%@614 APE 25 PLL@29.5C CPU@31C iwlwifi@32C PMIC@50C GPU@29.5C AO@40.5C thermal@30.5C POM_5V_IN 2136/1963 POM_5V_GPU 82/87 POM_5V_CPU 533/367
RAM 1372/3964MB (lfb 8x4MB) SWAP 773/6078MB (cached 36MB) IRAM 0/252kB(lfb 252kB) CPU [7%@921,7%@921,off,off] EMC_FREQ 0%@1600 GR3D_FREQ 0%@614 APE 25 PLL@29.5C CPU@31C iwlwifi@32C PMIC@50C GPU@30C AO@41C thermal@30.25C POM_5V_IN 2215/1963 POM_5V_GPU 82/87 POM_5V_CPU 492/367
RAM 1380/3964MB (lfb 8x4MB) SWAP 773/6078MB (cached 36MB) IRAM 0/252kB(lfb 252kB) CPU [5%@921,9%@921,off,off] EMC_FREQ 0%@1600 GR3D_FREQ 0%@614 APE 25 PLL@29.5C CPU@31C iwlwifi@32C PMIC@50C GPU@29.5C AO@41C thermal@30.5C POM_5V_IN 2334/1964 POM_5V_GPU 81/87 POM_5V_CPU 573/367
RAM 1385/3964MB (lfb 8x4MB) SWAP 773/6078MB (cached 36MB) IRAM 0/252kB(lfb 252kB) CPU [9%@921,5%@921,off,off] EMC_FREQ 0%@1600 GR3D_FREQ 0%@614 APE 25 PLL@29.5C CPU@31C iwlwifi@32C PMIC@50C GPU@30C AO@41C thermal@30.25C POM_5V_IN 2133/1964 POM_5V_GPU 82/87 POM_5V_CPU 492/367
RAM 1383/3964MB (lfb 8x4MB) SWAP 773/6078MB (cached 36MB) IRAM 0/252kB(lfb 252kB) CPU [6%@921,7%@921,off,off] EMC_FREQ 0%@1600 GR3D_FREQ 0%@614 APE 25 PLL@29.5C CPU@31.5C iwlwifi@32C PMIC@50C GPU@29.5C AO@40.5C thermal@30.25C POM_5V_IN 1731/1964 POM_5V_GPU 82/87 POM_5V_CPU 164/367
RAM 1381/3964MB (lfb 8x4MB) SWAP 773/6078MB (cached 36MB) IRAM 0/252kB(lfb 252kB) CPU [8%@921,6%@921,off,off] EMC_FREQ 0%@1600 GR3D_FREQ 0%@614 APE 25 PLL@29.5C CPU@31C iwlwifi@32C PMIC@50C GPU@30C AO@41C thermal@30.25C POM_5V_IN 1689/1964 POM_5V_GPU 82/87 POM_5V_CPU 164/367
RAM 1383/3964MB (lfb 8x4MB) SWAP 773/6078MB (cached 36MB) IRAM 0/252kB(lfb 252kB) CPU [8%@921,5%@921,off,off] EMC_FREQ 0%@1600 GR3D_FREQ 0%@614 APE 25 PLL@29.5C CPU@31.5C iwlwifi@32C PMIC@50C GPU@29.5C AO@41C thermal@30.25C POM_5V_IN 1731/1963 POM_5V_GPU 82/87 POM_5V_CPU 164/367
RAM 1364/3964MB (lfb 8x4MB) SWAP 773/6078MB (cached 36MB) IRAM 0/252kB(lfb 252kB) CPU [3%@921,6%@921,off,off] EMC_FREQ 0%@1600 GR3D_FREQ 0%@614 APE 25 PLL@29.5C CPU@31.5C iwlwifi@32C PMIC@50C GPU@29.5C AO@40.5C thermal@30.5C POM_5V_IN 1689/1963 POM_5V_GPU 82/87 POM_5V_CPU 164/366
RAM 1381/3964MB (lfb 8x4MB) SWAP 773/6078MB (cached 36MB) IRAM 0/252kB(lfb 252kB) CPU [8%@921,10%@921,off,off] EMC_FREQ 0%@1600 GR3D_FREQ 0%@614 APE 25 PLL@30C CPU@31.5C iwlwifi@32C PMIC@50C GPU@29.5C AO@40.5C thermal@30.25C POM_5V_IN 2095/1963 POM_5V_GPU 82/87 POM_5V_CPU 533/367
RAM 1366/3964MB (lfb 8x4MB) SWAP 773/6078MB (cached 36MB) IRAM 0/252kB(lfb 252kB) CPU [5%@921,4%@921,off,off] EMC_FREQ 0%@1600 GR3D_FREQ 0%@614 APE 25 PLL@29.5C CPU@31C iwlwifi@32C PMIC@50C GPU@29.5C AO@41C thermal@30.25C POM_5V_IN 1689/1963 POM_5V_GPU 82/87 POM_5V_CPU 164/366
RAM 1381/3964MB (lfb 8x4MB) SWAP 773/6078MB (cached 36MB) IRAM 0/252kB(lfb 252kB) CPU [11%@921,6%@921,off,off] EMC_FREQ 0%@1600 GR3D_FREQ 0%@614 APE 25 PLL@29.5C CPU@31C iwlwifi@32C PMIC@50C GPU@29.5C AO@40.5C thermal@30.25C POM_5V_IN 2136/1963 POM_5V_GPU 82/87 POM_5V_CPU 533/367
RAM 1370/3964MB (lfb 8x4MB) SWAP 773/6078MB (cached 36MB) IRAM 0/252kB(lfb 252kB) CPU [6%@921,6%@921,off,off] EMC_FREQ 0%@1600 GR3D_FREQ 0%@614 APE 25 PLL@29.5C CPU@31C iwlwifi@32C PMIC@50C GPU@30C AO@40.5C thermal@30.5C POM_5V_IN 1689/1963 POM_5V_GPU 82/87 POM_5V_CPU 164/366
RAM 1376/3964MB (lfb 8x4MB) SWAP 773/6078MB (cached 36MB) IRAM 0/252kB(lfb 252kB) CPU [8%@921,6%@921,off,off] EMC_FREQ 0%@1600 GR3D_FREQ 0%@614 APE 25 PLL@29.5C CPU@31.5C iwlwifi@32C PMIC@50C GPU@29.5C AO@40.5C thermal@30.25C POM_5V_IN 2297/1963 POM_5V_GPU 82/87 POM_5V_CPU 573/367
RAM 1387/3964MB (lfb 8x4MB) SWAP 773/6078MB (cached 36MB) IRAM 0/252kB(lfb 252kB) CPU [8%@921,5%@921,off,off] EMC_FREQ 0%@1600 GR3D_FREQ 0%@614 APE 25 PLL@29.5C CPU@31.5C iwlwifi@32C PMIC@50C GPU@30C AO@40.5C thermal@30.5C POM_5V_IN 2215/1963 POM_5V_GPU 82/87 POM_5V_CPU 574/367
RAM 1385/3964MB (lfb 8x4MB) SWAP 773/6078MB (cached 36MB) IRAM 0/252kB(lfb 252kB) CPU [6%@921,8%@921,off,off] EMC_FREQ 0%@1600 GR3D_FREQ 0%@614 APE 25 PLL@29.5C CPU@31.5C iwlwifi@32C PMIC@50C GPU@30C AO@40.5C thermal@30.5C POM_5V_IN 1851/1963 POM_5V_GPU 82/87 POM_5V_CPU 288/367
RAM 1381/3964MB (lfb 8x4MB) SWAP 773/6078MB (cached 36MB) IRAM 0/252kB(lfb 252kB) CPU [8%@921,6%@921,off,off] EMC_FREQ 0%@1600 GR3D_FREQ 0%@614 APE 25 PLL@30C CPU@31C iwlwifi@32C PMIC@50C GPU@30C AO@41C thermal@30.75C POM_5V_IN 1731/1963 POM_5V_GPU 82/87 POM_5V_CPU 164/367
RAM 1385/3964MB (lfb 8x4MB) SWAP 773/6078MB (cached 36MB) IRAM 0/252kB(lfb 252kB) CPU [6%@921,7%@921,off,off] EMC_FREQ 0%@1600 GR3D_FREQ 0%@614 APE 25 PLL@29.5C CPU@31.5C iwlwifi@32C PMIC@50C GPU@29.5C AO@40.5C thermal@30.75C POM_5V_IN 1772/1963 POM_5V_GPU 82/87 POM_5V_CPU 206/366
RAM 1383/3964MB (lfb 8x4MB) SWAP 773/6078MB (cached 36MB) IRAM 0/252kB(lfb 252kB) CPU [7%@921,6%@921,off,off] EMC_FREQ 0%@1600 GR3D_FREQ 0%@614 APE 25 PLL@29.5C CPU@31.5C iwlwifi@32C PMIC@50C GPU@30C AO@40.5C thermal@30.25C POM_5V_IN 1731/1963 POM_5V_GPU 82/87 POM_5V_CPU 164/366
RAM 1385/3964MB (lfb 8x4MB) SWAP 773/6078MB (cached 36MB) IRAM 0/252kB(lfb 252kB) CPU [7%@921,7%@921,off,off] EMC_FREQ 0%@1600 GR3D_FREQ 0%@614 APE 25 PLL@29.5C CPU@31C iwlwifi@32C PMIC@50C GPU@29.5C AO@40.5C thermal@30.25C POM_5V_IN 1689/1963 POM_5V_GPU 82/87 POM_5V_CPU 164/366
RAM 1365/3964MB (lfb 8x4MB) SWAP 773/6078MB (cached 36MB) IRAM 0/252kB(lfb 252kB) CPU [5%@921,4%@921,off,off] EMC_FREQ 0%@1600 GR3D_FREQ 0%@614 APE 25 PLL@29.5C CPU@31.5C iwlwifi@32C PMIC@50C GPU@30C AO@40.5C thermal@30.25C POM_5V_IN 1689/1963 POM_5V_GPU 82/87 POM_5V_CPU 164/366
RAM 1381/3964MB (lfb 8x4MB) SWAP 773/6078MB (cached 36MB) IRAM 0/252kB(lfb 252kB) CPU [9%@921,9%@921,off,off] EMC_FREQ 0%@1600 GR3D_FREQ 0%@614 APE 25 PLL@29.5C CPU@31.5C iwlwifi@32C PMIC@50C GPU@29.5C AO@40.5C thermal@30.25C POM_5V_IN 2095/1963 POM_5V_GPU 82/87 POM_5V_CPU 533/366
RAM 1370/3964MB (lfb 8x4MB) SWAP 773/6078MB (cached 36MB) IRAM 0/252kB(lfb 252kB) CPU [5%@921,5%@921,off,off] EMC_FREQ 0%@1600 GR3D_FREQ 0%@614 APE 25 PLL@29.5C CPU@31C iwlwifi@32C PMIC@50C GPU@29.5C AO@41C thermal@30.5C POM_5V_IN 1731/1963 POM_5V_GPU 82/87 POM_5V_CPU 164/366
RAM 1374/3964MB (lfb 8x4MB) SWAP 773/6078MB (cached 36MB) IRAM 0/252kB(lfb 252kB) CPU [7%@921,7%@921,off,off] EMC_FREQ 0%@1600 GR3D_FREQ 0%@614 APE 25 PLL@29.5C CPU@31.5C iwlwifi@32C PMIC@50C GPU@29.5C AO@40.5C thermal@30.25C POM_5V_IN 2136/1963 POM_5V_GPU 82/87 POM_5V_CPU 533/366
RAM 1372/3964MB (lfb 8x4MB) SWAP 773/6078MB (cached 36MB) IRAM 0/252kB(lfb 252kB) CPU [6%@921,8%@921,off,off] EMC_FREQ 0%@1600 GR3D_FREQ 0%@614 APE 25 PLL@29.5C CPU@31.5C iwlwifi@32C PMIC@50C GPU@29.5C AO@40.5C thermal@30.25C POM_5V_IN 2215/1963 POM_5V_GPU 82/87 POM_5V_CPU 492/366
RAM 1378/3964MB (lfb 8x4MB) SWAP 773/6078MB (cached 36MB) IRAM 0/252kB(lfb 252kB) CPU [7%@921,8%@921,off,off] EMC_FREQ 0%@1600 GR3D_FREQ 0%@614 APE 25 PLL@30C CPU@31C iwlwifi@32C PMIC@50C GPU@30C AO@41C thermal@30.5C POM_5V_IN 2174/1963 POM_5V_GPU 82/87 POM_5V_CPU 492/366
RAM 1385/3964MB (lfb 8x4MB) SWAP 773/6078MB (cached 36MB) IRAM 0/252kB(lfb 252kB) CPU [8%@921,6%@921,off,off] EMC_FREQ 0%@1600 GR3D_FREQ 0%@614 APE 25 PLL@30C CPU@31.5C iwlwifi@32C PMIC@50C GPU@30C AO@41C thermal@30.25C POM_5V_IN 2136/1963 POM_5V_GPU 82/87 POM_5V_CPU 492/366
RAM 1382/3964MB (lfb 8x4MB) SWAP 773/6078MB (cached 36MB) IRAM 0/252kB(lfb 252kB) CPU [5%@921,8%@921,off,off] EMC_FREQ 0%@1600 GR3D_FREQ 0%@614 APE 25 PLL@30C CPU@31C iwlwifi@32C PMIC@50C GPU@29.5C AO@40.5C thermal@30.75C POM_5V_IN 1772/1963 POM_5V_GPU 82/87 POM_5V_CPU 206/366
RAM 1383/3964MB (lfb 8x4MB) SWAP 773/6078MB (cached 36MB) IRAM 0/252kB(lfb 252kB) CPU [9%@921,4%@921,off,off] EMC_FREQ 0%@1600 GR3D_FREQ 0%@614 APE 25 PLL@29.5C CPU@31C iwlwifi@32C PMIC@50C GPU@29.5C AO@40.5C thermal@30.75C POM_5V_IN 1731/1963 POM_5V_GPU 82/87 POM_5V_CPU 164/366
RAM 1383/3964MB (lfb 8x4MB) SWAP 773/6078MB (cached 36MB) IRAM 0/252kB(lfb 252kB) CPU [6%@921,7%@921,off,off] EMC_FREQ 0%@1600 GR3D_FREQ 0%@614 APE 25 PLL@29.5C CPU@31C iwlwifi@32C PMIC@50C GPU@29.5C AO@40.5C thermal@30.75C POM_5V_IN 1689/1963 POM_5V_GPU 82/87 POM_5V_CPU 164/366
RAM 1381/3964MB (lfb 8x4MB) SWAP 773/6078MB (cached 36MB) IRAM 0/252kB(lfb 252kB) CPU [6%@921,7%@921,off,off] EMC_FREQ 0%@1600 GR3D_FREQ 0%@614 APE 25 PLL@29.5C CPU@31.5C iwlwifi@32C PMIC@50C GPU@29.5C AO@40.5C thermal@30.25C POM_5V_IN 1731/1963 POM_5V_GPU 82/87 POM_5V_CPU 164/366
RAM 1385/3964MB (lfb 8x4MB) SWAP 773/6078MB (cached 36MB) IRAM 0/252kB(lfb 252kB) CPU [9%@921,4%@921,off,off] EMC_FREQ 0%@1600 GR3D_FREQ 0%@614 APE 25 PLL@29.5C CPU@31C iwlwifi@32C PMIC@50C GPU@29.5C AO@40.5C thermal@30.75C POM_5V_IN 1689/1963 POM_5V_GPU 82/87 POM_5V_CPU 164/366
RAM 1367/3964MB (lfb 8x4MB) SWAP 773/6078MB (cached 36MB) IRAM 0/252kB(lfb 252kB) CPU [7%@921,3%@921,off,off] EMC_FREQ 0%@1600 GR3D_FREQ 0%@614 APE 25 PLL@29.5C CPU@31C iwlwifi@32C PMIC@50C GPU@29.5C AO@41C thermal@30.25C POM_5V_IN 1728/1962 POM_5V_GPU 82/87 POM_5V_CPU 164/366
RAM 1386/3964MB (lfb 8x4MB) SWAP 773/6078MB (cached 36MB) IRAM 0/252kB(lfb 252kB) CPU [8%@921,9%@921,off,off] EMC_FREQ 0%@1600 GR3D_FREQ 0%@614 APE 25 PLL@30C CPU@31.5C iwlwifi@32C PMIC@50C GPU@29.5C AO@40.5C thermal@30.75C POM_5V_IN 2136/1962 POM_5V_GPU 82/87 POM_5V_CPU 533/366
RAM 1366/3964MB (lfb 8x4MB) SWAP 773/6078MB (cached 36MB) IRAM 0/252kB(lfb 252kB) CPU [7%@921,4%@921,off,off] EMC_FREQ 0%@1600 GR3D_FREQ 0%@614 APE 25 PLL@30C CPU@31C iwlwifi@32C PMIC@50C GPU@29.5C AO@41C thermal@30.25C POM_5V_IN 1689/1962 POM_5V_GPU 82/87 POM_5V_CPU 164/366
RAM 1386/3964MB (lfb 8x4MB) SWAP 773/6078MB (cached 36MB) IRAM 0/252kB(lfb 252kB) CPU [9%@921,7%@921,off,off] EMC_FREQ 0%@1600 GR3D_FREQ 0%@614 APE 25 PLL@29.5C CPU@31C iwlwifi@32C PMIC@50C GPU@29.5C AO@40.5C thermal@30.5C POM_5V_IN 2136/1962 POM_5V_GPU 82/87 POM_5V_CPU 533/366
RAM 1375/3964MB (lfb 8x4MB) SWAP 773/6078MB (cached 36MB) IRAM 0/252kB(lfb 252kB) CPU [7%@921,6%@921,off,off] EMC_FREQ 0%@1600 GR3D_FREQ 0%@614 APE 25 PLL@29.5C CPU@31C iwlwifi@32C PMIC@50C GPU@30C AO@41C thermal@30.5C POM_5V_IN 1689/1962 POM_5V_GPU 82/87 POM_5V_CPU 164/366
RAM 1390/3964MB (lfb 8x4MB) SWAP 773/6078MB (cached 36MB) IRAM 0/252kB(lfb 252kB) CPU [6%@921,8%@921,off,off] EMC_FREQ 0%@1600 GR3D_FREQ 0%@614 APE 25 PLL@29.5C CPU@32C iwlwifi@32C PMIC@50C GPU@29.5C AO@40.5C thermal@30.75C POM_5V_IN 2256/1962 POM_5V_GPU 82/87 POM_5V_CPU 573/366
RAM 1383/3964MB (lfb 8x4MB) SWAP 773/6078MB (cached 36MB) IRAM 0/252kB(lfb 252kB) CPU [6%@921,8%@921,off,off] EMC_FREQ 0%@1600 GR3D_FREQ 0%@614 APE 25 PLL@29.5C CPU@31.5C iwlwifi@32C PMIC@50C GPU@29.5C AO@41C thermal@30.25C POM_5V_IN 1975/1962 POM_5V_GPU 82/87 POM_5V_CPU 328/366
RAM 1381/3964MB (lfb 8x4MB) SWAP 773/6078MB (cached 36MB) IRAM 0/252kB(lfb 252kB) CPU [7%@921,7%@921,off,off] EMC_FREQ 0%@1600 GR3D_FREQ 0%@614 APE 25 PLL@29.5C CPU@31C iwlwifi@32C PMIC@50C GPU@29.5C AO@40.5C thermal@30.75C POM_5V_IN 1731/1962 POM_5V_GPU 82/87 POM_5V_CPU 164/366
RAM 1383/3964MB (lfb 8x4MB) SWAP 773/6078MB (cached 36MB) IRAM 0/252kB(lfb 252kB) CPU [7%@921,6%@921,off,off] EMC_FREQ 0%@1600 GR3D_FREQ 0%@614 APE 25 PLL@29.5C CPU@31.5C iwlwifi@32C PMIC@50C GPU@29.5C AO@40.5C thermal@30.5C POM_5V_IN 1689/1962 POM_5V_GPU 82/87 POM_5V_CPU 164/366
RAM 1383/3964MB (lfb 8x4MB) SWAP 773/6078MB (cached 36MB) IRAM 0/252kB(lfb 252kB) CPU [8%@921,6%@921,off,off] EMC_FREQ 0%@1600 GR3D_FREQ 0%@614 APE 25 PLL@30C CPU@31.5C iwlwifi@32C PMIC@50C GPU@29.5C AO@40.5C thermal@30.25C POM_5V_IN 1813/1962 POM_5V_GPU 82/87 POM_5V_CPU 246/366
RAM 1381/3964MB (lfb 8x4MB) SWAP 773/6078MB (cached 36MB) IRAM 0/252kB(lfb 252kB) CPU [5%@921,7%@921,off,off] EMC_FREQ 0%@1600 GR3D_FREQ 0%@614 APE 25 PLL@29.5C CPU@31C iwlwifi@32C PMIC@50C GPU@29.5C AO@40.5C thermal@30.75C POM_5V_IN 1972/1962 POM_5V_GPU 82/87 POM_5V_CPU 164/365
RAM 1365/3964MB (lfb 8x4MB) SWAP 773/6078MB (cached 36MB) IRAM 0/252kB(lfb 252kB) CPU [5%@921,5%@921,off,off] EMC_FREQ 0%@1600 GR3D_FREQ 0%@614 APE 25 PLL@30C CPU@31C iwlwifi@32C PMIC@50C GPU@29.5C AO@40.5C thermal@30.25C POM_5V_IN 1689/1962 POM_5V_GPU 82/87 POM_5V_CPU 164/365
RAM 1385/3964MB (lfb 8x4MB) SWAP 773/6078MB (cached 36MB) IRAM 0/252kB(lfb 252kB) CPU [9%@921,8%@921,off,off] EMC_FREQ 0%@1600 GR3D_FREQ 0%@614 APE 25 PLL@29.5C CPU@31C iwlwifi@32C PMIC@50C GPU@29.5C AO@40.5C thermal@30.5C POM_5V_IN 2095/1962 POM_5V_GPU 82/87 POM_5V_CPU 533/365
RAM 1369/3964MB (lfb 8x4MB) SWAP 773/6078MB (cached 36MB) IRAM 0/252kB(lfb 252kB) CPU [4%@921,7%@921,off,off] EMC_FREQ 0%@1600 GR3D_FREQ 0%@614 APE 25 PLL@29.5C CPU@31.5C iwlwifi@32C PMIC@50C GPU@29.5C AO@41C thermal@30.75C POM_5V_IN 1689/1962 POM_5V_GPU 82/87 POM_5V_CPU 164/365
RAM 1381/3964MB (lfb 8x4MB) SWAP 773/6078MB (cached 36MB) IRAM 0/252kB(lfb 252kB) CPU [7%@921,10%@921,off,off] EMC_FREQ 0%@1600 GR3D_FREQ 0%@614 APE 25 PLL@30C CPU@31.5C iwlwifi@32C PMIC@50C GPU@29.5C AO@40.5C thermal@30.25C POM_5V_IN 2133/1962 POM_5V_GPU 82/87 POM_5V_CPU 532/365
RAM 1373/3964MB (lfb 8x4MB) SWAP 773/6078MB (cached 36MB) IRAM 0/252kB(lfb 252kB) CPU [8%@921,4%@921,off,off] EMC_FREQ 0%@1600 GR3D_FREQ 0%@614 APE 25 PLL@30C CPU@31.5C iwlwifi@32C PMIC@50C GPU@29.5C AO@41C thermal@30.5C POM_5V_IN 1689/1962 POM_5V_GPU 82/87 POM_5V_CPU 164/365
RAM 1378/3964MB (lfb 8x4MB) SWAP 773/6078MB (cached 36MB) IRAM 0/252kB(lfb 252kB) CPU [8%@921,6%@921,off,off] EMC_FREQ 0%@1600 GR3D_FREQ 0%@614 APE 25 PLL@30C CPU@31.5C iwlwifi@32C PMIC@50C GPU@30C AO@41C thermal@30.75C POM_5V_IN 2174/1962 POM_5V_GPU 82/87 POM_5V_CPU 492/365
RAM 1376/3964MB (lfb 8x4MB) SWAP 773/6078MB (cached 36MB) IRAM 0/252kB(lfb 252kB) CPU [5%@921,9%@921,off,off] EMC_FREQ 0%@1600 GR3D_FREQ 0%@614 APE 25 PLL@30C CPU@31.5C iwlwifi@32C PMIC@50C GPU@29.5C AO@40.5C thermal@30.25C POM_5V_IN 2256/1962 POM_5V_GPU 82/87 POM_5V_CPU 574/366
RAM 1385/3964MB (lfb 8x4MB) SWAP 773/6078MB (cached 36MB) IRAM 0/252kB(lfb 252kB) CPU [8%@921,7%@921,off,off] EMC_FREQ 0%@1600 GR3D_FREQ 0%@614 APE 25 PLL@30C CPU@31C iwlwifi@32C PMIC@50C GPU@29.5C AO@40.5C thermal@30.25C POM_5V_IN 2215/1962 POM_5V_GPU 82/87 POM_5V_CPU 574/366
RAM 1383/3964MB (lfb 8x4MB) SWAP 773/6078MB (cached 36MB) IRAM 0/252kB(lfb 252kB) CPU [8%@921,6%@921,off,off] EMC_FREQ 0%@1600 GR3D_FREQ 0%@614 APE 25 PLL@29.5C CPU@31C iwlwifi@32C PMIC@50C GPU@30C AO@40.5C thermal@30.25C POM_5V_IN 1731/1962 POM_5V_GPU 82/87 POM_5V_CPU 164/366
RAM 1383/3964MB (lfb 8x4MB) SWAP 773/6078MB (cached 36MB) IRAM 0/252kB(lfb 252kB) CPU [8%@921,6%@921,off,off] EMC_FREQ 0%@1600 GR3D_FREQ 0%@614 APE 25 PLL@29.5C CPU@31C iwlwifi@32C PMIC@50C GPU@30C AO@40.5C thermal@30.25C POM_5V_IN 1689/1962 POM_5V_GPU 82/87 POM_5V_CPU 164/365
RAM 1383/3964MB (lfb 8x4MB) SWAP 773/6078MB (cached 36MB) IRAM 0/252kB(lfb 252kB) CPU [8%@921,6%@921,off,off] EMC_FREQ 0%@1600 GR3D_FREQ 0%@614 APE 25 PLL@29.5C CPU@31C iwlwifi@32C PMIC@50C GPU@29.5C AO@40.5C thermal@30.25C POM_5V_IN 1689/1962 POM_5V_GPU 82/87 POM_5V_CPU 164/365
RAM 1413/3964MB (lfb 8x4MB) SWAP 770/6078MB (cached 37MB) IRAM 0/252kB(lfb 252kB) CPU [12%@921,10%@921,off,off] EMC_FREQ 0%@1600 GR3D_FREQ 0%@614 APE 25 PLL@29.5C CPU@31.5C iwlwifi@32C PMIC@50C GPU@30C AO@40.5C thermal@30.25C POM_5V_IN 1689/1962 POM_5V_GPU 82/87 POM_5V_CPU 164/365
RAM 1388/3964MB (lfb 8x4MB) SWAP 770/6078MB (cached 37MB) IRAM 0/252kB(lfb 252kB) CPU [8%@921,7%@921,off,off] EMC_FREQ 0%@1600 GR3D_FREQ 0%@614 APE 25 PLL@29.5C CPU@31C iwlwifi@32C PMIC@50C GPU@29.5C AO@40.5C thermal@30.25C POM_5V_IN 1731/1962 POM_5V_GPU 82/87 POM_5V_CPU 206/365
RAM 1386/3964MB (lfb 8x4MB) SWAP 770/6078MB (cached 37MB) IRAM 0/252kB(lfb 252kB) CPU [7%@921,7%@921,off,off] EMC_FREQ 0%@1600 GR3D_FREQ 0%@614 APE 25 PLL@29.5C CPU@31C iwlwifi@32C PMIC@50C GPU@29.5C AO@40.5C thermal@30.25C POM_5V_IN 1689/1961 POM_5V_GPU 82/87 POM_5V_CPU 164/365
RAM 1386/3964MB (lfb 8x4MB) SWAP 770/6078MB (cached 37MB) IRAM 0/252kB(lfb 252kB) CPU [6%@921,7%@921,off,off] EMC_FREQ 0%@1600 GR3D_FREQ 0%@614 APE 25 PLL@29.5C CPU@31C iwlwifi@32C PMIC@50C GPU@29.5C AO@40.5C thermal@30.5C POM_5V_IN 1689/1961 POM_5V_GPU 82/87 POM_5V_CPU 164/365
RAM 1385/3964MB (lfb 8x4MB) SWAP 770/6078MB (cached 37MB) IRAM 0/252kB(lfb 252kB) CPU [9%@921,6%@921,off,off] EMC_FREQ 0%@1600 GR3D_FREQ 0%@614 APE 25 PLL@29.5C CPU@31.5C iwlwifi@32C PMIC@50C GPU@30C AO@40.5C thermal@30.25C POM_5V_IN 1689/1961 POM_5V_GPU 82/87 POM_5V_CPU 164/365
RAM 1371/3964MB (lfb 8x4MB) SWAP 770/6078MB (cached 37MB) IRAM 0/252kB(lfb 252kB) CPU [5%@921,4%@921,off,off] EMC_FREQ 0%@1600 GR3D_FREQ 0%@614 APE 25 PLL@29.5C CPU@31C iwlwifi@32C PMIC@50C GPU@29.5C AO@40.5C thermal@30.25C POM_5V_IN 1687/1961 POM_5V_GPU 82/87 POM_5V_CPU 164/365
RAM 1390/3964MB (lfb 8x4MB) SWAP 770/6078MB (cached 37MB) IRAM 0/252kB(lfb 252kB) CPU [8%@921,10%@921,off,off] EMC_FREQ 0%@1600 GR3D_FREQ 0%@614 APE 25 PLL@29.5C CPU@31.5C iwlwifi@32C PMIC@50C GPU@29.5C AO@40.5C thermal@30.5C POM_5V_IN 2136/1961 POM_5V_GPU 82/87 POM_5V_CPU 533/365
RAM 1376/3964MB (lfb 8x4MB) SWAP 770/6078MB (cached 37MB) IRAM 0/252kB(lfb 252kB) CPU [8%@921,3%@921,off,off] EMC_FREQ 0%@1600 GR3D_FREQ 0%@614 APE 25 PLL@29.5C CPU@31.5C iwlwifi@32C PMIC@50C GPU@30C AO@41C thermal@30.5C POM_5V_IN 1689/1961 POM_5V_GPU 82/87 POM_5V_CPU 123/365
RAM 1377/3964MB (lfb 8x4MB) SWAP 770/6078MB (cached 37MB) IRAM 0/252kB(lfb 252kB) CPU [6%@921,9%@921,off,off] EMC_FREQ 0%@1600 GR3D_FREQ 0%@614 APE 25 PLL@30C CPU@31.5C iwlwifi@32C PMIC@50C GPU@29.5C AO@41C thermal@30.5C POM_5V_IN 2174/1961 POM_5V_GPU 82/87 POM_5V_CPU 533/365
RAM 1382/3964MB (lfb 8x4MB) SWAP 770/6078MB (cached 37MB) IRAM 0/252kB(lfb 252kB) CPU [10%@921,4%@921,off,off] EMC_FREQ 0%@1600 GR3D_FREQ 0%@614 APE 25 PLL@29.5C CPU@31.5C iwlwifi@32C PMIC@50C GPU@30C AO@41C thermal@30.5C POM_5V_IN 2334/1961 POM_5V_GPU 82/87 POM_5V_CPU 532/365
RAM 1391/3964MB (lfb 8x4MB) SWAP 770/6078MB (cached 37MB) IRAM 0/252kB(lfb 252kB) CPU [5%@921,9%@921,off,off] EMC_FREQ 0%@1600 GR3D_FREQ 0%@614 APE 25 PLL@29.5C CPU@31.5C iwlwifi@32C PMIC@50C GPU@29.5C AO@41C thermal@30.5C POM_5V_IN 2215/1961 POM_5V_GPU 82/87 POM_5V_CPU 615/365
RAM 1391/3964MB (lfb 8x4MB) SWAP 770/6078MB (cached 37MB) IRAM 0/252kB(lfb 252kB) CPU [6%@921,8%@921,off,off] EMC_FREQ 0%@1600 GR3D_FREQ 0%@614 APE 25 PLL@30C CPU@31.5C iwlwifi@32C PMIC@50C GPU@29.5C AO@40.5C thermal@30.5C POM_5V_IN 1934/1961 POM_5V_GPU 82/87 POM_5V_CPU 329/365
RAM 1387/3964MB (lfb 8x4MB) SWAP 770/6078MB (cached 37MB) IRAM 0/252kB(lfb 252kB) CPU [5%@921,9%@921,off,off] EMC_FREQ 0%@1600 GR3D_FREQ 0%@614 APE 25 PLL@30C CPU@31.5C iwlwifi@32C PMIC@50C GPU@29.5C AO@40.5C thermal@30.25C POM_5V_IN 1851/1961 POM_5V_GPU 82/87 POM_5V_CPU 246/365
RAM 1386/3964MB (lfb 8x4MB) SWAP 770/6078MB (cached 37MB) IRAM 0/252kB(lfb 252kB) CPU [8%@921,6%@921,off,off] EMC_FREQ 0%@1600 GR3D_FREQ 0%@614 APE 25 PLL@29.5C CPU@31.5C iwlwifi@32C PMIC@50C GPU@29.5C AO@40.5C thermal@30.25C POM_5V_IN 1731/1961 POM_5V_GPU 82/87 POM_5V_CPU 164/365
RAM 1388/3964MB (lfb 8x4MB) SWAP 770/6078MB (cached 37MB) IRAM 0/252kB(lfb 252kB) CPU [8%@921,6%@921,off,off] EMC_FREQ 0%@1600 GR3D_FREQ 0%@614 APE 25 PLL@29.5C CPU@31.5C iwlwifi@32C PMIC@50C GPU@29.5C AO@40.5C thermal@30.5C POM_5V_IN 1689/1961 POM_5V_GPU 82/87 POM_5V_CPU 164/365
RAM 1388/3964MB (lfb 8x4MB) SWAP 770/6078MB (cached 37MB) IRAM 0/252kB(lfb 252kB) CPU [9%@921,5%@921,off,off] EMC_FREQ 0%@1600 GR3D_FREQ 0%@614 APE 25 PLL@29.5C CPU@31.5C iwlwifi@32C PMIC@50C GPU@29.5C AO@40.5C thermal@30.5C POM_5V_IN 1689/1961 POM_5V_GPU 82/87 POM_5V_CPU 164/365
RAM 1370/3964MB (lfb 8x4MB) SWAP 770/6078MB (cached 37MB) IRAM 0/252kB(lfb 252kB) CPU [7%@921,3%@921,off,off] EMC_FREQ 0%@1600 GR3D_FREQ 0%@614 APE 25 PLL@29.5C CPU@31.5C iwlwifi@32C PMIC@50C GPU@29.5C AO@40.5C thermal@30.5C POM_5V_IN 1689/1961 POM_5V_GPU 82/87 POM_5V_CPU 164/365
RAM 1385/3964MB (lfb 8x4MB) SWAP 770/6078MB (cached 37MB) IRAM 0/252kB(lfb 252kB) CPU [9%@921,9%@921,off,off] EMC_FREQ 0%@1600 GR3D_FREQ 0%@614 APE 25 PLL@29.5C CPU@31.5C iwlwifi@32C PMIC@50C GPU@29.5C AO@40.5C thermal@30.5C POM_5V_IN 2136/1961 POM_5V_GPU 82/87 POM_5V_CPU 533/365
RAM 1373/3964MB (lfb 8x4MB) SWAP 770/6078MB (cached 37MB) IRAM 0/252kB(lfb 252kB) CPU [5%@921,5%@921,off,off] EMC_FREQ 0%@1600 GR3D_FREQ 0%@614 APE 25 PLL@30C CPU@31.5C iwlwifi@32C PMIC@50C GPU@30C AO@40.5C thermal@30.75C POM_5V_IN 1689/1961 POM_5V_GPU 82/87 POM_5V_CPU 164/365
RAM 1389/3964MB (lfb 8x4MB) SWAP 770/6078MB (cached 37MB) IRAM 0/252kB(lfb 252kB) CPU [5%@921,11%@921,off,off] EMC_FREQ 0%@1600 GR3D_FREQ 0%@614 APE 25 PLL@29.5C CPU@31.5C iwlwifi@32C PMIC@50C GPU@30C AO@40C thermal@30.5C POM_5V_IN 2136/1961 POM_5V_GPU 82/87 POM_5V_CPU 533/365
RAM 1380/3964MB (lfb 8x4MB) SWAP 770/6078MB (cached 37MB) IRAM 0/252kB(lfb 252kB) CPU [7%@921,5%@921,off,off] EMC_FREQ 0%@1600 GR3D_FREQ 0%@614 APE 25 PLL@29.5C CPU@31.5C iwlwifi@32C PMIC@50C GPU@30C AO@41C thermal@30.75C POM_5V_IN 1689/1961 POM_5V_GPU 82/87 POM_5V_CPU 164/364
RAM 1391/3964MB (lfb 8x4MB) SWAP 770/6078MB (cached 37MB) IRAM 0/252kB(lfb 252kB) CPU [7%@921,11%@921,off,off] EMC_FREQ 0%@1600 GR3D_FREQ 0%@614 APE 25 PLL@29.5C CPU@31.5C iwlwifi@32C PMIC@50C GPU@29.5C AO@40.5C thermal@30.75C POM_5V_IN 2334/1961 POM_5V_GPU 81/87 POM_5V_CPU 573/365
RAM 1388/3964MB (lfb 8x4MB) SWAP 770/6078MB (cached 37MB) IRAM 0/252kB(lfb 252kB) CPU [9%@921,6%@921,off,off] EMC_FREQ 0%@1600 GR3D_FREQ 0%@614 APE 25 PLL@30C CPU@31C iwlwifi@32C PMIC@50C GPU@30C AO@40.5C thermal@30.75C POM_5V_IN 2054/1961 POM_5V_GPU 82/87 POM_5V_CPU 410/365
RAM 1385/3964MB (lfb 8x4MB) SWAP 770/6078MB (cached 37MB) IRAM 0/252kB(lfb 252kB) CPU [7%@921,7%@921,off,off] EMC_FREQ 0%@1600 GR3D_FREQ 0%@614 APE 25 PLL@29.5C CPU@32C iwlwifi@32C PMIC@50C GPU@29.5C AO@40.5C thermal@30.75C POM_5V_IN 1772/1961 POM_5V_GPU 82/87 POM_5V_CPU 206/365
RAM 1389/3964MB (lfb 8x4MB) SWAP 770/6078MB (cached 37MB) IRAM 0/252kB(lfb 252kB) CPU [5%@921,8%@921,off,off] EMC_FREQ 0%@1600 GR3D_FREQ 0%@614 APE 25 PLL@29.5C CPU@31C iwlwifi@32C PMIC@50C GPU@30C AO@40.5C thermal@30.5C POM_5V_IN 1731/1961 POM_5V_GPU 82/87 POM_5V_CPU 164/364
RAM 1388/3964MB (lfb 8x4MB) SWAP 770/6078MB (cached 37MB) IRAM 0/252kB(lfb 252kB) CPU [6%@921,7%@921,off,off] EMC_FREQ 0%@1600 GR3D_FREQ 0%@614 APE 25 PLL@29.5C CPU@31.5C iwlwifi@32C PMIC@50C GPU@30C AO@40C thermal@30.5C POM_5V_IN 1689/1961 POM_5V_GPU 82/87 POM_5V_CPU 164/364
RAM 1388/3964MB (lfb 8x4MB) SWAP 770/6078MB (cached 37MB) IRAM 0/252kB(lfb 252kB) CPU [7%@921,6%@921,off,off] EMC_FREQ 0%@1600 GR3D_FREQ 0%@614 APE 25 PLL@29.5C CPU@31C iwlwifi@32C PMIC@50C GPU@29.5C AO@40.5C thermal@30.75C POM_5V_IN 1689/1961 POM_5V_GPU 82/87 POM_5V_CPU 164/364
RAM 1386/3964MB (lfb 8x4MB) SWAP 770/6078MB (cached 37MB) IRAM 0/252kB(lfb 252kB) CPU [8%@921,5%@921,off,off] EMC_FREQ 0%@1600 GR3D_FREQ 0%@614 APE 25 PLL@29.5C CPU@31.5C iwlwifi@32C PMIC@50C GPU@29.5C AO@40.5C thermal@30.5C POM_5V_IN 1689/1960 POM_5V_GPU 82/87 POM_5V_CPU 164/364
RAM 1386/3964MB (lfb 8x4MB) SWAP 770/6078MB (cached 37MB) IRAM 0/252kB(lfb 252kB) CPU [8%@921,5%@921,off,off] EMC_FREQ 0%@1600 GR3D_FREQ 0%@614 APE 25 PLL@29.5C CPU@31.5C iwlwifi@32C PMIC@50C GPU@29.5C AO@40.5C thermal@30.5C POM_5V_IN 1731/1960 POM_5V_GPU 82/87 POM_5V_CPU 164/364
RAM 1374/3964MB (lfb 8x4MB) SWAP 770/6078MB (cached 37MB) IRAM 0/252kB(lfb 252kB) CPU [6%@921,5%@921,off,off] EMC_FREQ 0%@1600 GR3D_FREQ 0%@614 APE 25 PLL@29.5C CPU@31C iwlwifi@32C PMIC@50C GPU@30C AO@40.5C thermal@30.25C POM_5V_IN 1689/1960 POM_5V_GPU 82/87 POM_5V_CPU 164/364
RAM 1386/3964MB (lfb 8x4MB) SWAP 770/6078MB (cached 37MB) IRAM 0/252kB(lfb 252kB) CPU [7%@921,9%@921,off,off] EMC_FREQ 0%@1600 GR3D_FREQ 0%@614 APE 25 PLL@29.5C CPU@31C iwlwifi@32C PMIC@50C GPU@29.5C AO@40C thermal@30.75C POM_5V_IN 2136/1960 POM_5V_GPU 82/87 POM_5V_CPU 533/364
RAM 1379/3964MB (lfb 8x4MB) SWAP 770/6078MB (cached 37MB) IRAM 0/252kB(lfb 252kB) CPU [7%@921,5%@921,off,off] EMC_FREQ 0%@1600 GR3D_FREQ 0%@614 APE 25 PLL@29.5C CPU@31C iwlwifi@32C PMIC@50C GPU@29.5C AO@40.5C thermal@30.5C POM_5V_IN 1689/1960 POM_5V_GPU 82/87 POM_5V_CPU 164/364
RAM 1380/3964MB (lfb 8x4MB) SWAP 770/6078MB (cached 37MB) IRAM 0/252kB(lfb 252kB) CPU [6%@921,8%@921,off,off] EMC_FREQ 0%@1600 GR3D_FREQ 0%@614 APE 25 PLL@30C CPU@31.5C iwlwifi@32C PMIC@50C GPU@29.5C AO@41C thermal@30.75C POM_5V_IN 2293/1960 POM_5V_GPU 81/87 POM_5V_CPU 573/364
RAM 1393/3964MB (lfb 8x4MB) SWAP 770/6078MB (cached 37MB) IRAM 0/252kB(lfb 252kB) CPU [9%@921,6%@921,off,off] EMC_FREQ 0%@1600 GR3D_FREQ 0%@614 APE 25 PLL@30C CPU@31.5C iwlwifi@32C PMIC@50C GPU@30C AO@40.5C thermal@30.5C POM_5V_IN 2256/1960 POM_5V_GPU 82/87 POM_5V_CPU 573/364
RAM 1388/3964MB (lfb 8x4MB) SWAP 770/6078MB (cached 37MB) IRAM 0/252kB(lfb 252kB) CPU [7%@921,7%@921,off,off] EMC_FREQ 0%@1600 GR3D_FREQ 0%@614 APE 25 PLL@29.5C CPU@31.5C iwlwifi@32C PMIC@50C GPU@30C AO@40.5C thermal@30.5C POM_5V_IN 1975/1960 POM_5V_GPU 82/87 POM_5V_CPU 369/364
RAM 1386/3964MB (lfb 8x4MB) SWAP 770/6078MB (cached 37MB) IRAM 0/252kB(lfb 252kB) CPU [6%@921,7%@921,off,off] EMC_FREQ 0%@1600 GR3D_FREQ 0%@614 APE 25 PLL@29.5C CPU@31C iwlwifi@32C PMIC@50C GPU@29.5C AO@40.5C thermal@30.5C POM_5V_IN 1731/1960 POM_5V_GPU 82/87 POM_5V_CPU 164/364
RAM 1387/3964MB (lfb 8x4MB) SWAP 770/6078MB (cached 37MB) IRAM 0/252kB(lfb 252kB) CPU [7%@921,6%@921,off,off] EMC_FREQ 0%@1600 GR3D_FREQ 0%@614 APE 25 PLL@29.5C CPU@31.5C iwlwifi@32C PMIC@50C GPU@29.5C AO@41C thermal@30.25C POM_5V_IN 1731/1960 POM_5V_GPU 82/87 POM_5V_CPU 164/364
RAM 1386/3964MB (lfb 8x4MB) SWAP 770/6078MB (cached 37MB) IRAM 0/252kB(lfb 252kB) CPU [4%@921,9%@921,off,off] EMC_FREQ 0%@1600 GR3D_FREQ 0%@614 APE 25 PLL@29.5C CPU@31C iwlwifi@32C PMIC@50C GPU@30C AO@40.5C thermal@30.75C POM_5V_IN 1689/1960 POM_5V_GPU 82/87 POM_5V_CPU 164/364
RAM 1388/3964MB (lfb 8x4MB) SWAP 770/6078MB (cached 37MB) IRAM 0/252kB(lfb 252kB) CPU [8%@921,5%@921,off,off] EMC_FREQ 0%@1600 GR3D_FREQ 0%@614 APE 25 PLL@29.5C CPU@31C iwlwifi@32C PMIC@50C GPU@30C AO@40.5C thermal@30.25C POM_5V_IN 1689/1960 POM_5V_GPU 82/87 POM_5V_CPU 123/364
RAM 1367/3964MB (lfb 8x4MB) SWAP 770/6078MB (cached 37MB) IRAM 0/252kB(lfb 252kB) CPU [3%@921,5%@921,off,off] EMC_FREQ 0%@1600 GR3D_FREQ 0%@614 APE 25 PLL@29.5C CPU@31C iwlwifi@32C PMIC@50C GPU@29.5C AO@40.5C thermal@30.5C POM_5V_IN 1689/1960 POM_5V_GPU 82/87 POM_5V_CPU 164/364
RAM 1385/3964MB (lfb 8x4MB) SWAP 770/6078MB (cached 37MB) IRAM 0/252kB(lfb 252kB) CPU [7%@921,11%@921,off,off] EMC_FREQ 0%@1600 GR3D_FREQ 0%@614 APE 25 PLL@29.5C CPU@31C iwlwifi@32C PMIC@50C GPU@29.5C AO@41C thermal@30.75C POM_5V_IN 2095/1960 POM_5V_GPU 82/87 POM_5V_CPU 533/364
RAM 1374/3964MB (lfb 8x4MB) SWAP 770/6078MB (cached 37MB) IRAM 0/252kB(lfb 252kB) CPU [6%@921,4%@921,off,off] EMC_FREQ 0%@1600 GR3D_FREQ 0%@614 APE 25 PLL@29.5C CPU@31C iwlwifi@32C PMIC@50C GPU@29.5C AO@40.5C thermal@30.25C POM_5V_IN 1689/1960 POM_5V_GPU 82/87 POM_5V_CPU 164/364
RAM 1389/3964MB (lfb 8x4MB) SWAP 770/6078MB (cached 37MB) IRAM 0/252kB(lfb 252kB) CPU [10%@921,8%@921,off,off] EMC_FREQ 0%@1600 GR3D_FREQ 0%@614 APE 25 PLL@29.5C CPU@32C iwlwifi@32C PMIC@50C GPU@29.5C AO@40.5C thermal@30.5C POM_5V_IN 2136/1960 POM_5V_GPU 82/87 POM_5V_CPU 533/364
RAM 1379/3964MB (lfb 8x4MB) SWAP 770/6078MB (cached 37MB) IRAM 0/252kB(lfb 252kB) CPU [7%@921,4%@921,off,off] EMC_FREQ 0%@1600 GR3D_FREQ 0%@614 APE 25 PLL@29.5C CPU@31C iwlwifi@32C PMIC@50C GPU@30C AO@40.5C thermal@30.5C POM_5V_IN 1689/1960 POM_5V_GPU 82/87 POM_5V_CPU 164/364
RAM 1380/3964MB (lfb 8x4MB) SWAP 770/6078MB (cached 37MB) IRAM 0/252kB(lfb 252kB) CPU [7%@921,6%@921,off,off] EMC_FREQ 0%@1600 GR3D_FREQ 0%@614 APE 25 PLL@29.5C CPU@31.5C iwlwifi@32C PMIC@50C GPU@30C AO@40.5C thermal@30.5C POM_5V_IN 2256/1960 POM_5V_GPU 82/87 POM_5V_CPU 574/364
RAM 1393/3964MB (lfb 8x4MB) SWAP 770/6078MB (cached 37MB) IRAM 0/252kB(lfb 252kB) CPU [9%@921,5%@921,off,off] EMC_FREQ 0%@1600 GR3D_FREQ 0%@614 APE 25 PLL@29.5C CPU@31.5C iwlwifi@32C PMIC@50C GPU@30C AO@40.5C thermal@30.75C POM_5V_IN 2215/1960 POM_5V_GPU 82/87 POM_5V_CPU 574/364
RAM 1388/3964MB (lfb 8x4MB) SWAP 770/6078MB (cached 37MB) IRAM 0/252kB(lfb 252kB) CPU [6%@921,8%@921,off,off] EMC_FREQ 0%@1600 GR3D_FREQ 0%@614 APE 25 PLL@29.5C CPU@31.5C iwlwifi@32C PMIC@50C GPU@30C AO@41C thermal@30.5C POM_5V_IN 1813/1960 POM_5V_GPU 82/87 POM_5V_CPU 246/364
RAM 1389/3964MB (lfb 8x4MB) SWAP 770/6078MB (cached 37MB) IRAM 0/252kB(lfb 252kB) CPU [9%@921,4%@921,off,off] EMC_FREQ 0%@1600 GR3D_FREQ 0%@614 APE 25 PLL@29.5C CPU@31.5C iwlwifi@32C PMIC@50C GPU@29.5C AO@40.5C thermal@30.75C POM_5V_IN 1772/1960 POM_5V_GPU 82/87 POM_5V_CPU 206/364
RAM 1388/3964MB (lfb 8x4MB) SWAP 770/6078MB (cached 37MB) IRAM 0/252kB(lfb 252kB) CPU [7%@921,6%@921,off,off] EMC_FREQ 0%@1600 GR3D_FREQ 0%@614 APE 25 PLL@29.5C CPU@31.5C iwlwifi@32C PMIC@50C GPU@30C AO@41C thermal@30.5C POM_5V_IN 1731/1960 POM_5V_GPU 82/87 POM_5V_CPU 164/364
RAM 1390/3964MB (lfb 8x4MB) SWAP 770/6078MB (cached 37MB) IRAM 0/252kB(lfb 252kB) CPU [6%@921,8%@921,off,off] EMC_FREQ 0%@1600 GR3D_FREQ 0%@614 APE 25 PLL@30C CPU@31C iwlwifi@32C PMIC@50C GPU@29.5C AO@40.5C thermal@30.75C POM_5V_IN 1813/1960 POM_5V_GPU 82/87 POM_5V_CPU 246/364
RAM 1390/3964MB (lfb 8x4MB) SWAP 770/6078MB (cached 37MB) IRAM 0/252kB(lfb 252kB) CPU [9%@921,4%@921,off,off] EMC_FREQ 0%@1600 GR3D_FREQ 0%@614 APE 25 PLL@29C CPU@31C iwlwifi@32C PMIC@50C GPU@29.5C AO@40.5C thermal@30.5C POM_5V_IN 1731/1960 POM_5V_GPU 82/87 POM_5V_CPU 164/363
RAM 1372/3964MB (lfb 8x4MB) SWAP 770/6078MB (cached 37MB) IRAM 0/252kB(lfb 252kB) CPU [5%@921,4%@921,off,off] EMC_FREQ 0%@1600 GR3D_FREQ 0%@614 APE 25 PLL@29C CPU@31C iwlwifi@32C PMIC@50C GPU@29.5C AO@41C thermal@30.5C POM_5V_IN 1689/1959 POM_5V_GPU 82/87 POM_5V_CPU 164/363
RAM 1389/3964MB (lfb 8x4MB) SWAP 770/6078MB (cached 37MB) IRAM 0/252kB(lfb 252kB) CPU [8%@921,9%@921,off,off] EMC_FREQ 0%@1600 GR3D_FREQ 0%@614 APE 25 PLL@29.5C CPU@31.5C iwlwifi@32C PMIC@50C GPU@30C AO@40.5C thermal@30.75C POM_5V_IN 2136/1959 POM_5V_GPU 82/87 POM_5V_CPU 533/363
RAM 1374/3964MB (lfb 8x4MB) SWAP 770/6078MB (cached 37MB) IRAM 0/252kB(lfb 252kB) CPU [6%@921,5%@921,off,off] EMC_FREQ 0%@1600 GR3D_FREQ 0%@614 APE 25 PLL@29C CPU@31C iwlwifi@32C PMIC@50C GPU@29.5C AO@41C thermal@30.75C POM_5V_IN 1689/1959 POM_5V_GPU 82/87 POM_5V_CPU 164/363
RAM 1375/3964MB (lfb 8x4MB) SWAP 770/6078MB (cached 37MB) IRAM 0/252kB(lfb 252kB) CPU [8%@921,5%@921,off,off] EMC_FREQ 0%@1600 GR3D_FREQ 0%@614 APE 25 PLL@29.5C CPU@31C iwlwifi@32C PMIC@50C GPU@30C AO@40.5C thermal@30.5C POM_5V_IN 2133/1959 POM_5V_GPU 82/87 POM_5V_CPU 533/363
RAM 1378/3964MB (lfb 8x4MB) SWAP 770/6078MB (cached 37MB) IRAM 0/252kB(lfb 252kB) CPU [8%@921,7%@921,off,off] EMC_FREQ 0%@1600 GR3D_FREQ 0%@614 APE 25 PLL@30C CPU@31C iwlwifi@32C PMIC@50C GPU@30C AO@40.5C thermal@30.5C POM_5V_IN 2170/1960 POM_5V_GPU 81/87 POM_5V_CPU 532/363
RAM 1376/3964MB (lfb 8x4MB) SWAP 770/6078MB (cached 37MB) IRAM 0/252kB(lfb 252kB) CPU [4%@921,9%@921,off,off] EMC_FREQ 0%@1600 GR3D_FREQ 0%@614 APE 25 PLL@30C CPU@31C iwlwifi@32C PMIC@50C GPU@30C AO@41C thermal@30.25C POM_5V_IN 2297/1960 POM_5V_GPU 82/87 POM_5V_CPU 574/364
RAM 1379/3964MB (lfb 8x4MB) SWAP 770/6078MB (cached 37MB) IRAM 0/252kB(lfb 252kB) CPU [8%@921,7%@921,off,off] EMC_FREQ 0%@1600 GR3D_FREQ 0%@614 APE 25 PLL@29.5C CPU@31.5C iwlwifi@32C PMIC@50C GPU@29.5C AO@40.5C thermal@30.25C POM_5V_IN 2174/1960 POM_5V_GPU 82/87 POM_5V_CPU 492/364
RAM 1375/3964MB (lfb 8x4MB) SWAP 770/6078MB (cached 37MB) IRAM 0/252kB(lfb 252kB) CPU [7%@921,7%@921,off,off] EMC_FREQ 0%@1600 GR3D_FREQ 0%@614 APE 25 PLL@29.5C CPU@31.5C iwlwifi@32C PMIC@50C GPU@29.5C AO@41C thermal@30.25C POM_5V_IN 2174/1960 POM_5V_GPU 82/87 POM_5V_CPU 533/364
RAM 1378/3964MB (lfb 8x4MB) SWAP 770/6078MB (cached 37MB) IRAM 0/252kB(lfb 252kB) CPU [10%@921,5%@921,off,off] EMC_FREQ 0%@1600 GR3D_FREQ 0%@614 APE 25 PLL@29.5C CPU@31.5C iwlwifi@32C PMIC@50C GPU@29.5C AO@40.5C thermal@30.5C POM_5V_IN 2256/1960 POM_5V_GPU 82/87 POM_5V_CPU 573/364
RAM 1381/3964MB (lfb 8x4MB) SWAP 770/6078MB (cached 37MB) IRAM 0/252kB(lfb 252kB) CPU [7%@921,6%@921,off,off] EMC_FREQ 0%@1600 GR3D_FREQ 0%@614 APE 25 PLL@29.5C CPU@31C iwlwifi@32C PMIC@50C GPU@30C AO@40.5C thermal@30.5C POM_5V_IN 2256/1960 POM_5V_GPU 82/87 POM_5V_CPU 573/364
RAM 1386/3964MB (lfb 8x4MB) SWAP 770/6078MB (cached 37MB) IRAM 0/252kB(lfb 252kB) CPU [7%@921,7%@921,off,off] EMC_FREQ 0%@1600 GR3D_FREQ 0%@614 APE 25 PLL@29.5C CPU@31.5C iwlwifi@32C PMIC@50C GPU@29.5C AO@41C thermal@30.75C POM_5V_IN 2252/1960 POM_5V_GPU 81/87 POM_5V_CPU 614/364
RAM 1385/3964MB (lfb 8x4MB) SWAP 770/6078MB (cached 37MB) IRAM 0/252kB(lfb 252kB) CPU [5%@921,8%@921,off,off] EMC_FREQ 0%@1600 GR3D_FREQ 0%@614 APE 25 PLL@29.5C CPU@31.5C iwlwifi@32C PMIC@50C GPU@30C AO@40.5C thermal@30.25C POM_5V_IN 1731/1960 POM_5V_GPU 82/87 POM_5V_CPU 164/364
RAM 1385/3964MB (lfb 8x4MB) SWAP 770/6078MB (cached 37MB) IRAM 0/252kB(lfb 252kB) CPU [8%@921,5%@921,off,off] EMC_FREQ 0%@1600 GR3D_FREQ 0%@614 APE 25 PLL@29.5C CPU@31C iwlwifi@32C PMIC@50C GPU@30C AO@41C thermal@30.25C POM_5V_IN 1731/1960 POM_5V_GPU 82/87 POM_5V_CPU 164/364
RAM 1389/3964MB (lfb 8x4MB) SWAP 770/6078MB (cached 37MB) IRAM 0/252kB(lfb 252kB) CPU [6%@921,8%@921,off,off] EMC_FREQ 0%@1600 GR3D_FREQ 0%@614 APE 25 PLL@29.5C CPU@31.5C iwlwifi@32C PMIC@50C GPU@30C AO@40.5C thermal@30.25C POM_5V_IN 1689/1960 POM_5V_GPU 82/87 POM_5V_CPU 164/364
RAM 1387/3964MB (lfb 8x4MB) SWAP 770/6078MB (cached 37MB) IRAM 0/252kB(lfb 252kB) CPU [7%@921,6%@921,off,off] EMC_FREQ 0%@1600 GR3D_FREQ 0%@614 APE 25 PLL@29.5C CPU@31C iwlwifi@32C PMIC@50C GPU@30C AO@40C thermal@30.75C POM_5V_IN 1689/1960 POM_5V_GPU 82/87 POM_5V_CPU 123/364
RAM 1368/3964MB (lfb 8x4MB) SWAP 770/6078MB (cached 37MB) IRAM 0/252kB(lfb 252kB) CPU [4%@921,5%@921,off,off] EMC_FREQ 0%@1600 GR3D_FREQ 0%@614 APE 25 PLL@29.5C CPU@31C iwlwifi@32C PMIC@50C GPU@30C AO@40.5C thermal@30.75C POM_5V_IN 1689/1960 POM_5V_GPU 82/87 POM_5V_CPU 164/364
RAM 1388/3964MB (lfb 8x4MB) SWAP 770/6078MB (cached 37MB) IRAM 0/252kB(lfb 252kB) CPU [7%@921,10%@921,off,off] EMC_FREQ 0%@1600 GR3D_FREQ 0%@614 APE 25 PLL@29.5C CPU@31.5C iwlwifi@32C PMIC@50C GPU@29.5C AO@40.5C thermal@30.5C POM_5V_IN 2095/1960 POM_5V_GPU 82/87 POM_5V_CPU 533/364
RAM 1375/3964MB (lfb 8x4MB) SWAP 770/6078MB (cached 37MB) IRAM 0/252kB(lfb 252kB) CPU [7%@921,4%@921,off,off] EMC_FREQ 0%@1600 GR3D_FREQ 0%@614 APE 25 PLL@29.5C CPU@31C iwlwifi@32C PMIC@50C GPU@30C AO@40.5C thermal@30.5C POM_5V_IN 1689/1960 POM_5V_GPU 82/87 POM_5V_CPU 123/364
RAM 1378/3964MB (lfb 8x4MB) SWAP 770/6078MB (cached 37MB) IRAM 0/252kB(lfb 252kB) CPU [8%@921,5%@921,off,off] EMC_FREQ 0%@1600 GR3D_FREQ 0%@614 APE 25 PLL@29.5C CPU@31C iwlwifi@32C PMIC@50C GPU@29.5C AO@41C thermal@30.25C POM_5V_IN 2133/1960 POM_5V_GPU 82/87 POM_5V_CPU 533/364
RAM 1375/3964MB (lfb 8x4MB) SWAP 770/6078MB (cached 37MB) IRAM 0/252kB(lfb 252kB) CPU [5%@921,9%@921,off,off] EMC_FREQ 0%@1600 GR3D_FREQ 0%@614 APE 25 PLL@29.5C CPU@31.5C iwlwifi@32C PMIC@50C GPU@29.5C AO@40.5C thermal@30.25C POM_5V_IN 2174/1960 POM_5V_GPU 82/87 POM_5V_CPU 492/364
RAM 1384/3964MB (lfb 8x4MB) SWAP 770/6078MB (cached 37MB) IRAM 0/252kB(lfb 252kB) CPU [9%@921,4%@921,off,off] EMC_FREQ 0%@1600 GR3D_FREQ 0%@614 APE 25 PLL@29.5C CPU@31C iwlwifi@32C PMIC@50C GPU@29.5C AO@40.5C thermal@30.5C POM_5V_IN 2256/1960 POM_5V_GPU 82/87 POM_5V_CPU 491/364
RAM 1390/3964MB (lfb 8x4MB) SWAP 770/6078MB (cached 37MB) IRAM 0/252kB(lfb 252kB) CPU [7%@921,8%@921,off,off] EMC_FREQ 0%@1600 GR3D_FREQ 0%@614 APE 25 PLL@29.5C CPU@31C iwlwifi@32C PMIC@50C GPU@29.5C AO@41C thermal@30C POM_5V_IN 2215/1960 POM_5V_GPU 82/87 POM_5V_CPU 574/364
RAM 1390/3964MB (lfb 8x4MB) SWAP 770/6078MB (cached 37MB) IRAM 0/252kB(lfb 252kB) CPU [6%@921,7%@921,off,off] EMC_FREQ 0%@1600 GR3D_FREQ 0%@614 APE 25 PLL@29.5C CPU@31C iwlwifi@32C PMIC@50C GPU@29.5C AO@40.5C thermal@30.5C POM_5V_IN 1772/1960 POM_5V_GPU 82/87 POM_5V_CPU 206/364
RAM 1390/3964MB (lfb 8x4MB) SWAP 770/6078MB (cached 37MB) IRAM 0/252kB(lfb 252kB) CPU [6%@921,9%@921,off,off] EMC_FREQ 0%@1600 GR3D_FREQ 0%@614 APE 25 PLL@29.5C CPU@31C iwlwifi@32C PMIC@50C GPU@29.5C AO@41C thermal@30.25C POM_5V_IN 1731/1960 POM_5V_GPU 82/87 POM_5V_CPU 164/364
RAM 1390/3964MB (lfb 8x4MB) SWAP 770/6078MB (cached 37MB) IRAM 0/252kB(lfb 252kB) CPU [6%@921,7%@921,off,off] EMC_FREQ 0%@1600 GR3D_FREQ 0%@614 APE 25 PLL@29.5C CPU@31C iwlwifi@32C PMIC@50C GPU@30C AO@40.5C thermal@30.5C POM_5V_IN 1689/1960 POM_5V_GPU 82/87 POM_5V_CPU 164/364
RAM 1362/3964MB (lfb 8x4MB) SWAP 770/6078MB (cached 37MB) IRAM 0/252kB(lfb 252kB) CPU [5%@921,3%@921,off,off] EMC_FREQ 0%@1600 GR3D_FREQ 0%@614 APE 25 PLL@29.5C CPU@31C iwlwifi@32C PMIC@50C GPU@30C AO@40.5C thermal@30.5C POM_5V_IN 1689/1960 POM_5V_GPU 82/87 POM_5V_CPU 164/363
RAM 1387/3964MB (lfb 8x4MB) SWAP 770/6078MB (cached 37MB) IRAM 0/252kB(lfb 252kB) CPU [9%@921,9%@921,off,off] EMC_FREQ 0%@1600 GR3D_FREQ 0%@614 APE 25 PLL@29.5C CPU@31C iwlwifi@32C PMIC@50C GPU@30C AO@40.5C thermal@30.75C POM_5V_IN 2013/1960 POM_5V_GPU 82/87 POM_5V_CPU 410/363
RAM 1387/3964MB (lfb 8x4MB) SWAP 770/6078MB (cached 37MB) IRAM 0/252kB(lfb 252kB) CPU [4%@921,9%@921,off,off] EMC_FREQ 0%@1600 GR3D_FREQ 0%@614 APE 25 PLL@29.5C CPU@31C iwlwifi@32C PMIC@50C GPU@30C AO@40.5C thermal@30.25C POM_5V_IN 1689/1960 POM_5V_GPU 82/87 POM_5V_CPU 164/363
RAM 1374/3964MB (lfb 8x4MB) SWAP 770/6078MB (cached 37MB) IRAM 0/252kB(lfb 252kB) CPU [4%@921,6%@921,off,off] EMC_FREQ 0%@1600 GR3D_FREQ 0%@614 APE 25 PLL@29C CPU@31C iwlwifi@32C PMIC@50C GPU@30C AO@40.5C thermal@30.75C POM_5V_IN 1689/1959 POM_5V_GPU 82/87 POM_5V_CPU 164/363
RAM 1386/3964MB (lfb 8x4MB) SWAP 770/6078MB (cached 37MB) IRAM 0/252kB(lfb 252kB) CPU [5%@921,11%@921,off,off] EMC_FREQ 0%@1600 GR3D_FREQ 0%@614 APE 25 PLL@30C CPU@31.5C iwlwifi@32C PMIC@50C GPU@30C AO@41C thermal@30.75C POM_5V_IN 2136/1959 POM_5V_GPU 82/87 POM_5V_CPU 533/363
RAM 1375/3964MB (lfb 8x4MB) SWAP 770/6078MB (cached 37MB) IRAM 0/252kB(lfb 252kB) CPU [6%@921,6%@921,off,off] EMC_FREQ 0%@1600 GR3D_FREQ 0%@614 APE 25 PLL@29.5C CPU@31C iwlwifi@32C PMIC@50C GPU@29.5C AO@40.5C thermal@30.75C POM_5V_IN 1731/1959 POM_5V_GPU 82/87 POM_5V_CPU 164/363
RAM 1384/3964MB (lfb 8x4MB) SWAP 770/6078MB (cached 37MB) IRAM 0/252kB(lfb 252kB) CPU [7%@921,7%@921,off,off] EMC_FREQ 0%@1600 GR3D_FREQ 0%@614 APE 25 PLL@30C CPU@31.5C iwlwifi@32C PMIC@50C GPU@30C AO@41C thermal@30.75C POM_5V_IN 2293/1960 POM_5V_GPU 82/87 POM_5V_CPU 573/363
RAM 1390/3964MB (lfb 8x4MB) SWAP 770/6078MB (cached 37MB) IRAM 0/252kB(lfb 252kB) CPU [8%@921,6%@921,off,off] EMC_FREQ 0%@1600 GR3D_FREQ 0%@614 APE 25 PLL@29.5C CPU@31.5C iwlwifi@32C PMIC@50C GPU@30C AO@41C thermal@30.5C POM_5V_IN 2256/1960 POM_5V_GPU 82/87 POM_5V_CPU 574/363
RAM 1390/3964MB (lfb 8x4MB) SWAP 770/6078MB (cached 37MB) IRAM 0/252kB(lfb 252kB) CPU [7%@921,7%@921,off,off] EMC_FREQ 0%@1600 GR3D_FREQ 0%@614 APE 25 PLL@29.5C CPU@31C iwlwifi@32C PMIC@50C GPU@30C AO@41C thermal@30.5C POM_5V_IN 1892/1960 POM_5V_GPU 82/87 POM_5V_CPU 288/363
RAM 1386/3964MB (lfb 8x4MB) SWAP 770/6078MB (cached 37MB) IRAM 0/252kB(lfb 252kB) CPU [5%@921,9%@921,off,off] EMC_FREQ 0%@1600 GR3D_FREQ 0%@614 APE 25 PLL@29.5C CPU@31C iwlwifi@32C PMIC@50C GPU@30C AO@40.5C thermal@30.5C POM_5V_IN 1731/1960 POM_5V_GPU 82/87 POM_5V_CPU 164/363
RAM 1387/3964MB (lfb 8x4MB) SWAP 770/6078MB (cached 37MB) IRAM 0/252kB(lfb 252kB) CPU [8%@921,5%@921,off,off] EMC_FREQ 0%@1600 GR3D_FREQ 0%@614 APE 25 PLL@29.5C CPU@31C iwlwifi@32C PMIC@50C GPU@30C AO@40.5C thermal@30.75C POM_5V_IN 1689/1959 POM_5V_GPU 82/87 POM_5V_CPU 164/363
RAM 1388/3964MB (lfb 8x4MB) SWAP 770/6078MB (cached 37MB) IRAM 0/252kB(lfb 252kB) CPU [7%@921,7%@921,off,off] EMC_FREQ 0%@1600 GR3D_FREQ 0%@614 APE 25 PLL@29.5C CPU@31.5C iwlwifi@32C PMIC@50C GPU@29.5C AO@40.5C thermal@30.25C POM_5V_IN 1689/1959 POM_5V_GPU 82/87 POM_5V_CPU 164/363
RAM 1386/3964MB (lfb 8x4MB) SWAP 770/6078MB (cached 37MB) IRAM 0/252kB(lfb 252kB) CPU [7%@921,6%@921,off,off] EMC_FREQ 0%@1600 GR3D_FREQ 0%@614 APE 25 PLL@29.5C CPU@31C iwlwifi@32C PMIC@50C GPU@29.5C AO@40.5C thermal@30.25C POM_5V_IN 1689/1959 POM_5V_GPU 82/87 POM_5V_CPU 164/363
RAM 1373/3964MB (lfb 8x4MB) SWAP 770/6078MB (cached 37MB) IRAM 0/252kB(lfb 252kB) CPU [5%@921,5%@921,off,off] EMC_FREQ 0%@1600 GR3D_FREQ 0%@614 APE 25 PLL@29.5C CPU@31C iwlwifi@32C PMIC@50C GPU@30C AO@40.5C thermal@30.25C POM_5V_IN 1689/1959 POM_5V_GPU 82/87 POM_5V_CPU 164/363
RAM 1390/3964MB (lfb 8x4MB) SWAP 770/6078MB (cached 37MB) IRAM 0/252kB(lfb 252kB) CPU [10%@921,8%@921,off,off] EMC_FREQ 0%@1600 GR3D_FREQ 0%@614 APE 25 PLL@29.5C CPU@31C iwlwifi@32C PMIC@50C GPU@30C AO@40.5C thermal@30.25C POM_5V_IN 2136/1959 POM_5V_GPU 82/87 POM_5V_CPU 533/363
RAM 1374/3964MB (lfb 8x4MB) SWAP 770/6078MB (cached 37MB) IRAM 0/252kB(lfb 252kB) CPU [6%@921,4%@921,off,off] EMC_FREQ 0%@1600 GR3D_FREQ 0%@614 APE 25 PLL@29.5C CPU@31C iwlwifi@32C PMIC@50C GPU@29.5C AO@41C thermal@30.25C POM_5V_IN 1731/1959 POM_5V_GPU 82/87 POM_5V_CPU 164/363
RAM 1389/3964MB (lfb 8x4MB) SWAP 770/6078MB (cached 37MB) IRAM 0/252kB(lfb 252kB) CPU [10%@921,6%@921,off,off] EMC_FREQ 0%@1600 GR3D_FREQ 0%@614 APE 25 PLL@29.5C CPU@31C iwlwifi@32C PMIC@50C GPU@29.5C AO@40.5C thermal@30.25C POM_5V_IN 2136/1959 POM_5V_GPU 82/87 POM_5V_CPU 574/363
RAM 1374/3964MB (lfb 8x4MB) SWAP 770/6078MB (cached 37MB) IRAM 0/252kB(lfb 252kB) CPU [8%@921,1%@921,off,off] EMC_FREQ 0%@1600 GR3D_FREQ 0%@614 APE 25 PLL@29.5C CPU@31C iwlwifi@32C PMIC@50C GPU@29.5C AO@41C thermal@30.5C POM_5V_IN 1689/1959 POM_5V_GPU 82/87 POM_5V_CPU 164/363
RAM 1388/3964MB (lfb 8x4MB) SWAP 770/6078MB (cached 37MB) IRAM 0/252kB(lfb 252kB) CPU [7%@921,9%@921,off,off] EMC_FREQ 0%@1600 GR3D_FREQ 0%@614 APE 25 PLL@30C CPU@31.5C iwlwifi@32C PMIC@50C GPU@30C AO@41C thermal@30.5C POM_5V_IN 2133/1959 POM_5V_GPU 82/87 POM_5V_CPU 533/363
RAM 1382/3964MB (lfb 8x4MB) SWAP 770/6078MB (cached 37MB) IRAM 0/252kB(lfb 252kB) CPU [5%@921,8%@921,off,off] EMC_FREQ 0%@1600 GR3D_FREQ 0%@614 APE 25 PLL@29.5C CPU@31.5C iwlwifi@32C PMIC@50C GPU@29.5C AO@41C thermal@30.75C POM_5V_IN 1731/1959 POM_5V_GPU 82/87 POM_5V_CPU 164/363
RAM 1387/3964MB (lfb 8x4MB) SWAP 770/6078MB (cached 37MB) IRAM 0/252kB(lfb 252kB) CPU [5%@921,10%@921,off,off] EMC_FREQ 0%@1600 GR3D_FREQ 0%@614 APE 25 PLL@30C CPU@31.5C iwlwifi@32C PMIC@50C GPU@30C AO@41C thermal@30.5C POM_5V_IN 2174/1959 POM_5V_GPU 82/87 POM_5V_CPU 533/363
RAM 1386/3964MB (lfb 8x4MB) SWAP 770/6078MB (cached 37MB) IRAM 0/252kB(lfb 252kB) CPU [5%@921,9%@921,off,off] EMC_FREQ 0%@1600 GR3D_FREQ 0%@614 APE 25 PLL@29.5C CPU@31C iwlwifi@33C PMIC@50C GPU@29.5C AO@41C thermal@30.5C POM_5V_IN 1731/1959 POM_5V_GPU 82/87 POM_5V_CPU 164/363
RAM 1386/3964MB (lfb 8x4MB) SWAP 770/6078MB (cached 37MB) IRAM 0/252kB(lfb 252kB) CPU [6%@921,7%@921,off,off] EMC_FREQ 0%@1600 GR3D_FREQ 0%@614 APE 25 PLL@29.5C CPU@31C iwlwifi@32C PMIC@50C GPU@29.5C AO@41C thermal@30.75C POM_5V_IN 1731/1959 POM_5V_GPU 82/87 POM_5V_CPU 164/363
RAM 1385/3964MB (lfb 8x4MB) SWAP 770/6078MB (cached 37MB) IRAM 0/252kB(lfb 252kB) CPU [6%@921,8%@921,off,off] EMC_FREQ 0%@1600 GR3D_FREQ 0%@614 APE 25 PLL@29.5C CPU@31C iwlwifi@32C PMIC@50C GPU@29.5C AO@40.5C thermal@30.5C POM_5V_IN 1689/1959 POM_5V_GPU 82/87 POM_5V_CPU 164/363
RAM 1386/3964MB (lfb 8x4MB) SWAP 770/6078MB (cached 37MB) IRAM 0/252kB(lfb 252kB) CPU [5%@921,9%@921,off,off] EMC_FREQ 0%@1600 GR3D_FREQ 0%@614 APE 25 PLL@29.5C CPU@31C iwlwifi@32C PMIC@50C GPU@29.5C AO@40.5C thermal@30.5C POM_5V_IN 1689/1959 POM_5V_GPU 82/87 POM_5V_CPU 164/363
RAM 1388/3964MB (lfb 8x4MB) SWAP 770/6078MB (cached 37MB) IRAM 0/252kB(lfb 252kB) CPU [7%@921,6%@921,off,off] EMC_FREQ 0%@1600 GR3D_FREQ 0%@614 APE 25 PLL@29.5C CPU@31C iwlwifi@32C PMIC@50C GPU@30C AO@40.5C thermal@30.25C POM_5V_IN 1687/1958 POM_5V_GPU 82/87 POM_5V_CPU 164/363
RAM 1376/3964MB (lfb 8x4MB) SWAP 770/6078MB (cached 37MB) IRAM 0/252kB(lfb 252kB) CPU [5%@921,6%@921,off,off] EMC_FREQ 0%@1600 GR3D_FREQ 0%@614 APE 25 PLL@29.5C CPU@31C iwlwifi@32C PMIC@50C GPU@30C AO@40.5C thermal@30.75C POM_5V_IN 1689/1958 POM_5V_GPU 82/87 POM_5V_CPU 164/362
RAM 1388/3964MB (lfb 8x4MB) SWAP 770/6078MB (cached 37MB) IRAM 0/252kB(lfb 252kB) CPU [7%@921,9%@921,off,off] EMC_FREQ 0%@1600 GR3D_FREQ 0%@614 APE 25 PLL@30C CPU@32C iwlwifi@32C PMIC@50C GPU@30C AO@40.5C thermal@30.75C POM_5V_IN 2136/1958 POM_5V_GPU 82/87 POM_5V_CPU 533/363
RAM 1378/3964MB (lfb 8x4MB) SWAP 770/6078MB (cached 37MB) IRAM 0/252kB(lfb 252kB) CPU [4%@921,7%@921,off,off] EMC_FREQ 0%@1600 GR3D_FREQ 0%@614 APE 25 PLL@29.5C CPU@31C iwlwifi@32C PMIC@50C GPU@30C AO@40.5C thermal@30.75C POM_5V_IN 1689/1958 POM_5V_GPU 82/87 POM_5V_CPU 164/362
RAM 1375/3964MB (lfb 8x4MB) SWAP 770/6078MB (cached 37MB) IRAM 0/252kB(lfb 252kB) CPU [7%@921,7%@921,off,off] EMC_FREQ 0%@1600 GR3D_FREQ 0%@614 APE 25 PLL@30C CPU@31.5C iwlwifi@32C PMIC@50C GPU@30C AO@41C thermal@30.25C POM_5V_IN 2215/1958 POM_5V_GPU 82/87 POM_5V_CPU 492/363
RAM 1390/3964MB (lfb 8x4MB) SWAP 770/6078MB (cached 37MB) IRAM 0/252kB(lfb 252kB) CPU [7%@921,8%@921,off,off] EMC_FREQ 0%@1600 GR3D_FREQ 0%@614 APE 25 PLL@29.5C CPU@32C iwlwifi@32C PMIC@50C GPU@30C AO@40.5C thermal@30.5C POM_5V_IN 2256/1959 POM_5V_GPU 82/87 POM_5V_CPU 573/363
RAM 1387/3964MB (lfb 8x4MB) SWAP 770/6078MB (cached 37MB) IRAM 0/252kB(lfb 252kB) CPU [7%@921,7%@921,off,off] EMC_FREQ 0%@1600 GR3D_FREQ 0%@614 APE 25 PLL@30C CPU@31.5C iwlwifi@32C PMIC@50C GPU@30C AO@40.5C thermal@31C POM_5V_IN 1934/1958 POM_5V_GPU 82/87 POM_5V_CPU 328/363
RAM 1389/3964MB (lfb 8x4MB) SWAP 770/6078MB (cached 37MB) IRAM 0/252kB(lfb 252kB) CPU [5%@921,9%@921,off,off] EMC_FREQ 0%@1600 GR3D_FREQ 0%@614 APE 25 PLL@30C CPU@31.5C iwlwifi@32C PMIC@50C GPU@30C AO@40.5C thermal@30.5C POM_5V_IN 1731/1958 POM_5V_GPU 82/87 POM_5V_CPU 206/363
RAM 1391/3964MB (lfb 8x4MB) SWAP 770/6078MB (cached 37MB) IRAM 0/252kB(lfb 252kB) CPU [8%@921,5%@921,off,off] EMC_FREQ 0%@1600 GR3D_FREQ 0%@614 APE 25 PLL@29.5C CPU@31.5C iwlwifi@32C PMIC@50C GPU@30C AO@40.5C thermal@30.5C POM_5V_IN 1731/1958 POM_5V_GPU 82/87 POM_5V_CPU 164/362
RAM 1386/3964MB (lfb 8x4MB) SWAP 770/6078MB (cached 37MB) IRAM 0/252kB(lfb 252kB) CPU [6%@921,7%@921,off,off] EMC_FREQ 0%@1600 GR3D_FREQ 0%@614 APE 25 PLL@29.5C CPU@31C iwlwifi@32C PMIC@50C GPU@29.5C AO@40.5C thermal@30.5C POM_5V_IN 1731/1958 POM_5V_GPU 82/87 POM_5V_CPU 164/362
RAM 1389/3964MB (lfb 8x4MB) SWAP 770/6078MB (cached 37MB) IRAM 0/252kB(lfb 252kB) CPU [7%@921,7%@921,off,off] EMC_FREQ 0%@1600 GR3D_FREQ 0%@614 APE 25 PLL@29.5C CPU@31C iwlwifi@32C PMIC@50C GPU@29.5C AO@40.5C thermal@30.5C POM_5V_IN 1689/1958 POM_5V_GPU 82/87 POM_5V_CPU 164/362
RAM 1363/3964MB (lfb 8x4MB) SWAP 770/6078MB (cached 37MB) IRAM 0/252kB(lfb 252kB) CPU [5%@921,3%@921,off,off] EMC_FREQ 0%@1600 GR3D_FREQ 0%@614 APE 25 PLL@29.5C CPU@31C iwlwifi@32C PMIC@50C GPU@29.5C AO@40.5C thermal@30.5C POM_5V_IN 1689/1958 POM_5V_GPU 82/87 POM_5V_CPU 164/362
RAM 1386/3964MB (lfb 8x4MB) SWAP 770/6078MB (cached 37MB) IRAM 0/252kB(lfb 252kB) CPU [7%@921,13%@921,off,off] EMC_FREQ 0%@1600 GR3D_FREQ 0%@614 APE 25 PLL@29.5C CPU@31.5C iwlwifi@32C PMIC@50C GPU@30C AO@40.5C thermal@30.5C POM_5V_IN 2136/1958 POM_5V_GPU 82/87 POM_5V_CPU 533/362
RAM 1372/3964MB (lfb 8x4MB) SWAP 770/6078MB (cached 37MB) IRAM 0/252kB(lfb 252kB) CPU [6%@921,4%@921,off,off] EMC_FREQ 0%@1600 GR3D_FREQ 0%@614 APE 25 PLL@29.5C CPU@31.5C iwlwifi@32C PMIC@50C GPU@30C AO@40.5C thermal@30.5C POM_5V_IN 1689/1958 POM_5V_GPU 82/87 POM_5V_CPU 164/362
RAM 1390/3964MB (lfb 8x4MB) SWAP 770/6078MB (cached 37MB) IRAM 0/252kB(lfb 252kB) CPU [10%@921,7%@921,off,off] EMC_FREQ 0%@1600 GR3D_FREQ 0%@614 APE 25 PLL@29.5C CPU@31.5C iwlwifi@32C PMIC@50C GPU@30C AO@40.5C thermal@30.5C POM_5V_IN 2136/1958 POM_5V_GPU 82/87 POM_5V_CPU 533/362
RAM 1378/3964MB (lfb 8x4MB) SWAP 770/6078MB (cached 37MB) IRAM 0/252kB(lfb 252kB) CPU [7%@921,4%@921,off,off] EMC_FREQ 0%@1600 GR3D_FREQ 0%@614 APE 25 PLL@29.5C CPU@31C iwlwifi@33C PMIC@50C GPU@30C AO@41C thermal@30.75C POM_5V_IN 1689/1958 POM_5V_GPU 82/87 POM_5V_CPU 164/362
RAM 1382/3964MB (lfb 8x4MB) SWAP 770/6078MB (cached 37MB) IRAM 0/252kB(lfb 252kB) CPU [6%@921,9%@921,off,off] EMC_FREQ 0%@1600 GR3D_FREQ 0%@614 APE 25 PLL@29.5C CPU@31C iwlwifi@32C PMIC@50C GPU@30C AO@40.5C thermal@30.5C POM_5V_IN 2256/1958 POM_5V_GPU 82/87 POM_5V_CPU 573/362
RAM 1385/3964MB (lfb 8x4MB) SWAP 770/6078MB (cached 37MB) IRAM 0/252kB(lfb 252kB) CPU [9%@921,4%@921,off,off] EMC_FREQ 0%@1600 GR3D_FREQ 0%@614 APE 25 PLL@30C CPU@31.5C iwlwifi@32C PMIC@50C GPU@30C AO@41C thermal@30.75C POM_5V_IN 2256/1958 POM_5V_GPU 82/87 POM_5V_CPU 574/362
RAM 1391/3964MB (lfb 8x4MB) SWAP 770/6078MB (cached 37MB) IRAM 0/252kB(lfb 252kB) CPU [6%@921,8%@921,off,off] EMC_FREQ 0%@1600 GR3D_FREQ 0%@614 APE 25 PLL@29.5C CPU@31.5C iwlwifi@32C PMIC@50C GPU@29.5C AO@41C thermal@30.75C POM_5V_IN 2215/1958 POM_5V_GPU 82/87 POM_5V_CPU 574/362
RAM 1386/3964MB (lfb 8x4MB) SWAP 770/6078MB (cached 37MB) IRAM 0/252kB(lfb 252kB) CPU [5%@921,8%@921,off,off] EMC_FREQ 0%@1600 GR3D_FREQ 0%@614 APE 25 PLL@30C CPU@31C iwlwifi@32C PMIC@50C GPU@30C AO@40.5C thermal@30.75C POM_5V_IN 1972/1958 POM_5V_GPU 82/87 POM_5V_CPU 369/362
RAM 1388/3964MB (lfb 8x4MB) SWAP 770/6078MB (cached 37MB) IRAM 0/252kB(lfb 252kB) CPU [10%@921,4%@921,off,off] EMC_FREQ 0%@1600 GR3D_FREQ 0%@614 APE 25 PLL@29.5C CPU@31C iwlwifi@32C PMIC@50C GPU@29.5C AO@41C thermal@30.25C POM_5V_IN 1731/1958 POM_5V_GPU 82/87 POM_5V_CPU 164/362
RAM 1390/3964MB (lfb 8x4MB) SWAP 770/6078MB (cached 37MB) IRAM 0/252kB(lfb 252kB) CPU [8%@921,5%@921,off,off] EMC_FREQ 0%@1600 GR3D_FREQ 0%@614 APE 25 PLL@30C CPU@31C iwlwifi@32C PMIC@50C GPU@30C AO@41C thermal@30.75C POM_5V_IN 1731/1958 POM_5V_GPU 82/87 POM_5V_CPU 164/362
RAM 1390/3964MB (lfb 8x4MB) SWAP 770/6078MB (cached 37MB) IRAM 0/252kB(lfb 252kB) CPU [8%@921,5%@921,off,off] EMC_FREQ 0%@1600 GR3D_FREQ 0%@614 APE 25 PLL@29.5C CPU@31.5C iwlwifi@32C PMIC@50C GPU@29.5C AO@41C thermal@30.75C POM_5V_IN 1689/1958 POM_5V_GPU 82/87 POM_5V_CPU 164/362
RAM 1367/3964MB (lfb 8x4MB) SWAP 770/6078MB (cached 37MB) IRAM 0/252kB(lfb 252kB) CPU [6%@921,3%@921,off,off] EMC_FREQ 0%@1600 GR3D_FREQ 0%@614 APE 25 PLL@29.5C CPU@31C iwlwifi@32C PMIC@50C GPU@30C AO@41C thermal@30.75C POM_5V_IN 1687/1958 POM_5V_GPU 82/87 POM_5V_CPU 164/362
RAM 1388/3964MB (lfb 8x4MB) SWAP 770/6078MB (cached 37MB) IRAM 0/252kB(lfb 252kB) CPU [12%@921,6%@921,off,off] EMC_FREQ 0%@1600 GR3D_FREQ 0%@614 APE 25 PLL@30C CPU@31.5C iwlwifi@32C PMIC@50C GPU@29.5C AO@41C thermal@30.25C POM_5V_IN 2095/1958 POM_5V_GPU 82/87 POM_5V_CPU 493/362
RAM 1372/3964MB (lfb 8x4MB) SWAP 770/6078MB (cached 37MB) IRAM 0/252kB(lfb 252kB) CPU [6%@921,4%@921,off,off] EMC_FREQ 0%@1600 GR3D_FREQ 0%@614 APE 25 PLL@30C CPU@31.5C iwlwifi@32C PMIC@50C GPU@30C AO@40.5C thermal@30.75C POM_5V_IN 1689/1958 POM_5V_GPU 82/87 POM_5V_CPU 164/362
RAM 1377/3964MB (lfb 8x4MB) SWAP 770/6078MB (cached 37MB) IRAM 0/252kB(lfb 252kB) CPU [8%@921,6%@921,off,off] EMC_FREQ 0%@1600 GR3D_FREQ 0%@614 APE 25 PLL@29.5C CPU@31.5C iwlwifi@32C PMIC@50C GPU@29.5C AO@40.5C thermal@30.5C POM_5V_IN 2133/1958 POM_5V_GPU 82/87 POM_5V_CPU 533/362
RAM 1379/3964MB (lfb 8x4MB) SWAP 770/6078MB (cached 37MB) IRAM 0/252kB(lfb 252kB) CPU [10%@921,4%@921,off,off] EMC_FREQ 0%@1600 GR3D_FREQ 0%@614 APE 25 PLL@30C CPU@31C iwlwifi@32C PMIC@50C GPU@30C AO@41C thermal@30.5C POM_5V_IN 2215/1958 POM_5V_GPU 82/87 POM_5V_CPU 492/362
RAM 1385/3964MB (lfb 8x4MB) SWAP 770/6078MB (cached 37MB) IRAM 0/252kB(lfb 252kB) CPU [7%@921,7%@921,off,off] EMC_FREQ 0%@1600 GR3D_FREQ 0%@614 APE 25 PLL@29.5C CPU@32C iwlwifi@32C PMIC@50C GPU@30C AO@41C thermal@30.5C POM_5V_IN 2293/1958 POM_5V_GPU 81/87 POM_5V_CPU 573/362
RAM 1386/3964MB (lfb 8x4MB) SWAP 770/6078MB (cached 37MB) IRAM 0/252kB(lfb 252kB) CPU [8%@921,6%@921,off,off] EMC_FREQ 0%@1600 GR3D_FREQ 0%@614 APE 25 PLL@29.5C CPU@31.5C iwlwifi@32C PMIC@50C GPU@30C AO@41C thermal@30.75C POM_5V_IN 2054/1958 POM_5V_GPU 82/87 POM_5V_CPU 451/362
RAM 1394/3964MB (lfb 8x4MB) SWAP 770/6078MB (cached 37MB) IRAM 0/252kB(lfb 252kB) CPU [7%@921,7%@921,off,off] EMC_FREQ 0%@1600 GR3D_FREQ 0%@614 APE 25 PLL@30C CPU@31C iwlwifi@32C PMIC@50C GPU@30C AO@41C thermal@30.25C POM_5V_IN 1772/1958 POM_5V_GPU 82/87 POM_5V_CPU 206/362
RAM 1388/3964MB (lfb 8x4MB) SWAP 770/6078MB (cached 37MB) IRAM 0/252kB(lfb 252kB) CPU [5%@921,9%@921,off,off] EMC_FREQ 0%@1600 GR3D_FREQ 0%@614 APE 25 PLL@29.5C CPU@31.5C iwlwifi@32C PMIC@50C GPU@30C AO@40.5C thermal@30.75C POM_5V_IN 1813/1958 POM_5V_GPU 82/87 POM_5V_CPU 205/362
RAM 1388/3964MB (lfb 8x4MB) SWAP 770/6078MB (cached 37MB) IRAM 0/252kB(lfb 252kB) CPU [6%@921,7%@921,off,off] EMC_FREQ 0%@1600 GR3D_FREQ 0%@614 APE 25 PLL@29.5C CPU@31.5C iwlwifi@32C PMIC@50C GPU@29.5C AO@41C thermal@30.25C POM_5V_IN 1689/1958 POM_5V_GPU 82/87 POM_5V_CPU 164/362
RAM 1386/3964MB (lfb 8x4MB) SWAP 770/6078MB (cached 37MB) IRAM 0/252kB(lfb 252kB) CPU [9%@921,5%@921,off,off] EMC_FREQ 0%@1600 GR3D_FREQ 0%@614 APE 25 PLL@29.5C CPU@31C iwlwifi@32C PMIC@50C GPU@30C AO@40.5C thermal@30.5C POM_5V_IN 1689/1958 POM_5V_GPU 82/87 POM_5V_CPU 164/362
RAM 1386/3964MB (lfb 8x4MB) SWAP 770/6078MB (cached 37MB) IRAM 0/252kB(lfb 252kB) CPU [9%@921,4%@921,off,off] EMC_FREQ 0%@1600 GR3D_FREQ 0%@614 APE 25 PLL@29.5C CPU@31C iwlwifi@32C PMIC@50C GPU@30C AO@40.5C thermal@30.5C POM_5V_IN 1689/1958 POM_5V_GPU 82/87 POM_5V_CPU 164/362
RAM 1371/3964MB (lfb 8x4MB) SWAP 770/6078MB (cached 37MB) IRAM 0/252kB(lfb 252kB) CPU [4%@921,5%@921,off,off] EMC_FREQ 0%@1600 GR3D_FREQ 0%@614 APE 25 PLL@29.5C CPU@31C iwlwifi@32C PMIC@50C GPU@30C AO@40.5C thermal@30.25C POM_5V_IN 1689/1957 POM_5V_GPU 82/87 POM_5V_CPU 164/362
RAM 1388/3964MB (lfb 8x4MB) SWAP 770/6078MB (cached 37MB) IRAM 0/252kB(lfb 252kB) CPU [8%@921,9%@921,off,off] EMC_FREQ 0%@1600 GR3D_FREQ 0%@614 APE 25 PLL@29.5C CPU@31C iwlwifi@32C PMIC@50C GPU@29.5C AO@40.5C thermal@30.5C POM_5V_IN 2136/1958 POM_5V_GPU 82/87 POM_5V_CPU 533/362
RAM 1374/3964MB (lfb 8x4MB) SWAP 770/6078MB (cached 37MB) IRAM 0/252kB(lfb 252kB) CPU [7%@921,4%@921,off,off] EMC_FREQ 0%@1600 GR3D_FREQ 0%@614 APE 25 PLL@29.5C CPU@31.5C iwlwifi@32C PMIC@50C GPU@30C AO@41C thermal@30.5C POM_5V_IN 1689/1957 POM_5V_GPU 82/87 POM_5V_CPU 164/362
RAM 1377/3964MB (lfb 8x4MB) SWAP 770/6078MB (cached 37MB) IRAM 0/252kB(lfb 252kB) CPU [6%@921,7%@921,off,off] EMC_FREQ 0%@1600 GR3D_FREQ 0%@614 APE 25 PLL@29.5C CPU@31.5C iwlwifi@32C PMIC@50C GPU@30C AO@40.5C thermal@30.5C POM_5V_IN 2174/1958 POM_5V_GPU 82/87 POM_5V_CPU 574/362
RAM 1384/3964MB (lfb 8x4MB) SWAP 770/6078MB (cached 37MB) IRAM 0/252kB(lfb 252kB) CPU [7%@921,8%@921,off,off] EMC_FREQ 0%@1600 GR3D_FREQ 0%@614 APE 25 PLL@29.5C CPU@31C iwlwifi@32C PMIC@50C GPU@30C AO@40.5C thermal@30.75C POM_5V_IN 2215/1958 POM_5V_GPU 82/87 POM_5V_CPU 492/362
RAM 1391/3964MB (lfb 8x4MB) SWAP 770/6078MB (cached 37MB) IRAM 0/252kB(lfb 252kB) CPU [8%@921,6%@921,off,off] EMC_FREQ 0%@1600 GR3D_FREQ 0%@614 APE 25 PLL@30C CPU@31.5C iwlwifi@32C PMIC@50C GPU@30C AO@41C thermal@30.75C POM_5V_IN 2256/1958 POM_5V_GPU 82/87 POM_5V_CPU 615/362
RAM 1390/3964MB (lfb 8x4MB) SWAP 770/6078MB (cached 37MB) IRAM 0/252kB(lfb 252kB) CPU [6%@921,7%@921,off,off] EMC_FREQ 0%@1600 GR3D_FREQ 0%@614 APE 25 PLL@29.5C CPU@31C iwlwifi@32C PMIC@50C GPU@30C AO@41C thermal@30.75C POM_5V_IN 1892/1958 POM_5V_GPU 82/87 POM_5V_CPU 288/362
RAM 1386/3964MB (lfb 8x4MB) SWAP 770/6078MB (cached 37MB) IRAM 0/252kB(lfb 252kB) CPU [7%@921,7%@921,off,off] EMC_FREQ 0%@1600 GR3D_FREQ 0%@614 APE 25 PLL@29.5C CPU@31C iwlwifi@32C PMIC@50C GPU@30C AO@40.5C thermal@30.5C POM_5V_IN 1731/1958 POM_5V_GPU 82/87 POM_5V_CPU 164/362
RAM 1390/3964MB (lfb 8x4MB) SWAP 770/6078MB (cached 37MB) IRAM 0/252kB(lfb 252kB) CPU [8%@921,5%@921,off,off] EMC_FREQ 0%@1600 GR3D_FREQ 0%@614 APE 25 PLL@29.5C CPU@31.5C iwlwifi@32C PMIC@50C GPU@30C AO@41C thermal@30.5C POM_5V_IN 1689/1958 POM_5V_GPU 82/87 POM_5V_CPU 164/362
RAM 1389/3964MB (lfb 8x4MB) SWAP 770/6078MB (cached 37MB) IRAM 0/252kB(lfb 252kB) CPU [6%@921,7%@921,off,off] EMC_FREQ 0%@1600 GR3D_FREQ 0%@614 APE 25 PLL@29C CPU@31C iwlwifi@32C PMIC@50C GPU@30C AO@40.5C thermal@30.5C POM_5V_IN 1689/1957 POM_5V_GPU 82/87 POM_5V_CPU 164/362
RAM 1388/3964MB (lfb 8x4MB) SWAP 770/6078MB (cached 37MB) IRAM 0/252kB(lfb 252kB) CPU [9%@921,4%@921,off,off] EMC_FREQ 0%@1600 GR3D_FREQ 0%@614 APE 25 PLL@29.5C CPU@31C iwlwifi@32C PMIC@50C GPU@30C AO@40.5C thermal@30.5C POM_5V_IN 1689/1957 POM_5V_GPU 82/87 POM_5V_CPU 164/362
RAM 1386/3964MB (lfb 8x4MB) SWAP 770/6078MB (cached 37MB) IRAM 0/252kB(lfb 252kB) CPU [9%@921,5%@921,off,off] EMC_FREQ 0%@1600 GR3D_FREQ 0%@614 APE 25 PLL@29.5C CPU@31C iwlwifi@32C PMIC@50C GPU@30C AO@40.5C thermal@30.5C POM_5V_IN 1689/1957 POM_5V_GPU 82/87 POM_5V_CPU 164/362
RAM 1371/3964MB (lfb 8x4MB) SWAP 770/6078MB (cached 37MB) IRAM 0/252kB(lfb 252kB) CPU [4%@921,5%@921,off,off] EMC_FREQ 0%@1600 GR3D_FREQ 0%@614 APE 25 PLL@29.5C CPU@31C iwlwifi@33C PMIC@50C GPU@30C AO@40.5C thermal@30.5C POM_5V_IN 1689/1957 POM_5V_GPU 82/87 POM_5V_CPU 123/361
RAM 1390/3964MB (lfb 8x4MB) SWAP 770/6078MB (cached 37MB) IRAM 0/252kB(lfb 252kB) CPU [9%@921,9%@921,off,off] EMC_FREQ 0%@1600 GR3D_FREQ 0%@614 APE 25 PLL@29.5C CPU@31.5C iwlwifi@32C PMIC@50C GPU@30C AO@40.5C thermal@30.5C POM_5V_IN 2092/1957 POM_5V_GPU 82/87 POM_5V_CPU 533/362
RAM 1375/3964MB (lfb 8x4MB) SWAP 770/6078MB (cached 37MB) IRAM 0/252kB(lfb 252kB) CPU [4%@921,6%@921,off,off] EMC_FREQ 0%@1600 GR3D_FREQ 0%@614 APE 25 PLL@29.5C CPU@31C iwlwifi@32C PMIC@50C GPU@30C AO@40.5C thermal@30.5C POM_5V_IN 1689/1957 POM_5V_GPU 82/87 POM_5V_CPU 164/361
RAM 1377/3964MB (lfb 8x4MB) SWAP 770/6078MB (cached 37MB) IRAM 0/252kB(lfb 252kB) CPU [7%@921,8%@921,off,off] EMC_FREQ 0%@1600 GR3D_FREQ 0%@614 APE 25 PLL@29.5C CPU@31.5C iwlwifi@32C PMIC@50C GPU@30C AO@41C thermal@30.5C POM_5V_IN 2174/1957 POM_5V_GPU 82/87 POM_5V_CPU 492/361
RAM 1382/3964MB (lfb 8x4MB) SWAP 770/6078MB (cached 37MB) IRAM 0/252kB(lfb 252kB) CPU [7%@921,7%@921,off,off] EMC_FREQ 0%@1600 GR3D_FREQ 0%@614 APE 25 PLL@29.5C CPU@31.5C iwlwifi@32C PMIC@50C GPU@30C AO@41C thermal@30.5C POM_5V_IN 2297/1957 POM_5V_GPU 82/87 POM_5V_CPU 574/362
RAM 1391/3964MB (lfb 8x4MB) SWAP 770/6078MB (cached 37MB) IRAM 0/252kB(lfb 252kB) CPU [8%@921,6%@921,off,off] EMC_FREQ 0%@1600 GR3D_FREQ 0%@614 APE 25 PLL@29.5C CPU@31.5C iwlwifi@32C PMIC@50C GPU@30C AO@41C thermal@30.75C POM_5V_IN 2174/1957 POM_5V_GPU 82/87 POM_5V_CPU 533/362
RAM 1388/3964MB (lfb 8x4MB) SWAP 770/6078MB (cached 37MB) IRAM 0/252kB(lfb 252kB) CPU [7%@921,7%@921,off,off] EMC_FREQ 0%@1600 GR3D_FREQ 0%@614 APE 25 PLL@29.5C CPU@31.5C iwlwifi@32C PMIC@50C GPU@30C AO@41C thermal@30.75C POM_5V_IN 1892/1957 POM_5V_GPU 82/87 POM_5V_CPU 288/362
RAM 1386/3964MB (lfb 8x4MB) SWAP 770/6078MB (cached 37MB) IRAM 0/252kB(lfb 252kB) CPU [9%@921,5%@921,off,off] EMC_FREQ 0%@1600 GR3D_FREQ 0%@614 APE 25 PLL@29C CPU@31.5C iwlwifi@32C PMIC@50C GPU@30C AO@41C thermal@30.75C POM_5V_IN 1772/1957 POM_5V_GPU 82/87 POM_5V_CPU 206/362
RAM 1386/3964MB (lfb 8x4MB) SWAP 770/6078MB (cached 37MB) IRAM 0/252kB(lfb 252kB) CPU [9%@921,4%@921,off,off] EMC_FREQ 0%@1600 GR3D_FREQ 0%@614 APE 25 PLL@29.5C CPU@31C iwlwifi@32C PMIC@50C GPU@30C AO@40.5C thermal@30.5C POM_5V_IN 1689/1957 POM_5V_GPU 82/87 POM_5V_CPU 164/361
RAM 1391/3964MB (lfb 8x4MB) SWAP 770/6078MB (cached 37MB) IRAM 0/252kB(lfb 252kB) CPU [7%@921,7%@921,off,off] EMC_FREQ 0%@1600 GR3D_FREQ 0%@614 APE 25 PLL@29C CPU@31C iwlwifi@32C PMIC@50C GPU@30C AO@40.5C thermal@30.5C POM_5V_IN 1689/1957 POM_5V_GPU 82/87 POM_5V_CPU 123/361
RAM 1386/3964MB (lfb 8x4MB) SWAP 770/6078MB (cached 37MB) IRAM 0/252kB(lfb 252kB) CPU [7%@921,6%@921,off,off] EMC_FREQ 0%@1600 GR3D_FREQ 0%@614 APE 25 PLL@29.5C CPU@31C iwlwifi@32C PMIC@50C GPU@30C AO@41C thermal@30.5C POM_5V_IN 1687/1957 POM_5V_GPU 82/87 POM_5V_CPU 164/361
RAM 1370/3964MB (lfb 8x4MB) SWAP 770/6078MB (cached 37MB) IRAM 0/252kB(lfb 252kB) CPU [5%@921,4%@921,off,off] EMC_FREQ 0%@1600 GR3D_FREQ 0%@614 APE 25 PLL@29.5C CPU@31C iwlwifi@32C PMIC@50C GPU@30C AO@40.5C thermal@30.5C POM_5V_IN 1689/1957 POM_5V_GPU 82/87 POM_5V_CPU 164/361
RAM 1386/3964MB (lfb 8x4MB) SWAP 770/6078MB (cached 37MB) IRAM 0/252kB(lfb 252kB) CPU [7%@921,11%@921,off,off] EMC_FREQ 0%@1600 GR3D_FREQ 0%@614 APE 25 PLL@29.5C CPU@31C iwlwifi@32C PMIC@50C GPU@30C AO@41C thermal@30.75C POM_5V_IN 2136/1957 POM_5V_GPU 82/87 POM_5V_CPU 533/361
RAM 1375/3964MB (lfb 8x4MB) SWAP 770/6078MB (cached 37MB) IRAM 0/252kB(lfb 252kB) CPU [4%@921,6%@921,off,off] EMC_FREQ 0%@1600 GR3D_FREQ 0%@614 APE 25 PLL@29.5C CPU@31C iwlwifi@32C PMIC@50C GPU@30C AO@41C thermal@30.75C POM_5V_IN 1689/1957 POM_5V_GPU 82/87 POM_5V_CPU 164/361
RAM 1375/3964MB (lfb 8x4MB) SWAP 770/6078MB (cached 37MB) IRAM 0/252kB(lfb 252kB) CPU [7%@921,7%@921,off,off] EMC_FREQ 0%@1600 GR3D_FREQ 0%@614 APE 25 PLL@29.5C CPU@32C iwlwifi@32C PMIC@50C GPU@30C AO@41C thermal@30.5C POM_5V_IN 2136/1957 POM_5V_GPU 82/87 POM_5V_CPU 533/361
RAM 1375/3964MB (lfb 8x4MB) SWAP 770/6078MB (cached 37MB) IRAM 0/252kB(lfb 252kB) CPU [8%@921,5%@921,off,off] EMC_FREQ 0%@1600 GR3D_FREQ 0%@614 APE 25 PLL@30C CPU@32C iwlwifi@32C PMIC@50C GPU@30C AO@41C thermal@30.5C POM_5V_IN 2215/1957 POM_5V_GPU 82/87 POM_5V_CPU 492/361
RAM 1383/3964MB (lfb 8x4MB) SWAP 770/6078MB (cached 37MB) IRAM 0/252kB(lfb 252kB) CPU [8%@921,8%@921,off,off] EMC_FREQ 0%@1600 GR3D_FREQ 0%@614 APE 25 PLL@29.5C CPU@31C iwlwifi@32C PMIC@50C GPU@30C AO@41C thermal@30.5C POM_5V_IN 2133/1957 POM_5V_GPU 82/87 POM_5V_CPU 533/361
RAM 1386/3964MB (lfb 8x4MB) SWAP 770/6078MB (cached 37MB) IRAM 0/252kB(lfb 252kB) CPU [6%@921,8%@921,off,off] EMC_FREQ 0%@1600 GR3D_FREQ 0%@614 APE 25 PLL@30C CPU@32C iwlwifi@32C PMIC@50C GPU@30C AO@41C thermal@30.5C POM_5V_IN 2215/1957 POM_5V_GPU 82/87 POM_5V_CPU 574/361
RAM 1386/3964MB (lfb 8x4MB) SWAP 770/6078MB (cached 37MB) IRAM 0/252kB(lfb 252kB) CPU [8%@921,6%@921,off,off] EMC_FREQ 0%@1600 GR3D_FREQ 0%@614 APE 25 PLL@30C CPU@31.5C iwlwifi@32C PMIC@50C GPU@30C AO@40.5C thermal@30.75C POM_5V_IN 1772/1957 POM_5V_GPU 82/87 POM_5V_CPU 206/361
RAM 1386/3964MB (lfb 8x4MB) SWAP 770/6078MB (cached 37MB) IRAM 0/252kB(lfb 252kB) CPU [7%@921,6%@921,off,off] EMC_FREQ 0%@1600 GR3D_FREQ 0%@614 APE 25 PLL@29.5C CPU@31.5C iwlwifi@32C PMIC@50C GPU@30C AO@41C thermal@30.5C POM_5V_IN 1731/1957 POM_5V_GPU 82/87 POM_5V_CPU 164/361
RAM 1388/3964MB (lfb 8x4MB) SWAP 770/6078MB (cached 37MB) IRAM 0/252kB(lfb 252kB) CPU [11%@921,3%@921,off,off] EMC_FREQ 0%@1600 GR3D_FREQ 0%@614 APE 25 PLL@29.5C CPU@31C iwlwifi@32C PMIC@50C GPU@30C AO@40.5C thermal@30.75C POM_5V_IN 1689/1957 POM_5V_GPU 82/87 POM_5V_CPU 164/361
RAM 1386/3964MB (lfb 8x4MB) SWAP 770/6078MB (cached 37MB) IRAM 0/252kB(lfb 252kB) CPU [5%@921,8%@921,off,off] EMC_FREQ 0%@1600 GR3D_FREQ 0%@614 APE 25 PLL@29.5C CPU@31.5C iwlwifi@32C PMIC@50C GPU@30C AO@40.5C thermal@30.75C POM_5V_IN 1689/1957 POM_5V_GPU 82/87 POM_5V_CPU 164/361
RAM 1371/3964MB (lfb 8x4MB) SWAP 770/6078MB (cached 37MB) IRAM 0/252kB(lfb 252kB) CPU [5%@921,4%@921,off,off] EMC_FREQ 0%@1600 GR3D_FREQ 0%@614 APE 25 PLL@29.5C CPU@31C iwlwifi@32C PMIC@50C GPU@30C AO@41C thermal@30.5C POM_5V_IN 1689/1957 POM_5V_GPU 82/87 POM_5V_CPU 164/361
RAM 1390/3964MB (lfb 8x4MB) SWAP 770/6078MB (cached 37MB) IRAM 0/252kB(lfb 252kB) CPU [8%@921,9%@921,off,off] EMC_FREQ 0%@1600 GR3D_FREQ 0%@614 APE 25 PLL@29.5C CPU@31.5C iwlwifi@32C PMIC@50C GPU@30C AO@40.5C thermal@30.25C POM_5V_IN 2136/1957 POM_5V_GPU 82/87 POM_5V_CPU 533/361
RAM 1377/3964MB (lfb 8x4MB) SWAP 770/6078MB (cached 37MB) IRAM 0/252kB(lfb 252kB) CPU [6%@921,4%@921,off,off] EMC_FREQ 0%@1600 GR3D_FREQ 0%@614 APE 25 PLL@29.5C CPU@31C iwlwifi@32C PMIC@50C GPU@30C AO@40.5C thermal@30.75C POM_5V_IN 1689/1956 POM_5V_GPU 82/87 POM_5V_CPU 164/361
RAM 1386/3964MB (lfb 8x4MB) SWAP 770/6078MB (cached 37MB) IRAM 0/252kB(lfb 252kB) CPU [8%@921,9%@921,off,off] EMC_FREQ 0%@1600 GR3D_FREQ 0%@614 APE 25 PLL@29.5C CPU@31.5C iwlwifi@32C PMIC@50C GPU@29.5C AO@40.5C thermal@30.5C POM_5V_IN 2136/1957 POM_5V_GPU 82/87 POM_5V_CPU 533/361
RAM 1380/3964MB (lfb 8x4MB) SWAP 770/6078MB (cached 37MB) IRAM 0/252kB(lfb 252kB) CPU [5%@921,7%@921,off,off] EMC_FREQ 0%@1600 GR3D_FREQ 0%@614 APE 25 PLL@29.5C CPU@31C iwlwifi@32C PMIC@50C GPU@30C AO@41C thermal@30.5C POM_5V_IN 1689/1956 POM_5V_GPU 82/87 POM_5V_CPU 164/361
RAM 1377/3964MB (lfb 8x4MB) SWAP 770/6078MB (cached 37MB) IRAM 0/252kB(lfb 252kB) CPU [7%@921,7%@921,off,off] EMC_FREQ 0%@1600 GR3D_FREQ 0%@614 APE 25 PLL@30C CPU@31.5C iwlwifi@32C PMIC@50C GPU@30C AO@41C thermal@30.75C POM_5V_IN 2256/1957 POM_5V_GPU 82/87 POM_5V_CPU 573/361
RAM 1391/3964MB (lfb 8x4MB) SWAP 770/6078MB (cached 37MB) IRAM 0/252kB(lfb 252kB) CPU [5%@921,9%@921,off,off] EMC_FREQ 0%@1600 GR3D_FREQ 0%@614 APE 25 PLL@30C CPU@31.5C iwlwifi@32C PMIC@50C GPU@30.5C AO@41C thermal@30.75C POM_5V_IN 2297/1957 POM_5V_GPU 81/87 POM_5V_CPU 573/361
RAM 1390/3964MB (lfb 8x4MB) SWAP 770/6078MB (cached 37MB) IRAM 0/252kB(lfb 252kB) CPU [7%@921,8%@921,off,off] EMC_FREQ 0%@1600 GR3D_FREQ 0%@614 APE 25 PLL@30C CPU@31.5C iwlwifi@32C PMIC@50C GPU@30C AO@41C thermal@30.75C POM_5V_IN 1851/1957 POM_5V_GPU 82/87 POM_5V_CPU 246/361
RAM 1390/3964MB (lfb 8x4MB) SWAP 770/6078MB (cached 37MB) IRAM 0/252kB(lfb 252kB) CPU [5%@921,8%@921,off,off] EMC_FREQ 0%@1600 GR3D_FREQ 0%@614 APE 25 PLL@29.5C CPU@31C iwlwifi@32C PMIC@50C GPU@30C AO@41C thermal@30.5C POM_5V_IN 1731/1957 POM_5V_GPU 82/87 POM_5V_CPU 164/361
RAM 1388/3964MB (lfb 8x4MB) SWAP 770/6078MB (cached 37MB) IRAM 0/252kB(lfb 252kB) CPU [8%@921,6%@921,off,off] EMC_FREQ 0%@1600 GR3D_FREQ 0%@614 APE 25 PLL@30C CPU@31.5C iwlwifi@32C PMIC@50C GPU@30.5C AO@41C thermal@30.75C POM_5V_IN 1689/1956 POM_5V_GPU 82/87 POM_5V_CPU 164/361
RAM 1390/3964MB (lfb 8x4MB) SWAP 770/6078MB (cached 37MB) IRAM 0/252kB(lfb 252kB) CPU [10%@921,3%@921,off,off] EMC_FREQ 0%@1600 GR3D_FREQ 0%@614 APE 25 PLL@29.5C CPU@31C iwlwifi@32C PMIC@50C GPU@30C AO@41C thermal@30.5C POM_5V_IN 1689/1956 POM_5V_GPU 82/87 POM_5V_CPU 164/361
RAM 1386/3964MB (lfb 8x4MB) SWAP 770/6078MB (cached 37MB) IRAM 0/252kB(lfb 252kB) CPU [7%@921,7%@921,off,off] EMC_FREQ 0%@1600 GR3D_FREQ 0%@614 APE 25 PLL@29.5C CPU@31C iwlwifi@32C PMIC@50C GPU@30C AO@40.5C thermal@31C POM_5V_IN 1689/1956 POM_5V_GPU 82/87 POM_5V_CPU 164/361
RAM 1368/3964MB (lfb 8x4MB) SWAP 770/6078MB (cached 37MB) IRAM 0/252kB(lfb 252kB) CPU [4%@921,5%@921,off,off] EMC_FREQ 0%@1600 GR3D_FREQ 0%@614 APE 25 PLL@29.5C CPU@31C iwlwifi@32C PMIC@50C GPU@30C AO@41C thermal@30.5C POM_5V_IN 1731/1956 POM_5V_GPU 82/87 POM_5V_CPU 164/361
RAM 1386/3964MB (lfb 8x4MB) SWAP 770/6078MB (cached 37MB) IRAM 0/252kB(lfb 252kB) CPU [8%@921,10%@921,off,off] EMC_FREQ 0%@1600 GR3D_FREQ 0%@614 APE 25 PLL@30C CPU@31.5C iwlwifi@32C PMIC@50C GPU@30C AO@40.5C thermal@30.75C POM_5V_IN 2095/1956 POM_5V_GPU 82/87 POM_5V_CPU 533/361
RAM 1376/3964MB (lfb 8x4MB) SWAP 770/6078MB (cached 37MB) IRAM 0/252kB(lfb 252kB) CPU [3%@921,7%@921,off,off] EMC_FREQ 0%@1600 GR3D_FREQ 0%@614 APE 25 PLL@29.5C CPU@31.5C iwlwifi@32C PMIC@50C GPU@30.5C AO@41.5C thermal@30.5C POM_5V_IN 1689/1956 POM_5V_GPU 82/87 POM_5V_CPU 164/361
RAM 1385/3964MB (lfb 8x4MB) SWAP 765/6078MB (cached 37MB) IRAM 0/252kB(lfb 252kB) CPU [6%@921,11%@921,off,off] EMC_FREQ 0%@1600 GR3D_FREQ 0%@614 APE 25 PLL@30C CPU@31.5C iwlwifi@32C PMIC@50C GPU@30C AO@40.5C thermal@30.25C POM_5V_IN 2136/1956 POM_5V_GPU 82/87 POM_5V_CPU 533/361
RAM 1377/3964MB (lfb 8x4MB) SWAP 765/6078MB (cached 37MB) IRAM 0/252kB(lfb 252kB) CPU [7%@921,5%@921,off,off] EMC_FREQ 0%@1600 GR3D_FREQ 0%@614 APE 25 PLL@30C CPU@31C iwlwifi@32C PMIC@50C GPU@30C AO@41C thermal@30.5C POM_5V_IN 1731/1956 POM_5V_GPU 82/87 POM_5V_CPU 164/361
RAM 1382/3964MB (lfb 8x4MB) SWAP 765/6078MB (cached 37MB) IRAM 0/252kB(lfb 252kB) CPU [6%@921,9%@921,off,off] EMC_FREQ 0%@1600 GR3D_FREQ 0%@614 APE 25 PLL@29.5C CPU@31.5C iwlwifi@32C PMIC@50C GPU@30C AO@41C thermal@30.75C POM_5V_IN 2293/1956 POM_5V_GPU 81/87 POM_5V_CPU 573/361
RAM 1387/3964MB (lfb 8x4MB) SWAP 765/6078MB (cached 37MB) IRAM 0/252kB(lfb 252kB) CPU [7%@921,7%@921,off,off] EMC_FREQ 0%@1600 GR3D_FREQ 0%@614 APE 25 PLL@30C CPU@31.5C iwlwifi@32C PMIC@50C GPU@30C AO@41C thermal@30.5C POM_5V_IN 2215/1956 POM_5V_GPU 82/87 POM_5V_CPU 574/361
RAM 1389/3964MB (lfb 8x4MB) SWAP 765/6078MB (cached 37MB) IRAM 0/252kB(lfb 252kB) CPU [7%@921,7%@921,off,off] EMC_FREQ 0%@1600 GR3D_FREQ 0%@614 APE 25 PLL@29.5C CPU@31.5C iwlwifi@32C PMIC@50C GPU@29.5C AO@41C thermal@30.75C POM_5V_IN 1772/1956 POM_5V_GPU 82/87 POM_5V_CPU 206/361
RAM 1386/3964MB (lfb 8x4MB) SWAP 765/6078MB (cached 37MB) IRAM 0/252kB(lfb 252kB) CPU [10%@921,4%@921,off,off] EMC_FREQ 0%@1600 GR3D_FREQ 0%@614 APE 25 PLL@30C CPU@31.5C iwlwifi@33C PMIC@50C GPU@29.5C AO@41C thermal@30.75C POM_5V_IN 1731/1956 POM_5V_GPU 82/87 POM_5V_CPU 164/361
RAM 1387/3964MB (lfb 8x4MB) SWAP 765/6078MB (cached 37MB) IRAM 0/252kB(lfb 252kB) CPU [5%@921,8%@921,off,off] EMC_FREQ 0%@1600 GR3D_FREQ 0%@614 APE 25 PLL@29.5C CPU@31C iwlwifi@32C PMIC@50C GPU@29.5C AO@41C thermal@30.75C POM_5V_IN 1689/1956 POM_5V_GPU 82/87 POM_5V_CPU 164/361
RAM 1386/3964MB (lfb 8x4MB) SWAP 765/6078MB (cached 37MB) IRAM 0/252kB(lfb 252kB) CPU [5%@921,9%@921,off,off] EMC_FREQ 0%@1600 GR3D_FREQ 0%@614 APE 25 PLL@29.5C CPU@31C iwlwifi@32C PMIC@50C GPU@30C AO@41C thermal@30.75C POM_5V_IN 1689/1956 POM_5V_GPU 82/87 POM_5V_CPU 123/361
RAM 1387/3964MB (lfb 8x4MB) SWAP 765/6078MB (cached 37MB) IRAM 0/252kB(lfb 252kB) CPU [7%@921,6%@921,off,off] EMC_FREQ 0%@1600 GR3D_FREQ 0%@614 APE 25 PLL@29.5C CPU@31.5C iwlwifi@32C PMIC@50C GPU@30C AO@40.5C thermal@30.75C POM_5V_IN 1689/1956 POM_5V_GPU 82/87 POM_5V_CPU 164/360
RAM 1371/3964MB (lfb 8x4MB) SWAP 765/6078MB (cached 37MB) IRAM 0/252kB(lfb 252kB) CPU [5%@921,5%@921,off,off] EMC_FREQ 0%@1600 GR3D_FREQ 0%@614 APE 25 PLL@29.5C CPU@31C iwlwifi@32C PMIC@50C GPU@30C AO@41C thermal@30.5C POM_5V_IN 1689/1956 POM_5V_GPU 82/87 POM_5V_CPU 164/360
RAM 1387/3964MB (lfb 8x4MB) SWAP 765/6078MB (cached 37MB) IRAM 0/252kB(lfb 252kB) CPU [11%@921,6%@921,off,off] EMC_FREQ 0%@1600 GR3D_FREQ 0%@614 APE 25 PLL@30C CPU@31.5C iwlwifi@32C PMIC@50C GPU@30C AO@40.5C thermal@30.75C POM_5V_IN 2136/1956 POM_5V_GPU 82/87 POM_5V_CPU 533/360
RAM 1375/3964MB (lfb 8x4MB) SWAP 765/6078MB (cached 37MB) IRAM 0/252kB(lfb 252kB) CPU [5%@921,6%@921,off,off] EMC_FREQ 0%@1600 GR3D_FREQ 0%@614 APE 25 PLL@29.5C CPU@31.5C iwlwifi@32C PMIC@50C GPU@30C AO@40.5C thermal@30.75C POM_5V_IN 1689/1956 POM_5V_GPU 82/87 POM_5V_CPU 164/360
RAM 1377/3964MB (lfb 8x4MB) SWAP 765/6078MB (cached 37MB) IRAM 0/252kB(lfb 252kB) CPU [7%@921,6%@921,off,off] EMC_FREQ 0%@1600 GR3D_FREQ 0%@614 APE 25 PLL@29.5C CPU@31.5C iwlwifi@34C PMIC@50C GPU@30C AO@40.5C thermal@30.5C POM_5V_IN 2129/1956 POM_5V_GPU 82/87 POM_5V_CPU 532/360
RAM 1382/3964MB (lfb 8x4MB) SWAP 765/6078MB (cached 37MB) IRAM 0/252kB(lfb 252kB) CPU [5%@921,10%@921,off,off] EMC_FREQ 0%@1600 GR3D_FREQ 0%@614 APE 25 PLL@30C CPU@31.5C iwlwifi@32C PMIC@50C GPU@30C AO@41C thermal@30.75C POM_5V_IN 2174/1956 POM_5V_GPU 82/87 POM_5V_CPU 492/360
RAM 1389/3964MB (lfb 8x4MB) SWAP 765/6078MB (cached 37MB) IRAM 0/252kB(lfb 252kB) CPU [8%@921,6%@921,off,off] EMC_FREQ 0%@1600 GR3D_FREQ 0%@614 APE 25 PLL@29.5C CPU@31C iwlwifi@32C PMIC@50C GPU@30C AO@41C thermal@30.75C POM_5V_IN 2215/1956 POM_5V_GPU 82/87 POM_5V_CPU 574/361
RAM 1387/3964MB (lfb 8x4MB) SWAP 765/6078MB (cached 37MB) IRAM 0/252kB(lfb 252kB) CPU [6%@921,8%@921,off,off] EMC_FREQ 0%@1600 GR3D_FREQ 0%@614 APE 25 PLL@29.5C CPU@31C iwlwifi@32C PMIC@50C GPU@30C AO@40.5C thermal@30.75C POM_5V_IN 1892/1956 POM_5V_GPU 82/87 POM_5V_CPU 288/361
RAM 1387/3964MB (lfb 8x4MB) SWAP 765/6078MB (cached 37MB) IRAM 0/252kB(lfb 252kB) CPU [7%@921,6%@921,off,off] EMC_FREQ 0%@1600 GR3D_FREQ 0%@614 APE 25 PLL@29.5C CPU@31.5C iwlwifi@32C PMIC@50C GPU@30C AO@40.5C thermal@30.75C POM_5V_IN 1731/1956 POM_5V_GPU 82/87 POM_5V_CPU 164/360
RAM 1387/3964MB (lfb 8x4MB) SWAP 765/6078MB (cached 37MB) IRAM 0/252kB(lfb 252kB) CPU [7%@921,7%@921,off,off] EMC_FREQ 0%@1600 GR3D_FREQ 0%@614 APE 25 PLL@29.5C CPU@31.5C iwlwifi@32C PMIC@50C GPU@30C AO@40.5C thermal@30.75C POM_5V_IN 1689/1956 POM_5V_GPU 82/87 POM_5V_CPU 164/360
RAM 1386/3964MB (lfb 8x4MB) SWAP 765/6078MB (cached 37MB) IRAM 0/252kB(lfb 252kB) CPU [5%@921,8%@921,off,off] EMC_FREQ 0%@1600 GR3D_FREQ 0%@614 APE 25 PLL@29.5C CPU@31C iwlwifi@32C PMIC@50C GPU@30C AO@41C thermal@30.5C POM_5V_IN 1689/1956 POM_5V_GPU 82/87 POM_5V_CPU 164/360
RAM 1389/3964MB (lfb 8x4MB) SWAP 765/6078MB (cached 37MB) IRAM 0/252kB(lfb 252kB) CPU [6%@921,8%@921,off,off] EMC_FREQ 0%@1600 GR3D_FREQ 0%@614 APE 25 PLL@29.5C CPU@31C iwlwifi@32C PMIC@50C GPU@30C AO@40.5C thermal@30.75C POM_5V_IN 1689/1955 POM_5V_GPU 82/87 POM_5V_CPU 164/360
RAM 1386/3964MB (lfb 8x4MB) SWAP 765/6078MB (cached 37MB) IRAM 0/252kB(lfb 252kB) CPU [8%@921,6%@921,off,off] EMC_FREQ 0%@1600 GR3D_FREQ 0%@614 APE 25 PLL@29.5C CPU@31C iwlwifi@32C PMIC@50C GPU@30.5C AO@40.5C thermal@30.5C POM_5V_IN 1689/1955 POM_5V_GPU 82/87 POM_5V_CPU 164/360
RAM 1385/3964MB (lfb 8x4MB) SWAP 765/6078MB (cached 37MB) IRAM 0/252kB(lfb 252kB) CPU [5%@921,8%@921,off,off] EMC_FREQ 0%@1600 GR3D_FREQ 0%@614 APE 25 PLL@29.5C CPU@31.5C iwlwifi@32C PMIC@50C GPU@30C AO@41C thermal@31C POM_5V_IN 1731/1955 POM_5V_GPU 82/87 POM_5V_CPU 164/360
RAM 1389/3964MB (lfb 8x4MB) SWAP 765/6078MB (cached 37MB) IRAM 0/252kB(lfb 252kB) CPU [8%@921,6%@921,off,off] EMC_FREQ 0%@1600 GR3D_FREQ 0%@614 APE 25 PLL@29.5C CPU@31.5C iwlwifi@32C PMIC@50C GPU@30C AO@40.5C thermal@30.5C POM_5V_IN 1689/1955 POM_5V_GPU 82/87 POM_5V_CPU 164/360
RAM 1388/3964MB (lfb 8x4MB) SWAP 765/6078MB (cached 37MB) IRAM 0/252kB(lfb 252kB) CPU [5%@921,8%@921,off,off] EMC_FREQ 0%@1600 GR3D_FREQ 0%@614 APE 25 PLL@29.5C CPU@31C iwlwifi@32C PMIC@50C GPU@29.5C AO@41C thermal@30.5C POM_5V_IN 1689/1955 POM_5V_GPU 82/87 POM_5V_CPU 164/360
RAM 1372/3964MB (lfb 8x4MB) SWAP 765/6078MB (cached 37MB) IRAM 0/252kB(lfb 252kB) CPU [5%@921,5%@921,off,off] EMC_FREQ 0%@1600 GR3D_FREQ 0%@614 APE 25 PLL@29.5C CPU@31C iwlwifi@32C PMIC@50C GPU@30C AO@41C thermal@30.75C POM_5V_IN 1772/1955 POM_5V_GPU 82/87 POM_5V_CPU 164/360
RAM 1388/3964MB (lfb 8x4MB) SWAP 765/6078MB (cached 37MB) IRAM 0/252kB(lfb 252kB) CPU [10%@921,7%@921,off,off] EMC_FREQ 0%@1600 GR3D_FREQ 0%@614 APE 25 PLL@29.5C CPU@32C iwlwifi@32C PMIC@50C GPU@30C AO@41C thermal@30.75C POM_5V_IN 2136/1955 POM_5V_GPU 82/87 POM_5V_CPU 533/360
RAM 1376/3964MB (lfb 8x4MB) SWAP 765/6078MB (cached 37MB) IRAM 0/252kB(lfb 252kB) CPU [8%@921,4%@921,off,off] EMC_FREQ 0%@1600 GR3D_FREQ 0%@614 APE 25 PLL@29.5C CPU@31.5C iwlwifi@32C PMIC@50C GPU@30C AO@41C thermal@30.5C POM_5V_IN 1689/1955 POM_5V_GPU 82/87 POM_5V_CPU 164/360
RAM 1379/3964MB (lfb 8x4MB) SWAP 765/6078MB (cached 37MB) IRAM 0/252kB(lfb 252kB) CPU [6%@921,7%@921,off,off] EMC_FREQ 0%@1600 GR3D_FREQ 0%@614 APE 25 PLL@29.5C CPU@31C iwlwifi@32C PMIC@50C GPU@29.5C AO@41C thermal@30.75C POM_5V_IN 2174/1955 POM_5V_GPU 82/87 POM_5V_CPU 574/360
RAM 1373/3964MB (lfb 8x4MB) SWAP 765/6078MB (cached 37MB) IRAM 0/252kB(lfb 252kB) CPU [8%@921,5%@921,off,off] EMC_FREQ 0%@1600 GR3D_FREQ 0%@614 APE 25 PLL@29.5C CPU@31.5C iwlwifi@32C PMIC@50C GPU@30C AO@41C thermal@31C POM_5V_IN 2133/1955 POM_5V_GPU 82/87 POM_5V_CPU 410/360
RAM 1374/3964MB (lfb 8x4MB) SWAP 765/6078MB (cached 37MB) IRAM 0/252kB(lfb 252kB) CPU [7%@921,6%@921,off,off] EMC_FREQ 0%@1600 GR3D_FREQ 0%@614 APE 25 PLL@30C CPU@31.5C iwlwifi@32C PMIC@50C GPU@30.5C AO@41C thermal@30.75C POM_5V_IN 2133/1955 POM_5V_GPU 82/87 POM_5V_CPU 533/360
RAM 1377/3964MB (lfb 8x4MB) SWAP 765/6078MB (cached 37MB) IRAM 0/252kB(lfb 252kB) CPU [7%@921,7%@921,off,off] EMC_FREQ 0%@1600 GR3D_FREQ 0%@614 APE 25 PLL@29.5C CPU@32C iwlwifi@32C PMIC@50C GPU@30C AO@41C thermal@30.75C POM_5V_IN 2136/1955 POM_5V_GPU 82/87 POM_5V_CPU 533/360
RAM 1376/3964MB (lfb 8x4MB) SWAP 765/6078MB (cached 37MB) IRAM 0/252kB(lfb 252kB) CPU [6%@921,8%@921,off,off] EMC_FREQ 0%@1600 GR3D_FREQ 0%@614 APE 25 PLL@30C CPU@31.5C iwlwifi@32C PMIC@50C GPU@30C AO@41C thermal@30.75C POM_5V_IN 2174/1955 POM_5V_GPU 82/87 POM_5V_CPU 492/360
RAM 1382/3964MB (lfb 8x4MB) SWAP 765/6078MB (cached 37MB) IRAM 0/252kB(lfb 252kB) CPU [9%@921,5%@921,off,off] EMC_FREQ 0%@1600 GR3D_FREQ 0%@614 APE 25 PLL@30C CPU@31.5C iwlwifi@32C PMIC@50C GPU@30C AO@41C thermal@30.75C POM_5V_IN 2256/1955 POM_5V_GPU 82/87 POM_5V_CPU 573/360
RAM 1393/3964MB (lfb 8x4MB) SWAP 765/6078MB (cached 37MB) IRAM 0/252kB(lfb 252kB) CPU [7%@921,6%@921,off,off] EMC_FREQ 0%@1600 GR3D_FREQ 0%@614 APE 25 PLL@30C CPU@31.5C iwlwifi@32C PMIC@50C GPU@30.5C AO@41C thermal@30.75C POM_5V_IN 2215/1956 POM_5V_GPU 82/87 POM_5V_CPU 574/360
RAM 1385/3964MB (lfb 8x4MB) SWAP 765/6078MB (cached 37MB) IRAM 0/252kB(lfb 252kB) CPU [6%@921,7%@921,off,off] EMC_FREQ 0%@1600 GR3D_FREQ 0%@614 APE 25 PLL@29.5C CPU@31.5C iwlwifi@32C PMIC@50C GPU@30.5C AO@41C thermal@30.75C POM_5V_IN 1810/1955 POM_5V_GPU 82/87 POM_5V_CPU 246/360
RAM 1389/3964MB (lfb 8x4MB) SWAP 765/6078MB (cached 37MB) IRAM 0/252kB(lfb 252kB) CPU [5%@921,8%@921,off,off] EMC_FREQ 0%@1600 GR3D_FREQ 0%@614 APE 25 PLL@29.5C CPU@31.5C iwlwifi@32C PMIC@50C GPU@30C AO@41C thermal@30.75C POM_5V_IN 1731/1955 POM_5V_GPU 82/87 POM_5V_CPU 164/360
RAM 1389/3964MB (lfb 8x4MB) SWAP 765/6078MB (cached 37MB) IRAM 0/252kB(lfb 252kB) CPU [5%@921,8%@921,off,off] EMC_FREQ 0%@1600 GR3D_FREQ 0%@614 APE 25 PLL@29.5C CPU@31.5C iwlwifi@32C PMIC@50C GPU@30C AO@40.5C thermal@30.75C POM_5V_IN 1851/1955 POM_5V_GPU 82/87 POM_5V_CPU 288/360
RAM 1387/3964MB (lfb 8x4MB) SWAP 765/6078MB (cached 37MB) IRAM 0/252kB(lfb 252kB) CPU [7%@921,6%@921,off,off] EMC_FREQ 0%@1600 GR3D_FREQ 0%@614 APE 25 PLL@29C CPU@31.5C iwlwifi@32C PMIC@50C GPU@30C AO@41C thermal@30.75C POM_5V_IN 1731/1955 POM_5V_GPU 82/87 POM_5V_CPU 164/360
RAM 1389/3964MB (lfb 8x4MB) SWAP 765/6078MB (cached 37MB) IRAM 0/252kB(lfb 252kB) CPU [5%@921,8%@921,off,off] EMC_FREQ 0%@1600 GR3D_FREQ 0%@614 APE 25 PLL@29.5C CPU@31C iwlwifi@32C PMIC@50C GPU@30C AO@41C thermal@30.75C POM_5V_IN 1689/1955 POM_5V_GPU 82/87 POM_5V_CPU 164/360
RAM 1389/3964MB (lfb 8x4MB) SWAP 765/6078MB (cached 37MB) IRAM 0/252kB(lfb 252kB) CPU [10%@921,4%@921,off,off] EMC_FREQ 0%@1600 GR3D_FREQ 0%@614 APE 25 PLL@29.5C CPU@31.5C iwlwifi@32C PMIC@50C GPU@30C AO@41C thermal@31C POM_5V_IN 1689/1955 POM_5V_GPU 82/87 POM_5V_CPU 164/360
RAM 1372/3964MB (lfb 8x4MB) SWAP 765/6078MB (cached 37MB) IRAM 0/252kB(lfb 252kB) CPU [5%@921,5%@921,off,off] EMC_FREQ 0%@1600 GR3D_FREQ 0%@614 APE 25 PLL@29.5C CPU@31.5C iwlwifi@32C PMIC@50C GPU@30C AO@41C thermal@30.5C POM_5V_IN 1689/1955 POM_5V_GPU 82/87 POM_5V_CPU 164/360
RAM 1387/3964MB (lfb 8x4MB) SWAP 765/6078MB (cached 37MB) IRAM 0/252kB(lfb 252kB) CPU [8%@921,9%@921,off,off] EMC_FREQ 0%@1600 GR3D_FREQ 0%@614 APE 25 PLL@29.5C CPU@32C iwlwifi@32C PMIC@50C GPU@30C AO@41C thermal@30.75C POM_5V_IN 2174/1955 POM_5V_GPU 82/87 POM_5V_CPU 574/360
RAM 1379/3964MB (lfb 8x4MB) SWAP 765/6078MB (cached 37MB) IRAM 0/252kB(lfb 252kB) CPU [4%@921,7%@921,off,off] EMC_FREQ 0%@1600 GR3D_FREQ 0%@614 APE 25 PLL@29.5C CPU@31C iwlwifi@32C PMIC@50C GPU@30C AO@41C thermal@30.5C POM_5V_IN 1689/1955 POM_5V_GPU 82/87 POM_5V_CPU 164/360
RAM 1377/3964MB (lfb 8x4MB) SWAP 765/6078MB (cached 37MB) IRAM 0/252kB(lfb 252kB) CPU [9%@921,6%@921,off,off] EMC_FREQ 0%@1600 GR3D_FREQ 0%@614 APE 25 PLL@29.5C CPU@31.5C iwlwifi@32C PMIC@50C GPU@30C AO@41C thermal@30.75C POM_5V_IN 2215/1955 POM_5V_GPU 82/87 POM_5V_CPU 492/360
RAM 1391/3964MB (lfb 8x4MB) SWAP 765/6078MB (cached 37MB) IRAM 0/252kB(lfb 252kB) CPU [8%@921,6%@921,off,off] EMC_FREQ 0%@1600 GR3D_FREQ 0%@614 APE 25 PLL@30C CPU@31.5C iwlwifi@32C PMIC@50C GPU@30.5C AO@41C thermal@30.75C POM_5V_IN 2297/1955 POM_5V_GPU 82/87 POM_5V_CPU 573/360
RAM 1386/3964MB (lfb 8x4MB) SWAP 765/6078MB (cached 37MB) IRAM 0/252kB(lfb 252kB) CPU [7%@921,7%@921,off,off] EMC_FREQ 0%@1600 GR3D_FREQ 0%@614 APE 25 PLL@30C CPU@31.5C iwlwifi@32C PMIC@50C GPU@30.5C AO@41C thermal@30.75C POM_5V_IN 2013/1955 POM_5V_GPU 82/87 POM_5V_CPU 369/360
RAM 1386/3964MB (lfb 8x4MB) SWAP 765/6078MB (cached 37MB) IRAM 0/252kB(lfb 252kB) CPU [5%@921,8%@921,off,off] EMC_FREQ 0%@1600 GR3D_FREQ 0%@614 APE 25 PLL@29.5C CPU@31.5C iwlwifi@32C PMIC@50C GPU@30.5C AO@41C thermal@30.75C POM_5V_IN 1772/1955 POM_5V_GPU 82/87 POM_5V_CPU 206/360
RAM 1385/3964MB (lfb 8x4MB) SWAP 765/6078MB (cached 37MB) IRAM 0/252kB(lfb 252kB) CPU [6%@921,7%@921,off,off] EMC_FREQ 0%@1600 GR3D_FREQ 0%@614 APE 25 PLL@29.5C CPU@31.5C iwlwifi@32C PMIC@50C GPU@30C AO@41.5C thermal@30.75C POM_5V_IN 1731/1955 POM_5V_GPU 82/87 POM_5V_CPU 164/360
RAM 1387/3964MB (lfb 8x4MB) SWAP 765/6078MB (cached 37MB) IRAM 0/252kB(lfb 252kB) CPU [3%@921,9%@921,off,off] EMC_FREQ 0%@1600 GR3D_FREQ 0%@614 APE 25 PLL@29.5C CPU@31.5C iwlwifi@32C PMIC@50C GPU@30C AO@40.5C thermal@30.75C POM_5V_IN 1689/1955 POM_5V_GPU 82/87 POM_5V_CPU 164/360
RAM 1389/3964MB (lfb 8x4MB) SWAP 765/6078MB (cached 37MB) IRAM 0/252kB(lfb 252kB) CPU [8%@921,6%@921,off,off] EMC_FREQ 0%@1600 GR3D_FREQ 0%@614 APE 25 PLL@30C CPU@31.5C iwlwifi@32C PMIC@50C GPU@30C AO@41C thermal@31C POM_5V_IN 1689/1955 POM_5V_GPU 82/87 POM_5V_CPU 164/360
RAM 1389/3964MB (lfb 8x4MB) SWAP 765/6078MB (cached 37MB) IRAM 0/252kB(lfb 252kB) CPU [6%@921,8%@921,off,off] EMC_FREQ 0%@1600 GR3D_FREQ 0%@614 APE 25 PLL@29.5C CPU@31.5C iwlwifi@32C PMIC@50C GPU@30C AO@41C thermal@30.75C POM_5V_IN 1689/1955 POM_5V_GPU 82/87 POM_5V_CPU 164/360
RAM 1371/3964MB (lfb 8x4MB) SWAP 765/6078MB (cached 37MB) IRAM 0/252kB(lfb 252kB) CPU [5%@921,5%@921,off,off] EMC_FREQ 0%@1600 GR3D_FREQ 0%@614 APE 25 PLL@29.5C CPU@31.5C iwlwifi@32C PMIC@50C GPU@30.5C AO@40.5C thermal@31C POM_5V_IN 1689/1954 POM_5V_GPU 82/87 POM_5V_CPU 164/359
RAM 1389/3964MB (lfb 8x4MB) SWAP 765/6078MB (cached 37MB) IRAM 0/252kB(lfb 252kB) CPU [10%@921,8%@921,off,off] EMC_FREQ 0%@1600 GR3D_FREQ 0%@614 APE 25 PLL@30.5C CPU@32C iwlwifi@32C PMIC@50C GPU@30C AO@41C thermal@30.75C POM_5V_IN 2136/1955 POM_5V_GPU 82/87 POM_5V_CPU 533/359
RAM 1375/3964MB (lfb 8x4MB) SWAP 765/6078MB (cached 37MB) IRAM 0/252kB(lfb 252kB) CPU [5%@921,6%@921,off,off] EMC_FREQ 0%@1600 GR3D_FREQ 0%@614 APE 25 PLL@29.5C CPU@31.5C iwlwifi@32C PMIC@50C GPU@30C AO@41C thermal@30.75C POM_5V_IN 1731/1954 POM_5V_GPU 82/87 POM_5V_CPU 164/359
RAM 1377/3964MB (lfb 8x4MB) SWAP 765/6078MB (cached 37MB) IRAM 0/252kB(lfb 252kB) CPU [6%@921,8%@921,off,off] EMC_FREQ 0%@1600 GR3D_FREQ 0%@614 APE 25 PLL@30C CPU@31.5C iwlwifi@32C PMIC@50C GPU@30C AO@41C thermal@30.25C POM_5V_IN 2174/1955 POM_5V_GPU 82/87 POM_5V_CPU 574/359
RAM 1377/3964MB (lfb 8x4MB) SWAP 765/6078MB (cached 37MB) IRAM 0/252kB(lfb 252kB) CPU [6%@921,7%@921,off,off] EMC_FREQ 0%@1600 GR3D_FREQ 0%@614 APE 25 PLL@30C CPU@31.5C iwlwifi@32C PMIC@50C GPU@30C AO@41C thermal@30.75C POM_5V_IN 2256/1955 POM_5V_GPU 82/87 POM_5V_CPU 491/360
RAM 1384/3964MB (lfb 8x4MB) SWAP 765/6078MB (cached 37MB) IRAM 0/252kB(lfb 252kB) CPU [6%@921,8%@921,off,off] EMC_FREQ 0%@1600 GR3D_FREQ 0%@614 APE 25 PLL@29.5C CPU@31.5C iwlwifi@32C PMIC@50C GPU@30C AO@41C thermal@30.75C POM_5V_IN 2293/1955 POM_5V_GPU 81/87 POM_5V_CPU 573/360
RAM 1391/3964MB (lfb 8x4MB) SWAP 765/6078MB (cached 37MB) IRAM 0/252kB(lfb 252kB) CPU [6%@921,8%@921,off,off] EMC_FREQ 0%@1600 GR3D_FREQ 0%@614 APE 25 PLL@30C CPU@32C iwlwifi@32C PMIC@50C GPU@30.5C AO@41C thermal@31C POM_5V_IN 2215/1955 POM_5V_GPU 82/87 POM_5V_CPU 574/360
RAM 1389/3964MB (lfb 8x4MB) SWAP 765/6078MB (cached 37MB) IRAM 0/252kB(lfb 252kB) CPU [6%@921,8%@921,off,off] EMC_FREQ 0%@1600 GR3D_FREQ 0%@614 APE 25 PLL@30C CPU@31.5C iwlwifi@32C PMIC@50C GPU@30C AO@41C thermal@30.75C POM_5V_IN 2013/1955 POM_5V_GPU 82/87 POM_5V_CPU 410/360
RAM 1387/3964MB (lfb 8x4MB) SWAP 765/6078MB (cached 37MB) IRAM 0/252kB(lfb 252kB) CPU [4%@921,9%@921,off,off] EMC_FREQ 0%@1600 GR3D_FREQ 0%@614 APE 25 PLL@30C CPU@31.5C iwlwifi@33C PMIC@50C GPU@30C AO@41C thermal@30.75C POM_5V_IN 1772/1955 POM_5V_GPU 82/87 POM_5V_CPU 164/360
RAM 1389/3964MB (lfb 8x4MB) SWAP 765/6078MB (cached 37MB) IRAM 0/252kB(lfb 252kB) CPU [8%@921,6%@921,off,off] EMC_FREQ 0%@1600 GR3D_FREQ 0%@614 APE 25 PLL@29.5C CPU@31.5C iwlwifi@32C PMIC@50C GPU@30C AO@41C thermal@30.75C POM_5V_IN 1689/1955 POM_5V_GPU 82/87 POM_5V_CPU 164/360
RAM 1389/3964MB (lfb 8x4MB) SWAP 765/6078MB (cached 37MB) IRAM 0/252kB(lfb 252kB) CPU [6%@921,7%@921,off,off] EMC_FREQ 0%@1600 GR3D_FREQ 0%@614 APE 25 PLL@29.5C CPU@31.5C iwlwifi@32C PMIC@50C GPU@29.5C AO@41C thermal@30.75C POM_5V_IN 1689/1955 POM_5V_GPU 82/87 POM_5V_CPU 164/360
RAM 1389/3964MB (lfb 8x4MB) SWAP 765/6078MB (cached 37MB) IRAM 0/252kB(lfb 252kB) CPU [8%@921,6%@921,off,off] EMC_FREQ 0%@1600 GR3D_FREQ 0%@614 APE 25 PLL@29.5C CPU@31C iwlwifi@32C PMIC@50C GPU@30C AO@41C thermal@30.75C POM_5V_IN 1689/1955 POM_5V_GPU 82/87 POM_5V_CPU 164/359
RAM 1374/3964MB (lfb 8x4MB) SWAP 765/6078MB (cached 37MB) IRAM 0/252kB(lfb 252kB) CPU [4%@921,6%@921,off,off] EMC_FREQ 0%@1600 GR3D_FREQ 0%@614 APE 25 PLL@29.5C CPU@32C iwlwifi@32C PMIC@50C GPU@30C AO@41C thermal@30.75C POM_5V_IN 1731/1954 POM_5V_GPU 82/87 POM_5V_CPU 164/359
RAM 1385/3964MB (lfb 8x4MB) SWAP 765/6078MB (cached 37MB) IRAM 0/252kB(lfb 252kB) CPU [8%@921,8%@921,off,off] EMC_FREQ 0%@1600 GR3D_FREQ 0%@614 APE 25 PLL@29.5C CPU@32C iwlwifi@32C PMIC@50C GPU@30C AO@41C thermal@30.5C POM_5V_IN 2133/1955 POM_5V_GPU 82/87 POM_5V_CPU 574/359
RAM 1377/3964MB (lfb 8x4MB) SWAP 765/6078MB (cached 37MB) IRAM 0/252kB(lfb 252kB) CPU [5%@921,6%@921,off,off] EMC_FREQ 0%@1600 GR3D_FREQ 0%@614 APE 25 PLL@30C CPU@31.5C iwlwifi@32C PMIC@50C GPU@30C AO@41C thermal@30.75C POM_5V_IN 1689/1954 POM_5V_GPU 82/87 POM_5V_CPU 164/359
RAM 1378/3964MB (lfb 8x4MB) SWAP 765/6078MB (cached 37MB) IRAM 0/252kB(lfb 252kB) CPU [7%@921,7%@921,off,off] EMC_FREQ 0%@1600 GR3D_FREQ 0%@614 APE 25 PLL@29.5C CPU@31.5C iwlwifi@32C PMIC@50C GPU@30C AO@41C thermal@30.75C POM_5V_IN 2215/1955 POM_5V_GPU 82/87 POM_5V_CPU 492/359
RAM 1383/3964MB (lfb 8x4MB) SWAP 765/6078MB (cached 37MB) IRAM 0/252kB(lfb 252kB) CPU [10%@921,4%@921,off,off] EMC_FREQ 0%@1600 GR3D_FREQ 0%@614 APE 25 PLL@30C CPU@31.5C iwlwifi@32C PMIC@50C GPU@30C AO@41C thermal@30.75C POM_5V_IN 2297/1955 POM_5V_GPU 81/87 POM_5V_CPU 573/359
RAM 1389/3964MB (lfb 8x4MB) SWAP 765/6078MB (cached 37MB) IRAM 0/252kB(lfb 252kB) CPU [8%@921,6%@921,off,off] EMC_FREQ 0%@1600 GR3D_FREQ 0%@614 APE 25 PLL@29.5C CPU@32C iwlwifi@32C PMIC@50C GPU@30C AO@41C thermal@30.75C POM_5V_IN 2054/1955 POM_5V_GPU 82/87 POM_5V_CPU 451/360
RAM 1387/3964MB (lfb 8x4MB) SWAP 765/6078MB (cached 37MB) IRAM 0/252kB(lfb 252kB) CPU [7%@921,7%@921,off,off] EMC_FREQ 0%@1600 GR3D_FREQ 0%@614 APE 25 PLL@29.5C CPU@32C iwlwifi@32C PMIC@50C GPU@30C AO@41C thermal@30.75C POM_5V_IN 1851/1955 POM_5V_GPU 82/87 POM_5V_CPU 246/359
RAM 1387/3964MB (lfb 8x4MB) SWAP 765/6078MB (cached 37MB) IRAM 0/252kB(lfb 252kB) CPU [6%@921,8%@921,off,off] EMC_FREQ 0%@1600 GR3D_FREQ 0%@614 APE 25 PLL@29.5C CPU@31C iwlwifi@32C PMIC@50C GPU@30C AO@41C thermal@30.75C POM_5V_IN 1731/1955 POM_5V_GPU 82/87 POM_5V_CPU 164/359
RAM 1386/3964MB (lfb 8x4MB) SWAP 765/6078MB (cached 37MB) IRAM 0/252kB(lfb 252kB) CPU [6%@921,8%@921,off,off] EMC_FREQ 0%@1600 GR3D_FREQ 0%@614 APE 25 PLL@29.5C CPU@31.5C iwlwifi@32C PMIC@50C GPU@30C AO@41C thermal@30.75C POM_5V_IN 1772/1954 POM_5V_GPU 82/87 POM_5V_CPU 206/359
RAM 1387/3964MB (lfb 8x4MB) SWAP 765/6078MB (cached 37MB) IRAM 0/252kB(lfb 252kB) CPU [6%@921,7%@921,off,off] EMC_FREQ 0%@1600 GR3D_FREQ 0%@614 APE 25 PLL@29.5C CPU@31.5C iwlwifi@32C PMIC@50C GPU@30C AO@40.5C thermal@30.75C POM_5V_IN 1689/1954 POM_5V_GPU 82/87 POM_5V_CPU 164/359
RAM 1387/3964MB (lfb 8x4MB) SWAP 765/6078MB (cached 37MB) IRAM 0/252kB(lfb 252kB) CPU [6%@921,8%@921,off,off] EMC_FREQ 0%@1600 GR3D_FREQ 0%@614 APE 25 PLL@29.5C CPU@31C iwlwifi@32C PMIC@50C GPU@30C AO@41C thermal@30.75C POM_5V_IN 1689/1954 POM_5V_GPU 82/87 POM_5V_CPU 164/359
RAM 1371/3964MB (lfb 8x4MB) SWAP 765/6078MB (cached 37MB) IRAM 0/252kB(lfb 252kB) CPU [7%@921,3%@921,off,off] EMC_FREQ 0%@1600 GR3D_FREQ 0%@614 APE 25 PLL@29.5C CPU@31C iwlwifi@32C PMIC@50C GPU@30C AO@41C thermal@30.75C POM_5V_IN 1731/1954 POM_5V_GPU 82/87 POM_5V_CPU 164/359
RAM 1389/3964MB (lfb 8x4MB) SWAP 765/6078MB (cached 37MB) IRAM 0/252kB(lfb 252kB) CPU [7%@921,11%@921,off,off] EMC_FREQ 0%@1600 GR3D_FREQ 0%@614 APE 25 PLL@29.5C CPU@31.5C iwlwifi@32C PMIC@50C GPU@30.5C AO@41C thermal@31C POM_5V_IN 2136/1954 POM_5V_GPU 82/87 POM_5V_CPU 533/359
RAM 1376/3964MB (lfb 8x4MB) SWAP 765/6078MB (cached 37MB) IRAM 0/252kB(lfb 252kB) CPU [3%@921,7%@921,off,off] EMC_FREQ 0%@1600 GR3D_FREQ 0%@614 APE 25 PLL@30C CPU@31.5C iwlwifi@32C PMIC@50C GPU@30C AO@41.5C thermal@31C POM_5V_IN 1689/1954 POM_5V_GPU 82/87 POM_5V_CPU 164/359
RAM 1378/3964MB (lfb 8x4MB) SWAP 765/6078MB (cached 37MB) IRAM 0/252kB(lfb 252kB) CPU [7%@921,7%@921,off,off] EMC_FREQ 0%@1600 GR3D_FREQ 0%@614 APE 25 PLL@30C CPU@32C iwlwifi@33C PMIC@50C GPU@29.5C AO@41C thermal@30.75C POM_5V_IN 2174/1954 POM_5V_GPU 82/87 POM_5V_CPU 574/359
RAM 1384/3964MB (lfb 8x4MB) SWAP 765/6078MB (cached 37MB) IRAM 0/252kB(lfb 252kB) CPU [9%@921,6%@921,off,off] EMC_FREQ 0%@1600 GR3D_FREQ 0%@614 APE 25 PLL@30C CPU@31.5C iwlwifi@32C PMIC@50C GPU@30C AO@41C thermal@30.75C POM_5V_IN 2133/1954 POM_5V_GPU 82/87 POM_5V_CPU 533/359
RAM 1393/3964MB (lfb 8x4MB) SWAP 765/6078MB (cached 37MB) IRAM 0/252kB(lfb 252kB) CPU [5%@921,9%@921,off,off] EMC_FREQ 0%@1600 GR3D_FREQ 0%@614 APE 25 PLL@30C CPU@31.5C iwlwifi@32C PMIC@50C GPU@30C AO@41C thermal@30.75C POM_5V_IN 2256/1954 POM_5V_GPU 82/87 POM_5V_CPU 574/359
RAM 1387/3964MB (lfb 8x4MB) SWAP 765/6078MB (cached 37MB) IRAM 0/252kB(lfb 252kB) CPU [4%@921,9%@921,off,off] EMC_FREQ 0%@1600 GR3D_FREQ 0%@614 APE 25 PLL@29.5C CPU@31.5C iwlwifi@32C PMIC@50C GPU@30C AO@41.5C thermal@30.75C POM_5V_IN 1934/1954 POM_5V_GPU 82/87 POM_5V_CPU 329/359
RAM 1387/3964MB (lfb 8x4MB) SWAP 765/6078MB (cached 37MB) IRAM 0/252kB(lfb 252kB) CPU [5%@921,9%@921,off,off] EMC_FREQ 0%@1600 GR3D_FREQ 0%@614 APE 25 PLL@29.5C CPU@31.5C iwlwifi@32C PMIC@50C GPU@30C AO@41C thermal@30.75C POM_5V_IN 1731/1954 POM_5V_GPU 82/87 POM_5V_CPU 164/359
RAM 1387/3964MB (lfb 8x4MB) SWAP 765/6078MB (cached 37MB) IRAM 0/252kB(lfb 252kB) CPU [8%@921,6%@921,off,off] EMC_FREQ 0%@1600 GR3D_FREQ 0%@614 APE 25 PLL@29.5C CPU@31.5C iwlwifi@32C PMIC@50C GPU@29.5C AO@41C thermal@30.75C POM_5V_IN 1731/1954 POM_5V_GPU 82/87 POM_5V_CPU 164/359
RAM 1389/3964MB (lfb 8x4MB) SWAP 765/6078MB (cached 37MB) IRAM 0/252kB(lfb 252kB) CPU [8%@921,6%@921,off,off] EMC_FREQ 0%@1600 GR3D_FREQ 0%@614 APE 25 PLL@29.5C CPU@32C iwlwifi@32C PMIC@50C GPU@29.5C AO@41C thermal@30.75C POM_5V_IN 1689/1954 POM_5V_GPU 82/87 POM_5V_CPU 164/359
RAM 1388/3964MB (lfb 8x4MB) SWAP 765/6078MB (cached 37MB) IRAM 0/252kB(lfb 252kB) CPU [6%@921,8%@921,off,off] EMC_FREQ 0%@1600 GR3D_FREQ 0%@614 APE 25 PLL@29.5C CPU@31.5C iwlwifi@32C PMIC@50C GPU@30C AO@41C thermal@31.25C POM_5V_IN 1689/1954 POM_5V_GPU 82/87 POM_5V_CPU 164/359
RAM 1386/3964MB (lfb 8x4MB) SWAP 765/6078MB (cached 37MB) IRAM 0/252kB(lfb 252kB) CPU [8%@921,6%@921,off,off] EMC_FREQ 0%@1600 GR3D_FREQ 0%@614 APE 25 PLL@29.5C CPU@31.5C iwlwifi@32C PMIC@50C GPU@29.5C AO@40.5C thermal@30.75C POM_5V_IN 1689/1954 POM_5V_GPU 82/87 POM_5V_CPU 164/359
RAM 1370/3964MB (lfb 8x4MB) SWAP 765/6078MB (cached 37MB) IRAM 0/252kB(lfb 252kB) CPU [6%@921,5%@921,off,off] EMC_FREQ 0%@1600 GR3D_FREQ 0%@614 APE 25 PLL@29.5C CPU@31.5C iwlwifi@32C PMIC@50C GPU@30C AO@41C thermal@30.75C POM_5V_IN 1689/1954 POM_5V_GPU 82/87 POM_5V_CPU 164/359
RAM 1389/3964MB (lfb 8x4MB) SWAP 765/6078MB (cached 37MB) IRAM 0/252kB(lfb 252kB) CPU [11%@921,6%@921,off,off] EMC_FREQ 0%@1600 GR3D_FREQ 0%@614 APE 25 PLL@30C CPU@31.5C iwlwifi@32C PMIC@50C GPU@30C AO@41C thermal@30.75C POM_5V_IN 2133/1954 POM_5V_GPU 81/86 POM_5V_CPU 532/359
RAM 1377/3964MB (lfb 8x4MB) SWAP 765/6078MB (cached 37MB) IRAM 0/252kB(lfb 252kB) CPU [5%@921,6%@921,off,off] EMC_FREQ 0%@1600 GR3D_FREQ 0%@614 APE 25 PLL@29.5C CPU@31.5C iwlwifi@32C PMIC@50C GPU@30C AO@41C thermal@30.5C POM_5V_IN 1689/1954 POM_5V_GPU 82/86 POM_5V_CPU 164/359
RAM 1379/3964MB (lfb 8x4MB) SWAP 765/6078MB (cached 37MB) IRAM 0/252kB(lfb 252kB) CPU [7%@921,6%@921,off,off] EMC_FREQ 0%@1600 GR3D_FREQ 0%@614 APE 25 PLL@30C CPU@31.5C iwlwifi@32C PMIC@50C GPU@30C AO@41.5C thermal@30.5C POM_5V_IN 2174/1954 POM_5V_GPU 82/86 POM_5V_CPU 492/359
RAM 1384/3964MB (lfb 8x4MB) SWAP 765/6078MB (cached 37MB) IRAM 0/252kB(lfb 252kB) CPU [7%@921,8%@921,off,off] EMC_FREQ 0%@1600 GR3D_FREQ 0%@614 APE 25 PLL@29.5C CPU@31.5C iwlwifi@32C PMIC@50C GPU@30C AO@41C thermal@30.75C POM_5V_IN 2297/1954 POM_5V_GPU 82/86 POM_5V_CPU 573/359
RAM 1386/3964MB (lfb 8x4MB) SWAP 765/6078MB (cached 37MB) IRAM 0/252kB(lfb 252kB) CPU [8%@921,7%@921,off,off] EMC_FREQ 0%@1600 GR3D_FREQ 0%@614 APE 25 PLL@30C CPU@31.5C iwlwifi@32C PMIC@50C GPU@30C AO@41C thermal@31.25C POM_5V_IN 2215/1954 POM_5V_GPU 82/86 POM_5V_CPU 574/359
RAM 1392/3964MB (lfb 8x4MB) SWAP 765/6078MB (cached 37MB) IRAM 0/252kB(lfb 252kB) CPU [7%@921,10%@921,off,off] EMC_FREQ 0%@1600 GR3D_FREQ 0%@614 APE 25 PLL@30C CPU@31.5C iwlwifi@32C PMIC@50C GPU@30C AO@41C thermal@31C POM_5V_IN 2252/1954 POM_5V_GPU 81/86 POM_5V_CPU 573/359
RAM 1387/3964MB (lfb 8x4MB) SWAP 765/6078MB (cached 37MB) IRAM 0/252kB(lfb 252kB) CPU [6%@921,7%@921,off,off] EMC_FREQ 0%@1600 GR3D_FREQ 0%@614 APE 25 PLL@30C CPU@31.5C iwlwifi@32C PMIC@50C GPU@30C AO@41C thermal@31C POM_5V_IN 1892/1954 POM_5V_GPU 82/86 POM_5V_CPU 329/359
RAM 1389/3964MB (lfb 8x4MB) SWAP 765/6078MB (cached 37MB) IRAM 0/252kB(lfb 252kB) CPU [5%@921,9%@921,off,off] EMC_FREQ 0%@1600 GR3D_FREQ 0%@614 APE 25 PLL@30C CPU@31.5C iwlwifi@32C PMIC@50C GPU@30C AO@41C thermal@30.75C POM_5V_IN 1772/1954 POM_5V_GPU 82/86 POM_5V_CPU 206/359
RAM 1386/3964MB (lfb 8x4MB) SWAP 765/6078MB (cached 37MB) IRAM 0/252kB(lfb 252kB) CPU [7%@921,7%@921,off,off] EMC_FREQ 0%@1600 GR3D_FREQ 0%@614 APE 25 PLL@30C CPU@31.5C iwlwifi@32C PMIC@50C GPU@30C AO@41C thermal@30.75C POM_5V_IN 1689/1954 POM_5V_GPU 82/86 POM_5V_CPU 164/359
RAM 1386/3964MB (lfb 8x4MB) SWAP 765/6078MB (cached 37MB) IRAM 0/252kB(lfb 252kB) CPU [6%@921,7%@921,off,off] EMC_FREQ 0%@1600 GR3D_FREQ 0%@614 APE 25 PLL@29.5C CPU@31.5C iwlwifi@32C PMIC@50C GPU@30C AO@41C thermal@31C POM_5V_IN 1731/1954 POM_5V_GPU 82/86 POM_5V_CPU 164/359
RAM 1372/3964MB (lfb 8x4MB) SWAP 765/6078MB (cached 37MB) IRAM 0/252kB(lfb 252kB) CPU [6%@921,4%@921,off,off] EMC_FREQ 0%@1600 GR3D_FREQ 0%@614 APE 25 PLL@29.5C CPU@32C iwlwifi@32C PMIC@50C GPU@30C AO@41.5C thermal@31C POM_5V_IN 1731/1954 POM_5V_GPU 82/86 POM_5V_CPU 164/359
RAM 1386/3964MB (lfb 8x4MB) SWAP 765/6078MB (cached 37MB) IRAM 0/252kB(lfb 252kB) CPU [8%@921,9%@921,off,off] EMC_FREQ 0%@1600 GR3D_FREQ 0%@614 APE 25 PLL@30C CPU@32C iwlwifi@32C PMIC@50C GPU@30C AO@41C thermal@30.75C POM_5V_IN 2136/1954 POM_5V_GPU 82/86 POM_5V_CPU 533/359
RAM 1376/3964MB (lfb 8x4MB) SWAP 765/6078MB (cached 37MB) IRAM 0/252kB(lfb 252kB) CPU [5%@921,6%@921,off,off] EMC_FREQ 0%@1600 GR3D_FREQ 0%@614 APE 25 PLL@29.5C CPU@31.5C iwlwifi@32C PMIC@50C GPU@30C AO@41C thermal@30.5C POM_5V_IN 1689/1954 POM_5V_GPU 82/86 POM_5V_CPU 164/359
RAM 1375/3964MB (lfb 8x4MB) SWAP 765/6078MB (cached 37MB) IRAM 0/252kB(lfb 252kB) CPU [7%@921,7%@921,off,off] EMC_FREQ 0%@1600 GR3D_FREQ 0%@614 APE 25 PLL@30C CPU@31.5C iwlwifi@32C PMIC@50C GPU@30C AO@41C thermal@30.75C POM_5V_IN 2136/1954 POM_5V_GPU 82/86 POM_5V_CPU 533/359
RAM 1382/3964MB (lfb 8x4MB) SWAP 765/6078MB (cached 37MB) IRAM 0/252kB(lfb 252kB) CPU [9%@921,6%@921,off,off] EMC_FREQ 0%@1600 GR3D_FREQ 0%@614 APE 25 PLL@29.5C CPU@31.5C iwlwifi@32C PMIC@50C GPU@30C AO@41C thermal@30.75C POM_5V_IN 2215/1954 POM_5V_GPU 82/86 POM_5V_CPU 492/359
RAM 1392/3964MB (lfb 8x4MB) SWAP 765/6078MB (cached 37MB) IRAM 0/252kB(lfb 252kB) CPU [6%@921,8%@921,off,off] EMC_FREQ 0%@1600 GR3D_FREQ 0%@614 APE 25 PLL@30C CPU@32.5C iwlwifi@32C PMIC@50C GPU@30C AO@41C thermal@30.75C POM_5V_IN 2297/1954 POM_5V_GPU 82/86 POM_5V_CPU 573/359
RAM 1387/3964MB (lfb 8x4MB) SWAP 765/6078MB (cached 37MB) IRAM 0/252kB(lfb 252kB) CPU [7%@921,7%@921,off,off] EMC_FREQ 0%@1600 GR3D_FREQ 0%@614 APE 25 PLL@30C CPU@31.5C iwlwifi@32C PMIC@50C GPU@30C AO@41.5C thermal@30.5C POM_5V_IN 1972/1954 POM_5V_GPU 82/86 POM_5V_CPU 369/359
RAM 1391/3964MB (lfb 8x4MB) SWAP 765/6078MB (cached 37MB) IRAM 0/252kB(lfb 252kB) CPU [7%@921,6%@921,off,off] EMC_FREQ 0%@1600 GR3D_FREQ 0%@614 APE 25 PLL@30C CPU@31.5C iwlwifi@32C PMIC@50C GPU@30C AO@41.5C thermal@30.75C POM_5V_IN 1772/1954 POM_5V_GPU 82/86 POM_5V_CPU 206/359
RAM 1386/3964MB (lfb 8x4MB) SWAP 765/6078MB (cached 37MB) IRAM 0/252kB(lfb 252kB) CPU [4%@921,10%@921,off,off] EMC_FREQ 0%@1600 GR3D_FREQ 0%@614 APE 25 PLL@30C CPU@31.5C iwlwifi@32C PMIC@50C GPU@30C AO@41.5C thermal@30.75C POM_5V_IN 1892/1954 POM_5V_GPU 82/86 POM_5V_CPU 288/359
RAM 1385/3964MB (lfb 8x4MB) SWAP 765/6078MB (cached 37MB) IRAM 0/252kB(lfb 252kB) CPU [7%@921,6%@921,off,off] EMC_FREQ 0%@1600 GR3D_FREQ 0%@614 APE 25 PLL@30C CPU@31.5C iwlwifi@32C PMIC@50C GPU@30C AO@41C thermal@30.5C POM_5V_IN 1731/1954 POM_5V_GPU 82/86 POM_5V_CPU 164/359
RAM 1387/3964MB (lfb 8x4MB) SWAP 765/6078MB (cached 37MB) IRAM 0/252kB(lfb 252kB) CPU [7%@921,7%@921,off,off] EMC_FREQ 0%@1600 GR3D_FREQ 0%@614 APE 25 PLL@30C CPU@31.5C iwlwifi@32C PMIC@50C GPU@30C AO@41C thermal@30.75C POM_5V_IN 1689/1954 POM_5V_GPU 82/86 POM_5V_CPU 164/359
RAM 1386/3964MB (lfb 8x4MB) SWAP 765/6078MB (cached 37MB) IRAM 0/252kB(lfb 252kB) CPU [8%@921,5%@921,off,off] EMC_FREQ 0%@1600 GR3D_FREQ 0%@614 APE 25 PLL@29.5C CPU@31.5C iwlwifi@32C PMIC@50C GPU@30C AO@41C thermal@30.75C POM_5V_IN 1689/1954 POM_5V_GPU 82/86 POM_5V_CPU 164/359
RAM 1373/3964MB (lfb 8x4MB) SWAP 765/6078MB (cached 37MB) IRAM 0/252kB(lfb 252kB) CPU [3%@921,7%@921,off,off] EMC_FREQ 0%@1600 GR3D_FREQ 0%@614 APE 25 PLL@29.5C CPU@31C iwlwifi@32C PMIC@50C GPU@30C AO@41C thermal@30.75C POM_5V_IN 1689/1954 POM_5V_GPU 82/86 POM_5V_CPU 164/359
RAM 1389/3964MB (lfb 8x4MB) SWAP 765/6078MB (cached 37MB) IRAM 0/252kB(lfb 252kB) CPU [8%@921,8%@921,off,off] EMC_FREQ 0%@1600 GR3D_FREQ 0%@614 APE 25 PLL@30C CPU@31.5C iwlwifi@32C PMIC@50C GPU@30C AO@41C thermal@30.75C POM_5V_IN 2136/1954 POM_5V_GPU 82/86 POM_5V_CPU 533/359
RAM 1375/3964MB (lfb 8x4MB) SWAP 765/6078MB (cached 37MB) IRAM 0/252kB(lfb 252kB) CPU [6%@921,5%@921,off,off] EMC_FREQ 0%@1600 GR3D_FREQ 0%@614 APE 25 PLL@29.5C CPU@32C iwlwifi@32C PMIC@50C GPU@30C AO@41C thermal@30.5C POM_5V_IN 1689/1954 POM_5V_GPU 82/86 POM_5V_CPU 164/359
RAM 1375/3964MB (lfb 8x4MB) SWAP 765/6078MB (cached 37MB) IRAM 0/252kB(lfb 252kB) CPU [5%@921,10%@921,off,off] EMC_FREQ 0%@1600 GR3D_FREQ 0%@614 APE 25 PLL@30C CPU@31.5C iwlwifi@32C PMIC@50C GPU@30C AO@41C thermal@31C POM_5V_IN 2133/1954 POM_5V_GPU 82/86 POM_5V_CPU 533/359
RAM 1376/3964MB (lfb 8x4MB) SWAP 765/6078MB (cached 37MB) IRAM 0/252kB(lfb 252kB) CPU [5%@921,9%@921,off,off] EMC_FREQ 0%@1600 GR3D_FREQ 0%@614 APE 25 PLL@30C CPU@32C iwlwifi@32C PMIC@50C GPU@30C AO@41C thermal@30.75C POM_5V_IN 2297/1954 POM_5V_GPU 82/86 POM_5V_CPU 573/359
RAM 1389/3964MB (lfb 8x4MB) SWAP 765/6078MB (cached 37MB) IRAM 0/252kB(lfb 252kB) CPU [10%@921,6%@921,off,off] EMC_FREQ 0%@1600 GR3D_FREQ 0%@614 APE 25 PLL@30C CPU@31.5C iwlwifi@32C PMIC@50C GPU@30C AO@41C thermal@30.75C POM_5V_IN 2256/1954 POM_5V_GPU 82/86 POM_5V_CPU 573/359
RAM 1387/3964MB (lfb 8x4MB) SWAP 765/6078MB (cached 37MB) IRAM 0/252kB(lfb 252kB) CPU [5%@921,9%@921,off,off] EMC_FREQ 0%@1600 GR3D_FREQ 0%@614 APE 25 PLL@29.5C CPU@31.5C iwlwifi@32C PMIC@50C GPU@30C AO@41C thermal@30.75C POM_5V_IN 1851/1954 POM_5V_GPU 82/86 POM_5V_CPU 288/359
RAM 1385/3964MB (lfb 8x4MB) SWAP 765/6078MB (cached 37MB) IRAM 0/252kB(lfb 252kB) CPU [8%@921,6%@921,off,off] EMC_FREQ 0%@1600 GR3D_FREQ 0%@614 APE 25 PLL@30C CPU@31.5C iwlwifi@32C PMIC@50C GPU@30.5C AO@41C thermal@30.75C POM_5V_IN 1731/1954 POM_5V_GPU 82/86 POM_5V_CPU 164/359
RAM 1387/3964MB (lfb 8x4MB) SWAP 765/6078MB (cached 37MB) IRAM 0/252kB(lfb 252kB) CPU [7%@921,7%@921,off,off] EMC_FREQ 0%@1600 GR3D_FREQ 0%@614 APE 25 PLL@29.5C CPU@31.5C iwlwifi@32C PMIC@50C GPU@30C AO@41C thermal@30.75C POM_5V_IN 1731/1954 POM_5V_GPU 82/86 POM_5V_CPU 164/359
RAM 1386/3964MB (lfb 8x4MB) SWAP 765/6078MB (cached 37MB) IRAM 0/252kB(lfb 252kB) CPU [6%@921,8%@921,off,off] EMC_FREQ 0%@1600 GR3D_FREQ 0%@614 APE 25 PLL@30C CPU@31.5C iwlwifi@32C PMIC@50C GPU@30C AO@41C thermal@31C POM_5V_IN 1731/1954 POM_5V_GPU 82/86 POM_5V_CPU 164/359
RAM 1386/3964MB (lfb 8x4MB) SWAP 765/6078MB (cached 37MB) IRAM 0/252kB(lfb 252kB) CPU [7%@921,6%@921,off,off] EMC_FREQ 0%@1600 GR3D_FREQ 0%@614 APE 25 PLL@30C CPU@31.5C iwlwifi@32C PMIC@50C GPU@30C AO@41C thermal@30.5C POM_5V_IN 1731/1953 POM_5V_GPU 82/86 POM_5V_CPU 164/358
RAM 1368/3964MB (lfb 8x4MB) SWAP 765/6078MB (cached 37MB) IRAM 0/252kB(lfb 252kB) CPU [4%@921,5%@921,off,off] EMC_FREQ 0%@1600 GR3D_FREQ 0%@614 APE 25 PLL@30C CPU@31.5C iwlwifi@32C PMIC@50C GPU@30C AO@40.5C thermal@30.75C POM_5V_IN 1689/1953 POM_5V_GPU 82/86 POM_5V_CPU 164/358
RAM 1387/3964MB (lfb 8x4MB) SWAP 765/6078MB (cached 37MB) IRAM 0/252kB(lfb 252kB) CPU [9%@921,9%@921,off,off] EMC_FREQ 0%@1600 GR3D_FREQ 0%@614 APE 25 PLL@30C CPU@31.5C iwlwifi@32C PMIC@50C GPU@30C AO@41C thermal@31C POM_5V_IN 2095/1953 POM_5V_GPU 82/86 POM_5V_CPU 533/358
RAM 1373/3964MB (lfb 8x4MB) SWAP 765/6078MB (cached 37MB) IRAM 0/252kB(lfb 252kB) CPU [7%@921,4%@921,off,off] EMC_FREQ 0%@1600 GR3D_FREQ 0%@614 APE 25 PLL@29.5C CPU@31.5C iwlwifi@32C PMIC@50C GPU@30C AO@41C thermal@30.5C POM_5V_IN 1772/1953 POM_5V_GPU 82/86 POM_5V_CPU 206/358
RAM 1373/3964MB (lfb 8x4MB) SWAP 765/6078MB (cached 37MB) IRAM 0/252kB(lfb 252kB) CPU [7%@921,6%@921,off,off] EMC_FREQ 0%@1600 GR3D_FREQ 0%@614 APE 25 PLL@30C CPU@31.5C iwlwifi@32C PMIC@50C GPU@30C AO@41C thermal@30.75C POM_5V_IN 2133/1953 POM_5V_GPU 82/86 POM_5V_CPU 574/358
RAM 1386/3964MB (lfb 8x4MB) SWAP 765/6078MB (cached 37MB) IRAM 0/252kB(lfb 252kB) CPU [9%@921,8%@921,off,off] EMC_FREQ 0%@1600 GR3D_FREQ 0%@614 APE 25 PLL@30C CPU@31.5C iwlwifi@32C PMIC@50C GPU@29.5C AO@41C thermal@30.75C POM_5V_IN 2136/1953 POM_5V_GPU 82/86 POM_5V_CPU 533/359
RAM 1377/3964MB (lfb 8x4MB) SWAP 765/6078MB (cached 37MB) IRAM 0/252kB(lfb 252kB) CPU [5%@921,7%@921,off,off] EMC_FREQ 0%@1600 GR3D_FREQ 0%@614 APE 25 PLL@29.5C CPU@32C iwlwifi@32C PMIC@50C GPU@30C AO@41C thermal@30.75C POM_5V_IN 1689/1953 POM_5V_GPU 82/86 POM_5V_CPU 164/358
RAM 1382/3964MB (lfb 8x4MB) SWAP 765/6078MB (cached 37MB) IRAM 0/252kB(lfb 252kB) CPU [8%@921,7%@921,off,off] EMC_FREQ 0%@1600 GR3D_FREQ 0%@614 APE 25 PLL@30C CPU@31.5C iwlwifi@32C PMIC@50C GPU@30C AO@41.5C thermal@30.75C POM_5V_IN 2297/1954 POM_5V_GPU 81/86 POM_5V_CPU 573/359
RAM 1389/3964MB (lfb 8x4MB) SWAP 765/6078MB (cached 37MB) IRAM 0/252kB(lfb 252kB) CPU [8%@921,6%@921,off,off] EMC_FREQ 0%@1600 GR3D_FREQ 0%@614 APE 25 PLL@29.5C CPU@31.5C iwlwifi@32C PMIC@50C GPU@30C AO@41C thermal@30.5C POM_5V_IN 2095/1954 POM_5V_GPU 82/86 POM_5V_CPU 451/359
RAM 1387/3964MB (lfb 8x4MB) SWAP 765/6078MB (cached 37MB) IRAM 0/252kB(lfb 252kB) CPU [7%@921,6%@921,off,off] EMC_FREQ 0%@1600 GR3D_FREQ 0%@614 APE 25 PLL@29.5C CPU@31.5C iwlwifi@32C PMIC@50C GPU@30C AO@41C thermal@30.5C POM_5V_IN 1731/1953 POM_5V_GPU 82/86 POM_5V_CPU 164/359
RAM 1386/3964MB (lfb 8x4MB) SWAP 765/6078MB (cached 37MB) IRAM 0/252kB(lfb 252kB) CPU [6%@921,8%@921,off,off] EMC_FREQ 0%@1600 GR3D_FREQ 0%@614 APE 25 PLL@29.5C CPU@31C iwlwifi@32C PMIC@50C GPU@30C AO@40.5C thermal@30.75C POM_5V_IN 1689/1953 POM_5V_GPU 82/86 POM_5V_CPU 164/358
RAM 1388/3964MB (lfb 8x4MB) SWAP 765/6078MB (cached 37MB) IRAM 0/252kB(lfb 252kB) CPU [8%@921,5%@921,off,off] EMC_FREQ 0%@1600 GR3D_FREQ 0%@614 APE 25 PLL@30C CPU@31.5C iwlwifi@32C PMIC@50C GPU@30C AO@41C thermal@31C POM_5V_IN 1689/1953 POM_5V_GPU 82/86 POM_5V_CPU 164/358
RAM 1370/3964MB (lfb 8x4MB) SWAP 765/6078MB (cached 37MB) IRAM 0/252kB(lfb 252kB) CPU [6%@921,4%@921,off,off] EMC_FREQ 0%@1600 GR3D_FREQ 0%@614 APE 25 PLL@30C CPU@31C iwlwifi@32C PMIC@50C GPU@29.5C AO@41C thermal@30.75C POM_5V_IN 1689/1953 POM_5V_GPU 82/86 POM_5V_CPU 164/358
RAM 1388/3964MB (lfb 8x4MB) SWAP 765/6078MB (cached 37MB) IRAM 0/252kB(lfb 252kB) CPU [10%@921,8%@921,off,off] EMC_FREQ 0%@1600 GR3D_FREQ 0%@614 APE 25 PLL@30C CPU@31.5C iwlwifi@32C PMIC@50C GPU@30C AO@41C thermal@30.75C POM_5V_IN 2095/1953 POM_5V_GPU 82/86 POM_5V_CPU 533/358
RAM 1374/3964MB (lfb 8x4MB) SWAP 765/6078MB (cached 37MB) IRAM 0/252kB(lfb 252kB) CPU [5%@921,6%@921,off,off] EMC_FREQ 0%@1600 GR3D_FREQ 0%@614 APE 25 PLL@29.5C CPU@31.5C iwlwifi@32C PMIC@50C GPU@30C AO@41.5C thermal@30.75C POM_5V_IN 1689/1953 POM_5V_GPU 82/86 POM_5V_CPU 164/358
RAM 1386/3964MB (lfb 8x4MB) SWAP 765/6078MB (cached 37MB) IRAM 0/252kB(lfb 252kB) CPU [8%@921,9%@921,off,off] EMC_FREQ 0%@1600 GR3D_FREQ 0%@614 APE 25 PLL@30C CPU@31.5C iwlwifi@32C PMIC@50C GPU@30C AO@40.5C thermal@31C POM_5V_IN 2136/1953 POM_5V_GPU 82/86 POM_5V_CPU 533/358
RAM 1377/3964MB (lfb 8x4MB) SWAP 765/6078MB (cached 37MB) IRAM 0/252kB(lfb 252kB) CPU [4%@921,8%@921,off,off] EMC_FREQ 0%@1600 GR3D_FREQ 0%@614 APE 25 PLL@30C CPU@31.5C iwlwifi@32C PMIC@50C GPU@30C AO@41C thermal@30.75C POM_5V_IN 1689/1953 POM_5V_GPU 82/86 POM_5V_CPU 164/358
RAM 1376/3964MB (lfb 8x4MB) SWAP 765/6078MB (cached 37MB) IRAM 0/252kB(lfb 252kB) CPU [8%@921,7%@921,off,off] EMC_FREQ 0%@1600 GR3D_FREQ 0%@614 APE 25 PLL@30C CPU@31.5C iwlwifi@32C PMIC@50C GPU@30C AO@41.5C thermal@30.75C POM_5V_IN 2334/1953 POM_5V_GPU 82/86 POM_5V_CPU 532/358
RAM 1389/3964MB (lfb 8x4MB) SWAP 765/6078MB (cached 37MB) IRAM 0/252kB(lfb 252kB) CPU [5%@921,9%@921,off,off] EMC_FREQ 0%@1600 GR3D_FREQ 0%@614 APE 25 PLL@30C CPU@32C iwlwifi@32C PMIC@50C GPU@30C AO@41C thermal@30.75C POM_5V_IN 2297/1953 POM_5V_GPU 81/86 POM_5V_CPU 573/358
RAM 1385/3964MB (lfb 8x4MB) SWAP 765/6078MB (cached 37MB) IRAM 0/252kB(lfb 252kB) CPU [7%@921,6%@921,off,off] EMC_FREQ 0%@1600 GR3D_FREQ 0%@614 APE 25 PLL@30C CPU@31.5C iwlwifi@32C PMIC@50C GPU@30C AO@41C thermal@30.5C POM_5V_IN 1934/1953 POM_5V_GPU 82/86 POM_5V_CPU 329/358
RAM 1390/3964MB (lfb 8x4MB) SWAP 765/6078MB (cached 37MB) IRAM 0/252kB(lfb 252kB) CPU [8%@921,6%@921,off,off] EMC_FREQ 0%@1600 GR3D_FREQ 0%@614 APE 25 PLL@30C CPU@31.5C iwlwifi@32C PMIC@50C GPU@30.5C AO@40.5C thermal@30.75C POM_5V_IN 1731/1953 POM_5V_GPU 82/86 POM_5V_CPU 164/358
RAM 1391/3964MB (lfb 8x4MB) SWAP 765/6078MB (cached 37MB) IRAM 0/252kB(lfb 252kB) CPU [9%@921,4%@921,off,off] EMC_FREQ 0%@1600 GR3D_FREQ 0%@614 APE 25 PLL@30C CPU@31.5C iwlwifi@32C PMIC@50C GPU@30C AO@41C thermal@30.75C POM_5V_IN 1731/1953 POM_5V_GPU 82/86 POM_5V_CPU 164/358
RAM 1387/3964MB (lfb 8x4MB) SWAP 765/6078MB (cached 37MB) IRAM 0/252kB(lfb 252kB) CPU [6%@921,7%@921,off,off] EMC_FREQ 0%@1600 GR3D_FREQ 0%@614 APE 25 PLL@29.5C CPU@31C iwlwifi@32C PMIC@50C GPU@30C AO@40.5C thermal@30.5C POM_5V_IN 1731/1953 POM_5V_GPU 82/86 POM_5V_CPU 164/358
RAM 1387/3964MB (lfb 8x4MB) SWAP 765/6078MB (cached 37MB) IRAM 0/252kB(lfb 252kB) CPU [8%@921,5%@921,off,off] EMC_FREQ 0%@1600 GR3D_FREQ 0%@614 APE 25 PLL@29.5C CPU@31.5C iwlwifi@32C PMIC@50C GPU@30C AO@40.5C thermal@30.75C POM_5V_IN 1689/1953 POM_5V_GPU 82/86 POM_5V_CPU 164/358
RAM 1370/3964MB (lfb 8x4MB) SWAP 765/6078MB (cached 37MB) IRAM 0/252kB(lfb 252kB) CPU [6%@921,4%@921,off,off] EMC_FREQ 0%@1600 GR3D_FREQ 0%@614 APE 25 PLL@29.5C CPU@31.5C iwlwifi@32C PMIC@50C GPU@30C AO@41C thermal@30.75C POM_5V_IN 1689/1953 POM_5V_GPU 82/86 POM_5V_CPU 164/358
RAM 1388/3964MB (lfb 8x4MB) SWAP 765/6078MB (cached 37MB) IRAM 0/252kB(lfb 252kB) CPU [6%@921,11%@921,off,off] EMC_FREQ 0%@1600 GR3D_FREQ 0%@614 APE 25 PLL@30C CPU@32C iwlwifi@32C PMIC@50C GPU@30C AO@41C thermal@30.75C POM_5V_IN 2136/1953 POM_5V_GPU 82/86 POM_5V_CPU 533/358
RAM 1375/3964MB (lfb 8x4MB) SWAP 765/6078MB (cached 37MB) IRAM 0/252kB(lfb 252kB) CPU [6%@921,4%@921,off,off] EMC_FREQ 0%@1600 GR3D_FREQ 0%@614 APE 25 PLL@29.5C CPU@31.5C iwlwifi@32C PMIC@50C GPU@30C AO@41C thermal@30.5C POM_5V_IN 1687/1953 POM_5V_GPU 82/86 POM_5V_CPU 164/358
RAM 1389/3964MB (lfb 8x4MB) SWAP 765/6078MB (cached 37MB) IRAM 0/252kB(lfb 252kB) CPU [8%@921,9%@921,off,off] EMC_FREQ 0%@1600 GR3D_FREQ 0%@614 APE 25 PLL@30C CPU@32C iwlwifi@32C PMIC@50C GPU@29.5C AO@40.5C thermal@30.25C POM_5V_IN 2136/1953 POM_5V_GPU 82/86 POM_5V_CPU 533/358
RAM 1376/3964MB (lfb 8x4MB) SWAP 765/6078MB (cached 37MB) IRAM 0/252kB(lfb 252kB) CPU [7%@921,5%@921,off,off] EMC_FREQ 0%@1600 GR3D_FREQ 0%@614 APE 25 PLL@30C CPU@31C iwlwifi@32C PMIC@50C GPU@30C AO@41.5C thermal@30.75C POM_5V_IN 1772/1953 POM_5V_GPU 82/86 POM_5V_CPU 206/358
RAM 1380/3964MB (lfb 8x4MB) SWAP 765/6078MB (cached 37MB) IRAM 0/252kB(lfb 252kB) CPU [8%@921,6%@921,off,off] EMC_FREQ 0%@1600 GR3D_FREQ 0%@614 APE 25 PLL@30C CPU@31.5C iwlwifi@32C PMIC@50C GPU@30C AO@41C thermal@30.5C POM_5V_IN 2256/1953 POM_5V_GPU 82/86 POM_5V_CPU 573/358
RAM 1382/3964MB (lfb 8x4MB) SWAP 765/6078MB (cached 37MB) IRAM 0/252kB(lfb 252kB) CPU [6%@921,8%@921,off,off] EMC_FREQ 0%@1600 GR3D_FREQ 0%@614 APE 25 PLL@29.5C CPU@31.5C iwlwifi@32C PMIC@50C GPU@30C AO@41C thermal@30.5C POM_5V_IN 2215/1953 POM_5V_GPU 82/86 POM_5V_CPU 574/358
RAM 1389/3964MB (lfb 8x4MB) SWAP 765/6078MB (cached 37MB) IRAM 0/252kB(lfb 252kB) CPU [8%@921,6%@921,off,off] EMC_FREQ 0%@1600 GR3D_FREQ 0%@614 APE 25 PLL@30C CPU@31.5C iwlwifi@32C PMIC@50C GPU@30C AO@41C thermal@31C POM_5V_IN 2095/1953 POM_5V_GPU 82/86 POM_5V_CPU 493/358
RAM 1387/3964MB (lfb 8x4MB) SWAP 765/6078MB (cached 37MB) IRAM 0/252kB(lfb 252kB) CPU [5%@921,8%@921,off,off] EMC_FREQ 0%@1600 GR3D_FREQ 0%@614 APE 25 PLL@29.5C CPU@31.5C iwlwifi@32C PMIC@50C GPU@30C AO@41C thermal@30.75C POM_5V_IN 1731/1953 POM_5V_GPU 82/86 POM_5V_CPU 164/358
RAM 1389/3964MB (lfb 8x4MB) SWAP 765/6078MB (cached 37MB) IRAM 0/252kB(lfb 252kB) CPU [6%@921,8%@921,off,off] EMC_FREQ 0%@1600 GR3D_FREQ 0%@614 APE 25 PLL@29.5C CPU@31.5C iwlwifi@32C PMIC@50C GPU@29.5C AO@40.5C thermal@30.75C POM_5V_IN 1689/1953 POM_5V_GPU 82/86 POM_5V_CPU 164/358
RAM 1389/3964MB (lfb 8x4MB) SWAP 765/6078MB (cached 37MB) IRAM 0/252kB(lfb 252kB) CPU [10%@921,4%@921,off,off] EMC_FREQ 0%@1600 GR3D_FREQ 0%@614 APE 25 PLL@29.5C CPU@31C iwlwifi@32C PMIC@50C GPU@30C AO@41C thermal@30.75C POM_5V_IN 1689/1953 POM_5V_GPU 82/86 POM_5V_CPU 164/358
RAM 1387/3964MB (lfb 8x4MB) SWAP 765/6078MB (cached 37MB) IRAM 0/252kB(lfb 252kB) CPU [8%@921,6%@921,off,off] EMC_FREQ 0%@1600 GR3D_FREQ 0%@614 APE 25 PLL@29.5C CPU@31.5C iwlwifi@32C PMIC@50C GPU@30C AO@41C thermal@30.25C POM_5V_IN 1731/1953 POM_5V_GPU 82/86 POM_5V_CPU 164/358
RAM 1370/3964MB (lfb 8x4MB) SWAP 765/6078MB (cached 37MB) IRAM 0/252kB(lfb 252kB) CPU [5%@921,5%@921,off,off] EMC_FREQ 0%@1600 GR3D_FREQ 0%@614 APE 25 PLL@29.5C CPU@31.5C iwlwifi@32C PMIC@50C GPU@30C AO@40.5C thermal@30.75C POM_5V_IN 1689/1953 POM_5V_GPU 82/86 POM_5V_CPU 164/358
RAM 1386/3964MB (lfb 8x4MB) SWAP 765/6078MB (cached 37MB) IRAM 0/252kB(lfb 252kB) CPU [7%@921,11%@921,off,off] EMC_FREQ 0%@1600 GR3D_FREQ 0%@614 APE 25 PLL@29.5C CPU@31.5C iwlwifi@32C PMIC@50C GPU@30C AO@41C thermal@30.75C POM_5V_IN 2133/1953 POM_5V_GPU 82/86 POM_5V_CPU 533/358
RAM 1375/3964MB (lfb 8x4MB) SWAP 765/6078MB (cached 37MB) IRAM 0/252kB(lfb 252kB) CPU [6%@921,4%@921,off,off] EMC_FREQ 0%@1600 GR3D_FREQ 0%@614 APE 25 PLL@30C CPU@31.5C iwlwifi@32C PMIC@50C GPU@30C AO@41C thermal@30.75C POM_5V_IN 1772/1953 POM_5V_GPU 82/86 POM_5V_CPU 164/358
RAM 1376/3964MB (lfb 8x4MB) SWAP 765/6078MB (cached 37MB) IRAM 0/252kB(lfb 252kB) CPU [9%@921,6%@921,off,off] EMC_FREQ 0%@1600 GR3D_FREQ 0%@614 APE 25 PLL@30C CPU@32C iwlwifi@32C PMIC@50C GPU@30C AO@41C thermal@30.75C POM_5V_IN 2133/1953 POM_5V_GPU 82/86 POM_5V_CPU 574/358
RAM 1380/3964MB (lfb 8x4MB) SWAP 765/6078MB (cached 37MB) IRAM 0/252kB(lfb 252kB) CPU [10%@921,5%@921,off,off] EMC_FREQ 0%@1600 GR3D_FREQ 0%@614 APE 25 PLL@30C CPU@31.5C iwlwifi@32C PMIC@50C GPU@30C AO@41C thermal@30.75C POM_5V_IN 2174/1953 POM_5V_GPU 82/86 POM_5V_CPU 574/358
RAM 1393/3964MB (lfb 8x4MB) SWAP 765/6078MB (cached 37MB) IRAM 0/252kB(lfb 252kB) CPU [7%@921,7%@921,off,off] EMC_FREQ 0%@1600 GR3D_FREQ 0%@614 APE 25 PLL@30.5C CPU@31.5C iwlwifi@32C PMIC@50C GPU@30C AO@41C thermal@30.75C POM_5V_IN 2297/1953 POM_5V_GPU 82/86 POM_5V_CPU 573/358
RAM 1385/3964MB (lfb 8x4MB) SWAP 765/6078MB (cached 37MB) IRAM 0/252kB(lfb 252kB) CPU [9%@921,5%@921,off,off] EMC_FREQ 0%@1600 GR3D_FREQ 0%@614 APE 25 PLL@30C CPU@31.5C iwlwifi@32C PMIC@50C GPU@30C AO@40.5C thermal@30.75C POM_5V_IN 1972/1953 POM_5V_GPU 82/86 POM_5V_CPU 369/358
RAM 1387/3964MB (lfb 8x4MB) SWAP 765/6078MB (cached 37MB) IRAM 0/252kB(lfb 252kB) CPU [8%@921,6%@921,off,off] EMC_FREQ 0%@1600 GR3D_FREQ 0%@614 APE 25 PLL@30C CPU@31.5C iwlwifi@32C PMIC@50C GPU@30C AO@41C thermal@30.75C POM_5V_IN 1772/1953 POM_5V_GPU 82/86 POM_5V_CPU 206/358
RAM 1385/3964MB (lfb 8x4MB) SWAP 765/6078MB (cached 37MB) IRAM 0/252kB(lfb 252kB) CPU [4%@921,10%@921,off,off] EMC_FREQ 0%@1600 GR3D_FREQ 0%@614 APE 25 PLL@29.5C CPU@31.5C iwlwifi@32C PMIC@50C GPU@30.5C AO@41C thermal@30.75C POM_5V_IN 1728/1953 POM_5V_GPU 82/86 POM_5V_CPU 164/358
RAM 1389/3964MB (lfb 8x4MB) SWAP 765/6078MB (cached 37MB) IRAM 0/252kB(lfb 252kB) CPU [7%@921,7%@921,off,off] EMC_FREQ 0%@1600 GR3D_FREQ 0%@614 APE 25 PLL@30C CPU@31C iwlwifi@32C PMIC@50C GPU@30C AO@40.5C thermal@30.75C POM_5V_IN 1689/1953 POM_5V_GPU 82/86 POM_5V_CPU 164/358
RAM 1386/3964MB (lfb 8x4MB) SWAP 765/6078MB (cached 37MB) IRAM 0/252kB(lfb 252kB) CPU [7%@921,7%@921,off,off] EMC_FREQ 0%@1600 GR3D_FREQ 0%@614 APE 25 PLL@30C CPU@31.5C iwlwifi@32C PMIC@50C GPU@30C AO@41C thermal@30.75C POM_5V_IN 1731/1953 POM_5V_GPU 82/86 POM_5V_CPU 164/358
RAM 1386/3964MB (lfb 8x4MB) SWAP 765/6078MB (cached 37MB) IRAM 0/252kB(lfb 252kB) CPU [7%@921,6%@921,off,off] EMC_FREQ 0%@1600 GR3D_FREQ 0%@614 APE 25 PLL@29.5C CPU@31.5C iwlwifi@32C PMIC@50C GPU@30C AO@41C thermal@30.5C POM_5V_IN 1689/1952 POM_5V_GPU 82/86 POM_5V_CPU 164/358
RAM 1375/3964MB (lfb 8x4MB) SWAP 765/6078MB (cached 37MB) IRAM 0/252kB(lfb 252kB) CPU [3%@921,7%@921,off,off] EMC_FREQ 0%@1600 GR3D_FREQ 0%@614 APE 25 PLL@29.5C CPU@31.5C iwlwifi@32C PMIC@50C GPU@30C AO@41C thermal@30.75C POM_5V_IN 1689/1952 POM_5V_GPU 82/86 POM_5V_CPU 164/358
RAM 1385/3964MB (lfb 8x4MB) SWAP 765/6078MB (cached 37MB) IRAM 0/252kB(lfb 252kB) CPU [7%@921,10%@921,off,off] EMC_FREQ 0%@1600 GR3D_FREQ 0%@614 APE 25 PLL@30C CPU@31.5C iwlwifi@32C PMIC@50C GPU@30C AO@41C thermal@30.75C POM_5V_IN 2136/1952 POM_5V_GPU 82/86 POM_5V_CPU 533/358
RAM 1378/3964MB (lfb 8x4MB) SWAP 765/6078MB (cached 37MB) IRAM 0/252kB(lfb 252kB) CPU [6%@921,6%@921,off,off] EMC_FREQ 0%@1600 GR3D_FREQ 0%@614 APE 25 PLL@29.5C CPU@31.5C iwlwifi@32C PMIC@50C GPU@30C AO@41C thermal@30.75C POM_5V_IN 1731/1952 POM_5V_GPU 82/86 POM_5V_CPU 164/358
RAM 1377/3964MB (lfb 8x4MB) SWAP 765/6078MB (cached 37MB) IRAM 0/252kB(lfb 252kB) CPU [5%@921,8%@921,off,off] EMC_FREQ 0%@1600 GR3D_FREQ 0%@614 APE 25 PLL@30C CPU@31.5C iwlwifi@32C PMIC@50C GPU@30C AO@41.5C thermal@30.75C POM_5V_IN 2174/1952 POM_5V_GPU 82/86 POM_5V_CPU 533/358
RAM 1380/3964MB (lfb 8x4MB) SWAP 765/6078MB (cached 37MB) IRAM 0/252kB(lfb 252kB) CPU [9%@921,7%@921,off,off] EMC_FREQ 0%@1600 GR3D_FREQ 0%@614 APE 25 PLL@30C CPU@31.5C iwlwifi@32C PMIC@50C GPU@30C AO@41C thermal@31C POM_5V_IN 2215/1952 POM_5V_GPU 82/86 POM_5V_CPU 492/358
RAM 1393/3964MB (lfb 8x4MB) SWAP 765/6078MB (cached 37MB) IRAM 0/252kB(lfb 252kB) CPU [5%@921,9%@921,off,off] EMC_FREQ 0%@1600 GR3D_FREQ 0%@614 APE 25 PLL@30C CPU@31.5C iwlwifi@32C PMIC@50C GPU@30C AO@41.5C thermal@30.75C POM_5V_IN 2215/1953 POM_5V_GPU 82/86 POM_5V_CPU 574/358
RAM 1386/3964MB (lfb 8x4MB) SWAP 765/6078MB (cached 37MB) IRAM 0/252kB(lfb 252kB) CPU [6%@921,8%@921,off,off] EMC_FREQ 0%@1600 GR3D_FREQ 0%@614 APE 25 PLL@30C CPU@32C iwlwifi@32C PMIC@50C GPU@30C AO@41C thermal@31C POM_5V_IN 1892/1953 POM_5V_GPU 82/86 POM_5V_CPU 288/358
RAM 1387/3964MB (lfb 8x4MB) SWAP 765/6078MB (cached 37MB) IRAM 0/252kB(lfb 252kB) CPU [9%@921,3%@921,off,off] EMC_FREQ 0%@1600 GR3D_FREQ 0%@614 APE 25 PLL@29.5C CPU@31.5C iwlwifi@32C PMIC@50C GPU@30C AO@41C thermal@30.75C POM_5V_IN 1731/1952 POM_5V_GPU 82/86 POM_5V_CPU 164/358
RAM 1386/3964MB (lfb 8x4MB) SWAP 765/6078MB (cached 37MB) IRAM 0/252kB(lfb 252kB) CPU [10%@921,3%@921,off,off] EMC_FREQ 0%@1600 GR3D_FREQ 0%@614 APE 25 PLL@29.5C CPU@31.5C iwlwifi@32C PMIC@50C GPU@30C AO@41.5C thermal@30.75C POM_5V_IN 1689/1952 POM_5V_GPU 82/86 POM_5V_CPU 164/358
RAM 1389/3964MB (lfb 8x4MB) SWAP 765/6078MB (cached 37MB) IRAM 0/252kB(lfb 252kB) CPU [9%@921,5%@921,off,off] EMC_FREQ 0%@1600 GR3D_FREQ 0%@614 APE 25 PLL@30C CPU@31.5C iwlwifi@32C PMIC@50C GPU@30C AO@41C thermal@30.75C POM_5V_IN 1689/1952 POM_5V_GPU 82/86 POM_5V_CPU 164/358
RAM 1385/3964MB (lfb 8x4MB) SWAP 765/6078MB (cached 37MB) IRAM 0/252kB(lfb 252kB) CPU [6%@921,8%@921,off,off] EMC_FREQ 0%@1600 GR3D_FREQ 0%@614 APE 25 PLL@29.5C CPU@31.5C iwlwifi@32C PMIC@50C GPU@30C AO@41C thermal@30.75C POM_5V_IN 1689/1952 POM_5V_GPU 82/86 POM_5V_CPU 164/357
RAM 1372/3964MB (lfb 8x4MB) SWAP 765/6078MB (cached 37MB) IRAM 0/252kB(lfb 252kB) CPU [4%@921,6%@921,off,off] EMC_FREQ 0%@1600 GR3D_FREQ 0%@614 APE 25 PLL@30C CPU@31C iwlwifi@32C PMIC@50C GPU@30C AO@40.5C thermal@30.5C POM_5V_IN 1689/1952 POM_5V_GPU 82/86 POM_5V_CPU 164/357
RAM 1389/3964MB (lfb 8x4MB) SWAP 765/6078MB (cached 37MB) IRAM 0/252kB(lfb 252kB) CPU [7%@921,11%@921,off,off] EMC_FREQ 0%@1600 GR3D_FREQ 0%@614 APE 25 PLL@30C CPU@31.5C iwlwifi@32C PMIC@50C GPU@30C AO@41.5C thermal@30.75C POM_5V_IN 2136/1952 POM_5V_GPU 82/86 POM_5V_CPU 533/357
RAM 1373/3964MB (lfb 8x4MB) SWAP 765/6078MB (cached 37MB) IRAM 0/252kB(lfb 252kB) CPU [6%@921,5%@921,off,off] EMC_FREQ 0%@1600 GR3D_FREQ 0%@614 APE 25 PLL@29.5C CPU@31.5C iwlwifi@32C PMIC@50C GPU@30C AO@41C thermal@30.75C POM_5V_IN 1689/1952 POM_5V_GPU 82/86 POM_5V_CPU 123/357
RAM 1376/3964MB (lfb 8x4MB) SWAP 765/6078MB (cached 37MB) IRAM 0/252kB(lfb 252kB) CPU [8%@921,6%@921,off,off] EMC_FREQ 0%@1600 GR3D_FREQ 0%@614 APE 25 PLL@30C CPU@32C iwlwifi@32C PMIC@50C GPU@30C AO@41C thermal@30.75C POM_5V_IN 2133/1952 POM_5V_GPU 82/86 POM_5V_CPU 533/357
RAM 1376/3964MB (lfb 8x4MB) SWAP 765/6078MB (cached 37MB) IRAM 0/252kB(lfb 252kB) CPU [6%@921,9%@921,off,off] EMC_FREQ 0%@1600 GR3D_FREQ 0%@614 APE 25 PLL@29.5C CPU@31.5C iwlwifi@32C PMIC@50C GPU@30C AO@41C thermal@30.5C POM_5V_IN 2133/1952 POM_5V_GPU 82/86 POM_5V_CPU 574/358
RAM 1380/3964MB (lfb 8x4MB) SWAP 765/6078MB (cached 37MB) IRAM 0/252kB(lfb 252kB) CPU [5%@921,8%@921,off,off] EMC_FREQ 0%@1600 GR3D_FREQ 0%@614 APE 25 PLL@30C CPU@32C iwlwifi@32C PMIC@50C GPU@30C AO@41C thermal@30.5C POM_5V_IN 2256/1952 POM_5V_GPU 82/86 POM_5V_CPU 573/358
RAM 1391/3964MB (lfb 8x4MB) SWAP 765/6078MB (cached 37MB) IRAM 0/252kB(lfb 252kB) CPU [9%@921,6%@921,off,off] EMC_FREQ 0%@1600 GR3D_FREQ 0%@614 APE 25 PLL@30C CPU@31.5C iwlwifi@32C PMIC@50C GPU@30C AO@41C thermal@30.75C POM_5V_IN 2293/1952 POM_5V_GPU 81/86 POM_5V_CPU 614/358
RAM 1386/3964MB (lfb 8x4MB) SWAP 765/6078MB (cached 37MB) IRAM 0/252kB(lfb 252kB) CPU [4%@921,9%@921,off,off] EMC_FREQ 0%@1600 GR3D_FREQ 0%@614 APE 25 PLL@29.5C CPU@31.5C iwlwifi@32C PMIC@50C GPU@30C AO@41C thermal@30.5C POM_5V_IN 1851/1952 POM_5V_GPU 82/86 POM_5V_CPU 246/358
RAM 1385/3964MB (lfb 8x4MB) SWAP 765/6078MB (cached 37MB) IRAM 0/252kB(lfb 252kB) CPU [9%@921,5%@921,off,off] EMC_FREQ 0%@1600 GR3D_FREQ 0%@614 APE 25 PLL@30C CPU@31.5C iwlwifi@32C PMIC@50C GPU@29.5C AO@41C thermal@30.5C POM_5V_IN 1731/1952 POM_5V_GPU 82/86 POM_5V_CPU 164/358
RAM 1387/3964MB (lfb 8x4MB) SWAP 765/6078MB (cached 37MB) IRAM 0/252kB(lfb 252kB) CPU [7%@921,6%@921,off,off] EMC_FREQ 0%@1600 GR3D_FREQ 0%@614 APE 25 PLL@29.5C CPU@31C iwlwifi@32C PMIC@50C GPU@29.5C AO@40.5C thermal@30.5C POM_5V_IN 1689/1952 POM_5V_GPU 82/86 POM_5V_CPU 164/358
RAM 1389/3964MB (lfb 8x4MB) SWAP 765/6078MB (cached 37MB) IRAM 0/252kB(lfb 252kB) CPU [8%@921,6%@921,off,off] EMC_FREQ 0%@1600 GR3D_FREQ 0%@614 APE 25 PLL@29.5C CPU@31.5C iwlwifi@32C PMIC@50C GPU@30C AO@41C thermal@30.75C POM_5V_IN 1689/1952 POM_5V_GPU 82/86 POM_5V_CPU 164/357
RAM 1387/3964MB (lfb 8x4MB) SWAP 765/6078MB (cached 37MB) IRAM 0/252kB(lfb 252kB) CPU [6%@921,8%@921,off,off] EMC_FREQ 0%@1600 GR3D_FREQ 0%@614 APE 25 PLL@29.5C CPU@31.5C iwlwifi@32C PMIC@50C GPU@30C AO@40.5C thermal@30.75C POM_5V_IN 1728/1952 POM_5V_GPU 82/86 POM_5V_CPU 164/357
RAM 1371/3964MB (lfb 8x4MB) SWAP 765/6078MB (cached 37MB) IRAM 0/252kB(lfb 252kB) CPU [6%@921,3%@921,off,off] EMC_FREQ 0%@1600 GR3D_FREQ 0%@614 APE 25 PLL@30C CPU@31.5C iwlwifi@32C PMIC@50C GPU@30C AO@40.5C thermal@30.75C POM_5V_IN 1689/1952 POM_5V_GPU 82/86 POM_5V_CPU 164/357
RAM 1385/3964MB (lfb 8x4MB) SWAP 765/6078MB (cached 37MB) IRAM 0/252kB(lfb 252kB) CPU [9%@921,8%@921,off,off] EMC_FREQ 0%@1600 GR3D_FREQ 0%@614 APE 25 PLL@29.5C CPU@31.5C iwlwifi@32C PMIC@50C GPU@29.5C AO@41C thermal@30.5C POM_5V_IN 2136/1952 POM_5V_GPU 82/86 POM_5V_CPU 533/357
RAM 1376/3964MB (lfb 8x4MB) SWAP 765/6078MB (cached 37MB) IRAM 0/252kB(lfb 252kB) CPU [7%@921,4%@921,off,off] EMC_FREQ 0%@1600 GR3D_FREQ 0%@614 APE 25 PLL@29.5C CPU@31.5C iwlwifi@32C PMIC@50C GPU@30C AO@41C thermal@30.5C POM_5V_IN 1689/1952 POM_5V_GPU 82/86 POM_5V_CPU 164/357
RAM 1379/3964MB (lfb 8x4MB) SWAP 765/6078MB (cached 37MB) IRAM 0/252kB(lfb 252kB) CPU [8%@921,7%@921,off,off] EMC_FREQ 0%@1600 GR3D_FREQ 0%@614 APE 25 PLL@29.5C CPU@31.5C iwlwifi@32C PMIC@50C GPU@30C AO@41C thermal@30.5C POM_5V_IN 2174/1952 POM_5V_GPU 82/86 POM_5V_CPU 574/357
RAM 1385/3964MB (lfb 8x4MB) SWAP 765/6078MB (cached 37MB) IRAM 0/252kB(lfb 252kB) CPU [8%@921,6%@921,off,off] EMC_FREQ 0%@1600 GR3D_FREQ 0%@614 APE 25 PLL@29.5C CPU@31.5C iwlwifi@32C PMIC@50C GPU@30C AO@40.5C thermal@31C POM_5V_IN 2334/1952 POM_5V_GPU 82/86 POM_5V_CPU 532/357
RAM 1382/3964MB (lfb 8x4MB) SWAP 765/6078MB (cached 37MB) IRAM 0/252kB(lfb 252kB) CPU [6%@921,8%@921,off,off] EMC_FREQ 0%@1600 GR3D_FREQ 0%@614 APE 25 PLL@30C CPU@32C iwlwifi@32C PMIC@50C GPU@29.5C AO@41C thermal@30.25C POM_5V_IN 2256/1952 POM_5V_GPU 82/86 POM_5V_CPU 574/358
RAM 1388/3964MB (lfb 8x4MB) SWAP 765/6078MB (cached 37MB) IRAM 0/252kB(lfb 252kB) CPU [7%@921,7%@921,off,off] EMC_FREQ 0%@1600 GR3D_FREQ 0%@614 APE 25 PLL@29.5C CPU@31.5C iwlwifi@32C PMIC@50C GPU@30C AO@41C thermal@30.75C POM_5V_IN 2174/1952 POM_5V_GPU 82/86 POM_5V_CPU 533/358
RAM 1387/3964MB (lfb 8x4MB) SWAP 765/6078MB (cached 37MB) IRAM 0/252kB(lfb 252kB) CPU [5%@921,9%@921,off,off] EMC_FREQ 0%@1600 GR3D_FREQ 0%@614 APE 25 PLL@29.5C CPU@31C iwlwifi@32C PMIC@50C GPU@30C AO@41C thermal@30.75C POM_5V_IN 1731/1952 POM_5V_GPU 82/86 POM_5V_CPU 206/358
RAM 1387/3964MB (lfb 8x4MB) SWAP 765/6078MB (cached 37MB) IRAM 0/252kB(lfb 252kB) CPU [8%@921,5%@921,off,off] EMC_FREQ 0%@1600 GR3D_FREQ 0%@614 APE 25 PLL@29.5C CPU@31.5C iwlwifi@32C PMIC@50C GPU@29.5C AO@40.5C thermal@30.75C POM_5V_IN 1728/1952 POM_5V_GPU 82/86 POM_5V_CPU 164/357
RAM 1389/3964MB (lfb 8x4MB) SWAP 765/6078MB (cached 37MB) IRAM 0/252kB(lfb 252kB) CPU [7%@921,6%@921,off,off] EMC_FREQ 0%@1600 GR3D_FREQ 0%@614 APE 25 PLL@30C CPU@31.5C iwlwifi@32C PMIC@50C GPU@29.5C AO@40.5C thermal@30.5C POM_5V_IN 1689/1952 POM_5V_GPU 82/86 POM_5V_CPU 164/357
RAM 1386/3964MB (lfb 8x4MB) SWAP 765/6078MB (cached 37MB) IRAM 0/252kB(lfb 252kB) CPU [7%@921,6%@921,off,off] EMC_FREQ 0%@1600 GR3D_FREQ 0%@614 APE 25 PLL@29.5C CPU@31.5C iwlwifi@32C PMIC@50C GPU@30C AO@40.5C thermal@30.5C POM_5V_IN 1689/1952 POM_5V_GPU 82/86 POM_5V_CPU 164/357
RAM 1389/3964MB (lfb 8x4MB) SWAP 765/6078MB (cached 37MB) IRAM 0/252kB(lfb 252kB) CPU [7%@921,7%@921,off,off] EMC_FREQ 0%@1600 GR3D_FREQ 0%@614 APE 25 PLL@29.5C CPU@31C iwlwifi@32C PMIC@50C GPU@30C AO@40.5C thermal@30.75C POM_5V_IN 1689/1952 POM_5V_GPU 82/86 POM_5V_CPU 164/357
RAM 1370/3964MB (lfb 8x4MB) SWAP 765/6078MB (cached 37MB) IRAM 0/252kB(lfb 252kB) CPU [4%@921,5%@921,off,off] EMC_FREQ 0%@1600 GR3D_FREQ 0%@614 APE 25 PLL@30C CPU@31.5C iwlwifi@32C PMIC@50C GPU@30C AO@41C thermal@30.75C POM_5V_IN 1689/1952 POM_5V_GPU 82/86 POM_5V_CPU 164/357
RAM 1389/3964MB (lfb 8x4MB) SWAP 765/6078MB (cached 37MB) IRAM 0/252kB(lfb 252kB) CPU [9%@921,8%@921,off,off] EMC_FREQ 0%@1600 GR3D_FREQ 0%@614 APE 25 PLL@30C CPU@31.5C iwlwifi@32C PMIC@50C GPU@30C AO@41C thermal@30.75C POM_5V_IN 2136/1952 POM_5V_GPU 82/86 POM_5V_CPU 533/357
RAM 1377/3964MB (lfb 8x4MB) SWAP 765/6078MB (cached 37MB) IRAM 0/252kB(lfb 252kB) CPU [5%@921,5%@921,off,off] EMC_FREQ 0%@1600 GR3D_FREQ 0%@614 APE 25 PLL@29.5C CPU@31.5C iwlwifi@32C PMIC@50C GPU@30C AO@41C thermal@30.75C POM_5V_IN 1731/1952 POM_5V_GPU 82/86 POM_5V_CPU 164/357
RAM 1376/3964MB (lfb 8x4MB) SWAP 765/6078MB (cached 37MB) IRAM 0/252kB(lfb 252kB) CPU [6%@921,9%@921,off,off] EMC_FREQ 0%@1600 GR3D_FREQ 0%@614 APE 25 PLL@30C CPU@31.5C iwlwifi@32C PMIC@50C GPU@30C AO@41C thermal@30.5C POM_5V_IN 2174/1952 POM_5V_GPU 82/86 POM_5V_CPU 492/357
RAM 1378/3964MB (lfb 8x4MB) SWAP 765/6078MB (cached 37MB) IRAM 0/252kB(lfb 252kB) CPU [6%@921,7%@921,off,off] EMC_FREQ 0%@1600 GR3D_FREQ 0%@614 APE 25 PLL@30C CPU@31.5C iwlwifi@32C PMIC@50C GPU@30C AO@41C thermal@30.75C POM_5V_IN 2256/1952 POM_5V_GPU 82/86 POM_5V_CPU 574/357
RAM 1389/3964MB (lfb 8x4MB) SWAP 765/6078MB (cached 37MB) IRAM 0/252kB(lfb 252kB) CPU [7%@921,6%@921,off,off] EMC_FREQ 0%@1600 GR3D_FREQ 0%@614 APE 25 PLL@30C CPU@31.5C iwlwifi@32C PMIC@50C GPU@29.5C AO@41C thermal@30.5C POM_5V_IN 2297/1952 POM_5V_GPU 81/86 POM_5V_CPU 573/357
RAM 1385/3964MB (lfb 8x4MB) SWAP 765/6078MB (cached 37MB) IRAM 0/252kB(lfb 252kB) CPU [5%@921,8%@921,off,off] EMC_FREQ 0%@1600 GR3D_FREQ 0%@614 APE 25 PLL@30C CPU@31C iwlwifi@32C PMIC@50C GPU@30C AO@41C thermal@30.25C POM_5V_IN 1851/1952 POM_5V_GPU 82/86 POM_5V_CPU 288/357
RAM 1388/3964MB (lfb 8x4MB) SWAP 765/6078MB (cached 37MB) IRAM 0/252kB(lfb 252kB) CPU [6%@921,7%@921,off,off] EMC_FREQ 0%@1600 GR3D_FREQ 0%@614 APE 25 PLL@29.5C CPU@31.5C iwlwifi@32C PMIC@50C GPU@30C AO@41C thermal@30.25C POM_5V_IN 1731/1952 POM_5V_GPU 82/86 POM_5V_CPU 164/357
RAM 1389/3964MB (lfb 8x4MB) SWAP 765/6078MB (cached 37MB) IRAM 0/252kB(lfb 252kB) CPU [9%@921,5%@921,off,off] EMC_FREQ 0%@1600 GR3D_FREQ 0%@614 APE 25 PLL@30C CPU@31C iwlwifi@32C PMIC@50C GPU@29.5C AO@40.5C thermal@30.5C POM_5V_IN 1689/1952 POM_5V_GPU 82/86 POM_5V_CPU 164/357
RAM 1386/3964MB (lfb 8x4MB) SWAP 765/6078MB (cached 37MB) IRAM 0/252kB(lfb 252kB) CPU [7%@921,6%@921,off,off] EMC_FREQ 0%@1600 GR3D_FREQ 0%@614 APE 25 PLL@30C CPU@30.5C iwlwifi@32C PMIC@50C GPU@30C AO@41C thermal@30.5C POM_5V_IN 1772/1952 POM_5V_GPU 82/86 POM_5V_CPU 206/357
RAM 1389/3964MB (lfb 8x4MB) SWAP 765/6078MB (cached 37MB) IRAM 0/252kB(lfb 252kB) CPU [7%@921,7%@921,off,off] EMC_FREQ 0%@1600 GR3D_FREQ 0%@614 APE 25 PLL@30C CPU@31.5C iwlwifi@32C PMIC@50C GPU@30C AO@40.5C thermal@30.75C POM_5V_IN 1731/1952 POM_5V_GPU 82/86 POM_5V_CPU 164/357
RAM 1371/3964MB (lfb 8x4MB) SWAP 765/6078MB (cached 37MB) IRAM 0/252kB(lfb 252kB) CPU [6%@921,4%@921,off,off] EMC_FREQ 0%@1600 GR3D_FREQ 0%@614 APE 25 PLL@29.5C CPU@31C iwlwifi@32C PMIC@50C GPU@30C AO@40.5C thermal@30.5C POM_5V_IN 1689/1952 POM_5V_GPU 82/86 POM_5V_CPU 164/357
RAM 1386/3964MB (lfb 8x4MB) SWAP 765/6078MB (cached 37MB) IRAM 0/252kB(lfb 252kB) CPU [7%@921,11%@921,off,off] EMC_FREQ 0%@1600 GR3D_FREQ 0%@614 APE 25 PLL@30C CPU@31C iwlwifi@32C PMIC@50C GPU@30C AO@40.5C thermal@30.5C POM_5V_IN 2136/1952 POM_5V_GPU 82/86 POM_5V_CPU 533/357
RAM 1376/3964MB (lfb 8x4MB) SWAP 765/6078MB (cached 37MB) IRAM 0/252kB(lfb 252kB) CPU [6%@921,6%@921,off,off] EMC_FREQ 0%@1600 GR3D_FREQ 0%@614 APE 25 PLL@30C CPU@31.5C iwlwifi@32C PMIC@50C GPU@30C AO@40.5C thermal@30.25C POM_5V_IN 1731/1952 POM_5V_GPU 82/86 POM_5V_CPU 164/357
RAM 1377/3964MB (lfb 8x4MB) SWAP 765/6078MB (cached 37MB) IRAM 0/252kB(lfb 252kB) CPU [8%@921,6%@921,off,off] EMC_FREQ 0%@1600 GR3D_FREQ 0%@614 APE 25 PLL@30C CPU@31.5C iwlwifi@32C PMIC@50C GPU@30C AO@41C thermal@30.25C POM_5V_IN 2133/1952 POM_5V_GPU 82/86 POM_5V_CPU 574/357
RAM 1376/3964MB (lfb 8x4MB) SWAP 765/6078MB (cached 37MB) IRAM 0/252kB(lfb 252kB) CPU [5%@921,8%@921,off,off] EMC_FREQ 0%@1600 GR3D_FREQ 0%@614 APE 25 PLL@29.5C CPU@31.5C iwlwifi@32C PMIC@50C GPU@29.5C AO@40.5C thermal@30.75C POM_5V_IN 2293/1952 POM_5V_GPU 81/86 POM_5V_CPU 573/357
RAM 1384/3964MB (lfb 8x4MB) SWAP 765/6078MB (cached 37MB) IRAM 0/252kB(lfb 252kB) CPU [5%@921,9%@921,off,off] EMC_FREQ 0%@1600 GR3D_FREQ 0%@614 APE 25 PLL@30C CPU@31.5C iwlwifi@32C PMIC@50C GPU@29.5C AO@41C thermal@30.75C POM_5V_IN 2297/1952 POM_5V_GPU 81/86 POM_5V_CPU 573/357
RAM 1386/3964MB (lfb 8x4MB) SWAP 765/6078MB (cached 37MB) IRAM 0/252kB(lfb 252kB) CPU [6%@921,7%@921,off,off] EMC_FREQ 0%@1600 GR3D_FREQ 0%@614 APE 25 PLL@30C CPU@31.5C iwlwifi@32C PMIC@50C GPU@30C AO@41C thermal@30.5C POM_5V_IN 2215/1952 POM_5V_GPU 82/86 POM_5V_CPU 574/357
RAM 1386/3964MB (lfb 8x4MB) SWAP 765/6078MB (cached 37MB) IRAM 0/252kB(lfb 252kB) CPU [8%@921,6%@921,off,off] EMC_FREQ 0%@1600 GR3D_FREQ 0%@614 APE 25 PLL@30C CPU@31.5C iwlwifi@32C PMIC@50C GPU@30C AO@40.5C thermal@30.25C POM_5V_IN 1772/1952 POM_5V_GPU 82/86 POM_5V_CPU 206/357
RAM 1386/3964MB (lfb 8x4MB) SWAP 765/6078MB (cached 37MB) IRAM 0/252kB(lfb 252kB) CPU [7%@921,6%@921,off,off] EMC_FREQ 0%@1600 GR3D_FREQ 0%@614 APE 25 PLL@29.5C CPU@31C iwlwifi@32C PMIC@50C GPU@30C AO@41C thermal@30.5C POM_5V_IN 1731/1952 POM_5V_GPU 82/86 POM_5V_CPU 164/357
RAM 1389/3964MB (lfb 8x4MB) SWAP 765/6078MB (cached 37MB) IRAM 0/252kB(lfb 252kB) CPU [6%@921,8%@921,off,off] EMC_FREQ 0%@1600 GR3D_FREQ 0%@614 APE 25 PLL@29.5C CPU@31.5C iwlwifi@32C PMIC@50C GPU@30.5C AO@41C thermal@30.75C POM_5V_IN 1689/1952 POM_5V_GPU 82/86 POM_5V_CPU 164/357
RAM 1387/3964MB (lfb 8x4MB) SWAP 765/6078MB (cached 37MB) IRAM 0/252kB(lfb 252kB) CPU [11%@921,3%@921,off,off] EMC_FREQ 0%@1600 GR3D_FREQ 0%@614 APE 25 PLL@29.5C CPU@31.5C iwlwifi@32C PMIC@50C GPU@30C AO@40.5C thermal@30.5C POM_5V_IN 2013/1952 POM_5V_GPU 82/86 POM_5V_CPU 410/357
RAM 1371/3964MB (lfb 8x4MB) SWAP 765/6078MB (cached 37MB) IRAM 0/252kB(lfb 252kB) CPU [5%@921,4%@921,off,off] EMC_FREQ 0%@1600 GR3D_FREQ 0%@614 APE 25 PLL@29.5C CPU@31.5C iwlwifi@32C PMIC@50C GPU@30C AO@41C thermal@30.5C POM_5V_IN 1689/1952 POM_5V_GPU 82/86 POM_5V_CPU 164/357
RAM 1389/3964MB (lfb 8x4MB) SWAP 765/6078MB (cached 37MB) IRAM 0/252kB(lfb 252kB) CPU [7%@921,11%@921,off,off] EMC_FREQ 0%@1600 GR3D_FREQ 0%@614 APE 25 PLL@29.5C CPU@31.5C iwlwifi@33C PMIC@50C GPU@29.5C AO@40.5C thermal@30.75C POM_5V_IN 2095/1952 POM_5V_GPU 82/86 POM_5V_CPU 533/357
RAM 1377/3964MB (lfb 8x4MB) SWAP 765/6078MB (cached 37MB) IRAM 0/252kB(lfb 252kB) CPU [5%@921,5%@921,off,off] EMC_FREQ 0%@1600 GR3D_FREQ 0%@614 APE 25 PLL@29.5C CPU@31.5C iwlwifi@32C PMIC@50C GPU@29.5C AO@41C thermal@30.75C POM_5V_IN 1687/1952 POM_5V_GPU 82/86 POM_5V_CPU 164/357
RAM 1373/3964MB (lfb 8x4MB) SWAP 765/6078MB (cached 37MB) IRAM 0/252kB(lfb 252kB) CPU [7%@921,6%@921,off,off] EMC_FREQ 0%@1600 GR3D_FREQ 0%@614 APE 25 PLL@30C CPU@31.5C iwlwifi@32C PMIC@50C GPU@30C AO@41C thermal@30.25C POM_5V_IN 2136/1952 POM_5V_GPU 82/86 POM_5V_CPU 533/357
RAM 1389/3964MB (lfb 8x4MB) SWAP 765/6078MB (cached 37MB) IRAM 0/252kB(lfb 252kB) CPU [10%@921,6%@921,off,off] EMC_FREQ 0%@1600 GR3D_FREQ 0%@614 APE 25 PLL@30C CPU@31.5C iwlwifi@32C PMIC@50C GPU@29.5C AO@40.5C thermal@30.5C POM_5V_IN 2136/1952 POM_5V_GPU 82/86 POM_5V_CPU 533/357
RAM 1382/3964MB (lfb 8x4MB) SWAP 765/6078MB (cached 37MB) IRAM 0/252kB(lfb 252kB) CPU [5%@921,8%@921,off,off] EMC_FREQ 0%@1600 GR3D_FREQ 0%@614 APE 25 PLL@29.5C CPU@31C iwlwifi@32C PMIC@50C GPU@30C AO@41C thermal@30.5C POM_5V_IN 1689/1952 POM_5V_GPU 82/86 POM_5V_CPU 164/357
RAM 1389/3964MB (lfb 8x4MB) SWAP 765/6078MB (cached 37MB) IRAM 0/252kB(lfb 252kB) CPU [7%@921,7%@921,off,off] EMC_FREQ 0%@1600 GR3D_FREQ 0%@614 APE 25 PLL@30C CPU@31C iwlwifi@32C PMIC@50C GPU@30C AO@41C thermal@30.75C POM_5V_IN 2215/1952 POM_5V_GPU 82/86 POM_5V_CPU 574/357
RAM 1393/3964MB (lfb 8x4MB) SWAP 765/6078MB (cached 37MB) IRAM 0/252kB(lfb 252kB) CPU [6%@921,8%@921,off,off] EMC_FREQ 0%@1600 GR3D_FREQ 0%@614 APE 25 PLL@29.5C CPU@31.5C iwlwifi@32C PMIC@50C GPU@30C AO@41C thermal@30.5C POM_5V_IN 1851/1952 POM_5V_GPU 82/86 POM_5V_CPU 246/357
RAM 1387/3964MB (lfb 8x4MB) SWAP 765/6078MB (cached 37MB) IRAM 0/252kB(lfb 252kB) CPU [5%@921,9%@921,off,off] EMC_FREQ 0%@1600 GR3D_FREQ 0%@614 APE 25 PLL@30C CPU@31.5C iwlwifi@32C PMIC@50C GPU@30C AO@40.5C thermal@30.75C POM_5V_IN 1813/1952 POM_5V_GPU 82/86 POM_5V_CPU 205/357
RAM 1389/3964MB (lfb 8x4MB) SWAP 765/6078MB (cached 37MB) IRAM 0/252kB(lfb 252kB) CPU [7%@921,7%@921,off,off] EMC_FREQ 0%@1600 GR3D_FREQ 0%@614 APE 25 PLL@30C CPU@31.5C iwlwifi@32C PMIC@50C GPU@30C AO@41C thermal@30.25C POM_5V_IN 1772/1952 POM_5V_GPU 82/86 POM_5V_CPU 206/357
RAM 1387/3964MB (lfb 8x4MB) SWAP 765/6078MB (cached 37MB) IRAM 0/252kB(lfb 252kB) CPU [8%@921,5%@921,off,off] EMC_FREQ 0%@1600 GR3D_FREQ 0%@614 APE 25 PLL@29.5C CPU@31.5C iwlwifi@32C PMIC@50C GPU@30C AO@41C thermal@30.5C POM_5V_IN 1689/1951 POM_5V_GPU 82/86 POM_5V_CPU 164/357
RAM 1385/3964MB (lfb 8x4MB) SWAP 765/6078MB (cached 37MB) IRAM 0/252kB(lfb 252kB) CPU [7%@921,7%@921,off,off] EMC_FREQ 0%@1600 GR3D_FREQ 0%@614 APE 25 PLL@29.5C CPU@31.5C iwlwifi@32C PMIC@50C GPU@30C AO@41C thermal@30.75C POM_5V_IN 1731/1951 POM_5V_GPU 82/86 POM_5V_CPU 164/357
RAM 1372/3964MB (lfb 8x4MB) SWAP 765/6078MB (cached 37MB) IRAM 0/252kB(lfb 252kB) CPU [5%@921,5%@921,off,off] EMC_FREQ 0%@1600 GR3D_FREQ 0%@614 APE 25 PLL@29.5C CPU@31C iwlwifi@32C PMIC@50C GPU@30C AO@41C thermal@30.5C POM_5V_IN 1689/1951 POM_5V_GPU 82/86 POM_5V_CPU 164/357
RAM 1385/3964MB (lfb 8x4MB) SWAP 765/6078MB (cached 37MB) IRAM 0/252kB(lfb 252kB) CPU [9%@921,9%@921,off,off] EMC_FREQ 0%@1600 GR3D_FREQ 0%@614 APE 25 PLL@30C CPU@31.5C iwlwifi@32C PMIC@50C GPU@30C AO@40.5C thermal@30.75C POM_5V_IN 2136/1951 POM_5V_GPU 82/86 POM_5V_CPU 533/357
RAM 1375/3964MB (lfb 8x4MB) SWAP 765/6078MB (cached 37MB) IRAM 0/252kB(lfb 252kB) CPU [6%@921,4%@921,off,off] EMC_FREQ 0%@1600 GR3D_FREQ 0%@614 APE 25 PLL@30C CPU@31.5C iwlwifi@32C PMIC@50C GPU@30C AO@41C thermal@30.5C POM_5V_IN 1689/1951 POM_5V_GPU 82/86 POM_5V_CPU 123/357
RAM 1377/3964MB (lfb 8x4MB) SWAP 765/6078MB (cached 37MB) IRAM 0/252kB(lfb 252kB) CPU [5%@921,9%@921,off,off] EMC_FREQ 0%@1600 GR3D_FREQ 0%@614 APE 25 PLL@29.5C CPU@31.5C iwlwifi@32C PMIC@50C GPU@30.5C AO@41C thermal@30.75C POM_5V_IN 2133/1951 POM_5V_GPU 82/86 POM_5V_CPU 533/357
RAM 1377/3964MB (lfb 8x4MB) SWAP 765/6078MB (cached 37MB) IRAM 0/252kB(lfb 252kB) CPU [6%@921,8%@921,off,off] EMC_FREQ 0%@1600 GR3D_FREQ 0%@614 APE 25 PLL@30C CPU@31.5C iwlwifi@32C PMIC@50C GPU@29.5C AO@41C thermal@30.5C POM_5V_IN 2174/1951 POM_5V_GPU 82/86 POM_5V_CPU 492/357
RAM 1384/3964MB (lfb 8x4MB) SWAP 765/6078MB (cached 37MB) IRAM 0/252kB(lfb 252kB) CPU [5%@921,9%@921,off,off] EMC_FREQ 0%@1600 GR3D_FREQ 0%@614 APE 25 PLL@30C CPU@31.5C iwlwifi@32C PMIC@50C GPU@30.5C AO@41C thermal@30.75C POM_5V_IN 2215/1951 POM_5V_GPU 82/86 POM_5V_CPU 491/357
RAM 1390/3964MB (lfb 8x4MB) SWAP 765/6078MB (cached 37MB) IRAM 0/252kB(lfb 252kB) CPU [5%@921,10%@921,off,off] EMC_FREQ 0%@1600 GR3D_FREQ 0%@614 APE 25 PLL@29.5C CPU@31.5C iwlwifi@32C PMIC@50C GPU@30C AO@41C thermal@30.75C POM_5V_IN 2215/1952 POM_5V_GPU 82/86 POM_5V_CPU 574/357
RAM 1387/3964MB (lfb 8x4MB) SWAP 765/6078MB (cached 37MB) IRAM 0/252kB(lfb 252kB) CPU [7%@921,7%@921,off,off] EMC_FREQ 0%@1600 GR3D_FREQ 0%@614 APE 25 PLL@30C CPU@31C iwlwifi@32C PMIC@50C GPU@30C AO@41C thermal@30.75C POM_5V_IN 1772/1952 POM_5V_GPU 82/86 POM_5V_CPU 206/357
RAM 1390/3964MB (lfb 8x4MB) SWAP 765/6078MB (cached 37MB) IRAM 0/252kB(lfb 252kB) CPU [8%@921,6%@921,off,off] EMC_FREQ 0%@1600 GR3D_FREQ 0%@614 APE 25 PLL@30C CPU@31.5C iwlwifi@32C PMIC@50C GPU@30C AO@41C thermal@30.75C POM_5V_IN 1731/1951 POM_5V_GPU 82/86 POM_5V_CPU 164/357
RAM 1389/3964MB (lfb 8x4MB) SWAP 765/6078MB (cached 37MB) IRAM 0/252kB(lfb 252kB) CPU [6%@921,8%@921,off,off] EMC_FREQ 0%@1600 GR3D_FREQ 0%@614 APE 25 PLL@30C CPU@31.5C iwlwifi@32C PMIC@50C GPU@29.5C AO@41C thermal@30.75C POM_5V_IN 1689/1951 POM_5V_GPU 82/86 POM_5V_CPU 164/357
RAM 1390/3964MB (lfb 8x4MB) SWAP 765/6078MB (cached 37MB) IRAM 0/252kB(lfb 252kB) CPU [7%@921,7%@921,off,off] EMC_FREQ 0%@1600 GR3D_FREQ 0%@614 APE 25 PLL@29.5C CPU@31.5C iwlwifi@32C PMIC@50C GPU@30C AO@41C thermal@30.5C POM_5V_IN 1689/1951 POM_5V_GPU 82/86 POM_5V_CPU 164/357
RAM 1388/3964MB (lfb 8x4MB) SWAP 765/6078MB (cached 37MB) IRAM 0/252kB(lfb 252kB) CPU [7%@921,6%@921,off,off] EMC_FREQ 0%@1600 GR3D_FREQ 0%@614 APE 25 PLL@29.5C CPU@31.5C iwlwifi@32C PMIC@50C GPU@30C AO@41C thermal@30.5C POM_5V_IN 1731/1951 POM_5V_GPU 82/86 POM_5V_CPU 164/357
RAM 1373/3964MB (lfb 8x4MB) SWAP 765/6078MB (cached 37MB) IRAM 0/252kB(lfb 252kB) CPU [5%@921,4%@921,off,off] EMC_FREQ 0%@1600 GR3D_FREQ 0%@614 APE 25 PLL@29.5C CPU@31C iwlwifi@32C PMIC@50C GPU@30C AO@41C thermal@30.75C POM_5V_IN 1731/1951 POM_5V_GPU 82/86 POM_5V_CPU 164/357
RAM 1388/3964MB (lfb 8x4MB) SWAP 765/6078MB (cached 37MB) IRAM 0/252kB(lfb 252kB) CPU [9%@921,9%@921,off,off] EMC_FREQ 0%@1600 GR3D_FREQ 0%@614 APE 25 PLL@30C CPU@31.5C iwlwifi@32C PMIC@50C GPU@29.5C AO@41C thermal@30.75C POM_5V_IN 2136/1951 POM_5V_GPU 82/86 POM_5V_CPU 533/357
RAM 1376/3964MB (lfb 8x4MB) SWAP 765/6078MB (cached 37MB) IRAM 0/252kB(lfb 252kB) CPU [6%@921,5%@921,off,off] EMC_FREQ 0%@1600 GR3D_FREQ 0%@614 APE 25 PLL@30C CPU@31.5C iwlwifi@32C PMIC@50C GPU@30C AO@41.5C thermal@30.75C POM_5V_IN 1689/1951 POM_5V_GPU 82/86 POM_5V_CPU 164/357
RAM 1378/3964MB (lfb 8x4MB) SWAP 765/6078MB (cached 37MB) IRAM 0/252kB(lfb 252kB) CPU [8%@921,5%@921,off,off] EMC_FREQ 0%@1600 GR3D_FREQ 0%@614 APE 25 PLL@30C CPU@32C iwlwifi@32C PMIC@50C GPU@30C AO@41.5C thermal@31C POM_5V_IN 2133/1951 POM_5V_GPU 82/86 POM_5V_CPU 533/357
RAM 1383/3964MB (lfb 8x4MB) SWAP 765/6078MB (cached 37MB) IRAM 0/252kB(lfb 252kB) CPU [6%@921,9%@921,off,off] EMC_FREQ 0%@1600 GR3D_FREQ 0%@614 APE 25 PLL@30.5C CPU@31.5C iwlwifi@32C PMIC@50C GPU@30C AO@41.5C thermal@30.75C POM_5V_IN 2133/1951 POM_5V_GPU 82/86 POM_5V_CPU 574/357
RAM 1390/3964MB (lfb 8x4MB) SWAP 765/6078MB (cached 37MB) IRAM 0/252kB(lfb 252kB) CPU [7%@921,6%@921,off,off] EMC_FREQ 0%@1600 GR3D_FREQ 0%@614 APE 25 PLL@30C CPU@31.5C iwlwifi@32C PMIC@50C GPU@30.5C AO@41C thermal@30.75C POM_5V_IN 2215/1951 POM_5V_GPU 82/86 POM_5V_CPU 574/357
RAM 1390/3964MB (lfb 8x4MB) SWAP 765/6078MB (cached 37MB) IRAM 0/252kB(lfb 252kB) CPU [5%@921,8%@921,off,off] EMC_FREQ 0%@1600 GR3D_FREQ 0%@614 APE 25 PLL@30C CPU@31.5C iwlwifi@32C PMIC@50C GPU@30C AO@41C thermal@31C POM_5V_IN 1892/1951 POM_5V_GPU 82/86 POM_5V_CPU 288/357
RAM 1392/3964MB (lfb 8x4MB) SWAP 765/6078MB (cached 37MB) IRAM 0/252kB(lfb 252kB) CPU [6%@921,8%@921,off,off] EMC_FREQ 0%@1600 GR3D_FREQ 0%@614 APE 25 PLL@30C CPU@31.5C iwlwifi@32C PMIC@50C GPU@30C AO@41C thermal@30.75C POM_5V_IN 1731/1951 POM_5V_GPU 82/86 POM_5V_CPU 164/357
RAM 1386/3964MB (lfb 8x4MB) SWAP 765/6078MB (cached 37MB) IRAM 0/252kB(lfb 252kB) CPU [4%@921,9%@921,off,off] EMC_FREQ 0%@1600 GR3D_FREQ 0%@614 APE 25 PLL@30C CPU@31.5C iwlwifi@32C PMIC@50C GPU@30C AO@41.5C thermal@30.75C POM_5V_IN 1731/1951 POM_5V_GPU 82/86 POM_5V_CPU 164/357
RAM 1390/3964MB (lfb 8x4MB) SWAP 765/6078MB (cached 37MB) IRAM 0/252kB(lfb 252kB) CPU [7%@921,6%@921,off,off] EMC_FREQ 0%@1600 GR3D_FREQ 0%@614 APE 25 PLL@30C CPU@31.5C iwlwifi@32C PMIC@50C GPU@30C AO@41C thermal@30.5C POM_5V_IN 1731/1951 POM_5V_GPU 82/86 POM_5V_CPU 164/357
RAM 1386/3964MB (lfb 8x4MB) SWAP 765/6078MB (cached 37MB) IRAM 0/252kB(lfb 252kB) CPU [6%@921,8%@921,off,off] EMC_FREQ 0%@1600 GR3D_FREQ 0%@614 APE 25 PLL@30C CPU@31.5C iwlwifi@32C PMIC@50C GPU@30C AO@41C thermal@30.75C POM_5V_IN 1689/1951 POM_5V_GPU 82/86 POM_5V_CPU 164/356
RAM 1388/3964MB (lfb 8x4MB) SWAP 765/6078MB (cached 37MB) IRAM 0/252kB(lfb 252kB) CPU [8%@921,6%@921,off,off] EMC_FREQ 0%@1600 GR3D_FREQ 0%@614 APE 25 PLL@30C CPU@31.5C iwlwifi@32C PMIC@50C GPU@29.5C AO@41C thermal@30.75C POM_5V_IN 1689/1951 POM_5V_GPU 82/86 POM_5V_CPU 164/356
RAM 1386/3964MB (lfb 8x4MB) SWAP 765/6078MB (cached 37MB) IRAM 0/252kB(lfb 252kB) CPU [9%@921,5%@921,off,off] EMC_FREQ 0%@1600 GR3D_FREQ 0%@614 APE 25 PLL@30C CPU@31.5C iwlwifi@32C PMIC@50C GPU@30C AO@41C thermal@31C POM_5V_IN 1689/1951 POM_5V_GPU 82/86 POM_5V_CPU 164/356
RAM 1375/3964MB (lfb 8x4MB) SWAP 765/6078MB (cached 37MB) IRAM 0/252kB(lfb 252kB) CPU [6%@921,4%@921,off,off] EMC_FREQ 0%@1600 GR3D_FREQ 0%@614 APE 25 PLL@30C CPU@31.5C iwlwifi@32C PMIC@50C GPU@30C AO@41C thermal@31C POM_5V_IN 1689/1951 POM_5V_GPU 82/86 POM_5V_CPU 164/356
RAM 1388/3964MB (lfb 8x4MB) SWAP 765/6078MB (cached 37MB) IRAM 0/252kB(lfb 252kB) CPU [7%@921,9%@921,off,off] EMC_FREQ 0%@1600 GR3D_FREQ 0%@614 APE 25 PLL@30C CPU@31.5C iwlwifi@32C PMIC@50C GPU@30C AO@41C thermal@30.75C POM_5V_IN 2133/1951 POM_5V_GPU 81/86 POM_5V_CPU 532/356
RAM 1380/3964MB (lfb 8x4MB) SWAP 765/6078MB (cached 37MB) IRAM 0/252kB(lfb 252kB) CPU [3%@921,9%@921,off,off] EMC_FREQ 0%@1600 GR3D_FREQ 0%@614 APE 25 PLL@30C CPU@31C iwlwifi@32C PMIC@50C GPU@30.5C AO@41C thermal@31C POM_5V_IN 1689/1951 POM_5V_GPU 82/86 POM_5V_CPU 164/356
RAM 1376/3964MB (lfb 8x4MB) SWAP 765/6078MB (cached 37MB) IRAM 0/252kB(lfb 252kB) CPU [5%@921,7%@921,off,off] EMC_FREQ 0%@1600 GR3D_FREQ 0%@614 APE 25 PLL@30.5C CPU@32C iwlwifi@32C PMIC@50C GPU@30C AO@41C thermal@30.75C POM_5V_IN 2256/1951 POM_5V_GPU 82/86 POM_5V_CPU 573/356
RAM 1380/3964MB (lfb 8x4MB) SWAP 765/6078MB (cached 37MB) IRAM 0/252kB(lfb 252kB) CPU [5%@921,9%@921,off,off] EMC_FREQ 0%@1600 GR3D_FREQ 0%@614 APE 25 PLL@30C CPU@31.5C iwlwifi@32C PMIC@50C GPU@30C AO@41.5C thermal@31C POM_5V_IN 2133/1951 POM_5V_GPU 82/86 POM_5V_CPU 533/356
RAM 1387/3964MB (lfb 8x4MB) SWAP 765/6078MB (cached 37MB) IRAM 0/252kB(lfb 252kB) CPU [8%@921,6%@921,off,off] EMC_FREQ 0%@1600 GR3D_FREQ 0%@614 APE 25 PLL@30C CPU@32C iwlwifi@33C PMIC@50C GPU@30C AO@41C thermal@30.75C POM_5V_IN 2256/1951 POM_5V_GPU 82/86 POM_5V_CPU 573/356
RAM 1387/3964MB (lfb 8x4MB) SWAP 765/6078MB (cached 37MB) IRAM 0/252kB(lfb 252kB) CPU [8%@921,6%@921,off,off] EMC_FREQ 0%@1600 GR3D_FREQ 0%@614 APE 25 PLL@30C CPU@31.5C iwlwifi@32C PMIC@50C GPU@30C AO@41C thermal@30.75C POM_5V_IN 1769/1951 POM_5V_GPU 82/86 POM_5V_CPU 205/356
RAM 1388/3964MB (lfb 8x4MB) SWAP 765/6078MB (cached 37MB) IRAM 0/252kB(lfb 252kB) CPU [8%@921,5%@921,off,off] EMC_FREQ 0%@1600 GR3D_FREQ 0%@614 APE 25 PLL@30C CPU@31.5C iwlwifi@32C PMIC@50C GPU@30C AO@41C thermal@30.75C POM_5V_IN 1689/1951 POM_5V_GPU 82/86 POM_5V_CPU 164/356
RAM 1386/3964MB (lfb 8x4MB) SWAP 765/6078MB (cached 37MB) IRAM 0/252kB(lfb 252kB) CPU [8%@921,6%@921,off,off] EMC_FREQ 0%@1600 GR3D_FREQ 0%@614 APE 25 PLL@30.5C CPU@31.5C iwlwifi@32C PMIC@50C GPU@30.5C AO@41C thermal@31C POM_5V_IN 1731/1951 POM_5V_GPU 82/86 POM_5V_CPU 164/356
RAM 1387/3964MB (lfb 8x4MB) SWAP 765/6078MB (cached 37MB) IRAM 0/252kB(lfb 252kB) CPU [10%@921,3%@921,off,off] EMC_FREQ 0%@1600 GR3D_FREQ 0%@614 APE 25 PLL@30C CPU@31.5C iwlwifi@32C PMIC@50C GPU@30C AO@41C thermal@30.75C POM_5V_IN 1731/1950 POM_5V_GPU 82/86 POM_5V_CPU 164/356
RAM 1372/3964MB (lfb 8x4MB) SWAP 765/6078MB (cached 37MB) IRAM 0/252kB(lfb 252kB) CPU [5%@921,4%@921,off,off] EMC_FREQ 0%@1600 GR3D_FREQ 0%@614 APE 25 PLL@30.5C CPU@31.5C iwlwifi@32C PMIC@50C GPU@30C AO@41C thermal@30.75C POM_5V_IN 1689/1950 POM_5V_GPU 82/86 POM_5V_CPU 164/356
RAM 1389/3964MB (lfb 8x4MB) SWAP 765/6078MB (cached 37MB) IRAM 0/252kB(lfb 252kB) CPU [9%@921,8%@921,off,off] EMC_FREQ 0%@1600 GR3D_FREQ 0%@614 APE 25 PLL@30C CPU@32C iwlwifi@32C PMIC@50C GPU@29.5C AO@41C thermal@30.75C POM_5V_IN 2133/1950 POM_5V_GPU 81/86 POM_5V_CPU 532/356
RAM 1373/3964MB (lfb 8x4MB) SWAP 765/6078MB (cached 37MB) IRAM 0/252kB(lfb 252kB) CPU [5%@921,5%@921,off,off] EMC_FREQ 0%@1600 GR3D_FREQ 0%@614 APE 25 PLL@30C CPU@31.5C iwlwifi@32C PMIC@50C GPU@30C AO@41C thermal@30.75C POM_5V_IN 1689/1950 POM_5V_GPU 82/86 POM_5V_CPU 164/356
RAM 1377/3964MB (lfb 8x4MB) SWAP 765/6078MB (cached 37MB) IRAM 0/252kB(lfb 252kB) CPU [8%@921,7%@921,off,off] EMC_FREQ 0%@1600 GR3D_FREQ 0%@614 APE 25 PLL@30.5C CPU@31.5C iwlwifi@32C PMIC@50C GPU@30C AO@41C thermal@30.75C POM_5V_IN 2133/1950 POM_5V_GPU 82/86 POM_5V_CPU 533/356
RAM 1377/3964MB (lfb 8x4MB) SWAP 765/6078MB (cached 37MB) IRAM 0/252kB(lfb 252kB) CPU [8%@921,6%@921,off,off] EMC_FREQ 0%@1600 GR3D_FREQ 0%@614 APE 25 PLL@30C CPU@31.5C iwlwifi@32C PMIC@50C GPU@30.5C AO@41.5C thermal@30.75C POM_5V_IN 2256/1951 POM_5V_GPU 82/86 POM_5V_CPU 532/356
RAM 1389/3964MB (lfb 8x4MB) SWAP 765/6078MB (cached 37MB) IRAM 0/252kB(lfb 252kB) CPU [6%@921,9%@921,off,off] EMC_FREQ 0%@1600 GR3D_FREQ 0%@614 APE 25 PLL@30C CPU@32C iwlwifi@32C PMIC@50C GPU@30C AO@41.5C thermal@30.75C POM_5V_IN 2256/1951 POM_5V_GPU 81/86 POM_5V_CPU 573/356
RAM 1393/3964MB (lfb 8x4MB) SWAP 765/6078MB (cached 37MB) IRAM 0/252kB(lfb 252kB) CPU [7%@921,6%@921,off,off] EMC_FREQ 0%@1600 GR3D_FREQ 0%@614 APE 25 PLL@30C CPU@31.5C iwlwifi@32C PMIC@50C GPU@30.5C AO@41C thermal@31C POM_5V_IN 1972/1951 POM_5V_GPU 82/86 POM_5V_CPU 369/356
RAM 1389/3964MB (lfb 8x4MB) SWAP 765/6078MB (cached 37MB) IRAM 0/252kB(lfb 252kB) CPU [8%@921,7%@921,off,off] EMC_FREQ 0%@1600 GR3D_FREQ 0%@614 APE 25 PLL@30.5C CPU@32C iwlwifi@32C PMIC@50C GPU@30C AO@41C thermal@30.75C POM_5V_IN 1810/1951 POM_5V_GPU 82/86 POM_5V_CPU 246/356
RAM 1386/3964MB (lfb 8x4MB) SWAP 765/6078MB (cached 37MB) IRAM 0/252kB(lfb 252kB) CPU [9%@921,5%@921,off,off] EMC_FREQ 0%@1600 GR3D_FREQ 0%@614 APE 25 PLL@30C CPU@31.5C iwlwifi@32C PMIC@50C GPU@30C AO@41.5C thermal@30.75C POM_5V_IN 1731/1951 POM_5V_GPU 82/86 POM_5V_CPU 164/356
RAM 1386/3964MB (lfb 8x4MB) SWAP 765/6078MB (cached 37MB) IRAM 0/252kB(lfb 252kB) CPU [10%@921,4%@921,off,off] EMC_FREQ 0%@1600 GR3D_FREQ 0%@614 APE 25 PLL@30C CPU@31.5C iwlwifi@32C PMIC@50C GPU@30C AO@41C thermal@30.75C POM_5V_IN 1687/1950 POM_5V_GPU 82/86 POM_5V_CPU 164/356
RAM 1390/3964MB (lfb 8x4MB) SWAP 765/6078MB (cached 37MB) IRAM 0/252kB(lfb 252kB) CPU [7%@921,6%@921,off,off] EMC_FREQ 0%@1600 GR3D_FREQ 0%@614 APE 25 PLL@30C CPU@31.5C iwlwifi@32C PMIC@50C GPU@30C AO@41C thermal@30.75C POM_5V_IN 1689/1950 POM_5V_GPU 82/86 POM_5V_CPU 164/356
RAM 1371/3964MB (lfb 8x4MB) SWAP 765/6078MB (cached 37MB) IRAM 0/252kB(lfb 252kB) CPU [6%@921,4%@921,off,off] EMC_FREQ 0%@1600 GR3D_FREQ 0%@614 APE 25 PLL@29.5C CPU@31.5C iwlwifi@32C PMIC@50C GPU@30C AO@41C thermal@30.75C POM_5V_IN 1689/1950 POM_5V_GPU 82/86 POM_5V_CPU 164/356
RAM 1388/3964MB (lfb 8x4MB) SWAP 765/6078MB (cached 37MB) IRAM 0/252kB(lfb 252kB) CPU [9%@921,8%@921,off,off] EMC_FREQ 0%@1600 GR3D_FREQ 0%@614 APE 25 PLL@30.5C CPU@31.5C iwlwifi@32C PMIC@50C GPU@30C AO@41C thermal@30.75C POM_5V_IN 2095/1950 POM_5V_GPU 82/86 POM_5V_CPU 533/356
RAM 1375/3964MB (lfb 8x4MB) SWAP 765/6078MB (cached 37MB) IRAM 0/252kB(lfb 252kB) CPU [9%@921,2%@921,off,off] EMC_FREQ 0%@1600 GR3D_FREQ 0%@614 APE 25 PLL@30C CPU@31.5C iwlwifi@32C PMIC@50C GPU@30C AO@41.5C thermal@30.75C POM_5V_IN 1731/1950 POM_5V_GPU 82/86 POM_5V_CPU 164/356
RAM 1391/3964MB (lfb 8x4MB) SWAP 765/6078MB (cached 37MB) IRAM 0/252kB(lfb 252kB) CPU [10%@921,6%@921,off,off] EMC_FREQ 0%@1600 GR3D_FREQ 0%@614 APE 25 PLL@30.5C CPU@32C iwlwifi@32C PMIC@50C GPU@30C AO@41C thermal@31C POM_5V_IN 2136/1950 POM_5V_GPU 82/86 POM_5V_CPU 574/356
RAM 1379/3964MB (lfb 8x4MB) SWAP 765/6078MB (cached 37MB) IRAM 0/252kB(lfb 252kB) CPU [5%@921,7%@921,off,off] EMC_FREQ 0%@1600 GR3D_FREQ 0%@614 APE 25 PLL@30C CPU@31.5C iwlwifi@32C PMIC@50C GPU@30.5C AO@41.5C thermal@30.75C POM_5V_IN 1689/1950 POM_5V_GPU 82/86 POM_5V_CPU 164/356
RAM 1385/3964MB (lfb 8x4MB) SWAP 765/6078MB (cached 37MB) IRAM 0/252kB(lfb 252kB) CPU [7%@921,7%@921,off,off] EMC_FREQ 0%@1600 GR3D_FREQ 0%@614 APE 25 PLL@30.5C CPU@31.5C iwlwifi@32C PMIC@50C GPU@30C AO@41.5C thermal@30.75C POM_5V_IN 2297/1950 POM_5V_GPU 82/86 POM_5V_CPU 573/356
RAM 1391/3964MB (lfb 8x4MB) SWAP 765/6078MB (cached 37MB) IRAM 0/252kB(lfb 252kB) CPU [8%@921,6%@921,off,off] EMC_FREQ 0%@1600 GR3D_FREQ 0%@614 APE 25 PLL@30C CPU@31.5C iwlwifi@32C PMIC@50C GPU@30C AO@41.5C thermal@30.75C POM_5V_IN 2215/1950 POM_5V_GPU 82/86 POM_5V_CPU 574/356
RAM 1390/3964MB (lfb 8x4MB) SWAP 765/6078MB (cached 37MB) IRAM 0/252kB(lfb 252kB) CPU [7%@921,7%@921,off,off] EMC_FREQ 0%@1600 GR3D_FREQ 0%@614 APE 25 PLL@30C CPU@31.5C iwlwifi@32C PMIC@50C GPU@30C AO@41.5C thermal@31C POM_5V_IN 1851/1950 POM_5V_GPU 82/86 POM_5V_CPU 246/356
RAM 1390/3964MB (lfb 8x4MB) SWAP 765/6078MB (cached 37MB) IRAM 0/252kB(lfb 252kB) CPU [8%@921,5%@921,off,off] EMC_FREQ 0%@1600 GR3D_FREQ 0%@614 APE 25 PLL@30C CPU@31C iwlwifi@32C PMIC@50C GPU@30C AO@41C thermal@30.75C POM_5V_IN 1731/1950 POM_5V_GPU 82/86 POM_5V_CPU 164/356
RAM 1388/3964MB (lfb 8x4MB) SWAP 765/6078MB (cached 37MB) IRAM 0/252kB(lfb 252kB) CPU [8%@921,6%@921,off,off] EMC_FREQ 0%@1600 GR3D_FREQ 0%@614 APE 25 PLL@30C CPU@32C iwlwifi@32C PMIC@50C GPU@30C AO@41C thermal@30.75C POM_5V_IN 1731/1950 POM_5V_GPU 82/86 POM_5V_CPU 164/356
RAM 1386/3964MB (lfb 8x4MB) SWAP 765/6078MB (cached 37MB) IRAM 0/252kB(lfb 252kB) CPU [7%@921,7%@921,off,off] EMC_FREQ 0%@1600 GR3D_FREQ 0%@614 APE 25 PLL@30C CPU@31.5C iwlwifi@32C PMIC@50C GPU@29.5C AO@41C thermal@30.5C POM_5V_IN 1689/1950 POM_5V_GPU 82/86 POM_5V_CPU 123/356
RAM 1391/3964MB (lfb 8x4MB) SWAP 765/6078MB (cached 37MB) IRAM 0/252kB(lfb 252kB) CPU [7%@921,8%@921,off,off] EMC_FREQ 0%@1600 GR3D_FREQ 0%@614 APE 25 PLL@30C CPU@31.5C iwlwifi@32C PMIC@50C GPU@30C AO@41C thermal@31C POM_5V_IN 1731/1950 POM_5V_GPU 82/86 POM_5V_CPU 164/356
RAM 1386/3964MB (lfb 8x4MB) SWAP 765/6078MB (cached 37MB) IRAM 0/252kB(lfb 252kB) CPU [7%@921,6%@921,off,off] EMC_FREQ 0%@1600 GR3D_FREQ 0%@614 APE 25 PLL@30C CPU@31.5C iwlwifi@32C PMIC@50C GPU@30C AO@41C thermal@30.75C POM_5V_IN 1892/1950 POM_5V_GPU 82/86 POM_5V_CPU 288/356
RAM 1390/3964MB (lfb 8x4MB) SWAP 765/6078MB (cached 37MB) IRAM 0/252kB(lfb 252kB) CPU [7%@921,6%@921,off,off] EMC_FREQ 0%@1600 GR3D_FREQ 0%@614 APE 25 PLL@30C CPU@32C iwlwifi@32C PMIC@50C GPU@29.5C AO@41.5C thermal@30.75C POM_5V_IN 1689/1950 POM_5V_GPU 82/86 POM_5V_CPU 164/356
RAM 1390/3964MB (lfb 8x4MB) SWAP 765/6078MB (cached 37MB) IRAM 0/252kB(lfb 252kB) CPU [6%@921,7%@921,off,off] EMC_FREQ 0%@1600 GR3D_FREQ 0%@614 APE 25 PLL@30C CPU@32C iwlwifi@32C PMIC@50C GPU@30C AO@41C thermal@30.75C POM_5V_IN 1728/1950 POM_5V_GPU 82/86 POM_5V_CPU 164/356
RAM 1385/3964MB (lfb 8x4MB) SWAP 765/6078MB (cached 37MB) IRAM 0/252kB(lfb 252kB) CPU [6%@921,8%@921,off,off] EMC_FREQ 0%@1600 GR3D_FREQ 0%@614 APE 25 PLL@30C CPU@31.5C iwlwifi@32C PMIC@50C GPU@30C AO@41C thermal@30.75C POM_5V_IN 1687/1950 POM_5V_GPU 82/86 POM_5V_CPU 164/356
RAM 1371/3964MB (lfb 8x4MB) SWAP 765/6078MB (cached 37MB) IRAM 0/252kB(lfb 252kB) CPU [7%@921,2%@921,off,off] EMC_FREQ 0%@1600 GR3D_FREQ 0%@614 APE 25 PLL@30C CPU@31.5C iwlwifi@32C PMIC@50C GPU@30C AO@41C thermal@30.75C POM_5V_IN 1689/1950 POM_5V_GPU 82/86 POM_5V_CPU 164/355
RAM 1386/3964MB (lfb 8x4MB) SWAP 765/6078MB (cached 37MB) IRAM 0/252kB(lfb 252kB) CPU [11%@921,7%@921,off,off] EMC_FREQ 0%@1600 GR3D_FREQ 0%@614 APE 25 PLL@30C CPU@31.5C iwlwifi@32C PMIC@50C GPU@30C AO@41C thermal@30.75C POM_5V_IN 2136/1950 POM_5V_GPU 82/86 POM_5V_CPU 533/356
RAM 1371/3964MB (lfb 8x4MB) SWAP 765/6078MB (cached 37MB) IRAM 0/252kB(lfb 252kB) CPU [5%@921,5%@921,off,off] EMC_FREQ 0%@1600 GR3D_FREQ 0%@614 APE 25 PLL@30C CPU@31.5C iwlwifi@32C PMIC@50C GPU@30.5C AO@41C thermal@30.75C POM_5V_IN 1689/1950 POM_5V_GPU 82/86 POM_5V_CPU 164/355
RAM 1388/3964MB (lfb 8x4MB) SWAP 765/6078MB (cached 37MB) IRAM 0/252kB(lfb 252kB) CPU [8%@921,9%@921,off,off] EMC_FREQ 0%@1600 GR3D_FREQ 0%@614 APE 25 PLL@30C CPU@32C iwlwifi@32C PMIC@50C GPU@30C AO@41C thermal@30.75C POM_5V_IN 2136/1950 POM_5V_GPU 82/86 POM_5V_CPU 533/356
RAM 1374/3964MB (lfb 8x4MB) SWAP 765/6078MB (cached 37MB) IRAM 0/252kB(lfb 252kB) CPU [7%@921,3%@921,off,off] EMC_FREQ 0%@1600 GR3D_FREQ 0%@614 APE 25 PLL@30C CPU@31.5C iwlwifi@32C PMIC@50C GPU@30C AO@41C thermal@30.75C POM_5V_IN 1689/1949 POM_5V_GPU 82/86 POM_5V_CPU 164/355
RAM 1386/3964MB (lfb 8x4MB) SWAP 765/6078MB (cached 37MB) IRAM 0/252kB(lfb 252kB) CPU [8%@921,8%@921,off,off] EMC_FREQ 0%@1600 GR3D_FREQ 0%@614 APE 25 PLL@30.5C CPU@32C iwlwifi@32C PMIC@50C GPU@29.5C AO@41C thermal@30.75C POM_5V_IN 2136/1950 POM_5V_GPU 82/86 POM_5V_CPU 533/356
RAM 1374/3964MB (lfb 8x4MB) SWAP 765/6078MB (cached 37MB) IRAM 0/252kB(lfb 252kB) CPU [3%@921,8%@921,off,off] EMC_FREQ 0%@1600 GR3D_FREQ 0%@614 APE 25 PLL@30C CPU@31.5C iwlwifi@32C PMIC@50C GPU@30C AO@41C thermal@30.5C POM_5V_IN 1689/1949 POM_5V_GPU 82/86 POM_5V_CPU 164/355
RAM 1378/3964MB (lfb 8x4MB) SWAP 765/6078MB (cached 37MB) IRAM 0/252kB(lfb 252kB) CPU [10%@921,4%@921,off,off] EMC_FREQ 0%@1600 GR3D_FREQ 0%@614 APE 25 PLL@30C CPU@32C iwlwifi@32C PMIC@50C GPU@30C AO@41C thermal@30.75C POM_5V_IN 2133/1950 POM_5V_GPU 82/86 POM_5V_CPU 533/355
RAM 1382/3964MB (lfb 8x4MB) SWAP 765/6078MB (cached 37MB) IRAM 0/252kB(lfb 252kB) CPU [6%@921,8%@921,off,off] EMC_FREQ 0%@1600 GR3D_FREQ 0%@614 APE 25 PLL@30C CPU@32C iwlwifi@32C PMIC@50C GPU@30C AO@41C thermal@30.75C POM_5V_IN 2256/1950 POM_5V_GPU 81/86 POM_5V_CPU 573/356
RAM 1383/3964MB (lfb 8x4MB) SWAP 765/6078MB (cached 37MB) IRAM 0/252kB(lfb 252kB) CPU [4%@921,9%@921,off,off] EMC_FREQ 0%@1600 GR3D_FREQ 0%@614 APE 25 PLL@30.5C CPU@32C iwlwifi@32C PMIC@50C GPU@30C AO@41C thermal@31C POM_5V_IN 2297/1950 POM_5V_GPU 82/86 POM_5V_CPU 573/356
RAM 1388/3964MB (lfb 8x4MB) SWAP 765/6078MB (cached 37MB) IRAM 0/252kB(lfb 252kB) CPU [6%@921,8%@921,off,off] EMC_FREQ 0%@1600 GR3D_FREQ 0%@614 APE 25 PLL@30.5C CPU@32C iwlwifi@32C PMIC@50C GPU@30C AO@41C thermal@30.5C POM_5V_IN 2256/1950 POM_5V_GPU 82/86 POM_5V_CPU 574/356
RAM 1386/3964MB (lfb 8x4MB) SWAP 765/6078MB (cached 37MB) IRAM 0/252kB(lfb 252kB) CPU [8%@921,6%@921,off,off] EMC_FREQ 0%@1600 GR3D_FREQ 0%@614 APE 25 PLL@30.5C CPU@31.5C iwlwifi@32C PMIC@50C GPU@29.5C AO@41C thermal@30.75C POM_5V_IN 1772/1950 POM_5V_GPU 82/86 POM_5V_CPU 206/356
RAM 1390/3964MB (lfb 8x4MB) SWAP 765/6078MB (cached 37MB) IRAM 0/252kB(lfb 252kB) CPU [5%@921,8%@921,off,off] EMC_FREQ 0%@1600 GR3D_FREQ 0%@614 APE 25 PLL@30C CPU@32C iwlwifi@32C PMIC@50C GPU@30C AO@41C thermal@30.75C POM_5V_IN 1731/1950 POM_5V_GPU 82/86 POM_5V_CPU 164/356
RAM 1390/3964MB (lfb 8x4MB) SWAP 765/6078MB (cached 37MB) IRAM 0/252kB(lfb 252kB) CPU [8%@921,6%@921,off,off] EMC_FREQ 0%@1600 GR3D_FREQ 0%@614 APE 25 PLL@30C CPU@31.5C iwlwifi@32C PMIC@50C GPU@30C AO@41C thermal@30.5C POM_5V_IN 1689/1950 POM_5V_GPU 82/86 POM_5V_CPU 164/356
RAM 1385/3964MB (lfb 8x4MB) SWAP 765/6078MB (cached 37MB) IRAM 0/252kB(lfb 252kB) CPU [5%@921,8%@921,off,off] EMC_FREQ 0%@1600 GR3D_FREQ 0%@614 APE 25 PLL@30C CPU@31.5C iwlwifi@32C PMIC@50C GPU@30C AO@41C thermal@30.75C POM_5V_IN 1689/1950 POM_5V_GPU 82/86 POM_5V_CPU 164/355
RAM 1371/3964MB (lfb 8x4MB) SWAP 765/6078MB (cached 37MB) IRAM 0/252kB(lfb 252kB) CPU [4%@921,6%@921,off,off] EMC_FREQ 0%@1600 GR3D_FREQ 0%@614 APE 25 PLL@30C CPU@31.5C iwlwifi@32C PMIC@50C GPU@30C AO@41.5C thermal@30.75C POM_5V_IN 1731/1949 POM_5V_GPU 82/86 POM_5V_CPU 164/355
RAM 1392/3964MB (lfb 8x4MB) SWAP 765/6078MB (cached 37MB) IRAM 0/252kB(lfb 252kB) CPU [7%@921,11%@921,off,off] EMC_FREQ 0%@1600 GR3D_FREQ 0%@614 APE 25 PLL@30.5C CPU@31.5C iwlwifi@32C PMIC@50C GPU@30C AO@41C thermal@30.75C POM_5V_IN 2136/1950 POM_5V_GPU 82/86 POM_5V_CPU 533/355
RAM 1376/3964MB (lfb 8x4MB) SWAP 765/6078MB (cached 37MB) IRAM 0/252kB(lfb 252kB) CPU [4%@921,7%@921,off,off] EMC_FREQ 0%@1600 GR3D_FREQ 0%@614 APE 25 PLL@30C CPU@31.5C iwlwifi@32C PMIC@50C GPU@30C AO@41C thermal@30.75C POM_5V_IN 1689/1949 POM_5V_GPU 82/86 POM_5V_CPU 164/355
RAM 1377/3964MB (lfb 8x4MB) SWAP 765/6078MB (cached 37MB) IRAM 0/252kB(lfb 252kB) CPU [8%@921,6%@921,off,off] EMC_FREQ 0%@1600 GR3D_FREQ 0%@614 APE 25 PLL@30.5C CPU@31.5C iwlwifi@32C PMIC@50C GPU@30C AO@41C thermal@30.75C POM_5V_IN 2133/1950 POM_5V_GPU 82/86 POM_5V_CPU 574/355
RAM 1376/3964MB (lfb 8x4MB) SWAP 765/6078MB (cached 37MB) IRAM 0/252kB(lfb 252kB) CPU [7%@921,7%@921,off,off] EMC_FREQ 0%@1600 GR3D_FREQ 0%@614 APE 25 PLL@30C CPU@31.5C iwlwifi@32C PMIC@50C GPU@30C AO@41.5C thermal@30.75C POM_5V_IN 2215/1950 POM_5V_GPU 82/86 POM_5V_CPU 492/356
RAM 1393/3964MB (lfb 8x4MB) SWAP 765/6078MB (cached 37MB) IRAM 0/252kB(lfb 252kB) CPU [7%@921,7%@921,off,off] EMC_FREQ 0%@1600 GR3D_FREQ 0%@614 APE 25 PLL@30.5C CPU@31.5C iwlwifi@32C PMIC@50C GPU@30C AO@41.5C thermal@31C POM_5V_IN 2293/1950 POM_5V_GPU 81/86 POM_5V_CPU 573/356
RAM 1388/3964MB (lfb 8x4MB) SWAP 765/6078MB (cached 37MB) IRAM 0/252kB(lfb 252kB) CPU [9%@921,5%@921,off,off] EMC_FREQ 0%@1600 GR3D_FREQ 0%@614 APE 25 PLL@30C CPU@31.5C iwlwifi@32C PMIC@50C GPU@30C AO@41C thermal@31C POM_5V_IN 1934/1950 POM_5V_GPU 82/86 POM_5V_CPU 329/356
RAM 1388/3964MB (lfb 8x4MB) SWAP 765/6078MB (cached 37MB) IRAM 0/252kB(lfb 252kB) CPU [7%@921,6%@921,off,off] EMC_FREQ 0%@1600 GR3D_FREQ 0%@614 APE 25 PLL@30.5C CPU@31.5C iwlwifi@32C PMIC@50C GPU@30C AO@41C thermal@30.75C POM_5V_IN 1731/1950 POM_5V_GPU 82/86 POM_5V_CPU 164/356
RAM 1390/3964MB (lfb 8x4MB) SWAP 765/6078MB (cached 37MB) IRAM 0/252kB(lfb 252kB) CPU [7%@921,7%@921,off,off] EMC_FREQ 0%@1600 GR3D_FREQ 0%@614 APE 25 PLL@30C CPU@31.5C iwlwifi@32C PMIC@50C GPU@30C AO@41C thermal@30.5C POM_5V_IN 1731/1950 POM_5V_GPU 82/86 POM_5V_CPU 164/355
RAM 1386/3964MB (lfb 8x4MB) SWAP 765/6078MB (cached 37MB) IRAM 0/252kB(lfb 252kB) CPU [5%@921,8%@921,off,off] EMC_FREQ 0%@1600 GR3D_FREQ 0%@614 APE 25 PLL@30C CPU@31.5C iwlwifi@32C PMIC@50C GPU@30C AO@41C thermal@30.5C POM_5V_IN 1731/1949 POM_5V_GPU 82/86 POM_5V_CPU 164/355
RAM 1392/3964MB (lfb 8x4MB) SWAP 765/6078MB (cached 37MB) IRAM 0/252kB(lfb 252kB) CPU [9%@921,5%@921,off,off] EMC_FREQ 0%@1600 GR3D_FREQ 0%@614 APE 25 PLL@29.5C CPU@31.5C iwlwifi@33C PMIC@50C GPU@30C AO@41C thermal@30.5C POM_5V_IN 1689/1949 POM_5V_GPU 82/86 POM_5V_CPU 164/355
RAM 1363/3964MB (lfb 8x4MB) SWAP 765/6078MB (cached 37MB) IRAM 0/252kB(lfb 252kB) CPU [5%@921,4%@921,off,off] EMC_FREQ 0%@1600 GR3D_FREQ 0%@614 APE 25 PLL@30C CPU@31.5C iwlwifi@32C PMIC@50C GPU@30C AO@41C thermal@30.75C POM_5V_IN 1689/1949 POM_5V_GPU 82/86 POM_5V_CPU 164/355
RAM 1389/3964MB (lfb 8x4MB) SWAP 765/6078MB (cached 37MB) IRAM 0/252kB(lfb 252kB) CPU [9%@921,11%@921,off,off] EMC_FREQ 0%@1600 GR3D_FREQ 0%@614 APE 25 PLL@30C CPU@32C iwlwifi@32C PMIC@50C GPU@30C AO@41C thermal@31C POM_5V_IN 2095/1949 POM_5V_GPU 82/86 POM_5V_CPU 492/355
RAM 1381/3964MB (lfb 8x4MB) SWAP 765/6078MB (cached 37MB) IRAM 0/252kB(lfb 252kB) CPU [7%@921,3%@921,off,off] EMC_FREQ 0%@1600 GR3D_FREQ 0%@614 APE 25 PLL@30C CPU@31.5C iwlwifi@32C PMIC@50C GPU@30C AO@41.5C thermal@31C POM_5V_IN 1851/1949 POM_5V_GPU 82/86 POM_5V_CPU 164/355
RAM 1387/3964MB (lfb 8x4MB) SWAP 765/6078MB (cached 37MB) IRAM 0/252kB(lfb 252kB) CPU [8%@921,10%@921,off,off] EMC_FREQ 0%@1600 GR3D_FREQ 0%@614 APE 25 PLL@30C CPU@32C iwlwifi@32C PMIC@50C GPU@30.5C AO@41C thermal@30.75C POM_5V_IN 2136/1949 POM_5V_GPU 82/86 POM_5V_CPU 533/355
RAM 1377/3964MB (lfb 8x4MB) SWAP 765/6078MB (cached 37MB) IRAM 0/252kB(lfb 252kB) CPU [7%@921,4%@921,off,off] EMC_FREQ 0%@1600 GR3D_FREQ 0%@614 APE 25 PLL@30C CPU@31.5C iwlwifi@32C PMIC@50C GPU@30C AO@41C thermal@30.75C POM_5V_IN 1689/1949 POM_5V_GPU 82/86 POM_5V_CPU 164/355
RAM 1381/3964MB (lfb 8x4MB) SWAP 765/6078MB (cached 37MB) IRAM 0/252kB(lfb 252kB) CPU [4%@921,11%@921,off,off] EMC_FREQ 0%@1600 GR3D_FREQ 0%@614 APE 25 PLL@30C CPU@31.5C iwlwifi@32C PMIC@50C GPU@30C AO@41C thermal@30.75C POM_5V_IN 2174/1949 POM_5V_GPU 82/86 POM_5V_CPU 574/355
RAM 1386/3964MB (lfb 8x4MB) SWAP 765/6078MB (cached 37MB) IRAM 0/252kB(lfb 252kB) CPU [7%@921,8%@921,off,off] EMC_FREQ 0%@1600 GR3D_FREQ 0%@614 APE 25 PLL@30C CPU@32C iwlwifi@32C PMIC@50C GPU@30C AO@41C thermal@31C POM_5V_IN 2215/1949 POM_5V_GPU 82/86 POM_5V_CPU 574/355
RAM 1393/3964MB (lfb 8x4MB) SWAP 765/6078MB (cached 37MB) IRAM 0/252kB(lfb 252kB) CPU [7%@921,6%@921,off,off] EMC_FREQ 0%@1600 GR3D_FREQ 0%@614 APE 25 PLL@30C CPU@32C iwlwifi@32C PMIC@50C GPU@30.5C AO@41.5C thermal@30.75C POM_5V_IN 1687/1949 POM_5V_GPU 82/86 POM_5V_CPU 164/355
RAM 1387/3964MB (lfb 8x4MB) SWAP 765/6078MB (cached 37MB) IRAM 0/252kB(lfb 252kB) CPU [5%@921,8%@921,off,off] EMC_FREQ 0%@1600 GR3D_FREQ 0%@614 APE 25 PLL@30C CPU@32C iwlwifi@32C PMIC@50C GPU@30C AO@41C thermal@31C POM_5V_IN 1851/1949 POM_5V_GPU 82/86 POM_5V_CPU 246/355
RAM 1387/3964MB (lfb 8x4MB) SWAP 765/6078MB (cached 37MB) IRAM 0/252kB(lfb 252kB) CPU [8%@921,5%@921,off,off] EMC_FREQ 0%@1600 GR3D_FREQ 0%@614 APE 25 PLL@30C CPU@32C iwlwifi@32C PMIC@50C GPU@30C AO@41C thermal@30.75C POM_5V_IN 1731/1949 POM_5V_GPU 82/86 POM_5V_CPU 164/355
RAM 1390/3964MB (lfb 8x4MB) SWAP 765/6078MB (cached 37MB) IRAM 0/252kB(lfb 252kB) CPU [9%@921,5%@921,off,off] EMC_FREQ 0%@1600 GR3D_FREQ 0%@614 APE 25 PLL@30C CPU@31.5C iwlwifi@32C PMIC@50C GPU@29.5C AO@41C thermal@30.75C POM_5V_IN 1772/1949 POM_5V_GPU 82/86 POM_5V_CPU 164/355
RAM 1386/3964MB (lfb 8x4MB) SWAP 765/6078MB (cached 37MB) IRAM 0/252kB(lfb 252kB) CPU [8%@921,5%@921,off,off] EMC_FREQ 0%@1600 GR3D_FREQ 0%@614 APE 25 PLL@30C CPU@32C iwlwifi@33C PMIC@50C GPU@30C AO@41C thermal@31C POM_5V_IN 1689/1949 POM_5V_GPU 82/86 POM_5V_CPU 164/355
RAM 1373/3964MB (lfb 8x4MB) SWAP 765/6078MB (cached 37MB) IRAM 0/252kB(lfb 252kB) CPU [7%@921,3%@921,off,off] EMC_FREQ 0%@1600 GR3D_FREQ 0%@614 APE 25 PLL@30C CPU@31.5C iwlwifi@32C PMIC@50C GPU@30C AO@41C thermal@30.75C POM_5V_IN 1731/1949 POM_5V_GPU 82/86 POM_5V_CPU 164/355
RAM 1390/3964MB (lfb 8x4MB) SWAP 765/6078MB (cached 37MB) IRAM 0/252kB(lfb 252kB) CPU [9%@921,9%@921,off,off] EMC_FREQ 0%@1600 GR3D_FREQ 0%@614 APE 25 PLL@30.5C CPU@32C iwlwifi@32C PMIC@50C GPU@30C AO@41C thermal@31C POM_5V_IN 2136/1949 POM_5V_GPU 82/86 POM_5V_CPU 533/355
RAM 1375/3964MB (lfb 8x4MB) SWAP 765/6078MB (cached 37MB) IRAM 0/252kB(lfb 252kB) CPU [9%@921,2%@921,off,off] EMC_FREQ 0%@1600 GR3D_FREQ 0%@614 APE 25 PLL@30C CPU@32C iwlwifi@32C PMIC@50C GPU@30C AO@41C thermal@31C POM_5V_IN 1689/1949 POM_5V_GPU 82/86 POM_5V_CPU 164/355
RAM 1385/3964MB (lfb 8x4MB) SWAP 765/6078MB (cached 37MB) IRAM 0/252kB(lfb 252kB) CPU [7%@921,9%@921,off,off] EMC_FREQ 0%@1600 GR3D_FREQ 0%@614 APE 25 PLL@30C CPU@32C iwlwifi@32C PMIC@50C GPU@30C AO@41C thermal@31C POM_5V_IN 2136/1949 POM_5V_GPU 82/86 POM_5V_CPU 574/355
RAM 1379/3964MB (lfb 8x4MB) SWAP 765/6078MB (cached 37MB) IRAM 0/252kB(lfb 252kB) CPU [5%@921,7%@921,off,off] EMC_FREQ 0%@1600 GR3D_FREQ 0%@614 APE 25 PLL@30C CPU@31.5C iwlwifi@32C PMIC@50C GPU@30C AO@41C thermal@31C POM_5V_IN 1689/1949 POM_5V_GPU 82/86 POM_5V_CPU 164/355
RAM 1386/3964MB (lfb 8x4MB) SWAP 765/6078MB (cached 37MB) IRAM 0/252kB(lfb 252kB) CPU [6%@921,8%@921,off,off] EMC_FREQ 0%@1600 GR3D_FREQ 0%@614 APE 25 PLL@30C CPU@32C iwlwifi@32C PMIC@50C GPU@30C AO@41C thermal@30.75C POM_5V_IN 2297/1949 POM_5V_GPU 81/86 POM_5V_CPU 573/355
RAM 1388/3964MB (lfb 8x4MB) SWAP 765/6078MB (cached 37MB) IRAM 0/252kB(lfb 252kB) CPU [7%@921,7%@921,off,off] EMC_FREQ 0%@1600 GR3D_FREQ 0%@614 APE 25 PLL@30C CPU@32C iwlwifi@32C PMIC@50C GPU@30C AO@41.5C thermal@31C POM_5V_IN 2010/1949 POM_5V_GPU 82/86 POM_5V_CPU 410/355
RAM 1387/3964MB (lfb 8x4MB) SWAP 765/6078MB (cached 37MB) IRAM 0/252kB(lfb 252kB) CPU [9%@921,5%@921,off,off] EMC_FREQ 0%@1600 GR3D_FREQ 0%@614 APE 25 PLL@29.5C CPU@32C iwlwifi@32C PMIC@50C GPU@30C AO@41C thermal@30.75C POM_5V_IN 1772/1949 POM_5V_GPU 82/86 POM_5V_CPU 206/355
RAM 1387/3964MB (lfb 8x4MB) SWAP 765/6078MB (cached 37MB) IRAM 0/252kB(lfb 252kB) CPU [6%@921,8%@921,off,off] EMC_FREQ 0%@1600 GR3D_FREQ 0%@614 APE 25 PLL@30C CPU@31.5C iwlwifi@32C PMIC@50C GPU@30C AO@41C thermal@31C POM_5V_IN 1731/1949 POM_5V_GPU 82/86 POM_5V_CPU 164/355
RAM 1387/3964MB (lfb 8x4MB) SWAP 765/6078MB (cached 37MB) IRAM 0/252kB(lfb 252kB) CPU [6%@921,7%@921,off,off] EMC_FREQ 0%@1600 GR3D_FREQ 0%@614 APE 25 PLL@30C CPU@31.5C iwlwifi@32C PMIC@50C GPU@30.5C AO@41C thermal@30.75C POM_5V_IN 1731/1949 POM_5V_GPU 82/86 POM_5V_CPU 164/355
RAM 1385/3964MB (lfb 8x4MB) SWAP 765/6078MB (cached 37MB) IRAM 0/252kB(lfb 252kB) CPU [7%@921,7%@921,off,off] EMC_FREQ 0%@1600 GR3D_FREQ 0%@614 APE 25 PLL@30.5C CPU@32C iwlwifi@32C PMIC@50C GPU@30C AO@41C thermal@30.75C POM_5V_IN 1728/1949 POM_5V_GPU 82/86 POM_5V_CPU 164/355
RAM 1388/3964MB (lfb 8x4MB) SWAP 765/6078MB (cached 37MB) IRAM 0/252kB(lfb 252kB) CPU [7%@921,9%@921,off,off] EMC_FREQ 0%@1600 GR3D_FREQ 0%@614 APE 25 PLL@30C CPU@31.5C iwlwifi@32C PMIC@50C GPU@30.5C AO@41C thermal@30.75C POM_5V_IN 1689/1949 POM_5V_GPU 82/86 POM_5V_CPU 164/355
RAM 1371/3964MB (lfb 8x4MB) SWAP 765/6078MB (cached 37MB) IRAM 0/252kB(lfb 252kB) CPU [4%@921,7%@921,off,off] EMC_FREQ 0%@1600 GR3D_FREQ 0%@614 APE 25 PLL@30C CPU@31.5C iwlwifi@32C PMIC@50C GPU@30.5C AO@41C thermal@30.75C POM_5V_IN 1731/1949 POM_5V_GPU 82/86 POM_5V_CPU 164/355
RAM 1386/3964MB (lfb 8x4MB) SWAP 765/6078MB (cached 37MB) IRAM 0/252kB(lfb 252kB) CPU [11%@921,6%@921,off,off] EMC_FREQ 0%@1600 GR3D_FREQ 0%@614 APE 25 PLL@30C CPU@31.5C iwlwifi@32C PMIC@50C GPU@30C AO@41C thermal@31C POM_5V_IN 2136/1949 POM_5V_GPU 82/86 POM_5V_CPU 533/355
RAM 1376/3964MB (lfb 8x4MB) SWAP 765/6078MB (cached 37MB) IRAM 0/252kB(lfb 252kB) CPU [5%@921,5%@921,off,off] EMC_FREQ 0%@1600 GR3D_FREQ 0%@614 APE 25 PLL@30.5C CPU@31.5C iwlwifi@32C PMIC@50C GPU@30C AO@41C thermal@30.75C POM_5V_IN 1689/1949 POM_5V_GPU 82/86 POM_5V_CPU 123/355
RAM 1377/3964MB (lfb 8x4MB) SWAP 765/6078MB (cached 37MB) IRAM 0/252kB(lfb 252kB) CPU [6%@921,8%@921,off,off] EMC_FREQ 0%@1600 GR3D_FREQ 0%@614 APE 25 PLL@30C CPU@32C iwlwifi@32C PMIC@50C GPU@30C AO@41C thermal@31C POM_5V_IN 2133/1949 POM_5V_GPU 82/86 POM_5V_CPU 533/355
RAM 1379/3964MB (lfb 8x4MB) SWAP 765/6078MB (cached 37MB) IRAM 0/252kB(lfb 252kB) CPU [8%@921,7%@921,off,off] EMC_FREQ 0%@1600 GR3D_FREQ 0%@614 APE 25 PLL@30.5C CPU@32C iwlwifi@32C PMIC@50C GPU@30.5C AO@41.5C thermal@31.25C POM_5V_IN 2174/1949 POM_5V_GPU 82/86 POM_5V_CPU 615/355
RAM 1390/3964MB (lfb 8x4MB) SWAP 765/6078MB (cached 37MB) IRAM 0/252kB(lfb 252kB) CPU [10%@921,5%@921,off,off] EMC_FREQ 0%@1600 GR3D_FREQ 0%@614 APE 25 PLL@30.5C CPU@32.5C iwlwifi@32C PMIC@50C GPU@30C AO@41C thermal@30.75C POM_5V_IN 2297/1949 POM_5V_GPU 82/86 POM_5V_CPU 573/355
RAM 1386/3964MB (lfb 8x4MB) SWAP 765/6078MB (cached 37MB) IRAM 0/252kB(lfb 252kB) CPU [9%@921,5%@921,off,off] EMC_FREQ 0%@1600 GR3D_FREQ 0%@614 APE 25 PLL@30.5C CPU@31.5C iwlwifi@32C PMIC@50C GPU@30C AO@41C thermal@31C POM_5V_IN 1892/1949 POM_5V_GPU 82/86 POM_5V_CPU 288/355
RAM 1388/3964MB (lfb 8x4MB) SWAP 765/6078MB (cached 37MB) IRAM 0/252kB(lfb 252kB) CPU [8%@921,6%@921,off,off] EMC_FREQ 0%@1600 GR3D_FREQ 0%@614 APE 25 PLL@30C CPU@32C iwlwifi@32C PMIC@50C GPU@30C AO@41C thermal@30.5C POM_5V_IN 1731/1949 POM_5V_GPU 82/86 POM_5V_CPU 164/355
RAM 1388/3964MB (lfb 8x4MB) SWAP 765/6078MB (cached 37MB) IRAM 0/252kB(lfb 252kB) CPU [4%@921,9%@921,off,off] EMC_FREQ 0%@1600 GR3D_FREQ 0%@614 APE 25 PLL@30.5C CPU@31.5C iwlwifi@32C PMIC@50C GPU@30C AO@41C thermal@31C POM_5V_IN 1689/1949 POM_5V_GPU 82/86 POM_5V_CPU 164/355
RAM 1390/3964MB (lfb 8x4MB) SWAP 765/6078MB (cached 37MB) IRAM 0/252kB(lfb 252kB) CPU [8%@921,6%@921,off,off] EMC_FREQ 0%@1600 GR3D_FREQ 0%@614 APE 25 PLL@30.5C CPU@32C iwlwifi@32C PMIC@50C GPU@30C AO@41C thermal@31C POM_5V_IN 1689/1949 POM_5V_GPU 82/86 POM_5V_CPU 164/355
RAM 1386/3964MB (lfb 8x4MB) SWAP 765/6078MB (cached 37MB) IRAM 0/252kB(lfb 252kB) CPU [6%@921,8%@921,off,off] EMC_FREQ 0%@1600 GR3D_FREQ 0%@614 APE 25 PLL@30C CPU@31.5C iwlwifi@32C PMIC@50C GPU@30C AO@41C thermal@30.75C POM_5V_IN 2010/1949 POM_5V_GPU 82/86 POM_5V_CPU 369/355
RAM 1388/3964MB (lfb 8x4MB) SWAP 765/6078MB (cached 37MB) IRAM 0/252kB(lfb 252kB) CPU [7%@921,7%@921,off,off] EMC_FREQ 0%@1600 GR3D_FREQ 0%@614 APE 25 PLL@30C CPU@31.5C iwlwifi@32C PMIC@50C GPU@29.5C AO@41.5C thermal@30.75C POM_5V_IN 1689/1948 POM_5V_GPU 82/86 POM_5V_CPU 164/355
RAM 1372/3964MB (lfb 8x4MB) SWAP 765/6078MB (cached 37MB) IRAM 0/252kB(lfb 252kB) CPU [4%@921,5%@921,off,off] EMC_FREQ 0%@1600 GR3D_FREQ 0%@614 APE 25 PLL@30.5C CPU@31.5C iwlwifi@32C PMIC@50C GPU@30C AO@41.5C thermal@30.75C POM_5V_IN 1689/1948 POM_5V_GPU 82/86 POM_5V_CPU 164/354
RAM 1386/3964MB (lfb 8x4MB) SWAP 765/6078MB (cached 37MB) IRAM 0/252kB(lfb 252kB) CPU [8%@921,10%@921,off,off] EMC_FREQ 0%@1600 GR3D_FREQ 0%@614 APE 25 PLL@30.5C CPU@32C iwlwifi@32C PMIC@50C GPU@30C AO@41.5C thermal@30.5C POM_5V_IN 2133/1948 POM_5V_GPU 82/86 POM_5V_CPU 533/355
RAM 1379/3964MB (lfb 8x4MB) SWAP 765/6078MB (cached 37MB) IRAM 0/252kB(lfb 252kB) CPU [5%@921,6%@921,off,off] EMC_FREQ 0%@1600 GR3D_FREQ 0%@614 APE 25 PLL@30C CPU@31.5C iwlwifi@32C PMIC@50C GPU@30C AO@41.5C thermal@30.5C POM_5V_IN 1689/1948 POM_5V_GPU 82/86 POM_5V_CPU 164/354
RAM 1378/3964MB (lfb 8x4MB) SWAP 765/6078MB (cached 37MB) IRAM 0/252kB(lfb 252kB) CPU [7%@921,7%@921,off,off] EMC_FREQ 0%@1600 GR3D_FREQ 0%@614 APE 25 PLL@30.5C CPU@31.5C iwlwifi@32C PMIC@50C GPU@30C AO@41.5C thermal@30.5C POM_5V_IN 2174/1948 POM_5V_GPU 82/86 POM_5V_CPU 492/355
RAM 1380/3964MB (lfb 8x4MB) SWAP 765/6078MB (cached 37MB) IRAM 0/252kB(lfb 252kB) CPU [8%@921,7%@921,off,off] EMC_FREQ 0%@1600 GR3D_FREQ 0%@614 APE 25 PLL@30.5C CPU@32C iwlwifi@32C PMIC@50C GPU@29.5C AO@41.5C thermal@30.75C POM_5V_IN 2256/1949 POM_5V_GPU 81/86 POM_5V_CPU 573/355
RAM 1384/3964MB (lfb 8x4MB) SWAP 765/6078MB (cached 37MB) IRAM 0/252kB(lfb 252kB) CPU [6%@921,7%@921,off,off] EMC_FREQ 0%@1600 GR3D_FREQ 0%@614 APE 25 PLL@30.5C CPU@32C iwlwifi@32C PMIC@50C GPU@30C AO@41.5C thermal@30.75C POM_5V_IN 2136/1949 POM_5V_GPU 82/86 POM_5V_CPU 493/355
RAM 1376/3964MB (lfb 8x4MB) SWAP 765/6078MB (cached 37MB) IRAM 0/252kB(lfb 252kB) CPU [8%@921,5%@921,off,off] EMC_FREQ 0%@1600 GR3D_FREQ 0%@614 APE 25 PLL@30.5C CPU@32C iwlwifi@32C PMIC@50C GPU@30C AO@41.5C thermal@30.75C POM_5V_IN 2054/1949 POM_5V_GPU 82/86 POM_5V_CPU 410/355
RAM 1379/3964MB (lfb 8x4MB) SWAP 765/6078MB (cached 37MB) IRAM 0/252kB(lfb 252kB) CPU [6%@921,7%@921,off,off] EMC_FREQ 0%@1600 GR3D_FREQ 0%@614 APE 25 PLL@30.5C CPU@31.5C iwlwifi@32C PMIC@50C GPU@30C AO@41.5C thermal@30.5C POM_5V_IN 2297/1949 POM_5V_GPU 81/86 POM_5V_CPU 573/355
RAM 1375/3964MB (lfb 8x4MB) SWAP 765/6078MB (cached 37MB) IRAM 0/252kB(lfb 252kB) CPU [7%@921,5%@921,off,off] EMC_FREQ 0%@1600 GR3D_FREQ 0%@614 APE 25 PLL@30.5C CPU@31.5C iwlwifi@33C PMIC@50C GPU@30C AO@41.5C thermal@31C POM_5V_IN 2297/1949 POM_5V_GPU 81/86 POM_5V_CPU 614/355
RAM 1385/3964MB (lfb 8x4MB) SWAP 765/6078MB (cached 37MB) IRAM 0/252kB(lfb 252kB) CPU [10%@921,7%@921,off,off] EMC_FREQ 0%@1600 GR3D_FREQ 0%@614 APE 25 PLL@30.5C CPU@32C iwlwifi@32C PMIC@50C GPU@30C AO@41C thermal@30.75C POM_5V_IN 2136/1949 POM_5V_GPU 82/86 POM_5V_CPU 533/355
RAM 1378/3964MB (lfb 8x4MB) SWAP 765/6078MB (cached 37MB) IRAM 0/252kB(lfb 252kB) CPU [6%@921,7%@921,off,off] EMC_FREQ 0%@1600 GR3D_FREQ 0%@614 APE 25 PLL@30C CPU@31.5C iwlwifi@32C PMIC@50C GPU@30C AO@41.5C thermal@31C POM_5V_IN 1689/1949 POM_5V_GPU 82/86 POM_5V_CPU 164/355
RAM 1381/3964MB (lfb 8x4MB) SWAP 765/6078MB (cached 37MB) IRAM 0/252kB(lfb 252kB) CPU [9%@921,4%@921,off,off] EMC_FREQ 0%@1600 GR3D_FREQ 0%@614 APE 25 PLL@30.5C CPU@31.5C iwlwifi@32C PMIC@50C GPU@30C AO@41.5C thermal@30.75C POM_5V_IN 2256/1949 POM_5V_GPU 82/86 POM_5V_CPU 573/355
RAM 1393/3964MB (lfb 8x4MB) SWAP 765/6078MB (cached 37MB) IRAM 0/252kB(lfb 252kB) CPU [7%@921,8%@921,off,off] EMC_FREQ 0%@1600 GR3D_FREQ 0%@614 APE 25 PLL@30C CPU@32C iwlwifi@32C PMIC@50C GPU@30.5C AO@41.5C thermal@30.75C POM_5V_IN 2215/1949 POM_5V_GPU 82/86 POM_5V_CPU 574/355
RAM 1389/3964MB (lfb 8x4MB) SWAP 764/6078MB (cached 38MB) IRAM 0/252kB(lfb 252kB) CPU [15%@921,10%@921,off,off] EMC_FREQ 0%@1600 GR3D_FREQ 0%@614 APE 25 PLL@30C CPU@31.5C iwlwifi@32C PMIC@50C GPU@30.5C AO@41.5C thermal@31C POM_5V_IN 1810/1949 POM_5V_GPU 82/86 POM_5V_CPU 246/355
RAM 1397/3964MB (lfb 8x4MB) SWAP 763/6078MB (cached 38MB) IRAM 0/252kB(lfb 252kB) CPU [13%@921,15%@921,off,off] EMC_FREQ 1%@1600 GR3D_FREQ 0%@614 APE 25 PLL@30.5C CPU@32C iwlwifi@32C PMIC@50C GPU@30C AO@41.5C thermal@30.75C POM_5V_IN 2531/1949 POM_5V_GPU 81/86 POM_5V_CPU 734/355
RAM 1378/3964MB (lfb 8x4MB) SWAP 763/6078MB (cached 38MB) IRAM 0/252kB(lfb 252kB) CPU [7%@921,3%@921,off,off] EMC_FREQ 0%@1600 GR3D_FREQ 0%@614 APE 25 PLL@30C CPU@31.5C iwlwifi@34C PMIC@50C GPU@30C AO@41C thermal@30.75C POM_5V_IN 1689/1949 POM_5V_GPU 82/86 POM_5V_CPU 164/355
RAM 1396/3964MB (lfb 8x4MB) SWAP 763/6078MB (cached 38MB) IRAM 0/252kB(lfb 252kB) CPU [7%@921,12%@921,off,off] EMC_FREQ 0%@1600 GR3D_FREQ 0%@614 APE 25 PLL@30.5C CPU@31.5C iwlwifi@32C PMIC@50C GPU@30C AO@41C thermal@30.75C POM_5V_IN 2133/1949 POM_5V_GPU 82/86 POM_5V_CPU 533/355
RAM 1393/3964MB (lfb 8x4MB) SWAP 763/6078MB (cached 38MB) IRAM 0/252kB(lfb 252kB) CPU [9%@921,5%@921,off,off] EMC_FREQ 0%@1600 GR3D_FREQ 0%@614 APE 25 PLL@30C CPU@31C iwlwifi@33C PMIC@50C GPU@30C AO@41C thermal@30.75C POM_5V_IN 1689/1949 POM_5V_GPU 82/86 POM_5V_CPU 164/355
RAM 1388/3964MB (lfb 8x4MB) SWAP 763/6078MB (cached 38MB) IRAM 0/252kB(lfb 252kB) CPU [5%@921,9%@921,off,off] EMC_FREQ 0%@1600 GR3D_FREQ 0%@614 APE 25 PLL@30C CPU@31C iwlwifi@34C PMIC@50C GPU@30C AO@41.5C thermal@31C POM_5V_IN 1731/1949 POM_5V_GPU 82/86 POM_5V_CPU 164/355
RAM 1381/3964MB (lfb 8x4MB) SWAP 763/6078MB (cached 38MB) IRAM 0/252kB(lfb 252kB) CPU [9%@921,3%@921,off,off] EMC_FREQ 0%@1600 GR3D_FREQ 0%@614 APE 25 PLL@30.5C CPU@32C iwlwifi@33C PMIC@50C GPU@30C AO@41.5C thermal@30.75C POM_5V_IN 2129/1949 POM_5V_GPU 81/86 POM_5V_CPU 491/355
RAM 1381/3964MB (lfb 8x4MB) SWAP 763/6078MB (cached 38MB) IRAM 0/252kB(lfb 252kB) CPU [9%@921,6%@921,off,off] EMC_FREQ 0%@1600 GR3D_FREQ 0%@614 APE 25 PLL@30C CPU@31.5C iwlwifi@33C PMIC@50C GPU@30C AO@41.5C thermal@30.75C POM_5V_IN 2136/1949 POM_5V_GPU 82/86 POM_5V_CPU 533/355
RAM 1397/3964MB (lfb 8x4MB) SWAP 763/6078MB (cached 38MB) IRAM 0/252kB(lfb 252kB) CPU [9%@921,9%@921,off,off] EMC_FREQ 0%@1600 GR3D_FREQ 0%@614 APE 25 PLL@30.5C CPU@31.5C iwlwifi@32C PMIC@50C GPU@30C AO@41.5C thermal@31C POM_5V_IN 2136/1949 POM_5V_GPU 82/86 POM_5V_CPU 533/355
RAM 1385/3964MB (lfb 8x4MB) SWAP 763/6078MB (cached 38MB) IRAM 0/252kB(lfb 252kB) CPU [6%@921,6%@921,off,off] EMC_FREQ 0%@1600 GR3D_FREQ 0%@614 APE 25 PLL@30C CPU@31.5C iwlwifi@32C PMIC@50C GPU@30.5C AO@41.5C thermal@30.75C POM_5V_IN 1689/1949 POM_5V_GPU 82/86 POM_5V_CPU 164/355
RAM 1380/3964MB (lfb 8x4MB) SWAP 763/6078MB (cached 38MB) IRAM 0/252kB(lfb 252kB) CPU [9%@921,4%@921,off,off] EMC_FREQ 0%@1600 GR3D_FREQ 0%@614 APE 25 PLL@30.5C CPU@32C iwlwifi@32C PMIC@50C GPU@30C AO@41C thermal@31.25C POM_5V_IN 2136/1949 POM_5V_GPU 82/86 POM_5V_CPU 533/355
RAM 1395/3964MB (lfb 8x4MB) SWAP 763/6078MB (cached 38MB) IRAM 0/252kB(lfb 252kB) CPU [8%@921,11%@921,off,off] EMC_FREQ 0%@1600 GR3D_FREQ 0%@614 APE 25 PLL@30.5C CPU@32C iwlwifi@32C PMIC@50C GPU@30C AO@41C thermal@31C POM_5V_IN 2136/1949 POM_5V_GPU 82/86 POM_5V_CPU 533/355
RAM 1397/3964MB (lfb 8x4MB) SWAP 763/6078MB (cached 38MB) IRAM 0/252kB(lfb 252kB) CPU [6%@921,7%@921,off,off] EMC_FREQ 0%@1600 GR3D_FREQ 0%@614 APE 25 PLL@30C CPU@31.5C iwlwifi@33C PMIC@50C GPU@30C AO@41C thermal@31C POM_5V_IN 1731/1949 POM_5V_GPU 82/86 POM_5V_CPU 164/355
RAM 1395/3964MB (lfb 8x4MB) SWAP 763/6078MB (cached 38MB) IRAM 0/252kB(lfb 252kB) CPU [5%@921,9%@921,off,off] EMC_FREQ 0%@1600 GR3D_FREQ 0%@614 APE 25 PLL@30C CPU@31.5C iwlwifi@32C PMIC@50C GPU@30.5C AO@40.5C thermal@31C POM_5V_IN 1689/1949 POM_5V_GPU 82/86 POM_5V_CPU 164/355
RAM 1371/3964MB (lfb 8x4MB) SWAP 763/6078MB (cached 38MB) IRAM 0/252kB(lfb 252kB) CPU [4%@921,4%@921,off,off] EMC_FREQ 0%@1600 GR3D_FREQ 0%@614 APE 25 PLL@30C CPU@31.5C iwlwifi@32C PMIC@50C GPU@30C AO@41C thermal@31C POM_5V_IN 1689/1949 POM_5V_GPU 82/86 POM_5V_CPU 164/355
RAM 1393/3964MB (lfb 8x4MB) SWAP 763/6078MB (cached 38MB) IRAM 0/252kB(lfb 252kB) CPU [12%@921,6%@921,off,off] EMC_FREQ 0%@1600 GR3D_FREQ 0%@614 APE 25 PLL@30.5C CPU@32C iwlwifi@32C PMIC@50C GPU@30C AO@41C thermal@31C POM_5V_IN 2136/1949 POM_5V_GPU 82/86 POM_5V_CPU 533/355
RAM 1386/3964MB (lfb 8x4MB) SWAP 763/6078MB (cached 38MB) IRAM 0/252kB(lfb 252kB) CPU [6%@921,6%@921,off,off] EMC_FREQ 0%@1600 GR3D_FREQ 0%@614 APE 25 PLL@30C CPU@31.5C iwlwifi@32C PMIC@50C GPU@30.5C AO@41.5C thermal@30.75C POM_5V_IN 1689/1949 POM_5V_GPU 82/86 POM_5V_CPU 164/355
RAM 1385/3964MB (lfb 8x4MB) SWAP 763/6078MB (cached 38MB) IRAM 0/252kB(lfb 252kB) CPU [8%@921,6%@921,off,off] EMC_FREQ 0%@1600 GR3D_FREQ 0%@614 APE 25 PLL@30.5C CPU@32C iwlwifi@32C PMIC@50C GPU@30.5C AO@41C thermal@31.25C POM_5V_IN 2174/1949 POM_5V_GPU 82/86 POM_5V_CPU 574/355
RAM 1390/3964MB (lfb 8x4MB) SWAP 763/6078MB (cached 38MB) IRAM 0/252kB(lfb 252kB) CPU [8%@921,6%@921,off,off] EMC_FREQ 0%@1600 GR3D_FREQ 0%@614 APE 25 PLL@30.5C CPU@31.5C iwlwifi@32C PMIC@50C GPU@30C AO@41C thermal@31.25C POM_5V_IN 2297/1949 POM_5V_GPU 82/86 POM_5V_CPU 574/355
RAM 1401/3964MB (lfb 8x4MB) SWAP 763/6078MB (cached 38MB) IRAM 0/252kB(lfb 252kB) CPU [5%@921,8%@921,off,off] EMC_FREQ 0%@1600 GR3D_FREQ 0%@614 APE 25 PLL@30C CPU@31.5C iwlwifi@32C PMIC@50C GPU@30C AO@41.5C thermal@31C POM_5V_IN 2215/1949 POM_5V_GPU 82/86 POM_5V_CPU 574/355
RAM 1381/3964MB (lfb 8x4MB) SWAP 763/6078MB (cached 38MB) IRAM 0/252kB(lfb 252kB) CPU [7%@921,6%@921,off,off] EMC_FREQ 0%@1600 GR3D_FREQ 0%@614 APE 25 PLL@30C CPU@32C iwlwifi@34C PMIC@50C GPU@30C AO@41.5C thermal@31C POM_5V_IN 1934/1949 POM_5V_GPU 82/86 POM_5V_CPU 329/355
RAM 1385/3964MB (lfb 8x4MB) SWAP 763/6078MB (cached 38MB) IRAM 0/252kB(lfb 252kB) CPU [8%@921,7%@921,off,off] EMC_FREQ 0%@1600 GR3D_FREQ 0%@614 APE 25 PLL@30C CPU@32C iwlwifi@32C PMIC@50C GPU@30.5C AO@41.5C thermal@31.25C POM_5V_IN 2133/1949 POM_5V_GPU 82/86 POM_5V_CPU 533/355
RAM 1385/3964MB (lfb 8x4MB) SWAP 763/6078MB (cached 38MB) IRAM 0/252kB(lfb 252kB) CPU [6%@921,8%@921,off,off] EMC_FREQ 0%@1600 GR3D_FREQ 0%@614 APE 25 PLL@30C CPU@32C iwlwifi@32C PMIC@50C GPU@30.5C AO@41C thermal@30.75C POM_5V_IN 2293/1950 POM_5V_GPU 81/86 POM_5V_CPU 614/355
RAM 1377/3964MB (lfb 8x4MB) SWAP 763/6078MB (cached 38MB) IRAM 0/252kB(lfb 252kB) CPU [7%@921,5%@921,off,off] EMC_FREQ 0%@1600 GR3D_FREQ 0%@614 APE 25 PLL@30C CPU@32C iwlwifi@33C PMIC@50C GPU@30C AO@41.5C thermal@31C POM_5V_IN 2215/1950 POM_5V_GPU 82/86 POM_5V_CPU 492/355
RAM 1393/3964MB (lfb 8x4MB) SWAP 763/6078MB (cached 38MB) IRAM 0/252kB(lfb 252kB) CPU [12%@921,6%@921,off,off] EMC_FREQ 0%@1600 GR3D_FREQ 0%@614 APE 25 PLL@30.5C CPU@32C iwlwifi@32C PMIC@50C GPU@30C AO@41C thermal@30.75C POM_5V_IN 2133/1950 POM_5V_GPU 82/86 POM_5V_CPU 532/356
RAM 1388/3964MB (lfb 8x4MB) SWAP 763/6078MB (cached 38MB) IRAM 0/252kB(lfb 252kB) CPU [7%@921,6%@921,off,off] EMC_FREQ 0%@1600 GR3D_FREQ 0%@614 APE 25 PLL@30C CPU@32C iwlwifi@32C PMIC@50C GPU@30C AO@41.5C thermal@31.25C POM_5V_IN 1689/1950 POM_5V_GPU 82/86 POM_5V_CPU 164/355
RAM 1399/3964MB (lfb 8x4MB) SWAP 763/6078MB (cached 38MB) IRAM 0/252kB(lfb 252kB) CPU [7%@921,7%@921,off,off] EMC_FREQ 0%@1600 GR3D_FREQ 0%@614 APE 25 PLL@30C CPU@32C iwlwifi@32C PMIC@50C GPU@30C AO@41C thermal@30.75C POM_5V_IN 2256/1950 POM_5V_GPU 82/86 POM_5V_CPU 574/356
RAM 1397/3964MB (lfb 8x4MB) SWAP 763/6078MB (cached 38MB) IRAM 0/252kB(lfb 252kB) CPU [4%@921,10%@921,off,off] EMC_FREQ 0%@1600 GR3D_FREQ 0%@614 APE 25 PLL@30C CPU@31.5C iwlwifi@32C PMIC@50C GPU@30.5C AO@41C thermal@31C POM_5V_IN 1934/1950 POM_5V_GPU 82/86 POM_5V_CPU 329/356
RAM 1393/3964MB (lfb 8x4MB) SWAP 763/6078MB (cached 38MB) IRAM 0/252kB(lfb 252kB) CPU [8%@921,7%@921,off,off] EMC_FREQ 0%@1600 GR3D_FREQ 0%@614 APE 25 PLL@30C CPU@31.5C iwlwifi@32C PMIC@50C GPU@30C AO@41.5C thermal@30.75C POM_5V_IN 1731/1950 POM_5V_GPU 82/86 POM_5V_CPU 164/355
RAM 1397/3964MB (lfb 8x4MB) SWAP 763/6078MB (cached 38MB) IRAM 0/252kB(lfb 252kB) CPU [6%@921,7%@921,off,off] EMC_FREQ 0%@1600 GR3D_FREQ 0%@614 APE 25 PLL@30C CPU@32C iwlwifi@32C PMIC@50C GPU@30C AO@41C thermal@31C POM_5V_IN 1772/1950 POM_5V_GPU 82/86 POM_5V_CPU 206/355
RAM 1393/3964MB (lfb 8x4MB) SWAP 763/6078MB (cached 38MB) IRAM 0/252kB(lfb 252kB) CPU [6%@921,7%@921,off,off] EMC_FREQ 0%@1600 GR3D_FREQ 0%@614 APE 25 PLL@30C CPU@31.5C iwlwifi@32C PMIC@50C GPU@30C AO@41C thermal@31.5C POM_5V_IN 1810/1949 POM_5V_GPU 82/86 POM_5V_CPU 246/355
RAM 1397/3964MB (lfb 8x4MB) SWAP 763/6078MB (cached 38MB) IRAM 0/252kB(lfb 252kB) CPU [5%@921,9%@921,off,off] EMC_FREQ 0%@1600 GR3D_FREQ 0%@614 APE 25 PLL@30C CPU@31.5C iwlwifi@32C PMIC@50C GPU@30C AO@41.5C thermal@31C POM_5V_IN 1731/1949 POM_5V_GPU 82/86 POM_5V_CPU 164/355
RAM 1373/3964MB (lfb 8x4MB) SWAP 763/6078MB (cached 38MB) IRAM 0/252kB(lfb 252kB) CPU [5%@921,3%@921,off,off] EMC_FREQ 0%@1600 GR3D_FREQ 0%@614 APE 25 PLL@30C CPU@31.5C iwlwifi@32C PMIC@50C GPU@30C AO@41C thermal@30.75C POM_5V_IN 1689/1949 POM_5V_GPU 82/86 POM_5V_CPU 164/355
RAM 1395/3964MB (lfb 8x4MB) SWAP 763/6078MB (cached 38MB) IRAM 0/252kB(lfb 252kB) CPU [10%@921,9%@921,off,off] EMC_FREQ 0%@1600 GR3D_FREQ 0%@614 APE 25 PLL@30C CPU@32C iwlwifi@32C PMIC@50C GPU@30C AO@41C thermal@30.75C POM_5V_IN 2136/1949 POM_5V_GPU 82/86 POM_5V_CPU 533/355
RAM 1383/3964MB (lfb 8x4MB) SWAP 763/6078MB (cached 38MB) IRAM 0/252kB(lfb 252kB) CPU [6%@921,5%@921,off,off] EMC_FREQ 0%@1600 GR3D_FREQ 0%@614 APE 25 PLL@29.5C CPU@31.5C iwlwifi@32C PMIC@50C GPU@30C AO@41C thermal@31C POM_5V_IN 1731/1949 POM_5V_GPU 82/86 POM_5V_CPU 164/355
RAM 1380/3964MB (lfb 8x4MB) SWAP 763/6078MB (cached 38MB) IRAM 0/252kB(lfb 252kB) CPU [8%@921,5%@921,off,off] EMC_FREQ 0%@1600 GR3D_FREQ 0%@614 APE 25 PLL@30C CPU@32C iwlwifi@32C PMIC@50C GPU@30C AO@41C thermal@30.75C POM_5V_IN 2133/1949 POM_5V_GPU 82/86 POM_5V_CPU 533/355
RAM 1385/3964MB (lfb 8x4MB) SWAP 763/6078MB (cached 38MB) IRAM 0/252kB(lfb 252kB) CPU [7%@921,7%@921,off,off] EMC_FREQ 0%@1600 GR3D_FREQ 0%@614 APE 25 PLL@30C CPU@32C iwlwifi@32C PMIC@50C GPU@30.5C AO@41C thermal@31C POM_5V_IN 2136/1949 POM_5V_GPU 82/86 POM_5V_CPU 533/355
RAM 1392/3964MB (lfb 8x4MB) SWAP 763/6078MB (cached 38MB) IRAM 0/252kB(lfb 252kB) CPU [8%@921,6%@921,off,off] EMC_FREQ 0%@1600 GR3D_FREQ 0%@614 APE 25 PLL@30C CPU@32.5C iwlwifi@32C PMIC@50C GPU@30C AO@41C thermal@31C POM_5V_IN 2256/1950 POM_5V_GPU 82/86 POM_5V_CPU 614/355
RAM 1396/3964MB (lfb 8x4MB) SWAP 763/6078MB (cached 38MB) IRAM 0/252kB(lfb 252kB) CPU [6%@921,8%@921,off,off] EMC_FREQ 0%@1600 GR3D_FREQ 0%@614 APE 25 PLL@30C CPU@31.5C iwlwifi@32C PMIC@50C GPU@30C AO@41C thermal@30.75C POM_5V_IN 2215/1950 POM_5V_GPU 82/86 POM_5V_CPU 615/356
RAM 1397/3964MB (lfb 8x4MB) SWAP 763/6078MB (cached 38MB) IRAM 0/252kB(lfb 252kB) CPU [8%@921,5%@921,off,off] EMC_FREQ 0%@1600 GR3D_FREQ 0%@614 APE 25 PLL@30C CPU@32C iwlwifi@32C PMIC@50C GPU@30.5C AO@41C thermal@31.25C POM_5V_IN 1813/1950 POM_5V_GPU 82/86 POM_5V_CPU 246/355
RAM 1397/3964MB (lfb 8x4MB) SWAP 763/6078MB (cached 38MB) IRAM 0/252kB(lfb 252kB) CPU [4%@921,8%@921,off,off] EMC_FREQ 0%@1600 GR3D_FREQ 0%@614 APE 25 PLL@30C CPU@32C iwlwifi@32C PMIC@50C GPU@30C AO@41.5C thermal@31.25C POM_5V_IN 1731/1950 POM_5V_GPU 82/86 POM_5V_CPU 164/355
RAM 1393/3964MB (lfb 8x4MB) SWAP 763/6078MB (cached 38MB) IRAM 0/252kB(lfb 252kB) CPU [9%@921,5%@921,off,off] EMC_FREQ 0%@1600 GR3D_FREQ 0%@614 APE 25 PLL@30C CPU@31.5C iwlwifi@32C PMIC@50C GPU@30C AO@41.5C thermal@30.75C POM_5V_IN 1689/1949 POM_5V_GPU 82/86 POM_5V_CPU 164/355
RAM 1395/3964MB (lfb 8x4MB) SWAP 763/6078MB (cached 38MB) IRAM 0/252kB(lfb 252kB) CPU [6%@921,8%@921,off,off] EMC_FREQ 0%@1600 GR3D_FREQ 0%@614 APE 25 PLL@30C CPU@32C iwlwifi@32C PMIC@50C GPU@30C AO@41C thermal@31C POM_5V_IN 1689/1949 POM_5V_GPU 82/86 POM_5V_CPU 164/355
RAM 1397/3964MB (lfb 8x4MB) SWAP 763/6078MB (cached 38MB) IRAM 0/252kB(lfb 252kB) CPU [7%@921,7%@921,off,off] EMC_FREQ 0%@1600 GR3D_FREQ 0%@614 APE 25 PLL@30C CPU@31.5C iwlwifi@32C PMIC@50C GPU@30C AO@41C thermal@31C POM_5V_IN 1689/1949 POM_5V_GPU 82/86 POM_5V_CPU 164/355
RAM 1378/3964MB (lfb 8x4MB) SWAP 763/6078MB (cached 38MB) IRAM 0/252kB(lfb 252kB) CPU [5%@921,4%@921,off,off] EMC_FREQ 0%@1600 GR3D_FREQ 0%@614 APE 25 PLL@30C CPU@31.5C iwlwifi@32C PMIC@50C GPU@30.5C AO@41.5C thermal@30.75C POM_5V_IN 1689/1949 POM_5V_GPU 82/86 POM_5V_CPU 164/355
RAM 1393/3964MB (lfb 8x4MB) SWAP 763/6078MB (cached 38MB) IRAM 0/252kB(lfb 252kB) CPU [9%@921,7%@921,off,off] EMC_FREQ 0%@1600 GR3D_FREQ 0%@614 APE 25 PLL@30C CPU@32C iwlwifi@32C PMIC@50C GPU@30C AO@41C thermal@31C POM_5V_IN 2136/1949 POM_5V_GPU 82/86 POM_5V_CPU 533/355
RAM 1383/3964MB (lfb 8x4MB) SWAP 763/6078MB (cached 38MB) IRAM 0/252kB(lfb 252kB) CPU [5%@921,6%@921,off,off] EMC_FREQ 0%@1600 GR3D_FREQ 0%@614 APE 25 PLL@30C CPU@31.5C iwlwifi@32C PMIC@50C GPU@30C AO@41C thermal@31C POM_5V_IN 1689/1949 POM_5V_GPU 82/86 POM_5V_CPU 164/355
RAM 1385/3964MB (lfb 8x4MB) SWAP 763/6078MB (cached 38MB) IRAM 0/252kB(lfb 252kB) CPU [8%@921,5%@921,off,off] EMC_FREQ 0%@1600 GR3D_FREQ 0%@614 APE 25 PLL@30C CPU@32C iwlwifi@32C PMIC@50C GPU@30C AO@41.5C thermal@31C POM_5V_IN 2133/1949 POM_5V_GPU 82/86 POM_5V_CPU 533/355
RAM 1387/3964MB (lfb 8x4MB) SWAP 763/6078MB (cached 38MB) IRAM 0/252kB(lfb 252kB) CPU [7%@921,8%@921,off,off] EMC_FREQ 0%@1600 GR3D_FREQ 0%@614 APE 25 PLL@30C CPU@31.5C iwlwifi@32C PMIC@50C GPU@30.5C AO@41.5C thermal@31C POM_5V_IN 2211/1949 POM_5V_GPU 81/86 POM_5V_CPU 491/355
RAM 1396/3964MB (lfb 8x4MB) SWAP 763/6078MB (cached 38MB) IRAM 0/252kB(lfb 252kB) CPU [7%@921,7%@921,off,off] EMC_FREQ 0%@1600 GR3D_FREQ 0%@614 APE 25 PLL@30.5C CPU@32C iwlwifi@32C PMIC@50C GPU@30.5C AO@41.5C thermal@30.75C POM_5V_IN 2256/1949 POM_5V_GPU 82/86 POM_5V_CPU 614/355
RAM 1399/3964MB (lfb 8x4MB) SWAP 763/6078MB (cached 38MB) IRAM 0/252kB(lfb 252kB) CPU [7%@921,7%@921,off,off] EMC_FREQ 0%@1600 GR3D_FREQ 0%@614 APE 25 PLL@30C CPU@32C iwlwifi@32C PMIC@50C GPU@30C AO@41.5C thermal@30.75C POM_5V_IN 2013/1949 POM_5V_GPU 82/86 POM_5V_CPU 369/355
RAM 1395/3964MB (lfb 8x4MB) SWAP 763/6078MB (cached 38MB) IRAM 0/252kB(lfb 252kB) CPU [6%@921,8%@921,off,off] EMC_FREQ 0%@1600 GR3D_FREQ 0%@614 APE 25 PLL@30C CPU@32C iwlwifi@32C PMIC@50C GPU@30C AO@41C thermal@31C POM_5V_IN 1810/1949 POM_5V_GPU 82/86 POM_5V_CPU 246/355
RAM 1397/3964MB (lfb 8x4MB) SWAP 763/6078MB (cached 38MB) IRAM 0/252kB(lfb 252kB) CPU [7%@921,7%@921,off,off] EMC_FREQ 0%@1600 GR3D_FREQ 0%@614 APE 25 PLL@30C CPU@31.5C iwlwifi@32C PMIC@50C GPU@30C AO@41.5C thermal@30.75C POM_5V_IN 1731/1949 POM_5V_GPU 82/86 POM_5V_CPU 164/355
RAM 1396/3964MB (lfb 8x4MB) SWAP 763/6078MB (cached 38MB) IRAM 0/252kB(lfb 252kB) CPU [5%@921,7%@921,off,off] EMC_FREQ 0%@1600 GR3D_FREQ 0%@614 APE 25 PLL@30C CPU@31.5C iwlwifi@32C PMIC@50C GPU@30C AO@41C thermal@31C POM_5V_IN 1689/1949 POM_5V_GPU 82/86 POM_5V_CPU 164/355
RAM 1393/3964MB (lfb 8x4MB) SWAP 763/6078MB (cached 38MB) IRAM 0/252kB(lfb 252kB) CPU [6%@921,8%@921,off,off] EMC_FREQ 0%@1600 GR3D_FREQ 0%@614 APE 25 PLL@30C CPU@31.5C iwlwifi@32C PMIC@50C GPU@29.5C AO@41C thermal@30.75C POM_5V_IN 1689/1949 POM_5V_GPU 82/86 POM_5V_CPU 164/355
RAM 1379/3964MB (lfb 8x4MB) SWAP 763/6078MB (cached 38MB) IRAM 0/252kB(lfb 252kB) CPU [5%@921,3%@921,off,off] EMC_FREQ 0%@1600 GR3D_FREQ 0%@614 APE 25 PLL@30C CPU@31.5C iwlwifi@32C PMIC@50C GPU@30.5C AO@41.5C thermal@30.75C POM_5V_IN 1689/1949 POM_5V_GPU 82/86 POM_5V_CPU 164/355
RAM 1396/3964MB (lfb 8x4MB) SWAP 763/6078MB (cached 38MB) IRAM 0/252kB(lfb 252kB) CPU [11%@921,7%@921,off,off] EMC_FREQ 0%@1600 GR3D_FREQ 0%@614 APE 25 PLL@30.5C CPU@31.5C iwlwifi@32C PMIC@50C GPU@30C AO@41C thermal@31.25C POM_5V_IN 2136/1949 POM_5V_GPU 82/86 POM_5V_CPU 533/355
RAM 1382/3964MB (lfb 8x4MB) SWAP 763/6078MB (cached 38MB) IRAM 0/252kB(lfb 252kB) CPU [5%@921,5%@921,off,off] EMC_FREQ 0%@1600 GR3D_FREQ 0%@614 APE 25 PLL@30C CPU@31.5C iwlwifi@32C PMIC@50C GPU@30C AO@41C thermal@30.75C POM_5V_IN 1731/1949 POM_5V_GPU 82/86 POM_5V_CPU 164/355
RAM 1398/3964MB (lfb 8x4MB) SWAP 763/6078MB (cached 38MB) IRAM 0/252kB(lfb 252kB) CPU [7%@921,10%@921,off,off] EMC_FREQ 0%@1600 GR3D_FREQ 0%@614 APE 25 PLL@30.5C CPU@32C iwlwifi@32C PMIC@50C GPU@30C AO@41C thermal@31C POM_5V_IN 2136/1949 POM_5V_GPU 82/86 POM_5V_CPU 533/355
RAM 1387/3964MB (lfb 8x4MB) SWAP 763/6078MB (cached 38MB) IRAM 0/252kB(lfb 252kB) CPU [5%@921,7%@921,off,off] EMC_FREQ 0%@1600 GR3D_FREQ 0%@614 APE 25 PLL@30C CPU@31C iwlwifi@32C PMIC@50C GPU@30C AO@41C thermal@30.75C POM_5V_IN 1731/1949 POM_5V_GPU 82/86 POM_5V_CPU 164/355
RAM 1387/3964MB (lfb 8x4MB) SWAP 763/6078MB (cached 38MB) IRAM 0/252kB(lfb 252kB) CPU [7%@921,7%@921,off,off] EMC_FREQ 0%@1600 GR3D_FREQ 0%@614 APE 25 PLL@30C CPU@31.5C iwlwifi@32C PMIC@50C GPU@30C AO@41.5C thermal@31C POM_5V_IN 2297/1949 POM_5V_GPU 82/86 POM_5V_CPU 574/355
RAM 1390/3964MB (lfb 8x4MB) SWAP 763/6078MB (cached 38MB) IRAM 0/252kB(lfb 252kB) CPU [6%@921,8%@921,off,off] EMC_FREQ 0%@1600 GR3D_FREQ 0%@614 APE 25 PLL@30.5C CPU@32C iwlwifi@33C PMIC@50C GPU@30C AO@41.5C thermal@30.75C POM_5V_IN 2297/1949 POM_5V_GPU 81/86 POM_5V_CPU 574/355
RAM 1387/3964MB (lfb 8x4MB) SWAP 763/6078MB (cached 38MB) IRAM 0/252kB(lfb 252kB) CPU [8%@921,5%@921,off,off] EMC_FREQ 0%@1600 GR3D_FREQ 0%@614 APE 25 PLL@30.5C CPU@32C iwlwifi@32C PMIC@50C GPU@30C AO@41.5C thermal@31C POM_5V_IN 2215/1949 POM_5V_GPU 82/86 POM_5V_CPU 533/355
RAM 1393/3964MB (lfb 8x4MB) SWAP 763/6078MB (cached 38MB) IRAM 0/252kB(lfb 252kB) CPU [6%@921,9%@921,off,off] EMC_FREQ 0%@1600 GR3D_FREQ 0%@614 APE 25 PLL@30.5C CPU@32.5C iwlwifi@32C PMIC@50C GPU@30C AO@41C thermal@30.75C POM_5V_IN 2293/1949 POM_5V_GPU 81/86 POM_5V_CPU 573/355
RAM 1397/3964MB (lfb 8x4MB) SWAP 763/6078MB (cached 38MB) IRAM 0/252kB(lfb 252kB) CPU [8%@921,5%@921,off,off] EMC_FREQ 0%@1600 GR3D_FREQ 0%@614 APE 25 PLL@30C CPU@31.5C iwlwifi@32C PMIC@50C GPU@30C AO@41C thermal@31C POM_5V_IN 1731/1949 POM_5V_GPU 82/86 POM_5V_CPU 164/355
RAM 1393/3964MB (lfb 8x4MB) SWAP 763/6078MB (cached 38MB) IRAM 0/252kB(lfb 252kB) CPU [6%@921,8%@921,off,off] EMC_FREQ 0%@1600 GR3D_FREQ 0%@614 APE 25 PLL@30C CPU@31.5C iwlwifi@32C PMIC@50C GPU@30C AO@41C thermal@31C POM_5V_IN 1689/1949 POM_5V_GPU 82/86 POM_5V_CPU 164/355
RAM 1393/3964MB (lfb 8x4MB) SWAP 763/6078MB (cached 38MB) IRAM 0/252kB(lfb 252kB) CPU [9%@921,5%@921,off,off] EMC_FREQ 0%@1600 GR3D_FREQ 0%@614 APE 25 PLL@30C CPU@31.5C iwlwifi@32C PMIC@50C GPU@30.5C AO@41C thermal@31.25C POM_5V_IN 1689/1949 POM_5V_GPU 82/86 POM_5V_CPU 164/355
RAM 1397/3964MB (lfb 8x4MB) SWAP 763/6078MB (cached 38MB) IRAM 0/252kB(lfb 252kB) CPU [8%@921,6%@921,off,off] EMC_FREQ 0%@1600 GR3D_FREQ 0%@614 APE 25 PLL@30C CPU@31.5C iwlwifi@32C PMIC@50C GPU@30.5C AO@41C thermal@31C POM_5V_IN 1689/1949 POM_5V_GPU 82/86 POM_5V_CPU 164/355
RAM 1379/3964MB (lfb 8x4MB) SWAP 763/6078MB (cached 38MB) IRAM 0/252kB(lfb 252kB) CPU [3%@921,6%@921,off,off] EMC_FREQ 0%@1600 GR3D_FREQ 0%@614 APE 25 PLL@30C CPU@32C iwlwifi@32C PMIC@50C GPU@30C AO@41C thermal@31C POM_5V_IN 1731/1949 POM_5V_GPU 82/86 POM_5V_CPU 164/355
RAM 1395/3964MB (lfb 8x4MB) SWAP 763/6078MB (cached 38MB) IRAM 0/252kB(lfb 252kB) CPU [9%@921,9%@921,off,off] EMC_FREQ 0%@1600 GR3D_FREQ 0%@614 APE 25 PLL@30.5C CPU@32C iwlwifi@32C PMIC@50C GPU@30.5C AO@41C thermal@30.75C POM_5V_IN 2136/1949 POM_5V_GPU 82/86 POM_5V_CPU 533/355
RAM 1381/3964MB (lfb 8x4MB) SWAP 763/6078MB (cached 38MB) IRAM 0/252kB(lfb 252kB) CPU [7%@921,4%@921,off,off] EMC_FREQ 0%@1600 GR3D_FREQ 0%@614 APE 25 PLL@30C CPU@32C iwlwifi@32C PMIC@50C GPU@30C AO@41C thermal@30.75C POM_5V_IN 1689/1949 POM_5V_GPU 82/86 POM_5V_CPU 164/355
RAM 1385/3964MB (lfb 8x4MB) SWAP 763/6078MB (cached 38MB) IRAM 0/252kB(lfb 252kB) CPU [7%@921,8%@921,off,off] EMC_FREQ 0%@1600 GR3D_FREQ 0%@614 APE 25 PLL@30C CPU@31.5C iwlwifi@32C PMIC@50C GPU@30C AO@41.5C thermal@30.75C POM_5V_IN 2174/1949 POM_5V_GPU 82/86 POM_5V_CPU 574/355
RAM 1390/3964MB (lfb 8x4MB) SWAP 763/6078MB (cached 38MB) IRAM 0/252kB(lfb 252kB) CPU [7%@921,6%@921,off,off] EMC_FREQ 0%@1600 GR3D_FREQ 0%@614 APE 25 PLL@30C CPU@31.5C iwlwifi@32C PMIC@50C GPU@30C AO@41.5C thermal@30.75C POM_5V_IN 2297/1949 POM_5V_GPU 82/86 POM_5V_CPU 573/355
RAM 1397/3964MB (lfb 8x4MB) SWAP 763/6078MB (cached 38MB) IRAM 0/252kB(lfb 252kB) CPU [6%@921,8%@921,off,off] EMC_FREQ 0%@1600 GR3D_FREQ 0%@614 APE 25 PLL@30C CPU@31.5C iwlwifi@32C PMIC@50C GPU@30C AO@41C thermal@30.75C POM_5V_IN 2095/1949 POM_5V_GPU 82/86 POM_5V_CPU 493/355
RAM 1397/3964MB (lfb 8x4MB) SWAP 763/6078MB (cached 38MB) IRAM 0/252kB(lfb 252kB) CPU [5%@921,8%@921,off,off] EMC_FREQ 0%@1600 GR3D_FREQ 0%@614 APE 25 PLL@30.5C CPU@31.5C iwlwifi@32C PMIC@50C GPU@30C AO@41C thermal@31C POM_5V_IN 1772/1949 POM_5V_GPU 82/86 POM_5V_CPU 206/355
RAM 1395/3964MB (lfb 8x4MB) SWAP 763/6078MB (cached 38MB) IRAM 0/252kB(lfb 252kB) CPU [7%@921,7%@921,off,off] EMC_FREQ 0%@1600 GR3D_FREQ 0%@614 APE 25 PLL@30.5C CPU@32C iwlwifi@32C PMIC@50C GPU@30C AO@41C thermal@30.75C POM_5V_IN 1731/1949 POM_5V_GPU 82/86 POM_5V_CPU 164/355
RAM 1395/3964MB (lfb 8x4MB) SWAP 763/6078MB (cached 38MB) IRAM 0/252kB(lfb 252kB) CPU [6%@921,8%@921,off,off] EMC_FREQ 0%@1600 GR3D_FREQ 0%@614 APE 25 PLL@30.5C CPU@31.5C iwlwifi@32C PMIC@50C GPU@30.5C AO@41.5C thermal@30.75C POM_5V_IN 1772/1949 POM_5V_GPU 82/86 POM_5V_CPU 206/355
RAM 1395/3964MB (lfb 8x4MB) SWAP 763/6078MB (cached 38MB) IRAM 0/252kB(lfb 252kB) CPU [8%@921,5%@921,off,off] EMC_FREQ 0%@1600 GR3D_FREQ 0%@614 APE 25 PLL@30C CPU@32C iwlwifi@33C PMIC@50C GPU@30.5C AO@41C thermal@31C POM_5V_IN 1731/1949 POM_5V_GPU 82/86 POM_5V_CPU 164/355
RAM 1395/3964MB (lfb 8x4MB) SWAP 763/6078MB (cached 38MB) IRAM 0/252kB(lfb 252kB) CPU [5%@921,9%@921,off,off] EMC_FREQ 0%@1600 GR3D_FREQ 0%@614 APE 25 PLL@30C CPU@31.5C iwlwifi@32C PMIC@50C GPU@30C AO@41C thermal@31C POM_5V_IN 1689/1949 POM_5V_GPU 82/86 POM_5V_CPU 164/355
RAM 1397/3964MB (lfb 8x4MB) SWAP 763/6078MB (cached 38MB) IRAM 0/252kB(lfb 252kB) CPU [7%@921,6%@921,off,off] EMC_FREQ 0%@1600 GR3D_FREQ 0%@614 APE 25 PLL@30C CPU@31.5C iwlwifi@32C PMIC@50C GPU@30C AO@41C thermal@31.25C POM_5V_IN 1731/1949 POM_5V_GPU 82/86 POM_5V_CPU 164/355
RAM 1397/3964MB (lfb 8x4MB) SWAP 763/6078MB (cached 38MB) IRAM 0/252kB(lfb 252kB) CPU [8%@921,6%@921,off,off] EMC_FREQ 0%@1600 GR3D_FREQ 0%@614 APE 25 PLL@30C CPU@31.5C iwlwifi@32C PMIC@50C GPU@30.5C AO@41.5C thermal@31C POM_5V_IN 1689/1949 POM_5V_GPU 82/86 POM_5V_CPU 164/355
RAM 1393/3964MB (lfb 8x4MB) SWAP 763/6078MB (cached 38MB) IRAM 0/252kB(lfb 252kB) CPU [8%@921,5%@921,off,off] EMC_FREQ 0%@1600 GR3D_FREQ 0%@614 APE 25 PLL@30.5C CPU@31.5C iwlwifi@32C PMIC@50C GPU@30C AO@41C thermal@31C POM_5V_IN 1689/1949 POM_5V_GPU 82/86 POM_5V_CPU 164/355
RAM 1377/3964MB (lfb 8x4MB) SWAP 763/6078MB (cached 38MB) IRAM 0/252kB(lfb 252kB) CPU [6%@921,4%@921,off,off] EMC_FREQ 0%@1600 GR3D_FREQ 0%@614 APE 25 PLL@30C CPU@31.5C iwlwifi@32C PMIC@50C GPU@30C AO@41.5C thermal@30.75C POM_5V_IN 1731/1948 POM_5V_GPU 82/86 POM_5V_CPU 123/355
RAM 1395/3964MB (lfb 8x4MB) SWAP 763/6078MB (cached 38MB) IRAM 0/252kB(lfb 252kB) CPU [10%@921,7%@921,off,off] EMC_FREQ 0%@1600 GR3D_FREQ 0%@614 APE 25 PLL@30.5C CPU@31.5C iwlwifi@32C PMIC@50C GPU@30C AO@41C thermal@30.5C POM_5V_IN 2095/1949 POM_5V_GPU 82/86 POM_5V_CPU 533/355
RAM 1384/3964MB (lfb 8x4MB) SWAP 763/6078MB (cached 38MB) IRAM 0/252kB(lfb 252kB) CPU [3%@921,8%@921,off,off] EMC_FREQ 0%@1600 GR3D_FREQ 0%@614 APE 25 PLL@30C CPU@32C iwlwifi@32C PMIC@50C GPU@30C AO@41C thermal@30.75C POM_5V_IN 1689/1948 POM_5V_GPU 82/86 POM_5V_CPU 164/355
RAM 1393/3964MB (lfb 8x4MB) SWAP 763/6078MB (cached 38MB) IRAM 0/252kB(lfb 252kB) CPU [9%@921,7%@921,off,off] EMC_FREQ 0%@1600 GR3D_FREQ 0%@614 APE 25 PLL@30.5C CPU@31.5C iwlwifi@32C PMIC@50C GPU@30.5C AO@41C thermal@31C POM_5V_IN 2136/1948 POM_5V_GPU 82/86 POM_5V_CPU 533/355
RAM 1387/3964MB (lfb 8x4MB) SWAP 763/6078MB (cached 38MB) IRAM 0/252kB(lfb 252kB) CPU [8%@921,4%@921,off,off] EMC_FREQ 0%@1600 GR3D_FREQ 0%@614 APE 25 PLL@30C CPU@31.5C iwlwifi@32C PMIC@50C GPU@30.5C AO@41.5C thermal@31.25C POM_5V_IN 1689/1948 POM_5V_GPU 82/86 POM_5V_CPU 164/355
RAM 1388/3964MB (lfb 8x4MB) SWAP 763/6078MB (cached 38MB) IRAM 0/252kB(lfb 252kB) CPU [8%@921,6%@921,off,off] EMC_FREQ 0%@1600 GR3D_FREQ 0%@614 APE 25 PLL@30.5C CPU@32.5C iwlwifi@32C PMIC@50C GPU@30C AO@41C thermal@30.75C POM_5V_IN 2256/1949 POM_5V_GPU 82/86 POM_5V_CPU 573/355
RAM 1397/3964MB (lfb 8x4MB) SWAP 763/6078MB (cached 38MB) IRAM 0/252kB(lfb 252kB) CPU [6%@921,9%@921,off,off] EMC_FREQ 0%@1600 GR3D_FREQ 0%@614 APE 25 PLL@30C CPU@32C iwlwifi@32C PMIC@50C GPU@30C AO@41C thermal@31.25C POM_5V_IN 2215/1949 POM_5V_GPU 82/86 POM_5V_CPU 574/355
RAM 1402/3964MB (lfb 8x4MB) SWAP 763/6078MB (cached 38MB) IRAM 0/252kB(lfb 252kB) CPU [8%@921,6%@921,off,off] EMC_FREQ 0%@1600 GR3D_FREQ 0%@614 APE 25 PLL@30.5C CPU@32C iwlwifi@32C PMIC@50C GPU@30C AO@41.5C thermal@30.75C POM_5V_IN 1851/1949 POM_5V_GPU 82/86 POM_5V_CPU 246/355
RAM 1397/3964MB (lfb 8x4MB) SWAP 763/6078MB (cached 38MB) IRAM 0/252kB(lfb 252kB) CPU [7%@921,7%@921,off,off] EMC_FREQ 0%@1600 GR3D_FREQ 0%@614 APE 25 PLL@30C CPU@31.5C iwlwifi@32C PMIC@50C GPU@30C AO@41C thermal@31C POM_5V_IN 1731/1948 POM_5V_GPU 82/86 POM_5V_CPU 164/355
RAM 1393/3964MB (lfb 8x4MB) SWAP 763/6078MB (cached 38MB) IRAM 0/252kB(lfb 252kB) CPU [7%@921,5%@921,off,off] EMC_FREQ 0%@1600 GR3D_FREQ 0%@614 APE 25 PLL@30C CPU@31.5C iwlwifi@32C PMIC@50C GPU@30C AO@41C thermal@30.75C POM_5V_IN 1689/1948 POM_5V_GPU 82/86 POM_5V_CPU 164/355
RAM 1393/3964MB (lfb 8x4MB) SWAP 763/6078MB (cached 38MB) IRAM 0/252kB(lfb 252kB) CPU [6%@921,7%@921,off,off] EMC_FREQ 0%@1600 GR3D_FREQ 0%@614 APE 25 PLL@30C CPU@32C iwlwifi@32C PMIC@50C GPU@30C AO@41C thermal@31C POM_5V_IN 1689/1948 POM_5V_GPU 82/86 POM_5V_CPU 164/354
RAM 1397/3964MB (lfb 8x4MB) SWAP 763/6078MB (cached 38MB) IRAM 0/252kB(lfb 252kB) CPU [9%@921,5%@921,off,off] EMC_FREQ 0%@1600 GR3D_FREQ 0%@614 APE 25 PLL@30C CPU@31.5C iwlwifi@32C PMIC@50C GPU@30C AO@41C thermal@31C POM_5V_IN 1731/1948 POM_5V_GPU 82/86 POM_5V_CPU 164/354
RAM 1377/3964MB (lfb 8x4MB) SWAP 763/6078MB (cached 38MB) IRAM 0/252kB(lfb 252kB) CPU [5%@921,3%@921,off,off] EMC_FREQ 0%@1600 GR3D_FREQ 0%@614 APE 25 PLL@30C CPU@31.5C iwlwifi@32C PMIC@50C GPU@30C AO@41.5C thermal@30.75C POM_5V_IN 1689/1948 POM_5V_GPU 82/86 POM_5V_CPU 164/354
RAM 1397/3964MB (lfb 8x4MB) SWAP 763/6078MB (cached 38MB) IRAM 0/252kB(lfb 252kB) CPU [8%@921,11%@921,off,off] EMC_FREQ 0%@1600 GR3D_FREQ 0%@614 APE 25 PLL@30.5C CPU@32C iwlwifi@32C PMIC@50C GPU@30C AO@41C thermal@30.75C POM_5V_IN 2095/1948 POM_5V_GPU 82/86 POM_5V_CPU 533/354
RAM 1384/3964MB (lfb 8x4MB) SWAP 763/6078MB (cached 38MB) IRAM 0/252kB(lfb 252kB) CPU [4%@921,6%@921,off,off] EMC_FREQ 0%@1600 GR3D_FREQ 0%@614 APE 25 PLL@30C CPU@31C iwlwifi@32C PMIC@50C GPU@30C AO@41C thermal@31C POM_5V_IN 1689/1948 POM_5V_GPU 82/86 POM_5V_CPU 164/354
RAM 1397/3964MB (lfb 8x4MB) SWAP 763/6078MB (cached 38MB) IRAM 0/252kB(lfb 252kB) CPU [9%@921,8%@921,off,off] EMC_FREQ 0%@1600 GR3D_FREQ 0%@614 APE 25 PLL@30.5C CPU@32C iwlwifi@32C PMIC@50C GPU@30.5C AO@41C thermal@30.75C POM_5V_IN 2136/1948 POM_5V_GPU 82/86 POM_5V_CPU 533/354
RAM 1385/3964MB (lfb 8x4MB) SWAP 763/6078MB (cached 38MB) IRAM 0/252kB(lfb 252kB) CPU [7%@921,5%@921,off,off] EMC_FREQ 0%@1600 GR3D_FREQ 0%@614 APE 25 PLL@30C CPU@31.5C iwlwifi@32C PMIC@50C GPU@30.5C AO@41.5C thermal@31.25C POM_5V_IN 1689/1948 POM_5V_GPU 82/86 POM_5V_CPU 164/354
RAM 1395/3964MB (lfb 8x4MB) SWAP 763/6078MB (cached 38MB) IRAM 0/252kB(lfb 252kB) CPU [6%@921,9%@921,off,off] EMC_FREQ 0%@1600 GR3D_FREQ 0%@614 APE 25 PLL@30.5C CPU@32C iwlwifi@32C PMIC@50C GPU@30.5C AO@41.5C thermal@30.75C POM_5V_IN 2297/1948 POM_5V_GPU 81/86 POM_5V_CPU 573/354
RAM 1391/3964MB (lfb 8x4MB) SWAP 763/6078MB (cached 38MB) IRAM 0/252kB(lfb 252kB) CPU [6%@921,7%@921,off,off] EMC_FREQ 0%@1600 GR3D_FREQ 0%@614 APE 25 PLL@30C CPU@32C iwlwifi@32C PMIC@50C GPU@30C AO@41C thermal@30.75C POM_5V_IN 2054/1948 POM_5V_GPU 82/86 POM_5V_CPU 410/354
RAM 1397/3964MB (lfb 8x4MB) SWAP 763/6078MB (cached 38MB) IRAM 0/252kB(lfb 252kB) CPU [7%@921,7%@921,off,off] EMC_FREQ 0%@1600 GR3D_FREQ 0%@614 APE 25 PLL@30.5C CPU@32C iwlwifi@32C PMIC@50C GPU@30C AO@41C thermal@31C POM_5V_IN 2215/1948 POM_5V_GPU 82/86 POM_5V_CPU 574/354
RAM 1393/3964MB (lfb 8x4MB) SWAP 763/6078MB (cached 38MB) IRAM 0/252kB(lfb 252kB) CPU [5%@921,8%@921,off,off] EMC_FREQ 0%@1600 GR3D_FREQ 0%@614 APE 25 PLL@30.5C CPU@31.5C iwlwifi@32C PMIC@50C GPU@30.5C AO@41.5C thermal@30.75C POM_5V_IN 1772/1948 POM_5V_GPU 82/86 POM_5V_CPU 206/354
RAM 1395/3964MB (lfb 8x4MB) SWAP 763/6078MB (cached 38MB) IRAM 0/252kB(lfb 252kB) CPU [6%@921,7%@921,off,off] EMC_FREQ 0%@1600 GR3D_FREQ 0%@614 APE 25 PLL@30C CPU@31.5C iwlwifi@32C PMIC@50C GPU@30C AO@41C thermal@31C POM_5V_IN 1731/1948 POM_5V_GPU 82/86 POM_5V_CPU 164/354
RAM 1393/3964MB (lfb 8x4MB) SWAP 763/6078MB (cached 38MB) IRAM 0/252kB(lfb 252kB) CPU [8%@921,5%@921,off,off] EMC_FREQ 0%@1600 GR3D_FREQ 0%@614 APE 25 PLL@30C CPU@32C iwlwifi@32C PMIC@50C GPU@30C AO@41C thermal@30.75C POM_5V_IN 1689/1948 POM_5V_GPU 82/86 POM_5V_CPU 164/354
RAM 1379/3964MB (lfb 8x4MB) SWAP 763/6078MB (cached 38MB) IRAM 0/252kB(lfb 252kB) CPU [4%@921,6%@921,off,off] EMC_FREQ 0%@1600 GR3D_FREQ 0%@614 APE 25 PLL@30C CPU@31.5C iwlwifi@32C PMIC@50C GPU@30C AO@41.5C thermal@30.75C POM_5V_IN 1689/1948 POM_5V_GPU 82/86 POM_5V_CPU 164/354
RAM 1394/3964MB (lfb 8x4MB) SWAP 763/6078MB (cached 38MB) IRAM 0/252kB(lfb 252kB) CPU [10%@921,8%@921,off,off] EMC_FREQ 0%@1600 GR3D_FREQ 0%@614 APE 25 PLL@30.5C CPU@31.5C iwlwifi@32C PMIC@50C GPU@30.5C AO@41C thermal@30.75C POM_5V_IN 2133/1948 POM_5V_GPU 82/86 POM_5V_CPU 533/354
RAM 1380/3964MB (lfb 8x4MB) SWAP 763/6078MB (cached 38MB) IRAM 0/252kB(lfb 252kB) CPU [4%@921,6%@921,off,off] EMC_FREQ 0%@1600 GR3D_FREQ 0%@614 APE 25 PLL@30C CPU@32C iwlwifi@32C PMIC@50C GPU@30.5C AO@41.5C thermal@31C POM_5V_IN 1772/1948 POM_5V_GPU 82/86 POM_5V_CPU 206/354
RAM 1393/3964MB (lfb 8x4MB) SWAP 763/6078MB (cached 38MB) IRAM 0/252kB(lfb 252kB) CPU [8%@921,9%@921,off,off] EMC_FREQ 0%@1600 GR3D_FREQ 0%@614 APE 25 PLL@30.5C CPU@31.5C iwlwifi@32C PMIC@50C GPU@30C AO@41.5C thermal@31C POM_5V_IN 2174/1948 POM_5V_GPU 82/86 POM_5V_CPU 574/354
RAM 1384/3964MB (lfb 8x4MB) SWAP 763/6078MB (cached 38MB) IRAM 0/252kB(lfb 252kB) CPU [4%@921,7%@921,off,off] EMC_FREQ 0%@1600 GR3D_FREQ 0%@614 APE 25 PLL@30C CPU@31.5C iwlwifi@32C PMIC@50C GPU@30C AO@41C thermal@30.75C POM_5V_IN 1689/1948 POM_5V_GPU 82/86 POM_5V_CPU 164/354
RAM 1393/3964MB (lfb 8x4MB) SWAP 763/6078MB (cached 38MB) IRAM 0/252kB(lfb 252kB) CPU [10%@921,5%@921,off,off] EMC_FREQ 0%@1600 GR3D_FREQ 0%@614 APE 25 PLL@30.5C CPU@31.5C iwlwifi@32C PMIC@50C GPU@30C AO@41.5C thermal@30.75C POM_5V_IN 2297/1948 POM_5V_GPU 81/86 POM_5V_CPU 573/354
RAM 1392/3964MB (lfb 8x4MB) SWAP 763/6078MB (cached 38MB) IRAM 0/252kB(lfb 252kB) CPU [8%@921,6%@921,off,off] EMC_FREQ 0%@1600 GR3D_FREQ 0%@614 APE 25 PLL@30.5C CPU@32C iwlwifi@32C PMIC@50C GPU@30.5C AO@41C thermal@31C POM_5V_IN 2215/1948 POM_5V_GPU 82/86 POM_5V_CPU 615/354
RAM 1393/3964MB (lfb 8x4MB) SWAP 763/6078MB (cached 38MB) IRAM 0/252kB(lfb 252kB) CPU [8%@921,7%@921,off,off] EMC_FREQ 0%@1600 GR3D_FREQ 0%@614 APE 25 PLL@30C CPU@31.5C iwlwifi@32C PMIC@50C GPU@30.5C AO@41C thermal@31C POM_5V_IN 2095/1948 POM_5V_GPU 82/86 POM_5V_CPU 451/354
RAM 1397/3964MB (lfb 8x4MB) SWAP 763/6078MB (cached 38MB) IRAM 0/252kB(lfb 252kB) CPU [5%@921,8%@921,off,off] EMC_FREQ 0%@1600 GR3D_FREQ 0%@614 APE 25 PLL@30C CPU@31.5C iwlwifi@32C PMIC@50C GPU@30.5C AO@41C thermal@31.25C POM_5V_IN 1731/1948 POM_5V_GPU 82/86 POM_5V_CPU 164/354
RAM 1393/3964MB (lfb 8x4MB) SWAP 763/6078MB (cached 38MB) IRAM 0/252kB(lfb 252kB) CPU [7%@921,7%@921,off,off] EMC_FREQ 0%@1600 GR3D_FREQ 0%@614 APE 25 PLL@30.5C CPU@31.5C iwlwifi@32C PMIC@50C GPU@30C AO@41C thermal@31C POM_5V_IN 1731/1948 POM_5V_GPU 82/86 POM_5V_CPU 164/354
RAM 1397/3964MB (lfb 8x4MB) SWAP 763/6078MB (cached 38MB) IRAM 0/252kB(lfb 252kB) CPU [9%@921,4%@921,off,off] EMC_FREQ 0%@1600 GR3D_FREQ 0%@614 APE 25 PLL@30C CPU@32C iwlwifi@32C PMIC@50C GPU@30C AO@41C thermal@30.75C POM_5V_IN 1689/1948 POM_5V_GPU 82/86 POM_5V_CPU 164/354
RAM 1393/3964MB (lfb 8x4MB) SWAP 763/6078MB (cached 38MB) IRAM 0/252kB(lfb 252kB) CPU [7%@921,7%@921,off,off] EMC_FREQ 0%@1600 GR3D_FREQ 0%@614 APE 25 PLL@30.5C CPU@31.5C iwlwifi@32C PMIC@50C GPU@30C AO@41C thermal@30.75C POM_5V_IN 1689/1948 POM_5V_GPU 82/86 POM_5V_CPU 164/354
RAM 1382/3964MB (lfb 8x4MB) SWAP 763/6078MB (cached 38MB) IRAM 0/252kB(lfb 252kB) CPU [4%@921,5%@921,off,off] EMC_FREQ 0%@1600 GR3D_FREQ 0%@614 APE 25 PLL@30C CPU@32C iwlwifi@32C PMIC@50C GPU@30C AO@41C thermal@31C POM_5V_IN 1689/1948 POM_5V_GPU 82/86 POM_5V_CPU 164/354
RAM 1398/3964MB (lfb 8x4MB) SWAP 763/6078MB (cached 38MB) IRAM 0/252kB(lfb 252kB) CPU [10%@921,7%@921,off,off] EMC_FREQ 0%@1600 GR3D_FREQ 0%@614 APE 25 PLL@30.5C CPU@32C iwlwifi@32C PMIC@50C GPU@30.5C AO@41C thermal@30.75C POM_5V_IN 2136/1948 POM_5V_GPU 82/86 POM_5V_CPU 533/354
RAM 1382/3964MB (lfb 8x4MB) SWAP 763/6078MB (cached 38MB) IRAM 0/252kB(lfb 252kB) CPU [5%@921,4%@921,off,off] EMC_FREQ 0%@1600 GR3D_FREQ 0%@614 APE 25 PLL@29.5C CPU@31.5C iwlwifi@32C PMIC@50C GPU@30C AO@41C thermal@30.75C POM_5V_IN 1689/1948 POM_5V_GPU 82/86 POM_5V_CPU 164/354
RAM 1396/3964MB (lfb 8x4MB) SWAP 763/6078MB (cached 38MB) IRAM 0/252kB(lfb 252kB) CPU [9%@921,8%@921,off,off] EMC_FREQ 0%@1600 GR3D_FREQ 0%@614 APE 25 PLL@30C CPU@32C iwlwifi@32C PMIC@50C GPU@30.5C AO@41C thermal@30.75C POM_5V_IN 2136/1948 POM_5V_GPU 82/86 POM_5V_CPU 533/354
RAM 1385/3964MB (lfb 8x4MB) SWAP 763/6078MB (cached 38MB) IRAM 0/252kB(lfb 252kB) CPU [7%@921,5%@921,off,off] EMC_FREQ 0%@1600 GR3D_FREQ 0%@614 APE 25 PLL@30C CPU@31.5C iwlwifi@32C PMIC@50C GPU@30C AO@41C thermal@31.25C POM_5V_IN 1689/1948 POM_5V_GPU 82/86 POM_5V_CPU 164/354
RAM 1392/3964MB (lfb 8x4MB) SWAP 763/6078MB (cached 38MB) IRAM 0/252kB(lfb 252kB) CPU [7%@921,7%@921,off,off] EMC_FREQ 0%@1600 GR3D_FREQ 0%@614 APE 25 PLL@30C CPU@32.5C iwlwifi@32C PMIC@50C GPU@30.5C AO@41.5C thermal@31C POM_5V_IN 2293/1948 POM_5V_GPU 81/86 POM_5V_CPU 573/354
RAM 1398/3964MB (lfb 8x4MB) SWAP 763/6078MB (cached 38MB) IRAM 0/252kB(lfb 252kB) CPU [7%@921,6%@921,off,off] EMC_FREQ 0%@1600 GR3D_FREQ 0%@614 APE 25 PLL@30C CPU@32C iwlwifi@32C PMIC@50C GPU@30.5C AO@41.5C thermal@31.25C POM_5V_IN 2095/1948 POM_5V_GPU 82/86 POM_5V_CPU 451/354
RAM 1395/3964MB (lfb 8x4MB) SWAP 763/6078MB (cached 38MB) IRAM 0/252kB(lfb 252kB) CPU [5%@921,8%@921,off,off] EMC_FREQ 0%@1600 GR3D_FREQ 0%@614 APE 25 PLL@30C CPU@31.5C iwlwifi@32C PMIC@50C GPU@30.5C AO@41C thermal@31C POM_5V_IN 1772/1948 POM_5V_GPU 82/86 POM_5V_CPU 206/354
RAM 1393/3964MB (lfb 8x4MB) SWAP 763/6078MB (cached 38MB) IRAM 0/252kB(lfb 252kB) CPU [5%@921,8%@921,off,off] EMC_FREQ 0%@1600 GR3D_FREQ 0%@614 APE 25 PLL@30C CPU@31.5C iwlwifi@32C PMIC@50C GPU@30C AO@41C thermal@31C POM_5V_IN 1772/1948 POM_5V_GPU 82/86 POM_5V_CPU 206/354
RAM 1393/3964MB (lfb 8x4MB) SWAP 763/6078MB (cached 38MB) IRAM 0/252kB(lfb 252kB) CPU [8%@921,5%@921,off,off] EMC_FREQ 0%@1600 GR3D_FREQ 0%@614 APE 25 PLL@30C CPU@31.5C iwlwifi@32C PMIC@50C GPU@30C AO@41C thermal@31C POM_5V_IN 1731/1948 POM_5V_GPU 82/86 POM_5V_CPU 164/354
RAM 1395/3964MB (lfb 8x4MB) SWAP 763/6078MB (cached 38MB) IRAM 0/252kB(lfb 252kB) CPU [8%@921,6%@921,off,off] EMC_FREQ 0%@1600 GR3D_FREQ 0%@614 APE 25 PLL@30C CPU@31.5C iwlwifi@32C PMIC@50C GPU@30C AO@40.5C thermal@30.75C POM_5V_IN 1689/1948 POM_5V_GPU 82/86 POM_5V_CPU 164/354
RAM 1396/3964MB (lfb 8x4MB) SWAP 758/6078MB (cached 38MB) IRAM 0/252kB(lfb 252kB) CPU [8%@921,5%@921,off,off] EMC_FREQ 0%@1600 GR3D_FREQ 0%@614 APE 25 PLL@30C CPU@31.5C iwlwifi@32C PMIC@50C GPU@30.5C AO@41C thermal@31C POM_5V_IN 1731/1948 POM_5V_GPU 82/86 POM_5V_CPU 164/354
RAM 1380/3964MB (lfb 8x4MB) SWAP 758/6078MB (cached 38MB) IRAM 0/252kB(lfb 252kB) CPU [6%@921,4%@921,off,off] EMC_FREQ 0%@1600 GR3D_FREQ 0%@614 APE 25 PLL@30C CPU@31.5C iwlwifi@32C PMIC@50C GPU@30.5C AO@41C thermal@31.25C POM_5V_IN 1689/1947 POM_5V_GPU 82/86 POM_5V_CPU 164/354
RAM 1395/3964MB (lfb 8x4MB) SWAP 758/6078MB (cached 38MB) IRAM 0/252kB(lfb 252kB) CPU [7%@921,11%@921,off,off] EMC_FREQ 0%@1600 GR3D_FREQ 0%@614 APE 25 PLL@30.5C CPU@32C iwlwifi@32C PMIC@50C GPU@30.5C AO@41C thermal@31C POM_5V_IN 2136/1948 POM_5V_GPU 82/86 POM_5V_CPU 533/354
RAM 1381/3964MB (lfb 8x4MB) SWAP 758/6078MB (cached 38MB) IRAM 0/252kB(lfb 252kB) CPU [6%@921,5%@921,off,off] EMC_FREQ 0%@1600 GR3D_FREQ 0%@614 APE 25 PLL@30C CPU@31.5C iwlwifi@32C PMIC@50C GPU@30.5C AO@41C thermal@31C POM_5V_IN 1689/1947 POM_5V_GPU 82/86 POM_5V_CPU 164/354
RAM 1385/3964MB (lfb 8x4MB) SWAP 758/6078MB (cached 38MB) IRAM 0/252kB(lfb 252kB) CPU [6%@921,8%@921,off,off] EMC_FREQ 0%@1600 GR3D_FREQ 0%@614 APE 25 PLL@30C CPU@32C iwlwifi@32C PMIC@50C GPU@30.5C AO@41C thermal@31C POM_5V_IN 2174/1948 POM_5V_GPU 82/86 POM_5V_CPU 574/354
RAM 1389/3964MB (lfb 8x4MB) SWAP 758/6078MB (cached 38MB) IRAM 0/252kB(lfb 252kB) CPU [7%@921,8%@921,off,off] EMC_FREQ 0%@1600 GR3D_FREQ 0%@614 APE 25 PLL@30.5C CPU@32C iwlwifi@32C PMIC@50C GPU@30.5C AO@41C thermal@31.25C POM_5V_IN 2215/1948 POM_5V_GPU 82/86 POM_5V_CPU 492/354
RAM 1397/3964MB (lfb 8x4MB) SWAP 758/6078MB (cached 38MB) IRAM 0/252kB(lfb 252kB) CPU [5%@921,9%@921,off,off] EMC_FREQ 0%@1600 GR3D_FREQ 0%@614 APE 25 PLL@30.5C CPU@32C iwlwifi@32C PMIC@50C GPU@30.5C AO@41C thermal@31C POM_5V_IN 2256/1948 POM_5V_GPU 82/86 POM_5V_CPU 574/354
RAM 1401/3964MB (lfb 8x4MB) SWAP 758/6078MB (cached 38MB) IRAM 0/252kB(lfb 252kB) CPU [6%@921,8%@921,off,off] EMC_FREQ 0%@1600 GR3D_FREQ 0%@614 APE 25 PLL@30.5C CPU@32C iwlwifi@33C PMIC@50C GPU@30.5C AO@41C thermal@31.25C POM_5V_IN 1892/1948 POM_5V_GPU 82/86 POM_5V_CPU 288/354
RAM 1395/3964MB (lfb 8x4MB) SWAP 758/6078MB (cached 38MB) IRAM 0/252kB(lfb 252kB) CPU [6%@921,8%@921,off,off] EMC_FREQ 0%@1600 GR3D_FREQ 0%@614 APE 25 PLL@30.5C CPU@31.5C iwlwifi@32C PMIC@50C GPU@30.5C AO@41C thermal@31.25C POM_5V_IN 1934/1948 POM_5V_GPU 82/86 POM_5V_CPU 329/354
RAM 1393/3964MB (lfb 8x4MB) SWAP 758/6078MB (cached 38MB) IRAM 0/252kB(lfb 252kB) CPU [7%@921,7%@921,off,off] EMC_FREQ 0%@1600 GR3D_FREQ 0%@614 APE 25 PLL@30C CPU@32C iwlwifi@32C PMIC@50C GPU@30C AO@41.5C thermal@31C POM_5V_IN 1731/1948 POM_5V_GPU 82/86 POM_5V_CPU 164/354
RAM 1393/3964MB (lfb 8x4MB) SWAP 758/6078MB (cached 38MB) IRAM 0/252kB(lfb 252kB) CPU [7%@921,6%@921,off,off] EMC_FREQ 0%@1600 GR3D_FREQ 0%@614 APE 25 PLL@30C CPU@32C iwlwifi@32C PMIC@50C GPU@30C AO@41C thermal@31.5C POM_5V_IN 1689/1948 POM_5V_GPU 82/86 POM_5V_CPU 164/354
RAM 1395/3964MB (lfb 8x4MB) SWAP 758/6078MB (cached 38MB) IRAM 0/252kB(lfb 252kB) CPU [7%@921,7%@921,off,off] EMC_FREQ 0%@1600 GR3D_FREQ 0%@614 APE 25 PLL@30C CPU@32C iwlwifi@32C PMIC@50C GPU@30.5C AO@41C thermal@31.25C POM_5V_IN 1689/1947 POM_5V_GPU 82/86 POM_5V_CPU 164/354
RAM 1377/3964MB (lfb 8x4MB) SWAP 758/6078MB (cached 38MB) IRAM 0/252kB(lfb 252kB) CPU [4%@921,5%@921,off,off] EMC_FREQ 0%@1600 GR3D_FREQ 0%@614 APE 25 PLL@30C CPU@32C iwlwifi@32C PMIC@50C GPU@30C AO@41C thermal@31C POM_5V_IN 1689/1947 POM_5V_GPU 82/86 POM_5V_CPU 164/354
RAM 1397/3964MB (lfb 8x4MB) SWAP 758/6078MB (cached 38MB) IRAM 0/252kB(lfb 252kB) CPU [8%@921,9%@921,off,off] EMC_FREQ 0%@1600 GR3D_FREQ 0%@614 APE 25 PLL@30C CPU@32C iwlwifi@32C PMIC@50C GPU@30.5C AO@41C thermal@31C POM_5V_IN 2095/1947 POM_5V_GPU 82/86 POM_5V_CPU 493/354
RAM 1384/3964MB (lfb 8x4MB) SWAP 758/6078MB (cached 38MB) IRAM 0/252kB(lfb 252kB) CPU [5%@921,6%@921,off,off] EMC_FREQ 0%@1600 GR3D_FREQ 0%@614 APE 25 PLL@30C CPU@32C iwlwifi@32C PMIC@50C GPU@30.5C AO@41C thermal@30.75C POM_5V_IN 1689/1947 POM_5V_GPU 82/86 POM_5V_CPU 164/354
RAM 1385/3964MB (lfb 8x4MB) SWAP 758/6078MB (cached 38MB) IRAM 0/252kB(lfb 252kB) CPU [7%@921,7%@921,off,off] EMC_FREQ 0%@1600 GR3D_FREQ 0%@614 APE 25 PLL@30C CPU@31.5C iwlwifi@32C PMIC@50C GPU@30.5C AO@41C thermal@31C POM_5V_IN 2136/1947 POM_5V_GPU 82/86 POM_5V_CPU 533/354
RAM 1383/3964MB (lfb 8x4MB) SWAP 758/6078MB (cached 38MB) IRAM 0/252kB(lfb 252kB) CPU [8%@921,7%@921,off,off] EMC_FREQ 0%@1600 GR3D_FREQ 0%@614 APE 25 PLL@30C CPU@32C iwlwifi@32C PMIC@50C GPU@30.5C AO@41.5C thermal@30.75C POM_5V_IN 2174/1947 POM_5V_GPU 82/86 POM_5V_CPU 492/354
RAM 1387/3964MB (lfb 8x4MB) SWAP 758/6078MB (cached 38MB) IRAM 0/252kB(lfb 252kB) CPU [8%@921,6%@921,off,off] EMC_FREQ 0%@1600 GR3D_FREQ 0%@614 APE 25 PLL@30.5C CPU@32C iwlwifi@32C PMIC@50C GPU@30.5C AO@41C thermal@31.25C POM_5V_IN 2256/1948 POM_5V_GPU 82/86 POM_5V_CPU 573/354
RAM 1396/3964MB (lfb 8x4MB) SWAP 758/6078MB (cached 38MB) IRAM 0/252kB(lfb 252kB) CPU [5%@921,9%@921,off,off] EMC_FREQ 0%@1600 GR3D_FREQ 0%@614 APE 25 PLL@30.5C CPU@32C iwlwifi@32C PMIC@50C GPU@30.5C AO@41.5C thermal@31C POM_5V_IN 2256/1948 POM_5V_GPU 82/86 POM_5V_CPU 573/354
RAM 1395/3964MB (lfb 8x4MB) SWAP 758/6078MB (cached 38MB) IRAM 0/252kB(lfb 252kB) CPU [6%@921,9%@921,off,off] EMC_FREQ 0%@1600 GR3D_FREQ 0%@614 APE 25 PLL@30.5C CPU@32C iwlwifi@32C PMIC@50C GPU@30C AO@41C thermal@31C POM_5V_IN 2297/1948 POM_5V_GPU 82/86 POM_5V_CPU 573/354
RAM 1395/3964MB (lfb 8x4MB) SWAP 758/6078MB (cached 38MB) IRAM 0/252kB(lfb 252kB) CPU [9%@921,5%@921,off,off] EMC_FREQ 0%@1600 GR3D_FREQ 0%@614 APE 25 PLL@30C CPU@32C iwlwifi@32C PMIC@50C GPU@30C AO@41C thermal@30.75C POM_5V_IN 1731/1948 POM_5V_GPU 82/86 POM_5V_CPU 164/354
RAM 1397/3964MB (lfb 8x4MB) SWAP 758/6078MB (cached 38MB) IRAM 0/252kB(lfb 252kB) CPU [7%@921,6%@921,off,off] EMC_FREQ 0%@1600 GR3D_FREQ 0%@614 APE 25 PLL@29.5C CPU@32C iwlwifi@33C PMIC@50C GPU@30C AO@41C thermal@30.75C POM_5V_IN 1689/1948 POM_5V_GPU 82/86 POM_5V_CPU 164/354
RAM 1393/3964MB (lfb 8x4MB) SWAP 758/6078MB (cached 38MB) IRAM 0/252kB(lfb 252kB) CPU [8%@921,6%@921,off,off] EMC_FREQ 0%@1600 GR3D_FREQ 0%@614 APE 25 PLL@30C CPU@31.5C iwlwifi@32C PMIC@50C GPU@30.5C AO@41C thermal@31.25C POM_5V_IN 1689/1948 POM_5V_GPU 82/86 POM_5V_CPU 164/354
RAM 1395/3964MB (lfb 8x4MB) SWAP 758/6078MB (cached 38MB) IRAM 0/252kB(lfb 252kB) CPU [9%@921,4%@921,off,off] EMC_FREQ 0%@1600 GR3D_FREQ 0%@614 APE 25 PLL@30C CPU@32C iwlwifi@32C PMIC@50C GPU@30.5C AO@41C thermal@30.75C POM_5V_IN 1689/1947 POM_5V_GPU 82/86 POM_5V_CPU 164/354
RAM 1377/3964MB (lfb 8x4MB) SWAP 758/6078MB (cached 38MB) IRAM 0/252kB(lfb 252kB) CPU [5%@921,5%@921,off,off] EMC_FREQ 0%@1600 GR3D_FREQ 0%@614 APE 25 PLL@30C CPU@31.5C iwlwifi@32C PMIC@50C GPU@30.5C AO@41C thermal@31C POM_5V_IN 1689/1947 POM_5V_GPU 82/86 POM_5V_CPU 123/354
RAM 1394/3964MB (lfb 8x4MB) SWAP 758/6078MB (cached 38MB) IRAM 0/252kB(lfb 252kB) CPU [9%@921,8%@921,off,off] EMC_FREQ 0%@1600 GR3D_FREQ 0%@614 APE 25 PLL@30.5C CPU@32C iwlwifi@32C PMIC@50C GPU@30C AO@41C thermal@31C POM_5V_IN 2136/1947 POM_5V_GPU 82/86 POM_5V_CPU 533/354
RAM 1379/3964MB (lfb 8x4MB) SWAP 758/6078MB (cached 38MB) IRAM 0/252kB(lfb 252kB) CPU [5%@921,4%@921,off,off] EMC_FREQ 0%@1600 GR3D_FREQ 0%@614 APE 25 PLL@30C CPU@31.5C iwlwifi@32C PMIC@50C GPU@30C AO@41C thermal@30.75C POM_5V_IN 1687/1947 POM_5V_GPU 82/86 POM_5V_CPU 164/354
RAM 1400/3964MB (lfb 8x4MB) SWAP 758/6078MB (cached 38MB) IRAM 0/252kB(lfb 252kB) CPU [8%@921,9%@921,off,off] EMC_FREQ 0%@1600 GR3D_FREQ 0%@614 APE 25 PLL@30.5C CPU@32C iwlwifi@32C PMIC@50C GPU@30C AO@41C thermal@31C POM_5V_IN 2215/1947 POM_5V_GPU 82/86 POM_5V_CPU 615/354
RAM 1386/3964MB (lfb 8x4MB) SWAP 758/6078MB (cached 38MB) IRAM 0/252kB(lfb 252kB) CPU [7%@921,5%@921,off,off] EMC_FREQ 0%@1600 GR3D_FREQ 0%@614 APE 25 PLL@30C CPU@31.5C iwlwifi@32C PMIC@50C GPU@30C AO@41.5C thermal@31C POM_5V_IN 1731/1947 POM_5V_GPU 82/86 POM_5V_CPU 164/354
RAM 1397/3964MB (lfb 8x4MB) SWAP 758/6078MB (cached 38MB) IRAM 0/252kB(lfb 252kB) CPU [8%@921,6%@921,off,off] EMC_FREQ 0%@1600 GR3D_FREQ 0%@614 APE 25 PLL@30C CPU@32C iwlwifi@32C PMIC@50C GPU@30C AO@41C thermal@30.75C POM_5V_IN 2256/1947 POM_5V_GPU 82/86 POM_5V_CPU 573/354
RAM 1397/3964MB (lfb 8x4MB) SWAP 758/6078MB (cached 38MB) IRAM 0/252kB(lfb 252kB) CPU [9%@921,4%@921,off,off] EMC_FREQ 0%@1600 GR3D_FREQ 0%@614 APE 25 PLL@30C CPU@31.5C iwlwifi@33C PMIC@50C GPU@30C AO@41.5C thermal@30.75C POM_5V_IN 1975/1947 POM_5V_GPU 82/86 POM_5V_CPU 369/354
RAM 1395/3964MB (lfb 8x4MB) SWAP 758/6078MB (cached 38MB) IRAM 0/252kB(lfb 252kB) CPU [7%@921,7%@921,off,off] EMC_FREQ 0%@1600 GR3D_FREQ 0%@614 APE 25 PLL@30C CPU@31.5C iwlwifi@32C PMIC@50C GPU@30C AO@41C thermal@31C POM_5V_IN 1934/1947 POM_5V_GPU 82/86 POM_5V_CPU 329/354
RAM 1397/3964MB (lfb 8x4MB) SWAP 758/6078MB (cached 38MB) IRAM 0/252kB(lfb 252kB) CPU [7%@921,6%@921,off,off] EMC_FREQ 0%@1600 GR3D_FREQ 0%@614 APE 25 PLL@30C CPU@31.5C iwlwifi@32C PMIC@50C GPU@30C AO@41C thermal@30.75C POM_5V_IN 1728/1947 POM_5V_GPU 82/86 POM_5V_CPU 164/354
RAM 1397/3964MB (lfb 8x4MB) SWAP 758/6078MB (cached 38MB) IRAM 0/252kB(lfb 252kB) CPU [5%@921,9%@921,off,off] EMC_FREQ 0%@1600 GR3D_FREQ 0%@614 APE 25 PLL@30.5C CPU@31.5C iwlwifi@32C PMIC@50C GPU@29.5C AO@41C thermal@30.75C POM_5V_IN 1689/1947 POM_5V_GPU 82/86 POM_5V_CPU 164/354
RAM 1393/3964MB (lfb 8x4MB) SWAP 758/6078MB (cached 38MB) IRAM 0/252kB(lfb 252kB) CPU [7%@921,6%@921,off,off] EMC_FREQ 0%@1600 GR3D_FREQ 0%@614 APE 25 PLL@30C CPU@32C iwlwifi@32C PMIC@50C GPU@30.5C AO@40.5C thermal@30.75C POM_5V_IN 1689/1947 POM_5V_GPU 82/86 POM_5V_CPU 164/354
RAM 1393/3964MB (lfb 8x4MB) SWAP 758/6078MB (cached 38MB) IRAM 0/252kB(lfb 252kB) CPU [7%@921,7%@921,off,off] EMC_FREQ 0%@1600 GR3D_FREQ 0%@614 APE 25 PLL@30C CPU@31.5C iwlwifi@32C PMIC@50C GPU@30C AO@41C thermal@30.75C POM_5V_IN 1687/1947 POM_5V_GPU 82/86 POM_5V_CPU 164/353
RAM 1381/3964MB (lfb 8x4MB) SWAP 758/6078MB (cached 38MB) IRAM 0/252kB(lfb 252kB) CPU [4%@921,5%@921,off,off] EMC_FREQ 0%@1600 GR3D_FREQ 0%@614 APE 25 PLL@30C CPU@31.5C iwlwifi@32C PMIC@50C GPU@30C AO@41C thermal@31C POM_5V_IN 1731/1947 POM_5V_GPU 82/86 POM_5V_CPU 164/353
RAM 1395/3964MB (lfb 8x4MB) SWAP 758/6078MB (cached 38MB) IRAM 0/252kB(lfb 252kB) CPU [10%@921,8%@921,off,off] EMC_FREQ 0%@1600 GR3D_FREQ 0%@614 APE 25 PLL@30.5C CPU@32C iwlwifi@33C PMIC@50C GPU@30C AO@41C thermal@31C POM_5V_IN 2136/1947 POM_5V_GPU 82/86 POM_5V_CPU 533/353
RAM 1386/3964MB (lfb 8x4MB) SWAP 758/6078MB (cached 38MB) IRAM 0/252kB(lfb 252kB) CPU [6%@921,4%@921,off,off] EMC_FREQ 0%@1600 GR3D_FREQ 0%@614 APE 25 PLL@30C CPU@31.5C iwlwifi@32C PMIC@50C GPU@30C AO@41C thermal@30.75C POM_5V_IN 1689/1947 POM_5V_GPU 82/86 POM_5V_CPU 164/353
RAM 1387/3964MB (lfb 8x4MB) SWAP 758/6078MB (cached 38MB) IRAM 0/252kB(lfb 252kB) CPU [7%@921,7%@921,off,off] EMC_FREQ 0%@1600 GR3D_FREQ 0%@614 APE 25 PLL@30.5C CPU@32C iwlwifi@32C PMIC@50C GPU@30C AO@41C thermal@30.75C POM_5V_IN 2174/1947 POM_5V_GPU 82/86 POM_5V_CPU 533/353
RAM 1391/3964MB (lfb 8x4MB) SWAP 758/6078MB (cached 38MB) IRAM 0/252kB(lfb 252kB) CPU [7%@921,6%@921,off,off] EMC_FREQ 0%@1600 GR3D_FREQ 0%@614 APE 25 PLL@30.5C CPU@32C iwlwifi@32C PMIC@50C GPU@30.5C AO@41C thermal@31.25C POM_5V_IN 2297/1947 POM_5V_GPU 82/86 POM_5V_CPU 573/354
RAM 1401/3964MB (lfb 8x4MB) SWAP 758/6078MB (cached 38MB) IRAM 0/252kB(lfb 252kB) CPU [5%@921,9%@921,off,off] EMC_FREQ 0%@1600 GR3D_FREQ 0%@614 APE 25 PLL@30.5C CPU@32C iwlwifi@32C PMIC@50C GPU@30C AO@41C thermal@31C POM_5V_IN 2215/1947 POM_5V_GPU 82/86 POM_5V_CPU 574/354
RAM 1393/3964MB (lfb 8x4MB) SWAP 758/6078MB (cached 38MB) IRAM 0/252kB(lfb 252kB) CPU [8%@921,6%@921,off,off] EMC_FREQ 0%@1600 GR3D_FREQ 0%@614 APE 25 PLL@30C CPU@32C iwlwifi@32C PMIC@50C GPU@30C AO@41C thermal@31.25C POM_5V_IN 1851/1947 POM_5V_GPU 82/86 POM_5V_CPU 246/354
RAM 1393/3964MB (lfb 8x4MB) SWAP 758/6078MB (cached 38MB) IRAM 0/252kB(lfb 252kB) CPU [6%@921,7%@921,off,off] EMC_FREQ 0%@1600 GR3D_FREQ 0%@614 APE 25 PLL@30C CPU@31.5C iwlwifi@32C PMIC@50C GPU@30C AO@41.5C thermal@30.75C POM_5V_IN 1731/1947 POM_5V_GPU 82/86 POM_5V_CPU 164/354
RAM 1397/3964MB (lfb 8x4MB) SWAP 758/6078MB (cached 38MB) IRAM 0/252kB(lfb 252kB) CPU [7%@921,7%@921,off,off] EMC_FREQ 0%@1600 GR3D_FREQ 0%@614 APE 25 PLL@29.5C CPU@31.5C iwlwifi@32C PMIC@50C GPU@30C AO@41C thermal@30.75C POM_5V_IN 1772/1947 POM_5V_GPU 82/86 POM_5V_CPU 206/353
RAM 1395/3964MB (lfb 8x4MB) SWAP 758/6078MB (cached 38MB) IRAM 0/252kB(lfb 252kB) CPU [7%@921,7%@921,off,off] EMC_FREQ 0%@1600 GR3D_FREQ 0%@614 APE 25 PLL@30C CPU@31.5C iwlwifi@32C PMIC@50C GPU@30C AO@41.5C thermal@30.75C POM_5V_IN 1689/1947 POM_5V_GPU 82/86 POM_5V_CPU 164/353
RAM 1396/3964MB (lfb 8x4MB) SWAP 758/6078MB (cached 38MB) IRAM 0/252kB(lfb 252kB) CPU [8%@921,6%@921,off,off] EMC_FREQ 0%@1600 GR3D_FREQ 0%@614 APE 25 PLL@30C CPU@31.5C iwlwifi@32C PMIC@50C GPU@30C AO@41C thermal@31C POM_5V_IN 1689/1947 POM_5V_GPU 82/86 POM_5V_CPU 123/353
RAM 1377/3964MB (lfb 8x4MB) SWAP 758/6078MB (cached 38MB) IRAM 0/252kB(lfb 252kB) CPU [5%@921,4%@921,off,off] EMC_FREQ 0%@1600 GR3D_FREQ 0%@614 APE 25 PLL@30C CPU@32C iwlwifi@32C PMIC@50C GPU@29.5C AO@41C thermal@30.5C POM_5V_IN 1689/1947 POM_5V_GPU 82/86 POM_5V_CPU 164/353
RAM 1394/3964MB (lfb 8x4MB) SWAP 758/6078MB (cached 38MB) IRAM 0/252kB(lfb 252kB) CPU [6%@921,12%@921,off,off] EMC_FREQ 0%@1600 GR3D_FREQ 0%@614 APE 25 PLL@30C CPU@32C iwlwifi@32C PMIC@50C GPU@30C AO@41C thermal@30.75C POM_5V_IN 2095/1947 POM_5V_GPU 82/86 POM_5V_CPU 533/353
RAM 1381/3964MB (lfb 8x4MB) SWAP 758/6078MB (cached 38MB) IRAM 0/252kB(lfb 252kB) CPU [5%@921,6%@921,off,off] EMC_FREQ 0%@1600 GR3D_FREQ 0%@614 APE 25 PLL@30C CPU@31.5C iwlwifi@32C PMIC@50C GPU@30C AO@41C thermal@30.75C POM_5V_IN 1687/1947 POM_5V_GPU 82/86 POM_5V_CPU 164/353
RAM 1382/3964MB (lfb 8x4MB) SWAP 758/6078MB (cached 38MB) IRAM 0/252kB(lfb 252kB) CPU [5%@921,8%@921,off,off] EMC_FREQ 0%@1600 GR3D_FREQ 0%@614 APE 25 PLL@30.5C CPU@32.5C iwlwifi@32C PMIC@50C GPU@30C AO@41.5C thermal@30.75C POM_5V_IN 2133/1947 POM_5V_GPU 82/86 POM_5V_CPU 533/353
RAM 1383/3964MB (lfb 8x4MB) SWAP 758/6078MB (cached 38MB) IRAM 0/252kB(lfb 252kB) CPU [6%@921,8%@921,off,off] EMC_FREQ 0%@1600 GR3D_FREQ 0%@614 APE 25 PLL@30C CPU@31.5C iwlwifi@32C PMIC@50C GPU@30C AO@41C thermal@30.75C POM_5V_IN 2136/1947 POM_5V_GPU 82/86 POM_5V_CPU 533/353
RAM 1389/3964MB (lfb 8x4MB) SWAP 758/6078MB (cached 38MB) IRAM 0/252kB(lfb 252kB) CPU [5%@921,10%@921,off,off] EMC_FREQ 0%@1600 GR3D_FREQ 0%@614 APE 25 PLL@30.5C CPU@31.5C iwlwifi@32C PMIC@50C GPU@30C AO@41.5C thermal@31C POM_5V_IN 2334/1947 POM_5V_GPU 81/86 POM_5V_CPU 614/353
RAM 1396/3964MB (lfb 8x4MB) SWAP 758/6078MB (cached 38MB) IRAM 0/252kB(lfb 252kB) CPU [6%@921,7%@921,off,off] EMC_FREQ 0%@1600 GR3D_FREQ 0%@614 APE 25 PLL@30.5C CPU@31.5C iwlwifi@32C PMIC@50C GPU@30C AO@41C thermal@30.75C POM_5V_IN 2095/1947 POM_5V_GPU 82/86 POM_5V_CPU 451/354
RAM 1399/3964MB (lfb 8x4MB) SWAP 758/6078MB (cached 38MB) IRAM 0/252kB(lfb 252kB) CPU [7%@921,7%@921,off,off] EMC_FREQ 0%@1600 GR3D_FREQ 0%@614 APE 25 PLL@30.5C CPU@31.5C iwlwifi@32C PMIC@50C GPU@30C AO@41C thermal@30.75C POM_5V_IN 1772/1947 POM_5V_GPU 82/86 POM_5V_CPU 206/353
RAM 1398/3964MB (lfb 8x4MB) SWAP 758/6078MB (cached 38MB) IRAM 0/252kB(lfb 252kB) CPU [8%@921,6%@921,off,off] EMC_FREQ 0%@1600 GR3D_FREQ 0%@614 APE 25 PLL@30C CPU@31.5C iwlwifi@32C PMIC@50C GPU@30C AO@41C thermal@31C POM_5V_IN 1851/1947 POM_5V_GPU 82/86 POM_5V_CPU 246/353
RAM 1393/3964MB (lfb 8x4MB) SWAP 758/6078MB (cached 38MB) IRAM 0/252kB(lfb 252kB) CPU [6%@921,7%@921,off,off] EMC_FREQ 0%@1600 GR3D_FREQ 0%@614 APE 25 PLL@30.5C CPU@31.5C iwlwifi@32C PMIC@50C GPU@30C AO@41C thermal@30.75C POM_5V_IN 1689/1947 POM_5V_GPU 82/86 POM_5V_CPU 164/353
RAM 1397/3964MB (lfb 8x4MB) SWAP 758/6078MB (cached 38MB) IRAM 0/252kB(lfb 252kB) CPU [9%@921,4%@921,off,off] EMC_FREQ 0%@1600 GR3D_FREQ 0%@614 APE 25 PLL@30C CPU@31.5C iwlwifi@32C PMIC@50C GPU@30C AO@41C thermal@30.75C POM_5V_IN 1689/1947 POM_5V_GPU 82/86 POM_5V_CPU 164/353
RAM 1398/3964MB (lfb 8x4MB) SWAP 758/6078MB (cached 38MB) IRAM 0/252kB(lfb 252kB) CPU [7%@921,6%@921,off,off] EMC_FREQ 0%@1600 GR3D_FREQ 0%@614 APE 25 PLL@30C CPU@31.5C iwlwifi@32C PMIC@50C GPU@30C AO@41C thermal@30.75C POM_5V_IN 1689/1947 POM_5V_GPU 82/86 POM_5V_CPU 164/353
RAM 1378/3964MB (lfb 8x4MB) SWAP 758/6078MB (cached 38MB) IRAM 0/252kB(lfb 252kB) CPU [4%@921,5%@921,off,off] EMC_FREQ 0%@1600 GR3D_FREQ 0%@614 APE 25 PLL@30C CPU@31.5C iwlwifi@33C PMIC@50C GPU@30C AO@41C thermal@30.5C POM_5V_IN 1689/1947 POM_5V_GPU 82/86 POM_5V_CPU 164/353
RAM 1394/3964MB (lfb 8x4MB) SWAP 758/6078MB (cached 38MB) IRAM 0/252kB(lfb 252kB) CPU [9%@921,7%@921,off,off] EMC_FREQ 0%@1600 GR3D_FREQ 0%@614 APE 25 PLL@30.5C CPU@31.5C iwlwifi@32C PMIC@50C GPU@30C AO@41C thermal@30.75C POM_5V_IN 2133/1947 POM_5V_GPU 82/86 POM_5V_CPU 533/353
RAM 1383/3964MB (lfb 8x4MB) SWAP 758/6078MB (cached 38MB) IRAM 0/252kB(lfb 252kB) CPU [7%@921,4%@921,off,off] EMC_FREQ 0%@1600 GR3D_FREQ 0%@614 APE 25 PLL@30C CPU@31.5C iwlwifi@32C PMIC@50C GPU@29.5C AO@41.5C thermal@30.5C POM_5V_IN 1689/1947 POM_5V_GPU 82/86 POM_5V_CPU 164/353
RAM 1387/3964MB (lfb 8x4MB) SWAP 758/6078MB (cached 38MB) IRAM 0/252kB(lfb 252kB) CPU [7%@921,8%@921,off,off] EMC_FREQ 0%@1600 GR3D_FREQ 0%@614 APE 25 PLL@30C CPU@31.5C iwlwifi@32C PMIC@50C GPU@30C AO@41C thermal@30.75C POM_5V_IN 2133/1947 POM_5V_GPU 82/86 POM_5V_CPU 574/353
RAM 1385/3964MB (lfb 8x4MB) SWAP 758/6078MB (cached 38MB) IRAM 0/252kB(lfb 252kB) CPU [7%@921,8%@921,off,off] EMC_FREQ 0%@1600 GR3D_FREQ 0%@614 APE 25 PLL@30C CPU@31.5C iwlwifi@32C PMIC@50C GPU@30C AO@41C thermal@30.75C POM_5V_IN 2297/1947 POM_5V_GPU 82/86 POM_5V_CPU 532/353
RAM 1391/3964MB (lfb 8x4MB) SWAP 758/6078MB (cached 38MB) IRAM 0/252kB(lfb 252kB) CPU [8%@921,5%@921,off,off] EMC_FREQ 0%@1600 GR3D_FREQ 0%@614 APE 25 PLL@30.5C CPU@32C iwlwifi@32C PMIC@50C GPU@30C AO@41C thermal@30.75C POM_5V_IN 2297/1947 POM_5V_GPU 82/86 POM_5V_CPU 573/353
RAM 1397/3964MB (lfb 8x4MB) SWAP 758/6078MB (cached 38MB) IRAM 0/252kB(lfb 252kB) CPU [10%@921,5%@921,off,off] EMC_FREQ 0%@1600 GR3D_FREQ 0%@614 APE 25 PLL@30C CPU@31.5C iwlwifi@32C PMIC@50C GPU@30C AO@41C thermal@31C POM_5V_IN 2256/1947 POM_5V_GPU 82/86 POM_5V_CPU 574/353
RAM 1394/3964MB (lfb 8x4MB) SWAP 758/6078MB (cached 38MB) IRAM 0/252kB(lfb 252kB) CPU [5%@921,9%@921,off,off] EMC_FREQ 0%@1600 GR3D_FREQ 0%@614 APE 25 PLL@30C CPU@31.5C iwlwifi@32C PMIC@50C GPU@30C AO@41C thermal@31.25C POM_5V_IN 1813/1947 POM_5V_GPU 82/86 POM_5V_CPU 206/353
RAM 1395/3964MB (lfb 8x4MB) SWAP 758/6078MB (cached 38MB) IRAM 0/252kB(lfb 252kB) CPU [9%@921,5%@921,off,off] EMC_FREQ 0%@1600 GR3D_FREQ 0%@614 APE 25 PLL@30C CPU@31.5C iwlwifi@32C PMIC@50C GPU@30C AO@41C thermal@31C POM_5V_IN 1731/1947 POM_5V_GPU 82/86 POM_5V_CPU 164/353
RAM 1398/3964MB (lfb 8x4MB) SWAP 758/6078MB (cached 38MB) IRAM 0/252kB(lfb 252kB) CPU [6%@921,7%@921,off,off] EMC_FREQ 0%@1600 GR3D_FREQ 0%@614 APE 25 PLL@30C CPU@31.5C iwlwifi@32C PMIC@50C GPU@30C AO@41C thermal@31C POM_5V_IN 1689/1947 POM_5V_GPU 82/86 POM_5V_CPU 164/353
RAM 1395/3964MB (lfb 8x4MB) SWAP 758/6078MB (cached 38MB) IRAM 0/252kB(lfb 252kB) CPU [7%@921,6%@921,off,off] EMC_FREQ 0%@1600 GR3D_FREQ 0%@614 APE 25 PLL@30C CPU@31.5C iwlwifi@32C PMIC@50C GPU@30C AO@41C thermal@30.75C POM_5V_IN 1689/1947 POM_5V_GPU 82/86 POM_5V_CPU 164/353
RAM 1379/3964MB (lfb 8x4MB) SWAP 758/6078MB (cached 38MB) IRAM 0/252kB(lfb 252kB) CPU [4%@921,5%@921,off,off] EMC_FREQ 0%@1600 GR3D_FREQ 0%@614 APE 25 PLL@30C CPU@31.5C iwlwifi@32C PMIC@50C GPU@30.5C AO@41C thermal@30.75C POM_5V_IN 1892/1947 POM_5V_GPU 82/86 POM_5V_CPU 205/353
RAM 1399/3964MB (lfb 8x4MB) SWAP 758/6078MB (cached 38MB) IRAM 0/252kB(lfb 252kB) CPU [9%@921,9%@921,off,off] EMC_FREQ 0%@1600 GR3D_FREQ 0%@614 APE 25 PLL@30C CPU@31.5C iwlwifi@32C PMIC@50C GPU@30C AO@41C thermal@31.25C POM_5V_IN 2136/1947 POM_5V_GPU 82/86 POM_5V_CPU 533/353
RAM 1381/3964MB (lfb 8x4MB) SWAP 758/6078MB (cached 38MB) IRAM 0/252kB(lfb 252kB) CPU [5%@921,6%@921,off,off] EMC_FREQ 0%@1600 GR3D_FREQ 0%@614 APE 25 PLL@30C CPU@32C iwlwifi@32C PMIC@50C GPU@30C AO@41C thermal@30.75C POM_5V_IN 1689/1947 POM_5V_GPU 82/86 POM_5V_CPU 164/353
RAM 1385/3964MB (lfb 8x4MB) SWAP 758/6078MB (cached 38MB) IRAM 0/252kB(lfb 252kB) CPU [9%@921,6%@921,off,off] EMC_FREQ 0%@1600 GR3D_FREQ 0%@614 APE 25 PLL@30C CPU@31.5C iwlwifi@32C PMIC@50C GPU@30.5C AO@41C thermal@30.75C POM_5V_IN 2133/1947 POM_5V_GPU 82/86 POM_5V_CPU 533/353
RAM 1388/3964MB (lfb 8x4MB) SWAP 758/6078MB (cached 38MB) IRAM 0/252kB(lfb 252kB) CPU [7%@921,7%@921,off,off] EMC_FREQ 0%@1600 GR3D_FREQ 0%@614 APE 25 PLL@30C CPU@31.5C iwlwifi@32C PMIC@50C GPU@30C AO@41C thermal@30.75C POM_5V_IN 2174/1947 POM_5V_GPU 82/86 POM_5V_CPU 492/353
RAM 1389/3964MB (lfb 8x4MB) SWAP 758/6078MB (cached 38MB) IRAM 0/252kB(lfb 252kB) CPU [6%@921,9%@921,off,off] EMC_FREQ 0%@1600 GR3D_FREQ 0%@614 APE 25 PLL@30.5C CPU@32C iwlwifi@32C PMIC@50C GPU@30.5C AO@41C thermal@30.75C POM_5V_IN 2256/1947 POM_5V_GPU 82/86 POM_5V_CPU 573/353
RAM 1399/3964MB (lfb 8x4MB) SWAP 758/6078MB (cached 38MB) IRAM 0/252kB(lfb 252kB) CPU [5%@921,10%@921,off,off] EMC_FREQ 0%@1600 GR3D_FREQ 0%@614 APE 25 PLL@30C CPU@32C iwlwifi@32C PMIC@50C GPU@30C AO@41.5C thermal@31C POM_5V_IN 2174/1947 POM_5V_GPU 82/86 POM_5V_CPU 533/353
RAM 1394/3964MB (lfb 8x4MB) SWAP 758/6078MB (cached 38MB) IRAM 0/252kB(lfb 252kB) CPU [6%@921,8%@921,off,off] EMC_FREQ 0%@1600 GR3D_FREQ 0%@614 APE 25 PLL@30.5C CPU@31.5C iwlwifi@32C PMIC@50C GPU@30C AO@41C thermal@30.75C POM_5V_IN 1813/1947 POM_5V_GPU 82/86 POM_5V_CPU 205/353
RAM 1395/3964MB (lfb 8x4MB) SWAP 758/6078MB (cached 38MB) IRAM 0/252kB(lfb 252kB) CPU [7%@921,6%@921,off,off] EMC_FREQ 0%@1600 GR3D_FREQ 0%@614 APE 25 PLL@30C CPU@31.5C iwlwifi@32C PMIC@50C GPU@30C AO@41C thermal@30.75C POM_5V_IN 1731/1947 POM_5V_GPU 82/86 POM_5V_CPU 164/353
RAM 1395/3964MB (lfb 8x4MB) SWAP 758/6078MB (cached 38MB) IRAM 0/252kB(lfb 252kB) CPU [6%@921,8%@921,off,off] EMC_FREQ 0%@1600 GR3D_FREQ 0%@614 APE 25 PLL@30C CPU@31.5C iwlwifi@32C PMIC@50C GPU@30C AO@41C thermal@30.75C POM_5V_IN 1689/1947 POM_5V_GPU 82/86 POM_5V_CPU 164/353
RAM 1397/3964MB (lfb 8x4MB) SWAP 758/6078MB (cached 38MB) IRAM 0/252kB(lfb 252kB) CPU [6%@921,9%@921,off,off] EMC_FREQ 0%@1600 GR3D_FREQ 0%@614 APE 25 PLL@30C CPU@31C iwlwifi@32C PMIC@50C GPU@30C AO@41C thermal@30.75C POM_5V_IN 1689/1947 POM_5V_GPU 82/86 POM_5V_CPU 164/353
RAM 1397/3964MB (lfb 8x4MB) SWAP 758/6078MB (cached 38MB) IRAM 0/252kB(lfb 252kB) CPU [10%@921,4%@921,off,off] EMC_FREQ 0%@1600 GR3D_FREQ 0%@614 APE 25 PLL@30C CPU@31.5C iwlwifi@32C PMIC@50C GPU@30C AO@41C thermal@30.75C POM_5V_IN 1689/1947 POM_5V_GPU 82/86 POM_5V_CPU 164/353
RAM 1384/3964MB (lfb 8x4MB) SWAP 758/6078MB (cached 38MB) IRAM 0/252kB(lfb 252kB) CPU [5%@921,5%@921,off,off] EMC_FREQ 0%@1600 GR3D_FREQ 0%@614 APE 25 PLL@30C CPU@31C iwlwifi@32C PMIC@50C GPU@30C AO@41C thermal@30.75C POM_5V_IN 1689/1947 POM_5V_GPU 82/86 POM_5V_CPU 164/353
RAM 1398/3964MB (lfb 8x4MB) SWAP 758/6078MB (cached 38MB) IRAM 0/252kB(lfb 252kB) CPU [6%@921,11%@921,off,off] EMC_FREQ 0%@1600 GR3D_FREQ 0%@614 APE 25 PLL@30C CPU@32C iwlwifi@32C PMIC@50C GPU@30C AO@41C thermal@31C POM_5V_IN 2136/1947 POM_5V_GPU 82/86 POM_5V_CPU 533/353
RAM 1383/3964MB (lfb 8x4MB) SWAP 758/6078MB (cached 38MB) IRAM 0/252kB(lfb 252kB) CPU [5%@921,6%@921,off,off] EMC_FREQ 0%@1600 GR3D_FREQ 0%@614 APE 25 PLL@30C CPU@32C iwlwifi@32C PMIC@50C GPU@30C AO@41C thermal@30.75C POM_5V_IN 1689/1947 POM_5V_GPU 82/86 POM_5V_CPU 164/353
RAM 1383/3964MB (lfb 8x4MB) SWAP 758/6078MB (cached 38MB) IRAM 0/252kB(lfb 252kB) CPU [6%@921,8%@921,off,off] EMC_FREQ 0%@1600 GR3D_FREQ 0%@614 APE 25 PLL@30C CPU@32C iwlwifi@32C PMIC@50C GPU@30C AO@41.5C thermal@31C POM_5V_IN 2133/1947 POM_5V_GPU 82/86 POM_5V_CPU 574/353
RAM 1388/3964MB (lfb 8x4MB) SWAP 758/6078MB (cached 38MB) IRAM 0/252kB(lfb 252kB) CPU [8%@921,6%@921,off,off] EMC_FREQ 0%@1600 GR3D_FREQ 0%@614 APE 25 PLL@30C CPU@32C iwlwifi@32C PMIC@50C GPU@30.5C AO@41C thermal@30.75C POM_5V_IN 2297/1947 POM_5V_GPU 81/86 POM_5V_CPU 532/353
RAM 1393/3964MB (lfb 8x4MB) SWAP 758/6078MB (cached 38MB) IRAM 0/252kB(lfb 252kB) CPU [6%@921,7%@921,off,off] EMC_FREQ 0%@1600 GR3D_FREQ 0%@614 APE 25 PLL@30C CPU@31.5C iwlwifi@32C PMIC@50C GPU@30C AO@41.5C thermal@31C POM_5V_IN 2293/1947 POM_5V_GPU 81/86 POM_5V_CPU 573/353
RAM 1394/3964MB (lfb 8x4MB) SWAP 758/6078MB (cached 38MB) IRAM 0/252kB(lfb 252kB) CPU [8%@921,7%@921,off,off] EMC_FREQ 0%@1600 GR3D_FREQ 0%@614 APE 25 PLL@30C CPU@31.5C iwlwifi@32C PMIC@50C GPU@30C AO@41C thermal@31C POM_5V_IN 2256/1947 POM_5V_GPU 82/86 POM_5V_CPU 574/353
RAM 1396/3964MB (lfb 8x4MB) SWAP 758/6078MB (cached 38MB) IRAM 0/252kB(lfb 252kB) CPU [8%@921,6%@921,off,off] EMC_FREQ 0%@1600 GR3D_FREQ 0%@614 APE 25 PLL@30C CPU@32C iwlwifi@32C PMIC@50C GPU@30C AO@41.5C thermal@31C POM_5V_IN 1731/1947 POM_5V_GPU 82/86 POM_5V_CPU 206/353
RAM 1393/3964MB (lfb 8x4MB) SWAP 758/6078MB (cached 38MB) IRAM 0/252kB(lfb 252kB) CPU [5%@921,8%@921,off,off] EMC_FREQ 0%@1600 GR3D_FREQ 0%@614 APE 25 PLL@30C CPU@31.5C iwlwifi@32C PMIC@50C GPU@30.5C AO@41C thermal@30.75C POM_5V_IN 1731/1947 POM_5V_GPU 82/86 POM_5V_CPU 164/353
RAM 1396/3964MB (lfb 8x4MB) SWAP 758/6078MB (cached 38MB) IRAM 0/252kB(lfb 252kB) CPU [4%@921,9%@921,off,off] EMC_FREQ 0%@1600 GR3D_FREQ 0%@614 APE 25 PLL@30C CPU@32C iwlwifi@32C PMIC@50C GPU@29.5C AO@41C thermal@30.75C POM_5V_IN 1689/1947 POM_5V_GPU 82/86 POM_5V_CPU 164/353
RAM 1394/3964MB (lfb 8x4MB) SWAP 758/6078MB (cached 38MB) IRAM 0/252kB(lfb 252kB) CPU [7%@921,6%@921,off,off] EMC_FREQ 0%@1600 GR3D_FREQ 0%@614 APE 25 PLL@30C CPU@31.5C iwlwifi@32C PMIC@50C GPU@30C AO@41C thermal@30.75C POM_5V_IN 1689/1947 POM_5V_GPU 82/86 POM_5V_CPU 164/353
RAM 1396/3964MB (lfb 8x4MB) SWAP 758/6078MB (cached 38MB) IRAM 0/252kB(lfb 252kB) CPU [7%@921,7%@921,off,off] EMC_FREQ 0%@1600 GR3D_FREQ 0%@614 APE 25 PLL@30C CPU@31.5C iwlwifi@32C PMIC@50C GPU@30C AO@41C thermal@30.75C POM_5V_IN 1689/1947 POM_5V_GPU 82/86 POM_5V_CPU 164/353
RAM 1377/3964MB (lfb 8x4MB) SWAP 758/6078MB (cached 38MB) IRAM 0/252kB(lfb 252kB) CPU [4%@921,5%@921,off,off] EMC_FREQ 0%@1600 GR3D_FREQ 0%@614 APE 25 PLL@30C CPU@31.5C iwlwifi@32C PMIC@50C GPU@30C AO@41C thermal@30.75C POM_5V_IN 1689/1946 POM_5V_GPU 82/86 POM_5V_CPU 164/353
RAM 1398/3964MB (lfb 8x4MB) SWAP 758/6078MB (cached 38MB) IRAM 0/252kB(lfb 252kB) CPU [11%@921,7%@921,off,off] EMC_FREQ 0%@1600 GR3D_FREQ 0%@614 APE 25 PLL@30C CPU@31.5C iwlwifi@32C PMIC@50C GPU@30C AO@41C thermal@30.75C POM_5V_IN 2133/1946 POM_5V_GPU 82/86 POM_5V_CPU 532/353
RAM 1387/3964MB (lfb 8x4MB) SWAP 758/6078MB (cached 38MB) IRAM 0/252kB(lfb 252kB) CPU [5%@921,6%@921,off,off] EMC_FREQ 0%@1600 GR3D_FREQ 0%@614 APE 25 PLL@29.5C CPU@31.5C iwlwifi@32C PMIC@50C GPU@30C AO@41.5C thermal@30.75C POM_5V_IN 1689/1946 POM_5V_GPU 82/86 POM_5V_CPU 164/353
RAM 1383/3964MB (lfb 8x4MB) SWAP 758/6078MB (cached 38MB) IRAM 0/252kB(lfb 252kB) CPU [6%@921,9%@921,off,off] EMC_FREQ 0%@1600 GR3D_FREQ 0%@614 APE 25 PLL@30.5C CPU@31.5C iwlwifi@32C PMIC@50C GPU@30C AO@41C thermal@30.75C POM_5V_IN 2174/1946 POM_5V_GPU 82/86 POM_5V_CPU 574/353
RAM 1391/3964MB (lfb 8x4MB) SWAP 758/6078MB (cached 38MB) IRAM 0/252kB(lfb 252kB) CPU [9%@921,6%@921,off,off] EMC_FREQ 0%@1600 GR3D_FREQ 0%@614 APE 25 PLL@30C CPU@31.5C iwlwifi@32C PMIC@50C GPU@30.5C AO@41C thermal@31C POM_5V_IN 2334/1947 POM_5V_GPU 81/86 POM_5V_CPU 573/353
RAM 1399/3964MB (lfb 8x4MB) SWAP 758/6078MB (cached 38MB) IRAM 0/252kB(lfb 252kB) CPU [6%@921,9%@921,off,off] EMC_FREQ 0%@1600 GR3D_FREQ 0%@614 APE 25 PLL@30C CPU@31.5C iwlwifi@32C PMIC@50C GPU@30C AO@41C thermal@31C POM_5V_IN 2215/1947 POM_5V_GPU 82/86 POM_5V_CPU 574/353
RAM 1400/3964MB (lfb 8x4MB) SWAP 758/6078MB (cached 38MB) IRAM 0/252kB(lfb 252kB) CPU [9%@921,5%@921,off,off] EMC_FREQ 0%@1600 GR3D_FREQ 0%@614 APE 25 PLL@30.5C CPU@31.5C iwlwifi@32C PMIC@50C GPU@30C AO@41C thermal@30.75C POM_5V_IN 2013/1947 POM_5V_GPU 82/86 POM_5V_CPU 369/353
RAM 1397/3964MB (lfb 8x4MB) SWAP 758/6078MB (cached 38MB) IRAM 0/252kB(lfb 252kB) CPU [6%@921,8%@921,off,off] EMC_FREQ 0%@1600 GR3D_FREQ 0%@614 APE 25 PLL@30C CPU@31.5C iwlwifi@32C PMIC@50C GPU@30.5C AO@41C thermal@30.75C POM_5V_IN 1731/1947 POM_5V_GPU 82/86 POM_5V_CPU 164/353
RAM 1412/3964MB (lfb 8x4MB) SWAP 758/6078MB (cached 38MB) IRAM 0/252kB(lfb 252kB) CPU [9%@921,7%@921,off,off] EMC_FREQ 0%@1600 GR3D_FREQ 0%@614 APE 25 PLL@30C CPU@31.5C iwlwifi@32C PMIC@50C GPU@30C AO@41C thermal@30.75C POM_5V_IN 1731/1947 POM_5V_GPU 82/86 POM_5V_CPU 164/353
RAM 1398/3964MB (lfb 8x4MB) SWAP 758/6078MB (cached 38MB) IRAM 0/252kB(lfb 252kB) CPU [7%@921,8%@921,off,off] EMC_FREQ 0%@1600 GR3D_FREQ 0%@614 APE 25 PLL@30C CPU@31.5C iwlwifi@32C PMIC@50C GPU@30C AO@41C thermal@30.75C POM_5V_IN 1689/1946 POM_5V_GPU 82/86 POM_5V_CPU 164/353
RAM 1393/3964MB (lfb 8x4MB) SWAP 758/6078MB (cached 38MB) IRAM 0/252kB(lfb 252kB) CPU [8%@921,5%@921,off,off] EMC_FREQ 0%@1600 GR3D_FREQ 0%@614 APE 25 PLL@29.5C CPU@31.5C iwlwifi@32C PMIC@50C GPU@30C AO@40.5C thermal@31C POM_5V_IN 1689/1946 POM_5V_GPU 82/86 POM_5V_CPU 164/353
RAM 1378/3964MB (lfb 8x4MB) SWAP 758/6078MB (cached 38MB) IRAM 0/252kB(lfb 252kB) CPU [5%@921,4%@921,off,off] EMC_FREQ 0%@1600 GR3D_FREQ 0%@614 APE 25 PLL@30C CPU@31.5C iwlwifi@32C PMIC@50C GPU@30.5C AO@41C thermal@31C POM_5V_IN 1689/1946 POM_5V_GPU 82/86 POM_5V_CPU 164/353
RAM 1397/3964MB (lfb 8x4MB) SWAP 758/6078MB (cached 38MB) IRAM 0/252kB(lfb 252kB) CPU [9%@921,10%@921,off,off] EMC_FREQ 0%@1600 GR3D_FREQ 0%@614 APE 25 PLL@30C CPU@31.5C iwlwifi@32C PMIC@50C GPU@30.5C AO@41C thermal@31C POM_5V_IN 2095/1946 POM_5V_GPU 82/86 POM_5V_CPU 533/353
RAM 1381/3964MB (lfb 8x4MB) SWAP 758/6078MB (cached 38MB) IRAM 0/252kB(lfb 252kB) CPU [7%@921,4%@921,off,off] EMC_FREQ 0%@1600 GR3D_FREQ 0%@614 APE 25 PLL@30C CPU@31.5C iwlwifi@32C PMIC@50C GPU@30C AO@41C thermal@30.75C POM_5V_IN 1689/1946 POM_5V_GPU 82/86 POM_5V_CPU 164/353
RAM 1386/3964MB (lfb 8x4MB) SWAP 758/6078MB (cached 38MB) IRAM 0/252kB(lfb 252kB) CPU [9%@921,5%@921,off,off] EMC_FREQ 0%@1600 GR3D_FREQ 0%@614 APE 25 PLL@30C CPU@32C iwlwifi@32C PMIC@50C GPU@30.5C AO@41C thermal@30.75C POM_5V_IN 2136/1946 POM_5V_GPU 82/86 POM_5V_CPU 533/353
RAM 1387/3964MB (lfb 8x4MB) SWAP 758/6078MB (cached 38MB) IRAM 0/252kB(lfb 252kB) CPU [9%@921,5%@921,off,off] EMC_FREQ 0%@1600 GR3D_FREQ 0%@614 APE 25 PLL@30C CPU@32C iwlwifi@32C PMIC@50C GPU@30C AO@41.5C thermal@31C POM_5V_IN 2215/1946 POM_5V_GPU 82/86 POM_5V_CPU 574/353
RAM 1393/3964MB (lfb 8x4MB) SWAP 758/6078MB (cached 38MB) IRAM 0/252kB(lfb 252kB) CPU [10%@921,5%@921,off,off] EMC_FREQ 0%@1600 GR3D_FREQ 0%@614 APE 25 PLL@30.5C CPU@31.5C iwlwifi@32C PMIC@50C GPU@30C AO@41C thermal@30.75C POM_5V_IN 2334/1947 POM_5V_GPU 81/86 POM_5V_CPU 614/353
RAM 1394/3964MB (lfb 8x4MB) SWAP 758/6078MB (cached 38MB) IRAM 0/252kB(lfb 252kB) CPU [7%@921,7%@921,off,off] EMC_FREQ 0%@1600 GR3D_FREQ 0%@614 APE 25 PLL@30.5C CPU@31.5C iwlwifi@32C PMIC@50C GPU@30C AO@41C thermal@30.75C POM_5V_IN 2054/1947 POM_5V_GPU 82/86 POM_5V_CPU 410/353
RAM 1401/3964MB (lfb 8x4MB) SWAP 758/6078MB (cached 38MB) IRAM 0/252kB(lfb 252kB) CPU [6%@921,7%@921,off,off] EMC_FREQ 0%@1600 GR3D_FREQ 0%@614 APE 25 PLL@30C CPU@31.5C iwlwifi@33C PMIC@50C GPU@30C AO@41C thermal@30.75C POM_5V_IN 1772/1947 POM_5V_GPU 82/86 POM_5V_CPU 206/353
RAM 1394/3964MB (lfb 8x4MB) SWAP 758/6078MB (cached 38MB) IRAM 0/252kB(lfb 252kB) CPU [9%@921,5%@921,off,off] EMC_FREQ 0%@1600 GR3D_FREQ 0%@614 APE 25 PLL@30C CPU@31.5C iwlwifi@32C PMIC@50C GPU@30C AO@41C thermal@30.75C POM_5V_IN 1851/1947 POM_5V_GPU 82/86 POM_5V_CPU 288/353
RAM 1396/3964MB (lfb 8x4MB) SWAP 758/6078MB (cached 38MB) IRAM 0/252kB(lfb 252kB) CPU [6%@921,8%@921,off,off] EMC_FREQ 0%@1600 GR3D_FREQ 0%@614 APE 25 PLL@30C CPU@31.5C iwlwifi@32C PMIC@50C GPU@30C AO@41C thermal@30.75C POM_5V_IN 1689/1946 POM_5V_GPU 82/86 POM_5V_CPU 164/353
RAM 1394/3964MB (lfb 8x4MB) SWAP 758/6078MB (cached 38MB) IRAM 0/252kB(lfb 252kB) CPU [7%@921,6%@921,off,off] EMC_FREQ 0%@1600 GR3D_FREQ 0%@614 APE 25 PLL@30C CPU@31.5C iwlwifi@32C PMIC@50C GPU@30C AO@41C thermal@30.5C POM_5V_IN 1728/1946 POM_5V_GPU 82/86 POM_5V_CPU 164/353
RAM 1394/3964MB (lfb 8x4MB) SWAP 758/6078MB (cached 38MB) IRAM 0/252kB(lfb 252kB) CPU [7%@921,6%@921,off,off] EMC_FREQ 0%@1600 GR3D_FREQ 0%@614 APE 25 PLL@30C CPU@31.5C iwlwifi@32C PMIC@50C GPU@30C AO@41C thermal@30.75C POM_5V_IN 1689/1946 POM_5V_GPU 82/86 POM_5V_CPU 164/353
RAM 1380/3964MB (lfb 8x4MB) SWAP 758/6078MB (cached 38MB) IRAM 0/252kB(lfb 252kB) CPU [6%@921,3%@921,off,off] EMC_FREQ 0%@1600 GR3D_FREQ 0%@614 APE 25 PLL@30C CPU@31.5C iwlwifi@32C PMIC@50C GPU@30C AO@41C thermal@30.5C POM_5V_IN 1731/1946 POM_5V_GPU 82/86 POM_5V_CPU 164/353
RAM 1394/3964MB (lfb 8x4MB) SWAP 758/6078MB (cached 38MB) IRAM 0/252kB(lfb 252kB) CPU [8%@921,10%@921,off,off] EMC_FREQ 0%@1600 GR3D_FREQ 0%@614 APE 25 PLL@30C CPU@32C iwlwifi@32C PMIC@50C GPU@30C AO@40.5C thermal@30.5C POM_5V_IN 2136/1946 POM_5V_GPU 82/86 POM_5V_CPU 533/353
RAM 1382/3964MB (lfb 8x4MB) SWAP 758/6078MB (cached 38MB) IRAM 0/252kB(lfb 252kB) CPU [4%@921,7%@921,off,off] EMC_FREQ 0%@1600 GR3D_FREQ 0%@614 APE 25 PLL@30C CPU@31C iwlwifi@32C PMIC@50C GPU@30C AO@41C thermal@30.75C POM_5V_IN 1731/1946 POM_5V_GPU 82/86 POM_5V_CPU 164/353
RAM 1385/3964MB (lfb 8x4MB) SWAP 758/6078MB (cached 38MB) IRAM 0/252kB(lfb 252kB) CPU [7%@921,8%@921,off,off] EMC_FREQ 0%@1600 GR3D_FREQ 0%@614 APE 25 PLL@30.5C CPU@31.5C iwlwifi@32C PMIC@50C GPU@30C AO@41C thermal@30.5C POM_5V_IN 2215/1946 POM_5V_GPU 82/86 POM_5V_CPU 615/353
RAM 1382/3964MB (lfb 8x4MB) SWAP 758/6078MB (cached 38MB) IRAM 0/252kB(lfb 252kB) CPU [6%@921,7%@921,off,off] EMC_FREQ 0%@1600 GR3D_FREQ 0%@614 APE 25 PLL@30.5C CPU@31.5C iwlwifi@32C PMIC@50C GPU@30C AO@41.5C thermal@30.5C POM_5V_IN 2334/1946 POM_5V_GPU 81/86 POM_5V_CPU 573/353
RAM 1388/3964MB (lfb 8x4MB) SWAP 758/6078MB (cached 38MB) IRAM 0/252kB(lfb 252kB) CPU [4%@921,10%@921,off,off] EMC_FREQ 0%@1600 GR3D_FREQ 0%@614 APE 25 PLL@30C CPU@32C iwlwifi@32C PMIC@50C GPU@30C AO@41C thermal@30.75C POM_5V_IN 2133/1946 POM_5V_GPU 82/86 POM_5V_CPU 574/353
RAM 1399/3964MB (lfb 8x4MB) SWAP 758/6078MB (cached 38MB) IRAM 0/252kB(lfb 252kB) CPU [6%@921,8%@921,off,off] EMC_FREQ 0%@1600 GR3D_FREQ 0%@614 APE 25 PLL@30C CPU@31.5C iwlwifi@32C PMIC@50C GPU@30C AO@41C thermal@31C POM_5V_IN 2297/1947 POM_5V_GPU 81/86 POM_5V_CPU 573/353
RAM 1396/3964MB (lfb 8x4MB) SWAP 758/6078MB (cached 38MB) IRAM 0/252kB(lfb 252kB) CPU [8%@921,6%@921,off,off] EMC_FREQ 0%@1600 GR3D_FREQ 0%@614 APE 25 PLL@30C CPU@31.5C iwlwifi@32C PMIC@50C GPU@30C AO@41.5C thermal@30.75C POM_5V_IN 1892/1947 POM_5V_GPU 82/86 POM_5V_CPU 288/353
RAM 1395/3964MB (lfb 8x4MB) SWAP 758/6078MB (cached 38MB) IRAM 0/252kB(lfb 252kB) CPU [8%@921,5%@921,off,off] EMC_FREQ 0%@1600 GR3D_FREQ 0%@614 APE 25 PLL@30C CPU@31.5C iwlwifi@32C PMIC@50C GPU@30C AO@41C thermal@30.5C POM_5V_IN 1689/1946 POM_5V_GPU 82/86 POM_5V_CPU 164/353
RAM 1397/3964MB (lfb 8x4MB) SWAP 758/6078MB (cached 38MB) IRAM 0/252kB(lfb 252kB) CPU [4%@921,9%@921,off,off] EMC_FREQ 0%@1600 GR3D_FREQ 0%@614 APE 25 PLL@30C CPU@31C iwlwifi@32C PMIC@50C GPU@30C AO@41C thermal@31.25C POM_5V_IN 1689/1946 POM_5V_GPU 82/86 POM_5V_CPU 164/353
RAM 1394/3964MB (lfb 8x4MB) SWAP 758/6078MB (cached 38MB) IRAM 0/252kB(lfb 252kB) CPU [9%@921,5%@921,off,off] EMC_FREQ 0%@1600 GR3D_FREQ 0%@614 APE 25 PLL@29.5C CPU@31C iwlwifi@32C PMIC@50C GPU@30C AO@41C thermal@30.75C POM_5V_IN 1689/1946 POM_5V_GPU 82/86 POM_5V_CPU 164/353
RAM 1376/3964MB (lfb 8x4MB) SWAP 758/6078MB (cached 38MB) IRAM 0/252kB(lfb 252kB) CPU [6%@921,2%@921,off,off] EMC_FREQ 0%@1600 GR3D_FREQ 0%@614 APE 25 PLL@30C CPU@31C iwlwifi@32C PMIC@50C GPU@29.5C AO@41.5C thermal@30.75C POM_5V_IN 1731/1946 POM_5V_GPU 82/86 POM_5V_CPU 164/353
RAM 1400/3964MB (lfb 8x4MB) SWAP 758/6078MB (cached 38MB) IRAM 0/252kB(lfb 252kB) CPU [12%@921,7%@921,off,off] EMC_FREQ 0%@1600 GR3D_FREQ 0%@614 APE 25 PLL@30C CPU@31C iwlwifi@32C PMIC@50C GPU@30C AO@41C thermal@31C POM_5V_IN 2095/1946 POM_5V_GPU 82/86 POM_5V_CPU 492/353
RAM 1383/3964MB (lfb 8x4MB) SWAP 758/6078MB (cached 38MB) IRAM 0/252kB(lfb 252kB) CPU [4%@921,6%@921,off,off] EMC_FREQ 0%@1600 GR3D_FREQ 0%@614 APE 25 PLL@30C CPU@31.5C iwlwifi@32C PMIC@50C GPU@30C AO@41C thermal@30.5C POM_5V_IN 1731/1946 POM_5V_GPU 82/86 POM_5V_CPU 164/353
RAM 1386/3964MB (lfb 8x4MB) SWAP 758/6078MB (cached 38MB) IRAM 0/252kB(lfb 252kB) CPU [6%@921,8%@921,off,off] EMC_FREQ 0%@1600 GR3D_FREQ 0%@614 APE 25 PLL@30C CPU@32C iwlwifi@32C PMIC@50C GPU@30C AO@41C thermal@30.5C POM_5V_IN 2136/1946 POM_5V_GPU 82/86 POM_5V_CPU 533/353
RAM 1386/3964MB (lfb 8x4MB) SWAP 758/6078MB (cached 38MB) IRAM 0/252kB(lfb 252kB) CPU [7%@921,6%@921,off,off] EMC_FREQ 0%@1600 GR3D_FREQ 0%@614 APE 25 PLL@30C CPU@31.5C iwlwifi@32C PMIC@50C GPU@30.5C AO@41C thermal@30.75C POM_5V_IN 2174/1946 POM_5V_GPU 82/86 POM_5V_CPU 492/353
RAM 1393/3964MB (lfb 8x4MB) SWAP 758/6078MB (cached 38MB) IRAM 0/252kB(lfb 252kB) CPU [6%@921,9%@921,off,off] EMC_FREQ 0%@1600 GR3D_FREQ 0%@614 APE 25 PLL@30.5C CPU@31.5C iwlwifi@32C PMIC@50C GPU@30C AO@41.5C thermal@30.75C POM_5V_IN 2297/1946 POM_5V_GPU 82/86 POM_5V_CPU 573/353
RAM 1397/3964MB (lfb 8x4MB) SWAP 758/6078MB (cached 38MB) IRAM 0/252kB(lfb 252kB) CPU [7%@921,6%@921,off,off] EMC_FREQ 0%@1600 GR3D_FREQ 0%@614 APE 25 PLL@30C CPU@31.5C iwlwifi@32C PMIC@50C GPU@30C AO@41.5C thermal@30.75C POM_5V_IN 2174/1947 POM_5V_GPU 82/86 POM_5V_CPU 533/353
RAM 1396/3964MB (lfb 8x4MB) SWAP 758/6078MB (cached 38MB) IRAM 0/252kB(lfb 252kB) CPU [7%@921,7%@921,off,off] EMC_FREQ 0%@1600 GR3D_FREQ 0%@614 APE 25 PLL@30C CPU@32C iwlwifi@32C PMIC@50C GPU@30C AO@41C thermal@30.75C POM_5V_IN 1813/1946 POM_5V_GPU 82/86 POM_5V_CPU 205/353
RAM 1397/3964MB (lfb 8x4MB) SWAP 758/6078MB (cached 38MB) IRAM 0/252kB(lfb 252kB) CPU [7%@921,6%@921,off,off] EMC_FREQ 0%@1600 GR3D_FREQ 0%@614 APE 25 PLL@30C CPU@31.5C iwlwifi@32C PMIC@50C GPU@30C AO@41.5C thermal@30.75C POM_5V_IN 1731/1946 POM_5V_GPU 82/86 POM_5V_CPU 164/353
RAM 1397/3964MB (lfb 8x4MB) SWAP 758/6078MB (cached 38MB) IRAM 0/252kB(lfb 252kB) CPU [6%@921,7%@921,off,off] EMC_FREQ 0%@1600 GR3D_FREQ 0%@614 APE 25 PLL@29.5C CPU@31.5C iwlwifi@32C PMIC@50C GPU@30C AO@41C thermal@30.75C POM_5V_IN 1689/1946 POM_5V_GPU 82/86 POM_5V_CPU 164/353
RAM 1394/3964MB (lfb 8x4MB) SWAP 758/6078MB (cached 38MB) IRAM 0/252kB(lfb 252kB) CPU [6%@921,7%@921,off,off] EMC_FREQ 0%@1600 GR3D_FREQ 0%@614 APE 25 PLL@29.5C CPU@31.5C iwlwifi@32C PMIC@50C GPU@30.5C AO@41C thermal@30.75C POM_5V_IN 1689/1946 POM_5V_GPU 82/86 POM_5V_CPU 164/353
RAM 1398/3964MB (lfb 8x4MB) SWAP 758/6078MB (cached 38MB) IRAM 0/252kB(lfb 252kB) CPU [6%@921,8%@921,off,off] EMC_FREQ 0%@1600 GR3D_FREQ 0%@614 APE 25 PLL@30C CPU@31.5C iwlwifi@32C PMIC@50C GPU@30C AO@41C thermal@30.75C POM_5V_IN 1689/1946 POM_5V_GPU 82/86 POM_5V_CPU 164/353
RAM 1395/3964MB (lfb 8x4MB) SWAP 758/6078MB (cached 38MB) IRAM 0/252kB(lfb 252kB) CPU [6%@921,8%@921,off,off] EMC_FREQ 0%@1600 GR3D_FREQ 0%@614 APE 25 PLL@30C CPU@31.5C iwlwifi@32C PMIC@50C GPU@30C AO@41.5C thermal@30.75C POM_5V_IN 1689/1946 POM_5V_GPU 82/86 POM_5V_CPU 164/353
RAM 1394/3964MB (lfb 8x4MB) SWAP 758/6078MB (cached 38MB) IRAM 0/252kB(lfb 252kB) CPU [7%@921,6%@921,off,off] EMC_FREQ 0%@1600 GR3D_FREQ 0%@614 APE 25 PLL@30C CPU@32C iwlwifi@32C PMIC@50C GPU@30C AO@41C thermal@30.75C POM_5V_IN 1687/1946 POM_5V_GPU 82/86 POM_5V_CPU 164/353
RAM 1381/3964MB (lfb 8x4MB) SWAP 758/6078MB (cached 38MB) IRAM 0/252kB(lfb 252kB) CPU [6%@921,5%@921,off,off] EMC_FREQ 0%@1600 GR3D_FREQ 0%@614 APE 25 PLL@30C CPU@31.5C iwlwifi@32C PMIC@50C GPU@30C AO@41C thermal@30.75C POM_5V_IN 1689/1946 POM_5V_GPU 82/86 POM_5V_CPU 164/352
RAM 1383/3964MB (lfb 8x4MB) SWAP 758/6078MB (cached 38MB) IRAM 0/252kB(lfb 252kB) CPU [6%@921,7%@921,off,off] EMC_FREQ 0%@1600 GR3D_FREQ 0%@614 APE 25 PLL@30C CPU@31.5C iwlwifi@32C PMIC@50C GPU@30C AO@41C thermal@30.5C POM_5V_IN 2136/1946 POM_5V_GPU 82/86 POM_5V_CPU 533/353
RAM 1385/3964MB (lfb 8x4MB) SWAP 758/6078MB (cached 38MB) IRAM 0/252kB(lfb 252kB) CPU [6%@921,8%@921,off,off] EMC_FREQ 0%@1600 GR3D_FREQ 0%@614 APE 25 PLL@30C CPU@32C iwlwifi@32C PMIC@50C GPU@30C AO@41C thermal@30.75C POM_5V_IN 2136/1946 POM_5V_GPU 82/86 POM_5V_CPU 533/353
RAM 1393/3964MB (lfb 8x4MB) SWAP 758/6078MB (cached 38MB) IRAM 0/252kB(lfb 252kB) CPU [8%@921,6%@921,off,off] EMC_FREQ 0%@1600 GR3D_FREQ 0%@614 APE 25 PLL@30C CPU@31.5C iwlwifi@32C PMIC@50C GPU@30.5C AO@41C thermal@30.75C POM_5V_IN 2297/1946 POM_5V_GPU 82/86 POM_5V_CPU 573/353
RAM 1396/3964MB (lfb 8x4MB) SWAP 758/6078MB (cached 38MB) IRAM 0/252kB(lfb 252kB) CPU [6%@921,8%@921,off,off] EMC_FREQ 0%@1600 GR3D_FREQ 0%@614 APE 25 PLL@30C CPU@31.5C iwlwifi@32C PMIC@50C GPU@30C AO@41C thermal@31C POM_5V_IN 2095/1946 POM_5V_GPU 82/86 POM_5V_CPU 451/353
RAM 1396/3964MB (lfb 8x4MB) SWAP 758/6078MB (cached 38MB) IRAM 0/252kB(lfb 252kB) CPU [4%@921,10%@921,off,off] EMC_FREQ 0%@1600 GR3D_FREQ 0%@614 APE 25 PLL@30C CPU@31.5C iwlwifi@32C PMIC@50C GPU@30C AO@41C thermal@30.75C POM_5V_IN 1772/1946 POM_5V_GPU 82/86 POM_5V_CPU 206/353
RAM 1394/3964MB (lfb 8x4MB) SWAP 758/6078MB (cached 38MB) IRAM 0/252kB(lfb 252kB) CPU [7%@921,6%@921,off,off] EMC_FREQ 0%@1600 GR3D_FREQ 0%@614 APE 25 PLL@30C CPU@32C iwlwifi@32C PMIC@50C GPU@30C AO@41C thermal@30.75C POM_5V_IN 1731/1946 POM_5V_GPU 82/86 POM_5V_CPU 164/353
RAM 1398/3964MB (lfb 8x4MB) SWAP 758/6078MB (cached 38MB) IRAM 0/252kB(lfb 252kB) CPU [7%@921,6%@921,off,off] EMC_FREQ 0%@1600 GR3D_FREQ 0%@614 APE 25 PLL@30C CPU@31.5C iwlwifi@32C PMIC@50C GPU@30C AO@41C thermal@30.75C POM_5V_IN 1689/1946 POM_5V_GPU 82/86 POM_5V_CPU 164/353
RAM 1375/3964MB (lfb 8x4MB) SWAP 758/6078MB (cached 38MB) IRAM 0/252kB(lfb 252kB) CPU [5%@921,3%@921,off,off] EMC_FREQ 0%@1600 GR3D_FREQ 0%@614 APE 25 PLL@29.5C CPU@32C iwlwifi@32C PMIC@50C GPU@30C AO@41.5C thermal@30.75C POM_5V_IN 1689/1946 POM_5V_GPU 82/86 POM_5V_CPU 164/352
RAM 1398/3964MB (lfb 8x4MB) SWAP 758/6078MB (cached 38MB) IRAM 0/252kB(lfb 252kB) CPU [9%@921,10%@921,off,off] EMC_FREQ 0%@1600 GR3D_FREQ 0%@614 APE 25 PLL@30C CPU@32C iwlwifi@32C PMIC@50C GPU@30C AO@41C thermal@30.75C POM_5V_IN 2095/1946 POM_5V_GPU 82/86 POM_5V_CPU 533/353
RAM 1379/3964MB (lfb 8x4MB) SWAP 758/6078MB (cached 38MB) IRAM 0/252kB(lfb 252kB) CPU [4%@921,5%@921,off,off] EMC_FREQ 0%@1600 GR3D_FREQ 0%@614 APE 25 PLL@30C CPU@31.5C iwlwifi@32C PMIC@50C GPU@29.5C AO@41.5C thermal@30.75C POM_5V_IN 1689/1946 POM_5V_GPU 82/86 POM_5V_CPU 164/352
RAM 1398/3964MB (lfb 8x4MB) SWAP 758/6078MB (cached 38MB) IRAM 0/252kB(lfb 252kB) CPU [8%@921,9%@921,off,off] EMC_FREQ 0%@1600 GR3D_FREQ 0%@614 APE 25 PLL@30C CPU@32C iwlwifi@32C PMIC@50C GPU@29.5C AO@41C thermal@31C POM_5V_IN 2136/1946 POM_5V_GPU 82/86 POM_5V_CPU 533/353
RAM 1385/3964MB (lfb 8x4MB) SWAP 758/6078MB (cached 38MB) IRAM 0/252kB(lfb 252kB) CPU [4%@921,6%@921,off,off] EMC_FREQ 0%@1600 GR3D_FREQ 0%@614 APE 25 PLL@30C CPU@31.5C iwlwifi@32C PMIC@50C GPU@30C AO@41C thermal@30.75C POM_5V_IN 1687/1946 POM_5V_GPU 82/86 POM_5V_CPU 164/352
RAM 1384/3964MB (lfb 8x4MB) SWAP 758/6078MB (cached 38MB) IRAM 0/252kB(lfb 252kB) CPU [8%@921,7%@921,off,off] EMC_FREQ 0%@1600 GR3D_FREQ 0%@614 APE 25 PLL@30C CPU@31.5C iwlwifi@33C PMIC@50C GPU@29.5C AO@41C thermal@31C POM_5V_IN 2136/1946 POM_5V_GPU 82/86 POM_5V_CPU 574/353
RAM 1388/3964MB (lfb 8x4MB) SWAP 758/6078MB (cached 38MB) IRAM 0/252kB(lfb 252kB) CPU [5%@921,9%@921,off,off] EMC_FREQ 0%@1600 GR3D_FREQ 0%@614 APE 25 PLL@30.5C CPU@31.5C iwlwifi@32C PMIC@50C GPU@30.5C AO@41C thermal@31.25C POM_5V_IN 2256/1946 POM_5V_GPU 82/85 POM_5V_CPU 573/353
RAM 1401/3964MB (lfb 8x4MB) SWAP 758/6078MB (cached 38MB) IRAM 0/252kB(lfb 252kB) CPU [7%@921,8%@921,off,off] EMC_FREQ 0%@1600 GR3D_FREQ 0%@614 APE 25 PLL@30C CPU@31.5C iwlwifi@32C PMIC@50C GPU@30.5C AO@41C thermal@30.5C POM_5V_IN 2215/1946 POM_5V_GPU 82/85 POM_5V_CPU 574/353
RAM 1398/3964MB (lfb 8x4MB) SWAP 758/6078MB (cached 38MB) IRAM 0/252kB(lfb 252kB) CPU [6%@921,7%@921,off,off] EMC_FREQ 0%@1600 GR3D_FREQ 0%@614 APE 25 PLL@30C CPU@32C iwlwifi@32C PMIC@50C GPU@30C AO@41.5C thermal@30.75C POM_5V_IN 1851/1946 POM_5V_GPU 82/85 POM_5V_CPU 288/353
RAM 1395/3964MB (lfb 8x4MB) SWAP 758/6078MB (cached 38MB) IRAM 0/252kB(lfb 252kB) CPU [7%@921,7%@921,off,off] EMC_FREQ 0%@1600 GR3D_FREQ 0%@614 APE 25 PLL@30C CPU@32C iwlwifi@32C PMIC@50C GPU@30.5C AO@41C thermal@30.5C POM_5V_IN 1772/1946 POM_5V_GPU 82/85 POM_5V_CPU 206/353
RAM 1393/3964MB (lfb 8x4MB) SWAP 758/6078MB (cached 38MB) IRAM 0/252kB(lfb 252kB) CPU [7%@921,6%@921,off,off] EMC_FREQ 0%@1600 GR3D_FREQ 0%@614 APE 25 PLL@30C CPU@31.5C iwlwifi@32C PMIC@50C GPU@30C AO@41C thermal@30.75C POM_5V_IN 1934/1946 POM_5V_GPU 82/85 POM_5V_CPU 205/353
RAM 1396/3964MB (lfb 8x4MB) SWAP 758/6078MB (cached 38MB) IRAM 0/252kB(lfb 252kB) CPU [7%@921,7%@921,off,off] EMC_FREQ 0%@1600 GR3D_FREQ 0%@614 APE 25 PLL@29.5C CPU@31.5C iwlwifi@32C PMIC@50C GPU@30C AO@41C thermal@30.75C POM_5V_IN 1731/1946 POM_5V_GPU 82/85 POM_5V_CPU 164/352
RAM 1398/3964MB (lfb 8x4MB) SWAP 758/6078MB (cached 38MB) IRAM 0/252kB(lfb 252kB) CPU [5%@921,8%@921,off,off] EMC_FREQ 0%@1600 GR3D_FREQ 0%@614 APE 25 PLL@29.5C CPU@31.5C iwlwifi@33C PMIC@50C GPU@30C AO@41C thermal@31C POM_5V_IN 1689/1946 POM_5V_GPU 82/85 POM_5V_CPU 123/352
RAM 1396/3964MB (lfb 8x4MB) SWAP 758/6078MB (cached 38MB) IRAM 0/252kB(lfb 252kB) CPU [7%@921,7%@921,off,off] EMC_FREQ 0%@1600 GR3D_FREQ 0%@614 APE 25 PLL@30C CPU@31.5C iwlwifi@32C PMIC@50C GPU@30C AO@41.5C thermal@30.75C POM_5V_IN 1689/1946 POM_5V_GPU 82/85 POM_5V_CPU 164/352
RAM 1385/3964MB (lfb 8x4MB) SWAP 758/6078MB (cached 38MB) IRAM 0/252kB(lfb 252kB) CPU [6%@921,4%@921,off,off] EMC_FREQ 0%@1600 GR3D_FREQ 0%@614 APE 25 PLL@29.5C CPU@31.5C iwlwifi@32C PMIC@50C GPU@30.5C AO@41C thermal@30.75C POM_5V_IN 1689/1946 POM_5V_GPU 82/85 POM_5V_CPU 164/352
RAM 1396/3964MB (lfb 8x4MB) SWAP 758/6078MB (cached 38MB) IRAM 0/252kB(lfb 252kB) CPU [12%@921,6%@921,off,off] EMC_FREQ 0%@1600 GR3D_FREQ 0%@614 APE 25 PLL@29.5C CPU@31.5C iwlwifi@32C PMIC@50C GPU@30C AO@41C thermal@30.75C POM_5V_IN 2136/1946 POM_5V_GPU 82/85 POM_5V_CPU 574/352
RAM 1381/3964MB (lfb 8x4MB) SWAP 758/6078MB (cached 38MB) IRAM 0/252kB(lfb 252kB) CPU [5%@921,6%@921,off,off] EMC_FREQ 0%@1600 GR3D_FREQ 0%@614 APE 25 PLL@30C CPU@31.5C iwlwifi@32C PMIC@50C GPU@30C AO@41C thermal@30.75C POM_5V_IN 1689/1946 POM_5V_GPU 82/85 POM_5V_CPU 164/352
RAM 1385/3964MB (lfb 8x4MB) SWAP 758/6078MB (cached 38MB) IRAM 0/252kB(lfb 252kB) CPU [7%@921,8%@921,off,off] EMC_FREQ 0%@1600 GR3D_FREQ 0%@614 APE 25 PLL@30C CPU@32C iwlwifi@32C PMIC@50C GPU@30C AO@41C thermal@30.75C POM_5V_IN 2133/1946 POM_5V_GPU 82/85 POM_5V_CPU 574/352
RAM 1390/3964MB (lfb 8x4MB) SWAP 758/6078MB (cached 38MB) IRAM 0/252kB(lfb 252kB) CPU [7%@921,8%@921,off,off] EMC_FREQ 0%@1600 GR3D_FREQ 0%@614 APE 25 PLL@30C CPU@32C iwlwifi@32C PMIC@50C GPU@30C AO@41.5C thermal@31C POM_5V_IN 2215/1946 POM_5V_GPU 81/85 POM_5V_CPU 573/352
RAM 1395/3964MB (lfb 8x4MB) SWAP 758/6078MB (cached 38MB) IRAM 0/252kB(lfb 252kB) CPU [6%@921,8%@921,off,off] EMC_FREQ 0%@1600 GR3D_FREQ 0%@614 APE 25 PLL@30C CPU@31.5C iwlwifi@32C PMIC@50C GPU@30C AO@41C thermal@30.75C POM_5V_IN 2136/1946 POM_5V_GPU 82/85 POM_5V_CPU 493/352
RAM 1401/3964MB (lfb 8x4MB) SWAP 758/6078MB (cached 38MB) IRAM 0/252kB(lfb 252kB) CPU [8%@921,6%@921,off,off] EMC_FREQ 0%@1600 GR3D_FREQ 0%@614 APE 25 PLL@30C CPU@31.5C iwlwifi@32C PMIC@50C GPU@30C AO@41C thermal@30.75C POM_5V_IN 1772/1946 POM_5V_GPU 82/85 POM_5V_CPU 206/352
RAM 1398/3964MB (lfb 8x4MB) SWAP 758/6078MB (cached 38MB) IRAM 0/252kB(lfb 252kB) CPU [6%@921,7%@921,off,off] EMC_FREQ 0%@1600 GR3D_FREQ 0%@614 APE 25 PLL@30C CPU@31.5C iwlwifi@32C PMIC@50C GPU@30C AO@41C thermal@31C POM_5V_IN 1851/1946 POM_5V_GPU 82/85 POM_5V_CPU 288/352
RAM 1394/3964MB (lfb 8x4MB) SWAP 758/6078MB (cached 38MB) IRAM 0/252kB(lfb 252kB) CPU [4%@921,10%@921,off,off] EMC_FREQ 0%@1600 GR3D_FREQ 0%@614 APE 25 PLL@30C CPU@31.5C iwlwifi@32C PMIC@50C GPU@30C AO@41C thermal@30.75C POM_5V_IN 1731/1946 POM_5V_GPU 82/85 POM_5V_CPU 164/352
RAM 1398/3964MB (lfb 8x4MB) SWAP 758/6078MB (cached 38MB) IRAM 0/252kB(lfb 252kB) CPU [8%@921,6%@921,off,off] EMC_FREQ 0%@1600 GR3D_FREQ 0%@614 APE 25 PLL@30C CPU@31C iwlwifi@32C PMIC@50C GPU@30C AO@41C thermal@30.75C POM_5V_IN 1689/1946 POM_5V_GPU 82/85 POM_5V_CPU 164/352
RAM 1396/3964MB (lfb 8x4MB) SWAP 758/6078MB (cached 38MB) IRAM 0/252kB(lfb 252kB) CPU [8%@921,6%@921,off,off] EMC_FREQ 0%@1600 GR3D_FREQ 0%@614 APE 25 PLL@29.5C CPU@31.5C iwlwifi@33C PMIC@50C GPU@30C AO@41C thermal@30.75C POM_5V_IN 1731/1945 POM_5V_GPU 82/85 POM_5V_CPU 164/352
RAM 1379/3964MB (lfb 8x4MB) SWAP 758/6078MB (cached 38MB) IRAM 0/252kB(lfb 252kB) CPU [5%@921,5%@921,off,off] EMC_FREQ 0%@1600 GR3D_FREQ 0%@614 APE 25 PLL@30C CPU@31.5C iwlwifi@32C PMIC@50C GPU@30.5C AO@40.5C thermal@31C POM_5V_IN 1687/1945 POM_5V_GPU 82/85 POM_5V_CPU 164/352
RAM 1398/3964MB (lfb 8x4MB) SWAP 758/6078MB (cached 38MB) IRAM 0/252kB(lfb 252kB) CPU [9%@921,8%@921,off,off] EMC_FREQ 0%@1600 GR3D_FREQ 0%@614 APE 25 PLL@30C CPU@32C iwlwifi@32C PMIC@50C GPU@30C AO@41.5C thermal@30.75C POM_5V_IN 2136/1945 POM_5V_GPU 82/85 POM_5V_CPU 533/352
RAM 1381/3964MB (lfb 8x4MB) SWAP 758/6078MB (cached 38MB) IRAM 0/252kB(lfb 252kB) CPU [8%@921,3%@921,off,off] EMC_FREQ 0%@1600 GR3D_FREQ 0%@614 APE 25 PLL@29.5C CPU@31.5C iwlwifi@32C PMIC@50C GPU@30C AO@41.5C thermal@30.75C POM_5V_IN 1772/1945 POM_5V_GPU 82/85 POM_5V_CPU 206/352
RAM 1383/3964MB (lfb 8x4MB) SWAP 758/6078MB (cached 38MB) IRAM 0/252kB(lfb 252kB) CPU [6%@921,9%@921,off,off] EMC_FREQ 0%@1600 GR3D_FREQ 0%@614 APE 25 PLL@30C CPU@31.5C iwlwifi@32C PMIC@50C GPU@30C AO@41.5C thermal@30.5C POM_5V_IN 2133/1945 POM_5V_GPU 82/85 POM_5V_CPU 574/352
RAM 1386/3964MB (lfb 8x4MB) SWAP 758/6078MB (cached 38MB) IRAM 0/252kB(lfb 252kB) CPU [7%@921,7%@921,off,off] EMC_FREQ 0%@1600 GR3D_FREQ 0%@614 APE 25 PLL@30C CPU@31.5C iwlwifi@33C PMIC@50C GPU@30C AO@41.5C thermal@30.75C POM_5V_IN 2297/1946 POM_5V_GPU 82/85 POM_5V_CPU 573/352
RAM 1401/3964MB (lfb 8x4MB) SWAP 758/6078MB (cached 38MB) IRAM 0/252kB(lfb 252kB) CPU [10%@921,4%@921,off,off] EMC_FREQ 0%@1600 GR3D_FREQ 0%@614 APE 25 PLL@30C CPU@31.5C iwlwifi@32C PMIC@50C GPU@30C AO@41.5C thermal@30.75C POM_5V_IN 2256/1946 POM_5V_GPU 81/85 POM_5V_CPU 573/352
RAM 1392/3964MB (lfb 8x4MB) SWAP 758/6078MB (cached 38MB) IRAM 0/252kB(lfb 252kB) CPU [8%@921,5%@921,off,off] EMC_FREQ 0%@1600 GR3D_FREQ 0%@614 APE 25 PLL@30C CPU@31.5C iwlwifi@32C PMIC@50C GPU@29.5C AO@41.5C thermal@30.75C POM_5V_IN 1892/1946 POM_5V_GPU 82/85 POM_5V_CPU 288/352
RAM 1394/3964MB (lfb 8x4MB) SWAP 758/6078MB (cached 38MB) IRAM 0/252kB(lfb 252kB) CPU [7%@921,7%@921,off,off] EMC_FREQ 0%@1600 GR3D_FREQ 0%@614 APE 25 PLL@30C CPU@31.5C iwlwifi@32C PMIC@50C GPU@29.5C AO@41.5C thermal@30.75C POM_5V_IN 2174/1946 POM_5V_GPU 82/85 POM_5V_CPU 533/352
RAM 1398/3964MB (lfb 8x4MB) SWAP 758/6078MB (cached 38MB) IRAM 0/252kB(lfb 252kB) CPU [8%@921,5%@921,off,off] EMC_FREQ 0%@1600 GR3D_FREQ 0%@614 APE 25 PLL@30C CPU@32C iwlwifi@32C PMIC@50C GPU@30C AO@41C thermal@31C POM_5V_IN 1728/1946 POM_5V_GPU 82/85 POM_5V_CPU 164/352
RAM 1394/3964MB (lfb 8x4MB) SWAP 758/6078MB (cached 38MB) IRAM 0/252kB(lfb 252kB) CPU [7%@921,5%@921,off,off] EMC_FREQ 0%@1600 GR3D_FREQ 0%@614 APE 25 PLL@30C CPU@31.5C iwlwifi@32C PMIC@50C GPU@30C AO@41C thermal@31C POM_5V_IN 1689/1946 POM_5V_GPU 82/85 POM_5V_CPU 164/352
RAM 1394/3964MB (lfb 8x4MB) SWAP 758/6078MB (cached 38MB) IRAM 0/252kB(lfb 252kB) CPU [8%@921,6%@921,off,off] EMC_FREQ 0%@1600 GR3D_FREQ 0%@614 APE 25 PLL@30C CPU@31.5C iwlwifi@32C PMIC@50C GPU@30.5C AO@41C thermal@31C POM_5V_IN 1689/1946 POM_5V_GPU 82/85 POM_5V_CPU 164/352
RAM 1377/3964MB (lfb 8x4MB) SWAP 758/6078MB (cached 38MB) IRAM 0/252kB(lfb 252kB) CPU [3%@921,6%@921,off,off] EMC_FREQ 0%@1600 GR3D_FREQ 0%@614 APE 25 PLL@30C CPU@31.5C iwlwifi@32C PMIC@50C GPU@30.5C AO@41C thermal@31C POM_5V_IN 1689/1945 POM_5V_GPU 82/85 POM_5V_CPU 164/352
RAM 1398/3964MB (lfb 8x4MB) SWAP 758/6078MB (cached 38MB) IRAM 0/252kB(lfb 252kB) CPU [8%@921,11%@921,off,off] EMC_FREQ 0%@1600 GR3D_FREQ 0%@614 APE 25 PLL@30C CPU@31.5C iwlwifi@32C PMIC@50C GPU@30.5C AO@41.5C thermal@30.75C POM_5V_IN 2136/1945 POM_5V_GPU 82/85 POM_5V_CPU 533/352
RAM 1383/3964MB (lfb 8x4MB) SWAP 758/6078MB (cached 38MB) IRAM 0/252kB(lfb 252kB) CPU [7%@921,3%@921,off,off] EMC_FREQ 0%@1600 GR3D_FREQ 0%@614 APE 25 PLL@30C CPU@31.5C iwlwifi@32C PMIC@50C GPU@30.5C AO@41.5C thermal@30.75C POM_5V_IN 1689/1945 POM_5V_GPU 82/85 POM_5V_CPU 164/352
RAM 1383/3964MB (lfb 8x4MB) SWAP 758/6078MB (cached 38MB) IRAM 0/252kB(lfb 252kB) CPU [6%@921,8%@921,off,off] EMC_FREQ 0%@1600 GR3D_FREQ 0%@614 APE 25 PLL@30C CPU@32C iwlwifi@32C PMIC@50C GPU@30C AO@41C thermal@31C POM_5V_IN 2136/1945 POM_5V_GPU 82/85 POM_5V_CPU 574/352
RAM 1385/3964MB (lfb 8x4MB) SWAP 758/6078MB (cached 38MB) IRAM 0/252kB(lfb 252kB) CPU [7%@921,7%@921,off,off] EMC_FREQ 0%@1600 GR3D_FREQ 0%@614 APE 25 PLL@30C CPU@31.5C iwlwifi@32C PMIC@50C GPU@30.5C AO@41C thermal@30.75C POM_5V_IN 2174/1946 POM_5V_GPU 82/85 POM_5V_CPU 492/352
RAM 1389/3964MB (lfb 8x4MB) SWAP 758/6078MB (cached 38MB) IRAM 0/252kB(lfb 252kB) CPU [8%@921,7%@921,off,off] EMC_FREQ 0%@1600 GR3D_FREQ 0%@614 APE 25 PLL@30C CPU@32C iwlwifi@32C PMIC@50C GPU@30C AO@41.5C thermal@30.75C POM_5V_IN 2334/1946 POM_5V_GPU 81/85 POM_5V_CPU 573/352
RAM 1398/3964MB (lfb 8x4MB) SWAP 758/6078MB (cached 38MB) IRAM 0/252kB(lfb 252kB) CPU [6%@921,8%@921,off,off] EMC_FREQ 0%@1600 GR3D_FREQ 0%@614 APE 25 PLL@30.5C CPU@32C iwlwifi@32C PMIC@50C GPU@30.5C AO@41C thermal@31C POM_5V_IN 2215/1946 POM_5V_GPU 82/85 POM_5V_CPU 574/352
RAM 1396/3964MB (lfb 8x4MB) SWAP 758/6078MB (cached 38MB) IRAM 0/252kB(lfb 252kB) CPU [8%@921,6%@921,off,off] EMC_FREQ 0%@1600 GR3D_FREQ 0%@614 APE 25 PLL@30C CPU@31.5C iwlwifi@32C PMIC@50C GPU@30C AO@41C thermal@30.75C POM_5V_IN 1813/1946 POM_5V_GPU 82/85 POM_5V_CPU 205/352
RAM 1398/3964MB (lfb 8x4MB) SWAP 758/6078MB (cached 38MB) IRAM 0/252kB(lfb 252kB) CPU [5%@921,9%@921,off,off] EMC_FREQ 0%@1600 GR3D_FREQ 0%@614 APE 25 PLL@30C CPU@31.5C iwlwifi@32C PMIC@50C GPU@30C AO@41.5C thermal@30.75C POM_5V_IN 1731/1946 POM_5V_GPU 82/85 POM_5V_CPU 164/352
RAM 1393/3964MB (lfb 8x4MB) SWAP 758/6078MB (cached 38MB) IRAM 0/252kB(lfb 252kB) CPU [7%@921,6%@921,off,off] EMC_FREQ 0%@1600 GR3D_FREQ 0%@614 APE 25 PLL@30C CPU@31.5C iwlwifi@32C PMIC@50C GPU@30C AO@41C thermal@31C POM_5V_IN 1731/1946 POM_5V_GPU 82/85 POM_5V_CPU 164/352
RAM 1394/3964MB (lfb 8x4MB) SWAP 758/6078MB (cached 38MB) IRAM 0/252kB(lfb 252kB) CPU [8%@921,5%@921,off,off] EMC_FREQ 0%@1600 GR3D_FREQ 0%@614 APE 25 PLL@30C CPU@31.5C iwlwifi@32C PMIC@50C GPU@30C AO@41C thermal@30.5C POM_5V_IN 1689/1945 POM_5V_GPU 82/85 POM_5V_CPU 164/352
RAM 1398/3964MB (lfb 8x4MB) SWAP 758/6078MB (cached 38MB) IRAM 0/252kB(lfb 252kB) CPU [6%@921,8%@921,off,off] EMC_FREQ 0%@1600 GR3D_FREQ 0%@614 APE 25 PLL@30C CPU@31.5C iwlwifi@32C PMIC@50C GPU@30C AO@41.5C thermal@31C POM_5V_IN 1689/1945 POM_5V_GPU 82/85 POM_5V_CPU 164/352
RAM 1396/3964MB (lfb 8x4MB) SWAP 758/6078MB (cached 38MB) IRAM 0/252kB(lfb 252kB) CPU [7%@921,6%@921,off,off] EMC_FREQ 0%@1600 GR3D_FREQ 0%@614 APE 25 PLL@30C CPU@31.5C iwlwifi@32C PMIC@50C GPU@30C AO@41C thermal@30.75C POM_5V_IN 1689/1945 POM_5V_GPU 82/85 POM_5V_CPU 164/352
RAM 1381/3964MB (lfb 8x4MB) SWAP 758/6078MB (cached 38MB) IRAM 0/252kB(lfb 252kB) CPU [6%@921,4%@921,off,off] EMC_FREQ 0%@1600 GR3D_FREQ 0%@614 APE 25 PLL@30C CPU@31.5C iwlwifi@32C PMIC@50C GPU@30.5C AO@41C thermal@31C POM_5V_IN 1689/1945 POM_5V_GPU 82/85 POM_5V_CPU 164/352
RAM 1396/3964MB (lfb 8x4MB) SWAP 758/6078MB (cached 38MB) IRAM 0/252kB(lfb 252kB) CPU [7%@921,10%@921,off,off] EMC_FREQ 0%@1600 GR3D_FREQ 0%@614 APE 25 PLL@30C CPU@31.5C iwlwifi@32C PMIC@50C GPU@30C AO@41C thermal@30.75C POM_5V_IN 2334/1945 POM_5V_GPU 81/85 POM_5V_CPU 696/352
RAM 1386/3964MB (lfb 8x4MB) SWAP 758/6078MB (cached 38MB) IRAM 0/252kB(lfb 252kB) CPU [6%@921,5%@921,off,off] EMC_FREQ 0%@1600 GR3D_FREQ 0%@614 APE 25 PLL@30C CPU@31.5C iwlwifi@32C PMIC@50C GPU@30C AO@41.5C thermal@30.75C POM_5V_IN 1689/1945 POM_5V_GPU 82/85 POM_5V_CPU 164/352
RAM 1388/3964MB (lfb 8x4MB) SWAP 758/6078MB (cached 38MB) IRAM 0/252kB(lfb 252kB) CPU [9%@921,6%@921,off,off] EMC_FREQ 0%@1600 GR3D_FREQ 0%@614 APE 25 PLL@30C CPU@31.5C iwlwifi@32C PMIC@50C GPU@30C AO@41.5C thermal@30.75C POM_5V_IN 2174/1945 POM_5V_GPU 82/85 POM_5V_CPU 574/352
RAM 1399/3964MB (lfb 8x4MB) SWAP 758/6078MB (cached 38MB) IRAM 0/252kB(lfb 252kB) CPU [9%@921,5%@921,off,off] EMC_FREQ 0%@1600 GR3D_FREQ 0%@614 APE 25 PLL@30C CPU@31.5C iwlwifi@32C PMIC@50C GPU@30C AO@41.5C thermal@31C POM_5V_IN 2256/1945 POM_5V_GPU 82/85 POM_5V_CPU 573/352
RAM 1398/3964MB (lfb 8x4MB) SWAP 758/6078MB (cached 38MB) IRAM 0/252kB(lfb 252kB) CPU [9%@921,5%@921,off,off] EMC_FREQ 0%@1600 GR3D_FREQ 0%@614 APE 25 PLL@30C CPU@31.5C iwlwifi@32C PMIC@50C GPU@30C AO@41.5C thermal@30.75C POM_5V_IN 1934/1945 POM_5V_GPU 82/85 POM_5V_CPU 329/352
RAM 1396/3964MB (lfb 8x4MB) SWAP 758/6078MB (cached 38MB) IRAM 0/252kB(lfb 252kB) CPU [6%@921,7%@921,off,off] EMC_FREQ 0%@1600 GR3D_FREQ 0%@614 APE 25 PLL@29.5C CPU@31.5C iwlwifi@33C PMIC@50C GPU@30C AO@41C thermal@30.75C POM_5V_IN 1772/1945 POM_5V_GPU 82/85 POM_5V_CPU 206/352
RAM 1396/3964MB (lfb 8x4MB) SWAP 758/6078MB (cached 38MB) IRAM 0/252kB(lfb 252kB) CPU [8%@921,5%@921,off,off] EMC_FREQ 0%@1600 GR3D_FREQ 0%@614 APE 25 PLL@30C CPU@31.5C iwlwifi@32C PMIC@50C GPU@30C AO@41C thermal@30.75C POM_5V_IN 1772/1945 POM_5V_GPU 82/85 POM_5V_CPU 164/352
RAM 1396/3964MB (lfb 8x4MB) SWAP 758/6078MB (cached 38MB) IRAM 0/252kB(lfb 252kB) CPU [9%@921,5%@921,off,off] EMC_FREQ 0%@1600 GR3D_FREQ 0%@614 APE 25 PLL@30C CPU@31.5C iwlwifi@32C PMIC@50C GPU@30C AO@41.5C thermal@31C POM_5V_IN 1689/1945 POM_5V_GPU 82/85 POM_5V_CPU 164/352
RAM 1394/3964MB (lfb 8x4MB) SWAP 758/6078MB (cached 38MB) IRAM 0/252kB(lfb 252kB) CPU [7%@921,7%@921,off,off] EMC_FREQ 0%@1600 GR3D_FREQ 0%@614 APE 25 PLL@30C CPU@31.5C iwlwifi@32C PMIC@50C GPU@30C AO@41C thermal@31C POM_5V_IN 1689/1945 POM_5V_GPU 82/85 POM_5V_CPU 164/352
RAM 1377/3964MB (lfb 8x4MB) SWAP 758/6078MB (cached 38MB) IRAM 0/252kB(lfb 252kB) CPU [5%@921,4%@921,off,off] EMC_FREQ 0%@1600 GR3D_FREQ 0%@614 APE 25 PLL@30C CPU@31.5C iwlwifi@32C PMIC@50C GPU@29.5C AO@41.5C thermal@30.75C POM_5V_IN 1689/1945 POM_5V_GPU 82/85 POM_5V_CPU 164/352
RAM 1394/3964MB (lfb 8x4MB) SWAP 758/6078MB (cached 38MB) IRAM 0/252kB(lfb 252kB) CPU [9%@921,8%@921,off,off] EMC_FREQ 0%@1600 GR3D_FREQ 0%@614 APE 25 PLL@30.5C CPU@32C iwlwifi@32C PMIC@50C GPU@30C AO@41C thermal@30.75C POM_5V_IN 2095/1945 POM_5V_GPU 82/85 POM_5V_CPU 533/352
RAM 1381/3964MB (lfb 8x4MB) SWAP 758/6078MB (cached 38MB) IRAM 0/252kB(lfb 252kB) CPU [5%@921,5%@921,off,off] EMC_FREQ 0%@1600 GR3D_FREQ 0%@614 APE 25 PLL@29.5C CPU@31.5C iwlwifi@32C PMIC@50C GPU@30.5C AO@41C thermal@31C POM_5V_IN 1689/1945 POM_5V_GPU 82/85 POM_5V_CPU 164/352
RAM 1398/3964MB (lfb 8x4MB) SWAP 758/6078MB (cached 38MB) IRAM 0/252kB(lfb 252kB) CPU [8%@921,9%@921,off,off] EMC_FREQ 0%@1600 GR3D_FREQ 0%@614 APE 25 PLL@30C CPU@31.5C iwlwifi@32C PMIC@50C GPU@30C AO@41C thermal@30.5C POM_5V_IN 2136/1945 POM_5V_GPU 82/85 POM_5V_CPU 533/352
RAM 1385/3964MB (lfb 8x4MB) SWAP 758/6078MB (cached 38MB) IRAM 0/252kB(lfb 252kB) CPU [5%@921,7%@921,off,off] EMC_FREQ 0%@1600 GR3D_FREQ 0%@614 APE 25 PLL@29.5C CPU@31.5C iwlwifi@32C PMIC@50C GPU@30C AO@41.5C thermal@30.75C POM_5V_IN 1689/1945 POM_5V_GPU 82/85 POM_5V_CPU 164/352
RAM 1393/3964MB (lfb 8x4MB) SWAP 758/6078MB (cached 38MB) IRAM 0/252kB(lfb 252kB) CPU [8%@921,7%@921,off,off] EMC_FREQ 0%@1600 GR3D_FREQ 0%@614 APE 25 PLL@30C CPU@31.5C iwlwifi@32C PMIC@50C GPU@30.5C AO@41.5C thermal@30.75C POM_5V_IN 2297/1945 POM_5V_GPU 82/85 POM_5V_CPU 574/352
RAM 1402/3964MB (lfb 8x4MB) SWAP 758/6078MB (cached 38MB) IRAM 0/252kB(lfb 252kB) CPU [6%@921,7%@921,off,off] EMC_FREQ 0%@1600 GR3D_FREQ 0%@614 APE 25 PLL@30.5C CPU@31.5C iwlwifi@32C PMIC@50C GPU@30C AO@41C thermal@30.75C POM_5V_IN 2215/1945 POM_5V_GPU 82/85 POM_5V_CPU 574/352
RAM 1394/3964MB (lfb 8x4MB) SWAP 758/6078MB (cached 38MB) IRAM 0/252kB(lfb 252kB) CPU [8%@921,6%@921,off,off] EMC_FREQ 0%@1600 GR3D_FREQ 0%@614 APE 25 PLL@29.5C CPU@31.5C iwlwifi@32C PMIC@50C GPU@30C AO@41C thermal@30.5C POM_5V_IN 1851/1945 POM_5V_GPU 82/85 POM_5V_CPU 246/352
RAM 1397/3964MB (lfb 8x4MB) SWAP 758/6078MB (cached 38MB) IRAM 0/252kB(lfb 252kB) CPU [6%@921,7%@921,off,off] EMC_FREQ 0%@1600 GR3D_FREQ 0%@614 APE 25 PLL@29.5C CPU@31.5C iwlwifi@32C PMIC@50C GPU@30C AO@41C thermal@30.75C POM_5V_IN 1731/1945 POM_5V_GPU 82/85 POM_5V_CPU 164/352
RAM 1396/3964MB (lfb 8x4MB) SWAP 758/6078MB (cached 38MB) IRAM 0/252kB(lfb 252kB) CPU [8%@921,5%@921,off,off] EMC_FREQ 0%@1600 GR3D_FREQ 0%@614 APE 25 PLL@29.5C CPU@31.5C iwlwifi@32C PMIC@50C GPU@30C AO@41C thermal@30.75C POM_5V_IN 1731/1945 POM_5V_GPU 82/85 POM_5V_CPU 164/352
RAM 1394/3964MB (lfb 8x4MB) SWAP 758/6078MB (cached 38MB) IRAM 0/252kB(lfb 252kB) CPU [9%@921,5%@921,off,off] EMC_FREQ 0%@1600 GR3D_FREQ 0%@614 APE 25 PLL@29.5C CPU@31.5C iwlwifi@33C PMIC@50C GPU@30C AO@41C thermal@30.75C POM_5V_IN 1731/1945 POM_5V_GPU 82/85 POM_5V_CPU 164/352
RAM 1383/3964MB (lfb 8x4MB) SWAP 758/6078MB (cached 38MB) IRAM 0/252kB(lfb 252kB) CPU [7%@921,6%@921,off,off] EMC_FREQ 0%@1600 GR3D_FREQ 0%@614 APE 25 PLL@30C CPU@31.5C iwlwifi@34C PMIC@50C GPU@30C AO@41C thermal@30.75C POM_5V_IN 1728/1945 POM_5V_GPU 82/85 POM_5V_CPU 164/352
RAM 1385/3964MB (lfb 8x4MB) SWAP 758/6078MB (cached 38MB) IRAM 0/252kB(lfb 252kB) CPU [7%@921,7%@921,off,off] EMC_FREQ 0%@1600 GR3D_FREQ 0%@614 APE 25 PLL@30C CPU@31.5C iwlwifi@35C PMIC@50C GPU@30.5C AO@41C thermal@31C POM_5V_IN 2133/1945 POM_5V_GPU 82/85 POM_5V_CPU 574/352
RAM 1383/3964MB (lfb 8x4MB) SWAP 758/6078MB (cached 38MB) IRAM 0/252kB(lfb 252kB) CPU [10%@921,3%@921,off,off] EMC_FREQ 0%@1600 GR3D_FREQ 0%@614 APE 25 PLL@30C CPU@31.5C iwlwifi@33C PMIC@50C GPU@30.5C AO@41C thermal@31C POM_5V_IN 2170/1945 POM_5V_GPU 81/85 POM_5V_CPU 491/352
RAM 1372/3964MB (lfb 8x4MB) SWAP 758/6078MB (cached 38MB) IRAM 0/252kB(lfb 252kB) CPU [7%@921,6%@921,off,off] EMC_FREQ 0%@1600 GR3D_FREQ 0%@614 APE 25 PLL@30C CPU@31.5C iwlwifi@32C PMIC@50C GPU@30.5C AO@41C thermal@31C POM_5V_IN 2136/1945 POM_5V_GPU 82/85 POM_5V_CPU 533/352
RAM 1398/3964MB (lfb 8x4MB) SWAP 758/6078MB (cached 38MB) IRAM 0/252kB(lfb 252kB) CPU [10%@921,9%@921,off,off] EMC_FREQ 0%@1600 GR3D_FREQ 0%@614 APE 25 PLL@30C CPU@31.5C iwlwifi@32C PMIC@50C GPU@30C AO@41C thermal@30.75C POM_5V_IN 2095/1945 POM_5V_GPU 82/85 POM_5V_CPU 533/352
RAM 1398/3964MB (lfb 8x4MB) SWAP 758/6078MB (cached 38MB) IRAM 0/252kB(lfb 252kB) CPU [8%@921,6%@921,off,off] EMC_FREQ 0%@1600 GR3D_FREQ 0%@614 APE 25 PLL@29.5C CPU@31.5C iwlwifi@33C PMIC@50C GPU@30C AO@41C thermal@30.75C POM_5V_IN 1689/1945 POM_5V_GPU 82/85 POM_5V_CPU 164/352
RAM 1396/3964MB (lfb 8x4MB) SWAP 758/6078MB (cached 38MB) IRAM 0/252kB(lfb 252kB) CPU [5%@921,8%@921,off,off] EMC_FREQ 0%@1600 GR3D_FREQ 0%@614 APE 25 PLL@30C CPU@31.5C iwlwifi@32C PMIC@50C GPU@30.5C AO@41C thermal@31C POM_5V_IN 1689/1945 POM_5V_GPU 82/85 POM_5V_CPU 164/352
RAM 1380/3964MB (lfb 8x4MB) SWAP 758/6078MB (cached 38MB) IRAM 0/252kB(lfb 252kB) CPU [4%@921,6%@921,off,off] EMC_FREQ 0%@1600 GR3D_FREQ 0%@614 APE 25 PLL@30C CPU@31C iwlwifi@33C PMIC@50C GPU@30C AO@41C thermal@30.75C POM_5V_IN 1689/1945 POM_5V_GPU 82/85 POM_5V_CPU 164/352
RAM 1394/3964MB (lfb 8x4MB) SWAP 758/6078MB (cached 38MB) IRAM 0/252kB(lfb 252kB) CPU [9%@921,8%@921,off,off] EMC_FREQ 0%@1600 GR3D_FREQ 0%@614 APE 25 PLL@30C CPU@31.5C iwlwifi@32C PMIC@50C GPU@30C AO@41C thermal@30.75C POM_5V_IN 2136/1945 POM_5V_GPU 82/85 POM_5V_CPU 533/352
RAM 1383/3964MB (lfb 8x4MB) SWAP 758/6078MB (cached 38MB) IRAM 0/252kB(lfb 252kB) CPU [6%@921,5%@921,off,off] EMC_FREQ 0%@1600 GR3D_FREQ 0%@614 APE 25 PLL@30C CPU@31.5C iwlwifi@32C PMIC@50C GPU@30C AO@41C thermal@31C POM_5V_IN 1731/1945 POM_5V_GPU 82/85 POM_5V_CPU 164/352
RAM 1383/3964MB (lfb 8x4MB) SWAP 758/6078MB (cached 38MB) IRAM 0/252kB(lfb 252kB) CPU [8%@921,7%@921,off,off] EMC_FREQ 0%@1600 GR3D_FREQ 0%@614 APE 25 PLL@30C CPU@31.5C iwlwifi@32C PMIC@50C GPU@30C AO@41C thermal@30.75C POM_5V_IN 2174/1945 POM_5V_GPU 82/85 POM_5V_CPU 573/352
RAM 1386/3964MB (lfb 8x4MB) SWAP 758/6078MB (cached 38MB) IRAM 0/252kB(lfb 252kB) CPU [10%@921,3%@921,off,off] EMC_FREQ 0%@1600 GR3D_FREQ 0%@614 APE 25 PLL@30C CPU@31.5C iwlwifi@32C PMIC@50C GPU@30C AO@41.5C thermal@31C POM_5V_IN 2133/1945 POM_5V_GPU 82/85 POM_5V_CPU 451/352
RAM 1386/3964MB (lfb 8x4MB) SWAP 758/6078MB (cached 38MB) IRAM 0/252kB(lfb 252kB) CPU [6%@921,8%@921,off,off] EMC_FREQ 0%@1600 GR3D_FREQ 0%@614 APE 25 PLL@30C CPU@31.5C iwlwifi@32C PMIC@50C GPU@30.5C AO@41.5C thermal@30.75C POM_5V_IN 2297/1945 POM_5V_GPU 82/85 POM_5V_CPU 574/352
RAM 1399/3964MB (lfb 8x4MB) SWAP 758/6078MB (cached 38MB) IRAM 0/252kB(lfb 252kB) CPU [6%@921,8%@921,off,off] EMC_FREQ 0%@1600 GR3D_FREQ 0%@614 APE 25 PLL@30C CPU@32C iwlwifi@32C PMIC@50C GPU@30C AO@41C thermal@30.75C POM_5V_IN 2256/1945 POM_5V_GPU 82/85 POM_5V_CPU 574/352
RAM 1400/3964MB (lfb 8x4MB) SWAP 758/6078MB (cached 38MB) IRAM 0/252kB(lfb 252kB) CPU [7%@921,8%@921,off,off] EMC_FREQ 0%@1600 GR3D_FREQ 0%@614 APE 25 PLL@30C CPU@31.5C iwlwifi@32C PMIC@50C GPU@30C AO@41C thermal@30.75C POM_5V_IN 1975/1945 POM_5V_GPU 82/85 POM_5V_CPU 369/352
RAM 1396/3964MB (lfb 8x4MB) SWAP 758/6078MB (cached 38MB) IRAM 0/252kB(lfb 252kB) CPU [5%@921,8%@921,off,off] EMC_FREQ 0%@1600 GR3D_FREQ 0%@614 APE 25 PLL@29.5C CPU@31.5C iwlwifi@33C PMIC@50C GPU@30C AO@41C thermal@31C POM_5V_IN 1851/1945 POM_5V_GPU 82/85 POM_5V_CPU 288/352
RAM 1396/3964MB (lfb 8x4MB) SWAP 758/6078MB (cached 38MB) IRAM 0/252kB(lfb 252kB) CPU [7%@921,8%@921,off,off] EMC_FREQ 0%@1600 GR3D_FREQ 0%@614 APE 25 PLL@30C CPU@31.5C iwlwifi@32C PMIC@50C GPU@30C AO@41C thermal@30.5C POM_5V_IN 1731/1945 POM_5V_GPU 82/85 POM_5V_CPU 164/352
RAM 1396/3964MB (lfb 8x4MB) SWAP 758/6078MB (cached 38MB) IRAM 0/252kB(lfb 252kB) CPU [8%@921,6%@921,off,off] EMC_FREQ 0%@1600 GR3D_FREQ 0%@614 APE 25 PLL@30C CPU@31.5C iwlwifi@32C PMIC@50C GPU@30C AO@41C thermal@30.75C POM_5V_IN 1731/1945 POM_5V_GPU 82/85 POM_5V_CPU 164/352
RAM 1398/3964MB (lfb 8x4MB) SWAP 758/6078MB (cached 38MB) IRAM 0/252kB(lfb 252kB) CPU [7%@921,7%@921,off,off] EMC_FREQ 0%@1600 GR3D_FREQ 0%@614 APE 25 PLL@29.5C CPU@31.5C iwlwifi@32C PMIC@50C GPU@30C AO@41C thermal@30.75C POM_5V_IN 1689/1945 POM_5V_GPU 82/85 POM_5V_CPU 164/352
RAM 1399/3964MB (lfb 8x4MB) SWAP 758/6078MB (cached 38MB) IRAM 0/252kB(lfb 252kB) CPU [4%@921,6%@921,off,off] EMC_FREQ 0%@1600 GR3D_FREQ 0%@614 APE 25 PLL@29.5C CPU@31.5C iwlwifi@33C PMIC@50C GPU@30C AO@41C thermal@30.75C POM_5V_IN 1731/1945 POM_5V_GPU 82/85 POM_5V_CPU 164/352
RAM 1384/3964MB (lfb 8x4MB) SWAP 758/6078MB (cached 38MB) IRAM 0/252kB(lfb 252kB) CPU [8%@921,4%@921,off,off] EMC_FREQ 0%@1600 GR3D_FREQ 0%@614 APE 25 PLL@30C CPU@31.5C iwlwifi@32C PMIC@50C GPU@30C AO@41.5C thermal@30.75C POM_5V_IN 1731/1945 POM_5V_GPU 82/85 POM_5V_CPU 164/352
RAM 1384/3964MB (lfb 8x4MB) SWAP 758/6078MB (cached 38MB) IRAM 0/252kB(lfb 252kB) CPU [6%@921,8%@921,off,off] EMC_FREQ 0%@1600 GR3D_FREQ 0%@614 APE 25 PLL@30C CPU@31.5C iwlwifi@33C PMIC@50C GPU@30C AO@41.5C thermal@31C POM_5V_IN 2133/1945 POM_5V_GPU 82/85 POM_5V_CPU 533/352
RAM 1387/3964MB (lfb 8x4MB) SWAP 758/6078MB (cached 38MB) IRAM 0/252kB(lfb 252kB) CPU [5%@921,10%@921,off,off] EMC_FREQ 0%@1600 GR3D_FREQ 0%@614 APE 25 PLL@30C CPU@31.5C iwlwifi@34C PMIC@50C GPU@30C AO@41C thermal@30.75C POM_5V_IN 2174/1945 POM_5V_GPU 82/85 POM_5V_CPU 574/352
RAM 1383/3964MB (lfb 8x4MB) SWAP 758/6078MB (cached 38MB) IRAM 0/252kB(lfb 252kB) CPU [6%@921,6%@921,off,off] EMC_FREQ 0%@1600 GR3D_FREQ 0%@614 APE 25 PLL@30C CPU@31.5C iwlwifi@32C PMIC@50C GPU@30.5C AO@41C thermal@31C POM_5V_IN 2252/1945 POM_5V_GPU 81/85 POM_5V_CPU 573/352
RAM 1385/3964MB (lfb 8x4MB) SWAP 758/6078MB (cached 38MB) IRAM 0/252kB(lfb 252kB) CPU [8%@921,6%@921,off,off] EMC_FREQ 0%@1600 GR3D_FREQ 0%@614 APE 25 PLL@30C CPU@32C iwlwifi@32C PMIC@50C GPU@30.5C AO@41.5C thermal@30.75C POM_5V_IN 2136/1945 POM_5V_GPU 82/85 POM_5V_CPU 533/352
RAM 1385/3964MB (lfb 8x4MB) SWAP 758/6078MB (cached 38MB) IRAM 0/252kB(lfb 252kB) CPU [7%@921,8%@921,off,off] EMC_FREQ 0%@1600 GR3D_FREQ 0%@614 APE 25 PLL@30C CPU@32C iwlwifi@32C PMIC@50C GPU@30C AO@41.5C thermal@31C POM_5V_IN 2174/1945 POM_5V_GPU 82/85 POM_5V_CPU 533/352
RAM 1391/3964MB (lfb 8x4MB) SWAP 758/6078MB (cached 38MB) IRAM 0/252kB(lfb 252kB) CPU [8%@921,7%@921,off,off] EMC_FREQ 0%@1600 GR3D_FREQ 0%@614 APE 25 PLL@30C CPU@31.5C iwlwifi@32C PMIC@50C GPU@30C AO@41.5C thermal@30.75C POM_5V_IN 2290/1945 POM_5V_GPU 81/85 POM_5V_CPU 573/352
RAM 1390/3964MB (lfb 8x4MB) SWAP 758/6078MB (cached 38MB) IRAM 0/252kB(lfb 252kB) CPU [5%@921,9%@921,off,off] EMC_FREQ 0%@1600 GR3D_FREQ 0%@614 APE 25 PLL@30C CPU@31.5C iwlwifi@32C PMIC@50C GPU@30C AO@41.5C thermal@31C POM_5V_IN 2215/1945 POM_5V_GPU 82/85 POM_5V_CPU 574/352
RAM 1397/3964MB (lfb 8x4MB) SWAP 758/6078MB (cached 38MB) IRAM 0/252kB(lfb 252kB) CPU [6%@921,8%@921,off,off] EMC_FREQ 0%@1600 GR3D_FREQ 0%@614 APE 25 PLL@30.5C CPU@32C iwlwifi@32C PMIC@50C GPU@30C AO@41C thermal@30.75C POM_5V_IN 2297/1946 POM_5V_GPU 81/85 POM_5V_CPU 573/352
RAM 1390/3964MB (lfb 8x4MB) SWAP 758/6078MB (cached 38MB) IRAM 0/252kB(lfb 252kB) CPU [7%@921,6%@921,off,off] EMC_FREQ 0%@1600 GR3D_FREQ 0%@614 APE 25 PLL@30C CPU@32C iwlwifi@33C PMIC@50C GPU@30C AO@41.5C thermal@31C POM_5V_IN 1731/1945 POM_5V_GPU 82/85 POM_5V_CPU 164/352
RAM 1371/3964MB (lfb 8x4MB) SWAP 758/6078MB (cached 38MB) IRAM 0/252kB(lfb 252kB) CPU [4%@921,7%@921,off,off] EMC_FREQ 0%@1600 GR3D_FREQ 0%@614 APE 25 PLL@30C CPU@32C iwlwifi@33C PMIC@50C GPU@30C AO@41C thermal@31C POM_5V_IN 2334/1946 POM_5V_GPU 81/85 POM_5V_CPU 573/352
RAM 1398/3964MB (lfb 8x4MB) SWAP 758/6078MB (cached 38MB) IRAM 0/252kB(lfb 252kB) CPU [10%@921,10%@921,off,off] EMC_FREQ 0%@1600 GR3D_FREQ 0%@614 APE 25 PLL@29.5C CPU@31.5C iwlwifi@32C PMIC@50C GPU@30C AO@41.5C thermal@31C POM_5V_IN 2092/1946 POM_5V_GPU 82/85 POM_5V_CPU 492/352
RAM 1393/3964MB (lfb 8x4MB) SWAP 758/6078MB (cached 38MB) IRAM 0/252kB(lfb 252kB) CPU [9%@921,4%@921,off,off] EMC_FREQ 0%@1600 GR3D_FREQ 0%@614 APE 25 PLL@29.5C CPU@31.5C iwlwifi@33C PMIC@50C GPU@30C AO@41C thermal@30.75C POM_5V_IN 1689/1946 POM_5V_GPU 82/85 POM_5V_CPU 164/352
RAM 1378/3964MB (lfb 8x4MB) SWAP 758/6078MB (cached 38MB) IRAM 0/252kB(lfb 252kB) CPU [6%@921,3%@921,off,off] EMC_FREQ 0%@1600 GR3D_FREQ 0%@614 APE 25 PLL@30C CPU@31.5C iwlwifi@34C PMIC@50C GPU@30C AO@40.5C thermal@30.75C POM_5V_IN 1689/1945 POM_5V_GPU 82/85 POM_5V_CPU 164/352
RAM 1398/3964MB (lfb 8x4MB) SWAP 758/6078MB (cached 38MB) IRAM 0/252kB(lfb 252kB) CPU [6%@921,11%@921,off,off] EMC_FREQ 0%@1600 GR3D_FREQ 0%@614 APE 25 PLL@30C CPU@31.5C iwlwifi@32C PMIC@50C GPU@30.5C AO@40.5C thermal@30.75C POM_5V_IN 2133/1946 POM_5V_GPU 82/85 POM_5V_CPU 533/352
RAM 1398/3964MB (lfb 8x4MB) SWAP 758/6078MB (cached 38MB) IRAM 0/252kB(lfb 252kB) CPU [5%@921,7%@921,off,off] EMC_FREQ 0%@1600 GR3D_FREQ 0%@614 APE 25 PLL@30C CPU@31.5C iwlwifi@34C PMIC@50C GPU@30.5C AO@41C thermal@30.75C POM_5V_IN 1689/1945 POM_5V_GPU 82/85 POM_5V_CPU 164/352
RAM 1379/3964MB (lfb 8x4MB) SWAP 758/6078MB (cached 38MB) IRAM 0/252kB(lfb 252kB) CPU [7%@921,4%@921,off,off] EMC_FREQ 0%@1600 GR3D_FREQ 0%@614 APE 25 PLL@30C CPU@31.5C iwlwifi@33C PMIC@50C GPU@30C AO@41.5C thermal@30.5C POM_5V_IN 1687/1945 POM_5V_GPU 82/85 POM_5V_CPU 164/352
RAM 1394/3964MB (lfb 8x4MB) SWAP 758/6078MB (cached 38MB) IRAM 0/252kB(lfb 252kB) CPU [12%@921,6%@921,off,off] EMC_FREQ 0%@1600 GR3D_FREQ 0%@614 APE 25 PLL@30C CPU@31.5C iwlwifi@34C PMIC@50C GPU@30.5C AO@41C thermal@30.75C POM_5V_IN 2133/1945 POM_5V_GPU 82/85 POM_5V_CPU 533/352
RAM 1380/3964MB (lfb 8x4MB) SWAP 758/6078MB (cached 38MB) IRAM 0/252kB(lfb 252kB) CPU [5%@921,5%@921,off,off] EMC_FREQ 0%@1600 GR3D_FREQ 0%@614 APE 25 PLL@29.5C CPU@32C iwlwifi@33C PMIC@50C GPU@30.5C AO@41C thermal@31C POM_5V_IN 1687/1945 POM_5V_GPU 82/85 POM_5V_CPU 164/352
RAM 1398/3964MB (lfb 8x4MB) SWAP 758/6078MB (cached 38MB) IRAM 0/252kB(lfb 252kB) CPU [9%@921,10%@921,off,off] EMC_FREQ 0%@1600 GR3D_FREQ 0%@614 APE 25 PLL@30C CPU@32C iwlwifi@33C PMIC@50C GPU@30C AO@41C thermal@30.75C POM_5V_IN 2136/1945 POM_5V_GPU 82/85 POM_5V_CPU 533/352
RAM 1385/3964MB (lfb 8x4MB) SWAP 758/6078MB (cached 38MB) IRAM 0/252kB(lfb 252kB) CPU [6%@921,6%@921,off,off] EMC_FREQ 0%@1600 GR3D_FREQ 0%@614 APE 25 PLL@30C CPU@31.5C iwlwifi@33C PMIC@50C GPU@30C AO@41.5C thermal@30.75C POM_5V_IN 1689/1945 POM_5V_GPU 82/85 POM_5V_CPU 164/352
RAM 1401/3964MB (lfb 7x4MB) SWAP 758/6078MB (cached 38MB) IRAM 0/252kB(lfb 252kB) CPU [7%@921,7%@921,off,off] EMC_FREQ 0%@1600 GR3D_FREQ 0%@614 APE 25 PLL@30C CPU@31.5C iwlwifi@33C PMIC@50C GPU@30C AO@41C thermal@31C POM_5V_IN 2174/1945 POM_5V_GPU 82/85 POM_5V_CPU 492/352
