RAM 3382/3964MB (lfb 2x4MB) SWAP 577/6078MB (cached 7MB) IRAM 0/252kB(lfb 252kB) CPU [11%@921,1%@921,off,off] EMC_FREQ 0%@1600 GR3D_FREQ 0%@614 APE 25 PLL@30.5C CPU@32.5C iwlwifi@33C PMIC@50C GPU@31C AO@42C thermal@31.75C POM_5V_IN 1731/1731 POM_5V_GPU 82/82 POM_5V_CPU 164/164
RAM 3382/3964MB (lfb 2x4MB) SWAP 577/6078MB (cached 7MB) IRAM 0/252kB(lfb 252kB) CPU [6%@921,4%@921,off,off] EMC_FREQ 0%@1600 GR3D_FREQ 0%@614 APE 25 PLL@31C CPU@32.5C iwlwifi@33C PMIC@50C GPU@31C AO@41.5C thermal@32C POM_5V_IN 1731/1731 POM_5V_GPU 82/82 POM_5V_CPU 164/164
RAM 3382/3964MB (lfb 2x4MB) SWAP 577/6078MB (cached 7MB) IRAM 0/252kB(lfb 252kB) CPU [9%@921,2%@921,off,off] EMC_FREQ 0%@1600 GR3D_FREQ 0%@614 APE 25 PLL@31C CPU@32.5C iwlwifi@33C PMIC@50C GPU@31C AO@42C thermal@31.75C POM_5V_IN 1731/1731 POM_5V_GPU 82/82 POM_5V_CPU 164/164
RAM 3382/3964MB (lfb 2x4MB) SWAP 577/6078MB (cached 7MB) IRAM 0/252kB(lfb 252kB) CPU [7%@921,4%@921,off,off] EMC_FREQ 0%@1600 GR3D_FREQ 0%@614 APE 25 PLL@31C CPU@32.5C iwlwifi@33C PMIC@50C GPU@31C AO@42C thermal@31.75C POM_5V_IN 1728/1730 POM_5V_GPU 82/82 POM_5V_CPU 164/164
RAM 3382/3964MB (lfb 2x4MB) SWAP 577/6078MB (cached 7MB) IRAM 0/252kB(lfb 252kB) CPU [5%@921,5%@921,off,off] EMC_FREQ 0%@1600 GR3D_FREQ 0%@614 APE 25 PLL@31C CPU@32.5C iwlwifi@33C PMIC@50C GPU@31C AO@42C thermal@31.75C POM_5V_IN 1731/1730 POM_5V_GPU 82/82 POM_5V_CPU 164/164
RAM 3382/3964MB (lfb 2x4MB) SWAP 577/6078MB (cached 7MB) IRAM 0/252kB(lfb 252kB) CPU [5%@921,5%@921,off,off] EMC_FREQ 0%@1600 GR3D_FREQ 0%@614 APE 25 PLL@31C CPU@32.5C iwlwifi@33C PMIC@50C GPU@31C AO@42C thermal@31.5C POM_5V_IN 1731/1730 POM_5V_GPU 82/82 POM_5V_CPU 164/164
RAM 3382/3964MB (lfb 2x4MB) SWAP 577/6078MB (cached 7MB) IRAM 0/252kB(lfb 252kB) CPU [6%@921,4%@921,off,off] EMC_FREQ 0%@1600 GR3D_FREQ 0%@614 APE 25 PLL@30.5C CPU@32C iwlwifi@33C PMIC@50C GPU@31C AO@41.5C thermal@31.75C POM_5V_IN 1810/1741 POM_5V_GPU 82/82 POM_5V_CPU 164/164
RAM 3382/3964MB (lfb 2x4MB) SWAP 577/6078MB (cached 7MB) IRAM 0/252kB(lfb 252kB) CPU [9%@921,2%@921,off,off] EMC_FREQ 0%@1600 GR3D_FREQ 0%@614 APE 25 PLL@30.5C CPU@32C iwlwifi@33C PMIC@50C GPU@31C AO@42C thermal@31.5C POM_5V_IN 1810/1750 POM_5V_GPU 82/82 POM_5V_CPU 246/174
RAM 3382/3964MB (lfb 2x4MB) SWAP 577/6078MB (cached 7MB) IRAM 0/252kB(lfb 252kB) CPU [6%@921,5%@921,off,off] EMC_FREQ 0%@1600 GR3D_FREQ 0%@614 APE 25 PLL@31C CPU@32.5C iwlwifi@32C PMIC@50C GPU@31C AO@42C thermal@32C POM_5V_IN 1728/1747 POM_5V_GPU 82/82 POM_5V_CPU 164/173
RAM 3382/3964MB (lfb 2x4MB) SWAP 577/6078MB (cached 7MB) IRAM 0/252kB(lfb 252kB) CPU [7%@921,3%@921,off,off] EMC_FREQ 0%@1600 GR3D_FREQ 0%@614 APE 25 PLL@30.5C CPU@32.5C iwlwifi@32C PMIC@50C GPU@31C AO@41.5C thermal@31.5C POM_5V_IN 1731/1746 POM_5V_GPU 82/82 POM_5V_CPU 164/172
RAM 3388/3964MB (lfb 2x4MB) SWAP 577/6078MB (cached 7MB) IRAM 0/252kB(lfb 252kB) CPU [8%@921,18%@921,off,off] EMC_FREQ 0%@1600 GR3D_FREQ 0%@614 APE 25 PLL@30.5C CPU@32.5C iwlwifi@33C PMIC@50C GPU@31C AO@42C thermal@31.75C POM_5V_IN 1731/1744 POM_5V_GPU 82/82 POM_5V_CPU 164/171
RAM 3387/3964MB (lfb 2x4MB) SWAP 577/6078MB (cached 7MB) IRAM 0/252kB(lfb 252kB) CPU [9%@921,7%@921,off,off] EMC_FREQ 0%@1600 GR3D_FREQ 0%@614 APE 25 PLL@30.5C CPU@32C iwlwifi@34C PMIC@50C GPU@31C AO@41.5C thermal@31.5C POM_5V_IN 1731/1743 POM_5V_GPU 82/82 POM_5V_CPU 164/170
RAM 3387/3964MB (lfb 2x4MB) SWAP 577/6078MB (cached 7MB) IRAM 0/252kB(lfb 252kB) CPU [5%@921,5%@921,off,off] EMC_FREQ 0%@1600 GR3D_FREQ 0%@614 APE 25 PLL@30.5C CPU@32C iwlwifi@33C PMIC@50C GPU@30.5C AO@41.5C thermal@31.75C POM_5V_IN 1731/1742 POM_5V_GPU 82/82 POM_5V_CPU 164/170
RAM 3388/3964MB (lfb 2x4MB) SWAP 577/6078MB (cached 7MB) IRAM 0/252kB(lfb 252kB) CPU [3%@921,6%@921,off,off] EMC_FREQ 0%@1600 GR3D_FREQ 0%@614 APE 25 PLL@30.5C CPU@32.5C iwlwifi@33C PMIC@50C GPU@31C AO@42C thermal@31.25C POM_5V_IN 1731/1741 POM_5V_GPU 82/82 POM_5V_CPU 164/169
RAM 3387/3964MB (lfb 2x4MB) SWAP 577/6078MB (cached 7MB) IRAM 0/252kB(lfb 252kB) CPU [8%@921,4%@921,off,off] EMC_FREQ 0%@1600 GR3D_FREQ 0%@614 APE 25 PLL@30.5C CPU@32.5C iwlwifi@33C PMIC@50C GPU@31C AO@42C thermal@31.75C POM_5V_IN 1731/1741 POM_5V_GPU 82/82 POM_5V_CPU 164/169
RAM 3387/3964MB (lfb 2x4MB) SWAP 577/6078MB (cached 7MB) IRAM 0/252kB(lfb 252kB) CPU [6%@921,5%@921,off,off] EMC_FREQ 0%@1600 GR3D_FREQ 0%@614 APE 25 PLL@30.5C CPU@32.5C iwlwifi@33C PMIC@50C GPU@31C AO@42C thermal@31.75C POM_5V_IN 1728/1740 POM_5V_GPU 82/82 POM_5V_CPU 164/169
RAM 3387/3964MB (lfb 2x4MB) SWAP 577/6078MB (cached 7MB) IRAM 0/252kB(lfb 252kB) CPU [5%@921,5%@921,off,off] EMC_FREQ 0%@1600 GR3D_FREQ 0%@614 APE 25 PLL@30.5C CPU@32.5C iwlwifi@33C PMIC@50C GPU@30.5C AO@42C thermal@31.75C POM_5V_IN 1728/1739 POM_5V_GPU 82/82 POM_5V_CPU 164/168
RAM 3387/3964MB (lfb 2x4MB) SWAP 577/6078MB (cached 7MB) IRAM 0/252kB(lfb 252kB) CPU [5%@921,6%@921,off,off] EMC_FREQ 0%@1600 GR3D_FREQ 0%@614 APE 25 PLL@30.5C CPU@32C iwlwifi@32C PMIC@50C GPU@31C AO@42C thermal@31.75C POM_5V_IN 1731/1739 POM_5V_GPU 82/82 POM_5V_CPU 164/168
RAM 3388/3964MB (lfb 2x4MB) SWAP 577/6078MB (cached 7MB) IRAM 0/252kB(lfb 252kB) CPU [5%@921,4%@921,off,off] EMC_FREQ 0%@1600 GR3D_FREQ 0%@614 APE 25 PLL@30.5C CPU@32C iwlwifi@33C PMIC@50C GPU@30.5C AO@41.5C thermal@31.5C POM_5V_IN 1731/1738 POM_5V_GPU 82/82 POM_5V_CPU 164/168
RAM 3387/3964MB (lfb 2x4MB) SWAP 577/6078MB (cached 7MB) IRAM 0/252kB(lfb 252kB) CPU [8%@921,3%@921,off,off] EMC_FREQ 0%@1600 GR3D_FREQ 0%@614 APE 25 PLL@30.5C CPU@32.5C iwlwifi@32C PMIC@50C GPU@30.5C AO@42C thermal@31.5C POM_5V_IN 1731/1738 POM_5V_GPU 82/82 POM_5V_CPU 164/168
RAM 3387/3964MB (lfb 2x4MB) SWAP 577/6078MB (cached 7MB) IRAM 0/252kB(lfb 252kB) CPU [7%@921,2%@921,off,off] EMC_FREQ 0%@1600 GR3D_FREQ 0%@614 APE 25 PLL@30.5C CPU@32.5C iwlwifi@33C PMIC@50C GPU@30.5C AO@42C thermal@31.5C POM_5V_IN 1689/1735 POM_5V_GPU 82/82 POM_5V_CPU 164/167
RAM 3388/3964MB (lfb 2x4MB) SWAP 577/6078MB (cached 7MB) IRAM 0/252kB(lfb 252kB) CPU [13%@921,7%@921,off,off] EMC_FREQ 0%@1600 GR3D_FREQ 0%@614 APE 25 PLL@30.5C CPU@32.5C iwlwifi@33C PMIC@50C GPU@30.5C AO@42C thermal@31.5C POM_5V_IN 1689/1733 POM_5V_GPU 82/82 POM_5V_CPU 164/167
RAM 3388/3964MB (lfb 2x4MB) SWAP 577/6078MB (cached 7MB) IRAM 0/252kB(lfb 252kB) CPU [8%@921,6%@921,off,off] EMC_FREQ 0%@1600 GR3D_FREQ 0%@614 APE 25 PLL@30.5C CPU@32C iwlwifi@33C PMIC@50C GPU@30.5C AO@41.5C thermal@31.75C POM_5V_IN 1731/1733 POM_5V_GPU 82/82 POM_5V_CPU 164/167
RAM 3388/3964MB (lfb 2x4MB) SWAP 577/6078MB (cached 7MB) IRAM 0/252kB(lfb 252kB) CPU [6%@921,5%@921,off,off] EMC_FREQ 0%@1600 GR3D_FREQ 0%@614 APE 25 PLL@30.5C CPU@32.5C iwlwifi@32C PMIC@50C GPU@31C AO@41.5C thermal@31.5C POM_5V_IN 1689/1731 POM_5V_GPU 82/82 POM_5V_CPU 164/167
RAM 3387/3964MB (lfb 2x4MB) SWAP 577/6078MB (cached 7MB) IRAM 0/252kB(lfb 252kB) CPU [4%@921,8%@921,off,off] EMC_FREQ 0%@1600 GR3D_FREQ 0%@614 APE 25 PLL@30.5C CPU@32C iwlwifi@33C PMIC@50C GPU@30.5C AO@42C thermal@31.25C POM_5V_IN 1731/1731 POM_5V_GPU 82/82 POM_5V_CPU 164/167
RAM 3387/3964MB (lfb 2x4MB) SWAP 577/6078MB (cached 7MB) IRAM 0/252kB(lfb 252kB) CPU [5%@921,6%@921,off,off] EMC_FREQ 0%@1600 GR3D_FREQ 0%@614 APE 25 PLL@30.5C CPU@32.5C iwlwifi@32C PMIC@50C GPU@30.5C AO@41.5C thermal@31.25C POM_5V_IN 1728/1731 POM_5V_GPU 82/82 POM_5V_CPU 164/167
RAM 3387/3964MB (lfb 2x4MB) SWAP 577/6078MB (cached 7MB) IRAM 0/252kB(lfb 252kB) CPU [3%@921,6%@921,off,off] EMC_FREQ 0%@1600 GR3D_FREQ 0%@614 APE 25 PLL@30.5C CPU@32.5C iwlwifi@33C PMIC@50C GPU@30.5C AO@41.5C thermal@31.5C POM_5V_IN 1689/1730 POM_5V_GPU 82/82 POM_5V_CPU 164/167
RAM 3387/3964MB (lfb 2x4MB) SWAP 577/6078MB (cached 7MB) IRAM 0/252kB(lfb 252kB) CPU [5%@921,6%@921,off,off] EMC_FREQ 0%@1600 GR3D_FREQ 0%@614 APE 25 PLL@30.5C CPU@32.5C iwlwifi@32C PMIC@50C GPU@30.5C AO@41.5C thermal@31.25C POM_5V_IN 1731/1730 POM_5V_GPU 82/82 POM_5V_CPU 164/166
RAM 3387/3964MB (lfb 2x4MB) SWAP 577/6078MB (cached 7MB) IRAM 0/252kB(lfb 252kB) CPU [3%@921,6%@921,off,off] EMC_FREQ 0%@1600 GR3D_FREQ 0%@614 APE 25 PLL@30.5C CPU@32C iwlwifi@32C PMIC@50C GPU@30.5C AO@41.5C thermal@31.5C POM_5V_IN 1731/1730 POM_5V_GPU 82/82 POM_5V_CPU 164/166
RAM 3387/3964MB (lfb 2x4MB) SWAP 577/6078MB (cached 7MB) IRAM 0/252kB(lfb 252kB) CPU [5%@921,6%@921,off,off] EMC_FREQ 0%@1600 GR3D_FREQ 0%@614 APE 25 PLL@30.5C CPU@32C iwlwifi@33C PMIC@50C GPU@30.5C AO@41.5C thermal@31.25C POM_5V_IN 1772/1731 POM_5V_GPU 82/82 POM_5V_CPU 164/166
RAM 3387/3964MB (lfb 2x4MB) SWAP 577/6078MB (cached 7MB) IRAM 0/252kB(lfb 252kB) CPU [7%@921,3%@921,off,off] EMC_FREQ 0%@1600 GR3D_FREQ 0%@614 APE 25 PLL@30.5C CPU@32C iwlwifi@32C PMIC@50C GPU@30C AO@41.5C thermal@31.25C POM_5V_IN 1972/1739 POM_5V_GPU 82/82 POM_5V_CPU 369/173
RAM 3387/3964MB (lfb 2x4MB) SWAP 577/6078MB (cached 7MB) IRAM 0/252kB(lfb 252kB) CPU [7%@921,3%@921,off,off] EMC_FREQ 0%@1600 GR3D_FREQ 0%@614 APE 25 PLL@30.5C CPU@32C iwlwifi@32C PMIC@50C GPU@30.5C AO@41C thermal@31.5C POM_5V_IN 1728/1738 POM_5V_GPU 82/82 POM_5V_CPU 164/172
RAM 3389/3964MB (lfb 2x4MB) SWAP 577/6078MB (cached 7MB) IRAM 0/252kB(lfb 252kB) CPU [11%@921,7%@921,off,off] EMC_FREQ 0%@1600 GR3D_FREQ 0%@614 APE 25 PLL@30.5C CPU@32C iwlwifi@33C PMIC@50C GPU@30.5C AO@41.5C thermal@31.75C POM_5V_IN 1731/1738 POM_5V_GPU 82/82 POM_5V_CPU 164/172
RAM 3388/3964MB (lfb 2x4MB) SWAP 577/6078MB (cached 7MB) IRAM 0/252kB(lfb 252kB) CPU [6%@921,9%@921,off,off] EMC_FREQ 0%@1600 GR3D_FREQ 0%@614 APE 25 PLL@30.5C CPU@32C iwlwifi@32C PMIC@50C GPU@30.5C AO@41.5C thermal@31.25C POM_5V_IN 1687/1737 POM_5V_GPU 82/82 POM_5V_CPU 164/172
RAM 3387/3964MB (lfb 2x4MB) SWAP 577/6078MB (cached 7MB) IRAM 0/252kB(lfb 252kB) CPU [7%@921,3%@921,off,off] EMC_FREQ 0%@1600 GR3D_FREQ 0%@614 APE 25 PLL@30.5C CPU@32.5C iwlwifi@32C PMIC@50C GPU@30.5C AO@42C thermal@31.25C POM_5V_IN 2252/1751 POM_5V_GPU 81/81 POM_5V_CPU 573/183
RAM 3387/3964MB (lfb 2x4MB) SWAP 577/6078MB (cached 7MB) IRAM 0/252kB(lfb 252kB) CPU [4%@921,6%@921,off,off] EMC_FREQ 0%@1600 GR3D_FREQ 0%@614 APE 25 PLL@30.5C CPU@32.5C iwlwifi@33C PMIC@50C GPU@30.5C AO@41.5C thermal@31.25C POM_5V_IN 2371/1769 POM_5V_GPU 81/81 POM_5V_CPU 572/194
RAM 3388/3964MB (lfb 2x4MB) SWAP 577/6078MB (cached 7MB) IRAM 0/252kB(lfb 252kB) CPU [5%@921,4%@921,off,off] EMC_FREQ 0%@1600 GR3D_FREQ 0%@614 APE 25 PLL@30.5C CPU@32C iwlwifi@33C PMIC@50C GPU@30.5C AO@41.5C thermal@31.25C POM_5V_IN 2290/1783 POM_5V_GPU 81/81 POM_5V_CPU 572/204
RAM 3391/3964MB (lfb 2x4MB) SWAP 577/6078MB (cached 7MB) IRAM 0/252kB(lfb 252kB) CPU [5%@921,6%@921,off,off] EMC_FREQ 0%@1600 GR3D_FREQ 0%@614 APE 25 PLL@30C CPU@32.5C iwlwifi@33C PMIC@50C GPU@30C AO@41.5C thermal@31.5C POM_5V_IN 2371/1798 POM_5V_GPU 81/81 POM_5V_CPU 490/212
RAM 3391/3964MB (lfb 2x4MB) SWAP 577/6078MB (cached 7MB) IRAM 0/252kB(lfb 252kB) CPU [7%@921,2%@921,off,off] EMC_FREQ 0%@1600 GR3D_FREQ 0%@614 APE 25 PLL@30C CPU@32C iwlwifi@32C PMIC@50C GPU@30.5C AO@41.5C thermal@31.25C POM_5V_IN 2208/1809 POM_5V_GPU 81/81 POM_5V_CPU 572/221
RAM 3392/3964MB (lfb 2x4MB) SWAP 577/6078MB (cached 7MB) IRAM 0/252kB(lfb 252kB) CPU [5%@921,6%@921,off,off] EMC_FREQ 0%@1600 GR3D_FREQ 0%@614 APE 25 PLL@30.5C CPU@32C iwlwifi@32C PMIC@50C GPU@30.5C AO@41.5C thermal@31.25C POM_5V_IN 2409/1824 POM_5V_GPU 81/81 POM_5V_CPU 734/234
RAM 3388/3964MB (lfb 2x4MB) SWAP 577/6078MB (cached 7MB) IRAM 0/252kB(lfb 252kB) CPU [3%@921,5%@921,off,off] EMC_FREQ 0%@1600 GR3D_FREQ 0%@614 APE 25 PLL@30.5C CPU@32.5C iwlwifi@32C PMIC@50C GPU@30.5C AO@41.5C thermal@31.25C POM_5V_IN 2211/1833 POM_5V_GPU 81/81 POM_5V_CPU 573/242
RAM 3391/3964MB (lfb 2x4MB) SWAP 577/6078MB (cached 7MB) IRAM 0/252kB(lfb 252kB) CPU [8%@921,4%@921,off,off] EMC_FREQ 0%@1600 GR3D_FREQ 0%@614 APE 25 PLL@30.5C CPU@32C iwlwifi@32C PMIC@50C GPU@30.5C AO@41.5C thermal@31.25C POM_5V_IN 2371/1846 POM_5V_GPU 81/81 POM_5V_CPU 531/249
RAM 3392/3964MB (lfb 2x4MB) SWAP 577/6078MB (cached 7MB) IRAM 0/252kB(lfb 252kB) CPU [5%@921,4%@921,off,off] EMC_FREQ 0%@1600 GR3D_FREQ 0%@614 APE 25 PLL@30C CPU@32C iwlwifi@33C PMIC@50C GPU@30.5C AO@41.5C thermal@31.25C POM_5V_IN 1810/1845 POM_5V_GPU 82/81 POM_5V_CPU 246/249
RAM 3397/3964MB (lfb 2x4MB) SWAP 577/6078MB (cached 7MB) IRAM 0/252kB(lfb 252kB) CPU [13%@921,8%@921,off,off] EMC_FREQ 0%@1600 GR3D_FREQ 0%@614 APE 25 PLL@30C CPU@32C iwlwifi@32C PMIC@50C GPU@30.5C AO@42C thermal@31.5C POM_5V_IN 1810/1844 POM_5V_GPU 82/81 POM_5V_CPU 246/249
RAM 3388/3964MB (lfb 2x4MB) SWAP 577/6078MB (cached 7MB) IRAM 0/252kB(lfb 252kB) CPU [5%@921,6%@921,off,off] EMC_FREQ 0%@1600 GR3D_FREQ 0%@614 APE 25 PLL@30.5C CPU@32C iwlwifi@33C PMIC@50C GPU@30C AO@41.5C thermal@31.25C POM_5V_IN 2290/1854 POM_5V_GPU 81/81 POM_5V_CPU 613/257
RAM 3388/3964MB (lfb 2x4MB) SWAP 577/6078MB (cached 7MB) IRAM 0/252kB(lfb 252kB) CPU [2%@921,3%@921,off,off] EMC_FREQ 0%@1600 GR3D_FREQ 0%@614 APE 25 PLL@30C CPU@32C iwlwifi@32C PMIC@50C GPU@30.5C AO@41.5C thermal@31.25C POM_5V_IN 1728/1851 POM_5V_GPU 82/81 POM_5V_CPU 164/255
RAM 3388/3964MB (lfb 2x4MB) SWAP 577/6078MB (cached 7MB) IRAM 0/252kB(lfb 252kB) CPU [7%@921,4%@921,off,off] EMC_FREQ 0%@1600 GR3D_FREQ 0%@614 APE 25 PLL@30.5C CPU@32C iwlwifi@32C PMIC@50C GPU@30C AO@41.5C thermal@31C POM_5V_IN 1728/1849 POM_5V_GPU 82/81 POM_5V_CPU 164/253
RAM 3392/3964MB (lfb 2x4MB) SWAP 577/6078MB (cached 7MB) IRAM 0/252kB(lfb 252kB) CPU [4%@921,4%@921,off,off] EMC_FREQ 0%@1600 GR3D_FREQ 0%@614 APE 25 PLL@30.5C CPU@31.5C iwlwifi@32C PMIC@50C GPU@30.5C AO@41.5C thermal@31.5C POM_5V_IN 1731/1846 POM_5V_GPU 82/81 POM_5V_CPU 164/251
RAM 3391/3964MB (lfb 2x4MB) SWAP 577/6078MB (cached 7MB) IRAM 0/252kB(lfb 252kB) CPU [3%@921,6%@921,off,off] EMC_FREQ 0%@1600 GR3D_FREQ 0%@614 APE 25 PLL@30C CPU@32C iwlwifi@32C PMIC@50C GPU@30.5C AO@41.5C thermal@31.25C POM_5V_IN 1810/1846 POM_5V_GPU 82/81 POM_5V_CPU 246/251
RAM 3388/3964MB (lfb 2x4MB) SWAP 577/6078MB (cached 7MB) IRAM 0/252kB(lfb 252kB) CPU [3%@921,5%@921,off,off] EMC_FREQ 0%@1600 GR3D_FREQ 0%@614 APE 25 PLL@30.5C CPU@32.5C iwlwifi@32C PMIC@50C GPU@30.5C AO@41.5C thermal@31.25C POM_5V_IN 2249/1854 POM_5V_GPU 81/81 POM_5V_CPU 531/257
RAM 3388/3964MB (lfb 2x4MB) SWAP 577/6078MB (cached 7MB) IRAM 0/252kB(lfb 252kB) CPU [5%@921,7%@921,off,off] EMC_FREQ 0%@1600 GR3D_FREQ 0%@614 APE 25 PLL@30C CPU@31.5C iwlwifi@32C PMIC@50C GPU@30C AO@41.5C thermal@31C POM_5V_IN 1892/1854 POM_5V_GPU 82/81 POM_5V_CPU 246/256
RAM 3391/3964MB (lfb 2x4MB) SWAP 577/6078MB (cached 7MB) IRAM 0/252kB(lfb 252kB) CPU [3%@921,7%@921,off,off] EMC_FREQ 0%@1600 GR3D_FREQ 0%@614 APE 25 PLL@30C CPU@32C iwlwifi@32C PMIC@50C GPU@30.5C AO@41.5C thermal@31.25C POM_5V_IN 2331/1863 POM_5V_GPU 81/81 POM_5V_CPU 571/262
RAM 3392/3964MB (lfb 2x4MB) SWAP 577/6078MB (cached 7MB) IRAM 0/252kB(lfb 252kB) CPU [5%@921,5%@921,off,off] EMC_FREQ 0%@1600 GR3D_FREQ 0%@614 APE 25 PLL@30.5C CPU@32C iwlwifi@32C PMIC@50C GPU@30.5C AO@41.5C thermal@31C POM_5V_IN 1810/1862 POM_5V_GPU 82/81 POM_5V_CPU 246/262
RAM 3392/3964MB (lfb 2x4MB) SWAP 577/6078MB (cached 7MB) IRAM 0/252kB(lfb 252kB) CPU [8%@921,13%@921,off,off] EMC_FREQ 0%@1600 GR3D_FREQ 0%@614 APE 25 PLL@30.5C CPU@32C iwlwifi@32C PMIC@50C GPU@30.5C AO@41.5C thermal@31.25C POM_5V_IN 1851/1862 POM_5V_GPU 82/81 POM_5V_CPU 287/263
RAM 3391/3964MB (lfb 2x4MB) SWAP 577/6078MB (cached 7MB) IRAM 0/252kB(lfb 252kB) CPU [3%@921,6%@921,off,off] EMC_FREQ 0%@1600 GR3D_FREQ 0%@614 APE 25 PLL@30.5C CPU@32C iwlwifi@32C PMIC@50C GPU@30.5C AO@41.5C thermal@31C POM_5V_IN 2170/1868 POM_5V_GPU 81/81 POM_5V_CPU 531/267
RAM 3388/3964MB (lfb 2x4MB) SWAP 577/6078MB (cached 7MB) IRAM 0/252kB(lfb 252kB) CPU [4%@921,4%@921,off,off] EMC_FREQ 0%@1600 GR3D_FREQ 0%@614 APE 25 PLL@30.5C CPU@32C iwlwifi@32C PMIC@50C GPU@30.5C AO@41.5C thermal@31.25C POM_5V_IN 1810/1867 POM_5V_GPU 82/81 POM_5V_CPU 246/267
RAM 3392/3964MB (lfb 2x4MB) SWAP 577/6078MB (cached 7MB) IRAM 0/252kB(lfb 252kB) CPU [2%@921,4%@921,off,off] EMC_FREQ 0%@1600 GR3D_FREQ 0%@614 APE 25 PLL@30C CPU@32C iwlwifi@33C PMIC@50C GPU@30.5C AO@41.5C thermal@31C POM_5V_IN 1769/1865 POM_5V_GPU 82/81 POM_5V_CPU 205/266
RAM 3392/3964MB (lfb 2x4MB) SWAP 577/6078MB (cached 7MB) IRAM 0/252kB(lfb 252kB) CPU [4%@921,7%@921,off,off] EMC_FREQ 0%@1600 GR3D_FREQ 0%@614 APE 25 PLL@30C CPU@32.5C iwlwifi@32C PMIC@50C GPU@30.5C AO@41.5C thermal@31C POM_5V_IN 2249/1872 POM_5V_GPU 81/81 POM_5V_CPU 572/271
RAM 3392/3964MB (lfb 2x4MB) SWAP 577/6078MB (cached 7MB) IRAM 0/252kB(lfb 252kB) CPU [3%@921,4%@921,off,off] EMC_FREQ 0%@1600 GR3D_FREQ 0%@614 APE 25 PLL@30C CPU@32C iwlwifi@32C PMIC@50C GPU@30.5C AO@41.5C thermal@31.25C POM_5V_IN 1810/1871 POM_5V_GPU 82/81 POM_5V_CPU 246/271
RAM 3392/3964MB (lfb 2x4MB) SWAP 577/6078MB (cached 7MB) IRAM 0/252kB(lfb 252kB) CPU [4%@921,4%@921,off,off] EMC_FREQ 0%@1600 GR3D_FREQ 0%@614 APE 25 PLL@30.5C CPU@32C iwlwifi@32C PMIC@50C GPU@30.5C AO@41.5C thermal@31C POM_5V_IN 2133/1875 POM_5V_GPU 82/81 POM_5V_CPU 451/274
RAM 3392/3964MB (lfb 2x4MB) SWAP 577/6078MB (cached 7MB) IRAM 0/252kB(lfb 252kB) CPU [7%@921,3%@921,off,off] EMC_FREQ 0%@1600 GR3D_FREQ 0%@614 APE 25 PLL@30.5C CPU@32C iwlwifi@32C PMIC@50C GPU@30.5C AO@41.5C thermal@31.25C POM_5V_IN 2211/1880 POM_5V_GPU 81/81 POM_5V_CPU 573/279
RAM 3392/3964MB (lfb 2x4MB) SWAP 577/6078MB (cached 7MB) IRAM 0/252kB(lfb 252kB) CPU [5%@921,6%@921,off,off] EMC_FREQ 0%@1600 GR3D_FREQ 0%@614 APE 25 PLL@30C CPU@31.5C iwlwifi@32C PMIC@50C GPU@30.5C AO@41.5C thermal@31C POM_5V_IN 1851/1880 POM_5V_GPU 82/81 POM_5V_CPU 288/279
RAM 3393/3964MB (lfb 2x4MB) SWAP 577/6078MB (cached 7MB) IRAM 0/252kB(lfb 252kB) CPU [10%@921,5%@921,off,off] EMC_FREQ 0%@1600 GR3D_FREQ 0%@614 APE 25 PLL@30C CPU@31.5C iwlwifi@33C PMIC@50C GPU@30.5C AO@41.5C thermal@30.75C POM_5V_IN 1810/1879 POM_5V_GPU 82/81 POM_5V_CPU 246/278
RAM 1679/3964MB (lfb 4x4MB) SWAP 578/6078MB (cached 7MB) IRAM 0/252kB(lfb 252kB) CPU [20%@921,34%@921,off,off] EMC_FREQ 0%@1600 GR3D_FREQ 0%@614 APE 25 PLL@30C CPU@32C iwlwifi@32C PMIC@50C GPU@30.5C AO@41.5C thermal@31C POM_5V_IN 2249/1885 POM_5V_GPU 81/81 POM_5V_CPU 572/283
RAM 1453/3964MB (lfb 5x4MB) SWAP 576/6078MB (cached 7MB) IRAM 0/252kB(lfb 252kB) CPU [8%@921,5%@921,off,off] EMC_FREQ 1%@1600 GR3D_FREQ 0%@614 APE 25 PLL@30C CPU@31.5C iwlwifi@33C PMIC@50C GPU@30C AO@41.5C thermal@31C POM_5V_IN 2211/1890 POM_5V_GPU 81/81 POM_5V_CPU 532/287
RAM 1453/3964MB (lfb 5x4MB) SWAP 576/6078MB (cached 7MB) IRAM 0/252kB(lfb 252kB) CPU [5%@921,4%@921,off,off] EMC_FREQ 0%@1600 GR3D_FREQ 0%@614 APE 25 PLL@30C CPU@31.5C iwlwifi@32C PMIC@50C GPU@30C AO@41C thermal@30.75C POM_5V_IN 1769/1888 POM_5V_GPU 82/81 POM_5V_CPU 205/285
RAM 1453/3964MB (lfb 5x4MB) SWAP 576/6078MB (cached 7MB) IRAM 0/252kB(lfb 252kB) CPU [8%@921,2%@921,off,off] EMC_FREQ 0%@1600 GR3D_FREQ 0%@614 APE 25 PLL@30.5C CPU@32C iwlwifi@32C PMIC@50C GPU@30.5C AO@41.5C thermal@31C POM_5V_IN 1731/1885 POM_5V_GPU 82/81 POM_5V_CPU 164/284
RAM 1453/3964MB (lfb 5x4MB) SWAP 576/6078MB (cached 7MB) IRAM 0/252kB(lfb 252kB) CPU [7%@921,2%@921,off,off] EMC_FREQ 0%@1600 GR3D_FREQ 0%@614 APE 25 PLL@30C CPU@31.5C iwlwifi@32C PMIC@50C GPU@30.5C AO@41.5C thermal@31C POM_5V_IN 1728/1883 POM_5V_GPU 82/81 POM_5V_CPU 164/282
RAM 1452/3964MB (lfb 5x4MB) SWAP 576/6078MB (cached 7MB) IRAM 0/252kB(lfb 252kB) CPU [8%@921,1%@921,off,off] EMC_FREQ 0%@1600 GR3D_FREQ 0%@614 APE 25 PLL@29.5C CPU@31.5C iwlwifi@32C PMIC@50C GPU@30C AO@41C thermal@31C POM_5V_IN 1731/1881 POM_5V_GPU 82/81 POM_5V_CPU 164/280
RAM 1453/3964MB (lfb 5x4MB) SWAP 576/6078MB (cached 7MB) IRAM 0/252kB(lfb 252kB) CPU [6%@921,3%@921,off,off] EMC_FREQ 0%@1600 GR3D_FREQ 0%@614 APE 25 PLL@30C CPU@31.5C iwlwifi@32C PMIC@50C GPU@30C AO@41C thermal@30.75C POM_5V_IN 1728/1879 POM_5V_GPU 82/81 POM_5V_CPU 164/278
RAM 1453/3964MB (lfb 5x4MB) SWAP 576/6078MB (cached 7MB) IRAM 0/252kB(lfb 252kB) CPU [7%@921,1%@921,off,off] EMC_FREQ 0%@1600 GR3D_FREQ 0%@614 APE 25 PLL@30C CPU@31.5C iwlwifi@32C PMIC@50C GPU@30C AO@41.5C thermal@30.75C POM_5V_IN 1725/1877 POM_5V_GPU 82/81 POM_5V_CPU 164/277
RAM 1453/3964MB (lfb 5x4MB) SWAP 576/6078MB (cached 7MB) IRAM 0/252kB(lfb 252kB) CPU [7%@921,1%@921,off,off] EMC_FREQ 0%@1600 GR3D_FREQ 0%@614 APE 25 PLL@30C CPU@31.5C iwlwifi@32C PMIC@50C GPU@30C AO@40.5C thermal@30.75C POM_5V_IN 1728/1875 POM_5V_GPU 82/81 POM_5V_CPU 164/275
RAM 1456/3964MB (lfb 5x4MB) SWAP 576/6078MB (cached 9MB) IRAM 0/252kB(lfb 252kB) CPU [3%@921,4%@921,0%@921,0%@921] EMC_FREQ 0%@1600 GR3D_FREQ 0%@614 APE 25 PLL@29.5C CPU@31.5C iwlwifi@32C PMIC@50C GPU@30.5C AO@41C thermal@31.5C POM_5V_IN 1689/1872 POM_5V_GPU 82/81 POM_5V_CPU 164/274
RAM 1456/3964MB (lfb 5x4MB) SWAP 576/6078MB (cached 9MB) IRAM 0/252kB(lfb 252kB) CPU [2%@1479,3%@1479,0%@1479,0%@1479] EMC_FREQ 0%@1600 GR3D_FREQ 0%@921 APE 25 PLL@30.5C CPU@32.5C iwlwifi@33C PMIC@50C GPU@30.5C AO@41C thermal@31.25C POM_5V_IN 1890/1872 POM_5V_GPU 123/82 POM_5V_CPU 287/274
RAM 1456/3964MB (lfb 5x4MB) SWAP 576/6078MB (cached 9MB) IRAM 0/252kB(lfb 252kB) CPU [2%@1479,1%@1479,1%@1479,0%@1479] EMC_FREQ 0%@1600 GR3D_FREQ 0%@921 APE 25 PLL@30.5C CPU@32.5C iwlwifi@33C PMIC@50C GPU@30.5C AO@41.5C thermal@31.75C POM_5V_IN 1928/1873 POM_5V_GPU 123/82 POM_5V_CPU 328/275
RAM 1457/3964MB (lfb 5x4MB) SWAP 576/6078MB (cached 9MB) IRAM 0/252kB(lfb 252kB) CPU [4%@1479,1%@1479,0%@1479,0%@1479] EMC_FREQ 0%@1600 GR3D_FREQ 0%@921 APE 25 PLL@30C CPU@32C iwlwifi@32C PMIC@50C GPU@31C AO@41C thermal@31.5C POM_5V_IN 1931/1874 POM_5V_GPU 123/83 POM_5V_CPU 328/275
RAM 1545/3964MB (lfb 5x4MB) SWAP 576/6078MB (cached 9MB) IRAM 0/252kB(lfb 252kB) CPU [33%@1479,29%@1479,40%@1479,31%@1479] EMC_FREQ 0%@1600 GR3D_FREQ 0%@921 APE 25 PLL@30.5C CPU@32.5C iwlwifi@32C PMIC@50C GPU@31.5C AO@42C thermal@32.75C POM_5V_IN 1928/1874 POM_5V_GPU 123/83 POM_5V_CPU 328/276
RAM 1620/3964MB (lfb 5x4MB) SWAP 576/6078MB (cached 9MB) IRAM 0/252kB(lfb 252kB) CPU [98%@1479,94%@1479,100%@1479,100%@1479] EMC_FREQ 1%@1600 GR3D_FREQ 0%@921 APE 25 PLL@32C CPU@34.5C iwlwifi@32C PMIC@50C GPU@32C AO@43C thermal@33.75C POM_5V_IN 4642/1910 POM_5V_GPU 119/84 POM_5V_CPU 2614/306
RAM 1623/3964MB (lfb 5x4MB) SWAP 576/6078MB (cached 9MB) IRAM 0/252kB(lfb 252kB) CPU [100%@1479,100%@1479,100%@1479,100%@1479] EMC_FREQ 1%@1600 GR3D_FREQ 0%@921 APE 25 PLL@33C CPU@35.5C iwlwifi@34C PMIC@50C GPU@32.5C AO@43.5C thermal@34.25C POM_5V_IN 4778/1946 POM_5V_GPU 157/85 POM_5V_CPU 3119/342
RAM 1620/3964MB (lfb 5x4MB) SWAP 576/6078MB (cached 9MB) IRAM 0/252kB(lfb 252kB) CPU [100%@1479,100%@1479,100%@1479,100%@1479] EMC_FREQ 1%@1600 GR3D_FREQ 0%@921 APE 25 PLL@33C CPU@36C iwlwifi@32C PMIC@50C GPU@33C AO@44C thermal@34.5C POM_5V_IN 4778/1982 POM_5V_GPU 157/86 POM_5V_CPU 3080/376
RAM 1621/3964MB (lfb 5x4MB) SWAP 576/6078MB (cached 9MB) IRAM 0/252kB(lfb 252kB) CPU [100%@1479,100%@1479,100%@1479,100%@1479] EMC_FREQ 2%@1600 GR3D_FREQ 0%@921 APE 25 PLL@33.5C CPU@36C iwlwifi@32C PMIC@50C GPU@33C AO@44.5C thermal@34.75C POM_5V_IN 4730/2015 POM_5V_GPU 157/87 POM_5V_CPU 2996/408
RAM 1620/3964MB (lfb 5x4MB) SWAP 576/6078MB (cached 9MB) IRAM 0/252kB(lfb 252kB) CPU [100%@1479,100%@1479,100%@1479,100%@1479] EMC_FREQ 1%@1600 GR3D_FREQ 0%@921 APE 25 PLL@33.5C CPU@36.5C iwlwifi@33C PMIC@50C GPU@33.5C AO@45C thermal@35.25C POM_5V_IN 4674/2048 POM_5V_GPU 158/87 POM_5V_CPU 2966/439
RAM 1622/3964MB (lfb 5x4MB) SWAP 576/6078MB (cached 9MB) IRAM 0/252kB(lfb 252kB) CPU [100%@1479,100%@1479,100%@1479,100%@1479] EMC_FREQ 2%@1600 GR3D_FREQ 0%@921 APE 25 PLL@34.5C CPU@37C iwlwifi@33C PMIC@50C GPU@34C AO@45C thermal@35.75C POM_5V_IN 4659/2079 POM_5V_GPU 157/88 POM_5V_CPU 3001/470
RAM 1621/3964MB (lfb 5x4MB) SWAP 576/6078MB (cached 9MB) IRAM 0/252kB(lfb 252kB) CPU [100%@1479,100%@1479,100%@1479,100%@1479] EMC_FREQ 1%@1600 GR3D_FREQ 0%@921 APE 25 PLL@34.5C CPU@37.5C iwlwifi@33C PMIC@50C GPU@34.5C AO@45.5C thermal@35.75C POM_5V_IN 4714/2111 POM_5V_GPU 158/89 POM_5V_CPU 3045/501
RAM 1625/3964MB (lfb 5x4MB) SWAP 576/6078MB (cached 9MB) IRAM 0/252kB(lfb 252kB) CPU [100%@1479,100%@1479,100%@1479,100%@1479] EMC_FREQ 2%@1600 GR3D_FREQ 0%@921 APE 25 PLL@34.5C CPU@37.5C iwlwifi@32C PMIC@50C GPU@34.5C AO@45.5C thermal@36.25C POM_5V_IN 4825/2143 POM_5V_GPU 158/90 POM_5V_CPU 3119/532
RAM 1621/3964MB (lfb 5x4MB) SWAP 576/6078MB (cached 9MB) IRAM 0/252kB(lfb 252kB) CPU [100%@1479,100%@1479,100%@1479,100%@1479] EMC_FREQ 1%@1600 GR3D_FREQ 0%@921 APE 25 PLL@35.5C CPU@38C iwlwifi@33C PMIC@50C GPU@35C AO@46.5C thermal@36.75C POM_5V_IN 4888/2175 POM_5V_GPU 157/91 POM_5V_CPU 3188/563
RAM 1625/3964MB (lfb 5x4MB) SWAP 576/6078MB (cached 9MB) IRAM 0/252kB(lfb 252kB) CPU [100%@1479,100%@1479,100%@1479,100%@1479] EMC_FREQ 1%@1600 GR3D_FREQ 0%@921 APE 25 PLL@35.5C CPU@39C iwlwifi@33C PMIC@50C GPU@35.5C AO@46C thermal@37C POM_5V_IN 4975/2207 POM_5V_GPU 157/91 POM_5V_CPU 3238/593
RAM 1622/3964MB (lfb 4x4MB) SWAP 576/6078MB (cached 9MB) IRAM 0/252kB(lfb 252kB) CPU [100%@1479,100%@1479,100%@1479,100%@1479] EMC_FREQ 1%@1600 GR3D_FREQ 0%@921 APE 25 PLL@36C CPU@38.5C iwlwifi@33C PMIC@50C GPU@36C AO@47C thermal@37.5C POM_5V_IN 4714/2235 POM_5V_GPU 158/92 POM_5V_CPU 3010/621
RAM 1626/3964MB (lfb 4x4MB) SWAP 576/6078MB (cached 9MB) IRAM 0/252kB(lfb 252kB) CPU [100%@1479,100%@1479,100%@1479,100%@1479] EMC_FREQ 1%@1600 GR3D_FREQ 0%@921 APE 25 PLL@36C CPU@39.5C iwlwifi@33C PMIC@50C GPU@36C AO@47C thermal@37.75C POM_5V_IN 4793/2264 POM_5V_GPU 158/93 POM_5V_CPU 3129/649
RAM 1624/3964MB (lfb 4x4MB) SWAP 576/6078MB (cached 9MB) IRAM 0/252kB(lfb 252kB) CPU [100%@1479,99%@1479,100%@1479,100%@1479] EMC_FREQ 1%@1600 GR3D_FREQ 0%@921 APE 25 PLL@36.5C CPU@39.5C iwlwifi@33C PMIC@50C GPU@36C AO@47.5C thermal@38.25C POM_5V_IN 4761/2292 POM_5V_GPU 158/94 POM_5V_CPU 3090/676
RAM 1626/3964MB (lfb 4x4MB) SWAP 576/6078MB (cached 9MB) IRAM 0/252kB(lfb 252kB) CPU [100%@1479,100%@1479,100%@1479,100%@1479] EMC_FREQ 1%@1600 GR3D_FREQ 0%@921 APE 25 PLL@37C CPU@39.5C iwlwifi@33C PMIC@50C GPU@36.5C AO@47.5C thermal@38.25C POM_5V_IN 4801/2319 POM_5V_GPU 158/94 POM_5V_CPU 3090/703
RAM 1624/3964MB (lfb 4x4MB) SWAP 576/6078MB (cached 9MB) IRAM 0/252kB(lfb 252kB) CPU [100%@1479,100%@1479,100%@1479,100%@1479] EMC_FREQ 1%@1600 GR3D_FREQ 0%@921 APE 25 PLL@37C CPU@40C iwlwifi@34C PMIC@50C GPU@36.5C AO@48C thermal@38.25C POM_5V_IN 4872/2347 POM_5V_GPU 158/95 POM_5V_CPU 3129/729
RAM 1627/3964MB (lfb 4x4MB) SWAP 576/6078MB (cached 9MB) IRAM 0/252kB(lfb 252kB) CPU [100%@1479,100%@1479,100%@1479,100%@1479] EMC_FREQ 1%@1600 GR3D_FREQ 0%@921 APE 25 PLL@37.5C CPU@40C iwlwifi@33C PMIC@50C GPU@36.5C AO@48.5C thermal@38.75C POM_5V_IN 4880/2374 POM_5V_GPU 158/96 POM_5V_CPU 3169/755
RAM 1624/3964MB (lfb 4x4MB) SWAP 576/6078MB (cached 9MB) IRAM 0/252kB(lfb 252kB) CPU [100%@1479,100%@1479,100%@1479,100%@1479] EMC_FREQ 1%@1600 GR3D_FREQ 0%@921 APE 25 PLL@37.5C CPU@40.5C iwlwifi@33C PMIC@50C GPU@37.5C AO@48.5C thermal@38.75C POM_5V_IN 4689/2399 POM_5V_GPU 158/96 POM_5V_CPU 2980/779
RAM 1625/3964MB (lfb 4x4MB) SWAP 576/6078MB (cached 9MB) IRAM 0/252kB(lfb 252kB) CPU [100%@1479,100%@1479,100%@1479,100%@1479] EMC_FREQ 1%@1600 GR3D_FREQ 0%@921 APE 25 PLL@38C CPU@41C iwlwifi@33C PMIC@50C GPU@37.5C AO@49C thermal@39.25C POM_5V_IN 4920/2425 POM_5V_GPU 158/97 POM_5V_CPU 3214/804
RAM 1624/3964MB (lfb 4x4MB) SWAP 576/6078MB (cached 9MB) IRAM 0/252kB(lfb 252kB) CPU [100%@1479,100%@1479,100%@1479,100%@1479] EMC_FREQ 2%@1600 GR3D_FREQ 0%@921 APE 25 PLL@38.5C CPU@41C iwlwifi@33C PMIC@50C GPU@38C AO@49.5C thermal@39.25C POM_5V_IN 4776/2450 POM_5V_GPU 159/98 POM_5V_CPU 3100/828
RAM 1625/3964MB (lfb 4x4MB) SWAP 576/6078MB (cached 9MB) IRAM 0/252kB(lfb 252kB) CPU [21%@1479,20%@1479,20%@1479,22%@1479] EMC_FREQ 1%@1600 GR3D_FREQ 0%@921 APE 25 PLL@39C CPU@41C iwlwifi@35C PMIC@50C GPU@37C AO@48C thermal@37.75C POM_5V_IN 4776/2474 POM_5V_GPU 159/98 POM_5V_CPU 3100/852
RAM 1625/3964MB (lfb 4x4MB) SWAP 576/6078MB (cached 9MB) IRAM 0/252kB(lfb 252kB) CPU [3%@1479,2%@1479,0%@1479,0%@1479] EMC_FREQ 0%@1600 GR3D_FREQ 0%@921 APE 25 PLL@36.5C CPU@38C iwlwifi@34C PMIC@50C GPU@36.5C AO@48C thermal@37.75C POM_5V_IN 2003/2469 POM_5V_GPU 163/99 POM_5V_CPU 327/846
RAM 1624/3964MB (lfb 4x4MB) SWAP 576/6078MB (cached 9MB) IRAM 0/252kB(lfb 252kB) CPU [2%@1479,1%@1479,3%@1479,0%@1479] EMC_FREQ 0%@1600 GR3D_FREQ 0%@921 APE 25 PLL@36.5C CPU@38.5C iwlwifi@34C PMIC@50C GPU@36.5C AO@47.5C thermal@37C POM_5V_IN 1966/2464 POM_5V_GPU 163/100 POM_5V_CPU 327/841
RAM 1625/3964MB (lfb 4x4MB) SWAP 576/6078MB (cached 9MB) IRAM 0/252kB(lfb 252kB) CPU [1%@1479,0%@1479,0%@1479,3%@1479] EMC_FREQ 0%@1600 GR3D_FREQ 0%@921 APE 25 PLL@36.5C CPU@37.5C iwlwifi@34C PMIC@50C GPU@36.5C AO@47.5C thermal@37.25C POM_5V_IN 2007/2459 POM_5V_GPU 163/100 POM_5V_CPU 368/836
RAM 1625/3964MB (lfb 4x4MB) SWAP 576/6078MB (cached 9MB) IRAM 0/252kB(lfb 252kB) CPU [2%@1479,0%@1479,1%@1479,2%@1479] EMC_FREQ 0%@1600 GR3D_FREQ 0%@921 APE 25 PLL@36C CPU@38C iwlwifi@34C PMIC@50C GPU@36C AO@47C thermal@37C POM_5V_IN 2007/2455 POM_5V_GPU 163/101 POM_5V_CPU 327/831
RAM 1625/3964MB (lfb 3x4MB) SWAP 576/6078MB (cached 9MB) IRAM 0/252kB(lfb 252kB) CPU [4%@1479,0%@1479,0%@1479,1%@1479] EMC_FREQ 0%@1600 GR3D_FREQ 0%@921 APE 25 PLL@36C CPU@38C iwlwifi@36C PMIC@50C GPU@36C AO@47C thermal@37C POM_5V_IN 1969/2450 POM_5V_GPU 163/101 POM_5V_CPU 327/826
RAM 1624/3964MB (lfb 32x1MB) SWAP 576/6078MB (cached 9MB) IRAM 0/252kB(lfb 252kB) CPU [2%@1479,0%@1479,3%@1479,1%@1479] EMC_FREQ 0%@1600 GR3D_FREQ 0%@921 APE 25 PLL@35.5C CPU@38C iwlwifi@34C PMIC@50C GPU@36C AO@47C thermal@37C POM_5V_IN 2003/2446 POM_5V_GPU 163/102 POM_5V_CPU 327/822
RAM 1624/3964MB (lfb 1x2MB) SWAP 576/6078MB (cached 9MB) IRAM 0/252kB(lfb 252kB) CPU [1%@1479,0%@1479,1%@1479,3%@1479] EMC_FREQ 0%@1600 GR3D_FREQ 0%@921 APE 25 PLL@36C CPU@38C iwlwifi@34C PMIC@50C GPU@36C AO@47C thermal@36.75C POM_5V_IN 1963/2441 POM_5V_GPU 163/103 POM_5V_CPU 327/817
RAM 1626/3964MB (lfb 2x2MB) SWAP 576/6078MB (cached 9MB) IRAM 0/252kB(lfb 252kB) CPU [22%@1479,17%@1479,17%@1479,17%@1479] EMC_FREQ 0%@1600 GR3D_FREQ 0%@921 APE 25 PLL@35.5C CPU@38C iwlwifi@34C PMIC@50C GPU@36.5C AO@48C thermal@37.75C POM_5V_IN 2003/2437 POM_5V_GPU 163/103 POM_5V_CPU 327/812
RAM 2656/3964MB (lfb 28x1MB) SWAP 576/6078MB (cached 9MB) IRAM 0/252kB(lfb 252kB) CPU [95%@1479,95%@1479,100%@1479,93%@1479] EMC_FREQ 1%@1600 GR3D_FREQ 5%@921 APE 25 PLL@37.5C CPU@39.5C iwlwifi@34C PMIC@50C GPU@37C AO@48.5C thermal@38.5C POM_5V_IN 4761/2459 POM_5V_GPU 277/105 POM_5V_CPU 2737/830
RAM 3175/3964MB (lfb 4x1MB) SWAP 630/6078MB (cached 8MB) IRAM 0/252kB(lfb 252kB) CPU [65%@1479,67%@1479,76%@1479,80%@1479] EMC_FREQ 3%@1600 GR3D_FREQ 0%@921 APE 25 PLL@37C CPU@40C iwlwifi@34C PMIC@50C GPU@37C AO@48C thermal@37.75C POM_5V_IN 4353/2477 POM_5V_GPU 159/105 POM_5V_CPU 2276/844
RAM 3175/3964MB (lfb 4x1MB) SWAP 630/6078MB (cached 8MB) IRAM 0/252kB(lfb 252kB) CPU [18%@1479,17%@1479,9%@1479,99%@1479] EMC_FREQ 3%@1600 GR3D_FREQ 8%@921 APE 25 PLL@36.5C CPU@38.5C iwlwifi@34C PMIC@50C GPU@38C AO@50.5C thermal@38C POM_5V_IN 3246/2484 POM_5V_GPU 486/109 POM_5V_CPU 1174/847
RAM 3175/3964MB (lfb 4x1MB) SWAP 630/6078MB (cached 8MB) IRAM 0/252kB(lfb 252kB) CPU [21%@1479,10%@1479,10%@1479,100%@1479] EMC_FREQ 7%@1600 GR3D_FREQ 12%@921 APE 25 PLL@37C CPU@39C iwlwifi@34C PMIC@50C GPU@38C AO@50C thermal@38.5C POM_5V_IN 3755/2495 POM_5V_GPU 806/115 POM_5V_CPU 1290/851
RAM 3176/3964MB (lfb 5x1MB) SWAP 630/6078MB (cached 8MB) IRAM 0/252kB(lfb 252kB) CPU [20%@1479,12%@1479,11%@1479,100%@1479] EMC_FREQ 7%@1600 GR3D_FREQ 11%@921 APE 25 PLL@37C CPU@39.5C iwlwifi@34C PMIC@50C GPU@37.5C AO@49C thermal@38.5C POM_5V_IN 3559/2505 POM_5V_GPU 687/120 POM_5V_CPU 1294/855
RAM 3176/3964MB (lfb 3x2MB) SWAP 629/6078MB (cached 9MB) IRAM 0/252kB(lfb 252kB) CPU [7%@1479,6%@1479,4%@1479,24%@1479] EMC_FREQ 7%@1600 GR3D_FREQ 11%@921 APE 25 PLL@37.5C CPU@39.5C iwlwifi@35C PMIC@50C GPU@36.5C AO@48C thermal@37.5C POM_5V_IN 3599/2515 POM_5V_GPU 807/127 POM_5V_CPU 1249/858
RAM 3177/3964MB (lfb 3x2MB) SWAP 629/6078MB (cached 9MB) IRAM 0/252kB(lfb 252kB) CPU [2%@1479,2%@1479,0%@1479,0%@1479] EMC_FREQ 1%@1600 GR3D_FREQ 0%@921 APE 25 PLL@36.5C CPU@38.5C iwlwifi@35C PMIC@50C GPU@36.5C AO@47.5C thermal@37.25C POM_5V_IN 2013/2510 POM_5V_GPU 164/127 POM_5V_CPU 328/854
RAM 3177/3964MB (lfb 3x2MB) SWAP 629/6078MB (cached 9MB) IRAM 0/252kB(lfb 252kB) CPU [2%@1479,2%@1479,0%@1479,0%@1479] EMC_FREQ 0%@1600 GR3D_FREQ 0%@921 APE 25 PLL@36C CPU@38C iwlwifi@34C PMIC@50C GPU@36.5C AO@47.5C thermal@37.75C POM_5V_IN 2013/2506 POM_5V_GPU 164/127 POM_5V_CPU 369/849
RAM 3176/3964MB (lfb 3x2MB) SWAP 629/6078MB (cached 9MB) IRAM 0/252kB(lfb 252kB) CPU [2%@1479,3%@1479,0%@1479,1%@1479] EMC_FREQ 0%@1600 GR3D_FREQ 0%@921 APE 25 PLL@36C CPU@37.5C iwlwifi@34C PMIC@50C GPU@36.5C AO@47.5C thermal@37.25C POM_5V_IN 1972/2501 POM_5V_GPU 164/128 POM_5V_CPU 328/845
RAM 3177/3964MB (lfb 3x2MB) SWAP 629/6078MB (cached 9MB) IRAM 0/252kB(lfb 252kB) CPU [2%@1479,3%@1479,0%@1479,1%@1479] EMC_FREQ 0%@1600 GR3D_FREQ 0%@921 APE 25 PLL@36C CPU@38C iwlwifi@35C PMIC@50C GPU@36.5C AO@47.5C thermal@37C POM_5V_IN 2331/2500 POM_5V_GPU 163/128 POM_5V_CPU 613/843
RAM 3177/3964MB (lfb 3x2MB) SWAP 629/6078MB (cached 9MB) IRAM 0/252kB(lfb 252kB) CPU [2%@1479,1%@1479,1%@1479,0%@1479] EMC_FREQ 0%@1600 GR3D_FREQ 0%@921 APE 25 PLL@36C CPU@38C iwlwifi@34C PMIC@50C GPU@36C AO@47C thermal@37.25C POM_5V_IN 1972/2495 POM_5V_GPU 164/128 POM_5V_CPU 328/838
RAM 3177/3964MB (lfb 3x2MB) SWAP 629/6078MB (cached 9MB) IRAM 0/252kB(lfb 252kB) CPU [2%@1479,0%@1479,3%@1479,1%@1479] EMC_FREQ 0%@1600 GR3D_FREQ 0%@921 APE 25 PLL@35.5C CPU@37.5C iwlwifi@34C PMIC@50C GPU@36C AO@47C thermal@36.75C POM_5V_IN 1972/2491 POM_5V_GPU 164/128 POM_5V_CPU 328/834
RAM 3178/3964MB (lfb 3x2MB) SWAP 629/6078MB (cached 9MB) IRAM 0/252kB(lfb 252kB) CPU [2%@1479,0%@1479,2%@1479,0%@1479] EMC_FREQ 0%@1600 GR3D_FREQ 0%@921 APE 25 PLL@36C CPU@37.5C iwlwifi@35C PMIC@50C GPU@36C AO@47C thermal@36.75C POM_5V_IN 2215/2488 POM_5V_GPU 164/129 POM_5V_CPU 368/830
RAM 3179/3964MB (lfb 3x2MB) SWAP 629/6078MB (cached 9MB) IRAM 0/252kB(lfb 252kB) CPU [5%@1479,2%@1479,2%@1479,1%@1479] EMC_FREQ 0%@1600 GR3D_FREQ 0%@921 APE 25 PLL@35.5C CPU@37.5C iwlwifi@35C PMIC@50C GPU@36C AO@47C thermal@36.75C POM_5V_IN 1972/2484 POM_5V_GPU 164/129 POM_5V_CPU 328/826
RAM 3177/3964MB (lfb 3x2MB) SWAP 630/6078MB (cached 9MB) IRAM 0/252kB(lfb 252kB) CPU [4%@1479,1%@1479,1%@1479,2%@1479] EMC_FREQ 0%@1600 GR3D_FREQ 0%@921 APE 25 PLL@35.5C CPU@37.5C iwlwifi@34C PMIC@50C GPU@36C AO@47C thermal@36.75C POM_5V_IN 2013/2480 POM_5V_GPU 164/129 POM_5V_CPU 328/822
RAM 3177/3964MB (lfb 3x2MB) SWAP 630/6078MB (cached 9MB) IRAM 0/252kB(lfb 252kB) CPU [4%@1479,0%@1479,1%@1479,0%@1479] EMC_FREQ 0%@1600 GR3D_FREQ 0%@921 APE 25 PLL@35C CPU@37.5C iwlwifi@34C PMIC@50C GPU@35.5C AO@46.5C thermal@36.25C POM_5V_IN 1972/2476 POM_5V_GPU 164/130 POM_5V_CPU 328/818
RAM 3177/3964MB (lfb 3x2MB) SWAP 630/6078MB (cached 9MB) IRAM 0/252kB(lfb 252kB) CPU [4%@1479,0%@1479,0%@1479,0%@1479] EMC_FREQ 0%@1600 GR3D_FREQ 0%@921 APE 25 PLL@35C CPU@37C iwlwifi@34C PMIC@50C GPU@35.5C AO@46.5C thermal@36.25C POM_5V_IN 1972/2472 POM_5V_GPU 164/130 POM_5V_CPU 328/814
RAM 3177/3964MB (lfb 3x2MB) SWAP 630/6078MB (cached 9MB) IRAM 0/252kB(lfb 252kB) CPU [2%@1479,2%@1479,0%@1479,1%@1479] EMC_FREQ 0%@1600 GR3D_FREQ 0%@921 APE 25 PLL@35C CPU@37C iwlwifi@34C PMIC@50C GPU@35.5C AO@46.5C thermal@36.5C POM_5V_IN 1972/2468 POM_5V_GPU 164/130 POM_5V_CPU 328/810
RAM 3176/3964MB (lfb 3x2MB) SWAP 630/6078MB (cached 9MB) IRAM 0/252kB(lfb 252kB) CPU [3%@1479,1%@1479,1%@1479,0%@1479] EMC_FREQ 0%@1600 GR3D_FREQ 0%@921 APE 25 PLL@35C CPU@37.5C iwlwifi@35C PMIC@50C GPU@35.5C AO@46.5C thermal@36.25C POM_5V_IN 1972/2464 POM_5V_GPU 164/130 POM_5V_CPU 328/806
RAM 3176/3964MB (lfb 3x2MB) SWAP 630/6078MB (cached 9MB) IRAM 0/252kB(lfb 252kB) CPU [2%@1479,0%@1479,3%@1479,2%@1479] EMC_FREQ 0%@1600 GR3D_FREQ 0%@921 APE 25 PLL@35C CPU@37C iwlwifi@34C PMIC@50C GPU@35.5C AO@46C thermal@36.25C POM_5V_IN 1969/2460 POM_5V_GPU 164/131 POM_5V_CPU 328/802
RAM 3176/3964MB (lfb 3x2MB) SWAP 630/6078MB (cached 9MB) IRAM 0/252kB(lfb 252kB) CPU [2%@1479,0%@1479,0%@1479,2%@1479] EMC_FREQ 0%@1600 GR3D_FREQ 0%@921 APE 25 PLL@34.5C CPU@37C iwlwifi@34C PMIC@50C GPU@35.5C AO@46C thermal@36.25C POM_5V_IN 1972/2456 POM_5V_GPU 164/131 POM_5V_CPU 328/798
RAM 3178/3964MB (lfb 3x2MB) SWAP 630/6078MB (cached 9MB) IRAM 0/252kB(lfb 252kB) CPU [6%@1479,2%@1479,1%@1479,0%@1479] EMC_FREQ 0%@1600 GR3D_FREQ 0%@921 APE 25 PLL@35C CPU@37C iwlwifi@34C PMIC@50C GPU@35.5C AO@46C thermal@36.5C POM_5V_IN 1969/2452 POM_5V_GPU 164/131 POM_5V_CPU 328/794
RAM 3177/3964MB (lfb 3x2MB) SWAP 630/6078MB (cached 9MB) IRAM 0/252kB(lfb 252kB) CPU [3%@1479,1%@1479,1%@1479,2%@1479] EMC_FREQ 0%@1600 GR3D_FREQ 0%@921 APE 25 PLL@35C CPU@36.5C iwlwifi@34C PMIC@50C GPU@35C AO@46C thermal@35.75C POM_5V_IN 1972/2448 POM_5V_GPU 164/131 POM_5V_CPU 328/791
RAM 3178/3964MB (lfb 3x2MB) SWAP 630/6078MB (cached 9MB) IRAM 0/252kB(lfb 252kB) CPU [1%@1479,2%@1479,0%@1479,0%@1479] EMC_FREQ 0%@1600 GR3D_FREQ 0%@921 APE 25 PLL@35C CPU@36.5C iwlwifi@36C PMIC@50C GPU@35C AO@46C thermal@35.75C POM_5V_IN 1972/2445 POM_5V_GPU 164/132 POM_5V_CPU 328/787
RAM 3177/3964MB (lfb 3x2MB) SWAP 630/6078MB (cached 9MB) IRAM 0/252kB(lfb 252kB) CPU [2%@1479,2%@1479,1%@1479,0%@1479] EMC_FREQ 0%@1600 GR3D_FREQ 0%@921 APE 25 PLL@34.5C CPU@36.5C iwlwifi@34C PMIC@50C GPU@35C AO@46C thermal@35.75C POM_5V_IN 1972/2441 POM_5V_GPU 164/132 POM_5V_CPU 328/784
RAM 3177/3964MB (lfb 3x2MB) SWAP 630/6078MB (cached 9MB) IRAM 0/252kB(lfb 252kB) CPU [4%@1479,0%@1479,0%@1479,0%@1479] EMC_FREQ 0%@1600 GR3D_FREQ 0%@921 APE 25 PLL@34.5C CPU@36.5C iwlwifi@34C PMIC@50C GPU@35C AO@46C thermal@35.75C POM_5V_IN 1931/2437 POM_5V_GPU 164/132 POM_5V_CPU 328/780
RAM 3178/3964MB (lfb 3x2MB) SWAP 630/6078MB (cached 9MB) IRAM 0/252kB(lfb 252kB) CPU [3%@1479,2%@1479,0%@1479,0%@1479] EMC_FREQ 0%@1600 GR3D_FREQ 0%@921 APE 25 PLL@34.5C CPU@36.5C iwlwifi@34C PMIC@50C GPU@35C AO@45.5C thermal@35.75C POM_5V_IN 1972/2434 POM_5V_GPU 164/132 POM_5V_CPU 328/777
RAM 3178/3964MB (lfb 3x2MB) SWAP 630/6078MB (cached 9MB) IRAM 0/252kB(lfb 252kB) CPU [2%@1479,2%@1479,0%@1479,0%@1479] EMC_FREQ 0%@1600 GR3D_FREQ 0%@921 APE 25 PLL@34.5C CPU@36.5C iwlwifi@34C PMIC@50C GPU@34.5C AO@45.5C thermal@35.75C POM_5V_IN 1972/2430 POM_5V_GPU 164/133 POM_5V_CPU 328/773
RAM 3177/3964MB (lfb 3x2MB) SWAP 630/6078MB (cached 9MB) IRAM 0/252kB(lfb 252kB) CPU [2%@1479,2%@1479,0%@1479,0%@1479] EMC_FREQ 0%@1600 GR3D_FREQ 0%@921 APE 25 PLL@34C CPU@36.5C iwlwifi@34C PMIC@50C GPU@34.5C AO@45.5C thermal@35.5C POM_5V_IN 1969/2427 POM_5V_GPU 164/133 POM_5V_CPU 328/770
RAM 3178/3964MB (lfb 3x2MB) SWAP 630/6078MB (cached 9MB) IRAM 0/252kB(lfb 252kB) CPU [3%@1479,3%@1479,2%@1479,3%@1479] EMC_FREQ 0%@1600 GR3D_FREQ 0%@921 APE 25 PLL@34C CPU@36.5C iwlwifi@35C PMIC@50C GPU@35C AO@45.5C thermal@35.5C POM_5V_IN 2095/2424 POM_5V_GPU 164/133 POM_5V_CPU 328/767
RAM 3177/3964MB (lfb 3x2MB) SWAP 630/6078MB (cached 9MB) IRAM 0/252kB(lfb 252kB) CPU [2%@1479,0%@1479,2%@1479,1%@1479] EMC_FREQ 0%@1600 GR3D_FREQ 0%@921 APE 25 PLL@34C CPU@36C iwlwifi@37C PMIC@50C GPU@35C AO@45C thermal@35.25C POM_5V_IN 1972/2421 POM_5V_GPU 164/133 POM_5V_CPU 328/764
RAM 3178/3964MB (lfb 3x2MB) SWAP 630/6078MB (cached 9MB) IRAM 0/252kB(lfb 252kB) CPU [2%@1479,0%@1479,0%@1479,2%@1479] EMC_FREQ 0%@1600 GR3D_FREQ 0%@921 APE 25 PLL@34C CPU@36C iwlwifi@34C PMIC@50C GPU@34.5C AO@45C thermal@35C POM_5V_IN 2051/2418 POM_5V_GPU 164/134 POM_5V_CPU 368/761
RAM 3178/3964MB (lfb 3x2MB) SWAP 630/6078MB (cached 9MB) IRAM 0/252kB(lfb 252kB) CPU [3%@1479,0%@1479,0%@1479,2%@1479] EMC_FREQ 0%@1600 GR3D_FREQ 0%@921 APE 25 PLL@34C CPU@36C iwlwifi@34C PMIC@50C GPU@34.5C AO@45C thermal@35.25C POM_5V_IN 1972/2415 POM_5V_GPU 164/134 POM_5V_CPU 328/758
RAM 3177/3964MB (lfb 3x2MB) SWAP 630/6078MB (cached 9MB) IRAM 0/252kB(lfb 252kB) CPU [2%@1479,0%@1479,1%@1479,3%@1479] EMC_FREQ 0%@1600 GR3D_FREQ 0%@921 APE 25 PLL@34C CPU@35.5C iwlwifi@34C PMIC@50C GPU@34.5C AO@45C thermal@35.25C POM_5V_IN 1934/2411 POM_5V_GPU 164/134 POM_5V_CPU 328/754
RAM 3177/3964MB (lfb 3x2MB) SWAP 630/6078MB (cached 9MB) IRAM 0/252kB(lfb 252kB) CPU [2%@1479,0%@1479,0%@1479,2%@1479] EMC_FREQ 0%@1600 GR3D_FREQ 0%@921 APE 25 PLL@34C CPU@35.5C iwlwifi@34C PMIC@50C GPU@34.5C AO@45C thermal@35C POM_5V_IN 1975/2408 POM_5V_GPU 164/134 POM_5V_CPU 328/751
RAM 3177/3964MB (lfb 3x2MB) SWAP 630/6078MB (cached 9MB) IRAM 0/252kB(lfb 252kB) CPU [2%@1479,0%@1479,0%@1479,2%@1479] EMC_FREQ 0%@1600 GR3D_FREQ 0%@921 APE 25 PLL@33.5C CPU@36C iwlwifi@35C PMIC@50C GPU@34.5C AO@45C thermal@35C POM_5V_IN 1972/2405 POM_5V_GPU 164/134 POM_5V_CPU 328/748
RAM 3183/3964MB (lfb 2x2MB) SWAP 629/6078MB (cached 9MB) IRAM 0/252kB(lfb 252kB) CPU [4%@1479,2%@1479,1%@1479,4%@1479] EMC_FREQ 0%@1600 GR3D_FREQ 0%@921 APE 25 PLL@33.5C CPU@35.5C iwlwifi@34C PMIC@50C GPU@34.5C AO@45C thermal@35C POM_5V_IN 1969/2402 POM_5V_GPU 164/135 POM_5V_CPU 328/745
RAM 3186/3964MB (lfb 2x2MB) SWAP 629/6078MB (cached 11MB) IRAM 0/252kB(lfb 252kB) CPU [2%@1479,1%@1479,3%@1479,3%@1479] EMC_FREQ 0%@1600 GR3D_FREQ 0%@921 APE 25 PLL@33.5C CPU@35.5C iwlwifi@34C PMIC@50C GPU@34C AO@45C thermal@34.75C POM_5V_IN 1972/2399 POM_5V_GPU 164/135 POM_5V_CPU 328/742
RAM 3186/3964MB (lfb 2x2MB) SWAP 629/6078MB (cached 11MB) IRAM 0/252kB(lfb 252kB) CPU [4%@1479,0%@1479,0%@1479,0%@1479] EMC_FREQ 0%@1600 GR3D_FREQ 0%@921 APE 25 PLL@33.5C CPU@35.5C iwlwifi@33C PMIC@50C GPU@34C AO@44.5C thermal@35C POM_5V_IN 2013/2396 POM_5V_GPU 164/135 POM_5V_CPU 369/740
RAM 3185/3964MB (lfb 2x2MB) SWAP 629/6078MB (cached 11MB) IRAM 0/252kB(lfb 252kB) CPU [3%@1479,2%@1479,0%@1479,0%@1479] EMC_FREQ 0%@1600 GR3D_FREQ 0%@921 APE 25 PLL@33.5C CPU@35.5C iwlwifi@33C PMIC@50C GPU@34C AO@45C thermal@34.75C POM_5V_IN 1931/2393 POM_5V_GPU 123/135 POM_5V_CPU 369/737
RAM 3185/3964MB (lfb 2x2MB) SWAP 629/6078MB (cached 11MB) IRAM 0/252kB(lfb 252kB) CPU [3%@1479,1%@1479,1%@1479,0%@1479] EMC_FREQ 0%@1600 GR3D_FREQ 0%@921 APE 25 PLL@33.5C CPU@35.5C iwlwifi@33C PMIC@50C GPU@34C AO@45C thermal@34.75C POM_5V_IN 1934/2390 POM_5V_GPU 164/135 POM_5V_CPU 328/735
RAM 3186/3964MB (lfb 2x2MB) SWAP 629/6078MB (cached 11MB) IRAM 0/252kB(lfb 252kB) CPU [2%@1479,0%@1479,2%@1479,0%@1479] EMC_FREQ 0%@1600 GR3D_FREQ 0%@921 APE 25 PLL@33.5C CPU@35C iwlwifi@34C PMIC@50C GPU@34C AO@44.5C thermal@34.75C POM_5V_IN 1972/2387 POM_5V_GPU 164/135 POM_5V_CPU 369/732
RAM 3185/3964MB (lfb 2x2MB) SWAP 629/6078MB (cached 11MB) IRAM 0/252kB(lfb 252kB) CPU [1%@1479,0%@1479,2%@1479,1%@1479] EMC_FREQ 0%@1600 GR3D_FREQ 0%@921 APE 25 PLL@33C CPU@35.5C iwlwifi@33C PMIC@50C GPU@34C AO@44.5C thermal@34.75C POM_5V_IN 1934/2384 POM_5V_GPU 164/136 POM_5V_CPU 328/729
RAM 3193/3964MB (lfb 3x1MB) SWAP 629/6078MB (cached 11MB) IRAM 0/252kB(lfb 252kB) CPU [3%@1479,0%@1479,2%@1479,1%@1479] EMC_FREQ 0%@1600 GR3D_FREQ 0%@921 APE 25 PLL@33.5C CPU@35.5C iwlwifi@35C PMIC@50C GPU@34C AO@45C thermal@35C POM_5V_IN 1969/2381 POM_5V_GPU 164/136 POM_5V_CPU 328/727
RAM 3186/3964MB (lfb 2x2MB) SWAP 629/6078MB (cached 11MB) IRAM 0/252kB(lfb 252kB) CPU [4%@1479,2%@1479,2%@1479,2%@1479] EMC_FREQ 0%@1600 GR3D_FREQ 0%@921 APE 25 PLL@33.5C CPU@35.5C iwlwifi@34C PMIC@50C GPU@34C AO@44.5C thermal@34.5C POM_5V_IN 2767/2384 POM_5V_GPU 162/136 POM_5V_CPU 976/728
RAM 3186/3964MB (lfb 2x2MB) SWAP 629/6078MB (cached 11MB) IRAM 0/252kB(lfb 252kB) CPU [2%@1479,2%@1479,0%@1479,0%@1479] EMC_FREQ 0%@1600 GR3D_FREQ 0%@921 APE 25 PLL@33C CPU@35C iwlwifi@34C PMIC@50C GPU@33.5C AO@44C thermal@34.5C POM_5V_IN 1972/2381 POM_5V_GPU 164/136 POM_5V_CPU 328/726
RAM 3186/3964MB (lfb 2x2MB) SWAP 629/6078MB (cached 11MB) IRAM 0/252kB(lfb 252kB) CPU [3%@1479,2%@1479,0%@1479,0%@1479] EMC_FREQ 0%@1600 GR3D_FREQ 0%@921 APE 25 PLL@33C CPU@35C iwlwifi@33C PMIC@50C GPU@33.5C AO@44.5C thermal@34C POM_5V_IN 2013/2379 POM_5V_GPU 123/136 POM_5V_CPU 369/723
RAM 3186/3964MB (lfb 2x2MB) SWAP 629/6078MB (cached 11MB) IRAM 0/252kB(lfb 252kB) CPU [3%@1479,1%@1479,0%@1479,0%@1479] EMC_FREQ 0%@1600 GR3D_FREQ 0%@921 APE 25 PLL@33C CPU@35C iwlwifi@33C PMIC@50C GPU@34C AO@44.5C thermal@34.25C POM_5V_IN 1934/2376 POM_5V_GPU 164/136 POM_5V_CPU 328/721
RAM 3186/3964MB (lfb 2x2MB) SWAP 629/6078MB (cached 11MB) IRAM 0/252kB(lfb 252kB) CPU [4%@1479,0%@1479,0%@1479,0%@1479] EMC_FREQ 0%@1600 GR3D_FREQ 0%@921 APE 25 PLL@33C CPU@34.5C iwlwifi@33C PMIC@50C GPU@33.5C AO@44.5C thermal@34.25C POM_5V_IN 1934/2373 POM_5V_GPU 164/136 POM_5V_CPU 328/718
RAM 3186/3964MB (lfb 2x2MB) SWAP 629/6078MB (cached 11MB) IRAM 0/252kB(lfb 252kB) CPU [2%@1479,1%@1479,1%@1479,0%@1479] EMC_FREQ 0%@1600 GR3D_FREQ 0%@921 APE 25 PLL@33C CPU@35C iwlwifi@33C PMIC@50C GPU@33.5C AO@44.5C thermal@34C POM_5V_IN 1934/2370 POM_5V_GPU 164/137 POM_5V_CPU 328/716
RAM 3186/3964MB (lfb 2x2MB) SWAP 629/6078MB (cached 11MB) IRAM 0/252kB(lfb 252kB) CPU [1%@1479,0%@1479,2%@1479,1%@1479] EMC_FREQ 0%@1600 GR3D_FREQ 0%@921 APE 25 PLL@32.5C CPU@34.5C iwlwifi@34C PMIC@50C GPU@33C AO@44C thermal@34C POM_5V_IN 1934/2367 POM_5V_GPU 123/136 POM_5V_CPU 287/713
RAM 3186/3964MB (lfb 2x2MB) SWAP 629/6078MB (cached 11MB) IRAM 0/252kB(lfb 252kB) CPU [3%@1479,1%@1479,3%@1479,5%@1479] EMC_FREQ 0%@1600 GR3D_FREQ 0%@921 APE 25 PLL@33.5C CPU@35C iwlwifi@33C PMIC@50C GPU@33.5C AO@44C thermal@34.25C POM_5V_IN 2731/2370 POM_5V_GPU 162/137 POM_5V_CPU 936/714
RAM 3186/3964MB (lfb 2x2MB) SWAP 629/6078MB (cached 11MB) IRAM 0/252kB(lfb 252kB) CPU [3%@1479,1%@1479,0%@1479,0%@1479] EMC_FREQ 0%@1600 GR3D_FREQ 0%@921 APE 25 PLL@33C CPU@35C iwlwifi@34C PMIC@50C GPU@33.5C AO@44C thermal@34.25C POM_5V_IN 1969/2367 POM_5V_GPU 123/136 POM_5V_CPU 328/712
RAM 3186/3964MB (lfb 2x2MB) SWAP 629/6078MB (cached 11MB) IRAM 0/252kB(lfb 252kB) CPU [2%@1479,2%@1479,0%@1479,0%@1479] EMC_FREQ 0%@1600 GR3D_FREQ 0%@921 APE 25 PLL@32.5C CPU@35C iwlwifi@33C PMIC@50C GPU@33C AO@44C thermal@34.25C POM_5V_IN 1931/2364 POM_5V_GPU 123/136 POM_5V_CPU 328/709
RAM 3185/3964MB (lfb 2x2MB) SWAP 629/6078MB (cached 11MB) IRAM 0/252kB(lfb 252kB) CPU [1%@1479,2%@1479,0%@1479,0%@1479] EMC_FREQ 0%@1600 GR3D_FREQ 0%@921 APE 25 PLL@32.5C CPU@35C iwlwifi@33C PMIC@50C GPU@33.5C AO@44C thermal@33.75C POM_5V_IN 1934/2362 POM_5V_GPU 164/137 POM_5V_CPU 287/707
RAM 3186/3964MB (lfb 2x2MB) SWAP 629/6078MB (cached 11MB) IRAM 0/252kB(lfb 252kB) CPU [1%@1479,1%@1479,1%@1479,0%@1479] EMC_FREQ 0%@1600 GR3D_FREQ 0%@921 APE 25 PLL@32.5C CPU@34.5C iwlwifi@33C PMIC@50C GPU@33C AO@44C thermal@33.75C POM_5V_IN 1934/2359 POM_5V_GPU 164/137 POM_5V_CPU 328/704
RAM 3186/3964MB (lfb 2x2MB) SWAP 629/6078MB (cached 11MB) IRAM 0/252kB(lfb 252kB) CPU [4%@1479,0%@1479,0%@1479,0%@1479] EMC_FREQ 0%@1600 GR3D_FREQ 0%@921 APE 25 PLL@32.5C CPU@34.5C iwlwifi@33C PMIC@50C GPU@33.5C AO@44C thermal@34C POM_5V_IN 1934/2356 POM_5V_GPU 123/137 POM_5V_CPU 328/702
RAM 3187/3964MB (lfb 2x2MB) SWAP 629/6078MB (cached 11MB) IRAM 0/252kB(lfb 252kB) CPU [2%@1479,3%@1479,2%@1479,0%@1479] EMC_FREQ 0%@1600 GR3D_FREQ 0%@921 APE 25 PLL@32.5C CPU@34.5C iwlwifi@33C PMIC@50C GPU@33.5C AO@44C thermal@33.75C POM_5V_IN 1934/2354 POM_5V_GPU 164/137 POM_5V_CPU 328/700
RAM 3186/3964MB (lfb 2x2MB) SWAP 629/6078MB (cached 11MB) IRAM 0/252kB(lfb 252kB) CPU [2%@1479,1%@1479,2%@1479,2%@1479] EMC_FREQ 0%@1600 GR3D_FREQ 0%@921 APE 25 PLL@32.5C CPU@34.5C iwlwifi@33C PMIC@50C GPU@33C AO@44C thermal@33.75C POM_5V_IN 1931/2351 POM_5V_GPU 164/137 POM_5V_CPU 328/698
RAM 3163/3964MB (lfb 1x4MB) SWAP 629/6078MB (cached 11MB) IRAM 0/252kB(lfb 252kB) CPU [2%@1479,1%@1479,0%@1479,2%@1479] EMC_FREQ 0%@1600 GR3D_FREQ 0%@921 APE 25 PLL@32.5C CPU@34.5C iwlwifi@33C PMIC@50C GPU@33C AO@44C thermal@34C POM_5V_IN 1934/2349 POM_5V_GPU 123/137 POM_5V_CPU 328/695
RAM 3180/3964MB (lfb 1x4MB) SWAP 629/6078MB (cached 11MB) IRAM 0/252kB(lfb 252kB) CPU [2%@1479,3%@1479,2%@1479,3%@1479] EMC_FREQ 0%@1600 GR3D_FREQ 0%@921 APE 25 PLL@32.5C CPU@34.5C iwlwifi@33C PMIC@50C GPU@33C AO@43.5C thermal@33.75C POM_5V_IN 1934/2346 POM_5V_GPU 123/137 POM_5V_CPU 287/693
RAM 3179/3964MB (lfb 1x4MB) SWAP 629/6078MB (cached 11MB) IRAM 0/252kB(lfb 252kB) CPU [2%@1479,0%@1479,3%@1479,2%@1479] EMC_FREQ 0%@1600 GR3D_FREQ 0%@921 APE 25 PLL@32.5C CPU@34.5C iwlwifi@33C PMIC@50C GPU@33C AO@43.5C thermal@33.75C POM_5V_IN 1934/2344 POM_5V_GPU 164/137 POM_5V_CPU 328/691
RAM 3181/3964MB (lfb 1x4MB) SWAP 629/6078MB (cached 11MB) IRAM 0/252kB(lfb 252kB) CPU [3%@1479,1%@1479,0%@1479,1%@1479] EMC_FREQ 0%@1600 GR3D_FREQ 0%@921 APE 25 PLL@32.5C CPU@34.5C iwlwifi@33C PMIC@50C GPU@33C AO@43.5C thermal@33.5C POM_5V_IN 1931/2341 POM_5V_GPU 123/137 POM_5V_CPU 328/688
RAM 3181/3964MB (lfb 1x4MB) SWAP 629/6078MB (cached 11MB) IRAM 0/252kB(lfb 252kB) CPU [4%@1479,0%@1479,0%@1479,0%@1479] EMC_FREQ 0%@1600 GR3D_FREQ 0%@921 APE 25 PLL@32.5C CPU@34.5C iwlwifi@33C PMIC@50C GPU@33C AO@44C thermal@33.75C POM_5V_IN 1934/2339 POM_5V_GPU 123/137 POM_5V_CPU 328/686
RAM 3180/3964MB (lfb 1x4MB) SWAP 629/6078MB (cached 11MB) IRAM 0/252kB(lfb 252kB) CPU [5%@1479,3%@1479,2%@1479,5%@1479] EMC_FREQ 0%@1600 GR3D_FREQ 0%@921 APE 25 PLL@32C CPU@34.5C iwlwifi@35C PMIC@50C GPU@33.5C AO@43.5C thermal@34C POM_5V_IN 1934/2336 POM_5V_GPU 123/137 POM_5V_CPU 328/684
RAM 3181/3964MB (lfb 1x4MB) SWAP 629/6078MB (cached 11MB) IRAM 0/252kB(lfb 252kB) CPU [2%@1479,1%@1479,4%@1479,1%@1479] EMC_FREQ 0%@1600 GR3D_FREQ 0%@921 APE 25 PLL@32C CPU@34C iwlwifi@34C PMIC@50C GPU@33C AO@43.5C thermal@33.5C POM_5V_IN 1934/2334 POM_5V_GPU 123/137 POM_5V_CPU 287/682
RAM 3180/3964MB (lfb 1x4MB) SWAP 629/6078MB (cached 11MB) IRAM 0/252kB(lfb 252kB) CPU [4%@1479,1%@1479,0%@1479,2%@1479] EMC_FREQ 0%@1600 GR3D_FREQ 0%@921 APE 25 PLL@32.5C CPU@34C iwlwifi@33C PMIC@50C GPU@33C AO@43.5C thermal@33.5C POM_5V_IN 1934/2332 POM_5V_GPU 123/137 POM_5V_CPU 287/680
RAM 3181/3964MB (lfb 1x4MB) SWAP 629/6078MB (cached 11MB) IRAM 0/252kB(lfb 252kB) CPU [4%@1479,1%@1479,0%@1479,2%@1479] EMC_FREQ 0%@1600 GR3D_FREQ 0%@921 APE 25 PLL@32C CPU@34C iwlwifi@33C PMIC@50C GPU@33C AO@43.5C thermal@33.5C POM_5V_IN 1931/2329 POM_5V_GPU 123/136 POM_5V_CPU 328/678
RAM 3181/3964MB (lfb 1x4MB) SWAP 629/6078MB (cached 11MB) IRAM 0/252kB(lfb 252kB) CPU [2%@1479,4%@1479,1%@1479,0%@1479] EMC_FREQ 0%@1600 GR3D_FREQ 0%@921 APE 25 PLL@32.5C CPU@34.5C iwlwifi@33C PMIC@50C GPU@33C AO@43.5C thermal@33.25C POM_5V_IN 1934/2327 POM_5V_GPU 123/136 POM_5V_CPU 287/675
RAM 3181/3964MB (lfb 1x4MB) SWAP 629/6078MB (cached 11MB) IRAM 0/252kB(lfb 252kB) CPU [2%@1479,4%@1479,1%@1479,0%@1479] EMC_FREQ 0%@1600 GR3D_FREQ 0%@921 APE 25 PLL@32.5C CPU@34C iwlwifi@33C PMIC@50C GPU@32.5C AO@44C thermal@33.25C POM_5V_IN 1934/2325 POM_5V_GPU 123/136 POM_5V_CPU 287/673
RAM 3182/3964MB (lfb 1x4MB) SWAP 629/6078MB (cached 11MB) IRAM 0/252kB(lfb 252kB) CPU [3%@1479,3%@1479,3%@1479,1%@1479] EMC_FREQ 0%@1600 GR3D_FREQ 0%@921 APE 25 PLL@32.5C CPU@34C iwlwifi@33C PMIC@50C GPU@32.5C AO@43.5C thermal@33.5C POM_5V_IN 1934/2323 POM_5V_GPU 123/136 POM_5V_CPU 328/671
RAM 1519/3964MB (lfb 13x4MB) SWAP 626/6078MB (cached 11MB) IRAM 0/252kB(lfb 252kB) CPU [6%@1479,4%@1479,5%@1479,12%@1479] EMC_FREQ 0%@1600 GR3D_FREQ 0%@921 APE 25 PLL@32C CPU@34C iwlwifi@33C PMIC@50C GPU@33C AO@43.5C thermal@33.25C POM_5V_IN 1934/2321 POM_5V_GPU 123/136 POM_5V_CPU 328/669
RAM 1519/3964MB (lfb 13x4MB) SWAP 626/6078MB (cached 11MB) IRAM 0/252kB(lfb 252kB) CPU [2%@1479,4%@1479,0%@1479,1%@1479] EMC_FREQ 0%@1600 GR3D_FREQ 0%@921 APE 25 PLL@32C CPU@34.5C iwlwifi@33C PMIC@50C GPU@32.5C AO@43C thermal@33.5C POM_5V_IN 1934/2318 POM_5V_GPU 123/136 POM_5V_CPU 287/667
RAM 1519/3964MB (lfb 13x4MB) SWAP 626/6078MB (cached 11MB) IRAM 0/252kB(lfb 252kB) CPU [2%@1479,1%@1479,3%@1479,0%@1479] EMC_FREQ 0%@1600 GR3D_FREQ 0%@921 APE 25 PLL@32C CPU@34C iwlwifi@33C PMIC@50C GPU@32.5C AO@43.5C thermal@33.5C POM_5V_IN 1934/2316 POM_5V_GPU 123/136 POM_5V_CPU 328/665
RAM 1519/3964MB (lfb 13x4MB) SWAP 626/6078MB (cached 11MB) IRAM 0/252kB(lfb 252kB) CPU [1%@1479,1%@1479,0%@1479,4%@1479] EMC_FREQ 0%@1600 GR3D_FREQ 0%@921 APE 25 PLL@32C CPU@34C iwlwifi@34C PMIC@50C GPU@32.5C AO@43C thermal@33.5C POM_5V_IN 1934/2314 POM_5V_GPU 123/136 POM_5V_CPU 328/663
RAM 1520/3964MB (lfb 13x4MB) SWAP 626/6078MB (cached 11MB) IRAM 0/252kB(lfb 252kB) CPU [1%@1479,0%@1479,1%@1479,4%@1479] EMC_FREQ 0%@1600 GR3D_FREQ 0%@921 APE 25 PLL@32C CPU@34C iwlwifi@33C PMIC@50C GPU@32.5C AO@43.5C thermal@33.25C POM_5V_IN 1931/2312 POM_5V_GPU 123/136 POM_5V_CPU 287/661
RAM 1520/3964MB (lfb 13x4MB) SWAP 626/6078MB (cached 11MB) IRAM 0/252kB(lfb 252kB) CPU [4%@1479,0%@1479,1%@1479,1%@1479] EMC_FREQ 0%@1600 GR3D_FREQ 0%@921 APE 25 PLL@32C CPU@34C iwlwifi@33C PMIC@50C GPU@32.5C AO@43.5C thermal@33.25C POM_5V_IN 1934/2310 POM_5V_GPU 123/136 POM_5V_CPU 287/659
RAM 1516/3964MB (lfb 13x4MB) SWAP 626/6078MB (cached 11MB) IRAM 0/252kB(lfb 252kB) CPU [5%@1479,7%@1479,off,off] EMC_FREQ 0%@1600 GR3D_FREQ 0%@921 APE 25 PLL@32C CPU@34C iwlwifi@33C PMIC@50C GPU@32C AO@43.5C thermal@32.5C POM_5V_IN 1934/2308 POM_5V_GPU 123/136 POM_5V_CPU 328/657
RAM 1516/3964MB (lfb 13x4MB) SWAP 626/6078MB (cached 11MB) IRAM 0/252kB(lfb 252kB) CPU [4%@921,6%@921,off,off] EMC_FREQ 0%@1600 GR3D_FREQ 0%@614 APE 25 PLL@32C CPU@33C iwlwifi@33C PMIC@50C GPU@32C AO@43C thermal@32.5C POM_5V_IN 1728/2305 POM_5V_GPU 82/135 POM_5V_CPU 164/655
RAM 1516/3964MB (lfb 13x4MB) SWAP 626/6078MB (cached 11MB) IRAM 0/252kB(lfb 252kB) CPU [8%@921,4%@921,off,off] EMC_FREQ 0%@1600 GR3D_FREQ 0%@614 APE 25 PLL@32C CPU@33C iwlwifi@34C PMIC@50C GPU@32C AO@42.5C thermal@32.75C POM_5V_IN 1731/2302 POM_5V_GPU 82/135 POM_5V_CPU 164/652
RAM 1673/3964MB (lfb 13x4MB) SWAP 626/6078MB (cached 11MB) IRAM 0/252kB(lfb 252kB) CPU [80%@921,86%@921,off,off] EMC_FREQ 0%@1600 GR3D_FREQ 0%@614 APE 25 PLL@31.5C CPU@33C iwlwifi@33C PMIC@50C GPU@32C AO@43C thermal@33.25C POM_5V_IN 1728/2298 POM_5V_GPU 82/135 POM_5V_CPU 164/649
RAM 1676/3964MB (lfb 13x4MB) SWAP 626/6078MB (cached 11MB) IRAM 0/252kB(lfb 252kB) CPU [100%@921,100%@921,off,off] EMC_FREQ 1%@1600 GR3D_FREQ 0%@614 APE 25 PLL@32C CPU@34.5C iwlwifi@33C PMIC@50C GPU@32C AO@43.5C thermal@33.25C POM_5V_IN 2535/2300 POM_5V_GPU 81/135 POM_5V_CPU 858/650
RAM 1663/3964MB (lfb 13x4MB) SWAP 626/6078MB (cached 11MB) IRAM 0/252kB(lfb 252kB) CPU [100%@921,100%@921,off,off] EMC_FREQ 1%@1600 GR3D_FREQ 0%@614 APE 25 PLL@32.5C CPU@34C iwlwifi@33C PMIC@50C GPU@32.5C AO@43.5C thermal@33.5C POM_5V_IN 2453/2301 POM_5V_GPU 81/134 POM_5V_CPU 858/652
RAM 1667/3964MB (lfb 13x4MB) SWAP 626/6078MB (cached 11MB) IRAM 0/252kB(lfb 252kB) CPU [100%@921,100%@921,off,off] EMC_FREQ 1%@1600 GR3D_FREQ 0%@614 APE 25 PLL@32.5C CPU@34.5C iwlwifi@33C PMIC@50C GPU@32.5C AO@44C thermal@33.5C POM_5V_IN 2494/2302 POM_5V_GPU 81/134 POM_5V_CPU 858/653
RAM 1674/3964MB (lfb 13x4MB) SWAP 626/6078MB (cached 11MB) IRAM 0/252kB(lfb 252kB) CPU [100%@921,100%@921,off,off] EMC_FREQ 1%@1600 GR3D_FREQ 0%@614 APE 25 PLL@32.5C CPU@35C iwlwifi@34C PMIC@50C GPU@32.5C AO@44C thermal@34C POM_5V_IN 2576/2303 POM_5V_GPU 81/134 POM_5V_CPU 940/654
RAM 1669/3964MB (lfb 13x4MB) SWAP 626/6078MB (cached 11MB) IRAM 0/252kB(lfb 252kB) CPU [100%@921,100%@921,off,off] EMC_FREQ 1%@1600 GR3D_FREQ 0%@614 APE 25 PLL@32.5C CPU@35C iwlwifi@33C PMIC@50C GPU@32.5C AO@43.5C thermal@33.5C POM_5V_IN 2572/2304 POM_5V_GPU 81/133 POM_5V_CPU 898/655
RAM 1669/3964MB (lfb 13x4MB) SWAP 626/6078MB (cached 11MB) IRAM 0/252kB(lfb 252kB) CPU [100%@921,100%@921,off,off] EMC_FREQ 1%@1600 GR3D_FREQ 0%@614 APE 25 PLL@32.5C CPU@34.5C iwlwifi@33C PMIC@50C GPU@32.5C AO@44C thermal@33.75C POM_5V_IN 2457/2305 POM_5V_GPU 81/133 POM_5V_CPU 858/656
RAM 1670/3964MB (lfb 13x4MB) SWAP 626/6078MB (cached 11MB) IRAM 0/252kB(lfb 252kB) CPU [100%@921,100%@921,off,off] EMC_FREQ 1%@1600 GR3D_FREQ 0%@614 APE 25 PLL@32.5C CPU@35.5C iwlwifi@33C PMIC@50C GPU@33C AO@44C thermal@34C POM_5V_IN 2613/2307 POM_5V_GPU 81/133 POM_5V_CPU 1020/658
RAM 1671/3964MB (lfb 13x4MB) SWAP 626/6078MB (cached 11MB) IRAM 0/252kB(lfb 252kB) CPU [100%@921,100%@921,off,off] EMC_FREQ 1%@1600 GR3D_FREQ 0%@614 APE 25 PLL@32.5C CPU@34.5C iwlwifi@33C PMIC@50C GPU@33C AO@43.5C thermal@34.25C POM_5V_IN 2576/2308 POM_5V_GPU 81/133 POM_5V_CPU 899/660
RAM 1674/3964MB (lfb 13x4MB) SWAP 626/6078MB (cached 11MB) IRAM 0/252kB(lfb 252kB) CPU [100%@921,100%@921,off,off] EMC_FREQ 1%@1600 GR3D_FREQ 0%@614 APE 25 PLL@32.5C CPU@35C iwlwifi@33C PMIC@50C GPU@32.5C AO@44C thermal@34C POM_5V_IN 2535/2309 POM_5V_GPU 81/132 POM_5V_CPU 899/661
RAM 1674/3964MB (lfb 13x4MB) SWAP 626/6078MB (cached 11MB) IRAM 0/252kB(lfb 252kB) CPU [100%@921,100%@921,off,off] EMC_FREQ 1%@1600 GR3D_FREQ 0%@614 APE 25 PLL@33C CPU@35.5C iwlwifi@33C PMIC@50C GPU@33C AO@44C thermal@34C POM_5V_IN 2576/2311 POM_5V_GPU 81/132 POM_5V_CPU 899/662
RAM 1666/3964MB (lfb 13x4MB) SWAP 626/6078MB (cached 11MB) IRAM 0/252kB(lfb 252kB) CPU [100%@921,100%@921,off,off] EMC_FREQ 1%@1600 GR3D_FREQ 0%@614 APE 25 PLL@32.5C CPU@35.5C iwlwifi@33C PMIC@50C GPU@33C AO@44.5C thermal@34.25C POM_5V_IN 2576/2312 POM_5V_GPU 81/132 POM_5V_CPU 940/663
RAM 1666/3964MB (lfb 13x4MB) SWAP 626/6078MB (cached 11MB) IRAM 0/252kB(lfb 252kB) CPU [100%@921,100%@921,off,off] EMC_FREQ 1%@1600 GR3D_FREQ 0%@614 APE 25 PLL@33C CPU@35C iwlwifi@33C PMIC@50C GPU@33C AO@44C thermal@34C POM_5V_IN 2416/2313 POM_5V_GPU 81/132 POM_5V_CPU 819/664
RAM 1666/3964MB (lfb 13x4MB) SWAP 626/6078MB (cached 11MB) IRAM 0/252kB(lfb 252kB) CPU [100%@921,100%@921,off,off] EMC_FREQ 1%@1600 GR3D_FREQ 0%@614 APE 25 PLL@33C CPU@35.5C iwlwifi@33C PMIC@50C GPU@33C AO@44C thermal@34C POM_5V_IN 2735/2315 POM_5V_GPU 81/131 POM_5V_CPU 939/666
RAM 1667/3964MB (lfb 13x4MB) SWAP 626/6078MB (cached 11MB) IRAM 0/252kB(lfb 252kB) CPU [100%@921,100%@921,off,off] EMC_FREQ 1%@1600 GR3D_FREQ 0%@614 APE 25 PLL@33C CPU@35.5C iwlwifi@33C PMIC@50C GPU@33C AO@44C thermal@34C POM_5V_IN 2576/2316 POM_5V_GPU 81/131 POM_5V_CPU 940/667
RAM 1668/3964MB (lfb 13x4MB) SWAP 626/6078MB (cached 11MB) IRAM 0/252kB(lfb 252kB) CPU [100%@921,100%@921,off,off] EMC_FREQ 1%@1600 GR3D_FREQ 0%@614 APE 25 PLL@33C CPU@35C iwlwifi@33C PMIC@50C GPU@33C AO@44.5C thermal@34.25C POM_5V_IN 2494/2317 POM_5V_GPU 81/131 POM_5V_CPU 858/668
RAM 1669/3964MB (lfb 13x4MB) SWAP 626/6078MB (cached 11MB) IRAM 0/252kB(lfb 252kB) CPU [100%@921,100%@921,off,off] EMC_FREQ 1%@1600 GR3D_FREQ 0%@614 APE 25 PLL@33C CPU@35C iwlwifi@33C PMIC@50C GPU@33C AO@44.5C thermal@34.25C POM_5V_IN 2494/2318 POM_5V_GPU 81/131 POM_5V_CPU 858/669
RAM 1681/3964MB (lfb 13x4MB) SWAP 626/6078MB (cached 11MB) IRAM 0/252kB(lfb 252kB) CPU [100%@921,100%@921,off,off] EMC_FREQ 1%@1600 GR3D_FREQ 0%@614 APE 25 PLL@33C CPU@35C iwlwifi@33C PMIC@50C GPU@33.5C AO@44.5C thermal@34.5C POM_5V_IN 2576/2319 POM_5V_GPU 81/130 POM_5V_CPU 899/670
RAM 1670/3964MB (lfb 13x4MB) SWAP 626/6078MB (cached 11MB) IRAM 0/252kB(lfb 252kB) CPU [100%@921,100%@921,off,off] EMC_FREQ 1%@1600 GR3D_FREQ 0%@614 APE 25 PLL@33.5C CPU@35.5C iwlwifi@33C PMIC@50C GPU@33C AO@44.5C thermal@34.25C POM_5V_IN 2576/2320 POM_5V_GPU 81/130 POM_5V_CPU 899/671
RAM 1676/3964MB (lfb 13x4MB) SWAP 626/6078MB (cached 11MB) IRAM 0/252kB(lfb 252kB) CPU [54%@921,54%@921,off,off] EMC_FREQ 1%@1600 GR3D_FREQ 0%@614 APE 25 PLL@33.5C CPU@35.5C iwlwifi@37C PMIC@50C GPU@33C AO@44C thermal@33.75C POM_5V_IN 2576/2322 POM_5V_GPU 81/130 POM_5V_CPU 940/672
RAM 1675/3964MB (lfb 13x4MB) SWAP 626/6078MB (cached 11MB) IRAM 0/252kB(lfb 252kB) CPU [4%@921,7%@921,off,off] EMC_FREQ 0%@1600 GR3D_FREQ 0%@614 APE 25 PLL@33C CPU@34.5C iwlwifi@33C PMIC@50C GPU@33C AO@44C thermal@33.75C POM_5V_IN 1731/2319 POM_5V_GPU 82/130 POM_5V_CPU 164/670
RAM 1675/3964MB (lfb 13x4MB) SWAP 626/6078MB (cached 11MB) IRAM 0/252kB(lfb 252kB) CPU [7%@921,5%@921,off,off] EMC_FREQ 0%@1600 GR3D_FREQ 0%@614 APE 25 PLL@32.5C CPU@34.5C iwlwifi@33C PMIC@50C GPU@33C AO@44C thermal@33.75C POM_5V_IN 1769/2316 POM_5V_GPU 82/129 POM_5V_CPU 164/667
RAM 1676/3964MB (lfb 13x4MB) SWAP 626/6078MB (cached 11MB) IRAM 0/252kB(lfb 252kB) CPU [7%@921,3%@921,off,off] EMC_FREQ 0%@1600 GR3D_FREQ 0%@614 APE 25 PLL@32.5C CPU@34.5C iwlwifi@34C PMIC@50C GPU@32.5C AO@44C thermal@33.25C POM_5V_IN 1728/2313 POM_5V_GPU 82/129 POM_5V_CPU 164/665
RAM 1675/3964MB (lfb 13x4MB) SWAP 626/6078MB (cached 11MB) IRAM 0/252kB(lfb 252kB) CPU [4%@921,7%@921,off,off] EMC_FREQ 0%@1600 GR3D_FREQ 0%@614 APE 25 PLL@32C CPU@34C iwlwifi@33C PMIC@50C GPU@32.5C AO@43.5C thermal@33.25C POM_5V_IN 1728/2310 POM_5V_GPU 82/129 POM_5V_CPU 164/663
RAM 1676/3964MB (lfb 13x4MB) SWAP 626/6078MB (cached 11MB) IRAM 0/252kB(lfb 252kB) CPU [6%@921,5%@921,off,off] EMC_FREQ 0%@1600 GR3D_FREQ 0%@614 APE 25 PLL@32C CPU@33.5C iwlwifi@33C PMIC@50C GPU@33C AO@43.5C thermal@33.25C POM_5V_IN 1728/2308 POM_5V_GPU 82/129 POM_5V_CPU 164/660
RAM 2056/3964MB (lfb 4x4MB) SWAP 626/6078MB (cached 11MB) IRAM 0/252kB(lfb 252kB) CPU [50%@921,55%@921,off,off] EMC_FREQ 0%@1600 GR3D_FREQ 0%@614 APE 25 PLL@32C CPU@34C iwlwifi@33C PMIC@50C GPU@33C AO@43.5C thermal@33.75C POM_5V_IN 1731/2305 POM_5V_GPU 82/128 POM_5V_CPU 164/658
RAM 3089/3964MB (lfb 3x1MB) SWAP 626/6078MB (cached 11MB) IRAM 0/252kB(lfb 252kB) CPU [88%@921,98%@921,off,off] EMC_FREQ 2%@1600 GR3D_FREQ 0%@614 APE 25 PLL@32.5C CPU@35C iwlwifi@34C PMIC@50C GPU@32.5C AO@44C thermal@33.5C POM_5V_IN 2572/2306 POM_5V_GPU 81/128 POM_5V_CPU 898/659
RAM 3141/3964MB (lfb 1x2MB) SWAP 664/6078MB (cached 10MB) IRAM 0/252kB(lfb 252kB) CPU [40%@921,98%@921,off,off] EMC_FREQ 2%@1600 GR3D_FREQ 4%@614 APE 25 PLL@33C CPU@34.5C iwlwifi@33C PMIC@50C GPU@33.5C AO@45C thermal@34C POM_5V_IN 2576/2307 POM_5V_GPU 163/128 POM_5V_CPU 817/660
RAM 3142/3964MB (lfb 1x2MB) SWAP 664/6078MB (cached 10MB) IRAM 0/252kB(lfb 252kB) CPU [35%@921,96%@921,off,off] EMC_FREQ 4%@1600 GR3D_FREQ 8%@614 APE 25 PLL@33C CPU@34.5C iwlwifi@33C PMIC@50C GPU@33C AO@44.5C thermal@33.75C POM_5V_IN 2613/2309 POM_5V_GPU 449/130 POM_5V_CPU 530/659
RAM 3143/3964MB (lfb 1x2MB) SWAP 664/6078MB (cached 11MB) IRAM 0/252kB(lfb 252kB) CPU [30%@921,100%@921,off,off] EMC_FREQ 4%@1600 GR3D_FREQ 6%@614 APE 25 PLL@33C CPU@34.5C iwlwifi@33C PMIC@50C GPU@33.5C AO@44C thermal@33.75C POM_5V_IN 2334/2309 POM_5V_GPU 245/130 POM_5V_CPU 573/659
RAM 3143/3964MB (lfb 1x2MB) SWAP 664/6078MB (cached 11MB) IRAM 0/252kB(lfb 252kB) CPU [29%@921,100%@921,off,off] EMC_FREQ 3%@1600 GR3D_FREQ 19%@614 APE 25 PLL@33C CPU@34.5C iwlwifi@33C PMIC@50C GPU@33.5C AO@44.5C thermal@34.25C POM_5V_IN 2767/2311 POM_5V_GPU 569/132 POM_5V_CPU 528/658
RAM 3145/3964MB (lfb 1x2MB) SWAP 663/6078MB (cached 12MB) IRAM 0/252kB(lfb 252kB) CPU [14%@921,50%@921,off,off] EMC_FREQ 3%@1600 GR3D_FREQ 6%@614 APE 25 PLL@33C CPU@34.5C iwlwifi@33C PMIC@50C GPU@33C AO@44C thermal@33.75C POM_5V_IN 2334/2311 POM_5V_GPU 245/133 POM_5V_CPU 573/658
RAM 3145/3964MB (lfb 1x2MB) SWAP 663/6078MB (cached 12MB) IRAM 0/252kB(lfb 252kB) CPU [9%@921,2%@921,off,off] EMC_FREQ 0%@1600 GR3D_FREQ 0%@614 APE 25 PLL@32.5C CPU@34C iwlwifi@34C PMIC@50C GPU@33C AO@43.5C thermal@33.5C POM_5V_IN 1731/2308 POM_5V_GPU 82/133 POM_5V_CPU 164/656
RAM 3145/3964MB (lfb 1x2MB) SWAP 663/6078MB (cached 12MB) IRAM 0/252kB(lfb 252kB) CPU [6%@921,5%@921,off,off] EMC_FREQ 0%@1600 GR3D_FREQ 0%@614 APE 25 PLL@32.5C CPU@34C iwlwifi@34C PMIC@50C GPU@33C AO@44C thermal@33.5C POM_5V_IN 1728/2306 POM_5V_GPU 82/132 POM_5V_CPU 164/653
RAM 3145/3964MB (lfb 1x2MB) SWAP 663/6078MB (cached 12MB) IRAM 0/252kB(lfb 252kB) CPU [6%@921,5%@921,off,off] EMC_FREQ 0%@1600 GR3D_FREQ 0%@614 APE 25 PLL@33C CPU@34C iwlwifi@33C PMIC@50C GPU@33C AO@44C thermal@33.25C POM_5V_IN 1731/2303 POM_5V_GPU 82/132 POM_5V_CPU 164/651
RAM 3145/3964MB (lfb 1x2MB) SWAP 663/6078MB (cached 12MB) IRAM 0/252kB(lfb 252kB) CPU [9%@921,2%@921,off,off] EMC_FREQ 0%@1600 GR3D_FREQ 0%@614 APE 25 PLL@32.5C CPU@34C iwlwifi@35C PMIC@50C GPU@33C AO@44C thermal@33.25C POM_5V_IN 1731/2301 POM_5V_GPU 82/132 POM_5V_CPU 164/649
RAM 3145/3964MB (lfb 1x2MB) SWAP 663/6078MB (cached 12MB) IRAM 0/252kB(lfb 252kB) CPU [5%@921,5%@921,off,off] EMC_FREQ 0%@1600 GR3D_FREQ 0%@614 APE 25 PLL@32.5C CPU@34C iwlwifi@33C PMIC@50C GPU@32.5C AO@43.5C thermal@33.25C POM_5V_IN 1728/2298 POM_5V_GPU 82/132 POM_5V_CPU 164/647
RAM 3146/3964MB (lfb 1x2MB) SWAP 663/6078MB (cached 12MB) IRAM 0/252kB(lfb 252kB) CPU [9%@921,8%@921,off,off] EMC_FREQ 0%@1600 GR3D_FREQ 0%@614 APE 25 PLL@32.5C CPU@34C iwlwifi@33C PMIC@50C GPU@32.5C AO@43.5C thermal@33.25C POM_5V_IN 1731/2296 POM_5V_GPU 82/132 POM_5V_CPU 164/644
RAM 3146/3964MB (lfb 1x2MB) SWAP 663/6078MB (cached 12MB) IRAM 0/252kB(lfb 252kB) CPU [7%@921,3%@921,off,off] EMC_FREQ 0%@1600 GR3D_FREQ 0%@614 APE 25 PLL@32C CPU@34C iwlwifi@34C PMIC@50C GPU@32.5C AO@43.5C thermal@33.25C POM_5V_IN 1731/2293 POM_5V_GPU 82/131 POM_5V_CPU 164/642
RAM 3146/3964MB (lfb 1x2MB) SWAP 663/6078MB (cached 12MB) IRAM 0/252kB(lfb 252kB) CPU [4%@921,7%@921,off,off] EMC_FREQ 0%@1600 GR3D_FREQ 0%@614 APE 25 PLL@32C CPU@33.5C iwlwifi@33C PMIC@50C GPU@32.5C AO@43.5C thermal@32.75C POM_5V_IN 1731/2290 POM_5V_GPU 82/131 POM_5V_CPU 164/640
RAM 3146/3964MB (lfb 1x2MB) SWAP 663/6078MB (cached 12MB) IRAM 0/252kB(lfb 252kB) CPU [5%@921,6%@921,off,off] EMC_FREQ 0%@1600 GR3D_FREQ 0%@614 APE 25 PLL@32C CPU@33.5C iwlwifi@33C PMIC@50C GPU@32C AO@43C thermal@33C POM_5V_IN 1731/2288 POM_5V_GPU 82/131 POM_5V_CPU 164/638
RAM 3146/3964MB (lfb 1x2MB) SWAP 663/6078MB (cached 12MB) IRAM 0/252kB(lfb 252kB) CPU [3%@921,6%@921,off,off] EMC_FREQ 0%@1600 GR3D_FREQ 0%@614 APE 25 PLL@32C CPU@33.5C iwlwifi@33C PMIC@50C GPU@32.5C AO@43.5C thermal@32.75C POM_5V_IN 1728/2286 POM_5V_GPU 82/131 POM_5V_CPU 164/636
RAM 3146/3964MB (lfb 1x2MB) SWAP 663/6078MB (cached 12MB) IRAM 0/252kB(lfb 252kB) CPU [7%@921,4%@921,off,off] EMC_FREQ 0%@1600 GR3D_FREQ 0%@614 APE 25 PLL@32C CPU@33.5C iwlwifi@33C PMIC@50C GPU@32C AO@43.5C thermal@33C POM_5V_IN 1731/2283 POM_5V_GPU 82/130 POM_5V_CPU 164/634
RAM 3146/3964MB (lfb 1x2MB) SWAP 663/6078MB (cached 12MB) IRAM 0/252kB(lfb 252kB) CPU [9%@921,7%@921,off,off] EMC_FREQ 0%@1600 GR3D_FREQ 0%@614 APE 25 PLL@32C CPU@34C iwlwifi@33C PMIC@50C GPU@32C AO@43C thermal@32.5C POM_5V_IN 1728/2281 POM_5V_GPU 82/130 POM_5V_CPU 164/632
RAM 3146/3964MB (lfb 1x2MB) SWAP 663/6078MB (cached 12MB) IRAM 0/252kB(lfb 252kB) CPU [6%@921,4%@921,off,off] EMC_FREQ 0%@1600 GR3D_FREQ 0%@614 APE 25 PLL@32C CPU@33.5C iwlwifi@33C PMIC@50C GPU@32C AO@43.5C thermal@32.5C POM_5V_IN 1731/2278 POM_5V_GPU 82/130 POM_5V_CPU 164/630
RAM 3146/3964MB (lfb 1x2MB) SWAP 663/6078MB (cached 12MB) IRAM 0/252kB(lfb 252kB) CPU [4%@921,6%@921,off,off] EMC_FREQ 0%@1600 GR3D_FREQ 0%@614 APE 25 PLL@31.5C CPU@33.5C iwlwifi@33C PMIC@50C GPU@32C AO@43C thermal@32.25C POM_5V_IN 1731/2276 POM_5V_GPU 82/130 POM_5V_CPU 164/628
RAM 3146/3964MB (lfb 1x2MB) SWAP 663/6078MB (cached 12MB) IRAM 0/252kB(lfb 252kB) CPU [6%@921,4%@921,off,off] EMC_FREQ 0%@1600 GR3D_FREQ 0%@614 APE 25 PLL@31.5C CPU@33.5C iwlwifi@33C PMIC@50C GPU@32C AO@43.5C thermal@32.75C POM_5V_IN 1731/2274 POM_5V_GPU 82/130 POM_5V_CPU 164/626
RAM 3146/3964MB (lfb 1x2MB) SWAP 663/6078MB (cached 12MB) IRAM 0/252kB(lfb 252kB) CPU [5%@921,7%@921,off,off] EMC_FREQ 0%@1600 GR3D_FREQ 0%@614 APE 25 PLL@31.5C CPU@33.5C iwlwifi@33C PMIC@50C GPU@32C AO@43C thermal@32.75C POM_5V_IN 1728/2271 POM_5V_GPU 82/129 POM_5V_CPU 164/624
RAM 3147/3964MB (lfb 1x2MB) SWAP 663/6078MB (cached 12MB) IRAM 0/252kB(lfb 252kB) CPU [8%@921,6%@921,off,off] EMC_FREQ 0%@1600 GR3D_FREQ 0%@614 APE 25 PLL@31.5C CPU@33.5C iwlwifi@34C PMIC@50C GPU@31.5C AO@43C thermal@32.5C POM_5V_IN 1731/2269 POM_5V_GPU 82/129 POM_5V_CPU 164/622
RAM 3146/3964MB (lfb 1x2MB) SWAP 663/6078MB (cached 12MB) IRAM 0/252kB(lfb 252kB) CPU [8%@921,3%@921,off,off] EMC_FREQ 0%@1600 GR3D_FREQ 0%@614 APE 25 PLL@31.5C CPU@33.5C iwlwifi@33C PMIC@50C GPU@31.5C AO@42.5C thermal@32.5C POM_5V_IN 1731/2267 POM_5V_GPU 82/129 POM_5V_CPU 164/620
RAM 3146/3964MB (lfb 1x2MB) SWAP 663/6078MB (cached 12MB) IRAM 0/252kB(lfb 252kB) CPU [7%@921,3%@921,off,off] EMC_FREQ 0%@1600 GR3D_FREQ 0%@614 APE 25 PLL@31.5C CPU@33.5C iwlwifi@33C PMIC@50C GPU@31.5C AO@42.5C thermal@32.25C POM_5V_IN 1731/2264 POM_5V_GPU 82/129 POM_5V_CPU 164/618
RAM 3146/3964MB (lfb 1x2MB) SWAP 663/6078MB (cached 12MB) IRAM 0/252kB(lfb 252kB) CPU [5%@921,4%@921,off,off] EMC_FREQ 0%@1600 GR3D_FREQ 0%@614 APE 25 PLL@31.5C CPU@33C iwlwifi@33C PMIC@50C GPU@31.5C AO@42.5C thermal@32.25C POM_5V_IN 1731/2262 POM_5V_GPU 82/129 POM_5V_CPU 164/616
RAM 3146/3964MB (lfb 1x2MB) SWAP 663/6078MB (cached 12MB) IRAM 0/252kB(lfb 252kB) CPU [5%@921,5%@921,off,off] EMC_FREQ 0%@1600 GR3D_FREQ 0%@614 APE 25 PLL@31.5C CPU@33C iwlwifi@33C PMIC@50C GPU@31.5C AO@42.5C thermal@32.25C POM_5V_IN 1731/2260 POM_5V_GPU 82/128 POM_5V_CPU 164/614
RAM 3146/3964MB (lfb 1x2MB) SWAP 663/6078MB (cached 12MB) IRAM 0/252kB(lfb 252kB) CPU [4%@921,5%@921,off,off] EMC_FREQ 0%@1600 GR3D_FREQ 0%@614 APE 25 PLL@31C CPU@33C iwlwifi@33C PMIC@50C GPU@31.5C AO@42.5C thermal@32.25C POM_5V_IN 1731/2258 POM_5V_GPU 82/128 POM_5V_CPU 164/612
RAM 3152/3964MB (lfb 1x2MB) SWAP 662/6078MB (cached 12MB) IRAM 0/252kB(lfb 252kB) CPU [9%@921,9%@921,off,off] EMC_FREQ 0%@1600 GR3D_FREQ 0%@614 APE 25 PLL@31C CPU@33C iwlwifi@33C PMIC@50C GPU@31.5C AO@42C thermal@32.25C POM_5V_IN 1731/2255 POM_5V_GPU 82/128 POM_5V_CPU 164/610
RAM 3155/3964MB (lfb 1x2MB) SWAP 666/6078MB (cached 12MB) IRAM 0/252kB(lfb 252kB) CPU [22%@921,22%@921,off,off] EMC_FREQ 0%@1600 GR3D_FREQ 0%@614 APE 25 PLL@31C CPU@32.5C iwlwifi@33C PMIC@50C GPU@31.5C AO@42.5C thermal@32.5C POM_5V_IN 1731/2253 POM_5V_GPU 82/128 POM_5V_CPU 164/609
RAM 3153/3964MB (lfb 1x2MB) SWAP 668/6078MB (cached 12MB) IRAM 0/252kB(lfb 252kB) CPU [60%@921,59%@921,off,off] EMC_FREQ 0%@1600 GR3D_FREQ 0%@614 APE 25 PLL@31.5C CPU@33.5C iwlwifi@33C PMIC@50C GPU@31.5C AO@42C thermal@32.5C POM_5V_IN 2375/2254 POM_5V_GPU 81/128 POM_5V_CPU 655/609
RAM 3159/3964MB (lfb 4x1MB) SWAP 665/6078MB (cached 13MB) IRAM 0/252kB(lfb 252kB) CPU [93%@921,87%@921,off,off] EMC_FREQ 0%@1600 GR3D_FREQ 0%@614 APE 25 PLL@31.5C CPU@33C iwlwifi@34C PMIC@50C GPU@32C AO@43C thermal@32.75C POM_5V_IN 1769/2252 POM_5V_GPU 82/127 POM_5V_CPU 164/607
RAM 3158/3964MB (lfb 1x2MB) SWAP 665/6078MB (cached 13MB) IRAM 0/252kB(lfb 252kB) CPU [12%@921,23%@921,off,off] EMC_FREQ 1%@1600 GR3D_FREQ 0%@614 APE 25 PLL@31.5C CPU@33.5C iwlwifi@33C PMIC@50C GPU@32C AO@42.5C thermal@32.25C POM_5V_IN 2092/2251 POM_5V_GPU 82/127 POM_5V_CPU 492/606
RAM 3160/3964MB (lfb 4x1MB) SWAP 665/6078MB (cached 13MB) IRAM 0/252kB(lfb 252kB) CPU [12%@921,8%@921,off,off] EMC_FREQ 0%@1600 GR3D_FREQ 0%@614 APE 25 PLL@31.5C CPU@33C iwlwifi@33C PMIC@50C GPU@31.5C AO@42.5C thermal@32C POM_5V_IN 1731/2249 POM_5V_GPU 82/127 POM_5V_CPU 164/605
RAM 3161/3964MB (lfb 16x1MB) SWAP 665/6078MB (cached 13MB) IRAM 0/252kB(lfb 252kB) CPU [7%@921,9%@921,off,off] EMC_FREQ 0%@1600 GR3D_FREQ 0%@614 APE 25 PLL@31C CPU@33C iwlwifi@33C PMIC@50C GPU@31.5C AO@42.5C thermal@32C POM_5V_IN 1731/2247 POM_5V_GPU 82/127 POM_5V_CPU 164/603
RAM 3163/3964MB (lfb 1x2MB) SWAP 665/6078MB (cached 13MB) IRAM 0/252kB(lfb 252kB) CPU [7%@921,7%@921,off,off] EMC_FREQ 0%@1600 GR3D_FREQ 0%@614 APE 25 PLL@31C CPU@33C iwlwifi@33C PMIC@50C GPU@31.5C AO@42.5C thermal@31.75C POM_5V_IN 1731/2245 POM_5V_GPU 82/127 POM_5V_CPU 164/601
RAM 3164/3964MB (lfb 1x2MB) SWAP 665/6078MB (cached 13MB) IRAM 0/252kB(lfb 252kB) CPU [4%@921,6%@921,off,off] EMC_FREQ 0%@1600 GR3D_FREQ 0%@614 APE 25 PLL@31C CPU@33C iwlwifi@33C PMIC@50C GPU@31C AO@42C thermal@32C POM_5V_IN 1731/2243 POM_5V_GPU 82/126 POM_5V_CPU 164/599
RAM 3163/3964MB (lfb 1x2MB) SWAP 665/6078MB (cached 13MB) IRAM 0/252kB(lfb 252kB) CPU [5%@921,4%@921,off,off] EMC_FREQ 0%@1600 GR3D_FREQ 0%@614 APE 25 PLL@31C CPU@33C iwlwifi@33C PMIC@50C GPU@31C AO@42C thermal@32.25C POM_5V_IN 1728/2241 POM_5V_GPU 82/126 POM_5V_CPU 164/598
RAM 3165/3964MB (lfb 1x2MB) SWAP 665/6078MB (cached 13MB) IRAM 0/252kB(lfb 252kB) CPU [9%@921,4%@921,off,off] EMC_FREQ 0%@1600 GR3D_FREQ 0%@614 APE 25 PLL@31C CPU@32.5C iwlwifi@33C PMIC@50C GPU@31.5C AO@42.5C thermal@31.75C POM_5V_IN 1731/2239 POM_5V_GPU 82/126 POM_5V_CPU 164/596
RAM 3164/3964MB (lfb 1x2MB) SWAP 665/6078MB (cached 13MB) IRAM 0/252kB(lfb 252kB) CPU [6%@921,5%@921,off,off] EMC_FREQ 0%@1600 GR3D_FREQ 0%@614 APE 25 PLL@31C CPU@33C iwlwifi@33C PMIC@50C GPU@31C AO@42C thermal@32C POM_5V_IN 1689/2236 POM_5V_GPU 82/126 POM_5V_CPU 164/594
RAM 3160/3964MB (lfb 3x2MB) SWAP 665/6078MB (cached 13MB) IRAM 0/252kB(lfb 252kB) CPU [6%@921,8%@921,off,off] EMC_FREQ 0%@1600 GR3D_FREQ 0%@614 APE 25 PLL@31C CPU@33C iwlwifi@34C PMIC@50C GPU@31C AO@42C thermal@32C POM_5V_IN 1731/2234 POM_5V_GPU 82/126 POM_5V_CPU 164/592
RAM 3160/3964MB (lfb 3x2MB) SWAP 665/6078MB (cached 13MB) IRAM 0/252kB(lfb 252kB) CPU [6%@921,8%@921,off,off] EMC_FREQ 0%@1600 GR3D_FREQ 0%@614 APE 25 PLL@31C CPU@32.5C iwlwifi@34C PMIC@50C GPU@31C AO@42C thermal@32C POM_5V_IN 1731/2232 POM_5V_GPU 82/126 POM_5V_CPU 164/591
RAM 3164/3964MB (lfb 1x2MB) SWAP 665/6078MB (cached 13MB) IRAM 0/252kB(lfb 252kB) CPU [7%@921,8%@921,off,off] EMC_FREQ 0%@1600 GR3D_FREQ 0%@614 APE 25 PLL@31C CPU@33C iwlwifi@32C PMIC@50C GPU@31C AO@42C thermal@31.75C POM_5V_IN 1731/2230 POM_5V_GPU 82/125 POM_5V_CPU 164/589
RAM 3163/3964MB (lfb 2x2MB) SWAP 665/6078MB (cached 13MB) IRAM 0/252kB(lfb 252kB) CPU [10%@921,9%@921,off,off] EMC_FREQ 0%@1600 GR3D_FREQ 0%@614 APE 25 PLL@31C CPU@32.5C iwlwifi@33C PMIC@50C GPU@31C AO@41.5C thermal@31.75C POM_5V_IN 1689/2228 POM_5V_GPU 82/125 POM_5V_CPU 164/587
RAM 3160/3964MB (lfb 3x2MB) SWAP 665/6078MB (cached 13MB) IRAM 0/252kB(lfb 252kB) CPU [8%@921,8%@921,off,off] EMC_FREQ 0%@1600 GR3D_FREQ 0%@614 APE 25 PLL@30.5C CPU@32.5C iwlwifi@32C PMIC@50C GPU@31C AO@42C thermal@31.5C POM_5V_IN 1731/2226 POM_5V_GPU 82/125 POM_5V_CPU 164/586
RAM 3162/3964MB (lfb 1x2MB) SWAP 665/6078MB (cached 13MB) IRAM 0/252kB(lfb 252kB) CPU [8%@921,6%@921,off,off] EMC_FREQ 0%@1600 GR3D_FREQ 0%@614 APE 25 PLL@30.5C CPU@32.5C iwlwifi@33C PMIC@50C GPU@31C AO@42C thermal@31.75C POM_5V_IN 2013/2226 POM_5V_GPU 82/125 POM_5V_CPU 164/584
RAM 3158/3964MB (lfb 3x2MB) SWAP 665/6078MB (cached 13MB) IRAM 0/252kB(lfb 252kB) CPU [8%@921,6%@921,off,off] EMC_FREQ 0%@1600 GR3D_FREQ 0%@614 APE 25 PLL@30.5C CPU@32.5C iwlwifi@33C PMIC@50C GPU@31C AO@42C thermal@31.5C POM_5V_IN 1689/2223 POM_5V_GPU 82/125 POM_5V_CPU 164/582
RAM 3160/3964MB (lfb 2x2MB) SWAP 665/6078MB (cached 13MB) IRAM 0/252kB(lfb 252kB) CPU [7%@921,7%@921,off,off] EMC_FREQ 0%@1600 GR3D_FREQ 0%@614 APE 25 PLL@30.5C CPU@32.5C iwlwifi@33C PMIC@50C GPU@31C AO@41.5C thermal@31.75C POM_5V_IN 1813/2222 POM_5V_GPU 82/125 POM_5V_CPU 205/581
RAM 3161/3964MB (lfb 2x2MB) SWAP 665/6078MB (cached 13MB) IRAM 0/252kB(lfb 252kB) CPU [8%@921,10%@921,off,off] EMC_FREQ 0%@1600 GR3D_FREQ 0%@614 APE 25 PLL@30.5C CPU@32C iwlwifi@32C PMIC@50C GPU@30.5C AO@42C thermal@31.5C POM_5V_IN 1934/2221 POM_5V_GPU 82/124 POM_5V_CPU 369/580
RAM 3162/3964MB (lfb 1x2MB) SWAP 665/6078MB (cached 13MB) IRAM 0/252kB(lfb 252kB) CPU [8%@921,8%@921,off,off] EMC_FREQ 0%@1600 GR3D_FREQ 0%@614 APE 25 PLL@30.5C CPU@32.5C iwlwifi@34C PMIC@50C GPU@31C AO@41.5C thermal@31.75C POM_5V_IN 1731/2219 POM_5V_GPU 82/124 POM_5V_CPU 164/579
RAM 3160/3964MB (lfb 2x2MB) SWAP 660/6078MB (cached 13MB) IRAM 0/252kB(lfb 252kB) CPU [8%@921,6%@921,off,off] EMC_FREQ 0%@1600 GR3D_FREQ 0%@614 APE 25 PLL@30.5C CPU@32.5C iwlwifi@32C PMIC@50C GPU@31C AO@41.5C thermal@31.75C POM_5V_IN 1772/2217 POM_5V_GPU 82/124 POM_5V_CPU 205/577
RAM 3163/3964MB (lfb 1x2MB) SWAP 660/6078MB (cached 13MB) IRAM 0/252kB(lfb 252kB) CPU [6%@921,8%@921,off,off] EMC_FREQ 0%@1600 GR3D_FREQ 0%@614 APE 25 PLL@30.5C CPU@32.5C iwlwifi@32C PMIC@50C GPU@30.5C AO@41.5C thermal@31.75C POM_5V_IN 1731/2215 POM_5V_GPU 82/124 POM_5V_CPU 164/576
RAM 3158/3964MB (lfb 3x2MB) SWAP 660/6078MB (cached 13MB) IRAM 0/252kB(lfb 252kB) CPU [5%@921,9%@921,off,off] EMC_FREQ 0%@1600 GR3D_FREQ 0%@614 APE 25 PLL@30.5C CPU@32C iwlwifi@33C PMIC@50C GPU@31C AO@41.5C thermal@31.5C POM_5V_IN 1731/2213 POM_5V_GPU 82/124 POM_5V_CPU 164/574
RAM 3164/3964MB (lfb 3x2MB) SWAP 650/6078MB (cached 13MB) IRAM 0/252kB(lfb 252kB) CPU [12%@921,15%@921,off,off] EMC_FREQ 0%@1600 GR3D_FREQ 0%@614 APE 25 PLL@30.5C CPU@32C iwlwifi@33C PMIC@50C GPU@31C AO@41.5C thermal@31.5C POM_5V_IN 1689/2212 POM_5V_GPU 82/124 POM_5V_CPU 164/572
RAM 1457/3964MB (lfb 13x4MB) SWAP 635/6078MB (cached 12MB) IRAM 0/252kB(lfb 252kB) CPU [12%@921,16%@921,off,off] EMC_FREQ 1%@1600 GR3D_FREQ 0%@614 APE 25 PLL@30.5C CPU@32C iwlwifi@34C PMIC@50C GPU@30.5C AO@41.5C thermal@31.5C POM_5V_IN 2133/2211 POM_5V_GPU 82/123 POM_5V_CPU 369/572
RAM 1454/3964MB (lfb 13x4MB) SWAP 635/6078MB (cached 12MB) IRAM 0/252kB(lfb 252kB) CPU [9%@921,5%@921,off,off] EMC_FREQ 0%@1600 GR3D_FREQ 0%@614 APE 25 PLL@30.5C CPU@32C iwlwifi@32C PMIC@50C GPU@31C AO@41.5C thermal@31.5C POM_5V_IN 1731/2209 POM_5V_GPU 82/123 POM_5V_CPU 164/570
RAM 1454/3964MB (lfb 13x4MB) SWAP 635/6078MB (cached 12MB) IRAM 0/252kB(lfb 252kB) CPU [6%@921,7%@921,off,off] EMC_FREQ 0%@1600 GR3D_FREQ 0%@614 APE 25 PLL@30.5C CPU@32.5C iwlwifi@32C PMIC@50C GPU@30.5C AO@41C thermal@31.25C POM_5V_IN 1689/2207 POM_5V_GPU 82/123 POM_5V_CPU 164/569
RAM 1456/3964MB (lfb 13x4MB) SWAP 635/6078MB (cached 12MB) IRAM 0/252kB(lfb 252kB) CPU [7%@921,6%@921,off,off] EMC_FREQ 0%@1600 GR3D_FREQ 0%@614 APE 25 PLL@30.5C CPU@32C iwlwifi@32C PMIC@50C GPU@30.5C AO@41.5C thermal@31.25C POM_5V_IN 1731/2206 POM_5V_GPU 82/123 POM_5V_CPU 164/567
RAM 1553/3964MB (lfb 13x4MB) SWAP 635/6078MB (cached 12MB) IRAM 0/252kB(lfb 252kB) CPU [44%@921,39%@921,off,off] EMC_FREQ 0%@1600 GR3D_FREQ 0%@614 APE 25 PLL@30.5C CPU@32C iwlwifi@32C PMIC@50C GPU@31C AO@42C thermal@31.75C POM_5V_IN 1731/2204 POM_5V_GPU 82/123 POM_5V_CPU 164/566
RAM 1832/3964MB (lfb 13x4MB) SWAP 635/6078MB (cached 12MB) IRAM 0/252kB(lfb 252kB) CPU [99%@921,97%@921,off,off] EMC_FREQ 1%@1600 GR3D_FREQ 0%@614 APE 25 PLL@31C CPU@32.5C iwlwifi@34C PMIC@50C GPU@31.5C AO@42C thermal@32C POM_5V_IN 2453/2205 POM_5V_GPU 81/123 POM_5V_CPU 695/566
RAM 1986/3964MB (lfb 12x4MB) SWAP 635/6078MB (cached 12MB) IRAM 0/252kB(lfb 252kB) CPU [98%@921,97%@921,off,off] EMC_FREQ 2%@1600 GR3D_FREQ 0%@614 APE 25 PLL@31C CPU@33C iwlwifi@32C PMIC@50C GPU@31C AO@42.5C thermal@32.25C POM_5V_IN 2731/2207 POM_5V_GPU 81/123 POM_5V_CPU 896/567
RAM 2005/3964MB (lfb 8x4MB) SWAP 628/6078MB (cached 20MB) IRAM 0/252kB(lfb 252kB) CPU [100%@921,100%@921,off,off] EMC_FREQ 1%@1600 GR3D_FREQ 0%@614 APE 25 PLL@31.5C CPU@33.5C iwlwifi@33C PMIC@50C GPU@31C AO@42.5C thermal@32.25C POM_5V_IN 2535/2208 POM_5V_GPU 81/122 POM_5V_CPU 858/568
RAM 2004/3964MB (lfb 8x4MB) SWAP 628/6078MB (cached 20MB) IRAM 0/252kB(lfb 252kB) CPU [100%@921,100%@921,off,off] EMC_FREQ 1%@1600 GR3D_FREQ 0%@614 APE 25 PLL@31.5C CPU@34C iwlwifi@32C PMIC@50C GPU@31.5C AO@42.5C thermal@32.5C POM_5V_IN 2494/2209 POM_5V_GPU 81/122 POM_5V_CPU 858/569
RAM 2005/3964MB (lfb 8x4MB) SWAP 628/6078MB (cached 20MB) IRAM 0/252kB(lfb 252kB) CPU [100%@921,100%@921,off,off] EMC_FREQ 0%@1600 GR3D_FREQ 0%@614 APE 25 PLL@31.5C CPU@33.5C iwlwifi@32C PMIC@50C GPU@32C AO@42.5C thermal@32.75C POM_5V_IN 2453/2210 POM_5V_GPU 81/122 POM_5V_CPU 858/570
RAM 2006/3964MB (lfb 8x4MB) SWAP 628/6078MB (cached 20MB) IRAM 0/252kB(lfb 252kB) CPU [100%@921,100%@921,off,off] EMC_FREQ 1%@1600 GR3D_FREQ 0%@614 APE 25 PLL@31.5C CPU@33.5C iwlwifi@33C PMIC@50C GPU@32C AO@42.5C thermal@32.75C POM_5V_IN 2494/2211 POM_5V_GPU 81/122 POM_5V_CPU 858/572
RAM 2007/3964MB (lfb 8x4MB) SWAP 628/6078MB (cached 20MB) IRAM 0/252kB(lfb 252kB) CPU [100%@921,100%@921,off,off] EMC_FREQ 1%@1600 GR3D_FREQ 0%@614 APE 25 PLL@31.5C CPU@33.5C iwlwifi@32C PMIC@50C GPU@32C AO@43C thermal@33C POM_5V_IN 2494/2212 POM_5V_GPU 81/122 POM_5V_CPU 858/573
RAM 2007/3964MB (lfb 8x4MB) SWAP 628/6078MB (cached 20MB) IRAM 0/252kB(lfb 252kB) CPU [100%@921,100%@921,off,off] EMC_FREQ 1%@1600 GR3D_FREQ 0%@614 APE 25 PLL@31.5C CPU@34C iwlwifi@32C PMIC@50C GPU@32C AO@43C thermal@33C POM_5V_IN 2490/2213 POM_5V_GPU 81/122 POM_5V_CPU 857/574
RAM 2009/3964MB (lfb 8x4MB) SWAP 628/6078MB (cached 20MB) IRAM 0/252kB(lfb 252kB) CPU [100%@921,100%@921,off,off] EMC_FREQ 1%@1600 GR3D_FREQ 0%@614 APE 25 PLL@31.5C CPU@34C iwlwifi@32C PMIC@50C GPU@32C AO@43.5C thermal@33C POM_5V_IN 2494/2214 POM_5V_GPU 81/121 POM_5V_CPU 899/575
RAM 2004/3964MB (lfb 8x4MB) SWAP 628/6078MB (cached 20MB) IRAM 0/252kB(lfb 252kB) CPU [100%@921,100%@921,off,off] EMC_FREQ 1%@1600 GR3D_FREQ 0%@614 APE 25 PLL@32C CPU@34C iwlwifi@32C PMIC@50C GPU@32.5C AO@43.5C thermal@33.25C POM_5V_IN 2494/2215 POM_5V_GPU 81/121 POM_5V_CPU 858/576
RAM 2005/3964MB (lfb 8x4MB) SWAP 628/6078MB (cached 20MB) IRAM 0/252kB(lfb 252kB) CPU [100%@921,100%@921,off,off] EMC_FREQ 1%@1600 GR3D_FREQ 0%@614 APE 25 PLL@32C CPU@34.5C iwlwifi@32C PMIC@50C GPU@32.5C AO@43.5C thermal@33.25C POM_5V_IN 2453/2216 POM_5V_GPU 81/121 POM_5V_CPU 858/577
RAM 2005/3964MB (lfb 8x4MB) SWAP 628/6078MB (cached 20MB) IRAM 0/252kB(lfb 252kB) CPU [100%@921,100%@921,off,off] EMC_FREQ 1%@1600 GR3D_FREQ 0%@614 APE 25 PLL@32C CPU@34C iwlwifi@32C PMIC@50C GPU@32.5C AO@43.5C thermal@33.25C POM_5V_IN 2494/2217 POM_5V_GPU 81/121 POM_5V_CPU 899/578
RAM 2006/3964MB (lfb 8x4MB) SWAP 628/6078MB (cached 20MB) IRAM 0/252kB(lfb 252kB) CPU [100%@921,100%@921,off,off] EMC_FREQ 1%@1600 GR3D_FREQ 0%@614 APE 25 PLL@32C CPU@34.5C iwlwifi@32C PMIC@50C GPU@32.5C AO@43.5C thermal@33.25C POM_5V_IN 2535/2218 POM_5V_GPU 81/121 POM_5V_CPU 899/579
RAM 2007/3964MB (lfb 8x4MB) SWAP 628/6078MB (cached 20MB) IRAM 0/252kB(lfb 252kB) CPU [100%@921,100%@921,off,off] EMC_FREQ 1%@1600 GR3D_FREQ 0%@614 APE 25 PLL@32C CPU@34C iwlwifi@32C PMIC@50C GPU@32.5C AO@44C thermal@33.5C POM_5V_IN 2457/2219 POM_5V_GPU 81/121 POM_5V_CPU 858/580
RAM 2008/3964MB (lfb 8x4MB) SWAP 628/6078MB (cached 20MB) IRAM 0/252kB(lfb 252kB) CPU [100%@921,100%@921,off,off] EMC_FREQ 1%@1600 GR3D_FREQ 0%@614 APE 25 PLL@32C CPU@34.5C iwlwifi@32C PMIC@50C GPU@32.5C AO@44C thermal@33.5C POM_5V_IN 2453/2220 POM_5V_GPU 81/121 POM_5V_CPU 858/581
RAM 2002/3964MB (lfb 8x4MB) SWAP 628/6078MB (cached 20MB) IRAM 0/252kB(lfb 252kB) CPU [100%@921,100%@921,off,off] EMC_FREQ 1%@1600 GR3D_FREQ 0%@614 APE 25 PLL@32.5C CPU@34.5C iwlwifi@32C PMIC@50C GPU@33C AO@44C thermal@33.5C POM_5V_IN 2457/2220 POM_5V_GPU 81/120 POM_5V_CPU 858/582
RAM 2850/3964MB (lfb 2x512kB) SWAP 628/6078MB (cached 20MB) IRAM 0/252kB(lfb 252kB) CPU [98%@921,92%@921,off,off] EMC_FREQ 1%@1600 GR3D_FREQ 0%@614 APE 25 PLL@32C CPU@34.5C iwlwifi@33C PMIC@50C GPU@32.5C AO@44C thermal@33.25C POM_5V_IN 2535/2221 POM_5V_GPU 81/120 POM_5V_CPU 899/583
RAM 3528/3964MB (lfb 1x2MB) SWAP 777/6078MB (cached 18MB) IRAM 0/252kB(lfb 252kB) CPU [58%@921,65%@921,off,off] EMC_FREQ 1%@1600 GR3D_FREQ 0%@614 APE 25 PLL@32.5C CPU@34C iwlwifi@35C PMIC@50C GPU@32.5C AO@43.5C thermal@33.75C POM_5V_IN 2490/2222 POM_5V_GPU 81/120 POM_5V_CPU 612/583
RAM 3526/3964MB (lfb 2x2MB) SWAP 791/6078MB (cached 23MB) IRAM 0/252kB(lfb 252kB) CPU [85%@921,49%@921,off,off] EMC_FREQ 2%@1600 GR3D_FREQ 0%@614 APE 25 PLL@32.5C CPU@34C iwlwifi@33C PMIC@50C GPU@33C AO@44.5C thermal@33.75C POM_5V_IN 2174/2222 POM_5V_GPU 82/120 POM_5V_CPU 287/582
RAM 3526/3964MB (lfb 1x2MB) SWAP 794/6078MB (cached 23MB) IRAM 0/252kB(lfb 252kB) CPU [99%@921,32%@921,off,off] EMC_FREQ 5%@1600 GR3D_FREQ 38%@614 APE 25 PLL@32.5C CPU@34.5C iwlwifi@33C PMIC@50C GPU@33C AO@44.5C thermal@34.25C POM_5V_IN 2735/2224 POM_5V_GPU 611/122 POM_5V_CPU 489/582
RAM 3541/3964MB (lfb 1x2MB) SWAP 804/6078MB (cached 24MB) IRAM 0/252kB(lfb 252kB) CPU [97%@921,89%@921,off,off] EMC_FREQ 5%@1600 GR3D_FREQ 33%@614 APE 25 PLL@32.5C CPU@34.5C iwlwifi@34C PMIC@50C GPU@33C AO@44.5C thermal@34C POM_5V_IN 2772/2226 POM_5V_GPU 611/123 POM_5V_CPU 489/581
RAM 3525/3964MB (lfb 3x2MB) SWAP 804/6078MB (cached 25MB) IRAM 0/252kB(lfb 252kB) CPU [100%@921,100%@921,off,off] EMC_FREQ 1%@1600 GR3D_FREQ 0%@614 APE 25 PLL@33C CPU@35.5C iwlwifi@33C PMIC@50C GPU@33.5C AO@44.5C thermal@34.5C POM_5V_IN 2613/2227 POM_5V_GPU 81/123 POM_5V_CPU 939/583
RAM 1345/3964MB (lfb 7x4MB) SWAP 776/6078MB (cached 24MB) IRAM 0/252kB(lfb 252kB) CPU [71%@921,77%@921,off,off] EMC_FREQ 1%@1600 GR3D_FREQ 0%@614 APE 25 PLL@33C CPU@35.5C iwlwifi@33C PMIC@50C GPU@33C AO@44C thermal@34C POM_5V_IN 2694/2229 POM_5V_GPU 81/123 POM_5V_CPU 1020/584
RAM 1937/3964MB (lfb 1x2MB) SWAP 776/6078MB (cached 24MB) IRAM 0/252kB(lfb 252kB) CPU [87%@921,88%@921,off,off] EMC_FREQ 2%@1600 GR3D_FREQ 0%@614 APE 25 PLL@33C CPU@34.5C iwlwifi@33C PMIC@50C GPU@33C AO@44.5C thermal@34.25C POM_5V_IN 2256/2229 POM_5V_GPU 82/123 POM_5V_CPU 491/584
RAM 2939/3964MB (lfb 1x2MB) SWAP 778/6078MB (cached 24MB) IRAM 0/252kB(lfb 252kB) CPU [44%@921,69%@921,off,off] EMC_FREQ 2%@1600 GR3D_FREQ 1%@614 APE 25 PLL@33.5C CPU@35C iwlwifi@33C PMIC@50C GPU@33C AO@44C thermal@34C POM_5V_IN 2613/2230 POM_5V_GPU 122/123 POM_5V_CPU 815/585
RAM 1417/3964MB (lfb 7x4MB) SWAP 819/6078MB (cached 25MB) IRAM 0/252kB(lfb 252kB) CPU [59%@921,64%@921,off,off] EMC_FREQ 2%@1600 GR3D_FREQ 0%@614 APE 25 PLL@33C CPU@34.5C iwlwifi@34C PMIC@50C GPU@33C AO@44.5C thermal@33.75C POM_5V_IN 2375/2231 POM_5V_GPU 81/123 POM_5V_CPU 491/584
RAM 2045/3964MB (lfb 1x2MB) SWAP 818/6078MB (cached 25MB) IRAM 0/252kB(lfb 252kB) CPU [97%@921,92%@921,off,off] EMC_FREQ 2%@1600 GR3D_FREQ 0%@614 APE 25 PLL@33C CPU@34.5C iwlwifi@33C PMIC@50C GPU@33.5C AO@44.5C thermal@34.25C POM_5V_IN 2174/2231 POM_5V_GPU 82/123 POM_5V_CPU 246/583
RAM 3036/3964MB (lfb 1x2MB) SWAP 820/6078MB (cached 20MB) IRAM 0/252kB(lfb 252kB) CPU [87%@921,87%@921,off,off] EMC_FREQ 2%@1600 GR3D_FREQ 0%@614 APE 25 PLL@33C CPU@35.5C iwlwifi@33C PMIC@50C GPU@33.5C AO@44.5C thermal@34.25C POM_5V_IN 2576/2232 POM_5V_GPU 81/123 POM_5V_CPU 899/584
RAM 3057/3964MB (lfb 1x2MB) SWAP 824/6078MB (cached 19MB) IRAM 0/252kB(lfb 252kB) CPU [63%@921,77%@921,off,off] EMC_FREQ 3%@1600 GR3D_FREQ 8%@614 APE 25 PLL@33C CPU@35C iwlwifi@34C PMIC@50C GPU@33C AO@44.5C thermal@33.75C POM_5V_IN 2375/2232 POM_5V_GPU 245/123 POM_5V_CPU 614/584
RAM 1331/3964MB (lfb 8x4MB) SWAP 822/6078MB (cached 19MB) IRAM 0/252kB(lfb 252kB) CPU [14%@921,15%@921,off,off] EMC_FREQ 2%@1600 GR3D_FREQ 0%@614 APE 25 PLL@33.5C CPU@35C iwlwifi@33C PMIC@50C GPU@33C AO@44.5C thermal@33.75C POM_5V_IN 2252/2232 POM_5V_GPU 81/123 POM_5V_CPU 531/584
RAM 1328/3964MB (lfb 8x4MB) SWAP 822/6078MB (cached 19MB) IRAM 0/252kB(lfb 252kB) CPU [8%@921,10%@921,off,off] EMC_FREQ 0%@1600 GR3D_FREQ 0%@614 APE 25 PLL@33C CPU@34.5C iwlwifi@33C PMIC@50C GPU@33C AO@44C thermal@33.75C POM_5V_IN 2174/2232 POM_5V_GPU 82/123 POM_5V_CPU 574/584
RAM 1331/3964MB (lfb 8x4MB) SWAP 822/6078MB (cached 19MB) IRAM 0/252kB(lfb 252kB) CPU [7%@921,7%@921,off,off] EMC_FREQ 0%@1600 GR3D_FREQ 0%@614 APE 25 PLL@32.5C CPU@34.5C iwlwifi@35C PMIC@50C GPU@33C AO@44C thermal@33.75C POM_5V_IN 1731/2230 POM_5V_GPU 82/123 POM_5V_CPU 164/583
RAM 1330/3964MB (lfb 8x4MB) SWAP 822/6078MB (cached 19MB) IRAM 0/252kB(lfb 252kB) CPU [7%@921,6%@921,off,off] EMC_FREQ 0%@1600 GR3D_FREQ 0%@614 APE 25 PLL@32.5C CPU@34.5C iwlwifi@33C PMIC@50C GPU@33C AO@44C thermal@33.25C POM_5V_IN 1731/2229 POM_5V_GPU 82/122 POM_5V_CPU 164/581
RAM 1332/3964MB (lfb 8x4MB) SWAP 822/6078MB (cached 19MB) IRAM 0/252kB(lfb 252kB) CPU [8%@921,6%@921,off,off] EMC_FREQ 0%@1600 GR3D_FREQ 0%@614 APE 25 PLL@32C CPU@34.5C iwlwifi@33C PMIC@50C GPU@32.5C AO@44C thermal@33.5C POM_5V_IN 1731/2227 POM_5V_GPU 82/122 POM_5V_CPU 164/580
RAM 1350/3964MB (lfb 8x4MB) SWAP 820/6078MB (cached 21MB) IRAM 0/252kB(lfb 252kB) CPU [10%@921,8%@921,off,off] EMC_FREQ 0%@1600 GR3D_FREQ 0%@614 APE 25 PLL@32.5C CPU@34C iwlwifi@33C PMIC@50C GPU@32.5C AO@43.5C thermal@33.25C POM_5V_IN 1731/2225 POM_5V_GPU 82/122 POM_5V_CPU 164/579
RAM 1337/3964MB (lfb 8x4MB) SWAP 820/6078MB (cached 22MB) IRAM 0/252kB(lfb 252kB) CPU [9%@921,5%@921,off,off] EMC_FREQ 0%@1600 GR3D_FREQ 0%@614 APE 25 PLL@32.5C CPU@34C iwlwifi@33C PMIC@50C GPU@32.5C AO@43.5C thermal@33C POM_5V_IN 1728/2224 POM_5V_GPU 82/122 POM_5V_CPU 164/577
RAM 1338/3964MB (lfb 8x4MB) SWAP 819/6078MB (cached 22MB) IRAM 0/252kB(lfb 252kB) CPU [9%@921,11%@921,off,off] EMC_FREQ 0%@1600 GR3D_FREQ 0%@614 APE 25 PLL@32C CPU@34C iwlwifi@33C PMIC@50C GPU@32.5C AO@43C thermal@33.25C POM_5V_IN 1731/2222 POM_5V_GPU 82/122 POM_5V_CPU 164/576
RAM 1335/3964MB (lfb 8x4MB) SWAP 819/6078MB (cached 22MB) IRAM 0/252kB(lfb 252kB) CPU [4%@921,9%@921,off,off] EMC_FREQ 0%@1600 GR3D_FREQ 0%@614 APE 25 PLL@32C CPU@33.5C iwlwifi@33C PMIC@50C GPU@32.5C AO@43C thermal@33.25C POM_5V_IN 1731/2221 POM_5V_GPU 82/122 POM_5V_CPU 164/575
RAM 1338/3964MB (lfb 8x4MB) SWAP 819/6078MB (cached 22MB) IRAM 0/252kB(lfb 252kB) CPU [5%@921,8%@921,off,off] EMC_FREQ 0%@1600 GR3D_FREQ 0%@614 APE 25 PLL@32C CPU@34C iwlwifi@33C PMIC@50C GPU@32.5C AO@43C thermal@32.75C POM_5V_IN 1731/2219 POM_5V_GPU 82/122 POM_5V_CPU 164/573
RAM 1336/3964MB (lfb 8x4MB) SWAP 819/6078MB (cached 22MB) IRAM 0/252kB(lfb 252kB) CPU [6%@921,7%@921,off,off] EMC_FREQ 0%@1600 GR3D_FREQ 0%@614 APE 25 PLL@31.5C CPU@34C iwlwifi@33C PMIC@50C GPU@32C AO@43C thermal@33C POM_5V_IN 1731/2217 POM_5V_GPU 82/121 POM_5V_CPU 164/572
RAM 1334/3964MB (lfb 8x4MB) SWAP 819/6078MB (cached 22MB) IRAM 0/252kB(lfb 252kB) CPU [8%@921,5%@921,off,off] EMC_FREQ 0%@1600 GR3D_FREQ 0%@614 APE 25 PLL@31.5C CPU@34C iwlwifi@33C PMIC@50C GPU@32C AO@43C thermal@32.75C POM_5V_IN 1731/2216 POM_5V_GPU 82/121 POM_5V_CPU 164/571
RAM 1334/3964MB (lfb 8x4MB) SWAP 819/6078MB (cached 22MB) IRAM 0/252kB(lfb 252kB) CPU [6%@921,7%@921,off,off] EMC_FREQ 0%@1600 GR3D_FREQ 0%@614 APE 25 PLL@31.5C CPU@33.5C iwlwifi@33C PMIC@50C GPU@32C AO@43C thermal@32.75C POM_5V_IN 1731/2214 POM_5V_GPU 82/121 POM_5V_CPU 164/569
RAM 1339/3964MB (lfb 8x4MB) SWAP 819/6078MB (cached 22MB) IRAM 0/252kB(lfb 252kB) CPU [6%@921,8%@921,off,off] EMC_FREQ 0%@1600 GR3D_FREQ 0%@614 APE 25 PLL@31.5C CPU@33.5C iwlwifi@33C PMIC@50C GPU@32C AO@42.5C thermal@32.5C POM_5V_IN 1731/2213 POM_5V_GPU 82/121 POM_5V_CPU 164/568
RAM 1337/3964MB (lfb 8x4MB) SWAP 819/6078MB (cached 22MB) IRAM 0/252kB(lfb 252kB) CPU [6%@921,7%@921,off,off] EMC_FREQ 0%@1600 GR3D_FREQ 0%@614 APE 25 PLL@31.5C CPU@33C iwlwifi@33C PMIC@50C GPU@32C AO@42.5C thermal@32.75C POM_5V_IN 1731/2211 POM_5V_GPU 82/121 POM_5V_CPU 164/567
RAM 1335/3964MB (lfb 8x4MB) SWAP 819/6078MB (cached 22MB) IRAM 0/252kB(lfb 252kB) CPU [6%@921,7%@921,off,off] EMC_FREQ 0%@1600 GR3D_FREQ 0%@614 APE 25 PLL@31C CPU@33C iwlwifi@33C PMIC@50C GPU@32C AO@42.5C thermal@32.75C POM_5V_IN 1728/2210 POM_5V_GPU 82/121 POM_5V_CPU 164/565
RAM 1339/3964MB (lfb 8x4MB) SWAP 819/6078MB (cached 22MB) IRAM 0/252kB(lfb 252kB) CPU [5%@921,8%@921,off,off] EMC_FREQ 0%@1600 GR3D_FREQ 0%@614 APE 25 PLL@31C CPU@33C iwlwifi@33C PMIC@50C GPU@31.5C AO@42.5C thermal@32.5C POM_5V_IN 1731/2208 POM_5V_GPU 82/121 POM_5V_CPU 164/564
RAM 1338/3964MB (lfb 8x4MB) SWAP 819/6078MB (cached 22MB) IRAM 0/252kB(lfb 252kB) CPU [9%@921,5%@921,off,off] EMC_FREQ 0%@1600 GR3D_FREQ 0%@614 APE 25 PLL@31.5C CPU@33C iwlwifi@33C PMIC@50C GPU@31.5C AO@42.5C thermal@32.75C POM_5V_IN 1731/2207 POM_5V_GPU 82/121 POM_5V_CPU 164/563
RAM 1337/3964MB (lfb 8x4MB) SWAP 819/6078MB (cached 22MB) IRAM 0/252kB(lfb 252kB) CPU [7%@921,7%@921,off,off] EMC_FREQ 0%@1600 GR3D_FREQ 0%@614 APE 25 PLL@31.5C CPU@33C iwlwifi@33C PMIC@50C GPU@32C AO@42.5C thermal@32.25C POM_5V_IN 1731/2205 POM_5V_GPU 82/120 POM_5V_CPU 164/562
RAM 1335/3964MB (lfb 8x4MB) SWAP 819/6078MB (cached 22MB) IRAM 0/252kB(lfb 252kB) CPU [8%@921,6%@921,off,off] EMC_FREQ 0%@1600 GR3D_FREQ 0%@614 APE 25 PLL@31.5C CPU@33C iwlwifi@33C PMIC@50C GPU@31.5C AO@42.5C thermal@32.25C POM_5V_IN 1731/2204 POM_5V_GPU 82/120 POM_5V_CPU 164/560
RAM 1336/3964MB (lfb 8x4MB) SWAP 819/6078MB (cached 23MB) IRAM 0/252kB(lfb 252kB) CPU [6%@921,8%@921,off,off] EMC_FREQ 0%@1600 GR3D_FREQ 0%@614 APE 25 PLL@31C CPU@33C iwlwifi@32C PMIC@50C GPU@31.5C AO@42.5C thermal@32.25C POM_5V_IN 1772/2202 POM_5V_GPU 82/120 POM_5V_CPU 206/559
RAM 1340/3964MB (lfb 8x4MB) SWAP 819/6078MB (cached 23MB) IRAM 0/252kB(lfb 252kB) CPU [10%@921,3%@921,off,off] EMC_FREQ 0%@1600 GR3D_FREQ 0%@614 APE 25 PLL@31C CPU@32.5C iwlwifi@32C PMIC@50C GPU@31.5C AO@42.5C thermal@32.25C POM_5V_IN 1731/2201 POM_5V_GPU 82/120 POM_5V_CPU 164/558
RAM 1340/3964MB (lfb 8x4MB) SWAP 819/6078MB (cached 23MB) IRAM 0/252kB(lfb 252kB) CPU [7%@921,7%@921,off,off] EMC_FREQ 0%@1600 GR3D_FREQ 0%@614 APE 25 PLL@31C CPU@33C iwlwifi@32C PMIC@50C GPU@31.5C AO@42.5C thermal@32.25C POM_5V_IN 1731/2199 POM_5V_GPU 82/120 POM_5V_CPU 164/557
RAM 1336/3964MB (lfb 8x4MB) SWAP 819/6078MB (cached 23MB) IRAM 0/252kB(lfb 252kB) CPU [6%@921,7%@921,off,off] EMC_FREQ 0%@1600 GR3D_FREQ 0%@614 APE 25 PLL@31C CPU@32.5C iwlwifi@32C PMIC@50C GPU@31.5C AO@42C thermal@32.25C POM_5V_IN 1731/2198 POM_5V_GPU 82/120 POM_5V_CPU 164/556
RAM 1338/3964MB (lfb 8x4MB) SWAP 819/6078MB (cached 23MB) IRAM 0/252kB(lfb 252kB) CPU [5%@921,8%@921,off,off] EMC_FREQ 0%@1600 GR3D_FREQ 0%@614 APE 25 PLL@31C CPU@33C iwlwifi@32C PMIC@50C GPU@31C AO@42C thermal@32C POM_5V_IN 1731/2197 POM_5V_GPU 82/120 POM_5V_CPU 164/554
RAM 1336/3964MB (lfb 8x4MB) SWAP 819/6078MB (cached 23MB) IRAM 0/252kB(lfb 252kB) CPU [7%@921,6%@921,off,off] EMC_FREQ 0%@1600 GR3D_FREQ 0%@614 APE 25 PLL@31C CPU@32.5C iwlwifi@32C PMIC@50C GPU@31C AO@42C thermal@31.75C POM_5V_IN 1731/2195 POM_5V_GPU 82/120 POM_5V_CPU 164/553
RAM 1338/3964MB (lfb 8x4MB) SWAP 819/6078MB (cached 23MB) IRAM 0/252kB(lfb 252kB) CPU [7%@921,7%@921,off,off] EMC_FREQ 0%@1600 GR3D_FREQ 0%@614 APE 25 PLL@30.5C CPU@32.5C iwlwifi@32C PMIC@50C GPU@31C AO@42.5C thermal@31.5C POM_5V_IN 1731/2194 POM_5V_GPU 82/120 POM_5V_CPU 164/552
RAM 1338/3964MB (lfb 8x4MB) SWAP 819/6078MB (cached 23MB) IRAM 0/252kB(lfb 252kB) CPU [6%@921,7%@921,off,off] EMC_FREQ 0%@1600 GR3D_FREQ 0%@614 APE 25 PLL@30.5C CPU@32.5C iwlwifi@32C PMIC@50C GPU@31C AO@42C thermal@31.75C POM_5V_IN 1731/2192 POM_5V_GPU 82/119 POM_5V_CPU 164/551
RAM 1341/3964MB (lfb 8x4MB) SWAP 819/6078MB (cached 23MB) IRAM 0/252kB(lfb 252kB) CPU [7%@921,7%@921,off,off] EMC_FREQ 0%@1600 GR3D_FREQ 0%@614 APE 25 PLL@30.5C CPU@32.5C iwlwifi@32C PMIC@50C GPU@31C AO@41.5C thermal@31.75C POM_5V_IN 1689/2191 POM_5V_GPU 82/119 POM_5V_CPU 164/550
RAM 1338/3964MB (lfb 8x4MB) SWAP 819/6078MB (cached 23MB) IRAM 0/252kB(lfb 252kB) CPU [5%@921,8%@921,off,off] EMC_FREQ 0%@1600 GR3D_FREQ 0%@614 APE 25 PLL@30.5C CPU@32C iwlwifi@32C PMIC@50C GPU@31C AO@42C thermal@31.5C POM_5V_IN 1731/2189 POM_5V_GPU 82/119 POM_5V_CPU 164/548
RAM 1341/3964MB (lfb 8x4MB) SWAP 818/6078MB (cached 23MB) IRAM 0/252kB(lfb 252kB) CPU [4%@921,9%@921,off,off] EMC_FREQ 0%@1600 GR3D_FREQ 0%@614 APE 25 PLL@30.5C CPU@32.5C iwlwifi@32C PMIC@50C GPU@31C AO@41.5C thermal@31.5C POM_5V_IN 1689/2188 POM_5V_GPU 82/119 POM_5V_CPU 164/547
RAM 1341/3964MB (lfb 8x4MB) SWAP 818/6078MB (cached 23MB) IRAM 0/252kB(lfb 252kB) CPU [8%@921,6%@921,off,off] EMC_FREQ 0%@1600 GR3D_FREQ 0%@614 APE 25 PLL@30.5C CPU@32.5C iwlwifi@32C PMIC@50C GPU@31C AO@41.5C thermal@31.25C POM_5V_IN 1689/2186 POM_5V_GPU 82/119 POM_5V_CPU 164/546
RAM 1337/3964MB (lfb 8x4MB) SWAP 818/6078MB (cached 23MB) IRAM 0/252kB(lfb 252kB) CPU [10%@921,4%@921,off,off] EMC_FREQ 0%@1600 GR3D_FREQ 0%@614 APE 25 PLL@30.5C CPU@32C iwlwifi@32C PMIC@50C GPU@30.5C AO@42C thermal@31.75C POM_5V_IN 1689/2185 POM_5V_GPU 82/119 POM_5V_CPU 164/545
RAM 1339/3964MB (lfb 8x4MB) SWAP 818/6078MB (cached 23MB) IRAM 0/252kB(lfb 252kB) CPU [6%@921,7%@921,off,off] EMC_FREQ 0%@1600 GR3D_FREQ 0%@614 APE 25 PLL@30.5C CPU@32C iwlwifi@32C PMIC@50C GPU@31C AO@42C thermal@31.25C POM_5V_IN 1731/2183 POM_5V_GPU 82/119 POM_5V_CPU 164/544
RAM 1339/3964MB (lfb 8x4MB) SWAP 818/6078MB (cached 23MB) IRAM 0/252kB(lfb 252kB) CPU [7%@921,6%@921,off,off] EMC_FREQ 0%@1600 GR3D_FREQ 0%@614 APE 25 PLL@30.5C CPU@31.5C iwlwifi@32C PMIC@50C GPU@30.5C AO@41.5C thermal@31.25C POM_5V_IN 1689/2182 POM_5V_GPU 82/119 POM_5V_CPU 164/543
RAM 1341/3964MB (lfb 8x4MB) SWAP 818/6078MB (cached 23MB) IRAM 0/252kB(lfb 252kB) CPU [7%@921,7%@921,off,off] EMC_FREQ 0%@1600 GR3D_FREQ 0%@614 APE 25 PLL@30.5C CPU@32C iwlwifi@32C PMIC@50C GPU@31C AO@41.5C thermal@31.75C POM_5V_IN 1689/2180 POM_5V_GPU 82/119 POM_5V_CPU 164/542
RAM 1339/3964MB (lfb 8x4MB) SWAP 818/6078MB (cached 23MB) IRAM 0/252kB(lfb 252kB) CPU [8%@921,5%@921,off,off] EMC_FREQ 0%@1600 GR3D_FREQ 0%@614 APE 25 PLL@30.5C CPU@32.5C iwlwifi@32C PMIC@50C GPU@31C AO@41.5C thermal@31.25C POM_5V_IN 1689/2179 POM_5V_GPU 82/118 POM_5V_CPU 164/540
RAM 1341/3964MB (lfb 8x4MB) SWAP 818/6078MB (cached 23MB) IRAM 0/252kB(lfb 252kB) CPU [4%@921,9%@921,off,off] EMC_FREQ 0%@1600 GR3D_FREQ 0%@614 APE 25 PLL@30.5C CPU@32C iwlwifi@32C PMIC@50C GPU@30.5C AO@41.5C thermal@31.25C POM_5V_IN 1731/2178 POM_5V_GPU 82/118 POM_5V_CPU 164/539
RAM 1337/3964MB (lfb 8x4MB) SWAP 818/6078MB (cached 23MB) IRAM 0/252kB(lfb 252kB) CPU [6%@921,7%@921,off,off] EMC_FREQ 0%@1600 GR3D_FREQ 0%@614 APE 25 PLL@30.5C CPU@32C iwlwifi@32C PMIC@50C GPU@30.5C AO@41.5C thermal@31.25C POM_5V_IN 1731/2176 POM_5V_GPU 82/118 POM_5V_CPU 164/538
RAM 1337/3964MB (lfb 8x4MB) SWAP 818/6078MB (cached 23MB) IRAM 0/252kB(lfb 252kB) CPU [9%@921,5%@921,off,off] EMC_FREQ 0%@1600 GR3D_FREQ 0%@614 APE 25 PLL@30.5C CPU@32.5C iwlwifi@32C PMIC@50C GPU@30.5C AO@41.5C thermal@31C POM_5V_IN 1689/2175 POM_5V_GPU 82/118 POM_5V_CPU 164/537
RAM 1342/3964MB (lfb 8x4MB) SWAP 818/6078MB (cached 23MB) IRAM 0/252kB(lfb 252kB) CPU [7%@921,6%@921,off,off] EMC_FREQ 0%@1600 GR3D_FREQ 0%@614 APE 25 PLL@30.5C CPU@32C iwlwifi@32C PMIC@50C GPU@30.5C AO@41.5C thermal@31.25C POM_5V_IN 1689/2173 POM_5V_GPU 82/118 POM_5V_CPU 164/536
RAM 1337/3964MB (lfb 8x4MB) SWAP 817/6078MB (cached 23MB) IRAM 0/252kB(lfb 252kB) CPU [7%@921,7%@921,off,off] EMC_FREQ 0%@1600 GR3D_FREQ 0%@614 APE 25 PLL@30C CPU@31.5C iwlwifi@32C PMIC@50C GPU@30.5C AO@41.5C thermal@31C POM_5V_IN 1689/2172 POM_5V_GPU 82/118 POM_5V_CPU 164/535
RAM 1337/3964MB (lfb 8x4MB) SWAP 817/6078MB (cached 23MB) IRAM 0/252kB(lfb 252kB) CPU [6%@921,7%@921,off,off] EMC_FREQ 0%@1600 GR3D_FREQ 0%@614 APE 25 PLL@30.5C CPU@32C iwlwifi@33C PMIC@50C GPU@30.5C AO@41.5C thermal@31.25C POM_5V_IN 1731/2171 POM_5V_GPU 82/118 POM_5V_CPU 164/534
RAM 1339/3964MB (lfb 8x4MB) SWAP 817/6078MB (cached 23MB) IRAM 0/252kB(lfb 252kB) CPU [6%@921,8%@921,off,off] EMC_FREQ 0%@1600 GR3D_FREQ 0%@614 APE 25 PLL@30C CPU@31.5C iwlwifi@32C PMIC@50C GPU@30.5C AO@41.5C thermal@31.25C POM_5V_IN 1689/2169 POM_5V_GPU 82/118 POM_5V_CPU 164/533
RAM 1337/3964MB (lfb 8x4MB) SWAP 817/6078MB (cached 23MB) IRAM 0/252kB(lfb 252kB) CPU [4%@921,9%@921,off,off] EMC_FREQ 0%@1600 GR3D_FREQ 0%@614 APE 25 PLL@30.5C CPU@32C iwlwifi@32C PMIC@50C GPU@30.5C AO@41C thermal@31C POM_5V_IN 1689/2168 POM_5V_GPU 82/118 POM_5V_CPU 164/532
RAM 1339/3964MB (lfb 8x4MB) SWAP 817/6078MB (cached 23MB) IRAM 0/252kB(lfb 252kB) CPU [7%@921,7%@921,off,off] EMC_FREQ 0%@1600 GR3D_FREQ 0%@614 APE 25 PLL@30C CPU@31.5C iwlwifi@32C PMIC@50C GPU@30.5C AO@41.5C thermal@31.25C POM_5V_IN 1689/2167 POM_5V_GPU 82/117 POM_5V_CPU 164/531
RAM 1342/3964MB (lfb 8x4MB) SWAP 817/6078MB (cached 24MB) IRAM 0/252kB(lfb 252kB) CPU [7%@921,6%@921,off,off] EMC_FREQ 0%@1600 GR3D_FREQ 0%@614 APE 25 PLL@30C CPU@32C iwlwifi@32C PMIC@50C GPU@30C AO@41C thermal@30.75C POM_5V_IN 1731/2165 POM_5V_GPU 82/117 POM_5V_CPU 164/530
RAM 1337/3964MB (lfb 8x4MB) SWAP 817/6078MB (cached 24MB) IRAM 0/252kB(lfb 252kB) CPU [8%@921,6%@921,off,off] EMC_FREQ 0%@1600 GR3D_FREQ 0%@614 APE 25 PLL@29.5C CPU@32C iwlwifi@32C PMIC@50C GPU@30.5C AO@41C thermal@30.75C POM_5V_IN 1689/2164 POM_5V_GPU 82/117 POM_5V_CPU 164/528
RAM 1338/3964MB (lfb 8x4MB) SWAP 817/6078MB (cached 24MB) IRAM 0/252kB(lfb 252kB) CPU [8%@921,5%@921,off,off] EMC_FREQ 0%@1600 GR3D_FREQ 0%@614 APE 25 PLL@30C CPU@32C iwlwifi@32C PMIC@50C GPU@30C AO@41.5C thermal@30.75C POM_5V_IN 1689/2163 POM_5V_GPU 82/117 POM_5V_CPU 164/527
RAM 1340/3964MB (lfb 8x4MB) SWAP 817/6078MB (cached 24MB) IRAM 0/252kB(lfb 252kB) CPU [6%@921,8%@921,off,off] EMC_FREQ 0%@1600 GR3D_FREQ 0%@614 APE 25 PLL@30C CPU@31.5C iwlwifi@33C PMIC@50C GPU@30C AO@41C thermal@31C POM_5V_IN 1689/2161 POM_5V_GPU 82/117 POM_5V_CPU 164/526
RAM 1339/3964MB (lfb 8x4MB) SWAP 817/6078MB (cached 24MB) IRAM 0/252kB(lfb 252kB) CPU [4%@921,5%@921,off,off] EMC_FREQ 0%@1600 GR3D_FREQ 0%@614 APE 25 PLL@29.5C CPU@32C iwlwifi@32C PMIC@50C GPU@30C AO@41C thermal@30.75C POM_5V_IN 1728/2160 POM_5V_GPU 82/117 POM_5V_CPU 164/525
RAM 1338/3964MB (lfb 8x4MB) SWAP 817/6078MB (cached 24MB) IRAM 0/252kB(lfb 252kB) CPU [6%@921,8%@921,off,off] EMC_FREQ 0%@1600 GR3D_FREQ 0%@614 APE 25 PLL@30C CPU@32C iwlwifi@32C PMIC@50C GPU@30C AO@41C thermal@31C POM_5V_IN 1689/2159 POM_5V_GPU 82/117 POM_5V_CPU 164/524
RAM 1340/3964MB (lfb 8x4MB) SWAP 817/6078MB (cached 24MB) IRAM 0/252kB(lfb 252kB) CPU [6%@921,9%@921,off,off] EMC_FREQ 0%@1600 GR3D_FREQ 0%@614 APE 25 PLL@30C CPU@32C iwlwifi@32C PMIC@50C GPU@30C AO@41C thermal@31C POM_5V_IN 1689/2157 POM_5V_GPU 82/117 POM_5V_CPU 164/523
RAM 1338/3964MB (lfb 8x4MB) SWAP 817/6078MB (cached 24MB) IRAM 0/252kB(lfb 252kB) CPU [11%@921,3%@921,off,off] EMC_FREQ 0%@1600 GR3D_FREQ 0%@614 APE 25 PLL@30C CPU@32C iwlwifi@33C PMIC@50C GPU@30C AO@41C thermal@31C POM_5V_IN 1689/2156 POM_5V_GPU 82/117 POM_5V_CPU 164/522
RAM 1338/3964MB (lfb 8x4MB) SWAP 817/6078MB (cached 24MB) IRAM 0/252kB(lfb 252kB) CPU [6%@921,7%@921,off,off] EMC_FREQ 0%@1600 GR3D_FREQ 0%@614 APE 25 PLL@30C CPU@31.5C iwlwifi@32C PMIC@50C GPU@30C AO@41C thermal@30.75C POM_5V_IN 1689/2155 POM_5V_GPU 82/117 POM_5V_CPU 164/521
RAM 1340/3964MB (lfb 8x4MB) SWAP 817/6078MB (cached 24MB) IRAM 0/252kB(lfb 252kB) CPU [7%@921,6%@921,off,off] EMC_FREQ 0%@1600 GR3D_FREQ 0%@614 APE 25 PLL@30C CPU@31.5C iwlwifi@32C PMIC@50C GPU@30C AO@41C thermal@30.5C POM_5V_IN 1689/2153 POM_5V_GPU 82/116 POM_5V_CPU 164/520
RAM 1342/3964MB (lfb 8x4MB) SWAP 817/6078MB (cached 24MB) IRAM 0/252kB(lfb 252kB) CPU [7%@921,6%@921,off,off] EMC_FREQ 0%@1600 GR3D_FREQ 0%@614 APE 25 PLL@30C CPU@31.5C iwlwifi@32C PMIC@50C GPU@30C AO@41C thermal@31C POM_5V_IN 1689/2152 POM_5V_GPU 82/116 POM_5V_CPU 164/519
RAM 1340/3964MB (lfb 8x4MB) SWAP 817/6078MB (cached 24MB) IRAM 0/252kB(lfb 252kB) CPU [6%@921,8%@921,off,off] EMC_FREQ 0%@1600 GR3D_FREQ 0%@614 APE 25 PLL@30C CPU@31C iwlwifi@32C PMIC@50C GPU@30C AO@41C thermal@30.5C POM_5V_IN 1689/2151 POM_5V_GPU 82/116 POM_5V_CPU 164/518
RAM 1338/3964MB (lfb 8x4MB) SWAP 817/6078MB (cached 24MB) IRAM 0/252kB(lfb 252kB) CPU [6%@921,8%@921,off,off] EMC_FREQ 0%@1600 GR3D_FREQ 0%@614 APE 25 PLL@29.5C CPU@31.5C iwlwifi@32C PMIC@50C GPU@30C AO@41C thermal@30.75C POM_5V_IN 1689/2149 POM_5V_GPU 82/116 POM_5V_CPU 123/517
RAM 1338/3964MB (lfb 8x4MB) SWAP 817/6078MB (cached 24MB) IRAM 0/252kB(lfb 252kB) CPU [8%@921,5%@921,off,off] EMC_FREQ 0%@1600 GR3D_FREQ 0%@614 APE 25 PLL@29.5C CPU@31.5C iwlwifi@32C PMIC@50C GPU@30C AO@41C thermal@30.75C POM_5V_IN 1731/2148 POM_5V_GPU 82/116 POM_5V_CPU 164/516
RAM 1340/3964MB (lfb 8x4MB) SWAP 817/6078MB (cached 24MB) IRAM 0/252kB(lfb 252kB) CPU [9%@921,4%@921,off,off] EMC_FREQ 0%@1600 GR3D_FREQ 0%@614 APE 25 PLL@29.5C CPU@31.5C iwlwifi@32C PMIC@50C GPU@30.5C AO@40.5C thermal@30.5C POM_5V_IN 1689/2147 POM_5V_GPU 82/116 POM_5V_CPU 164/515
RAM 1340/3964MB (lfb 8x4MB) SWAP 817/6078MB (cached 24MB) IRAM 0/252kB(lfb 252kB) CPU [5%@921,8%@921,off,off] EMC_FREQ 0%@1600 GR3D_FREQ 0%@614 APE 25 PLL@29.5C CPU@31.5C iwlwifi@32C PMIC@50C GPU@30C AO@41C thermal@30.75C POM_5V_IN 1689/2146 POM_5V_GPU 82/116 POM_5V_CPU 164/514
RAM 1342/3964MB (lfb 8x4MB) SWAP 817/6078MB (cached 24MB) IRAM 0/252kB(lfb 252kB) CPU [8%@921,6%@921,off,off] EMC_FREQ 0%@1600 GR3D_FREQ 0%@614 APE 25 PLL@29.5C CPU@31.5C iwlwifi@32C PMIC@50C GPU@30C AO@41C thermal@30.75C POM_5V_IN 1731/2145 POM_5V_GPU 82/116 POM_5V_CPU 123/513
RAM 1344/3964MB (lfb 8x4MB) SWAP 817/6078MB (cached 24MB) IRAM 0/252kB(lfb 252kB) CPU [8%@921,6%@921,off,off] EMC_FREQ 0%@1600 GR3D_FREQ 0%@614 APE 25 PLL@29.5C CPU@31.5C iwlwifi@32C PMIC@50C GPU@30.5C AO@41C thermal@30.75C POM_5V_IN 1689/2143 POM_5V_GPU 82/116 POM_5V_CPU 164/512
RAM 1342/3964MB (lfb 8x4MB) SWAP 817/6078MB (cached 24MB) IRAM 0/252kB(lfb 252kB) CPU [6%@921,7%@921,off,off] EMC_FREQ 0%@1600 GR3D_FREQ 0%@614 APE 25 PLL@29.5C CPU@31.5C iwlwifi@32C PMIC@50C GPU@30C AO@40.5C thermal@30.5C POM_5V_IN 1687/2142 POM_5V_GPU 82/116 POM_5V_CPU 164/511
RAM 1338/3964MB (lfb 8x4MB) SWAP 817/6078MB (cached 24MB) IRAM 0/252kB(lfb 252kB) CPU [7%@921,8%@921,off,off] EMC_FREQ 0%@1600 GR3D_FREQ 0%@614 APE 25 PLL@29.5C CPU@31.5C iwlwifi@32C PMIC@50C GPU@30C AO@41C thermal@30.5C POM_5V_IN 1689/2141 POM_5V_GPU 82/115 POM_5V_CPU 164/510
RAM 1340/3964MB (lfb 8x4MB) SWAP 817/6078MB (cached 24MB) IRAM 0/252kB(lfb 252kB) CPU [6%@921,8%@921,off,off] EMC_FREQ 0%@1600 GR3D_FREQ 0%@614 APE 25 PLL@30C CPU@31.5C iwlwifi@32C PMIC@50C GPU@30C AO@41C thermal@30.5C POM_5V_IN 1689/2140 POM_5V_GPU 82/115 POM_5V_CPU 164/509
RAM 1338/3964MB (lfb 8x4MB) SWAP 817/6078MB (cached 24MB) IRAM 0/252kB(lfb 252kB) CPU [7%@921,8%@921,off,off] EMC_FREQ 0%@1600 GR3D_FREQ 0%@614 APE 25 PLL@29.5C CPU@31.5C iwlwifi@32C PMIC@50C GPU@30C AO@40.5C thermal@30.5C POM_5V_IN 1689/2138 POM_5V_GPU 82/115 POM_5V_CPU 164/508
RAM 1340/3964MB (lfb 8x4MB) SWAP 817/6078MB (cached 24MB) IRAM 0/252kB(lfb 252kB) CPU [7%@921,6%@921,off,off] EMC_FREQ 0%@1600 GR3D_FREQ 0%@614 APE 25 PLL@29.5C CPU@31.5C iwlwifi@32C PMIC@50C GPU@30C AO@40.5C thermal@30.75C POM_5V_IN 1689/2137 POM_5V_GPU 82/115 POM_5V_CPU 164/507
RAM 1340/3964MB (lfb 8x4MB) SWAP 817/6078MB (cached 24MB) IRAM 0/252kB(lfb 252kB) CPU [8%@921,5%@921,off,off] EMC_FREQ 0%@1600 GR3D_FREQ 0%@614 APE 25 PLL@29.5C CPU@31.5C iwlwifi@32C PMIC@50C GPU@30C AO@41C thermal@30.75C POM_5V_IN 1689/2136 POM_5V_GPU 82/115 POM_5V_CPU 164/507
RAM 1338/3964MB (lfb 8x4MB) SWAP 817/6078MB (cached 24MB) IRAM 0/252kB(lfb 252kB) CPU [8%@921,5%@921,off,off] EMC_FREQ 0%@1600 GR3D_FREQ 0%@614 APE 25 PLL@29.5C CPU@31.5C iwlwifi@32C PMIC@50C GPU@29.5C AO@40.5C thermal@30.5C POM_5V_IN 1689/2135 POM_5V_GPU 82/115 POM_5V_CPU 164/506
RAM 1338/3964MB (lfb 8x4MB) SWAP 817/6078MB (cached 24MB) IRAM 0/252kB(lfb 252kB) CPU [6%@921,8%@921,off,off] EMC_FREQ 0%@1600 GR3D_FREQ 0%@614 APE 25 PLL@29.5C CPU@31C iwlwifi@32C PMIC@50C GPU@30C AO@40.5C thermal@30.5C POM_5V_IN 1689/2134 POM_5V_GPU 82/115 POM_5V_CPU 164/505
RAM 1342/3964MB (lfb 8x4MB) SWAP 817/6078MB (cached 24MB) IRAM 0/252kB(lfb 252kB) CPU [8%@921,6%@921,off,off] EMC_FREQ 0%@1600 GR3D_FREQ 0%@614 APE 25 PLL@29.5C CPU@31C iwlwifi@32C PMIC@50C GPU@30C AO@40.5C thermal@30.75C POM_5V_IN 1689/2132 POM_5V_GPU 82/115 POM_5V_CPU 164/504
RAM 1338/3964MB (lfb 8x4MB) SWAP 817/6078MB (cached 24MB) IRAM 0/252kB(lfb 252kB) CPU [6%@921,7%@921,off,off] EMC_FREQ 0%@1600 GR3D_FREQ 0%@614 APE 25 PLL@29C CPU@31.5C iwlwifi@32C PMIC@50C GPU@30C AO@40.5C thermal@30.75C POM_5V_IN 1689/2131 POM_5V_GPU 82/115 POM_5V_CPU 164/503
RAM 1338/3964MB (lfb 8x4MB) SWAP 817/6078MB (cached 24MB) IRAM 0/252kB(lfb 252kB) CPU [7%@921,6%@921,off,off] EMC_FREQ 0%@1600 GR3D_FREQ 0%@614 APE 25 PLL@29.5C CPU@31.5C iwlwifi@32C PMIC@50C GPU@29.5C AO@40.5C thermal@30.5C POM_5V_IN 1689/2130 POM_5V_GPU 82/115 POM_5V_CPU 164/502
RAM 1340/3964MB (lfb 8x4MB) SWAP 817/6078MB (cached 24MB) IRAM 0/252kB(lfb 252kB) CPU [10%@921,4%@921,off,off] EMC_FREQ 0%@1600 GR3D_FREQ 0%@614 APE 25 PLL@30C CPU@31C iwlwifi@32C PMIC@50C GPU@30C AO@41C thermal@30.75C POM_5V_IN 1689/2129 POM_5V_GPU 82/115 POM_5V_CPU 164/501
RAM 1340/3964MB (lfb 8x4MB) SWAP 817/6078MB (cached 24MB) IRAM 0/252kB(lfb 252kB) CPU [6%@921,7%@921,off,off] EMC_FREQ 0%@1600 GR3D_FREQ 0%@614 APE 25 PLL@30C CPU@31.5C iwlwifi@32C PMIC@50C GPU@30C AO@40.5C thermal@30.75C POM_5V_IN 1689/2128 POM_5V_GPU 82/114 POM_5V_CPU 164/500
RAM 1341/3964MB (lfb 8x4MB) SWAP 817/6078MB (cached 24MB) IRAM 0/252kB(lfb 252kB) CPU [7%@921,6%@921,off,off] EMC_FREQ 0%@1600 GR3D_FREQ 0%@614 APE 25 PLL@29.5C CPU@31.5C iwlwifi@32C PMIC@50C GPU@30C AO@40.5C thermal@30.5C POM_5V_IN 1687/2126 POM_5V_GPU 82/114 POM_5V_CPU 164/499
RAM 1342/3964MB (lfb 8x4MB) SWAP 817/6078MB (cached 24MB) IRAM 0/252kB(lfb 252kB) CPU [6%@921,8%@921,off,off] EMC_FREQ 0%@1600 GR3D_FREQ 0%@614 APE 25 PLL@29.5C CPU@31.5C iwlwifi@32C PMIC@50C GPU@30C AO@40.5C thermal@30.75C POM_5V_IN 1689/2125 POM_5V_GPU 82/114 POM_5V_CPU 123/498
RAM 1338/3964MB (lfb 8x4MB) SWAP 817/6078MB (cached 24MB) IRAM 0/252kB(lfb 252kB) CPU [7%@921,6%@921,off,off] EMC_FREQ 0%@1600 GR3D_FREQ 0%@614 APE 25 PLL@29.5C CPU@31C iwlwifi@32C PMIC@50C GPU@30C AO@41C thermal@30.75C POM_5V_IN 1689/2124 POM_5V_GPU 82/114 POM_5V_CPU 164/497
RAM 1340/3964MB (lfb 8x4MB) SWAP 817/6078MB (cached 24MB) IRAM 0/252kB(lfb 252kB) CPU [8%@921,6%@921,off,off] EMC_FREQ 0%@1600 GR3D_FREQ 0%@614 APE 25 PLL@29.5C CPU@31.5C iwlwifi@32C PMIC@50C GPU@30C AO@40.5C thermal@30.75C POM_5V_IN 1689/2123 POM_5V_GPU 82/114 POM_5V_CPU 164/496
RAM 1343/3964MB (lfb 8x4MB) SWAP 817/6078MB (cached 24MB) IRAM 0/252kB(lfb 252kB) CPU [6%@921,7%@921,off,off] EMC_FREQ 0%@1600 GR3D_FREQ 0%@614 APE 25 PLL@29.5C CPU@31.5C iwlwifi@32C PMIC@50C GPU@30C AO@40.5C thermal@30.75C POM_5V_IN 1689/2122 POM_5V_GPU 82/114 POM_5V_CPU 164/496
RAM 1339/3964MB (lfb 8x4MB) SWAP 817/6078MB (cached 24MB) IRAM 0/252kB(lfb 252kB) CPU [7%@921,7%@921,off,off] EMC_FREQ 0%@1600 GR3D_FREQ 0%@614 APE 25 PLL@29.5C CPU@31.5C iwlwifi@32C PMIC@50C GPU@30C AO@41C thermal@30.75C POM_5V_IN 1689/2121 POM_5V_GPU 82/114 POM_5V_CPU 164/495
RAM 1340/3964MB (lfb 8x4MB) SWAP 817/6078MB (cached 24MB) IRAM 0/252kB(lfb 252kB) CPU [8%@921,6%@921,off,off] EMC_FREQ 0%@1600 GR3D_FREQ 0%@614 APE 25 PLL@29.5C CPU@31C iwlwifi@32C PMIC@50C GPU@29.5C AO@41C thermal@30.75C POM_5V_IN 1689/2120 POM_5V_GPU 82/114 POM_5V_CPU 164/494
RAM 1339/3964MB (lfb 8x4MB) SWAP 817/6078MB (cached 24MB) IRAM 0/252kB(lfb 252kB) CPU [8%@921,5%@921,off,off] EMC_FREQ 0%@1600 GR3D_FREQ 0%@614 APE 25 PLL@29.5C CPU@31C iwlwifi@32C PMIC@50C GPU@30C AO@40.5C thermal@30.5C POM_5V_IN 1689/2118 POM_5V_GPU 82/114 POM_5V_CPU 164/493
RAM 1339/3964MB (lfb 8x4MB) SWAP 817/6078MB (cached 24MB) IRAM 0/252kB(lfb 252kB) CPU [7%@921,6%@921,off,off] EMC_FREQ 0%@1600 GR3D_FREQ 0%@614 APE 25 PLL@30C CPU@31.5C iwlwifi@32C PMIC@50C GPU@29.5C AO@40.5C thermal@30.5C POM_5V_IN 1689/2117 POM_5V_GPU 82/114 POM_5V_CPU 164/492
RAM 1341/3964MB (lfb 8x4MB) SWAP 817/6078MB (cached 24MB) IRAM 0/252kB(lfb 252kB) CPU [8%@921,6%@921,off,off] EMC_FREQ 0%@1600 GR3D_FREQ 0%@614 APE 25 PLL@29.5C CPU@31.5C iwlwifi@32C PMIC@50C GPU@30C AO@40.5C thermal@30.75C POM_5V_IN 1689/2116 POM_5V_GPU 82/114 POM_5V_CPU 164/491
RAM 1340/3964MB (lfb 8x4MB) SWAP 817/6078MB (cached 24MB) IRAM 0/252kB(lfb 252kB) CPU [6%@921,8%@921,off,off] EMC_FREQ 0%@1600 GR3D_FREQ 0%@614 APE 25 PLL@29.5C CPU@31C iwlwifi@32C PMIC@50C GPU@29.5C AO@41C thermal@30.75C POM_5V_IN 1689/2115 POM_5V_GPU 82/114 POM_5V_CPU 123/490
RAM 1339/3964MB (lfb 8x4MB) SWAP 817/6078MB (cached 24MB) IRAM 0/252kB(lfb 252kB) CPU [5%@921,9%@921,off,off] EMC_FREQ 0%@1600 GR3D_FREQ 0%@614 APE 25 PLL@29.5C CPU@31.5C iwlwifi@32C PMIC@50C GPU@30C AO@40.5C thermal@30.75C POM_5V_IN 1689/2114 POM_5V_GPU 82/113 POM_5V_CPU 164/490
RAM 1343/3964MB (lfb 8x4MB) SWAP 817/6078MB (cached 24MB) IRAM 0/252kB(lfb 252kB) CPU [7%@921,6%@921,off,off] EMC_FREQ 0%@1600 GR3D_FREQ 0%@614 APE 25 PLL@30C CPU@31.5C iwlwifi@32C PMIC@50C GPU@30C AO@40.5C thermal@31C POM_5V_IN 1689/2113 POM_5V_GPU 82/113 POM_5V_CPU 164/489
RAM 1341/3964MB (lfb 8x4MB) SWAP 817/6078MB (cached 24MB) IRAM 0/252kB(lfb 252kB) CPU [7%@921,7%@921,off,off] EMC_FREQ 0%@1600 GR3D_FREQ 0%@614 APE 25 PLL@29.5C CPU@31.5C iwlwifi@32C PMIC@50C GPU@29.5C AO@41C thermal@30.5C POM_5V_IN 1689/2112 POM_5V_GPU 82/113 POM_5V_CPU 164/488
RAM 1339/3964MB (lfb 8x4MB) SWAP 817/6078MB (cached 24MB) IRAM 0/252kB(lfb 252kB) CPU [8%@921,5%@921,off,off] EMC_FREQ 0%@1600 GR3D_FREQ 0%@614 APE 25 PLL@30C CPU@31.5C iwlwifi@32C PMIC@50C GPU@30C AO@40.5C thermal@30.5C POM_5V_IN 1689/2111 POM_5V_GPU 82/113 POM_5V_CPU 164/487
RAM 1343/3964MB (lfb 8x4MB) SWAP 817/6078MB (cached 24MB) IRAM 0/252kB(lfb 252kB) CPU [6%@921,7%@921,off,off] EMC_FREQ 0%@1600 GR3D_FREQ 0%@614 APE 25 PLL@29.5C CPU@31C iwlwifi@32C PMIC@50C GPU@30C AO@41C thermal@30.75C POM_5V_IN 1772/2110 POM_5V_GPU 82/113 POM_5V_CPU 206/486
RAM 1343/3964MB (lfb 8x4MB) SWAP 817/6078MB (cached 24MB) IRAM 0/252kB(lfb 252kB) CPU [6%@921,7%@921,off,off] EMC_FREQ 0%@1600 GR3D_FREQ 0%@614 APE 25 PLL@30C CPU@31.5C iwlwifi@32C PMIC@50C GPU@30C AO@40.5C thermal@31C POM_5V_IN 1689/2109 POM_5V_GPU 82/113 POM_5V_CPU 164/485
RAM 1339/3964MB (lfb 8x4MB) SWAP 817/6078MB (cached 24MB) IRAM 0/252kB(lfb 252kB) CPU [9%@921,4%@921,off,off] EMC_FREQ 0%@1600 GR3D_FREQ 0%@614 APE 25 PLL@29.5C CPU@32C iwlwifi@32C PMIC@50C GPU@30C AO@40.5C thermal@30.75C POM_5V_IN 1689/2108 POM_5V_GPU 82/113 POM_5V_CPU 164/485
RAM 1341/3964MB (lfb 8x4MB) SWAP 817/6078MB (cached 24MB) IRAM 0/252kB(lfb 252kB) CPU [9%@921,4%@921,off,off] EMC_FREQ 0%@1600 GR3D_FREQ 0%@614 APE 25 PLL@29.5C CPU@31.5C iwlwifi@32C PMIC@50C GPU@30C AO@40.5C thermal@30.75C POM_5V_IN 1689/2107 POM_5V_GPU 82/113 POM_5V_CPU 164/484
RAM 1341/3964MB (lfb 8x4MB) SWAP 817/6078MB (cached 24MB) IRAM 0/252kB(lfb 252kB) CPU [6%@921,7%@921,off,off] EMC_FREQ 0%@1600 GR3D_FREQ 0%@614 APE 25 PLL@29.5C CPU@31.5C iwlwifi@33C PMIC@50C GPU@30C AO@41C thermal@30.75C POM_5V_IN 1689/2106 POM_5V_GPU 82/113 POM_5V_CPU 164/483
RAM 1343/3964MB (lfb 8x4MB) SWAP 817/6078MB (cached 24MB) IRAM 0/252kB(lfb 252kB) CPU [6%@921,7%@921,off,off] EMC_FREQ 0%@1600 GR3D_FREQ 0%@614 APE 25 PLL@30C CPU@31.5C iwlwifi@32C PMIC@50C GPU@29.5C AO@41C thermal@30.5C POM_5V_IN 1689/2105 POM_5V_GPU 82/113 POM_5V_CPU 164/482
RAM 1341/3964MB (lfb 8x4MB) SWAP 817/6078MB (cached 24MB) IRAM 0/252kB(lfb 252kB) CPU [7%@921,6%@921,off,off] EMC_FREQ 0%@1600 GR3D_FREQ 0%@614 APE 25 PLL@29.5C CPU@31.5C iwlwifi@32C PMIC@50C GPU@30C AO@40.5C thermal@30.5C POM_5V_IN 1689/2104 POM_5V_GPU 82/113 POM_5V_CPU 164/481
RAM 1341/3964MB (lfb 8x4MB) SWAP 817/6078MB (cached 24MB) IRAM 0/252kB(lfb 252kB) CPU [7%@921,7%@921,off,off] EMC_FREQ 0%@1600 GR3D_FREQ 0%@614 APE 25 PLL@29.5C CPU@31.5C iwlwifi@32C PMIC@50C GPU@30C AO@41C thermal@30.75C POM_5V_IN 1689/2102 POM_5V_GPU 82/113 POM_5V_CPU 164/481
RAM 1343/3964MB (lfb 8x4MB) SWAP 816/6078MB (cached 24MB) IRAM 0/252kB(lfb 252kB) CPU [9%@921,5%@921,off,off] EMC_FREQ 0%@1600 GR3D_FREQ 0%@614 APE 25 PLL@29.5C CPU@31.5C iwlwifi@32C PMIC@50C GPU@29.5C AO@40.5C thermal@30.5C POM_5V_IN 1689/2101 POM_5V_GPU 82/112 POM_5V_CPU 164/480
RAM 1343/3964MB (lfb 8x4MB) SWAP 816/6078MB (cached 24MB) IRAM 0/252kB(lfb 252kB) CPU [7%@921,7%@921,off,off] EMC_FREQ 0%@1600 GR3D_FREQ 0%@614 APE 25 PLL@29.5C CPU@31.5C iwlwifi@32C PMIC@50C GPU@29.5C AO@41C thermal@30.5C POM_5V_IN 1689/2100 POM_5V_GPU 82/112 POM_5V_CPU 164/479
RAM 1343/3964MB (lfb 8x4MB) SWAP 816/6078MB (cached 24MB) IRAM 0/252kB(lfb 252kB) CPU [7%@921,6%@921,off,off] EMC_FREQ 0%@1600 GR3D_FREQ 0%@614 APE 25 PLL@29.5C CPU@31.5C iwlwifi@32C PMIC@50C GPU@30C AO@41C thermal@30.75C POM_5V_IN 1689/2099 POM_5V_GPU 82/112 POM_5V_CPU 164/478
RAM 1343/3964MB (lfb 8x4MB) SWAP 816/6078MB (cached 24MB) IRAM 0/252kB(lfb 252kB) CPU [8%@921,5%@921,off,off] EMC_FREQ 0%@1600 GR3D_FREQ 0%@614 APE 25 PLL@30C CPU@31.5C iwlwifi@32C PMIC@50C GPU@30C AO@41C thermal@30.75C POM_5V_IN 1689/2098 POM_5V_GPU 82/112 POM_5V_CPU 164/477
RAM 1343/3964MB (lfb 8x4MB) SWAP 816/6078MB (cached 24MB) IRAM 0/252kB(lfb 252kB) CPU [6%@921,7%@921,off,off] EMC_FREQ 0%@1600 GR3D_FREQ 0%@614 APE 25 PLL@29.5C CPU@31.5C iwlwifi@33C PMIC@50C GPU@30C AO@41C thermal@30.5C POM_5V_IN 1689/2097 POM_5V_GPU 82/112 POM_5V_CPU 164/477
RAM 1339/3964MB (lfb 8x4MB) SWAP 816/6078MB (cached 24MB) IRAM 0/252kB(lfb 252kB) CPU [8%@921,6%@921,off,off] EMC_FREQ 0%@1600 GR3D_FREQ 0%@614 APE 25 PLL@29.5C CPU@31C iwlwifi@32C PMIC@50C GPU@29.5C AO@41C thermal@30.75C POM_5V_IN 1689/2096 POM_5V_GPU 82/112 POM_5V_CPU 164/476
RAM 1341/3964MB (lfb 8x4MB) SWAP 816/6078MB (cached 24MB) IRAM 0/252kB(lfb 252kB) CPU [7%@921,6%@921,off,off] EMC_FREQ 0%@1600 GR3D_FREQ 0%@614 APE 25 PLL@29.5C CPU@31.5C iwlwifi@32C PMIC@50C GPU@30C AO@41C thermal@30.75C POM_5V_IN 1689/2095 POM_5V_GPU 82/112 POM_5V_CPU 164/475
RAM 1343/3964MB (lfb 8x4MB) SWAP 816/6078MB (cached 24MB) IRAM 0/252kB(lfb 252kB) CPU [5%@921,8%@921,off,off] EMC_FREQ 0%@1600 GR3D_FREQ 0%@614 APE 25 PLL@29.5C CPU@31.5C iwlwifi@32C PMIC@50C GPU@29.5C AO@40.5C thermal@30.75C POM_5V_IN 1689/2094 POM_5V_GPU 82/112 POM_5V_CPU 164/474
RAM 1343/3964MB (lfb 8x4MB) SWAP 816/6078MB (cached 24MB) IRAM 0/252kB(lfb 252kB) CPU [7%@921,6%@921,off,off] EMC_FREQ 0%@1600 GR3D_FREQ 0%@614 APE 25 PLL@29.5C CPU@31.5C iwlwifi@32C PMIC@50C GPU@29.5C AO@40.5C thermal@30.75C POM_5V_IN 1687/2093 POM_5V_GPU 82/112 POM_5V_CPU 164/474
RAM 1343/3964MB (lfb 8x4MB) SWAP 816/6078MB (cached 24MB) IRAM 0/252kB(lfb 252kB) CPU [7%@921,6%@921,off,off] EMC_FREQ 0%@1600 GR3D_FREQ 0%@614 APE 25 PLL@29.5C CPU@31.5C iwlwifi@32C PMIC@50C GPU@30C AO@40.5C thermal@30.5C POM_5V_IN 1687/2092 POM_5V_GPU 82/112 POM_5V_CPU 164/473
RAM 1343/3964MB (lfb 8x4MB) SWAP 816/6078MB (cached 24MB) IRAM 0/252kB(lfb 252kB) CPU [6%@921,8%@921,off,off] EMC_FREQ 0%@1600 GR3D_FREQ 0%@614 APE 25 PLL@29.5C CPU@31.5C iwlwifi@32C PMIC@50C GPU@29.5C AO@40.5C thermal@30.5C POM_5V_IN 1689/2091 POM_5V_GPU 82/112 POM_5V_CPU 164/472
RAM 1341/3964MB (lfb 8x4MB) SWAP 816/6078MB (cached 24MB) IRAM 0/252kB(lfb 252kB) CPU [8%@921,5%@921,off,off] EMC_FREQ 0%@1600 GR3D_FREQ 0%@614 APE 25 PLL@29.5C CPU@31C iwlwifi@32C PMIC@50C GPU@29.5C AO@40.5C thermal@30.5C POM_5V_IN 1689/2090 POM_5V_GPU 82/112 POM_5V_CPU 164/471
RAM 1343/3964MB (lfb 8x4MB) SWAP 816/6078MB (cached 24MB) IRAM 0/252kB(lfb 252kB) CPU [8%@921,5%@921,off,off] EMC_FREQ 0%@1600 GR3D_FREQ 0%@614 APE 25 PLL@29.5C CPU@31C iwlwifi@32C PMIC@50C GPU@30C AO@41C thermal@30.5C POM_5V_IN 1689/2089 POM_5V_GPU 82/112 POM_5V_CPU 164/471
RAM 1345/3964MB (lfb 8x4MB) SWAP 816/6078MB (cached 24MB) IRAM 0/252kB(lfb 252kB) CPU [7%@921,6%@921,off,off] EMC_FREQ 0%@1600 GR3D_FREQ 0%@614 APE 25 PLL@29.5C CPU@31.5C iwlwifi@32C PMIC@50C GPU@29.5C AO@41C thermal@30.5C POM_5V_IN 1689/2088 POM_5V_GPU 82/112 POM_5V_CPU 164/470
RAM 1339/3964MB (lfb 8x4MB) SWAP 816/6078MB (cached 24MB) IRAM 0/252kB(lfb 252kB) CPU [8%@921,6%@921,off,off] EMC_FREQ 0%@1600 GR3D_FREQ 0%@614 APE 25 PLL@29.5C CPU@31.5C iwlwifi@32C PMIC@50C GPU@29.5C AO@41C thermal@30.5C POM_5V_IN 1689/2087 POM_5V_GPU 82/111 POM_5V_CPU 164/469
RAM 1339/3964MB (lfb 8x4MB) SWAP 816/6078MB (cached 24MB) IRAM 0/252kB(lfb 252kB) CPU [6%@921,7%@921,off,off] EMC_FREQ 0%@1600 GR3D_FREQ 0%@614 APE 25 PLL@29.5C CPU@31.5C iwlwifi@32C PMIC@50C GPU@29.5C AO@41C thermal@30.5C POM_5V_IN 1689/2087 POM_5V_GPU 82/111 POM_5V_CPU 164/468
RAM 1343/3964MB (lfb 8x4MB) SWAP 816/6078MB (cached 24MB) IRAM 0/252kB(lfb 252kB) CPU [8%@921,6%@921,off,off] EMC_FREQ 0%@1600 GR3D_FREQ 0%@614 APE 25 PLL@29.5C CPU@31.5C iwlwifi@33C PMIC@50C GPU@30C AO@41C thermal@30.75C POM_5V_IN 1689/2086 POM_5V_GPU 82/111 POM_5V_CPU 164/468
RAM 1341/3964MB (lfb 8x4MB) SWAP 816/6078MB (cached 24MB) IRAM 0/252kB(lfb 252kB) CPU [5%@921,9%@921,off,off] EMC_FREQ 0%@1600 GR3D_FREQ 0%@614 APE 25 PLL@29.5C CPU@31.5C iwlwifi@32C PMIC@50C GPU@30C AO@40.5C thermal@30.5C POM_5V_IN 1689/2085 POM_5V_GPU 82/111 POM_5V_CPU 164/467
RAM 1341/3964MB (lfb 8x4MB) SWAP 816/6078MB (cached 24MB) IRAM 0/252kB(lfb 252kB) CPU [7%@921,7%@921,off,off] EMC_FREQ 0%@1600 GR3D_FREQ 0%@614 APE 25 PLL@29.5C CPU@31.5C iwlwifi@32C PMIC@50C GPU@29.5C AO@41C thermal@30.5C POM_5V_IN 1689/2084 POM_5V_GPU 82/111 POM_5V_CPU 164/466
RAM 1343/3964MB (lfb 8x4MB) SWAP 816/6078MB (cached 24MB) IRAM 0/252kB(lfb 252kB) CPU [9%@921,5%@921,off,off] EMC_FREQ 0%@1600 GR3D_FREQ 0%@614 APE 25 PLL@29.5C CPU@31.5C iwlwifi@32C PMIC@50C GPU@30C AO@40.5C thermal@30.75C POM_5V_IN 1689/2083 POM_5V_GPU 82/111 POM_5V_CPU 164/465
RAM 1339/3964MB (lfb 8x4MB) SWAP 816/6078MB (cached 24MB) IRAM 0/252kB(lfb 252kB) CPU [9%@921,4%@921,off,off] EMC_FREQ 0%@1600 GR3D_FREQ 0%@614 APE 25 PLL@29.5C CPU@31.5C iwlwifi@32C PMIC@50C GPU@29.5C AO@41C thermal@30.75C POM_5V_IN 1689/2082 POM_5V_GPU 82/111 POM_5V_CPU 164/465
RAM 1339/3964MB (lfb 8x4MB) SWAP 816/6078MB (cached 24MB) IRAM 0/252kB(lfb 252kB) CPU [6%@921,8%@921,off,off] EMC_FREQ 0%@1600 GR3D_FREQ 0%@614 APE 25 PLL@29.5C CPU@31.5C iwlwifi@32C PMIC@50C GPU@30C AO@40.5C thermal@30.75C POM_5V_IN 1689/2081 POM_5V_GPU 82/111 POM_5V_CPU 164/464
RAM 1343/3964MB (lfb 8x4MB) SWAP 816/6078MB (cached 24MB) IRAM 0/252kB(lfb 252kB) CPU [8%@921,5%@921,off,off] EMC_FREQ 0%@1600 GR3D_FREQ 0%@614 APE 25 PLL@29.5C CPU@31.5C iwlwifi@32C PMIC@50C GPU@30C AO@41C thermal@30.5C POM_5V_IN 1689/2080 POM_5V_GPU 82/111 POM_5V_CPU 164/463
RAM 1345/3964MB (lfb 8x4MB) SWAP 816/6078MB (cached 24MB) IRAM 0/252kB(lfb 252kB) CPU [8%@921,5%@921,off,off] EMC_FREQ 0%@1600 GR3D_FREQ 0%@614 APE 25 PLL@29C CPU@31C iwlwifi@32C PMIC@50C GPU@30C AO@40.5C thermal@30.75C POM_5V_IN 1689/2079 POM_5V_GPU 82/111 POM_5V_CPU 164/463
RAM 1343/3964MB (lfb 8x4MB) SWAP 816/6078MB (cached 24MB) IRAM 0/252kB(lfb 252kB) CPU [7%@921,5%@921,off,off] EMC_FREQ 0%@1600 GR3D_FREQ 0%@614 APE 25 PLL@29.5C CPU@31.5C iwlwifi@32C PMIC@50C GPU@29.5C AO@41C thermal@30.5C POM_5V_IN 1689/2078 POM_5V_GPU 82/111 POM_5V_CPU 164/462
RAM 1341/3964MB (lfb 8x4MB) SWAP 816/6078MB (cached 24MB) IRAM 0/252kB(lfb 252kB) CPU [7%@921,6%@921,off,off] EMC_FREQ 0%@1600 GR3D_FREQ 0%@614 APE 25 PLL@29.5C CPU@31.5C iwlwifi@32C PMIC@50C GPU@30C AO@40.5C thermal@30.75C POM_5V_IN 1689/2077 POM_5V_GPU 82/111 POM_5V_CPU 164/461
RAM 1341/3964MB (lfb 8x4MB) SWAP 816/6078MB (cached 24MB) IRAM 0/252kB(lfb 252kB) CPU [7%@921,6%@921,off,off] EMC_FREQ 0%@1600 GR3D_FREQ 0%@614 APE 25 PLL@29C CPU@31.5C iwlwifi@32C PMIC@50C GPU@29.5C AO@41C thermal@30.5C POM_5V_IN 1689/2076 POM_5V_GPU 82/111 POM_5V_CPU 164/461
RAM 1341/3964MB (lfb 8x4MB) SWAP 816/6078MB (cached 25MB) IRAM 0/252kB(lfb 252kB) CPU [8%@921,5%@921,off,off] EMC_FREQ 0%@1600 GR3D_FREQ 0%@614 APE 25 PLL@29.5C CPU@31C iwlwifi@32C PMIC@50C GPU@29.5C AO@41C thermal@30.5C POM_5V_IN 1689/2075 POM_5V_GPU 82/111 POM_5V_CPU 123/460
RAM 1339/3964MB (lfb 8x4MB) SWAP 816/6078MB (cached 25MB) IRAM 0/252kB(lfb 252kB) CPU [6%@921,7%@921,off,off] EMC_FREQ 0%@1600 GR3D_FREQ 0%@614 APE 25 PLL@29.5C CPU@31.5C iwlwifi@32C PMIC@50C GPU@29.5C AO@41C thermal@30.5C POM_5V_IN 1689/2074 POM_5V_GPU 82/110 POM_5V_CPU 164/459
RAM 1340/3964MB (lfb 8x4MB) SWAP 816/6078MB (cached 25MB) IRAM 0/252kB(lfb 252kB) CPU [5%@921,9%@921,off,off] EMC_FREQ 0%@1600 GR3D_FREQ 0%@614 APE 25 PLL@29C CPU@31.5C iwlwifi@32C PMIC@50C GPU@29.5C AO@40C thermal@30.75C POM_5V_IN 1689/2074 POM_5V_GPU 82/110 POM_5V_CPU 164/458
RAM 1339/3964MB (lfb 8x4MB) SWAP 816/6078MB (cached 25MB) IRAM 0/252kB(lfb 252kB) CPU [8%@921,5%@921,off,off] EMC_FREQ 0%@1600 GR3D_FREQ 0%@614 APE 25 PLL@29C CPU@31.5C iwlwifi@32C PMIC@50C GPU@30C AO@41C thermal@30.5C POM_5V_IN 1689/2073 POM_5V_GPU 82/110 POM_5V_CPU 164/458
RAM 1343/3964MB (lfb 8x4MB) SWAP 816/6078MB (cached 25MB) IRAM 0/252kB(lfb 252kB) CPU [5%@921,9%@921,off,off] EMC_FREQ 0%@1600 GR3D_FREQ 0%@614 APE 25 PLL@29.5C CPU@31.5C iwlwifi@32C PMIC@50C GPU@30C AO@40.5C thermal@30.75C POM_5V_IN 1731/2072 POM_5V_GPU 82/110 POM_5V_CPU 164/457
RAM 1342/3964MB (lfb 8x4MB) SWAP 816/6078MB (cached 25MB) IRAM 0/252kB(lfb 252kB) CPU [7%@921,9%@921,off,off] EMC_FREQ 0%@1600 GR3D_FREQ 0%@614 APE 25 PLL@29.5C CPU@31.5C iwlwifi@32C PMIC@50C GPU@30C AO@40.5C thermal@30.75C POM_5V_IN 1689/2071 POM_5V_GPU 82/110 POM_5V_CPU 164/456
RAM 1341/3964MB (lfb 8x4MB) SWAP 816/6078MB (cached 25MB) IRAM 0/252kB(lfb 252kB) CPU [6%@921,7%@921,off,off] EMC_FREQ 0%@1600 GR3D_FREQ 0%@614 APE 25 PLL@29C CPU@31.5C iwlwifi@32C PMIC@50C GPU@29.5C AO@40.5C thermal@30.5C POM_5V_IN 1689/2070 POM_5V_GPU 82/110 POM_5V_CPU 164/456
RAM 1341/3964MB (lfb 8x4MB) SWAP 816/6078MB (cached 25MB) IRAM 0/252kB(lfb 252kB) CPU [6%@921,7%@921,off,off] EMC_FREQ 0%@1600 GR3D_FREQ 0%@614 APE 25 PLL@29C CPU@31.5C iwlwifi@32C PMIC@50C GPU@30C AO@40.5C thermal@30.5C POM_5V_IN 1731/2069 POM_5V_GPU 82/110 POM_5V_CPU 164/455
RAM 1341/3964MB (lfb 8x4MB) SWAP 816/6078MB (cached 25MB) IRAM 0/252kB(lfb 252kB) CPU [6%@921,8%@921,off,off] EMC_FREQ 0%@1600 GR3D_FREQ 0%@614 APE 25 PLL@29.5C CPU@31.5C iwlwifi@32C PMIC@50C GPU@30C AO@40.5C thermal@30.5C POM_5V_IN 1689/2068 POM_5V_GPU 82/110 POM_5V_CPU 164/454
RAM 1341/3964MB (lfb 8x4MB) SWAP 816/6078MB (cached 25MB) IRAM 0/252kB(lfb 252kB) CPU [6%@921,7%@921,off,off] EMC_FREQ 0%@1600 GR3D_FREQ 0%@614 APE 25 PLL@29.5C CPU@31.5C iwlwifi@32C PMIC@50C GPU@29.5C AO@40C thermal@30.25C POM_5V_IN 1687/2068 POM_5V_GPU 82/110 POM_5V_CPU 164/454
RAM 1339/3964MB (lfb 8x4MB) SWAP 816/6078MB (cached 25MB) IRAM 0/252kB(lfb 252kB) CPU [7%@921,7%@921,off,off] EMC_FREQ 0%@1600 GR3D_FREQ 0%@614 APE 25 PLL@29.5C CPU@31.5C iwlwifi@32C PMIC@50C GPU@30C AO@40.5C thermal@30.5C POM_5V_IN 1689/2067 POM_5V_GPU 82/110 POM_5V_CPU 164/453
RAM 1342/3964MB (lfb 8x4MB) SWAP 816/6078MB (cached 25MB) IRAM 0/252kB(lfb 252kB) CPU [6%@921,7%@921,off,off] EMC_FREQ 0%@1600 GR3D_FREQ 0%@614 APE 25 PLL@29.5C CPU@31.5C iwlwifi@32C PMIC@50C GPU@30C AO@40.5C thermal@30.5C POM_5V_IN 1689/2066 POM_5V_GPU 82/110 POM_5V_CPU 164/452
RAM 1340/3964MB (lfb 8x4MB) SWAP 816/6078MB (cached 25MB) IRAM 0/252kB(lfb 252kB) CPU [7%@921,6%@921,off,off] EMC_FREQ 0%@1600 GR3D_FREQ 0%@614 APE 25 PLL@29.5C CPU@31C iwlwifi@34C PMIC@50C GPU@30C AO@40.5C thermal@30.75C POM_5V_IN 1689/2065 POM_5V_GPU 82/110 POM_5V_CPU 164/452
RAM 1342/3964MB (lfb 8x4MB) SWAP 816/6078MB (cached 25MB) IRAM 0/252kB(lfb 252kB) CPU [9%@921,5%@921,off,off] EMC_FREQ 0%@1600 GR3D_FREQ 0%@614 APE 25 PLL@29.5C CPU@31.5C iwlwifi@32C PMIC@50C GPU@29.5C AO@40.5C thermal@30.5C POM_5V_IN 1689/2064 POM_5V_GPU 82/110 POM_5V_CPU 164/451
RAM 1343/3964MB (lfb 8x4MB) SWAP 816/6078MB (cached 25MB) IRAM 0/252kB(lfb 252kB) CPU [7%@921,6%@921,off,off] EMC_FREQ 0%@1600 GR3D_FREQ 0%@614 APE 25 PLL@29C CPU@31.5C iwlwifi@32C PMIC@50C GPU@29.5C AO@40.5C thermal@30.5C POM_5V_IN 1687/2063 POM_5V_GPU 82/110 POM_5V_CPU 164/450
RAM 1344/3964MB (lfb 8x4MB) SWAP 816/6078MB (cached 25MB) IRAM 0/252kB(lfb 252kB) CPU [7%@921,7%@921,off,off] EMC_FREQ 0%@1600 GR3D_FREQ 0%@614 APE 25 PLL@29.5C CPU@31.5C iwlwifi@32C PMIC@50C GPU@29.5C AO@40.5C thermal@30.5C POM_5V_IN 1689/2062 POM_5V_GPU 82/110 POM_5V_CPU 164/450
RAM 1340/3964MB (lfb 8x4MB) SWAP 816/6078MB (cached 25MB) IRAM 0/252kB(lfb 252kB) CPU [6%@921,8%@921,off,off] EMC_FREQ 0%@1600 GR3D_FREQ 0%@614 APE 25 PLL@29.5C CPU@31.5C iwlwifi@32C PMIC@50C GPU@29.5C AO@40.5C thermal@30.75C POM_5V_IN 1687/2062 POM_5V_GPU 82/109 POM_5V_CPU 164/449
RAM 1344/3964MB (lfb 8x4MB) SWAP 816/6078MB (cached 25MB) IRAM 0/252kB(lfb 252kB) CPU [8%@921,6%@921,off,off] EMC_FREQ 0%@1600 GR3D_FREQ 0%@614 APE 25 PLL@29.5C CPU@31.5C iwlwifi@32C PMIC@50C GPU@29.5C AO@40.5C thermal@30.5C POM_5V_IN 1689/2061 POM_5V_GPU 82/109 POM_5V_CPU 164/448
RAM 1344/3964MB (lfb 8x4MB) SWAP 816/6078MB (cached 25MB) IRAM 0/252kB(lfb 252kB) CPU [6%@921,7%@921,off,off] EMC_FREQ 0%@1600 GR3D_FREQ 0%@614 APE 25 PLL@29.5C CPU@31.5C iwlwifi@32C PMIC@50C GPU@29.5C AO@40.5C thermal@30.5C POM_5V_IN 1689/2060 POM_5V_GPU 82/109 POM_5V_CPU 164/448
RAM 1344/3964MB (lfb 8x4MB) SWAP 816/6078MB (cached 25MB) IRAM 0/252kB(lfb 252kB) CPU [5%@921,9%@921,off,off] EMC_FREQ 0%@1600 GR3D_FREQ 0%@614 APE 25 PLL@29C CPU@31.5C iwlwifi@32C PMIC@50C GPU@29.5C AO@40.5C thermal@30.5C POM_5V_IN 1689/2059 POM_5V_GPU 82/109 POM_5V_CPU 164/447
RAM 1343/3964MB (lfb 8x4MB) SWAP 816/6078MB (cached 25MB) IRAM 0/252kB(lfb 252kB) CPU [8%@921,5%@921,off,off] EMC_FREQ 0%@1600 GR3D_FREQ 0%@614 APE 25 PLL@29.5C CPU@31C iwlwifi@32C PMIC@50C GPU@29.5C AO@40.5C thermal@30.75C POM_5V_IN 1689/2058 POM_5V_GPU 82/109 POM_5V_CPU 164/446
RAM 1340/3964MB (lfb 8x4MB) SWAP 816/6078MB (cached 25MB) IRAM 0/252kB(lfb 252kB) CPU [6%@921,9%@921,off,off] EMC_FREQ 0%@1600 GR3D_FREQ 0%@614 APE 25 PLL@29.5C CPU@31C iwlwifi@32C PMIC@50C GPU@29.5C AO@41C thermal@30.5C POM_5V_IN 1689/2057 POM_5V_GPU 82/109 POM_5V_CPU 164/446
RAM 1342/3964MB (lfb 8x4MB) SWAP 816/6078MB (cached 25MB) IRAM 0/252kB(lfb 252kB) CPU [9%@921,5%@921,off,off] EMC_FREQ 0%@1600 GR3D_FREQ 0%@614 APE 25 PLL@29.5C CPU@31.5C iwlwifi@32C PMIC@50C GPU@29.5C AO@40.5C thermal@30.75C POM_5V_IN 1689/2057 POM_5V_GPU 82/109 POM_5V_CPU 164/445
RAM 1345/3964MB (lfb 8x4MB) SWAP 816/6078MB (cached 25MB) IRAM 0/252kB(lfb 252kB) CPU [7%@921,7%@921,off,off] EMC_FREQ 0%@1600 GR3D_FREQ 0%@614 APE 25 PLL@29.5C CPU@32C iwlwifi@32C PMIC@50C GPU@30C AO@40.5C thermal@30.5C POM_5V_IN 2013/2056 POM_5V_GPU 82/109 POM_5V_CPU 164/445
RAM 1345/3964MB (lfb 8x4MB) SWAP 816/6078MB (cached 25MB) IRAM 0/252kB(lfb 252kB) CPU [8%@921,5%@921,off,off] EMC_FREQ 0%@1600 GR3D_FREQ 0%@614 APE 25 PLL@29.5C CPU@31C iwlwifi@32C PMIC@50C GPU@30C AO@40.5C thermal@30.5C POM_5V_IN 1689/2056 POM_5V_GPU 82/109 POM_5V_CPU 164/444
RAM 1341/3964MB (lfb 8x4MB) SWAP 816/6078MB (cached 25MB) IRAM 0/252kB(lfb 252kB) CPU [8%@921,5%@921,off,off] EMC_FREQ 0%@1600 GR3D_FREQ 0%@614 APE 25 PLL@29.5C CPU@31.5C iwlwifi@32C PMIC@50C GPU@30C AO@40.5C thermal@30.25C POM_5V_IN 1687/2055 POM_5V_GPU 82/109 POM_5V_CPU 164/443
RAM 1341/3964MB (lfb 8x4MB) SWAP 816/6078MB (cached 25MB) IRAM 0/252kB(lfb 252kB) CPU [9%@921,4%@921,off,off] EMC_FREQ 0%@1600 GR3D_FREQ 0%@614 APE 25 PLL@29.5C CPU@31.5C iwlwifi@32C PMIC@50C GPU@30C AO@41C thermal@30.75C POM_5V_IN 1689/2054 POM_5V_GPU 82/109 POM_5V_CPU 164/443
RAM 1342/3964MB (lfb 8x4MB) SWAP 816/6078MB (cached 25MB) IRAM 0/252kB(lfb 252kB) CPU [7%@921,6%@921,off,off] EMC_FREQ 0%@1600 GR3D_FREQ 0%@614 APE 25 PLL@29.5C CPU@31.5C iwlwifi@32C PMIC@50C GPU@30C AO@41C thermal@30.75C POM_5V_IN 1689/2053 POM_5V_GPU 82/109 POM_5V_CPU 164/442
RAM 1340/3964MB (lfb 8x4MB) SWAP 816/6078MB (cached 25MB) IRAM 0/252kB(lfb 252kB) CPU [6%@921,8%@921,off,off] EMC_FREQ 0%@1600 GR3D_FREQ 0%@614 APE 25 PLL@29.5C CPU@31C iwlwifi@33C PMIC@50C GPU@30C AO@40.5C thermal@30.5C POM_5V_IN 1689/2052 POM_5V_GPU 82/109 POM_5V_CPU 164/441
RAM 1342/3964MB (lfb 8x4MB) SWAP 816/6078MB (cached 25MB) IRAM 0/252kB(lfb 252kB) CPU [5%@921,8%@921,off,off] EMC_FREQ 0%@1600 GR3D_FREQ 0%@614 APE 25 PLL@29.5C CPU@31.5C iwlwifi@32C PMIC@50C GPU@30C AO@40.5C thermal@30.5C POM_5V_IN 1689/2052 POM_5V_GPU 82/109 POM_5V_CPU 123/441
RAM 1341/3964MB (lfb 8x4MB) SWAP 816/6078MB (cached 25MB) IRAM 0/252kB(lfb 252kB) CPU [5%@921,9%@921,off,off] EMC_FREQ 0%@1600 GR3D_FREQ 0%@614 APE 25 PLL@29.5C CPU@31.5C iwlwifi@32C PMIC@50C GPU@29.5C AO@40.5C thermal@30.5C POM_5V_IN 1689/2051 POM_5V_GPU 82/109 POM_5V_CPU 164/440
RAM 1341/3964MB (lfb 8x4MB) SWAP 816/6078MB (cached 25MB) IRAM 0/252kB(lfb 252kB) CPU [10%@921,4%@921,off,off] EMC_FREQ 0%@1600 GR3D_FREQ 0%@614 APE 25 PLL@29.5C CPU@31.5C iwlwifi@32C PMIC@50C GPU@29.5C AO@40.5C thermal@30.5C POM_5V_IN 1689/2050 POM_5V_GPU 82/109 POM_5V_CPU 164/440
RAM 1344/3964MB (lfb 8x4MB) SWAP 816/6078MB (cached 25MB) IRAM 0/252kB(lfb 252kB) CPU [9%@921,5%@921,off,off] EMC_FREQ 0%@1600 GR3D_FREQ 0%@614 APE 25 PLL@29.5C CPU@31.5C iwlwifi@32C PMIC@50C GPU@30C AO@40.5C thermal@30.25C POM_5V_IN 1689/2049 POM_5V_GPU 82/109 POM_5V_CPU 164/439
RAM 1341/3964MB (lfb 8x4MB) SWAP 816/6078MB (cached 25MB) IRAM 0/252kB(lfb 252kB) CPU [4%@921,9%@921,off,off] EMC_FREQ 0%@1600 GR3D_FREQ 0%@614 APE 25 PLL@29.5C CPU@31.5C iwlwifi@32C PMIC@50C GPU@30C AO@40.5C thermal@30.5C POM_5V_IN 1687/2048 POM_5V_GPU 82/108 POM_5V_CPU 164/438
RAM 1342/3964MB (lfb 8x4MB) SWAP 815/6078MB (cached 25MB) IRAM 0/252kB(lfb 252kB) CPU [6%@921,8%@921,off,off] EMC_FREQ 0%@1600 GR3D_FREQ 0%@614 APE 25 PLL@29C CPU@31.5C iwlwifi@32C PMIC@50C GPU@29.5C AO@40.5C thermal@30.5C POM_5V_IN 1689/2048 POM_5V_GPU 82/108 POM_5V_CPU 164/438
RAM 1343/3964MB (lfb 8x4MB) SWAP 815/6078MB (cached 25MB) IRAM 0/252kB(lfb 252kB) CPU [7%@921,6%@921,off,off] EMC_FREQ 0%@1600 GR3D_FREQ 0%@614 APE 25 PLL@29.5C CPU@31C iwlwifi@32C PMIC@50C GPU@30C AO@40.5C thermal@30.5C POM_5V_IN 1689/2047 POM_5V_GPU 82/108 POM_5V_CPU 164/437
RAM 1343/3964MB (lfb 8x4MB) SWAP 815/6078MB (cached 25MB) IRAM 0/252kB(lfb 252kB) CPU [4%@921,9%@921,off,off] EMC_FREQ 0%@1600 GR3D_FREQ 0%@614 APE 25 PLL@29.5C CPU@31.5C iwlwifi@32C PMIC@50C GPU@30C AO@40.5C thermal@30.5C POM_5V_IN 1689/2046 POM_5V_GPU 82/108 POM_5V_CPU 164/437
RAM 1343/3964MB (lfb 8x4MB) SWAP 815/6078MB (cached 25MB) IRAM 0/252kB(lfb 252kB) CPU [9%@921,5%@921,off,off] EMC_FREQ 0%@1600 GR3D_FREQ 0%@614 APE 25 PLL@29.5C CPU@31.5C iwlwifi@32C PMIC@50C GPU@29.5C AO@40.5C thermal@30.5C POM_5V_IN 1731/2045 POM_5V_GPU 82/108 POM_5V_CPU 164/436
RAM 1345/3964MB (lfb 8x4MB) SWAP 815/6078MB (cached 25MB) IRAM 0/252kB(lfb 252kB) CPU [9%@921,4%@921,off,off] EMC_FREQ 0%@1600 GR3D_FREQ 0%@614 APE 25 PLL@29.5C CPU@31.5C iwlwifi@32C PMIC@50C GPU@29.5C AO@40.5C thermal@30.75C POM_5V_IN 1687/2045 POM_5V_GPU 82/108 POM_5V_CPU 164/435
RAM 1343/3964MB (lfb 8x4MB) SWAP 815/6078MB (cached 25MB) IRAM 0/252kB(lfb 252kB) CPU [6%@921,7%@921,off,off] EMC_FREQ 0%@1600 GR3D_FREQ 0%@614 APE 25 PLL@29.5C CPU@31.5C iwlwifi@32C PMIC@50C GPU@29.5C AO@40.5C thermal@30.5C POM_5V_IN 1689/2044 POM_5V_GPU 82/108 POM_5V_CPU 164/435
RAM 1343/3964MB (lfb 8x4MB) SWAP 815/6078MB (cached 25MB) IRAM 0/252kB(lfb 252kB) CPU [9%@921,5%@921,off,off] EMC_FREQ 0%@1600 GR3D_FREQ 0%@614 APE 25 PLL@29.5C CPU@31.5C iwlwifi@32C PMIC@50C GPU@29.5C AO@40.5C thermal@30.75C POM_5V_IN 1689/2043 POM_5V_GPU 82/108 POM_5V_CPU 164/434
RAM 1345/3964MB (lfb 8x4MB) SWAP 815/6078MB (cached 25MB) IRAM 0/252kB(lfb 252kB) CPU [7%@921,6%@921,off,off] EMC_FREQ 0%@1600 GR3D_FREQ 0%@614 APE 25 PLL@29.5C CPU@31C iwlwifi@32C PMIC@50C GPU@29.5C AO@40.5C thermal@30.25C POM_5V_IN 1689/2042 POM_5V_GPU 82/108 POM_5V_CPU 164/434
RAM 1343/3964MB (lfb 8x4MB) SWAP 815/6078MB (cached 25MB) IRAM 0/252kB(lfb 252kB) CPU [7%@921,6%@921,off,off] EMC_FREQ 0%@1600 GR3D_FREQ 0%@614 APE 25 PLL@29.5C CPU@31.5C iwlwifi@32C PMIC@50C GPU@29.5C AO@40.5C thermal@30.5C POM_5V_IN 1687/2042 POM_5V_GPU 82/108 POM_5V_CPU 164/433
RAM 1341/3964MB (lfb 8x4MB) SWAP 815/6078MB (cached 25MB) IRAM 0/252kB(lfb 252kB) CPU [7%@921,6%@921,off,off] EMC_FREQ 0%@1600 GR3D_FREQ 0%@614 APE 25 PLL@29.5C CPU@31.5C iwlwifi@32C PMIC@50C GPU@29.5C AO@40.5C thermal@30.5C POM_5V_IN 1689/2041 POM_5V_GPU 82/108 POM_5V_CPU 164/433
RAM 1341/3964MB (lfb 8x4MB) SWAP 815/6078MB (cached 25MB) IRAM 0/252kB(lfb 252kB) CPU [8%@921,5%@921,off,off] EMC_FREQ 0%@1600 GR3D_FREQ 0%@614 APE 25 PLL@29.5C CPU@31.5C iwlwifi@32C PMIC@50C GPU@29.5C AO@40.5C thermal@30.25C POM_5V_IN 1689/2040 POM_5V_GPU 82/108 POM_5V_CPU 164/432
RAM 1341/3964MB (lfb 8x4MB) SWAP 815/6078MB (cached 25MB) IRAM 0/252kB(lfb 252kB) CPU [6%@921,9%@921,off,off] EMC_FREQ 0%@1600 GR3D_FREQ 0%@614 APE 25 PLL@29C CPU@31.5C iwlwifi@32C PMIC@50C GPU@29.5C AO@40.5C thermal@30.5C POM_5V_IN 1689/2039 POM_5V_GPU 82/108 POM_5V_CPU 164/431
RAM 1343/3964MB (lfb 8x4MB) SWAP 815/6078MB (cached 25MB) IRAM 0/252kB(lfb 252kB) CPU [6%@921,7%@921,off,off] EMC_FREQ 0%@1600 GR3D_FREQ 0%@614 APE 25 PLL@29.5C CPU@31.5C iwlwifi@32C PMIC@50C GPU@29.5C AO@40.5C thermal@30.5C POM_5V_IN 1772/2039 POM_5V_GPU 82/108 POM_5V_CPU 206/431
RAM 1343/3964MB (lfb 8x4MB) SWAP 815/6078MB (cached 25MB) IRAM 0/252kB(lfb 252kB) CPU [6%@921,7%@921,off,off] EMC_FREQ 0%@1600 GR3D_FREQ 0%@614 APE 25 PLL@29C CPU@31.5C iwlwifi@32C PMIC@50C GPU@29.5C AO@40.5C thermal@30.5C POM_5V_IN 1689/2038 POM_5V_GPU 82/108 POM_5V_CPU 164/430
RAM 1345/3964MB (lfb 8x4MB) SWAP 815/6078MB (cached 25MB) IRAM 0/252kB(lfb 252kB) CPU [10%@921,4%@921,off,off] EMC_FREQ 0%@1600 GR3D_FREQ 0%@614 APE 25 PLL@29.5C CPU@31C iwlwifi@32C PMIC@50C GPU@29.5C AO@40C thermal@30.25C POM_5V_IN 1689/2037 POM_5V_GPU 82/108 POM_5V_CPU 164/430
RAM 1343/3964MB (lfb 8x4MB) SWAP 815/6078MB (cached 25MB) IRAM 0/252kB(lfb 252kB) CPU [6%@921,8%@921,off,off] EMC_FREQ 0%@1600 GR3D_FREQ 0%@614 APE 25 PLL@29C CPU@31C iwlwifi@32C PMIC@50C GPU@29.5C AO@40C thermal@30.25C POM_5V_IN 1689/2037 POM_5V_GPU 82/108 POM_5V_CPU 164/429
RAM 1341/3964MB (lfb 8x4MB) SWAP 815/6078MB (cached 25MB) IRAM 0/252kB(lfb 252kB) CPU [5%@921,7%@921,off,off] EMC_FREQ 0%@1600 GR3D_FREQ 0%@614 APE 25 PLL@29.5C CPU@31C iwlwifi@32C PMIC@50C GPU@29.5C AO@40C thermal@30.5C POM_5V_IN 1689/2036 POM_5V_GPU 82/107 POM_5V_CPU 164/429
RAM 1343/3964MB (lfb 8x4MB) SWAP 815/6078MB (cached 25MB) IRAM 0/252kB(lfb 252kB) CPU [6%@921,7%@921,off,off] EMC_FREQ 0%@1600 GR3D_FREQ 0%@614 APE 25 PLL@29.5C CPU@31C iwlwifi@32C PMIC@50C GPU@29.5C AO@40.5C thermal@30.25C POM_5V_IN 1689/2035 POM_5V_GPU 82/107 POM_5V_CPU 164/428
RAM 1341/3964MB (lfb 8x4MB) SWAP 815/6078MB (cached 25MB) IRAM 0/252kB(lfb 252kB) CPU [6%@921,8%@921,off,off] EMC_FREQ 0%@1600 GR3D_FREQ 0%@614 APE 25 PLL@30C CPU@31.5C iwlwifi@32C PMIC@50C GPU@29.5C AO@40.5C thermal@30.75C POM_5V_IN 1689/2034 POM_5V_GPU 82/107 POM_5V_CPU 164/428
RAM 1343/3964MB (lfb 8x4MB) SWAP 815/6078MB (cached 25MB) IRAM 0/252kB(lfb 252kB) CPU [5%@921,8%@921,off,off] EMC_FREQ 0%@1600 GR3D_FREQ 0%@614 APE 25 PLL@29.5C CPU@31C iwlwifi@32C PMIC@50C GPU@29.5C AO@40.5C thermal@30.5C POM_5V_IN 1687/2034 POM_5V_GPU 82/107 POM_5V_CPU 164/427
RAM 1343/3964MB (lfb 8x4MB) SWAP 815/6078MB (cached 25MB) IRAM 0/252kB(lfb 252kB) CPU [8%@921,5%@921,off,off] EMC_FREQ 0%@1600 GR3D_FREQ 0%@614 APE 25 PLL@29.5C CPU@31C iwlwifi@32C PMIC@50C GPU@29.5C AO@40C thermal@30.5C POM_5V_IN 1689/2033 POM_5V_GPU 82/107 POM_5V_CPU 164/426
RAM 1341/3964MB (lfb 8x4MB) SWAP 815/6078MB (cached 25MB) IRAM 0/252kB(lfb 252kB) CPU [9%@921,4%@921,off,off] EMC_FREQ 0%@1600 GR3D_FREQ 0%@614 APE 25 PLL@29.5C CPU@31.5C iwlwifi@32C PMIC@50C GPU@30C AO@40.5C thermal@30.5C POM_5V_IN 1772/2032 POM_5V_GPU 82/107 POM_5V_CPU 164/426
RAM 1345/3964MB (lfb 8x4MB) SWAP 815/6078MB (cached 25MB) IRAM 0/252kB(lfb 252kB) CPU [8%@921,6%@921,off,off] EMC_FREQ 0%@1600 GR3D_FREQ 0%@614 APE 25 PLL@29.5C CPU@31.5C iwlwifi@32C PMIC@50C GPU@30C AO@40.5C thermal@30.75C POM_5V_IN 1689/2032 POM_5V_GPU 82/107 POM_5V_CPU 164/425
RAM 1347/3964MB (lfb 8x4MB) SWAP 815/6078MB (cached 25MB) IRAM 0/252kB(lfb 252kB) CPU [7%@921,6%@921,off,off] EMC_FREQ 0%@1600 GR3D_FREQ 0%@614 APE 25 PLL@29.5C CPU@31.5C iwlwifi@32C PMIC@50C GPU@29.5C AO@40.5C thermal@30.5C POM_5V_IN 1689/2031 POM_5V_GPU 82/107 POM_5V_CPU 164/425
RAM 1343/3964MB (lfb 8x4MB) SWAP 815/6078MB (cached 25MB) IRAM 0/252kB(lfb 252kB) CPU [6%@921,7%@921,off,off] EMC_FREQ 0%@1600 GR3D_FREQ 0%@614 APE 25 PLL@29.5C CPU@31.5C iwlwifi@32C PMIC@50C GPU@29.5C AO@40C thermal@30.5C POM_5V_IN 1689/2030 POM_5V_GPU 82/107 POM_5V_CPU 164/424
RAM 1341/3964MB (lfb 8x4MB) SWAP 815/6078MB (cached 25MB) IRAM 0/252kB(lfb 252kB) CPU [9%@921,4%@921,off,off] EMC_FREQ 0%@1600 GR3D_FREQ 0%@614 APE 25 PLL@29.5C CPU@31.5C iwlwifi@32C PMIC@50C GPU@29.5C AO@40C thermal@30.75C POM_5V_IN 1689/2030 POM_5V_GPU 82/107 POM_5V_CPU 164/424
RAM 1343/3964MB (lfb 8x4MB) SWAP 815/6078MB (cached 25MB) IRAM 0/252kB(lfb 252kB) CPU [8%@921,6%@921,off,off] EMC_FREQ 0%@1600 GR3D_FREQ 0%@614 APE 25 PLL@29C CPU@31.5C iwlwifi@32C PMIC@50C GPU@29.5C AO@40.5C thermal@30.5C POM_5V_IN 1687/2029 POM_5V_GPU 82/107 POM_5V_CPU 164/423
RAM 1343/3964MB (lfb 8x4MB) SWAP 815/6078MB (cached 25MB) IRAM 0/252kB(lfb 252kB) CPU [7%@921,6%@921,off,off] EMC_FREQ 0%@1600 GR3D_FREQ 0%@614 APE 25 PLL@30C CPU@31.5C iwlwifi@32C PMIC@50C GPU@29.5C AO@40.5C thermal@30.5C POM_5V_IN 1731/2028 POM_5V_GPU 82/107 POM_5V_CPU 164/423
RAM 1343/3964MB (lfb 8x4MB) SWAP 815/6078MB (cached 25MB) IRAM 0/252kB(lfb 252kB) CPU [5%@921,8%@921,off,off] EMC_FREQ 0%@1600 GR3D_FREQ 0%@614 APE 25 PLL@30C CPU@31.5C iwlwifi@32C PMIC@50C GPU@29.5C AO@40.5C thermal@30.75C POM_5V_IN 1731/2028 POM_5V_GPU 82/107 POM_5V_CPU 164/422
RAM 1345/3964MB (lfb 8x4MB) SWAP 815/6078MB (cached 25MB) IRAM 0/252kB(lfb 252kB) CPU [7%@921,6%@921,off,off] EMC_FREQ 0%@1600 GR3D_FREQ 0%@614 APE 25 PLL@29.5C CPU@31C iwlwifi@32C PMIC@50C GPU@29.5C AO@40.5C thermal@30.5C POM_5V_IN 1731/2027 POM_5V_GPU 82/107 POM_5V_CPU 164/422
RAM 1343/3964MB (lfb 8x4MB) SWAP 815/6078MB (cached 25MB) IRAM 0/252kB(lfb 252kB) CPU [8%@921,6%@921,off,off] EMC_FREQ 0%@1600 GR3D_FREQ 0%@614 APE 25 PLL@29.5C CPU@31.5C iwlwifi@32C PMIC@50C GPU@29.5C AO@40.5C thermal@30.5C POM_5V_IN 1689/2026 POM_5V_GPU 82/107 POM_5V_CPU 164/421
RAM 1341/3964MB (lfb 8x4MB) SWAP 815/6078MB (cached 25MB) IRAM 0/252kB(lfb 252kB) CPU [6%@921,8%@921,off,off] EMC_FREQ 0%@1600 GR3D_FREQ 0%@614 APE 25 PLL@29.5C CPU@31.5C iwlwifi@32C PMIC@50C GPU@29.5C AO@40.5C thermal@30.5C POM_5V_IN 1689/2026 POM_5V_GPU 82/107 POM_5V_CPU 164/421
RAM 1343/3964MB (lfb 8x4MB) SWAP 815/6078MB (cached 25MB) IRAM 0/252kB(lfb 252kB) CPU [5%@921,9%@921,off,off] EMC_FREQ 0%@1600 GR3D_FREQ 0%@614 APE 25 PLL@29.5C CPU@31.5C iwlwifi@32C PMIC@50C GPU@29.5C AO@40.5C thermal@30.5C POM_5V_IN 1689/2025 POM_5V_GPU 82/107 POM_5V_CPU 164/420
RAM 1346/3964MB (lfb 8x4MB) SWAP 815/6078MB (cached 25MB) IRAM 0/252kB(lfb 252kB) CPU [6%@921,7%@921,off,off] EMC_FREQ 0%@1600 GR3D_FREQ 0%@614 APE 25 PLL@29.5C CPU@31.5C iwlwifi@32C PMIC@50C GPU@29.5C AO@40.5C thermal@30.5C POM_5V_IN 1689/2024 POM_5V_GPU 82/107 POM_5V_CPU 164/420
RAM 1341/3964MB (lfb 8x4MB) SWAP 815/6078MB (cached 25MB) IRAM 0/252kB(lfb 252kB) CPU [9%@921,5%@921,off,off] EMC_FREQ 0%@1600 GR3D_FREQ 0%@614 APE 25 PLL@29.5C CPU@31.5C iwlwifi@32C PMIC@50C GPU@30C AO@40.5C thermal@30.5C POM_5V_IN 1689/2024 POM_5V_GPU 82/107 POM_5V_CPU 164/419
RAM 1344/3964MB (lfb 8x4MB) SWAP 815/6078MB (cached 25MB) IRAM 0/252kB(lfb 252kB) CPU [5%@921,8%@921,off,off] EMC_FREQ 0%@1600 GR3D_FREQ 0%@614 APE 25 PLL@29.5C CPU@31.5C iwlwifi@32C PMIC@50C GPU@29.5C AO@40.5C thermal@30.25C POM_5V_IN 1689/2023 POM_5V_GPU 82/106 POM_5V_CPU 123/418
RAM 1341/3964MB (lfb 8x4MB) SWAP 815/6078MB (cached 25MB) IRAM 0/252kB(lfb 252kB) CPU [8%@921,5%@921,off,off] EMC_FREQ 0%@1600 GR3D_FREQ 0%@614 APE 25 PLL@29.5C CPU@31.5C iwlwifi@32C PMIC@50C GPU@29.5C AO@41C thermal@30.5C POM_5V_IN 1689/2022 POM_5V_GPU 82/106 POM_5V_CPU 164/418
RAM 1343/3964MB (lfb 8x4MB) SWAP 815/6078MB (cached 25MB) IRAM 0/252kB(lfb 252kB) CPU [7%@921,6%@921,off,off] EMC_FREQ 0%@1600 GR3D_FREQ 0%@614 APE 25 PLL@29.5C CPU@31.5C iwlwifi@32C PMIC@50C GPU@29.5C AO@40.5C thermal@30.5C POM_5V_IN 1689/2022 POM_5V_GPU 82/106 POM_5V_CPU 164/417
RAM 1345/3964MB (lfb 8x4MB) SWAP 815/6078MB (cached 25MB) IRAM 0/252kB(lfb 252kB) CPU [9%@921,5%@921,off,off] EMC_FREQ 0%@1600 GR3D_FREQ 0%@614 APE 25 PLL@29.5C CPU@31C iwlwifi@32C PMIC@50C GPU@29.5C AO@40.5C thermal@30.5C POM_5V_IN 1689/2021 POM_5V_GPU 82/106 POM_5V_CPU 164/417
RAM 1343/3964MB (lfb 8x4MB) SWAP 815/6078MB (cached 25MB) IRAM 0/252kB(lfb 252kB) CPU [5%@921,8%@921,off,off] EMC_FREQ 0%@1600 GR3D_FREQ 0%@614 APE 25 PLL@29.5C CPU@31C iwlwifi@32C PMIC@50C GPU@29.5C AO@41C thermal@30.5C POM_5V_IN 1689/2020 POM_5V_GPU 82/106 POM_5V_CPU 164/416
RAM 1343/3964MB (lfb 8x4MB) SWAP 815/6078MB (cached 25MB) IRAM 0/252kB(lfb 252kB) CPU [9%@921,5%@921,off,off] EMC_FREQ 0%@1600 GR3D_FREQ 0%@614 APE 25 PLL@29.5C CPU@31C iwlwifi@32C PMIC@50C GPU@29.5C AO@40.5C thermal@30.5C POM_5V_IN 1689/2020 POM_5V_GPU 82/106 POM_5V_CPU 164/416
RAM 1345/3964MB (lfb 8x4MB) SWAP 815/6078MB (cached 25MB) IRAM 0/252kB(lfb 252kB) CPU [8%@921,6%@921,off,off] EMC_FREQ 0%@1600 GR3D_FREQ 0%@614 APE 25 PLL@29.5C CPU@31C iwlwifi@32C PMIC@50C GPU@29.5C AO@41C thermal@30.5C POM_5V_IN 1689/2019 POM_5V_GPU 82/106 POM_5V_CPU 164/415
RAM 1343/3964MB (lfb 8x4MB) SWAP 815/6078MB (cached 25MB) IRAM 0/252kB(lfb 252kB) CPU [8%@921,6%@921,off,off] EMC_FREQ 0%@1600 GR3D_FREQ 0%@614 APE 25 PLL@29C CPU@31C iwlwifi@32C PMIC@50C GPU@30C AO@41C thermal@30.25C POM_5V_IN 1689/2018 POM_5V_GPU 82/106 POM_5V_CPU 164/415
RAM 1341/3964MB (lfb 8x4MB) SWAP 815/6078MB (cached 25MB) IRAM 0/252kB(lfb 252kB) CPU [6%@921,8%@921,off,off] EMC_FREQ 0%@1600 GR3D_FREQ 0%@614 APE 25 PLL@29C CPU@31C iwlwifi@32C PMIC@50C GPU@30C AO@41C thermal@30.5C POM_5V_IN 1689/2018 POM_5V_GPU 82/106 POM_5V_CPU 164/414
RAM 1344/3964MB (lfb 8x4MB) SWAP 815/6078MB (cached 25MB) IRAM 0/252kB(lfb 252kB) CPU [4%@921,8%@921,off,off] EMC_FREQ 0%@1600 GR3D_FREQ 0%@614 APE 25 PLL@29.5C CPU@31C iwlwifi@32C PMIC@50C GPU@29.5C AO@41C thermal@30.5C POM_5V_IN 1689/2017 POM_5V_GPU 82/106 POM_5V_CPU 164/414
RAM 1342/3964MB (lfb 8x4MB) SWAP 815/6078MB (cached 25MB) IRAM 0/252kB(lfb 252kB) CPU [8%@921,6%@921,off,off] EMC_FREQ 0%@1600 GR3D_FREQ 0%@614 APE 25 PLL@29.5C CPU@31.5C iwlwifi@32C PMIC@50C GPU@29.5C AO@40.5C thermal@30.25C POM_5V_IN 1689/2016 POM_5V_GPU 82/106 POM_5V_CPU 164/413
RAM 1341/3964MB (lfb 8x4MB) SWAP 815/6078MB (cached 25MB) IRAM 0/252kB(lfb 252kB) CPU [7%@921,7%@921,off,off] EMC_FREQ 0%@1600 GR3D_FREQ 0%@614 APE 25 PLL@29.5C CPU@31.5C iwlwifi@32C PMIC@50C GPU@30C AO@41C thermal@30.5C POM_5V_IN 1689/2016 POM_5V_GPU 82/106 POM_5V_CPU 164/413
RAM 1346/3964MB (lfb 8x4MB) SWAP 815/6078MB (cached 25MB) IRAM 0/252kB(lfb 252kB) CPU [8%@921,6%@921,off,off] EMC_FREQ 0%@1600 GR3D_FREQ 0%@614 APE 25 PLL@30C CPU@31.5C iwlwifi@32C PMIC@50C GPU@29.5C AO@40.5C thermal@30.5C POM_5V_IN 1689/2015 POM_5V_GPU 82/106 POM_5V_CPU 164/412
RAM 1341/3964MB (lfb 8x4MB) SWAP 815/6078MB (cached 25MB) IRAM 0/252kB(lfb 252kB) CPU [10%@921,4%@921,off,off] EMC_FREQ 0%@1600 GR3D_FREQ 0%@614 APE 25 PLL@29.5C CPU@31C iwlwifi@32C PMIC@50C GPU@30C AO@40.5C thermal@30.75C POM_5V_IN 1689/2014 POM_5V_GPU 82/106 POM_5V_CPU 164/412
RAM 1345/3964MB (lfb 8x4MB) SWAP 815/6078MB (cached 25MB) IRAM 0/252kB(lfb 252kB) CPU [6%@921,8%@921,off,off] EMC_FREQ 0%@1600 GR3D_FREQ 0%@614 APE 25 PLL@29.5C CPU@31.5C iwlwifi@32C PMIC@50C GPU@30C AO@40.5C thermal@30.5C POM_5V_IN 1689/2014 POM_5V_GPU 82/106 POM_5V_CPU 164/411
RAM 1345/3964MB (lfb 8x4MB) SWAP 815/6078MB (cached 25MB) IRAM 0/252kB(lfb 252kB) CPU [8%@921,5%@921,off,off] EMC_FREQ 0%@1600 GR3D_FREQ 0%@614 APE 25 PLL@29.5C CPU@32C iwlwifi@32C PMIC@50C GPU@30C AO@41C thermal@31C POM_5V_IN 1689/2013 POM_5V_GPU 82/106 POM_5V_CPU 164/411
RAM 1345/3964MB (lfb 8x4MB) SWAP 815/6078MB (cached 25MB) IRAM 0/252kB(lfb 252kB) CPU [7%@921,7%@921,off,off] EMC_FREQ 0%@1600 GR3D_FREQ 0%@614 APE 25 PLL@29.5C CPU@31.5C iwlwifi@32C PMIC@50C GPU@30C AO@41C thermal@30.75C POM_5V_IN 1689/2013 POM_5V_GPU 82/106 POM_5V_CPU 123/410
RAM 1343/3964MB (lfb 8x4MB) SWAP 815/6078MB (cached 25MB) IRAM 0/252kB(lfb 252kB) CPU [5%@921,9%@921,off,off] EMC_FREQ 0%@1600 GR3D_FREQ 0%@614 APE 25 PLL@29.5C CPU@31.5C iwlwifi@32C PMIC@50C GPU@30C AO@40.5C thermal@30.75C POM_5V_IN 1689/2012 POM_5V_GPU 82/106 POM_5V_CPU 164/410
RAM 1346/3964MB (lfb 8x4MB) SWAP 815/6078MB (cached 25MB) IRAM 0/252kB(lfb 252kB) CPU [5%@921,9%@921,off,off] EMC_FREQ 0%@1600 GR3D_FREQ 0%@614 APE 25 PLL@29.5C CPU@31.5C iwlwifi@32C PMIC@50C GPU@29.5C AO@41C thermal@30.5C POM_5V_IN 1689/2011 POM_5V_GPU 82/106 POM_5V_CPU 164/409
RAM 1347/3964MB (lfb 8x4MB) SWAP 815/6078MB (cached 25MB) IRAM 0/252kB(lfb 252kB) CPU [9%@921,4%@921,off,off] EMC_FREQ 0%@1600 GR3D_FREQ 0%@614 APE 25 PLL@29.5C CPU@31.5C iwlwifi@32C PMIC@50C GPU@30C AO@40.5C thermal@30.75C POM_5V_IN 1689/2011 POM_5V_GPU 82/106 POM_5V_CPU 123/409
RAM 1344/3964MB (lfb 8x4MB) SWAP 815/6078MB (cached 25MB) IRAM 0/252kB(lfb 252kB) CPU [9%@921,5%@921,off,off] EMC_FREQ 0%@1600 GR3D_FREQ 0%@614 APE 25 PLL@29.5C CPU@31.5C iwlwifi@32C PMIC@50C GPU@29.5C AO@40.5C thermal@30.75C POM_5V_IN 1689/2010 POM_5V_GPU 82/106 POM_5V_CPU 164/408
RAM 1343/3964MB (lfb 8x4MB) SWAP 815/6078MB (cached 25MB) IRAM 0/252kB(lfb 252kB) CPU [8%@921,5%@921,off,off] EMC_FREQ 0%@1600 GR3D_FREQ 0%@614 APE 25 PLL@29.5C CPU@31.5C iwlwifi@32C PMIC@50C GPU@30C AO@41C thermal@30.75C POM_5V_IN 1689/2009 POM_5V_GPU 82/105 POM_5V_CPU 164/408
RAM 1343/3964MB (lfb 8x4MB) SWAP 815/6078MB (cached 25MB) IRAM 0/252kB(lfb 252kB) CPU [6%@921,8%@921,off,off] EMC_FREQ 0%@1600 GR3D_FREQ 0%@614 APE 25 PLL@29.5C CPU@31.5C iwlwifi@32C PMIC@50C GPU@30C AO@40.5C thermal@30.5C POM_5V_IN 1689/2009 POM_5V_GPU 82/105 POM_5V_CPU 164/407
RAM 1344/3964MB (lfb 8x4MB) SWAP 814/6078MB (cached 25MB) IRAM 0/252kB(lfb 252kB) CPU [9%@921,5%@921,off,off] EMC_FREQ 0%@1600 GR3D_FREQ 0%@614 APE 25 PLL@29.5C CPU@31.5C iwlwifi@32C PMIC@50C GPU@29.5C AO@41C thermal@30.75C POM_5V_IN 1689/2008 POM_5V_GPU 82/105 POM_5V_CPU 164/407
RAM 1342/3964MB (lfb 8x4MB) SWAP 814/6078MB (cached 25MB) IRAM 0/252kB(lfb 252kB) CPU [5%@921,8%@921,off,off] EMC_FREQ 0%@1600 GR3D_FREQ 0%@614 APE 25 PLL@29.5C CPU@31.5C iwlwifi@32C PMIC@50C GPU@30C AO@41C thermal@30.75C POM_5V_IN 1689/2008 POM_5V_GPU 82/105 POM_5V_CPU 164/407
RAM 1342/3964MB (lfb 8x4MB) SWAP 814/6078MB (cached 25MB) IRAM 0/252kB(lfb 252kB) CPU [9%@921,5%@921,off,off] EMC_FREQ 0%@1600 GR3D_FREQ 0%@614 APE 25 PLL@29.5C CPU@31C iwlwifi@32C PMIC@50C GPU@29.5C AO@41C thermal@30.75C POM_5V_IN 1689/2007 POM_5V_GPU 82/105 POM_5V_CPU 164/406
RAM 1342/3964MB (lfb 8x4MB) SWAP 814/6078MB (cached 25MB) IRAM 0/252kB(lfb 252kB) CPU [10%@921,4%@921,off,off] EMC_FREQ 0%@1600 GR3D_FREQ 0%@614 APE 25 PLL@29.5C CPU@31.5C iwlwifi@32C PMIC@50C GPU@29.5C AO@40.5C thermal@30.5C POM_5V_IN 1689/2006 POM_5V_GPU 82/105 POM_5V_CPU 164/406
RAM 1342/3964MB (lfb 8x4MB) SWAP 814/6078MB (cached 25MB) IRAM 0/252kB(lfb 252kB) CPU [6%@921,8%@921,off,off] EMC_FREQ 0%@1600 GR3D_FREQ 0%@614 APE 25 PLL@29.5C CPU@31.5C iwlwifi@32C PMIC@50C GPU@29.5C AO@41C thermal@30.5C POM_5V_IN 1689/2006 POM_5V_GPU 82/105 POM_5V_CPU 164/405
RAM 1343/3964MB (lfb 8x4MB) SWAP 814/6078MB (cached 25MB) IRAM 0/252kB(lfb 252kB) CPU [6%@921,7%@921,off,off] EMC_FREQ 0%@1600 GR3D_FREQ 0%@614 APE 25 PLL@29.5C CPU@31.5C iwlwifi@32C PMIC@50C GPU@30C AO@40.5C thermal@30.5C POM_5V_IN 1689/2005 POM_5V_GPU 82/105 POM_5V_CPU 164/405
RAM 1346/3964MB (lfb 8x4MB) SWAP 814/6078MB (cached 25MB) IRAM 0/252kB(lfb 252kB) CPU [8%@921,5%@921,off,off] EMC_FREQ 0%@1600 GR3D_FREQ 0%@614 APE 25 PLL@29.5C CPU@31.5C iwlwifi@32C PMIC@50C GPU@30C AO@41C thermal@30.75C POM_5V_IN 1731/2005 POM_5V_GPU 82/105 POM_5V_CPU 164/404
RAM 1346/3964MB (lfb 8x4MB) SWAP 814/6078MB (cached 25MB) IRAM 0/252kB(lfb 252kB) CPU [7%@921,6%@921,off,off] EMC_FREQ 0%@1600 GR3D_FREQ 0%@614 APE 25 PLL@29.5C CPU@31.5C iwlwifi@32C PMIC@50C GPU@29.5C AO@41C thermal@30.5C POM_5V_IN 1731/2004 POM_5V_GPU 82/105 POM_5V_CPU 164/404
RAM 1346/3964MB (lfb 8x4MB) SWAP 814/6078MB (cached 25MB) IRAM 0/252kB(lfb 252kB) CPU [6%@921,8%@921,off,off] EMC_FREQ 0%@1600 GR3D_FREQ 0%@614 APE 25 PLL@29.5C CPU@31C iwlwifi@32C PMIC@50C GPU@29.5C AO@40.5C thermal@30.5C POM_5V_IN 1689/2003 POM_5V_GPU 82/105 POM_5V_CPU 164/403
RAM 1342/3964MB (lfb 8x4MB) SWAP 814/6078MB (cached 25MB) IRAM 0/252kB(lfb 252kB) CPU [4%@921,9%@921,off,off] EMC_FREQ 0%@1600 GR3D_FREQ 0%@614 APE 25 PLL@30C CPU@32C iwlwifi@32C PMIC@50C GPU@29.5C AO@41C thermal@30.5C POM_5V_IN 1689/2003 POM_5V_GPU 82/105 POM_5V_CPU 164/403
RAM 1342/3964MB (lfb 8x4MB) SWAP 814/6078MB (cached 25MB) IRAM 0/252kB(lfb 252kB) CPU [6%@921,8%@921,off,off] EMC_FREQ 0%@1600 GR3D_FREQ 0%@614 APE 25 PLL@29.5C CPU@31.5C iwlwifi@32C PMIC@50C GPU@29.5C AO@41C thermal@30.5C POM_5V_IN 1731/2002 POM_5V_GPU 82/105 POM_5V_CPU 164/402
RAM 1342/3964MB (lfb 8x4MB) SWAP 814/6078MB (cached 25MB) IRAM 0/252kB(lfb 252kB) CPU [7%@921,5%@921,off,off] EMC_FREQ 0%@1600 GR3D_FREQ 0%@614 APE 25 PLL@29.5C CPU@31.5C iwlwifi@32C PMIC@50C GPU@29.5C AO@41C thermal@30.5C POM_5V_IN 1689/2002 POM_5V_GPU 82/105 POM_5V_CPU 164/402
RAM 1346/3964MB (lfb 8x4MB) SWAP 814/6078MB (cached 25MB) IRAM 0/252kB(lfb 252kB) CPU [9%@921,5%@921,off,off] EMC_FREQ 0%@1600 GR3D_FREQ 0%@614 APE 25 PLL@29.5C CPU@32C iwlwifi@32C PMIC@50C GPU@30C AO@41C thermal@30.5C POM_5V_IN 1689/2001 POM_5V_GPU 82/105 POM_5V_CPU 164/401
RAM 1342/3964MB (lfb 8x4MB) SWAP 814/6078MB (cached 25MB) IRAM 0/252kB(lfb 252kB) CPU [7%@921,6%@921,off,off] EMC_FREQ 0%@1600 GR3D_FREQ 0%@614 APE 25 PLL@29.5C CPU@31.5C iwlwifi@32C PMIC@50C GPU@29.5C AO@41C thermal@30.25C POM_5V_IN 1731/2001 POM_5V_GPU 82/105 POM_5V_CPU 164/401
RAM 1343/3964MB (lfb 8x4MB) SWAP 814/6078MB (cached 25MB) IRAM 0/252kB(lfb 252kB) CPU [8%@921,5%@921,off,off] EMC_FREQ 0%@1600 GR3D_FREQ 0%@614 APE 25 PLL@29.5C CPU@31.5C iwlwifi@32C PMIC@50C GPU@30C AO@41C thermal@30.75C POM_5V_IN 1689/2000 POM_5V_GPU 82/105 POM_5V_CPU 164/401
RAM 1346/3964MB (lfb 8x4MB) SWAP 814/6078MB (cached 25MB) IRAM 0/252kB(lfb 252kB) CPU [5%@921,8%@921,off,off] EMC_FREQ 0%@1600 GR3D_FREQ 0%@614 APE 25 PLL@29.5C CPU@32C iwlwifi@32C PMIC@50C GPU@29.5C AO@41C thermal@30.5C POM_5V_IN 1689/1999 POM_5V_GPU 82/105 POM_5V_CPU 164/400
RAM 1346/3964MB (lfb 8x4MB) SWAP 814/6078MB (cached 25MB) IRAM 0/252kB(lfb 252kB) CPU [8%@921,5%@921,off,off] EMC_FREQ 0%@1600 GR3D_FREQ 0%@614 APE 25 PLL@29.5C CPU@31.5C iwlwifi@32C PMIC@50C GPU@30C AO@41C thermal@31C POM_5V_IN 1689/1999 POM_5V_GPU 82/105 POM_5V_CPU 164/400
RAM 1342/3964MB (lfb 8x4MB) SWAP 814/6078MB (cached 25MB) IRAM 0/252kB(lfb 252kB) CPU [7%@921,9%@921,off,off] EMC_FREQ 0%@1600 GR3D_FREQ 0%@614 APE 25 PLL@29.5C CPU@32C iwlwifi@32C PMIC@50C GPU@29.5C AO@41C thermal@30.5C POM_5V_IN 1689/1998 POM_5V_GPU 82/105 POM_5V_CPU 164/399
RAM 1343/3964MB (lfb 8x4MB) SWAP 814/6078MB (cached 25MB) IRAM 0/252kB(lfb 252kB) CPU [6%@921,7%@921,off,off] EMC_FREQ 0%@1600 GR3D_FREQ 0%@614 APE 25 PLL@29.5C CPU@31.5C iwlwifi@32C PMIC@50C GPU@30C AO@40.5C thermal@31C POM_5V_IN 1689/1998 POM_5V_GPU 82/105 POM_5V_CPU 164/399
RAM 1344/3964MB (lfb 8x4MB) SWAP 814/6078MB (cached 25MB) IRAM 0/252kB(lfb 252kB) CPU [5%@921,9%@921,off,off] EMC_FREQ 0%@1600 GR3D_FREQ 0%@614 APE 25 PLL@29.5C CPU@32C iwlwifi@32C PMIC@50C GPU@29.5C AO@40.5C thermal@30.5C POM_5V_IN 1731/1997 POM_5V_GPU 82/105 POM_5V_CPU 164/398
RAM 1342/3964MB (lfb 8x4MB) SWAP 814/6078MB (cached 25MB) IRAM 0/252kB(lfb 252kB) CPU [7%@921,6%@921,off,off] EMC_FREQ 0%@1600 GR3D_FREQ 0%@614 APE 25 PLL@29.5C CPU@32C iwlwifi@32C PMIC@50C GPU@29.5C AO@41C thermal@30.5C POM_5V_IN 1689/1997 POM_5V_GPU 82/104 POM_5V_CPU 164/398
RAM 1344/3964MB (lfb 8x4MB) SWAP 814/6078MB (cached 25MB) IRAM 0/252kB(lfb 252kB) CPU [5%@921,9%@921,off,off] EMC_FREQ 0%@1600 GR3D_FREQ 0%@614 APE 25 PLL@29.5C CPU@31.5C iwlwifi@32C PMIC@50C GPU@30C AO@41C thermal@30.75C POM_5V_IN 1689/1996 POM_5V_GPU 82/104 POM_5V_CPU 164/398
RAM 1344/3964MB (lfb 8x4MB) SWAP 814/6078MB (cached 25MB) IRAM 0/252kB(lfb 252kB) CPU [8%@921,5%@921,off,off] EMC_FREQ 0%@1600 GR3D_FREQ 0%@614 APE 25 PLL@30C CPU@31.5C iwlwifi@32C PMIC@50C GPU@30C AO@40.5C thermal@30.75C POM_5V_IN 1731/1996 POM_5V_GPU 82/104 POM_5V_CPU 164/397
RAM 1344/3964MB (lfb 8x4MB) SWAP 814/6078MB (cached 25MB) IRAM 0/252kB(lfb 252kB) CPU [6%@921,8%@921,off,off] EMC_FREQ 0%@1600 GR3D_FREQ 0%@614 APE 25 PLL@29.5C CPU@31.5C iwlwifi@32C PMIC@50C GPU@29.5C AO@41C thermal@30.5C POM_5V_IN 1689/1995 POM_5V_GPU 82/104 POM_5V_CPU 164/397
RAM 1346/3964MB (lfb 8x4MB) SWAP 814/6078MB (cached 25MB) IRAM 0/252kB(lfb 252kB) CPU [8%@921,5%@921,off,off] EMC_FREQ 0%@1600 GR3D_FREQ 0%@614 APE 25 PLL@30C CPU@31.5C iwlwifi@32C PMIC@50C GPU@30C AO@41C thermal@30.5C POM_5V_IN 1689/1994 POM_5V_GPU 82/104 POM_5V_CPU 164/396
RAM 1343/3964MB (lfb 8x4MB) SWAP 814/6078MB (cached 25MB) IRAM 0/252kB(lfb 252kB) CPU [9%@921,5%@921,off,off] EMC_FREQ 0%@1600 GR3D_FREQ 0%@614 APE 25 PLL@29.5C CPU@31.5C iwlwifi@32C PMIC@50C GPU@30C AO@41C thermal@30.75C POM_5V_IN 1689/1994 POM_5V_GPU 82/104 POM_5V_CPU 164/396
RAM 1346/3964MB (lfb 8x4MB) SWAP 814/6078MB (cached 25MB) IRAM 0/252kB(lfb 252kB) CPU [5%@921,9%@921,off,off] EMC_FREQ 0%@1600 GR3D_FREQ 0%@614 APE 25 PLL@30C CPU@32C iwlwifi@32C PMIC@50C GPU@29.5C AO@41C thermal@30.75C POM_5V_IN 1813/1994 POM_5V_GPU 82/104 POM_5V_CPU 164/395
RAM 1342/3964MB (lfb 8x4MB) SWAP 814/6078MB (cached 25MB) IRAM 0/252kB(lfb 252kB) CPU [8%@921,5%@921,off,off] EMC_FREQ 0%@1600 GR3D_FREQ 0%@614 APE 25 PLL@30C CPU@31.5C iwlwifi@32C PMIC@50C GPU@30C AO@40.5C thermal@31C POM_5V_IN 1689/1993 POM_5V_GPU 82/104 POM_5V_CPU 164/395
RAM 1342/3964MB (lfb 8x4MB) SWAP 814/6078MB (cached 25MB) IRAM 0/252kB(lfb 252kB) CPU [9%@921,4%@921,off,off] EMC_FREQ 0%@1600 GR3D_FREQ 0%@614 APE 25 PLL@29.5C CPU@32C iwlwifi@32C PMIC@50C GPU@30C AO@40.5C thermal@30.75C POM_5V_IN 1731/1993 POM_5V_GPU 82/104 POM_5V_CPU 164/395
RAM 1346/3964MB (lfb 8x4MB) SWAP 814/6078MB (cached 25MB) IRAM 0/252kB(lfb 252kB) CPU [7%@921,7%@921,off,off] EMC_FREQ 0%@1600 GR3D_FREQ 0%@614 APE 25 PLL@29.5C CPU@32C iwlwifi@32C PMIC@50C GPU@29.5C AO@41C thermal@30.5C POM_5V_IN 1731/1992 POM_5V_GPU 82/104 POM_5V_CPU 164/394
RAM 1342/3964MB (lfb 8x4MB) SWAP 814/6078MB (cached 25MB) IRAM 0/252kB(lfb 252kB) CPU [5%@921,9%@921,off,off] EMC_FREQ 0%@1600 GR3D_FREQ 0%@614 APE 25 PLL@29.5C CPU@31.5C iwlwifi@32C PMIC@50C GPU@30C AO@40.5C thermal@31C POM_5V_IN 1689/1992 POM_5V_GPU 82/104 POM_5V_CPU 164/394
RAM 1342/3964MB (lfb 8x4MB) SWAP 814/6078MB (cached 25MB) IRAM 0/252kB(lfb 252kB) CPU [6%@921,7%@921,off,off] EMC_FREQ 0%@1600 GR3D_FREQ 0%@614 APE 25 PLL@29.5C CPU@31.5C iwlwifi@32C PMIC@50C GPU@29.5C AO@41C thermal@30.5C POM_5V_IN 1689/1991 POM_5V_GPU 82/104 POM_5V_CPU 164/393
RAM 1344/3964MB (lfb 8x4MB) SWAP 814/6078MB (cached 25MB) IRAM 0/252kB(lfb 252kB) CPU [8%@921,7%@921,off,off] EMC_FREQ 0%@1600 GR3D_FREQ 0%@614 APE 25 PLL@29.5C CPU@31.5C iwlwifi@32C PMIC@50C GPU@29.5C AO@40.5C thermal@30.5C POM_5V_IN 1689/1990 POM_5V_GPU 82/104 POM_5V_CPU 164/393
RAM 1346/3964MB (lfb 8x4MB) SWAP 814/6078MB (cached 25MB) IRAM 0/252kB(lfb 252kB) CPU [6%@921,7%@921,off,off] EMC_FREQ 0%@1600 GR3D_FREQ 0%@614 APE 25 PLL@30C CPU@31.5C iwlwifi@32C PMIC@50C GPU@30C AO@41C thermal@30.5C POM_5V_IN 1689/1990 POM_5V_GPU 82/104 POM_5V_CPU 164/392
RAM 1344/3964MB (lfb 8x4MB) SWAP 814/6078MB (cached 25MB) IRAM 0/252kB(lfb 252kB) CPU [6%@921,9%@921,off,off] EMC_FREQ 0%@1600 GR3D_FREQ 0%@614 APE 25 PLL@30C CPU@31.5C iwlwifi@32C PMIC@50C GPU@30C AO@40.5C thermal@30.75C POM_5V_IN 1731/1989 POM_5V_GPU 82/104 POM_5V_CPU 164/392
RAM 1342/3964MB (lfb 8x4MB) SWAP 814/6078MB (cached 25MB) IRAM 0/252kB(lfb 252kB) CPU [6%@921,7%@921,off,off] EMC_FREQ 0%@1600 GR3D_FREQ 0%@614 APE 25 PLL@30C CPU@31.5C iwlwifi@32C PMIC@50C GPU@30C AO@41C thermal@30.75C POM_5V_IN 1689/1989 POM_5V_GPU 82/104 POM_5V_CPU 123/392
RAM 1346/3964MB (lfb 8x4MB) SWAP 814/6078MB (cached 25MB) IRAM 0/252kB(lfb 252kB) CPU [8%@921,5%@921,off,off] EMC_FREQ 0%@1600 GR3D_FREQ 0%@614 APE 25 PLL@30C CPU@31.5C iwlwifi@32C PMIC@50C GPU@29.5C AO@41C thermal@30.75C POM_5V_IN 1689/1988 POM_5V_GPU 82/104 POM_5V_CPU 164/391
RAM 1342/3964MB (lfb 8x4MB) SWAP 814/6078MB (cached 25MB) IRAM 0/252kB(lfb 252kB) CPU [8%@921,6%@921,off,off] EMC_FREQ 0%@1600 GR3D_FREQ 0%@614 APE 25 PLL@29.5C CPU@31.5C iwlwifi@32C PMIC@50C GPU@30C AO@41C thermal@30.75C POM_5V_IN 1689/1988 POM_5V_GPU 82/104 POM_5V_CPU 164/391
RAM 1342/3964MB (lfb 8x4MB) SWAP 814/6078MB (cached 25MB) IRAM 0/252kB(lfb 252kB) CPU [8%@921,6%@921,off,off] EMC_FREQ 0%@1600 GR3D_FREQ 0%@614 APE 25 PLL@29.5C CPU@31.5C iwlwifi@32C PMIC@50C GPU@30C AO@41C thermal@31C POM_5V_IN 1689/1987 POM_5V_GPU 82/104 POM_5V_CPU 164/390
RAM 1344/3964MB (lfb 8x4MB) SWAP 814/6078MB (cached 25MB) IRAM 0/252kB(lfb 252kB) CPU [5%@921,8%@921,off,off] EMC_FREQ 0%@1600 GR3D_FREQ 0%@614 APE 25 PLL@30C CPU@31.5C iwlwifi@32C PMIC@50C GPU@30C AO@40.5C thermal@30.75C POM_5V_IN 1689/1987 POM_5V_GPU 82/104 POM_5V_CPU 164/390
RAM 1346/3964MB (lfb 8x4MB) SWAP 814/6078MB (cached 25MB) IRAM 0/252kB(lfb 252kB) CPU [9%@921,4%@921,off,off] EMC_FREQ 0%@1600 GR3D_FREQ 0%@614 APE 25 PLL@29.5C CPU@31.5C iwlwifi@32C PMIC@50C GPU@30C AO@41C thermal@30.75C POM_5V_IN 1689/1986 POM_5V_GPU 82/104 POM_5V_CPU 164/389
RAM 1344/3964MB (lfb 8x4MB) SWAP 814/6078MB (cached 25MB) IRAM 0/252kB(lfb 252kB) CPU [8%@921,6%@921,off,off] EMC_FREQ 0%@1600 GR3D_FREQ 0%@614 APE 25 PLL@29.5C CPU@31.5C iwlwifi@32C PMIC@50C GPU@30C AO@40.5C thermal@30.5C POM_5V_IN 1689/1986 POM_5V_GPU 82/104 POM_5V_CPU 164/389
RAM 1346/3964MB (lfb 8x4MB) SWAP 814/6078MB (cached 25MB) IRAM 0/252kB(lfb 252kB) CPU [10%@921,7%@921,off,off] EMC_FREQ 0%@1600 GR3D_FREQ 0%@614 APE 25 PLL@29.5C CPU@31.5C iwlwifi@32C PMIC@50C GPU@29.5C AO@41C thermal@30.75C POM_5V_IN 1731/1985 POM_5V_GPU 82/104 POM_5V_CPU 164/389
RAM 1344/3964MB (lfb 8x4MB) SWAP 814/6078MB (cached 25MB) IRAM 0/252kB(lfb 252kB) CPU [11%@921,5%@921,off,off] EMC_FREQ 0%@1600 GR3D_FREQ 0%@614 APE 25 PLL@29.5C CPU@31.5C iwlwifi@32C PMIC@50C GPU@30C AO@41C thermal@30.5C POM_5V_IN 1689/1985 POM_5V_GPU 82/104 POM_5V_CPU 164/388
RAM 1344/3964MB (lfb 8x4MB) SWAP 814/6078MB (cached 25MB) IRAM 0/252kB(lfb 252kB) CPU [6%@921,7%@921,off,off] EMC_FREQ 0%@1600 GR3D_FREQ 0%@614 APE 25 PLL@30C CPU@31.5C iwlwifi@32C PMIC@50C GPU@30C AO@41C thermal@30.5C POM_5V_IN 1689/1984 POM_5V_GPU 82/104 POM_5V_CPU 164/388
RAM 1346/3964MB (lfb 8x4MB) SWAP 814/6078MB (cached 25MB) IRAM 0/252kB(lfb 252kB) CPU [4%@921,9%@921,off,off] EMC_FREQ 0%@1600 GR3D_FREQ 0%@614 APE 25 PLL@29.5C CPU@31.5C iwlwifi@32C PMIC@50C GPU@30C AO@41C thermal@30.25C POM_5V_IN 1689/1984 POM_5V_GPU 82/103 POM_5V_CPU 164/387
RAM 1342/3964MB (lfb 8x4MB) SWAP 814/6078MB (cached 25MB) IRAM 0/252kB(lfb 252kB) CPU [9%@921,4%@921,off,off] EMC_FREQ 0%@1600 GR3D_FREQ 0%@614 APE 25 PLL@29.5C CPU@31C iwlwifi@32C PMIC@50C GPU@30C AO@41C thermal@30.75C POM_5V_IN 1731/1983 POM_5V_GPU 82/103 POM_5V_CPU 164/387
RAM 1344/3964MB (lfb 8x4MB) SWAP 814/6078MB (cached 25MB) IRAM 0/252kB(lfb 252kB) CPU [5%@921,9%@921,off,off] EMC_FREQ 0%@1600 GR3D_FREQ 0%@614 APE 25 PLL@29.5C CPU@31.5C iwlwifi@32C PMIC@50C GPU@30C AO@41C thermal@30.5C POM_5V_IN 1689/1983 POM_5V_GPU 82/103 POM_5V_CPU 164/387
RAM 1346/3964MB (lfb 8x4MB) SWAP 814/6078MB (cached 25MB) IRAM 0/252kB(lfb 252kB) CPU [4%@921,9%@921,off,off] EMC_FREQ 0%@1600 GR3D_FREQ 0%@614 APE 25 PLL@30C CPU@31.5C iwlwifi@32C PMIC@50C GPU@29.5C AO@41C thermal@30.75C POM_5V_IN 1689/1982 POM_5V_GPU 82/103 POM_5V_CPU 164/386
RAM 1344/3964MB (lfb 8x4MB) SWAP 814/6078MB (cached 25MB) IRAM 0/252kB(lfb 252kB) CPU [8%@921,5%@921,off,off] EMC_FREQ 0%@1600 GR3D_FREQ 0%@614 APE 25 PLL@29.5C CPU@31C iwlwifi@32C PMIC@50C GPU@30C AO@41C thermal@30.75C POM_5V_IN 1689/1982 POM_5V_GPU 82/103 POM_5V_CPU 164/386
RAM 1344/3964MB (lfb 8x4MB) SWAP 814/6078MB (cached 25MB) IRAM 0/252kB(lfb 252kB) CPU [5%@921,8%@921,off,off] EMC_FREQ 0%@1600 GR3D_FREQ 0%@614 APE 25 PLL@29.5C CPU@31.5C iwlwifi@32C PMIC@50C GPU@29.5C AO@41C thermal@30.75C POM_5V_IN 1731/1981 POM_5V_GPU 82/103 POM_5V_CPU 164/386
RAM 1344/3964MB (lfb 8x4MB) SWAP 814/6078MB (cached 25MB) IRAM 0/252kB(lfb 252kB) CPU [7%@921,8%@921,off,off] EMC_FREQ 0%@1600 GR3D_FREQ 0%@614 APE 25 PLL@29.5C CPU@31.5C iwlwifi@32C PMIC@50C GPU@30C AO@41.5C thermal@30.75C POM_5V_IN 1689/1981 POM_5V_GPU 82/103 POM_5V_CPU 164/385
RAM 1344/3964MB (lfb 8x4MB) SWAP 814/6078MB (cached 25MB) IRAM 0/252kB(lfb 252kB) CPU [10%@921,4%@921,off,off] EMC_FREQ 0%@1600 GR3D_FREQ 0%@614 APE 25 PLL@29.5C CPU@31.5C iwlwifi@32C PMIC@50C GPU@30C AO@41C thermal@30.75C POM_5V_IN 1689/1980 POM_5V_GPU 82/103 POM_5V_CPU 164/385
RAM 1344/3964MB (lfb 8x4MB) SWAP 814/6078MB (cached 25MB) IRAM 0/252kB(lfb 252kB) CPU [9%@921,5%@921,off,off] EMC_FREQ 0%@1600 GR3D_FREQ 0%@614 APE 25 PLL@29.5C CPU@31.5C iwlwifi@32C PMIC@50C GPU@29.5C AO@41C thermal@30.5C POM_5V_IN 1689/1980 POM_5V_GPU 82/103 POM_5V_CPU 123/384
RAM 1342/3964MB (lfb 8x4MB) SWAP 814/6078MB (cached 25MB) IRAM 0/252kB(lfb 252kB) CPU [6%@921,7%@921,off,off] EMC_FREQ 0%@1600 GR3D_FREQ 0%@614 APE 25 PLL@29.5C CPU@31.5C iwlwifi@32C PMIC@50C GPU@29.5C AO@41C thermal@30.25C POM_5V_IN 1689/1979 POM_5V_GPU 82/103 POM_5V_CPU 164/384
RAM 1344/3964MB (lfb 8x4MB) SWAP 814/6078MB (cached 25MB) IRAM 0/252kB(lfb 252kB) CPU [8%@921,6%@921,off,off] EMC_FREQ 0%@1600 GR3D_FREQ 0%@614 APE 25 PLL@29.5C CPU@31C iwlwifi@32C PMIC@50C GPU@29.5C AO@41C thermal@30.5C POM_5V_IN 1689/1979 POM_5V_GPU 82/103 POM_5V_CPU 164/384
RAM 1346/3964MB (lfb 8x4MB) SWAP 814/6078MB (cached 25MB) IRAM 0/252kB(lfb 252kB) CPU [7%@921,6%@921,off,off] EMC_FREQ 0%@1600 GR3D_FREQ 0%@614 APE 25 PLL@29.5C CPU@31.5C iwlwifi@32C PMIC@50C GPU@29.5C AO@41C thermal@30.75C POM_5V_IN 1689/1978 POM_5V_GPU 82/103 POM_5V_CPU 164/383
RAM 1342/3964MB (lfb 8x4MB) SWAP 814/6078MB (cached 25MB) IRAM 0/252kB(lfb 252kB) CPU [4%@921,10%@921,off,off] EMC_FREQ 0%@1600 GR3D_FREQ 0%@614 APE 25 PLL@29C CPU@31C iwlwifi@32C PMIC@50C GPU@29.5C AO@40.5C thermal@30.5C POM_5V_IN 1689/1978 POM_5V_GPU 82/103 POM_5V_CPU 164/383
RAM 1344/3964MB (lfb 8x4MB) SWAP 814/6078MB (cached 25MB) IRAM 0/252kB(lfb 252kB) CPU [7%@921,6%@921,off,off] EMC_FREQ 0%@1600 GR3D_FREQ 0%@614 APE 25 PLL@29.5C CPU@31.5C iwlwifi@32C PMIC@50C GPU@30C AO@41C thermal@30.25C POM_5V_IN 1731/1977 POM_5V_GPU 82/103 POM_5V_CPU 164/382
RAM 1344/3964MB (lfb 8x4MB) SWAP 814/6078MB (cached 25MB) IRAM 0/252kB(lfb 252kB) CPU [8%@921,5%@921,off,off] EMC_FREQ 0%@1600 GR3D_FREQ 0%@614 APE 25 PLL@29.5C CPU@31.5C iwlwifi@32C PMIC@50C GPU@29.5C AO@41C thermal@30.25C POM_5V_IN 1731/1977 POM_5V_GPU 82/103 POM_5V_CPU 164/382
RAM 1346/3964MB (lfb 8x4MB) SWAP 814/6078MB (cached 25MB) IRAM 0/252kB(lfb 252kB) CPU [6%@921,7%@921,off,off] EMC_FREQ 0%@1600 GR3D_FREQ 0%@614 APE 25 PLL@29.5C CPU@31.5C iwlwifi@32C PMIC@50C GPU@30C AO@41C thermal@30.5C POM_5V_IN 1689/1976 POM_5V_GPU 82/103 POM_5V_CPU 164/382
RAM 1348/3964MB (lfb 8x4MB) SWAP 814/6078MB (cached 25MB) IRAM 0/252kB(lfb 252kB) CPU [6%@921,8%@921,off,off] EMC_FREQ 0%@1600 GR3D_FREQ 0%@614 APE 25 PLL@29.5C CPU@31.5C iwlwifi@32C PMIC@50C GPU@29.5C AO@41C thermal@30.5C POM_5V_IN 1689/1976 POM_5V_GPU 82/103 POM_5V_CPU 164/381
RAM 1342/3964MB (lfb 8x4MB) SWAP 814/6078MB (cached 25MB) IRAM 0/252kB(lfb 252kB) CPU [8%@921,6%@921,off,off] EMC_FREQ 0%@1600 GR3D_FREQ 0%@614 APE 25 PLL@29.5C CPU@31C iwlwifi@32C PMIC@50C GPU@29.5C AO@40.5C thermal@30.75C POM_5V_IN 1731/1975 POM_5V_GPU 82/103 POM_5V_CPU 164/381
RAM 1344/3964MB (lfb 8x4MB) SWAP 814/6078MB (cached 25MB) IRAM 0/252kB(lfb 252kB) CPU [5%@921,8%@921,off,off] EMC_FREQ 0%@1600 GR3D_FREQ 0%@614 APE 25 PLL@29.5C CPU@31C iwlwifi@32C PMIC@50C GPU@30C AO@41C thermal@30.25C POM_5V_IN 1689/1975 POM_5V_GPU 82/103 POM_5V_CPU 164/380
RAM 1346/3964MB (lfb 8x4MB) SWAP 814/6078MB (cached 25MB) IRAM 0/252kB(lfb 252kB) CPU [6%@921,8%@921,off,off] EMC_FREQ 0%@1600 GR3D_FREQ 0%@614 APE 25 PLL@29.5C CPU@31C iwlwifi@32C PMIC@50C GPU@29.5C AO@41C thermal@30.25C POM_5V_IN 1689/1974 POM_5V_GPU 82/103 POM_5V_CPU 164/380
RAM 1344/3964MB (lfb 8x4MB) SWAP 814/6078MB (cached 25MB) IRAM 0/252kB(lfb 252kB) CPU [5%@921,9%@921,off,off] EMC_FREQ 0%@1600 GR3D_FREQ 0%@614 APE 25 PLL@29.5C CPU@31.5C iwlwifi@32C PMIC@50C GPU@29.5C AO@40.5C thermal@30.25C POM_5V_IN 1689/1974 POM_5V_GPU 82/103 POM_5V_CPU 164/380
RAM 1346/3964MB (lfb 8x4MB) SWAP 814/6078MB (cached 25MB) IRAM 0/252kB(lfb 252kB) CPU [5%@921,8%@921,off,off] EMC_FREQ 0%@1600 GR3D_FREQ 0%@614 APE 25 PLL@29.5C CPU@31.5C iwlwifi@32C PMIC@50C GPU@29.5C AO@41C thermal@30.25C POM_5V_IN 1689/1973 POM_5V_GPU 82/103 POM_5V_CPU 123/379
RAM 1342/3964MB (lfb 8x4MB) SWAP 814/6078MB (cached 25MB) IRAM 0/252kB(lfb 252kB) CPU [7%@921,6%@921,off,off] EMC_FREQ 0%@1600 GR3D_FREQ 0%@614 APE 25 PLL@29.5C CPU@31.5C iwlwifi@32C PMIC@50C GPU@29.5C AO@41C thermal@30.5C POM_5V_IN 1689/1973 POM_5V_GPU 82/103 POM_5V_CPU 164/379
RAM 1346/3964MB (lfb 8x4MB) SWAP 814/6078MB (cached 25MB) IRAM 0/252kB(lfb 252kB) CPU [4%@921,10%@921,off,off] EMC_FREQ 0%@1600 GR3D_FREQ 0%@614 APE 25 PLL@29.5C CPU@31.5C iwlwifi@32C PMIC@50C GPU@29.5C AO@41C thermal@30.5C POM_5V_IN 1689/1972 POM_5V_GPU 82/103 POM_5V_CPU 164/379
RAM 1342/3964MB (lfb 8x4MB) SWAP 814/6078MB (cached 25MB) IRAM 0/252kB(lfb 252kB) CPU [6%@921,8%@921,off,off] EMC_FREQ 0%@1600 GR3D_FREQ 0%@614 APE 25 PLL@29.5C CPU@31.5C iwlwifi@32C PMIC@50C GPU@29.5C AO@41C thermal@30.5C POM_5V_IN 1813/1972 POM_5V_GPU 82/103 POM_5V_CPU 205/378
RAM 1342/3964MB (lfb 8x4MB) SWAP 814/6078MB (cached 25MB) IRAM 0/252kB(lfb 252kB) CPU [8%@921,5%@921,off,off] EMC_FREQ 0%@1600 GR3D_FREQ 0%@614 APE 25 PLL@29.5C CPU@31.5C iwlwifi@32C PMIC@50C GPU@29.5C AO@41C thermal@30.75C POM_5V_IN 1813/1972 POM_5V_GPU 82/103 POM_5V_CPU 205/378
RAM 1345/3964MB (lfb 8x4MB) SWAP 814/6078MB (cached 25MB) IRAM 0/252kB(lfb 252kB) CPU [6%@921,7%@921,off,off] EMC_FREQ 0%@1600 GR3D_FREQ 0%@614 APE 25 PLL@29.5C CPU@31C iwlwifi@32C PMIC@50C GPU@29.5C AO@41C thermal@30.5C POM_5V_IN 1689/1971 POM_5V_GPU 82/103 POM_5V_CPU 123/378
RAM 1343/3964MB (lfb 8x4MB) SWAP 814/6078MB (cached 25MB) IRAM 0/252kB(lfb 252kB) CPU [8%@921,6%@921,off,off] EMC_FREQ 0%@1600 GR3D_FREQ 0%@614 APE 25 PLL@29C CPU@31.5C iwlwifi@33C PMIC@50C GPU@30C AO@41C thermal@30.5C POM_5V_IN 1689/1971 POM_5V_GPU 82/102 POM_5V_CPU 164/377
RAM 1344/3964MB (lfb 8x4MB) SWAP 814/6078MB (cached 25MB) IRAM 0/252kB(lfb 252kB) CPU [6%@921,8%@921,off,off] EMC_FREQ 0%@1600 GR3D_FREQ 0%@614 APE 25 PLL@29.5C CPU@31C iwlwifi@32C PMIC@50C GPU@29.5C AO@41C thermal@30.5C POM_5V_IN 1689/1970 POM_5V_GPU 82/102 POM_5V_CPU 164/377
RAM 1362/3964MB (lfb 8x4MB) SWAP 805/6078MB (cached 35MB) IRAM 0/252kB(lfb 252kB) CPU [9%@921,11%@921,off,off] EMC_FREQ 0%@1600 GR3D_FREQ 0%@614 APE 25 PLL@29C CPU@31C iwlwifi@32C PMIC@50C GPU@29.5C AO@41C thermal@30.5C POM_5V_IN 1689/1970 POM_5V_GPU 82/102 POM_5V_CPU 164/376
RAM 1361/3964MB (lfb 8x4MB) SWAP 805/6078MB (cached 35MB) IRAM 0/252kB(lfb 252kB) CPU [5%@921,10%@921,off,off] EMC_FREQ 0%@1600 GR3D_FREQ 0%@614 APE 25 PLL@29.5C CPU@31C iwlwifi@32C PMIC@50C GPU@29.5C AO@41C thermal@30.5C POM_5V_IN 1689/1969 POM_5V_GPU 82/102 POM_5V_CPU 164/376
RAM 1360/3964MB (lfb 8x4MB) SWAP 805/6078MB (cached 35MB) IRAM 0/252kB(lfb 252kB) CPU [8%@921,5%@921,off,off] EMC_FREQ 0%@1600 GR3D_FREQ 0%@614 APE 25 PLL@29.5C CPU@31.5C iwlwifi@32C PMIC@50C GPU@29.5C AO@41C thermal@30.5C POM_5V_IN 1689/1969 POM_5V_GPU 82/102 POM_5V_CPU 123/376
RAM 1358/3964MB (lfb 8x4MB) SWAP 805/6078MB (cached 35MB) IRAM 0/252kB(lfb 252kB) CPU [7%@921,7%@921,off,off] EMC_FREQ 0%@1600 GR3D_FREQ 0%@614 APE 25 PLL@29.5C CPU@31C iwlwifi@32C PMIC@50C GPU@29.5C AO@41C thermal@30.5C POM_5V_IN 1687/1969 POM_5V_GPU 82/102 POM_5V_CPU 164/375
RAM 1360/3964MB (lfb 8x4MB) SWAP 805/6078MB (cached 35MB) IRAM 0/252kB(lfb 252kB) CPU [8%@921,6%@921,off,off] EMC_FREQ 0%@1600 GR3D_FREQ 0%@614 APE 25 PLL@29.5C CPU@31.5C iwlwifi@32C PMIC@50C GPU@29.5C AO@41C thermal@30.5C POM_5V_IN 1689/1968 POM_5V_GPU 82/102 POM_5V_CPU 164/375
RAM 1358/3964MB (lfb 8x4MB) SWAP 805/6078MB (cached 35MB) IRAM 0/252kB(lfb 252kB) CPU [8%@921,5%@921,off,off] EMC_FREQ 0%@1600 GR3D_FREQ 0%@614 APE 25 PLL@29.5C CPU@31.5C iwlwifi@32C PMIC@50C GPU@29.5C AO@41C thermal@30.5C POM_5V_IN 1689/1968 POM_5V_GPU 82/102 POM_5V_CPU 164/375
RAM 1361/3964MB (lfb 8x4MB) SWAP 805/6078MB (cached 35MB) IRAM 0/252kB(lfb 252kB) CPU [8%@921,5%@921,off,off] EMC_FREQ 0%@1600 GR3D_FREQ 0%@614 APE 25 PLL@29C CPU@31C iwlwifi@32C PMIC@50C GPU@29.5C AO@40.5C thermal@30.5C POM_5V_IN 1689/1967 POM_5V_GPU 82/102 POM_5V_CPU 164/374
RAM 1358/3964MB (lfb 8x4MB) SWAP 805/6078MB (cached 35MB) IRAM 0/252kB(lfb 252kB) CPU [5%@921,9%@921,off,off] EMC_FREQ 0%@1600 GR3D_FREQ 0%@614 APE 25 PLL@29.5C CPU@31.5C iwlwifi@32C PMIC@50C GPU@30C AO@41C thermal@30.25C POM_5V_IN 1892/1967 POM_5V_GPU 82/102 POM_5V_CPU 288/374
RAM 1360/3964MB (lfb 8x4MB) SWAP 805/6078MB (cached 35MB) IRAM 0/252kB(lfb 252kB) CPU [7%@921,6%@921,off,off] EMC_FREQ 0%@1600 GR3D_FREQ 0%@614 APE 25 PLL@29C CPU@31C iwlwifi@32C PMIC@50C GPU@29.5C AO@41C thermal@30.5C POM_5V_IN 1689/1967 POM_5V_GPU 82/102 POM_5V_CPU 164/374
RAM 1361/3964MB (lfb 8x4MB) SWAP 805/6078MB (cached 35MB) IRAM 0/252kB(lfb 252kB) CPU [8%@921,5%@921,off,off] EMC_FREQ 0%@1600 GR3D_FREQ 0%@614 APE 25 PLL@29.5C CPU@31.5C iwlwifi@32C PMIC@50C GPU@29.5C AO@40.5C thermal@30.5C POM_5V_IN 1689/1966 POM_5V_GPU 82/102 POM_5V_CPU 164/373
RAM 1360/3964MB (lfb 8x4MB) SWAP 805/6078MB (cached 35MB) IRAM 0/252kB(lfb 252kB) CPU [6%@921,6%@921,off,off] EMC_FREQ 0%@1600 GR3D_FREQ 0%@614 APE 25 PLL@29.5C CPU@31.5C iwlwifi@32C PMIC@50C GPU@29.5C AO@40.5C thermal@30.5C POM_5V_IN 1689/1966 POM_5V_GPU 82/102 POM_5V_CPU 164/373
RAM 1359/3964MB (lfb 8x4MB) SWAP 805/6078MB (cached 35MB) IRAM 0/252kB(lfb 252kB) CPU [7%@921,6%@921,off,off] EMC_FREQ 0%@1600 GR3D_FREQ 0%@614 APE 25 PLL@29.5C CPU@31.5C iwlwifi@32C PMIC@50C GPU@29.5C AO@41C thermal@30.5C POM_5V_IN 1689/1965 POM_5V_GPU 82/102 POM_5V_CPU 123/373
RAM 1362/3964MB (lfb 8x4MB) SWAP 805/6078MB (cached 35MB) IRAM 0/252kB(lfb 252kB) CPU [6%@921,7%@921,off,off] EMC_FREQ 0%@1600 GR3D_FREQ 0%@614 APE 25 PLL@29C CPU@31.5C iwlwifi@32C PMIC@50C GPU@29.5C AO@41C thermal@30.25C POM_5V_IN 1689/1965 POM_5V_GPU 82/102 POM_5V_CPU 164/372
RAM 1359/3964MB (lfb 8x4MB) SWAP 805/6078MB (cached 35MB) IRAM 0/252kB(lfb 252kB) CPU [6%@921,8%@921,off,off] EMC_FREQ 0%@1600 GR3D_FREQ 0%@614 APE 25 PLL@29.5C CPU@31C iwlwifi@32C PMIC@50C GPU@29.5C AO@41C thermal@30.75C POM_5V_IN 1689/1964 POM_5V_GPU 82/102 POM_5V_CPU 123/372
RAM 1360/3964MB (lfb 8x4MB) SWAP 805/6078MB (cached 35MB) IRAM 0/252kB(lfb 252kB) CPU [5%@921,8%@921,off,off] EMC_FREQ 0%@1600 GR3D_FREQ 0%@614 APE 25 PLL@29.5C CPU@31C iwlwifi@32C PMIC@50C GPU@29.5C AO@41C thermal@30.5C POM_5V_IN 1687/1964 POM_5V_GPU 82/102 POM_5V_CPU 164/372
RAM 1361/3964MB (lfb 8x4MB) SWAP 805/6078MB (cached 35MB) IRAM 0/252kB(lfb 252kB) CPU [9%@921,5%@921,off,off] EMC_FREQ 0%@1600 GR3D_FREQ 0%@614 APE 25 PLL@29.5C CPU@31.5C iwlwifi@32C PMIC@50C GPU@29.5C AO@41C thermal@30.5C POM_5V_IN 1689/1963 POM_5V_GPU 82/102 POM_5V_CPU 123/371
RAM 1363/3964MB (lfb 8x4MB) SWAP 805/6078MB (cached 35MB) IRAM 0/252kB(lfb 252kB) CPU [16%@921,13%@921,off,off] EMC_FREQ 0%@1600 GR3D_FREQ 0%@614 APE 25 PLL@29.5C CPU@31.5C iwlwifi@32C PMIC@50C GPU@30C AO@41C thermal@30.5C POM_5V_IN 1689/1963 POM_5V_GPU 82/102 POM_5V_CPU 164/371
RAM 1361/3964MB (lfb 8x4MB) SWAP 805/6078MB (cached 35MB) IRAM 0/252kB(lfb 252kB) CPU [4%@921,9%@921,off,off] EMC_FREQ 0%@1600 GR3D_FREQ 0%@614 APE 25 PLL@29.5C CPU@31.5C iwlwifi@32C PMIC@50C GPU@30C AO@41C thermal@30.5C POM_5V_IN 1689/1962 POM_5V_GPU 82/102 POM_5V_CPU 164/370
RAM 1363/3964MB (lfb 8x4MB) SWAP 805/6078MB (cached 35MB) IRAM 0/252kB(lfb 252kB) CPU [5%@921,9%@921,off,off] EMC_FREQ 0%@1600 GR3D_FREQ 0%@614 APE 25 PLL@29.5C CPU@31C iwlwifi@32C PMIC@50C GPU@30C AO@40.5C thermal@30.75C POM_5V_IN 1689/1962 POM_5V_GPU 82/102 POM_5V_CPU 164/370
RAM 1361/3964MB (lfb 8x4MB) SWAP 805/6078MB (cached 35MB) IRAM 0/252kB(lfb 252kB) CPU [7%@921,7%@921,off,off] EMC_FREQ 0%@1600 GR3D_FREQ 0%@614 APE 25 PLL@29.5C CPU@31.5C iwlwifi@32C PMIC@50C GPU@29.5C AO@41C thermal@30.5C POM_5V_IN 1731/1962 POM_5V_GPU 82/102 POM_5V_CPU 164/370
RAM 1363/3964MB (lfb 8x4MB) SWAP 805/6078MB (cached 35MB) IRAM 0/252kB(lfb 252kB) CPU [6%@921,8%@921,off,off] EMC_FREQ 0%@1600 GR3D_FREQ 0%@614 APE 25 PLL@29.5C CPU@31.5C iwlwifi@32C PMIC@50C GPU@29.5C AO@41C thermal@30.25C POM_5V_IN 1689/1961 POM_5V_GPU 82/102 POM_5V_CPU 164/369
RAM 1363/3964MB (lfb 8x4MB) SWAP 805/6078MB (cached 35MB) IRAM 0/252kB(lfb 252kB) CPU [7%@921,7%@921,off,off] EMC_FREQ 0%@1600 GR3D_FREQ 0%@614 APE 25 PLL@29.5C CPU@31.5C iwlwifi@32C PMIC@50C GPU@29.5C AO@41C thermal@30.5C POM_5V_IN 1689/1961 POM_5V_GPU 82/102 POM_5V_CPU 164/369
RAM 1361/3964MB (lfb 8x4MB) SWAP 805/6078MB (cached 35MB) IRAM 0/252kB(lfb 252kB) CPU [6%@921,8%@921,off,off] EMC_FREQ 0%@1600 GR3D_FREQ 0%@614 APE 25 PLL@30C CPU@31.5C iwlwifi@32C PMIC@50C GPU@29.5C AO@41C thermal@30.5C POM_5V_IN 1689/1960 POM_5V_GPU 82/102 POM_5V_CPU 164/369
RAM 1361/3964MB (lfb 8x4MB) SWAP 805/6078MB (cached 35MB) IRAM 0/252kB(lfb 252kB) CPU [7%@921,6%@921,off,off] EMC_FREQ 0%@1600 GR3D_FREQ 0%@614 APE 25 PLL@29.5C CPU@31.5C iwlwifi@32C PMIC@50C GPU@30C AO@41C thermal@30.5C POM_5V_IN 1689/1960 POM_5V_GPU 82/102 POM_5V_CPU 164/368
RAM 1359/3964MB (lfb 8x4MB) SWAP 805/6078MB (cached 35MB) IRAM 0/252kB(lfb 252kB) CPU [6%@921,8%@921,off,off] EMC_FREQ 0%@1600 GR3D_FREQ 0%@614 APE 25 PLL@30C CPU@31.5C iwlwifi@32C PMIC@50C GPU@29.5C AO@41C thermal@30.25C POM_5V_IN 1689/1959 POM_5V_GPU 82/102 POM_5V_CPU 164/368
RAM 1363/3964MB (lfb 8x4MB) SWAP 805/6078MB (cached 35MB) IRAM 0/252kB(lfb 252kB) CPU [9%@921,3%@921,off,off] EMC_FREQ 0%@1600 GR3D_FREQ 0%@614 APE 25 PLL@29.5C CPU@31.5C iwlwifi@32C PMIC@50C GPU@29.5C AO@41C thermal@30.5C POM_5V_IN 1689/1959 POM_5V_GPU 82/102 POM_5V_CPU 164/368
RAM 1361/3964MB (lfb 8x4MB) SWAP 805/6078MB (cached 35MB) IRAM 0/252kB(lfb 252kB) CPU [4%@921,9%@921,off,off] EMC_FREQ 0%@1600 GR3D_FREQ 0%@614 APE 25 PLL@30C CPU@31.5C iwlwifi@32C PMIC@50C GPU@30C AO@40.5C thermal@30.5C POM_5V_IN 1689/1959 POM_5V_GPU 82/102 POM_5V_CPU 164/367
RAM 1363/3964MB (lfb 8x4MB) SWAP 805/6078MB (cached 35MB) IRAM 0/252kB(lfb 252kB) CPU [7%@921,6%@921,off,off] EMC_FREQ 0%@1600 GR3D_FREQ 0%@614 APE 25 PLL@29.5C CPU@31.5C iwlwifi@32C PMIC@50C GPU@30C AO@41C thermal@30.75C POM_5V_IN 1689/1958 POM_5V_GPU 82/101 POM_5V_CPU 164/367
RAM 1359/3964MB (lfb 8x4MB) SWAP 803/6078MB (cached 34MB) IRAM 0/252kB(lfb 252kB) CPU [6%@921,8%@921,off,off] EMC_FREQ 0%@1600 GR3D_FREQ 0%@614 APE 25 PLL@29.5C CPU@31.5C iwlwifi@32C PMIC@50C GPU@30C AO@41C thermal@30.75C POM_5V_IN 1689/1958 POM_5V_GPU 82/101 POM_5V_CPU 164/367
RAM 1363/3964MB (lfb 8x4MB) SWAP 803/6078MB (cached 34MB) IRAM 0/252kB(lfb 252kB) CPU [4%@921,8%@921,off,off] EMC_FREQ 0%@1600 GR3D_FREQ 0%@614 APE 25 PLL@29.5C CPU@31.5C iwlwifi@32C PMIC@50C GPU@30C AO@40.5C thermal@30.75C POM_5V_IN 1689/1957 POM_5V_GPU 82/101 POM_5V_CPU 164/366
RAM 1361/3964MB (lfb 8x4MB) SWAP 803/6078MB (cached 34MB) IRAM 0/252kB(lfb 252kB) CPU [8%@921,6%@921,off,off] EMC_FREQ 0%@1600 GR3D_FREQ 0%@614 APE 25 PLL@29.5C CPU@31.5C iwlwifi@32C PMIC@50C GPU@29.5C AO@41C thermal@30.75C POM_5V_IN 1689/1957 POM_5V_GPU 82/101 POM_5V_CPU 164/366
RAM 1362/3964MB (lfb 8x4MB) SWAP 803/6078MB (cached 34MB) IRAM 0/252kB(lfb 252kB) CPU [5%@921,7%@921,off,off] EMC_FREQ 0%@1600 GR3D_FREQ 0%@614 APE 25 PLL@29.5C CPU@31.5C iwlwifi@32C PMIC@50C GPU@30C AO@41C thermal@30.75C POM_5V_IN 1689/1956 POM_5V_GPU 82/101 POM_5V_CPU 164/366
RAM 1363/3964MB (lfb 8x4MB) SWAP 803/6078MB (cached 34MB) IRAM 0/252kB(lfb 252kB) CPU [4%@921,9%@921,off,off] EMC_FREQ 0%@1600 GR3D_FREQ 0%@614 APE 25 PLL@29.5C CPU@31.5C iwlwifi@32C PMIC@50C GPU@30C AO@41C thermal@30.75C POM_5V_IN 1689/1956 POM_5V_GPU 82/101 POM_5V_CPU 164/365
RAM 1361/3964MB (lfb 8x4MB) SWAP 803/6078MB (cached 34MB) IRAM 0/252kB(lfb 252kB) CPU [8%@921,5%@921,off,off] EMC_FREQ 0%@1600 GR3D_FREQ 0%@614 APE 25 PLL@30C CPU@31C iwlwifi@32C PMIC@50C GPU@30C AO@40.5C thermal@31C POM_5V_IN 1689/1955 POM_5V_GPU 82/101 POM_5V_CPU 164/365
RAM 1361/3964MB (lfb 8x4MB) SWAP 803/6078MB (cached 34MB) IRAM 0/252kB(lfb 252kB) CPU [5%@921,8%@921,off,off] EMC_FREQ 0%@1600 GR3D_FREQ 0%@614 APE 25 PLL@29.5C CPU@31.5C iwlwifi@32C PMIC@50C GPU@30C AO@41C thermal@30.75C POM_5V_IN 1731/1955 POM_5V_GPU 82/101 POM_5V_CPU 164/365
RAM 1361/3964MB (lfb 8x4MB) SWAP 803/6078MB (cached 34MB) IRAM 0/252kB(lfb 252kB) CPU [9%@921,5%@921,off,off] EMC_FREQ 0%@1600 GR3D_FREQ 0%@614 APE 25 PLL@29.5C CPU@31.5C iwlwifi@32C PMIC@50C GPU@30C AO@40.5C thermal@30.75C POM_5V_IN 1689/1955 POM_5V_GPU 82/101 POM_5V_CPU 164/365
RAM 1359/3964MB (lfb 8x4MB) SWAP 803/6078MB (cached 34MB) IRAM 0/252kB(lfb 252kB) CPU [9%@921,4%@921,off,off] EMC_FREQ 0%@1600 GR3D_FREQ 0%@614 APE 25 PLL@30C CPU@31.5C iwlwifi@32C PMIC@50C GPU@30C AO@41C thermal@31C POM_5V_IN 1689/1954 POM_5V_GPU 82/101 POM_5V_CPU 164/364
RAM 1363/3964MB (lfb 8x4MB) SWAP 803/6078MB (cached 34MB) IRAM 0/252kB(lfb 252kB) CPU [4%@921,9%@921,off,off] EMC_FREQ 0%@1600 GR3D_FREQ 0%@614 APE 25 PLL@30C CPU@31.5C iwlwifi@32C PMIC@50C GPU@30C AO@40.5C thermal@30.75C POM_5V_IN 1689/1954 POM_5V_GPU 82/101 POM_5V_CPU 164/364
RAM 1361/3964MB (lfb 8x4MB) SWAP 803/6078MB (cached 34MB) IRAM 0/252kB(lfb 252kB) CPU [6%@921,8%@921,off,off] EMC_FREQ 0%@1600 GR3D_FREQ 0%@614 APE 25 PLL@29.5C CPU@32C iwlwifi@32C PMIC@50C GPU@30C AO@40.5C thermal@30.75C POM_5V_IN 1689/1953 POM_5V_GPU 82/101 POM_5V_CPU 164/364
RAM 1361/3964MB (lfb 8x4MB) SWAP 803/6078MB (cached 34MB) IRAM 0/252kB(lfb 252kB) CPU [6%@921,8%@921,off,off] EMC_FREQ 0%@1600 GR3D_FREQ 0%@614 APE 25 PLL@29.5C CPU@31.5C iwlwifi@32C PMIC@50C GPU@30C AO@41C thermal@30.75C POM_5V_IN 1689/1953 POM_5V_GPU 82/101 POM_5V_CPU 164/363
RAM 1362/3964MB (lfb 8x4MB) SWAP 803/6078MB (cached 34MB) IRAM 0/252kB(lfb 252kB) CPU [5%@921,9%@921,off,off] EMC_FREQ 0%@1600 GR3D_FREQ 0%@614 APE 25 PLL@30C CPU@31.5C iwlwifi@32C PMIC@50C GPU@30C AO@41C thermal@30.75C POM_5V_IN 1689/1953 POM_5V_GPU 82/101 POM_5V_CPU 164/363
RAM 1361/3964MB (lfb 8x4MB) SWAP 803/6078MB (cached 34MB) IRAM 0/252kB(lfb 252kB) CPU [6%@921,8%@921,off,off] EMC_FREQ 0%@1600 GR3D_FREQ 0%@614 APE 25 PLL@29.5C CPU@31.5C iwlwifi@32C PMIC@50C GPU@29.5C AO@41C thermal@30.75C POM_5V_IN 1689/1952 POM_5V_GPU 82/101 POM_5V_CPU 164/363
RAM 1360/3964MB (lfb 8x4MB) SWAP 803/6078MB (cached 34MB) IRAM 0/252kB(lfb 252kB) CPU [6%@921,8%@921,off,off] EMC_FREQ 0%@1600 GR3D_FREQ 0%@614 APE 25 PLL@29.5C CPU@31C iwlwifi@32C PMIC@50C GPU@29.5C AO@41C thermal@30.75C POM_5V_IN 1689/1952 POM_5V_GPU 82/101 POM_5V_CPU 164/362
RAM 1359/3964MB (lfb 8x4MB) SWAP 803/6078MB (cached 34MB) IRAM 0/252kB(lfb 252kB) CPU [6%@921,7%@921,off,off] EMC_FREQ 0%@1600 GR3D_FREQ 0%@614 APE 25 PLL@30C CPU@31.5C iwlwifi@32C PMIC@50C GPU@30C AO@41C thermal@30.75C POM_5V_IN 1689/1951 POM_5V_GPU 82/101 POM_5V_CPU 123/362
RAM 1363/3964MB (lfb 8x4MB) SWAP 803/6078MB (cached 34MB) IRAM 0/252kB(lfb 252kB) CPU [7%@921,6%@921,off,off] EMC_FREQ 0%@1600 GR3D_FREQ 0%@614 APE 25 PLL@30C CPU@31.5C iwlwifi@32C PMIC@50C GPU@29.5C AO@41C thermal@30.5C POM_5V_IN 1689/1951 POM_5V_GPU 82/101 POM_5V_CPU 164/362
RAM 1361/3964MB (lfb 8x4MB) SWAP 803/6078MB (cached 34MB) IRAM 0/252kB(lfb 252kB) CPU [7%@921,7%@921,off,off] EMC_FREQ 0%@1600 GR3D_FREQ 0%@614 APE 25 PLL@30C CPU@31.5C iwlwifi@32C PMIC@50C GPU@29.5C AO@41C thermal@30.75C POM_5V_IN 1813/1951 POM_5V_GPU 82/101 POM_5V_CPU 205/361
RAM 1359/3964MB (lfb 8x4MB) SWAP 803/6078MB (cached 34MB) IRAM 0/252kB(lfb 252kB) CPU [8%@921,5%@921,off,off] EMC_FREQ 0%@1600 GR3D_FREQ 0%@614 APE 25 PLL@29.5C CPU@31C iwlwifi@32C PMIC@50C GPU@30C AO@41C thermal@30.75C POM_5V_IN 1689/1950 POM_5V_GPU 82/101 POM_5V_CPU 164/361
RAM 1360/3964MB (lfb 8x4MB) SWAP 803/6078MB (cached 34MB) IRAM 0/252kB(lfb 252kB) CPU [7%@921,6%@921,off,off] EMC_FREQ 0%@1600 GR3D_FREQ 0%@614 APE 25 PLL@29.5C CPU@31.5C iwlwifi@32C PMIC@50C GPU@29.5C AO@41C thermal@31C POM_5V_IN 1689/1950 POM_5V_GPU 82/101 POM_5V_CPU 164/361
RAM 1361/3964MB (lfb 8x4MB) SWAP 803/6078MB (cached 34MB) IRAM 0/252kB(lfb 252kB) CPU [5%@921,8%@921,off,off] EMC_FREQ 0%@1600 GR3D_FREQ 0%@614 APE 25 PLL@29.5C CPU@31.5C iwlwifi@32C PMIC@50C GPU@29.5C AO@41C thermal@30.75C POM_5V_IN 1689/1950 POM_5V_GPU 82/101 POM_5V_CPU 164/360
RAM 1363/3964MB (lfb 8x4MB) SWAP 803/6078MB (cached 34MB) IRAM 0/252kB(lfb 252kB) CPU [5%@921,8%@921,off,off] EMC_FREQ 0%@1600 GR3D_FREQ 0%@614 APE 25 PLL@29.5C CPU@32C iwlwifi@32C PMIC@50C GPU@29.5C AO@41C thermal@31C POM_5V_IN 1731/1949 POM_5V_GPU 82/101 POM_5V_CPU 164/360
RAM 1359/3964MB (lfb 8x4MB) SWAP 803/6078MB (cached 34MB) IRAM 0/252kB(lfb 252kB) CPU [9%@921,6%@921,off,off] EMC_FREQ 0%@1600 GR3D_FREQ 0%@614 APE 25 PLL@29.5C CPU@31.5C iwlwifi@32C PMIC@50C GPU@29.5C AO@41C thermal@30.75C POM_5V_IN 1689/1949 POM_5V_GPU 82/101 POM_5V_CPU 164/360
RAM 1363/3964MB (lfb 8x4MB) SWAP 803/6078MB (cached 34MB) IRAM 0/252kB(lfb 252kB) CPU [7%@921,6%@921,off,off] EMC_FREQ 0%@1600 GR3D_FREQ 0%@614 APE 25 PLL@29.5C CPU@32C iwlwifi@32C PMIC@50C GPU@29.5C AO@41C thermal@30.5C POM_5V_IN 1689/1948 POM_5V_GPU 82/101 POM_5V_CPU 164/360
RAM 1361/3964MB (lfb 8x4MB) SWAP 803/6078MB (cached 34MB) IRAM 0/252kB(lfb 252kB) CPU [5%@921,8%@921,off,off] EMC_FREQ 0%@1600 GR3D_FREQ 0%@614 APE 25 PLL@30C CPU@31.5C iwlwifi@33C PMIC@50C GPU@29.5C AO@41C thermal@30.5C POM_5V_IN 1689/1948 POM_5V_GPU 82/101 POM_5V_CPU 164/359
RAM 1361/3964MB (lfb 8x4MB) SWAP 803/6078MB (cached 34MB) IRAM 0/252kB(lfb 252kB) CPU [7%@921,6%@921,off,off] EMC_FREQ 0%@1600 GR3D_FREQ 0%@614 APE 25 PLL@29.5C CPU@31.5C iwlwifi@32C PMIC@50C GPU@30C AO@41C thermal@30.75C POM_5V_IN 1689/1948 POM_5V_GPU 82/101 POM_5V_CPU 164/359
RAM 1363/3964MB (lfb 8x4MB) SWAP 803/6078MB (cached 34MB) IRAM 0/252kB(lfb 252kB) CPU [7%@921,7%@921,off,off] EMC_FREQ 0%@1600 GR3D_FREQ 0%@614 APE 25 PLL@30C CPU@31.5C iwlwifi@32C PMIC@50C GPU@29.5C AO@41C thermal@31C POM_5V_IN 1689/1947 POM_5V_GPU 82/101 POM_5V_CPU 123/359
RAM 1367/3964MB (lfb 8x4MB) SWAP 803/6078MB (cached 34MB) IRAM 0/252kB(lfb 252kB) CPU [25%@921,25%@921,off,off] EMC_FREQ 0%@1600 GR3D_FREQ 0%@614 APE 25 PLL@30C CPU@31.5C iwlwifi@32C PMIC@50C GPU@30C AO@41.5C thermal@30.75C POM_5V_IN 1689/1947 POM_5V_GPU 82/101 POM_5V_CPU 123/358
RAM 1377/3964MB (lfb 8x4MB) SWAP 803/6078MB (cached 34MB) IRAM 0/252kB(lfb 252kB) CPU [64%@921,63%@921,off,off] EMC_FREQ 0%@1600 GR3D_FREQ 0%@614 APE 25 PLL@30C CPU@32C iwlwifi@32C PMIC@50C GPU@30.5C AO@41.5C thermal@31.25C POM_5V_IN 2576/1948 POM_5V_GPU 81/101 POM_5V_CPU 817/359
RAM 1373/3964MB (lfb 8x4MB) SWAP 802/6078MB (cached 34MB) IRAM 0/252kB(lfb 252kB) CPU [55%@921,59%@921,off,off] EMC_FREQ 1%@1600 GR3D_FREQ 0%@614 APE 25 PLL@30.5C CPU@32C iwlwifi@32C PMIC@50C GPU@30.5C AO@41C thermal@31.25C POM_5V_IN 2617/1949 POM_5V_GPU 81/101 POM_5V_CPU 775/360
RAM 1374/3964MB (lfb 8x4MB) SWAP 802/6078MB (cached 34MB) IRAM 0/252kB(lfb 252kB) CPU [7%@921,6%@921,off,off] EMC_FREQ 0%@1600 GR3D_FREQ 0%@614 APE 25 PLL@30C CPU@31.5C iwlwifi@32C PMIC@50C GPU@30C AO@41.5C thermal@31C POM_5V_IN 1689/1948 POM_5V_GPU 82/101 POM_5V_CPU 164/359
RAM 1376/3964MB (lfb 8x4MB) SWAP 802/6078MB (cached 34MB) IRAM 0/252kB(lfb 252kB) CPU [4%@921,9%@921,off,off] EMC_FREQ 0%@1600 GR3D_FREQ 0%@614 APE 25 PLL@30C CPU@32C iwlwifi@32C PMIC@50C GPU@30C AO@41.5C thermal@31C POM_5V_IN 1689/1948 POM_5V_GPU 82/101 POM_5V_CPU 164/359
RAM 1376/3964MB (lfb 8x4MB) SWAP 802/6078MB (cached 34MB) IRAM 0/252kB(lfb 252kB) CPU [8%@921,5%@921,off,off] EMC_FREQ 0%@1600 GR3D_FREQ 0%@614 APE 25 PLL@30C CPU@32C iwlwifi@32C PMIC@50C GPU@29.5C AO@41C thermal@31C POM_5V_IN 1689/1948 POM_5V_GPU 82/100 POM_5V_CPU 123/359
RAM 1372/3964MB (lfb 8x4MB) SWAP 802/6078MB (cached 34MB) IRAM 0/252kB(lfb 252kB) CPU [7%@921,6%@921,off,off] EMC_FREQ 0%@1600 GR3D_FREQ 0%@614 APE 25 PLL@30C CPU@31.5C iwlwifi@32C PMIC@50C GPU@30C AO@41.5C thermal@31C POM_5V_IN 1689/1947 POM_5V_GPU 82/100 POM_5V_CPU 164/358
RAM 1374/3964MB (lfb 8x4MB) SWAP 802/6078MB (cached 34MB) IRAM 0/252kB(lfb 252kB) CPU [4%@921,9%@921,off,off] EMC_FREQ 0%@1600 GR3D_FREQ 0%@614 APE 25 PLL@30C CPU@32C iwlwifi@32C PMIC@50C GPU@30C AO@41C thermal@31C POM_5V_IN 1772/1947 POM_5V_GPU 82/100 POM_5V_CPU 164/358
RAM 1373/3964MB (lfb 8x4MB) SWAP 802/6078MB (cached 34MB) IRAM 0/252kB(lfb 252kB) CPU [6%@921,7%@921,off,off] EMC_FREQ 0%@1600 GR3D_FREQ 0%@614 APE 25 PLL@30C CPU@31.5C iwlwifi@32C PMIC@50C GPU@30C AO@41.5C thermal@30.75C POM_5V_IN 1689/1946 POM_5V_GPU 82/100 POM_5V_CPU 164/358
RAM 1374/3964MB (lfb 8x4MB) SWAP 802/6078MB (cached 34MB) IRAM 0/252kB(lfb 252kB) CPU [6%@921,8%@921,off,off] EMC_FREQ 0%@1600 GR3D_FREQ 0%@614 APE 25 PLL@30C CPU@31.5C iwlwifi@32C PMIC@50C GPU@30C AO@41C thermal@31C POM_5V_IN 1689/1946 POM_5V_GPU 82/100 POM_5V_CPU 164/357
RAM 1374/3964MB (lfb 8x4MB) SWAP 802/6078MB (cached 34MB) IRAM 0/252kB(lfb 252kB) CPU [7%@921,7%@921,off,off] EMC_FREQ 0%@1600 GR3D_FREQ 0%@614 APE 25 PLL@30C CPU@31.5C iwlwifi@32C PMIC@50C GPU@30.5C AO@41.5C thermal@31C POM_5V_IN 1689/1946 POM_5V_GPU 82/100 POM_5V_CPU 164/357
RAM 1373/3964MB (lfb 8x4MB) SWAP 802/6078MB (cached 34MB) IRAM 0/252kB(lfb 252kB) CPU [6%@921,7%@921,off,off] EMC_FREQ 0%@1600 GR3D_FREQ 0%@614 APE 25 PLL@30C CPU@31.5C iwlwifi@32C PMIC@50C GPU@30C AO@41.5C thermal@30.75C POM_5V_IN 1689/1945 POM_5V_GPU 82/100 POM_5V_CPU 164/357
RAM 1376/3964MB (lfb 8x4MB) SWAP 802/6078MB (cached 34MB) IRAM 0/252kB(lfb 252kB) CPU [6%@921,8%@921,off,off] EMC_FREQ 0%@1600 GR3D_FREQ 0%@614 APE 25 PLL@30C CPU@31.5C iwlwifi@32C PMIC@50C GPU@30.5C AO@41.5C thermal@31C POM_5V_IN 1689/1945 POM_5V_GPU 82/100 POM_5V_CPU 164/357
RAM 1373/3964MB (lfb 8x4MB) SWAP 802/6078MB (cached 34MB) IRAM 0/252kB(lfb 252kB) CPU [6%@921,6%@921,off,off] EMC_FREQ 0%@1600 GR3D_FREQ 0%@614 APE 25 PLL@30C CPU@31.5C iwlwifi@32C PMIC@50C GPU@30C AO@41.5C thermal@30.75C POM_5V_IN 1689/1945 POM_5V_GPU 82/100 POM_5V_CPU 164/356
RAM 1376/3964MB (lfb 8x4MB) SWAP 802/6078MB (cached 34MB) IRAM 0/252kB(lfb 252kB) CPU [9%@921,5%@921,off,off] EMC_FREQ 0%@1600 GR3D_FREQ 0%@614 APE 25 PLL@30C CPU@31.5C iwlwifi@32C PMIC@50C GPU@30C AO@41.5C thermal@30.75C POM_5V_IN 1689/1944 POM_5V_GPU 82/100 POM_5V_CPU 164/356
RAM 1370/3964MB (lfb 8x4MB) SWAP 802/6078MB (cached 34MB) IRAM 0/252kB(lfb 252kB) CPU [9%@921,5%@921,off,off] EMC_FREQ 0%@1600 GR3D_FREQ 0%@614 APE 25 PLL@30C CPU@31.5C iwlwifi@32C PMIC@50C GPU@30C AO@41.5C thermal@31C POM_5V_IN 1731/1944 POM_5V_GPU 82/100 POM_5V_CPU 164/356
RAM 1372/3964MB (lfb 8x4MB) SWAP 802/6078MB (cached 34MB) IRAM 0/252kB(lfb 252kB) CPU [10%@921,4%@921,off,off] EMC_FREQ 0%@1600 GR3D_FREQ 0%@614 APE 25 PLL@30C CPU@32C iwlwifi@32C PMIC@50C GPU@30C AO@41C thermal@31C POM_5V_IN 1731/1944 POM_5V_GPU 82/100 POM_5V_CPU 164/355
RAM 1370/3964MB (lfb 8x4MB) SWAP 802/6078MB (cached 34MB) IRAM 0/252kB(lfb 252kB) CPU [6%@921,7%@921,off,off] EMC_FREQ 0%@1600 GR3D_FREQ 0%@614 APE 25 PLL@30C CPU@32C iwlwifi@32C PMIC@50C GPU@30C AO@41.5C thermal@30.75C POM_5V_IN 1689/1943 POM_5V_GPU 82/100 POM_5V_CPU 164/355
RAM 1374/3964MB (lfb 8x4MB) SWAP 802/6078MB (cached 34MB) IRAM 0/252kB(lfb 252kB) CPU [10%@921,5%@921,off,off] EMC_FREQ 0%@1600 GR3D_FREQ 0%@614 APE 25 PLL@30C CPU@32C iwlwifi@32C PMIC@50C GPU@30C AO@41C thermal@31C POM_5V_IN 1689/1943 POM_5V_GPU 82/100 POM_5V_CPU 164/355
RAM 1370/3964MB (lfb 8x4MB) SWAP 802/6078MB (cached 34MB) IRAM 0/252kB(lfb 252kB) CPU [4%@921,9%@921,off,off] EMC_FREQ 0%@1600 GR3D_FREQ 0%@614 APE 25 PLL@30C CPU@31.5C iwlwifi@32C PMIC@50C GPU@30C AO@41.5C thermal@30.75C POM_5V_IN 1689/1942 POM_5V_GPU 82/100 POM_5V_CPU 164/354
RAM 1373/3964MB (lfb 8x4MB) SWAP 802/6078MB (cached 34MB) IRAM 0/252kB(lfb 252kB) CPU [7%@921,7%@921,off,off] EMC_FREQ 0%@1600 GR3D_FREQ 0%@614 APE 25 PLL@30C CPU@31.5C iwlwifi@32C PMIC@50C GPU@30C AO@41.5C thermal@30.75C POM_5V_IN 1689/1942 POM_5V_GPU 82/100 POM_5V_CPU 164/354
RAM 1373/3964MB (lfb 8x4MB) SWAP 802/6078MB (cached 34MB) IRAM 0/252kB(lfb 252kB) CPU [8%@921,4%@921,off,off] EMC_FREQ 0%@1600 GR3D_FREQ 0%@614 APE 25 PLL@30C CPU@31.5C iwlwifi@32C PMIC@50C GPU@30C AO@41.5C thermal@31C POM_5V_IN 1689/1942 POM_5V_GPU 82/100 POM_5V_CPU 164/354
RAM 1371/3964MB (lfb 8x4MB) SWAP 802/6078MB (cached 34MB) IRAM 0/252kB(lfb 252kB) CPU [5%@921,9%@921,off,off] EMC_FREQ 0%@1600 GR3D_FREQ 0%@614 APE 25 PLL@30C CPU@31.5C iwlwifi@32C PMIC@50C GPU@30C AO@41.5C thermal@30.75C POM_5V_IN 1731/1941 POM_5V_GPU 82/100 POM_5V_CPU 164/354
RAM 1372/3964MB (lfb 8x4MB) SWAP 802/6078MB (cached 34MB) IRAM 0/252kB(lfb 252kB) CPU [8%@921,5%@921,off,off] EMC_FREQ 0%@1600 GR3D_FREQ 0%@614 APE 25 PLL@30C CPU@31.5C iwlwifi@32C PMIC@50C GPU@30C AO@41.5C thermal@30.75C POM_5V_IN 1689/1941 POM_5V_GPU 82/100 POM_5V_CPU 164/353
RAM 1369/3964MB (lfb 8x4MB) SWAP 802/6078MB (cached 34MB) IRAM 0/252kB(lfb 252kB) CPU [7%@921,7%@921,off,off] EMC_FREQ 0%@1600 GR3D_FREQ 0%@614 APE 25 PLL@30C CPU@31C iwlwifi@32C PMIC@50C GPU@30C AO@41C thermal@30.75C POM_5V_IN 1689/1941 POM_5V_GPU 82/100 POM_5V_CPU 164/353
RAM 1369/3964MB (lfb 8x4MB) SWAP 802/6078MB (cached 34MB) IRAM 0/252kB(lfb 252kB) CPU [10%@921,5%@921,off,off] EMC_FREQ 0%@1600 GR3D_FREQ 0%@614 APE 25 PLL@30C CPU@32C iwlwifi@32C PMIC@50C GPU@30C AO@41C thermal@30.75C POM_5V_IN 1731/1940 POM_5V_GPU 82/100 POM_5V_CPU 164/353
RAM 1371/3964MB (lfb 8x4MB) SWAP 802/6078MB (cached 34MB) IRAM 0/252kB(lfb 252kB) CPU [7%@921,6%@921,off,off] EMC_FREQ 0%@1600 GR3D_FREQ 0%@614 APE 25 PLL@30C CPU@31C iwlwifi@32C PMIC@50C GPU@30C AO@41C thermal@30.5C POM_5V_IN 1689/1940 POM_5V_GPU 82/100 POM_5V_CPU 164/353
RAM 1367/3964MB (lfb 8x4MB) SWAP 802/6078MB (cached 34MB) IRAM 0/252kB(lfb 252kB) CPU [7%@921,8%@921,off,off] EMC_FREQ 0%@1600 GR3D_FREQ 0%@614 APE 25 PLL@30C CPU@31.5C iwlwifi@32C PMIC@50C GPU@30C AO@41.5C thermal@30.75C POM_5V_IN 1689/1939 POM_5V_GPU 82/100 POM_5V_CPU 164/352
RAM 1367/3964MB (lfb 8x4MB) SWAP 802/6078MB (cached 34MB) IRAM 0/252kB(lfb 252kB) CPU [6%@921,7%@921,off,off] EMC_FREQ 0%@1600 GR3D_FREQ 0%@614 APE 25 PLL@30C CPU@31.5C iwlwifi@32C PMIC@50C GPU@30.5C AO@41C thermal@30.75C POM_5V_IN 1689/1939 POM_5V_GPU 82/100 POM_5V_CPU 164/352
RAM 1371/3964MB (lfb 8x4MB) SWAP 802/6078MB (cached 34MB) IRAM 0/252kB(lfb 252kB) CPU [8%@921,6%@921,off,off] EMC_FREQ 0%@1600 GR3D_FREQ 0%@614 APE 25 PLL@30C CPU@31.5C iwlwifi@32C PMIC@50C GPU@30C AO@41.5C thermal@31C POM_5V_IN 1731/1939 POM_5V_GPU 82/100 POM_5V_CPU 164/352
RAM 1369/3964MB (lfb 8x4MB) SWAP 802/6078MB (cached 34MB) IRAM 0/252kB(lfb 252kB) CPU [7%@921,6%@921,off,off] EMC_FREQ 0%@1600 GR3D_FREQ 0%@614 APE 25 PLL@29.5C CPU@31.5C iwlwifi@32C PMIC@50C GPU@30C AO@41C thermal@31C POM_5V_IN 1731/1938 POM_5V_GPU 82/100 POM_5V_CPU 164/351
RAM 1371/3964MB (lfb 8x4MB) SWAP 802/6078MB (cached 34MB) IRAM 0/252kB(lfb 252kB) CPU [6%@921,7%@921,off,off] EMC_FREQ 0%@1600 GR3D_FREQ 0%@614 APE 25 PLL@29.5C CPU@31.5C iwlwifi@32C PMIC@50C GPU@30C AO@41C thermal@30.75C POM_5V_IN 1689/1938 POM_5V_GPU 82/100 POM_5V_CPU 164/351
RAM 1371/3964MB (lfb 8x4MB) SWAP 802/6078MB (cached 34MB) IRAM 0/252kB(lfb 252kB) CPU [9%@921,4%@921,off,off] EMC_FREQ 0%@1600 GR3D_FREQ 0%@614 APE 25 PLL@30C CPU@31.5C iwlwifi@32C PMIC@50C GPU@30C AO@41C thermal@30.75C POM_5V_IN 1689/1938 POM_5V_GPU 82/100 POM_5V_CPU 164/351
RAM 1367/3964MB (lfb 8x4MB) SWAP 802/6078MB (cached 34MB) IRAM 0/252kB(lfb 252kB) CPU [6%@921,8%@921,off,off] EMC_FREQ 0%@1600 GR3D_FREQ 0%@614 APE 25 PLL@29.5C CPU@32C iwlwifi@32C PMIC@50C GPU@30.5C AO@41C thermal@30.75C POM_5V_IN 1689/1937 POM_5V_GPU 82/100 POM_5V_CPU 164/351
RAM 1371/3964MB (lfb 8x4MB) SWAP 802/6078MB (cached 34MB) IRAM 0/252kB(lfb 252kB) CPU [9%@921,5%@921,off,off] EMC_FREQ 0%@1600 GR3D_FREQ 0%@614 APE 25 PLL@29.5C CPU@31.5C iwlwifi@32C PMIC@50C GPU@30C AO@41C thermal@31C POM_5V_IN 1689/1937 POM_5V_GPU 82/100 POM_5V_CPU 164/350
RAM 1370/3964MB (lfb 8x4MB) SWAP 802/6078MB (cached 34MB) IRAM 0/252kB(lfb 252kB) CPU [10%@921,4%@921,off,off] EMC_FREQ 0%@1600 GR3D_FREQ 0%@614 APE 25 PLL@30C CPU@32C iwlwifi@32C PMIC@50C GPU@30C AO@41C thermal@31C POM_5V_IN 1689/1937 POM_5V_GPU 82/100 POM_5V_CPU 164/350
RAM 1367/3964MB (lfb 8x4MB) SWAP 802/6078MB (cached 34MB) IRAM 0/252kB(lfb 252kB) CPU [6%@921,7%@921,off,off] EMC_FREQ 0%@1600 GR3D_FREQ 0%@614 APE 25 PLL@30C CPU@31.5C iwlwifi@32C PMIC@50C GPU@30C AO@41C thermal@31C POM_5V_IN 1689/1936 POM_5V_GPU 82/100 POM_5V_CPU 123/350
RAM 1372/3964MB (lfb 8x4MB) SWAP 802/6078MB (cached 34MB) IRAM 0/252kB(lfb 252kB) CPU [9%@921,5%@921,off,off] EMC_FREQ 0%@1600 GR3D_FREQ 0%@614 APE 25 PLL@30C CPU@31.5C iwlwifi@32C PMIC@50C GPU@30C AO@41C thermal@31C POM_5V_IN 1689/1936 POM_5V_GPU 82/100 POM_5V_CPU 164/349
RAM 1369/3964MB (lfb 8x4MB) SWAP 802/6078MB (cached 34MB) IRAM 0/252kB(lfb 252kB) CPU [8%@921,4%@921,off,off] EMC_FREQ 0%@1600 GR3D_FREQ 0%@614 APE 25 PLL@30C CPU@32C iwlwifi@32C PMIC@50C GPU@30C AO@41C thermal@30.75C POM_5V_IN 1689/1936 POM_5V_GPU 82/100 POM_5V_CPU 164/349
RAM 1369/3964MB (lfb 8x4MB) SWAP 802/6078MB (cached 34MB) IRAM 0/252kB(lfb 252kB) CPU [8%@921,6%@921,off,off] EMC_FREQ 0%@1600 GR3D_FREQ 0%@614 APE 25 PLL@29.5C CPU@31.5C iwlwifi@32C PMIC@50C GPU@30C AO@41.5C thermal@31C POM_5V_IN 1689/1935 POM_5V_GPU 82/100 POM_5V_CPU 123/349
RAM 1367/3964MB (lfb 8x4MB) SWAP 802/6078MB (cached 34MB) IRAM 0/252kB(lfb 252kB) CPU [8%@921,5%@921,off,off] EMC_FREQ 0%@1600 GR3D_FREQ 0%@614 APE 25 PLL@29.5C CPU@31.5C iwlwifi@32C PMIC@50C GPU@30C AO@41C thermal@30.75C POM_5V_IN 1689/1935 POM_5V_GPU 82/100 POM_5V_CPU 164/349
RAM 1367/3964MB (lfb 8x4MB) SWAP 802/6078MB (cached 34MB) IRAM 0/252kB(lfb 252kB) CPU [6%@921,7%@921,off,off] EMC_FREQ 0%@1600 GR3D_FREQ 0%@614 APE 25 PLL@29.5C CPU@32C iwlwifi@32C PMIC@50C GPU@30C AO@41C thermal@31C POM_5V_IN 1689/1935 POM_5V_GPU 82/99 POM_5V_CPU 164/348
RAM 1368/3964MB (lfb 8x4MB) SWAP 802/6078MB (cached 34MB) IRAM 0/252kB(lfb 252kB) CPU [7%@921,7%@921,off,off] EMC_FREQ 0%@1600 GR3D_FREQ 0%@614 APE 25 PLL@29.5C CPU@32C iwlwifi@32C PMIC@50C GPU@30C AO@41C thermal@30.75C POM_5V_IN 1689/1934 POM_5V_GPU 82/99 POM_5V_CPU 164/348
RAM 1370/3964MB (lfb 8x4MB) SWAP 802/6078MB (cached 34MB) IRAM 0/252kB(lfb 252kB) CPU [5%@921,8%@921,off,off] EMC_FREQ 0%@1600 GR3D_FREQ 0%@614 APE 25 PLL@30C CPU@31.5C iwlwifi@32C PMIC@50C GPU@30C AO@41C thermal@31C POM_5V_IN 1731/1934 POM_5V_GPU 82/99 POM_5V_CPU 164/348
RAM 1369/3964MB (lfb 8x4MB) SWAP 802/6078MB (cached 34MB) IRAM 0/252kB(lfb 252kB) CPU [7%@921,8%@921,off,off] EMC_FREQ 0%@1600 GR3D_FREQ 0%@614 APE 25 PLL@29.5C CPU@32C iwlwifi@32C PMIC@50C GPU@30C AO@41C thermal@30.75C POM_5V_IN 1689/1934 POM_5V_GPU 82/99 POM_5V_CPU 164/347
RAM 1370/3964MB (lfb 8x4MB) SWAP 802/6078MB (cached 34MB) IRAM 0/252kB(lfb 252kB) CPU [8%@921,5%@921,off,off] EMC_FREQ 0%@1600 GR3D_FREQ 0%@614 APE 25 PLL@30C CPU@32C iwlwifi@32C PMIC@50C GPU@30C AO@41C thermal@31C POM_5V_IN 1689/1933 POM_5V_GPU 82/99 POM_5V_CPU 164/347
RAM 1367/3964MB (lfb 8x4MB) SWAP 802/6078MB (cached 34MB) IRAM 0/252kB(lfb 252kB) CPU [6%@921,8%@921,off,off] EMC_FREQ 0%@1600 GR3D_FREQ 0%@614 APE 25 PLL@30C CPU@31.5C iwlwifi@32C PMIC@50C GPU@30C AO@41.5C thermal@30.75C POM_5V_IN 1689/1933 POM_5V_GPU 82/99 POM_5V_CPU 164/347
RAM 1371/3964MB (lfb 8x4MB) SWAP 802/6078MB (cached 34MB) IRAM 0/252kB(lfb 252kB) CPU [7%@921,6%@921,off,off] EMC_FREQ 0%@1600 GR3D_FREQ 0%@614 APE 25 PLL@30C CPU@31.5C iwlwifi@32C PMIC@50C GPU@30C AO@41C thermal@30.75C POM_5V_IN 1934/1933 POM_5V_GPU 82/99 POM_5V_CPU 369/347
RAM 1370/3964MB (lfb 8x4MB) SWAP 801/6078MB (cached 34MB) IRAM 0/252kB(lfb 252kB) CPU [5%@921,8%@921,off,off] EMC_FREQ 0%@1600 GR3D_FREQ 0%@614 APE 25 PLL@30C CPU@31C iwlwifi@33C PMIC@50C GPU@30C AO@41C thermal@30.75C POM_5V_IN 1689/1932 POM_5V_GPU 82/99 POM_5V_CPU 164/347
RAM 1368/3964MB (lfb 8x4MB) SWAP 801/6078MB (cached 34MB) IRAM 0/252kB(lfb 252kB) CPU [5%@921,8%@921,off,off] EMC_FREQ 0%@1600 GR3D_FREQ 0%@614 APE 25 PLL@30C CPU@31C iwlwifi@32C PMIC@50C GPU@30C AO@41C thermal@30.75C POM_5V_IN 1689/1932 POM_5V_GPU 82/99 POM_5V_CPU 164/346
RAM 1366/3964MB (lfb 8x4MB) SWAP 801/6078MB (cached 34MB) IRAM 0/252kB(lfb 252kB) CPU [8%@921,5%@921,off,off] EMC_FREQ 0%@1600 GR3D_FREQ 0%@614 APE 25 PLL@30C CPU@31.5C iwlwifi@32C PMIC@50C GPU@30C AO@41C thermal@30.75C POM_5V_IN 1689/1932 POM_5V_GPU 82/99 POM_5V_CPU 164/346
RAM 1366/3964MB (lfb 8x4MB) SWAP 801/6078MB (cached 34MB) IRAM 0/252kB(lfb 252kB) CPU [6%@921,7%@921,off,off] EMC_FREQ 0%@1600 GR3D_FREQ 0%@614 APE 25 PLL@30C CPU@31.5C iwlwifi@32C PMIC@50C GPU@30C AO@41C thermal@30.75C POM_5V_IN 1689/1931 POM_5V_GPU 82/99 POM_5V_CPU 164/346
RAM 1368/3964MB (lfb 8x4MB) SWAP 801/6078MB (cached 34MB) IRAM 0/252kB(lfb 252kB) CPU [10%@921,3%@921,off,off] EMC_FREQ 0%@1600 GR3D_FREQ 0%@614 APE 25 PLL@30C CPU@31.5C iwlwifi@32C PMIC@50C GPU@30C AO@41.5C thermal@30.75C POM_5V_IN 1689/1931 POM_5V_GPU 82/99 POM_5V_CPU 164/346
RAM 1369/3964MB (lfb 8x4MB) SWAP 801/6078MB (cached 34MB) IRAM 0/252kB(lfb 252kB) CPU [7%@921,7%@921,off,off] EMC_FREQ 0%@1600 GR3D_FREQ 0%@614 APE 25 PLL@30C CPU@31.5C iwlwifi@32C PMIC@50C GPU@30C AO@41C thermal@30.75C POM_5V_IN 1689/1931 POM_5V_GPU 82/99 POM_5V_CPU 164/345
RAM 1370/3964MB (lfb 8x4MB) SWAP 801/6078MB (cached 34MB) IRAM 0/252kB(lfb 252kB) CPU [8%@921,6%@921,off,off] EMC_FREQ 0%@1600 GR3D_FREQ 0%@614 APE 25 PLL@30C CPU@31.5C iwlwifi@32C PMIC@50C GPU@30C AO@41C thermal@30.75C POM_5V_IN 1689/1930 POM_5V_GPU 82/99 POM_5V_CPU 164/345
RAM 1370/3964MB (lfb 8x4MB) SWAP 801/6078MB (cached 34MB) IRAM 0/252kB(lfb 252kB) CPU [6%@921,7%@921,off,off] EMC_FREQ 0%@1600 GR3D_FREQ 0%@614 APE 25 PLL@30C CPU@31.5C iwlwifi@32C PMIC@50C GPU@29.5C AO@41C thermal@30.75C POM_5V_IN 1689/1930 POM_5V_GPU 82/99 POM_5V_CPU 164/345
RAM 1368/3964MB (lfb 8x4MB) SWAP 801/6078MB (cached 34MB) IRAM 0/252kB(lfb 252kB) CPU [5%@921,8%@921,off,off] EMC_FREQ 0%@1600 GR3D_FREQ 0%@614 APE 25 PLL@30C CPU@31C iwlwifi@32C PMIC@50C GPU@29.5C AO@41C thermal@30.75C POM_5V_IN 1689/1930 POM_5V_GPU 82/99 POM_5V_CPU 164/345
RAM 1370/3964MB (lfb 8x4MB) SWAP 801/6078MB (cached 34MB) IRAM 0/252kB(lfb 252kB) CPU [7%@921,7%@921,off,off] EMC_FREQ 0%@1600 GR3D_FREQ 0%@614 APE 25 PLL@30C CPU@31.5C iwlwifi@32C PMIC@50C GPU@30C AO@41C thermal@30.75C POM_5V_IN 1731/1929 POM_5V_GPU 82/99 POM_5V_CPU 206/344
RAM 1366/3964MB (lfb 8x4MB) SWAP 801/6078MB (cached 34MB) IRAM 0/252kB(lfb 252kB) CPU [9%@921,4%@921,off,off] EMC_FREQ 0%@1600 GR3D_FREQ 0%@614 APE 25 PLL@30C CPU@31.5C iwlwifi@32C PMIC@50C GPU@29.5C AO@41C thermal@31C POM_5V_IN 1689/1929 POM_5V_GPU 82/99 POM_5V_CPU 164/344
RAM 1368/3964MB (lfb 8x4MB) SWAP 801/6078MB (cached 34MB) IRAM 0/252kB(lfb 252kB) CPU [7%@921,7%@921,off,off] EMC_FREQ 0%@1600 GR3D_FREQ 0%@614 APE 25 PLL@30C CPU@31.5C iwlwifi@32C PMIC@50C GPU@29.5C AO@41C thermal@30.75C POM_5V_IN 1689/1929 POM_5V_GPU 82/99 POM_5V_CPU 164/344
RAM 1368/3964MB (lfb 8x4MB) SWAP 801/6078MB (cached 34MB) IRAM 0/252kB(lfb 252kB) CPU [7%@921,6%@921,off,off] EMC_FREQ 0%@1600 GR3D_FREQ 0%@614 APE 25 PLL@30C CPU@31.5C iwlwifi@32C PMIC@50C GPU@30C AO@41C thermal@31C POM_5V_IN 1689/1928 POM_5V_GPU 82/99 POM_5V_CPU 164/344
RAM 1375/3964MB (lfb 8x4MB) SWAP 801/6078MB (cached 34MB) IRAM 0/252kB(lfb 252kB) CPU [9%@921,5%@921,off,off] EMC_FREQ 0%@1600 GR3D_FREQ 0%@614 APE 25 PLL@30C CPU@31.5C iwlwifi@32C PMIC@50C GPU@30C AO@41C thermal@30.5C POM_5V_IN 1689/1928 POM_5V_GPU 82/99 POM_5V_CPU 164/343
RAM 1368/3964MB (lfb 8x4MB) SWAP 801/6078MB (cached 34MB) IRAM 0/252kB(lfb 252kB) CPU [7%@921,6%@921,off,off] EMC_FREQ 0%@1600 GR3D_FREQ 0%@614 APE 25 PLL@30C CPU@31C iwlwifi@32C PMIC@50C GPU@30C AO@41C thermal@30.75C POM_5V_IN 1689/1928 POM_5V_GPU 82/99 POM_5V_CPU 164/343
RAM 1370/3964MB (lfb 8x4MB) SWAP 801/6078MB (cached 34MB) IRAM 0/252kB(lfb 252kB) CPU [6%@921,7%@921,off,off] EMC_FREQ 0%@1600 GR3D_FREQ 0%@614 APE 25 PLL@29.5C CPU@31.5C iwlwifi@32C PMIC@50C GPU@29.5C AO@41C thermal@30.75C POM_5V_IN 1689/1927 POM_5V_GPU 82/99 POM_5V_CPU 164/343
RAM 1366/3964MB (lfb 8x4MB) SWAP 801/6078MB (cached 34MB) IRAM 0/252kB(lfb 252kB) CPU [6%@921,6%@921,off,off] EMC_FREQ 0%@1600 GR3D_FREQ 0%@614 APE 25 PLL@30C CPU@31.5C iwlwifi@32C PMIC@50C GPU@30C AO@41C thermal@30.75C POM_5V_IN 1689/1927 POM_5V_GPU 82/99 POM_5V_CPU 164/343
RAM 1368/3964MB (lfb 8x4MB) SWAP 801/6078MB (cached 34MB) IRAM 0/252kB(lfb 252kB) CPU [6%@921,7%@921,off,off] EMC_FREQ 0%@1600 GR3D_FREQ 0%@614 APE 25 PLL@29.5C CPU@31.5C iwlwifi@32C PMIC@50C GPU@30C AO@41C thermal@30.75C POM_5V_IN 1731/1927 POM_5V_GPU 82/99 POM_5V_CPU 164/342
RAM 1368/3964MB (lfb 8x4MB) SWAP 801/6078MB (cached 34MB) IRAM 0/252kB(lfb 252kB) CPU [7%@921,6%@921,off,off] EMC_FREQ 0%@1600 GR3D_FREQ 0%@614 APE 25 PLL@30C CPU@31.5C iwlwifi@32C PMIC@50C GPU@29.5C AO@41C thermal@30.75C POM_5V_IN 1731/1926 POM_5V_GPU 82/99 POM_5V_CPU 164/342
RAM 1370/3964MB (lfb 8x4MB) SWAP 801/6078MB (cached 34MB) IRAM 0/252kB(lfb 252kB) CPU [5%@921,8%@921,off,off] EMC_FREQ 0%@1600 GR3D_FREQ 0%@614 APE 25 PLL@29.5C CPU@31.5C iwlwifi@32C PMIC@50C GPU@30C AO@41C thermal@30.75C POM_5V_IN 1731/1926 POM_5V_GPU 82/99 POM_5V_CPU 164/342
RAM 1370/3964MB (lfb 8x4MB) SWAP 801/6078MB (cached 34MB) IRAM 0/252kB(lfb 252kB) CPU [6%@921,7%@921,off,off] EMC_FREQ 0%@1600 GR3D_FREQ 0%@614 APE 25 PLL@30C CPU@31.5C iwlwifi@32C PMIC@50C GPU@30C AO@41.5C thermal@30.75C POM_5V_IN 1731/1926 POM_5V_GPU 82/99 POM_5V_CPU 164/342
RAM 1370/3964MB (lfb 8x4MB) SWAP 801/6078MB (cached 34MB) IRAM 0/252kB(lfb 252kB) CPU [5%@921,9%@921,off,off] EMC_FREQ 0%@1600 GR3D_FREQ 0%@614 APE 25 PLL@29.5C CPU@31.5C iwlwifi@32C PMIC@50C GPU@30C AO@41C thermal@31C POM_5V_IN 1731/1926 POM_5V_GPU 82/99 POM_5V_CPU 164/341
RAM 1366/3964MB (lfb 8x4MB) SWAP 801/6078MB (cached 34MB) IRAM 0/252kB(lfb 252kB) CPU [5%@921,8%@921,off,off] EMC_FREQ 0%@1600 GR3D_FREQ 0%@614 APE 25 PLL@29.5C CPU@31.5C iwlwifi@32C PMIC@50C GPU@30C AO@41C thermal@30.75C POM_5V_IN 1689/1925 POM_5V_GPU 82/99 POM_5V_CPU 164/341
RAM 1371/3964MB (lfb 8x4MB) SWAP 801/6078MB (cached 34MB) IRAM 0/252kB(lfb 252kB) CPU [7%@921,8%@921,off,off] EMC_FREQ 0%@1600 GR3D_FREQ 0%@614 APE 25 PLL@30C CPU@31.5C iwlwifi@33C PMIC@50C GPU@30C AO@41C thermal@30.75C POM_5V_IN 1689/1925 POM_5V_GPU 82/99 POM_5V_CPU 164/341
RAM 1371/3964MB (lfb 8x4MB) SWAP 801/6078MB (cached 34MB) IRAM 0/252kB(lfb 252kB) CPU [7%@921,6%@921,off,off] EMC_FREQ 0%@1600 GR3D_FREQ 0%@614 APE 25 PLL@30C CPU@31.5C iwlwifi@32C PMIC@50C GPU@30C AO@41C thermal@31C POM_5V_IN 1689/1925 POM_5V_GPU 82/99 POM_5V_CPU 164/341
RAM 1369/3964MB (lfb 8x4MB) SWAP 801/6078MB (cached 34MB) IRAM 0/252kB(lfb 252kB) CPU [7%@921,6%@921,off,off] EMC_FREQ 0%@1600 GR3D_FREQ 0%@614 APE 25 PLL@30C CPU@31.5C iwlwifi@32C PMIC@50C GPU@29.5C AO@41C thermal@30.75C POM_5V_IN 1689/1924 POM_5V_GPU 82/99 POM_5V_CPU 164/340
RAM 1370/3964MB (lfb 8x4MB) SWAP 801/6078MB (cached 34MB) IRAM 0/252kB(lfb 252kB) CPU [6%@921,8%@921,off,off] EMC_FREQ 0%@1600 GR3D_FREQ 0%@614 APE 25 PLL@30C CPU@31.5C iwlwifi@32C PMIC@50C GPU@30C AO@41C thermal@31C POM_5V_IN 1689/1924 POM_5V_GPU 82/99 POM_5V_CPU 164/340
RAM 1370/3964MB (lfb 8x4MB) SWAP 801/6078MB (cached 34MB) IRAM 0/252kB(lfb 252kB) CPU [5%@921,8%@921,off,off] EMC_FREQ 0%@1600 GR3D_FREQ 0%@614 APE 25 PLL@30C CPU@31.5C iwlwifi@32C PMIC@50C GPU@30C AO@41C thermal@30.75C POM_5V_IN 1689/1924 POM_5V_GPU 82/99 POM_5V_CPU 123/340
RAM 1366/3964MB (lfb 8x4MB) SWAP 801/6078MB (cached 34MB) IRAM 0/252kB(lfb 252kB) CPU [9%@921,5%@921,off,off] EMC_FREQ 0%@1600 GR3D_FREQ 0%@614 APE 25 PLL@30C CPU@31.5C iwlwifi@32C PMIC@50C GPU@30C AO@41C thermal@31C POM_5V_IN 1689/1923 POM_5V_GPU 82/99 POM_5V_CPU 164/340
RAM 1370/3964MB (lfb 8x4MB) SWAP 801/6078MB (cached 34MB) IRAM 0/252kB(lfb 252kB) CPU [8%@921,6%@921,off,off] EMC_FREQ 0%@1600 GR3D_FREQ 0%@614 APE 25 PLL@29.5C CPU@32C iwlwifi@32C PMIC@50C GPU@30C AO@41C thermal@31C POM_5V_IN 1689/1923 POM_5V_GPU 82/99 POM_5V_CPU 164/339
RAM 1368/3964MB (lfb 8x4MB) SWAP 801/6078MB (cached 34MB) IRAM 0/252kB(lfb 252kB) CPU [9%@921,6%@921,off,off] EMC_FREQ 0%@1600 GR3D_FREQ 0%@614 APE 25 PLL@29.5C CPU@31.5C iwlwifi@32C PMIC@50C GPU@30C AO@41C thermal@30.75C POM_5V_IN 1689/1923 POM_5V_GPU 82/99 POM_5V_CPU 164/339
RAM 1366/3964MB (lfb 8x4MB) SWAP 801/6078MB (cached 34MB) IRAM 0/252kB(lfb 252kB) CPU [7%@921,6%@921,off,off] EMC_FREQ 0%@1600 GR3D_FREQ 0%@614 APE 25 PLL@30C CPU@32C iwlwifi@32C PMIC@50C GPU@30C AO@41C thermal@30.75C POM_5V_IN 1689/1922 POM_5V_GPU 82/99 POM_5V_CPU 164/339
RAM 1368/3964MB (lfb 8x4MB) SWAP 801/6078MB (cached 34MB) IRAM 0/252kB(lfb 252kB) CPU [6%@921,8%@921,off,off] EMC_FREQ 0%@1600 GR3D_FREQ 0%@614 APE 25 PLL@30C CPU@31.5C iwlwifi@32C PMIC@50C GPU@29.5C AO@41C thermal@30.75C POM_5V_IN 1689/1922 POM_5V_GPU 82/99 POM_5V_CPU 164/339
RAM 1368/3964MB (lfb 8x4MB) SWAP 801/6078MB (cached 34MB) IRAM 0/252kB(lfb 252kB) CPU [6%@921,7%@921,off,off] EMC_FREQ 0%@1600 GR3D_FREQ 0%@614 APE 25 PLL@30C CPU@32C iwlwifi@32C PMIC@50C GPU@30C AO@41C thermal@30.75C POM_5V_IN 1687/1922 POM_5V_GPU 82/99 POM_5V_CPU 164/338
RAM 1367/3964MB (lfb 8x4MB) SWAP 801/6078MB (cached 35MB) IRAM 0/252kB(lfb 252kB) CPU [6%@921,8%@921,off,off] EMC_FREQ 0%@1600 GR3D_FREQ 0%@614 APE 25 PLL@29.5C CPU@31.5C iwlwifi@32C PMIC@50C GPU@30C AO@41C thermal@30.75C POM_5V_IN 1689/1921 POM_5V_GPU 82/98 POM_5V_CPU 164/338
RAM 1367/3964MB (lfb 8x4MB) SWAP 801/6078MB (cached 35MB) IRAM 0/252kB(lfb 252kB) CPU [6%@921,7%@921,off,off] EMC_FREQ 0%@1600 GR3D_FREQ 0%@614 APE 25 PLL@29.5C CPU@31.5C iwlwifi@32C PMIC@50C GPU@30C AO@41C thermal@31C POM_5V_IN 1689/1921 POM_5V_GPU 82/98 POM_5V_CPU 164/338
RAM 1370/3964MB (lfb 8x4MB) SWAP 801/6078MB (cached 35MB) IRAM 0/252kB(lfb 252kB) CPU [4%@921,10%@921,off,off] EMC_FREQ 0%@1600 GR3D_FREQ 0%@614 APE 25 PLL@30C CPU@32C iwlwifi@32C PMIC@50C GPU@30C AO@41C thermal@30.75C POM_5V_IN 1689/1921 POM_5V_GPU 82/98 POM_5V_CPU 164/338
RAM 1373/3964MB (lfb 8x4MB) SWAP 801/6078MB (cached 35MB) IRAM 0/252kB(lfb 252kB) CPU [8%@921,5%@921,off,off] EMC_FREQ 0%@1600 GR3D_FREQ 0%@614 APE 25 PLL@29.5C CPU@32C iwlwifi@32C PMIC@50C GPU@30C AO@41C thermal@30.75C POM_5V_IN 1689/1920 POM_5V_GPU 82/98 POM_5V_CPU 164/337
RAM 1367/3964MB (lfb 8x4MB) SWAP 801/6078MB (cached 35MB) IRAM 0/252kB(lfb 252kB) CPU [5%@921,8%@921,off,off] EMC_FREQ 0%@1600 GR3D_FREQ 0%@614 APE 25 PLL@29.5C CPU@31.5C iwlwifi@32C PMIC@50C GPU@30C AO@41C thermal@30.5C POM_5V_IN 1689/1920 POM_5V_GPU 82/98 POM_5V_CPU 164/337
RAM 1369/3964MB (lfb 8x4MB) SWAP 801/6078MB (cached 35MB) IRAM 0/252kB(lfb 252kB) CPU [7%@921,6%@921,off,off] EMC_FREQ 0%@1600 GR3D_FREQ 0%@614 APE 25 PLL@30C CPU@32C iwlwifi@32C PMIC@50C GPU@29.5C AO@41C thermal@30.5C POM_5V_IN 1689/1920 POM_5V_GPU 82/98 POM_5V_CPU 164/337
RAM 1372/3964MB (lfb 8x4MB) SWAP 801/6078MB (cached 35MB) IRAM 0/252kB(lfb 252kB) CPU [7%@921,7%@921,off,off] EMC_FREQ 0%@1600 GR3D_FREQ 0%@614 APE 25 PLL@29.5C CPU@31.5C iwlwifi@32C PMIC@50C GPU@29.5C AO@41C thermal@30.75C POM_5V_IN 1689/1920 POM_5V_GPU 82/98 POM_5V_CPU 164/337
RAM 1370/3964MB (lfb 8x4MB) SWAP 801/6078MB (cached 35MB) IRAM 0/252kB(lfb 252kB) CPU [7%@921,6%@921,off,off] EMC_FREQ 0%@1600 GR3D_FREQ 0%@614 APE 25 PLL@30C CPU@32C iwlwifi@32C PMIC@50C GPU@30C AO@41C thermal@30.75C POM_5V_IN 1689/1919 POM_5V_GPU 82/98 POM_5V_CPU 164/337
RAM 1369/3964MB (lfb 8x4MB) SWAP 801/6078MB (cached 35MB) IRAM 0/252kB(lfb 252kB) CPU [7%@921,6%@921,off,off] EMC_FREQ 0%@1600 GR3D_FREQ 0%@614 APE 25 PLL@29.5C CPU@31.5C iwlwifi@32C PMIC@50C GPU@30C AO@41C thermal@30.75C POM_5V_IN 1689/1919 POM_5V_GPU 82/98 POM_5V_CPU 164/336
RAM 1370/3964MB (lfb 8x4MB) SWAP 801/6078MB (cached 35MB) IRAM 0/252kB(lfb 252kB) CPU [7%@921,6%@921,off,off] EMC_FREQ 0%@1600 GR3D_FREQ 0%@614 APE 25 PLL@30C CPU@31.5C iwlwifi@32C PMIC@50C GPU@29.5C AO@41C thermal@31C POM_5V_IN 1689/1919 POM_5V_GPU 82/98 POM_5V_CPU 123/336
RAM 1370/3964MB (lfb 8x4MB) SWAP 801/6078MB (cached 35MB) IRAM 0/252kB(lfb 252kB) CPU [6%@921,7%@921,off,off] EMC_FREQ 0%@1600 GR3D_FREQ 0%@614 APE 25 PLL@29.5C CPU@31.5C iwlwifi@32C PMIC@50C GPU@29.5C AO@41C thermal@30.75C POM_5V_IN 1689/1918 POM_5V_GPU 82/98 POM_5V_CPU 123/336
RAM 1370/3964MB (lfb 8x4MB) SWAP 801/6078MB (cached 35MB) IRAM 0/252kB(lfb 252kB) CPU [8%@921,6%@921,off,off] EMC_FREQ 0%@1600 GR3D_FREQ 0%@614 APE 25 PLL@30C CPU@32C iwlwifi@32C PMIC@50C GPU@29.5C AO@41C thermal@30.5C POM_5V_IN 1689/1918 POM_5V_GPU 82/98 POM_5V_CPU 164/335
RAM 1368/3964MB (lfb 8x4MB) SWAP 801/6078MB (cached 35MB) IRAM 0/252kB(lfb 252kB) CPU [6%@921,8%@921,off,off] EMC_FREQ 0%@1600 GR3D_FREQ 0%@614 APE 25 PLL@29.5C CPU@31.5C iwlwifi@32C PMIC@50C GPU@30C AO@41C thermal@30.5C POM_5V_IN 1689/1918 POM_5V_GPU 82/98 POM_5V_CPU 164/335
RAM 1368/3964MB (lfb 8x4MB) SWAP 801/6078MB (cached 35MB) IRAM 0/252kB(lfb 252kB) CPU [7%@921,7%@921,off,off] EMC_FREQ 0%@1600 GR3D_FREQ 0%@614 APE 25 PLL@30C CPU@31.5C iwlwifi@32C PMIC@50C GPU@29.5C AO@41C thermal@30.75C POM_5V_IN 1689/1917 POM_5V_GPU 82/98 POM_5V_CPU 164/335
RAM 1374/3964MB (lfb 8x4MB) SWAP 801/6078MB (cached 35MB) IRAM 0/252kB(lfb 252kB) CPU [4%@921,9%@921,off,off] EMC_FREQ 0%@1600 GR3D_FREQ 0%@614 APE 25 PLL@30C CPU@31.5C iwlwifi@32C PMIC@50C GPU@29.5C AO@41.5C thermal@30.5C POM_5V_IN 1731/1917 POM_5V_GPU 82/98 POM_5V_CPU 164/335
RAM 1372/3964MB (lfb 8x4MB) SWAP 801/6078MB (cached 35MB) IRAM 0/252kB(lfb 252kB) CPU [7%@921,8%@921,off,off] EMC_FREQ 0%@1600 GR3D_FREQ 0%@614 APE 25 PLL@30C CPU@31C iwlwifi@32C PMIC@50C GPU@29.5C AO@41C thermal@30.75C POM_5V_IN 1934/1917 POM_5V_GPU 82/98 POM_5V_CPU 369/335
RAM 1372/3964MB (lfb 8x4MB) SWAP 801/6078MB (cached 35MB) IRAM 0/252kB(lfb 252kB) CPU [7%@921,6%@921,off,off] EMC_FREQ 0%@1600 GR3D_FREQ 0%@614 APE 25 PLL@30C CPU@31.5C iwlwifi@32C PMIC@50C GPU@30C AO@40.5C thermal@30.75C POM_5V_IN 1689/1917 POM_5V_GPU 82/98 POM_5V_CPU 164/335
RAM 1372/3964MB (lfb 8x4MB) SWAP 801/6078MB (cached 35MB) IRAM 0/252kB(lfb 252kB) CPU [7%@921,7%@921,off,off] EMC_FREQ 0%@1600 GR3D_FREQ 0%@614 APE 25 PLL@29.5C CPU@31.5C iwlwifi@32C PMIC@50C GPU@29.5C AO@41C thermal@30.5C POM_5V_IN 1689/1917 POM_5V_GPU 82/98 POM_5V_CPU 164/334
RAM 1372/3964MB (lfb 8x4MB) SWAP 801/6078MB (cached 35MB) IRAM 0/252kB(lfb 252kB) CPU [6%@921,7%@921,off,off] EMC_FREQ 0%@1600 GR3D_FREQ 0%@614 APE 25 PLL@30C CPU@31.5C iwlwifi@32C PMIC@50C GPU@30C AO@41C thermal@30.5C POM_5V_IN 1689/1916 POM_5V_GPU 82/98 POM_5V_CPU 164/334
RAM 1372/3964MB (lfb 8x4MB) SWAP 801/6078MB (cached 35MB) IRAM 0/252kB(lfb 252kB) CPU [9%@921,5%@921,off,off] EMC_FREQ 0%@1600 GR3D_FREQ 0%@614 APE 25 PLL@29.5C CPU@31.5C iwlwifi@32C PMIC@50C GPU@29.5C AO@41C thermal@30.5C POM_5V_IN 1892/1916 POM_5V_GPU 82/98 POM_5V_CPU 164/334
RAM 1370/3964MB (lfb 8x4MB) SWAP 801/6078MB (cached 35MB) IRAM 0/252kB(lfb 252kB) CPU [6%@921,7%@921,off,off] EMC_FREQ 0%@1600 GR3D_FREQ 0%@614 APE 25 PLL@30C CPU@31.5C iwlwifi@32C PMIC@50C GPU@29.5C AO@41C thermal@30.5C POM_5V_IN 1689/1916 POM_5V_GPU 82/98 POM_5V_CPU 164/334
RAM 1368/3964MB (lfb 8x4MB) SWAP 801/6078MB (cached 35MB) IRAM 0/252kB(lfb 252kB) CPU [9%@921,4%@921,off,off] EMC_FREQ 0%@1600 GR3D_FREQ 0%@614 APE 25 PLL@29.5C CPU@31.5C iwlwifi@32C PMIC@50C GPU@30C AO@41C thermal@30.75C POM_5V_IN 1689/1916 POM_5V_GPU 82/98 POM_5V_CPU 164/333
RAM 1369/3964MB (lfb 8x4MB) SWAP 801/6078MB (cached 35MB) IRAM 0/252kB(lfb 252kB) CPU [6%@921,7%@921,off,off] EMC_FREQ 0%@1600 GR3D_FREQ 0%@614 APE 25 PLL@29.5C CPU@31.5C iwlwifi@32C PMIC@50C GPU@30C AO@41C thermal@30.75C POM_5V_IN 1772/1915 POM_5V_GPU 82/98 POM_5V_CPU 206/333
RAM 1372/3964MB (lfb 8x4MB) SWAP 801/6078MB (cached 35MB) IRAM 0/252kB(lfb 252kB) CPU [6%@921,8%@921,off,off] EMC_FREQ 0%@1600 GR3D_FREQ 0%@614 APE 25 PLL@29.5C CPU@31.5C iwlwifi@32C PMIC@50C GPU@29.5C AO@41C thermal@30.5C POM_5V_IN 1689/1915 POM_5V_GPU 82/98 POM_5V_CPU 164/333
RAM 1370/3964MB (lfb 8x4MB) SWAP 801/6078MB (cached 35MB) IRAM 0/252kB(lfb 252kB) CPU [5%@921,9%@921,off,off] EMC_FREQ 0%@1600 GR3D_FREQ 0%@614 APE 25 PLL@29.5C CPU@31.5C iwlwifi@32C PMIC@50C GPU@30C AO@40.5C thermal@30.75C POM_5V_IN 1689/1915 POM_5V_GPU 82/98 POM_5V_CPU 164/333
RAM 1372/3964MB (lfb 8x4MB) SWAP 801/6078MB (cached 35MB) IRAM 0/252kB(lfb 252kB) CPU [6%@921,7%@921,off,off] EMC_FREQ 0%@1600 GR3D_FREQ 0%@614 APE 25 PLL@29.5C CPU@31.5C iwlwifi@32C PMIC@50C GPU@30C AO@41C thermal@30.5C POM_5V_IN 1689/1914 POM_5V_GPU 82/98 POM_5V_CPU 123/333
RAM 1372/3964MB (lfb 8x4MB) SWAP 800/6078MB (cached 35MB) IRAM 0/252kB(lfb 252kB) CPU [6%@921,7%@921,off,off] EMC_FREQ 0%@1600 GR3D_FREQ 0%@614 APE 25 PLL@30C CPU@31.5C iwlwifi@32C PMIC@50C GPU@30C AO@41C thermal@30.5C POM_5V_IN 1689/1914 POM_5V_GPU 82/98 POM_5V_CPU 164/332
RAM 1370/3964MB (lfb 8x4MB) SWAP 800/6078MB (cached 35MB) IRAM 0/252kB(lfb 252kB) CPU [6%@921,7%@921,off,off] EMC_FREQ 0%@1600 GR3D_FREQ 0%@614 APE 25 PLL@29.5C CPU@31.5C iwlwifi@32C PMIC@50C GPU@30C AO@40.5C thermal@30.75C POM_5V_IN 1731/1914 POM_5V_GPU 82/98 POM_5V_CPU 164/332
RAM 1368/3964MB (lfb 8x4MB) SWAP 800/6078MB (cached 35MB) IRAM 0/252kB(lfb 252kB) CPU [6%@921,8%@921,off,off] EMC_FREQ 0%@1600 GR3D_FREQ 0%@614 APE 25 PLL@29.5C CPU@31.5C iwlwifi@32C PMIC@50C GPU@30C AO@40.5C thermal@30.5C POM_5V_IN 1689/1914 POM_5V_GPU 82/98 POM_5V_CPU 164/332
RAM 1370/3964MB (lfb 8x4MB) SWAP 800/6078MB (cached 35MB) IRAM 0/252kB(lfb 252kB) CPU [5%@921,8%@921,off,off] EMC_FREQ 0%@1600 GR3D_FREQ 0%@614 APE 25 PLL@30C CPU@31.5C iwlwifi@32C PMIC@50C GPU@29.5C AO@41C thermal@30.75C POM_5V_IN 1689/1913 POM_5V_GPU 82/98 POM_5V_CPU 164/332
RAM 1370/3964MB (lfb 8x4MB) SWAP 800/6078MB (cached 35MB) IRAM 0/252kB(lfb 252kB) CPU [8%@921,6%@921,off,off] EMC_FREQ 0%@1600 GR3D_FREQ 0%@614 APE 25 PLL@29.5C CPU@31.5C iwlwifi@32C PMIC@50C GPU@30C AO@40.5C thermal@30.5C POM_5V_IN 1689/1913 POM_5V_GPU 82/98 POM_5V_CPU 164/331
RAM 1372/3964MB (lfb 8x4MB) SWAP 800/6078MB (cached 35MB) IRAM 0/252kB(lfb 252kB) CPU [7%@921,6%@921,off,off] EMC_FREQ 0%@1600 GR3D_FREQ 0%@614 APE 25 PLL@29.5C CPU@31.5C iwlwifi@32C PMIC@50C GPU@29.5C AO@41C thermal@30.75C POM_5V_IN 1689/1913 POM_5V_GPU 82/98 POM_5V_CPU 164/331
RAM 1370/3964MB (lfb 8x4MB) SWAP 800/6078MB (cached 35MB) IRAM 0/252kB(lfb 252kB) CPU [8%@921,6%@921,off,off] EMC_FREQ 0%@1600 GR3D_FREQ 0%@614 APE 25 PLL@29.5C CPU@31.5C iwlwifi@32C PMIC@50C GPU@30C AO@41C thermal@30.75C POM_5V_IN 1689/1912 POM_5V_GPU 82/98 POM_5V_CPU 164/331
RAM 1370/3964MB (lfb 8x4MB) SWAP 800/6078MB (cached 35MB) IRAM 0/252kB(lfb 252kB) CPU [9%@921,4%@921,off,off] EMC_FREQ 0%@1600 GR3D_FREQ 0%@614 APE 25 PLL@29.5C CPU@31.5C iwlwifi@32C PMIC@50C GPU@30C AO@41C thermal@31C POM_5V_IN 1689/1912 POM_5V_GPU 82/98 POM_5V_CPU 164/331
RAM 1372/3964MB (lfb 8x4MB) SWAP 800/6078MB (cached 35MB) IRAM 0/252kB(lfb 252kB) CPU [5%@921,8%@921,off,off] EMC_FREQ 0%@1600 GR3D_FREQ 0%@614 APE 25 PLL@29.5C CPU@32C iwlwifi@32C PMIC@50C GPU@30C AO@40.5C thermal@30.75C POM_5V_IN 1687/1912 POM_5V_GPU 82/98 POM_5V_CPU 164/331
RAM 1372/3964MB (lfb 8x4MB) SWAP 800/6078MB (cached 35MB) IRAM 0/252kB(lfb 252kB) CPU [6%@921,7%@921,off,off] EMC_FREQ 0%@1600 GR3D_FREQ 0%@614 APE 25 PLL@30C CPU@31.5C iwlwifi@32C PMIC@50C GPU@30C AO@40.5C thermal@30.75C POM_5V_IN 1689/1912 POM_5V_GPU 82/98 POM_5V_CPU 164/330
RAM 1372/3964MB (lfb 8x4MB) SWAP 800/6078MB (cached 35MB) IRAM 0/252kB(lfb 252kB) CPU [5%@921,9%@921,off,off] EMC_FREQ 0%@1600 GR3D_FREQ 0%@614 APE 25 PLL@30C CPU@31.5C iwlwifi@32C PMIC@50C GPU@30C AO@41C thermal@30.75C POM_5V_IN 1731/1911 POM_5V_GPU 82/98 POM_5V_CPU 164/330
RAM 1368/3964MB (lfb 8x4MB) SWAP 795/6078MB (cached 35MB) IRAM 0/252kB(lfb 252kB) CPU [6%@921,6%@921,off,off] EMC_FREQ 0%@1600 GR3D_FREQ 0%@614 APE 25 PLL@29.5C CPU@31.5C iwlwifi@32C PMIC@50C GPU@30C AO@41C thermal@30.75C POM_5V_IN 1689/1911 POM_5V_GPU 82/98 POM_5V_CPU 123/330
RAM 1372/3964MB (lfb 8x4MB) SWAP 795/6078MB (cached 35MB) IRAM 0/252kB(lfb 252kB) CPU [6%@921,7%@921,off,off] EMC_FREQ 0%@1600 GR3D_FREQ 0%@614 APE 25 PLL@29.5C CPU@31.5C iwlwifi@32C PMIC@50C GPU@29.5C AO@41C thermal@30.75C POM_5V_IN 1689/1911 POM_5V_GPU 82/98 POM_5V_CPU 164/330
RAM 1370/3964MB (lfb 8x4MB) SWAP 795/6078MB (cached 35MB) IRAM 0/252kB(lfb 252kB) CPU [7%@921,7%@921,off,off] EMC_FREQ 0%@1600 GR3D_FREQ 0%@614 APE 25 PLL@29.5C CPU@31.5C iwlwifi@32C PMIC@50C GPU@30C AO@41C thermal@30.75C POM_5V_IN 1689/1910 POM_5V_GPU 82/98 POM_5V_CPU 164/329
RAM 1372/3964MB (lfb 8x4MB) SWAP 795/6078MB (cached 35MB) IRAM 0/252kB(lfb 252kB) CPU [5%@921,8%@921,off,off] EMC_FREQ 0%@1600 GR3D_FREQ 0%@614 APE 25 PLL@30C CPU@31.5C iwlwifi@32C PMIC@50C GPU@30C AO@40.5C thermal@30.75C POM_5V_IN 1731/1910 POM_5V_GPU 82/98 POM_5V_CPU 164/329
RAM 1370/3964MB (lfb 8x4MB) SWAP 795/6078MB (cached 35MB) IRAM 0/252kB(lfb 252kB) CPU [7%@921,7%@921,off,off] EMC_FREQ 0%@1600 GR3D_FREQ 0%@614 APE 25 PLL@29.5C CPU@31.5C iwlwifi@32C PMIC@50C GPU@29.5C AO@40.5C thermal@30.75C POM_5V_IN 1689/1910 POM_5V_GPU 82/98 POM_5V_CPU 164/329
RAM 1372/3964MB (lfb 8x4MB) SWAP 795/6078MB (cached 35MB) IRAM 0/252kB(lfb 252kB) CPU [8%@921,5%@921,off,off] EMC_FREQ 0%@1600 GR3D_FREQ 0%@614 APE 25 PLL@29.5C CPU@31.5C iwlwifi@32C PMIC@50C GPU@30C AO@40.5C thermal@30.75C POM_5V_IN 1689/1910 POM_5V_GPU 82/98 POM_5V_CPU 164/329
RAM 1372/3964MB (lfb 8x4MB) SWAP 795/6078MB (cached 35MB) IRAM 0/252kB(lfb 252kB) CPU [6%@921,8%@921,off,off] EMC_FREQ 0%@1600 GR3D_FREQ 0%@614 APE 25 PLL@29.5C CPU@31.5C iwlwifi@33C PMIC@50C GPU@30C AO@41C thermal@30.75C POM_5V_IN 1689/1909 POM_5V_GPU 82/98 POM_5V_CPU 164/329
RAM 1372/3964MB (lfb 8x4MB) SWAP 795/6078MB (cached 35MB) IRAM 0/252kB(lfb 252kB) CPU [8%@921,5%@921,off,off] EMC_FREQ 0%@1600 GR3D_FREQ 0%@614 APE 25 PLL@29.5C CPU@31.5C iwlwifi@32C PMIC@50C GPU@29.5C AO@41C thermal@30.75C POM_5V_IN 1689/1909 POM_5V_GPU 82/98 POM_5V_CPU 164/328
RAM 1368/3964MB (lfb 8x4MB) SWAP 795/6078MB (cached 35MB) IRAM 0/252kB(lfb 252kB) CPU [8%@921,6%@921,off,off] EMC_FREQ 0%@1600 GR3D_FREQ 0%@614 APE 25 PLL@30C CPU@31.5C iwlwifi@32C PMIC@50C GPU@30C AO@40.5C thermal@30.75C POM_5V_IN 1689/1909 POM_5V_GPU 82/97 POM_5V_CPU 164/328
RAM 1368/3964MB (lfb 8x4MB) SWAP 795/6078MB (cached 35MB) IRAM 0/252kB(lfb 252kB) CPU [7%@921,6%@921,off,off] EMC_FREQ 0%@1600 GR3D_FREQ 0%@614 APE 25 PLL@30C CPU@31.5C iwlwifi@32C PMIC@50C GPU@30C AO@41C thermal@30.75C POM_5V_IN 1689/1909 POM_5V_GPU 82/97 POM_5V_CPU 164/328
RAM 1368/3964MB (lfb 8x4MB) SWAP 795/6078MB (cached 35MB) IRAM 0/252kB(lfb 252kB) CPU [4%@921,9%@921,off,off] EMC_FREQ 0%@1600 GR3D_FREQ 0%@614 APE 25 PLL@29.5C CPU@31.5C iwlwifi@32C PMIC@50C GPU@30C AO@41C thermal@30.5C POM_5V_IN 1731/1908 POM_5V_GPU 82/97 POM_5V_CPU 164/328
RAM 1368/3964MB (lfb 8x4MB) SWAP 795/6078MB (cached 35MB) IRAM 0/252kB(lfb 252kB) CPU [5%@921,7%@921,off,off] EMC_FREQ 0%@1600 GR3D_FREQ 0%@614 APE 25 PLL@29.5C CPU@31.5C iwlwifi@32C PMIC@50C GPU@29.5C AO@41C thermal@30.25C POM_5V_IN 1689/1908 POM_5V_GPU 82/97 POM_5V_CPU 164/328
RAM 1370/3964MB (lfb 8x4MB) SWAP 795/6078MB (cached 35MB) IRAM 0/252kB(lfb 252kB) CPU [8%@921,5%@921,off,off] EMC_FREQ 0%@1600 GR3D_FREQ 0%@614 APE 25 PLL@29.5C CPU@31.5C iwlwifi@32C PMIC@50C GPU@30C AO@41C thermal@30.75C POM_5V_IN 1689/1908 POM_5V_GPU 82/97 POM_5V_CPU 164/327
RAM 1372/3964MB (lfb 8x4MB) SWAP 795/6078MB (cached 35MB) IRAM 0/252kB(lfb 252kB) CPU [6%@921,7%@921,off,off] EMC_FREQ 0%@1600 GR3D_FREQ 0%@614 APE 25 PLL@29.5C CPU@31.5C iwlwifi@32C PMIC@50C GPU@29.5C AO@41C thermal@30.5C POM_5V_IN 1689/1907 POM_5V_GPU 82/97 POM_5V_CPU 164/327
RAM 1370/3964MB (lfb 8x4MB) SWAP 795/6078MB (cached 35MB) IRAM 0/252kB(lfb 252kB) CPU [5%@921,8%@921,off,off] EMC_FREQ 0%@1600 GR3D_FREQ 0%@614 APE 25 PLL@30C CPU@31.5C iwlwifi@32C PMIC@50C GPU@29.5C AO@41C thermal@30.5C POM_5V_IN 1689/1907 POM_5V_GPU 82/97 POM_5V_CPU 123/327
RAM 1368/3964MB (lfb 8x4MB) SWAP 795/6078MB (cached 35MB) IRAM 0/252kB(lfb 252kB) CPU [7%@921,6%@921,off,off] EMC_FREQ 0%@1600 GR3D_FREQ 0%@614 APE 25 PLL@29.5C CPU@31.5C iwlwifi@32C PMIC@50C GPU@30C AO@40.5C thermal@30.5C POM_5V_IN 1689/1907 POM_5V_GPU 82/97 POM_5V_CPU 164/327
RAM 1370/3964MB (lfb 8x4MB) SWAP 795/6078MB (cached 35MB) IRAM 0/252kB(lfb 252kB) CPU [6%@921,7%@921,off,off] EMC_FREQ 0%@1600 GR3D_FREQ 0%@614 APE 25 PLL@30C CPU@31.5C iwlwifi@32C PMIC@50C GPU@30C AO@41C thermal@30.75C POM_5V_IN 1689/1907 POM_5V_GPU 82/97 POM_5V_CPU 164/326
RAM 1368/3964MB (lfb 8x4MB) SWAP 795/6078MB (cached 35MB) IRAM 0/252kB(lfb 252kB) CPU [5%@921,7%@921,off,off] EMC_FREQ 0%@1600 GR3D_FREQ 0%@614 APE 25 PLL@29.5C CPU@31C iwlwifi@32C PMIC@50C GPU@30C AO@41.5C thermal@30.75C POM_5V_IN 1731/1906 POM_5V_GPU 82/97 POM_5V_CPU 123/326
RAM 1372/3964MB (lfb 8x4MB) SWAP 795/6078MB (cached 35MB) IRAM 0/252kB(lfb 252kB) CPU [8%@921,5%@921,off,off] EMC_FREQ 0%@1600 GR3D_FREQ 0%@614 APE 25 PLL@29.5C CPU@31.5C iwlwifi@32C PMIC@50C GPU@30C AO@41C thermal@30.75C POM_5V_IN 1689/1906 POM_5V_GPU 82/97 POM_5V_CPU 164/326
RAM 1372/3964MB (lfb 8x4MB) SWAP 795/6078MB (cached 35MB) IRAM 0/252kB(lfb 252kB) CPU [6%@921,8%@921,off,off] EMC_FREQ 0%@1600 GR3D_FREQ 0%@614 APE 25 PLL@29.5C CPU@31.5C iwlwifi@32C PMIC@50C GPU@29.5C AO@41C thermal@30.75C POM_5V_IN 1689/1906 POM_5V_GPU 82/97 POM_5V_CPU 164/326
RAM 1370/3964MB (lfb 8x4MB) SWAP 795/6078MB (cached 35MB) IRAM 0/252kB(lfb 252kB) CPU [8%@921,5%@921,off,off] EMC_FREQ 0%@1600 GR3D_FREQ 0%@614 APE 25 PLL@29.5C CPU@31.5C iwlwifi@32C PMIC@50C GPU@30C AO@41C thermal@30.75C POM_5V_IN 1731/1906 POM_5V_GPU 82/97 POM_5V_CPU 164/326
RAM 1370/3964MB (lfb 8x4MB) SWAP 795/6078MB (cached 35MB) IRAM 0/252kB(lfb 252kB) CPU [8%@921,6%@921,off,off] EMC_FREQ 0%@1600 GR3D_FREQ 0%@614 APE 25 PLL@30C CPU@31.5C iwlwifi@32C PMIC@50C GPU@30C AO@40.5C thermal@30.25C POM_5V_IN 1689/1905 POM_5V_GPU 82/97 POM_5V_CPU 164/325
RAM 1372/3964MB (lfb 8x4MB) SWAP 795/6078MB (cached 35MB) IRAM 0/252kB(lfb 252kB) CPU [4%@921,8%@921,off,off] EMC_FREQ 0%@1600 GR3D_FREQ 0%@614 APE 25 PLL@29.5C CPU@31C iwlwifi@32C PMIC@50C GPU@30C AO@41C thermal@30.5C POM_5V_IN 1689/1905 POM_5V_GPU 82/97 POM_5V_CPU 164/325
RAM 1370/3964MB (lfb 8x4MB) SWAP 795/6078MB (cached 35MB) IRAM 0/252kB(lfb 252kB) CPU [7%@921,7%@921,off,off] EMC_FREQ 0%@1600 GR3D_FREQ 0%@614 APE 25 PLL@29.5C CPU@31C iwlwifi@32C PMIC@50C GPU@29.5C AO@41C thermal@30.75C POM_5V_IN 1689/1905 POM_5V_GPU 82/97 POM_5V_CPU 164/325
RAM 1372/3964MB (lfb 8x4MB) SWAP 795/6078MB (cached 35MB) IRAM 0/252kB(lfb 252kB) CPU [5%@921,8%@921,off,off] EMC_FREQ 0%@1600 GR3D_FREQ 0%@614 APE 25 PLL@29C CPU@31C iwlwifi@32C PMIC@50C GPU@29.5C AO@41C thermal@30.25C POM_5V_IN 1689/1905 POM_5V_GPU 82/97 POM_5V_CPU 164/325
RAM 1372/3964MB (lfb 8x4MB) SWAP 795/6078MB (cached 35MB) IRAM 0/252kB(lfb 252kB) CPU [5%@921,9%@921,off,off] EMC_FREQ 0%@1600 GR3D_FREQ 0%@614 APE 25 PLL@29.5C CPU@31.5C iwlwifi@32C PMIC@50C GPU@29.5C AO@41C thermal@30.5C POM_5V_IN 1731/1904 POM_5V_GPU 82/97 POM_5V_CPU 164/324
RAM 1368/3964MB (lfb 8x4MB) SWAP 795/6078MB (cached 35MB) IRAM 0/252kB(lfb 252kB) CPU [8%@921,5%@921,off,off] EMC_FREQ 0%@1600 GR3D_FREQ 0%@614 APE 25 PLL@29.5C CPU@31.5C iwlwifi@32C PMIC@50C GPU@29.5C AO@41C thermal@30.5C POM_5V_IN 1689/1904 POM_5V_GPU 82/97 POM_5V_CPU 164/324
RAM 1370/3964MB (lfb 8x4MB) SWAP 795/6078MB (cached 35MB) IRAM 0/252kB(lfb 252kB) CPU [8%@921,6%@921,off,off] EMC_FREQ 0%@1600 GR3D_FREQ 0%@614 APE 25 PLL@29.5C CPU@31C iwlwifi@32C PMIC@50C GPU@29.5C AO@40.5C thermal@30.75C POM_5V_IN 1689/1904 POM_5V_GPU 82/97 POM_5V_CPU 164/324
RAM 1370/3964MB (lfb 8x4MB) SWAP 795/6078MB (cached 35MB) IRAM 0/252kB(lfb 252kB) CPU [7%@921,5%@921,off,off] EMC_FREQ 0%@1600 GR3D_FREQ 0%@614 APE 25 PLL@29.5C CPU@31C iwlwifi@32C PMIC@50C GPU@29.5C AO@41C thermal@30.5C POM_5V_IN 1689/1903 POM_5V_GPU 82/97 POM_5V_CPU 164/324
RAM 1370/3964MB (lfb 8x4MB) SWAP 795/6078MB (cached 35MB) IRAM 0/252kB(lfb 252kB) CPU [8%@921,5%@921,off,off] EMC_FREQ 0%@1600 GR3D_FREQ 0%@614 APE 25 PLL@29.5C CPU@31C iwlwifi@32C PMIC@50C GPU@29.5C AO@40.5C thermal@30.75C POM_5V_IN 1689/1903 POM_5V_GPU 82/97 POM_5V_CPU 164/324
RAM 1372/3964MB (lfb 8x4MB) SWAP 795/6078MB (cached 35MB) IRAM 0/252kB(lfb 252kB) CPU [8%@921,5%@921,off,off] EMC_FREQ 0%@1600 GR3D_FREQ 0%@614 APE 25 PLL@29.5C CPU@31C iwlwifi@32C PMIC@50C GPU@30C AO@41C thermal@30.75C POM_5V_IN 1689/1903 POM_5V_GPU 82/97 POM_5V_CPU 164/323
RAM 1368/3964MB (lfb 8x4MB) SWAP 795/6078MB (cached 35MB) IRAM 0/252kB(lfb 252kB) CPU [7%@921,6%@921,off,off] EMC_FREQ 0%@1600 GR3D_FREQ 0%@614 APE 25 PLL@29.5C CPU@31.5C iwlwifi@32C PMIC@50C GPU@30C AO@41C thermal@30.75C POM_5V_IN 1689/1903 POM_5V_GPU 82/97 POM_5V_CPU 164/323
RAM 1372/3964MB (lfb 8x4MB) SWAP 795/6078MB (cached 35MB) IRAM 0/252kB(lfb 252kB) CPU [5%@921,8%@921,off,off] EMC_FREQ 0%@1600 GR3D_FREQ 0%@614 APE 25 PLL@29.5C CPU@31.5C iwlwifi@32C PMIC@50C GPU@29.5C AO@41C thermal@30.75C POM_5V_IN 1689/1902 POM_5V_GPU 82/97 POM_5V_CPU 164/323
RAM 1372/3964MB (lfb 8x4MB) SWAP 795/6078MB (cached 35MB) IRAM 0/252kB(lfb 252kB) CPU [8%@921,5%@921,off,off] EMC_FREQ 0%@1600 GR3D_FREQ 0%@614 APE 25 PLL@29.5C CPU@31C iwlwifi@32C PMIC@50C GPU@29.5C AO@41C thermal@30.25C POM_5V_IN 1689/1902 POM_5V_GPU 82/97 POM_5V_CPU 164/323
RAM 1370/3964MB (lfb 8x4MB) SWAP 795/6078MB (cached 35MB) IRAM 0/252kB(lfb 252kB) CPU [5%@921,8%@921,off,off] EMC_FREQ 0%@1600 GR3D_FREQ 0%@614 APE 25 PLL@30C CPU@31.5C iwlwifi@32C PMIC@50C GPU@30C AO@40.5C thermal@30.25C POM_5V_IN 1731/1902 POM_5V_GPU 82/97 POM_5V_CPU 164/323
RAM 1368/3964MB (lfb 8x4MB) SWAP 795/6078MB (cached 35MB) IRAM 0/252kB(lfb 252kB) CPU [4%@921,8%@921,off,off] EMC_FREQ 0%@1600 GR3D_FREQ 0%@614 APE 25 PLL@30C CPU@31.5C iwlwifi@32C PMIC@50C GPU@30C AO@41C thermal@30.5C POM_5V_IN 1689/1902 POM_5V_GPU 82/97 POM_5V_CPU 164/322
RAM 1372/3964MB (lfb 8x4MB) SWAP 795/6078MB (cached 35MB) IRAM 0/252kB(lfb 252kB) CPU [8%@921,6%@921,off,off] EMC_FREQ 0%@1600 GR3D_FREQ 0%@614 APE 25 PLL@29C CPU@31C iwlwifi@32C PMIC@50C GPU@30C AO@41C thermal@30.75C POM_5V_IN 1689/1901 POM_5V_GPU 82/97 POM_5V_CPU 164/322
RAM 1372/3964MB (lfb 8x4MB) SWAP 795/6078MB (cached 35MB) IRAM 0/252kB(lfb 252kB) CPU [7%@921,6%@921,off,off] EMC_FREQ 0%@1600 GR3D_FREQ 0%@614 APE 25 PLL@29.5C CPU@31.5C iwlwifi@32C PMIC@50C GPU@29.5C AO@41C thermal@30.5C POM_5V_IN 1689/1901 POM_5V_GPU 82/97 POM_5V_CPU 164/322
RAM 1368/3964MB (lfb 8x4MB) SWAP 795/6078MB (cached 35MB) IRAM 0/252kB(lfb 252kB) CPU [6%@921,8%@921,off,off] EMC_FREQ 0%@1600 GR3D_FREQ 0%@614 APE 25 PLL@29.5C CPU@31.5C iwlwifi@32C PMIC@50C GPU@30C AO@40.5C thermal@30.25C POM_5V_IN 1689/1901 POM_5V_GPU 82/97 POM_5V_CPU 164/322
RAM 1374/3964MB (lfb 8x4MB) SWAP 795/6078MB (cached 35MB) IRAM 0/252kB(lfb 252kB) CPU [9%@921,10%@921,off,off] EMC_FREQ 0%@1600 GR3D_FREQ 0%@614 APE 25 PLL@29.5C CPU@31C iwlwifi@32C PMIC@50C GPU@29.5C AO@41C thermal@30.25C POM_5V_IN 1728/1901 POM_5V_GPU 82/97 POM_5V_CPU 164/322
RAM 1372/3964MB (lfb 8x4MB) SWAP 795/6078MB (cached 35MB) IRAM 0/252kB(lfb 252kB) CPU [10%@921,6%@921,off,off] EMC_FREQ 0%@1600 GR3D_FREQ 0%@614 APE 25 PLL@29.5C CPU@31.5C iwlwifi@32C PMIC@50C GPU@30C AO@40.5C thermal@30.75C POM_5V_IN 1689/1900 POM_5V_GPU 82/97 POM_5V_CPU 164/322
RAM 1368/3964MB (lfb 8x4MB) SWAP 795/6078MB (cached 35MB) IRAM 0/252kB(lfb 252kB) CPU [6%@921,6%@921,off,off] EMC_FREQ 0%@1600 GR3D_FREQ 0%@614 APE 25 PLL@29.5C CPU@31.5C iwlwifi@33C PMIC@50C GPU@29.5C AO@40.5C thermal@30.75C POM_5V_IN 1687/1900 POM_5V_GPU 82/97 POM_5V_CPU 164/321
RAM 1368/3964MB (lfb 8x4MB) SWAP 795/6078MB (cached 35MB) IRAM 0/252kB(lfb 252kB) CPU [7%@921,6%@921,off,off] EMC_FREQ 0%@1600 GR3D_FREQ 0%@614 APE 25 PLL@29.5C CPU@31C iwlwifi@32C PMIC@50C GPU@30C AO@41C thermal@30.5C POM_5V_IN 1689/1900 POM_5V_GPU 82/97 POM_5V_CPU 164/321
RAM 1368/3964MB (lfb 8x4MB) SWAP 795/6078MB (cached 35MB) IRAM 0/252kB(lfb 252kB) CPU [8%@921,6%@921,off,off] EMC_FREQ 0%@1600 GR3D_FREQ 0%@614 APE 25 PLL@29.5C CPU@31.5C iwlwifi@32C PMIC@50C GPU@30C AO@41C thermal@30.5C POM_5V_IN 1689/1900 POM_5V_GPU 82/97 POM_5V_CPU 164/321
RAM 1368/3964MB (lfb 8x4MB) SWAP 795/6078MB (cached 35MB) IRAM 0/252kB(lfb 252kB) CPU [8%@921,6%@921,off,off] EMC_FREQ 0%@1600 GR3D_FREQ 0%@614 APE 25 PLL@29.5C CPU@31.5C iwlwifi@32C PMIC@50C GPU@30C AO@41C thermal@30.5C POM_5V_IN 1689/1899 POM_5V_GPU 82/97 POM_5V_CPU 164/321
RAM 1373/3964MB (lfb 8x4MB) SWAP 795/6078MB (cached 35MB) IRAM 0/252kB(lfb 252kB) CPU [8%@921,5%@921,off,off] EMC_FREQ 0%@1600 GR3D_FREQ 0%@614 APE 25 PLL@29.5C CPU@31.5C iwlwifi@32C PMIC@50C GPU@29.5C AO@41C thermal@30.75C POM_5V_IN 1689/1899 POM_5V_GPU 82/97 POM_5V_CPU 164/321
RAM 1372/3964MB (lfb 8x4MB) SWAP 795/6078MB (cached 35MB) IRAM 0/252kB(lfb 252kB) CPU [6%@921,8%@921,off,off] EMC_FREQ 0%@1600 GR3D_FREQ 0%@614 APE 25 PLL@29.5C CPU@31C iwlwifi@32C PMIC@50C GPU@29.5C AO@41C thermal@30.5C POM_5V_IN 1689/1899 POM_5V_GPU 82/97 POM_5V_CPU 164/320
RAM 1370/3964MB (lfb 8x4MB) SWAP 795/6078MB (cached 35MB) IRAM 0/252kB(lfb 252kB) CPU [7%@921,6%@921,off,off] EMC_FREQ 0%@1600 GR3D_FREQ 0%@614 APE 25 PLL@29.5C CPU@31.5C iwlwifi@32C PMIC@50C GPU@30C AO@40.5C thermal@30.75C POM_5V_IN 1689/1899 POM_5V_GPU 82/97 POM_5V_CPU 164/320
RAM 1373/3964MB (lfb 8x4MB) SWAP 795/6078MB (cached 35MB) IRAM 0/252kB(lfb 252kB) CPU [6%@921,8%@921,off,off] EMC_FREQ 0%@1600 GR3D_FREQ 0%@614 APE 25 PLL@29.5C CPU@31.5C iwlwifi@33C PMIC@50C GPU@29.5C AO@41C thermal@30.75C POM_5V_IN 1731/1898 POM_5V_GPU 82/97 POM_5V_CPU 164/320
RAM 1368/3964MB (lfb 8x4MB) SWAP 795/6078MB (cached 35MB) IRAM 0/252kB(lfb 252kB) CPU [5%@921,9%@921,off,off] EMC_FREQ 0%@1600 GR3D_FREQ 0%@614 APE 25 PLL@29.5C CPU@31.5C iwlwifi@32C PMIC@50C GPU@30C AO@40.5C thermal@30.75C POM_5V_IN 1728/1898 POM_5V_GPU 82/97 POM_5V_CPU 164/320
RAM 1374/3964MB (lfb 8x4MB) SWAP 795/6078MB (cached 35MB) IRAM 0/252kB(lfb 252kB) CPU [8%@921,8%@921,off,off] EMC_FREQ 0%@1600 GR3D_FREQ 0%@614 APE 25 PLL@29C CPU@31.5C iwlwifi@32C PMIC@50C GPU@29.5C AO@41C thermal@30.75C POM_5V_IN 1689/1898 POM_5V_GPU 82/97 POM_5V_CPU 164/320
RAM 1370/3964MB (lfb 8x4MB) SWAP 795/6078MB (cached 35MB) IRAM 0/252kB(lfb 252kB) CPU [5%@921,11%@921,off,off] EMC_FREQ 0%@1600 GR3D_FREQ 0%@614 APE 25 PLL@29.5C CPU@31.5C iwlwifi@33C PMIC@50C GPU@30C AO@40.5C thermal@30.75C POM_5V_IN 1689/1898 POM_5V_GPU 82/97 POM_5V_CPU 164/319
RAM 1371/3964MB (lfb 8x4MB) SWAP 795/6078MB (cached 35MB) IRAM 0/252kB(lfb 252kB) CPU [6%@921,7%@921,off,off] EMC_FREQ 0%@1600 GR3D_FREQ 0%@614 APE 25 PLL@29.5C CPU@31.5C iwlwifi@32C PMIC@50C GPU@30C AO@41C thermal@30.75C POM_5V_IN 1689/1897 POM_5V_GPU 82/97 POM_5V_CPU 164/319
RAM 1372/3964MB (lfb 8x4MB) SWAP 795/6078MB (cached 35MB) IRAM 0/252kB(lfb 252kB) CPU [5%@921,9%@921,off,off] EMC_FREQ 0%@1600 GR3D_FREQ 0%@614 APE 25 PLL@29.5C CPU@31.5C iwlwifi@32C PMIC@50C GPU@30C AO@41C thermal@31C POM_5V_IN 1689/1897 POM_5V_GPU 82/97 POM_5V_CPU 164/319
RAM 1371/3964MB (lfb 8x4MB) SWAP 795/6078MB (cached 35MB) IRAM 0/252kB(lfb 252kB) CPU [6%@921,7%@921,off,off] EMC_FREQ 0%@1600 GR3D_FREQ 0%@614 APE 25 PLL@29.5C CPU@31.5C iwlwifi@32C PMIC@50C GPU@29.5C AO@41C thermal@30.5C POM_5V_IN 1687/1897 POM_5V_GPU 82/97 POM_5V_CPU 164/319
RAM 1368/3964MB (lfb 8x4MB) SWAP 795/6078MB (cached 35MB) IRAM 0/252kB(lfb 252kB) CPU [7%@921,7%@921,off,off] EMC_FREQ 0%@1600 GR3D_FREQ 0%@614 APE 25 PLL@29.5C CPU@31.5C iwlwifi@32C PMIC@50C GPU@30C AO@40.5C thermal@30.5C POM_5V_IN 1728/1897 POM_5V_GPU 82/97 POM_5V_CPU 164/319
RAM 1371/3964MB (lfb 8x4MB) SWAP 795/6078MB (cached 35MB) IRAM 0/252kB(lfb 252kB) CPU [8%@921,6%@921,off,off] EMC_FREQ 0%@1600 GR3D_FREQ 0%@614 APE 25 PLL@29.5C CPU@31C iwlwifi@32C PMIC@50C GPU@30C AO@40.5C thermal@30.75C POM_5V_IN 1689/1896 POM_5V_GPU 82/97 POM_5V_CPU 164/318
RAM 1368/3964MB (lfb 8x4MB) SWAP 795/6078MB (cached 35MB) IRAM 0/252kB(lfb 252kB) CPU [9%@921,5%@921,off,off] EMC_FREQ 0%@1600 GR3D_FREQ 0%@614 APE 25 PLL@29.5C CPU@31.5C iwlwifi@32C PMIC@50C GPU@29.5C AO@41C thermal@30.75C POM_5V_IN 1689/1896 POM_5V_GPU 82/97 POM_5V_CPU 164/318
RAM 1368/3964MB (lfb 8x4MB) SWAP 795/6078MB (cached 35MB) IRAM 0/252kB(lfb 252kB) CPU [7%@921,6%@921,off,off] EMC_FREQ 0%@1600 GR3D_FREQ 0%@614 APE 25 PLL@29.5C CPU@31.5C iwlwifi@32C PMIC@50C GPU@30C AO@41C thermal@30.75C POM_5V_IN 1772/1896 POM_5V_GPU 82/97 POM_5V_CPU 206/318
RAM 1373/3964MB (lfb 8x4MB) SWAP 795/6078MB (cached 35MB) IRAM 0/252kB(lfb 252kB) CPU [7%@921,7%@921,off,off] EMC_FREQ 0%@1600 GR3D_FREQ 0%@614 APE 25 PLL@29.5C CPU@31.5C iwlwifi@32C PMIC@50C GPU@30C AO@41C thermal@30.5C POM_5V_IN 1689/1896 POM_5V_GPU 82/97 POM_5V_CPU 164/318
RAM 1368/3964MB (lfb 8x4MB) SWAP 795/6078MB (cached 35MB) IRAM 0/252kB(lfb 252kB) CPU [7%@921,6%@921,off,off] EMC_FREQ 0%@1600 GR3D_FREQ 0%@614 APE 25 PLL@30C CPU@31.5C iwlwifi@32C PMIC@50C GPU@30C AO@41C thermal@30.75C POM_5V_IN 1689/1895 POM_5V_GPU 82/96 POM_5V_CPU 164/318
RAM 1372/3964MB (lfb 8x4MB) SWAP 795/6078MB (cached 35MB) IRAM 0/252kB(lfb 252kB) CPU [6%@921,8%@921,off,off] EMC_FREQ 0%@1600 GR3D_FREQ 0%@614 APE 25 PLL@29.5C CPU@31.5C iwlwifi@32C PMIC@50C GPU@29.5C AO@41C thermal@30.5C POM_5V_IN 1687/1895 POM_5V_GPU 82/96 POM_5V_CPU 164/318
RAM 1372/3964MB (lfb 8x4MB) SWAP 795/6078MB (cached 35MB) IRAM 0/252kB(lfb 252kB) CPU [6%@921,7%@921,off,off] EMC_FREQ 0%@1600 GR3D_FREQ 0%@614 APE 25 PLL@29.5C CPU@31.5C iwlwifi@32C PMIC@50C GPU@30C AO@40.5C thermal@30.75C POM_5V_IN 1689/1895 POM_5V_GPU 82/96 POM_5V_CPU 164/317
RAM 1372/3964MB (lfb 8x4MB) SWAP 795/6078MB (cached 35MB) IRAM 0/252kB(lfb 252kB) CPU [6%@921,7%@921,off,off] EMC_FREQ 0%@1600 GR3D_FREQ 0%@614 APE 25 PLL@29.5C CPU@31.5C iwlwifi@32C PMIC@50C GPU@30C AO@40.5C thermal@30.75C POM_5V_IN 1689/1895 POM_5V_GPU 82/96 POM_5V_CPU 164/317
RAM 1370/3964MB (lfb 8x4MB) SWAP 795/6078MB (cached 35MB) IRAM 0/252kB(lfb 252kB) CPU [5%@921,8%@921,off,off] EMC_FREQ 0%@1600 GR3D_FREQ 0%@614 APE 25 PLL@29.5C CPU@31.5C iwlwifi@32C PMIC@50C GPU@29.5C AO@41C thermal@30.75C POM_5V_IN 1689/1894 POM_5V_GPU 82/96 POM_5V_CPU 164/317
RAM 1372/3964MB (lfb 8x4MB) SWAP 795/6078MB (cached 35MB) IRAM 0/252kB(lfb 252kB) CPU [8%@921,5%@921,off,off] EMC_FREQ 0%@1600 GR3D_FREQ 0%@614 APE 25 PLL@29.5C CPU@31.5C iwlwifi@32C PMIC@50C GPU@29.5C AO@41C thermal@30.5C POM_5V_IN 1689/1894 POM_5V_GPU 82/96 POM_5V_CPU 164/317
RAM 1368/3964MB (lfb 8x4MB) SWAP 795/6078MB (cached 35MB) IRAM 0/252kB(lfb 252kB) CPU [6%@921,8%@921,off,off] EMC_FREQ 0%@1600 GR3D_FREQ 0%@614 APE 25 PLL@30C CPU@31.5C iwlwifi@32C PMIC@50C GPU@30C AO@41C thermal@30.5C POM_5V_IN 1689/1894 POM_5V_GPU 82/96 POM_5V_CPU 123/317
RAM 1370/3964MB (lfb 8x4MB) SWAP 795/6078MB (cached 35MB) IRAM 0/252kB(lfb 252kB) CPU [7%@921,6%@921,off,off] EMC_FREQ 0%@1600 GR3D_FREQ 0%@614 APE 25 PLL@29.5C CPU@31.5C iwlwifi@32C PMIC@50C GPU@29.5C AO@41C thermal@30.5C POM_5V_IN 1689/1894 POM_5V_GPU 82/96 POM_5V_CPU 164/316
RAM 1372/3964MB (lfb 8x4MB) SWAP 795/6078MB (cached 35MB) IRAM 0/252kB(lfb 252kB) CPU [5%@921,8%@921,off,off] EMC_FREQ 0%@1600 GR3D_FREQ 0%@614 APE 25 PLL@29.5C CPU@31.5C iwlwifi@32C PMIC@50C GPU@29.5C AO@40.5C thermal@30.75C POM_5V_IN 1975/1894 POM_5V_GPU 82/96 POM_5V_CPU 164/316
RAM 1370/3964MB (lfb 8x4MB) SWAP 795/6078MB (cached 35MB) IRAM 0/252kB(lfb 252kB) CPU [7%@921,6%@921,off,off] EMC_FREQ 0%@1600 GR3D_FREQ 0%@614 APE 25 PLL@29.5C CPU@31.5C iwlwifi@32C PMIC@50C GPU@30C AO@41C thermal@30.75C POM_5V_IN 1687/1894 POM_5V_GPU 82/96 POM_5V_CPU 164/316
RAM 1368/3964MB (lfb 8x4MB) SWAP 795/6078MB (cached 35MB) IRAM 0/252kB(lfb 252kB) CPU [7%@921,6%@921,off,off] EMC_FREQ 0%@1600 GR3D_FREQ 0%@614 APE 25 PLL@29.5C CPU@31C iwlwifi@32C PMIC@50C GPU@30C AO@41C thermal@30.25C POM_5V_IN 1813/1894 POM_5V_GPU 82/96 POM_5V_CPU 246/316
RAM 1368/3964MB (lfb 8x4MB) SWAP 795/6078MB (cached 35MB) IRAM 0/252kB(lfb 252kB) CPU [5%@921,8%@921,off,off] EMC_FREQ 0%@1600 GR3D_FREQ 0%@614 APE 25 PLL@29.5C CPU@31C iwlwifi@32C PMIC@50C GPU@29C AO@40.5C thermal@30.75C POM_5V_IN 1689/1893 POM_5V_GPU 82/96 POM_5V_CPU 164/316
RAM 1370/3964MB (lfb 8x4MB) SWAP 795/6078MB (cached 35MB) IRAM 0/252kB(lfb 252kB) CPU [8%@921,6%@921,off,off] EMC_FREQ 0%@1600 GR3D_FREQ 0%@614 APE 25 PLL@29.5C CPU@31C iwlwifi@32C PMIC@50C GPU@29.5C AO@41C thermal@30.75C POM_5V_IN 1689/1893 POM_5V_GPU 82/96 POM_5V_CPU 164/316
RAM 1368/3964MB (lfb 8x4MB) SWAP 795/6078MB (cached 35MB) IRAM 0/252kB(lfb 252kB) CPU [5%@921,7%@921,off,off] EMC_FREQ 0%@1600 GR3D_FREQ 0%@614 APE 25 PLL@29.5C CPU@31.5C iwlwifi@32C PMIC@50C GPU@29.5C AO@40.5C thermal@30.25C POM_5V_IN 1689/1893 POM_5V_GPU 82/96 POM_5V_CPU 164/315
RAM 1371/3964MB (lfb 8x4MB) SWAP 795/6078MB (cached 35MB) IRAM 0/252kB(lfb 252kB) CPU [8%@921,6%@921,off,off] EMC_FREQ 0%@1600 GR3D_FREQ 0%@614 APE 25 PLL@29.5C CPU@31C iwlwifi@32C PMIC@50C GPU@29.5C AO@41C thermal@30.75C POM_5V_IN 1689/1893 POM_5V_GPU 82/96 POM_5V_CPU 164/315
RAM 1372/3964MB (lfb 8x4MB) SWAP 795/6078MB (cached 35MB) IRAM 0/252kB(lfb 252kB) CPU [5%@921,8%@921,off,off] EMC_FREQ 0%@1600 GR3D_FREQ 0%@614 APE 25 PLL@30C CPU@31.5C iwlwifi@32C PMIC@50C GPU@30C AO@40.5C thermal@30.5C POM_5V_IN 1731/1892 POM_5V_GPU 82/96 POM_5V_CPU 164/315
RAM 1370/3964MB (lfb 8x4MB) SWAP 795/6078MB (cached 35MB) IRAM 0/252kB(lfb 252kB) CPU [7%@921,7%@921,off,off] EMC_FREQ 0%@1600 GR3D_FREQ 0%@614 APE 25 PLL@29.5C CPU@31.5C iwlwifi@32C PMIC@50C GPU@29.5C AO@40.5C thermal@30.5C POM_5V_IN 1689/1892 POM_5V_GPU 82/96 POM_5V_CPU 164/315
RAM 1370/3964MB (lfb 8x4MB) SWAP 795/6078MB (cached 35MB) IRAM 0/252kB(lfb 252kB) CPU [9%@921,4%@921,off,off] EMC_FREQ 0%@1600 GR3D_FREQ 0%@614 APE 25 PLL@29C CPU@31.5C iwlwifi@32C PMIC@50C GPU@30C AO@41C thermal@30.75C POM_5V_IN 1689/1892 POM_5V_GPU 82/96 POM_5V_CPU 164/315
RAM 1370/3964MB (lfb 8x4MB) SWAP 795/6078MB (cached 35MB) IRAM 0/252kB(lfb 252kB) CPU [7%@921,6%@921,off,off] EMC_FREQ 0%@1600 GR3D_FREQ 0%@614 APE 25 PLL@29.5C CPU@31C iwlwifi@32C PMIC@50C GPU@29.5C AO@40.5C thermal@30.25C POM_5V_IN 1689/1892 POM_5V_GPU 82/96 POM_5V_CPU 164/314
RAM 1368/3964MB (lfb 8x4MB) SWAP 795/6078MB (cached 35MB) IRAM 0/252kB(lfb 252kB) CPU [6%@921,8%@921,off,off] EMC_FREQ 0%@1600 GR3D_FREQ 0%@614 APE 25 PLL@29C CPU@31C iwlwifi@32C PMIC@50C GPU@29.5C AO@41C thermal@30.5C POM_5V_IN 1689/1891 POM_5V_GPU 82/96 POM_5V_CPU 164/314
RAM 1370/3964MB (lfb 8x4MB) SWAP 795/6078MB (cached 35MB) IRAM 0/252kB(lfb 252kB) CPU [7%@921,6%@921,off,off] EMC_FREQ 0%@1600 GR3D_FREQ 0%@614 APE 25 PLL@29C CPU@31C iwlwifi@32C PMIC@50C GPU@29C AO@41C thermal@30.25C POM_5V_IN 1689/1891 POM_5V_GPU 82/96 POM_5V_CPU 164/314
RAM 1372/3964MB (lfb 8x4MB) SWAP 795/6078MB (cached 35MB) IRAM 0/252kB(lfb 252kB) CPU [6%@921,7%@921,off,off] EMC_FREQ 0%@1600 GR3D_FREQ 0%@614 APE 25 PLL@29.5C CPU@31.5C iwlwifi@32C PMIC@50C GPU@29.5C AO@40.5C thermal@30.5C POM_5V_IN 1689/1891 POM_5V_GPU 82/96 POM_5V_CPU 164/314
RAM 1368/3964MB (lfb 8x4MB) SWAP 795/6078MB (cached 35MB) IRAM 0/252kB(lfb 252kB) CPU [8%@921,5%@921,off,off] EMC_FREQ 0%@1600 GR3D_FREQ 0%@614 APE 25 PLL@29.5C CPU@31.5C iwlwifi@32C PMIC@50C GPU@29.5C AO@41C thermal@30.5C POM_5V_IN 1689/1891 POM_5V_GPU 82/96 POM_5V_CPU 164/314
RAM 1372/3964MB (lfb 8x4MB) SWAP 795/6078MB (cached 35MB) IRAM 0/252kB(lfb 252kB) CPU [6%@921,7%@921,off,off] EMC_FREQ 0%@1600 GR3D_FREQ 0%@614 APE 25 PLL@29C CPU@31C iwlwifi@32C PMIC@50C GPU@29.5C AO@41C thermal@30.5C POM_5V_IN 1687/1890 POM_5V_GPU 82/96 POM_5V_CPU 164/314
RAM 1372/3964MB (lfb 8x4MB) SWAP 795/6078MB (cached 35MB) IRAM 0/252kB(lfb 252kB) CPU [8%@921,5%@921,off,off] EMC_FREQ 0%@1600 GR3D_FREQ 0%@614 APE 25 PLL@29.5C CPU@31.5C iwlwifi@32C PMIC@50C GPU@29.5C AO@41C thermal@30.5C POM_5V_IN 1689/1890 POM_5V_GPU 82/96 POM_5V_CPU 164/313
RAM 1371/3964MB (lfb 8x4MB) SWAP 795/6078MB (cached 35MB) IRAM 0/252kB(lfb 252kB) CPU [6%@921,8%@921,off,off] EMC_FREQ 0%@1600 GR3D_FREQ 0%@614 APE 25 PLL@29.5C CPU@31C iwlwifi@32C PMIC@50C GPU@29.5C AO@41C thermal@30.5C POM_5V_IN 1689/1890 POM_5V_GPU 82/96 POM_5V_CPU 164/313
RAM 1370/3964MB (lfb 8x4MB) SWAP 795/6078MB (cached 35MB) IRAM 0/252kB(lfb 252kB) CPU [5%@921,9%@921,off,off] EMC_FREQ 0%@1600 GR3D_FREQ 0%@614 APE 25 PLL@29C CPU@31.5C iwlwifi@32C PMIC@50C GPU@30C AO@41C thermal@30.5C POM_5V_IN 1689/1890 POM_5V_GPU 82/96 POM_5V_CPU 123/313
RAM 1368/3964MB (lfb 8x4MB) SWAP 795/6078MB (cached 35MB) IRAM 0/252kB(lfb 252kB) CPU [7%@921,7%@921,off,off] EMC_FREQ 0%@1600 GR3D_FREQ 0%@614 APE 25 PLL@29.5C CPU@31.5C iwlwifi@32C PMIC@50C GPU@29.5C AO@41C thermal@30.5C POM_5V_IN 1689/1889 POM_5V_GPU 82/96 POM_5V_CPU 164/313
RAM 1371/3964MB (lfb 8x4MB) SWAP 795/6078MB (cached 35MB) IRAM 0/252kB(lfb 252kB) CPU [7%@921,6%@921,off,off] EMC_FREQ 0%@1600 GR3D_FREQ 0%@614 APE 25 PLL@29.5C CPU@31C iwlwifi@32C PMIC@50C GPU@30C AO@41C thermal@30.25C POM_5V_IN 1731/1889 POM_5V_GPU 82/96 POM_5V_CPU 164/313
RAM 1374/3964MB (lfb 8x4MB) SWAP 795/6078MB (cached 35MB) IRAM 0/252kB(lfb 252kB) CPU [6%@921,8%@921,off,off] EMC_FREQ 0%@1600 GR3D_FREQ 0%@614 APE 25 PLL@29.5C CPU@31C iwlwifi@32C PMIC@50C GPU@30C AO@41C thermal@30.5C POM_5V_IN 1689/1889 POM_5V_GPU 82/96 POM_5V_CPU 164/313
RAM 1370/3964MB (lfb 8x4MB) SWAP 795/6078MB (cached 35MB) IRAM 0/252kB(lfb 252kB) CPU [8%@921,4%@921,off,off] EMC_FREQ 0%@1600 GR3D_FREQ 0%@614 APE 25 PLL@29C CPU@31.5C iwlwifi@32C PMIC@50C GPU@29.5C AO@41C thermal@30.5C POM_5V_IN 1689/1889 POM_5V_GPU 82/96 POM_5V_CPU 164/312
RAM 1371/3964MB (lfb 8x4MB) SWAP 795/6078MB (cached 35MB) IRAM 0/252kB(lfb 252kB) CPU [8%@921,6%@921,off,off] EMC_FREQ 0%@1600 GR3D_FREQ 0%@614 APE 25 PLL@29.5C CPU@31.5C iwlwifi@32C PMIC@50C GPU@30C AO@41C thermal@30.25C POM_5V_IN 1689/1889 POM_5V_GPU 82/96 POM_5V_CPU 164/312
RAM 1370/3964MB (lfb 8x4MB) SWAP 795/6078MB (cached 35MB) IRAM 0/252kB(lfb 252kB) CPU [7%@921,6%@921,off,off] EMC_FREQ 0%@1600 GR3D_FREQ 0%@614 APE 25 PLL@29.5C CPU@31C iwlwifi@32C PMIC@50C GPU@29.5C AO@40.5C thermal@30.5C POM_5V_IN 1689/1888 POM_5V_GPU 82/96 POM_5V_CPU 164/312
RAM 1372/3964MB (lfb 8x4MB) SWAP 795/6078MB (cached 35MB) IRAM 0/252kB(lfb 252kB) CPU [6%@921,7%@921,off,off] EMC_FREQ 0%@1600 GR3D_FREQ 0%@614 APE 25 PLL@29.5C CPU@31.5C iwlwifi@32C PMIC@50C GPU@29.5C AO@41C thermal@30.5C POM_5V_IN 1934/1888 POM_5V_GPU 82/96 POM_5V_CPU 328/312
RAM 1369/3964MB (lfb 8x4MB) SWAP 795/6078MB (cached 35MB) IRAM 0/252kB(lfb 252kB) CPU [8%@921,6%@921,off,off] EMC_FREQ 0%@1600 GR3D_FREQ 0%@614 APE 25 PLL@29C CPU@31C iwlwifi@32C PMIC@50C GPU@29.5C AO@41C thermal@30.5C POM_5V_IN 1851/1888 POM_5V_GPU 82/96 POM_5V_CPU 288/312
RAM 1368/3964MB (lfb 8x4MB) SWAP 795/6078MB (cached 35MB) IRAM 0/252kB(lfb 252kB) CPU [7%@921,6%@921,off,off] EMC_FREQ 0%@1600 GR3D_FREQ 0%@614 APE 25 PLL@29.5C CPU@31C iwlwifi@32C PMIC@50C GPU@29.5C AO@41C thermal@30.25C POM_5V_IN 1689/1888 POM_5V_GPU 82/96 POM_5V_CPU 123/312
RAM 1368/3964MB (lfb 8x4MB) SWAP 795/6078MB (cached 35MB) IRAM 0/252kB(lfb 252kB) CPU [6%@921,8%@921,off,off] EMC_FREQ 0%@1600 GR3D_FREQ 0%@614 APE 25 PLL@29.5C CPU@31C iwlwifi@32C PMIC@50C GPU@29.5C AO@40.5C thermal@30.5C POM_5V_IN 1689/1888 POM_5V_GPU 82/96 POM_5V_CPU 164/312
RAM 1369/3964MB (lfb 8x4MB) SWAP 795/6078MB (cached 35MB) IRAM 0/252kB(lfb 252kB) CPU [7%@921,6%@921,off,off] EMC_FREQ 0%@1600 GR3D_FREQ 0%@614 APE 25 PLL@29.5C CPU@31C iwlwifi@32C PMIC@50C GPU@29.5C AO@41C thermal@30.5C POM_5V_IN 1689/1888 POM_5V_GPU 82/96 POM_5V_CPU 164/311
RAM 1370/3964MB (lfb 8x4MB) SWAP 795/6078MB (cached 35MB) IRAM 0/252kB(lfb 252kB) CPU [6%@921,7%@921,off,off] EMC_FREQ 0%@1600 GR3D_FREQ 0%@614 APE 25 PLL@29.5C CPU@31C iwlwifi@32C PMIC@50C GPU@30C AO@41C thermal@30.25C POM_5V_IN 1689/1887 POM_5V_GPU 82/96 POM_5V_CPU 164/311
RAM 1368/3964MB (lfb 8x4MB) SWAP 795/6078MB (cached 35MB) IRAM 0/252kB(lfb 252kB) CPU [6%@921,7%@921,off,off] EMC_FREQ 0%@1600 GR3D_FREQ 0%@614 APE 25 PLL@29C CPU@31.5C iwlwifi@32C PMIC@50C GPU@29.5C AO@41C thermal@30.5C POM_5V_IN 1689/1887 POM_5V_GPU 82/96 POM_5V_CPU 164/311
RAM 1369/3964MB (lfb 8x4MB) SWAP 795/6078MB (cached 35MB) IRAM 0/252kB(lfb 252kB) CPU [7%@921,7%@921,off,off] EMC_FREQ 0%@1600 GR3D_FREQ 0%@614 APE 25 PLL@29.5C CPU@31C iwlwifi@32C PMIC@50C GPU@30C AO@40.5C thermal@30.5C POM_5V_IN 1731/1887 POM_5V_GPU 82/96 POM_5V_CPU 164/311
RAM 1373/3964MB (lfb 8x4MB) SWAP 795/6078MB (cached 35MB) IRAM 0/252kB(lfb 252kB) CPU [6%@921,7%@921,off,off] EMC_FREQ 0%@1600 GR3D_FREQ 0%@614 APE 25 PLL@29.5C CPU@31C iwlwifi@32C PMIC@50C GPU@29.5C AO@41C thermal@30.5C POM_5V_IN 1689/1887 POM_5V_GPU 82/96 POM_5V_CPU 164/311
RAM 1369/3964MB (lfb 8x4MB) SWAP 795/6078MB (cached 35MB) IRAM 0/252kB(lfb 252kB) CPU [7%@921,7%@921,off,off] EMC_FREQ 0%@1600 GR3D_FREQ 0%@614 APE 25 PLL@29.5C CPU@31.5C iwlwifi@32C PMIC@50C GPU@29.5C AO@40.5C thermal@30.25C POM_5V_IN 1689/1887 POM_5V_GPU 82/96 POM_5V_CPU 164/311
RAM 1369/3964MB (lfb 8x4MB) SWAP 795/6078MB (cached 35MB) IRAM 0/252kB(lfb 252kB) CPU [6%@921,8%@921,off,off] EMC_FREQ 0%@1600 GR3D_FREQ 0%@614 APE 25 PLL@29.5C CPU@31.5C iwlwifi@32C PMIC@50C GPU@29.5C AO@41C thermal@30.25C POM_5V_IN 1689/1886 POM_5V_GPU 82/96 POM_5V_CPU 164/310
RAM 1370/3964MB (lfb 8x4MB) SWAP 795/6078MB (cached 35MB) IRAM 0/252kB(lfb 252kB) CPU [8%@921,6%@921,off,off] EMC_FREQ 0%@1600 GR3D_FREQ 0%@614 APE 25 PLL@29.5C CPU@31.5C iwlwifi@32C PMIC@50C GPU@29.5C AO@40.5C thermal@30.25C POM_5V_IN 1689/1886 POM_5V_GPU 82/96 POM_5V_CPU 123/310
RAM 1368/3964MB (lfb 8x4MB) SWAP 795/6078MB (cached 35MB) IRAM 0/252kB(lfb 252kB) CPU [8%@921,5%@921,off,off] EMC_FREQ 0%@1600 GR3D_FREQ 0%@614 APE 25 PLL@29.5C CPU@31.5C iwlwifi@32C PMIC@50C GPU@30C AO@40.5C thermal@30.25C POM_5V_IN 1689/1886 POM_5V_GPU 82/96 POM_5V_CPU 164/310
RAM 1370/3964MB (lfb 8x4MB) SWAP 795/6078MB (cached 35MB) IRAM 0/252kB(lfb 252kB) CPU [7%@921,7%@921,off,off] EMC_FREQ 0%@1600 GR3D_FREQ 0%@614 APE 25 PLL@29.5C CPU@31C iwlwifi@32C PMIC@50C GPU@30C AO@40.5C thermal@30.5C POM_5V_IN 1689/1886 POM_5V_GPU 82/96 POM_5V_CPU 164/310
RAM 1371/3964MB (lfb 8x4MB) SWAP 795/6078MB (cached 35MB) IRAM 0/252kB(lfb 252kB) CPU [6%@921,6%@921,off,off] EMC_FREQ 0%@1600 GR3D_FREQ 0%@614 APE 25 PLL@29C CPU@31C iwlwifi@32C PMIC@50C GPU@29.5C AO@40.5C thermal@30.5C POM_5V_IN 1731/1885 POM_5V_GPU 82/96 POM_5V_CPU 164/310
RAM 1368/3964MB (lfb 8x4MB) SWAP 795/6078MB (cached 35MB) IRAM 0/252kB(lfb 252kB) CPU [6%@921,8%@921,off,off] EMC_FREQ 0%@1600 GR3D_FREQ 0%@614 APE 25 PLL@29.5C CPU@31.5C iwlwifi@32C PMIC@50C GPU@29.5C AO@41C thermal@30.25C POM_5V_IN 1689/1885 POM_5V_GPU 82/96 POM_5V_CPU 164/310
RAM 1372/3964MB (lfb 8x4MB) SWAP 795/6078MB (cached 35MB) IRAM 0/252kB(lfb 252kB) CPU [6%@921,8%@921,off,off] EMC_FREQ 0%@1600 GR3D_FREQ 0%@614 APE 25 PLL@29.5C CPU@31C iwlwifi@32C PMIC@50C GPU@29.5C AO@41C thermal@30.5C POM_5V_IN 1689/1885 POM_5V_GPU 82/96 POM_5V_CPU 164/309
RAM 1368/3964MB (lfb 8x4MB) SWAP 795/6078MB (cached 35MB) IRAM 0/252kB(lfb 252kB) CPU [7%@921,6%@921,off,off] EMC_FREQ 0%@1600 GR3D_FREQ 0%@614 APE 25 PLL@29.5C CPU@31.5C iwlwifi@32C PMIC@50C GPU@29.5C AO@40.5C thermal@30.5C POM_5V_IN 1731/1885 POM_5V_GPU 82/96 POM_5V_CPU 164/309
RAM 1368/3964MB (lfb 8x4MB) SWAP 795/6078MB (cached 35MB) IRAM 0/252kB(lfb 252kB) CPU [9%@921,5%@921,off,off] EMC_FREQ 0%@1600 GR3D_FREQ 0%@614 APE 25 PLL@29.5C CPU@31C iwlwifi@32C PMIC@50C GPU@29.5C AO@40.5C thermal@30.5C POM_5V_IN 1689/1885 POM_5V_GPU 82/96 POM_5V_CPU 164/309
RAM 1370/3964MB (lfb 8x4MB) SWAP 795/6078MB (cached 35MB) IRAM 0/252kB(lfb 252kB) CPU [8%@921,5%@921,off,off] EMC_FREQ 0%@1600 GR3D_FREQ 0%@614 APE 25 PLL@29.5C CPU@31C iwlwifi@32C PMIC@50C GPU@29.5C AO@40.5C thermal@30.5C POM_5V_IN 1813/1885 POM_5V_GPU 82/96 POM_5V_CPU 205/309
RAM 1368/3964MB (lfb 8x4MB) SWAP 795/6078MB (cached 35MB) IRAM 0/252kB(lfb 252kB) CPU [6%@921,8%@921,off,off] EMC_FREQ 0%@1600 GR3D_FREQ 0%@614 APE 25 PLL@29.5C CPU@31.5C iwlwifi@32C PMIC@50C GPU@29.5C AO@40.5C thermal@30.5C POM_5V_IN 1689/1884 POM_5V_GPU 82/96 POM_5V_CPU 164/309
RAM 1368/3964MB (lfb 8x4MB) SWAP 795/6078MB (cached 35MB) IRAM 0/252kB(lfb 252kB) CPU [6%@921,7%@921,off,off] EMC_FREQ 0%@1600 GR3D_FREQ 0%@614 APE 25 PLL@29C CPU@31.5C iwlwifi@32C PMIC@50C GPU@29C AO@40.5C thermal@30.5C POM_5V_IN 1689/1884 POM_5V_GPU 82/96 POM_5V_CPU 164/309
RAM 1370/3964MB (lfb 8x4MB) SWAP 795/6078MB (cached 35MB) IRAM 0/252kB(lfb 252kB) CPU [7%@921,7%@921,off,off] EMC_FREQ 0%@1600 GR3D_FREQ 0%@614 APE 25 PLL@29.5C CPU@31.5C iwlwifi@32C PMIC@50C GPU@29.5C AO@41C thermal@30.5C POM_5V_IN 1689/1884 POM_5V_GPU 82/96 POM_5V_CPU 164/308
RAM 1371/3964MB (lfb 8x4MB) SWAP 795/6078MB (cached 35MB) IRAM 0/252kB(lfb 252kB) CPU [6%@921,8%@921,off,off] EMC_FREQ 0%@1600 GR3D_FREQ 0%@614 APE 25 PLL@29.5C CPU@31C iwlwifi@32C PMIC@50C GPU@29.5C AO@40.5C thermal@30.5C POM_5V_IN 1772/1884 POM_5V_GPU 82/96 POM_5V_CPU 205/308
RAM 1372/3964MB (lfb 8x4MB) SWAP 795/6078MB (cached 35MB) IRAM 0/252kB(lfb 252kB) CPU [9%@921,4%@921,off,off] EMC_FREQ 0%@1600 GR3D_FREQ 0%@614 APE 25 PLL@29.5C CPU@31.5C iwlwifi@32C PMIC@50C GPU@29.5C AO@41C thermal@30.5C POM_5V_IN 1689/1884 POM_5V_GPU 82/96 POM_5V_CPU 164/308
RAM 1369/3964MB (lfb 8x4MB) SWAP 795/6078MB (cached 35MB) IRAM 0/252kB(lfb 252kB) CPU [6%@921,7%@921,off,off] EMC_FREQ 0%@1600 GR3D_FREQ 0%@614 APE 25 PLL@29.5C CPU@31.5C iwlwifi@32C PMIC@50C GPU@29C AO@40.5C thermal@30.5C POM_5V_IN 1689/1883 POM_5V_GPU 82/96 POM_5V_CPU 164/308
RAM 1372/3964MB (lfb 8x4MB) SWAP 795/6078MB (cached 35MB) IRAM 0/252kB(lfb 252kB) CPU [7%@921,7%@921,off,off] EMC_FREQ 0%@1600 GR3D_FREQ 0%@614 APE 25 PLL@29.5C CPU@31C iwlwifi@32C PMIC@50C GPU@29C AO@41C thermal@30.5C POM_5V_IN 1689/1883 POM_5V_GPU 82/95 POM_5V_CPU 164/308
RAM 1368/3964MB (lfb 8x4MB) SWAP 795/6078MB (cached 35MB) IRAM 0/252kB(lfb 252kB) CPU [6%@921,7%@921,off,off] EMC_FREQ 0%@1600 GR3D_FREQ 0%@614 APE 25 PLL@29.5C CPU@31C iwlwifi@32C PMIC@50C GPU@29C AO@41C thermal@30.5C POM_5V_IN 1772/1883 POM_5V_GPU 82/95 POM_5V_CPU 164/308
RAM 1368/3964MB (lfb 8x4MB) SWAP 795/6078MB (cached 35MB) IRAM 0/252kB(lfb 252kB) CPU [8%@921,6%@921,off,off] EMC_FREQ 0%@1600 GR3D_FREQ 0%@614 APE 25 PLL@29.5C CPU@31.5C iwlwifi@32C PMIC@50C GPU@29.5C AO@41C thermal@30C POM_5V_IN 1689/1883 POM_5V_GPU 82/95 POM_5V_CPU 164/307
RAM 1368/3964MB (lfb 8x4MB) SWAP 795/6078MB (cached 35MB) IRAM 0/252kB(lfb 252kB) CPU [6%@921,8%@921,off,off] EMC_FREQ 0%@1600 GR3D_FREQ 0%@614 APE 25 PLL@29.5C CPU@31.5C iwlwifi@32C PMIC@50C GPU@29.5C AO@41C thermal@30.25C POM_5V_IN 1689/1883 POM_5V_GPU 82/95 POM_5V_CPU 164/307
RAM 1373/3964MB (lfb 8x4MB) SWAP 794/6078MB (cached 34MB) IRAM 0/252kB(lfb 252kB) CPU [6%@921,8%@921,off,off] EMC_FREQ 0%@1600 GR3D_FREQ 0%@614 APE 25 PLL@29.5C CPU@31.5C iwlwifi@32C PMIC@50C GPU@29.5C AO@41C thermal@30.25C POM_5V_IN 1689/1882 POM_5V_GPU 82/95 POM_5V_CPU 164/307
RAM 1373/3964MB (lfb 8x4MB) SWAP 794/6078MB (cached 34MB) IRAM 0/252kB(lfb 252kB) CPU [9%@921,5%@921,off,off] EMC_FREQ 0%@1600 GR3D_FREQ 0%@614 APE 25 PLL@29.5C CPU@31C iwlwifi@32C PMIC@50C GPU@29.5C AO@41C thermal@30.5C POM_5V_IN 1731/1882 POM_5V_GPU 82/95 POM_5V_CPU 164/307
RAM 1371/3964MB (lfb 8x4MB) SWAP 794/6078MB (cached 34MB) IRAM 0/252kB(lfb 252kB) CPU [7%@921,6%@921,off,off] EMC_FREQ 0%@1600 GR3D_FREQ 0%@614 APE 25 PLL@29.5C CPU@31C iwlwifi@32C PMIC@50C GPU@29.5C AO@40.5C thermal@30.5C POM_5V_IN 1689/1882 POM_5V_GPU 82/95 POM_5V_CPU 164/307
RAM 1373/3964MB (lfb 8x4MB) SWAP 794/6078MB (cached 34MB) IRAM 0/252kB(lfb 252kB) CPU [9%@921,6%@921,off,off] EMC_FREQ 0%@1600 GR3D_FREQ 0%@614 APE 25 PLL@30C CPU@31.5C iwlwifi@32C PMIC@50C GPU@29.5C AO@40.5C thermal@30.25C POM_5V_IN 1689/1882 POM_5V_GPU 82/95 POM_5V_CPU 164/307
RAM 1371/3964MB (lfb 8x4MB) SWAP 794/6078MB (cached 34MB) IRAM 0/252kB(lfb 252kB) CPU [7%@921,6%@921,off,off] EMC_FREQ 0%@1600 GR3D_FREQ 0%@614 APE 25 PLL@30C CPU@31.5C iwlwifi@32C PMIC@50C GPU@29.5C AO@40.5C thermal@30.25C POM_5V_IN 1689/1881 POM_5V_GPU 82/95 POM_5V_CPU 164/306
RAM 1372/3964MB (lfb 8x4MB) SWAP 794/6078MB (cached 34MB) IRAM 0/252kB(lfb 252kB) CPU [6%@921,8%@921,off,off] EMC_FREQ 0%@1600 GR3D_FREQ 0%@614 APE 25 PLL@29.5C CPU@31.5C iwlwifi@32C PMIC@50C GPU@29.5C AO@40.5C thermal@30.5C POM_5V_IN 1689/1881 POM_5V_GPU 82/95 POM_5V_CPU 164/306
RAM 1373/3964MB (lfb 8x4MB) SWAP 794/6078MB (cached 34MB) IRAM 0/252kB(lfb 252kB) CPU [6%@921,8%@921,off,off] EMC_FREQ 0%@1600 GR3D_FREQ 0%@614 APE 25 PLL@30C CPU@31C iwlwifi@32C PMIC@50C GPU@29.5C AO@41C thermal@30.5C POM_5V_IN 1731/1881 POM_5V_GPU 82/95 POM_5V_CPU 164/306
RAM 1371/3964MB (lfb 8x4MB) SWAP 794/6078MB (cached 34MB) IRAM 0/252kB(lfb 252kB) CPU [7%@921,8%@921,off,off] EMC_FREQ 0%@1600 GR3D_FREQ 0%@614 APE 25 PLL@29.5C CPU@31C iwlwifi@32C PMIC@50C GPU@29.5C AO@40.5C thermal@30.5C POM_5V_IN 1689/1881 POM_5V_GPU 82/95 POM_5V_CPU 123/306
RAM 1371/3964MB (lfb 8x4MB) SWAP 794/6078MB (cached 34MB) IRAM 0/252kB(lfb 252kB) CPU [7%@921,6%@921,off,off] EMC_FREQ 0%@1600 GR3D_FREQ 0%@614 APE 25 PLL@29.5C CPU@31.5C iwlwifi@32C PMIC@50C GPU@29.5C AO@40.5C thermal@30.5C POM_5V_IN 1689/1881 POM_5V_GPU 82/95 POM_5V_CPU 164/306
RAM 1369/3964MB (lfb 8x4MB) SWAP 794/6078MB (cached 34MB) IRAM 0/252kB(lfb 252kB) CPU [5%@921,9%@921,off,off] EMC_FREQ 0%@1600 GR3D_FREQ 0%@614 APE 25 PLL@29.5C CPU@31.5C iwlwifi@32C PMIC@50C GPU@29.5C AO@40.5C thermal@30.5C POM_5V_IN 2013/1881 POM_5V_GPU 82/95 POM_5V_CPU 164/306
RAM 1370/3964MB (lfb 8x4MB) SWAP 794/6078MB (cached 34MB) IRAM 0/252kB(lfb 252kB) CPU [8%@921,6%@921,off,off] EMC_FREQ 0%@1600 GR3D_FREQ 0%@614 APE 25 PLL@29.5C CPU@31.5C iwlwifi@32C PMIC@50C GPU@29.5C AO@40.5C thermal@30.25C POM_5V_IN 1689/1881 POM_5V_GPU 82/95 POM_5V_CPU 164/306
RAM 1373/3964MB (lfb 8x4MB) SWAP 794/6078MB (cached 34MB) IRAM 0/252kB(lfb 252kB) CPU [9%@921,5%@921,off,off] EMC_FREQ 0%@1600 GR3D_FREQ 0%@614 APE 25 PLL@29.5C CPU@31.5C iwlwifi@32C PMIC@50C GPU@29.5C AO@40.5C thermal@30.5C POM_5V_IN 1731/1880 POM_5V_GPU 82/95 POM_5V_CPU 164/305
RAM 1369/3964MB (lfb 8x4MB) SWAP 794/6078MB (cached 34MB) IRAM 0/252kB(lfb 252kB) CPU [6%@921,8%@921,off,off] EMC_FREQ 0%@1600 GR3D_FREQ 0%@614 APE 25 PLL@29.5C CPU@31.5C iwlwifi@32C PMIC@50C GPU@29.5C AO@40.5C thermal@30.5C POM_5V_IN 1689/1880 POM_5V_GPU 82/95 POM_5V_CPU 164/305
RAM 1374/3964MB (lfb 8x4MB) SWAP 794/6078MB (cached 34MB) IRAM 0/252kB(lfb 252kB) CPU [6%@921,8%@921,off,off] EMC_FREQ 0%@1600 GR3D_FREQ 0%@614 APE 25 PLL@29.5C CPU@31.5C iwlwifi@32C PMIC@50C GPU@29.5C AO@40.5C thermal@30.5C POM_5V_IN 1731/1880 POM_5V_GPU 82/95 POM_5V_CPU 164/305
RAM 1371/3964MB (lfb 8x4MB) SWAP 794/6078MB (cached 34MB) IRAM 0/252kB(lfb 252kB) CPU [6%@921,7%@921,off,off] EMC_FREQ 0%@1600 GR3D_FREQ 0%@614 APE 25 PLL@29.5C CPU@31C iwlwifi@32C PMIC@50C GPU@29.5C AO@40.5C thermal@30.5C POM_5V_IN 1687/1880 POM_5V_GPU 82/95 POM_5V_CPU 164/305
RAM 1369/3964MB (lfb 8x4MB) SWAP 794/6078MB (cached 34MB) IRAM 0/252kB(lfb 252kB) CPU [8%@921,5%@921,off,off] EMC_FREQ 0%@1600 GR3D_FREQ 0%@614 APE 25 PLL@29.5C CPU@31.5C iwlwifi@32C PMIC@50C GPU@30C AO@41C thermal@30.5C POM_5V_IN 1689/1880 POM_5V_GPU 82/95 POM_5V_CPU 164/305
RAM 1369/3964MB (lfb 8x4MB) SWAP 794/6078MB (cached 34MB) IRAM 0/252kB(lfb 252kB) CPU [8%@921,5%@921,off,off] EMC_FREQ 0%@1600 GR3D_FREQ 0%@614 APE 25 PLL@29C CPU@31.5C iwlwifi@32C PMIC@50C GPU@29.5C AO@40.5C thermal@30.25C POM_5V_IN 1689/1879 POM_5V_GPU 82/95 POM_5V_CPU 164/305
RAM 1369/3964MB (lfb 8x4MB) SWAP 794/6078MB (cached 34MB) IRAM 0/252kB(lfb 252kB) CPU [7%@921,6%@921,off,off] EMC_FREQ 0%@1600 GR3D_FREQ 0%@614 APE 25 PLL@29.5C CPU@31.5C iwlwifi@32C PMIC@50C GPU@30C AO@40.5C thermal@30.5C POM_5V_IN 1689/1879 POM_5V_GPU 82/95 POM_5V_CPU 164/304
RAM 1371/3964MB (lfb 8x4MB) SWAP 794/6078MB (cached 34MB) IRAM 0/252kB(lfb 252kB) CPU [7%@921,5%@921,off,off] EMC_FREQ 0%@1600 GR3D_FREQ 0%@614 APE 25 PLL@29.5C CPU@31.5C iwlwifi@32C PMIC@50C GPU@29.5C AO@40.5C thermal@30.5C POM_5V_IN 1731/1879 POM_5V_GPU 82/95 POM_5V_CPU 206/304
RAM 1372/3964MB (lfb 8x4MB) SWAP 794/6078MB (cached 34MB) IRAM 0/252kB(lfb 252kB) CPU [7%@921,5%@921,off,off] EMC_FREQ 0%@1600 GR3D_FREQ 0%@614 APE 25 PLL@29.5C CPU@31.5C iwlwifi@32C PMIC@50C GPU@29.5C AO@40.5C thermal@30.25C POM_5V_IN 1689/1879 POM_5V_GPU 82/95 POM_5V_CPU 123/304
RAM 1373/3964MB (lfb 8x4MB) SWAP 794/6078MB (cached 34MB) IRAM 0/252kB(lfb 252kB) CPU [6%@921,7%@921,off,off] EMC_FREQ 0%@1600 GR3D_FREQ 0%@614 APE 25 PLL@29C CPU@31C iwlwifi@32C PMIC@50C GPU@29.5C AO@40.5C thermal@30.5C POM_5V_IN 1689/1879 POM_5V_GPU 82/95 POM_5V_CPU 164/304
RAM 1369/3964MB (lfb 8x4MB) SWAP 794/6078MB (cached 34MB) IRAM 0/252kB(lfb 252kB) CPU [8%@921,6%@921,off,off] EMC_FREQ 0%@1600 GR3D_FREQ 0%@614 APE 25 PLL@29.5C CPU@31C iwlwifi@32C PMIC@50C GPU@29.5C AO@40.5C thermal@30.25C POM_5V_IN 1689/1878 POM_5V_GPU 82/95 POM_5V_CPU 164/304
RAM 1369/3964MB (lfb 8x4MB) SWAP 794/6078MB (cached 34MB) IRAM 0/252kB(lfb 252kB) CPU [5%@921,8%@921,off,off] EMC_FREQ 0%@1600 GR3D_FREQ 0%@614 APE 25 PLL@29.5C CPU@31.5C iwlwifi@32C PMIC@50C GPU@29.5C AO@40.5C thermal@30.25C POM_5V_IN 1689/1878 POM_5V_GPU 82/95 POM_5V_CPU 164/304
RAM 1373/3964MB (lfb 8x4MB) SWAP 794/6078MB (cached 34MB) IRAM 0/252kB(lfb 252kB) CPU [6%@921,7%@921,off,off] EMC_FREQ 0%@1600 GR3D_FREQ 0%@614 APE 25 PLL@29.5C CPU@31.5C iwlwifi@32C PMIC@50C GPU@29.5C AO@40.5C thermal@30.5C POM_5V_IN 1689/1878 POM_5V_GPU 82/95 POM_5V_CPU 164/303
RAM 1369/3964MB (lfb 8x4MB) SWAP 794/6078MB (cached 34MB) IRAM 0/252kB(lfb 252kB) CPU [5%@921,8%@921,off,off] EMC_FREQ 0%@1600 GR3D_FREQ 0%@614 APE 25 PLL@29.5C CPU@31C iwlwifi@32C PMIC@50C GPU@29.5C AO@40.5C thermal@30.25C POM_5V_IN 1689/1878 POM_5V_GPU 82/95 POM_5V_CPU 164/303
RAM 1370/3964MB (lfb 8x4MB) SWAP 794/6078MB (cached 34MB) IRAM 0/252kB(lfb 252kB) CPU [5%@921,8%@921,off,off] EMC_FREQ 0%@1600 GR3D_FREQ 0%@614 APE 25 PLL@29C CPU@31C iwlwifi@32C PMIC@50C GPU@29.5C AO@40.5C thermal@30.25C POM_5V_IN 1689/1878 POM_5V_GPU 82/95 POM_5V_CPU 164/303
RAM 1369/3964MB (lfb 8x4MB) SWAP 794/6078MB (cached 35MB) IRAM 0/252kB(lfb 252kB) CPU [6%@921,8%@921,off,off] EMC_FREQ 0%@1600 GR3D_FREQ 0%@614 APE 25 PLL@29.5C CPU@31C iwlwifi@32C PMIC@50C GPU@29.5C AO@40.5C thermal@30.25C POM_5V_IN 1689/1877 POM_5V_GPU 82/95 POM_5V_CPU 164/303
RAM 1369/3964MB (lfb 8x4MB) SWAP 794/6078MB (cached 35MB) IRAM 0/252kB(lfb 252kB) CPU [8%@921,5%@921,off,off] EMC_FREQ 0%@1600 GR3D_FREQ 0%@614 APE 25 PLL@29C CPU@31.5C iwlwifi@32C PMIC@50C GPU@29.5C AO@40.5C thermal@30.25C POM_5V_IN 1689/1877 POM_5V_GPU 82/95 POM_5V_CPU 164/303
RAM 1373/3964MB (lfb 8x4MB) SWAP 794/6078MB (cached 35MB) IRAM 0/252kB(lfb 252kB) CPU [10%@921,4%@921,off,off] EMC_FREQ 0%@1600 GR3D_FREQ 0%@614 APE 25 PLL@29.5C CPU@31.5C iwlwifi@32C PMIC@50C GPU@29.5C AO@40.5C thermal@30.5C POM_5V_IN 1689/1877 POM_5V_GPU 82/95 POM_5V_CPU 164/303
RAM 1373/3964MB (lfb 8x4MB) SWAP 794/6078MB (cached 35MB) IRAM 0/252kB(lfb 252kB) CPU [5%@921,7%@921,off,off] EMC_FREQ 0%@1600 GR3D_FREQ 0%@614 APE 25 PLL@29.5C CPU@31C iwlwifi@32C PMIC@50C GPU@29.5C AO@40.5C thermal@30.5C POM_5V_IN 1851/1877 POM_5V_GPU 82/95 POM_5V_CPU 246/303
RAM 1371/3964MB (lfb 8x4MB) SWAP 794/6078MB (cached 35MB) IRAM 0/252kB(lfb 252kB) CPU [5%@921,9%@921,off,off] EMC_FREQ 0%@1600 GR3D_FREQ 0%@614 APE 25 PLL@29.5C CPU@31.5C iwlwifi@32C PMIC@50C GPU@29.5C AO@40.5C thermal@30.75C POM_5V_IN 1689/1877 POM_5V_GPU 82/95 POM_5V_CPU 164/303
RAM 1373/3964MB (lfb 8x4MB) SWAP 794/6078MB (cached 35MB) IRAM 0/252kB(lfb 252kB) CPU [6%@921,7%@921,off,off] EMC_FREQ 0%@1600 GR3D_FREQ 0%@614 APE 25 PLL@29C CPU@31.5C iwlwifi@32C PMIC@50C GPU@29.5C AO@40.5C thermal@30.25C POM_5V_IN 1689/1877 POM_5V_GPU 82/95 POM_5V_CPU 164/302
RAM 1373/3964MB (lfb 8x4MB) SWAP 794/6078MB (cached 35MB) IRAM 0/252kB(lfb 252kB) CPU [5%@921,8%@921,off,off] EMC_FREQ 0%@1600 GR3D_FREQ 0%@614 APE 25 PLL@29C CPU@31C iwlwifi@32C PMIC@50C GPU@29.5C AO@40.5C thermal@30.5C POM_5V_IN 1689/1876 POM_5V_GPU 82/95 POM_5V_CPU 164/302
RAM 1371/3964MB (lfb 8x4MB) SWAP 794/6078MB (cached 35MB) IRAM 0/252kB(lfb 252kB) CPU [6%@921,7%@921,off,off] EMC_FREQ 0%@1600 GR3D_FREQ 0%@614 APE 25 PLL@29C CPU@31.5C iwlwifi@32C PMIC@50C GPU@30C AO@40.5C thermal@30.5C POM_5V_IN 1731/1876 POM_5V_GPU 82/95 POM_5V_CPU 206/302
RAM 1372/3964MB (lfb 8x4MB) SWAP 794/6078MB (cached 35MB) IRAM 0/252kB(lfb 252kB) CPU [7%@921,6%@921,off,off] EMC_FREQ 0%@1600 GR3D_FREQ 0%@614 APE 25 PLL@29C CPU@31.5C iwlwifi@32C PMIC@50C GPU@29.5C AO@40.5C thermal@30.5C POM_5V_IN 1689/1876 POM_5V_GPU 82/95 POM_5V_CPU 123/302
RAM 1371/3964MB (lfb 8x4MB) SWAP 794/6078MB (cached 35MB) IRAM 0/252kB(lfb 252kB) CPU [6%@921,8%@921,off,off] EMC_FREQ 0%@1600 GR3D_FREQ 0%@614 APE 25 PLL@29.5C CPU@31.5C iwlwifi@32C PMIC@50C GPU@29.5C AO@40.5C thermal@30.5C POM_5V_IN 1689/1876 POM_5V_GPU 82/95 POM_5V_CPU 164/302
RAM 1372/3964MB (lfb 8x4MB) SWAP 793/6078MB (cached 34MB) IRAM 0/252kB(lfb 252kB) CPU [5%@921,8%@921,off,off] EMC_FREQ 0%@1600 GR3D_FREQ 0%@614 APE 25 PLL@29.5C CPU@31C iwlwifi@32C PMIC@50C GPU@29.5C AO@40.5C thermal@30.25C POM_5V_IN 1731/1876 POM_5V_GPU 82/95 POM_5V_CPU 164/302
RAM 1372/3964MB (lfb 8x4MB) SWAP 793/6078MB (cached 34MB) IRAM 0/252kB(lfb 252kB) CPU [6%@921,7%@921,off,off] EMC_FREQ 0%@1600 GR3D_FREQ 0%@614 APE 25 PLL@29.5C CPU@31.5C iwlwifi@32C PMIC@50C GPU@29.5C AO@40.5C thermal@30.25C POM_5V_IN 1689/1875 POM_5V_GPU 82/95 POM_5V_CPU 164/301
RAM 1372/3964MB (lfb 8x4MB) SWAP 793/6078MB (cached 34MB) IRAM 0/252kB(lfb 252kB) CPU [7%@921,7%@921,off,off] EMC_FREQ 0%@1600 GR3D_FREQ 0%@614 APE 25 PLL@30C CPU@31C iwlwifi@32C PMIC@50C GPU@29.5C AO@40.5C thermal@30.25C POM_5V_IN 1689/1875 POM_5V_GPU 82/95 POM_5V_CPU 123/301
RAM 1370/3964MB (lfb 8x4MB) SWAP 793/6078MB (cached 34MB) IRAM 0/252kB(lfb 252kB) CPU [6%@921,7%@921,off,off] EMC_FREQ 0%@1600 GR3D_FREQ 0%@614 APE 25 PLL@29.5C CPU@31.5C iwlwifi@32C PMIC@50C GPU@30C AO@41C thermal@30.25C POM_5V_IN 1689/1875 POM_5V_GPU 82/95 POM_5V_CPU 164/301
RAM 1372/3964MB (lfb 8x4MB) SWAP 793/6078MB (cached 34MB) IRAM 0/252kB(lfb 252kB) CPU [6%@921,7%@921,off,off] EMC_FREQ 0%@1600 GR3D_FREQ 0%@614 APE 25 PLL@29.5C CPU@31C iwlwifi@32C PMIC@50C GPU@29.5C AO@41C thermal@30.5C POM_5V_IN 1689/1875 POM_5V_GPU 82/95 POM_5V_CPU 123/301
RAM 1370/3964MB (lfb 8x4MB) SWAP 793/6078MB (cached 34MB) IRAM 0/252kB(lfb 252kB) CPU [6%@921,7%@921,off,off] EMC_FREQ 0%@1600 GR3D_FREQ 0%@614 APE 25 PLL@29.5C CPU@31C iwlwifi@32C PMIC@50C GPU@29.5C AO@40.5C thermal@30.25C POM_5V_IN 1689/1875 POM_5V_GPU 82/95 POM_5V_CPU 164/301
RAM 1375/3964MB (lfb 8x4MB) SWAP 793/6078MB (cached 34MB) IRAM 0/252kB(lfb 252kB) CPU [8%@921,5%@921,off,off] EMC_FREQ 0%@1600 GR3D_FREQ 0%@614 APE 25 PLL@29.5C CPU@31C iwlwifi@32C PMIC@50C GPU@29.5C AO@40.5C thermal@30.5C POM_5V_IN 1689/1874 POM_5V_GPU 82/95 POM_5V_CPU 164/301
RAM 1383/3964MB (lfb 8x4MB) SWAP 793/6078MB (cached 34MB) IRAM 0/252kB(lfb 252kB) CPU [7%@921,7%@921,off,off] EMC_FREQ 0%@1600 GR3D_FREQ 0%@614 APE 25 PLL@29.5C CPU@31.5C iwlwifi@32C PMIC@50C GPU@29.5C AO@40.5C thermal@30.5C POM_5V_IN 1689/1874 POM_5V_GPU 82/95 POM_5V_CPU 164/300
RAM 1370/3964MB (lfb 8x4MB) SWAP 793/6078MB (cached 34MB) IRAM 0/252kB(lfb 252kB) CPU [7%@921,6%@921,off,off] EMC_FREQ 0%@1600 GR3D_FREQ 0%@614 APE 25 PLL@29.5C CPU@31.5C iwlwifi@32C PMIC@50C GPU@29.5C AO@41C thermal@30.5C POM_5V_IN 1689/1874 POM_5V_GPU 82/95 POM_5V_CPU 164/300
RAM 1370/3964MB (lfb 8x4MB) SWAP 793/6078MB (cached 34MB) IRAM 0/252kB(lfb 252kB) CPU [7%@921,7%@921,off,off] EMC_FREQ 0%@1600 GR3D_FREQ 0%@614 APE 25 PLL@29C CPU@31.5C iwlwifi@32C PMIC@50C GPU@29.5C AO@41C thermal@30.5C POM_5V_IN 1689/1874 POM_5V_GPU 82/95 POM_5V_CPU 164/300
RAM 1372/3964MB (lfb 8x4MB) SWAP 793/6078MB (cached 34MB) IRAM 0/252kB(lfb 252kB) CPU [5%@921,8%@921,off,off] EMC_FREQ 0%@1600 GR3D_FREQ 0%@614 APE 25 PLL@29.5C CPU@31C iwlwifi@32C PMIC@50C GPU@30C AO@40.5C thermal@30.5C POM_5V_IN 1689/1874 POM_5V_GPU 82/95 POM_5V_CPU 164/300
RAM 1370/3964MB (lfb 8x4MB) SWAP 793/6078MB (cached 34MB) IRAM 0/252kB(lfb 252kB) CPU [7%@921,8%@921,off,off] EMC_FREQ 0%@1600 GR3D_FREQ 0%@614 APE 25 PLL@29.5C CPU@31.5C iwlwifi@32C PMIC@50C GPU@30C AO@40.5C thermal@30.5C POM_5V_IN 1731/1873 POM_5V_GPU 82/95 POM_5V_CPU 164/300
RAM 1370/3964MB (lfb 8x4MB) SWAP 793/6078MB (cached 34MB) IRAM 0/252kB(lfb 252kB) CPU [7%@921,5%@921,off,off] EMC_FREQ 0%@1600 GR3D_FREQ 0%@614 APE 25 PLL@29.5C CPU@31C iwlwifi@32C PMIC@50C GPU@29.5C AO@41C thermal@30.5C POM_5V_IN 1689/1873 POM_5V_GPU 82/95 POM_5V_CPU 164/300
RAM 1374/3964MB (lfb 8x4MB) SWAP 793/6078MB (cached 34MB) IRAM 0/252kB(lfb 252kB) CPU [5%@921,7%@921,off,off] EMC_FREQ 0%@1600 GR3D_FREQ 0%@614 APE 25 PLL@29.5C CPU@31.5C iwlwifi@32C PMIC@50C GPU@30C AO@40.5C thermal@30.5C POM_5V_IN 1689/1873 POM_5V_GPU 82/95 POM_5V_CPU 164/300
RAM 1370/3964MB (lfb 8x4MB) SWAP 793/6078MB (cached 34MB) IRAM 0/252kB(lfb 252kB) CPU [8%@921,6%@921,off,off] EMC_FREQ 0%@1600 GR3D_FREQ 0%@614 APE 25 PLL@29.5C CPU@31C iwlwifi@32C PMIC@50C GPU@29.5C AO@40.5C thermal@30.25C POM_5V_IN 1689/1873 POM_5V_GPU 82/95 POM_5V_CPU 123/299
RAM 1372/3964MB (lfb 8x4MB) SWAP 793/6078MB (cached 34MB) IRAM 0/252kB(lfb 252kB) CPU [5%@921,7%@921,off,off] EMC_FREQ 0%@1600 GR3D_FREQ 0%@614 APE 25 PLL@29.5C CPU@31.5C iwlwifi@32C PMIC@50C GPU@29.5C AO@40.5C thermal@30.5C POM_5V_IN 1689/1873 POM_5V_GPU 82/95 POM_5V_CPU 164/299
RAM 1370/3964MB (lfb 8x4MB) SWAP 793/6078MB (cached 34MB) IRAM 0/252kB(lfb 252kB) CPU [8%@921,6%@921,off,off] EMC_FREQ 0%@1600 GR3D_FREQ 0%@614 APE 25 PLL@29.5C CPU@31.5C iwlwifi@32C PMIC@50C GPU@30C AO@40.5C thermal@30.5C POM_5V_IN 1689/1872 POM_5V_GPU 82/95 POM_5V_CPU 164/299
RAM 1374/3964MB (lfb 8x4MB) SWAP 793/6078MB (cached 34MB) IRAM 0/252kB(lfb 252kB) CPU [8%@921,5%@921,off,off] EMC_FREQ 0%@1600 GR3D_FREQ 0%@614 APE 25 PLL@29.5C CPU@31C iwlwifi@32C PMIC@50C GPU@30C AO@40.5C thermal@30.25C POM_5V_IN 1689/1872 POM_5V_GPU 82/95 POM_5V_CPU 164/299
RAM 1370/3964MB (lfb 8x4MB) SWAP 793/6078MB (cached 34MB) IRAM 0/252kB(lfb 252kB) CPU [8%@921,5%@921,off,off] EMC_FREQ 0%@1600 GR3D_FREQ 0%@614 APE 25 PLL@29.5C CPU@31.5C iwlwifi@32C PMIC@50C GPU@29.5C AO@41C thermal@30.25C POM_5V_IN 1689/1872 POM_5V_GPU 82/95 POM_5V_CPU 164/299
RAM 1370/3964MB (lfb 8x4MB) SWAP 793/6078MB (cached 34MB) IRAM 0/252kB(lfb 252kB) CPU [10%@921,3%@921,off,off] EMC_FREQ 0%@1600 GR3D_FREQ 0%@614 APE 25 PLL@29.5C CPU@31C iwlwifi@32C PMIC@50C GPU@29.5C AO@40.5C thermal@30.25C POM_5V_IN 1689/1872 POM_5V_GPU 82/95 POM_5V_CPU 164/299
RAM 1374/3964MB (lfb 8x4MB) SWAP 793/6078MB (cached 34MB) IRAM 0/252kB(lfb 252kB) CPU [8%@921,6%@921,off,off] EMC_FREQ 0%@1600 GR3D_FREQ 0%@614 APE 25 PLL@29.5C CPU@31.5C iwlwifi@32C PMIC@50C GPU@29.5C AO@41C thermal@30.25C POM_5V_IN 1892/1872 POM_5V_GPU 82/95 POM_5V_CPU 288/299
RAM 1372/3964MB (lfb 8x4MB) SWAP 793/6078MB (cached 34MB) IRAM 0/252kB(lfb 252kB) CPU [6%@921,7%@921,off,off] EMC_FREQ 0%@1600 GR3D_FREQ 0%@614 APE 25 PLL@29.5C CPU@31C iwlwifi@32C PMIC@50C GPU@29.5C AO@41C thermal@30.25C POM_5V_IN 1689/1872 POM_5V_GPU 82/95 POM_5V_CPU 164/299
RAM 1374/3964MB (lfb 8x4MB) SWAP 793/6078MB (cached 34MB) IRAM 0/252kB(lfb 252kB) CPU [7%@921,8%@921,off,off] EMC_FREQ 0%@1600 GR3D_FREQ 0%@614 APE 25 PLL@29.5C CPU@31C iwlwifi@32C PMIC@50C GPU@29.5C AO@41C thermal@30.25C POM_5V_IN 1689/1872 POM_5V_GPU 82/95 POM_5V_CPU 164/298
RAM 1374/3964MB (lfb 8x4MB) SWAP 793/6078MB (cached 34MB) IRAM 0/252kB(lfb 252kB) CPU [5%@921,8%@921,off,off] EMC_FREQ 0%@1600 GR3D_FREQ 0%@614 APE 25 PLL@29.5C CPU@31C iwlwifi@32C PMIC@50C GPU@30C AO@41C thermal@30.5C POM_5V_IN 1689/1871 POM_5V_GPU 82/95 POM_5V_CPU 164/298
RAM 1374/3964MB (lfb 8x4MB) SWAP 793/6078MB (cached 34MB) IRAM 0/252kB(lfb 252kB) CPU [6%@921,7%@921,off,off] EMC_FREQ 0%@1600 GR3D_FREQ 0%@614 APE 25 PLL@29.5C CPU@31.5C iwlwifi@32C PMIC@50C GPU@29.5C AO@40.5C thermal@30.5C POM_5V_IN 1689/1871 POM_5V_GPU 82/95 POM_5V_CPU 164/298
RAM 1372/3964MB (lfb 8x4MB) SWAP 793/6078MB (cached 34MB) IRAM 0/252kB(lfb 252kB) CPU [4%@921,8%@921,off,off] EMC_FREQ 0%@1600 GR3D_FREQ 0%@614 APE 25 PLL@29.5C CPU@31.5C iwlwifi@32C PMIC@50C GPU@30C AO@40.5C thermal@30.5C POM_5V_IN 1689/1871 POM_5V_GPU 82/95 POM_5V_CPU 164/298
RAM 1370/3964MB (lfb 8x4MB) SWAP 793/6078MB (cached 34MB) IRAM 0/252kB(lfb 252kB) CPU [7%@921,7%@921,off,off] EMC_FREQ 0%@1600 GR3D_FREQ 0%@614 APE 25 PLL@29.5C CPU@31.5C iwlwifi@32C PMIC@50C GPU@29.5C AO@40.5C thermal@30.5C POM_5V_IN 1689/1871 POM_5V_GPU 82/95 POM_5V_CPU 164/298
RAM 1370/3964MB (lfb 8x4MB) SWAP 793/6078MB (cached 34MB) IRAM 0/252kB(lfb 252kB) CPU [7%@921,5%@921,off,off] EMC_FREQ 0%@1600 GR3D_FREQ 0%@614 APE 25 PLL@29.5C CPU@31.5C iwlwifi@32C PMIC@50C GPU@29.5C AO@40.5C thermal@30.25C POM_5V_IN 1689/1871 POM_5V_GPU 82/95 POM_5V_CPU 164/298
RAM 1374/3964MB (lfb 8x4MB) SWAP 793/6078MB (cached 34MB) IRAM 0/252kB(lfb 252kB) CPU [9%@921,5%@921,off,off] EMC_FREQ 0%@1600 GR3D_FREQ 0%@614 APE 25 PLL@29.5C CPU@31C iwlwifi@32C PMIC@50C GPU@30C AO@40.5C thermal@30.5C POM_5V_IN 1689/1870 POM_5V_GPU 82/94 POM_5V_CPU 164/298
RAM 1374/3964MB (lfb 8x4MB) SWAP 793/6078MB (cached 34MB) IRAM 0/252kB(lfb 252kB) CPU [5%@921,8%@921,off,off] EMC_FREQ 0%@1600 GR3D_FREQ 0%@614 APE 25 PLL@29.5C CPU@31.5C iwlwifi@32C PMIC@50C GPU@29.5C AO@40.5C thermal@30.75C POM_5V_IN 1689/1870 POM_5V_GPU 82/94 POM_5V_CPU 164/297
RAM 1374/3964MB (lfb 8x4MB) SWAP 793/6078MB (cached 34MB) IRAM 0/252kB(lfb 252kB) CPU [8%@921,5%@921,off,off] EMC_FREQ 0%@1600 GR3D_FREQ 0%@614 APE 25 PLL@29.5C CPU@31.5C iwlwifi@32C PMIC@50C GPU@29.5C AO@40.5C thermal@30.75C POM_5V_IN 1731/1870 POM_5V_GPU 82/94 POM_5V_CPU 164/297
RAM 1372/3964MB (lfb 8x4MB) SWAP 793/6078MB (cached 34MB) IRAM 0/252kB(lfb 252kB) CPU [4%@921,9%@921,off,off] EMC_FREQ 0%@1600 GR3D_FREQ 0%@614 APE 25 PLL@29.5C CPU@31C iwlwifi@32C PMIC@50C GPU@30C AO@40.5C thermal@30.75C POM_5V_IN 1689/1870 POM_5V_GPU 82/94 POM_5V_CPU 164/297
RAM 1372/3964MB (lfb 8x4MB) SWAP 793/6078MB (cached 34MB) IRAM 0/252kB(lfb 252kB) CPU [7%@921,6%@921,off,off] EMC_FREQ 0%@1600 GR3D_FREQ 0%@614 APE 25 PLL@29.5C CPU@31.5C iwlwifi@32C PMIC@50C GPU@29.5C AO@40.5C thermal@30.5C POM_5V_IN 1689/1870 POM_5V_GPU 82/94 POM_5V_CPU 164/297
RAM 1372/3964MB (lfb 8x4MB) SWAP 793/6078MB (cached 34MB) IRAM 0/252kB(lfb 252kB) CPU [6%@921,7%@921,off,off] EMC_FREQ 0%@1600 GR3D_FREQ 0%@614 APE 25 PLL@29.5C CPU@31.5C iwlwifi@32C PMIC@50C GPU@30C AO@40.5C thermal@30.75C POM_5V_IN 1689/1869 POM_5V_GPU 82/94 POM_5V_CPU 164/297
RAM 1374/3964MB (lfb 8x4MB) SWAP 793/6078MB (cached 34MB) IRAM 0/252kB(lfb 252kB) CPU [6%@921,6%@921,off,off] EMC_FREQ 0%@1600 GR3D_FREQ 0%@614 APE 25 PLL@29.5C CPU@31C iwlwifi@32C PMIC@50C GPU@29.5C AO@40.5C thermal@30.25C POM_5V_IN 1689/1869 POM_5V_GPU 82/94 POM_5V_CPU 164/297
RAM 1370/3964MB (lfb 8x4MB) SWAP 793/6078MB (cached 34MB) IRAM 0/252kB(lfb 252kB) CPU [6%@921,7%@921,off,off] EMC_FREQ 0%@1600 GR3D_FREQ 0%@614 APE 25 PLL@30C CPU@31C iwlwifi@32C PMIC@50C GPU@30C AO@40.5C thermal@30.75C POM_5V_IN 1689/1869 POM_5V_GPU 82/94 POM_5V_CPU 164/297
RAM 1370/3964MB (lfb 8x4MB) SWAP 793/6078MB (cached 34MB) IRAM 0/252kB(lfb 252kB) CPU [5%@921,8%@921,off,off] EMC_FREQ 0%@1600 GR3D_FREQ 0%@614 APE 25 PLL@29.5C CPU@31.5C iwlwifi@32C PMIC@50C GPU@30C AO@40.5C thermal@30.5C POM_5V_IN 1689/1869 POM_5V_GPU 82/94 POM_5V_CPU 164/296
RAM 1376/3964MB (lfb 8x4MB) SWAP 793/6078MB (cached 34MB) IRAM 0/252kB(lfb 252kB) CPU [6%@921,9%@921,off,off] EMC_FREQ 0%@1600 GR3D_FREQ 0%@614 APE 25 PLL@29.5C CPU@31C iwlwifi@32C PMIC@50C GPU@29.5C AO@40.5C thermal@30.5C POM_5V_IN 1689/1869 POM_5V_GPU 82/94 POM_5V_CPU 164/296
RAM 1372/3964MB (lfb 8x4MB) SWAP 793/6078MB (cached 34MB) IRAM 0/252kB(lfb 252kB) CPU [8%@921,5%@921,off,off] EMC_FREQ 0%@1600 GR3D_FREQ 0%@614 APE 25 PLL@30C CPU@31.5C iwlwifi@32C PMIC@50C GPU@29.5C AO@40.5C thermal@30.5C POM_5V_IN 1689/1869 POM_5V_GPU 82/94 POM_5V_CPU 164/296
RAM 1370/3964MB (lfb 8x4MB) SWAP 793/6078MB (cached 34MB) IRAM 0/252kB(lfb 252kB) CPU [8%@921,5%@921,off,off] EMC_FREQ 0%@1600 GR3D_FREQ 0%@614 APE 25 PLL@29.5C CPU@31.5C iwlwifi@32C PMIC@50C GPU@29.5C AO@40.5C thermal@30.25C POM_5V_IN 1689/1868 POM_5V_GPU 82/94 POM_5V_CPU 164/296
RAM 1372/3964MB (lfb 8x4MB) SWAP 793/6078MB (cached 34MB) IRAM 0/252kB(lfb 252kB) CPU [7%@921,6%@921,off,off] EMC_FREQ 0%@1600 GR3D_FREQ 0%@614 APE 25 PLL@29.5C CPU@31.5C iwlwifi@32C PMIC@50C GPU@30C AO@40.5C thermal@30.5C POM_5V_IN 1689/1868 POM_5V_GPU 82/94 POM_5V_CPU 164/296
RAM 1374/3964MB (lfb 8x4MB) SWAP 793/6078MB (cached 34MB) IRAM 0/252kB(lfb 252kB) CPU [8%@921,6%@921,off,off] EMC_FREQ 0%@1600 GR3D_FREQ 0%@614 APE 25 PLL@29.5C CPU@32C iwlwifi@32C PMIC@50C GPU@29.5C AO@40.5C thermal@30.75C POM_5V_IN 1689/1868 POM_5V_GPU 82/94 POM_5V_CPU 164/296
RAM 1370/3964MB (lfb 8x4MB) SWAP 793/6078MB (cached 34MB) IRAM 0/252kB(lfb 252kB) CPU [6%@921,6%@921,off,off] EMC_FREQ 0%@1600 GR3D_FREQ 0%@614 APE 25 PLL@29.5C CPU@31.5C iwlwifi@32C PMIC@50C GPU@29.5C AO@40.5C thermal@30.5C POM_5V_IN 1687/1868 POM_5V_GPU 82/94 POM_5V_CPU 164/296
RAM 1372/3964MB (lfb 8x4MB) SWAP 793/6078MB (cached 34MB) IRAM 0/252kB(lfb 252kB) CPU [8%@921,6%@921,off,off] EMC_FREQ 0%@1600 GR3D_FREQ 0%@614 APE 25 PLL@29.5C CPU@32C iwlwifi@32C PMIC@50C GPU@29.5C AO@40.5C thermal@30.5C POM_5V_IN 1689/1868 POM_5V_GPU 82/94 POM_5V_CPU 164/295
RAM 1370/3964MB (lfb 8x4MB) SWAP 793/6078MB (cached 34MB) IRAM 0/252kB(lfb 252kB) CPU [6%@921,7%@921,off,off] EMC_FREQ 0%@1600 GR3D_FREQ 0%@614 APE 25 PLL@29.5C CPU@31.5C iwlwifi@32C PMIC@50C GPU@30C AO@40.5C thermal@30.5C POM_5V_IN 1689/1867 POM_5V_GPU 82/94 POM_5V_CPU 123/295
RAM 1374/3964MB (lfb 8x4MB) SWAP 793/6078MB (cached 34MB) IRAM 0/252kB(lfb 252kB) CPU [7%@921,6%@921,off,off] EMC_FREQ 0%@1600 GR3D_FREQ 0%@614 APE 25 PLL@29.5C CPU@31C iwlwifi@32C PMIC@50C GPU@29.5C AO@40.5C thermal@30.75C POM_5V_IN 1731/1867 POM_5V_GPU 82/94 POM_5V_CPU 164/295
RAM 1374/3964MB (lfb 8x4MB) SWAP 793/6078MB (cached 34MB) IRAM 0/252kB(lfb 252kB) CPU [7%@921,8%@921,off,off] EMC_FREQ 0%@1600 GR3D_FREQ 0%@614 APE 25 PLL@29.5C CPU@31.5C iwlwifi@32C PMIC@50C GPU@29.5C AO@41C thermal@30.5C POM_5V_IN 1689/1867 POM_5V_GPU 82/94 POM_5V_CPU 164/295
RAM 1372/3964MB (lfb 8x4MB) SWAP 793/6078MB (cached 34MB) IRAM 0/252kB(lfb 252kB) CPU [8%@921,4%@921,off,off] EMC_FREQ 0%@1600 GR3D_FREQ 0%@614 APE 25 PLL@29.5C CPU@31.5C iwlwifi@32C PMIC@50C GPU@30C AO@40.5C thermal@30.75C POM_5V_IN 1689/1867 POM_5V_GPU 82/94 POM_5V_CPU 164/295
RAM 1370/3964MB (lfb 8x4MB) SWAP 793/6078MB (cached 34MB) IRAM 0/252kB(lfb 252kB) CPU [7%@921,6%@921,off,off] EMC_FREQ 0%@1600 GR3D_FREQ 0%@614 APE 25 PLL@29.5C CPU@31.5C iwlwifi@32C PMIC@50C GPU@29.5C AO@40.5C thermal@30.25C POM_5V_IN 1689/1867 POM_5V_GPU 82/94 POM_5V_CPU 164/295
RAM 1372/3964MB (lfb 8x4MB) SWAP 793/6078MB (cached 34MB) IRAM 0/252kB(lfb 252kB) CPU [7%@921,6%@921,off,off] EMC_FREQ 0%@1600 GR3D_FREQ 0%@614 APE 25 PLL@29.5C CPU@31.5C iwlwifi@32C PMIC@50C GPU@30C AO@40.5C thermal@30.5C POM_5V_IN 1689/1867 POM_5V_GPU 82/94 POM_5V_CPU 164/295
RAM 1370/3964MB (lfb 8x4MB) SWAP 793/6078MB (cached 34MB) IRAM 0/252kB(lfb 252kB) CPU [6%@921,8%@921,off,off] EMC_FREQ 0%@1600 GR3D_FREQ 0%@614 APE 25 PLL@29.5C CPU@31.5C iwlwifi@32C PMIC@50C GPU@29.5C AO@40.5C thermal@30.5C POM_5V_IN 1689/1866 POM_5V_GPU 82/94 POM_5V_CPU 123/294
RAM 1372/3964MB (lfb 8x4MB) SWAP 793/6078MB (cached 34MB) IRAM 0/252kB(lfb 252kB) CPU [9%@921,4%@921,off,off] EMC_FREQ 0%@1600 GR3D_FREQ 0%@614 APE 25 PLL@29.5C CPU@31C iwlwifi@32C PMIC@50C GPU@29.5C AO@41C thermal@30.5C POM_5V_IN 1689/1866 POM_5V_GPU 82/94 POM_5V_CPU 164/294
RAM 1370/3964MB (lfb 8x4MB) SWAP 793/6078MB (cached 34MB) IRAM 0/252kB(lfb 252kB) CPU [8%@921,5%@921,off,off] EMC_FREQ 0%@1600 GR3D_FREQ 0%@614 APE 25 PLL@29.5C CPU@31C iwlwifi@32C PMIC@50C GPU@29.5C AO@40.5C thermal@30.5C POM_5V_IN 1689/1866 POM_5V_GPU 82/94 POM_5V_CPU 164/294
RAM 1374/3964MB (lfb 8x4MB) SWAP 793/6078MB (cached 34MB) IRAM 0/252kB(lfb 252kB) CPU [7%@921,6%@921,off,off] EMC_FREQ 0%@1600 GR3D_FREQ 0%@614 APE 25 PLL@29.5C CPU@31.5C iwlwifi@32C PMIC@50C GPU@29.5C AO@40.5C thermal@30.5C POM_5V_IN 1689/1866 POM_5V_GPU 82/94 POM_5V_CPU 164/294
RAM 1370/3964MB (lfb 8x4MB) SWAP 793/6078MB (cached 34MB) IRAM 0/252kB(lfb 252kB) CPU [8%@921,5%@921,off,off] EMC_FREQ 0%@1600 GR3D_FREQ 0%@614 APE 25 PLL@29.5C CPU@31.5C iwlwifi@32C PMIC@50C GPU@29.5C AO@40.5C thermal@30.25C POM_5V_IN 1689/1866 POM_5V_GPU 82/94 POM_5V_CPU 164/294
RAM 1372/3964MB (lfb 8x4MB) SWAP 793/6078MB (cached 34MB) IRAM 0/252kB(lfb 252kB) CPU [6%@921,7%@921,off,off] EMC_FREQ 0%@1600 GR3D_FREQ 0%@614 APE 25 PLL@29.5C CPU@31.5C iwlwifi@32C PMIC@50C GPU@29.5C AO@40.5C thermal@30.5C POM_5V_IN 1689/1865 POM_5V_GPU 82/94 POM_5V_CPU 164/294
RAM 1374/3964MB (lfb 8x4MB) SWAP 793/6078MB (cached 34MB) IRAM 0/252kB(lfb 252kB) CPU [7%@921,6%@921,off,off] EMC_FREQ 0%@1600 GR3D_FREQ 0%@614 APE 25 PLL@29C CPU@31.5C iwlwifi@32C PMIC@50C GPU@29.5C AO@40.5C thermal@30.5C POM_5V_IN 1689/1865 POM_5V_GPU 82/94 POM_5V_CPU 164/294
RAM 1370/3964MB (lfb 8x4MB) SWAP 793/6078MB (cached 34MB) IRAM 0/252kB(lfb 252kB) CPU [5%@921,8%@921,off,off] EMC_FREQ 0%@1600 GR3D_FREQ 0%@614 APE 25 PLL@29.5C CPU@31.5C iwlwifi@32C PMIC@50C GPU@29.5C AO@40.5C thermal@30.5C POM_5V_IN 1689/1865 POM_5V_GPU 82/94 POM_5V_CPU 164/294
RAM 1374/3964MB (lfb 8x4MB) SWAP 793/6078MB (cached 34MB) IRAM 0/252kB(lfb 252kB) CPU [6%@921,8%@921,off,off] EMC_FREQ 0%@1600 GR3D_FREQ 0%@614 APE 25 PLL@29.5C CPU@31.5C iwlwifi@32C PMIC@50C GPU@29.5C AO@41C thermal@30.5C POM_5V_IN 1689/1865 POM_5V_GPU 82/94 POM_5V_CPU 123/293
RAM 1372/3964MB (lfb 8x4MB) SWAP 793/6078MB (cached 34MB) IRAM 0/252kB(lfb 252kB) CPU [4%@921,9%@921,off,off] EMC_FREQ 0%@1600 GR3D_FREQ 0%@614 APE 25 PLL@29.5C CPU@31.5C iwlwifi@32C PMIC@50C GPU@29.5C AO@41C thermal@30.5C POM_5V_IN 1689/1865 POM_5V_GPU 82/94 POM_5V_CPU 164/293
RAM 1372/3964MB (lfb 8x4MB) SWAP 793/6078MB (cached 34MB) IRAM 0/252kB(lfb 252kB) CPU [6%@921,7%@921,off,off] EMC_FREQ 0%@1600 GR3D_FREQ 0%@614 APE 25 PLL@29.5C CPU@31.5C iwlwifi@33C PMIC@50C GPU@29.5C AO@40.5C thermal@30.5C POM_5V_IN 1689/1865 POM_5V_GPU 82/94 POM_5V_CPU 164/293
RAM 1372/3964MB (lfb 8x4MB) SWAP 793/6078MB (cached 34MB) IRAM 0/252kB(lfb 252kB) CPU [6%@921,7%@921,off,off] EMC_FREQ 0%@1600 GR3D_FREQ 0%@614 APE 25 PLL@29.5C CPU@31.5C iwlwifi@32C PMIC@50C GPU@29.5C AO@40.5C thermal@30.5C POM_5V_IN 1731/1864 POM_5V_GPU 82/94 POM_5V_CPU 164/293
RAM 1372/3964MB (lfb 8x4MB) SWAP 793/6078MB (cached 34MB) IRAM 0/252kB(lfb 252kB) CPU [7%@921,6%@921,off,off] EMC_FREQ 0%@1600 GR3D_FREQ 0%@614 APE 25 PLL@30C CPU@31.5C iwlwifi@32C PMIC@50C GPU@29.5C AO@40.5C thermal@30.5C POM_5V_IN 1689/1864 POM_5V_GPU 82/94 POM_5V_CPU 164/293
RAM 1372/3964MB (lfb 8x4MB) SWAP 793/6078MB (cached 34MB) IRAM 0/252kB(lfb 252kB) CPU [8%@921,7%@921,off,off] EMC_FREQ 0%@1600 GR3D_FREQ 0%@614 APE 25 PLL@29.5C CPU@31.5C iwlwifi@32C PMIC@50C GPU@30C AO@41C thermal@30.5C POM_5V_IN 1772/1864 POM_5V_GPU 82/94 POM_5V_CPU 206/293
RAM 1370/3964MB (lfb 8x4MB) SWAP 793/6078MB (cached 34MB) IRAM 0/252kB(lfb 252kB) CPU [7%@921,7%@921,off,off] EMC_FREQ 0%@1600 GR3D_FREQ 0%@614 APE 25 PLL@29.5C CPU@31.5C iwlwifi@32C PMIC@50C GPU@30C AO@40.5C thermal@30.5C POM_5V_IN 1689/1864 POM_5V_GPU 82/94 POM_5V_CPU 123/293
RAM 1372/3964MB (lfb 8x4MB) SWAP 793/6078MB (cached 34MB) IRAM 0/252kB(lfb 252kB) CPU [7%@921,7%@921,off,off] EMC_FREQ 0%@1600 GR3D_FREQ 0%@614 APE 25 PLL@29.5C CPU@31C iwlwifi@32C PMIC@50C GPU@29.5C AO@41C thermal@30.5C POM_5V_IN 1731/1864 POM_5V_GPU 82/94 POM_5V_CPU 164/292
RAM 1374/3964MB (lfb 8x4MB) SWAP 793/6078MB (cached 34MB) IRAM 0/252kB(lfb 252kB) CPU [6%@921,8%@921,off,off] EMC_FREQ 0%@1600 GR3D_FREQ 0%@614 APE 25 PLL@29.5C CPU@31.5C iwlwifi@32C PMIC@50C GPU@29.5C AO@40.5C thermal@30.5C POM_5V_IN 1689/1864 POM_5V_GPU 82/94 POM_5V_CPU 164/292
RAM 1372/3964MB (lfb 8x4MB) SWAP 793/6078MB (cached 34MB) IRAM 0/252kB(lfb 252kB) CPU [6%@921,8%@921,off,off] EMC_FREQ 0%@1600 GR3D_FREQ 0%@614 APE 25 PLL@29.5C CPU@31.5C iwlwifi@32C PMIC@50C GPU@30C AO@40.5C thermal@30.75C POM_5V_IN 1689/1863 POM_5V_GPU 82/94 POM_5V_CPU 164/292
RAM 1372/3964MB (lfb 8x4MB) SWAP 793/6078MB (cached 34MB) IRAM 0/252kB(lfb 252kB) CPU [5%@921,8%@921,off,off] EMC_FREQ 0%@1600 GR3D_FREQ 0%@614 APE 25 PLL@29.5C CPU@32C iwlwifi@32C PMIC@50C GPU@29.5C AO@41C thermal@30.75C POM_5V_IN 1689/1863 POM_5V_GPU 82/94 POM_5V_CPU 164/292
RAM 1370/3964MB (lfb 8x4MB) SWAP 793/6078MB (cached 34MB) IRAM 0/252kB(lfb 252kB) CPU [7%@921,7%@921,off,off] EMC_FREQ 0%@1600 GR3D_FREQ 0%@614 APE 25 PLL@29.5C CPU@31.5C iwlwifi@33C PMIC@50C GPU@29.5C AO@40.5C thermal@31C POM_5V_IN 1689/1863 POM_5V_GPU 82/94 POM_5V_CPU 164/292
RAM 1376/3964MB (lfb 8x4MB) SWAP 793/6078MB (cached 34MB) IRAM 0/252kB(lfb 252kB) CPU [5%@921,8%@921,off,off] EMC_FREQ 0%@1600 GR3D_FREQ 0%@614 APE 25 PLL@30C CPU@31.5C iwlwifi@32C PMIC@50C GPU@29.5C AO@41C thermal@30.75C POM_5V_IN 1689/1863 POM_5V_GPU 82/94 POM_5V_CPU 164/292
RAM 1374/3964MB (lfb 8x4MB) SWAP 793/6078MB (cached 34MB) IRAM 0/252kB(lfb 252kB) CPU [6%@921,8%@921,off,off] EMC_FREQ 0%@1600 GR3D_FREQ 0%@614 APE 25 PLL@29.5C CPU@31.5C iwlwifi@32C PMIC@50C GPU@29.5C AO@41C thermal@30.5C POM_5V_IN 1731/1863 POM_5V_GPU 82/94 POM_5V_CPU 164/292
RAM 1370/3964MB (lfb 8x4MB) SWAP 793/6078MB (cached 34MB) IRAM 0/252kB(lfb 252kB) CPU [8%@921,5%@921,off,off] EMC_FREQ 0%@1600 GR3D_FREQ 0%@614 APE 25 PLL@29.5C CPU@32C iwlwifi@32C PMIC@50C GPU@29.5C AO@40.5C thermal@30.5C POM_5V_IN 1689/1863 POM_5V_GPU 82/94 POM_5V_CPU 164/292
RAM 1370/3964MB (lfb 8x4MB) SWAP 793/6078MB (cached 34MB) IRAM 0/252kB(lfb 252kB) CPU [4%@921,10%@921,off,off] EMC_FREQ 0%@1600 GR3D_FREQ 0%@614 APE 25 PLL@29.5C CPU@31.5C iwlwifi@32C PMIC@50C GPU@29.5C AO@40.5C thermal@30.75C POM_5V_IN 1689/1862 POM_5V_GPU 82/94 POM_5V_CPU 164/291
RAM 1373/3964MB (lfb 8x4MB) SWAP 793/6078MB (cached 34MB) IRAM 0/252kB(lfb 252kB) CPU [6%@921,7%@921,off,off] EMC_FREQ 0%@1600 GR3D_FREQ 0%@614 APE 25 PLL@29C CPU@31.5C iwlwifi@32C PMIC@50C GPU@29.5C AO@41C thermal@30.5C POM_5V_IN 1689/1862 POM_5V_GPU 82/94 POM_5V_CPU 164/291
RAM 1372/3964MB (lfb 8x4MB) SWAP 793/6078MB (cached 34MB) IRAM 0/252kB(lfb 252kB) CPU [8%@921,6%@921,off,off] EMC_FREQ 0%@1600 GR3D_FREQ 0%@614 APE 25 PLL@29.5C CPU@31.5C iwlwifi@32C PMIC@50C GPU@30C AO@40.5C thermal@30.75C POM_5V_IN 1731/1862 POM_5V_GPU 82/94 POM_5V_CPU 164/291
RAM 1374/3964MB (lfb 8x4MB) SWAP 793/6078MB (cached 34MB) IRAM 0/252kB(lfb 252kB) CPU [5%@921,7%@921,off,off] EMC_FREQ 0%@1600 GR3D_FREQ 0%@614 APE 25 PLL@29.5C CPU@31.5C iwlwifi@32C PMIC@50C GPU@29.5C AO@40.5C thermal@30.5C POM_5V_IN 1687/1862 POM_5V_GPU 82/94 POM_5V_CPU 164/291
RAM 1372/3964MB (lfb 8x4MB) SWAP 793/6078MB (cached 34MB) IRAM 0/252kB(lfb 252kB) CPU [5%@921,8%@921,off,off] EMC_FREQ 0%@1600 GR3D_FREQ 0%@614 APE 25 PLL@29.5C CPU@31C iwlwifi@32C PMIC@50C GPU@29.5C AO@40.5C thermal@30.25C POM_5V_IN 1689/1862 POM_5V_GPU 82/94 POM_5V_CPU 164/291
RAM 1370/3964MB (lfb 8x4MB) SWAP 793/6078MB (cached 34MB) IRAM 0/252kB(lfb 252kB) CPU [7%@921,7%@921,off,off] EMC_FREQ 0%@1600 GR3D_FREQ 0%@614 APE 25 PLL@29.5C CPU@31.5C iwlwifi@32C PMIC@50C GPU@30C AO@41C thermal@30.75C POM_5V_IN 1689/1862 POM_5V_GPU 82/94 POM_5V_CPU 164/291
RAM 1370/3964MB (lfb 8x4MB) SWAP 793/6078MB (cached 34MB) IRAM 0/252kB(lfb 252kB) CPU [6%@921,7%@921,off,off] EMC_FREQ 0%@1600 GR3D_FREQ 0%@614 APE 25 PLL@29.5C CPU@32C iwlwifi@32C PMIC@50C GPU@30C AO@41C thermal@30.25C POM_5V_IN 1689/1861 POM_5V_GPU 82/94 POM_5V_CPU 164/291
RAM 1372/3964MB (lfb 8x4MB) SWAP 793/6078MB (cached 34MB) IRAM 0/252kB(lfb 252kB) CPU [7%@921,7%@921,off,off] EMC_FREQ 0%@1600 GR3D_FREQ 0%@614 APE 25 PLL@29.5C CPU@31.5C iwlwifi@32C PMIC@50C GPU@30C AO@40.5C thermal@30.75C POM_5V_IN 1689/1861 POM_5V_GPU 82/94 POM_5V_CPU 164/291
RAM 1370/3964MB (lfb 8x4MB) SWAP 793/6078MB (cached 34MB) IRAM 0/252kB(lfb 252kB) CPU [7%@921,6%@921,off,off] EMC_FREQ 0%@1600 GR3D_FREQ 0%@614 APE 25 PLL@30C CPU@31.5C iwlwifi@32C PMIC@50C GPU@30C AO@41C thermal@30.75C POM_5V_IN 1689/1861 POM_5V_GPU 82/94 POM_5V_CPU 164/290
RAM 1374/3964MB (lfb 8x4MB) SWAP 793/6078MB (cached 34MB) IRAM 0/252kB(lfb 252kB) CPU [7%@921,7%@921,off,off] EMC_FREQ 0%@1600 GR3D_FREQ 0%@614 APE 25 PLL@29.5C CPU@31.5C iwlwifi@32C PMIC@50C GPU@30C AO@41C thermal@30.75C POM_5V_IN 1689/1861 POM_5V_GPU 82/94 POM_5V_CPU 164/290
RAM 1370/3964MB (lfb 8x4MB) SWAP 793/6078MB (cached 34MB) IRAM 0/252kB(lfb 252kB) CPU [7%@921,6%@921,off,off] EMC_FREQ 0%@1600 GR3D_FREQ 0%@614 APE 25 PLL@30C CPU@31.5C iwlwifi@32C PMIC@50C GPU@29.5C AO@41C thermal@30.75C POM_5V_IN 1689/1861 POM_5V_GPU 82/94 POM_5V_CPU 164/290
RAM 1373/3964MB (lfb 8x4MB) SWAP 793/6078MB (cached 34MB) IRAM 0/252kB(lfb 252kB) CPU [4%@921,9%@921,off,off] EMC_FREQ 0%@1600 GR3D_FREQ 0%@614 APE 25 PLL@29.5C CPU@31.5C iwlwifi@32C PMIC@50C GPU@30C AO@40.5C thermal@30.75C POM_5V_IN 1689/1861 POM_5V_GPU 82/94 POM_5V_CPU 164/290
RAM 1375/3964MB (lfb 8x4MB) SWAP 793/6078MB (cached 34MB) IRAM 0/252kB(lfb 252kB) CPU [4%@921,9%@921,off,off] EMC_FREQ 0%@1600 GR3D_FREQ 0%@614 APE 25 PLL@29.5C CPU@31C iwlwifi@32C PMIC@50C GPU@29.5C AO@41C thermal@30.5C POM_5V_IN 1731/1860 POM_5V_GPU 82/94 POM_5V_CPU 164/290
RAM 1374/3964MB (lfb 8x4MB) SWAP 793/6078MB (cached 34MB) IRAM 0/252kB(lfb 252kB) CPU [7%@921,7%@921,off,off] EMC_FREQ 0%@1600 GR3D_FREQ 0%@614 APE 25 PLL@29.5C CPU@31.5C iwlwifi@32C PMIC@50C GPU@29.5C AO@40.5C thermal@30.75C POM_5V_IN 1689/1860 POM_5V_GPU 82/94 POM_5V_CPU 164/290
RAM 1375/3964MB (lfb 8x4MB) SWAP 793/6078MB (cached 34MB) IRAM 0/252kB(lfb 252kB) CPU [6%@921,7%@921,off,off] EMC_FREQ 0%@1600 GR3D_FREQ 0%@614 APE 25 PLL@29.5C CPU@31.5C iwlwifi@32C PMIC@50C GPU@29.5C AO@40.5C thermal@30.75C POM_5V_IN 1689/1860 POM_5V_GPU 82/94 POM_5V_CPU 164/290
RAM 1375/3964MB (lfb 8x4MB) SWAP 793/6078MB (cached 34MB) IRAM 0/252kB(lfb 252kB) CPU [4%@921,9%@921,off,off] EMC_FREQ 0%@1600 GR3D_FREQ 0%@614 APE 25 PLL@29.5C CPU@31.5C iwlwifi@32C PMIC@50C GPU@29.5C AO@40.5C thermal@30.5C POM_5V_IN 1689/1860 POM_5V_GPU 82/94 POM_5V_CPU 164/289
RAM 1371/3964MB (lfb 8x4MB) SWAP 793/6078MB (cached 34MB) IRAM 0/252kB(lfb 252kB) CPU [7%@921,7%@921,off,off] EMC_FREQ 0%@1600 GR3D_FREQ 0%@614 APE 25 PLL@29.5C CPU@31.5C iwlwifi@32C PMIC@50C GPU@29.5C AO@40.5C thermal@30.5C POM_5V_IN 1689/1860 POM_5V_GPU 82/94 POM_5V_CPU 123/289
RAM 1373/3964MB (lfb 8x4MB) SWAP 793/6078MB (cached 34MB) IRAM 0/252kB(lfb 252kB) CPU [4%@921,9%@921,off,off] EMC_FREQ 0%@1600 GR3D_FREQ 0%@614 APE 25 PLL@29.5C CPU@31C iwlwifi@32C PMIC@50C GPU@30C AO@41C thermal@30.5C POM_5V_IN 1689/1860 POM_5V_GPU 82/94 POM_5V_CPU 164/289
RAM 1371/3964MB (lfb 8x4MB) SWAP 793/6078MB (cached 34MB) IRAM 0/252kB(lfb 252kB) CPU [8%@921,6%@921,off,off] EMC_FREQ 0%@1600 GR3D_FREQ 0%@614 APE 25 PLL@29.5C CPU@31.5C iwlwifi@32C PMIC@50C GPU@29.5C AO@40.5C thermal@30.5C POM_5V_IN 1689/1859 POM_5V_GPU 82/94 POM_5V_CPU 164/289
RAM 1373/3964MB (lfb 8x4MB) SWAP 793/6078MB (cached 34MB) IRAM 0/252kB(lfb 252kB) CPU [6%@921,7%@921,off,off] EMC_FREQ 0%@1600 GR3D_FREQ 0%@614 APE 25 PLL@29.5C CPU@31.5C iwlwifi@32C PMIC@50C GPU@30C AO@41C thermal@30.5C POM_5V_IN 1731/1859 POM_5V_GPU 82/94 POM_5V_CPU 164/289
RAM 1371/3964MB (lfb 8x4MB) SWAP 793/6078MB (cached 34MB) IRAM 0/252kB(lfb 252kB) CPU [7%@921,7%@921,off,off] EMC_FREQ 0%@1600 GR3D_FREQ 0%@614 APE 25 PLL@29.5C CPU@31.5C iwlwifi@32C PMIC@50C GPU@30C AO@40.5C thermal@30.75C POM_5V_IN 1689/1859 POM_5V_GPU 82/94 POM_5V_CPU 164/289
RAM 1373/3964MB (lfb 8x4MB) SWAP 793/6078MB (cached 34MB) IRAM 0/252kB(lfb 252kB) CPU [7%@921,6%@921,off,off] EMC_FREQ 0%@1600 GR3D_FREQ 0%@614 APE 25 PLL@29.5C CPU@31C iwlwifi@32C PMIC@50C GPU@29.5C AO@40.5C thermal@30.25C POM_5V_IN 1689/1859 POM_5V_GPU 82/94 POM_5V_CPU 164/289
RAM 1371/3964MB (lfb 8x4MB) SWAP 793/6078MB (cached 34MB) IRAM 0/252kB(lfb 252kB) CPU [9%@921,5%@921,off,off] EMC_FREQ 0%@1600 GR3D_FREQ 0%@614 APE 25 PLL@29.5C CPU@31C iwlwifi@32C PMIC@50C GPU@29.5C AO@40.5C thermal@30.75C POM_5V_IN 1689/1859 POM_5V_GPU 82/94 POM_5V_CPU 123/289
RAM 1375/3964MB (lfb 8x4MB) SWAP 793/6078MB (cached 34MB) IRAM 0/252kB(lfb 252kB) CPU [4%@921,9%@921,off,off] EMC_FREQ 0%@1600 GR3D_FREQ 0%@614 APE 25 PLL@29.5C CPU@31.5C iwlwifi@32C PMIC@50C GPU@29.5C AO@40.5C thermal@30.75C POM_5V_IN 1689/1859 POM_5V_GPU 82/94 POM_5V_CPU 164/288
RAM 1371/3964MB (lfb 8x4MB) SWAP 793/6078MB (cached 34MB) IRAM 0/252kB(lfb 252kB) CPU [5%@921,9%@921,off,off] EMC_FREQ 0%@1600 GR3D_FREQ 0%@614 APE 25 PLL@29.5C CPU@31.5C iwlwifi@32C PMIC@50C GPU@29.5C AO@40.5C thermal@30.25C POM_5V_IN 1689/1859 POM_5V_GPU 82/94 POM_5V_CPU 164/288
RAM 1373/3964MB (lfb 8x4MB) SWAP 793/6078MB (cached 34MB) IRAM 0/252kB(lfb 252kB) CPU [7%@921,6%@921,off,off] EMC_FREQ 0%@1600 GR3D_FREQ 0%@614 APE 25 PLL@29.5C CPU@31.5C iwlwifi@32C PMIC@50C GPU@29.5C AO@40.5C thermal@30.5C POM_5V_IN 1689/1858 POM_5V_GPU 82/94 POM_5V_CPU 164/288
RAM 1375/3964MB (lfb 8x4MB) SWAP 793/6078MB (cached 34MB) IRAM 0/252kB(lfb 252kB) CPU [6%@921,8%@921,off,off] EMC_FREQ 0%@1600 GR3D_FREQ 0%@614 APE 25 PLL@29.5C CPU@31.5C iwlwifi@32C PMIC@50C GPU@29.5C AO@40.5C thermal@30.5C POM_5V_IN 1689/1858 POM_5V_GPU 82/94 POM_5V_CPU 164/288
RAM 1373/3964MB (lfb 8x4MB) SWAP 793/6078MB (cached 34MB) IRAM 0/252kB(lfb 252kB) CPU [6%@921,7%@921,off,off] EMC_FREQ 0%@1600 GR3D_FREQ 0%@614 APE 25 PLL@29.5C CPU@31.5C iwlwifi@32C PMIC@50C GPU@29.5C AO@40.5C thermal@30.5C POM_5V_IN 1689/1858 POM_5V_GPU 82/94 POM_5V_CPU 123/288
RAM 1373/3964MB (lfb 8x4MB) SWAP 793/6078MB (cached 34MB) IRAM 0/252kB(lfb 252kB) CPU [6%@921,7%@921,off,off] EMC_FREQ 0%@1600 GR3D_FREQ 0%@614 APE 25 PLL@29.5C CPU@31.5C iwlwifi@32C PMIC@50C GPU@29.5C AO@41C thermal@30.5C POM_5V_IN 1689/1858 POM_5V_GPU 82/94 POM_5V_CPU 164/288
RAM 1373/3964MB (lfb 8x4MB) SWAP 793/6078MB (cached 34MB) IRAM 0/252kB(lfb 252kB) CPU [4%@921,9%@921,off,off] EMC_FREQ 0%@1600 GR3D_FREQ 0%@614 APE 25 PLL@29.5C CPU@31.5C iwlwifi@32C PMIC@50C GPU@30C AO@40.5C thermal@30.75C POM_5V_IN 1689/1858 POM_5V_GPU 82/94 POM_5V_CPU 164/288
RAM 1372/3964MB (lfb 8x4MB) SWAP 793/6078MB (cached 34MB) IRAM 0/252kB(lfb 252kB) CPU [7%@921,6%@921,off,off] EMC_FREQ 0%@1600 GR3D_FREQ 0%@614 APE 25 PLL@29C CPU@31.5C iwlwifi@32C PMIC@50C GPU@29.5C AO@40.5C thermal@30.5C POM_5V_IN 1689/1858 POM_5V_GPU 82/94 POM_5V_CPU 123/288
RAM 1370/3964MB (lfb 8x4MB) SWAP 793/6078MB (cached 34MB) IRAM 0/252kB(lfb 252kB) CPU [6%@921,7%@921,off,off] EMC_FREQ 0%@1600 GR3D_FREQ 0%@614 APE 25 PLL@29.5C CPU@31.5C iwlwifi@32C PMIC@50C GPU@29.5C AO@41C thermal@30.5C POM_5V_IN 1689/1857 POM_5V_GPU 82/94 POM_5V_CPU 123/287
RAM 1372/3964MB (lfb 8x4MB) SWAP 793/6078MB (cached 34MB) IRAM 0/252kB(lfb 252kB) CPU [8%@921,6%@921,off,off] EMC_FREQ 0%@1600 GR3D_FREQ 0%@614 APE 25 PLL@30C CPU@31.5C iwlwifi@32C PMIC@50C GPU@29.5C AO@41C thermal@30.5C POM_5V_IN 1689/1857 POM_5V_GPU 82/94 POM_5V_CPU 164/287
RAM 1370/3964MB (lfb 8x4MB) SWAP 793/6078MB (cached 34MB) IRAM 0/252kB(lfb 252kB) CPU [6%@921,7%@921,off,off] EMC_FREQ 0%@1600 GR3D_FREQ 0%@614 APE 25 PLL@29.5C CPU@31.5C iwlwifi@32C PMIC@50C GPU@29.5C AO@41C thermal@30.75C POM_5V_IN 1689/1857 POM_5V_GPU 82/94 POM_5V_CPU 164/287
RAM 1370/3964MB (lfb 8x4MB) SWAP 793/6078MB (cached 34MB) IRAM 0/252kB(lfb 252kB) CPU [6%@921,7%@921,off,off] EMC_FREQ 0%@1600 GR3D_FREQ 0%@614 APE 25 PLL@30C CPU@31.5C iwlwifi@32C PMIC@50C GPU@30C AO@40.5C thermal@30.75C POM_5V_IN 1689/1857 POM_5V_GPU 82/93 POM_5V_CPU 164/287
RAM 1375/3964MB (lfb 8x4MB) SWAP 793/6078MB (cached 34MB) IRAM 0/252kB(lfb 252kB) CPU [6%@921,8%@921,off,off] EMC_FREQ 0%@1600 GR3D_FREQ 0%@614 APE 25 PLL@29.5C CPU@31.5C iwlwifi@32C PMIC@50C GPU@29.5C AO@40.5C thermal@30.75C POM_5V_IN 1689/1857 POM_5V_GPU 82/93 POM_5V_CPU 164/287
RAM 1370/3964MB (lfb 8x4MB) SWAP 793/6078MB (cached 34MB) IRAM 0/252kB(lfb 252kB) CPU [6%@921,7%@921,off,off] EMC_FREQ 0%@1600 GR3D_FREQ 0%@614 APE 25 PLL@29.5C CPU@31.5C iwlwifi@32C PMIC@50C GPU@29.5C AO@40.5C thermal@30.75C POM_5V_IN 1689/1857 POM_5V_GPU 82/93 POM_5V_CPU 123/287
RAM 1370/3964MB (lfb 8x4MB) SWAP 793/6078MB (cached 34MB) IRAM 0/252kB(lfb 252kB) CPU [7%@921,7%@921,off,off] EMC_FREQ 0%@1600 GR3D_FREQ 0%@614 APE 25 PLL@29.5C CPU@31.5C iwlwifi@32C PMIC@50C GPU@30C AO@40.5C thermal@30.75C POM_5V_IN 1689/1856 POM_5V_GPU 82/93 POM_5V_CPU 164/287
RAM 1370/3964MB (lfb 8x4MB) SWAP 793/6078MB (cached 34MB) IRAM 0/252kB(lfb 252kB) CPU [5%@921,7%@921,off,off] EMC_FREQ 0%@1600 GR3D_FREQ 0%@614 APE 25 PLL@30C CPU@31C iwlwifi@32C PMIC@50C GPU@30C AO@41C thermal@30.75C POM_5V_IN 1689/1856 POM_5V_GPU 82/93 POM_5V_CPU 164/286
RAM 1372/3964MB (lfb 8x4MB) SWAP 793/6078MB (cached 34MB) IRAM 0/252kB(lfb 252kB) CPU [9%@921,5%@921,off,off] EMC_FREQ 0%@1600 GR3D_FREQ 0%@614 APE 25 PLL@29.5C CPU@31.5C iwlwifi@32C PMIC@50C GPU@30C AO@41C thermal@30.75C POM_5V_IN 1731/1856 POM_5V_GPU 82/93 POM_5V_CPU 164/286
RAM 1375/3964MB (lfb 8x4MB) SWAP 793/6078MB (cached 34MB) IRAM 0/252kB(lfb 252kB) CPU [7%@921,6%@921,off,off] EMC_FREQ 0%@1600 GR3D_FREQ 0%@614 APE 25 PLL@29.5C CPU@31.5C iwlwifi@32C PMIC@50C GPU@30C AO@41C thermal@30.5C POM_5V_IN 1813/1856 POM_5V_GPU 82/93 POM_5V_CPU 246/286
RAM 1374/3964MB (lfb 8x4MB) SWAP 793/6078MB (cached 34MB) IRAM 0/252kB(lfb 252kB) CPU [7%@921,7%@921,off,off] EMC_FREQ 0%@1600 GR3D_FREQ 0%@614 APE 25 PLL@29.5C CPU@31.5C iwlwifi@32C PMIC@50C GPU@29.5C AO@40.5C thermal@30.75C POM_5V_IN 1689/1856 POM_5V_GPU 82/93 POM_5V_CPU 164/286
RAM 1372/3964MB (lfb 8x4MB) SWAP 793/6078MB (cached 34MB) IRAM 0/252kB(lfb 252kB) CPU [7%@921,5%@921,off,off] EMC_FREQ 0%@1600 GR3D_FREQ 0%@614 APE 25 PLL@29.5C CPU@31.5C iwlwifi@32C PMIC@50C GPU@29.5C AO@40.5C thermal@30.75C POM_5V_IN 1687/1856 POM_5V_GPU 82/93 POM_5V_CPU 164/286
RAM 1370/3964MB (lfb 8x4MB) SWAP 793/6078MB (cached 34MB) IRAM 0/252kB(lfb 252kB) CPU [7%@921,8%@921,off,off] EMC_FREQ 0%@1600 GR3D_FREQ 0%@614 APE 25 PLL@29.5C CPU@31.5C iwlwifi@32C PMIC@50C GPU@29.5C AO@40.5C thermal@30.5C POM_5V_IN 1689/1856 POM_5V_GPU 82/93 POM_5V_CPU 164/286
RAM 1372/3964MB (lfb 8x4MB) SWAP 793/6078MB (cached 34MB) IRAM 0/252kB(lfb 252kB) CPU [4%@921,8%@921,off,off] EMC_FREQ 0%@1600 GR3D_FREQ 0%@614 APE 25 PLL@29.5C CPU@31C iwlwifi@32C PMIC@50C GPU@30C AO@40.5C thermal@31C POM_5V_IN 1689/1855 POM_5V_GPU 82/93 POM_5V_CPU 164/286
RAM 1375/3964MB (lfb 8x4MB) SWAP 793/6078MB (cached 34MB) IRAM 0/252kB(lfb 252kB) CPU [4%@921,10%@921,off,off] EMC_FREQ 0%@1600 GR3D_FREQ 0%@614 APE 25 PLL@30C CPU@31.5C iwlwifi@34C PMIC@50C GPU@30C AO@41C thermal@30.5C POM_5V_IN 1689/1855 POM_5V_GPU 82/93 POM_5V_CPU 164/286
RAM 1370/3964MB (lfb 8x4MB) SWAP 793/6078MB (cached 34MB) IRAM 0/252kB(lfb 252kB) CPU [6%@921,7%@921,off,off] EMC_FREQ 0%@1600 GR3D_FREQ 0%@614 APE 25 PLL@29C CPU@31.5C iwlwifi@32C PMIC@50C GPU@29.5C AO@41C thermal@31C POM_5V_IN 1689/1855 POM_5V_GPU 82/93 POM_5V_CPU 123/286
RAM 1374/3964MB (lfb 8x4MB) SWAP 793/6078MB (cached 34MB) IRAM 0/252kB(lfb 252kB) CPU [7%@921,7%@921,off,off] EMC_FREQ 0%@1600 GR3D_FREQ 0%@614 APE 25 PLL@29.5C CPU@31.5C iwlwifi@32C PMIC@50C GPU@30C AO@40.5C thermal@30.75C POM_5V_IN 1689/1855 POM_5V_GPU 82/93 POM_5V_CPU 164/285
RAM 1374/3964MB (lfb 8x4MB) SWAP 793/6078MB (cached 34MB) IRAM 0/252kB(lfb 252kB) CPU [8%@921,5%@921,off,off] EMC_FREQ 0%@1600 GR3D_FREQ 0%@614 APE 25 PLL@29.5C CPU@31.5C iwlwifi@32C PMIC@50C GPU@29.5C AO@40.5C thermal@31C POM_5V_IN 1731/1855 POM_5V_GPU 82/93 POM_5V_CPU 164/285
RAM 1370/3964MB (lfb 8x4MB) SWAP 793/6078MB (cached 34MB) IRAM 0/252kB(lfb 252kB) CPU [7%@921,7%@921,off,off] EMC_FREQ 0%@1600 GR3D_FREQ 0%@614 APE 25 PLL@29.5C CPU@31.5C iwlwifi@32C PMIC@50C GPU@29.5C AO@41C thermal@30.5C POM_5V_IN 1689/1855 POM_5V_GPU 82/93 POM_5V_CPU 164/285
RAM 1373/3964MB (lfb 8x4MB) SWAP 793/6078MB (cached 34MB) IRAM 0/252kB(lfb 252kB) CPU [8%@921,5%@921,off,off] EMC_FREQ 0%@1600 GR3D_FREQ 0%@614 APE 25 PLL@29.5C CPU@31.5C iwlwifi@32C PMIC@50C GPU@29.5C AO@41C thermal@30.5C POM_5V_IN 1689/1855 POM_5V_GPU 82/93 POM_5V_CPU 164/285
RAM 1374/3964MB (lfb 8x4MB) SWAP 793/6078MB (cached 34MB) IRAM 0/252kB(lfb 252kB) CPU [5%@921,8%@921,off,off] EMC_FREQ 0%@1600 GR3D_FREQ 0%@614 APE 25 PLL@29.5C CPU@31.5C iwlwifi@32C PMIC@50C GPU@29.5C AO@40.5C thermal@30.75C POM_5V_IN 1689/1854 POM_5V_GPU 82/93 POM_5V_CPU 164/285
RAM 1371/3964MB (lfb 8x4MB) SWAP 793/6078MB (cached 34MB) IRAM 0/252kB(lfb 252kB) CPU [6%@921,8%@921,off,off] EMC_FREQ 0%@1600 GR3D_FREQ 0%@614 APE 25 PLL@29.5C CPU@31.5C iwlwifi@32C PMIC@50C GPU@29.5C AO@40.5C thermal@30.5C POM_5V_IN 1689/1854 POM_5V_GPU 82/93 POM_5V_CPU 164/285
RAM 1370/3964MB (lfb 8x4MB) SWAP 793/6078MB (cached 34MB) IRAM 0/252kB(lfb 252kB) CPU [6%@921,7%@921,off,off] EMC_FREQ 0%@1600 GR3D_FREQ 0%@614 APE 25 PLL@29.5C CPU@31.5C iwlwifi@32C PMIC@50C GPU@29.5C AO@40.5C thermal@30.75C POM_5V_IN 1689/1854 POM_5V_GPU 82/93 POM_5V_CPU 164/285
RAM 1374/3964MB (lfb 8x4MB) SWAP 793/6078MB (cached 34MB) IRAM 0/252kB(lfb 252kB) CPU [6%@921,7%@921,off,off] EMC_FREQ 0%@1600 GR3D_FREQ 0%@614 APE 25 PLL@29C CPU@31.5C iwlwifi@32C PMIC@50C GPU@29.5C AO@40.5C thermal@30.5C POM_5V_IN 1689/1854 POM_5V_GPU 82/93 POM_5V_CPU 164/285
RAM 1371/3964MB (lfb 8x4MB) SWAP 793/6078MB (cached 34MB) IRAM 0/252kB(lfb 252kB) CPU [7%@921,6%@921,off,off] EMC_FREQ 0%@1600 GR3D_FREQ 0%@614 APE 25 PLL@29C CPU@31.5C iwlwifi@32C PMIC@50C GPU@30C AO@40.5C thermal@30.5C POM_5V_IN 1689/1854 POM_5V_GPU 82/93 POM_5V_CPU 123/284
RAM 1372/3964MB (lfb 8x4MB) SWAP 793/6078MB (cached 34MB) IRAM 0/252kB(lfb 252kB) CPU [7%@921,7%@921,off,off] EMC_FREQ 0%@1600 GR3D_FREQ 0%@614 APE 25 PLL@30C CPU@31.5C iwlwifi@32C PMIC@50C GPU@30C AO@40.5C thermal@30.75C POM_5V_IN 1689/1854 POM_5V_GPU 82/93 POM_5V_CPU 164/284
RAM 1374/3964MB (lfb 8x4MB) SWAP 793/6078MB (cached 34MB) IRAM 0/252kB(lfb 252kB) CPU [6%@921,7%@921,off,off] EMC_FREQ 0%@1600 GR3D_FREQ 0%@614 APE 25 PLL@29.5C CPU@31.5C iwlwifi@32C PMIC@50C GPU@29.5C AO@41C thermal@30.5C POM_5V_IN 1689/1853 POM_5V_GPU 82/93 POM_5V_CPU 164/284
RAM 1373/3964MB (lfb 8x4MB) SWAP 793/6078MB (cached 34MB) IRAM 0/252kB(lfb 252kB) CPU [7%@921,7%@921,off,off] EMC_FREQ 0%@1600 GR3D_FREQ 0%@614 APE 25 PLL@29.5C CPU@31C iwlwifi@32C PMIC@50C GPU@29.5C AO@41C thermal@30.5C POM_5V_IN 1689/1853 POM_5V_GPU 82/93 POM_5V_CPU 123/284
RAM 1372/3964MB (lfb 8x4MB) SWAP 793/6078MB (cached 34MB) IRAM 0/252kB(lfb 252kB) CPU [7%@921,6%@921,off,off] EMC_FREQ 0%@1600 GR3D_FREQ 0%@614 APE 25 PLL@29.5C CPU@31.5C iwlwifi@32C PMIC@50C GPU@30C AO@40.5C thermal@30.5C POM_5V_IN 1813/1853 POM_5V_GPU 82/93 POM_5V_CPU 246/284
RAM 1375/3964MB (lfb 8x4MB) SWAP 793/6078MB (cached 34MB) IRAM 0/252kB(lfb 252kB) CPU [6%@921,9%@921,off,off] EMC_FREQ 0%@1600 GR3D_FREQ 0%@614 APE 25 PLL@29.5C CPU@31.5C iwlwifi@32C PMIC@50C GPU@30C AO@40.5C thermal@30.75C POM_5V_IN 1689/1853 POM_5V_GPU 82/93 POM_5V_CPU 164/284
RAM 1372/3964MB (lfb 8x4MB) SWAP 793/6078MB (cached 34MB) IRAM 0/252kB(lfb 252kB) CPU [9%@921,4%@921,off,off] EMC_FREQ 0%@1600 GR3D_FREQ 0%@614 APE 25 PLL@29.5C CPU@31.5C iwlwifi@32C PMIC@50C GPU@29.5C AO@40.5C thermal@30.75C POM_5V_IN 1687/1853 POM_5V_GPU 82/93 POM_5V_CPU 164/284
RAM 1371/3964MB (lfb 8x4MB) SWAP 793/6078MB (cached 34MB) IRAM 0/252kB(lfb 252kB) CPU [7%@921,7%@921,off,off] EMC_FREQ 0%@1600 GR3D_FREQ 0%@614 APE 25 PLL@29.5C CPU@31.5C iwlwifi@32C PMIC@50C GPU@29.5C AO@41C thermal@30.5C POM_5V_IN 1689/1853 POM_5V_GPU 82/93 POM_5V_CPU 164/284
RAM 1372/3964MB (lfb 8x4MB) SWAP 793/6078MB (cached 34MB) IRAM 0/252kB(lfb 252kB) CPU [5%@921,8%@921,off,off] EMC_FREQ 0%@1600 GR3D_FREQ 0%@614 APE 25 PLL@29.5C CPU@31.5C iwlwifi@32C PMIC@50C GPU@29.5C AO@40.5C thermal@30.5C POM_5V_IN 1772/1853 POM_5V_GPU 82/93 POM_5V_CPU 206/284
RAM 1372/3964MB (lfb 8x4MB) SWAP 793/6078MB (cached 34MB) IRAM 0/252kB(lfb 252kB) CPU [6%@921,7%@921,off,off] EMC_FREQ 0%@1600 GR3D_FREQ 0%@614 APE 25 PLL@29.5C CPU@31C iwlwifi@32C PMIC@50C GPU@29.5C AO@41C thermal@30.5C POM_5V_IN 1689/1853 POM_5V_GPU 82/93 POM_5V_CPU 123/283
RAM 1370/3964MB (lfb 8x4MB) SWAP 793/6078MB (cached 34MB) IRAM 0/252kB(lfb 252kB) CPU [8%@921,6%@921,off,off] EMC_FREQ 0%@1600 GR3D_FREQ 0%@614 APE 25 PLL@29.5C CPU@31C iwlwifi@32C PMIC@50C GPU@29.5C AO@40.5C thermal@30.5C POM_5V_IN 1689/1852 POM_5V_GPU 82/93 POM_5V_CPU 164/283
RAM 1370/3964MB (lfb 8x4MB) SWAP 793/6078MB (cached 34MB) IRAM 0/252kB(lfb 252kB) CPU [6%@921,7%@921,off,off] EMC_FREQ 0%@1600 GR3D_FREQ 0%@614 APE 25 PLL@29.5C CPU@31.5C iwlwifi@32C PMIC@50C GPU@29.5C AO@40.5C thermal@30.5C POM_5V_IN 1689/1852 POM_5V_GPU 82/93 POM_5V_CPU 164/283
RAM 1373/3964MB (lfb 8x4MB) SWAP 793/6078MB (cached 34MB) IRAM 0/252kB(lfb 252kB) CPU [6%@921,8%@921,off,off] EMC_FREQ 0%@1600 GR3D_FREQ 0%@614 APE 25 PLL@29.5C CPU@31.5C iwlwifi@32C PMIC@50C GPU@29.5C AO@41C thermal@30.5C POM_5V_IN 1689/1852 POM_5V_GPU 82/93 POM_5V_CPU 164/283
RAM 1372/3964MB (lfb 8x4MB) SWAP 793/6078MB (cached 34MB) IRAM 0/252kB(lfb 252kB) CPU [7%@921,6%@921,off,off] EMC_FREQ 0%@1600 GR3D_FREQ 0%@614 APE 25 PLL@29.5C CPU@31.5C iwlwifi@32C PMIC@50C GPU@29.5C AO@41C thermal@30.5C POM_5V_IN 1689/1852 POM_5V_GPU 82/93 POM_5V_CPU 164/283
RAM 1371/3964MB (lfb 8x4MB) SWAP 793/6078MB (cached 34MB) IRAM 0/252kB(lfb 252kB) CPU [10%@921,4%@921,off,off] EMC_FREQ 0%@1600 GR3D_FREQ 0%@614 APE 25 PLL@29.5C CPU@31.5C iwlwifi@32C PMIC@50C GPU@29.5C AO@41C thermal@30.75C POM_5V_IN 1689/1852 POM_5V_GPU 82/93 POM_5V_CPU 164/283
RAM 1374/3964MB (lfb 8x4MB) SWAP 793/6078MB (cached 34MB) IRAM 0/252kB(lfb 252kB) CPU [5%@921,9%@921,off,off] EMC_FREQ 0%@1600 GR3D_FREQ 0%@614 APE 25 PLL@29.5C CPU@31.5C iwlwifi@32C PMIC@50C GPU@29.5C AO@40.5C thermal@30.5C POM_5V_IN 1772/1852 POM_5V_GPU 82/93 POM_5V_CPU 164/283
RAM 1371/3964MB (lfb 8x4MB) SWAP 793/6078MB (cached 34MB) IRAM 0/252kB(lfb 252kB) CPU [10%@921,4%@921,off,off] EMC_FREQ 0%@1600 GR3D_FREQ 0%@614 APE 25 PLL@29.5C CPU@31.5C iwlwifi@32C PMIC@50C GPU@29.5C AO@41C thermal@30.75C POM_5V_IN 1731/1852 POM_5V_GPU 82/93 POM_5V_CPU 164/283
RAM 1372/3964MB (lfb 8x4MB) SWAP 793/6078MB (cached 34MB) IRAM 0/252kB(lfb 252kB) CPU [7%@921,6%@921,off,off] EMC_FREQ 0%@1600 GR3D_FREQ 0%@614 APE 25 PLL@29.5C CPU@31.5C iwlwifi@32C PMIC@50C GPU@29.5C AO@41C thermal@30.5C POM_5V_IN 1689/1851 POM_5V_GPU 82/93 POM_5V_CPU 164/283
RAM 1385/3964MB (lfb 8x4MB) SWAP 793/6078MB (cached 34MB) IRAM 0/252kB(lfb 252kB) CPU [8%@921,8%@921,off,off] EMC_FREQ 0%@1600 GR3D_FREQ 0%@614 APE 25 PLL@29.5C CPU@31C iwlwifi@32C PMIC@50C GPU@30C AO@41C thermal@30.5C POM_5V_IN 1689/1851 POM_5V_GPU 82/93 POM_5V_CPU 164/282
RAM 1382/3964MB (lfb 8x4MB) SWAP 793/6078MB (cached 34MB) IRAM 0/252kB(lfb 252kB) CPU [6%@921,8%@921,off,off] EMC_FREQ 0%@1600 GR3D_FREQ 0%@614 APE 25 PLL@29.5C CPU@31.5C iwlwifi@32C PMIC@50C GPU@30C AO@41C thermal@30.75C POM_5V_IN 1689/1851 POM_5V_GPU 82/93 POM_5V_CPU 164/282
RAM 1372/3964MB (lfb 8x4MB) SWAP 793/6078MB (cached 34MB) IRAM 0/252kB(lfb 252kB) CPU [8%@921,7%@921,off,off] EMC_FREQ 0%@1600 GR3D_FREQ 0%@614 APE 25 PLL@29.5C CPU@31.5C iwlwifi@32C PMIC@50C GPU@30C AO@40.5C thermal@30.75C POM_5V_IN 2174/1851 POM_5V_GPU 82/93 POM_5V_CPU 492/283
RAM 1374/3964MB (lfb 8x4MB) SWAP 793/6078MB (cached 34MB) IRAM 0/252kB(lfb 252kB) CPU [7%@921,6%@921,off,off] EMC_FREQ 0%@1600 GR3D_FREQ 0%@614 APE 25 PLL@29C CPU@31.5C iwlwifi@32C PMIC@50C GPU@30C AO@40.5C thermal@30.5C POM_5V_IN 1689/1851 POM_5V_GPU 82/93 POM_5V_CPU 164/282
RAM 1370/3964MB (lfb 8x4MB) SWAP 793/6078MB (cached 34MB) IRAM 0/252kB(lfb 252kB) CPU [5%@921,9%@921,off,off] EMC_FREQ 0%@1600 GR3D_FREQ 0%@614 APE 25 PLL@29.5C CPU@31.5C iwlwifi@32C PMIC@50C GPU@30C AO@41C thermal@30.75C POM_5V_IN 1689/1851 POM_5V_GPU 82/93 POM_5V_CPU 123/282
RAM 1370/3964MB (lfb 8x4MB) SWAP 793/6078MB (cached 34MB) IRAM 0/252kB(lfb 252kB) CPU [5%@921,9%@921,off,off] EMC_FREQ 0%@1600 GR3D_FREQ 0%@614 APE 25 PLL@29.5C CPU@31.5C iwlwifi@32C PMIC@50C GPU@30C AO@41C thermal@30.75C POM_5V_IN 1689/1851 POM_5V_GPU 82/93 POM_5V_CPU 164/282
RAM 1372/3964MB (lfb 8x4MB) SWAP 793/6078MB (cached 34MB) IRAM 0/252kB(lfb 252kB) CPU [7%@921,8%@921,off,off] EMC_FREQ 0%@1600 GR3D_FREQ 0%@614 APE 25 PLL@29.5C CPU@31.5C iwlwifi@32C PMIC@50C GPU@30C AO@40.5C thermal@30.5C POM_5V_IN 1689/1851 POM_5V_GPU 82/93 POM_5V_CPU 164/282
RAM 1375/3964MB (lfb 8x4MB) SWAP 793/6078MB (cached 34MB) IRAM 0/252kB(lfb 252kB) CPU [7%@921,6%@921,off,off] EMC_FREQ 0%@1600 GR3D_FREQ 0%@614 APE 25 PLL@29.5C CPU@31.5C iwlwifi@32C PMIC@50C GPU@30C AO@40.5C thermal@30.75C POM_5V_IN 1689/1851 POM_5V_GPU 82/93 POM_5V_CPU 164/282
RAM 1374/3964MB (lfb 8x4MB) SWAP 793/6078MB (cached 34MB) IRAM 0/252kB(lfb 252kB) CPU [8%@921,6%@921,off,off] EMC_FREQ 0%@1600 GR3D_FREQ 0%@614 APE 25 PLL@29.5C CPU@31.5C iwlwifi@32C PMIC@50C GPU@30C AO@40.5C thermal@30.5C POM_5V_IN 1689/1850 POM_5V_GPU 82/93 POM_5V_CPU 164/282
RAM 1373/3964MB (lfb 8x4MB) SWAP 793/6078MB (cached 34MB) IRAM 0/252kB(lfb 252kB) CPU [9%@921,5%@921,off,off] EMC_FREQ 0%@1600 GR3D_FREQ 0%@614 APE 25 PLL@29.5C CPU@31.5C iwlwifi@32C PMIC@50C GPU@30C AO@41C thermal@30.75C POM_5V_IN 2010/1851 POM_5V_GPU 82/93 POM_5V_CPU 164/282
RAM 1370/3964MB (lfb 8x4MB) SWAP 793/6078MB (cached 34MB) IRAM 0/252kB(lfb 252kB) CPU [4%@921,9%@921,off,off] EMC_FREQ 0%@1600 GR3D_FREQ 0%@614 APE 25 PLL@29.5C CPU@32C iwlwifi@32C PMIC@50C GPU@29.5C AO@41C thermal@30.5C POM_5V_IN 1689/1850 POM_5V_GPU 82/93 POM_5V_CPU 123/282
RAM 1372/3964MB (lfb 8x4MB) SWAP 793/6078MB (cached 34MB) IRAM 0/252kB(lfb 252kB) CPU [7%@921,6%@921,off,off] EMC_FREQ 0%@1600 GR3D_FREQ 0%@614 APE 25 PLL@29.5C CPU@31.5C iwlwifi@32C PMIC@50C GPU@30C AO@40.5C thermal@30.5C POM_5V_IN 1731/1850 POM_5V_GPU 82/93 POM_5V_CPU 164/282
RAM 1372/3964MB (lfb 8x4MB) SWAP 793/6078MB (cached 34MB) IRAM 0/252kB(lfb 252kB) CPU [5%@921,7%@921,off,off] EMC_FREQ 0%@1600 GR3D_FREQ 0%@614 APE 25 PLL@29.5C CPU@31C iwlwifi@32C PMIC@50C GPU@30C AO@41C thermal@30.75C POM_5V_IN 1731/1850 POM_5V_GPU 82/93 POM_5V_CPU 164/281
RAM 1374/3964MB (lfb 8x4MB) SWAP 793/6078MB (cached 34MB) IRAM 0/252kB(lfb 252kB) CPU [6%@921,8%@921,off,off] EMC_FREQ 0%@1600 GR3D_FREQ 0%@614 APE 25 PLL@29.5C CPU@31.5C iwlwifi@32C PMIC@50C GPU@30C AO@41C thermal@30.5C POM_5V_IN 1689/1850 POM_5V_GPU 82/93 POM_5V_CPU 164/281
RAM 1373/3964MB (lfb 8x4MB) SWAP 793/6078MB (cached 34MB) IRAM 0/252kB(lfb 252kB) CPU [9%@921,4%@921,off,off] EMC_FREQ 0%@1600 GR3D_FREQ 0%@614 APE 25 PLL@29.5C CPU@31.5C iwlwifi@32C PMIC@50C GPU@30C AO@41C thermal@30.5C POM_5V_IN 1689/1850 POM_5V_GPU 82/93 POM_5V_CPU 164/281
RAM 1372/3964MB (lfb 8x4MB) SWAP 793/6078MB (cached 34MB) IRAM 0/252kB(lfb 252kB) CPU [5%@921,9%@921,off,off] EMC_FREQ 0%@1600 GR3D_FREQ 0%@614 APE 25 PLL@29.5C CPU@31.5C iwlwifi@32C PMIC@50C GPU@29.5C AO@40.5C thermal@30.5C POM_5V_IN 1689/1850 POM_5V_GPU 82/93 POM_5V_CPU 164/281
RAM 1375/3964MB (lfb 8x4MB) SWAP 793/6078MB (cached 34MB) IRAM 0/252kB(lfb 252kB) CPU [6%@921,7%@921,off,off] EMC_FREQ 0%@1600 GR3D_FREQ 0%@614 APE 25 PLL@29.5C CPU@31.5C iwlwifi@32C PMIC@50C GPU@30C AO@40.5C thermal@30.75C POM_5V_IN 1687/1850 POM_5V_GPU 82/93 POM_5V_CPU 164/281
RAM 1372/3964MB (lfb 8x4MB) SWAP 793/6078MB (cached 34MB) IRAM 0/252kB(lfb 252kB) CPU [9%@921,5%@921,off,off] EMC_FREQ 0%@1600 GR3D_FREQ 0%@614 APE 25 PLL@29.5C CPU@31.5C iwlwifi@32C PMIC@50C GPU@29.5C AO@40.5C thermal@30.5C POM_5V_IN 1689/1850 POM_5V_GPU 82/93 POM_5V_CPU 164/281
RAM 1372/3964MB (lfb 8x4MB) SWAP 793/6078MB (cached 34MB) IRAM 0/252kB(lfb 252kB) CPU [6%@921,8%@921,off,off] EMC_FREQ 0%@1600 GR3D_FREQ 0%@614 APE 25 PLL@29.5C CPU@31.5C iwlwifi@32C PMIC@50C GPU@30C AO@41C thermal@30.75C POM_5V_IN 1689/1849 POM_5V_GPU 82/93 POM_5V_CPU 164/281
RAM 1370/3964MB (lfb 8x4MB) SWAP 793/6078MB (cached 34MB) IRAM 0/252kB(lfb 252kB) CPU [6%@921,7%@921,off,off] EMC_FREQ 0%@1600 GR3D_FREQ 0%@614 APE 25 PLL@29.5C CPU@31.5C iwlwifi@32C PMIC@50C GPU@30C AO@41C thermal@30.75C POM_5V_IN 1689/1849 POM_5V_GPU 82/93 POM_5V_CPU 164/281
RAM 1372/3964MB (lfb 8x4MB) SWAP 793/6078MB (cached 34MB) IRAM 0/252kB(lfb 252kB) CPU [6%@921,7%@921,off,off] EMC_FREQ 0%@1600 GR3D_FREQ 0%@614 APE 25 PLL@29.5C CPU@31.5C iwlwifi@32C PMIC@50C GPU@30C AO@41C thermal@30.75C POM_5V_IN 1731/1849 POM_5V_GPU 82/93 POM_5V_CPU 164/281
RAM 1372/3964MB (lfb 8x4MB) SWAP 793/6078MB (cached 34MB) IRAM 0/252kB(lfb 252kB) CPU [6%@921,7%@921,off,off] EMC_FREQ 0%@1600 GR3D_FREQ 0%@614 APE 25 PLL@29.5C CPU@32C iwlwifi@32C PMIC@50C GPU@30C AO@40.5C thermal@31C POM_5V_IN 1689/1849 POM_5V_GPU 82/93 POM_5V_CPU 123/280
RAM 1370/3964MB (lfb 8x4MB) SWAP 793/6078MB (cached 34MB) IRAM 0/252kB(lfb 252kB) CPU [5%@921,8%@921,off,off] EMC_FREQ 0%@1600 GR3D_FREQ 0%@614 APE 25 PLL@30C CPU@31.5C iwlwifi@32C PMIC@50C GPU@29.5C AO@40.5C thermal@31C POM_5V_IN 1689/1849 POM_5V_GPU 82/93 POM_5V_CPU 164/280
RAM 1375/3964MB (lfb 8x4MB) SWAP 793/6078MB (cached 34MB) IRAM 0/252kB(lfb 252kB) CPU [4%@921,9%@921,off,off] EMC_FREQ 0%@1600 GR3D_FREQ 0%@614 APE 25 PLL@29.5C CPU@31.5C iwlwifi@32C PMIC@50C GPU@30C AO@40.5C thermal@30.75C POM_5V_IN 1731/1849 POM_5V_GPU 82/93 POM_5V_CPU 164/280
RAM 1370/3964MB (lfb 8x4MB) SWAP 793/6078MB (cached 34MB) IRAM 0/252kB(lfb 252kB) CPU [6%@921,8%@921,off,off] EMC_FREQ 0%@1600 GR3D_FREQ 0%@614 APE 25 PLL@29.5C CPU@31.5C iwlwifi@32C PMIC@50C GPU@30C AO@41C thermal@30.75C POM_5V_IN 1689/1849 POM_5V_GPU 82/93 POM_5V_CPU 164/280
RAM 1374/3964MB (lfb 8x4MB) SWAP 793/6078MB (cached 34MB) IRAM 0/252kB(lfb 252kB) CPU [7%@921,6%@921,off,off] EMC_FREQ 0%@1600 GR3D_FREQ 0%@614 APE 25 PLL@30C CPU@31.5C iwlwifi@32C PMIC@50C GPU@29.5C AO@40.5C thermal@30.5C POM_5V_IN 1687/1848 POM_5V_GPU 82/93 POM_5V_CPU 164/280
RAM 1375/3964MB (lfb 8x4MB) SWAP 793/6078MB (cached 34MB) IRAM 0/252kB(lfb 252kB) CPU [7%@921,7%@921,off,off] EMC_FREQ 0%@1600 GR3D_FREQ 0%@614 APE 25 PLL@30C CPU@31C iwlwifi@32C PMIC@50C GPU@30C AO@41C thermal@31C POM_5V_IN 1689/1848 POM_5V_GPU 82/93 POM_5V_CPU 164/280
RAM 1372/3964MB (lfb 8x4MB) SWAP 793/6078MB (cached 34MB) IRAM 0/252kB(lfb 252kB) CPU [8%@921,6%@921,off,off] EMC_FREQ 0%@1600 GR3D_FREQ 0%@614 APE 25 PLL@29.5C CPU@31.5C iwlwifi@32C PMIC@50C GPU@30C AO@40.5C thermal@30.75C POM_5V_IN 1689/1848 POM_5V_GPU 82/93 POM_5V_CPU 164/280
RAM 1374/3964MB (lfb 8x4MB) SWAP 793/6078MB (cached 34MB) IRAM 0/252kB(lfb 252kB) CPU [7%@921,6%@921,off,off] EMC_FREQ 0%@1600 GR3D_FREQ 0%@614 APE 25 PLL@29.5C CPU@31.5C iwlwifi@33C PMIC@50C GPU@30C AO@41C thermal@30.5C POM_5V_IN 1731/1848 POM_5V_GPU 82/93 POM_5V_CPU 164/280
RAM 1372/3964MB (lfb 8x4MB) SWAP 793/6078MB (cached 34MB) IRAM 0/252kB(lfb 252kB) CPU [9%@921,4%@921,off,off] EMC_FREQ 0%@1600 GR3D_FREQ 0%@614 APE 25 PLL@30C CPU@31.5C iwlwifi@32C PMIC@50C GPU@29.5C AO@41C thermal@30.75C POM_5V_IN 1689/1848 POM_5V_GPU 82/93 POM_5V_CPU 164/280
RAM 1374/3964MB (lfb 8x4MB) SWAP 793/6078MB (cached 34MB) IRAM 0/252kB(lfb 252kB) CPU [6%@921,8%@921,off,off] EMC_FREQ 0%@1600 GR3D_FREQ 0%@614 APE 25 PLL@29.5C CPU@31.5C iwlwifi@32C PMIC@50C GPU@30C AO@41C thermal@30.5C POM_5V_IN 1689/1848 POM_5V_GPU 82/93 POM_5V_CPU 164/279
RAM 1372/3964MB (lfb 8x4MB) SWAP 793/6078MB (cached 34MB) IRAM 0/252kB(lfb 252kB) CPU [7%@921,6%@921,off,off] EMC_FREQ 0%@1600 GR3D_FREQ 0%@614 APE 25 PLL@30C CPU@31.5C iwlwifi@32C PMIC@50C GPU@30C AO@40.5C thermal@30.75C POM_5V_IN 1689/1848 POM_5V_GPU 82/93 POM_5V_CPU 164/279
RAM 1382/3964MB (lfb 8x4MB) SWAP 793/6078MB (cached 34MB) IRAM 0/252kB(lfb 252kB) CPU [8%@921,9%@921,off,off] EMC_FREQ 0%@1600 GR3D_FREQ 0%@614 APE 25 PLL@29.5C CPU@31.5C iwlwifi@33C PMIC@50C GPU@30C AO@41C thermal@30.75C POM_5V_IN 1689/1847 POM_5V_GPU 82/93 POM_5V_CPU 164/279
RAM 1378/3964MB (lfb 8x4MB) SWAP 793/6078MB (cached 34MB) IRAM 0/252kB(lfb 252kB) CPU [6%@921,9%@921,off,off] EMC_FREQ 0%@1600 GR3D_FREQ 0%@614 APE 25 PLL@29.5C CPU@31C iwlwifi@32C PMIC@50C GPU@29.5C AO@41C thermal@30.75C POM_5V_IN 1728/1847 POM_5V_GPU 82/93 POM_5V_CPU 164/279
RAM 1374/3964MB (lfb 8x4MB) SWAP 793/6078MB (cached 34MB) IRAM 0/252kB(lfb 252kB) CPU [7%@921,7%@921,off,off] EMC_FREQ 0%@1600 GR3D_FREQ 0%@614 APE 25 PLL@30C CPU@31C iwlwifi@32C PMIC@50C GPU@29.5C AO@41C thermal@30.75C POM_5V_IN 1689/1847 POM_5V_GPU 82/93 POM_5V_CPU 164/279
RAM 1371/3964MB (lfb 8x4MB) SWAP 793/6078MB (cached 34MB) IRAM 0/252kB(lfb 252kB) CPU [6%@921,7%@921,off,off] EMC_FREQ 0%@1600 GR3D_FREQ 0%@614 APE 25 PLL@29.5C CPU@31.5C iwlwifi@32C PMIC@50C GPU@30C AO@41C thermal@30.75C POM_5V_IN 1689/1847 POM_5V_GPU 82/93 POM_5V_CPU 164/279
RAM 1372/3964MB (lfb 8x4MB) SWAP 793/6078MB (cached 34MB) IRAM 0/252kB(lfb 252kB) CPU [6%@921,8%@921,off,off] EMC_FREQ 0%@1600 GR3D_FREQ 0%@614 APE 25 PLL@30C CPU@31C iwlwifi@32C PMIC@50C GPU@30C AO@40.5C thermal@31C POM_5V_IN 1689/1847 POM_5V_GPU 82/93 POM_5V_CPU 164/279
RAM 1375/3964MB (lfb 8x4MB) SWAP 793/6078MB (cached 34MB) IRAM 0/252kB(lfb 252kB) CPU [7%@921,6%@921,off,off] EMC_FREQ 0%@1600 GR3D_FREQ 0%@614 APE 25 PLL@29.5C CPU@31.5C iwlwifi@32C PMIC@50C GPU@30C AO@40.5C thermal@30.5C POM_5V_IN 1731/1847 POM_5V_GPU 82/93 POM_5V_CPU 164/279
RAM 1374/3964MB (lfb 8x4MB) SWAP 793/6078MB (cached 34MB) IRAM 0/252kB(lfb 252kB) CPU [7%@921,7%@921,off,off] EMC_FREQ 0%@1600 GR3D_FREQ 0%@614 APE 25 PLL@29.5C CPU@32C iwlwifi@32C PMIC@50C GPU@30C AO@40.5C thermal@30.5C POM_5V_IN 1689/1847 POM_5V_GPU 82/93 POM_5V_CPU 164/279
RAM 1370/3964MB (lfb 8x4MB) SWAP 793/6078MB (cached 34MB) IRAM 0/252kB(lfb 252kB) CPU [8%@921,5%@921,off,off] EMC_FREQ 0%@1600 GR3D_FREQ 0%@614 APE 25 PLL@30C CPU@32C iwlwifi@32C PMIC@50C GPU@30C AO@40.5C thermal@30.5C POM_5V_IN 1689/1847 POM_5V_GPU 82/93 POM_5V_CPU 164/278
RAM 1372/3964MB (lfb 8x4MB) SWAP 793/6078MB (cached 34MB) IRAM 0/252kB(lfb 252kB) CPU [6%@921,8%@921,off,off] EMC_FREQ 0%@1600 GR3D_FREQ 0%@614 APE 25 PLL@29.5C CPU@31.5C iwlwifi@32C PMIC@50C GPU@29.5C AO@40.5C thermal@30.75C POM_5V_IN 1731/1846 POM_5V_GPU 82/93 POM_5V_CPU 164/278
RAM 1370/3964MB (lfb 8x4MB) SWAP 793/6078MB (cached 34MB) IRAM 0/252kB(lfb 252kB) CPU [4%@921,9%@921,off,off] EMC_FREQ 0%@1600 GR3D_FREQ 0%@614 APE 25 PLL@29.5C CPU@31.5C iwlwifi@32C PMIC@50C GPU@30C AO@40.5C thermal@30.75C POM_5V_IN 1689/1846 POM_5V_GPU 82/93 POM_5V_CPU 164/278
RAM 1372/3964MB (lfb 8x4MB) SWAP 793/6078MB (cached 34MB) IRAM 0/252kB(lfb 252kB) CPU [4%@921,9%@921,off,off] EMC_FREQ 0%@1600 GR3D_FREQ 0%@614 APE 25 PLL@29.5C CPU@31.5C iwlwifi@32C PMIC@50C GPU@29.5C AO@41C thermal@30.75C POM_5V_IN 1689/1846 POM_5V_GPU 82/93 POM_5V_CPU 123/278
RAM 1373/3964MB (lfb 8x4MB) SWAP 793/6078MB (cached 34MB) IRAM 0/252kB(lfb 252kB) CPU [8%@921,5%@921,off,off] EMC_FREQ 0%@1600 GR3D_FREQ 0%@614 APE 25 PLL@29.5C CPU@31.5C iwlwifi@32C PMIC@50C GPU@30C AO@40.5C thermal@30.5C POM_5V_IN 1689/1846 POM_5V_GPU 82/93 POM_5V_CPU 164/278
RAM 1374/3964MB (lfb 8x4MB) SWAP 793/6078MB (cached 34MB) IRAM 0/252kB(lfb 252kB) CPU [8%@921,5%@921,off,off] EMC_FREQ 0%@1600 GR3D_FREQ 0%@614 APE 25 PLL@29.5C CPU@32C iwlwifi@32C PMIC@50C GPU@29.5C AO@40.5C thermal@30.75C POM_5V_IN 1689/1846 POM_5V_GPU 82/93 POM_5V_CPU 164/278
RAM 1370/3964MB (lfb 8x4MB) SWAP 793/6078MB (cached 34MB) IRAM 0/252kB(lfb 252kB) CPU [8%@921,6%@921,off,off] EMC_FREQ 0%@1600 GR3D_FREQ 0%@614 APE 25 PLL@29.5C CPU@31.5C iwlwifi@32C PMIC@50C GPU@30C AO@41C thermal@30.75C POM_5V_IN 1731/1846 POM_5V_GPU 82/93 POM_5V_CPU 164/278
RAM 1371/3964MB (lfb 8x4MB) SWAP 793/6078MB (cached 34MB) IRAM 0/252kB(lfb 252kB) CPU [6%@921,7%@921,off,off] EMC_FREQ 0%@1600 GR3D_FREQ 0%@614 APE 25 PLL@29.5C CPU@31.5C iwlwifi@32C PMIC@50C GPU@29.5C AO@40.5C thermal@30.5C POM_5V_IN 1689/1846 POM_5V_GPU 82/93 POM_5V_CPU 164/278
RAM 1370/3964MB (lfb 8x4MB) SWAP 793/6078MB (cached 34MB) IRAM 0/252kB(lfb 252kB) CPU [7%@921,7%@921,off,off] EMC_FREQ 0%@1600 GR3D_FREQ 0%@614 APE 25 PLL@29.5C CPU@31.5C iwlwifi@32C PMIC@50C GPU@30C AO@40.5C thermal@30.75C POM_5V_IN 1689/1845 POM_5V_GPU 82/93 POM_5V_CPU 164/278
RAM 1372/3964MB (lfb 8x4MB) SWAP 793/6078MB (cached 34MB) IRAM 0/252kB(lfb 252kB) CPU [5%@921,8%@921,off,off] EMC_FREQ 0%@1600 GR3D_FREQ 0%@614 APE 25 PLL@30C CPU@31.5C iwlwifi@32C PMIC@50C GPU@29.5C AO@40.5C thermal@30.5C POM_5V_IN 1731/1845 POM_5V_GPU 82/93 POM_5V_CPU 164/278
RAM 1373/3964MB (lfb 8x4MB) SWAP 793/6078MB (cached 34MB) IRAM 0/252kB(lfb 252kB) CPU [7%@921,7%@921,off,off] EMC_FREQ 0%@1600 GR3D_FREQ 0%@614 APE 25 PLL@30C CPU@31.5C iwlwifi@32C PMIC@50C GPU@29.5C AO@40.5C thermal@30.75C POM_5V_IN 1689/1845 POM_5V_GPU 82/93 POM_5V_CPU 164/277
RAM 1370/3964MB (lfb 8x4MB) SWAP 793/6078MB (cached 34MB) IRAM 0/252kB(lfb 252kB) CPU [7%@921,6%@921,off,off] EMC_FREQ 0%@1600 GR3D_FREQ 0%@614 APE 25 PLL@29.5C CPU@31.5C iwlwifi@32C PMIC@50C GPU@30C AO@40.5C thermal@30.5C POM_5V_IN 1689/1845 POM_5V_GPU 82/93 POM_5V_CPU 164/277
RAM 1375/3964MB (lfb 8x4MB) SWAP 793/6078MB (cached 34MB) IRAM 0/252kB(lfb 252kB) CPU [7%@921,7%@921,off,off] EMC_FREQ 0%@1600 GR3D_FREQ 0%@614 APE 25 PLL@29.5C CPU@31C iwlwifi@32C PMIC@50C GPU@30C AO@41C thermal@30.5C POM_5V_IN 1689/1845 POM_5V_GPU 82/93 POM_5V_CPU 164/277
RAM 1372/3964MB (lfb 8x4MB) SWAP 793/6078MB (cached 34MB) IRAM 0/252kB(lfb 252kB) CPU [7%@921,6%@921,off,off] EMC_FREQ 0%@1600 GR3D_FREQ 0%@614 APE 25 PLL@29.5C CPU@31.5C iwlwifi@32C PMIC@50C GPU@29.5C AO@40.5C thermal@30.5C POM_5V_IN 1689/1845 POM_5V_GPU 82/93 POM_5V_CPU 123/277
RAM 1374/3964MB (lfb 8x4MB) SWAP 793/6078MB (cached 34MB) IRAM 0/252kB(lfb 252kB) CPU [6%@921,8%@921,off,off] EMC_FREQ 0%@1600 GR3D_FREQ 0%@614 APE 25 PLL@30C CPU@31.5C iwlwifi@32C PMIC@50C GPU@29.5C AO@40.5C thermal@30.5C POM_5V_IN 1689/1845 POM_5V_GPU 82/93 POM_5V_CPU 123/277
RAM 1373/3964MB (lfb 8x4MB) SWAP 793/6078MB (cached 34MB) IRAM 0/252kB(lfb 252kB) CPU [8%@921,5%@921,off,off] EMC_FREQ 0%@1600 GR3D_FREQ 0%@614 APE 25 PLL@29.5C CPU@31.5C iwlwifi@32C PMIC@50C GPU@30C AO@40.5C thermal@30.75C POM_5V_IN 1689/1845 POM_5V_GPU 82/93 POM_5V_CPU 164/277
RAM 1370/3964MB (lfb 8x4MB) SWAP 793/6078MB (cached 34MB) IRAM 0/252kB(lfb 252kB) CPU [7%@921,6%@921,off,off] EMC_FREQ 0%@1600 GR3D_FREQ 0%@614 APE 25 PLL@30C CPU@31.5C iwlwifi@32C PMIC@50C GPU@29.5C AO@41C thermal@30.5C POM_5V_IN 1731/1844 POM_5V_GPU 82/92 POM_5V_CPU 164/277
RAM 1375/3964MB (lfb 8x4MB) SWAP 793/6078MB (cached 34MB) IRAM 0/252kB(lfb 252kB) CPU [7%@921,7%@921,off,off] EMC_FREQ 0%@1600 GR3D_FREQ 0%@614 APE 25 PLL@29.5C CPU@31.5C iwlwifi@32C PMIC@50C GPU@29.5C AO@40.5C thermal@30.5C POM_5V_IN 1689/1844 POM_5V_GPU 82/92 POM_5V_CPU 164/277
RAM 1371/3964MB (lfb 8x4MB) SWAP 793/6078MB (cached 34MB) IRAM 0/252kB(lfb 252kB) CPU [5%@921,9%@921,off,off] EMC_FREQ 0%@1600 GR3D_FREQ 0%@614 APE 25 PLL@29.5C CPU@31.5C iwlwifi@32C PMIC@50C GPU@29.5C AO@41C thermal@30.5C POM_5V_IN 1689/1844 POM_5V_GPU 82/92 POM_5V_CPU 164/277
RAM 1371/3964MB (lfb 8x4MB) SWAP 793/6078MB (cached 34MB) IRAM 0/252kB(lfb 252kB) CPU [7%@921,7%@921,off,off] EMC_FREQ 0%@1600 GR3D_FREQ 0%@614 APE 25 PLL@29.5C CPU@31.5C iwlwifi@32C PMIC@50C GPU@30C AO@41C thermal@30.75C POM_5V_IN 1689/1844 POM_5V_GPU 82/92 POM_5V_CPU 123/276
RAM 1374/3964MB (lfb 8x4MB) SWAP 793/6078MB (cached 34MB) IRAM 0/252kB(lfb 252kB) CPU [6%@921,7%@921,off,off] EMC_FREQ 0%@1600 GR3D_FREQ 0%@614 APE 25 PLL@29.5C CPU@31C iwlwifi@32C PMIC@50C GPU@29.5C AO@41C thermal@31C POM_5V_IN 1689/1844 POM_5V_GPU 82/92 POM_5V_CPU 164/276
RAM 1374/3964MB (lfb 8x4MB) SWAP 793/6078MB (cached 34MB) IRAM 0/252kB(lfb 252kB) CPU [6%@921,7%@921,off,off] EMC_FREQ 0%@1600 GR3D_FREQ 0%@614 APE 25 PLL@30C CPU@31.5C iwlwifi@32C PMIC@50C GPU@30C AO@40.5C thermal@30.5C POM_5V_IN 1731/1844 POM_5V_GPU 82/92 POM_5V_CPU 164/276
RAM 1374/3964MB (lfb 8x4MB) SWAP 793/6078MB (cached 34MB) IRAM 0/252kB(lfb 252kB) CPU [5%@921,8%@921,off,off] EMC_FREQ 0%@1600 GR3D_FREQ 0%@614 APE 25 PLL@29.5C CPU@32C iwlwifi@32C PMIC@50C GPU@29.5C AO@41C thermal@30.75C POM_5V_IN 1689/1844 POM_5V_GPU 82/92 POM_5V_CPU 164/276
RAM 1373/3964MB (lfb 8x4MB) SWAP 793/6078MB (cached 34MB) IRAM 0/252kB(lfb 252kB) CPU [6%@921,8%@921,off,off] EMC_FREQ 0%@1600 GR3D_FREQ 0%@614 APE 25 PLL@29.5C CPU@31.5C iwlwifi@32C PMIC@50C GPU@29.5C AO@40.5C thermal@30.5C POM_5V_IN 1689/1843 POM_5V_GPU 82/92 POM_5V_CPU 164/276
RAM 1370/3964MB (lfb 8x4MB) SWAP 793/6078MB (cached 34MB) IRAM 0/252kB(lfb 252kB) CPU [5%@921,8%@921,off,off] EMC_FREQ 0%@1600 GR3D_FREQ 0%@614 APE 25 PLL@29.5C CPU@31.5C iwlwifi@32C PMIC@50C GPU@29.5C AO@40.5C thermal@30.5C POM_5V_IN 1689/1843 POM_5V_GPU 82/92 POM_5V_CPU 164/276
RAM 1370/3964MB (lfb 8x4MB) SWAP 793/6078MB (cached 34MB) IRAM 0/252kB(lfb 252kB) CPU [6%@921,7%@921,off,off] EMC_FREQ 0%@1600 GR3D_FREQ 0%@614 APE 25 PLL@29.5C CPU@31.5C iwlwifi@32C PMIC@50C GPU@29.5C AO@41C thermal@30.5C POM_5V_IN 1731/1843 POM_5V_GPU 82/92 POM_5V_CPU 164/276
RAM 1374/3964MB (lfb 8x4MB) SWAP 793/6078MB (cached 34MB) IRAM 0/252kB(lfb 252kB) CPU [5%@921,8%@921,off,off] EMC_FREQ 0%@1600 GR3D_FREQ 0%@614 APE 25 PLL@29.5C CPU@31.5C iwlwifi@32C PMIC@50C GPU@29.5C AO@40.5C thermal@30.5C POM_5V_IN 1689/1843 POM_5V_GPU 82/92 POM_5V_CPU 164/276
RAM 1372/3964MB (lfb 8x4MB) SWAP 793/6078MB (cached 34MB) IRAM 0/252kB(lfb 252kB) CPU [7%@921,7%@921,off,off] EMC_FREQ 0%@1600 GR3D_FREQ 0%@614 APE 25 PLL@29.5C CPU@31.5C iwlwifi@32C PMIC@50C GPU@29.5C AO@40.5C thermal@30.75C POM_5V_IN 1689/1843 POM_5V_GPU 82/92 POM_5V_CPU 164/276
RAM 1373/3964MB (lfb 8x4MB) SWAP 793/6078MB (cached 34MB) IRAM 0/252kB(lfb 252kB) CPU [7%@921,6%@921,off,off] EMC_FREQ 0%@1600 GR3D_FREQ 0%@614 APE 25 PLL@30C CPU@31.5C iwlwifi@32C PMIC@50C GPU@29.5C AO@40.5C thermal@30.75C POM_5V_IN 1689/1843 POM_5V_GPU 82/92 POM_5V_CPU 164/276
RAM 1371/3964MB (lfb 8x4MB) SWAP 793/6078MB (cached 34MB) IRAM 0/252kB(lfb 252kB) CPU [8%@921,6%@921,off,off] EMC_FREQ 0%@1600 GR3D_FREQ 0%@614 APE 25 PLL@29.5C CPU@31.5C iwlwifi@32C PMIC@50C GPU@29.5C AO@40.5C thermal@30.5C POM_5V_IN 1689/1843 POM_5V_GPU 82/92 POM_5V_CPU 164/275
RAM 1371/3964MB (lfb 8x4MB) SWAP 793/6078MB (cached 34MB) IRAM 0/252kB(lfb 252kB) CPU [9%@921,4%@921,off,off] EMC_FREQ 0%@1600 GR3D_FREQ 0%@614 APE 25 PLL@29.5C CPU@31.5C iwlwifi@32C PMIC@50C GPU@29.5C AO@41C thermal@30.5C POM_5V_IN 1731/1843 POM_5V_GPU 82/92 POM_5V_CPU 164/275
RAM 1374/3964MB (lfb 8x4MB) SWAP 793/6078MB (cached 34MB) IRAM 0/252kB(lfb 252kB) CPU [7%@921,6%@921,off,off] EMC_FREQ 0%@1600 GR3D_FREQ 0%@614 APE 25 PLL@29.5C CPU@31.5C iwlwifi@32C PMIC@50C GPU@29.5C AO@41C thermal@30.5C POM_5V_IN 1689/1842 POM_5V_GPU 82/92 POM_5V_CPU 164/275
RAM 1375/3964MB (lfb 8x4MB) SWAP 793/6078MB (cached 34MB) IRAM 0/252kB(lfb 252kB) CPU [6%@921,6%@921,off,off] EMC_FREQ 0%@1600 GR3D_FREQ 0%@614 APE 25 PLL@29.5C CPU@31.5C iwlwifi@32C PMIC@50C GPU@30C AO@40.5C thermal@30.5C POM_5V_IN 1731/1842 POM_5V_GPU 82/92 POM_5V_CPU 164/275
RAM 1373/3964MB (lfb 8x4MB) SWAP 793/6078MB (cached 34MB) IRAM 0/252kB(lfb 252kB) CPU [9%@921,4%@921,off,off] EMC_FREQ 0%@1600 GR3D_FREQ 0%@614 APE 25 PLL@29.5C CPU@31C iwlwifi@32C PMIC@50C GPU@30C AO@40.5C thermal@30.5C POM_5V_IN 1689/1842 POM_5V_GPU 82/92 POM_5V_CPU 164/275
RAM 1375/3964MB (lfb 8x4MB) SWAP 793/6078MB (cached 34MB) IRAM 0/252kB(lfb 252kB) CPU [7%@921,7%@921,off,off] EMC_FREQ 0%@1600 GR3D_FREQ 0%@614 APE 25 PLL@29.5C CPU@31.5C iwlwifi@32C PMIC@50C GPU@29.5C AO@40.5C thermal@30.5C POM_5V_IN 1689/1842 POM_5V_GPU 82/92 POM_5V_CPU 164/275
RAM 1401/3964MB (lfb 8x4MB) SWAP 792/6078MB (cached 34MB) IRAM 0/252kB(lfb 252kB) CPU [25%@921,21%@921,off,off] EMC_FREQ 0%@1600 GR3D_FREQ 0%@614 APE 25 PLL@29.5C CPU@31.5C iwlwifi@32C PMIC@50C GPU@29.5C AO@41C thermal@30.5C POM_5V_IN 1689/1842 POM_5V_GPU 82/92 POM_5V_CPU 164/275
RAM 1383/3964MB (lfb 8x4MB) SWAP 792/6078MB (cached 34MB) IRAM 0/252kB(lfb 252kB) CPU [6%@921,9%@921,off,off] EMC_FREQ 0%@1600 GR3D_FREQ 0%@614 APE 25 PLL@29.5C CPU@31.5C iwlwifi@32C PMIC@50C GPU@30C AO@40.5C thermal@30.5C POM_5V_IN 1731/1842 POM_5V_GPU 82/92 POM_5V_CPU 164/275
RAM 1381/3964MB (lfb 8x4MB) SWAP 792/6078MB (cached 34MB) IRAM 0/252kB(lfb 252kB) CPU [5%@921,8%@921,off,off] EMC_FREQ 0%@1600 GR3D_FREQ 0%@614 APE 25 PLL@29.5C CPU@31.5C iwlwifi@32C PMIC@50C GPU@30C AO@40.5C thermal@30.75C POM_5V_IN 1689/1842 POM_5V_GPU 82/92 POM_5V_CPU 164/275
RAM 1381/3964MB (lfb 8x4MB) SWAP 792/6078MB (cached 34MB) IRAM 0/252kB(lfb 252kB) CPU [6%@921,8%@921,off,off] EMC_FREQ 0%@1600 GR3D_FREQ 0%@614 APE 25 PLL@29.5C CPU@31.5C iwlwifi@32C PMIC@50C GPU@30C AO@40.5C thermal@30.75C POM_5V_IN 1689/1842 POM_5V_GPU 82/92 POM_5V_CPU 164/275
RAM 1379/3964MB (lfb 8x4MB) SWAP 792/6078MB (cached 34MB) IRAM 0/252kB(lfb 252kB) CPU [7%@921,6%@921,off,off] EMC_FREQ 0%@1600 GR3D_FREQ 0%@614 APE 25 PLL@29.5C CPU@31.5C iwlwifi@32C PMIC@50C GPU@30C AO@40.5C thermal@30.75C POM_5V_IN 1689/1841 POM_5V_GPU 82/92 POM_5V_CPU 164/274
RAM 1381/3964MB (lfb 8x4MB) SWAP 792/6078MB (cached 34MB) IRAM 0/252kB(lfb 252kB) CPU [6%@921,8%@921,off,off] EMC_FREQ 0%@1600 GR3D_FREQ 0%@614 APE 25 PLL@29.5C CPU@31.5C iwlwifi@32C PMIC@50C GPU@29.5C AO@41C thermal@30.75C POM_5V_IN 1731/1841 POM_5V_GPU 82/92 POM_5V_CPU 164/274
RAM 1381/3964MB (lfb 8x4MB) SWAP 792/6078MB (cached 34MB) IRAM 0/252kB(lfb 252kB) CPU [6%@921,7%@921,off,off] EMC_FREQ 0%@1600 GR3D_FREQ 0%@614 APE 25 PLL@29.5C CPU@31.5C iwlwifi@32C PMIC@50C GPU@30C AO@40.5C thermal@30.75C POM_5V_IN 1731/1841 POM_5V_GPU 82/92 POM_5V_CPU 164/274
RAM 1379/3964MB (lfb 8x4MB) SWAP 792/6078MB (cached 34MB) IRAM 0/252kB(lfb 252kB) CPU [7%@921,6%@921,off,off] EMC_FREQ 0%@1600 GR3D_FREQ 0%@614 APE 25 PLL@29.5C CPU@31.5C iwlwifi@32C PMIC@50C GPU@30C AO@40.5C thermal@30.5C POM_5V_IN 1689/1841 POM_5V_GPU 82/92 POM_5V_CPU 164/274
RAM 1381/3964MB (lfb 8x4MB) SWAP 792/6078MB (cached 34MB) IRAM 0/252kB(lfb 252kB) CPU [7%@921,6%@921,off,off] EMC_FREQ 0%@1600 GR3D_FREQ 0%@614 APE 25 PLL@29.5C CPU@31.5C iwlwifi@32C PMIC@50C GPU@29.5C AO@40.5C thermal@30.5C POM_5V_IN 1731/1841 POM_5V_GPU 82/92 POM_5V_CPU 164/274
RAM 1383/3964MB (lfb 8x4MB) SWAP 792/6078MB (cached 34MB) IRAM 0/252kB(lfb 252kB) CPU [9%@921,5%@921,off,off] EMC_FREQ 0%@1600 GR3D_FREQ 0%@614 APE 25 PLL@30C CPU@31.5C iwlwifi@32C PMIC@50C GPU@29.5C AO@40.5C thermal@30.75C POM_5V_IN 1687/1841 POM_5V_GPU 82/92 POM_5V_CPU 164/274
RAM 1381/3964MB (lfb 8x4MB) SWAP 792/6078MB (cached 34MB) IRAM 0/252kB(lfb 252kB) CPU [7%@921,7%@921,off,off] EMC_FREQ 0%@1600 GR3D_FREQ 0%@614 APE 25 PLL@29.5C CPU@31.5C iwlwifi@32C PMIC@50C GPU@30C AO@40.5C thermal@30.75C POM_5V_IN 1689/1841 POM_5V_GPU 82/92 POM_5V_CPU 164/274
RAM 1381/3964MB (lfb 8x4MB) SWAP 792/6078MB (cached 34MB) IRAM 0/252kB(lfb 252kB) CPU [8%@921,5%@921,off,off] EMC_FREQ 0%@1600 GR3D_FREQ 0%@614 APE 25 PLL@29.5C CPU@31.5C iwlwifi@32C PMIC@50C GPU@30C AO@41C thermal@30.5C POM_5V_IN 1731/1841 POM_5V_GPU 82/92 POM_5V_CPU 164/274
RAM 1381/3964MB (lfb 8x4MB) SWAP 792/6078MB (cached 34MB) IRAM 0/252kB(lfb 252kB) CPU [6%@921,7%@921,off,off] EMC_FREQ 0%@1600 GR3D_FREQ 0%@614 APE 25 PLL@29.5C CPU@31.5C iwlwifi@32C PMIC@50C GPU@30C AO@40.5C thermal@30.5C POM_5V_IN 1689/1841 POM_5V_GPU 82/92 POM_5V_CPU 164/274
RAM 1379/3964MB (lfb 8x4MB) SWAP 792/6078MB (cached 34MB) IRAM 0/252kB(lfb 252kB) CPU [9%@921,4%@921,off,off] EMC_FREQ 0%@1600 GR3D_FREQ 0%@614 APE 25 PLL@29.5C CPU@31.5C iwlwifi@32C PMIC@50C GPU@29.5C AO@41C thermal@30.75C POM_5V_IN 1728/1840 POM_5V_GPU 82/92 POM_5V_CPU 164/274
RAM 1381/3964MB (lfb 8x4MB) SWAP 792/6078MB (cached 34MB) IRAM 0/252kB(lfb 252kB) CPU [6%@921,8%@921,off,off] EMC_FREQ 0%@1600 GR3D_FREQ 0%@614 APE 25 PLL@29.5C CPU@31.5C iwlwifi@32C PMIC@50C GPU@29.5C AO@40.5C thermal@30.5C POM_5V_IN 1689/1840 POM_5V_GPU 82/92 POM_5V_CPU 164/274
RAM 1381/3964MB (lfb 8x4MB) SWAP 792/6078MB (cached 34MB) IRAM 0/252kB(lfb 252kB) CPU [6%@921,7%@921,off,off] EMC_FREQ 0%@1600 GR3D_FREQ 0%@614 APE 25 PLL@29.5C CPU@31.5C iwlwifi@32C PMIC@50C GPU@29.5C AO@40.5C thermal@30.75C POM_5V_IN 1689/1840 POM_5V_GPU 82/92 POM_5V_CPU 164/273
RAM 1379/3964MB (lfb 8x4MB) SWAP 792/6078MB (cached 34MB) IRAM 0/252kB(lfb 252kB) CPU [7%@921,7%@921,off,off] EMC_FREQ 0%@1600 GR3D_FREQ 0%@614 APE 25 PLL@29.5C CPU@31.5C iwlwifi@32C PMIC@50C GPU@29.5C AO@41C thermal@30.75C POM_5V_IN 1687/1840 POM_5V_GPU 82/92 POM_5V_CPU 164/273
RAM 1379/3964MB (lfb 8x4MB) SWAP 792/6078MB (cached 34MB) IRAM 0/252kB(lfb 252kB) CPU [9%@921,4%@921,off,off] EMC_FREQ 0%@1600 GR3D_FREQ 0%@614 APE 25 PLL@29.5C CPU@31.5C iwlwifi@32C PMIC@50C GPU@30C AO@40.5C thermal@30.5C POM_5V_IN 1731/1840 POM_5V_GPU 82/92 POM_5V_CPU 164/273
RAM 1379/3964MB (lfb 8x4MB) SWAP 792/6078MB (cached 34MB) IRAM 0/252kB(lfb 252kB) CPU [8%@921,6%@921,off,off] EMC_FREQ 0%@1600 GR3D_FREQ 0%@614 APE 25 PLL@29.5C CPU@31.5C iwlwifi@32C PMIC@50C GPU@30C AO@40.5C thermal@30.5C POM_5V_IN 1689/1840 POM_5V_GPU 82/92 POM_5V_CPU 164/273
RAM 1379/3964MB (lfb 8x4MB) SWAP 792/6078MB (cached 34MB) IRAM 0/252kB(lfb 252kB) CPU [5%@921,7%@921,off,off] EMC_FREQ 0%@1600 GR3D_FREQ 0%@614 APE 25 PLL@29.5C CPU@31.5C iwlwifi@32C PMIC@50C GPU@29.5C AO@40.5C thermal@30.75C POM_5V_IN 1689/1840 POM_5V_GPU 82/92 POM_5V_CPU 164/273
RAM 1383/3964MB (lfb 8x4MB) SWAP 792/6078MB (cached 34MB) IRAM 0/252kB(lfb 252kB) CPU [7%@921,6%@921,off,off] EMC_FREQ 0%@1600 GR3D_FREQ 0%@614 APE 25 PLL@29.5C CPU@31.5C iwlwifi@32C PMIC@50C GPU@29.5C AO@40.5C thermal@30.75C POM_5V_IN 1689/1840 POM_5V_GPU 82/92 POM_5V_CPU 164/273
RAM 1383/3964MB (lfb 8x4MB) SWAP 792/6078MB (cached 34MB) IRAM 0/252kB(lfb 252kB) CPU [7%@921,6%@921,off,off] EMC_FREQ 0%@1600 GR3D_FREQ 0%@614 APE 25 PLL@29.5C CPU@31.5C iwlwifi@32C PMIC@50C GPU@30C AO@40.5C thermal@30.75C POM_5V_IN 1689/1839 POM_5V_GPU 82/92 POM_5V_CPU 164/273
RAM 1379/3964MB (lfb 8x4MB) SWAP 792/6078MB (cached 34MB) IRAM 0/252kB(lfb 252kB) CPU [6%@921,7%@921,off,off] EMC_FREQ 0%@1600 GR3D_FREQ 0%@614 APE 25 PLL@29.5C CPU@31.5C iwlwifi@32C PMIC@50C GPU@29.5C AO@41C thermal@30.5C POM_5V_IN 1689/1839 POM_5V_GPU 82/92 POM_5V_CPU 164/273
RAM 1381/3964MB (lfb 8x4MB) SWAP 792/6078MB (cached 34MB) IRAM 0/252kB(lfb 252kB) CPU [6%@921,7%@921,off,off] EMC_FREQ 0%@1600 GR3D_FREQ 0%@614 APE 25 PLL@29.5C CPU@31.5C iwlwifi@32C PMIC@50C GPU@30C AO@40.5C thermal@30.75C POM_5V_IN 1689/1839 POM_5V_GPU 82/92 POM_5V_CPU 164/273
RAM 1383/3964MB (lfb 8x4MB) SWAP 792/6078MB (cached 34MB) IRAM 0/252kB(lfb 252kB) CPU [8%@921,5%@921,off,off] EMC_FREQ 0%@1600 GR3D_FREQ 0%@614 APE 25 PLL@29.5C CPU@31.5C iwlwifi@32C PMIC@50C GPU@30C AO@40.5C thermal@30.5C POM_5V_IN 1689/1839 POM_5V_GPU 82/92 POM_5V_CPU 164/273
RAM 1379/3964MB (lfb 8x4MB) SWAP 792/6078MB (cached 34MB) IRAM 0/252kB(lfb 252kB) CPU [8%@921,5%@921,off,off] EMC_FREQ 0%@1600 GR3D_FREQ 0%@614 APE 25 PLL@29.5C CPU@31.5C iwlwifi@32C PMIC@50C GPU@30C AO@40.5C thermal@30.5C POM_5V_IN 1728/1839 POM_5V_GPU 82/92 POM_5V_CPU 164/272
RAM 1383/3964MB (lfb 8x4MB) SWAP 792/6078MB (cached 34MB) IRAM 0/252kB(lfb 252kB) CPU [7%@921,7%@921,off,off] EMC_FREQ 0%@1600 GR3D_FREQ 0%@614 APE 25 PLL@29.5C CPU@31.5C iwlwifi@32C PMIC@50C GPU@30C AO@41C thermal@30.75C POM_5V_IN 1689/1839 POM_5V_GPU 82/92 POM_5V_CPU 164/272
RAM 1383/3964MB (lfb 8x4MB) SWAP 792/6078MB (cached 34MB) IRAM 0/252kB(lfb 252kB) CPU [7%@921,7%@921,off,off] EMC_FREQ 0%@1600 GR3D_FREQ 0%@614 APE 25 PLL@29.5C CPU@31.5C iwlwifi@32C PMIC@50C GPU@29.5C AO@41C thermal@30.75C POM_5V_IN 1689/1839 POM_5V_GPU 82/92 POM_5V_CPU 164/272
RAM 1381/3964MB (lfb 8x4MB) SWAP 792/6078MB (cached 34MB) IRAM 0/252kB(lfb 252kB) CPU [7%@921,7%@921,off,off] EMC_FREQ 0%@1600 GR3D_FREQ 0%@614 APE 25 PLL@30C CPU@31.5C iwlwifi@32C PMIC@50C GPU@29.5C AO@41C thermal@30.75C POM_5V_IN 1689/1839 POM_5V_GPU 82/92 POM_5V_CPU 164/272
RAM 1383/3964MB (lfb 8x4MB) SWAP 792/6078MB (cached 34MB) IRAM 0/252kB(lfb 252kB) CPU [7%@921,7%@921,off,off] EMC_FREQ 0%@1600 GR3D_FREQ 0%@614 APE 25 PLL@29.5C CPU@31.5C iwlwifi@32C PMIC@50C GPU@30C AO@40.5C thermal@30.75C POM_5V_IN 1689/1838 POM_5V_GPU 82/92 POM_5V_CPU 164/272
RAM 1383/3964MB (lfb 8x4MB) SWAP 792/6078MB (cached 34MB) IRAM 0/252kB(lfb 252kB) CPU [9%@921,5%@921,off,off] EMC_FREQ 0%@1600 GR3D_FREQ 0%@614 APE 25 PLL@29.5C CPU@31.5C iwlwifi@32C PMIC@50C GPU@30C AO@40.5C thermal@30.75C POM_5V_IN 2013/1839 POM_5V_GPU 82/92 POM_5V_CPU 369/272
RAM 1381/3964MB (lfb 8x4MB) SWAP 792/6078MB (cached 34MB) IRAM 0/252kB(lfb 252kB) CPU [8%@921,6%@921,off,off] EMC_FREQ 0%@1600 GR3D_FREQ 0%@614 APE 25 PLL@29.5C CPU@32C iwlwifi@32C PMIC@50C GPU@29.5C AO@41C thermal@31C POM_5V_IN 1689/1838 POM_5V_GPU 82/92 POM_5V_CPU 123/272
RAM 1379/3964MB (lfb 8x4MB) SWAP 792/6078MB (cached 34MB) IRAM 0/252kB(lfb 252kB) CPU [6%@921,7%@921,off,off] EMC_FREQ 0%@1600 GR3D_FREQ 0%@614 APE 25 PLL@29.5C CPU@31.5C iwlwifi@32C PMIC@50C GPU@30C AO@40.5C thermal@30.75C POM_5V_IN 1689/1838 POM_5V_GPU 82/92 POM_5V_CPU 123/272
RAM 1379/3964MB (lfb 8x4MB) SWAP 792/6078MB (cached 34MB) IRAM 0/252kB(lfb 252kB) CPU [8%@921,6%@921,off,off] EMC_FREQ 0%@1600 GR3D_FREQ 0%@614 APE 25 PLL@29.5C CPU@31.5C iwlwifi@33C PMIC@50C GPU@30C AO@41C thermal@30.5C POM_5V_IN 1689/1838 POM_5V_GPU 82/92 POM_5V_CPU 164/272
RAM 1382/3964MB (lfb 8x4MB) SWAP 792/6078MB (cached 34MB) IRAM 0/252kB(lfb 252kB) CPU [6%@921,7%@921,off,off] EMC_FREQ 0%@1600 GR3D_FREQ 0%@614 APE 25 PLL@30C CPU@32C iwlwifi@32C PMIC@50C GPU@29.5C AO@40.5C thermal@30.5C POM_5V_IN 1689/1838 POM_5V_GPU 82/92 POM_5V_CPU 164/272
RAM 1381/3964MB (lfb 8x4MB) SWAP 792/6078MB (cached 34MB) IRAM 0/252kB(lfb 252kB) CPU [8%@921,6%@921,off,off] EMC_FREQ 0%@1600 GR3D_FREQ 0%@614 APE 25 PLL@29.5C CPU@31.5C iwlwifi@32C PMIC@50C GPU@30C AO@40.5C thermal@30.75C POM_5V_IN 1689/1838 POM_5V_GPU 82/92 POM_5V_CPU 164/272
RAM 1381/3964MB (lfb 8x4MB) SWAP 792/6078MB (cached 34MB) IRAM 0/252kB(lfb 252kB) CPU [8%@921,6%@921,off,off] EMC_FREQ 0%@1600 GR3D_FREQ 0%@614 APE 25 PLL@30C CPU@31.5C iwlwifi@32C PMIC@50C GPU@30C AO@41C thermal@30.75C POM_5V_IN 1689/1838 POM_5V_GPU 82/92 POM_5V_CPU 123/272
RAM 1379/3964MB (lfb 8x4MB) SWAP 792/6078MB (cached 34MB) IRAM 0/252kB(lfb 252kB) CPU [7%@921,6%@921,off,off] EMC_FREQ 0%@1600 GR3D_FREQ 0%@614 APE 25 PLL@29.5C CPU@31.5C iwlwifi@32C PMIC@50C GPU@29.5C AO@41C thermal@30.75C POM_5V_IN 1689/1838 POM_5V_GPU 82/92 POM_5V_CPU 164/271
RAM 1379/3964MB (lfb 8x4MB) SWAP 792/6078MB (cached 34MB) IRAM 0/252kB(lfb 252kB) CPU [4%@921,9%@921,off,off] EMC_FREQ 0%@1600 GR3D_FREQ 0%@614 APE 25 PLL@29.5C CPU@31.5C iwlwifi@32C PMIC@50C GPU@30C AO@40.5C thermal@30.75C POM_5V_IN 1687/1838 POM_5V_GPU 82/92 POM_5V_CPU 164/271
RAM 1379/3964MB (lfb 8x4MB) SWAP 792/6078MB (cached 34MB) IRAM 0/252kB(lfb 252kB) CPU [8%@921,5%@921,off,off] EMC_FREQ 0%@1600 GR3D_FREQ 0%@614 APE 25 PLL@29.5C CPU@31.5C iwlwifi@32C PMIC@50C GPU@30C AO@40.5C thermal@30.75C POM_5V_IN 1689/1837 POM_5V_GPU 82/92 POM_5V_CPU 164/271
RAM 1378/3964MB (lfb 8x4MB) SWAP 792/6078MB (cached 34MB) IRAM 0/252kB(lfb 252kB) CPU [8%@921,5%@921,off,off] EMC_FREQ 0%@1600 GR3D_FREQ 0%@614 APE 25 PLL@30C CPU@31.5C iwlwifi@32C PMIC@50C GPU@30C AO@40.5C thermal@30.5C POM_5V_IN 1689/1837 POM_5V_GPU 82/92 POM_5V_CPU 164/271
RAM 1383/3964MB (lfb 8x4MB) SWAP 792/6078MB (cached 34MB) IRAM 0/252kB(lfb 252kB) CPU [5%@921,9%@921,off,off] EMC_FREQ 0%@1600 GR3D_FREQ 0%@614 APE 25 PLL@29.5C CPU@31.5C iwlwifi@32C PMIC@50C GPU@30C AO@41C thermal@30.75C POM_5V_IN 1689/1837 POM_5V_GPU 82/92 POM_5V_CPU 164/271
RAM 1379/3964MB (lfb 8x4MB) SWAP 792/6078MB (cached 34MB) IRAM 0/252kB(lfb 252kB) CPU [8%@921,5%@921,off,off] EMC_FREQ 0%@1600 GR3D_FREQ 0%@614 APE 25 PLL@30C CPU@31.5C iwlwifi@32C PMIC@50C GPU@29.5C AO@40.5C thermal@30.75C POM_5V_IN 1689/1837 POM_5V_GPU 82/92 POM_5V_CPU 164/271
RAM 1379/3964MB (lfb 8x4MB) SWAP 792/6078MB (cached 34MB) IRAM 0/252kB(lfb 252kB) CPU [6%@921,8%@921,off,off] EMC_FREQ 0%@1600 GR3D_FREQ 0%@614 APE 25 PLL@29.5C CPU@31.5C iwlwifi@32C PMIC@50C GPU@30C AO@40.5C thermal@30.75C POM_5V_IN 1689/1837 POM_5V_GPU 82/92 POM_5V_CPU 123/271
RAM 1383/3964MB (lfb 8x4MB) SWAP 792/6078MB (cached 34MB) IRAM 0/252kB(lfb 252kB) CPU [6%@921,8%@921,off,off] EMC_FREQ 0%@1600 GR3D_FREQ 0%@614 APE 25 PLL@29.5C CPU@32C iwlwifi@32C PMIC@50C GPU@29.5C AO@40.5C thermal@30.75C POM_5V_IN 1689/1837 POM_5V_GPU 82/92 POM_5V_CPU 164/271
RAM 1381/3964MB (lfb 8x4MB) SWAP 792/6078MB (cached 34MB) IRAM 0/252kB(lfb 252kB) CPU [7%@921,6%@921,off,off] EMC_FREQ 0%@1600 GR3D_FREQ 0%@614 APE 25 PLL@29.5C CPU@31.5C iwlwifi@32C PMIC@50C GPU@30C AO@41C thermal@30.75C POM_5V_IN 1689/1837 POM_5V_GPU 82/92 POM_5V_CPU 164/271
RAM 1383/3964MB (lfb 8x4MB) SWAP 792/6078MB (cached 34MB) IRAM 0/252kB(lfb 252kB) CPU [7%@921,9%@921,off,off] EMC_FREQ 0%@1600 GR3D_FREQ 0%@614 APE 25 PLL@29.5C CPU@31.5C iwlwifi@32C PMIC@50C GPU@30C AO@40.5C thermal@30.75C POM_5V_IN 1689/1837 POM_5V_GPU 82/92 POM_5V_CPU 164/271
RAM 1379/3964MB (lfb 8x4MB) SWAP 792/6078MB (cached 34MB) IRAM 0/252kB(lfb 252kB) CPU [6%@921,7%@921,off,off] EMC_FREQ 0%@1600 GR3D_FREQ 0%@614 APE 25 PLL@30C CPU@31.5C iwlwifi@32C PMIC@50C GPU@30C AO@40.5C thermal@30.75C POM_5V_IN 1689/1836 POM_5V_GPU 82/92 POM_5V_CPU 164/270
RAM 1380/3964MB (lfb 8x4MB) SWAP 792/6078MB (cached 34MB) IRAM 0/252kB(lfb 252kB) CPU [6%@921,8%@921,off,off] EMC_FREQ 0%@1600 GR3D_FREQ 0%@614 APE 25 PLL@29.5C CPU@31.5C iwlwifi@33C PMIC@50C GPU@30C AO@40.5C thermal@31C POM_5V_IN 1689/1836 POM_5V_GPU 82/92 POM_5V_CPU 164/270
RAM 1383/3964MB (lfb 8x4MB) SWAP 792/6078MB (cached 34MB) IRAM 0/252kB(lfb 252kB) CPU [8%@921,5%@921,off,off] EMC_FREQ 0%@1600 GR3D_FREQ 0%@614 APE 25 PLL@29.5C CPU@32C iwlwifi@32C PMIC@50C GPU@30C AO@40.5C thermal@31C POM_5V_IN 1689/1836 POM_5V_GPU 82/92 POM_5V_CPU 164/270
RAM 1381/3964MB (lfb 8x4MB) SWAP 792/6078MB (cached 34MB) IRAM 0/252kB(lfb 252kB) CPU [6%@921,8%@921,off,off] EMC_FREQ 0%@1600 GR3D_FREQ 0%@614 APE 25 PLL@29.5C CPU@31.5C iwlwifi@32C PMIC@50C GPU@29.5C AO@40.5C thermal@31C POM_5V_IN 1689/1836 POM_5V_GPU 82/92 POM_5V_CPU 123/270
RAM 1381/3964MB (lfb 8x4MB) SWAP 792/6078MB (cached 34MB) IRAM 0/252kB(lfb 252kB) CPU [6%@921,7%@921,off,off] EMC_FREQ 0%@1600 GR3D_FREQ 0%@614 APE 25 PLL@29.5C CPU@31.5C iwlwifi@32C PMIC@50C GPU@30C AO@40.5C thermal@31C POM_5V_IN 1689/1836 POM_5V_GPU 82/92 POM_5V_CPU 123/270
RAM 1379/3964MB (lfb 8x4MB) SWAP 792/6078MB (cached 34MB) IRAM 0/252kB(lfb 252kB) CPU [6%@921,8%@921,off,off] EMC_FREQ 0%@1600 GR3D_FREQ 0%@614 APE 25 PLL@29.5C CPU@31.5C iwlwifi@32C PMIC@50C GPU@30C AO@40.5C thermal@31C POM_5V_IN 1689/1836 POM_5V_GPU 82/92 POM_5V_CPU 164/270
RAM 1381/3964MB (lfb 8x4MB) SWAP 792/6078MB (cached 34MB) IRAM 0/252kB(lfb 252kB) CPU [6%@921,8%@921,off,off] EMC_FREQ 0%@1600 GR3D_FREQ 0%@614 APE 25 PLL@29.5C CPU@31.5C iwlwifi@32C PMIC@50C GPU@30C AO@41C thermal@30.75C POM_5V_IN 1689/1836 POM_5V_GPU 82/92 POM_5V_CPU 164/270
RAM 1383/3964MB (lfb 8x4MB) SWAP 792/6078MB (cached 34MB) IRAM 0/252kB(lfb 252kB) CPU [8%@921,6%@921,off,off] EMC_FREQ 0%@1600 GR3D_FREQ 0%@614 APE 25 PLL@29.5C CPU@31.5C iwlwifi@32C PMIC@50C GPU@29.5C AO@40.5C thermal@30.5C POM_5V_IN 1689/1836 POM_5V_GPU 82/92 POM_5V_CPU 164/270
RAM 1379/3964MB (lfb 8x4MB) SWAP 792/6078MB (cached 34MB) IRAM 0/252kB(lfb 252kB) CPU [4%@921,9%@921,off,off] EMC_FREQ 0%@1600 GR3D_FREQ 0%@614 APE 25 PLL@29.5C CPU@31.5C iwlwifi@32C PMIC@50C GPU@30C AO@40.5C thermal@30.5C POM_5V_IN 1689/1835 POM_5V_GPU 82/92 POM_5V_CPU 164/270
RAM 1383/3964MB (lfb 8x4MB) SWAP 792/6078MB (cached 34MB) IRAM 0/252kB(lfb 252kB) CPU [9%@921,5%@921,off,off] EMC_FREQ 0%@1600 GR3D_FREQ 0%@614 APE 25 PLL@29.5C CPU@31.5C iwlwifi@32C PMIC@50C GPU@29.5C AO@40.5C thermal@31C POM_5V_IN 1731/1835 POM_5V_GPU 82/92 POM_5V_CPU 164/270
RAM 1379/3964MB (lfb 8x4MB) SWAP 792/6078MB (cached 34MB) IRAM 0/252kB(lfb 252kB) CPU [4%@921,8%@921,off,off] EMC_FREQ 0%@1600 GR3D_FREQ 0%@614 APE 25 PLL@30C CPU@31.5C iwlwifi@32C PMIC@50C GPU@30C AO@41C thermal@30.75C POM_5V_IN 1689/1835 POM_5V_GPU 82/92 POM_5V_CPU 164/270
RAM 1381/3964MB (lfb 8x4MB) SWAP 792/6078MB (cached 34MB) IRAM 0/252kB(lfb 252kB) CPU [5%@921,8%@921,off,off] EMC_FREQ 0%@1600 GR3D_FREQ 0%@614 APE 25 PLL@29.5C CPU@32C iwlwifi@33C PMIC@50C GPU@30C AO@40.5C thermal@30.75C POM_5V_IN 1689/1835 POM_5V_GPU 82/92 POM_5V_CPU 164/269
RAM 1379/3964MB (lfb 8x4MB) SWAP 792/6078MB (cached 34MB) IRAM 0/252kB(lfb 252kB) CPU [5%@921,7%@921,off,off] EMC_FREQ 0%@1600 GR3D_FREQ 0%@614 APE 25 PLL@29.5C CPU@31.5C iwlwifi@32C PMIC@50C GPU@29.5C AO@40.5C thermal@30.75C POM_5V_IN 1689/1835 POM_5V_GPU 82/92 POM_5V_CPU 164/269
RAM 1381/3964MB (lfb 8x4MB) SWAP 792/6078MB (cached 34MB) IRAM 0/252kB(lfb 252kB) CPU [9%@921,4%@921,off,off] EMC_FREQ 0%@1600 GR3D_FREQ 0%@614 APE 25 PLL@30C CPU@31.5C iwlwifi@32C PMIC@50C GPU@29.5C AO@41C thermal@30.75C POM_5V_IN 1731/1835 POM_5V_GPU 82/92 POM_5V_CPU 164/269
RAM 1379/3964MB (lfb 8x4MB) SWAP 792/6078MB (cached 34MB) IRAM 0/252kB(lfb 252kB) CPU [6%@921,8%@921,off,off] EMC_FREQ 0%@1600 GR3D_FREQ 0%@614 APE 25 PLL@30C CPU@31.5C iwlwifi@32C PMIC@50C GPU@30C AO@40.5C thermal@30.5C POM_5V_IN 1689/1835 POM_5V_GPU 82/92 POM_5V_CPU 164/269
RAM 1383/3964MB (lfb 8x4MB) SWAP 792/6078MB (cached 34MB) IRAM 0/252kB(lfb 252kB) CPU [9%@921,4%@921,off,off] EMC_FREQ 0%@1600 GR3D_FREQ 0%@614 APE 25 PLL@29.5C CPU@31.5C iwlwifi@32C PMIC@50C GPU@30C AO@40.5C thermal@30.75C POM_5V_IN 1689/1835 POM_5V_GPU 82/92 POM_5V_CPU 164/269
RAM 1383/3964MB (lfb 8x4MB) SWAP 792/6078MB (cached 34MB) IRAM 0/252kB(lfb 252kB) CPU [5%@921,8%@921,off,off] EMC_FREQ 0%@1600 GR3D_FREQ 0%@614 APE 25 PLL@30C CPU@31.5C iwlwifi@32C PMIC@50C GPU@30C AO@41C thermal@30.75C POM_5V_IN 1689/1835 POM_5V_GPU 82/92 POM_5V_CPU 164/269
RAM 1383/3964MB (lfb 8x4MB) SWAP 792/6078MB (cached 34MB) IRAM 0/252kB(lfb 252kB) CPU [7%@921,6%@921,off,off] EMC_FREQ 0%@1600 GR3D_FREQ 0%@614 APE 25 PLL@29.5C CPU@31C iwlwifi@32C PMIC@50C GPU@29.5C AO@41C thermal@30.5C POM_5V_IN 1689/1834 POM_5V_GPU 82/92 POM_5V_CPU 164/269
RAM 1383/3964MB (lfb 8x4MB) SWAP 792/6078MB (cached 34MB) IRAM 0/252kB(lfb 252kB) CPU [6%@921,7%@921,off,off] EMC_FREQ 0%@1600 GR3D_FREQ 0%@614 APE 25 PLL@29.5C CPU@31.5C iwlwifi@32C PMIC@50C GPU@30C AO@41C thermal@30.5C POM_5V_IN 1689/1834 POM_5V_GPU 82/92 POM_5V_CPU 164/269
RAM 1379/3964MB (lfb 8x4MB) SWAP 792/6078MB (cached 34MB) IRAM 0/252kB(lfb 252kB) CPU [5%@921,7%@921,off,off] EMC_FREQ 0%@1600 GR3D_FREQ 0%@614 APE 25 PLL@29.5C CPU@31.5C iwlwifi@32C PMIC@50C GPU@30C AO@40.5C thermal@30.75C POM_5V_IN 1731/1834 POM_5V_GPU 82/92 POM_5V_CPU 164/269
RAM 1379/3964MB (lfb 8x4MB) SWAP 792/6078MB (cached 34MB) IRAM 0/252kB(lfb 252kB) CPU [7%@921,7%@921,off,off] EMC_FREQ 0%@1600 GR3D_FREQ 0%@614 APE 25 PLL@29.5C CPU@32C iwlwifi@32C PMIC@50C GPU@30C AO@40.5C thermal@30.75C POM_5V_IN 1689/1834 POM_5V_GPU 82/92 POM_5V_CPU 164/269
RAM 1383/3964MB (lfb 8x4MB) SWAP 792/6078MB (cached 34MB) IRAM 0/252kB(lfb 252kB) CPU [8%@921,5%@921,off,off] EMC_FREQ 0%@1600 GR3D_FREQ 0%@614 APE 25 PLL@30C CPU@31.5C iwlwifi@32C PMIC@50C GPU@30C AO@41C thermal@30.5C POM_5V_IN 1689/1834 POM_5V_GPU 82/92 POM_5V_CPU 164/269
RAM 1379/3964MB (lfb 8x4MB) SWAP 792/6078MB (cached 34MB) IRAM 0/252kB(lfb 252kB) CPU [7%@921,7%@921,off,off] EMC_FREQ 0%@1600 GR3D_FREQ 0%@614 APE 25 PLL@29.5C CPU@31.5C iwlwifi@32C PMIC@50C GPU@30C AO@40.5C thermal@30.75C POM_5V_IN 1689/1834 POM_5V_GPU 82/92 POM_5V_CPU 164/268
RAM 1383/3964MB (lfb 8x4MB) SWAP 792/6078MB (cached 34MB) IRAM 0/252kB(lfb 252kB) CPU [7%@921,6%@921,off,off] EMC_FREQ 0%@1600 GR3D_FREQ 0%@614 APE 25 PLL@29.5C CPU@31.5C iwlwifi@32C PMIC@50C GPU@30C AO@41C thermal@30.75C POM_5V_IN 1689/1834 POM_5V_GPU 82/92 POM_5V_CPU 164/268
RAM 1379/3964MB (lfb 8x4MB) SWAP 792/6078MB (cached 34MB) IRAM 0/252kB(lfb 252kB) CPU [7%@921,8%@921,off,off] EMC_FREQ 0%@1600 GR3D_FREQ 0%@614 APE 25 PLL@29.5C CPU@31.5C iwlwifi@32C PMIC@50C GPU@30C AO@40.5C thermal@30.25C POM_5V_IN 1890/1834 POM_5V_GPU 82/92 POM_5V_CPU 246/268
RAM 1382/3964MB (lfb 8x4MB) SWAP 792/6078MB (cached 34MB) IRAM 0/252kB(lfb 252kB) CPU [5%@921,7%@921,off,off] EMC_FREQ 0%@1600 GR3D_FREQ 0%@614 APE 25 PLL@29.5C CPU@31.5C iwlwifi@32C PMIC@50C GPU@29.5C AO@41C thermal@30.25C POM_5V_IN 1689/1834 POM_5V_GPU 82/92 POM_5V_CPU 164/268
RAM 1381/3964MB (lfb 8x4MB) SWAP 792/6078MB (cached 34MB) IRAM 0/252kB(lfb 252kB) CPU [8%@921,6%@921,off,off] EMC_FREQ 0%@1600 GR3D_FREQ 0%@614 APE 25 PLL@29.5C CPU@31.5C iwlwifi@32C PMIC@50C GPU@29.5C AO@40.5C thermal@30.5C POM_5V_IN 1689/1834 POM_5V_GPU 82/92 POM_5V_CPU 164/268
RAM 1381/3964MB (lfb 8x4MB) SWAP 792/6078MB (cached 34MB) IRAM 0/252kB(lfb 252kB) CPU [7%@921,7%@921,off,off] EMC_FREQ 0%@1600 GR3D_FREQ 0%@614 APE 25 PLL@29.5C CPU@30.5C iwlwifi@32C PMIC@50C GPU@29.5C AO@41C thermal@30.25C POM_5V_IN 1728/1834 POM_5V_GPU 82/92 POM_5V_CPU 164/268
RAM 1381/3964MB (lfb 8x4MB) SWAP 792/6078MB (cached 34MB) IRAM 0/252kB(lfb 252kB) CPU [6%@921,7%@921,off,off] EMC_FREQ 0%@1600 GR3D_FREQ 0%@614 APE 25 PLL@29.5C CPU@31C iwlwifi@32C PMIC@50C GPU@30C AO@41C thermal@30.75C POM_5V_IN 1731/1833 POM_5V_GPU 82/92 POM_5V_CPU 164/268
RAM 1383/3964MB (lfb 8x4MB) SWAP 792/6078MB (cached 34MB) IRAM 0/252kB(lfb 252kB) CPU [7%@921,7%@921,off,off] EMC_FREQ 0%@1600 GR3D_FREQ 0%@614 APE 25 PLL@29.5C CPU@31C iwlwifi@32C PMIC@50C GPU@30C AO@41C thermal@30.5C POM_5V_IN 1689/1833 POM_5V_GPU 82/92 POM_5V_CPU 164/268
RAM 1381/3964MB (lfb 8x4MB) SWAP 792/6078MB (cached 34MB) IRAM 0/252kB(lfb 252kB) CPU [9%@921,4%@921,off,off] EMC_FREQ 0%@1600 GR3D_FREQ 0%@614 APE 25 PLL@29.5C CPU@31.5C iwlwifi@32C PMIC@50C GPU@30C AO@41C thermal@30.5C POM_5V_IN 1689/1833 POM_5V_GPU 82/92 POM_5V_CPU 164/268
RAM 1379/3964MB (lfb 8x4MB) SWAP 792/6078MB (cached 34MB) IRAM 0/252kB(lfb 252kB) CPU [7%@921,7%@921,off,off] EMC_FREQ 0%@1600 GR3D_FREQ 0%@614 APE 25 PLL@29.5C CPU@31.5C iwlwifi@32C PMIC@50C GPU@30C AO@41C thermal@30.75C POM_5V_IN 1689/1833 POM_5V_GPU 82/92 POM_5V_CPU 164/268
RAM 1381/3964MB (lfb 8x4MB) SWAP 792/6078MB (cached 34MB) IRAM 0/252kB(lfb 252kB) CPU [10%@921,3%@921,off,off] EMC_FREQ 0%@1600 GR3D_FREQ 0%@614 APE 25 PLL@30C CPU@31C iwlwifi@32C PMIC@50C GPU@29.5C AO@40.5C thermal@30.75C POM_5V_IN 1689/1833 POM_5V_GPU 82/92 POM_5V_CPU 164/268
RAM 1383/3964MB (lfb 8x4MB) SWAP 792/6078MB (cached 34MB) IRAM 0/252kB(lfb 252kB) CPU [8%@921,6%@921,off,off] EMC_FREQ 0%@1600 GR3D_FREQ 0%@614 APE 25 PLL@29.5C CPU@31.5C iwlwifi@32C PMIC@50C GPU@30C AO@41C thermal@30.75C POM_5V_IN 1689/1833 POM_5V_GPU 82/92 POM_5V_CPU 164/268
RAM 1379/3964MB (lfb 8x4MB) SWAP 792/6078MB (cached 34MB) IRAM 0/252kB(lfb 252kB) CPU [8%@921,5%@921,off,off] EMC_FREQ 0%@1600 GR3D_FREQ 0%@614 APE 25 PLL@29.5C CPU@31C iwlwifi@32C PMIC@50C GPU@29.5C AO@41C thermal@30.75C POM_5V_IN 1689/1833 POM_5V_GPU 82/92 POM_5V_CPU 164/268
RAM 1383/3964MB (lfb 8x4MB) SWAP 792/6078MB (cached 34MB) IRAM 0/252kB(lfb 252kB) CPU [8%@921,6%@921,off,off] EMC_FREQ 0%@1600 GR3D_FREQ 0%@614 APE 25 PLL@29.5C CPU@31C iwlwifi@32C PMIC@50C GPU@30C AO@40.5C thermal@30.5C POM_5V_IN 1772/1833 POM_5V_GPU 82/92 POM_5V_CPU 206/267
RAM 1383/3964MB (lfb 8x4MB) SWAP 792/6078MB (cached 34MB) IRAM 0/252kB(lfb 252kB) CPU [5%@921,8%@921,off,off] EMC_FREQ 0%@1600 GR3D_FREQ 0%@614 APE 25 PLL@29.5C CPU@31.5C iwlwifi@32C PMIC@50C GPU@30C AO@41C thermal@30.75C POM_5V_IN 1689/1833 POM_5V_GPU 82/92 POM_5V_CPU 164/267
RAM 1383/3964MB (lfb 8x4MB) SWAP 792/6078MB (cached 34MB) IRAM 0/252kB(lfb 252kB) CPU [8%@921,5%@921,off,off] EMC_FREQ 0%@1600 GR3D_FREQ 0%@614 APE 25 PLL@29.5C CPU@31.5C iwlwifi@32C PMIC@50C GPU@30C AO@41C thermal@30.75C POM_5V_IN 1689/1832 POM_5V_GPU 82/92 POM_5V_CPU 164/267
RAM 1385/3964MB (lfb 8x4MB) SWAP 792/6078MB (cached 34MB) IRAM 0/252kB(lfb 252kB) CPU [6%@921,8%@921,off,off] EMC_FREQ 0%@1600 GR3D_FREQ 0%@614 APE 25 PLL@29.5C CPU@31.5C iwlwifi@32C PMIC@50C GPU@30C AO@40.5C thermal@30.5C POM_5V_IN 1689/1832 POM_5V_GPU 82/92 POM_5V_CPU 164/267
RAM 1381/3964MB (lfb 8x4MB) SWAP 792/6078MB (cached 34MB) IRAM 0/252kB(lfb 252kB) CPU [7%@921,7%@921,off,off] EMC_FREQ 0%@1600 GR3D_FREQ 0%@614 APE 25 PLL@29.5C CPU@31.5C iwlwifi@32C PMIC@50C GPU@29C AO@41C thermal@30.5C POM_5V_IN 1689/1832 POM_5V_GPU 82/92 POM_5V_CPU 164/267
RAM 1381/3964MB (lfb 8x4MB) SWAP 792/6078MB (cached 34MB) IRAM 0/252kB(lfb 252kB) CPU [6%@921,6%@921,off,off] EMC_FREQ 0%@1600 GR3D_FREQ 0%@614 APE 25 PLL@29.5C CPU@31.5C iwlwifi@32C PMIC@50C GPU@29.5C AO@40.5C thermal@30.5C POM_5V_IN 1689/1832 POM_5V_GPU 82/92 POM_5V_CPU 164/267
RAM 1385/3964MB (lfb 8x4MB) SWAP 792/6078MB (cached 34MB) IRAM 0/252kB(lfb 252kB) CPU [9%@921,6%@921,off,off] EMC_FREQ 0%@1600 GR3D_FREQ 0%@614 APE 25 PLL@29.5C CPU@31.5C iwlwifi@32C PMIC@50C GPU@29.5C AO@40.5C thermal@30.5C POM_5V_IN 1689/1832 POM_5V_GPU 82/92 POM_5V_CPU 164/267
RAM 1381/3964MB (lfb 8x4MB) SWAP 792/6078MB (cached 34MB) IRAM 0/252kB(lfb 252kB) CPU [6%@921,7%@921,off,off] EMC_FREQ 0%@1600 GR3D_FREQ 0%@614 APE 25 PLL@29.5C CPU@31.5C iwlwifi@32C PMIC@50C GPU@30C AO@40.5C thermal@30.75C POM_5V_IN 1689/1832 POM_5V_GPU 82/92 POM_5V_CPU 164/267
RAM 1385/3964MB (lfb 8x4MB) SWAP 792/6078MB (cached 34MB) IRAM 0/252kB(lfb 252kB) CPU [7%@921,5%@921,off,off] EMC_FREQ 0%@1600 GR3D_FREQ 0%@614 APE 25 PLL@29.5C CPU@31.5C iwlwifi@32C PMIC@50C GPU@29.5C AO@40.5C thermal@30.5C POM_5V_IN 1689/1832 POM_5V_GPU 82/92 POM_5V_CPU 164/267
RAM 1381/3964MB (lfb 8x4MB) SWAP 792/6078MB (cached 34MB) IRAM 0/252kB(lfb 252kB) CPU [6%@921,7%@921,off,off] EMC_FREQ 0%@1600 GR3D_FREQ 0%@614 APE 25 PLL@29.5C CPU@31.5C iwlwifi@32C PMIC@50C GPU@29.5C AO@40.5C thermal@30.75C POM_5V_IN 1689/1832 POM_5V_GPU 82/92 POM_5V_CPU 164/267
RAM 1379/3964MB (lfb 8x4MB) SWAP 792/6078MB (cached 34MB) IRAM 0/252kB(lfb 252kB) CPU [9%@921,4%@921,off,off] EMC_FREQ 0%@1600 GR3D_FREQ 0%@614 APE 25 PLL@30C CPU@31.5C iwlwifi@32C PMIC@50C GPU@29.5C AO@41C thermal@30.5C POM_5V_IN 1689/1831 POM_5V_GPU 82/92 POM_5V_CPU 164/267
RAM 1383/3964MB (lfb 8x4MB) SWAP 792/6078MB (cached 34MB) IRAM 0/252kB(lfb 252kB) CPU [5%@921,8%@921,off,off] EMC_FREQ 0%@1600 GR3D_FREQ 0%@614 APE 25 PLL@30C CPU@31.5C iwlwifi@32C PMIC@50C GPU@29.5C AO@40.5C thermal@30.5C POM_5V_IN 1689/1831 POM_5V_GPU 82/92 POM_5V_CPU 164/267
RAM 1381/3964MB (lfb 8x4MB) SWAP 792/6078MB (cached 34MB) IRAM 0/252kB(lfb 252kB) CPU [9%@921,4%@921,off,off] EMC_FREQ 0%@1600 GR3D_FREQ 0%@614 APE 25 PLL@30C CPU@31.5C iwlwifi@32C PMIC@50C GPU@29.5C AO@40.5C thermal@30.25C POM_5V_IN 1689/1831 POM_5V_GPU 82/91 POM_5V_CPU 164/266
RAM 1381/3964MB (lfb 8x4MB) SWAP 792/6078MB (cached 34MB) IRAM 0/252kB(lfb 252kB) CPU [9%@921,5%@921,off,off] EMC_FREQ 0%@1600 GR3D_FREQ 0%@614 APE 25 PLL@29.5C CPU@31.5C iwlwifi@32C PMIC@50C GPU@30C AO@41C thermal@30.75C POM_5V_IN 1689/1831 POM_5V_GPU 82/91 POM_5V_CPU 164/266
RAM 1383/3964MB (lfb 8x4MB) SWAP 792/6078MB (cached 34MB) IRAM 0/252kB(lfb 252kB) CPU [5%@921,8%@921,off,off] EMC_FREQ 0%@1600 GR3D_FREQ 0%@614 APE 25 PLL@29.5C CPU@31.5C iwlwifi@32C PMIC@50C GPU@30C AO@41C thermal@30.25C POM_5V_IN 1689/1831 POM_5V_GPU 82/91 POM_5V_CPU 164/266
RAM 1379/3964MB (lfb 8x4MB) SWAP 792/6078MB (cached 34MB) IRAM 0/252kB(lfb 252kB) CPU [10%@921,4%@921,off,off] EMC_FREQ 0%@1600 GR3D_FREQ 0%@614 APE 25 PLL@30C CPU@31.5C iwlwifi@32C PMIC@50C GPU@29.5C AO@40.5C thermal@30.5C POM_5V_IN 1689/1831 POM_5V_GPU 82/91 POM_5V_CPU 164/266
RAM 1379/3964MB (lfb 8x4MB) SWAP 792/6078MB (cached 34MB) IRAM 0/252kB(lfb 252kB) CPU [9%@921,4%@921,off,off] EMC_FREQ 0%@1600 GR3D_FREQ 0%@614 APE 25 PLL@30C CPU@31.5C iwlwifi@32C PMIC@50C GPU@30C AO@40.5C thermal@30.25C POM_5V_IN 1689/1831 POM_5V_GPU 82/91 POM_5V_CPU 164/266
RAM 1381/3964MB (lfb 8x4MB) SWAP 792/6078MB (cached 34MB) IRAM 0/252kB(lfb 252kB) CPU [7%@921,7%@921,off,off] EMC_FREQ 0%@1600 GR3D_FREQ 0%@614 APE 25 PLL@30C CPU@31C iwlwifi@33C PMIC@50C GPU@30C AO@40.5C thermal@30.75C POM_5V_IN 1689/1831 POM_5V_GPU 82/91 POM_5V_CPU 164/266
RAM 1381/3964MB (lfb 8x4MB) SWAP 792/6078MB (cached 34MB) IRAM 0/252kB(lfb 252kB) CPU [7%@921,7%@921,off,off] EMC_FREQ 0%@1600 GR3D_FREQ 0%@614 APE 25 PLL@30C CPU@31.5C iwlwifi@32C PMIC@50C GPU@29.5C AO@40.5C thermal@30.5C POM_5V_IN 1689/1831 POM_5V_GPU 82/91 POM_5V_CPU 164/266
RAM 1381/3964MB (lfb 8x4MB) SWAP 792/6078MB (cached 34MB) IRAM 0/252kB(lfb 252kB) CPU [7%@921,7%@921,off,off] EMC_FREQ 0%@1600 GR3D_FREQ 0%@614 APE 25 PLL@30C CPU@31.5C iwlwifi@32C PMIC@50C GPU@29.5C AO@40.5C thermal@30.5C POM_5V_IN 1689/1830 POM_5V_GPU 82/91 POM_5V_CPU 123/266
RAM 1383/3964MB (lfb 8x4MB) SWAP 792/6078MB (cached 34MB) IRAM 0/252kB(lfb 252kB) CPU [9%@921,4%@921,off,off] EMC_FREQ 0%@1600 GR3D_FREQ 0%@614 APE 25 PLL@30C CPU@31.5C iwlwifi@32C PMIC@50C GPU@30C AO@40C thermal@30.75C POM_5V_IN 1772/1830 POM_5V_GPU 82/91 POM_5V_CPU 206/266
RAM 1379/3964MB (lfb 8x4MB) SWAP 792/6078MB (cached 34MB) IRAM 0/252kB(lfb 252kB) CPU [8%@921,6%@921,off,off] EMC_FREQ 0%@1600 GR3D_FREQ 0%@614 APE 25 PLL@30C CPU@31.5C iwlwifi@32C PMIC@50C GPU@30C AO@40.5C thermal@30.5C POM_5V_IN 1689/1830 POM_5V_GPU 82/91 POM_5V_CPU 164/266
RAM 1381/3964MB (lfb 8x4MB) SWAP 792/6078MB (cached 34MB) IRAM 0/252kB(lfb 252kB) CPU [6%@921,7%@921,off,off] EMC_FREQ 0%@1600 GR3D_FREQ 0%@614 APE 25 PLL@29.5C CPU@31.5C iwlwifi@32C PMIC@50C GPU@29.5C AO@40.5C thermal@30.75C POM_5V_IN 1689/1830 POM_5V_GPU 82/91 POM_5V_CPU 164/266
RAM 1384/3964MB (lfb 8x4MB) SWAP 792/6078MB (cached 34MB) IRAM 0/252kB(lfb 252kB) CPU [7%@921,7%@921,off,off] EMC_FREQ 0%@1600 GR3D_FREQ 0%@614 APE 25 PLL@30C CPU@31C iwlwifi@32C PMIC@50C GPU@30C AO@41C thermal@30.75C POM_5V_IN 1689/1830 POM_5V_GPU 82/91 POM_5V_CPU 164/266
RAM 1381/3964MB (lfb 8x4MB) SWAP 792/6078MB (cached 34MB) IRAM 0/252kB(lfb 252kB) CPU [7%@921,7%@921,off,off] EMC_FREQ 0%@1600 GR3D_FREQ 0%@614 APE 25 PLL@29.5C CPU@31.5C iwlwifi@32C PMIC@50C GPU@30C AO@40.5C thermal@30.25C POM_5V_IN 1731/1830 POM_5V_GPU 82/91 POM_5V_CPU 206/266
RAM 1383/3964MB (lfb 8x4MB) SWAP 792/6078MB (cached 34MB) IRAM 0/252kB(lfb 252kB) CPU [6%@921,7%@921,off,off] EMC_FREQ 0%@1600 GR3D_FREQ 0%@614 APE 25 PLL@30C CPU@31.5C iwlwifi@32C PMIC@50C GPU@30C AO@40.5C thermal@30.25C POM_5V_IN 1687/1830 POM_5V_GPU 82/91 POM_5V_CPU 164/265
RAM 1381/3964MB (lfb 8x4MB) SWAP 792/6078MB (cached 34MB) IRAM 0/252kB(lfb 252kB) CPU [5%@921,8%@921,off,off] EMC_FREQ 0%@1600 GR3D_FREQ 0%@614 APE 25 PLL@29.5C CPU@31C iwlwifi@32C PMIC@50C GPU@30C AO@41C thermal@30.5C POM_5V_IN 1689/1830 POM_5V_GPU 82/91 POM_5V_CPU 164/265
RAM 1379/3964MB (lfb 8x4MB) SWAP 792/6078MB (cached 34MB) IRAM 0/252kB(lfb 252kB) CPU [7%@921,7%@921,off,off] EMC_FREQ 0%@1600 GR3D_FREQ 0%@614 APE 25 PLL@29.5C CPU@31.5C iwlwifi@32C PMIC@50C GPU@30C AO@41C thermal@30.5C POM_5V_IN 1687/1830 POM_5V_GPU 82/91 POM_5V_CPU 164/265
RAM 1379/3964MB (lfb 8x4MB) SWAP 792/6078MB (cached 34MB) IRAM 0/252kB(lfb 252kB) CPU [9%@921,5%@921,off,off] EMC_FREQ 0%@1600 GR3D_FREQ 0%@614 APE 25 PLL@29.5C CPU@31.5C iwlwifi@32C PMIC@50C GPU@30C AO@41C thermal@30.5C POM_5V_IN 1689/1830 POM_5V_GPU 82/91 POM_5V_CPU 164/265
RAM 1379/3964MB (lfb 8x4MB) SWAP 792/6078MB (cached 34MB) IRAM 0/252kB(lfb 252kB) CPU [6%@921,6%@921,off,off] EMC_FREQ 0%@1600 GR3D_FREQ 0%@614 APE 25 PLL@30C CPU@32C iwlwifi@32C PMIC@50C GPU@29.5C AO@40.5C thermal@30.75C POM_5V_IN 1689/1829 POM_5V_GPU 82/91 POM_5V_CPU 164/265
RAM 1379/3964MB (lfb 8x4MB) SWAP 792/6078MB (cached 34MB) IRAM 0/252kB(lfb 252kB) CPU [7%@921,7%@921,off,off] EMC_FREQ 0%@1600 GR3D_FREQ 0%@614 APE 25 PLL@29.5C CPU@31C iwlwifi@32C PMIC@50C GPU@30C AO@41C thermal@30.5C POM_5V_IN 1892/1829 POM_5V_GPU 82/91 POM_5V_CPU 288/265
RAM 1383/3964MB (lfb 8x4MB) SWAP 792/6078MB (cached 34MB) IRAM 0/252kB(lfb 252kB) CPU [6%@921,7%@921,off,off] EMC_FREQ 0%@1600 GR3D_FREQ 0%@614 APE 25 PLL@29.5C CPU@31.5C iwlwifi@32C PMIC@50C GPU@29.5C AO@40.5C thermal@30.75C POM_5V_IN 1689/1829 POM_5V_GPU 82/91 POM_5V_CPU 164/265
RAM 1379/3964MB (lfb 8x4MB) SWAP 792/6078MB (cached 34MB) IRAM 0/252kB(lfb 252kB) CPU [7%@921,7%@921,off,off] EMC_FREQ 0%@1600 GR3D_FREQ 0%@614 APE 25 PLL@29.5C CPU@31.5C iwlwifi@32C PMIC@50C GPU@30C AO@40.5C thermal@30.75C POM_5V_IN 1689/1829 POM_5V_GPU 82/91 POM_5V_CPU 164/265
RAM 1379/3964MB (lfb 8x4MB) SWAP 792/6078MB (cached 34MB) IRAM 0/252kB(lfb 252kB) CPU [7%@921,6%@921,off,off] EMC_FREQ 0%@1600 GR3D_FREQ 0%@614 APE 25 PLL@30C CPU@31.5C iwlwifi@32C PMIC@50C GPU@29.5C AO@41C thermal@30.75C POM_5V_IN 1689/1829 POM_5V_GPU 82/91 POM_5V_CPU 164/265
RAM 1379/3964MB (lfb 8x4MB) SWAP 792/6078MB (cached 34MB) IRAM 0/252kB(lfb 252kB) CPU [7%@921,7%@921,off,off] EMC_FREQ 0%@1600 GR3D_FREQ 0%@614 APE 25 PLL@29.5C CPU@31.5C iwlwifi@32C PMIC@50C GPU@30C AO@41C thermal@30.75C POM_5V_IN 1689/1829 POM_5V_GPU 82/91 POM_5V_CPU 123/265
RAM 1383/3964MB (lfb 8x4MB) SWAP 787/6078MB (cached 34MB) IRAM 0/252kB(lfb 252kB) CPU [7%@921,6%@921,off,off] EMC_FREQ 0%@1600 GR3D_FREQ 0%@614 APE 25 PLL@29.5C CPU@31.5C iwlwifi@32C PMIC@50C GPU@30C AO@41C thermal@30.75C POM_5V_IN 1689/1829 POM_5V_GPU 82/91 POM_5V_CPU 164/265
RAM 1383/3964MB (lfb 8x4MB) SWAP 787/6078MB (cached 34MB) IRAM 0/252kB(lfb 252kB) CPU [7%@921,7%@921,off,off] EMC_FREQ 0%@1600 GR3D_FREQ 0%@614 APE 25 PLL@29.5C CPU@31.5C iwlwifi@32C PMIC@50C GPU@30C AO@41C thermal@30.5C POM_5V_IN 1731/1829 POM_5V_GPU 82/91 POM_5V_CPU 164/265
RAM 1379/3964MB (lfb 8x4MB) SWAP 787/6078MB (cached 34MB) IRAM 0/252kB(lfb 252kB) CPU [8%@921,6%@921,off,off] EMC_FREQ 0%@1600 GR3D_FREQ 0%@614 APE 25 PLL@30C CPU@31.5C iwlwifi@32C PMIC@50C GPU@30C AO@41C thermal@30.5C POM_5V_IN 1772/1829 POM_5V_GPU 82/91 POM_5V_CPU 164/265
RAM 1381/3964MB (lfb 8x4MB) SWAP 787/6078MB (cached 34MB) IRAM 0/252kB(lfb 252kB) CPU [7%@921,7%@921,off,off] EMC_FREQ 0%@1600 GR3D_FREQ 0%@614 APE 25 PLL@29.5C CPU@31.5C iwlwifi@32C PMIC@50C GPU@30C AO@40.5C thermal@30.75C POM_5V_IN 1731/1829 POM_5V_GPU 82/91 POM_5V_CPU 164/264
RAM 1381/3964MB (lfb 8x4MB) SWAP 787/6078MB (cached 34MB) IRAM 0/252kB(lfb 252kB) CPU [6%@921,7%@921,off,off] EMC_FREQ 0%@1600 GR3D_FREQ 0%@614 APE 25 PLL@29.5C CPU@31.5C iwlwifi@32C PMIC@50C GPU@29.5C AO@41C thermal@30.75C POM_5V_IN 1689/1829 POM_5V_GPU 82/91 POM_5V_CPU 164/264
RAM 1383/3964MB (lfb 8x4MB) SWAP 787/6078MB (cached 34MB) IRAM 0/252kB(lfb 252kB) CPU [6%@921,7%@921,off,off] EMC_FREQ 0%@1600 GR3D_FREQ 0%@614 APE 25 PLL@30C CPU@31.5C iwlwifi@32C PMIC@50C GPU@29.5C AO@41C thermal@30.75C POM_5V_IN 1689/1829 POM_5V_GPU 82/91 POM_5V_CPU 164/264
RAM 1381/3964MB (lfb 8x4MB) SWAP 787/6078MB (cached 34MB) IRAM 0/252kB(lfb 252kB) CPU [6%@921,8%@921,off,off] EMC_FREQ 0%@1600 GR3D_FREQ 0%@614 APE 25 PLL@30C CPU@31.5C iwlwifi@32C PMIC@50C GPU@30C AO@41C thermal@30.75C POM_5V_IN 1892/1829 POM_5V_GPU 82/91 POM_5V_CPU 164/264
RAM 1383/3964MB (lfb 8x4MB) SWAP 787/6078MB (cached 34MB) IRAM 0/252kB(lfb 252kB) CPU [8%@921,5%@921,off,off] EMC_FREQ 0%@1600 GR3D_FREQ 0%@614 APE 25 PLL@30C CPU@31.5C iwlwifi@32C PMIC@50C GPU@30C AO@41C thermal@30.75C POM_5V_IN 1689/1828 POM_5V_GPU 82/91 POM_5V_CPU 164/264
RAM 1383/3964MB (lfb 8x4MB) SWAP 787/6078MB (cached 34MB) IRAM 0/252kB(lfb 252kB) CPU [9%@921,4%@921,off,off] EMC_FREQ 0%@1600 GR3D_FREQ 0%@614 APE 25 PLL@30C CPU@31.5C iwlwifi@32C PMIC@50C GPU@30C AO@41C thermal@30.75C POM_5V_IN 1689/1828 POM_5V_GPU 82/91 POM_5V_CPU 164/264
RAM 1383/3964MB (lfb 8x4MB) SWAP 787/6078MB (cached 34MB) IRAM 0/252kB(lfb 252kB) CPU [6%@921,7%@921,off,off] EMC_FREQ 0%@1600 GR3D_FREQ 0%@614 APE 25 PLL@30C CPU@31.5C iwlwifi@32C PMIC@50C GPU@30C AO@40.5C thermal@30.5C POM_5V_IN 1689/1828 POM_5V_GPU 82/91 POM_5V_CPU 164/264
RAM 1383/3964MB (lfb 8x4MB) SWAP 787/6078MB (cached 34MB) IRAM 0/252kB(lfb 252kB) CPU [5%@921,8%@921,off,off] EMC_FREQ 0%@1600 GR3D_FREQ 0%@614 APE 25 PLL@30C CPU@31.5C iwlwifi@32C PMIC@50C GPU@30C AO@40.5C thermal@30.75C POM_5V_IN 1687/1828 POM_5V_GPU 82/91 POM_5V_CPU 164/264
RAM 1383/3964MB (lfb 8x4MB) SWAP 787/6078MB (cached 34MB) IRAM 0/252kB(lfb 252kB) CPU [10%@921,3%@921,off,off] EMC_FREQ 0%@1600 GR3D_FREQ 0%@614 APE 25 PLL@29.5C CPU@31.5C iwlwifi@32C PMIC@50C GPU@29.5C AO@40.5C thermal@31C POM_5V_IN 1689/1828 POM_5V_GPU 82/91 POM_5V_CPU 164/264
RAM 1381/3964MB (lfb 8x4MB) SWAP 787/6078MB (cached 34MB) IRAM 0/252kB(lfb 252kB) CPU [7%@921,7%@921,off,off] EMC_FREQ 0%@1600 GR3D_FREQ 0%@614 APE 25 PLL@30C CPU@32C iwlwifi@32C PMIC@50C GPU@30C AO@41C thermal@30.75C POM_5V_IN 1689/1828 POM_5V_GPU 82/91 POM_5V_CPU 164/264
RAM 1379/3964MB (lfb 8x4MB) SWAP 787/6078MB (cached 34MB) IRAM 0/252kB(lfb 252kB) CPU [5%@921,8%@921,off,off] EMC_FREQ 0%@1600 GR3D_FREQ 0%@614 APE 25 PLL@30C CPU@31.5C iwlwifi@32C PMIC@50C GPU@29.5C AO@41C thermal@31C POM_5V_IN 1689/1828 POM_5V_GPU 82/91 POM_5V_CPU 164/264
RAM 1379/3964MB (lfb 8x4MB) SWAP 787/6078MB (cached 34MB) IRAM 0/252kB(lfb 252kB) CPU [9%@921,4%@921,off,off] EMC_FREQ 0%@1600 GR3D_FREQ 0%@614 APE 25 PLL@30C CPU@31.5C iwlwifi@32C PMIC@50C GPU@30C AO@40.5C thermal@30.75C POM_5V_IN 1689/1828 POM_5V_GPU 82/91 POM_5V_CPU 164/264
RAM 1381/3964MB (lfb 8x4MB) SWAP 787/6078MB (cached 34MB) IRAM 0/252kB(lfb 252kB) CPU [6%@921,7%@921,off,off] EMC_FREQ 0%@1600 GR3D_FREQ 0%@614 APE 25 PLL@30C CPU@31.5C iwlwifi@32C PMIC@50C GPU@30C AO@41C thermal@30.75C POM_5V_IN 1689/1828 POM_5V_GPU 82/91 POM_5V_CPU 164/264
RAM 1379/3964MB (lfb 8x4MB) SWAP 787/6078MB (cached 34MB) IRAM 0/252kB(lfb 252kB) CPU [4%@921,9%@921,off,off] EMC_FREQ 0%@1600 GR3D_FREQ 0%@614 APE 25 PLL@29.5C CPU@31.5C iwlwifi@32C PMIC@50C GPU@30C AO@41C thermal@30.75C POM_5V_IN 1731/1827 POM_5V_GPU 82/91 POM_5V_CPU 164/263
RAM 1378/3964MB (lfb 8x4MB) SWAP 787/6078MB (cached 34MB) IRAM 0/252kB(lfb 252kB) CPU [6%@921,8%@921,off,off] EMC_FREQ 0%@1600 GR3D_FREQ 0%@614 APE 25 PLL@29.5C CPU@31.5C iwlwifi@32C PMIC@50C GPU@29.5C AO@40.5C thermal@30.75C POM_5V_IN 1689/1827 POM_5V_GPU 82/91 POM_5V_CPU 164/263
RAM 1379/3964MB (lfb 8x4MB) SWAP 787/6078MB (cached 34MB) IRAM 0/252kB(lfb 252kB) CPU [6%@921,7%@921,off,off] EMC_FREQ 0%@1600 GR3D_FREQ 0%@614 APE 25 PLL@29.5C CPU@31.5C iwlwifi@32C PMIC@50C GPU@30C AO@41C thermal@30.5C POM_5V_IN 1687/1827 POM_5V_GPU 82/91 POM_5V_CPU 164/263
RAM 1383/3964MB (lfb 8x4MB) SWAP 787/6078MB (cached 34MB) IRAM 0/252kB(lfb 252kB) CPU [6%@921,7%@921,off,off] EMC_FREQ 0%@1600 GR3D_FREQ 0%@614 APE 25 PLL@29.5C CPU@31C iwlwifi@32C PMIC@50C GPU@30C AO@40.5C thermal@30.5C POM_5V_IN 1689/1827 POM_5V_GPU 82/91 POM_5V_CPU 164/263
RAM 1379/3964MB (lfb 8x4MB) SWAP 787/6078MB (cached 34MB) IRAM 0/252kB(lfb 252kB) CPU [6%@921,7%@921,off,off] EMC_FREQ 0%@1600 GR3D_FREQ 0%@614 APE 25 PLL@29.5C CPU@31.5C iwlwifi@32C PMIC@50C GPU@30C AO@41C thermal@30.75C POM_5V_IN 1689/1827 POM_5V_GPU 82/91 POM_5V_CPU 164/263
RAM 1379/3964MB (lfb 8x4MB) SWAP 787/6078MB (cached 34MB) IRAM 0/252kB(lfb 252kB) CPU [6%@921,8%@921,off,off] EMC_FREQ 0%@1600 GR3D_FREQ 0%@614 APE 25 PLL@30C CPU@31.5C iwlwifi@32C PMIC@50C GPU@29.5C AO@40.5C thermal@30.25C POM_5V_IN 1689/1827 POM_5V_GPU 82/91 POM_5V_CPU 164/263
RAM 1379/3964MB (lfb 8x4MB) SWAP 787/6078MB (cached 34MB) IRAM 0/252kB(lfb 252kB) CPU [7%@921,6%@921,off,off] EMC_FREQ 0%@1600 GR3D_FREQ 0%@614 APE 25 PLL@29.5C CPU@31.5C iwlwifi@32C PMIC@50C GPU@29.5C AO@40.5C thermal@30.5C POM_5V_IN 1689/1827 POM_5V_GPU 82/91 POM_5V_CPU 164/263
RAM 1381/3964MB (lfb 8x4MB) SWAP 787/6078MB (cached 34MB) IRAM 0/252kB(lfb 252kB) CPU [6%@921,8%@921,off,off] EMC_FREQ 0%@1600 GR3D_FREQ 0%@614 APE 25 PLL@30C CPU@31.5C iwlwifi@32C PMIC@50C GPU@30C AO@40.5C thermal@30.75C POM_5V_IN 1689/1827 POM_5V_GPU 82/91 POM_5V_CPU 164/263
RAM 1379/3964MB (lfb 8x4MB) SWAP 787/6078MB (cached 34MB) IRAM 0/252kB(lfb 252kB) CPU [4%@921,9%@921,off,off] EMC_FREQ 0%@1600 GR3D_FREQ 0%@614 APE 25 PLL@29.5C CPU@31.5C iwlwifi@32C PMIC@50C GPU@30C AO@40.5C thermal@30.75C POM_5V_IN 1689/1827 POM_5V_GPU 82/91 POM_5V_CPU 164/263
RAM 1383/3964MB (lfb 8x4MB) SWAP 787/6078MB (cached 34MB) IRAM 0/252kB(lfb 252kB) CPU [7%@921,7%@921,off,off] EMC_FREQ 0%@1600 GR3D_FREQ 0%@614 APE 25 PLL@29.5C CPU@31.5C iwlwifi@32C PMIC@50C GPU@30C AO@40.5C thermal@30.75C POM_5V_IN 1731/1827 POM_5V_GPU 82/91 POM_5V_CPU 164/263
RAM 1379/3964MB (lfb 8x4MB) SWAP 787/6078MB (cached 34MB) IRAM 0/252kB(lfb 252kB) CPU [7%@921,5%@921,off,off] EMC_FREQ 0%@1600 GR3D_FREQ 0%@614 APE 25 PLL@30C CPU@31.5C iwlwifi@32C PMIC@50C GPU@29.5C AO@40.5C thermal@30.75C POM_5V_IN 1689/1826 POM_5V_GPU 82/91 POM_5V_CPU 164/263
RAM 1381/3964MB (lfb 8x4MB) SWAP 787/6078MB (cached 34MB) IRAM 0/252kB(lfb 252kB) CPU [6%@921,7%@921,off,off] EMC_FREQ 0%@1600 GR3D_FREQ 0%@614 APE 25 PLL@30C CPU@31.5C iwlwifi@32C PMIC@50C GPU@30C AO@41C thermal@30.75C POM_5V_IN 1689/1826 POM_5V_GPU 82/91 POM_5V_CPU 123/263
RAM 1383/3964MB (lfb 8x4MB) SWAP 787/6078MB (cached 34MB) IRAM 0/252kB(lfb 252kB) CPU [6%@921,6%@921,off,off] EMC_FREQ 0%@1600 GR3D_FREQ 0%@614 APE 25 PLL@29.5C CPU@31C iwlwifi@33C PMIC@50C GPU@30C AO@40.5C thermal@30.75C POM_5V_IN 1689/1826 POM_5V_GPU 82/91 POM_5V_CPU 164/262
RAM 1381/3964MB (lfb 8x4MB) SWAP 787/6078MB (cached 34MB) IRAM 0/252kB(lfb 252kB) CPU [8%@921,6%@921,off,off] EMC_FREQ 0%@1600 GR3D_FREQ 0%@614 APE 25 PLL@29.5C CPU@31.5C iwlwifi@32C PMIC@50C GPU@29.5C AO@41C thermal@30.5C POM_5V_IN 1689/1826 POM_5V_GPU 82/91 POM_5V_CPU 164/262
RAM 1381/3964MB (lfb 8x4MB) SWAP 787/6078MB (cached 34MB) IRAM 0/252kB(lfb 252kB) CPU [6%@921,6%@921,off,off] EMC_FREQ 0%@1600 GR3D_FREQ 0%@614 APE 25 PLL@29.5C CPU@31.5C iwlwifi@32C PMIC@50C GPU@30C AO@40.5C thermal@30.75C POM_5V_IN 1689/1826 POM_5V_GPU 82/91 POM_5V_CPU 164/262
RAM 1379/3964MB (lfb 8x4MB) SWAP 787/6078MB (cached 34MB) IRAM 0/252kB(lfb 252kB) CPU [4%@921,9%@921,off,off] EMC_FREQ 0%@1600 GR3D_FREQ 0%@614 APE 25 PLL@29.5C CPU@31.5C iwlwifi@32C PMIC@50C GPU@30C AO@40.5C thermal@30.5C POM_5V_IN 1689/1826 POM_5V_GPU 82/91 POM_5V_CPU 164/262
RAM 1379/3964MB (lfb 8x4MB) SWAP 787/6078MB (cached 34MB) IRAM 0/252kB(lfb 252kB) CPU [8%@921,5%@921,off,off] EMC_FREQ 0%@1600 GR3D_FREQ 0%@614 APE 25 PLL@29.5C CPU@31.5C iwlwifi@32C PMIC@50C GPU@29.5C AO@40.5C thermal@30.25C POM_5V_IN 1689/1826 POM_5V_GPU 82/91 POM_5V_CPU 164/262
RAM 1379/3964MB (lfb 8x4MB) SWAP 787/6078MB (cached 34MB) IRAM 0/252kB(lfb 252kB) CPU [7%@921,7%@921,off,off] EMC_FREQ 0%@1600 GR3D_FREQ 0%@614 APE 25 PLL@29.5C CPU@31.5C iwlwifi@32C PMIC@50C GPU@30C AO@40.5C thermal@30.5C POM_5V_IN 1689/1826 POM_5V_GPU 82/91 POM_5V_CPU 164/262
RAM 1381/3964MB (lfb 8x4MB) SWAP 787/6078MB (cached 34MB) IRAM 0/252kB(lfb 252kB) CPU [5%@921,8%@921,off,off] EMC_FREQ 0%@1600 GR3D_FREQ 0%@614 APE 25 PLL@29.5C CPU@31.5C iwlwifi@32C PMIC@50C GPU@29.5C AO@41C thermal@30.75C POM_5V_IN 1689/1826 POM_5V_GPU 82/91 POM_5V_CPU 123/262
RAM 1381/3964MB (lfb 8x4MB) SWAP 787/6078MB (cached 34MB) IRAM 0/252kB(lfb 252kB) CPU [6%@921,8%@921,off,off] EMC_FREQ 0%@1600 GR3D_FREQ 0%@614 APE 25 PLL@29.5C CPU@31.5C iwlwifi@32C PMIC@50C GPU@30C AO@40.5C thermal@30.5C POM_5V_IN 1689/1825 POM_5V_GPU 82/91 POM_5V_CPU 164/262
RAM 1383/3964MB (lfb 8x4MB) SWAP 787/6078MB (cached 34MB) IRAM 0/252kB(lfb 252kB) CPU [5%@921,8%@921,off,off] EMC_FREQ 0%@1600 GR3D_FREQ 0%@614 APE 25 PLL@29.5C CPU@31C iwlwifi@32C PMIC@50C GPU@29.5C AO@40.5C thermal@30.75C POM_5V_IN 1689/1825 POM_5V_GPU 82/91 POM_5V_CPU 164/262
RAM 1379/3964MB (lfb 8x4MB) SWAP 787/6078MB (cached 34MB) IRAM 0/252kB(lfb 252kB) CPU [6%@921,7%@921,off,off] EMC_FREQ 0%@1600 GR3D_FREQ 0%@614 APE 25 PLL@29.5C CPU@31.5C iwlwifi@32C PMIC@50C GPU@30C AO@41C thermal@30.75C POM_5V_IN 1689/1825 POM_5V_GPU 82/91 POM_5V_CPU 164/262
RAM 1383/3964MB (lfb 8x4MB) SWAP 787/6078MB (cached 34MB) IRAM 0/252kB(lfb 252kB) CPU [7%@921,6%@921,off,off] EMC_FREQ 0%@1600 GR3D_FREQ 0%@614 APE 25 PLL@29.5C CPU@31.5C iwlwifi@32C PMIC@50C GPU@30C AO@40.5C thermal@30.75C POM_5V_IN 1728/1825 POM_5V_GPU 82/91 POM_5V_CPU 164/262
RAM 1379/3964MB (lfb 8x4MB) SWAP 787/6078MB (cached 34MB) IRAM 0/252kB(lfb 252kB) CPU [7%@921,7%@921,off,off] EMC_FREQ 0%@1600 GR3D_FREQ 0%@614 APE 25 PLL@29.5C CPU@31.5C iwlwifi@32C PMIC@50C GPU@30C AO@41C thermal@30.75C POM_5V_IN 1728/1825 POM_5V_GPU 82/91 POM_5V_CPU 164/262
RAM 1383/3964MB (lfb 8x4MB) SWAP 787/6078MB (cached 34MB) IRAM 0/252kB(lfb 252kB) CPU [5%@921,9%@921,off,off] EMC_FREQ 0%@1600 GR3D_FREQ 0%@614 APE 25 PLL@29.5C CPU@31.5C iwlwifi@32C PMIC@50C GPU@30C AO@41C thermal@30.5C POM_5V_IN 1689/1825 POM_5V_GPU 82/91 POM_5V_CPU 164/262
RAM 1381/3964MB (lfb 8x4MB) SWAP 787/6078MB (cached 34MB) IRAM 0/252kB(lfb 252kB) CPU [5%@921,8%@921,off,off] EMC_FREQ 0%@1600 GR3D_FREQ 0%@614 APE 25 PLL@29.5C CPU@31C iwlwifi@32C PMIC@50C GPU@30C AO@41C thermal@30.5C POM_5V_IN 1772/1825 POM_5V_GPU 82/91 POM_5V_CPU 206/261
RAM 1383/3964MB (lfb 8x4MB) SWAP 787/6078MB (cached 34MB) IRAM 0/252kB(lfb 252kB) CPU [9%@921,5%@921,off,off] EMC_FREQ 0%@1600 GR3D_FREQ 0%@614 APE 25 PLL@30C CPU@31.5C iwlwifi@32C PMIC@50C GPU@30C AO@40.5C thermal@30.5C POM_5V_IN 1689/1825 POM_5V_GPU 82/91 POM_5V_CPU 164/261
RAM 1381/3964MB (lfb 8x4MB) SWAP 787/6078MB (cached 34MB) IRAM 0/252kB(lfb 252kB) CPU [7%@921,7%@921,off,off] EMC_FREQ 0%@1600 GR3D_FREQ 0%@614 APE 25 PLL@30C CPU@31.5C iwlwifi@32C PMIC@50C GPU@30C AO@40.5C thermal@30.75C POM_5V_IN 1689/1825 POM_5V_GPU 82/91 POM_5V_CPU 164/261
RAM 1383/3964MB (lfb 8x4MB) SWAP 787/6078MB (cached 34MB) IRAM 0/252kB(lfb 252kB) CPU [5%@921,8%@921,off,off] EMC_FREQ 0%@1600 GR3D_FREQ 0%@614 APE 25 PLL@29.5C CPU@31C iwlwifi@32C PMIC@50C GPU@30C AO@41C thermal@30.75C POM_5V_IN 1689/1825 POM_5V_GPU 82/91 POM_5V_CPU 164/261
RAM 1379/3964MB (lfb 8x4MB) SWAP 787/6078MB (cached 34MB) IRAM 0/252kB(lfb 252kB) CPU [7%@921,6%@921,off,off] EMC_FREQ 0%@1600 GR3D_FREQ 0%@614 APE 25 PLL@29.5C CPU@31.5C iwlwifi@32C PMIC@50C GPU@30C AO@40.5C thermal@30.75C POM_5V_IN 1689/1825 POM_5V_GPU 82/91 POM_5V_CPU 164/261
RAM 1379/3964MB (lfb 8x4MB) SWAP 787/6078MB (cached 34MB) IRAM 0/252kB(lfb 252kB) CPU [8%@921,5%@921,off,off] EMC_FREQ 0%@1600 GR3D_FREQ 0%@614 APE 25 PLL@29.5C CPU@31.5C iwlwifi@32C PMIC@50C GPU@30C AO@40.5C thermal@30.75C POM_5V_IN 1689/1824 POM_5V_GPU 82/91 POM_5V_CPU 164/261
RAM 1381/3964MB (lfb 8x4MB) SWAP 787/6078MB (cached 34MB) IRAM 0/252kB(lfb 252kB) CPU [7%@921,6%@921,off,off] EMC_FREQ 0%@1600 GR3D_FREQ 0%@614 APE 25 PLL@30C CPU@31C iwlwifi@32C PMIC@50C GPU@30C AO@41C thermal@30.75C POM_5V_IN 1689/1824 POM_5V_GPU 82/91 POM_5V_CPU 164/261
RAM 1383/3964MB (lfb 8x4MB) SWAP 787/6078MB (cached 34MB) IRAM 0/252kB(lfb 252kB) CPU [7%@921,7%@921,off,off] EMC_FREQ 0%@1600 GR3D_FREQ 0%@614 APE 25 PLL@30C CPU@31.5C iwlwifi@32C PMIC@50C GPU@30C AO@41C thermal@30.5C POM_5V_IN 1689/1824 POM_5V_GPU 82/91 POM_5V_CPU 164/261
RAM 1383/3964MB (lfb 8x4MB) SWAP 787/6078MB (cached 34MB) IRAM 0/252kB(lfb 252kB) CPU [8%@921,6%@921,off,off] EMC_FREQ 0%@1600 GR3D_FREQ 0%@614 APE 25 PLL@29.5C CPU@31.5C iwlwifi@32C PMIC@50C GPU@30C AO@40.5C thermal@30.75C POM_5V_IN 1689/1824 POM_5V_GPU 82/91 POM_5V_CPU 164/261
RAM 1383/3964MB (lfb 8x4MB) SWAP 787/6078MB (cached 34MB) IRAM 0/252kB(lfb 252kB) CPU [10%@921,5%@921,off,off] EMC_FREQ 0%@1600 GR3D_FREQ 0%@614 APE 25 PLL@29.5C CPU@31.5C iwlwifi@32C PMIC@50C GPU@30C AO@40.5C thermal@30.75C POM_5V_IN 1689/1824 POM_5V_GPU 82/91 POM_5V_CPU 164/261
RAM 1379/3964MB (lfb 8x4MB) SWAP 787/6078MB (cached 34MB) IRAM 0/252kB(lfb 252kB) CPU [6%@921,7%@921,off,off] EMC_FREQ 0%@1600 GR3D_FREQ 0%@614 APE 25 PLL@29.5C CPU@31.5C iwlwifi@32C PMIC@50C GPU@30C AO@41C thermal@30.75C POM_5V_IN 1687/1824 POM_5V_GPU 82/91 POM_5V_CPU 164/261
RAM 1381/3964MB (lfb 8x4MB) SWAP 787/6078MB (cached 34MB) IRAM 0/252kB(lfb 252kB) CPU [7%@921,6%@921,off,off] EMC_FREQ 0%@1600 GR3D_FREQ 0%@614 APE 25 PLL@29.5C CPU@31.5C iwlwifi@32C PMIC@50C GPU@29.5C AO@40.5C thermal@30.75C POM_5V_IN 1689/1824 POM_5V_GPU 82/91 POM_5V_CPU 164/261
RAM 1379/3964MB (lfb 8x4MB) SWAP 787/6078MB (cached 34MB) IRAM 0/252kB(lfb 252kB) CPU [7%@921,6%@921,off,off] EMC_FREQ 0%@1600 GR3D_FREQ 0%@614 APE 25 PLL@29.5C CPU@31.5C iwlwifi@32C PMIC@50C GPU@29.5C AO@41C thermal@30.5C POM_5V_IN 1689/1824 POM_5V_GPU 82/91 POM_5V_CPU 164/261
RAM 1379/3964MB (lfb 8x4MB) SWAP 787/6078MB (cached 34MB) IRAM 0/252kB(lfb 252kB) CPU [7%@921,6%@921,off,off] EMC_FREQ 0%@1600 GR3D_FREQ 0%@614 APE 25 PLL@29.5C CPU@31C iwlwifi@32C PMIC@50C GPU@30C AO@40.5C thermal@30.75C POM_5V_IN 1689/1824 POM_5V_GPU 82/91 POM_5V_CPU 164/261
RAM 1383/3964MB (lfb 8x4MB) SWAP 787/6078MB (cached 34MB) IRAM 0/252kB(lfb 252kB) CPU [8%@921,6%@921,off,off] EMC_FREQ 0%@1600 GR3D_FREQ 0%@614 APE 25 PLL@29.5C CPU@31.5C iwlwifi@32C PMIC@50C GPU@30C AO@40.5C thermal@30.75C POM_5V_IN 1689/1824 POM_5V_GPU 82/91 POM_5V_CPU 164/260
RAM 1381/3964MB (lfb 8x4MB) SWAP 787/6078MB (cached 34MB) IRAM 0/252kB(lfb 252kB) CPU [7%@921,5%@921,off,off] EMC_FREQ 0%@1600 GR3D_FREQ 0%@614 APE 25 PLL@29.5C CPU@31.5C iwlwifi@32C PMIC@50C GPU@30C AO@40.5C thermal@30.5C POM_5V_IN 1689/1823 POM_5V_GPU 82/91 POM_5V_CPU 164/260
RAM 1381/3964MB (lfb 8x4MB) SWAP 787/6078MB (cached 34MB) IRAM 0/252kB(lfb 252kB) CPU [6%@921,7%@921,off,off] EMC_FREQ 0%@1600 GR3D_FREQ 0%@614 APE 25 PLL@29.5C CPU@31C iwlwifi@32C PMIC@50C GPU@30C AO@41C thermal@30.25C POM_5V_IN 1689/1823 POM_5V_GPU 82/91 POM_5V_CPU 164/260
RAM 1379/3964MB (lfb 8x4MB) SWAP 787/6078MB (cached 34MB) IRAM 0/252kB(lfb 252kB) CPU [8%@921,6%@921,off,off] EMC_FREQ 0%@1600 GR3D_FREQ 0%@614 APE 25 PLL@30C CPU@31.5C iwlwifi@32C PMIC@50C GPU@29.5C AO@41C thermal@30.75C POM_5V_IN 1687/1823 POM_5V_GPU 82/91 POM_5V_CPU 164/260
RAM 1379/3964MB (lfb 8x4MB) SWAP 787/6078MB (cached 34MB) IRAM 0/252kB(lfb 252kB) CPU [6%@921,8%@921,off,off] EMC_FREQ 0%@1600 GR3D_FREQ 0%@614 APE 25 PLL@30C CPU@31C iwlwifi@32C PMIC@50C GPU@30C AO@41C thermal@30.75C POM_5V_IN 1689/1823 POM_5V_GPU 82/91 POM_5V_CPU 164/260
RAM 1383/3964MB (lfb 8x4MB) SWAP 787/6078MB (cached 34MB) IRAM 0/252kB(lfb 252kB) CPU [7%@921,6%@921,off,off] EMC_FREQ 0%@1600 GR3D_FREQ 0%@614 APE 25 PLL@29.5C CPU@31C iwlwifi@32C PMIC@50C GPU@30C AO@41C thermal@30.75C POM_5V_IN 1689/1823 POM_5V_GPU 82/91 POM_5V_CPU 164/260
RAM 1380/3964MB (lfb 8x4MB) SWAP 787/6078MB (cached 34MB) IRAM 0/252kB(lfb 252kB) CPU [7%@921,7%@921,off,off] EMC_FREQ 0%@1600 GR3D_FREQ 0%@614 APE 25 PLL@30C CPU@31.5C iwlwifi@32C PMIC@50C GPU@29.5C AO@41C thermal@30.75C POM_5V_IN 1689/1823 POM_5V_GPU 82/91 POM_5V_CPU 164/260
RAM 1381/3964MB (lfb 8x4MB) SWAP 787/6078MB (cached 34MB) IRAM 0/252kB(lfb 252kB) CPU [9%@921,5%@921,off,off] EMC_FREQ 0%@1600 GR3D_FREQ 0%@614 APE 25 PLL@29.5C CPU@31C iwlwifi@32C PMIC@50C GPU@29.5C AO@40.5C thermal@30.5C POM_5V_IN 1689/1823 POM_5V_GPU 82/91 POM_5V_CPU 164/260
RAM 1383/3964MB (lfb 8x4MB) SWAP 787/6078MB (cached 34MB) IRAM 0/252kB(lfb 252kB) CPU [5%@921,9%@921,off,off] EMC_FREQ 0%@1600 GR3D_FREQ 0%@614 APE 25 PLL@30C CPU@31.5C iwlwifi@32C PMIC@50C GPU@29.5C AO@40.5C thermal@30.5C POM_5V_IN 1689/1823 POM_5V_GPU 82/91 POM_5V_CPU 164/260
RAM 1379/3964MB (lfb 8x4MB) SWAP 787/6078MB (cached 34MB) IRAM 0/252kB(lfb 252kB) CPU [10%@921,3%@921,off,off] EMC_FREQ 0%@1600 GR3D_FREQ 0%@614 APE 25 PLL@29.5C CPU@31.5C iwlwifi@32C PMIC@50C GPU@29.5C AO@41C thermal@30.75C POM_5V_IN 1689/1823 POM_5V_GPU 82/91 POM_5V_CPU 164/260
RAM 1381/3964MB (lfb 8x4MB) SWAP 787/6078MB (cached 34MB) IRAM 0/252kB(lfb 252kB) CPU [7%@921,9%@921,off,off] EMC_FREQ 0%@1600 GR3D_FREQ 0%@614 APE 25 PLL@30C CPU@31.5C iwlwifi@32C PMIC@50C GPU@30C AO@41C thermal@30.5C POM_5V_IN 1689/1823 POM_5V_GPU 82/91 POM_5V_CPU 164/260
RAM 1379/3964MB (lfb 8x4MB) SWAP 787/6078MB (cached 34MB) IRAM 0/252kB(lfb 252kB) CPU [8%@921,8%@921,off,off] EMC_FREQ 0%@1600 GR3D_FREQ 0%@614 APE 25 PLL@29.5C CPU@31.5C iwlwifi@32C PMIC@50C GPU@29.5C AO@41C thermal@30.75C POM_5V_IN 1731/1822 POM_5V_GPU 82/91 POM_5V_CPU 164/260
RAM 1383/3964MB (lfb 8x4MB) SWAP 787/6078MB (cached 34MB) IRAM 0/252kB(lfb 252kB) CPU [6%@921,7%@921,off,off] EMC_FREQ 0%@1600 GR3D_FREQ 0%@614 APE 25 PLL@30C CPU@31.5C iwlwifi@32C PMIC@50C GPU@29.5C AO@40.5C thermal@30.5C POM_5V_IN 1689/1822 POM_5V_GPU 82/91 POM_5V_CPU 164/260
RAM 1381/3964MB (lfb 8x4MB) SWAP 787/6078MB (cached 34MB) IRAM 0/252kB(lfb 252kB) CPU [7%@921,6%@921,off,off] EMC_FREQ 0%@1600 GR3D_FREQ 0%@614 APE 25 PLL@29.5C CPU@31.5C iwlwifi@32C PMIC@50C GPU@30C AO@40.5C thermal@30.75C POM_5V_IN 1689/1822 POM_5V_GPU 82/91 POM_5V_CPU 164/259
RAM 1383/3964MB (lfb 8x4MB) SWAP 787/6078MB (cached 34MB) IRAM 0/252kB(lfb 252kB) CPU [9%@921,5%@921,off,off] EMC_FREQ 0%@1600 GR3D_FREQ 0%@614 APE 25 PLL@29.5C CPU@31.5C iwlwifi@32C PMIC@50C GPU@30C AO@41C thermal@30.75C POM_5V_IN 1689/1822 POM_5V_GPU 82/91 POM_5V_CPU 164/259
RAM 1383/3964MB (lfb 8x4MB) SWAP 787/6078MB (cached 34MB) IRAM 0/252kB(lfb 252kB) CPU [8%@921,6%@921,off,off] EMC_FREQ 0%@1600 GR3D_FREQ 0%@614 APE 25 PLL@29.5C CPU@31.5C iwlwifi@32C PMIC@50C GPU@29.5C AO@40.5C thermal@30.5C POM_5V_IN 1689/1822 POM_5V_GPU 82/91 POM_5V_CPU 164/259
RAM 1381/3964MB (lfb 8x4MB) SWAP 787/6078MB (cached 34MB) IRAM 0/252kB(lfb 252kB) CPU [6%@921,7%@921,off,off] EMC_FREQ 0%@1600 GR3D_FREQ 0%@614 APE 25 PLL@29.5C CPU@31.5C iwlwifi@32C PMIC@50C GPU@30C AO@41C thermal@30.75C POM_5V_IN 1689/1822 POM_5V_GPU 82/91 POM_5V_CPU 164/259
RAM 1381/3964MB (lfb 8x4MB) SWAP 787/6078MB (cached 34MB) IRAM 0/252kB(lfb 252kB) CPU [9%@921,6%@921,off,off] EMC_FREQ 0%@1600 GR3D_FREQ 0%@614 APE 25 PLL@29.5C CPU@31C iwlwifi@33C PMIC@50C GPU@30C AO@40.5C thermal@30.75C POM_5V_IN 1689/1822 POM_5V_GPU 82/91 POM_5V_CPU 164/259
RAM 1379/3964MB (lfb 8x4MB) SWAP 787/6078MB (cached 34MB) IRAM 0/252kB(lfb 252kB) CPU [6%@921,8%@921,off,off] EMC_FREQ 0%@1600 GR3D_FREQ 0%@614 APE 25 PLL@29.5C CPU@31.5C iwlwifi@32C PMIC@50C GPU@29.5C AO@40.5C thermal@30.75C POM_5V_IN 1689/1822 POM_5V_GPU 82/91 POM_5V_CPU 164/259
RAM 1379/3964MB (lfb 8x4MB) SWAP 787/6078MB (cached 34MB) IRAM 0/252kB(lfb 252kB) CPU [9%@921,5%@921,off,off] EMC_FREQ 0%@1600 GR3D_FREQ 0%@614 APE 25 PLL@29.5C CPU@31.5C iwlwifi@32C PMIC@50C GPU@30C AO@40.5C thermal@30.75C POM_5V_IN 1689/1822 POM_5V_GPU 82/91 POM_5V_CPU 164/259
RAM 1381/3964MB (lfb 8x4MB) SWAP 787/6078MB (cached 34MB) IRAM 0/252kB(lfb 252kB) CPU [6%@921,7%@921,off,off] EMC_FREQ 0%@1600 GR3D_FREQ 0%@614 APE 25 PLL@29.5C CPU@31.5C iwlwifi@32C PMIC@50C GPU@30C AO@41C thermal@30.75C POM_5V_IN 1687/1822 POM_5V_GPU 82/91 POM_5V_CPU 164/259
RAM 1384/3964MB (lfb 8x4MB) SWAP 787/6078MB (cached 34MB) IRAM 0/252kB(lfb 252kB) CPU [7%@921,7%@921,off,off] EMC_FREQ 0%@1600 GR3D_FREQ 0%@614 APE 25 PLL@29.5C CPU@31.5C iwlwifi@32C PMIC@50C GPU@30C AO@40.5C thermal@30.75C POM_5V_IN 1689/1821 POM_5V_GPU 82/91 POM_5V_CPU 164/259
RAM 1379/3964MB (lfb 8x4MB) SWAP 787/6078MB (cached 34MB) IRAM 0/252kB(lfb 252kB) CPU [5%@921,9%@921,off,off] EMC_FREQ 0%@1600 GR3D_FREQ 0%@614 APE 25 PLL@29.5C CPU@31.5C iwlwifi@33C PMIC@50C GPU@29.5C AO@40.5C thermal@30.75C POM_5V_IN 1689/1821 POM_5V_GPU 82/91 POM_5V_CPU 164/259
RAM 1379/3964MB (lfb 8x4MB) SWAP 787/6078MB (cached 34MB) IRAM 0/252kB(lfb 252kB) CPU [4%@921,10%@921,off,off] EMC_FREQ 0%@1600 GR3D_FREQ 0%@614 APE 25 PLL@29.5C CPU@31.5C iwlwifi@32C PMIC@50C GPU@30C AO@40.5C thermal@30.75C POM_5V_IN 1687/1821 POM_5V_GPU 82/91 POM_5V_CPU 164/259
RAM 1379/3964MB (lfb 8x4MB) SWAP 787/6078MB (cached 34MB) IRAM 0/252kB(lfb 252kB) CPU [6%@921,7%@921,off,off] EMC_FREQ 0%@1600 GR3D_FREQ 0%@614 APE 25 PLL@29.5C CPU@31.5C iwlwifi@33C PMIC@50C GPU@30C AO@41C thermal@30.75C POM_5V_IN 1731/1821 POM_5V_GPU 82/91 POM_5V_CPU 164/259
RAM 1381/3964MB (lfb 8x4MB) SWAP 787/6078MB (cached 34MB) IRAM 0/252kB(lfb 252kB) CPU [6%@921,8%@921,off,off] EMC_FREQ 0%@1600 GR3D_FREQ 0%@614 APE 25 PLL@29.5C CPU@31.5C iwlwifi@32C PMIC@50C GPU@30C AO@41C thermal@30.75C POM_5V_IN 1689/1821 POM_5V_GPU 82/91 POM_5V_CPU 164/259
RAM 1381/3964MB (lfb 8x4MB) SWAP 787/6078MB (cached 34MB) IRAM 0/252kB(lfb 252kB) CPU [5%@921,4%@921,off,off] EMC_FREQ 0%@1600 GR3D_FREQ 0%@614 APE 25 PLL@29.5C CPU@31.5C iwlwifi@32C PMIC@50C GPU@29.5C AO@40.5C thermal@30.75C POM_5V_IN 1689/1821 POM_5V_GPU 82/91 POM_5V_CPU 164/259
RAM 1383/3964MB (lfb 8x4MB) SWAP 787/6078MB (cached 34MB) IRAM 0/252kB(lfb 252kB) CPU [8%@921,5%@921,off,off] EMC_FREQ 0%@1600 GR3D_FREQ 0%@614 APE 25 PLL@30C CPU@31.5C iwlwifi@34C PMIC@50C GPU@30C AO@40.5C thermal@30.75C POM_5V_IN 1689/1821 POM_5V_GPU 82/91 POM_5V_CPU 123/258
RAM 1381/3964MB (lfb 8x4MB) SWAP 787/6078MB (cached 34MB) IRAM 0/252kB(lfb 252kB) CPU [6%@921,8%@921,off,off] EMC_FREQ 0%@1600 GR3D_FREQ 0%@614 APE 25 PLL@29.5C CPU@31.5C iwlwifi@32C PMIC@50C GPU@29.5C AO@40.5C thermal@30.5C POM_5V_IN 1689/1821 POM_5V_GPU 82/91 POM_5V_CPU 164/258
RAM 1383/3964MB (lfb 8x4MB) SWAP 787/6078MB (cached 34MB) IRAM 0/252kB(lfb 252kB) CPU [8%@921,6%@921,off,off] EMC_FREQ 0%@1600 GR3D_FREQ 0%@614 APE 25 PLL@29.5C CPU@31.5C iwlwifi@32C PMIC@50C GPU@30C AO@40.5C thermal@30.5C POM_5V_IN 1731/1821 POM_5V_GPU 82/91 POM_5V_CPU 164/258
RAM 1383/3964MB (lfb 8x4MB) SWAP 787/6078MB (cached 34MB) IRAM 0/252kB(lfb 252kB) CPU [7%@921,7%@921,off,off] EMC_FREQ 0%@1600 GR3D_FREQ 0%@614 APE 25 PLL@29.5C CPU@31.5C iwlwifi@32C PMIC@50C GPU@29.5C AO@41C thermal@31C POM_5V_IN 1687/1821 POM_5V_GPU 82/91 POM_5V_CPU 164/258
RAM 1381/3964MB (lfb 8x4MB) SWAP 787/6078MB (cached 34MB) IRAM 0/252kB(lfb 252kB) CPU [6%@921,7%@921,off,off] EMC_FREQ 0%@1600 GR3D_FREQ 0%@614 APE 25 PLL@29.5C CPU@31.5C iwlwifi@32C PMIC@50C GPU@29.5C AO@40.5C thermal@30.75C POM_5V_IN 1731/1821 POM_5V_GPU 82/91 POM_5V_CPU 164/258
RAM 1383/3964MB (lfb 8x4MB) SWAP 787/6078MB (cached 34MB) IRAM 0/252kB(lfb 252kB) CPU [8%@921,6%@921,off,off] EMC_FREQ 0%@1600 GR3D_FREQ 0%@614 APE 25 PLL@30C CPU@31.5C iwlwifi@33C PMIC@50C GPU@29.5C AO@41C thermal@30.5C POM_5V_IN 1689/1820 POM_5V_GPU 82/91 POM_5V_CPU 164/258
RAM 1383/3964MB (lfb 8x4MB) SWAP 787/6078MB (cached 34MB) IRAM 0/252kB(lfb 252kB) CPU [7%@921,6%@921,off,off] EMC_FREQ 0%@1600 GR3D_FREQ 0%@614 APE 25 PLL@29.5C CPU@31.5C iwlwifi@32C PMIC@50C GPU@29.5C AO@41C thermal@30.5C POM_5V_IN 1687/1820 POM_5V_GPU 82/91 POM_5V_CPU 164/258
RAM 1381/3964MB (lfb 8x4MB) SWAP 787/6078MB (cached 34MB) IRAM 0/252kB(lfb 252kB) CPU [7%@921,8%@921,off,off] EMC_FREQ 0%@1600 GR3D_FREQ 0%@614 APE 25 PLL@30C CPU@31.5C iwlwifi@33C PMIC@50C GPU@29.5C AO@40.5C thermal@30.5C POM_5V_IN 1689/1820 POM_5V_GPU 82/91 POM_5V_CPU 164/258
RAM 1383/3964MB (lfb 8x4MB) SWAP 787/6078MB (cached 34MB) IRAM 0/252kB(lfb 252kB) CPU [6%@921,8%@921,off,off] EMC_FREQ 0%@1600 GR3D_FREQ 0%@614 APE 25 PLL@30C CPU@31.5C iwlwifi@32C PMIC@50C GPU@29.5C AO@41C thermal@30.5C POM_5V_IN 1689/1820 POM_5V_GPU 82/91 POM_5V_CPU 164/258
RAM 1379/3964MB (lfb 8x4MB) SWAP 787/6078MB (cached 34MB) IRAM 0/252kB(lfb 252kB) CPU [9%@921,6%@921,off,off] EMC_FREQ 0%@1600 GR3D_FREQ 0%@614 APE 25 PLL@29.5C CPU@31.5C iwlwifi@32C PMIC@50C GPU@29.5C AO@41C thermal@30.75C POM_5V_IN 1687/1820 POM_5V_GPU 82/91 POM_5V_CPU 164/258
RAM 1379/3964MB (lfb 8x4MB) SWAP 787/6078MB (cached 34MB) IRAM 0/252kB(lfb 252kB) CPU [7%@921,7%@921,off,off] EMC_FREQ 0%@1600 GR3D_FREQ 0%@614 APE 25 PLL@30C CPU@31.5C iwlwifi@32C PMIC@50C GPU@30C AO@41C thermal@30.75C POM_5V_IN 1689/1820 POM_5V_GPU 82/91 POM_5V_CPU 164/258
RAM 1383/3964MB (lfb 8x4MB) SWAP 787/6078MB (cached 34MB) IRAM 0/252kB(lfb 252kB) CPU [7%@921,7%@921,off,off] EMC_FREQ 0%@1600 GR3D_FREQ 0%@614 APE 25 PLL@29.5C CPU@31.5C iwlwifi@33C PMIC@50C GPU@30C AO@41C thermal@30.75C POM_5V_IN 1687/1820 POM_5V_GPU 82/91 POM_5V_CPU 164/258
RAM 1381/3964MB (lfb 8x4MB) SWAP 787/6078MB (cached 34MB) IRAM 0/252kB(lfb 252kB) CPU [7%@921,7%@921,off,off] EMC_FREQ 0%@1600 GR3D_FREQ 0%@614 APE 25 PLL@29.5C CPU@31.5C iwlwifi@32C PMIC@50C GPU@30C AO@41C thermal@30.75C POM_5V_IN 1689/1820 POM_5V_GPU 82/91 POM_5V_CPU 164/258
RAM 1380/3964MB (lfb 8x4MB) SWAP 787/6078MB (cached 34MB) IRAM 0/252kB(lfb 252kB) CPU [9%@921,5%@921,off,off] EMC_FREQ 0%@1600 GR3D_FREQ 0%@614 APE 25 PLL@30C CPU@31.5C iwlwifi@33C PMIC@50C GPU@30C AO@41C thermal@31C POM_5V_IN 1892/1820 POM_5V_GPU 82/91 POM_5V_CPU 288/258
RAM 1383/3964MB (lfb 8x4MB) SWAP 787/6078MB (cached 34MB) IRAM 0/252kB(lfb 252kB) CPU [7%@921,7%@921,off,off] EMC_FREQ 0%@1600 GR3D_FREQ 0%@614 APE 25 PLL@29.5C CPU@31.5C iwlwifi@33C PMIC@50C GPU@29.5C AO@41C thermal@30.75C POM_5V_IN 1728/1820 POM_5V_GPU 82/91 POM_5V_CPU 164/258
RAM 1379/3964MB (lfb 8x4MB) SWAP 787/6078MB (cached 34MB) IRAM 0/252kB(lfb 252kB) CPU [8%@921,6%@921,off,off] EMC_FREQ 0%@1600 GR3D_FREQ 0%@614 APE 25 PLL@30C CPU@32C iwlwifi@33C PMIC@50C GPU@29.5C AO@41C thermal@30.5C POM_5V_IN 1689/1820 POM_5V_GPU 82/91 POM_5V_CPU 164/258
RAM 1381/3964MB (lfb 8x4MB) SWAP 787/6078MB (cached 34MB) IRAM 0/252kB(lfb 252kB) CPU [5%@921,9%@921,off,off] EMC_FREQ 0%@1600 GR3D_FREQ 0%@614 APE 25 PLL@30C CPU@31.5C iwlwifi@32C PMIC@50C GPU@29.5C AO@41C thermal@30.75C POM_5V_IN 1687/1820 POM_5V_GPU 82/91 POM_5V_CPU 164/257
RAM 1380/3964MB (lfb 8x4MB) SWAP 787/6078MB (cached 34MB) IRAM 0/252kB(lfb 252kB) CPU [6%@921,8%@921,off,off] EMC_FREQ 0%@1600 GR3D_FREQ 0%@614 APE 25 PLL@30C CPU@31.5C iwlwifi@32C PMIC@50C GPU@29.5C AO@41C thermal@30.5C POM_5V_IN 1689/1819 POM_5V_GPU 82/91 POM_5V_CPU 164/257
RAM 1381/3964MB (lfb 8x4MB) SWAP 787/6078MB (cached 34MB) IRAM 0/252kB(lfb 252kB) CPU [8%@921,7%@921,off,off] EMC_FREQ 0%@1600 GR3D_FREQ 0%@614 APE 25 PLL@29.5C CPU@31.5C iwlwifi@32C PMIC@50C GPU@29.5C AO@41C thermal@30.5C POM_5V_IN 1689/1819 POM_5V_GPU 82/91 POM_5V_CPU 164/257
RAM 1379/3964MB (lfb 8x4MB) SWAP 787/6078MB (cached 34MB) IRAM 0/252kB(lfb 252kB) CPU [5%@921,8%@921,off,off] EMC_FREQ 0%@1600 GR3D_FREQ 0%@614 APE 25 PLL@29.5C CPU@31.5C iwlwifi@32C PMIC@50C GPU@29.5C AO@40.5C thermal@30.75C POM_5V_IN 1689/1819 POM_5V_GPU 82/91 POM_5V_CPU 164/257
RAM 1381/3964MB (lfb 8x4MB) SWAP 787/6078MB (cached 34MB) IRAM 0/252kB(lfb 252kB) CPU [7%@921,7%@921,off,off] EMC_FREQ 0%@1600 GR3D_FREQ 0%@614 APE 25 PLL@29.5C CPU@31.5C iwlwifi@32C PMIC@50C GPU@30C AO@41C thermal@30.75C POM_5V_IN 1689/1819 POM_5V_GPU 82/91 POM_5V_CPU 164/257
RAM 1379/3964MB (lfb 8x4MB) SWAP 787/6078MB (cached 34MB) IRAM 0/252kB(lfb 252kB) CPU [9%@921,6%@921,off,off] EMC_FREQ 0%@1600 GR3D_FREQ 0%@614 APE 25 PLL@29.5C CPU@31C iwlwifi@34C PMIC@50C GPU@30C AO@40.5C thermal@30.5C POM_5V_IN 1689/1819 POM_5V_GPU 82/91 POM_5V_CPU 164/257
RAM 1381/3964MB (lfb 8x4MB) SWAP 787/6078MB (cached 34MB) IRAM 0/252kB(lfb 252kB) CPU [7%@921,7%@921,off,off] EMC_FREQ 0%@1600 GR3D_FREQ 0%@614 APE 25 PLL@30C CPU@32C iwlwifi@33C PMIC@50C GPU@30C AO@41C thermal@30.5C POM_5V_IN 1687/1819 POM_5V_GPU 82/91 POM_5V_CPU 164/257
RAM 1383/3964MB (lfb 8x4MB) SWAP 787/6078MB (cached 34MB) IRAM 0/252kB(lfb 252kB) CPU [8%@921,5%@921,off,off] EMC_FREQ 0%@1600 GR3D_FREQ 0%@614 APE 25 PLL@30C CPU@31.5C iwlwifi@32C PMIC@50C GPU@29.5C AO@40.5C thermal@30.5C POM_5V_IN 1689/1819 POM_5V_GPU 82/91 POM_5V_CPU 164/257
RAM 1383/3964MB (lfb 8x4MB) SWAP 787/6078MB (cached 34MB) IRAM 0/252kB(lfb 252kB) CPU [8%@921,7%@921,off,off] EMC_FREQ 0%@1600 GR3D_FREQ 0%@614 APE 25 PLL@29.5C CPU@31.5C iwlwifi@33C PMIC@50C GPU@30C AO@41C thermal@31C POM_5V_IN 1731/1819 POM_5V_GPU 82/91 POM_5V_CPU 164/257
RAM 1379/3964MB (lfb 8x4MB) SWAP 787/6078MB (cached 34MB) IRAM 0/252kB(lfb 252kB) CPU [7%@921,7%@921,off,off] EMC_FREQ 0%@1600 GR3D_FREQ 0%@614 APE 25 PLL@30C CPU@31.5C iwlwifi@33C PMIC@50C GPU@29.5C AO@40.5C thermal@31C POM_5V_IN 1772/1819 POM_5V_GPU 82/91 POM_5V_CPU 206/257
RAM 1382/3964MB (lfb 8x4MB) SWAP 787/6078MB (cached 34MB) IRAM 0/252kB(lfb 252kB) CPU [10%@921,4%@921,off,off] EMC_FREQ 0%@1600 GR3D_FREQ 0%@614 APE 25 PLL@29.5C CPU@31.5C iwlwifi@33C PMIC@50C GPU@29.5C AO@41C thermal@30.75C POM_5V_IN 1689/1819 POM_5V_GPU 82/91 POM_5V_CPU 164/257
RAM 1384/3964MB (lfb 8x4MB) SWAP 787/6078MB (cached 34MB) IRAM 0/252kB(lfb 252kB) CPU [9%@921,5%@921,off,off] EMC_FREQ 0%@1600 GR3D_FREQ 0%@614 APE 25 PLL@30C CPU@31.5C iwlwifi@32C PMIC@50C GPU@30C AO@41C thermal@30.75C POM_5V_IN 1689/1819 POM_5V_GPU 82/91 POM_5V_CPU 164/257
RAM 1381/3964MB (lfb 8x4MB) SWAP 787/6078MB (cached 34MB) IRAM 0/252kB(lfb 252kB) CPU [9%@921,5%@921,off,off] EMC_FREQ 0%@1600 GR3D_FREQ 0%@614 APE 25 PLL@30C CPU@31.5C iwlwifi@32C PMIC@50C GPU@30C AO@41C thermal@30.5C POM_5V_IN 1689/1818 POM_5V_GPU 82/91 POM_5V_CPU 164/257
RAM 1379/3964MB (lfb 8x4MB) SWAP 787/6078MB (cached 34MB) IRAM 0/252kB(lfb 252kB) CPU [10%@921,4%@921,off,off] EMC_FREQ 0%@1600 GR3D_FREQ 0%@614 APE 25 PLL@30C CPU@32C iwlwifi@34C PMIC@50C GPU@30C AO@41C thermal@30.75C POM_5V_IN 1687/1818 POM_5V_GPU 82/91 POM_5V_CPU 164/257
RAM 1383/3964MB (lfb 8x4MB) SWAP 787/6078MB (cached 34MB) IRAM 0/252kB(lfb 252kB) CPU [8%@921,7%@921,off,off] EMC_FREQ 0%@1600 GR3D_FREQ 0%@614 APE 25 PLL@29.5C CPU@31.5C iwlwifi@32C PMIC@50C GPU@30C AO@41C thermal@30.75C POM_5V_IN 1689/1818 POM_5V_GPU 82/91 POM_5V_CPU 164/257
RAM 1381/3964MB (lfb 8x4MB) SWAP 787/6078MB (cached 34MB) IRAM 0/252kB(lfb 252kB) CPU [8%@921,6%@921,off,off] EMC_FREQ 0%@1600 GR3D_FREQ 0%@614 APE 25 PLL@29.5C CPU@31.5C iwlwifi@32C PMIC@50C GPU@29.5C AO@41C thermal@30.75C POM_5V_IN 1687/1818 POM_5V_GPU 82/91 POM_5V_CPU 164/256
RAM 1384/3964MB (lfb 8x4MB) SWAP 787/6078MB (cached 34MB) IRAM 0/252kB(lfb 252kB) CPU [8%@921,6%@921,off,off] EMC_FREQ 0%@1600 GR3D_FREQ 0%@614 APE 25 PLL@29.5C CPU@31.5C iwlwifi@33C PMIC@50C GPU@29.5C AO@41C thermal@30.75C POM_5V_IN 1810/1818 POM_5V_GPU 82/91 POM_5V_CPU 246/256
RAM 1384/3964MB (lfb 8x4MB) SWAP 787/6078MB (cached 34MB) IRAM 0/252kB(lfb 252kB) CPU [8%@921,7%@921,off,off] EMC_FREQ 0%@1600 GR3D_FREQ 0%@614 APE 25 PLL@30C CPU@31.5C iwlwifi@32C PMIC@50C GPU@29.5C AO@41C thermal@30.5C POM_5V_IN 1689/1818 POM_5V_GPU 82/90 POM_5V_CPU 164/256
RAM 1381/3964MB (lfb 8x4MB) SWAP 787/6078MB (cached 34MB) IRAM 0/252kB(lfb 252kB) CPU [7%@921,8%@921,off,off] EMC_FREQ 0%@1600 GR3D_FREQ 0%@614 APE 25 PLL@30C CPU@32C iwlwifi@33C PMIC@50C GPU@30C AO@41C thermal@30.75C POM_5V_IN 1689/1818 POM_5V_GPU 82/90 POM_5V_CPU 164/256
RAM 1384/3964MB (lfb 8x4MB) SWAP 787/6078MB (cached 34MB) IRAM 0/252kB(lfb 252kB) CPU [8%@921,7%@921,off,off] EMC_FREQ 0%@1600 GR3D_FREQ 0%@614 APE 25 PLL@30C CPU@31.5C iwlwifi@33C PMIC@50C GPU@30C AO@41C thermal@31C POM_5V_IN 1728/1818 POM_5V_GPU 82/90 POM_5V_CPU 164/256
RAM 1380/3964MB (lfb 8x4MB) SWAP 787/6078MB (cached 34MB) IRAM 0/252kB(lfb 252kB) CPU [7%@921,6%@921,off,off] EMC_FREQ 0%@1600 GR3D_FREQ 0%@614 APE 25 PLL@29.5C CPU@31.5C iwlwifi@32C PMIC@50C GPU@30C AO@41C thermal@30.75C POM_5V_IN 1689/1818 POM_5V_GPU 82/90 POM_5V_CPU 164/256
RAM 1383/3964MB (lfb 8x4MB) SWAP 787/6078MB (cached 34MB) IRAM 0/252kB(lfb 252kB) CPU [8%@921,7%@921,off,off] EMC_FREQ 0%@1600 GR3D_FREQ 0%@614 APE 25 PLL@29.5C CPU@31C iwlwifi@35C PMIC@50C GPU@30C AO@41C thermal@30.75C POM_5V_IN 1689/1818 POM_5V_GPU 82/90 POM_5V_CPU 164/256
RAM 1383/3964MB (lfb 8x4MB) SWAP 787/6078MB (cached 34MB) IRAM 0/252kB(lfb 252kB) CPU [5%@921,9%@921,off,off] EMC_FREQ 0%@1600 GR3D_FREQ 0%@614 APE 25 PLL@30C CPU@31.5C iwlwifi@33C PMIC@50C GPU@30C AO@41C thermal@31C POM_5V_IN 1687/1818 POM_5V_GPU 82/90 POM_5V_CPU 164/256
RAM 1389/3964MB (lfb 8x4MB) SWAP 780/6078MB (cached 37MB) IRAM 0/252kB(lfb 252kB) CPU [12%@921,7%@921,off,off] EMC_FREQ 0%@1600 GR3D_FREQ 0%@614 APE 25 PLL@29.5C CPU@31.5C iwlwifi@32C PMIC@50C GPU@29.5C AO@41C thermal@30.5C POM_5V_IN 1731/1818 POM_5V_GPU 82/90 POM_5V_CPU 164/256
RAM 1385/3964MB (lfb 8x4MB) SWAP 780/6078MB (cached 37MB) IRAM 0/252kB(lfb 252kB) CPU [7%@921,8%@921,off,off] EMC_FREQ 0%@1600 GR3D_FREQ 0%@614 APE 25 PLL@29.5C CPU@31.5C iwlwifi@32C PMIC@50C GPU@30C AO@41C thermal@30.75C POM_5V_IN 1689/1818 POM_5V_GPU 82/90 POM_5V_CPU 164/256
RAM 1385/3964MB (lfb 8x4MB) SWAP 780/6078MB (cached 37MB) IRAM 0/252kB(lfb 252kB) CPU [8%@921,5%@921,off,off] EMC_FREQ 0%@1600 GR3D_FREQ 0%@614 APE 25 PLL@29.5C CPU@31C iwlwifi@33C PMIC@50C GPU@30C AO@41C thermal@30.5C POM_5V_IN 1689/1817 POM_5V_GPU 82/90 POM_5V_CPU 164/256
RAM 1389/3964MB (lfb 8x4MB) SWAP 780/6078MB (cached 37MB) IRAM 0/252kB(lfb 252kB) CPU [6%@921,9%@921,off,off] EMC_FREQ 0%@1600 GR3D_FREQ 0%@614 APE 25 PLL@30C CPU@31.5C iwlwifi@32C PMIC@50C GPU@29.5C AO@41C thermal@30.75C POM_5V_IN 1687/1817 POM_5V_GPU 82/90 POM_5V_CPU 164/256
RAM 1388/3964MB (lfb 8x4MB) SWAP 780/6078MB (cached 37MB) IRAM 0/252kB(lfb 252kB) CPU [7%@921,7%@921,off,off] EMC_FREQ 0%@1600 GR3D_FREQ 0%@614 APE 25 PLL@30C CPU@31.5C iwlwifi@32C PMIC@50C GPU@29.5C AO@41C thermal@30.5C POM_5V_IN 1689/1817 POM_5V_GPU 82/90 POM_5V_CPU 164/256
RAM 1389/3964MB (lfb 8x4MB) SWAP 780/6078MB (cached 37MB) IRAM 0/252kB(lfb 252kB) CPU [9%@921,6%@921,off,off] EMC_FREQ 0%@1600 GR3D_FREQ 0%@614 APE 25 PLL@29.5C CPU@31.5C iwlwifi@33C PMIC@50C GPU@30C AO@41C thermal@30.5C POM_5V_IN 1689/1817 POM_5V_GPU 82/90 POM_5V_CPU 164/256
RAM 1389/3964MB (lfb 8x4MB) SWAP 780/6078MB (cached 37MB) IRAM 0/252kB(lfb 252kB) CPU [6%@921,3%@921,off,off] EMC_FREQ 0%@1600 GR3D_FREQ 0%@614 APE 25 PLL@29.5C CPU@31C iwlwifi@32C PMIC@50C GPU@30C AO@41C thermal@30.75C POM_5V_IN 1689/1817 POM_5V_GPU 82/90 POM_5V_CPU 164/256
RAM 1387/3964MB (lfb 8x4MB) SWAP 780/6078MB (cached 37MB) IRAM 0/252kB(lfb 252kB) CPU [8%@921,6%@921,off,off] EMC_FREQ 0%@1600 GR3D_FREQ 0%@614 APE 25 PLL@29.5C CPU@31.5C iwlwifi@32C PMIC@50C GPU@29.5C AO@41C thermal@30.75C POM_5V_IN 1689/1817 POM_5V_GPU 82/90 POM_5V_CPU 164/256
RAM 1388/3964MB (lfb 8x4MB) SWAP 780/6078MB (cached 37MB) IRAM 0/252kB(lfb 252kB) CPU [7%@921,7%@921,off,off] EMC_FREQ 0%@1600 GR3D_FREQ 0%@614 APE 25 PLL@29.5C CPU@31.5C iwlwifi@33C PMIC@50C GPU@30C AO@41C thermal@30.75C POM_5V_IN 1689/1817 POM_5V_GPU 82/90 POM_5V_CPU 164/255
RAM 1389/3964MB (lfb 8x4MB) SWAP 780/6078MB (cached 37MB) IRAM 0/252kB(lfb 252kB) CPU [7%@921,7%@921,off,off] EMC_FREQ 0%@1600 GR3D_FREQ 0%@614 APE 25 PLL@29.5C CPU@31C iwlwifi@32C PMIC@50C GPU@30C AO@41C thermal@30.5C POM_5V_IN 1687/1817 POM_5V_GPU 82/90 POM_5V_CPU 164/255
RAM 1388/3964MB (lfb 8x4MB) SWAP 780/6078MB (cached 37MB) IRAM 0/252kB(lfb 252kB) CPU [5%@921,8%@921,off,off] EMC_FREQ 0%@1600 GR3D_FREQ 0%@614 APE 25 PLL@29.5C CPU@31C iwlwifi@32C PMIC@50C GPU@29.5C AO@41C thermal@30.75C POM_5V_IN 1689/1817 POM_5V_GPU 82/90 POM_5V_CPU 164/255
RAM 1385/3964MB (lfb 8x4MB) SWAP 780/6078MB (cached 37MB) IRAM 0/252kB(lfb 252kB) CPU [7%@921,7%@921,off,off] EMC_FREQ 0%@1600 GR3D_FREQ 0%@614 APE 25 PLL@29.5C CPU@31C iwlwifi@32C PMIC@50C GPU@29.5C AO@40.5C thermal@30.75C POM_5V_IN 1689/1817 POM_5V_GPU 82/90 POM_5V_CPU 164/255
RAM 1387/3964MB (lfb 8x4MB) SWAP 780/6078MB (cached 37MB) IRAM 0/252kB(lfb 252kB) CPU [7%@921,6%@921,off,off] EMC_FREQ 0%@1600 GR3D_FREQ 0%@614 APE 25 PLL@29.5C CPU@31.5C iwlwifi@32C PMIC@50C GPU@30C AO@40.5C thermal@30.75C POM_5V_IN 1689/1816 POM_5V_GPU 82/90 POM_5V_CPU 164/255
RAM 1392/3964MB (lfb 8x4MB) SWAP 780/6078MB (cached 37MB) IRAM 0/252kB(lfb 252kB) CPU [8%@921,5%@921,off,off] EMC_FREQ 0%@1600 GR3D_FREQ 0%@614 APE 25 PLL@29.5C CPU@31C iwlwifi@32C PMIC@50C GPU@29.5C AO@41C thermal@30.5C POM_5V_IN 1689/1816 POM_5V_GPU 82/90 POM_5V_CPU 164/255
RAM 1387/3964MB (lfb 8x4MB) SWAP 780/6078MB (cached 37MB) IRAM 0/252kB(lfb 252kB) CPU [7%@921,7%@921,off,off] EMC_FREQ 0%@1600 GR3D_FREQ 0%@614 APE 25 PLL@30C CPU@31.5C iwlwifi@32C PMIC@50C GPU@30C AO@41C thermal@30.75C POM_5V_IN 1934/1816 POM_5V_GPU 82/90 POM_5V_CPU 369/255
RAM 1385/3964MB (lfb 8x4MB) SWAP 780/6078MB (cached 37MB) IRAM 0/252kB(lfb 252kB) CPU [6%@921,7%@921,off,off] EMC_FREQ 0%@1600 GR3D_FREQ 0%@614 APE 25 PLL@30C CPU@31.5C iwlwifi@32C PMIC@50C GPU@29.5C AO@41C thermal@30.25C POM_5V_IN 1689/1816 POM_5V_GPU 82/90 POM_5V_CPU 164/255
RAM 1389/3964MB (lfb 8x4MB) SWAP 780/6078MB (cached 37MB) IRAM 0/252kB(lfb 252kB) CPU [5%@921,8%@921,off,off] EMC_FREQ 0%@1600 GR3D_FREQ 0%@614 APE 25 PLL@30C CPU@31C iwlwifi@32C PMIC@50C GPU@29.5C AO@41C thermal@30.75C POM_5V_IN 1689/1816 POM_5V_GPU 82/90 POM_5V_CPU 164/255
RAM 1389/3964MB (lfb 8x4MB) SWAP 780/6078MB (cached 37MB) IRAM 0/252kB(lfb 252kB) CPU [7%@921,7%@921,off,off] EMC_FREQ 0%@1600 GR3D_FREQ 0%@614 APE 25 PLL@29.5C CPU@31.5C iwlwifi@32C PMIC@50C GPU@29.5C AO@41C thermal@30.75C POM_5V_IN 2013/1816 POM_5V_GPU 82/90 POM_5V_CPU 369/255
RAM 1385/3964MB (lfb 8x4MB) SWAP 780/6078MB (cached 37MB) IRAM 0/252kB(lfb 252kB) CPU [7%@921,7%@921,off,off] EMC_FREQ 0%@1600 GR3D_FREQ 0%@614 APE 25 PLL@29.5C CPU@31.5C iwlwifi@32C PMIC@50C GPU@29.5C AO@41C thermal@30.5C POM_5V_IN 1689/1816 POM_5V_GPU 82/90 POM_5V_CPU 164/255
RAM 1387/3964MB (lfb 8x4MB) SWAP 780/6078MB (cached 37MB) IRAM 0/252kB(lfb 252kB) CPU [6%@921,7%@921,off,off] EMC_FREQ 0%@1600 GR3D_FREQ 0%@614 APE 25 PLL@29.5C CPU@31.5C iwlwifi@32C PMIC@50C GPU@30C AO@41C thermal@30.75C POM_5V_IN 1731/1816 POM_5V_GPU 82/90 POM_5V_CPU 164/255
RAM 1389/3964MB (lfb 8x4MB) SWAP 780/6078MB (cached 37MB) IRAM 0/252kB(lfb 252kB) CPU [9%@921,5%@921,off,off] EMC_FREQ 0%@1600 GR3D_FREQ 0%@614 APE 25 PLL@29.5C CPU@31.5C iwlwifi@32C PMIC@50C GPU@29.5C AO@41.5C thermal@30.75C POM_5V_IN 1728/1816 POM_5V_GPU 82/90 POM_5V_CPU 164/255
RAM 1387/3964MB (lfb 8x4MB) SWAP 780/6078MB (cached 37MB) IRAM 0/252kB(lfb 252kB) CPU [7%@921,6%@921,off,off] EMC_FREQ 0%@1600 GR3D_FREQ 0%@614 APE 25 PLL@29.5C CPU@31.5C iwlwifi@32C PMIC@50C GPU@30C AO@41C thermal@30.75C POM_5V_IN 1689/1816 POM_5V_GPU 82/90 POM_5V_CPU 164/255
RAM 1387/3964MB (lfb 8x4MB) SWAP 780/6078MB (cached 37MB) IRAM 0/252kB(lfb 252kB) CPU [8%@921,6%@921,off,off] EMC_FREQ 0%@1600 GR3D_FREQ 0%@614 APE 25 PLL@29.5C CPU@31.5C iwlwifi@32C PMIC@50C GPU@30C AO@40.5C thermal@30.5C POM_5V_IN 1689/1816 POM_5V_GPU 82/90 POM_5V_CPU 164/255
RAM 1387/3964MB (lfb 8x4MB) SWAP 780/6078MB (cached 37MB) IRAM 0/252kB(lfb 252kB) CPU [5%@921,8%@921,off,off] EMC_FREQ 0%@1600 GR3D_FREQ 0%@614 APE 25 PLL@29.5C CPU@31C iwlwifi@32C PMIC@50C GPU@29.5C AO@41C thermal@30.75C POM_5V_IN 1689/1816 POM_5V_GPU 82/90 POM_5V_CPU 164/255
RAM 1386/3964MB (lfb 8x4MB) SWAP 780/6078MB (cached 37MB) IRAM 0/252kB(lfb 252kB) CPU [6%@921,8%@921,off,off] EMC_FREQ 0%@1600 GR3D_FREQ 0%@614 APE 25 PLL@29.5C CPU@31.5C iwlwifi@32C PMIC@50C GPU@30C AO@41C thermal@30.5C POM_5V_IN 1689/1816 POM_5V_GPU 82/90 POM_5V_CPU 164/255
RAM 1386/3964MB (lfb 8x4MB) SWAP 780/6078MB (cached 37MB) IRAM 0/252kB(lfb 252kB) CPU [9%@921,5%@921,off,off] EMC_FREQ 0%@1600 GR3D_FREQ 0%@614 APE 25 PLL@29.5C CPU@31C iwlwifi@32C PMIC@50C GPU@29.5C AO@41C thermal@30.5C POM_5V_IN 1689/1816 POM_5V_GPU 82/90 POM_5V_CPU 164/255
RAM 1387/3964MB (lfb 8x4MB) SWAP 780/6078MB (cached 37MB) IRAM 0/252kB(lfb 252kB) CPU [6%@921,8%@921,off,off] EMC_FREQ 0%@1600 GR3D_FREQ 0%@614 APE 25 PLL@29.5C CPU@31.5C iwlwifi@32C PMIC@50C GPU@29.5C AO@41C thermal@30.5C POM_5V_IN 1689/1816 POM_5V_GPU 82/90 POM_5V_CPU 164/255
RAM 1386/3964MB (lfb 8x4MB) SWAP 780/6078MB (cached 37MB) IRAM 0/252kB(lfb 252kB) CPU [7%@921,6%@921,off,off] EMC_FREQ 0%@1600 GR3D_FREQ 0%@614 APE 25 PLL@30C CPU@31.5C iwlwifi@32C PMIC@50C GPU@29.5C AO@41C thermal@30.25C POM_5V_IN 1689/1816 POM_5V_GPU 82/90 POM_5V_CPU 164/254
RAM 1389/3964MB (lfb 8x4MB) SWAP 780/6078MB (cached 37MB) IRAM 0/252kB(lfb 252kB) CPU [6%@921,8%@921,off,off] EMC_FREQ 0%@1600 GR3D_FREQ 0%@614 APE 25 PLL@30C CPU@31.5C iwlwifi@32C PMIC@50C GPU@29.5C AO@40.5C thermal@30.75C POM_5V_IN 1689/1816 POM_5V_GPU 82/90 POM_5V_CPU 164/254
RAM 1388/3964MB (lfb 8x4MB) SWAP 780/6078MB (cached 37MB) IRAM 0/252kB(lfb 252kB) CPU [6%@921,6%@921,off,off] EMC_FREQ 0%@1600 GR3D_FREQ 0%@614 APE 25 PLL@30C CPU@31.5C iwlwifi@32C PMIC@50C GPU@30C AO@40.5C thermal@30.75C POM_5V_IN 1689/1815 POM_5V_GPU 82/90 POM_5V_CPU 164/254
RAM 1387/3964MB (lfb 8x4MB) SWAP 780/6078MB (cached 37MB) IRAM 0/252kB(lfb 252kB) CPU [7%@921,7%@921,off,off] EMC_FREQ 0%@1600 GR3D_FREQ 0%@614 APE 25 PLL@30C CPU@31.5C iwlwifi@32C PMIC@50C GPU@30C AO@41C thermal@30.5C POM_5V_IN 1689/1815 POM_5V_GPU 82/90 POM_5V_CPU 164/254
RAM 1387/3964MB (lfb 8x4MB) SWAP 780/6078MB (cached 37MB) IRAM 0/252kB(lfb 252kB) CPU [5%@921,8%@921,off,off] EMC_FREQ 0%@1600 GR3D_FREQ 0%@614 APE 25 PLL@29.5C CPU@31.5C iwlwifi@32C PMIC@50C GPU@29.5C AO@41C thermal@30.5C POM_5V_IN 1689/1815 POM_5V_GPU 82/90 POM_5V_CPU 164/254
RAM 1387/3964MB (lfb 8x4MB) SWAP 780/6078MB (cached 37MB) IRAM 0/252kB(lfb 252kB) CPU [6%@921,7%@921,off,off] EMC_FREQ 0%@1600 GR3D_FREQ 0%@614 APE 25 PLL@29.5C CPU@31.5C iwlwifi@32C PMIC@50C GPU@29.5C AO@40.5C thermal@30.5C POM_5V_IN 1689/1815 POM_5V_GPU 82/90 POM_5V_CPU 164/254
RAM 1389/3964MB (lfb 8x4MB) SWAP 780/6078MB (cached 37MB) IRAM 0/252kB(lfb 252kB) CPU [10%@921,4%@921,off,off] EMC_FREQ 0%@1600 GR3D_FREQ 0%@614 APE 25 PLL@29.5C CPU@31C iwlwifi@32C PMIC@50C GPU@30C AO@41C thermal@30.75C POM_5V_IN 1689/1815 POM_5V_GPU 82/90 POM_5V_CPU 164/254
RAM 1390/3964MB (lfb 8x4MB) SWAP 780/6078MB (cached 37MB) IRAM 0/252kB(lfb 252kB) CPU [6%@921,7%@921,off,off] EMC_FREQ 0%@1600 GR3D_FREQ 0%@614 APE 25 PLL@29.5C CPU@31.5C iwlwifi@32C PMIC@50C GPU@30C AO@41C thermal@30.75C POM_5V_IN 1689/1815 POM_5V_GPU 82/90 POM_5V_CPU 164/254
RAM 1387/3964MB (lfb 8x4MB) SWAP 780/6078MB (cached 37MB) IRAM 0/252kB(lfb 252kB) CPU [6%@921,8%@921,off,off] EMC_FREQ 0%@1600 GR3D_FREQ 0%@614 APE 25 PLL@30C CPU@31.5C iwlwifi@32C PMIC@50C GPU@29.5C AO@41C thermal@30.25C POM_5V_IN 2013/1815 POM_5V_GPU 82/90 POM_5V_CPU 164/254
RAM 1389/3964MB (lfb 8x4MB) SWAP 780/6078MB (cached 37MB) IRAM 0/252kB(lfb 252kB) CPU [7%@921,6%@921,off,off] EMC_FREQ 0%@1600 GR3D_FREQ 0%@614 APE 25 PLL@29.5C CPU@31.5C iwlwifi@32C PMIC@50C GPU@29.5C AO@41C thermal@30.75C POM_5V_IN 1689/1815 POM_5V_GPU 82/90 POM_5V_CPU 164/254
RAM 1389/3964MB (lfb 8x4MB) SWAP 780/6078MB (cached 37MB) IRAM 0/252kB(lfb 252kB) CPU [7%@921,7%@921,off,off] EMC_FREQ 0%@1600 GR3D_FREQ 0%@614 APE 25 PLL@29.5C CPU@31.5C iwlwifi@32C PMIC@50C GPU@30C AO@41C thermal@30.5C POM_5V_IN 1689/1815 POM_5V_GPU 82/90 POM_5V_CPU 164/254
RAM 1386/3964MB (lfb 8x4MB) SWAP 780/6078MB (cached 37MB) IRAM 0/252kB(lfb 252kB) CPU [7%@921,6%@921,off,off] EMC_FREQ 0%@1600 GR3D_FREQ 0%@614 APE 25 PLL@30C CPU@31.5C iwlwifi@32C PMIC@50C GPU@30C AO@40.5C thermal@30.75C POM_5V_IN 1689/1815 POM_5V_GPU 82/90 POM_5V_CPU 164/254
RAM 1389/3964MB (lfb 8x4MB) SWAP 780/6078MB (cached 37MB) IRAM 0/252kB(lfb 252kB) CPU [5%@921,8%@921,off,off] EMC_FREQ 0%@1600 GR3D_FREQ 0%@614 APE 25 PLL@29.5C CPU@31.5C iwlwifi@32C PMIC@50C GPU@29.5C AO@41C thermal@30.5C POM_5V_IN 1689/1815 POM_5V_GPU 82/90 POM_5V_CPU 164/254
RAM 1388/3964MB (lfb 8x4MB) SWAP 780/6078MB (cached 37MB) IRAM 0/252kB(lfb 252kB) CPU [8%@921,5%@921,off,off] EMC_FREQ 0%@1600 GR3D_FREQ 0%@614 APE 25 PLL@29.5C CPU@31C iwlwifi@32C PMIC@50C GPU@29.5C AO@40.5C thermal@30.25C POM_5V_IN 1689/1815 POM_5V_GPU 82/90 POM_5V_CPU 164/254
RAM 1389/3964MB (lfb 8x4MB) SWAP 780/6078MB (cached 37MB) IRAM 0/252kB(lfb 252kB) CPU [5%@921,9%@921,off,off] EMC_FREQ 0%@1600 GR3D_FREQ 0%@614 APE 25 PLL@30C CPU@31.5C iwlwifi@32C PMIC@50C GPU@30C AO@41C thermal@30.75C POM_5V_IN 1689/1815 POM_5V_GPU 82/90 POM_5V_CPU 164/254
RAM 1387/3964MB (lfb 8x4MB) SWAP 780/6078MB (cached 37MB) IRAM 0/252kB(lfb 252kB) CPU [7%@921,5%@921,off,off] EMC_FREQ 0%@1600 GR3D_FREQ 0%@614 APE 25 PLL@30C CPU@31.5C iwlwifi@32C PMIC@50C GPU@30C AO@41C thermal@30.5C POM_5V_IN 1689/1814 POM_5V_GPU 82/90 POM_5V_CPU 164/254
RAM 1386/3964MB (lfb 8x4MB) SWAP 780/6078MB (cached 37MB) IRAM 0/252kB(lfb 252kB) CPU [10%@921,4%@921,off,off] EMC_FREQ 0%@1600 GR3D_FREQ 0%@614 APE 25 PLL@30C CPU@31.5C iwlwifi@34C PMIC@50C GPU@29.5C AO@41C thermal@30.25C POM_5V_IN 1689/1814 POM_5V_GPU 82/90 POM_5V_CPU 164/253
RAM 1389/3964MB (lfb 8x4MB) SWAP 780/6078MB (cached 37MB) IRAM 0/252kB(lfb 252kB) CPU [5%@921,8%@921,off,off] EMC_FREQ 0%@1600 GR3D_FREQ 0%@614 APE 25 PLL@29.5C CPU@31.5C iwlwifi@32C PMIC@50C GPU@30C AO@41C thermal@30.5C POM_5V_IN 1687/1814 POM_5V_GPU 82/90 POM_5V_CPU 164/253
RAM 1387/3964MB (lfb 8x4MB) SWAP 780/6078MB (cached 37MB) IRAM 0/252kB(lfb 252kB) CPU [7%@921,6%@921,off,off] EMC_FREQ 0%@1600 GR3D_FREQ 0%@614 APE 25 PLL@30C CPU@31C iwlwifi@32C PMIC@50C GPU@30C AO@41C thermal@30.5C POM_5V_IN 1689/1814 POM_5V_GPU 82/90 POM_5V_CPU 164/253
RAM 1390/3964MB (lfb 8x4MB) SWAP 780/6078MB (cached 37MB) IRAM 0/252kB(lfb 252kB) CPU [6%@921,8%@921,off,off] EMC_FREQ 0%@1600 GR3D_FREQ 0%@614 APE 25 PLL@30C CPU@31C iwlwifi@32C PMIC@50C GPU@30C AO@40.5C thermal@30.5C POM_5V_IN 1689/1814 POM_5V_GPU 82/90 POM_5V_CPU 164/253
RAM 1387/3964MB (lfb 8x4MB) SWAP 780/6078MB (cached 37MB) IRAM 0/252kB(lfb 252kB) CPU [7%@921,7%@921,off,off] EMC_FREQ 0%@1600 GR3D_FREQ 0%@614 APE 25 PLL@30C CPU@31C iwlwifi@32C PMIC@50C GPU@29.5C AO@41C thermal@30.5C POM_5V_IN 1731/1814 POM_5V_GPU 82/90 POM_5V_CPU 164/253
RAM 1385/3964MB (lfb 8x4MB) SWAP 780/6078MB (cached 37MB) IRAM 0/252kB(lfb 252kB) CPU [6%@921,8%@921,off,off] EMC_FREQ 0%@1600 GR3D_FREQ 0%@614 APE 25 PLL@30C CPU@31.5C iwlwifi@32C PMIC@50C GPU@29.5C AO@40.5C thermal@30.25C POM_5V_IN 1689/1814 POM_5V_GPU 82/90 POM_5V_CPU 164/253
RAM 1386/3964MB (lfb 8x4MB) SWAP 780/6078MB (cached 37MB) IRAM 0/252kB(lfb 252kB) CPU [7%@921,5%@921,off,off] EMC_FREQ 0%@1600 GR3D_FREQ 0%@614 APE 25 PLL@30C CPU@31C iwlwifi@32C PMIC@50C GPU@29.5C AO@41C thermal@30.25C POM_5V_IN 1689/1814 POM_5V_GPU 82/90 POM_5V_CPU 164/253
RAM 1389/3964MB (lfb 8x4MB) SWAP 780/6078MB (cached 37MB) IRAM 0/252kB(lfb 252kB) CPU [8%@921,6%@921,off,off] EMC_FREQ 0%@1600 GR3D_FREQ 0%@614 APE 25 PLL@29.5C CPU@31.5C iwlwifi@32C PMIC@50C GPU@30C AO@41C thermal@30.75C POM_5V_IN 1689/1814 POM_5V_GPU 82/90 POM_5V_CPU 164/253
RAM 1389/3964MB (lfb 8x4MB) SWAP 780/6078MB (cached 37MB) IRAM 0/252kB(lfb 252kB) CPU [7%@921,7%@921,off,off] EMC_FREQ 0%@1600 GR3D_FREQ 0%@614 APE 25 PLL@29.5C CPU@31.5C iwlwifi@32C PMIC@50C GPU@30C AO@41C thermal@30.5C POM_5V_IN 1689/1814 POM_5V_GPU 82/90 POM_5V_CPU 164/253
RAM 1389/3964MB (lfb 8x4MB) SWAP 780/6078MB (cached 37MB) IRAM 0/252kB(lfb 252kB) CPU [8%@921,6%@921,off,off] EMC_FREQ 0%@1600 GR3D_FREQ 0%@614 APE 25 PLL@30C CPU@31C iwlwifi@32C PMIC@50C GPU@30C AO@41C thermal@30.5C POM_5V_IN 1810/1814 POM_5V_GPU 82/90 POM_5V_CPU 246/253
RAM 1388/3964MB (lfb 8x4MB) SWAP 780/6078MB (cached 37MB) IRAM 0/252kB(lfb 252kB) CPU [8%@921,5%@921,off,off] EMC_FREQ 0%@1600 GR3D_FREQ 0%@614 APE 25 PLL@30C CPU@31.5C iwlwifi@32C PMIC@50C GPU@30C AO@41C thermal@30.5C POM_5V_IN 1689/1814 POM_5V_GPU 82/90 POM_5V_CPU 164/253
RAM 1387/3964MB (lfb 8x4MB) SWAP 780/6078MB (cached 37MB) IRAM 0/252kB(lfb 252kB) CPU [6%@921,7%@921,off,off] EMC_FREQ 0%@1600 GR3D_FREQ 0%@614 APE 25 PLL@29.5C CPU@31C iwlwifi@32C PMIC@50C GPU@29.5C AO@41C thermal@30.5C POM_5V_IN 1689/1814 POM_5V_GPU 82/90 POM_5V_CPU 164/253
RAM 1390/3964MB (lfb 8x4MB) SWAP 780/6078MB (cached 37MB) IRAM 0/252kB(lfb 252kB) CPU [5%@921,8%@921,off,off] EMC_FREQ 0%@1600 GR3D_FREQ 0%@614 APE 25 PLL@30C CPU@31C iwlwifi@32C PMIC@50C GPU@30C AO@41C thermal@30.25C POM_5V_IN 1689/1813 POM_5V_GPU 82/90 POM_5V_CPU 164/253
RAM 1390/3964MB (lfb 8x4MB) SWAP 780/6078MB (cached 37MB) IRAM 0/252kB(lfb 252kB) CPU [6%@921,8%@921,off,off] EMC_FREQ 0%@1600 GR3D_FREQ 0%@614 APE 25 PLL@30C CPU@31C iwlwifi@32C PMIC@50C GPU@30C AO@41C thermal@30.5C POM_5V_IN 1731/1813 POM_5V_GPU 82/90 POM_5V_CPU 164/253
RAM 1386/3964MB (lfb 8x4MB) SWAP 780/6078MB (cached 37MB) IRAM 0/252kB(lfb 252kB) CPU [6%@921,7%@921,off,off] EMC_FREQ 0%@1600 GR3D_FREQ 0%@614 APE 25 PLL@29.5C CPU@31.5C iwlwifi@32C PMIC@50C GPU@29.5C AO@41C thermal@30.5C POM_5V_IN 1689/1813 POM_5V_GPU 82/90 POM_5V_CPU 164/253
RAM 1388/3964MB (lfb 8x4MB) SWAP 779/6078MB (cached 37MB) IRAM 0/252kB(lfb 252kB) CPU [5%@921,8%@921,off,off] EMC_FREQ 0%@1600 GR3D_FREQ 0%@614 APE 25 PLL@29.5C CPU@31.5C iwlwifi@32C PMIC@50C GPU@30C AO@41C thermal@30.75C POM_5V_IN 1689/1813 POM_5V_GPU 82/90 POM_5V_CPU 164/253
RAM 1388/3964MB (lfb 8x4MB) SWAP 779/6078MB (cached 37MB) IRAM 0/252kB(lfb 252kB) CPU [8%@921,5%@921,off,off] EMC_FREQ 0%@1600 GR3D_FREQ 0%@614 APE 25 PLL@29.5C CPU@31C iwlwifi@32C PMIC@50C GPU@29.5C AO@41C thermal@30.75C POM_5V_IN 1689/1813 POM_5V_GPU 82/90 POM_5V_CPU 164/253
RAM 1390/3964MB (lfb 8x4MB) SWAP 779/6078MB (cached 37MB) IRAM 0/252kB(lfb 252kB) CPU [10%@921,3%@921,off,off] EMC_FREQ 0%@1600 GR3D_FREQ 0%@614 APE 25 PLL@29.5C CPU@31C iwlwifi@32C PMIC@50C GPU@29.5C AO@41C thermal@30.5C POM_5V_IN 1689/1813 POM_5V_GPU 82/90 POM_5V_CPU 123/252
RAM 1390/3964MB (lfb 8x4MB) SWAP 779/6078MB (cached 37MB) IRAM 0/252kB(lfb 252kB) CPU [10%@921,4%@921,off,off] EMC_FREQ 0%@1600 GR3D_FREQ 0%@614 APE 25 PLL@30C CPU@31.5C iwlwifi@32C PMIC@50C GPU@30C AO@40.5C thermal@30.25C POM_5V_IN 1813/1813 POM_5V_GPU 82/90 POM_5V_CPU 246/252
RAM 1389/3964MB (lfb 8x4MB) SWAP 779/6078MB (cached 37MB) IRAM 0/252kB(lfb 252kB) CPU [7%@921,6%@921,off,off] EMC_FREQ 0%@1600 GR3D_FREQ 0%@614 APE 25 PLL@29.5C CPU@31C iwlwifi@32C PMIC@50C GPU@30C AO@41C thermal@30.75C POM_5V_IN 1689/1813 POM_5V_GPU 82/90 POM_5V_CPU 164/252
RAM 1388/3964MB (lfb 8x4MB) SWAP 779/6078MB (cached 37MB) IRAM 0/252kB(lfb 252kB) CPU [9%@921,4%@921,off,off] EMC_FREQ 0%@1600 GR3D_FREQ 0%@614 APE 25 PLL@29.5C CPU@31C iwlwifi@32C PMIC@50C GPU@30C AO@41C thermal@30.5C POM_5V_IN 1689/1813 POM_5V_GPU 82/90 POM_5V_CPU 164/252
RAM 1390/3964MB (lfb 8x4MB) SWAP 779/6078MB (cached 37MB) IRAM 0/252kB(lfb 252kB) CPU [7%@921,5%@921,off,off] EMC_FREQ 0%@1600 GR3D_FREQ 0%@614 APE 25 PLL@29.5C CPU@31C iwlwifi@32C PMIC@50C GPU@29.5C AO@40.5C thermal@30.5C POM_5V_IN 1689/1813 POM_5V_GPU 82/90 POM_5V_CPU 164/252
RAM 1388/3964MB (lfb 8x4MB) SWAP 779/6078MB (cached 37MB) IRAM 0/252kB(lfb 252kB) CPU [7%@921,7%@921,off,off] EMC_FREQ 0%@1600 GR3D_FREQ 0%@614 APE 25 PLL@30C CPU@31.5C iwlwifi@32C PMIC@50C GPU@30C AO@40.5C thermal@30.75C POM_5V_IN 1689/1813 POM_5V_GPU 82/90 POM_5V_CPU 164/252
RAM 1387/3964MB (lfb 8x4MB) SWAP 779/6078MB (cached 37MB) IRAM 0/252kB(lfb 252kB) CPU [6%@921,6%@921,off,off] EMC_FREQ 0%@1600 GR3D_FREQ 0%@614 APE 25 PLL@30C CPU@31C iwlwifi@32C PMIC@50C GPU@29.5C AO@40.5C thermal@30.5C POM_5V_IN 1689/1813 POM_5V_GPU 82/90 POM_5V_CPU 164/252
RAM 1388/3964MB (lfb 8x4MB) SWAP 779/6078MB (cached 37MB) IRAM 0/252kB(lfb 252kB) CPU [8%@921,6%@921,off,off] EMC_FREQ 0%@1600 GR3D_FREQ 0%@614 APE 25 PLL@30C CPU@31.5C iwlwifi@32C PMIC@50C GPU@30C AO@41C thermal@30.5C POM_5V_IN 1689/1813 POM_5V_GPU 82/90 POM_5V_CPU 164/252
RAM 1388/3964MB (lfb 8x4MB) SWAP 779/6078MB (cached 37MB) IRAM 0/252kB(lfb 252kB) CPU [8%@921,6%@921,off,off] EMC_FREQ 0%@1600 GR3D_FREQ 0%@614 APE 25 PLL@30C CPU@31.5C iwlwifi@32C PMIC@50C GPU@30C AO@41C thermal@30.5C POM_5V_IN 1689/1812 POM_5V_GPU 82/90 POM_5V_CPU 164/252
RAM 1389/3964MB (lfb 8x4MB) SWAP 779/6078MB (cached 37MB) IRAM 0/252kB(lfb 252kB) CPU [8%@921,6%@921,off,off] EMC_FREQ 0%@1600 GR3D_FREQ 0%@614 APE 25 PLL@29.5C CPU@31C iwlwifi@32C PMIC@50C GPU@29.5C AO@41C thermal@30.75C POM_5V_IN 1689/1812 POM_5V_GPU 82/90 POM_5V_CPU 164/252
RAM 1390/3964MB (lfb 8x4MB) SWAP 779/6078MB (cached 37MB) IRAM 0/252kB(lfb 252kB) CPU [8%@921,5%@921,off,off] EMC_FREQ 0%@1600 GR3D_FREQ 0%@614 APE 25 PLL@30C CPU@31C iwlwifi@32C PMIC@50C GPU@30C AO@41C thermal@30.5C POM_5V_IN 1689/1812 POM_5V_GPU 82/90 POM_5V_CPU 164/252
RAM 1388/3964MB (lfb 8x4MB) SWAP 779/6078MB (cached 37MB) IRAM 0/252kB(lfb 252kB) CPU [8%@921,5%@921,off,off] EMC_FREQ 0%@1600 GR3D_FREQ 0%@614 APE 25 PLL@30C CPU@31.5C iwlwifi@32C PMIC@50C GPU@30C AO@40.5C thermal@30.5C POM_5V_IN 1689/1812 POM_5V_GPU 82/90 POM_5V_CPU 164/252
RAM 1388/3964MB (lfb 8x4MB) SWAP 779/6078MB (cached 37MB) IRAM 0/252kB(lfb 252kB) CPU [8%@921,8%@921,off,off] EMC_FREQ 0%@1600 GR3D_FREQ 0%@614 APE 25 PLL@30C CPU@31C iwlwifi@32C PMIC@50C GPU@30C AO@40.5C thermal@30.75C POM_5V_IN 1689/1812 POM_5V_GPU 82/90 POM_5V_CPU 164/252
RAM 1388/3964MB (lfb 8x4MB) SWAP 779/6078MB (cached 37MB) IRAM 0/252kB(lfb 252kB) CPU [7%@921,7%@921,off,off] EMC_FREQ 0%@1600 GR3D_FREQ 0%@614 APE 25 PLL@29.5C CPU@31.5C iwlwifi@32C PMIC@50C GPU@29.5C AO@41C thermal@30.5C POM_5V_IN 1689/1812 POM_5V_GPU 82/90 POM_5V_CPU 164/252
RAM 1388/3964MB (lfb 8x4MB) SWAP 779/6078MB (cached 37MB) IRAM 0/252kB(lfb 252kB) CPU [6%@921,6%@921,off,off] EMC_FREQ 0%@1600 GR3D_FREQ 0%@614 APE 25 PLL@29.5C CPU@31C iwlwifi@32C PMIC@50C GPU@29.5C AO@40.5C thermal@30.75C POM_5V_IN 1689/1812 POM_5V_GPU 82/90 POM_5V_CPU 164/252
RAM 1390/3964MB (lfb 8x4MB) SWAP 779/6078MB (cached 37MB) IRAM 0/252kB(lfb 252kB) CPU [5%@921,8%@921,off,off] EMC_FREQ 0%@1600 GR3D_FREQ 0%@614 APE 25 PLL@30C CPU@31.5C iwlwifi@34C PMIC@50C GPU@30C AO@40.5C thermal@30.5C POM_5V_IN 1689/1812 POM_5V_GPU 82/90 POM_5V_CPU 164/252
RAM 1390/3964MB (lfb 8x4MB) SWAP 779/6078MB (cached 37MB) IRAM 0/252kB(lfb 252kB) CPU [6%@921,7%@921,off,off] EMC_FREQ 0%@1600 GR3D_FREQ 0%@614 APE 25 PLL@29.5C CPU@31C iwlwifi@32C PMIC@50C GPU@30C AO@41C thermal@30.5C POM_5V_IN 1689/1812 POM_5V_GPU 82/90 POM_5V_CPU 164/252
RAM 1388/3964MB (lfb 8x4MB) SWAP 779/6078MB (cached 37MB) IRAM 0/252kB(lfb 252kB) CPU [6%@921,8%@921,off,off] EMC_FREQ 0%@1600 GR3D_FREQ 0%@614 APE 25 PLL@29.5C CPU@31C iwlwifi@32C PMIC@50C GPU@29.5C AO@41C thermal@30.5C POM_5V_IN 1689/1812 POM_5V_GPU 82/90 POM_5V_CPU 164/251
RAM 1388/3964MB (lfb 8x4MB) SWAP 779/6078MB (cached 37MB) IRAM 0/252kB(lfb 252kB) CPU [7%@921,8%@921,off,off] EMC_FREQ 0%@1600 GR3D_FREQ 0%@614 APE 25 PLL@29.5C CPU@31.5C iwlwifi@32C PMIC@50C GPU@29.5C AO@41C thermal@30.5C POM_5V_IN 1731/1812 POM_5V_GPU 82/90 POM_5V_CPU 164/251
RAM 1390/3964MB (lfb 8x4MB) SWAP 779/6078MB (cached 37MB) IRAM 0/252kB(lfb 252kB) CPU [7%@921,6%@921,off,off] EMC_FREQ 0%@1600 GR3D_FREQ 0%@614 APE 25 PLL@29.5C CPU@31C iwlwifi@32C PMIC@50C GPU@29.5C AO@41C thermal@30.25C POM_5V_IN 1689/1812 POM_5V_GPU 82/90 POM_5V_CPU 164/251
RAM 1388/3964MB (lfb 8x4MB) SWAP 779/6078MB (cached 37MB) IRAM 0/252kB(lfb 252kB) CPU [8%@921,6%@921,off,off] EMC_FREQ 0%@1600 GR3D_FREQ 0%@614 APE 25 PLL@29.5C CPU@31C iwlwifi@32C PMIC@50C GPU@30C AO@40.5C thermal@30.25C POM_5V_IN 1689/1811 POM_5V_GPU 82/90 POM_5V_CPU 123/251
RAM 1388/3964MB (lfb 8x4MB) SWAP 779/6078MB (cached 37MB) IRAM 0/252kB(lfb 252kB) CPU [9%@921,4%@921,off,off] EMC_FREQ 0%@1600 GR3D_FREQ 0%@614 APE 25 PLL@29.5C CPU@31C iwlwifi@32C PMIC@50C GPU@30C AO@40.5C thermal@30.5C POM_5V_IN 1689/1811 POM_5V_GPU 82/90 POM_5V_CPU 164/251
RAM 1388/3964MB (lfb 8x4MB) SWAP 779/6078MB (cached 37MB) IRAM 0/252kB(lfb 252kB) CPU [6%@921,8%@921,off,off] EMC_FREQ 0%@1600 GR3D_FREQ 0%@614 APE 25 PLL@29.5C CPU@31.5C iwlwifi@32C PMIC@50C GPU@30C AO@40.5C thermal@30.5C POM_5V_IN 1689/1811 POM_5V_GPU 82/90 POM_5V_CPU 164/251
RAM 1390/3964MB (lfb 8x4MB) SWAP 779/6078MB (cached 37MB) IRAM 0/252kB(lfb 252kB) CPU [7%@921,6%@921,off,off] EMC_FREQ 0%@1600 GR3D_FREQ 0%@614 APE 25 PLL@30C CPU@31C iwlwifi@33C PMIC@50C GPU@30C AO@41C thermal@30.5C POM_5V_IN 1772/1811 POM_5V_GPU 82/90 POM_5V_CPU 206/251
RAM 1390/3964MB (lfb 8x4MB) SWAP 779/6078MB (cached 37MB) IRAM 0/252kB(lfb 252kB) CPU [6%@921,7%@921,off,off] EMC_FREQ 0%@1600 GR3D_FREQ 0%@614 APE 25 PLL@30C CPU@31C iwlwifi@32C PMIC@50C GPU@29.5C AO@40.5C thermal@30.75C POM_5V_IN 1731/1811 POM_5V_GPU 82/90 POM_5V_CPU 164/251
RAM 1386/3964MB (lfb 8x4MB) SWAP 779/6078MB (cached 37MB) IRAM 0/252kB(lfb 252kB) CPU [7%@921,6%@921,off,off] EMC_FREQ 0%@1600 GR3D_FREQ 0%@614 APE 25 PLL@29.5C CPU@31C iwlwifi@32C PMIC@50C GPU@30C AO@41C thermal@30.5C POM_5V_IN 1689/1811 POM_5V_GPU 82/90 POM_5V_CPU 164/251
RAM 1389/3964MB (lfb 8x4MB) SWAP 779/6078MB (cached 37MB) IRAM 0/252kB(lfb 252kB) CPU [7%@921,7%@921,off,off] EMC_FREQ 0%@1600 GR3D_FREQ 0%@614 APE 25 PLL@30C CPU@31C iwlwifi@32C PMIC@50C GPU@30C AO@41C thermal@30.5C POM_5V_IN 1689/1811 POM_5V_GPU 82/90 POM_5V_CPU 164/251
RAM 1390/3964MB (lfb 8x4MB) SWAP 779/6078MB (cached 37MB) IRAM 0/252kB(lfb 252kB) CPU [6%@921,7%@921,off,off] EMC_FREQ 0%@1600 GR3D_FREQ 0%@614 APE 25 PLL@30C CPU@31.5C iwlwifi@32C PMIC@50C GPU@29.5C AO@41C thermal@30.75C POM_5V_IN 1731/1811 POM_5V_GPU 82/90 POM_5V_CPU 164/251
RAM 1386/3964MB (lfb 8x4MB) SWAP 779/6078MB (cached 37MB) IRAM 0/252kB(lfb 252kB) CPU [7%@921,7%@921,off,off] EMC_FREQ 0%@1600 GR3D_FREQ 0%@614 APE 25 PLL@30C CPU@31C iwlwifi@32C PMIC@50C GPU@29.5C AO@40.5C thermal@30.25C POM_5V_IN 1689/1811 POM_5V_GPU 82/90 POM_5V_CPU 164/251
RAM 1389/3964MB (lfb 8x4MB) SWAP 779/6078MB (cached 37MB) IRAM 0/252kB(lfb 252kB) CPU [7%@921,6%@921,off,off] EMC_FREQ 0%@1600 GR3D_FREQ 0%@614 APE 25 PLL@29.5C CPU@30.5C iwlwifi@32C PMIC@50C GPU@30C AO@40.5C thermal@30.5C POM_5V_IN 1731/1811 POM_5V_GPU 82/90 POM_5V_CPU 164/251
RAM 1388/3964MB (lfb 8x4MB) SWAP 779/6078MB (cached 37MB) IRAM 0/252kB(lfb 252kB) CPU [5%@921,9%@921,off,off] EMC_FREQ 0%@1600 GR3D_FREQ 0%@614 APE 25 PLL@29.5C CPU@31C iwlwifi@32C PMIC@50C GPU@30C AO@40.5C thermal@30.5C POM_5V_IN 1689/1811 POM_5V_GPU 82/90 POM_5V_CPU 164/251
RAM 1388/3964MB (lfb 8x4MB) SWAP 779/6078MB (cached 37MB) IRAM 0/252kB(lfb 252kB) CPU [5%@921,8%@921,off,off] EMC_FREQ 0%@1600 GR3D_FREQ 0%@614 APE 25 PLL@30C CPU@31C iwlwifi@32C PMIC@50C GPU@29.5C AO@41C thermal@30.75C POM_5V_IN 1689/1811 POM_5V_GPU 82/90 POM_5V_CPU 164/251
RAM 1386/3964MB (lfb 8x4MB) SWAP 779/6078MB (cached 37MB) IRAM 0/252kB(lfb 252kB) CPU [8%@921,5%@921,off,off] EMC_FREQ 0%@1600 GR3D_FREQ 0%@614 APE 25 PLL@29.5C CPU@31.5C iwlwifi@32C PMIC@50C GPU@30C AO@41C thermal@30.5C POM_5V_IN 1689/1811 POM_5V_GPU 82/90 POM_5V_CPU 164/251
RAM 1385/3964MB (lfb 8x4MB) SWAP 779/6078MB (cached 37MB) IRAM 0/252kB(lfb 252kB) CPU [7%@921,7%@921,off,off] EMC_FREQ 0%@1600 GR3D_FREQ 0%@614 APE 25 PLL@29.5C CPU@31C iwlwifi@32C PMIC@50C GPU@29.5C AO@40.5C thermal@30.5C POM_5V_IN 1689/1811 POM_5V_GPU 82/90 POM_5V_CPU 164/251
RAM 1387/3964MB (lfb 8x4MB) SWAP 779/6078MB (cached 37MB) IRAM 0/252kB(lfb 252kB) CPU [7%@921,6%@921,off,off] EMC_FREQ 0%@1600 GR3D_FREQ 0%@614 APE 25 PLL@29.5C CPU@31C iwlwifi@32C PMIC@50C GPU@30C AO@40.5C thermal@30.5C POM_5V_IN 1687/1810 POM_5V_GPU 82/90 POM_5V_CPU 164/250
RAM 1390/3964MB (lfb 8x4MB) SWAP 779/6078MB (cached 37MB) IRAM 0/252kB(lfb 252kB) CPU [7%@921,7%@921,off,off] EMC_FREQ 0%@1600 GR3D_FREQ 0%@614 APE 25 PLL@29C CPU@31.5C iwlwifi@32C PMIC@50C GPU@30C AO@41C thermal@30.75C POM_5V_IN 1689/1810 POM_5V_GPU 82/90 POM_5V_CPU 164/250
RAM 1389/3964MB (lfb 8x4MB) SWAP 779/6078MB (cached 37MB) IRAM 0/252kB(lfb 252kB) CPU [10%@921,3%@921,off,off] EMC_FREQ 0%@1600 GR3D_FREQ 0%@614 APE 25 PLL@29.5C CPU@31C iwlwifi@32C PMIC@50C GPU@30C AO@41C thermal@30.5C POM_5V_IN 1689/1810 POM_5V_GPU 82/90 POM_5V_CPU 164/250
RAM 1386/3964MB (lfb 8x4MB) SWAP 779/6078MB (cached 37MB) IRAM 0/252kB(lfb 252kB) CPU [10%@921,4%@921,off,off] EMC_FREQ 0%@1600 GR3D_FREQ 0%@614 APE 25 PLL@30C CPU@31C iwlwifi@32C PMIC@50C GPU@29.5C AO@41C thermal@30.5C POM_5V_IN 1689/1810 POM_5V_GPU 82/90 POM_5V_CPU 164/250
RAM 1386/3964MB (lfb 8x4MB) SWAP 779/6078MB (cached 37MB) IRAM 0/252kB(lfb 252kB) CPU [4%@921,9%@921,off,off] EMC_FREQ 0%@1600 GR3D_FREQ 0%@614 APE 25 PLL@29.5C CPU@31C iwlwifi@32C PMIC@50C GPU@30C AO@41C thermal@30.75C POM_5V_IN 1813/1810 POM_5V_GPU 82/90 POM_5V_CPU 164/250
RAM 1391/3964MB (lfb 8x4MB) SWAP 779/6078MB (cached 37MB) IRAM 0/252kB(lfb 252kB) CPU [6%@921,8%@921,off,off] EMC_FREQ 0%@1600 GR3D_FREQ 0%@614 APE 25 PLL@29.5C CPU@31C iwlwifi@32C PMIC@50C GPU@29.5C AO@41C thermal@30.5C POM_5V_IN 1689/1810 POM_5V_GPU 82/90 POM_5V_CPU 123/250
RAM 1386/3964MB (lfb 8x4MB) SWAP 779/6078MB (cached 37MB) IRAM 0/252kB(lfb 252kB) CPU [7%@921,7%@921,off,off] EMC_FREQ 0%@1600 GR3D_FREQ 0%@614 APE 25 PLL@29.5C CPU@31C iwlwifi@32C PMIC@50C GPU@30C AO@41C thermal@30.25C POM_5V_IN 1689/1810 POM_5V_GPU 82/90 POM_5V_CPU 164/250
RAM 1386/3964MB (lfb 8x4MB) SWAP 779/6078MB (cached 37MB) IRAM 0/252kB(lfb 252kB) CPU [6%@921,7%@921,off,off] EMC_FREQ 0%@1600 GR3D_FREQ 0%@614 APE 25 PLL@29.5C CPU@31C iwlwifi@32C PMIC@50C GPU@29.5C AO@41C thermal@30.75C POM_5V_IN 1689/1810 POM_5V_GPU 82/90 POM_5V_CPU 164/250
RAM 1388/3964MB (lfb 8x4MB) SWAP 779/6078MB (cached 37MB) IRAM 0/252kB(lfb 252kB) CPU [5%@921,8%@921,off,off] EMC_FREQ 0%@1600 GR3D_FREQ 0%@614 APE 25 PLL@30C CPU@31.5C iwlwifi@32C PMIC@50C GPU@29.5C AO@41C thermal@30.75C POM_5V_IN 1728/1810 POM_5V_GPU 82/90 POM_5V_CPU 164/250
RAM 1388/3964MB (lfb 8x4MB) SWAP 779/6078MB (cached 37MB) IRAM 0/252kB(lfb 252kB) CPU [7%@921,6%@921,off,off] EMC_FREQ 0%@1600 GR3D_FREQ 0%@614 APE 25 PLL@29.5C CPU@31C iwlwifi@32C PMIC@50C GPU@30C AO@40.5C thermal@30.75C POM_5V_IN 1689/1810 POM_5V_GPU 82/90 POM_5V_CPU 164/250
RAM 1388/3964MB (lfb 8x4MB) SWAP 779/6078MB (cached 37MB) IRAM 0/252kB(lfb 252kB) CPU [6%@921,7%@921,off,off] EMC_FREQ 0%@1600 GR3D_FREQ 0%@614 APE 25 PLL@29.5C CPU@31C iwlwifi@32C PMIC@50C GPU@30C AO@40.5C thermal@30.5C POM_5V_IN 1689/1810 POM_5V_GPU 82/90 POM_5V_CPU 164/250
RAM 1386/3964MB (lfb 8x4MB) SWAP 779/6078MB (cached 37MB) IRAM 0/252kB(lfb 252kB) CPU [6%@921,8%@921,off,off] EMC_FREQ 0%@1600 GR3D_FREQ 0%@614 APE 25 PLL@30C CPU@31C iwlwifi@32C PMIC@50C GPU@30C AO@40.5C thermal@30.75C POM_5V_IN 1731/1810 POM_5V_GPU 82/90 POM_5V_CPU 164/250
RAM 1392/3964MB (lfb 8x4MB) SWAP 779/6078MB (cached 37MB) IRAM 0/252kB(lfb 252kB) CPU [7%@921,7%@921,off,off] EMC_FREQ 0%@1600 GR3D_FREQ 0%@614 APE 25 PLL@29.5C CPU@31.5C iwlwifi@32C PMIC@50C GPU@30C AO@40.5C thermal@30.5C POM_5V_IN 1731/1810 POM_5V_GPU 82/90 POM_5V_CPU 164/250
RAM 1386/3964MB (lfb 8x4MB) SWAP 779/6078MB (cached 37MB) IRAM 0/252kB(lfb 252kB) CPU [7%@921,6%@921,off,off] EMC_FREQ 0%@1600 GR3D_FREQ 0%@614 APE 25 PLL@29.5C CPU@31C iwlwifi@32C PMIC@50C GPU@29.5C AO@40.5C thermal@30.25C POM_5V_IN 1689/1810 POM_5V_GPU 82/90 POM_5V_CPU 164/250
RAM 1386/3964MB (lfb 8x4MB) SWAP 779/6078MB (cached 37MB) IRAM 0/252kB(lfb 252kB) CPU [8%@921,5%@921,off,off] EMC_FREQ 0%@1600 GR3D_FREQ 0%@614 APE 25 PLL@29.5C CPU@31C iwlwifi@32C PMIC@50C GPU@30C AO@40.5C thermal@30.5C POM_5V_IN 1687/1809 POM_5V_GPU 82/90 POM_5V_CPU 164/250
RAM 1389/3964MB (lfb 8x4MB) SWAP 779/6078MB (cached 37MB) IRAM 0/252kB(lfb 252kB) CPU [7%@921,6%@921,off,off] EMC_FREQ 0%@1600 GR3D_FREQ 0%@614 APE 25 PLL@30C CPU@31.5C iwlwifi@32C PMIC@50C GPU@30C AO@40.5C thermal@30.25C POM_5V_IN 1689/1809 POM_5V_GPU 82/90 POM_5V_CPU 164/250
RAM 1388/3964MB (lfb 8x4MB) SWAP 779/6078MB (cached 37MB) IRAM 0/252kB(lfb 252kB) CPU [9%@921,4%@921,off,off] EMC_FREQ 0%@1600 GR3D_FREQ 0%@614 APE 25 PLL@30C CPU@31C iwlwifi@32C PMIC@50C GPU@30C AO@40.5C thermal@30.25C POM_5V_IN 1772/1809 POM_5V_GPU 82/90 POM_5V_CPU 164/249
RAM 1389/3964MB (lfb 8x4MB) SWAP 779/6078MB (cached 37MB) IRAM 0/252kB(lfb 252kB) CPU [7%@921,6%@921,off,off] EMC_FREQ 0%@1600 GR3D_FREQ 0%@614 APE 25 PLL@29.5C CPU@31C iwlwifi@32C PMIC@50C GPU@30C AO@41C thermal@30.5C POM_5V_IN 1689/1809 POM_5V_GPU 82/90 POM_5V_CPU 164/249
RAM 1390/3964MB (lfb 8x4MB) SWAP 779/6078MB (cached 37MB) IRAM 0/252kB(lfb 252kB) CPU [7%@921,7%@921,off,off] EMC_FREQ 0%@1600 GR3D_FREQ 0%@614 APE 25 PLL@29.5C CPU@31C iwlwifi@32C PMIC@50C GPU@30C AO@40.5C thermal@30.5C POM_5V_IN 1689/1809 POM_5V_GPU 82/90 POM_5V_CPU 164/249
RAM 1388/3964MB (lfb 8x4MB) SWAP 779/6078MB (cached 37MB) IRAM 0/252kB(lfb 252kB) CPU [9%@921,4%@921,off,off] EMC_FREQ 0%@1600 GR3D_FREQ 0%@614 APE 25 PLL@29.5C CPU@31C iwlwifi@32C PMIC@50C GPU@30C AO@41C thermal@30.25C POM_5V_IN 1689/1809 POM_5V_GPU 82/90 POM_5V_CPU 164/249
RAM 1388/3964MB (lfb 8x4MB) SWAP 779/6078MB (cached 37MB) IRAM 0/252kB(lfb 252kB) CPU [5%@921,9%@921,off,off] EMC_FREQ 0%@1600 GR3D_FREQ 0%@614 APE 25 PLL@30C CPU@31.5C iwlwifi@32C PMIC@50C GPU@30C AO@40.5C thermal@30.5C POM_5V_IN 1689/1809 POM_5V_GPU 82/90 POM_5V_CPU 164/249
RAM 1386/3964MB (lfb 8x4MB) SWAP 779/6078MB (cached 37MB) IRAM 0/252kB(lfb 252kB) CPU [7%@921,7%@921,off,off] EMC_FREQ 0%@1600 GR3D_FREQ 0%@614 APE 25 PLL@30C CPU@31C iwlwifi@32C PMIC@50C GPU@29.5C AO@41C thermal@30.5C POM_5V_IN 1689/1809 POM_5V_GPU 82/90 POM_5V_CPU 164/249
RAM 1387/3964MB (lfb 8x4MB) SWAP 779/6078MB (cached 37MB) IRAM 0/252kB(lfb 252kB) CPU [8%@921,5%@921,off,off] EMC_FREQ 0%@1600 GR3D_FREQ 0%@614 APE 25 PLL@30.5C CPU@31.5C iwlwifi@32C PMIC@50C GPU@30C AO@40.5C thermal@30.5C POM_5V_IN 1689/1809 POM_5V_GPU 82/90 POM_5V_CPU 164/249
RAM 1386/3964MB (lfb 8x4MB) SWAP 779/6078MB (cached 37MB) IRAM 0/252kB(lfb 252kB) CPU [7%@921,7%@921,off,off] EMC_FREQ 0%@1600 GR3D_FREQ 0%@614 APE 25 PLL@30C CPU@31C iwlwifi@32C PMIC@50C GPU@30C AO@41C thermal@30.25C POM_5V_IN 1687/1809 POM_5V_GPU 82/90 POM_5V_CPU 164/249
RAM 1388/3964MB (lfb 8x4MB) SWAP 779/6078MB (cached 36MB) IRAM 0/252kB(lfb 252kB) CPU [5%@921,9%@921,off,off] EMC_FREQ 0%@1600 GR3D_FREQ 0%@614 APE 25 PLL@30C CPU@31C iwlwifi@32C PMIC@50C GPU@30C AO@41C thermal@30.5C POM_5V_IN 1689/1809 POM_5V_GPU 82/90 POM_5V_CPU 164/249
RAM 1386/3964MB (lfb 8x4MB) SWAP 779/6078MB (cached 36MB) IRAM 0/252kB(lfb 252kB) CPU [8%@921,5%@921,off,off] EMC_FREQ 0%@1600 GR3D_FREQ 0%@614 APE 25 PLL@29.5C CPU@31C iwlwifi@32C PMIC@50C GPU@30C AO@41C thermal@30.5C POM_5V_IN 1689/1809 POM_5V_GPU 82/90 POM_5V_CPU 123/249
RAM 1386/3964MB (lfb 8x4MB) SWAP 779/6078MB (cached 36MB) IRAM 0/252kB(lfb 252kB) CPU [6%@921,7%@921,off,off] EMC_FREQ 0%@1600 GR3D_FREQ 0%@614 APE 25 PLL@30C CPU@31C iwlwifi@32C PMIC@50C GPU@29.5C AO@41C thermal@30.5C POM_5V_IN 1689/1809 POM_5V_GPU 82/90 POM_5V_CPU 164/249
RAM 1388/3964MB (lfb 8x4MB) SWAP 779/6078MB (cached 36MB) IRAM 0/252kB(lfb 252kB) CPU [5%@921,8%@921,off,off] EMC_FREQ 0%@1600 GR3D_FREQ 0%@614 APE 25 PLL@30C CPU@31C iwlwifi@32C PMIC@50C GPU@29.5C AO@41C thermal@30.25C POM_5V_IN 1689/1808 POM_5V_GPU 82/90 POM_5V_CPU 164/249
RAM 1386/3964MB (lfb 8x4MB) SWAP 779/6078MB (cached 36MB) IRAM 0/252kB(lfb 252kB) CPU [5%@921,9%@921,off,off] EMC_FREQ 0%@1600 GR3D_FREQ 0%@614 APE 25 PLL@30C CPU@31C iwlwifi@32C PMIC@50C GPU@29.5C AO@40.5C thermal@30.5C POM_5V_IN 1728/1808 POM_5V_GPU 82/90 POM_5V_CPU 164/249
RAM 1390/3964MB (lfb 8x4MB) SWAP 779/6078MB (cached 36MB) IRAM 0/252kB(lfb 252kB) CPU [6%@921,7%@921,off,off] EMC_FREQ 0%@1600 GR3D_FREQ 0%@614 APE 25 PLL@29.5C CPU@31C iwlwifi@32C PMIC@50C GPU@29.5C AO@41C thermal@30.75C POM_5V_IN 1689/1808 POM_5V_GPU 82/90 POM_5V_CPU 164/249
RAM 1390/3964MB (lfb 8x4MB) SWAP 779/6078MB (cached 36MB) IRAM 0/252kB(lfb 252kB) CPU [5%@921,8%@921,off,off] EMC_FREQ 0%@1600 GR3D_FREQ 0%@614 APE 25 PLL@30C CPU@31.5C iwlwifi@32C PMIC@50C GPU@30C AO@41C thermal@30.5C POM_5V_IN 1689/1808 POM_5V_GPU 82/90 POM_5V_CPU 164/249
RAM 1386/3964MB (lfb 8x4MB) SWAP 779/6078MB (cached 36MB) IRAM 0/252kB(lfb 252kB) CPU [7%@921,7%@921,off,off] EMC_FREQ 0%@1600 GR3D_FREQ 0%@614 APE 25 PLL@30C CPU@31.5C iwlwifi@32C PMIC@50C GPU@29.5C AO@41C thermal@30.25C POM_5V_IN 1689/1808 POM_5V_GPU 82/90 POM_5V_CPU 164/249
RAM 1388/3964MB (lfb 8x4MB) SWAP 779/6078MB (cached 36MB) IRAM 0/252kB(lfb 252kB) CPU [7%@921,6%@921,off,off] EMC_FREQ 0%@1600 GR3D_FREQ 0%@614 APE 25 PLL@29.5C CPU@31C iwlwifi@32C PMIC@50C GPU@30C AO@41C thermal@30.25C POM_5V_IN 1689/1808 POM_5V_GPU 82/90 POM_5V_CPU 164/249
RAM 1388/3964MB (lfb 8x4MB) SWAP 779/6078MB (cached 36MB) IRAM 0/252kB(lfb 252kB) CPU [6%@921,8%@921,off,off] EMC_FREQ 0%@1600 GR3D_FREQ 0%@614 APE 25 PLL@29.5C CPU@31C iwlwifi@32C PMIC@50C GPU@30C AO@41C thermal@30.5C POM_5V_IN 1689/1808 POM_5V_GPU 82/90 POM_5V_CPU 164/248
RAM 1386/3964MB (lfb 8x4MB) SWAP 779/6078MB (cached 36MB) IRAM 0/252kB(lfb 252kB) CPU [7%@921,6%@921,off,off] EMC_FREQ 0%@1600 GR3D_FREQ 0%@614 APE 25 PLL@29.5C CPU@31.5C iwlwifi@32C PMIC@50C GPU@29.5C AO@40.5C thermal@30.5C POM_5V_IN 1689/1808 POM_5V_GPU 82/90 POM_5V_CPU 164/248
RAM 1390/3964MB (lfb 8x4MB) SWAP 779/6078MB (cached 36MB) IRAM 0/252kB(lfb 252kB) CPU [5%@921,8%@921,off,off] EMC_FREQ 0%@1600 GR3D_FREQ 0%@614 APE 25 PLL@30C CPU@31.5C iwlwifi@32C PMIC@50C GPU@30C AO@40.5C thermal@30.75C POM_5V_IN 1689/1808 POM_5V_GPU 82/90 POM_5V_CPU 164/248
RAM 1390/3964MB (lfb 8x4MB) SWAP 779/6078MB (cached 36MB) IRAM 0/252kB(lfb 252kB) CPU [8%@921,6%@921,off,off] EMC_FREQ 0%@1600 GR3D_FREQ 0%@614 APE 25 PLL@30C CPU@31.5C iwlwifi@33C PMIC@50C GPU@30C AO@40.5C thermal@30.25C POM_5V_IN 1689/1808 POM_5V_GPU 82/90 POM_5V_CPU 164/248
RAM 1386/3964MB (lfb 8x4MB) SWAP 779/6078MB (cached 36MB) IRAM 0/252kB(lfb 252kB) CPU [10%@921,4%@921,off,off] EMC_FREQ 0%@1600 GR3D_FREQ 0%@614 APE 25 PLL@30C CPU@31C iwlwifi@32C PMIC@50C GPU@30C AO@40.5C thermal@30.5C POM_5V_IN 1689/1808 POM_5V_GPU 82/90 POM_5V_CPU 164/248
RAM 1388/3964MB (lfb 8x4MB) SWAP 779/6078MB (cached 36MB) IRAM 0/252kB(lfb 252kB) CPU [6%@921,7%@921,off,off] EMC_FREQ 0%@1600 GR3D_FREQ 0%@614 APE 25 PLL@29.5C CPU@31C iwlwifi@32C PMIC@50C GPU@30C AO@41C thermal@30.25C POM_5V_IN 1689/1808 POM_5V_GPU 82/90 POM_5V_CPU 164/248
RAM 1386/3964MB (lfb 8x4MB) SWAP 779/6078MB (cached 36MB) IRAM 0/252kB(lfb 252kB) CPU [8%@921,5%@921,off,off] EMC_FREQ 0%@1600 GR3D_FREQ 0%@614 APE 25 PLL@29.5C CPU@31C iwlwifi@32C PMIC@50C GPU@30C AO@41C thermal@30.5C POM_5V_IN 1689/1808 POM_5V_GPU 82/90 POM_5V_CPU 164/248
RAM 1388/3964MB (lfb 8x4MB) SWAP 779/6078MB (cached 36MB) IRAM 0/252kB(lfb 252kB) CPU [6%@921,7%@921,off,off] EMC_FREQ 0%@1600 GR3D_FREQ 0%@614 APE 25 PLL@29.5C CPU@31C iwlwifi@33C PMIC@50C GPU@30C AO@41C thermal@30.5C POM_5V_IN 1689/1807 POM_5V_GPU 82/90 POM_5V_CPU 164/248
RAM 1386/3964MB (lfb 8x4MB) SWAP 779/6078MB (cached 36MB) IRAM 0/252kB(lfb 252kB) CPU [4%@921,10%@921,off,off] EMC_FREQ 0%@1600 GR3D_FREQ 0%@614 APE 25 PLL@30C CPU@31C iwlwifi@32C PMIC@50C GPU@30C AO@41C thermal@30.5C POM_5V_IN 1687/1807 POM_5V_GPU 82/90 POM_5V_CPU 123/248
RAM 1390/3964MB (lfb 8x4MB) SWAP 779/6078MB (cached 36MB) IRAM 0/252kB(lfb 252kB) CPU [5%@921,8%@921,off,off] EMC_FREQ 0%@1600 GR3D_FREQ 0%@614 APE 25 PLL@29.5C CPU@31C iwlwifi@32C PMIC@50C GPU@29.5C AO@41C thermal@30.5C POM_5V_IN 1689/1807 POM_5V_GPU 82/90 POM_5V_CPU 164/248
RAM 1388/3964MB (lfb 8x4MB) SWAP 779/6078MB (cached 36MB) IRAM 0/252kB(lfb 252kB) CPU [5%@921,8%@921,off,off] EMC_FREQ 0%@1600 GR3D_FREQ 0%@614 APE 25 PLL@30C CPU@31C iwlwifi@32C PMIC@50C GPU@29.5C AO@41C thermal@30.5C POM_5V_IN 1689/1807 POM_5V_GPU 82/90 POM_5V_CPU 164/248
RAM 1386/3964MB (lfb 8x4MB) SWAP 779/6078MB (cached 36MB) IRAM 0/252kB(lfb 252kB) CPU [7%@921,6%@921,off,off] EMC_FREQ 0%@1600 GR3D_FREQ 0%@614 APE 25 PLL@29.5C CPU@31C iwlwifi@32C PMIC@50C GPU@30C AO@41C thermal@30.5C POM_5V_IN 1689/1807 POM_5V_GPU 82/90 POM_5V_CPU 164/248
RAM 1388/3964MB (lfb 8x4MB) SWAP 779/6078MB (cached 36MB) IRAM 0/252kB(lfb 252kB) CPU [6%@921,7%@921,off,off] EMC_FREQ 0%@1600 GR3D_FREQ 0%@614 APE 25 PLL@29.5C CPU@31C iwlwifi@32C PMIC@50C GPU@29.5C AO@41C thermal@30.25C POM_5V_IN 1689/1807 POM_5V_GPU 82/90 POM_5V_CPU 164/248
RAM 1388/3964MB (lfb 8x4MB) SWAP 779/6078MB (cached 36MB) IRAM 0/252kB(lfb 252kB) CPU [5%@921,8%@921,off,off] EMC_FREQ 0%@1600 GR3D_FREQ 0%@614 APE 25 PLL@30C CPU@31C iwlwifi@32C PMIC@50C GPU@30C AO@40.5C thermal@30.5C POM_5V_IN 1731/1807 POM_5V_GPU 82/90 POM_5V_CPU 164/248
RAM 1388/3964MB (lfb 8x4MB) SWAP 779/6078MB (cached 36MB) IRAM 0/252kB(lfb 252kB) CPU [7%@921,6%@921,off,off] EMC_FREQ 0%@1600 GR3D_FREQ 0%@614 APE 25 PLL@30C CPU@31C iwlwifi@32C PMIC@50C GPU@30C AO@40.5C thermal@30.25C POM_5V_IN 1689/1807 POM_5V_GPU 82/90 POM_5V_CPU 123/248
RAM 1390/3964MB (lfb 8x4MB) SWAP 779/6078MB (cached 36MB) IRAM 0/252kB(lfb 252kB) CPU [5%@921,8%@921,off,off] EMC_FREQ 0%@1600 GR3D_FREQ 0%@614 APE 25 PLL@30C CPU@31C iwlwifi@32C PMIC@50C GPU@29.5C AO@40.5C thermal@30.5C POM_5V_IN 1728/1807 POM_5V_GPU 82/90 POM_5V_CPU 164/248
RAM 1388/3964MB (lfb 8x4MB) SWAP 779/6078MB (cached 36MB) IRAM 0/252kB(lfb 252kB) CPU [7%@921,6%@921,off,off] EMC_FREQ 0%@1600 GR3D_FREQ 0%@614 APE 25 PLL@30C CPU@31.5C iwlwifi@32C PMIC@50C GPU@29.5C AO@40.5C thermal@30.5C POM_5V_IN 1689/1807 POM_5V_GPU 82/90 POM_5V_CPU 164/248
RAM 1390/3964MB (lfb 8x4MB) SWAP 779/6078MB (cached 36MB) IRAM 0/252kB(lfb 252kB) CPU [8%@921,5%@921,off,off] EMC_FREQ 0%@1600 GR3D_FREQ 0%@614 APE 25 PLL@30C CPU@31.5C iwlwifi@32C PMIC@50C GPU@30C AO@40.5C thermal@30.25C POM_5V_IN 1689/1807 POM_5V_GPU 82/90 POM_5V_CPU 164/247
RAM 1390/3964MB (lfb 8x4MB) SWAP 779/6078MB (cached 36MB) IRAM 0/252kB(lfb 252kB) CPU [10%@921,3%@921,off,off] EMC_FREQ 0%@1600 GR3D_FREQ 0%@614 APE 25 PLL@29.5C CPU@31C iwlwifi@32C PMIC@50C GPU@29.5C AO@40.5C thermal@30.25C POM_5V_IN 1689/1807 POM_5V_GPU 82/90 POM_5V_CPU 164/247
RAM 1386/3964MB (lfb 8x4MB) SWAP 779/6078MB (cached 36MB) IRAM 0/252kB(lfb 252kB) CPU [5%@921,9%@921,off,off] EMC_FREQ 0%@1600 GR3D_FREQ 0%@614 APE 25 PLL@29.5C CPU@31C iwlwifi@32C PMIC@50C GPU@30C AO@41C thermal@30.25C POM_5V_IN 1689/1807 POM_5V_GPU 82/90 POM_5V_CPU 123/247
RAM 1392/3964MB (lfb 8x4MB) SWAP 779/6078MB (cached 36MB) IRAM 0/252kB(lfb 252kB) CPU [7%@921,5%@921,off,off] EMC_FREQ 0%@1600 GR3D_FREQ 0%@614 APE 25 PLL@30C CPU@31C iwlwifi@32C PMIC@50C GPU@30C AO@41C thermal@30.5C POM_5V_IN 1689/1807 POM_5V_GPU 82/90 POM_5V_CPU 164/247
RAM 1390/3964MB (lfb 8x4MB) SWAP 779/6078MB (cached 36MB) IRAM 0/252kB(lfb 252kB) CPU [6%@921,8%@921,off,off] EMC_FREQ 0%@1600 GR3D_FREQ 0%@614 APE 25 PLL@30C CPU@31C iwlwifi@32C PMIC@50C GPU@30C AO@41C thermal@30.75C POM_5V_IN 1689/1806 POM_5V_GPU 82/90 POM_5V_CPU 164/247
RAM 1390/3964MB (lfb 8x4MB) SWAP 779/6078MB (cached 36MB) IRAM 0/252kB(lfb 252kB) CPU [5%@921,7%@921,off,off] EMC_FREQ 0%@1600 GR3D_FREQ 0%@614 APE 25 PLL@30C CPU@31C iwlwifi@32C PMIC@50C GPU@30C AO@41C thermal@30.5C POM_5V_IN 1689/1806 POM_5V_GPU 82/90 POM_5V_CPU 164/247
RAM 1388/3964MB (lfb 8x4MB) SWAP 779/6078MB (cached 36MB) IRAM 0/252kB(lfb 252kB) CPU [8%@921,5%@921,off,off] EMC_FREQ 0%@1600 GR3D_FREQ 0%@614 APE 25 PLL@30C CPU@31.5C iwlwifi@32C PMIC@50C GPU@30C AO@41C thermal@30.5C POM_5V_IN 1689/1806 POM_5V_GPU 82/90 POM_5V_CPU 164/247
RAM 1390/3964MB (lfb 8x4MB) SWAP 779/6078MB (cached 36MB) IRAM 0/252kB(lfb 252kB) CPU [6%@921,7%@921,off,off] EMC_FREQ 0%@1600 GR3D_FREQ 0%@614 APE 25 PLL@29.5C CPU@31C iwlwifi@32C PMIC@50C GPU@29.5C AO@40.5C thermal@30.75C POM_5V_IN 1689/1806 POM_5V_GPU 82/90 POM_5V_CPU 164/247
RAM 1386/3964MB (lfb 8x4MB) SWAP 779/6078MB (cached 36MB) IRAM 0/252kB(lfb 252kB) CPU [8%@921,6%@921,off,off] EMC_FREQ 0%@1600 GR3D_FREQ 0%@614 APE 25 PLL@29.5C CPU@31C iwlwifi@32C PMIC@50C GPU@30C AO@40.5C thermal@30.75C POM_5V_IN 1689/1806 POM_5V_GPU 82/90 POM_5V_CPU 164/247
RAM 1388/3964MB (lfb 8x4MB) SWAP 779/6078MB (cached 36MB) IRAM 0/252kB(lfb 252kB) CPU [7%@921,6%@921,off,off] EMC_FREQ 0%@1600 GR3D_FREQ 0%@614 APE 25 PLL@29.5C CPU@31.5C iwlwifi@32C PMIC@50C GPU@30C AO@41C thermal@30.5C POM_5V_IN 1689/1806 POM_5V_GPU 82/90 POM_5V_CPU 164/247
RAM 1386/3964MB (lfb 8x4MB) SWAP 779/6078MB (cached 36MB) IRAM 0/252kB(lfb 252kB) CPU [8%@921,5%@921,off,off] EMC_FREQ 0%@1600 GR3D_FREQ 0%@614 APE 25 PLL@29.5C CPU@31.5C iwlwifi@32C PMIC@50C GPU@29.5C AO@40.5C thermal@30.5C POM_5V_IN 1689/1806 POM_5V_GPU 82/90 POM_5V_CPU 164/247
RAM 1390/3964MB (lfb 8x4MB) SWAP 779/6078MB (cached 36MB) IRAM 0/252kB(lfb 252kB) CPU [5%@921,9%@921,off,off] EMC_FREQ 0%@1600 GR3D_FREQ 0%@614 APE 25 PLL@30C CPU@31.5C iwlwifi@32C PMIC@50C GPU@30C AO@40.5C thermal@30.5C POM_5V_IN 2013/1806 POM_5V_GPU 82/90 POM_5V_CPU 410/247
RAM 1386/3964MB (lfb 8x4MB) SWAP 779/6078MB (cached 36MB) IRAM 0/252kB(lfb 252kB) CPU [7%@921,7%@921,off,off] EMC_FREQ 0%@1600 GR3D_FREQ 0%@614 APE 25 PLL@29.5C CPU@31C iwlwifi@32C PMIC@50C GPU@29.5C AO@40.5C thermal@30.5C POM_5V_IN 1689/1806 POM_5V_GPU 82/90 POM_5V_CPU 164/247
RAM 1388/3964MB (lfb 8x4MB) SWAP 779/6078MB (cached 36MB) IRAM 0/252kB(lfb 252kB) CPU [7%@921,7%@921,off,off] EMC_FREQ 0%@1600 GR3D_FREQ 0%@614 APE 25 PLL@29.5C CPU@31.5C iwlwifi@32C PMIC@50C GPU@29.5C AO@41C thermal@30.5C POM_5V_IN 1689/1806 POM_5V_GPU 82/90 POM_5V_CPU 164/247
RAM 1388/3964MB (lfb 8x4MB) SWAP 779/6078MB (cached 36MB) IRAM 0/252kB(lfb 252kB) CPU [6%@921,8%@921,off,off] EMC_FREQ 0%@1600 GR3D_FREQ 0%@614 APE 25 PLL@30C CPU@31C iwlwifi@32C PMIC@50C GPU@30C AO@41C thermal@30.5C POM_5V_IN 1731/1806 POM_5V_GPU 82/90 POM_5V_CPU 164/247
RAM 1386/3964MB (lfb 8x4MB) SWAP 779/6078MB (cached 36MB) IRAM 0/252kB(lfb 252kB) CPU [7%@921,7%@921,off,off] EMC_FREQ 0%@1600 GR3D_FREQ 0%@614 APE 25 PLL@29.5C CPU@31.5C iwlwifi@32C PMIC@50C GPU@30C AO@40.5C thermal@30.5C POM_5V_IN 1731/1806 POM_5V_GPU 82/90 POM_5V_CPU 164/247
RAM 1386/3964MB (lfb 8x4MB) SWAP 779/6078MB (cached 36MB) IRAM 0/252kB(lfb 252kB) CPU [5%@921,8%@921,off,off] EMC_FREQ 0%@1600 GR3D_FREQ 0%@614 APE 25 PLL@30C CPU@31C iwlwifi@32C PMIC@50C GPU@29.5C AO@41C thermal@30.75C POM_5V_IN 1689/1806 POM_5V_GPU 82/90 POM_5V_CPU 164/247
RAM 1390/3964MB (lfb 8x4MB) SWAP 779/6078MB (cached 36MB) IRAM 0/252kB(lfb 252kB) CPU [10%@921,4%@921,off,off] EMC_FREQ 0%@1600 GR3D_FREQ 0%@614 APE 25 PLL@30C CPU@31C iwlwifi@32C PMIC@50C GPU@29.5C AO@41C thermal@30.75C POM_5V_IN 1689/1806 POM_5V_GPU 82/90 POM_5V_CPU 164/247
RAM 1387/3964MB (lfb 8x4MB) SWAP 779/6078MB (cached 36MB) IRAM 0/252kB(lfb 252kB) CPU [5%@921,8%@921,off,off] EMC_FREQ 0%@1600 GR3D_FREQ 0%@614 APE 25 PLL@30C CPU@31.5C iwlwifi@32C PMIC@50C GPU@30C AO@40.5C thermal@30.5C POM_5V_IN 1689/1806 POM_5V_GPU 82/90 POM_5V_CPU 164/247
RAM 1390/3964MB (lfb 8x4MB) SWAP 779/6078MB (cached 36MB) IRAM 0/252kB(lfb 252kB) CPU [7%@921,8%@921,off,off] EMC_FREQ 0%@1600 GR3D_FREQ 0%@614 APE 25 PLL@30C CPU@31C iwlwifi@32C PMIC@50C GPU@30C AO@41C thermal@30.25C POM_5V_IN 1689/1806 POM_5V_GPU 82/90 POM_5V_CPU 164/247
RAM 1390/3964MB (lfb 8x4MB) SWAP 779/6078MB (cached 36MB) IRAM 0/252kB(lfb 252kB) CPU [7%@921,6%@921,off,off] EMC_FREQ 0%@1600 GR3D_FREQ 0%@614 APE 25 PLL@30C CPU@31.5C iwlwifi@32C PMIC@50C GPU@30C AO@40.5C thermal@30.75C POM_5V_IN 1689/1805 POM_5V_GPU 82/90 POM_5V_CPU 164/247
RAM 1390/3964MB (lfb 8x4MB) SWAP 779/6078MB (cached 36MB) IRAM 0/252kB(lfb 252kB) CPU [7%@921,7%@921,off,off] EMC_FREQ 0%@1600 GR3D_FREQ 0%@614 APE 25 PLL@29.5C CPU@31.5C iwlwifi@32C PMIC@50C GPU@30C AO@41C thermal@30.75C POM_5V_IN 1731/1805 POM_5V_GPU 82/90 POM_5V_CPU 164/246
RAM 1388/3964MB (lfb 8x4MB) SWAP 779/6078MB (cached 36MB) IRAM 0/252kB(lfb 252kB) CPU [4%@921,9%@921,off,off] EMC_FREQ 0%@1600 GR3D_FREQ 0%@614 APE 25 PLL@29.5C CPU@31.5C iwlwifi@32C PMIC@50C GPU@30C AO@41C thermal@31C POM_5V_IN 1689/1805 POM_5V_GPU 82/89 POM_5V_CPU 164/246
RAM 1388/3964MB (lfb 8x4MB) SWAP 779/6078MB (cached 36MB) IRAM 0/252kB(lfb 252kB) CPU [9%@921,5%@921,off,off] EMC_FREQ 0%@1600 GR3D_FREQ 0%@614 APE 25 PLL@30C CPU@31.5C iwlwifi@32C PMIC@50C GPU@29.5C AO@41C thermal@30.25C POM_5V_IN 1731/1805 POM_5V_GPU 82/89 POM_5V_CPU 164/246
RAM 1386/3964MB (lfb 8x4MB) SWAP 779/6078MB (cached 36MB) IRAM 0/252kB(lfb 252kB) CPU [8%@921,5%@921,off,off] EMC_FREQ 0%@1600 GR3D_FREQ 0%@614 APE 25 PLL@30C CPU@31C iwlwifi@32C PMIC@50C GPU@30C AO@41C thermal@30.75C POM_5V_IN 1689/1805 POM_5V_GPU 82/89 POM_5V_CPU 164/246
RAM 1390/3964MB (lfb 8x4MB) SWAP 779/6078MB (cached 36MB) IRAM 0/252kB(lfb 252kB) CPU [7%@921,6%@921,off,off] EMC_FREQ 0%@1600 GR3D_FREQ 0%@614 APE 25 PLL@29.5C CPU@31.5C iwlwifi@32C PMIC@50C GPU@30C AO@40.5C thermal@30.5C POM_5V_IN 1689/1805 POM_5V_GPU 82/89 POM_5V_CPU 164/246
RAM 1388/3964MB (lfb 8x4MB) SWAP 779/6078MB (cached 36MB) IRAM 0/252kB(lfb 252kB) CPU [8%@921,5%@921,off,off] EMC_FREQ 0%@1600 GR3D_FREQ 0%@614 APE 25 PLL@30C CPU@31C iwlwifi@32C PMIC@50C GPU@30C AO@40.5C thermal@30.75C POM_5V_IN 1689/1805 POM_5V_GPU 82/89 POM_5V_CPU 164/246
RAM 1394/3964MB (lfb 8x4MB) SWAP 779/6078MB (cached 36MB) IRAM 0/252kB(lfb 252kB) CPU [6%@921,8%@921,off,off] EMC_FREQ 0%@1600 GR3D_FREQ 0%@614 APE 25 PLL@29.5C CPU@31.5C iwlwifi@32C PMIC@50C GPU@30C AO@40.5C thermal@30.5C POM_5V_IN 1689/1805 POM_5V_GPU 82/89 POM_5V_CPU 164/246
RAM 1390/3964MB (lfb 8x4MB) SWAP 779/6078MB (cached 36MB) IRAM 0/252kB(lfb 252kB) CPU [7%@921,6%@921,off,off] EMC_FREQ 0%@1600 GR3D_FREQ 0%@614 APE 25 PLL@30C CPU@31C iwlwifi@32C PMIC@50C GPU@29.5C AO@41C thermal@30.5C POM_5V_IN 1689/1805 POM_5V_GPU 82/89 POM_5V_CPU 164/246
RAM 1390/3964MB (lfb 8x4MB) SWAP 779/6078MB (cached 36MB) IRAM 0/252kB(lfb 252kB) CPU [8%@921,6%@921,off,off] EMC_FREQ 0%@1600 GR3D_FREQ 0%@614 APE 25 PLL@30C CPU@31C iwlwifi@32C PMIC@50C GPU@30C AO@41C thermal@30.5C POM_5V_IN 1689/1805 POM_5V_GPU 82/89 POM_5V_CPU 164/246
RAM 1388/3964MB (lfb 8x4MB) SWAP 779/6078MB (cached 36MB) IRAM 0/252kB(lfb 252kB) CPU [5%@921,10%@921,off,off] EMC_FREQ 0%@1600 GR3D_FREQ 0%@614 APE 25 PLL@29.5C CPU@31.5C iwlwifi@32C PMIC@50C GPU@30C AO@41C thermal@30.75C POM_5V_IN 1689/1805 POM_5V_GPU 82/89 POM_5V_CPU 164/246
RAM 1386/3964MB (lfb 8x4MB) SWAP 779/6078MB (cached 36MB) IRAM 0/252kB(lfb 252kB) CPU [8%@921,5%@921,off,off] EMC_FREQ 0%@1600 GR3D_FREQ 0%@614 APE 25 PLL@29.5C CPU@31.5C iwlwifi@32C PMIC@50C GPU@30C AO@40.5C thermal@30.5C POM_5V_IN 1689/1805 POM_5V_GPU 82/89 POM_5V_CPU 164/246
RAM 1391/3964MB (lfb 8x4MB) SWAP 779/6078MB (cached 36MB) IRAM 0/252kB(lfb 252kB) CPU [6%@921,8%@921,off,off] EMC_FREQ 0%@1600 GR3D_FREQ 0%@614 APE 25 PLL@30C CPU@31C iwlwifi@32C PMIC@50C GPU@29.5C AO@40.5C thermal@30.5C POM_5V_IN 1731/1805 POM_5V_GPU 82/89 POM_5V_CPU 164/246
RAM 1388/3964MB (lfb 8x4MB) SWAP 779/6078MB (cached 36MB) IRAM 0/252kB(lfb 252kB) CPU [5%@921,8%@921,off,off] EMC_FREQ 0%@1600 GR3D_FREQ 0%@614 APE 25 PLL@30C CPU@31.5C iwlwifi@32C PMIC@50C GPU@30C AO@40.5C thermal@30.5C POM_5V_IN 1689/1805 POM_5V_GPU 82/89 POM_5V_CPU 164/246
RAM 1386/3964MB (lfb 8x4MB) SWAP 779/6078MB (cached 36MB) IRAM 0/252kB(lfb 252kB) CPU [8%@921,6%@921,off,off] EMC_FREQ 0%@1600 GR3D_FREQ 0%@614 APE 25 PLL@30C CPU@31C iwlwifi@32C PMIC@50C GPU@29.5C AO@40.5C thermal@30.75C POM_5V_IN 1689/1805 POM_5V_GPU 82/89 POM_5V_CPU 164/246
RAM 1388/3964MB (lfb 8x4MB) SWAP 779/6078MB (cached 36MB) IRAM 0/252kB(lfb 252kB) CPU [7%@921,6%@921,off,off] EMC_FREQ 0%@1600 GR3D_FREQ 0%@614 APE 25 PLL@29.5C CPU@31.5C iwlwifi@32C PMIC@50C GPU@29.5C AO@40.5C thermal@30.25C POM_5V_IN 1689/1804 POM_5V_GPU 82/89 POM_5V_CPU 164/246
RAM 1386/3964MB (lfb 8x4MB) SWAP 779/6078MB (cached 36MB) IRAM 0/252kB(lfb 252kB) CPU [7%@921,7%@921,off,off] EMC_FREQ 0%@1600 GR3D_FREQ 0%@614 APE 25 PLL@30C CPU@31C iwlwifi@32C PMIC@50C GPU@30C AO@41C thermal@30.75C POM_5V_IN 1689/1804 POM_5V_GPU 82/89 POM_5V_CPU 164/246
RAM 1386/3964MB (lfb 8x4MB) SWAP 779/6078MB (cached 36MB) IRAM 0/252kB(lfb 252kB) CPU [8%@921,5%@921,off,off] EMC_FREQ 0%@1600 GR3D_FREQ 0%@614 APE 25 PLL@30C CPU@31.5C iwlwifi@32C PMIC@50C GPU@29.5C AO@41C thermal@30.5C POM_5V_IN 1689/1804 POM_5V_GPU 82/89 POM_5V_CPU 164/246
RAM 1388/3964MB (lfb 8x4MB) SWAP 779/6078MB (cached 36MB) IRAM 0/252kB(lfb 252kB) CPU [8%@921,6%@921,off,off] EMC_FREQ 0%@1600 GR3D_FREQ 0%@614 APE 25 PLL@29.5C CPU@31.5C iwlwifi@32C PMIC@50C GPU@29.5C AO@40.5C thermal@30.5C POM_5V_IN 1689/1804 POM_5V_GPU 82/89 POM_5V_CPU 123/246
RAM 1388/3964MB (lfb 8x4MB) SWAP 779/6078MB (cached 36MB) IRAM 0/252kB(lfb 252kB) CPU [7%@921,7%@921,off,off] EMC_FREQ 0%@1600 GR3D_FREQ 0%@614 APE 25 PLL@29.5C CPU@31.5C iwlwifi@32C PMIC@50C GPU@29.5C AO@40.5C thermal@30.75C POM_5V_IN 1689/1804 POM_5V_GPU 82/89 POM_5V_CPU 123/245
RAM 1386/3964MB (lfb 8x4MB) SWAP 779/6078MB (cached 36MB) IRAM 0/252kB(lfb 252kB) CPU [5%@921,8%@921,off,off] EMC_FREQ 0%@1600 GR3D_FREQ 0%@614 APE 25 PLL@29.5C CPU@31.5C iwlwifi@32C PMIC@50C GPU@30C AO@40.5C thermal@30.5C POM_5V_IN 1689/1804 POM_5V_GPU 82/89 POM_5V_CPU 164/245
RAM 1386/3964MB (lfb 8x4MB) SWAP 779/6078MB (cached 36MB) IRAM 0/252kB(lfb 252kB) CPU [7%@921,6%@921,off,off] EMC_FREQ 0%@1600 GR3D_FREQ 0%@614 APE 25 PLL@29.5C CPU@31.5C iwlwifi@32C PMIC@50C GPU@29.5C AO@40.5C thermal@30.5C POM_5V_IN 1689/1804 POM_5V_GPU 82/89 POM_5V_CPU 164/245
RAM 1390/3964MB (lfb 8x4MB) SWAP 779/6078MB (cached 36MB) IRAM 0/252kB(lfb 252kB) CPU [6%@921,8%@921,off,off] EMC_FREQ 0%@1600 GR3D_FREQ 0%@614 APE 25 PLL@29.5C CPU@31C iwlwifi@32C PMIC@50C GPU@29.5C AO@40.5C thermal@30.5C POM_5V_IN 1689/1804 POM_5V_GPU 82/89 POM_5V_CPU 164/245
RAM 1386/3964MB (lfb 8x4MB) SWAP 779/6078MB (cached 36MB) IRAM 0/252kB(lfb 252kB) CPU [6%@921,7%@921,off,off] EMC_FREQ 0%@1600 GR3D_FREQ 0%@614 APE 25 PLL@29.5C CPU@31.5C iwlwifi@32C PMIC@50C GPU@30C AO@40.5C thermal@30.5C POM_5V_IN 1689/1804 POM_5V_GPU 82/89 POM_5V_CPU 123/245
RAM 1390/3964MB (lfb 8x4MB) SWAP 779/6078MB (cached 36MB) IRAM 0/252kB(lfb 252kB) CPU [9%@921,5%@921,off,off] EMC_FREQ 0%@1600 GR3D_FREQ 0%@614 APE 25 PLL@29.5C CPU@31.5C iwlwifi@32C PMIC@50C GPU@30C AO@41C thermal@30.5C POM_5V_IN 1728/1804 POM_5V_GPU 82/89 POM_5V_CPU 164/245
RAM 1386/3964MB (lfb 8x4MB) SWAP 779/6078MB (cached 36MB) IRAM 0/252kB(lfb 252kB) CPU [5%@921,9%@921,off,off] EMC_FREQ 0%@1600 GR3D_FREQ 0%@614 APE 25 PLL@30C CPU@31.5C iwlwifi@32C PMIC@50C GPU@29.5C AO@40.5C thermal@30.5C POM_5V_IN 1689/1804 POM_5V_GPU 82/89 POM_5V_CPU 164/245
RAM 1389/3964MB (lfb 8x4MB) SWAP 779/6078MB (cached 36MB) IRAM 0/252kB(lfb 252kB) CPU [6%@921,6%@921,off,off] EMC_FREQ 0%@1600 GR3D_FREQ 0%@614 APE 25 PLL@29.5C CPU@31.5C iwlwifi@32C PMIC@50C GPU@29.5C AO@40.5C thermal@30.5C POM_5V_IN 1689/1804 POM_5V_GPU 82/89 POM_5V_CPU 164/245
RAM 1390/3964MB (lfb 8x4MB) SWAP 779/6078MB (cached 36MB) IRAM 0/252kB(lfb 252kB) CPU [7%@921,8%@921,off,off] EMC_FREQ 0%@1600 GR3D_FREQ 0%@614 APE 25 PLL@29.5C CPU@31.5C iwlwifi@32C PMIC@50C GPU@29.5C AO@40.5C thermal@30.5C POM_5V_IN 1731/1804 POM_5V_GPU 82/89 POM_5V_CPU 164/245
RAM 1389/3964MB (lfb 8x4MB) SWAP 779/6078MB (cached 36MB) IRAM 0/252kB(lfb 252kB) CPU [6%@921,7%@921,off,off] EMC_FREQ 0%@1600 GR3D_FREQ 0%@614 APE 25 PLL@29.5C CPU@31.5C iwlwifi@32C PMIC@50C GPU@30C AO@40.5C thermal@30.5C POM_5V_IN 1689/1804 POM_5V_GPU 82/89 POM_5V_CPU 164/245
RAM 1386/3964MB (lfb 8x4MB) SWAP 779/6078MB (cached 36MB) IRAM 0/252kB(lfb 252kB) CPU [7%@921,6%@921,off,off] EMC_FREQ 0%@1600 GR3D_FREQ 0%@614 APE 25 PLL@30C CPU@31.5C iwlwifi@32C PMIC@50C GPU@30C AO@40.5C thermal@30.5C POM_5V_IN 1689/1803 POM_5V_GPU 82/89 POM_5V_CPU 164/245
RAM 1386/3964MB (lfb 8x4MB) SWAP 779/6078MB (cached 36MB) IRAM 0/252kB(lfb 252kB) CPU [7%@921,6%@921,off,off] EMC_FREQ 0%@1600 GR3D_FREQ 0%@614 APE 25 PLL@29.5C CPU@31C iwlwifi@32C PMIC@50C GPU@29.5C AO@40C thermal@30.5C POM_5V_IN 1689/1803 POM_5V_GPU 82/89 POM_5V_CPU 164/245
RAM 1386/3964MB (lfb 8x4MB) SWAP 779/6078MB (cached 36MB) IRAM 0/252kB(lfb 252kB) CPU [6%@921,8%@921,off,off] EMC_FREQ 0%@1600 GR3D_FREQ 0%@614 APE 25 PLL@29.5C CPU@31.5C iwlwifi@32C PMIC@50C GPU@29.5C AO@40.5C thermal@30.5C POM_5V_IN 1689/1803 POM_5V_GPU 82/89 POM_5V_CPU 164/245
RAM 1390/3964MB (lfb 8x4MB) SWAP 779/6078MB (cached 36MB) IRAM 0/252kB(lfb 252kB) CPU [9%@921,4%@921,off,off] EMC_FREQ 0%@1600 GR3D_FREQ 0%@614 APE 25 PLL@30C CPU@31.5C iwlwifi@32C PMIC@50C GPU@29.5C AO@41C thermal@30.5C POM_5V_IN 1687/1803 POM_5V_GPU 82/89 POM_5V_CPU 164/245
RAM 1388/3964MB (lfb 8x4MB) SWAP 779/6078MB (cached 36MB) IRAM 0/252kB(lfb 252kB) CPU [8%@921,6%@921,off,off] EMC_FREQ 0%@1600 GR3D_FREQ 0%@614 APE 25 PLL@30C CPU@31.5C iwlwifi@32C PMIC@50C GPU@29.5C AO@40.5C thermal@30.5C POM_5V_IN 1689/1803 POM_5V_GPU 82/89 POM_5V_CPU 123/245
RAM 1388/3964MB (lfb 8x4MB) SWAP 779/6078MB (cached 36MB) IRAM 0/252kB(lfb 252kB) CPU [5%@921,8%@921,off,off] EMC_FREQ 0%@1600 GR3D_FREQ 0%@614 APE 25 PLL@30C CPU@31C iwlwifi@32C PMIC@50C GPU@29.5C AO@40.5C thermal@30.5C POM_5V_IN 1689/1803 POM_5V_GPU 82/89 POM_5V_CPU 164/245
RAM 1386/3964MB (lfb 8x4MB) SWAP 779/6078MB (cached 36MB) IRAM 0/252kB(lfb 252kB) CPU [5%@921,8%@921,off,off] EMC_FREQ 0%@1600 GR3D_FREQ 0%@614 APE 25 PLL@29.5C CPU@31.5C iwlwifi@32C PMIC@50C GPU@29.5C AO@40.5C thermal@30.25C POM_5V_IN 1689/1803 POM_5V_GPU 82/89 POM_5V_CPU 164/245
RAM 1388/3964MB (lfb 8x4MB) SWAP 779/6078MB (cached 36MB) IRAM 0/252kB(lfb 252kB) CPU [6%@921,8%@921,off,off] EMC_FREQ 0%@1600 GR3D_FREQ 0%@614 APE 25 PLL@29.5C CPU@31.5C iwlwifi@32C PMIC@50C GPU@30C AO@40.5C thermal@30.25C POM_5V_IN 1731/1803 POM_5V_GPU 82/89 POM_5V_CPU 164/245
RAM 1391/3964MB (lfb 8x4MB) SWAP 779/6078MB (cached 36MB) IRAM 0/252kB(lfb 252kB) CPU [6%@921,11%@921,off,off] EMC_FREQ 0%@1600 GR3D_FREQ 0%@614 APE 25 PLL@29.5C CPU@31C iwlwifi@32C PMIC@50C GPU@30C AO@40.5C thermal@30.5C POM_5V_IN 2051/1803 POM_5V_GPU 82/89 POM_5V_CPU 451/245
RAM 1386/3964MB (lfb 8x4MB) SWAP 779/6078MB (cached 36MB) IRAM 0/252kB(lfb 252kB) CPU [8%@921,5%@921,off,off] EMC_FREQ 0%@1600 GR3D_FREQ 0%@614 APE 25 PLL@30C CPU@31C iwlwifi@32C PMIC@50C GPU@29.5C AO@40.5C thermal@30.5C POM_5V_IN 1689/1803 POM_5V_GPU 82/89 POM_5V_CPU 164/245
RAM 1390/3964MB (lfb 8x4MB) SWAP 779/6078MB (cached 36MB) IRAM 0/252kB(lfb 252kB) CPU [7%@921,6%@921,off,off] EMC_FREQ 0%@1600 GR3D_FREQ 0%@614 APE 25 PLL@29.5C CPU@31C iwlwifi@32C PMIC@50C GPU@29.5C AO@40.5C thermal@30.25C POM_5V_IN 1689/1803 POM_5V_GPU 82/89 POM_5V_CPU 164/245
RAM 1388/3964MB (lfb 8x4MB) SWAP 779/6078MB (cached 36MB) IRAM 0/252kB(lfb 252kB) CPU [7%@921,7%@921,off,off] EMC_FREQ 0%@1600 GR3D_FREQ 0%@614 APE 25 PLL@29.5C CPU@31C iwlwifi@32C PMIC@50C GPU@29.5C AO@40.5C thermal@30.5C POM_5V_IN 1689/1803 POM_5V_GPU 82/89 POM_5V_CPU 164/245
RAM 1391/3964MB (lfb 8x4MB) SWAP 779/6078MB (cached 36MB) IRAM 0/252kB(lfb 252kB) CPU [8%@921,6%@921,off,off] EMC_FREQ 0%@1600 GR3D_FREQ 0%@614 APE 25 PLL@29.5C CPU@31C iwlwifi@32C PMIC@50C GPU@29.5C AO@40.5C thermal@30.25C POM_5V_IN 1689/1803 POM_5V_GPU 82/89 POM_5V_CPU 164/244
RAM 1389/3964MB (lfb 8x4MB) SWAP 779/6078MB (cached 36MB) IRAM 0/252kB(lfb 252kB) CPU [6%@921,7%@921,off,off] EMC_FREQ 0%@1600 GR3D_FREQ 0%@614 APE 25 PLL@30C CPU@31C iwlwifi@32C PMIC@50C GPU@30C AO@40.5C thermal@30.25C POM_5V_IN 1689/1803 POM_5V_GPU 82/89 POM_5V_CPU 164/244
RAM 1390/3964MB (lfb 8x4MB) SWAP 779/6078MB (cached 36MB) IRAM 0/252kB(lfb 252kB) CPU [9%@921,5%@921,off,off] EMC_FREQ 0%@1600 GR3D_FREQ 0%@614 APE 25 PLL@29.5C CPU@31C iwlwifi@32C PMIC@50C GPU@29.5C AO@40.5C thermal@30.25C POM_5V_IN 1689/1803 POM_5V_GPU 82/89 POM_5V_CPU 164/244
RAM 1388/3964MB (lfb 8x4MB) SWAP 779/6078MB (cached 36MB) IRAM 0/252kB(lfb 252kB) CPU [10%@921,4%@921,off,off] EMC_FREQ 0%@1600 GR3D_FREQ 0%@614 APE 25 PLL@29.5C CPU@31.5C iwlwifi@32C PMIC@50C GPU@29.5C AO@41C thermal@30.25C POM_5V_IN 1689/1803 POM_5V_GPU 82/89 POM_5V_CPU 164/244
RAM 1386/3964MB (lfb 8x4MB) SWAP 779/6078MB (cached 36MB) IRAM 0/252kB(lfb 252kB) CPU [9%@921,4%@921,off,off] EMC_FREQ 0%@1600 GR3D_FREQ 0%@614 APE 25 PLL@29.5C CPU@31.5C iwlwifi@32C PMIC@50C GPU@29.5C AO@40.5C thermal@30.5C POM_5V_IN 1689/1803 POM_5V_GPU 82/89 POM_5V_CPU 164/244
RAM 1390/3964MB (lfb 8x4MB) SWAP 779/6078MB (cached 36MB) IRAM 0/252kB(lfb 252kB) CPU [7%@921,6%@921,off,off] EMC_FREQ 0%@1600 GR3D_FREQ 0%@614 APE 25 PLL@29.5C CPU@31.5C iwlwifi@32C PMIC@50C GPU@29.5C AO@40.5C thermal@30.25C POM_5V_IN 1689/1802 POM_5V_GPU 82/89 POM_5V_CPU 164/244
RAM 1390/3964MB (lfb 8x4MB) SWAP 779/6078MB (cached 36MB) IRAM 0/252kB(lfb 252kB) CPU [5%@921,8%@921,off,off] EMC_FREQ 0%@1600 GR3D_FREQ 0%@614 APE 25 PLL@29.5C CPU@31.5C iwlwifi@32C PMIC@50C GPU@29.5C AO@40.5C thermal@30.5C POM_5V_IN 1689/1802 POM_5V_GPU 82/89 POM_5V_CPU 164/244
RAM 1390/3964MB (lfb 8x4MB) SWAP 779/6078MB (cached 36MB) IRAM 0/252kB(lfb 252kB) CPU [9%@921,5%@921,off,off] EMC_FREQ 0%@1600 GR3D_FREQ 0%@614 APE 25 PLL@29.5C CPU@31.5C iwlwifi@32C PMIC@50C GPU@29.5C AO@40.5C thermal@30.5C POM_5V_IN 1689/1802 POM_5V_GPU 82/89 POM_5V_CPU 164/244
RAM 1390/3964MB (lfb 8x4MB) SWAP 779/6078MB (cached 36MB) IRAM 0/252kB(lfb 252kB) CPU [6%@921,8%@921,off,off] EMC_FREQ 0%@1600 GR3D_FREQ 0%@614 APE 25 PLL@29.5C CPU@31C iwlwifi@32C PMIC@50C GPU@29.5C AO@40.5C thermal@30.75C POM_5V_IN 1689/1802 POM_5V_GPU 82/89 POM_5V_CPU 164/244
RAM 1386/3964MB (lfb 8x4MB) SWAP 779/6078MB (cached 36MB) IRAM 0/252kB(lfb 252kB) CPU [7%@921,7%@921,off,off] EMC_FREQ 0%@1600 GR3D_FREQ 0%@614 APE 25 PLL@29.5C CPU@31.5C iwlwifi@32C PMIC@50C GPU@29.5C AO@41C thermal@30.5C POM_5V_IN 1689/1802 POM_5V_GPU 82/89 POM_5V_CPU 164/244
RAM 1388/3964MB (lfb 8x4MB) SWAP 779/6078MB (cached 36MB) IRAM 0/252kB(lfb 252kB) CPU [5%@921,7%@921,off,off] EMC_FREQ 0%@1600 GR3D_FREQ 0%@614 APE 25 PLL@29.5C CPU@31.5C iwlwifi@32C PMIC@50C GPU@29.5C AO@41C thermal@30.25C POM_5V_IN 1689/1802 POM_5V_GPU 82/89 POM_5V_CPU 164/244
RAM 1390/3964MB (lfb 8x4MB) SWAP 779/6078MB (cached 36MB) IRAM 0/252kB(lfb 252kB) CPU [8%@921,5%@921,off,off] EMC_FREQ 0%@1600 GR3D_FREQ 0%@614 APE 25 PLL@29.5C CPU@31C iwlwifi@32C PMIC@50C GPU@29.5C AO@40.5C thermal@30.5C POM_5V_IN 1813/1802 POM_5V_GPU 82/89 POM_5V_CPU 164/244
RAM 1386/3964MB (lfb 8x4MB) SWAP 779/6078MB (cached 36MB) IRAM 0/252kB(lfb 252kB) CPU [6%@921,8%@921,off,off] EMC_FREQ 0%@1600 GR3D_FREQ 0%@614 APE 25 PLL@29.5C CPU@31.5C iwlwifi@32C PMIC@50C GPU@29.5C AO@40.5C thermal@30.75C POM_5V_IN 1689/1802 POM_5V_GPU 82/89 POM_5V_CPU 164/244
RAM 1386/3964MB (lfb 8x4MB) SWAP 779/6078MB (cached 36MB) IRAM 0/252kB(lfb 252kB) CPU [7%@921,7%@921,off,off] EMC_FREQ 0%@1600 GR3D_FREQ 0%@614 APE 25 PLL@29C CPU@31.5C iwlwifi@32C PMIC@50C GPU@30C AO@40.5C thermal@30.75C POM_5V_IN 1689/1802 POM_5V_GPU 82/89 POM_5V_CPU 164/244
RAM 1388/3964MB (lfb 8x4MB) SWAP 779/6078MB (cached 36MB) IRAM 0/252kB(lfb 252kB) CPU [5%@921,8%@921,off,off] EMC_FREQ 0%@1600 GR3D_FREQ 0%@614 APE 25 PLL@29.5C CPU@31.5C iwlwifi@32C PMIC@50C GPU@29.5C AO@41C thermal@30.25C POM_5V_IN 1689/1802 POM_5V_GPU 82/89 POM_5V_CPU 164/244
RAM 1392/3964MB (lfb 8x4MB) SWAP 779/6078MB (cached 36MB) IRAM 0/252kB(lfb 252kB) CPU [7%@921,6%@921,off,off] EMC_FREQ 0%@1600 GR3D_FREQ 0%@614 APE 25 PLL@29.5C CPU@31.5C iwlwifi@33C PMIC@50C GPU@29.5C AO@41C thermal@30.75C POM_5V_IN 1689/1802 POM_5V_GPU 82/89 POM_5V_CPU 164/244
RAM 1388/3964MB (lfb 8x4MB) SWAP 779/6078MB (cached 36MB) IRAM 0/252kB(lfb 252kB) CPU [5%@921,9%@921,off,off] EMC_FREQ 0%@1600 GR3D_FREQ 0%@614 APE 25 PLL@29.5C CPU@31.5C iwlwifi@32C PMIC@50C GPU@29.5C AO@40.5C thermal@30.75C POM_5V_IN 1689/1802 POM_5V_GPU 82/89 POM_5V_CPU 164/244
RAM 1388/3964MB (lfb 8x4MB) SWAP 779/6078MB (cached 36MB) IRAM 0/252kB(lfb 252kB) CPU [6%@921,7%@921,off,off] EMC_FREQ 0%@1600 GR3D_FREQ 0%@614 APE 25 PLL@29C CPU@31C iwlwifi@32C PMIC@50C GPU@29.5C AO@41C thermal@30.5C POM_5V_IN 1731/1802 POM_5V_GPU 82/89 POM_5V_CPU 164/244
RAM 1386/3964MB (lfb 8x4MB) SWAP 779/6078MB (cached 36MB) IRAM 0/252kB(lfb 252kB) CPU [8%@921,5%@921,off,off] EMC_FREQ 0%@1600 GR3D_FREQ 0%@614 APE 25 PLL@29.5C CPU@31.5C iwlwifi@32C PMIC@50C GPU@29.5C AO@41C thermal@30.25C POM_5V_IN 1689/1802 POM_5V_GPU 82/89 POM_5V_CPU 164/244
RAM 1388/3964MB (lfb 8x4MB) SWAP 779/6078MB (cached 36MB) IRAM 0/252kB(lfb 252kB) CPU [7%@921,6%@921,off,off] EMC_FREQ 0%@1600 GR3D_FREQ 0%@614 APE 25 PLL@29.5C CPU@31C iwlwifi@32C PMIC@50C GPU@30C AO@41C thermal@30.5C POM_5V_IN 1689/1802 POM_5V_GPU 82/89 POM_5V_CPU 123/243
RAM 1390/3964MB (lfb 8x4MB) SWAP 779/6078MB (cached 36MB) IRAM 0/252kB(lfb 252kB) CPU [6%@921,8%@921,off,off] EMC_FREQ 0%@1600 GR3D_FREQ 0%@614 APE 25 PLL@29.5C CPU@31C iwlwifi@32C PMIC@50C GPU@30C AO@41C thermal@30.5C POM_5V_IN 1689/1802 POM_5V_GPU 82/89 POM_5V_CPU 164/243
RAM 1389/3964MB (lfb 8x4MB) SWAP 779/6078MB (cached 36MB) IRAM 0/252kB(lfb 252kB) CPU [7%@921,7%@921,off,off] EMC_FREQ 0%@1600 GR3D_FREQ 0%@614 APE 25 PLL@29.5C CPU@31.5C iwlwifi@32C PMIC@50C GPU@30C AO@41C thermal@30.75C POM_5V_IN 1689/1801 POM_5V_GPU 82/89 POM_5V_CPU 164/243
RAM 1386/3964MB (lfb 8x4MB) SWAP 779/6078MB (cached 36MB) IRAM 0/252kB(lfb 252kB) CPU [5%@921,9%@921,off,off] EMC_FREQ 0%@1600 GR3D_FREQ 0%@614 APE 25 PLL@30C CPU@31C iwlwifi@32C PMIC@50C GPU@29.5C AO@41C thermal@30.5C POM_5V_IN 1689/1801 POM_5V_GPU 82/89 POM_5V_CPU 164/243
RAM 1390/3964MB (lfb 8x4MB) SWAP 779/6078MB (cached 36MB) IRAM 0/252kB(lfb 252kB) CPU [9%@921,5%@921,off,off] EMC_FREQ 0%@1600 GR3D_FREQ 0%@614 APE 25 PLL@29.5C CPU@31C iwlwifi@32C PMIC@50C GPU@30C AO@40.5C thermal@30.5C POM_5V_IN 1689/1801 POM_5V_GPU 82/89 POM_5V_CPU 164/243
RAM 1389/3964MB (lfb 8x4MB) SWAP 779/6078MB (cached 36MB) IRAM 0/252kB(lfb 252kB) CPU [8%@921,6%@921,off,off] EMC_FREQ 0%@1600 GR3D_FREQ 0%@614 APE 25 PLL@29.5C CPU@31.5C iwlwifi@32C PMIC@50C GPU@30C AO@41C thermal@30.5C POM_5V_IN 1689/1801 POM_5V_GPU 82/89 POM_5V_CPU 164/243
RAM 1388/3964MB (lfb 8x4MB) SWAP 779/6078MB (cached 36MB) IRAM 0/252kB(lfb 252kB) CPU [6%@921,7%@921,off,off] EMC_FREQ 0%@1600 GR3D_FREQ 0%@614 APE 25 PLL@29.5C CPU@31C iwlwifi@32C PMIC@50C GPU@30C AO@41C thermal@30.75C POM_5V_IN 1689/1801 POM_5V_GPU 82/89 POM_5V_CPU 164/243
RAM 1389/3964MB (lfb 8x4MB) SWAP 779/6078MB (cached 36MB) IRAM 0/252kB(lfb 252kB) CPU [5%@921,9%@921,off,off] EMC_FREQ 0%@1600 GR3D_FREQ 0%@614 APE 25 PLL@29.5C CPU@31.5C iwlwifi@32C PMIC@50C GPU@30C AO@41C thermal@30.75C POM_5V_IN 1689/1801 POM_5V_GPU 82/89 POM_5V_CPU 123/243
RAM 1388/3964MB (lfb 8x4MB) SWAP 779/6078MB (cached 36MB) IRAM 0/252kB(lfb 252kB) CPU [7%@921,6%@921,off,off] EMC_FREQ 0%@1600 GR3D_FREQ 0%@614 APE 25 PLL@30C CPU@31.5C iwlwifi@32C PMIC@50C GPU@30C AO@41C thermal@30.5C POM_5V_IN 1731/1801 POM_5V_GPU 82/89 POM_5V_CPU 164/243
RAM 1386/3964MB (lfb 8x4MB) SWAP 779/6078MB (cached 36MB) IRAM 0/252kB(lfb 252kB) CPU [6%@921,7%@921,off,off] EMC_FREQ 0%@1600 GR3D_FREQ 0%@614 APE 25 PLL@29.5C CPU@31.5C iwlwifi@32C PMIC@50C GPU@30C AO@40.5C thermal@30.75C POM_5V_IN 1731/1801 POM_5V_GPU 82/89 POM_5V_CPU 164/243
RAM 1388/3964MB (lfb 8x4MB) SWAP 779/6078MB (cached 36MB) IRAM 0/252kB(lfb 252kB) CPU [6%@921,7%@921,off,off] EMC_FREQ 0%@1600 GR3D_FREQ 0%@614 APE 25 PLL@29.5C CPU@31.5C iwlwifi@32C PMIC@50C GPU@30C AO@40.5C thermal@30.5C POM_5V_IN 1689/1801 POM_5V_GPU 82/89 POM_5V_CPU 123/243
RAM 1390/3964MB (lfb 8x4MB) SWAP 779/6078MB (cached 36MB) IRAM 0/252kB(lfb 252kB) CPU [5%@921,9%@921,off,off] EMC_FREQ 0%@1600 GR3D_FREQ 0%@614 APE 25 PLL@29.5C CPU@31.5C iwlwifi@32C PMIC@50C GPU@29.5C AO@40.5C thermal@30.75C POM_5V_IN 1689/1801 POM_5V_GPU 82/89 POM_5V_CPU 164/243
RAM 1390/3964MB (lfb 8x4MB) SWAP 779/6078MB (cached 36MB) IRAM 0/252kB(lfb 252kB) CPU [7%@921,7%@921,off,off] EMC_FREQ 0%@1600 GR3D_FREQ 0%@614 APE 25 PLL@29.5C CPU@31.5C iwlwifi@32C PMIC@50C GPU@30C AO@41C thermal@30.75C POM_5V_IN 1689/1801 POM_5V_GPU 82/89 POM_5V_CPU 164/243
RAM 1386/3964MB (lfb 8x4MB) SWAP 779/6078MB (cached 36MB) IRAM 0/252kB(lfb 252kB) CPU [6%@921,8%@921,off,off] EMC_FREQ 0%@1600 GR3D_FREQ 0%@614 APE 25 PLL@29.5C CPU@31.5C iwlwifi@32C PMIC@50C GPU@29.5C AO@40.5C thermal@30.5C POM_5V_IN 1689/1801 POM_5V_GPU 82/89 POM_5V_CPU 164/243
RAM 1387/3964MB (lfb 8x4MB) SWAP 779/6078MB (cached 36MB) IRAM 0/252kB(lfb 252kB) CPU [6%@921,9%@921,off,off] EMC_FREQ 0%@1600 GR3D_FREQ 0%@614 APE 25 PLL@29.5C CPU@31.5C iwlwifi@32C PMIC@50C GPU@29.5C AO@40.5C thermal@30.5C POM_5V_IN 1689/1801 POM_5V_GPU 82/89 POM_5V_CPU 164/243
RAM 1389/3964MB (lfb 8x4MB) SWAP 779/6078MB (cached 36MB) IRAM 0/252kB(lfb 252kB) CPU [5%@921,8%@921,off,off] EMC_FREQ 0%@1600 GR3D_FREQ 0%@614 APE 25 PLL@29.5C CPU@31C iwlwifi@32C PMIC@50C GPU@30C AO@41C thermal@30.5C POM_5V_IN 1689/1801 POM_5V_GPU 82/89 POM_5V_CPU 164/243
RAM 1390/3964MB (lfb 8x4MB) SWAP 779/6078MB (cached 36MB) IRAM 0/252kB(lfb 252kB) CPU [7%@921,6%@921,off,off] EMC_FREQ 0%@1600 GR3D_FREQ 0%@614 APE 25 PLL@29.5C CPU@31.5C iwlwifi@32C PMIC@50C GPU@29.5C AO@41C thermal@30.5C POM_5V_IN 1731/1801 POM_5V_GPU 82/89 POM_5V_CPU 164/243
RAM 1386/3964MB (lfb 8x4MB) SWAP 779/6078MB (cached 36MB) IRAM 0/252kB(lfb 252kB) CPU [8%@921,5%@921,off,off] EMC_FREQ 0%@1600 GR3D_FREQ 0%@614 APE 25 PLL@29.5C CPU@31.5C iwlwifi@32C PMIC@50C GPU@30C AO@40.5C thermal@30.5C POM_5V_IN 1689/1800 POM_5V_GPU 82/89 POM_5V_CPU 164/243
RAM 1388/3964MB (lfb 8x4MB) SWAP 779/6078MB (cached 36MB) IRAM 0/252kB(lfb 252kB) CPU [5%@921,9%@921,off,off] EMC_FREQ 0%@1600 GR3D_FREQ 0%@614 APE 25 PLL@29.5C CPU@31C iwlwifi@32C PMIC@50C GPU@30C AO@41C thermal@30.5C POM_5V_IN 1689/1800 POM_5V_GPU 82/89 POM_5V_CPU 164/243
RAM 1388/3964MB (lfb 8x4MB) SWAP 779/6078MB (cached 36MB) IRAM 0/252kB(lfb 252kB) CPU [9%@921,5%@921,off,off] EMC_FREQ 0%@1600 GR3D_FREQ 0%@614 APE 25 PLL@29.5C CPU@31C iwlwifi@32C PMIC@50C GPU@29.5C AO@41C thermal@30.75C POM_5V_IN 1689/1800 POM_5V_GPU 82/89 POM_5V_CPU 164/243
RAM 1390/3964MB (lfb 8x4MB) SWAP 779/6078MB (cached 36MB) IRAM 0/252kB(lfb 252kB) CPU [5%@921,9%@921,off,off] EMC_FREQ 0%@1600 GR3D_FREQ 0%@614 APE 25 PLL@29.5C CPU@31.5C iwlwifi@32C PMIC@50C GPU@29.5C AO@40.5C thermal@30.25C POM_5V_IN 1772/1800 POM_5V_GPU 82/89 POM_5V_CPU 206/242
RAM 1386/3964MB (lfb 8x4MB) SWAP 779/6078MB (cached 36MB) IRAM 0/252kB(lfb 252kB) CPU [6%@921,7%@921,off,off] EMC_FREQ 0%@1600 GR3D_FREQ 0%@614 APE 25 PLL@29.5C CPU@31C iwlwifi@32C PMIC@50C GPU@30C AO@41C thermal@30.5C POM_5V_IN 1689/1800 POM_5V_GPU 82/89 POM_5V_CPU 164/242
RAM 1392/3964MB (lfb 8x4MB) SWAP 779/6078MB (cached 36MB) IRAM 0/252kB(lfb 252kB) CPU [7%@921,6%@921,off,off] EMC_FREQ 0%@1600 GR3D_FREQ 0%@614 APE 25 PLL@29.5C CPU@31.5C iwlwifi@32C PMIC@50C GPU@29.5C AO@41C thermal@30.75C POM_5V_IN 1689/1800 POM_5V_GPU 82/89 POM_5V_CPU 164/242
RAM 1391/3964MB (lfb 8x4MB) SWAP 779/6078MB (cached 36MB) IRAM 0/252kB(lfb 252kB) CPU [9%@921,4%@921,off,off] EMC_FREQ 0%@1600 GR3D_FREQ 0%@614 APE 25 PLL@30C CPU@31.5C iwlwifi@32C PMIC@50C GPU@30C AO@41C thermal@30.5C POM_5V_IN 1689/1800 POM_5V_GPU 82/89 POM_5V_CPU 164/242
RAM 1391/3964MB (lfb 8x4MB) SWAP 779/6078MB (cached 36MB) IRAM 0/252kB(lfb 252kB) CPU [7%@921,6%@921,off,off] EMC_FREQ 0%@1600 GR3D_FREQ 0%@614 APE 25 PLL@29.5C CPU@31C iwlwifi@33C PMIC@50C GPU@30C AO@41C thermal@30.75C POM_5V_IN 1689/1800 POM_5V_GPU 82/89 POM_5V_CPU 123/242
RAM 1390/3964MB (lfb 8x4MB) SWAP 779/6078MB (cached 36MB) IRAM 0/252kB(lfb 252kB) CPU [8%@921,6%@921,off,off] EMC_FREQ 0%@1600 GR3D_FREQ 0%@614 APE 25 PLL@29.5C CPU@31.5C iwlwifi@32C PMIC@50C GPU@30C AO@41C thermal@30.75C POM_5V_IN 1687/1800 POM_5V_GPU 82/89 POM_5V_CPU 164/242
RAM 1389/3964MB (lfb 8x4MB) SWAP 779/6078MB (cached 36MB) IRAM 0/252kB(lfb 252kB) CPU [6%@921,7%@921,off,off] EMC_FREQ 0%@1600 GR3D_FREQ 0%@614 APE 25 PLL@29.5C CPU@31.5C iwlwifi@32C PMIC@50C GPU@29.5C AO@41C thermal@30.75C POM_5V_IN 1689/1800 POM_5V_GPU 82/89 POM_5V_CPU 164/242
RAM 1391/3964MB (lfb 8x4MB) SWAP 779/6078MB (cached 36MB) IRAM 0/252kB(lfb 252kB) CPU [5%@921,9%@921,off,off] EMC_FREQ 0%@1600 GR3D_FREQ 0%@614 APE 25 PLL@29.5C CPU@31.5C iwlwifi@32C PMIC@50C GPU@30C AO@41C thermal@30.75C POM_5V_IN 1934/1800 POM_5V_GPU 82/89 POM_5V_CPU 288/242
RAM 1387/3964MB (lfb 8x4MB) SWAP 779/6078MB (cached 36MB) IRAM 0/252kB(lfb 252kB) CPU [10%@921,4%@921,off,off] EMC_FREQ 0%@1600 GR3D_FREQ 0%@614 APE 25 PLL@29.5C CPU@31.5C iwlwifi@32C PMIC@50C GPU@29.5C AO@41C thermal@30.5C POM_5V_IN 1689/1800 POM_5V_GPU 82/89 POM_5V_CPU 164/242
RAM 1390/3964MB (lfb 8x4MB) SWAP 779/6078MB (cached 36MB) IRAM 0/252kB(lfb 252kB) CPU [9%@921,6%@921,off,off] EMC_FREQ 0%@1600 GR3D_FREQ 0%@614 APE 25 PLL@29.5C CPU@31C iwlwifi@32C PMIC@50C GPU@30C AO@41C thermal@30.5C POM_5V_IN 1731/1800 POM_5V_GPU 82/89 POM_5V_CPU 164/242
RAM 1388/3964MB (lfb 8x4MB) SWAP 779/6078MB (cached 36MB) IRAM 0/252kB(lfb 252kB) CPU [6%@921,7%@921,off,off] EMC_FREQ 0%@1600 GR3D_FREQ 0%@614 APE 25 PLL@29.5C CPU@31.5C iwlwifi@32C PMIC@50C GPU@29.5C AO@41C thermal@30.5C POM_5V_IN 1689/1800 POM_5V_GPU 82/89 POM_5V_CPU 164/242
RAM 1391/3964MB (lfb 8x4MB) SWAP 779/6078MB (cached 36MB) IRAM 0/252kB(lfb 252kB) CPU [6%@921,7%@921,off,off] EMC_FREQ 0%@1600 GR3D_FREQ 0%@614 APE 25 PLL@29.5C CPU@31.5C iwlwifi@32C PMIC@50C GPU@30C AO@41C thermal@30.5C POM_5V_IN 1689/1800 POM_5V_GPU 82/89 POM_5V_CPU 164/242
RAM 1389/3964MB (lfb 8x4MB) SWAP 779/6078MB (cached 36MB) IRAM 0/252kB(lfb 252kB) CPU [6%@921,6%@921,off,off] EMC_FREQ 0%@1600 GR3D_FREQ 0%@614 APE 25 PLL@29.5C CPU@31.5C iwlwifi@32C PMIC@50C GPU@29.5C AO@40.5C thermal@30.5C POM_5V_IN 1689/1800 POM_5V_GPU 82/89 POM_5V_CPU 164/242
RAM 1388/3964MB (lfb 8x4MB) SWAP 779/6078MB (cached 36MB) IRAM 0/252kB(lfb 252kB) CPU [6%@921,8%@921,off,off] EMC_FREQ 0%@1600 GR3D_FREQ 0%@614 APE 25 PLL@29.5C CPU@31.5C iwlwifi@32C PMIC@50C GPU@29.5C AO@40.5C thermal@30.25C POM_5V_IN 1689/1800 POM_5V_GPU 82/89 POM_5V_CPU 164/242
RAM 1387/3964MB (lfb 8x4MB) SWAP 779/6078MB (cached 36MB) IRAM 0/252kB(lfb 252kB) CPU [8%@921,5%@921,off,off] EMC_FREQ 0%@1600 GR3D_FREQ 0%@614 APE 25 PLL@30C CPU@31.5C iwlwifi@32C PMIC@50C GPU@29.5C AO@40.5C thermal@30.5C POM_5V_IN 1731/1800 POM_5V_GPU 82/89 POM_5V_CPU 164/242
RAM 1388/3964MB (lfb 8x4MB) SWAP 779/6078MB (cached 36MB) IRAM 0/252kB(lfb 252kB) CPU [6%@921,7%@921,off,off] EMC_FREQ 0%@1600 GR3D_FREQ 0%@614 APE 25 PLL@29.5C CPU@31.5C iwlwifi@32C PMIC@50C GPU@29.5C AO@40.5C thermal@30.5C POM_5V_IN 1731/1800 POM_5V_GPU 82/89 POM_5V_CPU 164/242
RAM 1386/3964MB (lfb 8x4MB) SWAP 779/6078MB (cached 36MB) IRAM 0/252kB(lfb 252kB) CPU [5%@921,9%@921,off,off] EMC_FREQ 0%@1600 GR3D_FREQ 0%@614 APE 25 PLL@30C CPU@31.5C iwlwifi@32C PMIC@50C GPU@29.5C AO@40.5C thermal@30.5C POM_5V_IN 1689/1799 POM_5V_GPU 82/89 POM_5V_CPU 164/242
RAM 1389/3964MB (lfb 8x4MB) SWAP 779/6078MB (cached 36MB) IRAM 0/252kB(lfb 252kB) CPU [8%@921,6%@921,off,off] EMC_FREQ 0%@1600 GR3D_FREQ 0%@614 APE 25 PLL@29.5C CPU@31.5C iwlwifi@32C PMIC@50C GPU@29.5C AO@41C thermal@30.5C POM_5V_IN 1689/1799 POM_5V_GPU 82/89 POM_5V_CPU 164/242
RAM 1386/3964MB (lfb 8x4MB) SWAP 779/6078MB (cached 36MB) IRAM 0/252kB(lfb 252kB) CPU [5%@921,8%@921,off,off] EMC_FREQ 0%@1600 GR3D_FREQ 0%@614 APE 25 PLL@30C CPU@31.5C iwlwifi@32C PMIC@50C GPU@29.5C AO@40.5C thermal@30.5C POM_5V_IN 1689/1799 POM_5V_GPU 82/89 POM_5V_CPU 164/242
RAM 1391/3964MB (lfb 8x4MB) SWAP 779/6078MB (cached 36MB) IRAM 0/252kB(lfb 252kB) CPU [7%@921,6%@921,off,off] EMC_FREQ 0%@1600 GR3D_FREQ 0%@614 APE 25 PLL@29.5C CPU@31.5C iwlwifi@32C PMIC@50C GPU@29.5C AO@40.5C thermal@30.5C POM_5V_IN 1689/1799 POM_5V_GPU 82/89 POM_5V_CPU 164/242
RAM 1391/3964MB (lfb 8x4MB) SWAP 779/6078MB (cached 36MB) IRAM 0/252kB(lfb 252kB) CPU [7%@921,7%@921,off,off] EMC_FREQ 0%@1600 GR3D_FREQ 0%@614 APE 25 PLL@30C CPU@31.5C iwlwifi@32C PMIC@50C GPU@29.5C AO@41C thermal@30.5C POM_5V_IN 1689/1799 POM_5V_GPU 82/89 POM_5V_CPU 164/242
RAM 1390/3964MB (lfb 8x4MB) SWAP 779/6078MB (cached 36MB) IRAM 0/252kB(lfb 252kB) CPU [9%@921,4%@921,off,off] EMC_FREQ 0%@1600 GR3D_FREQ 0%@614 APE 25 PLL@29C CPU@31.5C iwlwifi@32C PMIC@50C GPU@29.5C AO@41C thermal@30.5C POM_5V_IN 1689/1799 POM_5V_GPU 82/89 POM_5V_CPU 123/242
RAM 1386/3964MB (lfb 8x4MB) SWAP 779/6078MB (cached 36MB) IRAM 0/252kB(lfb 252kB) CPU [6%@921,8%@921,off,off] EMC_FREQ 0%@1600 GR3D_FREQ 0%@614 APE 25 PLL@30C CPU@31.5C iwlwifi@33C PMIC@50C GPU@30C AO@40.5C thermal@30.75C POM_5V_IN 1689/1799 POM_5V_GPU 82/89 POM_5V_CPU 123/241
RAM 1388/3964MB (lfb 8x4MB) SWAP 779/6078MB (cached 36MB) IRAM 0/252kB(lfb 252kB) CPU [6%@921,7%@921,off,off] EMC_FREQ 0%@1600 GR3D_FREQ 0%@614 APE 25 PLL@29.5C CPU@31.5C iwlwifi@32C PMIC@50C GPU@29.5C AO@41C thermal@30.5C POM_5V_IN 1687/1799 POM_5V_GPU 82/89 POM_5V_CPU 164/241
RAM 1391/3964MB (lfb 8x4MB) SWAP 779/6078MB (cached 36MB) IRAM 0/252kB(lfb 252kB) CPU [6%@921,8%@921,off,off] EMC_FREQ 0%@1600 GR3D_FREQ 0%@614 APE 25 PLL@29.5C CPU@31C iwlwifi@32C PMIC@50C GPU@29.5C AO@41C thermal@30.5C POM_5V_IN 1689/1799 POM_5V_GPU 82/89 POM_5V_CPU 164/241
RAM 1391/3964MB (lfb 8x4MB) SWAP 779/6078MB (cached 36MB) IRAM 0/252kB(lfb 252kB) CPU [6%@921,7%@921,off,off] EMC_FREQ 0%@1600 GR3D_FREQ 0%@614 APE 25 PLL@29.5C CPU@31C iwlwifi@32C PMIC@50C GPU@29.5C AO@41C thermal@30.75C POM_5V_IN 1689/1799 POM_5V_GPU 82/89 POM_5V_CPU 164/241
RAM 1388/3964MB (lfb 8x4MB) SWAP 779/6078MB (cached 36MB) IRAM 0/252kB(lfb 252kB) CPU [9%@921,5%@921,off,off] EMC_FREQ 0%@1600 GR3D_FREQ 0%@614 APE 25 PLL@29.5C CPU@31C iwlwifi@32C PMIC@50C GPU@29.5C AO@41C thermal@30.5C POM_5V_IN 1689/1799 POM_5V_GPU 82/89 POM_5V_CPU 164/241
RAM 1388/3964MB (lfb 8x4MB) SWAP 779/6078MB (cached 36MB) IRAM 0/252kB(lfb 252kB) CPU [6%@921,7%@921,off,off] EMC_FREQ 0%@1600 GR3D_FREQ 0%@614 APE 25 PLL@29.5C CPU@31C iwlwifi@32C PMIC@50C GPU@29.5C AO@41C thermal@30.25C POM_5V_IN 1731/1799 POM_5V_GPU 82/89 POM_5V_CPU 123/241
RAM 1388/3964MB (lfb 8x4MB) SWAP 779/6078MB (cached 36MB) IRAM 0/252kB(lfb 252kB) CPU [8%@921,5%@921,off,off] EMC_FREQ 0%@1600 GR3D_FREQ 0%@614 APE 25 PLL@29.5C CPU@31C iwlwifi@32C PMIC@50C GPU@29.5C AO@41C thermal@30.5C POM_5V_IN 1689/1799 POM_5V_GPU 82/89 POM_5V_CPU 123/241
RAM 1390/3964MB (lfb 8x4MB) SWAP 779/6078MB (cached 36MB) IRAM 0/252kB(lfb 252kB) CPU [8%@921,5%@921,off,off] EMC_FREQ 0%@1600 GR3D_FREQ 0%@614 APE 25 PLL@29.5C CPU@31C iwlwifi@32C PMIC@50C GPU@29.5C AO@40.5C thermal@30.75C POM_5V_IN 1689/1799 POM_5V_GPU 82/89 POM_5V_CPU 123/241
RAM 1385/3964MB (lfb 8x4MB) SWAP 779/6078MB (cached 36MB) IRAM 0/252kB(lfb 252kB) CPU [8%@921,5%@921,off,off] EMC_FREQ 0%@1600 GR3D_FREQ 0%@614 APE 25 PLL@29.5C CPU@31C iwlwifi@32C PMIC@50C GPU@30C AO@41C thermal@30.25C POM_5V_IN 1689/1799 POM_5V_GPU 82/89 POM_5V_CPU 164/241
RAM 1384/3964MB (lfb 8x4MB) SWAP 779/6078MB (cached 36MB) IRAM 0/252kB(lfb 252kB) CPU [6%@921,8%@921,off,off] EMC_FREQ 0%@1600 GR3D_FREQ 0%@614 APE 25 PLL@29.5C CPU@31.5C iwlwifi@32C PMIC@50C GPU@29.5C AO@41C thermal@30.75C POM_5V_IN 1772/1799 POM_5V_GPU 82/89 POM_5V_CPU 206/241
RAM 1380/3964MB (lfb 8x4MB) SWAP 779/6078MB (cached 36MB) IRAM 0/252kB(lfb 252kB) CPU [5%@921,9%@921,off,off] EMC_FREQ 0%@1600 GR3D_FREQ 0%@614 APE 25 PLL@29C CPU@31.5C iwlwifi@32C PMIC@50C GPU@29.5C AO@41C thermal@30.5C POM_5V_IN 1689/1798 POM_5V_GPU 82/89 POM_5V_CPU 123/241
RAM 1382/3964MB (lfb 8x4MB) SWAP 779/6078MB (cached 36MB) IRAM 0/252kB(lfb 252kB) CPU [5%@921,9%@921,off,off] EMC_FREQ 0%@1600 GR3D_FREQ 0%@614 APE 25 PLL@29.5C CPU@31C iwlwifi@32C PMIC@50C GPU@29.5C AO@41C thermal@30.75C POM_5V_IN 1689/1798 POM_5V_GPU 82/89 POM_5V_CPU 164/241
RAM 1384/3964MB (lfb 8x4MB) SWAP 779/6078MB (cached 36MB) IRAM 0/252kB(lfb 252kB) CPU [9%@921,5%@921,off,off] EMC_FREQ 0%@1600 GR3D_FREQ 0%@614 APE 25 PLL@29C CPU@31.5C iwlwifi@32C PMIC@50C GPU@30C AO@40.5C thermal@30.75C POM_5V_IN 1689/1798 POM_5V_GPU 82/89 POM_5V_CPU 164/241
RAM 1382/3964MB (lfb 8x4MB) SWAP 779/6078MB (cached 36MB) IRAM 0/252kB(lfb 252kB) CPU [5%@921,8%@921,off,off] EMC_FREQ 0%@1600 GR3D_FREQ 0%@614 APE 25 PLL@29.5C CPU@31.5C iwlwifi@32C PMIC@50C GPU@29.5C AO@41C thermal@30.5C POM_5V_IN 1772/1798 POM_5V_GPU 82/89 POM_5V_CPU 206/241
RAM 1384/3964MB (lfb 8x4MB) SWAP 779/6078MB (cached 36MB) IRAM 0/252kB(lfb 252kB) CPU [4%@921,9%@921,off,off] EMC_FREQ 0%@1600 GR3D_FREQ 0%@614 APE 25 PLL@29.5C CPU@31.5C iwlwifi@32C PMIC@50C GPU@29.5C AO@41C thermal@30.25C POM_5V_IN 1689/1798 POM_5V_GPU 82/89 POM_5V_CPU 164/241
RAM 1380/3964MB (lfb 8x4MB) SWAP 779/6078MB (cached 36MB) IRAM 0/252kB(lfb 252kB) CPU [7%@921,8%@921,off,off] EMC_FREQ 0%@1600 GR3D_FREQ 0%@614 APE 25 PLL@29.5C CPU@31C iwlwifi@32C PMIC@50C GPU@29.5C AO@40.5C thermal@30.75C POM_5V_IN 1728/1798 POM_5V_GPU 82/89 POM_5V_CPU 164/241
RAM 1385/3964MB (lfb 8x4MB) SWAP 779/6078MB (cached 36MB) IRAM 0/252kB(lfb 252kB) CPU [7%@921,6%@921,off,off] EMC_FREQ 0%@1600 GR3D_FREQ 0%@614 APE 25 PLL@29.5C CPU@31.5C iwlwifi@32C PMIC@50C GPU@29.5C AO@40.5C thermal@30.5C POM_5V_IN 1687/1798 POM_5V_GPU 82/89 POM_5V_CPU 164/241
RAM 1382/3964MB (lfb 8x4MB) SWAP 779/6078MB (cached 36MB) IRAM 0/252kB(lfb 252kB) CPU [7%@921,6%@921,off,off] EMC_FREQ 0%@1600 GR3D_FREQ 0%@614 APE 25 PLL@29.5C CPU@31.5C iwlwifi@32C PMIC@50C GPU@29.5C AO@40.5C thermal@30.75C POM_5V_IN 1731/1798 POM_5V_GPU 82/89 POM_5V_CPU 164/241
RAM 1384/3964MB (lfb 8x4MB) SWAP 779/6078MB (cached 36MB) IRAM 0/252kB(lfb 252kB) CPU [6%@921,7%@921,off,off] EMC_FREQ 0%@1600 GR3D_FREQ 0%@614 APE 25 PLL@29.5C CPU@31.5C iwlwifi@32C PMIC@50C GPU@30C AO@40.5C thermal@30.75C POM_5V_IN 1689/1798 POM_5V_GPU 82/89 POM_5V_CPU 164/241
RAM 1384/3964MB (lfb 8x4MB) SWAP 779/6078MB (cached 36MB) IRAM 0/252kB(lfb 252kB) CPU [6%@921,7%@921,off,off] EMC_FREQ 0%@1600 GR3D_FREQ 0%@614 APE 25 PLL@29.5C CPU@31.5C iwlwifi@32C PMIC@50C GPU@29.5C AO@41C thermal@30.5C POM_5V_IN 1687/1798 POM_5V_GPU 82/89 POM_5V_CPU 164/241
RAM 1384/3964MB (lfb 8x4MB) SWAP 779/6078MB (cached 36MB) IRAM 0/252kB(lfb 252kB) CPU [5%@921,8%@921,off,off] EMC_FREQ 0%@1600 GR3D_FREQ 0%@614 APE 25 PLL@29.5C CPU@31.5C iwlwifi@32C PMIC@50C GPU@30C AO@41C thermal@30.5C POM_5V_IN 1689/1798 POM_5V_GPU 82/89 POM_5V_CPU 164/240
RAM 1380/3964MB (lfb 8x4MB) SWAP 779/6078MB (cached 36MB) IRAM 0/252kB(lfb 252kB) CPU [8%@921,6%@921,off,off] EMC_FREQ 0%@1600 GR3D_FREQ 0%@614 APE 25 PLL@29C CPU@31.5C iwlwifi@32C PMIC@50C GPU@30C AO@41C thermal@30.5C POM_5V_IN 1689/1798 POM_5V_GPU 82/89 POM_5V_CPU 164/240
RAM 1384/3964MB (lfb 8x4MB) SWAP 779/6078MB (cached 36MB) IRAM 0/252kB(lfb 252kB) CPU [7%@921,6%@921,off,off] EMC_FREQ 0%@1600 GR3D_FREQ 0%@614 APE 25 PLL@29.5C CPU@31.5C iwlwifi@32C PMIC@50C GPU@29.5C AO@40.5C thermal@30.5C POM_5V_IN 1689/1798 POM_5V_GPU 82/89 POM_5V_CPU 164/240
RAM 1384/3964MB (lfb 8x4MB) SWAP 779/6078MB (cached 36MB) IRAM 0/252kB(lfb 252kB) CPU [7%@921,7%@921,off,off] EMC_FREQ 0%@1600 GR3D_FREQ 0%@614 APE 25 PLL@29.5C CPU@31.5C iwlwifi@32C PMIC@50C GPU@29.5C AO@41C thermal@30.25C POM_5V_IN 1689/1798 POM_5V_GPU 82/89 POM_5V_CPU 164/240
RAM 1380/3964MB (lfb 8x4MB) SWAP 779/6078MB (cached 36MB) IRAM 0/252kB(lfb 252kB) CPU [8%@921,5%@921,off,off] EMC_FREQ 0%@1600 GR3D_FREQ 0%@614 APE 25 PLL@29.5C CPU@31C iwlwifi@32C PMIC@50C GPU@30C AO@40.5C thermal@30.25C POM_5V_IN 1689/1798 POM_5V_GPU 82/89 POM_5V_CPU 164/240
RAM 1384/3964MB (lfb 8x4MB) SWAP 779/6078MB (cached 36MB) IRAM 0/252kB(lfb 252kB) CPU [5%@921,8%@921,off,off] EMC_FREQ 0%@1600 GR3D_FREQ 0%@614 APE 25 PLL@29.5C CPU@31C iwlwifi@32C PMIC@50C GPU@30C AO@40.5C thermal@30.25C POM_5V_IN 1689/1798 POM_5V_GPU 82/89 POM_5V_CPU 164/240
RAM 1382/3964MB (lfb 8x4MB) SWAP 779/6078MB (cached 36MB) IRAM 0/252kB(lfb 252kB) CPU [4%@921,9%@921,off,off] EMC_FREQ 0%@1600 GR3D_FREQ 0%@614 APE 25 PLL@29.5C CPU@31C iwlwifi@32C PMIC@50C GPU@30C AO@41C thermal@30.5C POM_5V_IN 1689/1798 POM_5V_GPU 82/89 POM_5V_CPU 164/240
RAM 1380/3964MB (lfb 8x4MB) SWAP 779/6078MB (cached 36MB) IRAM 0/252kB(lfb 252kB) CPU [8%@921,6%@921,off,off] EMC_FREQ 0%@1600 GR3D_FREQ 0%@614 APE 25 PLL@30C CPU@31.5C iwlwifi@32C PMIC@50C GPU@29.5C AO@40.5C thermal@30.5C POM_5V_IN 1689/1797 POM_5V_GPU 82/89 POM_5V_CPU 164/240
RAM 1384/3964MB (lfb 8x4MB) SWAP 779/6078MB (cached 36MB) IRAM 0/252kB(lfb 252kB) CPU [6%@921,8%@921,off,off] EMC_FREQ 0%@1600 GR3D_FREQ 0%@614 APE 25 PLL@29.5C CPU@31.5C iwlwifi@32C PMIC@50C GPU@29.5C AO@41.5C thermal@30.5C POM_5V_IN 1731/1797 POM_5V_GPU 82/89 POM_5V_CPU 164/240
RAM 1380/3964MB (lfb 8x4MB) SWAP 779/6078MB (cached 36MB) IRAM 0/252kB(lfb 252kB) CPU [6%@921,7%@921,off,off] EMC_FREQ 0%@1600 GR3D_FREQ 0%@614 APE 25 PLL@29.5C CPU@31C iwlwifi@32C PMIC@50C GPU@29.5C AO@40.5C thermal@30.25C POM_5V_IN 1689/1797 POM_5V_GPU 82/89 POM_5V_CPU 164/240
RAM 1382/3964MB (lfb 8x4MB) SWAP 779/6078MB (cached 36MB) IRAM 0/252kB(lfb 252kB) CPU [8%@921,6%@921,off,off] EMC_FREQ 0%@1600 GR3D_FREQ 0%@614 APE 25 PLL@29.5C CPU@31C iwlwifi@32C PMIC@50C GPU@30C AO@40.5C thermal@30.5C POM_5V_IN 1687/1797 POM_5V_GPU 82/89 POM_5V_CPU 164/240
RAM 1384/3964MB (lfb 8x4MB) SWAP 779/6078MB (cached 36MB) IRAM 0/252kB(lfb 252kB) CPU [6%@921,6%@921,off,off] EMC_FREQ 0%@1600 GR3D_FREQ 0%@614 APE 25 PLL@30C CPU@31C iwlwifi@32C PMIC@50C GPU@29.5C AO@40.5C thermal@30.25C POM_5V_IN 1689/1797 POM_5V_GPU 82/89 POM_5V_CPU 164/240
RAM 1380/3964MB (lfb 8x4MB) SWAP 779/6078MB (cached 36MB) IRAM 0/252kB(lfb 252kB) CPU [7%@921,7%@921,off,off] EMC_FREQ 0%@1600 GR3D_FREQ 0%@614 APE 25 PLL@29.5C CPU@31.5C iwlwifi@32C PMIC@50C GPU@29.5C AO@40.5C thermal@30.25C POM_5V_IN 1689/1797 POM_5V_GPU 82/89 POM_5V_CPU 123/240
RAM 1382/3964MB (lfb 8x4MB) SWAP 779/6078MB (cached 36MB) IRAM 0/252kB(lfb 252kB) CPU [6%@921,7%@921,off,off] EMC_FREQ 0%@1600 GR3D_FREQ 0%@614 APE 25 PLL@29.5C CPU@31.5C iwlwifi@32C PMIC@50C GPU@29.5C AO@40.5C thermal@30.5C POM_5V_IN 1689/1797 POM_5V_GPU 82/89 POM_5V_CPU 164/240
RAM 1382/3964MB (lfb 8x4MB) SWAP 779/6078MB (cached 36MB) IRAM 0/252kB(lfb 252kB) CPU [7%@921,6%@921,off,off] EMC_FREQ 0%@1600 GR3D_FREQ 0%@614 APE 25 PLL@29.5C CPU@31C iwlwifi@32C PMIC@50C GPU@29.5C AO@40.5C thermal@30.5C POM_5V_IN 1689/1797 POM_5V_GPU 82/89 POM_5V_CPU 164/240
RAM 1380/3964MB (lfb 8x4MB) SWAP 779/6078MB (cached 36MB) IRAM 0/252kB(lfb 252kB) CPU [7%@921,6%@921,off,off] EMC_FREQ 0%@1600 GR3D_FREQ 0%@614 APE 25 PLL@29.5C CPU@31C iwlwifi@32C PMIC@50C GPU@29.5C AO@40.5C thermal@30.5C POM_5V_IN 1689/1797 POM_5V_GPU 82/89 POM_5V_CPU 164/240
RAM 1380/3964MB (lfb 8x4MB) SWAP 779/6078MB (cached 36MB) IRAM 0/252kB(lfb 252kB) CPU [7%@921,6%@921,off,off] EMC_FREQ 0%@1600 GR3D_FREQ 0%@614 APE 25 PLL@29.5C CPU@31C iwlwifi@32C PMIC@50C GPU@30C AO@41C thermal@30.25C POM_5V_IN 1728/1797 POM_5V_GPU 82/89 POM_5V_CPU 164/240
RAM 1380/3964MB (lfb 8x4MB) SWAP 779/6078MB (cached 36MB) IRAM 0/252kB(lfb 252kB) CPU [8%@921,6%@921,off,off] EMC_FREQ 0%@1600 GR3D_FREQ 0%@614 APE 25 PLL@30C CPU@31.5C iwlwifi@32C PMIC@50C GPU@29.5C AO@40.5C thermal@30.5C POM_5V_IN 1689/1797 POM_5V_GPU 82/89 POM_5V_CPU 164/240
RAM 1380/3964MB (lfb 8x4MB) SWAP 779/6078MB (cached 36MB) IRAM 0/252kB(lfb 252kB) CPU [5%@921,9%@921,off,off] EMC_FREQ 0%@1600 GR3D_FREQ 0%@614 APE 25 PLL@29.5C CPU@31C iwlwifi@32C PMIC@50C GPU@30C AO@41C thermal@30.5C POM_5V_IN 1689/1797 POM_5V_GPU 82/89 POM_5V_CPU 164/240
RAM 1383/3964MB (lfb 8x4MB) SWAP 779/6078MB (cached 36MB) IRAM 0/252kB(lfb 252kB) CPU [8%@921,6%@921,off,off] EMC_FREQ 0%@1600 GR3D_FREQ 0%@614 APE 25 PLL@29.5C CPU@31C iwlwifi@32C PMIC@50C GPU@29.5C AO@41C thermal@30.5C POM_5V_IN 1689/1797 POM_5V_GPU 82/89 POM_5V_CPU 164/240
RAM 1384/3964MB (lfb 8x4MB) SWAP 779/6078MB (cached 36MB) IRAM 0/252kB(lfb 252kB) CPU [5%@921,8%@921,off,off] EMC_FREQ 0%@1600 GR3D_FREQ 0%@614 APE 25 PLL@29.5C CPU@31C iwlwifi@32C PMIC@50C GPU@29.5C AO@41C thermal@30.75C POM_5V_IN 1689/1797 POM_5V_GPU 82/89 POM_5V_CPU 164/240
RAM 1382/3964MB (lfb 8x4MB) SWAP 779/6078MB (cached 36MB) IRAM 0/252kB(lfb 252kB) CPU [6%@921,7%@921,off,off] EMC_FREQ 0%@1600 GR3D_FREQ 0%@614 APE 25 PLL@29.5C CPU@31C iwlwifi@32C PMIC@50C GPU@29.5C AO@41C thermal@30.25C POM_5V_IN 1689/1797 POM_5V_GPU 82/89 POM_5V_CPU 164/239
RAM 1382/3964MB (lfb 8x4MB) SWAP 779/6078MB (cached 36MB) IRAM 0/252kB(lfb 252kB) CPU [8%@921,6%@921,off,off] EMC_FREQ 0%@1600 GR3D_FREQ 0%@614 APE 25 PLL@29.5C CPU@31C iwlwifi@32C PMIC@50C GPU@29.5C AO@41C thermal@30.5C POM_5V_IN 1731/1797 POM_5V_GPU 82/89 POM_5V_CPU 164/239
RAM 1384/3964MB (lfb 8x4MB) SWAP 779/6078MB (cached 36MB) IRAM 0/252kB(lfb 252kB) CPU [5%@921,8%@921,off,off] EMC_FREQ 0%@1600 GR3D_FREQ 0%@614 APE 25 PLL@29.5C CPU@31C iwlwifi@32C PMIC@50C GPU@29.5C AO@40.5C thermal@30.25C POM_5V_IN 1689/1796 POM_5V_GPU 82/89 POM_5V_CPU 164/239
RAM 1380/3964MB (lfb 8x4MB) SWAP 779/6078MB (cached 36MB) IRAM 0/252kB(lfb 252kB) CPU [8%@921,5%@921,off,off] EMC_FREQ 0%@1600 GR3D_FREQ 0%@614 APE 25 PLL@29.5C CPU@31C iwlwifi@32C PMIC@50C GPU@29.5C AO@41C thermal@30.25C POM_5V_IN 1689/1796 POM_5V_GPU 82/89 POM_5V_CPU 164/239
RAM 1382/3964MB (lfb 8x4MB) SWAP 779/6078MB (cached 36MB) IRAM 0/252kB(lfb 252kB) CPU [8%@921,5%@921,off,off] EMC_FREQ 0%@1600 GR3D_FREQ 0%@614 APE 25 PLL@29.5C CPU@31.5C iwlwifi@32C PMIC@50C GPU@29.5C AO@40.5C thermal@30.25C POM_5V_IN 1689/1796 POM_5V_GPU 82/89 POM_5V_CPU 164/239
RAM 1382/3964MB (lfb 8x4MB) SWAP 779/6078MB (cached 36MB) IRAM 0/252kB(lfb 252kB) CPU [5%@921,8%@921,off,off] EMC_FREQ 0%@1600 GR3D_FREQ 0%@614 APE 25 PLL@29C CPU@31C iwlwifi@32C PMIC@50C GPU@29.5C AO@40.5C thermal@30.25C POM_5V_IN 1689/1796 POM_5V_GPU 82/89 POM_5V_CPU 164/239
RAM 1382/3964MB (lfb 8x4MB) SWAP 779/6078MB (cached 36MB) IRAM 0/252kB(lfb 252kB) CPU [7%@921,7%@921,off,off] EMC_FREQ 0%@1600 GR3D_FREQ 0%@614 APE 25 PLL@29.5C CPU@31.5C iwlwifi@32C PMIC@50C GPU@29.5C AO@41C thermal@30.5C POM_5V_IN 1689/1796 POM_5V_GPU 82/89 POM_5V_CPU 164/239
RAM 1380/3964MB (lfb 8x4MB) SWAP 779/6078MB (cached 36MB) IRAM 0/252kB(lfb 252kB) CPU [6%@921,7%@921,off,off] EMC_FREQ 0%@1600 GR3D_FREQ 0%@614 APE 25 PLL@29.5C CPU@31C iwlwifi@32C PMIC@50C GPU@29.5C AO@40.5C thermal@30.25C POM_5V_IN 1731/1796 POM_5V_GPU 82/89 POM_5V_CPU 206/239
RAM 1386/3964MB (lfb 8x4MB) SWAP 779/6078MB (cached 36MB) IRAM 0/252kB(lfb 252kB) CPU [7%@921,7%@921,off,off] EMC_FREQ 0%@1600 GR3D_FREQ 0%@614 APE 25 PLL@29.5C CPU@31C iwlwifi@32C PMIC@50C GPU@30C AO@41C thermal@30.25C POM_5V_IN 1689/1796 POM_5V_GPU 82/89 POM_5V_CPU 164/239
RAM 1380/3964MB (lfb 8x4MB) SWAP 779/6078MB (cached 36MB) IRAM 0/252kB(lfb 252kB) CPU [10%@921,4%@921,off,off] EMC_FREQ 0%@1600 GR3D_FREQ 0%@614 APE 25 PLL@29.5C CPU@31C iwlwifi@32C PMIC@50C GPU@29.5C AO@40.5C thermal@30.25C POM_5V_IN 1689/1796 POM_5V_GPU 82/89 POM_5V_CPU 164/239
RAM 1385/3964MB (lfb 8x4MB) SWAP 779/6078MB (cached 36MB) IRAM 0/252kB(lfb 252kB) CPU [8%@921,6%@921,off,off] EMC_FREQ 0%@1600 GR3D_FREQ 0%@614 APE 25 PLL@29.5C CPU@31C iwlwifi@32C PMIC@50C GPU@30C AO@41C thermal@30.5C POM_5V_IN 1689/1796 POM_5V_GPU 82/89 POM_5V_CPU 164/239
RAM 1380/3964MB (lfb 8x4MB) SWAP 779/6078MB (cached 36MB) IRAM 0/252kB(lfb 252kB) CPU [6%@921,7%@921,off,off] EMC_FREQ 0%@1600 GR3D_FREQ 0%@614 APE 25 PLL@30C CPU@31C iwlwifi@32C PMIC@50C GPU@29.5C AO@41C thermal@30.5C POM_5V_IN 1689/1796 POM_5V_GPU 82/89 POM_5V_CPU 164/239
RAM 1382/3964MB (lfb 8x4MB) SWAP 779/6078MB (cached 36MB) IRAM 0/252kB(lfb 252kB) CPU [8%@921,5%@921,off,off] EMC_FREQ 0%@1600 GR3D_FREQ 0%@614 APE 25 PLL@29.5C CPU@31.5C iwlwifi@32C PMIC@50C GPU@29.5C AO@40.5C thermal@30.25C POM_5V_IN 1689/1796 POM_5V_GPU 82/89 POM_5V_CPU 164/239
RAM 1382/3964MB (lfb 8x4MB) SWAP 779/6078MB (cached 36MB) IRAM 0/252kB(lfb 252kB) CPU [5%@921,8%@921,off,off] EMC_FREQ 0%@1600 GR3D_FREQ 0%@614 APE 25 PLL@29.5C CPU@31C iwlwifi@32C PMIC@50C GPU@30C AO@40.5C thermal@30.25C POM_5V_IN 1689/1796 POM_5V_GPU 82/89 POM_5V_CPU 164/239
RAM 1380/3964MB (lfb 8x4MB) SWAP 779/6078MB (cached 36MB) IRAM 0/252kB(lfb 252kB) CPU [8%@921,7%@921,off,off] EMC_FREQ 0%@1600 GR3D_FREQ 0%@614 APE 25 PLL@29C CPU@31C iwlwifi@32C PMIC@50C GPU@29.5C AO@40.5C thermal@30.25C POM_5V_IN 1689/1796 POM_5V_GPU 82/89 POM_5V_CPU 164/239
RAM 1384/3964MB (lfb 8x4MB) SWAP 779/6078MB (cached 36MB) IRAM 0/252kB(lfb 252kB) CPU [7%@921,7%@921,off,off] EMC_FREQ 0%@1600 GR3D_FREQ 0%@614 APE 25 PLL@29.5C CPU@31C iwlwifi@32C PMIC@50C GPU@29.5C AO@40.5C thermal@30.25C POM_5V_IN 1689/1796 POM_5V_GPU 82/89 POM_5V_CPU 164/239
RAM 1382/3964MB (lfb 8x4MB) SWAP 779/6078MB (cached 36MB) IRAM 0/252kB(lfb 252kB) CPU [5%@921,8%@921,off,off] EMC_FREQ 0%@1600 GR3D_FREQ 0%@614 APE 25 PLL@29.5C CPU@31C iwlwifi@32C PMIC@50C GPU@29.5C AO@40.5C thermal@30.25C POM_5V_IN 1689/1796 POM_5V_GPU 82/89 POM_5V_CPU 164/239
RAM 1383/3964MB (lfb 8x4MB) SWAP 779/6078MB (cached 36MB) IRAM 0/252kB(lfb 252kB) CPU [7%@921,6%@921,off,off] EMC_FREQ 0%@1600 GR3D_FREQ 0%@614 APE 25 PLL@29C CPU@31C iwlwifi@32C PMIC@50C GPU@29.5C AO@41C thermal@30.75C POM_5V_IN 1731/1796 POM_5V_GPU 82/89 POM_5V_CPU 164/239
RAM 1380/3964MB (lfb 8x4MB) SWAP 779/6078MB (cached 36MB) IRAM 0/252kB(lfb 252kB) CPU [5%@921,8%@921,off,off] EMC_FREQ 0%@1600 GR3D_FREQ 0%@614 APE 25 PLL@29.5C CPU@31.5C iwlwifi@32C PMIC@50C GPU@29.5C AO@41C thermal@30.25C POM_5V_IN 1689/1796 POM_5V_GPU 82/89 POM_5V_CPU 164/239
RAM 1380/3964MB (lfb 8x4MB) SWAP 779/6078MB (cached 36MB) IRAM 0/252kB(lfb 252kB) CPU [7%@921,7%@921,off,off] EMC_FREQ 0%@1600 GR3D_FREQ 0%@614 APE 25 PLL@29.5C CPU@31.5C iwlwifi@32C PMIC@50C GPU@29.5C AO@40.5C thermal@30.25C POM_5V_IN 1689/1795 POM_5V_GPU 82/89 POM_5V_CPU 164/239
RAM 1384/3964MB (lfb 8x4MB) SWAP 779/6078MB (cached 36MB) IRAM 0/252kB(lfb 252kB) CPU [6%@921,7%@921,off,off] EMC_FREQ 0%@1600 GR3D_FREQ 0%@614 APE 25 PLL@29.5C CPU@31C iwlwifi@32C PMIC@50C GPU@29.5C AO@40.5C thermal@30.25C POM_5V_IN 1689/1795 POM_5V_GPU 82/89 POM_5V_CPU 164/239
RAM 1382/3964MB (lfb 8x4MB) SWAP 779/6078MB (cached 36MB) IRAM 0/252kB(lfb 252kB) CPU [9%@921,5%@921,off,off] EMC_FREQ 0%@1600 GR3D_FREQ 0%@614 APE 25 PLL@29.5C CPU@31C iwlwifi@32C PMIC@50C GPU@29.5C AO@40.5C thermal@30.5C POM_5V_IN 1689/1795 POM_5V_GPU 82/89 POM_5V_CPU 123/239
RAM 1384/3964MB (lfb 8x4MB) SWAP 779/6078MB (cached 36MB) IRAM 0/252kB(lfb 252kB) CPU [7%@921,7%@921,off,off] EMC_FREQ 0%@1600 GR3D_FREQ 0%@614 APE 25 PLL@29.5C CPU@31C iwlwifi@32C PMIC@50C GPU@29.5C AO@40.5C thermal@30.25C POM_5V_IN 1689/1795 POM_5V_GPU 82/89 POM_5V_CPU 164/238
RAM 1382/3964MB (lfb 8x4MB) SWAP 779/6078MB (cached 36MB) IRAM 0/252kB(lfb 252kB) CPU [9%@921,4%@921,off,off] EMC_FREQ 0%@1600 GR3D_FREQ 0%@614 APE 25 PLL@30C CPU@31C iwlwifi@32C PMIC@50C GPU@29.5C AO@40.5C thermal@30.5C POM_5V_IN 1689/1795 POM_5V_GPU 82/89 POM_5V_CPU 164/238
RAM 1380/3964MB (lfb 8x4MB) SWAP 779/6078MB (cached 36MB) IRAM 0/252kB(lfb 252kB) CPU [8%@921,6%@921,off,off] EMC_FREQ 0%@1600 GR3D_FREQ 0%@614 APE 25 PLL@29.5C CPU@31C iwlwifi@32C PMIC@50C GPU@30C AO@41C thermal@30.25C POM_5V_IN 1689/1795 POM_5V_GPU 82/89 POM_5V_CPU 164/238
RAM 1382/3964MB (lfb 8x4MB) SWAP 779/6078MB (cached 36MB) IRAM 0/252kB(lfb 252kB) CPU [7%@921,6%@921,off,off] EMC_FREQ 0%@1600 GR3D_FREQ 0%@614 APE 25 PLL@29.5C CPU@31C iwlwifi@33C PMIC@50C GPU@29.5C AO@41C thermal@30.25C POM_5V_IN 1689/1795 POM_5V_GPU 82/89 POM_5V_CPU 164/238
RAM 1382/3964MB (lfb 8x4MB) SWAP 779/6078MB (cached 36MB) IRAM 0/252kB(lfb 252kB) CPU [8%@921,5%@921,off,off] EMC_FREQ 0%@1600 GR3D_FREQ 0%@614 APE 25 PLL@29.5C CPU@31C iwlwifi@32C PMIC@50C GPU@29.5C AO@40.5C thermal@30.25C POM_5V_IN 1689/1795 POM_5V_GPU 82/89 POM_5V_CPU 164/238
RAM 1382/3964MB (lfb 8x4MB) SWAP 779/6078MB (cached 36MB) IRAM 0/252kB(lfb 252kB) CPU [5%@921,8%@921,off,off] EMC_FREQ 0%@1600 GR3D_FREQ 0%@614 APE 25 PLL@29.5C CPU@31.5C iwlwifi@32C PMIC@50C GPU@29.5C AO@41C thermal@30.25C POM_5V_IN 2013/1795 POM_5V_GPU 82/89 POM_5V_CPU 369/238
RAM 1380/3964MB (lfb 8x4MB) SWAP 779/6078MB (cached 36MB) IRAM 0/252kB(lfb 252kB) CPU [7%@921,6%@921,off,off] EMC_FREQ 0%@1600 GR3D_FREQ 0%@614 APE 25 PLL@29.5C CPU@31C iwlwifi@32C PMIC@50C GPU@29.5C AO@41C thermal@30.25C POM_5V_IN 1689/1795 POM_5V_GPU 82/89 POM_5V_CPU 123/238
RAM 1382/3964MB (lfb 8x4MB) SWAP 779/6078MB (cached 36MB) IRAM 0/252kB(lfb 252kB) CPU [7%@921,6%@921,off,off] EMC_FREQ 0%@1600 GR3D_FREQ 0%@614 APE 25 PLL@29.5C CPU@31C iwlwifi@32C PMIC@50C GPU@29.5C AO@41C thermal@30.25C POM_5V_IN 2013/1795 POM_5V_GPU 82/89 POM_5V_CPU 164/238
RAM 1380/3964MB (lfb 8x4MB) SWAP 779/6078MB (cached 36MB) IRAM 0/252kB(lfb 252kB) CPU [6%@921,7%@921,off,off] EMC_FREQ 0%@1600 GR3D_FREQ 0%@614 APE 25 PLL@29.5C CPU@31C iwlwifi@32C PMIC@50C GPU@29.5C AO@40.5C thermal@30.25C POM_5V_IN 1689/1795 POM_5V_GPU 82/89 POM_5V_CPU 123/238
RAM 1382/3964MB (lfb 8x4MB) SWAP 779/6078MB (cached 36MB) IRAM 0/252kB(lfb 252kB) CPU [6%@921,8%@921,off,off] EMC_FREQ 0%@1600 GR3D_FREQ 0%@614 APE 25 PLL@29.5C CPU@31C iwlwifi@32C PMIC@50C GPU@30C AO@41C thermal@30.25C POM_5V_IN 1689/1795 POM_5V_GPU 82/89 POM_5V_CPU 164/238
RAM 1384/3964MB (lfb 8x4MB) SWAP 779/6078MB (cached 36MB) IRAM 0/252kB(lfb 252kB) CPU [6%@921,8%@921,off,off] EMC_FREQ 0%@1600 GR3D_FREQ 0%@614 APE 25 PLL@29.5C CPU@31C iwlwifi@32C PMIC@50C GPU@30C AO@41C thermal@30.5C POM_5V_IN 1689/1795 POM_5V_GPU 82/89 POM_5V_CPU 164/238
RAM 1384/3964MB (lfb 8x4MB) SWAP 779/6078MB (cached 36MB) IRAM 0/252kB(lfb 252kB) CPU [7%@921,6%@921,off,off] EMC_FREQ 0%@1600 GR3D_FREQ 0%@614 APE 25 PLL@30C CPU@31C iwlwifi@32C PMIC@50C GPU@29.5C AO@41C thermal@30.25C POM_5V_IN 1689/1795 POM_5V_GPU 82/89 POM_5V_CPU 164/238
RAM 1384/3964MB (lfb 8x4MB) SWAP 779/6078MB (cached 36MB) IRAM 0/252kB(lfb 252kB) CPU [6%@921,8%@921,off,off] EMC_FREQ 0%@1600 GR3D_FREQ 0%@614 APE 25 PLL@29.5C CPU@31C iwlwifi@32C PMIC@50C GPU@30C AO@41C thermal@30.75C POM_5V_IN 1689/1795 POM_5V_GPU 82/89 POM_5V_CPU 164/238
RAM 1382/3964MB (lfb 8x4MB) SWAP 779/6078MB (cached 36MB) IRAM 0/252kB(lfb 252kB) CPU [5%@921,8%@921,off,off] EMC_FREQ 0%@1600 GR3D_FREQ 0%@614 APE 25 PLL@29.5C CPU@31C iwlwifi@33C PMIC@50C GPU@30C AO@41C thermal@30.5C POM_5V_IN 1687/1795 POM_5V_GPU 82/89 POM_5V_CPU 164/238
RAM 1382/3964MB (lfb 8x4MB) SWAP 779/6078MB (cached 36MB) IRAM 0/252kB(lfb 252kB) CPU [7%@921,7%@921,off,off] EMC_FREQ 0%@1600 GR3D_FREQ 0%@614 APE 25 PLL@29.5C CPU@31C iwlwifi@32C PMIC@50C GPU@29.5C AO@40.5C thermal@30.5C POM_5V_IN 1689/1795 POM_5V_GPU 82/89 POM_5V_CPU 164/238
RAM 1380/3964MB (lfb 8x4MB) SWAP 779/6078MB (cached 36MB) IRAM 0/252kB(lfb 252kB) CPU [8%@921,5%@921,off,off] EMC_FREQ 0%@1600 GR3D_FREQ 0%@614 APE 25 PLL@30C CPU@31C iwlwifi@32C PMIC@50C GPU@29.5C AO@40.5C thermal@30.25C POM_5V_IN 1689/1795 POM_5V_GPU 82/89 POM_5V_CPU 164/238
RAM 1384/3964MB (lfb 8x4MB) SWAP 779/6078MB (cached 36MB) IRAM 0/252kB(lfb 252kB) CPU [8%@921,6%@921,off,off] EMC_FREQ 0%@1600 GR3D_FREQ 0%@614 APE 25 PLL@30C CPU@31C iwlwifi@32C PMIC@50C GPU@30C AO@41C thermal@30.25C POM_5V_IN 1689/1795 POM_5V_GPU 82/89 POM_5V_CPU 164/238
RAM 1381/3964MB (lfb 8x4MB) SWAP 779/6078MB (cached 36MB) IRAM 0/252kB(lfb 252kB) CPU [7%@921,7%@921,off,off] EMC_FREQ 0%@1600 GR3D_FREQ 0%@614 APE 25 PLL@29.5C CPU@31C iwlwifi@32C PMIC@50C GPU@29.5C AO@40.5C thermal@30.25C POM_5V_IN 1689/1795 POM_5V_GPU 82/89 POM_5V_CPU 164/238
RAM 1380/3964MB (lfb 8x4MB) SWAP 779/6078MB (cached 36MB) IRAM 0/252kB(lfb 252kB) CPU [8%@921,5%@921,off,off] EMC_FREQ 0%@1600 GR3D_FREQ 0%@614 APE 25 PLL@30C CPU@31.5C iwlwifi@32C PMIC@50C GPU@30C AO@41C thermal@30.25C POM_5V_IN 1689/1795 POM_5V_GPU 82/89 POM_5V_CPU 164/238
RAM 1380/3964MB (lfb 8x4MB) SWAP 779/6078MB (cached 36MB) IRAM 0/252kB(lfb 252kB) CPU [10%@921,4%@921,off,off] EMC_FREQ 0%@1600 GR3D_FREQ 0%@614 APE 25 PLL@29.5C CPU@31C iwlwifi@32C PMIC@50C GPU@29.5C AO@41C thermal@30.5C POM_5V_IN 1689/1794 POM_5V_GPU 82/89 POM_5V_CPU 123/238
RAM 1382/3964MB (lfb 8x4MB) SWAP 779/6078MB (cached 36MB) IRAM 0/252kB(lfb 252kB) CPU [8%@921,6%@921,off,off] EMC_FREQ 0%@1600 GR3D_FREQ 0%@614 APE 25 PLL@29.5C CPU@31C iwlwifi@32C PMIC@50C GPU@30C AO@41C thermal@30.25C POM_5V_IN 1689/1794 POM_5V_GPU 82/89 POM_5V_CPU 164/238
RAM 1384/3964MB (lfb 8x4MB) SWAP 779/6078MB (cached 36MB) IRAM 0/252kB(lfb 252kB) CPU [5%@921,8%@921,off,off] EMC_FREQ 0%@1600 GR3D_FREQ 0%@614 APE 25 PLL@29.5C CPU@31C iwlwifi@32C PMIC@50C GPU@30C AO@41C thermal@30.5C POM_5V_IN 1689/1794 POM_5V_GPU 82/89 POM_5V_CPU 164/238
RAM 1384/3964MB (lfb 8x4MB) SWAP 779/6078MB (cached 36MB) IRAM 0/252kB(lfb 252kB) CPU [5%@921,9%@921,off,off] EMC_FREQ 0%@1600 GR3D_FREQ 0%@614 APE 25 PLL@29.5C CPU@31C iwlwifi@32C PMIC@50C GPU@29.5C AO@41C thermal@30.5C POM_5V_IN 1689/1794 POM_5V_GPU 82/89 POM_5V_CPU 164/238
RAM 1380/3964MB (lfb 8x4MB) SWAP 779/6078MB (cached 36MB) IRAM 0/252kB(lfb 252kB) CPU [7%@921,6%@921,off,off] EMC_FREQ 0%@1600 GR3D_FREQ 0%@614 APE 25 PLL@29.5C CPU@31C iwlwifi@32C PMIC@50C GPU@29.5C AO@40.5C thermal@30.75C POM_5V_IN 1689/1794 POM_5V_GPU 82/89 POM_5V_CPU 164/238
RAM 1380/3964MB (lfb 8x4MB) SWAP 779/6078MB (cached 36MB) IRAM 0/252kB(lfb 252kB) CPU [8%@921,5%@921,off,off] EMC_FREQ 0%@1600 GR3D_FREQ 0%@614 APE 25 PLL@29.5C CPU@31.5C iwlwifi@32C PMIC@50C GPU@30C AO@40.5C thermal@30.75C POM_5V_IN 1689/1794 POM_5V_GPU 82/89 POM_5V_CPU 164/238
RAM 1383/3964MB (lfb 8x4MB) SWAP 779/6078MB (cached 36MB) IRAM 0/252kB(lfb 252kB) CPU [9%@921,4%@921,off,off] EMC_FREQ 0%@1600 GR3D_FREQ 0%@614 APE 25 PLL@29.5C CPU@31C iwlwifi@32C PMIC@50C GPU@29.5C AO@40.5C thermal@30.5C POM_5V_IN 1689/1794 POM_5V_GPU 82/89 POM_5V_CPU 164/237
RAM 1380/3964MB (lfb 8x4MB) SWAP 779/6078MB (cached 36MB) IRAM 0/252kB(lfb 252kB) CPU [5%@921,8%@921,off,off] EMC_FREQ 0%@1600 GR3D_FREQ 0%@614 APE 25 PLL@29.5C CPU@31.5C iwlwifi@32C PMIC@50C GPU@29.5C AO@40.5C thermal@30.25C POM_5V_IN 1689/1794 POM_5V_GPU 82/89 POM_5V_CPU 164/237
RAM 1380/3964MB (lfb 8x4MB) SWAP 779/6078MB (cached 36MB) IRAM 0/252kB(lfb 252kB) CPU [8%@921,6%@921,off,off] EMC_FREQ 0%@1600 GR3D_FREQ 0%@614 APE 25 PLL@29.5C CPU@31.5C iwlwifi@32C PMIC@50C GPU@29.5C AO@41C thermal@30.5C POM_5V_IN 1689/1794 POM_5V_GPU 82/89 POM_5V_CPU 164/237
RAM 1380/3964MB (lfb 8x4MB) SWAP 779/6078MB (cached 36MB) IRAM 0/252kB(lfb 252kB) CPU [6%@921,7%@921,off,off] EMC_FREQ 0%@1600 GR3D_FREQ 0%@614 APE 25 PLL@29.5C CPU@32C iwlwifi@32C PMIC@50C GPU@29.5C AO@41C thermal@30.5C POM_5V_IN 1731/1794 POM_5V_GPU 82/89 POM_5V_CPU 164/237
RAM 1382/3964MB (lfb 8x4MB) SWAP 779/6078MB (cached 36MB) IRAM 0/252kB(lfb 252kB) CPU [9%@921,6%@921,off,off] EMC_FREQ 0%@1600 GR3D_FREQ 0%@614 APE 25 PLL@29.5C CPU@31C iwlwifi@32C PMIC@50C GPU@30C AO@41C thermal@30.5C POM_5V_IN 1689/1794 POM_5V_GPU 82/89 POM_5V_CPU 164/237
RAM 1384/3964MB (lfb 8x4MB) SWAP 779/6078MB (cached 36MB) IRAM 0/252kB(lfb 252kB) CPU [7%@921,6%@921,off,off] EMC_FREQ 0%@1600 GR3D_FREQ 0%@614 APE 25 PLL@29C CPU@31.5C iwlwifi@32C PMIC@50C GPU@29.5C AO@41C thermal@30.5C POM_5V_IN 1731/1794 POM_5V_GPU 82/89 POM_5V_CPU 164/237
RAM 1384/3964MB (lfb 8x4MB) SWAP 779/6078MB (cached 36MB) IRAM 0/252kB(lfb 252kB) CPU [8%@921,6%@921,off,off] EMC_FREQ 0%@1600 GR3D_FREQ 0%@614 APE 25 PLL@29.5C CPU@31.5C iwlwifi@32C PMIC@50C GPU@30C AO@41C thermal@30.75C POM_5V_IN 1689/1794 POM_5V_GPU 82/89 POM_5V_CPU 164/237
RAM 1382/3964MB (lfb 8x4MB) SWAP 779/6078MB (cached 36MB) IRAM 0/252kB(lfb 252kB) CPU [6%@921,7%@921,off,off] EMC_FREQ 0%@1600 GR3D_FREQ 0%@614 APE 25 PLL@29.5C CPU@31.5C iwlwifi@32C PMIC@50C GPU@29.5C AO@41C thermal@30.75C POM_5V_IN 1689/1794 POM_5V_GPU 82/89 POM_5V_CPU 164/237
RAM 1380/3964MB (lfb 8x4MB) SWAP 779/6078MB (cached 36MB) IRAM 0/252kB(lfb 252kB) CPU [6%@921,8%@921,off,off] EMC_FREQ 0%@1600 GR3D_FREQ 0%@614 APE 25 PLL@29.5C CPU@31.5C iwlwifi@32C PMIC@50C GPU@29.5C AO@41C thermal@30.75C POM_5V_IN 1689/1794 POM_5V_GPU 82/89 POM_5V_CPU 164/237
RAM 1384/3964MB (lfb 8x4MB) SWAP 779/6078MB (cached 36MB) IRAM 0/252kB(lfb 252kB) CPU [6%@921,7%@921,off,off] EMC_FREQ 0%@1600 GR3D_FREQ 0%@614 APE 25 PLL@29C CPU@31.5C iwlwifi@32C PMIC@50C GPU@30C AO@41C thermal@30.5C POM_5V_IN 1689/1794 POM_5V_GPU 82/89 POM_5V_CPU 164/237
RAM 1382/3964MB (lfb 8x4MB) SWAP 779/6078MB (cached 36MB) IRAM 0/252kB(lfb 252kB) CPU [5%@921,9%@921,off,off] EMC_FREQ 0%@1600 GR3D_FREQ 0%@614 APE 25 PLL@29.5C CPU@31.5C iwlwifi@32C PMIC@50C GPU@30C AO@40.5C thermal@30.5C POM_5V_IN 1689/1794 POM_5V_GPU 82/89 POM_5V_CPU 164/237
RAM 1380/3964MB (lfb 8x4MB) SWAP 779/6078MB (cached 36MB) IRAM 0/252kB(lfb 252kB) CPU [6%@921,8%@921,off,off] EMC_FREQ 0%@1600 GR3D_FREQ 0%@614 APE 25 PLL@30C CPU@31C iwlwifi@32C PMIC@50C GPU@30C AO@41C thermal@30.75C POM_5V_IN 1689/1794 POM_5V_GPU 82/89 POM_5V_CPU 164/237
RAM 1384/3964MB (lfb 8x4MB) SWAP 779/6078MB (cached 36MB) IRAM 0/252kB(lfb 252kB) CPU [5%@921,9%@921,off,off] EMC_FREQ 0%@1600 GR3D_FREQ 0%@614 APE 25 PLL@29.5C CPU@31.5C iwlwifi@32C PMIC@50C GPU@30C AO@40.5C thermal@30.75C POM_5V_IN 1689/1793 POM_5V_GPU 82/89 POM_5V_CPU 164/237
RAM 1382/3964MB (lfb 8x4MB) SWAP 779/6078MB (cached 36MB) IRAM 0/252kB(lfb 252kB) CPU [6%@921,7%@921,off,off] EMC_FREQ 0%@1600 GR3D_FREQ 0%@614 APE 25 PLL@29.5C CPU@31.5C iwlwifi@33C PMIC@50C GPU@30C AO@41C thermal@30.75C POM_5V_IN 1731/1793 POM_5V_GPU 82/89 POM_5V_CPU 164/237
RAM 1385/3964MB (lfb 8x4MB) SWAP 779/6078MB (cached 36MB) IRAM 0/252kB(lfb 252kB) CPU [5%@921,9%@921,off,off] EMC_FREQ 0%@1600 GR3D_FREQ 0%@614 APE 25 PLL@29.5C CPU@31.5C iwlwifi@32C PMIC@50C GPU@29.5C AO@41C thermal@30.5C POM_5V_IN 1689/1793 POM_5V_GPU 82/89 POM_5V_CPU 164/237
RAM 1382/3964MB (lfb 8x4MB) SWAP 779/6078MB (cached 36MB) IRAM 0/252kB(lfb 252kB) CPU [5%@921,7%@921,off,off] EMC_FREQ 0%@1600 GR3D_FREQ 0%@614 APE 25 PLL@29C CPU@31.5C iwlwifi@32C PMIC@50C GPU@29.5C AO@41C thermal@30.25C POM_5V_IN 1689/1793 POM_5V_GPU 82/89 POM_5V_CPU 164/237
RAM 1380/3964MB (lfb 8x4MB) SWAP 779/6078MB (cached 36MB) IRAM 0/252kB(lfb 252kB) CPU [7%@921,6%@921,off,off] EMC_FREQ 0%@1600 GR3D_FREQ 0%@614 APE 25 PLL@29.5C CPU@31C iwlwifi@32C PMIC@50C GPU@29.5C AO@41C thermal@30.5C POM_5V_IN 1689/1793 POM_5V_GPU 82/89 POM_5V_CPU 164/237
RAM 1384/3964MB (lfb 8x4MB) SWAP 779/6078MB (cached 36MB) IRAM 0/252kB(lfb 252kB) CPU [9%@921,5%@921,off,off] EMC_FREQ 0%@1600 GR3D_FREQ 0%@614 APE 25 PLL@29.5C CPU@31C iwlwifi@32C PMIC@50C GPU@29.5C AO@41C thermal@30.5C POM_5V_IN 1731/1793 POM_5V_GPU 82/89 POM_5V_CPU 164/237
RAM 1384/3964MB (lfb 8x4MB) SWAP 779/6078MB (cached 36MB) IRAM 0/252kB(lfb 252kB) CPU [7%@921,6%@921,off,off] EMC_FREQ 0%@1600 GR3D_FREQ 0%@614 APE 25 PLL@29.5C CPU@31.5C iwlwifi@32C PMIC@50C GPU@29.5C AO@41C thermal@30.75C POM_5V_IN 1689/1793 POM_5V_GPU 82/89 POM_5V_CPU 164/237
RAM 1380/3964MB (lfb 8x4MB) SWAP 779/6078MB (cached 36MB) IRAM 0/252kB(lfb 252kB) CPU [7%@921,6%@921,off,off] EMC_FREQ 0%@1600 GR3D_FREQ 0%@614 APE 25 PLL@29.5C CPU@31C iwlwifi@32C PMIC@50C GPU@30C AO@41C thermal@30.75C POM_5V_IN 1689/1793 POM_5V_GPU 82/89 POM_5V_CPU 164/237
RAM 1382/3964MB (lfb 8x4MB) SWAP 779/6078MB (cached 36MB) IRAM 0/252kB(lfb 252kB) CPU [8%@921,5%@921,off,off] EMC_FREQ 0%@1600 GR3D_FREQ 0%@614 APE 25 PLL@29.5C CPU@31.5C iwlwifi@32C PMIC@50C GPU@29.5C AO@40.5C thermal@30.5C POM_5V_IN 1689/1793 POM_5V_GPU 82/89 POM_5V_CPU 164/237
RAM 1384/3964MB (lfb 8x4MB) SWAP 779/6078MB (cached 36MB) IRAM 0/252kB(lfb 252kB) CPU [6%@921,8%@921,off,off] EMC_FREQ 0%@1600 GR3D_FREQ 0%@614 APE 25 PLL@29C CPU@31C iwlwifi@32C PMIC@50C GPU@30C AO@41C thermal@30.5C POM_5V_IN 1689/1793 POM_5V_GPU 82/89 POM_5V_CPU 164/237
RAM 1384/3964MB (lfb 8x4MB) SWAP 779/6078MB (cached 36MB) IRAM 0/252kB(lfb 252kB) CPU [8%@921,6%@921,off,off] EMC_FREQ 0%@1600 GR3D_FREQ 0%@614 APE 25 PLL@29.5C CPU@31.5C iwlwifi@32C PMIC@50C GPU@29.5C AO@40.5C thermal@30.5C POM_5V_IN 1689/1793 POM_5V_GPU 82/89 POM_5V_CPU 123/237
RAM 1380/3964MB (lfb 8x4MB) SWAP 779/6078MB (cached 36MB) IRAM 0/252kB(lfb 252kB) CPU [8%@921,5%@921,off,off] EMC_FREQ 0%@1600 GR3D_FREQ 0%@614 APE 25 PLL@29.5C CPU@31.5C iwlwifi@32C PMIC@50C GPU@29.5C AO@40.5C thermal@30.75C POM_5V_IN 1689/1793 POM_5V_GPU 82/89 POM_5V_CPU 164/236
RAM 1380/3964MB (lfb 8x4MB) SWAP 779/6078MB (cached 36MB) IRAM 0/252kB(lfb 252kB) CPU [6%@921,7%@921,off,off] EMC_FREQ 0%@1600 GR3D_FREQ 0%@614 APE 25 PLL@29.5C CPU@31.5C iwlwifi@32C PMIC@50C GPU@29.5C AO@41C thermal@30.75C POM_5V_IN 1731/1793 POM_5V_GPU 82/89 POM_5V_CPU 164/236
RAM 1382/3964MB (lfb 8x4MB) SWAP 774/6078MB (cached 36MB) IRAM 0/252kB(lfb 252kB) CPU [8%@921,5%@921,off,off] EMC_FREQ 0%@1600 GR3D_FREQ 0%@614 APE 25 PLL@29.5C CPU@32C iwlwifi@32C PMIC@50C GPU@30C AO@41C thermal@30.75C POM_5V_IN 1772/1793 POM_5V_GPU 82/89 POM_5V_CPU 206/236
RAM 1382/3964MB (lfb 8x4MB) SWAP 774/6078MB (cached 36MB) IRAM 0/252kB(lfb 252kB) CPU [6%@921,8%@921,off,off] EMC_FREQ 0%@1600 GR3D_FREQ 0%@614 APE 25 PLL@29.5C CPU@31.5C iwlwifi@32C PMIC@50C GPU@30C AO@41C thermal@30.25C POM_5V_IN 1728/1793 POM_5V_GPU 82/89 POM_5V_CPU 164/236
RAM 1384/3964MB (lfb 8x4MB) SWAP 774/6078MB (cached 36MB) IRAM 0/252kB(lfb 252kB) CPU [8%@921,5%@921,off,off] EMC_FREQ 0%@1600 GR3D_FREQ 0%@614 APE 25 PLL@29.5C CPU@31.5C iwlwifi@32C PMIC@50C GPU@29.5C AO@41C thermal@30.5C POM_5V_IN 1689/1793 POM_5V_GPU 82/89 POM_5V_CPU 164/236
RAM 1383/3964MB (lfb 8x4MB) SWAP 774/6078MB (cached 36MB) IRAM 0/252kB(lfb 252kB) CPU [8%@921,5%@921,off,off] EMC_FREQ 0%@1600 GR3D_FREQ 0%@614 APE 25 PLL@29.5C CPU@31C iwlwifi@32C PMIC@50C GPU@29.5C AO@41C thermal@30.5C POM_5V_IN 1689/1793 POM_5V_GPU 82/89 POM_5V_CPU 164/236
RAM 1382/3964MB (lfb 8x4MB) SWAP 774/6078MB (cached 36MB) IRAM 0/252kB(lfb 252kB) CPU [8%@921,6%@921,off,off] EMC_FREQ 0%@1600 GR3D_FREQ 0%@614 APE 25 PLL@29.5C CPU@31C iwlwifi@32C PMIC@50C GPU@30C AO@41C thermal@30.25C POM_5V_IN 1689/1793 POM_5V_GPU 82/89 POM_5V_CPU 164/236
RAM 1383/3964MB (lfb 8x4MB) SWAP 774/6078MB (cached 36MB) IRAM 0/252kB(lfb 252kB) CPU [4%@921,9%@921,off,off] EMC_FREQ 0%@1600 GR3D_FREQ 0%@614 APE 25 PLL@29.5C CPU@31.5C iwlwifi@32C PMIC@50C GPU@30C AO@41C thermal@30.5C POM_5V_IN 1689/1793 POM_5V_GPU 82/89 POM_5V_CPU 164/236
RAM 1380/3964MB (lfb 8x4MB) SWAP 774/6078MB (cached 36MB) IRAM 0/252kB(lfb 252kB) CPU [8%@921,5%@921,off,off] EMC_FREQ 0%@1600 GR3D_FREQ 0%@614 APE 25 PLL@29.5C CPU@31.5C iwlwifi@32C PMIC@50C GPU@30C AO@41C thermal@30.5C POM_5V_IN 1689/1792 POM_5V_GPU 82/89 POM_5V_CPU 164/236
RAM 1383/3964MB (lfb 8x4MB) SWAP 774/6078MB (cached 36MB) IRAM 0/252kB(lfb 252kB) CPU [8%@921,5%@921,off,off] EMC_FREQ 0%@1600 GR3D_FREQ 0%@614 APE 25 PLL@29.5C CPU@31C iwlwifi@32C PMIC@50C GPU@29.5C AO@41C thermal@30.5C POM_5V_IN 1689/1792 POM_5V_GPU 82/89 POM_5V_CPU 164/236
RAM 1380/3964MB (lfb 8x4MB) SWAP 774/6078MB (cached 36MB) IRAM 0/252kB(lfb 252kB) CPU [4%@921,8%@921,off,off] EMC_FREQ 0%@1600 GR3D_FREQ 0%@614 APE 25 PLL@29.5C CPU@31.5C iwlwifi@32C PMIC@50C GPU@29.5C AO@41C thermal@30.25C POM_5V_IN 1689/1792 POM_5V_GPU 82/88 POM_5V_CPU 164/236
RAM 1380/3964MB (lfb 8x4MB) SWAP 774/6078MB (cached 36MB) IRAM 0/252kB(lfb 252kB) CPU [7%@921,7%@921,off,off] EMC_FREQ 0%@1600 GR3D_FREQ 0%@614 APE 25 PLL@29.5C CPU@31C iwlwifi@32C PMIC@50C GPU@29.5C AO@41C thermal@30.5C POM_5V_IN 1689/1792 POM_5V_GPU 82/88 POM_5V_CPU 164/236
RAM 1384/3964MB (lfb 8x4MB) SWAP 774/6078MB (cached 36MB) IRAM 0/252kB(lfb 252kB) CPU [8%@921,6%@921,off,off] EMC_FREQ 0%@1600 GR3D_FREQ 0%@614 APE 25 PLL@29.5C CPU@31C iwlwifi@32C PMIC@50C GPU@30C AO@41C thermal@30.75C POM_5V_IN 1689/1792 POM_5V_GPU 82/88 POM_5V_CPU 164/236
RAM 1380/3964MB (lfb 8x4MB) SWAP 774/6078MB (cached 36MB) IRAM 0/252kB(lfb 252kB) CPU [6%@921,8%@921,off,off] EMC_FREQ 0%@1600 GR3D_FREQ 0%@614 APE 25 PLL@29.5C CPU@31.5C iwlwifi@32C PMIC@50C GPU@30C AO@41C thermal@30.5C POM_5V_IN 1689/1792 POM_5V_GPU 82/88 POM_5V_CPU 164/236
RAM 1380/3964MB (lfb 8x4MB) SWAP 774/6078MB (cached 36MB) IRAM 0/252kB(lfb 252kB) CPU [9%@921,4%@921,off,off] EMC_FREQ 0%@1600 GR3D_FREQ 0%@614 APE 25 PLL@29C CPU@31.5C iwlwifi@32C PMIC@50C GPU@30C AO@41C thermal@30.75C POM_5V_IN 1689/1792 POM_5V_GPU 82/88 POM_5V_CPU 164/236
RAM 1382/3964MB (lfb 8x4MB) SWAP 774/6078MB (cached 36MB) IRAM 0/252kB(lfb 252kB) CPU [8%@921,6%@921,off,off] EMC_FREQ 0%@1600 GR3D_FREQ 0%@614 APE 25 PLL@29.5C CPU@31C iwlwifi@32C PMIC@50C GPU@30C AO@41C thermal@30.75C POM_5V_IN 1689/1792 POM_5V_GPU 82/88 POM_5V_CPU 164/236
RAM 1384/3964MB (lfb 8x4MB) SWAP 774/6078MB (cached 36MB) IRAM 0/252kB(lfb 252kB) CPU [6%@921,7%@921,off,off] EMC_FREQ 0%@1600 GR3D_FREQ 0%@614 APE 25 PLL@29.5C CPU@31.5C iwlwifi@32C PMIC@50C GPU@30C AO@41C thermal@30.5C POM_5V_IN 1731/1792 POM_5V_GPU 82/88 POM_5V_CPU 164/236
RAM 1383/3964MB (lfb 8x4MB) SWAP 774/6078MB (cached 36MB) IRAM 0/252kB(lfb 252kB) CPU [9%@921,5%@921,off,off] EMC_FREQ 0%@1600 GR3D_FREQ 0%@614 APE 25 PLL@29.5C CPU@31.5C iwlwifi@32C PMIC@50C GPU@29.5C AO@41C thermal@30.5C POM_5V_IN 1689/1792 POM_5V_GPU 82/88 POM_5V_CPU 164/236
RAM 1382/3964MB (lfb 8x4MB) SWAP 774/6078MB (cached 36MB) IRAM 0/252kB(lfb 252kB) CPU [6%@921,7%@921,off,off] EMC_FREQ 0%@1600 GR3D_FREQ 0%@614 APE 25 PLL@30C CPU@31.5C iwlwifi@32C PMIC@50C GPU@30C AO@41C thermal@30.5C POM_5V_IN 1689/1792 POM_5V_GPU 82/88 POM_5V_CPU 164/236
RAM 1382/3964MB (lfb 8x4MB) SWAP 774/6078MB (cached 36MB) IRAM 0/252kB(lfb 252kB) CPU [8%@921,6%@921,off,off] EMC_FREQ 0%@1600 GR3D_FREQ 0%@614 APE 25 PLL@29.5C CPU@31C iwlwifi@32C PMIC@50C GPU@29.5C AO@40.5C thermal@30.5C POM_5V_IN 1689/1792 POM_5V_GPU 82/88 POM_5V_CPU 164/236
RAM 1384/3964MB (lfb 8x4MB) SWAP 774/6078MB (cached 36MB) IRAM 0/252kB(lfb 252kB) CPU [7%@921,7%@921,off,off] EMC_FREQ 0%@1600 GR3D_FREQ 0%@614 APE 25 PLL@29.5C CPU@31.5C iwlwifi@32C PMIC@50C GPU@30C AO@41C thermal@30.5C POM_5V_IN 1689/1792 POM_5V_GPU 82/88 POM_5V_CPU 123/236
RAM 1382/3964MB (lfb 8x4MB) SWAP 774/6078MB (cached 36MB) IRAM 0/252kB(lfb 252kB) CPU [9%@921,5%@921,off,off] EMC_FREQ 0%@1600 GR3D_FREQ 0%@614 APE 25 PLL@29.5C CPU@31.5C iwlwifi@32C PMIC@50C GPU@29.5C AO@40.5C thermal@30.5C POM_5V_IN 1689/1792 POM_5V_GPU 82/88 POM_5V_CPU 164/236
RAM 1382/3964MB (lfb 8x4MB) SWAP 774/6078MB (cached 36MB) IRAM 0/252kB(lfb 252kB) CPU [6%@921,7%@921,off,off] EMC_FREQ 0%@1600 GR3D_FREQ 0%@614 APE 25 PLL@29.5C CPU@31C iwlwifi@32C PMIC@50C GPU@29.5C AO@41C thermal@30.5C POM_5V_IN 1689/1792 POM_5V_GPU 82/88 POM_5V_CPU 164/236
RAM 1384/3964MB (lfb 8x4MB) SWAP 774/6078MB (cached 36MB) IRAM 0/252kB(lfb 252kB) CPU [7%@921,6%@921,off,off] EMC_FREQ 0%@1600 GR3D_FREQ 0%@614 APE 25 PLL@29.5C CPU@31C iwlwifi@32C PMIC@50C GPU@29.5C AO@41C thermal@30.25C POM_5V_IN 1689/1792 POM_5V_GPU 82/88 POM_5V_CPU 164/236
RAM 1384/3964MB (lfb 8x4MB) SWAP 774/6078MB (cached 36MB) IRAM 0/252kB(lfb 252kB) CPU [11%@921,3%@921,off,off] EMC_FREQ 0%@1600 GR3D_FREQ 0%@614 APE 25 PLL@30C CPU@31C iwlwifi@32C PMIC@50C GPU@29.5C AO@41C thermal@30.75C POM_5V_IN 1689/1792 POM_5V_GPU 82/88 POM_5V_CPU 164/235
RAM 1382/3964MB (lfb 8x4MB) SWAP 774/6078MB (cached 36MB) IRAM 0/252kB(lfb 252kB) CPU [8%@921,5%@921,off,off] EMC_FREQ 0%@1600 GR3D_FREQ 0%@614 APE 25 PLL@29.5C CPU@31C iwlwifi@33C PMIC@50C GPU@29.5C AO@40.5C thermal@30.5C POM_5V_IN 1772/1792 POM_5V_GPU 82/88 POM_5V_CPU 164/235
RAM 1379/3964MB (lfb 8x4MB) SWAP 774/6078MB (cached 36MB) IRAM 0/252kB(lfb 252kB) CPU [5%@921,9%@921,off,off] EMC_FREQ 0%@1600 GR3D_FREQ 0%@614 APE 25 PLL@30C CPU@31C iwlwifi@32C PMIC@50C GPU@30C AO@40.5C thermal@30.5C POM_5V_IN 1689/1791 POM_5V_GPU 82/88 POM_5V_CPU 164/235
RAM 1380/3964MB (lfb 8x4MB) SWAP 774/6078MB (cached 36MB) IRAM 0/252kB(lfb 252kB) CPU [6%@921,6%@921,off,off] EMC_FREQ 0%@1600 GR3D_FREQ 0%@614 APE 25 PLL@30C CPU@31C iwlwifi@32C PMIC@50C GPU@29.5C AO@40.5C thermal@30.5C POM_5V_IN 1689/1791 POM_5V_GPU 82/88 POM_5V_CPU 164/235
RAM 1386/3964MB (lfb 8x4MB) SWAP 774/6078MB (cached 36MB) IRAM 0/252kB(lfb 252kB) CPU [5%@921,9%@921,off,off] EMC_FREQ 0%@1600 GR3D_FREQ 0%@614 APE 25 PLL@29.5C CPU@31.5C iwlwifi@32C PMIC@50C GPU@29.5C AO@41C thermal@30.5C POM_5V_IN 1689/1791 POM_5V_GPU 82/88 POM_5V_CPU 164/235
RAM 1383/3964MB (lfb 8x4MB) SWAP 774/6078MB (cached 36MB) IRAM 0/252kB(lfb 252kB) CPU [7%@921,5%@921,off,off] EMC_FREQ 0%@1600 GR3D_FREQ 0%@614 APE 25 PLL@30C CPU@31C iwlwifi@32C PMIC@50C GPU@30C AO@41C thermal@30.25C POM_5V_IN 1689/1791 POM_5V_GPU 82/88 POM_5V_CPU 164/235
RAM 1380/3964MB (lfb 8x4MB) SWAP 774/6078MB (cached 36MB) IRAM 0/252kB(lfb 252kB) CPU [8%@921,6%@921,off,off] EMC_FREQ 0%@1600 GR3D_FREQ 0%@614 APE 25 PLL@29.5C CPU@31C iwlwifi@32C PMIC@50C GPU@30C AO@40.5C thermal@30.5C POM_5V_IN 1689/1791 POM_5V_GPU 82/88 POM_5V_CPU 164/235
RAM 1380/3964MB (lfb 8x4MB) SWAP 774/6078MB (cached 36MB) IRAM 0/252kB(lfb 252kB) CPU [7%@921,6%@921,off,off] EMC_FREQ 0%@1600 GR3D_FREQ 0%@614 APE 25 PLL@30C CPU@31C iwlwifi@32C PMIC@50C GPU@29.5C AO@40.5C thermal@30.25C POM_5V_IN 1689/1791 POM_5V_GPU 82/88 POM_5V_CPU 164/235
RAM 1384/3964MB (lfb 8x4MB) SWAP 774/6078MB (cached 36MB) IRAM 0/252kB(lfb 252kB) CPU [7%@921,7%@921,off,off] EMC_FREQ 0%@1600 GR3D_FREQ 0%@614 APE 25 PLL@29.5C CPU@31C iwlwifi@32C PMIC@50C GPU@30C AO@41C thermal@30.25C POM_5V_IN 1689/1791 POM_5V_GPU 82/88 POM_5V_CPU 164/235
RAM 1384/3964MB (lfb 8x4MB) SWAP 774/6078MB (cached 36MB) IRAM 0/252kB(lfb 252kB) CPU [5%@921,8%@921,off,off] EMC_FREQ 0%@1600 GR3D_FREQ 0%@614 APE 25 PLL@30C CPU@31C iwlwifi@32C PMIC@50C GPU@30C AO@40.5C thermal@30.5C POM_5V_IN 1689/1791 POM_5V_GPU 82/88 POM_5V_CPU 164/235
RAM 1382/3964MB (lfb 8x4MB) SWAP 774/6078MB (cached 36MB) IRAM 0/252kB(lfb 252kB) CPU [6%@921,8%@921,off,off] EMC_FREQ 0%@1600 GR3D_FREQ 0%@614 APE 25 PLL@29.5C CPU@31C iwlwifi@32C PMIC@50C GPU@30C AO@41C thermal@30.25C POM_5V_IN 1689/1791 POM_5V_GPU 82/88 POM_5V_CPU 123/235
RAM 1384/3964MB (lfb 8x4MB) SWAP 774/6078MB (cached 36MB) IRAM 0/252kB(lfb 252kB) CPU [4%@921,9%@921,off,off] EMC_FREQ 0%@1600 GR3D_FREQ 0%@614 APE 25 PLL@29.5C CPU@31C iwlwifi@32C PMIC@50C GPU@30C AO@40.5C thermal@30.25C POM_5V_IN 1689/1791 POM_5V_GPU 82/88 POM_5V_CPU 164/235
RAM 1382/3964MB (lfb 8x4MB) SWAP 774/6078MB (cached 36MB) IRAM 0/252kB(lfb 252kB) CPU [8%@921,5%@921,off,off] EMC_FREQ 0%@1600 GR3D_FREQ 0%@614 APE 25 PLL@30C CPU@31C iwlwifi@32C PMIC@50C GPU@29.5C AO@41C thermal@30.5C POM_5V_IN 1689/1791 POM_5V_GPU 82/88 POM_5V_CPU 164/235
RAM 1380/3964MB (lfb 8x4MB) SWAP 774/6078MB (cached 36MB) IRAM 0/252kB(lfb 252kB) CPU [7%@921,6%@921,off,off] EMC_FREQ 0%@1600 GR3D_FREQ 0%@614 APE 25 PLL@29.5C CPU@31.5C iwlwifi@32C PMIC@50C GPU@29.5C AO@40.5C thermal@30.5C POM_5V_IN 1689/1791 POM_5V_GPU 82/88 POM_5V_CPU 164/235
RAM 1380/3964MB (lfb 8x4MB) SWAP 774/6078MB (cached 36MB) IRAM 0/252kB(lfb 252kB) CPU [8%@921,6%@921,off,off] EMC_FREQ 0%@1600 GR3D_FREQ 0%@614 APE 25 PLL@29.5C CPU@31.5C iwlwifi@32C PMIC@50C GPU@30C AO@41C thermal@30.25C POM_5V_IN 1689/1791 POM_5V_GPU 82/88 POM_5V_CPU 164/235
RAM 1382/3964MB (lfb 8x4MB) SWAP 774/6078MB (cached 36MB) IRAM 0/252kB(lfb 252kB) CPU [6%@921,8%@921,off,off] EMC_FREQ 0%@1600 GR3D_FREQ 0%@614 APE 25 PLL@30C CPU@31C iwlwifi@32C PMIC@50C GPU@30C AO@40.5C thermal@30.5C POM_5V_IN 1689/1791 POM_5V_GPU 82/88 POM_5V_CPU 123/235
RAM 1380/3964MB (lfb 8x4MB) SWAP 774/6078MB (cached 36MB) IRAM 0/252kB(lfb 252kB) CPU [4%@921,8%@921,off,off] EMC_FREQ 0%@1600 GR3D_FREQ 0%@614 APE 25 PLL@29.5C CPU@31C iwlwifi@32C PMIC@50C GPU@29.5C AO@40.5C thermal@30.25C POM_5V_IN 1689/1791 POM_5V_GPU 82/88 POM_5V_CPU 164/235
RAM 1382/3964MB (lfb 8x4MB) SWAP 774/6078MB (cached 36MB) IRAM 0/252kB(lfb 252kB) CPU [7%@921,7%@921,off,off] EMC_FREQ 0%@1600 GR3D_FREQ 0%@614 APE 25 PLL@29.5C CPU@31C iwlwifi@32C PMIC@50C GPU@29.5C AO@40.5C thermal@30.5C POM_5V_IN 1689/1791 POM_5V_GPU 82/88 POM_5V_CPU 123/235
RAM 1384/3964MB (lfb 8x4MB) SWAP 774/6078MB (cached 36MB) IRAM 0/252kB(lfb 252kB) CPU [4%@921,9%@921,off,off] EMC_FREQ 0%@1600 GR3D_FREQ 0%@614 APE 25 PLL@29.5C CPU@31C iwlwifi@32C PMIC@50C GPU@29.5C AO@40.5C thermal@30.25C POM_5V_IN 1689/1791 POM_5V_GPU 82/88 POM_5V_CPU 164/235
RAM 1384/3964MB (lfb 8x4MB) SWAP 774/6078MB (cached 36MB) IRAM 0/252kB(lfb 252kB) CPU [7%@921,6%@921,off,off] EMC_FREQ 0%@1600 GR3D_FREQ 0%@614 APE 25 PLL@29.5C CPU@31C iwlwifi@32C PMIC@50C GPU@29.5C AO@40.5C thermal@30.25C POM_5V_IN 1689/1791 POM_5V_GPU 82/88 POM_5V_CPU 123/235
RAM 1384/3964MB (lfb 8x4MB) SWAP 774/6078MB (cached 36MB) IRAM 0/252kB(lfb 252kB) CPU [6%@921,6%@921,off,off] EMC_FREQ 0%@1600 GR3D_FREQ 0%@614 APE 25 PLL@29.5C CPU@31.5C iwlwifi@32C PMIC@50C GPU@30C AO@40.5C thermal@30.5C POM_5V_IN 1689/1790 POM_5V_GPU 82/88 POM_5V_CPU 123/235
RAM 1384/3964MB (lfb 8x4MB) SWAP 774/6078MB (cached 36MB) IRAM 0/252kB(lfb 252kB) CPU [8%@921,6%@921,off,off] EMC_FREQ 0%@1600 GR3D_FREQ 0%@614 APE 25 PLL@29.5C CPU@31.5C iwlwifi@32C PMIC@50C GPU@30C AO@41C thermal@30.75C POM_5V_IN 1689/1790 POM_5V_GPU 82/88 POM_5V_CPU 164/235
RAM 1382/3964MB (lfb 8x4MB) SWAP 774/6078MB (cached 36MB) IRAM 0/252kB(lfb 252kB) CPU [3%@921,10%@921,off,off] EMC_FREQ 0%@1600 GR3D_FREQ 0%@614 APE 25 PLL@29.5C CPU@31C iwlwifi@32C PMIC@50C GPU@29.5C AO@40.5C thermal@30.75C POM_5V_IN 1689/1790 POM_5V_GPU 82/88 POM_5V_CPU 164/235
RAM 1382/3964MB (lfb 8x4MB) SWAP 774/6078MB (cached 36MB) IRAM 0/252kB(lfb 252kB) CPU [6%@921,7%@921,off,off] EMC_FREQ 0%@1600 GR3D_FREQ 0%@614 APE 25 PLL@29.5C CPU@31C iwlwifi@32C PMIC@50C GPU@30C AO@40.5C thermal@30.5C POM_5V_IN 1689/1790 POM_5V_GPU 82/88 POM_5V_CPU 164/234
RAM 1384/3964MB (lfb 8x4MB) SWAP 774/6078MB (cached 36MB) IRAM 0/252kB(lfb 252kB) CPU [7%@921,6%@921,off,off] EMC_FREQ 0%@1600 GR3D_FREQ 0%@614 APE 25 PLL@29.5C CPU@31C iwlwifi@32C PMIC@50C GPU@30C AO@40.5C thermal@30.25C POM_5V_IN 1731/1790 POM_5V_GPU 82/88 POM_5V_CPU 164/234
RAM 1380/3964MB (lfb 8x4MB) SWAP 774/6078MB (cached 36MB) IRAM 0/252kB(lfb 252kB) CPU [10%@921,3%@921,off,off] EMC_FREQ 0%@1600 GR3D_FREQ 0%@614 APE 25 PLL@29.5C CPU@31C iwlwifi@32C PMIC@50C GPU@30C AO@40.5C thermal@30.5C POM_5V_IN 1689/1790 POM_5V_GPU 82/88 POM_5V_CPU 164/234
RAM 1384/3964MB (lfb 8x4MB) SWAP 774/6078MB (cached 36MB) IRAM 0/252kB(lfb 252kB) CPU [7%@921,6%@921,off,off] EMC_FREQ 0%@1600 GR3D_FREQ 0%@614 APE 25 PLL@29.5C CPU@31C iwlwifi@32C PMIC@50C GPU@30C AO@40.5C thermal@30.25C POM_5V_IN 1689/1790 POM_5V_GPU 82/88 POM_5V_CPU 164/234
RAM 1384/3964MB (lfb 8x4MB) SWAP 774/6078MB (cached 36MB) IRAM 0/252kB(lfb 252kB) CPU [7%@921,6%@921,off,off] EMC_FREQ 0%@1600 GR3D_FREQ 0%@614 APE 25 PLL@29.5C CPU@31C iwlwifi@32C PMIC@50C GPU@29.5C AO@40.5C thermal@30.75C POM_5V_IN 1689/1790 POM_5V_GPU 82/88 POM_5V_CPU 164/234
RAM 1382/3964MB (lfb 8x4MB) SWAP 774/6078MB (cached 36MB) IRAM 0/252kB(lfb 252kB) CPU [4%@921,9%@921,off,off] EMC_FREQ 0%@1600 GR3D_FREQ 0%@614 APE 25 PLL@29.5C CPU@31.5C iwlwifi@32C PMIC@50C GPU@30C AO@41C thermal@30.5C POM_5V_IN 1689/1790 POM_5V_GPU 82/88 POM_5V_CPU 164/234
RAM 1382/3964MB (lfb 8x4MB) SWAP 774/6078MB (cached 36MB) IRAM 0/252kB(lfb 252kB) CPU [7%@921,6%@921,off,off] EMC_FREQ 0%@1600 GR3D_FREQ 0%@614 APE 25 PLL@29.5C CPU@31.5C iwlwifi@32C PMIC@50C GPU@29.5C AO@41C thermal@30.25C POM_5V_IN 1689/1790 POM_5V_GPU 82/88 POM_5V_CPU 164/234
RAM 1382/3964MB (lfb 8x4MB) SWAP 774/6078MB (cached 36MB) IRAM 0/252kB(lfb 252kB) CPU [7%@921,7%@921,off,off] EMC_FREQ 0%@1600 GR3D_FREQ 0%@614 APE 25 PLL@29.5C CPU@31C iwlwifi@32C PMIC@50C GPU@30C AO@40.5C thermal@30.25C POM_5V_IN 1689/1790 POM_5V_GPU 82/88 POM_5V_CPU 164/234
RAM 1380/3964MB (lfb 8x4MB) SWAP 774/6078MB (cached 36MB) IRAM 0/252kB(lfb 252kB) CPU [7%@921,6%@921,off,off] EMC_FREQ 0%@1600 GR3D_FREQ 0%@614 APE 25 PLL@29.5C CPU@31C iwlwifi@32C PMIC@50C GPU@30C AO@40.5C thermal@30.75C POM_5V_IN 1689/1790 POM_5V_GPU 82/88 POM_5V_CPU 123/234
RAM 1380/3964MB (lfb 8x4MB) SWAP 774/6078MB (cached 36MB) IRAM 0/252kB(lfb 252kB) CPU [7%@921,7%@921,off,off] EMC_FREQ 0%@1600 GR3D_FREQ 0%@614 APE 25 PLL@29.5C CPU@31.5C iwlwifi@32C PMIC@50C GPU@29.5C AO@40C thermal@30.75C POM_5V_IN 1689/1790 POM_5V_GPU 82/88 POM_5V_CPU 164/234
RAM 1382/3964MB (lfb 8x4MB) SWAP 774/6078MB (cached 36MB) IRAM 0/252kB(lfb 252kB) CPU [6%@921,7%@921,off,off] EMC_FREQ 0%@1600 GR3D_FREQ 0%@614 APE 25 PLL@29.5C CPU@31C iwlwifi@32C PMIC@50C GPU@30C AO@40.5C thermal@30.5C POM_5V_IN 1687/1790 POM_5V_GPU 82/88 POM_5V_CPU 164/234
RAM 1384/3964MB (lfb 8x4MB) SWAP 774/6078MB (cached 36MB) IRAM 0/252kB(lfb 252kB) CPU [8%@921,6%@921,off,off] EMC_FREQ 0%@1600 GR3D_FREQ 0%@614 APE 25 PLL@29.5C CPU@31C iwlwifi@32C PMIC@50C GPU@29.5C AO@41C thermal@30.5C POM_5V_IN 1689/1790 POM_5V_GPU 82/88 POM_5V_CPU 164/234
RAM 1382/3964MB (lfb 8x4MB) SWAP 774/6078MB (cached 36MB) IRAM 0/252kB(lfb 252kB) CPU [6%@921,7%@921,off,off] EMC_FREQ 0%@1600 GR3D_FREQ 0%@614 APE 25 PLL@29.5C CPU@31C iwlwifi@32C PMIC@50C GPU@29.5C AO@40.5C thermal@30.5C POM_5V_IN 1689/1790 POM_5V_GPU 82/88 POM_5V_CPU 164/234
RAM 1380/3964MB (lfb 8x4MB) SWAP 774/6078MB (cached 36MB) IRAM 0/252kB(lfb 252kB) CPU [6%@921,7%@921,off,off] EMC_FREQ 0%@1600 GR3D_FREQ 0%@614 APE 25 PLL@30C CPU@31.5C iwlwifi@32C PMIC@50C GPU@29.5C AO@41C thermal@30.25C POM_5V_IN 1689/1790 POM_5V_GPU 82/88 POM_5V_CPU 164/234
RAM 1383/3964MB (lfb 8x4MB) SWAP 774/6078MB (cached 36MB) IRAM 0/252kB(lfb 252kB) CPU [5%@921,8%@921,off,off] EMC_FREQ 0%@1600 GR3D_FREQ 0%@614 APE 25 PLL@29.5C CPU@31.5C iwlwifi@32C PMIC@50C GPU@29.5C AO@40.5C thermal@30.75C POM_5V_IN 1689/1790 POM_5V_GPU 82/88 POM_5V_CPU 164/234
RAM 1382/3964MB (lfb 8x4MB) SWAP 774/6078MB (cached 36MB) IRAM 0/252kB(lfb 252kB) CPU [6%@921,7%@921,off,off] EMC_FREQ 0%@1600 GR3D_FREQ 0%@614 APE 25 PLL@30C CPU@31C iwlwifi@32C PMIC@50C GPU@29.5C AO@40.5C thermal@30.25C POM_5V_IN 1689/1789 POM_5V_GPU 82/88 POM_5V_CPU 164/234
RAM 1384/3964MB (lfb 8x4MB) SWAP 774/6078MB (cached 36MB) IRAM 0/252kB(lfb 252kB) CPU [5%@921,8%@921,off,off] EMC_FREQ 0%@1600 GR3D_FREQ 0%@614 APE 25 PLL@30C CPU@31.5C iwlwifi@32C PMIC@50C GPU@29.5C AO@40.5C thermal@30.25C POM_5V_IN 1689/1789 POM_5V_GPU 82/88 POM_5V_CPU 164/234
RAM 1384/3964MB (lfb 8x4MB) SWAP 774/6078MB (cached 36MB) IRAM 0/252kB(lfb 252kB) CPU [7%@921,7%@921,off,off] EMC_FREQ 0%@1600 GR3D_FREQ 0%@614 APE 25 PLL@29.5C CPU@31C iwlwifi@32C PMIC@50C GPU@30C AO@41C thermal@30.5C POM_5V_IN 1689/1789 POM_5V_GPU 82/88 POM_5V_CPU 123/234
RAM 1380/3964MB (lfb 8x4MB) SWAP 774/6078MB (cached 36MB) IRAM 0/252kB(lfb 252kB) CPU [8%@921,4%@921,off,off] EMC_FREQ 0%@1600 GR3D_FREQ 0%@614 APE 25 PLL@29.5C CPU@31C iwlwifi@32C PMIC@50C GPU@30C AO@40.5C thermal@30.25C POM_5V_IN 1689/1789 POM_5V_GPU 82/88 POM_5V_CPU 164/234
RAM 1384/3964MB (lfb 8x4MB) SWAP 774/6078MB (cached 36MB) IRAM 0/252kB(lfb 252kB) CPU [8%@921,6%@921,off,off] EMC_FREQ 0%@1600 GR3D_FREQ 0%@614 APE 25 PLL@30C CPU@31C iwlwifi@32C PMIC@50C GPU@30C AO@40.5C thermal@30.25C POM_5V_IN 1689/1789 POM_5V_GPU 82/88 POM_5V_CPU 164/234
RAM 1380/3964MB (lfb 8x4MB) SWAP 774/6078MB (cached 36MB) IRAM 0/252kB(lfb 252kB) CPU [6%@921,7%@921,off,off] EMC_FREQ 0%@1600 GR3D_FREQ 0%@614 APE 25 PLL@30C CPU@31.5C iwlwifi@32C PMIC@50C GPU@30C AO@40.5C thermal@30.25C POM_5V_IN 1689/1789 POM_5V_GPU 82/88 POM_5V_CPU 164/234
RAM 1382/3964MB (lfb 8x4MB) SWAP 774/6078MB (cached 36MB) IRAM 0/252kB(lfb 252kB) CPU [8%@921,6%@921,off,off] EMC_FREQ 0%@1600 GR3D_FREQ 0%@614 APE 25 PLL@30C CPU@31C iwlwifi@32C PMIC@50C GPU@30C AO@41C thermal@30.5C POM_5V_IN 1689/1789 POM_5V_GPU 82/88 POM_5V_CPU 164/234
RAM 1386/3964MB (lfb 8x4MB) SWAP 774/6078MB (cached 36MB) IRAM 0/252kB(lfb 252kB) CPU [6%@921,7%@921,off,off] EMC_FREQ 0%@1600 GR3D_FREQ 0%@614 APE 25 PLL@29.5C CPU@31C iwlwifi@32C PMIC@50C GPU@29.5C AO@41C thermal@30.5C POM_5V_IN 1689/1789 POM_5V_GPU 82/88 POM_5V_CPU 123/234
RAM 1382/3964MB (lfb 8x4MB) SWAP 774/6078MB (cached 36MB) IRAM 0/252kB(lfb 252kB) CPU [7%@921,6%@921,off,off] EMC_FREQ 0%@1600 GR3D_FREQ 0%@614 APE 25 PLL@29.5C CPU@31C iwlwifi@33C PMIC@50C GPU@30C AO@40.5C thermal@30.5C POM_5V_IN 1689/1789 POM_5V_GPU 82/88 POM_5V_CPU 164/234
RAM 1380/3964MB (lfb 8x4MB) SWAP 774/6078MB (cached 36MB) IRAM 0/252kB(lfb 252kB) CPU [9%@921,5%@921,off,off] EMC_FREQ 0%@1600 GR3D_FREQ 0%@614 APE 25 PLL@29.5C CPU@31C iwlwifi@32C PMIC@50C GPU@30C AO@40.5C thermal@30.5C POM_5V_IN 1931/1789 POM_5V_GPU 82/88 POM_5V_CPU 328/234
RAM 1380/3964MB (lfb 8x4MB) SWAP 774/6078MB (cached 36MB) IRAM 0/252kB(lfb 252kB) CPU [7%@921,7%@921,off,off] EMC_FREQ 0%@1600 GR3D_FREQ 0%@614 APE 25 PLL@29.5C CPU@31C iwlwifi@32C PMIC@50C GPU@29.5C AO@40.5C thermal@30.75C POM_5V_IN 1731/1789 POM_5V_GPU 82/88 POM_5V_CPU 164/234
RAM 1386/3964MB (lfb 8x4MB) SWAP 774/6078MB (cached 36MB) IRAM 0/252kB(lfb 252kB) CPU [6%@921,8%@921,off,off] EMC_FREQ 0%@1600 GR3D_FREQ 0%@614 APE 25 PLL@29.5C CPU@31C iwlwifi@32C PMIC@50C GPU@30C AO@40.5C thermal@30.5C POM_5V_IN 1689/1789 POM_5V_GPU 82/88 POM_5V_CPU 164/233
RAM 1382/3964MB (lfb 8x4MB) SWAP 774/6078MB (cached 36MB) IRAM 0/252kB(lfb 252kB) CPU [4%@921,9%@921,off,off] EMC_FREQ 0%@1600 GR3D_FREQ 0%@614 APE 25 PLL@30C CPU@31C iwlwifi@32C PMIC@50C GPU@29.5C AO@40.5C thermal@30.25C POM_5V_IN 1689/1789 POM_5V_GPU 82/88 POM_5V_CPU 164/233
RAM 1380/3964MB (lfb 8x4MB) SWAP 774/6078MB (cached 36MB) IRAM 0/252kB(lfb 252kB) CPU [8%@921,6%@921,off,off] EMC_FREQ 0%@1600 GR3D_FREQ 0%@614 APE 25 PLL@29.5C CPU@31C iwlwifi@32C PMIC@50C GPU@30C AO@40.5C thermal@30.25C POM_5V_IN 1728/1789 POM_5V_GPU 82/88 POM_5V_CPU 164/233
RAM 1382/3964MB (lfb 8x4MB) SWAP 774/6078MB (cached 36MB) IRAM 0/252kB(lfb 252kB) CPU [9%@921,5%@921,off,off] EMC_FREQ 0%@1600 GR3D_FREQ 0%@614 APE 25 PLL@29.5C CPU@31C iwlwifi@32C PMIC@50C GPU@29.5C AO@40.5C thermal@30.5C POM_5V_IN 1689/1789 POM_5V_GPU 82/88 POM_5V_CPU 164/233
RAM 1382/3964MB (lfb 8x4MB) SWAP 774/6078MB (cached 36MB) IRAM 0/252kB(lfb 252kB) CPU [6%@921,8%@921,off,off] EMC_FREQ 0%@1600 GR3D_FREQ 0%@614 APE 25 PLL@29.5C CPU@31C iwlwifi@32C PMIC@50C GPU@29.5C AO@40.5C thermal@30.25C POM_5V_IN 1689/1789 POM_5V_GPU 82/88 POM_5V_CPU 164/233
RAM 1380/3964MB (lfb 8x4MB) SWAP 774/6078MB (cached 36MB) IRAM 0/252kB(lfb 252kB) CPU [10%@921,3%@921,off,off] EMC_FREQ 0%@1600 GR3D_FREQ 0%@614 APE 25 PLL@30C CPU@31C iwlwifi@32C PMIC@50C GPU@30C AO@40.5C thermal@30.5C POM_5V_IN 1689/1789 POM_5V_GPU 82/88 POM_5V_CPU 123/233
RAM 1401/3964MB (lfb 8x4MB) SWAP 774/6078MB (cached 36MB) IRAM 0/252kB(lfb 252kB) CPU [7%@921,9%@921,off,off] EMC_FREQ 0%@1600 GR3D_FREQ 0%@614 APE 25 PLL@29.5C CPU@31C iwlwifi@32C PMIC@50C GPU@30.5C AO@40.5C thermal@30.5C POM_5V_IN 1689/1789 POM_5V_GPU 82/88 POM_5V_CPU 123/233
RAM 1393/3964MB (lfb 8x4MB) SWAP 774/6078MB (cached 36MB) IRAM 0/252kB(lfb 252kB) CPU [6%@921,10%@921,off,off] EMC_FREQ 0%@1600 GR3D_FREQ 0%@614 APE 25 PLL@29.5C CPU@31C iwlwifi@32C PMIC@50C GPU@29.5C AO@41C thermal@30.25C POM_5V_IN 1689/1789 POM_5V_GPU 82/88 POM_5V_CPU 164/233
RAM 1380/3964MB (lfb 8x4MB) SWAP 774/6078MB (cached 36MB) IRAM 0/252kB(lfb 252kB) CPU [5%@921,9%@921,off,off] EMC_FREQ 0%@1600 GR3D_FREQ 0%@614 APE 25 PLL@29.5C CPU@31C iwlwifi@32C PMIC@50C GPU@30C AO@40.5C thermal@30.25C POM_5V_IN 1851/1789 POM_5V_GPU 82/88 POM_5V_CPU 288/233
RAM 1384/3964MB (lfb 8x4MB) SWAP 774/6078MB (cached 36MB) IRAM 0/252kB(lfb 252kB) CPU [7%@921,5%@921,off,off] EMC_FREQ 0%@1600 GR3D_FREQ 0%@614 APE 25 PLL@29.5C CPU@31C iwlwifi@32C PMIC@50C GPU@30C AO@40.5C thermal@30.5C POM_5V_IN 1689/1789 POM_5V_GPU 82/88 POM_5V_CPU 164/233
RAM 1383/3964MB (lfb 8x4MB) SWAP 774/6078MB (cached 36MB) IRAM 0/252kB(lfb 252kB) CPU [8%@921,6%@921,off,off] EMC_FREQ 0%@1600 GR3D_FREQ 0%@614 APE 25 PLL@29.5C CPU@31.5C iwlwifi@32C PMIC@50C GPU@30C AO@40.5C thermal@30.5C POM_5V_IN 1687/1789 POM_5V_GPU 82/88 POM_5V_CPU 164/233
RAM 1386/3964MB (lfb 8x4MB) SWAP 774/6078MB (cached 36MB) IRAM 0/252kB(lfb 252kB) CPU [6%@921,7%@921,off,off] EMC_FREQ 0%@1600 GR3D_FREQ 0%@614 APE 25 PLL@29.5C CPU@31C iwlwifi@32C PMIC@50C GPU@30C AO@40.5C thermal@30.5C POM_5V_IN 1687/1789 POM_5V_GPU 82/88 POM_5V_CPU 164/233
RAM 1381/3964MB (lfb 8x4MB) SWAP 774/6078MB (cached 36MB) IRAM 0/252kB(lfb 252kB) CPU [10%@921,4%@921,off,off] EMC_FREQ 0%@1600 GR3D_FREQ 0%@614 APE 25 PLL@30C CPU@31C iwlwifi@32C PMIC@50C GPU@30C AO@40.5C thermal@30.25C POM_5V_IN 1972/1789 POM_5V_GPU 82/88 POM_5V_CPU 369/233
RAM 1384/3964MB (lfb 8x4MB) SWAP 774/6078MB (cached 36MB) IRAM 0/252kB(lfb 252kB) CPU [4%@921,8%@921,off,off] EMC_FREQ 0%@1600 GR3D_FREQ 0%@614 APE 25 PLL@29.5C CPU@31.5C iwlwifi@32C PMIC@50C GPU@30C AO@40.5C thermal@30.5C POM_5V_IN 1689/1789 POM_5V_GPU 82/88 POM_5V_CPU 164/233
RAM 1384/3964MB (lfb 8x4MB) SWAP 774/6078MB (cached 36MB) IRAM 0/252kB(lfb 252kB) CPU [6%@921,7%@921,off,off] EMC_FREQ 0%@1600 GR3D_FREQ 0%@614 APE 25 PLL@30C CPU@31C iwlwifi@32C PMIC@50C GPU@30C AO@41C thermal@30.5C POM_5V_IN 1689/1789 POM_5V_GPU 82/88 POM_5V_CPU 164/233
RAM 1380/3964MB (lfb 8x4MB) SWAP 774/6078MB (cached 36MB) IRAM 0/252kB(lfb 252kB) CPU [7%@921,7%@921,off,off] EMC_FREQ 0%@1600 GR3D_FREQ 0%@614 APE 25 PLL@29.5C CPU@31C iwlwifi@32C PMIC@50C GPU@30C AO@41C thermal@30.75C POM_5V_IN 1689/1788 POM_5V_GPU 82/88 POM_5V_CPU 164/233
RAM 1380/3964MB (lfb 8x4MB) SWAP 774/6078MB (cached 36MB) IRAM 0/252kB(lfb 252kB) CPU [7%@921,6%@921,off,off] EMC_FREQ 0%@1600 GR3D_FREQ 0%@614 APE 25 PLL@29.5C CPU@31C iwlwifi@33C PMIC@50C GPU@30C AO@40.5C thermal@30.5C POM_5V_IN 1689/1788 POM_5V_GPU 82/88 POM_5V_CPU 164/233
RAM 1382/3964MB (lfb 8x4MB) SWAP 774/6078MB (cached 36MB) IRAM 0/252kB(lfb 252kB) CPU [8%@921,5%@921,off,off] EMC_FREQ 0%@1600 GR3D_FREQ 0%@614 APE 25 PLL@29.5C CPU@31C iwlwifi@32C PMIC@50C GPU@30C AO@41C thermal@30.75C POM_5V_IN 1689/1788 POM_5V_GPU 82/88 POM_5V_CPU 164/233
RAM 1380/3964MB (lfb 8x4MB) SWAP 774/6078MB (cached 36MB) IRAM 0/252kB(lfb 252kB) CPU [7%@921,5%@921,off,off] EMC_FREQ 0%@1600 GR3D_FREQ 0%@614 APE 25 PLL@29.5C CPU@31C iwlwifi@32C PMIC@50C GPU@30C AO@40.5C thermal@30.5C POM_5V_IN 1731/1788 POM_5V_GPU 82/88 POM_5V_CPU 164/233
RAM 1382/3964MB (lfb 8x4MB) SWAP 774/6078MB (cached 36MB) IRAM 0/252kB(lfb 252kB) CPU [9%@921,5%@921,off,off] EMC_FREQ 0%@1600 GR3D_FREQ 0%@614 APE 25 PLL@29.5C CPU@31C iwlwifi@32C PMIC@50C GPU@29.5C AO@40.5C thermal@30.5C POM_5V_IN 1689/1788 POM_5V_GPU 82/88 POM_5V_CPU 164/233
RAM 1382/3964MB (lfb 8x4MB) SWAP 774/6078MB (cached 36MB) IRAM 0/252kB(lfb 252kB) CPU [7%@921,6%@921,off,off] EMC_FREQ 0%@1600 GR3D_FREQ 0%@614 APE 25 PLL@29.5C CPU@31.5C iwlwifi@32C PMIC@50C GPU@30C AO@41C thermal@30.25C POM_5V_IN 1689/1788 POM_5V_GPU 82/88 POM_5V_CPU 164/233
RAM 1384/3964MB (lfb 8x4MB) SWAP 774/6078MB (cached 36MB) IRAM 0/252kB(lfb 252kB) CPU [7%@921,7%@921,off,off] EMC_FREQ 0%@1600 GR3D_FREQ 0%@614 APE 25 PLL@29.5C CPU@31.5C iwlwifi@32C PMIC@50C GPU@29.5C AO@40.5C thermal@30.75C POM_5V_IN 1689/1788 POM_5V_GPU 82/88 POM_5V_CPU 164/233
RAM 1384/3964MB (lfb 8x4MB) SWAP 774/6078MB (cached 36MB) IRAM 0/252kB(lfb 252kB) CPU [5%@921,8%@921,off,off] EMC_FREQ 0%@1600 GR3D_FREQ 0%@614 APE 25 PLL@29.5C CPU@31C iwlwifi@32C PMIC@50C GPU@29.5C AO@40.5C thermal@30.75C POM_5V_IN 1689/1788 POM_5V_GPU 82/88 POM_5V_CPU 164/233
RAM 1382/3964MB (lfb 8x4MB) SWAP 774/6078MB (cached 36MB) IRAM 0/252kB(lfb 252kB) CPU [5%@921,9%@921,off,off] EMC_FREQ 0%@1600 GR3D_FREQ 0%@614 APE 25 PLL@29.5C CPU@31C iwlwifi@32C PMIC@50C GPU@29.5C AO@41C thermal@30.5C POM_5V_IN 1689/1788 POM_5V_GPU 82/88 POM_5V_CPU 164/233
RAM 1380/3964MB (lfb 8x4MB) SWAP 774/6078MB (cached 36MB) IRAM 0/252kB(lfb 252kB) CPU [7%@921,6%@921,off,off] EMC_FREQ 0%@1600 GR3D_FREQ 0%@614 APE 25 PLL@29.5C CPU@31.5C iwlwifi@32C PMIC@50C GPU@29.5C AO@41C thermal@30.5C POM_5V_IN 1689/1788 POM_5V_GPU 82/88 POM_5V_CPU 164/233
RAM 1381/3964MB (lfb 8x4MB) SWAP 774/6078MB (cached 36MB) IRAM 0/252kB(lfb 252kB) CPU [6%@921,7%@921,off,off] EMC_FREQ 0%@1600 GR3D_FREQ 0%@614 APE 25 PLL@30C CPU@31C iwlwifi@32C PMIC@50C GPU@30C AO@41C thermal@30.5C POM_5V_IN 1689/1788 POM_5V_GPU 82/88 POM_5V_CPU 164/233
RAM 1382/3964MB (lfb 8x4MB) SWAP 774/6078MB (cached 36MB) IRAM 0/252kB(lfb 252kB) CPU [7%@921,6%@921,off,off] EMC_FREQ 0%@1600 GR3D_FREQ 0%@614 APE 25 PLL@29.5C CPU@31C iwlwifi@32C PMIC@50C GPU@30C AO@40.5C thermal@30.75C POM_5V_IN 1689/1788 POM_5V_GPU 82/88 POM_5V_CPU 164/233
RAM 1381/3964MB (lfb 8x4MB) SWAP 774/6078MB (cached 36MB) IRAM 0/252kB(lfb 252kB) CPU [10%@921,4%@921,off,off] EMC_FREQ 0%@1600 GR3D_FREQ 0%@614 APE 25 PLL@29.5C CPU@31.5C iwlwifi@32C PMIC@50C GPU@29.5C AO@40.5C thermal@30.75C POM_5V_IN 1689/1788 POM_5V_GPU 82/88 POM_5V_CPU 164/233
RAM 1382/3964MB (lfb 8x4MB) SWAP 774/6078MB (cached 36MB) IRAM 0/252kB(lfb 252kB) CPU [6%@921,6%@921,off,off] EMC_FREQ 0%@1600 GR3D_FREQ 0%@614 APE 25 PLL@29.5C CPU@31.5C iwlwifi@32C PMIC@50C GPU@30C AO@40.5C thermal@30.5C POM_5V_IN 1689/1788 POM_5V_GPU 82/88 POM_5V_CPU 123/233
RAM 1384/3964MB (lfb 8x4MB) SWAP 774/6078MB (cached 36MB) IRAM 0/252kB(lfb 252kB) CPU [8%@921,5%@921,off,off] EMC_FREQ 0%@1600 GR3D_FREQ 0%@614 APE 25 PLL@29.5C CPU@31C iwlwifi@32C PMIC@50C GPU@30C AO@41C thermal@30.25C POM_5V_IN 1689/1788 POM_5V_GPU 82/88 POM_5V_CPU 123/232
RAM 1382/3964MB (lfb 8x4MB) SWAP 774/6078MB (cached 36MB) IRAM 0/252kB(lfb 252kB) CPU [5%@921,8%@921,off,off] EMC_FREQ 0%@1600 GR3D_FREQ 0%@614 APE 25 PLL@29.5C CPU@31C iwlwifi@32C PMIC@50C GPU@30C AO@40.5C thermal@30.25C POM_5V_IN 1689/1788 POM_5V_GPU 82/88 POM_5V_CPU 164/232
RAM 1380/3964MB (lfb 8x4MB) SWAP 774/6078MB (cached 36MB) IRAM 0/252kB(lfb 252kB) CPU [5%@921,8%@921,off,off] EMC_FREQ 0%@1600 GR3D_FREQ 0%@614 APE 25 PLL@29C CPU@31C iwlwifi@32C PMIC@50C GPU@29.5C AO@40.5C thermal@30.5C POM_5V_IN 1689/1788 POM_5V_GPU 82/88 POM_5V_CPU 164/232
RAM 1381/3964MB (lfb 8x4MB) SWAP 774/6078MB (cached 36MB) IRAM 0/252kB(lfb 252kB) CPU [9%@921,5%@921,off,off] EMC_FREQ 0%@1600 GR3D_FREQ 0%@614 APE 25 PLL@29.5C CPU@31.5C iwlwifi@33C PMIC@50C GPU@29.5C AO@41C thermal@30.5C POM_5V_IN 1689/1788 POM_5V_GPU 82/88 POM_5V_CPU 164/232
RAM 1382/3964MB (lfb 8x4MB) SWAP 774/6078MB (cached 36MB) IRAM 0/252kB(lfb 252kB) CPU [5%@921,8%@921,off,off] EMC_FREQ 0%@1600 GR3D_FREQ 0%@614 APE 25 PLL@29.5C CPU@31.5C iwlwifi@32C PMIC@50C GPU@29.5C AO@40.5C thermal@30.5C POM_5V_IN 1689/1788 POM_5V_GPU 82/88 POM_5V_CPU 164/232
RAM 1385/3964MB (lfb 8x4MB) SWAP 774/6078MB (cached 36MB) IRAM 0/252kB(lfb 252kB) CPU [8%@921,6%@921,off,off] EMC_FREQ 0%@1600 GR3D_FREQ 0%@614 APE 25 PLL@30C CPU@31C iwlwifi@32C PMIC@50C GPU@29.5C AO@41C thermal@30.75C POM_5V_IN 1731/1787 POM_5V_GPU 82/88 POM_5V_CPU 164/232
RAM 1384/3964MB (lfb 8x4MB) SWAP 774/6078MB (cached 36MB) IRAM 0/252kB(lfb 252kB) CPU [7%@921,6%@921,off,off] EMC_FREQ 0%@1600 GR3D_FREQ 0%@614 APE 25 PLL@29.5C CPU@31.5C iwlwifi@32C PMIC@50C GPU@29.5C AO@41C thermal@30.25C POM_5V_IN 1772/1787 POM_5V_GPU 82/88 POM_5V_CPU 206/232
RAM 1382/3964MB (lfb 8x4MB) SWAP 774/6078MB (cached 36MB) IRAM 0/252kB(lfb 252kB) CPU [8%@921,6%@921,off,off] EMC_FREQ 0%@1600 GR3D_FREQ 0%@614 APE 25 PLL@29.5C CPU@31.5C iwlwifi@32C PMIC@50C GPU@29.5C AO@41C thermal@30.75C POM_5V_IN 1689/1787 POM_5V_GPU 82/88 POM_5V_CPU 123/232
RAM 1382/3964MB (lfb 8x4MB) SWAP 774/6078MB (cached 36MB) IRAM 0/252kB(lfb 252kB) CPU [5%@921,8%@921,off,off] EMC_FREQ 0%@1600 GR3D_FREQ 0%@614 APE 25 PLL@29.5C CPU@31C iwlwifi@32C PMIC@50C GPU@29.5C AO@41C thermal@30.25C POM_5V_IN 1687/1787 POM_5V_GPU 82/88 POM_5V_CPU 164/232
RAM 1384/3964MB (lfb 8x4MB) SWAP 774/6078MB (cached 36MB) IRAM 0/252kB(lfb 252kB) CPU [6%@921,7%@921,off,off] EMC_FREQ 0%@1600 GR3D_FREQ 0%@614 APE 25 PLL@29.5C CPU@31C iwlwifi@32C PMIC@50C GPU@29.5C AO@41C thermal@30.5C POM_5V_IN 1689/1787 POM_5V_GPU 82/88 POM_5V_CPU 164/232
RAM 1386/3964MB (lfb 8x4MB) SWAP 774/6078MB (cached 36MB) IRAM 0/252kB(lfb 252kB) CPU [8%@921,5%@921,off,off] EMC_FREQ 0%@1600 GR3D_FREQ 0%@614 APE 25 PLL@29.5C CPU@31.5C iwlwifi@32C PMIC@50C GPU@30C AO@40.5C thermal@30.5C POM_5V_IN 1813/1787 POM_5V_GPU 82/88 POM_5V_CPU 205/232
RAM 1384/3964MB (lfb 8x4MB) SWAP 774/6078MB (cached 36MB) IRAM 0/252kB(lfb 252kB) CPU [7%@921,6%@921,off,off] EMC_FREQ 0%@1600 GR3D_FREQ 0%@614 APE 25 PLL@30C CPU@31C iwlwifi@32C PMIC@50C GPU@30C AO@41C thermal@30.25C POM_5V_IN 1689/1787 POM_5V_GPU 82/88 POM_5V_CPU 164/232
RAM 1384/3964MB (lfb 8x4MB) SWAP 774/6078MB (cached 36MB) IRAM 0/252kB(lfb 252kB) CPU [7%@921,6%@921,off,off] EMC_FREQ 0%@1600 GR3D_FREQ 0%@614 APE 25 PLL@29.5C CPU@31C iwlwifi@32C PMIC@50C GPU@30C AO@41C thermal@30.5C POM_5V_IN 1731/1787 POM_5V_GPU 82/88 POM_5V_CPU 164/232
RAM 1384/3964MB (lfb 8x4MB) SWAP 774/6078MB (cached 36MB) IRAM 0/252kB(lfb 252kB) CPU [5%@921,8%@921,off,off] EMC_FREQ 0%@1600 GR3D_FREQ 0%@614 APE 25 PLL@30C CPU@31C iwlwifi@33C PMIC@50C GPU@30C AO@41C thermal@30.75C POM_5V_IN 1689/1787 POM_5V_GPU 82/88 POM_5V_CPU 164/232
RAM 1382/3964MB (lfb 8x4MB) SWAP 774/6078MB (cached 36MB) IRAM 0/252kB(lfb 252kB) CPU [7%@921,6%@921,off,off] EMC_FREQ 0%@1600 GR3D_FREQ 0%@614 APE 25 PLL@30C CPU@31.5C iwlwifi@32C PMIC@50C GPU@29.5C AO@40.5C thermal@30.5C POM_5V_IN 1689/1787 POM_5V_GPU 82/88 POM_5V_CPU 123/232
RAM 1382/3964MB (lfb 8x4MB) SWAP 774/6078MB (cached 36MB) IRAM 0/252kB(lfb 252kB) CPU [9%@921,4%@921,off,off] EMC_FREQ 0%@1600 GR3D_FREQ 0%@614 APE 25 PLL@29.5C CPU@31C iwlwifi@32C PMIC@50C GPU@30C AO@40.5C thermal@30.25C POM_5V_IN 1689/1787 POM_5V_GPU 82/88 POM_5V_CPU 164/232
RAM 1382/3964MB (lfb 8x4MB) SWAP 773/6078MB (cached 36MB) IRAM 0/252kB(lfb 252kB) CPU [6%@921,8%@921,off,off] EMC_FREQ 0%@1600 GR3D_FREQ 0%@614 APE 25 PLL@29.5C CPU@30.5C iwlwifi@33C PMIC@50C GPU@30C AO@40.5C thermal@30.5C POM_5V_IN 1689/1787 POM_5V_GPU 82/88 POM_5V_CPU 164/232
RAM 1380/3964MB (lfb 8x4MB) SWAP 773/6078MB (cached 36MB) IRAM 0/252kB(lfb 252kB) CPU [6%@921,7%@921,off,off] EMC_FREQ 0%@1600 GR3D_FREQ 0%@614 APE 25 PLL@29.5C CPU@31C iwlwifi@32C PMIC@50C GPU@30C AO@40.5C thermal@30.5C POM_5V_IN 1689/1787 POM_5V_GPU 82/88 POM_5V_CPU 164/232
RAM 1382/3964MB (lfb 8x4MB) SWAP 773/6078MB (cached 36MB) IRAM 0/252kB(lfb 252kB) CPU [6%@921,8%@921,off,off] EMC_FREQ 0%@1600 GR3D_FREQ 0%@614 APE 25 PLL@29.5C CPU@31C iwlwifi@32C PMIC@50C GPU@30C AO@40.5C thermal@30.5C POM_5V_IN 1689/1787 POM_5V_GPU 82/88 POM_5V_CPU 164/232
RAM 1380/3964MB (lfb 8x4MB) SWAP 773/6078MB (cached 36MB) IRAM 0/252kB(lfb 252kB) CPU [7%@921,6%@921,off,off] EMC_FREQ 0%@1600 GR3D_FREQ 0%@614 APE 25 PLL@29.5C CPU@31C iwlwifi@32C PMIC@50C GPU@30C AO@40.5C thermal@30.25C POM_5V_IN 1689/1787 POM_5V_GPU 82/88 POM_5V_CPU 164/232
RAM 1384/3964MB (lfb 8x4MB) SWAP 773/6078MB (cached 36MB) IRAM 0/252kB(lfb 252kB) CPU [5%@921,8%@921,off,off] EMC_FREQ 0%@1600 GR3D_FREQ 0%@614 APE 25 PLL@29.5C CPU@31C iwlwifi@32C PMIC@50C GPU@30C AO@40.5C thermal@30.5C POM_5V_IN 1687/1787 POM_5V_GPU 82/88 POM_5V_CPU 164/232
RAM 1383/3964MB (lfb 8x4MB) SWAP 773/6078MB (cached 36MB) IRAM 0/252kB(lfb 252kB) CPU [4%@921,9%@921,off,off] EMC_FREQ 0%@1600 GR3D_FREQ 0%@614 APE 25 PLL@30C CPU@31C iwlwifi@32C PMIC@50C GPU@30C AO@40.5C thermal@30.5C POM_5V_IN 1687/1787 POM_5V_GPU 82/88 POM_5V_CPU 164/232
RAM 1382/3964MB (lfb 8x4MB) SWAP 773/6078MB (cached 36MB) IRAM 0/252kB(lfb 252kB) CPU [9%@921,4%@921,off,off] EMC_FREQ 0%@1600 GR3D_FREQ 0%@614 APE 25 PLL@29.5C CPU@31.5C iwlwifi@32C PMIC@50C GPU@29.5C AO@40.5C thermal@30.5C POM_5V_IN 1689/1787 POM_5V_GPU 82/88 POM_5V_CPU 164/232
RAM 1382/3964MB (lfb 8x4MB) SWAP 773/6078MB (cached 36MB) IRAM 0/252kB(lfb 252kB) CPU [7%@921,6%@921,off,off] EMC_FREQ 0%@1600 GR3D_FREQ 0%@614 APE 25 PLL@29.5C CPU@31C iwlwifi@32C PMIC@50C GPU@29.5C AO@40.5C thermal@30.5C POM_5V_IN 1689/1787 POM_5V_GPU 82/88 POM_5V_CPU 164/232
RAM 1381/3964MB (lfb 8x4MB) SWAP 773/6078MB (cached 36MB) IRAM 0/252kB(lfb 252kB) CPU [9%@921,4%@921,off,off] EMC_FREQ 0%@1600 GR3D_FREQ 0%@614 APE 25 PLL@29.5C CPU@31C iwlwifi@32C PMIC@50C GPU@29.5C AO@40.5C thermal@30.5C POM_5V_IN 1689/1787 POM_5V_GPU 82/88 POM_5V_CPU 164/232
RAM 1386/3964MB (lfb 8x4MB) SWAP 773/6078MB (cached 36MB) IRAM 0/252kB(lfb 252kB) CPU [7%@921,6%@921,off,off] EMC_FREQ 0%@1600 GR3D_FREQ 0%@614 APE 25 PLL@30C CPU@31C iwlwifi@32C PMIC@50C GPU@29.5C AO@41C thermal@30.5C POM_5V_IN 1689/1787 POM_5V_GPU 82/88 POM_5V_CPU 164/232
RAM 1384/3964MB (lfb 8x4MB) SWAP 773/6078MB (cached 36MB) IRAM 0/252kB(lfb 252kB) CPU [6%@921,8%@921,off,off] EMC_FREQ 0%@1600 GR3D_FREQ 0%@614 APE 25 PLL@29.5C CPU@31C iwlwifi@32C PMIC@50C GPU@30C AO@40.5C thermal@30.5C POM_5V_IN 1689/1787 POM_5V_GPU 82/88 POM_5V_CPU 164/232
RAM 1382/3964MB (lfb 8x4MB) SWAP 773/6078MB (cached 36MB) IRAM 0/252kB(lfb 252kB) CPU [9%@921,4%@921,off,off] EMC_FREQ 0%@1600 GR3D_FREQ 0%@614 APE 25 PLL@29.5C CPU@31.5C iwlwifi@32C PMIC@50C GPU@30C AO@40.5C thermal@30.25C POM_5V_IN 1689/1786 POM_5V_GPU 82/88 POM_5V_CPU 164/231
RAM 1380/3964MB (lfb 8x4MB) SWAP 773/6078MB (cached 36MB) IRAM 0/252kB(lfb 252kB) CPU [6%@921,7%@921,off,off] EMC_FREQ 0%@1600 GR3D_FREQ 0%@614 APE 25 PLL@29.5C CPU@31.5C iwlwifi@32C PMIC@50C GPU@30C AO@41C thermal@30.5C POM_5V_IN 1689/1786 POM_5V_GPU 82/88 POM_5V_CPU 164/231
RAM 1384/3964MB (lfb 8x4MB) SWAP 773/6078MB (cached 36MB) IRAM 0/252kB(lfb 252kB) CPU [8%@921,6%@921,off,off] EMC_FREQ 0%@1600 GR3D_FREQ 0%@614 APE 25 PLL@29.5C CPU@31.5C iwlwifi@32C PMIC@50C GPU@30C AO@40.5C thermal@30.5C POM_5V_IN 1731/1786 POM_5V_GPU 82/88 POM_5V_CPU 164/231
RAM 1382/3964MB (lfb 8x4MB) SWAP 773/6078MB (cached 36MB) IRAM 0/252kB(lfb 252kB) CPU [5%@921,8%@921,off,off] EMC_FREQ 0%@1600 GR3D_FREQ 0%@614 APE 25 PLL@29.5C CPU@31.5C iwlwifi@32C PMIC@50C GPU@30C AO@40.5C thermal@30.5C POM_5V_IN 1689/1786 POM_5V_GPU 82/88 POM_5V_CPU 164/231
RAM 1384/3964MB (lfb 8x4MB) SWAP 773/6078MB (cached 36MB) IRAM 0/252kB(lfb 252kB) CPU [5%@921,9%@921,off,off] EMC_FREQ 0%@1600 GR3D_FREQ 0%@614 APE 25 PLL@30C CPU@31.5C iwlwifi@32C PMIC@50C GPU@30C AO@41C thermal@30.5C POM_5V_IN 1731/1786 POM_5V_GPU 82/88 POM_5V_CPU 164/231
RAM 1382/3964MB (lfb 8x4MB) SWAP 773/6078MB (cached 36MB) IRAM 0/252kB(lfb 252kB) CPU [7%@921,5%@921,off,off] EMC_FREQ 0%@1600 GR3D_FREQ 0%@614 APE 25 PLL@29.5C CPU@31C iwlwifi@32C PMIC@50C GPU@29.5C AO@40.5C thermal@30.25C POM_5V_IN 1689/1786 POM_5V_GPU 82/88 POM_5V_CPU 164/231
RAM 1380/3964MB (lfb 8x4MB) SWAP 773/6078MB (cached 36MB) IRAM 0/252kB(lfb 252kB) CPU [5%@921,9%@921,off,off] EMC_FREQ 0%@1600 GR3D_FREQ 0%@614 APE 25 PLL@29.5C CPU@31C iwlwifi@32C PMIC@50C GPU@30C AO@40.5C thermal@30.25C POM_5V_IN 1689/1786 POM_5V_GPU 82/88 POM_5V_CPU 164/231
RAM 1380/3964MB (lfb 8x4MB) SWAP 773/6078MB (cached 36MB) IRAM 0/252kB(lfb 252kB) CPU [6%@921,7%@921,off,off] EMC_FREQ 0%@1600 GR3D_FREQ 0%@614 APE 25 PLL@29.5C CPU@31C iwlwifi@32C PMIC@50C GPU@29.5C AO@41C thermal@30.25C POM_5V_IN 1687/1786 POM_5V_GPU 82/88 POM_5V_CPU 164/231
RAM 1384/3964MB (lfb 8x4MB) SWAP 773/6078MB (cached 36MB) IRAM 0/252kB(lfb 252kB) CPU [8%@921,7%@921,off,off] EMC_FREQ 0%@1600 GR3D_FREQ 0%@614 APE 25 PLL@29.5C CPU@31C iwlwifi@32C PMIC@50C GPU@30C AO@41C thermal@30.5C POM_5V_IN 1689/1786 POM_5V_GPU 82/88 POM_5V_CPU 164/231
RAM 1382/3964MB (lfb 8x4MB) SWAP 773/6078MB (cached 36MB) IRAM 0/252kB(lfb 252kB) CPU [7%@921,6%@921,off,off] EMC_FREQ 0%@1600 GR3D_FREQ 0%@614 APE 25 PLL@29.5C CPU@31C iwlwifi@32C PMIC@50C GPU@30C AO@41C thermal@30.75C POM_5V_IN 1728/1786 POM_5V_GPU 82/88 POM_5V_CPU 164/231
RAM 1381/3964MB (lfb 8x4MB) SWAP 773/6078MB (cached 36MB) IRAM 0/252kB(lfb 252kB) CPU [7%@921,7%@921,off,off] EMC_FREQ 0%@1600 GR3D_FREQ 0%@614 APE 25 PLL@29.5C CPU@31.5C iwlwifi@32C PMIC@50C GPU@30C AO@41C thermal@30.75C POM_5V_IN 1689/1786 POM_5V_GPU 82/88 POM_5V_CPU 164/231
RAM 1381/3964MB (lfb 8x4MB) SWAP 773/6078MB (cached 36MB) IRAM 0/252kB(lfb 252kB) CPU [7%@921,7%@921,off,off] EMC_FREQ 0%@1600 GR3D_FREQ 0%@614 APE 25 PLL@29.5C CPU@31.5C iwlwifi@32C PMIC@50C GPU@30C AO@41C thermal@30.5C POM_5V_IN 1689/1786 POM_5V_GPU 82/88 POM_5V_CPU 164/231
RAM 1380/3964MB (lfb 8x4MB) SWAP 773/6078MB (cached 36MB) IRAM 0/252kB(lfb 252kB) CPU [7%@921,6%@921,off,off] EMC_FREQ 0%@1600 GR3D_FREQ 0%@614 APE 25 PLL@29.5C CPU@31C iwlwifi@32C PMIC@50C GPU@29.5C AO@41C thermal@30.75C POM_5V_IN 1689/1786 POM_5V_GPU 82/88 POM_5V_CPU 164/231
RAM 1380/3964MB (lfb 8x4MB) SWAP 773/6078MB (cached 36MB) IRAM 0/252kB(lfb 252kB) CPU [7%@921,6%@921,off,off] EMC_FREQ 0%@1600 GR3D_FREQ 0%@614 APE 25 PLL@29.5C CPU@31.5C iwlwifi@32C PMIC@50C GPU@29.5C AO@40.5C thermal@30.75C POM_5V_IN 1689/1786 POM_5V_GPU 82/88 POM_5V_CPU 164/231
RAM 1381/3964MB (lfb 8x4MB) SWAP 773/6078MB (cached 36MB) IRAM 0/252kB(lfb 252kB) CPU [8%@921,6%@921,off,off] EMC_FREQ 0%@1600 GR3D_FREQ 0%@614 APE 25 PLL@29.5C CPU@31C iwlwifi@32C PMIC@50C GPU@29.5C AO@40.5C thermal@30.5C POM_5V_IN 1689/1786 POM_5V_GPU 82/88 POM_5V_CPU 164/231
RAM 1380/3964MB (lfb 8x4MB) SWAP 773/6078MB (cached 36MB) IRAM 0/252kB(lfb 252kB) CPU [6%@921,7%@921,off,off] EMC_FREQ 0%@1600 GR3D_FREQ 0%@614 APE 25 PLL@29.5C CPU@31.5C iwlwifi@32C PMIC@50C GPU@29.5C AO@41C thermal@30.5C POM_5V_IN 1731/1786 POM_5V_GPU 82/88 POM_5V_CPU 206/231
RAM 1384/3964MB (lfb 8x4MB) SWAP 773/6078MB (cached 36MB) IRAM 0/252kB(lfb 252kB) CPU [9%@921,5%@921,off,off] EMC_FREQ 0%@1600 GR3D_FREQ 0%@614 APE 25 PLL@30C CPU@31C iwlwifi@32C PMIC@50C GPU@30C AO@40.5C thermal@30.75C POM_5V_IN 1731/1786 POM_5V_GPU 82/88 POM_5V_CPU 164/231
RAM 1384/3964MB (lfb 8x4MB) SWAP 773/6078MB (cached 36MB) IRAM 0/252kB(lfb 252kB) CPU [9%@921,4%@921,off,off] EMC_FREQ 0%@1600 GR3D_FREQ 0%@614 APE 25 PLL@29.5C CPU@31.5C iwlwifi@32C PMIC@50C GPU@29.5C AO@41C thermal@30.25C POM_5V_IN 1689/1786 POM_5V_GPU 82/88 POM_5V_CPU 164/231
RAM 1382/3964MB (lfb 8x4MB) SWAP 773/6078MB (cached 36MB) IRAM 0/252kB(lfb 252kB) CPU [7%@921,7%@921,off,off] EMC_FREQ 0%@1600 GR3D_FREQ 0%@614 APE 25 PLL@29C CPU@31C iwlwifi@32C PMIC@50C GPU@29.5C AO@41C thermal@30.5C POM_5V_IN 1689/1786 POM_5V_GPU 82/88 POM_5V_CPU 164/231
RAM 1385/3964MB (lfb 8x4MB) SWAP 773/6078MB (cached 36MB) IRAM 0/252kB(lfb 252kB) CPU [7%@921,7%@921,off,off] EMC_FREQ 0%@1600 GR3D_FREQ 0%@614 APE 25 PLL@29.5C CPU@31C iwlwifi@32C PMIC@50C GPU@30C AO@40.5C thermal@30.75C POM_5V_IN 1689/1786 POM_5V_GPU 82/88 POM_5V_CPU 164/231
RAM 1380/3964MB (lfb 8x4MB) SWAP 773/6078MB (cached 36MB) IRAM 0/252kB(lfb 252kB) CPU [5%@921,8%@921,off,off] EMC_FREQ 0%@1600 GR3D_FREQ 0%@614 APE 25 PLL@29.5C CPU@31C iwlwifi@32C PMIC@50C GPU@29.5C AO@40.5C thermal@30.25C POM_5V_IN 1689/1786 POM_5V_GPU 82/88 POM_5V_CPU 164/231
RAM 1384/3964MB (lfb 8x4MB) SWAP 773/6078MB (cached 36MB) IRAM 0/252kB(lfb 252kB) CPU [7%@921,7%@921,off,off] EMC_FREQ 0%@1600 GR3D_FREQ 0%@614 APE 25 PLL@29.5C CPU@31C iwlwifi@32C PMIC@50C GPU@29.5C AO@40.5C thermal@30.5C POM_5V_IN 1689/1785 POM_5V_GPU 82/88 POM_5V_CPU 164/231
RAM 1382/3964MB (lfb 8x4MB) SWAP 773/6078MB (cached 36MB) IRAM 0/252kB(lfb 252kB) CPU [5%@921,7%@921,off,off] EMC_FREQ 0%@1600 GR3D_FREQ 0%@614 APE 25 PLL@29.5C CPU@31C iwlwifi@32C PMIC@50C GPU@30C AO@40.5C thermal@30.5C POM_5V_IN 1689/1785 POM_5V_GPU 82/88 POM_5V_CPU 164/231
RAM 1382/3964MB (lfb 8x4MB) SWAP 773/6078MB (cached 36MB) IRAM 0/252kB(lfb 252kB) CPU [7%@921,6%@921,off,off] EMC_FREQ 0%@1600 GR3D_FREQ 0%@614 APE 25 PLL@29.5C CPU@31.5C iwlwifi@32C PMIC@50C GPU@30C AO@40C thermal@30.75C POM_5V_IN 1689/1785 POM_5V_GPU 82/88 POM_5V_CPU 164/231
RAM 1381/3964MB (lfb 8x4MB) SWAP 773/6078MB (cached 36MB) IRAM 0/252kB(lfb 252kB) CPU [6%@921,7%@921,off,off] EMC_FREQ 0%@1600 GR3D_FREQ 0%@614 APE 25 PLL@29.5C CPU@31C iwlwifi@32C PMIC@50C GPU@30C AO@40.5C thermal@30.75C POM_5V_IN 1689/1785 POM_5V_GPU 82/88 POM_5V_CPU 164/231
RAM 1382/3964MB (lfb 8x4MB) SWAP 773/6078MB (cached 36MB) IRAM 0/252kB(lfb 252kB) CPU [7%@921,7%@921,off,off] EMC_FREQ 0%@1600 GR3D_FREQ 0%@614 APE 25 PLL@29.5C CPU@31C iwlwifi@32C PMIC@50C GPU@29.5C AO@41C thermal@30.5C POM_5V_IN 1731/1785 POM_5V_GPU 82/88 POM_5V_CPU 164/231
RAM 1380/3964MB (lfb 8x4MB) SWAP 773/6078MB (cached 36MB) IRAM 0/252kB(lfb 252kB) CPU [8%@921,5%@921,off,off] EMC_FREQ 0%@1600 GR3D_FREQ 0%@614 APE 25 PLL@29.5C CPU@31.5C iwlwifi@32C PMIC@50C GPU@29.5C AO@40C thermal@30.5C POM_5V_IN 1689/1785 POM_5V_GPU 82/88 POM_5V_CPU 164/231
RAM 1380/3964MB (lfb 8x4MB) SWAP 773/6078MB (cached 36MB) IRAM 0/252kB(lfb 252kB) CPU [7%@921,7%@921,off,off] EMC_FREQ 0%@1600 GR3D_FREQ 0%@614 APE 25 PLL@29.5C CPU@31C iwlwifi@32C PMIC@50C GPU@30C AO@40.5C thermal@30.5C POM_5V_IN 1689/1785 POM_5V_GPU 82/88 POM_5V_CPU 164/231
RAM 1384/3964MB (lfb 8x4MB) SWAP 773/6078MB (cached 36MB) IRAM 0/252kB(lfb 252kB) CPU [3%@921,10%@921,off,off] EMC_FREQ 0%@1600 GR3D_FREQ 0%@614 APE 25 PLL@30C CPU@31.5C iwlwifi@32C PMIC@50C GPU@29.5C AO@40.5C thermal@30.75C POM_5V_IN 1689/1785 POM_5V_GPU 82/88 POM_5V_CPU 164/231
RAM 1382/3964MB (lfb 8x4MB) SWAP 773/6078MB (cached 36MB) IRAM 0/252kB(lfb 252kB) CPU [5%@921,8%@921,off,off] EMC_FREQ 0%@1600 GR3D_FREQ 0%@614 APE 25 PLL@29.5C CPU@31C iwlwifi@32C PMIC@50C GPU@30C AO@40.5C thermal@30.75C POM_5V_IN 1772/1785 POM_5V_GPU 82/88 POM_5V_CPU 205/231
RAM 1384/3964MB (lfb 8x4MB) SWAP 773/6078MB (cached 36MB) IRAM 0/252kB(lfb 252kB) CPU [7%@921,6%@921,off,off] EMC_FREQ 0%@1600 GR3D_FREQ 0%@614 APE 25 PLL@29.5C CPU@31.5C iwlwifi@32C PMIC@50C GPU@29.5C AO@41C thermal@30.5C POM_5V_IN 1689/1785 POM_5V_GPU 82/88 POM_5V_CPU 164/230
RAM 1382/3964MB (lfb 8x4MB) SWAP 773/6078MB (cached 36MB) IRAM 0/252kB(lfb 252kB) CPU [6%@921,8%@921,off,off] EMC_FREQ 0%@1600 GR3D_FREQ 0%@614 APE 25 PLL@29.5C CPU@31.5C iwlwifi@32C PMIC@50C GPU@29.5C AO@41C thermal@30.5C POM_5V_IN 1689/1785 POM_5V_GPU 82/88 POM_5V_CPU 164/230
RAM 1382/3964MB (lfb 8x4MB) SWAP 773/6078MB (cached 36MB) IRAM 0/252kB(lfb 252kB) CPU [6%@921,7%@921,off,off] EMC_FREQ 0%@1600 GR3D_FREQ 0%@614 APE 25 PLL@29.5C CPU@31.5C iwlwifi@32C PMIC@50C GPU@29.5C AO@40.5C thermal@30.25C POM_5V_IN 1892/1785 POM_5V_GPU 82/88 POM_5V_CPU 164/230
RAM 1384/3964MB (lfb 8x4MB) SWAP 773/6078MB (cached 36MB) IRAM 0/252kB(lfb 252kB) CPU [8%@921,6%@921,off,off] EMC_FREQ 0%@1600 GR3D_FREQ 0%@614 APE 25 PLL@29.5C CPU@31.5C iwlwifi@32C PMIC@50C GPU@29.5C AO@40.5C thermal@30.75C POM_5V_IN 1689/1785 POM_5V_GPU 82/88 POM_5V_CPU 164/230
RAM 1384/3964MB (lfb 8x4MB) SWAP 773/6078MB (cached 36MB) IRAM 0/252kB(lfb 252kB) CPU [5%@921,8%@921,off,off] EMC_FREQ 0%@1600 GR3D_FREQ 0%@614 APE 25 PLL@29.5C CPU@31.5C iwlwifi@32C PMIC@50C GPU@30C AO@40.5C thermal@30.75C POM_5V_IN 1689/1785 POM_5V_GPU 82/88 POM_5V_CPU 164/230
RAM 1380/3964MB (lfb 8x4MB) SWAP 773/6078MB (cached 36MB) IRAM 0/252kB(lfb 252kB) CPU [7%@921,6%@921,off,off] EMC_FREQ 0%@1600 GR3D_FREQ 0%@614 APE 25 PLL@30C CPU@31.5C iwlwifi@32C PMIC@50C GPU@29.5C AO@40.5C thermal@30.5C POM_5V_IN 1731/1785 POM_5V_GPU 82/88 POM_5V_CPU 164/230
RAM 1382/3964MB (lfb 8x4MB) SWAP 773/6078MB (cached 36MB) IRAM 0/252kB(lfb 252kB) CPU [8%@921,5%@921,off,off] EMC_FREQ 0%@1600 GR3D_FREQ 0%@614 APE 25 PLL@30C CPU@32C iwlwifi@32C PMIC@50C GPU@30C AO@40.5C thermal@30.5C POM_5V_IN 1689/1785 POM_5V_GPU 82/88 POM_5V_CPU 164/230
RAM 1382/3964MB (lfb 8x4MB) SWAP 773/6078MB (cached 36MB) IRAM 0/252kB(lfb 252kB) CPU [5%@921,8%@921,off,off] EMC_FREQ 0%@1600 GR3D_FREQ 0%@614 APE 25 PLL@29.5C CPU@31.5C iwlwifi@32C PMIC@50C GPU@29.5C AO@40.5C thermal@30.5C POM_5V_IN 1731/1785 POM_5V_GPU 82/88 POM_5V_CPU 164/230
RAM 1383/3964MB (lfb 8x4MB) SWAP 773/6078MB (cached 36MB) IRAM 0/252kB(lfb 252kB) CPU [5%@921,8%@921,off,off] EMC_FREQ 0%@1600 GR3D_FREQ 0%@614 APE 25 PLL@29.5C CPU@31.5C iwlwifi@32C PMIC@50C GPU@29.5C AO@41C thermal@30.5C POM_5V_IN 1689/1785 POM_5V_GPU 82/88 POM_5V_CPU 164/230
RAM 1383/3964MB (lfb 8x4MB) SWAP 773/6078MB (cached 36MB) IRAM 0/252kB(lfb 252kB) CPU [7%@921,6%@921,off,off] EMC_FREQ 0%@1600 GR3D_FREQ 0%@614 APE 25 PLL@29.5C CPU@31.5C iwlwifi@33C PMIC@50C GPU@29.5C AO@40.5C thermal@30.5C POM_5V_IN 1689/1785 POM_5V_GPU 82/88 POM_5V_CPU 164/230
RAM 1383/3964MB (lfb 8x4MB) SWAP 773/6078MB (cached 36MB) IRAM 0/252kB(lfb 252kB) CPU [6%@921,7%@921,off,off] EMC_FREQ 0%@1600 GR3D_FREQ 0%@614 APE 25 PLL@29.5C CPU@31.5C iwlwifi@32C PMIC@50C GPU@29.5C AO@40.5C thermal@30.75C POM_5V_IN 1728/1785 POM_5V_GPU 82/88 POM_5V_CPU 164/230
RAM 1381/3964MB (lfb 8x4MB) SWAP 773/6078MB (cached 36MB) IRAM 0/252kB(lfb 252kB) CPU [7%@921,6%@921,off,off] EMC_FREQ 0%@1600 GR3D_FREQ 0%@614 APE 25 PLL@29.5C CPU@31.5C iwlwifi@32C PMIC@50C GPU@29.5C AO@40.5C thermal@30.25C POM_5V_IN 1851/1785 POM_5V_GPU 82/88 POM_5V_CPU 246/230
RAM 1383/3964MB (lfb 8x4MB) SWAP 773/6078MB (cached 36MB) IRAM 0/252kB(lfb 252kB) CPU [9%@921,4%@921,off,off] EMC_FREQ 0%@1600 GR3D_FREQ 0%@614 APE 25 PLL@29.5C CPU@31.5C iwlwifi@32C PMIC@50C GPU@29.5C AO@41C thermal@30.25C POM_5V_IN 1689/1785 POM_5V_GPU 82/88 POM_5V_CPU 164/230
RAM 1383/3964MB (lfb 8x4MB) SWAP 773/6078MB (cached 36MB) IRAM 0/252kB(lfb 252kB) CPU [6%@921,8%@921,off,off] EMC_FREQ 0%@1600 GR3D_FREQ 0%@614 APE 25 PLL@29.5C CPU@31C iwlwifi@32C PMIC@50C GPU@29.5C AO@40.5C thermal@30.5C POM_5V_IN 1689/1785 POM_5V_GPU 82/88 POM_5V_CPU 164/230
RAM 1383/3964MB (lfb 8x4MB) SWAP 773/6078MB (cached 36MB) IRAM 0/252kB(lfb 252kB) CPU [7%@921,6%@921,off,off] EMC_FREQ 0%@1600 GR3D_FREQ 0%@614 APE 25 PLL@29.5C CPU@31C iwlwifi@32C PMIC@50C GPU@29.5C AO@40.5C thermal@30.5C POM_5V_IN 1689/1785 POM_5V_GPU 82/88 POM_5V_CPU 164/230
RAM 1385/3964MB (lfb 8x4MB) SWAP 773/6078MB (cached 36MB) IRAM 0/252kB(lfb 252kB) CPU [10%@921,2%@921,off,off] EMC_FREQ 0%@1600 GR3D_FREQ 0%@614 APE 25 PLL@29.5C CPU@31C iwlwifi@32C PMIC@50C GPU@30C AO@40.5C thermal@30.5C POM_5V_IN 1689/1785 POM_5V_GPU 82/88 POM_5V_CPU 164/230
RAM 1381/3964MB (lfb 8x4MB) SWAP 773/6078MB (cached 36MB) IRAM 0/252kB(lfb 252kB) CPU [5%@921,9%@921,off,off] EMC_FREQ 0%@1600 GR3D_FREQ 0%@614 APE 25 PLL@29.5C CPU@31C iwlwifi@32C PMIC@50C GPU@29.5C AO@41C thermal@30.25C POM_5V_IN 1689/1785 POM_5V_GPU 82/88 POM_5V_CPU 164/230
RAM 1385/3964MB (lfb 8x4MB) SWAP 773/6078MB (cached 36MB) IRAM 0/252kB(lfb 252kB) CPU [6%@921,7%@921,off,off] EMC_FREQ 0%@1600 GR3D_FREQ 0%@614 APE 25 PLL@29.5C CPU@31C iwlwifi@32C PMIC@50C GPU@30C AO@40C thermal@30.5C POM_5V_IN 1731/1785 POM_5V_GPU 82/88 POM_5V_CPU 164/230
RAM 1380/3964MB (lfb 8x4MB) SWAP 773/6078MB (cached 36MB) IRAM 0/252kB(lfb 252kB) CPU [6%@921,7%@921,off,off] EMC_FREQ 0%@1600 GR3D_FREQ 0%@614 APE 25 PLL@30C CPU@31.5C iwlwifi@32C PMIC@50C GPU@30C AO@40.5C thermal@30.5C POM_5V_IN 1689/1784 POM_5V_GPU 82/88 POM_5V_CPU 164/230
RAM 1382/3964MB (lfb 8x4MB) SWAP 773/6078MB (cached 36MB) IRAM 0/252kB(lfb 252kB) CPU [6%@921,7%@921,off,off] EMC_FREQ 0%@1600 GR3D_FREQ 0%@614 APE 25 PLL@29.5C CPU@31C iwlwifi@32C PMIC@50C GPU@29.5C AO@40.5C thermal@30.5C POM_5V_IN 1689/1784 POM_5V_GPU 82/88 POM_5V_CPU 164/230
RAM 1381/3964MB (lfb 8x4MB) SWAP 773/6078MB (cached 36MB) IRAM 0/252kB(lfb 252kB) CPU [7%@921,6%@921,off,off] EMC_FREQ 0%@1600 GR3D_FREQ 0%@614 APE 25 PLL@30C CPU@31C iwlwifi@32C PMIC@50C GPU@29.5C AO@40.5C thermal@30.75C POM_5V_IN 1689/1784 POM_5V_GPU 82/88 POM_5V_CPU 164/230
RAM 1383/3964MB (lfb 8x4MB) SWAP 773/6078MB (cached 36MB) IRAM 0/252kB(lfb 252kB) CPU [8%@921,6%@921,off,off] EMC_FREQ 0%@1600 GR3D_FREQ 0%@614 APE 25 PLL@29.5C CPU@31.5C iwlwifi@32C PMIC@50C GPU@29.5C AO@40.5C thermal@30.25C POM_5V_IN 1689/1784 POM_5V_GPU 82/88 POM_5V_CPU 123/230
RAM 1383/3964MB (lfb 8x4MB) SWAP 773/6078MB (cached 36MB) IRAM 0/252kB(lfb 252kB) CPU [7%@921,6%@921,off,off] EMC_FREQ 0%@1600 GR3D_FREQ 0%@614 APE 25 PLL@29C CPU@31.5C iwlwifi@32C PMIC@50C GPU@29.5C AO@40.5C thermal@30.5C POM_5V_IN 1689/1784 POM_5V_GPU 82/88 POM_5V_CPU 164/230
RAM 1383/3964MB (lfb 8x4MB) SWAP 773/6078MB (cached 36MB) IRAM 0/252kB(lfb 252kB) CPU [7%@921,8%@921,off,off] EMC_FREQ 0%@1600 GR3D_FREQ 0%@614 APE 25 PLL@29.5C CPU@31C iwlwifi@32C PMIC@50C GPU@30C AO@40.5C thermal@30.5C POM_5V_IN 1689/1784 POM_5V_GPU 82/88 POM_5V_CPU 164/230
RAM 1381/3964MB (lfb 8x4MB) SWAP 773/6078MB (cached 36MB) IRAM 0/252kB(lfb 252kB) CPU [7%@921,6%@921,off,off] EMC_FREQ 0%@1600 GR3D_FREQ 0%@614 APE 25 PLL@29.5C CPU@30.5C iwlwifi@32C PMIC@50C GPU@29.5C AO@40.5C thermal@30.25C POM_5V_IN 1689/1784 POM_5V_GPU 82/88 POM_5V_CPU 164/230
RAM 1385/3964MB (lfb 8x4MB) SWAP 773/6078MB (cached 36MB) IRAM 0/252kB(lfb 252kB) CPU [7%@921,6%@921,off,off] EMC_FREQ 0%@1600 GR3D_FREQ 0%@614 APE 25 PLL@29.5C CPU@31C iwlwifi@32C PMIC@50C GPU@29.5C AO@40.5C thermal@30.25C POM_5V_IN 1689/1784 POM_5V_GPU 82/88 POM_5V_CPU 164/230
RAM 1381/3964MB (lfb 8x4MB) SWAP 773/6078MB (cached 36MB) IRAM 0/252kB(lfb 252kB) CPU [5%@921,8%@921,off,off] EMC_FREQ 0%@1600 GR3D_FREQ 0%@614 APE 25 PLL@29.5C CPU@31C iwlwifi@32C PMIC@50C GPU@29.5C AO@40.5C thermal@30.25C POM_5V_IN 1689/1784 POM_5V_GPU 82/88 POM_5V_CPU 164/230
RAM 1383/3964MB (lfb 8x4MB) SWAP 773/6078MB (cached 36MB) IRAM 0/252kB(lfb 252kB) CPU [8%@921,6%@921,off,off] EMC_FREQ 0%@1600 GR3D_FREQ 0%@614 APE 25 PLL@29.5C CPU@31C iwlwifi@32C PMIC@50C GPU@29.5C AO@40.5C thermal@30.25C POM_5V_IN 1731/1784 POM_5V_GPU 82/88 POM_5V_CPU 164/230
RAM 1381/3964MB (lfb 8x4MB) SWAP 773/6078MB (cached 36MB) IRAM 0/252kB(lfb 252kB) CPU [6%@921,7%@921,off,off] EMC_FREQ 0%@1600 GR3D_FREQ 0%@614 APE 25 PLL@30C CPU@31C iwlwifi@32C PMIC@50C GPU@29.5C AO@40.5C thermal@30.25C POM_5V_IN 1689/1784 POM_5V_GPU 82/88 POM_5V_CPU 164/230
RAM 1383/3964MB (lfb 8x4MB) SWAP 773/6078MB (cached 36MB) IRAM 0/252kB(lfb 252kB) CPU [7%@921,7%@921,off,off] EMC_FREQ 0%@1600 GR3D_FREQ 0%@614 APE 25 PLL@29.5C CPU@31C iwlwifi@32C PMIC@50C GPU@29.5C AO@40.5C thermal@30.25C POM_5V_IN 1689/1784 POM_5V_GPU 82/88 POM_5V_CPU 164/230
RAM 1382/3964MB (lfb 8x4MB) SWAP 773/6078MB (cached 36MB) IRAM 0/252kB(lfb 252kB) CPU [6%@921,9%@921,off,off] EMC_FREQ 0%@1600 GR3D_FREQ 0%@614 APE 25 PLL@30C CPU@31.5C iwlwifi@32C PMIC@50C GPU@29.5C AO@40.5C thermal@30.5C POM_5V_IN 1689/1784 POM_5V_GPU 82/88 POM_5V_CPU 164/229
RAM 1382/3964MB (lfb 8x4MB) SWAP 773/6078MB (cached 36MB) IRAM 0/252kB(lfb 252kB) CPU [5%@921,9%@921,off,off] EMC_FREQ 0%@1600 GR3D_FREQ 0%@614 APE 25 PLL@29.5C CPU@31C iwlwifi@32C PMIC@50C GPU@29.5C AO@41C thermal@30.5C POM_5V_IN 1689/1784 POM_5V_GPU 82/88 POM_5V_CPU 164/229
RAM 1385/3964MB (lfb 8x4MB) SWAP 773/6078MB (cached 36MB) IRAM 0/252kB(lfb 252kB) CPU [6%@921,7%@921,off,off] EMC_FREQ 0%@1600 GR3D_FREQ 0%@614 APE 25 PLL@29.5C CPU@31C iwlwifi@32C PMIC@50C GPU@29.5C AO@40.5C thermal@30.25C POM_5V_IN 1689/1784 POM_5V_GPU 82/88 POM_5V_CPU 164/229
RAM 1381/3964MB (lfb 8x4MB) SWAP 773/6078MB (cached 36MB) IRAM 0/252kB(lfb 252kB) CPU [9%@921,5%@921,off,off] EMC_FREQ 0%@1600 GR3D_FREQ 0%@614 APE 25 PLL@29.5C CPU@31C iwlwifi@32C PMIC@50C GPU@30C AO@40.5C thermal@30.75C POM_5V_IN 1687/1784 POM_5V_GPU 82/88 POM_5V_CPU 164/229
RAM 1385/3964MB (lfb 8x4MB) SWAP 773/6078MB (cached 36MB) IRAM 0/252kB(lfb 252kB) CPU [6%@921,7%@921,off,off] EMC_FREQ 0%@1600 GR3D_FREQ 0%@614 APE 25 PLL@30C CPU@31.5C iwlwifi@32C PMIC@50C GPU@29.5C AO@41C thermal@30.25C POM_5V_IN 1689/1784 POM_5V_GPU 82/88 POM_5V_CPU 164/229
RAM 1385/3964MB (lfb 8x4MB) SWAP 773/6078MB (cached 36MB) IRAM 0/252kB(lfb 252kB) CPU [8%@921,6%@921,off,off] EMC_FREQ 0%@1600 GR3D_FREQ 0%@614 APE 25 PLL@29.5C CPU@31.5C iwlwifi@32C PMIC@50C GPU@29.5C AO@41C thermal@30.25C POM_5V_IN 1728/1784 POM_5V_GPU 82/88 POM_5V_CPU 164/229
RAM 1381/3964MB (lfb 8x4MB) SWAP 773/6078MB (cached 36MB) IRAM 0/252kB(lfb 252kB) CPU [9%@921,4%@921,off,off] EMC_FREQ 0%@1600 GR3D_FREQ 0%@614 APE 25 PLL@29.5C CPU@31C iwlwifi@32C PMIC@50C GPU@30C AO@41C thermal@30.25C POM_5V_IN 1731/1784 POM_5V_GPU 82/88 POM_5V_CPU 164/229
RAM 1380/3964MB (lfb 8x4MB) SWAP 773/6078MB (cached 36MB) IRAM 0/252kB(lfb 252kB) CPU [8%@921,4%@921,off,off] EMC_FREQ 0%@1600 GR3D_FREQ 0%@614 APE 25 PLL@29.5C CPU@31.5C iwlwifi@32C PMIC@50C GPU@30C AO@40.5C thermal@30.25C POM_5V_IN 1689/1784 POM_5V_GPU 82/88 POM_5V_CPU 164/229
RAM 1380/3964MB (lfb 8x4MB) SWAP 773/6078MB (cached 36MB) IRAM 0/252kB(lfb 252kB) CPU [8%@921,6%@921,off,off] EMC_FREQ 0%@1600 GR3D_FREQ 0%@614 APE 25 PLL@29.5C CPU@31C iwlwifi@32C PMIC@50C GPU@30C AO@41C thermal@30.25C POM_5V_IN 1689/1784 POM_5V_GPU 82/88 POM_5V_CPU 164/229
RAM 1382/3964MB (lfb 8x4MB) SWAP 773/6078MB (cached 36MB) IRAM 0/252kB(lfb 252kB) CPU [8%@921,5%@921,off,off] EMC_FREQ 0%@1600 GR3D_FREQ 0%@614 APE 25 PLL@29.5C CPU@31C iwlwifi@32C PMIC@50C GPU@29.5C AO@40.5C thermal@30.5C POM_5V_IN 1731/1784 POM_5V_GPU 82/88 POM_5V_CPU 164/229
RAM 1383/3964MB (lfb 8x4MB) SWAP 773/6078MB (cached 36MB) IRAM 0/252kB(lfb 252kB) CPU [7%@921,7%@921,off,off] EMC_FREQ 0%@1600 GR3D_FREQ 0%@614 APE 25 PLL@29.5C CPU@31C iwlwifi@32C PMIC@50C GPU@29.5C AO@40.5C thermal@30.75C POM_5V_IN 1689/1783 POM_5V_GPU 82/88 POM_5V_CPU 164/229
RAM 1384/3964MB (lfb 8x4MB) SWAP 773/6078MB (cached 36MB) IRAM 0/252kB(lfb 252kB) CPU [7%@921,6%@921,off,off] EMC_FREQ 0%@1600 GR3D_FREQ 0%@614 APE 25 PLL@30C CPU@31C iwlwifi@32C PMIC@50C GPU@29.5C AO@40.5C thermal@30.25C POM_5V_IN 1689/1783 POM_5V_GPU 82/88 POM_5V_CPU 164/229
RAM 1383/3964MB (lfb 8x4MB) SWAP 773/6078MB (cached 36MB) IRAM 0/252kB(lfb 252kB) CPU [6%@921,9%@921,off,off] EMC_FREQ 0%@1600 GR3D_FREQ 0%@614 APE 25 PLL@29.5C CPU@31C iwlwifi@32C PMIC@50C GPU@29.5C AO@40.5C thermal@30.25C POM_5V_IN 1687/1783 POM_5V_GPU 82/88 POM_5V_CPU 164/229
RAM 1383/3964MB (lfb 8x4MB) SWAP 773/6078MB (cached 36MB) IRAM 0/252kB(lfb 252kB) CPU [5%@921,8%@921,off,off] EMC_FREQ 0%@1600 GR3D_FREQ 0%@614 APE 25 PLL@29.5C CPU@31.5C iwlwifi@32C PMIC@50C GPU@29.5C AO@40.5C thermal@30.5C POM_5V_IN 1689/1783 POM_5V_GPU 82/88 POM_5V_CPU 164/229
RAM 1383/3964MB (lfb 8x4MB) SWAP 773/6078MB (cached 36MB) IRAM 0/252kB(lfb 252kB) CPU [6%@921,8%@921,off,off] EMC_FREQ 0%@1600 GR3D_FREQ 0%@614 APE 25 PLL@29.5C CPU@31C iwlwifi@32C PMIC@50C GPU@29.5C AO@40.5C thermal@30.25C POM_5V_IN 1689/1783 POM_5V_GPU 82/88 POM_5V_CPU 164/229
RAM 1380/3964MB (lfb 8x4MB) SWAP 773/6078MB (cached 36MB) IRAM 0/252kB(lfb 252kB) CPU [8%@921,4%@921,off,off] EMC_FREQ 0%@1600 GR3D_FREQ 0%@614 APE 25 PLL@30C CPU@31C iwlwifi@32C PMIC@50C GPU@30C AO@40.5C thermal@30.25C POM_5V_IN 1689/1783 POM_5V_GPU 82/88 POM_5V_CPU 164/229
RAM 1380/3964MB (lfb 8x4MB) SWAP 773/6078MB (cached 36MB) IRAM 0/252kB(lfb 252kB) CPU [6%@921,8%@921,off,off] EMC_FREQ 0%@1600 GR3D_FREQ 0%@614 APE 25 PLL@29.5C CPU@31C iwlwifi@32C PMIC@50C GPU@29.5C AO@40.5C thermal@30.25C POM_5V_IN 1689/1783 POM_5V_GPU 82/88 POM_5V_CPU 164/229
RAM 1382/3964MB (lfb 8x4MB) SWAP 773/6078MB (cached 36MB) IRAM 0/252kB(lfb 252kB) CPU [9%@921,4%@921,off,off] EMC_FREQ 0%@1600 GR3D_FREQ 0%@614 APE 25 PLL@29.5C CPU@31C iwlwifi@32C PMIC@50C GPU@29.5C AO@40.5C thermal@30.75C POM_5V_IN 1689/1783 POM_5V_GPU 82/88 POM_5V_CPU 164/229
RAM 1385/3964MB (lfb 8x4MB) SWAP 773/6078MB (cached 36MB) IRAM 0/252kB(lfb 252kB) CPU [7%@921,8%@921,off,off] EMC_FREQ 0%@1600 GR3D_FREQ 0%@614 APE 25 PLL@30C CPU@31.5C iwlwifi@32C PMIC@50C GPU@29.5C AO@40.5C thermal@30.25C POM_5V_IN 1689/1783 POM_5V_GPU 82/88 POM_5V_CPU 164/229
RAM 1382/3964MB (lfb 8x4MB) SWAP 773/6078MB (cached 36MB) IRAM 0/252kB(lfb 252kB) CPU [8%@921,5%@921,off,off] EMC_FREQ 0%@1600 GR3D_FREQ 0%@614 APE 25 PLL@30C CPU@31C iwlwifi@32C PMIC@50C GPU@30C AO@40.5C thermal@30.25C POM_5V_IN 1689/1783 POM_5V_GPU 82/88 POM_5V_CPU 164/229
RAM 1384/3964MB (lfb 8x4MB) SWAP 773/6078MB (cached 36MB) IRAM 0/252kB(lfb 252kB) CPU [7%@921,7%@921,off,off] EMC_FREQ 0%@1600 GR3D_FREQ 0%@614 APE 25 PLL@29.5C CPU@31C iwlwifi@32C PMIC@50C GPU@29.5C AO@40.5C thermal@30.5C POM_5V_IN 1689/1783 POM_5V_GPU 82/88 POM_5V_CPU 164/229
RAM 1382/3964MB (lfb 8x4MB) SWAP 773/6078MB (cached 36MB) IRAM 0/252kB(lfb 252kB) CPU [6%@921,7%@921,off,off] EMC_FREQ 0%@1600 GR3D_FREQ 0%@614 APE 25 PLL@29.5C CPU@31C iwlwifi@32C PMIC@50C GPU@30C AO@40.5C thermal@30.25C POM_5V_IN 1689/1783 POM_5V_GPU 82/88 POM_5V_CPU 164/229
RAM 1384/3964MB (lfb 8x4MB) SWAP 773/6078MB (cached 36MB) IRAM 0/252kB(lfb 252kB) CPU [6%@921,7%@921,off,off] EMC_FREQ 0%@1600 GR3D_FREQ 0%@614 APE 25 PLL@29.5C CPU@31C iwlwifi@32C PMIC@50C GPU@30C AO@40.5C thermal@30.25C POM_5V_IN 1689/1783 POM_5V_GPU 82/88 POM_5V_CPU 164/229
RAM 1380/3964MB (lfb 8x4MB) SWAP 773/6078MB (cached 36MB) IRAM 0/252kB(lfb 252kB) CPU [6%@921,8%@921,off,off] EMC_FREQ 0%@1600 GR3D_FREQ 0%@614 APE 25 PLL@29.5C CPU@31.5C iwlwifi@32C PMIC@50C GPU@29.5C AO@40.5C thermal@30.5C POM_5V_IN 1689/1783 POM_5V_GPU 82/88 POM_5V_CPU 164/229
RAM 1382/3964MB (lfb 8x4MB) SWAP 773/6078MB (cached 36MB) IRAM 0/252kB(lfb 252kB) CPU [6%@921,7%@921,off,off] EMC_FREQ 0%@1600 GR3D_FREQ 0%@614 APE 25 PLL@29.5C CPU@31C iwlwifi@32C PMIC@50C GPU@29.5C AO@40.5C thermal@30.25C POM_5V_IN 1689/1783 POM_5V_GPU 82/88 POM_5V_CPU 123/229
RAM 1386/3964MB (lfb 8x4MB) SWAP 773/6078MB (cached 36MB) IRAM 0/252kB(lfb 252kB) CPU [7%@921,7%@921,off,off] EMC_FREQ 0%@1600 GR3D_FREQ 0%@614 APE 25 PLL@29.5C CPU@31.5C iwlwifi@32C PMIC@50C GPU@29.5C AO@40.5C thermal@30.5C POM_5V_IN 1689/1783 POM_5V_GPU 82/88 POM_5V_CPU 164/229
RAM 1382/3964MB (lfb 8x4MB) SWAP 773/6078MB (cached 36MB) IRAM 0/252kB(lfb 252kB) CPU [6%@921,7%@921,off,off] EMC_FREQ 0%@1600 GR3D_FREQ 0%@614 APE 25 PLL@29.5C CPU@31C iwlwifi@32C PMIC@50C GPU@29.5C AO@40.5C thermal@30.5C POM_5V_IN 1689/1783 POM_5V_GPU 82/88 POM_5V_CPU 164/229
RAM 1382/3964MB (lfb 8x4MB) SWAP 773/6078MB (cached 36MB) IRAM 0/252kB(lfb 252kB) CPU [7%@921,8%@921,off,off] EMC_FREQ 0%@1600 GR3D_FREQ 0%@614 APE 25 PLL@29.5C CPU@31C iwlwifi@32C PMIC@50C GPU@30C AO@40.5C thermal@30.25C POM_5V_IN 1689/1783 POM_5V_GPU 82/88 POM_5V_CPU 164/229
RAM 1384/3964MB (lfb 8x4MB) SWAP 773/6078MB (cached 36MB) IRAM 0/252kB(lfb 252kB) CPU [8%@921,5%@921,off,off] EMC_FREQ 0%@1600 GR3D_FREQ 0%@614 APE 25 PLL@29.5C CPU@31C iwlwifi@32C PMIC@50C GPU@29.5C AO@40.5C thermal@30.5C POM_5V_IN 1731/1783 POM_5V_GPU 82/88 POM_5V_CPU 164/229
RAM 1384/3964MB (lfb 8x4MB) SWAP 773/6078MB (cached 36MB) IRAM 0/252kB(lfb 252kB) CPU [8%@921,6%@921,off,off] EMC_FREQ 0%@1600 GR3D_FREQ 0%@614 APE 25 PLL@29.5C CPU@31.5C iwlwifi@32C PMIC@50C GPU@30C AO@40.5C thermal@30.5C POM_5V_IN 1689/1783 POM_5V_GPU 82/88 POM_5V_CPU 164/228
RAM 1381/3964MB (lfb 8x4MB) SWAP 773/6078MB (cached 36MB) IRAM 0/252kB(lfb 252kB) CPU [8%@921,6%@921,off,off] EMC_FREQ 0%@1600 GR3D_FREQ 0%@614 APE 25 PLL@29.5C CPU@31C iwlwifi@32C PMIC@50C GPU@29.5C AO@40.5C thermal@30.75C POM_5V_IN 1689/1783 POM_5V_GPU 82/88 POM_5V_CPU 164/228
RAM 1384/3964MB (lfb 8x4MB) SWAP 773/6078MB (cached 36MB) IRAM 0/252kB(lfb 252kB) CPU [8%@921,6%@921,off,off] EMC_FREQ 0%@1600 GR3D_FREQ 0%@614 APE 25 PLL@29C CPU@31C iwlwifi@32C PMIC@50C GPU@30C AO@40.5C thermal@30.5C POM_5V_IN 1689/1783 POM_5V_GPU 82/88 POM_5V_CPU 164/228
RAM 1382/3964MB (lfb 8x4MB) SWAP 773/6078MB (cached 36MB) IRAM 0/252kB(lfb 252kB) CPU [7%@921,6%@921,off,off] EMC_FREQ 0%@1600 GR3D_FREQ 0%@614 APE 25 PLL@29.5C CPU@31C iwlwifi@32C PMIC@50C GPU@29.5C AO@40.5C thermal@30.5C POM_5V_IN 1689/1782 POM_5V_GPU 82/88 POM_5V_CPU 164/228
RAM 1382/3964MB (lfb 8x4MB) SWAP 773/6078MB (cached 36MB) IRAM 0/252kB(lfb 252kB) CPU [6%@921,8%@921,off,off] EMC_FREQ 0%@1600 GR3D_FREQ 0%@614 APE 25 PLL@29.5C CPU@31.5C iwlwifi@32C PMIC@50C GPU@30C AO@40.5C thermal@30.25C POM_5V_IN 1689/1782 POM_5V_GPU 82/88 POM_5V_CPU 164/228
RAM 1382/3964MB (lfb 8x4MB) SWAP 773/6078MB (cached 36MB) IRAM 0/252kB(lfb 252kB) CPU [5%@921,7%@921,off,off] EMC_FREQ 0%@1600 GR3D_FREQ 0%@614 APE 25 PLL@29.5C CPU@31C iwlwifi@32C PMIC@50C GPU@29.5C AO@40.5C thermal@30.75C POM_5V_IN 1689/1782 POM_5V_GPU 82/88 POM_5V_CPU 164/228
RAM 1385/3964MB (lfb 8x4MB) SWAP 773/6078MB (cached 36MB) IRAM 0/252kB(lfb 252kB) CPU [6%@921,8%@921,off,off] EMC_FREQ 0%@1600 GR3D_FREQ 0%@614 APE 25 PLL@29.5C CPU@31C iwlwifi@32C PMIC@50C GPU@29.5C AO@40.5C thermal@30.5C POM_5V_IN 1689/1782 POM_5V_GPU 82/88 POM_5V_CPU 123/228
RAM 1382/3964MB (lfb 8x4MB) SWAP 773/6078MB (cached 36MB) IRAM 0/252kB(lfb 252kB) CPU [9%@921,4%@921,off,off] EMC_FREQ 0%@1600 GR3D_FREQ 0%@614 APE 25 PLL@29.5C CPU@31.5C iwlwifi@32C PMIC@50C GPU@30C AO@40.5C thermal@30.5C POM_5V_IN 1689/1782 POM_5V_GPU 82/88 POM_5V_CPU 164/228
RAM 1380/3964MB (lfb 8x4MB) SWAP 773/6078MB (cached 36MB) IRAM 0/252kB(lfb 252kB) CPU [5%@921,9%@921,off,off] EMC_FREQ 0%@1600 GR3D_FREQ 0%@614 APE 25 PLL@29.5C CPU@31.5C iwlwifi@32C PMIC@50C GPU@30C AO@40.5C thermal@30.75C POM_5V_IN 1731/1782 POM_5V_GPU 82/88 POM_5V_CPU 164/228
RAM 1381/3964MB (lfb 8x4MB) SWAP 773/6078MB (cached 36MB) IRAM 0/252kB(lfb 252kB) CPU [5%@921,9%@921,off,off] EMC_FREQ 0%@1600 GR3D_FREQ 0%@614 APE 25 PLL@29.5C CPU@31.5C iwlwifi@32C PMIC@50C GPU@30C AO@40.5C thermal@30.5C POM_5V_IN 1689/1782 POM_5V_GPU 82/88 POM_5V_CPU 164/228
RAM 1382/3964MB (lfb 8x4MB) SWAP 773/6078MB (cached 36MB) IRAM 0/252kB(lfb 252kB) CPU [6%@921,7%@921,off,off] EMC_FREQ 0%@1600 GR3D_FREQ 0%@614 APE 25 PLL@29.5C CPU@31.5C iwlwifi@32C PMIC@50C GPU@30C AO@40.5C thermal@30.5C POM_5V_IN 1689/1782 POM_5V_GPU 82/88 POM_5V_CPU 164/228
RAM 1385/3964MB (lfb 8x4MB) SWAP 773/6078MB (cached 36MB) IRAM 0/252kB(lfb 252kB) CPU [6%@921,8%@921,off,off] EMC_FREQ 0%@1600 GR3D_FREQ 0%@614 APE 25 PLL@29.5C CPU@31C iwlwifi@32C PMIC@50C GPU@29.5C AO@40.5C thermal@30.5C POM_5V_IN 1689/1782 POM_5V_GPU 82/88 POM_5V_CPU 164/228
RAM 1383/3964MB (lfb 8x4MB) SWAP 773/6078MB (cached 36MB) IRAM 0/252kB(lfb 252kB) CPU [6%@921,7%@921,off,off] EMC_FREQ 0%@1600 GR3D_FREQ 0%@614 APE 25 PLL@30C CPU@31.5C iwlwifi@32C PMIC@50C GPU@29.5C AO@40.5C thermal@30.25C POM_5V_IN 1689/1782 POM_5V_GPU 82/88 POM_5V_CPU 164/228
RAM 1381/3964MB (lfb 8x4MB) SWAP 773/6078MB (cached 36MB) IRAM 0/252kB(lfb 252kB) CPU [7%@921,7%@921,off,off] EMC_FREQ 0%@1600 GR3D_FREQ 0%@614 APE 25 PLL@30C CPU@31C iwlwifi@32C PMIC@50C GPU@30C AO@40.5C thermal@30.5C POM_5V_IN 1689/1782 POM_5V_GPU 82/88 POM_5V_CPU 164/228
RAM 1384/3964MB (lfb 8x4MB) SWAP 773/6078MB (cached 36MB) IRAM 0/252kB(lfb 252kB) CPU [8%@921,4%@921,off,off] EMC_FREQ 0%@1600 GR3D_FREQ 0%@614 APE 25 PLL@30C CPU@31.5C iwlwifi@32C PMIC@50C GPU@29.5C AO@40.5C thermal@30.25C POM_5V_IN 1689/1782 POM_5V_GPU 82/88 POM_5V_CPU 164/228
RAM 1385/3964MB (lfb 8x4MB) SWAP 773/6078MB (cached 36MB) IRAM 0/252kB(lfb 252kB) CPU [5%@921,9%@921,off,off] EMC_FREQ 0%@1600 GR3D_FREQ 0%@614 APE 25 PLL@30C CPU@32C iwlwifi@32C PMIC@50C GPU@29.5C AO@40.5C thermal@30.5C POM_5V_IN 1689/1782 POM_5V_GPU 82/88 POM_5V_CPU 164/228
RAM 1384/3964MB (lfb 8x4MB) SWAP 773/6078MB (cached 36MB) IRAM 0/252kB(lfb 252kB) CPU [8%@921,6%@921,off,off] EMC_FREQ 0%@1600 GR3D_FREQ 0%@614 APE 25 PLL@29.5C CPU@31.5C iwlwifi@32C PMIC@50C GPU@30C AO@40.5C thermal@30.5C POM_5V_IN 1689/1782 POM_5V_GPU 82/88 POM_5V_CPU 164/228
RAM 1381/3964MB (lfb 8x4MB) SWAP 773/6078MB (cached 36MB) IRAM 0/252kB(lfb 252kB) CPU [6%@921,8%@921,off,off] EMC_FREQ 0%@1600 GR3D_FREQ 0%@614 APE 25 PLL@29.5C CPU@31.5C iwlwifi@32C PMIC@50C GPU@30C AO@40.5C thermal@30.5C POM_5V_IN 1689/1782 POM_5V_GPU 82/88 POM_5V_CPU 164/228
RAM 1383/3964MB (lfb 8x4MB) SWAP 773/6078MB (cached 36MB) IRAM 0/252kB(lfb 252kB) CPU [6%@921,7%@921,off,off] EMC_FREQ 0%@1600 GR3D_FREQ 0%@614 APE 25 PLL@29.5C CPU@31C iwlwifi@32C PMIC@50C GPU@29.5C AO@40.5C thermal@30.5C POM_5V_IN 1689/1782 POM_5V_GPU 82/88 POM_5V_CPU 164/228
RAM 1385/3964MB (lfb 8x4MB) SWAP 773/6078MB (cached 36MB) IRAM 0/252kB(lfb 252kB) CPU [8%@921,5%@921,off,off] EMC_FREQ 0%@1600 GR3D_FREQ 0%@614 APE 25 PLL@29.5C CPU@31.5C iwlwifi@32C PMIC@50C GPU@29.5C AO@40.5C thermal@30.5C POM_5V_IN 1689/1782 POM_5V_GPU 82/88 POM_5V_CPU 164/228
RAM 1383/3964MB (lfb 8x4MB) SWAP 773/6078MB (cached 36MB) IRAM 0/252kB(lfb 252kB) CPU [6%@921,7%@921,off,off] EMC_FREQ 0%@1600 GR3D_FREQ 0%@614 APE 25 PLL@29.5C CPU@31.5C iwlwifi@32C PMIC@50C GPU@30C AO@41C thermal@30.5C POM_5V_IN 1689/1782 POM_5V_GPU 82/88 POM_5V_CPU 164/228
RAM 1383/3964MB (lfb 8x4MB) SWAP 773/6078MB (cached 36MB) IRAM 0/252kB(lfb 252kB) CPU [6%@921,8%@921,off,off] EMC_FREQ 0%@1600 GR3D_FREQ 0%@614 APE 25 PLL@30C CPU@31C iwlwifi@32C PMIC@50C GPU@30C AO@40.5C thermal@30.5C POM_5V_IN 1689/1782 POM_5V_GPU 82/88 POM_5V_CPU 164/228
RAM 1384/3964MB (lfb 8x4MB) SWAP 773/6078MB (cached 36MB) IRAM 0/252kB(lfb 252kB) CPU [7%@921,6%@921,off,off] EMC_FREQ 0%@1600 GR3D_FREQ 0%@614 APE 25 PLL@29.5C CPU@31.5C iwlwifi@32C PMIC@50C GPU@30C AO@41C thermal@30.5C POM_5V_IN 1689/1782 POM_5V_GPU 82/88 POM_5V_CPU 164/228
RAM 1382/3964MB (lfb 8x4MB) SWAP 773/6078MB (cached 36MB) IRAM 0/252kB(lfb 252kB) CPU [8%@921,5%@921,off,off] EMC_FREQ 0%@1600 GR3D_FREQ 0%@614 APE 25 PLL@29.5C CPU@31.5C iwlwifi@32C PMIC@50C GPU@29.5C AO@41C thermal@30.5C POM_5V_IN 1689/1782 POM_5V_GPU 82/88 POM_5V_CPU 164/228
RAM 1381/3964MB (lfb 8x4MB) SWAP 773/6078MB (cached 36MB) IRAM 0/252kB(lfb 252kB) CPU [5%@921,8%@921,off,off] EMC_FREQ 0%@1600 GR3D_FREQ 0%@614 APE 25 PLL@29.5C CPU@31.5C iwlwifi@32C PMIC@50C GPU@29.5C AO@40.5C thermal@30.5C POM_5V_IN 1810/1782 POM_5V_GPU 82/88 POM_5V_CPU 246/228
RAM 1380/3964MB (lfb 8x4MB) SWAP 773/6078MB (cached 36MB) IRAM 0/252kB(lfb 252kB) CPU [6%@921,7%@921,off,off] EMC_FREQ 0%@1600 GR3D_FREQ 0%@614 APE 25 PLL@29.5C CPU@31.5C iwlwifi@32C PMIC@50C GPU@29.5C AO@41C thermal@30.5C POM_5V_IN 1689/1782 POM_5V_GPU 82/88 POM_5V_CPU 164/228
RAM 1385/3964MB (lfb 8x4MB) SWAP 773/6078MB (cached 36MB) IRAM 0/252kB(lfb 252kB) CPU [7%@921,7%@921,off,off] EMC_FREQ 0%@1600 GR3D_FREQ 0%@614 APE 25 PLL@29C CPU@31C iwlwifi@32C PMIC@50C GPU@29.5C AO@41C thermal@30.25C POM_5V_IN 1689/1781 POM_5V_GPU 82/88 POM_5V_CPU 164/228
RAM 1381/3964MB (lfb 8x4MB) SWAP 773/6078MB (cached 36MB) IRAM 0/252kB(lfb 252kB) CPU [7%@921,6%@921,off,off] EMC_FREQ 0%@1600 GR3D_FREQ 0%@614 APE 25 PLL@29.5C CPU@31.5C iwlwifi@32C PMIC@50C GPU@29.5C AO@40.5C thermal@30.25C POM_5V_IN 1689/1781 POM_5V_GPU 82/88 POM_5V_CPU 164/228
RAM 1385/3964MB (lfb 8x4MB) SWAP 773/6078MB (cached 36MB) IRAM 0/252kB(lfb 252kB) CPU [8%@921,7%@921,off,off] EMC_FREQ 0%@1600 GR3D_FREQ 0%@614 APE 25 PLL@29.5C CPU@31.5C iwlwifi@32C PMIC@50C GPU@29.5C AO@41C thermal@30.25C POM_5V_IN 1731/1781 POM_5V_GPU 82/88 POM_5V_CPU 164/228
RAM 1380/3964MB (lfb 8x4MB) SWAP 773/6078MB (cached 36MB) IRAM 0/252kB(lfb 252kB) CPU [8%@921,5%@921,off,off] EMC_FREQ 0%@1600 GR3D_FREQ 0%@614 APE 25 PLL@29.5C CPU@31.5C iwlwifi@32C PMIC@50C GPU@29.5C AO@40.5C thermal@30.5C POM_5V_IN 1689/1781 POM_5V_GPU 82/88 POM_5V_CPU 164/228
RAM 1385/3964MB (lfb 8x4MB) SWAP 773/6078MB (cached 36MB) IRAM 0/252kB(lfb 252kB) CPU [6%@921,8%@921,off,off] EMC_FREQ 0%@1600 GR3D_FREQ 0%@614 APE 25 PLL@29.5C CPU@31C iwlwifi@32C PMIC@50C GPU@29.5C AO@40.5C thermal@30.5C POM_5V_IN 1689/1781 POM_5V_GPU 82/88 POM_5V_CPU 164/228
RAM 1381/3964MB (lfb 8x4MB) SWAP 773/6078MB (cached 36MB) IRAM 0/252kB(lfb 252kB) CPU [6%@921,6%@921,off,off] EMC_FREQ 0%@1600 GR3D_FREQ 0%@614 APE 25 PLL@29.5C CPU@31.5C iwlwifi@32C PMIC@50C GPU@29.5C AO@40.5C thermal@30.75C POM_5V_IN 1689/1781 POM_5V_GPU 82/88 POM_5V_CPU 164/228
RAM 1385/3964MB (lfb 8x4MB) SWAP 773/6078MB (cached 36MB) IRAM 0/252kB(lfb 252kB) CPU [8%@921,6%@921,off,off] EMC_FREQ 0%@1600 GR3D_FREQ 0%@614 APE 25 PLL@29.5C CPU@31.5C iwlwifi@32C PMIC@50C GPU@29.5C AO@40.5C thermal@30.5C POM_5V_IN 1689/1781 POM_5V_GPU 82/88 POM_5V_CPU 164/227
RAM 1381/3964MB (lfb 8x4MB) SWAP 773/6078MB (cached 36MB) IRAM 0/252kB(lfb 252kB) CPU [5%@921,9%@921,off,off] EMC_FREQ 0%@1600 GR3D_FREQ 0%@614 APE 25 PLL@29.5C CPU@31.5C iwlwifi@32C PMIC@50C GPU@29.5C AO@40.5C thermal@30.5C POM_5V_IN 1689/1781 POM_5V_GPU 82/88 POM_5V_CPU 164/227
RAM 1385/3964MB (lfb 8x4MB) SWAP 773/6078MB (cached 36MB) IRAM 0/252kB(lfb 252kB) CPU [7%@921,6%@921,off,off] EMC_FREQ 0%@1600 GR3D_FREQ 0%@614 APE 25 PLL@29.5C CPU@31.5C iwlwifi@32C PMIC@50C GPU@30C AO@40.5C thermal@30.25C POM_5V_IN 1772/1781 POM_5V_GPU 82/88 POM_5V_CPU 164/227
RAM 1380/3964MB (lfb 8x4MB) SWAP 773/6078MB (cached 36MB) IRAM 0/252kB(lfb 252kB) CPU [7%@921,6%@921,off,off] EMC_FREQ 0%@1600 GR3D_FREQ 0%@614 APE 25 PLL@29.5C CPU@31C iwlwifi@32C PMIC@50C GPU@30C AO@41C thermal@30.25C POM_5V_IN 1689/1781 POM_5V_GPU 82/88 POM_5V_CPU 164/227
RAM 1383/3964MB (lfb 8x4MB) SWAP 773/6078MB (cached 36MB) IRAM 0/252kB(lfb 252kB) CPU [9%@921,4%@921,off,off] EMC_FREQ 0%@1600 GR3D_FREQ 0%@614 APE 25 PLL@29.5C CPU@31C iwlwifi@32C PMIC@50C GPU@29.5C AO@40.5C thermal@30.5C POM_5V_IN 1689/1781 POM_5V_GPU 82/88 POM_5V_CPU 164/227
RAM 1381/3964MB (lfb 8x4MB) SWAP 773/6078MB (cached 36MB) IRAM 0/252kB(lfb 252kB) CPU [6%@921,7%@921,off,off] EMC_FREQ 0%@1600 GR3D_FREQ 0%@614 APE 25 PLL@29.5C CPU@31C iwlwifi@32C PMIC@50C GPU@29.5C AO@40.5C thermal@30.25C POM_5V_IN 1689/1781 POM_5V_GPU 82/88 POM_5V_CPU 164/227
RAM 1382/3964MB (lfb 8x4MB) SWAP 773/6078MB (cached 36MB) IRAM 0/252kB(lfb 252kB) CPU [5%@921,9%@921,off,off] EMC_FREQ 0%@1600 GR3D_FREQ 0%@614 APE 25 PLL@29.5C CPU@31.5C iwlwifi@32C PMIC@50C GPU@29.5C AO@40.5C thermal@30.25C POM_5V_IN 1731/1781 POM_5V_GPU 82/88 POM_5V_CPU 164/227
RAM 1385/3964MB (lfb 8x4MB) SWAP 773/6078MB (cached 36MB) IRAM 0/252kB(lfb 252kB) CPU [7%@921,5%@921,off,off] EMC_FREQ 0%@1600 GR3D_FREQ 0%@614 APE 25 PLL@29.5C CPU@31.5C iwlwifi@32C PMIC@50C GPU@29.5C AO@40.5C thermal@30.25C POM_5V_IN 1689/1781 POM_5V_GPU 82/88 POM_5V_CPU 164/227
RAM 1385/3964MB (lfb 8x4MB) SWAP 773/6078MB (cached 36MB) IRAM 0/252kB(lfb 252kB) CPU [4%@921,9%@921,off,off] EMC_FREQ 0%@1600 GR3D_FREQ 0%@614 APE 25 PLL@29.5C CPU@31.5C iwlwifi@32C PMIC@50C GPU@29.5C AO@40.5C thermal@30.25C POM_5V_IN 1689/1781 POM_5V_GPU 82/88 POM_5V_CPU 123/227
RAM 1383/3964MB (lfb 8x4MB) SWAP 773/6078MB (cached 36MB) IRAM 0/252kB(lfb 252kB) CPU [9%@921,6%@921,off,off] EMC_FREQ 0%@1600 GR3D_FREQ 0%@614 APE 25 PLL@29C CPU@31.5C iwlwifi@32C PMIC@50C GPU@29.5C AO@41C thermal@30.5C POM_5V_IN 1689/1781 POM_5V_GPU 82/88 POM_5V_CPU 164/227
RAM 1382/3964MB (lfb 8x4MB) SWAP 773/6078MB (cached 36MB) IRAM 0/252kB(lfb 252kB) CPU [8%@921,6%@921,off,off] EMC_FREQ 0%@1600 GR3D_FREQ 0%@614 APE 25 PLL@29.5C CPU@31C iwlwifi@32C PMIC@50C GPU@29.5C AO@40.5C thermal@30.75C POM_5V_IN 1689/1781 POM_5V_GPU 82/88 POM_5V_CPU 164/227
RAM 1381/3964MB (lfb 8x4MB) SWAP 773/6078MB (cached 36MB) IRAM 0/252kB(lfb 252kB) CPU [6%@921,7%@921,off,off] EMC_FREQ 0%@1600 GR3D_FREQ 0%@614 APE 25 PLL@29.5C CPU@31C iwlwifi@32C PMIC@50C GPU@29.5C AO@41C thermal@30.25C POM_5V_IN 1689/1781 POM_5V_GPU 82/88 POM_5V_CPU 123/227
RAM 1382/3964MB (lfb 8x4MB) SWAP 773/6078MB (cached 36MB) IRAM 0/252kB(lfb 252kB) CPU [6%@921,7%@921,off,off] EMC_FREQ 0%@1600 GR3D_FREQ 0%@614 APE 25 PLL@29.5C CPU@31.5C iwlwifi@32C PMIC@50C GPU@29.5C AO@40.5C thermal@30.5C POM_5V_IN 1689/1781 POM_5V_GPU 82/88 POM_5V_CPU 164/227
RAM 1383/3964MB (lfb 8x4MB) SWAP 773/6078MB (cached 36MB) IRAM 0/252kB(lfb 252kB) CPU [7%@921,7%@921,off,off] EMC_FREQ 0%@1600 GR3D_FREQ 0%@614 APE 25 PLL@29.5C CPU@31C iwlwifi@32C PMIC@50C GPU@29.5C AO@40.5C thermal@30.25C POM_5V_IN 1689/1781 POM_5V_GPU 82/88 POM_5V_CPU 164/227
RAM 1385/3964MB (lfb 8x4MB) SWAP 773/6078MB (cached 36MB) IRAM 0/252kB(lfb 252kB) CPU [6%@921,7%@921,off,off] EMC_FREQ 0%@1600 GR3D_FREQ 0%@614 APE 25 PLL@29.5C CPU@31C iwlwifi@32C PMIC@50C GPU@29.5C AO@40.5C thermal@30.25C POM_5V_IN 1689/1781 POM_5V_GPU 82/88 POM_5V_CPU 164/227
RAM 1385/3964MB (lfb 8x4MB) SWAP 773/6078MB (cached 36MB) IRAM 0/252kB(lfb 252kB) CPU [8%@921,6%@921,off,off] EMC_FREQ 0%@1600 GR3D_FREQ 0%@614 APE 25 PLL@29C CPU@31.5C iwlwifi@32C PMIC@50C GPU@29.5C AO@41C thermal@30.5C POM_5V_IN 1689/1781 POM_5V_GPU 82/88 POM_5V_CPU 164/227
RAM 1383/3964MB (lfb 8x4MB) SWAP 773/6078MB (cached 36MB) IRAM 0/252kB(lfb 252kB) CPU [6%@921,7%@921,off,off] EMC_FREQ 0%@1600 GR3D_FREQ 0%@614 APE 25 PLL@29C CPU@31C iwlwifi@32C PMIC@50C GPU@29.5C AO@40.5C thermal@30.25C POM_5V_IN 1689/1781 POM_5V_GPU 82/88 POM_5V_CPU 164/227
RAM 1381/3964MB (lfb 8x4MB) SWAP 773/6078MB (cached 36MB) IRAM 0/252kB(lfb 252kB) CPU [9%@921,5%@921,off,off] EMC_FREQ 0%@1600 GR3D_FREQ 0%@614 APE 25 PLL@29.5C CPU@31C iwlwifi@33C PMIC@50C GPU@29.5C AO@40.5C thermal@30C POM_5V_IN 1689/1780 POM_5V_GPU 82/88 POM_5V_CPU 164/227
RAM 1383/3964MB (lfb 8x4MB) SWAP 773/6078MB (cached 36MB) IRAM 0/252kB(lfb 252kB) CPU [6%@921,7%@921,off,off] EMC_FREQ 0%@1600 GR3D_FREQ 0%@614 APE 25 PLL@29.5C CPU@30.5C iwlwifi@32C PMIC@50C GPU@29.5C AO@40.5C thermal@30.25C POM_5V_IN 1687/1780 POM_5V_GPU 82/88 POM_5V_CPU 164/227
RAM 1381/3964MB (lfb 8x4MB) SWAP 773/6078MB (cached 36MB) IRAM 0/252kB(lfb 252kB) CPU [6%@921,8%@921,off,off] EMC_FREQ 0%@1600 GR3D_FREQ 0%@614 APE 25 PLL@29.5C CPU@31C iwlwifi@32C PMIC@50C GPU@29.5C AO@40C thermal@30.25C POM_5V_IN 1689/1780 POM_5V_GPU 82/88 POM_5V_CPU 164/227
RAM 1381/3964MB (lfb 8x4MB) SWAP 773/6078MB (cached 36MB) IRAM 0/252kB(lfb 252kB) CPU [6%@921,7%@921,off,off] EMC_FREQ 0%@1600 GR3D_FREQ 0%@614 APE 25 PLL@29.5C CPU@31C iwlwifi@32C PMIC@50C GPU@29.5C AO@40.5C thermal@30.25C POM_5V_IN 1689/1780 POM_5V_GPU 82/88 POM_5V_CPU 123/227
RAM 1383/3964MB (lfb 8x4MB) SWAP 773/6078MB (cached 36MB) IRAM 0/252kB(lfb 252kB) CPU [8%@921,6%@921,off,off] EMC_FREQ 0%@1600 GR3D_FREQ 0%@614 APE 25 PLL@29.5C CPU@31C iwlwifi@32C PMIC@50C GPU@30C AO@40.5C thermal@30.25C POM_5V_IN 1689/1780 POM_5V_GPU 82/88 POM_5V_CPU 164/227
RAM 1381/3964MB (lfb 8x4MB) SWAP 773/6078MB (cached 36MB) IRAM 0/252kB(lfb 252kB) CPU [7%@921,6%@921,off,off] EMC_FREQ 0%@1600 GR3D_FREQ 0%@614 APE 25 PLL@29.5C CPU@31C iwlwifi@32C PMIC@50C GPU@29.5C AO@40.5C thermal@30.5C POM_5V_IN 1689/1780 POM_5V_GPU 82/88 POM_5V_CPU 164/227
RAM 1381/3964MB (lfb 8x4MB) SWAP 773/6078MB (cached 36MB) IRAM 0/252kB(lfb 252kB) CPU [7%@921,7%@921,off,off] EMC_FREQ 0%@1600 GR3D_FREQ 0%@614 APE 25 PLL@29.5C CPU@31.5C iwlwifi@32C PMIC@50C GPU@29.5C AO@40.5C thermal@30.25C POM_5V_IN 1689/1780 POM_5V_GPU 82/88 POM_5V_CPU 164/227
RAM 1381/3964MB (lfb 8x4MB) SWAP 773/6078MB (cached 36MB) IRAM 0/252kB(lfb 252kB) CPU [10%@921,4%@921,off,off] EMC_FREQ 0%@1600 GR3D_FREQ 0%@614 APE 25 PLL@29.5C CPU@31C iwlwifi@32C PMIC@50C GPU@30C AO@40.5C thermal@30.25C POM_5V_IN 1689/1780 POM_5V_GPU 82/88 POM_5V_CPU 164/227
RAM 1383/3964MB (lfb 8x4MB) SWAP 773/6078MB (cached 36MB) IRAM 0/252kB(lfb 252kB) CPU [7%@921,5%@921,off,off] EMC_FREQ 0%@1600 GR3D_FREQ 0%@614 APE 25 PLL@30C CPU@31.5C iwlwifi@32C PMIC@50C GPU@30C AO@40.5C thermal@30.5C POM_5V_IN 1689/1780 POM_5V_GPU 82/88 POM_5V_CPU 164/227
RAM 1385/3964MB (lfb 8x4MB) SWAP 773/6078MB (cached 36MB) IRAM 0/252kB(lfb 252kB) CPU [7%@921,7%@921,off,off] EMC_FREQ 0%@1600 GR3D_FREQ 0%@614 APE 25 PLL@29C CPU@31.5C iwlwifi@32C PMIC@50C GPU@30C AO@40.5C thermal@30.5C POM_5V_IN 1689/1780 POM_5V_GPU 82/88 POM_5V_CPU 164/227
RAM 1381/3964MB (lfb 8x4MB) SWAP 773/6078MB (cached 36MB) IRAM 0/252kB(lfb 252kB) CPU [5%@921,8%@921,off,off] EMC_FREQ 0%@1600 GR3D_FREQ 0%@614 APE 25 PLL@29.5C CPU@31C iwlwifi@32C PMIC@50C GPU@29.5C AO@41C thermal@30.5C POM_5V_IN 1689/1780 POM_5V_GPU 82/88 POM_5V_CPU 164/227
RAM 1385/3964MB (lfb 8x4MB) SWAP 773/6078MB (cached 36MB) IRAM 0/252kB(lfb 252kB) CPU [7%@921,6%@921,off,off] EMC_FREQ 0%@1600 GR3D_FREQ 0%@614 APE 25 PLL@29.5C CPU@31.5C iwlwifi@32C PMIC@50C GPU@29.5C AO@40.5C thermal@30.25C POM_5V_IN 1689/1780 POM_5V_GPU 82/88 POM_5V_CPU 164/227
RAM 1383/3964MB (lfb 8x4MB) SWAP 773/6078MB (cached 36MB) IRAM 0/252kB(lfb 252kB) CPU [7%@921,6%@921,off,off] EMC_FREQ 0%@1600 GR3D_FREQ 0%@614 APE 25 PLL@29.5C CPU@31.5C iwlwifi@32C PMIC@50C GPU@29C AO@40.5C thermal@30.25C POM_5V_IN 1689/1780 POM_5V_GPU 82/88 POM_5V_CPU 164/226
RAM 1385/3964MB (lfb 8x4MB) SWAP 773/6078MB (cached 36MB) IRAM 0/252kB(lfb 252kB) CPU [8%@921,6%@921,off,off] EMC_FREQ 0%@1600 GR3D_FREQ 0%@614 APE 25 PLL@29C CPU@31C iwlwifi@32C PMIC@50C GPU@29.5C AO@40.5C thermal@30.75C POM_5V_IN 1689/1780 POM_5V_GPU 82/88 POM_5V_CPU 164/226
RAM 1383/3964MB (lfb 8x4MB) SWAP 773/6078MB (cached 36MB) IRAM 0/252kB(lfb 252kB) CPU [5%@921,8%@921,off,off] EMC_FREQ 0%@1600 GR3D_FREQ 0%@614 APE 25 PLL@29.5C CPU@31C iwlwifi@32C PMIC@50C GPU@29.5C AO@40.5C thermal@30.5C POM_5V_IN 1687/1780 POM_5V_GPU 82/88 POM_5V_CPU 123/226
RAM 1381/3964MB (lfb 8x4MB) SWAP 773/6078MB (cached 36MB) IRAM 0/252kB(lfb 252kB) CPU [8%@921,6%@921,off,off] EMC_FREQ 0%@1600 GR3D_FREQ 0%@614 APE 25 PLL@29.5C CPU@31C iwlwifi@32C PMIC@50C GPU@30C AO@40.5C thermal@30.25C POM_5V_IN 1689/1780 POM_5V_GPU 82/88 POM_5V_CPU 164/226
RAM 1383/3964MB (lfb 8x4MB) SWAP 773/6078MB (cached 36MB) IRAM 0/252kB(lfb 252kB) CPU [6%@921,7%@921,off,off] EMC_FREQ 0%@1600 GR3D_FREQ 0%@614 APE 25 PLL@29.5C CPU@31.5C iwlwifi@32C PMIC@50C GPU@29.5C AO@40.5C thermal@30.25C POM_5V_IN 1689/1780 POM_5V_GPU 82/88 POM_5V_CPU 164/226
RAM 1385/3964MB (lfb 8x4MB) SWAP 773/6078MB (cached 36MB) IRAM 0/252kB(lfb 252kB) CPU [7%@921,6%@921,off,off] EMC_FREQ 0%@1600 GR3D_FREQ 0%@614 APE 25 PLL@29.5C CPU@31C iwlwifi@32C PMIC@50C GPU@29.5C AO@40.5C thermal@30.25C POM_5V_IN 1689/1780 POM_5V_GPU 82/88 POM_5V_CPU 164/226
RAM 1383/3964MB (lfb 8x4MB) SWAP 773/6078MB (cached 36MB) IRAM 0/252kB(lfb 252kB) CPU [7%@921,7%@921,off,off] EMC_FREQ 0%@1600 GR3D_FREQ 0%@614 APE 25 PLL@29.5C CPU@31C iwlwifi@32C PMIC@50C GPU@29.5C AO@40.5C thermal@30C POM_5V_IN 1689/1780 POM_5V_GPU 82/88 POM_5V_CPU 164/226
RAM 1383/3964MB (lfb 8x4MB) SWAP 773/6078MB (cached 36MB) IRAM 0/252kB(lfb 252kB) CPU [6%@921,8%@921,off,off] EMC_FREQ 0%@1600 GR3D_FREQ 0%@614 APE 25 PLL@29.5C CPU@31C iwlwifi@32C PMIC@50C GPU@29.5C AO@41C thermal@30.5C POM_5V_IN 1689/1780 POM_5V_GPU 82/88 POM_5V_CPU 164/226
RAM 1385/3964MB (lfb 8x4MB) SWAP 773/6078MB (cached 36MB) IRAM 0/252kB(lfb 252kB) CPU [8%@921,5%@921,off,off] EMC_FREQ 0%@1600 GR3D_FREQ 0%@614 APE 25 PLL@29.5C CPU@31C iwlwifi@32C PMIC@50C GPU@29.5C AO@40.5C thermal@30.5C POM_5V_IN 1689/1780 POM_5V_GPU 82/88 POM_5V_CPU 164/226
RAM 1382/3964MB (lfb 8x4MB) SWAP 773/6078MB (cached 36MB) IRAM 0/252kB(lfb 252kB) CPU [7%@921,7%@921,off,off] EMC_FREQ 0%@1600 GR3D_FREQ 0%@614 APE 25 PLL@29.5C CPU@31C iwlwifi@32C PMIC@50C GPU@30C AO@40.5C thermal@30.5C POM_5V_IN 1689/1780 POM_5V_GPU 82/88 POM_5V_CPU 164/226
RAM 1383/3964MB (lfb 8x4MB) SWAP 773/6078MB (cached 36MB) IRAM 0/252kB(lfb 252kB) CPU [6%@921,6%@921,off,off] EMC_FREQ 0%@1600 GR3D_FREQ 0%@614 APE 25 PLL@29.5C CPU@31C iwlwifi@32C PMIC@50C GPU@29.5C AO@40.5C thermal@30.5C POM_5V_IN 1731/1780 POM_5V_GPU 82/88 POM_5V_CPU 164/226
RAM 1383/3964MB (lfb 8x4MB) SWAP 773/6078MB (cached 36MB) IRAM 0/252kB(lfb 252kB) CPU [8%@921,5%@921,off,off] EMC_FREQ 0%@1600 GR3D_FREQ 0%@614 APE 25 PLL@29.5C CPU@31.5C iwlwifi@32C PMIC@50C GPU@29.5C AO@40.5C thermal@30.25C POM_5V_IN 1689/1779 POM_5V_GPU 82/88 POM_5V_CPU 123/226
RAM 1381/3964MB (lfb 8x4MB) SWAP 773/6078MB (cached 36MB) IRAM 0/252kB(lfb 252kB) CPU [7%@921,6%@921,off,off] EMC_FREQ 0%@1600 GR3D_FREQ 0%@614 APE 25 PLL@29.5C CPU@31C iwlwifi@32C PMIC@50C GPU@30C AO@40.5C thermal@30.5C POM_5V_IN 1689/1779 POM_5V_GPU 82/88 POM_5V_CPU 164/226
RAM 1385/3964MB (lfb 8x4MB) SWAP 773/6078MB (cached 36MB) IRAM 0/252kB(lfb 252kB) CPU [8%@921,5%@921,off,off] EMC_FREQ 0%@1600 GR3D_FREQ 0%@614 APE 25 PLL@29.5C CPU@31.5C iwlwifi@32C PMIC@50C GPU@29.5C AO@40.5C thermal@30.75C POM_5V_IN 1689/1779 POM_5V_GPU 82/88 POM_5V_CPU 164/226
RAM 1385/3964MB (lfb 8x4MB) SWAP 773/6078MB (cached 36MB) IRAM 0/252kB(lfb 252kB) CPU [8%@921,6%@921,off,off] EMC_FREQ 0%@1600 GR3D_FREQ 0%@614 APE 25 PLL@29.5C CPU@31C iwlwifi@32C PMIC@50C GPU@29.5C AO@40.5C thermal@30.5C POM_5V_IN 1731/1779 POM_5V_GPU 82/88 POM_5V_CPU 164/226
RAM 1386/3964MB (lfb 8x4MB) SWAP 773/6078MB (cached 36MB) IRAM 0/252kB(lfb 252kB) CPU [6%@921,8%@921,off,off] EMC_FREQ 0%@1600 GR3D_FREQ 0%@614 APE 25 PLL@29.5C CPU@31C iwlwifi@32C PMIC@50C GPU@29.5C AO@40.5C thermal@30.25C POM_5V_IN 1689/1779 POM_5V_GPU 82/88 POM_5V_CPU 164/226
RAM 1380/3964MB (lfb 8x4MB) SWAP 773/6078MB (cached 36MB) IRAM 0/252kB(lfb 252kB) CPU [9%@921,5%@921,off,off] EMC_FREQ 0%@1600 GR3D_FREQ 0%@614 APE 25 PLL@29.5C CPU@31.5C iwlwifi@32C PMIC@50C GPU@30C AO@40.5C thermal@30.5C POM_5V_IN 1689/1779 POM_5V_GPU 82/88 POM_5V_CPU 164/226
RAM 1386/3964MB (lfb 8x4MB) SWAP 773/6078MB (cached 36MB) IRAM 0/252kB(lfb 252kB) CPU [7%@921,5%@921,off,off] EMC_FREQ 0%@1600 GR3D_FREQ 0%@614 APE 25 PLL@30C CPU@31C iwlwifi@32C PMIC@50C GPU@29.5C AO@40.5C thermal@30.5C POM_5V_IN 1689/1779 POM_5V_GPU 82/88 POM_5V_CPU 164/226
RAM 1387/3964MB (lfb 8x4MB) SWAP 773/6078MB (cached 36MB) IRAM 0/252kB(lfb 252kB) CPU [6%@921,8%@921,off,off] EMC_FREQ 0%@1600 GR3D_FREQ 0%@614 APE 25 PLL@29.5C CPU@31C iwlwifi@32C PMIC@50C GPU@29.5C AO@40C thermal@30.5C POM_5V_IN 1689/1779 POM_5V_GPU 82/88 POM_5V_CPU 164/226
RAM 1386/3964MB (lfb 8x4MB) SWAP 773/6078MB (cached 36MB) IRAM 0/252kB(lfb 252kB) CPU [6%@921,7%@921,off,off] EMC_FREQ 0%@1600 GR3D_FREQ 0%@614 APE 25 PLL@29.5C CPU@31C iwlwifi@32C PMIC@50C GPU@30C AO@40.5C thermal@30.25C POM_5V_IN 1689/1779 POM_5V_GPU 82/88 POM_5V_CPU 164/226
RAM 1383/3964MB (lfb 8x4MB) SWAP 773/6078MB (cached 36MB) IRAM 0/252kB(lfb 252kB) CPU [6%@921,8%@921,off,off] EMC_FREQ 0%@1600 GR3D_FREQ 0%@614 APE 25 PLL@29.5C CPU@31C iwlwifi@32C PMIC@50C GPU@29.5C AO@40.5C thermal@30.25C POM_5V_IN 1687/1779 POM_5V_GPU 82/88 POM_5V_CPU 164/226
RAM 1381/3964MB (lfb 8x4MB) SWAP 773/6078MB (cached 36MB) IRAM 0/252kB(lfb 252kB) CPU [8%@921,5%@921,off,off] EMC_FREQ 0%@1600 GR3D_FREQ 0%@614 APE 25 PLL@29.5C CPU@31C iwlwifi@32C PMIC@50C GPU@29.5C AO@40.5C thermal@30.5C POM_5V_IN 1731/1779 POM_5V_GPU 82/88 POM_5V_CPU 164/226
RAM 1383/3964MB (lfb 8x4MB) SWAP 773/6078MB (cached 36MB) IRAM 0/252kB(lfb 252kB) CPU [7%@921,6%@921,off,off] EMC_FREQ 0%@1600 GR3D_FREQ 0%@614 APE 25 PLL@29.5C CPU@31.5C iwlwifi@32C PMIC@50C GPU@29.5C AO@40.5C thermal@30.25C POM_5V_IN 1689/1779 POM_5V_GPU 82/88 POM_5V_CPU 164/226
RAM 1383/3964MB (lfb 8x4MB) SWAP 773/6078MB (cached 36MB) IRAM 0/252kB(lfb 252kB) CPU [7%@921,5%@921,off,off] EMC_FREQ 0%@1600 GR3D_FREQ 0%@614 APE 25 PLL@29.5C CPU@31C iwlwifi@32C PMIC@50C GPU@29.5C AO@40.5C thermal@30.25C POM_5V_IN 1689/1779 POM_5V_GPU 82/88 POM_5V_CPU 164/226
RAM 1381/3964MB (lfb 8x4MB) SWAP 773/6078MB (cached 36MB) IRAM 0/252kB(lfb 252kB) CPU [6%@921,9%@921,off,off] EMC_FREQ 0%@1600 GR3D_FREQ 0%@614 APE 25 PLL@30C CPU@31C iwlwifi@32C PMIC@50C GPU@29.5C AO@40.5C thermal@30.25C POM_5V_IN 1731/1779 POM_5V_GPU 82/88 POM_5V_CPU 164/226
RAM 1385/3964MB (lfb 8x4MB) SWAP 773/6078MB (cached 36MB) IRAM 0/252kB(lfb 252kB) CPU [7%@921,6%@921,off,off] EMC_FREQ 0%@1600 GR3D_FREQ 0%@614 APE 25 PLL@29.5C CPU@31C iwlwifi@32C PMIC@50C GPU@29.5C AO@40.5C thermal@30.5C POM_5V_IN 1731/1779 POM_5V_GPU 82/88 POM_5V_CPU 164/226
RAM 1385/3964MB (lfb 8x4MB) SWAP 773/6078MB (cached 36MB) IRAM 0/252kB(lfb 252kB) CPU [6%@921,7%@921,off,off] EMC_FREQ 0%@1600 GR3D_FREQ 0%@614 APE 25 PLL@29.5C CPU@31.5C iwlwifi@32C PMIC@50C GPU@29.5C AO@40.5C thermal@30.5C POM_5V_IN 1689/1779 POM_5V_GPU 82/87 POM_5V_CPU 164/226
RAM 1383/3964MB (lfb 8x4MB) SWAP 773/6078MB (cached 36MB) IRAM 0/252kB(lfb 252kB) CPU [5%@921,8%@921,off,off] EMC_FREQ 0%@1600 GR3D_FREQ 0%@614 APE 25 PLL@30C CPU@31C iwlwifi@32C PMIC@50C GPU@29.5C AO@40.5C thermal@30.25C POM_5V_IN 1689/1779 POM_5V_GPU 82/87 POM_5V_CPU 164/226
RAM 1381/3964MB (lfb 8x4MB) SWAP 773/6078MB (cached 36MB) IRAM 0/252kB(lfb 252kB) CPU [8%@921,6%@921,off,off] EMC_FREQ 0%@1600 GR3D_FREQ 0%@614 APE 25 PLL@29.5C CPU@31.5C iwlwifi@32C PMIC@50C GPU@29.5C AO@40.5C thermal@30.25C POM_5V_IN 1689/1779 POM_5V_GPU 82/87 POM_5V_CPU 164/226
RAM 1385/3964MB (lfb 8x4MB) SWAP 773/6078MB (cached 36MB) IRAM 0/252kB(lfb 252kB) CPU [8%@921,6%@921,off,off] EMC_FREQ 0%@1600 GR3D_FREQ 0%@614 APE 25 PLL@29.5C CPU@31C iwlwifi@32C PMIC@50C GPU@29.5C AO@40.5C thermal@30.5C POM_5V_IN 1689/1779 POM_5V_GPU 82/87 POM_5V_CPU 164/226
RAM 1383/3964MB (lfb 8x4MB) SWAP 773/6078MB (cached 36MB) IRAM 0/252kB(lfb 252kB) CPU [7%@921,6%@921,off,off] EMC_FREQ 0%@1600 GR3D_FREQ 0%@614 APE 25 PLL@29.5C CPU@31.5C iwlwifi@32C PMIC@50C GPU@29.5C AO@40.5C thermal@30.5C POM_5V_IN 1689/1779 POM_5V_GPU 82/87 POM_5V_CPU 164/226
RAM 1381/3964MB (lfb 8x4MB) SWAP 773/6078MB (cached 36MB) IRAM 0/252kB(lfb 252kB) CPU [6%@921,8%@921,off,off] EMC_FREQ 0%@1600 GR3D_FREQ 0%@614 APE 25 PLL@29.5C CPU@31C iwlwifi@32C PMIC@50C GPU@29.5C AO@40.5C thermal@30.5C POM_5V_IN 1689/1779 POM_5V_GPU 82/87 POM_5V_CPU 164/226
RAM 1385/3964MB (lfb 8x4MB) SWAP 773/6078MB (cached 36MB) IRAM 0/252kB(lfb 252kB) CPU [7%@921,6%@921,off,off] EMC_FREQ 0%@1600 GR3D_FREQ 0%@614 APE 25 PLL@30C CPU@31C iwlwifi@32C PMIC@50C GPU@29.5C AO@41C thermal@30.25C POM_5V_IN 1689/1779 POM_5V_GPU 82/87 POM_5V_CPU 164/225
RAM 1383/3964MB (lfb 8x4MB) SWAP 773/6078MB (cached 36MB) IRAM 0/252kB(lfb 252kB) CPU [8%@921,6%@921,off,off] EMC_FREQ 0%@1600 GR3D_FREQ 0%@614 APE 25 PLL@30C CPU@31C iwlwifi@32C PMIC@50C GPU@30C AO@40.5C thermal@30.25C POM_5V_IN 1689/1779 POM_5V_GPU 82/87 POM_5V_CPU 164/225
RAM 1383/3964MB (lfb 8x4MB) SWAP 773/6078MB (cached 36MB) IRAM 0/252kB(lfb 252kB) CPU [9%@921,4%@921,off,off] EMC_FREQ 0%@1600 GR3D_FREQ 0%@614 APE 25 PLL@29.5C CPU@31C iwlwifi@32C PMIC@50C GPU@29.5C AO@40.5C thermal@30.25C POM_5V_IN 1731/1779 POM_5V_GPU 82/87 POM_5V_CPU 164/225
RAM 1384/3964MB (lfb 8x4MB) SWAP 772/6078MB (cached 37MB) IRAM 0/252kB(lfb 252kB) CPU [7%@921,7%@921,off,off] EMC_FREQ 0%@1600 GR3D_FREQ 0%@614 APE 25 PLL@29.5C CPU@31.5C iwlwifi@32C PMIC@50C GPU@29.5C AO@40.5C thermal@30.25C POM_5V_IN 1689/1779 POM_5V_GPU 82/87 POM_5V_CPU 164/225
RAM 1388/3964MB (lfb 8x4MB) SWAP 770/6078MB (cached 37MB) IRAM 0/252kB(lfb 252kB) CPU [12%@921,12%@921,off,off] EMC_FREQ 0%@1600 GR3D_FREQ 0%@614 APE 25 PLL@29.5C CPU@31C iwlwifi@32C PMIC@50C GPU@29.5C AO@40.5C thermal@30.5C POM_5V_IN 1731/1778 POM_5V_GPU 82/87 POM_5V_CPU 164/225
RAM 1387/3964MB (lfb 8x4MB) SWAP 770/6078MB (cached 37MB) IRAM 0/252kB(lfb 252kB) CPU [8%@921,5%@921,off,off] EMC_FREQ 0%@1600 GR3D_FREQ 0%@614 APE 25 PLL@29.5C CPU@31C iwlwifi@32C PMIC@50C GPU@29.5C AO@40.5C thermal@30.25C POM_5V_IN 1689/1778 POM_5V_GPU 82/87 POM_5V_CPU 164/225
RAM 1385/3964MB (lfb 8x4MB) SWAP 770/6078MB (cached 37MB) IRAM 0/252kB(lfb 252kB) CPU [7%@921,7%@921,off,off] EMC_FREQ 0%@1600 GR3D_FREQ 0%@614 APE 25 PLL@29C CPU@31C iwlwifi@32C PMIC@50C GPU@30C AO@41C thermal@30.5C POM_5V_IN 1689/1778 POM_5V_GPU 82/87 POM_5V_CPU 164/225
RAM 1386/3964MB (lfb 8x4MB) SWAP 770/6078MB (cached 37MB) IRAM 0/252kB(lfb 252kB) CPU [7%@921,7%@921,off,off] EMC_FREQ 0%@1600 GR3D_FREQ 0%@614 APE 25 PLL@29.5C CPU@31.5C iwlwifi@32C PMIC@50C GPU@29.5C AO@40.5C thermal@30.5C POM_5V_IN 1689/1778 POM_5V_GPU 82/87 POM_5V_CPU 164/225
RAM 1385/3964MB (lfb 8x4MB) SWAP 770/6078MB (cached 37MB) IRAM 0/252kB(lfb 252kB) CPU [7%@921,6%@921,off,off] EMC_FREQ 0%@1600 GR3D_FREQ 0%@614 APE 25 PLL@29.5C CPU@31.5C iwlwifi@32C PMIC@50C GPU@29.5C AO@40.5C thermal@30.25C POM_5V_IN 1689/1778 POM_5V_GPU 82/87 POM_5V_CPU 164/225
RAM 1387/3964MB (lfb 8x4MB) SWAP 770/6078MB (cached 37MB) IRAM 0/252kB(lfb 252kB) CPU [6%@921,7%@921,off,off] EMC_FREQ 0%@1600 GR3D_FREQ 0%@614 APE 25 PLL@29.5C CPU@31C iwlwifi@32C PMIC@50C GPU@29.5C AO@40.5C thermal@30.5C POM_5V_IN 1687/1778 POM_5V_GPU 82/87 POM_5V_CPU 164/225
RAM 1389/3964MB (lfb 8x4MB) SWAP 770/6078MB (cached 37MB) IRAM 0/252kB(lfb 252kB) CPU [8%@921,6%@921,off,off] EMC_FREQ 0%@1600 GR3D_FREQ 0%@614 APE 25 PLL@30C CPU@31.5C iwlwifi@32C PMIC@50C GPU@29.5C AO@41C thermal@30.5C POM_5V_IN 1772/1778 POM_5V_GPU 82/87 POM_5V_CPU 205/225
RAM 1387/3964MB (lfb 8x4MB) SWAP 770/6078MB (cached 37MB) IRAM 0/252kB(lfb 252kB) CPU [7%@921,7%@921,off,off] EMC_FREQ 0%@1600 GR3D_FREQ 0%@614 APE 25 PLL@29.5C CPU@31.5C iwlwifi@32C PMIC@50C GPU@29.5C AO@40.5C thermal@30.5C POM_5V_IN 1689/1778 POM_5V_GPU 82/87 POM_5V_CPU 123/225
RAM 1389/3964MB (lfb 8x4MB) SWAP 770/6078MB (cached 37MB) IRAM 0/252kB(lfb 252kB) CPU [8%@921,5%@921,off,off] EMC_FREQ 0%@1600 GR3D_FREQ 0%@614 APE 25 PLL@29.5C CPU@31.5C iwlwifi@32C PMIC@50C GPU@29.5C AO@40.5C thermal@30.25C POM_5V_IN 1689/1778 POM_5V_GPU 82/87 POM_5V_CPU 164/225
RAM 1387/3964MB (lfb 8x4MB) SWAP 770/6078MB (cached 37MB) IRAM 0/252kB(lfb 252kB) CPU [7%@921,6%@921,off,off] EMC_FREQ 0%@1600 GR3D_FREQ 0%@614 APE 25 PLL@29.5C CPU@31.5C iwlwifi@32C PMIC@50C GPU@29.5C AO@40.5C thermal@30.5C POM_5V_IN 1689/1778 POM_5V_GPU 82/87 POM_5V_CPU 164/225
RAM 1387/3964MB (lfb 8x4MB) SWAP 770/6078MB (cached 37MB) IRAM 0/252kB(lfb 252kB) CPU [5%@921,9%@921,off,off] EMC_FREQ 0%@1600 GR3D_FREQ 0%@614 APE 25 PLL@30C CPU@31.5C iwlwifi@32C PMIC@50C GPU@29.5C AO@40.5C thermal@30.5C POM_5V_IN 1689/1778 POM_5V_GPU 82/87 POM_5V_CPU 164/225
RAM 1387/3964MB (lfb 8x4MB) SWAP 770/6078MB (cached 37MB) IRAM 0/252kB(lfb 252kB) CPU [6%@921,7%@921,off,off] EMC_FREQ 0%@1600 GR3D_FREQ 0%@614 APE 25 PLL@29.5C CPU@31.5C iwlwifi@32C PMIC@50C GPU@29.5C AO@40.5C thermal@30.5C POM_5V_IN 1689/1778 POM_5V_GPU 82/87 POM_5V_CPU 164/225
RAM 1387/3964MB (lfb 8x4MB) SWAP 770/6078MB (cached 37MB) IRAM 0/252kB(lfb 252kB) CPU [6%@921,8%@921,off,off] EMC_FREQ 0%@1600 GR3D_FREQ 0%@614 APE 25 PLL@29.5C CPU@31.5C iwlwifi@32C PMIC@50C GPU@29.5C AO@40.5C thermal@30.25C POM_5V_IN 1689/1778 POM_5V_GPU 82/87 POM_5V_CPU 164/225
RAM 1385/3964MB (lfb 8x4MB) SWAP 770/6078MB (cached 37MB) IRAM 0/252kB(lfb 252kB) CPU [8%@921,5%@921,off,off] EMC_FREQ 0%@1600 GR3D_FREQ 0%@614 APE 25 PLL@29.5C CPU@31.5C iwlwifi@32C PMIC@50C GPU@29.5C AO@40.5C thermal@30.5C POM_5V_IN 1689/1778 POM_5V_GPU 82/87 POM_5V_CPU 123/225
RAM 1388/3964MB (lfb 8x4MB) SWAP 770/6078MB (cached 37MB) IRAM 0/252kB(lfb 252kB) CPU [8%@921,6%@921,off,off] EMC_FREQ 0%@1600 GR3D_FREQ 0%@614 APE 25 PLL@29.5C CPU@31C iwlwifi@32C PMIC@50C GPU@29.5C AO@40.5C thermal@30.5C POM_5V_IN 1689/1778 POM_5V_GPU 82/87 POM_5V_CPU 164/225
RAM 1387/3964MB (lfb 8x4MB) SWAP 770/6078MB (cached 37MB) IRAM 0/252kB(lfb 252kB) CPU [9%@921,5%@921,off,off] EMC_FREQ 0%@1600 GR3D_FREQ 0%@614 APE 25 PLL@29.5C CPU@31C iwlwifi@32C PMIC@50C GPU@29.5C AO@40C thermal@30.75C POM_5V_IN 1689/1778 POM_5V_GPU 82/87 POM_5V_CPU 164/225
RAM 1385/3964MB (lfb 8x4MB) SWAP 770/6078MB (cached 37MB) IRAM 0/252kB(lfb 252kB) CPU [9%@921,5%@921,off,off] EMC_FREQ 0%@1600 GR3D_FREQ 0%@614 APE 25 PLL@29.5C CPU@31.5C iwlwifi@32C PMIC@50C GPU@30C AO@40.5C thermal@30.75C POM_5V_IN 1689/1778 POM_5V_GPU 82/87 POM_5V_CPU 164/225
RAM 1384/3964MB (lfb 8x4MB) SWAP 770/6078MB (cached 37MB) IRAM 0/252kB(lfb 252kB) CPU [6%@921,7%@921,off,off] EMC_FREQ 0%@1600 GR3D_FREQ 0%@614 APE 25 PLL@29.5C CPU@32C iwlwifi@32C PMIC@50C GPU@30C AO@40.5C thermal@30.75C POM_5V_IN 1689/1778 POM_5V_GPU 82/87 POM_5V_CPU 164/225
RAM 1387/3964MB (lfb 8x4MB) SWAP 770/6078MB (cached 37MB) IRAM 0/252kB(lfb 252kB) CPU [4%@921,9%@921,off,off] EMC_FREQ 0%@1600 GR3D_FREQ 0%@614 APE 25 PLL@29.5C CPU@31.5C iwlwifi@32C PMIC@50C GPU@30C AO@40.5C thermal@30.75C POM_5V_IN 1689/1778 POM_5V_GPU 82/87 POM_5V_CPU 164/225
RAM 1389/3964MB (lfb 8x4MB) SWAP 770/6078MB (cached 37MB) IRAM 0/252kB(lfb 252kB) CPU [5%@921,8%@921,off,off] EMC_FREQ 0%@1600 GR3D_FREQ 0%@614 APE 25 PLL@29.5C CPU@31.5C iwlwifi@32C PMIC@50C GPU@29.5C AO@40.5C thermal@30.75C POM_5V_IN 1689/1778 POM_5V_GPU 82/87 POM_5V_CPU 123/225
RAM 1391/3964MB (lfb 8x4MB) SWAP 770/6078MB (cached 37MB) IRAM 0/252kB(lfb 252kB) CPU [10%@921,8%@921,off,off] EMC_FREQ 0%@1600 GR3D_FREQ 0%@614 APE 25 PLL@29.5C CPU@31.5C iwlwifi@32C PMIC@50C GPU@29.5C AO@40.5C thermal@30.5C POM_5V_IN 1689/1778 POM_5V_GPU 82/87 POM_5V_CPU 164/225
RAM 1387/3964MB (lfb 8x4MB) SWAP 770/6078MB (cached 37MB) IRAM 0/252kB(lfb 252kB) CPU [6%@921,9%@921,off,off] EMC_FREQ 0%@1600 GR3D_FREQ 0%@614 APE 25 PLL@29.5C CPU@31.5C iwlwifi@32C PMIC@50C GPU@30C AO@41C thermal@30.75C POM_5V_IN 1731/1778 POM_5V_GPU 82/87 POM_5V_CPU 164/225
RAM 1387/3964MB (lfb 8x4MB) SWAP 770/6078MB (cached 37MB) IRAM 0/252kB(lfb 252kB) CPU [8%@921,5%@921,off,off] EMC_FREQ 0%@1600 GR3D_FREQ 0%@614 APE 25 PLL@29.5C CPU@31.5C iwlwifi@32C PMIC@50C GPU@30C AO@41C thermal@30.75C POM_5V_IN 1689/1778 POM_5V_GPU 82/87 POM_5V_CPU 164/225
RAM 1385/3964MB (lfb 8x4MB) SWAP 770/6078MB (cached 37MB) IRAM 0/252kB(lfb 252kB) CPU [7%@921,7%@921,off,off] EMC_FREQ 0%@1600 GR3D_FREQ 0%@614 APE 25 PLL@29.5C CPU@31.5C iwlwifi@32C PMIC@50C GPU@29.5C AO@41C thermal@30.75C POM_5V_IN 1851/1778 POM_5V_GPU 82/87 POM_5V_CPU 164/225
RAM 1389/3964MB (lfb 8x4MB) SWAP 770/6078MB (cached 37MB) IRAM 0/252kB(lfb 252kB) CPU [5%@921,8%@921,off,off] EMC_FREQ 0%@1600 GR3D_FREQ 0%@614 APE 25 PLL@29.5C CPU@31.5C iwlwifi@32C PMIC@50C GPU@29.5C AO@40.5C thermal@30.5C POM_5V_IN 1689/1778 POM_5V_GPU 82/87 POM_5V_CPU 164/225
RAM 1387/3964MB (lfb 8x4MB) SWAP 770/6078MB (cached 37MB) IRAM 0/252kB(lfb 252kB) CPU [6%@921,7%@921,off,off] EMC_FREQ 0%@1600 GR3D_FREQ 0%@614 APE 25 PLL@29.5C CPU@31.5C iwlwifi@32C PMIC@50C GPU@29.5C AO@40C thermal@30.5C POM_5V_IN 1689/1778 POM_5V_GPU 82/87 POM_5V_CPU 164/225
RAM 1388/3964MB (lfb 8x4MB) SWAP 770/6078MB (cached 37MB) IRAM 0/252kB(lfb 252kB) CPU [8%@921,6%@921,off,off] EMC_FREQ 0%@1600 GR3D_FREQ 0%@614 APE 25 PLL@29.5C CPU@31C iwlwifi@32C PMIC@50C GPU@30C AO@40.5C thermal@30.5C POM_5V_IN 1731/1778 POM_5V_GPU 82/87 POM_5V_CPU 164/225
RAM 1385/3964MB (lfb 8x4MB) SWAP 770/6078MB (cached 37MB) IRAM 0/252kB(lfb 252kB) CPU [7%@921,6%@921,off,off] EMC_FREQ 0%@1600 GR3D_FREQ 0%@614 APE 25 PLL@29.5C CPU@31.5C iwlwifi@32C PMIC@50C GPU@30C AO@40C thermal@30.5C POM_5V_IN 1689/1777 POM_5V_GPU 82/87 POM_5V_CPU 164/225
RAM 1385/3964MB (lfb 8x4MB) SWAP 770/6078MB (cached 37MB) IRAM 0/252kB(lfb 252kB) CPU [9%@921,3%@921,off,off] EMC_FREQ 0%@1600 GR3D_FREQ 0%@614 APE 25 PLL@29.5C CPU@31.5C iwlwifi@32C PMIC@50C GPU@29.5C AO@40.5C thermal@30.25C POM_5V_IN 1731/1777 POM_5V_GPU 82/87 POM_5V_CPU 164/225
RAM 1388/3964MB (lfb 8x4MB) SWAP 770/6078MB (cached 37MB) IRAM 0/252kB(lfb 252kB) CPU [6%@921,8%@921,off,off] EMC_FREQ 0%@1600 GR3D_FREQ 0%@614 APE 25 PLL@29.5C CPU@31C iwlwifi@32C PMIC@50C GPU@29.5C AO@40.5C thermal@30.5C POM_5V_IN 1687/1777 POM_5V_GPU 82/87 POM_5V_CPU 164/224
RAM 1385/3964MB (lfb 8x4MB) SWAP 770/6078MB (cached 37MB) IRAM 0/252kB(lfb 252kB) CPU [7%@921,6%@921,off,off] EMC_FREQ 0%@1600 GR3D_FREQ 0%@614 APE 25 PLL@29.5C CPU@31C iwlwifi@32C PMIC@50C GPU@29.5C AO@40C thermal@30.5C POM_5V_IN 1689/1777 POM_5V_GPU 82/87 POM_5V_CPU 164/224
RAM 1389/3964MB (lfb 8x4MB) SWAP 770/6078MB (cached 37MB) IRAM 0/252kB(lfb 252kB) CPU [6%@921,8%@921,off,off] EMC_FREQ 0%@1600 GR3D_FREQ 0%@614 APE 25 PLL@29.5C CPU@31C iwlwifi@32C PMIC@50C GPU@29.5C AO@40.5C thermal@30.75C POM_5V_IN 1689/1777 POM_5V_GPU 82/87 POM_5V_CPU 123/224
RAM 1389/3964MB (lfb 8x4MB) SWAP 770/6078MB (cached 37MB) IRAM 0/252kB(lfb 252kB) CPU [6%@921,7%@921,off,off] EMC_FREQ 0%@1600 GR3D_FREQ 0%@614 APE 25 PLL@29.5C CPU@31C iwlwifi@32C PMIC@50C GPU@30C AO@40.5C thermal@30.25C POM_5V_IN 1689/1777 POM_5V_GPU 82/87 POM_5V_CPU 164/224
RAM 1389/3964MB (lfb 8x4MB) SWAP 770/6078MB (cached 37MB) IRAM 0/252kB(lfb 252kB) CPU [8%@921,6%@921,off,off] EMC_FREQ 0%@1600 GR3D_FREQ 0%@614 APE 25 PLL@29.5C CPU@31C iwlwifi@32C PMIC@50C GPU@29.5C AO@40.5C thermal@30.5C POM_5V_IN 1689/1777 POM_5V_GPU 82/87 POM_5V_CPU 164/224
RAM 1387/3964MB (lfb 8x4MB) SWAP 770/6078MB (cached 37MB) IRAM 0/252kB(lfb 252kB) CPU [7%@921,6%@921,off,off] EMC_FREQ 0%@1600 GR3D_FREQ 0%@614 APE 25 PLL@29.5C CPU@31C iwlwifi@32C PMIC@50C GPU@29.5C AO@40.5C thermal@30.5C POM_5V_IN 1689/1777 POM_5V_GPU 82/87 POM_5V_CPU 164/224
RAM 1385/3964MB (lfb 8x4MB) SWAP 770/6078MB (cached 37MB) IRAM 0/252kB(lfb 252kB) CPU [5%@921,8%@921,off,off] EMC_FREQ 0%@1600 GR3D_FREQ 0%@614 APE 25 PLL@29.5C CPU@30.5C iwlwifi@32C PMIC@50C GPU@30C AO@40.5C thermal@30.5C POM_5V_IN 1689/1777 POM_5V_GPU 82/87 POM_5V_CPU 164/224
RAM 1388/3964MB (lfb 8x4MB) SWAP 770/6078MB (cached 37MB) IRAM 0/252kB(lfb 252kB) CPU [6%@921,6%@921,off,off] EMC_FREQ 0%@1600 GR3D_FREQ 0%@614 APE 25 PLL@29.5C CPU@31C iwlwifi@32C PMIC@50C GPU@30C AO@41C thermal@30.5C POM_5V_IN 1689/1777 POM_5V_GPU 82/87 POM_5V_CPU 123/224
RAM 1386/3964MB (lfb 8x4MB) SWAP 770/6078MB (cached 37MB) IRAM 0/252kB(lfb 252kB) CPU [6%@921,6%@921,off,off] EMC_FREQ 0%@1600 GR3D_FREQ 0%@614 APE 25 PLL@29.5C CPU@31C iwlwifi@32C PMIC@50C GPU@30C AO@40.5C thermal@30.5C POM_5V_IN 1689/1777 POM_5V_GPU 82/87 POM_5V_CPU 164/224
RAM 1387/3964MB (lfb 8x4MB) SWAP 770/6078MB (cached 37MB) IRAM 0/252kB(lfb 252kB) CPU [7%@921,8%@921,off,off] EMC_FREQ 0%@1600 GR3D_FREQ 0%@614 APE 25 PLL@29.5C CPU@31.5C iwlwifi@32C PMIC@50C GPU@29.5C AO@40.5C thermal@30.5C POM_5V_IN 1689/1777 POM_5V_GPU 82/87 POM_5V_CPU 164/224
RAM 1385/3964MB (lfb 8x4MB) SWAP 770/6078MB (cached 37MB) IRAM 0/252kB(lfb 252kB) CPU [4%@921,8%@921,off,off] EMC_FREQ 0%@1600 GR3D_FREQ 0%@614 APE 25 PLL@29.5C CPU@31.5C iwlwifi@32C PMIC@50C GPU@29.5C AO@40.5C thermal@30.5C POM_5V_IN 1689/1777 POM_5V_GPU 82/87 POM_5V_CPU 164/224
RAM 1385/3964MB (lfb 8x4MB) SWAP 770/6078MB (cached 37MB) IRAM 0/252kB(lfb 252kB) CPU [6%@921,8%@921,off,off] EMC_FREQ 0%@1600 GR3D_FREQ 0%@614 APE 25 PLL@29.5C CPU@31C iwlwifi@32C PMIC@50C GPU@30C AO@40.5C thermal@30.5C POM_5V_IN 1689/1777 POM_5V_GPU 82/87 POM_5V_CPU 164/224
RAM 1387/3964MB (lfb 8x4MB) SWAP 770/6078MB (cached 37MB) IRAM 0/252kB(lfb 252kB) CPU [9%@921,5%@921,off,off] EMC_FREQ 0%@1600 GR3D_FREQ 0%@614 APE 25 PLL@29.5C CPU@31C iwlwifi@32C PMIC@50C GPU@29.5C AO@40.5C thermal@30.25C POM_5V_IN 1689/1777 POM_5V_GPU 82/87 POM_5V_CPU 164/224
RAM 1389/3964MB (lfb 8x4MB) SWAP 770/6078MB (cached 37MB) IRAM 0/252kB(lfb 252kB) CPU [8%@921,5%@921,off,off] EMC_FREQ 0%@1600 GR3D_FREQ 0%@614 APE 25 PLL@29C CPU@31C iwlwifi@32C PMIC@50C GPU@29.5C AO@40.5C thermal@30.25C POM_5V_IN 1689/1777 POM_5V_GPU 82/87 POM_5V_CPU 164/224
RAM 1389/3964MB (lfb 8x4MB) SWAP 770/6078MB (cached 37MB) IRAM 0/252kB(lfb 252kB) CPU [7%@921,6%@921,off,off] EMC_FREQ 0%@1600 GR3D_FREQ 0%@614 APE 25 PLL@29.5C CPU@31C iwlwifi@32C PMIC@50C GPU@29.5C AO@40.5C thermal@30.5C POM_5V_IN 1689/1777 POM_5V_GPU 82/87 POM_5V_CPU 164/224
RAM 1385/3964MB (lfb 8x4MB) SWAP 770/6078MB (cached 37MB) IRAM 0/252kB(lfb 252kB) CPU [8%@921,5%@921,off,off] EMC_FREQ 0%@1600 GR3D_FREQ 0%@614 APE 25 PLL@29.5C CPU@31C iwlwifi@32C PMIC@50C GPU@29.5C AO@40.5C thermal@30.5C POM_5V_IN 1689/1777 POM_5V_GPU 82/87 POM_5V_CPU 164/224
RAM 1389/3964MB (lfb 8x4MB) SWAP 770/6078MB (cached 37MB) IRAM 0/252kB(lfb 252kB) CPU [8%@921,5%@921,off,off] EMC_FREQ 0%@1600 GR3D_FREQ 0%@614 APE 25 PLL@29C CPU@31.5C iwlwifi@32C PMIC@50C GPU@29.5C AO@40.5C thermal@30.75C POM_5V_IN 1731/1777 POM_5V_GPU 82/87 POM_5V_CPU 164/224
RAM 1387/3964MB (lfb 8x4MB) SWAP 770/6078MB (cached 37MB) IRAM 0/252kB(lfb 252kB) CPU [6%@921,8%@921,off,off] EMC_FREQ 0%@1600 GR3D_FREQ 0%@614 APE 25 PLL@29.5C CPU@31C iwlwifi@32C PMIC@50C GPU@30C AO@40.5C thermal@30.5C POM_5V_IN 1689/1777 POM_5V_GPU 82/87 POM_5V_CPU 164/224
RAM 1389/3964MB (lfb 8x4MB) SWAP 770/6078MB (cached 37MB) IRAM 0/252kB(lfb 252kB) CPU [10%@921,3%@921,off,off] EMC_FREQ 0%@1600 GR3D_FREQ 0%@614 APE 25 PLL@29.5C CPU@31.5C iwlwifi@32C PMIC@50C GPU@29.5C AO@40.5C thermal@30.75C POM_5V_IN 1892/1777 POM_5V_GPU 82/87 POM_5V_CPU 288/224
RAM 1387/3964MB (lfb 8x4MB) SWAP 770/6078MB (cached 37MB) IRAM 0/252kB(lfb 252kB) CPU [7%@921,7%@921,off,off] EMC_FREQ 0%@1600 GR3D_FREQ 0%@614 APE 25 PLL@29.5C CPU@31.5C iwlwifi@32C PMIC@50C GPU@30C AO@40.5C thermal@30.5C POM_5V_IN 1689/1777 POM_5V_GPU 82/87 POM_5V_CPU 123/224
RAM 1390/3964MB (lfb 8x4MB) SWAP 770/6078MB (cached 37MB) IRAM 0/252kB(lfb 252kB) CPU [6%@921,7%@921,off,off] EMC_FREQ 0%@1600 GR3D_FREQ 0%@614 APE 25 PLL@29C CPU@31C iwlwifi@32C PMIC@50C GPU@30C AO@41C thermal@30.75C POM_5V_IN 1689/1777 POM_5V_GPU 82/87 POM_5V_CPU 123/224
RAM 1389/3964MB (lfb 8x4MB) SWAP 770/6078MB (cached 37MB) IRAM 0/252kB(lfb 252kB) CPU [8%@921,6%@921,off,off] EMC_FREQ 0%@1600 GR3D_FREQ 0%@614 APE 25 PLL@29.5C CPU@31C iwlwifi@32C PMIC@50C GPU@29.5C AO@40.5C thermal@30.5C POM_5V_IN 1689/1777 POM_5V_GPU 82/87 POM_5V_CPU 164/224
RAM 1389/3964MB (lfb 8x4MB) SWAP 770/6078MB (cached 37MB) IRAM 0/252kB(lfb 252kB) CPU [8%@921,5%@921,off,off] EMC_FREQ 0%@1600 GR3D_FREQ 0%@614 APE 25 PLL@29.5C CPU@31C iwlwifi@32C PMIC@50C GPU@30C AO@40.5C thermal@30.5C POM_5V_IN 1689/1777 POM_5V_GPU 82/87 POM_5V_CPU 164/224
RAM 1389/3964MB (lfb 8x4MB) SWAP 770/6078MB (cached 37MB) IRAM 0/252kB(lfb 252kB) CPU [6%@921,7%@921,off,off] EMC_FREQ 0%@1600 GR3D_FREQ 0%@614 APE 25 PLL@29C CPU@31.5C iwlwifi@32C PMIC@50C GPU@30C AO@40.5C thermal@30.5C POM_5V_IN 1689/1777 POM_5V_GPU 82/87 POM_5V_CPU 164/224
RAM 1389/3964MB (lfb 8x4MB) SWAP 770/6078MB (cached 37MB) IRAM 0/252kB(lfb 252kB) CPU [8%@921,5%@921,off,off] EMC_FREQ 0%@1600 GR3D_FREQ 0%@614 APE 25 PLL@29C CPU@31C iwlwifi@32C PMIC@50C GPU@30C AO@41C thermal@30.25C POM_5V_IN 1689/1777 POM_5V_GPU 82/87 POM_5V_CPU 164/224
RAM 1387/3964MB (lfb 8x4MB) SWAP 770/6078MB (cached 37MB) IRAM 0/252kB(lfb 252kB) CPU [8%@921,6%@921,off,off] EMC_FREQ 0%@1600 GR3D_FREQ 0%@614 APE 25 PLL@29.5C CPU@31C iwlwifi@32C PMIC@50C GPU@29.5C AO@40.5C thermal@30.25C POM_5V_IN 1689/1777 POM_5V_GPU 82/87 POM_5V_CPU 164/224
RAM 1387/3964MB (lfb 8x4MB) SWAP 770/6078MB (cached 37MB) IRAM 0/252kB(lfb 252kB) CPU [5%@921,8%@921,off,off] EMC_FREQ 0%@1600 GR3D_FREQ 0%@614 APE 25 PLL@29.5C CPU@31.5C iwlwifi@32C PMIC@50C GPU@30C AO@40.5C thermal@30.25C POM_5V_IN 1731/1776 POM_5V_GPU 82/87 POM_5V_CPU 164/224
RAM 1387/3964MB (lfb 8x4MB) SWAP 770/6078MB (cached 37MB) IRAM 0/252kB(lfb 252kB) CPU [6%@921,7%@921,off,off] EMC_FREQ 0%@1600 GR3D_FREQ 0%@614 APE 25 PLL@29.5C CPU@31C iwlwifi@32C PMIC@50C GPU@30C AO@40.5C thermal@30.5C POM_5V_IN 1731/1776 POM_5V_GPU 82/87 POM_5V_CPU 164/224
RAM 1389/3964MB (lfb 8x4MB) SWAP 770/6078MB (cached 37MB) IRAM 0/252kB(lfb 252kB) CPU [7%@921,8%@921,off,off] EMC_FREQ 0%@1600 GR3D_FREQ 0%@614 APE 25 PLL@29.5C CPU@31C iwlwifi@32C PMIC@50C GPU@29.5C AO@40.5C thermal@30.75C POM_5V_IN 1689/1776 POM_5V_GPU 82/87 POM_5V_CPU 164/224
RAM 1385/3964MB (lfb 8x4MB) SWAP 770/6078MB (cached 37MB) IRAM 0/252kB(lfb 252kB) CPU [8%@921,5%@921,off,off] EMC_FREQ 0%@1600 GR3D_FREQ 0%@614 APE 25 PLL@29C CPU@31.5C iwlwifi@32C PMIC@50C GPU@30C AO@40.5C thermal@30.5C POM_5V_IN 1689/1776 POM_5V_GPU 82/87 POM_5V_CPU 164/224
RAM 1387/3964MB (lfb 8x4MB) SWAP 770/6078MB (cached 37MB) IRAM 0/252kB(lfb 252kB) CPU [8%@921,6%@921,off,off] EMC_FREQ 0%@1600 GR3D_FREQ 0%@614 APE 25 PLL@29C CPU@31.5C iwlwifi@32C PMIC@50C GPU@30C AO@40.5C thermal@30.25C POM_5V_IN 1689/1776 POM_5V_GPU 82/87 POM_5V_CPU 123/224
RAM 1385/3964MB (lfb 8x4MB) SWAP 770/6078MB (cached 37MB) IRAM 0/252kB(lfb 252kB) CPU [6%@921,7%@921,off,off] EMC_FREQ 0%@1600 GR3D_FREQ 0%@614 APE 25 PLL@29.5C CPU@31C iwlwifi@32C PMIC@50C GPU@30C AO@40.5C thermal@30.25C POM_5V_IN 1689/1776 POM_5V_GPU 82/87 POM_5V_CPU 164/224
RAM 1385/3964MB (lfb 8x4MB) SWAP 770/6078MB (cached 37MB) IRAM 0/252kB(lfb 252kB) CPU [7%@921,6%@921,off,off] EMC_FREQ 0%@1600 GR3D_FREQ 0%@614 APE 25 PLL@29C CPU@31C iwlwifi@32C PMIC@50C GPU@29.5C AO@40.5C thermal@30.5C POM_5V_IN 1689/1776 POM_5V_GPU 82/87 POM_5V_CPU 164/224
RAM 1385/3964MB (lfb 8x4MB) SWAP 770/6078MB (cached 37MB) IRAM 0/252kB(lfb 252kB) CPU [6%@921,7%@921,off,off] EMC_FREQ 0%@1600 GR3D_FREQ 0%@614 APE 25 PLL@29.5C CPU@31C iwlwifi@33C PMIC@50C GPU@29.5C AO@40.5C thermal@30.5C POM_5V_IN 1689/1776 POM_5V_GPU 82/87 POM_5V_CPU 164/223
RAM 1385/3964MB (lfb 8x4MB) SWAP 770/6078MB (cached 37MB) IRAM 0/252kB(lfb 252kB) CPU [7%@921,7%@921,off,off] EMC_FREQ 0%@1600 GR3D_FREQ 0%@614 APE 25 PLL@29.5C CPU@31C iwlwifi@32C PMIC@50C GPU@30C AO@41C thermal@30.25C POM_5V_IN 1689/1776 POM_5V_GPU 82/87 POM_5V_CPU 164/223
RAM 1390/3964MB (lfb 8x4MB) SWAP 770/6078MB (cached 37MB) IRAM 0/252kB(lfb 252kB) CPU [7%@921,6%@921,off,off] EMC_FREQ 0%@1600 GR3D_FREQ 0%@614 APE 25 PLL@29C CPU@31C iwlwifi@32C PMIC@50C GPU@29.5C AO@40.5C thermal@30.5C POM_5V_IN 1689/1776 POM_5V_GPU 82/87 POM_5V_CPU 164/223
RAM 1388/3964MB (lfb 8x4MB) SWAP 770/6078MB (cached 37MB) IRAM 0/252kB(lfb 252kB) CPU [5%@921,9%@921,off,off] EMC_FREQ 0%@1600 GR3D_FREQ 0%@614 APE 25 PLL@29.5C CPU@31C iwlwifi@32C PMIC@50C GPU@29.5C AO@40C thermal@30.5C POM_5V_IN 1689/1776 POM_5V_GPU 82/87 POM_5V_CPU 123/223
RAM 1388/3964MB (lfb 8x4MB) SWAP 770/6078MB (cached 37MB) IRAM 0/252kB(lfb 252kB) CPU [6%@921,7%@921,off,off] EMC_FREQ 0%@1600 GR3D_FREQ 0%@614 APE 25 PLL@29.5C CPU@31C iwlwifi@32C PMIC@50C GPU@30C AO@40.5C thermal@30.25C POM_5V_IN 1689/1776 POM_5V_GPU 82/87 POM_5V_CPU 164/223
RAM 1388/3964MB (lfb 8x4MB) SWAP 770/6078MB (cached 37MB) IRAM 0/252kB(lfb 252kB) CPU [7%@921,7%@921,off,off] EMC_FREQ 0%@1600 GR3D_FREQ 0%@614 APE 25 PLL@29C CPU@31C iwlwifi@32C PMIC@50C GPU@30C AO@40.5C thermal@30.25C POM_5V_IN 1689/1776 POM_5V_GPU 82/87 POM_5V_CPU 164/223
RAM 1387/3964MB (lfb 8x4MB) SWAP 770/6078MB (cached 37MB) IRAM 0/252kB(lfb 252kB) CPU [8%@921,5%@921,off,off] EMC_FREQ 0%@1600 GR3D_FREQ 0%@614 APE 25 PLL@29.5C CPU@31C iwlwifi@32C PMIC@50C GPU@30C AO@40.5C thermal@30.5C POM_5V_IN 1813/1776 POM_5V_GPU 82/87 POM_5V_CPU 246/223
RAM 1389/3964MB (lfb 8x4MB) SWAP 770/6078MB (cached 37MB) IRAM 0/252kB(lfb 252kB) CPU [5%@921,7%@921,off,off] EMC_FREQ 0%@1600 GR3D_FREQ 0%@614 APE 25 PLL@29.5C CPU@31C iwlwifi@32C PMIC@50C GPU@29.5C AO@41C thermal@30.25C POM_5V_IN 1689/1776 POM_5V_GPU 82/87 POM_5V_CPU 164/223
RAM 1385/3964MB (lfb 8x4MB) SWAP 770/6078MB (cached 37MB) IRAM 0/252kB(lfb 252kB) CPU [6%@921,7%@921,off,off] EMC_FREQ 0%@1600 GR3D_FREQ 0%@614 APE 25 PLL@29.5C CPU@31C iwlwifi@32C PMIC@50C GPU@29.5C AO@41C thermal@30.25C POM_5V_IN 1689/1776 POM_5V_GPU 82/87 POM_5V_CPU 164/223
RAM 1389/3964MB (lfb 8x4MB) SWAP 770/6078MB (cached 37MB) IRAM 0/252kB(lfb 252kB) CPU [9%@921,4%@921,off,off] EMC_FREQ 0%@1600 GR3D_FREQ 0%@614 APE 25 PLL@29.5C CPU@31.5C iwlwifi@32C PMIC@50C GPU@30C AO@40.5C thermal@30.25C POM_5V_IN 1689/1776 POM_5V_GPU 82/87 POM_5V_CPU 164/223
RAM 1389/3964MB (lfb 8x4MB) SWAP 770/6078MB (cached 37MB) IRAM 0/252kB(lfb 252kB) CPU [8%@921,6%@921,off,off] EMC_FREQ 0%@1600 GR3D_FREQ 0%@614 APE 25 PLL@29.5C CPU@31C iwlwifi@32C PMIC@50C GPU@29.5C AO@40.5C thermal@30.25C POM_5V_IN 1687/1776 POM_5V_GPU 82/87 POM_5V_CPU 164/223
RAM 1389/3964MB (lfb 8x4MB) SWAP 770/6078MB (cached 37MB) IRAM 0/252kB(lfb 252kB) CPU [5%@921,8%@921,off,off] EMC_FREQ 0%@1600 GR3D_FREQ 0%@614 APE 25 PLL@29.5C CPU@31C iwlwifi@32C PMIC@50C GPU@29.5C AO@40.5C thermal@30.5C POM_5V_IN 1689/1776 POM_5V_GPU 82/87 POM_5V_CPU 164/223
RAM 1390/3964MB (lfb 8x4MB) SWAP 770/6078MB (cached 37MB) IRAM 0/252kB(lfb 252kB) CPU [6%@921,8%@921,off,off] EMC_FREQ 0%@1600 GR3D_FREQ 0%@614 APE 25 PLL@29.5C CPU@31C iwlwifi@32C PMIC@50C GPU@30C AO@40.5C thermal@30.25C POM_5V_IN 1687/1776 POM_5V_GPU 82/87 POM_5V_CPU 164/223
RAM 1389/3964MB (lfb 8x4MB) SWAP 770/6078MB (cached 37MB) IRAM 0/252kB(lfb 252kB) CPU [7%@921,6%@921,off,off] EMC_FREQ 0%@1600 GR3D_FREQ 0%@614 APE 25 PLL@29C CPU@31.5C iwlwifi@32C PMIC@50C GPU@30C AO@40.5C thermal@30.5C POM_5V_IN 1689/1776 POM_5V_GPU 82/87 POM_5V_CPU 164/223
RAM 1389/3964MB (lfb 8x4MB) SWAP 770/6078MB (cached 37MB) IRAM 0/252kB(lfb 252kB) CPU [7%@921,7%@921,off,off] EMC_FREQ 0%@1600 GR3D_FREQ 0%@614 APE 25 PLL@29.5C CPU@31C iwlwifi@32C PMIC@50C GPU@29.5C AO@40.5C thermal@30.5C POM_5V_IN 1689/1776 POM_5V_GPU 82/87 POM_5V_CPU 164/223
RAM 1387/3964MB (lfb 8x4MB) SWAP 770/6078MB (cached 37MB) IRAM 0/252kB(lfb 252kB) CPU [5%@921,8%@921,off,off] EMC_FREQ 0%@1600 GR3D_FREQ 0%@614 APE 25 PLL@29.5C CPU@31C iwlwifi@32C PMIC@50C GPU@29.5C AO@40.5C thermal@30.5C POM_5V_IN 1689/1776 POM_5V_GPU 82/87 POM_5V_CPU 164/223
RAM 1387/3964MB (lfb 8x4MB) SWAP 770/6078MB (cached 37MB) IRAM 0/252kB(lfb 252kB) CPU [5%@921,9%@921,off,off] EMC_FREQ 0%@1600 GR3D_FREQ 0%@614 APE 25 PLL@29C CPU@31C iwlwifi@32C PMIC@50C GPU@30C AO@41C thermal@30.75C POM_5V_IN 1689/1776 POM_5V_GPU 82/87 POM_5V_CPU 164/223
RAM 1387/3964MB (lfb 8x4MB) SWAP 770/6078MB (cached 37MB) IRAM 0/252kB(lfb 252kB) CPU [5%@921,9%@921,off,off] EMC_FREQ 0%@1600 GR3D_FREQ 0%@614 APE 25 PLL@29.5C CPU@31C iwlwifi@32C PMIC@50C GPU@29.5C AO@41C thermal@30.5C POM_5V_IN 1689/1776 POM_5V_GPU 82/87 POM_5V_CPU 164/223
RAM 1386/3964MB (lfb 8x4MB) SWAP 770/6078MB (cached 37MB) IRAM 0/252kB(lfb 252kB) CPU [6%@921,8%@921,off,off] EMC_FREQ 0%@1600 GR3D_FREQ 0%@614 APE 25 PLL@29.5C CPU@31C iwlwifi@32C PMIC@50C GPU@30C AO@40.5C thermal@30.25C POM_5V_IN 1689/1776 POM_5V_GPU 82/87 POM_5V_CPU 164/223
RAM 1385/3964MB (lfb 8x4MB) SWAP 770/6078MB (cached 37MB) IRAM 0/252kB(lfb 252kB) CPU [7%@921,6%@921,off,off] EMC_FREQ 0%@1600 GR3D_FREQ 0%@614 APE 25 PLL@29.5C CPU@31.5C iwlwifi@32C PMIC@50C GPU@29.5C AO@41C thermal@30.75C POM_5V_IN 1689/1775 POM_5V_GPU 82/87 POM_5V_CPU 164/223
RAM 1390/3964MB (lfb 8x4MB) SWAP 770/6078MB (cached 37MB) IRAM 0/252kB(lfb 252kB) CPU [7%@921,7%@921,off,off] EMC_FREQ 0%@1600 GR3D_FREQ 0%@614 APE 25 PLL@29.5C CPU@31.5C iwlwifi@32C PMIC@50C GPU@30C AO@41C thermal@30.25C POM_5V_IN 1689/1775 POM_5V_GPU 82/87 POM_5V_CPU 123/223
RAM 1385/3964MB (lfb 8x4MB) SWAP 770/6078MB (cached 37MB) IRAM 0/252kB(lfb 252kB) CPU [7%@921,6%@921,off,off] EMC_FREQ 0%@1600 GR3D_FREQ 0%@614 APE 25 PLL@29.5C CPU@31.5C iwlwifi@32C PMIC@50C GPU@29.5C AO@40.5C thermal@30.25C POM_5V_IN 1689/1775 POM_5V_GPU 82/87 POM_5V_CPU 123/223
RAM 1389/3964MB (lfb 8x4MB) SWAP 770/6078MB (cached 37MB) IRAM 0/252kB(lfb 252kB) CPU [8%@921,6%@921,off,off] EMC_FREQ 0%@1600 GR3D_FREQ 0%@614 APE 25 PLL@29.5C CPU@31C iwlwifi@32C PMIC@50C GPU@30C AO@40C thermal@30.5C POM_5V_IN 1689/1775 POM_5V_GPU 82/87 POM_5V_CPU 164/223
RAM 1386/3964MB (lfb 8x4MB) SWAP 770/6078MB (cached 37MB) IRAM 0/252kB(lfb 252kB) CPU [5%@921,10%@921,off,off] EMC_FREQ 0%@1600 GR3D_FREQ 0%@614 APE 25 PLL@29.5C CPU@31C iwlwifi@32C PMIC@50C GPU@30C AO@41C thermal@30.5C POM_5V_IN 1689/1775 POM_5V_GPU 82/87 POM_5V_CPU 123/223
RAM 1387/3964MB (lfb 8x4MB) SWAP 770/6078MB (cached 37MB) IRAM 0/252kB(lfb 252kB) CPU [10%@921,4%@921,off,off] EMC_FREQ 0%@1600 GR3D_FREQ 0%@614 APE 25 PLL@29.5C CPU@31.5C iwlwifi@32C PMIC@50C GPU@29.5C AO@40.5C thermal@30.25C POM_5V_IN 1772/1775 POM_5V_GPU 82/87 POM_5V_CPU 206/223
RAM 1387/3964MB (lfb 8x4MB) SWAP 770/6078MB (cached 37MB) IRAM 0/252kB(lfb 252kB) CPU [7%@921,6%@921,off,off] EMC_FREQ 0%@1600 GR3D_FREQ 0%@614 APE 25 PLL@29.5C CPU@31C iwlwifi@32C PMIC@50C GPU@30C AO@40.5C thermal@30.5C POM_5V_IN 1689/1775 POM_5V_GPU 82/87 POM_5V_CPU 164/223
RAM 1385/3964MB (lfb 8x4MB) SWAP 770/6078MB (cached 37MB) IRAM 0/252kB(lfb 252kB) CPU [7%@921,6%@921,off,off] EMC_FREQ 0%@1600 GR3D_FREQ 0%@614 APE 25 PLL@29.5C CPU@31C iwlwifi@32C PMIC@50C GPU@29.5C AO@40.5C thermal@30.5C POM_5V_IN 1689/1775 POM_5V_GPU 82/87 POM_5V_CPU 164/223
RAM 1389/3964MB (lfb 8x4MB) SWAP 770/6078MB (cached 37MB) IRAM 0/252kB(lfb 252kB) CPU [7%@921,7%@921,off,off] EMC_FREQ 0%@1600 GR3D_FREQ 0%@614 APE 25 PLL@29.5C CPU@31C iwlwifi@32C PMIC@50C GPU@30C AO@40.5C thermal@30.5C POM_5V_IN 1689/1775 POM_5V_GPU 82/87 POM_5V_CPU 164/223
RAM 1389/3964MB (lfb 8x4MB) SWAP 770/6078MB (cached 37MB) IRAM 0/252kB(lfb 252kB) CPU [8%@921,5%@921,off,off] EMC_FREQ 0%@1600 GR3D_FREQ 0%@614 APE 25 PLL@29.5C CPU@31C iwlwifi@32C PMIC@50C GPU@29.5C AO@40.5C thermal@30.75C POM_5V_IN 1731/1775 POM_5V_GPU 82/87 POM_5V_CPU 164/223
RAM 1389/3964MB (lfb 8x4MB) SWAP 770/6078MB (cached 37MB) IRAM 0/252kB(lfb 252kB) CPU [7%@921,7%@921,off,off] EMC_FREQ 0%@1600 GR3D_FREQ 0%@614 APE 25 PLL@29.5C CPU@31C iwlwifi@32C PMIC@50C GPU@29.5C AO@40.5C thermal@30.5C POM_5V_IN 1689/1775 POM_5V_GPU 82/87 POM_5V_CPU 164/223
RAM 1389/3964MB (lfb 8x4MB) SWAP 770/6078MB (cached 37MB) IRAM 0/252kB(lfb 252kB) CPU [9%@921,4%@921,off,off] EMC_FREQ 0%@1600 GR3D_FREQ 0%@614 APE 25 PLL@29.5C CPU@31C iwlwifi@32C PMIC@50C GPU@29.5C AO@40.5C thermal@30.5C POM_5V_IN 1689/1775 POM_5V_GPU 82/87 POM_5V_CPU 164/223
RAM 1389/3964MB (lfb 8x4MB) SWAP 770/6078MB (cached 37MB) IRAM 0/252kB(lfb 252kB) CPU [8%@921,6%@921,off,off] EMC_FREQ 0%@1600 GR3D_FREQ 0%@614 APE 25 PLL@29.5C CPU@31C iwlwifi@32C PMIC@50C GPU@30C AO@40.5C thermal@30.5C POM_5V_IN 1689/1775 POM_5V_GPU 82/87 POM_5V_CPU 164/223
RAM 1387/3964MB (lfb 8x4MB) SWAP 770/6078MB (cached 37MB) IRAM 0/252kB(lfb 252kB) CPU [7%@921,6%@921,off,off] EMC_FREQ 0%@1600 GR3D_FREQ 0%@614 APE 25 PLL@29.5C CPU@31.5C iwlwifi@32C PMIC@50C GPU@29.5C AO@40.5C thermal@30.5C POM_5V_IN 1731/1775 POM_5V_GPU 82/87 POM_5V_CPU 164/223
RAM 1387/3964MB (lfb 8x4MB) SWAP 770/6078MB (cached 37MB) IRAM 0/252kB(lfb 252kB) CPU [5%@921,9%@921,off,off] EMC_FREQ 0%@1600 GR3D_FREQ 0%@614 APE 25 PLL@29.5C CPU@31C iwlwifi@32C PMIC@50C GPU@29.5C AO@40.5C thermal@30.75C POM_5V_IN 1689/1775 POM_5V_GPU 82/87 POM_5V_CPU 164/223
RAM 1387/3964MB (lfb 8x4MB) SWAP 770/6078MB (cached 37MB) IRAM 0/252kB(lfb 252kB) CPU [5%@921,8%@921,off,off] EMC_FREQ 0%@1600 GR3D_FREQ 0%@614 APE 25 PLL@29.5C CPU@31.5C iwlwifi@32C PMIC@50C GPU@29.5C AO@41C thermal@30.25C POM_5V_IN 1689/1775 POM_5V_GPU 82/87 POM_5V_CPU 164/223
RAM 1385/3964MB (lfb 8x4MB) SWAP 770/6078MB (cached 37MB) IRAM 0/252kB(lfb 252kB) CPU [5%@921,9%@921,off,off] EMC_FREQ 0%@1600 GR3D_FREQ 0%@614 APE 25 PLL@29.5C CPU@31C iwlwifi@32C PMIC@50C GPU@30C AO@40.5C thermal@30.5C POM_5V_IN 1689/1775 POM_5V_GPU 82/87 POM_5V_CPU 164/223
RAM 1385/3964MB (lfb 8x4MB) SWAP 770/6078MB (cached 37MB) IRAM 0/252kB(lfb 252kB) CPU [6%@921,7%@921,off,off] EMC_FREQ 0%@1600 GR3D_FREQ 0%@614 APE 25 PLL@29.5C CPU@31.5C iwlwifi@32C PMIC@50C GPU@30C AO@40.5C thermal@30.5C POM_5V_IN 1728/1775 POM_5V_GPU 82/87 POM_5V_CPU 164/222
RAM 1385/3964MB (lfb 8x4MB) SWAP 770/6078MB (cached 37MB) IRAM 0/252kB(lfb 252kB) CPU [5%@921,9%@921,off,off] EMC_FREQ 0%@1600 GR3D_FREQ 0%@614 APE 25 PLL@29.5C CPU@31C iwlwifi@32C PMIC@50C GPU@30C AO@41C thermal@30.5C POM_5V_IN 1689/1775 POM_5V_GPU 82/87 POM_5V_CPU 164/222
RAM 1385/3964MB (lfb 8x4MB) SWAP 770/6078MB (cached 37MB) IRAM 0/252kB(lfb 252kB) CPU [6%@921,8%@921,off,off] EMC_FREQ 0%@1600 GR3D_FREQ 0%@614 APE 25 PLL@29.5C CPU@31C iwlwifi@32C PMIC@50C GPU@30C AO@40.5C thermal@30.5C POM_5V_IN 1689/1775 POM_5V_GPU 82/87 POM_5V_CPU 164/222
RAM 1388/3964MB (lfb 8x4MB) SWAP 770/6078MB (cached 37MB) IRAM 0/252kB(lfb 252kB) CPU [7%@921,6%@921,off,off] EMC_FREQ 0%@1600 GR3D_FREQ 0%@614 APE 25 PLL@30C CPU@31C iwlwifi@32C PMIC@50C GPU@29.5C AO@40.5C thermal@30.25C POM_5V_IN 1689/1775 POM_5V_GPU 82/87 POM_5V_CPU 164/222
RAM 1389/3964MB (lfb 8x4MB) SWAP 770/6078MB (cached 37MB) IRAM 0/252kB(lfb 252kB) CPU [6%@921,8%@921,off,off] EMC_FREQ 0%@1600 GR3D_FREQ 0%@614 APE 25 PLL@30C CPU@31C iwlwifi@32C PMIC@50C GPU@29.5C AO@40.5C thermal@30.5C POM_5V_IN 1689/1775 POM_5V_GPU 82/87 POM_5V_CPU 164/222
RAM 1387/3964MB (lfb 8x4MB) SWAP 770/6078MB (cached 37MB) IRAM 0/252kB(lfb 252kB) CPU [6%@921,7%@921,off,off] EMC_FREQ 0%@1600 GR3D_FREQ 0%@614 APE 25 PLL@29.5C CPU@31C iwlwifi@32C PMIC@50C GPU@29.5C AO@40.5C thermal@30.75C POM_5V_IN 1689/1775 POM_5V_GPU 82/87 POM_5V_CPU 164/222
RAM 1389/3964MB (lfb 8x4MB) SWAP 770/6078MB (cached 37MB) IRAM 0/252kB(lfb 252kB) CPU [6%@921,8%@921,off,off] EMC_FREQ 0%@1600 GR3D_FREQ 0%@614 APE 25 PLL@29.5C CPU@31.5C iwlwifi@32C PMIC@50C GPU@30C AO@40.5C thermal@30.5C POM_5V_IN 1689/1775 POM_5V_GPU 82/87 POM_5V_CPU 123/222
RAM 1386/3964MB (lfb 8x4MB) SWAP 770/6078MB (cached 37MB) IRAM 0/252kB(lfb 252kB) CPU [4%@921,9%@921,off,off] EMC_FREQ 0%@1600 GR3D_FREQ 0%@614 APE 25 PLL@29.5C CPU@31.5C iwlwifi@32C PMIC@50C GPU@29.5C AO@40.5C thermal@30.5C POM_5V_IN 1731/1775 POM_5V_GPU 82/87 POM_5V_CPU 164/222
RAM 1388/3964MB (lfb 8x4MB) SWAP 770/6078MB (cached 37MB) IRAM 0/252kB(lfb 252kB) CPU [7%@921,7%@921,off,off] EMC_FREQ 0%@1600 GR3D_FREQ 0%@614 APE 25 PLL@29.5C CPU@31C iwlwifi@32C PMIC@50C GPU@30C AO@40.5C thermal@30.5C POM_5V_IN 1689/1775 POM_5V_GPU 82/87 POM_5V_CPU 164/222
RAM 1388/3964MB (lfb 8x4MB) SWAP 770/6078MB (cached 37MB) IRAM 0/252kB(lfb 252kB) CPU [7%@921,6%@921,off,off] EMC_FREQ 0%@1600 GR3D_FREQ 0%@614 APE 25 PLL@29.5C CPU@31C iwlwifi@32C PMIC@50C GPU@29.5C AO@40.5C thermal@30.25C POM_5V_IN 1689/1775 POM_5V_GPU 82/87 POM_5V_CPU 164/222
RAM 1390/3964MB (lfb 8x4MB) SWAP 770/6078MB (cached 37MB) IRAM 0/252kB(lfb 252kB) CPU [5%@921,9%@921,off,off] EMC_FREQ 0%@1600 GR3D_FREQ 0%@614 APE 25 PLL@29.5C CPU@31C iwlwifi@32C PMIC@50C GPU@30C AO@40.5C thermal@30.5C POM_5V_IN 1689/1775 POM_5V_GPU 82/87 POM_5V_CPU 164/222
RAM 1392/3964MB (lfb 8x4MB) SWAP 770/6078MB (cached 37MB) IRAM 0/252kB(lfb 252kB) CPU [9%@921,4%@921,off,off] EMC_FREQ 0%@1600 GR3D_FREQ 0%@614 APE 25 PLL@29.5C CPU@31.5C iwlwifi@32C PMIC@50C GPU@29.5C AO@40.5C thermal@30.25C POM_5V_IN 1689/1774 POM_5V_GPU 82/87 POM_5V_CPU 164/222
RAM 1385/3964MB (lfb 8x4MB) SWAP 770/6078MB (cached 37MB) IRAM 0/252kB(lfb 252kB) CPU [6%@921,8%@921,off,off] EMC_FREQ 0%@1600 GR3D_FREQ 0%@614 APE 25 PLL@29.5C CPU@31.5C iwlwifi@32C PMIC@50C GPU@29.5C AO@40.5C thermal@30.75C POM_5V_IN 1689/1774 POM_5V_GPU 82/87 POM_5V_CPU 164/222
RAM 1390/3964MB (lfb 8x4MB) SWAP 770/6078MB (cached 37MB) IRAM 0/252kB(lfb 252kB) CPU [6%@921,8%@921,off,off] EMC_FREQ 0%@1600 GR3D_FREQ 0%@614 APE 25 PLL@29.5C CPU@31C iwlwifi@32C PMIC@50C GPU@29.5C AO@40.5C thermal@30.5C POM_5V_IN 1689/1774 POM_5V_GPU 82/87 POM_5V_CPU 164/222
RAM 1387/3964MB (lfb 8x4MB) SWAP 770/6078MB (cached 37MB) IRAM 0/252kB(lfb 252kB) CPU [6%@921,8%@921,off,off] EMC_FREQ 0%@1600 GR3D_FREQ 0%@614 APE 25 PLL@29.5C CPU@31.5C iwlwifi@32C PMIC@50C GPU@30C AO@40.5C thermal@30.25C POM_5V_IN 1689/1774 POM_5V_GPU 82/87 POM_5V_CPU 164/222
RAM 1386/3964MB (lfb 8x4MB) SWAP 770/6078MB (cached 37MB) IRAM 0/252kB(lfb 252kB) CPU [6%@921,7%@921,off,off] EMC_FREQ 0%@1600 GR3D_FREQ 0%@614 APE 25 PLL@30C CPU@31.5C iwlwifi@32C PMIC@50C GPU@29.5C AO@40.5C thermal@30.25C POM_5V_IN 1689/1774 POM_5V_GPU 82/87 POM_5V_CPU 123/222
RAM 1385/3964MB (lfb 8x4MB) SWAP 770/6078MB (cached 37MB) IRAM 0/252kB(lfb 252kB) CPU [7%@921,7%@921,off,off] EMC_FREQ 0%@1600 GR3D_FREQ 0%@614 APE 25 PLL@29.5C CPU@31C iwlwifi@32C PMIC@50C GPU@29.5C AO@40.5C thermal@30.5C POM_5V_IN 1689/1774 POM_5V_GPU 82/87 POM_5V_CPU 164/222
RAM 1390/3964MB (lfb 8x4MB) SWAP 770/6078MB (cached 37MB) IRAM 0/252kB(lfb 252kB) CPU [9%@921,3%@921,off,off] EMC_FREQ 0%@1600 GR3D_FREQ 0%@614 APE 25 PLL@29.5C CPU@31.5C iwlwifi@32C PMIC@50C GPU@29.5C AO@40.5C thermal@30.5C POM_5V_IN 1689/1774 POM_5V_GPU 82/87 POM_5V_CPU 164/222
RAM 1387/3964MB (lfb 8x4MB) SWAP 770/6078MB (cached 37MB) IRAM 0/252kB(lfb 252kB) CPU [6%@921,8%@921,off,off] EMC_FREQ 0%@1600 GR3D_FREQ 0%@614 APE 25 PLL@29.5C CPU@31.5C iwlwifi@32C PMIC@50C GPU@30C AO@40.5C thermal@30.5C POM_5V_IN 1689/1774 POM_5V_GPU 82/87 POM_5V_CPU 164/222
RAM 1387/3964MB (lfb 8x4MB) SWAP 770/6078MB (cached 37MB) IRAM 0/252kB(lfb 252kB) CPU [7%@921,7%@921,off,off] EMC_FREQ 0%@1600 GR3D_FREQ 0%@614 APE 25 PLL@29.5C CPU@31C iwlwifi@32C PMIC@50C GPU@30C AO@40.5C thermal@30.5C POM_5V_IN 1689/1774 POM_5V_GPU 82/87 POM_5V_CPU 164/222
RAM 1389/3964MB (lfb 8x4MB) SWAP 770/6078MB (cached 37MB) IRAM 0/252kB(lfb 252kB) CPU [8%@921,5%@921,off,off] EMC_FREQ 0%@1600 GR3D_FREQ 0%@614 APE 25 PLL@29.5C CPU@31C iwlwifi@32C PMIC@50C GPU@30C AO@40.5C thermal@30.5C POM_5V_IN 1689/1774 POM_5V_GPU 82/87 POM_5V_CPU 164/222
RAM 1387/3964MB (lfb 8x4MB) SWAP 770/6078MB (cached 37MB) IRAM 0/252kB(lfb 252kB) CPU [6%@921,8%@921,off,off] EMC_FREQ 0%@1600 GR3D_FREQ 0%@614 APE 25 PLL@29C CPU@31C iwlwifi@32C PMIC@50C GPU@29.5C AO@40.5C thermal@30.5C POM_5V_IN 1689/1774 POM_5V_GPU 82/87 POM_5V_CPU 164/222
RAM 1386/3964MB (lfb 8x4MB) SWAP 770/6078MB (cached 37MB) IRAM 0/252kB(lfb 252kB) CPU [6%@921,6%@921,off,off] EMC_FREQ 0%@1600 GR3D_FREQ 0%@614 APE 25 PLL@29.5C CPU@31C iwlwifi@32C PMIC@50C GPU@30C AO@41C thermal@30.5C POM_5V_IN 1689/1774 POM_5V_GPU 82/87 POM_5V_CPU 164/222
RAM 1388/3964MB (lfb 8x4MB) SWAP 770/6078MB (cached 37MB) IRAM 0/252kB(lfb 252kB) CPU [9%@921,5%@921,off,off] EMC_FREQ 0%@1600 GR3D_FREQ 0%@614 APE 25 PLL@30C CPU@31C iwlwifi@32C PMIC@50C GPU@30C AO@40.5C thermal@30.75C POM_5V_IN 1689/1774 POM_5V_GPU 82/87 POM_5V_CPU 164/222
RAM 1389/3964MB (lfb 8x4MB) SWAP 770/6078MB (cached 37MB) IRAM 0/252kB(lfb 252kB) CPU [8%@921,5%@921,off,off] EMC_FREQ 0%@1600 GR3D_FREQ 0%@614 APE 25 PLL@29.5C CPU@31C iwlwifi@32C PMIC@50C GPU@30C AO@40.5C thermal@30.75C POM_5V_IN 1689/1774 POM_5V_GPU 82/87 POM_5V_CPU 164/222
RAM 1390/3964MB (lfb 8x4MB) SWAP 770/6078MB (cached 37MB) IRAM 0/252kB(lfb 252kB) CPU [10%@921,4%@921,off,off] EMC_FREQ 0%@1600 GR3D_FREQ 0%@614 APE 25 PLL@29.5C CPU@31.5C iwlwifi@32C PMIC@50C GPU@30C AO@41C thermal@30.75C POM_5V_IN 1689/1774 POM_5V_GPU 82/87 POM_5V_CPU 164/222
RAM 1387/3964MB (lfb 8x4MB) SWAP 770/6078MB (cached 37MB) IRAM 0/252kB(lfb 252kB) CPU [9%@921,5%@921,off,off] EMC_FREQ 0%@1600 GR3D_FREQ 0%@614 APE 25 PLL@29.5C CPU@31C iwlwifi@32C PMIC@50C GPU@30C AO@41C thermal@30.25C POM_5V_IN 1689/1774 POM_5V_GPU 82/87 POM_5V_CPU 123/222
RAM 1387/3964MB (lfb 8x4MB) SWAP 770/6078MB (cached 37MB) IRAM 0/252kB(lfb 252kB) CPU [10%@921,4%@921,off,off] EMC_FREQ 0%@1600 GR3D_FREQ 0%@614 APE 25 PLL@29.5C CPU@31C iwlwifi@32C PMIC@50C GPU@29.5C AO@40.5C thermal@30.5C POM_5V_IN 1689/1774 POM_5V_GPU 82/87 POM_5V_CPU 164/222
RAM 1386/3964MB (lfb 8x4MB) SWAP 770/6078MB (cached 37MB) IRAM 0/252kB(lfb 252kB) CPU [7%@921,6%@921,off,off] EMC_FREQ 0%@1600 GR3D_FREQ 0%@614 APE 25 PLL@29.5C CPU@31C iwlwifi@32C PMIC@50C GPU@30C AO@41C thermal@30.75C POM_5V_IN 1689/1774 POM_5V_GPU 82/87 POM_5V_CPU 164/222
RAM 1389/3964MB (lfb 8x4MB) SWAP 770/6078MB (cached 37MB) IRAM 0/252kB(lfb 252kB) CPU [8%@921,6%@921,off,off] EMC_FREQ 0%@1600 GR3D_FREQ 0%@614 APE 25 PLL@29.5C CPU@31C iwlwifi@32C PMIC@50C GPU@30C AO@40.5C thermal@30.5C POM_5V_IN 1689/1774 POM_5V_GPU 82/87 POM_5V_CPU 164/222
RAM 1387/3964MB (lfb 8x4MB) SWAP 770/6078MB (cached 37MB) IRAM 0/252kB(lfb 252kB) CPU [9%@921,5%@921,off,off] EMC_FREQ 0%@1600 GR3D_FREQ 0%@614 APE 25 PLL@29.5C CPU@31C iwlwifi@32C PMIC@50C GPU@29.5C AO@40.5C thermal@30.75C POM_5V_IN 1689/1774 POM_5V_GPU 82/87 POM_5V_CPU 164/222
RAM 1389/3964MB (lfb 8x4MB) SWAP 770/6078MB (cached 37MB) IRAM 0/252kB(lfb 252kB) CPU [8%@921,6%@921,off,off] EMC_FREQ 0%@1600 GR3D_FREQ 0%@614 APE 25 PLL@29.5C CPU@31.5C iwlwifi@32C PMIC@50C GPU@29.5C AO@40.5C thermal@30.25C POM_5V_IN 1689/1774 POM_5V_GPU 82/87 POM_5V_CPU 164/222
RAM 1386/3964MB (lfb 8x4MB) SWAP 770/6078MB (cached 37MB) IRAM 0/252kB(lfb 252kB) CPU [7%@921,6%@921,off,off] EMC_FREQ 0%@1600 GR3D_FREQ 0%@614 APE 25 PLL@29.5C CPU@31C iwlwifi@32C PMIC@50C GPU@30C AO@40.5C thermal@30.25C POM_5V_IN 1689/1774 POM_5V_GPU 82/87 POM_5V_CPU 164/222
RAM 1390/3964MB (lfb 8x4MB) SWAP 770/6078MB (cached 37MB) IRAM 0/252kB(lfb 252kB) CPU [6%@921,7%@921,off,off] EMC_FREQ 0%@1600 GR3D_FREQ 0%@614 APE 25 PLL@29.5C CPU@31.5C iwlwifi@32C PMIC@50C GPU@29.5C AO@40.5C thermal@30.5C POM_5V_IN 1689/1774 POM_5V_GPU 82/87 POM_5V_CPU 164/222
RAM 1388/3964MB (lfb 8x4MB) SWAP 770/6078MB (cached 37MB) IRAM 0/252kB(lfb 252kB) CPU [6%@921,8%@921,off,off] EMC_FREQ 0%@1600 GR3D_FREQ 0%@614 APE 25 PLL@30C CPU@31C iwlwifi@32C PMIC@50C GPU@29.5C AO@40.5C thermal@30.5C POM_5V_IN 1689/1774 POM_5V_GPU 82/87 POM_5V_CPU 164/222
RAM 1388/3964MB (lfb 8x4MB) SWAP 770/6078MB (cached 37MB) IRAM 0/252kB(lfb 252kB) CPU [6%@921,7%@921,off,off] EMC_FREQ 0%@1600 GR3D_FREQ 0%@614 APE 25 PLL@29.5C CPU@31C iwlwifi@32C PMIC@50C GPU@30C AO@41C thermal@30.5C POM_5V_IN 1689/1774 POM_5V_GPU 82/87 POM_5V_CPU 164/221
RAM 1386/3964MB (lfb 8x4MB) SWAP 770/6078MB (cached 37MB) IRAM 0/252kB(lfb 252kB) CPU [9%@921,4%@921,off,off] EMC_FREQ 0%@1600 GR3D_FREQ 0%@614 APE 25 PLL@29.5C CPU@30.5C iwlwifi@32C PMIC@50C GPU@29.5C AO@41C thermal@30.25C POM_5V_IN 1689/1774 POM_5V_GPU 82/87 POM_5V_CPU 123/221
RAM 1386/3964MB (lfb 8x4MB) SWAP 770/6078MB (cached 37MB) IRAM 0/252kB(lfb 252kB) CPU [8%@921,5%@921,off,off] EMC_FREQ 0%@1600 GR3D_FREQ 0%@614 APE 25 PLL@29.5C CPU@31C iwlwifi@32C PMIC@50C GPU@30C AO@40.5C thermal@30.25C POM_5V_IN 1689/1773 POM_5V_GPU 82/87 POM_5V_CPU 164/221
RAM 1385/3964MB (lfb 8x4MB) SWAP 770/6078MB (cached 37MB) IRAM 0/252kB(lfb 252kB) CPU [7%@921,7%@921,off,off] EMC_FREQ 0%@1600 GR3D_FREQ 0%@614 APE 25 PLL@29.5C CPU@31C iwlwifi@32C PMIC@50C GPU@29.5C AO@40.5C thermal@30.25C POM_5V_IN 1689/1773 POM_5V_GPU 82/87 POM_5V_CPU 164/221
RAM 1387/3964MB (lfb 8x4MB) SWAP 770/6078MB (cached 37MB) IRAM 0/252kB(lfb 252kB) CPU [6%@921,6%@921,off,off] EMC_FREQ 0%@1600 GR3D_FREQ 0%@614 APE 25 PLL@29.5C CPU@31C iwlwifi@32C PMIC@50C GPU@30C AO@40.5C thermal@30.5C POM_5V_IN 1689/1773 POM_5V_GPU 82/87 POM_5V_CPU 164/221
RAM 1385/3964MB (lfb 8x4MB) SWAP 770/6078MB (cached 37MB) IRAM 0/252kB(lfb 252kB) CPU [7%@921,7%@921,off,off] EMC_FREQ 0%@1600 GR3D_FREQ 0%@614 APE 25 PLL@29.5C CPU@31C iwlwifi@32C PMIC@50C GPU@29.5C AO@40.5C thermal@30.25C POM_5V_IN 1689/1773 POM_5V_GPU 82/87 POM_5V_CPU 164/221
RAM 1387/3964MB (lfb 8x4MB) SWAP 770/6078MB (cached 37MB) IRAM 0/252kB(lfb 252kB) CPU [7%@921,5%@921,off,off] EMC_FREQ 0%@1600 GR3D_FREQ 0%@614 APE 25 PLL@29.5C CPU@31C iwlwifi@32C PMIC@50C GPU@30C AO@40.5C thermal@30.5C POM_5V_IN 1689/1773 POM_5V_GPU 82/87 POM_5V_CPU 164/221
RAM 1387/3964MB (lfb 8x4MB) SWAP 770/6078MB (cached 37MB) IRAM 0/252kB(lfb 252kB) CPU [6%@921,8%@921,off,off] EMC_FREQ 0%@1600 GR3D_FREQ 0%@614 APE 25 PLL@29.5C CPU@31C iwlwifi@32C PMIC@50C GPU@30C AO@40.5C thermal@30.5C POM_5V_IN 1687/1773 POM_5V_GPU 82/87 POM_5V_CPU 164/221
RAM 1387/3964MB (lfb 8x4MB) SWAP 770/6078MB (cached 37MB) IRAM 0/252kB(lfb 252kB) CPU [7%@921,6%@921,off,off] EMC_FREQ 0%@1600 GR3D_FREQ 0%@614 APE 25 PLL@29.5C CPU@31C iwlwifi@32C PMIC@50C GPU@30C AO@40.5C thermal@30.75C POM_5V_IN 1689/1773 POM_5V_GPU 82/87 POM_5V_CPU 164/221
RAM 1390/3964MB (lfb 8x4MB) SWAP 770/6078MB (cached 37MB) IRAM 0/252kB(lfb 252kB) CPU [7%@921,7%@921,off,off] EMC_FREQ 0%@1600 GR3D_FREQ 0%@614 APE 25 PLL@29.5C CPU@31.5C iwlwifi@32C PMIC@50C GPU@30C AO@40.5C thermal@30.5C POM_5V_IN 1689/1773 POM_5V_GPU 82/87 POM_5V_CPU 164/221
RAM 1386/3964MB (lfb 8x4MB) SWAP 770/6078MB (cached 37MB) IRAM 0/252kB(lfb 252kB) CPU [7%@921,6%@921,off,off] EMC_FREQ 0%@1600 GR3D_FREQ 0%@614 APE 25 PLL@29.5C CPU@31C iwlwifi@32C PMIC@50C GPU@30C AO@40.5C thermal@30.5C POM_5V_IN 1972/1773 POM_5V_GPU 82/87 POM_5V_CPU 369/221
RAM 1389/3964MB (lfb 8x4MB) SWAP 770/6078MB (cached 37MB) IRAM 0/252kB(lfb 252kB) CPU [7%@921,7%@921,off,off] EMC_FREQ 0%@1600 GR3D_FREQ 0%@614 APE 25 PLL@29.5C CPU@31C iwlwifi@32C PMIC@50C GPU@30C AO@40.5C thermal@30.5C POM_5V_IN 1689/1773 POM_5V_GPU 82/87 POM_5V_CPU 164/221
RAM 1389/3964MB (lfb 8x4MB) SWAP 770/6078MB (cached 37MB) IRAM 0/252kB(lfb 252kB) CPU [7%@921,6%@921,off,off] EMC_FREQ 0%@1600 GR3D_FREQ 0%@614 APE 25 PLL@29.5C CPU@31.5C iwlwifi@32C PMIC@50C GPU@30C AO@41C thermal@30.25C POM_5V_IN 1689/1773 POM_5V_GPU 82/87 POM_5V_CPU 164/221
RAM 1388/3964MB (lfb 8x4MB) SWAP 770/6078MB (cached 37MB) IRAM 0/252kB(lfb 252kB) CPU [9%@921,4%@921,off,off] EMC_FREQ 0%@1600 GR3D_FREQ 0%@614 APE 25 PLL@29C CPU@31C iwlwifi@32C PMIC@50C GPU@30C AO@41C thermal@30.5C POM_5V_IN 1689/1773 POM_5V_GPU 82/87 POM_5V_CPU 123/221
RAM 1386/3964MB (lfb 8x4MB) SWAP 770/6078MB (cached 37MB) IRAM 0/252kB(lfb 252kB) CPU [8%@921,6%@921,off,off] EMC_FREQ 0%@1600 GR3D_FREQ 0%@614 APE 25 PLL@29.5C CPU@31.5C iwlwifi@32C PMIC@50C GPU@30C AO@40.5C thermal@30.75C POM_5V_IN 1689/1773 POM_5V_GPU 82/87 POM_5V_CPU 164/221
RAM 1388/3964MB (lfb 8x4MB) SWAP 770/6078MB (cached 37MB) IRAM 0/252kB(lfb 252kB) CPU [6%@921,8%@921,off,off] EMC_FREQ 0%@1600 GR3D_FREQ 0%@614 APE 25 PLL@29C CPU@31C iwlwifi@32C PMIC@50C GPU@30C AO@40.5C thermal@30.75C POM_5V_IN 1689/1773 POM_5V_GPU 82/87 POM_5V_CPU 164/221
RAM 1390/3964MB (lfb 8x4MB) SWAP 770/6078MB (cached 37MB) IRAM 0/252kB(lfb 252kB) CPU [7%@921,7%@921,off,off] EMC_FREQ 0%@1600 GR3D_FREQ 0%@614 APE 25 PLL@29C CPU@31C iwlwifi@32C PMIC@50C GPU@30C AO@40.5C thermal@30.5C POM_5V_IN 1689/1773 POM_5V_GPU 82/87 POM_5V_CPU 164/221
RAM 1385/3964MB (lfb 8x4MB) SWAP 770/6078MB (cached 37MB) IRAM 0/252kB(lfb 252kB) CPU [6%@921,7%@921,off,off] EMC_FREQ 0%@1600 GR3D_FREQ 0%@614 APE 25 PLL@29.5C CPU@31C iwlwifi@32C PMIC@50C GPU@30C AO@40.5C thermal@30.75C POM_5V_IN 1689/1773 POM_5V_GPU 82/87 POM_5V_CPU 164/221
RAM 1387/3964MB (lfb 8x4MB) SWAP 770/6078MB (cached 37MB) IRAM 0/252kB(lfb 252kB) CPU [8%@921,6%@921,off,off] EMC_FREQ 0%@1600 GR3D_FREQ 0%@614 APE 25 PLL@29.5C CPU@31.5C iwlwifi@32C PMIC@50C GPU@30C AO@41C thermal@30.5C POM_5V_IN 1731/1773 POM_5V_GPU 82/87 POM_5V_CPU 164/221
RAM 1388/3964MB (lfb 8x4MB) SWAP 770/6078MB (cached 37MB) IRAM 0/252kB(lfb 252kB) CPU [6%@921,7%@921,off,off] EMC_FREQ 0%@1600 GR3D_FREQ 0%@614 APE 25 PLL@29C CPU@31C iwlwifi@32C PMIC@50C GPU@30C AO@40.5C thermal@30.25C POM_5V_IN 1689/1773 POM_5V_GPU 82/87 POM_5V_CPU 164/221
RAM 1388/3964MB (lfb 8x4MB) SWAP 770/6078MB (cached 37MB) IRAM 0/252kB(lfb 252kB) CPU [9%@921,5%@921,off,off] EMC_FREQ 0%@1600 GR3D_FREQ 0%@614 APE 25 PLL@29.5C CPU@31.5C iwlwifi@32C PMIC@50C GPU@30C AO@41C thermal@30.5C POM_5V_IN 1689/1773 POM_5V_GPU 82/87 POM_5V_CPU 164/221
RAM 1387/3964MB (lfb 8x4MB) SWAP 770/6078MB (cached 37MB) IRAM 0/252kB(lfb 252kB) CPU [6%@921,7%@921,off,off] EMC_FREQ 0%@1600 GR3D_FREQ 0%@614 APE 25 PLL@29.5C CPU@31.5C iwlwifi@32C PMIC@50C GPU@29.5C AO@41C thermal@30.5C POM_5V_IN 1772/1773 POM_5V_GPU 82/87 POM_5V_CPU 205/221
RAM 1386/3964MB (lfb 8x4MB) SWAP 770/6078MB (cached 37MB) IRAM 0/252kB(lfb 252kB) CPU [8%@921,6%@921,off,off] EMC_FREQ 0%@1600 GR3D_FREQ 0%@614 APE 25 PLL@29.5C CPU@31.5C iwlwifi@32C PMIC@50C GPU@30C AO@40.5C thermal@30.5C POM_5V_IN 1975/1773 POM_5V_GPU 82/87 POM_5V_CPU 369/221
RAM 1386/3964MB (lfb 8x4MB) SWAP 770/6078MB (cached 37MB) IRAM 0/252kB(lfb 252kB) CPU [10%@921,3%@921,off,off] EMC_FREQ 0%@1600 GR3D_FREQ 0%@614 APE 25 PLL@29C CPU@31C iwlwifi@32C PMIC@50C GPU@30C AO@41C thermal@30.5C POM_5V_IN 1689/1773 POM_5V_GPU 82/87 POM_5V_CPU 164/221
RAM 1391/3964MB (lfb 8x4MB) SWAP 770/6078MB (cached 37MB) IRAM 0/252kB(lfb 252kB) CPU [6%@921,8%@921,off,off] EMC_FREQ 0%@1600 GR3D_FREQ 0%@614 APE 25 PLL@29.5C CPU@31.5C iwlwifi@32C PMIC@50C GPU@30C AO@41C thermal@30.25C POM_5V_IN 1689/1773 POM_5V_GPU 82/87 POM_5V_CPU 164/221
RAM 1385/3964MB (lfb 8x4MB) SWAP 770/6078MB (cached 37MB) IRAM 0/252kB(lfb 252kB) CPU [8%@921,5%@921,off,off] EMC_FREQ 0%@1600 GR3D_FREQ 0%@614 APE 25 PLL@29.5C CPU@31C iwlwifi@32C PMIC@50C GPU@30C AO@41C thermal@30.25C POM_5V_IN 1689/1773 POM_5V_GPU 82/87 POM_5V_CPU 164/221
RAM 1386/3964MB (lfb 8x4MB) SWAP 770/6078MB (cached 37MB) IRAM 0/252kB(lfb 252kB) CPU [6%@921,8%@921,off,off] EMC_FREQ 0%@1600 GR3D_FREQ 0%@614 APE 25 PLL@29.5C CPU@31C iwlwifi@32C PMIC@50C GPU@30C AO@40.5C thermal@30.75C POM_5V_IN 1731/1773 POM_5V_GPU 82/87 POM_5V_CPU 164/221
RAM 1386/3964MB (lfb 8x4MB) SWAP 770/6078MB (cached 37MB) IRAM 0/252kB(lfb 252kB) CPU [5%@921,9%@921,off,off] EMC_FREQ 0%@1600 GR3D_FREQ 0%@614 APE 25 PLL@29.5C CPU@31.5C iwlwifi@32C PMIC@50C GPU@30.5C AO@41C thermal@30.75C POM_5V_IN 1689/1773 POM_5V_GPU 82/87 POM_5V_CPU 164/221
RAM 1387/3964MB (lfb 8x4MB) SWAP 770/6078MB (cached 37MB) IRAM 0/252kB(lfb 252kB) CPU [6%@921,8%@921,off,off] EMC_FREQ 0%@1600 GR3D_FREQ 0%@614 APE 25 PLL@29.5C CPU@31.5C iwlwifi@32C PMIC@50C GPU@30C AO@41C thermal@30.5C POM_5V_IN 1689/1773 POM_5V_GPU 82/87 POM_5V_CPU 164/221
RAM 1386/3964MB (lfb 8x4MB) SWAP 770/6078MB (cached 37MB) IRAM 0/252kB(lfb 252kB) CPU [6%@921,7%@921,off,off] EMC_FREQ 0%@1600 GR3D_FREQ 0%@614 APE 25 PLL@29.5C CPU@31.5C iwlwifi@32C PMIC@50C GPU@30C AO@41C thermal@30.5C POM_5V_IN 1689/1773 POM_5V_GPU 82/87 POM_5V_CPU 164/221
RAM 1387/3964MB (lfb 8x4MB) SWAP 770/6078MB (cached 37MB) IRAM 0/252kB(lfb 252kB) CPU [8%@921,5%@921,off,off] EMC_FREQ 0%@1600 GR3D_FREQ 0%@614 APE 25 PLL@30C CPU@31C iwlwifi@32C PMIC@50C GPU@30C AO@41C thermal@30.5C POM_5V_IN 1689/1773 POM_5V_GPU 82/87 POM_5V_CPU 164/221
RAM 1387/3964MB (lfb 8x4MB) SWAP 770/6078MB (cached 37MB) IRAM 0/252kB(lfb 252kB) CPU [6%@921,8%@921,off,off] EMC_FREQ 0%@1600 GR3D_FREQ 0%@614 APE 25 PLL@29.5C CPU@31C iwlwifi@32C PMIC@50C GPU@30C AO@40.5C thermal@30.5C POM_5V_IN 1728/1773 POM_5V_GPU 82/87 POM_5V_CPU 164/221
RAM 1385/3964MB (lfb 8x4MB) SWAP 770/6078MB (cached 37MB) IRAM 0/252kB(lfb 252kB) CPU [7%@921,6%@921,off,off] EMC_FREQ 0%@1600 GR3D_FREQ 0%@614 APE 25 PLL@29.5C CPU@31.5C iwlwifi@32C PMIC@50C GPU@30C AO@41C thermal@30.75C POM_5V_IN 1689/1773 POM_5V_GPU 82/87 POM_5V_CPU 164/221
RAM 1385/3964MB (lfb 8x4MB) SWAP 770/6078MB (cached 37MB) IRAM 0/252kB(lfb 252kB) CPU [9%@921,5%@921,off,off] EMC_FREQ 0%@1600 GR3D_FREQ 0%@614 APE 25 PLL@29.5C CPU@31.5C iwlwifi@32C PMIC@50C GPU@30C AO@40.5C thermal@30.25C POM_5V_IN 1689/1773 POM_5V_GPU 82/87 POM_5V_CPU 164/221
RAM 1386/3964MB (lfb 8x4MB) SWAP 770/6078MB (cached 37MB) IRAM 0/252kB(lfb 252kB) CPU [7%@921,6%@921,off,off] EMC_FREQ 0%@1600 GR3D_FREQ 0%@614 APE 25 PLL@29.5C CPU@31.5C iwlwifi@32C PMIC@50C GPU@30C AO@40.5C thermal@30.5C POM_5V_IN 1689/1773 POM_5V_GPU 82/87 POM_5V_CPU 164/221
RAM 1387/3964MB (lfb 8x4MB) SWAP 770/6078MB (cached 37MB) IRAM 0/252kB(lfb 252kB) CPU [9%@921,5%@921,off,off] EMC_FREQ 0%@1600 GR3D_FREQ 0%@614 APE 25 PLL@29.5C CPU@31C iwlwifi@32C PMIC@50C GPU@30C AO@40.5C thermal@30.75C POM_5V_IN 1689/1773 POM_5V_GPU 82/87 POM_5V_CPU 123/221
RAM 1385/3964MB (lfb 8x4MB) SWAP 770/6078MB (cached 37MB) IRAM 0/252kB(lfb 252kB) CPU [5%@921,8%@921,off,off] EMC_FREQ 0%@1600 GR3D_FREQ 0%@614 APE 25 PLL@29.5C CPU@31C iwlwifi@32C PMIC@50C GPU@30C AO@41C thermal@30.5C POM_5V_IN 1689/1773 POM_5V_GPU 82/87 POM_5V_CPU 164/221
RAM 1387/3964MB (lfb 8x4MB) SWAP 770/6078MB (cached 37MB) IRAM 0/252kB(lfb 252kB) CPU [7%@921,6%@921,off,off] EMC_FREQ 0%@1600 GR3D_FREQ 0%@614 APE 25 PLL@29.5C CPU@31C iwlwifi@32C PMIC@50C GPU@30C AO@40.5C thermal@30.75C POM_5V_IN 1689/1773 POM_5V_GPU 82/87 POM_5V_CPU 164/221
RAM 1389/3964MB (lfb 8x4MB) SWAP 770/6078MB (cached 37MB) IRAM 0/252kB(lfb 252kB) CPU [7%@921,6%@921,off,off] EMC_FREQ 0%@1600 GR3D_FREQ 0%@614 APE 25 PLL@29.5C CPU@31C iwlwifi@32C PMIC@50C GPU@29.5C AO@40.5C thermal@30.5C POM_5V_IN 1689/1772 POM_5V_GPU 82/87 POM_5V_CPU 164/221
RAM 1390/3964MB (lfb 8x4MB) SWAP 770/6078MB (cached 37MB) IRAM 0/252kB(lfb 252kB) CPU [6%@921,8%@921,off,off] EMC_FREQ 0%@1600 GR3D_FREQ 0%@614 APE 25 PLL@29.5C CPU@31C iwlwifi@32C PMIC@50C GPU@30C AO@40.5C thermal@30.5C POM_5V_IN 1687/1772 POM_5V_GPU 82/87 POM_5V_CPU 164/221
RAM 1386/3964MB (lfb 8x4MB) SWAP 770/6078MB (cached 37MB) IRAM 0/252kB(lfb 252kB) CPU [6%@921,7%@921,off,off] EMC_FREQ 0%@1600 GR3D_FREQ 0%@614 APE 25 PLL@29.5C CPU@31C iwlwifi@32C PMIC@50C GPU@30C AO@41C thermal@30.5C POM_5V_IN 1689/1772 POM_5V_GPU 82/87 POM_5V_CPU 164/221
RAM 1389/3964MB (lfb 8x4MB) SWAP 770/6078MB (cached 37MB) IRAM 0/252kB(lfb 252kB) CPU [5%@921,10%@921,off,off] EMC_FREQ 0%@1600 GR3D_FREQ 0%@614 APE 25 PLL@29.5C CPU@31C iwlwifi@32C PMIC@50C GPU@30C AO@41C thermal@30.75C POM_5V_IN 1689/1772 POM_5V_GPU 82/87 POM_5V_CPU 164/221
RAM 1385/3964MB (lfb 8x4MB) SWAP 770/6078MB (cached 37MB) IRAM 0/252kB(lfb 252kB) CPU [6%@921,7%@921,off,off] EMC_FREQ 0%@1600 GR3D_FREQ 0%@614 APE 25 PLL@29.5C CPU@31C iwlwifi@32C PMIC@50C GPU@30C AO@41C thermal@30.5C POM_5V_IN 1689/1772 POM_5V_GPU 82/87 POM_5V_CPU 164/221
RAM 1388/3964MB (lfb 8x4MB) SWAP 770/6078MB (cached 37MB) IRAM 0/252kB(lfb 252kB) CPU [6%@921,8%@921,off,off] EMC_FREQ 0%@1600 GR3D_FREQ 0%@614 APE 25 PLL@29.5C CPU@31C iwlwifi@32C PMIC@50C GPU@30C AO@41C thermal@30.25C POM_5V_IN 1689/1772 POM_5V_GPU 82/87 POM_5V_CPU 164/221
RAM 1389/3964MB (lfb 8x4MB) SWAP 770/6078MB (cached 37MB) IRAM 0/252kB(lfb 252kB) CPU [6%@921,8%@921,off,off] EMC_FREQ 0%@1600 GR3D_FREQ 0%@614 APE 25 PLL@30C CPU@31C iwlwifi@33C PMIC@50C GPU@30C AO@40.5C thermal@30.5C POM_5V_IN 1689/1772 POM_5V_GPU 82/87 POM_5V_CPU 164/221
RAM 1389/3964MB (lfb 8x4MB) SWAP 770/6078MB (cached 37MB) IRAM 0/252kB(lfb 252kB) CPU [5%@921,8%@921,off,off] EMC_FREQ 0%@1600 GR3D_FREQ 0%@614 APE 25 PLL@29.5C CPU@31.5C iwlwifi@32C PMIC@50C GPU@30C AO@41C thermal@30.5C POM_5V_IN 1689/1772 POM_5V_GPU 82/87 POM_5V_CPU 164/220
RAM 1388/3964MB (lfb 8x4MB) SWAP 770/6078MB (cached 37MB) IRAM 0/252kB(lfb 252kB) CPU [8%@921,6%@921,off,off] EMC_FREQ 0%@1600 GR3D_FREQ 0%@614 APE 25 PLL@29.5C CPU@31.5C iwlwifi@32C PMIC@50C GPU@30C AO@40.5C thermal@30.5C POM_5V_IN 1731/1772 POM_5V_GPU 82/87 POM_5V_CPU 164/220
RAM 1390/3964MB (lfb 8x4MB) SWAP 770/6078MB (cached 37MB) IRAM 0/252kB(lfb 252kB) CPU [10%@921,3%@921,off,off] EMC_FREQ 0%@1600 GR3D_FREQ 0%@614 APE 25 PLL@29.5C CPU@31C iwlwifi@32C PMIC@50C GPU@30C AO@41C thermal@30.5C POM_5V_IN 1689/1772 POM_5V_GPU 82/87 POM_5V_CPU 164/220
RAM 1386/3964MB (lfb 8x4MB) SWAP 770/6078MB (cached 37MB) IRAM 0/252kB(lfb 252kB) CPU [5%@921,9%@921,off,off] EMC_FREQ 0%@1600 GR3D_FREQ 0%@614 APE 25 PLL@29.5C CPU@31.5C iwlwifi@32C PMIC@50C GPU@30C AO@40.5C thermal@30.25C POM_5V_IN 1689/1772 POM_5V_GPU 82/87 POM_5V_CPU 164/220
RAM 1387/3964MB (lfb 8x4MB) SWAP 770/6078MB (cached 37MB) IRAM 0/252kB(lfb 252kB) CPU [5%@921,8%@921,off,off] EMC_FREQ 0%@1600 GR3D_FREQ 0%@614 APE 25 PLL@29.5C CPU@31C iwlwifi@32C PMIC@50C GPU@30C AO@40.5C thermal@30.75C POM_5V_IN 1689/1772 POM_5V_GPU 82/87 POM_5V_CPU 164/220
RAM 1386/3964MB (lfb 8x4MB) SWAP 770/6078MB (cached 37MB) IRAM 0/252kB(lfb 252kB) CPU [6%@921,7%@921,off,off] EMC_FREQ 0%@1600 GR3D_FREQ 0%@614 APE 25 PLL@29.5C CPU@31.5C iwlwifi@32C PMIC@50C GPU@29.5C AO@41C thermal@30.75C POM_5V_IN 1689/1772 POM_5V_GPU 82/87 POM_5V_CPU 164/220
RAM 1390/3964MB (lfb 8x4MB) SWAP 770/6078MB (cached 37MB) IRAM 0/252kB(lfb 252kB) CPU [4%@921,8%@921,off,off] EMC_FREQ 0%@1600 GR3D_FREQ 0%@614 APE 25 PLL@29.5C CPU@31.5C iwlwifi@32C PMIC@50C GPU@29.5C AO@40.5C thermal@30.5C POM_5V_IN 1689/1772 POM_5V_GPU 82/87 POM_5V_CPU 164/220
RAM 1385/3964MB (lfb 8x4MB) SWAP 765/6078MB (cached 37MB) IRAM 0/252kB(lfb 252kB) CPU [7%@921,7%@921,off,off] EMC_FREQ 0%@1600 GR3D_FREQ 0%@614 APE 25 PLL@29.5C CPU@31C iwlwifi@32C PMIC@50C GPU@30C AO@40.5C thermal@30.5C POM_5V_IN 1689/1772 POM_5V_GPU 82/87 POM_5V_CPU 164/220
RAM 1385/3964MB (lfb 8x4MB) SWAP 765/6078MB (cached 37MB) IRAM 0/252kB(lfb 252kB) CPU [5%@921,8%@921,off,off] EMC_FREQ 0%@1600 GR3D_FREQ 0%@614 APE 25 PLL@30C CPU@31C iwlwifi@32C PMIC@50C GPU@30C AO@40.5C thermal@30.5C POM_5V_IN 1689/1772 POM_5V_GPU 82/87 POM_5V_CPU 164/220
RAM 1387/3964MB (lfb 8x4MB) SWAP 765/6078MB (cached 37MB) IRAM 0/252kB(lfb 252kB) CPU [5%@921,8%@921,off,off] EMC_FREQ 0%@1600 GR3D_FREQ 0%@614 APE 25 PLL@29.5C CPU@31C iwlwifi@32C PMIC@50C GPU@30C AO@40.5C thermal@30.75C POM_5V_IN 1689/1772 POM_5V_GPU 82/87 POM_5V_CPU 164/220
RAM 1387/3964MB (lfb 8x4MB) SWAP 765/6078MB (cached 37MB) IRAM 0/252kB(lfb 252kB) CPU [8%@921,5%@921,off,off] EMC_FREQ 0%@1600 GR3D_FREQ 0%@614 APE 25 PLL@29.5C CPU@31.5C iwlwifi@32C PMIC@50C GPU@30C AO@40.5C thermal@30.5C POM_5V_IN 1689/1772 POM_5V_GPU 82/87 POM_5V_CPU 164/220
RAM 1388/3964MB (lfb 8x4MB) SWAP 765/6078MB (cached 37MB) IRAM 0/252kB(lfb 252kB) CPU [7%@921,7%@921,off,off] EMC_FREQ 0%@1600 GR3D_FREQ 0%@614 APE 25 PLL@29.5C CPU@31C iwlwifi@32C PMIC@50C GPU@29.5C AO@41C thermal@30.75C POM_5V_IN 1689/1772 POM_5V_GPU 82/87 POM_5V_CPU 164/220
RAM 1386/3964MB (lfb 8x4MB) SWAP 765/6078MB (cached 37MB) IRAM 0/252kB(lfb 252kB) CPU [8%@921,5%@921,off,off] EMC_FREQ 0%@1600 GR3D_FREQ 0%@614 APE 25 PLL@30C CPU@31.5C iwlwifi@32C PMIC@50C GPU@30C AO@41C thermal@30.25C POM_5V_IN 1689/1772 POM_5V_GPU 82/87 POM_5V_CPU 164/220
RAM 1387/3964MB (lfb 8x4MB) SWAP 765/6078MB (cached 37MB) IRAM 0/252kB(lfb 252kB) CPU [7%@921,7%@921,off,off] EMC_FREQ 0%@1600 GR3D_FREQ 0%@614 APE 25 PLL@29.5C CPU@31.5C iwlwifi@32C PMIC@50C GPU@30C AO@41C thermal@30.75C POM_5V_IN 1689/1772 POM_5V_GPU 82/87 POM_5V_CPU 164/220
RAM 1385/3964MB (lfb 8x4MB) SWAP 765/6078MB (cached 37MB) IRAM 0/252kB(lfb 252kB) CPU [6%@921,7%@921,off,off] EMC_FREQ 0%@1600 GR3D_FREQ 0%@614 APE 25 PLL@29.5C CPU@31.5C iwlwifi@32C PMIC@50C GPU@30C AO@41C thermal@30.5C POM_5V_IN 1689/1772 POM_5V_GPU 82/87 POM_5V_CPU 164/220
RAM 1387/3964MB (lfb 8x4MB) SWAP 765/6078MB (cached 37MB) IRAM 0/252kB(lfb 252kB) CPU [6%@921,7%@921,off,off] EMC_FREQ 0%@1600 GR3D_FREQ 0%@614 APE 25 PLL@29.5C CPU@31.5C iwlwifi@32C PMIC@50C GPU@29.5C AO@41C thermal@30.5C POM_5V_IN 1689/1772 POM_5V_GPU 82/87 POM_5V_CPU 164/220
RAM 1385/3964MB (lfb 8x4MB) SWAP 765/6078MB (cached 37MB) IRAM 0/252kB(lfb 252kB) CPU [8%@921,6%@921,off,off] EMC_FREQ 0%@1600 GR3D_FREQ 0%@614 APE 25 PLL@29.5C CPU@31C iwlwifi@32C PMIC@50C GPU@30C AO@40.5C thermal@30.75C POM_5V_IN 1728/1772 POM_5V_GPU 82/87 POM_5V_CPU 164/220
RAM 1387/3964MB (lfb 8x4MB) SWAP 765/6078MB (cached 37MB) IRAM 0/252kB(lfb 252kB) CPU [8%@921,5%@921,off,off] EMC_FREQ 0%@1600 GR3D_FREQ 0%@614 APE 25 PLL@29.5C CPU@31.5C iwlwifi@32C PMIC@50C GPU@30C AO@40.5C thermal@30.5C POM_5V_IN 1689/1772 POM_5V_GPU 82/87 POM_5V_CPU 164/220
RAM 1387/3964MB (lfb 8x4MB) SWAP 765/6078MB (cached 37MB) IRAM 0/252kB(lfb 252kB) CPU [5%@921,8%@921,off,off] EMC_FREQ 0%@1600 GR3D_FREQ 0%@614 APE 25 PLL@29.5C CPU@31.5C iwlwifi@32C PMIC@50C GPU@30C AO@40.5C thermal@30.5C POM_5V_IN 1689/1772 POM_5V_GPU 82/87 POM_5V_CPU 164/220
RAM 1389/3964MB (lfb 8x4MB) SWAP 765/6078MB (cached 37MB) IRAM 0/252kB(lfb 252kB) CPU [7%@921,6%@921,off,off] EMC_FREQ 0%@1600 GR3D_FREQ 0%@614 APE 25 PLL@29.5C CPU@31.5C iwlwifi@32C PMIC@50C GPU@30C AO@41C thermal@30.5C POM_5V_IN 1689/1772 POM_5V_GPU 82/87 POM_5V_CPU 164/220
RAM 1387/3964MB (lfb 8x4MB) SWAP 765/6078MB (cached 37MB) IRAM 0/252kB(lfb 252kB) CPU [7%@921,7%@921,off,off] EMC_FREQ 0%@1600 GR3D_FREQ 0%@614 APE 25 PLL@29.5C CPU@31.5C iwlwifi@32C PMIC@50C GPU@30C AO@41C thermal@30.5C POM_5V_IN 1689/1772 POM_5V_GPU 82/87 POM_5V_CPU 164/220
RAM 1385/3964MB (lfb 8x4MB) SWAP 765/6078MB (cached 37MB) IRAM 0/252kB(lfb 252kB) CPU [7%@921,6%@921,off,off] EMC_FREQ 0%@1600 GR3D_FREQ 0%@614 APE 25 PLL@29.5C CPU@31C iwlwifi@32C PMIC@50C GPU@30C AO@41C thermal@30.25C POM_5V_IN 1689/1771 POM_5V_GPU 82/87 POM_5V_CPU 164/220
RAM 1387/3964MB (lfb 8x4MB) SWAP 765/6078MB (cached 37MB) IRAM 0/252kB(lfb 252kB) CPU [5%@921,9%@921,off,off] EMC_FREQ 0%@1600 GR3D_FREQ 0%@614 APE 25 PLL@29.5C CPU@31.5C iwlwifi@32C PMIC@50C GPU@30C AO@40.5C thermal@30.5C POM_5V_IN 1689/1771 POM_5V_GPU 82/87 POM_5V_CPU 164/220
RAM 1387/3964MB (lfb 8x4MB) SWAP 765/6078MB (cached 37MB) IRAM 0/252kB(lfb 252kB) CPU [9%@921,4%@921,off,off] EMC_FREQ 0%@1600 GR3D_FREQ 0%@614 APE 25 PLL@29.5C CPU@31.5C iwlwifi@32C PMIC@50C GPU@29.5C AO@41C thermal@30.5C POM_5V_IN 1689/1771 POM_5V_GPU 82/87 POM_5V_CPU 164/220
RAM 1387/3964MB (lfb 8x4MB) SWAP 765/6078MB (cached 37MB) IRAM 0/252kB(lfb 252kB) CPU [6%@921,8%@921,off,off] EMC_FREQ 0%@1600 GR3D_FREQ 0%@614 APE 25 PLL@29.5C CPU@31.5C iwlwifi@32C PMIC@50C GPU@30C AO@40.5C thermal@30.75C POM_5V_IN 1689/1771 POM_5V_GPU 82/87 POM_5V_CPU 164/220
RAM 1387/3964MB (lfb 8x4MB) SWAP 765/6078MB (cached 37MB) IRAM 0/252kB(lfb 252kB) CPU [4%@921,9%@921,off,off] EMC_FREQ 0%@1600 GR3D_FREQ 0%@614 APE 25 PLL@29.5C CPU@31.5C iwlwifi@32C PMIC@50C GPU@30C AO@41C thermal@30.5C POM_5V_IN 1689/1771 POM_5V_GPU 82/87 POM_5V_CPU 164/220
RAM 1389/3964MB (lfb 8x4MB) SWAP 765/6078MB (cached 37MB) IRAM 0/252kB(lfb 252kB) CPU [6%@921,8%@921,off,off] EMC_FREQ 0%@1600 GR3D_FREQ 0%@614 APE 25 PLL@29.5C CPU@31C iwlwifi@32C PMIC@50C GPU@30C AO@41C thermal@30.5C POM_5V_IN 1689/1771 POM_5V_GPU 82/87 POM_5V_CPU 164/220
RAM 1386/3964MB (lfb 8x4MB) SWAP 765/6078MB (cached 37MB) IRAM 0/252kB(lfb 252kB) CPU [8%@921,5%@921,off,off] EMC_FREQ 0%@1600 GR3D_FREQ 0%@614 APE 25 PLL@29.5C CPU@31.5C iwlwifi@32C PMIC@50C GPU@30C AO@41C thermal@30.5C POM_5V_IN 1689/1771 POM_5V_GPU 82/87 POM_5V_CPU 164/220
RAM 1386/3964MB (lfb 8x4MB) SWAP 765/6078MB (cached 37MB) IRAM 0/252kB(lfb 252kB) CPU [5%@921,9%@921,off,off] EMC_FREQ 0%@1600 GR3D_FREQ 0%@614 APE 25 PLL@29.5C CPU@31.5C iwlwifi@32C PMIC@50C GPU@30C AO@41C thermal@30.75C POM_5V_IN 1689/1771 POM_5V_GPU 82/87 POM_5V_CPU 164/220
RAM 1389/3964MB (lfb 8x4MB) SWAP 765/6078MB (cached 37MB) IRAM 0/252kB(lfb 252kB) CPU [7%@921,6%@921,off,off] EMC_FREQ 0%@1600 GR3D_FREQ 0%@614 APE 25 PLL@29.5C CPU@31C iwlwifi@32C PMIC@50C GPU@30C AO@40.5C thermal@30.5C POM_5V_IN 1689/1771 POM_5V_GPU 82/87 POM_5V_CPU 123/220
RAM 1387/3964MB (lfb 8x4MB) SWAP 765/6078MB (cached 37MB) IRAM 0/252kB(lfb 252kB) CPU [6%@921,8%@921,off,off] EMC_FREQ 0%@1600 GR3D_FREQ 0%@614 APE 25 PLL@29.5C CPU@31C iwlwifi@32C PMIC@50C GPU@30C AO@41C thermal@30.5C POM_5V_IN 1731/1771 POM_5V_GPU 82/87 POM_5V_CPU 164/220
RAM 1387/3964MB (lfb 8x4MB) SWAP 765/6078MB (cached 37MB) IRAM 0/252kB(lfb 252kB) CPU [8%@921,5%@921,off,off] EMC_FREQ 0%@1600 GR3D_FREQ 0%@614 APE 25 PLL@30C CPU@31C iwlwifi@32C PMIC@50C GPU@30C AO@41C thermal@30.5C POM_5V_IN 1689/1771 POM_5V_GPU 82/87 POM_5V_CPU 164/220
RAM 1388/3964MB (lfb 8x4MB) SWAP 765/6078MB (cached 37MB) IRAM 0/252kB(lfb 252kB) CPU [9%@921,4%@921,off,off] EMC_FREQ 0%@1600 GR3D_FREQ 0%@614 APE 25 PLL@29.5C CPU@31C iwlwifi@32C PMIC@50C GPU@29.5C AO@41C thermal@30.5C POM_5V_IN 1689/1771 POM_5V_GPU 82/87 POM_5V_CPU 123/220
RAM 1387/3964MB (lfb 8x4MB) SWAP 765/6078MB (cached 37MB) IRAM 0/252kB(lfb 252kB) CPU [8%@921,6%@921,off,off] EMC_FREQ 0%@1600 GR3D_FREQ 0%@614 APE 25 PLL@29.5C CPU@31C iwlwifi@32C PMIC@50C GPU@30C AO@40.5C thermal@30.75C POM_5V_IN 1689/1771 POM_5V_GPU 82/87 POM_5V_CPU 164/220
RAM 1389/3964MB (lfb 8x4MB) SWAP 765/6078MB (cached 37MB) IRAM 0/252kB(lfb 252kB) CPU [6%@921,7%@921,off,off] EMC_FREQ 0%@1600 GR3D_FREQ 0%@614 APE 25 PLL@29C CPU@31C iwlwifi@32C PMIC@50C GPU@30C AO@41C thermal@30.5C POM_5V_IN 1689/1771 POM_5V_GPU 82/87 POM_5V_CPU 164/220
RAM 1386/3964MB (lfb 8x4MB) SWAP 765/6078MB (cached 37MB) IRAM 0/252kB(lfb 252kB) CPU [8%@921,6%@921,off,off] EMC_FREQ 0%@1600 GR3D_FREQ 0%@614 APE 25 PLL@29.5C CPU@31C iwlwifi@32C PMIC@50C GPU@30C AO@41C thermal@30.5C POM_5V_IN 1689/1771 POM_5V_GPU 82/87 POM_5V_CPU 164/220
RAM 1389/3964MB (lfb 8x4MB) SWAP 765/6078MB (cached 37MB) IRAM 0/252kB(lfb 252kB) CPU [8%@921,5%@921,off,off] EMC_FREQ 0%@1600 GR3D_FREQ 0%@614 APE 25 PLL@29.5C CPU@31.5C iwlwifi@32C PMIC@50C GPU@29.5C AO@41C thermal@30.75C POM_5V_IN 1689/1771 POM_5V_GPU 82/87 POM_5V_CPU 164/220
RAM 1387/3964MB (lfb 8x4MB) SWAP 765/6078MB (cached 37MB) IRAM 0/252kB(lfb 252kB) CPU [5%@921,8%@921,off,off] EMC_FREQ 0%@1600 GR3D_FREQ 0%@614 APE 25 PLL@29.5C CPU@31.5C iwlwifi@32C PMIC@50C GPU@30C AO@40.5C thermal@30.75C POM_5V_IN 1689/1771 POM_5V_GPU 82/87 POM_5V_CPU 123/220
RAM 1385/3964MB (lfb 8x4MB) SWAP 765/6078MB (cached 37MB) IRAM 0/252kB(lfb 252kB) CPU [6%@921,7%@921,off,off] EMC_FREQ 0%@1600 GR3D_FREQ 0%@614 APE 25 PLL@29.5C CPU@31.5C iwlwifi@32C PMIC@50C GPU@30C AO@40.5C thermal@30.5C POM_5V_IN 1689/1771 POM_5V_GPU 82/87 POM_5V_CPU 164/219
RAM 1387/3964MB (lfb 8x4MB) SWAP 765/6078MB (cached 37MB) IRAM 0/252kB(lfb 252kB) CPU [9%@921,5%@921,off,off] EMC_FREQ 0%@1600 GR3D_FREQ 0%@614 APE 25 PLL@29.5C CPU@31.5C iwlwifi@32C PMIC@50C GPU@30C AO@41C thermal@31C POM_5V_IN 1689/1771 POM_5V_GPU 82/87 POM_5V_CPU 123/219
RAM 1389/3964MB (lfb 8x4MB) SWAP 765/6078MB (cached 37MB) IRAM 0/252kB(lfb 252kB) CPU [6%@921,7%@921,off,off] EMC_FREQ 0%@1600 GR3D_FREQ 0%@614 APE 25 PLL@29.5C CPU@31.5C iwlwifi@33C PMIC@50C GPU@30C AO@41C thermal@30.75C POM_5V_IN 1689/1771 POM_5V_GPU 82/87 POM_5V_CPU 164/219
RAM 1385/3964MB (lfb 8x4MB) SWAP 765/6078MB (cached 37MB) IRAM 0/252kB(lfb 252kB) CPU [6%@921,8%@921,off,off] EMC_FREQ 0%@1600 GR3D_FREQ 0%@614 APE 25 PLL@29.5C CPU@31.5C iwlwifi@32C PMIC@50C GPU@30C AO@41C thermal@30.5C POM_5V_IN 1689/1771 POM_5V_GPU 82/87 POM_5V_CPU 164/219
RAM 1385/3964MB (lfb 8x4MB) SWAP 765/6078MB (cached 37MB) IRAM 0/252kB(lfb 252kB) CPU [6%@921,7%@921,off,off] EMC_FREQ 0%@1600 GR3D_FREQ 0%@614 APE 25 PLL@29.5C CPU@31.5C iwlwifi@32C PMIC@50C GPU@30C AO@40.5C thermal@30.75C POM_5V_IN 1689/1771 POM_5V_GPU 82/87 POM_5V_CPU 164/219
RAM 1389/3964MB (lfb 8x4MB) SWAP 765/6078MB (cached 37MB) IRAM 0/252kB(lfb 252kB) CPU [5%@921,9%@921,off,off] EMC_FREQ 0%@1600 GR3D_FREQ 0%@614 APE 25 PLL@30C CPU@31.5C iwlwifi@32C PMIC@50C GPU@30C AO@41C thermal@30.75C POM_5V_IN 1813/1771 POM_5V_GPU 82/87 POM_5V_CPU 246/219
RAM 1387/3964MB (lfb 8x4MB) SWAP 765/6078MB (cached 37MB) IRAM 0/252kB(lfb 252kB) CPU [7%@921,5%@921,off,off] EMC_FREQ 0%@1600 GR3D_FREQ 0%@614 APE 25 PLL@29.5C CPU@31.5C iwlwifi@32C PMIC@50C GPU@30C AO@41C thermal@30.75C POM_5V_IN 1689/1771 POM_5V_GPU 82/87 POM_5V_CPU 164/219
RAM 1389/3964MB (lfb 8x4MB) SWAP 765/6078MB (cached 37MB) IRAM 0/252kB(lfb 252kB) CPU [6%@921,8%@921,off,off] EMC_FREQ 0%@1600 GR3D_FREQ 0%@614 APE 25 PLL@29.5C CPU@31C iwlwifi@32C PMIC@50C GPU@30C AO@41C thermal@30.75C POM_5V_IN 1689/1771 POM_5V_GPU 82/87 POM_5V_CPU 164/219
RAM 1389/3964MB (lfb 8x4MB) SWAP 765/6078MB (cached 37MB) IRAM 0/252kB(lfb 252kB) CPU [10%@921,3%@921,off,off] EMC_FREQ 0%@1600 GR3D_FREQ 0%@614 APE 25 PLL@29.5C CPU@31.5C iwlwifi@32C PMIC@50C GPU@30C AO@41C thermal@31C POM_5V_IN 1689/1771 POM_5V_GPU 82/87 POM_5V_CPU 164/219
RAM 1385/3964MB (lfb 8x4MB) SWAP 765/6078MB (cached 37MB) IRAM 0/252kB(lfb 252kB) CPU [5%@921,8%@921,off,off] EMC_FREQ 0%@1600 GR3D_FREQ 0%@614 APE 25 PLL@29.5C CPU@31.5C iwlwifi@32C PMIC@50C GPU@30C AO@41C thermal@31C POM_5V_IN 1689/1771 POM_5V_GPU 82/87 POM_5V_CPU 164/219
RAM 1387/3964MB (lfb 8x4MB) SWAP 765/6078MB (cached 37MB) IRAM 0/252kB(lfb 252kB) CPU [7%@921,6%@921,off,off] EMC_FREQ 0%@1600 GR3D_FREQ 0%@614 APE 25 PLL@29.5C CPU@31.5C iwlwifi@32C PMIC@50C GPU@30C AO@40.5C thermal@30.5C POM_5V_IN 1689/1771 POM_5V_GPU 82/87 POM_5V_CPU 164/219
RAM 1389/3964MB (lfb 8x4MB) SWAP 765/6078MB (cached 37MB) IRAM 0/252kB(lfb 252kB) CPU [6%@921,8%@921,off,off] EMC_FREQ 0%@1600 GR3D_FREQ 0%@614 APE 25 PLL@29.5C CPU@31.5C iwlwifi@32C PMIC@50C GPU@30C AO@41C thermal@30.75C POM_5V_IN 1689/1771 POM_5V_GPU 82/87 POM_5V_CPU 164/219
RAM 1385/3964MB (lfb 8x4MB) SWAP 765/6078MB (cached 37MB) IRAM 0/252kB(lfb 252kB) CPU [9%@921,5%@921,off,off] EMC_FREQ 0%@1600 GR3D_FREQ 0%@614 APE 25 PLL@29.5C CPU@31.5C iwlwifi@32C PMIC@50C GPU@30C AO@41C thermal@30.75C POM_5V_IN 1689/1770 POM_5V_GPU 82/87 POM_5V_CPU 164/219
RAM 1387/3964MB (lfb 8x4MB) SWAP 765/6078MB (cached 37MB) IRAM 0/252kB(lfb 252kB) CPU [7%@921,6%@921,off,off] EMC_FREQ 0%@1600 GR3D_FREQ 0%@614 APE 25 PLL@29.5C CPU@32C iwlwifi@32C PMIC@50C GPU@30.5C AO@41C thermal@30.75C POM_5V_IN 1689/1770 POM_5V_GPU 82/87 POM_5V_CPU 164/219
RAM 1386/3964MB (lfb 8x4MB) SWAP 765/6078MB (cached 37MB) IRAM 0/252kB(lfb 252kB) CPU [6%@921,7%@921,off,off] EMC_FREQ 0%@1600 GR3D_FREQ 0%@614 APE 25 PLL@29.5C CPU@31C iwlwifi@32C PMIC@50C GPU@29.5C AO@41C thermal@30.5C POM_5V_IN 1689/1770 POM_5V_GPU 82/87 POM_5V_CPU 164/219
RAM 1385/3964MB (lfb 8x4MB) SWAP 765/6078MB (cached 37MB) IRAM 0/252kB(lfb 252kB) CPU [6%@921,7%@921,off,off] EMC_FREQ 0%@1600 GR3D_FREQ 0%@614 APE 25 PLL@29.5C CPU@31.5C iwlwifi@32C PMIC@50C GPU@30C AO@41C thermal@30.75C POM_5V_IN 1689/1770 POM_5V_GPU 82/87 POM_5V_CPU 164/219
RAM 1385/3964MB (lfb 8x4MB) SWAP 765/6078MB (cached 37MB) IRAM 0/252kB(lfb 252kB) CPU [5%@921,8%@921,off,off] EMC_FREQ 0%@1600 GR3D_FREQ 0%@614 APE 25 PLL@30C CPU@31.5C iwlwifi@32C PMIC@50C GPU@30C AO@41C thermal@30.75C POM_5V_IN 1689/1770 POM_5V_GPU 82/87 POM_5V_CPU 164/219
RAM 1387/3964MB (lfb 8x4MB) SWAP 765/6078MB (cached 37MB) IRAM 0/252kB(lfb 252kB) CPU [5%@921,8%@921,off,off] EMC_FREQ 0%@1600 GR3D_FREQ 0%@614 APE 25 PLL@29.5C CPU@31.5C iwlwifi@32C PMIC@50C GPU@30C AO@41C thermal@30.75C POM_5V_IN 1689/1770 POM_5V_GPU 82/87 POM_5V_CPU 164/219
RAM 1389/3964MB (lfb 8x4MB) SWAP 765/6078MB (cached 37MB) IRAM 0/252kB(lfb 252kB) CPU [7%@921,7%@921,off,off] EMC_FREQ 0%@1600 GR3D_FREQ 0%@614 APE 25 PLL@29.5C CPU@31.5C iwlwifi@32C PMIC@50C GPU@30C AO@40.5C thermal@30.75C POM_5V_IN 1689/1770 POM_5V_GPU 82/87 POM_5V_CPU 164/219
RAM 1389/3964MB (lfb 8x4MB) SWAP 765/6078MB (cached 37MB) IRAM 0/252kB(lfb 252kB) CPU [7%@921,6%@921,off,off] EMC_FREQ 0%@1600 GR3D_FREQ 0%@614 APE 25 PLL@29.5C CPU@31.5C iwlwifi@32C PMIC@50C GPU@30C AO@41C thermal@31C POM_5V_IN 1689/1770 POM_5V_GPU 82/87 POM_5V_CPU 164/219
RAM 1385/3964MB (lfb 8x4MB) SWAP 765/6078MB (cached 37MB) IRAM 0/252kB(lfb 252kB) CPU [5%@921,9%@921,off,off] EMC_FREQ 0%@1600 GR3D_FREQ 0%@614 APE 25 PLL@29.5C CPU@32C iwlwifi@32C PMIC@50C GPU@30C AO@41C thermal@30.75C POM_5V_IN 1689/1770 POM_5V_GPU 82/87 POM_5V_CPU 164/219
RAM 1389/3964MB (lfb 8x4MB) SWAP 765/6078MB (cached 37MB) IRAM 0/252kB(lfb 252kB) CPU [8%@921,5%@921,off,off] EMC_FREQ 0%@1600 GR3D_FREQ 0%@614 APE 25 PLL@29.5C CPU@31.5C iwlwifi@32C PMIC@50C GPU@30C AO@41C thermal@30.75C POM_5V_IN 1689/1770 POM_5V_GPU 82/87 POM_5V_CPU 164/219
RAM 1385/3964MB (lfb 8x4MB) SWAP 765/6078MB (cached 37MB) IRAM 0/252kB(lfb 252kB) CPU [7%@921,6%@921,off,off] EMC_FREQ 0%@1600 GR3D_FREQ 0%@614 APE 25 PLL@29.5C CPU@31.5C iwlwifi@32C PMIC@50C GPU@30C AO@41C thermal@30.75C POM_5V_IN 1689/1770 POM_5V_GPU 82/87 POM_5V_CPU 164/219
RAM 1387/3964MB (lfb 8x4MB) SWAP 765/6078MB (cached 37MB) IRAM 0/252kB(lfb 252kB) CPU [5%@921,8%@921,off,off] EMC_FREQ 0%@1600 GR3D_FREQ 0%@614 APE 25 PLL@29.5C CPU@31C iwlwifi@32C PMIC@50C GPU@30C AO@40.5C thermal@31C POM_5V_IN 1689/1770 POM_5V_GPU 82/87 POM_5V_CPU 164/219
RAM 1389/3964MB (lfb 8x4MB) SWAP 765/6078MB (cached 37MB) IRAM 0/252kB(lfb 252kB) CPU [5%@921,8%@921,off,off] EMC_FREQ 0%@1600 GR3D_FREQ 0%@614 APE 25 PLL@29.5C CPU@31.5C iwlwifi@32C PMIC@50C GPU@30C AO@41C thermal@30.75C POM_5V_IN 1731/1770 POM_5V_GPU 82/87 POM_5V_CPU 164/219
RAM 1390/3964MB (lfb 8x4MB) SWAP 765/6078MB (cached 37MB) IRAM 0/252kB(lfb 252kB) CPU [7%@921,7%@921,off,off] EMC_FREQ 0%@1600 GR3D_FREQ 0%@614 APE 25 PLL@29.5C CPU@31C iwlwifi@32C PMIC@50C GPU@30C AO@41C thermal@30.75C POM_5V_IN 1689/1770 POM_5V_GPU 82/87 POM_5V_CPU 164/219
RAM 1389/3964MB (lfb 8x4MB) SWAP 765/6078MB (cached 37MB) IRAM 0/252kB(lfb 252kB) CPU [6%@921,7%@921,off,off] EMC_FREQ 0%@1600 GR3D_FREQ 0%@614 APE 25 PLL@29.5C CPU@31C iwlwifi@32C PMIC@50C GPU@29.5C AO@40.5C thermal@30.5C POM_5V_IN 1689/1770 POM_5V_GPU 82/87 POM_5V_CPU 164/219
RAM 1389/3964MB (lfb 8x4MB) SWAP 765/6078MB (cached 37MB) IRAM 0/252kB(lfb 252kB) CPU [5%@921,9%@921,off,off] EMC_FREQ 0%@1600 GR3D_FREQ 0%@614 APE 25 PLL@29.5C CPU@31C iwlwifi@32C PMIC@50C GPU@30C AO@41C thermal@30.5C POM_5V_IN 1689/1770 POM_5V_GPU 82/87 POM_5V_CPU 164/219
RAM 1387/3964MB (lfb 8x4MB) SWAP 765/6078MB (cached 37MB) IRAM 0/252kB(lfb 252kB) CPU [6%@921,7%@921,off,off] EMC_FREQ 0%@1600 GR3D_FREQ 0%@614 APE 25 PLL@29.5C CPU@31.5C iwlwifi@32C PMIC@50C GPU@30C AO@41C thermal@30.75C POM_5V_IN 2013/1770 POM_5V_GPU 82/87 POM_5V_CPU 164/219
RAM 1389/3964MB (lfb 8x4MB) SWAP 765/6078MB (cached 37MB) IRAM 0/252kB(lfb 252kB) CPU [6%@921,7%@921,off,off] EMC_FREQ 0%@1600 GR3D_FREQ 0%@614 APE 25 PLL@29.5C CPU@31.5C iwlwifi@33C PMIC@50C GPU@30C AO@41C thermal@30.75C POM_5V_IN 1689/1770 POM_5V_GPU 82/87 POM_5V_CPU 164/219
RAM 1389/3964MB (lfb 8x4MB) SWAP 765/6078MB (cached 37MB) IRAM 0/252kB(lfb 252kB) CPU [7%@921,7%@921,off,off] EMC_FREQ 0%@1600 GR3D_FREQ 0%@614 APE 25 PLL@29.5C CPU@31.5C iwlwifi@32C PMIC@50C GPU@29.5C AO@41C thermal@30.75C POM_5V_IN 1689/1770 POM_5V_GPU 82/87 POM_5V_CPU 164/219
RAM 1389/3964MB (lfb 8x4MB) SWAP 765/6078MB (cached 37MB) IRAM 0/252kB(lfb 252kB) CPU [7%@921,7%@921,off,off] EMC_FREQ 0%@1600 GR3D_FREQ 0%@614 APE 25 PLL@29.5C CPU@31C iwlwifi@32C PMIC@50C GPU@30C AO@41C thermal@30.75C POM_5V_IN 1689/1770 POM_5V_GPU 82/87 POM_5V_CPU 164/219
RAM 1387/3964MB (lfb 8x4MB) SWAP 765/6078MB (cached 37MB) IRAM 0/252kB(lfb 252kB) CPU [6%@921,6%@921,off,off] EMC_FREQ 0%@1600 GR3D_FREQ 0%@614 APE 25 PLL@29.5C CPU@31.5C iwlwifi@32C PMIC@50C GPU@30C AO@40.5C thermal@30.75C POM_5V_IN 1731/1770 POM_5V_GPU 82/87 POM_5V_CPU 164/219
RAM 1386/3964MB (lfb 8x4MB) SWAP 765/6078MB (cached 37MB) IRAM 0/252kB(lfb 252kB) CPU [6%@921,8%@921,off,off] EMC_FREQ 0%@1600 GR3D_FREQ 0%@614 APE 25 PLL@29.5C CPU@31.5C iwlwifi@32C PMIC@50C GPU@30C AO@41C thermal@30.75C POM_5V_IN 1689/1770 POM_5V_GPU 82/87 POM_5V_CPU 164/219
RAM 1387/3964MB (lfb 8x4MB) SWAP 765/6078MB (cached 37MB) IRAM 0/252kB(lfb 252kB) CPU [6%@921,6%@921,off,off] EMC_FREQ 0%@1600 GR3D_FREQ 0%@614 APE 25 PLL@29.5C CPU@31.5C iwlwifi@32C PMIC@50C GPU@30C AO@41C thermal@30.75C POM_5V_IN 1689/1770 POM_5V_GPU 82/87 POM_5V_CPU 164/219
RAM 1387/3964MB (lfb 8x4MB) SWAP 765/6078MB (cached 37MB) IRAM 0/252kB(lfb 252kB) CPU [9%@921,5%@921,off,off] EMC_FREQ 0%@1600 GR3D_FREQ 0%@614 APE 25 PLL@29.5C CPU@31.5C iwlwifi@32C PMIC@50C GPU@30C AO@41.5C thermal@30.75C POM_5V_IN 1689/1770 POM_5V_GPU 82/87 POM_5V_CPU 164/219
RAM 1387/3964MB (lfb 8x4MB) SWAP 765/6078MB (cached 37MB) IRAM 0/252kB(lfb 252kB) CPU [9%@921,5%@921,off,off] EMC_FREQ 0%@1600 GR3D_FREQ 0%@614 APE 25 PLL@29.5C CPU@31.5C iwlwifi@32C PMIC@50C GPU@30C AO@40.5C thermal@30.75C POM_5V_IN 1689/1770 POM_5V_GPU 82/87 POM_5V_CPU 164/219
RAM 1385/3964MB (lfb 8x4MB) SWAP 765/6078MB (cached 37MB) IRAM 0/252kB(lfb 252kB) CPU [7%@921,7%@921,off,off] EMC_FREQ 0%@1600 GR3D_FREQ 0%@614 APE 25 PLL@29.5C CPU@31.5C iwlwifi@32C PMIC@50C GPU@30C AO@41C thermal@30.5C POM_5V_IN 1689/1770 POM_5V_GPU 82/87 POM_5V_CPU 164/219
RAM 1387/3964MB (lfb 8x4MB) SWAP 765/6078MB (cached 37MB) IRAM 0/252kB(lfb 252kB) CPU [8%@921,5%@921,off,off] EMC_FREQ 0%@1600 GR3D_FREQ 0%@614 APE 25 PLL@29.5C CPU@31.5C iwlwifi@32C PMIC@50C GPU@30C AO@41C thermal@30.75C POM_5V_IN 1689/1770 POM_5V_GPU 82/87 POM_5V_CPU 164/219
RAM 1387/3964MB (lfb 8x4MB) SWAP 765/6078MB (cached 37MB) IRAM 0/252kB(lfb 252kB) CPU [6%@921,8%@921,off,off] EMC_FREQ 0%@1600 GR3D_FREQ 0%@614 APE 25 PLL@29.5C CPU@31.5C iwlwifi@32C PMIC@50C GPU@30C AO@41C thermal@30.75C POM_5V_IN 1689/1770 POM_5V_GPU 82/87 POM_5V_CPU 164/219
RAM 1385/3964MB (lfb 8x4MB) SWAP 765/6078MB (cached 37MB) IRAM 0/252kB(lfb 252kB) CPU [5%@921,9%@921,off,off] EMC_FREQ 0%@1600 GR3D_FREQ 0%@614 APE 25 PLL@29.5C CPU@31.5C iwlwifi@32C PMIC@50C GPU@29.5C AO@41C thermal@30.75C POM_5V_IN 2256/1770 POM_5V_GPU 82/87 POM_5V_CPU 574/219
RAM 1388/3964MB (lfb 8x4MB) SWAP 765/6078MB (cached 37MB) IRAM 0/252kB(lfb 252kB) CPU [7%@921,6%@921,off,off] EMC_FREQ 0%@1600 GR3D_FREQ 0%@614 APE 25 PLL@29.5C CPU@31.5C iwlwifi@32C PMIC@50C GPU@30C AO@41C thermal@30.75C POM_5V_IN 1731/1770 POM_5V_GPU 82/87 POM_5V_CPU 164/219
RAM 1387/3964MB (lfb 8x4MB) SWAP 765/6078MB (cached 37MB) IRAM 0/252kB(lfb 252kB) CPU [6%@921,8%@921,off,off] EMC_FREQ 0%@1600 GR3D_FREQ 0%@614 APE 25 PLL@29.5C CPU@31.5C iwlwifi@32C PMIC@50C GPU@30C AO@41C thermal@30.75C POM_5V_IN 1689/1770 POM_5V_GPU 82/87 POM_5V_CPU 164/219
RAM 1385/3964MB (lfb 8x4MB) SWAP 765/6078MB (cached 37MB) IRAM 0/252kB(lfb 252kB) CPU [7%@921,6%@921,off,off] EMC_FREQ 0%@1600 GR3D_FREQ 0%@614 APE 25 PLL@29.5C CPU@31.5C iwlwifi@32C PMIC@50C GPU@30C AO@40.5C thermal@30.75C POM_5V_IN 1689/1770 POM_5V_GPU 82/87 POM_5V_CPU 164/219
RAM 1389/3964MB (lfb 8x4MB) SWAP 765/6078MB (cached 37MB) IRAM 0/252kB(lfb 252kB) CPU [5%@921,9%@921,off,off] EMC_FREQ 0%@1600 GR3D_FREQ 0%@614 APE 25 PLL@29.5C CPU@31C iwlwifi@32C PMIC@50C GPU@30C AO@41C thermal@30.5C POM_5V_IN 1689/1770 POM_5V_GPU 82/87 POM_5V_CPU 164/219
RAM 1387/3964MB (lfb 8x4MB) SWAP 765/6078MB (cached 37MB) IRAM 0/252kB(lfb 252kB) CPU [6%@921,8%@921,off,off] EMC_FREQ 0%@1600 GR3D_FREQ 0%@614 APE 25 PLL@29.5C CPU@31.5C iwlwifi@32C PMIC@50C GPU@30C AO@41C thermal@31C POM_5V_IN 1689/1770 POM_5V_GPU 82/87 POM_5V_CPU 164/219
RAM 1389/3964MB (lfb 8x4MB) SWAP 765/6078MB (cached 37MB) IRAM 0/252kB(lfb 252kB) CPU [6%@921,7%@921,off,off] EMC_FREQ 0%@1600 GR3D_FREQ 0%@614 APE 25 PLL@29.5C CPU@31.5C iwlwifi@32C PMIC@50C GPU@30C AO@41C thermal@30.75C POM_5V_IN 1689/1770 POM_5V_GPU 82/87 POM_5V_CPU 164/219
RAM 1389/3964MB (lfb 8x4MB) SWAP 765/6078MB (cached 37MB) IRAM 0/252kB(lfb 252kB) CPU [8%@921,5%@921,off,off] EMC_FREQ 0%@1600 GR3D_FREQ 0%@614 APE 25 PLL@29.5C CPU@31.5C iwlwifi@32C PMIC@50C GPU@30C AO@41C thermal@30.75C POM_5V_IN 1731/1770 POM_5V_GPU 82/87 POM_5V_CPU 164/219
RAM 1389/3964MB (lfb 8x4MB) SWAP 765/6078MB (cached 37MB) IRAM 0/252kB(lfb 252kB) CPU [5%@921,9%@921,off,off] EMC_FREQ 0%@1600 GR3D_FREQ 0%@614 APE 25 PLL@29.5C CPU@31.5C iwlwifi@32C PMIC@50C GPU@30C AO@41C thermal@30.75C POM_5V_IN 1728/1770 POM_5V_GPU 82/87 POM_5V_CPU 164/219
RAM 1387/3964MB (lfb 8x4MB) SWAP 765/6078MB (cached 37MB) IRAM 0/252kB(lfb 252kB) CPU [4%@921,9%@921,off,off] EMC_FREQ 0%@1600 GR3D_FREQ 0%@614 APE 25 PLL@29.5C CPU@31.5C iwlwifi@32C PMIC@50C GPU@29.5C AO@41C thermal@30.75C POM_5V_IN 1689/1770 POM_5V_GPU 82/87 POM_5V_CPU 164/219
RAM 1387/3964MB (lfb 8x4MB) SWAP 765/6078MB (cached 37MB) IRAM 0/252kB(lfb 252kB) CPU [7%@921,7%@921,off,off] EMC_FREQ 0%@1600 GR3D_FREQ 0%@614 APE 25 PLL@29.5C CPU@31.5C iwlwifi@32C PMIC@50C GPU@30C AO@40.5C thermal@30.75C POM_5V_IN 1689/1770 POM_5V_GPU 82/87 POM_5V_CPU 164/218
RAM 1387/3964MB (lfb 8x4MB) SWAP 765/6078MB (cached 37MB) IRAM 0/252kB(lfb 252kB) CPU [6%@921,8%@921,off,off] EMC_FREQ 0%@1600 GR3D_FREQ 0%@614 APE 25 PLL@29.5C CPU@31.5C iwlwifi@32C PMIC@50C GPU@30C AO@41C thermal@30.75C POM_5V_IN 1689/1770 POM_5V_GPU 82/87 POM_5V_CPU 164/218
RAM 1389/3964MB (lfb 8x4MB) SWAP 765/6078MB (cached 37MB) IRAM 0/252kB(lfb 252kB) CPU [10%@921,5%@921,off,off] EMC_FREQ 0%@1600 GR3D_FREQ 0%@614 APE 25 PLL@29C CPU@31.5C iwlwifi@32C PMIC@50C GPU@30C AO@41C thermal@30.75C POM_5V_IN 1689/1770 POM_5V_GPU 82/87 POM_5V_CPU 164/218
RAM 1388/3964MB (lfb 8x4MB) SWAP 765/6078MB (cached 37MB) IRAM 0/252kB(lfb 252kB) CPU [5%@921,8%@921,off,off] EMC_FREQ 0%@1600 GR3D_FREQ 0%@614 APE 25 PLL@29.5C CPU@31.5C iwlwifi@32C PMIC@50C GPU@30C AO@40.5C thermal@30.75C POM_5V_IN 1689/1770 POM_5V_GPU 82/87 POM_5V_CPU 164/218
RAM 1386/3964MB (lfb 8x4MB) SWAP 765/6078MB (cached 37MB) IRAM 0/252kB(lfb 252kB) CPU [8%@921,6%@921,off,off] EMC_FREQ 0%@1600 GR3D_FREQ 0%@614 APE 25 PLL@29.5C CPU@32C iwlwifi@32C PMIC@50C GPU@30C AO@41C thermal@30.5C POM_5V_IN 1689/1769 POM_5V_GPU 82/87 POM_5V_CPU 164/218
RAM 1387/3964MB (lfb 8x4MB) SWAP 765/6078MB (cached 37MB) IRAM 0/252kB(lfb 252kB) CPU [9%@921,5%@921,off,off] EMC_FREQ 0%@1600 GR3D_FREQ 0%@614 APE 25 PLL@29.5C CPU@31.5C iwlwifi@32C PMIC@50C GPU@30C AO@41C thermal@30.75C POM_5V_IN 1728/1769 POM_5V_GPU 82/87 POM_5V_CPU 164/218
RAM 1389/3964MB (lfb 8x4MB) SWAP 765/6078MB (cached 37MB) IRAM 0/252kB(lfb 252kB) CPU [8%@921,5%@921,off,off] EMC_FREQ 0%@1600 GR3D_FREQ 0%@614 APE 25 PLL@29.5C CPU@31.5C iwlwifi@32C PMIC@50C GPU@30C AO@41C thermal@30.75C POM_5V_IN 1689/1769 POM_5V_GPU 82/87 POM_5V_CPU 164/218
RAM 1389/3964MB (lfb 8x4MB) SWAP 765/6078MB (cached 37MB) IRAM 0/252kB(lfb 252kB) CPU [7%@921,7%@921,off,off] EMC_FREQ 0%@1600 GR3D_FREQ 0%@614 APE 25 PLL@29.5C CPU@31.5C iwlwifi@32C PMIC@50C GPU@30C AO@41C thermal@30.75C POM_5V_IN 1689/1769 POM_5V_GPU 82/87 POM_5V_CPU 164/218
RAM 1389/3964MB (lfb 8x4MB) SWAP 765/6078MB (cached 37MB) IRAM 0/252kB(lfb 252kB) CPU [6%@921,7%@921,off,off] EMC_FREQ 0%@1600 GR3D_FREQ 0%@614 APE 25 PLL@29.5C CPU@31.5C iwlwifi@32C PMIC@50C GPU@30C AO@41C thermal@30.75C POM_5V_IN 1731/1769 POM_5V_GPU 82/87 POM_5V_CPU 164/218
RAM 1389/3964MB (lfb 8x4MB) SWAP 765/6078MB (cached 37MB) IRAM 0/252kB(lfb 252kB) CPU [6%@921,8%@921,off,off] EMC_FREQ 0%@1600 GR3D_FREQ 0%@614 APE 25 PLL@30C CPU@31.5C iwlwifi@33C PMIC@50C GPU@30C AO@41C thermal@30.75C POM_5V_IN 1689/1769 POM_5V_GPU 82/87 POM_5V_CPU 164/218
RAM 1391/3964MB (lfb 8x4MB) SWAP 765/6078MB (cached 37MB) IRAM 0/252kB(lfb 252kB) CPU [8%@921,7%@921,off,off] EMC_FREQ 0%@1600 GR3D_FREQ 0%@614 APE 25 PLL@30C CPU@31.5C iwlwifi@32C PMIC@50C GPU@29.5C AO@41C thermal@30.5C POM_5V_IN 1687/1769 POM_5V_GPU 82/87 POM_5V_CPU 164/218
RAM 1387/3964MB (lfb 8x4MB) SWAP 765/6078MB (cached 37MB) IRAM 0/252kB(lfb 252kB) CPU [6%@921,10%@921,off,off] EMC_FREQ 0%@1600 GR3D_FREQ 0%@614 APE 25 PLL@29.5C CPU@31.5C iwlwifi@32C PMIC@50C GPU@30C AO@41C thermal@30.5C POM_5V_IN 1689/1769 POM_5V_GPU 82/87 POM_5V_CPU 164/218
RAM 1387/3964MB (lfb 8x4MB) SWAP 765/6078MB (cached 37MB) IRAM 0/252kB(lfb 252kB) CPU [6%@921,7%@921,off,off] EMC_FREQ 0%@1600 GR3D_FREQ 0%@614 APE 25 PLL@30C CPU@31.5C iwlwifi@32C PMIC@50C GPU@30C AO@41C thermal@30.75C POM_5V_IN 1689/1769 POM_5V_GPU 82/87 POM_5V_CPU 164/218
RAM 1389/3964MB (lfb 8x4MB) SWAP 765/6078MB (cached 37MB) IRAM 0/252kB(lfb 252kB) CPU [6%@921,8%@921,off,off] EMC_FREQ 0%@1600 GR3D_FREQ 0%@614 APE 25 PLL@29.5C CPU@31.5C iwlwifi@32C PMIC@50C GPU@30C AO@41C thermal@30.75C POM_5V_IN 1731/1769 POM_5V_GPU 82/87 POM_5V_CPU 164/218
RAM 1386/3964MB (lfb 8x4MB) SWAP 765/6078MB (cached 37MB) IRAM 0/252kB(lfb 252kB) CPU [6%@921,7%@921,off,off] EMC_FREQ 0%@1600 GR3D_FREQ 0%@614 APE 25 PLL@30C CPU@31.5C iwlwifi@32C PMIC@50C GPU@30C AO@41C thermal@30.75C POM_5V_IN 1689/1769 POM_5V_GPU 82/87 POM_5V_CPU 164/218
RAM 1386/3964MB (lfb 8x4MB) SWAP 765/6078MB (cached 37MB) IRAM 0/252kB(lfb 252kB) CPU [6%@921,7%@921,off,off] EMC_FREQ 0%@1600 GR3D_FREQ 0%@614 APE 25 PLL@29.5C CPU@31.5C iwlwifi@32C PMIC@50C GPU@30C AO@41C thermal@30.75C POM_5V_IN 1689/1769 POM_5V_GPU 82/87 POM_5V_CPU 123/218
RAM 1387/3964MB (lfb 8x4MB) SWAP 765/6078MB (cached 37MB) IRAM 0/252kB(lfb 252kB) CPU [7%@921,6%@921,off,off] EMC_FREQ 0%@1600 GR3D_FREQ 0%@614 APE 25 PLL@29.5C CPU@31.5C iwlwifi@32C PMIC@50C GPU@30.5C AO@41C thermal@30.75C POM_5V_IN 1689/1769 POM_5V_GPU 82/87 POM_5V_CPU 164/218
RAM 1385/3964MB (lfb 8x4MB) SWAP 765/6078MB (cached 37MB) IRAM 0/252kB(lfb 252kB) CPU [6%@921,8%@921,off,off] EMC_FREQ 0%@1600 GR3D_FREQ 0%@614 APE 25 PLL@29.5C CPU@31.5C iwlwifi@32C PMIC@50C GPU@30C AO@41C thermal@30.75C POM_5V_IN 1731/1769 POM_5V_GPU 82/87 POM_5V_CPU 164/218
RAM 1389/3964MB (lfb 8x4MB) SWAP 765/6078MB (cached 37MB) IRAM 0/252kB(lfb 252kB) CPU [7%@921,7%@921,off,off] EMC_FREQ 0%@1600 GR3D_FREQ 0%@614 APE 25 PLL@29.5C CPU@31.5C iwlwifi@32C PMIC@50C GPU@30C AO@41.5C thermal@31C POM_5V_IN 1689/1769 POM_5V_GPU 82/87 POM_5V_CPU 164/218
RAM 1386/3964MB (lfb 8x4MB) SWAP 765/6078MB (cached 37MB) IRAM 0/252kB(lfb 252kB) CPU [5%@921,9%@921,off,off] EMC_FREQ 0%@1600 GR3D_FREQ 0%@614 APE 25 PLL@30C CPU@31.5C iwlwifi@32C PMIC@50C GPU@30C AO@41C thermal@30.75C POM_5V_IN 1689/1769 POM_5V_GPU 82/87 POM_5V_CPU 164/218
RAM 1389/3964MB (lfb 8x4MB) SWAP 765/6078MB (cached 37MB) IRAM 0/252kB(lfb 252kB) CPU [7%@921,5%@921,off,off] EMC_FREQ 0%@1600 GR3D_FREQ 0%@614 APE 25 PLL@29.5C CPU@31.5C iwlwifi@32C PMIC@50C GPU@30C AO@41C thermal@30.75C POM_5V_IN 1689/1769 POM_5V_GPU 82/87 POM_5V_CPU 164/218
RAM 1389/3964MB (lfb 8x4MB) SWAP 765/6078MB (cached 37MB) IRAM 0/252kB(lfb 252kB) CPU [7%@921,7%@921,off,off] EMC_FREQ 0%@1600 GR3D_FREQ 0%@614 APE 25 PLL@29.5C CPU@31.5C iwlwifi@32C PMIC@50C GPU@29.5C AO@41C thermal@30.5C POM_5V_IN 1689/1769 POM_5V_GPU 82/87 POM_5V_CPU 164/218
RAM 1387/3964MB (lfb 8x4MB) SWAP 765/6078MB (cached 37MB) IRAM 0/252kB(lfb 252kB) CPU [6%@921,8%@921,off,off] EMC_FREQ 0%@1600 GR3D_FREQ 0%@614 APE 25 PLL@29.5C CPU@31.5C iwlwifi@32C PMIC@50C GPU@30C AO@41C thermal@30.75C POM_5V_IN 1689/1769 POM_5V_GPU 82/87 POM_5V_CPU 164/218
RAM 1387/3964MB (lfb 8x4MB) SWAP 765/6078MB (cached 37MB) IRAM 0/252kB(lfb 252kB) CPU [7%@921,6%@921,off,off] EMC_FREQ 0%@1600 GR3D_FREQ 0%@614 APE 25 PLL@30C CPU@31C iwlwifi@32C PMIC@50C GPU@29.5C AO@41.5C thermal@30.75C POM_5V_IN 1689/1769 POM_5V_GPU 82/87 POM_5V_CPU 164/218
RAM 1386/3964MB (lfb 8x4MB) SWAP 765/6078MB (cached 37MB) IRAM 0/252kB(lfb 252kB) CPU [6%@921,8%@921,off,off] EMC_FREQ 0%@1600 GR3D_FREQ 0%@614 APE 25 PLL@29.5C CPU@31.5C iwlwifi@32C PMIC@50C GPU@30C AO@41C thermal@30.75C POM_5V_IN 1689/1769 POM_5V_GPU 82/87 POM_5V_CPU 164/218
RAM 1385/3964MB (lfb 8x4MB) SWAP 765/6078MB (cached 37MB) IRAM 0/252kB(lfb 252kB) CPU [6%@921,7%@921,off,off] EMC_FREQ 0%@1600 GR3D_FREQ 0%@614 APE 25 PLL@30C CPU@31.5C iwlwifi@32C PMIC@50C GPU@30C AO@41C thermal@30.75C POM_5V_IN 1689/1769 POM_5V_GPU 82/87 POM_5V_CPU 164/218
RAM 1387/3964MB (lfb 8x4MB) SWAP 765/6078MB (cached 37MB) IRAM 0/252kB(lfb 252kB) CPU [9%@921,6%@921,off,off] EMC_FREQ 0%@1600 GR3D_FREQ 0%@614 APE 25 PLL@30C CPU@31.5C iwlwifi@32C PMIC@50C GPU@29.5C AO@41C thermal@30.5C POM_5V_IN 1689/1769 POM_5V_GPU 82/87 POM_5V_CPU 123/218
RAM 1385/3964MB (lfb 8x4MB) SWAP 765/6078MB (cached 37MB) IRAM 0/252kB(lfb 252kB) CPU [6%@921,7%@921,off,off] EMC_FREQ 0%@1600 GR3D_FREQ 0%@614 APE 25 PLL@30C CPU@31.5C iwlwifi@32C PMIC@50C GPU@30C AO@40.5C thermal@30.75C POM_5V_IN 1689/1769 POM_5V_GPU 82/87 POM_5V_CPU 164/218
RAM 1389/3964MB (lfb 8x4MB) SWAP 765/6078MB (cached 37MB) IRAM 0/252kB(lfb 252kB) CPU [5%@921,9%@921,off,off] EMC_FREQ 0%@1600 GR3D_FREQ 0%@614 APE 25 PLL@30C CPU@31.5C iwlwifi@32C PMIC@50C GPU@30C AO@41C thermal@31C POM_5V_IN 1689/1769 POM_5V_GPU 82/87 POM_5V_CPU 164/218
RAM 1389/3964MB (lfb 8x4MB) SWAP 765/6078MB (cached 37MB) IRAM 0/252kB(lfb 252kB) CPU [7%@921,7%@921,off,off] EMC_FREQ 0%@1600 GR3D_FREQ 0%@614 APE 25 PLL@30C CPU@31.5C iwlwifi@32C PMIC@50C GPU@30.5C AO@41C thermal@30.75C POM_5V_IN 1689/1769 POM_5V_GPU 82/87 POM_5V_CPU 164/218
RAM 1389/3964MB (lfb 8x4MB) SWAP 765/6078MB (cached 37MB) IRAM 0/252kB(lfb 252kB) CPU [6%@921,7%@921,off,off] EMC_FREQ 0%@1600 GR3D_FREQ 0%@614 APE 25 PLL@29.5C CPU@31.5C iwlwifi@32C PMIC@50C GPU@30C AO@41C thermal@30.75C POM_5V_IN 1731/1769 POM_5V_GPU 82/87 POM_5V_CPU 164/218
RAM 1386/3964MB (lfb 8x4MB) SWAP 765/6078MB (cached 37MB) IRAM 0/252kB(lfb 252kB) CPU [5%@921,9%@921,off,off] EMC_FREQ 0%@1600 GR3D_FREQ 0%@614 APE 25 PLL@29.5C CPU@31C iwlwifi@32C PMIC@50C GPU@30C AO@41C thermal@31C POM_5V_IN 1689/1769 POM_5V_GPU 82/87 POM_5V_CPU 164/218
RAM 1385/3964MB (lfb 8x4MB) SWAP 765/6078MB (cached 37MB) IRAM 0/252kB(lfb 252kB) CPU [7%@921,7%@921,off,off] EMC_FREQ 0%@1600 GR3D_FREQ 0%@614 APE 25 PLL@29.5C CPU@31.5C iwlwifi@32C PMIC@50C GPU@30C AO@41C thermal@30.75C POM_5V_IN 1689/1769 POM_5V_GPU 82/87 POM_5V_CPU 164/218
RAM 1385/3964MB (lfb 8x4MB) SWAP 765/6078MB (cached 37MB) IRAM 0/252kB(lfb 252kB) CPU [8%@921,6%@921,off,off] EMC_FREQ 0%@1600 GR3D_FREQ 0%@614 APE 25 PLL@29.5C CPU@31C iwlwifi@32C PMIC@50C GPU@30.5C AO@41C thermal@30.75C POM_5V_IN 1689/1769 POM_5V_GPU 82/87 POM_5V_CPU 164/218
RAM 1387/3964MB (lfb 8x4MB) SWAP 765/6078MB (cached 37MB) IRAM 0/252kB(lfb 252kB) CPU [6%@921,8%@921,off,off] EMC_FREQ 0%@1600 GR3D_FREQ 0%@614 APE 25 PLL@29.5C CPU@31C iwlwifi@32C PMIC@50C GPU@30C AO@41C thermal@30.75C POM_5V_IN 1689/1769 POM_5V_GPU 82/87 POM_5V_CPU 164/218
RAM 1385/3964MB (lfb 8x4MB) SWAP 765/6078MB (cached 37MB) IRAM 0/252kB(lfb 252kB) CPU [8%@921,6%@921,off,off] EMC_FREQ 0%@1600 GR3D_FREQ 0%@614 APE 25 PLL@30C CPU@31.5C iwlwifi@32C PMIC@50C GPU@30C AO@41C thermal@30.75C POM_5V_IN 1731/1769 POM_5V_GPU 82/87 POM_5V_CPU 164/218
RAM 1388/3964MB (lfb 8x4MB) SWAP 765/6078MB (cached 37MB) IRAM 0/252kB(lfb 252kB) CPU [5%@921,9%@921,off,off] EMC_FREQ 0%@1600 GR3D_FREQ 0%@614 APE 25 PLL@29.5C CPU@31.5C iwlwifi@32C PMIC@50C GPU@30C AO@40.5C thermal@30.75C POM_5V_IN 1731/1769 POM_5V_GPU 82/87 POM_5V_CPU 164/218
RAM 1385/3964MB (lfb 8x4MB) SWAP 765/6078MB (cached 37MB) IRAM 0/252kB(lfb 252kB) CPU [7%@921,6%@921,off,off] EMC_FREQ 0%@1600 GR3D_FREQ 0%@614 APE 25 PLL@29.5C CPU@31.5C iwlwifi@32C PMIC@50C GPU@30C AO@40.5C thermal@30.75C POM_5V_IN 1689/1768 POM_5V_GPU 82/87 POM_5V_CPU 164/218
RAM 1386/3964MB (lfb 8x4MB) SWAP 765/6078MB (cached 37MB) IRAM 0/252kB(lfb 252kB) CPU [7%@921,6%@921,off,off] EMC_FREQ 0%@1600 GR3D_FREQ 0%@614 APE 25 PLL@29.5C CPU@31C iwlwifi@32C PMIC@50C GPU@30C AO@41C thermal@30.75C POM_5V_IN 1689/1768 POM_5V_GPU 82/87 POM_5V_CPU 164/218
RAM 1389/3964MB (lfb 8x4MB) SWAP 765/6078MB (cached 37MB) IRAM 0/252kB(lfb 252kB) CPU [6%@921,8%@921,off,off] EMC_FREQ 0%@1600 GR3D_FREQ 0%@614 APE 25 PLL@29.5C CPU@31.5C iwlwifi@32C PMIC@50C GPU@30C AO@41C thermal@31C POM_5V_IN 1689/1768 POM_5V_GPU 82/87 POM_5V_CPU 164/218
RAM 1388/3964MB (lfb 8x4MB) SWAP 765/6078MB (cached 37MB) IRAM 0/252kB(lfb 252kB) CPU [7%@921,6%@921,off,off] EMC_FREQ 0%@1600 GR3D_FREQ 0%@614 APE 25 PLL@29.5C CPU@31.5C iwlwifi@33C PMIC@50C GPU@30C AO@41C thermal@31C POM_5V_IN 1689/1768 POM_5V_GPU 82/87 POM_5V_CPU 164/218
RAM 1386/3964MB (lfb 8x4MB) SWAP 765/6078MB (cached 37MB) IRAM 0/252kB(lfb 252kB) CPU [9%@921,5%@921,off,off] EMC_FREQ 0%@1600 GR3D_FREQ 0%@614 APE 25 PLL@30C CPU@31.5C iwlwifi@32C PMIC@50C GPU@30C AO@41C thermal@30.75C POM_5V_IN 1689/1768 POM_5V_GPU 82/87 POM_5V_CPU 164/218
RAM 1390/3964MB (lfb 8x4MB) SWAP 765/6078MB (cached 37MB) IRAM 0/252kB(lfb 252kB) CPU [6%@921,7%@921,off,off] EMC_FREQ 0%@1600 GR3D_FREQ 0%@614 APE 25 PLL@29.5C CPU@31C iwlwifi@32C PMIC@50C GPU@30C AO@41C thermal@30.75C POM_5V_IN 1731/1768 POM_5V_GPU 82/87 POM_5V_CPU 164/217
RAM 1386/3964MB (lfb 8x4MB) SWAP 765/6078MB (cached 37MB) IRAM 0/252kB(lfb 252kB) CPU [8%@921,5%@921,off,off] EMC_FREQ 0%@1600 GR3D_FREQ 0%@614 APE 25 PLL@29.5C CPU@31C iwlwifi@32C PMIC@50C GPU@30C AO@41C thermal@30.75C POM_5V_IN 1689/1768 POM_5V_GPU 82/87 POM_5V_CPU 164/217
RAM 1390/3964MB (lfb 8x4MB) SWAP 765/6078MB (cached 37MB) IRAM 0/252kB(lfb 252kB) CPU [6%@921,7%@921,off,off] EMC_FREQ 0%@1600 GR3D_FREQ 0%@614 APE 25 PLL@30C CPU@31.5C iwlwifi@32C PMIC@50C GPU@30C AO@41C thermal@30.75C POM_5V_IN 1689/1768 POM_5V_GPU 82/87 POM_5V_CPU 164/217
RAM 1387/3964MB (lfb 8x4MB) SWAP 765/6078MB (cached 37MB) IRAM 0/252kB(lfb 252kB) CPU [6%@921,8%@921,off,off] EMC_FREQ 0%@1600 GR3D_FREQ 0%@614 APE 25 PLL@30C CPU@31.5C iwlwifi@32C PMIC@50C GPU@30C AO@41C thermal@30.5C POM_5V_IN 1689/1768 POM_5V_GPU 82/87 POM_5V_CPU 164/217
RAM 1390/3964MB (lfb 8x4MB) SWAP 765/6078MB (cached 37MB) IRAM 0/252kB(lfb 252kB) CPU [9%@921,4%@921,off,off] EMC_FREQ 0%@1600 GR3D_FREQ 0%@614 APE 25 PLL@29.5C CPU@31.5C iwlwifi@32C PMIC@50C GPU@30C AO@41C thermal@30.75C POM_5V_IN 1689/1768 POM_5V_GPU 82/87 POM_5V_CPU 164/217
RAM 1388/3964MB (lfb 8x4MB) SWAP 765/6078MB (cached 37MB) IRAM 0/252kB(lfb 252kB) CPU [6%@921,8%@921,off,off] EMC_FREQ 0%@1600 GR3D_FREQ 0%@614 APE 25 PLL@30C CPU@31.5C iwlwifi@32C PMIC@50C GPU@30C AO@41C thermal@30.75C POM_5V_IN 1851/1768 POM_5V_GPU 82/87 POM_5V_CPU 246/217
RAM 1386/3964MB (lfb 8x4MB) SWAP 765/6078MB (cached 37MB) IRAM 0/252kB(lfb 252kB) CPU [6%@921,7%@921,off,off] EMC_FREQ 0%@1600 GR3D_FREQ 0%@614 APE 25 PLL@29.5C CPU@31.5C iwlwifi@32C PMIC@50C GPU@29.5C AO@40.5C thermal@31C POM_5V_IN 1689/1768 POM_5V_GPU 82/87 POM_5V_CPU 164/217
RAM 1388/3964MB (lfb 8x4MB) SWAP 765/6078MB (cached 37MB) IRAM 0/252kB(lfb 252kB) CPU [9%@921,5%@921,off,off] EMC_FREQ 0%@1600 GR3D_FREQ 0%@614 APE 25 PLL@29.5C CPU@31.5C iwlwifi@32C PMIC@50C GPU@30C AO@41C thermal@30.75C POM_5V_IN 1731/1768 POM_5V_GPU 82/87 POM_5V_CPU 164/217
RAM 1390/3964MB (lfb 8x4MB) SWAP 765/6078MB (cached 37MB) IRAM 0/252kB(lfb 252kB) CPU [7%@921,6%@921,off,off] EMC_FREQ 0%@1600 GR3D_FREQ 0%@614 APE 25 PLL@30C CPU@31.5C iwlwifi@32C PMIC@50C GPU@30C AO@41C thermal@31C POM_5V_IN 1689/1768 POM_5V_GPU 82/87 POM_5V_CPU 164/217
RAM 1387/3964MB (lfb 8x4MB) SWAP 765/6078MB (cached 37MB) IRAM 0/252kB(lfb 252kB) CPU [7%@921,6%@921,off,off] EMC_FREQ 0%@1600 GR3D_FREQ 0%@614 APE 25 PLL@30C CPU@31.5C iwlwifi@32C PMIC@50C GPU@30C AO@41C thermal@30.5C POM_5V_IN 1687/1768 POM_5V_GPU 82/87 POM_5V_CPU 164/217
RAM 1389/3964MB (lfb 8x4MB) SWAP 765/6078MB (cached 37MB) IRAM 0/252kB(lfb 252kB) CPU [6%@921,7%@921,off,off] EMC_FREQ 0%@1600 GR3D_FREQ 0%@614 APE 25 PLL@30C CPU@31.5C iwlwifi@32C PMIC@50C GPU@29.5C AO@41C thermal@30.75C POM_5V_IN 1731/1768 POM_5V_GPU 82/87 POM_5V_CPU 164/217
RAM 1386/3964MB (lfb 8x4MB) SWAP 765/6078MB (cached 37MB) IRAM 0/252kB(lfb 252kB) CPU [6%@921,7%@921,off,off] EMC_FREQ 0%@1600 GR3D_FREQ 0%@614 APE 25 PLL@30C CPU@31.5C iwlwifi@32C PMIC@50C GPU@30C AO@41C thermal@30.75C POM_5V_IN 1689/1768 POM_5V_GPU 82/87 POM_5V_CPU 164/217
RAM 1387/3964MB (lfb 8x4MB) SWAP 765/6078MB (cached 37MB) IRAM 0/252kB(lfb 252kB) CPU [4%@921,10%@921,off,off] EMC_FREQ 0%@1600 GR3D_FREQ 0%@614 APE 25 PLL@30C CPU@31.5C iwlwifi@32C PMIC@50C GPU@30C AO@41C thermal@31C POM_5V_IN 1689/1768 POM_5V_GPU 82/87 POM_5V_CPU 164/217
RAM 1387/3964MB (lfb 8x4MB) SWAP 765/6078MB (cached 37MB) IRAM 0/252kB(lfb 252kB) CPU [7%@921,7%@921,off,off] EMC_FREQ 0%@1600 GR3D_FREQ 0%@614 APE 25 PLL@30C CPU@31.5C iwlwifi@32C PMIC@50C GPU@30C AO@41C thermal@30.5C POM_5V_IN 1689/1768 POM_5V_GPU 82/87 POM_5V_CPU 164/217
RAM 1385/3964MB (lfb 8x4MB) SWAP 765/6078MB (cached 37MB) IRAM 0/252kB(lfb 252kB) CPU [8%@921,6%@921,off,off] EMC_FREQ 0%@1600 GR3D_FREQ 0%@614 APE 25 PLL@30C CPU@31.5C iwlwifi@32C PMIC@50C GPU@30C AO@41C thermal@30.5C POM_5V_IN 1689/1768 POM_5V_GPU 82/87 POM_5V_CPU 164/217
RAM 1386/3964MB (lfb 8x4MB) SWAP 765/6078MB (cached 37MB) IRAM 0/252kB(lfb 252kB) CPU [5%@921,8%@921,off,off] EMC_FREQ 0%@1600 GR3D_FREQ 0%@614 APE 25 PLL@29.5C CPU@31C iwlwifi@32C PMIC@50C GPU@30C AO@41C thermal@30.5C POM_5V_IN 1689/1768 POM_5V_GPU 82/87 POM_5V_CPU 164/217
RAM 1392/3964MB (lfb 8x4MB) SWAP 765/6078MB (cached 37MB) IRAM 0/252kB(lfb 252kB) CPU [9%@921,4%@921,off,off] EMC_FREQ 0%@1600 GR3D_FREQ 0%@614 APE 25 PLL@30C CPU@31C iwlwifi@32C PMIC@50C GPU@30C AO@41C thermal@30.75C POM_5V_IN 1689/1768 POM_5V_GPU 82/87 POM_5V_CPU 164/217
RAM 1389/3964MB (lfb 8x4MB) SWAP 765/6078MB (cached 37MB) IRAM 0/252kB(lfb 252kB) CPU [7%@921,6%@921,off,off] EMC_FREQ 0%@1600 GR3D_FREQ 0%@614 APE 25 PLL@30C CPU@31.5C iwlwifi@32C PMIC@50C GPU@30C AO@40.5C thermal@30.75C POM_5V_IN 1689/1768 POM_5V_GPU 82/87 POM_5V_CPU 164/217
RAM 1388/3964MB (lfb 8x4MB) SWAP 765/6078MB (cached 37MB) IRAM 0/252kB(lfb 252kB) CPU [7%@921,7%@921,off,off] EMC_FREQ 0%@1600 GR3D_FREQ 0%@614 APE 25 PLL@29.5C CPU@31.5C iwlwifi@32C PMIC@50C GPU@30C AO@41C thermal@31C POM_5V_IN 1689/1768 POM_5V_GPU 82/87 POM_5V_CPU 164/217
RAM 1388/3964MB (lfb 8x4MB) SWAP 765/6078MB (cached 37MB) IRAM 0/252kB(lfb 252kB) CPU [9%@921,4%@921,off,off] EMC_FREQ 0%@1600 GR3D_FREQ 0%@614 APE 25 PLL@29.5C CPU@32C iwlwifi@32C PMIC@50C GPU@30C AO@40.5C thermal@30.75C POM_5V_IN 1689/1768 POM_5V_GPU 82/87 POM_5V_CPU 164/217
RAM 1385/3964MB (lfb 8x4MB) SWAP 765/6078MB (cached 37MB) IRAM 0/252kB(lfb 252kB) CPU [7%@921,7%@921,off,off] EMC_FREQ 0%@1600 GR3D_FREQ 0%@614 APE 25 PLL@30C CPU@31C iwlwifi@32C PMIC@50C GPU@29.5C AO@40.5C thermal@30.75C POM_5V_IN 1689/1768 POM_5V_GPU 82/87 POM_5V_CPU 164/217
RAM 1388/3964MB (lfb 8x4MB) SWAP 765/6078MB (cached 37MB) IRAM 0/252kB(lfb 252kB) CPU [5%@921,9%@921,off,off] EMC_FREQ 0%@1600 GR3D_FREQ 0%@614 APE 25 PLL@29.5C CPU@31.5C iwlwifi@33C PMIC@50C GPU@30C AO@41C thermal@30.5C POM_5V_IN 1689/1768 POM_5V_GPU 82/87 POM_5V_CPU 164/217
RAM 1387/3964MB (lfb 8x4MB) SWAP 765/6078MB (cached 37MB) IRAM 0/252kB(lfb 252kB) CPU [8%@921,6%@921,off,off] EMC_FREQ 0%@1600 GR3D_FREQ 0%@614 APE 25 PLL@29.5C CPU@31.5C iwlwifi@32C PMIC@50C GPU@30C AO@41C thermal@30.75C POM_5V_IN 1687/1768 POM_5V_GPU 82/87 POM_5V_CPU 164/217
RAM 1389/3964MB (lfb 8x4MB) SWAP 765/6078MB (cached 37MB) IRAM 0/252kB(lfb 252kB) CPU [7%@921,7%@921,off,off] EMC_FREQ 0%@1600 GR3D_FREQ 0%@614 APE 25 PLL@29.5C CPU@31.5C iwlwifi@32C PMIC@50C GPU@30C AO@41C thermal@30.5C POM_5V_IN 1689/1768 POM_5V_GPU 82/87 POM_5V_CPU 164/217
RAM 1385/3964MB (lfb 8x4MB) SWAP 765/6078MB (cached 37MB) IRAM 0/252kB(lfb 252kB) CPU [8%@921,6%@921,off,off] EMC_FREQ 0%@1600 GR3D_FREQ 0%@614 APE 25 PLL@29.5C CPU@31.5C iwlwifi@32C PMIC@50C GPU@30C AO@41C thermal@30.5C POM_5V_IN 1689/1768 POM_5V_GPU 82/87 POM_5V_CPU 164/217
RAM 1385/3964MB (lfb 8x4MB) SWAP 765/6078MB (cached 37MB) IRAM 0/252kB(lfb 252kB) CPU [7%@921,6%@921,off,off] EMC_FREQ 0%@1600 GR3D_FREQ 0%@614 APE 25 PLL@30C CPU@31.5C iwlwifi@32C PMIC@50C GPU@30C AO@41C thermal@30.75C POM_5V_IN 1689/1768 POM_5V_GPU 82/87 POM_5V_CPU 164/217
RAM 1387/3964MB (lfb 8x4MB) SWAP 765/6078MB (cached 37MB) IRAM 0/252kB(lfb 252kB) CPU [7%@921,6%@921,off,off] EMC_FREQ 0%@1600 GR3D_FREQ 0%@614 APE 25 PLL@30C CPU@31.5C iwlwifi@32C PMIC@50C GPU@30C AO@40.5C thermal@30.25C POM_5V_IN 1689/1768 POM_5V_GPU 82/87 POM_5V_CPU 164/217
RAM 1389/3964MB (lfb 8x4MB) SWAP 765/6078MB (cached 37MB) IRAM 0/252kB(lfb 252kB) CPU [6%@921,8%@921,off,off] EMC_FREQ 0%@1600 GR3D_FREQ 0%@614 APE 25 PLL@30C CPU@31C iwlwifi@32C PMIC@50C GPU@30C AO@41C thermal@30.5C POM_5V_IN 1689/1768 POM_5V_GPU 82/87 POM_5V_CPU 164/217
RAM 1387/3964MB (lfb 8x4MB) SWAP 765/6078MB (cached 37MB) IRAM 0/252kB(lfb 252kB) CPU [6%@921,7%@921,off,off] EMC_FREQ 0%@1600 GR3D_FREQ 0%@614 APE 25 PLL@29.5C CPU@31C iwlwifi@32C PMIC@50C GPU@30.5C AO@40.5C thermal@30.75C POM_5V_IN 1731/1768 POM_5V_GPU 82/87 POM_5V_CPU 164/217
RAM 1389/3964MB (lfb 8x4MB) SWAP 765/6078MB (cached 37MB) IRAM 0/252kB(lfb 252kB) CPU [7%@921,7%@921,off,off] EMC_FREQ 0%@1600 GR3D_FREQ 0%@614 APE 25 PLL@29.5C CPU@31.5C iwlwifi@32C PMIC@50C GPU@30C AO@41C thermal@30.5C POM_5V_IN 1731/1768 POM_5V_GPU 82/87 POM_5V_CPU 164/217
RAM 1389/3964MB (lfb 8x4MB) SWAP 765/6078MB (cached 37MB) IRAM 0/252kB(lfb 252kB) CPU [10%@921,4%@921,off,off] EMC_FREQ 0%@1600 GR3D_FREQ 0%@614 APE 25 PLL@29.5C CPU@31.5C iwlwifi@32C PMIC@50C GPU@30C AO@40.5C thermal@30.5C POM_5V_IN 1689/1767 POM_5V_GPU 82/87 POM_5V_CPU 164/217
RAM 1387/3964MB (lfb 8x4MB) SWAP 765/6078MB (cached 37MB) IRAM 0/252kB(lfb 252kB) CPU [7%@921,6%@921,off,off] EMC_FREQ 0%@1600 GR3D_FREQ 0%@614 APE 25 PLL@29.5C CPU@31.5C iwlwifi@32C PMIC@50C GPU@30C AO@41C thermal@30.5C POM_5V_IN 1689/1767 POM_5V_GPU 82/87 POM_5V_CPU 123/217
RAM 1385/3964MB (lfb 8x4MB) SWAP 765/6078MB (cached 37MB) IRAM 0/252kB(lfb 252kB) CPU [5%@921,9%@921,off,off] EMC_FREQ 0%@1600 GR3D_FREQ 0%@614 APE 25 PLL@29.5C CPU@31C iwlwifi@32C PMIC@50C GPU@30C AO@41C thermal@30.75C POM_5V_IN 1689/1767 POM_5V_GPU 82/87 POM_5V_CPU 164/217
RAM 1385/3964MB (lfb 8x4MB) SWAP 765/6078MB (cached 37MB) IRAM 0/252kB(lfb 252kB) CPU [7%@921,7%@921,off,off] EMC_FREQ 0%@1600 GR3D_FREQ 0%@614 APE 25 PLL@30C CPU@31.5C iwlwifi@32C PMIC@50C GPU@30C AO@41C thermal@30.5C POM_5V_IN 1689/1767 POM_5V_GPU 82/87 POM_5V_CPU 164/217
RAM 1389/3964MB (lfb 8x4MB) SWAP 765/6078MB (cached 37MB) IRAM 0/252kB(lfb 252kB) CPU [8%@921,5%@921,off,off] EMC_FREQ 0%@1600 GR3D_FREQ 0%@614 APE 25 PLL@29.5C CPU@31.5C iwlwifi@32C PMIC@50C GPU@30C AO@41C thermal@30.75C POM_5V_IN 1689/1767 POM_5V_GPU 82/87 POM_5V_CPU 164/217
RAM 1387/3964MB (lfb 8x4MB) SWAP 765/6078MB (cached 37MB) IRAM 0/252kB(lfb 252kB) CPU [9%@921,5%@921,off,off] EMC_FREQ 0%@1600 GR3D_FREQ 0%@614 APE 25 PLL@30C CPU@31.5C iwlwifi@32C PMIC@50C GPU@30C AO@41C thermal@30.75C POM_5V_IN 1689/1767 POM_5V_GPU 82/87 POM_5V_CPU 164/217
RAM 1387/3964MB (lfb 8x4MB) SWAP 765/6078MB (cached 37MB) IRAM 0/252kB(lfb 252kB) CPU [10%@921,4%@921,off,off] EMC_FREQ 0%@1600 GR3D_FREQ 0%@614 APE 25 PLL@29.5C CPU@31.5C iwlwifi@32C PMIC@50C GPU@30C AO@40.5C thermal@30.75C POM_5V_IN 1689/1767 POM_5V_GPU 82/87 POM_5V_CPU 164/217
RAM 1389/3964MB (lfb 8x4MB) SWAP 765/6078MB (cached 37MB) IRAM 0/252kB(lfb 252kB) CPU [7%@921,8%@921,off,off] EMC_FREQ 0%@1600 GR3D_FREQ 0%@614 APE 25 PLL@30C CPU@31C iwlwifi@32C PMIC@50C GPU@29.5C AO@40.5C thermal@30.75C POM_5V_IN 1689/1767 POM_5V_GPU 82/87 POM_5V_CPU 164/217
RAM 1385/3964MB (lfb 8x4MB) SWAP 765/6078MB (cached 37MB) IRAM 0/252kB(lfb 252kB) CPU [8%@921,5%@921,off,off] EMC_FREQ 0%@1600 GR3D_FREQ 0%@614 APE 25 PLL@30C CPU@31C iwlwifi@32C PMIC@50C GPU@30C AO@41C thermal@30.75C POM_5V_IN 1892/1767 POM_5V_GPU 82/87 POM_5V_CPU 164/217
RAM 1387/3964MB (lfb 8x4MB) SWAP 765/6078MB (cached 37MB) IRAM 0/252kB(lfb 252kB) CPU [7%@921,7%@921,off,off] EMC_FREQ 0%@1600 GR3D_FREQ 0%@614 APE 25 PLL@30C CPU@31.5C iwlwifi@32C PMIC@50C GPU@30C AO@41C thermal@30.75C POM_5V_IN 1689/1767 POM_5V_GPU 82/87 POM_5V_CPU 164/217
RAM 1385/3964MB (lfb 8x4MB) SWAP 765/6078MB (cached 37MB) IRAM 0/252kB(lfb 252kB) CPU [4%@921,9%@921,off,off] EMC_FREQ 0%@1600 GR3D_FREQ 0%@614 APE 25 PLL@29.5C CPU@31C iwlwifi@32C PMIC@50C GPU@30C AO@41C thermal@30.5C POM_5V_IN 1689/1767 POM_5V_GPU 82/87 POM_5V_CPU 164/217
RAM 1389/3964MB (lfb 8x4MB) SWAP 765/6078MB (cached 37MB) IRAM 0/252kB(lfb 252kB) CPU [6%@921,8%@921,off,off] EMC_FREQ 0%@1600 GR3D_FREQ 0%@614 APE 25 PLL@29.5C CPU@31C iwlwifi@32C PMIC@50C GPU@30C AO@40.5C thermal@30.75C POM_5V_IN 1689/1767 POM_5V_GPU 82/87 POM_5V_CPU 123/217
RAM 1385/3964MB (lfb 8x4MB) SWAP 765/6078MB (cached 37MB) IRAM 0/252kB(lfb 252kB) CPU [9%@921,4%@921,off,off] EMC_FREQ 0%@1600 GR3D_FREQ 0%@614 APE 25 PLL@30C CPU@31.5C iwlwifi@32C PMIC@50C GPU@30C AO@41C thermal@30.25C POM_5V_IN 1731/1767 POM_5V_GPU 82/87 POM_5V_CPU 164/217
RAM 1385/3964MB (lfb 8x4MB) SWAP 765/6078MB (cached 37MB) IRAM 0/252kB(lfb 252kB) CPU [5%@921,8%@921,off,off] EMC_FREQ 0%@1600 GR3D_FREQ 0%@614 APE 25 PLL@30C CPU@31.5C iwlwifi@32C PMIC@50C GPU@30C AO@41C thermal@30.5C POM_5V_IN 1689/1767 POM_5V_GPU 82/87 POM_5V_CPU 164/217
RAM 1390/3964MB (lfb 8x4MB) SWAP 765/6078MB (cached 37MB) IRAM 0/252kB(lfb 252kB) CPU [4%@921,9%@921,off,off] EMC_FREQ 0%@1600 GR3D_FREQ 0%@614 APE 25 PLL@29.5C CPU@31.5C iwlwifi@32C PMIC@50C GPU@30.5C AO@41C thermal@30.75C POM_5V_IN 1689/1767 POM_5V_GPU 82/87 POM_5V_CPU 164/217
RAM 1385/3964MB (lfb 8x4MB) SWAP 765/6078MB (cached 37MB) IRAM 0/252kB(lfb 252kB) CPU [8%@921,6%@921,off,off] EMC_FREQ 0%@1600 GR3D_FREQ 0%@614 APE 25 PLL@30C CPU@31.5C iwlwifi@32C PMIC@50C GPU@30C AO@40.5C thermal@30.75C POM_5V_IN 1689/1767 POM_5V_GPU 82/87 POM_5V_CPU 164/216
RAM 1389/3964MB (lfb 8x4MB) SWAP 765/6078MB (cached 37MB) IRAM 0/252kB(lfb 252kB) CPU [5%@921,8%@921,off,off] EMC_FREQ 0%@1600 GR3D_FREQ 0%@614 APE 25 PLL@30C CPU@31.5C iwlwifi@32C PMIC@50C GPU@29.5C AO@41C thermal@30.75C POM_5V_IN 1689/1767 POM_5V_GPU 82/87 POM_5V_CPU 164/216
RAM 1387/3964MB (lfb 8x4MB) SWAP 765/6078MB (cached 37MB) IRAM 0/252kB(lfb 252kB) CPU [8%@921,6%@921,off,off] EMC_FREQ 0%@1600 GR3D_FREQ 0%@614 APE 25 PLL@29.5C CPU@31.5C iwlwifi@32C PMIC@50C GPU@30C AO@41C thermal@30.75C POM_5V_IN 1689/1767 POM_5V_GPU 82/87 POM_5V_CPU 164/216
RAM 1386/3964MB (lfb 8x4MB) SWAP 765/6078MB (cached 37MB) IRAM 0/252kB(lfb 252kB) CPU [6%@921,8%@921,off,off] EMC_FREQ 0%@1600 GR3D_FREQ 0%@614 APE 25 PLL@30C CPU@31.5C iwlwifi@32C PMIC@50C GPU@30C AO@41C thermal@30.75C POM_5V_IN 1689/1767 POM_5V_GPU 82/87 POM_5V_CPU 164/216
RAM 1389/3964MB (lfb 8x4MB) SWAP 765/6078MB (cached 37MB) IRAM 0/252kB(lfb 252kB) CPU [6%@921,8%@921,off,off] EMC_FREQ 0%@1600 GR3D_FREQ 0%@614 APE 25 PLL@29.5C CPU@31.5C iwlwifi@32C PMIC@50C GPU@30.5C AO@41C thermal@30.75C POM_5V_IN 1689/1767 POM_5V_GPU 82/87 POM_5V_CPU 164/216
RAM 1385/3964MB (lfb 8x4MB) SWAP 765/6078MB (cached 37MB) IRAM 0/252kB(lfb 252kB) CPU [7%@921,6%@921,off,off] EMC_FREQ 0%@1600 GR3D_FREQ 0%@614 APE 25 PLL@29.5C CPU@31.5C iwlwifi@32C PMIC@50C GPU@30C AO@41C thermal@30.75C POM_5V_IN 2013/1767 POM_5V_GPU 82/87 POM_5V_CPU 164/216
RAM 1387/3964MB (lfb 8x4MB) SWAP 765/6078MB (cached 37MB) IRAM 0/252kB(lfb 252kB) CPU [10%@921,4%@921,off,off] EMC_FREQ 0%@1600 GR3D_FREQ 0%@614 APE 25 PLL@29.5C CPU@31.5C iwlwifi@32C PMIC@50C GPU@30C AO@41C thermal@30.75C POM_5V_IN 1689/1767 POM_5V_GPU 82/87 POM_5V_CPU 164/216
RAM 1385/3964MB (lfb 8x4MB) SWAP 765/6078MB (cached 37MB) IRAM 0/252kB(lfb 252kB) CPU [10%@921,4%@921,off,off] EMC_FREQ 0%@1600 GR3D_FREQ 0%@614 APE 25 PLL@29.5C CPU@31.5C iwlwifi@32C PMIC@50C GPU@30C AO@41C thermal@30.25C POM_5V_IN 1689/1767 POM_5V_GPU 82/87 POM_5V_CPU 164/216
RAM 1389/3964MB (lfb 8x4MB) SWAP 765/6078MB (cached 37MB) IRAM 0/252kB(lfb 252kB) CPU [8%@921,6%@921,off,off] EMC_FREQ 0%@1600 GR3D_FREQ 0%@614 APE 25 PLL@29.5C CPU@31.5C iwlwifi@33C PMIC@50C GPU@30C AO@41C thermal@30.5C POM_5V_IN 1689/1767 POM_5V_GPU 82/87 POM_5V_CPU 164/216
RAM 1385/3964MB (lfb 8x4MB) SWAP 765/6078MB (cached 37MB) IRAM 0/252kB(lfb 252kB) CPU [6%@921,7%@921,off,off] EMC_FREQ 0%@1600 GR3D_FREQ 0%@614 APE 25 PLL@29.5C CPU@31.5C iwlwifi@32C PMIC@50C GPU@29.5C AO@41C thermal@30.5C POM_5V_IN 1689/1767 POM_5V_GPU 82/87 POM_5V_CPU 164/216
RAM 1387/3964MB (lfb 8x4MB) SWAP 765/6078MB (cached 37MB) IRAM 0/252kB(lfb 252kB) CPU [4%@921,8%@921,off,off] EMC_FREQ 0%@1600 GR3D_FREQ 0%@614 APE 25 PLL@29.5C CPU@31.5C iwlwifi@32C PMIC@50C GPU@30C AO@40.5C thermal@30.75C POM_5V_IN 1689/1767 POM_5V_GPU 82/87 POM_5V_CPU 164/216
RAM 1389/3964MB (lfb 8x4MB) SWAP 765/6078MB (cached 37MB) IRAM 0/252kB(lfb 252kB) CPU [6%@921,8%@921,off,off] EMC_FREQ 0%@1600 GR3D_FREQ 0%@614 APE 25 PLL@29.5C CPU@31.5C iwlwifi@32C PMIC@50C GPU@30C AO@41C thermal@30.5C POM_5V_IN 1689/1767 POM_5V_GPU 82/87 POM_5V_CPU 164/216
RAM 1385/3964MB (lfb 8x4MB) SWAP 765/6078MB (cached 37MB) IRAM 0/252kB(lfb 252kB) CPU [9%@921,5%@921,off,off] EMC_FREQ 0%@1600 GR3D_FREQ 0%@614 APE 25 PLL@29.5C CPU@31.5C iwlwifi@32C PMIC@50C GPU@30C AO@41C thermal@30.25C POM_5V_IN 1689/1767 POM_5V_GPU 82/87 POM_5V_CPU 123/216
RAM 1387/3964MB (lfb 8x4MB) SWAP 765/6078MB (cached 37MB) IRAM 0/252kB(lfb 252kB) CPU [6%@921,7%@921,off,off] EMC_FREQ 0%@1600 GR3D_FREQ 0%@614 APE 25 PLL@29.5C CPU@31C iwlwifi@32C PMIC@50C GPU@30C AO@41C thermal@30.75C POM_5V_IN 1687/1767 POM_5V_GPU 82/87 POM_5V_CPU 164/216
RAM 1385/3964MB (lfb 8x4MB) SWAP 765/6078MB (cached 37MB) IRAM 0/252kB(lfb 252kB) CPU [5%@921,9%@921,off,off] EMC_FREQ 0%@1600 GR3D_FREQ 0%@614 APE 25 PLL@29.5C CPU@31.5C iwlwifi@32C PMIC@50C GPU@30C AO@41C thermal@30.75C POM_5V_IN 1689/1767 POM_5V_GPU 82/87 POM_5V_CPU 164/216
RAM 1387/3964MB (lfb 8x4MB) SWAP 765/6078MB (cached 37MB) IRAM 0/252kB(lfb 252kB) CPU [8%@921,5%@921,off,off] EMC_FREQ 0%@1600 GR3D_FREQ 0%@614 APE 25 PLL@29.5C CPU@31.5C iwlwifi@32C PMIC@50C GPU@30C AO@40.5C thermal@30.75C POM_5V_IN 1689/1767 POM_5V_GPU 82/87 POM_5V_CPU 164/216
RAM 1387/3964MB (lfb 8x4MB) SWAP 765/6078MB (cached 37MB) IRAM 0/252kB(lfb 252kB) CPU [6%@921,8%@921,off,off] EMC_FREQ 0%@1600 GR3D_FREQ 0%@614 APE 25 PLL@29.5C CPU@31.5C iwlwifi@32C PMIC@50C GPU@30C AO@40.5C thermal@30.5C POM_5V_IN 1689/1767 POM_5V_GPU 82/87 POM_5V_CPU 164/216
RAM 1387/3964MB (lfb 8x4MB) SWAP 765/6078MB (cached 37MB) IRAM 0/252kB(lfb 252kB) CPU [5%@921,8%@921,off,off] EMC_FREQ 0%@1600 GR3D_FREQ 0%@614 APE 25 PLL@29.5C CPU@31C iwlwifi@32C PMIC@50C GPU@29.5C AO@40.5C thermal@30.25C POM_5V_IN 1689/1767 POM_5V_GPU 82/87 POM_5V_CPU 164/216
RAM 1385/3964MB (lfb 8x4MB) SWAP 765/6078MB (cached 37MB) IRAM 0/252kB(lfb 252kB) CPU [8%@921,6%@921,off,off] EMC_FREQ 0%@1600 GR3D_FREQ 0%@614 APE 25 PLL@29.5C CPU@31.5C iwlwifi@32C PMIC@50C GPU@29.5C AO@41C thermal@30.5C POM_5V_IN 1772/1767 POM_5V_GPU 82/87 POM_5V_CPU 205/216
RAM 1387/3964MB (lfb 8x4MB) SWAP 765/6078MB (cached 37MB) IRAM 0/252kB(lfb 252kB) CPU [9%@921,4%@921,off,off] EMC_FREQ 0%@1600 GR3D_FREQ 0%@614 APE 25 PLL@29.5C CPU@31.5C iwlwifi@32C PMIC@50C GPU@30C AO@40.5C thermal@30.5C POM_5V_IN 1689/1767 POM_5V_GPU 82/87 POM_5V_CPU 164/216
RAM 1389/3964MB (lfb 8x4MB) SWAP 765/6078MB (cached 37MB) IRAM 0/252kB(lfb 252kB) CPU [7%@921,7%@921,off,off] EMC_FREQ 0%@1600 GR3D_FREQ 0%@614 APE 25 PLL@30C CPU@31.5C iwlwifi@32C PMIC@50C GPU@30C AO@41C thermal@30.75C POM_5V_IN 1689/1767 POM_5V_GPU 82/87 POM_5V_CPU 164/216
RAM 1387/3964MB (lfb 8x4MB) SWAP 765/6078MB (cached 37MB) IRAM 0/252kB(lfb 252kB) CPU [7%@921,7%@921,off,off] EMC_FREQ 0%@1600 GR3D_FREQ 0%@614 APE 25 PLL@30C CPU@31.5C iwlwifi@32C PMIC@50C GPU@30C AO@41C thermal@30.75C POM_5V_IN 1689/1767 POM_5V_GPU 82/87 POM_5V_CPU 164/216
RAM 1389/3964MB (lfb 8x4MB) SWAP 765/6078MB (cached 37MB) IRAM 0/252kB(lfb 252kB) CPU [7%@921,6%@921,off,off] EMC_FREQ 0%@1600 GR3D_FREQ 0%@614 APE 25 PLL@30C CPU@32C iwlwifi@32C PMIC@50C GPU@30C AO@41C thermal@30.75C POM_5V_IN 1689/1767 POM_5V_GPU 82/87 POM_5V_CPU 164/216
RAM 1385/3964MB (lfb 8x4MB) SWAP 765/6078MB (cached 37MB) IRAM 0/252kB(lfb 252kB) CPU [9%@921,5%@921,off,off] EMC_FREQ 0%@1600 GR3D_FREQ 0%@614 APE 25 PLL@29.5C CPU@31.5C iwlwifi@32C PMIC@50C GPU@30C AO@40.5C thermal@30.75C POM_5V_IN 1689/1767 POM_5V_GPU 82/87 POM_5V_CPU 164/216
RAM 1387/3964MB (lfb 8x4MB) SWAP 765/6078MB (cached 37MB) IRAM 0/252kB(lfb 252kB) CPU [6%@921,8%@921,off,off] EMC_FREQ 0%@1600 GR3D_FREQ 0%@614 APE 25 PLL@29.5C CPU@31.5C iwlwifi@32C PMIC@50C GPU@30C AO@40.5C thermal@30.75C POM_5V_IN 1731/1767 POM_5V_GPU 82/87 POM_5V_CPU 164/216
RAM 1389/3964MB (lfb 8x4MB) SWAP 765/6078MB (cached 37MB) IRAM 0/252kB(lfb 252kB) CPU [8%@921,5%@921,off,off] EMC_FREQ 0%@1600 GR3D_FREQ 0%@614 APE 25 PLL@29.5C CPU@31.5C iwlwifi@32C PMIC@50C GPU@29.5C AO@41C thermal@30.75C POM_5V_IN 1689/1766 POM_5V_GPU 82/87 POM_5V_CPU 164/216
RAM 1389/3964MB (lfb 8x4MB) SWAP 765/6078MB (cached 37MB) IRAM 0/252kB(lfb 252kB) CPU [8%@921,6%@921,off,off] EMC_FREQ 0%@1600 GR3D_FREQ 0%@614 APE 25 PLL@29.5C CPU@31.5C iwlwifi@32C PMIC@50C GPU@30C AO@41C thermal@30.75C POM_5V_IN 1689/1766 POM_5V_GPU 82/87 POM_5V_CPU 164/216
RAM 1387/3964MB (lfb 8x4MB) SWAP 765/6078MB (cached 37MB) IRAM 0/252kB(lfb 252kB) CPU [5%@921,7%@921,off,off] EMC_FREQ 0%@1600 GR3D_FREQ 0%@614 APE 25 PLL@29.5C CPU@31.5C iwlwifi@32C PMIC@50C GPU@30C AO@40.5C thermal@30.75C POM_5V_IN 1689/1766 POM_5V_GPU 82/87 POM_5V_CPU 123/216
RAM 1388/3964MB (lfb 8x4MB) SWAP 765/6078MB (cached 37MB) IRAM 0/252kB(lfb 252kB) CPU [7%@921,7%@921,off,off] EMC_FREQ 0%@1600 GR3D_FREQ 0%@614 APE 25 PLL@29.5C CPU@31.5C iwlwifi@32C PMIC@50C GPU@29.5C AO@41C thermal@30.5C POM_5V_IN 1689/1766 POM_5V_GPU 82/87 POM_5V_CPU 164/216
RAM 1387/3964MB (lfb 8x4MB) SWAP 765/6078MB (cached 37MB) IRAM 0/252kB(lfb 252kB) CPU [5%@921,9%@921,off,off] EMC_FREQ 0%@1600 GR3D_FREQ 0%@614 APE 25 PLL@29.5C CPU@31.5C iwlwifi@32C PMIC@50C GPU@30C AO@41C thermal@30.5C POM_5V_IN 2013/1766 POM_5V_GPU 82/87 POM_5V_CPU 410/216
RAM 1387/3964MB (lfb 8x4MB) SWAP 765/6078MB (cached 37MB) IRAM 0/252kB(lfb 252kB) CPU [9%@921,4%@921,off,off] EMC_FREQ 0%@1600 GR3D_FREQ 0%@614 APE 25 PLL@29.5C CPU@31.5C iwlwifi@32C PMIC@50C GPU@29.5C AO@41C thermal@30.5C POM_5V_IN 1689/1766 POM_5V_GPU 82/87 POM_5V_CPU 164/216
RAM 1389/3964MB (lfb 8x4MB) SWAP 765/6078MB (cached 37MB) IRAM 0/252kB(lfb 252kB) CPU [7%@921,7%@921,off,off] EMC_FREQ 0%@1600 GR3D_FREQ 0%@614 APE 25 PLL@30C CPU@31.5C iwlwifi@32C PMIC@50C GPU@30C AO@40.5C thermal@30.75C POM_5V_IN 1689/1766 POM_5V_GPU 82/87 POM_5V_CPU 164/216
RAM 1385/3964MB (lfb 8x4MB) SWAP 765/6078MB (cached 37MB) IRAM 0/252kB(lfb 252kB) CPU [7%@921,5%@921,off,off] EMC_FREQ 0%@1600 GR3D_FREQ 0%@614 APE 25 PLL@30C CPU@31.5C iwlwifi@32C PMIC@50C GPU@30C AO@40.5C thermal@30.75C POM_5V_IN 1689/1766 POM_5V_GPU 82/87 POM_5V_CPU 164/216
RAM 1389/3964MB (lfb 8x4MB) SWAP 765/6078MB (cached 37MB) IRAM 0/252kB(lfb 252kB) CPU [5%@921,8%@921,off,off] EMC_FREQ 0%@1600 GR3D_FREQ 0%@614 APE 25 PLL@29.5C CPU@31C iwlwifi@32C PMIC@50C GPU@29.5C AO@41C thermal@30.5C POM_5V_IN 1689/1766 POM_5V_GPU 82/87 POM_5V_CPU 164/216
RAM 1385/3964MB (lfb 8x4MB) SWAP 765/6078MB (cached 37MB) IRAM 0/252kB(lfb 252kB) CPU [7%@921,6%@921,off,off] EMC_FREQ 0%@1600 GR3D_FREQ 0%@614 APE 25 PLL@30C CPU@31C iwlwifi@32C PMIC@50C GPU@30C AO@40.5C thermal@30.75C POM_5V_IN 1689/1766 POM_5V_GPU 82/87 POM_5V_CPU 164/216
RAM 1389/3964MB (lfb 8x4MB) SWAP 765/6078MB (cached 37MB) IRAM 0/252kB(lfb 252kB) CPU [6%@921,8%@921,off,off] EMC_FREQ 0%@1600 GR3D_FREQ 0%@614 APE 25 PLL@29.5C CPU@31.5C iwlwifi@32C PMIC@50C GPU@30C AO@40.5C thermal@30.75C POM_5V_IN 1689/1766 POM_5V_GPU 82/87 POM_5V_CPU 164/216
RAM 1389/3964MB (lfb 8x4MB) SWAP 765/6078MB (cached 37MB) IRAM 0/252kB(lfb 252kB) CPU [6%@921,7%@921,off,off] EMC_FREQ 0%@1600 GR3D_FREQ 0%@614 APE 25 PLL@29.5C CPU@31C iwlwifi@32C PMIC@50C GPU@30C AO@40.5C thermal@30.75C POM_5V_IN 1689/1766 POM_5V_GPU 82/87 POM_5V_CPU 123/216
RAM 1385/3964MB (lfb 8x4MB) SWAP 765/6078MB (cached 37MB) IRAM 0/252kB(lfb 252kB) CPU [6%@921,8%@921,off,off] EMC_FREQ 0%@1600 GR3D_FREQ 0%@614 APE 25 PLL@29.5C CPU@31.5C iwlwifi@32C PMIC@50C GPU@30C AO@41C thermal@30.5C POM_5V_IN 1689/1766 POM_5V_GPU 82/87 POM_5V_CPU 164/216
RAM 1387/3964MB (lfb 8x4MB) SWAP 765/6078MB (cached 37MB) IRAM 0/252kB(lfb 252kB) CPU [6%@921,7%@921,off,off] EMC_FREQ 0%@1600 GR3D_FREQ 0%@614 APE 25 PLL@29.5C CPU@31C iwlwifi@32C PMIC@50C GPU@29.5C AO@41C thermal@30.75C POM_5V_IN 1689/1766 POM_5V_GPU 82/87 POM_5V_CPU 164/216
RAM 1385/3964MB (lfb 8x4MB) SWAP 765/6078MB (cached 37MB) IRAM 0/252kB(lfb 252kB) CPU [8%@921,5%@921,off,off] EMC_FREQ 0%@1600 GR3D_FREQ 0%@614 APE 25 PLL@29.5C CPU@31.5C iwlwifi@32C PMIC@50C GPU@30C AO@40.5C thermal@30.25C POM_5V_IN 1689/1766 POM_5V_GPU 82/87 POM_5V_CPU 164/216
RAM 1385/3964MB (lfb 8x4MB) SWAP 765/6078MB (cached 37MB) IRAM 0/252kB(lfb 252kB) CPU [5%@921,8%@921,off,off] EMC_FREQ 0%@1600 GR3D_FREQ 0%@614 APE 25 PLL@30C CPU@31.5C iwlwifi@32C PMIC@50C GPU@30C AO@41C thermal@30.5C POM_5V_IN 1689/1766 POM_5V_GPU 82/87 POM_5V_CPU 164/216
RAM 1388/3964MB (lfb 8x4MB) SWAP 765/6078MB (cached 37MB) IRAM 0/252kB(lfb 252kB) CPU [7%@921,7%@921,off,off] EMC_FREQ 0%@1600 GR3D_FREQ 0%@614 APE 25 PLL@30C CPU@31.5C iwlwifi@32C PMIC@50C GPU@30C AO@40.5C thermal@30.5C POM_5V_IN 1851/1766 POM_5V_GPU 82/87 POM_5V_CPU 246/216
RAM 1389/3964MB (lfb 8x4MB) SWAP 765/6078MB (cached 37MB) IRAM 0/252kB(lfb 252kB) CPU [7%@921,6%@921,off,off] EMC_FREQ 0%@1600 GR3D_FREQ 0%@614 APE 25 PLL@29.5C CPU@31C iwlwifi@32C PMIC@50C GPU@29.5C AO@41C thermal@30.25C POM_5V_IN 1689/1766 POM_5V_GPU 82/87 POM_5V_CPU 164/216
RAM 1385/3964MB (lfb 8x4MB) SWAP 765/6078MB (cached 37MB) IRAM 0/252kB(lfb 252kB) CPU [9%@921,5%@921,off,off] EMC_FREQ 0%@1600 GR3D_FREQ 0%@614 APE 25 PLL@29.5C CPU@31C iwlwifi@32C PMIC@50C GPU@30C AO@40.5C thermal@30.5C POM_5V_IN 1689/1766 POM_5V_GPU 82/87 POM_5V_CPU 164/216
RAM 1389/3964MB (lfb 8x4MB) SWAP 765/6078MB (cached 37MB) IRAM 0/252kB(lfb 252kB) CPU [6%@921,7%@921,off,off] EMC_FREQ 0%@1600 GR3D_FREQ 0%@614 APE 25 PLL@29.5C CPU@31.5C iwlwifi@32C PMIC@50C GPU@30C AO@41C thermal@30.5C POM_5V_IN 1689/1766 POM_5V_GPU 82/87 POM_5V_CPU 164/216
RAM 1387/3964MB (lfb 8x4MB) SWAP 765/6078MB (cached 37MB) IRAM 0/252kB(lfb 252kB) CPU [6%@921,8%@921,off,off] EMC_FREQ 0%@1600 GR3D_FREQ 0%@614 APE 25 PLL@30C CPU@31C iwlwifi@32C PMIC@50C GPU@30C AO@41C thermal@30.75C POM_5V_IN 1689/1766 POM_5V_GPU 82/87 POM_5V_CPU 164/216
RAM 1385/3964MB (lfb 8x4MB) SWAP 765/6078MB (cached 37MB) IRAM 0/252kB(lfb 252kB) CPU [8%@921,7%@921,off,off] EMC_FREQ 0%@1600 GR3D_FREQ 0%@614 APE 25 PLL@29.5C CPU@31C iwlwifi@32C PMIC@50C GPU@30C AO@40.5C thermal@30.5C POM_5V_IN 1689/1766 POM_5V_GPU 82/87 POM_5V_CPU 164/216
RAM 1387/3964MB (lfb 8x4MB) SWAP 765/6078MB (cached 37MB) IRAM 0/252kB(lfb 252kB) CPU [5%@921,8%@921,off,off] EMC_FREQ 0%@1600 GR3D_FREQ 0%@614 APE 25 PLL@29.5C CPU@31C iwlwifi@32C PMIC@50C GPU@30C AO@40.5C thermal@30.25C POM_5V_IN 1689/1766 POM_5V_GPU 82/87 POM_5V_CPU 164/216
RAM 1389/3964MB (lfb 8x4MB) SWAP 765/6078MB (cached 37MB) IRAM 0/252kB(lfb 252kB) CPU [7%@921,7%@921,off,off] EMC_FREQ 0%@1600 GR3D_FREQ 0%@614 APE 25 PLL@29.5C CPU@31.5C iwlwifi@32C PMIC@50C GPU@30C AO@40.5C thermal@30.25C POM_5V_IN 1689/1766 POM_5V_GPU 82/87 POM_5V_CPU 164/216
RAM 1385/3964MB (lfb 8x4MB) SWAP 765/6078MB (cached 37MB) IRAM 0/252kB(lfb 252kB) CPU [5%@921,8%@921,off,off] EMC_FREQ 0%@1600 GR3D_FREQ 0%@614 APE 25 PLL@29.5C CPU@31.5C iwlwifi@32C PMIC@50C GPU@30C AO@41C thermal@30.75C POM_5V_IN 1689/1766 POM_5V_GPU 82/87 POM_5V_CPU 164/216
RAM 1389/3964MB (lfb 8x4MB) SWAP 765/6078MB (cached 37MB) IRAM 0/252kB(lfb 252kB) CPU [6%@921,8%@921,off,off] EMC_FREQ 0%@1600 GR3D_FREQ 0%@614 APE 25 PLL@29.5C CPU@31.5C iwlwifi@32C PMIC@50C GPU@30C AO@41C thermal@30.5C POM_5V_IN 1689/1766 POM_5V_GPU 82/86 POM_5V_CPU 164/216
RAM 1385/3964MB (lfb 8x4MB) SWAP 765/6078MB (cached 37MB) IRAM 0/252kB(lfb 252kB) CPU [7%@921,6%@921,off,off] EMC_FREQ 0%@1600 GR3D_FREQ 0%@614 APE 25 PLL@29.5C CPU@31C iwlwifi@32C PMIC@50C GPU@30C AO@41C thermal@30.5C POM_5V_IN 1689/1766 POM_5V_GPU 82/86 POM_5V_CPU 164/215
RAM 1386/3964MB (lfb 8x4MB) SWAP 765/6078MB (cached 37MB) IRAM 0/252kB(lfb 252kB) CPU [8%@921,6%@921,off,off] EMC_FREQ 0%@1600 GR3D_FREQ 0%@614 APE 25 PLL@29.5C CPU@31C iwlwifi@32C PMIC@50C GPU@30C AO@41C thermal@30.5C POM_5V_IN 1689/1766 POM_5V_GPU 82/86 POM_5V_CPU 164/215
RAM 1385/3964MB (lfb 8x4MB) SWAP 765/6078MB (cached 37MB) IRAM 0/252kB(lfb 252kB) CPU [6%@921,7%@921,off,off] EMC_FREQ 0%@1600 GR3D_FREQ 0%@614 APE 25 PLL@29.5C CPU@31.5C iwlwifi@32C PMIC@50C GPU@30C AO@40.5C thermal@30.75C POM_5V_IN 1689/1766 POM_5V_GPU 82/86 POM_5V_CPU 164/215
RAM 1389/3964MB (lfb 8x4MB) SWAP 765/6078MB (cached 37MB) IRAM 0/252kB(lfb 252kB) CPU [9%@921,5%@921,off,off] EMC_FREQ 0%@1600 GR3D_FREQ 0%@614 APE 25 PLL@29.5C CPU@31C iwlwifi@32C PMIC@50C GPU@30C AO@41C thermal@30.5C POM_5V_IN 1689/1766 POM_5V_GPU 82/86 POM_5V_CPU 164/215
RAM 1387/3964MB (lfb 8x4MB) SWAP 765/6078MB (cached 37MB) IRAM 0/252kB(lfb 252kB) CPU [9%@921,5%@921,off,off] EMC_FREQ 0%@1600 GR3D_FREQ 0%@614 APE 25 PLL@29.5C CPU@31.5C iwlwifi@32C PMIC@50C GPU@30C AO@40.5C thermal@30.25C POM_5V_IN 1689/1766 POM_5V_GPU 82/86 POM_5V_CPU 164/215
RAM 1388/3964MB (lfb 8x4MB) SWAP 765/6078MB (cached 37MB) IRAM 0/252kB(lfb 252kB) CPU [6%@921,7%@921,off,off] EMC_FREQ 0%@1600 GR3D_FREQ 0%@614 APE 25 PLL@29.5C CPU@31C iwlwifi@32C PMIC@50C GPU@30C AO@41C thermal@30.5C POM_5V_IN 1689/1766 POM_5V_GPU 82/86 POM_5V_CPU 164/215
RAM 1389/3964MB (lfb 8x4MB) SWAP 765/6078MB (cached 37MB) IRAM 0/252kB(lfb 252kB) CPU [6%@921,7%@921,off,off] EMC_FREQ 0%@1600 GR3D_FREQ 0%@614 APE 25 PLL@29.5C CPU@31.5C iwlwifi@33C PMIC@50C GPU@29.5C AO@40.5C thermal@30.5C POM_5V_IN 1687/1766 POM_5V_GPU 82/86 POM_5V_CPU 164/215
RAM 1389/3964MB (lfb 8x4MB) SWAP 765/6078MB (cached 37MB) IRAM 0/252kB(lfb 252kB) CPU [7%@921,7%@921,off,off] EMC_FREQ 0%@1600 GR3D_FREQ 0%@614 APE 25 PLL@29.5C CPU@31.5C iwlwifi@32C PMIC@50C GPU@30C AO@41C thermal@30.5C POM_5V_IN 1689/1766 POM_5V_GPU 82/86 POM_5V_CPU 164/215
RAM 1385/3964MB (lfb 8x4MB) SWAP 765/6078MB (cached 37MB) IRAM 0/252kB(lfb 252kB) CPU [8%@921,5%@921,off,off] EMC_FREQ 0%@1600 GR3D_FREQ 0%@614 APE 25 PLL@29.5C CPU@31C iwlwifi@33C PMIC@50C GPU@29.5C AO@40.5C thermal@30.5C POM_5V_IN 1689/1766 POM_5V_GPU 82/86 POM_5V_CPU 164/215
RAM 1389/3964MB (lfb 8x4MB) SWAP 765/6078MB (cached 37MB) IRAM 0/252kB(lfb 252kB) CPU [7%@921,6%@921,off,off] EMC_FREQ 0%@1600 GR3D_FREQ 0%@614 APE 25 PLL@29.5C CPU@31.5C iwlwifi@32C PMIC@50C GPU@30C AO@41C thermal@30.5C POM_5V_IN 1687/1766 POM_5V_GPU 82/86 POM_5V_CPU 164/215
RAM 1387/3964MB (lfb 8x4MB) SWAP 765/6078MB (cached 37MB) IRAM 0/252kB(lfb 252kB) CPU [5%@921,8%@921,off,off] EMC_FREQ 0%@1600 GR3D_FREQ 0%@614 APE 25 PLL@29.5C CPU@31.5C iwlwifi@32C PMIC@50C GPU@30C AO@40.5C thermal@30.5C POM_5V_IN 1689/1766 POM_5V_GPU 82/86 POM_5V_CPU 164/215
RAM 1385/3964MB (lfb 8x4MB) SWAP 765/6078MB (cached 37MB) IRAM 0/252kB(lfb 252kB) CPU [7%@921,7%@921,off,off] EMC_FREQ 0%@1600 GR3D_FREQ 0%@614 APE 25 PLL@29.5C CPU@31.5C iwlwifi@32C PMIC@50C GPU@29.5C AO@41C thermal@30.75C POM_5V_IN 1689/1766 POM_5V_GPU 82/86 POM_5V_CPU 164/215
RAM 1389/3964MB (lfb 8x4MB) SWAP 765/6078MB (cached 37MB) IRAM 0/252kB(lfb 252kB) CPU [6%@921,8%@921,off,off] EMC_FREQ 0%@1600 GR3D_FREQ 0%@614 APE 25 PLL@30C CPU@31.5C iwlwifi@32C PMIC@50C GPU@30C AO@40.5C thermal@30.5C POM_5V_IN 1689/1765 POM_5V_GPU 82/86 POM_5V_CPU 164/215
RAM 1387/3964MB (lfb 8x4MB) SWAP 765/6078MB (cached 37MB) IRAM 0/252kB(lfb 252kB) CPU [5%@921,9%@921,off,off] EMC_FREQ 0%@1600 GR3D_FREQ 0%@614 APE 25 PLL@29.5C CPU@31.5C iwlwifi@32C PMIC@50C GPU@30C AO@41C thermal@30.5C POM_5V_IN 1689/1765 POM_5V_GPU 82/86 POM_5V_CPU 164/215
RAM 1389/3964MB (lfb 8x4MB) SWAP 765/6078MB (cached 37MB) IRAM 0/252kB(lfb 252kB) CPU [8%@921,5%@921,off,off] EMC_FREQ 0%@1600 GR3D_FREQ 0%@614 APE 25 PLL@29.5C CPU@31.5C iwlwifi@32C PMIC@50C GPU@29.5C AO@41C thermal@30.75C POM_5V_IN 1689/1765 POM_5V_GPU 82/86 POM_5V_CPU 164/215
RAM 1387/3964MB (lfb 8x4MB) SWAP 765/6078MB (cached 37MB) IRAM 0/252kB(lfb 252kB) CPU [8%@921,6%@921,off,off] EMC_FREQ 0%@1600 GR3D_FREQ 0%@614 APE 25 PLL@29.5C CPU@31.5C iwlwifi@32C PMIC@50C GPU@30C AO@40.5C thermal@30.5C POM_5V_IN 1689/1765 POM_5V_GPU 82/86 POM_5V_CPU 164/215
RAM 1385/3964MB (lfb 8x4MB) SWAP 765/6078MB (cached 37MB) IRAM 0/252kB(lfb 252kB) CPU [6%@921,9%@921,off,off] EMC_FREQ 0%@1600 GR3D_FREQ 0%@614 APE 25 PLL@29.5C CPU@31C iwlwifi@32C PMIC@50C GPU@30C AO@40.5C thermal@30.5C POM_5V_IN 1689/1765 POM_5V_GPU 82/86 POM_5V_CPU 164/215
RAM 1387/3964MB (lfb 8x4MB) SWAP 765/6078MB (cached 37MB) IRAM 0/252kB(lfb 252kB) CPU [8%@921,6%@921,off,off] EMC_FREQ 0%@1600 GR3D_FREQ 0%@614 APE 25 PLL@29.5C CPU@31.5C iwlwifi@32C PMIC@50C GPU@29.5C AO@40.5C thermal@30.5C POM_5V_IN 1689/1765 POM_5V_GPU 82/86 POM_5V_CPU 164/215
RAM 1385/3964MB (lfb 8x4MB) SWAP 765/6078MB (cached 37MB) IRAM 0/252kB(lfb 252kB) CPU [7%@921,7%@921,off,off] EMC_FREQ 0%@1600 GR3D_FREQ 0%@614 APE 25 PLL@30C CPU@31.5C iwlwifi@32C PMIC@50C GPU@30C AO@41C thermal@30.5C POM_5V_IN 1687/1765 POM_5V_GPU 82/86 POM_5V_CPU 164/215
RAM 1387/3964MB (lfb 8x4MB) SWAP 765/6078MB (cached 37MB) IRAM 0/252kB(lfb 252kB) CPU [8%@921,6%@921,off,off] EMC_FREQ 0%@1600 GR3D_FREQ 0%@614 APE 25 PLL@30C CPU@32C iwlwifi@32C PMIC@50C GPU@30C AO@41C thermal@30.75C POM_5V_IN 1689/1765 POM_5V_GPU 82/86 POM_5V_CPU 164/215
RAM 1389/3964MB (lfb 8x4MB) SWAP 765/6078MB (cached 37MB) IRAM 0/252kB(lfb 252kB) CPU [4%@921,10%@921,off,off] EMC_FREQ 0%@1600 GR3D_FREQ 0%@614 APE 25 PLL@30C CPU@31.5C iwlwifi@32C PMIC@50C GPU@30C AO@40.5C thermal@30.75C POM_5V_IN 1689/1765 POM_5V_GPU 82/86 POM_5V_CPU 164/215
RAM 1389/3964MB (lfb 8x4MB) SWAP 765/6078MB (cached 37MB) IRAM 0/252kB(lfb 252kB) CPU [7%@921,7%@921,off,off] EMC_FREQ 0%@1600 GR3D_FREQ 0%@614 APE 25 PLL@29.5C CPU@31.5C iwlwifi@32C PMIC@50C GPU@30C AO@41C thermal@30.5C POM_5V_IN 1689/1765 POM_5V_GPU 82/86 POM_5V_CPU 164/215
RAM 1389/3964MB (lfb 8x4MB) SWAP 765/6078MB (cached 37MB) IRAM 0/252kB(lfb 252kB) CPU [4%@921,9%@921,off,off] EMC_FREQ 0%@1600 GR3D_FREQ 0%@614 APE 25 PLL@29.5C CPU@31.5C iwlwifi@32C PMIC@50C GPU@30C AO@41C thermal@30.75C POM_5V_IN 1687/1765 POM_5V_GPU 82/86 POM_5V_CPU 164/215
RAM 1390/3964MB (lfb 8x4MB) SWAP 765/6078MB (cached 37MB) IRAM 0/252kB(lfb 252kB) CPU [5%@921,8%@921,off,off] EMC_FREQ 0%@1600 GR3D_FREQ 0%@614 APE 25 PLL@29.5C CPU@31.5C iwlwifi@32C PMIC@50C GPU@30C AO@41C thermal@30.75C POM_5V_IN 1689/1765 POM_5V_GPU 82/86 POM_5V_CPU 164/215
RAM 1388/3964MB (lfb 8x4MB) SWAP 765/6078MB (cached 37MB) IRAM 0/252kB(lfb 252kB) CPU [8%@921,6%@921,off,off] EMC_FREQ 0%@1600 GR3D_FREQ 0%@614 APE 25 PLL@29.5C CPU@31.5C iwlwifi@32C PMIC@50C GPU@30C AO@41C thermal@30.75C POM_5V_IN 1731/1765 POM_5V_GPU 82/86 POM_5V_CPU 164/215
RAM 1390/3964MB (lfb 8x4MB) SWAP 765/6078MB (cached 37MB) IRAM 0/252kB(lfb 252kB) CPU [6%@921,7%@921,off,off] EMC_FREQ 0%@1600 GR3D_FREQ 0%@614 APE 25 PLL@30C CPU@31.5C iwlwifi@32C PMIC@50C GPU@30C AO@41C thermal@30.75C POM_5V_IN 1731/1765 POM_5V_GPU 82/86 POM_5V_CPU 206/215
RAM 1388/3964MB (lfb 8x4MB) SWAP 765/6078MB (cached 37MB) IRAM 0/252kB(lfb 252kB) CPU [7%@921,7%@921,off,off] EMC_FREQ 0%@1600 GR3D_FREQ 0%@614 APE 25 PLL@30C CPU@31.5C iwlwifi@32C PMIC@50C GPU@30C AO@41C thermal@30.5C POM_5V_IN 1813/1765 POM_5V_GPU 82/86 POM_5V_CPU 246/215
RAM 1390/3964MB (lfb 8x4MB) SWAP 765/6078MB (cached 37MB) IRAM 0/252kB(lfb 252kB) CPU [7%@921,6%@921,off,off] EMC_FREQ 0%@1600 GR3D_FREQ 0%@614 APE 25 PLL@30C CPU@31.5C iwlwifi@32C PMIC@50C GPU@30C AO@41C thermal@30.5C POM_5V_IN 1689/1765 POM_5V_GPU 82/86 POM_5V_CPU 164/215
RAM 1388/3964MB (lfb 8x4MB) SWAP 765/6078MB (cached 37MB) IRAM 0/252kB(lfb 252kB) CPU [7%@921,6%@921,off,off] EMC_FREQ 0%@1600 GR3D_FREQ 0%@614 APE 25 PLL@29.5C CPU@31.5C iwlwifi@32C PMIC@50C GPU@30C AO@41C thermal@30.5C POM_5V_IN 1689/1765 POM_5V_GPU 82/86 POM_5V_CPU 164/215
RAM 1388/3964MB (lfb 8x4MB) SWAP 765/6078MB (cached 37MB) IRAM 0/252kB(lfb 252kB) CPU [8%@921,6%@921,off,off] EMC_FREQ 0%@1600 GR3D_FREQ 0%@614 APE 25 PLL@30C CPU@31.5C iwlwifi@32C PMIC@50C GPU@30C AO@41C thermal@31C POM_5V_IN 1689/1765 POM_5V_GPU 82/86 POM_5V_CPU 164/215
RAM 1388/3964MB (lfb 8x4MB) SWAP 765/6078MB (cached 37MB) IRAM 0/252kB(lfb 252kB) CPU [7%@921,6%@921,off,off] EMC_FREQ 0%@1600 GR3D_FREQ 0%@614 APE 25 PLL@30C CPU@31C iwlwifi@32C PMIC@50C GPU@30C AO@41.5C thermal@30.75C POM_5V_IN 1689/1765 POM_5V_GPU 82/86 POM_5V_CPU 164/215
RAM 1388/3964MB (lfb 8x4MB) SWAP 765/6078MB (cached 37MB) IRAM 0/252kB(lfb 252kB) CPU [6%@921,7%@921,off,off] EMC_FREQ 0%@1600 GR3D_FREQ 0%@614 APE 25 PLL@30C CPU@31.5C iwlwifi@32C PMIC@50C GPU@30C AO@41C thermal@30.75C POM_5V_IN 1731/1765 POM_5V_GPU 82/86 POM_5V_CPU 164/215
RAM 1390/3964MB (lfb 8x4MB) SWAP 765/6078MB (cached 37MB) IRAM 0/252kB(lfb 252kB) CPU [6%@921,7%@921,off,off] EMC_FREQ 0%@1600 GR3D_FREQ 0%@614 APE 25 PLL@30C CPU@31.5C iwlwifi@32C PMIC@50C GPU@30C AO@41.5C thermal@30.5C POM_5V_IN 1689/1765 POM_5V_GPU 82/86 POM_5V_CPU 164/215
RAM 1388/3964MB (lfb 8x4MB) SWAP 765/6078MB (cached 37MB) IRAM 0/252kB(lfb 252kB) CPU [8%@921,6%@921,off,off] EMC_FREQ 0%@1600 GR3D_FREQ 0%@614 APE 25 PLL@30C CPU@31.5C iwlwifi@32C PMIC@50C GPU@30C AO@41C thermal@30.75C POM_5V_IN 1689/1765 POM_5V_GPU 82/86 POM_5V_CPU 164/215
RAM 1386/3964MB (lfb 8x4MB) SWAP 765/6078MB (cached 37MB) IRAM 0/252kB(lfb 252kB) CPU [6%@921,7%@921,off,off] EMC_FREQ 0%@1600 GR3D_FREQ 0%@614 APE 25 PLL@30C CPU@31.5C iwlwifi@32C PMIC@50C GPU@30C AO@41.5C thermal@30.5C POM_5V_IN 1689/1765 POM_5V_GPU 82/86 POM_5V_CPU 164/215
RAM 1390/3964MB (lfb 8x4MB) SWAP 765/6078MB (cached 37MB) IRAM 0/252kB(lfb 252kB) CPU [5%@921,8%@921,off,off] EMC_FREQ 0%@1600 GR3D_FREQ 0%@614 APE 25 PLL@30C CPU@31.5C iwlwifi@32C PMIC@50C GPU@30C AO@40.5C thermal@30.75C POM_5V_IN 1689/1765 POM_5V_GPU 82/86 POM_5V_CPU 164/215
RAM 1391/3964MB (lfb 8x4MB) SWAP 765/6078MB (cached 37MB) IRAM 0/252kB(lfb 252kB) CPU [5%@921,9%@921,off,off] EMC_FREQ 0%@1600 GR3D_FREQ 0%@614 APE 25 PLL@29.5C CPU@31.5C iwlwifi@32C PMIC@50C GPU@30C AO@41C thermal@30.75C POM_5V_IN 1689/1765 POM_5V_GPU 82/86 POM_5V_CPU 164/215
RAM 1386/3964MB (lfb 8x4MB) SWAP 765/6078MB (cached 37MB) IRAM 0/252kB(lfb 252kB) CPU [5%@921,8%@921,off,off] EMC_FREQ 0%@1600 GR3D_FREQ 0%@614 APE 25 PLL@30C CPU@31.5C iwlwifi@32C PMIC@50C GPU@30C AO@41C thermal@30.75C POM_5V_IN 1689/1765 POM_5V_GPU 82/86 POM_5V_CPU 164/215
RAM 1390/3964MB (lfb 8x4MB) SWAP 765/6078MB (cached 37MB) IRAM 0/252kB(lfb 252kB) CPU [7%@921,6%@921,off,off] EMC_FREQ 0%@1600 GR3D_FREQ 0%@614 APE 25 PLL@29.5C CPU@31.5C iwlwifi@32C PMIC@50C GPU@30C AO@41C thermal@30.75C POM_5V_IN 1689/1765 POM_5V_GPU 82/86 POM_5V_CPU 164/215
RAM 1386/3964MB (lfb 8x4MB) SWAP 765/6078MB (cached 37MB) IRAM 0/252kB(lfb 252kB) CPU [6%@921,8%@921,off,off] EMC_FREQ 0%@1600 GR3D_FREQ 0%@614 APE 25 PLL@30C CPU@31.5C iwlwifi@32C PMIC@50C GPU@30C AO@41C thermal@30.75C POM_5V_IN 1731/1765 POM_5V_GPU 82/86 POM_5V_CPU 164/215
RAM 1388/3964MB (lfb 8x4MB) SWAP 765/6078MB (cached 37MB) IRAM 0/252kB(lfb 252kB) CPU [8%@921,5%@921,off,off] EMC_FREQ 0%@1600 GR3D_FREQ 0%@614 APE 25 PLL@30C CPU@31.5C iwlwifi@32C PMIC@50C GPU@29.5C AO@41C thermal@30.5C POM_5V_IN 1689/1765 POM_5V_GPU 82/86 POM_5V_CPU 164/215
RAM 1386/3964MB (lfb 8x4MB) SWAP 765/6078MB (cached 37MB) IRAM 0/252kB(lfb 252kB) CPU [8%@921,4%@921,off,off] EMC_FREQ 0%@1600 GR3D_FREQ 0%@614 APE 25 PLL@30C CPU@31.5C iwlwifi@32C PMIC@50C GPU@30C AO@41C thermal@30.75C POM_5V_IN 1689/1765 POM_5V_GPU 82/86 POM_5V_CPU 164/215
RAM 1389/3964MB (lfb 8x4MB) SWAP 765/6078MB (cached 37MB) IRAM 0/252kB(lfb 252kB) CPU [7%@921,7%@921,off,off] EMC_FREQ 0%@1600 GR3D_FREQ 0%@614 APE 25 PLL@30C CPU@31.5C iwlwifi@32C PMIC@50C GPU@30C AO@40.5C thermal@30.5C POM_5V_IN 1689/1765 POM_5V_GPU 82/86 POM_5V_CPU 164/215
RAM 1388/3964MB (lfb 8x4MB) SWAP 765/6078MB (cached 37MB) IRAM 0/252kB(lfb 252kB) CPU [5%@921,8%@921,off,off] EMC_FREQ 0%@1600 GR3D_FREQ 0%@614 APE 25 PLL@30C CPU@31.5C iwlwifi@32C PMIC@50C GPU@30C AO@41C thermal@31C POM_5V_IN 1689/1765 POM_5V_GPU 82/86 POM_5V_CPU 164/215
RAM 1389/3964MB (lfb 8x4MB) SWAP 765/6078MB (cached 37MB) IRAM 0/252kB(lfb 252kB) CPU [4%@921,9%@921,off,off] EMC_FREQ 0%@1600 GR3D_FREQ 0%@614 APE 25 PLL@30C CPU@31C iwlwifi@32C PMIC@50C GPU@30C AO@41C thermal@30.75C POM_5V_IN 1689/1765 POM_5V_GPU 82/86 POM_5V_CPU 164/215
RAM 1389/3964MB (lfb 8x4MB) SWAP 765/6078MB (cached 37MB) IRAM 0/252kB(lfb 252kB) CPU [6%@921,7%@921,off,off] EMC_FREQ 0%@1600 GR3D_FREQ 0%@614 APE 25 PLL@30C CPU@31.5C iwlwifi@32C PMIC@50C GPU@29.5C AO@41C thermal@31C POM_5V_IN 1689/1765 POM_5V_GPU 82/86 POM_5V_CPU 164/215
RAM 1389/3964MB (lfb 8x4MB) SWAP 765/6078MB (cached 37MB) IRAM 0/252kB(lfb 252kB) CPU [6%@921,7%@921,off,off] EMC_FREQ 0%@1600 GR3D_FREQ 0%@614 APE 25 PLL@30C CPU@31.5C iwlwifi@32C PMIC@50C GPU@30C AO@41C thermal@31C POM_5V_IN 1731/1765 POM_5V_GPU 82/86 POM_5V_CPU 164/215
RAM 1387/3964MB (lfb 8x4MB) SWAP 765/6078MB (cached 37MB) IRAM 0/252kB(lfb 252kB) CPU [7%@921,7%@921,off,off] EMC_FREQ 0%@1600 GR3D_FREQ 0%@614 APE 25 PLL@30C CPU@31.5C iwlwifi@32C PMIC@50C GPU@30C AO@41C thermal@30.75C POM_5V_IN 1689/1765 POM_5V_GPU 82/86 POM_5V_CPU 164/215
RAM 1387/3964MB (lfb 8x4MB) SWAP 765/6078MB (cached 37MB) IRAM 0/252kB(lfb 252kB) CPU [8%@921,5%@921,off,off] EMC_FREQ 0%@1600 GR3D_FREQ 0%@614 APE 25 PLL@30C CPU@31C iwlwifi@32C PMIC@50C GPU@30C AO@41C thermal@30.75C POM_5V_IN 1689/1765 POM_5V_GPU 82/86 POM_5V_CPU 164/215
RAM 1388/3964MB (lfb 8x4MB) SWAP 765/6078MB (cached 37MB) IRAM 0/252kB(lfb 252kB) CPU [8%@921,5%@921,off,off] EMC_FREQ 0%@1600 GR3D_FREQ 0%@614 APE 25 PLL@30C CPU@31.5C iwlwifi@32C PMIC@50C GPU@30C AO@41C thermal@30.75C POM_5V_IN 1689/1764 POM_5V_GPU 82/86 POM_5V_CPU 123/215
RAM 1385/3964MB (lfb 8x4MB) SWAP 765/6078MB (cached 37MB) IRAM 0/252kB(lfb 252kB) CPU [8%@921,6%@921,off,off] EMC_FREQ 0%@1600 GR3D_FREQ 0%@614 APE 25 PLL@30C CPU@31.5C iwlwifi@32C PMIC@50C GPU@30C AO@40.5C thermal@31C POM_5V_IN 1689/1764 POM_5V_GPU 82/86 POM_5V_CPU 164/214
RAM 1387/3964MB (lfb 8x4MB) SWAP 765/6078MB (cached 37MB) IRAM 0/252kB(lfb 252kB) CPU [11%@921,3%@921,off,off] EMC_FREQ 0%@1600 GR3D_FREQ 0%@614 APE 25 PLL@30.5C CPU@31.5C iwlwifi@32C PMIC@50C GPU@30C AO@41C thermal@30.75C POM_5V_IN 1689/1764 POM_5V_GPU 82/86 POM_5V_CPU 164/214
RAM 1387/3964MB (lfb 8x4MB) SWAP 765/6078MB (cached 37MB) IRAM 0/252kB(lfb 252kB) CPU [5%@921,8%@921,off,off] EMC_FREQ 0%@1600 GR3D_FREQ 0%@614 APE 25 PLL@30C CPU@31.5C iwlwifi@32C PMIC@50C GPU@30C AO@41C thermal@31C POM_5V_IN 1689/1764 POM_5V_GPU 82/86 POM_5V_CPU 164/214
RAM 1389/3964MB (lfb 8x4MB) SWAP 765/6078MB (cached 37MB) IRAM 0/252kB(lfb 252kB) CPU [8%@921,6%@921,off,off] EMC_FREQ 0%@1600 GR3D_FREQ 0%@614 APE 25 PLL@30C CPU@31.5C iwlwifi@32C PMIC@50C GPU@30C AO@41C thermal@30.75C POM_5V_IN 1689/1764 POM_5V_GPU 82/86 POM_5V_CPU 164/214
RAM 1388/3964MB (lfb 8x4MB) SWAP 765/6078MB (cached 37MB) IRAM 0/252kB(lfb 252kB) CPU [8%@921,6%@921,off,off] EMC_FREQ 0%@1600 GR3D_FREQ 0%@614 APE 25 PLL@30C CPU@31.5C iwlwifi@32C PMIC@50C GPU@30C AO@41C thermal@30.75C POM_5V_IN 1689/1764 POM_5V_GPU 82/86 POM_5V_CPU 164/214
RAM 1387/3964MB (lfb 8x4MB) SWAP 765/6078MB (cached 37MB) IRAM 0/252kB(lfb 252kB) CPU [8%@921,5%@921,off,off] EMC_FREQ 0%@1600 GR3D_FREQ 0%@614 APE 25 PLL@30C CPU@31.5C iwlwifi@32C PMIC@50C GPU@30C AO@41C thermal@30.75C POM_5V_IN 1689/1764 POM_5V_GPU 82/86 POM_5V_CPU 164/214
RAM 1385/3964MB (lfb 8x4MB) SWAP 765/6078MB (cached 37MB) IRAM 0/252kB(lfb 252kB) CPU [6%@921,8%@921,off,off] EMC_FREQ 0%@1600 GR3D_FREQ 0%@614 APE 25 PLL@30C CPU@31.5C iwlwifi@32C PMIC@50C GPU@30C AO@41C thermal@30.75C POM_5V_IN 1689/1764 POM_5V_GPU 82/86 POM_5V_CPU 164/214
RAM 1385/3964MB (lfb 8x4MB) SWAP 765/6078MB (cached 37MB) IRAM 0/252kB(lfb 252kB) CPU [6%@921,7%@921,off,off] EMC_FREQ 0%@1600 GR3D_FREQ 0%@614 APE 25 PLL@30C CPU@32C iwlwifi@32C PMIC@50C GPU@30C AO@41C thermal@30.75C POM_5V_IN 1689/1764 POM_5V_GPU 82/86 POM_5V_CPU 123/214
RAM 1389/3964MB (lfb 8x4MB) SWAP 765/6078MB (cached 37MB) IRAM 0/252kB(lfb 252kB) CPU [7%@921,6%@921,off,off] EMC_FREQ 0%@1600 GR3D_FREQ 0%@614 APE 25 PLL@30C CPU@31.5C iwlwifi@32C PMIC@50C GPU@30C AO@41C thermal@30.75C POM_5V_IN 1689/1764 POM_5V_GPU 82/86 POM_5V_CPU 164/214
RAM 1389/3964MB (lfb 8x4MB) SWAP 765/6078MB (cached 37MB) IRAM 0/252kB(lfb 252kB) CPU [7%@921,7%@921,off,off] EMC_FREQ 0%@1600 GR3D_FREQ 0%@614 APE 25 PLL@30C CPU@32C iwlwifi@32C PMIC@50C GPU@30.5C AO@41C thermal@30.75C POM_5V_IN 1689/1764 POM_5V_GPU 82/86 POM_5V_CPU 164/214
RAM 1386/3964MB (lfb 8x4MB) SWAP 765/6078MB (cached 37MB) IRAM 0/252kB(lfb 252kB) CPU [10%@921,4%@921,off,off] EMC_FREQ 0%@1600 GR3D_FREQ 0%@614 APE 25 PLL@30C CPU@31.5C iwlwifi@32C PMIC@50C GPU@30C AO@41C thermal@30.75C POM_5V_IN 1689/1764 POM_5V_GPU 82/86 POM_5V_CPU 123/214
RAM 1386/3964MB (lfb 8x4MB) SWAP 765/6078MB (cached 37MB) IRAM 0/252kB(lfb 252kB) CPU [10%@921,4%@921,off,off] EMC_FREQ 0%@1600 GR3D_FREQ 0%@614 APE 25 PLL@30C CPU@31.5C iwlwifi@32C PMIC@50C GPU@30C AO@41C thermal@30.75C POM_5V_IN 1731/1764 POM_5V_GPU 82/86 POM_5V_CPU 164/214
RAM 1389/3964MB (lfb 8x4MB) SWAP 765/6078MB (cached 37MB) IRAM 0/252kB(lfb 252kB) CPU [6%@921,7%@921,off,off] EMC_FREQ 0%@1600 GR3D_FREQ 0%@614 APE 25 PLL@30C CPU@31.5C iwlwifi@32C PMIC@50C GPU@30C AO@41C thermal@31C POM_5V_IN 1689/1764 POM_5V_GPU 82/86 POM_5V_CPU 164/214
RAM 1388/3964MB (lfb 8x4MB) SWAP 765/6078MB (cached 37MB) IRAM 0/252kB(lfb 252kB) CPU [9%@921,5%@921,off,off] EMC_FREQ 0%@1600 GR3D_FREQ 0%@614 APE 25 PLL@30C CPU@31.5C iwlwifi@32C PMIC@50C GPU@30.5C AO@41C thermal@31C POM_5V_IN 1689/1764 POM_5V_GPU 82/86 POM_5V_CPU 164/214
RAM 1388/3964MB (lfb 8x4MB) SWAP 765/6078MB (cached 37MB) IRAM 0/252kB(lfb 252kB) CPU [8%@921,5%@921,off,off] EMC_FREQ 0%@1600 GR3D_FREQ 0%@614 APE 25 PLL@30C CPU@31.5C iwlwifi@32C PMIC@50C GPU@30C AO@41.5C thermal@30.5C POM_5V_IN 1731/1764 POM_5V_GPU 82/86 POM_5V_CPU 164/214
RAM 1387/3964MB (lfb 8x4MB) SWAP 765/6078MB (cached 37MB) IRAM 0/252kB(lfb 252kB) CPU [9%@921,5%@921,off,off] EMC_FREQ 0%@1600 GR3D_FREQ 0%@614 APE 25 PLL@30C CPU@31.5C iwlwifi@32C PMIC@50C GPU@30C AO@41C thermal@30.75C POM_5V_IN 1689/1764 POM_5V_GPU 82/86 POM_5V_CPU 123/214
RAM 1391/3964MB (lfb 8x4MB) SWAP 765/6078MB (cached 37MB) IRAM 0/252kB(lfb 252kB) CPU [7%@921,6%@921,off,off] EMC_FREQ 0%@1600 GR3D_FREQ 0%@614 APE 25 PLL@30C CPU@31.5C iwlwifi@32C PMIC@50C GPU@30C AO@41C thermal@31C POM_5V_IN 1689/1764 POM_5V_GPU 82/86 POM_5V_CPU 123/214
RAM 1388/3964MB (lfb 8x4MB) SWAP 765/6078MB (cached 37MB) IRAM 0/252kB(lfb 252kB) CPU [7%@921,7%@921,off,off] EMC_FREQ 0%@1600 GR3D_FREQ 0%@614 APE 25 PLL@30C CPU@31.5C iwlwifi@32C PMIC@50C GPU@30C AO@41C thermal@30.75C POM_5V_IN 1689/1764 POM_5V_GPU 82/86 POM_5V_CPU 164/214
RAM 1390/3964MB (lfb 8x4MB) SWAP 765/6078MB (cached 37MB) IRAM 0/252kB(lfb 252kB) CPU [6%@921,7%@921,off,off] EMC_FREQ 0%@1600 GR3D_FREQ 0%@614 APE 25 PLL@30C CPU@31.5C iwlwifi@32C PMIC@50C GPU@30.5C AO@40.5C thermal@30.75C POM_5V_IN 1689/1764 POM_5V_GPU 82/86 POM_5V_CPU 164/214
RAM 1389/3964MB (lfb 8x4MB) SWAP 765/6078MB (cached 37MB) IRAM 0/252kB(lfb 252kB) CPU [8%@921,6%@921,off,off] EMC_FREQ 0%@1600 GR3D_FREQ 0%@614 APE 25 PLL@30C CPU@31.5C iwlwifi@32C PMIC@50C GPU@30C AO@41C thermal@30.75C POM_5V_IN 1689/1764 POM_5V_GPU 82/86 POM_5V_CPU 164/214
RAM 1390/3964MB (lfb 8x4MB) SWAP 765/6078MB (cached 37MB) IRAM 0/252kB(lfb 252kB) CPU [8%@921,6%@921,off,off] EMC_FREQ 0%@1600 GR3D_FREQ 0%@614 APE 25 PLL@30C CPU@31.5C iwlwifi@32C PMIC@50C GPU@30C AO@41C thermal@30.75C POM_5V_IN 1772/1764 POM_5V_GPU 82/86 POM_5V_CPU 205/214
RAM 1390/3964MB (lfb 8x4MB) SWAP 765/6078MB (cached 37MB) IRAM 0/252kB(lfb 252kB) CPU [8%@921,6%@921,off,off] EMC_FREQ 0%@1600 GR3D_FREQ 0%@614 APE 25 PLL@30C CPU@31C iwlwifi@32C PMIC@50C GPU@30C AO@41C thermal@30.75C POM_5V_IN 1689/1764 POM_5V_GPU 82/86 POM_5V_CPU 164/214
RAM 1387/3964MB (lfb 8x4MB) SWAP 765/6078MB (cached 37MB) IRAM 0/252kB(lfb 252kB) CPU [7%@921,6%@921,off,off] EMC_FREQ 0%@1600 GR3D_FREQ 0%@614 APE 25 PLL@30C CPU@31.5C iwlwifi@32C PMIC@50C GPU@29.5C AO@41C thermal@30.5C POM_5V_IN 1689/1764 POM_5V_GPU 82/86 POM_5V_CPU 164/214
RAM 1385/3964MB (lfb 8x4MB) SWAP 765/6078MB (cached 37MB) IRAM 0/252kB(lfb 252kB) CPU [8%@921,6%@921,off,off] EMC_FREQ 0%@1600 GR3D_FREQ 0%@614 APE 25 PLL@30C CPU@31.5C iwlwifi@32C PMIC@50C GPU@30C AO@41C thermal@30.5C POM_5V_IN 1689/1764 POM_5V_GPU 82/86 POM_5V_CPU 164/214
RAM 1386/3964MB (lfb 8x4MB) SWAP 765/6078MB (cached 37MB) IRAM 0/252kB(lfb 252kB) CPU [6%@921,9%@921,off,off] EMC_FREQ 0%@1600 GR3D_FREQ 0%@614 APE 25 PLL@30C CPU@31.5C iwlwifi@32C PMIC@50C GPU@30C AO@41C thermal@30.75C POM_5V_IN 1689/1764 POM_5V_GPU 82/86 POM_5V_CPU 164/214
RAM 1386/3964MB (lfb 8x4MB) SWAP 765/6078MB (cached 37MB) IRAM 0/252kB(lfb 252kB) CPU [8%@921,5%@921,off,off] EMC_FREQ 0%@1600 GR3D_FREQ 0%@614 APE 25 PLL@29.5C CPU@31.5C iwlwifi@32C PMIC@50C GPU@30C AO@41C thermal@30.75C POM_5V_IN 1689/1764 POM_5V_GPU 82/86 POM_5V_CPU 164/214
RAM 1390/3964MB (lfb 8x4MB) SWAP 765/6078MB (cached 37MB) IRAM 0/252kB(lfb 252kB) CPU [5%@921,8%@921,off,off] EMC_FREQ 0%@1600 GR3D_FREQ 0%@614 APE 25 PLL@30C CPU@31.5C iwlwifi@32C PMIC@50C GPU@30C AO@41.5C thermal@30.75C POM_5V_IN 1689/1764 POM_5V_GPU 82/86 POM_5V_CPU 164/214
RAM 1390/3964MB (lfb 8x4MB) SWAP 765/6078MB (cached 37MB) IRAM 0/252kB(lfb 252kB) CPU [7%@921,6%@921,off,off] EMC_FREQ 0%@1600 GR3D_FREQ 0%@614 APE 25 PLL@30C CPU@31.5C iwlwifi@32C PMIC@50C GPU@30C AO@41C thermal@30.75C POM_5V_IN 1731/1764 POM_5V_GPU 82/86 POM_5V_CPU 164/214
RAM 1386/3964MB (lfb 8x4MB) SWAP 765/6078MB (cached 37MB) IRAM 0/252kB(lfb 252kB) CPU [6%@921,8%@921,off,off] EMC_FREQ 0%@1600 GR3D_FREQ 0%@614 APE 25 PLL@29.5C CPU@31.5C iwlwifi@32C PMIC@50C GPU@30C AO@41C thermal@30.75C POM_5V_IN 1689/1764 POM_5V_GPU 82/86 POM_5V_CPU 164/214
RAM 1385/3964MB (lfb 8x4MB) SWAP 765/6078MB (cached 37MB) IRAM 0/252kB(lfb 252kB) CPU [9%@921,5%@921,off,off] EMC_FREQ 0%@1600 GR3D_FREQ 0%@614 APE 25 PLL@30C CPU@31.5C iwlwifi@32C PMIC@50C GPU@30C AO@41C thermal@30.75C POM_5V_IN 1689/1764 POM_5V_GPU 82/86 POM_5V_CPU 164/214
RAM 1385/3964MB (lfb 8x4MB) SWAP 765/6078MB (cached 37MB) IRAM 0/252kB(lfb 252kB) CPU [9%@921,5%@921,off,off] EMC_FREQ 0%@1600 GR3D_FREQ 0%@614 APE 25 PLL@30.5C CPU@31.5C iwlwifi@32C PMIC@50C GPU@30C AO@41C thermal@30.75C POM_5V_IN 1689/1764 POM_5V_GPU 82/86 POM_5V_CPU 164/214
RAM 1387/3964MB (lfb 8x4MB) SWAP 765/6078MB (cached 37MB) IRAM 0/252kB(lfb 252kB) CPU [5%@921,8%@921,off,off] EMC_FREQ 0%@1600 GR3D_FREQ 0%@614 APE 25 PLL@30C CPU@31.5C iwlwifi@32C PMIC@50C GPU@30C AO@41.5C thermal@30.75C POM_5V_IN 1689/1764 POM_5V_GPU 82/86 POM_5V_CPU 164/214
RAM 1387/3964MB (lfb 8x4MB) SWAP 765/6078MB (cached 37MB) IRAM 0/252kB(lfb 252kB) CPU [8%@921,5%@921,off,off] EMC_FREQ 0%@1600 GR3D_FREQ 0%@614 APE 25 PLL@30C CPU@31.5C iwlwifi@32C PMIC@50C GPU@30C AO@41C thermal@30.75C POM_5V_IN 1689/1764 POM_5V_GPU 82/86 POM_5V_CPU 164/214
RAM 1387/3964MB (lfb 8x4MB) SWAP 765/6078MB (cached 37MB) IRAM 0/252kB(lfb 252kB) CPU [7%@921,6%@921,off,off] EMC_FREQ 0%@1600 GR3D_FREQ 0%@614 APE 25 PLL@30C CPU@31.5C iwlwifi@32C PMIC@50C GPU@30C AO@41C thermal@31C POM_5V_IN 1689/1764 POM_5V_GPU 82/86 POM_5V_CPU 164/214
RAM 1385/3964MB (lfb 8x4MB) SWAP 765/6078MB (cached 37MB) IRAM 0/252kB(lfb 252kB) CPU [7%@921,7%@921,off,off] EMC_FREQ 0%@1600 GR3D_FREQ 0%@614 APE 25 PLL@29.5C CPU@31.5C iwlwifi@32C PMIC@50C GPU@30C AO@41C thermal@30.75C POM_5V_IN 1689/1764 POM_5V_GPU 82/86 POM_5V_CPU 164/214
RAM 1385/3964MB (lfb 8x4MB) SWAP 765/6078MB (cached 37MB) IRAM 0/252kB(lfb 252kB) CPU [6%@921,7%@921,off,off] EMC_FREQ 0%@1600 GR3D_FREQ 0%@614 APE 25 PLL@30C CPU@31.5C iwlwifi@32C PMIC@50C GPU@29.5C AO@41C thermal@30.5C POM_5V_IN 1689/1764 POM_5V_GPU 82/86 POM_5V_CPU 164/214
RAM 1387/3964MB (lfb 8x4MB) SWAP 765/6078MB (cached 37MB) IRAM 0/252kB(lfb 252kB) CPU [9%@921,5%@921,off,off] EMC_FREQ 0%@1600 GR3D_FREQ 0%@614 APE 25 PLL@30C CPU@31.5C iwlwifi@32C PMIC@50C GPU@29.5C AO@40.5C thermal@30.75C POM_5V_IN 1689/1763 POM_5V_GPU 82/86 POM_5V_CPU 164/214
RAM 1389/3964MB (lfb 8x4MB) SWAP 765/6078MB (cached 37MB) IRAM 0/252kB(lfb 252kB) CPU [5%@921,8%@921,off,off] EMC_FREQ 0%@1600 GR3D_FREQ 0%@614 APE 25 PLL@30C CPU@31.5C iwlwifi@32C PMIC@50C GPU@30C AO@41C thermal@30.75C POM_5V_IN 1689/1763 POM_5V_GPU 82/86 POM_5V_CPU 164/214
RAM 1387/3964MB (lfb 8x4MB) SWAP 765/6078MB (cached 37MB) IRAM 0/252kB(lfb 252kB) CPU [6%@921,8%@921,off,off] EMC_FREQ 0%@1600 GR3D_FREQ 0%@614 APE 25 PLL@30C CPU@31.5C iwlwifi@32C PMIC@50C GPU@30C AO@41C thermal@30.75C POM_5V_IN 1689/1763 POM_5V_GPU 82/86 POM_5V_CPU 164/214
RAM 1388/3964MB (lfb 8x4MB) SWAP 765/6078MB (cached 37MB) IRAM 0/252kB(lfb 252kB) CPU [4%@921,9%@921,off,off] EMC_FREQ 0%@1600 GR3D_FREQ 0%@614 APE 25 PLL@30.5C CPU@31.5C iwlwifi@32C PMIC@50C GPU@30C AO@41C thermal@31C POM_5V_IN 1689/1763 POM_5V_GPU 82/86 POM_5V_CPU 164/214
RAM 1385/3964MB (lfb 8x4MB) SWAP 765/6078MB (cached 37MB) IRAM 0/252kB(lfb 252kB) CPU [8%@921,5%@921,off,off] EMC_FREQ 0%@1600 GR3D_FREQ 0%@614 APE 25 PLL@30C CPU@31.5C iwlwifi@32C PMIC@50C GPU@30C AO@41C thermal@30.5C POM_5V_IN 1689/1763 POM_5V_GPU 82/86 POM_5V_CPU 123/214
RAM 1389/3964MB (lfb 8x4MB) SWAP 765/6078MB (cached 37MB) IRAM 0/252kB(lfb 252kB) CPU [6%@921,8%@921,off,off] EMC_FREQ 0%@1600 GR3D_FREQ 0%@614 APE 25 PLL@30C CPU@31.5C iwlwifi@32C PMIC@50C GPU@30C AO@41C thermal@30.75C POM_5V_IN 1731/1763 POM_5V_GPU 82/86 POM_5V_CPU 164/214
RAM 1389/3964MB (lfb 8x4MB) SWAP 765/6078MB (cached 37MB) IRAM 0/252kB(lfb 252kB) CPU [7%@921,6%@921,off,off] EMC_FREQ 0%@1600 GR3D_FREQ 0%@614 APE 25 PLL@30C CPU@31.5C iwlwifi@32C PMIC@50C GPU@30C AO@41C thermal@30.75C POM_5V_IN 1689/1763 POM_5V_GPU 82/86 POM_5V_CPU 164/214
RAM 1386/3964MB (lfb 8x4MB) SWAP 765/6078MB (cached 37MB) IRAM 0/252kB(lfb 252kB) CPU [4%@921,9%@921,off,off] EMC_FREQ 0%@1600 GR3D_FREQ 0%@614 APE 25 PLL@30C CPU@31.5C iwlwifi@32C PMIC@50C GPU@30C AO@41C thermal@30.75C POM_5V_IN 1689/1763 POM_5V_GPU 82/86 POM_5V_CPU 164/214
RAM 1389/3964MB (lfb 8x4MB) SWAP 765/6078MB (cached 37MB) IRAM 0/252kB(lfb 252kB) CPU [4%@921,9%@921,off,off] EMC_FREQ 0%@1600 GR3D_FREQ 0%@614 APE 25 PLL@30C CPU@31C iwlwifi@32C PMIC@50C GPU@30C AO@41C thermal@30.75C POM_5V_IN 1689/1763 POM_5V_GPU 82/86 POM_5V_CPU 164/214
RAM 1391/3964MB (lfb 8x4MB) SWAP 765/6078MB (cached 37MB) IRAM 0/252kB(lfb 252kB) CPU [6%@921,7%@921,off,off] EMC_FREQ 0%@1600 GR3D_FREQ 0%@614 APE 25 PLL@30C CPU@31.5C iwlwifi@32C PMIC@50C GPU@30C AO@41C thermal@30.75C POM_5V_IN 1689/1763 POM_5V_GPU 82/86 POM_5V_CPU 164/214
RAM 1387/3964MB (lfb 8x4MB) SWAP 765/6078MB (cached 37MB) IRAM 0/252kB(lfb 252kB) CPU [7%@921,7%@921,off,off] EMC_FREQ 0%@1600 GR3D_FREQ 0%@614 APE 25 PLL@30C CPU@32C iwlwifi@32C PMIC@50C GPU@30C AO@41C thermal@30.75C POM_5V_IN 1689/1763 POM_5V_GPU 82/86 POM_5V_CPU 164/214
RAM 1389/3964MB (lfb 8x4MB) SWAP 765/6078MB (cached 37MB) IRAM 0/252kB(lfb 252kB) CPU [7%@921,6%@921,off,off] EMC_FREQ 0%@1600 GR3D_FREQ 0%@614 APE 25 PLL@30C CPU@31.5C iwlwifi@32C PMIC@50C GPU@30C AO@41C thermal@30.75C POM_5V_IN 1689/1763 POM_5V_GPU 82/86 POM_5V_CPU 164/214
RAM 1385/3964MB (lfb 8x4MB) SWAP 765/6078MB (cached 37MB) IRAM 0/252kB(lfb 252kB) CPU [6%@921,8%@921,off,off] EMC_FREQ 0%@1600 GR3D_FREQ 0%@614 APE 25 PLL@30.5C CPU@31.5C iwlwifi@32C PMIC@50C GPU@30C AO@41.5C thermal@30.75C POM_5V_IN 1689/1763 POM_5V_GPU 82/86 POM_5V_CPU 164/213
RAM 1389/3964MB (lfb 8x4MB) SWAP 765/6078MB (cached 37MB) IRAM 0/252kB(lfb 252kB) CPU [8%@921,6%@921,off,off] EMC_FREQ 0%@1600 GR3D_FREQ 0%@614 APE 25 PLL@30C CPU@31.5C iwlwifi@32C PMIC@50C GPU@30C AO@41.5C thermal@30.75C POM_5V_IN 1689/1763 POM_5V_GPU 82/86 POM_5V_CPU 164/213
RAM 1387/3964MB (lfb 8x4MB) SWAP 765/6078MB (cached 37MB) IRAM 0/252kB(lfb 252kB) CPU [9%@921,4%@921,off,off] EMC_FREQ 0%@1600 GR3D_FREQ 0%@614 APE 25 PLL@30C CPU@31.5C iwlwifi@32C PMIC@50C GPU@30C AO@41C thermal@30.75C POM_5V_IN 1689/1763 POM_5V_GPU 82/86 POM_5V_CPU 164/213
RAM 1388/3964MB (lfb 8x4MB) SWAP 765/6078MB (cached 37MB) IRAM 0/252kB(lfb 252kB) CPU [6%@921,8%@921,off,off] EMC_FREQ 0%@1600 GR3D_FREQ 0%@614 APE 25 PLL@30.5C CPU@31C iwlwifi@32C PMIC@50C GPU@30C AO@41C thermal@30.75C POM_5V_IN 1687/1763 POM_5V_GPU 82/86 POM_5V_CPU 164/213
RAM 1390/3964MB (lfb 8x4MB) SWAP 765/6078MB (cached 37MB) IRAM 0/252kB(lfb 252kB) CPU [8%@921,6%@921,off,off] EMC_FREQ 0%@1600 GR3D_FREQ 0%@614 APE 25 PLL@30C CPU@31.5C iwlwifi@32C PMIC@50C GPU@30C AO@41C thermal@30.75C POM_5V_IN 1689/1763 POM_5V_GPU 82/86 POM_5V_CPU 164/213
RAM 1386/3964MB (lfb 8x4MB) SWAP 765/6078MB (cached 37MB) IRAM 0/252kB(lfb 252kB) CPU [6%@921,7%@921,off,off] EMC_FREQ 0%@1600 GR3D_FREQ 0%@614 APE 25 PLL@30C CPU@31.5C iwlwifi@32C PMIC@50C GPU@30C AO@41C thermal@30.75C POM_5V_IN 1689/1763 POM_5V_GPU 82/86 POM_5V_CPU 164/213
RAM 1392/3964MB (lfb 8x4MB) SWAP 765/6078MB (cached 37MB) IRAM 0/252kB(lfb 252kB) CPU [7%@921,7%@921,off,off] EMC_FREQ 0%@1600 GR3D_FREQ 0%@614 APE 25 PLL@30C CPU@31.5C iwlwifi@32C PMIC@50C GPU@30C AO@41C thermal@30.75C POM_5V_IN 1689/1763 POM_5V_GPU 82/86 POM_5V_CPU 164/213
RAM 1388/3964MB (lfb 8x4MB) SWAP 765/6078MB (cached 37MB) IRAM 0/252kB(lfb 252kB) CPU [8%@921,6%@921,off,off] EMC_FREQ 0%@1600 GR3D_FREQ 0%@614 APE 25 PLL@30C CPU@31.5C iwlwifi@32C PMIC@50C GPU@30C AO@41C thermal@31C POM_5V_IN 1689/1763 POM_5V_GPU 82/86 POM_5V_CPU 164/213
RAM 1391/3964MB (lfb 8x4MB) SWAP 765/6078MB (cached 37MB) IRAM 0/252kB(lfb 252kB) CPU [6%@921,8%@921,off,off] EMC_FREQ 0%@1600 GR3D_FREQ 0%@614 APE 25 PLL@30C CPU@31.5C iwlwifi@32C PMIC@50C GPU@30C AO@41C thermal@30.75C POM_5V_IN 1689/1763 POM_5V_GPU 82/86 POM_5V_CPU 164/213
RAM 1387/3964MB (lfb 8x4MB) SWAP 765/6078MB (cached 37MB) IRAM 0/252kB(lfb 252kB) CPU [7%@921,7%@921,off,off] EMC_FREQ 0%@1600 GR3D_FREQ 0%@614 APE 25 PLL@29.5C CPU@31.5C iwlwifi@32C PMIC@50C GPU@30C AO@41.5C thermal@30.75C POM_5V_IN 1689/1763 POM_5V_GPU 82/86 POM_5V_CPU 164/213
RAM 1387/3964MB (lfb 8x4MB) SWAP 765/6078MB (cached 37MB) IRAM 0/252kB(lfb 252kB) CPU [9%@921,5%@921,off,off] EMC_FREQ 0%@1600 GR3D_FREQ 0%@614 APE 25 PLL@30C CPU@31.5C iwlwifi@32C PMIC@50C GPU@30C AO@41C thermal@30.75C POM_5V_IN 1689/1763 POM_5V_GPU 82/86 POM_5V_CPU 164/213
RAM 1387/3964MB (lfb 8x4MB) SWAP 765/6078MB (cached 37MB) IRAM 0/252kB(lfb 252kB) CPU [6%@921,8%@921,off,off] EMC_FREQ 0%@1600 GR3D_FREQ 0%@614 APE 25 PLL@30C CPU@31.5C iwlwifi@32C PMIC@50C GPU@30C AO@41C thermal@31C POM_5V_IN 1689/1763 POM_5V_GPU 82/86 POM_5V_CPU 164/213
RAM 1385/3964MB (lfb 8x4MB) SWAP 765/6078MB (cached 37MB) IRAM 0/252kB(lfb 252kB) CPU [6%@921,8%@921,off,off] EMC_FREQ 0%@1600 GR3D_FREQ 0%@614 APE 25 PLL@30C CPU@31.5C iwlwifi@32C PMIC@50C GPU@30C AO@41C thermal@31C POM_5V_IN 1731/1763 POM_5V_GPU 82/86 POM_5V_CPU 164/213
RAM 1385/3964MB (lfb 8x4MB) SWAP 765/6078MB (cached 37MB) IRAM 0/252kB(lfb 252kB) CPU [6%@921,7%@921,off,off] EMC_FREQ 0%@1600 GR3D_FREQ 0%@614 APE 25 PLL@30.5C CPU@32C iwlwifi@32C PMIC@50C GPU@30C AO@41C thermal@30.75C POM_5V_IN 1689/1763 POM_5V_GPU 82/86 POM_5V_CPU 164/213
RAM 1389/3964MB (lfb 8x4MB) SWAP 765/6078MB (cached 37MB) IRAM 0/252kB(lfb 252kB) CPU [7%@921,7%@921,off,off] EMC_FREQ 0%@1600 GR3D_FREQ 0%@614 APE 25 PLL@30C CPU@32C iwlwifi@32C PMIC@50C GPU@30C AO@41C thermal@30.75C POM_5V_IN 1689/1763 POM_5V_GPU 82/86 POM_5V_CPU 164/213
RAM 1387/3964MB (lfb 8x4MB) SWAP 765/6078MB (cached 37MB) IRAM 0/252kB(lfb 252kB) CPU [5%@921,9%@921,off,off] EMC_FREQ 0%@1600 GR3D_FREQ 0%@614 APE 25 PLL@30C CPU@31.5C iwlwifi@32C PMIC@50C GPU@30C AO@41C thermal@30.75C POM_5V_IN 1689/1763 POM_5V_GPU 82/86 POM_5V_CPU 164/213
RAM 1387/3964MB (lfb 8x4MB) SWAP 765/6078MB (cached 37MB) IRAM 0/252kB(lfb 252kB) CPU [9%@921,5%@921,off,off] EMC_FREQ 0%@1600 GR3D_FREQ 0%@614 APE 25 PLL@30C CPU@31.5C iwlwifi@32C PMIC@50C GPU@29.5C AO@41C thermal@30.75C POM_5V_IN 1689/1763 POM_5V_GPU 82/86 POM_5V_CPU 164/213
RAM 1389/3964MB (lfb 8x4MB) SWAP 765/6078MB (cached 37MB) IRAM 0/252kB(lfb 252kB) CPU [9%@921,4%@921,off,off] EMC_FREQ 0%@1600 GR3D_FREQ 0%@614 APE 25 PLL@30C CPU@31.5C iwlwifi@32C PMIC@50C GPU@30C AO@41C thermal@31C POM_5V_IN 1731/1763 POM_5V_GPU 82/86 POM_5V_CPU 164/213
RAM 1385/3964MB (lfb 8x4MB) SWAP 765/6078MB (cached 37MB) IRAM 0/252kB(lfb 252kB) CPU [9%@921,6%@921,off,off] EMC_FREQ 0%@1600 GR3D_FREQ 0%@614 APE 25 PLL@30C CPU@31.5C iwlwifi@32C PMIC@50C GPU@30.5C AO@41C thermal@31C POM_5V_IN 1689/1763 POM_5V_GPU 82/86 POM_5V_CPU 164/213
RAM 1389/3964MB (lfb 8x4MB) SWAP 765/6078MB (cached 37MB) IRAM 0/252kB(lfb 252kB) CPU [8%@921,5%@921,off,off] EMC_FREQ 0%@1600 GR3D_FREQ 0%@614 APE 25 PLL@30C CPU@31.5C iwlwifi@32C PMIC@50C GPU@30.5C AO@41C thermal@31.25C POM_5V_IN 1689/1763 POM_5V_GPU 82/86 POM_5V_CPU 164/213
RAM 1389/3964MB (lfb 8x4MB) SWAP 765/6078MB (cached 37MB) IRAM 0/252kB(lfb 252kB) CPU [8%@921,6%@921,off,off] EMC_FREQ 0%@1600 GR3D_FREQ 0%@614 APE 25 PLL@30.5C CPU@32C iwlwifi@32C PMIC@50C GPU@30C AO@41C thermal@31C POM_5V_IN 1689/1763 POM_5V_GPU 82/86 POM_5V_CPU 164/213
RAM 1389/3964MB (lfb 8x4MB) SWAP 765/6078MB (cached 37MB) IRAM 0/252kB(lfb 252kB) CPU [9%@921,5%@921,off,off] EMC_FREQ 0%@1600 GR3D_FREQ 0%@614 APE 25 PLL@30C CPU@32C iwlwifi@32C PMIC@50C GPU@30C AO@41.5C thermal@30.75C POM_5V_IN 1689/1763 POM_5V_GPU 82/86 POM_5V_CPU 164/213
RAM 1385/3964MB (lfb 8x4MB) SWAP 765/6078MB (cached 37MB) IRAM 0/252kB(lfb 252kB) CPU [4%@921,8%@921,off,off] EMC_FREQ 0%@1600 GR3D_FREQ 0%@614 APE 25 PLL@30C CPU@31.5C iwlwifi@32C PMIC@50C GPU@30C AO@41C thermal@30.75C POM_5V_IN 1689/1763 POM_5V_GPU 82/86 POM_5V_CPU 164/213
RAM 1387/3964MB (lfb 8x4MB) SWAP 765/6078MB (cached 37MB) IRAM 0/252kB(lfb 252kB) CPU [6%@921,7%@921,off,off] EMC_FREQ 0%@1600 GR3D_FREQ 0%@614 APE 25 PLL@30C CPU@32C iwlwifi@32C PMIC@50C GPU@30C AO@41C thermal@30.75C POM_5V_IN 1689/1763 POM_5V_GPU 82/86 POM_5V_CPU 164/213
RAM 1387/3964MB (lfb 8x4MB) SWAP 765/6078MB (cached 37MB) IRAM 0/252kB(lfb 252kB) CPU [7%@921,7%@921,off,off] EMC_FREQ 0%@1600 GR3D_FREQ 0%@614 APE 25 PLL@30C CPU@31.5C iwlwifi@32C PMIC@50C GPU@30C AO@40.5C thermal@30.75C POM_5V_IN 1731/1763 POM_5V_GPU 82/86 POM_5V_CPU 164/213
RAM 1387/3964MB (lfb 8x4MB) SWAP 765/6078MB (cached 37MB) IRAM 0/252kB(lfb 252kB) CPU [8%@921,6%@921,off,off] EMC_FREQ 0%@1600 GR3D_FREQ 0%@614 APE 25 PLL@29.5C CPU@31.5C iwlwifi@32C PMIC@50C GPU@30C AO@40.5C thermal@30.75C POM_5V_IN 1689/1762 POM_5V_GPU 82/86 POM_5V_CPU 164/213
RAM 1387/3964MB (lfb 8x4MB) SWAP 765/6078MB (cached 37MB) IRAM 0/252kB(lfb 252kB) CPU [7%@921,7%@921,off,off] EMC_FREQ 0%@1600 GR3D_FREQ 0%@614 APE 25 PLL@30C CPU@31.5C iwlwifi@32C PMIC@50C GPU@30C AO@41C thermal@30.75C POM_5V_IN 1689/1762 POM_5V_GPU 82/86 POM_5V_CPU 164/213
RAM 1387/3964MB (lfb 8x4MB) SWAP 765/6078MB (cached 37MB) IRAM 0/252kB(lfb 252kB) CPU [6%@921,8%@921,off,off] EMC_FREQ 0%@1600 GR3D_FREQ 0%@614 APE 25 PLL@30C CPU@31.5C iwlwifi@32C PMIC@50C GPU@30C AO@41C thermal@30.75C POM_5V_IN 1689/1762 POM_5V_GPU 82/86 POM_5V_CPU 164/213
RAM 1388/3964MB (lfb 8x4MB) SWAP 765/6078MB (cached 37MB) IRAM 0/252kB(lfb 252kB) CPU [8%@921,5%@921,off,off] EMC_FREQ 0%@1600 GR3D_FREQ 0%@614 APE 25 PLL@30.5C CPU@31.5C iwlwifi@32C PMIC@50C GPU@30C AO@41C thermal@31C POM_5V_IN 1689/1762 POM_5V_GPU 82/86 POM_5V_CPU 164/213
RAM 1399/3964MB (lfb 8x4MB) SWAP 765/6078MB (cached 37MB) IRAM 0/252kB(lfb 252kB) CPU [6%@921,10%@921,off,off] EMC_FREQ 0%@1600 GR3D_FREQ 0%@614 APE 25 PLL@30.5C CPU@32C iwlwifi@32C PMIC@50C GPU@30.5C AO@41C thermal@30.75C POM_5V_IN 1689/1762 POM_5V_GPU 82/86 POM_5V_CPU 164/213
RAM 1388/3964MB (lfb 8x4MB) SWAP 765/6078MB (cached 37MB) IRAM 0/252kB(lfb 252kB) CPU [7%@921,9%@921,off,off] EMC_FREQ 0%@1600 GR3D_FREQ 0%@614 APE 25 PLL@30C CPU@31.5C iwlwifi@32C PMIC@50C GPU@30C AO@41C thermal@30.75C POM_5V_IN 1689/1762 POM_5V_GPU 82/86 POM_5V_CPU 164/213
RAM 1385/3964MB (lfb 8x4MB) SWAP 765/6078MB (cached 37MB) IRAM 0/252kB(lfb 252kB) CPU [7%@921,7%@921,off,off] EMC_FREQ 0%@1600 GR3D_FREQ 0%@614 APE 25 PLL@30C CPU@31.5C iwlwifi@32C PMIC@50C GPU@30.5C AO@41C thermal@30.75C POM_5V_IN 1689/1762 POM_5V_GPU 82/86 POM_5V_CPU 164/213
RAM 1385/3964MB (lfb 8x4MB) SWAP 765/6078MB (cached 37MB) IRAM 0/252kB(lfb 252kB) CPU [10%@921,4%@921,off,off] EMC_FREQ 0%@1600 GR3D_FREQ 0%@614 APE 25 PLL@30C CPU@32C iwlwifi@32C PMIC@50C GPU@30C AO@41C thermal@31.25C POM_5V_IN 1689/1762 POM_5V_GPU 82/86 POM_5V_CPU 164/213
RAM 1388/3964MB (lfb 8x4MB) SWAP 765/6078MB (cached 37MB) IRAM 0/252kB(lfb 252kB) CPU [6%@921,7%@921,off,off] EMC_FREQ 0%@1600 GR3D_FREQ 0%@614 APE 25 PLL@30.5C CPU@32C iwlwifi@32C PMIC@50C GPU@30C AO@40.5C thermal@30.75C POM_5V_IN 1731/1762 POM_5V_GPU 82/86 POM_5V_CPU 164/213
RAM 1388/3964MB (lfb 8x4MB) SWAP 765/6078MB (cached 37MB) IRAM 0/252kB(lfb 252kB) CPU [4%@921,10%@921,off,off] EMC_FREQ 0%@1600 GR3D_FREQ 0%@614 APE 25 PLL@30.5C CPU@31.5C iwlwifi@32C PMIC@50C GPU@30C AO@41C thermal@30.75C POM_5V_IN 1689/1762 POM_5V_GPU 82/86 POM_5V_CPU 164/213
RAM 1387/3964MB (lfb 8x4MB) SWAP 765/6078MB (cached 37MB) IRAM 0/252kB(lfb 252kB) CPU [9%@921,5%@921,off,off] EMC_FREQ 0%@1600 GR3D_FREQ 0%@614 APE 25 PLL@30C CPU@31.5C iwlwifi@32C PMIC@50C GPU@30C AO@41C thermal@30.75C POM_5V_IN 1689/1762 POM_5V_GPU 82/86 POM_5V_CPU 164/213
RAM 1385/3964MB (lfb 8x4MB) SWAP 765/6078MB (cached 37MB) IRAM 0/252kB(lfb 252kB) CPU [9%@921,4%@921,off,off] EMC_FREQ 0%@1600 GR3D_FREQ 0%@614 APE 25 PLL@30C CPU@31.5C iwlwifi@32C PMIC@50C GPU@30C AO@41C thermal@30.75C POM_5V_IN 1689/1762 POM_5V_GPU 82/86 POM_5V_CPU 164/213
RAM 1385/3964MB (lfb 8x4MB) SWAP 765/6078MB (cached 37MB) IRAM 0/252kB(lfb 252kB) CPU [9%@921,5%@921,off,off] EMC_FREQ 0%@1600 GR3D_FREQ 0%@614 APE 25 PLL@30C CPU@31.5C iwlwifi@32C PMIC@50C GPU@30C AO@41C thermal@30.75C POM_5V_IN 1689/1762 POM_5V_GPU 82/86 POM_5V_CPU 164/213
RAM 1388/3964MB (lfb 8x4MB) SWAP 765/6078MB (cached 37MB) IRAM 0/252kB(lfb 252kB) CPU [7%@921,7%@921,off,off] EMC_FREQ 0%@1600 GR3D_FREQ 0%@614 APE 25 PLL@30C CPU@31.5C iwlwifi@32C PMIC@50C GPU@30C AO@41C thermal@30.5C POM_5V_IN 1689/1762 POM_5V_GPU 82/86 POM_5V_CPU 164/213
RAM 1388/3964MB (lfb 8x4MB) SWAP 765/6078MB (cached 37MB) IRAM 0/252kB(lfb 252kB) CPU [6%@921,8%@921,off,off] EMC_FREQ 0%@1600 GR3D_FREQ 0%@614 APE 25 PLL@30.5C CPU@31.5C iwlwifi@32C PMIC@50C GPU@30C AO@41C thermal@30.75C POM_5V_IN 1772/1762 POM_5V_GPU 82/86 POM_5V_CPU 164/213
RAM 1389/3964MB (lfb 8x4MB) SWAP 765/6078MB (cached 37MB) IRAM 0/252kB(lfb 252kB) CPU [6%@921,7%@921,off,off] EMC_FREQ 0%@1600 GR3D_FREQ 0%@614 APE 25 PLL@30.5C CPU@31.5C iwlwifi@32C PMIC@50C GPU@30C AO@41C thermal@30.75C POM_5V_IN 1689/1762 POM_5V_GPU 82/86 POM_5V_CPU 164/213
RAM 1385/3964MB (lfb 8x4MB) SWAP 765/6078MB (cached 37MB) IRAM 0/252kB(lfb 252kB) CPU [7%@921,7%@921,off,off] EMC_FREQ 0%@1600 GR3D_FREQ 0%@614 APE 25 PLL@30.5C CPU@31.5C iwlwifi@32C PMIC@50C GPU@30C AO@41.5C thermal@30.75C POM_5V_IN 1689/1762 POM_5V_GPU 82/86 POM_5V_CPU 123/213
RAM 1387/3964MB (lfb 8x4MB) SWAP 765/6078MB (cached 37MB) IRAM 0/252kB(lfb 252kB) CPU [7%@921,7%@921,off,off] EMC_FREQ 0%@1600 GR3D_FREQ 0%@614 APE 25 PLL@30C CPU@31.5C iwlwifi@32C PMIC@50C GPU@30C AO@41.5C thermal@31C POM_5V_IN 1689/1762 POM_5V_GPU 82/86 POM_5V_CPU 164/213
RAM 1387/3964MB (lfb 8x4MB) SWAP 765/6078MB (cached 37MB) IRAM 0/252kB(lfb 252kB) CPU [6%@921,7%@921,off,off] EMC_FREQ 0%@1600 GR3D_FREQ 0%@614 APE 25 PLL@30C CPU@31.5C iwlwifi@32C PMIC@50C GPU@30C AO@41C thermal@30.75C POM_5V_IN 1689/1762 POM_5V_GPU 82/86 POM_5V_CPU 164/213
RAM 1386/3964MB (lfb 8x4MB) SWAP 765/6078MB (cached 37MB) IRAM 0/252kB(lfb 252kB) CPU [6%@921,8%@921,off,off] EMC_FREQ 0%@1600 GR3D_FREQ 0%@614 APE 25 PLL@30C CPU@31.5C iwlwifi@32C PMIC@50C GPU@30C AO@41C thermal@30.75C POM_5V_IN 1731/1762 POM_5V_GPU 82/86 POM_5V_CPU 164/213
RAM 1389/3964MB (lfb 8x4MB) SWAP 765/6078MB (cached 37MB) IRAM 0/252kB(lfb 252kB) CPU [6%@921,7%@921,off,off] EMC_FREQ 0%@1600 GR3D_FREQ 0%@614 APE 25 PLL@30C CPU@31.5C iwlwifi@32C PMIC@50C GPU@30C AO@41C thermal@30.75C POM_5V_IN 1689/1762 POM_5V_GPU 82/86 POM_5V_CPU 164/213
RAM 1389/3964MB (lfb 8x4MB) SWAP 765/6078MB (cached 37MB) IRAM 0/252kB(lfb 252kB) CPU [7%@921,7%@921,off,off] EMC_FREQ 0%@1600 GR3D_FREQ 0%@614 APE 25 PLL@30C CPU@31.5C iwlwifi@32C PMIC@50C GPU@30C AO@41C thermal@30.75C POM_5V_IN 1689/1762 POM_5V_GPU 82/86 POM_5V_CPU 164/213
RAM 1385/3964MB (lfb 8x4MB) SWAP 765/6078MB (cached 37MB) IRAM 0/252kB(lfb 252kB) CPU [7%@921,6%@921,off,off] EMC_FREQ 0%@1600 GR3D_FREQ 0%@614 APE 25 PLL@30.5C CPU@31.5C iwlwifi@32C PMIC@50C GPU@30C AO@41C thermal@31C POM_5V_IN 1731/1762 POM_5V_GPU 82/86 POM_5V_CPU 164/213
RAM 1388/3964MB (lfb 8x4MB) SWAP 765/6078MB (cached 37MB) IRAM 0/252kB(lfb 252kB) CPU [8%@921,6%@921,off,off] EMC_FREQ 0%@1600 GR3D_FREQ 0%@614 APE 25 PLL@29.5C CPU@31.5C iwlwifi@32C PMIC@50C GPU@30C AO@41C thermal@30.75C POM_5V_IN 1772/1762 POM_5V_GPU 82/86 POM_5V_CPU 164/213
RAM 1386/3964MB (lfb 8x4MB) SWAP 765/6078MB (cached 37MB) IRAM 0/252kB(lfb 252kB) CPU [7%@921,7%@921,off,off] EMC_FREQ 0%@1600 GR3D_FREQ 0%@614 APE 25 PLL@30.5C CPU@31.5C iwlwifi@33C PMIC@50C GPU@29.5C AO@41.5C thermal@30.5C POM_5V_IN 1689/1762 POM_5V_GPU 82/86 POM_5V_CPU 164/213
RAM 1389/3964MB (lfb 8x4MB) SWAP 765/6078MB (cached 37MB) IRAM 0/252kB(lfb 252kB) CPU [8%@921,7%@921,off,off] EMC_FREQ 0%@1600 GR3D_FREQ 0%@614 APE 25 PLL@30C CPU@31.5C iwlwifi@32C PMIC@50C GPU@29.5C AO@41.5C thermal@30.75C POM_5V_IN 1689/1762 POM_5V_GPU 82/86 POM_5V_CPU 123/212
RAM 1387/3964MB (lfb 8x4MB) SWAP 765/6078MB (cached 37MB) IRAM 0/252kB(lfb 252kB) CPU [7%@921,6%@921,off,off] EMC_FREQ 0%@1600 GR3D_FREQ 0%@614 APE 25 PLL@30.5C CPU@31.5C iwlwifi@32C PMIC@50C GPU@30.5C AO@41C thermal@30.75C POM_5V_IN 1689/1762 POM_5V_GPU 82/86 POM_5V_CPU 164/212
RAM 1385/3964MB (lfb 8x4MB) SWAP 765/6078MB (cached 37MB) IRAM 0/252kB(lfb 252kB) CPU [9%@921,5%@921,off,off] EMC_FREQ 0%@1600 GR3D_FREQ 0%@614 APE 25 PLL@30C CPU@31.5C iwlwifi@32C PMIC@50C GPU@30C AO@41C thermal@30.75C POM_5V_IN 1689/1762 POM_5V_GPU 82/86 POM_5V_CPU 164/212
RAM 1387/3964MB (lfb 8x4MB) SWAP 765/6078MB (cached 37MB) IRAM 0/252kB(lfb 252kB) CPU [6%@921,8%@921,off,off] EMC_FREQ 0%@1600 GR3D_FREQ 0%@614 APE 25 PLL@30C CPU@31C iwlwifi@32C PMIC@50C GPU@30C AO@41C thermal@30.75C POM_5V_IN 1689/1762 POM_5V_GPU 82/86 POM_5V_CPU 164/212
RAM 1386/3964MB (lfb 8x4MB) SWAP 765/6078MB (cached 37MB) IRAM 0/252kB(lfb 252kB) CPU [8%@921,5%@921,off,off] EMC_FREQ 0%@1600 GR3D_FREQ 0%@614 APE 25 PLL@30C CPU@31C iwlwifi@32C PMIC@50C GPU@30C AO@41C thermal@30.75C POM_5V_IN 1689/1762 POM_5V_GPU 82/86 POM_5V_CPU 164/212
RAM 1389/3964MB (lfb 8x4MB) SWAP 765/6078MB (cached 37MB) IRAM 0/252kB(lfb 252kB) CPU [8%@921,5%@921,off,off] EMC_FREQ 0%@1600 GR3D_FREQ 0%@614 APE 25 PLL@30.5C CPU@31.5C iwlwifi@32C PMIC@50C GPU@30.5C AO@41C thermal@31C POM_5V_IN 1689/1762 POM_5V_GPU 82/86 POM_5V_CPU 164/212
RAM 1396/3964MB (lfb 8x4MB) SWAP 763/6078MB (cached 38MB) IRAM 0/252kB(lfb 252kB) CPU [22%@921,19%@921,off,off] EMC_FREQ 0%@1600 GR3D_FREQ 0%@614 APE 25 PLL@30C CPU@31.5C iwlwifi@33C PMIC@50C GPU@30.5C AO@41.5C thermal@31C POM_5V_IN 1689/1762 POM_5V_GPU 82/86 POM_5V_CPU 164/212
RAM 1397/3964MB (lfb 8x4MB) SWAP 763/6078MB (cached 38MB) IRAM 0/252kB(lfb 252kB) CPU [6%@921,7%@921,off,off] EMC_FREQ 0%@1600 GR3D_FREQ 0%@614 APE 25 PLL@30C CPU@31.5C iwlwifi@34C PMIC@50C GPU@30C AO@41C thermal@31C POM_5V_IN 1689/1762 POM_5V_GPU 82/86 POM_5V_CPU 164/212
RAM 1395/3964MB (lfb 8x4MB) SWAP 763/6078MB (cached 38MB) IRAM 0/252kB(lfb 252kB) CPU [7%@921,7%@921,off,off] EMC_FREQ 0%@1600 GR3D_FREQ 0%@614 APE 25 PLL@30C CPU@31.5C iwlwifi@32C PMIC@50C GPU@30C AO@41.5C thermal@30.5C POM_5V_IN 1728/1762 POM_5V_GPU 82/86 POM_5V_CPU 164/212
RAM 1397/3964MB (lfb 8x4MB) SWAP 763/6078MB (cached 38MB) IRAM 0/252kB(lfb 252kB) CPU [6%@921,8%@921,off,off] EMC_FREQ 0%@1600 GR3D_FREQ 0%@614 APE 25 PLL@30C CPU@31.5C iwlwifi@33C PMIC@50C GPU@30C AO@40.5C thermal@30.75C POM_5V_IN 1689/1762 POM_5V_GPU 82/86 POM_5V_CPU 164/212
RAM 1393/3964MB (lfb 8x4MB) SWAP 763/6078MB (cached 38MB) IRAM 0/252kB(lfb 252kB) CPU [8%@921,6%@921,off,off] EMC_FREQ 0%@1600 GR3D_FREQ 0%@614 APE 25 PLL@30C CPU@31C iwlwifi@33C PMIC@50C GPU@29.5C AO@41C thermal@30.5C POM_5V_IN 1687/1762 POM_5V_GPU 82/86 POM_5V_CPU 164/212
RAM 1393/3964MB (lfb 8x4MB) SWAP 763/6078MB (cached 38MB) IRAM 0/252kB(lfb 252kB) CPU [6%@921,8%@921,off,off] EMC_FREQ 0%@1600 GR3D_FREQ 0%@614 APE 25 PLL@30C CPU@31.5C iwlwifi@33C PMIC@50C GPU@30C AO@41C thermal@30.75C POM_5V_IN 1687/1762 POM_5V_GPU 82/86 POM_5V_CPU 164/212
RAM 1393/3964MB (lfb 8x4MB) SWAP 763/6078MB (cached 38MB) IRAM 0/252kB(lfb 252kB) CPU [10%@921,5%@921,off,off] EMC_FREQ 0%@1600 GR3D_FREQ 0%@614 APE 25 PLL@30C CPU@31.5C iwlwifi@34C PMIC@50C GPU@30C AO@41.5C thermal@30.5C POM_5V_IN 1689/1762 POM_5V_GPU 82/86 POM_5V_CPU 164/212
RAM 1397/3964MB (lfb 8x4MB) SWAP 763/6078MB (cached 38MB) IRAM 0/252kB(lfb 252kB) CPU [9%@921,6%@921,off,off] EMC_FREQ 0%@1600 GR3D_FREQ 0%@614 APE 25 PLL@30C CPU@31.5C iwlwifi@33C PMIC@50C GPU@30.5C AO@41C thermal@31C POM_5V_IN 1728/1762 POM_5V_GPU 82/86 POM_5V_CPU 164/212
RAM 1397/3964MB (lfb 8x4MB) SWAP 763/6078MB (cached 38MB) IRAM 0/252kB(lfb 252kB) CPU [5%@921,8%@921,off,off] EMC_FREQ 0%@1600 GR3D_FREQ 0%@614 APE 25 PLL@30C CPU@32C iwlwifi@33C PMIC@50C GPU@30C AO@41C thermal@30.75C POM_5V_IN 1728/1762 POM_5V_GPU 82/86 POM_5V_CPU 164/212
RAM 1397/3964MB (lfb 8x4MB) SWAP 763/6078MB (cached 38MB) IRAM 0/252kB(lfb 252kB) CPU [9%@921,5%@921,off,off] EMC_FREQ 0%@1600 GR3D_FREQ 0%@614 APE 25 PLL@30C CPU@31.5C iwlwifi@33C PMIC@50C GPU@30.5C AO@41C thermal@30.75C POM_5V_IN 1728/1762 POM_5V_GPU 82/86 POM_5V_CPU 164/212
RAM 1395/3964MB (lfb 8x4MB) SWAP 763/6078MB (cached 38MB) IRAM 0/252kB(lfb 252kB) CPU [7%@921,7%@921,off,off] EMC_FREQ 0%@1600 GR3D_FREQ 0%@614 APE 25 PLL@30C CPU@32C iwlwifi@32C PMIC@50C GPU@30.5C AO@41C thermal@30.75C POM_5V_IN 1687/1761 POM_5V_GPU 82/86 POM_5V_CPU 164/212
RAM 1395/3964MB (lfb 8x4MB) SWAP 763/6078MB (cached 38MB) IRAM 0/252kB(lfb 252kB) CPU [7%@921,7%@921,off,off] EMC_FREQ 0%@1600 GR3D_FREQ 0%@614 APE 25 PLL@30C CPU@31.5C iwlwifi@32C PMIC@50C GPU@30C AO@41C thermal@31C POM_5V_IN 1731/1761 POM_5V_GPU 82/86 POM_5V_CPU 164/212
RAM 1397/3964MB (lfb 8x4MB) SWAP 763/6078MB (cached 38MB) IRAM 0/252kB(lfb 252kB) CPU [5%@921,8%@921,off,off] EMC_FREQ 0%@1600 GR3D_FREQ 0%@614 APE 25 PLL@30.5C CPU@32C iwlwifi@32C PMIC@50C GPU@30C AO@41C thermal@30.75C POM_5V_IN 1689/1761 POM_5V_GPU 82/86 POM_5V_CPU 164/212
RAM 1395/3964MB (lfb 8x4MB) SWAP 763/6078MB (cached 38MB) IRAM 0/252kB(lfb 252kB) CPU [5%@921,9%@921,off,off] EMC_FREQ 0%@1600 GR3D_FREQ 0%@614 APE 25 PLL@30C CPU@32C iwlwifi@32C PMIC@50C GPU@30C AO@41C thermal@31C POM_5V_IN 1689/1761 POM_5V_GPU 82/86 POM_5V_CPU 164/212
RAM 1395/3964MB (lfb 8x4MB) SWAP 763/6078MB (cached 38MB) IRAM 0/252kB(lfb 252kB) CPU [10%@921,3%@921,off,off] EMC_FREQ 0%@1600 GR3D_FREQ 0%@614 APE 25 PLL@30C CPU@31.5C iwlwifi@32C PMIC@50C GPU@30C AO@41C thermal@30.75C POM_5V_IN 1731/1761 POM_5V_GPU 82/86 POM_5V_CPU 164/212
RAM 1393/3964MB (lfb 8x4MB) SWAP 763/6078MB (cached 38MB) IRAM 0/252kB(lfb 252kB) CPU [7%@921,6%@921,off,off] EMC_FREQ 0%@1600 GR3D_FREQ 0%@614 APE 25 PLL@30C CPU@31.5C iwlwifi@32C PMIC@50C GPU@30.5C AO@41C thermal@30.75C POM_5V_IN 1689/1761 POM_5V_GPU 82/86 POM_5V_CPU 164/212
RAM 1397/3964MB (lfb 8x4MB) SWAP 763/6078MB (cached 38MB) IRAM 0/252kB(lfb 252kB) CPU [8%@921,6%@921,off,off] EMC_FREQ 0%@1600 GR3D_FREQ 0%@614 APE 25 PLL@30C CPU@31.5C iwlwifi@32C PMIC@50C GPU@30.5C AO@41C thermal@30.75C POM_5V_IN 1689/1761 POM_5V_GPU 82/86 POM_5V_CPU 164/212
RAM 1395/3964MB (lfb 8x4MB) SWAP 763/6078MB (cached 38MB) IRAM 0/252kB(lfb 252kB) CPU [8%@921,6%@921,off,off] EMC_FREQ 0%@1600 GR3D_FREQ 0%@614 APE 25 PLL@30C CPU@31.5C iwlwifi@32C PMIC@50C GPU@30C AO@41C thermal@31C POM_5V_IN 1689/1761 POM_5V_GPU 82/86 POM_5V_CPU 164/212
RAM 1395/3964MB (lfb 8x4MB) SWAP 763/6078MB (cached 38MB) IRAM 0/252kB(lfb 252kB) CPU [6%@921,7%@921,off,off] EMC_FREQ 0%@1600 GR3D_FREQ 0%@614 APE 25 PLL@30C CPU@32C iwlwifi@32C PMIC@50C GPU@30C AO@41.5C thermal@30.75C POM_5V_IN 1689/1761 POM_5V_GPU 82/86 POM_5V_CPU 164/212
RAM 1397/3964MB (lfb 8x4MB) SWAP 763/6078MB (cached 38MB) IRAM 0/252kB(lfb 252kB) CPU [5%@921,8%@921,off,off] EMC_FREQ 0%@1600 GR3D_FREQ 0%@614 APE 25 PLL@30C CPU@31.5C iwlwifi@32C PMIC@50C GPU@30C AO@41.5C thermal@31C POM_5V_IN 1687/1761 POM_5V_GPU 82/86 POM_5V_CPU 164/212
RAM 1393/3964MB (lfb 8x4MB) SWAP 763/6078MB (cached 38MB) IRAM 0/252kB(lfb 252kB) CPU [8%@921,6%@921,off,off] EMC_FREQ 0%@1600 GR3D_FREQ 0%@614 APE 25 PLL@29.5C CPU@31.5C iwlwifi@32C PMIC@50C GPU@30C AO@41.5C thermal@30.75C POM_5V_IN 1689/1761 POM_5V_GPU 82/86 POM_5V_CPU 164/212
RAM 1395/3964MB (lfb 8x4MB) SWAP 763/6078MB (cached 38MB) IRAM 0/252kB(lfb 252kB) CPU [6%@921,7%@921,off,off] EMC_FREQ 0%@1600 GR3D_FREQ 0%@614 APE 25 PLL@30C CPU@32C iwlwifi@33C PMIC@50C GPU@30C AO@41C thermal@31C POM_5V_IN 1689/1761 POM_5V_GPU 82/86 POM_5V_CPU 164/212
RAM 1395/3964MB (lfb 8x4MB) SWAP 763/6078MB (cached 38MB) IRAM 0/252kB(lfb 252kB) CPU [8%@921,7%@921,off,off] EMC_FREQ 0%@1600 GR3D_FREQ 0%@614 APE 25 PLL@29.5C CPU@31.5C iwlwifi@32C PMIC@50C GPU@30C AO@41C thermal@31C POM_5V_IN 1731/1761 POM_5V_GPU 82/86 POM_5V_CPU 164/212
RAM 1395/3964MB (lfb 8x4MB) SWAP 763/6078MB (cached 38MB) IRAM 0/252kB(lfb 252kB) CPU [7%@921,7%@921,off,off] EMC_FREQ 0%@1600 GR3D_FREQ 0%@614 APE 25 PLL@30C CPU@32C iwlwifi@32C PMIC@50C GPU@30.5C AO@41.5C thermal@30.75C POM_5V_IN 1689/1761 POM_5V_GPU 82/86 POM_5V_CPU 164/212
RAM 1393/3964MB (lfb 8x4MB) SWAP 763/6078MB (cached 38MB) IRAM 0/252kB(lfb 252kB) CPU [10%@921,3%@921,off,off] EMC_FREQ 0%@1600 GR3D_FREQ 0%@614 APE 25 PLL@30C CPU@31.5C iwlwifi@32C PMIC@50C GPU@30C AO@41C thermal@31C POM_5V_IN 1731/1761 POM_5V_GPU 82/86 POM_5V_CPU 164/212
RAM 1393/3964MB (lfb 8x4MB) SWAP 763/6078MB (cached 38MB) IRAM 0/252kB(lfb 252kB) CPU [7%@921,7%@921,off,off] EMC_FREQ 0%@1600 GR3D_FREQ 0%@614 APE 25 PLL@30C CPU@32C iwlwifi@32C PMIC@50C GPU@30C AO@41.5C thermal@31C POM_5V_IN 1689/1761 POM_5V_GPU 82/86 POM_5V_CPU 164/212
RAM 1395/3964MB (lfb 8x4MB) SWAP 763/6078MB (cached 38MB) IRAM 0/252kB(lfb 252kB) CPU [5%@921,8%@921,off,off] EMC_FREQ 0%@1600 GR3D_FREQ 0%@614 APE 25 PLL@30C CPU@32C iwlwifi@32C PMIC@50C GPU@30.5C AO@41C thermal@30.75C POM_5V_IN 1687/1761 POM_5V_GPU 82/86 POM_5V_CPU 164/212
RAM 1397/3964MB (lfb 8x4MB) SWAP 763/6078MB (cached 38MB) IRAM 0/252kB(lfb 252kB) CPU [5%@921,9%@921,off,off] EMC_FREQ 0%@1600 GR3D_FREQ 0%@614 APE 25 PLL@30C CPU@31.5C iwlwifi@32C PMIC@50C GPU@30C AO@41C thermal@31C POM_5V_IN 1731/1761 POM_5V_GPU 82/86 POM_5V_CPU 164/212
RAM 1393/3964MB (lfb 8x4MB) SWAP 763/6078MB (cached 38MB) IRAM 0/252kB(lfb 252kB) CPU [7%@921,7%@921,off,off] EMC_FREQ 0%@1600 GR3D_FREQ 0%@614 APE 25 PLL@30C CPU@31.5C iwlwifi@32C PMIC@50C GPU@30C AO@41C thermal@30.75C POM_5V_IN 1731/1761 POM_5V_GPU 82/86 POM_5V_CPU 164/212
RAM 1397/3964MB (lfb 8x4MB) SWAP 763/6078MB (cached 38MB) IRAM 0/252kB(lfb 252kB) CPU [6%@921,7%@921,off,off] EMC_FREQ 0%@1600 GR3D_FREQ 0%@614 APE 25 PLL@30.5C CPU@31.5C iwlwifi@32C PMIC@50C GPU@30C AO@41.5C thermal@30.75C POM_5V_IN 1731/1761 POM_5V_GPU 82/86 POM_5V_CPU 164/212
RAM 1393/3964MB (lfb 8x4MB) SWAP 763/6078MB (cached 38MB) IRAM 0/252kB(lfb 252kB) CPU [7%@921,7%@921,off,off] EMC_FREQ 0%@1600 GR3D_FREQ 0%@614 APE 25 PLL@30C CPU@31.5C iwlwifi@32C PMIC@50C GPU@29.5C AO@41.5C thermal@30.75C POM_5V_IN 1689/1761 POM_5V_GPU 82/86 POM_5V_CPU 164/212
RAM 1396/3964MB (lfb 8x4MB) SWAP 763/6078MB (cached 38MB) IRAM 0/252kB(lfb 252kB) CPU [4%@921,9%@921,off,off] EMC_FREQ 0%@1600 GR3D_FREQ 0%@614 APE 25 PLL@30C CPU@31.5C iwlwifi@32C PMIC@50C GPU@30.5C AO@41C thermal@31C POM_5V_IN 1731/1761 POM_5V_GPU 82/86 POM_5V_CPU 164/212
RAM 1396/3964MB (lfb 8x4MB) SWAP 763/6078MB (cached 38MB) IRAM 0/252kB(lfb 252kB) CPU [9%@921,5%@921,off,off] EMC_FREQ 0%@1600 GR3D_FREQ 0%@614 APE 25 PLL@30C CPU@31.5C iwlwifi@32C PMIC@50C GPU@30.5C AO@41C thermal@31C POM_5V_IN 1689/1761 POM_5V_GPU 82/86 POM_5V_CPU 164/212
RAM 1395/3964MB (lfb 8x4MB) SWAP 763/6078MB (cached 38MB) IRAM 0/252kB(lfb 252kB) CPU [7%@921,7%@921,off,off] EMC_FREQ 0%@1600 GR3D_FREQ 0%@614 APE 25 PLL@30C CPU@31.5C iwlwifi@32C PMIC@50C GPU@30C AO@41.5C thermal@30.75C POM_5V_IN 1689/1761 POM_5V_GPU 82/86 POM_5V_CPU 164/212
RAM 1397/3964MB (lfb 8x4MB) SWAP 763/6078MB (cached 38MB) IRAM 0/252kB(lfb 252kB) CPU [8%@921,5%@921,off,off] EMC_FREQ 0%@1600 GR3D_FREQ 0%@614 APE 25 PLL@29.5C CPU@31.5C iwlwifi@32C PMIC@50C GPU@30C AO@41C thermal@30.75C POM_5V_IN 1689/1761 POM_5V_GPU 82/86 POM_5V_CPU 164/212
RAM 1395/3964MB (lfb 8x4MB) SWAP 763/6078MB (cached 38MB) IRAM 0/252kB(lfb 252kB) CPU [6%@921,7%@921,off,off] EMC_FREQ 0%@1600 GR3D_FREQ 0%@614 APE 25 PLL@29.5C CPU@31.5C iwlwifi@32C PMIC@50C GPU@30C AO@41C thermal@30.75C POM_5V_IN 1731/1761 POM_5V_GPU 82/86 POM_5V_CPU 164/212
RAM 1397/3964MB (lfb 8x4MB) SWAP 763/6078MB (cached 38MB) IRAM 0/252kB(lfb 252kB) CPU [8%@921,5%@921,off,off] EMC_FREQ 0%@1600 GR3D_FREQ 0%@614 APE 25 PLL@29.5C CPU@31.5C iwlwifi@33C PMIC@50C GPU@30.5C AO@41C thermal@31C POM_5V_IN 1689/1761 POM_5V_GPU 82/86 POM_5V_CPU 164/212
RAM 1397/3964MB (lfb 8x4MB) SWAP 763/6078MB (cached 38MB) IRAM 0/252kB(lfb 252kB) CPU [7%@921,6%@921,off,off] EMC_FREQ 0%@1600 GR3D_FREQ 0%@614 APE 25 PLL@30C CPU@31.5C iwlwifi@32C PMIC@50C GPU@30C AO@41C thermal@31C POM_5V_IN 1689/1761 POM_5V_GPU 82/86 POM_5V_CPU 164/212
RAM 1392/3964MB (lfb 8x4MB) SWAP 763/6078MB (cached 38MB) IRAM 0/252kB(lfb 252kB) CPU [7%@921,7%@921,off,off] EMC_FREQ 0%@1600 GR3D_FREQ 0%@614 APE 25 PLL@30C CPU@31.5C iwlwifi@32C PMIC@50C GPU@30C AO@41C thermal@31C POM_5V_IN 1689/1761 POM_5V_GPU 82/86 POM_5V_CPU 164/212
RAM 1396/3964MB (lfb 8x4MB) SWAP 763/6078MB (cached 38MB) IRAM 0/252kB(lfb 252kB) CPU [6%@921,7%@921,off,off] EMC_FREQ 0%@1600 GR3D_FREQ 0%@614 APE 25 PLL@30C CPU@32C iwlwifi@32C PMIC@50C GPU@30.5C AO@41C thermal@31C POM_5V_IN 1687/1761 POM_5V_GPU 82/86 POM_5V_CPU 164/212
RAM 1397/3964MB (lfb 8x4MB) SWAP 763/6078MB (cached 38MB) IRAM 0/252kB(lfb 252kB) CPU [6%@921,7%@921,off,off] EMC_FREQ 0%@1600 GR3D_FREQ 0%@614 APE 25 PLL@30C CPU@31.5C iwlwifi@32C PMIC@50C GPU@30C AO@41.5C thermal@31C POM_5V_IN 1689/1761 POM_5V_GPU 82/86 POM_5V_CPU 164/212
RAM 1393/3964MB (lfb 8x4MB) SWAP 763/6078MB (cached 38MB) IRAM 0/252kB(lfb 252kB) CPU [9%@921,5%@921,off,off] EMC_FREQ 0%@1600 GR3D_FREQ 0%@614 APE 25 PLL@30C CPU@31.5C iwlwifi@32C PMIC@50C GPU@30C AO@41C thermal@30.75C POM_5V_IN 1687/1761 POM_5V_GPU 82/86 POM_5V_CPU 164/212
RAM 1395/3964MB (lfb 8x4MB) SWAP 763/6078MB (cached 38MB) IRAM 0/252kB(lfb 252kB) CPU [6%@921,7%@921,off,off] EMC_FREQ 0%@1600 GR3D_FREQ 0%@614 APE 25 PLL@30C CPU@32C iwlwifi@32C PMIC@50C GPU@30C AO@41C thermal@30.75C POM_5V_IN 1689/1761 POM_5V_GPU 82/86 POM_5V_CPU 164/212
RAM 1397/3964MB (lfb 8x4MB) SWAP 763/6078MB (cached 38MB) IRAM 0/252kB(lfb 252kB) CPU [6%@921,8%@921,off,off] EMC_FREQ 0%@1600 GR3D_FREQ 0%@614 APE 25 PLL@30C CPU@31.5C iwlwifi@32C PMIC@50C GPU@30C AO@41.5C thermal@31C POM_5V_IN 1731/1761 POM_5V_GPU 82/86 POM_5V_CPU 164/212
RAM 1393/3964MB (lfb 8x4MB) SWAP 763/6078MB (cached 38MB) IRAM 0/252kB(lfb 252kB) CPU [7%@921,6%@921,off,off] EMC_FREQ 0%@1600 GR3D_FREQ 0%@614 APE 25 PLL@30C CPU@32C iwlwifi@32C PMIC@50C GPU@30C AO@41.5C thermal@30.75C POM_5V_IN 1689/1761 POM_5V_GPU 82/86 POM_5V_CPU 164/212
RAM 1393/3964MB (lfb 8x4MB) SWAP 763/6078MB (cached 38MB) IRAM 0/252kB(lfb 252kB) CPU [7%@921,7%@921,off,off] EMC_FREQ 0%@1600 GR3D_FREQ 0%@614 APE 25 PLL@30C CPU@31.5C iwlwifi@32C PMIC@50C GPU@30C AO@41.5C thermal@30.75C POM_5V_IN 1731/1761 POM_5V_GPU 82/86 POM_5V_CPU 164/212
RAM 1397/3964MB (lfb 8x4MB) SWAP 763/6078MB (cached 38MB) IRAM 0/252kB(lfb 252kB) CPU [8%@921,5%@921,off,off] EMC_FREQ 0%@1600 GR3D_FREQ 0%@614 APE 25 PLL@29.5C CPU@31.5C iwlwifi@32C PMIC@50C GPU@30C AO@41C thermal@31C POM_5V_IN 1731/1761 POM_5V_GPU 82/86 POM_5V_CPU 164/212
RAM 1395/3964MB (lfb 8x4MB) SWAP 763/6078MB (cached 38MB) IRAM 0/252kB(lfb 252kB) CPU [8%@921,6%@921,off,off] EMC_FREQ 0%@1600 GR3D_FREQ 0%@614 APE 25 PLL@30C CPU@31.5C iwlwifi@32C PMIC@50C GPU@30.5C AO@41.5C thermal@30.75C POM_5V_IN 1689/1761 POM_5V_GPU 82/86 POM_5V_CPU 164/212
RAM 1396/3964MB (lfb 8x4MB) SWAP 763/6078MB (cached 38MB) IRAM 0/252kB(lfb 252kB) CPU [6%@921,8%@921,off,off] EMC_FREQ 0%@1600 GR3D_FREQ 0%@614 APE 25 PLL@30C CPU@31.5C iwlwifi@32C PMIC@50C GPU@30.5C AO@41.5C thermal@31C POM_5V_IN 1731/1761 POM_5V_GPU 82/86 POM_5V_CPU 164/212
RAM 1393/3964MB (lfb 8x4MB) SWAP 763/6078MB (cached 38MB) IRAM 0/252kB(lfb 252kB) CPU [5%@921,8%@921,off,off] EMC_FREQ 0%@1600 GR3D_FREQ 0%@614 APE 25 PLL@30C CPU@31.5C iwlwifi@32C PMIC@50C GPU@30C AO@41C thermal@31C POM_5V_IN 1689/1761 POM_5V_GPU 82/86 POM_5V_CPU 164/211
RAM 1395/3964MB (lfb 8x4MB) SWAP 763/6078MB (cached 38MB) IRAM 0/252kB(lfb 252kB) CPU [6%@921,7%@921,off,off] EMC_FREQ 0%@1600 GR3D_FREQ 0%@614 APE 25 PLL@30C CPU@32C iwlwifi@32C PMIC@50C GPU@30C AO@41.5C thermal@30.75C POM_5V_IN 1689/1761 POM_5V_GPU 82/86 POM_5V_CPU 164/211
RAM 1395/3964MB (lfb 8x4MB) SWAP 763/6078MB (cached 38MB) IRAM 0/252kB(lfb 252kB) CPU [7%@921,7%@921,off,off] EMC_FREQ 0%@1600 GR3D_FREQ 0%@614 APE 25 PLL@30C CPU@32C iwlwifi@32C PMIC@50C GPU@30C AO@41.5C thermal@31C POM_5V_IN 1689/1761 POM_5V_GPU 82/86 POM_5V_CPU 164/211
RAM 1397/3964MB (lfb 8x4MB) SWAP 763/6078MB (cached 38MB) IRAM 0/252kB(lfb 252kB) CPU [5%@921,8%@921,off,off] EMC_FREQ 0%@1600 GR3D_FREQ 0%@614 APE 25 PLL@30C CPU@31.5C iwlwifi@32C PMIC@50C GPU@30.5C AO@41C thermal@31C POM_5V_IN 1689/1761 POM_5V_GPU 82/86 POM_5V_CPU 164/211
RAM 1395/3964MB (lfb 8x4MB) SWAP 763/6078MB (cached 38MB) IRAM 0/252kB(lfb 252kB) CPU [7%@921,6%@921,off,off] EMC_FREQ 0%@1600 GR3D_FREQ 0%@614 APE 25 PLL@30C CPU@31.5C iwlwifi@32C PMIC@50C GPU@30.5C AO@41C thermal@31C POM_5V_IN 1689/1761 POM_5V_GPU 82/86 POM_5V_CPU 164/211
RAM 1393/3964MB (lfb 8x4MB) SWAP 763/6078MB (cached 38MB) IRAM 0/252kB(lfb 252kB) CPU [7%@921,7%@921,off,off] EMC_FREQ 0%@1600 GR3D_FREQ 0%@614 APE 25 PLL@30C CPU@31.5C iwlwifi@32C PMIC@50C GPU@30C AO@41C thermal@30.75C POM_5V_IN 1687/1760 POM_5V_GPU 82/86 POM_5V_CPU 164/211
RAM 1395/3964MB (lfb 8x4MB) SWAP 763/6078MB (cached 38MB) IRAM 0/252kB(lfb 252kB) CPU [7%@921,6%@921,off,off] EMC_FREQ 0%@1600 GR3D_FREQ 0%@614 APE 25 PLL@30C CPU@31.5C iwlwifi@32C PMIC@50C GPU@30C AO@41C thermal@30.5C POM_5V_IN 1689/1760 POM_5V_GPU 82/86 POM_5V_CPU 164/211
RAM 1396/3964MB (lfb 8x4MB) SWAP 763/6078MB (cached 38MB) IRAM 0/252kB(lfb 252kB) CPU [8%@921,5%@921,off,off] EMC_FREQ 0%@1600 GR3D_FREQ 0%@614 APE 25 PLL@30C CPU@31.5C iwlwifi@32C PMIC@50C GPU@30C AO@41.5C thermal@31C POM_5V_IN 1731/1760 POM_5V_GPU 82/86 POM_5V_CPU 164/211
RAM 1396/3964MB (lfb 8x4MB) SWAP 763/6078MB (cached 38MB) IRAM 0/252kB(lfb 252kB) CPU [5%@921,8%@921,off,off] EMC_FREQ 0%@1600 GR3D_FREQ 0%@614 APE 25 PLL@30C CPU@31.5C iwlwifi@32C PMIC@50C GPU@30C AO@41.5C thermal@31C POM_5V_IN 1689/1760 POM_5V_GPU 82/86 POM_5V_CPU 164/211
RAM 1397/3964MB (lfb 8x4MB) SWAP 763/6078MB (cached 38MB) IRAM 0/252kB(lfb 252kB) CPU [5%@921,9%@921,off,off] EMC_FREQ 0%@1600 GR3D_FREQ 0%@614 APE 25 PLL@30.5C CPU@31.5C iwlwifi@32C PMIC@50C GPU@30C AO@41C thermal@30.75C POM_5V_IN 1731/1760 POM_5V_GPU 82/86 POM_5V_CPU 164/211
RAM 1398/3964MB (lfb 8x4MB) SWAP 763/6078MB (cached 38MB) IRAM 0/252kB(lfb 252kB) CPU [6%@921,7%@921,off,off] EMC_FREQ 0%@1600 GR3D_FREQ 0%@614 APE 25 PLL@30C CPU@31.5C iwlwifi@32C PMIC@50C GPU@30C AO@41.5C thermal@30.75C POM_5V_IN 1689/1760 POM_5V_GPU 82/86 POM_5V_CPU 164/211
RAM 1398/3964MB (lfb 8x4MB) SWAP 763/6078MB (cached 38MB) IRAM 0/252kB(lfb 252kB) CPU [6%@921,8%@921,off,off] EMC_FREQ 0%@1600 GR3D_FREQ 0%@614 APE 25 PLL@30C CPU@31.5C iwlwifi@32C PMIC@50C GPU@30C AO@41C thermal@30.75C POM_5V_IN 1689/1760 POM_5V_GPU 82/86 POM_5V_CPU 164/211
RAM 1395/3964MB (lfb 8x4MB) SWAP 763/6078MB (cached 38MB) IRAM 0/252kB(lfb 252kB) CPU [8%@921,5%@921,off,off] EMC_FREQ 0%@1600 GR3D_FREQ 0%@614 APE 25 PLL@30C CPU@32C iwlwifi@32C PMIC@50C GPU@30C AO@41C thermal@30.75C POM_5V_IN 1689/1760 POM_5V_GPU 82/86 POM_5V_CPU 164/211
RAM 1395/3964MB (lfb 8x4MB) SWAP 763/6078MB (cached 38MB) IRAM 0/252kB(lfb 252kB) CPU [8%@921,6%@921,off,off] EMC_FREQ 0%@1600 GR3D_FREQ 0%@614 APE 25 PLL@30C CPU@31.5C iwlwifi@32C PMIC@50C GPU@30C AO@41C thermal@30.75C POM_5V_IN 1689/1760 POM_5V_GPU 82/86 POM_5V_CPU 164/211
RAM 1393/3964MB (lfb 8x4MB) SWAP 763/6078MB (cached 38MB) IRAM 0/252kB(lfb 252kB) CPU [6%@921,7%@921,off,off] EMC_FREQ 0%@1600 GR3D_FREQ 0%@614 APE 25 PLL@30C CPU@31.5C iwlwifi@32C PMIC@50C GPU@30C AO@41C thermal@30.75C POM_5V_IN 1689/1760 POM_5V_GPU 82/86 POM_5V_CPU 164/211
RAM 1397/3964MB (lfb 8x4MB) SWAP 763/6078MB (cached 38MB) IRAM 0/252kB(lfb 252kB) CPU [8%@921,7%@921,off,off] EMC_FREQ 0%@1600 GR3D_FREQ 0%@614 APE 25 PLL@30C CPU@31.5C iwlwifi@32C PMIC@50C GPU@30.5C AO@41C thermal@31C POM_5V_IN 1689/1760 POM_5V_GPU 82/86 POM_5V_CPU 164/211
RAM 1393/3964MB (lfb 8x4MB) SWAP 763/6078MB (cached 38MB) IRAM 0/252kB(lfb 252kB) CPU [5%@921,8%@921,off,off] EMC_FREQ 0%@1600 GR3D_FREQ 0%@614 APE 25 PLL@30C CPU@31.5C iwlwifi@32C PMIC@50C GPU@30C AO@41C thermal@31C POM_5V_IN 1689/1760 POM_5V_GPU 82/86 POM_5V_CPU 164/211
RAM 1393/3964MB (lfb 8x4MB) SWAP 763/6078MB (cached 38MB) IRAM 0/252kB(lfb 252kB) CPU [8%@921,6%@921,off,off] EMC_FREQ 0%@1600 GR3D_FREQ 0%@614 APE 25 PLL@30C CPU@31.5C iwlwifi@32C PMIC@50C GPU@30.5C AO@40.5C thermal@31C POM_5V_IN 1689/1760 POM_5V_GPU 82/86 POM_5V_CPU 164/211
RAM 1397/3964MB (lfb 8x4MB) SWAP 763/6078MB (cached 38MB) IRAM 0/252kB(lfb 252kB) CPU [8%@921,6%@921,off,off] EMC_FREQ 0%@1600 GR3D_FREQ 0%@614 APE 25 PLL@30.5C CPU@31.5C iwlwifi@32C PMIC@50C GPU@30.5C AO@41C thermal@31C POM_5V_IN 1689/1760 POM_5V_GPU 82/86 POM_5V_CPU 164/211
RAM 1393/3964MB (lfb 8x4MB) SWAP 763/6078MB (cached 38MB) IRAM 0/252kB(lfb 252kB) CPU [6%@921,7%@921,off,off] EMC_FREQ 0%@1600 GR3D_FREQ 0%@614 APE 25 PLL@30C CPU@31.5C iwlwifi@32C PMIC@50C GPU@30.5C AO@41C thermal@31C POM_5V_IN 1731/1760 POM_5V_GPU 82/86 POM_5V_CPU 164/211
RAM 1395/3964MB (lfb 8x4MB) SWAP 763/6078MB (cached 38MB) IRAM 0/252kB(lfb 252kB) CPU [8%@921,6%@921,off,off] EMC_FREQ 0%@1600 GR3D_FREQ 0%@614 APE 25 PLL@30C CPU@31.5C iwlwifi@32C PMIC@50C GPU@30C AO@41C thermal@30.75C POM_5V_IN 1689/1760 POM_5V_GPU 82/86 POM_5V_CPU 164/211
RAM 1393/3964MB (lfb 8x4MB) SWAP 763/6078MB (cached 38MB) IRAM 0/252kB(lfb 252kB) CPU [7%@921,7%@921,off,off] EMC_FREQ 0%@1600 GR3D_FREQ 0%@614 APE 25 PLL@30C CPU@31C iwlwifi@32C PMIC@50C GPU@30C AO@41C thermal@30.75C POM_5V_IN 1689/1760 POM_5V_GPU 82/86 POM_5V_CPU 164/211
RAM 1393/3964MB (lfb 8x4MB) SWAP 763/6078MB (cached 38MB) IRAM 0/252kB(lfb 252kB) CPU [6%@921,8%@921,off,off] EMC_FREQ 0%@1600 GR3D_FREQ 0%@614 APE 25 PLL@30C CPU@32C iwlwifi@32C PMIC@50C GPU@30C AO@41C thermal@30.5C POM_5V_IN 1731/1760 POM_5V_GPU 82/86 POM_5V_CPU 164/211
RAM 1395/3964MB (lfb 8x4MB) SWAP 763/6078MB (cached 38MB) IRAM 0/252kB(lfb 252kB) CPU [7%@921,6%@921,off,off] EMC_FREQ 0%@1600 GR3D_FREQ 0%@614 APE 25 PLL@30C CPU@31.5C iwlwifi@32C PMIC@50C GPU@30C AO@41C thermal@30.75C POM_5V_IN 1689/1760 POM_5V_GPU 82/86 POM_5V_CPU 164/211
RAM 1397/3964MB (lfb 8x4MB) SWAP 763/6078MB (cached 38MB) IRAM 0/252kB(lfb 252kB) CPU [6%@921,7%@921,off,off] EMC_FREQ 0%@1600 GR3D_FREQ 0%@614 APE 25 PLL@30C CPU@32C iwlwifi@32C PMIC@50C GPU@30C AO@41C thermal@30.75C POM_5V_IN 1689/1760 POM_5V_GPU 82/86 POM_5V_CPU 164/211
RAM 1397/3964MB (lfb 8x4MB) SWAP 763/6078MB (cached 38MB) IRAM 0/252kB(lfb 252kB) CPU [6%@921,7%@921,off,off] EMC_FREQ 0%@1600 GR3D_FREQ 0%@614 APE 25 PLL@30.5C CPU@31C iwlwifi@32C PMIC@50C GPU@30C AO@41C thermal@30.75C POM_5V_IN 1689/1760 POM_5V_GPU 82/86 POM_5V_CPU 164/211
RAM 1395/3964MB (lfb 8x4MB) SWAP 763/6078MB (cached 38MB) IRAM 0/252kB(lfb 252kB) CPU [6%@921,8%@921,off,off] EMC_FREQ 0%@1600 GR3D_FREQ 0%@614 APE 25 PLL@30C CPU@31.5C iwlwifi@32C PMIC@50C GPU@30C AO@41C thermal@30.75C POM_5V_IN 1689/1760 POM_5V_GPU 82/86 POM_5V_CPU 164/211
RAM 1395/3964MB (lfb 8x4MB) SWAP 763/6078MB (cached 38MB) IRAM 0/252kB(lfb 252kB) CPU [8%@921,5%@921,off,off] EMC_FREQ 0%@1600 GR3D_FREQ 0%@614 APE 25 PLL@30.5C CPU@31.5C iwlwifi@32C PMIC@50C GPU@30C AO@41C thermal@30.75C POM_5V_IN 1689/1760 POM_5V_GPU 82/86 POM_5V_CPU 164/211
RAM 1395/3964MB (lfb 8x4MB) SWAP 763/6078MB (cached 38MB) IRAM 0/252kB(lfb 252kB) CPU [7%@921,8%@921,off,off] EMC_FREQ 0%@1600 GR3D_FREQ 0%@614 APE 25 PLL@30C CPU@31.5C iwlwifi@32C PMIC@50C GPU@30C AO@41C thermal@31C POM_5V_IN 1813/1760 POM_5V_GPU 82/86 POM_5V_CPU 246/211
RAM 1395/3964MB (lfb 8x4MB) SWAP 763/6078MB (cached 38MB) IRAM 0/252kB(lfb 252kB) CPU [5%@921,8%@921,off,off] EMC_FREQ 0%@1600 GR3D_FREQ 0%@614 APE 25 PLL@30.5C CPU@31.5C iwlwifi@32C PMIC@50C GPU@30.5C AO@41C thermal@30.75C POM_5V_IN 1689/1760 POM_5V_GPU 82/86 POM_5V_CPU 164/211
RAM 1397/3964MB (lfb 8x4MB) SWAP 763/6078MB (cached 38MB) IRAM 0/252kB(lfb 252kB) CPU [7%@921,6%@921,off,off] EMC_FREQ 0%@1600 GR3D_FREQ 0%@614 APE 25 PLL@30C CPU@32C iwlwifi@32C PMIC@50C GPU@30C AO@41.5C thermal@30.75C POM_5V_IN 1689/1760 POM_5V_GPU 82/86 POM_5V_CPU 164/211
RAM 1398/3964MB (lfb 8x4MB) SWAP 763/6078MB (cached 38MB) IRAM 0/252kB(lfb 252kB) CPU [7%@921,5%@921,off,off] EMC_FREQ 0%@1600 GR3D_FREQ 0%@614 APE 25 PLL@30C CPU@31.5C iwlwifi@32C PMIC@50C GPU@30C AO@41C thermal@31C POM_5V_IN 1689/1760 POM_5V_GPU 82/86 POM_5V_CPU 164/211
RAM 1393/3964MB (lfb 8x4MB) SWAP 763/6078MB (cached 38MB) IRAM 0/252kB(lfb 252kB) CPU [10%@921,4%@921,off,off] EMC_FREQ 0%@1600 GR3D_FREQ 0%@614 APE 25 PLL@30C CPU@32C iwlwifi@32C PMIC@50C GPU@30C AO@41C thermal@31C POM_5V_IN 1689/1760 POM_5V_GPU 82/86 POM_5V_CPU 123/211
RAM 1393/3964MB (lfb 8x4MB) SWAP 763/6078MB (cached 38MB) IRAM 0/252kB(lfb 252kB) CPU [7%@921,6%@921,off,off] EMC_FREQ 0%@1600 GR3D_FREQ 0%@614 APE 25 PLL@29.5C CPU@32C iwlwifi@32C PMIC@50C GPU@30C AO@41.5C thermal@30.75C POM_5V_IN 1772/1760 POM_5V_GPU 82/86 POM_5V_CPU 206/211
RAM 1395/3964MB (lfb 8x4MB) SWAP 763/6078MB (cached 38MB) IRAM 0/252kB(lfb 252kB) CPU [7%@921,7%@921,off,off] EMC_FREQ 0%@1600 GR3D_FREQ 0%@614 APE 25 PLL@30C CPU@31.5C iwlwifi@32C PMIC@50C GPU@30C AO@41C thermal@30.75C POM_5V_IN 1689/1760 POM_5V_GPU 82/86 POM_5V_CPU 164/211
RAM 1397/3964MB (lfb 8x4MB) SWAP 763/6078MB (cached 38MB) IRAM 0/252kB(lfb 252kB) CPU [6%@921,7%@921,off,off] EMC_FREQ 0%@1600 GR3D_FREQ 0%@614 APE 25 PLL@30C CPU@31.5C iwlwifi@32C PMIC@50C GPU@30C AO@41C thermal@31C POM_5V_IN 1689/1760 POM_5V_GPU 82/86 POM_5V_CPU 164/211
RAM 1393/3964MB (lfb 8x4MB) SWAP 763/6078MB (cached 38MB) IRAM 0/252kB(lfb 252kB) CPU [8%@921,5%@921,off,off] EMC_FREQ 0%@1600 GR3D_FREQ 0%@614 APE 25 PLL@30.5C CPU@31.5C iwlwifi@32C PMIC@50C GPU@30C AO@41C thermal@31C POM_5V_IN 1689/1760 POM_5V_GPU 82/86 POM_5V_CPU 164/211
RAM 1397/3964MB (lfb 8x4MB) SWAP 763/6078MB (cached 38MB) IRAM 0/252kB(lfb 252kB) CPU [9%@921,6%@921,off,off] EMC_FREQ 0%@1600 GR3D_FREQ 0%@614 APE 25 PLL@30C CPU@32C iwlwifi@32C PMIC@50C GPU@30C AO@41C thermal@31C POM_5V_IN 1689/1760 POM_5V_GPU 82/86 POM_5V_CPU 164/211
RAM 1393/3964MB (lfb 8x4MB) SWAP 763/6078MB (cached 38MB) IRAM 0/252kB(lfb 252kB) CPU [7%@921,6%@921,off,off] EMC_FREQ 0%@1600 GR3D_FREQ 0%@614 APE 25 PLL@30C CPU@31.5C iwlwifi@32C PMIC@50C GPU@30.5C AO@41C thermal@30.75C POM_5V_IN 1689/1760 POM_5V_GPU 82/86 POM_5V_CPU 164/211
RAM 1393/3964MB (lfb 8x4MB) SWAP 763/6078MB (cached 38MB) IRAM 0/252kB(lfb 252kB) CPU [5%@921,9%@921,off,off] EMC_FREQ 0%@1600 GR3D_FREQ 0%@614 APE 25 PLL@30C CPU@31.5C iwlwifi@32C PMIC@50C GPU@30C AO@41C thermal@31C POM_5V_IN 1689/1760 POM_5V_GPU 82/86 POM_5V_CPU 164/211
RAM 1401/3964MB (lfb 8x4MB) SWAP 763/6078MB (cached 38MB) IRAM 0/252kB(lfb 252kB) CPU [8%@921,6%@921,off,off] EMC_FREQ 0%@1600 GR3D_FREQ 0%@614 APE 25 PLL@30.5C CPU@31.5C iwlwifi@32C PMIC@50C GPU@30.5C AO@41C thermal@30.75C POM_5V_IN 1689/1760 POM_5V_GPU 82/86 POM_5V_CPU 164/211
RAM 1397/3964MB (lfb 8x4MB) SWAP 763/6078MB (cached 38MB) IRAM 0/252kB(lfb 252kB) CPU [7%@921,7%@921,off,off] EMC_FREQ 0%@1600 GR3D_FREQ 0%@614 APE 25 PLL@30C CPU@31.5C iwlwifi@32C PMIC@50C GPU@30C AO@41C thermal@30.75C POM_5V_IN 1810/1760 POM_5V_GPU 82/86 POM_5V_CPU 246/211
RAM 1393/3964MB (lfb 8x4MB) SWAP 763/6078MB (cached 38MB) IRAM 0/252kB(lfb 252kB) CPU [6%@921,7%@921,off,off] EMC_FREQ 0%@1600 GR3D_FREQ 0%@614 APE 25 PLL@30C CPU@31.5C iwlwifi@32C PMIC@50C GPU@30C AO@41C thermal@31.25C POM_5V_IN 1731/1760 POM_5V_GPU 82/86 POM_5V_CPU 164/211
RAM 1394/3964MB (lfb 8x4MB) SWAP 763/6078MB (cached 38MB) IRAM 0/252kB(lfb 252kB) CPU [9%@921,5%@921,off,off] EMC_FREQ 0%@1600 GR3D_FREQ 0%@614 APE 25 PLL@30C CPU@31.5C iwlwifi@32C PMIC@50C GPU@30C AO@41C thermal@30.75C POM_5V_IN 1689/1760 POM_5V_GPU 82/86 POM_5V_CPU 123/211
RAM 1397/3964MB (lfb 8x4MB) SWAP 763/6078MB (cached 38MB) IRAM 0/252kB(lfb 252kB) CPU [8%@921,6%@921,off,off] EMC_FREQ 0%@1600 GR3D_FREQ 0%@614 APE 25 PLL@30C CPU@31.5C iwlwifi@32C PMIC@50C GPU@30C AO@41C thermal@30.75C POM_5V_IN 1689/1760 POM_5V_GPU 82/86 POM_5V_CPU 164/211
RAM 1395/3964MB (lfb 8x4MB) SWAP 763/6078MB (cached 38MB) IRAM 0/252kB(lfb 252kB) CPU [7%@921,7%@921,off,off] EMC_FREQ 0%@1600 GR3D_FREQ 0%@614 APE 25 PLL@30C CPU@31.5C iwlwifi@32C PMIC@50C GPU@30C AO@41C thermal@31C POM_5V_IN 1689/1760 POM_5V_GPU 82/86 POM_5V_CPU 164/211
RAM 1397/3964MB (lfb 8x4MB) SWAP 763/6078MB (cached 38MB) IRAM 0/252kB(lfb 252kB) CPU [5%@921,8%@921,off,off] EMC_FREQ 0%@1600 GR3D_FREQ 0%@614 APE 25 PLL@30C CPU@31.5C iwlwifi@32C PMIC@50C GPU@30C AO@41C thermal@30.75C POM_5V_IN 1689/1760 POM_5V_GPU 82/86 POM_5V_CPU 164/211
RAM 1397/3964MB (lfb 8x4MB) SWAP 763/6078MB (cached 38MB) IRAM 0/252kB(lfb 252kB) CPU [7%@921,6%@921,off,off] EMC_FREQ 0%@1600 GR3D_FREQ 0%@614 APE 25 PLL@29.5C CPU@32C iwlwifi@32C PMIC@50C GPU@30C AO@41C thermal@30.75C POM_5V_IN 1689/1760 POM_5V_GPU 82/86 POM_5V_CPU 164/211
RAM 1397/3964MB (lfb 8x4MB) SWAP 763/6078MB (cached 38MB) IRAM 0/252kB(lfb 252kB) CPU [7%@921,7%@921,off,off] EMC_FREQ 0%@1600 GR3D_FREQ 0%@614 APE 25 PLL@30C CPU@31.5C iwlwifi@32C PMIC@50C GPU@30.5C AO@41C thermal@31C POM_5V_IN 1689/1760 POM_5V_GPU 82/86 POM_5V_CPU 164/211
RAM 1393/3964MB (lfb 8x4MB) SWAP 763/6078MB (cached 38MB) IRAM 0/252kB(lfb 252kB) CPU [6%@921,8%@921,off,off] EMC_FREQ 0%@1600 GR3D_FREQ 0%@614 APE 25 PLL@30.5C CPU@32C iwlwifi@32C PMIC@50C GPU@30C AO@41C thermal@30.75C POM_5V_IN 1689/1760 POM_5V_GPU 82/86 POM_5V_CPU 164/211
RAM 1397/3964MB (lfb 8x4MB) SWAP 763/6078MB (cached 38MB) IRAM 0/252kB(lfb 252kB) CPU [7%@921,6%@921,off,off] EMC_FREQ 0%@1600 GR3D_FREQ 0%@614 APE 25 PLL@30C CPU@31.5C iwlwifi@32C PMIC@50C GPU@30C AO@41C thermal@31C POM_5V_IN 1689/1760 POM_5V_GPU 82/86 POM_5V_CPU 164/211
RAM 1395/3964MB (lfb 8x4MB) SWAP 763/6078MB (cached 38MB) IRAM 0/252kB(lfb 252kB) CPU [6%@921,8%@921,off,off] EMC_FREQ 0%@1600 GR3D_FREQ 0%@614 APE 25 PLL@30.5C CPU@31.5C iwlwifi@32C PMIC@50C GPU@30C AO@41C thermal@30.75C POM_5V_IN 1689/1759 POM_5V_GPU 82/86 POM_5V_CPU 164/211
RAM 1398/3964MB (lfb 8x4MB) SWAP 763/6078MB (cached 38MB) IRAM 0/252kB(lfb 252kB) CPU [6%@921,8%@921,off,off] EMC_FREQ 0%@1600 GR3D_FREQ 0%@614 APE 25 PLL@30C CPU@31.5C iwlwifi@32C PMIC@50C GPU@30C AO@41C thermal@30.75C POM_5V_IN 1689/1759 POM_5V_GPU 82/86 POM_5V_CPU 164/211
RAM 1393/3964MB (lfb 8x4MB) SWAP 763/6078MB (cached 38MB) IRAM 0/252kB(lfb 252kB) CPU [7%@921,6%@921,off,off] EMC_FREQ 0%@1600 GR3D_FREQ 0%@614 APE 25 PLL@30C CPU@31.5C iwlwifi@32C PMIC@50C GPU@30C AO@41C thermal@31C POM_5V_IN 1689/1759 POM_5V_GPU 82/86 POM_5V_CPU 164/211
RAM 1395/3964MB (lfb 8x4MB) SWAP 763/6078MB (cached 38MB) IRAM 0/252kB(lfb 252kB) CPU [5%@921,9%@921,off,off] EMC_FREQ 0%@1600 GR3D_FREQ 0%@614 APE 25 PLL@30C CPU@31.5C iwlwifi@32C PMIC@50C GPU@30.5C AO@41C thermal@30.75C POM_5V_IN 1689/1759 POM_5V_GPU 82/86 POM_5V_CPU 164/211
RAM 1393/3964MB (lfb 8x4MB) SWAP 763/6078MB (cached 38MB) IRAM 0/252kB(lfb 252kB) CPU [8%@921,5%@921,off,off] EMC_FREQ 0%@1600 GR3D_FREQ 0%@614 APE 25 PLL@30C CPU@31.5C iwlwifi@32C PMIC@50C GPU@30C AO@41C thermal@30.5C POM_5V_IN 1689/1759 POM_5V_GPU 82/86 POM_5V_CPU 164/211
RAM 1397/3964MB (lfb 8x4MB) SWAP 763/6078MB (cached 38MB) IRAM 0/252kB(lfb 252kB) CPU [7%@921,7%@921,off,off] EMC_FREQ 0%@1600 GR3D_FREQ 0%@614 APE 25 PLL@30C CPU@31C iwlwifi@32C PMIC@50C GPU@30C AO@41C thermal@31C POM_5V_IN 1689/1759 POM_5V_GPU 82/86 POM_5V_CPU 164/211
RAM 1393/3964MB (lfb 8x4MB) SWAP 763/6078MB (cached 38MB) IRAM 0/252kB(lfb 252kB) CPU [7%@921,7%@921,off,off] EMC_FREQ 0%@1600 GR3D_FREQ 0%@614 APE 25 PLL@30C CPU@31.5C iwlwifi@32C PMIC@50C GPU@30C AO@41C thermal@30.75C POM_5V_IN 1731/1759 POM_5V_GPU 82/86 POM_5V_CPU 164/211
RAM 1393/3964MB (lfb 8x4MB) SWAP 763/6078MB (cached 38MB) IRAM 0/252kB(lfb 252kB) CPU [8%@921,6%@921,off,off] EMC_FREQ 0%@1600 GR3D_FREQ 0%@614 APE 25 PLL@30C CPU@31.5C iwlwifi@32C PMIC@50C GPU@30C AO@41.5C thermal@30.75C POM_5V_IN 1689/1759 POM_5V_GPU 82/86 POM_5V_CPU 164/211
RAM 1393/3964MB (lfb 8x4MB) SWAP 763/6078MB (cached 38MB) IRAM 0/252kB(lfb 252kB) CPU [5%@921,9%@921,off,off] EMC_FREQ 0%@1600 GR3D_FREQ 0%@614 APE 25 PLL@30C CPU@31.5C iwlwifi@32C PMIC@50C GPU@30C AO@41.5C thermal@31.25C POM_5V_IN 1689/1759 POM_5V_GPU 82/86 POM_5V_CPU 164/211
RAM 1395/3964MB (lfb 8x4MB) SWAP 763/6078MB (cached 38MB) IRAM 0/252kB(lfb 252kB) CPU [8%@921,6%@921,off,off] EMC_FREQ 0%@1600 GR3D_FREQ 0%@614 APE 25 PLL@29.5C CPU@31.5C iwlwifi@32C PMIC@50C GPU@30C AO@41C thermal@30.75C POM_5V_IN 1689/1759 POM_5V_GPU 82/86 POM_5V_CPU 164/210
RAM 1397/3964MB (lfb 8x4MB) SWAP 763/6078MB (cached 38MB) IRAM 0/252kB(lfb 252kB) CPU [8%@921,6%@921,off,off] EMC_FREQ 0%@1600 GR3D_FREQ 0%@614 APE 25 PLL@29.5C CPU@31.5C iwlwifi@32C PMIC@50C GPU@30.5C AO@41C thermal@30.75C POM_5V_IN 1689/1759 POM_5V_GPU 82/86 POM_5V_CPU 164/210
RAM 1397/3964MB (lfb 8x4MB) SWAP 763/6078MB (cached 38MB) IRAM 0/252kB(lfb 252kB) CPU [8%@921,6%@921,off,off] EMC_FREQ 0%@1600 GR3D_FREQ 0%@614 APE 25 PLL@30C CPU@31.5C iwlwifi@32C PMIC@50C GPU@30.5C AO@41C thermal@31C POM_5V_IN 1689/1759 POM_5V_GPU 82/86 POM_5V_CPU 164/210
RAM 1393/3964MB (lfb 8x4MB) SWAP 763/6078MB (cached 38MB) IRAM 0/252kB(lfb 252kB) CPU [6%@921,7%@921,off,off] EMC_FREQ 0%@1600 GR3D_FREQ 0%@614 APE 25 PLL@30C CPU@31.5C iwlwifi@32C PMIC@50C GPU@30C AO@41C thermal@31C POM_5V_IN 1689/1759 POM_5V_GPU 82/86 POM_5V_CPU 164/210
RAM 1397/3964MB (lfb 8x4MB) SWAP 763/6078MB (cached 38MB) IRAM 0/252kB(lfb 252kB) CPU [6%@921,7%@921,off,off] EMC_FREQ 0%@1600 GR3D_FREQ 0%@614 APE 25 PLL@30C CPU@32C iwlwifi@32C PMIC@50C GPU@30.5C AO@41C thermal@30.75C POM_5V_IN 1689/1759 POM_5V_GPU 82/86 POM_5V_CPU 164/210
RAM 1393/3964MB (lfb 8x4MB) SWAP 763/6078MB (cached 38MB) IRAM 0/252kB(lfb 252kB) CPU [8%@921,6%@921,off,off] EMC_FREQ 0%@1600 GR3D_FREQ 0%@614 APE 25 PLL@30C CPU@31.5C iwlwifi@32C PMIC@50C GPU@30.5C AO@41C thermal@31C POM_5V_IN 1689/1759 POM_5V_GPU 82/86 POM_5V_CPU 123/210
RAM 1397/3964MB (lfb 8x4MB) SWAP 763/6078MB (cached 38MB) IRAM 0/252kB(lfb 252kB) CPU [7%@921,6%@921,off,off] EMC_FREQ 0%@1600 GR3D_FREQ 0%@614 APE 25 PLL@30C CPU@31.5C iwlwifi@32C PMIC@50C GPU@30C AO@41C thermal@30.75C POM_5V_IN 1689/1759 POM_5V_GPU 82/86 POM_5V_CPU 164/210
RAM 1393/3964MB (lfb 8x4MB) SWAP 763/6078MB (cached 38MB) IRAM 0/252kB(lfb 252kB) CPU [7%@921,7%@921,off,off] EMC_FREQ 0%@1600 GR3D_FREQ 0%@614 APE 25 PLL@30C CPU@31.5C iwlwifi@32C PMIC@50C GPU@30.5C AO@40.5C thermal@30.75C POM_5V_IN 1689/1759 POM_5V_GPU 82/86 POM_5V_CPU 164/210
RAM 1397/3964MB (lfb 8x4MB) SWAP 763/6078MB (cached 38MB) IRAM 0/252kB(lfb 252kB) CPU [7%@921,7%@921,off,off] EMC_FREQ 0%@1600 GR3D_FREQ 0%@614 APE 25 PLL@30C CPU@31.5C iwlwifi@32C PMIC@50C GPU@30C AO@41C thermal@31C POM_5V_IN 1689/1759 POM_5V_GPU 82/86 POM_5V_CPU 164/210
RAM 1397/3964MB (lfb 8x4MB) SWAP 763/6078MB (cached 38MB) IRAM 0/252kB(lfb 252kB) CPU [8%@921,6%@921,off,off] EMC_FREQ 0%@1600 GR3D_FREQ 0%@614 APE 25 PLL@30C CPU@31.5C iwlwifi@32C PMIC@50C GPU@30C AO@41C thermal@30.75C POM_5V_IN 1728/1759 POM_5V_GPU 82/86 POM_5V_CPU 164/210
RAM 1395/3964MB (lfb 8x4MB) SWAP 763/6078MB (cached 38MB) IRAM 0/252kB(lfb 252kB) CPU [7%@921,6%@921,off,off] EMC_FREQ 0%@1600 GR3D_FREQ 0%@614 APE 25 PLL@30.5C CPU@31.5C iwlwifi@32C PMIC@50C GPU@30C AO@41C thermal@30.75C POM_5V_IN 1689/1759 POM_5V_GPU 82/86 POM_5V_CPU 164/210
RAM 1395/3964MB (lfb 8x4MB) SWAP 763/6078MB (cached 38MB) IRAM 0/252kB(lfb 252kB) CPU [8%@921,6%@921,off,off] EMC_FREQ 0%@1600 GR3D_FREQ 0%@614 APE 25 PLL@30C CPU@31.5C iwlwifi@32C PMIC@50C GPU@30C AO@41C thermal@31C POM_5V_IN 1687/1759 POM_5V_GPU 82/86 POM_5V_CPU 164/210
RAM 1393/3964MB (lfb 8x4MB) SWAP 763/6078MB (cached 38MB) IRAM 0/252kB(lfb 252kB) CPU [6%@921,7%@921,off,off] EMC_FREQ 0%@1600 GR3D_FREQ 0%@614 APE 25 PLL@30C CPU@31.5C iwlwifi@32C PMIC@50C GPU@30.5C AO@41C thermal@31.25C POM_5V_IN 1689/1759 POM_5V_GPU 82/86 POM_5V_CPU 164/210
RAM 1397/3964MB (lfb 8x4MB) SWAP 763/6078MB (cached 38MB) IRAM 0/252kB(lfb 252kB) CPU [8%@921,5%@921,off,off] EMC_FREQ 0%@1600 GR3D_FREQ 0%@614 APE 25 PLL@30C CPU@31.5C iwlwifi@32C PMIC@50C GPU@30C AO@41C thermal@30.75C POM_5V_IN 1689/1759 POM_5V_GPU 82/86 POM_5V_CPU 164/210
RAM 1398/3964MB (lfb 8x4MB) SWAP 763/6078MB (cached 38MB) IRAM 0/252kB(lfb 252kB) CPU [6%@921,7%@921,off,off] EMC_FREQ 0%@1600 GR3D_FREQ 0%@614 APE 25 PLL@30C CPU@31.5C iwlwifi@32C PMIC@50C GPU@30C AO@41C thermal@30.75C POM_5V_IN 1689/1759 POM_5V_GPU 82/86 POM_5V_CPU 164/210
RAM 1395/3964MB (lfb 8x4MB) SWAP 763/6078MB (cached 38MB) IRAM 0/252kB(lfb 252kB) CPU [4%@921,9%@921,off,off] EMC_FREQ 0%@1600 GR3D_FREQ 0%@614 APE 25 PLL@30C CPU@31.5C iwlwifi@32C PMIC@50C GPU@30.5C AO@41C thermal@31C POM_5V_IN 1731/1759 POM_5V_GPU 82/86 POM_5V_CPU 164/210
RAM 1393/3964MB (lfb 8x4MB) SWAP 763/6078MB (cached 38MB) IRAM 0/252kB(lfb 252kB) CPU [5%@921,8%@921,off,off] EMC_FREQ 0%@1600 GR3D_FREQ 0%@614 APE 25 PLL@30C CPU@31.5C iwlwifi@32C PMIC@50C GPU@30.5C AO@41C thermal@31C POM_5V_IN 1731/1759 POM_5V_GPU 82/86 POM_5V_CPU 164/210
RAM 1393/3964MB (lfb 8x4MB) SWAP 763/6078MB (cached 38MB) IRAM 0/252kB(lfb 252kB) CPU [10%@921,3%@921,off,off] EMC_FREQ 0%@1600 GR3D_FREQ 0%@614 APE 25 PLL@30C CPU@32C iwlwifi@32C PMIC@50C GPU@30C AO@41C thermal@30.75C POM_5V_IN 1689/1759 POM_5V_GPU 82/86 POM_5V_CPU 164/210
RAM 1396/3964MB (lfb 8x4MB) SWAP 763/6078MB (cached 38MB) IRAM 0/252kB(lfb 252kB) CPU [8%@921,5%@921,off,off] EMC_FREQ 0%@1600 GR3D_FREQ 0%@614 APE 25 PLL@30C CPU@31.5C iwlwifi@33C PMIC@50C GPU@30.5C AO@41C thermal@31C POM_5V_IN 1689/1759 POM_5V_GPU 82/86 POM_5V_CPU 123/210
RAM 1395/3964MB (lfb 8x4MB) SWAP 758/6078MB (cached 38MB) IRAM 0/252kB(lfb 252kB) CPU [8%@921,6%@921,off,off] EMC_FREQ 0%@1600 GR3D_FREQ 0%@614 APE 25 PLL@30C CPU@31.5C iwlwifi@32C PMIC@50C GPU@30.5C AO@41C thermal@31C POM_5V_IN 1689/1759 POM_5V_GPU 82/86 POM_5V_CPU 164/210
RAM 1397/3964MB (lfb 8x4MB) SWAP 758/6078MB (cached 38MB) IRAM 0/252kB(lfb 252kB) CPU [5%@921,9%@921,off,off] EMC_FREQ 0%@1600 GR3D_FREQ 0%@614 APE 25 PLL@30.5C CPU@31.5C iwlwifi@32C PMIC@50C GPU@30.5C AO@41.5C thermal@30.75C POM_5V_IN 1689/1759 POM_5V_GPU 82/86 POM_5V_CPU 164/210
RAM 1395/3964MB (lfb 8x4MB) SWAP 758/6078MB (cached 38MB) IRAM 0/252kB(lfb 252kB) CPU [9%@921,5%@921,off,off] EMC_FREQ 0%@1600 GR3D_FREQ 0%@614 APE 25 PLL@30C CPU@31.5C iwlwifi@32C PMIC@50C GPU@30C AO@40.5C thermal@30.75C POM_5V_IN 1689/1759 POM_5V_GPU 82/86 POM_5V_CPU 123/210
RAM 1395/3964MB (lfb 8x4MB) SWAP 758/6078MB (cached 38MB) IRAM 0/252kB(lfb 252kB) CPU [6%@921,8%@921,off,off] EMC_FREQ 0%@1600 GR3D_FREQ 0%@614 APE 25 PLL@30C CPU@31.5C iwlwifi@32C PMIC@50C GPU@30.5C AO@41C thermal@31C POM_5V_IN 1689/1759 POM_5V_GPU 82/86 POM_5V_CPU 164/210
RAM 1397/3964MB (lfb 8x4MB) SWAP 758/6078MB (cached 38MB) IRAM 0/252kB(lfb 252kB) CPU [5%@921,8%@921,off,off] EMC_FREQ 0%@1600 GR3D_FREQ 0%@614 APE 25 PLL@30C CPU@31.5C iwlwifi@32C PMIC@50C GPU@30C AO@41C thermal@30.75C POM_5V_IN 1689/1759 POM_5V_GPU 82/86 POM_5V_CPU 164/210
RAM 1393/3964MB (lfb 8x4MB) SWAP 758/6078MB (cached 38MB) IRAM 0/252kB(lfb 252kB) CPU [7%@921,7%@921,off,off] EMC_FREQ 0%@1600 GR3D_FREQ 0%@614 APE 25 PLL@30C CPU@32C iwlwifi@32C PMIC@50C GPU@30.5C AO@41C thermal@31.25C POM_5V_IN 1728/1759 POM_5V_GPU 82/86 POM_5V_CPU 164/210
RAM 1393/3964MB (lfb 8x4MB) SWAP 758/6078MB (cached 38MB) IRAM 0/252kB(lfb 252kB) CPU [5%@921,9%@921,off,off] EMC_FREQ 0%@1600 GR3D_FREQ 0%@614 APE 25 PLL@30.5C CPU@32C iwlwifi@32C PMIC@50C GPU@30C AO@41C thermal@31C POM_5V_IN 1689/1759 POM_5V_GPU 82/86 POM_5V_CPU 164/210
RAM 1397/3964MB (lfb 8x4MB) SWAP 758/6078MB (cached 38MB) IRAM 0/252kB(lfb 252kB) CPU [7%@921,8%@921,off,off] EMC_FREQ 0%@1600 GR3D_FREQ 0%@614 APE 25 PLL@30.5C CPU@32C iwlwifi@32C PMIC@50C GPU@30.5C AO@41C thermal@31C POM_5V_IN 1689/1759 POM_5V_GPU 82/86 POM_5V_CPU 164/210
RAM 1395/3964MB (lfb 8x4MB) SWAP 758/6078MB (cached 38MB) IRAM 0/252kB(lfb 252kB) CPU [6%@921,8%@921,off,off] EMC_FREQ 0%@1600 GR3D_FREQ 0%@614 APE 25 PLL@30C CPU@32C iwlwifi@32C PMIC@50C GPU@30C AO@41C thermal@30.75C POM_5V_IN 1689/1759 POM_5V_GPU 82/86 POM_5V_CPU 164/210
RAM 1393/3964MB (lfb 8x4MB) SWAP 758/6078MB (cached 38MB) IRAM 0/252kB(lfb 252kB) CPU [8%@921,6%@921,off,off] EMC_FREQ 0%@1600 GR3D_FREQ 0%@614 APE 25 PLL@30.5C CPU@32C iwlwifi@32C PMIC@50C GPU@30C AO@41C thermal@30.75C POM_5V_IN 1689/1759 POM_5V_GPU 82/86 POM_5V_CPU 164/210
RAM 1393/3964MB (lfb 8x4MB) SWAP 758/6078MB (cached 38MB) IRAM 0/252kB(lfb 252kB) CPU [7%@921,7%@921,off,off] EMC_FREQ 0%@1600 GR3D_FREQ 0%@614 APE 25 PLL@30C CPU@31.5C iwlwifi@32C PMIC@50C GPU@30C AO@41C thermal@31C POM_5V_IN 1689/1759 POM_5V_GPU 82/86 POM_5V_CPU 164/210
RAM 1395/3964MB (lfb 8x4MB) SWAP 758/6078MB (cached 38MB) IRAM 0/252kB(lfb 252kB) CPU [7%@921,7%@921,off,off] EMC_FREQ 0%@1600 GR3D_FREQ 0%@614 APE 25 PLL@30.5C CPU@32C iwlwifi@32C PMIC@50C GPU@30.5C AO@41C thermal@31C POM_5V_IN 1689/1759 POM_5V_GPU 82/86 POM_5V_CPU 164/210
RAM 1397/3964MB (lfb 8x4MB) SWAP 758/6078MB (cached 38MB) IRAM 0/252kB(lfb 252kB) CPU [6%@921,7%@921,off,off] EMC_FREQ 0%@1600 GR3D_FREQ 0%@614 APE 25 PLL@30C CPU@32C iwlwifi@32C PMIC@50C GPU@30.5C AO@41C thermal@31.25C POM_5V_IN 1689/1759 POM_5V_GPU 82/86 POM_5V_CPU 164/210
RAM 1397/3964MB (lfb 8x4MB) SWAP 758/6078MB (cached 38MB) IRAM 0/252kB(lfb 252kB) CPU [7%@921,7%@921,off,off] EMC_FREQ 0%@1600 GR3D_FREQ 0%@614 APE 25 PLL@30C CPU@32C iwlwifi@32C PMIC@50C GPU@30C AO@41C thermal@30.75C POM_5V_IN 1687/1759 POM_5V_GPU 82/86 POM_5V_CPU 164/210
RAM 1397/3964MB (lfb 8x4MB) SWAP 758/6078MB (cached 38MB) IRAM 0/252kB(lfb 252kB) CPU [6%@921,7%@921,off,off] EMC_FREQ 0%@1600 GR3D_FREQ 0%@614 APE 25 PLL@30C CPU@31.5C iwlwifi@32C PMIC@50C GPU@30.5C AO@41C thermal@31C POM_5V_IN 1689/1758 POM_5V_GPU 82/86 POM_5V_CPU 164/210
RAM 1395/3964MB (lfb 8x4MB) SWAP 758/6078MB (cached 38MB) IRAM 0/252kB(lfb 252kB) CPU [7%@921,7%@921,off,off] EMC_FREQ 0%@1600 GR3D_FREQ 0%@614 APE 25 PLL@30C CPU@31.5C iwlwifi@32C PMIC@50C GPU@30.5C AO@41C thermal@30.75C POM_5V_IN 1689/1758 POM_5V_GPU 82/86 POM_5V_CPU 164/210
RAM 1393/3964MB (lfb 8x4MB) SWAP 758/6078MB (cached 38MB) IRAM 0/252kB(lfb 252kB) CPU [8%@921,6%@921,off,off] EMC_FREQ 0%@1600 GR3D_FREQ 0%@614 APE 25 PLL@30C CPU@31.5C iwlwifi@32C PMIC@50C GPU@30C AO@41C thermal@31C POM_5V_IN 1689/1758 POM_5V_GPU 82/86 POM_5V_CPU 164/210
RAM 1395/3964MB (lfb 8x4MB) SWAP 758/6078MB (cached 38MB) IRAM 0/252kB(lfb 252kB) CPU [5%@921,7%@921,off,off] EMC_FREQ 0%@1600 GR3D_FREQ 0%@614 APE 25 PLL@30C CPU@31.5C iwlwifi@32C PMIC@50C GPU@30C AO@41C thermal@31C POM_5V_IN 1689/1758 POM_5V_GPU 82/86 POM_5V_CPU 164/210
RAM 1401/3964MB (lfb 8x4MB) SWAP 758/6078MB (cached 38MB) IRAM 0/252kB(lfb 252kB) CPU [5%@921,8%@921,off,off] EMC_FREQ 0%@1600 GR3D_FREQ 0%@614 APE 25 PLL@30C CPU@32C iwlwifi@32C PMIC@50C GPU@30C AO@41C thermal@31C POM_5V_IN 1689/1758 POM_5V_GPU 82/86 POM_5V_CPU 164/210
RAM 1395/3964MB (lfb 8x4MB) SWAP 758/6078MB (cached 38MB) IRAM 0/252kB(lfb 252kB) CPU [6%@921,7%@921,off,off] EMC_FREQ 0%@1600 GR3D_FREQ 0%@614 APE 25 PLL@30C CPU@32C iwlwifi@32C PMIC@50C GPU@30C AO@41C thermal@31C POM_5V_IN 1689/1758 POM_5V_GPU 82/86 POM_5V_CPU 164/210
RAM 1395/3964MB (lfb 8x4MB) SWAP 758/6078MB (cached 38MB) IRAM 0/252kB(lfb 252kB) CPU [9%@921,5%@921,off,off] EMC_FREQ 0%@1600 GR3D_FREQ 0%@614 APE 25 PLL@30C CPU@31.5C iwlwifi@33C PMIC@50C GPU@30C AO@41C thermal@31.25C POM_5V_IN 1731/1758 POM_5V_GPU 82/86 POM_5V_CPU 164/210
RAM 1397/3964MB (lfb 8x4MB) SWAP 758/6078MB (cached 38MB) IRAM 0/252kB(lfb 252kB) CPU [7%@921,6%@921,off,off] EMC_FREQ 0%@1600 GR3D_FREQ 0%@614 APE 25 PLL@30C CPU@32C iwlwifi@33C PMIC@50C GPU@30C AO@40.5C thermal@30.75C POM_5V_IN 1689/1758 POM_5V_GPU 82/86 POM_5V_CPU 164/210
RAM 1393/3964MB (lfb 8x4MB) SWAP 758/6078MB (cached 38MB) IRAM 0/252kB(lfb 252kB) CPU [8%@921,6%@921,off,off] EMC_FREQ 0%@1600 GR3D_FREQ 0%@614 APE 25 PLL@30C CPU@31.5C iwlwifi@32C PMIC@50C GPU@30C AO@41C thermal@30.75C POM_5V_IN 1689/1758 POM_5V_GPU 82/86 POM_5V_CPU 164/210
RAM 1395/3964MB (lfb 8x4MB) SWAP 758/6078MB (cached 38MB) IRAM 0/252kB(lfb 252kB) CPU [9%@921,4%@921,off,off] EMC_FREQ 0%@1600 GR3D_FREQ 0%@614 APE 25 PLL@30C CPU@31.5C iwlwifi@32C PMIC@50C GPU@30C AO@41C thermal@30.75C POM_5V_IN 1689/1758 POM_5V_GPU 82/86 POM_5V_CPU 164/210
RAM 1395/3964MB (lfb 8x4MB) SWAP 758/6078MB (cached 38MB) IRAM 0/252kB(lfb 252kB) CPU [7%@921,7%@921,off,off] EMC_FREQ 0%@1600 GR3D_FREQ 0%@614 APE 25 PLL@30C CPU@31.5C iwlwifi@32C PMIC@50C GPU@30C AO@40.5C thermal@31C POM_5V_IN 1689/1758 POM_5V_GPU 82/86 POM_5V_CPU 164/210
RAM 1393/3964MB (lfb 8x4MB) SWAP 758/6078MB (cached 38MB) IRAM 0/252kB(lfb 252kB) CPU [7%@921,7%@921,off,off] EMC_FREQ 0%@1600 GR3D_FREQ 0%@614 APE 25 PLL@30C CPU@31.5C iwlwifi@33C PMIC@50C GPU@30.5C AO@41C thermal@30.75C POM_5V_IN 1689/1758 POM_5V_GPU 82/86 POM_5V_CPU 123/210
RAM 1393/3964MB (lfb 8x4MB) SWAP 758/6078MB (cached 38MB) IRAM 0/252kB(lfb 252kB) CPU [8%@921,5%@921,off,off] EMC_FREQ 0%@1600 GR3D_FREQ 0%@614 APE 25 PLL@30C CPU@31.5C iwlwifi@32C PMIC@50C GPU@30C AO@41C thermal@31C POM_5V_IN 1687/1758 POM_5V_GPU 82/86 POM_5V_CPU 164/210
RAM 1399/3964MB (lfb 8x4MB) SWAP 758/6078MB (cached 38MB) IRAM 0/252kB(lfb 252kB) CPU [6%@921,7%@921,off,off] EMC_FREQ 0%@1600 GR3D_FREQ 0%@614 APE 25 PLL@30C CPU@31.5C iwlwifi@32C PMIC@50C GPU@30C AO@41C thermal@31C POM_5V_IN 1689/1758 POM_5V_GPU 82/86 POM_5V_CPU 164/210
RAM 1393/3964MB (lfb 8x4MB) SWAP 758/6078MB (cached 38MB) IRAM 0/252kB(lfb 252kB) CPU [7%@921,7%@921,off,off] EMC_FREQ 0%@1600 GR3D_FREQ 0%@614 APE 25 PLL@29.5C CPU@32C iwlwifi@32C PMIC@50C GPU@30C AO@41C thermal@30.75C POM_5V_IN 1689/1758 POM_5V_GPU 82/86 POM_5V_CPU 164/210
RAM 1393/3964MB (lfb 8x4MB) SWAP 758/6078MB (cached 38MB) IRAM 0/252kB(lfb 252kB) CPU [8%@921,5%@921,off,off] EMC_FREQ 0%@1600 GR3D_FREQ 0%@614 APE 25 PLL@30C CPU@31.5C iwlwifi@32C PMIC@50C GPU@30C AO@41C thermal@30.75C POM_5V_IN 1689/1758 POM_5V_GPU 82/86 POM_5V_CPU 123/210
RAM 1393/3964MB (lfb 8x4MB) SWAP 758/6078MB (cached 38MB) IRAM 0/252kB(lfb 252kB) CPU [10%@921,4%@921,off,off] EMC_FREQ 0%@1600 GR3D_FREQ 0%@614 APE 25 PLL@30C CPU@32C iwlwifi@32C PMIC@50C GPU@30C AO@41C thermal@30.75C POM_5V_IN 1687/1758 POM_5V_GPU 82/86 POM_5V_CPU 164/210
RAM 1395/3964MB (lfb 8x4MB) SWAP 758/6078MB (cached 38MB) IRAM 0/252kB(lfb 252kB) CPU [7%@921,6%@921,off,off] EMC_FREQ 0%@1600 GR3D_FREQ 0%@614 APE 25 PLL@30.5C CPU@32C iwlwifi@32C PMIC@50C GPU@30C AO@41C thermal@30.75C POM_5V_IN 1689/1758 POM_5V_GPU 82/86 POM_5V_CPU 123/210
RAM 1399/3964MB (lfb 8x4MB) SWAP 758/6078MB (cached 38MB) IRAM 0/252kB(lfb 252kB) CPU [5%@921,8%@921,off,off] EMC_FREQ 0%@1600 GR3D_FREQ 0%@614 APE 25 PLL@30C CPU@31.5C iwlwifi@32C PMIC@50C GPU@30C AO@41C thermal@31C POM_5V_IN 1689/1758 POM_5V_GPU 82/86 POM_5V_CPU 164/210
RAM 1397/3964MB (lfb 8x4MB) SWAP 758/6078MB (cached 38MB) IRAM 0/252kB(lfb 252kB) CPU [7%@921,7%@921,off,off] EMC_FREQ 0%@1600 GR3D_FREQ 0%@614 APE 25 PLL@30C CPU@31.5C iwlwifi@32C PMIC@50C GPU@30C AO@40.5C thermal@30.75C POM_5V_IN 1689/1758 POM_5V_GPU 82/86 POM_5V_CPU 164/210
RAM 1393/3964MB (lfb 8x4MB) SWAP 758/6078MB (cached 38MB) IRAM 0/252kB(lfb 252kB) CPU [7%@921,7%@921,off,off] EMC_FREQ 0%@1600 GR3D_FREQ 0%@614 APE 25 PLL@30C CPU@31.5C iwlwifi@32C PMIC@50C GPU@30C AO@40.5C thermal@30.5C POM_5V_IN 1689/1758 POM_5V_GPU 82/86 POM_5V_CPU 123/209
RAM 1393/3964MB (lfb 8x4MB) SWAP 758/6078MB (cached 38MB) IRAM 0/252kB(lfb 252kB) CPU [6%@921,8%@921,off,off] EMC_FREQ 0%@1600 GR3D_FREQ 0%@614 APE 25 PLL@30C CPU@31.5C iwlwifi@32C PMIC@50C GPU@30.5C AO@41C thermal@31C POM_5V_IN 1689/1758 POM_5V_GPU 82/86 POM_5V_CPU 164/209
RAM 1397/3964MB (lfb 8x4MB) SWAP 758/6078MB (cached 38MB) IRAM 0/252kB(lfb 252kB) CPU [7%@921,6%@921,off,off] EMC_FREQ 0%@1600 GR3D_FREQ 0%@614 APE 25 PLL@30C CPU@31.5C iwlwifi@32C PMIC@50C GPU@30C AO@40.5C thermal@31C POM_5V_IN 1689/1758 POM_5V_GPU 82/86 POM_5V_CPU 164/209
RAM 1395/3964MB (lfb 8x4MB) SWAP 758/6078MB (cached 38MB) IRAM 0/252kB(lfb 252kB) CPU [8%@921,6%@921,off,off] EMC_FREQ 0%@1600 GR3D_FREQ 0%@614 APE 25 PLL@30C CPU@31.5C iwlwifi@32C PMIC@50C GPU@30C AO@41C thermal@31C POM_5V_IN 1731/1758 POM_5V_GPU 82/86 POM_5V_CPU 164/209
RAM 1397/3964MB (lfb 8x4MB) SWAP 758/6078MB (cached 38MB) IRAM 0/252kB(lfb 252kB) CPU [8%@921,5%@921,off,off] EMC_FREQ 0%@1600 GR3D_FREQ 0%@614 APE 25 PLL@30C CPU@31.5C iwlwifi@32C PMIC@50C GPU@30C AO@41C thermal@30.75C POM_5V_IN 1731/1758 POM_5V_GPU 82/86 POM_5V_CPU 164/209
RAM 1397/3964MB (lfb 8x4MB) SWAP 758/6078MB (cached 38MB) IRAM 0/252kB(lfb 252kB) CPU [5%@921,8%@921,off,off] EMC_FREQ 0%@1600 GR3D_FREQ 0%@614 APE 25 PLL@30C CPU@31.5C iwlwifi@32C PMIC@50C GPU@30C AO@41C thermal@30.75C POM_5V_IN 1689/1758 POM_5V_GPU 82/86 POM_5V_CPU 164/209
RAM 1395/3964MB (lfb 8x4MB) SWAP 758/6078MB (cached 38MB) IRAM 0/252kB(lfb 252kB) CPU [6%@921,8%@921,off,off] EMC_FREQ 0%@1600 GR3D_FREQ 0%@614 APE 25 PLL@30.5C CPU@31.5C iwlwifi@32C PMIC@50C GPU@29.5C AO@41C thermal@30.75C POM_5V_IN 1689/1758 POM_5V_GPU 82/86 POM_5V_CPU 164/209
RAM 1397/3964MB (lfb 8x4MB) SWAP 758/6078MB (cached 38MB) IRAM 0/252kB(lfb 252kB) CPU [6%@921,8%@921,off,off] EMC_FREQ 0%@1600 GR3D_FREQ 0%@614 APE 25 PLL@30C CPU@31.5C iwlwifi@32C PMIC@50C GPU@30.5C AO@40.5C thermal@30.75C POM_5V_IN 1689/1758 POM_5V_GPU 82/86 POM_5V_CPU 164/209
RAM 1393/3964MB (lfb 8x4MB) SWAP 758/6078MB (cached 38MB) IRAM 0/252kB(lfb 252kB) CPU [8%@921,5%@921,off,off] EMC_FREQ 0%@1600 GR3D_FREQ 0%@614 APE 25 PLL@30.5C CPU@31.5C iwlwifi@32C PMIC@50C GPU@30C AO@41.5C thermal@31C POM_5V_IN 1689/1758 POM_5V_GPU 82/86 POM_5V_CPU 164/209
RAM 1393/3964MB (lfb 8x4MB) SWAP 758/6078MB (cached 38MB) IRAM 0/252kB(lfb 252kB) CPU [8%@921,6%@921,off,off] EMC_FREQ 0%@1600 GR3D_FREQ 0%@614 APE 25 PLL@30C CPU@31.5C iwlwifi@32C PMIC@50C GPU@30C AO@41C thermal@30.75C POM_5V_IN 1689/1758 POM_5V_GPU 82/86 POM_5V_CPU 164/209
RAM 1398/3964MB (lfb 8x4MB) SWAP 758/6078MB (cached 38MB) IRAM 0/252kB(lfb 252kB) CPU [5%@921,9%@921,off,off] EMC_FREQ 0%@1600 GR3D_FREQ 0%@614 APE 25 PLL@30C CPU@31.5C iwlwifi@32C PMIC@50C GPU@30C AO@41C thermal@30.75C POM_5V_IN 1689/1758 POM_5V_GPU 82/86 POM_5V_CPU 164/209
RAM 1395/3964MB (lfb 8x4MB) SWAP 758/6078MB (cached 38MB) IRAM 0/252kB(lfb 252kB) CPU [9%@921,5%@921,off,off] EMC_FREQ 0%@1600 GR3D_FREQ 0%@614 APE 25 PLL@30C CPU@31.5C iwlwifi@32C PMIC@50C GPU@29.5C AO@41C thermal@30.75C POM_5V_IN 1689/1758 POM_5V_GPU 82/86 POM_5V_CPU 164/209
RAM 1395/3964MB (lfb 8x4MB) SWAP 758/6078MB (cached 38MB) IRAM 0/252kB(lfb 252kB) CPU [6%@921,7%@921,off,off] EMC_FREQ 0%@1600 GR3D_FREQ 0%@614 APE 25 PLL@30C CPU@31.5C iwlwifi@32C PMIC@50C GPU@30C AO@40.5C thermal@30.5C POM_5V_IN 1689/1758 POM_5V_GPU 82/86 POM_5V_CPU 164/209
RAM 1393/3964MB (lfb 8x4MB) SWAP 758/6078MB (cached 38MB) IRAM 0/252kB(lfb 252kB) CPU [6%@921,8%@921,off,off] EMC_FREQ 0%@1600 GR3D_FREQ 0%@614 APE 25 PLL@30C CPU@31.5C iwlwifi@32C PMIC@50C GPU@29.5C AO@41C thermal@30.75C POM_5V_IN 1689/1758 POM_5V_GPU 82/86 POM_5V_CPU 164/209
RAM 1394/3964MB (lfb 8x4MB) SWAP 758/6078MB (cached 38MB) IRAM 0/252kB(lfb 252kB) CPU [6%@921,7%@921,off,off] EMC_FREQ 0%@1600 GR3D_FREQ 0%@614 APE 25 PLL@30C CPU@32C iwlwifi@32C PMIC@50C GPU@30C AO@41C thermal@30.75C POM_5V_IN 1689/1758 POM_5V_GPU 82/86 POM_5V_CPU 164/209
RAM 1393/3964MB (lfb 8x4MB) SWAP 758/6078MB (cached 38MB) IRAM 0/252kB(lfb 252kB) CPU [5%@921,8%@921,off,off] EMC_FREQ 0%@1600 GR3D_FREQ 0%@614 APE 25 PLL@30C CPU@31.5C iwlwifi@32C PMIC@50C GPU@30C AO@41C thermal@30.75C POM_5V_IN 1689/1758 POM_5V_GPU 82/86 POM_5V_CPU 164/209
RAM 1397/3964MB (lfb 8x4MB) SWAP 758/6078MB (cached 38MB) IRAM 0/252kB(lfb 252kB) CPU [6%@921,7%@921,off,off] EMC_FREQ 0%@1600 GR3D_FREQ 0%@614 APE 25 PLL@30C CPU@31.5C iwlwifi@32C PMIC@50C GPU@30C AO@41C thermal@30.5C POM_5V_IN 1731/1758 POM_5V_GPU 82/86 POM_5V_CPU 164/209
RAM 1393/3964MB (lfb 8x4MB) SWAP 758/6078MB (cached 38MB) IRAM 0/252kB(lfb 252kB) CPU [4%@921,9%@921,off,off] EMC_FREQ 0%@1600 GR3D_FREQ 0%@614 APE 25 PLL@30C CPU@31.5C iwlwifi@32C PMIC@50C GPU@30C AO@41C thermal@30.75C POM_5V_IN 1689/1758 POM_5V_GPU 82/86 POM_5V_CPU 164/209
RAM 1394/3964MB (lfb 8x4MB) SWAP 758/6078MB (cached 38MB) IRAM 0/252kB(lfb 252kB) CPU [6%@921,8%@921,off,off] EMC_FREQ 0%@1600 GR3D_FREQ 0%@614 APE 25 PLL@30C CPU@31.5C iwlwifi@32C PMIC@50C GPU@30C AO@41C thermal@30.5C POM_5V_IN 1689/1758 POM_5V_GPU 82/86 POM_5V_CPU 164/209
RAM 1395/3964MB (lfb 8x4MB) SWAP 758/6078MB (cached 38MB) IRAM 0/252kB(lfb 252kB) CPU [6%@921,7%@921,off,off] EMC_FREQ 0%@1600 GR3D_FREQ 0%@614 APE 25 PLL@30C CPU@31.5C iwlwifi@32C PMIC@50C GPU@30C AO@41C thermal@30.75C POM_5V_IN 1689/1758 POM_5V_GPU 82/86 POM_5V_CPU 164/209
RAM 1395/3964MB (lfb 8x4MB) SWAP 758/6078MB (cached 38MB) IRAM 0/252kB(lfb 252kB) CPU [6%@921,9%@921,off,off] EMC_FREQ 0%@1600 GR3D_FREQ 0%@614 APE 25 PLL@30.5C CPU@31.5C iwlwifi@32C PMIC@50C GPU@30C AO@41C thermal@30.75C POM_5V_IN 1689/1758 POM_5V_GPU 82/86 POM_5V_CPU 164/209
RAM 1397/3964MB (lfb 8x4MB) SWAP 758/6078MB (cached 38MB) IRAM 0/252kB(lfb 252kB) CPU [7%@921,5%@921,off,off] EMC_FREQ 0%@1600 GR3D_FREQ 0%@614 APE 25 PLL@30.5C CPU@31.5C iwlwifi@32C PMIC@50C GPU@30C AO@41C thermal@30.75C POM_5V_IN 1892/1758 POM_5V_GPU 82/86 POM_5V_CPU 288/209
RAM 1393/3964MB (lfb 8x4MB) SWAP 758/6078MB (cached 38MB) IRAM 0/252kB(lfb 252kB) CPU [8%@921,5%@921,off,off] EMC_FREQ 0%@1600 GR3D_FREQ 0%@614 APE 25 PLL@30.5C CPU@31.5C iwlwifi@32C PMIC@50C GPU@30C AO@41C thermal@30.75C POM_5V_IN 1689/1758 POM_5V_GPU 82/86 POM_5V_CPU 164/209
RAM 1397/3964MB (lfb 8x4MB) SWAP 758/6078MB (cached 38MB) IRAM 0/252kB(lfb 252kB) CPU [7%@921,6%@921,off,off] EMC_FREQ 0%@1600 GR3D_FREQ 0%@614 APE 25 PLL@30C CPU@31.5C iwlwifi@32C PMIC@50C GPU@30C AO@41C thermal@30.75C POM_5V_IN 1689/1758 POM_5V_GPU 82/86 POM_5V_CPU 164/209
RAM 1397/3964MB (lfb 8x4MB) SWAP 758/6078MB (cached 38MB) IRAM 0/252kB(lfb 252kB) CPU [8%@921,6%@921,off,off] EMC_FREQ 0%@1600 GR3D_FREQ 0%@614 APE 25 PLL@30C CPU@31.5C iwlwifi@32C PMIC@50C GPU@30C AO@41C thermal@30.75C POM_5V_IN 1689/1758 POM_5V_GPU 82/86 POM_5V_CPU 164/209
RAM 1395/3964MB (lfb 8x4MB) SWAP 758/6078MB (cached 38MB) IRAM 0/252kB(lfb 252kB) CPU [7%@921,6%@921,off,off] EMC_FREQ 0%@1600 GR3D_FREQ 0%@614 APE 25 PLL@30C CPU@31.5C iwlwifi@32C PMIC@50C GPU@30C AO@41C thermal@31C POM_5V_IN 1689/1757 POM_5V_GPU 82/86 POM_5V_CPU 164/209
RAM 1393/3964MB (lfb 8x4MB) SWAP 758/6078MB (cached 38MB) IRAM 0/252kB(lfb 252kB) CPU [7%@921,6%@921,off,off] EMC_FREQ 0%@1600 GR3D_FREQ 0%@614 APE 25 PLL@30C CPU@31.5C iwlwifi@32C PMIC@50C GPU@30C AO@41C thermal@30.75C POM_5V_IN 1689/1757 POM_5V_GPU 82/86 POM_5V_CPU 164/209
RAM 1395/3964MB (lfb 8x4MB) SWAP 758/6078MB (cached 38MB) IRAM 0/252kB(lfb 252kB) CPU [10%@921,4%@921,off,off] EMC_FREQ 0%@1600 GR3D_FREQ 0%@614 APE 25 PLL@30C CPU@31.5C iwlwifi@32C PMIC@50C GPU@29.5C AO@41C thermal@30.5C POM_5V_IN 1689/1757 POM_5V_GPU 82/86 POM_5V_CPU 164/209
RAM 1397/3964MB (lfb 8x4MB) SWAP 758/6078MB (cached 38MB) IRAM 0/252kB(lfb 252kB) CPU [5%@921,9%@921,off,off] EMC_FREQ 0%@1600 GR3D_FREQ 0%@614 APE 25 PLL@30C CPU@31.5C iwlwifi@32C PMIC@50C GPU@30C AO@41C thermal@30.75C POM_5V_IN 1689/1757 POM_5V_GPU 82/86 POM_5V_CPU 164/209
RAM 1393/3964MB (lfb 8x4MB) SWAP 758/6078MB (cached 38MB) IRAM 0/252kB(lfb 252kB) CPU [7%@921,6%@921,off,off] EMC_FREQ 0%@1600 GR3D_FREQ 0%@614 APE 25 PLL@30C CPU@31.5C iwlwifi@32C PMIC@50C GPU@30C AO@41C thermal@30.75C POM_5V_IN 1689/1757 POM_5V_GPU 82/86 POM_5V_CPU 164/209
RAM 1395/3964MB (lfb 8x4MB) SWAP 758/6078MB (cached 38MB) IRAM 0/252kB(lfb 252kB) CPU [8%@921,5%@921,off,off] EMC_FREQ 0%@1600 GR3D_FREQ 0%@614 APE 25 PLL@30C CPU@32C iwlwifi@32C PMIC@50C GPU@30C AO@41C thermal@30.75C POM_5V_IN 1689/1757 POM_5V_GPU 82/86 POM_5V_CPU 164/209
RAM 1395/3964MB (lfb 8x4MB) SWAP 758/6078MB (cached 38MB) IRAM 0/252kB(lfb 252kB) CPU [9%@921,5%@921,off,off] EMC_FREQ 0%@1600 GR3D_FREQ 0%@614 APE 25 PLL@30C CPU@31.5C iwlwifi@32C PMIC@50C GPU@30C AO@41C thermal@30.75C POM_5V_IN 1689/1757 POM_5V_GPU 82/86 POM_5V_CPU 164/209
RAM 1393/3964MB (lfb 8x4MB) SWAP 758/6078MB (cached 38MB) IRAM 0/252kB(lfb 252kB) CPU [6%@921,7%@921,off,off] EMC_FREQ 0%@1600 GR3D_FREQ 0%@614 APE 25 PLL@30C CPU@31.5C iwlwifi@32C PMIC@50C GPU@30C AO@41C thermal@30.75C POM_5V_IN 1689/1757 POM_5V_GPU 82/86 POM_5V_CPU 164/209
RAM 1395/3964MB (lfb 8x4MB) SWAP 758/6078MB (cached 38MB) IRAM 0/252kB(lfb 252kB) CPU [7%@921,6%@921,off,off] EMC_FREQ 0%@1600 GR3D_FREQ 0%@614 APE 25 PLL@30C CPU@31.5C iwlwifi@32C PMIC@50C GPU@30C AO@40.5C thermal@30.75C POM_5V_IN 1689/1757 POM_5V_GPU 82/86 POM_5V_CPU 164/209
RAM 1397/3964MB (lfb 8x4MB) SWAP 758/6078MB (cached 38MB) IRAM 0/252kB(lfb 252kB) CPU [8%@921,6%@921,off,off] EMC_FREQ 0%@1600 GR3D_FREQ 0%@614 APE 25 PLL@30C CPU@31.5C iwlwifi@32C PMIC@50C GPU@30C AO@41C thermal@30.75C POM_5V_IN 1689/1757 POM_5V_GPU 82/86 POM_5V_CPU 164/209
RAM 1395/3964MB (lfb 8x4MB) SWAP 758/6078MB (cached 38MB) IRAM 0/252kB(lfb 252kB) CPU [7%@921,7%@921,off,off] EMC_FREQ 0%@1600 GR3D_FREQ 0%@614 APE 25 PLL@30C CPU@31.5C iwlwifi@32C PMIC@50C GPU@30C AO@41C thermal@30.75C POM_5V_IN 1731/1757 POM_5V_GPU 82/86 POM_5V_CPU 164/209
RAM 1395/3964MB (lfb 8x4MB) SWAP 758/6078MB (cached 38MB) IRAM 0/252kB(lfb 252kB) CPU [6%@921,7%@921,off,off] EMC_FREQ 0%@1600 GR3D_FREQ 0%@614 APE 25 PLL@30C CPU@31.5C iwlwifi@32C PMIC@50C GPU@30C AO@41C thermal@31C POM_5V_IN 1772/1757 POM_5V_GPU 82/86 POM_5V_CPU 164/209
RAM 1399/3964MB (lfb 8x4MB) SWAP 758/6078MB (cached 38MB) IRAM 0/252kB(lfb 252kB) CPU [7%@921,7%@921,off,off] EMC_FREQ 0%@1600 GR3D_FREQ 0%@614 APE 25 PLL@30C CPU@32C iwlwifi@32C PMIC@50C GPU@30C AO@40.5C thermal@30.75C POM_5V_IN 1689/1757 POM_5V_GPU 82/86 POM_5V_CPU 164/209
RAM 1394/3964MB (lfb 8x4MB) SWAP 758/6078MB (cached 38MB) IRAM 0/252kB(lfb 252kB) CPU [7%@921,7%@921,off,off] EMC_FREQ 0%@1600 GR3D_FREQ 0%@614 APE 25 PLL@30C CPU@31.5C iwlwifi@32C PMIC@50C GPU@30C AO@41C thermal@30.75C POM_5V_IN 1689/1757 POM_5V_GPU 82/86 POM_5V_CPU 164/209
RAM 1396/3964MB (lfb 8x4MB) SWAP 758/6078MB (cached 38MB) IRAM 0/252kB(lfb 252kB) CPU [8%@921,6%@921,off,off] EMC_FREQ 0%@1600 GR3D_FREQ 0%@614 APE 25 PLL@29.5C CPU@31.5C iwlwifi@32C PMIC@50C GPU@30C AO@41.5C thermal@30.75C POM_5V_IN 1687/1757 POM_5V_GPU 82/86 POM_5V_CPU 164/209
RAM 1397/3964MB (lfb 8x4MB) SWAP 758/6078MB (cached 38MB) IRAM 0/252kB(lfb 252kB) CPU [7%@921,7%@921,off,off] EMC_FREQ 0%@1600 GR3D_FREQ 0%@614 APE 25 PLL@30.5C CPU@31.5C iwlwifi@32C PMIC@50C GPU@30C AO@40.5C thermal@30.75C POM_5V_IN 1689/1757 POM_5V_GPU 82/86 POM_5V_CPU 164/209
RAM 1393/3964MB (lfb 8x4MB) SWAP 758/6078MB (cached 38MB) IRAM 0/252kB(lfb 252kB) CPU [6%@921,8%@921,off,off] EMC_FREQ 0%@1600 GR3D_FREQ 0%@614 APE 25 PLL@30C CPU@31.5C iwlwifi@32C PMIC@50C GPU@30C AO@41C thermal@31C POM_5V_IN 1689/1757 POM_5V_GPU 82/86 POM_5V_CPU 164/209
RAM 1395/3964MB (lfb 8x4MB) SWAP 758/6078MB (cached 38MB) IRAM 0/252kB(lfb 252kB) CPU [4%@921,10%@921,off,off] EMC_FREQ 0%@1600 GR3D_FREQ 0%@614 APE 25 PLL@30C CPU@31.5C iwlwifi@32C PMIC@50C GPU@30C AO@41C thermal@30.75C POM_5V_IN 1689/1757 POM_5V_GPU 82/86 POM_5V_CPU 164/209
RAM 1393/3964MB (lfb 8x4MB) SWAP 758/6078MB (cached 38MB) IRAM 0/252kB(lfb 252kB) CPU [8%@921,6%@921,off,off] EMC_FREQ 0%@1600 GR3D_FREQ 0%@614 APE 25 PLL@30.5C CPU@31.5C iwlwifi@32C PMIC@50C GPU@30C AO@41C thermal@30.75C POM_5V_IN 1689/1757 POM_5V_GPU 82/86 POM_5V_CPU 123/209
RAM 1395/3964MB (lfb 8x4MB) SWAP 758/6078MB (cached 38MB) IRAM 0/252kB(lfb 252kB) CPU [5%@921,8%@921,off,off] EMC_FREQ 0%@1600 GR3D_FREQ 0%@614 APE 25 PLL@30C CPU@31.5C iwlwifi@32C PMIC@50C GPU@30C AO@41C thermal@30.75C POM_5V_IN 1689/1757 POM_5V_GPU 82/86 POM_5V_CPU 164/209
RAM 1395/3964MB (lfb 8x4MB) SWAP 758/6078MB (cached 38MB) IRAM 0/252kB(lfb 252kB) CPU [7%@921,6%@921,off,off] EMC_FREQ 0%@1600 GR3D_FREQ 0%@614 APE 25 PLL@30C CPU@31.5C iwlwifi@32C PMIC@50C GPU@30C AO@41.5C thermal@31C POM_5V_IN 1689/1757 POM_5V_GPU 82/86 POM_5V_CPU 164/209
RAM 1397/3964MB (lfb 8x4MB) SWAP 758/6078MB (cached 38MB) IRAM 0/252kB(lfb 252kB) CPU [5%@921,9%@921,off,off] EMC_FREQ 0%@1600 GR3D_FREQ 0%@614 APE 25 PLL@30.5C CPU@31.5C iwlwifi@32C PMIC@50C GPU@30C AO@41.5C thermal@30.75C POM_5V_IN 1689/1757 POM_5V_GPU 82/86 POM_5V_CPU 123/209
RAM 1397/3964MB (lfb 8x4MB) SWAP 758/6078MB (cached 38MB) IRAM 0/252kB(lfb 252kB) CPU [10%@921,3%@921,off,off] EMC_FREQ 0%@1600 GR3D_FREQ 0%@614 APE 25 PLL@30C CPU@31.5C iwlwifi@32C PMIC@50C GPU@30C AO@41C thermal@30.75C POM_5V_IN 1689/1757 POM_5V_GPU 82/86 POM_5V_CPU 123/209
RAM 1399/3964MB (lfb 8x4MB) SWAP 758/6078MB (cached 38MB) IRAM 0/252kB(lfb 252kB) CPU [5%@921,8%@921,off,off] EMC_FREQ 0%@1600 GR3D_FREQ 0%@614 APE 25 PLL@30C CPU@31.5C iwlwifi@32C PMIC@50C GPU@30C AO@41C thermal@31C POM_5V_IN 1731/1757 POM_5V_GPU 82/86 POM_5V_CPU 164/209
RAM 1397/3964MB (lfb 8x4MB) SWAP 758/6078MB (cached 38MB) IRAM 0/252kB(lfb 252kB) CPU [5%@921,8%@921,off,off] EMC_FREQ 0%@1600 GR3D_FREQ 0%@614 APE 25 PLL@30C CPU@32C iwlwifi@32C PMIC@50C GPU@30C AO@41.5C thermal@31C POM_5V_IN 1772/1757 POM_5V_GPU 82/86 POM_5V_CPU 206/209
RAM 1396/3964MB (lfb 8x4MB) SWAP 758/6078MB (cached 38MB) IRAM 0/252kB(lfb 252kB) CPU [7%@921,7%@921,off,off] EMC_FREQ 0%@1600 GR3D_FREQ 0%@614 APE 25 PLL@30C CPU@31.5C iwlwifi@32C PMIC@50C GPU@30.5C AO@41C thermal@31C POM_5V_IN 1689/1757 POM_5V_GPU 82/86 POM_5V_CPU 164/209
RAM 1393/3964MB (lfb 8x4MB) SWAP 758/6078MB (cached 38MB) IRAM 0/252kB(lfb 252kB) CPU [5%@921,9%@921,off,off] EMC_FREQ 0%@1600 GR3D_FREQ 0%@614 APE 25 PLL@30C CPU@31.5C iwlwifi@32C PMIC@50C GPU@30C AO@40.5C thermal@30.75C POM_5V_IN 1689/1757 POM_5V_GPU 82/86 POM_5V_CPU 164/209
RAM 1397/3964MB (lfb 8x4MB) SWAP 758/6078MB (cached 38MB) IRAM 0/252kB(lfb 252kB) CPU [10%@921,4%@921,off,off] EMC_FREQ 0%@1600 GR3D_FREQ 0%@614 APE 25 PLL@30C CPU@31.5C iwlwifi@32C PMIC@50C GPU@30C AO@41C thermal@30.75C POM_5V_IN 1689/1757 POM_5V_GPU 82/86 POM_5V_CPU 164/209
RAM 1397/3964MB (lfb 8x4MB) SWAP 758/6078MB (cached 38MB) IRAM 0/252kB(lfb 252kB) CPU [6%@921,8%@921,off,off] EMC_FREQ 0%@1600 GR3D_FREQ 0%@614 APE 25 PLL@29.5C CPU@31.5C iwlwifi@32C PMIC@50C GPU@30C AO@41C thermal@30.75C POM_5V_IN 1731/1757 POM_5V_GPU 82/86 POM_5V_CPU 164/209
RAM 1394/3964MB (lfb 8x4MB) SWAP 758/6078MB (cached 38MB) IRAM 0/252kB(lfb 252kB) CPU [7%@921,6%@921,off,off] EMC_FREQ 0%@1600 GR3D_FREQ 0%@614 APE 25 PLL@29.5C CPU@31.5C iwlwifi@32C PMIC@50C GPU@30C AO@41C thermal@30.75C POM_5V_IN 1731/1757 POM_5V_GPU 82/86 POM_5V_CPU 164/209
RAM 1395/3964MB (lfb 8x4MB) SWAP 758/6078MB (cached 38MB) IRAM 0/252kB(lfb 252kB) CPU [8%@921,6%@921,off,off] EMC_FREQ 0%@1600 GR3D_FREQ 0%@614 APE 25 PLL@30C CPU@31.5C iwlwifi@32C PMIC@50C GPU@30C AO@41C thermal@30.75C POM_5V_IN 1689/1757 POM_5V_GPU 82/86 POM_5V_CPU 164/209
RAM 1393/3964MB (lfb 8x4MB) SWAP 758/6078MB (cached 38MB) IRAM 0/252kB(lfb 252kB) CPU [4%@921,10%@921,off,off] EMC_FREQ 0%@1600 GR3D_FREQ 0%@614 APE 25 PLL@29.5C CPU@31.5C iwlwifi@32C PMIC@50C GPU@30C AO@41C thermal@30.5C POM_5V_IN 1689/1757 POM_5V_GPU 82/86 POM_5V_CPU 164/209
RAM 1395/3964MB (lfb 8x4MB) SWAP 758/6078MB (cached 38MB) IRAM 0/252kB(lfb 252kB) CPU [6%@921,7%@921,off,off] EMC_FREQ 0%@1600 GR3D_FREQ 0%@614 APE 25 PLL@30C CPU@31.5C iwlwifi@32C PMIC@50C GPU@30C AO@41C thermal@30.75C POM_5V_IN 1689/1757 POM_5V_GPU 82/86 POM_5V_CPU 164/209
RAM 1393/3964MB (lfb 8x4MB) SWAP 758/6078MB (cached 38MB) IRAM 0/252kB(lfb 252kB) CPU [7%@921,7%@921,off,off] EMC_FREQ 0%@1600 GR3D_FREQ 0%@614 APE 25 PLL@30C CPU@31.5C iwlwifi@32C PMIC@50C GPU@30C AO@41C thermal@30.75C POM_5V_IN 1689/1757 POM_5V_GPU 82/86 POM_5V_CPU 164/209
RAM 1395/3964MB (lfb 8x4MB) SWAP 758/6078MB (cached 38MB) IRAM 0/252kB(lfb 252kB) CPU [6%@921,7%@921,off,off] EMC_FREQ 0%@1600 GR3D_FREQ 0%@614 APE 25 PLL@30C CPU@31.5C iwlwifi@32C PMIC@50C GPU@29.5C AO@41C thermal@30.5C POM_5V_IN 1689/1757 POM_5V_GPU 82/86 POM_5V_CPU 164/209
RAM 1395/3964MB (lfb 8x4MB) SWAP 758/6078MB (cached 38MB) IRAM 0/252kB(lfb 252kB) CPU [7%@921,7%@921,off,off] EMC_FREQ 0%@1600 GR3D_FREQ 0%@614 APE 25 PLL@30C CPU@31.5C iwlwifi@32C PMIC@50C GPU@30C AO@41C thermal@30.75C POM_5V_IN 1689/1757 POM_5V_GPU 82/86 POM_5V_CPU 164/209
RAM 1398/3964MB (lfb 8x4MB) SWAP 758/6078MB (cached 38MB) IRAM 0/252kB(lfb 252kB) CPU [7%@921,6%@921,off,off] EMC_FREQ 0%@1600 GR3D_FREQ 0%@614 APE 25 PLL@30C CPU@32C iwlwifi@32C PMIC@50C GPU@30C AO@41C thermal@30.75C POM_5V_IN 1689/1757 POM_5V_GPU 82/86 POM_5V_CPU 164/209
RAM 1397/3964MB (lfb 8x4MB) SWAP 758/6078MB (cached 38MB) IRAM 0/252kB(lfb 252kB) CPU [7%@921,7%@921,off,off] EMC_FREQ 0%@1600 GR3D_FREQ 0%@614 APE 25 PLL@30C CPU@31.5C iwlwifi@32C PMIC@50C GPU@29.5C AO@41C thermal@30.5C POM_5V_IN 1689/1757 POM_5V_GPU 82/86 POM_5V_CPU 164/209
RAM 1394/3964MB (lfb 8x4MB) SWAP 758/6078MB (cached 38MB) IRAM 0/252kB(lfb 252kB) CPU [6%@921,7%@921,off,off] EMC_FREQ 0%@1600 GR3D_FREQ 0%@614 APE 25 PLL@30C CPU@31.5C iwlwifi@32C PMIC@50C GPU@30C AO@41C thermal@30.75C POM_5V_IN 1731/1757 POM_5V_GPU 82/86 POM_5V_CPU 164/208
RAM 1395/3964MB (lfb 8x4MB) SWAP 758/6078MB (cached 38MB) IRAM 0/252kB(lfb 252kB) CPU [8%@921,6%@921,off,off] EMC_FREQ 0%@1600 GR3D_FREQ 0%@614 APE 25 PLL@30C CPU@31.5C iwlwifi@32C PMIC@50C GPU@30C AO@41C thermal@30.75C POM_5V_IN 1689/1757 POM_5V_GPU 82/86 POM_5V_CPU 123/208
RAM 1397/3964MB (lfb 8x4MB) SWAP 758/6078MB (cached 38MB) IRAM 0/252kB(lfb 252kB) CPU [5%@921,8%@921,off,off] EMC_FREQ 0%@1600 GR3D_FREQ 0%@614 APE 25 PLL@30C CPU@31.5C iwlwifi@32C PMIC@50C GPU@30C AO@41C thermal@30.75C POM_5V_IN 1689/1757 POM_5V_GPU 82/86 POM_5V_CPU 164/208
RAM 1400/3964MB (lfb 8x4MB) SWAP 758/6078MB (cached 38MB) IRAM 0/252kB(lfb 252kB) CPU [8%@921,5%@921,off,off] EMC_FREQ 0%@1600 GR3D_FREQ 0%@614 APE 25 PLL@30C CPU@31.5C iwlwifi@32C PMIC@50C GPU@30C AO@41C thermal@30.75C POM_5V_IN 1689/1757 POM_5V_GPU 82/86 POM_5V_CPU 164/208
RAM 1410/3964MB (lfb 8x4MB) SWAP 758/6078MB (cached 38MB) IRAM 0/252kB(lfb 252kB) CPU [6%@921,9%@921,off,off] EMC_FREQ 0%@1600 GR3D_FREQ 0%@614 APE 25 PLL@29.5C CPU@31.5C iwlwifi@32C PMIC@50C GPU@30C AO@40.5C thermal@30.75C POM_5V_IN 1772/1757 POM_5V_GPU 82/86 POM_5V_CPU 164/208
RAM 1396/3964MB (lfb 8x4MB) SWAP 758/6078MB (cached 38MB) IRAM 0/252kB(lfb 252kB) CPU [10%@921,6%@921,off,off] EMC_FREQ 0%@1600 GR3D_FREQ 0%@614 APE 25 PLL@30C CPU@31.5C iwlwifi@32C PMIC@50C GPU@30C AO@40.5C thermal@30.5C POM_5V_IN 1689/1757 POM_5V_GPU 82/86 POM_5V_CPU 164/208
RAM 1398/3964MB (lfb 8x4MB) SWAP 758/6078MB (cached 38MB) IRAM 0/252kB(lfb 252kB) CPU [6%@921,8%@921,off,off] EMC_FREQ 0%@1600 GR3D_FREQ 0%@614 APE 25 PLL@30C CPU@31.5C iwlwifi@32C PMIC@50C GPU@30C AO@41C thermal@30.75C POM_5V_IN 1689/1757 POM_5V_GPU 82/86 POM_5V_CPU 164/208
RAM 1394/3964MB (lfb 8x4MB) SWAP 758/6078MB (cached 38MB) IRAM 0/252kB(lfb 252kB) CPU [9%@921,4%@921,off,off] EMC_FREQ 0%@1600 GR3D_FREQ 0%@614 APE 25 PLL@30.5C CPU@31.5C iwlwifi@32C PMIC@50C GPU@30C AO@41C thermal@30.5C POM_5V_IN 1689/1757 POM_5V_GPU 82/86 POM_5V_CPU 164/208
RAM 1397/3964MB (lfb 8x4MB) SWAP 758/6078MB (cached 38MB) IRAM 0/252kB(lfb 252kB) CPU [7%@921,7%@921,off,off] EMC_FREQ 0%@1600 GR3D_FREQ 0%@614 APE 25 PLL@30C CPU@31.5C iwlwifi@32C PMIC@50C GPU@30C AO@41C thermal@30.75C POM_5V_IN 1689/1757 POM_5V_GPU 82/86 POM_5V_CPU 164/208
RAM 1397/3964MB (lfb 8x4MB) SWAP 758/6078MB (cached 38MB) IRAM 0/252kB(lfb 252kB) CPU [6%@921,7%@921,off,off] EMC_FREQ 0%@1600 GR3D_FREQ 0%@614 APE 25 PLL@29.5C CPU@31.5C iwlwifi@32C PMIC@50C GPU@30C AO@41C thermal@30.75C POM_5V_IN 1689/1757 POM_5V_GPU 82/86 POM_5V_CPU 164/208
RAM 1395/3964MB (lfb 8x4MB) SWAP 758/6078MB (cached 38MB) IRAM 0/252kB(lfb 252kB) CPU [8%@921,6%@921,off,off] EMC_FREQ 0%@1600 GR3D_FREQ 0%@614 APE 25 PLL@30C CPU@31.5C iwlwifi@32C PMIC@50C GPU@30.5C AO@41C thermal@30.5C POM_5V_IN 1689/1756 POM_5V_GPU 82/86 POM_5V_CPU 164/208
RAM 1397/3964MB (lfb 8x4MB) SWAP 758/6078MB (cached 38MB) IRAM 0/252kB(lfb 252kB) CPU [8%@921,5%@921,off,off] EMC_FREQ 0%@1600 GR3D_FREQ 0%@614 APE 25 PLL@30C CPU@31.5C iwlwifi@32C PMIC@50C GPU@29.5C AO@41C thermal@30.75C POM_5V_IN 1689/1756 POM_5V_GPU 82/86 POM_5V_CPU 164/208
RAM 1395/3964MB (lfb 8x4MB) SWAP 758/6078MB (cached 38MB) IRAM 0/252kB(lfb 252kB) CPU [11%@921,3%@921,off,off] EMC_FREQ 0%@1600 GR3D_FREQ 0%@614 APE 25 PLL@30C CPU@31.5C iwlwifi@32C PMIC@50C GPU@30C AO@41C thermal@30.5C POM_5V_IN 1689/1756 POM_5V_GPU 82/86 POM_5V_CPU 164/208
RAM 1397/3964MB (lfb 8x4MB) SWAP 758/6078MB (cached 38MB) IRAM 0/252kB(lfb 252kB) CPU [7%@921,6%@921,off,off] EMC_FREQ 0%@1600 GR3D_FREQ 0%@614 APE 25 PLL@30C CPU@31.5C iwlwifi@32C PMIC@50C GPU@30C AO@41C thermal@30.5C POM_5V_IN 1689/1756 POM_5V_GPU 82/86 POM_5V_CPU 164/208
RAM 1393/3964MB (lfb 8x4MB) SWAP 758/6078MB (cached 38MB) IRAM 0/252kB(lfb 252kB) CPU [7%@921,6%@921,off,off] EMC_FREQ 0%@1600 GR3D_FREQ 0%@614 APE 25 PLL@30C CPU@31.5C iwlwifi@32C PMIC@50C GPU@30C AO@41C thermal@30.5C POM_5V_IN 1689/1756 POM_5V_GPU 82/86 POM_5V_CPU 164/208
RAM 1397/3964MB (lfb 8x4MB) SWAP 758/6078MB (cached 38MB) IRAM 0/252kB(lfb 252kB) CPU [7%@921,7%@921,off,off] EMC_FREQ 0%@1600 GR3D_FREQ 0%@614 APE 25 PLL@30C CPU@31.5C iwlwifi@32C PMIC@50C GPU@30C AO@41C thermal@30.75C POM_5V_IN 1689/1756 POM_5V_GPU 82/86 POM_5V_CPU 164/208
RAM 1393/3964MB (lfb 8x4MB) SWAP 758/6078MB (cached 38MB) IRAM 0/252kB(lfb 252kB) CPU [7%@921,6%@921,off,off] EMC_FREQ 0%@1600 GR3D_FREQ 0%@614 APE 25 PLL@30C CPU@31.5C iwlwifi@32C PMIC@50C GPU@30C AO@41C thermal@30.75C POM_5V_IN 1689/1756 POM_5V_GPU 82/86 POM_5V_CPU 164/208
RAM 1395/3964MB (lfb 8x4MB) SWAP 758/6078MB (cached 38MB) IRAM 0/252kB(lfb 252kB) CPU [7%@921,7%@921,off,off] EMC_FREQ 0%@1600 GR3D_FREQ 0%@614 APE 25 PLL@29.5C CPU@31.5C iwlwifi@32C PMIC@50C GPU@30C AO@41C thermal@30.75C POM_5V_IN 1689/1756 POM_5V_GPU 82/86 POM_5V_CPU 164/208
RAM 1393/3964MB (lfb 8x4MB) SWAP 758/6078MB (cached 38MB) IRAM 0/252kB(lfb 252kB) CPU [7%@921,6%@921,off,off] EMC_FREQ 0%@1600 GR3D_FREQ 0%@614 APE 25 PLL@30C CPU@31.5C iwlwifi@33C PMIC@50C GPU@30C AO@41C thermal@30.75C POM_5V_IN 1687/1756 POM_5V_GPU 82/86 POM_5V_CPU 164/208
RAM 1393/3964MB (lfb 8x4MB) SWAP 758/6078MB (cached 38MB) IRAM 0/252kB(lfb 252kB) CPU [6%@921,7%@921,off,off] EMC_FREQ 0%@1600 GR3D_FREQ 0%@614 APE 25 PLL@30C CPU@31.5C iwlwifi@32C PMIC@50C GPU@30.5C AO@41C thermal@31C POM_5V_IN 1689/1756 POM_5V_GPU 82/86 POM_5V_CPU 164/208
RAM 1395/3964MB (lfb 8x4MB) SWAP 758/6078MB (cached 38MB) IRAM 0/252kB(lfb 252kB) CPU [7%@921,6%@921,off,off] EMC_FREQ 0%@1600 GR3D_FREQ 0%@614 APE 25 PLL@30C CPU@31.5C iwlwifi@32C PMIC@50C GPU@30C AO@41C thermal@30.5C POM_5V_IN 1689/1756 POM_5V_GPU 82/86 POM_5V_CPU 164/208
RAM 1393/3964MB (lfb 8x4MB) SWAP 758/6078MB (cached 38MB) IRAM 0/252kB(lfb 252kB) CPU [7%@921,8%@921,off,off] EMC_FREQ 0%@1600 GR3D_FREQ 0%@614 APE 25 PLL@30C CPU@31.5C iwlwifi@33C PMIC@50C GPU@30C AO@41C thermal@30.75C POM_5V_IN 1689/1756 POM_5V_GPU 82/86 POM_5V_CPU 164/208
RAM 1393/3964MB (lfb 8x4MB) SWAP 758/6078MB (cached 38MB) IRAM 0/252kB(lfb 252kB) CPU [5%@921,8%@921,off,off] EMC_FREQ 0%@1600 GR3D_FREQ 0%@614 APE 25 PLL@30C CPU@31C iwlwifi@32C PMIC@50C GPU@30C AO@40.5C thermal@30.5C POM_5V_IN 1731/1756 POM_5V_GPU 82/86 POM_5V_CPU 164/208
RAM 1395/3964MB (lfb 8x4MB) SWAP 758/6078MB (cached 38MB) IRAM 0/252kB(lfb 252kB) CPU [7%@921,8%@921,off,off] EMC_FREQ 0%@1600 GR3D_FREQ 0%@614 APE 25 PLL@30C CPU@31C iwlwifi@32C PMIC@50C GPU@30C AO@41C thermal@30.5C POM_5V_IN 1689/1756 POM_5V_GPU 82/86 POM_5V_CPU 164/208
RAM 1393/3964MB (lfb 8x4MB) SWAP 758/6078MB (cached 38MB) IRAM 0/252kB(lfb 252kB) CPU [5%@921,9%@921,off,off] EMC_FREQ 0%@1600 GR3D_FREQ 0%@614 APE 25 PLL@29.5C CPU@31.5C iwlwifi@32C PMIC@50C GPU@30C AO@41C thermal@30.75C POM_5V_IN 1689/1756 POM_5V_GPU 82/86 POM_5V_CPU 164/208
RAM 1397/3964MB (lfb 8x4MB) SWAP 758/6078MB (cached 38MB) IRAM 0/252kB(lfb 252kB) CPU [4%@921,9%@921,off,off] EMC_FREQ 0%@1600 GR3D_FREQ 0%@614 APE 25 PLL@29.5C CPU@31.5C iwlwifi@32C PMIC@50C GPU@30C AO@41C thermal@30.25C POM_5V_IN 1689/1756 POM_5V_GPU 82/86 POM_5V_CPU 164/208
RAM 1395/3964MB (lfb 8x4MB) SWAP 758/6078MB (cached 38MB) IRAM 0/252kB(lfb 252kB) CPU [7%@921,6%@921,off,off] EMC_FREQ 0%@1600 GR3D_FREQ 0%@614 APE 25 PLL@30C CPU@31.5C iwlwifi@32C PMIC@50C GPU@30C AO@41C thermal@30.75C POM_5V_IN 1689/1756 POM_5V_GPU 82/86 POM_5V_CPU 164/208
RAM 1395/3964MB (lfb 8x4MB) SWAP 758/6078MB (cached 38MB) IRAM 0/252kB(lfb 252kB) CPU [9%@921,5%@921,off,off] EMC_FREQ 0%@1600 GR3D_FREQ 0%@614 APE 25 PLL@30C CPU@31C iwlwifi@32C PMIC@50C GPU@30C AO@41C thermal@30.75C POM_5V_IN 1689/1756 POM_5V_GPU 82/86 POM_5V_CPU 164/208
RAM 1395/3964MB (lfb 8x4MB) SWAP 758/6078MB (cached 38MB) IRAM 0/252kB(lfb 252kB) CPU [6%@921,6%@921,off,off] EMC_FREQ 0%@1600 GR3D_FREQ 0%@614 APE 25 PLL@30C CPU@31.5C iwlwifi@32C PMIC@50C GPU@29.5C AO@41C thermal@30.75C POM_5V_IN 1813/1756 POM_5V_GPU 82/86 POM_5V_CPU 206/208
RAM 1397/3964MB (lfb 8x4MB) SWAP 758/6078MB (cached 38MB) IRAM 0/252kB(lfb 252kB) CPU [5%@921,8%@921,off,off] EMC_FREQ 0%@1600 GR3D_FREQ 0%@614 APE 25 PLL@30C CPU@31C iwlwifi@32C PMIC@50C GPU@30C AO@41C thermal@30.75C POM_5V_IN 1731/1756 POM_5V_GPU 82/86 POM_5V_CPU 164/208
RAM 1394/3964MB (lfb 8x4MB) SWAP 758/6078MB (cached 38MB) IRAM 0/252kB(lfb 252kB) CPU [9%@921,4%@921,off,off] EMC_FREQ 0%@1600 GR3D_FREQ 0%@614 APE 25 PLL@30C CPU@31.5C iwlwifi@32C PMIC@50C GPU@30C AO@41C thermal@30.5C POM_5V_IN 1689/1756 POM_5V_GPU 82/86 POM_5V_CPU 164/208
RAM 1395/3964MB (lfb 8x4MB) SWAP 758/6078MB (cached 38MB) IRAM 0/252kB(lfb 252kB) CPU [8%@921,6%@921,off,off] EMC_FREQ 0%@1600 GR3D_FREQ 0%@614 APE 25 PLL@30C CPU@31.5C iwlwifi@32C PMIC@50C GPU@30C AO@41C thermal@30.5C POM_5V_IN 1731/1756 POM_5V_GPU 82/86 POM_5V_CPU 164/208
RAM 1399/3964MB (lfb 8x4MB) SWAP 758/6078MB (cached 38MB) IRAM 0/252kB(lfb 252kB) CPU [9%@921,5%@921,off,off] EMC_FREQ 0%@1600 GR3D_FREQ 0%@614 APE 25 PLL@30C CPU@31.5C iwlwifi@32C PMIC@50C GPU@29.5C AO@41C thermal@30.75C POM_5V_IN 1689/1756 POM_5V_GPU 82/86 POM_5V_CPU 164/208
RAM 1395/3964MB (lfb 8x4MB) SWAP 758/6078MB (cached 38MB) IRAM 0/252kB(lfb 252kB) CPU [5%@921,8%@921,off,off] EMC_FREQ 0%@1600 GR3D_FREQ 0%@614 APE 25 PLL@30C CPU@31.5C iwlwifi@32C PMIC@50C GPU@30C AO@41C thermal@30.75C POM_5V_IN 1689/1756 POM_5V_GPU 82/86 POM_5V_CPU 123/208
RAM 1397/3964MB (lfb 8x4MB) SWAP 758/6078MB (cached 38MB) IRAM 0/252kB(lfb 252kB) CPU [8%@921,6%@921,off,off] EMC_FREQ 0%@1600 GR3D_FREQ 0%@614 APE 25 PLL@30C CPU@31C iwlwifi@32C PMIC@50C GPU@30C AO@41C thermal@30.75C POM_5V_IN 1689/1756 POM_5V_GPU 82/86 POM_5V_CPU 164/208
RAM 1395/3964MB (lfb 8x4MB) SWAP 758/6078MB (cached 38MB) IRAM 0/252kB(lfb 252kB) CPU [6%@921,7%@921,off,off] EMC_FREQ 0%@1600 GR3D_FREQ 0%@614 APE 25 PLL@30C CPU@31.5C iwlwifi@32C PMIC@50C GPU@30C AO@41C thermal@30.75C POM_5V_IN 1687/1756 POM_5V_GPU 82/86 POM_5V_CPU 164/208
RAM 1397/3964MB (lfb 8x4MB) SWAP 758/6078MB (cached 38MB) IRAM 0/252kB(lfb 252kB) CPU [6%@921,8%@921,off,off] EMC_FREQ 0%@1600 GR3D_FREQ 0%@614 APE 25 PLL@30C CPU@31.5C iwlwifi@32C PMIC@50C GPU@30C AO@40.5C thermal@30.75C POM_5V_IN 1731/1756 POM_5V_GPU 82/86 POM_5V_CPU 164/208
RAM 1393/3964MB (lfb 8x4MB) SWAP 758/6078MB (cached 38MB) IRAM 0/252kB(lfb 252kB) CPU [6%@921,7%@921,off,off] EMC_FREQ 0%@1600 GR3D_FREQ 0%@614 APE 25 PLL@30C CPU@31.5C iwlwifi@32C PMIC@50C GPU@30C AO@41C thermal@30.75C POM_5V_IN 1689/1756 POM_5V_GPU 82/86 POM_5V_CPU 164/208
RAM 1396/3964MB (lfb 8x4MB) SWAP 758/6078MB (cached 38MB) IRAM 0/252kB(lfb 252kB) CPU [7%@921,6%@921,off,off] EMC_FREQ 0%@1600 GR3D_FREQ 0%@614 APE 25 PLL@30C CPU@31.5C iwlwifi@32C PMIC@50C GPU@30C AO@41C thermal@30.75C POM_5V_IN 1689/1756 POM_5V_GPU 82/86 POM_5V_CPU 164/208
RAM 1398/3964MB (lfb 8x4MB) SWAP 758/6078MB (cached 38MB) IRAM 0/252kB(lfb 252kB) CPU [6%@921,6%@921,off,off] EMC_FREQ 0%@1600 GR3D_FREQ 0%@614 APE 25 PLL@29.5C CPU@31C iwlwifi@32C PMIC@50C GPU@30C AO@41C thermal@30.5C POM_5V_IN 1689/1756 POM_5V_GPU 82/86 POM_5V_CPU 164/208
RAM 1397/3964MB (lfb 8x4MB) SWAP 758/6078MB (cached 38MB) IRAM 0/252kB(lfb 252kB) CPU [7%@921,6%@921,off,off] EMC_FREQ 0%@1600 GR3D_FREQ 0%@614 APE 25 PLL@29.5C CPU@31.5C iwlwifi@32C PMIC@50C GPU@30C AO@41C thermal@30.5C POM_5V_IN 1689/1756 POM_5V_GPU 82/86 POM_5V_CPU 164/208
RAM 1393/3964MB (lfb 8x4MB) SWAP 758/6078MB (cached 38MB) IRAM 0/252kB(lfb 252kB) CPU [7%@921,6%@921,off,off] EMC_FREQ 0%@1600 GR3D_FREQ 0%@614 APE 25 PLL@30C CPU@31.5C iwlwifi@32C PMIC@50C GPU@30C AO@41C thermal@30.75C POM_5V_IN 1689/1756 POM_5V_GPU 82/86 POM_5V_CPU 164/208
RAM 1398/3964MB (lfb 8x4MB) SWAP 758/6078MB (cached 38MB) IRAM 0/252kB(lfb 252kB) CPU [6%@921,9%@921,off,off] EMC_FREQ 0%@1600 GR3D_FREQ 0%@614 APE 25 PLL@30C CPU@31.5C iwlwifi@32C PMIC@50C GPU@30C AO@41.5C thermal@30.75C POM_5V_IN 1689/1756 POM_5V_GPU 82/86 POM_5V_CPU 164/208
RAM 1395/3964MB (lfb 8x4MB) SWAP 758/6078MB (cached 38MB) IRAM 0/252kB(lfb 252kB) CPU [6%@921,7%@921,off,off] EMC_FREQ 0%@1600 GR3D_FREQ 0%@614 APE 25 PLL@30C CPU@31.5C iwlwifi@32C PMIC@50C GPU@30C AO@41C thermal@30.5C POM_5V_IN 1689/1756 POM_5V_GPU 82/86 POM_5V_CPU 164/208
RAM 1393/3964MB (lfb 8x4MB) SWAP 758/6078MB (cached 38MB) IRAM 0/252kB(lfb 252kB) CPU [7%@921,7%@921,off,off] EMC_FREQ 0%@1600 GR3D_FREQ 0%@614 APE 25 PLL@29.5C CPU@31.5C iwlwifi@32C PMIC@50C GPU@30C AO@41C thermal@30.5C POM_5V_IN 1689/1756 POM_5V_GPU 82/86 POM_5V_CPU 164/208
RAM 1394/3964MB (lfb 8x4MB) SWAP 758/6078MB (cached 38MB) IRAM 0/252kB(lfb 252kB) CPU [6%@921,7%@921,off,off] EMC_FREQ 0%@1600 GR3D_FREQ 0%@614 APE 25 PLL@29.5C CPU@31.5C iwlwifi@32C PMIC@50C GPU@30C AO@41C thermal@30.75C POM_5V_IN 1731/1756 POM_5V_GPU 82/86 POM_5V_CPU 164/208
RAM 1395/3964MB (lfb 8x4MB) SWAP 758/6078MB (cached 38MB) IRAM 0/252kB(lfb 252kB) CPU [6%@921,7%@921,off,off] EMC_FREQ 0%@1600 GR3D_FREQ 0%@614 APE 25 PLL@30C CPU@31.5C iwlwifi@32C PMIC@50C GPU@30C AO@41C thermal@30.75C POM_5V_IN 1689/1756 POM_5V_GPU 82/86 POM_5V_CPU 164/208
RAM 1396/3964MB (lfb 8x4MB) SWAP 758/6078MB (cached 38MB) IRAM 0/252kB(lfb 252kB) CPU [7%@921,6%@921,off,off] EMC_FREQ 0%@1600 GR3D_FREQ 0%@614 APE 25 PLL@30C CPU@31.5C iwlwifi@32C PMIC@50C GPU@30C AO@41C thermal@30.75C POM_5V_IN 1689/1756 POM_5V_GPU 82/86 POM_5V_CPU 164/208
RAM 1398/3964MB (lfb 8x4MB) SWAP 758/6078MB (cached 38MB) IRAM 0/252kB(lfb 252kB) CPU [7%@921,6%@921,off,off] EMC_FREQ 0%@1600 GR3D_FREQ 0%@614 APE 25 PLL@30C CPU@31.5C iwlwifi@32C PMIC@50C GPU@30C AO@41C thermal@31C POM_5V_IN 1689/1756 POM_5V_GPU 82/86 POM_5V_CPU 164/208
RAM 1395/3964MB (lfb 8x4MB) SWAP 758/6078MB (cached 38MB) IRAM 0/252kB(lfb 252kB) CPU [5%@921,9%@921,off,off] EMC_FREQ 0%@1600 GR3D_FREQ 0%@614 APE 25 PLL@30C CPU@31.5C iwlwifi@32C PMIC@50C GPU@30C AO@41.5C thermal@31C POM_5V_IN 1689/1756 POM_5V_GPU 82/86 POM_5V_CPU 164/208
RAM 1395/3964MB (lfb 8x4MB) SWAP 758/6078MB (cached 38MB) IRAM 0/252kB(lfb 252kB) CPU [4%@921,9%@921,off,off] EMC_FREQ 0%@1600 GR3D_FREQ 0%@614 APE 25 PLL@30C CPU@31.5C iwlwifi@32C PMIC@50C GPU@30.5C AO@41C thermal@30.75C POM_5V_IN 1689/1756 POM_5V_GPU 82/86 POM_5V_CPU 164/208
RAM 1393/3964MB (lfb 8x4MB) SWAP 758/6078MB (cached 38MB) IRAM 0/252kB(lfb 252kB) CPU [7%@921,7%@921,off,off] EMC_FREQ 0%@1600 GR3D_FREQ 0%@614 APE 25 PLL@29.5C CPU@31.5C iwlwifi@32C PMIC@50C GPU@30C AO@41C thermal@30.75C POM_5V_IN 1731/1756 POM_5V_GPU 82/86 POM_5V_CPU 164/208
RAM 1397/3964MB (lfb 8x4MB) SWAP 758/6078MB (cached 38MB) IRAM 0/252kB(lfb 252kB) CPU [7%@921,6%@921,off,off] EMC_FREQ 0%@1600 GR3D_FREQ 0%@614 APE 25 PLL@30C CPU@31.5C iwlwifi@32C PMIC@50C GPU@30C AO@41C thermal@30.75C POM_5V_IN 1689/1756 POM_5V_GPU 82/86 POM_5V_CPU 123/208
RAM 1394/3964MB (lfb 8x4MB) SWAP 758/6078MB (cached 38MB) IRAM 0/252kB(lfb 252kB) CPU [7%@921,6%@921,off,off] EMC_FREQ 0%@1600 GR3D_FREQ 0%@614 APE 25 PLL@30C CPU@31.5C iwlwifi@32C PMIC@50C GPU@30C AO@41C thermal@30.5C POM_5V_IN 1689/1756 POM_5V_GPU 82/86 POM_5V_CPU 164/208
RAM 1397/3964MB (lfb 8x4MB) SWAP 758/6078MB (cached 38MB) IRAM 0/252kB(lfb 252kB) CPU [6%@921,7%@921,off,off] EMC_FREQ 0%@1600 GR3D_FREQ 0%@614 APE 25 PLL@30C CPU@31.5C iwlwifi@32C PMIC@50C GPU@30C AO@41C thermal@30.5C POM_5V_IN 1731/1756 POM_5V_GPU 82/86 POM_5V_CPU 164/208
RAM 1393/3964MB (lfb 8x4MB) SWAP 758/6078MB (cached 38MB) IRAM 0/252kB(lfb 252kB) CPU [6%@921,8%@921,off,off] EMC_FREQ 0%@1600 GR3D_FREQ 0%@614 APE 25 PLL@29.5C CPU@31.5C iwlwifi@32C PMIC@50C GPU@30C AO@41C thermal@31C POM_5V_IN 1689/1756 POM_5V_GPU 82/86 POM_5V_CPU 164/208
RAM 1397/3964MB (lfb 8x4MB) SWAP 758/6078MB (cached 38MB) IRAM 0/252kB(lfb 252kB) CPU [6%@921,8%@921,off,off] EMC_FREQ 0%@1600 GR3D_FREQ 0%@614 APE 25 PLL@30C CPU@31.5C iwlwifi@32C PMIC@50C GPU@30C AO@41C thermal@30.75C POM_5V_IN 1689/1756 POM_5V_GPU 82/86 POM_5V_CPU 164/208
RAM 1397/3964MB (lfb 8x4MB) SWAP 758/6078MB (cached 38MB) IRAM 0/252kB(lfb 252kB) CPU [8%@921,6%@921,off,off] EMC_FREQ 0%@1600 GR3D_FREQ 0%@614 APE 25 PLL@30C CPU@31.5C iwlwifi@32C PMIC@50C GPU@30C AO@41C thermal@30.75C POM_5V_IN 1689/1756 POM_5V_GPU 82/86 POM_5V_CPU 164/208
RAM 1393/3964MB (lfb 8x4MB) SWAP 758/6078MB (cached 38MB) IRAM 0/252kB(lfb 252kB) CPU [6%@921,7%@921,off,off] EMC_FREQ 0%@1600 GR3D_FREQ 0%@614 APE 25 PLL@30C CPU@31.5C iwlwifi@32C PMIC@50C GPU@30C AO@41C thermal@30.75C POM_5V_IN 1731/1756 POM_5V_GPU 82/86 POM_5V_CPU 164/208
RAM 1393/3964MB (lfb 8x4MB) SWAP 758/6078MB (cached 38MB) IRAM 0/252kB(lfb 252kB) CPU [5%@921,9%@921,off,off] EMC_FREQ 0%@1600 GR3D_FREQ 0%@614 APE 25 PLL@30C CPU@31.5C iwlwifi@32C PMIC@50C GPU@30C AO@41C thermal@30.75C POM_5V_IN 1689/1756 POM_5V_GPU 82/86 POM_5V_CPU 164/208
RAM 1397/3964MB (lfb 8x4MB) SWAP 758/6078MB (cached 38MB) IRAM 0/252kB(lfb 252kB) CPU [5%@921,8%@921,off,off] EMC_FREQ 0%@1600 GR3D_FREQ 0%@614 APE 25 PLL@30C CPU@31.5C iwlwifi@33C PMIC@50C GPU@30C AO@41C thermal@31C POM_5V_IN 1689/1755 POM_5V_GPU 82/86 POM_5V_CPU 164/208
RAM 1397/3964MB (lfb 8x4MB) SWAP 758/6078MB (cached 38MB) IRAM 0/252kB(lfb 252kB) CPU [7%@921,6%@921,off,off] EMC_FREQ 0%@1600 GR3D_FREQ 0%@614 APE 25 PLL@30.5C CPU@32C iwlwifi@32C PMIC@50C GPU@30C AO@40.5C thermal@30.75C POM_5V_IN 1689/1755 POM_5V_GPU 82/86 POM_5V_CPU 164/208
RAM 1395/3964MB (lfb 8x4MB) SWAP 758/6078MB (cached 38MB) IRAM 0/252kB(lfb 252kB) CPU [6%@921,8%@921,off,off] EMC_FREQ 0%@1600 GR3D_FREQ 0%@614 APE 25 PLL@30C CPU@31.5C iwlwifi@32C PMIC@50C GPU@30C AO@40.5C thermal@30.75C POM_5V_IN 1689/1755 POM_5V_GPU 82/86 POM_5V_CPU 164/208
RAM 1394/3964MB (lfb 8x4MB) SWAP 758/6078MB (cached 38MB) IRAM 0/252kB(lfb 252kB) CPU [9%@921,4%@921,off,off] EMC_FREQ 0%@1600 GR3D_FREQ 0%@614 APE 25 PLL@30C CPU@31.5C iwlwifi@32C PMIC@50C GPU@30C AO@41C thermal@30.75C POM_5V_IN 1689/1755 POM_5V_GPU 82/86 POM_5V_CPU 164/207
RAM 1395/3964MB (lfb 8x4MB) SWAP 758/6078MB (cached 38MB) IRAM 0/252kB(lfb 252kB) CPU [5%@921,9%@921,off,off] EMC_FREQ 0%@1600 GR3D_FREQ 0%@614 APE 25 PLL@29.5C CPU@31C iwlwifi@32C PMIC@50C GPU@30C AO@41C thermal@30.75C POM_5V_IN 1689/1755 POM_5V_GPU 82/86 POM_5V_CPU 164/207
RAM 1397/3964MB (lfb 8x4MB) SWAP 758/6078MB (cached 38MB) IRAM 0/252kB(lfb 252kB) CPU [6%@921,7%@921,off,off] EMC_FREQ 0%@1600 GR3D_FREQ 0%@614 APE 25 PLL@29.5C CPU@31.5C iwlwifi@32C PMIC@50C GPU@30.5C AO@41C thermal@30.75C POM_5V_IN 1731/1755 POM_5V_GPU 82/86 POM_5V_CPU 164/207
RAM 1395/3964MB (lfb 8x4MB) SWAP 758/6078MB (cached 38MB) IRAM 0/252kB(lfb 252kB) CPU [7%@921,6%@921,off,off] EMC_FREQ 0%@1600 GR3D_FREQ 0%@614 APE 25 PLL@29.5C CPU@31.5C iwlwifi@32C PMIC@50C GPU@30C AO@41C thermal@30.75C POM_5V_IN 1689/1755 POM_5V_GPU 82/86 POM_5V_CPU 164/207
RAM 1397/3964MB (lfb 8x4MB) SWAP 758/6078MB (cached 38MB) IRAM 0/252kB(lfb 252kB) CPU [8%@921,5%@921,off,off] EMC_FREQ 0%@1600 GR3D_FREQ 0%@614 APE 25 PLL@30C CPU@31.5C iwlwifi@32C PMIC@50C GPU@30C AO@41C thermal@30.75C POM_5V_IN 1689/1755 POM_5V_GPU 82/86 POM_5V_CPU 164/207
RAM 1395/3964MB (lfb 8x4MB) SWAP 758/6078MB (cached 38MB) IRAM 0/252kB(lfb 252kB) CPU [8%@921,6%@921,off,off] EMC_FREQ 0%@1600 GR3D_FREQ 0%@614 APE 25 PLL@30C CPU@31.5C iwlwifi@32C PMIC@50C GPU@30C AO@41C thermal@30.75C POM_5V_IN 1689/1755 POM_5V_GPU 82/86 POM_5V_CPU 164/207
RAM 1393/3964MB (lfb 8x4MB) SWAP 758/6078MB (cached 38MB) IRAM 0/252kB(lfb 252kB) CPU [7%@921,6%@921,off,off] EMC_FREQ 0%@1600 GR3D_FREQ 0%@614 APE 25 PLL@29.5C CPU@31.5C iwlwifi@32C PMIC@50C GPU@30C AO@41C thermal@30.5C POM_5V_IN 1689/1755 POM_5V_GPU 82/86 POM_5V_CPU 164/207
RAM 1395/3964MB (lfb 8x4MB) SWAP 758/6078MB (cached 38MB) IRAM 0/252kB(lfb 252kB) CPU [7%@921,7%@921,off,off] EMC_FREQ 0%@1600 GR3D_FREQ 0%@614 APE 25 PLL@29.5C CPU@31.5C iwlwifi@32C PMIC@50C GPU@30C AO@41C thermal@31C POM_5V_IN 1689/1755 POM_5V_GPU 82/86 POM_5V_CPU 164/207
RAM 1395/3964MB (lfb 8x4MB) SWAP 758/6078MB (cached 38MB) IRAM 0/252kB(lfb 252kB) CPU [6%@921,8%@921,off,off] EMC_FREQ 0%@1600 GR3D_FREQ 0%@614 APE 25 PLL@30C CPU@31.5C iwlwifi@33C PMIC@50C GPU@30.5C AO@41C thermal@31C POM_5V_IN 1728/1755 POM_5V_GPU 82/86 POM_5V_CPU 164/207
RAM 1395/3964MB (lfb 8x4MB) SWAP 758/6078MB (cached 38MB) IRAM 0/252kB(lfb 252kB) CPU [6%@921,8%@921,off,off] EMC_FREQ 0%@1600 GR3D_FREQ 0%@614 APE 25 PLL@30C CPU@31.5C iwlwifi@32C PMIC@50C GPU@29.5C AO@41C thermal@30.75C POM_5V_IN 1689/1755 POM_5V_GPU 82/86 POM_5V_CPU 164/207
RAM 1397/3964MB (lfb 8x4MB) SWAP 758/6078MB (cached 38MB) IRAM 0/252kB(lfb 252kB) CPU [8%@921,5%@921,off,off] EMC_FREQ 0%@1600 GR3D_FREQ 0%@614 APE 25 PLL@30C CPU@31.5C iwlwifi@32C PMIC@50C GPU@30C AO@41C thermal@31C POM_5V_IN 1813/1755 POM_5V_GPU 82/86 POM_5V_CPU 246/207
RAM 1398/3964MB (lfb 8x4MB) SWAP 758/6078MB (cached 38MB) IRAM 0/252kB(lfb 252kB) CPU [5%@921,9%@921,off,off] EMC_FREQ 0%@1600 GR3D_FREQ 0%@614 APE 25 PLL@30C CPU@32C iwlwifi@32C PMIC@50C GPU@30C AO@41C thermal@30.5C POM_5V_IN 1731/1755 POM_5V_GPU 82/86 POM_5V_CPU 164/207
RAM 1393/3964MB (lfb 8x4MB) SWAP 758/6078MB (cached 38MB) IRAM 0/252kB(lfb 252kB) CPU [5%@921,8%@921,off,off] EMC_FREQ 0%@1600 GR3D_FREQ 0%@614 APE 25 PLL@30C CPU@31.5C iwlwifi@32C PMIC@50C GPU@30C AO@41C thermal@30.75C POM_5V_IN 1689/1755 POM_5V_GPU 82/86 POM_5V_CPU 164/207
RAM 1397/3964MB (lfb 8x4MB) SWAP 758/6078MB (cached 38MB) IRAM 0/252kB(lfb 252kB) CPU [8%@921,6%@921,off,off] EMC_FREQ 0%@1600 GR3D_FREQ 0%@614 APE 25 PLL@30C CPU@31.5C iwlwifi@32C PMIC@50C GPU@30C AO@41C thermal@30.75C POM_5V_IN 1689/1755 POM_5V_GPU 82/86 POM_5V_CPU 164/207
RAM 1396/3964MB (lfb 8x4MB) SWAP 758/6078MB (cached 38MB) IRAM 0/252kB(lfb 252kB) CPU [8%@921,6%@921,off,off] EMC_FREQ 0%@1600 GR3D_FREQ 0%@614 APE 25 PLL@30C CPU@31.5C iwlwifi@32C PMIC@50C GPU@30C AO@41.5C thermal@30.75C POM_5V_IN 1851/1755 POM_5V_GPU 82/86 POM_5V_CPU 288/207
RAM 1395/3964MB (lfb 8x4MB) SWAP 758/6078MB (cached 38MB) IRAM 0/252kB(lfb 252kB) CPU [7%@921,6%@921,off,off] EMC_FREQ 0%@1600 GR3D_FREQ 0%@614 APE 25 PLL@29.5C CPU@31.5C iwlwifi@32C PMIC@50C GPU@30C AO@41C thermal@30.75C POM_5V_IN 1689/1755 POM_5V_GPU 82/86 POM_5V_CPU 164/207
RAM 1397/3964MB (lfb 8x4MB) SWAP 758/6078MB (cached 38MB) IRAM 0/252kB(lfb 252kB) CPU [8%@921,6%@921,off,off] EMC_FREQ 0%@1600 GR3D_FREQ 0%@614 APE 25 PLL@29.5C CPU@31.5C iwlwifi@32C PMIC@50C GPU@30C AO@41C thermal@31C POM_5V_IN 1689/1755 POM_5V_GPU 82/86 POM_5V_CPU 164/207
RAM 1393/3964MB (lfb 8x4MB) SWAP 758/6078MB (cached 38MB) IRAM 0/252kB(lfb 252kB) CPU [7%@921,6%@921,off,off] EMC_FREQ 0%@1600 GR3D_FREQ 0%@614 APE 25 PLL@29.5C CPU@31.5C iwlwifi@32C PMIC@50C GPU@30.5C AO@41C thermal@30.75C POM_5V_IN 1731/1755 POM_5V_GPU 82/86 POM_5V_CPU 164/207
RAM 1393/3964MB (lfb 8x4MB) SWAP 758/6078MB (cached 38MB) IRAM 0/252kB(lfb 252kB) CPU [6%@921,7%@921,off,off] EMC_FREQ 0%@1600 GR3D_FREQ 0%@614 APE 25 PLL@29.5C CPU@31.5C iwlwifi@32C PMIC@50C GPU@30.5C AO@41C thermal@30.75C POM_5V_IN 1689/1755 POM_5V_GPU 82/86 POM_5V_CPU 164/207
RAM 1395/3964MB (lfb 8x4MB) SWAP 758/6078MB (cached 38MB) IRAM 0/252kB(lfb 252kB) CPU [8%@921,5%@921,off,off] EMC_FREQ 0%@1600 GR3D_FREQ 0%@614 APE 25 PLL@30C CPU@31.5C iwlwifi@32C PMIC@50C GPU@30C AO@41C thermal@30.75C POM_5V_IN 1731/1755 POM_5V_GPU 82/86 POM_5V_CPU 164/207
RAM 1397/3964MB (lfb 8x4MB) SWAP 758/6078MB (cached 38MB) IRAM 0/252kB(lfb 252kB) CPU [8%@921,5%@921,off,off] EMC_FREQ 0%@1600 GR3D_FREQ 0%@614 APE 25 PLL@30C CPU@31.5C iwlwifi@32C PMIC@50C GPU@30C AO@41.5C thermal@30.75C POM_5V_IN 1728/1755 POM_5V_GPU 82/86 POM_5V_CPU 164/207
RAM 1397/3964MB (lfb 8x4MB) SWAP 758/6078MB (cached 38MB) IRAM 0/252kB(lfb 252kB) CPU [9%@921,5%@921,off,off] EMC_FREQ 0%@1600 GR3D_FREQ 0%@614 APE 25 PLL@30C CPU@31.5C iwlwifi@32C PMIC@50C GPU@30C AO@41C thermal@30.75C POM_5V_IN 1689/1755 POM_5V_GPU 82/86 POM_5V_CPU 164/207
RAM 1393/3964MB (lfb 8x4MB) SWAP 758/6078MB (cached 38MB) IRAM 0/252kB(lfb 252kB) CPU [8%@921,6%@921,off,off] EMC_FREQ 0%@1600 GR3D_FREQ 0%@614 APE 25 PLL@29.5C CPU@31.5C iwlwifi@32C PMIC@50C GPU@30C AO@41C thermal@31C POM_5V_IN 1728/1755 POM_5V_GPU 82/86 POM_5V_CPU 164/207
RAM 1398/3964MB (lfb 8x4MB) SWAP 758/6078MB (cached 38MB) IRAM 0/252kB(lfb 252kB) CPU [7%@921,6%@921,off,off] EMC_FREQ 0%@1600 GR3D_FREQ 0%@614 APE 25 PLL@29.5C CPU@32C iwlwifi@32C PMIC@50C GPU@30C AO@41C thermal@31C POM_5V_IN 1689/1755 POM_5V_GPU 82/86 POM_5V_CPU 164/207
RAM 1394/3964MB (lfb 8x4MB) SWAP 758/6078MB (cached 38MB) IRAM 0/252kB(lfb 252kB) CPU [9%@921,4%@921,off,off] EMC_FREQ 0%@1600 GR3D_FREQ 0%@614 APE 25 PLL@29.5C CPU@31.5C iwlwifi@32C PMIC@50C GPU@30C AO@41C thermal@30.75C POM_5V_IN 1731/1755 POM_5V_GPU 82/86 POM_5V_CPU 164/207
RAM 1393/3964MB (lfb 8x4MB) SWAP 758/6078MB (cached 38MB) IRAM 0/252kB(lfb 252kB) CPU [6%@921,7%@921,off,off] EMC_FREQ 0%@1600 GR3D_FREQ 0%@614 APE 25 PLL@30C CPU@32C iwlwifi@32C PMIC@50C GPU@30C AO@41C thermal@31C POM_5V_IN 1689/1755 POM_5V_GPU 82/86 POM_5V_CPU 164/207
RAM 1393/3964MB (lfb 8x4MB) SWAP 758/6078MB (cached 38MB) IRAM 0/252kB(lfb 252kB) CPU [5%@921,9%@921,off,off] EMC_FREQ 0%@1600 GR3D_FREQ 0%@614 APE 25 PLL@30C CPU@31C iwlwifi@32C PMIC@50C GPU@30.5C AO@41C thermal@30.75C POM_5V_IN 1689/1755 POM_5V_GPU 82/86 POM_5V_CPU 164/207
RAM 1397/3964MB (lfb 8x4MB) SWAP 758/6078MB (cached 38MB) IRAM 0/252kB(lfb 252kB) CPU [7%@921,7%@921,off,off] EMC_FREQ 0%@1600 GR3D_FREQ 0%@614 APE 25 PLL@30C CPU@31.5C iwlwifi@32C PMIC@50C GPU@30.5C AO@41C thermal@31C POM_5V_IN 1689/1755 POM_5V_GPU 82/86 POM_5V_CPU 164/207
RAM 1395/3964MB (lfb 8x4MB) SWAP 758/6078MB (cached 38MB) IRAM 0/252kB(lfb 252kB) CPU [8%@921,6%@921,off,off] EMC_FREQ 0%@1600 GR3D_FREQ 0%@614 APE 25 PLL@29.5C CPU@31.5C iwlwifi@32C PMIC@50C GPU@30C AO@41C thermal@31C POM_5V_IN 1689/1755 POM_5V_GPU 82/86 POM_5V_CPU 164/207
RAM 1393/3964MB (lfb 8x4MB) SWAP 758/6078MB (cached 38MB) IRAM 0/252kB(lfb 252kB) CPU [8%@921,4%@921,off,off] EMC_FREQ 0%@1600 GR3D_FREQ 0%@614 APE 25 PLL@30C CPU@32C iwlwifi@32C PMIC@50C GPU@30C AO@41C thermal@30.75C POM_5V_IN 1689/1755 POM_5V_GPU 82/86 POM_5V_CPU 164/207
RAM 1395/3964MB (lfb 8x4MB) SWAP 758/6078MB (cached 38MB) IRAM 0/252kB(lfb 252kB) CPU [6%@921,8%@921,off,off] EMC_FREQ 0%@1600 GR3D_FREQ 0%@614 APE 25 PLL@30C CPU@32C iwlwifi@32C PMIC@50C GPU@30C AO@41C thermal@30.5C POM_5V_IN 1689/1755 POM_5V_GPU 82/86 POM_5V_CPU 164/207
RAM 1394/3964MB (lfb 8x4MB) SWAP 758/6078MB (cached 38MB) IRAM 0/252kB(lfb 252kB) CPU [7%@921,7%@921,off,off] EMC_FREQ 0%@1600 GR3D_FREQ 0%@614 APE 25 PLL@30C CPU@31.5C iwlwifi@32C PMIC@50C GPU@30C AO@41C thermal@30.75C POM_5V_IN 1689/1755 POM_5V_GPU 82/86 POM_5V_CPU 123/207
RAM 1394/3964MB (lfb 8x4MB) SWAP 758/6078MB (cached 38MB) IRAM 0/252kB(lfb 252kB) CPU [5%@921,8%@921,off,off] EMC_FREQ 0%@1600 GR3D_FREQ 0%@614 APE 25 PLL@30C CPU@31.5C iwlwifi@32C PMIC@50C GPU@30C AO@41C thermal@30.75C POM_5V_IN 1689/1755 POM_5V_GPU 82/86 POM_5V_CPU 164/207
RAM 1396/3964MB (lfb 8x4MB) SWAP 758/6078MB (cached 38MB) IRAM 0/252kB(lfb 252kB) CPU [8%@921,6%@921,off,off] EMC_FREQ 0%@1600 GR3D_FREQ 0%@614 APE 25 PLL@30C CPU@31.5C iwlwifi@32C PMIC@50C GPU@30C AO@41C thermal@30.75C POM_5V_IN 1689/1755 POM_5V_GPU 82/86 POM_5V_CPU 164/207
RAM 1398/3964MB (lfb 8x4MB) SWAP 758/6078MB (cached 38MB) IRAM 0/252kB(lfb 252kB) CPU [6%@921,8%@921,off,off] EMC_FREQ 0%@1600 GR3D_FREQ 0%@614 APE 25 PLL@30C CPU@31.5C iwlwifi@32C PMIC@50C GPU@30C AO@41C thermal@31C POM_5V_IN 1689/1755 POM_5V_GPU 82/86 POM_5V_CPU 164/207
RAM 1393/3964MB (lfb 8x4MB) SWAP 758/6078MB (cached 38MB) IRAM 0/252kB(lfb 252kB) CPU [9%@921,5%@921,off,off] EMC_FREQ 0%@1600 GR3D_FREQ 0%@614 APE 25 PLL@30C CPU@31C iwlwifi@32C PMIC@50C GPU@30C AO@41C thermal@30.75C POM_5V_IN 1689/1755 POM_5V_GPU 82/86 POM_5V_CPU 164/207
RAM 1394/3964MB (lfb 8x4MB) SWAP 758/6078MB (cached 38MB) IRAM 0/252kB(lfb 252kB) CPU [6%@921,7%@921,off,off] EMC_FREQ 0%@1600 GR3D_FREQ 0%@614 APE 25 PLL@30C CPU@31C iwlwifi@32C PMIC@50C GPU@30C AO@41C thermal@30.75C POM_5V_IN 1689/1755 POM_5V_GPU 82/86 POM_5V_CPU 164/207
RAM 1398/3964MB (lfb 8x4MB) SWAP 758/6078MB (cached 38MB) IRAM 0/252kB(lfb 252kB) CPU [6%@921,7%@921,off,off] EMC_FREQ 0%@1600 GR3D_FREQ 0%@614 APE 25 PLL@29.5C CPU@31.5C iwlwifi@32C PMIC@50C GPU@30C AO@41C thermal@31C POM_5V_IN 1731/1755 POM_5V_GPU 82/86 POM_5V_CPU 164/207
RAM 1395/3964MB (lfb 8x4MB) SWAP 758/6078MB (cached 38MB) IRAM 0/252kB(lfb 252kB) CPU [8%@921,5%@921,off,off] EMC_FREQ 0%@1600 GR3D_FREQ 0%@614 APE 25 PLL@30C CPU@32C iwlwifi@32C PMIC@50C GPU@30C AO@41C thermal@30.75C POM_5V_IN 1731/1755 POM_5V_GPU 82/86 POM_5V_CPU 164/207
RAM 1393/3964MB (lfb 8x4MB) SWAP 758/6078MB (cached 38MB) IRAM 0/252kB(lfb 252kB) CPU [6%@921,9%@921,off,off] EMC_FREQ 0%@1600 GR3D_FREQ 0%@614 APE 25 PLL@30C CPU@31.5C iwlwifi@32C PMIC@50C GPU@30C AO@41C thermal@30.75C POM_5V_IN 1689/1755 POM_5V_GPU 82/86 POM_5V_CPU 164/207
RAM 1395/3964MB (lfb 8x4MB) SWAP 758/6078MB (cached 38MB) IRAM 0/252kB(lfb 252kB) CPU [6%@921,7%@921,off,off] EMC_FREQ 0%@1600 GR3D_FREQ 0%@614 APE 25 PLL@30C CPU@31.5C iwlwifi@32C PMIC@50C GPU@30C AO@41C thermal@30.75C POM_5V_IN 1689/1755 POM_5V_GPU 82/86 POM_5V_CPU 164/207
RAM 1398/3964MB (lfb 8x4MB) SWAP 758/6078MB (cached 38MB) IRAM 0/252kB(lfb 252kB) CPU [8%@921,6%@921,off,off] EMC_FREQ 0%@1600 GR3D_FREQ 0%@614 APE 25 PLL@30C CPU@31.5C iwlwifi@32C PMIC@50C GPU@30C AO@41C thermal@30.75C POM_5V_IN 1689/1755 POM_5V_GPU 82/86 POM_5V_CPU 164/207
RAM 1395/3964MB (lfb 8x4MB) SWAP 758/6078MB (cached 38MB) IRAM 0/252kB(lfb 252kB) CPU [8%@921,6%@921,off,off] EMC_FREQ 0%@1600 GR3D_FREQ 0%@614 APE 25 PLL@30C CPU@31.5C iwlwifi@32C PMIC@50C GPU@30C AO@41C thermal@30.75C POM_5V_IN 1689/1755 POM_5V_GPU 82/86 POM_5V_CPU 164/207
RAM 1395/3964MB (lfb 8x4MB) SWAP 758/6078MB (cached 38MB) IRAM 0/252kB(lfb 252kB) CPU [11%@921,3%@921,off,off] EMC_FREQ 0%@1600 GR3D_FREQ 0%@614 APE 25 PLL@30C CPU@31.5C iwlwifi@32C PMIC@50C GPU@30C AO@41C thermal@30.75C POM_5V_IN 1728/1755 POM_5V_GPU 82/86 POM_5V_CPU 205/207
RAM 1398/3964MB (lfb 8x4MB) SWAP 758/6078MB (cached 38MB) IRAM 0/252kB(lfb 252kB) CPU [7%@921,6%@921,off,off] EMC_FREQ 0%@1600 GR3D_FREQ 0%@614 APE 25 PLL@30C CPU@31.5C iwlwifi@32C PMIC@50C GPU@30C AO@41C thermal@30.75C POM_5V_IN 1689/1755 POM_5V_GPU 82/86 POM_5V_CPU 164/207
RAM 1395/3964MB (lfb 8x4MB) SWAP 758/6078MB (cached 38MB) IRAM 0/252kB(lfb 252kB) CPU [7%@921,6%@921,off,off] EMC_FREQ 0%@1600 GR3D_FREQ 0%@614 APE 25 PLL@30C CPU@31.5C iwlwifi@32C PMIC@50C GPU@30C AO@41C thermal@30.75C POM_5V_IN 1689/1755 POM_5V_GPU 82/86 POM_5V_CPU 164/207
RAM 1396/3964MB (lfb 8x4MB) SWAP 758/6078MB (cached 38MB) IRAM 0/252kB(lfb 252kB) CPU [8%@921,6%@921,off,off] EMC_FREQ 0%@1600 GR3D_FREQ 0%@614 APE 25 PLL@30C CPU@31.5C iwlwifi@32C PMIC@50C GPU@30C AO@41C thermal@30.75C POM_5V_IN 1731/1755 POM_5V_GPU 82/86 POM_5V_CPU 164/207
RAM 1395/3964MB (lfb 8x4MB) SWAP 758/6078MB (cached 38MB) IRAM 0/252kB(lfb 252kB) CPU [7%@921,7%@921,off,off] EMC_FREQ 0%@1600 GR3D_FREQ 0%@614 APE 25 PLL@30C CPU@31.5C iwlwifi@32C PMIC@50C GPU@30C AO@41.5C thermal@30.5C POM_5V_IN 1689/1755 POM_5V_GPU 82/86 POM_5V_CPU 164/207
RAM 1394/3964MB (lfb 8x4MB) SWAP 758/6078MB (cached 38MB) IRAM 0/252kB(lfb 252kB) CPU [8%@921,6%@921,off,off] EMC_FREQ 0%@1600 GR3D_FREQ 0%@614 APE 25 PLL@30C CPU@31.5C iwlwifi@32C PMIC@50C GPU@30C AO@41C thermal@30.75C POM_5V_IN 1689/1755 POM_5V_GPU 82/86 POM_5V_CPU 164/207
RAM 1393/3964MB (lfb 8x4MB) SWAP 758/6078MB (cached 38MB) IRAM 0/252kB(lfb 252kB) CPU [7%@921,7%@921,off,off] EMC_FREQ 0%@1600 GR3D_FREQ 0%@614 APE 25 PLL@30C CPU@31.5C iwlwifi@32C PMIC@50C GPU@30C AO@41C thermal@30.75C POM_5V_IN 1689/1755 POM_5V_GPU 82/86 POM_5V_CPU 164/207
RAM 1393/3964MB (lfb 8x4MB) SWAP 758/6078MB (cached 38MB) IRAM 0/252kB(lfb 252kB) CPU [7%@921,5%@921,off,off] EMC_FREQ 0%@1600 GR3D_FREQ 0%@614 APE 25 PLL@30C CPU@31.5C iwlwifi@32C PMIC@50C GPU@30.5C AO@41C thermal@30.75C POM_5V_IN 1689/1755 POM_5V_GPU 82/86 POM_5V_CPU 164/207
RAM 1394/3964MB (lfb 8x4MB) SWAP 758/6078MB (cached 38MB) IRAM 0/252kB(lfb 252kB) CPU [8%@921,6%@921,off,off] EMC_FREQ 0%@1600 GR3D_FREQ 0%@614 APE 25 PLL@29.5C CPU@31.5C iwlwifi@32C PMIC@50C GPU@30C AO@41C thermal@30.75C POM_5V_IN 1689/1755 POM_5V_GPU 82/86 POM_5V_CPU 164/207
RAM 1398/3964MB (lfb 8x4MB) SWAP 758/6078MB (cached 38MB) IRAM 0/252kB(lfb 252kB) CPU [4%@921,9%@921,off,off] EMC_FREQ 0%@1600 GR3D_FREQ 0%@614 APE 25 PLL@29.5C CPU@31.5C iwlwifi@32C PMIC@50C GPU@30C AO@41.5C thermal@30.75C POM_5V_IN 1687/1755 POM_5V_GPU 82/86 POM_5V_CPU 164/207
RAM 1398/3964MB (lfb 8x4MB) SWAP 758/6078MB (cached 38MB) IRAM 0/252kB(lfb 252kB) CPU [6%@921,7%@921,off,off] EMC_FREQ 0%@1600 GR3D_FREQ 0%@614 APE 25 PLL@29.5C CPU@31.5C iwlwifi@32C PMIC@50C GPU@29.5C AO@41C thermal@30.75C POM_5V_IN 1689/1754 POM_5V_GPU 82/86 POM_5V_CPU 164/207
RAM 1399/3964MB (lfb 8x4MB) SWAP 758/6078MB (cached 38MB) IRAM 0/252kB(lfb 252kB) CPU [6%@921,7%@921,off,off] EMC_FREQ 0%@1600 GR3D_FREQ 0%@614 APE 25 PLL@29.5C CPU@31C iwlwifi@32C PMIC@50C GPU@30C AO@41C thermal@30.5C POM_5V_IN 1689/1754 POM_5V_GPU 82/86 POM_5V_CPU 164/207
RAM 1397/3964MB (lfb 8x4MB) SWAP 758/6078MB (cached 38MB) IRAM 0/252kB(lfb 252kB) CPU [8%@921,6%@921,off,off] EMC_FREQ 0%@1600 GR3D_FREQ 0%@614 APE 25 PLL@29.5C CPU@31.5C iwlwifi@32C PMIC@50C GPU@30C AO@41C thermal@30.5C POM_5V_IN 1731/1754 POM_5V_GPU 82/86 POM_5V_CPU 164/207
RAM 1393/3964MB (lfb 8x4MB) SWAP 758/6078MB (cached 38MB) IRAM 0/252kB(lfb 252kB) CPU [7%@921,7%@921,off,off] EMC_FREQ 0%@1600 GR3D_FREQ 0%@614 APE 25 PLL@29.5C CPU@31C iwlwifi@32C PMIC@50C GPU@30C AO@41C thermal@30.75C POM_5V_IN 1731/1754 POM_5V_GPU 82/86 POM_5V_CPU 164/207
RAM 1398/3964MB (lfb 8x4MB) SWAP 758/6078MB (cached 38MB) IRAM 0/252kB(lfb 252kB) CPU [7%@921,6%@921,off,off] EMC_FREQ 0%@1600 GR3D_FREQ 0%@614 APE 25 PLL@30C CPU@31C iwlwifi@32C PMIC@50C GPU@30C AO@41C thermal@30.75C POM_5V_IN 1731/1754 POM_5V_GPU 82/86 POM_5V_CPU 164/207
RAM 1396/3964MB (lfb 8x4MB) SWAP 758/6078MB (cached 38MB) IRAM 0/252kB(lfb 252kB) CPU [10%@921,4%@921,off,off] EMC_FREQ 0%@1600 GR3D_FREQ 0%@614 APE 25 PLL@29.5C CPU@31.5C iwlwifi@32C PMIC@50C GPU@30C AO@41C thermal@30.75C POM_5V_IN 1687/1754 POM_5V_GPU 82/86 POM_5V_CPU 164/207
RAM 1393/3964MB (lfb 8x4MB) SWAP 758/6078MB (cached 38MB) IRAM 0/252kB(lfb 252kB) CPU [8%@921,7%@921,off,off] EMC_FREQ 0%@1600 GR3D_FREQ 0%@614 APE 25 PLL@29.5C CPU@31.5C iwlwifi@33C PMIC@50C GPU@30.5C AO@41C thermal@30.5C POM_5V_IN 1689/1754 POM_5V_GPU 82/86 POM_5V_CPU 164/207
RAM 1398/3964MB (lfb 8x4MB) SWAP 758/6078MB (cached 38MB) IRAM 0/252kB(lfb 252kB) CPU [8%@921,6%@921,off,off] EMC_FREQ 0%@1600 GR3D_FREQ 0%@614 APE 25 PLL@30C CPU@31C iwlwifi@33C PMIC@50C GPU@30C AO@41C thermal@30.75C POM_5V_IN 1687/1754 POM_5V_GPU 82/86 POM_5V_CPU 164/207
RAM 1396/3964MB (lfb 8x4MB) SWAP 758/6078MB (cached 38MB) IRAM 0/252kB(lfb 252kB) CPU [8%@921,6%@921,off,off] EMC_FREQ 0%@1600 GR3D_FREQ 0%@614 APE 25 PLL@29.5C CPU@31C iwlwifi@32C PMIC@50C GPU@30C AO@40.5C thermal@30.75C POM_5V_IN 1689/1754 POM_5V_GPU 82/86 POM_5V_CPU 164/207
RAM 1399/3964MB (lfb 8x4MB) SWAP 758/6078MB (cached 38MB) IRAM 0/252kB(lfb 252kB) CPU [9%@921,4%@921,off,off] EMC_FREQ 0%@1600 GR3D_FREQ 0%@614 APE 25 PLL@30C CPU@31.5C iwlwifi@32C PMIC@50C GPU@30C AO@41C thermal@31C POM_5V_IN 1689/1754 POM_5V_GPU 82/86 POM_5V_CPU 164/207
RAM 1394/3964MB (lfb 8x4MB) SWAP 758/6078MB (cached 38MB) IRAM 0/252kB(lfb 252kB) CPU [7%@921,7%@921,off,off] EMC_FREQ 0%@1600 GR3D_FREQ 0%@614 APE 25 PLL@30C CPU@31.5C iwlwifi@32C PMIC@50C GPU@30C AO@41C thermal@30.5C POM_5V_IN 1728/1754 POM_5V_GPU 82/86 POM_5V_CPU 164/207
RAM 1398/3964MB (lfb 8x4MB) SWAP 758/6078MB (cached 38MB) IRAM 0/252kB(lfb 252kB) CPU [8%@921,6%@921,off,off] EMC_FREQ 0%@1600 GR3D_FREQ 0%@614 APE 25 PLL@30C CPU@31.5C iwlwifi@33C PMIC@50C GPU@30.5C AO@41C thermal@30.75C POM_5V_IN 1689/1754 POM_5V_GPU 82/86 POM_5V_CPU 164/207
RAM 1398/3964MB (lfb 8x4MB) SWAP 758/6078MB (cached 38MB) IRAM 0/252kB(lfb 252kB) CPU [8%@921,7%@921,off,off] EMC_FREQ 0%@1600 GR3D_FREQ 0%@614 APE 25 PLL@30C CPU@31.5C iwlwifi@32C PMIC@50C GPU@30C AO@41C thermal@30.75C POM_5V_IN 1689/1754 POM_5V_GPU 82/86 POM_5V_CPU 164/207
RAM 1396/3964MB (lfb 8x4MB) SWAP 758/6078MB (cached 38MB) IRAM 0/252kB(lfb 252kB) CPU [5%@921,8%@921,off,off] EMC_FREQ 0%@1600 GR3D_FREQ 0%@614 APE 25 PLL@30C CPU@31.5C iwlwifi@32C PMIC@50C GPU@30C AO@41C thermal@30.5C POM_5V_IN 1689/1754 POM_5V_GPU 82/86 POM_5V_CPU 164/207
RAM 1398/3964MB (lfb 8x4MB) SWAP 758/6078MB (cached 38MB) IRAM 0/252kB(lfb 252kB) CPU [7%@921,6%@921,off,off] EMC_FREQ 0%@1600 GR3D_FREQ 0%@614 APE 25 PLL@30C CPU@31.5C iwlwifi@33C PMIC@50C GPU@30C AO@41C thermal@30.75C POM_5V_IN 1689/1754 POM_5V_GPU 82/86 POM_5V_CPU 164/207
RAM 1395/3964MB (lfb 8x4MB) SWAP 758/6078MB (cached 38MB) IRAM 0/252kB(lfb 252kB) CPU [7%@921,6%@921,off,off] EMC_FREQ 0%@1600 GR3D_FREQ 0%@614 APE 25 PLL@30C CPU@31.5C iwlwifi@32C PMIC@50C GPU@30C AO@41.5C thermal@30.75C POM_5V_IN 1728/1754 POM_5V_GPU 82/86 POM_5V_CPU 164/207
RAM 1396/3964MB (lfb 8x4MB) SWAP 758/6078MB (cached 38MB) IRAM 0/252kB(lfb 252kB) CPU [7%@921,7%@921,off,off] EMC_FREQ 0%@1600 GR3D_FREQ 0%@614 APE 25 PLL@29.5C CPU@31.5C iwlwifi@32C PMIC@50C GPU@30C AO@41C thermal@30.75C POM_5V_IN 1689/1754 POM_5V_GPU 82/86 POM_5V_CPU 164/207
RAM 1394/3964MB (lfb 8x4MB) SWAP 758/6078MB (cached 38MB) IRAM 0/252kB(lfb 252kB) CPU [9%@921,5%@921,off,off] EMC_FREQ 0%@1600 GR3D_FREQ 0%@614 APE 25 PLL@30C CPU@31.5C iwlwifi@32C PMIC@50C GPU@30.5C AO@41C thermal@30.75C POM_5V_IN 1731/1754 POM_5V_GPU 82/86 POM_5V_CPU 164/207
RAM 1396/3964MB (lfb 8x4MB) SWAP 758/6078MB (cached 38MB) IRAM 0/252kB(lfb 252kB) CPU [8%@921,5%@921,off,off] EMC_FREQ 0%@1600 GR3D_FREQ 0%@614 APE 25 PLL@30C CPU@31.5C iwlwifi@32C PMIC@50C GPU@30C AO@41C thermal@30.75C POM_5V_IN 1689/1754 POM_5V_GPU 82/86 POM_5V_CPU 164/207
RAM 1396/3964MB (lfb 8x4MB) SWAP 758/6078MB (cached 38MB) IRAM 0/252kB(lfb 252kB) CPU [4%@921,9%@921,off,off] EMC_FREQ 0%@1600 GR3D_FREQ 0%@614 APE 25 PLL@29.5C CPU@31.5C iwlwifi@32C PMIC@50C GPU@30C AO@41C thermal@31C POM_5V_IN 1689/1754 POM_5V_GPU 82/86 POM_5V_CPU 164/207
RAM 1396/3964MB (lfb 8x4MB) SWAP 758/6078MB (cached 38MB) IRAM 0/252kB(lfb 252kB) CPU [6%@921,7%@921,off,off] EMC_FREQ 0%@1600 GR3D_FREQ 0%@614 APE 25 PLL@30C CPU@31.5C iwlwifi@32C PMIC@50C GPU@30C AO@41C thermal@30.75C POM_5V_IN 1689/1754 POM_5V_GPU 82/86 POM_5V_CPU 164/206
RAM 1397/3964MB (lfb 8x4MB) SWAP 758/6078MB (cached 38MB) IRAM 0/252kB(lfb 252kB) CPU [7%@921,6%@921,off,off] EMC_FREQ 0%@1600 GR3D_FREQ 0%@614 APE 25 PLL@29.5C CPU@31.5C iwlwifi@32C PMIC@50C GPU@30C AO@41C thermal@30.75C POM_5V_IN 1687/1754 POM_5V_GPU 82/86 POM_5V_CPU 164/206
RAM 1396/3964MB (lfb 8x4MB) SWAP 758/6078MB (cached 38MB) IRAM 0/252kB(lfb 252kB) CPU [6%@921,8%@921,off,off] EMC_FREQ 0%@1600 GR3D_FREQ 0%@614 APE 25 PLL@29.5C CPU@31.5C iwlwifi@32C PMIC@50C GPU@30C AO@41C thermal@30.75C POM_5V_IN 1851/1754 POM_5V_GPU 82/86 POM_5V_CPU 164/206
RAM 1396/3964MB (lfb 8x4MB) SWAP 758/6078MB (cached 38MB) IRAM 0/252kB(lfb 252kB) CPU [7%@921,7%@921,off,off] EMC_FREQ 0%@1600 GR3D_FREQ 0%@614 APE 25 PLL@30C CPU@31.5C iwlwifi@32C PMIC@50C GPU@30C AO@41C thermal@30.75C POM_5V_IN 1689/1754 POM_5V_GPU 82/86 POM_5V_CPU 123/206
RAM 1396/3964MB (lfb 8x4MB) SWAP 758/6078MB (cached 38MB) IRAM 0/252kB(lfb 252kB) CPU [6%@921,8%@921,off,off] EMC_FREQ 0%@1600 GR3D_FREQ 0%@614 APE 25 PLL@30C CPU@31.5C iwlwifi@32C PMIC@50C GPU@30C AO@41.5C thermal@30.75C POM_5V_IN 1689/1754 POM_5V_GPU 82/86 POM_5V_CPU 164/206
RAM 1398/3964MB (lfb 8x4MB) SWAP 758/6078MB (cached 38MB) IRAM 0/252kB(lfb 252kB) CPU [7%@921,7%@921,off,off] EMC_FREQ 0%@1600 GR3D_FREQ 0%@614 APE 25 PLL@30C CPU@31.5C iwlwifi@33C PMIC@50C GPU@30C AO@41.5C thermal@31C POM_5V_IN 1731/1754 POM_5V_GPU 82/86 POM_5V_CPU 164/206
RAM 1400/3964MB (lfb 8x4MB) SWAP 758/6078MB (cached 38MB) IRAM 0/252kB(lfb 252kB) CPU [6%@921,4%@921,off,off] EMC_FREQ 0%@1600 GR3D_FREQ 0%@614 APE 25 PLL@30C CPU@31.5C iwlwifi@34C PMIC@50C GPU@30C AO@41C thermal@30.75C POM_5V_IN 1934/1754 POM_5V_GPU 82/86 POM_5V_CPU 328/206
RAM 1396/3964MB (lfb 8x4MB) SWAP 758/6078MB (cached 38MB) IRAM 0/252kB(lfb 252kB) CPU [8%@921,7%@921,off,off] EMC_FREQ 0%@1600 GR3D_FREQ 0%@614 APE 25 PLL@30C CPU@31.5C iwlwifi@33C PMIC@50C GPU@30C AO@41C thermal@30.75C POM_5V_IN 1689/1754 POM_5V_GPU 82/86 POM_5V_CPU 164/206
RAM 1398/3964MB (lfb 8x4MB) SWAP 758/6078MB (cached 38MB) IRAM 0/252kB(lfb 252kB) CPU [5%@921,9%@921,off,off] EMC_FREQ 0%@1600 GR3D_FREQ 0%@614 APE 25 PLL@30C CPU@31.5C iwlwifi@33C PMIC@50C GPU@30C AO@41C thermal@30.75C POM_5V_IN 1689/1754 POM_5V_GPU 82/86 POM_5V_CPU 164/206
RAM 1399/3964MB (lfb 8x4MB) SWAP 758/6078MB (cached 38MB) IRAM 0/252kB(lfb 252kB) CPU [6%@921,8%@921,off,off] EMC_FREQ 0%@1600 GR3D_FREQ 0%@614 APE 25 PLL@30C CPU@31C iwlwifi@32C PMIC@50C GPU@30C AO@41C thermal@30.75C POM_5V_IN 1731/1754 POM_5V_GPU 82/86 POM_5V_CPU 164/206
RAM 1398/3964MB (lfb 8x4MB) SWAP 758/6078MB (cached 38MB) IRAM 0/252kB(lfb 252kB) CPU [5%@921,8%@921,off,off] EMC_FREQ 0%@1600 GR3D_FREQ 0%@614 APE 25 PLL@29.5C CPU@31C iwlwifi@32C PMIC@50C GPU@30C AO@41C thermal@30.75C POM_5V_IN 1689/1754 POM_5V_GPU 82/86 POM_5V_CPU 164/206
RAM 1396/3964MB (lfb 8x4MB) SWAP 758/6078MB (cached 38MB) IRAM 0/252kB(lfb 252kB) CPU [8%@921,6%@921,off,off] EMC_FREQ 0%@1600 GR3D_FREQ 0%@614 APE 25 PLL@30C CPU@31.5C iwlwifi@33C PMIC@50C GPU@30C AO@41C thermal@30.75C POM_5V_IN 1689/1754 POM_5V_GPU 82/86 POM_5V_CPU 164/206
RAM 1396/3964MB (lfb 8x4MB) SWAP 758/6078MB (cached 38MB) IRAM 0/252kB(lfb 252kB) CPU [7%@921,7%@921,off,off] EMC_FREQ 0%@1600 GR3D_FREQ 0%@614 APE 25 PLL@30C CPU@31.5C iwlwifi@32C PMIC@50C GPU@30C AO@41.5C thermal@30.75C POM_5V_IN 1689/1754 POM_5V_GPU 82/86 POM_5V_CPU 164/206
RAM 1396/3964MB (lfb 8x4MB) SWAP 758/6078MB (cached 38MB) IRAM 0/252kB(lfb 252kB) CPU [8%@921,7%@921,off,off] EMC_FREQ 0%@1600 GR3D_FREQ 0%@614 APE 25 PLL@30C CPU@31.5C iwlwifi@32C PMIC@50C GPU@30C AO@41C thermal@31C POM_5V_IN 1689/1754 POM_5V_GPU 82/86 POM_5V_CPU 164/206
RAM 1400/3964MB (lfb 8x4MB) SWAP 758/6078MB (cached 38MB) IRAM 0/252kB(lfb 252kB) CPU [5%@921,8%@921,off,off] EMC_FREQ 0%@1600 GR3D_FREQ 0%@614 APE 25 PLL@30C CPU@31.5C iwlwifi@32C PMIC@50C GPU@30C AO@41C thermal@30.5C POM_5V_IN 1689/1754 POM_5V_GPU 82/86 POM_5V_CPU 123/206
RAM 1397/3964MB (lfb 8x4MB) SWAP 758/6078MB (cached 38MB) IRAM 0/252kB(lfb 252kB) CPU [7%@921,7%@921,off,off] EMC_FREQ 0%@1600 GR3D_FREQ 0%@614 APE 25 PLL@30C CPU@31.5C iwlwifi@32C PMIC@50C GPU@30C AO@41C thermal@31C POM_5V_IN 1731/1754 POM_5V_GPU 82/86 POM_5V_CPU 164/206
RAM 1398/3964MB (lfb 8x4MB) SWAP 758/6078MB (cached 38MB) IRAM 0/252kB(lfb 252kB) CPU [6%@921,8%@921,off,off] EMC_FREQ 0%@1600 GR3D_FREQ 0%@614 APE 25 PLL@30C CPU@31.5C iwlwifi@33C PMIC@50C GPU@30C AO@41C thermal@31C POM_5V_IN 1689/1754 POM_5V_GPU 82/86 POM_5V_CPU 164/206
RAM 1398/3964MB (lfb 8x4MB) SWAP 758/6078MB (cached 38MB) IRAM 0/252kB(lfb 252kB) CPU [7%@921,8%@921,off,off] EMC_FREQ 0%@1600 GR3D_FREQ 0%@614 APE 25 PLL@29.5C CPU@31.5C iwlwifi@33C PMIC@50C GPU@30C AO@41C thermal@30.75C POM_5V_IN 1689/1754 POM_5V_GPU 82/86 POM_5V_CPU 164/206
RAM 1398/3964MB (lfb 8x4MB) SWAP 758/6078MB (cached 38MB) IRAM 0/252kB(lfb 252kB) CPU [7%@921,7%@921,off,off] EMC_FREQ 0%@1600 GR3D_FREQ 0%@614 APE 25 PLL@29.5C CPU@31.5C iwlwifi@32C PMIC@50C GPU@30C AO@41.5C thermal@31C POM_5V_IN 1689/1754 POM_5V_GPU 82/86 POM_5V_CPU 164/206
RAM 1394/3964MB (lfb 8x4MB) SWAP 758/6078MB (cached 38MB) IRAM 0/252kB(lfb 252kB) CPU [9%@921,5%@921,off,off] EMC_FREQ 0%@1600 GR3D_FREQ 0%@614 APE 25 PLL@30C CPU@31.5C iwlwifi@32C PMIC@50C GPU@30C AO@41C thermal@30.75C POM_5V_IN 1689/1754 POM_5V_GPU 82/86 POM_5V_CPU 164/206
RAM 1394/3964MB (lfb 8x4MB) SWAP 758/6078MB (cached 38MB) IRAM 0/252kB(lfb 252kB) CPU [6%@921,7%@921,off,off] EMC_FREQ 0%@1600 GR3D_FREQ 0%@614 APE 25 PLL@30C CPU@32C iwlwifi@32C PMIC@50C GPU@30.5C AO@41C thermal@30.75C POM_5V_IN 1689/1754 POM_5V_GPU 82/86 POM_5V_CPU 164/206
RAM 1397/3964MB (lfb 8x4MB) SWAP 758/6078MB (cached 38MB) IRAM 0/252kB(lfb 252kB) CPU [6%@921,8%@921,off,off] EMC_FREQ 0%@1600 GR3D_FREQ 0%@614 APE 25 PLL@30C CPU@31.5C iwlwifi@33C PMIC@50C GPU@30C AO@40.5C thermal@30.75C POM_5V_IN 1689/1754 POM_5V_GPU 82/86 POM_5V_CPU 164/206
RAM 1398/3964MB (lfb 8x4MB) SWAP 758/6078MB (cached 38MB) IRAM 0/252kB(lfb 252kB) CPU [6%@921,5%@921,off,off] EMC_FREQ 0%@1600 GR3D_FREQ 0%@614 APE 25 PLL@29.5C CPU@31.5C iwlwifi@33C PMIC@50C GPU@30.5C AO@41C thermal@30.5C POM_5V_IN 1689/1754 POM_5V_GPU 82/86 POM_5V_CPU 164/206
RAM 1394/3964MB (lfb 8x4MB) SWAP 758/6078MB (cached 38MB) IRAM 0/252kB(lfb 252kB) CPU [8%@921,7%@921,off,off] EMC_FREQ 0%@1600 GR3D_FREQ 0%@614 APE 25 PLL@30C CPU@31.5C iwlwifi@33C PMIC@50C GPU@30.5C AO@41C thermal@31C POM_5V_IN 1689/1754 POM_5V_GPU 82/86 POM_5V_CPU 164/206
RAM 1393/3964MB (lfb 8x4MB) SWAP 758/6078MB (cached 38MB) IRAM 0/252kB(lfb 252kB) CPU [9%@921,5%@921,off,off] EMC_FREQ 0%@1600 GR3D_FREQ 0%@614 APE 25 PLL@30C CPU@31.5C iwlwifi@33C PMIC@50C GPU@30C AO@41C thermal@31C POM_5V_IN 1731/1754 POM_5V_GPU 82/86 POM_5V_CPU 164/206
RAM 1398/3964MB (lfb 8x4MB) SWAP 758/6078MB (cached 38MB) IRAM 0/252kB(lfb 252kB) CPU [6%@921,7%@921,off,off] EMC_FREQ 0%@1600 GR3D_FREQ 0%@614 APE 25 PLL@30C CPU@31.5C iwlwifi@34C PMIC@50C GPU@30C AO@41C thermal@30.75C POM_5V_IN 1731/1754 POM_5V_GPU 82/86 POM_5V_CPU 164/206
RAM 1397/3964MB (lfb 8x4MB) SWAP 758/6078MB (cached 38MB) IRAM 0/252kB(lfb 252kB) CPU [10%@921,6%@921,off,off] EMC_FREQ 0%@1600 GR3D_FREQ 0%@614 APE 25 PLL@29.5C CPU@31.5C iwlwifi@33C PMIC@50C GPU@30C AO@41C thermal@30.75C POM_5V_IN 1731/1754 POM_5V_GPU 82/86 POM_5V_CPU 164/206
RAM 1401/3964MB (lfb 7x4MB) SWAP 758/6078MB (cached 38MB) IRAM 0/252kB(lfb 252kB) CPU [6%@921,9%@921,off,off] EMC_FREQ 0%@1600 GR3D_FREQ 0%@614 APE 25 PLL@29.5C CPU@31.5C iwlwifi@33C PMIC@50C GPU@30C AO@41C thermal@30.75C POM_5V_IN 1689/1754 POM_5V_GPU 82/86 POM_5V_CPU 123/206
RAM 1402/3964MB (lfb 7x4MB) SWAP 758/6078MB (cached 38MB) IRAM 0/252kB(lfb 252kB) CPU [22%@921,6%@921,off,off] EMC_FREQ 0%@1600 GR3D_FREQ 0%@614 APE 25 PLL@29.5C CPU@31.5C iwlwifi@33C PMIC@50C GPU@30.5C AO@41.5C thermal@31C POM_5V_IN 1731/1754 POM_5V_GPU 82/86 POM_5V_CPU 164/206
