RAM 1439/3964MB (lfb 13x4MB) SWAP 635/6078MB (cached 12MB) IRAM 0/252kB(lfb 252kB) CPU [8%@921,6%@921,off,off] EMC_FREQ 0%@1600 GR3D_FREQ 0%@614 APE 25 PLL@30.5C CPU@32C iwlwifi@33C PMIC@50C GPU@31C AO@41.5C thermal@31.25C POM_5V_IN 2174/2174 POM_5V_GPU 82/82 POM_5V_CPU 574/574
RAM 1454/3964MB (lfb 13x4MB) SWAP 635/6078MB (cached 12MB) IRAM 0/252kB(lfb 252kB) CPU [6%@921,7%@921,off,off] EMC_FREQ 0%@1600 GR3D_FREQ 0%@614 APE 25 PLL@30.5C CPU@33C iwlwifi@32C PMIC@50C GPU@31C AO@41.5C thermal@31.5C POM_5V_IN 2211/2192 POM_5V_GPU 81/81 POM_5V_CPU 613/593
RAM 1457/3964MB (lfb 13x4MB) SWAP 635/6078MB (cached 12MB) IRAM 0/252kB(lfb 252kB) CPU [7%@921,6%@921,off,off] EMC_FREQ 0%@1600 GR3D_FREQ 0%@614 APE 25 PLL@30.5C CPU@32C iwlwifi@34C PMIC@50C GPU@30.5C AO@41C thermal@31.5C POM_5V_IN 2174/2186 POM_5V_GPU 82/81 POM_5V_CPU 574/587
RAM 1657/3964MB (lfb 13x4MB) SWAP 635/6078MB (cached 12MB) IRAM 0/252kB(lfb 252kB) CPU [94%@921,87%@921,off,off] EMC_FREQ 0%@1600 GR3D_FREQ 0%@614 APE 25 PLL@30.5C CPU@32C iwlwifi@32C PMIC@50C GPU@31C AO@42C thermal@32.25C POM_5V_IN 2609/2292 POM_5V_GPU 81/81 POM_5V_CPU 733/623
RAM 2001/3964MB (lfb 12x4MB) SWAP 635/6078MB (cached 12MB) IRAM 0/252kB(lfb 252kB) CPU [98%@921,97%@921,off,off] EMC_FREQ 1%@1600 GR3D_FREQ 0%@614 APE 25 PLL@31C CPU@33.5C iwlwifi@32C PMIC@50C GPU@31.5C AO@42C thermal@32C POM_5V_IN 2494/2332 POM_5V_GPU 81/81 POM_5V_CPU 817/662
RAM 1985/3964MB (lfb 12x4MB) SWAP 635/6078MB (cached 12MB) IRAM 0/252kB(lfb 252kB) CPU [100%@921,100%@921,off,off] EMC_FREQ 1%@1600 GR3D_FREQ 0%@614 APE 25 PLL@31C CPU@33C iwlwifi@32C PMIC@50C GPU@31.5C AO@42C thermal@32.25C POM_5V_IN 2453/2352 POM_5V_GPU 81/81 POM_5V_CPU 858/694
RAM 2004/3964MB (lfb 8x4MB) SWAP 628/6078MB (cached 20MB) IRAM 0/252kB(lfb 252kB) CPU [100%@921,100%@921,off,off] EMC_FREQ 1%@1600 GR3D_FREQ 0%@614 APE 25 PLL@31.5C CPU@33C iwlwifi@32C PMIC@50C GPU@31C AO@42.5C thermal@32.25C POM_5V_IN 2494/2372 POM_5V_GPU 81/81 POM_5V_CPU 858/718
RAM 2005/3964MB (lfb 8x4MB) SWAP 628/6078MB (cached 20MB) IRAM 0/252kB(lfb 252kB) CPU [100%@921,100%@921,off,off] EMC_FREQ 1%@1600 GR3D_FREQ 0%@614 APE 25 PLL@31.5C CPU@33.5C iwlwifi@32C PMIC@50C GPU@31C AO@42.5C thermal@32.25C POM_5V_IN 2694/2412 POM_5V_GPU 81/81 POM_5V_CPU 857/735
RAM 2005/3964MB (lfb 8x4MB) SWAP 628/6078MB (cached 20MB) IRAM 0/252kB(lfb 252kB) CPU [100%@921,100%@921,off,off] EMC_FREQ 1%@1600 GR3D_FREQ 0%@614 APE 25 PLL@31.5C CPU@33.5C iwlwifi@32C PMIC@50C GPU@32C AO@42.5C thermal@32.5C POM_5V_IN 2535/2426 POM_5V_GPU 81/81 POM_5V_CPU 858/749
RAM 2006/3964MB (lfb 8x4MB) SWAP 628/6078MB (cached 20MB) IRAM 0/252kB(lfb 252kB) CPU [100%@921,100%@921,off,off] EMC_FREQ 1%@1600 GR3D_FREQ 0%@614 APE 25 PLL@31.5C CPU@33.5C iwlwifi@32C PMIC@50C GPU@32C AO@43C thermal@32.75C POM_5V_IN 2494/2433 POM_5V_GPU 81/81 POM_5V_CPU 899/764
RAM 2007/3964MB (lfb 8x4MB) SWAP 628/6078MB (cached 20MB) IRAM 0/252kB(lfb 252kB) CPU [100%@921,100%@921,off,off] EMC_FREQ 1%@1600 GR3D_FREQ 0%@614 APE 25 PLL@31.5C CPU@34C iwlwifi@33C PMIC@50C GPU@32C AO@43C thermal@32.75C POM_5V_IN 2494/2438 POM_5V_GPU 81/81 POM_5V_CPU 899/776
RAM 2008/3964MB (lfb 8x4MB) SWAP 628/6078MB (cached 20MB) IRAM 0/252kB(lfb 252kB) CPU [100%@921,100%@921,off,off] EMC_FREQ 0%@1600 GR3D_FREQ 0%@614 APE 25 PLL@32C CPU@34C iwlwifi@32C PMIC@50C GPU@32C AO@43C thermal@33C POM_5V_IN 2453/2439 POM_5V_GPU 81/81 POM_5V_CPU 817/779
RAM 2002/3964MB (lfb 8x4MB) SWAP 628/6078MB (cached 20MB) IRAM 0/252kB(lfb 252kB) CPU [100%@921,100%@921,off,off] EMC_FREQ 1%@1600 GR3D_FREQ 0%@614 APE 25 PLL@31.5C CPU@34C iwlwifi@32C PMIC@50C GPU@32C AO@43.5C thermal@33.25C POM_5V_IN 2494/2444 POM_5V_GPU 81/81 POM_5V_CPU 858/785
RAM 2004/3964MB (lfb 8x4MB) SWAP 628/6078MB (cached 20MB) IRAM 0/252kB(lfb 252kB) CPU [100%@921,100%@921,off,off] EMC_FREQ 0%@1600 GR3D_FREQ 0%@614 APE 25 PLL@32.5C CPU@34C iwlwifi@33C PMIC@50C GPU@32.5C AO@43.5C thermal@33.25C POM_5V_IN 2576/2453 POM_5V_GPU 81/81 POM_5V_CPU 899/793
RAM 2005/3964MB (lfb 8x4MB) SWAP 628/6078MB (cached 20MB) IRAM 0/252kB(lfb 252kB) CPU [100%@921,100%@921,off,off] EMC_FREQ 1%@1600 GR3D_FREQ 0%@614 APE 25 PLL@32C CPU@34C iwlwifi@32C PMIC@50C GPU@32.5C AO@43.5C thermal@33.5C POM_5V_IN 2490/2455 POM_5V_GPU 81/81 POM_5V_CPU 898/800
RAM 2006/3964MB (lfb 8x4MB) SWAP 628/6078MB (cached 20MB) IRAM 0/252kB(lfb 252kB) CPU [100%@921,100%@921,off,off] EMC_FREQ 1%@1600 GR3D_FREQ 0%@614 APE 25 PLL@32C CPU@34C iwlwifi@32C PMIC@50C GPU@32C AO@43.5C thermal@33C POM_5V_IN 2416/2453 POM_5V_GPU 81/81 POM_5V_CPU 858/804
RAM 2007/3964MB (lfb 8x4MB) SWAP 628/6078MB (cached 20MB) IRAM 0/252kB(lfb 252kB) CPU [100%@921,100%@921,off,off] EMC_FREQ 0%@1600 GR3D_FREQ 0%@614 APE 25 PLL@32C CPU@34.5C iwlwifi@32C PMIC@50C GPU@32.5C AO@43.5C thermal@33.5C POM_5V_IN 2494/2455 POM_5V_GPU 81/81 POM_5V_CPU 899/809
RAM 2008/3964MB (lfb 8x4MB) SWAP 628/6078MB (cached 20MB) IRAM 0/252kB(lfb 252kB) CPU [100%@921,100%@921,off,off] EMC_FREQ 1%@1600 GR3D_FREQ 0%@614 APE 25 PLL@32.5C CPU@34.5C iwlwifi@32C PMIC@50C GPU@32.5C AO@44C thermal@33.5C POM_5V_IN 2494/2457 POM_5V_GPU 81/81 POM_5V_CPU 899/814
RAM 2009/3964MB (lfb 8x4MB) SWAP 628/6078MB (cached 20MB) IRAM 0/252kB(lfb 252kB) CPU [100%@921,100%@921,off,off] EMC_FREQ 1%@1600 GR3D_FREQ 0%@614 APE 25 PLL@32.5C CPU@35C iwlwifi@32C PMIC@50C GPU@32.5C AO@44C thermal@33.5C POM_5V_IN 2494/2459 POM_5V_GPU 81/81 POM_5V_CPU 858/817
RAM 2422/3964MB (lfb 1x2MB) SWAP 628/6078MB (cached 20MB) IRAM 0/252kB(lfb 252kB) CPU [99%@921,98%@921,off,off] EMC_FREQ 1%@1600 GR3D_FREQ 0%@614 APE 25 PLL@32.5C CPU@34.5C iwlwifi@33C PMIC@50C GPU@32.5C AO@43.5C thermal@33.5C POM_5V_IN 2494/2461 POM_5V_GPU 81/81 POM_5V_CPU 899/821
RAM 3159/3964MB (lfb 5x2MB) SWAP 747/6078MB (cached 19MB) IRAM 0/252kB(lfb 252kB) CPU [79%@921,78%@921,off,off] EMC_FREQ 2%@1600 GR3D_FREQ 2%@614 APE 25 PLL@32.5C CPU@34.5C iwlwifi@33C PMIC@50C GPU@32.5C AO@43.5C thermal@33.5C POM_5V_IN 2494/2463 POM_5V_GPU 122/83 POM_5V_CPU 817/821
RAM 3529/3964MB (lfb 7x2MB) SWAP 790/6078MB (cached 23MB) IRAM 0/252kB(lfb 252kB) CPU [76%@921,46%@921,off,off] EMC_FREQ 2%@1600 GR3D_FREQ 0%@614 APE 25 PLL@32.5C CPU@34C iwlwifi@33C PMIC@50C GPU@33C AO@44.5C thermal@33.5C POM_5V_IN 2812/2478 POM_5V_GPU 81/82 POM_5V_CPU 774/818
RAM 3527/3964MB (lfb 1x2MB) SWAP 790/6078MB (cached 23MB) IRAM 0/252kB(lfb 252kB) CPU [88%@921,45%@921,off,off] EMC_FREQ 5%@1600 GR3D_FREQ 23%@614 APE 25 PLL@33C CPU@34C iwlwifi@34C PMIC@50C GPU@33C AO@44.5C thermal@34.25C POM_5V_IN 3052/2503 POM_5V_GPU 488/100 POM_5V_CPU 651/811
RAM 3541/3964MB (lfb 1x2MB) SWAP 804/6078MB (cached 24MB) IRAM 0/252kB(lfb 252kB) CPU [97%@921,61%@921,off,off] EMC_FREQ 5%@1600 GR3D_FREQ 17%@614 APE 25 PLL@33C CPU@35C iwlwifi@33C PMIC@50C GPU@33C AO@44.5C thermal@34.25C POM_5V_IN 3083/2528 POM_5V_GPU 568/120 POM_5V_CPU 730/808
RAM 3525/3964MB (lfb 3x2MB) SWAP 804/6078MB (cached 25MB) IRAM 0/252kB(lfb 252kB) CPU [100%@921,100%@921,off,off] EMC_FREQ 2%@1600 GR3D_FREQ 0%@614 APE 25 PLL@33C CPU@35.5C iwlwifi@33C PMIC@50C GPU@33.5C AO@44.5C thermal@34.5C POM_5V_IN 2694/2534 POM_5V_GPU 81/118 POM_5V_CPU 1020/816
RAM 3531/3964MB (lfb 1x2MB) SWAP 804/6078MB (cached 25MB) IRAM 0/252kB(lfb 252kB) CPU [97%@921,98%@921,off,off] EMC_FREQ 1%@1600 GR3D_FREQ 0%@614 APE 25 PLL@33.5C CPU@35.5C iwlwifi@34C PMIC@50C GPU@33C AO@44.5C thermal@33.75C POM_5V_IN 2694/2540 POM_5V_GPU 81/117 POM_5V_CPU 1020/824
RAM 1452/3964MB (lfb 7x4MB) SWAP 776/6078MB (cached 24MB) IRAM 0/252kB(lfb 252kB) CPU [66%@921,69%@921,off,off] EMC_FREQ 1%@1600 GR3D_FREQ 0%@614 APE 25 PLL@33C CPU@35C iwlwifi@33C PMIC@50C GPU@33C AO@44.5C thermal@34C POM_5V_IN 2613/2543 POM_5V_GPU 81/115 POM_5V_CPU 570/815
RAM 2526/3964MB (lfb 1x2MB) SWAP 776/6078MB (cached 24MB) IRAM 0/252kB(lfb 252kB) CPU [63%@921,88%@921,off,off] EMC_FREQ 1%@1600 GR3D_FREQ 0%@614 APE 25 PLL@33.5C CPU@35C iwlwifi@34C PMIC@50C GPU@33C AO@44C thermal@34.25C POM_5V_IN 2617/2546 POM_5V_GPU 81/114 POM_5V_CPU 816/815
RAM 3199/3964MB (lfb 2x2MB) SWAP 834/6078MB (cached 23MB) IRAM 0/252kB(lfb 252kB) CPU [49%@921,63%@921,off,off] EMC_FREQ 2%@1600 GR3D_FREQ 0%@614 APE 25 PLL@32.5C CPU@34.5C iwlwifi@33C PMIC@50C GPU@33C AO@44.5C thermal@34C POM_5V_IN 2494/2544 POM_5V_GPU 81/113 POM_5V_CPU 654/809
RAM 1532/3964MB (lfb 7x4MB) SWAP 818/6078MB (cached 25MB) IRAM 0/252kB(lfb 252kB) CPU [83%@921,73%@921,off,off] EMC_FREQ 2%@1600 GR3D_FREQ 0%@614 APE 25 PLL@33C CPU@35C iwlwifi@34C PMIC@50C GPU@33C AO@44.5C thermal@34C POM_5V_IN 2654/2547 POM_5V_GPU 81/112 POM_5V_CPU 816/809
RAM 2731/3964MB (lfb 1x2MB) SWAP 818/6078MB (cached 26MB) IRAM 0/252kB(lfb 252kB) CPU [99%@921,99%@921,off,off] EMC_FREQ 1%@1600 GR3D_FREQ 0%@614 APE 25 PLL@32.5C CPU@35C iwlwifi@33C PMIC@50C GPU@33C AO@44.5C thermal@34C POM_5V_IN 2772/2555 POM_5V_GPU 81/111 POM_5V_CPU 856/811
RAM 3033/3964MB (lfb 3x2MB) SWAP 820/6078MB (cached 20MB) IRAM 0/252kB(lfb 252kB) CPU [69%@921,77%@921,off,off] EMC_FREQ 2%@1600 GR3D_FREQ 3%@614 APE 25 PLL@33.5C CPU@35C iwlwifi@33C PMIC@50C GPU@33.5C AO@45C thermal@34C POM_5V_IN 2494/2553 POM_5V_GPU 204/114 POM_5V_CPU 777/810
RAM 1330/3964MB (lfb 7x4MB) SWAP 822/6078MB (cached 19MB) IRAM 0/252kB(lfb 252kB) CPU [38%@921,44%@921,off,off] EMC_FREQ 3%@1600 GR3D_FREQ 6%@614 APE 25 PLL@33.5C CPU@35C iwlwifi@33C PMIC@50C GPU@33.5C AO@44.5C thermal@34C POM_5V_IN 2853/2562 POM_5V_GPU 366/121 POM_5V_CPU 733/807
RAM 1331/3964MB (lfb 8x4MB) SWAP 822/6078MB (cached 19MB) IRAM 0/252kB(lfb 252kB) CPU [11%@921,9%@921,off,off] EMC_FREQ 0%@1600 GR3D_FREQ 0%@614 APE 25 PLL@33C CPU@34.5C iwlwifi@34C PMIC@50C GPU@33C AO@44C thermal@33.75C POM_5V_IN 2174/2550 POM_5V_GPU 82/120 POM_5V_CPU 574/800
RAM 1328/3964MB (lfb 8x4MB) SWAP 822/6078MB (cached 19MB) IRAM 0/252kB(lfb 252kB) CPU [5%@921,9%@921,off,off] EMC_FREQ 0%@1600 GR3D_FREQ 0%@614 APE 25 PLL@33C CPU@34.5C iwlwifi@33C PMIC@50C GPU@33C AO@44C thermal@33.75C POM_5V_IN 2170/2540 POM_5V_GPU 81/119 POM_5V_CPU 573/794
RAM 1313/3964MB (lfb 8x4MB) SWAP 822/6078MB (cached 19MB) IRAM 0/252kB(lfb 252kB) CPU [7%@921,7%@921,off,off] EMC_FREQ 0%@1600 GR3D_FREQ 0%@614 APE 25 PLL@32.5C CPU@34.5C iwlwifi@33C PMIC@50C GPU@33C AO@44C thermal@33.75C POM_5V_IN 1848/2520 POM_5V_GPU 82/118 POM_5V_CPU 246/779
RAM 1330/3964MB (lfb 8x4MB) SWAP 822/6078MB (cached 19MB) IRAM 0/252kB(lfb 252kB) CPU [7%@921,6%@921,off,off] EMC_FREQ 0%@1600 GR3D_FREQ 0%@614 APE 25 PLL@32.5C CPU@34.5C iwlwifi@33C PMIC@50C GPU@33C AO@44C thermal@33.25C POM_5V_IN 2215/2512 POM_5V_GPU 82/117 POM_5V_CPU 574/773
RAM 1313/3964MB (lfb 8x4MB) SWAP 822/6078MB (cached 19MB) IRAM 0/252kB(lfb 252kB) CPU [9%@921,7%@921,off,off] EMC_FREQ 0%@1600 GR3D_FREQ 0%@614 APE 25 PLL@32.5C CPU@34.5C iwlwifi@33C PMIC@50C GPU@33C AO@44C thermal@33.25C POM_5V_IN 2215/2504 POM_5V_GPU 82/116 POM_5V_CPU 533/767
RAM 1336/3964MB (lfb 8x4MB) SWAP 820/6078MB (cached 22MB) IRAM 0/252kB(lfb 252kB) CPU [11%@921,6%@921,off,off] EMC_FREQ 0%@1600 GR3D_FREQ 0%@614 APE 25 PLL@32.5C CPU@34C iwlwifi@34C PMIC@50C GPU@32.5C AO@44C thermal@33.25C POM_5V_IN 1810/2486 POM_5V_GPU 82/115 POM_5V_CPU 205/752
RAM 1319/3964MB (lfb 8x4MB) SWAP 820/6078MB (cached 22MB) IRAM 0/252kB(lfb 252kB) CPU [11%@921,8%@921,off,off] EMC_FREQ 0%@1600 GR3D_FREQ 0%@614 APE 25 PLL@32C CPU@34C iwlwifi@33C PMIC@50C GPU@32.5C AO@43.5C thermal@33.25C POM_5V_IN 2174/2479 POM_5V_GPU 82/114 POM_5V_CPU 492/746
RAM 1337/3964MB (lfb 8x4MB) SWAP 819/6078MB (cached 22MB) IRAM 0/252kB(lfb 252kB) CPU [4%@921,8%@921,off,off] EMC_FREQ 0%@1600 GR3D_FREQ 0%@614 APE 25 PLL@32C CPU@34C iwlwifi@33C PMIC@50C GPU@32.5C AO@43C thermal@33.25C POM_5V_IN 2215/2472 POM_5V_GPU 82/113 POM_5V_CPU 574/742
RAM 1319/3964MB (lfb 8x4MB) SWAP 819/6078MB (cached 22MB) IRAM 0/252kB(lfb 252kB) CPU [5%@921,10%@921,off,off] EMC_FREQ 0%@1600 GR3D_FREQ 0%@614 APE 25 PLL@32C CPU@34C iwlwifi@33C PMIC@50C GPU@32C AO@43C thermal@33C POM_5V_IN 1972/2460 POM_5V_GPU 82/113 POM_5V_CPU 369/733
RAM 1338/3964MB (lfb 8x4MB) SWAP 819/6078MB (cached 22MB) IRAM 0/252kB(lfb 252kB) CPU [6%@921,8%@921,off,off] EMC_FREQ 0%@1600 GR3D_FREQ 0%@614 APE 25 PLL@32C CPU@34C iwlwifi@33C PMIC@50C GPU@32C AO@43C thermal@32.75C POM_5V_IN 2174/2454 POM_5V_GPU 82/112 POM_5V_CPU 533/728
RAM 1336/3964MB (lfb 8x4MB) SWAP 819/6078MB (cached 22MB) IRAM 0/252kB(lfb 252kB) CPU [7%@921,6%@921,off,off] EMC_FREQ 0%@1600 GR3D_FREQ 0%@614 APE 25 PLL@32C CPU@33.5C iwlwifi@33C PMIC@50C GPU@32C AO@43C thermal@33C POM_5V_IN 1972/2443 POM_5V_GPU 82/111 POM_5V_CPU 369/720
RAM 1334/3964MB (lfb 8x4MB) SWAP 819/6078MB (cached 22MB) IRAM 0/252kB(lfb 252kB) CPU [8%@921,6%@921,off,off] EMC_FREQ 0%@1600 GR3D_FREQ 0%@614 APE 25 PLL@32C CPU@33.5C iwlwifi@33C PMIC@50C GPU@32C AO@43C thermal@32.75C POM_5V_IN 1934/2431 POM_5V_GPU 82/111 POM_5V_CPU 329/711
RAM 1334/3964MB (lfb 8x4MB) SWAP 819/6078MB (cached 22MB) IRAM 0/252kB(lfb 252kB) CPU [6%@921,7%@921,off,off] EMC_FREQ 0%@1600 GR3D_FREQ 0%@614 APE 25 PLL@31.5C CPU@33.5C iwlwifi@33C PMIC@50C GPU@32C AO@43C thermal@32.75C POM_5V_IN 1934/2420 POM_5V_GPU 82/110 POM_5V_CPU 329/703
RAM 1339/3964MB (lfb 8x4MB) SWAP 819/6078MB (cached 22MB) IRAM 0/252kB(lfb 252kB) CPU [6%@921,8%@921,off,off] EMC_FREQ 0%@1600 GR3D_FREQ 0%@614 APE 25 PLL@31.5C CPU@33.5C iwlwifi@33C PMIC@50C GPU@32C AO@43C thermal@32.5C POM_5V_IN 1934/2410 POM_5V_GPU 82/109 POM_5V_CPU 329/695
RAM 1337/3964MB (lfb 8x4MB) SWAP 819/6078MB (cached 22MB) IRAM 0/252kB(lfb 252kB) CPU [7%@921,6%@921,off,off] EMC_FREQ 0%@1600 GR3D_FREQ 0%@614 APE 25 PLL@31.5C CPU@33C iwlwifi@33C PMIC@50C GPU@32C AO@42.5C thermal@32.5C POM_5V_IN 1892/2399 POM_5V_GPU 82/109 POM_5V_CPU 329/687
RAM 1335/3964MB (lfb 8x4MB) SWAP 819/6078MB (cached 22MB) IRAM 0/252kB(lfb 252kB) CPU [5%@921,8%@921,off,off] EMC_FREQ 0%@1600 GR3D_FREQ 0%@614 APE 25 PLL@32C CPU@33C iwlwifi@33C PMIC@50C GPU@32C AO@43C thermal@32.5C POM_5V_IN 2215/2396 POM_5V_GPU 82/108 POM_5V_CPU 574/685
RAM 1338/3964MB (lfb 8x4MB) SWAP 819/6078MB (cached 22MB) IRAM 0/252kB(lfb 252kB) CPU [6%@921,8%@921,off,off] EMC_FREQ 0%@1600 GR3D_FREQ 0%@614 APE 25 PLL@31.5C CPU@33.5C iwlwifi@33C PMIC@50C GPU@31.5C AO@42.5C thermal@32.75C POM_5V_IN 2371/2395 POM_5V_GPU 81/108 POM_5V_CPU 695/685
RAM 1338/3964MB (lfb 8x4MB) SWAP 819/6078MB (cached 22MB) IRAM 0/252kB(lfb 252kB) CPU [9%@921,4%@921,off,off] EMC_FREQ 0%@1600 GR3D_FREQ 0%@614 APE 25 PLL@31.5C CPU@33C iwlwifi@33C PMIC@50C GPU@32C AO@42.5C thermal@32.25C POM_5V_IN 2252/2392 POM_5V_GPU 81/107 POM_5V_CPU 573/683
RAM 1337/3964MB (lfb 8x4MB) SWAP 819/6078MB (cached 22MB) IRAM 0/252kB(lfb 252kB) CPU [6%@921,8%@921,off,off] EMC_FREQ 0%@1600 GR3D_FREQ 0%@614 APE 25 PLL@31C CPU@33C iwlwifi@33C PMIC@50C GPU@32C AO@42.5C thermal@32.5C POM_5V_IN 2013/2385 POM_5V_GPU 82/107 POM_5V_CPU 493/679
RAM 1335/3964MB (lfb 8x4MB) SWAP 819/6078MB (cached 22MB) IRAM 0/252kB(lfb 252kB) CPU [8%@921,5%@921,off,off] EMC_FREQ 0%@1600 GR3D_FREQ 0%@614 APE 25 PLL@31.5C CPU@33C iwlwifi@33C PMIC@50C GPU@31.5C AO@42C thermal@32.25C POM_5V_IN 2133/2380 POM_5V_GPU 82/106 POM_5V_CPU 492/676
RAM 1321/3964MB (lfb 8x4MB) SWAP 819/6078MB (cached 23MB) IRAM 0/252kB(lfb 252kB) CPU [7%@921,8%@921,off,off] EMC_FREQ 0%@1600 GR3D_FREQ 0%@614 APE 25 PLL@31.5C CPU@33.5C iwlwifi@33C PMIC@50C GPU@31.5C AO@42C thermal@32C POM_5V_IN 2293/2379 POM_5V_GPU 81/106 POM_5V_CPU 655/675
RAM 1321/3964MB (lfb 8x4MB) SWAP 819/6078MB (cached 23MB) IRAM 0/252kB(lfb 252kB) CPU [10%@921,3%@921,off,off] EMC_FREQ 0%@1600 GR3D_FREQ 0%@614 APE 25 PLL@31C CPU@33C iwlwifi@32C PMIC@50C GPU@31.5C AO@42.5C thermal@32.25C POM_5V_IN 2174/2375 POM_5V_GPU 82/105 POM_5V_CPU 574/674
RAM 1340/3964MB (lfb 8x4MB) SWAP 819/6078MB (cached 23MB) IRAM 0/252kB(lfb 252kB) CPU [5%@921,7%@921,off,off] EMC_FREQ 0%@1600 GR3D_FREQ 0%@614 APE 25 PLL@31C CPU@32.5C iwlwifi@32C PMIC@50C GPU@31.5C AO@42.5C thermal@32C POM_5V_IN 2215/2372 POM_5V_GPU 82/105 POM_5V_CPU 574/672
RAM 1321/3964MB (lfb 8x4MB) SWAP 819/6078MB (cached 23MB) IRAM 0/252kB(lfb 252kB) CPU [7%@921,7%@921,off,off] EMC_FREQ 0%@1600 GR3D_FREQ 0%@614 APE 25 PLL@31C CPU@33C iwlwifi@32C PMIC@50C GPU@31C AO@42.5C thermal@32C POM_5V_IN 1934/2364 POM_5V_GPU 82/104 POM_5V_CPU 369/666
RAM 1338/3964MB (lfb 8x4MB) SWAP 819/6078MB (cached 23MB) IRAM 0/252kB(lfb 252kB) CPU [5%@921,8%@921,off,off] EMC_FREQ 0%@1600 GR3D_FREQ 0%@614 APE 25 PLL@31C CPU@32.5C iwlwifi@32C PMIC@50C GPU@31.5C AO@42C thermal@31.75C POM_5V_IN 2174/2361 POM_5V_GPU 82/104 POM_5V_CPU 574/665
RAM 1322/3964MB (lfb 8x4MB) SWAP 819/6078MB (cached 23MB) IRAM 0/252kB(lfb 252kB) CPU [7%@921,6%@921,off,off] EMC_FREQ 0%@1600 GR3D_FREQ 0%@614 APE 25 PLL@31C CPU@32.5C iwlwifi@32C PMIC@50C GPU@31.5C AO@42.5C thermal@32C POM_5V_IN 1892/2353 POM_5V_GPU 82/104 POM_5V_CPU 288/658
RAM 1338/3964MB (lfb 8x4MB) SWAP 819/6078MB (cached 23MB) IRAM 0/252kB(lfb 252kB) CPU [8%@921,5%@921,off,off] EMC_FREQ 0%@1600 GR3D_FREQ 0%@614 APE 25 PLL@30.5C CPU@32.5C iwlwifi@32C PMIC@50C GPU@31C AO@42C thermal@31.75C POM_5V_IN 2174/2350 POM_5V_GPU 82/103 POM_5V_CPU 574/657
RAM 1338/3964MB (lfb 8x4MB) SWAP 819/6078MB (cached 23MB) IRAM 0/252kB(lfb 252kB) CPU [5%@921,8%@921,off,off] EMC_FREQ 0%@1600 GR3D_FREQ 0%@614 APE 25 PLL@30.5C CPU@32.5C iwlwifi@32C PMIC@50C GPU@31C AO@42C thermal@31.75C POM_5V_IN 1934/2343 POM_5V_GPU 82/103 POM_5V_CPU 329/652
RAM 1341/3964MB (lfb 8x4MB) SWAP 819/6078MB (cached 23MB) IRAM 0/252kB(lfb 252kB) CPU [7%@921,7%@921,off,off] EMC_FREQ 0%@1600 GR3D_FREQ 0%@614 APE 25 PLL@31C CPU@32.5C iwlwifi@32C PMIC@50C GPU@31C AO@42C thermal@31.75C POM_5V_IN 1934/2337 POM_5V_GPU 82/103 POM_5V_CPU 329/646
RAM 1338/3964MB (lfb 8x4MB) SWAP 819/6078MB (cached 23MB) IRAM 0/252kB(lfb 252kB) CPU [5%@921,8%@921,off,off] EMC_FREQ 0%@1600 GR3D_FREQ 0%@614 APE 25 PLL@30.5C CPU@32.5C iwlwifi@32C PMIC@50C GPU@31C AO@42C thermal@31.5C POM_5V_IN 1934/2330 POM_5V_GPU 82/102 POM_5V_CPU 329/641
RAM 1341/3964MB (lfb 8x4MB) SWAP 818/6078MB (cached 23MB) IRAM 0/252kB(lfb 252kB) CPU [4%@921,10%@921,off,off] EMC_FREQ 0%@1600 GR3D_FREQ 0%@614 APE 25 PLL@31C CPU@32C iwlwifi@32C PMIC@50C GPU@31C AO@41.5C thermal@32C POM_5V_IN 2095/2326 POM_5V_GPU 82/102 POM_5V_CPU 451/638
RAM 1341/3964MB (lfb 8x4MB) SWAP 818/6078MB (cached 23MB) IRAM 0/252kB(lfb 252kB) CPU [8%@921,5%@921,off,off] EMC_FREQ 0%@1600 GR3D_FREQ 0%@614 APE 25 PLL@30.5C CPU@33C iwlwifi@32C PMIC@50C GPU@31C AO@41.5C thermal@31.5C POM_5V_IN 2293/2326 POM_5V_GPU 81/102 POM_5V_CPU 614/638
RAM 1322/3964MB (lfb 8x4MB) SWAP 818/6078MB (cached 23MB) IRAM 0/252kB(lfb 252kB) CPU [10%@921,4%@921,off,off] EMC_FREQ 0%@1600 GR3D_FREQ 0%@614 APE 25 PLL@30.5C CPU@32.5C iwlwifi@32C PMIC@50C GPU@31C AO@41.5C thermal@31.5C POM_5V_IN 2174/2324 POM_5V_GPU 82/101 POM_5V_CPU 492/636
RAM 1323/3964MB (lfb 8x4MB) SWAP 818/6078MB (cached 23MB) IRAM 0/252kB(lfb 252kB) CPU [6%@921,7%@921,off,off] EMC_FREQ 0%@1600 GR3D_FREQ 0%@614 APE 25 PLL@30C CPU@32.5C iwlwifi@32C PMIC@50C GPU@31C AO@42C thermal@31.25C POM_5V_IN 2215/2322 POM_5V_GPU 82/101 POM_5V_CPU 574/635
RAM 1322/3964MB (lfb 8x4MB) SWAP 818/6078MB (cached 23MB) IRAM 0/252kB(lfb 252kB) CPU [8%@921,6%@921,off,off] EMC_FREQ 0%@1600 GR3D_FREQ 0%@614 APE 25 PLL@30.5C CPU@32.5C iwlwifi@32C PMIC@50C GPU@31C AO@41.5C thermal@31.5C POM_5V_IN 2174/2320 POM_5V_GPU 82/101 POM_5V_CPU 574/634
RAM 1322/3964MB (lfb 8x4MB) SWAP 818/6078MB (cached 23MB) IRAM 0/252kB(lfb 252kB) CPU [7%@921,6%@921,off,off] EMC_FREQ 0%@1600 GR3D_FREQ 0%@614 APE 25 PLL@30.5C CPU@32C iwlwifi@32C PMIC@50C GPU@31C AO@42C thermal@31.25C POM_5V_IN 2174/2318 POM_5V_GPU 82/100 POM_5V_CPU 533/633
RAM 1323/3964MB (lfb 8x4MB) SWAP 818/6078MB (cached 23MB) IRAM 0/252kB(lfb 252kB) CPU [7%@921,6%@921,off,off] EMC_FREQ 0%@1600 GR3D_FREQ 0%@614 APE 25 PLL@30.5C CPU@32.5C iwlwifi@32C PMIC@50C GPU@31C AO@41.5C thermal@31.25C POM_5V_IN 2174/2316 POM_5V_GPU 82/100 POM_5V_CPU 574/632
RAM 1341/3964MB (lfb 8x4MB) SWAP 818/6078MB (cached 23MB) IRAM 0/252kB(lfb 252kB) CPU [4%@921,9%@921,off,off] EMC_FREQ 0%@1600 GR3D_FREQ 0%@614 APE 25 PLL@30.5C CPU@32.5C iwlwifi@32C PMIC@50C GPU@31C AO@42C thermal@31.5C POM_5V_IN 2375/2316 POM_5V_GPU 81/100 POM_5V_CPU 737/633
RAM 1322/3964MB (lfb 8x4MB) SWAP 818/6078MB (cached 23MB) IRAM 0/252kB(lfb 252kB) CPU [8%@921,6%@921,off,off] EMC_FREQ 0%@1600 GR3D_FREQ 0%@614 APE 25 PLL@30.5C CPU@32C iwlwifi@32C PMIC@50C GPU@30.5C AO@42C thermal@31.5C POM_5V_IN 1934/2311 POM_5V_GPU 82/100 POM_5V_CPU 329/629
RAM 1337/3964MB (lfb 8x4MB) SWAP 818/6078MB (cached 23MB) IRAM 0/252kB(lfb 252kB) CPU [8%@921,5%@921,off,off] EMC_FREQ 0%@1600 GR3D_FREQ 0%@614 APE 25 PLL@30.5C CPU@32.5C iwlwifi@32C PMIC@50C GPU@30.5C AO@41.5C thermal@31.25C POM_5V_IN 2215/2310 POM_5V_GPU 82/99 POM_5V_CPU 574/628
RAM 1342/3964MB (lfb 8x4MB) SWAP 818/6078MB (cached 23MB) IRAM 0/252kB(lfb 252kB) CPU [8%@921,6%@921,off,off] EMC_FREQ 0%@1600 GR3D_FREQ 0%@614 APE 25 PLL@30C CPU@32C iwlwifi@32C PMIC@50C GPU@31C AO@41.5C thermal@31C POM_5V_IN 1934/2305 POM_5V_GPU 82/99 POM_5V_CPU 329/624
RAM 1337/3964MB (lfb 8x4MB) SWAP 817/6078MB (cached 23MB) IRAM 0/252kB(lfb 252kB) CPU [5%@921,8%@921,off,off] EMC_FREQ 0%@1600 GR3D_FREQ 0%@614 APE 25 PLL@30.5C CPU@32C iwlwifi@32C PMIC@50C GPU@30.5C AO@41.5C thermal@30.75C POM_5V_IN 1731/2297 POM_5V_GPU 82/99 POM_5V_CPU 164/618
RAM 1338/3964MB (lfb 8x4MB) SWAP 817/6078MB (cached 23MB) IRAM 0/252kB(lfb 252kB) CPU [6%@921,7%@921,off,off] EMC_FREQ 0%@1600 GR3D_FREQ 0%@614 APE 25 PLL@30.5C CPU@32C iwlwifi@32C PMIC@50C GPU@30.5C AO@41.5C thermal@31C POM_5V_IN 1934/2292 POM_5V_GPU 82/99 POM_5V_CPU 369/615
RAM 1339/3964MB (lfb 8x4MB) SWAP 817/6078MB (cached 23MB) IRAM 0/252kB(lfb 252kB) CPU [7%@921,8%@921,off,off] EMC_FREQ 0%@1600 GR3D_FREQ 0%@614 APE 25 PLL@30C CPU@32C iwlwifi@32C PMIC@50C GPU@30.5C AO@41C thermal@31C POM_5V_IN 1934/2288 POM_5V_GPU 82/98 POM_5V_CPU 329/611
RAM 1337/3964MB (lfb 8x4MB) SWAP 817/6078MB (cached 23MB) IRAM 0/252kB(lfb 252kB) CPU [5%@921,8%@921,off,off] EMC_FREQ 0%@1600 GR3D_FREQ 0%@614 APE 25 PLL@30.5C CPU@32C iwlwifi@32C PMIC@50C GPU@30.5C AO@41.5C thermal@31C POM_5V_IN 1975/2284 POM_5V_GPU 82/98 POM_5V_CPU 369/608
RAM 1337/3964MB (lfb 8x4MB) SWAP 817/6078MB (cached 24MB) IRAM 0/252kB(lfb 252kB) CPU [6%@921,8%@921,off,off] EMC_FREQ 0%@1600 GR3D_FREQ 0%@614 APE 25 PLL@30C CPU@32C iwlwifi@32C PMIC@50C GPU@30.5C AO@41.5C thermal@31C POM_5V_IN 1972/2280 POM_5V_GPU 82/98 POM_5V_CPU 369/605
RAM 1342/3964MB (lfb 8x4MB) SWAP 817/6078MB (cached 24MB) IRAM 0/252kB(lfb 252kB) CPU [7%@921,5%@921,off,off] EMC_FREQ 0%@1600 GR3D_FREQ 0%@614 APE 25 PLL@30.5C CPU@32C iwlwifi@33C PMIC@50C GPU@30C AO@41C thermal@30.75C POM_5V_IN 2256/2279 POM_5V_GPU 82/98 POM_5V_CPU 615/605
RAM 1323/3964MB (lfb 8x4MB) SWAP 817/6078MB (cached 24MB) IRAM 0/252kB(lfb 252kB) CPU [8%@921,6%@921,off,off] EMC_FREQ 0%@1600 GR3D_FREQ 0%@614 APE 25 PLL@30.5C CPU@32.5C iwlwifi@32C PMIC@50C GPU@30.5C AO@41.5C thermal@30.75C POM_5V_IN 2412/2281 POM_5V_GPU 81/98 POM_5V_CPU 694/606
RAM 1323/3964MB (lfb 8x4MB) SWAP 817/6078MB (cached 24MB) IRAM 0/252kB(lfb 252kB) CPU [8%@921,6%@921,off,off] EMC_FREQ 0%@1600 GR3D_FREQ 0%@614 APE 25 PLL@30C CPU@32C iwlwifi@32C PMIC@50C GPU@30.5C AO@41C thermal@31C POM_5V_IN 2256/2281 POM_5V_GPU 82/97 POM_5V_CPU 614/606
RAM 1340/3964MB (lfb 8x4MB) SWAP 817/6078MB (cached 24MB) IRAM 0/252kB(lfb 252kB) CPU [6%@921,8%@921,off,off] EMC_FREQ 0%@1600 GR3D_FREQ 0%@614 APE 25 PLL@30C CPU@32C iwlwifi@32C PMIC@50C GPU@30.5C AO@41C thermal@30.75C POM_5V_IN 2170/2279 POM_5V_GPU 81/97 POM_5V_CPU 532/605
RAM 1323/3964MB (lfb 8x4MB) SWAP 817/6078MB (cached 24MB) IRAM 0/252kB(lfb 252kB) CPU [4%@921,4%@921,off,off] EMC_FREQ 0%@1600 GR3D_FREQ 0%@614 APE 25 PLL@30C CPU@32C iwlwifi@32C PMIC@50C GPU@30C AO@41.5C thermal@31C POM_5V_IN 1934/2275 POM_5V_GPU 82/97 POM_5V_CPU 329/602
RAM 1323/3964MB (lfb 8x4MB) SWAP 817/6078MB (cached 24MB) IRAM 0/252kB(lfb 252kB) CPU [7%@921,8%@921,off,off] EMC_FREQ 0%@1600 GR3D_FREQ 0%@614 APE 25 PLL@30C CPU@32C iwlwifi@32C PMIC@50C GPU@30C AO@41C thermal@30.75C POM_5V_IN 2215/2275 POM_5V_GPU 82/97 POM_5V_CPU 574/602
RAM 1323/3964MB (lfb 8x4MB) SWAP 817/6078MB (cached 24MB) IRAM 0/252kB(lfb 252kB) CPU [5%@921,8%@921,off,off] EMC_FREQ 0%@1600 GR3D_FREQ 0%@614 APE 25 PLL@30C CPU@32C iwlwifi@32C PMIC@50C GPU@30C AO@41.5C thermal@31C POM_5V_IN 2215/2274 POM_5V_GPU 82/97 POM_5V_CPU 574/601
RAM 1338/3964MB (lfb 8x4MB) SWAP 817/6078MB (cached 24MB) IRAM 0/252kB(lfb 252kB) CPU [10%@921,4%@921,off,off] EMC_FREQ 0%@1600 GR3D_FREQ 0%@614 APE 25 PLL@30C CPU@32C iwlwifi@32C PMIC@50C GPU@30.5C AO@41.5C thermal@30.75C POM_5V_IN 2215/2273 POM_5V_GPU 82/96 POM_5V_CPU 574/601
RAM 1323/3964MB (lfb 8x4MB) SWAP 817/6078MB (cached 24MB) IRAM 0/252kB(lfb 252kB) CPU [7%@921,7%@921,off,off] EMC_FREQ 0%@1600 GR3D_FREQ 0%@614 APE 25 PLL@30C CPU@31.5C iwlwifi@32C PMIC@50C GPU@30C AO@41C thermal@30.75C POM_5V_IN 1934/2269 POM_5V_GPU 82/96 POM_5V_CPU 329/598
RAM 1340/3964MB (lfb 8x4MB) SWAP 817/6078MB (cached 24MB) IRAM 0/252kB(lfb 252kB) CPU [7%@921,6%@921,off,off] EMC_FREQ 0%@1600 GR3D_FREQ 0%@614 APE 25 PLL@30.5C CPU@31.5C iwlwifi@32C PMIC@50C GPU@30.5C AO@41C thermal@30.75C POM_5V_IN 2174/2268 POM_5V_GPU 82/96 POM_5V_CPU 533/597
RAM 1342/3964MB (lfb 8x4MB) SWAP 817/6078MB (cached 24MB) IRAM 0/252kB(lfb 252kB) CPU [8%@921,6%@921,off,off] EMC_FREQ 0%@1600 GR3D_FREQ 0%@614 APE 25 PLL@30C CPU@31C iwlwifi@32C PMIC@50C GPU@30.5C AO@41C thermal@30.5C POM_5V_IN 1892/2264 POM_5V_GPU 82/96 POM_5V_CPU 329/594
RAM 1340/3964MB (lfb 8x4MB) SWAP 817/6078MB (cached 24MB) IRAM 0/252kB(lfb 252kB) CPU [6%@921,7%@921,off,off] EMC_FREQ 0%@1600 GR3D_FREQ 0%@614 APE 25 PLL@30C CPU@31.5C iwlwifi@32C PMIC@50C GPU@30C AO@41C thermal@30.75C POM_5V_IN 1934/2260 POM_5V_GPU 82/96 POM_5V_CPU 329/591
RAM 1338/3964MB (lfb 8x4MB) SWAP 817/6078MB (cached 24MB) IRAM 0/252kB(lfb 252kB) CPU [5%@921,9%@921,off,off] EMC_FREQ 0%@1600 GR3D_FREQ 0%@614 APE 25 PLL@29.5C CPU@32C iwlwifi@32C PMIC@50C GPU@30C AO@41C thermal@30.75C POM_5V_IN 2174/2259 POM_5V_GPU 82/96 POM_5V_CPU 574/591
RAM 1338/3964MB (lfb 8x4MB) SWAP 817/6078MB (cached 24MB) IRAM 0/252kB(lfb 252kB) CPU [9%@921,4%@921,off,off] EMC_FREQ 0%@1600 GR3D_FREQ 0%@614 APE 25 PLL@30C CPU@31.5C iwlwifi@32C PMIC@50C GPU@30.5C AO@41C thermal@30.75C POM_5V_IN 1934/2256 POM_5V_GPU 82/96 POM_5V_CPU 369/589
RAM 1340/3964MB (lfb 8x4MB) SWAP 817/6078MB (cached 24MB) IRAM 0/252kB(lfb 252kB) CPU [9%@921,5%@921,off,off] EMC_FREQ 0%@1600 GR3D_FREQ 0%@614 APE 25 PLL@29.5C CPU@31.5C iwlwifi@32C PMIC@50C GPU@30C AO@41C thermal@30.75C POM_5V_IN 1934/2253 POM_5V_GPU 82/95 POM_5V_CPU 329/586
RAM 1340/3964MB (lfb 8x4MB) SWAP 817/6078MB (cached 24MB) IRAM 0/252kB(lfb 252kB) CPU [4%@921,9%@921,off,off] EMC_FREQ 0%@1600 GR3D_FREQ 0%@614 APE 25 PLL@29.5C CPU@31.5C iwlwifi@32C PMIC@50C GPU@30C AO@41C thermal@31C POM_5V_IN 1892/2249 POM_5V_GPU 82/95 POM_5V_CPU 329/583
RAM 1342/3964MB (lfb 8x4MB) SWAP 817/6078MB (cached 24MB) IRAM 0/252kB(lfb 252kB) CPU [8%@921,6%@921,off,off] EMC_FREQ 0%@1600 GR3D_FREQ 0%@614 APE 25 PLL@30C CPU@31.5C iwlwifi@32C PMIC@50C GPU@30C AO@41C thermal@30.75C POM_5V_IN 1892/2245 POM_5V_GPU 82/95 POM_5V_CPU 288/580
RAM 1344/3964MB (lfb 8x4MB) SWAP 817/6078MB (cached 24MB) IRAM 0/252kB(lfb 252kB) CPU [7%@921,6%@921,off,off] EMC_FREQ 0%@1600 GR3D_FREQ 0%@614 APE 25 PLL@30C CPU@32C iwlwifi@32C PMIC@50C GPU@30C AO@41C thermal@30.75C POM_5V_IN 1975/2242 POM_5V_GPU 82/95 POM_5V_CPU 369/578
RAM 1342/3964MB (lfb 8x4MB) SWAP 817/6078MB (cached 24MB) IRAM 0/252kB(lfb 252kB) CPU [7%@921,8%@921,off,off] EMC_FREQ 0%@1600 GR3D_FREQ 0%@614 APE 25 PLL@30C CPU@31.5C iwlwifi@32C PMIC@50C GPU@30C AO@41C thermal@30.5C POM_5V_IN 2054/2240 POM_5V_GPU 82/95 POM_5V_CPU 451/577
RAM 1338/3964MB (lfb 8x4MB) SWAP 817/6078MB (cached 24MB) IRAM 0/252kB(lfb 252kB) CPU [6%@921,8%@921,off,off] EMC_FREQ 0%@1600 GR3D_FREQ 0%@614 APE 25 PLL@30C CPU@32C iwlwifi@32C PMIC@50C GPU@30C AO@41C thermal@30.75C POM_5V_IN 2051/2238 POM_5V_GPU 82/95 POM_5V_CPU 451/575
RAM 1340/3964MB (lfb 8x4MB) SWAP 817/6078MB (cached 24MB) IRAM 0/252kB(lfb 252kB) CPU [7%@921,6%@921,off,off] EMC_FREQ 0%@1600 GR3D_FREQ 0%@614 APE 25 PLL@30C CPU@31.5C iwlwifi@32C PMIC@50C GPU@30C AO@40.5C thermal@30.75C POM_5V_IN 1810/2234 POM_5V_GPU 82/95 POM_5V_CPU 246/572
RAM 1338/3964MB (lfb 8x4MB) SWAP 817/6078MB (cached 24MB) IRAM 0/252kB(lfb 252kB) CPU [7%@921,8%@921,off,off] EMC_FREQ 0%@1600 GR3D_FREQ 0%@614 APE 25 PLL@30C CPU@31.5C iwlwifi@32C PMIC@50C GPU@30C AO@41C thermal@31C POM_5V_IN 2174/2233 POM_5V_GPU 82/94 POM_5V_CPU 574/572
RAM 1323/3964MB (lfb 8x4MB) SWAP 817/6078MB (cached 24MB) IRAM 0/252kB(lfb 252kB) CPU [7%@921,6%@921,off,off] EMC_FREQ 0%@1600 GR3D_FREQ 0%@614 APE 25 PLL@29.5C CPU@31.5C iwlwifi@32C PMIC@50C GPU@30C AO@41C thermal@30.75C POM_5V_IN 1890/2230 POM_5V_GPU 82/94 POM_5V_CPU 287/569
RAM 1324/3964MB (lfb 8x4MB) SWAP 817/6078MB (cached 24MB) IRAM 0/252kB(lfb 252kB) CPU [8%@921,6%@921,off,off] EMC_FREQ 0%@1600 GR3D_FREQ 0%@614 APE 25 PLL@30C CPU@31.5C iwlwifi@32C PMIC@50C GPU@30C AO@40.5C thermal@30.75C POM_5V_IN 2215/2230 POM_5V_GPU 82/94 POM_5V_CPU 574/569
RAM 1324/3964MB (lfb 8x4MB) SWAP 817/6078MB (cached 24MB) IRAM 0/252kB(lfb 252kB) CPU [7%@921,5%@921,off,off] EMC_FREQ 0%@1600 GR3D_FREQ 0%@614 APE 25 PLL@30C CPU@32C iwlwifi@32C PMIC@50C GPU@30C AO@41C thermal@30.75C POM_5V_IN 2174/2229 POM_5V_GPU 82/94 POM_5V_CPU 574/569
RAM 1338/3964MB (lfb 8x4MB) SWAP 817/6078MB (cached 24MB) IRAM 0/252kB(lfb 252kB) CPU [7%@921,6%@921,off,off] EMC_FREQ 0%@1600 GR3D_FREQ 0%@614 APE 25 PLL@30C CPU@31.5C iwlwifi@32C PMIC@50C GPU@30C AO@41C thermal@30.5C POM_5V_IN 2174/2229 POM_5V_GPU 82/94 POM_5V_CPU 574/569
RAM 1324/3964MB (lfb 8x4MB) SWAP 817/6078MB (cached 24MB) IRAM 0/252kB(lfb 252kB) CPU [7%@921,7%@921,off,off] EMC_FREQ 0%@1600 GR3D_FREQ 0%@614 APE 25 PLL@29.5C CPU@31C iwlwifi@32C PMIC@50C GPU@30C AO@40.5C thermal@30.75C POM_5V_IN 1934/2226 POM_5V_GPU 82/94 POM_5V_CPU 369/567
RAM 1339/3964MB (lfb 8x4MB) SWAP 817/6078MB (cached 24MB) IRAM 0/252kB(lfb 252kB) CPU [6%@921,8%@921,off,off] EMC_FREQ 0%@1600 GR3D_FREQ 0%@614 APE 25 PLL@29.5C CPU@31.5C iwlwifi@32C PMIC@50C GPU@30C AO@41C thermal@30.75C POM_5V_IN 2215/2226 POM_5V_GPU 82/94 POM_5V_CPU 574/568
RAM 1338/3964MB (lfb 8x4MB) SWAP 817/6078MB (cached 24MB) IRAM 0/252kB(lfb 252kB) CPU [8%@921,5%@921,off,off] EMC_FREQ 0%@1600 GR3D_FREQ 0%@614 APE 25 PLL@29.5C CPU@31.5C iwlwifi@32C PMIC@50C GPU@30C AO@41C thermal@30.75C POM_5V_IN 1934/2223 POM_5V_GPU 82/94 POM_5V_CPU 329/565
RAM 1340/3964MB (lfb 8x4MB) SWAP 817/6078MB (cached 24MB) IRAM 0/252kB(lfb 252kB) CPU [10%@921,4%@921,off,off] EMC_FREQ 0%@1600 GR3D_FREQ 0%@614 APE 25 PLL@29.5C CPU@31.5C iwlwifi@32C PMIC@50C GPU@30C AO@40.5C thermal@31C POM_5V_IN 1934/2221 POM_5V_GPU 82/93 POM_5V_CPU 370/564
RAM 1340/3964MB (lfb 8x4MB) SWAP 817/6078MB (cached 24MB) IRAM 0/252kB(lfb 252kB) CPU [5%@921,8%@921,off,off] EMC_FREQ 0%@1600 GR3D_FREQ 0%@614 APE 25 PLL@29.5C CPU@31.5C iwlwifi@32C PMIC@50C GPU@30C AO@40.5C thermal@30.75C POM_5V_IN 1892/2218 POM_5V_GPU 82/93 POM_5V_CPU 329/561
RAM 1341/3964MB (lfb 8x4MB) SWAP 817/6078MB (cached 24MB) IRAM 0/252kB(lfb 252kB) CPU [8%@921,6%@921,off,off] EMC_FREQ 0%@1600 GR3D_FREQ 0%@614 APE 25 PLL@29.5C CPU@31C iwlwifi@32C PMIC@50C GPU@30C AO@41C thermal@30.5C POM_5V_IN 1892/2215 POM_5V_GPU 82/93 POM_5V_CPU 288/559
RAM 1342/3964MB (lfb 8x4MB) SWAP 817/6078MB (cached 24MB) IRAM 0/252kB(lfb 252kB) CPU [6%@921,8%@921,off,off] EMC_FREQ 0%@1600 GR3D_FREQ 0%@614 APE 25 PLL@29.5C CPU@31.5C iwlwifi@32C PMIC@50C GPU@30C AO@40.5C thermal@30.75C POM_5V_IN 1892/2212 POM_5V_GPU 82/93 POM_5V_CPU 288/556
RAM 1338/3964MB (lfb 8x4MB) SWAP 817/6078MB (cached 24MB) IRAM 0/252kB(lfb 252kB) CPU [8%@921,5%@921,off,off] EMC_FREQ 0%@1600 GR3D_FREQ 0%@614 APE 25 PLL@29.5C CPU@31C iwlwifi@32C PMIC@50C GPU@30C AO@40.5C thermal@30.5C POM_5V_IN 2095/2211 POM_5V_GPU 82/93 POM_5V_CPU 492/556
RAM 1324/3964MB (lfb 8x4MB) SWAP 817/6078MB (cached 24MB) IRAM 0/252kB(lfb 252kB) CPU [8%@921,6%@921,off,off] EMC_FREQ 0%@1600 GR3D_FREQ 0%@614 APE 25 PLL@30C CPU@31.5C iwlwifi@32C PMIC@50C GPU@30C AO@40.5C thermal@30.75C POM_5V_IN 2170/2210 POM_5V_GPU 81/93 POM_5V_CPU 532/556
RAM 1324/3964MB (lfb 8x4MB) SWAP 817/6078MB (cached 24MB) IRAM 0/252kB(lfb 252kB) CPU [7%@921,7%@921,off,off] EMC_FREQ 0%@1600 GR3D_FREQ 0%@614 APE 25 PLL@29.5C CPU@31.5C iwlwifi@32C PMIC@50C GPU@30C AO@41C thermal@30.75C POM_5V_IN 2293/2211 POM_5V_GPU 81/93 POM_5V_CPU 573/556
RAM 1324/3964MB (lfb 8x4MB) SWAP 817/6078MB (cached 24MB) IRAM 0/252kB(lfb 252kB) CPU [6%@921,6%@921,off,off] EMC_FREQ 0%@1600 GR3D_FREQ 0%@614 APE 25 PLL@30C CPU@31C iwlwifi@32C PMIC@50C GPU@29.5C AO@41C thermal@30.75C POM_5V_IN 2174/2211 POM_5V_GPU 82/93 POM_5V_CPU 533/556
RAM 1324/3964MB (lfb 8x4MB) SWAP 817/6078MB (cached 24MB) IRAM 0/252kB(lfb 252kB) CPU [8%@921,6%@921,off,off] EMC_FREQ 0%@1600 GR3D_FREQ 0%@614 APE 25 PLL@29.5C CPU@31.5C iwlwifi@32C PMIC@50C GPU@30C AO@41C thermal@30.5C POM_5V_IN 2133/2210 POM_5V_GPU 82/93 POM_5V_CPU 574/556
RAM 1339/3964MB (lfb 8x4MB) SWAP 817/6078MB (cached 24MB) IRAM 0/252kB(lfb 252kB) CPU [7%@921,7%@921,off,off] EMC_FREQ 0%@1600 GR3D_FREQ 0%@614 APE 25 PLL@30C CPU@31.5C iwlwifi@32C PMIC@50C GPU@29.5C AO@41C thermal@30.5C POM_5V_IN 2174/2210 POM_5V_GPU 82/93 POM_5V_CPU 574/556
RAM 1324/3964MB (lfb 8x4MB) SWAP 817/6078MB (cached 24MB) IRAM 0/252kB(lfb 252kB) CPU [8%@921,5%@921,off,off] EMC_FREQ 0%@1600 GR3D_FREQ 0%@614 APE 25 PLL@29.5C CPU@31C iwlwifi@32C PMIC@50C GPU@29.5C AO@41C thermal@30.75C POM_5V_IN 1892/2207 POM_5V_GPU 82/92 POM_5V_CPU 288/554
RAM 1341/3964MB (lfb 8x4MB) SWAP 817/6078MB (cached 24MB) IRAM 0/252kB(lfb 252kB) CPU [7%@921,6%@921,off,off] EMC_FREQ 0%@1600 GR3D_FREQ 0%@614 APE 25 PLL@30C CPU@31.5C iwlwifi@32C PMIC@50C GPU@30C AO@40.5C thermal@30.75C POM_5V_IN 2174/2207 POM_5V_GPU 82/92 POM_5V_CPU 574/554
RAM 1340/3964MB (lfb 8x4MB) SWAP 817/6078MB (cached 24MB) IRAM 0/252kB(lfb 252kB) CPU [6%@921,7%@921,off,off] EMC_FREQ 0%@1600 GR3D_FREQ 0%@614 APE 25 PLL@29.5C CPU@31.5C iwlwifi@32C PMIC@50C GPU@30C AO@40.5C thermal@30.75C POM_5V_IN 1851/2204 POM_5V_GPU 82/92 POM_5V_CPU 288/552
RAM 1339/3964MB (lfb 8x4MB) SWAP 817/6078MB (cached 24MB) IRAM 0/252kB(lfb 252kB) CPU [5%@921,8%@921,off,off] EMC_FREQ 0%@1600 GR3D_FREQ 0%@614 APE 25 PLL@29.5C CPU@31.5C iwlwifi@32C PMIC@50C GPU@30C AO@41C thermal@30.75C POM_5V_IN 1934/2202 POM_5V_GPU 82/92 POM_5V_CPU 329/550
RAM 1343/3964MB (lfb 8x4MB) SWAP 817/6078MB (cached 24MB) IRAM 0/252kB(lfb 252kB) CPU [7%@921,6%@921,off,off] EMC_FREQ 0%@1600 GR3D_FREQ 0%@614 APE 25 PLL@30C CPU@31.5C iwlwifi@32C PMIC@50C GPU@30C AO@40.5C thermal@30.5C POM_5V_IN 1892/2199 POM_5V_GPU 82/92 POM_5V_CPU 288/548
RAM 1341/3964MB (lfb 8x4MB) SWAP 817/6078MB (cached 24MB) IRAM 0/252kB(lfb 252kB) CPU [8%@921,6%@921,off,off] EMC_FREQ 0%@1600 GR3D_FREQ 0%@614 APE 25 PLL@30C CPU@31.5C iwlwifi@32C PMIC@50C GPU@30C AO@40.5C thermal@30.75C POM_5V_IN 1892/2197 POM_5V_GPU 82/92 POM_5V_CPU 329/546
RAM 1324/3964MB (lfb 8x4MB) SWAP 817/6078MB (cached 24MB) IRAM 0/252kB(lfb 252kB) CPU [7%@921,6%@921,off,off] EMC_FREQ 0%@1600 GR3D_FREQ 0%@614 APE 25 PLL@30C CPU@31.5C iwlwifi@32C PMIC@50C GPU@30C AO@41C thermal@30.75C POM_5V_IN 2174/2197 POM_5V_GPU 82/92 POM_5V_CPU 533/546
RAM 1324/3964MB (lfb 8x4MB) SWAP 817/6078MB (cached 24MB) IRAM 0/252kB(lfb 252kB) CPU [7%@921,8%@921,off,off] EMC_FREQ 0%@1600 GR3D_FREQ 0%@614 APE 25 PLL@29.5C CPU@31.5C iwlwifi@32C PMIC@50C GPU@30C AO@41C thermal@30.5C POM_5V_IN 2215/2197 POM_5V_GPU 82/92 POM_5V_CPU 615/546
RAM 1324/3964MB (lfb 8x4MB) SWAP 817/6078MB (cached 24MB) IRAM 0/252kB(lfb 252kB) CPU [7%@921,7%@921,off,off] EMC_FREQ 0%@1600 GR3D_FREQ 0%@614 APE 25 PLL@30C CPU@31.5C iwlwifi@32C PMIC@50C GPU@29.5C AO@41C thermal@30.75C POM_5V_IN 2215/2197 POM_5V_GPU 82/92 POM_5V_CPU 574/547
RAM 1339/3964MB (lfb 8x4MB) SWAP 817/6078MB (cached 24MB) IRAM 0/252kB(lfb 252kB) CPU [8%@921,5%@921,off,off] EMC_FREQ 0%@1600 GR3D_FREQ 0%@614 APE 25 PLL@29.5C CPU@31.5C iwlwifi@32C PMIC@50C GPU@29.5C AO@40.5C thermal@30.75C POM_5V_IN 2174/2197 POM_5V_GPU 82/92 POM_5V_CPU 574/547
RAM 1325/3964MB (lfb 8x4MB) SWAP 817/6078MB (cached 24MB) IRAM 0/252kB(lfb 252kB) CPU [9%@921,5%@921,off,off] EMC_FREQ 0%@1600 GR3D_FREQ 0%@614 APE 25 PLL@30C CPU@31.5C iwlwifi@32C PMIC@50C GPU@30C AO@41C thermal@30.75C POM_5V_IN 1892/2194 POM_5V_GPU 82/92 POM_5V_CPU 329/545
RAM 1341/3964MB (lfb 8x4MB) SWAP 817/6078MB (cached 24MB) IRAM 0/252kB(lfb 252kB) CPU [6%@921,7%@921,off,off] EMC_FREQ 0%@1600 GR3D_FREQ 0%@614 APE 25 PLL@29.5C CPU@31.5C iwlwifi@32C PMIC@50C GPU@30C AO@41C thermal@30.75C POM_5V_IN 2174/2194 POM_5V_GPU 82/92 POM_5V_CPU 574/545
RAM 1343/3964MB (lfb 8x4MB) SWAP 817/6078MB (cached 24MB) IRAM 0/252kB(lfb 252kB) CPU [6%@921,7%@921,off,off] EMC_FREQ 0%@1600 GR3D_FREQ 0%@614 APE 25 PLL@29.5C CPU@31.5C iwlwifi@32C PMIC@50C GPU@30C AO@40.5C thermal@31C POM_5V_IN 1892/2192 POM_5V_GPU 82/91 POM_5V_CPU 329/544
RAM 1341/3964MB (lfb 8x4MB) SWAP 817/6078MB (cached 24MB) IRAM 0/252kB(lfb 252kB) CPU [8%@921,5%@921,off,off] EMC_FREQ 0%@1600 GR3D_FREQ 0%@614 APE 25 PLL@29.5C CPU@31.5C iwlwifi@32C PMIC@50C GPU@30.5C AO@40.5C thermal@30.75C POM_5V_IN 1934/2190 POM_5V_GPU 82/91 POM_5V_CPU 329/542
RAM 1341/3964MB (lfb 8x4MB) SWAP 817/6078MB (cached 24MB) IRAM 0/252kB(lfb 252kB) CPU [8%@921,7%@921,off,off] EMC_FREQ 0%@1600 GR3D_FREQ 0%@614 APE 25 PLL@29.5C CPU@31.5C iwlwifi@32C PMIC@50C GPU@30C AO@41C thermal@30.75C POM_5V_IN 2174/2190 POM_5V_GPU 82/91 POM_5V_CPU 574/542
RAM 1342/3964MB (lfb 8x4MB) SWAP 816/6078MB (cached 24MB) IRAM 0/252kB(lfb 252kB) CPU [7%@921,5%@921,off,off] EMC_FREQ 0%@1600 GR3D_FREQ 0%@614 APE 25 PLL@29.5C CPU@31.5C iwlwifi@32C PMIC@50C GPU@29.5C AO@41C thermal@30.75C POM_5V_IN 1892/2187 POM_5V_GPU 82/91 POM_5V_CPU 329/541
RAM 1343/3964MB (lfb 8x4MB) SWAP 816/6078MB (cached 24MB) IRAM 0/252kB(lfb 252kB) CPU [7%@921,7%@921,off,off] EMC_FREQ 0%@1600 GR3D_FREQ 0%@614 APE 25 PLL@29.5C CPU@31.5C iwlwifi@32C PMIC@50C GPU@30C AO@41C thermal@30.5C POM_5V_IN 1934/2186 POM_5V_GPU 82/91 POM_5V_CPU 329/539
RAM 1343/3964MB (lfb 8x4MB) SWAP 816/6078MB (cached 24MB) IRAM 0/252kB(lfb 252kB) CPU [7%@921,6%@921,off,off] EMC_FREQ 0%@1600 GR3D_FREQ 0%@614 APE 25 PLL@30C CPU@31.5C iwlwifi@32C PMIC@50C GPU@29.5C AO@40.5C thermal@30.75C POM_5V_IN 2054/2185 POM_5V_GPU 82/91 POM_5V_CPU 451/538
RAM 1341/3964MB (lfb 8x4MB) SWAP 816/6078MB (cached 24MB) IRAM 0/252kB(lfb 252kB) CPU [8%@921,6%@921,off,off] EMC_FREQ 0%@1600 GR3D_FREQ 0%@614 APE 25 PLL@29.5C CPU@32C iwlwifi@32C PMIC@50C GPU@30C AO@41C thermal@30.75C POM_5V_IN 2371/2186 POM_5V_GPU 81/91 POM_5V_CPU 695/540
RAM 1325/3964MB (lfb 8x4MB) SWAP 816/6078MB (cached 24MB) IRAM 0/252kB(lfb 252kB) CPU [6%@921,8%@921,off,off] EMC_FREQ 0%@1600 GR3D_FREQ 0%@614 APE 25 PLL@30C CPU@31.5C iwlwifi@32C PMIC@50C GPU@30C AO@41C thermal@30.75C POM_5V_IN 2256/2186 POM_5V_GPU 82/91 POM_5V_CPU 615/540
RAM 1325/3964MB (lfb 8x4MB) SWAP 816/6078MB (cached 24MB) IRAM 0/252kB(lfb 252kB) CPU [7%@921,7%@921,off,off] EMC_FREQ 0%@1600 GR3D_FREQ 0%@614 APE 25 PLL@29.5C CPU@32C iwlwifi@32C PMIC@50C GPU@30C AO@40.5C thermal@30.25C POM_5V_IN 2256/2187 POM_5V_GPU 82/91 POM_5V_CPU 614/541
RAM 1341/3964MB (lfb 8x4MB) SWAP 816/6078MB (cached 24MB) IRAM 0/252kB(lfb 252kB) CPU [7%@921,5%@921,off,off] EMC_FREQ 0%@1600 GR3D_FREQ 0%@614 APE 25 PLL@29.5C CPU@31.5C iwlwifi@32C PMIC@50C GPU@29.5C AO@40.5C thermal@30.5C POM_5V_IN 2174/2187 POM_5V_GPU 82/91 POM_5V_CPU 574/541
RAM 1324/3964MB (lfb 8x4MB) SWAP 816/6078MB (cached 24MB) IRAM 0/252kB(lfb 252kB) CPU [7%@921,7%@921,off,off] EMC_FREQ 0%@1600 GR3D_FREQ 0%@614 APE 25 PLL@29.5C CPU@31.5C iwlwifi@32C PMIC@50C GPU@30C AO@41C thermal@30.25C POM_5V_IN 1892/2185 POM_5V_GPU 82/91 POM_5V_CPU 329/539
RAM 1343/3964MB (lfb 8x4MB) SWAP 816/6078MB (cached 24MB) IRAM 0/252kB(lfb 252kB) CPU [6%@921,7%@921,off,off] EMC_FREQ 0%@1600 GR3D_FREQ 0%@614 APE 25 PLL@29.5C CPU@31.5C iwlwifi@32C PMIC@50C GPU@30C AO@40.5C thermal@30.75C POM_5V_IN 2174/2185 POM_5V_GPU 82/91 POM_5V_CPU 533/539
RAM 1343/3964MB (lfb 8x4MB) SWAP 816/6078MB (cached 24MB) IRAM 0/252kB(lfb 252kB) CPU [7%@921,6%@921,off,off] EMC_FREQ 0%@1600 GR3D_FREQ 0%@614 APE 25 PLL@29.5C CPU@31.5C iwlwifi@32C PMIC@50C GPU@29.5C AO@41C thermal@30.5C POM_5V_IN 1772/2182 POM_5V_GPU 82/91 POM_5V_CPU 205/537
RAM 1343/3964MB (lfb 8x4MB) SWAP 816/6078MB (cached 24MB) IRAM 0/252kB(lfb 252kB) CPU [6%@921,7%@921,off,off] EMC_FREQ 0%@1600 GR3D_FREQ 0%@614 APE 25 PLL@29.5C CPU@31.5C iwlwifi@32C PMIC@50C GPU@30C AO@41.5C thermal@30.75C POM_5V_IN 1892/2180 POM_5V_GPU 82/91 POM_5V_CPU 329/536
RAM 1341/3964MB (lfb 8x4MB) SWAP 816/6078MB (cached 24MB) IRAM 0/252kB(lfb 252kB) CPU [8%@921,5%@921,off,off] EMC_FREQ 0%@1600 GR3D_FREQ 0%@614 APE 25 PLL@29.5C CPU@31.5C iwlwifi@32C PMIC@50C GPU@30C AO@41C thermal@30.75C POM_5V_IN 1892/2178 POM_5V_GPU 82/90 POM_5V_CPU 329/534
RAM 1343/3964MB (lfb 8x4MB) SWAP 816/6078MB (cached 24MB) IRAM 0/252kB(lfb 252kB) CPU [7%@921,6%@921,off,off] EMC_FREQ 0%@1600 GR3D_FREQ 0%@614 APE 25 PLL@29.5C CPU@31.5C iwlwifi@32C PMIC@50C GPU@29.5C AO@41C thermal@30.5C POM_5V_IN 1934/2176 POM_5V_GPU 82/90 POM_5V_CPU 328/533
RAM 1345/3964MB (lfb 8x4MB) SWAP 816/6078MB (cached 24MB) IRAM 0/252kB(lfb 252kB) CPU [9%@921,5%@921,off,off] EMC_FREQ 0%@1600 GR3D_FREQ 0%@614 APE 25 PLL@29.5C CPU@31.5C iwlwifi@32C PMIC@50C GPU@29.5C AO@41C thermal@30.5C POM_5V_IN 1892/2174 POM_5V_GPU 82/90 POM_5V_CPU 329/531
RAM 1339/3964MB (lfb 8x4MB) SWAP 816/6078MB (cached 24MB) IRAM 0/252kB(lfb 252kB) CPU [7%@921,5%@921,off,off] EMC_FREQ 0%@1600 GR3D_FREQ 0%@614 APE 25 PLL@29.5C CPU@31.5C iwlwifi@32C PMIC@50C GPU@29.5C AO@41C thermal@30.5C POM_5V_IN 1892/2172 POM_5V_GPU 82/90 POM_5V_CPU 329/530
RAM 1324/3964MB (lfb 8x4MB) SWAP 816/6078MB (cached 24MB) IRAM 0/252kB(lfb 252kB) CPU [6%@921,8%@921,off,off] EMC_FREQ 0%@1600 GR3D_FREQ 0%@614 APE 25 PLL@30C CPU@32C iwlwifi@32C PMIC@50C GPU@29.5C AO@41C thermal@30.75C POM_5V_IN 2375/2174 POM_5V_GPU 81/90 POM_5V_CPU 737/531
RAM 1343/3964MB (lfb 8x4MB) SWAP 816/6078MB (cached 24MB) IRAM 0/252kB(lfb 252kB) CPU [7%@921,6%@921,off,off] EMC_FREQ 0%@1600 GR3D_FREQ 0%@614 APE 25 PLL@30C CPU@31.5C iwlwifi@32C PMIC@50C GPU@30C AO@41C thermal@30.5C POM_5V_IN 2174/2174 POM_5V_GPU 82/90 POM_5V_CPU 533/531
RAM 1341/3964MB (lfb 8x4MB) SWAP 816/6078MB (cached 24MB) IRAM 0/252kB(lfb 252kB) CPU [5%@921,9%@921,off,off] EMC_FREQ 0%@1600 GR3D_FREQ 0%@614 APE 25 PLL@30C CPU@32C iwlwifi@32C PMIC@50C GPU@29.5C AO@41C thermal@31C POM_5V_IN 1934/2172 POM_5V_GPU 82/90 POM_5V_CPU 329/530
RAM 1341/3964MB (lfb 8x4MB) SWAP 816/6078MB (cached 24MB) IRAM 0/252kB(lfb 252kB) CPU [7%@921,6%@921,off,off] EMC_FREQ 0%@1600 GR3D_FREQ 0%@614 APE 25 PLL@29.5C CPU@32C iwlwifi@32C PMIC@50C GPU@30C AO@40.5C thermal@30.75C POM_5V_IN 2095/2172 POM_5V_GPU 82/90 POM_5V_CPU 493/530
RAM 1324/3964MB (lfb 8x4MB) SWAP 816/6078MB (cached 24MB) IRAM 0/252kB(lfb 252kB) CPU [10%@921,4%@921,off,off] EMC_FREQ 0%@1600 GR3D_FREQ 0%@614 APE 25 PLL@29.5C CPU@32C iwlwifi@32C PMIC@50C GPU@29.5C AO@41C thermal@30.75C POM_5V_IN 2375/2173 POM_5V_GPU 81/90 POM_5V_CPU 737/531
RAM 1325/3964MB (lfb 8x4MB) SWAP 816/6078MB (cached 24MB) IRAM 0/252kB(lfb 252kB) CPU [8%@921,5%@921,off,off] EMC_FREQ 0%@1600 GR3D_FREQ 0%@614 APE 25 PLL@29.5C CPU@31.5C iwlwifi@32C PMIC@50C GPU@30C AO@40.5C thermal@30.75C POM_5V_IN 2215/2173 POM_5V_GPU 82/90 POM_5V_CPU 574/531
RAM 1325/3964MB (lfb 8x4MB) SWAP 816/6078MB (cached 24MB) IRAM 0/252kB(lfb 252kB) CPU [6%@921,7%@921,off,off] EMC_FREQ 0%@1600 GR3D_FREQ 0%@614 APE 25 PLL@29.5C CPU@31.5C iwlwifi@32C PMIC@50C GPU@30C AO@41C thermal@30.75C POM_5V_IN 2174/2173 POM_5V_GPU 82/90 POM_5V_CPU 574/532
RAM 1325/3964MB (lfb 8x4MB) SWAP 816/6078MB (cached 24MB) IRAM 0/252kB(lfb 252kB) CPU [9%@921,6%@921,off,off] EMC_FREQ 0%@1600 GR3D_FREQ 0%@614 APE 25 PLL@29.5C CPU@31.5C iwlwifi@32C PMIC@50C GPU@29.5C AO@41C thermal@30.5C POM_5V_IN 2174/2173 POM_5V_GPU 82/90 POM_5V_CPU 574/532
RAM 1345/3964MB (lfb 8x4MB) SWAP 816/6078MB (cached 24MB) IRAM 0/252kB(lfb 252kB) CPU [7%@921,6%@921,off,off] EMC_FREQ 0%@1600 GR3D_FREQ 0%@614 APE 25 PLL@29.5C CPU@32C iwlwifi@32C PMIC@50C GPU@30C AO@41C thermal@30.25C POM_5V_IN 2174/2173 POM_5V_GPU 82/90 POM_5V_CPU 533/532
RAM 1343/3964MB (lfb 8x4MB) SWAP 816/6078MB (cached 24MB) IRAM 0/252kB(lfb 252kB) CPU [8%@921,5%@921,off,off] EMC_FREQ 0%@1600 GR3D_FREQ 0%@614 APE 25 PLL@29.5C CPU@31.5C iwlwifi@32C PMIC@50C GPU@30C AO@41C thermal@30.75C POM_5V_IN 1813/2171 POM_5V_GPU 82/90 POM_5V_CPU 246/530
RAM 1341/3964MB (lfb 8x4MB) SWAP 816/6078MB (cached 24MB) IRAM 0/252kB(lfb 252kB) CPU [7%@921,6%@921,off,off] EMC_FREQ 0%@1600 GR3D_FREQ 0%@614 APE 25 PLL@30C CPU@31.5C iwlwifi@32C PMIC@50C GPU@30C AO@40.5C thermal@30.5C POM_5V_IN 1934/2169 POM_5V_GPU 82/90 POM_5V_CPU 370/529
RAM 1341/3964MB (lfb 8x4MB) SWAP 816/6078MB (cached 24MB) IRAM 0/252kB(lfb 252kB) CPU [8%@921,6%@921,off,off] EMC_FREQ 0%@1600 GR3D_FREQ 0%@614 APE 25 PLL@29.5C CPU@31.5C iwlwifi@32C PMIC@50C GPU@29.5C AO@41C thermal@30.5C POM_5V_IN 1892/2168 POM_5V_GPU 82/90 POM_5V_CPU 288/528
RAM 1341/3964MB (lfb 8x4MB) SWAP 816/6078MB (cached 25MB) IRAM 0/252kB(lfb 252kB) CPU [8%@921,6%@921,off,off] EMC_FREQ 0%@1600 GR3D_FREQ 0%@614 APE 25 PLL@29.5C CPU@31.5C iwlwifi@32C PMIC@50C GPU@30C AO@41C thermal@30.5C POM_5V_IN 1892/2166 POM_5V_GPU 82/90 POM_5V_CPU 329/526
RAM 1339/3964MB (lfb 8x4MB) SWAP 816/6078MB (cached 25MB) IRAM 0/252kB(lfb 252kB) CPU [6%@921,8%@921,off,off] EMC_FREQ 0%@1600 GR3D_FREQ 0%@614 APE 25 PLL@29.5C CPU@31.5C iwlwifi@32C PMIC@50C GPU@29.5C AO@41C thermal@30.75C POM_5V_IN 1892/2164 POM_5V_GPU 82/90 POM_5V_CPU 288/525
RAM 1339/3964MB (lfb 8x4MB) SWAP 816/6078MB (cached 25MB) IRAM 0/252kB(lfb 252kB) CPU [5%@921,8%@921,off,off] EMC_FREQ 0%@1600 GR3D_FREQ 0%@614 APE 25 PLL@29.5C CPU@31.5C iwlwifi@32C PMIC@50C GPU@30C AO@40.5C thermal@30.75C POM_5V_IN 2095/2164 POM_5V_GPU 82/89 POM_5V_CPU 492/525
RAM 1325/3964MB (lfb 8x4MB) SWAP 816/6078MB (cached 25MB) IRAM 0/252kB(lfb 252kB) CPU [9%@921,5%@921,off,off] EMC_FREQ 0%@1600 GR3D_FREQ 0%@614 APE 25 PLL@29.5C CPU@31.5C iwlwifi@32C PMIC@50C GPU@30C AO@40.5C thermal@30.75C POM_5V_IN 2334/2165 POM_5V_GPU 81/89 POM_5V_CPU 655/525
RAM 1325/3964MB (lfb 8x4MB) SWAP 816/6078MB (cached 25MB) IRAM 0/252kB(lfb 252kB) CPU [5%@921,9%@921,off,off] EMC_FREQ 0%@1600 GR3D_FREQ 0%@614 APE 25 PLL@30C CPU@32C iwlwifi@32C PMIC@50C GPU@29.5C AO@41C thermal@30.75C POM_5V_IN 2174/2165 POM_5V_GPU 82/89 POM_5V_CPU 574/526
RAM 1325/3964MB (lfb 8x4MB) SWAP 816/6078MB (cached 25MB) IRAM 0/252kB(lfb 252kB) CPU [6%@921,8%@921,off,off] EMC_FREQ 0%@1600 GR3D_FREQ 0%@614 APE 25 PLL@29.5C CPU@32C iwlwifi@32C PMIC@50C GPU@30C AO@40.5C thermal@30.5C POM_5V_IN 2129/2165 POM_5V_GPU 81/89 POM_5V_CPU 450/525
RAM 1341/3964MB (lfb 8x4MB) SWAP 816/6078MB (cached 25MB) IRAM 0/252kB(lfb 252kB) CPU [6%@921,7%@921,off,off] EMC_FREQ 0%@1600 GR3D_FREQ 0%@614 APE 25 PLL@29.5C CPU@31.5C iwlwifi@32C PMIC@50C GPU@29.5C AO@40.5C thermal@30.5C POM_5V_IN 2174/2165 POM_5V_GPU 82/89 POM_5V_CPU 533/525
RAM 1325/3964MB (lfb 8x4MB) SWAP 816/6078MB (cached 25MB) IRAM 0/252kB(lfb 252kB) CPU [7%@921,7%@921,off,off] EMC_FREQ 0%@1600 GR3D_FREQ 0%@614 APE 25 PLL@29.5C CPU@31.5C iwlwifi@32C PMIC@50C GPU@29.5C AO@40.5C thermal@30.75C POM_5V_IN 1892/2163 POM_5V_GPU 82/89 POM_5V_CPU 329/524
RAM 1341/3964MB (lfb 8x4MB) SWAP 816/6078MB (cached 25MB) IRAM 0/252kB(lfb 252kB) CPU [5%@921,8%@921,off,off] EMC_FREQ 0%@1600 GR3D_FREQ 0%@614 APE 25 PLL@29.5C CPU@31.5C iwlwifi@32C PMIC@50C GPU@29.5C AO@40.5C thermal@30.75C POM_5V_IN 2174/2163 POM_5V_GPU 82/89 POM_5V_CPU 533/524
RAM 1341/3964MB (lfb 8x4MB) SWAP 816/6078MB (cached 25MB) IRAM 0/252kB(lfb 252kB) CPU [6%@921,7%@921,off,off] EMC_FREQ 0%@1600 GR3D_FREQ 0%@614 APE 25 PLL@29.5C CPU@31.5C iwlwifi@32C PMIC@50C GPU@30C AO@40.5C thermal@30.75C POM_5V_IN 1934/2162 POM_5V_GPU 82/89 POM_5V_CPU 370/523
RAM 1340/3964MB (lfb 8x4MB) SWAP 816/6078MB (cached 25MB) IRAM 0/252kB(lfb 252kB) CPU [6%@921,8%@921,off,off] EMC_FREQ 0%@1600 GR3D_FREQ 0%@614 APE 25 PLL@29.5C CPU@31.5C iwlwifi@32C PMIC@50C GPU@30C AO@41C thermal@30.75C POM_5V_IN 1892/2160 POM_5V_GPU 82/89 POM_5V_CPU 329/522
RAM 1342/3964MB (lfb 8x4MB) SWAP 816/6078MB (cached 25MB) IRAM 0/252kB(lfb 252kB) CPU [7%@921,6%@921,off,off] EMC_FREQ 0%@1600 GR3D_FREQ 0%@614 APE 25 PLL@29.5C CPU@31.5C iwlwifi@32C PMIC@50C GPU@29.5C AO@40.5C thermal@30.5C POM_5V_IN 1931/2159 POM_5V_GPU 82/89 POM_5V_CPU 328/521
RAM 1340/3964MB (lfb 8x4MB) SWAP 816/6078MB (cached 25MB) IRAM 0/252kB(lfb 252kB) CPU [9%@921,6%@921,off,off] EMC_FREQ 0%@1600 GR3D_FREQ 0%@614 APE 25 PLL@29.5C CPU@31C iwlwifi@32C PMIC@50C GPU@29.5C AO@41C thermal@30.25C POM_5V_IN 2095/2159 POM_5V_GPU 82/89 POM_5V_CPU 493/521
RAM 1342/3964MB (lfb 8x4MB) SWAP 816/6078MB (cached 25MB) IRAM 0/252kB(lfb 252kB) CPU [7%@921,6%@921,off,off] EMC_FREQ 0%@1600 GR3D_FREQ 0%@614 APE 25 PLL@29.5C CPU@31C iwlwifi@32C PMIC@50C GPU@29.5C AO@40.5C thermal@30.5C POM_5V_IN 1892/2157 POM_5V_GPU 82/89 POM_5V_CPU 329/520
RAM 1325/3964MB (lfb 8x4MB) SWAP 816/6078MB (cached 25MB) IRAM 0/252kB(lfb 252kB) CPU [8%@921,7%@921,off,off] EMC_FREQ 0%@1600 GR3D_FREQ 0%@614 APE 25 PLL@29.5C CPU@31.5C iwlwifi@32C PMIC@50C GPU@30C AO@41C thermal@30.5C POM_5V_IN 2133/2157 POM_5V_GPU 82/89 POM_5V_CPU 574/520
RAM 1325/3964MB (lfb 8x4MB) SWAP 816/6078MB (cached 25MB) IRAM 0/252kB(lfb 252kB) CPU [6%@921,7%@921,off,off] EMC_FREQ 0%@1600 GR3D_FREQ 0%@614 APE 25 PLL@29.5C CPU@32C iwlwifi@32C PMIC@50C GPU@29.5C AO@41C thermal@30.5C POM_5V_IN 2215/2157 POM_5V_GPU 82/89 POM_5V_CPU 574/520
RAM 1325/3964MB (lfb 8x4MB) SWAP 816/6078MB (cached 25MB) IRAM 0/252kB(lfb 252kB) CPU [6%@921,8%@921,off,off] EMC_FREQ 0%@1600 GR3D_FREQ 0%@614 APE 25 PLL@29.5C CPU@31.5C iwlwifi@32C PMIC@50C GPU@30C AO@40.5C thermal@30.5C POM_5V_IN 2215/2157 POM_5V_GPU 82/89 POM_5V_CPU 574/521
RAM 1325/3964MB (lfb 8x4MB) SWAP 816/6078MB (cached 25MB) IRAM 0/252kB(lfb 252kB) CPU [7%@921,6%@921,off,off] EMC_FREQ 0%@1600 GR3D_FREQ 0%@614 APE 25 PLL@29.5C CPU@31.5C iwlwifi@32C PMIC@50C GPU@29.5C AO@41C thermal@30.75C POM_5V_IN 2215/2158 POM_5V_GPU 82/89 POM_5V_CPU 574/521
RAM 1325/3964MB (lfb 8x4MB) SWAP 816/6078MB (cached 25MB) IRAM 0/252kB(lfb 252kB) CPU [6%@921,7%@921,off,off] EMC_FREQ 0%@1600 GR3D_FREQ 0%@614 APE 25 PLL@29.5C CPU@31.5C iwlwifi@32C PMIC@50C GPU@29.5C AO@40.5C thermal@30.5C POM_5V_IN 2174/2158 POM_5V_GPU 82/89 POM_5V_CPU 574/521
RAM 1344/3964MB (lfb 8x4MB) SWAP 816/6078MB (cached 25MB) IRAM 0/252kB(lfb 252kB) CPU [6%@921,8%@921,off,off] EMC_FREQ 0%@1600 GR3D_FREQ 0%@614 APE 25 PLL@29.5C CPU@31.5C iwlwifi@32C PMIC@50C GPU@29.5C AO@40.5C thermal@30.5C POM_5V_IN 2174/2158 POM_5V_GPU 82/89 POM_5V_CPU 533/521
RAM 1325/3964MB (lfb 8x4MB) SWAP 816/6078MB (cached 25MB) IRAM 0/252kB(lfb 252kB) CPU [8%@921,6%@921,off,off] EMC_FREQ 0%@1600 GR3D_FREQ 0%@614 APE 25 PLL@29.5C CPU@31.5C iwlwifi@32C PMIC@50C GPU@30C AO@40.5C thermal@30.5C POM_5V_IN 1934/2157 POM_5V_GPU 82/89 POM_5V_CPU 329/520
RAM 1326/3964MB (lfb 8x4MB) SWAP 816/6078MB (cached 25MB) IRAM 0/252kB(lfb 252kB) CPU [7%@921,8%@921,off,off] EMC_FREQ 0%@1600 GR3D_FREQ 0%@614 APE 25 PLL@30C CPU@31.5C iwlwifi@32C PMIC@50C GPU@30C AO@41C thermal@30.25C POM_5V_IN 2215/2157 POM_5V_GPU 82/89 POM_5V_CPU 574/521
RAM 1342/3964MB (lfb 8x4MB) SWAP 816/6078MB (cached 25MB) IRAM 0/252kB(lfb 252kB) CPU [7%@921,5%@921,off,off] EMC_FREQ 0%@1600 GR3D_FREQ 0%@614 APE 25 PLL@30C CPU@31.5C iwlwifi@32C PMIC@50C GPU@30C AO@41C thermal@30.75C POM_5V_IN 2133/2157 POM_5V_GPU 82/89 POM_5V_CPU 533/521
RAM 1326/3964MB (lfb 8x4MB) SWAP 816/6078MB (cached 25MB) IRAM 0/252kB(lfb 252kB) CPU [8%@921,7%@921,off,off] EMC_FREQ 0%@1600 GR3D_FREQ 0%@614 APE 25 PLL@30C CPU@31.5C iwlwifi@32C PMIC@50C GPU@29.5C AO@41C thermal@30.75C POM_5V_IN 1892/2155 POM_5V_GPU 82/89 POM_5V_CPU 329/520
RAM 1345/3964MB (lfb 8x4MB) SWAP 816/6078MB (cached 25MB) IRAM 0/252kB(lfb 252kB) CPU [7%@921,5%@921,off,off] EMC_FREQ 0%@1600 GR3D_FREQ 0%@614 APE 25 PLL@30C CPU@32C iwlwifi@32C PMIC@50C GPU@30C AO@40.5C thermal@30.75C POM_5V_IN 2174/2156 POM_5V_GPU 82/89 POM_5V_CPU 574/520
RAM 1341/3964MB (lfb 8x4MB) SWAP 816/6078MB (cached 25MB) IRAM 0/252kB(lfb 252kB) CPU [9%@921,5%@921,off,off] EMC_FREQ 0%@1600 GR3D_FREQ 0%@614 APE 25 PLL@29.5C CPU@31.5C iwlwifi@32C PMIC@50C GPU@30C AO@41C thermal@30.5C POM_5V_IN 2174/2156 POM_5V_GPU 82/88 POM_5V_CPU 574/520
RAM 1341/3964MB (lfb 8x4MB) SWAP 816/6078MB (cached 25MB) IRAM 0/252kB(lfb 252kB) CPU [9%@921,4%@921,off,off] EMC_FREQ 0%@1600 GR3D_FREQ 0%@614 APE 25 PLL@30C CPU@31.5C iwlwifi@32C PMIC@50C GPU@30C AO@41C thermal@30.75C POM_5V_IN 1892/2154 POM_5V_GPU 82/88 POM_5V_CPU 329/519
RAM 1343/3964MB (lfb 8x4MB) SWAP 816/6078MB (cached 25MB) IRAM 0/252kB(lfb 252kB) CPU [8%@921,7%@921,off,off] EMC_FREQ 0%@1600 GR3D_FREQ 0%@614 APE 25 PLL@29.5C CPU@31.5C iwlwifi@32C PMIC@50C GPU@30C AO@41C thermal@30.75C POM_5V_IN 1934/2153 POM_5V_GPU 82/88 POM_5V_CPU 329/518
RAM 1340/3964MB (lfb 8x4MB) SWAP 816/6078MB (cached 25MB) IRAM 0/252kB(lfb 252kB) CPU [5%@921,8%@921,off,off] EMC_FREQ 0%@1600 GR3D_FREQ 0%@614 APE 25 PLL@29.5C CPU@31.5C iwlwifi@32C PMIC@50C GPU@29.5C AO@41C thermal@30.75C POM_5V_IN 1772/2151 POM_5V_GPU 82/88 POM_5V_CPU 205/516
RAM 1343/3964MB (lfb 8x4MB) SWAP 816/6078MB (cached 25MB) IRAM 0/252kB(lfb 252kB) CPU [5%@921,9%@921,off,off] EMC_FREQ 0%@1600 GR3D_FREQ 0%@614 APE 25 PLL@30C CPU@31.5C iwlwifi@33C PMIC@50C GPU@30C AO@40.5C thermal@30.25C POM_5V_IN 1934/2150 POM_5V_GPU 82/88 POM_5V_CPU 329/515
RAM 1340/3964MB (lfb 8x4MB) SWAP 816/6078MB (cached 25MB) IRAM 0/252kB(lfb 252kB) CPU [6%@921,8%@921,off,off] EMC_FREQ 0%@1600 GR3D_FREQ 0%@614 APE 25 PLL@30C CPU@32C iwlwifi@32C PMIC@50C GPU@29.5C AO@41C thermal@30.75C POM_5V_IN 2215/2150 POM_5V_GPU 82/88 POM_5V_CPU 574/516
RAM 1341/3964MB (lfb 8x4MB) SWAP 816/6078MB (cached 25MB) IRAM 0/252kB(lfb 252kB) CPU [10%@921,4%@921,off,off] EMC_FREQ 0%@1600 GR3D_FREQ 0%@614 APE 25 PLL@29.5C CPU@31.5C iwlwifi@32C PMIC@50C GPU@30C AO@40.5C thermal@30.5C POM_5V_IN 1934/2149 POM_5V_GPU 82/88 POM_5V_CPU 329/515
RAM 1344/3964MB (lfb 8x4MB) SWAP 816/6078MB (cached 25MB) IRAM 0/252kB(lfb 252kB) CPU [8%@921,6%@921,off,off] EMC_FREQ 0%@1600 GR3D_FREQ 0%@614 APE 25 PLL@29.5C CPU@31.5C iwlwifi@32C PMIC@50C GPU@30C AO@40.5C thermal@30.75C POM_5V_IN 1892/2148 POM_5V_GPU 82/88 POM_5V_CPU 329/514
RAM 1341/3964MB (lfb 8x4MB) SWAP 816/6078MB (cached 25MB) IRAM 0/252kB(lfb 252kB) CPU [4%@921,9%@921,off,off] EMC_FREQ 0%@1600 GR3D_FREQ 0%@614 APE 25 PLL@29.5C CPU@31.5C iwlwifi@32C PMIC@50C GPU@29.5C AO@40.5C thermal@30.5C POM_5V_IN 1934/2147 POM_5V_GPU 82/88 POM_5V_CPU 329/513
RAM 1326/3964MB (lfb 8x4MB) SWAP 815/6078MB (cached 25MB) IRAM 0/252kB(lfb 252kB) CPU [6%@921,8%@921,off,off] EMC_FREQ 0%@1600 GR3D_FREQ 0%@614 APE 25 PLL@29.5C CPU@31.5C iwlwifi@32C PMIC@50C GPU@29.5C AO@40.5C thermal@30.75C POM_5V_IN 2013/2146 POM_5V_GPU 82/88 POM_5V_CPU 410/512
RAM 1326/3964MB (lfb 8x4MB) SWAP 815/6078MB (cached 25MB) IRAM 0/252kB(lfb 252kB) CPU [7%@921,6%@921,off,off] EMC_FREQ 0%@1600 GR3D_FREQ 0%@614 APE 25 PLL@29.5C CPU@31.5C iwlwifi@32C PMIC@50C GPU@30C AO@40.5C thermal@30.75C POM_5V_IN 2174/2146 POM_5V_GPU 82/88 POM_5V_CPU 573/513
RAM 1342/3964MB (lfb 8x4MB) SWAP 815/6078MB (cached 25MB) IRAM 0/252kB(lfb 252kB) CPU [5%@921,8%@921,off,off] EMC_FREQ 0%@1600 GR3D_FREQ 0%@614 APE 25 PLL@29.5C CPU@31.5C iwlwifi@32C PMIC@50C GPU@29.5C AO@40.5C thermal@30.5C POM_5V_IN 2174/2146 POM_5V_GPU 82/88 POM_5V_CPU 574/513
RAM 1326/3964MB (lfb 8x4MB) SWAP 815/6078MB (cached 25MB) IRAM 0/252kB(lfb 252kB) CPU [9%@921,5%@921,off,off] EMC_FREQ 0%@1600 GR3D_FREQ 0%@614 APE 25 PLL@29.5C CPU@31.5C iwlwifi@32C PMIC@50C GPU@29.5C AO@40.5C thermal@30.5C POM_5V_IN 1892/2145 POM_5V_GPU 82/88 POM_5V_CPU 329/512
RAM 1345/3964MB (lfb 8x4MB) SWAP 815/6078MB (cached 25MB) IRAM 0/252kB(lfb 252kB) CPU [9%@921,4%@921,off,off] EMC_FREQ 0%@1600 GR3D_FREQ 0%@614 APE 25 PLL@30C CPU@31.5C iwlwifi@32C PMIC@50C GPU@29.5C AO@40.5C thermal@30.5C POM_5V_IN 2174/2145 POM_5V_GPU 82/88 POM_5V_CPU 574/512
RAM 1343/3964MB (lfb 8x4MB) SWAP 815/6078MB (cached 25MB) IRAM 0/252kB(lfb 252kB) CPU [5%@921,8%@921,off,off] EMC_FREQ 0%@1600 GR3D_FREQ 0%@614 APE 25 PLL@29C CPU@31.5C iwlwifi@32C PMIC@50C GPU@30C AO@40.5C thermal@30.75C POM_5V_IN 1772/2143 POM_5V_GPU 82/88 POM_5V_CPU 205/511
RAM 1343/3964MB (lfb 8x4MB) SWAP 815/6078MB (cached 25MB) IRAM 0/252kB(lfb 252kB) CPU [9%@921,5%@921,off,off] EMC_FREQ 0%@1600 GR3D_FREQ 0%@614 APE 25 PLL@29.5C CPU@32C iwlwifi@32C PMIC@50C GPU@29.5C AO@41C thermal@30.5C POM_5V_IN 1975/2142 POM_5V_GPU 82/88 POM_5V_CPU 369/510
RAM 1345/3964MB (lfb 8x4MB) SWAP 815/6078MB (cached 25MB) IRAM 0/252kB(lfb 252kB) CPU [7%@921,6%@921,off,off] EMC_FREQ 0%@1600 GR3D_FREQ 0%@614 APE 25 PLL@29.5C CPU@31.5C iwlwifi@32C PMIC@50C GPU@30C AO@40.5C thermal@30.5C POM_5V_IN 1934/2141 POM_5V_GPU 82/88 POM_5V_CPU 370/509
RAM 1343/3964MB (lfb 8x4MB) SWAP 815/6078MB (cached 25MB) IRAM 0/252kB(lfb 252kB) CPU [7%@921,7%@921,off,off] EMC_FREQ 0%@1600 GR3D_FREQ 0%@614 APE 25 PLL@29.5C CPU@31.5C iwlwifi@32C PMIC@50C GPU@29.5C AO@40.5C thermal@30.25C POM_5V_IN 1934/2140 POM_5V_GPU 82/88 POM_5V_CPU 329/509
RAM 1341/3964MB (lfb 8x4MB) SWAP 815/6078MB (cached 25MB) IRAM 0/252kB(lfb 252kB) CPU [8%@921,5%@921,off,off] EMC_FREQ 0%@1600 GR3D_FREQ 0%@614 APE 25 PLL@29.5C CPU@31C iwlwifi@32C PMIC@50C GPU@29.5C AO@41C thermal@30.25C POM_5V_IN 1892/2139 POM_5V_GPU 82/88 POM_5V_CPU 329/508
RAM 1339/3964MB (lfb 8x4MB) SWAP 815/6078MB (cached 25MB) IRAM 0/252kB(lfb 252kB) CPU [8%@921,6%@921,off,off] EMC_FREQ 0%@1600 GR3D_FREQ 0%@614 APE 25 PLL@29.5C CPU@31.5C iwlwifi@32C PMIC@50C GPU@30C AO@40.5C thermal@30.75C POM_5V_IN 2174/2139 POM_5V_GPU 82/88 POM_5V_CPU 574/508
RAM 1341/3964MB (lfb 8x4MB) SWAP 815/6078MB (cached 25MB) IRAM 0/252kB(lfb 252kB) CPU [5%@921,8%@921,off,off] EMC_FREQ 0%@1600 GR3D_FREQ 0%@614 APE 25 PLL@29.5C CPU@31.5C iwlwifi@32C PMIC@50C GPU@29.5C AO@40.5C thermal@30.5C POM_5V_IN 2256/2140 POM_5V_GPU 82/88 POM_5V_CPU 615/508
RAM 1327/3964MB (lfb 8x4MB) SWAP 815/6078MB (cached 25MB) IRAM 0/252kB(lfb 252kB) CPU [7%@921,7%@921,off,off] EMC_FREQ 0%@1600 GR3D_FREQ 0%@614 APE 25 PLL@29.5C CPU@32C iwlwifi@32C PMIC@50C GPU@30C AO@40.5C thermal@30.75C POM_5V_IN 2174/2140 POM_5V_GPU 82/88 POM_5V_CPU 492/508
RAM 1327/3964MB (lfb 8x4MB) SWAP 815/6078MB (cached 25MB) IRAM 0/252kB(lfb 252kB) CPU [8%@921,6%@921,off,off] EMC_FREQ 0%@1600 GR3D_FREQ 0%@614 APE 25 PLL@29.5C CPU@31.5C iwlwifi@32C PMIC@50C GPU@29.5C AO@40.5C thermal@30.5C POM_5V_IN 2174/2140 POM_5V_GPU 82/88 POM_5V_CPU 574/509
RAM 1345/3964MB (lfb 8x4MB) SWAP 815/6078MB (cached 25MB) IRAM 0/252kB(lfb 252kB) CPU [8%@921,5%@921,off,off] EMC_FREQ 0%@1600 GR3D_FREQ 0%@614 APE 25 PLL@29.5C CPU@31.5C iwlwifi@32C PMIC@50C GPU@29.5C AO@40.5C thermal@30.5C POM_5V_IN 2174/2140 POM_5V_GPU 82/88 POM_5V_CPU 574/509
RAM 1326/3964MB (lfb 8x4MB) SWAP 815/6078MB (cached 25MB) IRAM 0/252kB(lfb 252kB) CPU [6%@921,8%@921,off,off] EMC_FREQ 0%@1600 GR3D_FREQ 0%@614 APE 25 PLL@30C CPU@31.5C iwlwifi@32C PMIC@50C GPU@29.5C AO@40.5C thermal@30.75C POM_5V_IN 1892/2139 POM_5V_GPU 82/88 POM_5V_CPU 288/508
RAM 1341/3964MB (lfb 8x4MB) SWAP 815/6078MB (cached 25MB) IRAM 0/252kB(lfb 252kB) CPU [5%@921,7%@921,off,off] EMC_FREQ 0%@1600 GR3D_FREQ 0%@614 APE 25 PLL@29.5C CPU@31.5C iwlwifi@32C PMIC@50C GPU@30C AO@40.5C thermal@30.5C POM_5V_IN 2174/2139 POM_5V_GPU 82/88 POM_5V_CPU 574/508
RAM 1343/3964MB (lfb 8x4MB) SWAP 815/6078MB (cached 25MB) IRAM 0/252kB(lfb 252kB) CPU [7%@921,7%@921,off,off] EMC_FREQ 0%@1600 GR3D_FREQ 0%@614 APE 25 PLL@29.5C CPU@31.5C iwlwifi@32C PMIC@50C GPU@29.5C AO@40.5C thermal@30.25C POM_5V_IN 1892/2138 POM_5V_GPU 82/88 POM_5V_CPU 329/507
RAM 1341/3964MB (lfb 8x4MB) SWAP 815/6078MB (cached 25MB) IRAM 0/252kB(lfb 252kB) CPU [5%@921,8%@921,off,off] EMC_FREQ 0%@1600 GR3D_FREQ 0%@614 APE 25 PLL@29.5C CPU@31C iwlwifi@32C PMIC@50C GPU@29.5C AO@40.5C thermal@30.5C POM_5V_IN 1975/2137 POM_5V_GPU 82/88 POM_5V_CPU 369/507
RAM 1343/3964MB (lfb 8x4MB) SWAP 815/6078MB (cached 25MB) IRAM 0/252kB(lfb 252kB) CPU [5%@921,8%@921,off,off] EMC_FREQ 0%@1600 GR3D_FREQ 0%@614 APE 25 PLL@29.5C CPU@31.5C iwlwifi@32C PMIC@50C GPU@29.5C AO@40.5C thermal@30.25C POM_5V_IN 1934/2136 POM_5V_GPU 82/88 POM_5V_CPU 369/506
RAM 1343/3964MB (lfb 8x4MB) SWAP 815/6078MB (cached 25MB) IRAM 0/252kB(lfb 252kB) CPU [8%@921,5%@921,off,off] EMC_FREQ 0%@1600 GR3D_FREQ 0%@614 APE 25 PLL@29.5C CPU@31.5C iwlwifi@32C PMIC@50C GPU@29.5C AO@40C thermal@30.5C POM_5V_IN 1892/2135 POM_5V_GPU 82/88 POM_5V_CPU 329/505
RAM 1341/3964MB (lfb 8x4MB) SWAP 815/6078MB (cached 25MB) IRAM 0/252kB(lfb 252kB) CPU [9%@921,4%@921,off,off] EMC_FREQ 0%@1600 GR3D_FREQ 0%@614 APE 25 PLL@29.5C CPU@31.5C iwlwifi@32C PMIC@50C GPU@30C AO@40.5C thermal@30.75C POM_5V_IN 1892/2134 POM_5V_GPU 82/88 POM_5V_CPU 329/504
RAM 1345/3964MB (lfb 8x4MB) SWAP 815/6078MB (cached 25MB) IRAM 0/252kB(lfb 252kB) CPU [8%@921,6%@921,off,off] EMC_FREQ 0%@1600 GR3D_FREQ 0%@614 APE 25 PLL@30C CPU@31.5C iwlwifi@32C PMIC@50C GPU@29.5C AO@40.5C thermal@30.5C POM_5V_IN 2174/2134 POM_5V_GPU 82/87 POM_5V_CPU 533/505
RAM 1327/3964MB (lfb 8x4MB) SWAP 815/6078MB (cached 25MB) IRAM 0/252kB(lfb 252kB) CPU [6%@921,8%@921,off,off] EMC_FREQ 0%@1600 GR3D_FREQ 0%@614 APE 25 PLL@29.5C CPU@32C iwlwifi@32C PMIC@50C GPU@29.5C AO@40.5C thermal@30.75C POM_5V_IN 2371/2135 POM_5V_GPU 81/87 POM_5V_CPU 736/506
RAM 1326/3964MB (lfb 8x4MB) SWAP 815/6078MB (cached 25MB) IRAM 0/252kB(lfb 252kB) CPU [7%@921,5%@921,off,off] EMC_FREQ 0%@1600 GR3D_FREQ 0%@614 APE 25 PLL@29.5C CPU@32C iwlwifi@32C PMIC@50C GPU@29.5C AO@40.5C thermal@30.5C POM_5V_IN 2215/2136 POM_5V_GPU 82/87 POM_5V_CPU 574/506
RAM 1327/3964MB (lfb 8x4MB) SWAP 815/6078MB (cached 25MB) IRAM 0/252kB(lfb 252kB) CPU [9%@921,5%@921,off,off] EMC_FREQ 0%@1600 GR3D_FREQ 0%@614 APE 25 PLL@29.5C CPU@31.5C iwlwifi@32C PMIC@50C GPU@29.5C AO@40.5C thermal@30.5C POM_5V_IN 2174/2136 POM_5V_GPU 82/87 POM_5V_CPU 574/506
RAM 1343/3964MB (lfb 8x4MB) SWAP 815/6078MB (cached 25MB) IRAM 0/252kB(lfb 252kB) CPU [7%@921,5%@921,off,off] EMC_FREQ 0%@1600 GR3D_FREQ 0%@614 APE 25 PLL@30C CPU@31.5C iwlwifi@32C PMIC@50C GPU@29.5C AO@40.5C thermal@30.5C POM_5V_IN 2174/2136 POM_5V_GPU 82/87 POM_5V_CPU 574/507
RAM 1327/3964MB (lfb 8x4MB) SWAP 815/6078MB (cached 25MB) IRAM 0/252kB(lfb 252kB) CPU [8%@921,6%@921,off,off] EMC_FREQ 0%@1600 GR3D_FREQ 0%@614 APE 25 PLL@30C CPU@31.5C iwlwifi@32C PMIC@50C GPU@29.5C AO@40.5C thermal@30.5C POM_5V_IN 1934/2135 POM_5V_GPU 82/87 POM_5V_CPU 329/506
RAM 1343/3964MB (lfb 8x4MB) SWAP 815/6078MB (cached 25MB) IRAM 0/252kB(lfb 252kB) CPU [5%@921,8%@921,off,off] EMC_FREQ 0%@1600 GR3D_FREQ 0%@614 APE 25 PLL@30C CPU@31.5C iwlwifi@32C PMIC@50C GPU@30C AO@40.5C thermal@30.5C POM_5V_IN 2174/2135 POM_5V_GPU 82/87 POM_5V_CPU 533/506
RAM 1345/3964MB (lfb 8x4MB) SWAP 815/6078MB (cached 25MB) IRAM 0/252kB(lfb 252kB) CPU [7%@921,7%@921,off,off] EMC_FREQ 0%@1600 GR3D_FREQ 0%@614 APE 25 PLL@29.5C CPU@31.5C iwlwifi@32C PMIC@50C GPU@29.5C AO@40.5C thermal@30.75C POM_5V_IN 1934/2135 POM_5V_GPU 82/87 POM_5V_CPU 329/505
RAM 1343/3964MB (lfb 8x4MB) SWAP 815/6078MB (cached 25MB) IRAM 0/252kB(lfb 252kB) CPU [9%@921,5%@921,off,off] EMC_FREQ 0%@1600 GR3D_FREQ 0%@614 APE 25 PLL@30C CPU@31.5C iwlwifi@32C PMIC@50C GPU@29.5C AO@41C thermal@30.5C POM_5V_IN 1892/2133 POM_5V_GPU 82/87 POM_5V_CPU 329/504
RAM 1341/3964MB (lfb 8x4MB) SWAP 815/6078MB (cached 25MB) IRAM 0/252kB(lfb 252kB) CPU [4%@921,8%@921,off,off] EMC_FREQ 0%@1600 GR3D_FREQ 0%@614 APE 25 PLL@29.5C CPU@31.5C iwlwifi@32C PMIC@50C GPU@29.5C AO@40.5C thermal@30.5C POM_5V_IN 1934/2133 POM_5V_GPU 82/87 POM_5V_CPU 329/504
RAM 1343/3964MB (lfb 8x4MB) SWAP 815/6078MB (cached 25MB) IRAM 0/252kB(lfb 252kB) CPU [5%@921,9%@921,off,off] EMC_FREQ 0%@1600 GR3D_FREQ 0%@614 APE 25 PLL@29.5C CPU@31.5C iwlwifi@32C PMIC@50C GPU@30C AO@40.5C thermal@30.75C POM_5V_IN 2174/2133 POM_5V_GPU 82/87 POM_5V_CPU 574/504
RAM 1346/3964MB (lfb 8x4MB) SWAP 815/6078MB (cached 25MB) IRAM 0/252kB(lfb 252kB) CPU [7%@921,6%@921,off,off] EMC_FREQ 0%@1600 GR3D_FREQ 0%@614 APE 25 PLL@29.5C CPU@31.5C iwlwifi@32C PMIC@50C GPU@29.5C AO@41C thermal@30.75C POM_5V_IN 2013/2132 POM_5V_GPU 82/87 POM_5V_CPU 410/503
RAM 1326/3964MB (lfb 8x4MB) SWAP 815/6078MB (cached 25MB) IRAM 0/252kB(lfb 252kB) CPU [9%@921,6%@921,off,off] EMC_FREQ 0%@1600 GR3D_FREQ 0%@614 APE 25 PLL@29.5C CPU@31.5C iwlwifi@32C PMIC@50C GPU@29.5C AO@40.5C thermal@30.5C POM_5V_IN 2293/2133 POM_5V_GPU 81/87 POM_5V_CPU 655/504
RAM 1327/3964MB (lfb 8x4MB) SWAP 815/6078MB (cached 25MB) IRAM 0/252kB(lfb 252kB) CPU [4%@921,8%@921,off,off] EMC_FREQ 0%@1600 GR3D_FREQ 0%@614 APE 25 PLL@29.5C CPU@31.5C iwlwifi@32C PMIC@50C GPU@29.5C AO@40.5C thermal@30.5C POM_5V_IN 2215/2133 POM_5V_GPU 82/87 POM_5V_CPU 574/504
RAM 1327/3964MB (lfb 8x4MB) SWAP 815/6078MB (cached 25MB) IRAM 0/252kB(lfb 252kB) CPU [8%@921,7%@921,off,off] EMC_FREQ 0%@1600 GR3D_FREQ 0%@614 APE 25 PLL@30C CPU@31.5C iwlwifi@32C PMIC@50C GPU@30C AO@41C thermal@30.25C POM_5V_IN 2215/2134 POM_5V_GPU 82/87 POM_5V_CPU 574/505
RAM 1343/3964MB (lfb 8x4MB) SWAP 815/6078MB (cached 25MB) IRAM 0/252kB(lfb 252kB) CPU [6%@921,6%@921,off,off] EMC_FREQ 0%@1600 GR3D_FREQ 0%@614 APE 25 PLL@30C CPU@31C iwlwifi@32C PMIC@50C GPU@29.5C AO@40.5C thermal@30.5C POM_5V_IN 2174/2134 POM_5V_GPU 82/87 POM_5V_CPU 574/505
RAM 1327/3964MB (lfb 8x4MB) SWAP 815/6078MB (cached 25MB) IRAM 0/252kB(lfb 252kB) CPU [9%@921,5%@921,off,off] EMC_FREQ 0%@1600 GR3D_FREQ 0%@614 APE 25 PLL@29.5C CPU@31.5C iwlwifi@32C PMIC@50C GPU@29.5C AO@41C thermal@30.25C POM_5V_IN 2013/2133 POM_5V_GPU 82/87 POM_5V_CPU 328/504
RAM 1342/3964MB (lfb 8x4MB) SWAP 815/6078MB (cached 25MB) IRAM 0/252kB(lfb 252kB) CPU [6%@921,7%@921,off,off] EMC_FREQ 0%@1600 GR3D_FREQ 0%@614 APE 25 PLL@29.5C CPU@32C iwlwifi@32C PMIC@50C GPU@30C AO@41C thermal@30.25C POM_5V_IN 2170/2133 POM_5V_GPU 81/87 POM_5V_CPU 573/505
RAM 1327/3964MB (lfb 8x4MB) SWAP 815/6078MB (cached 25MB) IRAM 0/252kB(lfb 252kB) CPU [9%@921,6%@921,off,off] EMC_FREQ 0%@1600 GR3D_FREQ 0%@614 APE 25 PLL@29.5C CPU@31C iwlwifi@32C PMIC@50C GPU@30C AO@40.5C thermal@30.75C POM_5V_IN 2174/2134 POM_5V_GPU 82/87 POM_5V_CPU 533/505
RAM 1345/3964MB (lfb 8x4MB) SWAP 815/6078MB (cached 25MB) IRAM 0/252kB(lfb 252kB) CPU [8%@921,5%@921,off,off] EMC_FREQ 0%@1600 GR3D_FREQ 0%@614 APE 25 PLL@30C CPU@31.5C iwlwifi@32C PMIC@50C GPU@29.5C AO@41C thermal@30.25C POM_5V_IN 2174/2134 POM_5V_GPU 82/87 POM_5V_CPU 574/505
RAM 1343/3964MB (lfb 8x4MB) SWAP 815/6078MB (cached 25MB) IRAM 0/252kB(lfb 252kB) CPU [7%@921,7%@921,off,off] EMC_FREQ 0%@1600 GR3D_FREQ 0%@614 APE 25 PLL@29.5C CPU@31C iwlwifi@32C PMIC@50C GPU@29.5C AO@41C thermal@30.25C POM_5V_IN 1975/2133 POM_5V_GPU 82/87 POM_5V_CPU 369/504
RAM 1341/3964MB (lfb 8x4MB) SWAP 815/6078MB (cached 25MB) IRAM 0/252kB(lfb 252kB) CPU [5%@921,8%@921,off,off] EMC_FREQ 0%@1600 GR3D_FREQ 0%@614 APE 25 PLL@29.5C CPU@31.5C iwlwifi@32C PMIC@50C GPU@30C AO@40.5C thermal@30.5C POM_5V_IN 1934/2132 POM_5V_GPU 82/87 POM_5V_CPU 329/504
RAM 1344/3964MB (lfb 8x4MB) SWAP 815/6078MB (cached 25MB) IRAM 0/252kB(lfb 252kB) CPU [6%@921,8%@921,off,off] EMC_FREQ 0%@1600 GR3D_FREQ 0%@614 APE 25 PLL@30C CPU@31.5C iwlwifi@32C PMIC@50C GPU@30C AO@41C thermal@30.75C POM_5V_IN 1892/2131 POM_5V_GPU 82/87 POM_5V_CPU 329/503
RAM 1342/3964MB (lfb 8x4MB) SWAP 815/6078MB (cached 25MB) IRAM 0/252kB(lfb 252kB) CPU [6%@921,7%@921,off,off] EMC_FREQ 0%@1600 GR3D_FREQ 0%@614 APE 25 PLL@30C CPU@31C iwlwifi@32C PMIC@50C GPU@30C AO@41C thermal@30.75C POM_5V_IN 1892/2130 POM_5V_GPU 82/87 POM_5V_CPU 329/502
RAM 1327/3964MB (lfb 8x4MB) SWAP 815/6078MB (cached 25MB) IRAM 0/252kB(lfb 252kB) CPU [7%@921,7%@921,off,off] EMC_FREQ 0%@1600 GR3D_FREQ 0%@614 APE 25 PLL@30C CPU@31.5C iwlwifi@32C PMIC@50C GPU@30C AO@41C thermal@30.75C POM_5V_IN 1934/2129 POM_5V_GPU 82/87 POM_5V_CPU 328/501
RAM 1327/3964MB (lfb 8x4MB) SWAP 815/6078MB (cached 25MB) IRAM 0/252kB(lfb 252kB) CPU [8%@921,5%@921,off,off] EMC_FREQ 0%@1600 GR3D_FREQ 0%@614 APE 25 PLL@30C CPU@31.5C iwlwifi@32C PMIC@50C GPU@29.5C AO@41C thermal@30.75C POM_5V_IN 2256/2130 POM_5V_GPU 82/87 POM_5V_CPU 615/502
RAM 1341/3964MB (lfb 8x4MB) SWAP 815/6078MB (cached 25MB) IRAM 0/252kB(lfb 252kB) CPU [8%@921,5%@921,off,off] EMC_FREQ 0%@1600 GR3D_FREQ 0%@614 APE 25 PLL@29.5C CPU@31.5C iwlwifi@32C PMIC@50C GPU@30C AO@41C thermal@30.5C POM_5V_IN 2174/2130 POM_5V_GPU 82/87 POM_5V_CPU 533/502
RAM 1327/3964MB (lfb 8x4MB) SWAP 815/6078MB (cached 25MB) IRAM 0/252kB(lfb 252kB) CPU [8%@921,7%@921,off,off] EMC_FREQ 0%@1600 GR3D_FREQ 0%@614 APE 25 PLL@29.5C CPU@31.5C iwlwifi@32C PMIC@50C GPU@30C AO@41C thermal@30.5C POM_5V_IN 1892/2129 POM_5V_GPU 82/87 POM_5V_CPU 329/501
RAM 1345/3964MB (lfb 8x4MB) SWAP 815/6078MB (cached 25MB) IRAM 0/252kB(lfb 252kB) CPU [7%@921,6%@921,off,off] EMC_FREQ 0%@1600 GR3D_FREQ 0%@614 APE 25 PLL@29.5C CPU@31.5C iwlwifi@32C PMIC@50C GPU@29.5C AO@41C thermal@30.5C POM_5V_IN 2211/2129 POM_5V_GPU 81/87 POM_5V_CPU 532/501
RAM 1345/3964MB (lfb 8x4MB) SWAP 815/6078MB (cached 25MB) IRAM 0/252kB(lfb 252kB) CPU [7%@921,7%@921,off,off] EMC_FREQ 0%@1600 GR3D_FREQ 0%@614 APE 25 PLL@29.5C CPU@31.5C iwlwifi@32C PMIC@50C GPU@30C AO@41C thermal@30.75C POM_5V_IN 1851/2128 POM_5V_GPU 82/87 POM_5V_CPU 288/501
RAM 1343/3964MB (lfb 8x4MB) SWAP 815/6078MB (cached 25MB) IRAM 0/252kB(lfb 252kB) CPU [4%@921,9%@921,off,off] EMC_FREQ 0%@1600 GR3D_FREQ 0%@614 APE 25 PLL@29.5C CPU@31.5C iwlwifi@32C PMIC@50C GPU@30C AO@40.5C thermal@30.75C POM_5V_IN 1934/2128 POM_5V_GPU 82/87 POM_5V_CPU 329/500
RAM 1345/3964MB (lfb 8x4MB) SWAP 815/6078MB (cached 25MB) IRAM 0/252kB(lfb 252kB) CPU [5%@921,8%@921,off,off] EMC_FREQ 0%@1600 GR3D_FREQ 0%@614 APE 25 PLL@30C CPU@32C iwlwifi@32C PMIC@50C GPU@30C AO@41C thermal@30.5C POM_5V_IN 1934/2127 POM_5V_GPU 82/87 POM_5V_CPU 329/499
RAM 1347/3964MB (lfb 8x4MB) SWAP 815/6078MB (cached 25MB) IRAM 0/252kB(lfb 252kB) CPU [9%@921,4%@921,off,off] EMC_FREQ 0%@1600 GR3D_FREQ 0%@614 APE 25 PLL@30C CPU@31.5C iwlwifi@32C PMIC@50C GPU@30C AO@41C thermal@30.75C POM_5V_IN 1934/2126 POM_5V_GPU 82/87 POM_5V_CPU 329/498
RAM 1344/3964MB (lfb 8x4MB) SWAP 815/6078MB (cached 25MB) IRAM 0/252kB(lfb 252kB) CPU [8%@921,6%@921,off,off] EMC_FREQ 0%@1600 GR3D_FREQ 0%@614 APE 25 PLL@29.5C CPU@31.5C iwlwifi@32C PMIC@50C GPU@30C AO@41C thermal@30.5C POM_5V_IN 1934/2125 POM_5V_GPU 82/87 POM_5V_CPU 329/498
RAM 1344/3964MB (lfb 8x4MB) SWAP 815/6078MB (cached 25MB) IRAM 0/252kB(lfb 252kB) CPU [9%@921,4%@921,off,off] EMC_FREQ 0%@1600 GR3D_FREQ 0%@614 APE 25 PLL@29.5C CPU@31.5C iwlwifi@32C PMIC@50C GPU@30C AO@41C thermal@30.75C POM_5V_IN 1892/2124 POM_5V_GPU 82/87 POM_5V_CPU 369/497
RAM 1327/3964MB (lfb 8x4MB) SWAP 815/6078MB (cached 25MB) IRAM 0/252kB(lfb 252kB) CPU [6%@921,9%@921,off,off] EMC_FREQ 0%@1600 GR3D_FREQ 0%@614 APE 25 PLL@29.5C CPU@31.5C iwlwifi@32C PMIC@50C GPU@30C AO@41C thermal@30.5C POM_5V_IN 2174/2124 POM_5V_GPU 82/87 POM_5V_CPU 574/498
RAM 1344/3964MB (lfb 8x4MB) SWAP 814/6078MB (cached 25MB) IRAM 0/252kB(lfb 252kB) CPU [9%@921,3%@921,off,off] EMC_FREQ 0%@1600 GR3D_FREQ 0%@614 APE 25 PLL@29.5C CPU@31.5C iwlwifi@32C PMIC@50C GPU@30C AO@41C thermal@30.75C POM_5V_IN 2215/2125 POM_5V_GPU 82/87 POM_5V_CPU 574/498
RAM 1327/3964MB (lfb 8x4MB) SWAP 814/6078MB (cached 25MB) IRAM 0/252kB(lfb 252kB) CPU [6%@921,9%@921,off,off] EMC_FREQ 0%@1600 GR3D_FREQ 0%@614 APE 25 PLL@29.5C CPU@31C iwlwifi@32C PMIC@50C GPU@30C AO@41C thermal@30.75C POM_5V_IN 2013/2124 POM_5V_GPU 82/87 POM_5V_CPU 410/498
RAM 1327/3964MB (lfb 8x4MB) SWAP 814/6078MB (cached 25MB) IRAM 0/252kB(lfb 252kB) CPU [8%@921,5%@921,off,off] EMC_FREQ 0%@1600 GR3D_FREQ 0%@614 APE 25 PLL@30C CPU@31.5C iwlwifi@32C PMIC@50C GPU@29.5C AO@41C thermal@30.5C POM_5V_IN 2174/2125 POM_5V_GPU 82/87 POM_5V_CPU 574/498
RAM 1327/3964MB (lfb 8x4MB) SWAP 814/6078MB (cached 25MB) IRAM 0/252kB(lfb 252kB) CPU [8%@921,5%@921,off,off] EMC_FREQ 0%@1600 GR3D_FREQ 0%@614 APE 25 PLL@30C CPU@31.5C iwlwifi@32C PMIC@50C GPU@30C AO@40.5C thermal@30.5C POM_5V_IN 2174/2125 POM_5V_GPU 82/87 POM_5V_CPU 533/498
RAM 1342/3964MB (lfb 8x4MB) SWAP 814/6078MB (cached 25MB) IRAM 0/252kB(lfb 252kB) CPU [7%@921,6%@921,off,off] EMC_FREQ 0%@1600 GR3D_FREQ 0%@614 APE 25 PLL@29.5C CPU@32C iwlwifi@32C PMIC@50C GPU@29.5C AO@41C thermal@30.5C POM_5V_IN 2174/2125 POM_5V_GPU 82/87 POM_5V_CPU 533/498
RAM 1327/3964MB (lfb 8x4MB) SWAP 814/6078MB (cached 25MB) IRAM 0/252kB(lfb 252kB) CPU [5%@921,8%@921,off,off] EMC_FREQ 0%@1600 GR3D_FREQ 0%@614 APE 25 PLL@29.5C CPU@31.5C iwlwifi@32C PMIC@50C GPU@30C AO@40.5C thermal@30.5C POM_5V_IN 1892/2124 POM_5V_GPU 82/87 POM_5V_CPU 329/497
RAM 1345/3964MB (lfb 8x4MB) SWAP 814/6078MB (cached 25MB) IRAM 0/252kB(lfb 252kB) CPU [10%@921,4%@921,off,off] EMC_FREQ 0%@1600 GR3D_FREQ 0%@614 APE 25 PLL@30C CPU@31.5C iwlwifi@32C PMIC@50C GPU@29.5C AO@41C thermal@30.5C POM_5V_IN 2174/2124 POM_5V_GPU 82/86 POM_5V_CPU 574/498
RAM 1346/3964MB (lfb 8x4MB) SWAP 814/6078MB (cached 25MB) IRAM 0/252kB(lfb 252kB) CPU [7%@921,7%@921,off,off] EMC_FREQ 0%@1600 GR3D_FREQ 0%@614 APE 25 PLL@30C CPU@31.5C iwlwifi@32C PMIC@50C GPU@29.5C AO@41C thermal@30.5C POM_5V_IN 1934/2124 POM_5V_GPU 82/86 POM_5V_CPU 329/497
RAM 1346/3964MB (lfb 8x4MB) SWAP 814/6078MB (cached 25MB) IRAM 0/252kB(lfb 252kB) CPU [5%@921,8%@921,off,off] EMC_FREQ 0%@1600 GR3D_FREQ 0%@614 APE 25 PLL@30C CPU@31.5C iwlwifi@32C PMIC@50C GPU@29.5C AO@40.5C thermal@30.5C POM_5V_IN 1934/2123 POM_5V_GPU 82/86 POM_5V_CPU 328/496
RAM 1342/3964MB (lfb 8x4MB) SWAP 814/6078MB (cached 25MB) IRAM 0/252kB(lfb 252kB) CPU [4%@921,9%@921,off,off] EMC_FREQ 0%@1600 GR3D_FREQ 0%@614 APE 25 PLL@29.5C CPU@31.5C iwlwifi@32C PMIC@50C GPU@29.5C AO@41C thermal@30.5C POM_5V_IN 1892/2122 POM_5V_GPU 82/86 POM_5V_CPU 329/496
RAM 1342/3964MB (lfb 8x4MB) SWAP 814/6078MB (cached 25MB) IRAM 0/252kB(lfb 252kB) CPU [7%@921,6%@921,off,off] EMC_FREQ 0%@1600 GR3D_FREQ 0%@614 APE 25 PLL@30C CPU@31.5C iwlwifi@32C PMIC@50C GPU@29.5C AO@41C thermal@30.5C POM_5V_IN 2013/2122 POM_5V_GPU 82/86 POM_5V_CPU 410/495
RAM 1327/3964MB (lfb 8x4MB) SWAP 814/6078MB (cached 25MB) IRAM 0/252kB(lfb 252kB) CPU [7%@921,6%@921,off,off] EMC_FREQ 0%@1600 GR3D_FREQ 0%@614 APE 25 PLL@30C CPU@31.5C iwlwifi@32C PMIC@50C GPU@29.5C AO@41C thermal@30.5C POM_5V_IN 2054/2121 POM_5V_GPU 82/86 POM_5V_CPU 451/495
RAM 1328/3964MB (lfb 8x4MB) SWAP 814/6078MB (cached 25MB) IRAM 0/252kB(lfb 252kB) CPU [8%@921,6%@921,off,off] EMC_FREQ 0%@1600 GR3D_FREQ 0%@614 APE 25 PLL@30C CPU@31.5C iwlwifi@32C PMIC@50C GPU@30C AO@41C thermal@31C POM_5V_IN 2174/2121 POM_5V_GPU 82/86 POM_5V_CPU 574/496
RAM 1327/3964MB (lfb 8x4MB) SWAP 814/6078MB (cached 25MB) IRAM 0/252kB(lfb 252kB) CPU [8%@921,5%@921,off,off] EMC_FREQ 0%@1600 GR3D_FREQ 0%@614 APE 25 PLL@30C CPU@31.5C iwlwifi@32C PMIC@50C GPU@30C AO@41C thermal@30.5C POM_5V_IN 2174/2122 POM_5V_GPU 82/86 POM_5V_CPU 533/496
RAM 1344/3964MB (lfb 8x4MB) SWAP 814/6078MB (cached 25MB) IRAM 0/252kB(lfb 252kB) CPU [8%@921,5%@921,off,off] EMC_FREQ 0%@1600 GR3D_FREQ 0%@614 APE 25 PLL@29.5C CPU@32C iwlwifi@32C PMIC@50C GPU@29.5C AO@41C thermal@30.5C POM_5V_IN 2174/2122 POM_5V_GPU 82/86 POM_5V_CPU 574/496
RAM 1328/3964MB (lfb 8x4MB) SWAP 814/6078MB (cached 25MB) IRAM 0/252kB(lfb 252kB) CPU [6%@921,9%@921,off,off] EMC_FREQ 0%@1600 GR3D_FREQ 0%@614 APE 25 PLL@30C CPU@31.5C iwlwifi@32C PMIC@50C GPU@29.5C AO@41C thermal@30.5C POM_5V_IN 1892/2121 POM_5V_GPU 82/86 POM_5V_CPU 288/495
RAM 1346/3964MB (lfb 8x4MB) SWAP 814/6078MB (cached 25MB) IRAM 0/252kB(lfb 252kB) CPU [7%@921,7%@921,off,off] EMC_FREQ 0%@1600 GR3D_FREQ 0%@614 APE 25 PLL@30C CPU@31.5C iwlwifi@32C PMIC@50C GPU@30C AO@41C thermal@30.5C POM_5V_IN 2174/2121 POM_5V_GPU 82/86 POM_5V_CPU 533/495
RAM 1342/3964MB (lfb 8x4MB) SWAP 814/6078MB (cached 25MB) IRAM 0/252kB(lfb 252kB) CPU [6%@921,7%@921,off,off] EMC_FREQ 0%@1600 GR3D_FREQ 0%@614 APE 25 PLL@29.5C CPU@31.5C iwlwifi@32C PMIC@50C GPU@29.5C AO@41C thermal@31C POM_5V_IN 1772/2120 POM_5V_GPU 82/86 POM_5V_CPU 206/494
RAM 1344/3964MB (lfb 8x4MB) SWAP 814/6078MB (cached 25MB) IRAM 0/252kB(lfb 252kB) CPU [7%@921,7%@921,off,off] EMC_FREQ 0%@1600 GR3D_FREQ 0%@614 APE 25 PLL@30C CPU@32C iwlwifi@32C PMIC@50C GPU@29.5C AO@41C thermal@30.75C POM_5V_IN 2013/2119 POM_5V_GPU 82/86 POM_5V_CPU 410/494
RAM 1344/3964MB (lfb 8x4MB) SWAP 814/6078MB (cached 25MB) IRAM 0/252kB(lfb 252kB) CPU [5%@921,8%@921,off,off] EMC_FREQ 0%@1600 GR3D_FREQ 0%@614 APE 25 PLL@30C CPU@31.5C iwlwifi@32C PMIC@50C GPU@30C AO@41C thermal@30.75C POM_5V_IN 1934/2119 POM_5V_GPU 82/86 POM_5V_CPU 370/494
RAM 1342/3964MB (lfb 8x4MB) SWAP 814/6078MB (cached 25MB) IRAM 0/252kB(lfb 252kB) CPU [7%@921,7%@921,off,off] EMC_FREQ 0%@1600 GR3D_FREQ 0%@614 APE 25 PLL@29.5C CPU@32C iwlwifi@32C PMIC@50C GPU@30C AO@41C thermal@30.75C POM_5V_IN 1972/2118 POM_5V_GPU 82/86 POM_5V_CPU 369/493
RAM 1344/3964MB (lfb 8x4MB) SWAP 814/6078MB (cached 25MB) IRAM 0/252kB(lfb 252kB) CPU [6%@921,8%@921,off,off] EMC_FREQ 0%@1600 GR3D_FREQ 0%@614 APE 25 PLL@30C CPU@32C iwlwifi@32C PMIC@50C GPU@29.5C AO@41C thermal@30.5C POM_5V_IN 1934/2118 POM_5V_GPU 82/86 POM_5V_CPU 329/492
RAM 1328/3964MB (lfb 8x4MB) SWAP 814/6078MB (cached 25MB) IRAM 0/252kB(lfb 252kB) CPU [7%@921,6%@921,off,off] EMC_FREQ 0%@1600 GR3D_FREQ 0%@614 APE 25 PLL@30C CPU@31.5C iwlwifi@32C PMIC@50C GPU@30C AO@41C thermal@31C POM_5V_IN 2095/2117 POM_5V_GPU 82/86 POM_5V_CPU 533/493
RAM 1327/3964MB (lfb 8x4MB) SWAP 814/6078MB (cached 25MB) IRAM 0/252kB(lfb 252kB) CPU [6%@921,8%@921,off,off] EMC_FREQ 0%@1600 GR3D_FREQ 0%@614 APE 25 PLL@29.5C CPU@31.5C iwlwifi@32C PMIC@50C GPU@29.5C AO@41C thermal@30.75C POM_5V_IN 2215/2118 POM_5V_GPU 82/86 POM_5V_CPU 574/493
RAM 1327/3964MB (lfb 8x4MB) SWAP 814/6078MB (cached 25MB) IRAM 0/252kB(lfb 252kB) CPU [9%@921,5%@921,off,off] EMC_FREQ 0%@1600 GR3D_FREQ 0%@614 APE 25 PLL@29.5C CPU@32C iwlwifi@32C PMIC@50C GPU@30C AO@41C thermal@31C POM_5V_IN 2174/2118 POM_5V_GPU 82/86 POM_5V_CPU 574/493
RAM 1328/3964MB (lfb 8x4MB) SWAP 814/6078MB (cached 25MB) IRAM 0/252kB(lfb 252kB) CPU [8%@921,7%@921,off,off] EMC_FREQ 0%@1600 GR3D_FREQ 0%@614 APE 25 PLL@30C CPU@31.5C iwlwifi@32C PMIC@50C GPU@29.5C AO@41C thermal@30.75C POM_5V_IN 2174/2118 POM_5V_GPU 82/86 POM_5V_CPU 574/494
RAM 1346/3964MB (lfb 8x4MB) SWAP 814/6078MB (cached 25MB) IRAM 0/252kB(lfb 252kB) CPU [5%@921,8%@921,off,off] EMC_FREQ 0%@1600 GR3D_FREQ 0%@614 APE 25 PLL@30C CPU@31.5C iwlwifi@32C PMIC@50C GPU@30C AO@40.5C thermal@30.5C POM_5V_IN 2174/2118 POM_5V_GPU 82/86 POM_5V_CPU 533/494
RAM 1327/3964MB (lfb 8x4MB) SWAP 814/6078MB (cached 25MB) IRAM 0/252kB(lfb 252kB) CPU [8%@921,6%@921,off,off] EMC_FREQ 0%@1600 GR3D_FREQ 0%@614 APE 25 PLL@29.5C CPU@32C iwlwifi@32C PMIC@50C GPU@30C AO@41C thermal@30.75C POM_5V_IN 1892/2118 POM_5V_GPU 82/86 POM_5V_CPU 329/493
RAM 1342/3964MB (lfb 8x4MB) SWAP 814/6078MB (cached 25MB) IRAM 0/252kB(lfb 252kB) CPU [9%@921,4%@921,off,off] EMC_FREQ 0%@1600 GR3D_FREQ 0%@614 APE 25 PLL@30C CPU@31.5C iwlwifi@32C PMIC@50C GPU@30C AO@41C thermal@30.75C POM_5V_IN 2174/2118 POM_5V_GPU 82/86 POM_5V_CPU 574/493
RAM 1346/3964MB (lfb 8x4MB) SWAP 814/6078MB (cached 25MB) IRAM 0/252kB(lfb 252kB) CPU [7%@921,7%@921,off,off] EMC_FREQ 0%@1600 GR3D_FREQ 0%@614 APE 25 PLL@30C CPU@31.5C iwlwifi@32C PMIC@50C GPU@30C AO@41C thermal@30.5C POM_5V_IN 1892/2117 POM_5V_GPU 82/86 POM_5V_CPU 288/493
RAM 1342/3964MB (lfb 8x4MB) SWAP 814/6078MB (cached 25MB) IRAM 0/252kB(lfb 252kB) CPU [5%@921,9%@921,off,off] EMC_FREQ 0%@1600 GR3D_FREQ 0%@614 APE 25 PLL@30C CPU@32C iwlwifi@32C PMIC@50C GPU@29.5C AO@41C thermal@30.75C POM_5V_IN 2174/2117 POM_5V_GPU 82/86 POM_5V_CPU 574/493
RAM 1342/3964MB (lfb 8x4MB) SWAP 814/6078MB (cached 25MB) IRAM 0/252kB(lfb 252kB) CPU [6%@921,7%@921,off,off] EMC_FREQ 0%@1600 GR3D_FREQ 0%@614 APE 25 PLL@30.5C CPU@31.5C iwlwifi@32C PMIC@50C GPU@29.5C AO@40.5C thermal@30.75C POM_5V_IN 1892/2116 POM_5V_GPU 82/86 POM_5V_CPU 329/492
RAM 1344/3964MB (lfb 8x4MB) SWAP 814/6078MB (cached 25MB) IRAM 0/252kB(lfb 252kB) CPU [8%@921,5%@921,off,off] EMC_FREQ 0%@1600 GR3D_FREQ 0%@614 APE 25 PLL@29.5C CPU@31.5C iwlwifi@32C PMIC@50C GPU@29.5C AO@40.5C thermal@30.75C POM_5V_IN 1892/2116 POM_5V_GPU 82/86 POM_5V_CPU 288/492
RAM 1346/3964MB (lfb 8x4MB) SWAP 814/6078MB (cached 25MB) IRAM 0/252kB(lfb 252kB) CPU [6%@921,8%@921,off,off] EMC_FREQ 0%@1600 GR3D_FREQ 0%@614 APE 25 PLL@29.5C CPU@32C iwlwifi@32C PMIC@50C GPU@30C AO@41C thermal@30.5C POM_5V_IN 1892/2115 POM_5V_GPU 82/86 POM_5V_CPU 329/491
RAM 1342/3964MB (lfb 8x4MB) SWAP 814/6078MB (cached 25MB) IRAM 0/252kB(lfb 252kB) CPU [5%@921,8%@921,off,off] EMC_FREQ 0%@1600 GR3D_FREQ 0%@614 APE 25 PLL@30C CPU@31.5C iwlwifi@32C PMIC@50C GPU@30C AO@40.5C thermal@30.5C POM_5V_IN 2297/2115 POM_5V_GPU 81/86 POM_5V_CPU 614/491
RAM 1328/3964MB (lfb 8x4MB) SWAP 814/6078MB (cached 25MB) IRAM 0/252kB(lfb 252kB) CPU [7%@921,7%@921,off,off] EMC_FREQ 0%@1600 GR3D_FREQ 0%@614 APE 25 PLL@30C CPU@31.5C iwlwifi@32C PMIC@50C GPU@30C AO@41.5C thermal@30.5C POM_5V_IN 2256/2116 POM_5V_GPU 82/86 POM_5V_CPU 615/492
RAM 1328/3964MB (lfb 8x4MB) SWAP 814/6078MB (cached 25MB) IRAM 0/252kB(lfb 252kB) CPU [9%@921,5%@921,off,off] EMC_FREQ 0%@1600 GR3D_FREQ 0%@614 APE 25 PLL@30C CPU@31.5C iwlwifi@32C PMIC@50C GPU@30C AO@41C thermal@30.5C POM_5V_IN 2174/2116 POM_5V_GPU 82/86 POM_5V_CPU 574/492
RAM 1328/3964MB (lfb 8x4MB) SWAP 814/6078MB (cached 25MB) IRAM 0/252kB(lfb 252kB) CPU [7%@921,6%@921,off,off] EMC_FREQ 0%@1600 GR3D_FREQ 0%@614 APE 25 PLL@29.5C CPU@31.5C iwlwifi@32C PMIC@50C GPU@30C AO@41C thermal@30.5C POM_5V_IN 2215/2117 POM_5V_GPU 82/86 POM_5V_CPU 574/492
RAM 1342/3964MB (lfb 8x4MB) SWAP 814/6078MB (cached 25MB) IRAM 0/252kB(lfb 252kB) CPU [7%@921,6%@921,off,off] EMC_FREQ 0%@1600 GR3D_FREQ 0%@614 APE 25 PLL@30C CPU@31.5C iwlwifi@32C PMIC@50C GPU@30C AO@41C thermal@30.75C POM_5V_IN 2215/2117 POM_5V_GPU 82/86 POM_5V_CPU 574/493
RAM 1328/3964MB (lfb 8x4MB) SWAP 814/6078MB (cached 25MB) IRAM 0/252kB(lfb 252kB) CPU [6%@921,8%@921,off,off] EMC_FREQ 0%@1600 GR3D_FREQ 0%@614 APE 25 PLL@29.5C CPU@31.5C iwlwifi@32C PMIC@50C GPU@30C AO@41C thermal@30.75C POM_5V_IN 1934/2116 POM_5V_GPU 82/86 POM_5V_CPU 329/492
RAM 1346/3964MB (lfb 8x4MB) SWAP 814/6078MB (cached 25MB) IRAM 0/252kB(lfb 252kB) CPU [10%@921,3%@921,off,off] EMC_FREQ 0%@1600 GR3D_FREQ 0%@614 APE 25 PLL@30C CPU@31C iwlwifi@32C PMIC@50C GPU@30C AO@41C thermal@30.5C POM_5V_IN 2174/2116 POM_5V_GPU 82/86 POM_5V_CPU 533/492
RAM 1344/3964MB (lfb 8x4MB) SWAP 814/6078MB (cached 25MB) IRAM 0/252kB(lfb 252kB) CPU [7%@921,7%@921,off,off] EMC_FREQ 0%@1600 GR3D_FREQ 0%@614 APE 25 PLL@30C CPU@31.5C iwlwifi@32C PMIC@50C GPU@30C AO@41C thermal@30.5C POM_5V_IN 1934/2116 POM_5V_GPU 82/86 POM_5V_CPU 329/492
RAM 1359/3964MB (lfb 8x4MB) SWAP 814/6078MB (cached 25MB) IRAM 0/252kB(lfb 252kB) CPU [11%@921,7%@921,off,off] EMC_FREQ 0%@1600 GR3D_FREQ 0%@614 APE 25 PLL@29.5C CPU@32C iwlwifi@32C PMIC@50C GPU@30C AO@41C thermal@30.5C POM_5V_IN 1934/2115 POM_5V_GPU 82/86 POM_5V_CPU 370/491
RAM 1344/3964MB (lfb 8x4MB) SWAP 814/6078MB (cached 25MB) IRAM 0/252kB(lfb 252kB) CPU [10%@921,5%@921,off,off] EMC_FREQ 0%@1600 GR3D_FREQ 0%@614 APE 25 PLL@30C CPU@31.5C iwlwifi@32C PMIC@50C GPU@29.5C AO@41C thermal@30.75C POM_5V_IN 2095/2115 POM_5V_GPU 82/86 POM_5V_CPU 451/491
RAM 1344/3964MB (lfb 8x4MB) SWAP 814/6078MB (cached 25MB) IRAM 0/252kB(lfb 252kB) CPU [6%@921,7%@921,off,off] EMC_FREQ 0%@1600 GR3D_FREQ 0%@614 APE 25 PLL@29.5C CPU@31.5C iwlwifi@32C PMIC@50C GPU@30C AO@41C thermal@30.5C POM_5V_IN 1934/2115 POM_5V_GPU 82/86 POM_5V_CPU 369/491
RAM 1328/3964MB (lfb 8x4MB) SWAP 814/6078MB (cached 25MB) IRAM 0/252kB(lfb 252kB) CPU [5%@921,8%@921,off,off] EMC_FREQ 0%@1600 GR3D_FREQ 0%@614 APE 25 PLL@30C CPU@31.5C iwlwifi@32C PMIC@50C GPU@30C AO@41C thermal@30.5C POM_5V_IN 2256/2115 POM_5V_GPU 82/86 POM_5V_CPU 615/491
RAM 1328/3964MB (lfb 8x4MB) SWAP 814/6078MB (cached 25MB) IRAM 0/252kB(lfb 252kB) CPU [8%@921,6%@921,off,off] EMC_FREQ 0%@1600 GR3D_FREQ 0%@614 APE 25 PLL@29.5C CPU@31.5C iwlwifi@32C PMIC@50C GPU@30C AO@41C thermal@30.5C POM_5V_IN 2215/2115 POM_5V_GPU 82/86 POM_5V_CPU 615/492
RAM 1328/3964MB (lfb 8x4MB) SWAP 814/6078MB (cached 25MB) IRAM 0/252kB(lfb 252kB) CPU [4%@921,9%@921,off,off] EMC_FREQ 0%@1600 GR3D_FREQ 0%@614 APE 25 PLL@29.5C CPU@31.5C iwlwifi@32C PMIC@50C GPU@29.5C AO@41C thermal@30.5C POM_5V_IN 2174/2116 POM_5V_GPU 82/86 POM_5V_CPU 574/492
RAM 1346/3964MB (lfb 8x4MB) SWAP 814/6078MB (cached 25MB) IRAM 0/252kB(lfb 252kB) CPU [5%@921,8%@921,off,off] EMC_FREQ 0%@1600 GR3D_FREQ 0%@614 APE 25 PLL@30C CPU@31.5C iwlwifi@32C PMIC@50C GPU@30C AO@41C thermal@30.75C POM_5V_IN 2174/2116 POM_5V_GPU 82/86 POM_5V_CPU 533/492
RAM 1327/3964MB (lfb 8x4MB) SWAP 814/6078MB (cached 25MB) IRAM 0/252kB(lfb 252kB) CPU [8%@921,7%@921,off,off] EMC_FREQ 0%@1600 GR3D_FREQ 0%@614 APE 25 PLL@29.5C CPU@31.5C iwlwifi@32C PMIC@50C GPU@29.5C AO@41C thermal@30.75C POM_5V_IN 1934/2115 POM_5V_GPU 82/86 POM_5V_CPU 329/491
RAM 1344/3964MB (lfb 8x4MB) SWAP 814/6078MB (cached 25MB) IRAM 0/252kB(lfb 252kB) CPU [5%@921,8%@921,off,off] EMC_FREQ 0%@1600 GR3D_FREQ 0%@614 APE 25 PLL@30C CPU@31.5C iwlwifi@32C PMIC@50C GPU@30C AO@41C thermal@30.25C POM_5V_IN 2174/2115 POM_5V_GPU 82/86 POM_5V_CPU 533/492
RAM 1327/3964MB (lfb 8x4MB) SWAP 814/6078MB (cached 25MB) IRAM 0/252kB(lfb 252kB) CPU [7%@921,6%@921,off,off] EMC_FREQ 0%@1600 GR3D_FREQ 0%@614 APE 25 PLL@29.5C CPU@31.5C iwlwifi@32C PMIC@50C GPU@30C AO@41.5C thermal@31C POM_5V_IN 1892/2115 POM_5V_GPU 82/86 POM_5V_CPU 288/491
RAM 1344/3964MB (lfb 8x4MB) SWAP 814/6078MB (cached 25MB) IRAM 0/252kB(lfb 252kB) CPU [9%@921,4%@921,off,off] EMC_FREQ 0%@1600 GR3D_FREQ 0%@614 APE 25 PLL@29.5C CPU@31.5C iwlwifi@32C PMIC@50C GPU@30C AO@41C thermal@30.75C POM_5V_IN 2174/2115 POM_5V_GPU 82/86 POM_5V_CPU 574/491
RAM 1344/3964MB (lfb 8x4MB) SWAP 814/6078MB (cached 25MB) IRAM 0/252kB(lfb 252kB) CPU [8%@921,5%@921,off,off] EMC_FREQ 0%@1600 GR3D_FREQ 0%@614 APE 25 PLL@30C CPU@31.5C iwlwifi@32C PMIC@50C GPU@29.5C AO@41C thermal@30.5C POM_5V_IN 1892/2114 POM_5V_GPU 82/86 POM_5V_CPU 329/491
RAM 1342/3964MB (lfb 8x4MB) SWAP 814/6078MB (cached 25MB) IRAM 0/252kB(lfb 252kB) CPU [5%@921,7%@921,off,off] EMC_FREQ 0%@1600 GR3D_FREQ 0%@614 APE 25 PLL@30C CPU@31.5C iwlwifi@32C PMIC@50C GPU@30C AO@41C thermal@30.75C POM_5V_IN 1934/2113 POM_5V_GPU 82/86 POM_5V_CPU 329/490
RAM 1344/3964MB (lfb 8x4MB) SWAP 814/6078MB (cached 25MB) IRAM 0/252kB(lfb 252kB) CPU [8%@921,5%@921,off,off] EMC_FREQ 0%@1600 GR3D_FREQ 0%@614 APE 25 PLL@30C CPU@31C iwlwifi@32C PMIC@50C GPU@30C AO@41C thermal@30.25C POM_5V_IN 1934/2113 POM_5V_GPU 82/86 POM_5V_CPU 329/490
RAM 1346/3964MB (lfb 8x4MB) SWAP 814/6078MB (cached 25MB) IRAM 0/252kB(lfb 252kB) CPU [7%@921,5%@921,off,off] EMC_FREQ 0%@1600 GR3D_FREQ 0%@614 APE 25 PLL@29.5C CPU@31C iwlwifi@32C PMIC@50C GPU@30C AO@41C thermal@30.25C POM_5V_IN 2051/2113 POM_5V_GPU 82/86 POM_5V_CPU 451/490
RAM 1327/3964MB (lfb 8x4MB) SWAP 814/6078MB (cached 25MB) IRAM 0/252kB(lfb 252kB) CPU [5%@921,10%@921,off,off] EMC_FREQ 0%@1600 GR3D_FREQ 0%@614 APE 25 PLL@29.5C CPU@31.5C iwlwifi@32C PMIC@50C GPU@30C AO@41C thermal@30.5C POM_5V_IN 2174/2113 POM_5V_GPU 82/86 POM_5V_CPU 533/490
RAM 1328/3964MB (lfb 8x4MB) SWAP 814/6078MB (cached 25MB) IRAM 0/252kB(lfb 252kB) CPU [7%@921,6%@921,off,off] EMC_FREQ 0%@1600 GR3D_FREQ 0%@614 APE 25 PLL@29.5C CPU@31.5C iwlwifi@32C PMIC@50C GPU@30C AO@41C thermal@30.5C POM_5V_IN 2215/2113 POM_5V_GPU 82/86 POM_5V_CPU 574/490
RAM 1328/3964MB (lfb 8x4MB) SWAP 814/6078MB (cached 25MB) IRAM 0/252kB(lfb 252kB) CPU [9%@921,6%@921,off,off] EMC_FREQ 0%@1600 GR3D_FREQ 0%@614 APE 25 PLL@29.5C CPU@31.5C iwlwifi@32C PMIC@50C GPU@30C AO@41C thermal@30.5C POM_5V_IN 2174/2113 POM_5V_GPU 82/86 POM_5V_CPU 574/490
RAM 1346/3964MB (lfb 8x4MB) SWAP 814/6078MB (cached 25MB) IRAM 0/252kB(lfb 252kB) CPU [5%@921,7%@921,off,off] EMC_FREQ 0%@1600 GR3D_FREQ 0%@614 APE 25 PLL@30C CPU@31.5C iwlwifi@32C PMIC@50C GPU@30C AO@41C thermal@30.5C POM_5V_IN 2215/2114 POM_5V_GPU 82/86 POM_5V_CPU 574/490
RAM 1328/3964MB (lfb 8x4MB) SWAP 814/6078MB (cached 25MB) IRAM 0/252kB(lfb 252kB) CPU [6%@921,8%@921,off,off] EMC_FREQ 0%@1600 GR3D_FREQ 0%@614 APE 25 PLL@29.5C CPU@31.5C iwlwifi@32C PMIC@50C GPU@29.5C AO@41C thermal@30.5C POM_5V_IN 1934/2113 POM_5V_GPU 82/86 POM_5V_CPU 329/490
RAM 1342/3964MB (lfb 8x4MB) SWAP 814/6078MB (cached 25MB) IRAM 0/252kB(lfb 252kB) CPU [8%@921,5%@921,off,off] EMC_FREQ 0%@1600 GR3D_FREQ 0%@614 APE 25 PLL@29.5C CPU@31.5C iwlwifi@32C PMIC@50C GPU@29.5C AO@40.5C thermal@30.5C POM_5V_IN 2174/2113 POM_5V_GPU 82/86 POM_5V_CPU 533/490
RAM 1344/3964MB (lfb 8x4MB) SWAP 814/6078MB (cached 25MB) IRAM 0/252kB(lfb 252kB) CPU [5%@921,8%@921,off,off] EMC_FREQ 0%@1600 GR3D_FREQ 0%@614 APE 25 PLL@29.5C CPU@31.5C iwlwifi@32C PMIC@50C GPU@29.5C AO@41C thermal@30.5C POM_5V_IN 1892/2113 POM_5V_GPU 82/86 POM_5V_CPU 288/489
RAM 1346/3964MB (lfb 8x4MB) SWAP 814/6078MB (cached 25MB) IRAM 0/252kB(lfb 252kB) CPU [6%@921,8%@921,off,off] EMC_FREQ 0%@1600 GR3D_FREQ 0%@614 APE 25 PLL@29.5C CPU@31.5C iwlwifi@32C PMIC@50C GPU@29.5C AO@41C thermal@30.25C POM_5V_IN 1934/2112 POM_5V_GPU 82/86 POM_5V_CPU 370/489
RAM 1344/3964MB (lfb 8x4MB) SWAP 814/6078MB (cached 25MB) IRAM 0/252kB(lfb 252kB) CPU [6%@921,8%@921,off,off] EMC_FREQ 0%@1600 GR3D_FREQ 0%@614 APE 25 PLL@30C CPU@31.5C iwlwifi@32C PMIC@50C GPU@29.5C AO@41C thermal@30.25C POM_5V_IN 1934/2111 POM_5V_GPU 82/86 POM_5V_CPU 329/489
RAM 1346/3964MB (lfb 8x4MB) SWAP 814/6078MB (cached 25MB) IRAM 0/252kB(lfb 252kB) CPU [5%@921,8%@921,off,off] EMC_FREQ 0%@1600 GR3D_FREQ 0%@614 APE 25 PLL@29.5C CPU@31.5C iwlwifi@32C PMIC@50C GPU@29.5C AO@41.5C thermal@30.25C POM_5V_IN 1934/2111 POM_5V_GPU 82/86 POM_5V_CPU 329/488
RAM 1342/3964MB (lfb 8x4MB) SWAP 814/6078MB (cached 25MB) IRAM 0/252kB(lfb 252kB) CPU [6%@921,7%@921,off,off] EMC_FREQ 0%@1600 GR3D_FREQ 0%@614 APE 25 PLL@29.5C CPU@31.5C iwlwifi@32C PMIC@50C GPU@29.5C AO@41C thermal@30.5C POM_5V_IN 1892/2110 POM_5V_GPU 82/86 POM_5V_CPU 329/488
RAM 1344/3964MB (lfb 8x4MB) SWAP 814/6078MB (cached 25MB) IRAM 0/252kB(lfb 252kB) CPU [5%@921,9%@921,off,off] EMC_FREQ 0%@1600 GR3D_FREQ 0%@614 APE 25 PLL@29.5C CPU@31.5C iwlwifi@32C PMIC@50C GPU@30C AO@41C thermal@30.5C POM_5V_IN 2174/2110 POM_5V_GPU 82/86 POM_5V_CPU 533/488
RAM 1328/3964MB (lfb 8x4MB) SWAP 814/6078MB (cached 25MB) IRAM 0/252kB(lfb 252kB) CPU [6%@921,7%@921,off,off] EMC_FREQ 0%@1600 GR3D_FREQ 0%@614 APE 25 PLL@29.5C CPU@31.5C iwlwifi@32C PMIC@50C GPU@29.5C AO@41C thermal@30.5C POM_5V_IN 2256/2111 POM_5V_GPU 82/86 POM_5V_CPU 614/488
RAM 1328/3964MB (lfb 8x4MB) SWAP 814/6078MB (cached 25MB) IRAM 0/252kB(lfb 252kB) CPU [9%@921,4%@921,off,off] EMC_FREQ 0%@1600 GR3D_FREQ 0%@614 APE 25 PLL@29.5C CPU@31.5C iwlwifi@32C PMIC@50C GPU@29.5C AO@41C thermal@30.25C POM_5V_IN 2174/2111 POM_5V_GPU 82/86 POM_5V_CPU 574/488
RAM 1328/3964MB (lfb 8x4MB) SWAP 814/6078MB (cached 25MB) IRAM 0/252kB(lfb 252kB) CPU [6%@921,7%@921,off,off] EMC_FREQ 0%@1600 GR3D_FREQ 0%@614 APE 25 PLL@29.5C CPU@31.5C iwlwifi@32C PMIC@50C GPU@29.5C AO@41C thermal@30.5C POM_5V_IN 2174/2111 POM_5V_GPU 82/85 POM_5V_CPU 574/489
RAM 1343/3964MB (lfb 8x4MB) SWAP 814/6078MB (cached 25MB) IRAM 0/252kB(lfb 252kB) CPU [8%@921,5%@921,off,off] EMC_FREQ 0%@1600 GR3D_FREQ 0%@614 APE 25 PLL@29.5C CPU@31.5C iwlwifi@32C PMIC@50C GPU@29.5C AO@41C thermal@30.5C POM_5V_IN 2215/2112 POM_5V_GPU 82/85 POM_5V_CPU 574/489
RAM 1328/3964MB (lfb 8x4MB) SWAP 814/6078MB (cached 25MB) IRAM 0/252kB(lfb 252kB) CPU [5%@921,9%@921,off,off] EMC_FREQ 0%@1600 GR3D_FREQ 0%@614 APE 25 PLL@29.5C CPU@31.5C iwlwifi@32C PMIC@50C GPU@29.5C AO@41C thermal@30.75C POM_5V_IN 1892/2111 POM_5V_GPU 82/85 POM_5V_CPU 329/488
RAM 1360/3964MB (lfb 8x4MB) SWAP 805/6078MB (cached 35MB) IRAM 0/252kB(lfb 252kB) CPU [10%@921,10%@921,off,off] EMC_FREQ 0%@1600 GR3D_FREQ 0%@614 APE 25 PLL@29.5C CPU@31.5C iwlwifi@32C PMIC@50C GPU@29.5C AO@41C thermal@30.5C POM_5V_IN 2211/2111 POM_5V_GPU 81/85 POM_5V_CPU 573/489
RAM 1344/3964MB (lfb 8x4MB) SWAP 805/6078MB (cached 35MB) IRAM 0/252kB(lfb 252kB) CPU [6%@921,9%@921,off,off] EMC_FREQ 0%@1600 GR3D_FREQ 0%@614 APE 25 PLL@29.5C CPU@31.5C iwlwifi@32C PMIC@50C GPU@29.5C AO@41C thermal@30.5C POM_5V_IN 2133/2111 POM_5V_GPU 82/85 POM_5V_CPU 574/489
RAM 1360/3964MB (lfb 8x4MB) SWAP 805/6078MB (cached 35MB) IRAM 0/252kB(lfb 252kB) CPU [7%@921,5%@921,off,off] EMC_FREQ 0%@1600 GR3D_FREQ 0%@614 APE 25 PLL@29.5C CPU@31.5C iwlwifi@32C PMIC@50C GPU@29.5C AO@41C thermal@30.5C POM_5V_IN 2174/2111 POM_5V_GPU 82/85 POM_5V_CPU 574/489
RAM 1359/3964MB (lfb 8x4MB) SWAP 805/6078MB (cached 35MB) IRAM 0/252kB(lfb 252kB) CPU [7%@921,7%@921,off,off] EMC_FREQ 0%@1600 GR3D_FREQ 0%@614 APE 25 PLL@30C CPU@32C iwlwifi@32C PMIC@50C GPU@29.5C AO@41C thermal@30.5C POM_5V_IN 2170/2112 POM_5V_GPU 81/85 POM_5V_CPU 573/489
RAM 1360/3964MB (lfb 8x4MB) SWAP 805/6078MB (cached 35MB) IRAM 0/252kB(lfb 252kB) CPU [7%@921,6%@921,off,off] EMC_FREQ 0%@1600 GR3D_FREQ 0%@614 APE 25 PLL@29.5C CPU@31.5C iwlwifi@32C PMIC@50C GPU@29.5C AO@41.5C thermal@30.25C POM_5V_IN 1934/2111 POM_5V_GPU 82/85 POM_5V_CPU 329/489
RAM 1359/3964MB (lfb 8x4MB) SWAP 805/6078MB (cached 35MB) IRAM 0/252kB(lfb 252kB) CPU [8%@921,5%@921,off,off] EMC_FREQ 0%@1600 GR3D_FREQ 0%@614 APE 25 PLL@29.5C CPU@31C iwlwifi@32C PMIC@50C GPU@29.5C AO@41C thermal@30.5C POM_5V_IN 1934/2111 POM_5V_GPU 82/85 POM_5V_CPU 370/489
RAM 1361/3964MB (lfb 8x4MB) SWAP 805/6078MB (cached 35MB) IRAM 0/252kB(lfb 252kB) CPU [7%@921,7%@921,off,off] EMC_FREQ 0%@1600 GR3D_FREQ 0%@614 APE 25 PLL@29.5C CPU@31C iwlwifi@32C PMIC@50C GPU@29.5C AO@41C thermal@30.5C POM_5V_IN 2095/2111 POM_5V_GPU 82/85 POM_5V_CPU 492/489
RAM 1358/3964MB (lfb 8x4MB) SWAP 805/6078MB (cached 35MB) IRAM 0/252kB(lfb 252kB) CPU [4%@921,9%@921,off,off] EMC_FREQ 0%@1600 GR3D_FREQ 0%@614 APE 25 PLL@29.5C CPU@31.5C iwlwifi@32C PMIC@50C GPU@29.5C AO@41C thermal@30.75C POM_5V_IN 2054/2110 POM_5V_GPU 82/85 POM_5V_CPU 451/488
RAM 1344/3964MB (lfb 8x4MB) SWAP 805/6078MB (cached 35MB) IRAM 0/252kB(lfb 252kB) CPU [9%@921,5%@921,off,off] EMC_FREQ 0%@1600 GR3D_FREQ 0%@614 APE 25 PLL@29.5C CPU@31.5C iwlwifi@32C PMIC@50C GPU@30C AO@41C thermal@30.25C POM_5V_IN 2136/2110 POM_5V_GPU 82/85 POM_5V_CPU 492/488
RAM 1361/3964MB (lfb 8x4MB) SWAP 805/6078MB (cached 35MB) IRAM 0/252kB(lfb 252kB) CPU [6%@921,6%@921,off,off] EMC_FREQ 0%@1600 GR3D_FREQ 0%@614 APE 25 PLL@30C CPU@31.5C iwlwifi@32C PMIC@50C GPU@29.5C AO@40.5C thermal@30.5C POM_5V_IN 2174/2111 POM_5V_GPU 82/85 POM_5V_CPU 574/489
RAM 1344/3964MB (lfb 8x4MB) SWAP 805/6078MB (cached 35MB) IRAM 0/252kB(lfb 252kB) CPU [7%@921,6%@921,off,off] EMC_FREQ 0%@1600 GR3D_FREQ 0%@614 APE 25 PLL@29.5C CPU@31.5C iwlwifi@32C PMIC@50C GPU@29.5C AO@41C thermal@30.25C POM_5V_IN 1892/2110 POM_5V_GPU 82/85 POM_5V_CPU 329/488
RAM 1359/3964MB (lfb 8x4MB) SWAP 805/6078MB (cached 35MB) IRAM 0/252kB(lfb 252kB) CPU [7%@921,6%@921,off,off] EMC_FREQ 0%@1600 GR3D_FREQ 0%@614 APE 25 PLL@29.5C CPU@31.5C iwlwifi@32C PMIC@50C GPU@29.5C AO@41C thermal@30.5C POM_5V_IN 2174/2110 POM_5V_GPU 82/85 POM_5V_CPU 533/488
RAM 1344/3964MB (lfb 8x4MB) SWAP 805/6078MB (cached 35MB) IRAM 0/252kB(lfb 252kB) CPU [7%@921,7%@921,off,off] EMC_FREQ 0%@1600 GR3D_FREQ 0%@614 APE 25 PLL@29.5C CPU@31C iwlwifi@32C PMIC@50C GPU@29.5C AO@41C thermal@30.5C POM_5V_IN 1934/2110 POM_5V_GPU 82/85 POM_5V_CPU 329/488
RAM 1359/3964MB (lfb 8x4MB) SWAP 805/6078MB (cached 35MB) IRAM 0/252kB(lfb 252kB) CPU [5%@921,9%@921,off,off] EMC_FREQ 0%@1600 GR3D_FREQ 0%@614 APE 25 PLL@29.5C CPU@31.5C iwlwifi@32C PMIC@50C GPU@29.5C AO@41C thermal@30.25C POM_5V_IN 2215/2110 POM_5V_GPU 82/85 POM_5V_CPU 574/488
RAM 1360/3964MB (lfb 8x4MB) SWAP 805/6078MB (cached 35MB) IRAM 0/252kB(lfb 252kB) CPU [6%@921,7%@921,off,off] EMC_FREQ 0%@1600 GR3D_FREQ 0%@614 APE 25 PLL@29.5C CPU@31.5C iwlwifi@32C PMIC@50C GPU@30C AO@41C thermal@30.5C POM_5V_IN 1892/2109 POM_5V_GPU 82/85 POM_5V_CPU 329/488
RAM 1361/3964MB (lfb 8x4MB) SWAP 805/6078MB (cached 35MB) IRAM 0/252kB(lfb 252kB) CPU [8%@921,6%@921,off,off] EMC_FREQ 0%@1600 GR3D_FREQ 0%@614 APE 25 PLL@29.5C CPU@31.5C iwlwifi@32C PMIC@50C GPU@29.5C AO@41C thermal@30.5C POM_5V_IN 1892/2109 POM_5V_GPU 82/85 POM_5V_CPU 329/487
RAM 1363/3964MB (lfb 8x4MB) SWAP 805/6078MB (cached 35MB) IRAM 0/252kB(lfb 252kB) CPU [16%@921,13%@921,off,off] EMC_FREQ 0%@1600 GR3D_FREQ 0%@614 APE 25 PLL@29.5C CPU@31.5C iwlwifi@32C PMIC@50C GPU@30C AO@41C thermal@30.75C POM_5V_IN 1892/2108 POM_5V_GPU 82/85 POM_5V_CPU 288/487
RAM 1359/3964MB (lfb 8x4MB) SWAP 805/6078MB (cached 35MB) IRAM 0/252kB(lfb 252kB) CPU [4%@921,10%@921,off,off] EMC_FREQ 0%@1600 GR3D_FREQ 0%@614 APE 25 PLL@30C CPU@31.5C iwlwifi@32C PMIC@50C GPU@30C AO@41C thermal@30.75C POM_5V_IN 2013/2108 POM_5V_GPU 82/85 POM_5V_CPU 451/487
RAM 1345/3964MB (lfb 8x4MB) SWAP 805/6078MB (cached 35MB) IRAM 0/252kB(lfb 252kB) CPU [6%@921,8%@921,off,off] EMC_FREQ 0%@1600 GR3D_FREQ 0%@614 APE 25 PLL@30C CPU@32C iwlwifi@32C PMIC@50C GPU@30C AO@41C thermal@30.5C POM_5V_IN 2256/2108 POM_5V_GPU 82/85 POM_5V_CPU 614/487
RAM 1344/3964MB (lfb 8x4MB) SWAP 805/6078MB (cached 35MB) IRAM 0/252kB(lfb 252kB) CPU [6%@921,8%@921,off,off] EMC_FREQ 0%@1600 GR3D_FREQ 0%@614 APE 25 PLL@29.5C CPU@31.5C iwlwifi@32C PMIC@50C GPU@29.5C AO@41C thermal@30.75C POM_5V_IN 2215/2108 POM_5V_GPU 82/85 POM_5V_CPU 574/487
RAM 1345/3964MB (lfb 8x4MB) SWAP 805/6078MB (cached 35MB) IRAM 0/252kB(lfb 252kB) CPU [6%@921,7%@921,off,off] EMC_FREQ 0%@1600 GR3D_FREQ 0%@614 APE 25 PLL@29.5C CPU@31.5C iwlwifi@32C PMIC@50C GPU@29.5C AO@41C thermal@30.5C POM_5V_IN 2174/2109 POM_5V_GPU 82/85 POM_5V_CPU 533/487
RAM 1345/3964MB (lfb 8x4MB) SWAP 805/6078MB (cached 35MB) IRAM 0/252kB(lfb 252kB) CPU [7%@921,8%@921,off,off] EMC_FREQ 0%@1600 GR3D_FREQ 0%@614 APE 25 PLL@30C CPU@32C iwlwifi@32C PMIC@50C GPU@29.5C AO@41.5C thermal@30.75C POM_5V_IN 2174/2109 POM_5V_GPU 82/85 POM_5V_CPU 574/488
RAM 1345/3964MB (lfb 8x4MB) SWAP 805/6078MB (cached 35MB) IRAM 0/252kB(lfb 252kB) CPU [5%@921,7%@921,off,off] EMC_FREQ 0%@1600 GR3D_FREQ 0%@614 APE 25 PLL@30C CPU@32C iwlwifi@32C PMIC@50C GPU@30C AO@40.5C thermal@30.75C POM_5V_IN 2174/2109 POM_5V_GPU 82/85 POM_5V_CPU 574/488
RAM 1345/3964MB (lfb 8x4MB) SWAP 805/6078MB (cached 35MB) IRAM 0/252kB(lfb 252kB) CPU [7%@921,8%@921,off,off] EMC_FREQ 0%@1600 GR3D_FREQ 0%@614 APE 25 PLL@30C CPU@32C iwlwifi@32C PMIC@50C GPU@30C AO@41C thermal@30.5C POM_5V_IN 2174/2109 POM_5V_GPU 82/85 POM_5V_CPU 574/488
RAM 1359/3964MB (lfb 8x4MB) SWAP 805/6078MB (cached 35MB) IRAM 0/252kB(lfb 252kB) CPU [7%@921,6%@921,off,off] EMC_FREQ 0%@1600 GR3D_FREQ 0%@614 APE 25 PLL@30C CPU@31.5C iwlwifi@32C PMIC@50C GPU@30C AO@41C thermal@30.75C POM_5V_IN 2174/2109 POM_5V_GPU 82/85 POM_5V_CPU 574/488
RAM 1345/3964MB (lfb 8x4MB) SWAP 805/6078MB (cached 35MB) IRAM 0/252kB(lfb 252kB) CPU [9%@921,5%@921,off,off] EMC_FREQ 0%@1600 GR3D_FREQ 0%@614 APE 25 PLL@30C CPU@31.5C iwlwifi@32C PMIC@50C GPU@29.5C AO@41C thermal@30.5C POM_5V_IN 1892/2109 POM_5V_GPU 82/85 POM_5V_CPU 329/488
RAM 1361/3964MB (lfb 8x4MB) SWAP 805/6078MB (cached 35MB) IRAM 0/252kB(lfb 252kB) CPU [5%@921,8%@921,off,off] EMC_FREQ 0%@1600 GR3D_FREQ 0%@614 APE 25 PLL@29.5C CPU@31.5C iwlwifi@32C PMIC@50C GPU@30C AO@41C thermal@30.5C POM_5V_IN 2174/2109 POM_5V_GPU 82/85 POM_5V_CPU 574/488
RAM 1345/3964MB (lfb 8x4MB) SWAP 805/6078MB (cached 35MB) IRAM 0/252kB(lfb 252kB) CPU [6%@921,8%@921,off,off] EMC_FREQ 0%@1600 GR3D_FREQ 0%@614 APE 25 PLL@30C CPU@31.5C iwlwifi@32C PMIC@50C GPU@30C AO@41C thermal@31C POM_5V_IN 1975/2109 POM_5V_GPU 82/85 POM_5V_CPU 369/488
RAM 1359/3964MB (lfb 8x4MB) SWAP 803/6078MB (cached 34MB) IRAM 0/252kB(lfb 252kB) CPU [5%@921,7%@921,off,off] EMC_FREQ 0%@1600 GR3D_FREQ 0%@614 APE 25 PLL@30C CPU@31.5C iwlwifi@32C PMIC@50C GPU@30C AO@41C thermal@30.75C POM_5V_IN 2174/2109 POM_5V_GPU 82/85 POM_5V_CPU 574/488
RAM 1363/3964MB (lfb 8x4MB) SWAP 803/6078MB (cached 34MB) IRAM 0/252kB(lfb 252kB) CPU [5%@921,9%@921,off,off] EMC_FREQ 0%@1600 GR3D_FREQ 0%@614 APE 25 PLL@29.5C CPU@31.5C iwlwifi@32C PMIC@50C GPU@29.5C AO@41C thermal@30.75C POM_5V_IN 1934/2108 POM_5V_GPU 82/85 POM_5V_CPU 329/487
RAM 1361/3964MB (lfb 8x4MB) SWAP 803/6078MB (cached 34MB) IRAM 0/252kB(lfb 252kB) CPU [8%@921,6%@921,off,off] EMC_FREQ 0%@1600 GR3D_FREQ 0%@614 APE 25 PLL@30C CPU@32C iwlwifi@32C PMIC@50C GPU@30C AO@41C thermal@30.75C POM_5V_IN 1810/2107 POM_5V_GPU 82/85 POM_5V_CPU 246/487
RAM 1361/3964MB (lfb 8x4MB) SWAP 803/6078MB (cached 34MB) IRAM 0/252kB(lfb 252kB) CPU [5%@921,7%@921,off,off] EMC_FREQ 0%@1600 GR3D_FREQ 0%@614 APE 25 PLL@29.5C CPU@31.5C iwlwifi@32C PMIC@50C GPU@29.5C AO@40.5C thermal@30.5C POM_5V_IN 1934/2107 POM_5V_GPU 82/85 POM_5V_CPU 329/486
RAM 1363/3964MB (lfb 8x4MB) SWAP 803/6078MB (cached 34MB) IRAM 0/252kB(lfb 252kB) CPU [4%@921,9%@921,off,off] EMC_FREQ 0%@1600 GR3D_FREQ 0%@614 APE 25 PLL@30C CPU@31.5C iwlwifi@32C PMIC@50C GPU@30C AO@41C thermal@30.75C POM_5V_IN 2054/2107 POM_5V_GPU 82/85 POM_5V_CPU 451/486
RAM 1359/3964MB (lfb 8x4MB) SWAP 803/6078MB (cached 34MB) IRAM 0/252kB(lfb 252kB) CPU [7%@921,6%@921,off,off] EMC_FREQ 0%@1600 GR3D_FREQ 0%@614 APE 25 PLL@30C CPU@31.5C iwlwifi@32C PMIC@50C GPU@30C AO@41C thermal@30.75C POM_5V_IN 2054/2107 POM_5V_GPU 82/85 POM_5V_CPU 410/486
RAM 1344/3964MB (lfb 8x4MB) SWAP 803/6078MB (cached 34MB) IRAM 0/252kB(lfb 252kB) CPU [7%@921,7%@921,off,off] EMC_FREQ 0%@1600 GR3D_FREQ 0%@614 APE 25 PLL@29.5C CPU@31.5C iwlwifi@32C PMIC@50C GPU@29.5C AO@41C thermal@30.75C POM_5V_IN 2256/2107 POM_5V_GPU 82/85 POM_5V_CPU 614/486
RAM 1345/3964MB (lfb 8x4MB) SWAP 803/6078MB (cached 34MB) IRAM 0/252kB(lfb 252kB) CPU [9%@921,4%@921,off,off] EMC_FREQ 0%@1600 GR3D_FREQ 0%@614 APE 25 PLL@30C CPU@31.5C iwlwifi@32C PMIC@50C GPU@30C AO@41.5C thermal@30.75C POM_5V_IN 2215/2107 POM_5V_GPU 82/85 POM_5V_CPU 574/487
RAM 1360/3964MB (lfb 8x4MB) SWAP 803/6078MB (cached 34MB) IRAM 0/252kB(lfb 252kB) CPU [8%@921,5%@921,off,off] EMC_FREQ 0%@1600 GR3D_FREQ 0%@614 APE 25 PLL@30C CPU@31.5C iwlwifi@32C PMIC@50C GPU@30C AO@41C thermal@30.75C POM_5V_IN 2416/2108 POM_5V_GPU 81/85 POM_5V_CPU 572/487
RAM 1345/3964MB (lfb 8x4MB) SWAP 803/6078MB (cached 34MB) IRAM 0/252kB(lfb 252kB) CPU [5%@921,9%@921,off,off] EMC_FREQ 0%@1600 GR3D_FREQ 0%@614 APE 25 PLL@30C CPU@31.5C iwlwifi@32C PMIC@50C GPU@30C AO@41C thermal@30.75C POM_5V_IN 1934/2108 POM_5V_GPU 82/85 POM_5V_CPU 329/486
RAM 1361/3964MB (lfb 8x4MB) SWAP 803/6078MB (cached 34MB) IRAM 0/252kB(lfb 252kB) CPU [5%@921,9%@921,off,off] EMC_FREQ 0%@1600 GR3D_FREQ 0%@614 APE 25 PLL@30C CPU@31.5C iwlwifi@32C PMIC@50C GPU@30C AO@41C thermal@30.75C POM_5V_IN 2174/2108 POM_5V_GPU 82/85 POM_5V_CPU 533/487
RAM 1361/3964MB (lfb 8x4MB) SWAP 803/6078MB (cached 34MB) IRAM 0/252kB(lfb 252kB) CPU [6%@921,7%@921,off,off] EMC_FREQ 0%@1600 GR3D_FREQ 0%@614 APE 25 PLL@30C CPU@31.5C iwlwifi@32C PMIC@50C GPU@29.5C AO@41C thermal@30.75C POM_5V_IN 1892/2107 POM_5V_GPU 82/85 POM_5V_CPU 329/486
RAM 1362/3964MB (lfb 8x4MB) SWAP 803/6078MB (cached 34MB) IRAM 0/252kB(lfb 252kB) CPU [5%@921,8%@921,off,off] EMC_FREQ 0%@1600 GR3D_FREQ 0%@614 APE 25 PLL@30C CPU@32C iwlwifi@32C PMIC@50C GPU@30C AO@41C thermal@30.75C POM_5V_IN 1934/2107 POM_5V_GPU 82/85 POM_5V_CPU 370/486
RAM 1361/3964MB (lfb 8x4MB) SWAP 803/6078MB (cached 34MB) IRAM 0/252kB(lfb 252kB) CPU [7%@921,7%@921,off,off] EMC_FREQ 0%@1600 GR3D_FREQ 0%@614 APE 25 PLL@29.5C CPU@31.5C iwlwifi@32C PMIC@50C GPU@30C AO@41C thermal@30.75C POM_5V_IN 1934/2106 POM_5V_GPU 82/85 POM_5V_CPU 329/485
RAM 1360/3964MB (lfb 8x4MB) SWAP 803/6078MB (cached 34MB) IRAM 0/252kB(lfb 252kB) CPU [5%@921,8%@921,off,off] EMC_FREQ 0%@1600 GR3D_FREQ 0%@614 APE 25 PLL@29.5C CPU@31.5C iwlwifi@32C PMIC@50C GPU@30C AO@41C thermal@30.75C POM_5V_IN 1934/2106 POM_5V_GPU 82/85 POM_5V_CPU 329/485
RAM 1359/3964MB (lfb 8x4MB) SWAP 803/6078MB (cached 34MB) IRAM 0/252kB(lfb 252kB) CPU [6%@921,8%@921,off,off] EMC_FREQ 0%@1600 GR3D_FREQ 0%@614 APE 25 PLL@30C CPU@32C iwlwifi@32C PMIC@50C GPU@30C AO@41C thermal@30.5C POM_5V_IN 1934/2105 POM_5V_GPU 82/85 POM_5V_CPU 329/485
RAM 1361/3964MB (lfb 8x4MB) SWAP 803/6078MB (cached 34MB) IRAM 0/252kB(lfb 252kB) CPU [7%@921,6%@921,off,off] EMC_FREQ 0%@1600 GR3D_FREQ 0%@614 APE 25 PLL@30C CPU@32C iwlwifi@32C PMIC@50C GPU@30C AO@41.5C thermal@30.25C POM_5V_IN 2256/2106 POM_5V_GPU 82/85 POM_5V_CPU 615/485
RAM 1345/3964MB (lfb 8x4MB) SWAP 803/6078MB (cached 34MB) IRAM 0/252kB(lfb 252kB) CPU [7%@921,6%@921,off,off] EMC_FREQ 0%@1600 GR3D_FREQ 0%@614 APE 25 PLL@30C CPU@31.5C iwlwifi@32C PMIC@50C GPU@30C AO@41C thermal@30.75C POM_5V_IN 2256/2106 POM_5V_GPU 82/85 POM_5V_CPU 615/485
RAM 1345/3964MB (lfb 8x4MB) SWAP 803/6078MB (cached 34MB) IRAM 0/252kB(lfb 252kB) CPU [8%@921,6%@921,off,off] EMC_FREQ 0%@1600 GR3D_FREQ 0%@614 APE 25 PLL@30C CPU@31.5C iwlwifi@32C PMIC@50C GPU@30C AO@41C thermal@30.5C POM_5V_IN 2215/2107 POM_5V_GPU 82/85 POM_5V_CPU 574/485
RAM 1345/3964MB (lfb 8x4MB) SWAP 803/6078MB (cached 34MB) IRAM 0/252kB(lfb 252kB) CPU [7%@921,5%@921,off,off] EMC_FREQ 0%@1600 GR3D_FREQ 0%@614 APE 25 PLL@29.5C CPU@31.5C iwlwifi@32C PMIC@50C GPU@29.5C AO@41.5C thermal@30.5C POM_5V_IN 2174/2107 POM_5V_GPU 82/85 POM_5V_CPU 574/486
RAM 1345/3964MB (lfb 8x4MB) SWAP 803/6078MB (cached 34MB) IRAM 0/252kB(lfb 252kB) CPU [5%@921,9%@921,off,off] EMC_FREQ 0%@1600 GR3D_FREQ 0%@614 APE 25 PLL@30C CPU@32C iwlwifi@32C PMIC@50C GPU@30C AO@41C thermal@30.5C POM_5V_IN 2174/2107 POM_5V_GPU 82/85 POM_5V_CPU 574/486
RAM 1363/3964MB (lfb 8x4MB) SWAP 803/6078MB (cached 34MB) IRAM 0/252kB(lfb 252kB) CPU [6%@921,7%@921,off,off] EMC_FREQ 0%@1600 GR3D_FREQ 0%@614 APE 25 PLL@30C CPU@32C iwlwifi@32C PMIC@50C GPU@29.5C AO@41C thermal@30.5C POM_5V_IN 2215/2107 POM_5V_GPU 82/85 POM_5V_CPU 574/486
RAM 1359/3964MB (lfb 8x4MB) SWAP 803/6078MB (cached 34MB) IRAM 0/252kB(lfb 252kB) CPU [7%@921,6%@921,off,off] EMC_FREQ 0%@1600 GR3D_FREQ 0%@614 APE 25 PLL@30C CPU@32C iwlwifi@32C PMIC@50C GPU@29.5C AO@41C thermal@30.5C POM_5V_IN 1975/2107 POM_5V_GPU 82/85 POM_5V_CPU 370/486
RAM 1363/3964MB (lfb 8x4MB) SWAP 803/6078MB (cached 34MB) IRAM 0/252kB(lfb 252kB) CPU [8%@921,6%@921,off,off] EMC_FREQ 0%@1600 GR3D_FREQ 0%@614 APE 25 PLL@30C CPU@32C iwlwifi@32C PMIC@50C GPU@29.5C AO@41C thermal@30.75C POM_5V_IN 1892/2106 POM_5V_GPU 82/85 POM_5V_CPU 288/485
RAM 1361/3964MB (lfb 8x4MB) SWAP 803/6078MB (cached 34MB) IRAM 0/252kB(lfb 252kB) CPU [5%@921,8%@921,off,off] EMC_FREQ 0%@1600 GR3D_FREQ 0%@614 APE 25 PLL@30C CPU@31.5C iwlwifi@32C PMIC@50C GPU@30C AO@41C thermal@30.5C POM_5V_IN 1934/2106 POM_5V_GPU 82/85 POM_5V_CPU 329/485
RAM 1361/3964MB (lfb 8x4MB) SWAP 803/6078MB (cached 34MB) IRAM 0/252kB(lfb 252kB) CPU [7%@921,7%@921,off,off] EMC_FREQ 0%@1600 GR3D_FREQ 0%@614 APE 25 PLL@30C CPU@31.5C iwlwifi@32C PMIC@50C GPU@29.5C AO@41C thermal@30.75C POM_5V_IN 1892/2105 POM_5V_GPU 82/85 POM_5V_CPU 288/484
RAM 1363/3964MB (lfb 8x4MB) SWAP 803/6078MB (cached 34MB) IRAM 0/252kB(lfb 252kB) CPU [8%@921,8%@921,off,off] EMC_FREQ 0%@1600 GR3D_FREQ 0%@614 APE 25 PLL@29.5C CPU@32C iwlwifi@33C PMIC@50C GPU@30C AO@41.5C thermal@30.5C POM_5V_IN 2174/2105 POM_5V_GPU 82/85 POM_5V_CPU 533/485
RAM 1368/3964MB (lfb 8x4MB) SWAP 803/6078MB (cached 34MB) IRAM 0/252kB(lfb 252kB) CPU [49%@921,50%@921,off,off] EMC_FREQ 0%@1600 GR3D_FREQ 0%@614 APE 25 PLL@30C CPU@31.5C iwlwifi@32C PMIC@50C GPU@30C AO@41.5C thermal@31C POM_5V_IN 1848/2105 POM_5V_GPU 82/85 POM_5V_CPU 287/484
RAM 1369/3964MB (lfb 8x4MB) SWAP 803/6078MB (cached 34MB) IRAM 0/252kB(lfb 252kB) CPU [81%@921,78%@921,off,off] EMC_FREQ 0%@1600 GR3D_FREQ 0%@614 APE 25 PLL@30.5C CPU@32C iwlwifi@32C PMIC@50C GPU@30C AO@41.5C thermal@31C POM_5V_IN 2735/2106 POM_5V_GPU 81/85 POM_5V_CPU 937/485
RAM 1358/3964MB (lfb 8x4MB) SWAP 802/6078MB (cached 34MB) IRAM 0/252kB(lfb 252kB) CPU [12%@921,19%@921,off,off] EMC_FREQ 0%@1600 GR3D_FREQ 0%@614 APE 25 PLL@30.5C CPU@32C iwlwifi@32C PMIC@50C GPU@30.5C AO@41.5C thermal@30.75C POM_5V_IN 2256/2107 POM_5V_GPU 82/85 POM_5V_CPU 532/485
RAM 1357/3964MB (lfb 8x4MB) SWAP 802/6078MB (cached 34MB) IRAM 0/252kB(lfb 252kB) CPU [7%@921,7%@921,off,off] EMC_FREQ 0%@1600 GR3D_FREQ 0%@614 APE 25 PLL@30C CPU@32C iwlwifi@32C PMIC@50C GPU@30C AO@41.5C thermal@31C POM_5V_IN 2174/2107 POM_5V_GPU 82/85 POM_5V_CPU 574/486
RAM 1376/3964MB (lfb 8x4MB) SWAP 802/6078MB (cached 34MB) IRAM 0/252kB(lfb 252kB) CPU [5%@921,8%@921,off,off] EMC_FREQ 0%@1600 GR3D_FREQ 0%@614 APE 25 PLL@30.5C CPU@32.5C iwlwifi@32C PMIC@50C GPU@30C AO@41.5C thermal@31.25C POM_5V_IN 2174/2107 POM_5V_GPU 82/85 POM_5V_CPU 574/486
RAM 1358/3964MB (lfb 8x4MB) SWAP 802/6078MB (cached 34MB) IRAM 0/252kB(lfb 252kB) CPU [8%@921,5%@921,off,off] EMC_FREQ 0%@1600 GR3D_FREQ 0%@614 APE 25 PLL@30.5C CPU@32C iwlwifi@32C PMIC@50C GPU@29.5C AO@41.5C thermal@30.5C POM_5V_IN 1892/2107 POM_5V_GPU 82/85 POM_5V_CPU 329/485
RAM 1372/3964MB (lfb 8x4MB) SWAP 802/6078MB (cached 34MB) IRAM 0/252kB(lfb 252kB) CPU [6%@921,7%@921,off,off] EMC_FREQ 0%@1600 GR3D_FREQ 0%@614 APE 25 PLL@30.5C CPU@32C iwlwifi@32C PMIC@50C GPU@30C AO@41.5C thermal@31C POM_5V_IN 2174/2107 POM_5V_GPU 82/85 POM_5V_CPU 533/486
RAM 1374/3964MB (lfb 8x4MB) SWAP 802/6078MB (cached 34MB) IRAM 0/252kB(lfb 252kB) CPU [4%@921,9%@921,off,off] EMC_FREQ 0%@1600 GR3D_FREQ 0%@614 APE 25 PLL@30.5C CPU@31.5C iwlwifi@32C PMIC@50C GPU@30C AO@41.5C thermal@31C POM_5V_IN 1934/2106 POM_5V_GPU 82/85 POM_5V_CPU 329/485
RAM 1373/3964MB (lfb 8x4MB) SWAP 802/6078MB (cached 34MB) IRAM 0/252kB(lfb 252kB) CPU [7%@921,7%@921,off,off] EMC_FREQ 0%@1600 GR3D_FREQ 0%@614 APE 25 PLL@30.5C CPU@31.5C iwlwifi@32C PMIC@50C GPU@30C AO@41.5C thermal@30.75C POM_5V_IN 1934/2106 POM_5V_GPU 82/85 POM_5V_CPU 329/485
RAM 1374/3964MB (lfb 8x4MB) SWAP 802/6078MB (cached 34MB) IRAM 0/252kB(lfb 252kB) CPU [6%@921,9%@921,off,off] EMC_FREQ 0%@1600 GR3D_FREQ 0%@614 APE 25 PLL@30C CPU@31.5C iwlwifi@33C PMIC@50C GPU@30C AO@41C thermal@31C POM_5V_IN 1890/2105 POM_5V_GPU 82/85 POM_5V_CPU 287/484
RAM 1374/3964MB (lfb 8x4MB) SWAP 802/6078MB (cached 34MB) IRAM 0/252kB(lfb 252kB) CPU [6%@921,7%@921,off,off] EMC_FREQ 0%@1600 GR3D_FREQ 0%@614 APE 25 PLL@30.5C CPU@32C iwlwifi@32C PMIC@50C GPU@30C AO@41C thermal@31C POM_5V_IN 1934/2105 POM_5V_GPU 82/85 POM_5V_CPU 329/484
RAM 1373/3964MB (lfb 8x4MB) SWAP 802/6078MB (cached 34MB) IRAM 0/252kB(lfb 252kB) CPU [7%@921,7%@921,off,off] EMC_FREQ 0%@1600 GR3D_FREQ 0%@614 APE 25 PLL@30C CPU@32C iwlwifi@32C PMIC@50C GPU@30C AO@41.5C thermal@30.75C POM_5V_IN 1934/2104 POM_5V_GPU 82/85 POM_5V_CPU 329/483
RAM 1376/3964MB (lfb 8x4MB) SWAP 802/6078MB (cached 34MB) IRAM 0/252kB(lfb 252kB) CPU [5%@921,8%@921,off,off] EMC_FREQ 0%@1600 GR3D_FREQ 0%@614 APE 25 PLL@30C CPU@31.5C iwlwifi@32C PMIC@50C GPU@30C AO@41.5C thermal@30.75C POM_5V_IN 2054/2104 POM_5V_GPU 82/85 POM_5V_CPU 451/483
RAM 1373/3964MB (lfb 8x4MB) SWAP 802/6078MB (cached 34MB) IRAM 0/252kB(lfb 252kB) CPU [7%@921,7%@921,off,off] EMC_FREQ 0%@1600 GR3D_FREQ 0%@614 APE 25 PLL@30.5C CPU@32C iwlwifi@32C PMIC@50C GPU@30C AO@41.5C thermal@30.75C POM_5V_IN 2256/2105 POM_5V_GPU 82/85 POM_5V_CPU 614/484
RAM 1356/3964MB (lfb 8x4MB) SWAP 802/6078MB (cached 34MB) IRAM 0/252kB(lfb 252kB) CPU [9%@921,5%@921,off,off] EMC_FREQ 0%@1600 GR3D_FREQ 0%@614 APE 25 PLL@30.5C CPU@32C iwlwifi@32C PMIC@50C GPU@30C AO@41C thermal@30.75C POM_5V_IN 2375/2105 POM_5V_GPU 81/85 POM_5V_CPU 696/484
RAM 1355/3964MB (lfb 8x4MB) SWAP 802/6078MB (cached 34MB) IRAM 0/252kB(lfb 252kB) CPU [9%@921,5%@921,off,off] EMC_FREQ 0%@1600 GR3D_FREQ 0%@614 APE 25 PLL@30C CPU@32C iwlwifi@32C PMIC@50C GPU@30C AO@41.5C thermal@30.75C POM_5V_IN 2215/2106 POM_5V_GPU 82/85 POM_5V_CPU 574/484
RAM 1356/3964MB (lfb 8x4MB) SWAP 802/6078MB (cached 34MB) IRAM 0/252kB(lfb 252kB) CPU [9%@921,4%@921,off,off] EMC_FREQ 0%@1600 GR3D_FREQ 0%@614 APE 25 PLL@30C CPU@31.5C iwlwifi@32C PMIC@50C GPU@30C AO@41.5C thermal@30.75C POM_5V_IN 2215/2106 POM_5V_GPU 82/85 POM_5V_CPU 574/485
RAM 1370/3964MB (lfb 8x4MB) SWAP 802/6078MB (cached 34MB) IRAM 0/252kB(lfb 252kB) CPU [6%@921,7%@921,off,off] EMC_FREQ 0%@1600 GR3D_FREQ 0%@614 APE 25 PLL@30C CPU@32C iwlwifi@33C PMIC@50C GPU@30C AO@41.5C thermal@30.75C POM_5V_IN 2174/2106 POM_5V_GPU 82/85 POM_5V_CPU 533/485
RAM 1355/3964MB (lfb 8x4MB) SWAP 802/6078MB (cached 34MB) IRAM 0/252kB(lfb 252kB) CPU [9%@921,6%@921,off,off] EMC_FREQ 0%@1600 GR3D_FREQ 0%@614 APE 25 PLL@30.5C CPU@31.5C iwlwifi@32C PMIC@50C GPU@30C AO@41C thermal@30.75C POM_5V_IN 2215/2106 POM_5V_GPU 82/85 POM_5V_CPU 615/485
RAM 1370/3964MB (lfb 8x4MB) SWAP 802/6078MB (cached 34MB) IRAM 0/252kB(lfb 252kB) CPU [4%@921,9%@921,off,off] EMC_FREQ 0%@1600 GR3D_FREQ 0%@614 APE 25 PLL@30C CPU@32C iwlwifi@32C PMIC@50C GPU@30C AO@41.5C thermal@30.75C POM_5V_IN 2174/2107 POM_5V_GPU 82/85 POM_5V_CPU 533/485
RAM 1372/3964MB (lfb 8x4MB) SWAP 802/6078MB (cached 34MB) IRAM 0/252kB(lfb 252kB) CPU [7%@921,6%@921,off,off] EMC_FREQ 0%@1600 GR3D_FREQ 0%@614 APE 25 PLL@30C CPU@31.5C iwlwifi@32C PMIC@50C GPU@30C AO@41.5C thermal@30.75C POM_5V_IN 1772/2106 POM_5V_GPU 82/85 POM_5V_CPU 205/484
RAM 1373/3964MB (lfb 8x4MB) SWAP 802/6078MB (cached 34MB) IRAM 0/252kB(lfb 252kB) CPU [8%@921,6%@921,off,off] EMC_FREQ 0%@1600 GR3D_FREQ 0%@614 APE 25 PLL@30C CPU@32C iwlwifi@32C PMIC@50C GPU@30C AO@41.5C thermal@31C POM_5V_IN 1934/2105 POM_5V_GPU 82/85 POM_5V_CPU 329/484
RAM 1371/3964MB (lfb 8x4MB) SWAP 802/6078MB (cached 34MB) IRAM 0/252kB(lfb 252kB) CPU [6%@921,8%@921,off,off] EMC_FREQ 0%@1600 GR3D_FREQ 0%@614 APE 25 PLL@30.5C CPU@31.5C iwlwifi@32C PMIC@50C GPU@30C AO@41.5C thermal@30.75C POM_5V_IN 1934/2105 POM_5V_GPU 82/85 POM_5V_CPU 370/484
RAM 1372/3964MB (lfb 8x4MB) SWAP 802/6078MB (cached 34MB) IRAM 0/252kB(lfb 252kB) CPU [7%@921,6%@921,off,off] EMC_FREQ 0%@1600 GR3D_FREQ 0%@614 APE 25 PLL@30C CPU@31.5C iwlwifi@32C PMIC@50C GPU@30C AO@41.5C thermal@30.75C POM_5V_IN 1892/2104 POM_5V_GPU 82/85 POM_5V_CPU 329/483
RAM 1366/3964MB (lfb 8x4MB) SWAP 802/6078MB (cached 34MB) IRAM 0/252kB(lfb 252kB) CPU [8%@921,7%@921,off,off] EMC_FREQ 0%@1600 GR3D_FREQ 0%@614 APE 25 PLL@30.5C CPU@32C iwlwifi@32C PMIC@50C GPU@30C AO@41.5C thermal@30.75C POM_5V_IN 2297/2105 POM_5V_GPU 82/85 POM_5V_CPU 615/484
RAM 1353/3964MB (lfb 8x4MB) SWAP 802/6078MB (cached 34MB) IRAM 0/252kB(lfb 252kB) CPU [9%@921,6%@921,off,off] EMC_FREQ 0%@1600 GR3D_FREQ 0%@614 APE 25 PLL@30C CPU@32C iwlwifi@32C PMIC@50C GPU@29.5C AO@41C thermal@31C POM_5V_IN 2457/2106 POM_5V_GPU 81/85 POM_5V_CPU 736/484
RAM 1353/3964MB (lfb 8x4MB) SWAP 802/6078MB (cached 34MB) IRAM 0/252kB(lfb 252kB) CPU [8%@921,7%@921,off,off] EMC_FREQ 0%@1600 GR3D_FREQ 0%@614 APE 25 PLL@30C CPU@31.5C iwlwifi@32C PMIC@50C GPU@30C AO@41.5C thermal@30.75C POM_5V_IN 2174/2106 POM_5V_GPU 82/85 POM_5V_CPU 574/485
RAM 1352/3964MB (lfb 8x4MB) SWAP 802/6078MB (cached 34MB) IRAM 0/252kB(lfb 252kB) CPU [6%@921,7%@921,off,off] EMC_FREQ 0%@1600 GR3D_FREQ 0%@614 APE 25 PLL@30C CPU@31.5C iwlwifi@32C PMIC@50C GPU@30C AO@41.5C thermal@30.5C POM_5V_IN 2215/2106 POM_5V_GPU 82/85 POM_5V_CPU 574/485
RAM 1367/3964MB (lfb 8x4MB) SWAP 802/6078MB (cached 34MB) IRAM 0/252kB(lfb 252kB) CPU [7%@921,7%@921,off,off] EMC_FREQ 0%@1600 GR3D_FREQ 0%@614 APE 25 PLL@30C CPU@31.5C iwlwifi@32C PMIC@50C GPU@30C AO@41C thermal@30.75C POM_5V_IN 2215/2106 POM_5V_GPU 82/85 POM_5V_CPU 574/485
RAM 1353/3964MB (lfb 8x4MB) SWAP 802/6078MB (cached 34MB) IRAM 0/252kB(lfb 252kB) CPU [9%@921,5%@921,off,off] EMC_FREQ 0%@1600 GR3D_FREQ 0%@614 APE 25 PLL@30C CPU@32C iwlwifi@32C PMIC@50C GPU@30.5C AO@41C thermal@31C POM_5V_IN 1892/2106 POM_5V_GPU 82/85 POM_5V_CPU 329/485
RAM 1369/3964MB (lfb 8x4MB) SWAP 802/6078MB (cached 34MB) IRAM 0/252kB(lfb 252kB) CPU [6%@921,7%@921,off,off] EMC_FREQ 0%@1600 GR3D_FREQ 0%@614 APE 25 PLL@30C CPU@32C iwlwifi@33C PMIC@50C GPU@30C AO@41C thermal@31C POM_5V_IN 2174/2106 POM_5V_GPU 82/85 POM_5V_CPU 574/485
RAM 1371/3964MB (lfb 8x4MB) SWAP 802/6078MB (cached 34MB) IRAM 0/252kB(lfb 252kB) CPU [6%@921,7%@921,off,off] EMC_FREQ 0%@1600 GR3D_FREQ 0%@614 APE 25 PLL@29.5C CPU@32C iwlwifi@32C PMIC@50C GPU@30C AO@41C thermal@30.75C POM_5V_IN 1934/2106 POM_5V_GPU 82/85 POM_5V_CPU 329/484
RAM 1371/3964MB (lfb 8x4MB) SWAP 802/6078MB (cached 34MB) IRAM 0/252kB(lfb 252kB) CPU [10%@921,3%@921,off,off] EMC_FREQ 0%@1600 GR3D_FREQ 0%@614 APE 25 PLL@30C CPU@32C iwlwifi@32C PMIC@50C GPU@30C AO@41C thermal@31C POM_5V_IN 2215/2106 POM_5V_GPU 82/85 POM_5V_CPU 369/484
RAM 1367/3964MB (lfb 8x4MB) SWAP 802/6078MB (cached 34MB) IRAM 0/252kB(lfb 252kB) CPU [6%@921,7%@921,off,off] EMC_FREQ 0%@1600 GR3D_FREQ 0%@614 APE 25 PLL@30C CPU@32C iwlwifi@32C PMIC@50C GPU@30.5C AO@41C thermal@31C POM_5V_IN 1934/2105 POM_5V_GPU 82/85 POM_5V_CPU 329/484
RAM 1371/3964MB (lfb 8x4MB) SWAP 802/6078MB (cached 34MB) IRAM 0/252kB(lfb 252kB) CPU [8%@921,5%@921,off,off] EMC_FREQ 0%@1600 GR3D_FREQ 0%@614 APE 25 PLL@30C CPU@32C iwlwifi@32C PMIC@50C GPU@30C AO@41.5C thermal@31C POM_5V_IN 1892/2105 POM_5V_GPU 82/85 POM_5V_CPU 288/483
RAM 1370/3964MB (lfb 8x4MB) SWAP 802/6078MB (cached 34MB) IRAM 0/252kB(lfb 252kB) CPU [10%@921,4%@921,off,off] EMC_FREQ 0%@1600 GR3D_FREQ 0%@614 APE 25 PLL@29.5C CPU@32C iwlwifi@32C PMIC@50C GPU@30.5C AO@41C thermal@30.75C POM_5V_IN 1972/2105 POM_5V_GPU 82/85 POM_5V_CPU 410/483
RAM 1353/3964MB (lfb 8x4MB) SWAP 802/6078MB (cached 34MB) IRAM 0/252kB(lfb 252kB) CPU [7%@921,7%@921,off,off] EMC_FREQ 0%@1600 GR3D_FREQ 0%@614 APE 25 PLL@30C CPU@32C iwlwifi@32C PMIC@50C GPU@30C AO@41.5C thermal@30.75C POM_5V_IN 2095/2105 POM_5V_GPU 82/85 POM_5V_CPU 451/483
RAM 1353/3964MB (lfb 8x4MB) SWAP 802/6078MB (cached 34MB) IRAM 0/252kB(lfb 252kB) CPU [9%@921,5%@921,off,off] EMC_FREQ 0%@1600 GR3D_FREQ 0%@614 APE 25 PLL@30C CPU@31.5C iwlwifi@33C PMIC@50C GPU@30C AO@41.5C thermal@30.75C POM_5V_IN 2174/2105 POM_5V_GPU 82/85 POM_5V_CPU 574/483
RAM 1353/3964MB (lfb 8x4MB) SWAP 802/6078MB (cached 34MB) IRAM 0/252kB(lfb 252kB) CPU [8%@921,5%@921,off,off] EMC_FREQ 0%@1600 GR3D_FREQ 0%@614 APE 25 PLL@30C CPU@32C iwlwifi@32C PMIC@50C GPU@30C AO@41.5C thermal@30.75C POM_5V_IN 2174/2105 POM_5V_GPU 82/85 POM_5V_CPU 574/484
RAM 1369/3964MB (lfb 8x4MB) SWAP 802/6078MB (cached 34MB) IRAM 0/252kB(lfb 252kB) CPU [8%@921,5%@921,off,off] EMC_FREQ 0%@1600 GR3D_FREQ 0%@614 APE 25 PLL@30C CPU@32C iwlwifi@32C PMIC@50C GPU@30C AO@41.5C thermal@31.25C POM_5V_IN 2174/2105 POM_5V_GPU 82/85 POM_5V_CPU 533/484
RAM 1352/3964MB (lfb 8x4MB) SWAP 802/6078MB (cached 34MB) IRAM 0/252kB(lfb 252kB) CPU [7%@921,6%@921,off,off] EMC_FREQ 0%@1600 GR3D_FREQ 0%@614 APE 25 PLL@29.5C CPU@31.5C iwlwifi@32C PMIC@50C GPU@30.5C AO@41C thermal@30.75C POM_5V_IN 1892/2105 POM_5V_GPU 82/85 POM_5V_CPU 329/483
RAM 1367/3964MB (lfb 8x4MB) SWAP 802/6078MB (cached 34MB) IRAM 0/252kB(lfb 252kB) CPU [6%@921,8%@921,off,off] EMC_FREQ 0%@1600 GR3D_FREQ 0%@614 APE 25 PLL@30C CPU@31.5C iwlwifi@32C PMIC@50C GPU@30C AO@41C thermal@31C POM_5V_IN 2174/2105 POM_5V_GPU 82/85 POM_5V_CPU 574/484
RAM 1368/3964MB (lfb 8x4MB) SWAP 802/6078MB (cached 34MB) IRAM 0/252kB(lfb 252kB) CPU [7%@921,6%@921,off,off] EMC_FREQ 0%@1600 GR3D_FREQ 0%@614 APE 25 PLL@30C CPU@32C iwlwifi@32C PMIC@50C GPU@30C AO@41.5C thermal@30.75C POM_5V_IN 1934/2104 POM_5V_GPU 82/85 POM_5V_CPU 329/483
RAM 1371/3964MB (lfb 8x4MB) SWAP 802/6078MB (cached 34MB) IRAM 0/252kB(lfb 252kB) CPU [5%@921,8%@921,off,off] EMC_FREQ 0%@1600 GR3D_FREQ 0%@614 APE 25 PLL@29.5C CPU@32C iwlwifi@32C PMIC@50C GPU@30C AO@41.5C thermal@30.75C POM_5V_IN 1892/2104 POM_5V_GPU 82/85 POM_5V_CPU 288/483
RAM 1369/3964MB (lfb 8x4MB) SWAP 802/6078MB (cached 34MB) IRAM 0/252kB(lfb 252kB) CPU [7%@921,7%@921,off,off] EMC_FREQ 0%@1600 GR3D_FREQ 0%@614 APE 25 PLL@30C CPU@31.5C iwlwifi@32C PMIC@50C GPU@29.5C AO@41.5C thermal@30.75C POM_5V_IN 1975/2103 POM_5V_GPU 82/85 POM_5V_CPU 329/482
RAM 1371/3964MB (lfb 8x4MB) SWAP 802/6078MB (cached 34MB) IRAM 0/252kB(lfb 252kB) CPU [8%@921,7%@921,off,off] EMC_FREQ 0%@1600 GR3D_FREQ 0%@614 APE 25 PLL@30C CPU@31.5C iwlwifi@32C PMIC@50C GPU@30.5C AO@41C thermal@30.75C POM_5V_IN 1934/2103 POM_5V_GPU 82/85 POM_5V_CPU 370/482
RAM 1367/3964MB (lfb 8x4MB) SWAP 802/6078MB (cached 34MB) IRAM 0/252kB(lfb 252kB) CPU [7%@921,6%@921,off,off] EMC_FREQ 0%@1600 GR3D_FREQ 0%@614 APE 25 PLL@30C CPU@32C iwlwifi@32C PMIC@50C GPU@30C AO@41.5C thermal@31C POM_5V_IN 1934/2103 POM_5V_GPU 82/85 POM_5V_CPU 329/482
RAM 1366/3964MB (lfb 8x4MB) SWAP 802/6078MB (cached 34MB) IRAM 0/252kB(lfb 252kB) CPU [6%@921,7%@921,off,off] EMC_FREQ 0%@1600 GR3D_FREQ 0%@614 APE 25 PLL@30C CPU@32C iwlwifi@32C PMIC@50C GPU@30C AO@41.5C thermal@30.5C POM_5V_IN 2174/2103 POM_5V_GPU 82/84 POM_5V_CPU 492/482
RAM 1352/3964MB (lfb 8x4MB) SWAP 801/6078MB (cached 34MB) IRAM 0/252kB(lfb 252kB) CPU [5%@921,8%@921,off,off] EMC_FREQ 0%@1600 GR3D_FREQ 0%@614 APE 25 PLL@30.5C CPU@32C iwlwifi@32C PMIC@50C GPU@30C AO@41C thermal@31C POM_5V_IN 2256/2103 POM_5V_GPU 82/84 POM_5V_CPU 615/482
RAM 1352/3964MB (lfb 8x4MB) SWAP 801/6078MB (cached 34MB) IRAM 0/252kB(lfb 252kB) CPU [6%@921,7%@921,off,off] EMC_FREQ 0%@1600 GR3D_FREQ 0%@614 APE 25 PLL@30C CPU@32C iwlwifi@32C PMIC@50C GPU@30C AO@41.5C thermal@30.75C POM_5V_IN 2174/2103 POM_5V_GPU 82/84 POM_5V_CPU 574/482
RAM 1352/3964MB (lfb 8x4MB) SWAP 801/6078MB (cached 34MB) IRAM 0/252kB(lfb 252kB) CPU [7%@921,7%@921,off,off] EMC_FREQ 0%@1600 GR3D_FREQ 0%@614 APE 25 PLL@30C CPU@31.5C iwlwifi@32C PMIC@50C GPU@30C AO@41C thermal@30.75C POM_5V_IN 2174/2104 POM_5V_GPU 82/84 POM_5V_CPU 574/482
RAM 1366/3964MB (lfb 8x4MB) SWAP 801/6078MB (cached 34MB) IRAM 0/252kB(lfb 252kB) CPU [7%@921,6%@921,off,off] EMC_FREQ 0%@1600 GR3D_FREQ 0%@614 APE 25 PLL@30C CPU@31.5C iwlwifi@32C PMIC@50C GPU@30C AO@41.5C thermal@30.75C POM_5V_IN 2174/2104 POM_5V_GPU 82/84 POM_5V_CPU 533/483
RAM 1352/3964MB (lfb 8x4MB) SWAP 801/6078MB (cached 34MB) IRAM 0/252kB(lfb 252kB) CPU [10%@921,4%@921,off,off] EMC_FREQ 0%@1600 GR3D_FREQ 0%@614 APE 25 PLL@30.5C CPU@31.5C iwlwifi@32C PMIC@50C GPU@30C AO@41.5C thermal@30.5C POM_5V_IN 1892/2103 POM_5V_GPU 82/84 POM_5V_CPU 329/482
RAM 1369/3964MB (lfb 8x4MB) SWAP 801/6078MB (cached 34MB) IRAM 0/252kB(lfb 252kB) CPU [7%@921,6%@921,off,off] EMC_FREQ 0%@1600 GR3D_FREQ 0%@614 APE 25 PLL@30C CPU@31.5C iwlwifi@32C PMIC@50C GPU@30C AO@41.5C thermal@30.75C POM_5V_IN 2174/2103 POM_5V_GPU 82/84 POM_5V_CPU 574/482
RAM 1370/3964MB (lfb 8x4MB) SWAP 801/6078MB (cached 34MB) IRAM 0/252kB(lfb 252kB) CPU [8%@921,5%@921,off,off] EMC_FREQ 0%@1600 GR3D_FREQ 0%@614 APE 25 PLL@30.5C CPU@31.5C iwlwifi@32C PMIC@50C GPU@30C AO@41C thermal@30.75C POM_5V_IN 1934/2103 POM_5V_GPU 82/84 POM_5V_CPU 329/482
RAM 1370/3964MB (lfb 8x4MB) SWAP 801/6078MB (cached 34MB) IRAM 0/252kB(lfb 252kB) CPU [6%@921,7%@921,off,off] EMC_FREQ 0%@1600 GR3D_FREQ 0%@614 APE 25 PLL@30C CPU@31.5C iwlwifi@32C PMIC@50C GPU@29.5C AO@41C thermal@31C POM_5V_IN 1892/2103 POM_5V_GPU 82/84 POM_5V_CPU 329/482
RAM 1368/3964MB (lfb 8x4MB) SWAP 801/6078MB (cached 34MB) IRAM 0/252kB(lfb 252kB) CPU [5%@921,8%@921,off,off] EMC_FREQ 0%@1600 GR3D_FREQ 0%@614 APE 25 PLL@30C CPU@31.5C iwlwifi@32C PMIC@50C GPU@29.5C AO@41.5C thermal@30.75C POM_5V_IN 1772/2102 POM_5V_GPU 82/84 POM_5V_CPU 206/481
RAM 1370/3964MB (lfb 8x4MB) SWAP 801/6078MB (cached 34MB) IRAM 0/252kB(lfb 252kB) CPU [6%@921,6%@921,off,off] EMC_FREQ 0%@1600 GR3D_FREQ 0%@614 APE 25 PLL@30C CPU@31.5C iwlwifi@32C PMIC@50C GPU@30C AO@41.5C thermal@31C POM_5V_IN 1934/2101 POM_5V_GPU 82/84 POM_5V_CPU 329/481
RAM 1366/3964MB (lfb 8x4MB) SWAP 801/6078MB (cached 34MB) IRAM 0/252kB(lfb 252kB) CPU [9%@921,5%@921,off,off] EMC_FREQ 0%@1600 GR3D_FREQ 0%@614 APE 25 PLL@30C CPU@32C iwlwifi@32C PMIC@50C GPU@30C AO@41.5C thermal@30.75C POM_5V_IN 2174/2102 POM_5V_GPU 82/84 POM_5V_CPU 574/481
RAM 1352/3964MB (lfb 8x4MB) SWAP 801/6078MB (cached 34MB) IRAM 0/252kB(lfb 252kB) CPU [6%@921,7%@921,off,off] EMC_FREQ 0%@1600 GR3D_FREQ 0%@614 APE 25 PLL@30C CPU@31.5C iwlwifi@32C PMIC@50C GPU@30C AO@41C thermal@30.75C POM_5V_IN 2215/2102 POM_5V_GPU 82/84 POM_5V_CPU 574/481
RAM 1352/3964MB (lfb 8x4MB) SWAP 801/6078MB (cached 34MB) IRAM 0/252kB(lfb 252kB) CPU [8%@921,5%@921,off,off] EMC_FREQ 0%@1600 GR3D_FREQ 0%@614 APE 25 PLL@30C CPU@32C iwlwifi@32C PMIC@50C GPU@30C AO@41C thermal@30.75C POM_5V_IN 2215/2102 POM_5V_GPU 82/84 POM_5V_CPU 574/481
RAM 1352/3964MB (lfb 8x4MB) SWAP 801/6078MB (cached 34MB) IRAM 0/252kB(lfb 252kB) CPU [8%@921,6%@921,off,off] EMC_FREQ 0%@1600 GR3D_FREQ 0%@614 APE 25 PLL@30C CPU@31.5C iwlwifi@32C PMIC@50C GPU@30C AO@41.5C thermal@30.5C POM_5V_IN 2215/2102 POM_5V_GPU 82/84 POM_5V_CPU 574/482
RAM 1368/3964MB (lfb 8x4MB) SWAP 801/6078MB (cached 34MB) IRAM 0/252kB(lfb 252kB) CPU [8%@921,5%@921,off,off] EMC_FREQ 0%@1600 GR3D_FREQ 0%@614 APE 25 PLL@30C CPU@31.5C iwlwifi@32C PMIC@50C GPU@30C AO@41.5C thermal@30.75C POM_5V_IN 2174/2102 POM_5V_GPU 82/84 POM_5V_CPU 574/482
RAM 1352/3964MB (lfb 8x4MB) SWAP 801/6078MB (cached 34MB) IRAM 0/252kB(lfb 252kB) CPU [5%@921,8%@921,off,off] EMC_FREQ 0%@1600 GR3D_FREQ 0%@614 APE 25 PLL@30C CPU@31.5C iwlwifi@32C PMIC@50C GPU@30C AO@41C thermal@30.75C POM_5V_IN 1975/2102 POM_5V_GPU 82/84 POM_5V_CPU 369/482
RAM 1366/3964MB (lfb 8x4MB) SWAP 801/6078MB (cached 34MB) IRAM 0/252kB(lfb 252kB) CPU [6%@921,7%@921,off,off] EMC_FREQ 0%@1600 GR3D_FREQ 0%@614 APE 25 PLL@30C CPU@31.5C iwlwifi@32C PMIC@50C GPU@29.5C AO@41C thermal@30.75C POM_5V_IN 2174/2102 POM_5V_GPU 82/84 POM_5V_CPU 533/482
RAM 1351/3964MB (lfb 8x4MB) SWAP 801/6078MB (cached 34MB) IRAM 0/252kB(lfb 252kB) CPU [7%@921,7%@921,off,off] EMC_FREQ 0%@1600 GR3D_FREQ 0%@614 APE 25 PLL@30C CPU@32C iwlwifi@32C PMIC@50C GPU@30C AO@41C thermal@30.75C POM_5V_IN 1892/2102 POM_5V_GPU 82/84 POM_5V_CPU 329/481
RAM 1368/3964MB (lfb 8x4MB) SWAP 801/6078MB (cached 34MB) IRAM 0/252kB(lfb 252kB) CPU [7%@921,5%@921,off,off] EMC_FREQ 0%@1600 GR3D_FREQ 0%@614 APE 25 PLL@30.5C CPU@32C iwlwifi@33C PMIC@50C GPU@30C AO@41C thermal@30.75C POM_5V_IN 2174/2102 POM_5V_GPU 82/84 POM_5V_CPU 574/482
RAM 1370/3964MB (lfb 8x4MB) SWAP 801/6078MB (cached 34MB) IRAM 0/252kB(lfb 252kB) CPU [6%@921,8%@921,off,off] EMC_FREQ 0%@1600 GR3D_FREQ 0%@614 APE 25 PLL@30C CPU@32C iwlwifi@32C PMIC@50C GPU@30C AO@41C thermal@30.75C POM_5V_IN 2215/2102 POM_5V_GPU 82/84 POM_5V_CPU 574/482
RAM 1370/3964MB (lfb 8x4MB) SWAP 801/6078MB (cached 34MB) IRAM 0/252kB(lfb 252kB) CPU [5%@921,8%@921,off,off] EMC_FREQ 0%@1600 GR3D_FREQ 0%@614 APE 25 PLL@30C CPU@31.5C iwlwifi@32C PMIC@50C GPU@30C AO@41C thermal@30.75C POM_5V_IN 1892/2102 POM_5V_GPU 82/84 POM_5V_CPU 288/481
RAM 1371/3964MB (lfb 8x4MB) SWAP 801/6078MB (cached 34MB) IRAM 0/252kB(lfb 252kB) CPU [5%@921,9%@921,off,off] EMC_FREQ 0%@1600 GR3D_FREQ 0%@614 APE 25 PLL@30C CPU@31.5C iwlwifi@32C PMIC@50C GPU@30C AO@41C thermal@30.75C POM_5V_IN 1934/2101 POM_5V_GPU 82/84 POM_5V_CPU 329/481
RAM 1366/3964MB (lfb 8x4MB) SWAP 801/6078MB (cached 34MB) IRAM 0/252kB(lfb 252kB) CPU [5%@921,8%@921,off,off] EMC_FREQ 0%@1600 GR3D_FREQ 0%@614 APE 25 PLL@30C CPU@31.5C iwlwifi@32C PMIC@50C GPU@30C AO@41.5C thermal@31C POM_5V_IN 2092/2101 POM_5V_GPU 82/84 POM_5V_CPU 492/481
RAM 1367/3964MB (lfb 8x4MB) SWAP 801/6078MB (cached 34MB) IRAM 0/252kB(lfb 252kB) CPU [6%@921,8%@921,off,off] EMC_FREQ 0%@1600 GR3D_FREQ 0%@614 APE 25 PLL@30.5C CPU@32C iwlwifi@32C PMIC@50C GPU@30C AO@41C thermal@30.75C POM_5V_IN 2256/2102 POM_5V_GPU 82/84 POM_5V_CPU 614/481
RAM 1352/3964MB (lfb 8x4MB) SWAP 801/6078MB (cached 34MB) IRAM 0/252kB(lfb 252kB) CPU [7%@921,6%@921,off,off] EMC_FREQ 0%@1600 GR3D_FREQ 0%@614 APE 25 PLL@30C CPU@32C iwlwifi@32C PMIC@50C GPU@30C AO@41C thermal@31C POM_5V_IN 2256/2102 POM_5V_GPU 82/84 POM_5V_CPU 614/482
RAM 1352/3964MB (lfb 8x4MB) SWAP 801/6078MB (cached 34MB) IRAM 0/252kB(lfb 252kB) CPU [7%@921,6%@921,off,off] EMC_FREQ 0%@1600 GR3D_FREQ 0%@614 APE 25 PLL@30C CPU@31.5C iwlwifi@32C PMIC@50C GPU@30C AO@41C thermal@30.75C POM_5V_IN 2174/2102 POM_5V_GPU 82/84 POM_5V_CPU 574/482
RAM 1370/3964MB (lfb 8x4MB) SWAP 801/6078MB (cached 34MB) IRAM 0/252kB(lfb 252kB) CPU [5%@921,7%@921,off,off] EMC_FREQ 0%@1600 GR3D_FREQ 0%@614 APE 25 PLL@30C CPU@32C iwlwifi@32C PMIC@50C GPU@30C AO@40.5C thermal@30.75C POM_5V_IN 2215/2102 POM_5V_GPU 82/84 POM_5V_CPU 574/482
RAM 1352/3964MB (lfb 8x4MB) SWAP 801/6078MB (cached 34MB) IRAM 0/252kB(lfb 252kB) CPU [5%@921,9%@921,off,off] EMC_FREQ 0%@1600 GR3D_FREQ 0%@614 APE 25 PLL@30C CPU@31.5C iwlwifi@32C PMIC@50C GPU@30C AO@41C thermal@30.75C POM_5V_IN 1892/2102 POM_5V_GPU 82/84 POM_5V_CPU 329/482
RAM 1366/3964MB (lfb 8x4MB) SWAP 801/6078MB (cached 34MB) IRAM 0/252kB(lfb 252kB) CPU [9%@921,4%@921,off,off] EMC_FREQ 0%@1600 GR3D_FREQ 0%@614 APE 25 PLL@30C CPU@32C iwlwifi@32C PMIC@50C GPU@30C AO@41.5C thermal@30.75C POM_5V_IN 2170/2102 POM_5V_GPU 81/84 POM_5V_CPU 573/482
RAM 1370/3964MB (lfb 8x4MB) SWAP 801/6078MB (cached 34MB) IRAM 0/252kB(lfb 252kB) CPU [9%@921,5%@921,off,off] EMC_FREQ 0%@1600 GR3D_FREQ 0%@614 APE 25 PLL@30C CPU@32C iwlwifi@32C PMIC@50C GPU@30C AO@41.5C thermal@30.75C POM_5V_IN 1934/2102 POM_5V_GPU 82/84 POM_5V_CPU 329/481
RAM 1368/3964MB (lfb 8x4MB) SWAP 801/6078MB (cached 34MB) IRAM 0/252kB(lfb 252kB) CPU [7%@921,7%@921,off,off] EMC_FREQ 0%@1600 GR3D_FREQ 0%@614 APE 25 PLL@30C CPU@32C iwlwifi@32C PMIC@50C GPU@30C AO@41C thermal@30.75C POM_5V_IN 1892/2101 POM_5V_GPU 82/84 POM_5V_CPU 288/481
RAM 1366/3964MB (lfb 8x4MB) SWAP 801/6078MB (cached 34MB) IRAM 0/252kB(lfb 252kB) CPU [8%@921,5%@921,off,off] EMC_FREQ 0%@1600 GR3D_FREQ 0%@614 APE 25 PLL@30C CPU@31.5C iwlwifi@32C PMIC@50C GPU@30C AO@41.5C thermal@30.75C POM_5V_IN 1892/2101 POM_5V_GPU 82/84 POM_5V_CPU 329/481
RAM 1368/3964MB (lfb 8x4MB) SWAP 801/6078MB (cached 34MB) IRAM 0/252kB(lfb 252kB) CPU [5%@921,9%@921,off,off] EMC_FREQ 0%@1600 GR3D_FREQ 0%@614 APE 25 PLL@30C CPU@32C iwlwifi@32C PMIC@50C GPU@30C AO@41.5C thermal@30.75C POM_5V_IN 2215/2101 POM_5V_GPU 82/84 POM_5V_CPU 615/481
RAM 1370/3964MB (lfb 8x4MB) SWAP 801/6078MB (cached 35MB) IRAM 0/252kB(lfb 252kB) CPU [6%@921,6%@921,off,off] EMC_FREQ 0%@1600 GR3D_FREQ 0%@614 APE 25 PLL@30C CPU@32C iwlwifi@32C PMIC@50C GPU@30C AO@41C thermal@31C POM_5V_IN 2054/2101 POM_5V_GPU 82/84 POM_5V_CPU 410/481
RAM 1353/3964MB (lfb 8x4MB) SWAP 801/6078MB (cached 35MB) IRAM 0/252kB(lfb 252kB) CPU [6%@921,8%@921,off,off] EMC_FREQ 0%@1600 GR3D_FREQ 0%@614 APE 25 PLL@30C CPU@32C iwlwifi@32C PMIC@50C GPU@29.5C AO@41C thermal@31C POM_5V_IN 2215/2101 POM_5V_GPU 82/84 POM_5V_CPU 574/481
RAM 1353/3964MB (lfb 8x4MB) SWAP 801/6078MB (cached 35MB) IRAM 0/252kB(lfb 252kB) CPU [6%@921,8%@921,off,off] EMC_FREQ 0%@1600 GR3D_FREQ 0%@614 APE 25 PLL@30C CPU@32C iwlwifi@32C PMIC@50C GPU@30C AO@41C thermal@30.75C POM_5V_IN 2256/2102 POM_5V_GPU 82/84 POM_5V_CPU 615/481
RAM 1353/3964MB (lfb 8x4MB) SWAP 801/6078MB (cached 35MB) IRAM 0/252kB(lfb 252kB) CPU [5%@921,9%@921,off,off] EMC_FREQ 0%@1600 GR3D_FREQ 0%@614 APE 25 PLL@30C CPU@32C iwlwifi@32C PMIC@50C GPU@30C AO@41C thermal@30.75C POM_5V_IN 2215/2102 POM_5V_GPU 82/84 POM_5V_CPU 574/482
RAM 1373/3964MB (lfb 8x4MB) SWAP 801/6078MB (cached 35MB) IRAM 0/252kB(lfb 252kB) CPU [8%@921,4%@921,off,off] EMC_FREQ 0%@1600 GR3D_FREQ 0%@614 APE 25 PLL@30C CPU@32C iwlwifi@32C PMIC@50C GPU@30C AO@41C thermal@31C POM_5V_IN 2174/2102 POM_5V_GPU 82/84 POM_5V_CPU 574/482
RAM 1353/3964MB (lfb 8x4MB) SWAP 801/6078MB (cached 35MB) IRAM 0/252kB(lfb 252kB) CPU [5%@921,10%@921,off,off] EMC_FREQ 0%@1600 GR3D_FREQ 0%@614 APE 25 PLL@29.5C CPU@32C iwlwifi@32C PMIC@50C GPU@29.5C AO@41C thermal@30.75C POM_5V_IN 1934/2102 POM_5V_GPU 82/84 POM_5V_CPU 329/481
RAM 1369/3964MB (lfb 8x4MB) SWAP 801/6078MB (cached 35MB) IRAM 0/252kB(lfb 252kB) CPU [7%@921,6%@921,off,off] EMC_FREQ 0%@1600 GR3D_FREQ 0%@614 APE 25 PLL@30C CPU@31.5C iwlwifi@32C PMIC@50C GPU@30C AO@41C thermal@31C POM_5V_IN 2174/2102 POM_5V_GPU 82/84 POM_5V_CPU 574/482
RAM 1353/3964MB (lfb 8x4MB) SWAP 801/6078MB (cached 35MB) IRAM 0/252kB(lfb 252kB) CPU [7%@921,6%@921,off,off] EMC_FREQ 0%@1600 GR3D_FREQ 0%@614 APE 25 PLL@30C CPU@32C iwlwifi@32C PMIC@50C GPU@29.5C AO@41C thermal@30.75C POM_5V_IN 1892/2101 POM_5V_GPU 82/84 POM_5V_CPU 329/481
RAM 1369/3964MB (lfb 8x4MB) SWAP 801/6078MB (cached 35MB) IRAM 0/252kB(lfb 252kB) CPU [7%@921,6%@921,off,off] EMC_FREQ 0%@1600 GR3D_FREQ 0%@614 APE 25 PLL@30C CPU@32C iwlwifi@32C PMIC@50C GPU@29.5C AO@41C thermal@30.5C POM_5V_IN 2174/2102 POM_5V_GPU 82/84 POM_5V_CPU 574/481
RAM 1370/3964MB (lfb 8x4MB) SWAP 801/6078MB (cached 35MB) IRAM 0/252kB(lfb 252kB) CPU [8%@921,6%@921,off,off] EMC_FREQ 0%@1600 GR3D_FREQ 0%@614 APE 25 PLL@30C CPU@31.5C iwlwifi@32C PMIC@50C GPU@30C AO@41.5C thermal@30.75C POM_5V_IN 1892/2101 POM_5V_GPU 82/84 POM_5V_CPU 329/481
RAM 1370/3964MB (lfb 8x4MB) SWAP 801/6078MB (cached 35MB) IRAM 0/252kB(lfb 252kB) CPU [5%@921,7%@921,off,off] EMC_FREQ 0%@1600 GR3D_FREQ 0%@614 APE 25 PLL@30C CPU@32C iwlwifi@32C PMIC@50C GPU@30C AO@41C thermal@31C POM_5V_IN 1728/2100 POM_5V_GPU 82/84 POM_5V_CPU 164/480
RAM 1370/3964MB (lfb 8x4MB) SWAP 801/6078MB (cached 35MB) IRAM 0/252kB(lfb 252kB) CPU [7%@921,6%@921,off,off] EMC_FREQ 0%@1600 GR3D_FREQ 0%@614 APE 25 PLL@30C CPU@32C iwlwifi@32C PMIC@50C GPU@30C AO@41.5C thermal@30.5C POM_5V_IN 1892/2100 POM_5V_GPU 82/84 POM_5V_CPU 329/480
RAM 1370/3964MB (lfb 8x4MB) SWAP 801/6078MB (cached 35MB) IRAM 0/252kB(lfb 252kB) CPU [7%@921,5%@921,off,off] EMC_FREQ 0%@1600 GR3D_FREQ 0%@614 APE 25 PLL@29.5C CPU@32C iwlwifi@32C PMIC@50C GPU@29.5C AO@41C thermal@30.75C POM_5V_IN 1972/2100 POM_5V_GPU 82/84 POM_5V_CPU 410/480
RAM 1368/3964MB (lfb 8x4MB) SWAP 801/6078MB (cached 35MB) IRAM 0/252kB(lfb 252kB) CPU [7%@921,8%@921,off,off] EMC_FREQ 0%@1600 GR3D_FREQ 0%@614 APE 25 PLL@30C CPU@31.5C iwlwifi@32C PMIC@50C GPU@29.5C AO@41C thermal@30.5C POM_5V_IN 2174/2100 POM_5V_GPU 82/84 POM_5V_CPU 533/480
RAM 1354/3964MB (lfb 8x4MB) SWAP 801/6078MB (cached 35MB) IRAM 0/252kB(lfb 252kB) CPU [6%@921,7%@921,off,off] EMC_FREQ 0%@1600 GR3D_FREQ 0%@614 APE 25 PLL@30C CPU@32C iwlwifi@32C PMIC@50C GPU@29.5C AO@41.5C thermal@30.5C POM_5V_IN 2174/2100 POM_5V_GPU 82/84 POM_5V_CPU 533/480
RAM 1353/3964MB (lfb 8x4MB) SWAP 801/6078MB (cached 35MB) IRAM 0/252kB(lfb 252kB) CPU [5%@921,9%@921,off,off] EMC_FREQ 0%@1600 GR3D_FREQ 0%@614 APE 25 PLL@30C CPU@32C iwlwifi@32C PMIC@50C GPU@29.5C AO@41C thermal@30.5C POM_5V_IN 2215/2100 POM_5V_GPU 82/84 POM_5V_CPU 615/481
RAM 1353/3964MB (lfb 8x4MB) SWAP 801/6078MB (cached 35MB) IRAM 0/252kB(lfb 252kB) CPU [7%@921,6%@921,off,off] EMC_FREQ 0%@1600 GR3D_FREQ 0%@614 APE 25 PLL@30C CPU@31.5C iwlwifi@32C PMIC@50C GPU@30C AO@41C thermal@30.5C POM_5V_IN 2215/2100 POM_5V_GPU 82/84 POM_5V_CPU 574/481
RAM 1372/3964MB (lfb 8x4MB) SWAP 801/6078MB (cached 35MB) IRAM 0/252kB(lfb 252kB) CPU [6%@921,6%@921,off,off] EMC_FREQ 0%@1600 GR3D_FREQ 0%@614 APE 25 PLL@29.5C CPU@31.5C iwlwifi@32C PMIC@50C GPU@30C AO@41C thermal@30.5C POM_5V_IN 2215/2101 POM_5V_GPU 82/84 POM_5V_CPU 574/481
RAM 1353/3964MB (lfb 8x4MB) SWAP 801/6078MB (cached 35MB) IRAM 0/252kB(lfb 252kB) CPU [7%@921,8%@921,off,off] EMC_FREQ 0%@1600 GR3D_FREQ 0%@614 APE 25 PLL@29.5C CPU@31.5C iwlwifi@32C PMIC@50C GPU@30C AO@41C thermal@30.75C POM_5V_IN 1934/2100 POM_5V_GPU 82/84 POM_5V_CPU 329/481
RAM 1372/3964MB (lfb 8x4MB) SWAP 801/6078MB (cached 35MB) IRAM 0/252kB(lfb 252kB) CPU [8%@921,5%@921,off,off] EMC_FREQ 0%@1600 GR3D_FREQ 0%@614 APE 25 PLL@30C CPU@31.5C iwlwifi@32C PMIC@50C GPU@29.5C AO@41.5C thermal@30.75C POM_5V_IN 2174/2100 POM_5V_GPU 82/84 POM_5V_CPU 533/481
RAM 1372/3964MB (lfb 8x4MB) SWAP 801/6078MB (cached 35MB) IRAM 0/252kB(lfb 252kB) CPU [8%@921,5%@921,off,off] EMC_FREQ 0%@1600 GR3D_FREQ 0%@614 APE 25 PLL@30C CPU@31C iwlwifi@32C PMIC@50C GPU@29.5C AO@41C thermal@30.5C POM_5V_IN 1892/2100 POM_5V_GPU 82/84 POM_5V_CPU 288/480
RAM 1370/3964MB (lfb 8x4MB) SWAP 801/6078MB (cached 35MB) IRAM 0/252kB(lfb 252kB) CPU [6%@921,7%@921,off,off] EMC_FREQ 0%@1600 GR3D_FREQ 0%@614 APE 25 PLL@30C CPU@31.5C iwlwifi@32C PMIC@50C GPU@30C AO@41C thermal@30.5C POM_5V_IN 1892/2100 POM_5V_GPU 82/84 POM_5V_CPU 329/480
RAM 1368/3964MB (lfb 8x4MB) SWAP 801/6078MB (cached 35MB) IRAM 0/252kB(lfb 252kB) CPU [9%@921,4%@921,off,off] EMC_FREQ 0%@1600 GR3D_FREQ 0%@614 APE 25 PLL@30C CPU@31.5C iwlwifi@32C PMIC@50C GPU@29.5C AO@41C thermal@30.75C POM_5V_IN 1934/2099 POM_5V_GPU 82/84 POM_5V_CPU 329/480
RAM 1369/3964MB (lfb 8x4MB) SWAP 801/6078MB (cached 35MB) IRAM 0/252kB(lfb 252kB) CPU [5%@921,8%@921,off,off] EMC_FREQ 0%@1600 GR3D_FREQ 0%@614 APE 25 PLL@29.5C CPU@31.5C iwlwifi@32C PMIC@50C GPU@30C AO@41C thermal@30.25C POM_5V_IN 1934/2099 POM_5V_GPU 82/84 POM_5V_CPU 329/479
RAM 1372/3964MB (lfb 8x4MB) SWAP 801/6078MB (cached 35MB) IRAM 0/252kB(lfb 252kB) CPU [6%@921,8%@921,off,off] EMC_FREQ 0%@1600 GR3D_FREQ 0%@614 APE 25 PLL@30C CPU@32C iwlwifi@32C PMIC@50C GPU@30C AO@41C thermal@30.5C POM_5V_IN 2136/2099 POM_5V_GPU 82/84 POM_5V_CPU 533/479
RAM 1354/3964MB (lfb 8x4MB) SWAP 801/6078MB (cached 35MB) IRAM 0/252kB(lfb 252kB) CPU [5%@921,9%@921,off,off] EMC_FREQ 0%@1600 GR3D_FREQ 0%@614 APE 25 PLL@30C CPU@32C iwlwifi@32C PMIC@50C GPU@30C AO@41C thermal@30.5C POM_5V_IN 2453/2100 POM_5V_GPU 81/84 POM_5V_CPU 695/480
RAM 1353/3964MB (lfb 8x4MB) SWAP 800/6078MB (cached 35MB) IRAM 0/252kB(lfb 252kB) CPU [6%@921,8%@921,off,off] EMC_FREQ 0%@1600 GR3D_FREQ 0%@614 APE 25 PLL@30C CPU@32C iwlwifi@32C PMIC@50C GPU@30C AO@41C thermal@31C POM_5V_IN 2215/2100 POM_5V_GPU 82/84 POM_5V_CPU 574/480
RAM 1353/3964MB (lfb 8x4MB) SWAP 800/6078MB (cached 35MB) IRAM 0/252kB(lfb 252kB) CPU [6%@921,7%@921,off,off] EMC_FREQ 0%@1600 GR3D_FREQ 0%@614 APE 25 PLL@29.5C CPU@32C iwlwifi@32C PMIC@50C GPU@29.5C AO@41C thermal@30.5C POM_5V_IN 2174/2100 POM_5V_GPU 82/84 POM_5V_CPU 533/480
RAM 1370/3964MB (lfb 8x4MB) SWAP 800/6078MB (cached 35MB) IRAM 0/252kB(lfb 252kB) CPU [7%@921,6%@921,off,off] EMC_FREQ 0%@1600 GR3D_FREQ 0%@614 APE 25 PLL@29.5C CPU@31.5C iwlwifi@32C PMIC@50C GPU@30C AO@41C thermal@30.5C POM_5V_IN 2174/2100 POM_5V_GPU 82/84 POM_5V_CPU 574/480
RAM 1353/3964MB (lfb 8x4MB) SWAP 800/6078MB (cached 35MB) IRAM 0/252kB(lfb 252kB) CPU [5%@921,8%@921,off,off] EMC_FREQ 0%@1600 GR3D_FREQ 0%@614 APE 25 PLL@30C CPU@31.5C iwlwifi@32C PMIC@50C GPU@30C AO@41C thermal@30.75C POM_5V_IN 1934/2100 POM_5V_GPU 82/84 POM_5V_CPU 329/480
RAM 1370/3964MB (lfb 8x4MB) SWAP 800/6078MB (cached 35MB) IRAM 0/252kB(lfb 252kB) CPU [5%@921,8%@921,off,off] EMC_FREQ 0%@1600 GR3D_FREQ 0%@614 APE 25 PLL@30C CPU@31.5C iwlwifi@32C PMIC@50C GPU@30C AO@41C thermal@31C POM_5V_IN 2174/2100 POM_5V_GPU 82/84 POM_5V_CPU 533/480
RAM 1370/3964MB (lfb 8x4MB) SWAP 800/6078MB (cached 35MB) IRAM 0/252kB(lfb 252kB) CPU [8%@921,5%@921,off,off] EMC_FREQ 0%@1600 GR3D_FREQ 0%@614 APE 25 PLL@30C CPU@31.5C iwlwifi@32C PMIC@50C GPU@29.5C AO@41C thermal@30.75C POM_5V_IN 1934/2100 POM_5V_GPU 82/84 POM_5V_CPU 329/480
RAM 1372/3964MB (lfb 8x4MB) SWAP 800/6078MB (cached 35MB) IRAM 0/252kB(lfb 252kB) CPU [8%@921,5%@921,off,off] EMC_FREQ 0%@1600 GR3D_FREQ 0%@614 APE 25 PLL@29.5C CPU@31.5C iwlwifi@32C PMIC@50C GPU@29.5C AO@41C thermal@30.75C POM_5V_IN 1934/2099 POM_5V_GPU 82/84 POM_5V_CPU 370/480
RAM 1370/3964MB (lfb 8x4MB) SWAP 800/6078MB (cached 35MB) IRAM 0/252kB(lfb 252kB) CPU [7%@921,7%@921,off,off] EMC_FREQ 0%@1600 GR3D_FREQ 0%@614 APE 25 PLL@30C CPU@31.5C iwlwifi@32C PMIC@50C GPU@30C AO@40.5C thermal@30.75C POM_5V_IN 2013/2099 POM_5V_GPU 82/84 POM_5V_CPU 410/480
RAM 1370/3964MB (lfb 8x4MB) SWAP 800/6078MB (cached 35MB) IRAM 0/252kB(lfb 252kB) CPU [9%@921,4%@921,off,off] EMC_FREQ 0%@1600 GR3D_FREQ 0%@614 APE 25 PLL@29.5C CPU@31.5C iwlwifi@32C PMIC@50C GPU@30C AO@40.5C thermal@30.75C POM_5V_IN 1934/2099 POM_5V_GPU 82/84 POM_5V_CPU 329/479
RAM 1372/3964MB (lfb 8x4MB) SWAP 800/6078MB (cached 35MB) IRAM 0/252kB(lfb 252kB) CPU [5%@921,8%@921,off,off] EMC_FREQ 0%@1600 GR3D_FREQ 0%@614 APE 25 PLL@29.5C CPU@31.5C iwlwifi@32C PMIC@50C GPU@30C AO@40.5C thermal@30.75C POM_5V_IN 1892/2098 POM_5V_GPU 82/84 POM_5V_CPU 329/479
RAM 1370/3964MB (lfb 8x4MB) SWAP 800/6078MB (cached 35MB) IRAM 0/252kB(lfb 252kB) CPU [6%@921,8%@921,off,off] EMC_FREQ 0%@1600 GR3D_FREQ 0%@614 APE 25 PLL@30.5C CPU@32C iwlwifi@32C PMIC@50C GPU@30C AO@40.5C thermal@30.75C POM_5V_IN 2133/2098 POM_5V_GPU 82/84 POM_5V_CPU 574/479
RAM 1353/3964MB (lfb 8x4MB) SWAP 800/6078MB (cached 35MB) IRAM 0/252kB(lfb 252kB) CPU [5%@921,8%@921,off,off] EMC_FREQ 0%@1600 GR3D_FREQ 0%@614 APE 25 PLL@30C CPU@31.5C iwlwifi@32C PMIC@50C GPU@30C AO@41C thermal@31C POM_5V_IN 2297/2099 POM_5V_GPU 81/84 POM_5V_CPU 614/479
RAM 1353/3964MB (lfb 8x4MB) SWAP 795/6078MB (cached 35MB) IRAM 0/252kB(lfb 252kB) CPU [6%@921,7%@921,off,off] EMC_FREQ 0%@1600 GR3D_FREQ 0%@614 APE 25 PLL@30C CPU@31.5C iwlwifi@32C PMIC@50C GPU@30C AO@41C thermal@31C POM_5V_IN 2174/2099 POM_5V_GPU 82/84 POM_5V_CPU 574/480
RAM 1353/3964MB (lfb 8x4MB) SWAP 795/6078MB (cached 35MB) IRAM 0/252kB(lfb 252kB) CPU [6%@921,7%@921,off,off] EMC_FREQ 0%@1600 GR3D_FREQ 0%@614 APE 25 PLL@30C CPU@31.5C iwlwifi@32C PMIC@50C GPU@30C AO@41C thermal@31C POM_5V_IN 2174/2099 POM_5V_GPU 82/84 POM_5V_CPU 533/480
RAM 1370/3964MB (lfb 8x4MB) SWAP 795/6078MB (cached 35MB) IRAM 0/252kB(lfb 252kB) CPU [6%@921,7%@921,off,off] EMC_FREQ 0%@1600 GR3D_FREQ 0%@614 APE 25 PLL@29.5C CPU@31.5C iwlwifi@32C PMIC@50C GPU@30C AO@41C thermal@30.75C POM_5V_IN 2174/2099 POM_5V_GPU 82/84 POM_5V_CPU 574/480
RAM 1353/3964MB (lfb 8x4MB) SWAP 795/6078MB (cached 35MB) IRAM 0/252kB(lfb 252kB) CPU [6%@921,8%@921,off,off] EMC_FREQ 0%@1600 GR3D_FREQ 0%@614 APE 25 PLL@29.5C CPU@31.5C iwlwifi@32C PMIC@50C GPU@29.5C AO@40.5C thermal@30.5C POM_5V_IN 1934/2099 POM_5V_GPU 82/84 POM_5V_CPU 329/480
RAM 1370/3964MB (lfb 8x4MB) SWAP 795/6078MB (cached 35MB) IRAM 0/252kB(lfb 252kB) CPU [6%@921,7%@921,off,off] EMC_FREQ 0%@1600 GR3D_FREQ 0%@614 APE 25 PLL@30C CPU@31.5C iwlwifi@32C PMIC@50C GPU@30C AO@41C thermal@30.75C POM_5V_IN 2174/2099 POM_5V_GPU 82/84 POM_5V_CPU 574/480
RAM 1372/3964MB (lfb 8x4MB) SWAP 795/6078MB (cached 35MB) IRAM 0/252kB(lfb 252kB) CPU [8%@921,5%@921,off,off] EMC_FREQ 0%@1600 GR3D_FREQ 0%@614 APE 25 PLL@30C CPU@31.5C iwlwifi@32C PMIC@50C GPU@29.5C AO@41C thermal@30.75C POM_5V_IN 1934/2099 POM_5V_GPU 82/84 POM_5V_CPU 329/479
RAM 1372/3964MB (lfb 8x4MB) SWAP 795/6078MB (cached 35MB) IRAM 0/252kB(lfb 252kB) CPU [5%@921,8%@921,off,off] EMC_FREQ 0%@1600 GR3D_FREQ 0%@614 APE 25 PLL@30C CPU@31.5C iwlwifi@32C PMIC@50C GPU@30.5C AO@41C thermal@30.75C POM_5V_IN 1934/2098 POM_5V_GPU 82/84 POM_5V_CPU 329/479
RAM 1372/3964MB (lfb 8x4MB) SWAP 795/6078MB (cached 35MB) IRAM 0/252kB(lfb 252kB) CPU [8%@921,5%@921,off,off] EMC_FREQ 0%@1600 GR3D_FREQ 0%@614 APE 25 PLL@30C CPU@31.5C iwlwifi@32C PMIC@50C GPU@29.5C AO@41C thermal@30.5C POM_5V_IN 1934/2098 POM_5V_GPU 82/84 POM_5V_CPU 370/479
RAM 1368/3964MB (lfb 8x4MB) SWAP 795/6078MB (cached 35MB) IRAM 0/252kB(lfb 252kB) CPU [7%@921,6%@921,off,off] EMC_FREQ 0%@1600 GR3D_FREQ 0%@614 APE 25 PLL@29.5C CPU@31.5C iwlwifi@32C PMIC@50C GPU@30C AO@41C thermal@30.5C POM_5V_IN 1975/2098 POM_5V_GPU 82/84 POM_5V_CPU 369/479
RAM 1354/3964MB (lfb 8x4MB) SWAP 795/6078MB (cached 35MB) IRAM 0/252kB(lfb 252kB) CPU [8%@921,6%@921,off,off] EMC_FREQ 0%@1600 GR3D_FREQ 0%@614 APE 25 PLL@30C CPU@31.5C iwlwifi@32C PMIC@50C GPU@30C AO@41C thermal@30.75C POM_5V_IN 2215/2098 POM_5V_GPU 82/84 POM_5V_CPU 574/479
RAM 1368/3964MB (lfb 8x4MB) SWAP 795/6078MB (cached 35MB) IRAM 0/252kB(lfb 252kB) CPU [3%@921,10%@921,off,off] EMC_FREQ 0%@1600 GR3D_FREQ 0%@614 APE 25 PLL@30C CPU@31.5C iwlwifi@32C PMIC@50C GPU@30C AO@40.5C thermal@30.75C POM_5V_IN 2215/2098 POM_5V_GPU 82/84 POM_5V_CPU 615/479
RAM 1353/3964MB (lfb 8x4MB) SWAP 795/6078MB (cached 35MB) IRAM 0/252kB(lfb 252kB) CPU [7%@921,6%@921,off,off] EMC_FREQ 0%@1600 GR3D_FREQ 0%@614 APE 25 PLL@30C CPU@31.5C iwlwifi@32C PMIC@50C GPU@30C AO@41C thermal@30.75C POM_5V_IN 2054/2098 POM_5V_GPU 82/84 POM_5V_CPU 451/479
RAM 1354/3964MB (lfb 8x4MB) SWAP 795/6078MB (cached 35MB) IRAM 0/252kB(lfb 252kB) CPU [9%@921,6%@921,off,off] EMC_FREQ 0%@1600 GR3D_FREQ 0%@614 APE 25 PLL@30C CPU@32C iwlwifi@32C PMIC@50C GPU@30C AO@41C thermal@30.5C POM_5V_IN 2174/2098 POM_5V_GPU 82/84 POM_5V_CPU 574/479
RAM 1372/3964MB (lfb 8x4MB) SWAP 795/6078MB (cached 35MB) IRAM 0/252kB(lfb 252kB) CPU [4%@921,8%@921,off,off] EMC_FREQ 0%@1600 GR3D_FREQ 0%@614 APE 25 PLL@30C CPU@31.5C iwlwifi@32C PMIC@50C GPU@29.5C AO@40.5C thermal@30.5C POM_5V_IN 2174/2099 POM_5V_GPU 82/84 POM_5V_CPU 533/479
RAM 1354/3964MB (lfb 8x4MB) SWAP 795/6078MB (cached 35MB) IRAM 0/252kB(lfb 252kB) CPU [5%@921,9%@921,off,off] EMC_FREQ 0%@1600 GR3D_FREQ 0%@614 APE 25 PLL@30C CPU@31.5C iwlwifi@32C PMIC@50C GPU@30C AO@41C thermal@30.75C POM_5V_IN 1934/2098 POM_5V_GPU 82/84 POM_5V_CPU 329/479
RAM 1368/3964MB (lfb 8x4MB) SWAP 795/6078MB (cached 35MB) IRAM 0/252kB(lfb 252kB) CPU [6%@921,6%@921,off,off] EMC_FREQ 0%@1600 GR3D_FREQ 0%@614 APE 25 PLL@30C CPU@31.5C iwlwifi@32C PMIC@50C GPU@30C AO@41C thermal@30.5C POM_5V_IN 2256/2099 POM_5V_GPU 82/84 POM_5V_CPU 573/479
RAM 1370/3964MB (lfb 8x4MB) SWAP 795/6078MB (cached 35MB) IRAM 0/252kB(lfb 252kB) CPU [7%@921,6%@921,off,off] EMC_FREQ 0%@1600 GR3D_FREQ 0%@614 APE 25 PLL@29.5C CPU@31.5C iwlwifi@32C PMIC@50C GPU@30C AO@41C thermal@30.5C POM_5V_IN 1892/2098 POM_5V_GPU 82/84 POM_5V_CPU 329/479
RAM 1368/3964MB (lfb 8x4MB) SWAP 795/6078MB (cached 35MB) IRAM 0/252kB(lfb 252kB) CPU [5%@921,8%@921,off,off] EMC_FREQ 0%@1600 GR3D_FREQ 0%@614 APE 25 PLL@30C CPU@31.5C iwlwifi@32C PMIC@50C GPU@30C AO@41C thermal@30.75C POM_5V_IN 1934/2098 POM_5V_GPU 82/84 POM_5V_CPU 329/479
RAM 1372/3964MB (lfb 8x4MB) SWAP 795/6078MB (cached 35MB) IRAM 0/252kB(lfb 252kB) CPU [8%@921,6%@921,off,off] EMC_FREQ 0%@1600 GR3D_FREQ 0%@614 APE 25 PLL@29.5C CPU@31.5C iwlwifi@32C PMIC@50C GPU@30C AO@41C thermal@30.5C POM_5V_IN 1851/2097 POM_5V_GPU 82/84 POM_5V_CPU 288/478
RAM 1372/3964MB (lfb 8x4MB) SWAP 795/6078MB (cached 35MB) IRAM 0/252kB(lfb 252kB) CPU [7%@921,6%@921,off,off] EMC_FREQ 0%@1600 GR3D_FREQ 0%@614 APE 25 PLL@30C CPU@31.5C iwlwifi@32C PMIC@50C GPU@29.5C AO@41C thermal@30.75C POM_5V_IN 1975/2097 POM_5V_GPU 82/84 POM_5V_CPU 369/478
RAM 1370/3964MB (lfb 8x4MB) SWAP 795/6078MB (cached 35MB) IRAM 0/252kB(lfb 252kB) CPU [8%@921,5%@921,off,off] EMC_FREQ 0%@1600 GR3D_FREQ 0%@614 APE 25 PLL@29.5C CPU@31.5C iwlwifi@32C PMIC@50C GPU@29.5C AO@41C thermal@30.25C POM_5V_IN 2013/2097 POM_5V_GPU 82/84 POM_5V_CPU 451/478
RAM 1368/3964MB (lfb 8x4MB) SWAP 795/6078MB (cached 35MB) IRAM 0/252kB(lfb 252kB) CPU [7%@921,6%@921,off,off] EMC_FREQ 0%@1600 GR3D_FREQ 0%@614 APE 25 PLL@30C CPU@31.5C iwlwifi@32C PMIC@50C GPU@30C AO@41C thermal@30.75C POM_5V_IN 2297/2097 POM_5V_GPU 82/84 POM_5V_CPU 615/478
RAM 1353/3964MB (lfb 8x4MB) SWAP 795/6078MB (cached 35MB) IRAM 0/252kB(lfb 252kB) CPU [5%@921,9%@921,off,off] EMC_FREQ 0%@1600 GR3D_FREQ 0%@614 APE 25 PLL@30C CPU@31.5C iwlwifi@32C PMIC@50C GPU@29.5C AO@41C thermal@30.75C POM_5V_IN 2256/2098 POM_5V_GPU 82/84 POM_5V_CPU 614/479
RAM 1354/3964MB (lfb 8x4MB) SWAP 795/6078MB (cached 35MB) IRAM 0/252kB(lfb 252kB) CPU [6%@921,7%@921,off,off] EMC_FREQ 0%@1600 GR3D_FREQ 0%@614 APE 25 PLL@29.5C CPU@31.5C iwlwifi@32C PMIC@50C GPU@29.5C AO@40.5C thermal@30.25C POM_5V_IN 2215/2098 POM_5V_GPU 82/84 POM_5V_CPU 574/479
RAM 1372/3964MB (lfb 8x4MB) SWAP 795/6078MB (cached 35MB) IRAM 0/252kB(lfb 252kB) CPU [4%@921,8%@921,off,off] EMC_FREQ 0%@1600 GR3D_FREQ 0%@614 APE 25 PLL@29.5C CPU@31.5C iwlwifi@32C PMIC@50C GPU@30C AO@41C thermal@30.75C POM_5V_IN 2215/2098 POM_5V_GPU 82/84 POM_5V_CPU 574/479
RAM 1354/3964MB (lfb 8x4MB) SWAP 795/6078MB (cached 35MB) IRAM 0/252kB(lfb 252kB) CPU [7%@921,7%@921,off,off] EMC_FREQ 0%@1600 GR3D_FREQ 0%@614 APE 25 PLL@29.5C CPU@31.5C iwlwifi@32C PMIC@50C GPU@29.5C AO@41.5C thermal@30.5C POM_5V_IN 1975/2098 POM_5V_GPU 82/84 POM_5V_CPU 369/479
RAM 1368/3964MB (lfb 8x4MB) SWAP 795/6078MB (cached 35MB) IRAM 0/252kB(lfb 252kB) CPU [8%@921,4%@921,off,off] EMC_FREQ 0%@1600 GR3D_FREQ 0%@614 APE 25 PLL@29.5C CPU@31.5C iwlwifi@32C PMIC@50C GPU@30C AO@40.5C thermal@30.5C POM_5V_IN 2174/2098 POM_5V_GPU 82/84 POM_5V_CPU 574/479
RAM 1370/3964MB (lfb 8x4MB) SWAP 795/6078MB (cached 35MB) IRAM 0/252kB(lfb 252kB) CPU [7%@921,7%@921,off,off] EMC_FREQ 0%@1600 GR3D_FREQ 0%@614 APE 25 PLL@30C CPU@31.5C iwlwifi@32C PMIC@50C GPU@29.5C AO@40.5C thermal@30.25C POM_5V_IN 2136/2098 POM_5V_GPU 82/84 POM_5V_CPU 328/479
RAM 1370/3964MB (lfb 8x4MB) SWAP 795/6078MB (cached 35MB) IRAM 0/252kB(lfb 252kB) CPU [8%@921,5%@921,off,off] EMC_FREQ 0%@1600 GR3D_FREQ 0%@614 APE 25 PLL@30C CPU@31C iwlwifi@32C PMIC@50C GPU@29.5C AO@41C thermal@30.25C POM_5V_IN 1972/2098 POM_5V_GPU 82/84 POM_5V_CPU 410/478
RAM 1370/3964MB (lfb 8x4MB) SWAP 795/6078MB (cached 35MB) IRAM 0/252kB(lfb 252kB) CPU [8%@921,5%@921,off,off] EMC_FREQ 0%@1600 GR3D_FREQ 0%@614 APE 25 PLL@29.5C CPU@31.5C iwlwifi@32C PMIC@50C GPU@30C AO@40.5C thermal@30.75C POM_5V_IN 1934/2098 POM_5V_GPU 82/84 POM_5V_CPU 329/478
RAM 1372/3964MB (lfb 8x4MB) SWAP 795/6078MB (cached 35MB) IRAM 0/252kB(lfb 252kB) CPU [8%@921,6%@921,off,off] EMC_FREQ 0%@1600 GR3D_FREQ 0%@614 APE 25 PLL@29C CPU@31.5C iwlwifi@32C PMIC@50C GPU@30C AO@40.5C thermal@30.25C POM_5V_IN 2133/2098 POM_5V_GPU 82/84 POM_5V_CPU 574/478
RAM 1368/3964MB (lfb 8x4MB) SWAP 795/6078MB (cached 35MB) IRAM 0/252kB(lfb 252kB) CPU [7%@921,6%@921,off,off] EMC_FREQ 0%@1600 GR3D_FREQ 0%@614 APE 25 PLL@30C CPU@31.5C iwlwifi@32C PMIC@50C GPU@30C AO@41C thermal@30.25C POM_5V_IN 1892/2097 POM_5V_GPU 82/84 POM_5V_CPU 329/478
RAM 1361/3964MB (lfb 8x4MB) SWAP 795/6078MB (cached 35MB) IRAM 0/252kB(lfb 252kB) CPU [7%@921,6%@921,off,off] EMC_FREQ 0%@1600 GR3D_FREQ 0%@614 APE 25 PLL@29.5C CPU@31C iwlwifi@32C PMIC@50C GPU@29.5C AO@41C thermal@30.5C POM_5V_IN 2136/2097 POM_5V_GPU 82/84 POM_5V_CPU 533/478
RAM 1353/3964MB (lfb 8x4MB) SWAP 795/6078MB (cached 35MB) IRAM 0/252kB(lfb 252kB) CPU [7%@921,7%@921,off,off] EMC_FREQ 0%@1600 GR3D_FREQ 0%@614 APE 25 PLL@30C CPU@31.5C iwlwifi@32C PMIC@50C GPU@29.5C AO@41C thermal@30.75C POM_5V_IN 2256/2098 POM_5V_GPU 82/84 POM_5V_CPU 574/478
RAM 1354/3964MB (lfb 8x4MB) SWAP 795/6078MB (cached 35MB) IRAM 0/252kB(lfb 252kB) CPU [5%@921,8%@921,off,off] EMC_FREQ 0%@1600 GR3D_FREQ 0%@614 APE 25 PLL@30C CPU@31.5C iwlwifi@32C PMIC@50C GPU@30C AO@40.5C thermal@30.5C POM_5V_IN 2215/2098 POM_5V_GPU 82/84 POM_5V_CPU 574/479
RAM 1354/3964MB (lfb 8x4MB) SWAP 795/6078MB (cached 35MB) IRAM 0/252kB(lfb 252kB) CPU [5%@921,8%@921,off,off] EMC_FREQ 0%@1600 GR3D_FREQ 0%@614 APE 25 PLL@30C CPU@31.5C iwlwifi@32C PMIC@50C GPU@30C AO@40.5C thermal@30.75C POM_5V_IN 2174/2098 POM_5V_GPU 82/84 POM_5V_CPU 533/479
RAM 1372/3964MB (lfb 8x4MB) SWAP 795/6078MB (cached 35MB) IRAM 0/252kB(lfb 252kB) CPU [7%@921,5%@921,off,off] EMC_FREQ 0%@1600 GR3D_FREQ 0%@614 APE 25 PLL@29.5C CPU@31.5C iwlwifi@32C PMIC@50C GPU@30C AO@41C thermal@30.75C POM_5V_IN 2174/2098 POM_5V_GPU 82/84 POM_5V_CPU 574/479
RAM 1354/3964MB (lfb 8x4MB) SWAP 795/6078MB (cached 35MB) IRAM 0/252kB(lfb 252kB) CPU [8%@921,7%@921,off,off] EMC_FREQ 0%@1600 GR3D_FREQ 0%@614 APE 25 PLL@29.5C CPU@31.5C iwlwifi@32C PMIC@50C GPU@30C AO@41C thermal@30.5C POM_5V_IN 1892/2098 POM_5V_GPU 82/84 POM_5V_CPU 329/479
RAM 1368/3964MB (lfb 8x4MB) SWAP 795/6078MB (cached 35MB) IRAM 0/252kB(lfb 252kB) CPU [6%@921,7%@921,off,off] EMC_FREQ 0%@1600 GR3D_FREQ 0%@614 APE 25 PLL@29.5C CPU@31.5C iwlwifi@32C PMIC@50C GPU@30C AO@41C thermal@30.75C POM_5V_IN 2215/2098 POM_5V_GPU 82/84 POM_5V_CPU 574/479
RAM 1386/3964MB (lfb 8x4MB) SWAP 795/6078MB (cached 35MB) IRAM 0/252kB(lfb 252kB) CPU [9%@921,10%@921,off,off] EMC_FREQ 0%@1600 GR3D_FREQ 0%@614 APE 25 PLL@29.5C CPU@31.5C iwlwifi@32C PMIC@50C GPU@29.5C AO@41C thermal@30.5C POM_5V_IN 1892/2098 POM_5V_GPU 82/84 POM_5V_CPU 329/478
RAM 1354/3964MB (lfb 8x4MB) SWAP 795/6078MB (cached 35MB) IRAM 0/252kB(lfb 252kB) CPU [9%@921,7%@921,off,off] EMC_FREQ 0%@1600 GR3D_FREQ 0%@614 APE 25 PLL@29.5C CPU@31.5C iwlwifi@32C PMIC@50C GPU@30C AO@40.5C thermal@30.75C POM_5V_IN 2170/2098 POM_5V_GPU 81/84 POM_5V_CPU 532/479
RAM 1368/3964MB (lfb 8x4MB) SWAP 795/6078MB (cached 35MB) IRAM 0/252kB(lfb 252kB) CPU [6%@921,6%@921,off,off] EMC_FREQ 0%@1600 GR3D_FREQ 0%@614 APE 25 PLL@29.5C CPU@31.5C iwlwifi@32C PMIC@50C GPU@30C AO@40.5C thermal@30.75C POM_5V_IN 2174/2098 POM_5V_GPU 82/84 POM_5V_CPU 533/479
RAM 1354/3964MB (lfb 8x4MB) SWAP 795/6078MB (cached 35MB) IRAM 0/252kB(lfb 252kB) CPU [8%@921,6%@921,off,off] EMC_FREQ 0%@1600 GR3D_FREQ 0%@614 APE 25 PLL@29.5C CPU@31.5C iwlwifi@32C PMIC@50C GPU@30C AO@41C thermal@30.75C POM_5V_IN 1892/2097 POM_5V_GPU 82/84 POM_5V_CPU 329/478
RAM 1368/3964MB (lfb 8x4MB) SWAP 795/6078MB (cached 35MB) IRAM 0/252kB(lfb 252kB) CPU [6%@921,6%@921,off,off] EMC_FREQ 0%@1600 GR3D_FREQ 0%@614 APE 25 PLL@29.5C CPU@31.5C iwlwifi@32C PMIC@50C GPU@30C AO@41C thermal@30.5C POM_5V_IN 2174/2098 POM_5V_GPU 82/84 POM_5V_CPU 533/478
RAM 1368/3964MB (lfb 8x4MB) SWAP 795/6078MB (cached 35MB) IRAM 0/252kB(lfb 252kB) CPU [9%@921,5%@921,off,off] EMC_FREQ 0%@1600 GR3D_FREQ 0%@614 APE 25 PLL@29.5C CPU@31C iwlwifi@32C PMIC@50C GPU@29.5C AO@40.5C thermal@30.25C POM_5V_IN 1934/2097 POM_5V_GPU 82/84 POM_5V_CPU 329/478
RAM 1372/3964MB (lfb 8x4MB) SWAP 795/6078MB (cached 35MB) IRAM 0/252kB(lfb 252kB) CPU [7%@921,6%@921,off,off] EMC_FREQ 0%@1600 GR3D_FREQ 0%@614 APE 25 PLL@30C CPU@31.5C iwlwifi@32C PMIC@50C GPU@30C AO@41C thermal@30.75C POM_5V_IN 1975/2097 POM_5V_GPU 82/84 POM_5V_CPU 369/478
RAM 1372/3964MB (lfb 8x4MB) SWAP 795/6078MB (cached 35MB) IRAM 0/252kB(lfb 252kB) CPU [6%@921,8%@921,off,off] EMC_FREQ 0%@1600 GR3D_FREQ 0%@614 APE 25 PLL@30C CPU@31.5C iwlwifi@32C PMIC@50C GPU@30C AO@41C thermal@30.5C POM_5V_IN 2013/2097 POM_5V_GPU 82/84 POM_5V_CPU 410/478
RAM 1370/3964MB (lfb 8x4MB) SWAP 795/6078MB (cached 35MB) IRAM 0/252kB(lfb 252kB) CPU [7%@921,7%@921,off,off] EMC_FREQ 0%@1600 GR3D_FREQ 0%@614 APE 25 PLL@29.5C CPU@31.5C iwlwifi@32C PMIC@50C GPU@30C AO@41C thermal@30.75C POM_5V_IN 1892/2096 POM_5V_GPU 82/84 POM_5V_CPU 329/478
RAM 1370/3964MB (lfb 8x4MB) SWAP 795/6078MB (cached 35MB) IRAM 0/252kB(lfb 252kB) CPU [7%@921,7%@921,off,off] EMC_FREQ 0%@1600 GR3D_FREQ 0%@614 APE 25 PLL@30C CPU@31.5C iwlwifi@32C PMIC@50C GPU@29.5C AO@41.5C thermal@30.5C POM_5V_IN 2174/2097 POM_5V_GPU 82/84 POM_5V_CPU 492/478
RAM 1386/3964MB (lfb 8x4MB) SWAP 795/6078MB (cached 35MB) IRAM 0/252kB(lfb 252kB) CPU [5%@921,10%@921,off,off] EMC_FREQ 0%@1600 GR3D_FREQ 0%@614 APE 25 PLL@30C CPU@31.5C iwlwifi@32C PMIC@50C GPU@30C AO@40.5C thermal@30.75C POM_5V_IN 2256/2097 POM_5V_GPU 82/84 POM_5V_CPU 614/478
RAM 1373/3964MB (lfb 8x4MB) SWAP 795/6078MB (cached 35MB) IRAM 0/252kB(lfb 252kB) CPU [8%@921,9%@921,off,off] EMC_FREQ 0%@1600 GR3D_FREQ 0%@614 APE 25 PLL@29.5C CPU@31.5C iwlwifi@32C PMIC@50C GPU@30C AO@41C thermal@30.5C POM_5V_IN 1934/2097 POM_5V_GPU 82/84 POM_5V_CPU 329/478
RAM 1370/3964MB (lfb 8x4MB) SWAP 795/6078MB (cached 35MB) IRAM 0/252kB(lfb 252kB) CPU [4%@921,9%@921,off,off] EMC_FREQ 0%@1600 GR3D_FREQ 0%@614 APE 25 PLL@29.5C CPU@31.5C iwlwifi@32C PMIC@50C GPU@30C AO@41C thermal@31C POM_5V_IN 1975/2096 POM_5V_GPU 82/84 POM_5V_CPU 369/477
RAM 1371/3964MB (lfb 8x4MB) SWAP 795/6078MB (cached 35MB) IRAM 0/252kB(lfb 252kB) CPU [6%@921,7%@921,off,off] EMC_FREQ 0%@1600 GR3D_FREQ 0%@614 APE 25 PLL@29.5C CPU@31.5C iwlwifi@32C PMIC@50C GPU@30C AO@41C thermal@30.75C POM_5V_IN 1934/2096 POM_5V_GPU 82/84 POM_5V_CPU 329/477
RAM 1372/3964MB (lfb 8x4MB) SWAP 795/6078MB (cached 35MB) IRAM 0/252kB(lfb 252kB) CPU [5%@921,8%@921,off,off] EMC_FREQ 0%@1600 GR3D_FREQ 0%@614 APE 25 PLL@29.5C CPU@32C iwlwifi@32C PMIC@50C GPU@30C AO@41C thermal@30.75C POM_5V_IN 2013/2096 POM_5V_GPU 82/84 POM_5V_CPU 410/477
RAM 1371/3964MB (lfb 8x4MB) SWAP 795/6078MB (cached 35MB) IRAM 0/252kB(lfb 252kB) CPU [6%@921,6%@921,off,off] EMC_FREQ 0%@1600 GR3D_FREQ 0%@614 APE 25 PLL@30C CPU@31.5C iwlwifi@32C PMIC@50C GPU@29.5C AO@41C thermal@30.5C POM_5V_IN 1892/2096 POM_5V_GPU 82/84 POM_5V_CPU 288/477
RAM 1354/3964MB (lfb 8x4MB) SWAP 795/6078MB (cached 35MB) IRAM 0/252kB(lfb 252kB) CPU [7%@921,8%@921,off,off] EMC_FREQ 0%@1600 GR3D_FREQ 0%@614 APE 25 PLL@29.5C CPU@32C iwlwifi@32C PMIC@50C GPU@30C AO@41C thermal@30.5C POM_5V_IN 2174/2096 POM_5V_GPU 82/84 POM_5V_CPU 574/477
RAM 1354/3964MB (lfb 8x4MB) SWAP 795/6078MB (cached 35MB) IRAM 0/252kB(lfb 252kB) CPU [8%@921,5%@921,off,off] EMC_FREQ 0%@1600 GR3D_FREQ 0%@614 APE 25 PLL@29.5C CPU@32C iwlwifi@32C PMIC@50C GPU@30C AO@41C thermal@30.5C POM_5V_IN 2215/2096 POM_5V_GPU 82/84 POM_5V_CPU 574/477
RAM 1354/3964MB (lfb 8x4MB) SWAP 795/6078MB (cached 35MB) IRAM 0/252kB(lfb 252kB) CPU [10%@921,4%@921,off,off] EMC_FREQ 0%@1600 GR3D_FREQ 0%@614 APE 25 PLL@29.5C CPU@31.5C iwlwifi@32C PMIC@50C GPU@30C AO@41C thermal@30.75C POM_5V_IN 2174/2096 POM_5V_GPU 82/84 POM_5V_CPU 574/477
RAM 1354/3964MB (lfb 8x4MB) SWAP 795/6078MB (cached 35MB) IRAM 0/252kB(lfb 252kB) CPU [7%@921,6%@921,off,off] EMC_FREQ 0%@1600 GR3D_FREQ 0%@614 APE 25 PLL@30C CPU@31.5C iwlwifi@32C PMIC@50C GPU@29.5C AO@41C thermal@30.75C POM_5V_IN 2170/2096 POM_5V_GPU 81/84 POM_5V_CPU 532/477
RAM 1373/3964MB (lfb 8x4MB) SWAP 795/6078MB (cached 35MB) IRAM 0/252kB(lfb 252kB) CPU [7%@921,7%@921,off,off] EMC_FREQ 0%@1600 GR3D_FREQ 0%@614 APE 25 PLL@30C CPU@31.5C iwlwifi@32C PMIC@50C GPU@30C AO@40.5C thermal@30.5C POM_5V_IN 2215/2096 POM_5V_GPU 82/84 POM_5V_CPU 574/477
RAM 1353/3964MB (lfb 8x4MB) SWAP 795/6078MB (cached 35MB) IRAM 0/252kB(lfb 252kB) CPU [6%@921,7%@921,off,off] EMC_FREQ 0%@1600 GR3D_FREQ 0%@614 APE 25 PLL@30C CPU@31.5C iwlwifi@32C PMIC@50C GPU@29.5C AO@41C thermal@30.5C POM_5V_IN 1892/2096 POM_5V_GPU 82/84 POM_5V_CPU 329/477
RAM 1372/3964MB (lfb 8x4MB) SWAP 795/6078MB (cached 35MB) IRAM 0/252kB(lfb 252kB) CPU [7%@921,7%@921,off,off] EMC_FREQ 0%@1600 GR3D_FREQ 0%@614 APE 25 PLL@30C CPU@31.5C iwlwifi@32C PMIC@50C GPU@30C AO@41.5C thermal@30.5C POM_5V_IN 2174/2096 POM_5V_GPU 82/84 POM_5V_CPU 574/477
RAM 1372/3964MB (lfb 8x4MB) SWAP 795/6078MB (cached 35MB) IRAM 0/252kB(lfb 252kB) CPU [5%@921,8%@921,off,off] EMC_FREQ 0%@1600 GR3D_FREQ 0%@614 APE 25 PLL@30C CPU@31.5C iwlwifi@32C PMIC@50C GPU@30C AO@41C thermal@31C POM_5V_IN 1934/2096 POM_5V_GPU 82/84 POM_5V_CPU 329/477
RAM 1372/3964MB (lfb 8x4MB) SWAP 795/6078MB (cached 35MB) IRAM 0/252kB(lfb 252kB) CPU [6%@921,8%@921,off,off] EMC_FREQ 0%@1600 GR3D_FREQ 0%@614 APE 25 PLL@29.5C CPU@32C iwlwifi@32C PMIC@50C GPU@29.5C AO@41C thermal@30.5C POM_5V_IN 1934/2096 POM_5V_GPU 82/84 POM_5V_CPU 329/477
RAM 1370/3964MB (lfb 8x4MB) SWAP 795/6078MB (cached 35MB) IRAM 0/252kB(lfb 252kB) CPU [5%@921,8%@921,off,off] EMC_FREQ 0%@1600 GR3D_FREQ 0%@614 APE 25 PLL@30C CPU@32C iwlwifi@32C PMIC@50C GPU@29.5C AO@41C thermal@30.5C POM_5V_IN 1892/2095 POM_5V_GPU 82/84 POM_5V_CPU 329/477
RAM 1372/3964MB (lfb 8x4MB) SWAP 795/6078MB (cached 35MB) IRAM 0/252kB(lfb 252kB) CPU [8%@921,6%@921,off,off] EMC_FREQ 0%@1600 GR3D_FREQ 0%@614 APE 25 PLL@29.5C CPU@31.5C iwlwifi@32C PMIC@50C GPU@29.5C AO@41C thermal@30.5C POM_5V_IN 1934/2095 POM_5V_GPU 82/84 POM_5V_CPU 370/476
RAM 1368/3964MB (lfb 8x4MB) SWAP 795/6078MB (cached 35MB) IRAM 0/252kB(lfb 252kB) CPU [6%@921,7%@921,off,off] EMC_FREQ 0%@1600 GR3D_FREQ 0%@614 APE 25 PLL@30C CPU@31.5C iwlwifi@32C PMIC@50C GPU@29.5C AO@40.5C thermal@30.5C POM_5V_IN 1934/2095 POM_5V_GPU 82/84 POM_5V_CPU 329/476
RAM 1370/3964MB (lfb 8x4MB) SWAP 795/6078MB (cached 35MB) IRAM 0/252kB(lfb 252kB) CPU [7%@921,6%@921,off,off] EMC_FREQ 0%@1600 GR3D_FREQ 0%@614 APE 25 PLL@29.5C CPU@31.5C iwlwifi@32C PMIC@50C GPU@30C AO@41C thermal@30.75C POM_5V_IN 1934/2094 POM_5V_GPU 82/84 POM_5V_CPU 329/476
RAM 1372/3964MB (lfb 8x4MB) SWAP 795/6078MB (cached 35MB) IRAM 0/252kB(lfb 252kB) CPU [5%@921,8%@921,off,off] EMC_FREQ 0%@1600 GR3D_FREQ 0%@614 APE 25 PLL@30C CPU@31.5C iwlwifi@32C PMIC@50C GPU@30C AO@41C thermal@30.5C POM_5V_IN 1934/2094 POM_5V_GPU 82/84 POM_5V_CPU 329/476
RAM 1370/3964MB (lfb 8x4MB) SWAP 795/6078MB (cached 35MB) IRAM 0/252kB(lfb 252kB) CPU [8%@921,5%@921,off,off] EMC_FREQ 0%@1600 GR3D_FREQ 0%@614 APE 25 PLL@29.5C CPU@31C iwlwifi@32C PMIC@50C GPU@29.5C AO@41C thermal@30.5C POM_5V_IN 1934/2094 POM_5V_GPU 82/84 POM_5V_CPU 329/475
RAM 1354/3964MB (lfb 8x4MB) SWAP 795/6078MB (cached 35MB) IRAM 0/252kB(lfb 252kB) CPU [7%@921,7%@921,off,off] EMC_FREQ 0%@1600 GR3D_FREQ 0%@614 APE 25 PLL@29.5C CPU@31.5C iwlwifi@32C PMIC@50C GPU@29.5C AO@41C thermal@30.5C POM_5V_IN 2054/2094 POM_5V_GPU 82/84 POM_5V_CPU 369/475
RAM 1353/3964MB (lfb 8x4MB) SWAP 795/6078MB (cached 35MB) IRAM 0/252kB(lfb 252kB) CPU [5%@921,8%@921,off,off] EMC_FREQ 0%@1600 GR3D_FREQ 0%@614 APE 25 PLL@30C CPU@31.5C iwlwifi@32C PMIC@50C GPU@29.5C AO@41C thermal@30.5C POM_5V_IN 2215/2094 POM_5V_GPU 82/84 POM_5V_CPU 615/475
RAM 1354/3964MB (lfb 8x4MB) SWAP 795/6078MB (cached 35MB) IRAM 0/252kB(lfb 252kB) CPU [8%@921,6%@921,off,off] EMC_FREQ 0%@1600 GR3D_FREQ 0%@614 APE 25 PLL@29.5C CPU@31.5C iwlwifi@32C PMIC@50C GPU@30C AO@41C thermal@30.25C POM_5V_IN 2174/2094 POM_5V_GPU 82/84 POM_5V_CPU 574/476
RAM 1353/3964MB (lfb 8x4MB) SWAP 795/6078MB (cached 35MB) IRAM 0/252kB(lfb 252kB) CPU [6%@921,7%@921,off,off] EMC_FREQ 0%@1600 GR3D_FREQ 0%@614 APE 25 PLL@30C CPU@31C iwlwifi@32C PMIC@50C GPU@30.5C AO@41.5C thermal@30.5C POM_5V_IN 2174/2094 POM_5V_GPU 82/84 POM_5V_CPU 574/476
RAM 1371/3964MB (lfb 8x4MB) SWAP 795/6078MB (cached 35MB) IRAM 0/252kB(lfb 252kB) CPU [7%@921,6%@921,off,off] EMC_FREQ 0%@1600 GR3D_FREQ 0%@614 APE 25 PLL@29.5C CPU@31.5C iwlwifi@32C PMIC@50C GPU@30C AO@41C thermal@30.5C POM_5V_IN 2174/2094 POM_5V_GPU 82/84 POM_5V_CPU 533/476
RAM 1354/3964MB (lfb 8x4MB) SWAP 795/6078MB (cached 35MB) IRAM 0/252kB(lfb 252kB) CPU [5%@921,9%@921,off,off] EMC_FREQ 0%@1600 GR3D_FREQ 0%@614 APE 25 PLL@29.5C CPU@31C iwlwifi@32C PMIC@50C GPU@29.5C AO@41C thermal@30.25C POM_5V_IN 1892/2094 POM_5V_GPU 82/84 POM_5V_CPU 288/476
RAM 1370/3964MB (lfb 8x4MB) SWAP 795/6078MB (cached 35MB) IRAM 0/252kB(lfb 252kB) CPU [7%@921,6%@921,off,off] EMC_FREQ 0%@1600 GR3D_FREQ 0%@614 APE 25 PLL@29.5C CPU@31.5C iwlwifi@32C PMIC@50C GPU@29.5C AO@41C thermal@30.75C POM_5V_IN 2174/2094 POM_5V_GPU 82/84 POM_5V_CPU 533/476
RAM 1354/3964MB (lfb 8x4MB) SWAP 795/6078MB (cached 35MB) IRAM 0/252kB(lfb 252kB) CPU [9%@921,5%@921,off,off] EMC_FREQ 0%@1600 GR3D_FREQ 0%@614 APE 25 PLL@29.5C CPU@31.5C iwlwifi@32C PMIC@50C GPU@29.5C AO@41C thermal@30.5C POM_5V_IN 1931/2094 POM_5V_GPU 82/84 POM_5V_CPU 328/475
RAM 1370/3964MB (lfb 8x4MB) SWAP 795/6078MB (cached 35MB) IRAM 0/252kB(lfb 252kB) CPU [7%@921,6%@921,off,off] EMC_FREQ 0%@1600 GR3D_FREQ 0%@614 APE 25 PLL@29.5C CPU@31.5C iwlwifi@32C PMIC@50C GPU@29.5C AO@41C thermal@30.75C POM_5V_IN 2174/2094 POM_5V_GPU 82/84 POM_5V_CPU 533/475
RAM 1368/3964MB (lfb 8x4MB) SWAP 795/6078MB (cached 35MB) IRAM 0/252kB(lfb 252kB) CPU [6%@921,7%@921,off,off] EMC_FREQ 0%@1600 GR3D_FREQ 0%@614 APE 25 PLL@29.5C CPU@31.5C iwlwifi@32C PMIC@50C GPU@29.5C AO@41C thermal@30.25C POM_5V_IN 1934/2094 POM_5V_GPU 82/84 POM_5V_CPU 329/475
RAM 1370/3964MB (lfb 8x4MB) SWAP 795/6078MB (cached 35MB) IRAM 0/252kB(lfb 252kB) CPU [6%@921,8%@921,off,off] EMC_FREQ 0%@1600 GR3D_FREQ 0%@614 APE 25 PLL@29.5C CPU@31.5C iwlwifi@32C PMIC@50C GPU@29.5C AO@41C thermal@30.5C POM_5V_IN 1934/2093 POM_5V_GPU 82/84 POM_5V_CPU 370/475
RAM 1372/3964MB (lfb 8x4MB) SWAP 795/6078MB (cached 35MB) IRAM 0/252kB(lfb 252kB) CPU [6%@921,7%@921,off,off] EMC_FREQ 0%@1600 GR3D_FREQ 0%@614 APE 25 PLL@29.5C CPU@31.5C iwlwifi@32C PMIC@50C GPU@30C AO@41C thermal@30.75C POM_5V_IN 1934/2093 POM_5V_GPU 82/84 POM_5V_CPU 329/475
RAM 1354/3964MB (lfb 8x4MB) SWAP 795/6078MB (cached 35MB) IRAM 0/252kB(lfb 252kB) CPU [9%@921,5%@921,off,off] EMC_FREQ 0%@1600 GR3D_FREQ 0%@614 APE 25 PLL@29.5C CPU@31.5C iwlwifi@32C PMIC@50C GPU@29.5C AO@41C thermal@30.25C POM_5V_IN 2256/2093 POM_5V_GPU 82/84 POM_5V_CPU 614/475
RAM 1354/3964MB (lfb 8x4MB) SWAP 795/6078MB (cached 35MB) IRAM 0/252kB(lfb 252kB) CPU [7%@921,6%@921,off,off] EMC_FREQ 0%@1600 GR3D_FREQ 0%@614 APE 25 PLL@29.5C CPU@31.5C iwlwifi@32C PMIC@50C GPU@29.5C AO@41C thermal@30.5C POM_5V_IN 2215/2094 POM_5V_GPU 82/84 POM_5V_CPU 574/475
RAM 1354/3964MB (lfb 8x4MB) SWAP 795/6078MB (cached 35MB) IRAM 0/252kB(lfb 252kB) CPU [8%@921,6%@921,off,off] EMC_FREQ 0%@1600 GR3D_FREQ 0%@614 APE 25 PLL@29.5C CPU@31.5C iwlwifi@32C PMIC@50C GPU@30C AO@41C thermal@30.25C POM_5V_IN 2174/2094 POM_5V_GPU 82/84 POM_5V_CPU 574/475
RAM 1371/3964MB (lfb 8x4MB) SWAP 795/6078MB (cached 35MB) IRAM 0/252kB(lfb 252kB) CPU [6%@921,6%@921,off,off] EMC_FREQ 0%@1600 GR3D_FREQ 0%@614 APE 25 PLL@29.5C CPU@31C iwlwifi@32C PMIC@50C GPU@29.5C AO@41C thermal@30.5C POM_5V_IN 2174/2094 POM_5V_GPU 82/84 POM_5V_CPU 574/476
RAM 1354/3964MB (lfb 8x4MB) SWAP 795/6078MB (cached 35MB) IRAM 0/252kB(lfb 252kB) CPU [4%@921,9%@921,off,off] EMC_FREQ 0%@1600 GR3D_FREQ 0%@614 APE 25 PLL@29.5C CPU@31.5C iwlwifi@32C PMIC@50C GPU@29.5C AO@40.5C thermal@30.75C POM_5V_IN 1892/2094 POM_5V_GPU 82/84 POM_5V_CPU 329/475
RAM 1368/3964MB (lfb 8x4MB) SWAP 795/6078MB (cached 35MB) IRAM 0/252kB(lfb 252kB) CPU [8%@921,6%@921,off,off] EMC_FREQ 0%@1600 GR3D_FREQ 0%@614 APE 25 PLL@30C CPU@31C iwlwifi@32C PMIC@50C GPU@29.5C AO@41C thermal@30.5C POM_5V_IN 2174/2094 POM_5V_GPU 82/84 POM_5V_CPU 533/475
RAM 1371/3964MB (lfb 8x4MB) SWAP 795/6078MB (cached 35MB) IRAM 0/252kB(lfb 252kB) CPU [6%@921,6%@921,off,off] EMC_FREQ 0%@1600 GR3D_FREQ 0%@614 APE 25 PLL@29.5C CPU@31.5C iwlwifi@32C PMIC@50C GPU@30C AO@41.5C thermal@30.5C POM_5V_IN 1892/2093 POM_5V_GPU 82/84 POM_5V_CPU 329/475
RAM 1374/3964MB (lfb 8x4MB) SWAP 795/6078MB (cached 35MB) IRAM 0/252kB(lfb 252kB) CPU [7%@921,7%@921,off,off] EMC_FREQ 0%@1600 GR3D_FREQ 0%@614 APE 25 PLL@29.5C CPU@31.5C iwlwifi@32C PMIC@50C GPU@29.5C AO@41C thermal@30.25C POM_5V_IN 1892/2093 POM_5V_GPU 82/84 POM_5V_CPU 329/475
RAM 1370/3964MB (lfb 8x4MB) SWAP 795/6078MB (cached 35MB) IRAM 0/252kB(lfb 252kB) CPU [8%@921,5%@921,off,off] EMC_FREQ 0%@1600 GR3D_FREQ 0%@614 APE 25 PLL@29.5C CPU@31.5C iwlwifi@32C PMIC@50C GPU@29.5C AO@41C thermal@30.25C POM_5V_IN 1892/2093 POM_5V_GPU 82/84 POM_5V_CPU 288/475
RAM 1370/3964MB (lfb 8x4MB) SWAP 795/6078MB (cached 35MB) IRAM 0/252kB(lfb 252kB) CPU [8%@921,6%@921,off,off] EMC_FREQ 0%@1600 GR3D_FREQ 0%@614 APE 25 PLL@29.5C CPU@31C iwlwifi@32C PMIC@50C GPU@29.5C AO@41C thermal@30.25C POM_5V_IN 1892/2092 POM_5V_GPU 82/84 POM_5V_CPU 288/474
RAM 1370/3964MB (lfb 8x4MB) SWAP 795/6078MB (cached 35MB) IRAM 0/252kB(lfb 252kB) CPU [7%@921,6%@921,off,off] EMC_FREQ 0%@1600 GR3D_FREQ 0%@614 APE 25 PLL@29.5C CPU@31.5C iwlwifi@32C PMIC@50C GPU@30C AO@41C thermal@30.5C POM_5V_IN 1892/2092 POM_5V_GPU 82/84 POM_5V_CPU 329/474
RAM 1368/3964MB (lfb 8x4MB) SWAP 795/6078MB (cached 35MB) IRAM 0/252kB(lfb 252kB) CPU [6%@921,8%@921,off,off] EMC_FREQ 0%@1600 GR3D_FREQ 0%@614 APE 25 PLL@29.5C CPU@31.5C iwlwifi@32C PMIC@50C GPU@29.5C AO@41C thermal@30.75C POM_5V_IN 2256/2092 POM_5V_GPU 82/84 POM_5V_CPU 615/474
RAM 1354/3964MB (lfb 8x4MB) SWAP 795/6078MB (cached 35MB) IRAM 0/252kB(lfb 252kB) CPU [9%@921,5%@921,off,off] EMC_FREQ 0%@1600 GR3D_FREQ 0%@614 APE 25 PLL@29.5C CPU@31.5C iwlwifi@32C PMIC@50C GPU@29.5C AO@41C thermal@30.25C POM_5V_IN 2256/2093 POM_5V_GPU 82/84 POM_5V_CPU 615/474
RAM 1354/3964MB (lfb 8x4MB) SWAP 795/6078MB (cached 35MB) IRAM 0/252kB(lfb 252kB) CPU [7%@921,7%@921,off,off] EMC_FREQ 0%@1600 GR3D_FREQ 0%@614 APE 25 PLL@29.5C CPU@31C iwlwifi@32C PMIC@50C GPU@29.5C AO@41C thermal@30.25C POM_5V_IN 2174/2093 POM_5V_GPU 82/84 POM_5V_CPU 574/475
RAM 1354/3964MB (lfb 8x4MB) SWAP 795/6078MB (cached 35MB) IRAM 0/252kB(lfb 252kB) CPU [6%@921,7%@921,off,off] EMC_FREQ 0%@1600 GR3D_FREQ 0%@614 APE 25 PLL@29.5C CPU@31.5C iwlwifi@32C PMIC@50C GPU@29.5C AO@41C thermal@30.25C POM_5V_IN 2174/2093 POM_5V_GPU 82/84 POM_5V_CPU 574/475
RAM 1369/3964MB (lfb 8x4MB) SWAP 795/6078MB (cached 35MB) IRAM 0/252kB(lfb 252kB) CPU [7%@921,6%@921,off,off] EMC_FREQ 0%@1600 GR3D_FREQ 0%@614 APE 25 PLL@29.5C CPU@31.5C iwlwifi@32C PMIC@50C GPU@30C AO@41C thermal@30.5C POM_5V_IN 2256/2093 POM_5V_GPU 82/84 POM_5V_CPU 615/475
RAM 1354/3964MB (lfb 8x4MB) SWAP 795/6078MB (cached 35MB) IRAM 0/252kB(lfb 252kB) CPU [6%@921,7%@921,off,off] EMC_FREQ 0%@1600 GR3D_FREQ 0%@614 APE 25 PLL@29.5C CPU@31.5C iwlwifi@32C PMIC@50C GPU@29.5C AO@41C thermal@30.5C POM_5V_IN 1931/2093 POM_5V_GPU 82/84 POM_5V_CPU 328/475
RAM 1368/3964MB (lfb 8x4MB) SWAP 795/6078MB (cached 35MB) IRAM 0/252kB(lfb 252kB) CPU [7%@921,6%@921,off,off] EMC_FREQ 0%@1600 GR3D_FREQ 0%@614 APE 25 PLL@29.5C CPU@31C iwlwifi@32C PMIC@50C GPU@29.5C AO@41C thermal@30.5C POM_5V_IN 2174/2093 POM_5V_GPU 82/84 POM_5V_CPU 574/475
RAM 1354/3964MB (lfb 8x4MB) SWAP 795/6078MB (cached 35MB) IRAM 0/252kB(lfb 252kB) CPU [6%@921,8%@921,off,off] EMC_FREQ 0%@1600 GR3D_FREQ 0%@614 APE 25 PLL@29C CPU@31.5C iwlwifi@32C PMIC@50C GPU@29.5C AO@40.5C thermal@30.25C POM_5V_IN 1892/2093 POM_5V_GPU 82/84 POM_5V_CPU 329/475
RAM 1373/3964MB (lfb 8x4MB) SWAP 795/6078MB (cached 35MB) IRAM 0/252kB(lfb 252kB) CPU [6%@921,7%@921,off,off] EMC_FREQ 0%@1600 GR3D_FREQ 0%@614 APE 25 PLL@29.5C CPU@31C iwlwifi@32C PMIC@50C GPU@29.5C AO@40.5C thermal@30.25C POM_5V_IN 2174/2093 POM_5V_GPU 82/84 POM_5V_CPU 533/475
RAM 1369/3964MB (lfb 8x4MB) SWAP 795/6078MB (cached 35MB) IRAM 0/252kB(lfb 252kB) CPU [7%@921,7%@921,off,off] EMC_FREQ 0%@1600 GR3D_FREQ 0%@614 APE 25 PLL@29.5C CPU@31C iwlwifi@32C PMIC@50C GPU@29.5C AO@41C thermal@30.5C POM_5V_IN 1934/2093 POM_5V_GPU 82/84 POM_5V_CPU 329/475
RAM 1369/3964MB (lfb 8x4MB) SWAP 795/6078MB (cached 35MB) IRAM 0/252kB(lfb 252kB) CPU [6%@921,6%@921,off,off] EMC_FREQ 0%@1600 GR3D_FREQ 0%@614 APE 25 PLL@29.5C CPU@31.5C iwlwifi@32C PMIC@50C GPU@29.5C AO@41C thermal@30.5C POM_5V_IN 1772/2092 POM_5V_GPU 82/84 POM_5V_CPU 206/474
RAM 1370/3964MB (lfb 8x4MB) SWAP 795/6078MB (cached 35MB) IRAM 0/252kB(lfb 252kB) CPU [7%@921,7%@921,off,off] EMC_FREQ 0%@1600 GR3D_FREQ 0%@614 APE 25 PLL@30C CPU@31.5C iwlwifi@32C PMIC@50C GPU@30C AO@40.5C thermal@30.75C POM_5V_IN 1892/2092 POM_5V_GPU 82/84 POM_5V_CPU 329/474
RAM 1354/3964MB (lfb 8x4MB) SWAP 795/6078MB (cached 35MB) IRAM 0/252kB(lfb 252kB) CPU [9%@921,5%@921,off,off] EMC_FREQ 0%@1600 GR3D_FREQ 0%@614 APE 25 PLL@30C CPU@31.5C iwlwifi@32C PMIC@50C GPU@30C AO@40.5C thermal@30.5C POM_5V_IN 2293/2092 POM_5V_GPU 81/84 POM_5V_CPU 614/474
RAM 1354/3964MB (lfb 8x4MB) SWAP 795/6078MB (cached 35MB) IRAM 0/252kB(lfb 252kB) CPU [7%@921,6%@921,off,off] EMC_FREQ 0%@1600 GR3D_FREQ 0%@614 APE 25 PLL@30C CPU@31.5C iwlwifi@32C PMIC@50C GPU@30C AO@40.5C thermal@30.5C POM_5V_IN 2215/2092 POM_5V_GPU 82/84 POM_5V_CPU 574/474
RAM 1354/3964MB (lfb 8x4MB) SWAP 795/6078MB (cached 35MB) IRAM 0/252kB(lfb 252kB) CPU [7%@921,7%@921,off,off] EMC_FREQ 0%@1600 GR3D_FREQ 0%@614 APE 25 PLL@29.5C CPU@32C iwlwifi@32C PMIC@50C GPU@30C AO@41C thermal@30.5C POM_5V_IN 2215/2092 POM_5V_GPU 82/84 POM_5V_CPU 574/474
RAM 1368/3964MB (lfb 8x4MB) SWAP 795/6078MB (cached 35MB) IRAM 0/252kB(lfb 252kB) CPU [6%@921,8%@921,off,off] EMC_FREQ 0%@1600 GR3D_FREQ 0%@614 APE 25 PLL@29.5C CPU@31.5C iwlwifi@32C PMIC@50C GPU@29.5C AO@41C thermal@30.5C POM_5V_IN 2174/2093 POM_5V_GPU 82/84 POM_5V_CPU 574/475
RAM 1354/3964MB (lfb 8x4MB) SWAP 795/6078MB (cached 35MB) IRAM 0/252kB(lfb 252kB) CPU [6%@921,7%@921,off,off] EMC_FREQ 0%@1600 GR3D_FREQ 0%@614 APE 25 PLL@29.5C CPU@31.5C iwlwifi@32C PMIC@50C GPU@29.5C AO@41C thermal@30.5C POM_5V_IN 1890/2092 POM_5V_GPU 82/84 POM_5V_CPU 287/474
RAM 1368/3964MB (lfb 8x4MB) SWAP 795/6078MB (cached 35MB) IRAM 0/252kB(lfb 252kB) CPU [8%@921,5%@921,off,off] EMC_FREQ 0%@1600 GR3D_FREQ 0%@614 APE 25 PLL@29.5C CPU@31.5C iwlwifi@32C PMIC@50C GPU@29.5C AO@40.5C thermal@30.5C POM_5V_IN 2215/2092 POM_5V_GPU 82/84 POM_5V_CPU 574/474
RAM 1368/3964MB (lfb 8x4MB) SWAP 795/6078MB (cached 35MB) IRAM 0/252kB(lfb 252kB) CPU [9%@921,4%@921,off,off] EMC_FREQ 0%@1600 GR3D_FREQ 0%@614 APE 25 PLL@29.5C CPU@31.5C iwlwifi@32C PMIC@50C GPU@30C AO@41C thermal@30.75C POM_5V_IN 1892/2092 POM_5V_GPU 82/84 POM_5V_CPU 329/474
RAM 1355/3964MB (lfb 8x4MB) SWAP 795/6078MB (cached 35MB) IRAM 0/252kB(lfb 252kB) CPU [8%@921,7%@921,off,off] EMC_FREQ 0%@1600 GR3D_FREQ 0%@614 APE 25 PLL@29.5C CPU@31.5C iwlwifi@32C PMIC@50C GPU@29.5C AO@41C thermal@30.5C POM_5V_IN 1934/2092 POM_5V_GPU 82/84 POM_5V_CPU 329/474
RAM 1368/3964MB (lfb 8x4MB) SWAP 795/6078MB (cached 35MB) IRAM 0/252kB(lfb 252kB) CPU [5%@921,7%@921,off,off] EMC_FREQ 0%@1600 GR3D_FREQ 0%@614 APE 25 PLL@30C CPU@31.5C iwlwifi@32C PMIC@50C GPU@29.5C AO@41C thermal@30.5C POM_5V_IN 2133/2092 POM_5V_GPU 82/84 POM_5V_CPU 533/474
RAM 1368/3964MB (lfb 8x4MB) SWAP 795/6078MB (cached 35MB) IRAM 0/252kB(lfb 252kB) CPU [6%@921,8%@921,off,off] EMC_FREQ 0%@1600 GR3D_FREQ 0%@614 APE 25 PLL@29.5C CPU@31.5C iwlwifi@32C PMIC@50C GPU@29.5C AO@40.5C thermal@30.5C POM_5V_IN 1934/2092 POM_5V_GPU 82/84 POM_5V_CPU 329/474
RAM 1370/3964MB (lfb 8x4MB) SWAP 795/6078MB (cached 35MB) IRAM 0/252kB(lfb 252kB) CPU [8%@921,5%@921,off,off] EMC_FREQ 0%@1600 GR3D_FREQ 0%@614 APE 25 PLL@29.5C CPU@31.5C iwlwifi@32C PMIC@50C GPU@29.5C AO@40.5C thermal@30.25C POM_5V_IN 1934/2091 POM_5V_GPU 82/84 POM_5V_CPU 329/474
RAM 1371/3964MB (lfb 8x4MB) SWAP 795/6078MB (cached 35MB) IRAM 0/252kB(lfb 252kB) CPU [6%@921,7%@921,off,off] EMC_FREQ 0%@1600 GR3D_FREQ 0%@614 APE 25 PLL@29.5C CPU@31.5C iwlwifi@32C PMIC@50C GPU@29.5C AO@40.5C thermal@30.5C POM_5V_IN 2136/2091 POM_5V_GPU 82/84 POM_5V_CPU 492/474
RAM 1368/3964MB (lfb 8x4MB) SWAP 795/6078MB (cached 35MB) IRAM 0/252kB(lfb 252kB) CPU [8%@921,6%@921,off,off] EMC_FREQ 0%@1600 GR3D_FREQ 0%@614 APE 25 PLL@29.5C CPU@31.5C iwlwifi@33C PMIC@50C GPU@29C AO@40.5C thermal@30.5C POM_5V_IN 2375/2092 POM_5V_GPU 81/84 POM_5V_CPU 737/474
RAM 1354/3964MB (lfb 8x4MB) SWAP 795/6078MB (cached 35MB) IRAM 0/252kB(lfb 252kB) CPU [7%@921,7%@921,off,off] EMC_FREQ 0%@1600 GR3D_FREQ 0%@614 APE 25 PLL@29.5C CPU@31.5C iwlwifi@32C PMIC@50C GPU@29C AO@41C thermal@30.25C POM_5V_IN 2252/2092 POM_5V_GPU 81/84 POM_5V_CPU 614/474
RAM 1354/3964MB (lfb 8x4MB) SWAP 795/6078MB (cached 35MB) IRAM 0/252kB(lfb 252kB) CPU [7%@921,7%@921,off,off] EMC_FREQ 0%@1600 GR3D_FREQ 0%@614 APE 25 PLL@29.5C CPU@31.5C iwlwifi@32C PMIC@50C GPU@29.5C AO@41C thermal@30.5C POM_5V_IN 2215/2092 POM_5V_GPU 82/84 POM_5V_CPU 574/474
RAM 1368/3964MB (lfb 8x4MB) SWAP 795/6078MB (cached 35MB) IRAM 0/252kB(lfb 252kB) CPU [5%@921,7%@921,off,off] EMC_FREQ 0%@1600 GR3D_FREQ 0%@614 APE 25 PLL@29.5C CPU@31.5C iwlwifi@32C PMIC@50C GPU@29.5C AO@40.5C thermal@30.25C POM_5V_IN 2174/2092 POM_5V_GPU 82/84 POM_5V_CPU 574/475
RAM 1354/3964MB (lfb 8x4MB) SWAP 795/6078MB (cached 35MB) IRAM 0/252kB(lfb 252kB) CPU [8%@921,7%@921,off,off] EMC_FREQ 0%@1600 GR3D_FREQ 0%@614 APE 25 PLL@29.5C CPU@32C iwlwifi@32C PMIC@50C GPU@29.5C AO@41C thermal@30.25C POM_5V_IN 1934/2092 POM_5V_GPU 82/84 POM_5V_CPU 370/474
RAM 1369/3964MB (lfb 8x4MB) SWAP 794/6078MB (cached 34MB) IRAM 0/252kB(lfb 252kB) CPU [6%@921,6%@921,off,off] EMC_FREQ 0%@1600 GR3D_FREQ 0%@614 APE 25 PLL@29.5C CPU@31.5C iwlwifi@32C PMIC@50C GPU@29.5C AO@40.5C thermal@30.5C POM_5V_IN 2174/2092 POM_5V_GPU 82/84 POM_5V_CPU 574/475
RAM 1373/3964MB (lfb 8x4MB) SWAP 794/6078MB (cached 34MB) IRAM 0/252kB(lfb 252kB) CPU [5%@921,9%@921,off,off] EMC_FREQ 0%@1600 GR3D_FREQ 0%@614 APE 25 PLL@29.5C CPU@31C iwlwifi@33C PMIC@50C GPU@29.5C AO@41C thermal@30.5C POM_5V_IN 1934/2092 POM_5V_GPU 82/84 POM_5V_CPU 329/474
RAM 1373/3964MB (lfb 8x4MB) SWAP 794/6078MB (cached 34MB) IRAM 0/252kB(lfb 252kB) CPU [9%@921,5%@921,off,off] EMC_FREQ 0%@1600 GR3D_FREQ 0%@614 APE 25 PLL@29.5C CPU@31.5C iwlwifi@32C PMIC@50C GPU@29.5C AO@41C thermal@30.25C POM_5V_IN 2174/2092 POM_5V_GPU 82/84 POM_5V_CPU 574/475
RAM 1371/3964MB (lfb 8x4MB) SWAP 794/6078MB (cached 34MB) IRAM 0/252kB(lfb 252kB) CPU [8%@921,6%@921,off,off] EMC_FREQ 0%@1600 GR3D_FREQ 0%@614 APE 25 PLL@30C CPU@31.5C iwlwifi@32C PMIC@50C GPU@29.5C AO@40.5C thermal@30.5C POM_5V_IN 1934/2092 POM_5V_GPU 82/84 POM_5V_CPU 329/474
RAM 1373/3964MB (lfb 8x4MB) SWAP 794/6078MB (cached 34MB) IRAM 0/252kB(lfb 252kB) CPU [9%@921,5%@921,off,off] EMC_FREQ 0%@1600 GR3D_FREQ 0%@614 APE 25 PLL@29.5C CPU@31.5C iwlwifi@32C PMIC@50C GPU@29.5C AO@41C thermal@30.5C POM_5V_IN 1892/2092 POM_5V_GPU 82/84 POM_5V_CPU 288/474
RAM 1371/3964MB (lfb 8x4MB) SWAP 794/6078MB (cached 34MB) IRAM 0/252kB(lfb 252kB) CPU [6%@921,8%@921,off,off] EMC_FREQ 0%@1600 GR3D_FREQ 0%@614 APE 25 PLL@29.5C CPU@31.5C iwlwifi@32C PMIC@50C GPU@29C AO@40.5C thermal@30.5C POM_5V_IN 1892/2091 POM_5V_GPU 82/84 POM_5V_CPU 288/474
RAM 1355/3964MB (lfb 8x4MB) SWAP 794/6078MB (cached 34MB) IRAM 0/252kB(lfb 252kB) CPU [6%@921,8%@921,off,off] EMC_FREQ 0%@1600 GR3D_FREQ 0%@614 APE 25 PLL@30C CPU@31.5C iwlwifi@32C PMIC@50C GPU@29.5C AO@41C thermal@30.5C POM_5V_IN 2054/2091 POM_5V_GPU 82/84 POM_5V_CPU 410/474
RAM 1355/3964MB (lfb 8x4MB) SWAP 794/6078MB (cached 34MB) IRAM 0/252kB(lfb 252kB) CPU [6%@921,8%@921,off,off] EMC_FREQ 0%@1600 GR3D_FREQ 0%@614 APE 25 PLL@30C CPU@31.5C iwlwifi@32C PMIC@50C GPU@29.5C AO@40C thermal@30.5C POM_5V_IN 2215/2091 POM_5V_GPU 82/84 POM_5V_CPU 615/474
RAM 1355/3964MB (lfb 8x4MB) SWAP 794/6078MB (cached 34MB) IRAM 0/252kB(lfb 252kB) CPU [7%@921,7%@921,off,off] EMC_FREQ 0%@1600 GR3D_FREQ 0%@614 APE 25 PLL@29.5C CPU@31.5C iwlwifi@32C PMIC@50C GPU@29.5C AO@41C thermal@30.5C POM_5V_IN 2174/2092 POM_5V_GPU 82/84 POM_5V_CPU 574/474
RAM 1355/3964MB (lfb 8x4MB) SWAP 794/6078MB (cached 34MB) IRAM 0/252kB(lfb 252kB) CPU [7%@921,7%@921,off,off] EMC_FREQ 0%@1600 GR3D_FREQ 0%@614 APE 25 PLL@30C CPU@31.5C iwlwifi@33C PMIC@50C GPU@29.5C AO@40.5C thermal@30.5C POM_5V_IN 2170/2092 POM_5V_GPU 81/84 POM_5V_CPU 573/474
RAM 1369/3964MB (lfb 8x4MB) SWAP 794/6078MB (cached 34MB) IRAM 0/252kB(lfb 252kB) CPU [4%@921,9%@921,off,off] EMC_FREQ 0%@1600 GR3D_FREQ 0%@614 APE 25 PLL@29.5C CPU@31.5C iwlwifi@32C PMIC@50C GPU@29.5C AO@41C thermal@30.5C POM_5V_IN 2215/2092 POM_5V_GPU 82/84 POM_5V_CPU 574/474
RAM 1355/3964MB (lfb 8x4MB) SWAP 794/6078MB (cached 34MB) IRAM 0/252kB(lfb 252kB) CPU [9%@921,5%@921,off,off] EMC_FREQ 0%@1600 GR3D_FREQ 0%@614 APE 25 PLL@29.5C CPU@31.5C iwlwifi@32C PMIC@50C GPU@29.5C AO@41C thermal@30.25C POM_5V_IN 1892/2092 POM_5V_GPU 82/84 POM_5V_CPU 329/474
RAM 1373/3964MB (lfb 8x4MB) SWAP 794/6078MB (cached 34MB) IRAM 0/252kB(lfb 252kB) CPU [7%@921,6%@921,off,off] EMC_FREQ 0%@1600 GR3D_FREQ 0%@614 APE 25 PLL@30C CPU@31.5C iwlwifi@32C PMIC@50C GPU@29.5C AO@41C thermal@30.5C POM_5V_IN 2174/2092 POM_5V_GPU 82/84 POM_5V_CPU 533/474
RAM 1370/3964MB (lfb 8x4MB) SWAP 794/6078MB (cached 34MB) IRAM 0/252kB(lfb 252kB) CPU [6%@921,8%@921,off,off] EMC_FREQ 0%@1600 GR3D_FREQ 0%@614 APE 25 PLL@29.5C CPU@31.5C iwlwifi@32C PMIC@50C GPU@29.5C AO@40.5C thermal@30.5C POM_5V_IN 1934/2091 POM_5V_GPU 82/84 POM_5V_CPU 329/474
RAM 1374/3964MB (lfb 8x4MB) SWAP 794/6078MB (cached 34MB) IRAM 0/252kB(lfb 252kB) CPU [6%@921,7%@921,off,off] EMC_FREQ 0%@1600 GR3D_FREQ 0%@614 APE 25 PLL@29.5C CPU@32C iwlwifi@32C PMIC@50C GPU@29.5C AO@40.5C thermal@30.5C POM_5V_IN 1934/2091 POM_5V_GPU 82/84 POM_5V_CPU 329/474
RAM 1371/3964MB (lfb 8x4MB) SWAP 794/6078MB (cached 34MB) IRAM 0/252kB(lfb 252kB) CPU [6%@921,7%@921,off,off] EMC_FREQ 0%@1600 GR3D_FREQ 0%@614 APE 25 PLL@29.5C CPU@31.5C iwlwifi@32C PMIC@50C GPU@29.5C AO@41C thermal@30.5C POM_5V_IN 2174/2091 POM_5V_GPU 82/84 POM_5V_CPU 574/474
RAM 1370/3964MB (lfb 8x4MB) SWAP 794/6078MB (cached 34MB) IRAM 0/252kB(lfb 252kB) CPU [8%@921,6%@921,off,off] EMC_FREQ 0%@1600 GR3D_FREQ 0%@614 APE 25 PLL@29.5C CPU@31.5C iwlwifi@32C PMIC@50C GPU@29.5C AO@40.5C thermal@30.25C POM_5V_IN 1934/2091 POM_5V_GPU 82/83 POM_5V_CPU 329/474
RAM 1369/3964MB (lfb 8x4MB) SWAP 794/6078MB (cached 34MB) IRAM 0/252kB(lfb 252kB) CPU [9%@921,5%@921,off,off] EMC_FREQ 0%@1600 GR3D_FREQ 0%@614 APE 25 PLL@29.5C CPU@31C iwlwifi@32C PMIC@50C GPU@29.5C AO@41C thermal@30.5C POM_5V_IN 1931/2091 POM_5V_GPU 82/83 POM_5V_CPU 328/473
RAM 1355/3964MB (lfb 8x4MB) SWAP 794/6078MB (cached 34MB) IRAM 0/252kB(lfb 252kB) CPU [7%@921,7%@921,off,off] EMC_FREQ 0%@1600 GR3D_FREQ 0%@614 APE 25 PLL@30C CPU@31C iwlwifi@32C PMIC@50C GPU@29.5C AO@41C thermal@30.5C POM_5V_IN 2174/2091 POM_5V_GPU 82/83 POM_5V_CPU 533/473
RAM 1355/3964MB (lfb 8x4MB) SWAP 794/6078MB (cached 34MB) IRAM 0/252kB(lfb 252kB) CPU [7%@921,6%@921,off,off] EMC_FREQ 0%@1600 GR3D_FREQ 0%@614 APE 25 PLL@29.5C CPU@31.5C iwlwifi@32C PMIC@50C GPU@29.5C AO@40.5C thermal@30.75C POM_5V_IN 2211/2091 POM_5V_GPU 81/83 POM_5V_CPU 573/474
RAM 1355/3964MB (lfb 8x4MB) SWAP 794/6078MB (cached 34MB) IRAM 0/252kB(lfb 252kB) CPU [8%@921,6%@921,off,off] EMC_FREQ 0%@1600 GR3D_FREQ 0%@614 APE 25 PLL@30C CPU@31.5C iwlwifi@32C PMIC@50C GPU@30C AO@40.5C thermal@30.5C POM_5V_IN 2174/2091 POM_5V_GPU 82/83 POM_5V_CPU 533/474
RAM 1373/3964MB (lfb 8x4MB) SWAP 794/6078MB (cached 34MB) IRAM 0/252kB(lfb 252kB) CPU [6%@921,6%@921,off,off] EMC_FREQ 0%@1600 GR3D_FREQ 0%@614 APE 25 PLL@30C CPU@31.5C iwlwifi@32C PMIC@50C GPU@29.5C AO@40.5C thermal@30.25C POM_5V_IN 2174/2091 POM_5V_GPU 82/83 POM_5V_CPU 533/474
RAM 1355/3964MB (lfb 8x4MB) SWAP 794/6078MB (cached 34MB) IRAM 0/252kB(lfb 252kB) CPU [8%@921,6%@921,off,off] EMC_FREQ 0%@1600 GR3D_FREQ 0%@614 APE 25 PLL@30C CPU@31.5C iwlwifi@32C PMIC@50C GPU@29.5C AO@40.5C thermal@30.75C POM_5V_IN 2174/2092 POM_5V_GPU 82/83 POM_5V_CPU 533/474
RAM 1369/3964MB (lfb 8x4MB) SWAP 794/6078MB (cached 34MB) IRAM 0/252kB(lfb 252kB) CPU [5%@921,8%@921,off,off] EMC_FREQ 0%@1600 GR3D_FREQ 0%@614 APE 25 PLL@30C CPU@31.5C iwlwifi@32C PMIC@50C GPU@29.5C AO@40.5C thermal@30.25C POM_5V_IN 2174/2092 POM_5V_GPU 82/83 POM_5V_CPU 574/474
RAM 1373/3964MB (lfb 8x4MB) SWAP 794/6078MB (cached 34MB) IRAM 0/252kB(lfb 252kB) CPU [7%@921,7%@921,off,off] EMC_FREQ 0%@1600 GR3D_FREQ 0%@614 APE 25 PLL@29.5C CPU@31.5C iwlwifi@32C PMIC@50C GPU@30C AO@40.5C thermal@30.25C POM_5V_IN 1892/2091 POM_5V_GPU 82/83 POM_5V_CPU 329/474
RAM 1369/3964MB (lfb 8x4MB) SWAP 794/6078MB (cached 34MB) IRAM 0/252kB(lfb 252kB) CPU [5%@921,9%@921,off,off] EMC_FREQ 0%@1600 GR3D_FREQ 0%@614 APE 25 PLL@29.5C CPU@31.5C iwlwifi@32C PMIC@50C GPU@29.5C AO@40.5C thermal@30.5C POM_5V_IN 1934/2091 POM_5V_GPU 82/83 POM_5V_CPU 329/474
RAM 1370/3964MB (lfb 8x4MB) SWAP 794/6078MB (cached 34MB) IRAM 0/252kB(lfb 252kB) CPU [5%@921,8%@921,off,off] EMC_FREQ 0%@1600 GR3D_FREQ 0%@614 APE 25 PLL@29.5C CPU@31.5C iwlwifi@32C PMIC@50C GPU@30C AO@41C thermal@30.5C POM_5V_IN 1934/2091 POM_5V_GPU 82/83 POM_5V_CPU 329/473
RAM 1369/3964MB (lfb 8x4MB) SWAP 794/6078MB (cached 35MB) IRAM 0/252kB(lfb 252kB) CPU [7%@921,7%@921,off,off] EMC_FREQ 0%@1600 GR3D_FREQ 0%@614 APE 25 PLL@29.5C CPU@31.5C iwlwifi@32C PMIC@50C GPU@30C AO@41C thermal@30.5C POM_5V_IN 1934/2091 POM_5V_GPU 82/83 POM_5V_CPU 329/473
RAM 1369/3964MB (lfb 8x4MB) SWAP 794/6078MB (cached 35MB) IRAM 0/252kB(lfb 252kB) CPU [7%@921,6%@921,off,off] EMC_FREQ 0%@1600 GR3D_FREQ 0%@614 APE 25 PLL@29.5C CPU@31C iwlwifi@32C PMIC@50C GPU@29.5C AO@40.5C thermal@30.25C POM_5V_IN 1892/2090 POM_5V_GPU 82/83 POM_5V_CPU 329/473
RAM 1355/3964MB (lfb 8x4MB) SWAP 794/6078MB (cached 35MB) IRAM 0/252kB(lfb 252kB) CPU [10%@921,4%@921,off,off] EMC_FREQ 0%@1600 GR3D_FREQ 0%@614 APE 25 PLL@29.5C CPU@31C iwlwifi@32C PMIC@50C GPU@29.5C AO@41C thermal@30.5C POM_5V_IN 2215/2091 POM_5V_GPU 82/83 POM_5V_CPU 574/473
RAM 1355/3964MB (lfb 8x4MB) SWAP 794/6078MB (cached 35MB) IRAM 0/252kB(lfb 252kB) CPU [5%@921,8%@921,off,off] EMC_FREQ 0%@1600 GR3D_FREQ 0%@614 APE 25 PLL@29.5C CPU@31.5C iwlwifi@32C PMIC@50C GPU@30C AO@41C thermal@30.75C POM_5V_IN 2215/2091 POM_5V_GPU 82/83 POM_5V_CPU 574/473
RAM 1355/3964MB (lfb 8x4MB) SWAP 794/6078MB (cached 35MB) IRAM 0/252kB(lfb 252kB) CPU [5%@921,8%@921,off,off] EMC_FREQ 0%@1600 GR3D_FREQ 0%@614 APE 25 PLL@29.5C CPU@31.5C iwlwifi@32C PMIC@50C GPU@29.5C AO@40.5C thermal@30.5C POM_5V_IN 2256/2091 POM_5V_GPU 82/83 POM_5V_CPU 615/473
RAM 1355/3964MB (lfb 8x4MB) SWAP 794/6078MB (cached 35MB) IRAM 0/252kB(lfb 252kB) CPU [5%@921,7%@921,off,off] EMC_FREQ 0%@1600 GR3D_FREQ 0%@614 APE 25 PLL@29.5C CPU@31.5C iwlwifi@32C PMIC@50C GPU@29.5C AO@40.5C thermal@30.5C POM_5V_IN 2174/2091 POM_5V_GPU 82/83 POM_5V_CPU 574/474
RAM 1355/3964MB (lfb 8x4MB) SWAP 794/6078MB (cached 35MB) IRAM 0/252kB(lfb 252kB) CPU [5%@921,8%@921,off,off] EMC_FREQ 0%@1600 GR3D_FREQ 0%@614 APE 25 PLL@29.5C CPU@31.5C iwlwifi@32C PMIC@50C GPU@30C AO@40.5C thermal@30.5C POM_5V_IN 2174/2091 POM_5V_GPU 82/83 POM_5V_CPU 574/474
RAM 1371/3964MB (lfb 8x4MB) SWAP 794/6078MB (cached 35MB) IRAM 0/252kB(lfb 252kB) CPU [7%@921,6%@921,off,off] EMC_FREQ 0%@1600 GR3D_FREQ 0%@614 APE 25 PLL@29C CPU@31.5C iwlwifi@32C PMIC@50C GPU@30C AO@41C thermal@30.5C POM_5V_IN 2174/2091 POM_5V_GPU 82/83 POM_5V_CPU 574/474
RAM 1355/3964MB (lfb 8x4MB) SWAP 794/6078MB (cached 35MB) IRAM 0/252kB(lfb 252kB) CPU [6%@921,8%@921,off,off] EMC_FREQ 0%@1600 GR3D_FREQ 0%@614 APE 25 PLL@29.5C CPU@31C iwlwifi@32C PMIC@50C GPU@29.5C AO@41C thermal@30.5C POM_5V_IN 1934/2091 POM_5V_GPU 82/83 POM_5V_CPU 329/474
RAM 1371/3964MB (lfb 8x4MB) SWAP 793/6078MB (cached 34MB) IRAM 0/252kB(lfb 252kB) CPU [6%@921,7%@921,off,off] EMC_FREQ 0%@1600 GR3D_FREQ 0%@614 APE 25 PLL@29.5C CPU@31.5C iwlwifi@32C PMIC@50C GPU@30C AO@41C thermal@30.5C POM_5V_IN 2174/2091 POM_5V_GPU 82/83 POM_5V_CPU 574/474
RAM 1372/3964MB (lfb 8x4MB) SWAP 793/6078MB (cached 34MB) IRAM 0/252kB(lfb 252kB) CPU [5%@921,8%@921,off,off] EMC_FREQ 0%@1600 GR3D_FREQ 0%@614 APE 25 PLL@29.5C CPU@31.5C iwlwifi@32C PMIC@50C GPU@30C AO@40.5C thermal@30.25C POM_5V_IN 1892/2091 POM_5V_GPU 82/83 POM_5V_CPU 329/474
RAM 1372/3964MB (lfb 8x4MB) SWAP 793/6078MB (cached 34MB) IRAM 0/252kB(lfb 252kB) CPU [7%@921,6%@921,off,off] EMC_FREQ 0%@1600 GR3D_FREQ 0%@614 APE 25 PLL@29.5C CPU@31C iwlwifi@32C PMIC@50C GPU@30C AO@41C thermal@30.5C POM_5V_IN 1934/2091 POM_5V_GPU 82/83 POM_5V_CPU 329/473
RAM 1372/3964MB (lfb 8x4MB) SWAP 793/6078MB (cached 34MB) IRAM 0/252kB(lfb 252kB) CPU [6%@921,7%@921,off,off] EMC_FREQ 0%@1600 GR3D_FREQ 0%@614 APE 25 PLL@29.5C CPU@31.5C iwlwifi@32C PMIC@50C GPU@30C AO@41C thermal@30.5C POM_5V_IN 1934/2090 POM_5V_GPU 82/83 POM_5V_CPU 370/473
RAM 1370/3964MB (lfb 8x4MB) SWAP 793/6078MB (cached 34MB) IRAM 0/252kB(lfb 252kB) CPU [6%@921,7%@921,off,off] EMC_FREQ 0%@1600 GR3D_FREQ 0%@614 APE 25 PLL@29.5C CPU@31C iwlwifi@32C PMIC@50C GPU@29.5C AO@40.5C thermal@30.25C POM_5V_IN 1934/2090 POM_5V_GPU 82/83 POM_5V_CPU 369/473
RAM 1355/3964MB (lfb 8x4MB) SWAP 793/6078MB (cached 34MB) IRAM 0/252kB(lfb 252kB) CPU [6%@921,8%@921,off,off] EMC_FREQ 0%@1600 GR3D_FREQ 0%@614 APE 25 PLL@30C CPU@31.5C iwlwifi@32C PMIC@50C GPU@29.5C AO@40.5C thermal@30.5C POM_5V_IN 2174/2090 POM_5V_GPU 82/83 POM_5V_CPU 492/473
RAM 1355/3964MB (lfb 8x4MB) SWAP 793/6078MB (cached 34MB) IRAM 0/252kB(lfb 252kB) CPU [6%@921,7%@921,off,off] EMC_FREQ 0%@1600 GR3D_FREQ 0%@614 APE 25 PLL@29.5C CPU@31.5C iwlwifi@32C PMIC@50C GPU@30C AO@41C thermal@30.5C POM_5V_IN 2215/2091 POM_5V_GPU 82/83 POM_5V_CPU 574/473
RAM 1355/3964MB (lfb 8x4MB) SWAP 793/6078MB (cached 34MB) IRAM 0/252kB(lfb 252kB) CPU [8%@921,5%@921,off,off] EMC_FREQ 0%@1600 GR3D_FREQ 0%@614 APE 25 PLL@30C CPU@31C iwlwifi@32C PMIC@50C GPU@29.5C AO@40.5C thermal@30.5C POM_5V_IN 2174/2091 POM_5V_GPU 82/83 POM_5V_CPU 574/473
RAM 1372/3964MB (lfb 8x4MB) SWAP 793/6078MB (cached 34MB) IRAM 0/252kB(lfb 252kB) CPU [8%@921,7%@921,off,off] EMC_FREQ 0%@1600 GR3D_FREQ 0%@614 APE 25 PLL@30C CPU@31C iwlwifi@32C PMIC@50C GPU@30C AO@40.5C thermal@30.5C POM_5V_IN 2174/2091 POM_5V_GPU 82/83 POM_5V_CPU 574/474
RAM 1355/3964MB (lfb 8x4MB) SWAP 793/6078MB (cached 34MB) IRAM 0/252kB(lfb 252kB) CPU [7%@921,6%@921,off,off] EMC_FREQ 0%@1600 GR3D_FREQ 0%@614 APE 25 PLL@29.5C CPU@31.5C iwlwifi@32C PMIC@50C GPU@29.5C AO@40.5C thermal@30.5C POM_5V_IN 1890/2090 POM_5V_GPU 82/83 POM_5V_CPU 328/473
RAM 1370/3964MB (lfb 8x4MB) SWAP 793/6078MB (cached 34MB) IRAM 0/252kB(lfb 252kB) CPU [7%@921,6%@921,off,off] EMC_FREQ 0%@1600 GR3D_FREQ 0%@614 APE 25 PLL@29.5C CPU@31C iwlwifi@32C PMIC@50C GPU@29.5C AO@41C thermal@30.25C POM_5V_IN 2174/2091 POM_5V_GPU 82/83 POM_5V_CPU 574/474
RAM 1372/3964MB (lfb 8x4MB) SWAP 793/6078MB (cached 34MB) IRAM 0/252kB(lfb 252kB) CPU [6%@921,7%@921,off,off] EMC_FREQ 0%@1600 GR3D_FREQ 0%@614 APE 25 PLL@29.5C CPU@31.5C iwlwifi@32C PMIC@50C GPU@30C AO@41C thermal@30.5C POM_5V_IN 1934/2090 POM_5V_GPU 82/83 POM_5V_CPU 370/473
RAM 1370/3964MB (lfb 8x4MB) SWAP 793/6078MB (cached 34MB) IRAM 0/252kB(lfb 252kB) CPU [6%@921,7%@921,off,off] EMC_FREQ 0%@1600 GR3D_FREQ 0%@614 APE 25 PLL@29.5C CPU@31.5C iwlwifi@32C PMIC@50C GPU@29.5C AO@41C thermal@30.5C POM_5V_IN 1934/2090 POM_5V_GPU 82/83 POM_5V_CPU 329/473
RAM 1369/3964MB (lfb 8x4MB) SWAP 793/6078MB (cached 34MB) IRAM 0/252kB(lfb 252kB) CPU [7%@921,6%@921,off,off] EMC_FREQ 0%@1600 GR3D_FREQ 0%@614 APE 25 PLL@29.5C CPU@32C iwlwifi@32C PMIC@50C GPU@29.5C AO@40.5C thermal@30.25C POM_5V_IN 1934/2090 POM_5V_GPU 82/83 POM_5V_CPU 329/473
RAM 1374/3964MB (lfb 8x4MB) SWAP 793/6078MB (cached 34MB) IRAM 0/252kB(lfb 252kB) CPU [7%@921,7%@921,off,off] EMC_FREQ 0%@1600 GR3D_FREQ 0%@614 APE 25 PLL@29.5C CPU@31.5C iwlwifi@32C PMIC@50C GPU@29.5C AO@40.5C thermal@30.25C POM_5V_IN 2054/2090 POM_5V_GPU 82/83 POM_5V_CPU 451/473
RAM 1370/3964MB (lfb 8x4MB) SWAP 793/6078MB (cached 34MB) IRAM 0/252kB(lfb 252kB) CPU [6%@921,7%@921,off,off] EMC_FREQ 0%@1600 GR3D_FREQ 0%@614 APE 25 PLL@29.5C CPU@31.5C iwlwifi@32C PMIC@50C GPU@29.5C AO@41C thermal@30.5C POM_5V_IN 1931/2090 POM_5V_GPU 82/83 POM_5V_CPU 369/473
RAM 1372/3964MB (lfb 8x4MB) SWAP 793/6078MB (cached 34MB) IRAM 0/252kB(lfb 252kB) CPU [5%@921,8%@921,off,off] EMC_FREQ 0%@1600 GR3D_FREQ 0%@614 APE 25 PLL@29.5C CPU@31.5C iwlwifi@32C PMIC@50C GPU@30C AO@40.5C thermal@30.5C POM_5V_IN 2133/2090 POM_5V_GPU 82/83 POM_5V_CPU 492/473
RAM 1356/3964MB (lfb 8x4MB) SWAP 793/6078MB (cached 34MB) IRAM 0/252kB(lfb 252kB) CPU [9%@921,4%@921,off,off] EMC_FREQ 0%@1600 GR3D_FREQ 0%@614 APE 25 PLL@29.5C CPU@31.5C iwlwifi@32C PMIC@50C GPU@29.5C AO@41C thermal@30.5C POM_5V_IN 2256/2090 POM_5V_GPU 82/83 POM_5V_CPU 614/473
RAM 1355/3964MB (lfb 8x4MB) SWAP 793/6078MB (cached 34MB) IRAM 0/252kB(lfb 252kB) CPU [6%@921,7%@921,off,off] EMC_FREQ 0%@1600 GR3D_FREQ 0%@614 APE 25 PLL@29.5C CPU@31C iwlwifi@32C PMIC@50C GPU@29.5C AO@41C thermal@30.75C POM_5V_IN 2215/2090 POM_5V_GPU 82/83 POM_5V_CPU 574/473
RAM 1355/3964MB (lfb 8x4MB) SWAP 793/6078MB (cached 34MB) IRAM 0/252kB(lfb 252kB) CPU [9%@921,4%@921,off,off] EMC_FREQ 0%@1600 GR3D_FREQ 0%@614 APE 25 PLL@29.5C CPU@31.5C iwlwifi@32C PMIC@50C GPU@29.5C AO@41C thermal@30.75C POM_5V_IN 2174/2090 POM_5V_GPU 82/83 POM_5V_CPU 533/473
RAM 1370/3964MB (lfb 8x4MB) SWAP 793/6078MB (cached 34MB) IRAM 0/252kB(lfb 252kB) CPU [10%@921,3%@921,off,off] EMC_FREQ 0%@1600 GR3D_FREQ 0%@614 APE 25 PLL@29.5C CPU@31C iwlwifi@32C PMIC@50C GPU@29.5C AO@41C thermal@30.5C POM_5V_IN 2174/2090 POM_5V_GPU 82/83 POM_5V_CPU 574/473
RAM 1355/3964MB (lfb 8x4MB) SWAP 793/6078MB (cached 34MB) IRAM 0/252kB(lfb 252kB) CPU [8%@921,5%@921,off,off] EMC_FREQ 0%@1600 GR3D_FREQ 0%@614 APE 25 PLL@29.5C CPU@31C iwlwifi@32C PMIC@50C GPU@30C AO@41C thermal@30.5C POM_5V_IN 2054/2090 POM_5V_GPU 82/83 POM_5V_CPU 451/473
RAM 1372/3964MB (lfb 8x4MB) SWAP 793/6078MB (cached 34MB) IRAM 0/252kB(lfb 252kB) CPU [5%@921,8%@921,off,off] EMC_FREQ 0%@1600 GR3D_FREQ 0%@614 APE 25 PLL@29.5C CPU@31.5C iwlwifi@32C PMIC@50C GPU@29.5C AO@41C thermal@30.5C POM_5V_IN 2174/2090 POM_5V_GPU 82/83 POM_5V_CPU 533/473
RAM 1374/3964MB (lfb 8x4MB) SWAP 793/6078MB (cached 34MB) IRAM 0/252kB(lfb 252kB) CPU [7%@921,7%@921,off,off] EMC_FREQ 0%@1600 GR3D_FREQ 0%@614 APE 25 PLL@29.5C CPU@31.5C iwlwifi@32C PMIC@50C GPU@29.5C AO@41C thermal@30.25C POM_5V_IN 1892/2090 POM_5V_GPU 82/83 POM_5V_CPU 288/473
RAM 1374/3964MB (lfb 8x4MB) SWAP 793/6078MB (cached 34MB) IRAM 0/252kB(lfb 252kB) CPU [5%@921,8%@921,off,off] EMC_FREQ 0%@1600 GR3D_FREQ 0%@614 APE 25 PLL@29.5C CPU@31C iwlwifi@32C PMIC@50C GPU@29.5C AO@40.5C thermal@30.5C POM_5V_IN 1931/2090 POM_5V_GPU 82/83 POM_5V_CPU 328/473
RAM 1374/3964MB (lfb 8x4MB) SWAP 793/6078MB (cached 34MB) IRAM 0/252kB(lfb 252kB) CPU [6%@921,7%@921,off,off] EMC_FREQ 0%@1600 GR3D_FREQ 0%@614 APE 25 PLL@30C CPU@31.5C iwlwifi@32C PMIC@50C GPU@29.5C AO@40.5C thermal@30.5C POM_5V_IN 1892/2090 POM_5V_GPU 82/83 POM_5V_CPU 329/473
RAM 1372/3964MB (lfb 8x4MB) SWAP 793/6078MB (cached 34MB) IRAM 0/252kB(lfb 252kB) CPU [5%@921,8%@921,off,off] EMC_FREQ 0%@1600 GR3D_FREQ 0%@614 APE 25 PLL@29.5C CPU@31C iwlwifi@32C PMIC@50C GPU@29.5C AO@41C thermal@30.5C POM_5V_IN 1892/2089 POM_5V_GPU 82/83 POM_5V_CPU 329/472
RAM 1370/3964MB (lfb 8x4MB) SWAP 793/6078MB (cached 34MB) IRAM 0/252kB(lfb 252kB) CPU [7%@921,7%@921,off,off] EMC_FREQ 0%@1600 GR3D_FREQ 0%@614 APE 25 PLL@30C CPU@31.5C iwlwifi@32C PMIC@50C GPU@29.5C AO@40.5C thermal@30.75C POM_5V_IN 2170/2089 POM_5V_GPU 81/83 POM_5V_CPU 532/473
RAM 1355/3964MB (lfb 8x4MB) SWAP 793/6078MB (cached 34MB) IRAM 0/252kB(lfb 252kB) CPU [8%@921,6%@921,off,off] EMC_FREQ 0%@1600 GR3D_FREQ 0%@614 APE 25 PLL@30C CPU@31.5C iwlwifi@32C PMIC@50C GPU@30C AO@41C thermal@30.75C POM_5V_IN 2293/2090 POM_5V_GPU 81/83 POM_5V_CPU 614/473
RAM 1374/3964MB (lfb 8x4MB) SWAP 793/6078MB (cached 34MB) IRAM 0/252kB(lfb 252kB) CPU [8%@921,5%@921,off,off] EMC_FREQ 0%@1600 GR3D_FREQ 0%@614 APE 25 PLL@29.5C CPU@31.5C iwlwifi@32C PMIC@50C GPU@29.5C AO@40.5C thermal@30.75C POM_5V_IN 2215/2090 POM_5V_GPU 82/83 POM_5V_CPU 574/473
RAM 1355/3964MB (lfb 8x4MB) SWAP 793/6078MB (cached 34MB) IRAM 0/252kB(lfb 252kB) CPU [6%@921,9%@921,off,off] EMC_FREQ 0%@1600 GR3D_FREQ 0%@614 APE 25 PLL@30C CPU@31.5C iwlwifi@32C PMIC@50C GPU@30C AO@40.5C thermal@30.25C POM_5V_IN 2174/2090 POM_5V_GPU 82/83 POM_5V_CPU 574/473
RAM 1355/3964MB (lfb 8x4MB) SWAP 793/6078MB (cached 34MB) IRAM 0/252kB(lfb 252kB) CPU [8%@921,6%@921,off,off] EMC_FREQ 0%@1600 GR3D_FREQ 0%@614 APE 25 PLL@30C CPU@31.5C iwlwifi@32C PMIC@50C GPU@29.5C AO@40.5C thermal@30.5C POM_5V_IN 2174/2090 POM_5V_GPU 82/83 POM_5V_CPU 574/473
RAM 1355/3964MB (lfb 8x4MB) SWAP 793/6078MB (cached 34MB) IRAM 0/252kB(lfb 252kB) CPU [5%@921,8%@921,off,off] EMC_FREQ 0%@1600 GR3D_FREQ 0%@614 APE 25 PLL@29.5C CPU@31.5C iwlwifi@32C PMIC@50C GPU@29.5C AO@40.5C thermal@30.5C POM_5V_IN 2174/2090 POM_5V_GPU 82/83 POM_5V_CPU 533/473
RAM 1372/3964MB (lfb 8x4MB) SWAP 793/6078MB (cached 34MB) IRAM 0/252kB(lfb 252kB) CPU [8%@921,5%@921,off,off] EMC_FREQ 0%@1600 GR3D_FREQ 0%@614 APE 25 PLL@29.5C CPU@31.5C iwlwifi@32C PMIC@50C GPU@29.5C AO@40.5C thermal@30.75C POM_5V_IN 2174/2090 POM_5V_GPU 82/83 POM_5V_CPU 574/473
RAM 1355/3964MB (lfb 8x4MB) SWAP 793/6078MB (cached 34MB) IRAM 0/252kB(lfb 252kB) CPU [6%@921,7%@921,off,off] EMC_FREQ 0%@1600 GR3D_FREQ 0%@614 APE 25 PLL@29.5C CPU@31.5C iwlwifi@32C PMIC@50C GPU@29.5C AO@40.5C thermal@30.5C POM_5V_IN 2174/2091 POM_5V_GPU 82/83 POM_5V_CPU 574/474
RAM 1374/3964MB (lfb 8x4MB) SWAP 793/6078MB (cached 34MB) IRAM 0/252kB(lfb 252kB) CPU [6%@921,7%@921,off,off] EMC_FREQ 0%@1600 GR3D_FREQ 0%@614 APE 25 PLL@30C CPU@31.5C iwlwifi@32C PMIC@50C GPU@29.5C AO@40.5C thermal@30.5C POM_5V_IN 2174/2091 POM_5V_GPU 82/83 POM_5V_CPU 533/474
RAM 1370/3964MB (lfb 8x4MB) SWAP 793/6078MB (cached 34MB) IRAM 0/252kB(lfb 252kB) CPU [5%@921,7%@921,off,off] EMC_FREQ 0%@1600 GR3D_FREQ 0%@614 APE 25 PLL@29.5C CPU@31.5C iwlwifi@32C PMIC@50C GPU@30C AO@40.5C thermal@30.25C POM_5V_IN 1892/2090 POM_5V_GPU 82/83 POM_5V_CPU 288/473
RAM 1370/3964MB (lfb 8x4MB) SWAP 793/6078MB (cached 34MB) IRAM 0/252kB(lfb 252kB) CPU [5%@921,8%@921,off,off] EMC_FREQ 0%@1600 GR3D_FREQ 0%@614 APE 25 PLL@30C CPU@31C iwlwifi@32C PMIC@50C GPU@30C AO@41C thermal@30.75C POM_5V_IN 1934/2090 POM_5V_GPU 82/83 POM_5V_CPU 329/473
RAM 1376/3964MB (lfb 8x4MB) SWAP 793/6078MB (cached 34MB) IRAM 0/252kB(lfb 252kB) CPU [6%@921,8%@921,off,off] EMC_FREQ 0%@1600 GR3D_FREQ 0%@614 APE 25 PLL@29.5C CPU@31.5C iwlwifi@32C PMIC@50C GPU@29.5C AO@40.5C thermal@30.5C POM_5V_IN 1934/2090 POM_5V_GPU 82/83 POM_5V_CPU 329/473
RAM 1372/3964MB (lfb 8x4MB) SWAP 793/6078MB (cached 34MB) IRAM 0/252kB(lfb 252kB) CPU [8%@921,5%@921,off,off] EMC_FREQ 0%@1600 GR3D_FREQ 0%@614 APE 25 PLL@30C CPU@31.5C iwlwifi@32C PMIC@50C GPU@29.5C AO@41C thermal@30.5C POM_5V_IN 2133/2090 POM_5V_GPU 82/83 POM_5V_CPU 533/473
RAM 1356/3964MB (lfb 8x4MB) SWAP 793/6078MB (cached 34MB) IRAM 0/252kB(lfb 252kB) CPU [8%@921,6%@921,off,off] EMC_FREQ 0%@1600 GR3D_FREQ 0%@614 APE 25 PLL@30C CPU@31.5C iwlwifi@32C PMIC@50C GPU@29.5C AO@41C thermal@30.25C POM_5V_IN 2297/2090 POM_5V_GPU 82/83 POM_5V_CPU 614/473
RAM 1356/3964MB (lfb 8x4MB) SWAP 793/6078MB (cached 34MB) IRAM 0/252kB(lfb 252kB) CPU [6%@921,6%@921,off,off] EMC_FREQ 0%@1600 GR3D_FREQ 0%@614 APE 25 PLL@30C CPU@31.5C iwlwifi@32C PMIC@50C GPU@29.5C AO@40.5C thermal@30.5C POM_5V_IN 2256/2091 POM_5V_GPU 82/83 POM_5V_CPU 614/473
RAM 1356/3964MB (lfb 8x4MB) SWAP 793/6078MB (cached 34MB) IRAM 0/252kB(lfb 252kB) CPU [9%@921,6%@921,off,off] EMC_FREQ 0%@1600 GR3D_FREQ 0%@614 APE 25 PLL@30C CPU@32C iwlwifi@32C PMIC@50C GPU@29.5C AO@40.5C thermal@30.5C POM_5V_IN 2174/2091 POM_5V_GPU 82/83 POM_5V_CPU 533/474
RAM 1370/3964MB (lfb 8x4MB) SWAP 793/6078MB (cached 34MB) IRAM 0/252kB(lfb 252kB) CPU [6%@921,6%@921,off,off] EMC_FREQ 0%@1600 GR3D_FREQ 0%@614 APE 25 PLL@30C CPU@31.5C iwlwifi@32C PMIC@50C GPU@29.5C AO@40.5C thermal@30.5C POM_5V_IN 2174/2091 POM_5V_GPU 82/83 POM_5V_CPU 574/474
RAM 1355/3964MB (lfb 8x4MB) SWAP 793/6078MB (cached 34MB) IRAM 0/252kB(lfb 252kB) CPU [8%@921,6%@921,off,off] EMC_FREQ 0%@1600 GR3D_FREQ 0%@614 APE 25 PLL@29.5C CPU@31.5C iwlwifi@32C PMIC@50C GPU@29.5C AO@41C thermal@30.5C POM_5V_IN 1934/2091 POM_5V_GPU 82/83 POM_5V_CPU 329/474
RAM 1370/3964MB (lfb 8x4MB) SWAP 793/6078MB (cached 34MB) IRAM 0/252kB(lfb 252kB) CPU [6%@921,7%@921,off,off] EMC_FREQ 0%@1600 GR3D_FREQ 0%@614 APE 25 PLL@30C CPU@31.5C iwlwifi@32C PMIC@50C GPU@29.5C AO@41C thermal@30.75C POM_5V_IN 2174/2091 POM_5V_GPU 82/83 POM_5V_CPU 574/474
RAM 1374/3964MB (lfb 8x4MB) SWAP 793/6078MB (cached 34MB) IRAM 0/252kB(lfb 252kB) CPU [9%@921,5%@921,off,off] EMC_FREQ 0%@1600 GR3D_FREQ 0%@614 APE 25 PLL@29.5C CPU@31.5C iwlwifi@32C PMIC@50C GPU@30C AO@41C thermal@30.5C POM_5V_IN 1892/2090 POM_5V_GPU 82/83 POM_5V_CPU 288/473
RAM 1374/3964MB (lfb 8x4MB) SWAP 793/6078MB (cached 34MB) IRAM 0/252kB(lfb 252kB) CPU [5%@921,8%@921,off,off] EMC_FREQ 0%@1600 GR3D_FREQ 0%@614 APE 25 PLL@30C CPU@31.5C iwlwifi@32C PMIC@50C GPU@29.5C AO@40.5C thermal@30.5C POM_5V_IN 1934/2090 POM_5V_GPU 82/83 POM_5V_CPU 329/473
RAM 1372/3964MB (lfb 8x4MB) SWAP 793/6078MB (cached 34MB) IRAM 0/252kB(lfb 252kB) CPU [9%@921,4%@921,off,off] EMC_FREQ 0%@1600 GR3D_FREQ 0%@614 APE 25 PLL@29.5C CPU@31.5C iwlwifi@32C PMIC@50C GPU@30C AO@41C thermal@30.5C POM_5V_IN 1934/2090 POM_5V_GPU 82/83 POM_5V_CPU 370/473
RAM 1370/3964MB (lfb 8x4MB) SWAP 793/6078MB (cached 34MB) IRAM 0/252kB(lfb 252kB) CPU [7%@921,6%@921,off,off] EMC_FREQ 0%@1600 GR3D_FREQ 0%@614 APE 25 PLL@29.5C CPU@31.5C iwlwifi@32C PMIC@50C GPU@30C AO@40.5C thermal@30.5C POM_5V_IN 1934/2090 POM_5V_GPU 82/83 POM_5V_CPU 329/473
RAM 1372/3964MB (lfb 8x4MB) SWAP 793/6078MB (cached 34MB) IRAM 0/252kB(lfb 252kB) CPU [8%@921,7%@921,off,off] EMC_FREQ 0%@1600 GR3D_FREQ 0%@614 APE 25 PLL@30C CPU@31.5C iwlwifi@32C PMIC@50C GPU@29.5C AO@41C thermal@30.75C POM_5V_IN 1934/2089 POM_5V_GPU 82/83 POM_5V_CPU 329/473
RAM 1368/3964MB (lfb 8x4MB) SWAP 793/6078MB (cached 34MB) IRAM 0/252kB(lfb 252kB) CPU [6%@921,7%@921,off,off] EMC_FREQ 0%@1600 GR3D_FREQ 0%@614 APE 25 PLL@30C CPU@31.5C iwlwifi@32C PMIC@50C GPU@29.5C AO@41C thermal@30.5C POM_5V_IN 2174/2090 POM_5V_GPU 82/83 POM_5V_CPU 533/473
RAM 1356/3964MB (lfb 8x4MB) SWAP 793/6078MB (cached 34MB) IRAM 0/252kB(lfb 252kB) CPU [9%@921,5%@921,off,off] EMC_FREQ 0%@1600 GR3D_FREQ 0%@614 APE 25 PLL@30C CPU@31.5C iwlwifi@32C PMIC@50C GPU@29.5C AO@41C thermal@30.5C POM_5V_IN 2256/2090 POM_5V_GPU 82/83 POM_5V_CPU 615/473
RAM 1356/3964MB (lfb 8x4MB) SWAP 793/6078MB (cached 34MB) IRAM 0/252kB(lfb 252kB) CPU [8%@921,5%@921,off,off] EMC_FREQ 0%@1600 GR3D_FREQ 0%@614 APE 25 PLL@30C CPU@31.5C iwlwifi@32C PMIC@50C GPU@29.5C AO@41C thermal@30.5C POM_5V_IN 2215/2090 POM_5V_GPU 82/83 POM_5V_CPU 574/473
RAM 1356/3964MB (lfb 8x4MB) SWAP 793/6078MB (cached 34MB) IRAM 0/252kB(lfb 252kB) CPU [7%@921,6%@921,off,off] EMC_FREQ 0%@1600 GR3D_FREQ 0%@614 APE 25 PLL@29.5C CPU@31.5C iwlwifi@32C PMIC@50C GPU@29.5C AO@41C thermal@30.25C POM_5V_IN 2174/2090 POM_5V_GPU 82/83 POM_5V_CPU 533/473
RAM 1370/3964MB (lfb 8x4MB) SWAP 793/6078MB (cached 34MB) IRAM 0/252kB(lfb 252kB) CPU [9%@921,5%@921,off,off] EMC_FREQ 0%@1600 GR3D_FREQ 0%@614 APE 25 PLL@29.5C CPU@31.5C iwlwifi@32C PMIC@50C GPU@29.5C AO@41C thermal@30.5C POM_5V_IN 2174/2090 POM_5V_GPU 82/83 POM_5V_CPU 574/473
RAM 1355/3964MB (lfb 8x4MB) SWAP 793/6078MB (cached 34MB) IRAM 0/252kB(lfb 252kB) CPU [6%@921,7%@921,off,off] EMC_FREQ 0%@1600 GR3D_FREQ 0%@614 APE 25 PLL@30C CPU@31.5C iwlwifi@32C PMIC@50C GPU@29.5C AO@41C thermal@30.25C POM_5V_IN 1892/2090 POM_5V_GPU 82/83 POM_5V_CPU 288/473
RAM 1374/3964MB (lfb 8x4MB) SWAP 793/6078MB (cached 34MB) IRAM 0/252kB(lfb 252kB) CPU [6%@921,7%@921,off,off] EMC_FREQ 0%@1600 GR3D_FREQ 0%@614 APE 25 PLL@29.5C CPU@31.5C iwlwifi@32C PMIC@50C GPU@29.5C AO@41C thermal@30.5C POM_5V_IN 2174/2090 POM_5V_GPU 81/83 POM_5V_CPU 573/473
RAM 1370/3964MB (lfb 8x4MB) SWAP 793/6078MB (cached 34MB) IRAM 0/252kB(lfb 252kB) CPU [5%@921,9%@921,off,off] EMC_FREQ 0%@1600 GR3D_FREQ 0%@614 APE 25 PLL@29.5C CPU@31.5C iwlwifi@32C PMIC@50C GPU@30C AO@41C thermal@30.25C POM_5V_IN 1934/2090 POM_5V_GPU 82/83 POM_5V_CPU 329/473
RAM 1374/3964MB (lfb 8x4MB) SWAP 793/6078MB (cached 34MB) IRAM 0/252kB(lfb 252kB) CPU [6%@921,8%@921,off,off] EMC_FREQ 0%@1600 GR3D_FREQ 0%@614 APE 25 PLL@30C CPU@31C iwlwifi@32C PMIC@50C GPU@29.5C AO@40.5C thermal@30.5C POM_5V_IN 1934/2090 POM_5V_GPU 82/83 POM_5V_CPU 329/473
RAM 1372/3964MB (lfb 8x4MB) SWAP 793/6078MB (cached 34MB) IRAM 0/252kB(lfb 252kB) CPU [4%@921,8%@921,off,off] EMC_FREQ 0%@1600 GR3D_FREQ 0%@614 APE 25 PLL@29.5C CPU@31.5C iwlwifi@32C PMIC@50C GPU@29.5C AO@41C thermal@30.5C POM_5V_IN 1892/2089 POM_5V_GPU 82/83 POM_5V_CPU 288/472
RAM 1372/3964MB (lfb 8x4MB) SWAP 793/6078MB (cached 34MB) IRAM 0/252kB(lfb 252kB) CPU [6%@921,8%@921,off,off] EMC_FREQ 0%@1600 GR3D_FREQ 0%@614 APE 25 PLL@30C CPU@31C iwlwifi@32C PMIC@50C GPU@29.5C AO@41C thermal@30.5C POM_5V_IN 1934/2089 POM_5V_GPU 82/83 POM_5V_CPU 329/472
RAM 1372/3964MB (lfb 8x4MB) SWAP 793/6078MB (cached 34MB) IRAM 0/252kB(lfb 252kB) CPU [6%@921,7%@921,off,off] EMC_FREQ 0%@1600 GR3D_FREQ 0%@614 APE 25 PLL@30C CPU@31.5C iwlwifi@33C PMIC@50C GPU@29.5C AO@40.5C thermal@30.5C POM_5V_IN 2256/2089 POM_5V_GPU 82/83 POM_5V_CPU 410/472
RAM 1356/3964MB (lfb 8x4MB) SWAP 793/6078MB (cached 34MB) IRAM 0/252kB(lfb 252kB) CPU [8%@921,7%@921,off,off] EMC_FREQ 0%@1600 GR3D_FREQ 0%@614 APE 25 PLL@30C CPU@31.5C iwlwifi@32C PMIC@50C GPU@29.5C AO@41C thermal@30.5C POM_5V_IN 2334/2090 POM_5V_GPU 81/83 POM_5V_CPU 654/472
RAM 1355/3964MB (lfb 8x4MB) SWAP 793/6078MB (cached 34MB) IRAM 0/252kB(lfb 252kB) CPU [7%@921,7%@921,off,off] EMC_FREQ 0%@1600 GR3D_FREQ 0%@614 APE 25 PLL@29.5C CPU@31.5C iwlwifi@32C PMIC@50C GPU@29.5C AO@40.5C thermal@30.75C POM_5V_IN 2215/2090 POM_5V_GPU 82/83 POM_5V_CPU 574/473
RAM 1356/3964MB (lfb 8x4MB) SWAP 793/6078MB (cached 34MB) IRAM 0/252kB(lfb 252kB) CPU [8%@921,6%@921,off,off] EMC_FREQ 0%@1600 GR3D_FREQ 0%@614 APE 25 PLL@30C CPU@31.5C iwlwifi@32C PMIC@50C GPU@30C AO@41C thermal@30.75C POM_5V_IN 2174/2090 POM_5V_GPU 82/83 POM_5V_CPU 574/473
RAM 1355/3964MB (lfb 8x4MB) SWAP 793/6078MB (cached 34MB) IRAM 0/252kB(lfb 252kB) CPU [6%@921,7%@921,off,off] EMC_FREQ 0%@1600 GR3D_FREQ 0%@614 APE 25 PLL@30C CPU@31.5C iwlwifi@32C PMIC@50C GPU@30C AO@41C thermal@30.5C POM_5V_IN 2174/2090 POM_5V_GPU 82/83 POM_5V_CPU 574/473
RAM 1374/3964MB (lfb 8x4MB) SWAP 793/6078MB (cached 34MB) IRAM 0/252kB(lfb 252kB) CPU [6%@921,6%@921,off,off] EMC_FREQ 0%@1600 GR3D_FREQ 0%@614 APE 25 PLL@30C CPU@31.5C iwlwifi@32C PMIC@50C GPU@30C AO@40.5C thermal@30.75C POM_5V_IN 2215/2090 POM_5V_GPU 82/83 POM_5V_CPU 574/473
RAM 1359/3964MB (lfb 8x4MB) SWAP 793/6078MB (cached 34MB) IRAM 0/252kB(lfb 252kB) CPU [6%@921,9%@921,off,off] EMC_FREQ 0%@1600 GR3D_FREQ 0%@614 APE 25 PLL@30C CPU@31.5C iwlwifi@32C PMIC@50C GPU@29.5C AO@41C thermal@30.5C POM_5V_IN 2013/2090 POM_5V_GPU 82/83 POM_5V_CPU 493/473
RAM 1372/3964MB (lfb 8x4MB) SWAP 793/6078MB (cached 34MB) IRAM 0/252kB(lfb 252kB) CPU [4%@921,8%@921,off,off] EMC_FREQ 0%@1600 GR3D_FREQ 0%@614 APE 25 PLL@30C CPU@31.5C iwlwifi@32C PMIC@50C GPU@30C AO@40.5C thermal@30.75C POM_5V_IN 2136/2090 POM_5V_GPU 82/83 POM_5V_CPU 533/473
RAM 1370/3964MB (lfb 8x4MB) SWAP 793/6078MB (cached 34MB) IRAM 0/252kB(lfb 252kB) CPU [7%@921,7%@921,off,off] EMC_FREQ 0%@1600 GR3D_FREQ 0%@614 APE 25 PLL@30C CPU@31.5C iwlwifi@32C PMIC@50C GPU@29.5C AO@40.5C thermal@30.5C POM_5V_IN 1934/2090 POM_5V_GPU 82/83 POM_5V_CPU 329/473
RAM 1375/3964MB (lfb 8x4MB) SWAP 793/6078MB (cached 34MB) IRAM 0/252kB(lfb 252kB) CPU [6%@921,7%@921,off,off] EMC_FREQ 0%@1600 GR3D_FREQ 0%@614 APE 25 PLL@30C CPU@31.5C iwlwifi@32C PMIC@50C GPU@30C AO@41C thermal@30.75C POM_5V_IN 1892/2090 POM_5V_GPU 82/83 POM_5V_CPU 329/473
RAM 1374/3964MB (lfb 8x4MB) SWAP 793/6078MB (cached 34MB) IRAM 0/252kB(lfb 252kB) CPU [7%@921,7%@921,off,off] EMC_FREQ 0%@1600 GR3D_FREQ 0%@614 APE 25 PLL@29.5C CPU@31C iwlwifi@32C PMIC@50C GPU@30C AO@41C thermal@30.5C POM_5V_IN 1934/2090 POM_5V_GPU 82/83 POM_5V_CPU 329/473
RAM 1370/3964MB (lfb 8x4MB) SWAP 793/6078MB (cached 34MB) IRAM 0/252kB(lfb 252kB) CPU [7%@921,5%@921,off,off] EMC_FREQ 0%@1600 GR3D_FREQ 0%@614 APE 25 PLL@30C CPU@32C iwlwifi@32C PMIC@50C GPU@29.5C AO@40.5C thermal@30.5C POM_5V_IN 1892/2089 POM_5V_GPU 82/83 POM_5V_CPU 288/472
RAM 1370/3964MB (lfb 8x4MB) SWAP 793/6078MB (cached 34MB) IRAM 0/252kB(lfb 252kB) CPU [4%@921,10%@921,off,off] EMC_FREQ 0%@1600 GR3D_FREQ 0%@614 APE 25 PLL@29.5C CPU@31.5C iwlwifi@32C PMIC@50C GPU@29.5C AO@41C thermal@30.5C POM_5V_IN 2095/2089 POM_5V_GPU 82/83 POM_5V_CPU 533/472
RAM 1356/3964MB (lfb 8x4MB) SWAP 793/6078MB (cached 34MB) IRAM 0/252kB(lfb 252kB) CPU [7%@921,6%@921,off,off] EMC_FREQ 0%@1600 GR3D_FREQ 0%@614 APE 25 PLL@30C CPU@31.5C iwlwifi@32C PMIC@50C GPU@29.5C AO@41C thermal@30.5C POM_5V_IN 2133/2089 POM_5V_GPU 82/83 POM_5V_CPU 492/472
RAM 1356/3964MB (lfb 8x4MB) SWAP 793/6078MB (cached 34MB) IRAM 0/252kB(lfb 252kB) CPU [7%@921,7%@921,off,off] EMC_FREQ 0%@1600 GR3D_FREQ 0%@614 APE 25 PLL@29.5C CPU@32C iwlwifi@32C PMIC@50C GPU@29.5C AO@41C thermal@30.75C POM_5V_IN 2174/2089 POM_5V_GPU 82/83 POM_5V_CPU 574/473
RAM 1355/3964MB (lfb 8x4MB) SWAP 793/6078MB (cached 34MB) IRAM 0/252kB(lfb 252kB) CPU [6%@921,8%@921,off,off] EMC_FREQ 0%@1600 GR3D_FREQ 0%@614 APE 25 PLL@29.5C CPU@31.5C iwlwifi@32C PMIC@50C GPU@29.5C AO@41C thermal@30.5C POM_5V_IN 2174/2090 POM_5V_GPU 82/83 POM_5V_CPU 533/473
RAM 1356/3964MB (lfb 8x4MB) SWAP 793/6078MB (cached 34MB) IRAM 0/252kB(lfb 252kB) CPU [6%@921,8%@921,off,off] EMC_FREQ 0%@1600 GR3D_FREQ 0%@614 APE 25 PLL@29.5C CPU@31.5C iwlwifi@32C PMIC@50C GPU@30C AO@41C thermal@30.75C POM_5V_IN 2174/2090 POM_5V_GPU 82/83 POM_5V_CPU 574/473
RAM 1370/3964MB (lfb 8x4MB) SWAP 793/6078MB (cached 34MB) IRAM 0/252kB(lfb 252kB) CPU [6%@921,7%@921,off,off] EMC_FREQ 0%@1600 GR3D_FREQ 0%@614 APE 25 PLL@30C CPU@31.5C iwlwifi@32C PMIC@50C GPU@30C AO@41C thermal@30.75C POM_5V_IN 2174/2090 POM_5V_GPU 82/83 POM_5V_CPU 574/473
RAM 1356/3964MB (lfb 8x4MB) SWAP 793/6078MB (cached 34MB) IRAM 0/252kB(lfb 252kB) CPU [6%@921,8%@921,off,off] EMC_FREQ 0%@1600 GR3D_FREQ 0%@614 APE 25 PLL@29.5C CPU@32C iwlwifi@32C PMIC@50C GPU@30.5C AO@41C thermal@30.75C POM_5V_IN 1934/2090 POM_5V_GPU 82/83 POM_5V_CPU 329/473
RAM 1372/3964MB (lfb 8x4MB) SWAP 793/6078MB (cached 34MB) IRAM 0/252kB(lfb 252kB) CPU [7%@921,6%@921,off,off] EMC_FREQ 0%@1600 GR3D_FREQ 0%@614 APE 25 PLL@30C CPU@31C iwlwifi@32C PMIC@50C GPU@30C AO@40.5C thermal@30.5C POM_5V_IN 2174/2090 POM_5V_GPU 82/83 POM_5V_CPU 574/473
RAM 1370/3964MB (lfb 8x4MB) SWAP 793/6078MB (cached 34MB) IRAM 0/252kB(lfb 252kB) CPU [7%@921,7%@921,off,off] EMC_FREQ 0%@1600 GR3D_FREQ 0%@614 APE 25 PLL@30C CPU@31.5C iwlwifi@32C PMIC@50C GPU@29.5C AO@40.5C thermal@30.5C POM_5V_IN 1892/2089 POM_5V_GPU 82/83 POM_5V_CPU 288/473
RAM 1374/3964MB (lfb 8x4MB) SWAP 793/6078MB (cached 34MB) IRAM 0/252kB(lfb 252kB) CPU [7%@921,7%@921,off,off] EMC_FREQ 0%@1600 GR3D_FREQ 0%@614 APE 25 PLL@29.5C CPU@32C iwlwifi@32C PMIC@50C GPU@30C AO@41C thermal@30.75C POM_5V_IN 1934/2089 POM_5V_GPU 82/83 POM_5V_CPU 329/472
RAM 1371/3964MB (lfb 8x4MB) SWAP 793/6078MB (cached 34MB) IRAM 0/252kB(lfb 252kB) CPU [8%@921,6%@921,off,off] EMC_FREQ 0%@1600 GR3D_FREQ 0%@614 APE 25 PLL@29.5C CPU@31.5C iwlwifi@32C PMIC@50C GPU@29.5C AO@41C thermal@30.75C POM_5V_IN 1934/2089 POM_5V_GPU 82/83 POM_5V_CPU 329/472
RAM 1373/3964MB (lfb 8x4MB) SWAP 793/6078MB (cached 34MB) IRAM 0/252kB(lfb 252kB) CPU [4%@921,10%@921,off,off] EMC_FREQ 0%@1600 GR3D_FREQ 0%@614 APE 25 PLL@29.5C CPU@31.5C iwlwifi@32C PMIC@50C GPU@30C AO@40.5C thermal@30.75C POM_5V_IN 1975/2089 POM_5V_GPU 82/83 POM_5V_CPU 369/472
RAM 1357/3964MB (lfb 8x4MB) SWAP 793/6078MB (cached 34MB) IRAM 0/252kB(lfb 252kB) CPU [5%@921,9%@921,off,off] EMC_FREQ 0%@1600 GR3D_FREQ 0%@614 APE 25 PLL@29.5C CPU@31.5C iwlwifi@32C PMIC@50C GPU@30C AO@41C thermal@30.75C POM_5V_IN 1934/2089 POM_5V_GPU 82/83 POM_5V_CPU 369/472
RAM 1357/3964MB (lfb 8x4MB) SWAP 793/6078MB (cached 34MB) IRAM 0/252kB(lfb 252kB) CPU [7%@921,6%@921,off,off] EMC_FREQ 0%@1600 GR3D_FREQ 0%@614 APE 25 PLL@30C CPU@31.5C iwlwifi@32C PMIC@50C GPU@29.5C AO@40.5C thermal@30.5C POM_5V_IN 2256/2089 POM_5V_GPU 82/83 POM_5V_CPU 615/472
RAM 1357/3964MB (lfb 8x4MB) SWAP 793/6078MB (cached 34MB) IRAM 0/252kB(lfb 252kB) CPU [5%@921,8%@921,off,off] EMC_FREQ 0%@1600 GR3D_FREQ 0%@614 APE 25 PLL@30C CPU@32C iwlwifi@32C PMIC@50C GPU@29.5C AO@41C thermal@30.5C POM_5V_IN 2174/2089 POM_5V_GPU 82/83 POM_5V_CPU 574/472
RAM 1357/3964MB (lfb 8x4MB) SWAP 793/6078MB (cached 34MB) IRAM 0/252kB(lfb 252kB) CPU [5%@921,9%@921,off,off] EMC_FREQ 0%@1600 GR3D_FREQ 0%@614 APE 25 PLL@29.5C CPU@31.5C iwlwifi@32C PMIC@50C GPU@29.5C AO@40.5C thermal@30.5C POM_5V_IN 2174/2089 POM_5V_GPU 82/83 POM_5V_CPU 574/472
RAM 1371/3964MB (lfb 8x4MB) SWAP 793/6078MB (cached 34MB) IRAM 0/252kB(lfb 252kB) CPU [6%@921,6%@921,off,off] EMC_FREQ 0%@1600 GR3D_FREQ 0%@614 APE 25 PLL@29.5C CPU@31.5C iwlwifi@32C PMIC@50C GPU@29.5C AO@41C thermal@30.5C POM_5V_IN 2174/2089 POM_5V_GPU 82/83 POM_5V_CPU 533/472
RAM 1357/3964MB (lfb 8x4MB) SWAP 793/6078MB (cached 34MB) IRAM 0/252kB(lfb 252kB) CPU [5%@921,8%@921,off,off] EMC_FREQ 0%@1600 GR3D_FREQ 0%@614 APE 25 PLL@29.5C CPU@31.5C iwlwifi@32C PMIC@50C GPU@29.5C AO@41C thermal@30.5C POM_5V_IN 1934/2089 POM_5V_GPU 82/83 POM_5V_CPU 329/472
RAM 1371/3964MB (lfb 8x4MB) SWAP 793/6078MB (cached 34MB) IRAM 0/252kB(lfb 252kB) CPU [6%@921,6%@921,off,off] EMC_FREQ 0%@1600 GR3D_FREQ 0%@614 APE 25 PLL@29.5C CPU@31.5C iwlwifi@32C PMIC@50C GPU@29.5C AO@40.5C thermal@30.5C POM_5V_IN 2174/2089 POM_5V_GPU 82/83 POM_5V_CPU 574/472
RAM 1373/3964MB (lfb 8x4MB) SWAP 793/6078MB (cached 34MB) IRAM 0/252kB(lfb 252kB) CPU [7%@921,6%@921,off,off] EMC_FREQ 0%@1600 GR3D_FREQ 0%@614 APE 25 PLL@29.5C CPU@31.5C iwlwifi@32C PMIC@50C GPU@30C AO@41C thermal@30.5C POM_5V_IN 1892/2089 POM_5V_GPU 82/83 POM_5V_CPU 329/472
RAM 1371/3964MB (lfb 8x4MB) SWAP 793/6078MB (cached 34MB) IRAM 0/252kB(lfb 252kB) CPU [6%@921,6%@921,off,off] EMC_FREQ 0%@1600 GR3D_FREQ 0%@614 APE 25 PLL@30C CPU@31.5C iwlwifi@32C PMIC@50C GPU@30C AO@41C thermal@30.75C POM_5V_IN 1851/2089 POM_5V_GPU 82/83 POM_5V_CPU 246/472
RAM 1373/3964MB (lfb 8x4MB) SWAP 793/6078MB (cached 34MB) IRAM 0/252kB(lfb 252kB) CPU [7%@921,6%@921,off,off] EMC_FREQ 0%@1600 GR3D_FREQ 0%@614 APE 25 PLL@30C CPU@31.5C iwlwifi@32C PMIC@50C GPU@29.5C AO@40.5C thermal@30.75C POM_5V_IN 1892/2088 POM_5V_GPU 82/83 POM_5V_CPU 329/472
RAM 1371/3964MB (lfb 8x4MB) SWAP 793/6078MB (cached 34MB) IRAM 0/252kB(lfb 252kB) CPU [7%@921,6%@921,off,off] EMC_FREQ 0%@1600 GR3D_FREQ 0%@614 APE 25 PLL@29.5C CPU@31.5C iwlwifi@32C PMIC@50C GPU@29.5C AO@40.5C thermal@30.5C POM_5V_IN 2174/2088 POM_5V_GPU 82/83 POM_5V_CPU 574/472
RAM 1375/3964MB (lfb 8x4MB) SWAP 793/6078MB (cached 34MB) IRAM 0/252kB(lfb 252kB) CPU [4%@921,9%@921,off,off] EMC_FREQ 0%@1600 GR3D_FREQ 0%@614 APE 25 PLL@30C CPU@31.5C iwlwifi@33C PMIC@50C GPU@30C AO@40.5C thermal@30.5C POM_5V_IN 1934/2088 POM_5V_GPU 82/83 POM_5V_CPU 329/472
RAM 1371/3964MB (lfb 8x4MB) SWAP 793/6078MB (cached 34MB) IRAM 0/252kB(lfb 252kB) CPU [5%@921,9%@921,off,off] EMC_FREQ 0%@1600 GR3D_FREQ 0%@614 APE 25 PLL@30C CPU@31.5C iwlwifi@32C PMIC@50C GPU@29.5C AO@40.5C thermal@30.75C POM_5V_IN 2174/2088 POM_5V_GPU 82/83 POM_5V_CPU 533/472
RAM 1371/3964MB (lfb 8x4MB) SWAP 793/6078MB (cached 34MB) IRAM 0/252kB(lfb 252kB) CPU [8%@921,7%@921,off,off] EMC_FREQ 0%@1600 GR3D_FREQ 0%@614 APE 25 PLL@29.5C CPU@31.5C iwlwifi@32C PMIC@50C GPU@29.5C AO@40.5C thermal@30.5C POM_5V_IN 2136/2088 POM_5V_GPU 82/83 POM_5V_CPU 493/472
RAM 1375/3964MB (lfb 8x4MB) SWAP 793/6078MB (cached 34MB) IRAM 0/252kB(lfb 252kB) CPU [7%@921,6%@921,off,off] EMC_FREQ 0%@1600 GR3D_FREQ 0%@614 APE 25 PLL@29.5C CPU@31.5C iwlwifi@32C PMIC@50C GPU@29.5C AO@41C thermal@30.5C POM_5V_IN 2256/2089 POM_5V_GPU 82/83 POM_5V_CPU 615/472
RAM 1373/3964MB (lfb 8x4MB) SWAP 793/6078MB (cached 34MB) IRAM 0/252kB(lfb 252kB) CPU [4%@921,8%@921,off,off] EMC_FREQ 0%@1600 GR3D_FREQ 0%@614 APE 25 PLL@29.5C CPU@31.5C iwlwifi@32C PMIC@50C GPU@29.5C AO@40.5C thermal@30.5C POM_5V_IN 2215/2089 POM_5V_GPU 82/83 POM_5V_CPU 574/472
RAM 1373/3964MB (lfb 8x4MB) SWAP 793/6078MB (cached 34MB) IRAM 0/252kB(lfb 252kB) CPU [6%@921,7%@921,off,off] EMC_FREQ 0%@1600 GR3D_FREQ 0%@614 APE 25 PLL@30C CPU@31.5C iwlwifi@32C PMIC@50C GPU@29.5C AO@40.5C thermal@30.75C POM_5V_IN 2174/2089 POM_5V_GPU 82/83 POM_5V_CPU 533/472
RAM 1357/3964MB (lfb 8x4MB) SWAP 793/6078MB (cached 34MB) IRAM 0/252kB(lfb 252kB) CPU [4%@921,8%@921,off,off] EMC_FREQ 0%@1600 GR3D_FREQ 0%@614 APE 25 PLL@30C CPU@32C iwlwifi@32C PMIC@50C GPU@29.5C AO@40.5C thermal@31C POM_5V_IN 2256/2089 POM_5V_GPU 82/83 POM_5V_CPU 614/472
RAM 1356/3964MB (lfb 8x4MB) SWAP 793/6078MB (cached 34MB) IRAM 0/252kB(lfb 252kB) CPU [6%@921,7%@921,off,off] EMC_FREQ 0%@1600 GR3D_FREQ 0%@614 APE 25 PLL@30C CPU@31.5C iwlwifi@32C PMIC@50C GPU@29.5C AO@40.5C thermal@30.75C POM_5V_IN 2174/2089 POM_5V_GPU 82/83 POM_5V_CPU 574/472
RAM 1370/3964MB (lfb 8x4MB) SWAP 793/6078MB (cached 34MB) IRAM 0/252kB(lfb 252kB) CPU [6%@921,6%@921,off,off] EMC_FREQ 0%@1600 GR3D_FREQ 0%@614 APE 25 PLL@30C CPU@31.5C iwlwifi@32C PMIC@50C GPU@29.5C AO@41C thermal@30.75C POM_5V_IN 2174/2089 POM_5V_GPU 82/83 POM_5V_CPU 533/473
RAM 1355/3964MB (lfb 8x4MB) SWAP 793/6078MB (cached 34MB) IRAM 0/252kB(lfb 252kB) CPU [8%@921,6%@921,off,off] EMC_FREQ 0%@1600 GR3D_FREQ 0%@614 APE 25 PLL@30C CPU@31.5C iwlwifi@32C PMIC@50C GPU@29.5C AO@41C thermal@31C POM_5V_IN 1934/2089 POM_5V_GPU 82/83 POM_5V_CPU 329/472
RAM 1370/3964MB (lfb 8x4MB) SWAP 793/6078MB (cached 34MB) IRAM 0/252kB(lfb 252kB) CPU [5%@921,7%@921,off,off] EMC_FREQ 0%@1600 GR3D_FREQ 0%@614 APE 25 PLL@30C CPU@31.5C iwlwifi@32C PMIC@50C GPU@30C AO@41C thermal@30.5C POM_5V_IN 2174/2089 POM_5V_GPU 82/83 POM_5V_CPU 574/472
RAM 1370/3964MB (lfb 8x4MB) SWAP 793/6078MB (cached 34MB) IRAM 0/252kB(lfb 252kB) CPU [6%@921,7%@921,off,off] EMC_FREQ 0%@1600 GR3D_FREQ 0%@614 APE 25 PLL@29.5C CPU@31.5C iwlwifi@32C PMIC@50C GPU@30C AO@41C thermal@30.5C POM_5V_IN 1934/2089 POM_5V_GPU 82/83 POM_5V_CPU 329/472
RAM 1374/3964MB (lfb 8x4MB) SWAP 793/6078MB (cached 34MB) IRAM 0/252kB(lfb 252kB) CPU [6%@921,7%@921,off,off] EMC_FREQ 0%@1600 GR3D_FREQ 0%@614 APE 25 PLL@30C CPU@31.5C iwlwifi@32C PMIC@50C GPU@30C AO@41C thermal@30.75C POM_5V_IN 1934/2089 POM_5V_GPU 82/83 POM_5V_CPU 329/472
RAM 1370/3964MB (lfb 8x4MB) SWAP 793/6078MB (cached 34MB) IRAM 0/252kB(lfb 252kB) CPU [6%@921,8%@921,off,off] EMC_FREQ 0%@1600 GR3D_FREQ 0%@614 APE 25 PLL@29.5C CPU@31.5C iwlwifi@32C PMIC@50C GPU@30C AO@41C thermal@30.75C POM_5V_IN 1892/2089 POM_5V_GPU 82/83 POM_5V_CPU 329/472
RAM 1370/3964MB (lfb 8x4MB) SWAP 793/6078MB (cached 34MB) IRAM 0/252kB(lfb 252kB) CPU [7%@921,6%@921,off,off] EMC_FREQ 0%@1600 GR3D_FREQ 0%@614 APE 25 PLL@30C CPU@31.5C iwlwifi@32C PMIC@50C GPU@30C AO@41C thermal@30.5C POM_5V_IN 1934/2088 POM_5V_GPU 82/83 POM_5V_CPU 329/472
RAM 1370/3964MB (lfb 8x4MB) SWAP 793/6078MB (cached 34MB) IRAM 0/252kB(lfb 252kB) CPU [6%@921,8%@921,off,off] EMC_FREQ 0%@1600 GR3D_FREQ 0%@614 APE 25 PLL@29.5C CPU@31.5C iwlwifi@32C PMIC@50C GPU@30C AO@41C thermal@30.5C POM_5V_IN 1934/2088 POM_5V_GPU 82/83 POM_5V_CPU 369/472
RAM 1359/3964MB (lfb 8x4MB) SWAP 793/6078MB (cached 34MB) IRAM 0/252kB(lfb 252kB) CPU [9%@921,4%@921,off,off] EMC_FREQ 0%@1600 GR3D_FREQ 0%@614 APE 25 PLL@29.5C CPU@31.5C iwlwifi@32C PMIC@50C GPU@30C AO@41C thermal@30.75C POM_5V_IN 2092/2088 POM_5V_GPU 82/83 POM_5V_CPU 451/472
RAM 1356/3964MB (lfb 8x4MB) SWAP 793/6078MB (cached 34MB) IRAM 0/252kB(lfb 252kB) CPU [8%@921,6%@921,off,off] EMC_FREQ 0%@1600 GR3D_FREQ 0%@614 APE 25 PLL@30C CPU@31.5C iwlwifi@32C PMIC@50C GPU@30C AO@41C thermal@30.75C POM_5V_IN 2256/2088 POM_5V_GPU 82/83 POM_5V_CPU 615/472
RAM 1355/3964MB (lfb 8x4MB) SWAP 793/6078MB (cached 34MB) IRAM 0/252kB(lfb 252kB) CPU [5%@921,7%@921,off,off] EMC_FREQ 0%@1600 GR3D_FREQ 0%@614 APE 25 PLL@29.5C CPU@31.5C iwlwifi@32C PMIC@50C GPU@29.5C AO@41C thermal@30.5C POM_5V_IN 2174/2088 POM_5V_GPU 82/83 POM_5V_CPU 574/472
RAM 1372/3964MB (lfb 8x4MB) SWAP 793/6078MB (cached 34MB) IRAM 0/252kB(lfb 252kB) CPU [7%@921,6%@921,off,off] EMC_FREQ 0%@1600 GR3D_FREQ 0%@614 APE 25 PLL@30C CPU@31.5C iwlwifi@32C PMIC@50C GPU@29.5C AO@41C thermal@30.5C POM_5V_IN 2133/2089 POM_5V_GPU 82/83 POM_5V_CPU 533/472
RAM 1356/3964MB (lfb 8x4MB) SWAP 793/6078MB (cached 34MB) IRAM 0/252kB(lfb 252kB) CPU [6%@921,7%@921,off,off] EMC_FREQ 0%@1600 GR3D_FREQ 0%@614 APE 25 PLL@30C CPU@31.5C iwlwifi@32C PMIC@50C GPU@30C AO@41C thermal@30.75C POM_5V_IN 1934/2088 POM_5V_GPU 82/83 POM_5V_CPU 329/472
RAM 1372/3964MB (lfb 8x4MB) SWAP 793/6078MB (cached 34MB) IRAM 0/252kB(lfb 252kB) CPU [4%@921,8%@921,off,off] EMC_FREQ 0%@1600 GR3D_FREQ 0%@614 APE 25 PLL@29.5C CPU@31.5C iwlwifi@32C PMIC@50C GPU@29.5C AO@41C thermal@30.5C POM_5V_IN 2174/2088 POM_5V_GPU 82/83 POM_5V_CPU 533/472
RAM 1374/3964MB (lfb 8x4MB) SWAP 793/6078MB (cached 34MB) IRAM 0/252kB(lfb 252kB) CPU [5%@921,10%@921,off,off] EMC_FREQ 0%@1600 GR3D_FREQ 0%@614 APE 25 PLL@29.5C CPU@31.5C iwlwifi@32C PMIC@50C GPU@30C AO@40.5C thermal@30.25C POM_5V_IN 1934/2088 POM_5V_GPU 82/83 POM_5V_CPU 329/472
RAM 1370/3964MB (lfb 8x4MB) SWAP 793/6078MB (cached 34MB) IRAM 0/252kB(lfb 252kB) CPU [6%@921,7%@921,off,off] EMC_FREQ 0%@1600 GR3D_FREQ 0%@614 APE 25 PLL@29.5C CPU@31.5C iwlwifi@32C PMIC@50C GPU@30C AO@40.5C thermal@30.75C POM_5V_IN 1772/2088 POM_5V_GPU 82/83 POM_5V_CPU 206/471
RAM 1374/3964MB (lfb 8x4MB) SWAP 793/6078MB (cached 34MB) IRAM 0/252kB(lfb 252kB) CPU [9%@921,6%@921,off,off] EMC_FREQ 0%@1600 GR3D_FREQ 0%@614 APE 25 PLL@29.5C CPU@31.5C iwlwifi@32C PMIC@50C GPU@29.5C AO@41C thermal@30.75C POM_5V_IN 1934/2088 POM_5V_GPU 82/83 POM_5V_CPU 329/471
RAM 1374/3964MB (lfb 8x4MB) SWAP 793/6078MB (cached 34MB) IRAM 0/252kB(lfb 252kB) CPU [7%@921,6%@921,off,off] EMC_FREQ 0%@1600 GR3D_FREQ 0%@614 APE 25 PLL@29.5C CPU@31.5C iwlwifi@32C PMIC@50C GPU@30C AO@40.5C thermal@30.75C POM_5V_IN 1892/2087 POM_5V_GPU 82/83 POM_5V_CPU 288/471
RAM 1370/3964MB (lfb 8x4MB) SWAP 793/6078MB (cached 34MB) IRAM 0/252kB(lfb 252kB) CPU [7%@921,7%@921,off,off] EMC_FREQ 0%@1600 GR3D_FREQ 0%@614 APE 25 PLL@29.5C CPU@31.5C iwlwifi@32C PMIC@50C GPU@29.5C AO@41C thermal@30.5C POM_5V_IN 1975/2087 POM_5V_GPU 82/83 POM_5V_CPU 370/471
RAM 1373/3964MB (lfb 8x4MB) SWAP 793/6078MB (cached 34MB) IRAM 0/252kB(lfb 252kB) CPU [8%@921,4%@921,off,off] EMC_FREQ 0%@1600 GR3D_FREQ 0%@614 APE 25 PLL@29.5C CPU@31.5C iwlwifi@32C PMIC@50C GPU@29.5C AO@40.5C thermal@30.5C POM_5V_IN 1934/2087 POM_5V_GPU 82/83 POM_5V_CPU 329/471
RAM 1374/3964MB (lfb 8x4MB) SWAP 793/6078MB (cached 34MB) IRAM 0/252kB(lfb 252kB) CPU [4%@921,8%@921,off,off] EMC_FREQ 0%@1600 GR3D_FREQ 0%@614 APE 25 PLL@30C CPU@32C iwlwifi@32C PMIC@50C GPU@29.5C AO@41C thermal@30.5C POM_5V_IN 2136/2087 POM_5V_GPU 82/83 POM_5V_CPU 492/471
RAM 1356/3964MB (lfb 8x4MB) SWAP 793/6078MB (cached 34MB) IRAM 0/252kB(lfb 252kB) CPU [7%@921,8%@921,off,off] EMC_FREQ 0%@1600 GR3D_FREQ 0%@614 APE 25 PLL@29.5C CPU@31.5C iwlwifi@32C PMIC@50C GPU@29.5C AO@41C thermal@30.75C POM_5V_IN 2331/2087 POM_5V_GPU 81/83 POM_5V_CPU 654/471
RAM 1356/3964MB (lfb 8x4MB) SWAP 793/6078MB (cached 34MB) IRAM 0/252kB(lfb 252kB) CPU [7%@921,7%@921,off,off] EMC_FREQ 0%@1600 GR3D_FREQ 0%@614 APE 25 PLL@30C CPU@31.5C iwlwifi@32C PMIC@50C GPU@29.5C AO@40.5C thermal@30.5C POM_5V_IN 2215/2088 POM_5V_GPU 82/83 POM_5V_CPU 574/471
RAM 1374/3964MB (lfb 8x4MB) SWAP 793/6078MB (cached 34MB) IRAM 0/252kB(lfb 252kB) CPU [6%@921,6%@921,off,off] EMC_FREQ 0%@1600 GR3D_FREQ 0%@614 APE 25 PLL@29.5C CPU@31.5C iwlwifi@32C PMIC@50C GPU@30C AO@40.5C thermal@30.75C POM_5V_IN 2174/2088 POM_5V_GPU 82/83 POM_5V_CPU 574/471
RAM 1356/3964MB (lfb 8x4MB) SWAP 793/6078MB (cached 34MB) IRAM 0/252kB(lfb 252kB) CPU [8%@921,6%@921,off,off] EMC_FREQ 0%@1600 GR3D_FREQ 0%@614 APE 25 PLL@30C CPU@31.5C iwlwifi@32C PMIC@50C GPU@30C AO@40.5C thermal@30.5C POM_5V_IN 1892/2087 POM_5V_GPU 82/83 POM_5V_CPU 329/471
RAM 1372/3964MB (lfb 8x4MB) SWAP 793/6078MB (cached 34MB) IRAM 0/252kB(lfb 252kB) CPU [6%@921,6%@921,off,off] EMC_FREQ 0%@1600 GR3D_FREQ 0%@614 APE 25 PLL@30C CPU@31C iwlwifi@32C PMIC@50C GPU@29.5C AO@41C thermal@30.75C POM_5V_IN 2174/2088 POM_5V_GPU 82/83 POM_5V_CPU 533/471
RAM 1356/3964MB (lfb 8x4MB) SWAP 793/6078MB (cached 34MB) IRAM 0/252kB(lfb 252kB) CPU [6%@921,8%@921,off,off] EMC_FREQ 0%@1600 GR3D_FREQ 0%@614 APE 25 PLL@29.5C CPU@31.5C iwlwifi@32C PMIC@50C GPU@29.5C AO@41C thermal@30.25C POM_5V_IN 1890/2087 POM_5V_GPU 82/83 POM_5V_CPU 328/471
RAM 1372/3964MB (lfb 8x4MB) SWAP 793/6078MB (cached 34MB) IRAM 0/252kB(lfb 252kB) CPU [8%@921,5%@921,off,off] EMC_FREQ 0%@1600 GR3D_FREQ 0%@614 APE 25 PLL@29.5C CPU@31C iwlwifi@32C PMIC@50C GPU@29.5C AO@41C thermal@30.5C POM_5V_IN 2174/2087 POM_5V_GPU 82/83 POM_5V_CPU 574/471
RAM 1372/3964MB (lfb 8x4MB) SWAP 793/6078MB (cached 34MB) IRAM 0/252kB(lfb 252kB) CPU [6%@921,7%@921,off,off] EMC_FREQ 0%@1600 GR3D_FREQ 0%@614 APE 25 PLL@29.5C CPU@31.5C iwlwifi@32C PMIC@50C GPU@29.5C AO@40.5C thermal@30.5C POM_5V_IN 1934/2087 POM_5V_GPU 82/83 POM_5V_CPU 329/471
RAM 1374/3964MB (lfb 8x4MB) SWAP 793/6078MB (cached 34MB) IRAM 0/252kB(lfb 252kB) CPU [5%@921,9%@921,off,off] EMC_FREQ 0%@1600 GR3D_FREQ 0%@614 APE 25 PLL@29.5C CPU@31.5C iwlwifi@32C PMIC@50C GPU@30C AO@40C thermal@30.75C POM_5V_IN 1934/2087 POM_5V_GPU 82/83 POM_5V_CPU 329/471
RAM 1372/3964MB (lfb 8x4MB) SWAP 793/6078MB (cached 34MB) IRAM 0/252kB(lfb 252kB) CPU [8%@921,4%@921,off,off] EMC_FREQ 0%@1600 GR3D_FREQ 0%@614 APE 25 PLL@29C CPU@31.5C iwlwifi@32C PMIC@50C GPU@30C AO@41C thermal@30.5C POM_5V_IN 2054/2087 POM_5V_GPU 82/83 POM_5V_CPU 451/471
RAM 1371/3964MB (lfb 8x4MB) SWAP 793/6078MB (cached 34MB) IRAM 0/252kB(lfb 252kB) CPU [7%@921,7%@921,off,off] EMC_FREQ 0%@1600 GR3D_FREQ 0%@614 APE 25 PLL@29.5C CPU@31.5C iwlwifi@32C PMIC@50C GPU@30C AO@41C thermal@30.5C POM_5V_IN 2215/2087 POM_5V_GPU 82/83 POM_5V_CPU 533/471
RAM 1372/3964MB (lfb 8x4MB) SWAP 793/6078MB (cached 34MB) IRAM 0/252kB(lfb 252kB) CPU [4%@921,8%@921,off,off] EMC_FREQ 0%@1600 GR3D_FREQ 0%@614 APE 25 PLL@29.5C CPU@31.5C iwlwifi@32C PMIC@50C GPU@30C AO@41C thermal@30.5C POM_5V_IN 1810/2087 POM_5V_GPU 82/83 POM_5V_CPU 246/470
RAM 1372/3964MB (lfb 8x4MB) SWAP 793/6078MB (cached 34MB) IRAM 0/252kB(lfb 252kB) CPU [7%@921,6%@921,off,off] EMC_FREQ 0%@1600 GR3D_FREQ 0%@614 APE 25 PLL@29.5C CPU@31.5C iwlwifi@32C PMIC@50C GPU@29.5C AO@40.5C thermal@30.5C POM_5V_IN 1934/2087 POM_5V_GPU 82/83 POM_5V_CPU 329/470
RAM 1370/3964MB (lfb 8x4MB) SWAP 793/6078MB (cached 34MB) IRAM 0/252kB(lfb 252kB) CPU [8%@921,6%@921,off,off] EMC_FREQ 0%@1600 GR3D_FREQ 0%@614 APE 25 PLL@29.5C CPU@31.5C iwlwifi@32C PMIC@50C GPU@29.5C AO@40.5C thermal@30.5C POM_5V_IN 2174/2087 POM_5V_GPU 82/83 POM_5V_CPU 533/470
RAM 1370/3964MB (lfb 8x4MB) SWAP 793/6078MB (cached 34MB) IRAM 0/252kB(lfb 252kB) CPU [7%@921,7%@921,off,off] EMC_FREQ 0%@1600 GR3D_FREQ 0%@614 APE 25 PLL@29.5C CPU@31.5C iwlwifi@33C PMIC@50C GPU@29.5C AO@41C thermal@30.25C POM_5V_IN 1934/2086 POM_5V_GPU 82/83 POM_5V_CPU 329/470
RAM 1373/3964MB (lfb 8x4MB) SWAP 793/6078MB (cached 34MB) IRAM 0/252kB(lfb 252kB) CPU [7%@921,7%@921,off,off] EMC_FREQ 0%@1600 GR3D_FREQ 0%@614 APE 25 PLL@30C CPU@31.5C iwlwifi@32C PMIC@50C GPU@29.5C AO@41C thermal@30.75C POM_5V_IN 2174/2087 POM_5V_GPU 82/83 POM_5V_CPU 574/470
RAM 1372/3964MB (lfb 8x4MB) SWAP 793/6078MB (cached 34MB) IRAM 0/252kB(lfb 252kB) CPU [7%@921,6%@921,off,off] EMC_FREQ 0%@1600 GR3D_FREQ 0%@614 APE 25 PLL@29.5C CPU@31.5C iwlwifi@32C PMIC@50C GPU@29.5C AO@41C thermal@30.5C POM_5V_IN 1892/2086 POM_5V_GPU 82/83 POM_5V_CPU 329/470
RAM 1371/3964MB (lfb 8x4MB) SWAP 793/6078MB (cached 34MB) IRAM 0/252kB(lfb 252kB) CPU [9%@921,5%@921,off,off] EMC_FREQ 0%@1600 GR3D_FREQ 0%@614 APE 25 PLL@29.5C CPU@31.5C iwlwifi@32C PMIC@50C GPU@30C AO@40.5C thermal@30.5C POM_5V_IN 2256/2087 POM_5V_GPU 82/83 POM_5V_CPU 574/470
RAM 1356/3964MB (lfb 8x4MB) SWAP 793/6078MB (cached 34MB) IRAM 0/252kB(lfb 252kB) CPU [6%@921,9%@921,off,off] EMC_FREQ 0%@1600 GR3D_FREQ 0%@614 APE 25 PLL@30C CPU@31.5C iwlwifi@32C PMIC@50C GPU@30C AO@41C thermal@30.75C POM_5V_IN 2054/2087 POM_5V_GPU 82/83 POM_5V_CPU 451/470
RAM 1356/3964MB (lfb 8x4MB) SWAP 793/6078MB (cached 34MB) IRAM 0/252kB(lfb 252kB) CPU [9%@921,4%@921,off,off] EMC_FREQ 0%@1600 GR3D_FREQ 0%@614 APE 25 PLL@29.5C CPU@31.5C iwlwifi@32C PMIC@50C GPU@30C AO@41C thermal@30.5C POM_5V_IN 2174/2087 POM_5V_GPU 82/83 POM_5V_CPU 574/470
RAM 1356/3964MB (lfb 8x4MB) SWAP 793/6078MB (cached 34MB) IRAM 0/252kB(lfb 252kB) CPU [7%@921,6%@921,off,off] EMC_FREQ 0%@1600 GR3D_FREQ 0%@614 APE 25 PLL@29.5C CPU@31.5C iwlwifi@32C PMIC@50C GPU@29.5C AO@40.5C thermal@30.5C POM_5V_IN 2174/2087 POM_5V_GPU 82/83 POM_5V_CPU 533/470
RAM 1374/3964MB (lfb 8x4MB) SWAP 793/6078MB (cached 34MB) IRAM 0/252kB(lfb 252kB) CPU [7%@921,8%@921,off,off] EMC_FREQ 0%@1600 GR3D_FREQ 0%@614 APE 25 PLL@29.5C CPU@31.5C iwlwifi@32C PMIC@50C GPU@29.5C AO@41C thermal@30.75C POM_5V_IN 2174/2087 POM_5V_GPU 82/83 POM_5V_CPU 574/471
RAM 1356/3964MB (lfb 8x4MB) SWAP 793/6078MB (cached 34MB) IRAM 0/252kB(lfb 252kB) CPU [7%@921,8%@921,off,off] EMC_FREQ 0%@1600 GR3D_FREQ 0%@614 APE 25 PLL@29.5C CPU@31.5C iwlwifi@32C PMIC@50C GPU@30C AO@41C thermal@30.5C POM_5V_IN 1813/2087 POM_5V_GPU 82/83 POM_5V_CPU 205/470
RAM 1372/3964MB (lfb 8x4MB) SWAP 793/6078MB (cached 34MB) IRAM 0/252kB(lfb 252kB) CPU [7%@921,6%@921,off,off] EMC_FREQ 0%@1600 GR3D_FREQ 0%@614 APE 25 PLL@29.5C CPU@31.5C iwlwifi@32C PMIC@50C GPU@30C AO@40.5C thermal@30.75C POM_5V_IN 2174/2087 POM_5V_GPU 82/83 POM_5V_CPU 533/470
RAM 1374/3964MB (lfb 8x4MB) SWAP 793/6078MB (cached 34MB) IRAM 0/252kB(lfb 252kB) CPU [7%@921,6%@921,off,off] EMC_FREQ 0%@1600 GR3D_FREQ 0%@614 APE 25 PLL@29.5C CPU@31.5C iwlwifi@32C PMIC@50C GPU@30C AO@40.5C thermal@30.75C POM_5V_IN 2174/2087 POM_5V_GPU 82/83 POM_5V_CPU 574/470
RAM 1370/3964MB (lfb 8x4MB) SWAP 793/6078MB (cached 34MB) IRAM 0/252kB(lfb 252kB) CPU [5%@921,9%@921,off,off] EMC_FREQ 0%@1600 GR3D_FREQ 0%@614 APE 25 PLL@29.5C CPU@31.5C iwlwifi@32C PMIC@50C GPU@30C AO@40.5C thermal@30.75C POM_5V_IN 1934/2087 POM_5V_GPU 82/83 POM_5V_CPU 329/470
RAM 1370/3964MB (lfb 8x4MB) SWAP 793/6078MB (cached 34MB) IRAM 0/252kB(lfb 252kB) CPU [5%@921,9%@921,off,off] EMC_FREQ 0%@1600 GR3D_FREQ 0%@614 APE 25 PLL@29.5C CPU@31.5C iwlwifi@32C PMIC@50C GPU@30C AO@40.5C thermal@31C POM_5V_IN 1934/2086 POM_5V_GPU 82/83 POM_5V_CPU 329/470
RAM 1373/3964MB (lfb 8x4MB) SWAP 793/6078MB (cached 34MB) IRAM 0/252kB(lfb 252kB) CPU [8%@921,6%@921,off,off] EMC_FREQ 0%@1600 GR3D_FREQ 0%@614 APE 25 PLL@30C CPU@31.5C iwlwifi@32C PMIC@50C GPU@30C AO@41C thermal@30.75C POM_5V_IN 1892/2086 POM_5V_GPU 82/83 POM_5V_CPU 288/470
RAM 1375/3964MB (lfb 8x4MB) SWAP 793/6078MB (cached 34MB) IRAM 0/252kB(lfb 252kB) CPU [6%@921,6%@921,off,off] EMC_FREQ 0%@1600 GR3D_FREQ 0%@614 APE 25 PLL@29.5C CPU@31.5C iwlwifi@32C PMIC@50C GPU@30C AO@41C thermal@30.75C POM_5V_IN 1772/2086 POM_5V_GPU 82/83 POM_5V_CPU 246/470
RAM 1374/3964MB (lfb 8x4MB) SWAP 793/6078MB (cached 34MB) IRAM 0/252kB(lfb 252kB) CPU [7%@921,6%@921,off,off] EMC_FREQ 0%@1600 GR3D_FREQ 0%@614 APE 25 PLL@30C CPU@31.5C iwlwifi@32C PMIC@50C GPU@29.5C AO@40.5C thermal@30.5C POM_5V_IN 2293/2086 POM_5V_GPU 81/83 POM_5V_CPU 614/470
RAM 1370/3964MB (lfb 8x4MB) SWAP 793/6078MB (cached 34MB) IRAM 0/252kB(lfb 252kB) CPU [8%@921,6%@921,off,off] EMC_FREQ 0%@1600 GR3D_FREQ 0%@614 APE 25 PLL@29.5C CPU@32C iwlwifi@32C PMIC@50C GPU@30C AO@41C thermal@30.75C POM_5V_IN 2334/2086 POM_5V_GPU 81/83 POM_5V_CPU 655/470
RAM 1357/3964MB (lfb 8x4MB) SWAP 793/6078MB (cached 34MB) IRAM 0/252kB(lfb 252kB) CPU [5%@921,9%@921,off,off] EMC_FREQ 0%@1600 GR3D_FREQ 0%@614 APE 25 PLL@29.5C CPU@31.5C iwlwifi@32C PMIC@50C GPU@30C AO@41C thermal@30.75C POM_5V_IN 2256/2086 POM_5V_GPU 82/83 POM_5V_CPU 615/470
RAM 1372/3964MB (lfb 8x4MB) SWAP 793/6078MB (cached 34MB) IRAM 0/252kB(lfb 252kB) CPU [6%@921,5%@921,off,off] EMC_FREQ 0%@1600 GR3D_FREQ 0%@614 APE 25 PLL@29.5C CPU@31.5C iwlwifi@32C PMIC@50C GPU@30C AO@41C thermal@30.75C POM_5V_IN 2136/2087 POM_5V_GPU 82/83 POM_5V_CPU 533/470
RAM 1356/3964MB (lfb 8x4MB) SWAP 793/6078MB (cached 34MB) IRAM 0/252kB(lfb 252kB) CPU [5%@921,9%@921,off,off] EMC_FREQ 0%@1600 GR3D_FREQ 0%@614 APE 25 PLL@29.5C CPU@31.5C iwlwifi@32C PMIC@50C GPU@30C AO@40.5C thermal@30.75C POM_5V_IN 1892/2086 POM_5V_GPU 82/83 POM_5V_CPU 329/470
RAM 1374/3964MB (lfb 8x4MB) SWAP 793/6078MB (cached 34MB) IRAM 0/252kB(lfb 252kB) CPU [6%@921,6%@921,off,off] EMC_FREQ 0%@1600 GR3D_FREQ 0%@614 APE 25 PLL@30C CPU@31.5C iwlwifi@32C PMIC@50C GPU@30C AO@41C thermal@30.75C POM_5V_IN 2174/2086 POM_5V_GPU 82/83 POM_5V_CPU 574/470
RAM 1373/3964MB (lfb 8x4MB) SWAP 793/6078MB (cached 34MB) IRAM 0/252kB(lfb 252kB) CPU [8%@921,7%@921,off,off] EMC_FREQ 0%@1600 GR3D_FREQ 0%@614 APE 25 PLL@30C CPU@31.5C iwlwifi@32C PMIC@50C GPU@29.5C AO@41C thermal@30.5C POM_5V_IN 1934/2086 POM_5V_GPU 82/83 POM_5V_CPU 329/470
RAM 1372/3964MB (lfb 8x4MB) SWAP 793/6078MB (cached 34MB) IRAM 0/252kB(lfb 252kB) CPU [6%@921,7%@921,off,off] EMC_FREQ 0%@1600 GR3D_FREQ 0%@614 APE 25 PLL@29.5C CPU@31.5C iwlwifi@32C PMIC@50C GPU@29.5C AO@41C thermal@30.5C POM_5V_IN 1934/2086 POM_5V_GPU 82/83 POM_5V_CPU 329/470
RAM 1375/3964MB (lfb 8x4MB) SWAP 793/6078MB (cached 34MB) IRAM 0/252kB(lfb 252kB) CPU [6%@921,8%@921,off,off] EMC_FREQ 0%@1600 GR3D_FREQ 0%@614 APE 25 PLL@30C CPU@32C iwlwifi@32C PMIC@50C GPU@29.5C AO@40.5C thermal@30.75C POM_5V_IN 1934/2086 POM_5V_GPU 82/83 POM_5V_CPU 329/470
RAM 1372/3964MB (lfb 8x4MB) SWAP 793/6078MB (cached 34MB) IRAM 0/252kB(lfb 252kB) CPU [8%@921,6%@921,off,off] EMC_FREQ 0%@1600 GR3D_FREQ 0%@614 APE 25 PLL@30C CPU@31.5C iwlwifi@32C PMIC@50C GPU@29.5C AO@40.5C thermal@30.75C POM_5V_IN 1934/2086 POM_5V_GPU 82/83 POM_5V_CPU 329/469
RAM 1372/3964MB (lfb 8x4MB) SWAP 793/6078MB (cached 34MB) IRAM 0/252kB(lfb 252kB) CPU [6%@921,7%@921,off,off] EMC_FREQ 0%@1600 GR3D_FREQ 0%@614 APE 25 PLL@30C CPU@31.5C iwlwifi@32C PMIC@50C GPU@30C AO@41C thermal@30.75C POM_5V_IN 1934/2085 POM_5V_GPU 82/83 POM_5V_CPU 370/469
RAM 1368/3964MB (lfb 8x4MB) SWAP 793/6078MB (cached 34MB) IRAM 0/252kB(lfb 252kB) CPU [6%@921,8%@921,off,off] EMC_FREQ 0%@1600 GR3D_FREQ 0%@614 APE 25 PLL@30C CPU@31.5C iwlwifi@32C PMIC@50C GPU@29.5C AO@41C thermal@30.5C POM_5V_IN 1892/2085 POM_5V_GPU 82/83 POM_5V_CPU 288/469
RAM 1355/3964MB (lfb 8x4MB) SWAP 793/6078MB (cached 34MB) IRAM 0/252kB(lfb 252kB) CPU [6%@921,7%@921,off,off] EMC_FREQ 0%@1600 GR3D_FREQ 0%@614 APE 25 PLL@30C CPU@31.5C iwlwifi@32C PMIC@50C GPU@30C AO@41C thermal@30.75C POM_5V_IN 1851/2085 POM_5V_GPU 82/83 POM_5V_CPU 288/469
RAM 1356/3964MB (lfb 8x4MB) SWAP 793/6078MB (cached 34MB) IRAM 0/252kB(lfb 252kB) CPU [7%@921,7%@921,off,off] EMC_FREQ 0%@1600 GR3D_FREQ 0%@614 APE 25 PLL@30C CPU@31.5C iwlwifi@32C PMIC@50C GPU@30C AO@41C thermal@30.5C POM_5V_IN 2215/2085 POM_5V_GPU 82/83 POM_5V_CPU 574/469
RAM 1356/3964MB (lfb 8x4MB) SWAP 793/6078MB (cached 34MB) IRAM 0/252kB(lfb 252kB) CPU [5%@921,8%@921,off,off] EMC_FREQ 0%@1600 GR3D_FREQ 0%@614 APE 25 PLL@30C CPU@32C iwlwifi@32C PMIC@50C GPU@30C AO@41C thermal@30.5C POM_5V_IN 2170/2085 POM_5V_GPU 81/83 POM_5V_CPU 573/469
RAM 1375/3964MB (lfb 8x4MB) SWAP 793/6078MB (cached 34MB) IRAM 0/252kB(lfb 252kB) CPU [4%@921,9%@921,off,off] EMC_FREQ 0%@1600 GR3D_FREQ 0%@614 APE 25 PLL@30C CPU@31.5C iwlwifi@32C PMIC@50C GPU@30C AO@41C thermal@30.75C POM_5V_IN 2174/2085 POM_5V_GPU 82/83 POM_5V_CPU 574/469
RAM 1356/3964MB (lfb 8x4MB) SWAP 793/6078MB (cached 34MB) IRAM 0/252kB(lfb 252kB) CPU [7%@921,6%@921,off,off] EMC_FREQ 0%@1600 GR3D_FREQ 0%@614 APE 25 PLL@29.5C CPU@31.5C iwlwifi@32C PMIC@50C GPU@29.5C AO@41C thermal@30.5C POM_5V_IN 1892/2085 POM_5V_GPU 82/83 POM_5V_CPU 288/469
RAM 1374/3964MB (lfb 8x4MB) SWAP 793/6078MB (cached 34MB) IRAM 0/252kB(lfb 252kB) CPU [7%@921,6%@921,off,off] EMC_FREQ 0%@1600 GR3D_FREQ 0%@614 APE 25 PLL@30C CPU@31.5C iwlwifi@32C PMIC@50C GPU@29.5C AO@41C thermal@30.75C POM_5V_IN 2174/2085 POM_5V_GPU 82/83 POM_5V_CPU 574/469
RAM 1375/3964MB (lfb 8x4MB) SWAP 793/6078MB (cached 34MB) IRAM 0/252kB(lfb 252kB) CPU [7%@921,6%@921,off,off] EMC_FREQ 0%@1600 GR3D_FREQ 0%@614 APE 25 PLL@30C CPU@31.5C iwlwifi@32C PMIC@50C GPU@30C AO@41C thermal@30.75C POM_5V_IN 1931/2085 POM_5V_GPU 82/83 POM_5V_CPU 328/469
RAM 1372/3964MB (lfb 8x4MB) SWAP 793/6078MB (cached 34MB) IRAM 0/252kB(lfb 252kB) CPU [8%@921,7%@921,off,off] EMC_FREQ 0%@1600 GR3D_FREQ 0%@614 APE 25 PLL@30C CPU@31C iwlwifi@32C PMIC@50C GPU@30C AO@41.5C thermal@30.75C POM_5V_IN 1934/2085 POM_5V_GPU 82/83 POM_5V_CPU 370/469
RAM 1374/3964MB (lfb 8x4MB) SWAP 793/6078MB (cached 34MB) IRAM 0/252kB(lfb 252kB) CPU [7%@921,6%@921,off,off] EMC_FREQ 0%@1600 GR3D_FREQ 0%@614 APE 25 PLL@30C CPU@31.5C iwlwifi@32C PMIC@50C GPU@30C AO@41C thermal@30.75C POM_5V_IN 1934/2085 POM_5V_GPU 82/83 POM_5V_CPU 329/469
RAM 1372/3964MB (lfb 8x4MB) SWAP 793/6078MB (cached 34MB) IRAM 0/252kB(lfb 252kB) CPU [8%@921,6%@921,off,off] EMC_FREQ 0%@1600 GR3D_FREQ 0%@614 APE 25 PLL@29.5C CPU@31.5C iwlwifi@32C PMIC@50C GPU@30C AO@41C thermal@30.5C POM_5V_IN 2174/2085 POM_5V_GPU 82/83 POM_5V_CPU 574/469
RAM 1374/3964MB (lfb 8x4MB) SWAP 793/6078MB (cached 34MB) IRAM 0/252kB(lfb 252kB) CPU [6%@921,7%@921,off,off] EMC_FREQ 0%@1600 GR3D_FREQ 0%@614 APE 25 PLL@29.5C CPU@31.5C iwlwifi@32C PMIC@50C GPU@29.5C AO@41C thermal@30.5C POM_5V_IN 1934/2085 POM_5V_GPU 82/83 POM_5V_CPU 329/469
RAM 1356/3964MB (lfb 8x4MB) SWAP 793/6078MB (cached 34MB) IRAM 0/252kB(lfb 252kB) CPU [6%@921,7%@921,off,off] EMC_FREQ 0%@1600 GR3D_FREQ 0%@614 APE 25 PLL@30C CPU@31.5C iwlwifi@32C PMIC@50C GPU@30C AO@41.5C thermal@30.5C POM_5V_IN 2133/2085 POM_5V_GPU 82/83 POM_5V_CPU 492/469
RAM 1374/3964MB (lfb 8x4MB) SWAP 793/6078MB (cached 34MB) IRAM 0/252kB(lfb 252kB) CPU [9%@921,8%@921,off,off] EMC_FREQ 0%@1600 GR3D_FREQ 0%@614 APE 25 PLL@29.5C CPU@31.5C iwlwifi@32C PMIC@50C GPU@30C AO@41C thermal@30.5C POM_5V_IN 2215/2085 POM_5V_GPU 82/83 POM_5V_CPU 574/469
RAM 1356/3964MB (lfb 8x4MB) SWAP 793/6078MB (cached 34MB) IRAM 0/252kB(lfb 252kB) CPU [5%@921,10%@921,off,off] EMC_FREQ 0%@1600 GR3D_FREQ 0%@614 APE 25 PLL@30C CPU@31C iwlwifi@32C PMIC@50C GPU@30C AO@41C thermal@30.75C POM_5V_IN 2013/2085 POM_5V_GPU 82/83 POM_5V_CPU 410/469
RAM 1356/3964MB (lfb 8x4MB) SWAP 793/6078MB (cached 34MB) IRAM 0/252kB(lfb 252kB) CPU [7%@921,6%@921,off,off] EMC_FREQ 0%@1600 GR3D_FREQ 0%@614 APE 25 PLL@29.5C CPU@31.5C iwlwifi@32C PMIC@50C GPU@29.5C AO@41C thermal@30.75C POM_5V_IN 2174/2085 POM_5V_GPU 82/83 POM_5V_CPU 533/469
RAM 1356/3964MB (lfb 8x4MB) SWAP 793/6078MB (cached 34MB) IRAM 0/252kB(lfb 252kB) CPU [6%@921,7%@921,off,off] EMC_FREQ 0%@1600 GR3D_FREQ 0%@614 APE 25 PLL@29.5C CPU@31.5C iwlwifi@32C PMIC@50C GPU@29.5C AO@41C thermal@30.75C POM_5V_IN 2170/2085 POM_5V_GPU 81/83 POM_5V_CPU 573/469
RAM 1372/3964MB (lfb 8x4MB) SWAP 793/6078MB (cached 34MB) IRAM 0/252kB(lfb 252kB) CPU [5%@921,8%@921,off,off] EMC_FREQ 0%@1600 GR3D_FREQ 0%@614 APE 25 PLL@30C CPU@32C iwlwifi@32C PMIC@50C GPU@30C AO@40.5C thermal@30.75C POM_5V_IN 2174/2085 POM_5V_GPU 82/83 POM_5V_CPU 574/469
RAM 1375/3964MB (lfb 8x4MB) SWAP 793/6078MB (cached 34MB) IRAM 0/252kB(lfb 252kB) CPU [6%@921,7%@921,off,off] EMC_FREQ 0%@1600 GR3D_FREQ 0%@614 APE 25 PLL@30C CPU@31.5C iwlwifi@32C PMIC@50C GPU@30C AO@41C thermal@30.5C POM_5V_IN 1934/2085 POM_5V_GPU 82/83 POM_5V_CPU 329/469
RAM 1374/3964MB (lfb 8x4MB) SWAP 793/6078MB (cached 34MB) IRAM 0/252kB(lfb 252kB) CPU [7%@921,7%@921,off,off] EMC_FREQ 0%@1600 GR3D_FREQ 0%@614 APE 25 PLL@29.5C CPU@31.5C iwlwifi@32C PMIC@50C GPU@29.5C AO@40.5C thermal@30.5C POM_5V_IN 1934/2085 POM_5V_GPU 82/83 POM_5V_CPU 370/469
RAM 1370/3964MB (lfb 8x4MB) SWAP 793/6078MB (cached 34MB) IRAM 0/252kB(lfb 252kB) CPU [8%@921,5%@921,off,off] EMC_FREQ 0%@1600 GR3D_FREQ 0%@614 APE 25 PLL@29.5C CPU@31.5C iwlwifi@32C PMIC@50C GPU@30C AO@41C thermal@31C POM_5V_IN 1772/2084 POM_5V_GPU 82/83 POM_5V_CPU 206/468
RAM 1372/3964MB (lfb 8x4MB) SWAP 793/6078MB (cached 34MB) IRAM 0/252kB(lfb 252kB) CPU [5%@921,8%@921,off,off] EMC_FREQ 0%@1600 GR3D_FREQ 0%@614 APE 25 PLL@30C CPU@31.5C iwlwifi@32C PMIC@50C GPU@30C AO@40.5C thermal@30.75C POM_5V_IN 1892/2084 POM_5V_GPU 82/83 POM_5V_CPU 288/468
RAM 1370/3964MB (lfb 8x4MB) SWAP 793/6078MB (cached 34MB) IRAM 0/252kB(lfb 252kB) CPU [5%@921,8%@921,off,off] EMC_FREQ 0%@1600 GR3D_FREQ 0%@614 APE 25 PLL@30C CPU@31.5C iwlwifi@32C PMIC@50C GPU@30C AO@40.5C thermal@30.5C POM_5V_IN 1934/2084 POM_5V_GPU 82/83 POM_5V_CPU 329/468
RAM 1356/3964MB (lfb 8x4MB) SWAP 793/6078MB (cached 34MB) IRAM 0/252kB(lfb 252kB) CPU [5%@921,9%@921,off,off] EMC_FREQ 0%@1600 GR3D_FREQ 0%@614 APE 25 PLL@30C CPU@31.5C iwlwifi@32C PMIC@50C GPU@30C AO@41C thermal@30.5C POM_5V_IN 2136/2084 POM_5V_GPU 82/83 POM_5V_CPU 533/468
RAM 1356/3964MB (lfb 8x4MB) SWAP 793/6078MB (cached 34MB) IRAM 0/252kB(lfb 252kB) CPU [8%@921,5%@921,off,off] EMC_FREQ 0%@1600 GR3D_FREQ 0%@614 APE 25 PLL@30C CPU@32C iwlwifi@32C PMIC@50C GPU@29.5C AO@41C thermal@31C POM_5V_IN 2256/2084 POM_5V_GPU 81/83 POM_5V_CPU 614/468
RAM 1356/3964MB (lfb 8x4MB) SWAP 793/6078MB (cached 34MB) IRAM 0/252kB(lfb 252kB) CPU [8%@921,5%@921,off,off] EMC_FREQ 0%@1600 GR3D_FREQ 0%@614 APE 25 PLL@30C CPU@31.5C iwlwifi@32C PMIC@50C GPU@30C AO@41C thermal@30.5C POM_5V_IN 2256/2084 POM_5V_GPU 82/83 POM_5V_CPU 615/469
RAM 1356/3964MB (lfb 8x4MB) SWAP 793/6078MB (cached 34MB) IRAM 0/252kB(lfb 252kB) CPU [7%@921,6%@921,off,off] EMC_FREQ 0%@1600 GR3D_FREQ 0%@614 APE 25 PLL@30C CPU@31.5C iwlwifi@32C PMIC@50C GPU@30C AO@41C thermal@31C POM_5V_IN 2174/2084 POM_5V_GPU 82/83 POM_5V_CPU 574/469
RAM 1356/3964MB (lfb 8x4MB) SWAP 793/6078MB (cached 34MB) IRAM 0/252kB(lfb 252kB) CPU [5%@921,7%@921,off,off] EMC_FREQ 0%@1600 GR3D_FREQ 0%@614 APE 25 PLL@30C CPU@32C iwlwifi@32C PMIC@50C GPU@30C AO@41C thermal@30.5C POM_5V_IN 2215/2085 POM_5V_GPU 82/83 POM_5V_CPU 574/469
RAM 1371/3964MB (lfb 8x4MB) SWAP 793/6078MB (cached 34MB) IRAM 0/252kB(lfb 252kB) CPU [7%@921,7%@921,off,off] EMC_FREQ 0%@1600 GR3D_FREQ 0%@614 APE 25 PLL@30C CPU@31.5C iwlwifi@32C PMIC@50C GPU@30C AO@40.5C thermal@30.25C POM_5V_IN 2375/2085 POM_5V_GPU 81/83 POM_5V_CPU 696/469
RAM 1356/3964MB (lfb 8x4MB) SWAP 793/6078MB (cached 34MB) IRAM 0/252kB(lfb 252kB) CPU [6%@921,8%@921,off,off] EMC_FREQ 0%@1600 GR3D_FREQ 0%@614 APE 25 PLL@30C CPU@31.5C iwlwifi@32C PMIC@50C GPU@29.5C AO@40.5C thermal@30.5C POM_5V_IN 1772/2085 POM_5V_GPU 82/83 POM_5V_CPU 206/469
RAM 1373/3964MB (lfb 8x4MB) SWAP 793/6078MB (cached 34MB) IRAM 0/252kB(lfb 252kB) CPU [7%@921,6%@921,off,off] EMC_FREQ 0%@1600 GR3D_FREQ 0%@614 APE 25 PLL@30C CPU@32C iwlwifi@32C PMIC@50C GPU@29.5C AO@41C thermal@30.5C POM_5V_IN 2174/2085 POM_5V_GPU 82/83 POM_5V_CPU 574/469
RAM 1370/3964MB (lfb 8x4MB) SWAP 793/6078MB (cached 34MB) IRAM 0/252kB(lfb 252kB) CPU [8%@921,5%@921,off,off] EMC_FREQ 0%@1600 GR3D_FREQ 0%@614 APE 25 PLL@29.5C CPU@32C iwlwifi@32C PMIC@50C GPU@29.5C AO@41C thermal@30.5C POM_5V_IN 1934/2085 POM_5V_GPU 82/83 POM_5V_CPU 329/469
RAM 1374/3964MB (lfb 8x4MB) SWAP 793/6078MB (cached 34MB) IRAM 0/252kB(lfb 252kB) CPU [6%@921,8%@921,off,off] EMC_FREQ 0%@1600 GR3D_FREQ 0%@614 APE 25 PLL@29.5C CPU@31.5C iwlwifi@32C PMIC@50C GPU@29.5C AO@40.5C thermal@30.5C POM_5V_IN 1892/2084 POM_5V_GPU 82/83 POM_5V_CPU 329/469
RAM 1372/3964MB (lfb 8x4MB) SWAP 793/6078MB (cached 34MB) IRAM 0/252kB(lfb 252kB) CPU [7%@921,7%@921,off,off] EMC_FREQ 0%@1600 GR3D_FREQ 0%@614 APE 25 PLL@29.5C CPU@31.5C iwlwifi@32C PMIC@50C GPU@30C AO@40.5C thermal@31C POM_5V_IN 1892/2084 POM_5V_GPU 82/83 POM_5V_CPU 329/468
RAM 1374/3964MB (lfb 8x4MB) SWAP 793/6078MB (cached 34MB) IRAM 0/252kB(lfb 252kB) CPU [8%@921,6%@921,off,off] EMC_FREQ 0%@1600 GR3D_FREQ 0%@614 APE 25 PLL@30C CPU@31.5C iwlwifi@32C PMIC@50C GPU@29.5C AO@41C thermal@30.5C POM_5V_IN 2174/2084 POM_5V_GPU 82/83 POM_5V_CPU 328/468
RAM 1373/3964MB (lfb 8x4MB) SWAP 793/6078MB (cached 34MB) IRAM 0/252kB(lfb 252kB) CPU [8%@921,5%@921,off,off] EMC_FREQ 0%@1600 GR3D_FREQ 0%@614 APE 25 PLL@30C CPU@31.5C iwlwifi@32C PMIC@50C GPU@30C AO@40.5C thermal@31C POM_5V_IN 2174/2084 POM_5V_GPU 82/83 POM_5V_CPU 533/468
RAM 1356/3964MB (lfb 8x4MB) SWAP 793/6078MB (cached 34MB) IRAM 0/252kB(lfb 252kB) CPU [7%@921,7%@921,off,off] EMC_FREQ 0%@1600 GR3D_FREQ 0%@614 APE 25 PLL@30C CPU@32C iwlwifi@32C PMIC@50C GPU@29.5C AO@40.5C thermal@30.5C POM_5V_IN 2136/2084 POM_5V_GPU 82/83 POM_5V_CPU 492/468
RAM 1356/3964MB (lfb 8x4MB) SWAP 793/6078MB (cached 34MB) IRAM 0/252kB(lfb 252kB) CPU [6%@921,7%@921,off,off] EMC_FREQ 0%@1600 GR3D_FREQ 0%@614 APE 25 PLL@30C CPU@32C iwlwifi@32C PMIC@50C GPU@29.5C AO@40.5C thermal@31C POM_5V_IN 2174/2084 POM_5V_GPU 82/83 POM_5V_CPU 574/468
RAM 1356/3964MB (lfb 8x4MB) SWAP 793/6078MB (cached 34MB) IRAM 0/252kB(lfb 252kB) CPU [5%@921,8%@921,off,off] EMC_FREQ 0%@1600 GR3D_FREQ 0%@614 APE 25 PLL@29.5C CPU@31.5C iwlwifi@32C PMIC@50C GPU@29.5C AO@41C thermal@30.5C POM_5V_IN 2174/2085 POM_5V_GPU 82/83 POM_5V_CPU 574/469
RAM 1371/3964MB (lfb 8x4MB) SWAP 793/6078MB (cached 34MB) IRAM 0/252kB(lfb 252kB) CPU [6%@921,6%@921,off,off] EMC_FREQ 0%@1600 GR3D_FREQ 0%@614 APE 25 PLL@29.5C CPU@32C iwlwifi@32C PMIC@50C GPU@29.5C AO@40.5C thermal@30.75C POM_5V_IN 2170/2085 POM_5V_GPU 81/83 POM_5V_CPU 532/469
RAM 1356/3964MB (lfb 8x4MB) SWAP 793/6078MB (cached 34MB) IRAM 0/252kB(lfb 252kB) CPU [6%@921,8%@921,off,off] EMC_FREQ 0%@1600 GR3D_FREQ 0%@614 APE 25 PLL@30C CPU@31.5C iwlwifi@32C PMIC@50C GPU@30C AO@41C thermal@30.5C POM_5V_IN 1892/2084 POM_5V_GPU 82/83 POM_5V_CPU 329/468
RAM 1374/3964MB (lfb 8x4MB) SWAP 793/6078MB (cached 34MB) IRAM 0/252kB(lfb 252kB) CPU [6%@921,6%@921,off,off] EMC_FREQ 0%@1600 GR3D_FREQ 0%@614 APE 25 PLL@30C CPU@31.5C iwlwifi@32C PMIC@50C GPU@30C AO@41C thermal@30.5C POM_5V_IN 2174/2085 POM_5V_GPU 82/83 POM_5V_CPU 533/469
RAM 1375/3964MB (lfb 8x4MB) SWAP 793/6078MB (cached 34MB) IRAM 0/252kB(lfb 252kB) CPU [5%@921,8%@921,off,off] EMC_FREQ 0%@1600 GR3D_FREQ 0%@614 APE 25 PLL@30C CPU@31.5C iwlwifi@32C PMIC@50C GPU@29.5C AO@40.5C thermal@30.5C POM_5V_IN 1934/2084 POM_5V_GPU 82/83 POM_5V_CPU 329/468
RAM 1373/3964MB (lfb 8x4MB) SWAP 793/6078MB (cached 34MB) IRAM 0/252kB(lfb 252kB) CPU [6%@921,7%@921,off,off] EMC_FREQ 0%@1600 GR3D_FREQ 0%@614 APE 25 PLL@29.5C CPU@32C iwlwifi@32C PMIC@50C GPU@29.5C AO@40.5C thermal@30.5C POM_5V_IN 1934/2084 POM_5V_GPU 82/83 POM_5V_CPU 329/468
RAM 1370/3964MB (lfb 8x4MB) SWAP 793/6078MB (cached 34MB) IRAM 0/252kB(lfb 252kB) CPU [5%@921,8%@921,off,off] EMC_FREQ 0%@1600 GR3D_FREQ 0%@614 APE 25 PLL@30C CPU@32C iwlwifi@32C PMIC@50C GPU@29.5C AO@41C thermal@30.5C POM_5V_IN 1934/2084 POM_5V_GPU 82/83 POM_5V_CPU 369/468
RAM 1370/3964MB (lfb 8x4MB) SWAP 793/6078MB (cached 34MB) IRAM 0/252kB(lfb 252kB) CPU [6%@921,7%@921,off,off] EMC_FREQ 0%@1600 GR3D_FREQ 0%@614 APE 25 PLL@29.5C CPU@31.5C iwlwifi@32C PMIC@50C GPU@29.5C AO@41C thermal@30.5C POM_5V_IN 1934/2084 POM_5V_GPU 82/83 POM_5V_CPU 329/468
RAM 1374/3964MB (lfb 8x4MB) SWAP 793/6078MB (cached 34MB) IRAM 0/252kB(lfb 252kB) CPU [5%@921,8%@921,off,off] EMC_FREQ 0%@1600 GR3D_FREQ 0%@614 APE 25 PLL@30C CPU@31.5C iwlwifi@32C PMIC@50C GPU@29.5C AO@41C thermal@30.5C POM_5V_IN 2054/2084 POM_5V_GPU 82/83 POM_5V_CPU 451/468
RAM 1356/3964MB (lfb 8x4MB) SWAP 793/6078MB (cached 34MB) IRAM 0/252kB(lfb 252kB) CPU [7%@921,7%@921,off,off] EMC_FREQ 0%@1600 GR3D_FREQ 0%@614 APE 25 PLL@30C CPU@31.5C iwlwifi@32C PMIC@50C GPU@30C AO@41C thermal@30.5C POM_5V_IN 2256/2084 POM_5V_GPU 82/83 POM_5V_CPU 655/468
RAM 1356/3964MB (lfb 8x4MB) SWAP 793/6078MB (cached 34MB) IRAM 0/252kB(lfb 252kB) CPU [8%@921,5%@921,off,off] EMC_FREQ 0%@1600 GR3D_FREQ 0%@614 APE 25 PLL@30C CPU@31.5C iwlwifi@32C PMIC@50C GPU@29.5C AO@41C thermal@30.5C POM_5V_IN 2215/2084 POM_5V_GPU 82/83 POM_5V_CPU 574/468
RAM 1356/3964MB (lfb 8x4MB) SWAP 793/6078MB (cached 34MB) IRAM 0/252kB(lfb 252kB) CPU [8%@921,5%@921,off,off] EMC_FREQ 0%@1600 GR3D_FREQ 0%@614 APE 25 PLL@30C CPU@31.5C iwlwifi@32C PMIC@50C GPU@29.5C AO@41C thermal@30.5C POM_5V_IN 2215/2084 POM_5V_GPU 82/83 POM_5V_CPU 574/468
RAM 1371/3964MB (lfb 8x4MB) SWAP 793/6078MB (cached 34MB) IRAM 0/252kB(lfb 252kB) CPU [7%@921,5%@921,off,off] EMC_FREQ 0%@1600 GR3D_FREQ 0%@614 APE 25 PLL@29.5C CPU@31.5C iwlwifi@32C PMIC@50C GPU@30C AO@40.5C thermal@30.5C POM_5V_IN 2174/2084 POM_5V_GPU 82/83 POM_5V_CPU 574/468
RAM 1356/3964MB (lfb 8x4MB) SWAP 793/6078MB (cached 34MB) IRAM 0/252kB(lfb 252kB) CPU [8%@921,6%@921,off,off] EMC_FREQ 0%@1600 GR3D_FREQ 0%@614 APE 25 PLL@29.5C CPU@32C iwlwifi@32C PMIC@50C GPU@29.5C AO@41C thermal@30.5C POM_5V_IN 1892/2084 POM_5V_GPU 82/83 POM_5V_CPU 329/468
RAM 1375/3964MB (lfb 8x4MB) SWAP 793/6078MB (cached 34MB) IRAM 0/252kB(lfb 252kB) CPU [7%@921,5%@921,off,off] EMC_FREQ 0%@1600 GR3D_FREQ 0%@614 APE 25 PLL@30C CPU@31.5C iwlwifi@32C PMIC@50C GPU@29.5C AO@41C thermal@30.5C POM_5V_IN 2174/2084 POM_5V_GPU 82/83 POM_5V_CPU 574/468
RAM 1373/3964MB (lfb 8x4MB) SWAP 793/6078MB (cached 34MB) IRAM 0/252kB(lfb 252kB) CPU [9%@921,4%@921,off,off] EMC_FREQ 0%@1600 GR3D_FREQ 0%@614 APE 25 PLL@30C CPU@31.5C iwlwifi@32C PMIC@50C GPU@29.5C AO@41C thermal@30.5C POM_5V_IN 1934/2084 POM_5V_GPU 82/83 POM_5V_CPU 370/468
RAM 1375/3964MB (lfb 8x4MB) SWAP 793/6078MB (cached 34MB) IRAM 0/252kB(lfb 252kB) CPU [7%@921,7%@921,off,off] EMC_FREQ 0%@1600 GR3D_FREQ 0%@614 APE 25 PLL@30C CPU@31.5C iwlwifi@32C PMIC@50C GPU@29.5C AO@41C thermal@30.5C POM_5V_IN 2174/2084 POM_5V_GPU 82/83 POM_5V_CPU 574/468
RAM 1381/3964MB (lfb 8x4MB) SWAP 792/6078MB (cached 34MB) IRAM 0/252kB(lfb 252kB) CPU [26%@921,22%@921,off,off] EMC_FREQ 0%@1600 GR3D_FREQ 0%@614 APE 25 PLL@29.5C CPU@31.5C iwlwifi@32C PMIC@50C GPU@29.5C AO@41C thermal@30.75C POM_5V_IN 2136/2084 POM_5V_GPU 82/83 POM_5V_CPU 493/468
RAM 1383/3964MB (lfb 8x4MB) SWAP 792/6078MB (cached 34MB) IRAM 0/252kB(lfb 252kB) CPU [5%@921,8%@921,off,off] EMC_FREQ 0%@1600 GR3D_FREQ 0%@614 APE 25 PLL@30C CPU@31.5C iwlwifi@32C PMIC@50C GPU@30.5C AO@40.5C thermal@30.75C POM_5V_IN 1892/2084 POM_5V_GPU 82/83 POM_5V_CPU 329/468
RAM 1381/3964MB (lfb 8x4MB) SWAP 792/6078MB (cached 34MB) IRAM 0/252kB(lfb 252kB) CPU [5%@921,9%@921,off,off] EMC_FREQ 0%@1600 GR3D_FREQ 0%@614 APE 25 PLL@29.5C CPU@31.5C iwlwifi@32C PMIC@50C GPU@30C AO@41C thermal@30.5C POM_5V_IN 1892/2084 POM_5V_GPU 82/83 POM_5V_CPU 329/468
RAM 1381/3964MB (lfb 8x4MB) SWAP 792/6078MB (cached 34MB) IRAM 0/252kB(lfb 252kB) CPU [6%@921,6%@921,off,off] EMC_FREQ 0%@1600 GR3D_FREQ 0%@614 APE 25 PLL@30C CPU@32C iwlwifi@32C PMIC@50C GPU@30C AO@41C thermal@30.75C POM_5V_IN 2256/2084 POM_5V_GPU 82/83 POM_5V_CPU 615/468
RAM 1364/3964MB (lfb 8x4MB) SWAP 792/6078MB (cached 34MB) IRAM 0/252kB(lfb 252kB) CPU [7%@921,7%@921,off,off] EMC_FREQ 0%@1600 GR3D_FREQ 0%@614 APE 25 PLL@30C CPU@32C iwlwifi@32C PMIC@50C GPU@30C AO@41C thermal@30.75C POM_5V_IN 2174/2084 POM_5V_GPU 82/83 POM_5V_CPU 533/468
RAM 1364/3964MB (lfb 8x4MB) SWAP 792/6078MB (cached 34MB) IRAM 0/252kB(lfb 252kB) CPU [5%@921,9%@921,off,off] EMC_FREQ 0%@1600 GR3D_FREQ 0%@614 APE 25 PLL@29.5C CPU@31.5C iwlwifi@32C PMIC@50C GPU@29.5C AO@41C thermal@30.5C POM_5V_IN 2174/2084 POM_5V_GPU 82/83 POM_5V_CPU 574/469
RAM 1365/3964MB (lfb 8x4MB) SWAP 792/6078MB (cached 34MB) IRAM 0/252kB(lfb 252kB) CPU [6%@921,7%@921,off,off] EMC_FREQ 0%@1600 GR3D_FREQ 0%@614 APE 25 PLL@29.5C CPU@31.5C iwlwifi@32C PMIC@50C GPU@29.5C AO@41C thermal@30.75C POM_5V_IN 2174/2084 POM_5V_GPU 82/83 POM_5V_CPU 574/469
RAM 1379/3964MB (lfb 8x4MB) SWAP 792/6078MB (cached 34MB) IRAM 0/252kB(lfb 252kB) CPU [7%@921,6%@921,off,off] EMC_FREQ 0%@1600 GR3D_FREQ 0%@614 APE 25 PLL@30C CPU@31.5C iwlwifi@32C PMIC@50C GPU@29.5C AO@40.5C thermal@30.5C POM_5V_IN 2174/2084 POM_5V_GPU 82/83 POM_5V_CPU 574/469
RAM 1365/3964MB (lfb 8x4MB) SWAP 792/6078MB (cached 34MB) IRAM 0/252kB(lfb 252kB) CPU [8%@921,6%@921,off,off] EMC_FREQ 0%@1600 GR3D_FREQ 0%@614 APE 25 PLL@30C CPU@31.5C iwlwifi@33C PMIC@50C GPU@30C AO@40.5C thermal@30.5C POM_5V_IN 1931/2084 POM_5V_GPU 82/83 POM_5V_CPU 369/469
RAM 1383/3964MB (lfb 8x4MB) SWAP 792/6078MB (cached 34MB) IRAM 0/252kB(lfb 252kB) CPU [8%@921,5%@921,off,off] EMC_FREQ 0%@1600 GR3D_FREQ 0%@614 APE 25 PLL@30C CPU@31.5C iwlwifi@32C PMIC@50C GPU@30C AO@41C thermal@30.5C POM_5V_IN 2133/2084 POM_5V_GPU 82/83 POM_5V_CPU 533/469
RAM 1381/3964MB (lfb 8x4MB) SWAP 792/6078MB (cached 34MB) IRAM 0/252kB(lfb 252kB) CPU [5%@921,8%@921,off,off] EMC_FREQ 0%@1600 GR3D_FREQ 0%@614 APE 25 PLL@29.5C CPU@31.5C iwlwifi@32C PMIC@50C GPU@29.5C AO@40.5C thermal@30.75C POM_5V_IN 1934/2084 POM_5V_GPU 82/83 POM_5V_CPU 329/469
RAM 1381/3964MB (lfb 8x4MB) SWAP 792/6078MB (cached 34MB) IRAM 0/252kB(lfb 252kB) CPU [8%@921,6%@921,off,off] EMC_FREQ 0%@1600 GR3D_FREQ 0%@614 APE 25 PLL@30C CPU@32C iwlwifi@32C PMIC@50C GPU@30C AO@41C thermal@31C POM_5V_IN 2215/2084 POM_5V_GPU 82/83 POM_5V_CPU 574/469
RAM 1381/3964MB (lfb 8x4MB) SWAP 792/6078MB (cached 34MB) IRAM 0/252kB(lfb 252kB) CPU [7%@921,6%@921,off,off] EMC_FREQ 0%@1600 GR3D_FREQ 0%@614 APE 25 PLL@29.5C CPU@31.5C iwlwifi@32C PMIC@50C GPU@29.5C AO@40.5C thermal@30.75C POM_5V_IN 1892/2084 POM_5V_GPU 82/83 POM_5V_CPU 288/468
RAM 1379/3964MB (lfb 8x4MB) SWAP 792/6078MB (cached 34MB) IRAM 0/252kB(lfb 252kB) CPU [9%@921,6%@921,off,off] EMC_FREQ 0%@1600 GR3D_FREQ 0%@614 APE 25 PLL@30C CPU@31.5C iwlwifi@32C PMIC@50C GPU@30C AO@40.5C thermal@30.5C POM_5V_IN 2174/2084 POM_5V_GPU 82/83 POM_5V_CPU 574/469
RAM 1381/3964MB (lfb 8x4MB) SWAP 792/6078MB (cached 34MB) IRAM 0/252kB(lfb 252kB) CPU [5%@921,8%@921,off,off] EMC_FREQ 0%@1600 GR3D_FREQ 0%@614 APE 25 PLL@30C CPU@31.5C iwlwifi@32C PMIC@50C GPU@29.5C AO@41C thermal@30.75C POM_5V_IN 1892/2084 POM_5V_GPU 82/83 POM_5V_CPU 329/468
RAM 1365/3964MB (lfb 8x4MB) SWAP 792/6078MB (cached 34MB) IRAM 0/252kB(lfb 252kB) CPU [7%@921,8%@921,off,off] EMC_FREQ 0%@1600 GR3D_FREQ 0%@614 APE 25 PLL@29.5C CPU@32C iwlwifi@32C PMIC@50C GPU@29.5C AO@41C thermal@30.5C POM_5V_IN 2013/2084 POM_5V_GPU 82/83 POM_5V_CPU 410/468
RAM 1364/3964MB (lfb 8x4MB) SWAP 792/6078MB (cached 34MB) IRAM 0/252kB(lfb 252kB) CPU [7%@921,6%@921,off,off] EMC_FREQ 0%@1600 GR3D_FREQ 0%@614 APE 25 PLL@30C CPU@32C iwlwifi@32C PMIC@50C GPU@30C AO@40.5C thermal@30.5C POM_5V_IN 2252/2084 POM_5V_GPU 81/83 POM_5V_CPU 573/468
RAM 1365/3964MB (lfb 8x4MB) SWAP 792/6078MB (cached 34MB) IRAM 0/252kB(lfb 252kB) CPU [9%@921,5%@921,off,off] EMC_FREQ 0%@1600 GR3D_FREQ 0%@614 APE 25 PLL@29.5C CPU@32C iwlwifi@32C PMIC@50C GPU@29.5C AO@41C thermal@30.25C POM_5V_IN 2174/2084 POM_5V_GPU 82/83 POM_5V_CPU 574/469
RAM 1364/3964MB (lfb 8x4MB) SWAP 792/6078MB (cached 34MB) IRAM 0/252kB(lfb 252kB) CPU [8%@921,6%@921,off,off] EMC_FREQ 0%@1600 GR3D_FREQ 0%@614 APE 25 PLL@30C CPU@31.5C iwlwifi@32C PMIC@50C GPU@29.5C AO@41C thermal@30.5C POM_5V_IN 2174/2084 POM_5V_GPU 82/83 POM_5V_CPU 574/469
RAM 1379/3964MB (lfb 8x4MB) SWAP 792/6078MB (cached 34MB) IRAM 0/252kB(lfb 252kB) CPU [6%@921,6%@921,off,off] EMC_FREQ 0%@1600 GR3D_FREQ 0%@614 APE 25 PLL@30C CPU@31.5C iwlwifi@33C PMIC@50C GPU@29.5C AO@41C thermal@30.25C POM_5V_IN 2174/2084 POM_5V_GPU 82/83 POM_5V_CPU 574/469
RAM 1364/3964MB (lfb 8x4MB) SWAP 792/6078MB (cached 34MB) IRAM 0/252kB(lfb 252kB) CPU [6%@921,7%@921,off,off] EMC_FREQ 0%@1600 GR3D_FREQ 0%@614 APE 25 PLL@30C CPU@31.5C iwlwifi@32C PMIC@50C GPU@30C AO@40.5C thermal@30.5C POM_5V_IN 2215/2084 POM_5V_GPU 82/83 POM_5V_CPU 574/469
RAM 1383/3964MB (lfb 8x4MB) SWAP 792/6078MB (cached 34MB) IRAM 0/252kB(lfb 252kB) CPU [6%@921,6%@921,off,off] EMC_FREQ 0%@1600 GR3D_FREQ 0%@614 APE 25 PLL@30C CPU@31.5C iwlwifi@32C PMIC@50C GPU@30C AO@40.5C thermal@30.5C POM_5V_IN 2174/2085 POM_5V_GPU 82/83 POM_5V_CPU 574/469
RAM 1379/3964MB (lfb 8x4MB) SWAP 792/6078MB (cached 34MB) IRAM 0/252kB(lfb 252kB) CPU [7%@921,7%@921,off,off] EMC_FREQ 0%@1600 GR3D_FREQ 0%@614 APE 25 PLL@30C CPU@31.5C iwlwifi@32C PMIC@50C GPU@29.5C AO@41C thermal@30.5C POM_5V_IN 1892/2084 POM_5V_GPU 82/83 POM_5V_CPU 288/469
RAM 1365/3964MB (lfb 8x4MB) SWAP 792/6078MB (cached 34MB) IRAM 0/252kB(lfb 252kB) CPU [7%@921,7%@921,off,off] EMC_FREQ 0%@1600 GR3D_FREQ 0%@614 APE 25 PLL@29.5C CPU@32C iwlwifi@32C PMIC@50C GPU@30C AO@41C thermal@30.75C POM_5V_IN 1892/2084 POM_5V_GPU 82/83 POM_5V_CPU 288/469
RAM 1383/3964MB (lfb 8x4MB) SWAP 792/6078MB (cached 34MB) IRAM 0/252kB(lfb 252kB) CPU [8%@921,5%@921,off,off] EMC_FREQ 0%@1600 GR3D_FREQ 0%@614 APE 25 PLL@30C CPU@31.5C iwlwifi@32C PMIC@50C GPU@29.5C AO@41C thermal@30.5C POM_5V_IN 2174/2084 POM_5V_GPU 82/83 POM_5V_CPU 533/469
RAM 1379/3964MB (lfb 8x4MB) SWAP 792/6078MB (cached 34MB) IRAM 0/252kB(lfb 252kB) CPU [7%@921,5%@921,off,off] EMC_FREQ 0%@1600 GR3D_FREQ 0%@614 APE 25 PLL@29.5C CPU@31.5C iwlwifi@32C PMIC@50C GPU@29.5C AO@40.5C thermal@30.5C POM_5V_IN 1851/2084 POM_5V_GPU 82/83 POM_5V_CPU 288/469
RAM 1383/3964MB (lfb 8x4MB) SWAP 792/6078MB (cached 34MB) IRAM 0/252kB(lfb 252kB) CPU [8%@921,7%@921,off,off] EMC_FREQ 0%@1600 GR3D_FREQ 0%@614 APE 25 PLL@29.5C CPU@31.5C iwlwifi@32C PMIC@50C GPU@30C AO@41C thermal@30.5C POM_5V_IN 2174/2084 POM_5V_GPU 82/83 POM_5V_CPU 533/469
RAM 1383/3964MB (lfb 8x4MB) SWAP 792/6078MB (cached 34MB) IRAM 0/252kB(lfb 252kB) CPU [6%@921,8%@921,off,off] EMC_FREQ 0%@1600 GR3D_FREQ 0%@614 APE 25 PLL@30C CPU@31.5C iwlwifi@32C PMIC@50C GPU@29.5C AO@41C thermal@31C POM_5V_IN 1892/2084 POM_5V_GPU 82/83 POM_5V_CPU 288/468
RAM 1381/3964MB (lfb 8x4MB) SWAP 792/6078MB (cached 34MB) IRAM 0/252kB(lfb 252kB) CPU [7%@921,8%@921,off,off] EMC_FREQ 0%@1600 GR3D_FREQ 0%@614 APE 25 PLL@30C CPU@32C iwlwifi@32C PMIC@50C GPU@30C AO@40.5C thermal@30.75C POM_5V_IN 1892/2084 POM_5V_GPU 82/83 POM_5V_CPU 329/468
RAM 1383/3964MB (lfb 8x4MB) SWAP 792/6078MB (cached 34MB) IRAM 0/252kB(lfb 252kB) CPU [9%@921,4%@921,off,off] EMC_FREQ 0%@1600 GR3D_FREQ 0%@614 APE 25 PLL@29.5C CPU@32C iwlwifi@32C PMIC@50C GPU@30C AO@41C thermal@30.75C POM_5V_IN 1892/2083 POM_5V_GPU 82/83 POM_5V_CPU 329/468
RAM 1383/3964MB (lfb 8x4MB) SWAP 792/6078MB (cached 34MB) IRAM 0/252kB(lfb 252kB) CPU [9%@921,5%@921,off,off] EMC_FREQ 0%@1600 GR3D_FREQ 0%@614 APE 25 PLL@29.5C CPU@31.5C iwlwifi@34C PMIC@50C GPU@30C AO@41C thermal@30.5C POM_5V_IN 1934/2083 POM_5V_GPU 82/83 POM_5V_CPU 329/468
RAM 1381/3964MB (lfb 8x4MB) SWAP 792/6078MB (cached 34MB) IRAM 0/252kB(lfb 252kB) CPU [8%@921,6%@921,off,off] EMC_FREQ 0%@1600 GR3D_FREQ 0%@614 APE 25 PLL@29.5C CPU@31.5C iwlwifi@32C PMIC@50C GPU@30C AO@41C thermal@30.75C POM_5V_IN 2174/2083 POM_5V_GPU 82/83 POM_5V_CPU 573/468
RAM 1379/3964MB (lfb 8x4MB) SWAP 792/6078MB (cached 34MB) IRAM 0/252kB(lfb 252kB) CPU [5%@921,9%@921,off,off] EMC_FREQ 0%@1600 GR3D_FREQ 0%@614 APE 25 PLL@30C CPU@31.5C iwlwifi@32C PMIC@50C GPU@30C AO@41C thermal@30.75C POM_5V_IN 1892/2083 POM_5V_GPU 82/83 POM_5V_CPU 329/468
RAM 1379/3964MB (lfb 8x4MB) SWAP 792/6078MB (cached 34MB) IRAM 0/252kB(lfb 252kB) CPU [8%@921,6%@921,off,off] EMC_FREQ 0%@1600 GR3D_FREQ 0%@614 APE 25 PLL@30C CPU@31.5C iwlwifi@32C PMIC@50C GPU@30C AO@41C thermal@30.75C POM_5V_IN 2054/2083 POM_5V_GPU 82/83 POM_5V_CPU 451/468
RAM 1364/3964MB (lfb 8x4MB) SWAP 792/6078MB (cached 34MB) IRAM 0/252kB(lfb 252kB) CPU [6%@921,8%@921,off,off] EMC_FREQ 0%@1600 GR3D_FREQ 0%@614 APE 25 PLL@29.5C CPU@31.5C iwlwifi@32C PMIC@50C GPU@30C AO@40.5C thermal@30.75C POM_5V_IN 2133/2083 POM_5V_GPU 82/83 POM_5V_CPU 492/468
RAM 1364/3964MB (lfb 8x4MB) SWAP 792/6078MB (cached 34MB) IRAM 0/252kB(lfb 252kB) CPU [7%@921,5%@921,off,off] EMC_FREQ 0%@1600 GR3D_FREQ 0%@614 APE 25 PLL@29.5C CPU@31.5C iwlwifi@32C PMIC@50C GPU@30C AO@40.5C thermal@30.75C POM_5V_IN 2174/2083 POM_5V_GPU 82/83 POM_5V_CPU 574/468
RAM 1364/3964MB (lfb 8x4MB) SWAP 792/6078MB (cached 34MB) IRAM 0/252kB(lfb 252kB) CPU [7%@921,6%@921,off,off] EMC_FREQ 0%@1600 GR3D_FREQ 0%@614 APE 25 PLL@30C CPU@31.5C iwlwifi@32C PMIC@50C GPU@29.5C AO@40.5C thermal@31C POM_5V_IN 2174/2083 POM_5V_GPU 82/83 POM_5V_CPU 574/468
RAM 1379/3964MB (lfb 8x4MB) SWAP 792/6078MB (cached 34MB) IRAM 0/252kB(lfb 252kB) CPU [7%@921,5%@921,off,off] EMC_FREQ 0%@1600 GR3D_FREQ 0%@614 APE 25 PLL@30C CPU@31.5C iwlwifi@32C PMIC@50C GPU@30C AO@40.5C thermal@30.75C POM_5V_IN 2215/2084 POM_5V_GPU 82/83 POM_5V_CPU 574/468
RAM 1364/3964MB (lfb 8x4MB) SWAP 792/6078MB (cached 34MB) IRAM 0/252kB(lfb 252kB) CPU [5%@921,8%@921,off,off] EMC_FREQ 0%@1600 GR3D_FREQ 0%@614 APE 25 PLL@30C CPU@32C iwlwifi@32C PMIC@50C GPU@30C AO@40.5C thermal@30.75C POM_5V_IN 2215/2084 POM_5V_GPU 82/83 POM_5V_CPU 574/468
RAM 1379/3964MB (lfb 8x4MB) SWAP 792/6078MB (cached 34MB) IRAM 0/252kB(lfb 252kB) CPU [8%@921,5%@921,off,off] EMC_FREQ 0%@1600 GR3D_FREQ 0%@614 APE 25 PLL@29.5C CPU@32C iwlwifi@32C PMIC@50C GPU@30C AO@40.5C thermal@30.5C POM_5V_IN 2174/2084 POM_5V_GPU 82/83 POM_5V_CPU 574/468
RAM 1379/3964MB (lfb 8x4MB) SWAP 792/6078MB (cached 34MB) IRAM 0/252kB(lfb 252kB) CPU [7%@921,6%@921,off,off] EMC_FREQ 0%@1600 GR3D_FREQ 0%@614 APE 25 PLL@29.5C CPU@31C iwlwifi@32C PMIC@50C GPU@30C AO@40.5C thermal@30.75C POM_5V_IN 1934/2084 POM_5V_GPU 82/83 POM_5V_CPU 329/468
RAM 1383/3964MB (lfb 8x4MB) SWAP 792/6078MB (cached 34MB) IRAM 0/252kB(lfb 252kB) CPU [6%@921,8%@921,off,off] EMC_FREQ 0%@1600 GR3D_FREQ 0%@614 APE 25 PLL@30C CPU@32C iwlwifi@32C PMIC@50C GPU@30C AO@41C thermal@30.75C POM_5V_IN 1892/2083 POM_5V_GPU 82/83 POM_5V_CPU 288/468
RAM 1379/3964MB (lfb 8x4MB) SWAP 792/6078MB (cached 34MB) IRAM 0/252kB(lfb 252kB) CPU [7%@921,5%@921,off,off] EMC_FREQ 0%@1600 GR3D_FREQ 0%@614 APE 25 PLL@30C CPU@31.5C iwlwifi@32C PMIC@50C GPU@30C AO@41C thermal@30.75C POM_5V_IN 1934/2083 POM_5V_GPU 82/83 POM_5V_CPU 329/468
RAM 1379/3964MB (lfb 8x4MB) SWAP 792/6078MB (cached 34MB) IRAM 0/252kB(lfb 252kB) CPU [6%@921,9%@921,off,off] EMC_FREQ 0%@1600 GR3D_FREQ 0%@614 APE 25 PLL@30C CPU@32C iwlwifi@32C PMIC@50C GPU@30C AO@41C thermal@30.75C POM_5V_IN 2136/2083 POM_5V_GPU 82/83 POM_5V_CPU 492/468
RAM 1383/3964MB (lfb 8x4MB) SWAP 792/6078MB (cached 34MB) IRAM 0/252kB(lfb 252kB) CPU [6%@921,7%@921,off,off] EMC_FREQ 0%@1600 GR3D_FREQ 0%@614 APE 25 PLL@29.5C CPU@31.5C iwlwifi@32C PMIC@50C GPU@30C AO@41C thermal@30.75C POM_5V_IN 1892/2083 POM_5V_GPU 82/83 POM_5V_CPU 288/468
RAM 1369/3964MB (lfb 8x4MB) SWAP 792/6078MB (cached 34MB) IRAM 0/252kB(lfb 252kB) CPU [10%@921,6%@921,off,off] EMC_FREQ 0%@1600 GR3D_FREQ 0%@614 APE 25 PLL@30C CPU@31.5C iwlwifi@32C PMIC@50C GPU@30C AO@41C thermal@30.75C POM_5V_IN 2256/2083 POM_5V_GPU 82/83 POM_5V_CPU 615/468
RAM 1365/3964MB (lfb 8x4MB) SWAP 792/6078MB (cached 34MB) IRAM 0/252kB(lfb 252kB) CPU [5%@921,9%@921,off,off] EMC_FREQ 0%@1600 GR3D_FREQ 0%@614 APE 25 PLL@29.5C CPU@31.5C iwlwifi@32C PMIC@50C GPU@30.5C AO@41C thermal@30.75C POM_5V_IN 2256/2083 POM_5V_GPU 82/83 POM_5V_CPU 615/468
RAM 1364/3964MB (lfb 8x4MB) SWAP 792/6078MB (cached 34MB) IRAM 0/252kB(lfb 252kB) CPU [6%@921,8%@921,off,off] EMC_FREQ 0%@1600 GR3D_FREQ 0%@614 APE 25 PLL@30C CPU@31.5C iwlwifi@32C PMIC@50C GPU@30C AO@41C thermal@31C POM_5V_IN 2215/2084 POM_5V_GPU 82/83 POM_5V_CPU 574/468
RAM 1365/3964MB (lfb 8x4MB) SWAP 792/6078MB (cached 34MB) IRAM 0/252kB(lfb 252kB) CPU [7%@921,7%@921,off,off] EMC_FREQ 0%@1600 GR3D_FREQ 0%@614 APE 25 PLL@30C CPU@31.5C iwlwifi@32C PMIC@50C GPU@30C AO@40.5C thermal@30.75C POM_5V_IN 2174/2084 POM_5V_GPU 82/83 POM_5V_CPU 574/468
RAM 1383/3964MB (lfb 8x4MB) SWAP 792/6078MB (cached 34MB) IRAM 0/252kB(lfb 252kB) CPU [7%@921,7%@921,off,off] EMC_FREQ 0%@1600 GR3D_FREQ 0%@614 APE 25 PLL@30C CPU@32C iwlwifi@32C PMIC@50C GPU@30C AO@41C thermal@31C POM_5V_IN 2211/2084 POM_5V_GPU 81/83 POM_5V_CPU 573/468
RAM 1364/3964MB (lfb 8x4MB) SWAP 792/6078MB (cached 34MB) IRAM 0/252kB(lfb 252kB) CPU [6%@921,7%@921,off,off] EMC_FREQ 0%@1600 GR3D_FREQ 0%@614 APE 25 PLL@29.5C CPU@32C iwlwifi@32C PMIC@50C GPU@30C AO@40.5C thermal@30.75C POM_5V_IN 1892/2084 POM_5V_GPU 82/83 POM_5V_CPU 329/468
RAM 1381/3964MB (lfb 8x4MB) SWAP 792/6078MB (cached 34MB) IRAM 0/252kB(lfb 252kB) CPU [6%@921,7%@921,off,off] EMC_FREQ 0%@1600 GR3D_FREQ 0%@614 APE 25 PLL@29.5C CPU@32C iwlwifi@32C PMIC@50C GPU@30C AO@41C thermal@31C POM_5V_IN 2174/2084 POM_5V_GPU 82/83 POM_5V_CPU 533/468
RAM 1379/3964MB (lfb 8x4MB) SWAP 792/6078MB (cached 34MB) IRAM 0/252kB(lfb 252kB) CPU [6%@921,8%@921,off,off] EMC_FREQ 0%@1600 GR3D_FREQ 0%@614 APE 25 PLL@29.5C CPU@31.5C iwlwifi@32C PMIC@50C GPU@30C AO@41C thermal@30.75C POM_5V_IN 1934/2084 POM_5V_GPU 82/83 POM_5V_CPU 329/468
RAM 1381/3964MB (lfb 8x4MB) SWAP 792/6078MB (cached 34MB) IRAM 0/252kB(lfb 252kB) CPU [5%@921,9%@921,off,off] EMC_FREQ 0%@1600 GR3D_FREQ 0%@614 APE 25 PLL@30C CPU@31.5C iwlwifi@32C PMIC@50C GPU@29.5C AO@41C thermal@30.5C POM_5V_IN 1934/2083 POM_5V_GPU 82/83 POM_5V_CPU 329/468
RAM 1383/3964MB (lfb 8x4MB) SWAP 792/6078MB (cached 34MB) IRAM 0/252kB(lfb 252kB) CPU [8%@921,5%@921,off,off] EMC_FREQ 0%@1600 GR3D_FREQ 0%@614 APE 25 PLL@30C CPU@31.5C iwlwifi@32C PMIC@50C GPU@29.5C AO@41C thermal@30.75C POM_5V_IN 1772/2083 POM_5V_GPU 82/83 POM_5V_CPU 206/468
RAM 1379/3964MB (lfb 8x4MB) SWAP 792/6078MB (cached 34MB) IRAM 0/252kB(lfb 252kB) CPU [4%@921,8%@921,off,off] EMC_FREQ 0%@1600 GR3D_FREQ 0%@614 APE 25 PLL@30C CPU@32C iwlwifi@32C PMIC@50C GPU@29.5C AO@41C thermal@30.75C POM_5V_IN 1934/2083 POM_5V_GPU 82/83 POM_5V_CPU 329/468
RAM 1383/3964MB (lfb 8x4MB) SWAP 792/6078MB (cached 34MB) IRAM 0/252kB(lfb 252kB) CPU [9%@921,5%@921,off,off] EMC_FREQ 0%@1600 GR3D_FREQ 0%@614 APE 25 PLL@30C CPU@32C iwlwifi@32C PMIC@50C GPU@30C AO@40.5C thermal@30.75C POM_5V_IN 2174/2083 POM_5V_GPU 82/83 POM_5V_CPU 574/468
RAM 1364/3964MB (lfb 8x4MB) SWAP 792/6078MB (cached 34MB) IRAM 0/252kB(lfb 252kB) CPU [5%@921,8%@921,off,off] EMC_FREQ 0%@1600 GR3D_FREQ 0%@614 APE 25 PLL@29.5C CPU@32C iwlwifi@32C PMIC@50C GPU@30C AO@40.5C thermal@30.75C POM_5V_IN 2174/2083 POM_5V_GPU 82/83 POM_5V_CPU 533/468
RAM 1365/3964MB (lfb 8x4MB) SWAP 792/6078MB (cached 34MB) IRAM 0/252kB(lfb 252kB) CPU [5%@921,8%@921,off,off] EMC_FREQ 0%@1600 GR3D_FREQ 0%@614 APE 25 PLL@30C CPU@31.5C iwlwifi@32C PMIC@50C GPU@30C AO@40.5C thermal@31C POM_5V_IN 2215/2083 POM_5V_GPU 82/83 POM_5V_CPU 574/468
RAM 1364/3964MB (lfb 8x4MB) SWAP 792/6078MB (cached 34MB) IRAM 0/252kB(lfb 252kB) CPU [6%@921,6%@921,off,off] EMC_FREQ 0%@1600 GR3D_FREQ 0%@614 APE 25 PLL@30C CPU@31.5C iwlwifi@32C PMIC@50C GPU@29.5C AO@41C thermal@30.75C POM_5V_IN 2174/2083 POM_5V_GPU 82/83 POM_5V_CPU 574/468
RAM 1381/3964MB (lfb 8x4MB) SWAP 792/6078MB (cached 34MB) IRAM 0/252kB(lfb 252kB) CPU [7%@921,6%@921,off,off] EMC_FREQ 0%@1600 GR3D_FREQ 0%@614 APE 25 PLL@29.5C CPU@32C iwlwifi@32C PMIC@50C GPU@30C AO@41C thermal@30.5C POM_5V_IN 2174/2083 POM_5V_GPU 82/83 POM_5V_CPU 574/468
RAM 1365/3964MB (lfb 8x4MB) SWAP 792/6078MB (cached 34MB) IRAM 0/252kB(lfb 252kB) CPU [8%@921,6%@921,off,off] EMC_FREQ 0%@1600 GR3D_FREQ 0%@614 APE 25 PLL@30C CPU@31.5C iwlwifi@32C PMIC@50C GPU@30C AO@41C thermal@30.5C POM_5V_IN 1934/2083 POM_5V_GPU 82/83 POM_5V_CPU 329/468
RAM 1383/3964MB (lfb 8x4MB) SWAP 792/6078MB (cached 34MB) IRAM 0/252kB(lfb 252kB) CPU [7%@921,6%@921,off,off] EMC_FREQ 0%@1600 GR3D_FREQ 0%@614 APE 25 PLL@30C CPU@31.5C iwlwifi@32C PMIC@50C GPU@30C AO@41C thermal@30.75C POM_5V_IN 2174/2083 POM_5V_GPU 82/83 POM_5V_CPU 533/468
RAM 1364/3964MB (lfb 8x4MB) SWAP 792/6078MB (cached 34MB) IRAM 0/252kB(lfb 252kB) CPU [6%@921,7%@921,off,off] EMC_FREQ 0%@1600 GR3D_FREQ 0%@614 APE 25 PLL@30C CPU@31.5C iwlwifi@32C PMIC@50C GPU@29.5C AO@41C thermal@30.5C POM_5V_IN 1934/2083 POM_5V_GPU 82/83 POM_5V_CPU 329/468
RAM 1383/3964MB (lfb 8x4MB) SWAP 792/6078MB (cached 34MB) IRAM 0/252kB(lfb 252kB) CPU [7%@921,6%@921,off,off] EMC_FREQ 0%@1600 GR3D_FREQ 0%@614 APE 25 PLL@30C CPU@32C iwlwifi@32C PMIC@50C GPU@30C AO@41C thermal@30.5C POM_5V_IN 2174/2083 POM_5V_GPU 82/83 POM_5V_CPU 533/468
RAM 1383/3964MB (lfb 8x4MB) SWAP 792/6078MB (cached 34MB) IRAM 0/252kB(lfb 252kB) CPU [6%@921,7%@921,off,off] EMC_FREQ 0%@1600 GR3D_FREQ 0%@614 APE 25 PLL@30C CPU@31.5C iwlwifi@32C PMIC@50C GPU@30C AO@41C thermal@30.5C POM_5V_IN 2174/2083 POM_5V_GPU 82/83 POM_5V_CPU 574/468
RAM 1379/3964MB (lfb 8x4MB) SWAP 792/6078MB (cached 34MB) IRAM 0/252kB(lfb 252kB) CPU [6%@921,7%@921,off,off] EMC_FREQ 0%@1600 GR3D_FREQ 0%@614 APE 25 PLL@30C CPU@31.5C iwlwifi@32C PMIC@50C GPU@29.5C AO@40.5C thermal@30.75C POM_5V_IN 1934/2083 POM_5V_GPU 82/83 POM_5V_CPU 329/468
RAM 1379/3964MB (lfb 8x4MB) SWAP 792/6078MB (cached 34MB) IRAM 0/252kB(lfb 252kB) CPU [7%@921,7%@921,off,off] EMC_FREQ 0%@1600 GR3D_FREQ 0%@614 APE 25 PLL@30C CPU@31.5C iwlwifi@32C PMIC@50C GPU@30C AO@41C thermal@30.5C POM_5V_IN 1934/2083 POM_5V_GPU 82/83 POM_5V_CPU 329/468
RAM 1365/3964MB (lfb 8x4MB) SWAP 792/6078MB (cached 34MB) IRAM 0/252kB(lfb 252kB) CPU [8%@921,5%@921,off,off] EMC_FREQ 0%@1600 GR3D_FREQ 0%@614 APE 25 PLL@29.5C CPU@31C iwlwifi@32C PMIC@50C GPU@30C AO@41C thermal@30.5C POM_5V_IN 2054/2083 POM_5V_GPU 82/83 POM_5V_CPU 451/468
RAM 1379/3964MB (lfb 8x4MB) SWAP 792/6078MB (cached 34MB) IRAM 0/252kB(lfb 252kB) CPU [6%@921,7%@921,off,off] EMC_FREQ 0%@1600 GR3D_FREQ 0%@614 APE 25 PLL@30C CPU@31.5C iwlwifi@32C PMIC@50C GPU@30C AO@40.5C thermal@30.75C POM_5V_IN 2215/2083 POM_5V_GPU 82/83 POM_5V_CPU 615/468
RAM 1365/3964MB (lfb 8x4MB) SWAP 792/6078MB (cached 34MB) IRAM 0/252kB(lfb 252kB) CPU [7%@921,7%@921,off,off] EMC_FREQ 0%@1600 GR3D_FREQ 0%@614 APE 25 PLL@29.5C CPU@32C iwlwifi@32C PMIC@50C GPU@29.5C AO@41C thermal@30.25C POM_5V_IN 2215/2083 POM_5V_GPU 82/83 POM_5V_CPU 533/468
RAM 1364/3964MB (lfb 8x4MB) SWAP 792/6078MB (cached 34MB) IRAM 0/252kB(lfb 252kB) CPU [6%@921,8%@921,off,off] EMC_FREQ 0%@1600 GR3D_FREQ 0%@614 APE 25 PLL@30C CPU@31.5C iwlwifi@32C PMIC@50C GPU@29.5C AO@41C thermal@30.5C POM_5V_IN 2174/2083 POM_5V_GPU 82/83 POM_5V_CPU 574/468
RAM 1383/3964MB (lfb 8x4MB) SWAP 792/6078MB (cached 34MB) IRAM 0/252kB(lfb 252kB) CPU [6%@921,7%@921,off,off] EMC_FREQ 0%@1600 GR3D_FREQ 0%@614 APE 25 PLL@30C CPU@31.5C iwlwifi@32C PMIC@50C GPU@30C AO@41C thermal@30.25C POM_5V_IN 2215/2084 POM_5V_GPU 82/83 POM_5V_CPU 574/468
RAM 1364/3964MB (lfb 8x4MB) SWAP 792/6078MB (cached 34MB) IRAM 0/252kB(lfb 252kB) CPU [8%@921,6%@921,off,off] EMC_FREQ 0%@1600 GR3D_FREQ 0%@614 APE 25 PLL@29.5C CPU@31C iwlwifi@32C PMIC@50C GPU@30C AO@41C thermal@30.5C POM_5V_IN 1934/2083 POM_5V_GPU 82/83 POM_5V_CPU 329/468
RAM 1381/3964MB (lfb 8x4MB) SWAP 792/6078MB (cached 34MB) IRAM 0/252kB(lfb 252kB) CPU [6%@921,7%@921,off,off] EMC_FREQ 0%@1600 GR3D_FREQ 0%@614 APE 25 PLL@30C CPU@31.5C iwlwifi@32C PMIC@50C GPU@29.5C AO@40.5C thermal@30.25C POM_5V_IN 2174/2084 POM_5V_GPU 82/83 POM_5V_CPU 574/468
RAM 1381/3964MB (lfb 8x4MB) SWAP 792/6078MB (cached 34MB) IRAM 0/252kB(lfb 252kB) CPU [7%@921,7%@921,off,off] EMC_FREQ 0%@1600 GR3D_FREQ 0%@614 APE 25 PLL@29.5C CPU@31.5C iwlwifi@32C PMIC@50C GPU@30C AO@40.5C thermal@30.5C POM_5V_IN 1890/2083 POM_5V_GPU 82/83 POM_5V_CPU 328/468
RAM 1383/3964MB (lfb 8x4MB) SWAP 792/6078MB (cached 34MB) IRAM 0/252kB(lfb 252kB) CPU [7%@921,6%@921,off,off] EMC_FREQ 0%@1600 GR3D_FREQ 0%@614 APE 25 PLL@30C CPU@31.5C iwlwifi@32C PMIC@50C GPU@30C AO@41C thermal@31C POM_5V_IN 1934/2083 POM_5V_GPU 82/83 POM_5V_CPU 329/468
RAM 1381/3964MB (lfb 8x4MB) SWAP 792/6078MB (cached 34MB) IRAM 0/252kB(lfb 252kB) CPU [10%@921,4%@921,off,off] EMC_FREQ 0%@1600 GR3D_FREQ 0%@614 APE 25 PLL@29.5C CPU@31.5C iwlwifi@32C PMIC@50C GPU@29.5C AO@41C thermal@30.5C POM_5V_IN 1934/2083 POM_5V_GPU 82/83 POM_5V_CPU 329/468
RAM 1379/3964MB (lfb 8x4MB) SWAP 792/6078MB (cached 34MB) IRAM 0/252kB(lfb 252kB) CPU [6%@921,7%@921,off,off] EMC_FREQ 0%@1600 GR3D_FREQ 0%@614 APE 25 PLL@30C CPU@31C iwlwifi@32C PMIC@50C GPU@30C AO@41C thermal@30.5C POM_5V_IN 1772/2083 POM_5V_GPU 82/83 POM_5V_CPU 206/468
RAM 1381/3964MB (lfb 8x4MB) SWAP 792/6078MB (cached 34MB) IRAM 0/252kB(lfb 252kB) CPU [11%@921,4%@921,off,off] EMC_FREQ 0%@1600 GR3D_FREQ 0%@614 APE 25 PLL@30C CPU@31C iwlwifi@32C PMIC@50C GPU@29.5C AO@41C thermal@30.5C POM_5V_IN 1892/2082 POM_5V_GPU 82/83 POM_5V_CPU 329/467
RAM 1383/3964MB (lfb 8x4MB) SWAP 792/6078MB (cached 34MB) IRAM 0/252kB(lfb 252kB) CPU [8%@921,6%@921,off,off] EMC_FREQ 0%@1600 GR3D_FREQ 0%@614 APE 25 PLL@30C CPU@31.5C iwlwifi@32C PMIC@50C GPU@30C AO@41C thermal@30.5C POM_5V_IN 1934/2082 POM_5V_GPU 82/83 POM_5V_CPU 329/467
RAM 1379/3964MB (lfb 8x4MB) SWAP 792/6078MB (cached 34MB) IRAM 0/252kB(lfb 252kB) CPU [8%@921,6%@921,off,off] EMC_FREQ 0%@1600 GR3D_FREQ 0%@614 APE 25 PLL@29.5C CPU@31.5C iwlwifi@32C PMIC@50C GPU@30C AO@41.5C thermal@30.5C POM_5V_IN 1934/2082 POM_5V_GPU 82/83 POM_5V_CPU 329/467
RAM 1383/3964MB (lfb 8x4MB) SWAP 792/6078MB (cached 34MB) IRAM 0/252kB(lfb 252kB) CPU [8%@921,6%@921,off,off] EMC_FREQ 0%@1600 GR3D_FREQ 0%@614 APE 25 PLL@29.5C CPU@31C iwlwifi@32C PMIC@50C GPU@29.5C AO@41C thermal@30.5C POM_5V_IN 1972/2082 POM_5V_GPU 82/83 POM_5V_CPU 369/467
RAM 1383/3964MB (lfb 8x4MB) SWAP 792/6078MB (cached 34MB) IRAM 0/252kB(lfb 252kB) CPU [5%@921,8%@921,off,off] EMC_FREQ 0%@1600 GR3D_FREQ 0%@614 APE 25 PLL@30C CPU@31.5C iwlwifi@32C PMIC@50C GPU@29.5C AO@41C thermal@30.25C POM_5V_IN 1731/2082 POM_5V_GPU 82/83 POM_5V_CPU 164/467
RAM 1381/3964MB (lfb 8x4MB) SWAP 792/6078MB (cached 34MB) IRAM 0/252kB(lfb 252kB) CPU [9%@921,5%@921,off,off] EMC_FREQ 0%@1600 GR3D_FREQ 0%@614 APE 25 PLL@30C CPU@31.5C iwlwifi@32C PMIC@50C GPU@29.5C AO@41C thermal@30.25C POM_5V_IN 1892/2081 POM_5V_GPU 82/83 POM_5V_CPU 288/466
RAM 1364/3964MB (lfb 8x4MB) SWAP 792/6078MB (cached 34MB) IRAM 0/252kB(lfb 252kB) CPU [6%@921,8%@921,off,off] EMC_FREQ 0%@1600 GR3D_FREQ 0%@614 APE 25 PLL@30C CPU@31.5C iwlwifi@32C PMIC@50C GPU@30C AO@41.5C thermal@30.5C POM_5V_IN 2256/2082 POM_5V_GPU 82/83 POM_5V_CPU 615/467
RAM 1364/3964MB (lfb 8x4MB) SWAP 792/6078MB (cached 34MB) IRAM 0/252kB(lfb 252kB) CPU [7%@921,7%@921,off,off] EMC_FREQ 0%@1600 GR3D_FREQ 0%@614 APE 25 PLL@30C CPU@31.5C iwlwifi@32C PMIC@50C GPU@29.5C AO@41C thermal@30.25C POM_5V_IN 2174/2082 POM_5V_GPU 82/83 POM_5V_CPU 533/467
RAM 1365/3964MB (lfb 8x4MB) SWAP 792/6078MB (cached 34MB) IRAM 0/252kB(lfb 252kB) CPU [6%@921,7%@921,off,off] EMC_FREQ 0%@1600 GR3D_FREQ 0%@614 APE 25 PLL@29.5C CPU@31.5C iwlwifi@32C PMIC@50C GPU@29.5C AO@41C thermal@30.25C POM_5V_IN 2174/2082 POM_5V_GPU 82/83 POM_5V_CPU 574/467
RAM 1385/3964MB (lfb 8x4MB) SWAP 792/6078MB (cached 34MB) IRAM 0/252kB(lfb 252kB) CPU [7%@921,6%@921,off,off] EMC_FREQ 0%@1600 GR3D_FREQ 0%@614 APE 25 PLL@30C CPU@31.5C iwlwifi@32C PMIC@50C GPU@29.5C AO@40.5C thermal@30.25C POM_5V_IN 2174/2082 POM_5V_GPU 82/83 POM_5V_CPU 574/467
RAM 1364/3964MB (lfb 8x4MB) SWAP 792/6078MB (cached 34MB) IRAM 0/252kB(lfb 252kB) CPU [7%@921,6%@921,off,off] EMC_FREQ 0%@1600 GR3D_FREQ 0%@614 APE 25 PLL@30C CPU@31.5C iwlwifi@32C PMIC@50C GPU@29.5C AO@41C thermal@30.5C POM_5V_IN 1934/2082 POM_5V_GPU 82/83 POM_5V_CPU 287/467
RAM 1385/3964MB (lfb 8x4MB) SWAP 792/6078MB (cached 34MB) IRAM 0/252kB(lfb 252kB) CPU [6%@921,7%@921,off,off] EMC_FREQ 0%@1600 GR3D_FREQ 0%@614 APE 25 PLL@30C CPU@31.5C iwlwifi@32C PMIC@50C GPU@30C AO@40.5C thermal@30.5C POM_5V_IN 2174/2082 POM_5V_GPU 82/83 POM_5V_CPU 533/467
RAM 1381/3964MB (lfb 8x4MB) SWAP 792/6078MB (cached 34MB) IRAM 0/252kB(lfb 252kB) CPU [7%@921,6%@921,off,off] EMC_FREQ 0%@1600 GR3D_FREQ 0%@614 APE 25 PLL@29.5C CPU@31.5C iwlwifi@32C PMIC@50C GPU@29.5C AO@41C thermal@30.75C POM_5V_IN 1851/2082 POM_5V_GPU 82/83 POM_5V_CPU 246/467
RAM 1379/3964MB (lfb 8x4MB) SWAP 792/6078MB (cached 34MB) IRAM 0/252kB(lfb 252kB) CPU [8%@921,5%@921,off,off] EMC_FREQ 0%@1600 GR3D_FREQ 0%@614 APE 25 PLL@29.5C CPU@31C iwlwifi@32C PMIC@50C GPU@30C AO@41C thermal@30.5C POM_5V_IN 1934/2082 POM_5V_GPU 82/83 POM_5V_CPU 369/466
RAM 1383/3964MB (lfb 8x4MB) SWAP 792/6078MB (cached 34MB) IRAM 0/252kB(lfb 252kB) CPU [6%@921,7%@921,off,off] EMC_FREQ 0%@1600 GR3D_FREQ 0%@614 APE 25 PLL@30C CPU@31.5C iwlwifi@32C PMIC@50C GPU@30C AO@41C thermal@30.25C POM_5V_IN 1972/2081 POM_5V_GPU 82/83 POM_5V_CPU 328/466
RAM 1381/3964MB (lfb 8x4MB) SWAP 792/6078MB (cached 34MB) IRAM 0/252kB(lfb 252kB) CPU [9%@921,5%@921,off,off] EMC_FREQ 0%@1600 GR3D_FREQ 0%@614 APE 25 PLL@30C CPU@31C iwlwifi@32C PMIC@50C GPU@29.5C AO@41C thermal@30.5C POM_5V_IN 1975/2081 POM_5V_GPU 82/83 POM_5V_CPU 369/466
RAM 1379/3964MB (lfb 8x4MB) SWAP 792/6078MB (cached 34MB) IRAM 0/252kB(lfb 252kB) CPU [8%@921,6%@921,off,off] EMC_FREQ 0%@1600 GR3D_FREQ 0%@614 APE 25 PLL@30C CPU@31.5C iwlwifi@32C PMIC@50C GPU@30C AO@40.5C thermal@30.5C POM_5V_IN 2215/2081 POM_5V_GPU 82/83 POM_5V_CPU 574/466
RAM 1364/3964MB (lfb 8x4MB) SWAP 792/6078MB (cached 34MB) IRAM 0/252kB(lfb 252kB) CPU [6%@921,9%@921,off,off] EMC_FREQ 0%@1600 GR3D_FREQ 0%@614 APE 25 PLL@29.5C CPU@31.5C iwlwifi@32C PMIC@50C GPU@29.5C AO@41C thermal@30.25C POM_5V_IN 2215/2082 POM_5V_GPU 82/83 POM_5V_CPU 615/466
RAM 1365/3964MB (lfb 8x4MB) SWAP 792/6078MB (cached 34MB) IRAM 0/252kB(lfb 252kB) CPU [10%@921,3%@921,off,off] EMC_FREQ 0%@1600 GR3D_FREQ 0%@614 APE 25 PLL@30C CPU@31.5C iwlwifi@32C PMIC@50C GPU@29.5C AO@41C thermal@30.25C POM_5V_IN 2297/2082 POM_5V_GPU 82/83 POM_5V_CPU 573/467
RAM 1364/3964MB (lfb 8x4MB) SWAP 792/6078MB (cached 34MB) IRAM 0/252kB(lfb 252kB) CPU [8%@921,6%@921,off,off] EMC_FREQ 0%@1600 GR3D_FREQ 0%@614 APE 25 PLL@30C CPU@31C iwlwifi@32C PMIC@50C GPU@29.5C AO@40.5C thermal@30.5C POM_5V_IN 2215/2082 POM_5V_GPU 82/83 POM_5V_CPU 574/467
RAM 1381/3964MB (lfb 8x4MB) SWAP 792/6078MB (cached 34MB) IRAM 0/252kB(lfb 252kB) CPU [6%@921,7%@921,off,off] EMC_FREQ 0%@1600 GR3D_FREQ 0%@614 APE 25 PLL@30C CPU@31.5C iwlwifi@32C PMIC@50C GPU@30C AO@40.5C thermal@30.5C POM_5V_IN 2174/2082 POM_5V_GPU 82/83 POM_5V_CPU 533/467
RAM 1364/3964MB (lfb 8x4MB) SWAP 792/6078MB (cached 34MB) IRAM 0/252kB(lfb 252kB) CPU [7%@921,7%@921,off,off] EMC_FREQ 0%@1600 GR3D_FREQ 0%@614 APE 25 PLL@30C CPU@31.5C iwlwifi@32C PMIC@50C GPU@29.5C AO@40.5C thermal@30.75C POM_5V_IN 1934/2082 POM_5V_GPU 82/83 POM_5V_CPU 329/467
RAM 1381/3964MB (lfb 8x4MB) SWAP 792/6078MB (cached 34MB) IRAM 0/252kB(lfb 252kB) CPU [7%@921,6%@921,off,off] EMC_FREQ 0%@1600 GR3D_FREQ 0%@614 APE 25 PLL@30C CPU@31.5C iwlwifi@32C PMIC@50C GPU@30C AO@40.5C thermal@30.75C POM_5V_IN 2174/2082 POM_5V_GPU 82/83 POM_5V_CPU 533/467
RAM 1383/3964MB (lfb 8x4MB) SWAP 792/6078MB (cached 34MB) IRAM 0/252kB(lfb 252kB) CPU [9%@921,5%@921,off,off] EMC_FREQ 0%@1600 GR3D_FREQ 0%@614 APE 25 PLL@30C CPU@31.5C iwlwifi@32C PMIC@50C GPU@29.5C AO@40.5C thermal@30.5C POM_5V_IN 1934/2082 POM_5V_GPU 82/83 POM_5V_CPU 329/467
RAM 1379/3964MB (lfb 8x4MB) SWAP 792/6078MB (cached 34MB) IRAM 0/252kB(lfb 252kB) CPU [8%@921,5%@921,off,off] EMC_FREQ 0%@1600 GR3D_FREQ 0%@614 APE 25 PLL@30C CPU@31.5C iwlwifi@32C PMIC@50C GPU@29.5C AO@40.5C thermal@30.5C POM_5V_IN 1934/2082 POM_5V_GPU 82/83 POM_5V_CPU 329/466
RAM 1381/3964MB (lfb 8x4MB) SWAP 792/6078MB (cached 34MB) IRAM 0/252kB(lfb 252kB) CPU [6%@921,7%@921,off,off] EMC_FREQ 0%@1600 GR3D_FREQ 0%@614 APE 25 PLL@30C CPU@31.5C iwlwifi@32C PMIC@50C GPU@30C AO@41C thermal@30.5C POM_5V_IN 2174/2082 POM_5V_GPU 82/83 POM_5V_CPU 574/467
RAM 1383/3964MB (lfb 8x4MB) SWAP 792/6078MB (cached 34MB) IRAM 0/252kB(lfb 252kB) CPU [8%@921,6%@921,off,off] EMC_FREQ 0%@1600 GR3D_FREQ 0%@614 APE 25 PLL@30C CPU@31.5C iwlwifi@32C PMIC@50C GPU@30C AO@41C thermal@30.5C POM_5V_IN 2013/2082 POM_5V_GPU 82/83 POM_5V_CPU 328/466
RAM 1381/3964MB (lfb 8x4MB) SWAP 792/6078MB (cached 34MB) IRAM 0/252kB(lfb 252kB) CPU [6%@921,8%@921,off,off] EMC_FREQ 0%@1600 GR3D_FREQ 0%@614 APE 25 PLL@30C CPU@31.5C iwlwifi@32C PMIC@50C GPU@30C AO@40.5C thermal@30.75C POM_5V_IN 1890/2081 POM_5V_GPU 82/83 POM_5V_CPU 328/466
RAM 1383/3964MB (lfb 8x4MB) SWAP 792/6078MB (cached 34MB) IRAM 0/252kB(lfb 252kB) CPU [6%@921,8%@921,off,off] EMC_FREQ 0%@1600 GR3D_FREQ 0%@614 APE 25 PLL@30C CPU@31.5C iwlwifi@32C PMIC@50C GPU@30C AO@41C thermal@30.5C POM_5V_IN 2293/2082 POM_5V_GPU 81/83 POM_5V_CPU 613/466
RAM 1365/3964MB (lfb 8x4MB) SWAP 792/6078MB (cached 34MB) IRAM 0/252kB(lfb 252kB) CPU [6%@921,8%@921,off,off] EMC_FREQ 0%@1600 GR3D_FREQ 0%@614 APE 25 PLL@30C CPU@31.5C iwlwifi@32C PMIC@50C GPU@30C AO@41C thermal@30.5C POM_5V_IN 2297/2082 POM_5V_GPU 81/83 POM_5V_CPU 655/467
RAM 1365/3964MB (lfb 8x4MB) SWAP 792/6078MB (cached 34MB) IRAM 0/252kB(lfb 252kB) CPU [8%@921,6%@921,off,off] EMC_FREQ 0%@1600 GR3D_FREQ 0%@614 APE 25 PLL@30C CPU@32C iwlwifi@32C PMIC@50C GPU@30C AO@41C thermal@30.5C POM_5V_IN 2174/2082 POM_5V_GPU 82/83 POM_5V_CPU 574/467
RAM 1379/3964MB (lfb 8x4MB) SWAP 792/6078MB (cached 34MB) IRAM 0/252kB(lfb 252kB) CPU [8%@921,5%@921,off,off] EMC_FREQ 0%@1600 GR3D_FREQ 0%@614 APE 25 PLL@30C CPU@31.5C iwlwifi@32C PMIC@50C GPU@30C AO@41C thermal@30.75C POM_5V_IN 2174/2082 POM_5V_GPU 82/83 POM_5V_CPU 574/467
RAM 1365/3964MB (lfb 8x4MB) SWAP 792/6078MB (cached 34MB) IRAM 0/252kB(lfb 252kB) CPU [7%@921,8%@921,off,off] EMC_FREQ 0%@1600 GR3D_FREQ 0%@614 APE 25 PLL@30C CPU@31.5C iwlwifi@32C PMIC@50C GPU@30C AO@40.5C thermal@30.5C POM_5V_IN 1934/2082 POM_5V_GPU 82/83 POM_5V_CPU 329/467
RAM 1379/3964MB (lfb 8x4MB) SWAP 792/6078MB (cached 34MB) IRAM 0/252kB(lfb 252kB) CPU [6%@921,7%@921,off,off] EMC_FREQ 0%@1600 GR3D_FREQ 0%@614 APE 25 PLL@30C CPU@31.5C iwlwifi@32C PMIC@50C GPU@29.5C AO@40.5C thermal@30.5C POM_5V_IN 2174/2082 POM_5V_GPU 82/83 POM_5V_CPU 533/467
RAM 1383/3964MB (lfb 8x4MB) SWAP 792/6078MB (cached 34MB) IRAM 0/252kB(lfb 252kB) CPU [6%@921,7%@921,off,off] EMC_FREQ 0%@1600 GR3D_FREQ 0%@614 APE 25 PLL@29.5C CPU@31.5C iwlwifi@32C PMIC@50C GPU@30C AO@41C thermal@30.5C POM_5V_IN 1934/2082 POM_5V_GPU 82/83 POM_5V_CPU 329/467
RAM 1379/3964MB (lfb 8x4MB) SWAP 792/6078MB (cached 34MB) IRAM 0/252kB(lfb 252kB) CPU [7%@921,7%@921,off,off] EMC_FREQ 0%@1600 GR3D_FREQ 0%@614 APE 25 PLL@30C CPU@31.5C iwlwifi@32C PMIC@50C GPU@29.5C AO@41C thermal@30.75C POM_5V_IN 1934/2082 POM_5V_GPU 82/83 POM_5V_CPU 329/466
RAM 1379/3964MB (lfb 8x4MB) SWAP 792/6078MB (cached 34MB) IRAM 0/252kB(lfb 252kB) CPU [6%@921,6%@921,off,off] EMC_FREQ 0%@1600 GR3D_FREQ 0%@614 APE 25 PLL@29.5C CPU@31.5C iwlwifi@32C PMIC@50C GPU@30C AO@40.5C thermal@30.5C POM_5V_IN 1892/2082 POM_5V_GPU 82/83 POM_5V_CPU 288/466
RAM 1379/3964MB (lfb 8x4MB) SWAP 792/6078MB (cached 34MB) IRAM 0/252kB(lfb 252kB) CPU [8%@921,6%@921,off,off] EMC_FREQ 0%@1600 GR3D_FREQ 0%@614 APE 25 PLL@30C CPU@32C iwlwifi@32C PMIC@50C GPU@30.5C AO@41C thermal@30.75C POM_5V_IN 1934/2081 POM_5V_GPU 82/83 POM_5V_CPU 329/466
RAM 1383/3964MB (lfb 8x4MB) SWAP 787/6078MB (cached 34MB) IRAM 0/252kB(lfb 252kB) CPU [7%@921,6%@921,off,off] EMC_FREQ 0%@1600 GR3D_FREQ 0%@614 APE 25 PLL@30C CPU@31.5C iwlwifi@32C PMIC@50C GPU@30C AO@41C thermal@30.5C POM_5V_IN 1934/2081 POM_5V_GPU 82/83 POM_5V_CPU 329/466
RAM 1381/3964MB (lfb 8x4MB) SWAP 787/6078MB (cached 34MB) IRAM 0/252kB(lfb 252kB) CPU [7%@921,7%@921,off,off] EMC_FREQ 0%@1600 GR3D_FREQ 0%@614 APE 25 PLL@30C CPU@31.5C iwlwifi@32C PMIC@50C GPU@30C AO@41C thermal@30.5C POM_5V_IN 2215/2081 POM_5V_GPU 82/83 POM_5V_CPU 574/466
RAM 1379/3964MB (lfb 8x4MB) SWAP 787/6078MB (cached 34MB) IRAM 0/252kB(lfb 252kB) CPU [7%@921,5%@921,off,off] EMC_FREQ 0%@1600 GR3D_FREQ 0%@614 APE 25 PLL@30C CPU@31.5C iwlwifi@32C PMIC@50C GPU@30C AO@41C thermal@30.75C POM_5V_IN 2256/2082 POM_5V_GPU 82/83 POM_5V_CPU 614/466
RAM 1364/3964MB (lfb 8x4MB) SWAP 787/6078MB (cached 34MB) IRAM 0/252kB(lfb 252kB) CPU [7%@921,8%@921,off,off] EMC_FREQ 0%@1600 GR3D_FREQ 0%@614 APE 25 PLL@29.5C CPU@31.5C iwlwifi@32C PMIC@50C GPU@30C AO@40.5C thermal@30.75C POM_5V_IN 2293/2082 POM_5V_GPU 81/83 POM_5V_CPU 613/466
RAM 1364/3964MB (lfb 8x4MB) SWAP 787/6078MB (cached 34MB) IRAM 0/252kB(lfb 252kB) CPU [6%@921,6%@921,off,off] EMC_FREQ 0%@1600 GR3D_FREQ 0%@614 APE 25 PLL@30C CPU@31.5C iwlwifi@32C PMIC@50C GPU@30C AO@40.5C thermal@30.75C POM_5V_IN 2174/2082 POM_5V_GPU 82/83 POM_5V_CPU 574/467
RAM 1383/3964MB (lfb 8x4MB) SWAP 787/6078MB (cached 34MB) IRAM 0/252kB(lfb 252kB) CPU [7%@921,7%@921,off,off] EMC_FREQ 0%@1600 GR3D_FREQ 0%@614 APE 25 PLL@30C CPU@31.5C iwlwifi@32C PMIC@50C GPU@29.5C AO@40.5C thermal@30.5C POM_5V_IN 2170/2082 POM_5V_GPU 81/83 POM_5V_CPU 573/467
RAM 1364/3964MB (lfb 8x4MB) SWAP 787/6078MB (cached 34MB) IRAM 0/252kB(lfb 252kB) CPU [6%@921,8%@921,off,off] EMC_FREQ 0%@1600 GR3D_FREQ 0%@614 APE 25 PLL@30C CPU@31.5C iwlwifi@32C PMIC@50C GPU@30C AO@41C thermal@30.75C POM_5V_IN 1934/2082 POM_5V_GPU 82/83 POM_5V_CPU 329/466
RAM 1383/3964MB (lfb 8x4MB) SWAP 787/6078MB (cached 34MB) IRAM 0/252kB(lfb 252kB) CPU [7%@921,6%@921,off,off] EMC_FREQ 0%@1600 GR3D_FREQ 0%@614 APE 25 PLL@30C CPU@31.5C iwlwifi@32C PMIC@50C GPU@30C AO@41C thermal@30.75C POM_5V_IN 2174/2082 POM_5V_GPU 82/83 POM_5V_CPU 533/467
RAM 1382/3964MB (lfb 8x4MB) SWAP 787/6078MB (cached 34MB) IRAM 0/252kB(lfb 252kB) CPU [9%@921,4%@921,off,off] EMC_FREQ 0%@1600 GR3D_FREQ 0%@614 APE 25 PLL@29.5C CPU@31C iwlwifi@32C PMIC@50C GPU@30C AO@41C thermal@30.75C POM_5V_IN 1934/2082 POM_5V_GPU 82/83 POM_5V_CPU 328/466
RAM 1383/3964MB (lfb 8x4MB) SWAP 787/6078MB (cached 34MB) IRAM 0/252kB(lfb 252kB) CPU [6%@921,8%@921,off,off] EMC_FREQ 0%@1600 GR3D_FREQ 0%@614 APE 25 PLL@30C CPU@31.5C iwlwifi@32C PMIC@50C GPU@30C AO@40.5C thermal@30.5C POM_5V_IN 1975/2082 POM_5V_GPU 82/83 POM_5V_CPU 370/466
RAM 1383/3964MB (lfb 8x4MB) SWAP 787/6078MB (cached 34MB) IRAM 0/252kB(lfb 252kB) CPU [6%@921,6%@921,off,off] EMC_FREQ 0%@1600 GR3D_FREQ 0%@614 APE 25 PLL@30C CPU@31.5C iwlwifi@32C PMIC@50C GPU@30C AO@41C thermal@30.75C POM_5V_IN 1772/2081 POM_5V_GPU 82/83 POM_5V_CPU 205/466
RAM 1383/3964MB (lfb 8x4MB) SWAP 787/6078MB (cached 34MB) IRAM 0/252kB(lfb 252kB) CPU [9%@921,5%@921,off,off] EMC_FREQ 0%@1600 GR3D_FREQ 0%@614 APE 25 PLL@30C CPU@31.5C iwlwifi@32C PMIC@50C GPU@30C AO@41C thermal@30.75C POM_5V_IN 1934/2081 POM_5V_GPU 82/83 POM_5V_CPU 370/466
RAM 1381/3964MB (lfb 8x4MB) SWAP 787/6078MB (cached 34MB) IRAM 0/252kB(lfb 252kB) CPU [6%@921,8%@921,off,off] EMC_FREQ 0%@1600 GR3D_FREQ 0%@614 APE 25 PLL@30C CPU@31.5C iwlwifi@32C PMIC@50C GPU@30C AO@40.5C thermal@30.75C POM_5V_IN 1931/2081 POM_5V_GPU 82/83 POM_5V_CPU 328/466
RAM 1364/3964MB (lfb 8x4MB) SWAP 787/6078MB (cached 34MB) IRAM 0/252kB(lfb 252kB) CPU [6%@921,7%@921,off,off] EMC_FREQ 0%@1600 GR3D_FREQ 0%@614 APE 25 PLL@30C CPU@31.5C iwlwifi@32C PMIC@50C GPU@30C AO@41C thermal@30.75C POM_5V_IN 2054/2081 POM_5V_GPU 82/83 POM_5V_CPU 410/466
RAM 1364/3964MB (lfb 8x4MB) SWAP 787/6078MB (cached 34MB) IRAM 0/252kB(lfb 252kB) CPU [9%@921,5%@921,off,off] EMC_FREQ 0%@1600 GR3D_FREQ 0%@614 APE 25 PLL@30C CPU@31.5C iwlwifi@32C PMIC@50C GPU@29.5C AO@41C thermal@30.25C POM_5V_IN 2215/2081 POM_5V_GPU 82/83 POM_5V_CPU 574/466
RAM 1364/3964MB (lfb 8x4MB) SWAP 787/6078MB (cached 34MB) IRAM 0/252kB(lfb 252kB) CPU [6%@921,6%@921,off,off] EMC_FREQ 0%@1600 GR3D_FREQ 0%@614 APE 25 PLL@30C CPU@31.5C iwlwifi@32C PMIC@50C GPU@30C AO@41C thermal@30.5C POM_5V_IN 2174/2081 POM_5V_GPU 82/83 POM_5V_CPU 574/466
RAM 1364/3964MB (lfb 8x4MB) SWAP 787/6078MB (cached 34MB) IRAM 0/252kB(lfb 252kB) CPU [5%@921,10%@921,off,off] EMC_FREQ 0%@1600 GR3D_FREQ 0%@614 APE 25 PLL@30C CPU@31.5C iwlwifi@32C PMIC@50C GPU@30C AO@41C thermal@30.75C POM_5V_IN 2170/2081 POM_5V_GPU 81/83 POM_5V_CPU 573/466
RAM 1364/3964MB (lfb 8x4MB) SWAP 787/6078MB (cached 34MB) IRAM 0/252kB(lfb 252kB) CPU [6%@921,7%@921,off,off] EMC_FREQ 0%@1600 GR3D_FREQ 0%@614 APE 25 PLL@30C CPU@31.5C iwlwifi@32C PMIC@50C GPU@30C AO@41C thermal@30.5C POM_5V_IN 2174/2081 POM_5V_GPU 82/83 POM_5V_CPU 533/466
RAM 1379/3964MB (lfb 8x4MB) SWAP 787/6078MB (cached 34MB) IRAM 0/252kB(lfb 252kB) CPU [6%@921,7%@921,off,off] EMC_FREQ 0%@1600 GR3D_FREQ 0%@614 APE 25 PLL@29.5C CPU@31.5C iwlwifi@32C PMIC@50C GPU@30C AO@41C thermal@30.75C POM_5V_IN 2174/2081 POM_5V_GPU 82/83 POM_5V_CPU 533/466
RAM 1364/3964MB (lfb 8x4MB) SWAP 787/6078MB (cached 34MB) IRAM 0/252kB(lfb 252kB) CPU [7%@921,7%@921,off,off] EMC_FREQ 0%@1600 GR3D_FREQ 0%@614 APE 25 PLL@30C CPU@31.5C iwlwifi@32C PMIC@50C GPU@30C AO@40.5C thermal@30.75C POM_5V_IN 1892/2081 POM_5V_GPU 82/83 POM_5V_CPU 329/466
RAM 1379/3964MB (lfb 8x4MB) SWAP 787/6078MB (cached 34MB) IRAM 0/252kB(lfb 252kB) CPU [6%@921,7%@921,off,off] EMC_FREQ 0%@1600 GR3D_FREQ 0%@614 APE 25 PLL@30C CPU@31.5C iwlwifi@32C PMIC@50C GPU@30C AO@40.5C thermal@30.5C POM_5V_IN 2174/2081 POM_5V_GPU 82/83 POM_5V_CPU 574/466
RAM 1379/3964MB (lfb 8x4MB) SWAP 787/6078MB (cached 34MB) IRAM 0/252kB(lfb 252kB) CPU [6%@921,8%@921,off,off] EMC_FREQ 0%@1600 GR3D_FREQ 0%@614 APE 25 PLL@30C CPU@31.5C iwlwifi@32C PMIC@50C GPU@29.5C AO@40.5C thermal@30.25C POM_5V_IN 1934/2081 POM_5V_GPU 82/83 POM_5V_CPU 329/466
RAM 1379/3964MB (lfb 8x4MB) SWAP 787/6078MB (cached 34MB) IRAM 0/252kB(lfb 252kB) CPU [7%@921,7%@921,off,off] EMC_FREQ 0%@1600 GR3D_FREQ 0%@614 APE 25 PLL@29.5C CPU@31.5C iwlwifi@32C PMIC@50C GPU@29.5C AO@41C thermal@30.5C POM_5V_IN 1772/2081 POM_5V_GPU 82/83 POM_5V_CPU 206/466
RAM 1381/3964MB (lfb 8x4MB) SWAP 787/6078MB (cached 34MB) IRAM 0/252kB(lfb 252kB) CPU [6%@921,8%@921,off,off] EMC_FREQ 0%@1600 GR3D_FREQ 0%@614 APE 25 PLL@30C CPU@31.5C iwlwifi@33C PMIC@50C GPU@30C AO@40.5C thermal@30.75C POM_5V_IN 1934/2081 POM_5V_GPU 82/83 POM_5V_CPU 329/466
RAM 1379/3964MB (lfb 8x4MB) SWAP 787/6078MB (cached 34MB) IRAM 0/252kB(lfb 252kB) CPU [5%@921,10%@921,off,off] EMC_FREQ 0%@1600 GR3D_FREQ 0%@614 APE 25 PLL@30C CPU@31.5C iwlwifi@33C PMIC@50C GPU@30C AO@41C thermal@30.5C POM_5V_IN 2054/2081 POM_5V_GPU 82/83 POM_5V_CPU 451/466
RAM 1383/3964MB (lfb 8x4MB) SWAP 787/6078MB (cached 34MB) IRAM 0/252kB(lfb 252kB) CPU [8%@921,5%@921,off,off] EMC_FREQ 0%@1600 GR3D_FREQ 0%@614 APE 25 PLL@30C CPU@31C iwlwifi@32C PMIC@50C GPU@29.5C AO@41C thermal@30.5C POM_5V_IN 2054/2081 POM_5V_GPU 82/83 POM_5V_CPU 451/466
RAM 1364/3964MB (lfb 8x4MB) SWAP 787/6078MB (cached 34MB) IRAM 0/252kB(lfb 252kB) CPU [7%@921,7%@921,off,off] EMC_FREQ 0%@1600 GR3D_FREQ 0%@614 APE 25 PLL@30C CPU@32C iwlwifi@32C PMIC@50C GPU@30C AO@40.5C thermal@30.5C POM_5V_IN 2136/2081 POM_5V_GPU 82/83 POM_5V_CPU 492/466
RAM 1365/3964MB (lfb 8x4MB) SWAP 787/6078MB (cached 34MB) IRAM 0/252kB(lfb 252kB) CPU [7%@921,6%@921,off,off] EMC_FREQ 0%@1600 GR3D_FREQ 0%@614 APE 25 PLL@30C CPU@31.5C iwlwifi@32C PMIC@50C GPU@29.5C AO@40.5C thermal@30.25C POM_5V_IN 2174/2081 POM_5V_GPU 82/83 POM_5V_CPU 533/466
RAM 1365/3964MB (lfb 8x4MB) SWAP 787/6078MB (cached 34MB) IRAM 0/252kB(lfb 252kB) CPU [7%@921,6%@921,off,off] EMC_FREQ 0%@1600 GR3D_FREQ 0%@614 APE 25 PLL@30C CPU@31.5C iwlwifi@32C PMIC@50C GPU@30C AO@41C thermal@30.5C POM_5V_IN 2215/2081 POM_5V_GPU 82/83 POM_5V_CPU 574/466
RAM 1381/3964MB (lfb 8x4MB) SWAP 787/6078MB (cached 34MB) IRAM 0/252kB(lfb 252kB) CPU [7%@921,7%@921,off,off] EMC_FREQ 0%@1600 GR3D_FREQ 0%@614 APE 25 PLL@30C CPU@31C iwlwifi@32C PMIC@50C GPU@30C AO@40.5C thermal@30.75C POM_5V_IN 2174/2081 POM_5V_GPU 82/83 POM_5V_CPU 533/466
RAM 1365/3964MB (lfb 8x4MB) SWAP 787/6078MB (cached 34MB) IRAM 0/252kB(lfb 252kB) CPU [7%@921,7%@921,off,off] EMC_FREQ 0%@1600 GR3D_FREQ 0%@614 APE 25 PLL@29.5C CPU@31.5C iwlwifi@32C PMIC@50C GPU@30C AO@41C thermal@30.75C POM_5V_IN 1934/2081 POM_5V_GPU 82/83 POM_5V_CPU 329/466
RAM 1379/3964MB (lfb 8x4MB) SWAP 787/6078MB (cached 34MB) IRAM 0/252kB(lfb 252kB) CPU [5%@921,8%@921,off,off] EMC_FREQ 0%@1600 GR3D_FREQ 0%@614 APE 25 PLL@30C CPU@31.5C iwlwifi@32C PMIC@50C GPU@30C AO@41C thermal@30.75C POM_5V_IN 2215/2081 POM_5V_GPU 82/83 POM_5V_CPU 574/466
RAM 1379/3964MB (lfb 8x4MB) SWAP 787/6078MB (cached 34MB) IRAM 0/252kB(lfb 252kB) CPU [7%@921,6%@921,off,off] EMC_FREQ 0%@1600 GR3D_FREQ 0%@614 APE 25 PLL@30C CPU@31.5C iwlwifi@32C PMIC@50C GPU@30C AO@40.5C thermal@30.75C POM_5V_IN 1934/2081 POM_5V_GPU 82/83 POM_5V_CPU 329/466
RAM 1379/3964MB (lfb 8x4MB) SWAP 787/6078MB (cached 34MB) IRAM 0/252kB(lfb 252kB) CPU [7%@921,7%@921,off,off] EMC_FREQ 0%@1600 GR3D_FREQ 0%@614 APE 25 PLL@30C CPU@31.5C iwlwifi@32C PMIC@50C GPU@30C AO@40.5C thermal@30.5C POM_5V_IN 2211/2081 POM_5V_GPU 81/83 POM_5V_CPU 573/466
RAM 1381/3964MB (lfb 8x4MB) SWAP 787/6078MB (cached 34MB) IRAM 0/252kB(lfb 252kB) CPU [5%@921,7%@921,off,off] EMC_FREQ 0%@1600 GR3D_FREQ 0%@614 APE 25 PLL@29.5C CPU@31C iwlwifi@32C PMIC@50C GPU@29.5C AO@41C thermal@30.5C POM_5V_IN 1892/2081 POM_5V_GPU 82/83 POM_5V_CPU 288/466
RAM 1381/3964MB (lfb 8x4MB) SWAP 787/6078MB (cached 34MB) IRAM 0/252kB(lfb 252kB) CPU [6%@921,8%@921,off,off] EMC_FREQ 0%@1600 GR3D_FREQ 0%@614 APE 25 PLL@29.5C CPU@31.5C iwlwifi@32C PMIC@50C GPU@29.5C AO@41C thermal@30.25C POM_5V_IN 2174/2081 POM_5V_GPU 82/83 POM_5V_CPU 533/466
RAM 1365/3964MB (lfb 8x4MB) SWAP 787/6078MB (cached 34MB) IRAM 0/252kB(lfb 252kB) CPU [6%@921,8%@921,off,off] EMC_FREQ 0%@1600 GR3D_FREQ 0%@614 APE 25 PLL@30C CPU@31.5C iwlwifi@32C PMIC@50C GPU@30C AO@41C thermal@30.75C POM_5V_IN 2256/2081 POM_5V_GPU 82/83 POM_5V_CPU 574/466
RAM 1364/3964MB (lfb 8x4MB) SWAP 787/6078MB (cached 34MB) IRAM 0/252kB(lfb 252kB) CPU [6%@921,8%@921,off,off] EMC_FREQ 0%@1600 GR3D_FREQ 0%@614 APE 25 PLL@30C CPU@32C iwlwifi@32C PMIC@50C GPU@30C AO@40.5C thermal@30.75C POM_5V_IN 2215/2081 POM_5V_GPU 82/83 POM_5V_CPU 615/466
RAM 1364/3964MB (lfb 8x4MB) SWAP 787/6078MB (cached 34MB) IRAM 0/252kB(lfb 252kB) CPU [7%@921,6%@921,off,off] EMC_FREQ 0%@1600 GR3D_FREQ 0%@614 APE 25 PLL@29.5C CPU@31.5C iwlwifi@32C PMIC@50C GPU@30C AO@41C thermal@30.75C POM_5V_IN 2211/2081 POM_5V_GPU 81/83 POM_5V_CPU 573/466
RAM 1364/3964MB (lfb 8x4MB) SWAP 787/6078MB (cached 34MB) IRAM 0/252kB(lfb 252kB) CPU [7%@921,7%@921,off,off] EMC_FREQ 0%@1600 GR3D_FREQ 0%@614 APE 25 PLL@29.5C CPU@31.5C iwlwifi@32C PMIC@50C GPU@30C AO@40.5C thermal@30.75C POM_5V_IN 2174/2081 POM_5V_GPU 82/83 POM_5V_CPU 574/466
RAM 1383/3964MB (lfb 8x4MB) SWAP 787/6078MB (cached 34MB) IRAM 0/252kB(lfb 252kB) CPU [4%@921,8%@921,off,off] EMC_FREQ 0%@1600 GR3D_FREQ 0%@614 APE 25 PLL@30C CPU@31.5C iwlwifi@32C PMIC@50C GPU@29.5C AO@41C thermal@30.5C POM_5V_IN 2174/2082 POM_5V_GPU 82/83 POM_5V_CPU 574/466
RAM 1364/3964MB (lfb 8x4MB) SWAP 787/6078MB (cached 34MB) IRAM 0/252kB(lfb 252kB) CPU [6%@921,7%@921,off,off] EMC_FREQ 0%@1600 GR3D_FREQ 0%@614 APE 25 PLL@29.5C CPU@31.5C iwlwifi@32C PMIC@50C GPU@30C AO@41C thermal@30.5C POM_5V_IN 1934/2081 POM_5V_GPU 82/83 POM_5V_CPU 329/466
RAM 1383/3964MB (lfb 8x4MB) SWAP 787/6078MB (cached 34MB) IRAM 0/252kB(lfb 252kB) CPU [8%@921,4%@921,off,off] EMC_FREQ 0%@1600 GR3D_FREQ 0%@614 APE 25 PLL@29.5C CPU@31.5C iwlwifi@32C PMIC@50C GPU@30C AO@41C thermal@30.75C POM_5V_IN 2174/2082 POM_5V_GPU 82/83 POM_5V_CPU 533/466
RAM 1381/3964MB (lfb 8x4MB) SWAP 787/6078MB (cached 34MB) IRAM 0/252kB(lfb 252kB) CPU [5%@921,7%@921,off,off] EMC_FREQ 0%@1600 GR3D_FREQ 0%@614 APE 25 PLL@29.5C CPU@31.5C iwlwifi@32C PMIC@50C GPU@30C AO@41C thermal@30.5C POM_5V_IN 1892/2081 POM_5V_GPU 82/83 POM_5V_CPU 329/466
RAM 1383/3964MB (lfb 8x4MB) SWAP 787/6078MB (cached 34MB) IRAM 0/252kB(lfb 252kB) CPU [6%@921,8%@921,off,off] EMC_FREQ 0%@1600 GR3D_FREQ 0%@614 APE 25 PLL@30C CPU@31.5C iwlwifi@32C PMIC@50C GPU@29.5C AO@41C thermal@30.75C POM_5V_IN 1934/2081 POM_5V_GPU 82/83 POM_5V_CPU 329/466
RAM 1379/3964MB (lfb 8x4MB) SWAP 787/6078MB (cached 34MB) IRAM 0/252kB(lfb 252kB) CPU [7%@921,6%@921,off,off] EMC_FREQ 0%@1600 GR3D_FREQ 0%@614 APE 25 PLL@29.5C CPU@31.5C iwlwifi@32C PMIC@50C GPU@30C AO@41C thermal@30.75C POM_5V_IN 1892/2081 POM_5V_GPU 82/83 POM_5V_CPU 329/466
RAM 1379/3964MB (lfb 8x4MB) SWAP 787/6078MB (cached 34MB) IRAM 0/252kB(lfb 252kB) CPU [8%@921,5%@921,off,off] EMC_FREQ 0%@1600 GR3D_FREQ 0%@614 APE 25 PLL@30C CPU@31.5C iwlwifi@32C PMIC@50C GPU@30C AO@40.5C thermal@30.75C POM_5V_IN 1892/2081 POM_5V_GPU 82/83 POM_5V_CPU 329/466
RAM 1381/3964MB (lfb 8x4MB) SWAP 787/6078MB (cached 34MB) IRAM 0/252kB(lfb 252kB) CPU [7%@921,6%@921,off,off] EMC_FREQ 0%@1600 GR3D_FREQ 0%@614 APE 25 PLL@30C CPU@31.5C iwlwifi@32C PMIC@50C GPU@30C AO@41C thermal@30.5C POM_5V_IN 1892/2081 POM_5V_GPU 82/83 POM_5V_CPU 288/466
RAM 1365/3964MB (lfb 8x4MB) SWAP 787/6078MB (cached 34MB) IRAM 0/252kB(lfb 252kB) CPU [8%@921,7%@921,off,off] EMC_FREQ 0%@1600 GR3D_FREQ 0%@614 APE 25 PLL@30C CPU@31.5C iwlwifi@32C PMIC@50C GPU@30C AO@41C thermal@31C POM_5V_IN 2293/2081 POM_5V_GPU 81/83 POM_5V_CPU 655/466
RAM 1364/3964MB (lfb 8x4MB) SWAP 787/6078MB (cached 34MB) IRAM 0/252kB(lfb 252kB) CPU [8%@921,6%@921,off,off] EMC_FREQ 0%@1600 GR3D_FREQ 0%@614 APE 25 PLL@30C CPU@32C iwlwifi@32C PMIC@50C GPU@30C AO@41C thermal@30.75C POM_5V_IN 2215/2081 POM_5V_GPU 82/83 POM_5V_CPU 574/466
RAM 1383/3964MB (lfb 8x4MB) SWAP 787/6078MB (cached 34MB) IRAM 0/252kB(lfb 252kB) CPU [9%@921,5%@921,off,off] EMC_FREQ 0%@1600 GR3D_FREQ 0%@614 APE 25 PLL@29.5C CPU@31.5C iwlwifi@32C PMIC@50C GPU@30C AO@41C thermal@31C POM_5V_IN 2174/2081 POM_5V_GPU 82/83 POM_5V_CPU 574/466
RAM 1364/3964MB (lfb 8x4MB) SWAP 787/6078MB (cached 34MB) IRAM 0/252kB(lfb 252kB) CPU [6%@921,7%@921,off,off] EMC_FREQ 0%@1600 GR3D_FREQ 0%@614 APE 25 PLL@30C CPU@31.5C iwlwifi@32C PMIC@50C GPU@30C AO@41C thermal@30.75C POM_5V_IN 1851/2081 POM_5V_GPU 82/83 POM_5V_CPU 246/466
RAM 1381/3964MB (lfb 8x4MB) SWAP 787/6078MB (cached 34MB) IRAM 0/252kB(lfb 252kB) CPU [7%@921,6%@921,off,off] EMC_FREQ 0%@1600 GR3D_FREQ 0%@614 APE 25 PLL@30.5C CPU@31.5C iwlwifi@32C PMIC@50C GPU@29.5C AO@41C thermal@30.5C POM_5V_IN 2174/2081 POM_5V_GPU 82/83 POM_5V_CPU 533/466
RAM 1364/3964MB (lfb 8x4MB) SWAP 787/6078MB (cached 34MB) IRAM 0/252kB(lfb 252kB) CPU [9%@921,5%@921,off,off] EMC_FREQ 0%@1600 GR3D_FREQ 0%@614 APE 25 PLL@29.5C CPU@31.5C iwlwifi@32C PMIC@50C GPU@30C AO@40.5C thermal@30.5C POM_5V_IN 1892/2081 POM_5V_GPU 82/83 POM_5V_CPU 329/466
RAM 1379/3964MB (lfb 8x4MB) SWAP 787/6078MB (cached 34MB) IRAM 0/252kB(lfb 252kB) CPU [8%@921,6%@921,off,off] EMC_FREQ 0%@1600 GR3D_FREQ 0%@614 APE 25 PLL@30C CPU@31.5C iwlwifi@32C PMIC@50C GPU@29.5C AO@41C thermal@30.25C POM_5V_IN 2215/2081 POM_5V_GPU 82/83 POM_5V_CPU 574/466
RAM 1383/3964MB (lfb 8x4MB) SWAP 787/6078MB (cached 34MB) IRAM 0/252kB(lfb 252kB) CPU [7%@921,6%@921,off,off] EMC_FREQ 0%@1600 GR3D_FREQ 0%@614 APE 25 PLL@29.5C CPU@31.5C iwlwifi@32C PMIC@50C GPU@30C AO@41C thermal@30.75C POM_5V_IN 2054/2081 POM_5V_GPU 82/83 POM_5V_CPU 369/466
RAM 1381/3964MB (lfb 8x4MB) SWAP 787/6078MB (cached 34MB) IRAM 0/252kB(lfb 252kB) CPU [7%@921,7%@921,off,off] EMC_FREQ 0%@1600 GR3D_FREQ 0%@614 APE 25 PLL@29.5C CPU@31.5C iwlwifi@32C PMIC@50C GPU@29.5C AO@41C thermal@30.5C POM_5V_IN 1934/2081 POM_5V_GPU 82/83 POM_5V_CPU 329/465
RAM 1381/3964MB (lfb 8x4MB) SWAP 787/6078MB (cached 34MB) IRAM 0/252kB(lfb 252kB) CPU [6%@921,7%@921,off,off] EMC_FREQ 0%@1600 GR3D_FREQ 0%@614 APE 25 PLL@30C CPU@31.5C iwlwifi@32C PMIC@50C GPU@30C AO@41C thermal@30.25C POM_5V_IN 1934/2081 POM_5V_GPU 82/83 POM_5V_CPU 329/465
RAM 1379/3964MB (lfb 8x4MB) SWAP 787/6078MB (cached 34MB) IRAM 0/252kB(lfb 252kB) CPU [8%@921,6%@921,off,off] EMC_FREQ 0%@1600 GR3D_FREQ 0%@614 APE 25 PLL@30C CPU@31.5C iwlwifi@32C PMIC@50C GPU@30C AO@41C thermal@30.75C POM_5V_IN 1892/2080 POM_5V_GPU 82/83 POM_5V_CPU 329/465
RAM 1379/3964MB (lfb 8x4MB) SWAP 787/6078MB (cached 34MB) IRAM 0/252kB(lfb 252kB) CPU [6%@921,7%@921,off,off] EMC_FREQ 0%@1600 GR3D_FREQ 0%@614 APE 25 PLL@30C CPU@31.5C iwlwifi@32C PMIC@50C GPU@30C AO@41C thermal@30.5C POM_5V_IN 1892/2080 POM_5V_GPU 82/83 POM_5V_CPU 329/465
RAM 1383/3964MB (lfb 8x4MB) SWAP 787/6078MB (cached 34MB) IRAM 0/252kB(lfb 252kB) CPU [7%@921,6%@921,off,off] EMC_FREQ 0%@1600 GR3D_FREQ 0%@614 APE 25 PLL@30.5C CPU@32C iwlwifi@32C PMIC@50C GPU@30C AO@41C thermal@30.75C POM_5V_IN 2174/2080 POM_5V_GPU 82/83 POM_5V_CPU 574/465
RAM 1380/3964MB (lfb 8x4MB) SWAP 787/6078MB (cached 34MB) IRAM 0/252kB(lfb 252kB) CPU [8%@921,6%@921,off,off] EMC_FREQ 0%@1600 GR3D_FREQ 0%@614 APE 25 PLL@30C CPU@31C iwlwifi@33C PMIC@50C GPU@30C AO@41C thermal@30.75C POM_5V_IN 1934/2080 POM_5V_GPU 82/83 POM_5V_CPU 329/465
RAM 1381/3964MB (lfb 8x4MB) SWAP 787/6078MB (cached 34MB) IRAM 0/252kB(lfb 252kB) CPU [8%@921,6%@921,off,off] EMC_FREQ 0%@1600 GR3D_FREQ 0%@614 APE 25 PLL@30C CPU@31.5C iwlwifi@32C PMIC@50C GPU@29.5C AO@41C thermal@30.5C POM_5V_IN 2215/2080 POM_5V_GPU 82/83 POM_5V_CPU 574/465
RAM 1383/3964MB (lfb 8x4MB) SWAP 787/6078MB (cached 34MB) IRAM 0/252kB(lfb 252kB) CPU [5%@921,8%@921,off,off] EMC_FREQ 0%@1600 GR3D_FREQ 0%@614 APE 25 PLL@29.5C CPU@31.5C iwlwifi@32C PMIC@50C GPU@30C AO@41C thermal@30.75C POM_5V_IN 1892/2080 POM_5V_GPU 82/83 POM_5V_CPU 329/465
RAM 1364/3964MB (lfb 8x4MB) SWAP 787/6078MB (cached 34MB) IRAM 0/252kB(lfb 252kB) CPU [10%@921,4%@921,off,off] EMC_FREQ 0%@1600 GR3D_FREQ 0%@614 APE 25 PLL@29.5C CPU@31.5C iwlwifi@32C PMIC@50C GPU@30C AO@40.5C thermal@30.75C POM_5V_IN 2256/2080 POM_5V_GPU 82/83 POM_5V_CPU 614/465
RAM 1382/3964MB (lfb 8x4MB) SWAP 787/6078MB (cached 34MB) IRAM 0/252kB(lfb 252kB) CPU [7%@921,10%@921,off,off] EMC_FREQ 0%@1600 GR3D_FREQ 0%@614 APE 25 PLL@30C CPU@31.5C iwlwifi@32C PMIC@50C GPU@30C AO@41C thermal@30.75C POM_5V_IN 2174/2080 POM_5V_GPU 82/83 POM_5V_CPU 574/465
RAM 1365/3964MB (lfb 8x4MB) SWAP 787/6078MB (cached 34MB) IRAM 0/252kB(lfb 252kB) CPU [8%@921,7%@921,off,off] EMC_FREQ 0%@1600 GR3D_FREQ 0%@614 APE 25 PLL@30C CPU@31.5C iwlwifi@32C PMIC@50C GPU@29.5C AO@41C thermal@30.5C POM_5V_IN 2215/2081 POM_5V_GPU 82/83 POM_5V_CPU 574/465
RAM 1383/3964MB (lfb 8x4MB) SWAP 787/6078MB (cached 34MB) IRAM 0/252kB(lfb 252kB) CPU [6%@921,7%@921,off,off] EMC_FREQ 0%@1600 GR3D_FREQ 0%@614 APE 25 PLL@30C CPU@31.5C iwlwifi@32C PMIC@50C GPU@29.5C AO@41C thermal@30.5C POM_5V_IN 2174/2081 POM_5V_GPU 82/83 POM_5V_CPU 533/465
RAM 1365/3964MB (lfb 8x4MB) SWAP 787/6078MB (cached 34MB) IRAM 0/252kB(lfb 252kB) CPU [8%@921,5%@921,off,off] EMC_FREQ 0%@1600 GR3D_FREQ 0%@614 APE 25 PLL@29.5C CPU@31.5C iwlwifi@32C PMIC@50C GPU@30C AO@40.5C thermal@30.5C POM_5V_IN 1975/2080 POM_5V_GPU 82/83 POM_5V_CPU 369/465
RAM 1383/3964MB (lfb 8x4MB) SWAP 787/6078MB (cached 34MB) IRAM 0/252kB(lfb 252kB) CPU [8%@921,5%@921,off,off] EMC_FREQ 0%@1600 GR3D_FREQ 0%@614 APE 25 PLL@30C CPU@31.5C iwlwifi@32C PMIC@50C GPU@30C AO@40.5C thermal@30.75C POM_5V_IN 2174/2081 POM_5V_GPU 82/83 POM_5V_CPU 533/465
RAM 1383/3964MB (lfb 8x4MB) SWAP 787/6078MB (cached 34MB) IRAM 0/252kB(lfb 252kB) CPU [7%@921,6%@921,off,off] EMC_FREQ 0%@1600 GR3D_FREQ 0%@614 APE 25 PLL@29.5C CPU@31.5C iwlwifi@32C PMIC@50C GPU@30C AO@41C thermal@30.75C POM_5V_IN 2174/2081 POM_5V_GPU 82/83 POM_5V_CPU 574/466
RAM 1381/3964MB (lfb 8x4MB) SWAP 787/6078MB (cached 34MB) IRAM 0/252kB(lfb 252kB) CPU [8%@921,7%@921,off,off] EMC_FREQ 0%@1600 GR3D_FREQ 0%@614 APE 25 PLL@29.5C CPU@31.5C iwlwifi@33C PMIC@50C GPU@30C AO@41C thermal@30.5C POM_5V_IN 1934/2081 POM_5V_GPU 82/83 POM_5V_CPU 329/465
RAM 1365/3964MB (lfb 8x4MB) SWAP 787/6078MB (cached 34MB) IRAM 0/252kB(lfb 252kB) CPU [7%@921,6%@921,off,off] EMC_FREQ 0%@1600 GR3D_FREQ 0%@614 APE 25 PLL@29.5C CPU@31.5C iwlwifi@32C PMIC@50C GPU@30C AO@41C thermal@30.5C POM_5V_IN 1892/2080 POM_5V_GPU 82/83 POM_5V_CPU 288/465
RAM 1379/3964MB (lfb 8x4MB) SWAP 787/6078MB (cached 34MB) IRAM 0/252kB(lfb 252kB) CPU [7%@921,7%@921,off,off] EMC_FREQ 0%@1600 GR3D_FREQ 0%@614 APE 25 PLL@29.5C CPU@31.5C iwlwifi@32C PMIC@50C GPU@29.5C AO@41C thermal@30.75C POM_5V_IN 2174/2080 POM_5V_GPU 82/83 POM_5V_CPU 533/465
RAM 1379/3964MB (lfb 8x4MB) SWAP 787/6078MB (cached 34MB) IRAM 0/252kB(lfb 252kB) CPU [8%@921,5%@921,off,off] EMC_FREQ 0%@1600 GR3D_FREQ 0%@614 APE 25 PLL@29.5C CPU@31.5C iwlwifi@32C PMIC@50C GPU@30C AO@41C thermal@30.5C POM_5V_IN 1934/2080 POM_5V_GPU 82/83 POM_5V_CPU 329/465
RAM 1381/3964MB (lfb 8x4MB) SWAP 787/6078MB (cached 34MB) IRAM 0/252kB(lfb 252kB) CPU [7%@921,8%@921,off,off] EMC_FREQ 0%@1600 GR3D_FREQ 0%@614 APE 25 PLL@29.5C CPU@31.5C iwlwifi@33C PMIC@50C GPU@30C AO@41C thermal@30.75C POM_5V_IN 2174/2080 POM_5V_GPU 82/83 POM_5V_CPU 574/465
RAM 1365/3964MB (lfb 8x4MB) SWAP 787/6078MB (cached 34MB) IRAM 0/252kB(lfb 252kB) CPU [7%@921,7%@921,off,off] EMC_FREQ 0%@1600 GR3D_FREQ 0%@614 APE 25 PLL@29.5C CPU@32C iwlwifi@32C PMIC@50C GPU@30C AO@40.5C thermal@30.75C POM_5V_IN 1772/2080 POM_5V_GPU 82/83 POM_5V_CPU 205/465
RAM 1379/3964MB (lfb 8x4MB) SWAP 787/6078MB (cached 34MB) IRAM 0/252kB(lfb 252kB) CPU [4%@921,8%@921,off,off] EMC_FREQ 0%@1600 GR3D_FREQ 0%@614 APE 25 PLL@29.5C CPU@31.5C iwlwifi@33C PMIC@50C GPU@30C AO@40.5C thermal@30.5C POM_5V_IN 2215/2080 POM_5V_GPU 82/83 POM_5V_CPU 574/465
RAM 1365/3964MB (lfb 8x4MB) SWAP 787/6078MB (cached 34MB) IRAM 0/252kB(lfb 252kB) CPU [5%@921,10%@921,off,off] EMC_FREQ 0%@1600 GR3D_FREQ 0%@614 APE 25 PLL@30C CPU@32C iwlwifi@32C PMIC@50C GPU@30C AO@41C thermal@30.75C POM_5V_IN 2174/2080 POM_5V_GPU 82/83 POM_5V_CPU 574/465
RAM 1365/3964MB (lfb 8x4MB) SWAP 787/6078MB (cached 34MB) IRAM 0/252kB(lfb 252kB) CPU [6%@921,8%@921,off,off] EMC_FREQ 0%@1600 GR3D_FREQ 0%@614 APE 25 PLL@30C CPU@31.5C iwlwifi@32C PMIC@50C GPU@29.5C AO@41C thermal@30.75C POM_5V_IN 2174/2080 POM_5V_GPU 82/83 POM_5V_CPU 574/465
RAM 1381/3964MB (lfb 8x4MB) SWAP 787/6078MB (cached 34MB) IRAM 0/252kB(lfb 252kB) CPU [6%@921,7%@921,off,off] EMC_FREQ 0%@1600 GR3D_FREQ 0%@614 APE 25 PLL@30C CPU@31.5C iwlwifi@33C PMIC@50C GPU@29.5C AO@41C thermal@30.75C POM_5V_IN 2174/2080 POM_5V_GPU 82/83 POM_5V_CPU 533/465
RAM 1364/3964MB (lfb 8x4MB) SWAP 787/6078MB (cached 34MB) IRAM 0/252kB(lfb 252kB) CPU [5%@921,5%@921,off,off] EMC_FREQ 0%@1600 GR3D_FREQ 0%@614 APE 25 PLL@30C CPU@31.5C iwlwifi@33C PMIC@50C GPU@30C AO@41C thermal@30.75C POM_5V_IN 2211/2081 POM_5V_GPU 81/83 POM_5V_CPU 573/465
RAM 1383/3964MB (lfb 8x4MB) SWAP 787/6078MB (cached 34MB) IRAM 0/252kB(lfb 252kB) CPU [8%@921,5%@921,off,off] EMC_FREQ 0%@1600 GR3D_FREQ 0%@614 APE 25 PLL@30C CPU@31.5C iwlwifi@32C PMIC@50C GPU@30C AO@41C thermal@30.75C POM_5V_IN 2215/2081 POM_5V_GPU 82/83 POM_5V_CPU 574/466
RAM 1381/3964MB (lfb 8x4MB) SWAP 787/6078MB (cached 34MB) IRAM 0/252kB(lfb 252kB) CPU [5%@921,9%@921,off,off] EMC_FREQ 0%@1600 GR3D_FREQ 0%@614 APE 25 PLL@29.5C CPU@31.5C iwlwifi@32C PMIC@50C GPU@30C AO@41C thermal@30.5C POM_5V_IN 2013/2081 POM_5V_GPU 82/83 POM_5V_CPU 451/466
RAM 1383/3964MB (lfb 8x4MB) SWAP 787/6078MB (cached 34MB) IRAM 0/252kB(lfb 252kB) CPU [9%@921,5%@921,off,off] EMC_FREQ 0%@1600 GR3D_FREQ 0%@614 APE 25 PLL@30C CPU@31.5C iwlwifi@33C PMIC@50C GPU@29.5C AO@41C thermal@30.75C POM_5V_IN 1851/2080 POM_5V_GPU 82/83 POM_5V_CPU 288/465
RAM 1383/3964MB (lfb 8x4MB) SWAP 787/6078MB (cached 34MB) IRAM 0/252kB(lfb 252kB) CPU [6%@921,7%@921,off,off] EMC_FREQ 0%@1600 GR3D_FREQ 0%@614 APE 25 PLL@29.5C CPU@31.5C iwlwifi@33C PMIC@50C GPU@29.5C AO@41C thermal@30.5C POM_5V_IN 1687/2080 POM_5V_GPU 82/83 POM_5V_CPU 164/465
RAM 1381/3964MB (lfb 8x4MB) SWAP 787/6078MB (cached 34MB) IRAM 0/252kB(lfb 252kB) CPU [7%@921,8%@921,off,off] EMC_FREQ 0%@1600 GR3D_FREQ 0%@614 APE 25 PLL@30C CPU@31.5C iwlwifi@32C PMIC@50C GPU@30C AO@41C thermal@30.75C POM_5V_IN 2170/2080 POM_5V_GPU 81/83 POM_5V_CPU 532/465
RAM 1383/3964MB (lfb 8x4MB) SWAP 787/6078MB (cached 34MB) IRAM 0/252kB(lfb 252kB) CPU [7%@921,6%@921,off,off] EMC_FREQ 0%@1600 GR3D_FREQ 0%@614 APE 25 PLL@29.5C CPU@32C iwlwifi@32C PMIC@50C GPU@30C AO@41C thermal@30.75C POM_5V_IN 1934/2080 POM_5V_GPU 82/83 POM_5V_CPU 329/465
RAM 1383/3964MB (lfb 8x4MB) SWAP 787/6078MB (cached 34MB) IRAM 0/252kB(lfb 252kB) CPU [8%@921,6%@921,off,off] EMC_FREQ 0%@1600 GR3D_FREQ 0%@614 APE 25 PLL@30C CPU@31.5C iwlwifi@32C PMIC@50C GPU@30C AO@41C thermal@30.75C POM_5V_IN 1731/2080 POM_5V_GPU 82/83 POM_5V_CPU 164/465
RAM 1381/3964MB (lfb 8x4MB) SWAP 787/6078MB (cached 34MB) IRAM 0/252kB(lfb 252kB) CPU [7%@921,8%@921,off,off] EMC_FREQ 0%@1600 GR3D_FREQ 0%@614 APE 25 PLL@29.5C CPU@31.5C iwlwifi@32C PMIC@50C GPU@30C AO@41C thermal@30.5C POM_5V_IN 1890/2080 POM_5V_GPU 82/83 POM_5V_CPU 287/465
RAM 1381/3964MB (lfb 8x4MB) SWAP 787/6078MB (cached 34MB) IRAM 0/252kB(lfb 252kB) CPU [6%@921,8%@921,off,off] EMC_FREQ 0%@1600 GR3D_FREQ 0%@614 APE 25 PLL@30C CPU@32C iwlwifi@32C PMIC@50C GPU@29.5C AO@41C thermal@30.5C POM_5V_IN 2174/2080 POM_5V_GPU 82/83 POM_5V_CPU 574/465
RAM 1377/3964MB (lfb 8x4MB) SWAP 787/6078MB (cached 34MB) IRAM 0/252kB(lfb 252kB) CPU [9%@921,6%@921,off,off] EMC_FREQ 0%@1600 GR3D_FREQ 0%@614 APE 25 PLL@30C CPU@31.5C iwlwifi@33C PMIC@50C GPU@30C AO@41.5C thermal@30.5C POM_5V_IN 2256/2080 POM_5V_GPU 82/83 POM_5V_CPU 614/465
RAM 1379/3964MB (lfb 8x4MB) SWAP 787/6078MB (cached 34MB) IRAM 0/252kB(lfb 252kB) CPU [6%@921,7%@921,off,off] EMC_FREQ 0%@1600 GR3D_FREQ 0%@614 APE 25 PLL@29.5C CPU@31.5C iwlwifi@32C PMIC@50C GPU@30C AO@41C thermal@30.5C POM_5V_IN 2092/2080 POM_5V_GPU 82/83 POM_5V_CPU 246/465
RAM 1383/3964MB (lfb 8x4MB) SWAP 787/6078MB (cached 34MB) IRAM 0/252kB(lfb 252kB) CPU [7%@921,8%@921,off,off] EMC_FREQ 0%@1600 GR3D_FREQ 0%@614 APE 25 PLL@29.5C CPU@32C iwlwifi@32C PMIC@50C GPU@30C AO@41C thermal@30.75C POM_5V_IN 2136/2080 POM_5V_GPU 82/83 POM_5V_CPU 492/465
RAM 1381/3964MB (lfb 8x4MB) SWAP 787/6078MB (cached 34MB) IRAM 0/252kB(lfb 252kB) CPU [8%@921,6%@921,off,off] EMC_FREQ 0%@1600 GR3D_FREQ 0%@614 APE 25 PLL@29.5C CPU@31.5C iwlwifi@33C PMIC@50C GPU@30C AO@41C thermal@30.75C POM_5V_IN 2211/2080 POM_5V_GPU 81/83 POM_5V_CPU 532/465
RAM 1379/3964MB (lfb 8x4MB) SWAP 787/6078MB (cached 34MB) IRAM 0/252kB(lfb 252kB) CPU [8%@921,6%@921,off,off] EMC_FREQ 0%@1600 GR3D_FREQ 0%@614 APE 25 PLL@30C CPU@31.5C iwlwifi@32C PMIC@50C GPU@30C AO@41C thermal@30.5C POM_5V_IN 2054/2080 POM_5V_GPU 82/83 POM_5V_CPU 451/465
RAM 1383/3964MB (lfb 8x4MB) SWAP 787/6078MB (cached 34MB) IRAM 0/252kB(lfb 252kB) CPU [7%@921,7%@921,off,off] EMC_FREQ 0%@1600 GR3D_FREQ 0%@614 APE 25 PLL@30C CPU@31.5C iwlwifi@34C PMIC@50C GPU@30C AO@41C thermal@30.5C POM_5V_IN 2293/2080 POM_5V_GPU 81/83 POM_5V_CPU 614/465
RAM 1379/3964MB (lfb 8x4MB) SWAP 787/6078MB (cached 34MB) IRAM 0/252kB(lfb 252kB) CPU [7%@921,7%@921,off,off] EMC_FREQ 0%@1600 GR3D_FREQ 0%@614 APE 25 PLL@30C CPU@31.5C iwlwifi@32C PMIC@50C GPU@29.5C AO@41C thermal@30.5C POM_5V_IN 1972/2080 POM_5V_GPU 82/83 POM_5V_CPU 369/465
RAM 1381/3964MB (lfb 8x4MB) SWAP 787/6078MB (cached 34MB) IRAM 0/252kB(lfb 252kB) CPU [5%@921,8%@921,off,off] EMC_FREQ 0%@1600 GR3D_FREQ 0%@614 APE 25 PLL@29.5C CPU@31.5C iwlwifi@33C PMIC@50C GPU@29.5C AO@41.5C thermal@30.5C POM_5V_IN 1892/2080 POM_5V_GPU 82/83 POM_5V_CPU 288/465
RAM 1380/3964MB (lfb 8x4MB) SWAP 787/6078MB (cached 34MB) IRAM 0/252kB(lfb 252kB) CPU [6%@921,7%@921,off,off] EMC_FREQ 0%@1600 GR3D_FREQ 0%@614 APE 25 PLL@29.5C CPU@31.5C iwlwifi@32C PMIC@50C GPU@29.5C AO@41C thermal@30.5C POM_5V_IN 1892/2080 POM_5V_GPU 82/83 POM_5V_CPU 205/464
RAM 1381/3964MB (lfb 8x4MB) SWAP 787/6078MB (cached 34MB) IRAM 0/252kB(lfb 252kB) CPU [7%@921,7%@921,off,off] EMC_FREQ 0%@1600 GR3D_FREQ 0%@614 APE 25 PLL@30C CPU@31.5C iwlwifi@32C PMIC@50C GPU@30C AO@41C thermal@30.5C POM_5V_IN 2174/2080 POM_5V_GPU 82/83 POM_5V_CPU 533/464
RAM 1379/3964MB (lfb 8x4MB) SWAP 787/6078MB (cached 34MB) IRAM 0/252kB(lfb 252kB) CPU [7%@921,7%@921,off,off] EMC_FREQ 0%@1600 GR3D_FREQ 0%@614 APE 25 PLL@29.5C CPU@31.5C iwlwifi@32C PMIC@50C GPU@30C AO@41C thermal@30.5C POM_5V_IN 2054/2080 POM_5V_GPU 82/83 POM_5V_CPU 451/464
RAM 1381/3964MB (lfb 8x4MB) SWAP 787/6078MB (cached 34MB) IRAM 0/252kB(lfb 252kB) CPU [7%@921,7%@921,off,off] EMC_FREQ 0%@1600 GR3D_FREQ 0%@614 APE 25 PLL@29.5C CPU@31C iwlwifi@32C PMIC@50C GPU@29.5C AO@40.5C thermal@30.5C POM_5V_IN 1892/2080 POM_5V_GPU 82/83 POM_5V_CPU 288/464
RAM 1379/3964MB (lfb 8x4MB) SWAP 787/6078MB (cached 34MB) IRAM 0/252kB(lfb 252kB) CPU [8%@921,7%@921,off,off] EMC_FREQ 0%@1600 GR3D_FREQ 0%@614 APE 25 PLL@30C CPU@31.5C iwlwifi@32C PMIC@50C GPU@30C AO@41C thermal@30.5C POM_5V_IN 2174/2080 POM_5V_GPU 82/83 POM_5V_CPU 574/464
RAM 1381/3964MB (lfb 8x4MB) SWAP 787/6078MB (cached 34MB) IRAM 0/252kB(lfb 252kB) CPU [7%@921,6%@921,off,off] EMC_FREQ 0%@1600 GR3D_FREQ 0%@614 APE 25 PLL@30C CPU@32C iwlwifi@33C PMIC@50C GPU@30C AO@41C thermal@30.5C POM_5V_IN 1934/2080 POM_5V_GPU 82/83 POM_5V_CPU 329/464
RAM 1365/3964MB (lfb 8x4MB) SWAP 787/6078MB (cached 34MB) IRAM 0/252kB(lfb 252kB) CPU [9%@921,6%@921,off,off] EMC_FREQ 0%@1600 GR3D_FREQ 0%@614 APE 25 PLL@30C CPU@31.5C iwlwifi@32C PMIC@50C GPU@30C AO@41C thermal@30.75C POM_5V_IN 1813/2079 POM_5V_GPU 82/83 POM_5V_CPU 246/464
RAM 1383/3964MB (lfb 8x4MB) SWAP 787/6078MB (cached 34MB) IRAM 0/252kB(lfb 252kB) CPU [8%@921,7%@921,off,off] EMC_FREQ 0%@1600 GR3D_FREQ 0%@614 APE 25 PLL@30C CPU@31.5C iwlwifi@33C PMIC@50C GPU@30C AO@41C thermal@30.75C POM_5V_IN 2211/2079 POM_5V_GPU 81/83 POM_5V_CPU 573/464
RAM 1367/3964MB (lfb 8x4MB) SWAP 787/6078MB (cached 34MB) IRAM 0/252kB(lfb 252kB) CPU [8%@921,6%@921,off,off] EMC_FREQ 0%@1600 GR3D_FREQ 0%@614 APE 25 PLL@30C CPU@32C iwlwifi@32C PMIC@50C GPU@30C AO@41C thermal@30.75C POM_5V_IN 2211/2080 POM_5V_GPU 81/83 POM_5V_CPU 573/464
RAM 1382/3964MB (lfb 8x4MB) SWAP 787/6078MB (cached 34MB) IRAM 0/252kB(lfb 252kB) CPU [11%@921,4%@921,off,off] EMC_FREQ 0%@1600 GR3D_FREQ 0%@614 APE 25 PLL@30C CPU@31.5C iwlwifi@32C PMIC@50C GPU@30C AO@41C thermal@30.75C POM_5V_IN 2256/2080 POM_5V_GPU 82/83 POM_5V_CPU 615/464
RAM 1384/3964MB (lfb 8x4MB) SWAP 787/6078MB (cached 34MB) IRAM 0/252kB(lfb 252kB) CPU [8%@921,6%@921,off,off] EMC_FREQ 0%@1600 GR3D_FREQ 0%@614 APE 25 PLL@30C CPU@31.5C iwlwifi@34C PMIC@50C GPU@30C AO@41C thermal@30.75C POM_5V_IN 1934/2080 POM_5V_GPU 82/83 POM_5V_CPU 370/464
RAM 1381/3964MB (lfb 8x4MB) SWAP 787/6078MB (cached 34MB) IRAM 0/252kB(lfb 252kB) CPU [10%@921,5%@921,off,off] EMC_FREQ 0%@1600 GR3D_FREQ 0%@614 APE 25 PLL@30.5C CPU@32C iwlwifi@33C PMIC@50C GPU@30C AO@41C thermal@31C POM_5V_IN 2170/2080 POM_5V_GPU 81/83 POM_5V_CPU 573/464
RAM 1365/3964MB (lfb 8x4MB) SWAP 787/6078MB (cached 34MB) IRAM 0/252kB(lfb 252kB) CPU [10%@921,5%@921,off,off] EMC_FREQ 0%@1600 GR3D_FREQ 0%@614 APE 25 PLL@30C CPU@31.5C iwlwifi@32C PMIC@50C GPU@30C AO@41C thermal@30.75C POM_5V_IN 2174/2080 POM_5V_GPU 82/83 POM_5V_CPU 574/464
RAM 1384/3964MB (lfb 8x4MB) SWAP 787/6078MB (cached 34MB) IRAM 0/252kB(lfb 252kB) CPU [7%@921,7%@921,off,off] EMC_FREQ 0%@1600 GR3D_FREQ 0%@614 APE 25 PLL@30C CPU@32C iwlwifi@32C PMIC@50C GPU@30C AO@40.5C thermal@30.75C POM_5V_IN 2170/2080 POM_5V_GPU 81/83 POM_5V_CPU 573/465
RAM 1381/3964MB (lfb 8x4MB) SWAP 787/6078MB (cached 34MB) IRAM 0/252kB(lfb 252kB) CPU [8%@921,5%@921,off,off] EMC_FREQ 0%@1600 GR3D_FREQ 0%@614 APE 25 PLL@30C CPU@32C iwlwifi@32C PMIC@50C GPU@30C AO@41.5C thermal@30.75C POM_5V_IN 1934/2080 POM_5V_GPU 82/83 POM_5V_CPU 369/465
RAM 1384/3964MB (lfb 8x4MB) SWAP 787/6078MB (cached 34MB) IRAM 0/252kB(lfb 252kB) CPU [8%@921,6%@921,off,off] EMC_FREQ 0%@1600 GR3D_FREQ 0%@614 APE 25 PLL@30C CPU@31.5C iwlwifi@33C PMIC@50C GPU@30C AO@41C thermal@30.5C POM_5V_IN 2133/2080 POM_5V_GPU 82/83 POM_5V_CPU 574/465
RAM 1383/3964MB (lfb 8x4MB) SWAP 787/6078MB (cached 34MB) IRAM 0/252kB(lfb 252kB) CPU [8%@921,7%@921,off,off] EMC_FREQ 0%@1600 GR3D_FREQ 0%@614 APE 25 PLL@30.5C CPU@32C iwlwifi@35C PMIC@50C GPU@30C AO@41C thermal@30.75C POM_5V_IN 2375/2080 POM_5V_GPU 81/83 POM_5V_CPU 696/465
RAM 1381/3964MB (lfb 8x4MB) SWAP 787/6078MB (cached 34MB) IRAM 0/252kB(lfb 252kB) CPU [8%@921,8%@921,off,off] EMC_FREQ 0%@1600 GR3D_FREQ 0%@614 APE 25 PLL@30C CPU@31.5C iwlwifi@32C PMIC@50C GPU@30C AO@41.5C thermal@30.75C POM_5V_IN 2051/2080 POM_5V_GPU 82/83 POM_5V_CPU 492/465
RAM 1384/3964MB (lfb 8x4MB) SWAP 787/6078MB (cached 34MB) IRAM 0/252kB(lfb 252kB) CPU [6%@921,8%@921,off,off] EMC_FREQ 0%@1600 GR3D_FREQ 0%@614 APE 25 PLL@30C CPU@31.5C iwlwifi@32C PMIC@50C GPU@30C AO@41C thermal@30.75C POM_5V_IN 1772/2080 POM_5V_GPU 82/83 POM_5V_CPU 206/465
RAM 1380/3964MB (lfb 8x4MB) SWAP 787/6078MB (cached 34MB) IRAM 0/252kB(lfb 252kB) CPU [8%@921,6%@921,off,off] EMC_FREQ 0%@1600 GR3D_FREQ 0%@614 APE 25 PLL@30C CPU@32C iwlwifi@32C PMIC@50C GPU@30C AO@41C thermal@30.75C POM_5V_IN 2051/2080 POM_5V_GPU 82/83 POM_5V_CPU 410/465
RAM 1383/3964MB (lfb 8x4MB) SWAP 787/6078MB (cached 34MB) IRAM 0/252kB(lfb 252kB) CPU [7%@921,8%@921,off,off] EMC_FREQ 0%@1600 GR3D_FREQ 0%@614 APE 25 PLL@29.5C CPU@31.5C iwlwifi@32C PMIC@50C GPU@30C AO@41C thermal@30.75C POM_5V_IN 2174/2080 POM_5V_GPU 82/83 POM_5V_CPU 574/465
RAM 1389/3964MB (lfb 8x4MB) SWAP 780/6078MB (cached 37MB) IRAM 0/252kB(lfb 252kB) CPU [10%@921,10%@921,off,off] EMC_FREQ 0%@1600 GR3D_FREQ 0%@614 APE 25 PLL@30C CPU@32C iwlwifi@32C PMIC@50C GPU@30C AO@41C thermal@30.75C POM_5V_IN 1892/2080 POM_5V_GPU 82/83 POM_5V_CPU 329/465
RAM 1389/3964MB (lfb 8x4MB) SWAP 780/6078MB (cached 37MB) IRAM 0/252kB(lfb 252kB) CPU [8%@921,5%@921,off,off] EMC_FREQ 0%@1600 GR3D_FREQ 0%@614 APE 25 PLL@29.5C CPU@31C iwlwifi@32C PMIC@50C GPU@30C AO@41C thermal@30.75C POM_5V_IN 1731/2079 POM_5V_GPU 82/83 POM_5V_CPU 164/464
RAM 1385/3964MB (lfb 8x4MB) SWAP 780/6078MB (cached 37MB) IRAM 0/252kB(lfb 252kB) CPU [6%@921,6%@921,off,off] EMC_FREQ 0%@1600 GR3D_FREQ 0%@614 APE 25 PLL@30C CPU@31.5C iwlwifi@35C PMIC@50C GPU@30C AO@41.5C thermal@30.75C POM_5V_IN 1934/2079 POM_5V_GPU 82/83 POM_5V_CPU 329/464
RAM 1385/3964MB (lfb 8x4MB) SWAP 780/6078MB (cached 37MB) IRAM 0/252kB(lfb 252kB) CPU [8%@921,7%@921,off,off] EMC_FREQ 0%@1600 GR3D_FREQ 0%@614 APE 25 PLL@30C CPU@31.5C iwlwifi@32C PMIC@50C GPU@30C AO@41C thermal@30.75C POM_5V_IN 2174/2079 POM_5V_GPU 82/83 POM_5V_CPU 574/464
RAM 1389/3964MB (lfb 8x4MB) SWAP 780/6078MB (cached 37MB) IRAM 0/252kB(lfb 252kB) CPU [7%@921,7%@921,off,off] EMC_FREQ 0%@1600 GR3D_FREQ 0%@614 APE 25 PLL@30C CPU@31.5C iwlwifi@34C PMIC@50C GPU@30C AO@41C thermal@30.75C POM_5V_IN 1975/2079 POM_5V_GPU 82/83 POM_5V_CPU 369/464
RAM 1371/3964MB (lfb 8x4MB) SWAP 780/6078MB (cached 37MB) IRAM 0/252kB(lfb 252kB) CPU [8%@921,8%@921,off,off] EMC_FREQ 0%@1600 GR3D_FREQ 0%@614 APE 25 PLL@30C CPU@32C iwlwifi@32C PMIC@50C GPU@30C AO@41.5C thermal@30.75C POM_5V_IN 2174/2079 POM_5V_GPU 82/83 POM_5V_CPU 533/464
RAM 1389/3964MB (lfb 8x4MB) SWAP 780/6078MB (cached 37MB) IRAM 0/252kB(lfb 252kB) CPU [8%@921,6%@921,off,off] EMC_FREQ 0%@1600 GR3D_FREQ 0%@614 APE 25 PLL@30C CPU@31.5C iwlwifi@32C PMIC@50C GPU@30C AO@41C thermal@30.75C POM_5V_IN 2174/2079 POM_5V_GPU 82/83 POM_5V_CPU 574/464
RAM 1389/3964MB (lfb 8x4MB) SWAP 780/6078MB (cached 37MB) IRAM 0/252kB(lfb 252kB) CPU [7%@921,2%@921,off,off] EMC_FREQ 0%@1600 GR3D_FREQ 0%@614 APE 25 PLL@29.5C CPU@31.5C iwlwifi@32C PMIC@50C GPU@29.5C AO@41C thermal@30.25C POM_5V_IN 1934/2079 POM_5V_GPU 82/83 POM_5V_CPU 329/464
RAM 1387/3964MB (lfb 8x4MB) SWAP 780/6078MB (cached 37MB) IRAM 0/252kB(lfb 252kB) CPU [7%@921,7%@921,off,off] EMC_FREQ 0%@1600 GR3D_FREQ 0%@614 APE 25 PLL@29.5C CPU@31.5C iwlwifi@32C PMIC@50C GPU@30C AO@41C thermal@30.25C POM_5V_IN 1892/2079 POM_5V_GPU 82/83 POM_5V_CPU 288/464
RAM 1388/3964MB (lfb 8x4MB) SWAP 780/6078MB (cached 37MB) IRAM 0/252kB(lfb 252kB) CPU [6%@921,7%@921,off,off] EMC_FREQ 0%@1600 GR3D_FREQ 0%@614 APE 25 PLL@29.5C CPU@31.5C iwlwifi@32C PMIC@50C GPU@30C AO@41C thermal@30.75C POM_5V_IN 1892/2079 POM_5V_GPU 82/83 POM_5V_CPU 329/464
RAM 1389/3964MB (lfb 8x4MB) SWAP 780/6078MB (cached 37MB) IRAM 0/252kB(lfb 252kB) CPU [7%@921,7%@921,off,off] EMC_FREQ 0%@1600 GR3D_FREQ 0%@614 APE 25 PLL@29.5C CPU@31.5C iwlwifi@32C PMIC@50C GPU@30C AO@41C thermal@30.25C POM_5V_IN 1892/2079 POM_5V_GPU 82/83 POM_5V_CPU 288/464
RAM 1371/3964MB (lfb 8x4MB) SWAP 780/6078MB (cached 37MB) IRAM 0/252kB(lfb 252kB) CPU [5%@921,8%@921,off,off] EMC_FREQ 0%@1600 GR3D_FREQ 0%@614 APE 25 PLL@29.5C CPU@31C iwlwifi@32C PMIC@50C GPU@30C AO@41C thermal@30.5C POM_5V_IN 1892/2079 POM_5V_GPU 82/83 POM_5V_CPU 288/464
RAM 1385/3964MB (lfb 8x4MB) SWAP 780/6078MB (cached 37MB) IRAM 0/252kB(lfb 252kB) CPU [7%@921,5%@921,off,off] EMC_FREQ 0%@1600 GR3D_FREQ 0%@614 APE 25 PLL@30C CPU@31.5C iwlwifi@32C PMIC@50C GPU@29.5C AO@41C thermal@30.75C POM_5V_IN 2170/2079 POM_5V_GPU 81/83 POM_5V_CPU 532/464
RAM 1387/3964MB (lfb 8x4MB) SWAP 780/6078MB (cached 37MB) IRAM 0/252kB(lfb 252kB) CPU [7%@921,7%@921,off,off] EMC_FREQ 0%@1600 GR3D_FREQ 0%@614 APE 25 PLL@30C CPU@31.5C iwlwifi@32C PMIC@50C GPU@30C AO@41C thermal@30.5C POM_5V_IN 2174/2079 POM_5V_GPU 82/83 POM_5V_CPU 574/464
RAM 1392/3964MB (lfb 8x4MB) SWAP 780/6078MB (cached 37MB) IRAM 0/252kB(lfb 252kB) CPU [10%@921,5%@921,off,off] EMC_FREQ 0%@1600 GR3D_FREQ 0%@614 APE 25 PLL@30C CPU@31.5C iwlwifi@32C PMIC@50C GPU@30C AO@41C thermal@30.25C POM_5V_IN 1934/2079 POM_5V_GPU 82/83 POM_5V_CPU 329/464
RAM 1387/3964MB (lfb 8x4MB) SWAP 780/6078MB (cached 37MB) IRAM 0/252kB(lfb 252kB) CPU [5%@921,8%@921,off,off] EMC_FREQ 0%@1600 GR3D_FREQ 0%@614 APE 25 PLL@29.5C CPU@31C iwlwifi@32C PMIC@50C GPU@30C AO@41C thermal@30.5C POM_5V_IN 1731/2078 POM_5V_GPU 82/83 POM_5V_CPU 164/463
RAM 1385/3964MB (lfb 8x4MB) SWAP 780/6078MB (cached 37MB) IRAM 0/252kB(lfb 252kB) CPU [7%@921,7%@921,off,off] EMC_FREQ 0%@1600 GR3D_FREQ 0%@614 APE 25 PLL@29.5C CPU@31.5C iwlwifi@33C PMIC@50C GPU@30C AO@40.5C thermal@30.75C POM_5V_IN 1934/2078 POM_5V_GPU 82/83 POM_5V_CPU 369/463
RAM 1389/3964MB (lfb 8x4MB) SWAP 780/6078MB (cached 37MB) IRAM 0/252kB(lfb 252kB) CPU [5%@921,9%@921,off,off] EMC_FREQ 0%@1600 GR3D_FREQ 0%@614 APE 25 PLL@29.5C CPU@32C iwlwifi@32C PMIC@50C GPU@30C AO@41C thermal@30.75C POM_5V_IN 2256/2078 POM_5V_GPU 82/83 POM_5V_CPU 615/463
RAM 1371/3964MB (lfb 8x4MB) SWAP 780/6078MB (cached 37MB) IRAM 0/252kB(lfb 252kB) CPU [7%@921,7%@921,off,off] EMC_FREQ 0%@1600 GR3D_FREQ 0%@614 APE 25 PLL@30C CPU@31.5C iwlwifi@32C PMIC@50C GPU@30C AO@41C thermal@30.75C POM_5V_IN 2136/2078 POM_5V_GPU 82/83 POM_5V_CPU 493/463
RAM 1371/3964MB (lfb 8x4MB) SWAP 780/6078MB (cached 37MB) IRAM 0/252kB(lfb 252kB) CPU [6%@921,7%@921,off,off] EMC_FREQ 0%@1600 GR3D_FREQ 0%@614 APE 25 PLL@29.5C CPU@31.5C iwlwifi@32C PMIC@50C GPU@30C AO@41C thermal@31C POM_5V_IN 2174/2078 POM_5V_GPU 82/83 POM_5V_CPU 574/464
RAM 1371/3964MB (lfb 8x4MB) SWAP 780/6078MB (cached 37MB) IRAM 0/252kB(lfb 252kB) CPU [7%@921,7%@921,off,off] EMC_FREQ 0%@1600 GR3D_FREQ 0%@614 APE 25 PLL@30C CPU@32C iwlwifi@33C PMIC@50C GPU@30C AO@41C thermal@30.75C POM_5V_IN 2174/2078 POM_5V_GPU 82/83 POM_5V_CPU 574/464
RAM 1389/3964MB (lfb 8x4MB) SWAP 780/6078MB (cached 37MB) IRAM 0/252kB(lfb 252kB) CPU [7%@921,5%@921,off,off] EMC_FREQ 0%@1600 GR3D_FREQ 0%@614 APE 25 PLL@30C CPU@32C iwlwifi@32C PMIC@50C GPU@30C AO@40.5C thermal@30.5C POM_5V_IN 2174/2079 POM_5V_GPU 82/83 POM_5V_CPU 574/464
RAM 1371/3964MB (lfb 8x4MB) SWAP 780/6078MB (cached 37MB) IRAM 0/252kB(lfb 252kB) CPU [7%@921,6%@921,off,off] EMC_FREQ 0%@1600 GR3D_FREQ 0%@614 APE 25 PLL@30C CPU@31.5C iwlwifi@32C PMIC@50C GPU@30C AO@41C thermal@30.75C POM_5V_IN 1934/2078 POM_5V_GPU 82/83 POM_5V_CPU 329/464
RAM 1387/3964MB (lfb 8x4MB) SWAP 780/6078MB (cached 37MB) IRAM 0/252kB(lfb 252kB) CPU [7%@921,6%@921,off,off] EMC_FREQ 0%@1600 GR3D_FREQ 0%@614 APE 25 PLL@30C CPU@31.5C iwlwifi@32C PMIC@50C GPU@30C AO@41C thermal@30.25C POM_5V_IN 2174/2079 POM_5V_GPU 82/83 POM_5V_CPU 533/464
RAM 1387/3964MB (lfb 8x4MB) SWAP 780/6078MB (cached 37MB) IRAM 0/252kB(lfb 252kB) CPU [6%@921,8%@921,off,off] EMC_FREQ 0%@1600 GR3D_FREQ 0%@614 APE 25 PLL@29.5C CPU@32C iwlwifi@32C PMIC@50C GPU@29.5C AO@41C thermal@30.75C POM_5V_IN 2174/2079 POM_5V_GPU 82/83 POM_5V_CPU 574/464
RAM 1386/3964MB (lfb 8x4MB) SWAP 780/6078MB (cached 37MB) IRAM 0/252kB(lfb 252kB) CPU [5%@921,8%@921,off,off] EMC_FREQ 0%@1600 GR3D_FREQ 0%@614 APE 25 PLL@29.5C CPU@31.5C iwlwifi@32C PMIC@50C GPU@30C AO@41C thermal@30.75C POM_5V_IN 1934/2078 POM_5V_GPU 82/83 POM_5V_CPU 329/464
RAM 1386/3964MB (lfb 8x4MB) SWAP 780/6078MB (cached 37MB) IRAM 0/252kB(lfb 252kB) CPU [10%@921,4%@921,off,off] EMC_FREQ 0%@1600 GR3D_FREQ 0%@614 APE 25 PLL@29.5C CPU@31.5C iwlwifi@32C PMIC@50C GPU@30C AO@41C thermal@30.75C POM_5V_IN 1892/2078 POM_5V_GPU 82/83 POM_5V_CPU 329/464
RAM 1387/3964MB (lfb 8x4MB) SWAP 780/6078MB (cached 37MB) IRAM 0/252kB(lfb 252kB) CPU [6%@921,7%@921,off,off] EMC_FREQ 0%@1600 GR3D_FREQ 0%@614 APE 25 PLL@29.5C CPU@31.5C iwlwifi@32C PMIC@50C GPU@29.5C AO@41.5C thermal@30.5C POM_5V_IN 1892/2078 POM_5V_GPU 82/83 POM_5V_CPU 329/463
RAM 1386/3964MB (lfb 8x4MB) SWAP 780/6078MB (cached 37MB) IRAM 0/252kB(lfb 252kB) CPU [7%@921,7%@921,off,off] EMC_FREQ 0%@1600 GR3D_FREQ 0%@614 APE 25 PLL@29.5C CPU@31.5C iwlwifi@32C PMIC@50C GPU@29.5C AO@41C thermal@30.75C POM_5V_IN 1934/2078 POM_5V_GPU 82/83 POM_5V_CPU 329/463
RAM 1389/3964MB (lfb 8x4MB) SWAP 780/6078MB (cached 37MB) IRAM 0/252kB(lfb 252kB) CPU [5%@921,9%@921,off,off] EMC_FREQ 0%@1600 GR3D_FREQ 0%@614 APE 25 PLL@30C CPU@31.5C iwlwifi@32C PMIC@50C GPU@30C AO@41C thermal@30.75C POM_5V_IN 1934/2078 POM_5V_GPU 82/83 POM_5V_CPU 370/463
RAM 1388/3964MB (lfb 8x4MB) SWAP 780/6078MB (cached 37MB) IRAM 0/252kB(lfb 252kB) CPU [7%@921,7%@921,off,off] EMC_FREQ 0%@1600 GR3D_FREQ 0%@614 APE 25 PLL@29.5C CPU@31.5C iwlwifi@32C PMIC@50C GPU@29.5C AO@40.5C thermal@30.25C POM_5V_IN 1892/2078 POM_5V_GPU 82/83 POM_5V_CPU 329/463
RAM 1387/3964MB (lfb 8x4MB) SWAP 780/6078MB (cached 37MB) IRAM 0/252kB(lfb 252kB) CPU [7%@921,7%@921,off,off] EMC_FREQ 0%@1600 GR3D_FREQ 0%@614 APE 25 PLL@30C CPU@31.5C iwlwifi@32C PMIC@50C GPU@29.5C AO@41C thermal@30.5C POM_5V_IN 1934/2078 POM_5V_GPU 82/83 POM_5V_CPU 329/463
RAM 1387/3964MB (lfb 8x4MB) SWAP 780/6078MB (cached 37MB) IRAM 0/252kB(lfb 252kB) CPU [5%@921,7%@921,off,off] EMC_FREQ 0%@1600 GR3D_FREQ 0%@614 APE 25 PLL@30C CPU@31.5C iwlwifi@32C PMIC@50C GPU@30C AO@40.5C thermal@30.75C POM_5V_IN 1892/2077 POM_5V_GPU 82/83 POM_5V_CPU 329/463
RAM 1370/3964MB (lfb 8x4MB) SWAP 780/6078MB (cached 37MB) IRAM 0/252kB(lfb 252kB) CPU [7%@921,8%@921,off,off] EMC_FREQ 0%@1600 GR3D_FREQ 0%@614 APE 25 PLL@30C CPU@32C iwlwifi@32C PMIC@50C GPU@30C AO@41C thermal@30.75C POM_5V_IN 2174/2078 POM_5V_GPU 82/83 POM_5V_CPU 533/463
RAM 1371/3964MB (lfb 8x4MB) SWAP 780/6078MB (cached 37MB) IRAM 0/252kB(lfb 252kB) CPU [9%@921,5%@921,off,off] EMC_FREQ 0%@1600 GR3D_FREQ 0%@614 APE 25 PLL@30C CPU@31.5C iwlwifi@32C PMIC@50C GPU@30C AO@41C thermal@30.5C POM_5V_IN 2215/2078 POM_5V_GPU 82/83 POM_5V_CPU 574/463
RAM 1371/3964MB (lfb 8x4MB) SWAP 780/6078MB (cached 37MB) IRAM 0/252kB(lfb 252kB) CPU [6%@921,7%@921,off,off] EMC_FREQ 0%@1600 GR3D_FREQ 0%@614 APE 25 PLL@30C CPU@31.5C iwlwifi@32C PMIC@50C GPU@30C AO@41C thermal@30.75C POM_5V_IN 2215/2078 POM_5V_GPU 82/83 POM_5V_CPU 574/463
RAM 1387/3964MB (lfb 8x4MB) SWAP 780/6078MB (cached 37MB) IRAM 0/252kB(lfb 252kB) CPU [6%@921,6%@921,off,off] EMC_FREQ 0%@1600 GR3D_FREQ 0%@614 APE 25 PLL@30C CPU@31.5C iwlwifi@32C PMIC@50C GPU@29.5C AO@40.5C thermal@30.5C POM_5V_IN 2215/2078 POM_5V_GPU 82/83 POM_5V_CPU 574/463
RAM 1371/3964MB (lfb 8x4MB) SWAP 780/6078MB (cached 37MB) IRAM 0/252kB(lfb 252kB) CPU [8%@921,7%@921,off,off] EMC_FREQ 0%@1600 GR3D_FREQ 0%@614 APE 25 PLL@30C CPU@32C iwlwifi@32C PMIC@50C GPU@29.5C AO@41C thermal@30.75C POM_5V_IN 2174/2078 POM_5V_GPU 82/83 POM_5V_CPU 533/463
RAM 1389/3964MB (lfb 8x4MB) SWAP 780/6078MB (cached 37MB) IRAM 0/252kB(lfb 252kB) CPU [7%@921,7%@921,off,off] EMC_FREQ 0%@1600 GR3D_FREQ 0%@614 APE 25 PLL@30C CPU@31.5C iwlwifi@32C PMIC@50C GPU@30C AO@41.5C thermal@30.5C POM_5V_IN 2174/2078 POM_5V_GPU 82/83 POM_5V_CPU 574/463
RAM 1386/3964MB (lfb 8x4MB) SWAP 780/6078MB (cached 37MB) IRAM 0/252kB(lfb 252kB) CPU [6%@921,7%@921,off,off] EMC_FREQ 0%@1600 GR3D_FREQ 0%@614 APE 25 PLL@30C CPU@31C iwlwifi@32C PMIC@50C GPU@30C AO@41C thermal@30.5C POM_5V_IN 1892/2078 POM_5V_GPU 82/83 POM_5V_CPU 328/463
RAM 1389/3964MB (lfb 8x4MB) SWAP 780/6078MB (cached 37MB) IRAM 0/252kB(lfb 252kB) CPU [6%@921,8%@921,off,off] EMC_FREQ 0%@1600 GR3D_FREQ 0%@614 APE 25 PLL@30C CPU@31.5C iwlwifi@32C PMIC@50C GPU@29.5C AO@41C thermal@30.75C POM_5V_IN 1934/2078 POM_5V_GPU 82/83 POM_5V_CPU 329/463
RAM 1388/3964MB (lfb 8x4MB) SWAP 780/6078MB (cached 37MB) IRAM 0/252kB(lfb 252kB) CPU [8%@921,5%@921,off,off] EMC_FREQ 0%@1600 GR3D_FREQ 0%@614 APE 25 PLL@30C CPU@31.5C iwlwifi@32C PMIC@50C GPU@29.5C AO@41C thermal@30.5C POM_5V_IN 1892/2078 POM_5V_GPU 82/83 POM_5V_CPU 329/463
RAM 1389/3964MB (lfb 8x4MB) SWAP 780/6078MB (cached 37MB) IRAM 0/252kB(lfb 252kB) CPU [5%@921,8%@921,off,off] EMC_FREQ 0%@1600 GR3D_FREQ 0%@614 APE 25 PLL@30C CPU@31.5C iwlwifi@32C PMIC@50C GPU@30C AO@41C thermal@30.75C POM_5V_IN 1934/2077 POM_5V_GPU 82/83 POM_5V_CPU 329/463
RAM 1387/3964MB (lfb 8x4MB) SWAP 780/6078MB (cached 37MB) IRAM 0/252kB(lfb 252kB) CPU [9%@921,5%@921,off,off] EMC_FREQ 0%@1600 GR3D_FREQ 0%@614 APE 25 PLL@30.5C CPU@31.5C iwlwifi@32C PMIC@50C GPU@30C AO@41C thermal@30.75C POM_5V_IN 1975/2077 POM_5V_GPU 82/83 POM_5V_CPU 410/463
RAM 1385/3964MB (lfb 8x4MB) SWAP 780/6078MB (cached 37MB) IRAM 0/252kB(lfb 252kB) CPU [8%@921,5%@921,off,off] EMC_FREQ 0%@1600 GR3D_FREQ 0%@614 APE 25 PLL@30C CPU@31.5C iwlwifi@32C PMIC@50C GPU@29.5C AO@41C thermal@30.5C POM_5V_IN 2211/2078 POM_5V_GPU 81/83 POM_5V_CPU 532/463
RAM 1389/3964MB (lfb 8x4MB) SWAP 780/6078MB (cached 37MB) IRAM 0/252kB(lfb 252kB) CPU [5%@921,7%@921,off,off] EMC_FREQ 0%@1600 GR3D_FREQ 0%@614 APE 25 PLL@30C CPU@32C iwlwifi@32C PMIC@50C GPU@29.5C AO@41C thermal@30.25C POM_5V_IN 2297/2078 POM_5V_GPU 82/83 POM_5V_CPU 655/463
RAM 1371/3964MB (lfb 8x4MB) SWAP 780/6078MB (cached 37MB) IRAM 0/252kB(lfb 252kB) CPU [8%@921,7%@921,off,off] EMC_FREQ 0%@1600 GR3D_FREQ 0%@614 APE 25 PLL@30C CPU@32C iwlwifi@32C PMIC@50C GPU@30C AO@41C thermal@30.25C POM_5V_IN 2297/2078 POM_5V_GPU 82/83 POM_5V_CPU 655/463
RAM 1371/3964MB (lfb 8x4MB) SWAP 780/6078MB (cached 37MB) IRAM 0/252kB(lfb 252kB) CPU [5%@921,8%@921,off,off] EMC_FREQ 0%@1600 GR3D_FREQ 0%@614 APE 25 PLL@30.5C CPU@31.5C iwlwifi@32C PMIC@50C GPU@29.5C AO@40.5C thermal@30.25C POM_5V_IN 2215/2078 POM_5V_GPU 82/83 POM_5V_CPU 574/463
RAM 1387/3964MB (lfb 8x4MB) SWAP 780/6078MB (cached 37MB) IRAM 0/252kB(lfb 252kB) CPU [7%@921,6%@921,off,off] EMC_FREQ 0%@1600 GR3D_FREQ 0%@614 APE 25 PLL@30.5C CPU@31.5C iwlwifi@32C PMIC@50C GPU@29.5C AO@41C thermal@30.5C POM_5V_IN 2215/2078 POM_5V_GPU 82/83 POM_5V_CPU 574/463
RAM 1371/3964MB (lfb 8x4MB) SWAP 780/6078MB (cached 37MB) IRAM 0/252kB(lfb 252kB) CPU [6%@921,7%@921,off,off] EMC_FREQ 0%@1600 GR3D_FREQ 0%@614 APE 25 PLL@30C CPU@31C iwlwifi@32C PMIC@50C GPU@29.5C AO@41C thermal@30.25C POM_5V_IN 1934/2078 POM_5V_GPU 82/83 POM_5V_CPU 370/463
RAM 1386/3964MB (lfb 8x4MB) SWAP 780/6078MB (cached 37MB) IRAM 0/252kB(lfb 252kB) CPU [7%@921,6%@921,off,off] EMC_FREQ 0%@1600 GR3D_FREQ 0%@614 APE 25 PLL@29.5C CPU@32C iwlwifi@32C PMIC@50C GPU@30C AO@41C thermal@30.5C POM_5V_IN 2174/2078 POM_5V_GPU 82/83 POM_5V_CPU 574/463
RAM 1389/3964MB (lfb 8x4MB) SWAP 780/6078MB (cached 37MB) IRAM 0/252kB(lfb 252kB) CPU [8%@921,6%@921,off,off] EMC_FREQ 0%@1600 GR3D_FREQ 0%@614 APE 25 PLL@30C CPU@31.5C iwlwifi@32C PMIC@50C GPU@30C AO@41C thermal@30.75C POM_5V_IN 1851/2078 POM_5V_GPU 82/83 POM_5V_CPU 288/463
RAM 1390/3964MB (lfb 8x4MB) SWAP 780/6078MB (cached 37MB) IRAM 0/252kB(lfb 252kB) CPU [7%@921,7%@921,off,off] EMC_FREQ 0%@1600 GR3D_FREQ 0%@614 APE 25 PLL@29.5C CPU@31.5C iwlwifi@32C PMIC@50C GPU@30C AO@41C thermal@30.5C POM_5V_IN 1851/2078 POM_5V_GPU 82/83 POM_5V_CPU 288/463
RAM 1389/3964MB (lfb 8x4MB) SWAP 780/6078MB (cached 37MB) IRAM 0/252kB(lfb 252kB) CPU [8%@921,5%@921,off,off] EMC_FREQ 0%@1600 GR3D_FREQ 0%@614 APE 25 PLL@30C CPU@31C iwlwifi@32C PMIC@50C GPU@30C AO@41C thermal@30.5C POM_5V_IN 1931/2078 POM_5V_GPU 82/83 POM_5V_CPU 328/463
RAM 1388/3964MB (lfb 8x4MB) SWAP 780/6078MB (cached 37MB) IRAM 0/252kB(lfb 252kB) CPU [7%@921,6%@921,off,off] EMC_FREQ 0%@1600 GR3D_FREQ 0%@614 APE 25 PLL@30C CPU@31.5C iwlwifi@32C PMIC@50C GPU@30C AO@41C thermal@30.5C POM_5V_IN 1934/2077 POM_5V_GPU 82/83 POM_5V_CPU 329/463
RAM 1387/3964MB (lfb 8x4MB) SWAP 780/6078MB (cached 37MB) IRAM 0/252kB(lfb 252kB) CPU [7%@921,7%@921,off,off] EMC_FREQ 0%@1600 GR3D_FREQ 0%@614 APE 25 PLL@30C CPU@31C iwlwifi@32C PMIC@50C GPU@29.5C AO@41C thermal@30.5C POM_5V_IN 2174/2078 POM_5V_GPU 82/83 POM_5V_CPU 533/463
RAM 1371/3964MB (lfb 8x4MB) SWAP 780/6078MB (cached 37MB) IRAM 0/252kB(lfb 252kB) CPU [6%@921,8%@921,off,off] EMC_FREQ 0%@1600 GR3D_FREQ 0%@614 APE 25 PLL@30C CPU@32C iwlwifi@32C PMIC@50C GPU@30C AO@41C thermal@30.25C POM_5V_IN 2256/2078 POM_5V_GPU 82/83 POM_5V_CPU 614/463
RAM 1372/3964MB (lfb 8x4MB) SWAP 780/6078MB (cached 37MB) IRAM 0/252kB(lfb 252kB) CPU [5%@921,8%@921,off,off] EMC_FREQ 0%@1600 GR3D_FREQ 0%@614 APE 25 PLL@30.5C CPU@31.5C iwlwifi@32C PMIC@50C GPU@30C AO@41C thermal@30.75C POM_5V_IN 2215/2078 POM_5V_GPU 82/83 POM_5V_CPU 615/463
RAM 1371/3964MB (lfb 8x4MB) SWAP 780/6078MB (cached 37MB) IRAM 0/252kB(lfb 252kB) CPU [6%@921,7%@921,off,off] EMC_FREQ 0%@1600 GR3D_FREQ 0%@614 APE 25 PLL@30C CPU@31.5C iwlwifi@32C PMIC@50C GPU@30C AO@41C thermal@30.25C POM_5V_IN 2174/2078 POM_5V_GPU 82/83 POM_5V_CPU 574/463
RAM 1388/3964MB (lfb 8x4MB) SWAP 779/6078MB (cached 37MB) IRAM 0/252kB(lfb 252kB) CPU [5%@921,8%@921,off,off] EMC_FREQ 0%@1600 GR3D_FREQ 0%@614 APE 25 PLL@30C CPU@31C iwlwifi@32C PMIC@50C GPU@30C AO@41C thermal@30.5C POM_5V_IN 2174/2078 POM_5V_GPU 82/83 POM_5V_CPU 574/463
RAM 1371/3964MB (lfb 8x4MB) SWAP 779/6078MB (cached 37MB) IRAM 0/252kB(lfb 252kB) CPU [9%@921,5%@921,off,off] EMC_FREQ 0%@1600 GR3D_FREQ 0%@614 APE 25 PLL@29.5C CPU@31C iwlwifi@32C PMIC@50C GPU@30C AO@41.5C thermal@30.75C POM_5V_IN 1892/2078 POM_5V_GPU 82/83 POM_5V_CPU 329/463
RAM 1390/3964MB (lfb 8x4MB) SWAP 779/6078MB (cached 37MB) IRAM 0/252kB(lfb 252kB) CPU [10%@921,3%@921,off,off] EMC_FREQ 0%@1600 GR3D_FREQ 0%@614 APE 25 PLL@29.5C CPU@31.5C iwlwifi@32C PMIC@50C GPU@30C AO@41C thermal@30.5C POM_5V_IN 2174/2078 POM_5V_GPU 82/83 POM_5V_CPU 574/463
RAM 1390/3964MB (lfb 8x4MB) SWAP 779/6078MB (cached 37MB) IRAM 0/252kB(lfb 252kB) CPU [8%@921,5%@921,off,off] EMC_FREQ 0%@1600 GR3D_FREQ 0%@614 APE 25 PLL@29.5C CPU@31.5C iwlwifi@32C PMIC@50C GPU@30C AO@41C thermal@30.5C POM_5V_IN 1851/2078 POM_5V_GPU 82/83 POM_5V_CPU 288/463
RAM 1390/3964MB (lfb 8x4MB) SWAP 779/6078MB (cached 37MB) IRAM 0/252kB(lfb 252kB) CPU [8%@921,5%@921,off,off] EMC_FREQ 0%@1600 GR3D_FREQ 0%@614 APE 25 PLL@30C CPU@31.5C iwlwifi@32C PMIC@50C GPU@29.5C AO@41C thermal@30.5C POM_5V_IN 1934/2078 POM_5V_GPU 82/83 POM_5V_CPU 329/463
RAM 1388/3964MB (lfb 8x4MB) SWAP 779/6078MB (cached 37MB) IRAM 0/252kB(lfb 252kB) CPU [9%@921,4%@921,off,off] EMC_FREQ 0%@1600 GR3D_FREQ 0%@614 APE 25 PLL@29.5C CPU@31.5C iwlwifi@32C PMIC@50C GPU@30C AO@41C thermal@30.25C POM_5V_IN 1892/2077 POM_5V_GPU 82/83 POM_5V_CPU 329/463
RAM 1390/3964MB (lfb 8x4MB) SWAP 779/6078MB (cached 37MB) IRAM 0/252kB(lfb 252kB) CPU [7%@921,7%@921,off,off] EMC_FREQ 0%@1600 GR3D_FREQ 0%@614 APE 25 PLL@29.5C CPU@31C iwlwifi@32C PMIC@50C GPU@29.5C AO@41C thermal@30.25C POM_5V_IN 1934/2077 POM_5V_GPU 82/83 POM_5V_CPU 329/463
RAM 1388/3964MB (lfb 8x4MB) SWAP 779/6078MB (cached 37MB) IRAM 0/252kB(lfb 252kB) CPU [7%@921,7%@921,off,off] EMC_FREQ 0%@1600 GR3D_FREQ 0%@614 APE 25 PLL@30C CPU@31C iwlwifi@32C PMIC@50C GPU@30C AO@40.5C thermal@30.5C POM_5V_IN 1934/2077 POM_5V_GPU 82/83 POM_5V_CPU 329/463
RAM 1385/3964MB (lfb 8x4MB) SWAP 779/6078MB (cached 37MB) IRAM 0/252kB(lfb 252kB) CPU [7%@921,6%@921,off,off] EMC_FREQ 0%@1600 GR3D_FREQ 0%@614 APE 25 PLL@30C CPU@31C iwlwifi@32C PMIC@50C GPU@30C AO@41C thermal@30.75C POM_5V_IN 2256/2077 POM_5V_GPU 82/83 POM_5V_CPU 574/463
RAM 1386/3964MB (lfb 8x4MB) SWAP 779/6078MB (cached 37MB) IRAM 0/252kB(lfb 252kB) CPU [7%@921,6%@921,off,off] EMC_FREQ 0%@1600 GR3D_FREQ 0%@614 APE 25 PLL@30C CPU@31.5C iwlwifi@32C PMIC@50C GPU@30C AO@41C thermal@30.5C POM_5V_IN 2256/2077 POM_5V_GPU 82/83 POM_5V_CPU 615/463
RAM 1371/3964MB (lfb 8x4MB) SWAP 779/6078MB (cached 37MB) IRAM 0/252kB(lfb 252kB) CPU [9%@921,5%@921,off,off] EMC_FREQ 0%@1600 GR3D_FREQ 0%@614 APE 25 PLL@30C CPU@31.5C iwlwifi@32C PMIC@50C GPU@30C AO@41.5C thermal@30.75C POM_5V_IN 2256/2078 POM_5V_GPU 82/83 POM_5V_CPU 615/463
RAM 1389/3964MB (lfb 8x4MB) SWAP 779/6078MB (cached 37MB) IRAM 0/252kB(lfb 252kB) CPU [8%@921,6%@921,off,off] EMC_FREQ 0%@1600 GR3D_FREQ 0%@614 APE 25 PLL@30.5C CPU@31C iwlwifi@32C PMIC@50C GPU@29.5C AO@41C thermal@30.75C POM_5V_IN 2215/2078 POM_5V_GPU 82/83 POM_5V_CPU 574/463
RAM 1371/3964MB (lfb 8x4MB) SWAP 779/6078MB (cached 37MB) IRAM 0/252kB(lfb 252kB) CPU [7%@921,6%@921,off,off] EMC_FREQ 0%@1600 GR3D_FREQ 0%@614 APE 25 PLL@30C CPU@32C iwlwifi@32C PMIC@50C GPU@30C AO@40.5C thermal@30.5C POM_5V_IN 2297/2078 POM_5V_GPU 82/83 POM_5V_CPU 615/463
RAM 1380/3964MB (lfb 8x4MB) SWAP 779/6078MB (cached 37MB) IRAM 0/252kB(lfb 252kB) CPU [8%@921,6%@921,off,off] EMC_FREQ 0%@1600 GR3D_FREQ 0%@614 APE 25 PLL@30C CPU@32C iwlwifi@32C PMIC@50C GPU@30C AO@41C thermal@30.75C POM_5V_IN 2215/2078 POM_5V_GPU 82/83 POM_5V_CPU 574/463
RAM 1372/3964MB (lfb 8x4MB) SWAP 779/6078MB (cached 37MB) IRAM 0/252kB(lfb 252kB) CPU [7%@921,8%@921,off,off] EMC_FREQ 0%@1600 GR3D_FREQ 0%@614 APE 25 PLL@30C CPU@32C iwlwifi@32C PMIC@50C GPU@29.5C AO@41C thermal@30.5C POM_5V_IN 2375/2078 POM_5V_GPU 81/83 POM_5V_CPU 696/464
RAM 1388/3964MB (lfb 8x4MB) SWAP 779/6078MB (cached 37MB) IRAM 0/252kB(lfb 252kB) CPU [6%@921,7%@921,off,off] EMC_FREQ 0%@1600 GR3D_FREQ 0%@614 APE 25 PLL@30C CPU@31.5C iwlwifi@32C PMIC@50C GPU@30C AO@41C thermal@30.5C POM_5V_IN 2174/2078 POM_5V_GPU 82/83 POM_5V_CPU 574/464
RAM 1371/3964MB (lfb 8x4MB) SWAP 779/6078MB (cached 37MB) IRAM 0/252kB(lfb 252kB) CPU [7%@921,6%@921,off,off] EMC_FREQ 0%@1600 GR3D_FREQ 0%@614 APE 25 PLL@30C CPU@31C iwlwifi@32C PMIC@50C GPU@30C AO@40.5C thermal@30.5C POM_5V_IN 1813/2078 POM_5V_GPU 82/83 POM_5V_CPU 246/464
RAM 1390/3964MB (lfb 8x4MB) SWAP 779/6078MB (cached 37MB) IRAM 0/252kB(lfb 252kB) CPU [4%@921,9%@921,off,off] EMC_FREQ 0%@1600 GR3D_FREQ 0%@614 APE 25 PLL@30C CPU@31.5C iwlwifi@32C PMIC@50C GPU@30C AO@40.5C thermal@30.5C POM_5V_IN 2174/2078 POM_5V_GPU 82/83 POM_5V_CPU 533/464
RAM 1371/3964MB (lfb 8x4MB) SWAP 779/6078MB (cached 37MB) IRAM 0/252kB(lfb 252kB) CPU [6%@921,7%@921,off,off] EMC_FREQ 0%@1600 GR3D_FREQ 0%@614 APE 25 PLL@30C CPU@31C iwlwifi@32C PMIC@50C GPU@29.5C AO@41C thermal@30.5C POM_5V_IN 1772/2078 POM_5V_GPU 82/83 POM_5V_CPU 206/463
RAM 1388/3964MB (lfb 8x4MB) SWAP 779/6078MB (cached 37MB) IRAM 0/252kB(lfb 252kB) CPU [6%@921,8%@921,off,off] EMC_FREQ 0%@1600 GR3D_FREQ 0%@614 APE 25 PLL@30C CPU@31C iwlwifi@32C PMIC@50C GPU@30C AO@41C thermal@30.5C POM_5V_IN 2133/2078 POM_5V_GPU 82/83 POM_5V_CPU 533/463
RAM 1388/3964MB (lfb 8x4MB) SWAP 779/6078MB (cached 37MB) IRAM 0/252kB(lfb 252kB) CPU [6%@921,7%@921,off,off] EMC_FREQ 0%@1600 GR3D_FREQ 0%@614 APE 25 PLL@30C CPU@31.5C iwlwifi@32C PMIC@50C GPU@29.5C AO@40.5C thermal@30.25C POM_5V_IN 1934/2078 POM_5V_GPU 82/83 POM_5V_CPU 329/463
RAM 1390/3964MB (lfb 8x4MB) SWAP 779/6078MB (cached 37MB) IRAM 0/252kB(lfb 252kB) CPU [8%@921,6%@921,off,off] EMC_FREQ 0%@1600 GR3D_FREQ 0%@614 APE 25 PLL@29.5C CPU@31C iwlwifi@32C PMIC@50C GPU@30C AO@41C thermal@30.5C POM_5V_IN 1813/2078 POM_5V_GPU 82/83 POM_5V_CPU 246/463
RAM 1388/3964MB (lfb 8x4MB) SWAP 779/6078MB (cached 37MB) IRAM 0/252kB(lfb 252kB) CPU [8%@921,5%@921,off,off] EMC_FREQ 0%@1600 GR3D_FREQ 0%@614 APE 25 PLL@30C CPU@31.5C iwlwifi@32C PMIC@50C GPU@30C AO@41C thermal@30.25C POM_5V_IN 1892/2077 POM_5V_GPU 82/83 POM_5V_CPU 288/463
RAM 1388/3964MB (lfb 8x4MB) SWAP 779/6078MB (cached 37MB) IRAM 0/252kB(lfb 252kB) CPU [8%@921,5%@921,off,off] EMC_FREQ 0%@1600 GR3D_FREQ 0%@614 APE 25 PLL@29.5C CPU@31.5C iwlwifi@32C PMIC@50C GPU@30C AO@41C thermal@30.75C POM_5V_IN 1934/2077 POM_5V_GPU 82/83 POM_5V_CPU 369/463
RAM 1371/3964MB (lfb 8x4MB) SWAP 779/6078MB (cached 37MB) IRAM 0/252kB(lfb 252kB) CPU [6%@921,8%@921,off,off] EMC_FREQ 0%@1600 GR3D_FREQ 0%@614 APE 25 PLL@29.5C CPU@32C iwlwifi@32C PMIC@50C GPU@29.5C AO@41C thermal@30.5C POM_5V_IN 2334/2078 POM_5V_GPU 81/83 POM_5V_CPU 696/463
RAM 1371/3964MB (lfb 8x4MB) SWAP 779/6078MB (cached 37MB) IRAM 0/252kB(lfb 252kB) CPU [8%@921,6%@921,off,off] EMC_FREQ 0%@1600 GR3D_FREQ 0%@614 APE 25 PLL@30C CPU@31.5C iwlwifi@32C PMIC@50C GPU@30C AO@41C thermal@31C POM_5V_IN 2215/2078 POM_5V_GPU 82/83 POM_5V_CPU 574/463
RAM 1371/3964MB (lfb 8x4MB) SWAP 779/6078MB (cached 37MB) IRAM 0/252kB(lfb 252kB) CPU [7%@921,6%@921,off,off] EMC_FREQ 0%@1600 GR3D_FREQ 0%@614 APE 25 PLL@29.5C CPU@31.5C iwlwifi@32C PMIC@50C GPU@30C AO@41C thermal@30.5C POM_5V_IN 2174/2078 POM_5V_GPU 82/83 POM_5V_CPU 574/463
RAM 1385/3964MB (lfb 8x4MB) SWAP 779/6078MB (cached 37MB) IRAM 0/252kB(lfb 252kB) CPU [6%@921,7%@921,off,off] EMC_FREQ 0%@1600 GR3D_FREQ 0%@614 APE 25 PLL@29.5C CPU@31C iwlwifi@32C PMIC@50C GPU@30C AO@40.5C thermal@30.75C POM_5V_IN 2215/2078 POM_5V_GPU 82/83 POM_5V_CPU 574/463
RAM 1371/3964MB (lfb 8x4MB) SWAP 779/6078MB (cached 37MB) IRAM 0/252kB(lfb 252kB) CPU [8%@921,7%@921,off,off] EMC_FREQ 0%@1600 GR3D_FREQ 0%@614 APE 25 PLL@30C CPU@31C iwlwifi@32C PMIC@50C GPU@30C AO@41C thermal@30.5C POM_5V_IN 1934/2078 POM_5V_GPU 82/83 POM_5V_CPU 329/463
RAM 1390/3964MB (lfb 8x4MB) SWAP 779/6078MB (cached 37MB) IRAM 0/252kB(lfb 252kB) CPU [5%@921,6%@921,off,off] EMC_FREQ 0%@1600 GR3D_FREQ 0%@614 APE 25 PLL@30C CPU@31.5C iwlwifi@32C PMIC@50C GPU@30C AO@41C thermal@30.25C POM_5V_IN 2133/2078 POM_5V_GPU 82/83 POM_5V_CPU 533/463
RAM 1386/3964MB (lfb 8x4MB) SWAP 779/6078MB (cached 37MB) IRAM 0/252kB(lfb 252kB) CPU [7%@921,7%@921,off,off] EMC_FREQ 0%@1600 GR3D_FREQ 0%@614 APE 25 PLL@30C CPU@31C iwlwifi@32C PMIC@50C GPU@30C AO@41C thermal@30.5C POM_5V_IN 1892/2078 POM_5V_GPU 82/83 POM_5V_CPU 329/463
RAM 1389/3964MB (lfb 8x4MB) SWAP 779/6078MB (cached 37MB) IRAM 0/252kB(lfb 252kB) CPU [7%@921,6%@921,off,off] EMC_FREQ 0%@1600 GR3D_FREQ 0%@614 APE 25 PLL@30C CPU@31C iwlwifi@32C PMIC@50C GPU@30C AO@41C thermal@30.75C POM_5V_IN 1934/2078 POM_5V_GPU 82/83 POM_5V_CPU 329/463
RAM 1387/3964MB (lfb 8x4MB) SWAP 779/6078MB (cached 37MB) IRAM 0/252kB(lfb 252kB) CPU [4%@921,9%@921,off,off] EMC_FREQ 0%@1600 GR3D_FREQ 0%@614 APE 25 PLL@30.5C CPU@31.5C iwlwifi@32C PMIC@50C GPU@30C AO@40.5C thermal@31C POM_5V_IN 1892/2077 POM_5V_GPU 82/83 POM_5V_CPU 329/463
RAM 1387/3964MB (lfb 8x4MB) SWAP 779/6078MB (cached 37MB) IRAM 0/252kB(lfb 252kB) CPU [6%@921,7%@921,off,off] EMC_FREQ 0%@1600 GR3D_FREQ 0%@614 APE 25 PLL@30C CPU@31C iwlwifi@32C PMIC@50C GPU@30C AO@41C thermal@30.5C POM_5V_IN 1934/2077 POM_5V_GPU 82/83 POM_5V_CPU 329/463
RAM 1386/3964MB (lfb 8x4MB) SWAP 779/6078MB (cached 37MB) IRAM 0/252kB(lfb 252kB) CPU [7%@921,6%@921,off,off] EMC_FREQ 0%@1600 GR3D_FREQ 0%@614 APE 25 PLL@29.5C CPU@31C iwlwifi@32C PMIC@50C GPU@30C AO@40.5C thermal@30.5C POM_5V_IN 1892/2077 POM_5V_GPU 82/83 POM_5V_CPU 329/463
RAM 1371/3964MB (lfb 8x4MB) SWAP 779/6078MB (cached 37MB) IRAM 0/252kB(lfb 252kB) CPU [8%@921,6%@921,off,off] EMC_FREQ 0%@1600 GR3D_FREQ 0%@614 APE 25 PLL@30C CPU@31C iwlwifi@32C PMIC@50C GPU@30C AO@41C thermal@30.75C POM_5V_IN 2054/2077 POM_5V_GPU 82/83 POM_5V_CPU 451/463
RAM 1371/3964MB (lfb 8x4MB) SWAP 779/6078MB (cached 37MB) IRAM 0/252kB(lfb 252kB) CPU [7%@921,6%@921,off,off] EMC_FREQ 0%@1600 GR3D_FREQ 0%@614 APE 25 PLL@30C CPU@31.5C iwlwifi@32C PMIC@50C GPU@30C AO@41C thermal@30.25C POM_5V_IN 2174/2077 POM_5V_GPU 82/83 POM_5V_CPU 574/463
RAM 1371/3964MB (lfb 8x4MB) SWAP 779/6078MB (cached 37MB) IRAM 0/252kB(lfb 252kB) CPU [7%@921,6%@921,off,off] EMC_FREQ 0%@1600 GR3D_FREQ 0%@614 APE 25 PLL@30C CPU@31.5C iwlwifi@32C PMIC@50C GPU@30C AO@41C thermal@30.5C POM_5V_IN 2174/2077 POM_5V_GPU 82/83 POM_5V_CPU 533/463
RAM 1372/3964MB (lfb 8x4MB) SWAP 779/6078MB (cached 37MB) IRAM 0/252kB(lfb 252kB) CPU [11%@921,3%@921,off,off] EMC_FREQ 0%@1600 GR3D_FREQ 0%@614 APE 25 PLL@30C CPU@31.5C iwlwifi@32C PMIC@50C GPU@30C AO@41C thermal@30.5C POM_5V_IN 2174/2077 POM_5V_GPU 82/83 POM_5V_CPU 574/463
RAM 1386/3964MB (lfb 8x4MB) SWAP 779/6078MB (cached 37MB) IRAM 0/252kB(lfb 252kB) CPU [8%@921,4%@921,off,off] EMC_FREQ 0%@1600 GR3D_FREQ 0%@614 APE 25 PLL@30C CPU@31.5C iwlwifi@32C PMIC@50C GPU@30C AO@41C thermal@30.5C POM_5V_IN 2174/2077 POM_5V_GPU 82/83 POM_5V_CPU 533/463
RAM 1371/3964MB (lfb 8x4MB) SWAP 779/6078MB (cached 37MB) IRAM 0/252kB(lfb 252kB) CPU [5%@921,9%@921,off,off] EMC_FREQ 0%@1600 GR3D_FREQ 0%@614 APE 25 PLL@30C CPU@31C iwlwifi@32C PMIC@50C GPU@30C AO@40.5C thermal@30.75C POM_5V_IN 1934/2077 POM_5V_GPU 82/83 POM_5V_CPU 329/463
RAM 1391/3964MB (lfb 8x4MB) SWAP 779/6078MB (cached 37MB) IRAM 0/252kB(lfb 252kB) CPU [5%@921,8%@921,off,off] EMC_FREQ 0%@1600 GR3D_FREQ 0%@614 APE 25 PLL@30C CPU@31C iwlwifi@32C PMIC@50C GPU@30C AO@41C thermal@30.5C POM_5V_IN 2174/2077 POM_5V_GPU 82/83 POM_5V_CPU 574/463
RAM 1386/3964MB (lfb 8x4MB) SWAP 779/6078MB (cached 37MB) IRAM 0/252kB(lfb 252kB) CPU [7%@921,5%@921,off,off] EMC_FREQ 0%@1600 GR3D_FREQ 0%@614 APE 25 PLL@29.5C CPU@31.5C iwlwifi@32C PMIC@50C GPU@29.5C AO@41C thermal@30.5C POM_5V_IN 1810/2077 POM_5V_GPU 82/83 POM_5V_CPU 246/463
RAM 1386/3964MB (lfb 8x4MB) SWAP 779/6078MB (cached 37MB) IRAM 0/252kB(lfb 252kB) CPU [6%@921,8%@921,off,off] EMC_FREQ 0%@1600 GR3D_FREQ 0%@614 APE 25 PLL@30C CPU@31.5C iwlwifi@32C PMIC@50C GPU@30C AO@40.5C thermal@30.5C POM_5V_IN 1934/2077 POM_5V_GPU 82/83 POM_5V_CPU 329/463
RAM 1388/3964MB (lfb 8x4MB) SWAP 779/6078MB (cached 37MB) IRAM 0/252kB(lfb 252kB) CPU [5%@921,8%@921,off,off] EMC_FREQ 0%@1600 GR3D_FREQ 0%@614 APE 25 PLL@29.5C CPU@31.5C iwlwifi@32C PMIC@50C GPU@30C AO@40.5C thermal@30.5C POM_5V_IN 1934/2077 POM_5V_GPU 82/83 POM_5V_CPU 329/463
RAM 1388/3964MB (lfb 8x4MB) SWAP 779/6078MB (cached 37MB) IRAM 0/252kB(lfb 252kB) CPU [8%@921,6%@921,off,off] EMC_FREQ 0%@1600 GR3D_FREQ 0%@614 APE 25 PLL@30C CPU@31.5C iwlwifi@32C PMIC@50C GPU@29.5C AO@41C thermal@30.5C POM_5V_IN 1934/2077 POM_5V_GPU 82/83 POM_5V_CPU 370/463
RAM 1388/3964MB (lfb 8x4MB) SWAP 779/6078MB (cached 37MB) IRAM 0/252kB(lfb 252kB) CPU [6%@921,8%@921,off,off] EMC_FREQ 0%@1600 GR3D_FREQ 0%@614 APE 25 PLL@30C CPU@31.5C iwlwifi@32C PMIC@50C GPU@30C AO@41C thermal@30.5C POM_5V_IN 2215/2077 POM_5V_GPU 82/83 POM_5V_CPU 574/463
RAM 1371/3964MB (lfb 8x4MB) SWAP 779/6078MB (cached 37MB) IRAM 0/252kB(lfb 252kB) CPU [7%@921,7%@921,off,off] EMC_FREQ 0%@1600 GR3D_FREQ 0%@614 APE 25 PLL@29.5C CPU@31.5C iwlwifi@32C PMIC@50C GPU@30C AO@41.5C thermal@30.75C POM_5V_IN 2136/2077 POM_5V_GPU 82/83 POM_5V_CPU 492/463
RAM 1371/3964MB (lfb 8x4MB) SWAP 779/6078MB (cached 37MB) IRAM 0/252kB(lfb 252kB) CPU [7%@921,6%@921,off,off] EMC_FREQ 0%@1600 GR3D_FREQ 0%@614 APE 25 PLL@30C CPU@32C iwlwifi@32C PMIC@50C GPU@30C AO@41C thermal@30.5C POM_5V_IN 2174/2077 POM_5V_GPU 82/83 POM_5V_CPU 533/463
RAM 1371/3964MB (lfb 8x4MB) SWAP 779/6078MB (cached 37MB) IRAM 0/252kB(lfb 252kB) CPU [7%@921,7%@921,off,off] EMC_FREQ 0%@1600 GR3D_FREQ 0%@614 APE 25 PLL@30C CPU@32C iwlwifi@32C PMIC@50C GPU@30C AO@41C thermal@30.25C POM_5V_IN 2174/2077 POM_5V_GPU 82/83 POM_5V_CPU 533/463
RAM 1385/3964MB (lfb 8x4MB) SWAP 779/6078MB (cached 37MB) IRAM 0/252kB(lfb 252kB) CPU [6%@921,6%@921,off,off] EMC_FREQ 0%@1600 GR3D_FREQ 0%@614 APE 25 PLL@30C CPU@31.5C iwlwifi@32C PMIC@50C GPU@29.5C AO@40.5C thermal@30.5C POM_5V_IN 2174/2077 POM_5V_GPU 82/83 POM_5V_CPU 533/463
RAM 1372/3964MB (lfb 8x4MB) SWAP 779/6078MB (cached 37MB) IRAM 0/252kB(lfb 252kB) CPU [9%@921,5%@921,off,off] EMC_FREQ 0%@1600 GR3D_FREQ 0%@614 APE 25 PLL@30C CPU@31C iwlwifi@32C PMIC@50C GPU@30C AO@40.5C thermal@30.75C POM_5V_IN 1892/2077 POM_5V_GPU 82/83 POM_5V_CPU 329/463
RAM 1388/3964MB (lfb 8x4MB) SWAP 779/6078MB (cached 37MB) IRAM 0/252kB(lfb 252kB) CPU [7%@921,4%@921,off,off] EMC_FREQ 0%@1600 GR3D_FREQ 0%@614 APE 25 PLL@30C CPU@31.5C iwlwifi@32C PMIC@50C GPU@30C AO@41C thermal@30.5C POM_5V_IN 2133/2077 POM_5V_GPU 82/83 POM_5V_CPU 533/463
RAM 1389/3964MB (lfb 8x4MB) SWAP 779/6078MB (cached 37MB) IRAM 0/252kB(lfb 252kB) CPU [8%@921,6%@921,off,off] EMC_FREQ 0%@1600 GR3D_FREQ 0%@614 APE 25 PLL@30C CPU@31.5C iwlwifi@32C PMIC@50C GPU@29.5C AO@41C thermal@30.5C POM_5V_IN 1892/2077 POM_5V_GPU 82/83 POM_5V_CPU 329/463
RAM 1390/3964MB (lfb 8x4MB) SWAP 779/6078MB (cached 37MB) IRAM 0/252kB(lfb 252kB) CPU [8%@921,6%@921,off,off] EMC_FREQ 0%@1600 GR3D_FREQ 0%@614 APE 25 PLL@30C CPU@31C iwlwifi@32C PMIC@50C GPU@30C AO@41C thermal@30.5C POM_5V_IN 1934/2077 POM_5V_GPU 82/83 POM_5V_CPU 329/463
RAM 1388/3964MB (lfb 8x4MB) SWAP 779/6078MB (cached 37MB) IRAM 0/252kB(lfb 252kB) CPU [8%@921,5%@921,off,off] EMC_FREQ 0%@1600 GR3D_FREQ 0%@614 APE 25 PLL@30C CPU@31C iwlwifi@32C PMIC@50C GPU@30C AO@41C thermal@30.5C POM_5V_IN 1810/2077 POM_5V_GPU 82/83 POM_5V_CPU 246/462
RAM 1387/3964MB (lfb 8x4MB) SWAP 779/6078MB (cached 37MB) IRAM 0/252kB(lfb 252kB) CPU [5%@921,9%@921,off,off] EMC_FREQ 0%@1600 GR3D_FREQ 0%@614 APE 25 PLL@30C CPU@31.5C iwlwifi@32C PMIC@50C GPU@29.5C AO@40.5C thermal@30.25C POM_5V_IN 1934/2076 POM_5V_GPU 82/83 POM_5V_CPU 329/462
RAM 1385/3964MB (lfb 8x4MB) SWAP 779/6078MB (cached 37MB) IRAM 0/252kB(lfb 252kB) CPU [7%@921,6%@921,off,off] EMC_FREQ 0%@1600 GR3D_FREQ 0%@614 APE 25 PLL@30C CPU@31.5C iwlwifi@32C PMIC@50C GPU@30C AO@40.5C thermal@30.75C POM_5V_IN 2013/2076 POM_5V_GPU 82/83 POM_5V_CPU 410/462
RAM 1387/3964MB (lfb 8x4MB) SWAP 779/6078MB (cached 37MB) IRAM 0/252kB(lfb 252kB) CPU [9%@921,5%@921,off,off] EMC_FREQ 0%@1600 GR3D_FREQ 0%@614 APE 25 PLL@30C CPU@32C iwlwifi@32C PMIC@50C GPU@29.5C AO@41C thermal@30.5C POM_5V_IN 2256/2077 POM_5V_GPU 82/83 POM_5V_CPU 574/462
RAM 1371/3964MB (lfb 8x4MB) SWAP 779/6078MB (cached 36MB) IRAM 0/252kB(lfb 252kB) CPU [7%@921,7%@921,off,off] EMC_FREQ 0%@1600 GR3D_FREQ 0%@614 APE 25 PLL@30C CPU@32C iwlwifi@32C PMIC@50C GPU@30C AO@41C thermal@30.25C POM_5V_IN 2334/2077 POM_5V_GPU 81/83 POM_5V_CPU 696/463
RAM 1371/3964MB (lfb 8x4MB) SWAP 779/6078MB (cached 36MB) IRAM 0/252kB(lfb 252kB) CPU [5%@921,9%@921,off,off] EMC_FREQ 0%@1600 GR3D_FREQ 0%@614 APE 25 PLL@30C CPU@31.5C iwlwifi@32C PMIC@50C GPU@29.5C AO@41C thermal@30.5C POM_5V_IN 2174/2077 POM_5V_GPU 82/83 POM_5V_CPU 533/463
RAM 1372/3964MB (lfb 8x4MB) SWAP 779/6078MB (cached 36MB) IRAM 0/252kB(lfb 252kB) CPU [7%@921,6%@921,off,off] EMC_FREQ 0%@1600 GR3D_FREQ 0%@614 APE 25 PLL@30C CPU@31C iwlwifi@32C PMIC@50C GPU@30C AO@41C thermal@30.5C POM_5V_IN 2174/2077 POM_5V_GPU 82/83 POM_5V_CPU 574/463
RAM 1386/3964MB (lfb 8x4MB) SWAP 779/6078MB (cached 36MB) IRAM 0/252kB(lfb 252kB) CPU [5%@921,8%@921,off,off] EMC_FREQ 0%@1600 GR3D_FREQ 0%@614 APE 25 PLL@30C CPU@31.5C iwlwifi@33C PMIC@50C GPU@30C AO@41C thermal@30.5C POM_5V_IN 2174/2077 POM_5V_GPU 82/83 POM_5V_CPU 574/463
RAM 1372/3964MB (lfb 8x4MB) SWAP 779/6078MB (cached 36MB) IRAM 0/252kB(lfb 252kB) CPU [6%@921,8%@921,off,off] EMC_FREQ 0%@1600 GR3D_FREQ 0%@614 APE 25 PLL@30C CPU@31C iwlwifi@32C PMIC@50C GPU@29.5C AO@41C thermal@30.25C POM_5V_IN 2054/2077 POM_5V_GPU 82/83 POM_5V_CPU 410/463
RAM 1386/3964MB (lfb 8x4MB) SWAP 779/6078MB (cached 36MB) IRAM 0/252kB(lfb 252kB) CPU [5%@921,8%@921,off,off] EMC_FREQ 0%@1600 GR3D_FREQ 0%@614 APE 25 PLL@30C CPU@31.5C iwlwifi@32C PMIC@50C GPU@29.5C AO@41C thermal@30.5C POM_5V_IN 2174/2077 POM_5V_GPU 82/83 POM_5V_CPU 574/463
RAM 1390/3964MB (lfb 8x4MB) SWAP 779/6078MB (cached 36MB) IRAM 0/252kB(lfb 252kB) CPU [5%@921,8%@921,off,off] EMC_FREQ 0%@1600 GR3D_FREQ 0%@614 APE 25 PLL@30.5C CPU@31.5C iwlwifi@32C PMIC@50C GPU@30C AO@41C thermal@30.5C POM_5V_IN 1934/2077 POM_5V_GPU 82/82 POM_5V_CPU 329/463
RAM 1390/3964MB (lfb 8x4MB) SWAP 779/6078MB (cached 36MB) IRAM 0/252kB(lfb 252kB) CPU [5%@921,8%@921,off,off] EMC_FREQ 0%@1600 GR3D_FREQ 0%@614 APE 25 PLL@29.5C CPU@31C iwlwifi@32C PMIC@50C GPU@30C AO@40.5C thermal@30.25C POM_5V_IN 1934/2077 POM_5V_GPU 82/82 POM_5V_CPU 329/463
RAM 1386/3964MB (lfb 8x4MB) SWAP 779/6078MB (cached 36MB) IRAM 0/252kB(lfb 252kB) CPU [7%@921,7%@921,off,off] EMC_FREQ 0%@1600 GR3D_FREQ 0%@614 APE 25 PLL@30C CPU@31C iwlwifi@32C PMIC@50C GPU@30C AO@41C thermal@30.25C POM_5V_IN 1934/2077 POM_5V_GPU 82/82 POM_5V_CPU 329/463
RAM 1388/3964MB (lfb 8x4MB) SWAP 779/6078MB (cached 36MB) IRAM 0/252kB(lfb 252kB) CPU [8%@921,6%@921,off,off] EMC_FREQ 0%@1600 GR3D_FREQ 0%@614 APE 25 PLL@29.5C CPU@31C iwlwifi@32C PMIC@50C GPU@30C AO@41C thermal@30.25C POM_5V_IN 1892/2077 POM_5V_GPU 82/82 POM_5V_CPU 329/462
RAM 1388/3964MB (lfb 8x4MB) SWAP 779/6078MB (cached 36MB) IRAM 0/252kB(lfb 252kB) CPU [6%@921,7%@921,off,off] EMC_FREQ 0%@1600 GR3D_FREQ 0%@614 APE 25 PLL@30C CPU@31.5C iwlwifi@32C PMIC@50C GPU@30C AO@40.5C thermal@30.5C POM_5V_IN 1934/2076 POM_5V_GPU 82/82 POM_5V_CPU 329/462
RAM 1372/3964MB (lfb 8x4MB) SWAP 779/6078MB (cached 36MB) IRAM 0/252kB(lfb 252kB) CPU [7%@921,8%@921,off,off] EMC_FREQ 0%@1600 GR3D_FREQ 0%@614 APE 25 PLL@30C CPU@31.5C iwlwifi@32C PMIC@50C GPU@30C AO@40.5C thermal@30.5C POM_5V_IN 2293/2077 POM_5V_GPU 81/82 POM_5V_CPU 654/462
RAM 1371/3964MB (lfb 8x4MB) SWAP 779/6078MB (cached 36MB) IRAM 0/252kB(lfb 252kB) CPU [6%@921,7%@921,off,off] EMC_FREQ 0%@1600 GR3D_FREQ 0%@614 APE 25 PLL@30C CPU@32C iwlwifi@32C PMIC@50C GPU@30C AO@41C thermal@30.5C POM_5V_IN 2215/2077 POM_5V_GPU 82/82 POM_5V_CPU 574/463
RAM 1372/3964MB (lfb 8x4MB) SWAP 779/6078MB (cached 36MB) IRAM 0/252kB(lfb 252kB) CPU [8%@921,6%@921,off,off] EMC_FREQ 0%@1600 GR3D_FREQ 0%@614 APE 25 PLL@29.5C CPU@31.5C iwlwifi@32C PMIC@50C GPU@30C AO@41C thermal@30.5C POM_5V_IN 2174/2077 POM_5V_GPU 82/82 POM_5V_CPU 574/463
RAM 1386/3964MB (lfb 8x4MB) SWAP 779/6078MB (cached 36MB) IRAM 0/252kB(lfb 252kB) CPU [9%@921,4%@921,off,off] EMC_FREQ 0%@1600 GR3D_FREQ 0%@614 APE 25 PLL@30C CPU@32C iwlwifi@32C PMIC@50C GPU@30C AO@41C thermal@30.5C POM_5V_IN 2252/2077 POM_5V_GPU 81/82 POM_5V_CPU 696/463
RAM 1372/3964MB (lfb 8x4MB) SWAP 779/6078MB (cached 36MB) IRAM 0/252kB(lfb 252kB) CPU [6%@921,8%@921,off,off] EMC_FREQ 0%@1600 GR3D_FREQ 0%@614 APE 25 PLL@30C CPU@31C iwlwifi@32C PMIC@50C GPU@29.5C AO@40.5C thermal@30.5C POM_5V_IN 1934/2077 POM_5V_GPU 82/82 POM_5V_CPU 329/463
RAM 1386/3964MB (lfb 8x4MB) SWAP 779/6078MB (cached 36MB) IRAM 0/252kB(lfb 252kB) CPU [8%@921,5%@921,off,off] EMC_FREQ 0%@1600 GR3D_FREQ 0%@614 APE 25 PLL@30C CPU@31.5C iwlwifi@32C PMIC@50C GPU@30C AO@41C thermal@30.5C POM_5V_IN 2174/2077 POM_5V_GPU 82/82 POM_5V_CPU 533/463
RAM 1388/3964MB (lfb 8x4MB) SWAP 779/6078MB (cached 36MB) IRAM 0/252kB(lfb 252kB) CPU [5%@921,8%@921,off,off] EMC_FREQ 0%@1600 GR3D_FREQ 0%@614 APE 25 PLL@29.5C CPU@31C iwlwifi@32C PMIC@50C GPU@30C AO@41C thermal@30.25C POM_5V_IN 1934/2077 POM_5V_GPU 82/82 POM_5V_CPU 329/463
RAM 1386/3964MB (lfb 8x4MB) SWAP 779/6078MB (cached 36MB) IRAM 0/252kB(lfb 252kB) CPU [5%@921,9%@921,off,off] EMC_FREQ 0%@1600 GR3D_FREQ 0%@614 APE 25 PLL@30C CPU@31C iwlwifi@32C PMIC@50C GPU@30C AO@41C thermal@31C POM_5V_IN 2092/2077 POM_5V_GPU 82/82 POM_5V_CPU 451/463
RAM 1390/3964MB (lfb 8x4MB) SWAP 779/6078MB (cached 36MB) IRAM 0/252kB(lfb 252kB) CPU [5%@921,8%@921,off,off] EMC_FREQ 0%@1600 GR3D_FREQ 0%@614 APE 25 PLL@29.5C CPU@31C iwlwifi@32C PMIC@50C GPU@30C AO@41C thermal@30.5C POM_5V_IN 1934/2077 POM_5V_GPU 82/82 POM_5V_CPU 329/463
RAM 1388/3964MB (lfb 8x4MB) SWAP 779/6078MB (cached 36MB) IRAM 0/252kB(lfb 252kB) CPU [6%@921,8%@921,off,off] EMC_FREQ 0%@1600 GR3D_FREQ 0%@614 APE 25 PLL@30C CPU@31.5C iwlwifi@32C PMIC@50C GPU@30C AO@40.5C thermal@30.5C POM_5V_IN 1934/2077 POM_5V_GPU 82/82 POM_5V_CPU 329/462
RAM 1386/3964MB (lfb 8x4MB) SWAP 779/6078MB (cached 36MB) IRAM 0/252kB(lfb 252kB) CPU [8%@921,6%@921,off,off] EMC_FREQ 0%@1600 GR3D_FREQ 0%@614 APE 25 PLL@30C CPU@31C iwlwifi@32C PMIC@50C GPU@30C AO@41C thermal@30.5C POM_5V_IN 1892/2076 POM_5V_GPU 82/82 POM_5V_CPU 329/462
RAM 1371/3964MB (lfb 8x4MB) SWAP 779/6078MB (cached 36MB) IRAM 0/252kB(lfb 252kB) CPU [7%@921,7%@921,off,off] EMC_FREQ 0%@1600 GR3D_FREQ 0%@614 APE 25 PLL@29.5C CPU@31C iwlwifi@32C PMIC@50C GPU@30C AO@41C thermal@30.25C POM_5V_IN 1892/2076 POM_5V_GPU 82/82 POM_5V_CPU 288/462
RAM 1372/3964MB (lfb 8x4MB) SWAP 779/6078MB (cached 36MB) IRAM 0/252kB(lfb 252kB) CPU [5%@921,8%@921,off,off] EMC_FREQ 0%@1600 GR3D_FREQ 0%@614 APE 25 PLL@30C CPU@31.5C iwlwifi@32C PMIC@50C GPU@30C AO@41.5C thermal@30.25C POM_5V_IN 2215/2076 POM_5V_GPU 82/82 POM_5V_CPU 574/462
RAM 1371/3964MB (lfb 8x4MB) SWAP 779/6078MB (cached 36MB) IRAM 0/252kB(lfb 252kB) CPU [7%@921,7%@921,off,off] EMC_FREQ 0%@1600 GR3D_FREQ 0%@614 APE 25 PLL@30C CPU@31C iwlwifi@32C PMIC@50C GPU@30C AO@41C thermal@30.5C POM_5V_IN 2174/2077 POM_5V_GPU 82/82 POM_5V_CPU 574/462
RAM 1372/3964MB (lfb 8x4MB) SWAP 779/6078MB (cached 36MB) IRAM 0/252kB(lfb 252kB) CPU [5%@921,8%@921,off,off] EMC_FREQ 0%@1600 GR3D_FREQ 0%@614 APE 25 PLL@30C CPU@31.5C iwlwifi@32C PMIC@50C GPU@29.5C AO@41C thermal@30.75C POM_5V_IN 2174/2077 POM_5V_GPU 82/82 POM_5V_CPU 574/462
RAM 1388/3964MB (lfb 8x4MB) SWAP 779/6078MB (cached 36MB) IRAM 0/252kB(lfb 252kB) CPU [8%@921,5%@921,off,off] EMC_FREQ 0%@1600 GR3D_FREQ 0%@614 APE 25 PLL@30C CPU@31.5C iwlwifi@32C PMIC@50C GPU@30C AO@41C thermal@30.5C POM_5V_IN 2174/2077 POM_5V_GPU 82/82 POM_5V_CPU 533/463
RAM 1371/3964MB (lfb 8x4MB) SWAP 779/6078MB (cached 36MB) IRAM 0/252kB(lfb 252kB) CPU [8%@921,5%@921,off,off] EMC_FREQ 0%@1600 GR3D_FREQ 0%@614 APE 25 PLL@29.5C CPU@31C iwlwifi@32C PMIC@50C GPU@29.5C AO@41C thermal@30.25C POM_5V_IN 1772/2076 POM_5V_GPU 82/82 POM_5V_CPU 206/462
RAM 1390/3964MB (lfb 8x4MB) SWAP 779/6078MB (cached 36MB) IRAM 0/252kB(lfb 252kB) CPU [9%@921,4%@921,off,off] EMC_FREQ 0%@1600 GR3D_FREQ 0%@614 APE 25 PLL@30C CPU@31.5C iwlwifi@32C PMIC@50C GPU@29.5C AO@41C thermal@30.25C POM_5V_IN 2174/2076 POM_5V_GPU 82/82 POM_5V_CPU 574/462
RAM 1371/3964MB (lfb 8x4MB) SWAP 779/6078MB (cached 36MB) IRAM 0/252kB(lfb 252kB) CPU [6%@921,8%@921,off,off] EMC_FREQ 0%@1600 GR3D_FREQ 0%@614 APE 25 PLL@30C CPU@31C iwlwifi@32C PMIC@50C GPU@29.5C AO@41C thermal@30.5C POM_5V_IN 1892/2076 POM_5V_GPU 82/82 POM_5V_CPU 329/462
RAM 1392/3964MB (lfb 8x4MB) SWAP 779/6078MB (cached 36MB) IRAM 0/252kB(lfb 252kB) CPU [7%@921,6%@921,off,off] EMC_FREQ 0%@1600 GR3D_FREQ 0%@614 APE 25 PLL@30C CPU@31.5C iwlwifi@32C PMIC@50C GPU@30C AO@40.5C thermal@30.75C POM_5V_IN 2215/2076 POM_5V_GPU 82/82 POM_5V_CPU 574/462
RAM 1390/3964MB (lfb 8x4MB) SWAP 779/6078MB (cached 36MB) IRAM 0/252kB(lfb 252kB) CPU [5%@921,8%@921,off,off] EMC_FREQ 0%@1600 GR3D_FREQ 0%@614 APE 25 PLL@30C CPU@31C iwlwifi@32C PMIC@50C GPU@30C AO@41C thermal@30.75C POM_5V_IN 1892/2076 POM_5V_GPU 82/82 POM_5V_CPU 329/462
RAM 1390/3964MB (lfb 8x4MB) SWAP 779/6078MB (cached 36MB) IRAM 0/252kB(lfb 252kB) CPU [5%@921,7%@921,off,off] EMC_FREQ 0%@1600 GR3D_FREQ 0%@614 APE 25 PLL@30C CPU@31.5C iwlwifi@32C PMIC@50C GPU@30C AO@40.5C thermal@30.5C POM_5V_IN 1934/2076 POM_5V_GPU 82/82 POM_5V_CPU 370/462
RAM 1388/3964MB (lfb 8x4MB) SWAP 779/6078MB (cached 36MB) IRAM 0/252kB(lfb 252kB) CPU [8%@921,6%@921,off,off] EMC_FREQ 0%@1600 GR3D_FREQ 0%@614 APE 25 PLL@30C CPU@31.5C iwlwifi@32C PMIC@50C GPU@30C AO@41C thermal@30.5C POM_5V_IN 2170/2076 POM_5V_GPU 81/82 POM_5V_CPU 532/462
RAM 1371/3964MB (lfb 8x4MB) SWAP 779/6078MB (cached 36MB) IRAM 0/252kB(lfb 252kB) CPU [7%@921,6%@921,off,off] EMC_FREQ 0%@1600 GR3D_FREQ 0%@614 APE 25 PLL@29.5C CPU@31.5C iwlwifi@32C PMIC@50C GPU@30C AO@41C thermal@30.75C POM_5V_IN 2095/2076 POM_5V_GPU 82/82 POM_5V_CPU 533/462
RAM 1371/3964MB (lfb 8x4MB) SWAP 779/6078MB (cached 36MB) IRAM 0/252kB(lfb 252kB) CPU [7%@921,7%@921,off,off] EMC_FREQ 0%@1600 GR3D_FREQ 0%@614 APE 25 PLL@30C CPU@31.5C iwlwifi@32C PMIC@50C GPU@30C AO@41C thermal@30.5C POM_5V_IN 2215/2076 POM_5V_GPU 82/82 POM_5V_CPU 574/462
RAM 1372/3964MB (lfb 8x4MB) SWAP 779/6078MB (cached 36MB) IRAM 0/252kB(lfb 252kB) CPU [8%@921,6%@921,off,off] EMC_FREQ 0%@1600 GR3D_FREQ 0%@614 APE 25 PLL@30C CPU@31C iwlwifi@32C PMIC@50C GPU@30C AO@41C thermal@30.75C POM_5V_IN 2215/2077 POM_5V_GPU 82/82 POM_5V_CPU 574/462
RAM 1386/3964MB (lfb 8x4MB) SWAP 779/6078MB (cached 36MB) IRAM 0/252kB(lfb 252kB) CPU [7%@921,6%@921,off,off] EMC_FREQ 0%@1600 GR3D_FREQ 0%@614 APE 25 PLL@30C CPU@31.5C iwlwifi@32C PMIC@50C GPU@30C AO@40.5C thermal@30.75C POM_5V_IN 2174/2077 POM_5V_GPU 82/82 POM_5V_CPU 574/463
RAM 1371/3964MB (lfb 8x4MB) SWAP 779/6078MB (cached 36MB) IRAM 0/252kB(lfb 252kB) CPU [6%@921,8%@921,off,off] EMC_FREQ 0%@1600 GR3D_FREQ 0%@614 APE 25 PLL@30C CPU@31.5C iwlwifi@32C PMIC@50C GPU@30C AO@41C thermal@30.75C POM_5V_IN 1934/2076 POM_5V_GPU 82/82 POM_5V_CPU 329/462
RAM 1386/3964MB (lfb 8x4MB) SWAP 779/6078MB (cached 36MB) IRAM 0/252kB(lfb 252kB) CPU [6%@921,7%@921,off,off] EMC_FREQ 0%@1600 GR3D_FREQ 0%@614 APE 25 PLL@30C CPU@31.5C iwlwifi@32C PMIC@50C GPU@30C AO@41C thermal@30.5C POM_5V_IN 2174/2077 POM_5V_GPU 82/82 POM_5V_CPU 574/463
RAM 1388/3964MB (lfb 8x4MB) SWAP 779/6078MB (cached 36MB) IRAM 0/252kB(lfb 252kB) CPU [7%@921,7%@921,off,off] EMC_FREQ 0%@1600 GR3D_FREQ 0%@614 APE 25 PLL@30C CPU@31C iwlwifi@32C PMIC@50C GPU@30C AO@41C thermal@30.5C POM_5V_IN 1934/2076 POM_5V_GPU 82/82 POM_5V_CPU 329/462
RAM 1388/3964MB (lfb 8x4MB) SWAP 779/6078MB (cached 36MB) IRAM 0/252kB(lfb 252kB) CPU [6%@921,8%@921,off,off] EMC_FREQ 0%@1600 GR3D_FREQ 0%@614 APE 25 PLL@30C CPU@31.5C iwlwifi@32C PMIC@50C GPU@30C AO@41C thermal@30.5C POM_5V_IN 1892/2076 POM_5V_GPU 82/82 POM_5V_CPU 329/462
RAM 1386/3964MB (lfb 8x4MB) SWAP 779/6078MB (cached 36MB) IRAM 0/252kB(lfb 252kB) CPU [6%@921,7%@921,off,off] EMC_FREQ 0%@1600 GR3D_FREQ 0%@614 APE 25 PLL@30C CPU@31.5C iwlwifi@32C PMIC@50C GPU@29.5C AO@41C thermal@30.25C POM_5V_IN 1934/2076 POM_5V_GPU 82/82 POM_5V_CPU 329/462
RAM 1386/3964MB (lfb 8x4MB) SWAP 779/6078MB (cached 36MB) IRAM 0/252kB(lfb 252kB) CPU [5%@921,9%@921,off,off] EMC_FREQ 0%@1600 GR3D_FREQ 0%@614 APE 25 PLL@30C CPU@31.5C iwlwifi@32C PMIC@50C GPU@30C AO@41C thermal@30.5C POM_5V_IN 1934/2076 POM_5V_GPU 82/82 POM_5V_CPU 370/462
RAM 1390/3964MB (lfb 8x4MB) SWAP 779/6078MB (cached 36MB) IRAM 0/252kB(lfb 252kB) CPU [9%@921,3%@921,off,off] EMC_FREQ 0%@1600 GR3D_FREQ 0%@614 APE 25 PLL@30C CPU@31C iwlwifi@32C PMIC@50C GPU@30C AO@41C thermal@31C POM_5V_IN 1851/2076 POM_5V_GPU 82/82 POM_5V_CPU 288/462
RAM 1386/3964MB (lfb 8x4MB) SWAP 779/6078MB (cached 36MB) IRAM 0/252kB(lfb 252kB) CPU [5%@921,8%@921,off,off] EMC_FREQ 0%@1600 GR3D_FREQ 0%@614 APE 25 PLL@30C CPU@31.5C iwlwifi@32C PMIC@50C GPU@30C AO@41C thermal@30.5C POM_5V_IN 2095/2076 POM_5V_GPU 82/82 POM_5V_CPU 492/462
RAM 1372/3964MB (lfb 8x4MB) SWAP 779/6078MB (cached 36MB) IRAM 0/252kB(lfb 252kB) CPU [7%@921,7%@921,off,off] EMC_FREQ 0%@1600 GR3D_FREQ 0%@614 APE 25 PLL@30C CPU@31C iwlwifi@32C PMIC@50C GPU@29.5C AO@41C thermal@30.75C POM_5V_IN 2051/2076 POM_5V_GPU 82/82 POM_5V_CPU 451/462
RAM 1372/3964MB (lfb 8x4MB) SWAP 779/6078MB (cached 36MB) IRAM 0/252kB(lfb 252kB) CPU [7%@921,7%@921,off,off] EMC_FREQ 0%@1600 GR3D_FREQ 0%@614 APE 25 PLL@29.5C CPU@32C iwlwifi@32C PMIC@50C GPU@30C AO@41C thermal@30.75C POM_5V_IN 2215/2076 POM_5V_GPU 82/82 POM_5V_CPU 574/462
RAM 1372/3964MB (lfb 8x4MB) SWAP 779/6078MB (cached 36MB) IRAM 0/252kB(lfb 252kB) CPU [7%@921,7%@921,off,off] EMC_FREQ 0%@1600 GR3D_FREQ 0%@614 APE 25 PLL@30C CPU@31.5C iwlwifi@32C PMIC@50C GPU@30C AO@41C thermal@30.75C POM_5V_IN 2174/2076 POM_5V_GPU 82/82 POM_5V_CPU 533/462
RAM 1388/3964MB (lfb 8x4MB) SWAP 779/6078MB (cached 36MB) IRAM 0/252kB(lfb 252kB) CPU [4%@921,8%@921,off,off] EMC_FREQ 0%@1600 GR3D_FREQ 0%@614 APE 25 PLL@30C CPU@31.5C iwlwifi@32C PMIC@50C GPU@30C AO@41C thermal@30.5C POM_5V_IN 2174/2076 POM_5V_GPU 82/82 POM_5V_CPU 574/462
RAM 1372/3964MB (lfb 8x4MB) SWAP 779/6078MB (cached 36MB) IRAM 0/252kB(lfb 252kB) CPU [9%@921,6%@921,off,off] EMC_FREQ 0%@1600 GR3D_FREQ 0%@614 APE 25 PLL@30C CPU@31.5C iwlwifi@32C PMIC@50C GPU@30C AO@41C thermal@30.5C POM_5V_IN 2174/2076 POM_5V_GPU 82/82 POM_5V_CPU 574/462
RAM 1386/3964MB (lfb 8x4MB) SWAP 779/6078MB (cached 36MB) IRAM 0/252kB(lfb 252kB) CPU [8%@921,5%@921,off,off] EMC_FREQ 0%@1600 GR3D_FREQ 0%@614 APE 25 PLL@30C CPU@31.5C iwlwifi@32C PMIC@50C GPU@30C AO@40.5C thermal@31C POM_5V_IN 2174/2076 POM_5V_GPU 82/82 POM_5V_CPU 574/462
RAM 1390/3964MB (lfb 8x4MB) SWAP 779/6078MB (cached 36MB) IRAM 0/252kB(lfb 252kB) CPU [8%@921,6%@921,off,off] EMC_FREQ 0%@1600 GR3D_FREQ 0%@614 APE 25 PLL@30C CPU@31.5C iwlwifi@32C PMIC@50C GPU@30C AO@41C thermal@30.75C POM_5V_IN 1892/2076 POM_5V_GPU 82/82 POM_5V_CPU 329/462
RAM 1388/3964MB (lfb 8x4MB) SWAP 779/6078MB (cached 36MB) IRAM 0/252kB(lfb 252kB) CPU [7%@921,6%@921,off,off] EMC_FREQ 0%@1600 GR3D_FREQ 0%@614 APE 25 PLL@29.5C CPU@31.5C iwlwifi@32C PMIC@50C GPU@30C AO@41C thermal@30.5C POM_5V_IN 1934/2076 POM_5V_GPU 82/82 POM_5V_CPU 329/462
RAM 1394/3964MB (lfb 8x4MB) SWAP 779/6078MB (cached 36MB) IRAM 0/252kB(lfb 252kB) CPU [7%@921,7%@921,off,off] EMC_FREQ 0%@1600 GR3D_FREQ 0%@614 APE 25 PLL@29.5C CPU@31.5C iwlwifi@32C PMIC@50C GPU@30C AO@41C thermal@30.75C POM_5V_IN 1892/2076 POM_5V_GPU 82/82 POM_5V_CPU 329/462
RAM 1390/3964MB (lfb 8x4MB) SWAP 779/6078MB (cached 36MB) IRAM 0/252kB(lfb 252kB) CPU [6%@921,7%@921,off,off] EMC_FREQ 0%@1600 GR3D_FREQ 0%@614 APE 25 PLL@29.5C CPU@31.5C iwlwifi@32C PMIC@50C GPU@30C AO@40.5C thermal@30.25C POM_5V_IN 1892/2076 POM_5V_GPU 82/82 POM_5V_CPU 288/462
RAM 1390/3964MB (lfb 8x4MB) SWAP 779/6078MB (cached 36MB) IRAM 0/252kB(lfb 252kB) CPU [8%@921,6%@921,off,off] EMC_FREQ 0%@1600 GR3D_FREQ 0%@614 APE 25 PLL@30C CPU@31.5C iwlwifi@32C PMIC@50C GPU@30C AO@41C thermal@30.5C POM_5V_IN 1934/2076 POM_5V_GPU 82/82 POM_5V_CPU 329/462
RAM 1372/3964MB (lfb 8x4MB) SWAP 779/6078MB (cached 36MB) IRAM 0/252kB(lfb 252kB) CPU [5%@921,8%@921,off,off] EMC_FREQ 0%@1600 GR3D_FREQ 0%@614 APE 25 PLL@29.5C CPU@31.5C iwlwifi@32C PMIC@50C GPU@30C AO@40.5C thermal@30.5C POM_5V_IN 1851/2075 POM_5V_GPU 82/82 POM_5V_CPU 288/462
RAM 1371/3964MB (lfb 8x4MB) SWAP 779/6078MB (cached 36MB) IRAM 0/252kB(lfb 252kB) CPU [8%@921,6%@921,off,off] EMC_FREQ 0%@1600 GR3D_FREQ 0%@614 APE 25 PLL@29.5C CPU@32C iwlwifi@33C PMIC@50C GPU@30C AO@41C thermal@30.75C POM_5V_IN 2256/2076 POM_5V_GPU 82/82 POM_5V_CPU 615/462
RAM 1372/3964MB (lfb 8x4MB) SWAP 779/6078MB (cached 36MB) IRAM 0/252kB(lfb 252kB) CPU [6%@921,8%@921,off,off] EMC_FREQ 0%@1600 GR3D_FREQ 0%@614 APE 25 PLL@30.5C CPU@31.5C iwlwifi@32C PMIC@50C GPU@30C AO@40.5C thermal@30.5C POM_5V_IN 2211/2076 POM_5V_GPU 82/82 POM_5V_CPU 573/462
RAM 1372/3964MB (lfb 8x4MB) SWAP 779/6078MB (cached 36MB) IRAM 0/252kB(lfb 252kB) CPU [5%@921,8%@921,off,off] EMC_FREQ 0%@1600 GR3D_FREQ 0%@614 APE 25 PLL@30C CPU@31.5C iwlwifi@32C PMIC@50C GPU@29.5C AO@40.5C thermal@30.5C POM_5V_IN 2174/2076 POM_5V_GPU 82/82 POM_5V_CPU 574/462
RAM 1386/3964MB (lfb 8x4MB) SWAP 779/6078MB (cached 36MB) IRAM 0/252kB(lfb 252kB) CPU [7%@921,7%@921,off,off] EMC_FREQ 0%@1600 GR3D_FREQ 0%@614 APE 25 PLL@29.5C CPU@31.5C iwlwifi@32C PMIC@50C GPU@29.5C AO@41C thermal@30.5C POM_5V_IN 2293/2076 POM_5V_GPU 81/82 POM_5V_CPU 655/462
RAM 1372/3964MB (lfb 8x4MB) SWAP 779/6078MB (cached 36MB) IRAM 0/252kB(lfb 252kB) CPU [7%@921,7%@921,off,off] EMC_FREQ 0%@1600 GR3D_FREQ 0%@614 APE 25 PLL@30C CPU@31C iwlwifi@32C PMIC@50C GPU@30C AO@41C thermal@30.5C POM_5V_IN 1934/2076 POM_5V_GPU 82/82 POM_5V_CPU 329/462
RAM 1386/3964MB (lfb 8x4MB) SWAP 779/6078MB (cached 36MB) IRAM 0/252kB(lfb 252kB) CPU [8%@921,6%@921,off,off] EMC_FREQ 0%@1600 GR3D_FREQ 0%@614 APE 25 PLL@30C CPU@31C iwlwifi@32C PMIC@50C GPU@30C AO@41C thermal@30.75C POM_5V_IN 2215/2076 POM_5V_GPU 82/82 POM_5V_CPU 574/462
RAM 1386/3964MB (lfb 8x4MB) SWAP 779/6078MB (cached 36MB) IRAM 0/252kB(lfb 252kB) CPU [7%@921,6%@921,off,off] EMC_FREQ 0%@1600 GR3D_FREQ 0%@614 APE 25 PLL@29.5C CPU@31.5C iwlwifi@32C PMIC@50C GPU@29.5C AO@40.5C thermal@30.5C POM_5V_IN 1934/2076 POM_5V_GPU 82/82 POM_5V_CPU 329/462
RAM 1388/3964MB (lfb 8x4MB) SWAP 779/6078MB (cached 36MB) IRAM 0/252kB(lfb 252kB) CPU [8%@921,6%@921,off,off] EMC_FREQ 0%@1600 GR3D_FREQ 0%@614 APE 25 PLL@29.5C CPU@31.5C iwlwifi@32C PMIC@50C GPU@29.5C AO@41C thermal@30.5C POM_5V_IN 1934/2076 POM_5V_GPU 82/82 POM_5V_CPU 370/462
RAM 1388/3964MB (lfb 8x4MB) SWAP 779/6078MB (cached 36MB) IRAM 0/252kB(lfb 252kB) CPU [7%@921,6%@921,off,off] EMC_FREQ 0%@1600 GR3D_FREQ 0%@614 APE 25 PLL@30C CPU@31.5C iwlwifi@32C PMIC@50C GPU@30C AO@40.5C thermal@30.5C POM_5V_IN 1934/2076 POM_5V_GPU 82/82 POM_5V_CPU 329/462
RAM 1386/3964MB (lfb 8x4MB) SWAP 779/6078MB (cached 36MB) IRAM 0/252kB(lfb 252kB) CPU [5%@921,8%@921,off,off] EMC_FREQ 0%@1600 GR3D_FREQ 0%@614 APE 25 PLL@29.5C CPU@31C iwlwifi@32C PMIC@50C GPU@29.5C AO@41C thermal@30.25C POM_5V_IN 1810/2075 POM_5V_GPU 82/82 POM_5V_CPU 246/462
RAM 1386/3964MB (lfb 8x4MB) SWAP 779/6078MB (cached 36MB) IRAM 0/252kB(lfb 252kB) CPU [7%@921,6%@921,off,off] EMC_FREQ 0%@1600 GR3D_FREQ 0%@614 APE 25 PLL@29.5C CPU@31.5C iwlwifi@32C PMIC@50C GPU@29.5C AO@40.5C thermal@30.25C POM_5V_IN 2054/2075 POM_5V_GPU 82/82 POM_5V_CPU 451/462
RAM 1388/3964MB (lfb 8x4MB) SWAP 779/6078MB (cached 36MB) IRAM 0/252kB(lfb 252kB) CPU [6%@921,8%@921,off,off] EMC_FREQ 0%@1600 GR3D_FREQ 0%@614 APE 25 PLL@30C CPU@31.5C iwlwifi@32C PMIC@50C GPU@30C AO@40.5C thermal@30.25C POM_5V_IN 2297/2076 POM_5V_GPU 82/82 POM_5V_CPU 614/462
RAM 1372/3964MB (lfb 8x4MB) SWAP 779/6078MB (cached 36MB) IRAM 0/252kB(lfb 252kB) CPU [7%@921,7%@921,off,off] EMC_FREQ 0%@1600 GR3D_FREQ 0%@614 APE 25 PLL@30C CPU@31.5C iwlwifi@32C PMIC@50C GPU@29.5C AO@41C thermal@30.5C POM_5V_IN 2297/2076 POM_5V_GPU 82/82 POM_5V_CPU 614/462
RAM 1372/3964MB (lfb 8x4MB) SWAP 779/6078MB (cached 36MB) IRAM 0/252kB(lfb 252kB) CPU [9%@921,5%@921,off,off] EMC_FREQ 0%@1600 GR3D_FREQ 0%@614 APE 25 PLL@30C CPU@31.5C iwlwifi@32C PMIC@50C GPU@29.5C AO@40.5C thermal@30.5C POM_5V_IN 2215/2076 POM_5V_GPU 82/82 POM_5V_CPU 574/462
RAM 1372/3964MB (lfb 8x4MB) SWAP 779/6078MB (cached 36MB) IRAM 0/252kB(lfb 252kB) CPU [4%@921,9%@921,off,off] EMC_FREQ 0%@1600 GR3D_FREQ 0%@614 APE 25 PLL@29.5C CPU@31.5C iwlwifi@32C PMIC@50C GPU@29.5C AO@40.5C thermal@30.75C POM_5V_IN 2215/2076 POM_5V_GPU 82/82 POM_5V_CPU 574/462
RAM 1372/3964MB (lfb 8x4MB) SWAP 779/6078MB (cached 36MB) IRAM 0/252kB(lfb 252kB) CPU [8%@921,6%@921,off,off] EMC_FREQ 0%@1600 GR3D_FREQ 0%@614 APE 25 PLL@29.5C CPU@32C iwlwifi@32C PMIC@50C GPU@29.5C AO@40.5C thermal@30.5C POM_5V_IN 2174/2076 POM_5V_GPU 82/82 POM_5V_CPU 574/462
RAM 1372/3964MB (lfb 8x4MB) SWAP 779/6078MB (cached 36MB) IRAM 0/252kB(lfb 252kB) CPU [6%@921,8%@921,off,off] EMC_FREQ 0%@1600 GR3D_FREQ 0%@614 APE 25 PLL@29.5C CPU@31.5C iwlwifi@32C PMIC@50C GPU@29.5C AO@40.5C thermal@31C POM_5V_IN 2174/2076 POM_5V_GPU 82/82 POM_5V_CPU 574/462
RAM 1372/3964MB (lfb 8x4MB) SWAP 779/6078MB (cached 36MB) IRAM 0/252kB(lfb 252kB) CPU [7%@921,6%@921,off,off] EMC_FREQ 0%@1600 GR3D_FREQ 0%@614 APE 25 PLL@30C CPU@31.5C iwlwifi@32C PMIC@50C GPU@29.5C AO@40.5C thermal@30.75C POM_5V_IN 2174/2076 POM_5V_GPU 82/82 POM_5V_CPU 533/462
RAM 1372/3964MB (lfb 8x4MB) SWAP 779/6078MB (cached 36MB) IRAM 0/252kB(lfb 252kB) CPU [7%@921,8%@921,off,off] EMC_FREQ 0%@1600 GR3D_FREQ 0%@614 APE 25 PLL@29.5C CPU@31.5C iwlwifi@32C PMIC@50C GPU@29.5C AO@40.5C thermal@30.75C POM_5V_IN 1689/2076 POM_5V_GPU 82/82 POM_5V_CPU 164/462
RAM 1386/3964MB (lfb 8x4MB) SWAP 779/6078MB (cached 36MB) IRAM 0/252kB(lfb 252kB) CPU [7%@921,6%@921,off,off] EMC_FREQ 0%@1600 GR3D_FREQ 0%@614 APE 25 PLL@30C CPU@32C iwlwifi@32C PMIC@50C GPU@29.5C AO@40.5C thermal@30.25C POM_5V_IN 2174/2076 POM_5V_GPU 82/82 POM_5V_CPU 574/462
RAM 1372/3964MB (lfb 8x4MB) SWAP 779/6078MB (cached 36MB) IRAM 0/252kB(lfb 252kB) CPU [8%@921,7%@921,off,off] EMC_FREQ 0%@1600 GR3D_FREQ 0%@614 APE 25 PLL@30C CPU@31.5C iwlwifi@32C PMIC@50C GPU@29.5C AO@41C thermal@30.5C POM_5V_IN 1934/2076 POM_5V_GPU 82/82 POM_5V_CPU 329/462
RAM 1390/3964MB (lfb 8x4MB) SWAP 779/6078MB (cached 36MB) IRAM 0/252kB(lfb 252kB) CPU [8%@921,4%@921,off,off] EMC_FREQ 0%@1600 GR3D_FREQ 0%@614 APE 25 PLL@30C CPU@31.5C iwlwifi@32C PMIC@50C GPU@30C AO@40.5C thermal@30.5C POM_5V_IN 2174/2076 POM_5V_GPU 82/82 POM_5V_CPU 533/462
RAM 1388/3964MB (lfb 8x4MB) SWAP 779/6078MB (cached 36MB) IRAM 0/252kB(lfb 252kB) CPU [7%@921,7%@921,off,off] EMC_FREQ 0%@1600 GR3D_FREQ 0%@614 APE 25 PLL@29.5C CPU@31.5C iwlwifi@32C PMIC@50C GPU@30C AO@40.5C thermal@30.5C POM_5V_IN 2095/2076 POM_5V_GPU 82/82 POM_5V_CPU 451/462
RAM 1388/3964MB (lfb 8x4MB) SWAP 779/6078MB (cached 36MB) IRAM 0/252kB(lfb 252kB) CPU [5%@921,7%@921,off,off] EMC_FREQ 0%@1600 GR3D_FREQ 0%@614 APE 25 PLL@29.5C CPU@31.5C iwlwifi@32C PMIC@50C GPU@30C AO@40.5C thermal@30.75C POM_5V_IN 1934/2076 POM_5V_GPU 82/82 POM_5V_CPU 329/462
RAM 1386/3964MB (lfb 8x4MB) SWAP 779/6078MB (cached 36MB) IRAM 0/252kB(lfb 252kB) CPU [5%@921,8%@921,off,off] EMC_FREQ 0%@1600 GR3D_FREQ 0%@614 APE 25 PLL@29C CPU@31.5C iwlwifi@32C PMIC@50C GPU@30C AO@40.5C thermal@30.5C POM_5V_IN 1892/2076 POM_5V_GPU 82/82 POM_5V_CPU 288/462
RAM 1390/3964MB (lfb 8x4MB) SWAP 779/6078MB (cached 36MB) IRAM 0/252kB(lfb 252kB) CPU [7%@921,10%@921,off,off] EMC_FREQ 0%@1600 GR3D_FREQ 0%@614 APE 25 PLL@30C CPU@32C iwlwifi@32C PMIC@50C GPU@29.5C AO@41C thermal@30.25C POM_5V_IN 2133/2076 POM_5V_GPU 82/82 POM_5V_CPU 533/462
RAM 1372/3964MB (lfb 8x4MB) SWAP 779/6078MB (cached 36MB) IRAM 0/252kB(lfb 252kB) CPU [6%@921,10%@921,off,off] EMC_FREQ 0%@1600 GR3D_FREQ 0%@614 APE 25 PLL@30C CPU@31.5C iwlwifi@32C PMIC@50C GPU@29.5C AO@41C thermal@30.5C POM_5V_IN 2174/2076 POM_5V_GPU 82/82 POM_5V_CPU 533/462
RAM 1372/3964MB (lfb 8x4MB) SWAP 779/6078MB (cached 36MB) IRAM 0/252kB(lfb 252kB) CPU [8%@921,5%@921,off,off] EMC_FREQ 0%@1600 GR3D_FREQ 0%@614 APE 25 PLL@29.5C CPU@31C iwlwifi@32C PMIC@50C GPU@29.5C AO@40.5C thermal@30.5C POM_5V_IN 2256/2076 POM_5V_GPU 82/82 POM_5V_CPU 614/462
RAM 1372/3964MB (lfb 8x4MB) SWAP 779/6078MB (cached 36MB) IRAM 0/252kB(lfb 252kB) CPU [7%@921,7%@921,off,off] EMC_FREQ 0%@1600 GR3D_FREQ 0%@614 APE 25 PLL@30C CPU@31C iwlwifi@32C PMIC@50C GPU@30C AO@40.5C thermal@30.25C POM_5V_IN 2174/2076 POM_5V_GPU 82/82 POM_5V_CPU 574/462
RAM 1388/3964MB (lfb 8x4MB) SWAP 779/6078MB (cached 36MB) IRAM 0/252kB(lfb 252kB) CPU [6%@921,6%@921,off,off] EMC_FREQ 0%@1600 GR3D_FREQ 0%@614 APE 25 PLL@30C CPU@31.5C iwlwifi@32C PMIC@50C GPU@29.5C AO@40.5C thermal@30.5C POM_5V_IN 2174/2076 POM_5V_GPU 82/82 POM_5V_CPU 574/462
RAM 1372/3964MB (lfb 8x4MB) SWAP 779/6078MB (cached 36MB) IRAM 0/252kB(lfb 252kB) CPU [9%@921,5%@921,off,off] EMC_FREQ 0%@1600 GR3D_FREQ 0%@614 APE 25 PLL@29.5C CPU@31.5C iwlwifi@32C PMIC@50C GPU@29.5C AO@40.5C thermal@30.5C POM_5V_IN 1892/2076 POM_5V_GPU 82/82 POM_5V_CPU 329/462
RAM 1389/3964MB (lfb 8x4MB) SWAP 779/6078MB (cached 36MB) IRAM 0/252kB(lfb 252kB) CPU [7%@921,7%@921,off,off] EMC_FREQ 0%@1600 GR3D_FREQ 0%@614 APE 25 PLL@29.5C CPU@32C iwlwifi@32C PMIC@50C GPU@29.5C AO@40.5C thermal@30.5C POM_5V_IN 2133/2076 POM_5V_GPU 82/82 POM_5V_CPU 574/462
RAM 1372/3964MB (lfb 8x4MB) SWAP 779/6078MB (cached 36MB) IRAM 0/252kB(lfb 252kB) CPU [9%@921,5%@921,off,off] EMC_FREQ 0%@1600 GR3D_FREQ 0%@614 APE 25 PLL@29.5C CPU@31C iwlwifi@32C PMIC@50C GPU@29.5C AO@41C thermal@30.5C POM_5V_IN 1934/2076 POM_5V_GPU 82/82 POM_5V_CPU 329/462
RAM 1388/3964MB (lfb 8x4MB) SWAP 779/6078MB (cached 36MB) IRAM 0/252kB(lfb 252kB) CPU [9%@921,4%@921,off,off] EMC_FREQ 0%@1600 GR3D_FREQ 0%@614 APE 25 PLL@30C CPU@31.5C iwlwifi@32C PMIC@50C GPU@29.5C AO@41C thermal@30.5C POM_5V_IN 2174/2076 POM_5V_GPU 82/82 POM_5V_CPU 574/462
RAM 1371/3964MB (lfb 8x4MB) SWAP 779/6078MB (cached 36MB) IRAM 0/252kB(lfb 252kB) CPU [10%@921,4%@921,off,off] EMC_FREQ 0%@1600 GR3D_FREQ 0%@614 APE 25 PLL@30C CPU@31.5C iwlwifi@32C PMIC@50C GPU@29.5C AO@41C thermal@30.25C POM_5V_IN 2174/2076 POM_5V_GPU 82/82 POM_5V_CPU 533/462
RAM 1390/3964MB (lfb 8x4MB) SWAP 779/6078MB (cached 36MB) IRAM 0/252kB(lfb 252kB) CPU [6%@921,7%@921,off,off] EMC_FREQ 0%@1600 GR3D_FREQ 0%@614 APE 25 PLL@30C CPU@31C iwlwifi@32C PMIC@50C GPU@29.5C AO@40.5C thermal@30.5C POM_5V_IN 2170/2076 POM_5V_GPU 81/82 POM_5V_CPU 573/462
RAM 1372/3964MB (lfb 8x4MB) SWAP 779/6078MB (cached 36MB) IRAM 0/252kB(lfb 252kB) CPU [6%@921,8%@921,off,off] EMC_FREQ 0%@1600 GR3D_FREQ 0%@614 APE 25 PLL@29.5C CPU@31.5C iwlwifi@32C PMIC@50C GPU@30C AO@41C thermal@30.5C POM_5V_IN 1934/2076 POM_5V_GPU 82/82 POM_5V_CPU 329/462
RAM 1390/3964MB (lfb 8x4MB) SWAP 779/6078MB (cached 36MB) IRAM 0/252kB(lfb 252kB) CPU [8%@921,6%@921,off,off] EMC_FREQ 0%@1600 GR3D_FREQ 0%@614 APE 25 PLL@30C CPU@31.5C iwlwifi@32C PMIC@50C GPU@30C AO@40.5C thermal@30.75C POM_5V_IN 2174/2076 POM_5V_GPU 82/82 POM_5V_CPU 533/462
RAM 1372/3964MB (lfb 8x4MB) SWAP 779/6078MB (cached 36MB) IRAM 0/252kB(lfb 252kB) CPU [6%@921,8%@921,off,off] EMC_FREQ 0%@1600 GR3D_FREQ 0%@614 APE 25 PLL@29.5C CPU@31.5C iwlwifi@32C PMIC@50C GPU@30C AO@41C thermal@30.5C POM_5V_IN 1934/2076 POM_5V_GPU 82/82 POM_5V_CPU 329/462
RAM 1386/3964MB (lfb 8x4MB) SWAP 779/6078MB (cached 36MB) IRAM 0/252kB(lfb 252kB) CPU [8%@921,5%@921,off,off] EMC_FREQ 0%@1600 GR3D_FREQ 0%@614 APE 25 PLL@29.5C CPU@31.5C iwlwifi@32C PMIC@50C GPU@29.5C AO@41C thermal@30.5C POM_5V_IN 2215/2076 POM_5V_GPU 82/82 POM_5V_CPU 574/462
RAM 1372/3964MB (lfb 8x4MB) SWAP 779/6078MB (cached 36MB) IRAM 0/252kB(lfb 252kB) CPU [4%@921,9%@921,off,off] EMC_FREQ 0%@1600 GR3D_FREQ 0%@614 APE 25 PLL@29.5C CPU@31.5C iwlwifi@32C PMIC@50C GPU@29.5C AO@41C thermal@30.25C POM_5V_IN 1892/2076 POM_5V_GPU 82/82 POM_5V_CPU 329/462
RAM 1390/3964MB (lfb 8x4MB) SWAP 779/6078MB (cached 36MB) IRAM 0/252kB(lfb 252kB) CPU [9%@921,5%@921,off,off] EMC_FREQ 0%@1600 GR3D_FREQ 0%@614 APE 25 PLL@29.5C CPU@31.5C iwlwifi@32C PMIC@50C GPU@30C AO@41C thermal@30.5C POM_5V_IN 2174/2076 POM_5V_GPU 82/82 POM_5V_CPU 533/462
RAM 1386/3964MB (lfb 8x4MB) SWAP 779/6078MB (cached 36MB) IRAM 0/252kB(lfb 252kB) CPU [6%@921,7%@921,off,off] EMC_FREQ 0%@1600 GR3D_FREQ 0%@614 APE 25 PLL@29.5C CPU@31C iwlwifi@32C PMIC@50C GPU@29.5C AO@41C thermal@30.5C POM_5V_IN 1892/2076 POM_5V_GPU 82/82 POM_5V_CPU 288/462
RAM 1386/3964MB (lfb 8x4MB) SWAP 779/6078MB (cached 36MB) IRAM 0/252kB(lfb 252kB) CPU [5%@921,9%@921,off,off] EMC_FREQ 0%@1600 GR3D_FREQ 0%@614 APE 25 PLL@29.5C CPU@31.5C iwlwifi@32C PMIC@50C GPU@30C AO@41C thermal@30.5C POM_5V_IN 2133/2076 POM_5V_GPU 82/82 POM_5V_CPU 533/462
RAM 1388/3964MB (lfb 8x4MB) SWAP 779/6078MB (cached 36MB) IRAM 0/252kB(lfb 252kB) CPU [5%@921,7%@921,off,off] EMC_FREQ 0%@1600 GR3D_FREQ 0%@614 APE 25 PLL@30C CPU@31.5C iwlwifi@32C PMIC@50C GPU@29.5C AO@41C thermal@30.75C POM_5V_IN 1892/2076 POM_5V_GPU 82/82 POM_5V_CPU 288/462
RAM 1372/3964MB (lfb 8x4MB) SWAP 779/6078MB (cached 36MB) IRAM 0/252kB(lfb 252kB) CPU [8%@921,6%@921,off,off] EMC_FREQ 0%@1600 GR3D_FREQ 0%@614 APE 25 PLL@29.5C CPU@31.5C iwlwifi@32C PMIC@50C GPU@30C AO@41C thermal@30.5C POM_5V_IN 2095/2076 POM_5V_GPU 82/82 POM_5V_CPU 451/462
RAM 1372/3964MB (lfb 8x4MB) SWAP 779/6078MB (cached 36MB) IRAM 0/252kB(lfb 252kB) CPU [4%@921,8%@921,off,off] EMC_FREQ 0%@1600 GR3D_FREQ 0%@614 APE 25 PLL@30C CPU@32C iwlwifi@32C PMIC@50C GPU@30C AO@41C thermal@30.5C POM_5V_IN 2215/2076 POM_5V_GPU 82/82 POM_5V_CPU 574/462
RAM 1372/3964MB (lfb 8x4MB) SWAP 779/6078MB (cached 36MB) IRAM 0/252kB(lfb 252kB) CPU [7%@921,6%@921,off,off] EMC_FREQ 0%@1600 GR3D_FREQ 0%@614 APE 25 PLL@29.5C CPU@31.5C iwlwifi@32C PMIC@50C GPU@29.5C AO@41C thermal@30.25C POM_5V_IN 2174/2076 POM_5V_GPU 82/82 POM_5V_CPU 574/462
RAM 1372/3964MB (lfb 8x4MB) SWAP 779/6078MB (cached 36MB) IRAM 0/252kB(lfb 252kB) CPU [7%@921,6%@921,off,off] EMC_FREQ 0%@1600 GR3D_FREQ 0%@614 APE 25 PLL@29.5C CPU@31.5C iwlwifi@32C PMIC@50C GPU@29.5C AO@41C thermal@30.75C POM_5V_IN 2215/2076 POM_5V_GPU 82/82 POM_5V_CPU 615/462
RAM 1372/3964MB (lfb 8x4MB) SWAP 779/6078MB (cached 36MB) IRAM 0/252kB(lfb 252kB) CPU [7%@921,6%@921,off,off] EMC_FREQ 0%@1600 GR3D_FREQ 0%@614 APE 25 PLL@29.5C CPU@31C iwlwifi@33C PMIC@50C GPU@30C AO@41C thermal@30.25C POM_5V_IN 2215/2076 POM_5V_GPU 82/82 POM_5V_CPU 574/462
RAM 1372/3964MB (lfb 8x4MB) SWAP 779/6078MB (cached 36MB) IRAM 0/252kB(lfb 252kB) CPU [7%@921,8%@921,off,off] EMC_FREQ 0%@1600 GR3D_FREQ 0%@614 APE 25 PLL@30C CPU@31.5C iwlwifi@32C PMIC@50C GPU@29.5C AO@41C thermal@30.75C POM_5V_IN 2215/2076 POM_5V_GPU 82/82 POM_5V_CPU 574/463
RAM 1372/3964MB (lfb 8x4MB) SWAP 779/6078MB (cached 36MB) IRAM 0/252kB(lfb 252kB) CPU [6%@921,7%@921,off,off] EMC_FREQ 0%@1600 GR3D_FREQ 0%@614 APE 25 PLL@29.5C CPU@31.5C iwlwifi@32C PMIC@50C GPU@30C AO@40.5C thermal@30.75C POM_5V_IN 2174/2076 POM_5V_GPU 82/82 POM_5V_CPU 533/463
RAM 1386/3964MB (lfb 8x4MB) SWAP 779/6078MB (cached 36MB) IRAM 0/252kB(lfb 252kB) CPU [6%@921,7%@921,off,off] EMC_FREQ 0%@1600 GR3D_FREQ 0%@614 APE 25 PLL@29.5C CPU@31.5C iwlwifi@32C PMIC@50C GPU@30C AO@41C thermal@30.75C POM_5V_IN 2174/2076 POM_5V_GPU 82/82 POM_5V_CPU 533/463
RAM 1371/3964MB (lfb 8x4MB) SWAP 779/6078MB (cached 36MB) IRAM 0/252kB(lfb 252kB) CPU [9%@921,5%@921,off,off] EMC_FREQ 0%@1600 GR3D_FREQ 0%@614 APE 25 PLL@30C CPU@31.5C iwlwifi@32C PMIC@50C GPU@30C AO@41C thermal@30.75C POM_5V_IN 1934/2076 POM_5V_GPU 82/82 POM_5V_CPU 329/463
RAM 1389/3964MB (lfb 8x4MB) SWAP 779/6078MB (cached 36MB) IRAM 0/252kB(lfb 252kB) CPU [6%@921,6%@921,off,off] EMC_FREQ 0%@1600 GR3D_FREQ 0%@614 APE 25 PLL@30C CPU@31.5C iwlwifi@32C PMIC@50C GPU@30C AO@40.5C thermal@30.75C POM_5V_IN 2174/2076 POM_5V_GPU 82/82 POM_5V_CPU 574/463
RAM 1372/3964MB (lfb 8x4MB) SWAP 779/6078MB (cached 36MB) IRAM 0/252kB(lfb 252kB) CPU [6%@921,8%@921,off,off] EMC_FREQ 0%@1600 GR3D_FREQ 0%@614 APE 25 PLL@29.5C CPU@31.5C iwlwifi@32C PMIC@50C GPU@30C AO@41C thermal@30.75C POM_5V_IN 2174/2076 POM_5V_GPU 82/82 POM_5V_CPU 574/463
RAM 1388/3964MB (lfb 8x4MB) SWAP 779/6078MB (cached 36MB) IRAM 0/252kB(lfb 252kB) CPU [4%@921,8%@921,off,off] EMC_FREQ 0%@1600 GR3D_FREQ 0%@614 APE 25 PLL@30C CPU@31.5C iwlwifi@32C PMIC@50C GPU@29.5C AO@40.5C thermal@30.75C POM_5V_IN 2215/2077 POM_5V_GPU 82/82 POM_5V_CPU 574/463
RAM 1372/3964MB (lfb 8x4MB) SWAP 779/6078MB (cached 36MB) IRAM 0/252kB(lfb 252kB) CPU [7%@921,7%@921,off,off] EMC_FREQ 0%@1600 GR3D_FREQ 0%@614 APE 25 PLL@29.5C CPU@32C iwlwifi@32C PMIC@50C GPU@30C AO@40.5C thermal@30.75C POM_5V_IN 2174/2077 POM_5V_GPU 82/82 POM_5V_CPU 533/463
RAM 1386/3964MB (lfb 8x4MB) SWAP 779/6078MB (cached 36MB) IRAM 0/252kB(lfb 252kB) CPU [5%@921,8%@921,off,off] EMC_FREQ 0%@1600 GR3D_FREQ 0%@614 APE 25 PLL@30C CPU@31.5C iwlwifi@32C PMIC@50C GPU@30C AO@40.5C thermal@30.75C POM_5V_IN 2174/2077 POM_5V_GPU 82/82 POM_5V_CPU 574/463
RAM 1388/3964MB (lfb 8x4MB) SWAP 779/6078MB (cached 36MB) IRAM 0/252kB(lfb 252kB) CPU [7%@921,7%@921,off,off] EMC_FREQ 0%@1600 GR3D_FREQ 0%@614 APE 25 PLL@30C CPU@31.5C iwlwifi@32C PMIC@50C GPU@30C AO@40.5C thermal@30.5C POM_5V_IN 1892/2077 POM_5V_GPU 82/82 POM_5V_CPU 329/463
RAM 1391/3964MB (lfb 8x4MB) SWAP 779/6078MB (cached 36MB) IRAM 0/252kB(lfb 252kB) CPU [4%@921,9%@921,off,off] EMC_FREQ 0%@1600 GR3D_FREQ 0%@614 APE 25 PLL@29.5C CPU@31.5C iwlwifi@32C PMIC@50C GPU@30C AO@41C thermal@30.5C POM_5V_IN 1934/2076 POM_5V_GPU 82/82 POM_5V_CPU 329/463
RAM 1390/3964MB (lfb 8x4MB) SWAP 779/6078MB (cached 36MB) IRAM 0/252kB(lfb 252kB) CPU [7%@921,6%@921,off,off] EMC_FREQ 0%@1600 GR3D_FREQ 0%@614 APE 25 PLL@29.5C CPU@31.5C iwlwifi@32C PMIC@50C GPU@30C AO@41C thermal@30.75C POM_5V_IN 2013/2076 POM_5V_GPU 82/82 POM_5V_CPU 410/463
RAM 1386/3964MB (lfb 8x4MB) SWAP 779/6078MB (cached 36MB) IRAM 0/252kB(lfb 252kB) CPU [6%@921,8%@921,off,off] EMC_FREQ 0%@1600 GR3D_FREQ 0%@614 APE 25 PLL@30C CPU@31.5C iwlwifi@32C PMIC@50C GPU@29.5C AO@41C thermal@30.5C POM_5V_IN 1934/2076 POM_5V_GPU 82/82 POM_5V_CPU 329/463
RAM 1384/3964MB (lfb 8x4MB) SWAP 779/6078MB (cached 36MB) IRAM 0/252kB(lfb 252kB) CPU [6%@921,8%@921,off,off] EMC_FREQ 0%@1600 GR3D_FREQ 0%@614 APE 25 PLL@30C CPU@31.5C iwlwifi@32C PMIC@50C GPU@29.5C AO@41C thermal@30.5C POM_5V_IN 2133/2076 POM_5V_GPU 82/82 POM_5V_CPU 492/463
RAM 1372/3964MB (lfb 8x4MB) SWAP 779/6078MB (cached 36MB) IRAM 0/252kB(lfb 252kB) CPU [5%@921,8%@921,off,off] EMC_FREQ 0%@1600 GR3D_FREQ 0%@614 APE 25 PLL@30C CPU@31.5C iwlwifi@32C PMIC@50C GPU@29.5C AO@41C thermal@30.5C POM_5V_IN 2256/2076 POM_5V_GPU 82/82 POM_5V_CPU 615/463
RAM 1372/3964MB (lfb 8x4MB) SWAP 779/6078MB (cached 36MB) IRAM 0/252kB(lfb 252kB) CPU [7%@921,6%@921,off,off] EMC_FREQ 0%@1600 GR3D_FREQ 0%@614 APE 25 PLL@30C CPU@31C iwlwifi@32C PMIC@50C GPU@29.5C AO@41C thermal@30.75C POM_5V_IN 2174/2077 POM_5V_GPU 82/82 POM_5V_CPU 533/463
RAM 1372/3964MB (lfb 8x4MB) SWAP 779/6078MB (cached 36MB) IRAM 0/252kB(lfb 252kB) CPU [7%@921,5%@921,off,off] EMC_FREQ 0%@1600 GR3D_FREQ 0%@614 APE 25 PLL@29.5C CPU@31C iwlwifi@32C PMIC@50C GPU@29.5C AO@40.5C thermal@30.25C POM_5V_IN 2215/2077 POM_5V_GPU 82/82 POM_5V_CPU 574/463
RAM 1388/3964MB (lfb 8x4MB) SWAP 779/6078MB (cached 36MB) IRAM 0/252kB(lfb 252kB) CPU [5%@921,8%@921,off,off] EMC_FREQ 0%@1600 GR3D_FREQ 0%@614 APE 25 PLL@30C CPU@31.5C iwlwifi@32C PMIC@50C GPU@30C AO@40.5C thermal@30.5C POM_5V_IN 2174/2077 POM_5V_GPU 82/82 POM_5V_CPU 574/463
RAM 1372/3964MB (lfb 8x4MB) SWAP 779/6078MB (cached 36MB) IRAM 0/252kB(lfb 252kB) CPU [8%@921,6%@921,off,off] EMC_FREQ 0%@1600 GR3D_FREQ 0%@614 APE 25 PLL@29.5C CPU@31C iwlwifi@32C PMIC@50C GPU@29.5C AO@41C thermal@30.25C POM_5V_IN 1892/2077 POM_5V_GPU 82/82 POM_5V_CPU 288/463
RAM 1390/3964MB (lfb 8x4MB) SWAP 779/6078MB (cached 36MB) IRAM 0/252kB(lfb 252kB) CPU [6%@921,8%@921,off,off] EMC_FREQ 0%@1600 GR3D_FREQ 0%@614 APE 25 PLL@29.5C CPU@31.5C iwlwifi@32C PMIC@50C GPU@30C AO@41C thermal@30.25C POM_5V_IN 2174/2077 POM_5V_GPU 82/82 POM_5V_CPU 533/463
RAM 1386/3964MB (lfb 8x4MB) SWAP 779/6078MB (cached 36MB) IRAM 0/252kB(lfb 252kB) CPU [7%@921,6%@921,off,off] EMC_FREQ 0%@1600 GR3D_FREQ 0%@614 APE 25 PLL@30C CPU@31C iwlwifi@32C PMIC@50C GPU@30C AO@41C thermal@30.75C POM_5V_IN 1772/2076 POM_5V_GPU 82/82 POM_5V_CPU 206/463
RAM 1392/3964MB (lfb 8x4MB) SWAP 779/6078MB (cached 36MB) IRAM 0/252kB(lfb 252kB) CPU [6%@921,8%@921,off,off] EMC_FREQ 0%@1600 GR3D_FREQ 0%@614 APE 25 PLL@30C CPU@31.5C iwlwifi@32C PMIC@50C GPU@30C AO@41C thermal@30.5C POM_5V_IN 1934/2076 POM_5V_GPU 82/82 POM_5V_CPU 329/463
RAM 1391/3964MB (lfb 8x4MB) SWAP 779/6078MB (cached 36MB) IRAM 0/252kB(lfb 252kB) CPU [10%@921,3%@921,off,off] EMC_FREQ 0%@1600 GR3D_FREQ 0%@614 APE 25 PLL@30C CPU@31.5C iwlwifi@32C PMIC@50C GPU@29.5C AO@41.5C thermal@30.5C POM_5V_IN 1810/2076 POM_5V_GPU 82/82 POM_5V_CPU 246/462
RAM 1391/3964MB (lfb 8x4MB) SWAP 779/6078MB (cached 36MB) IRAM 0/252kB(lfb 252kB) CPU [8%@921,6%@921,off,off] EMC_FREQ 0%@1600 GR3D_FREQ 0%@614 APE 25 PLL@29.5C CPU@31C iwlwifi@32C PMIC@50C GPU@30C AO@41C thermal@30.25C POM_5V_IN 1934/2076 POM_5V_GPU 82/82 POM_5V_CPU 329/462
RAM 1391/3964MB (lfb 8x4MB) SWAP 779/6078MB (cached 36MB) IRAM 0/252kB(lfb 252kB) CPU [7%@921,7%@921,off,off] EMC_FREQ 0%@1600 GR3D_FREQ 0%@614 APE 25 PLL@29.5C CPU@31.5C iwlwifi@32C PMIC@50C GPU@29.5C AO@40.5C thermal@30.75C POM_5V_IN 1892/2076 POM_5V_GPU 82/82 POM_5V_CPU 329/462
RAM 1389/3964MB (lfb 8x4MB) SWAP 779/6078MB (cached 36MB) IRAM 0/252kB(lfb 252kB) CPU [6%@921,7%@921,off,off] EMC_FREQ 0%@1600 GR3D_FREQ 0%@614 APE 25 PLL@29.5C CPU@31.5C iwlwifi@32C PMIC@50C GPU@30C AO@41C thermal@30.5C POM_5V_IN 1934/2076 POM_5V_GPU 82/82 POM_5V_CPU 369/462
RAM 1372/3964MB (lfb 8x4MB) SWAP 779/6078MB (cached 36MB) IRAM 0/252kB(lfb 252kB) CPU [6%@921,8%@921,off,off] EMC_FREQ 0%@1600 GR3D_FREQ 0%@614 APE 25 PLL@30C CPU@31.5C iwlwifi@32C PMIC@50C GPU@30C AO@41C thermal@30.75C POM_5V_IN 2256/2076 POM_5V_GPU 82/82 POM_5V_CPU 615/462
RAM 1372/3964MB (lfb 8x4MB) SWAP 779/6078MB (cached 36MB) IRAM 0/252kB(lfb 252kB) CPU [11%@921,4%@921,off,off] EMC_FREQ 0%@1600 GR3D_FREQ 0%@614 APE 25 PLL@29.5C CPU@31.5C iwlwifi@32C PMIC@50C GPU@29.5C AO@41.5C thermal@30.5C POM_5V_IN 2174/2076 POM_5V_GPU 82/82 POM_5V_CPU 574/462
RAM 1390/3964MB (lfb 8x4MB) SWAP 779/6078MB (cached 36MB) IRAM 0/252kB(lfb 252kB) CPU [7%@921,6%@921,off,off] EMC_FREQ 0%@1600 GR3D_FREQ 0%@614 APE 25 PLL@30C CPU@31.5C iwlwifi@32C PMIC@50C GPU@30C AO@41C thermal@30.5C POM_5V_IN 2174/2076 POM_5V_GPU 82/82 POM_5V_CPU 533/462
RAM 1372/3964MB (lfb 8x4MB) SWAP 779/6078MB (cached 36MB) IRAM 0/252kB(lfb 252kB) CPU [7%@921,7%@921,off,off] EMC_FREQ 0%@1600 GR3D_FREQ 0%@614 APE 25 PLL@29.5C CPU@31.5C iwlwifi@32C PMIC@50C GPU@29.5C AO@41.5C thermal@30.75C POM_5V_IN 1892/2076 POM_5V_GPU 82/82 POM_5V_CPU 288/462
RAM 1391/3964MB (lfb 8x4MB) SWAP 779/6078MB (cached 36MB) IRAM 0/252kB(lfb 252kB) CPU [5%@921,7%@921,off,off] EMC_FREQ 0%@1600 GR3D_FREQ 0%@614 APE 25 PLL@30C CPU@31.5C iwlwifi@32C PMIC@50C GPU@29.5C AO@41C thermal@30.5C POM_5V_IN 2174/2076 POM_5V_GPU 82/82 POM_5V_CPU 574/462
RAM 1389/3964MB (lfb 8x4MB) SWAP 779/6078MB (cached 36MB) IRAM 0/252kB(lfb 252kB) CPU [7%@921,6%@921,off,off] EMC_FREQ 0%@1600 GR3D_FREQ 0%@614 APE 25 PLL@29.5C CPU@31.5C iwlwifi@32C PMIC@50C GPU@29.5C AO@41C thermal@30.75C POM_5V_IN 1892/2076 POM_5V_GPU 82/82 POM_5V_CPU 329/462
RAM 1388/3964MB (lfb 8x4MB) SWAP 779/6078MB (cached 36MB) IRAM 0/252kB(lfb 252kB) CPU [7%@921,7%@921,off,off] EMC_FREQ 0%@1600 GR3D_FREQ 0%@614 APE 25 PLL@30C CPU@31.5C iwlwifi@32C PMIC@50C GPU@29.5C AO@41C thermal@31C POM_5V_IN 1892/2076 POM_5V_GPU 82/82 POM_5V_CPU 288/462
RAM 1387/3964MB (lfb 8x4MB) SWAP 779/6078MB (cached 36MB) IRAM 0/252kB(lfb 252kB) CPU [7%@921,6%@921,off,off] EMC_FREQ 0%@1600 GR3D_FREQ 0%@614 APE 25 PLL@30C CPU@31.5C iwlwifi@32C PMIC@50C GPU@29.5C AO@41C thermal@30.5C POM_5V_IN 1934/2076 POM_5V_GPU 82/82 POM_5V_CPU 370/462
RAM 1388/3964MB (lfb 8x4MB) SWAP 779/6078MB (cached 36MB) IRAM 0/252kB(lfb 252kB) CPU [6%@921,8%@921,off,off] EMC_FREQ 0%@1600 GR3D_FREQ 0%@614 APE 25 PLL@30C CPU@31.5C iwlwifi@32C PMIC@50C GPU@29.5C AO@41C thermal@30.5C POM_5V_IN 1934/2076 POM_5V_GPU 82/82 POM_5V_CPU 329/462
RAM 1387/3964MB (lfb 8x4MB) SWAP 779/6078MB (cached 36MB) IRAM 0/252kB(lfb 252kB) CPU [6%@921,8%@921,off,off] EMC_FREQ 0%@1600 GR3D_FREQ 0%@614 APE 25 PLL@30C CPU@31.5C iwlwifi@32C PMIC@50C GPU@29.5C AO@41C thermal@30.5C POM_5V_IN 1934/2075 POM_5V_GPU 82/82 POM_5V_CPU 329/462
RAM 1389/3964MB (lfb 8x4MB) SWAP 779/6078MB (cached 36MB) IRAM 0/252kB(lfb 252kB) CPU [7%@921,7%@921,off,off] EMC_FREQ 0%@1600 GR3D_FREQ 0%@614 APE 25 PLL@30C CPU@31.5C iwlwifi@32C PMIC@50C GPU@29.5C AO@41C thermal@30.5C POM_5V_IN 1892/2075 POM_5V_GPU 82/82 POM_5V_CPU 329/462
RAM 1372/3964MB (lfb 8x4MB) SWAP 779/6078MB (cached 36MB) IRAM 0/252kB(lfb 252kB) CPU [6%@921,8%@921,off,off] EMC_FREQ 0%@1600 GR3D_FREQ 0%@614 APE 25 PLL@30C CPU@31.5C iwlwifi@32C PMIC@50C GPU@29.5C AO@40.5C thermal@30.5C POM_5V_IN 2174/2075 POM_5V_GPU 82/82 POM_5V_CPU 533/462
RAM 1372/3964MB (lfb 8x4MB) SWAP 779/6078MB (cached 36MB) IRAM 0/252kB(lfb 252kB) CPU [8%@921,6%@921,off,off] EMC_FREQ 0%@1600 GR3D_FREQ 0%@614 APE 25 PLL@29.5C CPU@31.5C iwlwifi@32C PMIC@50C GPU@29.5C AO@41C thermal@30.5C POM_5V_IN 2215/2075 POM_5V_GPU 82/82 POM_5V_CPU 574/462
RAM 1372/3964MB (lfb 8x4MB) SWAP 779/6078MB (cached 36MB) IRAM 0/252kB(lfb 252kB) CPU [7%@921,6%@921,off,off] EMC_FREQ 0%@1600 GR3D_FREQ 0%@614 APE 25 PLL@30C CPU@31.5C iwlwifi@32C PMIC@50C GPU@30C AO@41C thermal@30.75C POM_5V_IN 2174/2076 POM_5V_GPU 82/82 POM_5V_CPU 533/462
RAM 1390/3964MB (lfb 8x4MB) SWAP 779/6078MB (cached 36MB) IRAM 0/252kB(lfb 252kB) CPU [9%@921,5%@921,off,off] EMC_FREQ 0%@1600 GR3D_FREQ 0%@614 APE 25 PLL@30C CPU@31.5C iwlwifi@32C PMIC@50C GPU@30C AO@40.5C thermal@30.75C POM_5V_IN 2215/2076 POM_5V_GPU 82/82 POM_5V_CPU 574/462
RAM 1372/3964MB (lfb 8x4MB) SWAP 779/6078MB (cached 36MB) IRAM 0/252kB(lfb 252kB) CPU [7%@921,7%@921,off,off] EMC_FREQ 0%@1600 GR3D_FREQ 0%@614 APE 25 PLL@29.5C CPU@31.5C iwlwifi@32C PMIC@50C GPU@29.5C AO@41.5C thermal@30.5C POM_5V_IN 1934/2076 POM_5V_GPU 82/82 POM_5V_CPU 329/462
RAM 1388/3964MB (lfb 8x4MB) SWAP 779/6078MB (cached 36MB) IRAM 0/252kB(lfb 252kB) CPU [5%@921,8%@921,off,off] EMC_FREQ 0%@1600 GR3D_FREQ 0%@614 APE 25 PLL@29.5C CPU@31.5C iwlwifi@32C PMIC@50C GPU@29.5C AO@41C thermal@30.5C POM_5V_IN 2174/2076 POM_5V_GPU 82/82 POM_5V_CPU 574/462
RAM 1391/3964MB (lfb 8x4MB) SWAP 779/6078MB (cached 36MB) IRAM 0/252kB(lfb 252kB) CPU [6%@921,7%@921,off,off] EMC_FREQ 0%@1600 GR3D_FREQ 0%@614 APE 25 PLL@29.5C CPU@31.5C iwlwifi@32C PMIC@50C GPU@29.5C AO@41C thermal@30.5C POM_5V_IN 1851/2075 POM_5V_GPU 82/82 POM_5V_CPU 288/462
RAM 1391/3964MB (lfb 8x4MB) SWAP 779/6078MB (cached 36MB) IRAM 0/252kB(lfb 252kB) CPU [6%@921,8%@921,off,off] EMC_FREQ 0%@1600 GR3D_FREQ 0%@614 APE 25 PLL@30C CPU@31.5C iwlwifi@32C PMIC@50C GPU@30C AO@40.5C thermal@30.5C POM_5V_IN 1934/2075 POM_5V_GPU 82/82 POM_5V_CPU 329/462
RAM 1388/3964MB (lfb 8x4MB) SWAP 779/6078MB (cached 36MB) IRAM 0/252kB(lfb 252kB) CPU [9%@921,5%@921,off,off] EMC_FREQ 0%@1600 GR3D_FREQ 0%@614 APE 25 PLL@29.5C CPU@31.5C iwlwifi@32C PMIC@50C GPU@29.5C AO@40.5C thermal@30.5C POM_5V_IN 2013/2075 POM_5V_GPU 82/82 POM_5V_CPU 410/462
RAM 1388/3964MB (lfb 8x4MB) SWAP 779/6078MB (cached 36MB) IRAM 0/252kB(lfb 252kB) CPU [7%@921,7%@921,off,off] EMC_FREQ 0%@1600 GR3D_FREQ 0%@614 APE 25 PLL@30C CPU@31.5C iwlwifi@32C PMIC@50C GPU@29.5C AO@40.5C thermal@30.5C POM_5V_IN 1934/2075 POM_5V_GPU 82/82 POM_5V_CPU 329/462
RAM 1388/3964MB (lfb 8x4MB) SWAP 779/6078MB (cached 36MB) IRAM 0/252kB(lfb 252kB) CPU [8%@921,4%@921,off,off] EMC_FREQ 0%@1600 GR3D_FREQ 0%@614 APE 25 PLL@30C CPU@31.5C iwlwifi@32C PMIC@50C GPU@29.5C AO@41C thermal@30.5C POM_5V_IN 1892/2075 POM_5V_GPU 82/82 POM_5V_CPU 329/462
RAM 1386/3964MB (lfb 8x4MB) SWAP 779/6078MB (cached 36MB) IRAM 0/252kB(lfb 252kB) CPU [8%@921,6%@921,off,off] EMC_FREQ 0%@1600 GR3D_FREQ 0%@614 APE 25 PLL@29.5C CPU@31.5C iwlwifi@32C PMIC@50C GPU@30C AO@41C thermal@30.75C POM_5V_IN 2174/2075 POM_5V_GPU 82/82 POM_5V_CPU 574/462
RAM 1366/3964MB (lfb 8x4MB) SWAP 779/6078MB (cached 36MB) IRAM 0/252kB(lfb 252kB) CPU [9%@921,5%@921,off,off] EMC_FREQ 0%@1600 GR3D_FREQ 0%@614 APE 25 PLL@29.5C CPU@31C iwlwifi@32C PMIC@50C GPU@29.5C AO@41C thermal@30.25C POM_5V_IN 2256/2075 POM_5V_GPU 82/82 POM_5V_CPU 614/462
RAM 1366/3964MB (lfb 8x4MB) SWAP 779/6078MB (cached 36MB) IRAM 0/252kB(lfb 252kB) CPU [6%@921,7%@921,off,off] EMC_FREQ 0%@1600 GR3D_FREQ 0%@614 APE 25 PLL@29.5C CPU@31.5C iwlwifi@32C PMIC@50C GPU@29.5C AO@41C thermal@30.5C POM_5V_IN 2174/2075 POM_5V_GPU 82/82 POM_5V_CPU 574/462
RAM 1366/3964MB (lfb 8x4MB) SWAP 779/6078MB (cached 36MB) IRAM 0/252kB(lfb 252kB) CPU [5%@921,9%@921,off,off] EMC_FREQ 0%@1600 GR3D_FREQ 0%@614 APE 25 PLL@30C CPU@31.5C iwlwifi@32C PMIC@50C GPU@30C AO@41C thermal@30.5C POM_5V_IN 2174/2075 POM_5V_GPU 82/82 POM_5V_CPU 533/462
RAM 1365/3964MB (lfb 8x4MB) SWAP 779/6078MB (cached 36MB) IRAM 0/252kB(lfb 252kB) CPU [6%@921,8%@921,off,off] EMC_FREQ 0%@1600 GR3D_FREQ 0%@614 APE 25 PLL@30C CPU@31.5C iwlwifi@32C PMIC@50C GPU@29.5C AO@41C thermal@30.5C POM_5V_IN 2174/2075 POM_5V_GPU 82/82 POM_5V_CPU 574/462
RAM 1384/3964MB (lfb 8x4MB) SWAP 779/6078MB (cached 36MB) IRAM 0/252kB(lfb 252kB) CPU [8%@921,5%@921,off,off] EMC_FREQ 0%@1600 GR3D_FREQ 0%@614 APE 25 PLL@29.5C CPU@31.5C iwlwifi@32C PMIC@50C GPU@29.5C AO@41C thermal@30.5C POM_5V_IN 2215/2076 POM_5V_GPU 82/82 POM_5V_CPU 574/462
RAM 1365/3964MB (lfb 8x4MB) SWAP 779/6078MB (cached 36MB) IRAM 0/252kB(lfb 252kB) CPU [5%@921,8%@921,off,off] EMC_FREQ 0%@1600 GR3D_FREQ 0%@614 APE 25 PLL@29.5C CPU@31.5C iwlwifi@32C PMIC@50C GPU@29.5C AO@41C thermal@30.25C POM_5V_IN 1892/2075 POM_5V_GPU 82/82 POM_5V_CPU 329/462
RAM 1384/3964MB (lfb 8x4MB) SWAP 779/6078MB (cached 36MB) IRAM 0/252kB(lfb 252kB) CPU [4%@921,9%@921,off,off] EMC_FREQ 0%@1600 GR3D_FREQ 0%@614 APE 25 PLL@30C CPU@31.5C iwlwifi@32C PMIC@50C GPU@29.5C AO@40.5C thermal@30.25C POM_5V_IN 2174/2076 POM_5V_GPU 82/82 POM_5V_CPU 533/462
RAM 1380/3964MB (lfb 8x4MB) SWAP 779/6078MB (cached 36MB) IRAM 0/252kB(lfb 252kB) CPU [6%@921,7%@921,off,off] EMC_FREQ 0%@1600 GR3D_FREQ 0%@614 APE 25 PLL@29.5C CPU@31.5C iwlwifi@32C PMIC@50C GPU@30C AO@40.5C thermal@30.5C POM_5V_IN 1892/2075 POM_5V_GPU 82/82 POM_5V_CPU 288/462
RAM 1385/3964MB (lfb 8x4MB) SWAP 779/6078MB (cached 36MB) IRAM 0/252kB(lfb 252kB) CPU [8%@921,5%@921,off,off] EMC_FREQ 0%@1600 GR3D_FREQ 0%@614 APE 25 PLL@29.5C CPU@31.5C iwlwifi@32C PMIC@50C GPU@30C AO@41C thermal@30.75C POM_5V_IN 1892/2075 POM_5V_GPU 82/82 POM_5V_CPU 329/462
RAM 1382/3964MB (lfb 8x4MB) SWAP 779/6078MB (cached 36MB) IRAM 0/252kB(lfb 252kB) CPU [5%@921,8%@921,off,off] EMC_FREQ 0%@1600 GR3D_FREQ 0%@614 APE 25 PLL@29.5C CPU@31.5C iwlwifi@32C PMIC@50C GPU@30C AO@40.5C thermal@30.5C POM_5V_IN 1934/2075 POM_5V_GPU 82/82 POM_5V_CPU 329/462
RAM 1384/3964MB (lfb 8x4MB) SWAP 779/6078MB (cached 36MB) IRAM 0/252kB(lfb 252kB) CPU [6%@921,7%@921,off,off] EMC_FREQ 0%@1600 GR3D_FREQ 0%@614 APE 25 PLL@29.5C CPU@31.5C iwlwifi@32C PMIC@50C GPU@29.5C AO@40.5C thermal@30.75C POM_5V_IN 1934/2075 POM_5V_GPU 82/82 POM_5V_CPU 329/462
RAM 1384/3964MB (lfb 8x4MB) SWAP 779/6078MB (cached 36MB) IRAM 0/252kB(lfb 252kB) CPU [6%@921,8%@921,off,off] EMC_FREQ 0%@1600 GR3D_FREQ 0%@614 APE 25 PLL@29.5C CPU@31.5C iwlwifi@32C PMIC@50C GPU@29.5C AO@41C thermal@30.5C POM_5V_IN 2174/2075 POM_5V_GPU 82/82 POM_5V_CPU 574/462
RAM 1366/3964MB (lfb 8x4MB) SWAP 779/6078MB (cached 36MB) IRAM 0/252kB(lfb 252kB) CPU [7%@921,7%@921,off,off] EMC_FREQ 0%@1600 GR3D_FREQ 0%@614 APE 25 PLL@29.5C CPU@31.5C iwlwifi@32C PMIC@50C GPU@29.5C AO@41C thermal@30.25C POM_5V_IN 1934/2075 POM_5V_GPU 82/82 POM_5V_CPU 329/462
RAM 1380/3964MB (lfb 8x4MB) SWAP 779/6078MB (cached 36MB) IRAM 0/252kB(lfb 252kB) CPU [8%@921,6%@921,off,off] EMC_FREQ 0%@1600 GR3D_FREQ 0%@614 APE 25 PLL@29.5C CPU@31.5C iwlwifi@32C PMIC@50C GPU@29.5C AO@41C thermal@30.5C POM_5V_IN 2133/2075 POM_5V_GPU 82/82 POM_5V_CPU 533/462
RAM 1384/3964MB (lfb 8x4MB) SWAP 779/6078MB (cached 36MB) IRAM 0/252kB(lfb 252kB) CPU [6%@921,6%@921,off,off] EMC_FREQ 0%@1600 GR3D_FREQ 0%@614 APE 25 PLL@29.5C CPU@31C iwlwifi@32C PMIC@50C GPU@29.5C AO@41C thermal@30.25C POM_5V_IN 1731/2075 POM_5V_GPU 82/82 POM_5V_CPU 164/461
RAM 1384/3964MB (lfb 8x4MB) SWAP 779/6078MB (cached 36MB) IRAM 0/252kB(lfb 252kB) CPU [6%@921,7%@921,off,off] EMC_FREQ 0%@1600 GR3D_FREQ 0%@614 APE 25 PLL@29.5C CPU@31.5C iwlwifi@32C PMIC@50C GPU@29.5C AO@41C thermal@30.5C POM_5V_IN 1934/2075 POM_5V_GPU 82/82 POM_5V_CPU 329/461
RAM 1380/3964MB (lfb 8x4MB) SWAP 779/6078MB (cached 36MB) IRAM 0/252kB(lfb 252kB) CPU [8%@921,5%@921,off,off] EMC_FREQ 0%@1600 GR3D_FREQ 0%@614 APE 25 PLL@30C CPU@31C iwlwifi@32C PMIC@50C GPU@30C AO@41C thermal@30.25C POM_5V_IN 1934/2075 POM_5V_GPU 82/82 POM_5V_CPU 370/461
RAM 1384/3964MB (lfb 8x4MB) SWAP 779/6078MB (cached 36MB) IRAM 0/252kB(lfb 252kB) CPU [5%@921,8%@921,off,off] EMC_FREQ 0%@1600 GR3D_FREQ 0%@614 APE 25 PLL@29.5C CPU@31.5C iwlwifi@32C PMIC@50C GPU@30C AO@40.5C thermal@30.25C POM_5V_IN 1934/2075 POM_5V_GPU 82/82 POM_5V_CPU 369/461
RAM 1366/3964MB (lfb 8x4MB) SWAP 779/6078MB (cached 36MB) IRAM 0/252kB(lfb 252kB) CPU [5%@921,8%@921,off,off] EMC_FREQ 0%@1600 GR3D_FREQ 0%@614 APE 25 PLL@30C CPU@31.5C iwlwifi@32C PMIC@50C GPU@29.5C AO@41C thermal@30.75C POM_5V_IN 2256/2075 POM_5V_GPU 82/82 POM_5V_CPU 655/461
RAM 1365/3964MB (lfb 8x4MB) SWAP 779/6078MB (cached 36MB) IRAM 0/252kB(lfb 252kB) CPU [8%@921,6%@921,off,off] EMC_FREQ 0%@1600 GR3D_FREQ 0%@614 APE 25 PLL@30C CPU@32C iwlwifi@32C PMIC@50C GPU@30C AO@41C thermal@30.25C POM_5V_IN 2215/2075 POM_5V_GPU 82/82 POM_5V_CPU 574/461
RAM 1365/3964MB (lfb 8x4MB) SWAP 779/6078MB (cached 36MB) IRAM 0/252kB(lfb 252kB) CPU [5%@921,8%@921,off,off] EMC_FREQ 0%@1600 GR3D_FREQ 0%@614 APE 25 PLL@29.5C CPU@31.5C iwlwifi@32C PMIC@50C GPU@30C AO@41C thermal@30.25C POM_5V_IN 2174/2075 POM_5V_GPU 82/82 POM_5V_CPU 574/461
RAM 1365/3964MB (lfb 8x4MB) SWAP 779/6078MB (cached 36MB) IRAM 0/252kB(lfb 252kB) CPU [6%@921,7%@921,off,off] EMC_FREQ 0%@1600 GR3D_FREQ 0%@614 APE 25 PLL@30C CPU@31.5C iwlwifi@32C PMIC@50C GPU@30C AO@41C thermal@30.5C POM_5V_IN 2174/2075 POM_5V_GPU 82/82 POM_5V_CPU 574/462
RAM 1382/3964MB (lfb 8x4MB) SWAP 779/6078MB (cached 36MB) IRAM 0/252kB(lfb 252kB) CPU [7%@921,5%@921,off,off] EMC_FREQ 0%@1600 GR3D_FREQ 0%@614 APE 25 PLL@30C CPU@31.5C iwlwifi@32C PMIC@50C GPU@29.5C AO@41C thermal@30.5C POM_5V_IN 2174/2075 POM_5V_GPU 82/82 POM_5V_CPU 574/462
RAM 1365/3964MB (lfb 8x4MB) SWAP 779/6078MB (cached 36MB) IRAM 0/252kB(lfb 252kB) CPU [7%@921,6%@921,off,off] EMC_FREQ 0%@1600 GR3D_FREQ 0%@614 APE 25 PLL@30C CPU@32C iwlwifi@32C PMIC@50C GPU@29.5C AO@41C thermal@30.5C POM_5V_IN 1892/2075 POM_5V_GPU 82/82 POM_5V_CPU 288/461
RAM 1380/3964MB (lfb 8x4MB) SWAP 779/6078MB (cached 36MB) IRAM 0/252kB(lfb 252kB) CPU [5%@921,7%@921,off,off] EMC_FREQ 0%@1600 GR3D_FREQ 0%@614 APE 25 PLL@30C CPU@31C iwlwifi@32C PMIC@50C GPU@29.5C AO@40.5C thermal@30.5C POM_5V_IN 2170/2075 POM_5V_GPU 81/82 POM_5V_CPU 573/462
RAM 1382/3964MB (lfb 8x4MB) SWAP 779/6078MB (cached 36MB) IRAM 0/252kB(lfb 252kB) CPU [7%@921,7%@921,off,off] EMC_FREQ 0%@1600 GR3D_FREQ 0%@614 APE 25 PLL@30C CPU@31C iwlwifi@32C PMIC@50C GPU@30C AO@40.5C thermal@30.25C POM_5V_IN 1892/2075 POM_5V_GPU 82/82 POM_5V_CPU 329/461
RAM 1382/3964MB (lfb 8x4MB) SWAP 779/6078MB (cached 36MB) IRAM 0/252kB(lfb 252kB) CPU [7%@921,5%@921,off,off] EMC_FREQ 0%@1600 GR3D_FREQ 0%@614 APE 25 PLL@29.5C CPU@31C iwlwifi@32C PMIC@50C GPU@29.5C AO@41C thermal@30.25C POM_5V_IN 1931/2075 POM_5V_GPU 82/82 POM_5V_CPU 328/461
RAM 1380/3964MB (lfb 8x4MB) SWAP 779/6078MB (cached 36MB) IRAM 0/252kB(lfb 252kB) CPU [6%@921,7%@921,off,off] EMC_FREQ 0%@1600 GR3D_FREQ 0%@614 APE 25 PLL@29.5C CPU@31C iwlwifi@32C PMIC@50C GPU@30C AO@41C thermal@30.5C POM_5V_IN 2013/2075 POM_5V_GPU 82/82 POM_5V_CPU 451/461
RAM 1380/3964MB (lfb 8x4MB) SWAP 779/6078MB (cached 36MB) IRAM 0/252kB(lfb 252kB) CPU [7%@921,7%@921,off,off] EMC_FREQ 0%@1600 GR3D_FREQ 0%@614 APE 25 PLL@29.5C CPU@31.5C iwlwifi@32C PMIC@50C GPU@30C AO@41C thermal@30.5C POM_5V_IN 1934/2075 POM_5V_GPU 82/82 POM_5V_CPU 329/461
RAM 1378/3964MB (lfb 8x4MB) SWAP 779/6078MB (cached 36MB) IRAM 0/252kB(lfb 252kB) CPU [7%@921,6%@921,off,off] EMC_FREQ 0%@1600 GR3D_FREQ 0%@614 APE 25 PLL@29.5C CPU@31C iwlwifi@32C PMIC@50C GPU@29.5C AO@40.5C thermal@30.25C POM_5V_IN 2215/2075 POM_5V_GPU 82/82 POM_5V_CPU 574/461
RAM 1366/3964MB (lfb 8x4MB) SWAP 779/6078MB (cached 36MB) IRAM 0/252kB(lfb 252kB) CPU [5%@921,9%@921,off,off] EMC_FREQ 0%@1600 GR3D_FREQ 0%@614 APE 25 PLL@29.5C CPU@31.5C iwlwifi@32C PMIC@50C GPU@30C AO@41C thermal@30.25C POM_5V_IN 2256/2075 POM_5V_GPU 82/82 POM_5V_CPU 615/461
RAM 1366/3964MB (lfb 8x4MB) SWAP 779/6078MB (cached 36MB) IRAM 0/252kB(lfb 252kB) CPU [7%@921,6%@921,off,off] EMC_FREQ 0%@1600 GR3D_FREQ 0%@614 APE 25 PLL@30C CPU@31C iwlwifi@32C PMIC@50C GPU@30C AO@41C thermal@30.25C POM_5V_IN 2174/2075 POM_5V_GPU 82/82 POM_5V_CPU 574/462
RAM 1366/3964MB (lfb 8x4MB) SWAP 779/6078MB (cached 36MB) IRAM 0/252kB(lfb 252kB) CPU [4%@921,9%@921,off,off] EMC_FREQ 0%@1600 GR3D_FREQ 0%@614 APE 25 PLL@29.5C CPU@31C iwlwifi@32C PMIC@50C GPU@29.5C AO@41C thermal@30.25C POM_5V_IN 2174/2075 POM_5V_GPU 82/82 POM_5V_CPU 533/462
RAM 1382/3964MB (lfb 8x4MB) SWAP 779/6078MB (cached 36MB) IRAM 0/252kB(lfb 252kB) CPU [7%@921,5%@921,off,off] EMC_FREQ 0%@1600 GR3D_FREQ 0%@614 APE 25 PLL@30C CPU@31C iwlwifi@32C PMIC@50C GPU@29.5C AO@41C thermal@30.25C POM_5V_IN 2174/2075 POM_5V_GPU 82/82 POM_5V_CPU 533/462
RAM 1366/3964MB (lfb 8x4MB) SWAP 779/6078MB (cached 36MB) IRAM 0/252kB(lfb 252kB) CPU [7%@921,7%@921,off,off] EMC_FREQ 0%@1600 GR3D_FREQ 0%@614 APE 25 PLL@29.5C CPU@31C iwlwifi@32C PMIC@50C GPU@29.5C AO@40.5C thermal@30.25C POM_5V_IN 1934/2075 POM_5V_GPU 82/82 POM_5V_CPU 370/462
RAM 1384/3964MB (lfb 8x4MB) SWAP 779/6078MB (cached 36MB) IRAM 0/252kB(lfb 252kB) CPU [6%@921,7%@921,off,off] EMC_FREQ 0%@1600 GR3D_FREQ 0%@614 APE 25 PLL@29.5C CPU@31C iwlwifi@32C PMIC@50C GPU@29.5C AO@41C thermal@30.5C POM_5V_IN 2215/2075 POM_5V_GPU 82/82 POM_5V_CPU 574/462
RAM 1365/3964MB (lfb 8x4MB) SWAP 779/6078MB (cached 36MB) IRAM 0/252kB(lfb 252kB) CPU [8%@921,6%@921,off,off] EMC_FREQ 0%@1600 GR3D_FREQ 0%@614 APE 25 PLL@29.5C CPU@31C iwlwifi@32C PMIC@50C GPU@29.5C AO@40.5C thermal@30.5C POM_5V_IN 1934/2075 POM_5V_GPU 82/82 POM_5V_CPU 329/462
RAM 1382/3964MB (lfb 8x4MB) SWAP 779/6078MB (cached 36MB) IRAM 0/252kB(lfb 252kB) CPU [7%@921,6%@921,off,off] EMC_FREQ 0%@1600 GR3D_FREQ 0%@614 APE 25 PLL@30C CPU@31C iwlwifi@32C PMIC@50C GPU@29.5C AO@41C thermal@30.25C POM_5V_IN 2174/2075 POM_5V_GPU 82/82 POM_5V_CPU 533/462
RAM 1382/3964MB (lfb 8x4MB) SWAP 779/6078MB (cached 36MB) IRAM 0/252kB(lfb 252kB) CPU [6%@921,7%@921,off,off] EMC_FREQ 0%@1600 GR3D_FREQ 0%@614 APE 25 PLL@29.5C CPU@31C iwlwifi@32C PMIC@50C GPU@29.5C AO@40.5C thermal@30.25C POM_5V_IN 1892/2075 POM_5V_GPU 82/82 POM_5V_CPU 329/462
RAM 1382/3964MB (lfb 8x4MB) SWAP 779/6078MB (cached 36MB) IRAM 0/252kB(lfb 252kB) CPU [7%@921,7%@921,off,off] EMC_FREQ 0%@1600 GR3D_FREQ 0%@614 APE 25 PLL@29.5C CPU@31C iwlwifi@32C PMIC@50C GPU@29.5C AO@41C thermal@30.5C POM_5V_IN 1892/2075 POM_5V_GPU 82/82 POM_5V_CPU 329/461
RAM 1380/3964MB (lfb 8x4MB) SWAP 779/6078MB (cached 36MB) IRAM 0/252kB(lfb 252kB) CPU [6%@921,8%@921,off,off] EMC_FREQ 0%@1600 GR3D_FREQ 0%@614 APE 25 PLL@29.5C CPU@31.5C iwlwifi@32C PMIC@50C GPU@29.5C AO@40.5C thermal@30.25C POM_5V_IN 2174/2075 POM_5V_GPU 82/82 POM_5V_CPU 533/461
RAM 1386/3964MB (lfb 8x4MB) SWAP 779/6078MB (cached 36MB) IRAM 0/252kB(lfb 252kB) CPU [7%@921,6%@921,off,off] EMC_FREQ 0%@1600 GR3D_FREQ 0%@614 APE 25 PLL@30C CPU@31C iwlwifi@33C PMIC@50C GPU@29.5C AO@41C thermal@30.25C POM_5V_IN 1934/2075 POM_5V_GPU 82/82 POM_5V_CPU 329/461
RAM 1380/3964MB (lfb 8x4MB) SWAP 779/6078MB (cached 36MB) IRAM 0/252kB(lfb 252kB) CPU [9%@921,5%@921,off,off] EMC_FREQ 0%@1600 GR3D_FREQ 0%@614 APE 25 PLL@29.5C CPU@31C iwlwifi@32C PMIC@50C GPU@29.5C AO@41C thermal@30.5C POM_5V_IN 2174/2075 POM_5V_GPU 82/82 POM_5V_CPU 533/461
RAM 1384/3964MB (lfb 8x4MB) SWAP 779/6078MB (cached 36MB) IRAM 0/252kB(lfb 252kB) CPU [8%@921,5%@921,off,off] EMC_FREQ 0%@1600 GR3D_FREQ 0%@614 APE 25 PLL@29.5C CPU@31C iwlwifi@32C PMIC@50C GPU@29.5C AO@41C thermal@30.25C POM_5V_IN 2054/2075 POM_5V_GPU 82/82 POM_5V_CPU 410/461
RAM 1380/3964MB (lfb 8x4MB) SWAP 779/6078MB (cached 36MB) IRAM 0/252kB(lfb 252kB) CPU [5%@921,8%@921,off,off] EMC_FREQ 0%@1600 GR3D_FREQ 0%@614 APE 25 PLL@30C CPU@31.5C iwlwifi@32C PMIC@50C GPU@30C AO@40.5C thermal@30C POM_5V_IN 1892/2075 POM_5V_GPU 82/82 POM_5V_CPU 288/461
RAM 1382/3964MB (lfb 8x4MB) SWAP 779/6078MB (cached 36MB) IRAM 0/252kB(lfb 252kB) CPU [8%@921,5%@921,off,off] EMC_FREQ 0%@1600 GR3D_FREQ 0%@614 APE 25 PLL@29.5C CPU@31C iwlwifi@32C PMIC@50C GPU@29.5C AO@40.5C thermal@30.25C POM_5V_IN 1890/2074 POM_5V_GPU 82/82 POM_5V_CPU 328/461
RAM 1382/3964MB (lfb 8x4MB) SWAP 779/6078MB (cached 36MB) IRAM 0/252kB(lfb 252kB) CPU [5%@921,8%@921,off,off] EMC_FREQ 0%@1600 GR3D_FREQ 0%@614 APE 25 PLL@29.5C CPU@31C iwlwifi@32C PMIC@50C GPU@30C AO@40.5C thermal@30.5C POM_5V_IN 1934/2074 POM_5V_GPU 82/82 POM_5V_CPU 370/461
RAM 1380/3964MB (lfb 8x4MB) SWAP 779/6078MB (cached 36MB) IRAM 0/252kB(lfb 252kB) CPU [9%@921,7%@921,off,off] EMC_FREQ 0%@1600 GR3D_FREQ 0%@614 APE 25 PLL@29.5C CPU@31C iwlwifi@32C PMIC@50C GPU@30C AO@41C thermal@30.25C POM_5V_IN 1934/2074 POM_5V_GPU 82/82 POM_5V_CPU 329/461
RAM 1384/3964MB (lfb 8x4MB) SWAP 779/6078MB (cached 36MB) IRAM 0/252kB(lfb 252kB) CPU [6%@921,7%@921,off,off] EMC_FREQ 0%@1600 GR3D_FREQ 0%@614 APE 25 PLL@30C CPU@31C iwlwifi@32C PMIC@50C GPU@29.5C AO@41C thermal@30.25C POM_5V_IN 1934/2074 POM_5V_GPU 82/82 POM_5V_CPU 329/461
RAM 1366/3964MB (lfb 8x4MB) SWAP 779/6078MB (cached 36MB) IRAM 0/252kB(lfb 252kB) CPU [7%@921,7%@921,off,off] EMC_FREQ 0%@1600 GR3D_FREQ 0%@614 APE 25 PLL@29.5C CPU@31C iwlwifi@32C PMIC@50C GPU@30C AO@41C thermal@30.5C POM_5V_IN 2174/2074 POM_5V_GPU 82/82 POM_5V_CPU 492/461
RAM 1366/3964MB (lfb 8x4MB) SWAP 779/6078MB (cached 36MB) IRAM 0/252kB(lfb 252kB) CPU [6%@921,7%@921,off,off] EMC_FREQ 0%@1600 GR3D_FREQ 0%@614 APE 25 PLL@29.5C CPU@31C iwlwifi@32C PMIC@50C GPU@29.5C AO@41C thermal@30.75C POM_5V_IN 2174/2074 POM_5V_GPU 82/82 POM_5V_CPU 533/461
RAM 1380/3964MB (lfb 8x4MB) SWAP 779/6078MB (cached 36MB) IRAM 0/252kB(lfb 252kB) CPU [5%@921,9%@921,off,off] EMC_FREQ 0%@1600 GR3D_FREQ 0%@614 APE 25 PLL@29.5C CPU@31.5C iwlwifi@32C PMIC@50C GPU@29.5C AO@40.5C thermal@30.25C POM_5V_IN 2170/2074 POM_5V_GPU 81/82 POM_5V_CPU 573/461
RAM 1366/3964MB (lfb 8x4MB) SWAP 779/6078MB (cached 36MB) IRAM 0/252kB(lfb 252kB) CPU [6%@921,7%@921,off,off] EMC_FREQ 0%@1600 GR3D_FREQ 0%@614 APE 25 PLL@29.5C CPU@31C iwlwifi@32C PMIC@50C GPU@29.5C AO@40.5C thermal@30.25C POM_5V_IN 1892/2074 POM_5V_GPU 82/82 POM_5V_CPU 288/461
RAM 1384/3964MB (lfb 8x4MB) SWAP 779/6078MB (cached 36MB) IRAM 0/252kB(lfb 252kB) CPU [6%@921,7%@921,off,off] EMC_FREQ 0%@1600 GR3D_FREQ 0%@614 APE 25 PLL@29.5C CPU@31C iwlwifi@32C PMIC@50C GPU@30C AO@41C thermal@30.25C POM_5V_IN 2174/2074 POM_5V_GPU 82/82 POM_5V_CPU 574/461
RAM 1382/3964MB (lfb 8x4MB) SWAP 779/6078MB (cached 36MB) IRAM 0/252kB(lfb 252kB) CPU [8%@921,4%@921,off,off] EMC_FREQ 0%@1600 GR3D_FREQ 0%@614 APE 25 PLL@29.5C CPU@31.5C iwlwifi@32C PMIC@50C GPU@29.5C AO@40.5C thermal@30.5C POM_5V_IN 1934/2074 POM_5V_GPU 82/82 POM_5V_CPU 329/461
RAM 1365/3964MB (lfb 8x4MB) SWAP 779/6078MB (cached 36MB) IRAM 0/252kB(lfb 252kB) CPU [8%@921,7%@921,off,off] EMC_FREQ 0%@1600 GR3D_FREQ 0%@614 APE 25 PLL@29.5C CPU@31.5C iwlwifi@32C PMIC@50C GPU@29.5C AO@41C thermal@30.5C POM_5V_IN 1934/2074 POM_5V_GPU 82/82 POM_5V_CPU 370/461
RAM 1382/3964MB (lfb 8x4MB) SWAP 779/6078MB (cached 36MB) IRAM 0/252kB(lfb 252kB) CPU [9%@921,4%@921,off,off] EMC_FREQ 0%@1600 GR3D_FREQ 0%@614 APE 25 PLL@30C CPU@31C iwlwifi@32C PMIC@50C GPU@30C AO@41C thermal@30.5C POM_5V_IN 2174/2074 POM_5V_GPU 82/82 POM_5V_CPU 574/461
RAM 1380/3964MB (lfb 8x4MB) SWAP 779/6078MB (cached 36MB) IRAM 0/252kB(lfb 252kB) CPU [8%@921,6%@921,off,off] EMC_FREQ 0%@1600 GR3D_FREQ 0%@614 APE 25 PLL@29.5C CPU@31C iwlwifi@32C PMIC@50C GPU@29.5C AO@41C thermal@30.5C POM_5V_IN 1892/2074 POM_5V_GPU 82/82 POM_5V_CPU 329/461
RAM 1382/3964MB (lfb 8x4MB) SWAP 779/6078MB (cached 36MB) IRAM 0/252kB(lfb 252kB) CPU [7%@921,6%@921,off,off] EMC_FREQ 0%@1600 GR3D_FREQ 0%@614 APE 25 PLL@29.5C CPU@31C iwlwifi@32C PMIC@50C GPU@30C AO@41C thermal@30.25C POM_5V_IN 1934/2074 POM_5V_GPU 82/82 POM_5V_CPU 370/461
RAM 1382/3964MB (lfb 8x4MB) SWAP 779/6078MB (cached 36MB) IRAM 0/252kB(lfb 252kB) CPU [7%@921,6%@921,off,off] EMC_FREQ 0%@1600 GR3D_FREQ 0%@614 APE 25 PLL@29.5C CPU@31.5C iwlwifi@32C PMIC@50C GPU@30C AO@41C thermal@30.25C POM_5V_IN 2095/2074 POM_5V_GPU 82/82 POM_5V_CPU 451/461
RAM 1366/3964MB (lfb 8x4MB) SWAP 779/6078MB (cached 36MB) IRAM 0/252kB(lfb 252kB) CPU [6%@921,8%@921,off,off] EMC_FREQ 0%@1600 GR3D_FREQ 0%@614 APE 25 PLL@30C CPU@31.5C iwlwifi@32C PMIC@50C GPU@30C AO@41C thermal@30.25C POM_5V_IN 2095/2074 POM_5V_GPU 82/82 POM_5V_CPU 451/461
RAM 1366/3964MB (lfb 8x4MB) SWAP 779/6078MB (cached 36MB) IRAM 0/252kB(lfb 252kB) CPU [7%@921,6%@921,off,off] EMC_FREQ 0%@1600 GR3D_FREQ 0%@614 APE 25 PLL@29.5C CPU@31C iwlwifi@32C PMIC@50C GPU@29.5C AO@41C thermal@30.5C POM_5V_IN 2215/2074 POM_5V_GPU 82/82 POM_5V_CPU 574/461
RAM 1366/3964MB (lfb 8x4MB) SWAP 779/6078MB (cached 36MB) IRAM 0/252kB(lfb 252kB) CPU [7%@921,6%@921,off,off] EMC_FREQ 0%@1600 GR3D_FREQ 0%@614 APE 25 PLL@29.5C CPU@31.5C iwlwifi@32C PMIC@50C GPU@30C AO@41C thermal@30.5C POM_5V_IN 2215/2074 POM_5V_GPU 82/82 POM_5V_CPU 574/461
RAM 1366/3964MB (lfb 8x4MB) SWAP 779/6078MB (cached 36MB) IRAM 0/252kB(lfb 252kB) CPU [6%@921,8%@921,off,off] EMC_FREQ 0%@1600 GR3D_FREQ 0%@614 APE 25 PLL@30C CPU@31.5C iwlwifi@32C PMIC@50C GPU@29.5C AO@41C thermal@30.25C POM_5V_IN 2170/2074 POM_5V_GPU 81/82 POM_5V_CPU 573/461
RAM 1382/3964MB (lfb 8x4MB) SWAP 779/6078MB (cached 36MB) IRAM 0/252kB(lfb 252kB) CPU [5%@921,8%@921,off,off] EMC_FREQ 0%@1600 GR3D_FREQ 0%@614 APE 25 PLL@30C CPU@31C iwlwifi@32C PMIC@50C GPU@30C AO@41C thermal@30.25C POM_5V_IN 2215/2074 POM_5V_GPU 82/82 POM_5V_CPU 574/461
RAM 1365/3964MB (lfb 8x4MB) SWAP 779/6078MB (cached 36MB) IRAM 0/252kB(lfb 252kB) CPU [6%@921,8%@921,off,off] EMC_FREQ 0%@1600 GR3D_FREQ 0%@614 APE 25 PLL@30C CPU@31C iwlwifi@32C PMIC@50C GPU@29.5C AO@40.5C thermal@30.25C POM_5V_IN 1892/2074 POM_5V_GPU 82/82 POM_5V_CPU 329/461
RAM 1384/3964MB (lfb 8x4MB) SWAP 779/6078MB (cached 36MB) IRAM 0/252kB(lfb 252kB) CPU [7%@921,6%@921,off,off] EMC_FREQ 0%@1600 GR3D_FREQ 0%@614 APE 25 PLL@29.5C CPU@31C iwlwifi@32C PMIC@50C GPU@29.5C AO@41C thermal@30.75C POM_5V_IN 2174/2074 POM_5V_GPU 82/82 POM_5V_CPU 574/461
RAM 1384/3964MB (lfb 8x4MB) SWAP 779/6078MB (cached 36MB) IRAM 0/252kB(lfb 252kB) CPU [7%@921,7%@921,off,off] EMC_FREQ 0%@1600 GR3D_FREQ 0%@614 APE 25 PLL@30C CPU@31C iwlwifi@32C PMIC@50C GPU@30C AO@41C thermal@30.5C POM_5V_IN 1934/2074 POM_5V_GPU 82/82 POM_5V_CPU 329/461
RAM 1382/3964MB (lfb 8x4MB) SWAP 779/6078MB (cached 36MB) IRAM 0/252kB(lfb 252kB) CPU [4%@921,9%@921,off,off] EMC_FREQ 0%@1600 GR3D_FREQ 0%@614 APE 25 PLL@29.5C CPU@31.5C iwlwifi@32C PMIC@50C GPU@30C AO@41C thermal@30.25C POM_5V_IN 1934/2074 POM_5V_GPU 82/82 POM_5V_CPU 329/461
RAM 1382/3964MB (lfb 8x4MB) SWAP 779/6078MB (cached 36MB) IRAM 0/252kB(lfb 252kB) CPU [8%@921,5%@921,off,off] EMC_FREQ 0%@1600 GR3D_FREQ 0%@614 APE 25 PLL@30C CPU@31.5C iwlwifi@32C PMIC@50C GPU@30C AO@41.5C thermal@30.5C POM_5V_IN 1892/2074 POM_5V_GPU 82/82 POM_5V_CPU 329/461
RAM 1380/3964MB (lfb 8x4MB) SWAP 779/6078MB (cached 36MB) IRAM 0/252kB(lfb 252kB) CPU [8%@921,6%@921,off,off] EMC_FREQ 0%@1600 GR3D_FREQ 0%@614 APE 25 PLL@30C CPU@31C iwlwifi@32C PMIC@50C GPU@30C AO@41C thermal@30.25C POM_5V_IN 1892/2074 POM_5V_GPU 82/82 POM_5V_CPU 329/461
RAM 1384/3964MB (lfb 8x4MB) SWAP 779/6078MB (cached 36MB) IRAM 0/252kB(lfb 252kB) CPU [7%@921,6%@921,off,off] EMC_FREQ 0%@1600 GR3D_FREQ 0%@614 APE 25 PLL@30C CPU@31C iwlwifi@32C PMIC@50C GPU@29.5C AO@41C thermal@30C POM_5V_IN 1934/2074 POM_5V_GPU 82/82 POM_5V_CPU 370/461
RAM 1381/3964MB (lfb 8x4MB) SWAP 779/6078MB (cached 36MB) IRAM 0/252kB(lfb 252kB) CPU [8%@921,6%@921,off,off] EMC_FREQ 0%@1600 GR3D_FREQ 0%@614 APE 25 PLL@29.5C CPU@31C iwlwifi@32C PMIC@50C GPU@30C AO@41C thermal@30.25C POM_5V_IN 1934/2074 POM_5V_GPU 82/82 POM_5V_CPU 329/461
RAM 1380/3964MB (lfb 8x4MB) SWAP 779/6078MB (cached 36MB) IRAM 0/252kB(lfb 252kB) CPU [7%@921,5%@921,off,off] EMC_FREQ 0%@1600 GR3D_FREQ 0%@614 APE 25 PLL@30C CPU@31C iwlwifi@32C PMIC@50C GPU@29.5C AO@40.5C thermal@30.5C POM_5V_IN 1934/2074 POM_5V_GPU 82/82 POM_5V_CPU 370/461
RAM 1380/3964MB (lfb 8x4MB) SWAP 779/6078MB (cached 36MB) IRAM 0/252kB(lfb 252kB) CPU [11%@921,4%@921,off,off] EMC_FREQ 0%@1600 GR3D_FREQ 0%@614 APE 25 PLL@29.5C CPU@31.5C iwlwifi@32C PMIC@50C GPU@29.5C AO@41C thermal@30.5C POM_5V_IN 2013/2073 POM_5V_GPU 82/82 POM_5V_CPU 451/461
RAM 1382/3964MB (lfb 8x4MB) SWAP 779/6078MB (cached 36MB) IRAM 0/252kB(lfb 252kB) CPU [6%@921,7%@921,off,off] EMC_FREQ 0%@1600 GR3D_FREQ 0%@614 APE 25 PLL@29.5C CPU@31.5C iwlwifi@32C PMIC@50C GPU@29.5C AO@41C thermal@30.5C POM_5V_IN 1934/2073 POM_5V_GPU 82/82 POM_5V_CPU 370/460
RAM 1384/3964MB (lfb 8x4MB) SWAP 779/6078MB (cached 36MB) IRAM 0/252kB(lfb 252kB) CPU [5%@921,8%@921,off,off] EMC_FREQ 0%@1600 GR3D_FREQ 0%@614 APE 25 PLL@30C CPU@31C iwlwifi@32C PMIC@50C GPU@30C AO@41C thermal@30.5C POM_5V_IN 1934/2073 POM_5V_GPU 82/82 POM_5V_CPU 370/460
RAM 1384/3964MB (lfb 8x4MB) SWAP 779/6078MB (cached 36MB) IRAM 0/252kB(lfb 252kB) CPU [5%@921,8%@921,off,off] EMC_FREQ 0%@1600 GR3D_FREQ 0%@614 APE 25 PLL@30C CPU@31.5C iwlwifi@32C PMIC@50C GPU@30C AO@41C thermal@30.5C POM_5V_IN 1934/2073 POM_5V_GPU 82/82 POM_5V_CPU 329/460
RAM 1380/3964MB (lfb 8x4MB) SWAP 779/6078MB (cached 36MB) IRAM 0/252kB(lfb 252kB) CPU [7%@921,6%@921,off,off] EMC_FREQ 0%@1600 GR3D_FREQ 0%@614 APE 25 PLL@30C CPU@31.5C iwlwifi@32C PMIC@50C GPU@30C AO@41C thermal@30.5C POM_5V_IN 2174/2073 POM_5V_GPU 82/82 POM_5V_CPU 574/460
RAM 1380/3964MB (lfb 8x4MB) SWAP 779/6078MB (cached 36MB) IRAM 0/252kB(lfb 252kB) CPU [8%@921,6%@921,off,off] EMC_FREQ 0%@1600 GR3D_FREQ 0%@614 APE 25 PLL@29.5C CPU@31.5C iwlwifi@32C PMIC@50C GPU@29.5C AO@40.5C thermal@30.75C POM_5V_IN 2215/2073 POM_5V_GPU 82/82 POM_5V_CPU 574/460
RAM 1382/3964MB (lfb 8x4MB) SWAP 779/6078MB (cached 36MB) IRAM 0/252kB(lfb 252kB) CPU [9%@921,5%@921,off,off] EMC_FREQ 0%@1600 GR3D_FREQ 0%@614 APE 25 PLL@29.5C CPU@31.5C iwlwifi@32C PMIC@50C GPU@30C AO@41C thermal@30.25C POM_5V_IN 1934/2073 POM_5V_GPU 82/82 POM_5V_CPU 329/460
RAM 1381/3964MB (lfb 8x4MB) SWAP 779/6078MB (cached 36MB) IRAM 0/252kB(lfb 252kB) CPU [7%@921,7%@921,off,off] EMC_FREQ 0%@1600 GR3D_FREQ 0%@614 APE 25 PLL@29.5C CPU@31C iwlwifi@32C PMIC@50C GPU@30C AO@41C thermal@30.75C POM_5V_IN 1934/2073 POM_5V_GPU 82/82 POM_5V_CPU 329/460
RAM 1380/3964MB (lfb 8x4MB) SWAP 779/6078MB (cached 36MB) IRAM 0/252kB(lfb 252kB) CPU [7%@921,6%@921,off,off] EMC_FREQ 0%@1600 GR3D_FREQ 0%@614 APE 25 PLL@29.5C CPU@31C iwlwifi@32C PMIC@50C GPU@30C AO@41C thermal@30.25C POM_5V_IN 1892/2073 POM_5V_GPU 82/82 POM_5V_CPU 329/460
RAM 1380/3964MB (lfb 8x4MB) SWAP 779/6078MB (cached 36MB) IRAM 0/252kB(lfb 252kB) CPU [7%@921,7%@921,off,off] EMC_FREQ 0%@1600 GR3D_FREQ 0%@614 APE 25 PLL@29.5C CPU@31.5C iwlwifi@32C PMIC@50C GPU@30C AO@41C thermal@30.75C POM_5V_IN 1892/2073 POM_5V_GPU 82/82 POM_5V_CPU 288/460
RAM 1382/3964MB (lfb 8x4MB) SWAP 779/6078MB (cached 36MB) IRAM 0/252kB(lfb 252kB) CPU [8%@921,5%@921,off,off] EMC_FREQ 0%@1600 GR3D_FREQ 0%@614 APE 25 PLL@29.5C CPU@31.5C iwlwifi@33C PMIC@50C GPU@29.5C AO@41C thermal@30.5C POM_5V_IN 1934/2073 POM_5V_GPU 82/82 POM_5V_CPU 329/460
RAM 1384/3964MB (lfb 8x4MB) SWAP 779/6078MB (cached 36MB) IRAM 0/252kB(lfb 252kB) CPU [7%@921,7%@921,off,off] EMC_FREQ 0%@1600 GR3D_FREQ 0%@614 APE 25 PLL@29.5C CPU@31.5C iwlwifi@32C PMIC@50C GPU@30C AO@41C thermal@30.5C POM_5V_IN 2174/2073 POM_5V_GPU 82/82 POM_5V_CPU 574/460
RAM 1366/3964MB (lfb 8x4MB) SWAP 779/6078MB (cached 36MB) IRAM 0/252kB(lfb 252kB) CPU [8%@921,5%@921,off,off] EMC_FREQ 0%@1600 GR3D_FREQ 0%@614 APE 25 PLL@30C CPU@31.5C iwlwifi@32C PMIC@50C GPU@30C AO@41C thermal@30.5C POM_5V_IN 2297/2073 POM_5V_GPU 81/82 POM_5V_CPU 614/460
RAM 1382/3964MB (lfb 8x4MB) SWAP 779/6078MB (cached 36MB) IRAM 0/252kB(lfb 252kB) CPU [7%@921,6%@921,off,off] EMC_FREQ 0%@1600 GR3D_FREQ 0%@614 APE 25 PLL@29.5C CPU@31.5C iwlwifi@32C PMIC@50C GPU@30C AO@41.5C thermal@30.75C POM_5V_IN 2215/2073 POM_5V_GPU 82/82 POM_5V_CPU 574/460
RAM 1366/3964MB (lfb 8x4MB) SWAP 779/6078MB (cached 36MB) IRAM 0/252kB(lfb 252kB) CPU [5%@921,8%@921,off,off] EMC_FREQ 0%@1600 GR3D_FREQ 0%@614 APE 25 PLL@29.5C CPU@31.5C iwlwifi@32C PMIC@50C GPU@29.5C AO@41C thermal@30.5C POM_5V_IN 2054/2073 POM_5V_GPU 82/82 POM_5V_CPU 451/460
RAM 1382/3964MB (lfb 8x4MB) SWAP 779/6078MB (cached 36MB) IRAM 0/252kB(lfb 252kB) CPU [5%@921,7%@921,off,off] EMC_FREQ 0%@1600 GR3D_FREQ 0%@614 APE 25 PLL@29.5C CPU@31.5C iwlwifi@32C PMIC@50C GPU@30C AO@41C thermal@30.75C POM_5V_IN 2174/2073 POM_5V_GPU 82/82 POM_5V_CPU 574/460
RAM 1366/3964MB (lfb 8x4MB) SWAP 779/6078MB (cached 36MB) IRAM 0/252kB(lfb 252kB) CPU [5%@921,9%@921,off,off] EMC_FREQ 0%@1600 GR3D_FREQ 0%@614 APE 25 PLL@29.5C CPU@31.5C iwlwifi@32C PMIC@50C GPU@30C AO@41C thermal@30.75C POM_5V_IN 2290/2073 POM_5V_GPU 81/82 POM_5V_CPU 654/460
RAM 1366/3964MB (lfb 8x4MB) SWAP 779/6078MB (cached 36MB) IRAM 0/252kB(lfb 252kB) CPU [6%@921,8%@921,off,off] EMC_FREQ 0%@1600 GR3D_FREQ 0%@614 APE 25 PLL@30C CPU@31C iwlwifi@32C PMIC@50C GPU@30C AO@41C thermal@30.5C POM_5V_IN 2215/2073 POM_5V_GPU 82/82 POM_5V_CPU 615/461
RAM 1384/3964MB (lfb 8x4MB) SWAP 779/6078MB (cached 36MB) IRAM 0/252kB(lfb 252kB) CPU [5%@921,8%@921,off,off] EMC_FREQ 0%@1600 GR3D_FREQ 0%@614 APE 25 PLL@29.5C CPU@31.5C iwlwifi@32C PMIC@50C GPU@30C AO@41C thermal@30.75C POM_5V_IN 2174/2073 POM_5V_GPU 82/82 POM_5V_CPU 574/461
RAM 1366/3964MB (lfb 8x4MB) SWAP 779/6078MB (cached 36MB) IRAM 0/252kB(lfb 252kB) CPU [6%@921,7%@921,off,off] EMC_FREQ 0%@1600 GR3D_FREQ 0%@614 APE 25 PLL@29.5C CPU@31.5C iwlwifi@32C PMIC@50C GPU@30C AO@41C thermal@30.25C POM_5V_IN 1851/2073 POM_5V_GPU 82/82 POM_5V_CPU 288/461
RAM 1366/3964MB (lfb 8x4MB) SWAP 779/6078MB (cached 36MB) IRAM 0/252kB(lfb 252kB) CPU [5%@921,9%@921,off,off] EMC_FREQ 0%@1600 GR3D_FREQ 0%@614 APE 25 PLL@30C CPU@31.5C iwlwifi@32C PMIC@50C GPU@29.5C AO@41C thermal@30.75C POM_5V_IN 2215/2073 POM_5V_GPU 82/82 POM_5V_CPU 574/461
RAM 1366/3964MB (lfb 8x4MB) SWAP 779/6078MB (cached 36MB) IRAM 0/252kB(lfb 252kB) CPU [6%@921,7%@921,off,off] EMC_FREQ 0%@1600 GR3D_FREQ 0%@614 APE 25 PLL@29.5C CPU@31.5C iwlwifi@32C PMIC@50C GPU@30C AO@41C thermal@30.5C POM_5V_IN 2174/2074 POM_5V_GPU 82/82 POM_5V_CPU 533/461
RAM 1366/3964MB (lfb 8x4MB) SWAP 779/6078MB (cached 36MB) IRAM 0/252kB(lfb 252kB) CPU [9%@921,5%@921,off,off] EMC_FREQ 0%@1600 GR3D_FREQ 0%@614 APE 25 PLL@30C CPU@31.5C iwlwifi@32C PMIC@50C GPU@30C AO@41C thermal@30.75C POM_5V_IN 2174/2074 POM_5V_GPU 82/82 POM_5V_CPU 574/461
RAM 1384/3964MB (lfb 8x4MB) SWAP 779/6078MB (cached 36MB) IRAM 0/252kB(lfb 252kB) CPU [7%@921,6%@921,off,off] EMC_FREQ 0%@1600 GR3D_FREQ 0%@614 APE 25 PLL@30C CPU@31.5C iwlwifi@32C PMIC@50C GPU@29.5C AO@41C thermal@30.5C POM_5V_IN 2174/2074 POM_5V_GPU 82/82 POM_5V_CPU 533/461
RAM 1366/3964MB (lfb 8x4MB) SWAP 779/6078MB (cached 36MB) IRAM 0/252kB(lfb 252kB) CPU [9%@921,5%@921,off,off] EMC_FREQ 0%@1600 GR3D_FREQ 0%@614 APE 25 PLL@29.5C CPU@31.5C iwlwifi@32C PMIC@50C GPU@30C AO@41C thermal@30.5C POM_5V_IN 1972/2074 POM_5V_GPU 82/82 POM_5V_CPU 369/461
RAM 1380/3964MB (lfb 8x4MB) SWAP 779/6078MB (cached 36MB) IRAM 0/252kB(lfb 252kB) CPU [7%@921,6%@921,off,off] EMC_FREQ 0%@1600 GR3D_FREQ 0%@614 APE 25 PLL@29.5C CPU@31.5C iwlwifi@32C PMIC@50C GPU@29.5C AO@41C thermal@30.5C POM_5V_IN 2174/2074 POM_5V_GPU 82/82 POM_5V_CPU 533/461
RAM 1382/3964MB (lfb 8x4MB) SWAP 779/6078MB (cached 36MB) IRAM 0/252kB(lfb 252kB) CPU [7%@921,7%@921,off,off] EMC_FREQ 0%@1600 GR3D_FREQ 0%@614 APE 25 PLL@29.5C CPU@31C iwlwifi@32C PMIC@50C GPU@29.5C AO@41C thermal@30.75C POM_5V_IN 1892/2074 POM_5V_GPU 82/82 POM_5V_CPU 329/461
RAM 1384/3964MB (lfb 8x4MB) SWAP 779/6078MB (cached 36MB) IRAM 0/252kB(lfb 252kB) CPU [6%@921,8%@921,off,off] EMC_FREQ 0%@1600 GR3D_FREQ 0%@614 APE 25 PLL@30C CPU@32C iwlwifi@32C PMIC@50C GPU@30C AO@41C thermal@30.75C POM_5V_IN 1934/2073 POM_5V_GPU 82/82 POM_5V_CPU 329/461
RAM 1384/3964MB (lfb 8x4MB) SWAP 779/6078MB (cached 36MB) IRAM 0/252kB(lfb 252kB) CPU [8%@921,6%@921,off,off] EMC_FREQ 0%@1600 GR3D_FREQ 0%@614 APE 25 PLL@29.5C CPU@31.5C iwlwifi@32C PMIC@50C GPU@30C AO@41C thermal@30.25C POM_5V_IN 1975/2073 POM_5V_GPU 82/82 POM_5V_CPU 370/460
RAM 1380/3964MB (lfb 8x4MB) SWAP 779/6078MB (cached 36MB) IRAM 0/252kB(lfb 252kB) CPU [8%@921,5%@921,off,off] EMC_FREQ 0%@1600 GR3D_FREQ 0%@614 APE 25 PLL@30C CPU@31.5C iwlwifi@32C PMIC@50C GPU@29.5C AO@41C thermal@30.75C POM_5V_IN 1892/2073 POM_5V_GPU 82/82 POM_5V_CPU 329/460
RAM 1365/3964MB (lfb 8x4MB) SWAP 779/6078MB (cached 36MB) IRAM 0/252kB(lfb 252kB) CPU [6%@921,7%@921,off,off] EMC_FREQ 0%@1600 GR3D_FREQ 0%@614 APE 25 PLL@30C CPU@31.5C iwlwifi@32C PMIC@50C GPU@30C AO@41C thermal@30.75C POM_5V_IN 2256/2073 POM_5V_GPU 82/82 POM_5V_CPU 615/461
RAM 1365/3964MB (lfb 8x4MB) SWAP 774/6078MB (cached 36MB) IRAM 0/252kB(lfb 252kB) CPU [8%@921,6%@921,off,off] EMC_FREQ 0%@1600 GR3D_FREQ 0%@614 APE 25 PLL@29.5C CPU@32C iwlwifi@32C PMIC@50C GPU@30C AO@40.5C thermal@30.5C POM_5V_IN 2215/2073 POM_5V_GPU 82/82 POM_5V_CPU 574/461
RAM 1365/3964MB (lfb 8x4MB) SWAP 774/6078MB (cached 36MB) IRAM 0/252kB(lfb 252kB) CPU [7%@921,7%@921,off,off] EMC_FREQ 0%@1600 GR3D_FREQ 0%@614 APE 25 PLL@30C CPU@32C iwlwifi@32C PMIC@50C GPU@29.5C AO@41C thermal@30.5C POM_5V_IN 2297/2074 POM_5V_GPU 82/82 POM_5V_CPU 573/461
RAM 1365/3964MB (lfb 8x4MB) SWAP 774/6078MB (cached 36MB) IRAM 0/252kB(lfb 252kB) CPU [8%@921,5%@921,off,off] EMC_FREQ 0%@1600 GR3D_FREQ 0%@614 APE 25 PLL@29.5C CPU@31.5C iwlwifi@32C PMIC@50C GPU@30C AO@41C thermal@30.75C POM_5V_IN 2174/2074 POM_5V_GPU 82/82 POM_5V_CPU 574/461
RAM 1365/3964MB (lfb 8x4MB) SWAP 774/6078MB (cached 36MB) IRAM 0/252kB(lfb 252kB) CPU [8%@921,6%@921,off,off] EMC_FREQ 0%@1600 GR3D_FREQ 0%@614 APE 25 PLL@29.5C CPU@31.5C iwlwifi@32C PMIC@50C GPU@29.5C AO@41C thermal@30.5C POM_5V_IN 2170/2074 POM_5V_GPU 81/82 POM_5V_CPU 573/461
RAM 1382/3964MB (lfb 8x4MB) SWAP 774/6078MB (cached 36MB) IRAM 0/252kB(lfb 252kB) CPU [8%@921,6%@921,off,off] EMC_FREQ 0%@1600 GR3D_FREQ 0%@614 APE 25 PLL@30C CPU@31.5C iwlwifi@32C PMIC@50C GPU@30C AO@41C thermal@30.5C POM_5V_IN 2174/2074 POM_5V_GPU 82/82 POM_5V_CPU 574/461
RAM 1365/3964MB (lfb 8x4MB) SWAP 774/6078MB (cached 36MB) IRAM 0/252kB(lfb 252kB) CPU [5%@921,8%@921,off,off] EMC_FREQ 0%@1600 GR3D_FREQ 0%@614 APE 25 PLL@29.5C CPU@31.5C iwlwifi@32C PMIC@50C GPU@29.5C AO@41C thermal@30.25C POM_5V_IN 1934/2074 POM_5V_GPU 82/82 POM_5V_CPU 329/461
RAM 1380/3964MB (lfb 8x4MB) SWAP 774/6078MB (cached 36MB) IRAM 0/252kB(lfb 252kB) CPU [8%@921,5%@921,off,off] EMC_FREQ 0%@1600 GR3D_FREQ 0%@614 APE 25 PLL@29.5C CPU@31.5C iwlwifi@32C PMIC@50C GPU@29.5C AO@41C thermal@30.5C POM_5V_IN 2174/2074 POM_5V_GPU 82/82 POM_5V_CPU 533/461
RAM 1365/3964MB (lfb 8x4MB) SWAP 774/6078MB (cached 36MB) IRAM 0/252kB(lfb 252kB) CPU [7%@921,6%@921,off,off] EMC_FREQ 0%@1600 GR3D_FREQ 0%@614 APE 25 PLL@30C CPU@31C iwlwifi@32C PMIC@50C GPU@30C AO@41C thermal@30.5C POM_5V_IN 1934/2074 POM_5V_GPU 82/82 POM_5V_CPU 329/461
RAM 1379/3964MB (lfb 8x4MB) SWAP 774/6078MB (cached 36MB) IRAM 0/252kB(lfb 252kB) CPU [5%@921,8%@921,off,off] EMC_FREQ 0%@1600 GR3D_FREQ 0%@614 APE 25 PLL@29.5C CPU@31.5C iwlwifi@32C PMIC@50C GPU@30C AO@41C thermal@30.25C POM_5V_IN 2133/2074 POM_5V_GPU 82/82 POM_5V_CPU 574/461
RAM 1380/3964MB (lfb 8x4MB) SWAP 774/6078MB (cached 36MB) IRAM 0/252kB(lfb 252kB) CPU [6%@921,8%@921,off,off] EMC_FREQ 0%@1600 GR3D_FREQ 0%@614 APE 25 PLL@29.5C CPU@31C iwlwifi@32C PMIC@50C GPU@29.5C AO@41C thermal@30.5C POM_5V_IN 1934/2074 POM_5V_GPU 82/82 POM_5V_CPU 329/461
RAM 1384/3964MB (lfb 8x4MB) SWAP 774/6078MB (cached 36MB) IRAM 0/252kB(lfb 252kB) CPU [7%@921,7%@921,off,off] EMC_FREQ 0%@1600 GR3D_FREQ 0%@614 APE 25 PLL@30C CPU@31C iwlwifi@32C PMIC@50C GPU@30C AO@41C thermal@30.75C POM_5V_IN 1934/2074 POM_5V_GPU 82/82 POM_5V_CPU 370/461
RAM 1380/3964MB (lfb 8x4MB) SWAP 774/6078MB (cached 36MB) IRAM 0/252kB(lfb 252kB) CPU [6%@921,6%@921,off,off] EMC_FREQ 0%@1600 GR3D_FREQ 0%@614 APE 25 PLL@29.5C CPU@31.5C iwlwifi@32C PMIC@50C GPU@30C AO@41.5C thermal@30.75C POM_5V_IN 1892/2073 POM_5V_GPU 82/82 POM_5V_CPU 329/461
RAM 1365/3964MB (lfb 8x4MB) SWAP 774/6078MB (cached 36MB) IRAM 0/252kB(lfb 252kB) CPU [10%@921,5%@921,off,off] EMC_FREQ 0%@1600 GR3D_FREQ 0%@614 APE 25 PLL@29.5C CPU@31.5C iwlwifi@32C PMIC@50C GPU@30C AO@41C thermal@31C POM_5V_IN 2174/2073 POM_5V_GPU 82/82 POM_5V_CPU 574/461
RAM 1382/3964MB (lfb 8x4MB) SWAP 774/6078MB (cached 36MB) IRAM 0/252kB(lfb 252kB) CPU [6%@921,6%@921,off,off] EMC_FREQ 0%@1600 GR3D_FREQ 0%@614 APE 25 PLL@29.5C CPU@31.5C iwlwifi@32C PMIC@50C GPU@29.5C AO@41C thermal@30.5C POM_5V_IN 2174/2074 POM_5V_GPU 82/82 POM_5V_CPU 533/461
RAM 1384/3964MB (lfb 8x4MB) SWAP 774/6078MB (cached 36MB) IRAM 0/252kB(lfb 252kB) CPU [7%@921,6%@921,off,off] EMC_FREQ 0%@1600 GR3D_FREQ 0%@614 APE 25 PLL@29.5C CPU@31.5C iwlwifi@32C PMIC@50C GPU@30C AO@41C thermal@30.5C POM_5V_IN 1892/2073 POM_5V_GPU 82/82 POM_5V_CPU 329/461
RAM 1383/3964MB (lfb 8x4MB) SWAP 774/6078MB (cached 36MB) IRAM 0/252kB(lfb 252kB) CPU [8%@921,6%@921,off,off] EMC_FREQ 0%@1600 GR3D_FREQ 0%@614 APE 25 PLL@30C CPU@31.5C iwlwifi@32C PMIC@50C GPU@30C AO@41C thermal@30.5C POM_5V_IN 1892/2073 POM_5V_GPU 82/82 POM_5V_CPU 329/461
RAM 1382/3964MB (lfb 8x4MB) SWAP 774/6078MB (cached 36MB) IRAM 0/252kB(lfb 252kB) CPU [6%@921,7%@921,off,off] EMC_FREQ 0%@1600 GR3D_FREQ 0%@614 APE 25 PLL@29.5C CPU@31.5C iwlwifi@32C PMIC@50C GPU@30C AO@41C thermal@30.25C POM_5V_IN 1892/2073 POM_5V_GPU 82/82 POM_5V_CPU 288/460
RAM 1382/3964MB (lfb 8x4MB) SWAP 774/6078MB (cached 36MB) IRAM 0/252kB(lfb 252kB) CPU [9%@921,5%@921,off,off] EMC_FREQ 0%@1600 GR3D_FREQ 0%@614 APE 25 PLL@29.5C CPU@31C iwlwifi@32C PMIC@50C GPU@30C AO@41C thermal@30.5C POM_5V_IN 1892/2073 POM_5V_GPU 82/82 POM_5V_CPU 329/460
RAM 1384/3964MB (lfb 8x4MB) SWAP 774/6078MB (cached 36MB) IRAM 0/252kB(lfb 252kB) CPU [7%@921,6%@921,off,off] EMC_FREQ 0%@1600 GR3D_FREQ 0%@614 APE 25 PLL@29.5C CPU@31.5C iwlwifi@32C PMIC@50C GPU@29.5C AO@41.5C thermal@30.5C POM_5V_IN 1892/2073 POM_5V_GPU 82/82 POM_5V_CPU 329/460
RAM 1382/3964MB (lfb 8x4MB) SWAP 774/6078MB (cached 36MB) IRAM 0/252kB(lfb 252kB) CPU [7%@921,6%@921,off,off] EMC_FREQ 0%@1600 GR3D_FREQ 0%@614 APE 25 PLL@29.5C CPU@31.5C iwlwifi@32C PMIC@50C GPU@29.5C AO@41C thermal@30.5C POM_5V_IN 1934/2073 POM_5V_GPU 82/82 POM_5V_CPU 329/460
RAM 1382/3964MB (lfb 8x4MB) SWAP 774/6078MB (cached 36MB) IRAM 0/252kB(lfb 252kB) CPU [6%@921,6%@921,off,off] EMC_FREQ 0%@1600 GR3D_FREQ 0%@614 APE 25 PLL@30C CPU@31.5C iwlwifi@32C PMIC@50C GPU@30C AO@41C thermal@30.75C POM_5V_IN 1934/2073 POM_5V_GPU 82/82 POM_5V_CPU 329/460
RAM 1382/3964MB (lfb 8x4MB) SWAP 774/6078MB (cached 36MB) IRAM 0/252kB(lfb 252kB) CPU [9%@921,6%@921,off,off] EMC_FREQ 0%@1600 GR3D_FREQ 0%@614 APE 25 PLL@29.5C CPU@31.5C iwlwifi@32C PMIC@50C GPU@30C AO@41C thermal@30.25C POM_5V_IN 2133/2073 POM_5V_GPU 82/82 POM_5V_CPU 532/460
RAM 1365/3964MB (lfb 8x4MB) SWAP 774/6078MB (cached 36MB) IRAM 0/252kB(lfb 252kB) CPU [11%@921,3%@921,off,off] EMC_FREQ 0%@1600 GR3D_FREQ 0%@614 APE 25 PLL@30C CPU@31.5C iwlwifi@32C PMIC@50C GPU@30C AO@41C thermal@30.5C POM_5V_IN 2256/2073 POM_5V_GPU 82/82 POM_5V_CPU 614/460
RAM 1365/3964MB (lfb 8x4MB) SWAP 774/6078MB (cached 36MB) IRAM 0/252kB(lfb 252kB) CPU [7%@921,7%@921,off,off] EMC_FREQ 0%@1600 GR3D_FREQ 0%@614 APE 25 PLL@30C CPU@31C iwlwifi@32C PMIC@50C GPU@30C AO@41C thermal@30.5C POM_5V_IN 2215/2073 POM_5V_GPU 82/82 POM_5V_CPU 574/460
RAM 1365/3964MB (lfb 8x4MB) SWAP 774/6078MB (cached 36MB) IRAM 0/252kB(lfb 252kB) CPU [4%@921,9%@921,off,off] EMC_FREQ 0%@1600 GR3D_FREQ 0%@614 APE 25 PLL@30C CPU@31.5C iwlwifi@32C PMIC@50C GPU@30C AO@41C thermal@30.25C POM_5V_IN 2211/2073 POM_5V_GPU 81/82 POM_5V_CPU 573/460
RAM 1380/3964MB (lfb 8x4MB) SWAP 774/6078MB (cached 36MB) IRAM 0/252kB(lfb 252kB) CPU [6%@921,7%@921,off,off] EMC_FREQ 0%@1600 GR3D_FREQ 0%@614 APE 25 PLL@29.5C CPU@31.5C iwlwifi@32C PMIC@50C GPU@29.5C AO@41C thermal@30.5C POM_5V_IN 2174/2073 POM_5V_GPU 82/82 POM_5V_CPU 574/460
RAM 1365/3964MB (lfb 8x4MB) SWAP 774/6078MB (cached 36MB) IRAM 0/252kB(lfb 252kB) CPU [7%@921,7%@921,off,off] EMC_FREQ 0%@1600 GR3D_FREQ 0%@614 APE 25 PLL@30C CPU@31C iwlwifi@32C PMIC@50C GPU@30C AO@41C thermal@30.5C POM_5V_IN 1892/2073 POM_5V_GPU 82/82 POM_5V_CPU 329/460
RAM 1384/3964MB (lfb 8x4MB) SWAP 774/6078MB (cached 36MB) IRAM 0/252kB(lfb 252kB) CPU [7%@921,6%@921,off,off] EMC_FREQ 0%@1600 GR3D_FREQ 0%@614 APE 25 PLL@29.5C CPU@31C iwlwifi@32C PMIC@50C GPU@29.5C AO@41C thermal@30.25C POM_5V_IN 2174/2073 POM_5V_GPU 82/82 POM_5V_CPU 533/460
RAM 1380/3964MB (lfb 8x4MB) SWAP 774/6078MB (cached 36MB) IRAM 0/252kB(lfb 252kB) CPU [8%@921,5%@921,off,off] EMC_FREQ 0%@1600 GR3D_FREQ 0%@614 APE 25 PLL@30C CPU@31C iwlwifi@32C PMIC@50C GPU@29.5C AO@41C thermal@30.5C POM_5V_IN 1934/2073 POM_5V_GPU 82/82 POM_5V_CPU 329/460
RAM 1380/3964MB (lfb 8x4MB) SWAP 774/6078MB (cached 36MB) IRAM 0/252kB(lfb 252kB) CPU [6%@921,8%@921,off,off] EMC_FREQ 0%@1600 GR3D_FREQ 0%@614 APE 25 PLL@29.5C CPU@31.5C iwlwifi@32C PMIC@50C GPU@30C AO@41C thermal@30.25C POM_5V_IN 1892/2073 POM_5V_GPU 82/82 POM_5V_CPU 288/460
RAM 1384/3964MB (lfb 8x4MB) SWAP 774/6078MB (cached 36MB) IRAM 0/252kB(lfb 252kB) CPU [7%@921,7%@921,off,off] EMC_FREQ 0%@1600 GR3D_FREQ 0%@614 APE 25 PLL@29.5C CPU@31.5C iwlwifi@32C PMIC@50C GPU@30C AO@41C thermal@30.75C POM_5V_IN 1810/2073 POM_5V_GPU 82/82 POM_5V_CPU 246/460
RAM 1384/3964MB (lfb 8x4MB) SWAP 774/6078MB (cached 36MB) IRAM 0/252kB(lfb 252kB) CPU [5%@921,8%@921,off,off] EMC_FREQ 0%@1600 GR3D_FREQ 0%@614 APE 25 PLL@29.5C CPU@31C iwlwifi@32C PMIC@50C GPU@30C AO@41C thermal@30.5C POM_5V_IN 1892/2073 POM_5V_GPU 82/82 POM_5V_CPU 329/460
RAM 1382/3964MB (lfb 8x4MB) SWAP 774/6078MB (cached 36MB) IRAM 0/252kB(lfb 252kB) CPU [5%@921,8%@921,off,off] EMC_FREQ 0%@1600 GR3D_FREQ 0%@614 APE 25 PLL@29.5C CPU@31C iwlwifi@32C PMIC@50C GPU@29.5C AO@41C thermal@30.25C POM_5V_IN 1934/2073 POM_5V_GPU 82/82 POM_5V_CPU 329/460
RAM 1365/3964MB (lfb 8x4MB) SWAP 774/6078MB (cached 36MB) IRAM 0/252kB(lfb 252kB) CPU [5%@921,8%@921,off,off] EMC_FREQ 0%@1600 GR3D_FREQ 0%@614 APE 25 PLL@29.5C CPU@31.5C iwlwifi@32C PMIC@50C GPU@30C AO@41C thermal@30.75C POM_5V_IN 2174/2073 POM_5V_GPU 82/82 POM_5V_CPU 533/460
RAM 1366/3964MB (lfb 8x4MB) SWAP 774/6078MB (cached 36MB) IRAM 0/252kB(lfb 252kB) CPU [9%@921,5%@921,off,off] EMC_FREQ 0%@1600 GR3D_FREQ 0%@614 APE 25 PLL@30C CPU@31.5C iwlwifi@32C PMIC@50C GPU@29.5C AO@41C thermal@30.25C POM_5V_IN 2215/2073 POM_5V_GPU 82/82 POM_5V_CPU 574/460
RAM 1366/3964MB (lfb 8x4MB) SWAP 774/6078MB (cached 36MB) IRAM 0/252kB(lfb 252kB) CPU [6%@921,6%@921,off,off] EMC_FREQ 0%@1600 GR3D_FREQ 0%@614 APE 25 PLL@30C CPU@31.5C iwlwifi@32C PMIC@50C GPU@29.5C AO@41C thermal@30.5C POM_5V_IN 2133/2073 POM_5V_GPU 82/82 POM_5V_CPU 533/460
RAM 1380/3964MB (lfb 8x4MB) SWAP 774/6078MB (cached 36MB) IRAM 0/252kB(lfb 252kB) CPU [7%@921,6%@921,off,off] EMC_FREQ 0%@1600 GR3D_FREQ 0%@614 APE 25 PLL@30C CPU@31.5C iwlwifi@32C PMIC@50C GPU@30C AO@40.5C thermal@30.25C POM_5V_IN 2174/2073 POM_5V_GPU 82/82 POM_5V_CPU 533/460
RAM 1366/3964MB (lfb 8x4MB) SWAP 774/6078MB (cached 36MB) IRAM 0/252kB(lfb 252kB) CPU [6%@921,7%@921,off,off] EMC_FREQ 0%@1600 GR3D_FREQ 0%@614 APE 25 PLL@30C CPU@31.5C iwlwifi@32C PMIC@50C GPU@29.5C AO@41C thermal@30.25C POM_5V_IN 1892/2073 POM_5V_GPU 82/82 POM_5V_CPU 329/460
RAM 1380/3964MB (lfb 8x4MB) SWAP 774/6078MB (cached 36MB) IRAM 0/252kB(lfb 252kB) CPU [4%@921,8%@921,off,off] EMC_FREQ 0%@1600 GR3D_FREQ 0%@614 APE 25 PLL@30C CPU@31.5C iwlwifi@32C PMIC@50C GPU@30C AO@41C thermal@30.25C POM_5V_IN 2174/2073 POM_5V_GPU 82/82 POM_5V_CPU 574/460
RAM 1365/3964MB (lfb 8x4MB) SWAP 774/6078MB (cached 36MB) IRAM 0/252kB(lfb 252kB) CPU [7%@921,7%@921,off,off] EMC_FREQ 0%@1600 GR3D_FREQ 0%@614 APE 25 PLL@29.5C CPU@31.5C iwlwifi@32C PMIC@50C GPU@29.5C AO@40.5C thermal@30.75C POM_5V_IN 2013/2073 POM_5V_GPU 82/82 POM_5V_CPU 410/460
RAM 1384/3964MB (lfb 8x4MB) SWAP 774/6078MB (cached 36MB) IRAM 0/252kB(lfb 252kB) CPU [4%@921,9%@921,off,off] EMC_FREQ 0%@1600 GR3D_FREQ 0%@614 APE 25 PLL@30C CPU@31.5C iwlwifi@32C PMIC@50C GPU@30C AO@40.5C thermal@30.5C POM_5V_IN 2174/2073 POM_5V_GPU 82/82 POM_5V_CPU 533/460
RAM 1384/3964MB (lfb 8x4MB) SWAP 774/6078MB (cached 36MB) IRAM 0/252kB(lfb 252kB) CPU [7%@921,6%@921,off,off] EMC_FREQ 0%@1600 GR3D_FREQ 0%@614 APE 25 PLL@30C CPU@31C iwlwifi@32C PMIC@50C GPU@30C AO@40.5C thermal@30.5C POM_5V_IN 1931/2073 POM_5V_GPU 82/82 POM_5V_CPU 328/460
RAM 1384/3964MB (lfb 8x4MB) SWAP 774/6078MB (cached 36MB) IRAM 0/252kB(lfb 252kB) CPU [7%@921,6%@921,off,off] EMC_FREQ 0%@1600 GR3D_FREQ 0%@614 APE 25 PLL@30C CPU@31C iwlwifi@32C PMIC@50C GPU@30C AO@40.5C thermal@30.5C POM_5V_IN 1934/2073 POM_5V_GPU 82/82 POM_5V_CPU 370/460
RAM 1384/3964MB (lfb 8x4MB) SWAP 774/6078MB (cached 36MB) IRAM 0/252kB(lfb 252kB) CPU [8%@921,6%@921,off,off] EMC_FREQ 0%@1600 GR3D_FREQ 0%@614 APE 25 PLL@29.5C CPU@31C iwlwifi@32C PMIC@50C GPU@30C AO@40.5C thermal@30.25C POM_5V_IN 1934/2072 POM_5V_GPU 82/82 POM_5V_CPU 329/460
RAM 1382/3964MB (lfb 8x4MB) SWAP 774/6078MB (cached 36MB) IRAM 0/252kB(lfb 252kB) CPU [3%@921,10%@921,off,off] EMC_FREQ 0%@1600 GR3D_FREQ 0%@614 APE 25 PLL@30C CPU@31.5C iwlwifi@32C PMIC@50C GPU@30C AO@40.5C thermal@30.5C POM_5V_IN 1892/2072 POM_5V_GPU 82/82 POM_5V_CPU 288/460
RAM 1365/3964MB (lfb 8x4MB) SWAP 774/6078MB (cached 36MB) IRAM 0/252kB(lfb 252kB) CPU [7%@921,7%@921,off,off] EMC_FREQ 0%@1600 GR3D_FREQ 0%@614 APE 25 PLL@30C CPU@31.5C iwlwifi@32C PMIC@50C GPU@30C AO@41C thermal@30.75C POM_5V_IN 2334/2073 POM_5V_GPU 81/82 POM_5V_CPU 655/460
RAM 1365/3964MB (lfb 8x4MB) SWAP 774/6078MB (cached 36MB) IRAM 0/252kB(lfb 252kB) CPU [8%@921,5%@921,off,off] EMC_FREQ 0%@1600 GR3D_FREQ 0%@614 APE 25 PLL@30C CPU@31.5C iwlwifi@32C PMIC@50C GPU@30C AO@41C thermal@30.5C POM_5V_IN 2174/2073 POM_5V_GPU 82/82 POM_5V_CPU 574/460
RAM 1365/3964MB (lfb 8x4MB) SWAP 774/6078MB (cached 36MB) IRAM 0/252kB(lfb 252kB) CPU [9%@921,4%@921,off,off] EMC_FREQ 0%@1600 GR3D_FREQ 0%@614 APE 25 PLL@30C CPU@31.5C iwlwifi@32C PMIC@50C GPU@30C AO@40.5C thermal@30.5C POM_5V_IN 2174/2073 POM_5V_GPU 82/82 POM_5V_CPU 533/460
RAM 1384/3964MB (lfb 8x4MB) SWAP 774/6078MB (cached 36MB) IRAM 0/252kB(lfb 252kB) CPU [7%@921,6%@921,off,off] EMC_FREQ 0%@1600 GR3D_FREQ 0%@614 APE 25 PLL@30C CPU@31.5C iwlwifi@32C PMIC@50C GPU@30C AO@40.5C thermal@30.5C POM_5V_IN 2174/2073 POM_5V_GPU 82/82 POM_5V_CPU 574/460
RAM 1365/3964MB (lfb 8x4MB) SWAP 774/6078MB (cached 36MB) IRAM 0/252kB(lfb 252kB) CPU [7%@921,6%@921,off,off] EMC_FREQ 0%@1600 GR3D_FREQ 0%@614 APE 25 PLL@30C CPU@31.5C iwlwifi@32C PMIC@50C GPU@30C AO@41C thermal@30.75C POM_5V_IN 1934/2073 POM_5V_GPU 82/82 POM_5V_CPU 329/460
RAM 1382/3964MB (lfb 8x4MB) SWAP 774/6078MB (cached 36MB) IRAM 0/252kB(lfb 252kB) CPU [4%@921,8%@921,off,off] EMC_FREQ 0%@1600 GR3D_FREQ 0%@614 APE 25 PLL@29.5C CPU@31.5C iwlwifi@32C PMIC@50C GPU@30C AO@41C thermal@30.5C POM_5V_IN 2174/2073 POM_5V_GPU 82/82 POM_5V_CPU 574/460
RAM 1382/3964MB (lfb 8x4MB) SWAP 774/6078MB (cached 36MB) IRAM 0/252kB(lfb 252kB) CPU [8%@921,5%@921,off,off] EMC_FREQ 0%@1600 GR3D_FREQ 0%@614 APE 25 PLL@29.5C CPU@31C iwlwifi@32C PMIC@50C GPU@30C AO@40.5C thermal@30.25C POM_5V_IN 1731/2072 POM_5V_GPU 82/82 POM_5V_CPU 164/460
RAM 1382/3964MB (lfb 8x4MB) SWAP 774/6078MB (cached 36MB) IRAM 0/252kB(lfb 252kB) CPU [6%@921,8%@921,off,off] EMC_FREQ 0%@1600 GR3D_FREQ 0%@614 APE 25 PLL@29.5C CPU@31C iwlwifi@32C PMIC@50C GPU@29.5C AO@40.5C thermal@30.5C POM_5V_IN 1934/2072 POM_5V_GPU 82/82 POM_5V_CPU 329/460
RAM 1380/3964MB (lfb 8x4MB) SWAP 774/6078MB (cached 36MB) IRAM 0/252kB(lfb 252kB) CPU [8%@921,5%@921,off,off] EMC_FREQ 0%@1600 GR3D_FREQ 0%@614 APE 25 PLL@29.5C CPU@31C iwlwifi@32C PMIC@50C GPU@29.5C AO@41C thermal@30.5C POM_5V_IN 1892/2072 POM_5V_GPU 82/82 POM_5V_CPU 288/460
RAM 1380/3964MB (lfb 8x4MB) SWAP 774/6078MB (cached 36MB) IRAM 0/252kB(lfb 252kB) CPU [7%@921,6%@921,off,off] EMC_FREQ 0%@1600 GR3D_FREQ 0%@614 APE 25 PLL@29.5C CPU@31.5C iwlwifi@32C PMIC@50C GPU@29.5C AO@41C thermal@30.25C POM_5V_IN 1892/2072 POM_5V_GPU 82/82 POM_5V_CPU 288/460
RAM 1382/3964MB (lfb 8x4MB) SWAP 774/6078MB (cached 36MB) IRAM 0/252kB(lfb 252kB) CPU [7%@921,6%@921,off,off] EMC_FREQ 0%@1600 GR3D_FREQ 0%@614 APE 25 PLL@30C CPU@31.5C iwlwifi@32C PMIC@50C GPU@29.5C AO@41C thermal@30.75C POM_5V_IN 1934/2072 POM_5V_GPU 82/82 POM_5V_CPU 329/460
RAM 1384/3964MB (lfb 8x4MB) SWAP 774/6078MB (cached 36MB) IRAM 0/252kB(lfb 252kB) CPU [7%@921,7%@921,off,off] EMC_FREQ 0%@1600 GR3D_FREQ 0%@614 APE 25 PLL@30C CPU@31.5C iwlwifi@32C PMIC@50C GPU@30C AO@40.5C thermal@30.75C POM_5V_IN 1934/2072 POM_5V_GPU 82/82 POM_5V_CPU 329/459
RAM 1380/3964MB (lfb 8x4MB) SWAP 774/6078MB (cached 36MB) IRAM 0/252kB(lfb 252kB) CPU [7%@921,7%@921,off,off] EMC_FREQ 0%@1600 GR3D_FREQ 0%@614 APE 25 PLL@30C CPU@31.5C iwlwifi@32C PMIC@50C GPU@30C AO@41C thermal@30.5C POM_5V_IN 2256/2072 POM_5V_GPU 82/82 POM_5V_CPU 614/460
RAM 1365/3964MB (lfb 8x4MB) SWAP 774/6078MB (cached 36MB) IRAM 0/252kB(lfb 252kB) CPU [5%@921,8%@921,off,off] EMC_FREQ 0%@1600 GR3D_FREQ 0%@614 APE 25 PLL@30C CPU@31.5C iwlwifi@32C PMIC@50C GPU@30C AO@41C thermal@30.75C POM_5V_IN 2256/2072 POM_5V_GPU 82/82 POM_5V_CPU 615/460
RAM 1365/3964MB (lfb 8x4MB) SWAP 774/6078MB (cached 36MB) IRAM 0/252kB(lfb 252kB) CPU [5%@921,9%@921,off,off] EMC_FREQ 0%@1600 GR3D_FREQ 0%@614 APE 25 PLL@30C CPU@31C iwlwifi@32C PMIC@50C GPU@30C AO@40.5C thermal@30.5C POM_5V_IN 2174/2072 POM_5V_GPU 82/82 POM_5V_CPU 574/460
RAM 1365/3964MB (lfb 8x4MB) SWAP 774/6078MB (cached 36MB) IRAM 0/252kB(lfb 252kB) CPU [6%@921,6%@921,off,off] EMC_FREQ 0%@1600 GR3D_FREQ 0%@614 APE 25 PLL@29.5C CPU@31.5C iwlwifi@32C PMIC@50C GPU@29.5C AO@40.5C thermal@30.5C POM_5V_IN 2174/2072 POM_5V_GPU 82/82 POM_5V_CPU 574/460
RAM 1384/3964MB (lfb 8x4MB) SWAP 774/6078MB (cached 36MB) IRAM 0/252kB(lfb 252kB) CPU [5%@921,8%@921,off,off] EMC_FREQ 0%@1600 GR3D_FREQ 0%@614 APE 25 PLL@30C CPU@31.5C iwlwifi@32C PMIC@50C GPU@29.5C AO@41C thermal@30.75C POM_5V_IN 2174/2072 POM_5V_GPU 82/82 POM_5V_CPU 574/460
RAM 1384/3964MB (lfb 8x4MB) SWAP 774/6078MB (cached 36MB) IRAM 0/252kB(lfb 252kB) CPU [8%@921,6%@921,off,off] EMC_FREQ 0%@1600 GR3D_FREQ 0%@614 APE 25 PLL@30C CPU@31C iwlwifi@32C PMIC@50C GPU@30C AO@41C thermal@30.5C POM_5V_IN 1934/2072 POM_5V_GPU 82/82 POM_5V_CPU 328/460
RAM 1380/3964MB (lfb 8x4MB) SWAP 774/6078MB (cached 36MB) IRAM 0/252kB(lfb 252kB) CPU [9%@921,4%@921,off,off] EMC_FREQ 0%@1600 GR3D_FREQ 0%@614 APE 25 PLL@29.5C CPU@31C iwlwifi@32C PMIC@50C GPU@30C AO@41C thermal@30.75C POM_5V_IN 1975/2072 POM_5V_GPU 82/82 POM_5V_CPU 370/460
RAM 1384/3964MB (lfb 8x4MB) SWAP 774/6078MB (cached 36MB) IRAM 0/252kB(lfb 252kB) CPU [7%@921,7%@921,off,off] EMC_FREQ 0%@1600 GR3D_FREQ 0%@614 APE 25 PLL@30C CPU@31C iwlwifi@32C PMIC@50C GPU@29.5C AO@41C thermal@30.25C POM_5V_IN 1892/2072 POM_5V_GPU 82/82 POM_5V_CPU 329/460
RAM 1380/3964MB (lfb 8x4MB) SWAP 774/6078MB (cached 36MB) IRAM 0/252kB(lfb 252kB) CPU [6%@921,7%@921,off,off] EMC_FREQ 0%@1600 GR3D_FREQ 0%@614 APE 25 PLL@29.5C CPU@31.5C iwlwifi@32C PMIC@50C GPU@29.5C AO@41C thermal@30.5C POM_5V_IN 1892/2072 POM_5V_GPU 82/82 POM_5V_CPU 288/460
RAM 1382/3964MB (lfb 8x4MB) SWAP 774/6078MB (cached 36MB) IRAM 0/252kB(lfb 252kB) CPU [9%@921,5%@921,off,off] EMC_FREQ 0%@1600 GR3D_FREQ 0%@614 APE 25 PLL@29.5C CPU@31.5C iwlwifi@32C PMIC@50C GPU@30C AO@41C thermal@30.5C POM_5V_IN 1934/2072 POM_5V_GPU 82/82 POM_5V_CPU 329/459
RAM 1386/3964MB (lfb 8x4MB) SWAP 774/6078MB (cached 36MB) IRAM 0/252kB(lfb 252kB) CPU [6%@921,7%@921,off,off] EMC_FREQ 0%@1600 GR3D_FREQ 0%@614 APE 25 PLL@29.5C CPU@31.5C iwlwifi@32C PMIC@50C GPU@30C AO@40.5C thermal@30.5C POM_5V_IN 1934/2072 POM_5V_GPU 82/82 POM_5V_CPU 329/459
RAM 1382/3964MB (lfb 8x4MB) SWAP 774/6078MB (cached 36MB) IRAM 0/252kB(lfb 252kB) CPU [7%@921,7%@921,off,off] EMC_FREQ 0%@1600 GR3D_FREQ 0%@614 APE 25 PLL@29.5C CPU@31.5C iwlwifi@32C PMIC@50C GPU@30C AO@41C thermal@30.5C POM_5V_IN 2174/2072 POM_5V_GPU 82/82 POM_5V_CPU 533/459
RAM 1366/3964MB (lfb 8x4MB) SWAP 774/6078MB (cached 36MB) IRAM 0/252kB(lfb 252kB) CPU [9%@921,5%@921,off,off] EMC_FREQ 0%@1600 GR3D_FREQ 0%@614 APE 25 PLL@29.5C CPU@31.5C iwlwifi@32C PMIC@50C GPU@30C AO@41C thermal@30.25C POM_5V_IN 2215/2072 POM_5V_GPU 82/82 POM_5V_CPU 533/459
RAM 1366/3964MB (lfb 8x4MB) SWAP 774/6078MB (cached 36MB) IRAM 0/252kB(lfb 252kB) CPU [7%@921,7%@921,off,off] EMC_FREQ 0%@1600 GR3D_FREQ 0%@614 APE 25 PLL@30C CPU@31.5C iwlwifi@32C PMIC@50C GPU@30C AO@40.5C thermal@30.5C POM_5V_IN 2215/2072 POM_5V_GPU 82/82 POM_5V_CPU 574/459
RAM 1386/3964MB (lfb 8x4MB) SWAP 774/6078MB (cached 36MB) IRAM 0/252kB(lfb 252kB) CPU [5%@921,7%@921,off,off] EMC_FREQ 0%@1600 GR3D_FREQ 0%@614 APE 25 PLL@30C CPU@31C iwlwifi@33C PMIC@50C GPU@30C AO@40.5C thermal@30.5C POM_5V_IN 2174/2072 POM_5V_GPU 82/82 POM_5V_CPU 574/460
RAM 1366/3964MB (lfb 8x4MB) SWAP 774/6078MB (cached 36MB) IRAM 0/252kB(lfb 252kB) CPU [6%@921,9%@921,off,off] EMC_FREQ 0%@1600 GR3D_FREQ 0%@614 APE 25 PLL@30C CPU@31.5C iwlwifi@32C PMIC@50C GPU@30C AO@41C thermal@30.75C POM_5V_IN 2174/2072 POM_5V_GPU 82/82 POM_5V_CPU 574/460
RAM 1380/3964MB (lfb 8x4MB) SWAP 774/6078MB (cached 36MB) IRAM 0/252kB(lfb 252kB) CPU [7%@921,5%@921,off,off] EMC_FREQ 0%@1600 GR3D_FREQ 0%@614 APE 25 PLL@30C CPU@31.5C iwlwifi@32C PMIC@50C GPU@30C AO@41C thermal@30.5C POM_5V_IN 2215/2072 POM_5V_GPU 82/82 POM_5V_CPU 574/460
RAM 1366/3964MB (lfb 8x4MB) SWAP 774/6078MB (cached 36MB) IRAM 0/252kB(lfb 252kB) CPU [9%@921,6%@921,off,off] EMC_FREQ 0%@1600 GR3D_FREQ 0%@614 APE 25 PLL@29.5C CPU@31C iwlwifi@32C PMIC@50C GPU@30C AO@40.5C thermal@30.25C POM_5V_IN 1934/2072 POM_5V_GPU 82/82 POM_5V_CPU 329/460
RAM 1382/3964MB (lfb 8x4MB) SWAP 774/6078MB (cached 36MB) IRAM 0/252kB(lfb 252kB) CPU [6%@921,6%@921,off,off] EMC_FREQ 0%@1600 GR3D_FREQ 0%@614 APE 25 PLL@30C CPU@31C iwlwifi@32C PMIC@50C GPU@30C AO@41C thermal@30.5C POM_5V_IN 2174/2072 POM_5V_GPU 82/82 POM_5V_CPU 574/460
RAM 1380/3964MB (lfb 8x4MB) SWAP 774/6078MB (cached 36MB) IRAM 0/252kB(lfb 252kB) CPU [9%@921,3%@921,off,off] EMC_FREQ 0%@1600 GR3D_FREQ 0%@614 APE 25 PLL@29.5C CPU@31C iwlwifi@32C PMIC@50C GPU@30C AO@40.5C thermal@30.5C POM_5V_IN 1851/2072 POM_5V_GPU 82/82 POM_5V_CPU 288/460
RAM 1367/3964MB (lfb 8x4MB) SWAP 774/6078MB (cached 36MB) IRAM 0/252kB(lfb 252kB) CPU [8%@921,10%@921,off,off] EMC_FREQ 0%@1600 GR3D_FREQ 0%@614 APE 25 PLL@30C CPU@31C iwlwifi@32C PMIC@50C GPU@30C AO@40.5C thermal@30.75C POM_5V_IN 2013/2072 POM_5V_GPU 82/82 POM_5V_CPU 451/460
RAM 1384/3964MB (lfb 8x4MB) SWAP 774/6078MB (cached 36MB) IRAM 0/252kB(lfb 252kB) CPU [5%@921,10%@921,off,off] EMC_FREQ 0%@1600 GR3D_FREQ 0%@614 APE 25 PLL@30C CPU@31.5C iwlwifi@32C PMIC@50C GPU@29.5C AO@41C thermal@30.25C POM_5V_IN 2174/2072 POM_5V_GPU 82/82 POM_5V_CPU 533/460
RAM 1380/3964MB (lfb 8x4MB) SWAP 774/6078MB (cached 36MB) IRAM 0/252kB(lfb 252kB) CPU [5%@921,8%@921,off,off] EMC_FREQ 0%@1600 GR3D_FREQ 0%@614 APE 25 PLL@30C CPU@31C iwlwifi@32C PMIC@50C GPU@30C AO@41C thermal@30.5C POM_5V_IN 1892/2072 POM_5V_GPU 82/82 POM_5V_CPU 329/460
RAM 1384/3964MB (lfb 8x4MB) SWAP 774/6078MB (cached 36MB) IRAM 0/252kB(lfb 252kB) CPU [7%@921,5%@921,off,off] EMC_FREQ 0%@1600 GR3D_FREQ 0%@614 APE 25 PLL@30C CPU@31C iwlwifi@32C PMIC@50C GPU@30C AO@41C thermal@30C POM_5V_IN 1892/2072 POM_5V_GPU 82/82 POM_5V_CPU 329/459
RAM 1383/3964MB (lfb 8x4MB) SWAP 774/6078MB (cached 36MB) IRAM 0/252kB(lfb 252kB) CPU [7%@921,7%@921,off,off] EMC_FREQ 0%@1600 GR3D_FREQ 0%@614 APE 25 PLL@30C CPU@31C iwlwifi@32C PMIC@50C GPU@30C AO@40.5C thermal@30.25C POM_5V_IN 1975/2072 POM_5V_GPU 82/82 POM_5V_CPU 369/459
RAM 1386/3964MB (lfb 8x4MB) SWAP 774/6078MB (cached 36MB) IRAM 0/252kB(lfb 252kB) CPU [7%@921,6%@921,off,off] EMC_FREQ 0%@1600 GR3D_FREQ 0%@614 APE 25 PLL@29.5C CPU@31.5C iwlwifi@32C PMIC@50C GPU@30C AO@41C thermal@30.25C POM_5V_IN 1892/2072 POM_5V_GPU 82/82 POM_5V_CPU 329/459
RAM 1366/3964MB (lfb 8x4MB) SWAP 774/6078MB (cached 36MB) IRAM 0/252kB(lfb 252kB) CPU [10%@921,4%@921,off,off] EMC_FREQ 0%@1600 GR3D_FREQ 0%@614 APE 25 PLL@30C CPU@31C iwlwifi@32C PMIC@50C GPU@30C AO@41C thermal@30.5C POM_5V_IN 2174/2072 POM_5V_GPU 82/82 POM_5V_CPU 533/459
RAM 1366/3964MB (lfb 8x4MB) SWAP 774/6078MB (cached 36MB) IRAM 0/252kB(lfb 252kB) CPU [4%@921,8%@921,off,off] EMC_FREQ 0%@1600 GR3D_FREQ 0%@614 APE 25 PLL@30C CPU@31C iwlwifi@32C PMIC@50C GPU@30C AO@41C thermal@30.75C POM_5V_IN 2215/2072 POM_5V_GPU 82/82 POM_5V_CPU 574/459
RAM 1366/3964MB (lfb 8x4MB) SWAP 774/6078MB (cached 36MB) IRAM 0/252kB(lfb 252kB) CPU [7%@921,7%@921,off,off] EMC_FREQ 0%@1600 GR3D_FREQ 0%@614 APE 25 PLL@30C CPU@31.5C iwlwifi@32C PMIC@50C GPU@30C AO@40.5C thermal@30C POM_5V_IN 2174/2072 POM_5V_GPU 82/82 POM_5V_CPU 574/460
RAM 1366/3964MB (lfb 8x4MB) SWAP 774/6078MB (cached 36MB) IRAM 0/252kB(lfb 252kB) CPU [6%@921,8%@921,off,off] EMC_FREQ 0%@1600 GR3D_FREQ 0%@614 APE 25 PLL@30C CPU@31C iwlwifi@32C PMIC@50C GPU@30C AO@41C thermal@30.5C POM_5V_IN 2174/2072 POM_5V_GPU 82/82 POM_5V_CPU 574/460
RAM 1380/3964MB (lfb 8x4MB) SWAP 774/6078MB (cached 36MB) IRAM 0/252kB(lfb 252kB) CPU [8%@921,6%@921,off,off] EMC_FREQ 0%@1600 GR3D_FREQ 0%@614 APE 25 PLL@30C CPU@31C iwlwifi@32C PMIC@50C GPU@30C AO@41C thermal@30.5C POM_5V_IN 2174/2072 POM_5V_GPU 82/82 POM_5V_CPU 574/460
RAM 1366/3964MB (lfb 8x4MB) SWAP 774/6078MB (cached 36MB) IRAM 0/252kB(lfb 252kB) CPU [9%@921,4%@921,off,off] EMC_FREQ 0%@1600 GR3D_FREQ 0%@614 APE 25 PLL@29.5C CPU@31C iwlwifi@32C PMIC@50C GPU@30C AO@41C thermal@30.75C POM_5V_IN 1728/2072 POM_5V_GPU 82/82 POM_5V_CPU 164/459
RAM 1380/3964MB (lfb 8x4MB) SWAP 774/6078MB (cached 36MB) IRAM 0/252kB(lfb 252kB) CPU [7%@921,6%@921,off,off] EMC_FREQ 0%@1600 GR3D_FREQ 0%@614 APE 25 PLL@30C CPU@31.5C iwlwifi@32C PMIC@50C GPU@30C AO@41C thermal@30.5C POM_5V_IN 2174/2072 POM_5V_GPU 82/82 POM_5V_CPU 574/460
RAM 1382/3964MB (lfb 8x4MB) SWAP 774/6078MB (cached 36MB) IRAM 0/252kB(lfb 252kB) CPU [7%@921,6%@921,off,off] EMC_FREQ 0%@1600 GR3D_FREQ 0%@614 APE 25 PLL@29.5C CPU@31.5C iwlwifi@32C PMIC@50C GPU@30C AO@41C thermal@30.25C POM_5V_IN 1731/2072 POM_5V_GPU 82/82 POM_5V_CPU 206/459
RAM 1382/3964MB (lfb 8x4MB) SWAP 774/6078MB (cached 36MB) IRAM 0/252kB(lfb 252kB) CPU [8%@921,6%@921,off,off] EMC_FREQ 0%@1600 GR3D_FREQ 0%@614 APE 25 PLL@30C CPU@31.5C iwlwifi@32C PMIC@50C GPU@29.5C AO@41C thermal@30.25C POM_5V_IN 1934/2072 POM_5V_GPU 82/82 POM_5V_CPU 329/459
RAM 1384/3964MB (lfb 8x4MB) SWAP 774/6078MB (cached 36MB) IRAM 0/252kB(lfb 252kB) CPU [6%@921,8%@921,off,off] EMC_FREQ 0%@1600 GR3D_FREQ 0%@614 APE 25 PLL@30C CPU@31.5C iwlwifi@32C PMIC@50C GPU@30C AO@40.5C thermal@30.5C POM_5V_IN 1934/2072 POM_5V_GPU 82/82 POM_5V_CPU 329/459
RAM 1384/3964MB (lfb 8x4MB) SWAP 774/6078MB (cached 36MB) IRAM 0/252kB(lfb 252kB) CPU [5%@921,7%@921,off,off] EMC_FREQ 0%@1600 GR3D_FREQ 0%@614 APE 25 PLL@29.5C CPU@31C iwlwifi@32C PMIC@50C GPU@29.5C AO@40.5C thermal@30.5C POM_5V_IN 1772/2071 POM_5V_GPU 82/82 POM_5V_CPU 206/459
RAM 1382/3964MB (lfb 8x4MB) SWAP 774/6078MB (cached 36MB) IRAM 0/252kB(lfb 252kB) CPU [6%@921,8%@921,off,off] EMC_FREQ 0%@1600 GR3D_FREQ 0%@614 APE 25 PLL@29.5C CPU@31C iwlwifi@32C PMIC@50C GPU@30C AO@41C thermal@30.75C POM_5V_IN 2010/2071 POM_5V_GPU 82/82 POM_5V_CPU 451/459
RAM 1365/3964MB (lfb 8x4MB) SWAP 774/6078MB (cached 36MB) IRAM 0/252kB(lfb 252kB) CPU [7%@921,7%@921,off,off] EMC_FREQ 0%@1600 GR3D_FREQ 0%@614 APE 25 PLL@30C CPU@31C iwlwifi@32C PMIC@50C GPU@29.5C AO@41C thermal@30.75C POM_5V_IN 2256/2071 POM_5V_GPU 82/82 POM_5V_CPU 614/459
RAM 1366/3964MB (lfb 8x4MB) SWAP 774/6078MB (cached 36MB) IRAM 0/252kB(lfb 252kB) CPU [6%@921,7%@921,off,off] EMC_FREQ 0%@1600 GR3D_FREQ 0%@614 APE 25 PLL@30C CPU@31.5C iwlwifi@33C PMIC@50C GPU@30C AO@41C thermal@30.75C POM_5V_IN 2174/2072 POM_5V_GPU 82/82 POM_5V_CPU 574/459
RAM 1365/3964MB (lfb 8x4MB) SWAP 774/6078MB (cached 36MB) IRAM 0/252kB(lfb 252kB) CPU [7%@921,6%@921,off,off] EMC_FREQ 0%@1600 GR3D_FREQ 0%@614 APE 25 PLL@30C CPU@31.5C iwlwifi@32C PMIC@50C GPU@30C AO@41C thermal@30.75C POM_5V_IN 2215/2072 POM_5V_GPU 82/82 POM_5V_CPU 615/459
RAM 1366/3964MB (lfb 8x4MB) SWAP 774/6078MB (cached 36MB) IRAM 0/252kB(lfb 252kB) CPU [9%@921,5%@921,off,off] EMC_FREQ 0%@1600 GR3D_FREQ 0%@614 APE 25 PLL@30C CPU@31.5C iwlwifi@32C PMIC@50C GPU@29.5C AO@41C thermal@30.5C POM_5V_IN 2174/2072 POM_5V_GPU 82/82 POM_5V_CPU 574/459
RAM 1382/3964MB (lfb 8x4MB) SWAP 774/6078MB (cached 36MB) IRAM 0/252kB(lfb 252kB) CPU [6%@921,6%@921,off,off] EMC_FREQ 0%@1600 GR3D_FREQ 0%@614 APE 25 PLL@30C CPU@31.5C iwlwifi@32C PMIC@50C GPU@29.5C AO@40.5C thermal@30.5C POM_5V_IN 2215/2072 POM_5V_GPU 82/82 POM_5V_CPU 533/459
RAM 1366/3964MB (lfb 8x4MB) SWAP 774/6078MB (cached 36MB) IRAM 0/252kB(lfb 252kB) CPU [9%@921,5%@921,off,off] EMC_FREQ 0%@1600 GR3D_FREQ 0%@614 APE 25 PLL@29.5C CPU@31.5C iwlwifi@32C PMIC@50C GPU@30C AO@41C thermal@30.75C POM_5V_IN 1934/2072 POM_5V_GPU 82/82 POM_5V_CPU 329/459
RAM 1382/3964MB (lfb 8x4MB) SWAP 774/6078MB (cached 36MB) IRAM 0/252kB(lfb 252kB) CPU [5%@921,8%@921,off,off] EMC_FREQ 0%@1600 GR3D_FREQ 0%@614 APE 25 PLL@30C CPU@31.5C iwlwifi@32C PMIC@50C GPU@29.5C AO@41C thermal@30.5C POM_5V_IN 2174/2072 POM_5V_GPU 82/82 POM_5V_CPU 574/459
RAM 1366/3964MB (lfb 8x4MB) SWAP 774/6078MB (cached 36MB) IRAM 0/252kB(lfb 252kB) CPU [5%@921,8%@921,off,off] EMC_FREQ 0%@1600 GR3D_FREQ 0%@614 APE 25 PLL@29.5C CPU@31C iwlwifi@32C PMIC@50C GPU@29.5C AO@41C thermal@30.5C POM_5V_IN 1892/2072 POM_5V_GPU 82/82 POM_5V_CPU 329/459
RAM 1381/3964MB (lfb 8x4MB) SWAP 774/6078MB (cached 36MB) IRAM 0/252kB(lfb 252kB) CPU [7%@921,6%@921,off,off] EMC_FREQ 0%@1600 GR3D_FREQ 0%@614 APE 25 PLL@30C CPU@32C iwlwifi@32C PMIC@50C GPU@30C AO@41C thermal@30.25C POM_5V_IN 2174/2072 POM_5V_GPU 82/82 POM_5V_CPU 574/459
RAM 1366/3964MB (lfb 8x4MB) SWAP 774/6078MB (cached 36MB) IRAM 0/252kB(lfb 252kB) CPU [7%@921,7%@921,off,off] EMC_FREQ 0%@1600 GR3D_FREQ 0%@614 APE 25 PLL@30C CPU@31.5C iwlwifi@32C PMIC@50C GPU@30C AO@41C thermal@30.75C POM_5V_IN 1890/2072 POM_5V_GPU 82/82 POM_5V_CPU 328/459
RAM 1385/3964MB (lfb 8x4MB) SWAP 774/6078MB (cached 36MB) IRAM 0/252kB(lfb 252kB) CPU [7%@921,6%@921,off,off] EMC_FREQ 0%@1600 GR3D_FREQ 0%@614 APE 25 PLL@30C CPU@31.5C iwlwifi@32C PMIC@50C GPU@29.5C AO@41C thermal@30.5C POM_5V_IN 2174/2072 POM_5V_GPU 82/82 POM_5V_CPU 574/459
RAM 1384/3964MB (lfb 8x4MB) SWAP 774/6078MB (cached 36MB) IRAM 0/252kB(lfb 252kB) CPU [7%@921,6%@921,off,off] EMC_FREQ 0%@1600 GR3D_FREQ 0%@614 APE 25 PLL@30C CPU@31.5C iwlwifi@32C PMIC@50C GPU@29.5C AO@40.5C thermal@30.5C POM_5V_IN 1975/2072 POM_5V_GPU 82/82 POM_5V_CPU 329/459
RAM 1366/3964MB (lfb 8x4MB) SWAP 774/6078MB (cached 36MB) IRAM 0/252kB(lfb 252kB) CPU [8%@921,7%@921,off,off] EMC_FREQ 0%@1600 GR3D_FREQ 0%@614 APE 25 PLL@30C CPU@31C iwlwifi@32C PMIC@50C GPU@29.5C AO@41C thermal@30.25C POM_5V_IN 1892/2071 POM_5V_GPU 82/82 POM_5V_CPU 329/459
RAM 1382/3964MB (lfb 8x4MB) SWAP 774/6078MB (cached 36MB) IRAM 0/252kB(lfb 252kB) CPU [5%@921,7%@921,off,off] EMC_FREQ 0%@1600 GR3D_FREQ 0%@614 APE 25 PLL@29.5C CPU@31.5C iwlwifi@32C PMIC@50C GPU@29.5C AO@41C thermal@30.25C POM_5V_IN 2174/2072 POM_5V_GPU 82/82 POM_5V_CPU 574/459
RAM 1384/3964MB (lfb 8x4MB) SWAP 774/6078MB (cached 36MB) IRAM 0/252kB(lfb 252kB) CPU [8%@921,7%@921,off,off] EMC_FREQ 0%@1600 GR3D_FREQ 0%@614 APE 25 PLL@29.5C CPU@31.5C iwlwifi@32C PMIC@50C GPU@30C AO@41C thermal@30.5C POM_5V_IN 1892/2071 POM_5V_GPU 82/82 POM_5V_CPU 329/459
RAM 1386/3964MB (lfb 8x4MB) SWAP 774/6078MB (cached 36MB) IRAM 0/252kB(lfb 252kB) CPU [9%@921,4%@921,off,off] EMC_FREQ 0%@1600 GR3D_FREQ 0%@614 APE 25 PLL@30C CPU@31C iwlwifi@32C PMIC@50C GPU@29.5C AO@41C thermal@30.25C POM_5V_IN 1892/2071 POM_5V_GPU 82/82 POM_5V_CPU 329/459
RAM 1384/3964MB (lfb 8x4MB) SWAP 774/6078MB (cached 36MB) IRAM 0/252kB(lfb 252kB) CPU [7%@921,6%@921,off,off] EMC_FREQ 0%@1600 GR3D_FREQ 0%@614 APE 25 PLL@30C CPU@31C iwlwifi@32C PMIC@50C GPU@29.5C AO@41C thermal@30.25C POM_5V_IN 1934/2071 POM_5V_GPU 82/82 POM_5V_CPU 329/459
RAM 1384/3964MB (lfb 8x4MB) SWAP 774/6078MB (cached 36MB) IRAM 0/252kB(lfb 252kB) CPU [6%@921,6%@921,off,off] EMC_FREQ 0%@1600 GR3D_FREQ 0%@614 APE 25 PLL@30C CPU@31C iwlwifi@32C PMIC@50C GPU@29.5C AO@40.5C thermal@30.75C POM_5V_IN 1892/2071 POM_5V_GPU 82/82 POM_5V_CPU 329/459
RAM 1384/3964MB (lfb 8x4MB) SWAP 774/6078MB (cached 36MB) IRAM 0/252kB(lfb 252kB) CPU [5%@921,8%@921,off,off] EMC_FREQ 0%@1600 GR3D_FREQ 0%@614 APE 25 PLL@30C CPU@31.5C iwlwifi@32C PMIC@50C GPU@29.5C AO@41C thermal@30.5C POM_5V_IN 2174/2071 POM_5V_GPU 82/82 POM_5V_CPU 574/459
RAM 1366/3964MB (lfb 8x4MB) SWAP 774/6078MB (cached 36MB) IRAM 0/252kB(lfb 252kB) CPU [8%@921,7%@921,off,off] EMC_FREQ 0%@1600 GR3D_FREQ 0%@614 APE 25 PLL@30C CPU@31C iwlwifi@32C PMIC@50C GPU@30C AO@40.5C thermal@30.75C POM_5V_IN 2211/2071 POM_5V_GPU 81/82 POM_5V_CPU 573/459
RAM 1366/3964MB (lfb 8x4MB) SWAP 774/6078MB (cached 36MB) IRAM 0/252kB(lfb 252kB) CPU [10%@921,4%@921,off,off] EMC_FREQ 0%@1600 GR3D_FREQ 0%@614 APE 25 PLL@29.5C CPU@31C iwlwifi@32C PMIC@50C GPU@30C AO@41C thermal@30.25C POM_5V_IN 2174/2071 POM_5V_GPU 82/82 POM_5V_CPU 574/459
RAM 1365/3964MB (lfb 8x4MB) SWAP 773/6078MB (cached 36MB) IRAM 0/252kB(lfb 252kB) CPU [5%@921,9%@921,off,off] EMC_FREQ 0%@1600 GR3D_FREQ 0%@614 APE 25 PLL@30.5C CPU@31C iwlwifi@32C PMIC@50C GPU@29.5C AO@40.5C thermal@30.25C POM_5V_IN 2174/2071 POM_5V_GPU 82/82 POM_5V_CPU 574/459
RAM 1381/3964MB (lfb 8x4MB) SWAP 773/6078MB (cached 36MB) IRAM 0/252kB(lfb 252kB) CPU [6%@921,7%@921,off,off] EMC_FREQ 0%@1600 GR3D_FREQ 0%@614 APE 25 PLL@29.5C CPU@31C iwlwifi@32C PMIC@50C GPU@30C AO@40.5C thermal@30.5C POM_5V_IN 2174/2071 POM_5V_GPU 82/82 POM_5V_CPU 533/459
RAM 1366/3964MB (lfb 8x4MB) SWAP 773/6078MB (cached 36MB) IRAM 0/252kB(lfb 252kB) CPU [7%@921,7%@921,off,off] EMC_FREQ 0%@1600 GR3D_FREQ 0%@614 APE 25 PLL@30C CPU@31C iwlwifi@32C PMIC@50C GPU@30C AO@41C thermal@30.5C POM_5V_IN 1972/2071 POM_5V_GPU 82/82 POM_5V_CPU 369/459
RAM 1380/3964MB (lfb 8x4MB) SWAP 773/6078MB (cached 36MB) IRAM 0/252kB(lfb 252kB) CPU [6%@921,8%@921,off,off] EMC_FREQ 0%@1600 GR3D_FREQ 0%@614 APE 25 PLL@30C CPU@32C iwlwifi@32C PMIC@50C GPU@29.5C AO@41C thermal@30.25C POM_5V_IN 2174/2071 POM_5V_GPU 82/82 POM_5V_CPU 533/459
RAM 1365/3964MB (lfb 8x4MB) SWAP 773/6078MB (cached 36MB) IRAM 0/252kB(lfb 252kB) CPU [5%@921,8%@921,off,off] EMC_FREQ 0%@1600 GR3D_FREQ 0%@614 APE 25 PLL@30.5C CPU@31C iwlwifi@32C PMIC@50C GPU@29.5C AO@41C thermal@30.25C POM_5V_IN 1892/2071 POM_5V_GPU 82/82 POM_5V_CPU 329/459
RAM 1383/3964MB (lfb 8x4MB) SWAP 773/6078MB (cached 36MB) IRAM 0/252kB(lfb 252kB) CPU [4%@921,8%@921,off,off] EMC_FREQ 0%@1600 GR3D_FREQ 0%@614 APE 25 PLL@30.5C CPU@31C iwlwifi@32C PMIC@50C GPU@30C AO@40.5C thermal@30.75C POM_5V_IN 2174/2071 POM_5V_GPU 82/82 POM_5V_CPU 574/459
RAM 1366/3964MB (lfb 8x4MB) SWAP 773/6078MB (cached 36MB) IRAM 0/252kB(lfb 252kB) CPU [9%@921,5%@921,off,off] EMC_FREQ 0%@1600 GR3D_FREQ 0%@614 APE 25 PLL@30C CPU@31.5C iwlwifi@32C PMIC@50C GPU@30C AO@40.5C thermal@30.5C POM_5V_IN 2133/2071 POM_5V_GPU 82/82 POM_5V_CPU 574/459
RAM 1382/3964MB (lfb 8x4MB) SWAP 773/6078MB (cached 36MB) IRAM 0/252kB(lfb 252kB) CPU [7%@921,5%@921,off,off] EMC_FREQ 0%@1600 GR3D_FREQ 0%@614 APE 25 PLL@30C CPU@31.5C iwlwifi@32C PMIC@50C GPU@30C AO@40.5C thermal@30.5C POM_5V_IN 2174/2072 POM_5V_GPU 82/82 POM_5V_CPU 574/459
RAM 1381/3964MB (lfb 8x4MB) SWAP 773/6078MB (cached 36MB) IRAM 0/252kB(lfb 252kB) CPU [10%@921,4%@921,off,off] EMC_FREQ 0%@1600 GR3D_FREQ 0%@614 APE 25 PLL@30C CPU@31.5C iwlwifi@32C PMIC@50C GPU@30C AO@41C thermal@30.5C POM_5V_IN 1975/2071 POM_5V_GPU 82/82 POM_5V_CPU 370/459
RAM 1387/3964MB (lfb 8x4MB) SWAP 773/6078MB (cached 36MB) IRAM 0/252kB(lfb 252kB) CPU [7%@921,6%@921,off,off] EMC_FREQ 0%@1600 GR3D_FREQ 0%@614 APE 25 PLL@29.5C CPU@31C iwlwifi@32C PMIC@50C GPU@30C AO@40.5C thermal@30.5C POM_5V_IN 1892/2071 POM_5V_GPU 82/82 POM_5V_CPU 329/459
RAM 1384/3964MB (lfb 8x4MB) SWAP 773/6078MB (cached 36MB) IRAM 0/252kB(lfb 252kB) CPU [6%@921,7%@921,off,off] EMC_FREQ 0%@1600 GR3D_FREQ 0%@614 APE 25 PLL@30C CPU@31C iwlwifi@32C PMIC@50C GPU@30C AO@41C thermal@30.5C POM_5V_IN 1934/2071 POM_5V_GPU 82/82 POM_5V_CPU 329/459
RAM 1382/3964MB (lfb 8x4MB) SWAP 773/6078MB (cached 36MB) IRAM 0/252kB(lfb 252kB) CPU [9%@921,5%@921,off,off] EMC_FREQ 0%@1600 GR3D_FREQ 0%@614 APE 25 PLL@30C CPU@31C iwlwifi@32C PMIC@50C GPU@30.5C AO@41C thermal@30.75C POM_5V_IN 2170/2071 POM_5V_GPU 81/82 POM_5V_CPU 532/459
RAM 1378/3964MB (lfb 8x4MB) SWAP 773/6078MB (cached 36MB) IRAM 0/252kB(lfb 252kB) CPU [7%@921,7%@921,off,off] EMC_FREQ 0%@1600 GR3D_FREQ 0%@614 APE 25 PLL@30C CPU@31.5C iwlwifi@32C PMIC@50C GPU@30C AO@40.5C thermal@30.5C POM_5V_IN 2054/2071 POM_5V_GPU 82/82 POM_5V_CPU 451/459
RAM 1385/3964MB (lfb 8x4MB) SWAP 773/6078MB (cached 36MB) IRAM 0/252kB(lfb 252kB) CPU [7%@921,7%@921,off,off] EMC_FREQ 0%@1600 GR3D_FREQ 0%@614 APE 25 PLL@30C CPU@31.5C iwlwifi@32C PMIC@50C GPU@29.5C AO@41C thermal@30.25C POM_5V_IN 2297/2071 POM_5V_GPU 82/82 POM_5V_CPU 614/459
RAM 1357/3964MB (lfb 8x4MB) SWAP 773/6078MB (cached 36MB) IRAM 0/252kB(lfb 252kB) CPU [6%@921,9%@921,off,off] EMC_FREQ 0%@1600 GR3D_FREQ 0%@614 APE 25 PLL@30C CPU@31C iwlwifi@32C PMIC@50C GPU@30C AO@41C thermal@30.75C POM_5V_IN 2095/2071 POM_5V_GPU 82/82 POM_5V_CPU 451/459
RAM 1366/3964MB (lfb 8x4MB) SWAP 773/6078MB (cached 36MB) IRAM 0/252kB(lfb 252kB) CPU [6%@921,7%@921,off,off] EMC_FREQ 0%@1600 GR3D_FREQ 0%@614 APE 25 PLL@29.5C CPU@31.5C iwlwifi@32C PMIC@50C GPU@30C AO@41C thermal@30.25C POM_5V_IN 2174/2072 POM_5V_GPU 82/82 POM_5V_CPU 574/459
RAM 1382/3964MB (lfb 8x4MB) SWAP 773/6078MB (cached 36MB) IRAM 0/252kB(lfb 252kB) CPU [6%@921,7%@921,off,off] EMC_FREQ 0%@1600 GR3D_FREQ 0%@614 APE 25 PLL@29.5C CPU@31.5C iwlwifi@32C PMIC@50C GPU@29.5C AO@41C thermal@30.5C POM_5V_IN 2174/2072 POM_5V_GPU 82/82 POM_5V_CPU 533/459
RAM 1365/3964MB (lfb 8x4MB) SWAP 773/6078MB (cached 36MB) IRAM 0/252kB(lfb 252kB) CPU [5%@921,9%@921,off,off] EMC_FREQ 0%@1600 GR3D_FREQ 0%@614 APE 25 PLL@29.5C CPU@31.5C iwlwifi@32C PMIC@50C GPU@30C AO@41C thermal@30.75C POM_5V_IN 1934/2072 POM_5V_GPU 82/82 POM_5V_CPU 329/459
RAM 1380/3964MB (lfb 8x4MB) SWAP 773/6078MB (cached 36MB) IRAM 0/252kB(lfb 252kB) CPU [7%@921,6%@921,off,off] EMC_FREQ 0%@1600 GR3D_FREQ 0%@614 APE 25 PLL@30C CPU@31C iwlwifi@32C PMIC@50C GPU@30C AO@41C thermal@30.25C POM_5V_IN 2174/2072 POM_5V_GPU 82/82 POM_5V_CPU 533/459
RAM 1384/3964MB (lfb 8x4MB) SWAP 773/6078MB (cached 36MB) IRAM 0/252kB(lfb 252kB) CPU [8%@921,6%@921,off,off] EMC_FREQ 0%@1600 GR3D_FREQ 0%@614 APE 25 PLL@29.5C CPU@31C iwlwifi@32C PMIC@50C GPU@30C AO@41C thermal@30.75C POM_5V_IN 1892/2071 POM_5V_GPU 82/82 POM_5V_CPU 288/459
RAM 1383/3964MB (lfb 8x4MB) SWAP 773/6078MB (cached 36MB) IRAM 0/252kB(lfb 252kB) CPU [8%@921,6%@921,off,off] EMC_FREQ 0%@1600 GR3D_FREQ 0%@614 APE 25 PLL@29.5C CPU@31C iwlwifi@32C PMIC@50C GPU@30C AO@41C thermal@30.5C POM_5V_IN 1892/2071 POM_5V_GPU 82/82 POM_5V_CPU 329/459
RAM 1381/3964MB (lfb 8x4MB) SWAP 773/6078MB (cached 36MB) IRAM 0/252kB(lfb 252kB) CPU [5%@921,8%@921,off,off] EMC_FREQ 0%@1600 GR3D_FREQ 0%@614 APE 25 PLL@29.5C CPU@31.5C iwlwifi@32C PMIC@50C GPU@30C AO@41C thermal@30.75C POM_5V_IN 1934/2071 POM_5V_GPU 82/82 POM_5V_CPU 329/459
RAM 1381/3964MB (lfb 8x4MB) SWAP 773/6078MB (cached 36MB) IRAM 0/252kB(lfb 252kB) CPU [7%@921,7%@921,off,off] EMC_FREQ 0%@1600 GR3D_FREQ 0%@614 APE 25 PLL@30C CPU@31.5C iwlwifi@32C PMIC@50C GPU@30C AO@40.5C thermal@30.75C POM_5V_IN 1892/2071 POM_5V_GPU 82/82 POM_5V_CPU 288/459
RAM 1380/3964MB (lfb 8x4MB) SWAP 773/6078MB (cached 36MB) IRAM 0/252kB(lfb 252kB) CPU [8%@921,6%@921,off,off] EMC_FREQ 0%@1600 GR3D_FREQ 0%@614 APE 25 PLL@29.5C CPU@31.5C iwlwifi@32C PMIC@50C GPU@30C AO@41C thermal@30.25C POM_5V_IN 1934/2071 POM_5V_GPU 82/82 POM_5V_CPU 329/459
RAM 1378/3964MB (lfb 8x4MB) SWAP 773/6078MB (cached 36MB) IRAM 0/252kB(lfb 252kB) CPU [8%@921,6%@921,off,off] EMC_FREQ 0%@1600 GR3D_FREQ 0%@614 APE 25 PLL@30C CPU@31.5C iwlwifi@32C PMIC@50C GPU@30C AO@41C thermal@30.5C POM_5V_IN 2174/2071 POM_5V_GPU 82/82 POM_5V_CPU 533/459
RAM 1366/3964MB (lfb 8x4MB) SWAP 773/6078MB (cached 36MB) IRAM 0/252kB(lfb 252kB) CPU [8%@921,6%@921,off,off] EMC_FREQ 0%@1600 GR3D_FREQ 0%@614 APE 25 PLL@30C CPU@31.5C iwlwifi@32C PMIC@50C GPU@29.5C AO@41C thermal@30.25C POM_5V_IN 2297/2071 POM_5V_GPU 82/82 POM_5V_CPU 614/459
RAM 1366/3964MB (lfb 8x4MB) SWAP 773/6078MB (cached 36MB) IRAM 0/252kB(lfb 252kB) CPU [7%@921,7%@921,off,off] EMC_FREQ 0%@1600 GR3D_FREQ 0%@614 APE 25 PLL@30C CPU@31.5C iwlwifi@32C PMIC@50C GPU@30C AO@41C thermal@30.25C POM_5V_IN 2215/2071 POM_5V_GPU 82/82 POM_5V_CPU 615/459
RAM 1384/3964MB (lfb 8x4MB) SWAP 773/6078MB (cached 36MB) IRAM 0/252kB(lfb 252kB) CPU [9%@921,5%@921,off,off] EMC_FREQ 0%@1600 GR3D_FREQ 0%@614 APE 25 PLL@30C CPU@31.5C iwlwifi@32C PMIC@50C GPU@30C AO@41C thermal@30.5C POM_5V_IN 2174/2071 POM_5V_GPU 81/82 POM_5V_CPU 573/459
RAM 1366/3964MB (lfb 8x4MB) SWAP 773/6078MB (cached 36MB) IRAM 0/252kB(lfb 252kB) CPU [8%@921,6%@921,off,off] EMC_FREQ 0%@1600 GR3D_FREQ 0%@614 APE 25 PLL@29.5C CPU@31.5C iwlwifi@32C PMIC@50C GPU@29.5C AO@40.5C thermal@30.75C POM_5V_IN 1934/2071 POM_5V_GPU 82/82 POM_5V_CPU 329/459
RAM 1383/3964MB (lfb 8x4MB) SWAP 773/6078MB (cached 36MB) IRAM 0/252kB(lfb 252kB) CPU [7%@921,7%@921,off,off] EMC_FREQ 0%@1600 GR3D_FREQ 0%@614 APE 25 PLL@30C CPU@31.5C iwlwifi@32C PMIC@50C GPU@29.5C AO@40.5C thermal@30.5C POM_5V_IN 2215/2071 POM_5V_GPU 82/82 POM_5V_CPU 615/459
RAM 1384/3964MB (lfb 8x4MB) SWAP 773/6078MB (cached 36MB) IRAM 0/252kB(lfb 252kB) CPU [7%@921,6%@921,off,off] EMC_FREQ 0%@1600 GR3D_FREQ 0%@614 APE 25 PLL@29.5C CPU@31.5C iwlwifi@32C PMIC@50C GPU@30C AO@40.5C thermal@30.5C POM_5V_IN 1934/2071 POM_5V_GPU 82/82 POM_5V_CPU 329/459
RAM 1366/3964MB (lfb 8x4MB) SWAP 773/6078MB (cached 36MB) IRAM 0/252kB(lfb 252kB) CPU [7%@921,8%@921,off,off] EMC_FREQ 0%@1600 GR3D_FREQ 0%@614 APE 25 PLL@29.5C CPU@31C iwlwifi@32C PMIC@50C GPU@29.5C AO@41C thermal@30.25C POM_5V_IN 1934/2071 POM_5V_GPU 82/82 POM_5V_CPU 329/459
RAM 1384/3964MB (lfb 8x4MB) SWAP 773/6078MB (cached 36MB) IRAM 0/252kB(lfb 252kB) CPU [6%@921,6%@921,off,off] EMC_FREQ 0%@1600 GR3D_FREQ 0%@614 APE 25 PLL@29.5C CPU@31.5C iwlwifi@32C PMIC@50C GPU@29.5C AO@41C thermal@30.5C POM_5V_IN 2174/2071 POM_5V_GPU 82/82 POM_5V_CPU 574/459
RAM 1366/3964MB (lfb 8x4MB) SWAP 773/6078MB (cached 36MB) IRAM 0/252kB(lfb 252kB) CPU [6%@921,8%@921,off,off] EMC_FREQ 0%@1600 GR3D_FREQ 0%@614 APE 25 PLL@30C CPU@31.5C iwlwifi@32C PMIC@50C GPU@29.5C AO@41C thermal@30.5C POM_5V_IN 1934/2071 POM_5V_GPU 82/82 POM_5V_CPU 329/459
RAM 1382/3964MB (lfb 8x4MB) SWAP 773/6078MB (cached 36MB) IRAM 0/252kB(lfb 252kB) CPU [7%@921,6%@921,off,off] EMC_FREQ 0%@1600 GR3D_FREQ 0%@614 APE 25 PLL@30C CPU@31.5C iwlwifi@32C PMIC@50C GPU@30C AO@41C thermal@30.5C POM_5V_IN 2174/2071 POM_5V_GPU 82/82 POM_5V_CPU 533/459
RAM 1381/3964MB (lfb 8x4MB) SWAP 773/6078MB (cached 36MB) IRAM 0/252kB(lfb 252kB) CPU [7%@921,7%@921,off,off] EMC_FREQ 0%@1600 GR3D_FREQ 0%@614 APE 25 PLL@30C CPU@31.5C iwlwifi@32C PMIC@50C GPU@30C AO@41C thermal@30.5C POM_5V_IN 1934/2071 POM_5V_GPU 82/82 POM_5V_CPU 329/459
RAM 1382/3964MB (lfb 8x4MB) SWAP 773/6078MB (cached 36MB) IRAM 0/252kB(lfb 252kB) CPU [7%@921,6%@921,off,off] EMC_FREQ 0%@1600 GR3D_FREQ 0%@614 APE 25 PLL@29.5C CPU@31.5C iwlwifi@32C PMIC@50C GPU@29.5C AO@40.5C thermal@30.5C POM_5V_IN 1934/2071 POM_5V_GPU 82/82 POM_5V_CPU 329/459
RAM 1381/3964MB (lfb 8x4MB) SWAP 773/6078MB (cached 36MB) IRAM 0/252kB(lfb 252kB) CPU [8%@921,5%@921,off,off] EMC_FREQ 0%@1600 GR3D_FREQ 0%@614 APE 25 PLL@29.5C CPU@31.5C iwlwifi@32C PMIC@50C GPU@29.5C AO@41C thermal@30.5C POM_5V_IN 1931/2071 POM_5V_GPU 82/82 POM_5V_CPU 328/459
RAM 1380/3964MB (lfb 8x4MB) SWAP 773/6078MB (cached 36MB) IRAM 0/252kB(lfb 252kB) CPU [6%@921,8%@921,off,off] EMC_FREQ 0%@1600 GR3D_FREQ 0%@614 APE 25 PLL@29.5C CPU@31.5C iwlwifi@32C PMIC@50C GPU@30C AO@40.5C thermal@30.25C POM_5V_IN 1934/2071 POM_5V_GPU 82/82 POM_5V_CPU 329/459
RAM 1380/3964MB (lfb 8x4MB) SWAP 773/6078MB (cached 36MB) IRAM 0/252kB(lfb 252kB) CPU [4%@921,9%@921,off,off] EMC_FREQ 0%@1600 GR3D_FREQ 0%@614 APE 25 PLL@29.5C CPU@31.5C iwlwifi@32C PMIC@50C GPU@29.5C AO@41C thermal@30.5C POM_5V_IN 2256/2071 POM_5V_GPU 82/82 POM_5V_CPU 615/459
RAM 1366/3964MB (lfb 8x4MB) SWAP 773/6078MB (cached 36MB) IRAM 0/252kB(lfb 252kB) CPU [6%@921,8%@921,off,off] EMC_FREQ 0%@1600 GR3D_FREQ 0%@614 APE 25 PLL@30C CPU@31.5C iwlwifi@32C PMIC@50C GPU@30C AO@41C thermal@31C POM_5V_IN 2256/2071 POM_5V_GPU 82/82 POM_5V_CPU 615/459
RAM 1366/3964MB (lfb 8x4MB) SWAP 773/6078MB (cached 36MB) IRAM 0/252kB(lfb 252kB) CPU [7%@921,6%@921,off,off] EMC_FREQ 0%@1600 GR3D_FREQ 0%@614 APE 25 PLL@29.5C CPU@31.5C iwlwifi@32C PMIC@50C GPU@29.5C AO@40.5C thermal@30.75C POM_5V_IN 2174/2071 POM_5V_GPU 82/82 POM_5V_CPU 574/459
RAM 1366/3964MB (lfb 8x4MB) SWAP 773/6078MB (cached 36MB) IRAM 0/252kB(lfb 252kB) CPU [6%@921,7%@921,off,off] EMC_FREQ 0%@1600 GR3D_FREQ 0%@614 APE 25 PLL@29.5C CPU@31.5C iwlwifi@32C PMIC@50C GPU@30C AO@41C thermal@30.75C POM_5V_IN 2174/2071 POM_5V_GPU 82/82 POM_5V_CPU 533/459
RAM 1382/3964MB (lfb 8x4MB) SWAP 773/6078MB (cached 36MB) IRAM 0/252kB(lfb 252kB) CPU [5%@921,7%@921,off,off] EMC_FREQ 0%@1600 GR3D_FREQ 0%@614 APE 25 PLL@29.5C CPU@31.5C iwlwifi@32C PMIC@50C GPU@30C AO@40.5C thermal@30.5C POM_5V_IN 2174/2071 POM_5V_GPU 82/82 POM_5V_CPU 533/459
RAM 1366/3964MB (lfb 8x4MB) SWAP 773/6078MB (cached 36MB) IRAM 0/252kB(lfb 252kB) CPU [8%@921,6%@921,off,off] EMC_FREQ 0%@1600 GR3D_FREQ 0%@614 APE 25 PLL@29.5C CPU@32C iwlwifi@32C PMIC@50C GPU@29.5C AO@41C thermal@30.5C POM_5V_IN 1851/2071 POM_5V_GPU 82/82 POM_5V_CPU 288/459
RAM 1384/3964MB (lfb 8x4MB) SWAP 773/6078MB (cached 36MB) IRAM 0/252kB(lfb 252kB) CPU [6%@921,7%@921,off,off] EMC_FREQ 0%@1600 GR3D_FREQ 0%@614 APE 25 PLL@29.5C CPU@31.5C iwlwifi@32C PMIC@50C GPU@30C AO@40.5C thermal@30.5C POM_5V_IN 2174/2071 POM_5V_GPU 82/82 POM_5V_CPU 533/459
RAM 1381/3964MB (lfb 8x4MB) SWAP 773/6078MB (cached 36MB) IRAM 0/252kB(lfb 252kB) CPU [7%@921,6%@921,off,off] EMC_FREQ 0%@1600 GR3D_FREQ 0%@614 APE 25 PLL@29.5C CPU@31.5C iwlwifi@32C PMIC@50C GPU@29.5C AO@40.5C thermal@30.25C POM_5V_IN 1892/2071 POM_5V_GPU 82/82 POM_5V_CPU 288/459
RAM 1382/3964MB (lfb 8x4MB) SWAP 773/6078MB (cached 36MB) IRAM 0/252kB(lfb 252kB) CPU [7%@921,6%@921,off,off] EMC_FREQ 0%@1600 GR3D_FREQ 0%@614 APE 25 PLL@30C CPU@31.5C iwlwifi@32C PMIC@50C GPU@29.5C AO@41C thermal@30.25C POM_5V_IN 1975/2071 POM_5V_GPU 82/82 POM_5V_CPU 369/459
RAM 1383/3964MB (lfb 8x4MB) SWAP 773/6078MB (cached 36MB) IRAM 0/252kB(lfb 252kB) CPU [5%@921,8%@921,off,off] EMC_FREQ 0%@1600 GR3D_FREQ 0%@614 APE 25 PLL@29.5C CPU@31.5C iwlwifi@32C PMIC@50C GPU@29.5C AO@41C thermal@30.5C POM_5V_IN 1892/2071 POM_5V_GPU 82/82 POM_5V_CPU 329/459
RAM 1383/3964MB (lfb 8x4MB) SWAP 773/6078MB (cached 36MB) IRAM 0/252kB(lfb 252kB) CPU [5%@921,7%@921,off,off] EMC_FREQ 0%@1600 GR3D_FREQ 0%@614 APE 25 PLL@29.5C CPU@31.5C iwlwifi@32C PMIC@50C GPU@29.5C AO@40.5C thermal@30.75C POM_5V_IN 2013/2071 POM_5V_GPU 82/82 POM_5V_CPU 369/459
RAM 1383/3964MB (lfb 8x4MB) SWAP 773/6078MB (cached 36MB) IRAM 0/252kB(lfb 252kB) CPU [8%@921,6%@921,off,off] EMC_FREQ 0%@1600 GR3D_FREQ 0%@614 APE 25 PLL@30C CPU@31.5C iwlwifi@32C PMIC@50C GPU@30C AO@41C thermal@30.5C POM_5V_IN 2174/2071 POM_5V_GPU 82/82 POM_5V_CPU 574/459
RAM 1381/3964MB (lfb 8x4MB) SWAP 773/6078MB (cached 36MB) IRAM 0/252kB(lfb 252kB) CPU [7%@921,7%@921,off,off] EMC_FREQ 0%@1600 GR3D_FREQ 0%@614 APE 25 PLL@30C CPU@31.5C iwlwifi@32C PMIC@50C GPU@30C AO@41C thermal@30.25C POM_5V_IN 2170/2071 POM_5V_GPU 81/82 POM_5V_CPU 532/459
RAM 1366/3964MB (lfb 8x4MB) SWAP 773/6078MB (cached 36MB) IRAM 0/252kB(lfb 252kB) CPU [7%@921,6%@921,off,off] EMC_FREQ 0%@1600 GR3D_FREQ 0%@614 APE 25 PLL@30C CPU@31.5C iwlwifi@32C PMIC@50C GPU@29.5C AO@41C thermal@30.25C POM_5V_IN 2256/2071 POM_5V_GPU 82/82 POM_5V_CPU 615/459
RAM 1366/3964MB (lfb 8x4MB) SWAP 773/6078MB (cached 36MB) IRAM 0/252kB(lfb 252kB) CPU [9%@921,4%@921,off,off] EMC_FREQ 0%@1600 GR3D_FREQ 0%@614 APE 25 PLL@30C CPU@31C iwlwifi@32C PMIC@50C GPU@29.5C AO@41C thermal@30.25C POM_5V_IN 2215/2071 POM_5V_GPU 82/82 POM_5V_CPU 574/459
RAM 1383/3964MB (lfb 8x4MB) SWAP 773/6078MB (cached 36MB) IRAM 0/252kB(lfb 252kB) CPU [5%@921,8%@921,off,off] EMC_FREQ 0%@1600 GR3D_FREQ 0%@614 APE 25 PLL@29.5C CPU@31.5C iwlwifi@32C PMIC@50C GPU@30C AO@41C thermal@30.25C POM_5V_IN 2174/2071 POM_5V_GPU 82/82 POM_5V_CPU 533/459
RAM 1366/3964MB (lfb 8x4MB) SWAP 773/6078MB (cached 36MB) IRAM 0/252kB(lfb 252kB) CPU [8%@921,5%@921,off,off] EMC_FREQ 0%@1600 GR3D_FREQ 0%@614 APE 25 PLL@29.5C CPU@31C iwlwifi@32C PMIC@50C GPU@30C AO@41C thermal@30.25C POM_5V_IN 1934/2071 POM_5V_GPU 82/82 POM_5V_CPU 329/459
RAM 1385/3964MB (lfb 8x4MB) SWAP 773/6078MB (cached 36MB) IRAM 0/252kB(lfb 252kB) CPU [9%@921,4%@921,off,off] EMC_FREQ 0%@1600 GR3D_FREQ 0%@614 APE 25 PLL@30C CPU@31C iwlwifi@32C PMIC@50C GPU@29.5C AO@40.5C thermal@30.25C POM_5V_IN 2174/2071 POM_5V_GPU 82/82 POM_5V_CPU 533/459
RAM 1381/3964MB (lfb 8x4MB) SWAP 773/6078MB (cached 36MB) IRAM 0/252kB(lfb 252kB) CPU [5%@921,9%@921,off,off] EMC_FREQ 0%@1600 GR3D_FREQ 0%@614 APE 25 PLL@30C CPU@31.5C iwlwifi@32C PMIC@50C GPU@29.5C AO@41C thermal@30.5C POM_5V_IN 1934/2071 POM_5V_GPU 82/82 POM_5V_CPU 329/459
RAM 1366/3964MB (lfb 8x4MB) SWAP 773/6078MB (cached 36MB) IRAM 0/252kB(lfb 252kB) CPU [7%@921,6%@921,off,off] EMC_FREQ 0%@1600 GR3D_FREQ 0%@614 APE 25 PLL@30C CPU@31C iwlwifi@32C PMIC@50C GPU@29.5C AO@40.5C thermal@30.25C POM_5V_IN 1934/2071 POM_5V_GPU 82/82 POM_5V_CPU 329/459
RAM 1381/3964MB (lfb 8x4MB) SWAP 773/6078MB (cached 36MB) IRAM 0/252kB(lfb 252kB) CPU [6%@921,7%@921,off,off] EMC_FREQ 0%@1600 GR3D_FREQ 0%@614 APE 25 PLL@29.5C CPU@31C iwlwifi@32C PMIC@50C GPU@30C AO@40.5C thermal@30.5C POM_5V_IN 2174/2071 POM_5V_GPU 82/82 POM_5V_CPU 533/459
RAM 1382/3964MB (lfb 8x4MB) SWAP 773/6078MB (cached 36MB) IRAM 0/252kB(lfb 252kB) CPU [6%@921,6%@921,off,off] EMC_FREQ 0%@1600 GR3D_FREQ 0%@614 APE 25 PLL@30C CPU@31.5C iwlwifi@32C PMIC@50C GPU@29.5C AO@40.5C thermal@30.25C POM_5V_IN 1934/2071 POM_5V_GPU 82/82 POM_5V_CPU 329/459
RAM 1381/3964MB (lfb 8x4MB) SWAP 773/6078MB (cached 36MB) IRAM 0/252kB(lfb 252kB) CPU [7%@921,8%@921,off,off] EMC_FREQ 0%@1600 GR3D_FREQ 0%@614 APE 25 PLL@30C CPU@31.5C iwlwifi@32C PMIC@50C GPU@29.5C AO@40.5C thermal@30.5C POM_5V_IN 2013/2071 POM_5V_GPU 82/82 POM_5V_CPU 451/459
RAM 1383/3964MB (lfb 8x4MB) SWAP 773/6078MB (cached 36MB) IRAM 0/252kB(lfb 252kB) CPU [8%@921,5%@921,off,off] EMC_FREQ 0%@1600 GR3D_FREQ 0%@614 APE 25 PLL@29.5C CPU@31C iwlwifi@32C PMIC@50C GPU@29.5C AO@40.5C thermal@30.5C POM_5V_IN 2095/2071 POM_5V_GPU 82/82 POM_5V_CPU 493/459
RAM 1367/3964MB (lfb 8x4MB) SWAP 773/6078MB (cached 36MB) IRAM 0/252kB(lfb 252kB) CPU [8%@921,8%@921,off,off] EMC_FREQ 0%@1600 GR3D_FREQ 0%@614 APE 25 PLL@30C CPU@31.5C iwlwifi@32C PMIC@50C GPU@29.5C AO@40.5C thermal@30.25C POM_5V_IN 2416/2071 POM_5V_GPU 81/82 POM_5V_CPU 737/459
RAM 1366/3964MB (lfb 8x4MB) SWAP 773/6078MB (cached 36MB) IRAM 0/252kB(lfb 252kB) CPU [7%@921,6%@921,off,off] EMC_FREQ 0%@1600 GR3D_FREQ 0%@614 APE 25 PLL@30C CPU@31.5C iwlwifi@32C PMIC@50C GPU@30C AO@41C thermal@30.5C POM_5V_IN 2215/2071 POM_5V_GPU 82/82 POM_5V_CPU 574/459
RAM 1366/3964MB (lfb 8x4MB) SWAP 773/6078MB (cached 36MB) IRAM 0/252kB(lfb 252kB) CPU [6%@921,7%@921,off,off] EMC_FREQ 0%@1600 GR3D_FREQ 0%@614 APE 25 PLL@30C CPU@31C iwlwifi@32C PMIC@50C GPU@29.5C AO@40.5C thermal@30.25C POM_5V_IN 2174/2071 POM_5V_GPU 82/82 POM_5V_CPU 533/459
RAM 1384/3964MB (lfb 8x4MB) SWAP 773/6078MB (cached 36MB) IRAM 0/252kB(lfb 252kB) CPU [7%@921,6%@921,off,off] EMC_FREQ 0%@1600 GR3D_FREQ 0%@614 APE 25 PLL@30C CPU@31C iwlwifi@32C PMIC@50C GPU@30C AO@40.5C thermal@30.5C POM_5V_IN 2174/2072 POM_5V_GPU 82/82 POM_5V_CPU 574/459
RAM 1366/3964MB (lfb 8x4MB) SWAP 773/6078MB (cached 36MB) IRAM 0/252kB(lfb 252kB) CPU [6%@921,8%@921,off,off] EMC_FREQ 0%@1600 GR3D_FREQ 0%@614 APE 25 PLL@30C CPU@31.5C iwlwifi@32C PMIC@50C GPU@29.5C AO@40.5C thermal@30.25C POM_5V_IN 1934/2071 POM_5V_GPU 82/82 POM_5V_CPU 370/459
RAM 1383/3964MB (lfb 8x4MB) SWAP 773/6078MB (cached 36MB) IRAM 0/252kB(lfb 252kB) CPU [8%@921,5%@921,off,off] EMC_FREQ 0%@1600 GR3D_FREQ 0%@614 APE 25 PLL@29.5C CPU@31C iwlwifi@32C PMIC@50C GPU@29.5C AO@40.5C thermal@30.25C POM_5V_IN 2215/2072 POM_5V_GPU 82/82 POM_5V_CPU 574/459
RAM 1381/3964MB (lfb 8x4MB) SWAP 773/6078MB (cached 36MB) IRAM 0/252kB(lfb 252kB) CPU [6%@921,7%@921,off,off] EMC_FREQ 0%@1600 GR3D_FREQ 0%@614 APE 25 PLL@29.5C CPU@31C iwlwifi@32C PMIC@50C GPU@29.5C AO@40.5C thermal@30.25C POM_5V_IN 1892/2071 POM_5V_GPU 82/82 POM_5V_CPU 329/459
RAM 1382/3964MB (lfb 8x4MB) SWAP 773/6078MB (cached 36MB) IRAM 0/252kB(lfb 252kB) CPU [6%@921,7%@921,off,off] EMC_FREQ 0%@1600 GR3D_FREQ 0%@614 APE 25 PLL@30C CPU@31C iwlwifi@32C PMIC@50C GPU@29.5C AO@40.5C thermal@30.25C POM_5V_IN 1931/2071 POM_5V_GPU 82/82 POM_5V_CPU 369/459
RAM 1382/3964MB (lfb 8x4MB) SWAP 773/6078MB (cached 36MB) IRAM 0/252kB(lfb 252kB) CPU [6%@921,10%@921,off,off] EMC_FREQ 0%@1600 GR3D_FREQ 0%@614 APE 25 PLL@30C CPU@31.5C iwlwifi@32C PMIC@50C GPU@29.5C AO@40.5C thermal@30.25C POM_5V_IN 2170/2071 POM_5V_GPU 81/82 POM_5V_CPU 573/459
RAM 1383/3964MB (lfb 8x4MB) SWAP 773/6078MB (cached 36MB) IRAM 0/252kB(lfb 252kB) CPU [6%@921,8%@921,off,off] EMC_FREQ 0%@1600 GR3D_FREQ 0%@614 APE 25 PLL@29.5C CPU@31.5C iwlwifi@32C PMIC@50C GPU@29.5C AO@41C thermal@30.5C POM_5V_IN 1975/2071 POM_5V_GPU 82/82 POM_5V_CPU 369/459
RAM 1385/3964MB (lfb 8x4MB) SWAP 773/6078MB (cached 36MB) IRAM 0/252kB(lfb 252kB) CPU [5%@921,8%@921,off,off] EMC_FREQ 0%@1600 GR3D_FREQ 0%@614 APE 25 PLL@30C CPU@31C iwlwifi@33C PMIC@50C GPU@29.5C AO@40.5C thermal@30.75C POM_5V_IN 1934/2071 POM_5V_GPU 82/82 POM_5V_CPU 369/459
RAM 1379/3964MB (lfb 8x4MB) SWAP 773/6078MB (cached 36MB) IRAM 0/252kB(lfb 252kB) CPU [10%@921,4%@921,off,off] EMC_FREQ 0%@1600 GR3D_FREQ 0%@614 APE 25 PLL@30C CPU@31.5C iwlwifi@32C PMIC@50C GPU@30C AO@40.5C thermal@30.5C POM_5V_IN 2215/2071 POM_5V_GPU 82/82 POM_5V_CPU 533/459
RAM 1366/3964MB (lfb 8x4MB) SWAP 773/6078MB (cached 36MB) IRAM 0/252kB(lfb 252kB) CPU [5%@921,8%@921,off,off] EMC_FREQ 0%@1600 GR3D_FREQ 0%@614 APE 25 PLL@30C CPU@31C iwlwifi@32C PMIC@50C GPU@29.5C AO@40.5C thermal@30.25C POM_5V_IN 2256/2071 POM_5V_GPU 82/82 POM_5V_CPU 615/459
RAM 1366/3964MB (lfb 8x4MB) SWAP 773/6078MB (cached 36MB) IRAM 0/252kB(lfb 252kB) CPU [9%@921,5%@921,off,off] EMC_FREQ 0%@1600 GR3D_FREQ 0%@614 APE 25 PLL@30C CPU@31.5C iwlwifi@32C PMIC@50C GPU@29.5C AO@41C thermal@30.5C POM_5V_IN 2256/2072 POM_5V_GPU 82/82 POM_5V_CPU 615/459
RAM 1366/3964MB (lfb 8x4MB) SWAP 773/6078MB (cached 36MB) IRAM 0/252kB(lfb 252kB) CPU [8%@921,6%@921,off,off] EMC_FREQ 0%@1600 GR3D_FREQ 0%@614 APE 25 PLL@30C CPU@31.5C iwlwifi@32C PMIC@50C GPU@30C AO@40.5C thermal@30.75C POM_5V_IN 2174/2072 POM_5V_GPU 82/82 POM_5V_CPU 574/459
RAM 1366/3964MB (lfb 8x4MB) SWAP 773/6078MB (cached 36MB) IRAM 0/252kB(lfb 252kB) CPU [9%@921,5%@921,off,off] EMC_FREQ 0%@1600 GR3D_FREQ 0%@614 APE 25 PLL@29.5C CPU@31.5C iwlwifi@32C PMIC@50C GPU@29.5C AO@41C thermal@30.5C POM_5V_IN 2174/2072 POM_5V_GPU 82/82 POM_5V_CPU 574/460
RAM 1380/3964MB (lfb 8x4MB) SWAP 773/6078MB (cached 36MB) IRAM 0/252kB(lfb 252kB) CPU [7%@921,5%@921,off,off] EMC_FREQ 0%@1600 GR3D_FREQ 0%@614 APE 25 PLL@30C CPU@31.5C iwlwifi@32C PMIC@50C GPU@29.5C AO@41C thermal@30.25C POM_5V_IN 2174/2072 POM_5V_GPU 82/82 POM_5V_CPU 574/460
RAM 1366/3964MB (lfb 8x4MB) SWAP 773/6078MB (cached 36MB) IRAM 0/252kB(lfb 252kB) CPU [10%@921,5%@921,off,off] EMC_FREQ 0%@1600 GR3D_FREQ 0%@614 APE 25 PLL@29.5C CPU@31C iwlwifi@32C PMIC@50C GPU@30C AO@41C thermal@30.5C POM_5V_IN 1892/2072 POM_5V_GPU 82/82 POM_5V_CPU 329/460
RAM 1383/3964MB (lfb 8x4MB) SWAP 773/6078MB (cached 36MB) IRAM 0/252kB(lfb 252kB) CPU [6%@921,6%@921,off,off] EMC_FREQ 0%@1600 GR3D_FREQ 0%@614 APE 25 PLL@30C CPU@31.5C iwlwifi@32C PMIC@50C GPU@29.5C AO@41C thermal@30.5C POM_5V_IN 2174/2072 POM_5V_GPU 82/82 POM_5V_CPU 574/460
RAM 1384/3964MB (lfb 8x4MB) SWAP 773/6078MB (cached 36MB) IRAM 0/252kB(lfb 252kB) CPU [8%@921,6%@921,off,off] EMC_FREQ 0%@1600 GR3D_FREQ 0%@614 APE 25 PLL@30C CPU@31.5C iwlwifi@32C PMIC@50C GPU@30C AO@40.5C thermal@30.5C POM_5V_IN 1934/2072 POM_5V_GPU 82/82 POM_5V_CPU 329/459
RAM 1383/3964MB (lfb 8x4MB) SWAP 773/6078MB (cached 36MB) IRAM 0/252kB(lfb 252kB) CPU [6%@921,8%@921,off,off] EMC_FREQ 0%@1600 GR3D_FREQ 0%@614 APE 25 PLL@30C CPU@31.5C iwlwifi@32C PMIC@50C GPU@29.5C AO@40.5C thermal@30.5C POM_5V_IN 1972/2072 POM_5V_GPU 82/82 POM_5V_CPU 369/459
RAM 1383/3964MB (lfb 8x4MB) SWAP 773/6078MB (cached 36MB) IRAM 0/252kB(lfb 252kB) CPU [5%@921,8%@921,off,off] EMC_FREQ 0%@1600 GR3D_FREQ 0%@614 APE 25 PLL@29.5C CPU@31C iwlwifi@32C PMIC@50C GPU@30C AO@41C thermal@30.5C POM_5V_IN 1892/2071 POM_5V_GPU 82/82 POM_5V_CPU 329/459
RAM 1381/3964MB (lfb 8x4MB) SWAP 773/6078MB (cached 36MB) IRAM 0/252kB(lfb 252kB) CPU [6%@921,8%@921,off,off] EMC_FREQ 0%@1600 GR3D_FREQ 0%@614 APE 25 PLL@30C CPU@31C iwlwifi@32C PMIC@50C GPU@29.5C AO@41C thermal@30.25C POM_5V_IN 2095/2071 POM_5V_GPU 82/82 POM_5V_CPU 493/459
RAM 1366/3964MB (lfb 8x4MB) SWAP 773/6078MB (cached 36MB) IRAM 0/252kB(lfb 252kB) CPU [8%@921,5%@921,off,off] EMC_FREQ 0%@1600 GR3D_FREQ 0%@614 APE 25 PLL@30C CPU@31.5C iwlwifi@32C PMIC@50C GPU@30C AO@40.5C thermal@30.25C POM_5V_IN 2215/2072 POM_5V_GPU 82/82 POM_5V_CPU 574/459
RAM 1366/3964MB (lfb 8x4MB) SWAP 773/6078MB (cached 36MB) IRAM 0/252kB(lfb 252kB) CPU [6%@921,8%@921,off,off] EMC_FREQ 0%@1600 GR3D_FREQ 0%@614 APE 25 PLL@29.5C CPU@31.5C iwlwifi@32C PMIC@50C GPU@29.5C AO@41C thermal@30.75C POM_5V_IN 2215/2072 POM_5V_GPU 82/82 POM_5V_CPU 574/460
RAM 1366/3964MB (lfb 8x4MB) SWAP 773/6078MB (cached 36MB) IRAM 0/252kB(lfb 252kB) CPU [8%@921,5%@921,off,off] EMC_FREQ 0%@1600 GR3D_FREQ 0%@614 APE 25 PLL@29.5C CPU@31.5C iwlwifi@32C PMIC@50C GPU@30C AO@40.5C thermal@30.5C POM_5V_IN 2174/2072 POM_5V_GPU 82/82 POM_5V_CPU 574/460
RAM 1385/3964MB (lfb 8x4MB) SWAP 773/6078MB (cached 36MB) IRAM 0/252kB(lfb 252kB) CPU [8%@921,6%@921,off,off] EMC_FREQ 0%@1600 GR3D_FREQ 0%@614 APE 25 PLL@30C CPU@31C iwlwifi@32C PMIC@50C GPU@30C AO@40.5C thermal@30.5C POM_5V_IN 2170/2072 POM_5V_GPU 81/82 POM_5V_CPU 573/460
RAM 1366/3964MB (lfb 8x4MB) SWAP 773/6078MB (cached 36MB) IRAM 0/252kB(lfb 252kB) CPU [7%@921,6%@921,off,off] EMC_FREQ 0%@1600 GR3D_FREQ 0%@614 APE 25 PLL@30C CPU@31C iwlwifi@32C PMIC@50C GPU@29.5C AO@40.5C thermal@30.25C POM_5V_IN 1934/2072 POM_5V_GPU 82/82 POM_5V_CPU 329/460
RAM 1384/3964MB (lfb 8x4MB) SWAP 773/6078MB (cached 36MB) IRAM 0/252kB(lfb 252kB) CPU [6%@921,7%@921,off,off] EMC_FREQ 0%@1600 GR3D_FREQ 0%@614 APE 25 PLL@29.5C CPU@31C iwlwifi@32C PMIC@50C GPU@29.5C AO@40.5C thermal@30.25C POM_5V_IN 2174/2072 POM_5V_GPU 82/82 POM_5V_CPU 533/460
RAM 1382/3964MB (lfb 8x4MB) SWAP 773/6078MB (cached 36MB) IRAM 0/252kB(lfb 252kB) CPU [7%@921,6%@921,off,off] EMC_FREQ 0%@1600 GR3D_FREQ 0%@614 APE 25 PLL@30C CPU@31C iwlwifi@32C PMIC@50C GPU@30C AO@40.5C thermal@30.25C POM_5V_IN 1934/2072 POM_5V_GPU 82/82 POM_5V_CPU 370/460
RAM 1385/3964MB (lfb 8x4MB) SWAP 773/6078MB (cached 36MB) IRAM 0/252kB(lfb 252kB) CPU [7%@921,7%@921,off,off] EMC_FREQ 0%@1600 GR3D_FREQ 0%@614 APE 25 PLL@30C CPU@31.5C iwlwifi@32C PMIC@50C GPU@29.5C AO@41C thermal@30.25C POM_5V_IN 1934/2072 POM_5V_GPU 82/82 POM_5V_CPU 370/460
RAM 1380/3964MB (lfb 8x4MB) SWAP 773/6078MB (cached 36MB) IRAM 0/252kB(lfb 252kB) CPU [5%@921,8%@921,off,off] EMC_FREQ 0%@1600 GR3D_FREQ 0%@614 APE 25 PLL@30C CPU@31C iwlwifi@32C PMIC@50C GPU@30C AO@41C thermal@30.5C POM_5V_IN 1934/2072 POM_5V_GPU 82/82 POM_5V_CPU 329/459
RAM 1382/3964MB (lfb 8x4MB) SWAP 773/6078MB (cached 36MB) IRAM 0/252kB(lfb 252kB) CPU [7%@921,8%@921,off,off] EMC_FREQ 0%@1600 GR3D_FREQ 0%@614 APE 25 PLL@29.5C CPU@31.5C iwlwifi@32C PMIC@50C GPU@29.5C AO@40.5C thermal@30.5C POM_5V_IN 1975/2071 POM_5V_GPU 82/82 POM_5V_CPU 370/459
RAM 1386/3964MB (lfb 8x4MB) SWAP 773/6078MB (cached 36MB) IRAM 0/252kB(lfb 252kB) CPU [6%@921,7%@921,off,off] EMC_FREQ 0%@1600 GR3D_FREQ 0%@614 APE 25 PLL@29.5C CPU@31.5C iwlwifi@32C PMIC@50C GPU@30C AO@40.5C thermal@30.5C POM_5V_IN 1934/2071 POM_5V_GPU 82/82 POM_5V_CPU 329/459
RAM 1382/3964MB (lfb 8x4MB) SWAP 773/6078MB (cached 36MB) IRAM 0/252kB(lfb 252kB) CPU [8%@921,7%@921,off,off] EMC_FREQ 0%@1600 GR3D_FREQ 0%@614 APE 25 PLL@29.5C CPU@31C iwlwifi@32C PMIC@50C GPU@29.5C AO@41C thermal@30.25C POM_5V_IN 1975/2071 POM_5V_GPU 82/82 POM_5V_CPU 369/459
RAM 1382/3964MB (lfb 8x4MB) SWAP 773/6078MB (cached 36MB) IRAM 0/252kB(lfb 252kB) CPU [7%@921,6%@921,off,off] EMC_FREQ 0%@1600 GR3D_FREQ 0%@614 APE 25 PLL@29.5C CPU@31C iwlwifi@32C PMIC@50C GPU@30C AO@40.5C thermal@30.5C POM_5V_IN 1851/2071 POM_5V_GPU 82/82 POM_5V_CPU 288/459
RAM 1384/3964MB (lfb 8x4MB) SWAP 773/6078MB (cached 36MB) IRAM 0/252kB(lfb 252kB) CPU [7%@921,6%@921,off,off] EMC_FREQ 0%@1600 GR3D_FREQ 0%@614 APE 25 PLL@29.5C CPU@31C iwlwifi@32C PMIC@50C GPU@30C AO@40.5C thermal@30.5C POM_5V_IN 1934/2071 POM_5V_GPU 82/82 POM_5V_CPU 370/459
RAM 1384/3964MB (lfb 8x4MB) SWAP 773/6078MB (cached 36MB) IRAM 0/252kB(lfb 252kB) CPU [9%@921,5%@921,off,off] EMC_FREQ 0%@1600 GR3D_FREQ 0%@614 APE 25 PLL@30C CPU@31C iwlwifi@32C PMIC@50C GPU@30C AO@40.5C thermal@30.25C POM_5V_IN 2215/2071 POM_5V_GPU 82/82 POM_5V_CPU 615/459
RAM 1357/3964MB (lfb 8x4MB) SWAP 773/6078MB (cached 36MB) IRAM 0/252kB(lfb 252kB) CPU [7%@921,7%@921,off,off] EMC_FREQ 0%@1600 GR3D_FREQ 0%@614 APE 25 PLL@30C CPU@31C iwlwifi@32C PMIC@50C GPU@29.5C AO@40.5C thermal@30.5C POM_5V_IN 1892/2071 POM_5V_GPU 82/82 POM_5V_CPU 288/459
RAM 1366/3964MB (lfb 8x4MB) SWAP 773/6078MB (cached 36MB) IRAM 0/252kB(lfb 252kB) CPU [8%@921,6%@921,off,off] EMC_FREQ 0%@1600 GR3D_FREQ 0%@614 APE 25 PLL@29.5C CPU@31.5C iwlwifi@32C PMIC@50C GPU@29.5C AO@40.5C thermal@30.5C POM_5V_IN 2174/2071 POM_5V_GPU 82/82 POM_5V_CPU 574/459
RAM 1366/3964MB (lfb 8x4MB) SWAP 773/6078MB (cached 36MB) IRAM 0/252kB(lfb 252kB) CPU [7%@921,6%@921,off,off] EMC_FREQ 0%@1600 GR3D_FREQ 0%@614 APE 25 PLL@29.5C CPU@31.5C iwlwifi@32C PMIC@50C GPU@30C AO@40.5C thermal@30.5C POM_5V_IN 2174/2071 POM_5V_GPU 82/82 POM_5V_CPU 574/459
RAM 1366/3964MB (lfb 8x4MB) SWAP 773/6078MB (cached 36MB) IRAM 0/252kB(lfb 252kB) CPU [6%@921,8%@921,off,off] EMC_FREQ 0%@1600 GR3D_FREQ 0%@614 APE 25 PLL@29.5C CPU@31C iwlwifi@32C PMIC@50C GPU@30C AO@40.5C thermal@30.75C POM_5V_IN 2174/2071 POM_5V_GPU 82/82 POM_5V_CPU 574/459
RAM 1382/3964MB (lfb 8x4MB) SWAP 773/6078MB (cached 36MB) IRAM 0/252kB(lfb 252kB) CPU [5%@921,7%@921,off,off] EMC_FREQ 0%@1600 GR3D_FREQ 0%@614 APE 25 PLL@29.5C CPU@31.5C iwlwifi@32C PMIC@50C GPU@30C AO@40.5C thermal@30.75C POM_5V_IN 2174/2071 POM_5V_GPU 82/82 POM_5V_CPU 574/459
RAM 1366/3964MB (lfb 8x4MB) SWAP 773/6078MB (cached 36MB) IRAM 0/252kB(lfb 252kB) CPU [7%@921,8%@921,off,off] EMC_FREQ 0%@1600 GR3D_FREQ 0%@614 APE 25 PLL@29.5C CPU@31C iwlwifi@32C PMIC@50C GPU@30C AO@40.5C thermal@30.5C POM_5V_IN 1890/2071 POM_5V_GPU 82/82 POM_5V_CPU 328/459
RAM 1383/3964MB (lfb 8x4MB) SWAP 773/6078MB (cached 36MB) IRAM 0/252kB(lfb 252kB) CPU [8%@921,4%@921,off,off] EMC_FREQ 0%@1600 GR3D_FREQ 0%@614 APE 25 PLL@30C CPU@31.5C iwlwifi@32C PMIC@50C GPU@29.5C AO@40.5C thermal@30.75C POM_5V_IN 2174/2071 POM_5V_GPU 82/82 POM_5V_CPU 574/459
RAM 1380/3964MB (lfb 8x4MB) SWAP 773/6078MB (cached 36MB) IRAM 0/252kB(lfb 252kB) CPU [5%@921,10%@921,off,off] EMC_FREQ 0%@1600 GR3D_FREQ 0%@614 APE 25 PLL@29.5C CPU@32C iwlwifi@32C PMIC@50C GPU@30C AO@40.5C thermal@30.25C POM_5V_IN 2215/2071 POM_5V_GPU 82/82 POM_5V_CPU 574/459
RAM 1381/3964MB (lfb 8x4MB) SWAP 773/6078MB (cached 36MB) IRAM 0/252kB(lfb 252kB) CPU [6%@921,7%@921,off,off] EMC_FREQ 0%@1600 GR3D_FREQ 0%@614 APE 25 PLL@30C CPU@31.5C iwlwifi@32C PMIC@50C GPU@30C AO@41C thermal@30.5C POM_5V_IN 1934/2071 POM_5V_GPU 82/82 POM_5V_CPU 329/459
RAM 1383/3964MB (lfb 8x4MB) SWAP 773/6078MB (cached 36MB) IRAM 0/252kB(lfb 252kB) CPU [5%@921,9%@921,off,off] EMC_FREQ 0%@1600 GR3D_FREQ 0%@614 APE 25 PLL@29.5C CPU@31C iwlwifi@32C PMIC@50C GPU@29.5C AO@41C thermal@30.25C POM_5V_IN 1892/2071 POM_5V_GPU 82/82 POM_5V_CPU 329/459
RAM 1385/3964MB (lfb 8x4MB) SWAP 773/6078MB (cached 36MB) IRAM 0/252kB(lfb 252kB) CPU [6%@921,7%@921,off,off] EMC_FREQ 0%@1600 GR3D_FREQ 0%@614 APE 25 PLL@30C CPU@31C iwlwifi@32C PMIC@50C GPU@29.5C AO@41C thermal@30.5C POM_5V_IN 1892/2071 POM_5V_GPU 82/82 POM_5V_CPU 329/459
RAM 1383/3964MB (lfb 8x4MB) SWAP 773/6078MB (cached 36MB) IRAM 0/252kB(lfb 252kB) CPU [7%@921,7%@921,off,off] EMC_FREQ 0%@1600 GR3D_FREQ 0%@614 APE 25 PLL@30C CPU@31.5C iwlwifi@32C PMIC@50C GPU@30C AO@40.5C thermal@30.75C POM_5V_IN 2095/2071 POM_5V_GPU 82/82 POM_5V_CPU 451/459
RAM 1366/3964MB (lfb 8x4MB) SWAP 773/6078MB (cached 36MB) IRAM 0/252kB(lfb 252kB) CPU [7%@921,6%@921,off,off] EMC_FREQ 0%@1600 GR3D_FREQ 0%@614 APE 25 PLL@30C CPU@31C iwlwifi@32C PMIC@50C GPU@30C AO@41C thermal@30.5C POM_5V_IN 2215/2071 POM_5V_GPU 82/82 POM_5V_CPU 533/459
RAM 1358/3964MB (lfb 8x4MB) SWAP 773/6078MB (cached 36MB) IRAM 0/252kB(lfb 252kB) CPU [8%@921,6%@921,off,off] EMC_FREQ 0%@1600 GR3D_FREQ 0%@614 APE 25 PLL@30C CPU@31C iwlwifi@32C PMIC@50C GPU@29.5C AO@41C thermal@30.5C POM_5V_IN 2215/2071 POM_5V_GPU 82/82 POM_5V_CPU 574/459
RAM 1366/3964MB (lfb 8x4MB) SWAP 773/6078MB (cached 36MB) IRAM 0/252kB(lfb 252kB) CPU [5%@921,7%@921,off,off] EMC_FREQ 0%@1600 GR3D_FREQ 0%@614 APE 25 PLL@30C CPU@31.5C iwlwifi@32C PMIC@50C GPU@30C AO@40.5C thermal@30.5C POM_5V_IN 2174/2071 POM_5V_GPU 82/82 POM_5V_CPU 574/459
RAM 1366/3964MB (lfb 8x4MB) SWAP 773/6078MB (cached 36MB) IRAM 0/252kB(lfb 252kB) CPU [7%@921,7%@921,off,off] EMC_FREQ 0%@1600 GR3D_FREQ 0%@614 APE 25 PLL@30C CPU@31.5C iwlwifi@32C PMIC@50C GPU@29.5C AO@41C thermal@30.5C POM_5V_IN 2174/2071 POM_5V_GPU 82/82 POM_5V_CPU 574/459
RAM 1381/3964MB (lfb 8x4MB) SWAP 773/6078MB (cached 36MB) IRAM 0/252kB(lfb 252kB) CPU [5%@921,8%@921,off,off] EMC_FREQ 0%@1600 GR3D_FREQ 0%@614 APE 25 PLL@30C CPU@31.5C iwlwifi@32C PMIC@50C GPU@29.5C AO@40.5C thermal@30.5C POM_5V_IN 2174/2071 POM_5V_GPU 82/82 POM_5V_CPU 533/459
RAM 1366/3964MB (lfb 8x4MB) SWAP 773/6078MB (cached 36MB) IRAM 0/252kB(lfb 252kB) CPU [7%@921,7%@921,off,off] EMC_FREQ 0%@1600 GR3D_FREQ 0%@614 APE 25 PLL@29.5C CPU@31.5C iwlwifi@32C PMIC@50C GPU@29.5C AO@41C thermal@30.5C POM_5V_IN 1892/2071 POM_5V_GPU 82/82 POM_5V_CPU 288/459
RAM 1385/3964MB (lfb 8x4MB) SWAP 773/6078MB (cached 36MB) IRAM 0/252kB(lfb 252kB) CPU [7%@921,6%@921,off,off] EMC_FREQ 0%@1600 GR3D_FREQ 0%@614 APE 25 PLL@29.5C CPU@31.5C iwlwifi@32C PMIC@50C GPU@29.5C AO@41C thermal@30.5C POM_5V_IN 2174/2071 POM_5V_GPU 82/82 POM_5V_CPU 533/459
RAM 1383/3964MB (lfb 8x4MB) SWAP 773/6078MB (cached 36MB) IRAM 0/252kB(lfb 252kB) CPU [6%@921,7%@921,off,off] EMC_FREQ 0%@1600 GR3D_FREQ 0%@614 APE 25 PLL@30C CPU@31.5C iwlwifi@32C PMIC@50C GPU@30C AO@40.5C thermal@30.5C POM_5V_IN 1934/2071 POM_5V_GPU 82/82 POM_5V_CPU 329/459
RAM 1383/3964MB (lfb 8x4MB) SWAP 773/6078MB (cached 36MB) IRAM 0/252kB(lfb 252kB) CPU [6%@921,8%@921,off,off] EMC_FREQ 0%@1600 GR3D_FREQ 0%@614 APE 25 PLL@30C CPU@31C iwlwifi@32C PMIC@50C GPU@29.5C AO@40.5C thermal@30.25C POM_5V_IN 1851/2071 POM_5V_GPU 82/82 POM_5V_CPU 288/459
RAM 1384/3964MB (lfb 8x4MB) SWAP 773/6078MB (cached 36MB) IRAM 0/252kB(lfb 252kB) CPU [7%@921,6%@921,off,off] EMC_FREQ 0%@1600 GR3D_FREQ 0%@614 APE 25 PLL@29.5C CPU@31.5C iwlwifi@32C PMIC@50C GPU@29.5C AO@41C thermal@30.75C POM_5V_IN 1934/2071 POM_5V_GPU 82/82 POM_5V_CPU 329/459
RAM 1383/3964MB (lfb 8x4MB) SWAP 773/6078MB (cached 36MB) IRAM 0/252kB(lfb 252kB) CPU [8%@921,6%@921,off,off] EMC_FREQ 0%@1600 GR3D_FREQ 0%@614 APE 25 PLL@29.5C CPU@31.5C iwlwifi@32C PMIC@50C GPU@29.5C AO@40.5C thermal@30.5C POM_5V_IN 1890/2071 POM_5V_GPU 82/82 POM_5V_CPU 287/459
RAM 1366/3964MB (lfb 8x4MB) SWAP 773/6078MB (cached 36MB) IRAM 0/252kB(lfb 252kB) CPU [6%@921,8%@921,off,off] EMC_FREQ 0%@1600 GR3D_FREQ 0%@614 APE 25 PLL@30C CPU@31.5C iwlwifi@32C PMIC@50C GPU@29.5C AO@41C thermal@30.5C POM_5V_IN 2256/2071 POM_5V_GPU 82/82 POM_5V_CPU 574/459
RAM 1366/3964MB (lfb 8x4MB) SWAP 773/6078MB (cached 36MB) IRAM 0/252kB(lfb 252kB) CPU [6%@921,8%@921,off,off] EMC_FREQ 0%@1600 GR3D_FREQ 0%@614 APE 25 PLL@30C CPU@31.5C iwlwifi@32C PMIC@50C GPU@29.5C AO@41C thermal@30.5C POM_5V_IN 2215/2071 POM_5V_GPU 82/82 POM_5V_CPU 574/459
RAM 1366/3964MB (lfb 8x4MB) SWAP 773/6078MB (cached 36MB) IRAM 0/252kB(lfb 252kB) CPU [7%@921,6%@921,off,off] EMC_FREQ 0%@1600 GR3D_FREQ 0%@614 APE 25 PLL@29.5C CPU@31.5C iwlwifi@32C PMIC@50C GPU@30C AO@41C thermal@30.75C POM_5V_IN 2215/2071 POM_5V_GPU 82/82 POM_5V_CPU 574/459
RAM 1366/3964MB (lfb 8x4MB) SWAP 773/6078MB (cached 36MB) IRAM 0/252kB(lfb 252kB) CPU [8%@921,6%@921,off,off] EMC_FREQ 0%@1600 GR3D_FREQ 0%@614 APE 25 PLL@29.5C CPU@31.5C iwlwifi@32C PMIC@50C GPU@30C AO@41C thermal@30.75C POM_5V_IN 2174/2071 POM_5V_GPU 82/82 POM_5V_CPU 574/459
RAM 1385/3964MB (lfb 8x4MB) SWAP 773/6078MB (cached 36MB) IRAM 0/252kB(lfb 252kB) CPU [6%@921,6%@921,off,off] EMC_FREQ 0%@1600 GR3D_FREQ 0%@614 APE 25 PLL@30C CPU@31C iwlwifi@32C PMIC@50C GPU@29.5C AO@41C thermal@30.75C POM_5V_IN 2174/2071 POM_5V_GPU 82/82 POM_5V_CPU 533/459
RAM 1366/3964MB (lfb 8x4MB) SWAP 773/6078MB (cached 36MB) IRAM 0/252kB(lfb 252kB) CPU [9%@921,5%@921,off,off] EMC_FREQ 0%@1600 GR3D_FREQ 0%@614 APE 25 PLL@29.5C CPU@31.5C iwlwifi@33C PMIC@50C GPU@30C AO@41C thermal@30.5C POM_5V_IN 1892/2071 POM_5V_GPU 82/82 POM_5V_CPU 329/459
RAM 1385/3964MB (lfb 8x4MB) SWAP 773/6078MB (cached 36MB) IRAM 0/252kB(lfb 252kB) CPU [5%@921,8%@921,off,off] EMC_FREQ 0%@1600 GR3D_FREQ 0%@614 APE 25 PLL@29.5C CPU@31.5C iwlwifi@32C PMIC@50C GPU@30C AO@41C thermal@30.5C POM_5V_IN 2252/2071 POM_5V_GPU 81/82 POM_5V_CPU 614/459
RAM 1381/3964MB (lfb 8x4MB) SWAP 773/6078MB (cached 36MB) IRAM 0/252kB(lfb 252kB) CPU [7%@921,6%@921,off,off] EMC_FREQ 0%@1600 GR3D_FREQ 0%@614 APE 25 PLL@29.5C CPU@31.5C iwlwifi@32C PMIC@50C GPU@29.5C AO@41C thermal@30.5C POM_5V_IN 1934/2071 POM_5V_GPU 82/82 POM_5V_CPU 329/459
RAM 1384/3964MB (lfb 8x4MB) SWAP 773/6078MB (cached 36MB) IRAM 0/252kB(lfb 252kB) CPU [8%@921,6%@921,off,off] EMC_FREQ 0%@1600 GR3D_FREQ 0%@614 APE 25 PLL@29.5C CPU@31.5C iwlwifi@32C PMIC@50C GPU@30C AO@41C thermal@30.5C POM_5V_IN 1928/2071 POM_5V_GPU 82/82 POM_5V_CPU 328/459
RAM 1381/3964MB (lfb 8x4MB) SWAP 773/6078MB (cached 36MB) IRAM 0/252kB(lfb 252kB) CPU [5%@921,8%@921,off,off] EMC_FREQ 0%@1600 GR3D_FREQ 0%@614 APE 25 PLL@29.5C CPU@31.5C iwlwifi@32C PMIC@50C GPU@29.5C AO@40.5C thermal@30.25C POM_5V_IN 1934/2071 POM_5V_GPU 82/82 POM_5V_CPU 370/459
RAM 1385/3964MB (lfb 8x4MB) SWAP 773/6078MB (cached 36MB) IRAM 0/252kB(lfb 252kB) CPU [8%@921,6%@921,off,off] EMC_FREQ 0%@1600 GR3D_FREQ 0%@614 APE 25 PLL@29.5C CPU@31.5C iwlwifi@32C PMIC@50C GPU@29.5C AO@41C thermal@30.25C POM_5V_IN 1931/2071 POM_5V_GPU 82/82 POM_5V_CPU 328/459
RAM 1381/3964MB (lfb 8x4MB) SWAP 773/6078MB (cached 36MB) IRAM 0/252kB(lfb 252kB) CPU [7%@921,5%@921,off,off] EMC_FREQ 0%@1600 GR3D_FREQ 0%@614 APE 25 PLL@29.5C CPU@31C iwlwifi@32C PMIC@50C GPU@30C AO@41C thermal@30.25C POM_5V_IN 1892/2071 POM_5V_GPU 82/82 POM_5V_CPU 329/459
RAM 1366/3964MB (lfb 8x4MB) SWAP 773/6078MB (cached 36MB) IRAM 0/252kB(lfb 252kB) CPU [9%@921,5%@921,off,off] EMC_FREQ 0%@1600 GR3D_FREQ 0%@614 APE 25 PLL@29.5C CPU@31.5C iwlwifi@32C PMIC@50C GPU@29.5C AO@41C thermal@30.25C POM_5V_IN 2375/2071 POM_5V_GPU 81/82 POM_5V_CPU 696/459
RAM 1366/3964MB (lfb 8x4MB) SWAP 773/6078MB (cached 36MB) IRAM 0/252kB(lfb 252kB) CPU [5%@921,8%@921,off,off] EMC_FREQ 0%@1600 GR3D_FREQ 0%@614 APE 25 PLL@30C CPU@31C iwlwifi@32C PMIC@50C GPU@29.5C AO@40.5C thermal@30.5C POM_5V_IN 2215/2071 POM_5V_GPU 82/82 POM_5V_CPU 574/459
RAM 1366/3964MB (lfb 8x4MB) SWAP 773/6078MB (cached 36MB) IRAM 0/252kB(lfb 252kB) CPU [5%@921,9%@921,off,off] EMC_FREQ 0%@1600 GR3D_FREQ 0%@614 APE 25 PLL@29.5C CPU@31.5C iwlwifi@32C PMIC@50C GPU@29.5C AO@41C thermal@30.25C POM_5V_IN 2174/2071 POM_5V_GPU 82/82 POM_5V_CPU 533/459
RAM 1366/3964MB (lfb 8x4MB) SWAP 773/6078MB (cached 36MB) IRAM 0/252kB(lfb 252kB) CPU [7%@921,6%@921,off,off] EMC_FREQ 0%@1600 GR3D_FREQ 0%@614 APE 25 PLL@29.5C CPU@31.5C iwlwifi@32C PMIC@50C GPU@30C AO@40.5C thermal@30.5C POM_5V_IN 2174/2071 POM_5V_GPU 82/82 POM_5V_CPU 574/459
RAM 1385/3964MB (lfb 8x4MB) SWAP 773/6078MB (cached 36MB) IRAM 0/252kB(lfb 252kB) CPU [5%@921,8%@921,off,off] EMC_FREQ 0%@1600 GR3D_FREQ 0%@614 APE 25 PLL@29.5C CPU@31.5C iwlwifi@32C PMIC@50C GPU@29.5C AO@41C thermal@30.5C POM_5V_IN 2174/2071 POM_5V_GPU 82/82 POM_5V_CPU 533/459
RAM 1366/3964MB (lfb 8x4MB) SWAP 773/6078MB (cached 36MB) IRAM 0/252kB(lfb 252kB) CPU [8%@921,6%@921,off,off] EMC_FREQ 0%@1600 GR3D_FREQ 0%@614 APE 25 PLL@29.5C CPU@31C iwlwifi@32C PMIC@50C GPU@29.5C AO@40.5C thermal@30.5C POM_5V_IN 1934/2071 POM_5V_GPU 82/82 POM_5V_CPU 329/459
RAM 1383/3964MB (lfb 8x4MB) SWAP 773/6078MB (cached 36MB) IRAM 0/252kB(lfb 252kB) CPU [8%@921,5%@921,off,off] EMC_FREQ 0%@1600 GR3D_FREQ 0%@614 APE 25 PLL@29.5C CPU@31C iwlwifi@32C PMIC@50C GPU@29.5C AO@41C thermal@30.25C POM_5V_IN 2174/2071 POM_5V_GPU 82/82 POM_5V_CPU 533/459
RAM 1381/3964MB (lfb 8x4MB) SWAP 773/6078MB (cached 36MB) IRAM 0/252kB(lfb 252kB) CPU [6%@921,7%@921,off,off] EMC_FREQ 0%@1600 GR3D_FREQ 0%@614 APE 25 PLL@29.5C CPU@31.5C iwlwifi@32C PMIC@50C GPU@29.5C AO@40.5C thermal@30.5C POM_5V_IN 2211/2071 POM_5V_GPU 81/82 POM_5V_CPU 614/459
RAM 1383/3964MB (lfb 8x4MB) SWAP 773/6078MB (cached 36MB) IRAM 0/252kB(lfb 252kB) CPU [6%@921,7%@921,off,off] EMC_FREQ 0%@1600 GR3D_FREQ 0%@614 APE 25 PLL@29.5C CPU@31C iwlwifi@33C PMIC@50C GPU@30C AO@40.5C thermal@30.5C POM_5V_IN 1934/2071 POM_5V_GPU 82/82 POM_5V_CPU 329/459
RAM 1383/3964MB (lfb 8x4MB) SWAP 773/6078MB (cached 36MB) IRAM 0/252kB(lfb 252kB) CPU [7%@921,6%@921,off,off] EMC_FREQ 0%@1600 GR3D_FREQ 0%@614 APE 25 PLL@29.5C CPU@32C iwlwifi@32C PMIC@50C GPU@29.5C AO@40.5C thermal@30.5C POM_5V_IN 2215/2071 POM_5V_GPU 82/82 POM_5V_CPU 574/459
RAM 1385/3964MB (lfb 8x4MB) SWAP 773/6078MB (cached 36MB) IRAM 0/252kB(lfb 252kB) CPU [7%@921,7%@921,off,off] EMC_FREQ 0%@1600 GR3D_FREQ 0%@614 APE 25 PLL@29.5C CPU@31C iwlwifi@32C PMIC@50C GPU@30C AO@41C thermal@30.25C POM_5V_IN 1934/2071 POM_5V_GPU 82/82 POM_5V_CPU 329/459
RAM 1366/3964MB (lfb 8x4MB) SWAP 773/6078MB (cached 36MB) IRAM 0/252kB(lfb 252kB) CPU [7%@921,6%@921,off,off] EMC_FREQ 0%@1600 GR3D_FREQ 0%@614 APE 25 PLL@29.5C CPU@31C iwlwifi@32C PMIC@50C GPU@29.5C AO@40.5C thermal@30.25C POM_5V_IN 2095/2071 POM_5V_GPU 82/82 POM_5V_CPU 492/459
RAM 1367/3964MB (lfb 8x4MB) SWAP 773/6078MB (cached 36MB) IRAM 0/252kB(lfb 252kB) CPU [7%@921,6%@921,off,off] EMC_FREQ 0%@1600 GR3D_FREQ 0%@614 APE 25 PLL@29.5C CPU@31C iwlwifi@32C PMIC@50C GPU@29.5C AO@41C thermal@30.5C POM_5V_IN 2215/2071 POM_5V_GPU 82/82 POM_5V_CPU 574/459
RAM 1366/3964MB (lfb 8x4MB) SWAP 773/6078MB (cached 36MB) IRAM 0/252kB(lfb 252kB) CPU [8%@921,6%@921,off,off] EMC_FREQ 0%@1600 GR3D_FREQ 0%@614 APE 25 PLL@29.5C CPU@31.5C iwlwifi@32C PMIC@50C GPU@30C AO@40.5C thermal@30.5C POM_5V_IN 2256/2072 POM_5V_GPU 82/82 POM_5V_CPU 615/460
RAM 1383/3964MB (lfb 8x4MB) SWAP 773/6078MB (cached 36MB) IRAM 0/252kB(lfb 252kB) CPU [6%@921,7%@921,off,off] EMC_FREQ 0%@1600 GR3D_FREQ 0%@614 APE 25 PLL@29.5C CPU@31.5C iwlwifi@32C PMIC@50C GPU@29.5C AO@40.5C thermal@30.25C POM_5V_IN 2174/2072 POM_5V_GPU 82/82 POM_5V_CPU 533/460
RAM 1366/3964MB (lfb 8x4MB) SWAP 773/6078MB (cached 36MB) IRAM 0/252kB(lfb 252kB) CPU [7%@921,7%@921,off,off] EMC_FREQ 0%@1600 GR3D_FREQ 0%@614 APE 25 PLL@30C CPU@31C iwlwifi@32C PMIC@50C GPU@29.5C AO@40.5C thermal@30.25C POM_5V_IN 1890/2072 POM_5V_GPU 82/82 POM_5V_CPU 287/459
RAM 1381/3964MB (lfb 8x4MB) SWAP 773/6078MB (cached 36MB) IRAM 0/252kB(lfb 252kB) CPU [5%@921,8%@921,off,off] EMC_FREQ 0%@1600 GR3D_FREQ 0%@614 APE 25 PLL@29.5C CPU@31C iwlwifi@32C PMIC@50C GPU@29.5C AO@40.5C thermal@30.25C POM_5V_IN 2133/2072 POM_5V_GPU 82/82 POM_5V_CPU 574/460
RAM 1366/3964MB (lfb 8x4MB) SWAP 773/6078MB (cached 36MB) IRAM 0/252kB(lfb 252kB) CPU [9%@921,5%@921,off,off] EMC_FREQ 0%@1600 GR3D_FREQ 0%@614 APE 25 PLL@29.5C CPU@31.5C iwlwifi@32C PMIC@50C GPU@29.5C AO@40.5C thermal@30.5C POM_5V_IN 1892/2071 POM_5V_GPU 82/82 POM_5V_CPU 288/459
RAM 1381/3964MB (lfb 8x4MB) SWAP 773/6078MB (cached 36MB) IRAM 0/252kB(lfb 252kB) CPU [8%@921,5%@921,off,off] EMC_FREQ 0%@1600 GR3D_FREQ 0%@614 APE 25 PLL@29.5C CPU@31C iwlwifi@32C PMIC@50C GPU@29.5C AO@40.5C thermal@30C POM_5V_IN 2170/2072 POM_5V_GPU 81/82 POM_5V_CPU 573/459
RAM 1381/3964MB (lfb 8x4MB) SWAP 773/6078MB (cached 36MB) IRAM 0/252kB(lfb 252kB) CPU [7%@921,7%@921,off,off] EMC_FREQ 0%@1600 GR3D_FREQ 0%@614 APE 25 PLL@29.5C CPU@31C iwlwifi@32C PMIC@50C GPU@29.5C AO@40.5C thermal@30.25C POM_5V_IN 1892/2071 POM_5V_GPU 82/82 POM_5V_CPU 329/459
RAM 1381/3964MB (lfb 8x4MB) SWAP 773/6078MB (cached 36MB) IRAM 0/252kB(lfb 252kB) CPU [9%@921,4%@921,off,off] EMC_FREQ 0%@1600 GR3D_FREQ 0%@614 APE 25 PLL@30C CPU@31C iwlwifi@32C PMIC@50C GPU@29.5C AO@41C thermal@30.25C POM_5V_IN 1931/2071 POM_5V_GPU 82/82 POM_5V_CPU 369/459
RAM 1383/3964MB (lfb 8x4MB) SWAP 773/6078MB (cached 36MB) IRAM 0/252kB(lfb 252kB) CPU [7%@921,7%@921,off,off] EMC_FREQ 0%@1600 GR3D_FREQ 0%@614 APE 25 PLL@30C CPU@31C iwlwifi@32C PMIC@50C GPU@30C AO@41C thermal@30.5C POM_5V_IN 1934/2071 POM_5V_GPU 82/82 POM_5V_CPU 369/459
RAM 1385/3964MB (lfb 8x4MB) SWAP 773/6078MB (cached 36MB) IRAM 0/252kB(lfb 252kB) CPU [7%@921,7%@921,off,off] EMC_FREQ 0%@1600 GR3D_FREQ 0%@614 APE 25 PLL@30C CPU@31C iwlwifi@32C PMIC@50C GPU@29.5C AO@40.5C thermal@30.25C POM_5V_IN 2095/2071 POM_5V_GPU 82/82 POM_5V_CPU 492/459
RAM 1381/3964MB (lfb 8x4MB) SWAP 773/6078MB (cached 36MB) IRAM 0/252kB(lfb 252kB) CPU [6%@921,8%@921,off,off] EMC_FREQ 0%@1600 GR3D_FREQ 0%@614 APE 25 PLL@29.5C CPU@31.5C iwlwifi@32C PMIC@50C GPU@30C AO@40.5C thermal@30.5C POM_5V_IN 1892/2071 POM_5V_GPU 82/82 POM_5V_CPU 329/459
RAM 1357/3964MB (lfb 8x4MB) SWAP 773/6078MB (cached 36MB) IRAM 0/252kB(lfb 252kB) CPU [8%@921,6%@921,off,off] EMC_FREQ 0%@1600 GR3D_FREQ 0%@614 APE 25 PLL@29.5C CPU@31.5C iwlwifi@32C PMIC@50C GPU@30C AO@41C thermal@30.25C POM_5V_IN 2136/2071 POM_5V_GPU 82/82 POM_5V_CPU 492/459
RAM 1366/3964MB (lfb 8x4MB) SWAP 773/6078MB (cached 36MB) IRAM 0/252kB(lfb 252kB) CPU [8%@921,5%@921,off,off] EMC_FREQ 0%@1600 GR3D_FREQ 0%@614 APE 25 PLL@29.5C CPU@31.5C iwlwifi@32C PMIC@50C GPU@29.5C AO@41C thermal@30.5C POM_5V_IN 2174/2071 POM_5V_GPU 82/82 POM_5V_CPU 574/459
RAM 1385/3964MB (lfb 8x4MB) SWAP 773/6078MB (cached 36MB) IRAM 0/252kB(lfb 252kB) CPU [7%@921,6%@921,off,off] EMC_FREQ 0%@1600 GR3D_FREQ 0%@614 APE 25 PLL@29.5C CPU@31.5C iwlwifi@32C PMIC@50C GPU@29.5C AO@40.5C thermal@30.25C POM_5V_IN 2174/2071 POM_5V_GPU 82/82 POM_5V_CPU 574/459
RAM 1366/3964MB (lfb 8x4MB) SWAP 773/6078MB (cached 36MB) IRAM 0/252kB(lfb 252kB) CPU [7%@921,7%@921,off,off] EMC_FREQ 0%@1600 GR3D_FREQ 0%@614 APE 25 PLL@29.5C CPU@31C iwlwifi@32C PMIC@50C GPU@30C AO@41C thermal@30.25C POM_5V_IN 1892/2071 POM_5V_GPU 82/82 POM_5V_CPU 288/459
RAM 1380/3964MB (lfb 8x4MB) SWAP 773/6078MB (cached 36MB) IRAM 0/252kB(lfb 252kB) CPU [7%@921,6%@921,off,off] EMC_FREQ 0%@1600 GR3D_FREQ 0%@614 APE 25 PLL@29.5C CPU@31C iwlwifi@32C PMIC@50C GPU@29.5C AO@41C thermal@30.25C POM_5V_IN 2170/2071 POM_5V_GPU 81/82 POM_5V_CPU 573/459
RAM 1383/3964MB (lfb 8x4MB) SWAP 773/6078MB (cached 36MB) IRAM 0/252kB(lfb 252kB) CPU [6%@921,7%@921,off,off] EMC_FREQ 0%@1600 GR3D_FREQ 0%@614 APE 25 PLL@29.5C CPU@31.5C iwlwifi@32C PMIC@50C GPU@30C AO@40.5C thermal@30.25C POM_5V_IN 1934/2071 POM_5V_GPU 82/82 POM_5V_CPU 329/459
RAM 1385/3964MB (lfb 8x4MB) SWAP 773/6078MB (cached 36MB) IRAM 0/252kB(lfb 252kB) CPU [8%@921,6%@921,off,off] EMC_FREQ 0%@1600 GR3D_FREQ 0%@614 APE 25 PLL@29.5C CPU@31.5C iwlwifi@32C PMIC@50C GPU@30C AO@40.5C thermal@30.25C POM_5V_IN 1975/2071 POM_5V_GPU 82/82 POM_5V_CPU 370/459
RAM 1374/3964MB (lfb 8x4MB) SWAP 773/6078MB (cached 36MB) IRAM 0/252kB(lfb 252kB) CPU [6%@921,8%@921,off,off] EMC_FREQ 0%@1600 GR3D_FREQ 0%@614 APE 25 PLL@30C CPU@31C iwlwifi@32C PMIC@50C GPU@29.5C AO@40.5C thermal@30.5C POM_5V_IN 1892/2071 POM_5V_GPU 82/82 POM_5V_CPU 288/459
RAM 1383/3964MB (lfb 8x4MB) SWAP 773/6078MB (cached 36MB) IRAM 0/252kB(lfb 252kB) CPU [7%@921,7%@921,off,off] EMC_FREQ 0%@1600 GR3D_FREQ 0%@614 APE 25 PLL@29.5C CPU@31C iwlwifi@32C PMIC@50C GPU@29.5C AO@41C thermal@30.25C POM_5V_IN 1731/2071 POM_5V_GPU 82/82 POM_5V_CPU 164/459
RAM 1384/3964MB (lfb 8x4MB) SWAP 773/6078MB (cached 36MB) IRAM 0/252kB(lfb 252kB) CPU [7%@921,6%@921,off,off] EMC_FREQ 0%@1600 GR3D_FREQ 0%@614 APE 25 PLL@29.5C CPU@31C iwlwifi@32C PMIC@50C GPU@29.5C AO@40.5C thermal@30.25C POM_5V_IN 1892/2071 POM_5V_GPU 82/82 POM_5V_CPU 329/459
RAM 1380/3964MB (lfb 8x4MB) SWAP 773/6078MB (cached 36MB) IRAM 0/252kB(lfb 252kB) CPU [8%@921,6%@921,off,off] EMC_FREQ 0%@1600 GR3D_FREQ 0%@614 APE 25 PLL@30C CPU@31C iwlwifi@32C PMIC@50C GPU@30C AO@40.5C thermal@30.5C POM_5V_IN 2211/2071 POM_5V_GPU 81/82 POM_5V_CPU 573/459
RAM 1366/3964MB (lfb 8x4MB) SWAP 773/6078MB (cached 36MB) IRAM 0/252kB(lfb 252kB) CPU [6%@921,7%@921,off,off] EMC_FREQ 0%@1600 GR3D_FREQ 0%@614 APE 25 PLL@30C CPU@31.5C iwlwifi@32C PMIC@50C GPU@30C AO@40.5C thermal@30.75C POM_5V_IN 2256/2071 POM_5V_GPU 82/82 POM_5V_CPU 614/459
RAM 1366/3964MB (lfb 8x4MB) SWAP 773/6078MB (cached 36MB) IRAM 0/252kB(lfb 252kB) CPU [8%@921,6%@921,off,off] EMC_FREQ 0%@1600 GR3D_FREQ 0%@614 APE 25 PLL@29.5C CPU@31.5C iwlwifi@32C PMIC@50C GPU@30C AO@40.5C thermal@30.25C POM_5V_IN 2215/2071 POM_5V_GPU 82/82 POM_5V_CPU 574/459
RAM 1366/3964MB (lfb 8x4MB) SWAP 773/6078MB (cached 36MB) IRAM 0/252kB(lfb 252kB) CPU [7%@921,6%@921,off,off] EMC_FREQ 0%@1600 GR3D_FREQ 0%@614 APE 25 PLL@29.5C CPU@31.5C iwlwifi@32C PMIC@50C GPU@29.5C AO@41C thermal@30.25C POM_5V_IN 2174/2071 POM_5V_GPU 82/82 POM_5V_CPU 574/459
RAM 1385/3964MB (lfb 8x4MB) SWAP 773/6078MB (cached 36MB) IRAM 0/252kB(lfb 252kB) CPU [9%@921,4%@921,off,off] EMC_FREQ 0%@1600 GR3D_FREQ 0%@614 APE 25 PLL@29.5C CPU@31.5C iwlwifi@32C PMIC@50C GPU@29.5C AO@40.5C thermal@30.5C POM_5V_IN 2174/2071 POM_5V_GPU 82/82 POM_5V_CPU 574/459
RAM 1367/3964MB (lfb 8x4MB) SWAP 773/6078MB (cached 36MB) IRAM 0/252kB(lfb 252kB) CPU [8%@921,6%@921,off,off] EMC_FREQ 0%@1600 GR3D_FREQ 0%@614 APE 25 PLL@30C CPU@31.5C iwlwifi@32C PMIC@50C GPU@29.5C AO@41C thermal@30.5C POM_5V_IN 1934/2071 POM_5V_GPU 82/82 POM_5V_CPU 329/459
RAM 1386/3964MB (lfb 8x4MB) SWAP 773/6078MB (cached 36MB) IRAM 0/252kB(lfb 252kB) CPU [6%@921,8%@921,off,off] EMC_FREQ 0%@1600 GR3D_FREQ 0%@614 APE 25 PLL@29.5C CPU@31.5C iwlwifi@32C PMIC@50C GPU@30C AO@41C thermal@30.5C POM_5V_IN 2174/2071 POM_5V_GPU 82/82 POM_5V_CPU 574/459
RAM 1366/3964MB (lfb 8x4MB) SWAP 773/6078MB (cached 36MB) IRAM 0/252kB(lfb 252kB) CPU [9%@921,4%@921,off,off] EMC_FREQ 0%@1600 GR3D_FREQ 0%@614 APE 25 PLL@30C CPU@31.5C iwlwifi@32C PMIC@50C GPU@30C AO@40.5C thermal@30.25C POM_5V_IN 1892/2071 POM_5V_GPU 82/82 POM_5V_CPU 329/459
RAM 1386/3964MB (lfb 8x4MB) SWAP 773/6078MB (cached 36MB) IRAM 0/252kB(lfb 252kB) CPU [7%@921,6%@921,off,off] EMC_FREQ 0%@1600 GR3D_FREQ 0%@614 APE 25 PLL@29.5C CPU@31C iwlwifi@32C PMIC@50C GPU@29.5C AO@40.5C thermal@30.5C POM_5V_IN 2174/2071 POM_5V_GPU 82/82 POM_5V_CPU 533/459
RAM 1387/3964MB (lfb 8x4MB) SWAP 773/6078MB (cached 36MB) IRAM 0/252kB(lfb 252kB) CPU [6%@921,7%@921,off,off] EMC_FREQ 0%@1600 GR3D_FREQ 0%@614 APE 25 PLL@30C CPU@31C iwlwifi@32C PMIC@50C GPU@29.5C AO@40.5C thermal@30.25C POM_5V_IN 1892/2071 POM_5V_GPU 82/82 POM_5V_CPU 329/459
RAM 1386/3964MB (lfb 8x4MB) SWAP 773/6078MB (cached 36MB) IRAM 0/252kB(lfb 252kB) CPU [5%@921,8%@921,off,off] EMC_FREQ 0%@1600 GR3D_FREQ 0%@614 APE 25 PLL@29.5C CPU@31.5C iwlwifi@32C PMIC@50C GPU@29.5C AO@41C thermal@30.5C POM_5V_IN 1934/2071 POM_5V_GPU 82/82 POM_5V_CPU 329/459
RAM 1383/3964MB (lfb 8x4MB) SWAP 773/6078MB (cached 36MB) IRAM 0/252kB(lfb 252kB) CPU [6%@921,8%@921,off,off] EMC_FREQ 0%@1600 GR3D_FREQ 0%@614 APE 25 PLL@29.5C CPU@31C iwlwifi@32C PMIC@50C GPU@29.5C AO@41C thermal@30.5C POM_5V_IN 2054/2071 POM_5V_GPU 82/82 POM_5V_CPU 451/459
RAM 1366/3964MB (lfb 8x4MB) SWAP 773/6078MB (cached 36MB) IRAM 0/252kB(lfb 252kB) CPU [7%@921,6%@921,off,off] EMC_FREQ 0%@1600 GR3D_FREQ 0%@614 APE 25 PLL@30C CPU@31.5C iwlwifi@32C PMIC@50C GPU@29.5C AO@40.5C thermal@30.5C POM_5V_IN 2215/2071 POM_5V_GPU 82/82 POM_5V_CPU 574/459
RAM 1366/3964MB (lfb 8x4MB) SWAP 773/6078MB (cached 36MB) IRAM 0/252kB(lfb 252kB) CPU [8%@921,6%@921,off,off] EMC_FREQ 0%@1600 GR3D_FREQ 0%@614 APE 25 PLL@30C CPU@31.5C iwlwifi@32C PMIC@50C GPU@29.5C AO@41C thermal@30.25C POM_5V_IN 2215/2071 POM_5V_GPU 82/82 POM_5V_CPU 574/459
RAM 1367/3964MB (lfb 8x4MB) SWAP 773/6078MB (cached 36MB) IRAM 0/252kB(lfb 252kB) CPU [6%@921,6%@921,off,off] EMC_FREQ 0%@1600 GR3D_FREQ 0%@614 APE 25 PLL@29.5C CPU@31.5C iwlwifi@32C PMIC@50C GPU@29.5C AO@40.5C thermal@30.5C POM_5V_IN 2174/2071 POM_5V_GPU 82/82 POM_5V_CPU 533/459
RAM 1381/3964MB (lfb 8x4MB) SWAP 773/6078MB (cached 36MB) IRAM 0/252kB(lfb 252kB) CPU [6%@921,8%@921,off,off] EMC_FREQ 0%@1600 GR3D_FREQ 0%@614 APE 25 PLL@29.5C CPU@31.5C iwlwifi@32C PMIC@50C GPU@29.5C AO@40.5C thermal@30.25C POM_5V_IN 2174/2071 POM_5V_GPU 82/82 POM_5V_CPU 574/459
RAM 1366/3964MB (lfb 8x4MB) SWAP 773/6078MB (cached 36MB) IRAM 0/252kB(lfb 252kB) CPU [7%@921,6%@921,off,off] EMC_FREQ 0%@1600 GR3D_FREQ 0%@614 APE 25 PLL@30C CPU@31C iwlwifi@32C PMIC@50C GPU@29.5C AO@40.5C thermal@30.5C POM_5V_IN 1892/2071 POM_5V_GPU 82/82 POM_5V_CPU 329/459
RAM 1385/3964MB (lfb 8x4MB) SWAP 773/6078MB (cached 36MB) IRAM 0/252kB(lfb 252kB) CPU [6%@921,8%@921,off,off] EMC_FREQ 0%@1600 GR3D_FREQ 0%@614 APE 25 PLL@30C CPU@31.5C iwlwifi@32C PMIC@50C GPU@29.5C AO@40.5C thermal@30.5C POM_5V_IN 2174/2071 POM_5V_GPU 82/82 POM_5V_CPU 574/459
RAM 1367/3964MB (lfb 8x4MB) SWAP 773/6078MB (cached 36MB) IRAM 0/252kB(lfb 252kB) CPU [5%@921,8%@921,off,off] EMC_FREQ 0%@1600 GR3D_FREQ 0%@614 APE 25 PLL@30C CPU@31.5C iwlwifi@32C PMIC@50C GPU@29.5C AO@40.5C thermal@30.5C POM_5V_IN 1892/2071 POM_5V_GPU 82/82 POM_5V_CPU 329/459
RAM 1381/3964MB (lfb 8x4MB) SWAP 773/6078MB (cached 36MB) IRAM 0/252kB(lfb 252kB) CPU [7%@921,6%@921,off,off] EMC_FREQ 0%@1600 GR3D_FREQ 0%@614 APE 25 PLL@30C CPU@31.5C iwlwifi@32C PMIC@50C GPU@29.5C AO@41C thermal@30.5C POM_5V_IN 2174/2071 POM_5V_GPU 82/82 POM_5V_CPU 533/459
RAM 1385/3964MB (lfb 8x4MB) SWAP 773/6078MB (cached 36MB) IRAM 0/252kB(lfb 252kB) CPU [7%@921,6%@921,off,off] EMC_FREQ 0%@1600 GR3D_FREQ 0%@614 APE 25 PLL@29.5C CPU@31.5C iwlwifi@32C PMIC@50C GPU@29.5C AO@40.5C thermal@30.25C POM_5V_IN 1890/2071 POM_5V_GPU 82/82 POM_5V_CPU 328/459
RAM 1383/3964MB (lfb 8x4MB) SWAP 773/6078MB (cached 36MB) IRAM 0/252kB(lfb 252kB) CPU [7%@921,6%@921,off,off] EMC_FREQ 0%@1600 GR3D_FREQ 0%@614 APE 25 PLL@30C CPU@31.5C iwlwifi@32C PMIC@50C GPU@29.5C AO@40.5C thermal@30.25C POM_5V_IN 1934/2071 POM_5V_GPU 82/82 POM_5V_CPU 329/459
RAM 1381/3964MB (lfb 8x4MB) SWAP 773/6078MB (cached 36MB) IRAM 0/252kB(lfb 252kB) CPU [7%@921,7%@921,off,off] EMC_FREQ 0%@1600 GR3D_FREQ 0%@614 APE 25 PLL@29.5C CPU@31C iwlwifi@32C PMIC@50C GPU@29.5C AO@40.5C thermal@30.25C POM_5V_IN 1934/2071 POM_5V_GPU 82/82 POM_5V_CPU 329/459
RAM 1385/3964MB (lfb 8x4MB) SWAP 773/6078MB (cached 36MB) IRAM 0/252kB(lfb 252kB) CPU [6%@921,8%@921,off,off] EMC_FREQ 0%@1600 GR3D_FREQ 0%@614 APE 25 PLL@30C CPU@31C iwlwifi@32C PMIC@50C GPU@29.5C AO@40.5C thermal@30.25C POM_5V_IN 2054/2071 POM_5V_GPU 82/82 POM_5V_CPU 410/459
RAM 1381/3964MB (lfb 8x4MB) SWAP 773/6078MB (cached 36MB) IRAM 0/252kB(lfb 252kB) CPU [9%@921,4%@921,off,off] EMC_FREQ 0%@1600 GR3D_FREQ 0%@614 APE 25 PLL@29.5C CPU@32C iwlwifi@32C PMIC@50C GPU@29.5C AO@40.5C thermal@30.5C POM_5V_IN 2256/2071 POM_5V_GPU 82/82 POM_5V_CPU 655/459
RAM 1367/3964MB (lfb 8x4MB) SWAP 773/6078MB (cached 36MB) IRAM 0/252kB(lfb 252kB) CPU [9%@921,4%@921,off,off] EMC_FREQ 0%@1600 GR3D_FREQ 0%@614 APE 25 PLL@29.5C CPU@31.5C iwlwifi@32C PMIC@50C GPU@29.5C AO@40.5C thermal@30.5C POM_5V_IN 2256/2071 POM_5V_GPU 82/82 POM_5V_CPU 615/459
RAM 1375/3964MB (lfb 8x4MB) SWAP 772/6078MB (cached 37MB) IRAM 0/252kB(lfb 252kB) CPU [7%@921,8%@921,off,off] EMC_FREQ 0%@1600 GR3D_FREQ 0%@614 APE 25 PLL@30C CPU@31.5C iwlwifi@32C PMIC@50C GPU@29.5C AO@40.5C thermal@30.25C POM_5V_IN 2215/2071 POM_5V_GPU 82/82 POM_5V_CPU 574/459
RAM 1384/3964MB (lfb 8x4MB) SWAP 770/6078MB (cached 37MB) IRAM 0/252kB(lfb 252kB) CPU [11%@921,12%@921,off,off] EMC_FREQ 0%@1600 GR3D_FREQ 0%@614 APE 25 PLL@30C CPU@32C iwlwifi@32C PMIC@50C GPU@29.5C AO@41C thermal@30.25C POM_5V_IN 2535/2071 POM_5V_GPU 81/82 POM_5V_CPU 777/459
RAM 1371/3964MB (lfb 8x4MB) SWAP 770/6078MB (cached 37MB) IRAM 0/252kB(lfb 252kB) CPU [9%@921,5%@921,off,off] EMC_FREQ 0%@1600 GR3D_FREQ 0%@614 APE 25 PLL@29.5C CPU@31.5C iwlwifi@32C PMIC@50C GPU@30C AO@41C thermal@30.5C POM_5V_IN 2297/2071 POM_5V_GPU 82/82 POM_5V_CPU 614/460
RAM 1371/3964MB (lfb 8x4MB) SWAP 770/6078MB (cached 37MB) IRAM 0/252kB(lfb 252kB) CPU [6%@921,7%@921,off,off] EMC_FREQ 0%@1600 GR3D_FREQ 0%@614 APE 25 PLL@29.5C CPU@31C iwlwifi@32C PMIC@50C GPU@29.5C AO@40.5C thermal@30.5C POM_5V_IN 2174/2072 POM_5V_GPU 82/82 POM_5V_CPU 574/460
RAM 1371/3964MB (lfb 8x4MB) SWAP 770/6078MB (cached 37MB) IRAM 0/252kB(lfb 252kB) CPU [8%@921,6%@921,off,off] EMC_FREQ 0%@1600 GR3D_FREQ 0%@614 APE 25 PLL@30C CPU@31.5C iwlwifi@32C PMIC@50C GPU@29.5C AO@40.5C thermal@30.25C POM_5V_IN 2174/2072 POM_5V_GPU 82/82 POM_5V_CPU 574/460
RAM 1385/3964MB (lfb 8x4MB) SWAP 770/6078MB (cached 37MB) IRAM 0/252kB(lfb 252kB) CPU [6%@921,7%@921,off,off] EMC_FREQ 0%@1600 GR3D_FREQ 0%@614 APE 25 PLL@30C CPU@31C iwlwifi@32C PMIC@50C GPU@29.5C AO@40.5C thermal@30.25C POM_5V_IN 2174/2072 POM_5V_GPU 82/82 POM_5V_CPU 574/460
RAM 1371/3964MB (lfb 8x4MB) SWAP 770/6078MB (cached 37MB) IRAM 0/252kB(lfb 252kB) CPU [7%@921,7%@921,off,off] EMC_FREQ 0%@1600 GR3D_FREQ 0%@614 APE 25 PLL@29.5C CPU@31.5C iwlwifi@32C PMIC@50C GPU@29.5C AO@41C thermal@30.5C POM_5V_IN 2054/2072 POM_5V_GPU 82/82 POM_5V_CPU 328/460
RAM 1389/3964MB (lfb 8x4MB) SWAP 770/6078MB (cached 37MB) IRAM 0/252kB(lfb 252kB) CPU [8%@921,5%@921,off,off] EMC_FREQ 0%@1600 GR3D_FREQ 0%@614 APE 25 PLL@29.5C CPU@32C iwlwifi@32C PMIC@50C GPU@30C AO@41C thermal@30.75C POM_5V_IN 2174/2072 POM_5V_GPU 82/82 POM_5V_CPU 574/460
RAM 1387/3964MB (lfb 8x4MB) SWAP 770/6078MB (cached 37MB) IRAM 0/252kB(lfb 252kB) CPU [7%@921,7%@921,off,off] EMC_FREQ 0%@1600 GR3D_FREQ 0%@614 APE 25 PLL@29C CPU@31C iwlwifi@32C PMIC@50C GPU@29.5C AO@41C thermal@30.25C POM_5V_IN 1934/2072 POM_5V_GPU 82/82 POM_5V_CPU 329/460
RAM 1389/3964MB (lfb 8x4MB) SWAP 770/6078MB (cached 37MB) IRAM 0/252kB(lfb 252kB) CPU [8%@921,5%@921,off,off] EMC_FREQ 0%@1600 GR3D_FREQ 0%@614 APE 25 PLL@29.5C CPU@31C iwlwifi@32C PMIC@50C GPU@29.5C AO@40.5C thermal@30.5C POM_5V_IN 1934/2072 POM_5V_GPU 82/82 POM_5V_CPU 329/460
RAM 1387/3964MB (lfb 8x4MB) SWAP 770/6078MB (cached 37MB) IRAM 0/252kB(lfb 252kB) CPU [7%@921,8%@921,off,off] EMC_FREQ 0%@1600 GR3D_FREQ 0%@614 APE 25 PLL@29.5C CPU@31C iwlwifi@32C PMIC@50C GPU@29.5C AO@40.5C thermal@30.5C POM_5V_IN 1934/2071 POM_5V_GPU 82/82 POM_5V_CPU 329/459
RAM 1387/3964MB (lfb 8x4MB) SWAP 770/6078MB (cached 37MB) IRAM 0/252kB(lfb 252kB) CPU [5%@921,9%@921,off,off] EMC_FREQ 0%@1600 GR3D_FREQ 0%@614 APE 25 PLL@29.5C CPU@31.5C iwlwifi@32C PMIC@50C GPU@29.5C AO@40.5C thermal@30.5C POM_5V_IN 1892/2071 POM_5V_GPU 82/82 POM_5V_CPU 329/459
RAM 1387/3964MB (lfb 8x4MB) SWAP 770/6078MB (cached 37MB) IRAM 0/252kB(lfb 252kB) CPU [6%@921,8%@921,off,off] EMC_FREQ 0%@1600 GR3D_FREQ 0%@614 APE 25 PLL@29.5C CPU@31.5C iwlwifi@32C PMIC@50C GPU@29.5C AO@40.5C thermal@30.25C POM_5V_IN 1934/2071 POM_5V_GPU 82/82 POM_5V_CPU 329/459
RAM 1370/3964MB (lfb 8x4MB) SWAP 770/6078MB (cached 37MB) IRAM 0/252kB(lfb 252kB) CPU [6%@921,7%@921,off,off] EMC_FREQ 0%@1600 GR3D_FREQ 0%@614 APE 25 PLL@30C CPU@31.5C iwlwifi@32C PMIC@50C GPU@29.5C AO@40.5C thermal@30.25C POM_5V_IN 2215/2071 POM_5V_GPU 82/82 POM_5V_CPU 533/459
RAM 1370/3964MB (lfb 8x4MB) SWAP 770/6078MB (cached 37MB) IRAM 0/252kB(lfb 252kB) CPU [7%@921,6%@921,off,off] EMC_FREQ 0%@1600 GR3D_FREQ 0%@614 APE 25 PLL@30C CPU@31.5C iwlwifi@32C PMIC@50C GPU@29.5C AO@40.5C thermal@30.5C POM_5V_IN 2215/2071 POM_5V_GPU 82/82 POM_5V_CPU 574/459
RAM 1364/3964MB (lfb 8x4MB) SWAP 770/6078MB (cached 37MB) IRAM 0/252kB(lfb 252kB) CPU [10%@921,6%@921,off,off] EMC_FREQ 0%@1600 GR3D_FREQ 0%@614 APE 25 PLL@30C CPU@31.5C iwlwifi@32C PMIC@50C GPU@30C AO@40.5C thermal@30.75C POM_5V_IN 2174/2071 POM_5V_GPU 82/82 POM_5V_CPU 533/459
RAM 1387/3964MB (lfb 8x4MB) SWAP 770/6078MB (cached 37MB) IRAM 0/252kB(lfb 252kB) CPU [8%@921,4%@921,off,off] EMC_FREQ 0%@1600 GR3D_FREQ 0%@614 APE 25 PLL@30C CPU@31.5C iwlwifi@32C PMIC@50C GPU@30C AO@40.5C thermal@30.5C POM_5V_IN 2133/2072 POM_5V_GPU 82/82 POM_5V_CPU 533/460
RAM 1371/3964MB (lfb 8x4MB) SWAP 770/6078MB (cached 37MB) IRAM 0/252kB(lfb 252kB) CPU [8%@921,6%@921,off,off] EMC_FREQ 0%@1600 GR3D_FREQ 0%@614 APE 25 PLL@29.5C CPU@31.5C iwlwifi@32C PMIC@50C GPU@30C AO@40.5C thermal@30.5C POM_5V_IN 1934/2071 POM_5V_GPU 82/82 POM_5V_CPU 329/459
RAM 1384/3964MB (lfb 8x4MB) SWAP 770/6078MB (cached 37MB) IRAM 0/252kB(lfb 252kB) CPU [6%@921,6%@921,off,off] EMC_FREQ 0%@1600 GR3D_FREQ 0%@614 APE 25 PLL@30C CPU@31.5C iwlwifi@32C PMIC@50C GPU@30C AO@40.5C thermal@30.75C POM_5V_IN 2174/2072 POM_5V_GPU 82/82 POM_5V_CPU 533/459
RAM 1371/3964MB (lfb 8x4MB) SWAP 770/6078MB (cached 37MB) IRAM 0/252kB(lfb 252kB) CPU [5%@921,9%@921,off,off] EMC_FREQ 0%@1600 GR3D_FREQ 0%@614 APE 25 PLL@29.5C CPU@31.5C iwlwifi@32C PMIC@50C GPU@29.5C AO@40.5C thermal@30.5C POM_5V_IN 1892/2071 POM_5V_GPU 82/82 POM_5V_CPU 329/459
RAM 1389/3964MB (lfb 8x4MB) SWAP 770/6078MB (cached 37MB) IRAM 0/252kB(lfb 252kB) CPU [6%@921,7%@921,off,off] EMC_FREQ 0%@1600 GR3D_FREQ 0%@614 APE 25 PLL@29.5C CPU@31.5C iwlwifi@32C PMIC@50C GPU@30C AO@41C thermal@30.75C POM_5V_IN 2174/2071 POM_5V_GPU 82/82 POM_5V_CPU 533/459
RAM 1390/3964MB (lfb 8x4MB) SWAP 770/6078MB (cached 37MB) IRAM 0/252kB(lfb 252kB) CPU [9%@921,9%@921,off,off] EMC_FREQ 0%@1600 GR3D_FREQ 0%@614 APE 25 PLL@29.5C CPU@31.5C iwlwifi@32C PMIC@50C GPU@30C AO@40C thermal@30.5C POM_5V_IN 1934/2071 POM_5V_GPU 82/82 POM_5V_CPU 329/459
RAM 1387/3964MB (lfb 8x4MB) SWAP 770/6078MB (cached 37MB) IRAM 0/252kB(lfb 252kB) CPU [6%@921,8%@921,off,off] EMC_FREQ 0%@1600 GR3D_FREQ 0%@614 APE 25 PLL@30C CPU@31.5C iwlwifi@32C PMIC@50C GPU@30C AO@41C thermal@30.75C POM_5V_IN 2136/2071 POM_5V_GPU 82/82 POM_5V_CPU 533/459
RAM 1379/3964MB (lfb 8x4MB) SWAP 770/6078MB (cached 37MB) IRAM 0/252kB(lfb 252kB) CPU [9%@921,5%@921,off,off] EMC_FREQ 0%@1600 GR3D_FREQ 0%@614 APE 25 PLL@29.5C CPU@31.5C iwlwifi@32C PMIC@50C GPU@30C AO@41C thermal@30.5C POM_5V_IN 1934/2071 POM_5V_GPU 82/82 POM_5V_CPU 370/459
RAM 1383/3964MB (lfb 8x4MB) SWAP 770/6078MB (cached 37MB) IRAM 0/252kB(lfb 252kB) CPU [5%@921,8%@921,off,off] EMC_FREQ 0%@1600 GR3D_FREQ 0%@614 APE 25 PLL@29.5C CPU@31.5C iwlwifi@32C PMIC@50C GPU@29.5C AO@40.5C thermal@30.5C POM_5V_IN 2013/2071 POM_5V_GPU 82/82 POM_5V_CPU 369/459
RAM 1371/3964MB (lfb 8x4MB) SWAP 770/6078MB (cached 37MB) IRAM 0/252kB(lfb 252kB) CPU [5%@921,8%@921,off,off] EMC_FREQ 0%@1600 GR3D_FREQ 0%@614 APE 25 PLL@29.5C CPU@31.5C iwlwifi@32C PMIC@50C GPU@30C AO@40.5C thermal@30.5C POM_5V_IN 2256/2071 POM_5V_GPU 82/82 POM_5V_CPU 615/459
RAM 1371/3964MB (lfb 8x4MB) SWAP 770/6078MB (cached 37MB) IRAM 0/252kB(lfb 252kB) CPU [6%@921,7%@921,off,off] EMC_FREQ 0%@1600 GR3D_FREQ 0%@614 APE 25 PLL@29.5C CPU@31.5C iwlwifi@32C PMIC@50C GPU@29.5C AO@40.5C thermal@30.5C POM_5V_IN 2215/2071 POM_5V_GPU 82/82 POM_5V_CPU 574/459
RAM 1371/3964MB (lfb 8x4MB) SWAP 770/6078MB (cached 37MB) IRAM 0/252kB(lfb 252kB) CPU [8%@921,6%@921,off,off] EMC_FREQ 0%@1600 GR3D_FREQ 0%@614 APE 25 PLL@29.5C CPU@32C iwlwifi@32C PMIC@50C GPU@30C AO@40.5C thermal@30.25C POM_5V_IN 2170/2072 POM_5V_GPU 81/82 POM_5V_CPU 573/460
RAM 1371/3964MB (lfb 8x4MB) SWAP 770/6078MB (cached 37MB) IRAM 0/252kB(lfb 252kB) CPU [8%@921,5%@921,off,off] EMC_FREQ 0%@1600 GR3D_FREQ 0%@614 APE 25 PLL@30C CPU@31.5C iwlwifi@32C PMIC@50C GPU@30C AO@40.5C thermal@30.25C POM_5V_IN 2174/2072 POM_5V_GPU 82/82 POM_5V_CPU 574/460
RAM 1385/3964MB (lfb 8x4MB) SWAP 770/6078MB (cached 37MB) IRAM 0/252kB(lfb 252kB) CPU [8%@921,4%@921,off,off] EMC_FREQ 0%@1600 GR3D_FREQ 0%@614 APE 25 PLL@29.5C CPU@31.5C iwlwifi@32C PMIC@50C GPU@30C AO@40.5C thermal@30.25C POM_5V_IN 2174/2072 POM_5V_GPU 82/82 POM_5V_CPU 574/460
RAM 1371/3964MB (lfb 8x4MB) SWAP 770/6078MB (cached 37MB) IRAM 0/252kB(lfb 252kB) CPU [6%@921,8%@921,off,off] EMC_FREQ 0%@1600 GR3D_FREQ 0%@614 APE 25 PLL@29.5C CPU@31C iwlwifi@32C PMIC@50C GPU@30C AO@40.5C thermal@30.75C POM_5V_IN 1892/2072 POM_5V_GPU 82/82 POM_5V_CPU 329/460
RAM 1385/3964MB (lfb 8x4MB) SWAP 770/6078MB (cached 37MB) IRAM 0/252kB(lfb 252kB) CPU [7%@921,5%@921,off,off] EMC_FREQ 0%@1600 GR3D_FREQ 0%@614 APE 25 PLL@29.5C CPU@31.5C iwlwifi@32C PMIC@50C GPU@29.5C AO@40.5C thermal@30.25C POM_5V_IN 2174/2072 POM_5V_GPU 82/82 POM_5V_CPU 574/460
RAM 1389/3964MB (lfb 8x4MB) SWAP 770/6078MB (cached 37MB) IRAM 0/252kB(lfb 252kB) CPU [7%@921,7%@921,off,off] EMC_FREQ 0%@1600 GR3D_FREQ 0%@614 APE 25 PLL@29.5C CPU@31C iwlwifi@32C PMIC@50C GPU@30C AO@41C thermal@30.5C POM_5V_IN 1892/2072 POM_5V_GPU 82/82 POM_5V_CPU 329/460
RAM 1389/3964MB (lfb 8x4MB) SWAP 770/6078MB (cached 37MB) IRAM 0/252kB(lfb 252kB) CPU [7%@921,7%@921,off,off] EMC_FREQ 0%@1600 GR3D_FREQ 0%@614 APE 25 PLL@29.5C CPU@31C iwlwifi@32C PMIC@50C GPU@30C AO@40.5C thermal@30.5C POM_5V_IN 1934/2071 POM_5V_GPU 82/82 POM_5V_CPU 329/460
RAM 1389/3964MB (lfb 8x4MB) SWAP 770/6078MB (cached 37MB) IRAM 0/252kB(lfb 252kB) CPU [8%@921,5%@921,off,off] EMC_FREQ 0%@1600 GR3D_FREQ 0%@614 APE 25 PLL@30C CPU@31.5C iwlwifi@32C PMIC@50C GPU@30C AO@40.5C thermal@30.5C POM_5V_IN 1934/2071 POM_5V_GPU 82/82 POM_5V_CPU 329/459
RAM 1387/3964MB (lfb 8x4MB) SWAP 770/6078MB (cached 37MB) IRAM 0/252kB(lfb 252kB) CPU [6%@921,8%@921,off,off] EMC_FREQ 0%@1600 GR3D_FREQ 0%@614 APE 25 PLL@29C CPU@31.5C iwlwifi@32C PMIC@50C GPU@30C AO@40.5C thermal@30.25C POM_5V_IN 1934/2071 POM_5V_GPU 82/82 POM_5V_CPU 329/459
RAM 1370/3964MB (lfb 8x4MB) SWAP 770/6078MB (cached 37MB) IRAM 0/252kB(lfb 252kB) CPU [6%@921,8%@921,off,off] EMC_FREQ 0%@1600 GR3D_FREQ 0%@614 APE 25 PLL@29.5C CPU@31.5C iwlwifi@32C PMIC@50C GPU@30C AO@40.5C thermal@30.25C POM_5V_IN 2256/2071 POM_5V_GPU 82/82 POM_5V_CPU 574/459
RAM 1371/3964MB (lfb 8x4MB) SWAP 770/6078MB (cached 37MB) IRAM 0/252kB(lfb 252kB) CPU [6%@921,7%@921,off,off] EMC_FREQ 0%@1600 GR3D_FREQ 0%@614 APE 25 PLL@29.5C CPU@31C iwlwifi@32C PMIC@50C GPU@30C AO@40.5C thermal@30.25C POM_5V_IN 2215/2071 POM_5V_GPU 82/82 POM_5V_CPU 574/459
RAM 1371/3964MB (lfb 8x4MB) SWAP 770/6078MB (cached 37MB) IRAM 0/252kB(lfb 252kB) CPU [6%@921,7%@921,off,off] EMC_FREQ 0%@1600 GR3D_FREQ 0%@614 APE 25 PLL@30C CPU@31.5C iwlwifi@32C PMIC@50C GPU@29.5C AO@40.5C thermal@30.5C POM_5V_IN 2174/2072 POM_5V_GPU 82/82 POM_5V_CPU 574/460
RAM 1387/3964MB (lfb 8x4MB) SWAP 770/6078MB (cached 37MB) IRAM 0/252kB(lfb 252kB) CPU [6%@921,6%@921,off,off] EMC_FREQ 0%@1600 GR3D_FREQ 0%@614 APE 25 PLL@29.5C CPU@31.5C iwlwifi@32C PMIC@50C GPU@30C AO@40.5C thermal@30.75C POM_5V_IN 2174/2072 POM_5V_GPU 82/82 POM_5V_CPU 574/460
RAM 1371/3964MB (lfb 8x4MB) SWAP 770/6078MB (cached 37MB) IRAM 0/252kB(lfb 252kB) CPU [5%@921,9%@921,off,off] EMC_FREQ 0%@1600 GR3D_FREQ 0%@614 APE 25 PLL@29.5C CPU@31.5C iwlwifi@32C PMIC@50C GPU@30C AO@40.5C thermal@30.5C POM_5V_IN 2174/2072 POM_5V_GPU 82/82 POM_5V_CPU 533/460
RAM 1385/3964MB (lfb 8x4MB) SWAP 770/6078MB (cached 37MB) IRAM 0/252kB(lfb 252kB) CPU [6%@921,7%@921,off,off] EMC_FREQ 0%@1600 GR3D_FREQ 0%@614 APE 25 PLL@29.5C CPU@31C iwlwifi@32C PMIC@50C GPU@30C AO@40.5C thermal@30.25C POM_5V_IN 2215/2072 POM_5V_GPU 82/82 POM_5V_CPU 574/460
RAM 1370/3964MB (lfb 8x4MB) SWAP 770/6078MB (cached 37MB) IRAM 0/252kB(lfb 252kB) CPU [8%@921,6%@921,off,off] EMC_FREQ 0%@1600 GR3D_FREQ 0%@614 APE 25 PLL@29.5C CPU@31.5C iwlwifi@32C PMIC@50C GPU@29.5C AO@40.5C thermal@30.25C POM_5V_IN 1892/2072 POM_5V_GPU 82/82 POM_5V_CPU 329/460
RAM 1389/3964MB (lfb 8x4MB) SWAP 770/6078MB (cached 37MB) IRAM 0/252kB(lfb 252kB) CPU [9%@921,3%@921,off,off] EMC_FREQ 0%@1600 GR3D_FREQ 0%@614 APE 25 PLL@29.5C CPU@31C iwlwifi@32C PMIC@50C GPU@29.5C AO@40.5C thermal@30.25C POM_5V_IN 2174/2072 POM_5V_GPU 82/82 POM_5V_CPU 574/460
RAM 1389/3964MB (lfb 8x4MB) SWAP 770/6078MB (cached 37MB) IRAM 0/252kB(lfb 252kB) CPU [7%@921,6%@921,off,off] EMC_FREQ 0%@1600 GR3D_FREQ 0%@614 APE 25 PLL@29.5C CPU@31C iwlwifi@32C PMIC@50C GPU@30C AO@40.5C thermal@30.25C POM_5V_IN 1892/2072 POM_5V_GPU 82/82 POM_5V_CPU 329/460
RAM 1385/3964MB (lfb 8x4MB) SWAP 770/6078MB (cached 37MB) IRAM 0/252kB(lfb 252kB) CPU [7%@921,6%@921,off,off] EMC_FREQ 0%@1600 GR3D_FREQ 0%@614 APE 25 PLL@30C CPU@31C iwlwifi@32C PMIC@50C GPU@30C AO@40.5C thermal@30.5C POM_5V_IN 1892/2071 POM_5V_GPU 82/82 POM_5V_CPU 329/460
RAM 1389/3964MB (lfb 8x4MB) SWAP 770/6078MB (cached 37MB) IRAM 0/252kB(lfb 252kB) CPU [8%@921,5%@921,off,off] EMC_FREQ 0%@1600 GR3D_FREQ 0%@614 APE 25 PLL@30C CPU@31.5C iwlwifi@32C PMIC@50C GPU@29.5C AO@40.5C thermal@30.75C POM_5V_IN 1934/2071 POM_5V_GPU 82/82 POM_5V_CPU 329/459
RAM 1385/3964MB (lfb 8x4MB) SWAP 770/6078MB (cached 37MB) IRAM 0/252kB(lfb 252kB) CPU [6%@921,7%@921,off,off] EMC_FREQ 0%@1600 GR3D_FREQ 0%@614 APE 25 PLL@29.5C CPU@31C iwlwifi@32C PMIC@50C GPU@30C AO@40.5C thermal@30.5C POM_5V_IN 1975/2071 POM_5V_GPU 82/82 POM_5V_CPU 369/459
RAM 1370/3964MB (lfb 8x4MB) SWAP 770/6078MB (cached 37MB) IRAM 0/252kB(lfb 252kB) CPU [9%@921,4%@921,off,off] EMC_FREQ 0%@1600 GR3D_FREQ 0%@614 APE 25 PLL@30C CPU@31.5C iwlwifi@32C PMIC@50C GPU@30C AO@40.5C thermal@30.75C POM_5V_IN 2256/2071 POM_5V_GPU 82/82 POM_5V_CPU 615/460
RAM 1371/3964MB (lfb 8x4MB) SWAP 770/6078MB (cached 37MB) IRAM 0/252kB(lfb 252kB) CPU [7%@921,7%@921,off,off] EMC_FREQ 0%@1600 GR3D_FREQ 0%@614 APE 25 PLL@29.5C CPU@31.5C iwlwifi@32C PMIC@50C GPU@30C AO@41C thermal@30.25C POM_5V_IN 2174/2072 POM_5V_GPU 82/82 POM_5V_CPU 574/460
RAM 1371/3964MB (lfb 8x4MB) SWAP 770/6078MB (cached 37MB) IRAM 0/252kB(lfb 252kB) CPU [6%@921,7%@921,off,off] EMC_FREQ 0%@1600 GR3D_FREQ 0%@614 APE 25 PLL@29.5C CPU@31.5C iwlwifi@32C PMIC@50C GPU@30C AO@41C thermal@30.25C POM_5V_IN 2174/2072 POM_5V_GPU 82/82 POM_5V_CPU 533/460
RAM 1389/3964MB (lfb 8x4MB) SWAP 770/6078MB (cached 37MB) IRAM 0/252kB(lfb 252kB) CPU [7%@921,6%@921,off,off] EMC_FREQ 0%@1600 GR3D_FREQ 0%@614 APE 25 PLL@29.5C CPU@31C iwlwifi@32C PMIC@50C GPU@29.5C AO@41C thermal@30.5C POM_5V_IN 2174/2072 POM_5V_GPU 82/82 POM_5V_CPU 574/460
RAM 1371/3964MB (lfb 8x4MB) SWAP 770/6078MB (cached 37MB) IRAM 0/252kB(lfb 252kB) CPU [8%@921,5%@921,off,off] EMC_FREQ 0%@1600 GR3D_FREQ 0%@614 APE 25 PLL@29.5C CPU@31C iwlwifi@32C PMIC@50C GPU@30C AO@41C thermal@30.5C POM_5V_IN 1934/2072 POM_5V_GPU 82/82 POM_5V_CPU 370/460
RAM 1389/3964MB (lfb 8x4MB) SWAP 770/6078MB (cached 37MB) IRAM 0/252kB(lfb 252kB) CPU [6%@921,7%@921,off,off] EMC_FREQ 0%@1600 GR3D_FREQ 0%@614 APE 25 PLL@29.5C CPU@31.5C iwlwifi@32C PMIC@50C GPU@30C AO@40.5C thermal@30.5C POM_5V_IN 2170/2072 POM_5V_GPU 81/82 POM_5V_CPU 573/460
RAM 1389/3964MB (lfb 8x4MB) SWAP 770/6078MB (cached 37MB) IRAM 0/252kB(lfb 252kB) CPU [7%@921,6%@921,off,off] EMC_FREQ 0%@1600 GR3D_FREQ 0%@614 APE 25 PLL@29.5C CPU@31C iwlwifi@32C PMIC@50C GPU@29.5C AO@40.5C thermal@30.5C POM_5V_IN 1892/2071 POM_5V_GPU 82/82 POM_5V_CPU 329/460
RAM 1387/3964MB (lfb 8x4MB) SWAP 770/6078MB (cached 37MB) IRAM 0/252kB(lfb 252kB) CPU [8%@921,6%@921,off,off] EMC_FREQ 0%@1600 GR3D_FREQ 0%@614 APE 25 PLL@29.5C CPU@31C iwlwifi@32C PMIC@50C GPU@30C AO@40.5C thermal@30.5C POM_5V_IN 1934/2071 POM_5V_GPU 82/82 POM_5V_CPU 329/460
RAM 1387/3964MB (lfb 8x4MB) SWAP 770/6078MB (cached 37MB) IRAM 0/252kB(lfb 252kB) CPU [5%@921,8%@921,off,off] EMC_FREQ 0%@1600 GR3D_FREQ 0%@614 APE 25 PLL@29.5C CPU@31C iwlwifi@32C PMIC@50C GPU@29.5C AO@40.5C thermal@30.25C POM_5V_IN 1892/2071 POM_5V_GPU 82/82 POM_5V_CPU 329/459
RAM 1388/3964MB (lfb 8x4MB) SWAP 770/6078MB (cached 37MB) IRAM 0/252kB(lfb 252kB) CPU [6%@921,7%@921,off,off] EMC_FREQ 0%@1600 GR3D_FREQ 0%@614 APE 25 PLL@29.5C CPU@31C iwlwifi@32C PMIC@50C GPU@30C AO@40.5C thermal@30.25C POM_5V_IN 1934/2071 POM_5V_GPU 82/82 POM_5V_CPU 329/459
RAM 1389/3964MB (lfb 8x4MB) SWAP 770/6078MB (cached 37MB) IRAM 0/252kB(lfb 252kB) CPU [7%@921,7%@921,off,off] EMC_FREQ 0%@1600 GR3D_FREQ 0%@614 APE 25 PLL@30C CPU@31C iwlwifi@32C PMIC@50C GPU@29.5C AO@40.5C thermal@30.75C POM_5V_IN 2095/2071 POM_5V_GPU 82/82 POM_5V_CPU 533/459
RAM 1385/3964MB (lfb 8x4MB) SWAP 770/6078MB (cached 37MB) IRAM 0/252kB(lfb 252kB) CPU [10%@921,4%@921,off,off] EMC_FREQ 0%@1600 GR3D_FREQ 0%@614 APE 25 PLL@29.5C CPU@31C iwlwifi@32C PMIC@50C GPU@30C AO@41C thermal@30.25C POM_5V_IN 1975/2071 POM_5V_GPU 82/82 POM_5V_CPU 369/459
RAM 1387/3964MB (lfb 8x4MB) SWAP 770/6078MB (cached 37MB) IRAM 0/252kB(lfb 252kB) CPU [6%@921,7%@921,off,off] EMC_FREQ 0%@1600 GR3D_FREQ 0%@614 APE 25 PLL@29.5C CPU@31C iwlwifi@32C PMIC@50C GPU@30C AO@40.5C thermal@30.5C POM_5V_IN 1892/2071 POM_5V_GPU 82/82 POM_5V_CPU 329/459
RAM 1385/3964MB (lfb 8x4MB) SWAP 770/6078MB (cached 37MB) IRAM 0/252kB(lfb 252kB) CPU [6%@921,7%@921,off,off] EMC_FREQ 0%@1600 GR3D_FREQ 0%@614 APE 25 PLL@29.5C CPU@31C iwlwifi@32C PMIC@50C GPU@29.5C AO@41C thermal@30.5C POM_5V_IN 1934/2071 POM_5V_GPU 82/82 POM_5V_CPU 329/459
RAM 1385/3964MB (lfb 8x4MB) SWAP 770/6078MB (cached 37MB) IRAM 0/252kB(lfb 252kB) CPU [8%@921,6%@921,off,off] EMC_FREQ 0%@1600 GR3D_FREQ 0%@614 APE 25 PLL@29.5C CPU@31.5C iwlwifi@32C PMIC@50C GPU@30C AO@40.5C thermal@30.75C POM_5V_IN 2013/2071 POM_5V_GPU 82/82 POM_5V_CPU 410/459
RAM 1385/3964MB (lfb 8x4MB) SWAP 770/6078MB (cached 37MB) IRAM 0/252kB(lfb 252kB) CPU [7%@921,7%@921,off,off] EMC_FREQ 0%@1600 GR3D_FREQ 0%@614 APE 25 PLL@29.5C CPU@31.5C iwlwifi@32C PMIC@50C GPU@30C AO@41C thermal@30.5C POM_5V_IN 2293/2071 POM_5V_GPU 81/82 POM_5V_CPU 655/459
RAM 1370/3964MB (lfb 8x4MB) SWAP 770/6078MB (cached 37MB) IRAM 0/252kB(lfb 252kB) CPU [7%@921,6%@921,off,off] EMC_FREQ 0%@1600 GR3D_FREQ 0%@614 APE 25 PLL@30C CPU@31.5C iwlwifi@32C PMIC@50C GPU@29.5C AO@40.5C thermal@30.25C POM_5V_IN 2095/2071 POM_5V_GPU 82/82 POM_5V_CPU 451/459
RAM 1371/3964MB (lfb 8x4MB) SWAP 770/6078MB (cached 37MB) IRAM 0/252kB(lfb 252kB) CPU [7%@921,6%@921,off,off] EMC_FREQ 0%@1600 GR3D_FREQ 0%@614 APE 25 PLL@29.5C CPU@31C iwlwifi@32C PMIC@50C GPU@30C AO@40.5C thermal@30.5C POM_5V_IN 2215/2071 POM_5V_GPU 82/82 POM_5V_CPU 574/459
RAM 1387/3964MB (lfb 8x4MB) SWAP 770/6078MB (cached 37MB) IRAM 0/252kB(lfb 252kB) CPU [5%@921,9%@921,off,off] EMC_FREQ 0%@1600 GR3D_FREQ 0%@614 APE 25 PLL@29.5C CPU@31.5C iwlwifi@32C PMIC@50C GPU@30C AO@40.5C thermal@30.25C POM_5V_IN 2174/2071 POM_5V_GPU 81/82 POM_5V_CPU 573/459
RAM 1371/3964MB (lfb 8x4MB) SWAP 770/6078MB (cached 37MB) IRAM 0/252kB(lfb 252kB) CPU [6%@921,7%@921,off,off] EMC_FREQ 0%@1600 GR3D_FREQ 0%@614 APE 25 PLL@29.5C CPU@31C iwlwifi@32C PMIC@50C GPU@29.5C AO@40.5C thermal@30.25C POM_5V_IN 1934/2071 POM_5V_GPU 82/82 POM_5V_CPU 329/459
RAM 1388/3964MB (lfb 8x4MB) SWAP 770/6078MB (cached 37MB) IRAM 0/252kB(lfb 252kB) CPU [8%@921,6%@921,off,off] EMC_FREQ 0%@1600 GR3D_FREQ 0%@614 APE 25 PLL@29.5C CPU@31.5C iwlwifi@32C PMIC@50C GPU@29.5C AO@41C thermal@30.5C POM_5V_IN 2170/2071 POM_5V_GPU 81/82 POM_5V_CPU 573/459
RAM 1387/3964MB (lfb 8x4MB) SWAP 770/6078MB (cached 37MB) IRAM 0/252kB(lfb 252kB) CPU [8%@921,5%@921,off,off] EMC_FREQ 0%@1600 GR3D_FREQ 0%@614 APE 25 PLL@29.5C CPU@31C iwlwifi@32C PMIC@50C GPU@29.5C AO@41C thermal@30C POM_5V_IN 1975/2071 POM_5V_GPU 82/82 POM_5V_CPU 370/459
RAM 1389/3964MB (lfb 8x4MB) SWAP 770/6078MB (cached 37MB) IRAM 0/252kB(lfb 252kB) CPU [5%@921,8%@921,off,off] EMC_FREQ 0%@1600 GR3D_FREQ 0%@614 APE 25 PLL@29.5C CPU@31C iwlwifi@32C PMIC@50C GPU@29.5C AO@41C thermal@30.25C POM_5V_IN 1892/2071 POM_5V_GPU 82/82 POM_5V_CPU 288/459
RAM 1385/3964MB (lfb 8x4MB) SWAP 770/6078MB (cached 37MB) IRAM 0/252kB(lfb 252kB) CPU [7%@921,6%@921,off,off] EMC_FREQ 0%@1600 GR3D_FREQ 0%@614 APE 25 PLL@29.5C CPU@31.5C iwlwifi@32C PMIC@50C GPU@29.5C AO@41C thermal@30.25C POM_5V_IN 1931/2071 POM_5V_GPU 82/82 POM_5V_CPU 328/459
RAM 1389/3964MB (lfb 8x4MB) SWAP 770/6078MB (cached 37MB) IRAM 0/252kB(lfb 252kB) CPU [8%@921,5%@921,off,off] EMC_FREQ 0%@1600 GR3D_FREQ 0%@614 APE 25 PLL@29.5C CPU@31C iwlwifi@32C PMIC@50C GPU@30C AO@40.5C thermal@30.25C POM_5V_IN 1892/2071 POM_5V_GPU 82/82 POM_5V_CPU 329/459
RAM 1389/3964MB (lfb 8x4MB) SWAP 770/6078MB (cached 37MB) IRAM 0/252kB(lfb 252kB) CPU [7%@921,6%@921,off,off] EMC_FREQ 0%@1600 GR3D_FREQ 0%@614 APE 25 PLL@29.5C CPU@31.5C iwlwifi@32C PMIC@50C GPU@29.5C AO@40.5C thermal@30.25C POM_5V_IN 1975/2071 POM_5V_GPU 82/82 POM_5V_CPU 369/459
RAM 1387/3964MB (lfb 8x4MB) SWAP 770/6078MB (cached 37MB) IRAM 0/252kB(lfb 252kB) CPU [5%@921,9%@921,off,off] EMC_FREQ 0%@1600 GR3D_FREQ 0%@614 APE 25 PLL@29.5C CPU@31C iwlwifi@32C PMIC@50C GPU@30C AO@41C thermal@30.25C POM_5V_IN 1934/2071 POM_5V_GPU 82/82 POM_5V_CPU 329/459
RAM 1371/3964MB (lfb 8x4MB) SWAP 770/6078MB (cached 37MB) IRAM 0/252kB(lfb 252kB) CPU [6%@921,7%@921,off,off] EMC_FREQ 0%@1600 GR3D_FREQ 0%@614 APE 25 PLL@29.5C CPU@31.5C iwlwifi@32C PMIC@50C GPU@30C AO@41C thermal@30.25C POM_5V_IN 2256/2071 POM_5V_GPU 82/82 POM_5V_CPU 615/459
RAM 1389/3964MB (lfb 8x4MB) SWAP 770/6078MB (cached 37MB) IRAM 0/252kB(lfb 252kB) CPU [7%@921,6%@921,off,off] EMC_FREQ 0%@1600 GR3D_FREQ 0%@614 APE 25 PLL@29.5C CPU@31C iwlwifi@32C PMIC@50C GPU@30C AO@40.5C thermal@30C POM_5V_IN 2174/2071 POM_5V_GPU 82/82 POM_5V_CPU 574/459
RAM 1371/3964MB (lfb 8x4MB) SWAP 770/6078MB (cached 37MB) IRAM 0/252kB(lfb 252kB) CPU [8%@921,7%@921,off,off] EMC_FREQ 0%@1600 GR3D_FREQ 0%@614 APE 25 PLL@29.5C CPU@31.5C iwlwifi@32C PMIC@50C GPU@30C AO@40.5C thermal@30.75C POM_5V_IN 2095/2071 POM_5V_GPU 82/82 POM_5V_CPU 493/459
RAM 1370/3964MB (lfb 8x4MB) SWAP 770/6078MB (cached 37MB) IRAM 0/252kB(lfb 252kB) CPU [5%@921,8%@921,off,off] EMC_FREQ 0%@1600 GR3D_FREQ 0%@614 APE 25 PLL@29.5C CPU@31C iwlwifi@32C PMIC@50C GPU@30C AO@40.5C thermal@30.25C POM_5V_IN 2174/2071 POM_5V_GPU 82/82 POM_5V_CPU 574/459
RAM 1387/3964MB (lfb 8x4MB) SWAP 770/6078MB (cached 37MB) IRAM 0/252kB(lfb 252kB) CPU [5%@921,9%@921,off,off] EMC_FREQ 0%@1600 GR3D_FREQ 0%@614 APE 25 PLL@29.5C CPU@31C iwlwifi@32C PMIC@50C GPU@29.5C AO@40.5C thermal@30.25C POM_5V_IN 2215/2071 POM_5V_GPU 82/82 POM_5V_CPU 614/459
RAM 1371/3964MB (lfb 8x4MB) SWAP 770/6078MB (cached 37MB) IRAM 0/252kB(lfb 252kB) CPU [5%@921,9%@921,off,off] EMC_FREQ 0%@1600 GR3D_FREQ 0%@614 APE 25 PLL@29.5C CPU@31.5C iwlwifi@32C PMIC@50C GPU@30C AO@41C thermal@30.5C POM_5V_IN 1934/2071 POM_5V_GPU 82/82 POM_5V_CPU 329/459
RAM 1385/3964MB (lfb 8x4MB) SWAP 770/6078MB (cached 37MB) IRAM 0/252kB(lfb 252kB) CPU [6%@921,7%@921,off,off] EMC_FREQ 0%@1600 GR3D_FREQ 0%@614 APE 25 PLL@30C CPU@31.5C iwlwifi@32C PMIC@50C GPU@29.5C AO@41C thermal@30.25C POM_5V_IN 2256/2071 POM_5V_GPU 82/82 POM_5V_CPU 533/459
RAM 1385/3964MB (lfb 8x4MB) SWAP 770/6078MB (cached 37MB) IRAM 0/252kB(lfb 252kB) CPU [7%@921,6%@921,off,off] EMC_FREQ 0%@1600 GR3D_FREQ 0%@614 APE 25 PLL@30C CPU@31C iwlwifi@32C PMIC@50C GPU@30C AO@41C thermal@30.75C POM_5V_IN 1892/2071 POM_5V_GPU 82/82 POM_5V_CPU 329/459
RAM 1390/3964MB (lfb 8x4MB) SWAP 770/6078MB (cached 37MB) IRAM 0/252kB(lfb 252kB) CPU [7%@921,7%@921,off,off] EMC_FREQ 0%@1600 GR3D_FREQ 0%@614 APE 25 PLL@29.5C CPU@31.5C iwlwifi@32C PMIC@50C GPU@30C AO@40.5C thermal@30.75C POM_5V_IN 1934/2071 POM_5V_GPU 82/82 POM_5V_CPU 329/459
RAM 1385/3964MB (lfb 8x4MB) SWAP 770/6078MB (cached 37MB) IRAM 0/252kB(lfb 252kB) CPU [6%@921,7%@921,off,off] EMC_FREQ 0%@1600 GR3D_FREQ 0%@614 APE 25 PLL@29.5C CPU@31.5C iwlwifi@32C PMIC@50C GPU@30C AO@40.5C thermal@30.75C POM_5V_IN 1892/2071 POM_5V_GPU 82/82 POM_5V_CPU 329/459
RAM 1389/3964MB (lfb 8x4MB) SWAP 770/6078MB (cached 37MB) IRAM 0/252kB(lfb 252kB) CPU [8%@921,6%@921,off,off] EMC_FREQ 0%@1600 GR3D_FREQ 0%@614 APE 25 PLL@29.5C CPU@31C iwlwifi@32C PMIC@50C GPU@30C AO@40.5C thermal@30.5C POM_5V_IN 1934/2071 POM_5V_GPU 82/82 POM_5V_CPU 369/459
RAM 1371/3964MB (lfb 8x4MB) SWAP 770/6078MB (cached 37MB) IRAM 0/252kB(lfb 252kB) CPU [5%@921,8%@921,off,off] EMC_FREQ 0%@1600 GR3D_FREQ 0%@614 APE 25 PLL@29.5C CPU@31.5C iwlwifi@32C PMIC@50C GPU@30C AO@40.5C thermal@30.25C POM_5V_IN 2133/2071 POM_5V_GPU 82/82 POM_5V_CPU 492/459
RAM 1371/3964MB (lfb 8x4MB) SWAP 770/6078MB (cached 37MB) IRAM 0/252kB(lfb 252kB) CPU [10%@921,4%@921,off,off] EMC_FREQ 0%@1600 GR3D_FREQ 0%@614 APE 25 PLL@29.5C CPU@31.5C iwlwifi@32C PMIC@50C GPU@30C AO@40.5C thermal@30.25C POM_5V_IN 2215/2071 POM_5V_GPU 82/82 POM_5V_CPU 615/459
RAM 1370/3964MB (lfb 8x4MB) SWAP 770/6078MB (cached 37MB) IRAM 0/252kB(lfb 252kB) CPU [7%@921,6%@921,off,off] EMC_FREQ 0%@1600 GR3D_FREQ 0%@614 APE 25 PLL@29.5C CPU@31.5C iwlwifi@32C PMIC@50C GPU@30C AO@40.5C thermal@30C POM_5V_IN 2174/2071 POM_5V_GPU 82/82 POM_5V_CPU 533/459
RAM 1385/3964MB (lfb 8x4MB) SWAP 770/6078MB (cached 37MB) IRAM 0/252kB(lfb 252kB) CPU [7%@921,6%@921,off,off] EMC_FREQ 0%@1600 GR3D_FREQ 0%@614 APE 25 PLL@29.5C CPU@31C iwlwifi@32C PMIC@50C GPU@29.5C AO@40.5C thermal@30.5C POM_5V_IN 2174/2071 POM_5V_GPU 82/82 POM_5V_CPU 533/459
RAM 1371/3964MB (lfb 8x4MB) SWAP 770/6078MB (cached 37MB) IRAM 0/252kB(lfb 252kB) CPU [7%@921,7%@921,off,off] EMC_FREQ 0%@1600 GR3D_FREQ 0%@614 APE 25 PLL@29.5C CPU@31C iwlwifi@32C PMIC@50C GPU@29.5C AO@40.5C thermal@30.5C POM_5V_IN 1934/2071 POM_5V_GPU 82/82 POM_5V_CPU 329/459
RAM 1389/3964MB (lfb 8x4MB) SWAP 770/6078MB (cached 37MB) IRAM 0/252kB(lfb 252kB) CPU [9%@921,5%@921,off,off] EMC_FREQ 0%@1600 GR3D_FREQ 0%@614 APE 25 PLL@29.5C CPU@31.5C iwlwifi@32C PMIC@50C GPU@30C AO@41C thermal@30.5C POM_5V_IN 2215/2071 POM_5V_GPU 82/82 POM_5V_CPU 574/459
RAM 1371/3964MB (lfb 8x4MB) SWAP 770/6078MB (cached 37MB) IRAM 0/252kB(lfb 252kB) CPU [8%@921,6%@921,off,off] EMC_FREQ 0%@1600 GR3D_FREQ 0%@614 APE 25 PLL@30C CPU@31C iwlwifi@32C PMIC@50C GPU@30C AO@40.5C thermal@30.25C POM_5V_IN 2095/2071 POM_5V_GPU 82/82 POM_5V_CPU 451/459
RAM 1389/3964MB (lfb 8x4MB) SWAP 770/6078MB (cached 37MB) IRAM 0/252kB(lfb 252kB) CPU [9%@921,3%@921,off,off] EMC_FREQ 0%@1600 GR3D_FREQ 0%@614 APE 25 PLL@29.5C CPU@31C iwlwifi@32C PMIC@50C GPU@29.5C AO@40.5C thermal@30.5C POM_5V_IN 2174/2071 POM_5V_GPU 82/82 POM_5V_CPU 574/459
RAM 1371/3964MB (lfb 8x4MB) SWAP 770/6078MB (cached 37MB) IRAM 0/252kB(lfb 252kB) CPU [7%@921,7%@921,off,off] EMC_FREQ 0%@1600 GR3D_FREQ 0%@614 APE 25 PLL@29.5C CPU@31C iwlwifi@32C PMIC@50C GPU@30C AO@40.5C thermal@30.5C POM_5V_IN 1892/2071 POM_5V_GPU 82/82 POM_5V_CPU 329/459
RAM 1387/3964MB (lfb 8x4MB) SWAP 770/6078MB (cached 37MB) IRAM 0/252kB(lfb 252kB) CPU [7%@921,7%@921,off,off] EMC_FREQ 0%@1600 GR3D_FREQ 0%@614 APE 25 PLL@29.5C CPU@32C iwlwifi@32C PMIC@50C GPU@29.5C AO@41C thermal@30.5C POM_5V_IN 2133/2071 POM_5V_GPU 82/82 POM_5V_CPU 574/459
RAM 1387/3964MB (lfb 8x4MB) SWAP 770/6078MB (cached 37MB) IRAM 0/252kB(lfb 252kB) CPU [5%@921,9%@921,off,off] EMC_FREQ 0%@1600 GR3D_FREQ 0%@614 APE 25 PLL@29.5C CPU@31C iwlwifi@32C PMIC@50C GPU@29.5C AO@40.5C thermal@30.5C POM_5V_IN 1934/2071 POM_5V_GPU 82/82 POM_5V_CPU 329/459
RAM 1385/3964MB (lfb 8x4MB) SWAP 770/6078MB (cached 37MB) IRAM 0/252kB(lfb 252kB) CPU [5%@921,9%@921,off,off] EMC_FREQ 0%@1600 GR3D_FREQ 0%@614 APE 25 PLL@29.5C CPU@31.5C iwlwifi@32C PMIC@50C GPU@29.5C AO@41C thermal@30.5C POM_5V_IN 1934/2071 POM_5V_GPU 82/82 POM_5V_CPU 329/459
RAM 1371/3964MB (lfb 8x4MB) SWAP 770/6078MB (cached 37MB) IRAM 0/252kB(lfb 252kB) CPU [6%@921,8%@921,off,off] EMC_FREQ 0%@1600 GR3D_FREQ 0%@614 APE 25 PLL@29.5C CPU@31C iwlwifi@32C PMIC@50C GPU@29.5C AO@41C thermal@30.5C POM_5V_IN 2256/2071 POM_5V_GPU 82/82 POM_5V_CPU 614/459
RAM 1371/3964MB (lfb 8x4MB) SWAP 770/6078MB (cached 37MB) IRAM 0/252kB(lfb 252kB) CPU [6%@921,7%@921,off,off] EMC_FREQ 0%@1600 GR3D_FREQ 0%@614 APE 25 PLL@29.5C CPU@31.5C iwlwifi@32C PMIC@50C GPU@29.5C AO@40.5C thermal@30.5C POM_5V_IN 2215/2071 POM_5V_GPU 82/82 POM_5V_CPU 615/459
RAM 1370/3964MB (lfb 8x4MB) SWAP 770/6078MB (cached 37MB) IRAM 0/252kB(lfb 252kB) CPU [5%@921,9%@921,off,off] EMC_FREQ 0%@1600 GR3D_FREQ 0%@614 APE 25 PLL@29.5C CPU@31.5C iwlwifi@32C PMIC@50C GPU@29.5C AO@40.5C thermal@30.5C POM_5V_IN 2215/2071 POM_5V_GPU 82/82 POM_5V_CPU 574/459
RAM 1371/3964MB (lfb 8x4MB) SWAP 770/6078MB (cached 37MB) IRAM 0/252kB(lfb 252kB) CPU [5%@921,7%@921,off,off] EMC_FREQ 0%@1600 GR3D_FREQ 0%@614 APE 25 PLL@29.5C CPU@31.5C iwlwifi@32C PMIC@50C GPU@30C AO@41C thermal@30.5C POM_5V_IN 2174/2071 POM_5V_GPU 82/82 POM_5V_CPU 574/459
RAM 1388/3964MB (lfb 8x4MB) SWAP 770/6078MB (cached 37MB) IRAM 0/252kB(lfb 252kB) CPU [7%@921,7%@921,off,off] EMC_FREQ 0%@1600 GR3D_FREQ 0%@614 APE 25 PLL@30C CPU@31.5C iwlwifi@32C PMIC@50C GPU@30C AO@40.5C thermal@30.25C POM_5V_IN 2174/2071 POM_5V_GPU 82/82 POM_5V_CPU 533/459
RAM 1370/3964MB (lfb 8x4MB) SWAP 770/6078MB (cached 37MB) IRAM 0/252kB(lfb 252kB) CPU [6%@921,8%@921,off,off] EMC_FREQ 0%@1600 GR3D_FREQ 0%@614 APE 25 PLL@29.5C CPU@31.5C iwlwifi@32C PMIC@50C GPU@30C AO@40.5C thermal@30.5C POM_5V_IN 1934/2071 POM_5V_GPU 82/82 POM_5V_CPU 329/459
RAM 1387/3964MB (lfb 8x4MB) SWAP 770/6078MB (cached 37MB) IRAM 0/252kB(lfb 252kB) CPU [6%@921,7%@921,off,off] EMC_FREQ 0%@1600 GR3D_FREQ 0%@614 APE 25 PLL@30C CPU@31C iwlwifi@32C PMIC@50C GPU@30C AO@41C thermal@30.5C POM_5V_IN 2174/2071 POM_5V_GPU 82/82 POM_5V_CPU 533/459
RAM 1389/3964MB (lfb 8x4MB) SWAP 770/6078MB (cached 37MB) IRAM 0/252kB(lfb 252kB) CPU [6%@921,7%@921,off,off] EMC_FREQ 0%@1600 GR3D_FREQ 0%@614 APE 25 PLL@30C CPU@31.5C iwlwifi@32C PMIC@50C GPU@30C AO@40.5C thermal@30.5C POM_5V_IN 1934/2071 POM_5V_GPU 82/82 POM_5V_CPU 329/459
RAM 1386/3964MB (lfb 8x4MB) SWAP 770/6078MB (cached 37MB) IRAM 0/252kB(lfb 252kB) CPU [5%@921,9%@921,off,off] EMC_FREQ 0%@1600 GR3D_FREQ 0%@614 APE 25 PLL@29.5C CPU@31C iwlwifi@32C PMIC@50C GPU@30C AO@41C thermal@30.5C POM_5V_IN 1934/2071 POM_5V_GPU 82/82 POM_5V_CPU 329/459
RAM 1388/3964MB (lfb 8x4MB) SWAP 770/6078MB (cached 37MB) IRAM 0/252kB(lfb 252kB) CPU [7%@921,6%@921,off,off] EMC_FREQ 0%@1600 GR3D_FREQ 0%@614 APE 25 PLL@29.5C CPU@31C iwlwifi@32C PMIC@50C GPU@29.5C AO@41C thermal@30.25C POM_5V_IN 1892/2071 POM_5V_GPU 82/82 POM_5V_CPU 329/459
RAM 1388/3964MB (lfb 8x4MB) SWAP 770/6078MB (cached 37MB) IRAM 0/252kB(lfb 252kB) CPU [7%@921,7%@921,off,off] EMC_FREQ 0%@1600 GR3D_FREQ 0%@614 APE 25 PLL@30C CPU@31C iwlwifi@32C PMIC@50C GPU@29.5C AO@40.5C thermal@30.75C POM_5V_IN 1892/2071 POM_5V_GPU 82/82 POM_5V_CPU 329/459
RAM 1371/3964MB (lfb 8x4MB) SWAP 770/6078MB (cached 37MB) IRAM 0/252kB(lfb 252kB) CPU [6%@921,8%@921,off,off] EMC_FREQ 0%@1600 GR3D_FREQ 0%@614 APE 25 PLL@30C CPU@31.5C iwlwifi@32C PMIC@50C GPU@30C AO@40.5C thermal@30.5C POM_5V_IN 2215/2071 POM_5V_GPU 82/82 POM_5V_CPU 533/459
RAM 1371/3964MB (lfb 8x4MB) SWAP 770/6078MB (cached 37MB) IRAM 0/252kB(lfb 252kB) CPU [8%@921,5%@921,off,off] EMC_FREQ 0%@1600 GR3D_FREQ 0%@614 APE 25 PLL@30C CPU@31.5C iwlwifi@32C PMIC@50C GPU@30C AO@41C thermal@30.5C POM_5V_IN 2215/2071 POM_5V_GPU 82/82 POM_5V_CPU 615/459
RAM 1371/3964MB (lfb 8x4MB) SWAP 770/6078MB (cached 37MB) IRAM 0/252kB(lfb 252kB) CPU [6%@921,8%@921,off,off] EMC_FREQ 0%@1600 GR3D_FREQ 0%@614 APE 25 PLL@29.5C CPU@31.5C iwlwifi@32C PMIC@50C GPU@30C AO@40.5C thermal@30.25C POM_5V_IN 2174/2071 POM_5V_GPU 82/82 POM_5V_CPU 574/459
RAM 1390/3964MB (lfb 8x4MB) SWAP 770/6078MB (cached 37MB) IRAM 0/252kB(lfb 252kB) CPU [6%@921,6%@921,off,off] EMC_FREQ 0%@1600 GR3D_FREQ 0%@614 APE 25 PLL@29.5C CPU@31.5C iwlwifi@32C PMIC@50C GPU@30C AO@40.5C thermal@30.25C POM_5V_IN 2174/2071 POM_5V_GPU 82/82 POM_5V_CPU 533/459
RAM 1371/3964MB (lfb 8x4MB) SWAP 770/6078MB (cached 37MB) IRAM 0/252kB(lfb 252kB) CPU [7%@921,8%@921,off,off] EMC_FREQ 0%@1600 GR3D_FREQ 0%@614 APE 25 PLL@29.5C CPU@31.5C iwlwifi@32C PMIC@50C GPU@30C AO@40.5C thermal@30.25C POM_5V_IN 2174/2071 POM_5V_GPU 82/82 POM_5V_CPU 574/459
RAM 1377/3964MB (lfb 8x4MB) SWAP 770/6078MB (cached 37MB) IRAM 0/252kB(lfb 252kB) CPU [6%@921,7%@921,off,off] EMC_FREQ 0%@1600 GR3D_FREQ 0%@614 APE 25 PLL@29.5C CPU@31C iwlwifi@32C PMIC@50C GPU@30C AO@41C thermal@30.75C POM_5V_IN 2174/2071 POM_5V_GPU 82/82 POM_5V_CPU 574/460
RAM 1371/3964MB (lfb 8x4MB) SWAP 770/6078MB (cached 37MB) IRAM 0/252kB(lfb 252kB) CPU [8%@921,6%@921,off,off] EMC_FREQ 0%@1600 GR3D_FREQ 0%@614 APE 25 PLL@29.5C CPU@31C iwlwifi@32C PMIC@50C GPU@30C AO@40.5C thermal@30.25C POM_5V_IN 1772/2071 POM_5V_GPU 82/82 POM_5V_CPU 206/459
RAM 1390/3964MB (lfb 8x4MB) SWAP 770/6078MB (cached 37MB) IRAM 0/252kB(lfb 252kB) CPU [8%@921,4%@921,off,off] EMC_FREQ 0%@1600 GR3D_FREQ 0%@614 APE 25 PLL@29.5C CPU@31.5C iwlwifi@32C PMIC@50C GPU@30C AO@40.5C thermal@30.5C POM_5V_IN 2174/2071 POM_5V_GPU 82/82 POM_5V_CPU 574/459
RAM 1387/3964MB (lfb 8x4MB) SWAP 770/6078MB (cached 37MB) IRAM 0/252kB(lfb 252kB) CPU [7%@921,8%@921,off,off] EMC_FREQ 0%@1600 GR3D_FREQ 0%@614 APE 25 PLL@29.5C CPU@31.5C iwlwifi@32C PMIC@50C GPU@30C AO@40.5C thermal@30.75C POM_5V_IN 1892/2071 POM_5V_GPU 82/82 POM_5V_CPU 329/459
RAM 1387/3964MB (lfb 8x4MB) SWAP 770/6078MB (cached 37MB) IRAM 0/252kB(lfb 252kB) CPU [7%@921,6%@921,off,off] EMC_FREQ 0%@1600 GR3D_FREQ 0%@614 APE 25 PLL@29.5C CPU@31.5C iwlwifi@32C PMIC@50C GPU@30C AO@41C thermal@30.5C POM_5V_IN 1934/2071 POM_5V_GPU 82/82 POM_5V_CPU 329/459
RAM 1389/3964MB (lfb 8x4MB) SWAP 770/6078MB (cached 37MB) IRAM 0/252kB(lfb 252kB) CPU [7%@921,7%@921,off,off] EMC_FREQ 0%@1600 GR3D_FREQ 0%@614 APE 25 PLL@29.5C CPU@31.5C iwlwifi@32C PMIC@50C GPU@29.5C AO@40.5C thermal@30.75C POM_5V_IN 1934/2071 POM_5V_GPU 82/82 POM_5V_CPU 329/459
RAM 1387/3964MB (lfb 8x4MB) SWAP 770/6078MB (cached 37MB) IRAM 0/252kB(lfb 252kB) CPU [6%@921,7%@921,off,off] EMC_FREQ 0%@1600 GR3D_FREQ 0%@614 APE 25 PLL@30C CPU@31.5C iwlwifi@32C PMIC@50C GPU@30C AO@41C thermal@30.5C POM_5V_IN 1934/2071 POM_5V_GPU 82/82 POM_5V_CPU 329/459
RAM 1362/3964MB (lfb 8x4MB) SWAP 770/6078MB (cached 37MB) IRAM 0/252kB(lfb 252kB) CPU [8%@921,6%@921,off,off] EMC_FREQ 0%@1600 GR3D_FREQ 0%@614 APE 25 PLL@30C CPU@31.5C iwlwifi@32C PMIC@50C GPU@30C AO@40.5C thermal@30.5C POM_5V_IN 2013/2071 POM_5V_GPU 82/82 POM_5V_CPU 410/459
RAM 1371/3964MB (lfb 8x4MB) SWAP 770/6078MB (cached 37MB) IRAM 0/252kB(lfb 252kB) CPU [8%@921,5%@921,off,off] EMC_FREQ 0%@1600 GR3D_FREQ 0%@614 APE 25 PLL@30C CPU@31C iwlwifi@32C PMIC@50C GPU@30C AO@41C thermal@30.5C POM_5V_IN 1772/2071 POM_5V_GPU 82/82 POM_5V_CPU 206/459
RAM 1371/3964MB (lfb 8x4MB) SWAP 770/6078MB (cached 37MB) IRAM 0/252kB(lfb 252kB) CPU [8%@921,5%@921,off,off] EMC_FREQ 0%@1600 GR3D_FREQ 0%@614 APE 25 PLL@29.5C CPU@31C iwlwifi@32C PMIC@50C GPU@30C AO@40.5C thermal@30.75C POM_5V_IN 2174/2071 POM_5V_GPU 82/82 POM_5V_CPU 533/459
RAM 1390/3964MB (lfb 8x4MB) SWAP 770/6078MB (cached 37MB) IRAM 0/252kB(lfb 252kB) CPU [9%@921,5%@921,off,off] EMC_FREQ 0%@1600 GR3D_FREQ 0%@614 APE 25 PLL@29.5C CPU@31.5C iwlwifi@32C PMIC@50C GPU@30C AO@41C thermal@30.75C POM_5V_IN 2174/2071 POM_5V_GPU 82/82 POM_5V_CPU 574/459
RAM 1371/3964MB (lfb 8x4MB) SWAP 770/6078MB (cached 37MB) IRAM 0/252kB(lfb 252kB) CPU [8%@921,5%@921,off,off] EMC_FREQ 0%@1600 GR3D_FREQ 0%@614 APE 25 PLL@29.5C CPU@31C iwlwifi@32C PMIC@50C GPU@29.5C AO@40.5C thermal@30.5C POM_5V_IN 1934/2071 POM_5V_GPU 82/82 POM_5V_CPU 329/459
RAM 1387/3964MB (lfb 8x4MB) SWAP 770/6078MB (cached 37MB) IRAM 0/252kB(lfb 252kB) CPU [9%@921,4%@921,off,off] EMC_FREQ 0%@1600 GR3D_FREQ 0%@614 APE 25 PLL@30C CPU@31.5C iwlwifi@32C PMIC@50C GPU@29.5C AO@40.5C thermal@30.5C POM_5V_IN 2256/2071 POM_5V_GPU 82/82 POM_5V_CPU 614/459
RAM 1386/3964MB (lfb 8x4MB) SWAP 770/6078MB (cached 37MB) IRAM 0/252kB(lfb 252kB) CPU [7%@921,6%@921,off,off] EMC_FREQ 0%@1600 GR3D_FREQ 0%@614 APE 25 PLL@29.5C CPU@31.5C iwlwifi@32C PMIC@50C GPU@29.5C AO@40.5C thermal@30.5C POM_5V_IN 1892/2071 POM_5V_GPU 82/82 POM_5V_CPU 329/459
RAM 1389/3964MB (lfb 8x4MB) SWAP 770/6078MB (cached 37MB) IRAM 0/252kB(lfb 252kB) CPU [9%@921,5%@921,off,off] EMC_FREQ 0%@1600 GR3D_FREQ 0%@614 APE 25 PLL@30C CPU@31.5C iwlwifi@32C PMIC@50C GPU@29.5C AO@41C thermal@30.75C POM_5V_IN 1934/2071 POM_5V_GPU 82/82 POM_5V_CPU 329/459
RAM 1387/3964MB (lfb 8x4MB) SWAP 770/6078MB (cached 37MB) IRAM 0/252kB(lfb 252kB) CPU [8%@921,5%@921,off,off] EMC_FREQ 0%@1600 GR3D_FREQ 0%@614 APE 25 PLL@30C CPU@31.5C iwlwifi@32C PMIC@50C GPU@29.5C AO@40.5C thermal@30.5C POM_5V_IN 1934/2071 POM_5V_GPU 82/82 POM_5V_CPU 370/459
RAM 1389/3964MB (lfb 8x4MB) SWAP 770/6078MB (cached 37MB) IRAM 0/252kB(lfb 252kB) CPU [8%@921,6%@921,off,off] EMC_FREQ 0%@1600 GR3D_FREQ 0%@614 APE 25 PLL@29.5C CPU@31.5C iwlwifi@32C PMIC@50C GPU@30C AO@40.5C thermal@30.75C POM_5V_IN 2054/2071 POM_5V_GPU 82/82 POM_5V_CPU 493/459
RAM 1386/3964MB (lfb 8x4MB) SWAP 770/6078MB (cached 37MB) IRAM 0/252kB(lfb 252kB) CPU [6%@921,6%@921,off,off] EMC_FREQ 0%@1600 GR3D_FREQ 0%@614 APE 25 PLL@29.5C CPU@31.5C iwlwifi@32C PMIC@50C GPU@29.5C AO@41C thermal@30.25C POM_5V_IN 1934/2070 POM_5V_GPU 82/82 POM_5V_CPU 370/459
RAM 1390/3964MB (lfb 8x4MB) SWAP 770/6078MB (cached 37MB) IRAM 0/252kB(lfb 252kB) CPU [7%@921,8%@921,off,off] EMC_FREQ 0%@1600 GR3D_FREQ 0%@614 APE 25 PLL@29.5C CPU@31.5C iwlwifi@32C PMIC@50C GPU@30C AO@40.5C thermal@30.5C POM_5V_IN 2170/2071 POM_5V_GPU 81/82 POM_5V_CPU 532/459
RAM 1371/3964MB (lfb 8x4MB) SWAP 770/6078MB (cached 37MB) IRAM 0/252kB(lfb 252kB) CPU [6%@921,8%@921,off,off] EMC_FREQ 0%@1600 GR3D_FREQ 0%@614 APE 25 PLL@30C CPU@31.5C iwlwifi@32C PMIC@50C GPU@30C AO@41C thermal@30.25C POM_5V_IN 2174/2071 POM_5V_GPU 82/82 POM_5V_CPU 533/459
RAM 1372/3964MB (lfb 8x4MB) SWAP 770/6078MB (cached 37MB) IRAM 0/252kB(lfb 252kB) CPU [7%@921,6%@921,off,off] EMC_FREQ 0%@1600 GR3D_FREQ 0%@614 APE 25 PLL@30C CPU@31C iwlwifi@32C PMIC@50C GPU@29.5C AO@41C thermal@30.25C POM_5V_IN 2174/2071 POM_5V_GPU 82/82 POM_5V_CPU 574/459
RAM 1371/3964MB (lfb 8x4MB) SWAP 770/6078MB (cached 37MB) IRAM 0/252kB(lfb 252kB) CPU [9%@921,4%@921,off,off] EMC_FREQ 0%@1600 GR3D_FREQ 0%@614 APE 25 PLL@29.5C CPU@31C iwlwifi@32C PMIC@50C GPU@30C AO@41C thermal@30C POM_5V_IN 2174/2071 POM_5V_GPU 82/82 POM_5V_CPU 574/459
RAM 1385/3964MB (lfb 8x4MB) SWAP 770/6078MB (cached 37MB) IRAM 0/252kB(lfb 252kB) CPU [7%@921,6%@921,off,off] EMC_FREQ 0%@1600 GR3D_FREQ 0%@614 APE 25 PLL@29.5C CPU@31.5C iwlwifi@32C PMIC@50C GPU@29.5C AO@41C thermal@30.5C POM_5V_IN 2174/2071 POM_5V_GPU 82/82 POM_5V_CPU 574/459
RAM 1371/3964MB (lfb 8x4MB) SWAP 770/6078MB (cached 37MB) IRAM 0/252kB(lfb 252kB) CPU [7%@921,7%@921,off,off] EMC_FREQ 0%@1600 GR3D_FREQ 0%@614 APE 25 PLL@29.5C CPU@31C iwlwifi@32C PMIC@50C GPU@29.5C AO@41C thermal@30.25C POM_5V_IN 1934/2071 POM_5V_GPU 82/82 POM_5V_CPU 329/459
RAM 1387/3964MB (lfb 8x4MB) SWAP 770/6078MB (cached 37MB) IRAM 0/252kB(lfb 252kB) CPU [7%@921,6%@921,off,off] EMC_FREQ 0%@1600 GR3D_FREQ 0%@614 APE 25 PLL@29.5C CPU@31C iwlwifi@32C PMIC@50C GPU@30C AO@41C thermal@30.5C POM_5V_IN 2174/2071 POM_5V_GPU 82/82 POM_5V_CPU 533/459
RAM 1385/3964MB (lfb 8x4MB) SWAP 770/6078MB (cached 37MB) IRAM 0/252kB(lfb 252kB) CPU [7%@921,6%@921,off,off] EMC_FREQ 0%@1600 GR3D_FREQ 0%@614 APE 25 PLL@29.5C CPU@31C iwlwifi@32C PMIC@50C GPU@30C AO@41C thermal@30.5C POM_5V_IN 1892/2071 POM_5V_GPU 82/82 POM_5V_CPU 329/459
RAM 1387/3964MB (lfb 8x4MB) SWAP 770/6078MB (cached 37MB) IRAM 0/252kB(lfb 252kB) CPU [6%@921,7%@921,off,off] EMC_FREQ 0%@1600 GR3D_FREQ 0%@614 APE 25 PLL@29.5C CPU@31.5C iwlwifi@32C PMIC@50C GPU@30C AO@40.5C thermal@30.5C POM_5V_IN 1934/2071 POM_5V_GPU 82/82 POM_5V_CPU 329/459
RAM 1387/3964MB (lfb 8x4MB) SWAP 770/6078MB (cached 37MB) IRAM 0/252kB(lfb 252kB) CPU [6%@921,8%@921,off,off] EMC_FREQ 0%@1600 GR3D_FREQ 0%@614 APE 25 PLL@29.5C CPU@31C iwlwifi@32C PMIC@50C GPU@30C AO@41C thermal@30.75C POM_5V_IN 1934/2070 POM_5V_GPU 82/82 POM_5V_CPU 329/459
RAM 1388/3964MB (lfb 8x4MB) SWAP 770/6078MB (cached 37MB) IRAM 0/252kB(lfb 252kB) CPU [8%@921,5%@921,off,off] EMC_FREQ 0%@1600 GR3D_FREQ 0%@614 APE 25 PLL@29.5C CPU@31.5C iwlwifi@32C PMIC@50C GPU@30C AO@41C thermal@30.25C POM_5V_IN 1934/2070 POM_5V_GPU 82/82 POM_5V_CPU 370/459
RAM 1390/3964MB (lfb 8x4MB) SWAP 770/6078MB (cached 37MB) IRAM 0/252kB(lfb 252kB) CPU [7%@921,6%@921,off,off] EMC_FREQ 0%@1600 GR3D_FREQ 0%@614 APE 25 PLL@29.5C CPU@31C iwlwifi@32C PMIC@50C GPU@30C AO@40.5C thermal@30.75C POM_5V_IN 1934/2070 POM_5V_GPU 82/82 POM_5V_CPU 329/459
RAM 1372/3964MB (lfb 8x4MB) SWAP 770/6078MB (cached 37MB) IRAM 0/252kB(lfb 252kB) CPU [7%@921,7%@921,off,off] EMC_FREQ 0%@1600 GR3D_FREQ 0%@614 APE 25 PLL@30C CPU@31C iwlwifi@32C PMIC@50C GPU@30C AO@41C thermal@30.5C POM_5V_IN 2133/2070 POM_5V_GPU 82/82 POM_5V_CPU 492/459
RAM 1371/3964MB (lfb 8x4MB) SWAP 770/6078MB (cached 37MB) IRAM 0/252kB(lfb 252kB) CPU [7%@921,7%@921,off,off] EMC_FREQ 0%@1600 GR3D_FREQ 0%@614 APE 25 PLL@29.5C CPU@31.5C iwlwifi@32C PMIC@50C GPU@30C AO@40.5C thermal@30.5C POM_5V_IN 2215/2070 POM_5V_GPU 82/82 POM_5V_CPU 574/459
RAM 1371/3964MB (lfb 8x4MB) SWAP 770/6078MB (cached 37MB) IRAM 0/252kB(lfb 252kB) CPU [8%@921,5%@921,off,off] EMC_FREQ 0%@1600 GR3D_FREQ 0%@614 APE 25 PLL@29.5C CPU@31C iwlwifi@32C PMIC@50C GPU@30C AO@40.5C thermal@30.5C POM_5V_IN 2174/2070 POM_5V_GPU 82/82 POM_5V_CPU 533/459
RAM 1371/3964MB (lfb 8x4MB) SWAP 770/6078MB (cached 37MB) IRAM 0/252kB(lfb 252kB) CPU [9%@921,5%@921,off,off] EMC_FREQ 0%@1600 GR3D_FREQ 0%@614 APE 25 PLL@30C CPU@31C iwlwifi@32C PMIC@50C GPU@30C AO@41C thermal@30.5C POM_5V_IN 2174/2071 POM_5V_GPU 82/82 POM_5V_CPU 574/459
RAM 1386/3964MB (lfb 8x4MB) SWAP 770/6078MB (cached 37MB) IRAM 0/252kB(lfb 252kB) CPU [6%@921,6%@921,off,off] EMC_FREQ 0%@1600 GR3D_FREQ 0%@614 APE 25 PLL@29.5C CPU@32C iwlwifi@32C PMIC@50C GPU@30C AO@40.5C thermal@30.5C POM_5V_IN 2174/2071 POM_5V_GPU 82/82 POM_5V_CPU 574/459
RAM 1371/3964MB (lfb 8x4MB) SWAP 770/6078MB (cached 37MB) IRAM 0/252kB(lfb 252kB) CPU [7%@921,7%@921,off,off] EMC_FREQ 0%@1600 GR3D_FREQ 0%@614 APE 25 PLL@29.5C CPU@31C iwlwifi@32C PMIC@50C GPU@30C AO@41C thermal@30.25C POM_5V_IN 1934/2071 POM_5V_GPU 82/82 POM_5V_CPU 329/459
RAM 1390/3964MB (lfb 8x4MB) SWAP 770/6078MB (cached 37MB) IRAM 0/252kB(lfb 252kB) CPU [6%@921,6%@921,off,off] EMC_FREQ 0%@1600 GR3D_FREQ 0%@614 APE 25 PLL@29C CPU@31C iwlwifi@32C PMIC@50C GPU@30C AO@41C thermal@30.75C POM_5V_IN 2174/2071 POM_5V_GPU 82/82 POM_5V_CPU 533/459
RAM 1386/3964MB (lfb 8x4MB) SWAP 770/6078MB (cached 37MB) IRAM 0/252kB(lfb 252kB) CPU [6%@921,8%@921,off,off] EMC_FREQ 0%@1600 GR3D_FREQ 0%@614 APE 25 PLL@29.5C CPU@31C iwlwifi@32C PMIC@50C GPU@30C AO@41C thermal@30.25C POM_5V_IN 1934/2071 POM_5V_GPU 82/82 POM_5V_CPU 370/459
RAM 1387/3964MB (lfb 8x4MB) SWAP 770/6078MB (cached 37MB) IRAM 0/252kB(lfb 252kB) CPU [7%@921,6%@921,off,off] EMC_FREQ 0%@1600 GR3D_FREQ 0%@614 APE 25 PLL@29C CPU@31C iwlwifi@32C PMIC@50C GPU@30C AO@41C thermal@30.25C POM_5V_IN 1892/2070 POM_5V_GPU 82/82 POM_5V_CPU 288/459
RAM 1388/3964MB (lfb 8x4MB) SWAP 770/6078MB (cached 37MB) IRAM 0/252kB(lfb 252kB) CPU [7%@921,7%@921,off,off] EMC_FREQ 0%@1600 GR3D_FREQ 0%@614 APE 25 PLL@29.5C CPU@31C iwlwifi@32C PMIC@50C GPU@30C AO@40.5C thermal@30.75C POM_5V_IN 1975/2070 POM_5V_GPU 82/82 POM_5V_CPU 369/459
RAM 1388/3964MB (lfb 8x4MB) SWAP 770/6078MB (cached 37MB) IRAM 0/252kB(lfb 252kB) CPU [8%@921,5%@921,off,off] EMC_FREQ 0%@1600 GR3D_FREQ 0%@614 APE 25 PLL@29.5C CPU@31C iwlwifi@32C PMIC@50C GPU@29.5C AO@41C thermal@30.25C POM_5V_IN 1934/2070 POM_5V_GPU 82/82 POM_5V_CPU 329/459
RAM 1385/3964MB (lfb 8x4MB) SWAP 770/6078MB (cached 37MB) IRAM 0/252kB(lfb 252kB) CPU [8%@921,6%@921,off,off] EMC_FREQ 0%@1600 GR3D_FREQ 0%@614 APE 25 PLL@29.5C CPU@31C iwlwifi@32C PMIC@50C GPU@30C AO@40.5C thermal@30.5C POM_5V_IN 2133/2070 POM_5V_GPU 82/82 POM_5V_CPU 491/459
RAM 1371/3964MB (lfb 8x4MB) SWAP 770/6078MB (cached 37MB) IRAM 0/252kB(lfb 252kB) CPU [8%@921,6%@921,off,off] EMC_FREQ 0%@1600 GR3D_FREQ 0%@614 APE 25 PLL@29.5C CPU@31.5C iwlwifi@32C PMIC@50C GPU@30C AO@41C thermal@30.5C POM_5V_IN 2256/2070 POM_5V_GPU 82/82 POM_5V_CPU 615/459
RAM 1372/3964MB (lfb 8x4MB) SWAP 770/6078MB (cached 37MB) IRAM 0/252kB(lfb 252kB) CPU [10%@921,4%@921,off,off] EMC_FREQ 0%@1600 GR3D_FREQ 0%@614 APE 25 PLL@30C CPU@31C iwlwifi@32C PMIC@50C GPU@30C AO@40.5C thermal@30.5C POM_5V_IN 2174/2070 POM_5V_GPU 82/82 POM_5V_CPU 574/459
RAM 1372/3964MB (lfb 8x4MB) SWAP 770/6078MB (cached 37MB) IRAM 0/252kB(lfb 252kB) CPU [6%@921,8%@921,off,off] EMC_FREQ 0%@1600 GR3D_FREQ 0%@614 APE 25 PLL@29.5C CPU@31.5C iwlwifi@32C PMIC@50C GPU@30C AO@41C thermal@30.5C POM_5V_IN 2174/2071 POM_5V_GPU 82/82 POM_5V_CPU 574/459
RAM 1377/3964MB (lfb 8x4MB) SWAP 770/6078MB (cached 37MB) IRAM 0/252kB(lfb 252kB) CPU [8%@921,6%@921,off,off] EMC_FREQ 0%@1600 GR3D_FREQ 0%@614 APE 25 PLL@30C CPU@31.5C iwlwifi@32C PMIC@50C GPU@29.5C AO@41C thermal@30.25C POM_5V_IN 2174/2071 POM_5V_GPU 82/82 POM_5V_CPU 574/459
RAM 1371/3964MB (lfb 8x4MB) SWAP 770/6078MB (cached 37MB) IRAM 0/252kB(lfb 252kB) CPU [6%@921,8%@921,off,off] EMC_FREQ 0%@1600 GR3D_FREQ 0%@614 APE 25 PLL@29C CPU@31.5C iwlwifi@32C PMIC@50C GPU@30C AO@41C thermal@30.75C POM_5V_IN 1892/2070 POM_5V_GPU 82/82 POM_5V_CPU 288/459
RAM 1386/3964MB (lfb 8x4MB) SWAP 770/6078MB (cached 37MB) IRAM 0/252kB(lfb 252kB) CPU [5%@921,8%@921,off,off] EMC_FREQ 0%@1600 GR3D_FREQ 0%@614 APE 25 PLL@30C CPU@32C iwlwifi@32C PMIC@50C GPU@30C AO@41C thermal@30.5C POM_5V_IN 2174/2071 POM_5V_GPU 82/82 POM_5V_CPU 574/459
RAM 1387/3964MB (lfb 8x4MB) SWAP 770/6078MB (cached 37MB) IRAM 0/252kB(lfb 252kB) CPU [6%@921,8%@921,off,off] EMC_FREQ 0%@1600 GR3D_FREQ 0%@614 APE 25 PLL@29.5C CPU@31.5C iwlwifi@32C PMIC@50C GPU@30C AO@41C thermal@30.5C POM_5V_IN 1934/2070 POM_5V_GPU 82/82 POM_5V_CPU 329/459
RAM 1386/3964MB (lfb 8x4MB) SWAP 770/6078MB (cached 37MB) IRAM 0/252kB(lfb 252kB) CPU [7%@921,6%@921,off,off] EMC_FREQ 0%@1600 GR3D_FREQ 0%@614 APE 25 PLL@30C CPU@31C iwlwifi@32C PMIC@50C GPU@30C AO@41C thermal@30.5C POM_5V_IN 1934/2070 POM_5V_GPU 82/82 POM_5V_CPU 329/459
RAM 1379/3964MB (lfb 8x4MB) SWAP 770/6078MB (cached 37MB) IRAM 0/252kB(lfb 252kB) CPU [8%@921,7%@921,off,off] EMC_FREQ 0%@1600 GR3D_FREQ 0%@614 APE 25 PLL@29.5C CPU@31C iwlwifi@32C PMIC@50C GPU@30C AO@41C thermal@30.5C POM_5V_IN 1975/2070 POM_5V_GPU 82/82 POM_5V_CPU 328/459
RAM 1387/3964MB (lfb 8x4MB) SWAP 770/6078MB (cached 37MB) IRAM 0/252kB(lfb 252kB) CPU [5%@921,8%@921,off,off] EMC_FREQ 0%@1600 GR3D_FREQ 0%@614 APE 25 PLL@30C CPU@31C iwlwifi@32C PMIC@50C GPU@30C AO@40.5C thermal@30.5C POM_5V_IN 1731/2070 POM_5V_GPU 82/82 POM_5V_CPU 164/459
RAM 1386/3964MB (lfb 8x4MB) SWAP 770/6078MB (cached 37MB) IRAM 0/252kB(lfb 252kB) CPU [8%@921,6%@921,off,off] EMC_FREQ 0%@1600 GR3D_FREQ 0%@614 APE 25 PLL@29.5C CPU@31C iwlwifi@32C PMIC@50C GPU@30C AO@40.5C thermal@30.5C POM_5V_IN 1934/2070 POM_5V_GPU 82/82 POM_5V_CPU 329/459
RAM 1371/3964MB (lfb 8x4MB) SWAP 770/6078MB (cached 37MB) IRAM 0/252kB(lfb 252kB) CPU [8%@921,5%@921,off,off] EMC_FREQ 0%@1600 GR3D_FREQ 0%@614 APE 25 PLL@29.5C CPU@31.5C iwlwifi@32C PMIC@50C GPU@30C AO@40.5C thermal@30.75C POM_5V_IN 2174/2070 POM_5V_GPU 82/82 POM_5V_CPU 533/459
RAM 1362/3964MB (lfb 8x4MB) SWAP 770/6078MB (cached 37MB) IRAM 0/252kB(lfb 252kB) CPU [9%@921,6%@921,off,off] EMC_FREQ 0%@1600 GR3D_FREQ 0%@614 APE 25 PLL@29.5C CPU@31.5C iwlwifi@32C PMIC@50C GPU@30C AO@41C thermal@30.5C POM_5V_IN 2256/2070 POM_5V_GPU 82/82 POM_5V_CPU 615/459
RAM 1371/3964MB (lfb 8x4MB) SWAP 770/6078MB (cached 37MB) IRAM 0/252kB(lfb 252kB) CPU [7%@921,6%@921,off,off] EMC_FREQ 0%@1600 GR3D_FREQ 0%@614 APE 25 PLL@29.5C CPU@31.5C iwlwifi@32C PMIC@50C GPU@30C AO@41C thermal@30.75C POM_5V_IN 2174/2070 POM_5V_GPU 82/82 POM_5V_CPU 574/459
RAM 1385/3964MB (lfb 8x4MB) SWAP 770/6078MB (cached 37MB) IRAM 0/252kB(lfb 252kB) CPU [5%@921,8%@921,off,off] EMC_FREQ 0%@1600 GR3D_FREQ 0%@614 APE 25 PLL@30C CPU@31.5C iwlwifi@32C PMIC@50C GPU@30C AO@41C thermal@30.75C POM_5V_IN 2174/2070 POM_5V_GPU 82/82 POM_5V_CPU 533/459
RAM 1371/3964MB (lfb 8x4MB) SWAP 770/6078MB (cached 37MB) IRAM 0/252kB(lfb 252kB) CPU [8%@921,6%@921,off,off] EMC_FREQ 0%@1600 GR3D_FREQ 0%@614 APE 25 PLL@30C CPU@31.5C iwlwifi@32C PMIC@50C GPU@30C AO@41C thermal@30.5C POM_5V_IN 1934/2070 POM_5V_GPU 82/82 POM_5V_CPU 329/459
RAM 1389/3964MB (lfb 8x4MB) SWAP 770/6078MB (cached 37MB) IRAM 0/252kB(lfb 252kB) CPU [7%@921,5%@921,off,off] EMC_FREQ 0%@1600 GR3D_FREQ 0%@614 APE 25 PLL@29.5C CPU@31C iwlwifi@32C PMIC@50C GPU@29.5C AO@40.5C thermal@30.75C POM_5V_IN 2174/2070 POM_5V_GPU 82/82 POM_5V_CPU 533/459
RAM 1371/3964MB (lfb 8x4MB) SWAP 770/6078MB (cached 37MB) IRAM 0/252kB(lfb 252kB) CPU [7%@921,8%@921,off,off] EMC_FREQ 0%@1600 GR3D_FREQ 0%@614 APE 25 PLL@30C CPU@31.5C iwlwifi@32C PMIC@50C GPU@30C AO@41C thermal@30.75C POM_5V_IN 1892/2070 POM_5V_GPU 82/82 POM_5V_CPU 329/459
RAM 1386/3964MB (lfb 8x4MB) SWAP 770/6078MB (cached 37MB) IRAM 0/252kB(lfb 252kB) CPU [7%@921,7%@921,off,off] EMC_FREQ 0%@1600 GR3D_FREQ 0%@614 APE 25 PLL@29.5C CPU@31.5C iwlwifi@32C PMIC@50C GPU@30C AO@41C thermal@30.75C POM_5V_IN 2174/2070 POM_5V_GPU 82/82 POM_5V_CPU 533/459
RAM 1389/3964MB (lfb 8x4MB) SWAP 770/6078MB (cached 37MB) IRAM 0/252kB(lfb 252kB) CPU [5%@921,8%@921,off,off] EMC_FREQ 0%@1600 GR3D_FREQ 0%@614 APE 25 PLL@30C CPU@31.5C iwlwifi@32C PMIC@50C GPU@30C AO@41C thermal@30.5C POM_5V_IN 1892/2070 POM_5V_GPU 82/82 POM_5V_CPU 288/459
RAM 1385/3964MB (lfb 8x4MB) SWAP 770/6078MB (cached 37MB) IRAM 0/252kB(lfb 252kB) CPU [5%@921,8%@921,off,off] EMC_FREQ 0%@1600 GR3D_FREQ 0%@614 APE 25 PLL@29.5C CPU@31C iwlwifi@32C PMIC@50C GPU@29.5C AO@41C thermal@30.5C POM_5V_IN 1892/2070 POM_5V_GPU 82/82 POM_5V_CPU 329/459
RAM 1388/3964MB (lfb 8x4MB) SWAP 770/6078MB (cached 37MB) IRAM 0/252kB(lfb 252kB) CPU [6%@921,8%@921,off,off] EMC_FREQ 0%@1600 GR3D_FREQ 0%@614 APE 25 PLL@30C CPU@31.5C iwlwifi@32C PMIC@50C GPU@30C AO@41C thermal@30.75C POM_5V_IN 1934/2070 POM_5V_GPU 82/82 POM_5V_CPU 370/459
RAM 1389/3964MB (lfb 8x4MB) SWAP 770/6078MB (cached 37MB) IRAM 0/252kB(lfb 252kB) CPU [6%@921,8%@921,off,off] EMC_FREQ 0%@1600 GR3D_FREQ 0%@614 APE 25 PLL@29.5C CPU@31C iwlwifi@32C PMIC@50C GPU@30C AO@41C thermal@30.25C POM_5V_IN 2054/2070 POM_5V_GPU 82/82 POM_5V_CPU 451/459
RAM 1371/3964MB (lfb 8x4MB) SWAP 770/6078MB (cached 37MB) IRAM 0/252kB(lfb 252kB) CPU [7%@921,7%@921,off,off] EMC_FREQ 0%@1600 GR3D_FREQ 0%@614 APE 25 PLL@30C CPU@31.5C iwlwifi@32C PMIC@50C GPU@30C AO@41C thermal@30.5C POM_5V_IN 2174/2070 POM_5V_GPU 82/82 POM_5V_CPU 533/459
RAM 1371/3964MB (lfb 8x4MB) SWAP 770/6078MB (cached 37MB) IRAM 0/252kB(lfb 252kB) CPU [7%@921,6%@921,off,off] EMC_FREQ 0%@1600 GR3D_FREQ 0%@614 APE 25 PLL@29.5C CPU@31C iwlwifi@32C PMIC@50C GPU@30C AO@41C thermal@30.5C POM_5V_IN 2215/2070 POM_5V_GPU 82/82 POM_5V_CPU 574/459
RAM 1371/3964MB (lfb 8x4MB) SWAP 770/6078MB (cached 37MB) IRAM 0/252kB(lfb 252kB) CPU [10%@921,5%@921,off,off] EMC_FREQ 0%@1600 GR3D_FREQ 0%@614 APE 25 PLL@29.5C CPU@31C iwlwifi@32C PMIC@50C GPU@30C AO@41C thermal@30.5C POM_5V_IN 2215/2070 POM_5V_GPU 82/82 POM_5V_CPU 574/459
RAM 1386/3964MB (lfb 8x4MB) SWAP 770/6078MB (cached 37MB) IRAM 0/252kB(lfb 252kB) CPU [5%@921,8%@921,off,off] EMC_FREQ 0%@1600 GR3D_FREQ 0%@614 APE 25 PLL@30C CPU@31C iwlwifi@32C PMIC@50C GPU@29.5C AO@41C thermal@30.25C POM_5V_IN 2174/2070 POM_5V_GPU 82/82 POM_5V_CPU 574/459
RAM 1371/3964MB (lfb 8x4MB) SWAP 770/6078MB (cached 37MB) IRAM 0/252kB(lfb 252kB) CPU [6%@921,8%@921,off,off] EMC_FREQ 0%@1600 GR3D_FREQ 0%@614 APE 25 PLL@29.5C CPU@31C iwlwifi@32C PMIC@50C GPU@30C AO@41C thermal@30.75C POM_5V_IN 1892/2070 POM_5V_GPU 82/82 POM_5V_CPU 329/459
RAM 1386/3964MB (lfb 8x4MB) SWAP 770/6078MB (cached 37MB) IRAM 0/252kB(lfb 252kB) CPU [5%@921,7%@921,off,off] EMC_FREQ 0%@1600 GR3D_FREQ 0%@614 APE 25 PLL@30C CPU@32C iwlwifi@32C PMIC@50C GPU@30C AO@41C thermal@30.25C POM_5V_IN 2174/2070 POM_5V_GPU 82/82 POM_5V_CPU 574/459
RAM 1363/3964MB (lfb 8x4MB) SWAP 770/6078MB (cached 37MB) IRAM 0/252kB(lfb 252kB) CPU [5%@921,9%@921,off,off] EMC_FREQ 0%@1600 GR3D_FREQ 0%@614 APE 25 PLL@29.5C CPU@31.5C iwlwifi@32C PMIC@50C GPU@30C AO@40.5C thermal@30.5C POM_5V_IN 1892/2070 POM_5V_GPU 82/82 POM_5V_CPU 329/459
RAM 1385/3964MB (lfb 8x4MB) SWAP 765/6078MB (cached 37MB) IRAM 0/252kB(lfb 252kB) CPU [7%@921,6%@921,off,off] EMC_FREQ 0%@1600 GR3D_FREQ 0%@614 APE 25 PLL@30C CPU@31.5C iwlwifi@32C PMIC@50C GPU@30C AO@40.5C thermal@31C POM_5V_IN 2174/2070 POM_5V_GPU 82/82 POM_5V_CPU 574/459
RAM 1385/3964MB (lfb 8x4MB) SWAP 765/6078MB (cached 37MB) IRAM 0/252kB(lfb 252kB) CPU [5%@921,8%@921,off,off] EMC_FREQ 0%@1600 GR3D_FREQ 0%@614 APE 25 PLL@29.5C CPU@31.5C iwlwifi@32C PMIC@50C GPU@30C AO@41C thermal@30.75C POM_5V_IN 1934/2070 POM_5V_GPU 82/82 POM_5V_CPU 329/459
RAM 1387/3964MB (lfb 8x4MB) SWAP 765/6078MB (cached 37MB) IRAM 0/252kB(lfb 252kB) CPU [6%@921,7%@921,off,off] EMC_FREQ 0%@1600 GR3D_FREQ 0%@614 APE 25 PLL@29.5C CPU@31.5C iwlwifi@32C PMIC@50C GPU@30C AO@41C thermal@30.5C POM_5V_IN 1892/2070 POM_5V_GPU 82/82 POM_5V_CPU 329/459
RAM 1387/3964MB (lfb 8x4MB) SWAP 765/6078MB (cached 37MB) IRAM 0/252kB(lfb 252kB) CPU [8%@921,5%@921,off,off] EMC_FREQ 0%@1600 GR3D_FREQ 0%@614 APE 25 PLL@29.5C CPU@31.5C iwlwifi@32C PMIC@50C GPU@30C AO@41C thermal@30.5C POM_5V_IN 1892/2070 POM_5V_GPU 82/82 POM_5V_CPU 329/459
RAM 1370/3964MB (lfb 8x4MB) SWAP 765/6078MB (cached 37MB) IRAM 0/252kB(lfb 252kB) CPU [6%@921,8%@921,off,off] EMC_FREQ 0%@1600 GR3D_FREQ 0%@614 APE 25 PLL@30C CPU@31.5C iwlwifi@32C PMIC@50C GPU@30C AO@41C thermal@30.5C POM_5V_IN 1892/2070 POM_5V_GPU 82/82 POM_5V_CPU 329/458
RAM 1371/3964MB (lfb 8x4MB) SWAP 765/6078MB (cached 37MB) IRAM 0/252kB(lfb 252kB) CPU [8%@921,5%@921,off,off] EMC_FREQ 0%@1600 GR3D_FREQ 0%@614 APE 25 PLL@30C CPU@31.5C iwlwifi@32C PMIC@50C GPU@30C AO@41C thermal@30.5C POM_5V_IN 2215/2070 POM_5V_GPU 82/82 POM_5V_CPU 574/459
RAM 1371/3964MB (lfb 8x4MB) SWAP 765/6078MB (cached 37MB) IRAM 0/252kB(lfb 252kB) CPU [7%@921,7%@921,off,off] EMC_FREQ 0%@1600 GR3D_FREQ 0%@614 APE 25 PLL@30C CPU@31C iwlwifi@32C PMIC@50C GPU@30C AO@41C thermal@30.5C POM_5V_IN 2215/2070 POM_5V_GPU 82/82 POM_5V_CPU 574/459
RAM 1371/3964MB (lfb 8x4MB) SWAP 765/6078MB (cached 37MB) IRAM 0/252kB(lfb 252kB) CPU [6%@921,7%@921,off,off] EMC_FREQ 0%@1600 GR3D_FREQ 0%@614 APE 25 PLL@29.5C CPU@31.5C iwlwifi@32C PMIC@50C GPU@30C AO@41C thermal@30.75C POM_5V_IN 2174/2070 POM_5V_GPU 82/82 POM_5V_CPU 574/459
RAM 1387/3964MB (lfb 8x4MB) SWAP 765/6078MB (cached 37MB) IRAM 0/252kB(lfb 252kB) CPU [6%@921,7%@921,off,off] EMC_FREQ 0%@1600 GR3D_FREQ 0%@614 APE 25 PLL@30C CPU@31.5C iwlwifi@32C PMIC@50C GPU@30C AO@41C thermal@30.75C POM_5V_IN 2174/2070 POM_5V_GPU 82/82 POM_5V_CPU 574/459
RAM 1370/3964MB (lfb 8x4MB) SWAP 765/6078MB (cached 37MB) IRAM 0/252kB(lfb 252kB) CPU [8%@921,6%@921,off,off] EMC_FREQ 0%@1600 GR3D_FREQ 0%@614 APE 25 PLL@30C CPU@31.5C iwlwifi@33C PMIC@50C GPU@30C AO@41C thermal@30.5C POM_5V_IN 2215/2070 POM_5V_GPU 82/82 POM_5V_CPU 574/459
RAM 1387/3964MB (lfb 8x4MB) SWAP 765/6078MB (cached 37MB) IRAM 0/252kB(lfb 252kB) CPU [8%@921,6%@921,off,off] EMC_FREQ 0%@1600 GR3D_FREQ 0%@614 APE 25 PLL@30.5C CPU@31C iwlwifi@32C PMIC@50C GPU@30C AO@41C thermal@30.5C POM_5V_IN 2174/2070 POM_5V_GPU 82/82 POM_5V_CPU 574/459
RAM 1387/3964MB (lfb 8x4MB) SWAP 765/6078MB (cached 37MB) IRAM 0/252kB(lfb 252kB) CPU [6%@921,7%@921,off,off] EMC_FREQ 0%@1600 GR3D_FREQ 0%@614 APE 25 PLL@29.5C CPU@31.5C iwlwifi@32C PMIC@50C GPU@30C AO@40.5C thermal@30.75C POM_5V_IN 1892/2070 POM_5V_GPU 82/82 POM_5V_CPU 288/459
RAM 1389/3964MB (lfb 8x4MB) SWAP 765/6078MB (cached 37MB) IRAM 0/252kB(lfb 252kB) CPU [6%@921,8%@921,off,off] EMC_FREQ 0%@1600 GR3D_FREQ 0%@614 APE 25 PLL@29.5C CPU@31.5C iwlwifi@32C PMIC@50C GPU@30C AO@40.5C thermal@30.5C POM_5V_IN 1892/2070 POM_5V_GPU 82/82 POM_5V_CPU 329/459
RAM 1387/3964MB (lfb 8x4MB) SWAP 765/6078MB (cached 37MB) IRAM 0/252kB(lfb 252kB) CPU [7%@921,7%@921,off,off] EMC_FREQ 0%@1600 GR3D_FREQ 0%@614 APE 25 PLL@29.5C CPU@31.5C iwlwifi@32C PMIC@50C GPU@30C AO@40.5C thermal@30.5C POM_5V_IN 1934/2070 POM_5V_GPU 82/82 POM_5V_CPU 329/459
RAM 1386/3964MB (lfb 8x4MB) SWAP 765/6078MB (cached 37MB) IRAM 0/252kB(lfb 252kB) CPU [7%@921,6%@921,off,off] EMC_FREQ 0%@1600 GR3D_FREQ 0%@614 APE 25 PLL@29.5C CPU@31C iwlwifi@33C PMIC@50C GPU@30C AO@41C thermal@30.5C POM_5V_IN 1934/2070 POM_5V_GPU 82/82 POM_5V_CPU 370/459
RAM 1387/3964MB (lfb 8x4MB) SWAP 765/6078MB (cached 37MB) IRAM 0/252kB(lfb 252kB) CPU [4%@921,9%@921,off,off] EMC_FREQ 0%@1600 GR3D_FREQ 0%@614 APE 25 PLL@30C CPU@32C iwlwifi@32C PMIC@50C GPU@30C AO@41C thermal@30.5C POM_5V_IN 2174/2070 POM_5V_GPU 82/82 POM_5V_CPU 574/459
RAM 1371/3964MB (lfb 8x4MB) SWAP 765/6078MB (cached 37MB) IRAM 0/252kB(lfb 252kB) CPU [10%@921,4%@921,off,off] EMC_FREQ 0%@1600 GR3D_FREQ 0%@614 APE 25 PLL@30C CPU@31.5C iwlwifi@32C PMIC@50C GPU@30.5C AO@40.5C thermal@30.75C POM_5V_IN 2174/2070 POM_5V_GPU 82/82 POM_5V_CPU 492/459
RAM 1371/3964MB (lfb 8x4MB) SWAP 765/6078MB (cached 37MB) IRAM 0/252kB(lfb 252kB) CPU [5%@921,8%@921,off,off] EMC_FREQ 0%@1600 GR3D_FREQ 0%@614 APE 25 PLL@29.5C CPU@31.5C iwlwifi@32C PMIC@50C GPU@30C AO@40.5C thermal@30.75C POM_5V_IN 2215/2070 POM_5V_GPU 82/82 POM_5V_CPU 574/459
RAM 1371/3964MB (lfb 8x4MB) SWAP 765/6078MB (cached 37MB) IRAM 0/252kB(lfb 252kB) CPU [6%@921,8%@921,off,off] EMC_FREQ 0%@1600 GR3D_FREQ 0%@614 APE 25 PLL@29.5C CPU@31.5C iwlwifi@32C PMIC@50C GPU@30C AO@41C thermal@30.5C POM_5V_IN 2174/2070 POM_5V_GPU 82/82 POM_5V_CPU 574/459
RAM 1389/3964MB (lfb 8x4MB) SWAP 765/6078MB (cached 37MB) IRAM 0/252kB(lfb 252kB) CPU [5%@921,8%@921,off,off] EMC_FREQ 0%@1600 GR3D_FREQ 0%@614 APE 25 PLL@30C CPU@31.5C iwlwifi@32C PMIC@50C GPU@30C AO@41C thermal@30.5C POM_5V_IN 2174/2070 POM_5V_GPU 82/82 POM_5V_CPU 574/459
RAM 1371/3964MB (lfb 8x4MB) SWAP 765/6078MB (cached 37MB) IRAM 0/252kB(lfb 252kB) CPU [8%@921,6%@921,off,off] EMC_FREQ 0%@1600 GR3D_FREQ 0%@614 APE 25 PLL@29.5C CPU@31C iwlwifi@32C PMIC@50C GPU@30C AO@41C thermal@30.75C POM_5V_IN 2256/2070 POM_5V_GPU 82/82 POM_5V_CPU 614/459
RAM 1371/3964MB (lfb 8x4MB) SWAP 765/6078MB (cached 37MB) IRAM 0/252kB(lfb 252kB) CPU [5%@921,8%@921,off,off] EMC_FREQ 0%@1600 GR3D_FREQ 0%@614 APE 25 PLL@29.5C CPU@31.5C iwlwifi@32C PMIC@50C GPU@30C AO@40.5C thermal@30.25C POM_5V_IN 2215/2070 POM_5V_GPU 82/82 POM_5V_CPU 574/459
RAM 1371/3964MB (lfb 8x4MB) SWAP 765/6078MB (cached 37MB) IRAM 0/252kB(lfb 252kB) CPU [7%@921,6%@921,off,off] EMC_FREQ 0%@1600 GR3D_FREQ 0%@614 APE 25 PLL@30C CPU@31C iwlwifi@32C PMIC@50C GPU@29.5C AO@41C thermal@30.75C POM_5V_IN 2215/2070 POM_5V_GPU 82/82 POM_5V_CPU 574/459
RAM 1387/3964MB (lfb 8x4MB) SWAP 765/6078MB (cached 37MB) IRAM 0/252kB(lfb 252kB) CPU [5%@921,8%@921,off,off] EMC_FREQ 0%@1600 GR3D_FREQ 0%@614 APE 25 PLL@29.5C CPU@31.5C iwlwifi@32C PMIC@50C GPU@30C AO@41C thermal@30.5C POM_5V_IN 2174/2071 POM_5V_GPU 82/82 POM_5V_CPU 574/459
RAM 1370/3964MB (lfb 8x4MB) SWAP 765/6078MB (cached 37MB) IRAM 0/252kB(lfb 252kB) CPU [7%@921,7%@921,off,off] EMC_FREQ 0%@1600 GR3D_FREQ 0%@614 APE 25 PLL@29.5C CPU@31.5C iwlwifi@32C PMIC@50C GPU@30C AO@41C thermal@30.75C POM_5V_IN 1934/2070 POM_5V_GPU 82/82 POM_5V_CPU 329/459
RAM 1379/3964MB (lfb 8x4MB) SWAP 765/6078MB (cached 37MB) IRAM 0/252kB(lfb 252kB) CPU [9%@921,4%@921,off,off] EMC_FREQ 0%@1600 GR3D_FREQ 0%@614 APE 25 PLL@29.5C CPU@31.5C iwlwifi@32C PMIC@50C GPU@30C AO@40.5C thermal@30.5C POM_5V_IN 2174/2070 POM_5V_GPU 82/82 POM_5V_CPU 533/459
RAM 1387/3964MB (lfb 8x4MB) SWAP 765/6078MB (cached 37MB) IRAM 0/252kB(lfb 252kB) CPU [8%@921,5%@921,off,off] EMC_FREQ 0%@1600 GR3D_FREQ 0%@614 APE 25 PLL@29.5C CPU@31C iwlwifi@32C PMIC@50C GPU@30C AO@41C thermal@30.75C POM_5V_IN 1772/2070 POM_5V_GPU 82/82 POM_5V_CPU 206/459
RAM 1389/3964MB (lfb 8x4MB) SWAP 765/6078MB (cached 37MB) IRAM 0/252kB(lfb 252kB) CPU [8%@921,6%@921,off,off] EMC_FREQ 0%@1600 GR3D_FREQ 0%@614 APE 25 PLL@29.5C CPU@31.5C iwlwifi@32C PMIC@50C GPU@30C AO@41C thermal@30.5C POM_5V_IN 1892/2070 POM_5V_GPU 82/82 POM_5V_CPU 329/459
RAM 1386/3964MB (lfb 8x4MB) SWAP 765/6078MB (cached 37MB) IRAM 0/252kB(lfb 252kB) CPU [6%@921,7%@921,off,off] EMC_FREQ 0%@1600 GR3D_FREQ 0%@614 APE 25 PLL@29.5C CPU@31.5C iwlwifi@32C PMIC@50C GPU@30C AO@41C thermal@30.75C POM_5V_IN 1934/2070 POM_5V_GPU 82/82 POM_5V_CPU 329/459
RAM 1389/3964MB (lfb 8x4MB) SWAP 765/6078MB (cached 37MB) IRAM 0/252kB(lfb 252kB) CPU [8%@921,6%@921,off,off] EMC_FREQ 0%@1600 GR3D_FREQ 0%@614 APE 25 PLL@29C CPU@31.5C iwlwifi@32C PMIC@50C GPU@30C AO@41C thermal@30.75C POM_5V_IN 1934/2070 POM_5V_GPU 82/82 POM_5V_CPU 329/459
RAM 1387/3964MB (lfb 8x4MB) SWAP 765/6078MB (cached 37MB) IRAM 0/252kB(lfb 252kB) CPU [5%@921,8%@921,off,off] EMC_FREQ 0%@1600 GR3D_FREQ 0%@614 APE 25 PLL@29.5C CPU@31.5C iwlwifi@32C PMIC@50C GPU@30C AO@41C thermal@30.5C POM_5V_IN 1934/2070 POM_5V_GPU 82/82 POM_5V_CPU 370/459
RAM 1386/3964MB (lfb 8x4MB) SWAP 765/6078MB (cached 37MB) IRAM 0/252kB(lfb 252kB) CPU [7%@921,6%@921,off,off] EMC_FREQ 0%@1600 GR3D_FREQ 0%@614 APE 25 PLL@29.5C CPU@31.5C iwlwifi@32C PMIC@50C GPU@30C AO@41C thermal@30.25C POM_5V_IN 1931/2070 POM_5V_GPU 82/82 POM_5V_CPU 328/459
RAM 1387/3964MB (lfb 8x4MB) SWAP 765/6078MB (cached 37MB) IRAM 0/252kB(lfb 252kB) CPU [7%@921,6%@921,off,off] EMC_FREQ 0%@1600 GR3D_FREQ 0%@614 APE 25 PLL@30C CPU@31.5C iwlwifi@32C PMIC@50C GPU@30.5C AO@41C thermal@30.75C POM_5V_IN 1934/2070 POM_5V_GPU 82/82 POM_5V_CPU 369/459
RAM 1389/3964MB (lfb 8x4MB) SWAP 765/6078MB (cached 37MB) IRAM 0/252kB(lfb 252kB) CPU [6%@921,8%@921,off,off] EMC_FREQ 0%@1600 GR3D_FREQ 0%@614 APE 25 PLL@30C CPU@31.5C iwlwifi@32C PMIC@50C GPU@30C AO@41C thermal@30.75C POM_5V_IN 1934/2070 POM_5V_GPU 82/82 POM_5V_CPU 329/458
RAM 1385/3964MB (lfb 8x4MB) SWAP 765/6078MB (cached 37MB) IRAM 0/252kB(lfb 252kB) CPU [6%@921,7%@921,off,off] EMC_FREQ 0%@1600 GR3D_FREQ 0%@614 APE 25 PLL@29.5C CPU@32C iwlwifi@32C PMIC@50C GPU@30C AO@41C thermal@30.75C POM_5V_IN 1892/2070 POM_5V_GPU 82/82 POM_5V_CPU 329/458
RAM 1385/3964MB (lfb 8x4MB) SWAP 765/6078MB (cached 37MB) IRAM 0/252kB(lfb 252kB) CPU [6%@921,7%@921,off,off] EMC_FREQ 0%@1600 GR3D_FREQ 0%@614 APE 25 PLL@29.5C CPU@31.5C iwlwifi@32C PMIC@50C GPU@30C AO@41C thermal@30.75C POM_5V_IN 2174/2070 POM_5V_GPU 82/82 POM_5V_CPU 574/458
RAM 1362/3964MB (lfb 8x4MB) SWAP 765/6078MB (cached 37MB) IRAM 0/252kB(lfb 252kB) CPU [5%@921,9%@921,off,off] EMC_FREQ 0%@1600 GR3D_FREQ 0%@614 APE 25 PLL@30C CPU@31.5C iwlwifi@32C PMIC@50C GPU@30C AO@41C thermal@30.75C POM_5V_IN 2256/2070 POM_5V_GPU 82/82 POM_5V_CPU 615/459
RAM 1371/3964MB (lfb 8x4MB) SWAP 765/6078MB (cached 37MB) IRAM 0/252kB(lfb 252kB) CPU [7%@921,5%@921,off,off] EMC_FREQ 0%@1600 GR3D_FREQ 0%@614 APE 25 PLL@30C CPU@31.5C iwlwifi@32C PMIC@50C GPU@30C AO@41C thermal@30.5C POM_5V_IN 1772/2070 POM_5V_GPU 82/82 POM_5V_CPU 206/458
RAM 1371/3964MB (lfb 8x4MB) SWAP 765/6078MB (cached 37MB) IRAM 0/252kB(lfb 252kB) CPU [6%@921,7%@921,off,off] EMC_FREQ 0%@1600 GR3D_FREQ 0%@614 APE 25 PLL@29.5C CPU@31.5C iwlwifi@32C PMIC@50C GPU@30.5C AO@41C thermal@30.75C POM_5V_IN 2174/2070 POM_5V_GPU 82/82 POM_5V_CPU 574/458
RAM 1389/3964MB (lfb 8x4MB) SWAP 765/6078MB (cached 37MB) IRAM 0/252kB(lfb 252kB) CPU [9%@921,4%@921,off,off] EMC_FREQ 0%@1600 GR3D_FREQ 0%@614 APE 25 PLL@29.5C CPU@31.5C iwlwifi@32C PMIC@50C GPU@30C AO@41C thermal@30.75C POM_5V_IN 2133/2070 POM_5V_GPU 82/82 POM_5V_CPU 574/459
RAM 1371/3964MB (lfb 8x4MB) SWAP 765/6078MB (cached 37MB) IRAM 0/252kB(lfb 252kB) CPU [5%@921,8%@921,off,off] EMC_FREQ 0%@1600 GR3D_FREQ 0%@614 APE 25 PLL@30C CPU@31.5C iwlwifi@32C PMIC@50C GPU@30.5C AO@41C thermal@30.75C POM_5V_IN 1934/2070 POM_5V_GPU 82/82 POM_5V_CPU 329/458
RAM 1387/3964MB (lfb 8x4MB) SWAP 765/6078MB (cached 37MB) IRAM 0/252kB(lfb 252kB) CPU [6%@921,6%@921,off,off] EMC_FREQ 0%@1600 GR3D_FREQ 0%@614 APE 25 PLL@29.5C CPU@31.5C iwlwifi@32C PMIC@50C GPU@30C AO@41C thermal@30.75C POM_5V_IN 2174/2070 POM_5V_GPU 82/82 POM_5V_CPU 533/459
RAM 1380/3964MB (lfb 8x4MB) SWAP 765/6078MB (cached 37MB) IRAM 0/252kB(lfb 252kB) CPU [7%@921,7%@921,off,off] EMC_FREQ 0%@1600 GR3D_FREQ 0%@614 APE 25 PLL@29.5C CPU@31.5C iwlwifi@32C PMIC@50C GPU@30C AO@41C thermal@30.75C POM_5V_IN 1934/2070 POM_5V_GPU 82/82 POM_5V_CPU 329/458
RAM 1385/3964MB (lfb 8x4MB) SWAP 765/6078MB (cached 37MB) IRAM 0/252kB(lfb 252kB) CPU [9%@921,4%@921,off,off] EMC_FREQ 0%@1600 GR3D_FREQ 0%@614 APE 25 PLL@29.5C CPU@31.5C iwlwifi@32C PMIC@50C GPU@30C AO@41C thermal@30.75C POM_5V_IN 1813/2070 POM_5V_GPU 82/82 POM_5V_CPU 205/458
RAM 1388/3964MB (lfb 8x4MB) SWAP 765/6078MB (cached 37MB) IRAM 0/252kB(lfb 252kB) CPU [7%@921,6%@921,off,off] EMC_FREQ 0%@1600 GR3D_FREQ 0%@614 APE 25 PLL@29.5C CPU@31.5C iwlwifi@32C PMIC@50C GPU@30C AO@41C thermal@30.75C POM_5V_IN 1934/2070 POM_5V_GPU 82/82 POM_5V_CPU 370/458
RAM 1386/3964MB (lfb 8x4MB) SWAP 765/6078MB (cached 37MB) IRAM 0/252kB(lfb 252kB) CPU [5%@921,8%@921,off,off] EMC_FREQ 0%@1600 GR3D_FREQ 0%@614 APE 25 PLL@29.5C CPU@31.5C iwlwifi@32C PMIC@50C GPU@30C AO@41C thermal@30.75C POM_5V_IN 1972/2070 POM_5V_GPU 82/82 POM_5V_CPU 369/458
RAM 1375/3964MB (lfb 8x4MB) SWAP 765/6078MB (cached 37MB) IRAM 0/252kB(lfb 252kB) CPU [7%@921,7%@921,off,off] EMC_FREQ 0%@1600 GR3D_FREQ 0%@614 APE 25 PLL@29.5C CPU@31.5C iwlwifi@32C PMIC@50C GPU@30.5C AO@41C thermal@30.75C POM_5V_IN 2215/2070 POM_5V_GPU 82/82 POM_5V_CPU 574/458
RAM 1371/3964MB (lfb 8x4MB) SWAP 765/6078MB (cached 37MB) IRAM 0/252kB(lfb 252kB) CPU [5%@921,8%@921,off,off] EMC_FREQ 0%@1600 GR3D_FREQ 0%@614 APE 25 PLL@29.5C CPU@31.5C iwlwifi@32C PMIC@50C GPU@30C AO@41C thermal@30.75C POM_5V_IN 1975/2070 POM_5V_GPU 82/82 POM_5V_CPU 369/458
RAM 1370/3964MB (lfb 8x4MB) SWAP 765/6078MB (cached 37MB) IRAM 0/252kB(lfb 252kB) CPU [6%@921,8%@921,off,off] EMC_FREQ 0%@1600 GR3D_FREQ 0%@614 APE 25 PLL@29.5C CPU@31.5C iwlwifi@32C PMIC@50C GPU@30.5C AO@41.5C thermal@30.75C POM_5V_IN 2215/2070 POM_5V_GPU 82/82 POM_5V_CPU 574/458
RAM 1371/3964MB (lfb 8x4MB) SWAP 765/6078MB (cached 37MB) IRAM 0/252kB(lfb 252kB) CPU [6%@921,8%@921,off,off] EMC_FREQ 0%@1600 GR3D_FREQ 0%@614 APE 25 PLL@30C CPU@31.5C iwlwifi@32C PMIC@50C GPU@30C AO@41C thermal@30.75C POM_5V_IN 2174/2070 POM_5V_GPU 82/82 POM_5V_CPU 574/458
RAM 1389/3964MB (lfb 8x4MB) SWAP 765/6078MB (cached 37MB) IRAM 0/252kB(lfb 252kB) CPU [7%@921,6%@921,off,off] EMC_FREQ 0%@1600 GR3D_FREQ 0%@614 APE 25 PLL@30C CPU@31.5C iwlwifi@32C PMIC@50C GPU@30C AO@40.5C thermal@30.75C POM_5V_IN 2174/2070 POM_5V_GPU 82/82 POM_5V_CPU 533/458
RAM 1371/3964MB (lfb 8x4MB) SWAP 765/6078MB (cached 37MB) IRAM 0/252kB(lfb 252kB) CPU [6%@921,8%@921,off,off] EMC_FREQ 0%@1600 GR3D_FREQ 0%@614 APE 25 PLL@30C CPU@31.5C iwlwifi@32C PMIC@50C GPU@30C AO@41.5C thermal@30.5C POM_5V_IN 1934/2070 POM_5V_GPU 82/82 POM_5V_CPU 329/458
RAM 1389/3964MB (lfb 8x4MB) SWAP 765/6078MB (cached 37MB) IRAM 0/252kB(lfb 252kB) CPU [8%@921,4%@921,off,off] EMC_FREQ 0%@1600 GR3D_FREQ 0%@614 APE 25 PLL@29.5C CPU@31.5C iwlwifi@32C PMIC@50C GPU@30.5C AO@41C thermal@30.75C POM_5V_IN 2174/2070 POM_5V_GPU 82/82 POM_5V_CPU 533/458
RAM 1385/3964MB (lfb 8x4MB) SWAP 765/6078MB (cached 37MB) IRAM 0/252kB(lfb 252kB) CPU [6%@921,7%@921,off,off] EMC_FREQ 0%@1600 GR3D_FREQ 0%@614 APE 25 PLL@30C CPU@31.5C iwlwifi@32C PMIC@50C GPU@30C AO@41C thermal@30.75C POM_5V_IN 1892/2070 POM_5V_GPU 82/82 POM_5V_CPU 329/458
RAM 1387/3964MB (lfb 8x4MB) SWAP 765/6078MB (cached 37MB) IRAM 0/252kB(lfb 252kB) CPU [6%@921,7%@921,off,off] EMC_FREQ 0%@1600 GR3D_FREQ 0%@614 APE 25 PLL@29.5C CPU@31.5C iwlwifi@32C PMIC@50C GPU@30C AO@41C thermal@30.75C POM_5V_IN 2170/2070 POM_5V_GPU 81/82 POM_5V_CPU 573/458
RAM 1389/3964MB (lfb 8x4MB) SWAP 765/6078MB (cached 37MB) IRAM 0/252kB(lfb 252kB) CPU [5%@921,9%@921,off,off] EMC_FREQ 0%@1600 GR3D_FREQ 0%@614 APE 25 PLL@29.5C CPU@32C iwlwifi@32C PMIC@50C GPU@30C AO@41C thermal@31C POM_5V_IN 2174/2070 POM_5V_GPU 82/82 POM_5V_CPU 533/458
RAM 1390/3964MB (lfb 8x4MB) SWAP 765/6078MB (cached 37MB) IRAM 0/252kB(lfb 252kB) CPU [6%@921,8%@921,off,off] EMC_FREQ 0%@1600 GR3D_FREQ 0%@614 APE 25 PLL@29.5C CPU@31.5C iwlwifi@33C PMIC@50C GPU@30C AO@41C thermal@30.75C POM_5V_IN 1892/2070 POM_5V_GPU 82/82 POM_5V_CPU 329/458
RAM 1389/3964MB (lfb 8x4MB) SWAP 765/6078MB (cached 37MB) IRAM 0/252kB(lfb 252kB) CPU [7%@921,7%@921,off,off] EMC_FREQ 0%@1600 GR3D_FREQ 0%@614 APE 25 PLL@30C CPU@31C iwlwifi@32C PMIC@50C GPU@30C AO@41C thermal@30.75C POM_5V_IN 1892/2070 POM_5V_GPU 82/82 POM_5V_CPU 329/458
RAM 1372/3964MB (lfb 8x4MB) SWAP 765/6078MB (cached 37MB) IRAM 0/252kB(lfb 252kB) CPU [4%@921,9%@921,off,off] EMC_FREQ 0%@1600 GR3D_FREQ 0%@614 APE 25 PLL@29.5C CPU@31.5C iwlwifi@32C PMIC@50C GPU@30C AO@41C thermal@30.75C POM_5V_IN 2095/2070 POM_5V_GPU 82/82 POM_5V_CPU 492/458
RAM 1371/3964MB (lfb 8x4MB) SWAP 765/6078MB (cached 37MB) IRAM 0/252kB(lfb 252kB) CPU [7%@921,7%@921,off,off] EMC_FREQ 0%@1600 GR3D_FREQ 0%@614 APE 25 PLL@30C CPU@32C iwlwifi@32C PMIC@50C GPU@30C AO@41C thermal@30.75C POM_5V_IN 2252/2070 POM_5V_GPU 81/82 POM_5V_CPU 614/458
RAM 1371/3964MB (lfb 8x4MB) SWAP 765/6078MB (cached 37MB) IRAM 0/252kB(lfb 252kB) CPU [6%@921,7%@921,off,off] EMC_FREQ 0%@1600 GR3D_FREQ 0%@614 APE 25 PLL@30C CPU@31C iwlwifi@32C PMIC@50C GPU@30C AO@41.5C thermal@30.5C POM_5V_IN 2215/2070 POM_5V_GPU 82/82 POM_5V_CPU 574/458
RAM 1371/3964MB (lfb 8x4MB) SWAP 765/6078MB (cached 37MB) IRAM 0/252kB(lfb 252kB) CPU [7%@921,7%@921,off,off] EMC_FREQ 0%@1600 GR3D_FREQ 0%@614 APE 25 PLL@30C CPU@31.5C iwlwifi@32C PMIC@50C GPU@30C AO@41C thermal@30.75C POM_5V_IN 2215/2070 POM_5V_GPU 82/82 POM_5V_CPU 574/458
RAM 1389/3964MB (lfb 8x4MB) SWAP 765/6078MB (cached 37MB) IRAM 0/252kB(lfb 252kB) CPU [5%@921,7%@921,off,off] EMC_FREQ 0%@1600 GR3D_FREQ 0%@614 APE 25 PLL@29.5C CPU@31.5C iwlwifi@32C PMIC@50C GPU@30C AO@41C thermal@30.5C POM_5V_IN 2174/2070 POM_5V_GPU 82/82 POM_5V_CPU 574/459
RAM 1371/3964MB (lfb 8x4MB) SWAP 765/6078MB (cached 37MB) IRAM 0/252kB(lfb 252kB) CPU [7%@921,7%@921,off,off] EMC_FREQ 0%@1600 GR3D_FREQ 0%@614 APE 25 PLL@30C CPU@31.5C iwlwifi@32C PMIC@50C GPU@30C AO@41C thermal@30.75C POM_5V_IN 1934/2070 POM_5V_GPU 82/82 POM_5V_CPU 370/459
RAM 1386/3964MB (lfb 8x4MB) SWAP 765/6078MB (cached 37MB) IRAM 0/252kB(lfb 252kB) CPU [6%@921,6%@921,off,off] EMC_FREQ 0%@1600 GR3D_FREQ 0%@614 APE 25 PLL@29.5C CPU@32C iwlwifi@32C PMIC@50C GPU@30C AO@41.5C thermal@30.75C POM_5V_IN 2174/2070 POM_5V_GPU 82/82 POM_5V_CPU 574/459
RAM 1387/3964MB (lfb 8x4MB) SWAP 765/6078MB (cached 37MB) IRAM 0/252kB(lfb 252kB) CPU [5%@921,8%@921,off,off] EMC_FREQ 0%@1600 GR3D_FREQ 0%@614 APE 25 PLL@29.5C CPU@31.5C iwlwifi@32C PMIC@50C GPU@30C AO@41.5C thermal@30.75C POM_5V_IN 1934/2070 POM_5V_GPU 82/82 POM_5V_CPU 329/458
RAM 1387/3964MB (lfb 8x4MB) SWAP 765/6078MB (cached 37MB) IRAM 0/252kB(lfb 252kB) CPU [10%@921,3%@921,off,off] EMC_FREQ 0%@1600 GR3D_FREQ 0%@614 APE 25 PLL@29.5C CPU@31.5C iwlwifi@32C PMIC@50C GPU@30C AO@41C thermal@30.75C POM_5V_IN 1810/2070 POM_5V_GPU 82/82 POM_5V_CPU 246/458
RAM 1387/3964MB (lfb 8x4MB) SWAP 765/6078MB (cached 37MB) IRAM 0/252kB(lfb 252kB) CPU [7%@921,6%@921,off,off] EMC_FREQ 0%@1600 GR3D_FREQ 0%@614 APE 25 PLL@29.5C CPU@32C iwlwifi@32C PMIC@50C GPU@30C AO@41C thermal@30.75C POM_5V_IN 1972/2070 POM_5V_GPU 82/82 POM_5V_CPU 369/458
RAM 1385/3964MB (lfb 8x4MB) SWAP 765/6078MB (cached 37MB) IRAM 0/252kB(lfb 252kB) CPU [7%@921,7%@921,off,off] EMC_FREQ 0%@1600 GR3D_FREQ 0%@614 APE 25 PLL@30C CPU@31.5C iwlwifi@32C PMIC@50C GPU@30C AO@41.5C thermal@30.75C POM_5V_IN 1892/2069 POM_5V_GPU 82/82 POM_5V_CPU 288/458
RAM 1387/3964MB (lfb 8x4MB) SWAP 765/6078MB (cached 37MB) IRAM 0/252kB(lfb 252kB) CPU [8%@921,5%@921,off,off] EMC_FREQ 0%@1600 GR3D_FREQ 0%@614 APE 25 PLL@29.5C CPU@31.5C iwlwifi@32C PMIC@50C GPU@30C AO@41C thermal@30.75C POM_5V_IN 2256/2070 POM_5V_GPU 82/82 POM_5V_CPU 574/458
RAM 1387/3964MB (lfb 8x4MB) SWAP 765/6078MB (cached 37MB) IRAM 0/252kB(lfb 252kB) CPU [6%@921,7%@921,off,off] EMC_FREQ 0%@1600 GR3D_FREQ 0%@614 APE 25 PLL@29.5C CPU@31.5C iwlwifi@32C PMIC@50C GPU@30C AO@41C thermal@30.75C POM_5V_IN 1892/2069 POM_5V_GPU 82/82 POM_5V_CPU 329/458
RAM 1363/3964MB (lfb 8x4MB) SWAP 765/6078MB (cached 37MB) IRAM 0/252kB(lfb 252kB) CPU [7%@921,8%@921,off,off] EMC_FREQ 0%@1600 GR3D_FREQ 0%@614 APE 25 PLL@30C CPU@32C iwlwifi@32C PMIC@50C GPU@30.5C AO@41C thermal@30.75C POM_5V_IN 2174/2070 POM_5V_GPU 82/82 POM_5V_CPU 574/458
RAM 1371/3964MB (lfb 8x4MB) SWAP 765/6078MB (cached 37MB) IRAM 0/252kB(lfb 252kB) CPU [6%@921,7%@921,off,off] EMC_FREQ 0%@1600 GR3D_FREQ 0%@614 APE 25 PLL@30C CPU@31.5C iwlwifi@32C PMIC@50C GPU@30C AO@41C thermal@30.75C POM_5V_IN 2133/2070 POM_5V_GPU 82/82 POM_5V_CPU 533/458
RAM 1387/3964MB (lfb 8x4MB) SWAP 765/6078MB (cached 37MB) IRAM 0/252kB(lfb 252kB) CPU [6%@921,6%@921,off,off] EMC_FREQ 0%@1600 GR3D_FREQ 0%@614 APE 25 PLL@30C CPU@31.5C iwlwifi@32C PMIC@50C GPU@30.5C AO@41C thermal@30.75C POM_5V_IN 2174/2070 POM_5V_GPU 82/82 POM_5V_CPU 574/458
RAM 1371/3964MB (lfb 8x4MB) SWAP 765/6078MB (cached 37MB) IRAM 0/252kB(lfb 252kB) CPU [7%@921,7%@921,off,off] EMC_FREQ 0%@1600 GR3D_FREQ 0%@614 APE 25 PLL@29.5C CPU@31.5C iwlwifi@32C PMIC@50C GPU@30C AO@41C thermal@30.5C POM_5V_IN 1934/2070 POM_5V_GPU 82/82 POM_5V_CPU 329/458
RAM 1389/3964MB (lfb 8x4MB) SWAP 765/6078MB (cached 37MB) IRAM 0/252kB(lfb 252kB) CPU [4%@921,9%@921,off,off] EMC_FREQ 0%@1600 GR3D_FREQ 0%@614 APE 25 PLL@30C CPU@31.5C iwlwifi@32C PMIC@50C GPU@30C AO@41C thermal@30.5C POM_5V_IN 2174/2070 POM_5V_GPU 82/82 POM_5V_CPU 574/458
RAM 1387/3964MB (lfb 8x4MB) SWAP 765/6078MB (cached 37MB) IRAM 0/252kB(lfb 252kB) CPU [6%@921,8%@921,off,off] EMC_FREQ 0%@1600 GR3D_FREQ 0%@614 APE 25 PLL@29.5C CPU@31.5C iwlwifi@32C PMIC@50C GPU@30C AO@41C thermal@31C POM_5V_IN 2054/2070 POM_5V_GPU 82/82 POM_5V_CPU 369/458
RAM 1389/3964MB (lfb 8x4MB) SWAP 765/6078MB (cached 37MB) IRAM 0/252kB(lfb 252kB) CPU [7%@921,6%@921,off,off] EMC_FREQ 0%@1600 GR3D_FREQ 0%@614 APE 25 PLL@30C CPU@31C iwlwifi@32C PMIC@50C GPU@30C AO@41C thermal@30.5C POM_5V_IN 1934/2070 POM_5V_GPU 82/82 POM_5V_CPU 329/458
RAM 1389/3964MB (lfb 8x4MB) SWAP 765/6078MB (cached 37MB) IRAM 0/252kB(lfb 252kB) CPU [7%@921,6%@921,off,off] EMC_FREQ 0%@1600 GR3D_FREQ 0%@614 APE 25 PLL@30C CPU@31.5C iwlwifi@32C PMIC@50C GPU@30C AO@41C thermal@30.5C POM_5V_IN 1934/2069 POM_5V_GPU 82/82 POM_5V_CPU 329/458
RAM 1389/3964MB (lfb 8x4MB) SWAP 765/6078MB (cached 37MB) IRAM 0/252kB(lfb 252kB) CPU [5%@921,9%@921,off,off] EMC_FREQ 0%@1600 GR3D_FREQ 0%@614 APE 25 PLL@30C CPU@31.5C iwlwifi@32C PMIC@50C GPU@30C AO@41C thermal@30.5C POM_5V_IN 1934/2069 POM_5V_GPU 82/82 POM_5V_CPU 370/458
RAM 1387/3964MB (lfb 8x4MB) SWAP 765/6078MB (cached 37MB) IRAM 0/252kB(lfb 252kB) CPU [4%@921,10%@921,off,off] EMC_FREQ 0%@1600 GR3D_FREQ 0%@614 APE 25 PLL@30C CPU@31.5C iwlwifi@32C PMIC@50C GPU@30C AO@41C thermal@30.75C POM_5V_IN 1975/2069 POM_5V_GPU 82/82 POM_5V_CPU 369/458
RAM 1383/3964MB (lfb 8x4MB) SWAP 765/6078MB (cached 37MB) IRAM 0/252kB(lfb 252kB) CPU [8%@921,6%@921,off,off] EMC_FREQ 0%@1600 GR3D_FREQ 0%@614 APE 25 PLL@30C CPU@31.5C iwlwifi@32C PMIC@50C GPU@30C AO@41C thermal@30.5C POM_5V_IN 2095/2069 POM_5V_GPU 82/82 POM_5V_CPU 451/458
RAM 1371/3964MB (lfb 8x4MB) SWAP 765/6078MB (cached 37MB) IRAM 0/252kB(lfb 252kB) CPU [6%@921,7%@921,off,off] EMC_FREQ 0%@1600 GR3D_FREQ 0%@614 APE 25 PLL@29.5C CPU@32C iwlwifi@33C PMIC@50C GPU@30C AO@41C thermal@31C POM_5V_IN 2215/2069 POM_5V_GPU 82/82 POM_5V_CPU 615/458
RAM 1371/3964MB (lfb 8x4MB) SWAP 765/6078MB (cached 37MB) IRAM 0/252kB(lfb 252kB) CPU [9%@921,5%@921,off,off] EMC_FREQ 0%@1600 GR3D_FREQ 0%@614 APE 25 PLL@29.5C CPU@31.5C iwlwifi@33C PMIC@50C GPU@30C AO@41C thermal@30.75C POM_5V_IN 2174/2069 POM_5V_GPU 81/82 POM_5V_CPU 573/458
RAM 1372/3964MB (lfb 8x4MB) SWAP 765/6078MB (cached 37MB) IRAM 0/252kB(lfb 252kB) CPU [6%@921,7%@921,off,off] EMC_FREQ 0%@1600 GR3D_FREQ 0%@614 APE 25 PLL@29.5C CPU@32C iwlwifi@32C PMIC@50C GPU@30C AO@41C thermal@30.75C POM_5V_IN 2215/2070 POM_5V_GPU 82/82 POM_5V_CPU 574/458
RAM 1386/3964MB (lfb 8x4MB) SWAP 765/6078MB (cached 37MB) IRAM 0/252kB(lfb 252kB) CPU [7%@921,7%@921,off,off] EMC_FREQ 0%@1600 GR3D_FREQ 0%@614 APE 25 PLL@29.5C CPU@31.5C iwlwifi@32C PMIC@50C GPU@30C AO@41C thermal@30.5C POM_5V_IN 2170/2070 POM_5V_GPU 81/82 POM_5V_CPU 573/458
RAM 1371/3964MB (lfb 8x4MB) SWAP 765/6078MB (cached 37MB) IRAM 0/252kB(lfb 252kB) CPU [9%@921,5%@921,off,off] EMC_FREQ 0%@1600 GR3D_FREQ 0%@614 APE 25 PLL@30C CPU@31.5C iwlwifi@32C PMIC@50C GPU@30C AO@41C thermal@30.5C POM_5V_IN 1934/2070 POM_5V_GPU 82/82 POM_5V_CPU 370/458
RAM 1389/3964MB (lfb 8x4MB) SWAP 765/6078MB (cached 37MB) IRAM 0/252kB(lfb 252kB) CPU [7%@921,5%@921,off,off] EMC_FREQ 0%@1600 GR3D_FREQ 0%@614 APE 25 PLL@29.5C CPU@31.5C iwlwifi@32C PMIC@50C GPU@29.5C AO@41C thermal@30.75C POM_5V_IN 2174/2070 POM_5V_GPU 82/82 POM_5V_CPU 574/458
RAM 1389/3964MB (lfb 8x4MB) SWAP 765/6078MB (cached 37MB) IRAM 0/252kB(lfb 252kB) CPU [6%@921,7%@921,off,off] EMC_FREQ 0%@1600 GR3D_FREQ 0%@614 APE 25 PLL@30C CPU@31.5C iwlwifi@32C PMIC@50C GPU@30C AO@41.5C thermal@30.75C POM_5V_IN 1934/2070 POM_5V_GPU 82/82 POM_5V_CPU 329/458
RAM 1389/3964MB (lfb 8x4MB) SWAP 765/6078MB (cached 37MB) IRAM 0/252kB(lfb 252kB) CPU [7%@921,7%@921,off,off] EMC_FREQ 0%@1600 GR3D_FREQ 0%@614 APE 25 PLL@29.5C CPU@31C iwlwifi@32C PMIC@50C GPU@30C AO@41C thermal@30.5C POM_5V_IN 1892/2069 POM_5V_GPU 82/82 POM_5V_CPU 288/458
RAM 1405/3964MB (lfb 8x4MB) SWAP 765/6078MB (cached 37MB) IRAM 0/252kB(lfb 252kB) CPU [7%@921,8%@921,off,off] EMC_FREQ 0%@1600 GR3D_FREQ 0%@614 APE 25 PLL@30C CPU@31.5C iwlwifi@32C PMIC@50C GPU@29.5C AO@41.5C thermal@30.75C POM_5V_IN 1975/2069 POM_5V_GPU 82/82 POM_5V_CPU 370/458
RAM 1400/3964MB (lfb 8x4MB) SWAP 765/6078MB (cached 37MB) IRAM 0/252kB(lfb 252kB) CPU [7%@921,9%@921,off,off] EMC_FREQ 0%@1600 GR3D_FREQ 0%@614 APE 25 PLL@30C CPU@31.5C iwlwifi@32C PMIC@50C GPU@30C AO@41C thermal@30.75C POM_5V_IN 1934/2069 POM_5V_GPU 82/82 POM_5V_CPU 329/458
RAM 1387/3964MB (lfb 8x4MB) SWAP 765/6078MB (cached 37MB) IRAM 0/252kB(lfb 252kB) CPU [6%@921,8%@921,off,off] EMC_FREQ 0%@1600 GR3D_FREQ 0%@614 APE 25 PLL@30C CPU@31.5C iwlwifi@32C PMIC@50C GPU@30C AO@41C thermal@30.75C POM_5V_IN 2054/2069 POM_5V_GPU 82/82 POM_5V_CPU 328/458
RAM 1371/3964MB (lfb 8x4MB) SWAP 765/6078MB (cached 37MB) IRAM 0/252kB(lfb 252kB) CPU [7%@921,8%@921,off,off] EMC_FREQ 0%@1600 GR3D_FREQ 0%@614 APE 25 PLL@30C CPU@31.5C iwlwifi@32C PMIC@50C GPU@30C AO@41C thermal@30.75C POM_5V_IN 2174/2069 POM_5V_GPU 82/82 POM_5V_CPU 533/458
RAM 1371/3964MB (lfb 8x4MB) SWAP 765/6078MB (cached 37MB) IRAM 0/252kB(lfb 252kB) CPU [6%@921,7%@921,off,off] EMC_FREQ 0%@1600 GR3D_FREQ 0%@614 APE 25 PLL@30C CPU@31.5C iwlwifi@32C PMIC@50C GPU@30C AO@41C thermal@30.75C POM_5V_IN 2215/2069 POM_5V_GPU 82/82 POM_5V_CPU 574/458
RAM 1372/3964MB (lfb 8x4MB) SWAP 765/6078MB (cached 37MB) IRAM 0/252kB(lfb 252kB) CPU [6%@921,7%@921,off,off] EMC_FREQ 0%@1600 GR3D_FREQ 0%@614 APE 25 PLL@30C CPU@31.5C iwlwifi@32C PMIC@50C GPU@30C AO@41C thermal@30.75C POM_5V_IN 2170/2069 POM_5V_GPU 81/82 POM_5V_CPU 573/458
RAM 1386/3964MB (lfb 8x4MB) SWAP 765/6078MB (cached 37MB) IRAM 0/252kB(lfb 252kB) CPU [6%@921,7%@921,off,off] EMC_FREQ 0%@1600 GR3D_FREQ 0%@614 APE 25 PLL@29.5C CPU@31.5C iwlwifi@32C PMIC@50C GPU@30C AO@41C thermal@30.75C POM_5V_IN 2174/2070 POM_5V_GPU 82/82 POM_5V_CPU 574/458
RAM 1371/3964MB (lfb 8x4MB) SWAP 765/6078MB (cached 37MB) IRAM 0/252kB(lfb 252kB) CPU [7%@921,6%@921,off,off] EMC_FREQ 0%@1600 GR3D_FREQ 0%@614 APE 25 PLL@29.5C CPU@32C iwlwifi@32C PMIC@50C GPU@30C AO@41C thermal@31C POM_5V_IN 1934/2069 POM_5V_GPU 82/82 POM_5V_CPU 329/458
RAM 1386/3964MB (lfb 8x4MB) SWAP 765/6078MB (cached 37MB) IRAM 0/252kB(lfb 252kB) CPU [6%@921,7%@921,off,off] EMC_FREQ 0%@1600 GR3D_FREQ 0%@614 APE 25 PLL@30C CPU@31.5C iwlwifi@32C PMIC@50C GPU@30C AO@41C thermal@31C POM_5V_IN 2174/2070 POM_5V_GPU 82/82 POM_5V_CPU 533/458
RAM 1389/3964MB (lfb 8x4MB) SWAP 765/6078MB (cached 37MB) IRAM 0/252kB(lfb 252kB) CPU [7%@921,7%@921,off,off] EMC_FREQ 0%@1600 GR3D_FREQ 0%@614 APE 25 PLL@30C CPU@31.5C iwlwifi@32C PMIC@50C GPU@30C AO@40.5C thermal@30.5C POM_5V_IN 1975/2069 POM_5V_GPU 82/82 POM_5V_CPU 369/458
RAM 1386/3964MB (lfb 8x4MB) SWAP 765/6078MB (cached 37MB) IRAM 0/252kB(lfb 252kB) CPU [6%@921,8%@921,off,off] EMC_FREQ 0%@1600 GR3D_FREQ 0%@614 APE 25 PLL@30C CPU@31.5C iwlwifi@32C PMIC@50C GPU@30C AO@41C thermal@30.5C POM_5V_IN 1934/2069 POM_5V_GPU 82/82 POM_5V_CPU 329/458
RAM 1381/3964MB (lfb 8x4MB) SWAP 765/6078MB (cached 37MB) IRAM 0/252kB(lfb 252kB) CPU [7%@921,7%@921,off,off] EMC_FREQ 0%@1600 GR3D_FREQ 0%@614 APE 25 PLL@30C CPU@31.5C iwlwifi@32C PMIC@50C GPU@30C AO@41C thermal@30.75C POM_5V_IN 1892/2069 POM_5V_GPU 82/82 POM_5V_CPU 329/458
RAM 1389/3964MB (lfb 8x4MB) SWAP 765/6078MB (cached 37MB) IRAM 0/252kB(lfb 252kB) CPU [6%@921,7%@921,off,off] EMC_FREQ 0%@1600 GR3D_FREQ 0%@614 APE 25 PLL@30C CPU@31.5C iwlwifi@32C PMIC@50C GPU@30C AO@41C thermal@30.75C POM_5V_IN 1772/2069 POM_5V_GPU 82/82 POM_5V_CPU 206/458
RAM 1387/3964MB (lfb 8x4MB) SWAP 765/6078MB (cached 37MB) IRAM 0/252kB(lfb 252kB) CPU [6%@921,7%@921,off,off] EMC_FREQ 0%@1600 GR3D_FREQ 0%@614 APE 25 PLL@30C CPU@31.5C iwlwifi@32C PMIC@50C GPU@30C AO@41C thermal@30.75C POM_5V_IN 1934/2069 POM_5V_GPU 82/82 POM_5V_CPU 329/458
RAM 1387/3964MB (lfb 8x4MB) SWAP 765/6078MB (cached 37MB) IRAM 0/252kB(lfb 252kB) CPU [7%@921,7%@921,off,off] EMC_FREQ 0%@1600 GR3D_FREQ 0%@614 APE 25 PLL@30C CPU@31.5C iwlwifi@32C PMIC@50C GPU@30C AO@41.5C thermal@30.75C POM_5V_IN 1892/2069 POM_5V_GPU 82/82 POM_5V_CPU 329/458
RAM 1372/3964MB (lfb 8x4MB) SWAP 765/6078MB (cached 37MB) IRAM 0/252kB(lfb 252kB) CPU [6%@921,7%@921,off,off] EMC_FREQ 0%@1600 GR3D_FREQ 0%@614 APE 25 PLL@30C CPU@31.5C iwlwifi@32C PMIC@50C GPU@30C AO@41.5C thermal@31C POM_5V_IN 2133/2069 POM_5V_GPU 82/82 POM_5V_CPU 574/458
RAM 1371/3964MB (lfb 8x4MB) SWAP 765/6078MB (cached 37MB) IRAM 0/252kB(lfb 252kB) CPU [7%@921,7%@921,off,off] EMC_FREQ 0%@1600 GR3D_FREQ 0%@614 APE 25 PLL@30C CPU@31.5C iwlwifi@32C PMIC@50C GPU@30C AO@41C thermal@30.75C POM_5V_IN 2174/2069 POM_5V_GPU 82/82 POM_5V_CPU 574/458
RAM 1371/3964MB (lfb 8x4MB) SWAP 765/6078MB (cached 37MB) IRAM 0/252kB(lfb 252kB) CPU [8%@921,5%@921,off,off] EMC_FREQ 0%@1600 GR3D_FREQ 0%@614 APE 25 PLL@30C CPU@32C iwlwifi@32C PMIC@50C GPU@30C AO@41C thermal@30.5C POM_5V_IN 2174/2069 POM_5V_GPU 82/82 POM_5V_CPU 574/458
RAM 1386/3964MB (lfb 8x4MB) SWAP 765/6078MB (cached 37MB) IRAM 0/252kB(lfb 252kB) CPU [5%@921,8%@921,off,off] EMC_FREQ 0%@1600 GR3D_FREQ 0%@614 APE 25 PLL@30C CPU@31.5C iwlwifi@32C PMIC@50C GPU@30C AO@41C thermal@30.75C POM_5V_IN 2174/2069 POM_5V_GPU 82/82 POM_5V_CPU 574/458
RAM 1363/3964MB (lfb 8x4MB) SWAP 765/6078MB (cached 37MB) IRAM 0/252kB(lfb 252kB) CPU [5%@921,8%@921,off,off] EMC_FREQ 0%@1600 GR3D_FREQ 0%@614 APE 25 PLL@29.5C CPU@31.5C iwlwifi@32C PMIC@50C GPU@30C AO@41C thermal@30.75C POM_5V_IN 1892/2069 POM_5V_GPU 82/82 POM_5V_CPU 329/458
RAM 1389/3964MB (lfb 8x4MB) SWAP 765/6078MB (cached 37MB) IRAM 0/252kB(lfb 252kB) CPU [7%@921,6%@921,off,off] EMC_FREQ 0%@1600 GR3D_FREQ 0%@614 APE 25 PLL@29.5C CPU@31.5C iwlwifi@32C PMIC@50C GPU@30C AO@41.5C thermal@30.5C POM_5V_IN 2174/2069 POM_5V_GPU 82/82 POM_5V_CPU 533/458
RAM 1389/3964MB (lfb 8x4MB) SWAP 765/6078MB (cached 37MB) IRAM 0/252kB(lfb 252kB) CPU [6%@921,8%@921,off,off] EMC_FREQ 0%@1600 GR3D_FREQ 0%@614 APE 25 PLL@30C CPU@31.5C iwlwifi@32C PMIC@50C GPU@30C AO@41C thermal@30.75C POM_5V_IN 1892/2069 POM_5V_GPU 82/82 POM_5V_CPU 329/458
RAM 1386/3964MB (lfb 8x4MB) SWAP 765/6078MB (cached 37MB) IRAM 0/252kB(lfb 252kB) CPU [5%@921,9%@921,off,off] EMC_FREQ 0%@1600 GR3D_FREQ 0%@614 APE 25 PLL@29.5C CPU@31.5C iwlwifi@32C PMIC@50C GPU@30C AO@41C thermal@30.5C POM_5V_IN 1934/2069 POM_5V_GPU 82/82 POM_5V_CPU 329/458
RAM 1385/3964MB (lfb 8x4MB) SWAP 765/6078MB (cached 37MB) IRAM 0/252kB(lfb 252kB) CPU [8%@921,7%@921,off,off] EMC_FREQ 0%@1600 GR3D_FREQ 0%@614 APE 25 PLL@30C CPU@31.5C iwlwifi@32C PMIC@50C GPU@30C AO@41C thermal@30.75C POM_5V_IN 1934/2069 POM_5V_GPU 82/82 POM_5V_CPU 370/458
RAM 1385/3964MB (lfb 8x4MB) SWAP 765/6078MB (cached 37MB) IRAM 0/252kB(lfb 252kB) CPU [7%@921,7%@921,off,off] EMC_FREQ 0%@1600 GR3D_FREQ 0%@614 APE 25 PLL@30C CPU@31.5C iwlwifi@32C PMIC@50C GPU@30C AO@40.5C thermal@30.5C POM_5V_IN 1975/2069 POM_5V_GPU 82/82 POM_5V_CPU 370/458
RAM 1387/3964MB (lfb 8x4MB) SWAP 765/6078MB (cached 37MB) IRAM 0/252kB(lfb 252kB) CPU [6%@921,8%@921,off,off] EMC_FREQ 0%@1600 GR3D_FREQ 0%@614 APE 25 PLL@29.5C CPU@31.5C iwlwifi@32C PMIC@50C GPU@30C AO@41C thermal@30.75C POM_5V_IN 2133/2069 POM_5V_GPU 82/82 POM_5V_CPU 533/458
RAM 1386/3964MB (lfb 8x4MB) SWAP 765/6078MB (cached 37MB) IRAM 0/252kB(lfb 252kB) CPU [7%@921,6%@921,off,off] EMC_FREQ 0%@1600 GR3D_FREQ 0%@614 APE 25 PLL@30C CPU@32C iwlwifi@32C PMIC@50C GPU@30C AO@41C thermal@30.75C POM_5V_IN 2375/2069 POM_5V_GPU 81/82 POM_5V_CPU 696/458
RAM 1371/3964MB (lfb 8x4MB) SWAP 765/6078MB (cached 37MB) IRAM 0/252kB(lfb 252kB) CPU [6%@921,8%@921,off,off] EMC_FREQ 0%@1600 GR3D_FREQ 0%@614 APE 25 PLL@29.5C CPU@31.5C iwlwifi@32C PMIC@50C GPU@30.5C AO@41C thermal@30.75C POM_5V_IN 2095/2069 POM_5V_GPU 82/82 POM_5V_CPU 451/458
RAM 1371/3964MB (lfb 8x4MB) SWAP 765/6078MB (cached 37MB) IRAM 0/252kB(lfb 252kB) CPU [6%@921,6%@921,off,off] EMC_FREQ 0%@1600 GR3D_FREQ 0%@614 APE 25 PLL@30C CPU@31.5C iwlwifi@32C PMIC@50C GPU@30C AO@41C thermal@31C POM_5V_IN 2174/2069 POM_5V_GPU 82/82 POM_5V_CPU 574/458
RAM 1386/3964MB (lfb 8x4MB) SWAP 765/6078MB (cached 37MB) IRAM 0/252kB(lfb 252kB) CPU [7%@921,7%@921,off,off] EMC_FREQ 0%@1600 GR3D_FREQ 0%@614 APE 25 PLL@30C CPU@31.5C iwlwifi@32C PMIC@50C GPU@30.5C AO@41C thermal@30.75C POM_5V_IN 2334/2069 POM_5V_GPU 81/82 POM_5V_CPU 614/458
RAM 1372/3964MB (lfb 8x4MB) SWAP 765/6078MB (cached 37MB) IRAM 0/252kB(lfb 252kB) CPU [6%@921,8%@921,off,off] EMC_FREQ 0%@1600 GR3D_FREQ 0%@614 APE 25 PLL@29.5C CPU@31.5C iwlwifi@32C PMIC@50C GPU@30C AO@41C thermal@30.75C POM_5V_IN 1892/2069 POM_5V_GPU 82/82 POM_5V_CPU 329/458
RAM 1388/3964MB (lfb 8x4MB) SWAP 765/6078MB (cached 37MB) IRAM 0/252kB(lfb 252kB) CPU [8%@921,5%@921,off,off] EMC_FREQ 0%@1600 GR3D_FREQ 0%@614 APE 25 PLL@29.5C CPU@32C iwlwifi@32C PMIC@50C GPU@30C AO@41C thermal@30.75C POM_5V_IN 2174/2069 POM_5V_GPU 82/82 POM_5V_CPU 533/458
RAM 1386/3964MB (lfb 8x4MB) SWAP 765/6078MB (cached 37MB) IRAM 0/252kB(lfb 252kB) CPU [8%@921,5%@921,off,off] EMC_FREQ 0%@1600 GR3D_FREQ 0%@614 APE 25 PLL@30C CPU@31.5C iwlwifi@32C PMIC@50C GPU@30C AO@41C thermal@31C POM_5V_IN 1975/2069 POM_5V_GPU 82/82 POM_5V_CPU 369/458
RAM 1371/3964MB (lfb 8x4MB) SWAP 765/6078MB (cached 37MB) IRAM 0/252kB(lfb 252kB) CPU [7%@921,8%@921,off,off] EMC_FREQ 0%@1600 GR3D_FREQ 0%@614 APE 25 PLL@30C CPU@31.5C iwlwifi@32C PMIC@50C GPU@30C AO@41.5C thermal@30.75C POM_5V_IN 2054/2069 POM_5V_GPU 82/82 POM_5V_CPU 493/458
RAM 1386/3964MB (lfb 8x4MB) SWAP 765/6078MB (cached 37MB) IRAM 0/252kB(lfb 252kB) CPU [7%@921,6%@921,off,off] EMC_FREQ 0%@1600 GR3D_FREQ 0%@614 APE 25 PLL@29.5C CPU@31.5C iwlwifi@33C PMIC@50C GPU@30C AO@41C thermal@30.5C POM_5V_IN 2174/2069 POM_5V_GPU 82/82 POM_5V_CPU 574/458
RAM 1389/3964MB (lfb 8x4MB) SWAP 765/6078MB (cached 37MB) IRAM 0/252kB(lfb 252kB) CPU [6%@921,8%@921,off,off] EMC_FREQ 0%@1600 GR3D_FREQ 0%@614 APE 25 PLL@30C CPU@31.5C iwlwifi@32C PMIC@50C GPU@30C AO@41C thermal@30.75C POM_5V_IN 2211/2069 POM_5V_GPU 81/82 POM_5V_CPU 573/458
RAM 1387/3964MB (lfb 8x4MB) SWAP 765/6078MB (cached 37MB) IRAM 0/252kB(lfb 252kB) CPU [7%@921,7%@921,off,off] EMC_FREQ 0%@1600 GR3D_FREQ 0%@614 APE 25 PLL@30C CPU@31.5C iwlwifi@32C PMIC@50C GPU@30C AO@41C thermal@30.75C POM_5V_IN 1892/2069 POM_5V_GPU 82/82 POM_5V_CPU 329/458
RAM 1390/3964MB (lfb 8x4MB) SWAP 765/6078MB (cached 37MB) IRAM 0/252kB(lfb 252kB) CPU [9%@921,4%@921,off,off] EMC_FREQ 0%@1600 GR3D_FREQ 0%@614 APE 25 PLL@30C CPU@31.5C iwlwifi@32C PMIC@50C GPU@30C AO@41C thermal@30.75C POM_5V_IN 2256/2069 POM_5V_GPU 82/82 POM_5V_CPU 615/458
RAM 1372/3964MB (lfb 8x4MB) SWAP 765/6078MB (cached 37MB) IRAM 0/252kB(lfb 252kB) CPU [5%@921,9%@921,off,off] EMC_FREQ 0%@1600 GR3D_FREQ 0%@614 APE 25 PLL@30.5C CPU@31.5C iwlwifi@32C PMIC@50C GPU@30C AO@40.5C thermal@30.75C POM_5V_IN 2256/2069 POM_5V_GPU 82/82 POM_5V_CPU 615/458
RAM 1371/3964MB (lfb 8x4MB) SWAP 765/6078MB (cached 37MB) IRAM 0/252kB(lfb 252kB) CPU [7%@921,7%@921,off,off] EMC_FREQ 0%@1600 GR3D_FREQ 0%@614 APE 25 PLL@30C CPU@31.5C iwlwifi@32C PMIC@50C GPU@30C AO@41C thermal@30.75C POM_5V_IN 2215/2069 POM_5V_GPU 82/82 POM_5V_CPU 574/458
RAM 1379/3964MB (lfb 8x4MB) SWAP 765/6078MB (cached 37MB) IRAM 0/252kB(lfb 252kB) CPU [8%@921,6%@921,off,off] EMC_FREQ 0%@1600 GR3D_FREQ 0%@614 APE 25 PLL@30C CPU@31.5C iwlwifi@32C PMIC@50C GPU@30C AO@41C thermal@30.75C POM_5V_IN 2215/2070 POM_5V_GPU 82/82 POM_5V_CPU 574/458
RAM 1372/3964MB (lfb 8x4MB) SWAP 765/6078MB (cached 37MB) IRAM 0/252kB(lfb 252kB) CPU [7%@921,6%@921,off,off] EMC_FREQ 0%@1600 GR3D_FREQ 0%@614 APE 25 PLL@29.5C CPU@31.5C iwlwifi@32C PMIC@50C GPU@30C AO@40.5C thermal@30.75C POM_5V_IN 1731/2069 POM_5V_GPU 82/82 POM_5V_CPU 164/458
RAM 1387/3964MB (lfb 8x4MB) SWAP 765/6078MB (cached 37MB) IRAM 0/252kB(lfb 252kB) CPU [7%@921,6%@921,off,off] EMC_FREQ 0%@1600 GR3D_FREQ 0%@614 APE 25 PLL@30C CPU@31.5C iwlwifi@32C PMIC@50C GPU@30C AO@41C thermal@30.25C POM_5V_IN 2174/2069 POM_5V_GPU 82/82 POM_5V_CPU 574/458
RAM 1371/3964MB (lfb 8x4MB) SWAP 765/6078MB (cached 37MB) IRAM 0/252kB(lfb 252kB) CPU [6%@921,8%@921,off,off] EMC_FREQ 0%@1600 GR3D_FREQ 0%@614 APE 25 PLL@30C CPU@31.5C iwlwifi@32C PMIC@50C GPU@30C AO@41C thermal@30.75C POM_5V_IN 1892/2069 POM_5V_GPU 82/82 POM_5V_CPU 329/458
RAM 1386/3964MB (lfb 8x4MB) SWAP 765/6078MB (cached 37MB) IRAM 0/252kB(lfb 252kB) CPU [5%@921,8%@921,off,off] EMC_FREQ 0%@1600 GR3D_FREQ 0%@614 APE 25 PLL@30C CPU@31.5C iwlwifi@32C PMIC@50C GPU@30C AO@41C thermal@30.5C POM_5V_IN 2174/2069 POM_5V_GPU 82/82 POM_5V_CPU 574/458
RAM 1387/3964MB (lfb 8x4MB) SWAP 765/6078MB (cached 37MB) IRAM 0/252kB(lfb 252kB) CPU [5%@921,8%@921,off,off] EMC_FREQ 0%@1600 GR3D_FREQ 0%@614 APE 25 PLL@30C CPU@31.5C iwlwifi@32C PMIC@50C GPU@30C AO@40.5C thermal@30.75C POM_5V_IN 1934/2069 POM_5V_GPU 82/82 POM_5V_CPU 329/458
RAM 1386/3964MB (lfb 8x4MB) SWAP 765/6078MB (cached 37MB) IRAM 0/252kB(lfb 252kB) CPU [6%@921,7%@921,off,off] EMC_FREQ 0%@1600 GR3D_FREQ 0%@614 APE 25 PLL@30C CPU@31.5C iwlwifi@32C PMIC@50C GPU@30C AO@41C thermal@30.75C POM_5V_IN 1934/2069 POM_5V_GPU 82/82 POM_5V_CPU 329/458
RAM 1385/3964MB (lfb 8x4MB) SWAP 765/6078MB (cached 37MB) IRAM 0/252kB(lfb 252kB) CPU [9%@921,5%@921,off,off] EMC_FREQ 0%@1600 GR3D_FREQ 0%@614 APE 25 PLL@30C CPU@31.5C iwlwifi@32C PMIC@50C GPU@30C AO@41C thermal@30.5C POM_5V_IN 1934/2069 POM_5V_GPU 82/82 POM_5V_CPU 370/458
RAM 1386/3964MB (lfb 8x4MB) SWAP 765/6078MB (cached 37MB) IRAM 0/252kB(lfb 252kB) CPU [5%@921,8%@921,off,off] EMC_FREQ 0%@1600 GR3D_FREQ 0%@614 APE 25 PLL@30C CPU@31.5C iwlwifi@32C PMIC@50C GPU@30C AO@41C thermal@31C POM_5V_IN 1931/2069 POM_5V_GPU 82/82 POM_5V_CPU 369/458
RAM 1392/3964MB (lfb 8x4MB) SWAP 765/6078MB (cached 37MB) IRAM 0/252kB(lfb 252kB) CPU [9%@921,4%@921,off,off] EMC_FREQ 0%@1600 GR3D_FREQ 0%@614 APE 25 PLL@30C CPU@32C iwlwifi@32C PMIC@50C GPU@30C AO@41C thermal@30.25C POM_5V_IN 2215/2069 POM_5V_GPU 82/82 POM_5V_CPU 533/458
RAM 1371/3964MB (lfb 8x4MB) SWAP 765/6078MB (cached 37MB) IRAM 0/252kB(lfb 252kB) CPU [7%@921,7%@921,off,off] EMC_FREQ 0%@1600 GR3D_FREQ 0%@614 APE 25 PLL@30C CPU@32C iwlwifi@32C PMIC@50C GPU@30C AO@41C thermal@31C POM_5V_IN 2297/2069 POM_5V_GPU 82/82 POM_5V_CPU 655/458
RAM 1371/3964MB (lfb 8x4MB) SWAP 765/6078MB (cached 37MB) IRAM 0/252kB(lfb 252kB) CPU [6%@921,7%@921,off,off] EMC_FREQ 0%@1600 GR3D_FREQ 0%@614 APE 25 PLL@30C CPU@32C iwlwifi@32C PMIC@50C GPU@30.5C AO@41C thermal@30.75C POM_5V_IN 2215/2069 POM_5V_GPU 82/82 POM_5V_CPU 574/458
RAM 1388/3964MB (lfb 8x4MB) SWAP 765/6078MB (cached 37MB) IRAM 0/252kB(lfb 252kB) CPU [8%@921,4%@921,off,off] EMC_FREQ 0%@1600 GR3D_FREQ 0%@614 APE 25 PLL@30C CPU@31.5C iwlwifi@32C PMIC@50C GPU@30.5C AO@40.5C thermal@30.75C POM_5V_IN 2174/2069 POM_5V_GPU 82/82 POM_5V_CPU 533/458
RAM 1371/3964MB (lfb 8x4MB) SWAP 765/6078MB (cached 37MB) IRAM 0/252kB(lfb 252kB) CPU [6%@921,8%@921,off,off] EMC_FREQ 0%@1600 GR3D_FREQ 0%@614 APE 25 PLL@30C CPU@31.5C iwlwifi@32C PMIC@50C GPU@30.5C AO@41C thermal@30.75C POM_5V_IN 1934/2069 POM_5V_GPU 82/82 POM_5V_CPU 370/458
RAM 1388/3964MB (lfb 8x4MB) SWAP 765/6078MB (cached 37MB) IRAM 0/252kB(lfb 252kB) CPU [5%@921,8%@921,off,off] EMC_FREQ 0%@1600 GR3D_FREQ 0%@614 APE 25 PLL@30C CPU@31.5C iwlwifi@32C PMIC@50C GPU@30C AO@41C thermal@30.25C POM_5V_IN 2174/2069 POM_5V_GPU 82/82 POM_5V_CPU 533/458
RAM 1371/3964MB (lfb 8x4MB) SWAP 765/6078MB (cached 37MB) IRAM 0/252kB(lfb 252kB) CPU [8%@921,6%@921,off,off] EMC_FREQ 0%@1600 GR3D_FREQ 0%@614 APE 25 PLL@30C CPU@31.5C iwlwifi@32C PMIC@50C GPU@30C AO@41C thermal@30.5C POM_5V_IN 1934/2069 POM_5V_GPU 82/82 POM_5V_CPU 329/458
RAM 1389/3964MB (lfb 8x4MB) SWAP 765/6078MB (cached 37MB) IRAM 0/252kB(lfb 252kB) CPU [7%@921,6%@921,off,off] EMC_FREQ 0%@1600 GR3D_FREQ 0%@614 APE 25 PLL@30C CPU@31C iwlwifi@32C PMIC@50C GPU@30C AO@41C thermal@30.75C POM_5V_IN 2174/2069 POM_5V_GPU 82/82 POM_5V_CPU 574/458
RAM 1385/3964MB (lfb 8x4MB) SWAP 765/6078MB (cached 37MB) IRAM 0/252kB(lfb 252kB) CPU [8%@921,5%@921,off,off] EMC_FREQ 0%@1600 GR3D_FREQ 0%@614 APE 25 PLL@30C CPU@31.5C iwlwifi@32C PMIC@50C GPU@30C AO@41C thermal@30.75C POM_5V_IN 1934/2069 POM_5V_GPU 82/82 POM_5V_CPU 329/458
RAM 1385/3964MB (lfb 8x4MB) SWAP 765/6078MB (cached 37MB) IRAM 0/252kB(lfb 252kB) CPU [6%@921,8%@921,off,off] EMC_FREQ 0%@1600 GR3D_FREQ 0%@614 APE 25 PLL@30C CPU@31.5C iwlwifi@32C PMIC@50C GPU@30C AO@41C thermal@30.5C POM_5V_IN 1934/2069 POM_5V_GPU 82/82 POM_5V_CPU 329/458
RAM 1387/3964MB (lfb 8x4MB) SWAP 765/6078MB (cached 37MB) IRAM 0/252kB(lfb 252kB) CPU [7%@921,7%@921,off,off] EMC_FREQ 0%@1600 GR3D_FREQ 0%@614 APE 25 PLL@29.5C CPU@31C iwlwifi@32C PMIC@50C GPU@29.5C AO@41C thermal@30.5C POM_5V_IN 1890/2069 POM_5V_GPU 82/82 POM_5V_CPU 328/458
RAM 1386/3964MB (lfb 8x4MB) SWAP 765/6078MB (cached 37MB) IRAM 0/252kB(lfb 252kB) CPU [6%@921,7%@921,off,off] EMC_FREQ 0%@1600 GR3D_FREQ 0%@614 APE 25 PLL@29.5C CPU@31.5C iwlwifi@32C PMIC@50C GPU@30C AO@41C thermal@30.75C POM_5V_IN 2095/2069 POM_5V_GPU 82/82 POM_5V_CPU 492/458
RAM 1371/3964MB (lfb 8x4MB) SWAP 765/6078MB (cached 37MB) IRAM 0/252kB(lfb 252kB) CPU [7%@921,7%@921,off,off] EMC_FREQ 0%@1600 GR3D_FREQ 0%@614 APE 25 PLL@30C CPU@31.5C iwlwifi@32C PMIC@50C GPU@30C AO@41C thermal@30.5C POM_5V_IN 2297/2069 POM_5V_GPU 82/82 POM_5V_CPU 655/458
RAM 1371/3964MB (lfb 8x4MB) SWAP 765/6078MB (cached 37MB) IRAM 0/252kB(lfb 252kB) CPU [7%@921,7%@921,off,off] EMC_FREQ 0%@1600 GR3D_FREQ 0%@614 APE 25 PLL@30C CPU@32C iwlwifi@32C PMIC@50C GPU@30C AO@41C thermal@30.5C POM_5V_IN 2215/2069 POM_5V_GPU 82/82 POM_5V_CPU 574/458
RAM 1371/3964MB (lfb 8x4MB) SWAP 765/6078MB (cached 37MB) IRAM 0/252kB(lfb 252kB) CPU [10%@921,4%@921,off,off] EMC_FREQ 0%@1600 GR3D_FREQ 0%@614 APE 25 PLL@30C CPU@31.5C iwlwifi@32C PMIC@50C GPU@30C AO@41C thermal@30.75C POM_5V_IN 2170/2069 POM_5V_GPU 81/82 POM_5V_CPU 573/458
RAM 1387/3964MB (lfb 8x4MB) SWAP 765/6078MB (cached 37MB) IRAM 0/252kB(lfb 252kB) CPU [6%@921,7%@921,off,off] EMC_FREQ 0%@1600 GR3D_FREQ 0%@614 APE 25 PLL@30C CPU@31.5C iwlwifi@32C PMIC@50C GPU@30C AO@41C thermal@30.75C POM_5V_IN 2174/2069 POM_5V_GPU 82/82 POM_5V_CPU 574/458
RAM 1363/3964MB (lfb 8x4MB) SWAP 765/6078MB (cached 37MB) IRAM 0/252kB(lfb 252kB) CPU [6%@921,10%@921,off,off] EMC_FREQ 0%@1600 GR3D_FREQ 0%@614 APE 25 PLL@29.5C CPU@31.5C iwlwifi@32C PMIC@50C GPU@29.5C AO@41C thermal@30.75C POM_5V_IN 1934/2069 POM_5V_GPU 82/82 POM_5V_CPU 329/458
RAM 1385/3964MB (lfb 8x4MB) SWAP 765/6078MB (cached 37MB) IRAM 0/252kB(lfb 252kB) CPU [7%@921,5%@921,off,off] EMC_FREQ 0%@1600 GR3D_FREQ 0%@614 APE 25 PLL@29.5C CPU@31.5C iwlwifi@32C PMIC@50C GPU@30C AO@41C thermal@30.75C POM_5V_IN 2133/2069 POM_5V_GPU 82/82 POM_5V_CPU 574/458
RAM 1389/3964MB (lfb 8x4MB) SWAP 765/6078MB (cached 37MB) IRAM 0/252kB(lfb 252kB) CPU [7%@921,6%@921,off,off] EMC_FREQ 0%@1600 GR3D_FREQ 0%@614 APE 25 PLL@30C CPU@31.5C iwlwifi@32C PMIC@50C GPU@30C AO@41C thermal@30.75C POM_5V_IN 1934/2069 POM_5V_GPU 82/82 POM_5V_CPU 370/458
RAM 1387/3964MB (lfb 8x4MB) SWAP 765/6078MB (cached 37MB) IRAM 0/252kB(lfb 252kB) CPU [10%@921,5%@921,off,off] EMC_FREQ 0%@1600 GR3D_FREQ 0%@614 APE 25 PLL@30C CPU@31.5C iwlwifi@32C PMIC@50C GPU@30C AO@41C thermal@30.75C POM_5V_IN 2174/2069 POM_5V_GPU 82/82 POM_5V_CPU 574/458
RAM 1387/3964MB (lfb 8x4MB) SWAP 765/6078MB (cached 37MB) IRAM 0/252kB(lfb 252kB) CPU [8%@921,5%@921,off,off] EMC_FREQ 0%@1600 GR3D_FREQ 0%@614 APE 25 PLL@29.5C CPU@31.5C iwlwifi@32C PMIC@50C GPU@30C AO@41C thermal@30.75C POM_5V_IN 1934/2069 POM_5V_GPU 82/82 POM_5V_CPU 329/458
RAM 1389/3964MB (lfb 8x4MB) SWAP 765/6078MB (cached 37MB) IRAM 0/252kB(lfb 252kB) CPU [7%@921,7%@921,off,off] EMC_FREQ 0%@1600 GR3D_FREQ 0%@614 APE 25 PLL@30C CPU@31.5C iwlwifi@32C PMIC@50C GPU@30C AO@40.5C thermal@30.75C POM_5V_IN 1934/2069 POM_5V_GPU 82/82 POM_5V_CPU 329/458
RAM 1385/3964MB (lfb 8x4MB) SWAP 765/6078MB (cached 37MB) IRAM 0/252kB(lfb 252kB) CPU [7%@921,7%@921,off,off] EMC_FREQ 0%@1600 GR3D_FREQ 0%@614 APE 25 PLL@30C CPU@31.5C iwlwifi@32C PMIC@50C GPU@30C AO@41C thermal@30.75C POM_5V_IN 1975/2069 POM_5V_GPU 82/82 POM_5V_CPU 370/458
RAM 1387/3964MB (lfb 8x4MB) SWAP 765/6078MB (cached 37MB) IRAM 0/252kB(lfb 252kB) CPU [7%@921,6%@921,off,off] EMC_FREQ 0%@1600 GR3D_FREQ 0%@614 APE 25 PLL@30C CPU@31.5C iwlwifi@32C PMIC@50C GPU@30C AO@40.5C thermal@30.5C POM_5V_IN 2256/2069 POM_5V_GPU 82/82 POM_5V_CPU 574/458
RAM 1371/3964MB (lfb 8x4MB) SWAP 765/6078MB (cached 37MB) IRAM 0/252kB(lfb 252kB) CPU [5%@921,9%@921,off,off] EMC_FREQ 0%@1600 GR3D_FREQ 0%@614 APE 25 PLL@30C CPU@31.5C iwlwifi@32C PMIC@50C GPU@30C AO@41C thermal@30.75C POM_5V_IN 2136/2069 POM_5V_GPU 82/82 POM_5V_CPU 493/458
RAM 1371/3964MB (lfb 8x4MB) SWAP 765/6078MB (cached 37MB) IRAM 0/252kB(lfb 252kB) CPU [7%@921,7%@921,off,off] EMC_FREQ 0%@1600 GR3D_FREQ 0%@614 APE 25 PLL@30C CPU@31.5C iwlwifi@32C PMIC@50C GPU@30C AO@41C thermal@30.75C POM_5V_IN 2174/2069 POM_5V_GPU 82/82 POM_5V_CPU 574/458
RAM 1371/3964MB (lfb 8x4MB) SWAP 765/6078MB (cached 37MB) IRAM 0/252kB(lfb 252kB) CPU [8%@921,5%@921,off,off] EMC_FREQ 0%@1600 GR3D_FREQ 0%@614 APE 25 PLL@30.5C CPU@31.5C iwlwifi@32C PMIC@50C GPU@30C AO@41C thermal@30.75C POM_5V_IN 2174/2069 POM_5V_GPU 82/82 POM_5V_CPU 533/458
RAM 1385/3964MB (lfb 8x4MB) SWAP 765/6078MB (cached 37MB) IRAM 0/252kB(lfb 252kB) CPU [5%@921,8%@921,off,off] EMC_FREQ 0%@1600 GR3D_FREQ 0%@614 APE 25 PLL@30C CPU@31.5C iwlwifi@32C PMIC@50C GPU@30C AO@41C thermal@30.5C POM_5V_IN 2215/2070 POM_5V_GPU 82/82 POM_5V_CPU 574/458
RAM 1370/3964MB (lfb 8x4MB) SWAP 765/6078MB (cached 37MB) IRAM 0/252kB(lfb 252kB) CPU [5%@921,9%@921,off,off] EMC_FREQ 0%@1600 GR3D_FREQ 0%@614 APE 25 PLL@30C CPU@31C iwlwifi@32C PMIC@50C GPU@30C AO@41C thermal@30.75C POM_5V_IN 1934/2069 POM_5V_GPU 82/82 POM_5V_CPU 370/458
RAM 1385/3964MB (lfb 8x4MB) SWAP 765/6078MB (cached 37MB) IRAM 0/252kB(lfb 252kB) CPU [7%@921,7%@921,off,off] EMC_FREQ 0%@1600 GR3D_FREQ 0%@614 APE 25 PLL@30C CPU@31.5C iwlwifi@32C PMIC@50C GPU@30C AO@41C thermal@30.75C POM_5V_IN 2174/2070 POM_5V_GPU 82/82 POM_5V_CPU 574/458
RAM 1389/3964MB (lfb 8x4MB) SWAP 765/6078MB (cached 37MB) IRAM 0/252kB(lfb 252kB) CPU [5%@921,8%@921,off,off] EMC_FREQ 0%@1600 GR3D_FREQ 0%@614 APE 25 PLL@30C CPU@31.5C iwlwifi@32C PMIC@50C GPU@30C AO@41C thermal@30.75C POM_5V_IN 1931/2069 POM_5V_GPU 82/82 POM_5V_CPU 328/458
RAM 1387/3964MB (lfb 8x4MB) SWAP 765/6078MB (cached 37MB) IRAM 0/252kB(lfb 252kB) CPU [8%@921,6%@921,off,off] EMC_FREQ 0%@1600 GR3D_FREQ 0%@614 APE 25 PLL@29.5C CPU@31.5C iwlwifi@32C PMIC@50C GPU@30C AO@41C thermal@31C POM_5V_IN 1892/2069 POM_5V_GPU 82/82 POM_5V_CPU 288/458
RAM 1385/3964MB (lfb 8x4MB) SWAP 765/6078MB (cached 37MB) IRAM 0/252kB(lfb 252kB) CPU [6%@921,8%@921,off,off] EMC_FREQ 0%@1600 GR3D_FREQ 0%@614 APE 25 PLL@30C CPU@31.5C iwlwifi@32C PMIC@50C GPU@30C AO@41C thermal@30.75C POM_5V_IN 1934/2069 POM_5V_GPU 82/82 POM_5V_CPU 329/458
RAM 1389/3964MB (lfb 8x4MB) SWAP 765/6078MB (cached 37MB) IRAM 0/252kB(lfb 252kB) CPU [6%@921,7%@921,off,off] EMC_FREQ 0%@1600 GR3D_FREQ 0%@614 APE 25 PLL@30C CPU@31.5C iwlwifi@32C PMIC@50C GPU@30C AO@41C thermal@30.25C POM_5V_IN 1975/2069 POM_5V_GPU 82/82 POM_5V_CPU 370/458
RAM 1385/3964MB (lfb 8x4MB) SWAP 765/6078MB (cached 37MB) IRAM 0/252kB(lfb 252kB) CPU [7%@921,6%@921,off,off] EMC_FREQ 0%@1600 GR3D_FREQ 0%@614 APE 25 PLL@29.5C CPU@31.5C iwlwifi@32C PMIC@50C GPU@30C AO@41C thermal@30.75C POM_5V_IN 1934/2069 POM_5V_GPU 82/82 POM_5V_CPU 369/458
RAM 1371/3964MB (lfb 8x4MB) SWAP 765/6078MB (cached 37MB) IRAM 0/252kB(lfb 252kB) CPU [10%@921,3%@921,off,off] EMC_FREQ 0%@1600 GR3D_FREQ 0%@614 APE 25 PLL@30C CPU@31.5C iwlwifi@32C PMIC@50C GPU@30C AO@41C thermal@30.5C POM_5V_IN 2297/2069 POM_5V_GPU 81/82 POM_5V_CPU 655/458
RAM 1371/3964MB (lfb 8x4MB) SWAP 765/6078MB (cached 37MB) IRAM 0/252kB(lfb 252kB) CPU [9%@921,4%@921,off,off] EMC_FREQ 0%@1600 GR3D_FREQ 0%@614 APE 25 PLL@30C CPU@31.5C iwlwifi@32C PMIC@50C GPU@29.5C AO@41C thermal@30.5C POM_5V_IN 2211/2069 POM_5V_GPU 81/82 POM_5V_CPU 573/458
RAM 1371/3964MB (lfb 8x4MB) SWAP 765/6078MB (cached 37MB) IRAM 0/252kB(lfb 252kB) CPU [7%@921,7%@921,off,off] EMC_FREQ 0%@1600 GR3D_FREQ 0%@614 APE 25 PLL@30C CPU@31.5C iwlwifi@32C PMIC@50C GPU@30C AO@41C thermal@30.75C POM_5V_IN 2174/2069 POM_5V_GPU 82/82 POM_5V_CPU 574/458
RAM 1385/3964MB (lfb 8x4MB) SWAP 765/6078MB (cached 37MB) IRAM 0/252kB(lfb 252kB) CPU [6%@921,7%@921,off,off] EMC_FREQ 0%@1600 GR3D_FREQ 0%@614 APE 25 PLL@30.5C CPU@31.5C iwlwifi@32C PMIC@50C GPU@30C AO@41C thermal@30.5C POM_5V_IN 2174/2069 POM_5V_GPU 82/82 POM_5V_CPU 574/458
RAM 1371/3964MB (lfb 8x4MB) SWAP 765/6078MB (cached 37MB) IRAM 0/252kB(lfb 252kB) CPU [6%@921,8%@921,off,off] EMC_FREQ 0%@1600 GR3D_FREQ 0%@614 APE 25 PLL@30C CPU@31.5C iwlwifi@32C PMIC@50C GPU@30C AO@41C thermal@30.75C POM_5V_IN 1934/2069 POM_5V_GPU 82/82 POM_5V_CPU 329/458
RAM 1389/3964MB (lfb 8x4MB) SWAP 765/6078MB (cached 37MB) IRAM 0/252kB(lfb 252kB) CPU [5%@921,9%@921,off,off] EMC_FREQ 0%@1600 GR3D_FREQ 0%@614 APE 25 PLL@29.5C CPU@31.5C iwlwifi@32C PMIC@50C GPU@30C AO@41C thermal@30.75C POM_5V_IN 2174/2069 POM_5V_GPU 82/82 POM_5V_CPU 574/458
RAM 1386/3964MB (lfb 8x4MB) SWAP 765/6078MB (cached 37MB) IRAM 0/252kB(lfb 252kB) CPU [10%@921,4%@921,off,off] EMC_FREQ 0%@1600 GR3D_FREQ 0%@614 APE 25 PLL@29.5C CPU@31.5C iwlwifi@32C PMIC@50C GPU@30C AO@41C thermal@30.5C POM_5V_IN 1892/2069 POM_5V_GPU 82/82 POM_5V_CPU 288/458
RAM 1387/3964MB (lfb 8x4MB) SWAP 765/6078MB (cached 37MB) IRAM 0/252kB(lfb 252kB) CPU [5%@921,9%@921,off,off] EMC_FREQ 0%@1600 GR3D_FREQ 0%@614 APE 25 PLL@30C CPU@31C iwlwifi@32C PMIC@50C GPU@30C AO@40.5C thermal@30.5C POM_5V_IN 1934/2069 POM_5V_GPU 82/82 POM_5V_CPU 329/458
RAM 1385/3964MB (lfb 8x4MB) SWAP 765/6078MB (cached 37MB) IRAM 0/252kB(lfb 252kB) CPU [6%@921,7%@921,off,off] EMC_FREQ 0%@1600 GR3D_FREQ 0%@614 APE 25 PLL@30C CPU@31.5C iwlwifi@32C PMIC@50C GPU@29.5C AO@41C thermal@30.5C POM_5V_IN 1934/2069 POM_5V_GPU 82/82 POM_5V_CPU 329/458
RAM 1387/3964MB (lfb 8x4MB) SWAP 765/6078MB (cached 37MB) IRAM 0/252kB(lfb 252kB) CPU [8%@921,6%@921,off,off] EMC_FREQ 0%@1600 GR3D_FREQ 0%@614 APE 25 PLL@29.5C CPU@31.5C iwlwifi@32C PMIC@50C GPU@30C AO@41C thermal@30.75C POM_5V_IN 1892/2069 POM_5V_GPU 82/82 POM_5V_CPU 329/458
RAM 1387/3964MB (lfb 8x4MB) SWAP 765/6078MB (cached 37MB) IRAM 0/252kB(lfb 252kB) CPU [5%@921,8%@921,off,off] EMC_FREQ 0%@1600 GR3D_FREQ 0%@614 APE 25 PLL@29.5C CPU@31C iwlwifi@32C PMIC@50C GPU@30C AO@41C thermal@30.75C POM_5V_IN 1934/2069 POM_5V_GPU 82/82 POM_5V_CPU 329/458
RAM 1385/3964MB (lfb 8x4MB) SWAP 765/6078MB (cached 37MB) IRAM 0/252kB(lfb 252kB) CPU [7%@921,7%@921,off,off] EMC_FREQ 0%@1600 GR3D_FREQ 0%@614 APE 25 PLL@30C CPU@31.5C iwlwifi@32C PMIC@50C GPU@29.5C AO@41C thermal@30.25C POM_5V_IN 2252/2069 POM_5V_GPU 81/82 POM_5V_CPU 614/458
RAM 1371/3964MB (lfb 8x4MB) SWAP 765/6078MB (cached 37MB) IRAM 0/252kB(lfb 252kB) CPU [7%@921,7%@921,off,off] EMC_FREQ 0%@1600 GR3D_FREQ 0%@614 APE 25 PLL@30C CPU@31.5C iwlwifi@32C PMIC@50C GPU@29.5C AO@40.5C thermal@30.5C POM_5V_IN 2256/2069 POM_5V_GPU 82/82 POM_5V_CPU 614/458
RAM 1371/3964MB (lfb 8x4MB) SWAP 765/6078MB (cached 37MB) IRAM 0/252kB(lfb 252kB) CPU [10%@921,4%@921,off,off] EMC_FREQ 0%@1600 GR3D_FREQ 0%@614 APE 25 PLL@29.5C CPU@32C iwlwifi@32C PMIC@50C GPU@30C AO@41C thermal@30.75C POM_5V_IN 2174/2069 POM_5V_GPU 82/82 POM_5V_CPU 533/458
RAM 1371/3964MB (lfb 8x4MB) SWAP 765/6078MB (cached 37MB) IRAM 0/252kB(lfb 252kB) CPU [7%@921,7%@921,off,off] EMC_FREQ 0%@1600 GR3D_FREQ 0%@614 APE 25 PLL@30C CPU@31C iwlwifi@32C PMIC@50C GPU@30C AO@40.5C thermal@30.5C POM_5V_IN 2174/2069 POM_5V_GPU 82/82 POM_5V_CPU 574/458
RAM 1387/3964MB (lfb 8x4MB) SWAP 765/6078MB (cached 37MB) IRAM 0/252kB(lfb 252kB) CPU [7%@921,5%@921,off,off] EMC_FREQ 0%@1600 GR3D_FREQ 0%@614 APE 25 PLL@30C CPU@32C iwlwifi@32C PMIC@50C GPU@30C AO@41C thermal@30.75C POM_5V_IN 2174/2069 POM_5V_GPU 82/82 POM_5V_CPU 574/458
RAM 1371/3964MB (lfb 8x4MB) SWAP 765/6078MB (cached 37MB) IRAM 0/252kB(lfb 252kB) CPU [7%@921,8%@921,off,off] EMC_FREQ 0%@1600 GR3D_FREQ 0%@614 APE 25 PLL@29.5C CPU@31.5C iwlwifi@32C PMIC@50C GPU@30C AO@40.5C thermal@30.5C POM_5V_IN 2133/2069 POM_5V_GPU 82/82 POM_5V_CPU 574/458
RAM 1385/3964MB (lfb 8x4MB) SWAP 765/6078MB (cached 37MB) IRAM 0/252kB(lfb 252kB) CPU [10%@921,3%@921,off,off] EMC_FREQ 0%@1600 GR3D_FREQ 0%@614 APE 25 PLL@29.5C CPU@31.5C iwlwifi@32C PMIC@50C GPU@30C AO@41C thermal@30.75C POM_5V_IN 2174/2069 POM_5V_GPU 82/82 POM_5V_CPU 574/458
RAM 1388/3964MB (lfb 8x4MB) SWAP 765/6078MB (cached 37MB) IRAM 0/252kB(lfb 252kB) CPU [6%@921,8%@921,off,off] EMC_FREQ 0%@1600 GR3D_FREQ 0%@614 APE 25 PLL@29.5C CPU@31C iwlwifi@32C PMIC@50C GPU@30C AO@41C thermal@30.5C POM_5V_IN 1934/2069 POM_5V_GPU 82/82 POM_5V_CPU 329/458
RAM 1389/3964MB (lfb 8x4MB) SWAP 765/6078MB (cached 37MB) IRAM 0/252kB(lfb 252kB) CPU [7%@921,6%@921,off,off] EMC_FREQ 0%@1600 GR3D_FREQ 0%@614 APE 25 PLL@30C CPU@31C iwlwifi@32C PMIC@50C GPU@30C AO@41C thermal@30.75C POM_5V_IN 1934/2069 POM_5V_GPU 82/82 POM_5V_CPU 329/458
RAM 1389/3964MB (lfb 8x4MB) SWAP 765/6078MB (cached 37MB) IRAM 0/252kB(lfb 252kB) CPU [7%@921,6%@921,off,off] EMC_FREQ 0%@1600 GR3D_FREQ 0%@614 APE 25 PLL@29.5C CPU@31.5C iwlwifi@32C PMIC@50C GPU@30C AO@41C thermal@30.5C POM_5V_IN 1934/2069 POM_5V_GPU 82/82 POM_5V_CPU 329/458
RAM 1387/3964MB (lfb 8x4MB) SWAP 765/6078MB (cached 37MB) IRAM 0/252kB(lfb 252kB) CPU [7%@921,6%@921,off,off] EMC_FREQ 0%@1600 GR3D_FREQ 0%@614 APE 25 PLL@30C CPU@31C iwlwifi@32C PMIC@50C GPU@30C AO@41C thermal@30.75C POM_5V_IN 1934/2069 POM_5V_GPU 82/82 POM_5V_CPU 329/458
RAM 1388/3964MB (lfb 8x4MB) SWAP 765/6078MB (cached 37MB) IRAM 0/252kB(lfb 252kB) CPU [6%@921,8%@921,off,off] EMC_FREQ 0%@1600 GR3D_FREQ 0%@614 APE 25 PLL@29.5C CPU@31.5C iwlwifi@32C PMIC@50C GPU@29.5C AO@40.5C thermal@30.75C POM_5V_IN 1892/2069 POM_5V_GPU 82/82 POM_5V_CPU 329/458
RAM 1371/3964MB (lfb 8x4MB) SWAP 765/6078MB (cached 37MB) IRAM 0/252kB(lfb 252kB) CPU [5%@921,8%@921,off,off] EMC_FREQ 0%@1600 GR3D_FREQ 0%@614 APE 25 PLL@30C CPU@31.5C iwlwifi@32C PMIC@50C GPU@30C AO@40.5C thermal@30.5C POM_5V_IN 2095/2069 POM_5V_GPU 82/82 POM_5V_CPU 493/458
RAM 1371/3964MB (lfb 8x4MB) SWAP 765/6078MB (cached 37MB) IRAM 0/252kB(lfb 252kB) CPU [9%@921,5%@921,off,off] EMC_FREQ 0%@1600 GR3D_FREQ 0%@614 APE 25 PLL@30C CPU@31.5C iwlwifi@32C PMIC@50C GPU@29.5C AO@41C thermal@30.5C POM_5V_IN 2252/2069 POM_5V_GPU 81/82 POM_5V_CPU 614/458
RAM 1371/3964MB (lfb 8x4MB) SWAP 765/6078MB (cached 37MB) IRAM 0/252kB(lfb 252kB) CPU [7%@921,6%@921,off,off] EMC_FREQ 0%@1600 GR3D_FREQ 0%@614 APE 25 PLL@30C CPU@31.5C iwlwifi@32C PMIC@50C GPU@30C AO@40.5C thermal@30.5C POM_5V_IN 2215/2069 POM_5V_GPU 82/82 POM_5V_CPU 615/458
RAM 1371/3964MB (lfb 8x4MB) SWAP 765/6078MB (cached 37MB) IRAM 0/252kB(lfb 252kB) CPU [7%@921,7%@921,off,off] EMC_FREQ 0%@1600 GR3D_FREQ 0%@614 APE 25 PLL@29.5C CPU@31.5C iwlwifi@32C PMIC@50C GPU@29.5C AO@40.5C thermal@30.5C POM_5V_IN 2174/2069 POM_5V_GPU 82/82 POM_5V_CPU 574/458
RAM 1389/3964MB (lfb 8x4MB) SWAP 765/6078MB (cached 37MB) IRAM 0/252kB(lfb 252kB) CPU [5%@921,7%@921,off,off] EMC_FREQ 0%@1600 GR3D_FREQ 0%@614 APE 25 PLL@30C CPU@31C iwlwifi@32C PMIC@50C GPU@30C AO@41C thermal@30.75C POM_5V_IN 2174/2069 POM_5V_GPU 82/82 POM_5V_CPU 574/458
RAM 1371/3964MB (lfb 8x4MB) SWAP 765/6078MB (cached 37MB) IRAM 0/252kB(lfb 252kB) CPU [8%@921,6%@921,off,off] EMC_FREQ 0%@1600 GR3D_FREQ 0%@614 APE 25 PLL@29.5C CPU@31.5C iwlwifi@32C PMIC@50C GPU@29.5C AO@40.5C thermal@30.75C POM_5V_IN 2215/2069 POM_5V_GPU 82/82 POM_5V_CPU 574/458
RAM 1389/3964MB (lfb 8x4MB) SWAP 765/6078MB (cached 37MB) IRAM 0/252kB(lfb 252kB) CPU [6%@921,7%@921,off,off] EMC_FREQ 0%@1600 GR3D_FREQ 0%@614 APE 25 PLL@30C CPU@32C iwlwifi@32C PMIC@50C GPU@30C AO@41C thermal@30.5C POM_5V_IN 2215/2070 POM_5V_GPU 82/82 POM_5V_CPU 533/458
RAM 1389/3964MB (lfb 8x4MB) SWAP 765/6078MB (cached 37MB) IRAM 0/252kB(lfb 252kB) CPU [6%@921,7%@921,off,off] EMC_FREQ 0%@1600 GR3D_FREQ 0%@614 APE 25 PLL@30C CPU@32C iwlwifi@32C PMIC@50C GPU@29.5C AO@41C thermal@30.5C POM_5V_IN 1934/2069 POM_5V_GPU 82/82 POM_5V_CPU 329/458
RAM 1385/3964MB (lfb 8x4MB) SWAP 765/6078MB (cached 37MB) IRAM 0/252kB(lfb 252kB) CPU [6%@921,7%@921,off,off] EMC_FREQ 0%@1600 GR3D_FREQ 0%@614 APE 25 PLL@30C CPU@31.5C iwlwifi@33C PMIC@50C GPU@30C AO@41C thermal@30.5C POM_5V_IN 1934/2069 POM_5V_GPU 82/82 POM_5V_CPU 329/458
RAM 1387/3964MB (lfb 8x4MB) SWAP 765/6078MB (cached 37MB) IRAM 0/252kB(lfb 252kB) CPU [7%@921,6%@921,off,off] EMC_FREQ 0%@1600 GR3D_FREQ 0%@614 APE 25 PLL@29.5C CPU@31.5C iwlwifi@32C PMIC@50C GPU@29.5C AO@41C thermal@30.5C POM_5V_IN 2174/2069 POM_5V_GPU 81/82 POM_5V_CPU 532/458
RAM 1385/3964MB (lfb 8x4MB) SWAP 765/6078MB (cached 37MB) IRAM 0/252kB(lfb 252kB) CPU [7%@921,6%@921,off,off] EMC_FREQ 0%@1600 GR3D_FREQ 0%@614 APE 25 PLL@30C CPU@31C iwlwifi@32C PMIC@50C GPU@30C AO@40.5C thermal@30.5C POM_5V_IN 1934/2069 POM_5V_GPU 82/82 POM_5V_CPU 329/458
RAM 1383/3964MB (lfb 8x4MB) SWAP 765/6078MB (cached 37MB) IRAM 0/252kB(lfb 252kB) CPU [5%@921,8%@921,off,off] EMC_FREQ 0%@1600 GR3D_FREQ 0%@614 APE 25 PLL@30C CPU@31.5C iwlwifi@32C PMIC@50C GPU@29.5C AO@41C thermal@30.25C POM_5V_IN 2129/2069 POM_5V_GPU 81/82 POM_5V_CPU 532/458
RAM 1371/3964MB (lfb 8x4MB) SWAP 765/6078MB (cached 37MB) IRAM 0/252kB(lfb 252kB) CPU [8%@921,6%@921,off,off] EMC_FREQ 0%@1600 GR3D_FREQ 0%@614 APE 25 PLL@30.5C CPU@31.5C iwlwifi@32C PMIC@50C GPU@29.5C AO@41C thermal@30.75C POM_5V_IN 2256/2070 POM_5V_GPU 82/82 POM_5V_CPU 614/458
RAM 1371/3964MB (lfb 8x4MB) SWAP 765/6078MB (cached 37MB) IRAM 0/252kB(lfb 252kB) CPU [8%@921,6%@921,off,off] EMC_FREQ 0%@1600 GR3D_FREQ 0%@614 APE 25 PLL@30C CPU@31.5C iwlwifi@32C PMIC@50C GPU@30C AO@41C thermal@30.5C POM_5V_IN 2174/2070 POM_5V_GPU 82/82 POM_5V_CPU 574/459
RAM 1371/3964MB (lfb 8x4MB) SWAP 765/6078MB (cached 37MB) IRAM 0/252kB(lfb 252kB) CPU [8%@921,6%@921,off,off] EMC_FREQ 0%@1600 GR3D_FREQ 0%@614 APE 25 PLL@30C CPU@31.5C iwlwifi@32C PMIC@50C GPU@30C AO@41C thermal@30.75C POM_5V_IN 2174/2070 POM_5V_GPU 82/82 POM_5V_CPU 574/459
RAM 1389/3964MB (lfb 8x4MB) SWAP 765/6078MB (cached 37MB) IRAM 0/252kB(lfb 252kB) CPU [6%@921,7%@921,off,off] EMC_FREQ 0%@1600 GR3D_FREQ 0%@614 APE 25 PLL@29.5C CPU@31.5C iwlwifi@32C PMIC@50C GPU@30C AO@40.5C thermal@30.5C POM_5V_IN 2215/2070 POM_5V_GPU 82/82 POM_5V_CPU 574/459
RAM 1371/3964MB (lfb 8x4MB) SWAP 765/6078MB (cached 37MB) IRAM 0/252kB(lfb 252kB) CPU [6%@921,9%@921,off,off] EMC_FREQ 0%@1600 GR3D_FREQ 0%@614 APE 25 PLL@29.5C CPU@31C iwlwifi@32C PMIC@50C GPU@30C AO@41C thermal@30.5C POM_5V_IN 1892/2070 POM_5V_GPU 82/82 POM_5V_CPU 329/459
RAM 1385/3964MB (lfb 8x4MB) SWAP 765/6078MB (cached 37MB) IRAM 0/252kB(lfb 252kB) CPU [7%@921,7%@921,off,off] EMC_FREQ 0%@1600 GR3D_FREQ 0%@614 APE 25 PLL@30C CPU@31C iwlwifi@32C PMIC@50C GPU@30C AO@40.5C thermal@30.25C POM_5V_IN 2174/2070 POM_5V_GPU 82/82 POM_5V_CPU 574/459
RAM 1387/3964MB (lfb 8x4MB) SWAP 765/6078MB (cached 37MB) IRAM 0/252kB(lfb 252kB) CPU [6%@921,7%@921,off,off] EMC_FREQ 0%@1600 GR3D_FREQ 0%@614 APE 25 PLL@30C CPU@31.5C iwlwifi@32C PMIC@50C GPU@29.5C AO@41C thermal@30.5C POM_5V_IN 1934/2070 POM_5V_GPU 82/82 POM_5V_CPU 329/459
RAM 1389/3964MB (lfb 8x4MB) SWAP 765/6078MB (cached 37MB) IRAM 0/252kB(lfb 252kB) CPU [6%@921,8%@921,off,off] EMC_FREQ 0%@1600 GR3D_FREQ 0%@614 APE 25 PLL@30C CPU@31.5C iwlwifi@32C PMIC@50C GPU@30C AO@40.5C thermal@30.5C POM_5V_IN 2095/2070 POM_5V_GPU 82/82 POM_5V_CPU 451/459
RAM 1385/3964MB (lfb 8x4MB) SWAP 765/6078MB (cached 37MB) IRAM 0/252kB(lfb 252kB) CPU [6%@921,8%@921,off,off] EMC_FREQ 0%@1600 GR3D_FREQ 0%@614 APE 25 PLL@29.5C CPU@31C iwlwifi@32C PMIC@50C GPU@30C AO@41C thermal@30.25C POM_5V_IN 1934/2070 POM_5V_GPU 82/82 POM_5V_CPU 370/459
RAM 1389/3964MB (lfb 8x4MB) SWAP 765/6078MB (cached 37MB) IRAM 0/252kB(lfb 252kB) CPU [5%@921,8%@921,off,off] EMC_FREQ 0%@1600 GR3D_FREQ 0%@614 APE 25 PLL@30C CPU@31C iwlwifi@32C PMIC@50C GPU@30C AO@40.5C thermal@30.5C POM_5V_IN 1934/2069 POM_5V_GPU 82/82 POM_5V_CPU 329/458
RAM 1385/3964MB (lfb 8x4MB) SWAP 765/6078MB (cached 37MB) IRAM 0/252kB(lfb 252kB) CPU [8%@921,6%@921,off,off] EMC_FREQ 0%@1600 GR3D_FREQ 0%@614 APE 25 PLL@29.5C CPU@31C iwlwifi@32C PMIC@50C GPU@29.5C AO@40.5C thermal@30.25C POM_5V_IN 1934/2069 POM_5V_GPU 82/82 POM_5V_CPU 369/458
RAM 1380/3964MB (lfb 8x4MB) SWAP 765/6078MB (cached 37MB) IRAM 0/252kB(lfb 252kB) CPU [8%@921,6%@921,off,off] EMC_FREQ 0%@1600 GR3D_FREQ 0%@614 APE 25 PLL@30C CPU@31.5C iwlwifi@32C PMIC@50C GPU@30C AO@41C thermal@30.5C POM_5V_IN 2293/2070 POM_5V_GPU 82/82 POM_5V_CPU 614/458
RAM 1371/3964MB (lfb 8x4MB) SWAP 765/6078MB (cached 37MB) IRAM 0/252kB(lfb 252kB) CPU [6%@921,7%@921,off,off] EMC_FREQ 0%@1600 GR3D_FREQ 0%@614 APE 25 PLL@29.5C CPU@31.5C iwlwifi@32C PMIC@50C GPU@30C AO@41C thermal@30.5C POM_5V_IN 2215/2070 POM_5V_GPU 82/82 POM_5V_CPU 615/459
RAM 1371/3964MB (lfb 8x4MB) SWAP 765/6078MB (cached 37MB) IRAM 0/252kB(lfb 252kB) CPU [9%@921,5%@921,off,off] EMC_FREQ 0%@1600 GR3D_FREQ 0%@614 APE 25 PLL@30C CPU@31C iwlwifi@32C PMIC@50C GPU@30C AO@41C thermal@30.5C POM_5V_IN 2174/2070 POM_5V_GPU 82/82 POM_5V_CPU 574/459
RAM 1387/3964MB (lfb 8x4MB) SWAP 765/6078MB (cached 37MB) IRAM 0/252kB(lfb 252kB) CPU [8%@921,5%@921,off,off] EMC_FREQ 0%@1600 GR3D_FREQ 0%@614 APE 25 PLL@29.5C CPU@31C iwlwifi@32C PMIC@50C GPU@29.5C AO@41C thermal@30.5C POM_5V_IN 2174/2070 POM_5V_GPU 82/82 POM_5V_CPU 533/459
RAM 1371/3964MB (lfb 8x4MB) SWAP 765/6078MB (cached 37MB) IRAM 0/252kB(lfb 252kB) CPU [6%@921,8%@921,off,off] EMC_FREQ 0%@1600 GR3D_FREQ 0%@614 APE 25 PLL@30C CPU@31.5C iwlwifi@32C PMIC@50C GPU@29.5C AO@41C thermal@30.5C POM_5V_IN 1934/2070 POM_5V_GPU 82/82 POM_5V_CPU 370/459
RAM 1389/3964MB (lfb 8x4MB) SWAP 765/6078MB (cached 37MB) IRAM 0/252kB(lfb 252kB) CPU [6%@921,7%@921,off,off] EMC_FREQ 0%@1600 GR3D_FREQ 0%@614 APE 25 PLL@30C CPU@31.5C iwlwifi@32C PMIC@50C GPU@29.5C AO@41C thermal@30.25C POM_5V_IN 2174/2070 POM_5V_GPU 82/82 POM_5V_CPU 574/459
RAM 1389/3964MB (lfb 8x4MB) SWAP 765/6078MB (cached 37MB) IRAM 0/252kB(lfb 252kB) CPU [7%@921,7%@921,off,off] EMC_FREQ 0%@1600 GR3D_FREQ 0%@614 APE 25 PLL@30C CPU@32C iwlwifi@32C PMIC@50C GPU@29.5C AO@41C thermal@30.5C POM_5V_IN 1934/2070 POM_5V_GPU 82/82 POM_5V_CPU 370/459
RAM 1371/3964MB (lfb 8x4MB) SWAP 765/6078MB (cached 37MB) IRAM 0/252kB(lfb 252kB) CPU [9%@921,5%@921,off,off] EMC_FREQ 0%@1600 GR3D_FREQ 0%@614 APE 25 PLL@29.5C CPU@31C iwlwifi@32C PMIC@50C GPU@29.5C AO@41C thermal@30.5C POM_5V_IN 1934/2070 POM_5V_GPU 82/82 POM_5V_CPU 329/459
RAM 1389/3964MB (lfb 8x4MB) SWAP 765/6078MB (cached 37MB) IRAM 0/252kB(lfb 252kB) CPU [6%@921,7%@921,off,off] EMC_FREQ 0%@1600 GR3D_FREQ 0%@614 APE 25 PLL@30C CPU@31.5C iwlwifi@32C PMIC@50C GPU@30C AO@41C thermal@30.75C POM_5V_IN 2174/2070 POM_5V_GPU 82/82 POM_5V_CPU 574/459
RAM 1387/3964MB (lfb 8x4MB) SWAP 765/6078MB (cached 37MB) IRAM 0/252kB(lfb 252kB) CPU [6%@921,8%@921,off,off] EMC_FREQ 0%@1600 GR3D_FREQ 0%@614 APE 25 PLL@29.5C CPU@31C iwlwifi@32C PMIC@50C GPU@30C AO@41C thermal@30.75C POM_5V_IN 1934/2070 POM_5V_GPU 82/82 POM_5V_CPU 329/459
RAM 1385/3964MB (lfb 8x4MB) SWAP 765/6078MB (cached 37MB) IRAM 0/252kB(lfb 252kB) CPU [7%@921,7%@921,off,off] EMC_FREQ 0%@1600 GR3D_FREQ 0%@614 APE 25 PLL@29.5C CPU@31.5C iwlwifi@32C PMIC@50C GPU@30C AO@41C thermal@30.75C POM_5V_IN 1934/2069 POM_5V_GPU 82/82 POM_5V_CPU 370/458
RAM 1389/3964MB (lfb 8x4MB) SWAP 765/6078MB (cached 37MB) IRAM 0/252kB(lfb 252kB) CPU [6%@921,8%@921,off,off] EMC_FREQ 0%@1600 GR3D_FREQ 0%@614 APE 25 PLL@29.5C CPU@31.5C iwlwifi@33C PMIC@50C GPU@30C AO@40.5C thermal@30.75C POM_5V_IN 2133/2069 POM_5V_GPU 82/82 POM_5V_CPU 574/459
RAM 1387/3964MB (lfb 8x4MB) SWAP 765/6078MB (cached 37MB) IRAM 0/252kB(lfb 252kB) CPU [5%@921,10%@921,off,off] EMC_FREQ 0%@1600 GR3D_FREQ 0%@614 APE 25 PLL@29.5C CPU@31.5C iwlwifi@32C PMIC@50C GPU@29.5C AO@41C thermal@30.5C POM_5V_IN 2252/2070 POM_5V_GPU 81/82 POM_5V_CPU 614/459
RAM 1389/3964MB (lfb 8x4MB) SWAP 765/6078MB (cached 37MB) IRAM 0/252kB(lfb 252kB) CPU [8%@921,5%@921,off,off] EMC_FREQ 0%@1600 GR3D_FREQ 0%@614 APE 25 PLL@30C CPU@31C iwlwifi@32C PMIC@50C GPU@30C AO@41C thermal@30.5C POM_5V_IN 2297/2070 POM_5V_GPU 82/82 POM_5V_CPU 614/459
RAM 1371/3964MB (lfb 8x4MB) SWAP 765/6078MB (cached 37MB) IRAM 0/252kB(lfb 252kB) CPU [7%@921,7%@921,off,off] EMC_FREQ 0%@1600 GR3D_FREQ 0%@614 APE 25 PLL@30C CPU@31C iwlwifi@32C PMIC@50C GPU@30C AO@41C thermal@30.75C POM_5V_IN 2256/2070 POM_5V_GPU 82/82 POM_5V_CPU 614/459
RAM 1385/3964MB (lfb 8x4MB) SWAP 765/6078MB (cached 37MB) IRAM 0/252kB(lfb 252kB) CPU [6%@921,7%@921,off,off] EMC_FREQ 0%@1600 GR3D_FREQ 0%@614 APE 25 PLL@29.5C CPU@31.5C iwlwifi@32C PMIC@50C GPU@30C AO@41C thermal@30.5C POM_5V_IN 2174/2070 POM_5V_GPU 82/82 POM_5V_CPU 574/459
RAM 1371/3964MB (lfb 8x4MB) SWAP 765/6078MB (cached 37MB) IRAM 0/252kB(lfb 252kB) CPU [8%@921,6%@921,off,off] EMC_FREQ 0%@1600 GR3D_FREQ 0%@614 APE 25 PLL@30C CPU@31C iwlwifi@32C PMIC@50C GPU@30C AO@41C thermal@30.5C POM_5V_IN 1934/2070 POM_5V_GPU 82/82 POM_5V_CPU 370/459
RAM 1385/3964MB (lfb 8x4MB) SWAP 765/6078MB (cached 37MB) IRAM 0/252kB(lfb 252kB) CPU [7%@921,7%@921,off,off] EMC_FREQ 0%@1600 GR3D_FREQ 0%@614 APE 25 PLL@30C CPU@31.5C iwlwifi@32C PMIC@50C GPU@30C AO@41.5C thermal@30.25C POM_5V_IN 2174/2070 POM_5V_GPU 82/82 POM_5V_CPU 533/459
RAM 1387/3964MB (lfb 8x4MB) SWAP 765/6078MB (cached 37MB) IRAM 0/252kB(lfb 252kB) CPU [7%@921,6%@921,off,off] EMC_FREQ 0%@1600 GR3D_FREQ 0%@614 APE 25 PLL@29.5C CPU@31.5C iwlwifi@32C PMIC@50C GPU@29.5C AO@41C thermal@30.5C POM_5V_IN 1931/2070 POM_5V_GPU 82/82 POM_5V_CPU 328/459
RAM 1389/3964MB (lfb 8x4MB) SWAP 765/6078MB (cached 37MB) IRAM 0/252kB(lfb 252kB) CPU [5%@921,9%@921,off,off] EMC_FREQ 0%@1600 GR3D_FREQ 0%@614 APE 25 PLL@30C CPU@31.5C iwlwifi@32C PMIC@50C GPU@30C AO@41C thermal@30.75C POM_5V_IN 1892/2070 POM_5V_GPU 82/82 POM_5V_CPU 329/459
RAM 1389/3964MB (lfb 8x4MB) SWAP 765/6078MB (cached 37MB) IRAM 0/252kB(lfb 252kB) CPU [6%@921,7%@921,off,off] EMC_FREQ 0%@1600 GR3D_FREQ 0%@614 APE 25 PLL@29.5C CPU@31.5C iwlwifi@32C PMIC@50C GPU@30C AO@41C thermal@30.75C POM_5V_IN 1934/2070 POM_5V_GPU 82/82 POM_5V_CPU 329/459
RAM 1390/3964MB (lfb 8x4MB) SWAP 765/6078MB (cached 37MB) IRAM 0/252kB(lfb 252kB) CPU [5%@921,9%@921,off,off] EMC_FREQ 0%@1600 GR3D_FREQ 0%@614 APE 25 PLL@29.5C CPU@31.5C iwlwifi@32C PMIC@50C GPU@30C AO@41C thermal@30.75C POM_5V_IN 1934/2070 POM_5V_GPU 82/82 POM_5V_CPU 329/459
RAM 1390/3964MB (lfb 8x4MB) SWAP 765/6078MB (cached 37MB) IRAM 0/252kB(lfb 252kB) CPU [5%@921,8%@921,off,off] EMC_FREQ 0%@1600 GR3D_FREQ 0%@614 APE 25 PLL@30C CPU@31.5C iwlwifi@32C PMIC@50C GPU@30C AO@41C thermal@31C POM_5V_IN 1975/2069 POM_5V_GPU 82/82 POM_5V_CPU 370/459
RAM 1366/3964MB (lfb 8x4MB) SWAP 765/6078MB (cached 37MB) IRAM 0/252kB(lfb 252kB) CPU [8%@921,7%@921,off,off] EMC_FREQ 0%@1600 GR3D_FREQ 0%@614 APE 25 PLL@30C CPU@31.5C iwlwifi@32C PMIC@50C GPU@30C AO@41C thermal@30.75C POM_5V_IN 1975/2069 POM_5V_GPU 82/82 POM_5V_CPU 369/458
RAM 1372/3964MB (lfb 8x4MB) SWAP 765/6078MB (cached 37MB) IRAM 0/252kB(lfb 252kB) CPU [7%@921,7%@921,off,off] EMC_FREQ 0%@1600 GR3D_FREQ 0%@614 APE 25 PLL@30C CPU@31.5C iwlwifi@32C PMIC@50C GPU@30C AO@41C thermal@30.75C POM_5V_IN 1813/2069 POM_5V_GPU 82/82 POM_5V_CPU 246/458
RAM 1372/3964MB (lfb 8x4MB) SWAP 765/6078MB (cached 37MB) IRAM 0/252kB(lfb 252kB) CPU [7%@921,7%@921,off,off] EMC_FREQ 0%@1600 GR3D_FREQ 0%@614 APE 25 PLL@30.5C CPU@31.5C iwlwifi@32C PMIC@50C GPU@30C AO@41C thermal@30.75C POM_5V_IN 2174/2069 POM_5V_GPU 82/82 POM_5V_CPU 533/458
RAM 1364/3964MB (lfb 8x4MB) SWAP 765/6078MB (cached 37MB) IRAM 0/252kB(lfb 252kB) CPU [7%@921,7%@921,off,off] EMC_FREQ 0%@1600 GR3D_FREQ 0%@614 APE 25 PLL@30C CPU@31.5C iwlwifi@32C PMIC@50C GPU@30C AO@41C thermal@30.5C POM_5V_IN 2174/2069 POM_5V_GPU 82/82 POM_5V_CPU 574/458
RAM 1380/3964MB (lfb 8x4MB) SWAP 765/6078MB (cached 37MB) IRAM 0/252kB(lfb 252kB) CPU [7%@921,6%@921,off,off] EMC_FREQ 0%@1600 GR3D_FREQ 0%@614 APE 25 PLL@30C CPU@31.5C iwlwifi@32C PMIC@50C GPU@30C AO@41.5C thermal@30.75C POM_5V_IN 2174/2069 POM_5V_GPU 82/82 POM_5V_CPU 574/459
RAM 1372/3964MB (lfb 8x4MB) SWAP 765/6078MB (cached 37MB) IRAM 0/252kB(lfb 252kB) CPU [7%@921,6%@921,off,off] EMC_FREQ 0%@1600 GR3D_FREQ 0%@614 APE 25 PLL@30C CPU@31.5C iwlwifi@32C PMIC@50C GPU@30C AO@41C thermal@30.75C POM_5V_IN 1772/2069 POM_5V_GPU 82/82 POM_5V_CPU 206/458
RAM 1388/3964MB (lfb 8x4MB) SWAP 765/6078MB (cached 37MB) IRAM 0/252kB(lfb 252kB) CPU [7%@921,6%@921,off,off] EMC_FREQ 0%@1600 GR3D_FREQ 0%@614 APE 25 PLL@30C CPU@31.5C iwlwifi@32C PMIC@50C GPU@30C AO@41C thermal@30.75C POM_5V_IN 2133/2069 POM_5V_GPU 82/82 POM_5V_CPU 533/458
RAM 1388/3964MB (lfb 8x4MB) SWAP 765/6078MB (cached 37MB) IRAM 0/252kB(lfb 252kB) CPU [5%@921,7%@921,off,off] EMC_FREQ 0%@1600 GR3D_FREQ 0%@614 APE 25 PLL@30C CPU@31.5C iwlwifi@32C PMIC@50C GPU@30C AO@41C thermal@30.75C POM_5V_IN 1934/2069 POM_5V_GPU 82/82 POM_5V_CPU 329/458
RAM 1390/3964MB (lfb 8x4MB) SWAP 765/6078MB (cached 37MB) IRAM 0/252kB(lfb 252kB) CPU [6%@921,7%@921,off,off] EMC_FREQ 0%@1600 GR3D_FREQ 0%@614 APE 25 PLL@30C CPU@31.5C iwlwifi@32C PMIC@50C GPU@30C AO@41C thermal@30.5C POM_5V_IN 1934/2069 POM_5V_GPU 82/82 POM_5V_CPU 329/458
RAM 1388/3964MB (lfb 8x4MB) SWAP 765/6078MB (cached 37MB) IRAM 0/252kB(lfb 252kB) CPU [8%@921,5%@921,off,off] EMC_FREQ 0%@1600 GR3D_FREQ 0%@614 APE 25 PLL@29.5C CPU@31.5C iwlwifi@32C PMIC@50C GPU@29.5C AO@41.5C thermal@30.75C POM_5V_IN 1934/2069 POM_5V_GPU 82/82 POM_5V_CPU 329/458
RAM 1386/3964MB (lfb 8x4MB) SWAP 765/6078MB (cached 37MB) IRAM 0/252kB(lfb 252kB) CPU [5%@921,8%@921,off,off] EMC_FREQ 0%@1600 GR3D_FREQ 0%@614 APE 25 PLL@30C CPU@31.5C iwlwifi@32C PMIC@50C GPU@30C AO@41C thermal@30.75C POM_5V_IN 1934/2069 POM_5V_GPU 82/82 POM_5V_CPU 329/458
RAM 1390/3964MB (lfb 8x4MB) SWAP 765/6078MB (cached 37MB) IRAM 0/252kB(lfb 252kB) CPU [5%@921,9%@921,off,off] EMC_FREQ 0%@1600 GR3D_FREQ 0%@614 APE 25 PLL@30C CPU@31.5C iwlwifi@32C PMIC@50C GPU@30C AO@41C thermal@30.75C POM_5V_IN 1934/2069 POM_5V_GPU 82/82 POM_5V_CPU 370/458
RAM 1372/3964MB (lfb 8x4MB) SWAP 765/6078MB (cached 37MB) IRAM 0/252kB(lfb 252kB) CPU [6%@921,8%@921,off,off] EMC_FREQ 0%@1600 GR3D_FREQ 0%@614 APE 25 PLL@30C CPU@32C iwlwifi@32C PMIC@50C GPU@30C AO@41.5C thermal@30.75C POM_5V_IN 2297/2069 POM_5V_GPU 82/82 POM_5V_CPU 574/458
RAM 1384/3964MB (lfb 8x4MB) SWAP 765/6078MB (cached 37MB) IRAM 0/252kB(lfb 252kB) CPU [6%@921,8%@921,off,off] EMC_FREQ 0%@1600 GR3D_FREQ 0%@614 APE 25 PLL@30C CPU@31.5C iwlwifi@32C PMIC@50C GPU@30C AO@41.5C thermal@30.75C POM_5V_IN 2215/2069 POM_5V_GPU 82/82 POM_5V_CPU 574/458
RAM 1372/3964MB (lfb 8x4MB) SWAP 765/6078MB (cached 37MB) IRAM 0/252kB(lfb 252kB) CPU [6%@921,7%@921,off,off] EMC_FREQ 0%@1600 GR3D_FREQ 0%@614 APE 25 PLL@30C CPU@31.5C iwlwifi@32C PMIC@50C GPU@30C AO@41C thermal@30.5C POM_5V_IN 2256/2069 POM_5V_GPU 82/82 POM_5V_CPU 614/458
RAM 1372/3964MB (lfb 8x4MB) SWAP 765/6078MB (cached 37MB) IRAM 0/252kB(lfb 252kB) CPU [7%@921,7%@921,off,off] EMC_FREQ 0%@1600 GR3D_FREQ 0%@614 APE 25 PLL@30C CPU@31.5C iwlwifi@32C PMIC@50C GPU@30C AO@41C thermal@30.5C POM_5V_IN 2174/2069 POM_5V_GPU 82/82 POM_5V_CPU 574/458
RAM 1372/3964MB (lfb 8x4MB) SWAP 765/6078MB (cached 37MB) IRAM 0/252kB(lfb 252kB) CPU [8%@921,5%@921,off,off] EMC_FREQ 0%@1600 GR3D_FREQ 0%@614 APE 25 PLL@30C CPU@31.5C iwlwifi@32C PMIC@50C GPU@30C AO@41.5C thermal@30.75C POM_5V_IN 2174/2069 POM_5V_GPU 82/82 POM_5V_CPU 533/458
RAM 1386/3964MB (lfb 8x4MB) SWAP 765/6078MB (cached 37MB) IRAM 0/252kB(lfb 252kB) CPU [9%@921,4%@921,off,off] EMC_FREQ 0%@1600 GR3D_FREQ 0%@614 APE 25 PLL@30.5C CPU@31.5C iwlwifi@32C PMIC@50C GPU@30C AO@41C thermal@30.5C POM_5V_IN 2174/2069 POM_5V_GPU 82/82 POM_5V_CPU 533/458
RAM 1371/3964MB (lfb 8x4MB) SWAP 765/6078MB (cached 37MB) IRAM 0/252kB(lfb 252kB) CPU [6%@921,7%@921,off,off] EMC_FREQ 0%@1600 GR3D_FREQ 0%@614 APE 25 PLL@30C CPU@31.5C iwlwifi@32C PMIC@50C GPU@30.5C AO@41C thermal@30.75C POM_5V_IN 1890/2069 POM_5V_GPU 82/82 POM_5V_CPU 328/458
RAM 1388/3964MB (lfb 8x4MB) SWAP 765/6078MB (cached 37MB) IRAM 0/252kB(lfb 252kB) CPU [4%@921,9%@921,off,off] EMC_FREQ 0%@1600 GR3D_FREQ 0%@614 APE 25 PLL@30C CPU@31.5C iwlwifi@32C PMIC@50C GPU@30C AO@41C thermal@30.75C POM_5V_IN 2174/2069 POM_5V_GPU 82/82 POM_5V_CPU 533/458
RAM 1390/3964MB (lfb 8x4MB) SWAP 765/6078MB (cached 37MB) IRAM 0/252kB(lfb 252kB) CPU [5%@921,8%@921,off,off] EMC_FREQ 0%@1600 GR3D_FREQ 0%@614 APE 25 PLL@30C CPU@31.5C iwlwifi@32C PMIC@50C GPU@30C AO@41.5C thermal@30.75C POM_5V_IN 1892/2069 POM_5V_GPU 82/82 POM_5V_CPU 329/458
RAM 1389/3964MB (lfb 8x4MB) SWAP 765/6078MB (cached 37MB) IRAM 0/252kB(lfb 252kB) CPU [5%@921,9%@921,off,off] EMC_FREQ 0%@1600 GR3D_FREQ 0%@614 APE 25 PLL@30.5C CPU@31C iwlwifi@32C PMIC@50C GPU@30C AO@41C thermal@30.75C POM_5V_IN 1892/2069 POM_5V_GPU 82/82 POM_5V_CPU 329/458
RAM 1389/3964MB (lfb 8x4MB) SWAP 765/6078MB (cached 37MB) IRAM 0/252kB(lfb 252kB) CPU [7%@921,7%@921,off,off] EMC_FREQ 0%@1600 GR3D_FREQ 0%@614 APE 25 PLL@30C CPU@31.5C iwlwifi@32C PMIC@50C GPU@30C AO@41C thermal@30.75C POM_5V_IN 1934/2069 POM_5V_GPU 82/82 POM_5V_CPU 328/458
RAM 1385/3964MB (lfb 8x4MB) SWAP 765/6078MB (cached 37MB) IRAM 0/252kB(lfb 252kB) CPU [7%@921,7%@921,off,off] EMC_FREQ 0%@1600 GR3D_FREQ 0%@614 APE 25 PLL@30.5C CPU@31C iwlwifi@32C PMIC@50C GPU@30C AO@41C thermal@30.75C POM_5V_IN 2013/2069 POM_5V_GPU 82/82 POM_5V_CPU 410/458
RAM 1372/3964MB (lfb 8x4MB) SWAP 765/6078MB (cached 37MB) IRAM 0/252kB(lfb 252kB) CPU [8%@921,5%@921,off,off] EMC_FREQ 0%@1600 GR3D_FREQ 0%@614 APE 25 PLL@30C CPU@31.5C iwlwifi@32C PMIC@50C GPU@30C AO@40.5C thermal@30.75C POM_5V_IN 2256/2069 POM_5V_GPU 82/82 POM_5V_CPU 614/458
RAM 1372/3964MB (lfb 8x4MB) SWAP 765/6078MB (cached 37MB) IRAM 0/252kB(lfb 252kB) CPU [8%@921,5%@921,off,off] EMC_FREQ 0%@1600 GR3D_FREQ 0%@614 APE 25 PLL@30.5C CPU@31.5C iwlwifi@32C PMIC@50C GPU@30C AO@41.5C thermal@30.75C POM_5V_IN 2215/2069 POM_5V_GPU 82/82 POM_5V_CPU 574/458
RAM 1371/3964MB (lfb 8x4MB) SWAP 765/6078MB (cached 37MB) IRAM 0/252kB(lfb 252kB) CPU [8%@921,5%@921,off,off] EMC_FREQ 0%@1600 GR3D_FREQ 0%@614 APE 25 PLL@30.5C CPU@31.5C iwlwifi@32C PMIC@50C GPU@30C AO@41C thermal@30.75C POM_5V_IN 2174/2069 POM_5V_GPU 82/82 POM_5V_CPU 574/458
RAM 1387/3964MB (lfb 8x4MB) SWAP 765/6078MB (cached 37MB) IRAM 0/252kB(lfb 252kB) CPU [10%@921,4%@921,off,off] EMC_FREQ 0%@1600 GR3D_FREQ 0%@614 APE 25 PLL@30.5C CPU@31.5C iwlwifi@32C PMIC@50C GPU@30.5C AO@41.5C thermal@30.75C POM_5V_IN 2215/2069 POM_5V_GPU 82/82 POM_5V_CPU 574/458
RAM 1371/3964MB (lfb 8x4MB) SWAP 765/6078MB (cached 37MB) IRAM 0/252kB(lfb 252kB) CPU [6%@921,8%@921,off,off] EMC_FREQ 0%@1600 GR3D_FREQ 0%@614 APE 25 PLL@30C CPU@31.5C iwlwifi@32C PMIC@50C GPU@30C AO@41C thermal@30.75C POM_5V_IN 1892/2069 POM_5V_GPU 82/82 POM_5V_CPU 288/458
RAM 1389/3964MB (lfb 8x4MB) SWAP 765/6078MB (cached 37MB) IRAM 0/252kB(lfb 252kB) CPU [8%@921,5%@921,off,off] EMC_FREQ 0%@1600 GR3D_FREQ 0%@614 APE 25 PLL@30C CPU@32C iwlwifi@32C PMIC@50C GPU@30C AO@41.5C thermal@30.75C POM_5V_IN 2174/2069 POM_5V_GPU 82/82 POM_5V_CPU 533/458
RAM 1388/3964MB (lfb 8x4MB) SWAP 765/6078MB (cached 37MB) IRAM 0/252kB(lfb 252kB) CPU [8%@921,6%@921,off,off] EMC_FREQ 0%@1600 GR3D_FREQ 0%@614 APE 25 PLL@30C CPU@31.5C iwlwifi@32C PMIC@50C GPU@30C AO@41.5C thermal@31C POM_5V_IN 1892/2069 POM_5V_GPU 82/82 POM_5V_CPU 329/458
RAM 1387/3964MB (lfb 8x4MB) SWAP 765/6078MB (cached 37MB) IRAM 0/252kB(lfb 252kB) CPU [7%@921,6%@921,off,off] EMC_FREQ 0%@1600 GR3D_FREQ 0%@614 APE 25 PLL@29.5C CPU@31.5C iwlwifi@32C PMIC@50C GPU@30.5C AO@41C thermal@30.75C POM_5V_IN 1931/2069 POM_5V_GPU 82/82 POM_5V_CPU 328/458
RAM 1385/3964MB (lfb 8x4MB) SWAP 765/6078MB (cached 37MB) IRAM 0/252kB(lfb 252kB) CPU [6%@921,8%@921,off,off] EMC_FREQ 0%@1600 GR3D_FREQ 0%@614 APE 25 PLL@30.5C CPU@32C iwlwifi@32C PMIC@50C GPU@30C AO@41C thermal@30.75C POM_5V_IN 1934/2069 POM_5V_GPU 82/82 POM_5V_CPU 329/458
RAM 1385/3964MB (lfb 8x4MB) SWAP 765/6078MB (cached 37MB) IRAM 0/252kB(lfb 252kB) CPU [7%@921,6%@921,off,off] EMC_FREQ 0%@1600 GR3D_FREQ 0%@614 APE 25 PLL@30C CPU@31.5C iwlwifi@32C PMIC@50C GPU@30C AO@41C thermal@31C POM_5V_IN 1934/2069 POM_5V_GPU 82/82 POM_5V_CPU 370/458
RAM 1389/3964MB (lfb 8x4MB) SWAP 765/6078MB (cached 37MB) IRAM 0/252kB(lfb 252kB) CPU [7%@921,7%@921,off,off] EMC_FREQ 0%@1600 GR3D_FREQ 0%@614 APE 25 PLL@30C CPU@32C iwlwifi@32C PMIC@50C GPU@30C AO@41.5C thermal@30.75C POM_5V_IN 1934/2069 POM_5V_GPU 82/82 POM_5V_CPU 329/458
RAM 1372/3964MB (lfb 8x4MB) SWAP 765/6078MB (cached 37MB) IRAM 0/252kB(lfb 252kB) CPU [7%@921,7%@921,off,off] EMC_FREQ 0%@1600 GR3D_FREQ 0%@614 APE 25 PLL@30.5C CPU@31.5C iwlwifi@32C PMIC@50C GPU@30C AO@41C thermal@30.75C POM_5V_IN 2256/2069 POM_5V_GPU 82/82 POM_5V_CPU 574/458
RAM 1371/3964MB (lfb 8x4MB) SWAP 765/6078MB (cached 37MB) IRAM 0/252kB(lfb 252kB) CPU [10%@921,4%@921,off,off] EMC_FREQ 0%@1600 GR3D_FREQ 0%@614 APE 25 PLL@30C CPU@32C iwlwifi@32C PMIC@50C GPU@30.5C AO@41C thermal@30.75C POM_5V_IN 2215/2069 POM_5V_GPU 82/82 POM_5V_CPU 574/458
RAM 1371/3964MB (lfb 8x4MB) SWAP 765/6078MB (cached 37MB) IRAM 0/252kB(lfb 252kB) CPU [9%@921,4%@921,off,off] EMC_FREQ 0%@1600 GR3D_FREQ 0%@614 APE 25 PLL@30.5C CPU@31.5C iwlwifi@32C PMIC@50C GPU@30C AO@41.5C thermal@30.75C POM_5V_IN 2215/2069 POM_5V_GPU 82/82 POM_5V_CPU 574/458
RAM 1390/3964MB (lfb 8x4MB) SWAP 765/6078MB (cached 37MB) IRAM 0/252kB(lfb 252kB) CPU [7%@921,7%@921,off,off] EMC_FREQ 0%@1600 GR3D_FREQ 0%@614 APE 25 PLL@30.5C CPU@31.5C iwlwifi@32C PMIC@50C GPU@30.5C AO@41.5C thermal@30.75C POM_5V_IN 2215/2069 POM_5V_GPU 82/82 POM_5V_CPU 574/458
RAM 1372/3964MB (lfb 8x4MB) SWAP 765/6078MB (cached 37MB) IRAM 0/252kB(lfb 252kB) CPU [7%@921,6%@921,off,off] EMC_FREQ 0%@1600 GR3D_FREQ 0%@614 APE 25 PLL@30.5C CPU@31.5C iwlwifi@33C PMIC@50C GPU@30C AO@41C thermal@30.5C POM_5V_IN 1934/2069 POM_5V_GPU 82/82 POM_5V_CPU 329/458
RAM 1388/3964MB (lfb 8x4MB) SWAP 765/6078MB (cached 37MB) IRAM 0/252kB(lfb 252kB) CPU [9%@921,4%@921,off,off] EMC_FREQ 0%@1600 GR3D_FREQ 0%@614 APE 25 PLL@30C CPU@31.5C iwlwifi@32C PMIC@50C GPU@30C AO@41.5C thermal@30.75C POM_5V_IN 2174/2069 POM_5V_GPU 82/82 POM_5V_CPU 574/458
RAM 1372/3964MB (lfb 8x4MB) SWAP 765/6078MB (cached 37MB) IRAM 0/252kB(lfb 252kB) CPU [8%@921,6%@921,off,off] EMC_FREQ 0%@1600 GR3D_FREQ 0%@614 APE 25 PLL@30C CPU@31.5C iwlwifi@32C PMIC@50C GPU@30.5C AO@41C thermal@31C POM_5V_IN 1892/2069 POM_5V_GPU 82/82 POM_5V_CPU 329/458
RAM 1391/3964MB (lfb 8x4MB) SWAP 765/6078MB (cached 37MB) IRAM 0/252kB(lfb 252kB) CPU [8%@921,5%@921,off,off] EMC_FREQ 0%@1600 GR3D_FREQ 0%@614 APE 25 PLL@30C CPU@31.5C iwlwifi@32C PMIC@50C GPU@30C AO@41C thermal@30.5C POM_5V_IN 2174/2069 POM_5V_GPU 82/82 POM_5V_CPU 533/458
RAM 1388/3964MB (lfb 8x4MB) SWAP 765/6078MB (cached 37MB) IRAM 0/252kB(lfb 252kB) CPU [7%@921,7%@921,off,off] EMC_FREQ 0%@1600 GR3D_FREQ 0%@614 APE 25 PLL@30C CPU@31.5C iwlwifi@32C PMIC@50C GPU@30C AO@41C thermal@30.75C POM_5V_IN 1892/2069 POM_5V_GPU 82/82 POM_5V_CPU 329/458
RAM 1390/3964MB (lfb 8x4MB) SWAP 765/6078MB (cached 37MB) IRAM 0/252kB(lfb 252kB) CPU [6%@921,7%@921,off,off] EMC_FREQ 0%@1600 GR3D_FREQ 0%@614 APE 25 PLL@30.5C CPU@31.5C iwlwifi@32C PMIC@50C GPU@30C AO@41C thermal@30.75C POM_5V_IN 1972/2069 POM_5V_GPU 82/82 POM_5V_CPU 369/458
RAM 1389/3964MB (lfb 8x4MB) SWAP 765/6078MB (cached 37MB) IRAM 0/252kB(lfb 252kB) CPU [9%@921,5%@921,off,off] EMC_FREQ 0%@1600 GR3D_FREQ 0%@614 APE 25 PLL@30C CPU@31.5C iwlwifi@32C PMIC@50C GPU@30C AO@41C thermal@30.75C POM_5V_IN 1934/2069 POM_5V_GPU 82/82 POM_5V_CPU 370/458
RAM 1390/3964MB (lfb 8x4MB) SWAP 765/6078MB (cached 37MB) IRAM 0/252kB(lfb 252kB) CPU [8%@921,6%@921,off,off] EMC_FREQ 0%@1600 GR3D_FREQ 0%@614 APE 25 PLL@30C CPU@31.5C iwlwifi@32C PMIC@50C GPU@30C AO@41.5C thermal@30.75C POM_5V_IN 1972/2069 POM_5V_GPU 82/82 POM_5V_CPU 410/458
RAM 1372/3964MB (lfb 8x4MB) SWAP 765/6078MB (cached 37MB) IRAM 0/252kB(lfb 252kB) CPU [7%@921,7%@921,off,off] EMC_FREQ 0%@1600 GR3D_FREQ 0%@614 APE 25 PLL@30C CPU@31.5C iwlwifi@32C PMIC@50C GPU@30.5C AO@41C thermal@30.5C POM_5V_IN 2297/2069 POM_5V_GPU 82/82 POM_5V_CPU 614/458
RAM 1387/3964MB (lfb 8x4MB) SWAP 765/6078MB (cached 37MB) IRAM 0/252kB(lfb 252kB) CPU [7%@921,6%@921,off,off] EMC_FREQ 0%@1600 GR3D_FREQ 0%@614 APE 25 PLL@30C CPU@32C iwlwifi@32C PMIC@50C GPU@30C AO@41C thermal@30.75C POM_5V_IN 2256/2069 POM_5V_GPU 82/82 POM_5V_CPU 574/458
RAM 1386/3964MB (lfb 8x4MB) SWAP 765/6078MB (cached 37MB) IRAM 0/252kB(lfb 252kB) CPU [7%@921,7%@921,off,off] EMC_FREQ 0%@1600 GR3D_FREQ 0%@614 APE 25 PLL@30C CPU@31.5C iwlwifi@34C PMIC@50C GPU@29.5C AO@41C thermal@30.75C POM_5V_IN 2095/2069 POM_5V_GPU 82/82 POM_5V_CPU 451/458
RAM 1384/3964MB (lfb 8x4MB) SWAP 765/6078MB (cached 37MB) IRAM 0/252kB(lfb 252kB) CPU [6%@921,8%@921,off,off] EMC_FREQ 0%@1600 GR3D_FREQ 0%@614 APE 25 PLL@30.5C CPU@31.5C iwlwifi@32C PMIC@50C GPU@30C AO@41C thermal@30.75C POM_5V_IN 2174/2069 POM_5V_GPU 82/82 POM_5V_CPU 574/458
RAM 1372/3964MB (lfb 8x4MB) SWAP 765/6078MB (cached 37MB) IRAM 0/252kB(lfb 252kB) CPU [9%@921,5%@921,off,off] EMC_FREQ 0%@1600 GR3D_FREQ 0%@614 APE 25 PLL@30C CPU@31.5C iwlwifi@32C PMIC@50C GPU@30C AO@41.5C thermal@30.75C POM_5V_IN 2256/2069 POM_5V_GPU 82/82 POM_5V_CPU 615/458
RAM 1371/3964MB (lfb 8x4MB) SWAP 765/6078MB (cached 37MB) IRAM 0/252kB(lfb 252kB) CPU [6%@921,8%@921,off,off] EMC_FREQ 0%@1600 GR3D_FREQ 0%@614 APE 25 PLL@30C CPU@31.5C iwlwifi@32C PMIC@50C GPU@30C AO@41C thermal@30.75C POM_5V_IN 2174/2069 POM_5V_GPU 82/82 POM_5V_CPU 574/458
RAM 1372/3964MB (lfb 8x4MB) SWAP 765/6078MB (cached 37MB) IRAM 0/252kB(lfb 252kB) CPU [7%@921,7%@921,off,off] EMC_FREQ 0%@1600 GR3D_FREQ 0%@614 APE 25 PLL@30C CPU@32C iwlwifi@32C PMIC@50C GPU@30C AO@41.5C thermal@30.75C POM_5V_IN 2215/2070 POM_5V_GPU 82/82 POM_5V_CPU 573/459
RAM 1386/3964MB (lfb 8x4MB) SWAP 765/6078MB (cached 37MB) IRAM 0/252kB(lfb 252kB) CPU [6%@921,7%@921,off,off] EMC_FREQ 0%@1600 GR3D_FREQ 0%@614 APE 25 PLL@30.5C CPU@32C iwlwifi@33C PMIC@50C GPU@30C AO@41C thermal@30.75C POM_5V_IN 2174/2070 POM_5V_GPU 82/82 POM_5V_CPU 574/459
RAM 1372/3964MB (lfb 8x4MB) SWAP 765/6078MB (cached 37MB) IRAM 0/252kB(lfb 252kB) CPU [9%@921,5%@921,off,off] EMC_FREQ 0%@1600 GR3D_FREQ 0%@614 APE 25 PLL@30C CPU@31.5C iwlwifi@32C PMIC@50C GPU@30C AO@41.5C thermal@31C POM_5V_IN 2013/2070 POM_5V_GPU 82/82 POM_5V_CPU 410/459
RAM 1385/3964MB (lfb 8x4MB) SWAP 765/6078MB (cached 37MB) IRAM 0/252kB(lfb 252kB) CPU [8%@921,6%@921,off,off] EMC_FREQ 0%@1600 GR3D_FREQ 0%@614 APE 25 PLL@30.5C CPU@31.5C iwlwifi@32C PMIC@50C GPU@30C AO@41C thermal@30.75C POM_5V_IN 2174/2070 POM_5V_GPU 82/82 POM_5V_CPU 574/459
RAM 1371/3964MB (lfb 8x4MB) SWAP 765/6078MB (cached 37MB) IRAM 0/252kB(lfb 252kB) CPU [6%@921,7%@921,off,off] EMC_FREQ 0%@1600 GR3D_FREQ 0%@614 APE 25 PLL@30C CPU@31.5C iwlwifi@32C PMIC@50C GPU@30.5C AO@41.5C thermal@30.75C POM_5V_IN 1892/2069 POM_5V_GPU 82/82 POM_5V_CPU 329/459
RAM 1378/3964MB (lfb 8x4MB) SWAP 765/6078MB (cached 37MB) IRAM 0/252kB(lfb 252kB) CPU [9%@921,5%@921,off,off] EMC_FREQ 0%@1600 GR3D_FREQ 0%@614 APE 25 PLL@30C CPU@32C iwlwifi@32C PMIC@50C GPU@30C AO@41.5C thermal@30.75C POM_5V_IN 2174/2070 POM_5V_GPU 82/82 POM_5V_CPU 574/459
RAM 1371/3964MB (lfb 8x4MB) SWAP 765/6078MB (cached 37MB) IRAM 0/252kB(lfb 252kB) CPU [7%@921,6%@921,off,off] EMC_FREQ 0%@1600 GR3D_FREQ 0%@614 APE 25 PLL@29.5C CPU@31.5C iwlwifi@32C PMIC@50C GPU@30C AO@41C thermal@30.75C POM_5V_IN 1772/2069 POM_5V_GPU 82/82 POM_5V_CPU 205/458
RAM 1385/3964MB (lfb 8x4MB) SWAP 765/6078MB (cached 37MB) IRAM 0/252kB(lfb 252kB) CPU [6%@921,8%@921,off,off] EMC_FREQ 0%@1600 GR3D_FREQ 0%@614 APE 25 PLL@30.5C CPU@31.5C iwlwifi@32C PMIC@50C GPU@30C AO@41C thermal@31C POM_5V_IN 2174/2069 POM_5V_GPU 82/82 POM_5V_CPU 533/458
RAM 1385/3964MB (lfb 8x4MB) SWAP 765/6078MB (cached 37MB) IRAM 0/252kB(lfb 252kB) CPU [7%@921,6%@921,off,off] EMC_FREQ 0%@1600 GR3D_FREQ 0%@614 APE 25 PLL@30C CPU@32C iwlwifi@32C PMIC@50C GPU@29.5C AO@41C thermal@30.5C POM_5V_IN 1934/2069 POM_5V_GPU 82/82 POM_5V_CPU 329/458
RAM 1387/3964MB (lfb 8x4MB) SWAP 765/6078MB (cached 37MB) IRAM 0/252kB(lfb 252kB) CPU [9%@921,5%@921,off,off] EMC_FREQ 0%@1600 GR3D_FREQ 0%@614 APE 25 PLL@30C CPU@31.5C iwlwifi@32C PMIC@50C GPU@30C AO@41C thermal@30.5C POM_5V_IN 1934/2069 POM_5V_GPU 82/82 POM_5V_CPU 329/458
RAM 1389/3964MB (lfb 8x4MB) SWAP 765/6078MB (cached 37MB) IRAM 0/252kB(lfb 252kB) CPU [4%@921,9%@921,off,off] EMC_FREQ 0%@1600 GR3D_FREQ 0%@614 APE 25 PLL@30C CPU@31.5C iwlwifi@32C PMIC@50C GPU@30C AO@41.5C thermal@30.75C POM_5V_IN 1934/2069 POM_5V_GPU 82/82 POM_5V_CPU 329/458
RAM 1387/3964MB (lfb 8x4MB) SWAP 765/6078MB (cached 37MB) IRAM 0/252kB(lfb 252kB) CPU [6%@921,7%@921,off,off] EMC_FREQ 0%@1600 GR3D_FREQ 0%@614 APE 25 PLL@30C CPU@31.5C iwlwifi@32C PMIC@50C GPU@29.5C AO@41C thermal@30.75C POM_5V_IN 1892/2069 POM_5V_GPU 82/82 POM_5V_CPU 288/458
RAM 1388/3964MB (lfb 8x4MB) SWAP 765/6078MB (cached 37MB) IRAM 0/252kB(lfb 252kB) CPU [4%@921,8%@921,off,off] EMC_FREQ 0%@1600 GR3D_FREQ 0%@614 APE 25 PLL@30C CPU@31.5C iwlwifi@32C PMIC@50C GPU@30C AO@41C thermal@30.75C POM_5V_IN 1892/2069 POM_5V_GPU 82/82 POM_5V_CPU 288/458
RAM 1371/3964MB (lfb 8x4MB) SWAP 765/6078MB (cached 37MB) IRAM 0/252kB(lfb 252kB) CPU [8%@921,7%@921,off,off] EMC_FREQ 0%@1600 GR3D_FREQ 0%@614 APE 25 PLL@30.5C CPU@32C iwlwifi@32C PMIC@50C GPU@30C AO@41C thermal@30.75C POM_5V_IN 2174/2069 POM_5V_GPU 82/82 POM_5V_CPU 574/458
RAM 1371/3964MB (lfb 8x4MB) SWAP 765/6078MB (cached 37MB) IRAM 0/252kB(lfb 252kB) CPU [6%@921,7%@921,off,off] EMC_FREQ 0%@1600 GR3D_FREQ 0%@614 APE 25 PLL@30C CPU@31.5C iwlwifi@32C PMIC@50C GPU@30C AO@41C thermal@30.75C POM_5V_IN 2215/2069 POM_5V_GPU 82/82 POM_5V_CPU 574/458
RAM 1371/3964MB (lfb 8x4MB) SWAP 765/6078MB (cached 37MB) IRAM 0/252kB(lfb 252kB) CPU [7%@921,7%@921,off,off] EMC_FREQ 0%@1600 GR3D_FREQ 0%@614 APE 25 PLL@30C CPU@32C iwlwifi@32C PMIC@50C GPU@30C AO@41.5C thermal@30.75C POM_5V_IN 2215/2069 POM_5V_GPU 82/82 POM_5V_CPU 574/458
RAM 1386/3964MB (lfb 8x4MB) SWAP 765/6078MB (cached 37MB) IRAM 0/252kB(lfb 252kB) CPU [5%@921,8%@921,off,off] EMC_FREQ 0%@1600 GR3D_FREQ 0%@614 APE 25 PLL@30C CPU@32C iwlwifi@32C PMIC@50C GPU@30C AO@41C thermal@30.75C POM_5V_IN 2174/2069 POM_5V_GPU 82/82 POM_5V_CPU 574/458
RAM 1371/3964MB (lfb 8x4MB) SWAP 765/6078MB (cached 37MB) IRAM 0/252kB(lfb 252kB) CPU [4%@921,10%@921,off,off] EMC_FREQ 0%@1600 GR3D_FREQ 0%@614 APE 25 PLL@30.5C CPU@31.5C iwlwifi@32C PMIC@50C GPU@30C AO@41C thermal@30.5C POM_5V_IN 1934/2069 POM_5V_GPU 82/82 POM_5V_CPU 329/458
RAM 1382/3964MB (lfb 8x4MB) SWAP 765/6078MB (cached 37MB) IRAM 0/252kB(lfb 252kB) CPU [7%@921,7%@921,off,off] EMC_FREQ 0%@1600 GR3D_FREQ 0%@614 APE 25 PLL@30C CPU@32C iwlwifi@32C PMIC@50C GPU@29.5C AO@41C thermal@31C POM_5V_IN 2174/2069 POM_5V_GPU 82/82 POM_5V_CPU 574/458
RAM 1387/3964MB (lfb 8x4MB) SWAP 765/6078MB (cached 37MB) IRAM 0/252kB(lfb 252kB) CPU [7%@921,6%@921,off,off] EMC_FREQ 0%@1600 GR3D_FREQ 0%@614 APE 25 PLL@30C CPU@31.5C iwlwifi@32C PMIC@50C GPU@30C AO@41C thermal@30.75C POM_5V_IN 1731/2069 POM_5V_GPU 82/82 POM_5V_CPU 164/458
RAM 1389/3964MB (lfb 8x4MB) SWAP 765/6078MB (cached 37MB) IRAM 0/252kB(lfb 252kB) CPU [7%@921,6%@921,off,off] EMC_FREQ 0%@1600 GR3D_FREQ 0%@614 APE 25 PLL@30C CPU@32C iwlwifi@32C PMIC@50C GPU@30C AO@41C thermal@30.75C POM_5V_IN 1892/2069 POM_5V_GPU 82/82 POM_5V_CPU 288/458
RAM 1385/3964MB (lfb 8x4MB) SWAP 765/6078MB (cached 37MB) IRAM 0/252kB(lfb 252kB) CPU [6%@921,7%@921,off,off] EMC_FREQ 0%@1600 GR3D_FREQ 0%@614 APE 25 PLL@30.5C CPU@31.5C iwlwifi@32C PMIC@50C GPU@30C AO@41.5C thermal@30.5C POM_5V_IN 2170/2069 POM_5V_GPU 81/82 POM_5V_CPU 614/458
RAM 1389/3964MB (lfb 8x4MB) SWAP 765/6078MB (cached 37MB) IRAM 0/252kB(lfb 252kB) CPU [8%@921,6%@921,off,off] EMC_FREQ 0%@1600 GR3D_FREQ 0%@614 APE 25 PLL@30.5C CPU@31.5C iwlwifi@32C PMIC@50C GPU@30C AO@41.5C thermal@30.75C POM_5V_IN 1934/2069 POM_5V_GPU 82/82 POM_5V_CPU 329/458
RAM 1387/3964MB (lfb 8x4MB) SWAP 765/6078MB (cached 37MB) IRAM 0/252kB(lfb 252kB) CPU [8%@921,5%@921,off,off] EMC_FREQ 0%@1600 GR3D_FREQ 0%@614 APE 25 PLL@30.5C CPU@31.5C iwlwifi@32C PMIC@50C GPU@30C AO@41C thermal@30.75C POM_5V_IN 1972/2069 POM_5V_GPU 82/82 POM_5V_CPU 369/458
RAM 1372/3964MB (lfb 8x4MB) SWAP 765/6078MB (cached 37MB) IRAM 0/252kB(lfb 252kB) CPU [7%@921,8%@921,off,off] EMC_FREQ 0%@1600 GR3D_FREQ 0%@614 APE 25 PLL@30.5C CPU@31.5C iwlwifi@32C PMIC@50C GPU@30C AO@41C thermal@30.75C POM_5V_IN 2215/2069 POM_5V_GPU 82/82 POM_5V_CPU 574/458
RAM 1372/3964MB (lfb 8x4MB) SWAP 765/6078MB (cached 37MB) IRAM 0/252kB(lfb 252kB) CPU [7%@921,7%@921,off,off] EMC_FREQ 0%@1600 GR3D_FREQ 0%@614 APE 25 PLL@30C CPU@32C iwlwifi@32C PMIC@50C GPU@30C AO@41.5C thermal@30.75C POM_5V_IN 2215/2069 POM_5V_GPU 82/82 POM_5V_CPU 574/458
RAM 1372/3964MB (lfb 8x4MB) SWAP 765/6078MB (cached 37MB) IRAM 0/252kB(lfb 252kB) CPU [6%@921,8%@921,off,off] EMC_FREQ 0%@1600 GR3D_FREQ 0%@614 APE 25 PLL@30C CPU@31.5C iwlwifi@32C PMIC@50C GPU@30C AO@41C thermal@30.75C POM_5V_IN 2256/2069 POM_5V_GPU 82/82 POM_5V_CPU 615/458
RAM 1391/3964MB (lfb 8x4MB) SWAP 765/6078MB (cached 37MB) IRAM 0/252kB(lfb 252kB) CPU [8%@921,5%@921,off,off] EMC_FREQ 0%@1600 GR3D_FREQ 0%@614 APE 25 PLL@30.5C CPU@31.5C iwlwifi@32C PMIC@50C GPU@30C AO@41.5C thermal@30.75C POM_5V_IN 2174/2069 POM_5V_GPU 82/82 POM_5V_CPU 574/458
RAM 1372/3964MB (lfb 8x4MB) SWAP 765/6078MB (cached 37MB) IRAM 0/252kB(lfb 252kB) CPU [7%@921,7%@921,off,off] EMC_FREQ 0%@1600 GR3D_FREQ 0%@614 APE 25 PLL@29.5C CPU@31.5C iwlwifi@32C PMIC@50C GPU@30C AO@41C thermal@30.75C POM_5V_IN 1931/2069 POM_5V_GPU 82/82 POM_5V_CPU 328/458
RAM 1388/3964MB (lfb 8x4MB) SWAP 765/6078MB (cached 37MB) IRAM 0/252kB(lfb 252kB) CPU [6%@921,6%@921,off,off] EMC_FREQ 0%@1600 GR3D_FREQ 0%@614 APE 25 PLL@30C CPU@32C iwlwifi@32C PMIC@50C GPU@30C AO@41.5C thermal@31C POM_5V_IN 2215/2069 POM_5V_GPU 82/82 POM_5V_CPU 574/458
RAM 1371/3964MB (lfb 8x4MB) SWAP 765/6078MB (cached 37MB) IRAM 0/252kB(lfb 252kB) CPU [7%@921,8%@921,off,off] EMC_FREQ 0%@1600 GR3D_FREQ 0%@614 APE 25 PLL@30C CPU@31.5C iwlwifi@32C PMIC@50C GPU@30C AO@41.5C thermal@30.75C POM_5V_IN 1931/2069 POM_5V_GPU 82/82 POM_5V_CPU 369/458
RAM 1387/3964MB (lfb 8x4MB) SWAP 765/6078MB (cached 37MB) IRAM 0/252kB(lfb 252kB) CPU [8%@921,6%@921,off,off] EMC_FREQ 0%@1600 GR3D_FREQ 0%@614 APE 25 PLL@30C CPU@32C iwlwifi@32C PMIC@50C GPU@30C AO@41C thermal@31C POM_5V_IN 2174/2069 POM_5V_GPU 82/82 POM_5V_CPU 574/458
RAM 1387/3964MB (lfb 8x4MB) SWAP 765/6078MB (cached 37MB) IRAM 0/252kB(lfb 252kB) CPU [5%@921,9%@921,off,off] EMC_FREQ 0%@1600 GR3D_FREQ 0%@614 APE 25 PLL@30.5C CPU@31C iwlwifi@32C PMIC@50C GPU@30C AO@41C thermal@31C POM_5V_IN 2013/2069 POM_5V_GPU 82/82 POM_5V_CPU 410/458
RAM 1386/3964MB (lfb 8x4MB) SWAP 765/6078MB (cached 37MB) IRAM 0/252kB(lfb 252kB) CPU [6%@921,7%@921,off,off] EMC_FREQ 0%@1600 GR3D_FREQ 0%@614 APE 25 PLL@30.5C CPU@31.5C iwlwifi@33C PMIC@50C GPU@30C AO@41C thermal@30.75C POM_5V_IN 1934/2069 POM_5V_GPU 82/82 POM_5V_CPU 329/458
RAM 1385/3964MB (lfb 8x4MB) SWAP 765/6078MB (cached 37MB) IRAM 0/252kB(lfb 252kB) CPU [6%@921,8%@921,off,off] EMC_FREQ 0%@1600 GR3D_FREQ 0%@614 APE 25 PLL@30C CPU@32C iwlwifi@32C PMIC@50C GPU@30C AO@41C thermal@30.75C POM_5V_IN 1687/2069 POM_5V_GPU 82/82 POM_5V_CPU 164/458
RAM 1389/3964MB (lfb 8x4MB) SWAP 765/6078MB (cached 37MB) IRAM 0/252kB(lfb 252kB) CPU [7%@921,7%@921,off,off] EMC_FREQ 0%@1600 GR3D_FREQ 0%@614 APE 25 PLL@30C CPU@31.5C iwlwifi@32C PMIC@50C GPU@30C AO@41.5C thermal@30.75C POM_5V_IN 1892/2069 POM_5V_GPU 82/82 POM_5V_CPU 329/458
RAM 1371/3964MB (lfb 8x4MB) SWAP 765/6078MB (cached 37MB) IRAM 0/252kB(lfb 252kB) CPU [5%@921,9%@921,off,off] EMC_FREQ 0%@1600 GR3D_FREQ 0%@614 APE 25 PLL@30C CPU@32C iwlwifi@32C PMIC@50C GPU@29.5C AO@41.5C thermal@30.75C POM_5V_IN 2136/2069 POM_5V_GPU 82/82 POM_5V_CPU 493/458
RAM 1371/3964MB (lfb 8x4MB) SWAP 765/6078MB (cached 37MB) IRAM 0/252kB(lfb 252kB) CPU [10%@921,4%@921,off,off] EMC_FREQ 0%@1600 GR3D_FREQ 0%@614 APE 25 PLL@30C CPU@32C iwlwifi@32C PMIC@50C GPU@30C AO@41.5C thermal@30.75C POM_5V_IN 2215/2069 POM_5V_GPU 82/82 POM_5V_CPU 574/458
RAM 1372/3964MB (lfb 8x4MB) SWAP 765/6078MB (cached 37MB) IRAM 0/252kB(lfb 252kB) CPU [8%@921,5%@921,off,off] EMC_FREQ 0%@1600 GR3D_FREQ 0%@614 APE 25 PLL@30C CPU@32C iwlwifi@32C PMIC@50C GPU@30C AO@41C thermal@30.75C POM_5V_IN 2174/2069 POM_5V_GPU 82/82 POM_5V_CPU 533/458
RAM 1385/3964MB (lfb 8x4MB) SWAP 765/6078MB (cached 37MB) IRAM 0/252kB(lfb 252kB) CPU [8%@921,5%@921,off,off] EMC_FREQ 0%@1600 GR3D_FREQ 0%@614 APE 25 PLL@30.5C CPU@31.5C iwlwifi@32C PMIC@50C GPU@30C AO@41C thermal@31C POM_5V_IN 2174/2069 POM_5V_GPU 82/82 POM_5V_CPU 574/458
RAM 1372/3964MB (lfb 8x4MB) SWAP 765/6078MB (cached 37MB) IRAM 0/252kB(lfb 252kB) CPU [8%@921,6%@921,off,off] EMC_FREQ 0%@1600 GR3D_FREQ 0%@614 APE 25 PLL@30C CPU@32C iwlwifi@32C PMIC@50C GPU@30.5C AO@41C thermal@31C POM_5V_IN 1934/2069 POM_5V_GPU 82/82 POM_5V_CPU 370/458
RAM 1389/3964MB (lfb 8x4MB) SWAP 765/6078MB (cached 37MB) IRAM 0/252kB(lfb 252kB) CPU [8%@921,5%@921,off,off] EMC_FREQ 0%@1600 GR3D_FREQ 0%@614 APE 25 PLL@30.5C CPU@32C iwlwifi@32C PMIC@50C GPU@30C AO@41.5C thermal@31C POM_5V_IN 2174/2069 POM_5V_GPU 82/82 POM_5V_CPU 574/458
RAM 1371/3964MB (lfb 8x4MB) SWAP 765/6078MB (cached 37MB) IRAM 0/252kB(lfb 252kB) CPU [8%@921,5%@921,off,off] EMC_FREQ 0%@1600 GR3D_FREQ 0%@614 APE 25 PLL@30C CPU@31.5C iwlwifi@32C PMIC@50C GPU@30C AO@41C thermal@30.75C POM_5V_IN 1892/2069 POM_5V_GPU 82/82 POM_5V_CPU 329/458
RAM 1385/3964MB (lfb 8x4MB) SWAP 765/6078MB (cached 37MB) IRAM 0/252kB(lfb 252kB) CPU [4%@921,9%@921,off,off] EMC_FREQ 0%@1600 GR3D_FREQ 0%@614 APE 25 PLL@30.5C CPU@31.5C iwlwifi@32C PMIC@50C GPU@30C AO@41C thermal@30.75C POM_5V_IN 2215/2069 POM_5V_GPU 82/82 POM_5V_CPU 574/458
RAM 1387/3964MB (lfb 8x4MB) SWAP 765/6078MB (cached 37MB) IRAM 0/252kB(lfb 252kB) CPU [7%@921,6%@921,off,off] EMC_FREQ 0%@1600 GR3D_FREQ 0%@614 APE 25 PLL@30C CPU@31.5C iwlwifi@32C PMIC@50C GPU@30C AO@41.5C thermal@31C POM_5V_IN 1934/2069 POM_5V_GPU 82/82 POM_5V_CPU 329/458
RAM 1388/3964MB (lfb 8x4MB) SWAP 765/6078MB (cached 37MB) IRAM 0/252kB(lfb 252kB) CPU [7%@921,7%@921,off,off] EMC_FREQ 0%@1600 GR3D_FREQ 0%@614 APE 25 PLL@30C CPU@32C iwlwifi@32C PMIC@50C GPU@29.5C AO@41C thermal@30.75C POM_5V_IN 1975/2069 POM_5V_GPU 82/82 POM_5V_CPU 369/458
RAM 1387/3964MB (lfb 8x4MB) SWAP 765/6078MB (cached 37MB) IRAM 0/252kB(lfb 252kB) CPU [8%@921,5%@921,off,off] EMC_FREQ 0%@1600 GR3D_FREQ 0%@614 APE 25 PLL@30.5C CPU@32C iwlwifi@32C PMIC@50C GPU@30C AO@41C thermal@30.75C POM_5V_IN 1934/2069 POM_5V_GPU 82/82 POM_5V_CPU 370/458
RAM 1387/3964MB (lfb 8x4MB) SWAP 765/6078MB (cached 37MB) IRAM 0/252kB(lfb 252kB) CPU [6%@921,8%@921,off,off] EMC_FREQ 0%@1600 GR3D_FREQ 0%@614 APE 25 PLL@30.5C CPU@31.5C iwlwifi@32C PMIC@50C GPU@30C AO@41C thermal@30.75C POM_5V_IN 2215/2069 POM_5V_GPU 82/82 POM_5V_CPU 574/458
RAM 1387/3964MB (lfb 8x4MB) SWAP 765/6078MB (cached 37MB) IRAM 0/252kB(lfb 252kB) CPU [7%@921,7%@921,off,off] EMC_FREQ 0%@1600 GR3D_FREQ 0%@614 APE 25 PLL@30.5C CPU@32.5C iwlwifi@32C PMIC@50C GPU@30C AO@41C thermal@31C POM_5V_IN 2334/2069 POM_5V_GPU 81/82 POM_5V_CPU 696/458
RAM 1372/3964MB (lfb 8x4MB) SWAP 765/6078MB (cached 37MB) IRAM 0/252kB(lfb 252kB) CPU [7%@921,7%@921,off,off] EMC_FREQ 0%@1600 GR3D_FREQ 0%@614 APE 25 PLL@30.5C CPU@31.5C iwlwifi@32C PMIC@50C GPU@30C AO@41C thermal@31C POM_5V_IN 2215/2069 POM_5V_GPU 82/82 POM_5V_CPU 533/458
RAM 1373/3964MB (lfb 8x4MB) SWAP 765/6078MB (cached 37MB) IRAM 0/252kB(lfb 252kB) CPU [6%@921,10%@921,off,off] EMC_FREQ 0%@1600 GR3D_FREQ 0%@614 APE 25 PLL@30.5C CPU@32C iwlwifi@32C PMIC@50C GPU@30C AO@41C thermal@30.75C POM_5V_IN 2174/2069 POM_5V_GPU 82/82 POM_5V_CPU 533/458
RAM 1388/3964MB (lfb 8x4MB) SWAP 765/6078MB (cached 37MB) IRAM 0/252kB(lfb 252kB) CPU [7%@921,8%@921,off,off] EMC_FREQ 0%@1600 GR3D_FREQ 0%@614 APE 25 PLL@30C CPU@31.5C iwlwifi@32C PMIC@50C GPU@30C AO@41C thermal@30.75C POM_5V_IN 2215/2069 POM_5V_GPU 82/82 POM_5V_CPU 574/458
RAM 1371/3964MB (lfb 8x4MB) SWAP 765/6078MB (cached 37MB) IRAM 0/252kB(lfb 252kB) CPU [8%@921,6%@921,off,off] EMC_FREQ 0%@1600 GR3D_FREQ 0%@614 APE 25 PLL@30.5C CPU@31.5C iwlwifi@32C PMIC@50C GPU@30C AO@41C thermal@31C POM_5V_IN 1892/2069 POM_5V_GPU 82/82 POM_5V_CPU 288/458
RAM 1386/3964MB (lfb 8x4MB) SWAP 765/6078MB (cached 37MB) IRAM 0/252kB(lfb 252kB) CPU [8%@921,4%@921,off,off] EMC_FREQ 0%@1600 GR3D_FREQ 0%@614 APE 25 PLL@30C CPU@31.5C iwlwifi@32C PMIC@50C GPU@30.5C AO@40.5C thermal@31C POM_5V_IN 2174/2069 POM_5V_GPU 82/82 POM_5V_CPU 574/458
RAM 1388/3964MB (lfb 8x4MB) SWAP 765/6078MB (cached 37MB) IRAM 0/252kB(lfb 252kB) CPU [6%@921,7%@921,off,off] EMC_FREQ 0%@1600 GR3D_FREQ 0%@614 APE 25 PLL@30.5C CPU@31.5C iwlwifi@33C PMIC@50C GPU@30C AO@41C thermal@31.25C POM_5V_IN 1892/2069 POM_5V_GPU 82/82 POM_5V_CPU 329/458
RAM 1388/3964MB (lfb 8x4MB) SWAP 765/6078MB (cached 37MB) IRAM 0/252kB(lfb 252kB) CPU [5%@921,9%@921,off,off] EMC_FREQ 0%@1600 GR3D_FREQ 0%@614 APE 25 PLL@30.5C CPU@32C iwlwifi@32C PMIC@50C GPU@30C AO@41C thermal@30.75C POM_5V_IN 2252/2069 POM_5V_GPU 81/82 POM_5V_CPU 573/458
RAM 1387/3964MB (lfb 8x4MB) SWAP 765/6078MB (cached 37MB) IRAM 0/252kB(lfb 252kB) CPU [9%@921,5%@921,off,off] EMC_FREQ 0%@1600 GR3D_FREQ 0%@614 APE 25 PLL@30C CPU@31.5C iwlwifi@32C PMIC@50C GPU@30C AO@41.5C thermal@31C POM_5V_IN 1934/2069 POM_5V_GPU 82/82 POM_5V_CPU 329/458
RAM 1385/3964MB (lfb 8x4MB) SWAP 765/6078MB (cached 37MB) IRAM 0/252kB(lfb 252kB) CPU [8%@921,5%@921,off,off] EMC_FREQ 0%@1600 GR3D_FREQ 0%@614 APE 25 PLL@30C CPU@32C iwlwifi@32C PMIC@50C GPU@30C AO@41C thermal@30.75C POM_5V_IN 1934/2069 POM_5V_GPU 82/82 POM_5V_CPU 329/458
RAM 1385/3964MB (lfb 8x4MB) SWAP 765/6078MB (cached 37MB) IRAM 0/252kB(lfb 252kB) CPU [9%@921,5%@921,off,off] EMC_FREQ 0%@1600 GR3D_FREQ 0%@614 APE 25 PLL@30C CPU@31.5C iwlwifi@32C PMIC@50C GPU@30C AO@41C thermal@30.75C POM_5V_IN 1975/2069 POM_5V_GPU 82/82 POM_5V_CPU 369/458
RAM 1372/3964MB (lfb 8x4MB) SWAP 765/6078MB (cached 37MB) IRAM 0/252kB(lfb 252kB) CPU [6%@921,7%@921,off,off] EMC_FREQ 0%@1600 GR3D_FREQ 0%@614 APE 25 PLL@30.5C CPU@32C iwlwifi@32C PMIC@50C GPU@30C AO@41C thermal@31C POM_5V_IN 2136/2069 POM_5V_GPU 82/82 POM_5V_CPU 492/458
RAM 1372/3964MB (lfb 8x4MB) SWAP 765/6078MB (cached 37MB) IRAM 0/252kB(lfb 252kB) CPU [6%@921,8%@921,off,off] EMC_FREQ 0%@1600 GR3D_FREQ 0%@614 APE 25 PLL@30.5C CPU@32C iwlwifi@32C PMIC@50C GPU@30C AO@41C thermal@30.75C POM_5V_IN 2215/2069 POM_5V_GPU 82/82 POM_5V_CPU 574/458
RAM 1372/3964MB (lfb 8x4MB) SWAP 765/6078MB (cached 37MB) IRAM 0/252kB(lfb 252kB) CPU [6%@921,7%@921,off,off] EMC_FREQ 0%@1600 GR3D_FREQ 0%@614 APE 25 PLL@30.5C CPU@31.5C iwlwifi@32C PMIC@50C GPU@29.5C AO@41.5C thermal@30.75C POM_5V_IN 2174/2069 POM_5V_GPU 82/82 POM_5V_CPU 574/458
RAM 1372/3964MB (lfb 8x4MB) SWAP 765/6078MB (cached 37MB) IRAM 0/252kB(lfb 252kB) CPU [7%@921,7%@921,off,off] EMC_FREQ 0%@1600 GR3D_FREQ 0%@614 APE 25 PLL@30.5C CPU@31.5C iwlwifi@32C PMIC@50C GPU@30C AO@41C thermal@30.75C POM_5V_IN 2174/2069 POM_5V_GPU 82/82 POM_5V_CPU 574/458
RAM 1387/3964MB (lfb 8x4MB) SWAP 765/6078MB (cached 37MB) IRAM 0/252kB(lfb 252kB) CPU [6%@921,7%@921,off,off] EMC_FREQ 0%@1600 GR3D_FREQ 0%@614 APE 25 PLL@30.5C CPU@31.5C iwlwifi@32C PMIC@50C GPU@30C AO@41C thermal@30.75C POM_5V_IN 2174/2069 POM_5V_GPU 82/82 POM_5V_CPU 533/458
RAM 1372/3964MB (lfb 8x4MB) SWAP 765/6078MB (cached 37MB) IRAM 0/252kB(lfb 252kB) CPU [6%@921,7%@921,off,off] EMC_FREQ 0%@1600 GR3D_FREQ 0%@614 APE 25 PLL@30.5C CPU@31.5C iwlwifi@32C PMIC@50C GPU@30C AO@41C thermal@31C POM_5V_IN 1934/2069 POM_5V_GPU 82/82 POM_5V_CPU 329/458
RAM 1386/3964MB (lfb 8x4MB) SWAP 765/6078MB (cached 37MB) IRAM 0/252kB(lfb 252kB) CPU [6%@921,7%@921,off,off] EMC_FREQ 0%@1600 GR3D_FREQ 0%@614 APE 25 PLL@30.5C CPU@31.5C iwlwifi@32C PMIC@50C GPU@30C AO@41C thermal@30.75C POM_5V_IN 2215/2069 POM_5V_GPU 82/82 POM_5V_CPU 574/458
RAM 1389/3964MB (lfb 8x4MB) SWAP 765/6078MB (cached 37MB) IRAM 0/252kB(lfb 252kB) CPU [7%@921,6%@921,off,off] EMC_FREQ 0%@1600 GR3D_FREQ 0%@614 APE 25 PLL@30.5C CPU@31.5C iwlwifi@32C PMIC@50C GPU@30C AO@41.5C thermal@30.75C POM_5V_IN 1975/2069 POM_5V_GPU 82/82 POM_5V_CPU 369/458
RAM 1389/3964MB (lfb 8x4MB) SWAP 765/6078MB (cached 37MB) IRAM 0/252kB(lfb 252kB) CPU [6%@921,8%@921,off,off] EMC_FREQ 0%@1600 GR3D_FREQ 0%@614 APE 25 PLL@30C CPU@31.5C iwlwifi@32C PMIC@50C GPU@29.5C AO@41C thermal@31C POM_5V_IN 1975/2069 POM_5V_GPU 82/82 POM_5V_CPU 370/458
RAM 1385/3964MB (lfb 8x4MB) SWAP 765/6078MB (cached 37MB) IRAM 0/252kB(lfb 252kB) CPU [7%@921,6%@921,off,off] EMC_FREQ 0%@1600 GR3D_FREQ 0%@614 APE 25 PLL@30.5C CPU@32C iwlwifi@32C PMIC@50C GPU@29.5C AO@41C thermal@30.5C POM_5V_IN 1975/2069 POM_5V_GPU 82/82 POM_5V_CPU 370/458
RAM 1387/3964MB (lfb 8x4MB) SWAP 765/6078MB (cached 37MB) IRAM 0/252kB(lfb 252kB) CPU [9%@921,5%@921,off,off] EMC_FREQ 0%@1600 GR3D_FREQ 0%@614 APE 25 PLL@30.5C CPU@31.5C iwlwifi@32C PMIC@50C GPU@30C AO@41.5C thermal@30.75C POM_5V_IN 1934/2069 POM_5V_GPU 82/82 POM_5V_CPU 329/458
RAM 1386/3964MB (lfb 8x4MB) SWAP 765/6078MB (cached 37MB) IRAM 0/252kB(lfb 252kB) CPU [7%@921,7%@921,off,off] EMC_FREQ 0%@1600 GR3D_FREQ 0%@614 APE 25 PLL@30.5C CPU@31.5C iwlwifi@32C PMIC@50C GPU@30.5C AO@41.5C thermal@30.75C POM_5V_IN 2174/2069 POM_5V_GPU 82/82 POM_5V_CPU 533/458
RAM 1389/3964MB (lfb 8x4MB) SWAP 765/6078MB (cached 37MB) IRAM 0/252kB(lfb 252kB) CPU [6%@921,8%@921,off,off] EMC_FREQ 0%@1600 GR3D_FREQ 0%@614 APE 25 PLL@30C CPU@31.5C iwlwifi@32C PMIC@50C GPU@30C AO@41.5C thermal@30.5C POM_5V_IN 1934/2069 POM_5V_GPU 82/82 POM_5V_CPU 329/458
RAM 1371/3964MB (lfb 8x4MB) SWAP 765/6078MB (cached 37MB) IRAM 0/252kB(lfb 252kB) CPU [8%@921,5%@921,off,off] EMC_FREQ 0%@1600 GR3D_FREQ 0%@614 APE 25 PLL@30C CPU@32C iwlwifi@32C PMIC@50C GPU@30C AO@41C thermal@30.75C POM_5V_IN 2174/2069 POM_5V_GPU 82/82 POM_5V_CPU 574/458
RAM 1385/3964MB (lfb 8x4MB) SWAP 765/6078MB (cached 37MB) IRAM 0/252kB(lfb 252kB) CPU [9%@921,6%@921,off,off] EMC_FREQ 0%@1600 GR3D_FREQ 0%@614 APE 25 PLL@30C CPU@32C iwlwifi@32C PMIC@50C GPU@30C AO@41C thermal@30.75C POM_5V_IN 2174/2069 POM_5V_GPU 82/82 POM_5V_CPU 574/458
RAM 1387/3964MB (lfb 8x4MB) SWAP 765/6078MB (cached 37MB) IRAM 0/252kB(lfb 252kB) CPU [6%@921,7%@921,off,off] EMC_FREQ 0%@1600 GR3D_FREQ 0%@614 APE 25 PLL@30C CPU@32C iwlwifi@33C PMIC@50C GPU@30.5C AO@41C thermal@30.75C POM_5V_IN 1934/2069 POM_5V_GPU 82/82 POM_5V_CPU 329/458
RAM 1385/3964MB (lfb 8x4MB) SWAP 765/6078MB (cached 37MB) IRAM 0/252kB(lfb 252kB) CPU [9%@921,5%@921,off,off] EMC_FREQ 0%@1600 GR3D_FREQ 0%@614 APE 25 PLL@30.5C CPU@31.5C iwlwifi@32C PMIC@50C GPU@30C AO@41C thermal@30.75C POM_5V_IN 1975/2069 POM_5V_GPU 82/82 POM_5V_CPU 370/458
RAM 1391/3964MB (lfb 8x4MB) SWAP 765/6078MB (cached 37MB) IRAM 0/252kB(lfb 252kB) CPU [8%@921,6%@921,off,off] EMC_FREQ 0%@1600 GR3D_FREQ 0%@614 APE 25 PLL@30.5C CPU@31.5C iwlwifi@34C PMIC@50C GPU@30C AO@41.5C thermal@31C POM_5V_IN 1934/2069 POM_5V_GPU 82/82 POM_5V_CPU 329/458
RAM 1379/3964MB (lfb 8x4MB) SWAP 763/6078MB (cached 38MB) IRAM 0/252kB(lfb 252kB) CPU [21%@921,19%@921,off,off] EMC_FREQ 0%@1600 GR3D_FREQ 0%@614 APE 25 PLL@30C CPU@31.5C iwlwifi@32C PMIC@50C GPU@30.5C AO@41.5C thermal@31C POM_5V_IN 1969/2069 POM_5V_GPU 82/82 POM_5V_CPU 410/458
RAM 1397/3964MB (lfb 8x4MB) SWAP 763/6078MB (cached 38MB) IRAM 0/252kB(lfb 252kB) CPU [7%@921,6%@921,off,off] EMC_FREQ 0%@1600 GR3D_FREQ 0%@614 APE 25 PLL@30.5C CPU@31.5C iwlwifi@32C PMIC@50C GPU@30C AO@41.5C thermal@30.75C POM_5V_IN 2174/2069 POM_5V_GPU 82/82 POM_5V_CPU 533/458
RAM 1395/3964MB (lfb 8x4MB) SWAP 763/6078MB (cached 38MB) IRAM 0/252kB(lfb 252kB) CPU [6%@921,7%@921,off,off] EMC_FREQ 0%@1600 GR3D_FREQ 0%@614 APE 25 PLL@30C CPU@31.5C iwlwifi@32C PMIC@50C GPU@30C AO@41C thermal@30.75C POM_5V_IN 1934/2069 POM_5V_GPU 82/82 POM_5V_CPU 329/458
RAM 1397/3964MB (lfb 8x4MB) SWAP 763/6078MB (cached 38MB) IRAM 0/252kB(lfb 252kB) CPU [7%@921,8%@921,off,off] EMC_FREQ 0%@1600 GR3D_FREQ 0%@614 APE 25 PLL@30.5C CPU@32.5C iwlwifi@32C PMIC@50C GPU@30C AO@41.5C thermal@30.75C POM_5V_IN 2416/2069 POM_5V_GPU 81/82 POM_5V_CPU 737/458
RAM 1392/3964MB (lfb 8x4MB) SWAP 763/6078MB (cached 38MB) IRAM 0/252kB(lfb 252kB) CPU [8%@921,7%@921,off,off] EMC_FREQ 0%@1600 GR3D_FREQ 0%@614 APE 25 PLL@30.5C CPU@31.5C iwlwifi@33C PMIC@50C GPU@30C AO@41C thermal@30.75C POM_5V_IN 2095/2069 POM_5V_GPU 82/82 POM_5V_CPU 493/458
RAM 1393/3964MB (lfb 8x4MB) SWAP 763/6078MB (cached 38MB) IRAM 0/252kB(lfb 252kB) CPU [7%@921,6%@921,off,off] EMC_FREQ 0%@1600 GR3D_FREQ 0%@614 APE 25 PLL@30C CPU@31.5C iwlwifi@35C PMIC@50C GPU@30C AO@41C thermal@30.75C POM_5V_IN 1892/2069 POM_5V_GPU 82/82 POM_5V_CPU 329/458
RAM 1393/3964MB (lfb 8x4MB) SWAP 763/6078MB (cached 38MB) IRAM 0/252kB(lfb 252kB) CPU [11%@921,6%@921,off,off] EMC_FREQ 0%@1600 GR3D_FREQ 0%@614 APE 25 PLL@30C CPU@31.5C iwlwifi@33C PMIC@50C GPU@30C AO@41.5C thermal@31C POM_5V_IN 2013/2069 POM_5V_GPU 82/82 POM_5V_CPU 451/458
RAM 1378/3964MB (lfb 8x4MB) SWAP 763/6078MB (cached 38MB) IRAM 0/252kB(lfb 252kB) CPU [9%@921,5%@921,off,off] EMC_FREQ 0%@1600 GR3D_FREQ 0%@614 APE 25 PLL@30C CPU@31.5C iwlwifi@33C PMIC@50C GPU@30.5C AO@41C thermal@30.75C POM_5V_IN 1934/2069 POM_5V_GPU 82/82 POM_5V_CPU 370/458
RAM 1397/3964MB (lfb 8x4MB) SWAP 763/6078MB (cached 38MB) IRAM 0/252kB(lfb 252kB) CPU [6%@921,8%@921,off,off] EMC_FREQ 0%@1600 GR3D_FREQ 0%@614 APE 25 PLL@30C CPU@32C iwlwifi@32C PMIC@50C GPU@30.5C AO@41C thermal@31C POM_5V_IN 2211/2069 POM_5V_GPU 81/82 POM_5V_CPU 573/458
RAM 1397/3964MB (lfb 8x4MB) SWAP 763/6078MB (cached 38MB) IRAM 0/252kB(lfb 252kB) CPU [8%@921,5%@921,off,off] EMC_FREQ 0%@1600 GR3D_FREQ 0%@614 APE 25 PLL@30.5C CPU@31.5C iwlwifi@33C PMIC@50C GPU@30C AO@41.5C thermal@31C POM_5V_IN 1892/2069 POM_5V_GPU 82/82 POM_5V_CPU 288/458
RAM 1379/3964MB (lfb 8x4MB) SWAP 763/6078MB (cached 38MB) IRAM 0/252kB(lfb 252kB) CPU [7%@921,8%@921,off,off] EMC_FREQ 0%@1600 GR3D_FREQ 0%@614 APE 25 PLL@30C CPU@31.5C iwlwifi@32C PMIC@50C GPU@30C AO@41C thermal@31C POM_5V_IN 1975/2069 POM_5V_GPU 82/82 POM_5V_CPU 370/458
RAM 1379/3964MB (lfb 8x4MB) SWAP 763/6078MB (cached 38MB) IRAM 0/252kB(lfb 252kB) CPU [7%@921,6%@921,off,off] EMC_FREQ 0%@1600 GR3D_FREQ 0%@614 APE 25 PLL@30.5C CPU@31.5C iwlwifi@32C PMIC@50C GPU@30.5C AO@41C thermal@31C POM_5V_IN 2290/2069 POM_5V_GPU 81/82 POM_5V_CPU 572/458
RAM 1379/3964MB (lfb 8x4MB) SWAP 763/6078MB (cached 38MB) IRAM 0/252kB(lfb 252kB) CPU [5%@921,9%@921,off,off] EMC_FREQ 0%@1600 GR3D_FREQ 0%@614 APE 25 PLL@30C CPU@32C iwlwifi@32C PMIC@50C GPU@30.5C AO@41C thermal@31.5C POM_5V_IN 2215/2069 POM_5V_GPU 82/82 POM_5V_CPU 574/458
RAM 1395/3964MB (lfb 8x4MB) SWAP 763/6078MB (cached 38MB) IRAM 0/252kB(lfb 252kB) CPU [5%@921,8%@921,off,off] EMC_FREQ 0%@1600 GR3D_FREQ 0%@614 APE 25 PLL@30.5C CPU@32C iwlwifi@32C PMIC@50C GPU@30C AO@41C thermal@30.75C POM_5V_IN 2174/2069 POM_5V_GPU 82/82 POM_5V_CPU 533/458
RAM 1372/3964MB (lfb 8x4MB) SWAP 763/6078MB (cached 38MB) IRAM 0/252kB(lfb 252kB) CPU [11%@921,3%@921,off,off] EMC_FREQ 0%@1600 GR3D_FREQ 0%@614 APE 25 PLL@30C CPU@32C iwlwifi@32C PMIC@50C GPU@30.5C AO@41C thermal@30.75C POM_5V_IN 1972/2069 POM_5V_GPU 82/82 POM_5V_CPU 369/458
RAM 1393/3964MB (lfb 8x4MB) SWAP 763/6078MB (cached 38MB) IRAM 0/252kB(lfb 252kB) CPU [6%@921,7%@921,off,off] EMC_FREQ 0%@1600 GR3D_FREQ 0%@614 APE 25 PLL@30C CPU@32C iwlwifi@32C PMIC@50C GPU@30C AO@41.5C thermal@31C POM_5V_IN 2136/2069 POM_5V_GPU 82/82 POM_5V_CPU 533/458
RAM 1397/3964MB (lfb 8x4MB) SWAP 763/6078MB (cached 38MB) IRAM 0/252kB(lfb 252kB) CPU [9%@921,5%@921,off,off] EMC_FREQ 0%@1600 GR3D_FREQ 0%@614 APE 25 PLL@30C CPU@31.5C iwlwifi@32C PMIC@50C GPU@30C AO@41C thermal@30.75C POM_5V_IN 1934/2069 POM_5V_GPU 82/82 POM_5V_CPU 328/458
RAM 1395/3964MB (lfb 8x4MB) SWAP 763/6078MB (cached 38MB) IRAM 0/252kB(lfb 252kB) CPU [7%@921,7%@921,off,off] EMC_FREQ 0%@1600 GR3D_FREQ 0%@614 APE 25 PLL@30C CPU@32C iwlwifi@32C PMIC@50C GPU@30.5C AO@41C thermal@31C POM_5V_IN 1975/2069 POM_5V_GPU 82/82 POM_5V_CPU 370/458
RAM 1395/3964MB (lfb 8x4MB) SWAP 763/6078MB (cached 38MB) IRAM 0/252kB(lfb 252kB) CPU [6%@921,7%@921,off,off] EMC_FREQ 0%@1600 GR3D_FREQ 0%@614 APE 25 PLL@30C CPU@32C iwlwifi@32C PMIC@50C GPU@30C AO@41C thermal@30.75C POM_5V_IN 1934/2069 POM_5V_GPU 82/82 POM_5V_CPU 370/458
RAM 1397/3964MB (lfb 8x4MB) SWAP 763/6078MB (cached 38MB) IRAM 0/252kB(lfb 252kB) CPU [7%@921,7%@921,off,off] EMC_FREQ 0%@1600 GR3D_FREQ 0%@614 APE 25 PLL@30C CPU@31.5C iwlwifi@32C PMIC@50C GPU@30C AO@41.5C thermal@31C POM_5V_IN 1934/2069 POM_5V_GPU 82/82 POM_5V_CPU 329/458
RAM 1393/3964MB (lfb 8x4MB) SWAP 763/6078MB (cached 38MB) IRAM 0/252kB(lfb 252kB) CPU [6%@921,8%@921,off,off] EMC_FREQ 0%@1600 GR3D_FREQ 0%@614 APE 25 PLL@30C CPU@32C iwlwifi@32C PMIC@50C GPU@30.5C AO@41.5C thermal@31C POM_5V_IN 2174/2069 POM_5V_GPU 82/82 POM_5V_CPU 533/458
RAM 1395/3964MB (lfb 8x4MB) SWAP 763/6078MB (cached 38MB) IRAM 0/252kB(lfb 252kB) CPU [7%@921,8%@921,off,off] EMC_FREQ 0%@1600 GR3D_FREQ 0%@614 APE 25 PLL@30C CPU@32C iwlwifi@32C PMIC@50C GPU@30C AO@41C thermal@31C POM_5V_IN 1934/2069 POM_5V_GPU 82/82 POM_5V_CPU 329/458
RAM 1395/3964MB (lfb 8x4MB) SWAP 763/6078MB (cached 38MB) IRAM 0/252kB(lfb 252kB) CPU [8%@921,5%@921,off,off] EMC_FREQ 0%@1600 GR3D_FREQ 0%@614 APE 25 PLL@30C CPU@31.5C iwlwifi@33C PMIC@50C GPU@30.5C AO@41C thermal@31.25C POM_5V_IN 1934/2069 POM_5V_GPU 82/82 POM_5V_CPU 329/458
RAM 1379/3964MB (lfb 8x4MB) SWAP 763/6078MB (cached 38MB) IRAM 0/252kB(lfb 252kB) CPU [8%@921,7%@921,off,off] EMC_FREQ 0%@1600 GR3D_FREQ 0%@614 APE 25 PLL@30C CPU@32C iwlwifi@32C PMIC@50C GPU@30C AO@41.5C thermal@31C POM_5V_IN 1892/2069 POM_5V_GPU 82/82 POM_5V_CPU 370/458
RAM 1393/3964MB (lfb 8x4MB) SWAP 763/6078MB (cached 38MB) IRAM 0/252kB(lfb 252kB) CPU [10%@921,3%@921,off,off] EMC_FREQ 0%@1600 GR3D_FREQ 0%@614 APE 25 PLL@29.5C CPU@32C iwlwifi@32C PMIC@50C GPU@30.5C AO@42C thermal@31C POM_5V_IN 2174/2069 POM_5V_GPU 82/82 POM_5V_CPU 574/458
RAM 1393/3964MB (lfb 8x4MB) SWAP 763/6078MB (cached 38MB) IRAM 0/252kB(lfb 252kB) CPU [6%@921,8%@921,off,off] EMC_FREQ 0%@1600 GR3D_FREQ 0%@614 APE 25 PLL@30C CPU@31.5C iwlwifi@32C PMIC@50C GPU@30C AO@41C thermal@31C POM_5V_IN 1934/2069 POM_5V_GPU 82/82 POM_5V_CPU 329/458
RAM 1395/3964MB (lfb 8x4MB) SWAP 763/6078MB (cached 38MB) IRAM 0/252kB(lfb 252kB) CPU [5%@921,8%@921,off,off] EMC_FREQ 0%@1600 GR3D_FREQ 0%@614 APE 25 PLL@30.5C CPU@32C iwlwifi@32C PMIC@50C GPU@30C AO@41C thermal@30.75C POM_5V_IN 1934/2069 POM_5V_GPU 82/82 POM_5V_CPU 329/458
RAM 1397/3964MB (lfb 8x4MB) SWAP 763/6078MB (cached 38MB) IRAM 0/252kB(lfb 252kB) CPU [5%@921,8%@921,off,off] EMC_FREQ 0%@1600 GR3D_FREQ 0%@614 APE 25 PLL@30C CPU@31.5C iwlwifi@32C PMIC@50C GPU@30C AO@41.5C thermal@30.75C POM_5V_IN 1972/2069 POM_5V_GPU 82/82 POM_5V_CPU 369/458
RAM 1370/3964MB (lfb 8x4MB) SWAP 763/6078MB (cached 38MB) IRAM 0/252kB(lfb 252kB) CPU [8%@921,7%@921,off,off] EMC_FREQ 0%@1600 GR3D_FREQ 0%@614 APE 25 PLL@30C CPU@31.5C iwlwifi@32C PMIC@50C GPU@30C AO@41C thermal@31C POM_5V_IN 2174/2069 POM_5V_GPU 82/82 POM_5V_CPU 533/458
RAM 1379/3964MB (lfb 8x4MB) SWAP 763/6078MB (cached 38MB) IRAM 0/252kB(lfb 252kB) CPU [6%@921,7%@921,off,off] EMC_FREQ 0%@1600 GR3D_FREQ 0%@614 APE 25 PLL@29.5C CPU@31.5C iwlwifi@32C PMIC@50C GPU@30C AO@41.5C thermal@30.75C POM_5V_IN 1810/2069 POM_5V_GPU 82/82 POM_5V_CPU 246/458
RAM 1379/3964MB (lfb 8x4MB) SWAP 763/6078MB (cached 38MB) IRAM 0/252kB(lfb 252kB) CPU [7%@921,7%@921,off,off] EMC_FREQ 0%@1600 GR3D_FREQ 0%@614 APE 25 PLL@30C CPU@32C iwlwifi@32C PMIC@50C GPU@30C AO@41C thermal@30.75C POM_5V_IN 2215/2069 POM_5V_GPU 82/82 POM_5V_CPU 574/458
RAM 1396/3964MB (lfb 8x4MB) SWAP 763/6078MB (cached 38MB) IRAM 0/252kB(lfb 252kB) CPU [4%@921,8%@921,off,off] EMC_FREQ 0%@1600 GR3D_FREQ 0%@614 APE 25 PLL@30C CPU@32C iwlwifi@33C PMIC@50C GPU@30C AO@41.5C thermal@31C POM_5V_IN 2174/2069 POM_5V_GPU 82/82 POM_5V_CPU 574/458
RAM 1379/3964MB (lfb 8x4MB) SWAP 763/6078MB (cached 38MB) IRAM 0/252kB(lfb 252kB) CPU [8%@921,6%@921,off,off] EMC_FREQ 0%@1600 GR3D_FREQ 0%@614 APE 25 PLL@30C CPU@31.5C iwlwifi@32C PMIC@50C GPU@30C AO@41C thermal@31C POM_5V_IN 2215/2069 POM_5V_GPU 82/82 POM_5V_CPU 573/458
RAM 1395/3964MB (lfb 8x4MB) SWAP 763/6078MB (cached 38MB) IRAM 0/252kB(lfb 252kB) CPU [8%@921,6%@921,off,off] EMC_FREQ 0%@1600 GR3D_FREQ 0%@614 APE 25 PLL@29.5C CPU@31.5C iwlwifi@32C PMIC@50C GPU@30C AO@41.5C thermal@31C POM_5V_IN 2174/2069 POM_5V_GPU 82/82 POM_5V_CPU 574/458
RAM 1397/3964MB (lfb 8x4MB) SWAP 763/6078MB (cached 38MB) IRAM 0/252kB(lfb 252kB) CPU [7%@921,6%@921,off,off] EMC_FREQ 0%@1600 GR3D_FREQ 0%@614 APE 25 PLL@30C CPU@31.5C iwlwifi@32C PMIC@50C GPU@30C AO@41C thermal@30.75C POM_5V_IN 1934/2069 POM_5V_GPU 82/82 POM_5V_CPU 329/458
RAM 1395/3964MB (lfb 8x4MB) SWAP 763/6078MB (cached 38MB) IRAM 0/252kB(lfb 252kB) CPU [6%@921,7%@921,off,off] EMC_FREQ 0%@1600 GR3D_FREQ 0%@614 APE 25 PLL@30C CPU@31.5C iwlwifi@32C PMIC@50C GPU@30.5C AO@41C thermal@30.75C POM_5V_IN 1934/2069 POM_5V_GPU 82/82 POM_5V_CPU 329/458
RAM 1397/3964MB (lfb 8x4MB) SWAP 763/6078MB (cached 38MB) IRAM 0/252kB(lfb 252kB) CPU [8%@921,6%@921,off,off] EMC_FREQ 0%@1600 GR3D_FREQ 0%@614 APE 25 PLL@30C CPU@31.5C iwlwifi@32C PMIC@50C GPU@30.5C AO@41.5C thermal@30.75C POM_5V_IN 1934/2069 POM_5V_GPU 82/82 POM_5V_CPU 329/458
RAM 1397/3964MB (lfb 8x4MB) SWAP 763/6078MB (cached 38MB) IRAM 0/252kB(lfb 252kB) CPU [7%@921,6%@921,off,off] EMC_FREQ 0%@1600 GR3D_FREQ 0%@614 APE 25 PLL@30C CPU@31.5C iwlwifi@32C PMIC@50C GPU@30C AO@41C thermal@31C POM_5V_IN 1975/2069 POM_5V_GPU 82/82 POM_5V_CPU 369/458
RAM 1393/3964MB (lfb 8x4MB) SWAP 763/6078MB (cached 38MB) IRAM 0/252kB(lfb 252kB) CPU [8%@921,6%@921,off,off] EMC_FREQ 0%@1600 GR3D_FREQ 0%@614 APE 25 PLL@30C CPU@32C iwlwifi@32C PMIC@50C GPU@30C AO@41.5C thermal@30.75C POM_5V_IN 1975/2069 POM_5V_GPU 82/82 POM_5V_CPU 369/458
RAM 1396/3964MB (lfb 8x4MB) SWAP 763/6078MB (cached 38MB) IRAM 0/252kB(lfb 252kB) CPU [5%@921,8%@921,off,off] EMC_FREQ 0%@1600 GR3D_FREQ 0%@614 APE 25 PLL@30.5C CPU@31.5C iwlwifi@32C PMIC@50C GPU@30.5C AO@41C thermal@30.75C POM_5V_IN 1892/2069 POM_5V_GPU 82/82 POM_5V_CPU 369/458
RAM 1379/3964MB (lfb 8x4MB) SWAP 763/6078MB (cached 38MB) IRAM 0/252kB(lfb 252kB) CPU [7%@921,7%@921,off,off] EMC_FREQ 0%@1600 GR3D_FREQ 0%@614 APE 25 PLL@30.5C CPU@32C iwlwifi@32C PMIC@50C GPU@30C AO@41.5C thermal@30.75C POM_5V_IN 2256/2069 POM_5V_GPU 82/82 POM_5V_CPU 614/458
RAM 1379/3964MB (lfb 8x4MB) SWAP 763/6078MB (cached 38MB) IRAM 0/252kB(lfb 252kB) CPU [8%@921,5%@921,off,off] EMC_FREQ 0%@1600 GR3D_FREQ 0%@614 APE 25 PLL@30.5C CPU@32C iwlwifi@32C PMIC@50C GPU@30C AO@41C thermal@30.75C POM_5V_IN 2256/2069 POM_5V_GPU 82/82 POM_5V_CPU 615/458
RAM 1379/3964MB (lfb 8x4MB) SWAP 763/6078MB (cached 38MB) IRAM 0/252kB(lfb 252kB) CPU [6%@921,7%@921,off,off] EMC_FREQ 0%@1600 GR3D_FREQ 0%@614 APE 25 PLL@30.5C CPU@32C iwlwifi@32C PMIC@50C GPU@30.5C AO@41.5C thermal@30.75C POM_5V_IN 2174/2069 POM_5V_GPU 82/82 POM_5V_CPU 574/458
RAM 1397/3964MB (lfb 8x4MB) SWAP 763/6078MB (cached 38MB) IRAM 0/252kB(lfb 252kB) CPU [6%@921,7%@921,off,off] EMC_FREQ 0%@1600 GR3D_FREQ 0%@614 APE 25 PLL@30C CPU@31.5C iwlwifi@32C PMIC@50C GPU@30C AO@41C thermal@30.75C POM_5V_IN 2174/2069 POM_5V_GPU 82/82 POM_5V_CPU 533/458
RAM 1379/3964MB (lfb 8x4MB) SWAP 763/6078MB (cached 38MB) IRAM 0/252kB(lfb 252kB) CPU [9%@921,5%@921,off,off] EMC_FREQ 0%@1600 GR3D_FREQ 0%@614 APE 25 PLL@30C CPU@31.5C iwlwifi@33C PMIC@50C GPU@30C AO@41.5C thermal@30.5C POM_5V_IN 1934/2069 POM_5V_GPU 82/82 POM_5V_CPU 370/458
RAM 1393/3964MB (lfb 8x4MB) SWAP 763/6078MB (cached 38MB) IRAM 0/252kB(lfb 252kB) CPU [6%@921,7%@921,off,off] EMC_FREQ 0%@1600 GR3D_FREQ 0%@614 APE 25 PLL@30.5C CPU@32C iwlwifi@32C PMIC@50C GPU@30C AO@41C thermal@30.75C POM_5V_IN 2174/2069 POM_5V_GPU 82/82 POM_5V_CPU 574/458
RAM 1397/3964MB (lfb 8x4MB) SWAP 763/6078MB (cached 38MB) IRAM 0/252kB(lfb 252kB) CPU [8%@921,5%@921,off,off] EMC_FREQ 0%@1600 GR3D_FREQ 0%@614 APE 25 PLL@30C CPU@31.5C iwlwifi@32C PMIC@50C GPU@30C AO@41.5C thermal@31C POM_5V_IN 1934/2069 POM_5V_GPU 82/82 POM_5V_CPU 329/458
RAM 1395/3964MB (lfb 8x4MB) SWAP 763/6078MB (cached 38MB) IRAM 0/252kB(lfb 252kB) CPU [7%@921,7%@921,off,off] EMC_FREQ 0%@1600 GR3D_FREQ 0%@614 APE 25 PLL@30C CPU@31.5C iwlwifi@32C PMIC@50C GPU@30C AO@41C thermal@30.75C POM_5V_IN 1934/2069 POM_5V_GPU 82/82 POM_5V_CPU 329/458
RAM 1397/3964MB (lfb 8x4MB) SWAP 763/6078MB (cached 38MB) IRAM 0/252kB(lfb 252kB) CPU [6%@921,7%@921,off,off] EMC_FREQ 0%@1600 GR3D_FREQ 0%@614 APE 25 PLL@30C CPU@31.5C iwlwifi@32C PMIC@50C GPU@30.5C AO@41C thermal@30.75C POM_5V_IN 1934/2069 POM_5V_GPU 82/82 POM_5V_CPU 329/458
RAM 1393/3964MB (lfb 8x4MB) SWAP 763/6078MB (cached 38MB) IRAM 0/252kB(lfb 252kB) CPU [6%@921,8%@921,off,off] EMC_FREQ 0%@1600 GR3D_FREQ 0%@614 APE 25 PLL@30.5C CPU@31.5C iwlwifi@32C PMIC@50C GPU@30C AO@41.5C thermal@30.75C POM_5V_IN 1934/2069 POM_5V_GPU 82/82 POM_5V_CPU 329/458
RAM 1396/3964MB (lfb 8x4MB) SWAP 763/6078MB (cached 38MB) IRAM 0/252kB(lfb 252kB) CPU [7%@921,7%@921,off,off] EMC_FREQ 0%@1600 GR3D_FREQ 0%@614 APE 25 PLL@30C CPU@31.5C iwlwifi@32C PMIC@50C GPU@30C AO@41.5C thermal@30.75C POM_5V_IN 1934/2068 POM_5V_GPU 82/82 POM_5V_CPU 329/458
RAM 1379/3964MB (lfb 8x4MB) SWAP 763/6078MB (cached 38MB) IRAM 0/252kB(lfb 252kB) CPU [6%@921,8%@921,off,off] EMC_FREQ 0%@1600 GR3D_FREQ 0%@614 APE 25 PLL@30C CPU@31.5C iwlwifi@32C PMIC@50C GPU@30C AO@41C thermal@31C POM_5V_IN 2256/2069 POM_5V_GPU 82/82 POM_5V_CPU 574/458
RAM 1379/3964MB (lfb 8x4MB) SWAP 763/6078MB (cached 38MB) IRAM 0/252kB(lfb 252kB) CPU [6%@921,6%@921,off,off] EMC_FREQ 0%@1600 GR3D_FREQ 0%@614 APE 25 PLL@30C CPU@32C iwlwifi@32C PMIC@50C GPU@30C AO@41C thermal@30.75C POM_5V_IN 2215/2069 POM_5V_GPU 82/82 POM_5V_CPU 574/458
RAM 1379/3964MB (lfb 8x4MB) SWAP 763/6078MB (cached 38MB) IRAM 0/252kB(lfb 252kB) CPU [6%@921,8%@921,off,off] EMC_FREQ 0%@1600 GR3D_FREQ 0%@614 APE 25 PLL@30.5C CPU@31.5C iwlwifi@32C PMIC@50C GPU@30C AO@41.5C thermal@30.75C POM_5V_IN 2174/2069 POM_5V_GPU 82/82 POM_5V_CPU 574/458
RAM 1393/3964MB (lfb 8x4MB) SWAP 763/6078MB (cached 38MB) IRAM 0/252kB(lfb 252kB) CPU [6%@921,6%@921,off,off] EMC_FREQ 0%@1600 GR3D_FREQ 0%@614 APE 25 PLL@30C CPU@32C iwlwifi@32C PMIC@50C GPU@30C AO@41C thermal@31C POM_5V_IN 2215/2069 POM_5V_GPU 82/82 POM_5V_CPU 574/458
RAM 1380/3964MB (lfb 8x4MB) SWAP 763/6078MB (cached 38MB) IRAM 0/252kB(lfb 252kB) CPU [8%@921,6%@921,off,off] EMC_FREQ 0%@1600 GR3D_FREQ 0%@614 APE 25 PLL@30.5C CPU@31.5C iwlwifi@32C PMIC@50C GPU@30C AO@41.5C thermal@30.75C POM_5V_IN 1892/2069 POM_5V_GPU 82/82 POM_5V_CPU 329/458
RAM 1396/3964MB (lfb 8x4MB) SWAP 763/6078MB (cached 38MB) IRAM 0/252kB(lfb 252kB) CPU [7%@921,6%@921,off,off] EMC_FREQ 0%@1600 GR3D_FREQ 0%@614 APE 25 PLL@30C CPU@32C iwlwifi@32C PMIC@50C GPU@30C AO@41C thermal@31C POM_5V_IN 2174/2069 POM_5V_GPU 82/82 POM_5V_CPU 533/458
RAM 1380/3964MB (lfb 8x4MB) SWAP 763/6078MB (cached 38MB) IRAM 0/252kB(lfb 252kB) CPU [6%@921,8%@921,off,off] EMC_FREQ 0%@1600 GR3D_FREQ 0%@614 APE 25 PLL@30C CPU@31.5C iwlwifi@32C PMIC@50C GPU@30C AO@41C thermal@30.75C POM_5V_IN 1892/2069 POM_5V_GPU 82/82 POM_5V_CPU 329/458
RAM 1397/3964MB (lfb 8x4MB) SWAP 763/6078MB (cached 38MB) IRAM 0/252kB(lfb 252kB) CPU [5%@921,8%@921,off,off] EMC_FREQ 0%@1600 GR3D_FREQ 0%@614 APE 25 PLL@30.5C CPU@32C iwlwifi@32C PMIC@50C GPU@30.5C AO@41C thermal@30.75C POM_5V_IN 2174/2069 POM_5V_GPU 82/82 POM_5V_CPU 533/458
RAM 1398/3964MB (lfb 8x4MB) SWAP 763/6078MB (cached 38MB) IRAM 0/252kB(lfb 252kB) CPU [7%@921,6%@921,off,off] EMC_FREQ 0%@1600 GR3D_FREQ 0%@614 APE 25 PLL@30C CPU@31.5C iwlwifi@32C PMIC@50C GPU@30.5C AO@41.5C thermal@31C POM_5V_IN 1934/2069 POM_5V_GPU 82/82 POM_5V_CPU 329/458
RAM 1398/3964MB (lfb 8x4MB) SWAP 763/6078MB (cached 38MB) IRAM 0/252kB(lfb 252kB) CPU [6%@921,8%@921,off,off] EMC_FREQ 0%@1600 GR3D_FREQ 0%@614 APE 25 PLL@30C CPU@31.5C iwlwifi@32C PMIC@50C GPU@30C AO@41C thermal@30.75C POM_5V_IN 2174/2069 POM_5V_GPU 82/82 POM_5V_CPU 533/458
RAM 1395/3964MB (lfb 8x4MB) SWAP 763/6078MB (cached 38MB) IRAM 0/252kB(lfb 252kB) CPU [8%@921,5%@921,off,off] EMC_FREQ 0%@1600 GR3D_FREQ 0%@614 APE 25 PLL@30C CPU@32C iwlwifi@33C PMIC@50C GPU@30C AO@41C thermal@31.25C POM_5V_IN 1934/2069 POM_5V_GPU 82/82 POM_5V_CPU 329/458
RAM 1395/3964MB (lfb 8x4MB) SWAP 763/6078MB (cached 38MB) IRAM 0/252kB(lfb 252kB) CPU [8%@921,7%@921,off,off] EMC_FREQ 0%@1600 GR3D_FREQ 0%@614 APE 25 PLL@30C CPU@32C iwlwifi@32C PMIC@50C GPU@30C AO@41C thermal@30.75C POM_5V_IN 2174/2069 POM_5V_GPU 82/82 POM_5V_CPU 533/458
RAM 1379/3964MB (lfb 8x4MB) SWAP 763/6078MB (cached 38MB) IRAM 0/252kB(lfb 252kB) CPU [7%@921,7%@921,off,off] EMC_FREQ 0%@1600 GR3D_FREQ 0%@614 APE 25 PLL@30C CPU@32C iwlwifi@32C PMIC@50C GPU@30C AO@41.5C thermal@30.75C POM_5V_IN 2054/2069 POM_5V_GPU 82/82 POM_5V_CPU 492/458
RAM 1379/3964MB (lfb 8x4MB) SWAP 763/6078MB (cached 38MB) IRAM 0/252kB(lfb 252kB) CPU [7%@921,7%@921,off,off] EMC_FREQ 0%@1600 GR3D_FREQ 0%@614 APE 25 PLL@30C CPU@32C iwlwifi@32C PMIC@50C GPU@30C AO@41.5C thermal@30.75C POM_5V_IN 2297/2069 POM_5V_GPU 82/82 POM_5V_CPU 614/458
RAM 1379/3964MB (lfb 8x4MB) SWAP 763/6078MB (cached 38MB) IRAM 0/252kB(lfb 252kB) CPU [6%@921,7%@921,off,off] EMC_FREQ 0%@1600 GR3D_FREQ 0%@614 APE 25 PLL@30.5C CPU@31.5C iwlwifi@32C PMIC@50C GPU@30.5C AO@41.5C thermal@31C POM_5V_IN 2174/2069 POM_5V_GPU 82/82 POM_5V_CPU 533/458
RAM 1379/3964MB (lfb 8x4MB) SWAP 763/6078MB (cached 38MB) IRAM 0/252kB(lfb 252kB) CPU [8%@921,6%@921,off,off] EMC_FREQ 0%@1600 GR3D_FREQ 0%@614 APE 25 PLL@30.5C CPU@32C iwlwifi@32C PMIC@50C GPU@30C AO@41C thermal@31C POM_5V_IN 2174/2069 POM_5V_GPU 82/82 POM_5V_CPU 574/458
RAM 1397/3964MB (lfb 8x4MB) SWAP 763/6078MB (cached 38MB) IRAM 0/252kB(lfb 252kB) CPU [7%@921,6%@921,off,off] EMC_FREQ 0%@1600 GR3D_FREQ 0%@614 APE 25 PLL@30.5C CPU@31.5C iwlwifi@32C PMIC@50C GPU@30C AO@41C thermal@30.75C POM_5V_IN 2215/2069 POM_5V_GPU 82/82 POM_5V_CPU 574/458
RAM 1379/3964MB (lfb 8x4MB) SWAP 763/6078MB (cached 38MB) IRAM 0/252kB(lfb 252kB) CPU [6%@921,8%@921,off,off] EMC_FREQ 0%@1600 GR3D_FREQ 0%@614 APE 25 PLL@30.5C CPU@32C iwlwifi@32C PMIC@50C GPU@30C AO@41C thermal@30.75C POM_5V_IN 1892/2069 POM_5V_GPU 82/82 POM_5V_CPU 329/458
RAM 1395/3964MB (lfb 8x4MB) SWAP 763/6078MB (cached 38MB) IRAM 0/252kB(lfb 252kB) CPU [8%@921,5%@921,off,off] EMC_FREQ 0%@1600 GR3D_FREQ 0%@614 APE 25 PLL@30C CPU@32C iwlwifi@32C PMIC@50C GPU@30.5C AO@41C thermal@31C POM_5V_IN 2174/2069 POM_5V_GPU 82/82 POM_5V_CPU 533/458
RAM 1393/3964MB (lfb 8x4MB) SWAP 763/6078MB (cached 38MB) IRAM 0/252kB(lfb 252kB) CPU [6%@921,8%@921,off,off] EMC_FREQ 0%@1600 GR3D_FREQ 0%@614 APE 25 PLL@30.5C CPU@31.5C iwlwifi@32C PMIC@50C GPU@30C AO@41C thermal@30.75C POM_5V_IN 1892/2069 POM_5V_GPU 82/82 POM_5V_CPU 329/458
RAM 1393/3964MB (lfb 8x4MB) SWAP 763/6078MB (cached 38MB) IRAM 0/252kB(lfb 252kB) CPU [6%@921,7%@921,off,off] EMC_FREQ 0%@1600 GR3D_FREQ 0%@614 APE 25 PLL@30C CPU@31.5C iwlwifi@32C PMIC@50C GPU@30.5C AO@41C thermal@30.75C POM_5V_IN 1892/2069 POM_5V_GPU 82/82 POM_5V_CPU 329/458
RAM 1395/3964MB (lfb 8x4MB) SWAP 763/6078MB (cached 38MB) IRAM 0/252kB(lfb 252kB) CPU [8%@921,6%@921,off,off] EMC_FREQ 0%@1600 GR3D_FREQ 0%@614 APE 25 PLL@30.5C CPU@31.5C iwlwifi@32C PMIC@50C GPU@30C AO@41C thermal@31C POM_5V_IN 1934/2069 POM_5V_GPU 82/82 POM_5V_CPU 329/458
RAM 1397/3964MB (lfb 8x4MB) SWAP 763/6078MB (cached 38MB) IRAM 0/252kB(lfb 252kB) CPU [6%@921,6%@921,off,off] EMC_FREQ 0%@1600 GR3D_FREQ 0%@614 APE 25 PLL@30C CPU@31.5C iwlwifi@32C PMIC@50C GPU@30C AO@41C thermal@30.75C POM_5V_IN 1851/2069 POM_5V_GPU 82/82 POM_5V_CPU 246/458
RAM 1397/3964MB (lfb 8x4MB) SWAP 763/6078MB (cached 38MB) IRAM 0/252kB(lfb 252kB) CPU [6%@921,7%@921,off,off] EMC_FREQ 0%@1600 GR3D_FREQ 0%@614 APE 25 PLL@30.5C CPU@32C iwlwifi@32C PMIC@50C GPU@30C AO@41C thermal@30.75C POM_5V_IN 2297/2069 POM_5V_GPU 82/82 POM_5V_CPU 615/458
RAM 1395/3964MB (lfb 8x4MB) SWAP 763/6078MB (cached 38MB) IRAM 0/252kB(lfb 252kB) CPU [6%@921,9%@921,off,off] EMC_FREQ 0%@1600 GR3D_FREQ 0%@614 APE 25 PLL@30.5C CPU@32C iwlwifi@32C PMIC@50C GPU@30C AO@41.5C thermal@31C POM_5V_IN 2133/2069 POM_5V_GPU 82/82 POM_5V_CPU 533/458
RAM 1379/3964MB (lfb 8x4MB) SWAP 763/6078MB (cached 38MB) IRAM 0/252kB(lfb 252kB) CPU [9%@921,5%@921,off,off] EMC_FREQ 0%@1600 GR3D_FREQ 0%@614 APE 25 PLL@30.5C CPU@32C iwlwifi@32C PMIC@50C GPU@30C AO@41C thermal@30.75C POM_5V_IN 2095/2069 POM_5V_GPU 82/82 POM_5V_CPU 492/458
RAM 1395/3964MB (lfb 8x4MB) SWAP 763/6078MB (cached 38MB) IRAM 0/252kB(lfb 252kB) CPU [6%@921,8%@921,off,off] EMC_FREQ 0%@1600 GR3D_FREQ 0%@614 APE 25 PLL@30.5C CPU@32C iwlwifi@32C PMIC@50C GPU@30C AO@41.5C thermal@30.75C POM_5V_IN 2252/2069 POM_5V_GPU 81/82 POM_5V_CPU 614/458
RAM 1379/3964MB (lfb 8x4MB) SWAP 763/6078MB (cached 38MB) IRAM 0/252kB(lfb 252kB) CPU [6%@921,8%@921,off,off] EMC_FREQ 0%@1600 GR3D_FREQ 0%@614 APE 25 PLL@30.5C CPU@32C iwlwifi@32C PMIC@50C GPU@30.5C AO@41.5C thermal@30.75C POM_5V_IN 2174/2069 POM_5V_GPU 82/82 POM_5V_CPU 533/458
RAM 1379/3964MB (lfb 8x4MB) SWAP 763/6078MB (cached 38MB) IRAM 0/252kB(lfb 252kB) CPU [7%@921,7%@921,off,off] EMC_FREQ 0%@1600 GR3D_FREQ 0%@614 APE 25 PLL@30.5C CPU@32C iwlwifi@32C PMIC@50C GPU@30.5C AO@41.5C thermal@30.75C POM_5V_IN 2215/2069 POM_5V_GPU 82/82 POM_5V_CPU 574/458
RAM 1379/3964MB (lfb 8x4MB) SWAP 763/6078MB (cached 38MB) IRAM 0/252kB(lfb 252kB) CPU [8%@921,5%@921,off,off] EMC_FREQ 0%@1600 GR3D_FREQ 0%@614 APE 25 PLL@30.5C CPU@32C iwlwifi@32C PMIC@50C GPU@30C AO@41C thermal@30.75C POM_5V_IN 2215/2069 POM_5V_GPU 82/82 POM_5V_CPU 574/458
RAM 1393/3964MB (lfb 8x4MB) SWAP 763/6078MB (cached 38MB) IRAM 0/252kB(lfb 252kB) CPU [9%@921,4%@921,off,off] EMC_FREQ 0%@1600 GR3D_FREQ 0%@614 APE 25 PLL@30.5C CPU@32C iwlwifi@32C PMIC@50C GPU@30C AO@41.5C thermal@31C POM_5V_IN 2174/2069 POM_5V_GPU 82/82 POM_5V_CPU 533/458
RAM 1379/3964MB (lfb 8x4MB) SWAP 763/6078MB (cached 38MB) IRAM 0/252kB(lfb 252kB) CPU [8%@921,6%@921,off,off] EMC_FREQ 0%@1600 GR3D_FREQ 0%@614 APE 25 PLL@30.5C CPU@31.5C iwlwifi@32C PMIC@50C GPU@30C AO@41.5C thermal@30.75C POM_5V_IN 1934/2069 POM_5V_GPU 82/82 POM_5V_CPU 329/458
RAM 1395/3964MB (lfb 8x4MB) SWAP 763/6078MB (cached 38MB) IRAM 0/252kB(lfb 252kB) CPU [5%@921,8%@921,off,off] EMC_FREQ 0%@1600 GR3D_FREQ 0%@614 APE 25 PLL@30.5C CPU@31.5C iwlwifi@32C PMIC@50C GPU@30C AO@41C thermal@31.25C POM_5V_IN 2174/2069 POM_5V_GPU 82/82 POM_5V_CPU 533/458
RAM 1379/3964MB (lfb 8x4MB) SWAP 763/6078MB (cached 38MB) IRAM 0/252kB(lfb 252kB) CPU [7%@921,6%@921,off,off] EMC_FREQ 0%@1600 GR3D_FREQ 0%@614 APE 25 PLL@30C CPU@31.5C iwlwifi@32C PMIC@50C GPU@30C AO@41C thermal@31C POM_5V_IN 1892/2069 POM_5V_GPU 82/82 POM_5V_CPU 288/458
RAM 1393/3964MB (lfb 8x4MB) SWAP 763/6078MB (cached 38MB) IRAM 0/252kB(lfb 252kB) CPU [8%@921,6%@921,off,off] EMC_FREQ 0%@1600 GR3D_FREQ 0%@614 APE 25 PLL@30C CPU@31.5C iwlwifi@32C PMIC@50C GPU@30C AO@41C thermal@31C POM_5V_IN 2174/2069 POM_5V_GPU 82/82 POM_5V_CPU 574/458
RAM 1397/3964MB (lfb 8x4MB) SWAP 763/6078MB (cached 38MB) IRAM 0/252kB(lfb 252kB) CPU [8%@921,5%@921,off,off] EMC_FREQ 0%@1600 GR3D_FREQ 0%@614 APE 25 PLL@30.5C CPU@31.5C iwlwifi@32C PMIC@50C GPU@30C AO@41.5C thermal@30.75C POM_5V_IN 1934/2069 POM_5V_GPU 82/82 POM_5V_CPU 329/458
RAM 1393/3964MB (lfb 8x4MB) SWAP 763/6078MB (cached 38MB) IRAM 0/252kB(lfb 252kB) CPU [7%@921,6%@921,off,off] EMC_FREQ 0%@1600 GR3D_FREQ 0%@614 APE 25 PLL@30C CPU@31.5C iwlwifi@32C PMIC@50C GPU@30.5C AO@41C thermal@30.75C POM_5V_IN 1934/2069 POM_5V_GPU 82/82 POM_5V_CPU 329/458
RAM 1393/3964MB (lfb 8x4MB) SWAP 763/6078MB (cached 38MB) IRAM 0/252kB(lfb 252kB) CPU [6%@921,8%@921,off,off] EMC_FREQ 0%@1600 GR3D_FREQ 0%@614 APE 25 PLL@30C CPU@32C iwlwifi@32C PMIC@50C GPU@30C AO@41C thermal@30.75C POM_5V_IN 1934/2069 POM_5V_GPU 82/82 POM_5V_CPU 329/458
RAM 1399/3964MB (lfb 8x4MB) SWAP 763/6078MB (cached 38MB) IRAM 0/252kB(lfb 252kB) CPU [6%@921,7%@921,off,off] EMC_FREQ 0%@1600 GR3D_FREQ 0%@614 APE 25 PLL@30C CPU@32C iwlwifi@32C PMIC@50C GPU@30C AO@41C thermal@30.75C POM_5V_IN 1934/2069 POM_5V_GPU 82/82 POM_5V_CPU 329/458
RAM 1379/3964MB (lfb 8x4MB) SWAP 763/6078MB (cached 38MB) IRAM 0/252kB(lfb 252kB) CPU [7%@921,7%@921,off,off] EMC_FREQ 0%@1600 GR3D_FREQ 0%@614 APE 25 PLL@30.5C CPU@32C iwlwifi@33C PMIC@50C GPU@30C AO@41.5C thermal@30.75C POM_5V_IN 2297/2069 POM_5V_GPU 82/82 POM_5V_CPU 655/458
RAM 1379/3964MB (lfb 8x4MB) SWAP 763/6078MB (cached 38MB) IRAM 0/252kB(lfb 252kB) CPU [7%@921,6%@921,off,off] EMC_FREQ 0%@1600 GR3D_FREQ 0%@614 APE 25 PLL@30.5C CPU@31.5C iwlwifi@32C PMIC@50C GPU@30.5C AO@41C thermal@31C POM_5V_IN 2215/2069 POM_5V_GPU 82/82 POM_5V_CPU 574/458
RAM 1370/3964MB (lfb 8x4MB) SWAP 763/6078MB (cached 38MB) IRAM 0/252kB(lfb 252kB) CPU [9%@921,5%@921,off,off] EMC_FREQ 0%@1600 GR3D_FREQ 0%@614 APE 25 PLL@30.5C CPU@32C iwlwifi@32C PMIC@50C GPU@30C AO@41.5C thermal@30.75C POM_5V_IN 2174/2069 POM_5V_GPU 82/82 POM_5V_CPU 533/458
RAM 1397/3964MB (lfb 8x4MB) SWAP 763/6078MB (cached 38MB) IRAM 0/252kB(lfb 252kB) CPU [6%@921,6%@921,off,off] EMC_FREQ 0%@1600 GR3D_FREQ 0%@614 APE 25 PLL@30.5C CPU@31.5C iwlwifi@32C PMIC@50C GPU@30C AO@41C thermal@30.75C POM_5V_IN 2174/2069 POM_5V_GPU 82/82 POM_5V_CPU 574/458
RAM 1379/3964MB (lfb 8x4MB) SWAP 763/6078MB (cached 38MB) IRAM 0/252kB(lfb 252kB) CPU [7%@921,8%@921,off,off] EMC_FREQ 0%@1600 GR3D_FREQ 0%@614 APE 25 PLL@30C CPU@32C iwlwifi@32C PMIC@50C GPU@30C AO@41.5C thermal@31C POM_5V_IN 1934/2069 POM_5V_GPU 82/82 POM_5V_CPU 329/458
RAM 1397/3964MB (lfb 8x4MB) SWAP 763/6078MB (cached 38MB) IRAM 0/252kB(lfb 252kB) CPU [5%@921,8%@921,off,off] EMC_FREQ 0%@1600 GR3D_FREQ 0%@614 APE 25 PLL@30.5C CPU@31.5C iwlwifi@32C PMIC@50C GPU@30.5C AO@41C thermal@30.75C POM_5V_IN 2174/2069 POM_5V_GPU 82/82 POM_5V_CPU 533/458
RAM 1379/3964MB (lfb 8x4MB) SWAP 763/6078MB (cached 38MB) IRAM 0/252kB(lfb 252kB) CPU [8%@921,6%@921,off,off] EMC_FREQ 0%@1600 GR3D_FREQ 0%@614 APE 25 PLL@30C CPU@31.5C iwlwifi@32C PMIC@50C GPU@30C AO@41.5C thermal@30.75C POM_5V_IN 1892/2069 POM_5V_GPU 82/82 POM_5V_CPU 329/458
RAM 1397/3964MB (lfb 8x4MB) SWAP 763/6078MB (cached 38MB) IRAM 0/252kB(lfb 252kB) CPU [8%@921,5%@921,off,off] EMC_FREQ 0%@1600 GR3D_FREQ 0%@614 APE 25 PLL@30C CPU@32C iwlwifi@32C PMIC@50C GPU@30.5C AO@41.5C thermal@30.75C POM_5V_IN 2174/2069 POM_5V_GPU 82/82 POM_5V_CPU 533/458
RAM 1393/3964MB (lfb 8x4MB) SWAP 763/6078MB (cached 38MB) IRAM 0/252kB(lfb 252kB) CPU [5%@921,8%@921,off,off] EMC_FREQ 0%@1600 GR3D_FREQ 0%@614 APE 25 PLL@30C CPU@31.5C iwlwifi@32C PMIC@50C GPU@30C AO@41C thermal@30.75C POM_5V_IN 1934/2069 POM_5V_GPU 82/82 POM_5V_CPU 329/458
RAM 1397/3964MB (lfb 8x4MB) SWAP 763/6078MB (cached 38MB) IRAM 0/252kB(lfb 252kB) CPU [7%@921,7%@921,off,off] EMC_FREQ 0%@1600 GR3D_FREQ 0%@614 APE 25 PLL@30C CPU@31.5C iwlwifi@32C PMIC@50C GPU@30C AO@41.5C thermal@30.75C POM_5V_IN 1892/2069 POM_5V_GPU 82/82 POM_5V_CPU 329/458
RAM 1395/3964MB (lfb 8x4MB) SWAP 763/6078MB (cached 38MB) IRAM 0/252kB(lfb 252kB) CPU [7%@921,7%@921,off,off] EMC_FREQ 0%@1600 GR3D_FREQ 0%@614 APE 25 PLL@30.5C CPU@31.5C iwlwifi@32C PMIC@50C GPU@30C AO@41.5C thermal@30.75C POM_5V_IN 1934/2069 POM_5V_GPU 82/82 POM_5V_CPU 329/458
RAM 1397/3964MB (lfb 8x4MB) SWAP 763/6078MB (cached 38MB) IRAM 0/252kB(lfb 252kB) CPU [5%@921,8%@921,off,off] EMC_FREQ 0%@1600 GR3D_FREQ 0%@614 APE 25 PLL@30C CPU@31.5C iwlwifi@32C PMIC@50C GPU@30.5C AO@41.5C thermal@30.75C POM_5V_IN 1934/2069 POM_5V_GPU 82/82 POM_5V_CPU 329/458
RAM 1379/3964MB (lfb 8x4MB) SWAP 763/6078MB (cached 38MB) IRAM 0/252kB(lfb 252kB) CPU [7%@921,7%@921,off,off] EMC_FREQ 0%@1600 GR3D_FREQ 0%@614 APE 25 PLL@30C CPU@31.5C iwlwifi@32C PMIC@50C GPU@30.5C AO@41C thermal@31C POM_5V_IN 2256/2069 POM_5V_GPU 82/82 POM_5V_CPU 615/458
RAM 1379/3964MB (lfb 8x4MB) SWAP 763/6078MB (cached 38MB) IRAM 0/252kB(lfb 252kB) CPU [5%@921,8%@921,off,off] EMC_FREQ 0%@1600 GR3D_FREQ 0%@614 APE 25 PLL@30.5C CPU@31.5C iwlwifi@32C PMIC@50C GPU@30.5C AO@41.5C thermal@30.75C POM_5V_IN 2174/2069 POM_5V_GPU 82/82 POM_5V_CPU 574/458
RAM 1393/3964MB (lfb 8x4MB) SWAP 763/6078MB (cached 38MB) IRAM 0/252kB(lfb 252kB) CPU [7%@921,7%@921,off,off] EMC_FREQ 0%@1600 GR3D_FREQ 0%@614 APE 25 PLL@30.5C CPU@31.5C iwlwifi@32C PMIC@50C GPU@30C AO@41C thermal@30.75C POM_5V_IN 2174/2069 POM_5V_GPU 82/82 POM_5V_CPU 574/458
RAM 1379/3964MB (lfb 8x4MB) SWAP 763/6078MB (cached 38MB) IRAM 0/252kB(lfb 252kB) CPU [6%@921,8%@921,off,off] EMC_FREQ 0%@1600 GR3D_FREQ 0%@614 APE 25 PLL@30.5C CPU@31.5C iwlwifi@32C PMIC@50C GPU@30.5C AO@41C thermal@30.75C POM_5V_IN 1972/2069 POM_5V_GPU 82/82 POM_5V_CPU 369/458
RAM 1393/3964MB (lfb 8x4MB) SWAP 763/6078MB (cached 38MB) IRAM 0/252kB(lfb 252kB) CPU [7%@921,6%@921,off,off] EMC_FREQ 0%@1600 GR3D_FREQ 0%@614 APE 25 PLL@30.5C CPU@32C iwlwifi@32C PMIC@50C GPU@30C AO@41.5C thermal@30.75C POM_5V_IN 2174/2069 POM_5V_GPU 82/82 POM_5V_CPU 533/458
RAM 1379/3964MB (lfb 8x4MB) SWAP 763/6078MB (cached 38MB) IRAM 0/252kB(lfb 252kB) CPU [8%@921,7%@921,off,off] EMC_FREQ 0%@1600 GR3D_FREQ 0%@614 APE 25 PLL@30.5C CPU@32C iwlwifi@32C PMIC@50C GPU@30.5C AO@41C thermal@31C POM_5V_IN 1892/2069 POM_5V_GPU 82/82 POM_5V_CPU 288/458
RAM 1393/3964MB (lfb 8x4MB) SWAP 763/6078MB (cached 38MB) IRAM 0/252kB(lfb 252kB) CPU [5%@921,8%@921,off,off] EMC_FREQ 0%@1600 GR3D_FREQ 0%@614 APE 25 PLL@30.5C CPU@31.5C iwlwifi@32C PMIC@50C GPU@30C AO@41C thermal@31C POM_5V_IN 2174/2069 POM_5V_GPU 82/82 POM_5V_CPU 533/458
RAM 1395/3964MB (lfb 8x4MB) SWAP 763/6078MB (cached 38MB) IRAM 0/252kB(lfb 252kB) CPU [9%@921,5%@921,off,off] EMC_FREQ 0%@1600 GR3D_FREQ 0%@614 APE 25 PLL@30.5C CPU@31.5C iwlwifi@32C PMIC@50C GPU@30C AO@41C thermal@30.75C POM_5V_IN 1934/2069 POM_5V_GPU 82/82 POM_5V_CPU 329/458
RAM 1397/3964MB (lfb 8x4MB) SWAP 763/6078MB (cached 38MB) IRAM 0/252kB(lfb 252kB) CPU [6%@921,7%@921,off,off] EMC_FREQ 0%@1600 GR3D_FREQ 0%@614 APE 25 PLL@30C CPU@31.5C iwlwifi@32C PMIC@50C GPU@30C AO@41C thermal@30.75C POM_5V_IN 1934/2069 POM_5V_GPU 82/82 POM_5V_CPU 329/458
RAM 1397/3964MB (lfb 8x4MB) SWAP 763/6078MB (cached 38MB) IRAM 0/252kB(lfb 252kB) CPU [8%@921,5%@921,off,off] EMC_FREQ 0%@1600 GR3D_FREQ 0%@614 APE 25 PLL@30C CPU@31.5C iwlwifi@32C PMIC@50C GPU@30.5C AO@41C thermal@31C POM_5V_IN 1892/2069 POM_5V_GPU 82/82 POM_5V_CPU 329/458
RAM 1393/3964MB (lfb 8x4MB) SWAP 763/6078MB (cached 38MB) IRAM 0/252kB(lfb 252kB) CPU [7%@921,7%@921,off,off] EMC_FREQ 0%@1600 GR3D_FREQ 0%@614 APE 25 PLL@30C CPU@31.5C iwlwifi@32C PMIC@50C GPU@30.5C AO@41C thermal@30.75C POM_5V_IN 1975/2069 POM_5V_GPU 82/82 POM_5V_CPU 369/458
RAM 1379/3964MB (lfb 8x4MB) SWAP 763/6078MB (cached 38MB) IRAM 0/252kB(lfb 252kB) CPU [7%@921,7%@921,off,off] EMC_FREQ 0%@1600 GR3D_FREQ 0%@614 APE 25 PLL@30.5C CPU@32C iwlwifi@32C PMIC@50C GPU@30C AO@41C thermal@31C POM_5V_IN 2095/2069 POM_5V_GPU 82/82 POM_5V_CPU 451/458
RAM 1379/3964MB (lfb 8x4MB) SWAP 763/6078MB (cached 38MB) IRAM 0/252kB(lfb 252kB) CPU [7%@921,5%@921,off,off] EMC_FREQ 0%@1600 GR3D_FREQ 0%@614 APE 25 PLL@30C CPU@31.5C iwlwifi@32C PMIC@50C GPU@30C AO@41C thermal@30.75C POM_5V_IN 2174/2069 POM_5V_GPU 82/82 POM_5V_CPU 574/458
RAM 1379/3964MB (lfb 8x4MB) SWAP 763/6078MB (cached 38MB) IRAM 0/252kB(lfb 252kB) CPU [7%@921,7%@921,off,off] EMC_FREQ 0%@1600 GR3D_FREQ 0%@614 APE 25 PLL@30C CPU@32.5C iwlwifi@32C PMIC@50C GPU@30C AO@41C thermal@30.75C POM_5V_IN 2174/2069 POM_5V_GPU 82/82 POM_5V_CPU 574/458
RAM 1393/3964MB (lfb 8x4MB) SWAP 763/6078MB (cached 38MB) IRAM 0/252kB(lfb 252kB) CPU [6%@921,7%@921,off,off] EMC_FREQ 0%@1600 GR3D_FREQ 0%@614 APE 25 PLL@30.5C CPU@32C iwlwifi@33C PMIC@50C GPU@30.5C AO@41.5C thermal@30.75C POM_5V_IN 2215/2069 POM_5V_GPU 82/82 POM_5V_CPU 574/458
RAM 1379/3964MB (lfb 8x4MB) SWAP 763/6078MB (cached 38MB) IRAM 0/252kB(lfb 252kB) CPU [8%@921,6%@921,off,off] EMC_FREQ 0%@1600 GR3D_FREQ 0%@614 APE 25 PLL@30C CPU@31.5C iwlwifi@32C PMIC@50C GPU@30.5C AO@41C thermal@31C POM_5V_IN 1972/2069 POM_5V_GPU 82/82 POM_5V_CPU 369/458
RAM 1397/3964MB (lfb 8x4MB) SWAP 763/6078MB (cached 38MB) IRAM 0/252kB(lfb 252kB) CPU [6%@921,6%@921,off,off] EMC_FREQ 0%@1600 GR3D_FREQ 0%@614 APE 25 PLL@30.5C CPU@32C iwlwifi@32C PMIC@50C GPU@30C AO@41C thermal@30.75C POM_5V_IN 2174/2069 POM_5V_GPU 82/82 POM_5V_CPU 574/458
RAM 1379/3964MB (lfb 8x4MB) SWAP 763/6078MB (cached 38MB) IRAM 0/252kB(lfb 252kB) CPU [8%@921,6%@921,off,off] EMC_FREQ 0%@1600 GR3D_FREQ 0%@614 APE 25 PLL@30.5C CPU@32.5C iwlwifi@32C PMIC@50C GPU@30.5C AO@41C thermal@30.75C POM_5V_IN 2215/2069 POM_5V_GPU 82/82 POM_5V_CPU 574/458
RAM 1395/3964MB (lfb 8x4MB) SWAP 763/6078MB (cached 38MB) IRAM 0/252kB(lfb 252kB) CPU [8%@921,5%@921,off,off] EMC_FREQ 0%@1600 GR3D_FREQ 0%@614 APE 25 PLL@30C CPU@32C iwlwifi@32C PMIC@50C GPU@30.5C AO@41C thermal@31C POM_5V_IN 2174/2069 POM_5V_GPU 82/82 POM_5V_CPU 574/458
RAM 1393/3964MB (lfb 8x4MB) SWAP 763/6078MB (cached 38MB) IRAM 0/252kB(lfb 252kB) CPU [6%@921,7%@921,off,off] EMC_FREQ 0%@1600 GR3D_FREQ 0%@614 APE 25 PLL@30.5C CPU@31.5C iwlwifi@32C PMIC@50C GPU@30C AO@41.5C thermal@30.75C POM_5V_IN 1892/2069 POM_5V_GPU 82/82 POM_5V_CPU 287/458
RAM 1397/3964MB (lfb 8x4MB) SWAP 763/6078MB (cached 38MB) IRAM 0/252kB(lfb 252kB) CPU [8%@921,6%@921,off,off] EMC_FREQ 0%@1600 GR3D_FREQ 0%@614 APE 25 PLL@30C CPU@31.5C iwlwifi@32C PMIC@50C GPU@30C AO@41C thermal@30.75C POM_5V_IN 1934/2069 POM_5V_GPU 82/82 POM_5V_CPU 370/458
RAM 1398/3964MB (lfb 8x4MB) SWAP 763/6078MB (cached 38MB) IRAM 0/252kB(lfb 252kB) CPU [6%@921,6%@921,off,off] EMC_FREQ 0%@1600 GR3D_FREQ 0%@614 APE 25 PLL@30.5C CPU@32C iwlwifi@32C PMIC@50C GPU@30.5C AO@41C thermal@30.75C POM_5V_IN 1934/2069 POM_5V_GPU 82/82 POM_5V_CPU 329/458
RAM 1395/3964MB (lfb 8x4MB) SWAP 763/6078MB (cached 38MB) IRAM 0/252kB(lfb 252kB) CPU [4%@921,10%@921,off,off] EMC_FREQ 0%@1600 GR3D_FREQ 0%@614 APE 25 PLL@30C CPU@32C iwlwifi@32C PMIC@50C GPU@30.5C AO@41.5C thermal@30.75C POM_5V_IN 2133/2069 POM_5V_GPU 82/82 POM_5V_CPU 574/458
RAM 1379/3964MB (lfb 8x4MB) SWAP 763/6078MB (cached 38MB) IRAM 0/252kB(lfb 252kB) CPU [6%@921,8%@921,off,off] EMC_FREQ 0%@1600 GR3D_FREQ 0%@614 APE 25 PLL@30.5C CPU@32C iwlwifi@32C PMIC@50C GPU@30C AO@41.5C thermal@30.75C POM_5V_IN 2095/2069 POM_5V_GPU 82/82 POM_5V_CPU 451/458
RAM 1379/3964MB (lfb 8x4MB) SWAP 763/6078MB (cached 38MB) IRAM 0/252kB(lfb 252kB) CPU [10%@921,4%@921,off,off] EMC_FREQ 0%@1600 GR3D_FREQ 0%@614 APE 25 PLL@30C CPU@31.5C iwlwifi@32C PMIC@50C GPU@30.5C AO@41C thermal@31C POM_5V_IN 2215/2069 POM_5V_GPU 82/82 POM_5V_CPU 574/458
RAM 1379/3964MB (lfb 8x4MB) SWAP 763/6078MB (cached 38MB) IRAM 0/252kB(lfb 252kB) CPU [8%@921,5%@921,off,off] EMC_FREQ 0%@1600 GR3D_FREQ 0%@614 APE 25 PLL@30.5C CPU@31.5C iwlwifi@32C PMIC@50C GPU@30.5C AO@40.5C thermal@31C POM_5V_IN 2174/2069 POM_5V_GPU 82/82 POM_5V_CPU 533/458
RAM 1395/3964MB (lfb 8x4MB) SWAP 758/6078MB (cached 38MB) IRAM 0/252kB(lfb 252kB) CPU [8%@921,6%@921,off,off] EMC_FREQ 0%@1600 GR3D_FREQ 0%@614 APE 25 PLL@30.5C CPU@31.5C iwlwifi@32C PMIC@50C GPU@30C AO@41.5C thermal@30.75C POM_5V_IN 2174/2069 POM_5V_GPU 82/82 POM_5V_CPU 574/458
RAM 1378/3964MB (lfb 8x4MB) SWAP 758/6078MB (cached 38MB) IRAM 0/252kB(lfb 252kB) CPU [5%@921,10%@921,off,off] EMC_FREQ 0%@1600 GR3D_FREQ 0%@614 APE 25 PLL@30C CPU@31.5C iwlwifi@32C PMIC@50C GPU@30.5C AO@41C thermal@30.75C POM_5V_IN 1972/2069 POM_5V_GPU 82/82 POM_5V_CPU 369/458
RAM 1395/3964MB (lfb 8x4MB) SWAP 758/6078MB (cached 38MB) IRAM 0/252kB(lfb 252kB) CPU [9%@921,5%@921,off,off] EMC_FREQ 0%@1600 GR3D_FREQ 0%@614 APE 25 PLL@30.5C CPU@31.5C iwlwifi@32C PMIC@50C GPU@30.5C AO@41C thermal@31C POM_5V_IN 2174/2069 POM_5V_GPU 82/82 POM_5V_CPU 533/458
RAM 1395/3964MB (lfb 8x4MB) SWAP 758/6078MB (cached 38MB) IRAM 0/252kB(lfb 252kB) CPU [5%@921,8%@921,off,off] EMC_FREQ 0%@1600 GR3D_FREQ 0%@614 APE 25 PLL@30C CPU@31.5C iwlwifi@32C PMIC@50C GPU@30.5C AO@41C thermal@31.25C POM_5V_IN 1934/2069 POM_5V_GPU 82/82 POM_5V_CPU 329/458
RAM 1397/3964MB (lfb 8x4MB) SWAP 758/6078MB (cached 38MB) IRAM 0/252kB(lfb 252kB) CPU [6%@921,8%@921,off,off] EMC_FREQ 0%@1600 GR3D_FREQ 0%@614 APE 25 PLL@30C CPU@32C iwlwifi@32C PMIC@50C GPU@30.5C AO@41C thermal@31C POM_5V_IN 1934/2069 POM_5V_GPU 82/82 POM_5V_CPU 329/458
RAM 1384/3964MB (lfb 8x4MB) SWAP 758/6078MB (cached 38MB) IRAM 0/252kB(lfb 252kB) CPU [6%@921,7%@921,off,off] EMC_FREQ 0%@1600 GR3D_FREQ 0%@614 APE 25 PLL@30.5C CPU@32C iwlwifi@32C PMIC@50C GPU@30.5C AO@41C thermal@31.25C POM_5V_IN 1934/2069 POM_5V_GPU 82/82 POM_5V_CPU 329/458
RAM 1393/3964MB (lfb 8x4MB) SWAP 758/6078MB (cached 38MB) IRAM 0/252kB(lfb 252kB) CPU [6%@921,8%@921,off,off] EMC_FREQ 0%@1600 GR3D_FREQ 0%@614 APE 25 PLL@30.5C CPU@32C iwlwifi@32C PMIC@50C GPU@30.5C AO@41C thermal@31C POM_5V_IN 1810/2069 POM_5V_GPU 82/82 POM_5V_CPU 205/458
RAM 1397/3964MB (lfb 8x4MB) SWAP 758/6078MB (cached 38MB) IRAM 0/252kB(lfb 252kB) CPU [6%@921,8%@921,off,off] EMC_FREQ 0%@1600 GR3D_FREQ 0%@614 APE 25 PLL@30C CPU@32C iwlwifi@32C PMIC@50C GPU@30.5C AO@41C thermal@30.75C POM_5V_IN 1975/2069 POM_5V_GPU 82/82 POM_5V_CPU 369/458
RAM 1378/3964MB (lfb 8x4MB) SWAP 758/6078MB (cached 38MB) IRAM 0/252kB(lfb 252kB) CPU [6%@921,7%@921,off,off] EMC_FREQ 0%@1600 GR3D_FREQ 0%@614 APE 25 PLL@30.5C CPU@32.5C iwlwifi@32C PMIC@50C GPU@30.5C AO@41.5C thermal@30.75C POM_5V_IN 2174/2069 POM_5V_GPU 82/82 POM_5V_CPU 533/458
RAM 1379/3964MB (lfb 8x4MB) SWAP 758/6078MB (cached 38MB) IRAM 0/252kB(lfb 252kB) CPU [8%@921,6%@921,off,off] EMC_FREQ 0%@1600 GR3D_FREQ 0%@614 APE 25 PLL@30C CPU@32C iwlwifi@32C PMIC@50C GPU@30.5C AO@41.5C thermal@31.25C POM_5V_IN 2256/2069 POM_5V_GPU 82/82 POM_5V_CPU 615/458
RAM 1379/3964MB (lfb 8x4MB) SWAP 758/6078MB (cached 38MB) IRAM 0/252kB(lfb 252kB) CPU [7%@921,8%@921,off,off] EMC_FREQ 0%@1600 GR3D_FREQ 0%@614 APE 25 PLL@30.5C CPU@32C iwlwifi@32C PMIC@50C GPU@30C AO@41C thermal@31.25C POM_5V_IN 2174/2069 POM_5V_GPU 82/82 POM_5V_CPU 574/458
RAM 1395/3964MB (lfb 8x4MB) SWAP 758/6078MB (cached 38MB) IRAM 0/252kB(lfb 252kB) CPU [7%@921,7%@921,off,off] EMC_FREQ 0%@1600 GR3D_FREQ 0%@614 APE 25 PLL@30.5C CPU@32C iwlwifi@32C PMIC@50C GPU@30.5C AO@41C thermal@31C POM_5V_IN 2174/2069 POM_5V_GPU 82/82 POM_5V_CPU 574/458
RAM 1379/3964MB (lfb 8x4MB) SWAP 758/6078MB (cached 38MB) IRAM 0/252kB(lfb 252kB) CPU [7%@921,7%@921,off,off] EMC_FREQ 0%@1600 GR3D_FREQ 0%@614 APE 25 PLL@30C CPU@31.5C iwlwifi@32C PMIC@50C GPU@30.5C AO@41.5C thermal@31.25C POM_5V_IN 1892/2069 POM_5V_GPU 82/82 POM_5V_CPU 288/458
RAM 1397/3964MB (lfb 8x4MB) SWAP 758/6078MB (cached 38MB) IRAM 0/252kB(lfb 252kB) CPU [6%@921,8%@921,off,off] EMC_FREQ 0%@1600 GR3D_FREQ 0%@614 APE 25 PLL@30.5C CPU@32C iwlwifi@32C PMIC@50C GPU@30.5C AO@41C thermal@31.25C POM_5V_IN 2174/2069 POM_5V_GPU 82/82 POM_5V_CPU 574/458
RAM 1397/3964MB (lfb 8x4MB) SWAP 758/6078MB (cached 38MB) IRAM 0/252kB(lfb 252kB) CPU [6%@921,7%@921,off,off] EMC_FREQ 0%@1600 GR3D_FREQ 0%@614 APE 25 PLL@30C CPU@32C iwlwifi@32C PMIC@50C GPU@30C AO@41C thermal@31C POM_5V_IN 1975/2069 POM_5V_GPU 82/82 POM_5V_CPU 370/458
RAM 1395/3964MB (lfb 8x4MB) SWAP 758/6078MB (cached 38MB) IRAM 0/252kB(lfb 252kB) CPU [7%@921,7%@921,off,off] EMC_FREQ 0%@1600 GR3D_FREQ 0%@614 APE 25 PLL@30C CPU@32C iwlwifi@32C PMIC@50C GPU@30.5C AO@41C thermal@31C POM_5V_IN 1934/2069 POM_5V_GPU 82/82 POM_5V_CPU 329/458
RAM 1393/3964MB (lfb 8x4MB) SWAP 758/6078MB (cached 38MB) IRAM 0/252kB(lfb 252kB) CPU [8%@921,5%@921,off,off] EMC_FREQ 0%@1600 GR3D_FREQ 0%@614 APE 25 PLL@30C CPU@31.5C iwlwifi@32C PMIC@50C GPU@30C AO@41C thermal@31C POM_5V_IN 1934/2069 POM_5V_GPU 82/82 POM_5V_CPU 329/458
RAM 1395/3964MB (lfb 8x4MB) SWAP 758/6078MB (cached 38MB) IRAM 0/252kB(lfb 252kB) CPU [6%@921,7%@921,off,off] EMC_FREQ 0%@1600 GR3D_FREQ 0%@614 APE 25 PLL@30.5C CPU@32C iwlwifi@32C PMIC@50C GPU@30C AO@41C thermal@31C POM_5V_IN 1934/2068 POM_5V_GPU 82/82 POM_5V_CPU 329/458
RAM 1401/3964MB (lfb 8x4MB) SWAP 758/6078MB (cached 38MB) IRAM 0/252kB(lfb 252kB) CPU [5%@921,8%@921,off,off] EMC_FREQ 0%@1600 GR3D_FREQ 0%@614 APE 25 PLL@30C CPU@32C iwlwifi@32C PMIC@50C GPU@30C AO@41C thermal@31.25C POM_5V_IN 2174/2069 POM_5V_GPU 82/82 POM_5V_CPU 533/458
RAM 1395/3964MB (lfb 8x4MB) SWAP 758/6078MB (cached 38MB) IRAM 0/252kB(lfb 252kB) CPU [7%@921,8%@921,off,off] EMC_FREQ 0%@1600 GR3D_FREQ 0%@614 APE 25 PLL@30C CPU@32C iwlwifi@32C PMIC@50C GPU@30.5C AO@41C thermal@30.75C POM_5V_IN 2095/2069 POM_5V_GPU 82/82 POM_5V_CPU 493/458
RAM 1379/3964MB (lfb 8x4MB) SWAP 758/6078MB (cached 38MB) IRAM 0/252kB(lfb 252kB) CPU [10%@921,4%@921,off,off] EMC_FREQ 0%@1600 GR3D_FREQ 0%@614 APE 25 PLL@30.5C CPU@32C iwlwifi@32C PMIC@50C GPU@30C AO@41C thermal@30.75C POM_5V_IN 2095/2069 POM_5V_GPU 82/82 POM_5V_CPU 451/458
RAM 1379/3964MB (lfb 8x4MB) SWAP 758/6078MB (cached 38MB) IRAM 0/252kB(lfb 252kB) CPU [8%@921,6%@921,off,off] EMC_FREQ 0%@1600 GR3D_FREQ 0%@614 APE 25 PLL@30.5C CPU@32C iwlwifi@32C PMIC@50C GPU@30C AO@41.5C thermal@30.75C POM_5V_IN 2174/2069 POM_5V_GPU 82/82 POM_5V_CPU 574/458
RAM 1379/3964MB (lfb 8x4MB) SWAP 758/6078MB (cached 38MB) IRAM 0/252kB(lfb 252kB) CPU [8%@921,5%@921,off,off] EMC_FREQ 0%@1600 GR3D_FREQ 0%@614 APE 25 PLL@30.5C CPU@31.5C iwlwifi@32C PMIC@50C GPU@30C AO@41C thermal@31C POM_5V_IN 2174/2069 POM_5V_GPU 82/82 POM_5V_CPU 574/458
RAM 1395/3964MB (lfb 8x4MB) SWAP 758/6078MB (cached 38MB) IRAM 0/252kB(lfb 252kB) CPU [8%@921,6%@921,off,off] EMC_FREQ 0%@1600 GR3D_FREQ 0%@614 APE 25 PLL@30C CPU@32C iwlwifi@32C PMIC@50C GPU@30C AO@41C thermal@30.75C POM_5V_IN 2174/2069 POM_5V_GPU 82/82 POM_5V_CPU 574/458
RAM 1379/3964MB (lfb 8x4MB) SWAP 758/6078MB (cached 38MB) IRAM 0/252kB(lfb 252kB) CPU [7%@921,6%@921,off,off] EMC_FREQ 0%@1600 GR3D_FREQ 0%@614 APE 25 PLL@30C CPU@32C iwlwifi@33C PMIC@50C GPU@30.5C AO@41C thermal@31C POM_5V_IN 1892/2069 POM_5V_GPU 82/82 POM_5V_CPU 329/458
RAM 1393/3964MB (lfb 8x4MB) SWAP 758/6078MB (cached 38MB) IRAM 0/252kB(lfb 252kB) CPU [6%@921,6%@921,off,off] EMC_FREQ 0%@1600 GR3D_FREQ 0%@614 APE 25 PLL@30.5C CPU@32C iwlwifi@32C PMIC@50C GPU@30.5C AO@41C thermal@31C POM_5V_IN 2174/2069 POM_5V_GPU 82/82 POM_5V_CPU 574/458
RAM 1379/3964MB (lfb 8x4MB) SWAP 758/6078MB (cached 38MB) IRAM 0/252kB(lfb 252kB) CPU [7%@921,7%@921,off,off] EMC_FREQ 0%@1600 GR3D_FREQ 0%@614 APE 25 PLL@30.5C CPU@32C iwlwifi@32C PMIC@50C GPU@30.5C AO@41C thermal@31C POM_5V_IN 1892/2069 POM_5V_GPU 82/82 POM_5V_CPU 329/458
RAM 1399/3964MB (lfb 8x4MB) SWAP 758/6078MB (cached 38MB) IRAM 0/252kB(lfb 252kB) CPU [6%@921,7%@921,off,off] EMC_FREQ 0%@1600 GR3D_FREQ 0%@614 APE 25 PLL@30C CPU@32C iwlwifi@33C PMIC@50C GPU@30.5C AO@41C thermal@31C POM_5V_IN 2174/2069 POM_5V_GPU 82/82 POM_5V_CPU 533/458
RAM 1393/3964MB (lfb 8x4MB) SWAP 758/6078MB (cached 38MB) IRAM 0/252kB(lfb 252kB) CPU [7%@921,6%@921,off,off] EMC_FREQ 0%@1600 GR3D_FREQ 0%@614 APE 25 PLL@30C CPU@32C iwlwifi@32C PMIC@50C GPU@30C AO@41.5C thermal@31C POM_5V_IN 1934/2069 POM_5V_GPU 82/82 POM_5V_CPU 370/458
RAM 1393/3964MB (lfb 8x4MB) SWAP 758/6078MB (cached 38MB) IRAM 0/252kB(lfb 252kB) CPU [8%@921,5%@921,off,off] EMC_FREQ 0%@1600 GR3D_FREQ 0%@614 APE 25 PLL@30C CPU@32C iwlwifi@32C PMIC@50C GPU@30C AO@41.5C thermal@30.75C POM_5V_IN 1934/2069 POM_5V_GPU 82/82 POM_5V_CPU 329/458
RAM 1393/3964MB (lfb 8x4MB) SWAP 758/6078MB (cached 38MB) IRAM 0/252kB(lfb 252kB) CPU [10%@921,4%@921,off,off] EMC_FREQ 0%@1600 GR3D_FREQ 0%@614 APE 25 PLL@30.5C CPU@31.5C iwlwifi@32C PMIC@50C GPU@30C AO@41C thermal@31C POM_5V_IN 1975/2068 POM_5V_GPU 82/82 POM_5V_CPU 370/458
RAM 1379/3964MB (lfb 8x4MB) SWAP 758/6078MB (cached 38MB) IRAM 0/252kB(lfb 252kB) CPU [8%@921,6%@921,off,off] EMC_FREQ 0%@1600 GR3D_FREQ 0%@614 APE 25 PLL@30C CPU@31.5C iwlwifi@32C PMIC@50C GPU@30C AO@41C thermal@30.75C POM_5V_IN 2013/2068 POM_5V_GPU 82/82 POM_5V_CPU 410/458
RAM 1379/3964MB (lfb 8x4MB) SWAP 758/6078MB (cached 38MB) IRAM 0/252kB(lfb 252kB) CPU [5%@921,9%@921,off,off] EMC_FREQ 0%@1600 GR3D_FREQ 0%@614 APE 25 PLL@30.5C CPU@32C iwlwifi@32C PMIC@50C GPU@30C AO@41C thermal@30.75C POM_5V_IN 2215/2069 POM_5V_GPU 82/82 POM_5V_CPU 574/458
RAM 1379/3964MB (lfb 8x4MB) SWAP 758/6078MB (cached 38MB) IRAM 0/252kB(lfb 252kB) CPU [7%@921,7%@921,off,off] EMC_FREQ 0%@1600 GR3D_FREQ 0%@614 APE 25 PLL@30.5C CPU@32C iwlwifi@32C PMIC@50C GPU@30.5C AO@41C thermal@30.75C POM_5V_IN 2215/2069 POM_5V_GPU 82/82 POM_5V_CPU 574/458
RAM 1379/3964MB (lfb 8x4MB) SWAP 758/6078MB (cached 38MB) IRAM 0/252kB(lfb 252kB) CPU [7%@921,7%@921,off,off] EMC_FREQ 0%@1600 GR3D_FREQ 0%@614 APE 25 PLL@30C CPU@31.5C iwlwifi@32C PMIC@50C GPU@30.5C AO@41C thermal@30.75C POM_5V_IN 2215/2069 POM_5V_GPU 82/82 POM_5V_CPU 574/458
RAM 1393/3964MB (lfb 8x4MB) SWAP 758/6078MB (cached 38MB) IRAM 0/252kB(lfb 252kB) CPU [6%@921,7%@921,off,off] EMC_FREQ 0%@1600 GR3D_FREQ 0%@614 APE 25 PLL@30.5C CPU@31.5C iwlwifi@32C PMIC@50C GPU@30C AO@40.5C thermal@30.75C POM_5V_IN 2174/2069 POM_5V_GPU 82/82 POM_5V_CPU 574/458
RAM 1379/3964MB (lfb 8x4MB) SWAP 758/6078MB (cached 38MB) IRAM 0/252kB(lfb 252kB) CPU [7%@921,7%@921,off,off] EMC_FREQ 0%@1600 GR3D_FREQ 0%@614 APE 25 PLL@30C CPU@31.5C iwlwifi@32C PMIC@50C GPU@30C AO@41C thermal@31C POM_5V_IN 1934/2069 POM_5V_GPU 82/82 POM_5V_CPU 329/458
RAM 1395/3964MB (lfb 8x4MB) SWAP 758/6078MB (cached 38MB) IRAM 0/252kB(lfb 252kB) CPU [8%@921,5%@921,off,off] EMC_FREQ 0%@1600 GR3D_FREQ 0%@614 APE 25 PLL@30.5C CPU@32C iwlwifi@32C PMIC@50C GPU@30C AO@41C thermal@31C POM_5V_IN 2174/2069 POM_5V_GPU 82/82 POM_5V_CPU 533/458
RAM 1397/3964MB (lfb 8x4MB) SWAP 758/6078MB (cached 38MB) IRAM 0/252kB(lfb 252kB) CPU [9%@921,5%@921,off,off] EMC_FREQ 0%@1600 GR3D_FREQ 0%@614 APE 25 PLL@30C CPU@31.5C iwlwifi@32C PMIC@50C GPU@30C AO@41C thermal@31C POM_5V_IN 1934/2069 POM_5V_GPU 82/82 POM_5V_CPU 329/458
RAM 1397/3964MB (lfb 8x4MB) SWAP 758/6078MB (cached 38MB) IRAM 0/252kB(lfb 252kB) CPU [6%@921,7%@921,off,off] EMC_FREQ 0%@1600 GR3D_FREQ 0%@614 APE 25 PLL@30C CPU@32C iwlwifi@32C PMIC@50C GPU@30C AO@41C thermal@31C POM_5V_IN 1934/2069 POM_5V_GPU 82/82 POM_5V_CPU 329/458
RAM 1395/3964MB (lfb 8x4MB) SWAP 758/6078MB (cached 38MB) IRAM 0/252kB(lfb 252kB) CPU [5%@921,8%@921,off,off] EMC_FREQ 0%@1600 GR3D_FREQ 0%@614 APE 25 PLL@30C CPU@32C iwlwifi@32C PMIC@50C GPU@30C AO@41C thermal@30.75C POM_5V_IN 1975/2069 POM_5V_GPU 82/82 POM_5V_CPU 370/458
RAM 1397/3964MB (lfb 8x4MB) SWAP 758/6078MB (cached 38MB) IRAM 0/252kB(lfb 252kB) CPU [7%@921,7%@921,off,off] EMC_FREQ 0%@1600 GR3D_FREQ 0%@614 APE 25 PLL@30C CPU@31.5C iwlwifi@32C PMIC@50C GPU@30.5C AO@41C thermal@30.75C POM_5V_IN 1892/2068 POM_5V_GPU 82/82 POM_5V_CPU 329/458
RAM 1393/3964MB (lfb 8x4MB) SWAP 758/6078MB (cached 38MB) IRAM 0/252kB(lfb 252kB) CPU [7%@921,6%@921,off,off] EMC_FREQ 0%@1600 GR3D_FREQ 0%@614 APE 25 PLL@30C CPU@32C iwlwifi@32C PMIC@50C GPU@30C AO@41C thermal@31C POM_5V_IN 2013/2068 POM_5V_GPU 82/82 POM_5V_CPU 410/458
RAM 1391/3964MB (lfb 8x4MB) SWAP 758/6078MB (cached 38MB) IRAM 0/252kB(lfb 252kB) CPU [8%@921,6%@921,off,off] EMC_FREQ 0%@1600 GR3D_FREQ 0%@614 APE 25 PLL@30C CPU@31.5C iwlwifi@32C PMIC@50C GPU@30.5C AO@41C thermal@30.75C POM_5V_IN 1892/2068 POM_5V_GPU 82/82 POM_5V_CPU 329/457
RAM 1380/3964MB (lfb 8x4MB) SWAP 758/6078MB (cached 38MB) IRAM 0/252kB(lfb 252kB) CPU [6%@921,8%@921,off,off] EMC_FREQ 0%@1600 GR3D_FREQ 0%@614 APE 25 PLL@30.5C CPU@32C iwlwifi@32C PMIC@50C GPU@30C AO@41C thermal@30.75C POM_5V_IN 2256/2068 POM_5V_GPU 82/82 POM_5V_CPU 614/458
RAM 1380/3964MB (lfb 8x4MB) SWAP 758/6078MB (cached 38MB) IRAM 0/252kB(lfb 252kB) CPU [9%@921,6%@921,off,off] EMC_FREQ 0%@1600 GR3D_FREQ 0%@614 APE 25 PLL@30C CPU@31.5C iwlwifi@32C PMIC@50C GPU@30C AO@41.5C thermal@30.75C POM_5V_IN 2174/2068 POM_5V_GPU 82/82 POM_5V_CPU 533/458
RAM 1395/3964MB (lfb 8x4MB) SWAP 758/6078MB (cached 38MB) IRAM 0/252kB(lfb 252kB) CPU [6%@921,6%@921,off,off] EMC_FREQ 0%@1600 GR3D_FREQ 0%@614 APE 25 PLL@30C CPU@31.5C iwlwifi@32C PMIC@50C GPU@30C AO@41.5C thermal@31C POM_5V_IN 2174/2069 POM_5V_GPU 82/82 POM_5V_CPU 533/458
RAM 1380/3964MB (lfb 8x4MB) SWAP 758/6078MB (cached 38MB) IRAM 0/252kB(lfb 252kB) CPU [5%@921,9%@921,off,off] EMC_FREQ 0%@1600 GR3D_FREQ 0%@614 APE 25 PLL@30.5C CPU@31.5C iwlwifi@32C PMIC@50C GPU@29.5C AO@41C thermal@30.75C POM_5V_IN 2174/2069 POM_5V_GPU 82/82 POM_5V_CPU 574/458
RAM 1394/3964MB (lfb 8x4MB) SWAP 758/6078MB (cached 38MB) IRAM 0/252kB(lfb 252kB) CPU [6%@921,7%@921,off,off] EMC_FREQ 0%@1600 GR3D_FREQ 0%@614 APE 25 PLL@30C CPU@31.5C iwlwifi@32C PMIC@50C GPU@30C AO@41C thermal@30.75C POM_5V_IN 2215/2069 POM_5V_GPU 82/82 POM_5V_CPU 369/458
RAM 1393/3964MB (lfb 8x4MB) SWAP 758/6078MB (cached 38MB) IRAM 0/252kB(lfb 252kB) CPU [5%@921,9%@921,off,off] EMC_FREQ 0%@1600 GR3D_FREQ 0%@614 APE 25 PLL@30C CPU@31.5C iwlwifi@32C PMIC@50C GPU@30C AO@41C thermal@30.75C POM_5V_IN 1975/2069 POM_5V_GPU 82/82 POM_5V_CPU 370/458
RAM 1397/3964MB (lfb 8x4MB) SWAP 758/6078MB (cached 38MB) IRAM 0/252kB(lfb 252kB) CPU [6%@921,7%@921,off,off] EMC_FREQ 0%@1600 GR3D_FREQ 0%@614 APE 25 PLL@30.5C CPU@31.5C iwlwifi@32C PMIC@50C GPU@30C AO@41C thermal@30.5C POM_5V_IN 1892/2068 POM_5V_GPU 82/82 POM_5V_CPU 329/457
RAM 1393/3964MB (lfb 8x4MB) SWAP 758/6078MB (cached 38MB) IRAM 0/252kB(lfb 252kB) CPU [5%@921,9%@921,off,off] EMC_FREQ 0%@1600 GR3D_FREQ 0%@614 APE 25 PLL@30.5C CPU@31.5C iwlwifi@32C PMIC@50C GPU@30C AO@41C thermal@30.75C POM_5V_IN 1934/2068 POM_5V_GPU 82/82 POM_5V_CPU 329/457
RAM 1393/3964MB (lfb 8x4MB) SWAP 758/6078MB (cached 38MB) IRAM 0/252kB(lfb 252kB) CPU [5%@921,8%@921,off,off] EMC_FREQ 0%@1600 GR3D_FREQ 0%@614 APE 25 PLL@30.5C CPU@31.5C iwlwifi@32C PMIC@50C GPU@30C AO@40.5C thermal@30.75C POM_5V_IN 1934/2068 POM_5V_GPU 82/82 POM_5V_CPU 370/457
RAM 1395/3964MB (lfb 8x4MB) SWAP 758/6078MB (cached 38MB) IRAM 0/252kB(lfb 252kB) CPU [7%@921,7%@921,off,off] EMC_FREQ 0%@1600 GR3D_FREQ 0%@614 APE 25 PLL@30.5C CPU@31.5C iwlwifi@32C PMIC@50C GPU@30C AO@41C thermal@30.75C POM_5V_IN 2013/2068 POM_5V_GPU 82/82 POM_5V_CPU 410/457
RAM 1393/3964MB (lfb 8x4MB) SWAP 758/6078MB (cached 38MB) IRAM 0/252kB(lfb 252kB) CPU [6%@921,7%@921,off,off] EMC_FREQ 0%@1600 GR3D_FREQ 0%@614 APE 25 PLL@30.5C CPU@31.5C iwlwifi@32C PMIC@50C GPU@30C AO@41.5C thermal@31C POM_5V_IN 1892/2068 POM_5V_GPU 82/82 POM_5V_CPU 329/457
RAM 1380/3964MB (lfb 8x4MB) SWAP 758/6078MB (cached 38MB) IRAM 0/252kB(lfb 252kB) CPU [7%@921,6%@921,off,off] EMC_FREQ 0%@1600 GR3D_FREQ 0%@614 APE 25 PLL@30.5C CPU@31.5C iwlwifi@32C PMIC@50C GPU@30C AO@41C thermal@31C POM_5V_IN 2256/2068 POM_5V_GPU 82/82 POM_5V_CPU 615/457
RAM 1379/3964MB (lfb 8x4MB) SWAP 758/6078MB (cached 38MB) IRAM 0/252kB(lfb 252kB) CPU [10%@921,4%@921,off,off] EMC_FREQ 0%@1600 GR3D_FREQ 0%@614 APE 25 PLL@30C CPU@32C iwlwifi@32C PMIC@50C GPU@30.5C AO@41C thermal@30.75C POM_5V_IN 2211/2068 POM_5V_GPU 81/82 POM_5V_CPU 573/457
RAM 1379/3964MB (lfb 8x4MB) SWAP 758/6078MB (cached 38MB) IRAM 0/252kB(lfb 252kB) CPU [6%@921,7%@921,off,off] EMC_FREQ 0%@1600 GR3D_FREQ 0%@614 APE 25 PLL@30C CPU@31.5C iwlwifi@32C PMIC@50C GPU@30C AO@41C thermal@30.75C POM_5V_IN 2174/2068 POM_5V_GPU 82/82 POM_5V_CPU 533/457
RAM 1397/3964MB (lfb 8x4MB) SWAP 758/6078MB (cached 38MB) IRAM 0/252kB(lfb 252kB) CPU [7%@921,6%@921,off,off] EMC_FREQ 0%@1600 GR3D_FREQ 0%@614 APE 25 PLL@30.5C CPU@32C iwlwifi@32C PMIC@50C GPU@30.5C AO@41C thermal@30.75C POM_5V_IN 2215/2069 POM_5V_GPU 82/82 POM_5V_CPU 574/458
RAM 1379/3964MB (lfb 8x4MB) SWAP 758/6078MB (cached 38MB) IRAM 0/252kB(lfb 252kB) CPU [7%@921,6%@921,off,off] EMC_FREQ 0%@1600 GR3D_FREQ 0%@614 APE 25 PLL@30C CPU@31.5C iwlwifi@33C PMIC@50C GPU@30C AO@41C thermal@30.75C POM_5V_IN 1934/2068 POM_5V_GPU 82/82 POM_5V_CPU 329/457
RAM 1393/3964MB (lfb 8x4MB) SWAP 758/6078MB (cached 38MB) IRAM 0/252kB(lfb 252kB) CPU [8%@921,6%@921,off,off] EMC_FREQ 0%@1600 GR3D_FREQ 0%@614 APE 25 PLL@30C CPU@32C iwlwifi@32C PMIC@50C GPU@30C AO@41.5C thermal@30.5C POM_5V_IN 2174/2069 POM_5V_GPU 82/82 POM_5V_CPU 533/458
RAM 1395/3964MB (lfb 8x4MB) SWAP 758/6078MB (cached 38MB) IRAM 0/252kB(lfb 252kB) CPU [9%@921,4%@921,off,off] EMC_FREQ 0%@1600 GR3D_FREQ 0%@614 APE 25 PLL@30C CPU@31.5C iwlwifi@32C PMIC@50C GPU@30C AO@41C thermal@30.75C POM_5V_IN 2013/2068 POM_5V_GPU 82/82 POM_5V_CPU 410/457
RAM 1397/3964MB (lfb 8x4MB) SWAP 758/6078MB (cached 38MB) IRAM 0/252kB(lfb 252kB) CPU [5%@921,9%@921,off,off] EMC_FREQ 0%@1600 GR3D_FREQ 0%@614 APE 25 PLL@30.5C CPU@31.5C iwlwifi@32C PMIC@50C GPU@29.5C AO@41C thermal@31C POM_5V_IN 1934/2068 POM_5V_GPU 82/82 POM_5V_CPU 329/457
RAM 1393/3964MB (lfb 8x4MB) SWAP 758/6078MB (cached 38MB) IRAM 0/252kB(lfb 252kB) CPU [9%@921,5%@921,off,off] EMC_FREQ 0%@1600 GR3D_FREQ 0%@614 APE 25 PLL@30.5C CPU@31.5C iwlwifi@32C PMIC@50C GPU@30C AO@41C thermal@30.5C POM_5V_IN 1892/2068 POM_5V_GPU 82/82 POM_5V_CPU 329/457
RAM 1395/3964MB (lfb 8x4MB) SWAP 758/6078MB (cached 38MB) IRAM 0/252kB(lfb 252kB) CPU [8%@921,6%@921,off,off] EMC_FREQ 0%@1600 GR3D_FREQ 0%@614 APE 25 PLL@30C CPU@31.5C iwlwifi@32C PMIC@50C GPU@30C AO@41C thermal@30.75C POM_5V_IN 1890/2068 POM_5V_GPU 82/82 POM_5V_CPU 287/457
RAM 1395/3964MB (lfb 8x4MB) SWAP 758/6078MB (cached 38MB) IRAM 0/252kB(lfb 252kB) CPU [7%@921,6%@921,off,off] EMC_FREQ 0%@1600 GR3D_FREQ 0%@614 APE 25 PLL@30C CPU@31C iwlwifi@32C PMIC@50C GPU@30C AO@40.5C thermal@30.75C POM_5V_IN 1892/2068 POM_5V_GPU 82/82 POM_5V_CPU 329/457
RAM 1381/3964MB (lfb 8x4MB) SWAP 758/6078MB (cached 38MB) IRAM 0/252kB(lfb 252kB) CPU [7%@921,7%@921,off,off] EMC_FREQ 0%@1600 GR3D_FREQ 0%@614 APE 25 PLL@30C CPU@31.5C iwlwifi@32C PMIC@50C GPU@30C AO@41C thermal@30.75C POM_5V_IN 2133/2068 POM_5V_GPU 82/82 POM_5V_CPU 492/457
RAM 1379/3964MB (lfb 8x4MB) SWAP 758/6078MB (cached 38MB) IRAM 0/252kB(lfb 252kB) CPU [7%@921,7%@921,off,off] EMC_FREQ 0%@1600 GR3D_FREQ 0%@614 APE 25 PLL@30.5C CPU@32.5C iwlwifi@32C PMIC@50C GPU@30C AO@41C thermal@30.75C POM_5V_IN 2256/2068 POM_5V_GPU 82/82 POM_5V_CPU 615/457
RAM 1379/3964MB (lfb 8x4MB) SWAP 758/6078MB (cached 38MB) IRAM 0/252kB(lfb 252kB) CPU [8%@921,5%@921,off,off] EMC_FREQ 0%@1600 GR3D_FREQ 0%@614 APE 25 PLL@30C CPU@32C iwlwifi@32C PMIC@50C GPU@30.5C AO@41C thermal@30.75C POM_5V_IN 2215/2068 POM_5V_GPU 82/82 POM_5V_CPU 574/457
RAM 1396/3964MB (lfb 8x4MB) SWAP 758/6078MB (cached 38MB) IRAM 0/252kB(lfb 252kB) CPU [5%@921,7%@921,off,off] EMC_FREQ 0%@1600 GR3D_FREQ 0%@614 APE 25 PLL@30C CPU@32C iwlwifi@32C PMIC@50C GPU@30.5C AO@41C thermal@31C POM_5V_IN 2174/2068 POM_5V_GPU 82/82 POM_5V_CPU 574/457
RAM 1379/3964MB (lfb 8x4MB) SWAP 758/6078MB (cached 38MB) IRAM 0/252kB(lfb 252kB) CPU [7%@921,8%@921,off,off] EMC_FREQ 0%@1600 GR3D_FREQ 0%@614 APE 25 PLL@30C CPU@31.5C iwlwifi@32C PMIC@50C GPU@30.5C AO@41C thermal@30.75C POM_5V_IN 1890/2068 POM_5V_GPU 82/82 POM_5V_CPU 287/457
RAM 1399/3964MB (lfb 8x4MB) SWAP 758/6078MB (cached 38MB) IRAM 0/252kB(lfb 252kB) CPU [7%@921,6%@921,off,off] EMC_FREQ 0%@1600 GR3D_FREQ 0%@614 APE 25 PLL@30C CPU@32C iwlwifi@32C PMIC@50C GPU@30C AO@41C thermal@31C POM_5V_IN 2174/2068 POM_5V_GPU 82/82 POM_5V_CPU 533/457
RAM 1394/3964MB (lfb 8x4MB) SWAP 758/6078MB (cached 38MB) IRAM 0/252kB(lfb 252kB) CPU [8%@921,5%@921,off,off] EMC_FREQ 0%@1600 GR3D_FREQ 0%@614 APE 25 PLL@30C CPU@31.5C iwlwifi@32C PMIC@50C GPU@30C AO@41C thermal@31C POM_5V_IN 1892/2068 POM_5V_GPU 82/82 POM_5V_CPU 329/457
RAM 1396/3964MB (lfb 8x4MB) SWAP 758/6078MB (cached 38MB) IRAM 0/252kB(lfb 252kB) CPU [8%@921,6%@921,off,off] EMC_FREQ 0%@1600 GR3D_FREQ 0%@614 APE 25 PLL@30C CPU@32C iwlwifi@32C PMIC@50C GPU@30C AO@41C thermal@30.75C POM_5V_IN 1934/2068 POM_5V_GPU 82/82 POM_5V_CPU 329/457
RAM 1397/3964MB (lfb 8x4MB) SWAP 758/6078MB (cached 38MB) IRAM 0/252kB(lfb 252kB) CPU [5%@921,8%@921,off,off] EMC_FREQ 0%@1600 GR3D_FREQ 0%@614 APE 25 PLL@30C CPU@31.5C iwlwifi@32C PMIC@50C GPU@30.5C AO@40.5C thermal@30.75C POM_5V_IN 1934/2068 POM_5V_GPU 82/82 POM_5V_CPU 329/457
RAM 1393/3964MB (lfb 8x4MB) SWAP 758/6078MB (cached 38MB) IRAM 0/252kB(lfb 252kB) CPU [6%@921,8%@921,off,off] EMC_FREQ 0%@1600 GR3D_FREQ 0%@614 APE 25 PLL@30.5C CPU@32C iwlwifi@32C PMIC@50C GPU@30C AO@41C thermal@30.75C POM_5V_IN 1892/2068 POM_5V_GPU 82/82 POM_5V_CPU 329/457
RAM 1395/3964MB (lfb 8x4MB) SWAP 758/6078MB (cached 38MB) IRAM 0/252kB(lfb 252kB) CPU [5%@921,8%@921,off,off] EMC_FREQ 0%@1600 GR3D_FREQ 0%@614 APE 25 PLL@30C CPU@31.5C iwlwifi@32C PMIC@50C GPU@30C AO@41C thermal@30.75C POM_5V_IN 1934/2068 POM_5V_GPU 82/82 POM_5V_CPU 329/457
RAM 1393/3964MB (lfb 8x4MB) SWAP 758/6078MB (cached 38MB) IRAM 0/252kB(lfb 252kB) CPU [7%@921,7%@921,off,off] EMC_FREQ 0%@1600 GR3D_FREQ 0%@614 APE 25 PLL@30C CPU@32C iwlwifi@32C PMIC@50C GPU@30C AO@41.5C thermal@31C POM_5V_IN 2174/2068 POM_5V_GPU 82/82 POM_5V_CPU 574/457
RAM 1379/3964MB (lfb 8x4MB) SWAP 758/6078MB (cached 38MB) IRAM 0/252kB(lfb 252kB) CPU [6%@921,8%@921,off,off] EMC_FREQ 0%@1600 GR3D_FREQ 0%@614 APE 25 PLL@30C CPU@32C iwlwifi@32C PMIC@50C GPU@30C AO@41C thermal@31C POM_5V_IN 2256/2068 POM_5V_GPU 82/82 POM_5V_CPU 614/457
RAM 1379/3964MB (lfb 8x4MB) SWAP 758/6078MB (cached 38MB) IRAM 0/252kB(lfb 252kB) CPU [7%@921,7%@921,off,off] EMC_FREQ 0%@1600 GR3D_FREQ 0%@614 APE 25 PLL@30.5C CPU@32C iwlwifi@32C PMIC@50C GPU@30C AO@41C thermal@30.75C POM_5V_IN 2215/2068 POM_5V_GPU 82/82 POM_5V_CPU 574/457
RAM 1379/3964MB (lfb 8x4MB) SWAP 758/6078MB (cached 38MB) IRAM 0/252kB(lfb 252kB) CPU [6%@921,8%@921,off,off] EMC_FREQ 0%@1600 GR3D_FREQ 0%@614 APE 25 PLL@30C CPU@32C iwlwifi@32C PMIC@50C GPU@30C AO@41C thermal@30.75C POM_5V_IN 2174/2068 POM_5V_GPU 82/82 POM_5V_CPU 574/457
RAM 1397/3964MB (lfb 8x4MB) SWAP 758/6078MB (cached 38MB) IRAM 0/252kB(lfb 252kB) CPU [9%@921,4%@921,off,off] EMC_FREQ 0%@1600 GR3D_FREQ 0%@614 APE 25 PLL@30C CPU@31.5C iwlwifi@32C PMIC@50C GPU@30C AO@41.5C thermal@30.75C POM_5V_IN 2174/2068 POM_5V_GPU 82/82 POM_5V_CPU 533/457
RAM 1379/3964MB (lfb 8x4MB) SWAP 758/6078MB (cached 38MB) IRAM 0/252kB(lfb 252kB) CPU [5%@921,8%@921,off,off] EMC_FREQ 0%@1600 GR3D_FREQ 0%@614 APE 25 PLL@30C CPU@31.5C iwlwifi@32C PMIC@50C GPU@30.5C AO@41C thermal@30.75C POM_5V_IN 1934/2068 POM_5V_GPU 82/82 POM_5V_CPU 329/457
RAM 1397/3964MB (lfb 8x4MB) SWAP 758/6078MB (cached 38MB) IRAM 0/252kB(lfb 252kB) CPU [6%@921,8%@921,off,off] EMC_FREQ 0%@1600 GR3D_FREQ 0%@614 APE 25 PLL@30C CPU@31.5C iwlwifi@32C PMIC@50C GPU@30C AO@41C thermal@31C POM_5V_IN 2174/2068 POM_5V_GPU 82/82 POM_5V_CPU 574/457
RAM 1396/3964MB (lfb 8x4MB) SWAP 758/6078MB (cached 38MB) IRAM 0/252kB(lfb 252kB) CPU [6%@921,8%@921,off,off] EMC_FREQ 0%@1600 GR3D_FREQ 0%@614 APE 25 PLL@30C CPU@32C iwlwifi@32C PMIC@50C GPU@30C AO@41C thermal@30.75C POM_5V_IN 1934/2068 POM_5V_GPU 82/82 POM_5V_CPU 370/457
RAM 1393/3964MB (lfb 8x4MB) SWAP 758/6078MB (cached 38MB) IRAM 0/252kB(lfb 252kB) CPU [6%@921,8%@921,off,off] EMC_FREQ 0%@1600 GR3D_FREQ 0%@614 APE 25 PLL@30C CPU@31.5C iwlwifi@32C PMIC@50C GPU@30.5C AO@41C thermal@31C POM_5V_IN 1934/2068 POM_5V_GPU 82/82 POM_5V_CPU 329/457
RAM 1397/3964MB (lfb 8x4MB) SWAP 758/6078MB (cached 38MB) IRAM 0/252kB(lfb 252kB) CPU [8%@921,5%@921,off,off] EMC_FREQ 0%@1600 GR3D_FREQ 0%@614 APE 25 PLL@30C CPU@31.5C iwlwifi@32C PMIC@50C GPU@30C AO@41C thermal@31C POM_5V_IN 1934/2068 POM_5V_GPU 82/82 POM_5V_CPU 329/457
RAM 1398/3964MB (lfb 8x4MB) SWAP 758/6078MB (cached 38MB) IRAM 0/252kB(lfb 252kB) CPU [7%@921,7%@921,off,off] EMC_FREQ 0%@1600 GR3D_FREQ 0%@614 APE 25 PLL@29.5C CPU@32C iwlwifi@32C PMIC@50C GPU@30.5C AO@41C thermal@30.75C POM_5V_IN 1975/2068 POM_5V_GPU 82/82 POM_5V_CPU 370/457
RAM 1394/3964MB (lfb 8x4MB) SWAP 758/6078MB (cached 38MB) IRAM 0/252kB(lfb 252kB) CPU [7%@921,7%@921,off,off] EMC_FREQ 0%@1600 GR3D_FREQ 0%@614 APE 25 PLL@30C CPU@31.5C iwlwifi@32C PMIC@50C GPU@30C AO@41C thermal@30.75C POM_5V_IN 1934/2068 POM_5V_GPU 82/82 POM_5V_CPU 329/457
RAM 1395/3964MB (lfb 8x4MB) SWAP 758/6078MB (cached 38MB) IRAM 0/252kB(lfb 252kB) CPU [8%@921,6%@921,off,off] EMC_FREQ 0%@1600 GR3D_FREQ 0%@614 APE 25 PLL@30C CPU@31.5C iwlwifi@32C PMIC@50C GPU@30C AO@41C thermal@30.75C POM_5V_IN 2256/2068 POM_5V_GPU 82/82 POM_5V_CPU 574/457
RAM 1379/3964MB (lfb 8x4MB) SWAP 758/6078MB (cached 38MB) IRAM 0/252kB(lfb 252kB) CPU [4%@921,10%@921,off,off] EMC_FREQ 0%@1600 GR3D_FREQ 0%@614 APE 25 PLL@30C CPU@32C iwlwifi@32C PMIC@50C GPU@30C AO@41C thermal@30.75C POM_5V_IN 2297/2068 POM_5V_GPU 82/82 POM_5V_CPU 655/457
RAM 1379/3964MB (lfb 8x4MB) SWAP 758/6078MB (cached 38MB) IRAM 0/252kB(lfb 252kB) CPU [6%@921,7%@921,off,off] EMC_FREQ 0%@1600 GR3D_FREQ 0%@614 APE 25 PLL@30.5C CPU@32C iwlwifi@32C PMIC@50C GPU@30C AO@41C thermal@30.75C POM_5V_IN 2174/2068 POM_5V_GPU 82/82 POM_5V_CPU 533/457
RAM 1379/3964MB (lfb 8x4MB) SWAP 758/6078MB (cached 38MB) IRAM 0/252kB(lfb 252kB) CPU [7%@921,7%@921,off,off] EMC_FREQ 0%@1600 GR3D_FREQ 0%@614 APE 25 PLL@30.5C CPU@31.5C iwlwifi@32C PMIC@50C GPU@30C AO@41C thermal@30.75C POM_5V_IN 2174/2068 POM_5V_GPU 82/82 POM_5V_CPU 533/457
RAM 1395/3964MB (lfb 8x4MB) SWAP 758/6078MB (cached 38MB) IRAM 0/252kB(lfb 252kB) CPU [6%@921,7%@921,off,off] EMC_FREQ 0%@1600 GR3D_FREQ 0%@614 APE 25 PLL@30.5C CPU@31.5C iwlwifi@32C PMIC@50C GPU@29.5C AO@41.5C thermal@30.5C POM_5V_IN 2174/2068 POM_5V_GPU 82/82 POM_5V_CPU 574/457
RAM 1379/3964MB (lfb 8x4MB) SWAP 758/6078MB (cached 38MB) IRAM 0/252kB(lfb 252kB) CPU [8%@921,6%@921,off,off] EMC_FREQ 0%@1600 GR3D_FREQ 0%@614 APE 25 PLL@30C CPU@31C iwlwifi@32C PMIC@50C GPU@30C AO@41C thermal@31C POM_5V_IN 1934/2068 POM_5V_GPU 82/82 POM_5V_CPU 329/457
RAM 1398/3964MB (lfb 8x4MB) SWAP 758/6078MB (cached 38MB) IRAM 0/252kB(lfb 252kB) CPU [7%@921,6%@921,off,off] EMC_FREQ 0%@1600 GR3D_FREQ 0%@614 APE 25 PLL@29.5C CPU@31.5C iwlwifi@32C PMIC@50C GPU@30C AO@41C thermal@30.75C POM_5V_IN 2174/2068 POM_5V_GPU 82/82 POM_5V_CPU 574/457
RAM 1397/3964MB (lfb 8x4MB) SWAP 758/6078MB (cached 38MB) IRAM 0/252kB(lfb 252kB) CPU [6%@921,8%@921,off,off] EMC_FREQ 0%@1600 GR3D_FREQ 0%@614 APE 25 PLL@30C CPU@31.5C iwlwifi@32C PMIC@50C GPU@30C AO@41C thermal@30.75C POM_5V_IN 1934/2068 POM_5V_GPU 82/82 POM_5V_CPU 329/457
RAM 1394/3964MB (lfb 8x4MB) SWAP 758/6078MB (cached 38MB) IRAM 0/252kB(lfb 252kB) CPU [8%@921,6%@921,off,off] EMC_FREQ 0%@1600 GR3D_FREQ 0%@614 APE 25 PLL@30C CPU@31.5C iwlwifi@32C PMIC@50C GPU@30C AO@41C thermal@30.75C POM_5V_IN 1892/2068 POM_5V_GPU 82/82 POM_5V_CPU 329/457
RAM 1395/3964MB (lfb 8x4MB) SWAP 758/6078MB (cached 38MB) IRAM 0/252kB(lfb 252kB) CPU [7%@921,7%@921,off,off] EMC_FREQ 0%@1600 GR3D_FREQ 0%@614 APE 25 PLL@30C CPU@31.5C iwlwifi@32C PMIC@50C GPU@30C AO@41.5C thermal@30.75C POM_5V_IN 1934/2068 POM_5V_GPU 82/82 POM_5V_CPU 329/457
RAM 1397/3964MB (lfb 8x4MB) SWAP 758/6078MB (cached 38MB) IRAM 0/252kB(lfb 252kB) CPU [6%@921,7%@921,off,off] EMC_FREQ 0%@1600 GR3D_FREQ 0%@614 APE 25 PLL@30.5C CPU@31.5C iwlwifi@32C PMIC@50C GPU@30.5C AO@41C thermal@30.75C POM_5V_IN 1892/2068 POM_5V_GPU 82/82 POM_5V_CPU 329/457
RAM 1400/3964MB (lfb 8x4MB) SWAP 758/6078MB (cached 38MB) IRAM 0/252kB(lfb 252kB) CPU [7%@921,7%@921,off,off] EMC_FREQ 0%@1600 GR3D_FREQ 0%@614 APE 25 PLL@30C CPU@31.5C iwlwifi@32C PMIC@50C GPU@30C AO@41C thermal@30.75C POM_5V_IN 2095/2068 POM_5V_GPU 82/82 POM_5V_CPU 492/457
RAM 1380/3964MB (lfb 8x4MB) SWAP 758/6078MB (cached 38MB) IRAM 0/252kB(lfb 252kB) CPU [7%@921,9%@921,off,off] EMC_FREQ 0%@1600 GR3D_FREQ 0%@614 APE 25 PLL@30C CPU@31.5C iwlwifi@32C PMIC@50C GPU@30C AO@41C thermal@30.75C POM_5V_IN 2215/2068 POM_5V_GPU 82/82 POM_5V_CPU 533/457
RAM 1380/3964MB (lfb 8x4MB) SWAP 758/6078MB (cached 38MB) IRAM 0/252kB(lfb 252kB) CPU [9%@921,6%@921,off,off] EMC_FREQ 0%@1600 GR3D_FREQ 0%@614 APE 25 PLL@30C CPU@32C iwlwifi@32C PMIC@50C GPU@30C AO@40.5C thermal@31C POM_5V_IN 2375/2068 POM_5V_GPU 81/82 POM_5V_CPU 737/457
RAM 1380/3964MB (lfb 8x4MB) SWAP 758/6078MB (cached 38MB) IRAM 0/252kB(lfb 252kB) CPU [7%@921,7%@921,off,off] EMC_FREQ 0%@1600 GR3D_FREQ 0%@614 APE 25 PLL@30C CPU@32.5C iwlwifi@32C PMIC@50C GPU@30C AO@41C thermal@30.75C POM_5V_IN 2174/2068 POM_5V_GPU 82/82 POM_5V_CPU 574/457
RAM 1394/3964MB (lfb 8x4MB) SWAP 758/6078MB (cached 38MB) IRAM 0/252kB(lfb 252kB) CPU [8%@921,4%@921,off,off] EMC_FREQ 0%@1600 GR3D_FREQ 0%@614 APE 25 PLL@30C CPU@31.5C iwlwifi@33C PMIC@50C GPU@30C AO@41C thermal@30.75C POM_5V_IN 2174/2068 POM_5V_GPU 82/82 POM_5V_CPU 574/457
RAM 1371/3964MB (lfb 8x4MB) SWAP 758/6078MB (cached 38MB) IRAM 0/252kB(lfb 252kB) CPU [7%@921,8%@921,off,off] EMC_FREQ 0%@1600 GR3D_FREQ 0%@614 APE 25 PLL@30C CPU@32C iwlwifi@32C PMIC@50C GPU@30C AO@41C thermal@30.75C POM_5V_IN 2174/2068 POM_5V_GPU 82/82 POM_5V_CPU 574/457
RAM 1397/3964MB (lfb 8x4MB) SWAP 758/6078MB (cached 38MB) IRAM 0/252kB(lfb 252kB) CPU [7%@921,6%@921,off,off] EMC_FREQ 0%@1600 GR3D_FREQ 0%@614 APE 25 PLL@30C CPU@32C iwlwifi@32C PMIC@50C GPU@30C AO@41.5C thermal@30.75C POM_5V_IN 2174/2068 POM_5V_GPU 82/82 POM_5V_CPU 574/457
RAM 1395/3964MB (lfb 8x4MB) SWAP 758/6078MB (cached 38MB) IRAM 0/252kB(lfb 252kB) CPU [8%@921,6%@921,off,off] EMC_FREQ 0%@1600 GR3D_FREQ 0%@614 APE 25 PLL@30C CPU@31.5C iwlwifi@32C PMIC@50C GPU@30C AO@41C thermal@30.75C POM_5V_IN 1934/2068 POM_5V_GPU 82/82 POM_5V_CPU 370/457
RAM 1397/3964MB (lfb 8x4MB) SWAP 758/6078MB (cached 38MB) IRAM 0/252kB(lfb 252kB) CPU [8%@921,5%@921,off,off] EMC_FREQ 0%@1600 GR3D_FREQ 0%@614 APE 25 PLL@30.5C CPU@32C iwlwifi@32C PMIC@50C GPU@30C AO@41C thermal@30.75C POM_5V_IN 1934/2068 POM_5V_GPU 82/82 POM_5V_CPU 329/457
RAM 1395/3964MB (lfb 8x4MB) SWAP 758/6078MB (cached 38MB) IRAM 0/252kB(lfb 252kB) CPU [10%@921,4%@921,off,off] EMC_FREQ 0%@1600 GR3D_FREQ 0%@614 APE 25 PLL@30C CPU@31.5C iwlwifi@32C PMIC@50C GPU@30C AO@41C thermal@30.75C POM_5V_IN 1934/2068 POM_5V_GPU 82/82 POM_5V_CPU 370/457
RAM 1397/3964MB (lfb 8x4MB) SWAP 758/6078MB (cached 38MB) IRAM 0/252kB(lfb 252kB) CPU [8%@921,5%@921,off,off] EMC_FREQ 0%@1600 GR3D_FREQ 0%@614 APE 25 PLL@30.5C CPU@31.5C iwlwifi@32C PMIC@50C GPU@30C AO@41C thermal@30.75C POM_5V_IN 1975/2068 POM_5V_GPU 82/82 POM_5V_CPU 370/457
RAM 1393/3964MB (lfb 8x4MB) SWAP 758/6078MB (cached 38MB) IRAM 0/252kB(lfb 252kB) CPU [7%@921,7%@921,off,off] EMC_FREQ 0%@1600 GR3D_FREQ 0%@614 APE 25 PLL@30C CPU@31.5C iwlwifi@34C PMIC@50C GPU@30C AO@41C thermal@30.75C POM_5V_IN 1934/2068 POM_5V_GPU 82/82 POM_5V_CPU 329/457
RAM 1397/3964MB (lfb 8x4MB) SWAP 758/6078MB (cached 38MB) IRAM 0/252kB(lfb 252kB) CPU [7%@921,6%@921,off,off] EMC_FREQ 0%@1600 GR3D_FREQ 0%@614 APE 25 PLL@30.5C CPU@32C iwlwifi@32C PMIC@50C GPU@30C AO@41C thermal@30.5C POM_5V_IN 2211/2068 POM_5V_GPU 81/82 POM_5V_CPU 614/457
RAM 1379/3964MB (lfb 8x4MB) SWAP 758/6078MB (cached 38MB) IRAM 0/252kB(lfb 252kB) CPU [8%@921,6%@921,off,off] EMC_FREQ 0%@1600 GR3D_FREQ 0%@614 APE 25 PLL@30C CPU@32C iwlwifi@32C PMIC@50C GPU@30C AO@41C thermal@30.75C POM_5V_IN 2293/2068 POM_5V_GPU 81/82 POM_5V_CPU 655/457
RAM 1379/3964MB (lfb 8x4MB) SWAP 758/6078MB (cached 38MB) IRAM 0/252kB(lfb 252kB) CPU [6%@921,7%@921,off,off] EMC_FREQ 0%@1600 GR3D_FREQ 0%@614 APE 25 PLL@30C CPU@32.5C iwlwifi@32C PMIC@50C GPU@30C AO@41C thermal@30.5C POM_5V_IN 2174/2068 POM_5V_GPU 82/82 POM_5V_CPU 574/457
RAM 1379/3964MB (lfb 8x4MB) SWAP 758/6078MB (cached 38MB) IRAM 0/252kB(lfb 252kB) CPU [7%@921,7%@921,off,off] EMC_FREQ 0%@1600 GR3D_FREQ 0%@614 APE 25 PLL@30C CPU@32C iwlwifi@32C PMIC@50C GPU@30C AO@41C thermal@30.75C POM_5V_IN 2215/2068 POM_5V_GPU 82/82 POM_5V_CPU 574/458
RAM 1384/3964MB (lfb 8x4MB) SWAP 758/6078MB (cached 38MB) IRAM 0/252kB(lfb 252kB) CPU [8%@921,5%@921,off,off] EMC_FREQ 0%@1600 GR3D_FREQ 0%@614 APE 25 PLL@30C CPU@32C iwlwifi@32C PMIC@50C GPU@30C AO@41C thermal@30.75C POM_5V_IN 2215/2069 POM_5V_GPU 82/82 POM_5V_CPU 574/458
RAM 1380/3964MB (lfb 8x4MB) SWAP 758/6078MB (cached 38MB) IRAM 0/252kB(lfb 252kB) CPU [7%@921,7%@921,off,off] EMC_FREQ 0%@1600 GR3D_FREQ 0%@614 APE 25 PLL@30C CPU@31.5C iwlwifi@32C PMIC@50C GPU@30C AO@41C thermal@30.5C POM_5V_IN 1772/2068 POM_5V_GPU 82/82 POM_5V_CPU 206/457
RAM 1393/3964MB (lfb 8x4MB) SWAP 758/6078MB (cached 38MB) IRAM 0/252kB(lfb 252kB) CPU [5%@921,8%@921,off,off] EMC_FREQ 0%@1600 GR3D_FREQ 0%@614 APE 25 PLL@30.5C CPU@31.5C iwlwifi@32C PMIC@50C GPU@29.5C AO@41C thermal@30.75C POM_5V_IN 2174/2068 POM_5V_GPU 82/82 POM_5V_CPU 574/458
RAM 1393/3964MB (lfb 8x4MB) SWAP 758/6078MB (cached 38MB) IRAM 0/252kB(lfb 252kB) CPU [6%@921,8%@921,off,off] EMC_FREQ 0%@1600 GR3D_FREQ 0%@614 APE 25 PLL@30C CPU@31.5C iwlwifi@32C PMIC@50C GPU@29.5C AO@41C thermal@30.75C POM_5V_IN 1892/2068 POM_5V_GPU 82/82 POM_5V_CPU 288/457
RAM 1395/3964MB (lfb 8x4MB) SWAP 758/6078MB (cached 38MB) IRAM 0/252kB(lfb 252kB) CPU [7%@921,7%@921,off,off] EMC_FREQ 0%@1600 GR3D_FREQ 0%@614 APE 25 PLL@30C CPU@31.5C iwlwifi@33C PMIC@50C GPU@30C AO@41C thermal@30.75C POM_5V_IN 1934/2068 POM_5V_GPU 82/82 POM_5V_CPU 329/457
RAM 1393/3964MB (lfb 8x4MB) SWAP 758/6078MB (cached 38MB) IRAM 0/252kB(lfb 252kB) CPU [4%@921,9%@921,off,off] EMC_FREQ 0%@1600 GR3D_FREQ 0%@614 APE 25 PLL@30C CPU@32C iwlwifi@32C PMIC@50C GPU@29.5C AO@41.5C thermal@30.5C POM_5V_IN 2174/2068 POM_5V_GPU 82/82 POM_5V_CPU 574/457
RAM 1397/3964MB (lfb 8x4MB) SWAP 758/6078MB (cached 38MB) IRAM 0/252kB(lfb 252kB) CPU [5%@921,8%@921,off,off] EMC_FREQ 0%@1600 GR3D_FREQ 0%@614 APE 25 PLL@30C CPU@31.5C iwlwifi@32C PMIC@50C GPU@30C AO@41.5C thermal@31C POM_5V_IN 1931/2068 POM_5V_GPU 82/82 POM_5V_CPU 328/457
RAM 1395/3964MB (lfb 8x4MB) SWAP 758/6078MB (cached 38MB) IRAM 0/252kB(lfb 252kB) CPU [7%@921,6%@921,off,off] EMC_FREQ 0%@1600 GR3D_FREQ 0%@614 APE 25 PLL@30C CPU@31.5C iwlwifi@32C PMIC@50C GPU@30C AO@41.5C thermal@30.75C POM_5V_IN 1934/2068 POM_5V_GPU 82/82 POM_5V_CPU 329/457
RAM 1379/3964MB (lfb 8x4MB) SWAP 758/6078MB (cached 38MB) IRAM 0/252kB(lfb 252kB) CPU [8%@921,6%@921,off,off] EMC_FREQ 0%@1600 GR3D_FREQ 0%@614 APE 25 PLL@30C CPU@31.5C iwlwifi@32C PMIC@50C GPU@30C AO@41C thermal@30.75C POM_5V_IN 2174/2068 POM_5V_GPU 82/82 POM_5V_CPU 533/457
RAM 1379/3964MB (lfb 8x4MB) SWAP 758/6078MB (cached 38MB) IRAM 0/252kB(lfb 252kB) CPU [6%@921,7%@921,off,off] EMC_FREQ 0%@1600 GR3D_FREQ 0%@614 APE 25 PLL@30C CPU@31.5C iwlwifi@32C PMIC@50C GPU@30.5C AO@41C thermal@30.75C POM_5V_IN 2252/2068 POM_5V_GPU 81/82 POM_5V_CPU 573/457
RAM 1379/3964MB (lfb 8x4MB) SWAP 758/6078MB (cached 38MB) IRAM 0/252kB(lfb 252kB) CPU [7%@921,7%@921,off,off] EMC_FREQ 0%@1600 GR3D_FREQ 0%@614 APE 25 PLL@30C CPU@31.5C iwlwifi@32C PMIC@50C GPU@30C AO@41C thermal@30.5C POM_5V_IN 2174/2068 POM_5V_GPU 82/82 POM_5V_CPU 533/457
RAM 1394/3964MB (lfb 8x4MB) SWAP 758/6078MB (cached 38MB) IRAM 0/252kB(lfb 252kB) CPU [9%@921,4%@921,off,off] EMC_FREQ 0%@1600 GR3D_FREQ 0%@614 APE 25 PLL@30.5C CPU@31.5C iwlwifi@32C PMIC@50C GPU@30C AO@41.5C thermal@30.75C POM_5V_IN 2215/2068 POM_5V_GPU 82/82 POM_5V_CPU 574/457
RAM 1379/3964MB (lfb 8x4MB) SWAP 758/6078MB (cached 38MB) IRAM 0/252kB(lfb 252kB) CPU [8%@921,7%@921,off,off] EMC_FREQ 0%@1600 GR3D_FREQ 0%@614 APE 25 PLL@30.5C CPU@31.5C iwlwifi@32C PMIC@50C GPU@30C AO@41C thermal@31C POM_5V_IN 1892/2068 POM_5V_GPU 82/82 POM_5V_CPU 329/457
RAM 1399/3964MB (lfb 8x4MB) SWAP 758/6078MB (cached 38MB) IRAM 0/252kB(lfb 252kB) CPU [8%@921,4%@921,off,off] EMC_FREQ 0%@1600 GR3D_FREQ 0%@614 APE 25 PLL@30C CPU@31.5C iwlwifi@32C PMIC@50C GPU@30C AO@41C thermal@30.5C POM_5V_IN 2174/2068 POM_5V_GPU 82/82 POM_5V_CPU 574/457
RAM 1395/3964MB (lfb 8x4MB) SWAP 758/6078MB (cached 38MB) IRAM 0/252kB(lfb 252kB) CPU [6%@921,8%@921,off,off] EMC_FREQ 0%@1600 GR3D_FREQ 0%@614 APE 25 PLL@30C CPU@31.5C iwlwifi@32C PMIC@50C GPU@30C AO@41C thermal@30.75C POM_5V_IN 1934/2068 POM_5V_GPU 82/82 POM_5V_CPU 329/457
RAM 1398/3964MB (lfb 8x4MB) SWAP 758/6078MB (cached 38MB) IRAM 0/252kB(lfb 252kB) CPU [7%@921,6%@921,off,off] EMC_FREQ 0%@1600 GR3D_FREQ 0%@614 APE 25 PLL@30C CPU@31.5C iwlwifi@32C PMIC@50C GPU@30C AO@40.5C thermal@30.75C POM_5V_IN 1892/2068 POM_5V_GPU 82/82 POM_5V_CPU 329/457
RAM 1395/3964MB (lfb 8x4MB) SWAP 758/6078MB (cached 38MB) IRAM 0/252kB(lfb 252kB) CPU [6%@921,8%@921,off,off] EMC_FREQ 0%@1600 GR3D_FREQ 0%@614 APE 25 PLL@30C CPU@31.5C iwlwifi@32C PMIC@50C GPU@30.5C AO@41C thermal@30.75C POM_5V_IN 1934/2068 POM_5V_GPU 82/82 POM_5V_CPU 329/457
RAM 1397/3964MB (lfb 8x4MB) SWAP 758/6078MB (cached 38MB) IRAM 0/252kB(lfb 252kB) CPU [5%@921,8%@921,off,off] EMC_FREQ 0%@1600 GR3D_FREQ 0%@614 APE 25 PLL@30C CPU@31.5C iwlwifi@32C PMIC@50C GPU@30C AO@41C thermal@30.75C POM_5V_IN 1934/2068 POM_5V_GPU 82/82 POM_5V_CPU 370/457
RAM 1393/3964MB (lfb 8x4MB) SWAP 758/6078MB (cached 38MB) IRAM 0/252kB(lfb 252kB) CPU [6%@921,7%@921,off,off] EMC_FREQ 0%@1600 GR3D_FREQ 0%@614 APE 25 PLL@30C CPU@31.5C iwlwifi@32C PMIC@50C GPU@30C AO@41C thermal@30.75C POM_5V_IN 1934/2068 POM_5V_GPU 82/82 POM_5V_CPU 329/457
RAM 1392/3964MB (lfb 8x4MB) SWAP 758/6078MB (cached 38MB) IRAM 0/252kB(lfb 252kB) CPU [8%@921,6%@921,off,off] EMC_FREQ 0%@1600 GR3D_FREQ 0%@614 APE 25 PLL@29.5C CPU@31.5C iwlwifi@32C PMIC@50C GPU@30.5C AO@41.5C thermal@30.5C POM_5V_IN 2136/2068 POM_5V_GPU 82/82 POM_5V_CPU 533/457
RAM 1397/3964MB (lfb 8x4MB) SWAP 758/6078MB (cached 38MB) IRAM 0/252kB(lfb 252kB) CPU [6%@921,7%@921,off,off] EMC_FREQ 0%@1600 GR3D_FREQ 0%@614 APE 25 PLL@29.5C CPU@31.5C iwlwifi@32C PMIC@50C GPU@30C AO@41C thermal@30.75C POM_5V_IN 2256/2068 POM_5V_GPU 82/82 POM_5V_CPU 615/457
RAM 1379/3964MB (lfb 8x4MB) SWAP 758/6078MB (cached 38MB) IRAM 0/252kB(lfb 252kB) CPU [7%@921,7%@921,off,off] EMC_FREQ 0%@1600 GR3D_FREQ 0%@614 APE 25 PLL@30.5C CPU@31.5C iwlwifi@32C PMIC@50C GPU@30C AO@41C thermal@30.75C POM_5V_IN 2256/2068 POM_5V_GPU 82/82 POM_5V_CPU 614/457
RAM 1379/3964MB (lfb 8x4MB) SWAP 758/6078MB (cached 38MB) IRAM 0/252kB(lfb 252kB) CPU [7%@921,6%@921,off,off] EMC_FREQ 0%@1600 GR3D_FREQ 0%@614 APE 25 PLL@30.5C CPU@31.5C iwlwifi@32C PMIC@50C GPU@30C AO@41C thermal@30.75C POM_5V_IN 2174/2068 POM_5V_GPU 82/82 POM_5V_CPU 533/457
RAM 1379/3964MB (lfb 8x4MB) SWAP 758/6078MB (cached 38MB) IRAM 0/252kB(lfb 252kB) CPU [6%@921,9%@921,off,off] EMC_FREQ 0%@1600 GR3D_FREQ 0%@614 APE 25 PLL@30C CPU@32C iwlwifi@32C PMIC@50C GPU@29.5C AO@41C thermal@30.5C POM_5V_IN 2174/2068 POM_5V_GPU 82/82 POM_5V_CPU 574/457
RAM 1379/3964MB (lfb 8x4MB) SWAP 758/6078MB (cached 38MB) IRAM 0/252kB(lfb 252kB) CPU [6%@921,7%@921,off,off] EMC_FREQ 0%@1600 GR3D_FREQ 0%@614 APE 25 PLL@30.5C CPU@32C iwlwifi@32C PMIC@50C GPU@30C AO@41.5C thermal@30.75C POM_5V_IN 2215/2068 POM_5V_GPU 82/82 POM_5V_CPU 574/458
RAM 1393/3964MB (lfb 8x4MB) SWAP 758/6078MB (cached 38MB) IRAM 0/252kB(lfb 252kB) CPU [7%@921,6%@921,off,off] EMC_FREQ 0%@1600 GR3D_FREQ 0%@614 APE 25 PLL@30C CPU@31C iwlwifi@32C PMIC@50C GPU@30C AO@41C thermal@30.75C POM_5V_IN 2215/2069 POM_5V_GPU 82/82 POM_5V_CPU 574/458
RAM 1394/3964MB (lfb 8x4MB) SWAP 758/6078MB (cached 38MB) IRAM 0/252kB(lfb 252kB) CPU [6%@921,6%@921,off,off] EMC_FREQ 0%@1600 GR3D_FREQ 0%@614 APE 25 PLL@30C CPU@31.5C iwlwifi@32C PMIC@50C GPU@30C AO@41C thermal@30.75C POM_5V_IN 1892/2068 POM_5V_GPU 82/82 POM_5V_CPU 288/457
RAM 1396/3964MB (lfb 8x4MB) SWAP 758/6078MB (cached 38MB) IRAM 0/252kB(lfb 252kB) CPU [6%@921,7%@921,off,off] EMC_FREQ 0%@1600 GR3D_FREQ 0%@614 APE 25 PLL@30.5C CPU@31.5C iwlwifi@32C PMIC@50C GPU@30.5C AO@41C thermal@30.75C POM_5V_IN 1934/2068 POM_5V_GPU 82/82 POM_5V_CPU 329/457
RAM 1396/3964MB (lfb 8x4MB) SWAP 758/6078MB (cached 38MB) IRAM 0/252kB(lfb 252kB) CPU [6%@921,7%@921,off,off] EMC_FREQ 0%@1600 GR3D_FREQ 0%@614 APE 25 PLL@30C CPU@32C iwlwifi@32C PMIC@50C GPU@30C AO@41C thermal@30.75C POM_5V_IN 1934/2068 POM_5V_GPU 82/82 POM_5V_CPU 329/457
RAM 1398/3964MB (lfb 8x4MB) SWAP 758/6078MB (cached 38MB) IRAM 0/252kB(lfb 252kB) CPU [7%@921,6%@921,off,off] EMC_FREQ 0%@1600 GR3D_FREQ 0%@614 APE 25 PLL@30C CPU@31.5C iwlwifi@32C PMIC@50C GPU@30C AO@41C thermal@31C POM_5V_IN 1934/2068 POM_5V_GPU 82/82 POM_5V_CPU 329/457
RAM 1395/3964MB (lfb 8x4MB) SWAP 758/6078MB (cached 38MB) IRAM 0/252kB(lfb 252kB) CPU [5%@921,8%@921,off,off] EMC_FREQ 0%@1600 GR3D_FREQ 0%@614 APE 25 PLL@30C CPU@31.5C iwlwifi@32C PMIC@50C GPU@30C AO@41C thermal@30.75C POM_5V_IN 1934/2068 POM_5V_GPU 82/82 POM_5V_CPU 329/457
RAM 1379/3964MB (lfb 8x4MB) SWAP 758/6078MB (cached 38MB) IRAM 0/252kB(lfb 252kB) CPU [5%@921,9%@921,off,off] EMC_FREQ 0%@1600 GR3D_FREQ 0%@614 APE 25 PLL@30C CPU@32C iwlwifi@32C PMIC@50C GPU@30C AO@41C thermal@31C POM_5V_IN 2256/2068 POM_5V_GPU 82/82 POM_5V_CPU 615/457
RAM 1379/3964MB (lfb 8x4MB) SWAP 758/6078MB (cached 38MB) IRAM 0/252kB(lfb 252kB) CPU [7%@921,6%@921,off,off] EMC_FREQ 0%@1600 GR3D_FREQ 0%@614 APE 25 PLL@30C CPU@32C iwlwifi@32C PMIC@50C GPU@30C AO@41.5C thermal@30.5C POM_5V_IN 2215/2068 POM_5V_GPU 82/82 POM_5V_CPU 574/457
RAM 1397/3964MB (lfb 8x4MB) SWAP 758/6078MB (cached 38MB) IRAM 0/252kB(lfb 252kB) CPU [7%@921,5%@921,off,off] EMC_FREQ 0%@1600 GR3D_FREQ 0%@614 APE 25 PLL@30C CPU@31.5C iwlwifi@32C PMIC@50C GPU@30C AO@41C thermal@30.75C POM_5V_IN 2174/2068 POM_5V_GPU 82/82 POM_5V_CPU 574/457
RAM 1379/3964MB (lfb 8x4MB) SWAP 758/6078MB (cached 38MB) IRAM 0/252kB(lfb 252kB) CPU [6%@921,8%@921,off,off] EMC_FREQ 0%@1600 GR3D_FREQ 0%@614 APE 25 PLL@30C CPU@32C iwlwifi@32C PMIC@50C GPU@30C AO@41C thermal@30.75C POM_5V_IN 2174/2068 POM_5V_GPU 82/82 POM_5V_CPU 574/457
RAM 1397/3964MB (lfb 8x4MB) SWAP 758/6078MB (cached 38MB) IRAM 0/252kB(lfb 252kB) CPU [6%@921,6%@921,off,off] EMC_FREQ 0%@1600 GR3D_FREQ 0%@614 APE 25 PLL@30C CPU@31.5C iwlwifi@32C PMIC@50C GPU@30C AO@41.5C thermal@30.5C POM_5V_IN 2174/2069 POM_5V_GPU 82/82 POM_5V_CPU 533/458
RAM 1380/3964MB (lfb 8x4MB) SWAP 758/6078MB (cached 38MB) IRAM 0/252kB(lfb 252kB) CPU [6%@921,8%@921,off,off] EMC_FREQ 0%@1600 GR3D_FREQ 0%@614 APE 25 PLL@30C CPU@31.5C iwlwifi@32C PMIC@50C GPU@30C AO@41C thermal@30.75C POM_5V_IN 1934/2068 POM_5V_GPU 82/82 POM_5V_CPU 329/457
RAM 1397/3964MB (lfb 8x4MB) SWAP 758/6078MB (cached 38MB) IRAM 0/252kB(lfb 252kB) CPU [6%@921,7%@921,off,off] EMC_FREQ 0%@1600 GR3D_FREQ 0%@614 APE 25 PLL@30C CPU@31.5C iwlwifi@32C PMIC@50C GPU@30C AO@41C thermal@31C POM_5V_IN 2174/2068 POM_5V_GPU 82/82 POM_5V_CPU 533/458
RAM 1397/3964MB (lfb 8x4MB) SWAP 758/6078MB (cached 38MB) IRAM 0/252kB(lfb 252kB) CPU [8%@921,5%@921,off,off] EMC_FREQ 0%@1600 GR3D_FREQ 0%@614 APE 25 PLL@30C CPU@31.5C iwlwifi@32C PMIC@50C GPU@30C AO@41C thermal@30.75C POM_5V_IN 1892/2068 POM_5V_GPU 82/82 POM_5V_CPU 329/457
RAM 1393/3964MB (lfb 8x4MB) SWAP 758/6078MB (cached 38MB) IRAM 0/252kB(lfb 252kB) CPU [5%@921,8%@921,off,off] EMC_FREQ 0%@1600 GR3D_FREQ 0%@614 APE 25 PLL@30C CPU@31.5C iwlwifi@32C PMIC@50C GPU@30C AO@41C thermal@30.75C POM_5V_IN 1934/2068 POM_5V_GPU 82/82 POM_5V_CPU 370/457
RAM 1393/3964MB (lfb 8x4MB) SWAP 758/6078MB (cached 38MB) IRAM 0/252kB(lfb 252kB) CPU [6%@921,8%@921,off,off] EMC_FREQ 0%@1600 GR3D_FREQ 0%@614 APE 25 PLL@30.5C CPU@31.5C iwlwifi@32C PMIC@50C GPU@29.5C AO@41C thermal@30.75C POM_5V_IN 1934/2068 POM_5V_GPU 82/82 POM_5V_CPU 329/457
RAM 1397/3964MB (lfb 8x4MB) SWAP 758/6078MB (cached 38MB) IRAM 0/252kB(lfb 252kB) CPU [4%@921,9%@921,off,off] EMC_FREQ 0%@1600 GR3D_FREQ 0%@614 APE 25 PLL@30C CPU@31.5C iwlwifi@32C PMIC@50C GPU@30C AO@41C thermal@30.75C POM_5V_IN 1934/2068 POM_5V_GPU 82/82 POM_5V_CPU 329/457
RAM 1398/3964MB (lfb 8x4MB) SWAP 758/6078MB (cached 38MB) IRAM 0/252kB(lfb 252kB) CPU [9%@921,5%@921,off,off] EMC_FREQ 0%@1600 GR3D_FREQ 0%@614 APE 25 PLL@30C CPU@31.5C iwlwifi@32C PMIC@50C GPU@30C AO@41C thermal@30.75C POM_5V_IN 1892/2068 POM_5V_GPU 82/82 POM_5V_CPU 329/457
RAM 1379/3964MB (lfb 8x4MB) SWAP 758/6078MB (cached 38MB) IRAM 0/252kB(lfb 252kB) CPU [5%@921,8%@921,off,off] EMC_FREQ 0%@1600 GR3D_FREQ 0%@614 APE 25 PLL@30C CPU@31.5C iwlwifi@32C PMIC@50C GPU@30C AO@41C thermal@30.5C POM_5V_IN 1934/2068 POM_5V_GPU 82/82 POM_5V_CPU 329/457
RAM 1379/3964MB (lfb 8x4MB) SWAP 758/6078MB (cached 38MB) IRAM 0/252kB(lfb 252kB) CPU [9%@921,5%@921,off,off] EMC_FREQ 0%@1600 GR3D_FREQ 0%@614 APE 25 PLL@30.5C CPU@31.5C iwlwifi@32C PMIC@50C GPU@30C AO@41C thermal@30.75C POM_5V_IN 2215/2068 POM_5V_GPU 82/82 POM_5V_CPU 574/457
RAM 1380/3964MB (lfb 8x4MB) SWAP 758/6078MB (cached 38MB) IRAM 0/252kB(lfb 252kB) CPU [5%@921,8%@921,off,off] EMC_FREQ 0%@1600 GR3D_FREQ 0%@614 APE 25 PLL@30C CPU@32C iwlwifi@32C PMIC@50C GPU@30.5C AO@41.5C thermal@31.25C POM_5V_IN 2256/2068 POM_5V_GPU 82/82 POM_5V_CPU 615/457
RAM 1380/3964MB (lfb 8x4MB) SWAP 758/6078MB (cached 38MB) IRAM 0/252kB(lfb 252kB) CPU [7%@921,7%@921,off,off] EMC_FREQ 0%@1600 GR3D_FREQ 0%@614 APE 25 PLL@30C CPU@32C iwlwifi@32C PMIC@50C GPU@30C AO@41C thermal@30.5C POM_5V_IN 2215/2068 POM_5V_GPU 82/82 POM_5V_CPU 574/457
RAM 1395/3964MB (lfb 8x4MB) SWAP 758/6078MB (cached 38MB) IRAM 0/252kB(lfb 252kB) CPU [7%@921,5%@921,off,off] EMC_FREQ 0%@1600 GR3D_FREQ 0%@614 APE 25 PLL@30C CPU@31.5C iwlwifi@33C PMIC@50C GPU@30C AO@41C thermal@31C POM_5V_IN 2174/2068 POM_5V_GPU 82/82 POM_5V_CPU 574/457
RAM 1379/3964MB (lfb 8x4MB) SWAP 758/6078MB (cached 38MB) IRAM 0/252kB(lfb 252kB) CPU [10%@921,5%@921,off,off] EMC_FREQ 0%@1600 GR3D_FREQ 0%@614 APE 25 PLL@30C CPU@32C iwlwifi@32C PMIC@50C GPU@30C AO@41.5C thermal@30.75C POM_5V_IN 1934/2068 POM_5V_GPU 82/82 POM_5V_CPU 329/457
RAM 1395/3964MB (lfb 8x4MB) SWAP 758/6078MB (cached 38MB) IRAM 0/252kB(lfb 252kB) CPU [7%@921,6%@921,off,off] EMC_FREQ 0%@1600 GR3D_FREQ 0%@614 APE 25 PLL@30C CPU@31.5C iwlwifi@32C PMIC@50C GPU@30C AO@41C thermal@30.75C POM_5V_IN 2174/2068 POM_5V_GPU 82/82 POM_5V_CPU 574/457
RAM 1393/3964MB (lfb 8x4MB) SWAP 758/6078MB (cached 38MB) IRAM 0/252kB(lfb 252kB) CPU [6%@921,7%@921,off,off] EMC_FREQ 0%@1600 GR3D_FREQ 0%@614 APE 25 PLL@30C CPU@31.5C iwlwifi@32C PMIC@50C GPU@30C AO@41C thermal@30.75C POM_5V_IN 1892/2068 POM_5V_GPU 82/82 POM_5V_CPU 329/457
RAM 1395/3964MB (lfb 8x4MB) SWAP 758/6078MB (cached 38MB) IRAM 0/252kB(lfb 252kB) CPU [7%@921,7%@921,off,off] EMC_FREQ 0%@1600 GR3D_FREQ 0%@614 APE 25 PLL@30C CPU@31.5C iwlwifi@32C PMIC@50C GPU@29.5C AO@41.5C thermal@30.75C POM_5V_IN 1934/2068 POM_5V_GPU 82/82 POM_5V_CPU 329/457
RAM 1395/3964MB (lfb 8x4MB) SWAP 758/6078MB (cached 38MB) IRAM 0/252kB(lfb 252kB) CPU [6%@921,7%@921,off,off] EMC_FREQ 0%@1600 GR3D_FREQ 0%@614 APE 25 PLL@30.5C CPU@31.5C iwlwifi@32C PMIC@50C GPU@30C AO@41C thermal@30.75C POM_5V_IN 1934/2068 POM_5V_GPU 82/82 POM_5V_CPU 329/457
RAM 1395/3964MB (lfb 8x4MB) SWAP 758/6078MB (cached 38MB) IRAM 0/252kB(lfb 252kB) CPU [5%@921,8%@921,off,off] EMC_FREQ 0%@1600 GR3D_FREQ 0%@614 APE 25 PLL@30.5C CPU@31.5C iwlwifi@32C PMIC@50C GPU@30C AO@41.5C thermal@30.75C POM_5V_IN 1934/2068 POM_5V_GPU 82/82 POM_5V_CPU 329/457
RAM 1397/3964MB (lfb 8x4MB) SWAP 758/6078MB (cached 38MB) IRAM 0/252kB(lfb 252kB) CPU [8%@921,5%@921,off,off] EMC_FREQ 0%@1600 GR3D_FREQ 0%@614 APE 25 PLL@30C CPU@31.5C iwlwifi@32C PMIC@50C GPU@30C AO@41C thermal@30.5C POM_5V_IN 2054/2068 POM_5V_GPU 82/82 POM_5V_CPU 451/457
RAM 1380/3964MB (lfb 8x4MB) SWAP 758/6078MB (cached 38MB) IRAM 0/252kB(lfb 252kB) CPU [5%@921,9%@921,off,off] EMC_FREQ 0%@1600 GR3D_FREQ 0%@614 APE 25 PLL@30C CPU@31.5C iwlwifi@32C PMIC@50C GPU@30C AO@41C thermal@30.75C POM_5V_IN 2215/2068 POM_5V_GPU 82/82 POM_5V_CPU 574/457
RAM 1379/3964MB (lfb 8x4MB) SWAP 758/6078MB (cached 38MB) IRAM 0/252kB(lfb 252kB) CPU [5%@921,8%@921,off,off] EMC_FREQ 0%@1600 GR3D_FREQ 0%@614 APE 25 PLL@30C CPU@31.5C iwlwifi@32C PMIC@50C GPU@30C AO@41C thermal@30.75C POM_5V_IN 2215/2068 POM_5V_GPU 82/82 POM_5V_CPU 574/457
RAM 1380/3964MB (lfb 8x4MB) SWAP 758/6078MB (cached 38MB) IRAM 0/252kB(lfb 252kB) CPU [9%@921,5%@921,off,off] EMC_FREQ 0%@1600 GR3D_FREQ 0%@614 APE 25 PLL@30.5C CPU@31C iwlwifi@32C PMIC@50C GPU@30C AO@41C thermal@30.75C POM_5V_IN 2170/2068 POM_5V_GPU 81/82 POM_5V_CPU 573/457
RAM 1396/3964MB (lfb 8x4MB) SWAP 758/6078MB (cached 38MB) IRAM 0/252kB(lfb 252kB) CPU [6%@921,7%@921,off,off] EMC_FREQ 0%@1600 GR3D_FREQ 0%@614 APE 25 PLL@30C CPU@31.5C iwlwifi@32C PMIC@50C GPU@30C AO@41C thermal@30.75C POM_5V_IN 2174/2068 POM_5V_GPU 82/82 POM_5V_CPU 533/457
RAM 1379/3964MB (lfb 8x4MB) SWAP 758/6078MB (cached 38MB) IRAM 0/252kB(lfb 252kB) CPU [8%@921,7%@921,off,off] EMC_FREQ 0%@1600 GR3D_FREQ 0%@614 APE 25 PLL@29.5C CPU@31C iwlwifi@32C PMIC@50C GPU@30C AO@41C thermal@30.25C POM_5V_IN 1892/2068 POM_5V_GPU 82/82 POM_5V_CPU 288/457
RAM 1397/3964MB (lfb 8x4MB) SWAP 758/6078MB (cached 38MB) IRAM 0/252kB(lfb 252kB) CPU [9%@921,4%@921,off,off] EMC_FREQ 0%@1600 GR3D_FREQ 0%@614 APE 25 PLL@30C CPU@31.5C iwlwifi@32C PMIC@50C GPU@30C AO@41C thermal@30.75C POM_5V_IN 2174/2068 POM_5V_GPU 82/82 POM_5V_CPU 574/457
RAM 1393/3964MB (lfb 8x4MB) SWAP 758/6078MB (cached 38MB) IRAM 0/252kB(lfb 252kB) CPU [6%@921,8%@921,off,off] EMC_FREQ 0%@1600 GR3D_FREQ 0%@614 APE 25 PLL@30C CPU@31.5C iwlwifi@32C PMIC@50C GPU@30C AO@41C thermal@30.5C POM_5V_IN 2054/2068 POM_5V_GPU 82/82 POM_5V_CPU 410/457
RAM 1393/3964MB (lfb 8x4MB) SWAP 758/6078MB (cached 38MB) IRAM 0/252kB(lfb 252kB) CPU [6%@921,7%@921,off,off] EMC_FREQ 0%@1600 GR3D_FREQ 0%@614 APE 25 PLL@30C CPU@31.5C iwlwifi@32C PMIC@50C GPU@29.5C AO@41.5C thermal@30.75C POM_5V_IN 1975/2068 POM_5V_GPU 82/82 POM_5V_CPU 370/457
RAM 1395/3964MB (lfb 8x4MB) SWAP 758/6078MB (cached 38MB) IRAM 0/252kB(lfb 252kB) CPU [9%@921,5%@921,off,off] EMC_FREQ 0%@1600 GR3D_FREQ 0%@614 APE 25 PLL@30C CPU@31.5C iwlwifi@32C PMIC@50C GPU@30C AO@41.5C thermal@30.75C POM_5V_IN 1934/2068 POM_5V_GPU 82/82 POM_5V_CPU 370/457
RAM 1397/3964MB (lfb 8x4MB) SWAP 758/6078MB (cached 38MB) IRAM 0/252kB(lfb 252kB) CPU [8%@921,5%@921,off,off] EMC_FREQ 0%@1600 GR3D_FREQ 0%@614 APE 25 PLL@30C CPU@31.5C iwlwifi@32C PMIC@50C GPU@30C AO@41.5C thermal@30.75C POM_5V_IN 1934/2068 POM_5V_GPU 82/82 POM_5V_CPU 370/457
RAM 1397/3964MB (lfb 8x4MB) SWAP 758/6078MB (cached 38MB) IRAM 0/252kB(lfb 252kB) CPU [8%@921,5%@921,off,off] EMC_FREQ 0%@1600 GR3D_FREQ 0%@614 APE 25 PLL@30C CPU@31.5C iwlwifi@32C PMIC@50C GPU@30C AO@41.5C thermal@30.5C POM_5V_IN 1892/2068 POM_5V_GPU 82/82 POM_5V_CPU 329/457
RAM 1380/3964MB (lfb 8x4MB) SWAP 758/6078MB (cached 38MB) IRAM 0/252kB(lfb 252kB) CPU [8%@921,6%@921,off,off] EMC_FREQ 0%@1600 GR3D_FREQ 0%@614 APE 25 PLL@30C CPU@32C iwlwifi@32C PMIC@50C GPU@30C AO@41.5C thermal@30.75C POM_5V_IN 2136/2068 POM_5V_GPU 82/82 POM_5V_CPU 492/457
RAM 1379/3964MB (lfb 8x4MB) SWAP 758/6078MB (cached 38MB) IRAM 0/252kB(lfb 252kB) CPU [7%@921,6%@921,off,off] EMC_FREQ 0%@1600 GR3D_FREQ 0%@614 APE 25 PLL@30C CPU@32C iwlwifi@32C PMIC@50C GPU@30C AO@41C thermal@30.75C POM_5V_IN 2215/2068 POM_5V_GPU 82/82 POM_5V_CPU 574/457
RAM 1379/3964MB (lfb 8x4MB) SWAP 758/6078MB (cached 38MB) IRAM 0/252kB(lfb 252kB) CPU [9%@921,4%@921,off,off] EMC_FREQ 0%@1600 GR3D_FREQ 0%@614 APE 25 PLL@30C CPU@31.5C iwlwifi@32C PMIC@50C GPU@30.5C AO@41C thermal@30.5C POM_5V_IN 2174/2068 POM_5V_GPU 82/82 POM_5V_CPU 574/457
RAM 1393/3964MB (lfb 8x4MB) SWAP 758/6078MB (cached 38MB) IRAM 0/252kB(lfb 252kB) CPU [5%@921,8%@921,off,off] EMC_FREQ 0%@1600 GR3D_FREQ 0%@614 APE 25 PLL@30.5C CPU@32C iwlwifi@32C PMIC@50C GPU@30.5C AO@41.5C thermal@31C POM_5V_IN 2375/2068 POM_5V_GPU 81/82 POM_5V_CPU 737/457
RAM 1380/3964MB (lfb 8x4MB) SWAP 758/6078MB (cached 38MB) IRAM 0/252kB(lfb 252kB) CPU [5%@921,9%@921,off,off] EMC_FREQ 0%@1600 GR3D_FREQ 0%@614 APE 25 PLL@30C CPU@31.5C iwlwifi@32C PMIC@50C GPU@30C AO@41C thermal@30.75C POM_5V_IN 1892/2068 POM_5V_GPU 82/82 POM_5V_CPU 288/457
RAM 1397/3964MB (lfb 8x4MB) SWAP 758/6078MB (cached 38MB) IRAM 0/252kB(lfb 252kB) CPU [7%@921,5%@921,off,off] EMC_FREQ 0%@1600 GR3D_FREQ 0%@614 APE 25 PLL@30C CPU@31.5C iwlwifi@32C PMIC@50C GPU@30.5C AO@41C thermal@30.75C POM_5V_IN 2174/2068 POM_5V_GPU 82/82 POM_5V_CPU 533/457
RAM 1395/3964MB (lfb 8x4MB) SWAP 758/6078MB (cached 38MB) IRAM 0/252kB(lfb 252kB) CPU [7%@921,7%@921,off,off] EMC_FREQ 0%@1600 GR3D_FREQ 0%@614 APE 25 PLL@30C CPU@31.5C iwlwifi@32C PMIC@50C GPU@30C AO@41C thermal@30.75C POM_5V_IN 1934/2068 POM_5V_GPU 82/82 POM_5V_CPU 329/457
RAM 1393/3964MB (lfb 8x4MB) SWAP 758/6078MB (cached 38MB) IRAM 0/252kB(lfb 252kB) CPU [8%@921,5%@921,off,off] EMC_FREQ 0%@1600 GR3D_FREQ 0%@614 APE 25 PLL@30C CPU@31.5C iwlwifi@32C PMIC@50C GPU@30C AO@41C thermal@30.75C POM_5V_IN 1934/2068 POM_5V_GPU 82/82 POM_5V_CPU 370/457
RAM 1395/3964MB (lfb 8x4MB) SWAP 758/6078MB (cached 38MB) IRAM 0/252kB(lfb 252kB) CPU [6%@921,8%@921,off,off] EMC_FREQ 0%@1600 GR3D_FREQ 0%@614 APE 25 PLL@30C CPU@31.5C iwlwifi@32C PMIC@50C GPU@30C AO@41.5C thermal@30.75C POM_5V_IN 1934/2068 POM_5V_GPU 82/82 POM_5V_CPU 329/457
RAM 1394/3964MB (lfb 8x4MB) SWAP 758/6078MB (cached 38MB) IRAM 0/252kB(lfb 252kB) CPU [7%@921,6%@921,off,off] EMC_FREQ 0%@1600 GR3D_FREQ 0%@614 APE 25 PLL@30C CPU@31C iwlwifi@32C PMIC@50C GPU@30.5C AO@41C thermal@30.75C POM_5V_IN 1934/2068 POM_5V_GPU 82/82 POM_5V_CPU 329/457
RAM 1394/3964MB (lfb 8x4MB) SWAP 758/6078MB (cached 38MB) IRAM 0/252kB(lfb 252kB) CPU [7%@921,7%@921,off,off] EMC_FREQ 0%@1600 GR3D_FREQ 0%@614 APE 25 PLL@30C CPU@31C iwlwifi@32C PMIC@50C GPU@30C AO@41.5C thermal@30.5C POM_5V_IN 1934/2068 POM_5V_GPU 82/82 POM_5V_CPU 329/457
RAM 1396/3964MB (lfb 8x4MB) SWAP 758/6078MB (cached 38MB) IRAM 0/252kB(lfb 252kB) CPU [6%@921,8%@921,off,off] EMC_FREQ 0%@1600 GR3D_FREQ 0%@614 APE 25 PLL@30C CPU@31.5C iwlwifi@32C PMIC@50C GPU@30C AO@41C thermal@30.75C POM_5V_IN 2136/2068 POM_5V_GPU 82/82 POM_5V_CPU 492/457
RAM 1380/3964MB (lfb 8x4MB) SWAP 758/6078MB (cached 38MB) IRAM 0/252kB(lfb 252kB) CPU [7%@921,8%@921,off,off] EMC_FREQ 0%@1600 GR3D_FREQ 0%@614 APE 25 PLL@30C CPU@31.5C iwlwifi@32C PMIC@50C GPU@30C AO@41C thermal@30.75C POM_5V_IN 2215/2068 POM_5V_GPU 82/82 POM_5V_CPU 574/457
RAM 1379/3964MB (lfb 8x4MB) SWAP 758/6078MB (cached 38MB) IRAM 0/252kB(lfb 252kB) CPU [8%@921,5%@921,off,off] EMC_FREQ 0%@1600 GR3D_FREQ 0%@614 APE 25 PLL@30C CPU@32C iwlwifi@32C PMIC@50C GPU@30C AO@41C thermal@30.75C POM_5V_IN 2256/2068 POM_5V_GPU 82/82 POM_5V_CPU 615/457
RAM 1380/3964MB (lfb 8x4MB) SWAP 758/6078MB (cached 38MB) IRAM 0/252kB(lfb 252kB) CPU [6%@921,6%@921,off,off] EMC_FREQ 0%@1600 GR3D_FREQ 0%@614 APE 25 PLL@30C CPU@31.5C iwlwifi@32C PMIC@50C GPU@30C AO@41C thermal@30.75C POM_5V_IN 2174/2068 POM_5V_GPU 82/82 POM_5V_CPU 574/457
RAM 1380/3964MB (lfb 8x4MB) SWAP 758/6078MB (cached 38MB) IRAM 0/252kB(lfb 252kB) CPU [6%@921,9%@921,off,off] EMC_FREQ 0%@1600 GR3D_FREQ 0%@614 APE 25 PLL@30C CPU@32C iwlwifi@32C PMIC@50C GPU@30C AO@41C thermal@30.75C POM_5V_IN 2375/2068 POM_5V_GPU 81/82 POM_5V_CPU 737/457
RAM 1395/3964MB (lfb 8x4MB) SWAP 758/6078MB (cached 38MB) IRAM 0/252kB(lfb 252kB) CPU [8%@921,5%@921,off,off] EMC_FREQ 0%@1600 GR3D_FREQ 0%@614 APE 25 PLL@30C CPU@31.5C iwlwifi@32C PMIC@50C GPU@30C AO@41C thermal@30.75C POM_5V_IN 2215/2068 POM_5V_GPU 82/82 POM_5V_CPU 574/457
RAM 1379/3964MB (lfb 8x4MB) SWAP 758/6078MB (cached 38MB) IRAM 0/252kB(lfb 252kB) CPU [6%@921,8%@921,off,off] EMC_FREQ 0%@1600 GR3D_FREQ 0%@614 APE 25 PLL@30C CPU@31.5C iwlwifi@32C PMIC@50C GPU@30C AO@41C thermal@30.75C POM_5V_IN 1934/2068 POM_5V_GPU 82/82 POM_5V_CPU 329/457
RAM 1395/3964MB (lfb 8x4MB) SWAP 758/6078MB (cached 38MB) IRAM 0/252kB(lfb 252kB) CPU [6%@921,7%@921,off,off] EMC_FREQ 0%@1600 GR3D_FREQ 0%@614 APE 25 PLL@30.5C CPU@31.5C iwlwifi@32C PMIC@50C GPU@30C AO@41C thermal@30.75C POM_5V_IN 2174/2068 POM_5V_GPU 82/82 POM_5V_CPU 574/457
RAM 1398/3964MB (lfb 8x4MB) SWAP 758/6078MB (cached 38MB) IRAM 0/252kB(lfb 252kB) CPU [8%@921,6%@921,off,off] EMC_FREQ 0%@1600 GR3D_FREQ 0%@614 APE 25 PLL@30C CPU@31.5C iwlwifi@32C PMIC@50C GPU@30C AO@41.5C thermal@30.75C POM_5V_IN 1934/2068 POM_5V_GPU 82/82 POM_5V_CPU 370/457
RAM 1396/3964MB (lfb 8x4MB) SWAP 758/6078MB (cached 38MB) IRAM 0/252kB(lfb 252kB) CPU [8%@921,6%@921,off,off] EMC_FREQ 0%@1600 GR3D_FREQ 0%@614 APE 25 PLL@30C CPU@31.5C iwlwifi@32C PMIC@50C GPU@30C AO@41C thermal@30.75C POM_5V_IN 1851/2068 POM_5V_GPU 82/82 POM_5V_CPU 288/457
RAM 1395/3964MB (lfb 8x4MB) SWAP 758/6078MB (cached 38MB) IRAM 0/252kB(lfb 252kB) CPU [10%@921,4%@921,off,off] EMC_FREQ 0%@1600 GR3D_FREQ 0%@614 APE 25 PLL@30C CPU@31.5C iwlwifi@32C PMIC@50C GPU@30C AO@41.5C thermal@30.75C POM_5V_IN 2174/2068 POM_5V_GPU 82/82 POM_5V_CPU 574/457
RAM 1398/3964MB (lfb 8x4MB) SWAP 758/6078MB (cached 38MB) IRAM 0/252kB(lfb 252kB) CPU [7%@921,6%@921,off,off] EMC_FREQ 0%@1600 GR3D_FREQ 0%@614 APE 25 PLL@30C CPU@31C iwlwifi@32C PMIC@50C GPU@30C AO@41.5C thermal@30.5C POM_5V_IN 1934/2068 POM_5V_GPU 82/82 POM_5V_CPU 329/457
RAM 1395/3964MB (lfb 8x4MB) SWAP 758/6078MB (cached 38MB) IRAM 0/252kB(lfb 252kB) CPU [8%@921,6%@921,off,off] EMC_FREQ 0%@1600 GR3D_FREQ 0%@614 APE 25 PLL@29.5C CPU@31.5C iwlwifi@32C PMIC@50C GPU@30C AO@41C thermal@30.75C POM_5V_IN 2013/2068 POM_5V_GPU 82/82 POM_5V_CPU 451/457
RAM 1380/3964MB (lfb 8x4MB) SWAP 758/6078MB (cached 38MB) IRAM 0/252kB(lfb 252kB) CPU [8%@921,5%@921,off,off] EMC_FREQ 0%@1600 GR3D_FREQ 0%@614 APE 25 PLL@29.5C CPU@31.5C iwlwifi@32C PMIC@50C GPU@30.5C AO@41C thermal@31C POM_5V_IN 2256/2068 POM_5V_GPU 82/82 POM_5V_CPU 615/457
RAM 1379/3964MB (lfb 8x4MB) SWAP 758/6078MB (cached 38MB) IRAM 0/252kB(lfb 252kB) CPU [8%@921,6%@921,off,off] EMC_FREQ 0%@1600 GR3D_FREQ 0%@614 APE 25 PLL@30.5C CPU@31.5C iwlwifi@32C PMIC@50C GPU@30C AO@41.5C thermal@30.5C POM_5V_IN 2174/2068 POM_5V_GPU 82/82 POM_5V_CPU 574/457
RAM 1394/3964MB (lfb 8x4MB) SWAP 758/6078MB (cached 38MB) IRAM 0/252kB(lfb 252kB) CPU [6%@921,7%@921,off,off] EMC_FREQ 0%@1600 GR3D_FREQ 0%@614 APE 25 PLL@30C CPU@31.5C iwlwifi@32C PMIC@50C GPU@30C AO@41.5C thermal@30.75C POM_5V_IN 2174/2068 POM_5V_GPU 82/82 POM_5V_CPU 574/457
RAM 1380/3964MB (lfb 8x4MB) SWAP 758/6078MB (cached 38MB) IRAM 0/252kB(lfb 252kB) CPU [7%@921,7%@921,off,off] EMC_FREQ 0%@1600 GR3D_FREQ 0%@614 APE 25 PLL@30C CPU@31.5C iwlwifi@32C PMIC@50C GPU@30C AO@41.5C thermal@30.5C POM_5V_IN 1975/2068 POM_5V_GPU 82/82 POM_5V_CPU 370/457
RAM 1394/3964MB (lfb 8x4MB) SWAP 758/6078MB (cached 38MB) IRAM 0/252kB(lfb 252kB) CPU [6%@921,6%@921,off,off] EMC_FREQ 0%@1600 GR3D_FREQ 0%@614 APE 25 PLL@30C CPU@31.5C iwlwifi@32C PMIC@50C GPU@30C AO@41C thermal@30.75C POM_5V_IN 2174/2068 POM_5V_GPU 82/82 POM_5V_CPU 574/457
RAM 1379/3964MB (lfb 8x4MB) SWAP 758/6078MB (cached 38MB) IRAM 0/252kB(lfb 252kB) CPU [9%@921,6%@921,off,off] EMC_FREQ 0%@1600 GR3D_FREQ 0%@614 APE 25 PLL@30C CPU@31.5C iwlwifi@32C PMIC@50C GPU@30C AO@41C thermal@30.75C POM_5V_IN 1892/2068 POM_5V_GPU 82/82 POM_5V_CPU 329/457
RAM 1398/3964MB (lfb 8x4MB) SWAP 758/6078MB (cached 38MB) IRAM 0/252kB(lfb 252kB) CPU [4%@921,9%@921,off,off] EMC_FREQ 0%@1600 GR3D_FREQ 0%@614 APE 25 PLL@30C CPU@31.5C iwlwifi@32C PMIC@50C GPU@29.5C AO@41C thermal@30.75C POM_5V_IN 2174/2068 POM_5V_GPU 82/82 POM_5V_CPU 533/457
RAM 1399/3964MB (lfb 8x4MB) SWAP 758/6078MB (cached 38MB) IRAM 0/252kB(lfb 252kB) CPU [7%@921,6%@921,off,off] EMC_FREQ 0%@1600 GR3D_FREQ 0%@614 APE 25 PLL@30C CPU@31.5C iwlwifi@32C PMIC@50C GPU@30C AO@41.5C thermal@30.75C POM_5V_IN 1892/2068 POM_5V_GPU 82/82 POM_5V_CPU 329/457
RAM 1398/3964MB (lfb 8x4MB) SWAP 758/6078MB (cached 38MB) IRAM 0/252kB(lfb 252kB) CPU [5%@921,8%@921,off,off] EMC_FREQ 0%@1600 GR3D_FREQ 0%@614 APE 25 PLL@30C CPU@31.5C iwlwifi@32C PMIC@50C GPU@30C AO@41C thermal@30.75C POM_5V_IN 1934/2068 POM_5V_GPU 82/82 POM_5V_CPU 370/457
RAM 1397/3964MB (lfb 8x4MB) SWAP 758/6078MB (cached 38MB) IRAM 0/252kB(lfb 252kB) CPU [8%@921,5%@921,off,off] EMC_FREQ 0%@1600 GR3D_FREQ 0%@614 APE 25 PLL@29.5C CPU@31C iwlwifi@32C PMIC@50C GPU@30C AO@41C thermal@30.75C POM_5V_IN 1934/2068 POM_5V_GPU 82/82 POM_5V_CPU 370/457
RAM 1394/3964MB (lfb 8x4MB) SWAP 758/6078MB (cached 38MB) IRAM 0/252kB(lfb 252kB) CPU [7%@921,7%@921,off,off] EMC_FREQ 0%@1600 GR3D_FREQ 0%@614 APE 25 PLL@30C CPU@31C iwlwifi@32C PMIC@50C GPU@30C AO@41.5C thermal@30.75C POM_5V_IN 2174/2068 POM_5V_GPU 82/82 POM_5V_CPU 574/457
RAM 1380/3964MB (lfb 8x4MB) SWAP 758/6078MB (cached 38MB) IRAM 0/252kB(lfb 252kB) CPU [6%@921,7%@921,off,off] EMC_FREQ 0%@1600 GR3D_FREQ 0%@614 APE 25 PLL@30C CPU@31.5C iwlwifi@32C PMIC@50C GPU@30C AO@41.5C thermal@30.75C POM_5V_IN 2215/2068 POM_5V_GPU 82/82 POM_5V_CPU 574/457
RAM 1380/3964MB (lfb 8x4MB) SWAP 758/6078MB (cached 38MB) IRAM 0/252kB(lfb 252kB) CPU [11%@921,3%@921,off,off] EMC_FREQ 0%@1600 GR3D_FREQ 0%@614 APE 25 PLL@30C CPU@32C iwlwifi@32C PMIC@50C GPU@30C AO@41.5C thermal@30.75C POM_5V_IN 2215/2068 POM_5V_GPU 82/82 POM_5V_CPU 615/457
RAM 1394/3964MB (lfb 8x4MB) SWAP 758/6078MB (cached 38MB) IRAM 0/252kB(lfb 252kB) CPU [8%@921,8%@921,off,off] EMC_FREQ 0%@1600 GR3D_FREQ 0%@614 APE 25 PLL@30C CPU@31.5C iwlwifi@34C PMIC@50C GPU@30C AO@41C thermal@30.75C POM_5V_IN 2174/2068 POM_5V_GPU 82/82 POM_5V_CPU 533/458
RAM 1398/3964MB (lfb 8x4MB) SWAP 758/6078MB (cached 38MB) IRAM 0/252kB(lfb 252kB) CPU [8%@921,7%@921,off,off] EMC_FREQ 0%@1600 GR3D_FREQ 0%@614 APE 25 PLL@30C CPU@32C iwlwifi@34C PMIC@50C GPU@30C AO@41C thermal@30.75C POM_5V_IN 2252/2068 POM_5V_GPU 81/82 POM_5V_CPU 614/458
RAM 1396/3964MB (lfb 8x4MB) SWAP 758/6078MB (cached 38MB) IRAM 0/252kB(lfb 252kB) CPU [9%@921,5%@921,off,off] EMC_FREQ 0%@1600 GR3D_FREQ 0%@614 APE 25 PLL@30C CPU@31.5C iwlwifi@35C PMIC@50C GPU@30C AO@40.5C thermal@30.75C POM_5V_IN 1972/2068 POM_5V_GPU 82/82 POM_5V_CPU 369/458
RAM 1398/3964MB (lfb 8x4MB) SWAP 758/6078MB (cached 38MB) IRAM 0/252kB(lfb 252kB) CPU [8%@921,6%@921,off,off] EMC_FREQ 0%@1600 GR3D_FREQ 0%@614 APE 25 PLL@30C CPU@31.5C iwlwifi@32C PMIC@50C GPU@30C AO@41C thermal@31C POM_5V_IN 1972/2068 POM_5V_GPU 82/82 POM_5V_CPU 369/458
RAM 1379/3964MB (lfb 8x4MB) SWAP 758/6078MB (cached 38MB) IRAM 0/252kB(lfb 252kB) CPU [8%@921,6%@921,off,off] EMC_FREQ 0%@1600 GR3D_FREQ 0%@614 APE 25 PLL@30C CPU@31.5C iwlwifi@32C PMIC@50C GPU@30.5C AO@41C thermal@30.5C POM_5V_IN 1892/2068 POM_5V_GPU 82/82 POM_5V_CPU 328/457
RAM 1380/3964MB (lfb 8x4MB) SWAP 758/6078MB (cached 38MB) IRAM 0/252kB(lfb 252kB) CPU [9%@921,6%@921,off,off] EMC_FREQ 0%@1600 GR3D_FREQ 0%@614 APE 25 PLL@30C CPU@31.5C iwlwifi@32C PMIC@50C GPU@30.5C AO@41C thermal@31C POM_5V_IN 2133/2068 POM_5V_GPU 82/82 POM_5V_CPU 533/457
RAM 1380/3964MB (lfb 8x4MB) SWAP 758/6078MB (cached 38MB) IRAM 0/252kB(lfb 252kB) CPU [6%@921,7%@921,off,off] EMC_FREQ 0%@1600 GR3D_FREQ 0%@614 APE 25 PLL@30C CPU@31.5C iwlwifi@32C PMIC@50C GPU@30C AO@41C thermal@31C POM_5V_IN 2174/2068 POM_5V_GPU 82/82 POM_5V_CPU 574/458
RAM 1396/3964MB (lfb 8x4MB) SWAP 758/6078MB (cached 38MB) IRAM 0/252kB(lfb 252kB) CPU [5%@921,7%@921,off,off] EMC_FREQ 0%@1600 GR3D_FREQ 0%@614 APE 25 PLL@30.5C CPU@31.5C iwlwifi@32C PMIC@50C GPU@30C AO@41C thermal@30.75C POM_5V_IN 2174/2068 POM_5V_GPU 82/82 POM_5V_CPU 533/458
RAM 1371/3964MB (lfb 8x4MB) SWAP 758/6078MB (cached 38MB) IRAM 0/252kB(lfb 252kB) CPU [8%@921,8%@921,off,off] EMC_FREQ 0%@1600 GR3D_FREQ 0%@614 APE 25 PLL@30C CPU@31.5C iwlwifi@32C PMIC@50C GPU@30C AO@41.5C thermal@30.75C POM_5V_IN 2095/2068 POM_5V_GPU 82/82 POM_5V_CPU 574/458
RAM 1394/3964MB (lfb 8x4MB) SWAP 758/6078MB (cached 38MB) IRAM 0/252kB(lfb 252kB) CPU [7%@921,5%@921,off,off] EMC_FREQ 0%@1600 GR3D_FREQ 0%@614 APE 25 PLL@30C CPU@31.5C iwlwifi@32C PMIC@50C GPU@30C AO@41C thermal@30.5C POM_5V_IN 2133/2068 POM_5V_GPU 82/82 POM_5V_CPU 533/458
RAM 1396/3964MB (lfb 8x4MB) SWAP 758/6078MB (cached 38MB) IRAM 0/252kB(lfb 252kB) CPU [8%@921,7%@921,off,off] EMC_FREQ 0%@1600 GR3D_FREQ 0%@614 APE 25 PLL@30C CPU@31.5C iwlwifi@32C PMIC@50C GPU@30C AO@41.5C thermal@30.75C POM_5V_IN 1934/2068 POM_5V_GPU 82/82 POM_5V_CPU 329/458
RAM 1394/3964MB (lfb 8x4MB) SWAP 758/6078MB (cached 38MB) IRAM 0/252kB(lfb 252kB) CPU [9%@921,5%@921,off,off] EMC_FREQ 0%@1600 GR3D_FREQ 0%@614 APE 25 PLL@30C CPU@31.5C iwlwifi@32C PMIC@50C GPU@30.5C AO@41.5C thermal@30.75C POM_5V_IN 1934/2068 POM_5V_GPU 82/82 POM_5V_CPU 370/458
RAM 1396/3964MB (lfb 8x4MB) SWAP 758/6078MB (cached 38MB) IRAM 0/252kB(lfb 252kB) CPU [7%@921,5%@921,off,off] EMC_FREQ 0%@1600 GR3D_FREQ 0%@614 APE 25 PLL@30.5C CPU@31.5C iwlwifi@32C PMIC@50C GPU@30C AO@41C thermal@30.75C POM_5V_IN 1892/2068 POM_5V_GPU 82/82 POM_5V_CPU 288/457
RAM 1397/3964MB (lfb 8x4MB) SWAP 758/6078MB (cached 38MB) IRAM 0/252kB(lfb 252kB) CPU [4%@921,9%@921,off,off] EMC_FREQ 0%@1600 GR3D_FREQ 0%@614 APE 25 PLL@30C CPU@32C iwlwifi@32C PMIC@50C GPU@30C AO@41C thermal@30.75C POM_5V_IN 2174/2068 POM_5V_GPU 82/82 POM_5V_CPU 574/458
RAM 1396/3964MB (lfb 8x4MB) SWAP 758/6078MB (cached 38MB) IRAM 0/252kB(lfb 252kB) CPU [7%@921,6%@921,off,off] EMC_FREQ 0%@1600 GR3D_FREQ 0%@614 APE 25 PLL@30C CPU@31.5C iwlwifi@32C PMIC@50C GPU@30C AO@41C thermal@30.75C POM_5V_IN 1892/2068 POM_5V_GPU 82/82 POM_5V_CPU 288/457
RAM 1397/3964MB (lfb 8x4MB) SWAP 758/6078MB (cached 38MB) IRAM 0/252kB(lfb 252kB) CPU [6%@921,7%@921,off,off] EMC_FREQ 0%@1600 GR3D_FREQ 0%@614 APE 25 PLL@29.5C CPU@31.5C iwlwifi@32C PMIC@50C GPU@30C AO@41C thermal@30.75C POM_5V_IN 1934/2068 POM_5V_GPU 82/82 POM_5V_CPU 329/457
RAM 1380/3964MB (lfb 8x4MB) SWAP 758/6078MB (cached 38MB) IRAM 0/252kB(lfb 252kB) CPU [6%@921,8%@921,off,off] EMC_FREQ 0%@1600 GR3D_FREQ 0%@614 APE 25 PLL@30C CPU@32C iwlwifi@32C PMIC@50C GPU@30C AO@41C thermal@30.75C POM_5V_IN 2256/2068 POM_5V_GPU 82/82 POM_5V_CPU 574/457
RAM 1380/3964MB (lfb 8x4MB) SWAP 758/6078MB (cached 38MB) IRAM 0/252kB(lfb 252kB) CPU [8%@921,6%@921,off,off] EMC_FREQ 0%@1600 GR3D_FREQ 0%@614 APE 25 PLL@30C CPU@31.5C iwlwifi@32C PMIC@50C GPU@30C AO@41C thermal@30.5C POM_5V_IN 2215/2068 POM_5V_GPU 82/82 POM_5V_CPU 574/458
RAM 1371/3964MB (lfb 8x4MB) SWAP 758/6078MB (cached 38MB) IRAM 0/252kB(lfb 252kB) CPU [6%@921,9%@921,off,off] EMC_FREQ 0%@1600 GR3D_FREQ 0%@614 APE 25 PLL@30C CPU@32C iwlwifi@32C PMIC@50C GPU@30C AO@41.5C thermal@30.75C POM_5V_IN 2174/2068 POM_5V_GPU 82/82 POM_5V_CPU 574/458
RAM 1399/3964MB (lfb 8x4MB) SWAP 758/6078MB (cached 38MB) IRAM 0/252kB(lfb 252kB) CPU [7%@921,7%@921,off,off] EMC_FREQ 0%@1600 GR3D_FREQ 0%@614 APE 25 PLL@30C CPU@31.5C iwlwifi@33C PMIC@50C GPU@30C AO@41C thermal@30.5C POM_5V_IN 2215/2068 POM_5V_GPU 82/82 POM_5V_CPU 573/458
RAM 1400/3964MB (lfb 8x4MB) SWAP 758/6078MB (cached 38MB) IRAM 0/252kB(lfb 252kB) CPU [6%@921,3%@921,off,off] EMC_FREQ 0%@1600 GR3D_FREQ 0%@614 APE 25 PLL@30C CPU@31.5C iwlwifi@35C PMIC@50C GPU@30C AO@41C thermal@30.75C POM_5V_IN 1934/2068 POM_5V_GPU 82/82 POM_5V_CPU 329/458
RAM 1397/3964MB (lfb 8x4MB) SWAP 758/6078MB (cached 38MB) IRAM 0/252kB(lfb 252kB) CPU [7%@921,8%@921,off,off] EMC_FREQ 0%@1600 GR3D_FREQ 0%@614 APE 25 PLL@30C CPU@32C iwlwifi@33C PMIC@50C GPU@30C AO@41.5C thermal@30.5C POM_5V_IN 2092/2068 POM_5V_GPU 81/82 POM_5V_CPU 491/458
RAM 1390/3964MB (lfb 8x4MB) SWAP 758/6078MB (cached 38MB) IRAM 0/252kB(lfb 252kB) CPU [5%@921,9%@921,off,off] EMC_FREQ 0%@1600 GR3D_FREQ 0%@614 APE 25 PLL@30C CPU@31.5C iwlwifi@32C PMIC@50C GPU@30C AO@41.5C thermal@31C POM_5V_IN 1972/2068 POM_5V_GPU 82/82 POM_5V_CPU 369/458
RAM 1399/3964MB (lfb 8x4MB) SWAP 758/6078MB (cached 38MB) IRAM 0/252kB(lfb 252kB) CPU [6%@921,8%@921,off,off] EMC_FREQ 0%@1600 GR3D_FREQ 0%@614 APE 25 PLL@30C CPU@31.5C iwlwifi@32C PMIC@50C GPU@30.5C AO@41C thermal@30.75C POM_5V_IN 1769/2068 POM_5V_GPU 82/82 POM_5V_CPU 205/457
RAM 1398/3964MB (lfb 8x4MB) SWAP 758/6078MB (cached 38MB) IRAM 0/252kB(lfb 252kB) CPU [6%@921,7%@921,off,off] EMC_FREQ 0%@1600 GR3D_FREQ 0%@614 APE 25 PLL@30C CPU@31.5C iwlwifi@32C PMIC@50C GPU@30C AO@41C thermal@31C POM_5V_IN 1892/2068 POM_5V_GPU 82/82 POM_5V_CPU 329/457
RAM 1397/3964MB (lfb 8x4MB) SWAP 758/6078MB (cached 38MB) IRAM 0/252kB(lfb 252kB) CPU [8%@921,7%@921,off,off] EMC_FREQ 0%@1600 GR3D_FREQ 0%@614 APE 25 PLL@30.5C CPU@31.5C iwlwifi@32C PMIC@50C GPU@30C AO@41.5C thermal@30.75C POM_5V_IN 1934/2068 POM_5V_GPU 82/82 POM_5V_CPU 329/457
RAM 1396/3964MB (lfb 8x4MB) SWAP 758/6078MB (cached 38MB) IRAM 0/252kB(lfb 252kB) CPU [7%@921,7%@921,off,off] EMC_FREQ 0%@1600 GR3D_FREQ 0%@614 APE 25 PLL@30C CPU@32C iwlwifi@32C PMIC@50C GPU@30C AO@41C thermal@31C POM_5V_IN 1934/2068 POM_5V_GPU 82/82 POM_5V_CPU 369/457
RAM 1396/3964MB (lfb 8x4MB) SWAP 758/6078MB (cached 38MB) IRAM 0/252kB(lfb 252kB) CPU [8%@921,6%@921,off,off] EMC_FREQ 0%@1600 GR3D_FREQ 0%@614 APE 25 PLL@30C CPU@32C iwlwifi@33C PMIC@50C GPU@30C AO@41C thermal@31C POM_5V_IN 1892/2068 POM_5V_GPU 82/82 POM_5V_CPU 329/457
RAM 1400/3964MB (lfb 8x4MB) SWAP 758/6078MB (cached 38MB) IRAM 0/252kB(lfb 252kB) CPU [6%@921,8%@921,off,off] EMC_FREQ 0%@1600 GR3D_FREQ 0%@614 APE 25 PLL@30C CPU@31.5C iwlwifi@33C PMIC@50C GPU@30C AO@41C thermal@30.5C POM_5V_IN 2054/2068 POM_5V_GPU 82/82 POM_5V_CPU 493/457
RAM 1398/3964MB (lfb 8x4MB) SWAP 758/6078MB (cached 38MB) IRAM 0/252kB(lfb 252kB) CPU [7%@921,8%@921,off,off] EMC_FREQ 0%@1600 GR3D_FREQ 0%@614 APE 25 PLL@30C CPU@31.5C iwlwifi@33C PMIC@50C GPU@29.5C AO@41C thermal@31C POM_5V_IN 2170/2068 POM_5V_GPU 81/82 POM_5V_CPU 532/457
RAM 1398/3964MB (lfb 8x4MB) SWAP 758/6078MB (cached 38MB) IRAM 0/252kB(lfb 252kB) CPU [6%@921,8%@921,off,off] EMC_FREQ 0%@1600 GR3D_FREQ 0%@614 APE 25 PLL@30C CPU@32C iwlwifi@34C PMIC@50C GPU@29.5C AO@41C thermal@30.75C POM_5V_IN 1931/2068 POM_5V_GPU 82/82 POM_5V_CPU 328/457
RAM 1380/3964MB (lfb 8x4MB) SWAP 758/6078MB (cached 38MB) IRAM 0/252kB(lfb 252kB) CPU [7%@921,8%@921,off,off] EMC_FREQ 0%@1600 GR3D_FREQ 0%@614 APE 25 PLL@29.5C CPU@31.5C iwlwifi@33C PMIC@50C GPU@30C AO@41.5C thermal@31.25C POM_5V_IN 1728/2068 POM_5V_GPU 82/82 POM_5V_CPU 164/457
RAM 1380/3964MB (lfb 8x4MB) SWAP 758/6078MB (cached 38MB) IRAM 0/252kB(lfb 252kB) CPU [8%@921,6%@921,off,off] EMC_FREQ 0%@1600 GR3D_FREQ 0%@614 APE 25 PLL@30C CPU@32C iwlwifi@32C PMIC@50C GPU@30C AO@41C thermal@30.75C POM_5V_IN 2174/2068 POM_5V_GPU 82/82 POM_5V_CPU 574/457
RAM 1394/3964MB (lfb 8x4MB) SWAP 758/6078MB (cached 38MB) IRAM 0/252kB(lfb 252kB) CPU [9%@921,4%@921,off,off] EMC_FREQ 0%@1600 GR3D_FREQ 0%@614 APE 25 PLL@30C CPU@32C iwlwifi@32C PMIC@50C GPU@30C AO@41C thermal@31C POM_5V_IN 2174/2068 POM_5V_GPU 82/82 POM_5V_CPU 574/457
RAM 1380/3964MB (lfb 8x4MB) SWAP 758/6078MB (cached 38MB) IRAM 0/252kB(lfb 252kB) CPU [5%@921,8%@921,off,off] EMC_FREQ 0%@1600 GR3D_FREQ 0%@614 APE 25 PLL@30C CPU@32C iwlwifi@33C PMIC@50C GPU@30C AO@41C thermal@30.75C POM_5V_IN 1934/2068 POM_5V_GPU 82/82 POM_5V_CPU 329/457
RAM 1398/3964MB (lfb 8x4MB) SWAP 758/6078MB (cached 38MB) IRAM 0/252kB(lfb 252kB) CPU [6%@921,9%@921,off,off] EMC_FREQ 0%@1600 GR3D_FREQ 0%@614 APE 25 PLL@30C CPU@31.5C iwlwifi@32C PMIC@50C GPU@30C AO@41C thermal@30.75C POM_5V_IN 2174/2068 POM_5V_GPU 82/82 POM_5V_CPU 574/457
RAM 1398/3964MB (lfb 8x4MB) SWAP 758/6078MB (cached 38MB) IRAM 0/252kB(lfb 252kB) CPU [6%@921,4%@921,off,off] EMC_FREQ 0%@1600 GR3D_FREQ 0%@614 APE 25 PLL@30C CPU@31.5C iwlwifi@35C PMIC@50C GPU@30C AO@41C thermal@31C POM_5V_IN 2054/2068 POM_5V_GPU 82/82 POM_5V_CPU 451/457
RAM 1371/3964MB (lfb 8x4MB) SWAP 758/6078MB (cached 38MB) IRAM 0/252kB(lfb 252kB) CPU [10%@921,7%@921,off,off] EMC_FREQ 0%@1600 GR3D_FREQ 0%@614 APE 25 PLL@30C CPU@31.5C iwlwifi@33C PMIC@50C GPU@30C AO@41.5C thermal@31C POM_5V_IN 1807/2068 POM_5V_GPU 82/82 POM_5V_CPU 287/457
RAM 1385/3964MB (lfb 8x4MB) SWAP 758/6078MB (cached 38MB) IRAM 0/252kB(lfb 252kB) CPU [9%@921,5%@921,off,off] EMC_FREQ 0%@1600 GR3D_FREQ 0%@614 APE 25 PLL@30C CPU@32C iwlwifi@32C PMIC@50C GPU@30.5C AO@41.5C thermal@31C POM_5V_IN 2174/2068 POM_5V_GPU 82/82 POM_5V_CPU 574/457
RAM 1394/3964MB (lfb 8x4MB) SWAP 758/6078MB (cached 38MB) IRAM 0/252kB(lfb 252kB) CPU [6%@921,7%@921,off,off] EMC_FREQ 0%@1600 GR3D_FREQ 0%@614 APE 25 PLL@30C CPU@31.5C iwlwifi@35C PMIC@50C GPU@30C AO@41.5C thermal@30.75C POM_5V_IN 1731/2068 POM_5V_GPU 82/82 POM_5V_CPU 206/457
RAM 1389/3964MB (lfb 8x4MB) SWAP 758/6078MB (cached 38MB) IRAM 0/252kB(lfb 252kB) CPU [9%@921,7%@921,off,off] EMC_FREQ 0%@1600 GR3D_FREQ 0%@614 APE 25 PLL@30C CPU@32C iwlwifi@32C PMIC@50C GPU@30C AO@41.5C thermal@30.75C POM_5V_IN 2256/2068 POM_5V_GPU 82/82 POM_5V_CPU 614/457
RAM 1401/3964MB (lfb 7x4MB) SWAP 758/6078MB (cached 38MB) IRAM 0/252kB(lfb 252kB) CPU [6%@921,9%@921,off,off] EMC_FREQ 0%@1600 GR3D_FREQ 0%@614 APE 25 PLL@30C CPU@31.5C iwlwifi@32C PMIC@50C GPU@30C AO@41C thermal@31C POM_5V_IN 1769/2068 POM_5V_GPU 82/82 POM_5V_CPU 205/457
RAM 1403/3964MB (lfb 7x4MB) SWAP 758/6078MB (cached 38MB) IRAM 0/252kB(lfb 252kB) CPU [28%@921,50%@921,off,off] EMC_FREQ 0%@1600 GR3D_FREQ 0%@614 APE 25 PLL@30C CPU@31.5C iwlwifi@34C PMIC@50C GPU@30.5C AO@41.5C thermal@31C POM_5V_IN 1890/2068 POM_5V_GPU 82/82 POM_5V_CPU 328/457
