model,runtime,rank,layer_name,backend,granularity,mean_ms,std_ms,min_ms,max_ms,samples,percent_total_ms,cumulative_percent_ms,sequence,dashboard_source,source_file
mobilenetv3_small,onnxrt_cuda,2,model_loading_uri,onnxruntime,onnx_node,122.791,0.0,122.791,122.791,1,4.211304,87.678959,1,clean_v2_without_tensorrt,/Users/hobongs/Desktop/HoBong_study/26-1/탄중/temp/jetson_nano_edgeai/my_results/clean_v2(without_tensorRT)/layer_runtime/mobilenetv3_small_onnxrt_cuda.csv
mobilenetv3_small,onnxrt_cuda,1,session_initialization,onnxruntime,onnx_node,2433.706,0.0,2433.706,2433.706,1,83.467654,83.467654,2,clean_v2_without_tensorrt,/Users/hobongs/Desktop/HoBong_study/26-1/탄중/temp/jetson_nano_edgeai/my_results/clean_v2(without_tensorRT)/layer_runtime/mobilenetv3_small_onnxrt_cuda.csv
mobilenetv3_small,onnxrt_cuda,147,Conv:/features/features.0/features.0.0/Conv_fence_before,onnxruntime,onnx_node,0.0011,0.0003,0.001,0.002,60,3.8e-05,99.994536,3,clean_v2_without_tensorrt,/Users/hobongs/Desktop/HoBong_study/26-1/탄중/temp/jetson_nano_edgeai/my_results/clean_v2(without_tensorRT)/layer_runtime/mobilenetv3_small_onnxrt_cuda.csv
mobilenetv3_small,onnxrt_cuda,5,Conv:/features/features.0/features.0.0/Conv_kernel_time,onnxruntime,onnx_node,54.708017,415.614598,0.384,3247.087,60,1.876295,97.844673,4,clean_v2_without_tensorrt,/Users/hobongs/Desktop/HoBong_study/26-1/탄중/temp/jetson_nano_edgeai/my_results/clean_v2(without_tensorRT)/layer_runtime/mobilenetv3_small_onnxrt_cuda.csv
mobilenetv3_small,onnxrt_cuda,153,Conv:/features/features.0/features.0.0/Conv_fence_after,onnxruntime,onnx_node,0.001,0.0,0.001,0.001,9,3.4e-05,99.994753,5,clean_v2_without_tensorrt,/Users/hobongs/Desktop/HoBong_study/26-1/탄중/temp/jetson_nano_edgeai/my_results/clean_v2(without_tensorRT)/layer_runtime/mobilenetv3_small_onnxrt_cuda.csv
mobilenetv3_small,onnxrt_cuda,154,HardSigmoid:/features/features.0/features.0.2/HardSigmoid_fence_before,onnxruntime,onnx_node,0.001,0.0,0.001,0.001,38,3.4e-05,99.994787,6,clean_v2_without_tensorrt,/Users/hobongs/Desktop/HoBong_study/26-1/탄중/temp/jetson_nano_edgeai/my_results/clean_v2(without_tensorRT)/layer_runtime/mobilenetv3_small_onnxrt_cuda.csv
mobilenetv3_small,onnxrt_cuda,60,HardSigmoid:/features/features.0/features.0.2/HardSigmoid_kernel_time,onnxruntime,onnx_node,0.080167,0.040135,0.064,0.367,60,0.002749,99.838912,7,clean_v2_without_tensorrt,/Users/hobongs/Desktop/HoBong_study/26-1/탄중/temp/jetson_nano_edgeai/my_results/clean_v2(without_tensorRT)/layer_runtime/mobilenetv3_small_onnxrt_cuda.csv
mobilenetv3_small,onnxrt_cuda,155,Mul:/features/features.0/features.0.2/Mul_fence_before,onnxruntime,onnx_node,0.001,0.0,0.001,0.001,18,3.4e-05,99.994821,8,clean_v2_without_tensorrt,/Users/hobongs/Desktop/HoBong_study/26-1/탄중/temp/jetson_nano_edgeai/my_results/clean_v2(without_tensorRT)/layer_runtime/mobilenetv3_small_onnxrt_cuda.csv
mobilenetv3_small,onnxrt_cuda,70,Mul:/features/features.0/features.0.2/Mul_kernel_time,onnxruntime,onnx_node,0.070367,0.022993,0.061,0.236,60,0.002413,99.863621,9,clean_v2_without_tensorrt,/Users/hobongs/Desktop/HoBong_study/26-1/탄중/temp/jetson_nano_edgeai/my_results/clean_v2(without_tensorRT)/layer_runtime/mobilenetv3_small_onnxrt_cuda.csv
mobilenetv3_small,onnxrt_cuda,145,FusedConv:/features/features.1/block/block.0/block.0.0/Conv_/features/features.1/block/block.0/block.0.2/Relu_fence_before,onnxruntime,onnx_node,0.001138,0.000392,0.001,0.003,58,3.9e-05,99.994459,10,clean_v2_without_tensorrt,/Users/hobongs/Desktop/HoBong_study/26-1/탄중/temp/jetson_nano_edgeai/my_results/clean_v2(without_tensorRT)/layer_runtime/mobilenetv3_small_onnxrt_cuda.csv
mobilenetv3_small,onnxrt_cuda,14,FusedConv:/features/features.1/block/block.0/block.0.0/Conv_/features/features.1/block/block.0/block.0.2/Relu_kernel_time,onnxruntime,onnx_node,1.905383,12.853653,0.196,100.636,60,0.065348,98.933435,11,clean_v2_without_tensorrt,/Users/hobongs/Desktop/HoBong_study/26-1/탄중/temp/jetson_nano_edgeai/my_results/clean_v2(without_tensorRT)/layer_runtime/mobilenetv3_small_onnxrt_cuda.csv
mobilenetv3_small,onnxrt_cuda,135,GlobalAveragePool:/features/features.1/block/block.1/avgpool/GlobalAveragePool_fence_before,onnxruntime,onnx_node,0.003467,0.014014,0.001,0.111,60,0.000119,99.993972,12,clean_v2_without_tensorrt,/Users/hobongs/Desktop/HoBong_study/26-1/탄중/temp/jetson_nano_edgeai/my_results/clean_v2(without_tensorRT)/layer_runtime/mobilenetv3_small_onnxrt_cuda.csv
mobilenetv3_small,onnxrt_cuda,58,GlobalAveragePool:/features/features.1/block/block.1/avgpool/GlobalAveragePool_kernel_time,onnxruntime,onnx_node,0.116633,0.03628,0.084,0.304,60,0.004,99.832579,13,clean_v2_without_tensorrt,/Users/hobongs/Desktop/HoBong_study/26-1/탄중/temp/jetson_nano_edgeai/my_results/clean_v2(without_tensorRT)/layer_runtime/mobilenetv3_small_onnxrt_cuda.csv
mobilenetv3_small,onnxrt_cuda,156,FusedConv:/features/features.1/block/block.1/fc1/Conv_/features/features.1/block/block.1/activation/Relu_fence_before,onnxruntime,onnx_node,0.001,0.0,0.001,0.001,31,3.4e-05,99.994856,14,clean_v2_without_tensorrt,/Users/hobongs/Desktop/HoBong_study/26-1/탄중/temp/jetson_nano_edgeai/my_results/clean_v2(without_tensorRT)/layer_runtime/mobilenetv3_small_onnxrt_cuda.csv
mobilenetv3_small,onnxrt_cuda,56,FusedConv:/features/features.1/block/block.1/fc1/Conv_/features/features.1/block/block.1/activation/Relu_kernel_time,onnxruntime,onnx_node,0.511817,2.872676,0.126,22.577,60,0.017554,99.8245,15,clean_v2_without_tensorrt,/Users/hobongs/Desktop/HoBong_study/26-1/탄중/temp/jetson_nano_edgeai/my_results/clean_v2(without_tensorRT)/layer_runtime/mobilenetv3_small_onnxrt_cuda.csv
mobilenetv3_small,onnxrt_cuda,157,FusedConv:/features/features.1/block/block.1/fc1/Conv_/features/features.1/block/block.1/activation/Relu_fence_after,onnxruntime,onnx_node,0.001,0.0,0.001,0.001,1,3.4e-05,99.99489,16,clean_v2_without_tensorrt,/Users/hobongs/Desktop/HoBong_study/26-1/탄중/temp/jetson_nano_edgeai/my_results/clean_v2(without_tensorRT)/layer_runtime/mobilenetv3_small_onnxrt_cuda.csv
mobilenetv3_small,onnxrt_cuda,158,Conv:/features/features.1/block/block.1/fc2/Conv_fence_before,onnxruntime,onnx_node,0.001,0.0,0.001,0.001,2,3.4e-05,99.994924,17,clean_v2_without_tensorrt,/Users/hobongs/Desktop/HoBong_study/26-1/탄중/temp/jetson_nano_edgeai/my_results/clean_v2(without_tensorRT)/layer_runtime/mobilenetv3_small_onnxrt_cuda.csv
mobilenetv3_small,onnxrt_cuda,55,Conv:/features/features.1/block/block.1/fc2/Conv_kernel_time,onnxruntime,onnx_node,0.524033,2.864295,0.139,22.525,60,0.017973,99.806946,18,clean_v2_without_tensorrt,/Users/hobongs/Desktop/HoBong_study/26-1/탄중/temp/jetson_nano_edgeai/my_results/clean_v2(without_tensorRT)/layer_runtime/mobilenetv3_small_onnxrt_cuda.csv
mobilenetv3_small,onnxrt_cuda,159,Conv:/features/features.1/block/block.1/fc2/Conv_fence_after,onnxruntime,onnx_node,0.001,0.0,0.001,0.001,1,3.4e-05,99.994958,19,clean_v2_without_tensorrt,/Users/hobongs/Desktop/HoBong_study/26-1/탄중/temp/jetson_nano_edgeai/my_results/clean_v2(without_tensorRT)/layer_runtime/mobilenetv3_small_onnxrt_cuda.csv
mobilenetv3_small,onnxrt_cuda,142,HardSigmoid:/features/features.1/block/block.1/scale_activation/HardSigmoid_fence_before,onnxruntime,onnx_node,0.0012,0.0004,0.001,0.002,5,4.1e-05,99.994341,20,clean_v2_without_tensorrt,/Users/hobongs/Desktop/HoBong_study/26-1/탄중/temp/jetson_nano_edgeai/my_results/clean_v2(without_tensorRT)/layer_runtime/mobilenetv3_small_onnxrt_cuda.csv
mobilenetv3_small,onnxrt_cuda,74,HardSigmoid:/features/features.1/block/block.1/scale_activation/HardSigmoid_kernel_time,onnxruntime,onnx_node,0.067183,0.013397,0.061,0.137,60,0.002304,99.873113,21,clean_v2_without_tensorrt,/Users/hobongs/Desktop/HoBong_study/26-1/탄중/temp/jetson_nano_edgeai/my_results/clean_v2(without_tensorRT)/layer_runtime/mobilenetv3_small_onnxrt_cuda.csv
mobilenetv3_small,onnxrt_cuda,132,Mul:/features/features.1/block/block.1/Mul_fence_before,onnxruntime,onnx_node,0.007889,0.019485,0.001,0.063,9,0.000271,99.993343,22,clean_v2_without_tensorrt,/Users/hobongs/Desktop/HoBong_study/26-1/탄중/temp/jetson_nano_edgeai/my_results/clean_v2(without_tensorRT)/layer_runtime/mobilenetv3_small_onnxrt_cuda.csv
mobilenetv3_small,onnxrt_cuda,62,Mul:/features/features.1/block/block.1/Mul_kernel_time,onnxruntime,onnx_node,0.07355,0.017188,0.064,0.141,60,0.002523,99.84399,23,clean_v2_without_tensorrt,/Users/hobongs/Desktop/HoBong_study/26-1/탄중/temp/jetson_nano_edgeai/my_results/clean_v2(without_tensorRT)/layer_runtime/mobilenetv3_small_onnxrt_cuda.csv
mobilenetv3_small,onnxrt_cuda,160,Conv:/features/features.1/block/block.2/block.2.0/Conv_fence_before,onnxruntime,onnx_node,0.001,0.0,0.001,0.001,4,3.4e-05,99.994993,24,clean_v2_without_tensorrt,/Users/hobongs/Desktop/HoBong_study/26-1/탄중/temp/jetson_nano_edgeai/my_results/clean_v2(without_tensorRT)/layer_runtime/mobilenetv3_small_onnxrt_cuda.csv
mobilenetv3_small,onnxrt_cuda,19,Conv:/features/features.1/block/block.2/block.2.0/Conv_kernel_time,onnxruntime,onnx_node,0.612067,3.284672,0.172,25.842,60,0.020992,99.097828,25,clean_v2_without_tensorrt,/Users/hobongs/Desktop/HoBong_study/26-1/탄중/temp/jetson_nano_edgeai/my_results/clean_v2(without_tensorRT)/layer_runtime/mobilenetv3_small_onnxrt_cuda.csv
mobilenetv3_small,onnxrt_cuda,161,Conv:/features/features.1/block/block.2/block.2.0/Conv_fence_after,onnxruntime,onnx_node,0.001,0.0,0.001,0.001,1,3.4e-05,99.995027,26,clean_v2_without_tensorrt,/Users/hobongs/Desktop/HoBong_study/26-1/탄중/temp/jetson_nano_edgeai/my_results/clean_v2(without_tensorRT)/layer_runtime/mobilenetv3_small_onnxrt_cuda.csv
mobilenetv3_small,onnxrt_cuda,152,FusedConv:/features/features.2/block/block.0/block.0.0/Conv_/features/features.2/block/block.0/block.0.2/Relu_fence_before,onnxruntime,onnx_node,0.001032,0.000177,0.001,0.002,31,3.5e-05,99.994718,27,clean_v2_without_tensorrt,/Users/hobongs/Desktop/HoBong_study/26-1/탄중/temp/jetson_nano_edgeai/my_results/clean_v2(without_tensorRT)/layer_runtime/mobilenetv3_small_onnxrt_cuda.csv
mobilenetv3_small,onnxrt_cuda,37,FusedConv:/features/features.2/block/block.0/block.0.0/Conv_/features/features.2/block/block.0/block.0.2/Relu_kernel_time,onnxruntime,onnx_node,0.574883,3.042565,0.159,23.945,60,0.019716,99.463757,28,clean_v2_without_tensorrt,/Users/hobongs/Desktop/HoBong_study/26-1/탄중/temp/jetson_nano_edgeai/my_results/clean_v2(without_tensorRT)/layer_runtime/mobilenetv3_small_onnxrt_cuda.csv
mobilenetv3_small,onnxrt_cuda,162,FusedConv:/features/features.2/block/block.0/block.0.0/Conv_/features/features.2/block/block.0/block.0.2/Relu_fence_after,onnxruntime,onnx_node,0.001,0.0,0.001,0.001,1,3.4e-05,99.995061,29,clean_v2_without_tensorrt,/Users/hobongs/Desktop/HoBong_study/26-1/탄중/temp/jetson_nano_edgeai/my_results/clean_v2(without_tensorRT)/layer_runtime/mobilenetv3_small_onnxrt_cuda.csv
mobilenetv3_small,onnxrt_cuda,163,FusedConv:/features/features.2/block/block.1/block.1.0/Conv_/features/features.2/block/block.1/block.1.2/Relu_fence_before,onnxruntime,onnx_node,0.001,0.0,0.001,0.001,13,3.4e-05,99.995096,30,clean_v2_without_tensorrt,/Users/hobongs/Desktop/HoBong_study/26-1/탄중/temp/jetson_nano_edgeai/my_results/clean_v2(without_tensorRT)/layer_runtime/mobilenetv3_small_onnxrt_cuda.csv
mobilenetv3_small,onnxrt_cuda,15,FusedConv:/features/features.2/block/block.1/block.1.0/Conv_/features/features.2/block/block.1/block.1.2/Relu_kernel_time,onnxruntime,onnx_node,1.90005,13.635076,0.117,106.633,60,0.065165,98.9986,31,clean_v2_without_tensorrt,/Users/hobongs/Desktop/HoBong_study/26-1/탄중/temp/jetson_nano_edgeai/my_results/clean_v2(without_tensorRT)/layer_runtime/mobilenetv3_small_onnxrt_cuda.csv
mobilenetv3_small,onnxrt_cuda,138,FusedConv:/features/features.2/block/block.1/block.1.0/Conv_/features/features.2/block/block.1/block.1.2/Relu_fence_after,onnxruntime,onnx_node,0.0015,0.0005,0.001,0.002,2,5.1e-05,99.994161,32,clean_v2_without_tensorrt,/Users/hobongs/Desktop/HoBong_study/26-1/탄중/temp/jetson_nano_edgeai/my_results/clean_v2(without_tensorRT)/layer_runtime/mobilenetv3_small_onnxrt_cuda.csv
mobilenetv3_small,onnxrt_cuda,164,Conv:/features/features.2/block/block.2/block.2.0/Conv_fence_before,onnxruntime,onnx_node,0.001,0.0,0.001,0.001,12,3.4e-05,99.99513,33,clean_v2_without_tensorrt,/Users/hobongs/Desktop/HoBong_study/26-1/탄중/temp/jetson_nano_edgeai/my_results/clean_v2(without_tensorRT)/layer_runtime/mobilenetv3_small_onnxrt_cuda.csv
mobilenetv3_small,onnxrt_cuda,35,Conv:/features/features.2/block/block.2/block.2.0/Conv_kernel_time,onnxruntime,onnx_node,0.575417,3.248059,0.143,25.524,60,0.019735,99.424307,34,clean_v2_without_tensorrt,/Users/hobongs/Desktop/HoBong_study/26-1/탄중/temp/jetson_nano_edgeai/my_results/clean_v2(without_tensorRT)/layer_runtime/mobilenetv3_small_onnxrt_cuda.csv
mobilenetv3_small,onnxrt_cuda,165,Conv:/features/features.2/block/block.2/block.2.0/Conv_fence_after,onnxruntime,onnx_node,0.001,0.0,0.001,0.001,1,3.4e-05,99.995164,35,clean_v2_without_tensorrt,/Users/hobongs/Desktop/HoBong_study/26-1/탄중/temp/jetson_nano_edgeai/my_results/clean_v2(without_tensorRT)/layer_runtime/mobilenetv3_small_onnxrt_cuda.csv
mobilenetv3_small,onnxrt_cuda,151,FusedConv:/features/features.3/block/block.0/block.0.0/Conv_/features/features.3/block/block.0/block.0.2/Relu_fence_before,onnxruntime,onnx_node,0.001037,0.000189,0.001,0.002,27,3.6e-05,99.994683,36,clean_v2_without_tensorrt,/Users/hobongs/Desktop/HoBong_study/26-1/탄중/temp/jetson_nano_edgeai/my_results/clean_v2(without_tensorRT)/layer_runtime/mobilenetv3_small_onnxrt_cuda.csv
mobilenetv3_small,onnxrt_cuda,27,FusedConv:/features/features.3/block/block.0/block.0.0/Conv_/features/features.3/block/block.0/block.0.2/Relu_kernel_time,onnxruntime,onnx_node,0.598583,3.439172,0.136,27.015,60,0.020529,99.263657,37,clean_v2_without_tensorrt,/Users/hobongs/Desktop/HoBong_study/26-1/탄중/temp/jetson_nano_edgeai/my_results/clean_v2(without_tensorRT)/layer_runtime/mobilenetv3_small_onnxrt_cuda.csv
mobilenetv3_small,onnxrt_cuda,166,FusedConv:/features/features.3/block/block.1/block.1.0/Conv_/features/features.3/block/block.1/block.1.2/Relu_fence_before,onnxruntime,onnx_node,0.001,0.0,0.001,0.001,3,3.4e-05,99.995198,38,clean_v2_without_tensorrt,/Users/hobongs/Desktop/HoBong_study/26-1/탄중/temp/jetson_nano_edgeai/my_results/clean_v2(without_tensorRT)/layer_runtime/mobilenetv3_small_onnxrt_cuda.csv
mobilenetv3_small,onnxrt_cuda,11,FusedConv:/features/features.3/block/block.1/block.1.0/Conv_/features/features.3/block/block.1/block.1.2/Relu_kernel_time,onnxruntime,onnx_node,2.1678,15.720995,0.113,122.923,60,0.074348,98.732663,39,clean_v2_without_tensorrt,/Users/hobongs/Desktop/HoBong_study/26-1/탄중/temp/jetson_nano_edgeai/my_results/clean_v2(without_tensorRT)/layer_runtime/mobilenetv3_small_onnxrt_cuda.csv
mobilenetv3_small,onnxrt_cuda,167,FusedConv:/features/features.3/block/block.1/block.1.0/Conv_/features/features.3/block/block.1/block.1.2/Relu_fence_after,onnxruntime,onnx_node,0.001,0.0,0.001,0.001,1,3.4e-05,99.995233,40,clean_v2_without_tensorrt,/Users/hobongs/Desktop/HoBong_study/26-1/탄중/temp/jetson_nano_edgeai/my_results/clean_v2(without_tensorRT)/layer_runtime/mobilenetv3_small_onnxrt_cuda.csv
mobilenetv3_small,onnxrt_cuda,168,Conv:/features/features.3/block/block.2/block.2.0/Conv_fence_before,onnxruntime,onnx_node,0.001,0.0,0.001,0.001,1,3.4e-05,99.995267,41,clean_v2_without_tensorrt,/Users/hobongs/Desktop/HoBong_study/26-1/탄중/temp/jetson_nano_edgeai/my_results/clean_v2(without_tensorRT)/layer_runtime/mobilenetv3_small_onnxrt_cuda.csv
mobilenetv3_small,onnxrt_cuda,31,Conv:/features/features.3/block/block.2/block.2.0/Conv_kernel_time,onnxruntime,onnx_node,0.586367,3.338034,0.14,26.226,60,0.02011,99.34458,42,clean_v2_without_tensorrt,/Users/hobongs/Desktop/HoBong_study/26-1/탄중/temp/jetson_nano_edgeai/my_results/clean_v2(without_tensorRT)/layer_runtime/mobilenetv3_small_onnxrt_cuda.csv
mobilenetv3_small,onnxrt_cuda,169,Conv:/features/features.3/block/block.2/block.2.0/Conv_fence_after,onnxruntime,onnx_node,0.001,0.0,0.001,0.001,1,3.4e-05,99.995301,43,clean_v2_without_tensorrt,/Users/hobongs/Desktop/HoBong_study/26-1/탄중/temp/jetson_nano_edgeai/my_results/clean_v2(without_tensorRT)/layer_runtime/mobilenetv3_small_onnxrt_cuda.csv
mobilenetv3_small,onnxrt_cuda,170,Add:/features/features.3/Add_fence_before,onnxruntime,onnx_node,0.001,0.0,0.001,0.001,31,3.4e-05,99.995336,44,clean_v2_without_tensorrt,/Users/hobongs/Desktop/HoBong_study/26-1/탄중/temp/jetson_nano_edgeai/my_results/clean_v2(without_tensorRT)/layer_runtime/mobilenetv3_small_onnxrt_cuda.csv
mobilenetv3_small,onnxrt_cuda,73,Add:/features/features.3/Add_kernel_time,onnxruntime,onnx_node,0.069467,0.018317,0.061,0.197,60,0.002382,99.870809,45,clean_v2_without_tensorrt,/Users/hobongs/Desktop/HoBong_study/26-1/탄중/temp/jetson_nano_edgeai/my_results/clean_v2(without_tensorRT)/layer_runtime/mobilenetv3_small_onnxrt_cuda.csv
mobilenetv3_small,onnxrt_cuda,171,Add:/features/features.3/Add_fence_after,onnxruntime,onnx_node,0.001,0.0,0.001,0.001,1,3.4e-05,99.99537,46,clean_v2_without_tensorrt,/Users/hobongs/Desktop/HoBong_study/26-1/탄중/temp/jetson_nano_edgeai/my_results/clean_v2(without_tensorRT)/layer_runtime/mobilenetv3_small_onnxrt_cuda.csv
mobilenetv3_small,onnxrt_cuda,21,Conv:/features/features.4/block/block.0/block.0.0/Conv_kernel_time,onnxruntime,onnx_node,0.608483,3.531188,0.141,27.732,60,0.020869,99.139584,47,clean_v2_without_tensorrt,/Users/hobongs/Desktop/HoBong_study/26-1/탄중/temp/jetson_nano_edgeai/my_results/clean_v2(without_tensorRT)/layer_runtime/mobilenetv3_small_onnxrt_cuda.csv
mobilenetv3_small,onnxrt_cuda,172,Conv:/features/features.4/block/block.0/block.0.0/Conv_fence_after,onnxruntime,onnx_node,0.001,0.0,0.001,0.001,1,3.4e-05,99.995404,48,clean_v2_without_tensorrt,/Users/hobongs/Desktop/HoBong_study/26-1/탄중/temp/jetson_nano_edgeai/my_results/clean_v2(without_tensorRT)/layer_runtime/mobilenetv3_small_onnxrt_cuda.csv
mobilenetv3_small,onnxrt_cuda,173,HardSigmoid:/features/features.4/block/block.0/block.0.2/HardSigmoid_fence_before,onnxruntime,onnx_node,0.001,0.0,0.001,0.001,9,3.4e-05,99.995439,49,clean_v2_without_tensorrt,/Users/hobongs/Desktop/HoBong_study/26-1/탄중/temp/jetson_nano_edgeai/my_results/clean_v2(without_tensorRT)/layer_runtime/mobilenetv3_small_onnxrt_cuda.csv
mobilenetv3_small,onnxrt_cuda,79,HardSigmoid:/features/features.4/block/block.0/block.0.2/HardSigmoid_kernel_time,onnxruntime,onnx_node,0.066433,0.016974,0.057,0.142,60,0.002278,99.88454,50,clean_v2_without_tensorrt,/Users/hobongs/Desktop/HoBong_study/26-1/탄중/temp/jetson_nano_edgeai/my_results/clean_v2(without_tensorRT)/layer_runtime/mobilenetv3_small_onnxrt_cuda.csv
mobilenetv3_small,onnxrt_cuda,174,HardSigmoid:/features/features.4/block/block.0/block.0.2/HardSigmoid_fence_after,onnxruntime,onnx_node,0.001,0.0,0.001,0.001,3,3.4e-05,99.995473,51,clean_v2_without_tensorrt,/Users/hobongs/Desktop/HoBong_study/26-1/탄중/temp/jetson_nano_edgeai/my_results/clean_v2(without_tensorRT)/layer_runtime/mobilenetv3_small_onnxrt_cuda.csv
mobilenetv3_small,onnxrt_cuda,144,Mul:/features/features.4/block/block.0/block.0.2/Mul_fence_before,onnxruntime,onnx_node,0.001143,0.00035,0.001,0.002,7,3.9e-05,99.99442,52,clean_v2_without_tensorrt,/Users/hobongs/Desktop/HoBong_study/26-1/탄중/temp/jetson_nano_edgeai/my_results/clean_v2(without_tensorRT)/layer_runtime/mobilenetv3_small_onnxrt_cuda.csv
mobilenetv3_small,onnxrt_cuda,99,Mul:/features/features.4/block/block.0/block.0.2/Mul_kernel_time,onnxruntime,onnx_node,0.0631,0.014211,0.055,0.151,60,0.002164,99.92846,53,clean_v2_without_tensorrt,/Users/hobongs/Desktop/HoBong_study/26-1/탄중/temp/jetson_nano_edgeai/my_results/clean_v2(without_tensorRT)/layer_runtime/mobilenetv3_small_onnxrt_cuda.csv
mobilenetv3_small,onnxrt_cuda,175,Mul:/features/features.4/block/block.0/block.0.2/Mul_fence_after,onnxruntime,onnx_node,0.001,0.0,0.001,0.001,1,3.4e-05,99.995507,54,clean_v2_without_tensorrt,/Users/hobongs/Desktop/HoBong_study/26-1/탄중/temp/jetson_nano_edgeai/my_results/clean_v2(without_tensorRT)/layer_runtime/mobilenetv3_small_onnxrt_cuda.csv
mobilenetv3_small,onnxrt_cuda,176,Conv:/features/features.4/block/block.1/block.1.0/Conv_fence_before,onnxruntime,onnx_node,0.001,0.0,0.001,0.001,12,3.4e-05,99.995541,55,clean_v2_without_tensorrt,/Users/hobongs/Desktop/HoBong_study/26-1/탄중/temp/jetson_nano_edgeai/my_results/clean_v2(without_tensorRT)/layer_runtime/mobilenetv3_small_onnxrt_cuda.csv
mobilenetv3_small,onnxrt_cuda,16,Conv:/features/features.4/block/block.1/block.1.0/Conv_kernel_time,onnxruntime,onnx_node,1.015333,6.651068,0.134,52.103,60,0.034822,99.033422,56,clean_v2_without_tensorrt,/Users/hobongs/Desktop/HoBong_study/26-1/탄중/temp/jetson_nano_edgeai/my_results/clean_v2(without_tensorRT)/layer_runtime/mobilenetv3_small_onnxrt_cuda.csv
mobilenetv3_small,onnxrt_cuda,177,Conv:/features/features.4/block/block.1/block.1.0/Conv_fence_after,onnxruntime,onnx_node,0.001,0.0,0.001,0.001,1,3.4e-05,99.995576,57,clean_v2_without_tensorrt,/Users/hobongs/Desktop/HoBong_study/26-1/탄중/temp/jetson_nano_edgeai/my_results/clean_v2(without_tensorRT)/layer_runtime/mobilenetv3_small_onnxrt_cuda.csv
mobilenetv3_small,onnxrt_cuda,143,HardSigmoid:/features/features.4/block/block.1/block.1.2/HardSigmoid_fence_before,onnxruntime,onnx_node,0.001167,0.000373,0.001,0.002,6,4e-05,99.994381,58,clean_v2_without_tensorrt,/Users/hobongs/Desktop/HoBong_study/26-1/탄중/temp/jetson_nano_edgeai/my_results/clean_v2(without_tensorRT)/layer_runtime/mobilenetv3_small_onnxrt_cuda.csv
mobilenetv3_small,onnxrt_cuda,108,HardSigmoid:/features/features.4/block/block.1/block.1.2/HardSigmoid_kernel_time,onnxruntime,onnx_node,0.061517,0.018602,0.051,0.189,60,0.00211,99.947708,59,clean_v2_without_tensorrt,/Users/hobongs/Desktop/HoBong_study/26-1/탄중/temp/jetson_nano_edgeai/my_results/clean_v2(without_tensorRT)/layer_runtime/mobilenetv3_small_onnxrt_cuda.csv
mobilenetv3_small,onnxrt_cuda,178,Mul:/features/features.4/block/block.1/block.1.2/Mul_fence_before,onnxruntime,onnx_node,0.001,0.0,0.001,0.001,1,3.4e-05,99.99561,60,clean_v2_without_tensorrt,/Users/hobongs/Desktop/HoBong_study/26-1/탄중/temp/jetson_nano_edgeai/my_results/clean_v2(without_tensorRT)/layer_runtime/mobilenetv3_small_onnxrt_cuda.csv
mobilenetv3_small,onnxrt_cuda,90,Mul:/features/features.4/block/block.1/block.1.2/Mul_kernel_time,onnxruntime,onnx_node,0.06395,0.01283,0.055,0.145,60,0.002193,99.908913,61,clean_v2_without_tensorrt,/Users/hobongs/Desktop/HoBong_study/26-1/탄중/temp/jetson_nano_edgeai/my_results/clean_v2(without_tensorRT)/layer_runtime/mobilenetv3_small_onnxrt_cuda.csv
mobilenetv3_small,onnxrt_cuda,179,GlobalAveragePool:/features/features.4/block/block.2/avgpool/GlobalAveragePool_fence_before,onnxruntime,onnx_node,0.001,0.0,0.001,0.001,14,3.4e-05,99.995644,62,clean_v2_without_tensorrt,/Users/hobongs/Desktop/HoBong_study/26-1/탄중/temp/jetson_nano_edgeai/my_results/clean_v2(without_tensorRT)/layer_runtime/mobilenetv3_small_onnxrt_cuda.csv
mobilenetv3_small,onnxrt_cuda,61,GlobalAveragePool:/features/features.4/block/block.2/avgpool/GlobalAveragePool_kernel_time,onnxruntime,onnx_node,0.0745,0.011655,0.068,0.16,60,0.002555,99.841467,63,clean_v2_without_tensorrt,/Users/hobongs/Desktop/HoBong_study/26-1/탄중/temp/jetson_nano_edgeai/my_results/clean_v2(without_tensorRT)/layer_runtime/mobilenetv3_small_onnxrt_cuda.csv
mobilenetv3_small,onnxrt_cuda,180,FusedConv:/features/features.4/block/block.2/fc1/Conv_/features/features.4/block/block.2/activation/Relu_fence_before,onnxruntime,onnx_node,0.001,0.0,0.001,0.001,30,3.4e-05,99.995679,64,clean_v2_without_tensorrt,/Users/hobongs/Desktop/HoBong_study/26-1/탄중/temp/jetson_nano_edgeai/my_results/clean_v2(without_tensorRT)/layer_runtime/mobilenetv3_small_onnxrt_cuda.csv
mobilenetv3_small,onnxrt_cuda,50,FusedConv:/features/features.4/block/block.2/fc1/Conv_/features/features.4/block/block.2/activation/Relu_kernel_time,onnxruntime,onnx_node,0.55585,3.016915,0.141,23.729,60,0.019064,99.714236,65,clean_v2_without_tensorrt,/Users/hobongs/Desktop/HoBong_study/26-1/탄중/temp/jetson_nano_edgeai/my_results/clean_v2(without_tensorRT)/layer_runtime/mobilenetv3_small_onnxrt_cuda.csv
mobilenetv3_small,onnxrt_cuda,181,FusedConv:/features/features.4/block/block.2/fc1/Conv_/features/features.4/block/block.2/activation/Relu_fence_after,onnxruntime,onnx_node,0.001,0.0,0.001,0.001,1,3.4e-05,99.995713,66,clean_v2_without_tensorrt,/Users/hobongs/Desktop/HoBong_study/26-1/탄중/temp/jetson_nano_edgeai/my_results/clean_v2(without_tensorRT)/layer_runtime/mobilenetv3_small_onnxrt_cuda.csv
mobilenetv3_small,onnxrt_cuda,182,Conv:/features/features.4/block/block.2/fc2/Conv_fence_before,onnxruntime,onnx_node,0.001,0.0,0.001,0.001,3,3.4e-05,99.995747,67,clean_v2_without_tensorrt,/Users/hobongs/Desktop/HoBong_study/26-1/탄중/temp/jetson_nano_edgeai/my_results/clean_v2(without_tensorRT)/layer_runtime/mobilenetv3_small_onnxrt_cuda.csv
mobilenetv3_small,onnxrt_cuda,45,Conv:/features/features.4/block/block.2/fc2/Conv_kernel_time,onnxruntime,onnx_node,0.560417,3.08283,0.149,24.24,60,0.01922,99.618383,68,clean_v2_without_tensorrt,/Users/hobongs/Desktop/HoBong_study/26-1/탄중/temp/jetson_nano_edgeai/my_results/clean_v2(without_tensorRT)/layer_runtime/mobilenetv3_small_onnxrt_cuda.csv
mobilenetv3_small,onnxrt_cuda,146,HardSigmoid:/features/features.4/block/block.2/scale_activation/HardSigmoid_fence_before,onnxruntime,onnx_node,0.001125,0.000484,0.001,0.003,16,3.9e-05,99.994498,69,clean_v2_without_tensorrt,/Users/hobongs/Desktop/HoBong_study/26-1/탄중/temp/jetson_nano_edgeai/my_results/clean_v2(without_tensorRT)/layer_runtime/mobilenetv3_small_onnxrt_cuda.csv
mobilenetv3_small,onnxrt_cuda,88,HardSigmoid:/features/features.4/block/block.2/scale_activation/HardSigmoid_kernel_time,onnxruntime,onnx_node,0.064117,0.0121,0.058,0.152,60,0.002199,99.904524,70,clean_v2_without_tensorrt,/Users/hobongs/Desktop/HoBong_study/26-1/탄중/temp/jetson_nano_edgeai/my_results/clean_v2(without_tensorRT)/layer_runtime/mobilenetv3_small_onnxrt_cuda.csv
mobilenetv3_small,onnxrt_cuda,183,HardSigmoid:/features/features.4/block/block.2/scale_activation/HardSigmoid_fence_after,onnxruntime,onnx_node,0.001,0.0,0.001,0.001,1,3.4e-05,99.995782,71,clean_v2_without_tensorrt,/Users/hobongs/Desktop/HoBong_study/26-1/탄중/temp/jetson_nano_edgeai/my_results/clean_v2(without_tensorRT)/layer_runtime/mobilenetv3_small_onnxrt_cuda.csv
mobilenetv3_small,onnxrt_cuda,184,Mul:/features/features.4/block/block.2/Mul_fence_before,onnxruntime,onnx_node,0.001,0.0,0.001,0.001,3,3.4e-05,99.995816,72,clean_v2_without_tensorrt,/Users/hobongs/Desktop/HoBong_study/26-1/탄중/temp/jetson_nano_edgeai/my_results/clean_v2(without_tensorRT)/layer_runtime/mobilenetv3_small_onnxrt_cuda.csv
mobilenetv3_small,onnxrt_cuda,77,Mul:/features/features.4/block/block.2/Mul_kernel_time,onnxruntime,onnx_node,0.066633,0.009688,0.062,0.14,60,0.002285,99.879981,73,clean_v2_without_tensorrt,/Users/hobongs/Desktop/HoBong_study/26-1/탄중/temp/jetson_nano_edgeai/my_results/clean_v2(without_tensorRT)/layer_runtime/mobilenetv3_small_onnxrt_cuda.csv
mobilenetv3_small,onnxrt_cuda,185,Conv:/features/features.4/block/block.3/block.3.0/Conv_fence_before,onnxruntime,onnx_node,0.001,0.0,0.001,0.001,1,3.4e-05,99.99585,74,clean_v2_without_tensorrt,/Users/hobongs/Desktop/HoBong_study/26-1/탄중/temp/jetson_nano_edgeai/my_results/clean_v2(without_tensorRT)/layer_runtime/mobilenetv3_small_onnxrt_cuda.csv
mobilenetv3_small,onnxrt_cuda,49,Conv:/features/features.4/block/block.3/block.3.0/Conv_kernel_time,onnxruntime,onnx_node,0.559067,3.091598,0.149,24.306,60,0.019174,99.695172,75,clean_v2_without_tensorrt,/Users/hobongs/Desktop/HoBong_study/26-1/탄중/temp/jetson_nano_edgeai/my_results/clean_v2(without_tensorRT)/layer_runtime/mobilenetv3_small_onnxrt_cuda.csv
mobilenetv3_small,onnxrt_cuda,186,Conv:/features/features.4/block/block.3/block.3.0/Conv_fence_after,onnxruntime,onnx_node,0.001,0.0,0.001,0.001,1,3.4e-05,99.995884,76,clean_v2_without_tensorrt,/Users/hobongs/Desktop/HoBong_study/26-1/탄중/temp/jetson_nano_edgeai/my_results/clean_v2(without_tensorRT)/layer_runtime/mobilenetv3_small_onnxrt_cuda.csv
mobilenetv3_small,onnxrt_cuda,187,Conv:/features/features.5/block/block.0/block.0.0/Conv_fence_before,onnxruntime,onnx_node,0.001,0.0,0.001,0.001,2,3.4e-05,99.995919,77,clean_v2_without_tensorrt,/Users/hobongs/Desktop/HoBong_study/26-1/탄중/temp/jetson_nano_edgeai/my_results/clean_v2(without_tensorRT)/layer_runtime/mobilenetv3_small_onnxrt_cuda.csv
mobilenetv3_small,onnxrt_cuda,22,Conv:/features/features.5/block/block.0/block.0.0/Conv_kernel_time,onnxruntime,onnx_node,0.60805,3.486333,0.147,27.387,60,0.020854,99.160438,78,clean_v2_without_tensorrt,/Users/hobongs/Desktop/HoBong_study/26-1/탄중/temp/jetson_nano_edgeai/my_results/clean_v2(without_tensorRT)/layer_runtime/mobilenetv3_small_onnxrt_cuda.csv
mobilenetv3_small,onnxrt_cuda,188,Conv:/features/features.5/block/block.0/block.0.0/Conv_fence_after,onnxruntime,onnx_node,0.001,0.0,0.001,0.001,1,3.4e-05,99.995953,79,clean_v2_without_tensorrt,/Users/hobongs/Desktop/HoBong_study/26-1/탄중/temp/jetson_nano_edgeai/my_results/clean_v2(without_tensorRT)/layer_runtime/mobilenetv3_small_onnxrt_cuda.csv
mobilenetv3_small,onnxrt_cuda,136,HardSigmoid:/features/features.5/block/block.0/block.0.2/HardSigmoid_fence_before,onnxruntime,onnx_node,0.002,0.0,0.002,0.002,1,6.9e-05,99.994041,80,clean_v2_without_tensorrt,/Users/hobongs/Desktop/HoBong_study/26-1/탄중/temp/jetson_nano_edgeai/my_results/clean_v2(without_tensorRT)/layer_runtime/mobilenetv3_small_onnxrt_cuda.csv
mobilenetv3_small,onnxrt_cuda,80,HardSigmoid:/features/features.5/block/block.0/block.0.2/HardSigmoid_kernel_time,onnxruntime,onnx_node,0.066133,0.023316,0.06,0.242,60,0.002268,99.886808,81,clean_v2_without_tensorrt,/Users/hobongs/Desktop/HoBong_study/26-1/탄중/temp/jetson_nano_edgeai/my_results/clean_v2(without_tensorRT)/layer_runtime/mobilenetv3_small_onnxrt_cuda.csv
mobilenetv3_small,onnxrt_cuda,189,Mul:/features/features.5/block/block.0/block.0.2/Mul_fence_before,onnxruntime,onnx_node,0.001,0.0,0.001,0.001,6,3.4e-05,99.995987,82,clean_v2_without_tensorrt,/Users/hobongs/Desktop/HoBong_study/26-1/탄중/temp/jetson_nano_edgeai/my_results/clean_v2(without_tensorRT)/layer_runtime/mobilenetv3_small_onnxrt_cuda.csv
mobilenetv3_small,onnxrt_cuda,92,Mul:/features/features.5/block/block.0/block.0.2/Mul_kernel_time,onnxruntime,onnx_node,0.063567,0.011857,0.057,0.149,60,0.00218,99.913279,83,clean_v2_without_tensorrt,/Users/hobongs/Desktop/HoBong_study/26-1/탄중/temp/jetson_nano_edgeai/my_results/clean_v2(without_tensorRT)/layer_runtime/mobilenetv3_small_onnxrt_cuda.csv
mobilenetv3_small,onnxrt_cuda,8,Conv:/features/features.5/block/block.1/block.1.0/Conv_kernel_time,onnxruntime,onnx_node,3.934533,29.179171,0.131,228.064,60,0.134941,98.464459,84,clean_v2_without_tensorrt,/Users/hobongs/Desktop/HoBong_study/26-1/탄중/temp/jetson_nano_edgeai/my_results/clean_v2(without_tensorRT)/layer_runtime/mobilenetv3_small_onnxrt_cuda.csv
mobilenetv3_small,onnxrt_cuda,190,Conv:/features/features.5/block/block.1/block.1.0/Conv_fence_after,onnxruntime,onnx_node,0.001,0.0,0.001,0.001,1,3.4e-05,99.996022,85,clean_v2_without_tensorrt,/Users/hobongs/Desktop/HoBong_study/26-1/탄중/temp/jetson_nano_edgeai/my_results/clean_v2(without_tensorRT)/layer_runtime/mobilenetv3_small_onnxrt_cuda.csv
mobilenetv3_small,onnxrt_cuda,137,HardSigmoid:/features/features.5/block/block.1/block.1.2/HardSigmoid_fence_before,onnxruntime,onnx_node,0.002,0.0,0.002,0.002,1,6.9e-05,99.994109,86,clean_v2_without_tensorrt,/Users/hobongs/Desktop/HoBong_study/26-1/탄중/temp/jetson_nano_edgeai/my_results/clean_v2(without_tensorRT)/layer_runtime/mobilenetv3_small_onnxrt_cuda.csv
mobilenetv3_small,onnxrt_cuda,116,HardSigmoid:/features/features.5/block/block.1/block.1.2/HardSigmoid_kernel_time,onnxruntime,onnx_node,0.05965,0.014932,0.055,0.171,60,0.002046,99.964307,87,clean_v2_without_tensorrt,/Users/hobongs/Desktop/HoBong_study/26-1/탄중/temp/jetson_nano_edgeai/my_results/clean_v2(without_tensorRT)/layer_runtime/mobilenetv3_small_onnxrt_cuda.csv
mobilenetv3_small,onnxrt_cuda,191,Mul:/features/features.5/block/block.1/block.1.2/Mul_fence_before,onnxruntime,onnx_node,0.001,0.0,0.001,0.001,3,3.4e-05,99.996056,88,clean_v2_without_tensorrt,/Users/hobongs/Desktop/HoBong_study/26-1/탄중/temp/jetson_nano_edgeai/my_results/clean_v2(without_tensorRT)/layer_runtime/mobilenetv3_small_onnxrt_cuda.csv
mobilenetv3_small,onnxrt_cuda,130,Mul:/features/features.5/block/block.1/block.1.2/Mul_kernel_time,onnxruntime,onnx_node,0.05765,0.005618,0.053,0.091,60,0.001977,99.992351,89,clean_v2_without_tensorrt,/Users/hobongs/Desktop/HoBong_study/26-1/탄중/temp/jetson_nano_edgeai/my_results/clean_v2(without_tensorRT)/layer_runtime/mobilenetv3_small_onnxrt_cuda.csv
mobilenetv3_small,onnxrt_cuda,192,GlobalAveragePool:/features/features.5/block/block.2/avgpool/GlobalAveragePool_fence_before,onnxruntime,onnx_node,0.001,0.0,0.001,0.001,41,3.4e-05,99.99609,90,clean_v2_without_tensorrt,/Users/hobongs/Desktop/HoBong_study/26-1/탄중/temp/jetson_nano_edgeai/my_results/clean_v2(without_tensorRT)/layer_runtime/mobilenetv3_small_onnxrt_cuda.csv
mobilenetv3_small,onnxrt_cuda,63,GlobalAveragePool:/features/features.5/block/block.2/avgpool/GlobalAveragePool_kernel_time,onnxruntime,onnx_node,0.072883,0.026123,0.064,0.267,60,0.0025,99.846489,91,clean_v2_without_tensorrt,/Users/hobongs/Desktop/HoBong_study/26-1/탄중/temp/jetson_nano_edgeai/my_results/clean_v2(without_tensorRT)/layer_runtime/mobilenetv3_small_onnxrt_cuda.csv
mobilenetv3_small,onnxrt_cuda,193,FusedConv:/features/features.5/block/block.2/fc1/Conv_/features/features.5/block/block.2/activation/Relu_fence_before,onnxruntime,onnx_node,0.001,0.0,0.001,0.001,12,3.4e-05,99.996124,92,clean_v2_without_tensorrt,/Users/hobongs/Desktop/HoBong_study/26-1/탄중/temp/jetson_nano_edgeai/my_results/clean_v2(without_tensorRT)/layer_runtime/mobilenetv3_small_onnxrt_cuda.csv
mobilenetv3_small,onnxrt_cuda,44,FusedConv:/features/features.5/block/block.2/fc1/Conv_/features/features.5/block/block.2/activation/Relu_kernel_time,onnxruntime,onnx_node,0.56145,2.963334,0.147,23.323,60,0.019256,99.599162,93,clean_v2_without_tensorrt,/Users/hobongs/Desktop/HoBong_study/26-1/탄중/temp/jetson_nano_edgeai/my_results/clean_v2(without_tensorRT)/layer_runtime/mobilenetv3_small_onnxrt_cuda.csv
mobilenetv3_small,onnxrt_cuda,194,FusedConv:/features/features.5/block/block.2/fc1/Conv_/features/features.5/block/block.2/activation/Relu_fence_after,onnxruntime,onnx_node,0.001,0.0,0.001,0.001,1,3.4e-05,99.996159,94,clean_v2_without_tensorrt,/Users/hobongs/Desktop/HoBong_study/26-1/탄중/temp/jetson_nano_edgeai/my_results/clean_v2(without_tensorRT)/layer_runtime/mobilenetv3_small_onnxrt_cuda.csv
mobilenetv3_small,onnxrt_cuda,195,Conv:/features/features.5/block/block.2/fc2/Conv_fence_before,onnxruntime,onnx_node,0.001,0.0,0.001,0.001,3,3.4e-05,99.996193,95,clean_v2_without_tensorrt,/Users/hobongs/Desktop/HoBong_study/26-1/탄중/temp/jetson_nano_edgeai/my_results/clean_v2(without_tensorRT)/layer_runtime/mobilenetv3_small_onnxrt_cuda.csv
mobilenetv3_small,onnxrt_cuda,52,Conv:/features/features.5/block/block.2/fc2/Conv_kernel_time,onnxruntime,onnx_node,0.54625,2.957094,0.152,23.26,60,0.018734,99.751979,96,clean_v2_without_tensorrt,/Users/hobongs/Desktop/HoBong_study/26-1/탄중/temp/jetson_nano_edgeai/my_results/clean_v2(without_tensorRT)/layer_runtime/mobilenetv3_small_onnxrt_cuda.csv
mobilenetv3_small,onnxrt_cuda,196,Conv:/features/features.5/block/block.2/fc2/Conv_fence_after,onnxruntime,onnx_node,0.001,0.0,0.001,0.001,1,3.4e-05,99.996227,97,clean_v2_without_tensorrt,/Users/hobongs/Desktop/HoBong_study/26-1/탄중/temp/jetson_nano_edgeai/my_results/clean_v2(without_tensorRT)/layer_runtime/mobilenetv3_small_onnxrt_cuda.csv
mobilenetv3_small,onnxrt_cuda,149,HardSigmoid:/features/features.5/block/block.2/scale_activation/HardSigmoid_fence_before,onnxruntime,onnx_node,0.001091,0.000287,0.001,0.002,11,3.7e-05,99.994611,98,clean_v2_without_tensorrt,/Users/hobongs/Desktop/HoBong_study/26-1/탄중/temp/jetson_nano_edgeai/my_results/clean_v2(without_tensorRT)/layer_runtime/mobilenetv3_small_onnxrt_cuda.csv
mobilenetv3_small,onnxrt_cuda,82,HardSigmoid:/features/features.5/block/block.2/scale_activation/HardSigmoid_kernel_time,onnxruntime,onnx_node,0.06485,0.021678,0.057,0.229,60,0.002224,99.891294,99,clean_v2_without_tensorrt,/Users/hobongs/Desktop/HoBong_study/26-1/탄중/temp/jetson_nano_edgeai/my_results/clean_v2(without_tensorRT)/layer_runtime/mobilenetv3_small_onnxrt_cuda.csv
mobilenetv3_small,onnxrt_cuda,197,Mul:/features/features.5/block/block.2/Mul_fence_before,onnxruntime,onnx_node,0.001,0.0,0.001,0.001,8,3.4e-05,99.996262,100,clean_v2_without_tensorrt,/Users/hobongs/Desktop/HoBong_study/26-1/탄중/temp/jetson_nano_edgeai/my_results/clean_v2(without_tensorRT)/layer_runtime/mobilenetv3_small_onnxrt_cuda.csv
mobilenetv3_small,onnxrt_cuda,87,Mul:/features/features.5/block/block.2/Mul_kernel_time,onnxruntime,onnx_node,0.064167,0.010354,0.059,0.14,60,0.002201,99.902325,101,clean_v2_without_tensorrt,/Users/hobongs/Desktop/HoBong_study/26-1/탄중/temp/jetson_nano_edgeai/my_results/clean_v2(without_tensorRT)/layer_runtime/mobilenetv3_small_onnxrt_cuda.csv
mobilenetv3_small,onnxrt_cuda,198,Conv:/features/features.5/block/block.3/block.3.0/Conv_fence_before,onnxruntime,onnx_node,0.001,0.0,0.001,0.001,1,3.4e-05,99.996296,102,clean_v2_without_tensorrt,/Users/hobongs/Desktop/HoBong_study/26-1/탄중/temp/jetson_nano_edgeai/my_results/clean_v2(without_tensorRT)/layer_runtime/mobilenetv3_small_onnxrt_cuda.csv
mobilenetv3_small,onnxrt_cuda,29,Conv:/features/features.5/block/block.3/block.3.0/Conv_kernel_time,onnxruntime,onnx_node,0.58985,3.350174,0.149,26.323,60,0.02023,99.304267,103,clean_v2_without_tensorrt,/Users/hobongs/Desktop/HoBong_study/26-1/탄중/temp/jetson_nano_edgeai/my_results/clean_v2(without_tensorRT)/layer_runtime/mobilenetv3_small_onnxrt_cuda.csv
mobilenetv3_small,onnxrt_cuda,199,Conv:/features/features.5/block/block.3/block.3.0/Conv_fence_after,onnxruntime,onnx_node,0.001,0.0,0.001,0.001,1,3.4e-05,99.99633,104,clean_v2_without_tensorrt,/Users/hobongs/Desktop/HoBong_study/26-1/탄중/temp/jetson_nano_edgeai/my_results/clean_v2(without_tensorRT)/layer_runtime/mobilenetv3_small_onnxrt_cuda.csv
mobilenetv3_small,onnxrt_cuda,200,Add:/features/features.5/Add_fence_before,onnxruntime,onnx_node,0.001,0.0,0.001,0.001,21,3.4e-05,99.996365,105,clean_v2_without_tensorrt,/Users/hobongs/Desktop/HoBong_study/26-1/탄중/temp/jetson_nano_edgeai/my_results/clean_v2(without_tensorRT)/layer_runtime/mobilenetv3_small_onnxrt_cuda.csv
mobilenetv3_small,onnxrt_cuda,69,Add:/features/features.5/Add_kernel_time,onnxruntime,onnx_node,0.070717,0.023424,0.065,0.25,60,0.002425,99.861208,106,clean_v2_without_tensorrt,/Users/hobongs/Desktop/HoBong_study/26-1/탄중/temp/jetson_nano_edgeai/my_results/clean_v2(without_tensorRT)/layer_runtime/mobilenetv3_small_onnxrt_cuda.csv
mobilenetv3_small,onnxrt_cuda,20,Conv:/features/features.6/block/block.0/block.0.0/Conv_kernel_time,onnxruntime,onnx_node,0.609,3.486466,0.149,27.389,60,0.020887,99.118715,107,clean_v2_without_tensorrt,/Users/hobongs/Desktop/HoBong_study/26-1/탄중/temp/jetson_nano_edgeai/my_results/clean_v2(without_tensorRT)/layer_runtime/mobilenetv3_small_onnxrt_cuda.csv
mobilenetv3_small,onnxrt_cuda,201,Conv:/features/features.6/block/block.0/block.0.0/Conv_fence_after,onnxruntime,onnx_node,0.001,0.0,0.001,0.001,2,3.4e-05,99.996399,108,clean_v2_without_tensorrt,/Users/hobongs/Desktop/HoBong_study/26-1/탄중/temp/jetson_nano_edgeai/my_results/clean_v2(without_tensorRT)/layer_runtime/mobilenetv3_small_onnxrt_cuda.csv
mobilenetv3_small,onnxrt_cuda,139,HardSigmoid:/features/features.6/block/block.0/block.0.2/HardSigmoid_fence_before,onnxruntime,onnx_node,0.0015,0.0005,0.001,0.002,2,5.1e-05,99.994212,109,clean_v2_without_tensorrt,/Users/hobongs/Desktop/HoBong_study/26-1/탄중/temp/jetson_nano_edgeai/my_results/clean_v2(without_tensorRT)/layer_runtime/mobilenetv3_small_onnxrt_cuda.csv
mobilenetv3_small,onnxrt_cuda,81,HardSigmoid:/features/features.6/block/block.0/block.0.2/HardSigmoid_kernel_time,onnxruntime,onnx_node,0.065967,0.022228,0.056,0.229,60,0.002262,99.88907,110,clean_v2_without_tensorrt,/Users/hobongs/Desktop/HoBong_study/26-1/탄중/temp/jetson_nano_edgeai/my_results/clean_v2(without_tensorRT)/layer_runtime/mobilenetv3_small_onnxrt_cuda.csv
mobilenetv3_small,onnxrt_cuda,202,Mul:/features/features.6/block/block.0/block.0.2/Mul_fence_before,onnxruntime,onnx_node,0.001,0.0,0.001,0.001,2,3.4e-05,99.996433,111,clean_v2_without_tensorrt,/Users/hobongs/Desktop/HoBong_study/26-1/탄중/temp/jetson_nano_edgeai/my_results/clean_v2(without_tensorRT)/layer_runtime/mobilenetv3_small_onnxrt_cuda.csv
mobilenetv3_small,onnxrt_cuda,83,Mul:/features/features.6/block/block.0/block.0.2/Mul_kernel_time,onnxruntime,onnx_node,0.064533,0.014754,0.058,0.145,60,0.002213,99.893508,112,clean_v2_without_tensorrt,/Users/hobongs/Desktop/HoBong_study/26-1/탄중/temp/jetson_nano_edgeai/my_results/clean_v2(without_tensorRT)/layer_runtime/mobilenetv3_small_onnxrt_cuda.csv
mobilenetv3_small,onnxrt_cuda,203,Conv:/features/features.6/block/block.1/block.1.0/Conv_fence_before,onnxruntime,onnx_node,0.001,0.0,0.001,0.001,3,3.4e-05,99.996467,113,clean_v2_without_tensorrt,/Users/hobongs/Desktop/HoBong_study/26-1/탄중/temp/jetson_nano_edgeai/my_results/clean_v2(without_tensorRT)/layer_runtime/mobilenetv3_small_onnxrt_cuda.csv
mobilenetv3_small,onnxrt_cuda,9,Conv:/features/features.6/block/block.1/block.1.0/Conv_kernel_time,onnxruntime,onnx_node,3.415,25.176324,0.13,196.798,60,0.117123,98.581582,114,clean_v2_without_tensorrt,/Users/hobongs/Desktop/HoBong_study/26-1/탄중/temp/jetson_nano_edgeai/my_results/clean_v2(without_tensorRT)/layer_runtime/mobilenetv3_small_onnxrt_cuda.csv
mobilenetv3_small,onnxrt_cuda,204,Conv:/features/features.6/block/block.1/block.1.0/Conv_fence_after,onnxruntime,onnx_node,0.001,0.0,0.001,0.001,1,3.4e-05,99.996502,115,clean_v2_without_tensorrt,/Users/hobongs/Desktop/HoBong_study/26-1/탄중/temp/jetson_nano_edgeai/my_results/clean_v2(without_tensorRT)/layer_runtime/mobilenetv3_small_onnxrt_cuda.csv
mobilenetv3_small,onnxrt_cuda,205,HardSigmoid:/features/features.6/block/block.1/block.1.2/HardSigmoid_fence_before,onnxruntime,onnx_node,0.001,0.0,0.001,0.001,1,3.4e-05,99.996536,116,clean_v2_without_tensorrt,/Users/hobongs/Desktop/HoBong_study/26-1/탄중/temp/jetson_nano_edgeai/my_results/clean_v2(without_tensorRT)/layer_runtime/mobilenetv3_small_onnxrt_cuda.csv
mobilenetv3_small,onnxrt_cuda,120,HardSigmoid:/features/features.6/block/block.1/block.1.2/HardSigmoid_kernel_time,onnxruntime,onnx_node,0.05885,0.008453,0.054,0.109,60,0.002018,99.972421,117,clean_v2_without_tensorrt,/Users/hobongs/Desktop/HoBong_study/26-1/탄중/temp/jetson_nano_edgeai/my_results/clean_v2(without_tensorRT)/layer_runtime/mobilenetv3_small_onnxrt_cuda.csv
mobilenetv3_small,onnxrt_cuda,206,Mul:/features/features.6/block/block.1/block.1.2/Mul_fence_before,onnxruntime,onnx_node,0.001,0.0,0.001,0.001,2,3.4e-05,99.99657,118,clean_v2_without_tensorrt,/Users/hobongs/Desktop/HoBong_study/26-1/탄중/temp/jetson_nano_edgeai/my_results/clean_v2(without_tensorRT)/layer_runtime/mobilenetv3_small_onnxrt_cuda.csv
mobilenetv3_small,onnxrt_cuda,127,Mul:/features/features.6/block/block.1/block.1.2/Mul_kernel_time,onnxruntime,onnx_node,0.05785,0.007461,0.053,0.103,60,0.001984,99.986418,119,clean_v2_without_tensorrt,/Users/hobongs/Desktop/HoBong_study/26-1/탄중/temp/jetson_nano_edgeai/my_results/clean_v2(without_tensorRT)/layer_runtime/mobilenetv3_small_onnxrt_cuda.csv
mobilenetv3_small,onnxrt_cuda,207,GlobalAveragePool:/features/features.6/block/block.2/avgpool/GlobalAveragePool_fence_before,onnxruntime,onnx_node,0.001,0.0,0.001,0.001,16,3.4e-05,99.996605,120,clean_v2_without_tensorrt,/Users/hobongs/Desktop/HoBong_study/26-1/탄중/temp/jetson_nano_edgeai/my_results/clean_v2(without_tensorRT)/layer_runtime/mobilenetv3_small_onnxrt_cuda.csv
mobilenetv3_small,onnxrt_cuda,71,GlobalAveragePool:/features/features.6/block/block.2/avgpool/GlobalAveragePool_kernel_time,onnxruntime,onnx_node,0.070317,0.006939,0.064,0.112,60,0.002412,99.866033,121,clean_v2_without_tensorrt,/Users/hobongs/Desktop/HoBong_study/26-1/탄중/temp/jetson_nano_edgeai/my_results/clean_v2(without_tensorRT)/layer_runtime/mobilenetv3_small_onnxrt_cuda.csv
mobilenetv3_small,onnxrt_cuda,150,FusedConv:/features/features.6/block/block.2/fc1/Conv_/features/features.6/block/block.2/activation/Relu_fence_before,onnxruntime,onnx_node,0.001067,0.000249,0.001,0.002,15,3.7e-05,99.994647,122,clean_v2_without_tensorrt,/Users/hobongs/Desktop/HoBong_study/26-1/탄중/temp/jetson_nano_edgeai/my_results/clean_v2(without_tensorRT)/layer_runtime/mobilenetv3_small_onnxrt_cuda.csv
mobilenetv3_small,onnxrt_cuda,43,FusedConv:/features/features.6/block/block.2/fc1/Conv_/features/features.6/block/block.2/activation/Relu_kernel_time,onnxruntime,onnx_node,0.56325,2.944553,0.151,23.18,60,0.019318,99.579907,123,clean_v2_without_tensorrt,/Users/hobongs/Desktop/HoBong_study/26-1/탄중/temp/jetson_nano_edgeai/my_results/clean_v2(without_tensorRT)/layer_runtime/mobilenetv3_small_onnxrt_cuda.csv
mobilenetv3_small,onnxrt_cuda,208,FusedConv:/features/features.6/block/block.2/fc1/Conv_/features/features.6/block/block.2/activation/Relu_fence_after,onnxruntime,onnx_node,0.001,0.0,0.001,0.001,1,3.4e-05,99.996639,124,clean_v2_without_tensorrt,/Users/hobongs/Desktop/HoBong_study/26-1/탄중/temp/jetson_nano_edgeai/my_results/clean_v2(without_tensorRT)/layer_runtime/mobilenetv3_small_onnxrt_cuda.csv
mobilenetv3_small,onnxrt_cuda,209,Conv:/features/features.6/block/block.2/fc2/Conv_fence_before,onnxruntime,onnx_node,0.001,0.0,0.001,0.001,2,3.4e-05,99.996673,125,clean_v2_without_tensorrt,/Users/hobongs/Desktop/HoBong_study/26-1/탄중/temp/jetson_nano_edgeai/my_results/clean_v2(without_tensorRT)/layer_runtime/mobilenetv3_small_onnxrt_cuda.csv
mobilenetv3_small,onnxrt_cuda,54,Conv:/features/features.6/block/block.2/fc2/Conv_kernel_time,onnxruntime,onnx_node,0.53625,2.898253,0.149,22.798,60,0.018392,99.788974,126,clean_v2_without_tensorrt,/Users/hobongs/Desktop/HoBong_study/26-1/탄중/temp/jetson_nano_edgeai/my_results/clean_v2(without_tensorRT)/layer_runtime/mobilenetv3_small_onnxrt_cuda.csv
mobilenetv3_small,onnxrt_cuda,210,Conv:/features/features.6/block/block.2/fc2/Conv_fence_after,onnxruntime,onnx_node,0.001,0.0,0.001,0.001,1,3.4e-05,99.996708,127,clean_v2_without_tensorrt,/Users/hobongs/Desktop/HoBong_study/26-1/탄중/temp/jetson_nano_edgeai/my_results/clean_v2(without_tensorRT)/layer_runtime/mobilenetv3_small_onnxrt_cuda.csv
mobilenetv3_small,onnxrt_cuda,211,HardSigmoid:/features/features.6/block/block.2/scale_activation/HardSigmoid_fence_before,onnxruntime,onnx_node,0.001,0.0,0.001,0.001,6,3.4e-05,99.996742,128,clean_v2_without_tensorrt,/Users/hobongs/Desktop/HoBong_study/26-1/탄중/temp/jetson_nano_edgeai/my_results/clean_v2(without_tensorRT)/layer_runtime/mobilenetv3_small_onnxrt_cuda.csv
mobilenetv3_small,onnxrt_cuda,93,HardSigmoid:/features/features.6/block/block.2/scale_activation/HardSigmoid_kernel_time,onnxruntime,onnx_node,0.06355,0.00739,0.059,0.111,60,0.00218,99.915458,129,clean_v2_without_tensorrt,/Users/hobongs/Desktop/HoBong_study/26-1/탄중/temp/jetson_nano_edgeai/my_results/clean_v2(without_tensorRT)/layer_runtime/mobilenetv3_small_onnxrt_cuda.csv
mobilenetv3_small,onnxrt_cuda,212,HardSigmoid:/features/features.6/block/block.2/scale_activation/HardSigmoid_fence_after,onnxruntime,onnx_node,0.001,0.0,0.001,0.001,1,3.4e-05,99.996776,130,clean_v2_without_tensorrt,/Users/hobongs/Desktop/HoBong_study/26-1/탄중/temp/jetson_nano_edgeai/my_results/clean_v2(without_tensorRT)/layer_runtime/mobilenetv3_small_onnxrt_cuda.csv
mobilenetv3_small,onnxrt_cuda,213,Mul:/features/features.6/block/block.2/Mul_fence_before,onnxruntime,onnx_node,0.001,0.0,0.001,0.001,6,3.4e-05,99.99681,131,clean_v2_without_tensorrt,/Users/hobongs/Desktop/HoBong_study/26-1/탄중/temp/jetson_nano_edgeai/my_results/clean_v2(without_tensorRT)/layer_runtime/mobilenetv3_small_onnxrt_cuda.csv
mobilenetv3_small,onnxrt_cuda,85,Mul:/features/features.6/block/block.2/Mul_kernel_time,onnxruntime,onnx_node,0.064233,0.00642,0.06,0.1,60,0.002203,99.897923,132,clean_v2_without_tensorrt,/Users/hobongs/Desktop/HoBong_study/26-1/탄중/temp/jetson_nano_edgeai/my_results/clean_v2(without_tensorRT)/layer_runtime/mobilenetv3_small_onnxrt_cuda.csv
mobilenetv3_small,onnxrt_cuda,214,Conv:/features/features.6/block/block.3/block.3.0/Conv_fence_before,onnxruntime,onnx_node,0.001,0.0,0.001,0.001,3,3.4e-05,99.996845,133,clean_v2_without_tensorrt,/Users/hobongs/Desktop/HoBong_study/26-1/탄중/temp/jetson_nano_edgeai/my_results/clean_v2(without_tensorRT)/layer_runtime/mobilenetv3_small_onnxrt_cuda.csv
mobilenetv3_small,onnxrt_cuda,32,Conv:/features/features.6/block/block.3/block.3.0/Conv_kernel_time,onnxruntime,onnx_node,0.5844,3.310275,0.146,26.011,60,0.020043,99.364623,134,clean_v2_without_tensorrt,/Users/hobongs/Desktop/HoBong_study/26-1/탄중/temp/jetson_nano_edgeai/my_results/clean_v2(without_tensorRT)/layer_runtime/mobilenetv3_small_onnxrt_cuda.csv
mobilenetv3_small,onnxrt_cuda,215,Conv:/features/features.6/block/block.3/block.3.0/Conv_fence_after,onnxruntime,onnx_node,0.001,0.0,0.001,0.001,1,3.4e-05,99.996879,135,clean_v2_without_tensorrt,/Users/hobongs/Desktop/HoBong_study/26-1/탄중/temp/jetson_nano_edgeai/my_results/clean_v2(without_tensorRT)/layer_runtime/mobilenetv3_small_onnxrt_cuda.csv
mobilenetv3_small,onnxrt_cuda,216,Add:/features/features.6/Add_fence_before,onnxruntime,onnx_node,0.001,0.0,0.001,0.001,4,3.4e-05,99.996913,136,clean_v2_without_tensorrt,/Users/hobongs/Desktop/HoBong_study/26-1/탄중/temp/jetson_nano_edgeai/my_results/clean_v2(without_tensorRT)/layer_runtime/mobilenetv3_small_onnxrt_cuda.csv
mobilenetv3_small,onnxrt_cuda,76,Add:/features/features.6/Add_kernel_time,onnxruntime,onnx_node,0.066717,0.007864,0.062,0.12,60,0.002288,99.877695,137,clean_v2_without_tensorrt,/Users/hobongs/Desktop/HoBong_study/26-1/탄중/temp/jetson_nano_edgeai/my_results/clean_v2(without_tensorRT)/layer_runtime/mobilenetv3_small_onnxrt_cuda.csv
mobilenetv3_small,onnxrt_cuda,42,Conv:/features/features.7/block/block.0/block.0.0/Conv_kernel_time,onnxruntime,onnx_node,0.5637,3.160769,0.146,24.842,60,0.019333,99.560589,138,clean_v2_without_tensorrt,/Users/hobongs/Desktop/HoBong_study/26-1/탄중/temp/jetson_nano_edgeai/my_results/clean_v2(without_tensorRT)/layer_runtime/mobilenetv3_small_onnxrt_cuda.csv
mobilenetv3_small,onnxrt_cuda,217,HardSigmoid:/features/features.7/block/block.0/block.0.2/HardSigmoid_fence_before,onnxruntime,onnx_node,0.001,0.0,0.001,0.001,2,3.4e-05,99.996948,139,clean_v2_without_tensorrt,/Users/hobongs/Desktop/HoBong_study/26-1/탄중/temp/jetson_nano_edgeai/my_results/clean_v2(without_tensorRT)/layer_runtime/mobilenetv3_small_onnxrt_cuda.csv
mobilenetv3_small,onnxrt_cuda,100,HardSigmoid:/features/features.7/block/block.0/block.0.2/HardSigmoid_kernel_time,onnxruntime,onnx_node,0.063033,0.01591,0.058,0.184,60,0.002162,99.930622,140,clean_v2_without_tensorrt,/Users/hobongs/Desktop/HoBong_study/26-1/탄중/temp/jetson_nano_edgeai/my_results/clean_v2(without_tensorRT)/layer_runtime/mobilenetv3_small_onnxrt_cuda.csv
mobilenetv3_small,onnxrt_cuda,218,Mul:/features/features.7/block/block.0/block.0.2/Mul_fence_before,onnxruntime,onnx_node,0.001,0.0,0.001,0.001,1,3.4e-05,99.996982,141,clean_v2_without_tensorrt,/Users/hobongs/Desktop/HoBong_study/26-1/탄중/temp/jetson_nano_edgeai/my_results/clean_v2(without_tensorRT)/layer_runtime/mobilenetv3_small_onnxrt_cuda.csv
mobilenetv3_small,onnxrt_cuda,106,Mul:/features/features.7/block/block.0/block.0.2/Mul_kernel_time,onnxruntime,onnx_node,0.06195,0.007843,0.057,0.117,60,0.002125,99.943476,142,clean_v2_without_tensorrt,/Users/hobongs/Desktop/HoBong_study/26-1/탄중/temp/jetson_nano_edgeai/my_results/clean_v2(without_tensorRT)/layer_runtime/mobilenetv3_small_onnxrt_cuda.csv
mobilenetv3_small,onnxrt_cuda,13,Conv:/features/features.7/block/block.1/block.1.0/Conv_kernel_time,onnxruntime,onnx_node,1.95655,13.987166,0.13,109.394,60,0.067103,98.868087,143,clean_v2_without_tensorrt,/Users/hobongs/Desktop/HoBong_study/26-1/탄중/temp/jetson_nano_edgeai/my_results/clean_v2(without_tensorRT)/layer_runtime/mobilenetv3_small_onnxrt_cuda.csv
mobilenetv3_small,onnxrt_cuda,219,Conv:/features/features.7/block/block.1/block.1.0/Conv_fence_after,onnxruntime,onnx_node,0.001,0.0,0.001,0.001,1,3.4e-05,99.997016,144,clean_v2_without_tensorrt,/Users/hobongs/Desktop/HoBong_study/26-1/탄중/temp/jetson_nano_edgeai/my_results/clean_v2(without_tensorRT)/layer_runtime/mobilenetv3_small_onnxrt_cuda.csv
mobilenetv3_small,onnxrt_cuda,220,HardSigmoid:/features/features.7/block/block.1/block.1.2/HardSigmoid_fence_before,onnxruntime,onnx_node,0.001,0.0,0.001,0.001,2,3.4e-05,99.99705,145,clean_v2_without_tensorrt,/Users/hobongs/Desktop/HoBong_study/26-1/탄중/temp/jetson_nano_edgeai/my_results/clean_v2(without_tensorRT)/layer_runtime/mobilenetv3_small_onnxrt_cuda.csv
mobilenetv3_small,onnxrt_cuda,124,HardSigmoid:/features/features.7/block/block.1/block.1.2/HardSigmoid_kernel_time,onnxruntime,onnx_node,0.058317,0.006874,0.054,0.109,60,0.002,99.980438,146,clean_v2_without_tensorrt,/Users/hobongs/Desktop/HoBong_study/26-1/탄중/temp/jetson_nano_edgeai/my_results/clean_v2(without_tensorRT)/layer_runtime/mobilenetv3_small_onnxrt_cuda.csv
mobilenetv3_small,onnxrt_cuda,221,Mul:/features/features.7/block/block.1/block.1.2/Mul_fence_before,onnxruntime,onnx_node,0.001,0.0,0.001,0.001,1,3.4e-05,99.997085,147,clean_v2_without_tensorrt,/Users/hobongs/Desktop/HoBong_study/26-1/탄중/temp/jetson_nano_edgeai/my_results/clean_v2(without_tensorRT)/layer_runtime/mobilenetv3_small_onnxrt_cuda.csv
mobilenetv3_small,onnxrt_cuda,110,Mul:/features/features.7/block/block.1/block.1.2/Mul_kernel_time,onnxruntime,onnx_node,0.060783,0.005047,0.056,0.094,60,0.002085,99.951898,148,clean_v2_without_tensorrt,/Users/hobongs/Desktop/HoBong_study/26-1/탄중/temp/jetson_nano_edgeai/my_results/clean_v2(without_tensorRT)/layer_runtime/mobilenetv3_small_onnxrt_cuda.csv
mobilenetv3_small,onnxrt_cuda,222,GlobalAveragePool:/features/features.7/block/block.2/avgpool/GlobalAveragePool_fence_before,onnxruntime,onnx_node,0.001,0.0,0.001,0.001,7,3.4e-05,99.997119,149,clean_v2_without_tensorrt,/Users/hobongs/Desktop/HoBong_study/26-1/탄중/temp/jetson_nano_edgeai/my_results/clean_v2(without_tensorRT)/layer_runtime/mobilenetv3_small_onnxrt_cuda.csv
mobilenetv3_small,onnxrt_cuda,65,GlobalAveragePool:/features/features.7/block/block.2/avgpool/GlobalAveragePool_kernel_time,onnxruntime,onnx_node,0.0721,0.007687,0.066,0.125,60,0.002473,99.851436,150,clean_v2_without_tensorrt,/Users/hobongs/Desktop/HoBong_study/26-1/탄중/temp/jetson_nano_edgeai/my_results/clean_v2(without_tensorRT)/layer_runtime/mobilenetv3_small_onnxrt_cuda.csv
mobilenetv3_small,onnxrt_cuda,223,FusedConv:/features/features.7/block/block.2/fc1/Conv_/features/features.7/block/block.2/activation/Relu_fence_before,onnxruntime,onnx_node,0.001,0.0,0.001,0.001,8,3.4e-05,99.997153,151,clean_v2_without_tensorrt,/Users/hobongs/Desktop/HoBong_study/26-1/탄중/temp/jetson_nano_edgeai/my_results/clean_v2(without_tensorRT)/layer_runtime/mobilenetv3_small_onnxrt_cuda.csv
mobilenetv3_small,onnxrt_cuda,47,FusedConv:/features/features.7/block/block.2/fc1/Conv_/features/features.7/block/block.2/activation/Relu_kernel_time,onnxruntime,onnx_node,0.560067,3.01858,0.145,23.746,60,0.019208,99.656805,152,clean_v2_without_tensorrt,/Users/hobongs/Desktop/HoBong_study/26-1/탄중/temp/jetson_nano_edgeai/my_results/clean_v2(without_tensorRT)/layer_runtime/mobilenetv3_small_onnxrt_cuda.csv
mobilenetv3_small,onnxrt_cuda,224,FusedConv:/features/features.7/block/block.2/fc1/Conv_/features/features.7/block/block.2/activation/Relu_fence_after,onnxruntime,onnx_node,0.001,0.0,0.001,0.001,1,3.4e-05,99.997188,153,clean_v2_without_tensorrt,/Users/hobongs/Desktop/HoBong_study/26-1/탄중/temp/jetson_nano_edgeai/my_results/clean_v2(without_tensorRT)/layer_runtime/mobilenetv3_small_onnxrt_cuda.csv
mobilenetv3_small,onnxrt_cuda,134,Conv:/features/features.7/block/block.2/fc2/Conv_fence_before,onnxruntime,onnx_node,0.0072,0.0124,0.001,0.032,5,0.000247,99.993853,154,clean_v2_without_tensorrt,/Users/hobongs/Desktop/HoBong_study/26-1/탄중/temp/jetson_nano_edgeai/my_results/clean_v2(without_tensorRT)/layer_runtime/mobilenetv3_small_onnxrt_cuda.csv
mobilenetv3_small,onnxrt_cuda,51,Conv:/features/features.7/block/block.2/fc2/Conv_kernel_time,onnxruntime,onnx_node,0.55425,3.053692,0.148,24.01,60,0.019009,99.733245,155,clean_v2_without_tensorrt,/Users/hobongs/Desktop/HoBong_study/26-1/탄중/temp/jetson_nano_edgeai/my_results/clean_v2(without_tensorRT)/layer_runtime/mobilenetv3_small_onnxrt_cuda.csv
mobilenetv3_small,onnxrt_cuda,225,Conv:/features/features.7/block/block.2/fc2/Conv_fence_after,onnxruntime,onnx_node,0.001,0.0,0.001,0.001,1,3.4e-05,99.997222,156,clean_v2_without_tensorrt,/Users/hobongs/Desktop/HoBong_study/26-1/탄중/temp/jetson_nano_edgeai/my_results/clean_v2(without_tensorRT)/layer_runtime/mobilenetv3_small_onnxrt_cuda.csv
mobilenetv3_small,onnxrt_cuda,141,HardSigmoid:/features/features.7/block/block.2/scale_activation/HardSigmoid_fence_before,onnxruntime,onnx_node,0.00125,0.000433,0.001,0.002,4,4.3e-05,99.9943,157,clean_v2_without_tensorrt,/Users/hobongs/Desktop/HoBong_study/26-1/탄중/temp/jetson_nano_edgeai/my_results/clean_v2(without_tensorRT)/layer_runtime/mobilenetv3_small_onnxrt_cuda.csv
mobilenetv3_small,onnxrt_cuda,104,HardSigmoid:/features/features.7/block/block.2/scale_activation/HardSigmoid_kernel_time,onnxruntime,onnx_node,0.062433,0.007385,0.056,0.116,60,0.002141,99.939223,158,clean_v2_without_tensorrt,/Users/hobongs/Desktop/HoBong_study/26-1/탄중/temp/jetson_nano_edgeai/my_results/clean_v2(without_tensorRT)/layer_runtime/mobilenetv3_small_onnxrt_cuda.csv
mobilenetv3_small,onnxrt_cuda,226,Mul:/features/features.7/block/block.2/Mul_fence_before,onnxruntime,onnx_node,0.001,0.0,0.001,0.001,2,3.4e-05,99.997256,159,clean_v2_without_tensorrt,/Users/hobongs/Desktop/HoBong_study/26-1/탄중/temp/jetson_nano_edgeai/my_results/clean_v2(without_tensorRT)/layer_runtime/mobilenetv3_small_onnxrt_cuda.csv
mobilenetv3_small,onnxrt_cuda,95,Mul:/features/features.7/block/block.2/Mul_kernel_time,onnxruntime,onnx_node,0.0632,0.005753,0.059,0.105,60,0.002168,99.919798,160,clean_v2_without_tensorrt,/Users/hobongs/Desktop/HoBong_study/26-1/탄중/temp/jetson_nano_edgeai/my_results/clean_v2(without_tensorRT)/layer_runtime/mobilenetv3_small_onnxrt_cuda.csv
mobilenetv3_small,onnxrt_cuda,227,Conv:/features/features.7/block/block.3/block.3.0/Conv_fence_before,onnxruntime,onnx_node,0.001,0.0,0.001,0.001,1,3.4e-05,99.997291,161,clean_v2_without_tensorrt,/Users/hobongs/Desktop/HoBong_study/26-1/탄중/temp/jetson_nano_edgeai/my_results/clean_v2(without_tensorRT)/layer_runtime/mobilenetv3_small_onnxrt_cuda.csv
mobilenetv3_small,onnxrt_cuda,41,Conv:/features/features.7/block/block.3/block.3.0/Conv_kernel_time,onnxruntime,onnx_node,0.5639,3.131582,0.15,24.618,60,0.01934,99.541256,162,clean_v2_without_tensorrt,/Users/hobongs/Desktop/HoBong_study/26-1/탄중/temp/jetson_nano_edgeai/my_results/clean_v2(without_tensorRT)/layer_runtime/mobilenetv3_small_onnxrt_cuda.csv
mobilenetv3_small,onnxrt_cuda,228,Conv:/features/features.7/block/block.3/block.3.0/Conv_fence_after,onnxruntime,onnx_node,0.001,0.0,0.001,0.001,1,3.4e-05,99.997325,163,clean_v2_without_tensorrt,/Users/hobongs/Desktop/HoBong_study/26-1/탄중/temp/jetson_nano_edgeai/my_results/clean_v2(without_tensorRT)/layer_runtime/mobilenetv3_small_onnxrt_cuda.csv
mobilenetv3_small,onnxrt_cuda,36,Conv:/features/features.8/block/block.0/block.0.0/Conv_kernel_time,onnxruntime,onnx_node,0.5754,3.257408,0.146,25.596,60,0.019734,99.444041,164,clean_v2_without_tensorrt,/Users/hobongs/Desktop/HoBong_study/26-1/탄중/temp/jetson_nano_edgeai/my_results/clean_v2(without_tensorRT)/layer_runtime/mobilenetv3_small_onnxrt_cuda.csv
mobilenetv3_small,onnxrt_cuda,229,Conv:/features/features.8/block/block.0/block.0.0/Conv_fence_after,onnxruntime,onnx_node,0.001,0.0,0.001,0.001,1,3.4e-05,99.997359,165,clean_v2_without_tensorrt,/Users/hobongs/Desktop/HoBong_study/26-1/탄중/temp/jetson_nano_edgeai/my_results/clean_v2(without_tensorRT)/layer_runtime/mobilenetv3_small_onnxrt_cuda.csv
mobilenetv3_small,onnxrt_cuda,230,HardSigmoid:/features/features.8/block/block.0/block.0.2/HardSigmoid_fence_before,onnxruntime,onnx_node,0.001,0.0,0.001,0.001,1,3.4e-05,99.997393,166,clean_v2_without_tensorrt,/Users/hobongs/Desktop/HoBong_study/26-1/탄중/temp/jetson_nano_edgeai/my_results/clean_v2(without_tensorRT)/layer_runtime/mobilenetv3_small_onnxrt_cuda.csv
mobilenetv3_small,onnxrt_cuda,97,HardSigmoid:/features/features.8/block/block.0/block.0.2/HardSigmoid_kernel_time,onnxruntime,onnx_node,0.06315,0.008955,0.059,0.125,60,0.002166,99.924131,167,clean_v2_without_tensorrt,/Users/hobongs/Desktop/HoBong_study/26-1/탄중/temp/jetson_nano_edgeai/my_results/clean_v2(without_tensorRT)/layer_runtime/mobilenetv3_small_onnxrt_cuda.csv
mobilenetv3_small,onnxrt_cuda,231,Mul:/features/features.8/block/block.0/block.0.2/Mul_fence_before,onnxruntime,onnx_node,0.001,0.0,0.001,0.001,1,3.4e-05,99.997428,168,clean_v2_without_tensorrt,/Users/hobongs/Desktop/HoBong_study/26-1/탄중/temp/jetson_nano_edgeai/my_results/clean_v2(without_tensorRT)/layer_runtime/mobilenetv3_small_onnxrt_cuda.csv
mobilenetv3_small,onnxrt_cuda,109,Mul:/features/features.8/block/block.0/block.0.2/Mul_kernel_time,onnxruntime,onnx_node,0.061383,0.005657,0.057,0.095,60,0.002105,99.949813,169,clean_v2_without_tensorrt,/Users/hobongs/Desktop/HoBong_study/26-1/탄중/temp/jetson_nano_edgeai/my_results/clean_v2(without_tensorRT)/layer_runtime/mobilenetv3_small_onnxrt_cuda.csv
mobilenetv3_small,onnxrt_cuda,10,Conv:/features/features.8/block/block.1/block.1.0/Conv_kernel_time,onnxruntime,onnx_node,2.23735,16.148849,0.13,126.279,60,0.076733,98.658315,170,clean_v2_without_tensorrt,/Users/hobongs/Desktop/HoBong_study/26-1/탄중/temp/jetson_nano_edgeai/my_results/clean_v2(without_tensorRT)/layer_runtime/mobilenetv3_small_onnxrt_cuda.csv
mobilenetv3_small,onnxrt_cuda,232,Conv:/features/features.8/block/block.1/block.1.0/Conv_fence_after,onnxruntime,onnx_node,0.001,0.0,0.001,0.001,1,3.4e-05,99.997462,171,clean_v2_without_tensorrt,/Users/hobongs/Desktop/HoBong_study/26-1/탄중/temp/jetson_nano_edgeai/my_results/clean_v2(without_tensorRT)/layer_runtime/mobilenetv3_small_onnxrt_cuda.csv
mobilenetv3_small,onnxrt_cuda,233,HardSigmoid:/features/features.8/block/block.1/block.1.2/HardSigmoid_fence_before,onnxruntime,onnx_node,0.001,0.0,0.001,0.001,4,3.4e-05,99.997496,172,clean_v2_without_tensorrt,/Users/hobongs/Desktop/HoBong_study/26-1/탄중/temp/jetson_nano_edgeai/my_results/clean_v2(without_tensorRT)/layer_runtime/mobilenetv3_small_onnxrt_cuda.csv
mobilenetv3_small,onnxrt_cuda,126,HardSigmoid:/features/features.8/block/block.1/block.1.2/HardSigmoid_kernel_time,onnxruntime,onnx_node,0.058183,0.00746,0.055,0.114,60,0.001995,99.984433,173,clean_v2_without_tensorrt,/Users/hobongs/Desktop/HoBong_study/26-1/탄중/temp/jetson_nano_edgeai/my_results/clean_v2(without_tensorRT)/layer_runtime/mobilenetv3_small_onnxrt_cuda.csv
mobilenetv3_small,onnxrt_cuda,234,Mul:/features/features.8/block/block.1/block.1.2/Mul_fence_before,onnxruntime,onnx_node,0.001,0.0,0.001,0.001,1,3.4e-05,99.997531,174,clean_v2_without_tensorrt,/Users/hobongs/Desktop/HoBong_study/26-1/탄중/temp/jetson_nano_edgeai/my_results/clean_v2(without_tensorRT)/layer_runtime/mobilenetv3_small_onnxrt_cuda.csv
mobilenetv3_small,onnxrt_cuda,123,Mul:/features/features.8/block/block.1/block.1.2/Mul_kernel_time,onnxruntime,onnx_node,0.05835,0.00517,0.054,0.091,60,0.002001,99.978438,175,clean_v2_without_tensorrt,/Users/hobongs/Desktop/HoBong_study/26-1/탄중/temp/jetson_nano_edgeai/my_results/clean_v2(without_tensorRT)/layer_runtime/mobilenetv3_small_onnxrt_cuda.csv
mobilenetv3_small,onnxrt_cuda,235,GlobalAveragePool:/features/features.8/block/block.2/avgpool/GlobalAveragePool_fence_before,onnxruntime,onnx_node,0.001,0.0,0.001,0.001,22,3.4e-05,99.997565,176,clean_v2_without_tensorrt,/Users/hobongs/Desktop/HoBong_study/26-1/탄중/temp/jetson_nano_edgeai/my_results/clean_v2(without_tensorRT)/layer_runtime/mobilenetv3_small_onnxrt_cuda.csv
mobilenetv3_small,onnxrt_cuda,66,GlobalAveragePool:/features/features.8/block/block.2/avgpool/GlobalAveragePool_kernel_time,onnxruntime,onnx_node,0.071917,0.007851,0.068,0.13,60,0.002467,99.853902,177,clean_v2_without_tensorrt,/Users/hobongs/Desktop/HoBong_study/26-1/탄중/temp/jetson_nano_edgeai/my_results/clean_v2(without_tensorRT)/layer_runtime/mobilenetv3_small_onnxrt_cuda.csv
mobilenetv3_small,onnxrt_cuda,236,FusedConv:/features/features.8/block/block.2/fc1/Conv_/features/features.8/block/block.2/activation/Relu_fence_before,onnxruntime,onnx_node,0.001,0.0,0.001,0.001,10,3.4e-05,99.997599,178,clean_v2_without_tensorrt,/Users/hobongs/Desktop/HoBong_study/26-1/탄중/temp/jetson_nano_edgeai/my_results/clean_v2(without_tensorRT)/layer_runtime/mobilenetv3_small_onnxrt_cuda.csv
mobilenetv3_small,onnxrt_cuda,40,FusedConv:/features/features.8/block/block.2/fc1/Conv_/features/features.8/block/block.2/activation/Relu_kernel_time,onnxruntime,onnx_node,0.564,3.111408,0.141,24.463,60,0.019343,99.521916,179,clean_v2_without_tensorrt,/Users/hobongs/Desktop/HoBong_study/26-1/탄중/temp/jetson_nano_edgeai/my_results/clean_v2(without_tensorRT)/layer_runtime/mobilenetv3_small_onnxrt_cuda.csv
mobilenetv3_small,onnxrt_cuda,237,FusedConv:/features/features.8/block/block.2/fc1/Conv_/features/features.8/block/block.2/activation/Relu_fence_after,onnxruntime,onnx_node,0.001,0.0,0.001,0.001,1,3.4e-05,99.997634,180,clean_v2_without_tensorrt,/Users/hobongs/Desktop/HoBong_study/26-1/탄중/temp/jetson_nano_edgeai/my_results/clean_v2(without_tensorRT)/layer_runtime/mobilenetv3_small_onnxrt_cuda.csv
mobilenetv3_small,onnxrt_cuda,238,Conv:/features/features.8/block/block.2/fc2/Conv_fence_before,onnxruntime,onnx_node,0.001,0.0,0.001,0.001,1,3.4e-05,99.997668,181,clean_v2_without_tensorrt,/Users/hobongs/Desktop/HoBong_study/26-1/탄중/temp/jetson_nano_edgeai/my_results/clean_v2(without_tensorRT)/layer_runtime/mobilenetv3_small_onnxrt_cuda.csv
mobilenetv3_small,onnxrt_cuda,39,Conv:/features/features.8/block/block.2/fc2/Conv_kernel_time,onnxruntime,onnx_node,0.564833,3.139662,0.148,24.681,60,0.019372,99.502573,182,clean_v2_without_tensorrt,/Users/hobongs/Desktop/HoBong_study/26-1/탄중/temp/jetson_nano_edgeai/my_results/clean_v2(without_tensorRT)/layer_runtime/mobilenetv3_small_onnxrt_cuda.csv
mobilenetv3_small,onnxrt_cuda,239,HardSigmoid:/features/features.8/block/block.2/scale_activation/HardSigmoid_fence_before,onnxruntime,onnx_node,0.001,0.0,0.001,0.001,3,3.4e-05,99.997702,183,clean_v2_without_tensorrt,/Users/hobongs/Desktop/HoBong_study/26-1/탄중/temp/jetson_nano_edgeai/my_results/clean_v2(without_tensorRT)/layer_runtime/mobilenetv3_small_onnxrt_cuda.csv
mobilenetv3_small,onnxrt_cuda,103,HardSigmoid:/features/features.8/block/block.2/scale_activation/HardSigmoid_kernel_time,onnxruntime,onnx_node,0.062683,0.006939,0.058,0.109,60,0.00215,99.937082,184,clean_v2_without_tensorrt,/Users/hobongs/Desktop/HoBong_study/26-1/탄중/temp/jetson_nano_edgeai/my_results/clean_v2(without_tensorRT)/layer_runtime/mobilenetv3_small_onnxrt_cuda.csv
mobilenetv3_small,onnxrt_cuda,240,Mul:/features/features.8/block/block.2/Mul_fence_before,onnxruntime,onnx_node,0.001,0.0,0.001,0.001,3,3.4e-05,99.997736,185,clean_v2_without_tensorrt,/Users/hobongs/Desktop/HoBong_study/26-1/탄중/temp/jetson_nano_edgeai/my_results/clean_v2(without_tensorRT)/layer_runtime/mobilenetv3_small_onnxrt_cuda.csv
mobilenetv3_small,onnxrt_cuda,101,Mul:/features/features.8/block/block.2/Mul_kernel_time,onnxruntime,onnx_node,0.062933,0.005525,0.059,0.099,60,0.002158,99.93278,186,clean_v2_without_tensorrt,/Users/hobongs/Desktop/HoBong_study/26-1/탄중/temp/jetson_nano_edgeai/my_results/clean_v2(without_tensorRT)/layer_runtime/mobilenetv3_small_onnxrt_cuda.csv
mobilenetv3_small,onnxrt_cuda,241,Conv:/features/features.8/block/block.3/block.3.0/Conv_fence_before,onnxruntime,onnx_node,0.001,0.0,0.001,0.001,2,3.4e-05,99.997771,187,clean_v2_without_tensorrt,/Users/hobongs/Desktop/HoBong_study/26-1/탄중/temp/jetson_nano_edgeai/my_results/clean_v2(without_tensorRT)/layer_runtime/mobilenetv3_small_onnxrt_cuda.csv
mobilenetv3_small,onnxrt_cuda,38,Conv:/features/features.8/block/block.3/block.3.0/Conv_kernel_time,onnxruntime,onnx_node,0.566933,3.171546,0.149,24.928,60,0.019444,99.483201,188,clean_v2_without_tensorrt,/Users/hobongs/Desktop/HoBong_study/26-1/탄중/temp/jetson_nano_edgeai/my_results/clean_v2(without_tensorRT)/layer_runtime/mobilenetv3_small_onnxrt_cuda.csv
mobilenetv3_small,onnxrt_cuda,242,Add:/features/features.8/Add_fence_before,onnxruntime,onnx_node,0.001,0.0,0.001,0.001,2,3.4e-05,99.997805,189,clean_v2_without_tensorrt,/Users/hobongs/Desktop/HoBong_study/26-1/탄중/temp/jetson_nano_edgeai/my_results/clean_v2(without_tensorRT)/layer_runtime/mobilenetv3_small_onnxrt_cuda.csv
mobilenetv3_small,onnxrt_cuda,75,Add:/features/features.8/Add_kernel_time,onnxruntime,onnx_node,0.0669,0.010064,0.062,0.127,60,0.002294,99.875407,190,clean_v2_without_tensorrt,/Users/hobongs/Desktop/HoBong_study/26-1/탄중/temp/jetson_nano_edgeai/my_results/clean_v2(without_tensorRT)/layer_runtime/mobilenetv3_small_onnxrt_cuda.csv
mobilenetv3_small,onnxrt_cuda,133,Conv:/features/features.9/block/block.0/block.0.0/Conv_fence_before,onnxruntime,onnx_node,0.007667,0.009428,0.001,0.021,3,0.000263,99.993606,191,clean_v2_without_tensorrt,/Users/hobongs/Desktop/HoBong_study/26-1/탄중/temp/jetson_nano_edgeai/my_results/clean_v2(without_tensorRT)/layer_runtime/mobilenetv3_small_onnxrt_cuda.csv
mobilenetv3_small,onnxrt_cuda,18,Conv:/features/features.9/block/block.0/block.0.0/Conv_kernel_time,onnxruntime,onnx_node,0.627067,3.637734,0.15,28.569,60,0.021506,99.076837,192,clean_v2_without_tensorrt,/Users/hobongs/Desktop/HoBong_study/26-1/탄중/temp/jetson_nano_edgeai/my_results/clean_v2(without_tensorRT)/layer_runtime/mobilenetv3_small_onnxrt_cuda.csv
mobilenetv3_small,onnxrt_cuda,243,Conv:/features/features.9/block/block.0/block.0.0/Conv_fence_after,onnxruntime,onnx_node,0.001,0.0,0.001,0.001,1,3.4e-05,99.997839,193,clean_v2_without_tensorrt,/Users/hobongs/Desktop/HoBong_study/26-1/탄중/temp/jetson_nano_edgeai/my_results/clean_v2(without_tensorRT)/layer_runtime/mobilenetv3_small_onnxrt_cuda.csv
mobilenetv3_small,onnxrt_cuda,244,HardSigmoid:/features/features.9/block/block.0/block.0.2/HardSigmoid_fence_before,onnxruntime,onnx_node,0.001,0.0,0.001,0.001,2,3.4e-05,99.997874,194,clean_v2_without_tensorrt,/Users/hobongs/Desktop/HoBong_study/26-1/탄중/temp/jetson_nano_edgeai/my_results/clean_v2(without_tensorRT)/layer_runtime/mobilenetv3_small_onnxrt_cuda.csv
mobilenetv3_small,onnxrt_cuda,112,HardSigmoid:/features/features.9/block/block.0/block.0.2/HardSigmoid_kernel_time,onnxruntime,onnx_node,0.060533,0.009624,0.056,0.129,60,0.002076,99.956056,195,clean_v2_without_tensorrt,/Users/hobongs/Desktop/HoBong_study/26-1/탄중/temp/jetson_nano_edgeai/my_results/clean_v2(without_tensorRT)/layer_runtime/mobilenetv3_small_onnxrt_cuda.csv
mobilenetv3_small,onnxrt_cuda,245,Mul:/features/features.9/block/block.0/block.0.2/Mul_fence_before,onnxruntime,onnx_node,0.001,0.0,0.001,0.001,3,3.4e-05,99.997908,196,clean_v2_without_tensorrt,/Users/hobongs/Desktop/HoBong_study/26-1/탄중/temp/jetson_nano_edgeai/my_results/clean_v2(without_tensorRT)/layer_runtime/mobilenetv3_small_onnxrt_cuda.csv
mobilenetv3_small,onnxrt_cuda,84,Mul:/features/features.9/block/block.0/block.0.2/Mul_kernel_time,onnxruntime,onnx_node,0.0645,0.006973,0.055,0.103,60,0.002212,99.89572,197,clean_v2_without_tensorrt,/Users/hobongs/Desktop/HoBong_study/26-1/탄중/temp/jetson_nano_edgeai/my_results/clean_v2(without_tensorRT)/layer_runtime/mobilenetv3_small_onnxrt_cuda.csv
mobilenetv3_small,onnxrt_cuda,12,Conv:/features/features.9/block/block.1/block.1.0/Conv_kernel_time,onnxruntime,onnx_node,1.992067,14.272733,0.129,111.623,60,0.068321,98.800984,198,clean_v2_without_tensorrt,/Users/hobongs/Desktop/HoBong_study/26-1/탄중/temp/jetson_nano_edgeai/my_results/clean_v2(without_tensorRT)/layer_runtime/mobilenetv3_small_onnxrt_cuda.csv
mobilenetv3_small,onnxrt_cuda,246,Conv:/features/features.9/block/block.1/block.1.0/Conv_fence_after,onnxruntime,onnx_node,0.001,0.0,0.001,0.001,1,3.4e-05,99.997942,199,clean_v2_without_tensorrt,/Users/hobongs/Desktop/HoBong_study/26-1/탄중/temp/jetson_nano_edgeai/my_results/clean_v2(without_tensorRT)/layer_runtime/mobilenetv3_small_onnxrt_cuda.csv
mobilenetv3_small,onnxrt_cuda,247,HardSigmoid:/features/features.9/block/block.1/block.1.2/HardSigmoid_fence_before,onnxruntime,onnx_node,0.001,0.0,0.001,0.001,1,3.4e-05,99.997977,200,clean_v2_without_tensorrt,/Users/hobongs/Desktop/HoBong_study/26-1/탄중/temp/jetson_nano_edgeai/my_results/clean_v2(without_tensorRT)/layer_runtime/mobilenetv3_small_onnxrt_cuda.csv
mobilenetv3_small,onnxrt_cuda,121,HardSigmoid:/features/features.9/block/block.1/block.1.2/HardSigmoid_kernel_time,onnxruntime,onnx_node,0.058633,0.008284,0.055,0.118,60,0.002011,99.974431,201,clean_v2_without_tensorrt,/Users/hobongs/Desktop/HoBong_study/26-1/탄중/temp/jetson_nano_edgeai/my_results/clean_v2(without_tensorRT)/layer_runtime/mobilenetv3_small_onnxrt_cuda.csv
mobilenetv3_small,onnxrt_cuda,248,Mul:/features/features.9/block/block.1/block.1.2/Mul_fence_before,onnxruntime,onnx_node,0.001,0.0,0.001,0.001,2,3.4e-05,99.998011,202,clean_v2_without_tensorrt,/Users/hobongs/Desktop/HoBong_study/26-1/탄중/temp/jetson_nano_edgeai/my_results/clean_v2(without_tensorRT)/layer_runtime/mobilenetv3_small_onnxrt_cuda.csv
mobilenetv3_small,onnxrt_cuda,115,Mul:/features/features.9/block/block.1/block.1.2/Mul_kernel_time,onnxruntime,onnx_node,0.060017,0.008201,0.055,0.12,60,0.002058,99.962261,203,clean_v2_without_tensorrt,/Users/hobongs/Desktop/HoBong_study/26-1/탄중/temp/jetson_nano_edgeai/my_results/clean_v2(without_tensorRT)/layer_runtime/mobilenetv3_small_onnxrt_cuda.csv
mobilenetv3_small,onnxrt_cuda,249,GlobalAveragePool:/features/features.9/block/block.2/avgpool/GlobalAveragePool_fence_before,onnxruntime,onnx_node,0.001,0.0,0.001,0.001,7,3.4e-05,99.998045,204,clean_v2_without_tensorrt,/Users/hobongs/Desktop/HoBong_study/26-1/탄중/temp/jetson_nano_edgeai/my_results/clean_v2(without_tensorRT)/layer_runtime/mobilenetv3_small_onnxrt_cuda.csv
mobilenetv3_small,onnxrt_cuda,64,GlobalAveragePool:/features/features.9/block/block.2/avgpool/GlobalAveragePool_kernel_time,onnxruntime,onnx_node,0.072117,0.008834,0.067,0.122,60,0.002473,99.848963,205,clean_v2_without_tensorrt,/Users/hobongs/Desktop/HoBong_study/26-1/탄중/temp/jetson_nano_edgeai/my_results/clean_v2(without_tensorRT)/layer_runtime/mobilenetv3_small_onnxrt_cuda.csv
mobilenetv3_small,onnxrt_cuda,250,FusedConv:/features/features.9/block/block.2/fc1/Conv_/features/features.9/block/block.2/activation/Relu_fence_before,onnxruntime,onnx_node,0.001,0.0,0.001,0.001,10,3.4e-05,99.998079,206,clean_v2_without_tensorrt,/Users/hobongs/Desktop/HoBong_study/26-1/탄중/temp/jetson_nano_edgeai/my_results/clean_v2(without_tensorRT)/layer_runtime/mobilenetv3_small_onnxrt_cuda.csv
mobilenetv3_small,onnxrt_cuda,46,FusedConv:/features/features.9/block/block.2/fc1/Conv_/features/features.9/block/block.2/activation/Relu_kernel_time,onnxruntime,onnx_node,0.560233,2.965577,0.153,23.339,60,0.019214,99.637597,207,clean_v2_without_tensorrt,/Users/hobongs/Desktop/HoBong_study/26-1/탄중/temp/jetson_nano_edgeai/my_results/clean_v2(without_tensorRT)/layer_runtime/mobilenetv3_small_onnxrt_cuda.csv
mobilenetv3_small,onnxrt_cuda,251,FusedConv:/features/features.9/block/block.2/fc1/Conv_/features/features.9/block/block.2/activation/Relu_fence_after,onnxruntime,onnx_node,0.001,0.0,0.001,0.001,3,3.4e-05,99.998114,208,clean_v2_without_tensorrt,/Users/hobongs/Desktop/HoBong_study/26-1/탄중/temp/jetson_nano_edgeai/my_results/clean_v2(without_tensorRT)/layer_runtime/mobilenetv3_small_onnxrt_cuda.csv
mobilenetv3_small,onnxrt_cuda,252,Conv:/features/features.9/block/block.2/fc2/Conv_fence_before,onnxruntime,onnx_node,0.001,0.0,0.001,0.001,2,3.4e-05,99.998148,209,clean_v2_without_tensorrt,/Users/hobongs/Desktop/HoBong_study/26-1/탄중/temp/jetson_nano_edgeai/my_results/clean_v2(without_tensorRT)/layer_runtime/mobilenetv3_small_onnxrt_cuda.csv
mobilenetv3_small,onnxrt_cuda,53,Conv:/features/features.9/block/block.2/fc2/Conv_kernel_time,onnxruntime,onnx_node,0.542417,2.937991,0.151,23.109,60,0.018603,99.770582,210,clean_v2_without_tensorrt,/Users/hobongs/Desktop/HoBong_study/26-1/탄중/temp/jetson_nano_edgeai/my_results/clean_v2(without_tensorRT)/layer_runtime/mobilenetv3_small_onnxrt_cuda.csv
mobilenetv3_small,onnxrt_cuda,253,Conv:/features/features.9/block/block.2/fc2/Conv_fence_after,onnxruntime,onnx_node,0.001,0.0,0.001,0.001,2,3.4e-05,99.998182,211,clean_v2_without_tensorrt,/Users/hobongs/Desktop/HoBong_study/26-1/탄중/temp/jetson_nano_edgeai/my_results/clean_v2(without_tensorRT)/layer_runtime/mobilenetv3_small_onnxrt_cuda.csv
mobilenetv3_small,onnxrt_cuda,254,HardSigmoid:/features/features.9/block/block.2/scale_activation/HardSigmoid_fence_before,onnxruntime,onnx_node,0.001,0.0,0.001,0.001,5,3.4e-05,99.998217,212,clean_v2_without_tensorrt,/Users/hobongs/Desktop/HoBong_study/26-1/탄중/temp/jetson_nano_edgeai/my_results/clean_v2(without_tensorRT)/layer_runtime/mobilenetv3_small_onnxrt_cuda.csv
mobilenetv3_small,onnxrt_cuda,105,HardSigmoid:/features/features.9/block/block.2/scale_activation/HardSigmoid_kernel_time,onnxruntime,onnx_node,0.06205,0.006528,0.057,0.106,60,0.002128,99.941351,213,clean_v2_without_tensorrt,/Users/hobongs/Desktop/HoBong_study/26-1/탄중/temp/jetson_nano_edgeai/my_results/clean_v2(without_tensorRT)/layer_runtime/mobilenetv3_small_onnxrt_cuda.csv
mobilenetv3_small,onnxrt_cuda,255,Mul:/features/features.9/block/block.2/Mul_fence_before,onnxruntime,onnx_node,0.001,0.0,0.001,0.001,2,3.4e-05,99.998251,214,clean_v2_without_tensorrt,/Users/hobongs/Desktop/HoBong_study/26-1/탄중/temp/jetson_nano_edgeai/my_results/clean_v2(without_tensorRT)/layer_runtime/mobilenetv3_small_onnxrt_cuda.csv
mobilenetv3_small,onnxrt_cuda,102,Mul:/features/features.9/block/block.2/Mul_kernel_time,onnxruntime,onnx_node,0.06275,0.004746,0.059,0.093,60,0.002152,99.934932,215,clean_v2_without_tensorrt,/Users/hobongs/Desktop/HoBong_study/26-1/탄중/temp/jetson_nano_edgeai/my_results/clean_v2(without_tensorRT)/layer_runtime/mobilenetv3_small_onnxrt_cuda.csv
mobilenetv3_small,onnxrt_cuda,256,Conv:/features/features.9/block/block.3/block.3.0/Conv_fence_before,onnxruntime,onnx_node,0.001,0.0,0.001,0.001,1,3.4e-05,99.998285,216,clean_v2_without_tensorrt,/Users/hobongs/Desktop/HoBong_study/26-1/탄중/temp/jetson_nano_edgeai/my_results/clean_v2(without_tensorRT)/layer_runtime/mobilenetv3_small_onnxrt_cuda.csv
mobilenetv3_small,onnxrt_cuda,48,Conv:/features/features.9/block/block.3/block.3.0/Conv_kernel_time,onnxruntime,onnx_node,0.559617,3.098816,0.149,24.362,60,0.019193,99.675998,217,clean_v2_without_tensorrt,/Users/hobongs/Desktop/HoBong_study/26-1/탄중/temp/jetson_nano_edgeai/my_results/clean_v2(without_tensorRT)/layer_runtime/mobilenetv3_small_onnxrt_cuda.csv
mobilenetv3_small,onnxrt_cuda,257,Conv:/features/features.10/block/block.0/block.0.0/Conv_fence_before,onnxruntime,onnx_node,0.001,0.0,0.001,0.001,2,3.4e-05,99.998319,218,clean_v2_without_tensorrt,/Users/hobongs/Desktop/HoBong_study/26-1/탄중/temp/jetson_nano_edgeai/my_results/clean_v2(without_tensorRT)/layer_runtime/mobilenetv3_small_onnxrt_cuda.csv
mobilenetv3_small,onnxrt_cuda,25,Conv:/features/features.10/block/block.0/block.0.0/Conv_kernel_time,onnxruntime,onnx_node,0.603333,3.451528,0.149,27.115,60,0.020692,99.222552,219,clean_v2_without_tensorrt,/Users/hobongs/Desktop/HoBong_study/26-1/탄중/temp/jetson_nano_edgeai/my_results/clean_v2(without_tensorRT)/layer_runtime/mobilenetv3_small_onnxrt_cuda.csv
mobilenetv3_small,onnxrt_cuda,258,Conv:/features/features.10/block/block.0/block.0.0/Conv_fence_after,onnxruntime,onnx_node,0.001,0.0,0.001,0.001,1,3.4e-05,99.998354,220,clean_v2_without_tensorrt,/Users/hobongs/Desktop/HoBong_study/26-1/탄중/temp/jetson_nano_edgeai/my_results/clean_v2(without_tensorRT)/layer_runtime/mobilenetv3_small_onnxrt_cuda.csv
mobilenetv3_small,onnxrt_cuda,259,HardSigmoid:/features/features.10/block/block.0/block.0.2/HardSigmoid_fence_before,onnxruntime,onnx_node,0.001,0.0,0.001,0.001,1,3.4e-05,99.998388,221,clean_v2_without_tensorrt,/Users/hobongs/Desktop/HoBong_study/26-1/탄중/temp/jetson_nano_edgeai/my_results/clean_v2(without_tensorRT)/layer_runtime/mobilenetv3_small_onnxrt_cuda.csv
mobilenetv3_small,onnxrt_cuda,114,HardSigmoid:/features/features.10/block/block.0/block.0.2/HardSigmoid_kernel_time,onnxruntime,onnx_node,0.060433,0.008281,0.056,0.122,60,0.002073,99.960202,222,clean_v2_without_tensorrt,/Users/hobongs/Desktop/HoBong_study/26-1/탄중/temp/jetson_nano_edgeai/my_results/clean_v2(without_tensorRT)/layer_runtime/mobilenetv3_small_onnxrt_cuda.csv
mobilenetv3_small,onnxrt_cuda,260,Mul:/features/features.10/block/block.0/block.0.2/Mul_fence_before,onnxruntime,onnx_node,0.001,0.0,0.001,0.001,1,3.4e-05,99.998422,223,clean_v2_without_tensorrt,/Users/hobongs/Desktop/HoBong_study/26-1/탄중/temp/jetson_nano_edgeai/my_results/clean_v2(without_tensorRT)/layer_runtime/mobilenetv3_small_onnxrt_cuda.csv
mobilenetv3_small,onnxrt_cuda,122,Mul:/features/features.10/block/block.0/block.0.2/Mul_kernel_time,onnxruntime,onnx_node,0.058467,0.006336,0.054,0.103,60,0.002005,99.976437,224,clean_v2_without_tensorrt,/Users/hobongs/Desktop/HoBong_study/26-1/탄중/temp/jetson_nano_edgeai/my_results/clean_v2(without_tensorRT)/layer_runtime/mobilenetv3_small_onnxrt_cuda.csv
mobilenetv3_small,onnxrt_cuda,261,Conv:/features/features.10/block/block.1/block.1.0/Conv_fence_before,onnxruntime,onnx_node,0.001,0.0,0.001,0.001,1,3.4e-05,99.998457,225,clean_v2_without_tensorrt,/Users/hobongs/Desktop/HoBong_study/26-1/탄중/temp/jetson_nano_edgeai/my_results/clean_v2(without_tensorRT)/layer_runtime/mobilenetv3_small_onnxrt_cuda.csv
mobilenetv3_small,onnxrt_cuda,6,Conv:/features/features.10/block/block.1/block.1.0/Conv_kernel_time,onnxruntime,onnx_node,8.169017,61.717614,0.129,482.231,60,0.280169,98.124842,226,clean_v2_without_tensorrt,/Users/hobongs/Desktop/HoBong_study/26-1/탄중/temp/jetson_nano_edgeai/my_results/clean_v2(without_tensorRT)/layer_runtime/mobilenetv3_small_onnxrt_cuda.csv
mobilenetv3_small,onnxrt_cuda,262,Conv:/features/features.10/block/block.1/block.1.0/Conv_fence_after,onnxruntime,onnx_node,0.001,0.0,0.001,0.001,1,3.4e-05,99.998491,227,clean_v2_without_tensorrt,/Users/hobongs/Desktop/HoBong_study/26-1/탄중/temp/jetson_nano_edgeai/my_results/clean_v2(without_tensorRT)/layer_runtime/mobilenetv3_small_onnxrt_cuda.csv
mobilenetv3_small,onnxrt_cuda,263,HardSigmoid:/features/features.10/block/block.1/block.1.2/HardSigmoid_fence_before,onnxruntime,onnx_node,0.001,0.0,0.001,0.001,8,3.4e-05,99.998525,228,clean_v2_without_tensorrt,/Users/hobongs/Desktop/HoBong_study/26-1/탄중/temp/jetson_nano_edgeai/my_results/clean_v2(without_tensorRT)/layer_runtime/mobilenetv3_small_onnxrt_cuda.csv
mobilenetv3_small,onnxrt_cuda,118,HardSigmoid:/features/features.10/block/block.1/block.1.2/HardSigmoid_kernel_time,onnxruntime,onnx_node,0.059267,0.013105,0.053,0.154,60,0.002033,99.968379,229,clean_v2_without_tensorrt,/Users/hobongs/Desktop/HoBong_study/26-1/탄중/temp/jetson_nano_edgeai/my_results/clean_v2(without_tensorRT)/layer_runtime/mobilenetv3_small_onnxrt_cuda.csv
mobilenetv3_small,onnxrt_cuda,264,Mul:/features/features.10/block/block.1/block.1.2/Mul_fence_before,onnxruntime,onnx_node,0.001,0.0,0.001,0.001,1,3.4e-05,99.99856,230,clean_v2_without_tensorrt,/Users/hobongs/Desktop/HoBong_study/26-1/탄중/temp/jetson_nano_edgeai/my_results/clean_v2(without_tensorRT)/layer_runtime/mobilenetv3_small_onnxrt_cuda.csv
mobilenetv3_small,onnxrt_cuda,119,Mul:/features/features.10/block/block.1/block.1.2/Mul_kernel_time,onnxruntime,onnx_node,0.059,0.01269,0.053,0.147,60,0.002023,99.970402,231,clean_v2_without_tensorrt,/Users/hobongs/Desktop/HoBong_study/26-1/탄중/temp/jetson_nano_edgeai/my_results/clean_v2(without_tensorRT)/layer_runtime/mobilenetv3_small_onnxrt_cuda.csv
mobilenetv3_small,onnxrt_cuda,265,GlobalAveragePool:/features/features.10/block/block.2/avgpool/GlobalAveragePool_fence_before,onnxruntime,onnx_node,0.001,0.0,0.001,0.001,38,3.4e-05,99.998594,232,clean_v2_without_tensorrt,/Users/hobongs/Desktop/HoBong_study/26-1/탄중/temp/jetson_nano_edgeai/my_results/clean_v2(without_tensorRT)/layer_runtime/mobilenetv3_small_onnxrt_cuda.csv
mobilenetv3_small,onnxrt_cuda,72,GlobalAveragePool:/features/features.10/block/block.2/avgpool/GlobalAveragePool_kernel_time,onnxruntime,onnx_node,0.069783,0.013572,0.063,0.17,60,0.002393,99.868426,233,clean_v2_without_tensorrt,/Users/hobongs/Desktop/HoBong_study/26-1/탄중/temp/jetson_nano_edgeai/my_results/clean_v2(without_tensorRT)/layer_runtime/mobilenetv3_small_onnxrt_cuda.csv
mobilenetv3_small,onnxrt_cuda,148,FusedConv:/features/features.10/block/block.2/fc1/Conv_/features/features.10/block/block.2/activation/Relu_fence_before,onnxruntime,onnx_node,0.001095,0.000426,0.001,0.003,21,3.8e-05,99.994573,234,clean_v2_without_tensorrt,/Users/hobongs/Desktop/HoBong_study/26-1/탄중/temp/jetson_nano_edgeai/my_results/clean_v2(without_tensorRT)/layer_runtime/mobilenetv3_small_onnxrt_cuda.csv
mobilenetv3_small,onnxrt_cuda,30,FusedConv:/features/features.10/block/block.2/fc1/Conv_/features/features.10/block/block.2/activation/Relu_kernel_time,onnxruntime,onnx_node,0.58905,3.279941,0.137,25.782,60,0.020202,99.324469,235,clean_v2_without_tensorrt,/Users/hobongs/Desktop/HoBong_study/26-1/탄중/temp/jetson_nano_edgeai/my_results/clean_v2(without_tensorRT)/layer_runtime/mobilenetv3_small_onnxrt_cuda.csv
mobilenetv3_small,onnxrt_cuda,266,FusedConv:/features/features.10/block/block.2/fc1/Conv_/features/features.10/block/block.2/activation/Relu_fence_after,onnxruntime,onnx_node,0.001,0.0,0.001,0.001,3,3.4e-05,99.998628,236,clean_v2_without_tensorrt,/Users/hobongs/Desktop/HoBong_study/26-1/탄중/temp/jetson_nano_edgeai/my_results/clean_v2(without_tensorRT)/layer_runtime/mobilenetv3_small_onnxrt_cuda.csv
mobilenetv3_small,onnxrt_cuda,267,Conv:/features/features.10/block/block.2/fc2/Conv_fence_before,onnxruntime,onnx_node,0.001,0.0,0.001,0.001,3,3.4e-05,99.998662,237,clean_v2_without_tensorrt,/Users/hobongs/Desktop/HoBong_study/26-1/탄중/temp/jetson_nano_edgeai/my_results/clean_v2(without_tensorRT)/layer_runtime/mobilenetv3_small_onnxrt_cuda.csv
mobilenetv3_small,onnxrt_cuda,26,Conv:/features/features.10/block/block.2/fc2/Conv_kernel_time,onnxruntime,onnx_node,0.59995,3.40382,0.147,26.745,60,0.020576,99.243128,238,clean_v2_without_tensorrt,/Users/hobongs/Desktop/HoBong_study/26-1/탄중/temp/jetson_nano_edgeai/my_results/clean_v2(without_tensorRT)/layer_runtime/mobilenetv3_small_onnxrt_cuda.csv
mobilenetv3_small,onnxrt_cuda,268,HardSigmoid:/features/features.10/block/block.2/scale_activation/HardSigmoid_fence_before,onnxruntime,onnx_node,0.001,0.0,0.001,0.001,10,3.4e-05,99.998697,239,clean_v2_without_tensorrt,/Users/hobongs/Desktop/HoBong_study/26-1/탄중/temp/jetson_nano_edgeai/my_results/clean_v2(without_tensorRT)/layer_runtime/mobilenetv3_small_onnxrt_cuda.csv
mobilenetv3_small,onnxrt_cuda,98,HardSigmoid:/features/features.10/block/block.2/scale_activation/HardSigmoid_kernel_time,onnxruntime,onnx_node,0.063133,0.00636,0.059,0.108,60,0.002165,99.926296,240,clean_v2_without_tensorrt,/Users/hobongs/Desktop/HoBong_study/26-1/탄중/temp/jetson_nano_edgeai/my_results/clean_v2(without_tensorRT)/layer_runtime/mobilenetv3_small_onnxrt_cuda.csv
mobilenetv3_small,onnxrt_cuda,269,HardSigmoid:/features/features.10/block/block.2/scale_activation/HardSigmoid_fence_after,onnxruntime,onnx_node,0.001,0.0,0.001,0.001,1,3.4e-05,99.998731,241,clean_v2_without_tensorrt,/Users/hobongs/Desktop/HoBong_study/26-1/탄중/temp/jetson_nano_edgeai/my_results/clean_v2(without_tensorRT)/layer_runtime/mobilenetv3_small_onnxrt_cuda.csv
mobilenetv3_small,onnxrt_cuda,270,Mul:/features/features.10/block/block.2/Mul_fence_before,onnxruntime,onnx_node,0.001,0.0,0.001,0.001,3,3.4e-05,99.998765,242,clean_v2_without_tensorrt,/Users/hobongs/Desktop/HoBong_study/26-1/탄중/temp/jetson_nano_edgeai/my_results/clean_v2(without_tensorRT)/layer_runtime/mobilenetv3_small_onnxrt_cuda.csv
mobilenetv3_small,onnxrt_cuda,96,Mul:/features/features.10/block/block.2/Mul_kernel_time,onnxruntime,onnx_node,0.063183,0.005287,0.059,0.094,60,0.002167,99.921965,243,clean_v2_without_tensorrt,/Users/hobongs/Desktop/HoBong_study/26-1/탄중/temp/jetson_nano_edgeai/my_results/clean_v2(without_tensorRT)/layer_runtime/mobilenetv3_small_onnxrt_cuda.csv
mobilenetv3_small,onnxrt_cuda,34,Conv:/features/features.10/block/block.3/block.3.0/Conv_kernel_time,onnxruntime,onnx_node,0.5815,3.284743,0.147,25.812,60,0.019943,99.404572,244,clean_v2_without_tensorrt,/Users/hobongs/Desktop/HoBong_study/26-1/탄중/temp/jetson_nano_edgeai/my_results/clean_v2(without_tensorRT)/layer_runtime/mobilenetv3_small_onnxrt_cuda.csv
mobilenetv3_small,onnxrt_cuda,271,Conv:/features/features.10/block/block.3/block.3.0/Conv_fence_after,onnxruntime,onnx_node,0.001,0.0,0.001,0.001,2,3.4e-05,99.9988,245,clean_v2_without_tensorrt,/Users/hobongs/Desktop/HoBong_study/26-1/탄중/temp/jetson_nano_edgeai/my_results/clean_v2(without_tensorRT)/layer_runtime/mobilenetv3_small_onnxrt_cuda.csv
mobilenetv3_small,onnxrt_cuda,272,Add:/features/features.10/Add_fence_before,onnxruntime,onnx_node,0.001,0.0,0.001,0.001,23,3.4e-05,99.998834,246,clean_v2_without_tensorrt,/Users/hobongs/Desktop/HoBong_study/26-1/탄중/temp/jetson_nano_edgeai/my_results/clean_v2(without_tensorRT)/layer_runtime/mobilenetv3_small_onnxrt_cuda.csv
mobilenetv3_small,onnxrt_cuda,86,Add:/features/features.10/Add_kernel_time,onnxruntime,onnx_node,0.0642,0.009695,0.059,0.132,60,0.002202,99.900125,247,clean_v2_without_tensorrt,/Users/hobongs/Desktop/HoBong_study/26-1/탄중/temp/jetson_nano_edgeai/my_results/clean_v2(without_tensorRT)/layer_runtime/mobilenetv3_small_onnxrt_cuda.csv
mobilenetv3_small,onnxrt_cuda,273,Conv:/features/features.11/block/block.0/block.0.0/Conv_fence_before,onnxruntime,onnx_node,0.001,0.0,0.001,0.001,1,3.4e-05,99.998868,248,clean_v2_without_tensorrt,/Users/hobongs/Desktop/HoBong_study/26-1/탄중/temp/jetson_nano_edgeai/my_results/clean_v2(without_tensorRT)/layer_runtime/mobilenetv3_small_onnxrt_cuda.csv
mobilenetv3_small,onnxrt_cuda,23,Conv:/features/features.11/block/block.0/block.0.0/Conv_kernel_time,onnxruntime,onnx_node,0.6041,3.476298,0.146,27.306,60,0.020719,99.181156,249,clean_v2_without_tensorrt,/Users/hobongs/Desktop/HoBong_study/26-1/탄중/temp/jetson_nano_edgeai/my_results/clean_v2(without_tensorRT)/layer_runtime/mobilenetv3_small_onnxrt_cuda.csv
mobilenetv3_small,onnxrt_cuda,274,Conv:/features/features.11/block/block.0/block.0.0/Conv_fence_after,onnxruntime,onnx_node,0.001,0.0,0.001,0.001,1,3.4e-05,99.998903,250,clean_v2_without_tensorrt,/Users/hobongs/Desktop/HoBong_study/26-1/탄중/temp/jetson_nano_edgeai/my_results/clean_v2(without_tensorRT)/layer_runtime/mobilenetv3_small_onnxrt_cuda.csv
mobilenetv3_small,onnxrt_cuda,275,HardSigmoid:/features/features.11/block/block.0/block.0.2/HardSigmoid_fence_before,onnxruntime,onnx_node,0.001,0.0,0.001,0.001,4,3.4e-05,99.998937,251,clean_v2_without_tensorrt,/Users/hobongs/Desktop/HoBong_study/26-1/탄중/temp/jetson_nano_edgeai/my_results/clean_v2(without_tensorRT)/layer_runtime/mobilenetv3_small_onnxrt_cuda.csv
mobilenetv3_small,onnxrt_cuda,111,HardSigmoid:/features/features.11/block/block.0/block.0.2/HardSigmoid_kernel_time,onnxruntime,onnx_node,0.0607,0.007488,0.056,0.11,60,0.002082,99.95398,252,clean_v2_without_tensorrt,/Users/hobongs/Desktop/HoBong_study/26-1/탄중/temp/jetson_nano_edgeai/my_results/clean_v2(without_tensorRT)/layer_runtime/mobilenetv3_small_onnxrt_cuda.csv
mobilenetv3_small,onnxrt_cuda,276,Mul:/features/features.11/block/block.0/block.0.2/Mul_fence_before,onnxruntime,onnx_node,0.001,0.0,0.001,0.001,1,3.4e-05,99.998971,253,clean_v2_without_tensorrt,/Users/hobongs/Desktop/HoBong_study/26-1/탄중/temp/jetson_nano_edgeai/my_results/clean_v2(without_tensorRT)/layer_runtime/mobilenetv3_small_onnxrt_cuda.csv
mobilenetv3_small,onnxrt_cuda,129,Mul:/features/features.11/block/block.0/block.0.2/Mul_kernel_time,onnxruntime,onnx_node,0.057667,0.005932,0.053,0.096,60,0.001978,99.990374,254,clean_v2_without_tensorrt,/Users/hobongs/Desktop/HoBong_study/26-1/탄중/temp/jetson_nano_edgeai/my_results/clean_v2(without_tensorRT)/layer_runtime/mobilenetv3_small_onnxrt_cuda.csv
mobilenetv3_small,onnxrt_cuda,7,Conv:/features/features.11/block/block.1/block.1.0/Conv_kernel_time,onnxruntime,onnx_node,5.967833,44.805968,0.13,350.129,60,0.204676,98.329518,255,clean_v2_without_tensorrt,/Users/hobongs/Desktop/HoBong_study/26-1/탄중/temp/jetson_nano_edgeai/my_results/clean_v2(without_tensorRT)/layer_runtime/mobilenetv3_small_onnxrt_cuda.csv
mobilenetv3_small,onnxrt_cuda,277,Conv:/features/features.11/block/block.1/block.1.0/Conv_fence_after,onnxruntime,onnx_node,0.001,0.0,0.001,0.001,1,3.4e-05,99.999005,256,clean_v2_without_tensorrt,/Users/hobongs/Desktop/HoBong_study/26-1/탄중/temp/jetson_nano_edgeai/my_results/clean_v2(without_tensorRT)/layer_runtime/mobilenetv3_small_onnxrt_cuda.csv
mobilenetv3_small,onnxrt_cuda,278,HardSigmoid:/features/features.11/block/block.1/block.1.2/HardSigmoid_fence_before,onnxruntime,onnx_node,0.001,0.0,0.001,0.001,6,3.4e-05,99.99904,257,clean_v2_without_tensorrt,/Users/hobongs/Desktop/HoBong_study/26-1/탄중/temp/jetson_nano_edgeai/my_results/clean_v2(without_tensorRT)/layer_runtime/mobilenetv3_small_onnxrt_cuda.csv
mobilenetv3_small,onnxrt_cuda,117,HardSigmoid:/features/features.11/block/block.1/block.1.2/HardSigmoid_kernel_time,onnxruntime,onnx_node,0.059467,0.010479,0.054,0.12,60,0.00204,99.966346,258,clean_v2_without_tensorrt,/Users/hobongs/Desktop/HoBong_study/26-1/탄중/temp/jetson_nano_edgeai/my_results/clean_v2(without_tensorRT)/layer_runtime/mobilenetv3_small_onnxrt_cuda.csv
mobilenetv3_small,onnxrt_cuda,279,Mul:/features/features.11/block/block.1/block.1.2/Mul_fence_before,onnxruntime,onnx_node,0.001,0.0,0.001,0.001,3,3.4e-05,99.999074,259,clean_v2_without_tensorrt,/Users/hobongs/Desktop/HoBong_study/26-1/탄중/temp/jetson_nano_edgeai/my_results/clean_v2(without_tensorRT)/layer_runtime/mobilenetv3_small_onnxrt_cuda.csv
mobilenetv3_small,onnxrt_cuda,128,Mul:/features/features.11/block/block.1/block.1.2/Mul_kernel_time,onnxruntime,onnx_node,0.0577,0.005734,0.053,0.095,60,0.001979,99.988396,260,clean_v2_without_tensorrt,/Users/hobongs/Desktop/HoBong_study/26-1/탄중/temp/jetson_nano_edgeai/my_results/clean_v2(without_tensorRT)/layer_runtime/mobilenetv3_small_onnxrt_cuda.csv
mobilenetv3_small,onnxrt_cuda,140,GlobalAveragePool:/features/features.11/block/block.2/avgpool/GlobalAveragePool_fence_before,onnxruntime,onnx_node,0.001313,0.00153,0.001,0.01,48,4.5e-05,99.994257,261,clean_v2_without_tensorrt,/Users/hobongs/Desktop/HoBong_study/26-1/탄중/temp/jetson_nano_edgeai/my_results/clean_v2(without_tensorRT)/layer_runtime/mobilenetv3_small_onnxrt_cuda.csv
mobilenetv3_small,onnxrt_cuda,67,GlobalAveragePool:/features/features.11/block/block.2/avgpool/GlobalAveragePool_kernel_time,onnxruntime,onnx_node,0.071483,0.008154,0.063,0.115,60,0.002452,99.856354,262,clean_v2_without_tensorrt,/Users/hobongs/Desktop/HoBong_study/26-1/탄중/temp/jetson_nano_edgeai/my_results/clean_v2(without_tensorRT)/layer_runtime/mobilenetv3_small_onnxrt_cuda.csv
mobilenetv3_small,onnxrt_cuda,280,GlobalAveragePool:/features/features.11/block/block.2/avgpool/GlobalAveragePool_fence_after,onnxruntime,onnx_node,0.001,0.0,0.001,0.001,2,3.4e-05,99.999108,263,clean_v2_without_tensorrt,/Users/hobongs/Desktop/HoBong_study/26-1/탄중/temp/jetson_nano_edgeai/my_results/clean_v2(without_tensorRT)/layer_runtime/mobilenetv3_small_onnxrt_cuda.csv
mobilenetv3_small,onnxrt_cuda,281,FusedConv:/features/features.11/block/block.2/fc1/Conv_/features/features.11/block/block.2/activation/Relu_fence_before,onnxruntime,onnx_node,0.001,0.0,0.001,0.001,15,3.4e-05,99.999143,264,clean_v2_without_tensorrt,/Users/hobongs/Desktop/HoBong_study/26-1/탄중/temp/jetson_nano_edgeai/my_results/clean_v2(without_tensorRT)/layer_runtime/mobilenetv3_small_onnxrt_cuda.csv
mobilenetv3_small,onnxrt_cuda,33,FusedConv:/features/features.11/block/block.2/fc1/Conv_/features/features.11/block/block.2/activation/Relu_kernel_time,onnxruntime,onnx_node,0.583317,3.255228,0.136,25.587,60,0.020006,99.384628,265,clean_v2_without_tensorrt,/Users/hobongs/Desktop/HoBong_study/26-1/탄중/temp/jetson_nano_edgeai/my_results/clean_v2(without_tensorRT)/layer_runtime/mobilenetv3_small_onnxrt_cuda.csv
mobilenetv3_small,onnxrt_cuda,282,FusedConv:/features/features.11/block/block.2/fc1/Conv_/features/features.11/block/block.2/activation/Relu_fence_after,onnxruntime,onnx_node,0.001,0.0,0.001,0.001,1,3.4e-05,99.999177,266,clean_v2_without_tensorrt,/Users/hobongs/Desktop/HoBong_study/26-1/탄중/temp/jetson_nano_edgeai/my_results/clean_v2(without_tensorRT)/layer_runtime/mobilenetv3_small_onnxrt_cuda.csv
mobilenetv3_small,onnxrt_cuda,283,Conv:/features/features.11/block/block.2/fc2/Conv_fence_before,onnxruntime,onnx_node,0.001,0.0,0.001,0.001,2,3.4e-05,99.999211,267,clean_v2_without_tensorrt,/Users/hobongs/Desktop/HoBong_study/26-1/탄중/temp/jetson_nano_edgeai/my_results/clean_v2(without_tensorRT)/layer_runtime/mobilenetv3_small_onnxrt_cuda.csv
mobilenetv3_small,onnxrt_cuda,28,Conv:/features/features.11/block/block.2/fc2/Conv_kernel_time,onnxruntime,onnx_node,0.594233,3.380984,0.146,26.564,60,0.02038,99.284037,268,clean_v2_without_tensorrt,/Users/hobongs/Desktop/HoBong_study/26-1/탄중/temp/jetson_nano_edgeai/my_results/clean_v2(without_tensorRT)/layer_runtime/mobilenetv3_small_onnxrt_cuda.csv
mobilenetv3_small,onnxrt_cuda,284,HardSigmoid:/features/features.11/block/block.2/scale_activation/HardSigmoid_fence_before,onnxruntime,onnx_node,0.001,0.0,0.001,0.001,21,3.4e-05,99.999245,269,clean_v2_without_tensorrt,/Users/hobongs/Desktop/HoBong_study/26-1/탄중/temp/jetson_nano_edgeai/my_results/clean_v2(without_tensorRT)/layer_runtime/mobilenetv3_small_onnxrt_cuda.csv
mobilenetv3_small,onnxrt_cuda,91,HardSigmoid:/features/features.11/block/block.2/scale_activation/HardSigmoid_kernel_time,onnxruntime,onnx_node,0.063717,0.007186,0.06,0.112,60,0.002185,99.911098,270,clean_v2_without_tensorrt,/Users/hobongs/Desktop/HoBong_study/26-1/탄중/temp/jetson_nano_edgeai/my_results/clean_v2(without_tensorRT)/layer_runtime/mobilenetv3_small_onnxrt_cuda.csv
mobilenetv3_small,onnxrt_cuda,285,Mul:/features/features.11/block/block.2/Mul_fence_before,onnxruntime,onnx_node,0.001,0.0,0.001,0.001,2,3.4e-05,99.99928,271,clean_v2_without_tensorrt,/Users/hobongs/Desktop/HoBong_study/26-1/탄중/temp/jetson_nano_edgeai/my_results/clean_v2(without_tensorRT)/layer_runtime/mobilenetv3_small_onnxrt_cuda.csv
mobilenetv3_small,onnxrt_cuda,89,Mul:/features/features.11/block/block.2/Mul_kernel_time,onnxruntime,onnx_node,0.064017,0.005884,0.059,0.093,60,0.002196,99.90672,272,clean_v2_without_tensorrt,/Users/hobongs/Desktop/HoBong_study/26-1/탄중/temp/jetson_nano_edgeai/my_results/clean_v2(without_tensorRT)/layer_runtime/mobilenetv3_small_onnxrt_cuda.csv
mobilenetv3_small,onnxrt_cuda,17,Conv:/features/features.11/block/block.3/block.3.0/Conv_kernel_time,onnxruntime,onnx_node,0.638783,3.294079,0.201,25.941,60,0.021908,99.05533,273,clean_v2_without_tensorrt,/Users/hobongs/Desktop/HoBong_study/26-1/탄중/temp/jetson_nano_edgeai/my_results/clean_v2(without_tensorRT)/layer_runtime/mobilenetv3_small_onnxrt_cuda.csv
mobilenetv3_small,onnxrt_cuda,286,Conv:/features/features.11/block/block.3/block.3.0/Conv_fence_after,onnxruntime,onnx_node,0.001,0.0,0.001,0.001,1,3.4e-05,99.999314,274,clean_v2_without_tensorrt,/Users/hobongs/Desktop/HoBong_study/26-1/탄중/temp/jetson_nano_edgeai/my_results/clean_v2(without_tensorRT)/layer_runtime/mobilenetv3_small_onnxrt_cuda.csv
mobilenetv3_small,onnxrt_cuda,287,Add:/features/features.11/Add_fence_before,onnxruntime,onnx_node,0.001,0.0,0.001,0.001,12,3.4e-05,99.999348,275,clean_v2_without_tensorrt,/Users/hobongs/Desktop/HoBong_study/26-1/탄중/temp/jetson_nano_edgeai/my_results/clean_v2(without_tensorRT)/layer_runtime/mobilenetv3_small_onnxrt_cuda.csv
mobilenetv3_small,onnxrt_cuda,78,Add:/features/features.11/Add_kernel_time,onnxruntime,onnx_node,0.0665,0.007044,0.062,0.119,60,0.002281,99.882261,276,clean_v2_without_tensorrt,/Users/hobongs/Desktop/HoBong_study/26-1/탄중/temp/jetson_nano_edgeai/my_results/clean_v2(without_tensorRT)/layer_runtime/mobilenetv3_small_onnxrt_cuda.csv
mobilenetv3_small,onnxrt_cuda,288,Conv:/features/features.12/features.12.0/Conv_fence_before,onnxruntime,onnx_node,0.001,0.0,0.001,0.001,2,3.4e-05,99.999383,277,clean_v2_without_tensorrt,/Users/hobongs/Desktop/HoBong_study/26-1/탄중/temp/jetson_nano_edgeai/my_results/clean_v2(without_tensorRT)/layer_runtime/mobilenetv3_small_onnxrt_cuda.csv
mobilenetv3_small,onnxrt_cuda,24,Conv:/features/features.12/features.12.0/Conv_kernel_time,onnxruntime,onnx_node,0.60365,3.448624,0.149,27.093,60,0.020703,99.201859,278,clean_v2_without_tensorrt,/Users/hobongs/Desktop/HoBong_study/26-1/탄중/temp/jetson_nano_edgeai/my_results/clean_v2(without_tensorRT)/layer_runtime/mobilenetv3_small_onnxrt_cuda.csv
mobilenetv3_small,onnxrt_cuda,289,Conv:/features/features.12/features.12.0/Conv_fence_after,onnxruntime,onnx_node,0.001,0.0,0.001,0.001,1,3.4e-05,99.999417,279,clean_v2_without_tensorrt,/Users/hobongs/Desktop/HoBong_study/26-1/탄중/temp/jetson_nano_edgeai/my_results/clean_v2(without_tensorRT)/layer_runtime/mobilenetv3_small_onnxrt_cuda.csv
mobilenetv3_small,onnxrt_cuda,290,HardSigmoid:/features/features.12/features.12.2/HardSigmoid_fence_before,onnxruntime,onnx_node,0.001,0.0,0.001,0.001,1,3.4e-05,99.999451,280,clean_v2_without_tensorrt,/Users/hobongs/Desktop/HoBong_study/26-1/탄중/temp/jetson_nano_edgeai/my_results/clean_v2(without_tensorRT)/layer_runtime/mobilenetv3_small_onnxrt_cuda.csv
mobilenetv3_small,onnxrt_cuda,113,HardSigmoid:/features/features.12/features.12.2/HardSigmoid_kernel_time,onnxruntime,onnx_node,0.060467,0.008393,0.056,0.109,60,0.002074,99.95813,281,clean_v2_without_tensorrt,/Users/hobongs/Desktop/HoBong_study/26-1/탄중/temp/jetson_nano_edgeai/my_results/clean_v2(without_tensorRT)/layer_runtime/mobilenetv3_small_onnxrt_cuda.csv
mobilenetv3_small,onnxrt_cuda,291,Mul:/features/features.12/features.12.2/Mul_fence_before,onnxruntime,onnx_node,0.001,0.0,0.001,0.001,2,3.4e-05,99.999486,282,clean_v2_without_tensorrt,/Users/hobongs/Desktop/HoBong_study/26-1/탄중/temp/jetson_nano_edgeai/my_results/clean_v2(without_tensorRT)/layer_runtime/mobilenetv3_small_onnxrt_cuda.csv
mobilenetv3_small,onnxrt_cuda,125,Mul:/features/features.12/features.12.2/Mul_kernel_time,onnxruntime,onnx_node,0.058317,0.007049,0.053,0.101,60,0.002,99.982438,283,clean_v2_without_tensorrt,/Users/hobongs/Desktop/HoBong_study/26-1/탄중/temp/jetson_nano_edgeai/my_results/clean_v2(without_tensorRT)/layer_runtime/mobilenetv3_small_onnxrt_cuda.csv
mobilenetv3_small,onnxrt_cuda,292,Mul:/features/features.12/features.12.2/Mul_fence_after,onnxruntime,onnx_node,0.001,0.0,0.001,0.001,2,3.4e-05,99.99952,284,clean_v2_without_tensorrt,/Users/hobongs/Desktop/HoBong_study/26-1/탄중/temp/jetson_nano_edgeai/my_results/clean_v2(without_tensorRT)/layer_runtime/mobilenetv3_small_onnxrt_cuda.csv
mobilenetv3_small,onnxrt_cuda,293,GlobalAveragePool:/avgpool/GlobalAveragePool_fence_before,onnxruntime,onnx_node,0.001,0.0,0.001,0.001,3,3.4e-05,99.999554,285,clean_v2_without_tensorrt,/Users/hobongs/Desktop/HoBong_study/26-1/탄중/temp/jetson_nano_edgeai/my_results/clean_v2(without_tensorRT)/layer_runtime/mobilenetv3_small_onnxrt_cuda.csv
mobilenetv3_small,onnxrt_cuda,68,GlobalAveragePool:/avgpool/GlobalAveragePool_kernel_time,onnxruntime,onnx_node,0.070817,0.009292,0.066,0.134,60,0.002429,99.858782,286,clean_v2_without_tensorrt,/Users/hobongs/Desktop/HoBong_study/26-1/탄중/temp/jetson_nano_edgeai/my_results/clean_v2(without_tensorRT)/layer_runtime/mobilenetv3_small_onnxrt_cuda.csv
mobilenetv3_small,onnxrt_cuda,294,Flatten:/Flatten_fence_before,onnxruntime,onnx_node,0.001,0.0,0.001,0.001,11,3.4e-05,99.999588,287,clean_v2_without_tensorrt,/Users/hobongs/Desktop/HoBong_study/26-1/탄중/temp/jetson_nano_edgeai/my_results/clean_v2(without_tensorRT)/layer_runtime/mobilenetv3_small_onnxrt_cuda.csv
mobilenetv3_small,onnxrt_cuda,131,Flatten:/Flatten_kernel_time,onnxruntime,onnx_node,0.021033,0.004107,0.019,0.044,60,0.000721,99.993073,288,clean_v2_without_tensorrt,/Users/hobongs/Desktop/HoBong_study/26-1/탄중/temp/jetson_nano_edgeai/my_results/clean_v2(without_tensorRT)/layer_runtime/mobilenetv3_small_onnxrt_cuda.csv
mobilenetv3_small,onnxrt_cuda,295,Gemm:/classifier/classifier.0/Gemm_fence_before,onnxruntime,onnx_node,0.001,0.0,0.001,0.001,17,3.4e-05,99.999623,289,clean_v2_without_tensorrt,/Users/hobongs/Desktop/HoBong_study/26-1/탄중/temp/jetson_nano_edgeai/my_results/clean_v2(without_tensorRT)/layer_runtime/mobilenetv3_small_onnxrt_cuda.csv
mobilenetv3_small,onnxrt_cuda,57,Gemm:/classifier/classifier.0/Gemm_kernel_time,onnxruntime,onnx_node,0.11895,0.036544,0.109,0.399,60,0.00408,99.828579,290,clean_v2_without_tensorrt,/Users/hobongs/Desktop/HoBong_study/26-1/탄중/temp/jetson_nano_edgeai/my_results/clean_v2(without_tensorRT)/layer_runtime/mobilenetv3_small_onnxrt_cuda.csv
mobilenetv3_small,onnxrt_cuda,296,HardSigmoid:/classifier/classifier.1/HardSigmoid_fence_before,onnxruntime,onnx_node,0.001,0.0,0.001,0.001,8,3.4e-05,99.999657,291,clean_v2_without_tensorrt,/Users/hobongs/Desktop/HoBong_study/26-1/탄중/temp/jetson_nano_edgeai/my_results/clean_v2(without_tensorRT)/layer_runtime/mobilenetv3_small_onnxrt_cuda.csv
mobilenetv3_small,onnxrt_cuda,94,HardSigmoid:/classifier/classifier.1/HardSigmoid_kernel_time,onnxruntime,onnx_node,0.063333,0.006742,0.059,0.114,60,0.002172,99.91763,292,clean_v2_without_tensorrt,/Users/hobongs/Desktop/HoBong_study/26-1/탄중/temp/jetson_nano_edgeai/my_results/clean_v2(without_tensorRT)/layer_runtime/mobilenetv3_small_onnxrt_cuda.csv
mobilenetv3_small,onnxrt_cuda,107,Mul:/classifier/classifier.1/Mul_kernel_time,onnxruntime,onnx_node,0.061883,0.005707,0.057,0.098,60,0.002122,99.945598,293,clean_v2_without_tensorrt,/Users/hobongs/Desktop/HoBong_study/26-1/탄중/temp/jetson_nano_edgeai/my_results/clean_v2(without_tensorRT)/layer_runtime/mobilenetv3_small_onnxrt_cuda.csv
mobilenetv3_small,onnxrt_cuda,59,Gemm:/classifier/classifier.3/Gemm_kernel_time,onnxruntime,onnx_node,0.104483,0.006913,0.097,0.144,60,0.003583,99.836163,294,clean_v2_without_tensorrt,/Users/hobongs/Desktop/HoBong_study/26-1/탄중/temp/jetson_nano_edgeai/my_results/clean_v2(without_tensorRT)/layer_runtime/mobilenetv3_small_onnxrt_cuda.csv
mobilenetv3_small,onnxrt_cuda,4,SequentialExecutor::Execute,onnxruntime,onnx_node,120.472583,798.925747,15.635,6257.124,60,4.131791,95.968379,295,clean_v2_without_tensorrt,/Users/hobongs/Desktop/HoBong_study/26-1/탄중/temp/jetson_nano_edgeai/my_results/clean_v2(without_tensorRT)/layer_runtime/mobilenetv3_small_onnxrt_cuda.csv
mobilenetv3_small,onnxrt_cuda,3,model_run,onnxruntime,onnx_node,121.225967,798.982353,16.403,6258.312,60,4.157629,91.836588,296,clean_v2_without_tensorrt,/Users/hobongs/Desktop/HoBong_study/26-1/탄중/temp/jetson_nano_edgeai/my_results/clean_v2(without_tensorRT)/layer_runtime/mobilenetv3_small_onnxrt_cuda.csv
mobilenetv3_small,onnxrt_cuda,297,FusedConv:/features/features.1/block/block.0/block.0.0/Conv_/features/features.1/block/block.0/block.0.2/Relu_fence_after,onnxruntime,onnx_node,0.001,0.0,0.001,0.001,12,3.4e-05,99.999691,297,clean_v2_without_tensorrt,/Users/hobongs/Desktop/HoBong_study/26-1/탄중/temp/jetson_nano_edgeai/my_results/clean_v2(without_tensorRT)/layer_runtime/mobilenetv3_small_onnxrt_cuda.csv
mobilenetv3_small,onnxrt_cuda,298,Conv:/features/features.4/block/block.0/block.0.0/Conv_fence_before,onnxruntime,onnx_node,0.001,0.0,0.001,0.001,3,3.4e-05,99.999726,298,clean_v2_without_tensorrt,/Users/hobongs/Desktop/HoBong_study/26-1/탄중/temp/jetson_nano_edgeai/my_results/clean_v2(without_tensorRT)/layer_runtime/mobilenetv3_small_onnxrt_cuda.csv
mobilenetv3_small,onnxrt_cuda,299,Mul:/features/features.9/block/block.1/block.1.2/Mul_fence_after,onnxruntime,onnx_node,0.001,0.0,0.001,0.001,1,3.4e-05,99.99976,299,clean_v2_without_tensorrt,/Users/hobongs/Desktop/HoBong_study/26-1/탄중/temp/jetson_nano_edgeai/my_results/clean_v2(without_tensorRT)/layer_runtime/mobilenetv3_small_onnxrt_cuda.csv
mobilenetv3_small,onnxrt_cuda,300,Mul:/classifier/classifier.1/Mul_fence_before,onnxruntime,onnx_node,0.001,0.0,0.001,0.001,3,3.4e-05,99.999794,300,clean_v2_without_tensorrt,/Users/hobongs/Desktop/HoBong_study/26-1/탄중/temp/jetson_nano_edgeai/my_results/clean_v2(without_tensorRT)/layer_runtime/mobilenetv3_small_onnxrt_cuda.csv
mobilenetv3_small,onnxrt_cuda,301,Mul:/features/features.0/features.0.2/Mul_fence_after,onnxruntime,onnx_node,0.001,0.0,0.001,0.001,2,3.4e-05,99.999829,301,clean_v2_without_tensorrt,/Users/hobongs/Desktop/HoBong_study/26-1/탄중/temp/jetson_nano_edgeai/my_results/clean_v2(without_tensorRT)/layer_runtime/mobilenetv3_small_onnxrt_cuda.csv
mobilenetv3_small,onnxrt_cuda,302,HardSigmoid:/features/features.0/features.0.2/HardSigmoid_fence_after,onnxruntime,onnx_node,0.001,0.0,0.001,0.001,1,3.4e-05,99.999863,302,clean_v2_without_tensorrt,/Users/hobongs/Desktop/HoBong_study/26-1/탄중/temp/jetson_nano_edgeai/my_results/clean_v2(without_tensorRT)/layer_runtime/mobilenetv3_small_onnxrt_cuda.csv
mobilenetv3_small,onnxrt_cuda,303,HardSigmoid:/features/features.5/block/block.0/block.0.2/HardSigmoid_fence_after,onnxruntime,onnx_node,0.001,0.0,0.001,0.001,1,3.4e-05,99.999897,303,clean_v2_without_tensorrt,/Users/hobongs/Desktop/HoBong_study/26-1/탄중/temp/jetson_nano_edgeai/my_results/clean_v2(without_tensorRT)/layer_runtime/mobilenetv3_small_onnxrt_cuda.csv
mobilenetv3_small,onnxrt_cuda,304,GlobalAveragePool:/features/features.9/block/block.2/avgpool/GlobalAveragePool_fence_after,onnxruntime,onnx_node,0.001,0.0,0.001,0.001,1,3.4e-05,99.999931,304,clean_v2_without_tensorrt,/Users/hobongs/Desktop/HoBong_study/26-1/탄중/temp/jetson_nano_edgeai/my_results/clean_v2(without_tensorRT)/layer_runtime/mobilenetv3_small_onnxrt_cuda.csv
mobilenetv3_small,onnxrt_cuda,305,Conv:/features/features.10/block/block.3/block.3.0/Conv_fence_before,onnxruntime,onnx_node,0.001,0.0,0.001,0.001,1,3.4e-05,99.999966,305,clean_v2_without_tensorrt,/Users/hobongs/Desktop/HoBong_study/26-1/탄중/temp/jetson_nano_edgeai/my_results/clean_v2(without_tensorRT)/layer_runtime/mobilenetv3_small_onnxrt_cuda.csv
mobilenetv3_small,onnxrt_cuda,306,Gemm:/classifier/classifier.3/Gemm_fence_before,onnxruntime,onnx_node,0.001,0.0,0.001,0.001,1,3.4e-05,100.0,306,clean_v2_without_tensorrt,/Users/hobongs/Desktop/HoBong_study/26-1/탄중/temp/jetson_nano_edgeai/my_results/clean_v2(without_tensorRT)/layer_runtime/mobilenetv3_small_onnxrt_cuda.csv
