model,runtime,rank,layer_name,backend,granularity,mean_ms,std_ms,min_ms,max_ms,samples,percent_total_ms,cumulative_percent_ms,sequence,dashboard_source,source_file
shufflenet_v2_x1_0,onnxrt_cuda,2,model_loading_uri,onnxruntime,onnx_node,171.103,0.0,171.103,171.103,1,5.272893,88.413677,1,clean_v2_without_tensorrt,/Users/hobongs/Desktop/HoBong_study/26-1/탄중/temp/jetson_nano_edgeai/my_results/clean_v2(without_tensorRT)/layer_runtime/shufflenet_v2_x1_0_onnxrt_cuda.csv
shufflenet_v2_x1_0,onnxrt_cuda,1,session_initialization,onnxruntime,onnx_node,2697.881,0.0,2697.881,2697.881,1,83.140785,83.140785,2,clean_v2_without_tensorrt,/Users/hobongs/Desktop/HoBong_study/26-1/탄중/temp/jetson_nano_edgeai/my_results/clean_v2(without_tensorRT)/layer_runtime/shufflenet_v2_x1_0_onnxrt_cuda.csv
shufflenet_v2_x1_0,onnxrt_cuda,433,FusedConv:/conv1/conv1.0/Conv_/conv1/conv1.2/Relu_fence_before,onnxruntime,onnx_node,0.001367,0.000482,0.001,0.002,60,4.2e-05,99.989825,3,clean_v2_without_tensorrt,/Users/hobongs/Desktop/HoBong_study/26-1/탄중/temp/jetson_nano_edgeai/my_results/clean_v2(without_tensorRT)/layer_runtime/shufflenet_v2_x1_0_onnxrt_cuda.csv
shufflenet_v2_x1_0,onnxrt_cuda,5,FusedConv:/conv1/conv1.0/Conv_/conv1/conv1.2/Relu_kernel_time,onnxruntime,onnx_node,44.844417,340.958717,0.384,2663.798,60,1.381973,97.715396,4,clean_v2_without_tensorrt,/Users/hobongs/Desktop/HoBong_study/26-1/탄중/temp/jetson_nano_edgeai/my_results/clean_v2(without_tensorRT)/layer_runtime/shufflenet_v2_x1_0_onnxrt_cuda.csv
shufflenet_v2_x1_0,onnxrt_cuda,442,FusedConv:/conv1/conv1.0/Conv_/conv1/conv1.2/Relu_fence_after,onnxruntime,onnx_node,0.001,0.0,0.001,0.001,22,3.1e-05,99.990139,5,clean_v2_without_tensorrt,/Users/hobongs/Desktop/HoBong_study/26-1/탄중/temp/jetson_nano_edgeai/my_results/clean_v2(without_tensorRT)/layer_runtime/shufflenet_v2_x1_0_onnxrt_cuda.csv
shufflenet_v2_x1_0,onnxrt_cuda,441,MaxPool:/maxpool/MaxPool_fence_before,onnxruntime,onnx_node,0.001034,0.000182,0.001,0.002,58,3.2e-05,99.990108,6,clean_v2_without_tensorrt,/Users/hobongs/Desktop/HoBong_study/26-1/탄중/temp/jetson_nano_edgeai/my_results/clean_v2(without_tensorRT)/layer_runtime/shufflenet_v2_x1_0_onnxrt_cuda.csv
shufflenet_v2_x1_0,onnxrt_cuda,77,MaxPool:/maxpool/MaxPool_kernel_time,onnxruntime,onnx_node,0.183717,0.510573,0.109,4.105,60,0.005662,99.68107,7,clean_v2_without_tensorrt,/Users/hobongs/Desktop/HoBong_study/26-1/탄중/temp/jetson_nano_edgeai/my_results/clean_v2(without_tensorRT)/layer_runtime/shufflenet_v2_x1_0_onnxrt_cuda.csv
shufflenet_v2_x1_0,onnxrt_cuda,443,MaxPool:/maxpool/MaxPool_fence_after,onnxruntime,onnx_node,0.001,0.0,0.001,0.001,2,3.1e-05,99.990169,8,clean_v2_without_tensorrt,/Users/hobongs/Desktop/HoBong_study/26-1/탄중/temp/jetson_nano_edgeai/my_results/clean_v2(without_tensorRT)/layer_runtime/shufflenet_v2_x1_0_onnxrt_cuda.csv
shufflenet_v2_x1_0,onnxrt_cuda,444,Conv:/stage2/stage2.0/branch1/branch1.0/Conv_fence_before,onnxruntime,onnx_node,0.001,0.0,0.001,0.001,29,3.1e-05,99.9902,9,clean_v2_without_tensorrt,/Users/hobongs/Desktop/HoBong_study/26-1/탄중/temp/jetson_nano_edgeai/my_results/clean_v2(without_tensorRT)/layer_runtime/shufflenet_v2_x1_0_onnxrt_cuda.csv
shufflenet_v2_x1_0,onnxrt_cuda,24,Conv:/stage2/stage2.0/branch1/branch1.0/Conv_kernel_time,onnxruntime,onnx_node,1.031983,6.500887,0.171,50.966,60,0.031803,98.875113,10,clean_v2_without_tensorrt,/Users/hobongs/Desktop/HoBong_study/26-1/탄중/temp/jetson_nano_edgeai/my_results/clean_v2(without_tensorRT)/layer_runtime/shufflenet_v2_x1_0_onnxrt_cuda.csv
shufflenet_v2_x1_0,onnxrt_cuda,445,Conv:/stage2/stage2.0/branch1/branch1.0/Conv_fence_after,onnxruntime,onnx_node,0.001,0.0,0.001,0.001,2,3.1e-05,99.990231,11,clean_v2_without_tensorrt,/Users/hobongs/Desktop/HoBong_study/26-1/탄중/temp/jetson_nano_edgeai/my_results/clean_v2(without_tensorRT)/layer_runtime/shufflenet_v2_x1_0_onnxrt_cuda.csv
shufflenet_v2_x1_0,onnxrt_cuda,446,FusedConv:/stage2/stage2.0/branch1/branch1.2/Conv_/stage2/stage2.0/branch1/branch1.4/Relu_fence_before,onnxruntime,onnx_node,0.001,0.0,0.001,0.001,46,3.1e-05,99.990262,12,clean_v2_without_tensorrt,/Users/hobongs/Desktop/HoBong_study/26-1/탄중/temp/jetson_nano_edgeai/my_results/clean_v2(without_tensorRT)/layer_runtime/shufflenet_v2_x1_0_onnxrt_cuda.csv
shufflenet_v2_x1_0,onnxrt_cuda,40,FusedConv:/stage2/stage2.0/branch1/branch1.2/Conv_/stage2/stage2.0/branch1/branch1.4/Relu_kernel_time,onnxruntime,onnx_node,0.61505,3.261952,0.175,25.67,60,0.018954,99.188024,13,clean_v2_without_tensorrt,/Users/hobongs/Desktop/HoBong_study/26-1/탄중/temp/jetson_nano_edgeai/my_results/clean_v2(without_tensorRT)/layer_runtime/shufflenet_v2_x1_0_onnxrt_cuda.csv
shufflenet_v2_x1_0,onnxrt_cuda,434,FusedConv:/stage2/stage2.0/branch1/branch1.2/Conv_/stage2/stage2.0/branch1/branch1.4/Relu_fence_after,onnxruntime,onnx_node,0.001333,0.000471,0.001,0.002,3,4.1e-05,99.989866,14,clean_v2_without_tensorrt,/Users/hobongs/Desktop/HoBong_study/26-1/탄중/temp/jetson_nano_edgeai/my_results/clean_v2(without_tensorRT)/layer_runtime/shufflenet_v2_x1_0_onnxrt_cuda.csv
shufflenet_v2_x1_0,onnxrt_cuda,447,FusedConv:/stage2/stage2.0/branch2/branch2.0/Conv_/stage2/stage2.0/branch2/branch2.2/Relu_fence_before,onnxruntime,onnx_node,0.001,0.0,0.001,0.001,5,3.1e-05,99.990293,15,clean_v2_without_tensorrt,/Users/hobongs/Desktop/HoBong_study/26-1/탄중/temp/jetson_nano_edgeai/my_results/clean_v2(without_tensorRT)/layer_runtime/shufflenet_v2_x1_0_onnxrt_cuda.csv
shufflenet_v2_x1_0,onnxrt_cuda,60,FusedConv:/stage2/stage2.0/branch2/branch2.0/Conv_/stage2/stage2.0/branch2/branch2.2/Relu_kernel_time,onnxruntime,onnx_node,0.553617,3.012849,0.145,23.695,60,0.017061,99.555966,16,clean_v2_without_tensorrt,/Users/hobongs/Desktop/HoBong_study/26-1/탄중/temp/jetson_nano_edgeai/my_results/clean_v2(without_tensorRT)/layer_runtime/shufflenet_v2_x1_0_onnxrt_cuda.csv
shufflenet_v2_x1_0,onnxrt_cuda,448,FusedConv:/stage2/stage2.0/branch2/branch2.0/Conv_/stage2/stage2.0/branch2/branch2.2/Relu_fence_after,onnxruntime,onnx_node,0.001,0.0,0.001,0.001,1,3.1e-05,99.990323,17,clean_v2_without_tensorrt,/Users/hobongs/Desktop/HoBong_study/26-1/탄중/temp/jetson_nano_edgeai/my_results/clean_v2(without_tensorRT)/layer_runtime/shufflenet_v2_x1_0_onnxrt_cuda.csv
shufflenet_v2_x1_0,onnxrt_cuda,449,Conv:/stage2/stage2.0/branch2/branch2.3/Conv_fence_before,onnxruntime,onnx_node,0.001,0.0,0.001,0.001,23,3.1e-05,99.990354,18,clean_v2_without_tensorrt,/Users/hobongs/Desktop/HoBong_study/26-1/탄중/temp/jetson_nano_edgeai/my_results/clean_v2(without_tensorRT)/layer_runtime/shufflenet_v2_x1_0_onnxrt_cuda.csv
shufflenet_v2_x1_0,onnxrt_cuda,20,Conv:/stage2/stage2.0/branch2/branch2.3/Conv_kernel_time,onnxruntime,onnx_node,1.658033,11.571618,0.137,90.541,60,0.051096,98.723966,19,clean_v2_without_tensorrt,/Users/hobongs/Desktop/HoBong_study/26-1/탄중/temp/jetson_nano_edgeai/my_results/clean_v2(without_tensorRT)/layer_runtime/shufflenet_v2_x1_0_onnxrt_cuda.csv
shufflenet_v2_x1_0,onnxrt_cuda,450,Conv:/stage2/stage2.0/branch2/branch2.3/Conv_fence_after,onnxruntime,onnx_node,0.001,0.0,0.001,0.001,4,3.1e-05,99.990385,20,clean_v2_without_tensorrt,/Users/hobongs/Desktop/HoBong_study/26-1/탄중/temp/jetson_nano_edgeai/my_results/clean_v2(without_tensorRT)/layer_runtime/shufflenet_v2_x1_0_onnxrt_cuda.csv
shufflenet_v2_x1_0,onnxrt_cuda,451,FusedConv:/stage2/stage2.0/branch2/branch2.5/Conv_/stage2/stage2.0/branch2/branch2.7/Relu_fence_before,onnxruntime,onnx_node,0.001,0.0,0.001,0.001,35,3.1e-05,99.990416,21,clean_v2_without_tensorrt,/Users/hobongs/Desktop/HoBong_study/26-1/탄중/temp/jetson_nano_edgeai/my_results/clean_v2(without_tensorRT)/layer_runtime/shufflenet_v2_x1_0_onnxrt_cuda.csv
shufflenet_v2_x1_0,onnxrt_cuda,38,FusedConv:/stage2/stage2.0/branch2/branch2.5/Conv_/stage2/stage2.0/branch2/branch2.7/Relu_kernel_time,onnxruntime,onnx_node,0.620133,3.597565,0.137,28.253,60,0.019111,99.150102,22,clean_v2_without_tensorrt,/Users/hobongs/Desktop/HoBong_study/26-1/탄중/temp/jetson_nano_edgeai/my_results/clean_v2(without_tensorRT)/layer_runtime/shufflenet_v2_x1_0_onnxrt_cuda.csv
shufflenet_v2_x1_0,onnxrt_cuda,452,FusedConv:/stage2/stage2.0/branch2/branch2.5/Conv_/stage2/stage2.0/branch2/branch2.7/Relu_fence_after,onnxruntime,onnx_node,0.001,0.0,0.001,0.001,2,3.1e-05,99.990447,23,clean_v2_without_tensorrt,/Users/hobongs/Desktop/HoBong_study/26-1/탄중/temp/jetson_nano_edgeai/my_results/clean_v2(without_tensorRT)/layer_runtime/shufflenet_v2_x1_0_onnxrt_cuda.csv
shufflenet_v2_x1_0,onnxrt_cuda,438,Concat:/stage2/stage2.0/Concat_fence_before,onnxruntime,onnx_node,0.00107,0.000255,0.001,0.002,57,3.3e-05,99.99001,24,clean_v2_without_tensorrt,/Users/hobongs/Desktop/HoBong_study/26-1/탄중/temp/jetson_nano_edgeai/my_results/clean_v2(without_tensorRT)/layer_runtime/shufflenet_v2_x1_0_onnxrt_cuda.csv
shufflenet_v2_x1_0,onnxrt_cuda,61,Concat:/stage2/stage2.0/Concat_kernel_time,onnxruntime,onnx_node,0.299633,0.150718,0.257,1.443,60,0.009234,99.5652,25,clean_v2_without_tensorrt,/Users/hobongs/Desktop/HoBong_study/26-1/탄중/temp/jetson_nano_edgeai/my_results/clean_v2(without_tensorRT)/layer_runtime/shufflenet_v2_x1_0_onnxrt_cuda.csv
shufflenet_v2_x1_0,onnxrt_cuda,453,Concat:/stage2/stage2.0/Concat_fence_after,onnxruntime,onnx_node,0.001,0.0,0.001,0.001,7,3.1e-05,99.990478,26,clean_v2_without_tensorrt,/Users/hobongs/Desktop/HoBong_study/26-1/탄중/temp/jetson_nano_edgeai/my_results/clean_v2(without_tensorRT)/layer_runtime/shufflenet_v2_x1_0_onnxrt_cuda.csv
shufflenet_v2_x1_0,onnxrt_cuda,454,Shape:/stage2/stage2.0/Shape_1_fence_before,onnxruntime,onnx_node,0.001,0.0,0.001,0.001,28,3.1e-05,99.990508,27,clean_v2_without_tensorrt,/Users/hobongs/Desktop/HoBong_study/26-1/탄중/temp/jetson_nano_edgeai/my_results/clean_v2(without_tensorRT)/layer_runtime/shufflenet_v2_x1_0_onnxrt_cuda.csv
shufflenet_v2_x1_0,onnxrt_cuda,148,Shape:/stage2/stage2.0/Shape_1_kernel_time,onnxruntime,onnx_node,0.02525,0.009547,0.022,0.098,60,0.000778,99.812461,28,clean_v2_without_tensorrt,/Users/hobongs/Desktop/HoBong_study/26-1/탄중/temp/jetson_nano_edgeai/my_results/clean_v2(without_tensorRT)/layer_runtime/shufflenet_v2_x1_0_onnxrt_cuda.csv
shufflenet_v2_x1_0,onnxrt_cuda,455,Gather:/stage2/stage2.0/Gather_1_fence_before,onnxruntime,onnx_node,0.001,0.0,0.001,0.001,54,3.1e-05,99.990539,29,clean_v2_without_tensorrt,/Users/hobongs/Desktop/HoBong_study/26-1/탄중/temp/jetson_nano_edgeai/my_results/clean_v2(without_tensorRT)/layer_runtime/shufflenet_v2_x1_0_onnxrt_cuda.csv
shufflenet_v2_x1_0,onnxrt_cuda,159,Gather:/stage2/stage2.0/Gather_1_kernel_time,onnxruntime,onnx_node,0.024417,0.001782,0.023,0.037,60,0.000752,99.820877,30,clean_v2_without_tensorrt,/Users/hobongs/Desktop/HoBong_study/26-1/탄중/temp/jetson_nano_edgeai/my_results/clean_v2(without_tensorRT)/layer_runtime/shufflenet_v2_x1_0_onnxrt_cuda.csv
shufflenet_v2_x1_0,onnxrt_cuda,456,Div:/stage2/stage2.0/Div_fence_before,onnxruntime,onnx_node,0.001,0.0,0.001,0.001,47,3.1e-05,99.99057,31,clean_v2_without_tensorrt,/Users/hobongs/Desktop/HoBong_study/26-1/탄중/temp/jetson_nano_edgeai/my_results/clean_v2(without_tensorRT)/layer_runtime/shufflenet_v2_x1_0_onnxrt_cuda.csv
shufflenet_v2_x1_0,onnxrt_cuda,124,Div:/stage2/stage2.0/Div_kernel_time,onnxruntime,onnx_node,0.031233,0.018381,0.026,0.154,60,0.000963,99.791669,32,clean_v2_without_tensorrt,/Users/hobongs/Desktop/HoBong_study/26-1/탄중/temp/jetson_nano_edgeai/my_results/clean_v2(without_tensorRT)/layer_runtime/shufflenet_v2_x1_0_onnxrt_cuda.csv
shufflenet_v2_x1_0,onnxrt_cuda,439,Unsqueeze:/stage2/stage2.0/Unsqueeze_1_fence_before,onnxruntime,onnx_node,0.001067,0.000359,0.001,0.003,30,3.3e-05,99.990043,33,clean_v2_without_tensorrt,/Users/hobongs/Desktop/HoBong_study/26-1/탄중/temp/jetson_nano_edgeai/my_results/clean_v2(without_tensorRT)/layer_runtime/shufflenet_v2_x1_0_onnxrt_cuda.csv
shufflenet_v2_x1_0,onnxrt_cuda,290,Unsqueeze:/stage2/stage2.0/Unsqueeze_1_kernel_time,onnxruntime,onnx_node,0.020533,0.00428,0.018,0.052,60,0.000633,99.908875,34,clean_v2_without_tensorrt,/Users/hobongs/Desktop/HoBong_study/26-1/탄중/temp/jetson_nano_edgeai/my_results/clean_v2(without_tensorRT)/layer_runtime/shufflenet_v2_x1_0_onnxrt_cuda.csv
shufflenet_v2_x1_0,onnxrt_cuda,275,Gather:/stage2/stage2.0/Gather_3_kernel_time,onnxruntime,onnx_node,0.02075,0.00168,0.019,0.03,60,0.000639,99.899327,35,clean_v2_without_tensorrt,/Users/hobongs/Desktop/HoBong_study/26-1/탄중/temp/jetson_nano_edgeai/my_results/clean_v2(without_tensorRT)/layer_runtime/shufflenet_v2_x1_0_onnxrt_cuda.csv
shufflenet_v2_x1_0,onnxrt_cuda,457,Unsqueeze:/stage2/stage2.0/Unsqueeze_3_fence_before,onnxruntime,onnx_node,0.001,0.0,0.001,0.001,2,3.1e-05,99.990601,36,clean_v2_without_tensorrt,/Users/hobongs/Desktop/HoBong_study/26-1/탄중/temp/jetson_nano_edgeai/my_results/clean_v2(without_tensorRT)/layer_runtime/shufflenet_v2_x1_0_onnxrt_cuda.csv
shufflenet_v2_x1_0,onnxrt_cuda,343,Unsqueeze:/stage2/stage2.0/Unsqueeze_3_kernel_time,onnxruntime,onnx_node,0.01945,0.003712,0.018,0.047,60,0.000599,99.941342,37,clean_v2_without_tensorrt,/Users/hobongs/Desktop/HoBong_study/26-1/탄중/temp/jetson_nano_edgeai/my_results/clean_v2(without_tensorRT)/layer_runtime/shufflenet_v2_x1_0_onnxrt_cuda.csv
shufflenet_v2_x1_0,onnxrt_cuda,255,Gather:/stage2/stage2.0/Gather_2_kernel_time,onnxruntime,onnx_node,0.0211,0.009336,0.018,0.092,60,0.00065,99.886427,38,clean_v2_without_tensorrt,/Users/hobongs/Desktop/HoBong_study/26-1/탄중/temp/jetson_nano_edgeai/my_results/clean_v2(without_tensorRT)/layer_runtime/shufflenet_v2_x1_0_onnxrt_cuda.csv
shufflenet_v2_x1_0,onnxrt_cuda,318,Unsqueeze:/stage2/stage2.0/Unsqueeze_2_kernel_time,onnxruntime,onnx_node,0.01975,0.009462,0.017,0.091,60,0.000609,99.926253,39,clean_v2_without_tensorrt,/Users/hobongs/Desktop/HoBong_study/26-1/탄중/temp/jetson_nano_edgeai/my_results/clean_v2(without_tensorRT)/layer_runtime/shufflenet_v2_x1_0_onnxrt_cuda.csv
shufflenet_v2_x1_0,onnxrt_cuda,245,Gather:/stage2/stage2.0/Gather_kernel_time,onnxruntime,onnx_node,0.021183,0.006859,0.019,0.073,60,0.000653,99.879909,40,clean_v2_without_tensorrt,/Users/hobongs/Desktop/HoBong_study/26-1/탄중/temp/jetson_nano_edgeai/my_results/clean_v2(without_tensorRT)/layer_runtime/shufflenet_v2_x1_0_onnxrt_cuda.csv
shufflenet_v2_x1_0,onnxrt_cuda,372,Unsqueeze:/stage2/stage2.0/Unsqueeze_kernel_time,onnxruntime,onnx_node,0.01855,0.001431,0.017,0.027,60,0.000572,99.958447,41,clean_v2_without_tensorrt,/Users/hobongs/Desktop/HoBong_study/26-1/탄중/temp/jetson_nano_edgeai/my_results/clean_v2(without_tensorRT)/layer_runtime/shufflenet_v2_x1_0_onnxrt_cuda.csv
shufflenet_v2_x1_0,onnxrt_cuda,122,Concat:/stage2/stage2.0/Concat_1_kernel_time,onnxruntime,onnx_node,0.035933,0.017692,0.03,0.152,60,0.001107,99.789741,42,clean_v2_without_tensorrt,/Users/hobongs/Desktop/HoBong_study/26-1/탄중/temp/jetson_nano_edgeai/my_results/clean_v2(without_tensorRT)/layer_runtime/shufflenet_v2_x1_0_onnxrt_cuda.csv
shufflenet_v2_x1_0,onnxrt_cuda,458,Reshape:/stage2/stage2.0/Reshape_fence_before,onnxruntime,onnx_node,0.001,0.0,0.001,0.001,7,3.1e-05,99.990632,43,clean_v2_without_tensorrt,/Users/hobongs/Desktop/HoBong_study/26-1/탄중/temp/jetson_nano_edgeai/my_results/clean_v2(without_tensorRT)/layer_runtime/shufflenet_v2_x1_0_onnxrt_cuda.csv
shufflenet_v2_x1_0,onnxrt_cuda,180,Reshape:/stage2/stage2.0/Reshape_kernel_time,onnxruntime,onnx_node,0.023083,0.002268,0.021,0.032,60,0.000711,99.836159,44,clean_v2_without_tensorrt,/Users/hobongs/Desktop/HoBong_study/26-1/탄중/temp/jetson_nano_edgeai/my_results/clean_v2(without_tensorRT)/layer_runtime/shufflenet_v2_x1_0_onnxrt_cuda.csv
shufflenet_v2_x1_0,onnxrt_cuda,81,Transpose:/stage2/stage2.0/Transpose_kernel_time,onnxruntime,onnx_node,0.084267,0.017408,0.076,0.178,60,0.002597,99.6939,45,clean_v2_without_tensorrt,/Users/hobongs/Desktop/HoBong_study/26-1/탄중/temp/jetson_nano_edgeai/my_results/clean_v2(without_tensorRT)/layer_runtime/shufflenet_v2_x1_0_onnxrt_cuda.csv
shufflenet_v2_x1_0,onnxrt_cuda,459,Concat:/stage2/stage2.0/Concat_2_fence_before,onnxruntime,onnx_node,0.001,0.0,0.001,0.001,3,3.1e-05,99.990662,46,clean_v2_without_tensorrt,/Users/hobongs/Desktop/HoBong_study/26-1/탄중/temp/jetson_nano_edgeai/my_results/clean_v2(without_tensorRT)/layer_runtime/shufflenet_v2_x1_0_onnxrt_cuda.csv
shufflenet_v2_x1_0,onnxrt_cuda,140,Concat:/stage2/stage2.0/Concat_2_kernel_time,onnxruntime,onnx_node,0.027117,0.006596,0.024,0.076,60,0.000836,99.806147,47,clean_v2_without_tensorrt,/Users/hobongs/Desktop/HoBong_study/26-1/탄중/temp/jetson_nano_edgeai/my_results/clean_v2(without_tensorRT)/layer_runtime/shufflenet_v2_x1_0_onnxrt_cuda.csv
shufflenet_v2_x1_0,onnxrt_cuda,153,Reshape:/stage2/stage2.0/Reshape_1_kernel_time,onnxruntime,onnx_node,0.02495,0.013863,0.02,0.095,60,0.000769,99.816315,48,clean_v2_without_tensorrt,/Users/hobongs/Desktop/HoBong_study/26-1/탄중/temp/jetson_nano_edgeai/my_results/clean_v2(without_tensorRT)/layer_runtime/shufflenet_v2_x1_0_onnxrt_cuda.csv
shufflenet_v2_x1_0,onnxrt_cuda,219,Shape:/stage2/stage2.1/Shape_kernel_time,onnxruntime,onnx_node,0.021567,0.012248,0.018,0.092,60,0.000665,99.862768,49,clean_v2_without_tensorrt,/Users/hobongs/Desktop/HoBong_study/26-1/탄중/temp/jetson_nano_edgeai/my_results/clean_v2(without_tensorRT)/layer_runtime/shufflenet_v2_x1_0_onnxrt_cuda.csv
shufflenet_v2_x1_0,onnxrt_cuda,184,Gather:/stage2/stage2.1/Gather_kernel_time,onnxruntime,onnx_node,0.022817,0.00912,0.02,0.092,60,0.000703,99.838985,50,clean_v2_without_tensorrt,/Users/hobongs/Desktop/HoBong_study/26-1/탄중/temp/jetson_nano_edgeai/my_results/clean_v2(without_tensorRT)/layer_runtime/shufflenet_v2_x1_0_onnxrt_cuda.csv
shufflenet_v2_x1_0,onnxrt_cuda,440,Add:/stage2/stage2.1/Add_fence_before,onnxruntime,onnx_node,0.001056,0.000229,0.001,0.002,18,3.3e-05,99.990076,51,clean_v2_without_tensorrt,/Users/hobongs/Desktop/HoBong_study/26-1/탄중/temp/jetson_nano_edgeai/my_results/clean_v2(without_tensorRT)/layer_runtime/shufflenet_v2_x1_0_onnxrt_cuda.csv
shufflenet_v2_x1_0,onnxrt_cuda,168,Add:/stage2/stage2.1/Add_kernel_time,onnxruntime,onnx_node,0.023733,0.001769,0.022,0.033,60,0.000731,99.827511,52,clean_v2_without_tensorrt,/Users/hobongs/Desktop/HoBong_study/26-1/탄중/temp/jetson_nano_edgeai/my_results/clean_v2(without_tensorRT)/layer_runtime/shufflenet_v2_x1_0_onnxrt_cuda.csv
shufflenet_v2_x1_0,onnxrt_cuda,265,Div:/stage2/stage2.1/Div_kernel_time,onnxruntime,onnx_node,0.020933,0.001209,0.019,0.027,60,0.000645,99.892904,53,clean_v2_without_tensorrt,/Users/hobongs/Desktop/HoBong_study/26-1/탄중/temp/jetson_nano_edgeai/my_results/clean_v2(without_tensorRT)/layer_runtime/shufflenet_v2_x1_0_onnxrt_cuda.csv
shufflenet_v2_x1_0,onnxrt_cuda,209,Mul:/stage2/stage2.1/Mul_1_kernel_time,onnxruntime,onnx_node,0.021767,0.001243,0.02,0.028,60,0.000671,99.8561,54,clean_v2_without_tensorrt,/Users/hobongs/Desktop/HoBong_study/26-1/탄중/temp/jetson_nano_edgeai/my_results/clean_v2(without_tensorRT)/layer_runtime/shufflenet_v2_x1_0_onnxrt_cuda.csv
shufflenet_v2_x1_0,onnxrt_cuda,222,Mul:/stage2/stage2.1/Mul_kernel_time,onnxruntime,onnx_node,0.02155,0.001443,0.02,0.028,60,0.000664,99.864761,55,clean_v2_without_tensorrt,/Users/hobongs/Desktop/HoBong_study/26-1/탄중/temp/jetson_nano_edgeai/my_results/clean_v2(without_tensorRT)/layer_runtime/shufflenet_v2_x1_0_onnxrt_cuda.csv
shufflenet_v2_x1_0,onnxrt_cuda,460,Slice:/stage2/stage2.1/Slice_1_fence_before,onnxruntime,onnx_node,0.001,0.0,0.001,0.001,4,3.1e-05,99.990693,56,clean_v2_without_tensorrt,/Users/hobongs/Desktop/HoBong_study/26-1/탄중/temp/jetson_nano_edgeai/my_results/clean_v2(without_tensorRT)/layer_runtime/shufflenet_v2_x1_0_onnxrt_cuda.csv
shufflenet_v2_x1_0,onnxrt_cuda,80,Slice:/stage2/stage2.1/Slice_1_kernel_time,onnxruntime,onnx_node,0.091733,0.020909,0.08,0.182,60,0.002827,99.691303,57,clean_v2_without_tensorrt,/Users/hobongs/Desktop/HoBong_study/26-1/탄중/temp/jetson_nano_edgeai/my_results/clean_v2(without_tensorRT)/layer_runtime/shufflenet_v2_x1_0_onnxrt_cuda.csv
shufflenet_v2_x1_0,onnxrt_cuda,461,Slice:/stage2/stage2.1/Slice_1_fence_after,onnxruntime,onnx_node,0.001,0.0,0.001,0.001,1,3.1e-05,99.990724,58,clean_v2_without_tensorrt,/Users/hobongs/Desktop/HoBong_study/26-1/탄중/temp/jetson_nano_edgeai/my_results/clean_v2(without_tensorRT)/layer_runtime/shufflenet_v2_x1_0_onnxrt_cuda.csv
shufflenet_v2_x1_0,onnxrt_cuda,462,FusedConv:/stage2/stage2.1/branch2/branch2.0/Conv_/stage2/stage2.1/branch2/branch2.2/Relu_fence_before,onnxruntime,onnx_node,0.001,0.0,0.001,0.001,27,3.1e-05,99.990755,59,clean_v2_without_tensorrt,/Users/hobongs/Desktop/HoBong_study/26-1/탄중/temp/jetson_nano_edgeai/my_results/clean_v2(without_tensorRT)/layer_runtime/shufflenet_v2_x1_0_onnxrt_cuda.csv
shufflenet_v2_x1_0,onnxrt_cuda,25,FusedConv:/stage2/stage2.1/branch2/branch2.0/Conv_/stage2/stage2.1/branch2/branch2.2/Relu_kernel_time,onnxruntime,onnx_node,0.66075,3.638239,0.169,28.606,60,0.020362,98.895475,60,clean_v2_without_tensorrt,/Users/hobongs/Desktop/HoBong_study/26-1/탄중/temp/jetson_nano_edgeai/my_results/clean_v2(without_tensorRT)/layer_runtime/shufflenet_v2_x1_0_onnxrt_cuda.csv
shufflenet_v2_x1_0,onnxrt_cuda,463,FusedConv:/stage2/stage2.1/branch2/branch2.0/Conv_/stage2/stage2.1/branch2/branch2.2/Relu_fence_after,onnxruntime,onnx_node,0.001,0.0,0.001,0.001,3,3.1e-05,99.990786,61,clean_v2_without_tensorrt,/Users/hobongs/Desktop/HoBong_study/26-1/탄중/temp/jetson_nano_edgeai/my_results/clean_v2(without_tensorRT)/layer_runtime/shufflenet_v2_x1_0_onnxrt_cuda.csv
shufflenet_v2_x1_0,onnxrt_cuda,464,Conv:/stage2/stage2.1/branch2/branch2.3/Conv_fence_before,onnxruntime,onnx_node,0.001,0.0,0.001,0.001,15,3.1e-05,99.990817,62,clean_v2_without_tensorrt,/Users/hobongs/Desktop/HoBong_study/26-1/탄중/temp/jetson_nano_edgeai/my_results/clean_v2(without_tensorRT)/layer_runtime/shufflenet_v2_x1_0_onnxrt_cuda.csv
shufflenet_v2_x1_0,onnxrt_cuda,21,Conv:/stage2/stage2.1/branch2/branch2.3/Conv_kernel_time,onnxruntime,onnx_node,1.6425,11.358408,0.153,88.888,60,0.050617,98.774584,63,clean_v2_without_tensorrt,/Users/hobongs/Desktop/HoBong_study/26-1/탄중/temp/jetson_nano_edgeai/my_results/clean_v2(without_tensorRT)/layer_runtime/shufflenet_v2_x1_0_onnxrt_cuda.csv
shufflenet_v2_x1_0,onnxrt_cuda,465,Conv:/stage2/stage2.1/branch2/branch2.3/Conv_fence_after,onnxruntime,onnx_node,0.001,0.0,0.001,0.001,5,3.1e-05,99.990847,64,clean_v2_without_tensorrt,/Users/hobongs/Desktop/HoBong_study/26-1/탄중/temp/jetson_nano_edgeai/my_results/clean_v2(without_tensorRT)/layer_runtime/shufflenet_v2_x1_0_onnxrt_cuda.csv
shufflenet_v2_x1_0,onnxrt_cuda,466,FusedConv:/stage2/stage2.1/branch2/branch2.5/Conv_/stage2/stage2.1/branch2/branch2.7/Relu_fence_before,onnxruntime,onnx_node,0.001,0.0,0.001,0.001,28,3.1e-05,99.990878,65,clean_v2_without_tensorrt,/Users/hobongs/Desktop/HoBong_study/26-1/탄중/temp/jetson_nano_edgeai/my_results/clean_v2(without_tensorRT)/layer_runtime/shufflenet_v2_x1_0_onnxrt_cuda.csv
shufflenet_v2_x1_0,onnxrt_cuda,36,FusedConv:/stage2/stage2.1/branch2/branch2.5/Conv_/stage2/stage2.1/branch2/branch2.7/Relu_kernel_time,onnxruntime,onnx_node,0.62915,3.660955,0.14,28.749,60,0.019389,99.11186,66,clean_v2_without_tensorrt,/Users/hobongs/Desktop/HoBong_study/26-1/탄중/temp/jetson_nano_edgeai/my_results/clean_v2(without_tensorRT)/layer_runtime/shufflenet_v2_x1_0_onnxrt_cuda.csv
shufflenet_v2_x1_0,onnxrt_cuda,467,FusedConv:/stage2/stage2.1/branch2/branch2.5/Conv_/stage2/stage2.1/branch2/branch2.7/Relu_fence_after,onnxruntime,onnx_node,0.001,0.0,0.001,0.001,2,3.1e-05,99.990909,67,clean_v2_without_tensorrt,/Users/hobongs/Desktop/HoBong_study/26-1/탄중/temp/jetson_nano_edgeai/my_results/clean_v2(without_tensorRT)/layer_runtime/shufflenet_v2_x1_0_onnxrt_cuda.csv
shufflenet_v2_x1_0,onnxrt_cuda,468,Slice:/stage2/stage2.1/Slice_fence_before,onnxruntime,onnx_node,0.001,0.0,0.001,0.001,42,3.1e-05,99.99094,68,clean_v2_without_tensorrt,/Users/hobongs/Desktop/HoBong_study/26-1/탄중/temp/jetson_nano_edgeai/my_results/clean_v2(without_tensorRT)/layer_runtime/shufflenet_v2_x1_0_onnxrt_cuda.csv
shufflenet_v2_x1_0,onnxrt_cuda,82,Slice:/stage2/stage2.1/Slice_kernel_time,onnxruntime,onnx_node,0.083283,0.012046,0.075,0.155,60,0.002567,99.696467,69,clean_v2_without_tensorrt,/Users/hobongs/Desktop/HoBong_study/26-1/탄중/temp/jetson_nano_edgeai/my_results/clean_v2(without_tensorRT)/layer_runtime/shufflenet_v2_x1_0_onnxrt_cuda.csv
shufflenet_v2_x1_0,onnxrt_cuda,469,Concat:/stage2/stage2.1/Concat_fence_before,onnxruntime,onnx_node,0.001,0.0,0.001,0.001,37,3.1e-05,99.990971,70,clean_v2_without_tensorrt,/Users/hobongs/Desktop/HoBong_study/26-1/탄중/temp/jetson_nano_edgeai/my_results/clean_v2(without_tensorRT)/layer_runtime/shufflenet_v2_x1_0_onnxrt_cuda.csv
shufflenet_v2_x1_0,onnxrt_cuda,62,Concat:/stage2/stage2.1/Concat_kernel_time,onnxruntime,onnx_node,0.250867,0.028857,0.23,0.424,60,0.007731,99.572931,71,clean_v2_without_tensorrt,/Users/hobongs/Desktop/HoBong_study/26-1/탄중/temp/jetson_nano_edgeai/my_results/clean_v2(without_tensorRT)/layer_runtime/shufflenet_v2_x1_0_onnxrt_cuda.csv
shufflenet_v2_x1_0,onnxrt_cuda,470,Shape:/stage2/stage2.1/Shape_2_fence_before,onnxruntime,onnx_node,0.001,0.0,0.001,0.001,6,3.1e-05,99.991001,72,clean_v2_without_tensorrt,/Users/hobongs/Desktop/HoBong_study/26-1/탄중/temp/jetson_nano_edgeai/my_results/clean_v2(without_tensorRT)/layer_runtime/shufflenet_v2_x1_0_onnxrt_cuda.csv
shufflenet_v2_x1_0,onnxrt_cuda,169,Shape:/stage2/stage2.1/Shape_2_kernel_time,onnxruntime,onnx_node,0.0237,0.005515,0.021,0.062,60,0.00073,99.828241,73,clean_v2_without_tensorrt,/Users/hobongs/Desktop/HoBong_study/26-1/탄중/temp/jetson_nano_edgeai/my_results/clean_v2(without_tensorRT)/layer_runtime/shufflenet_v2_x1_0_onnxrt_cuda.csv
shufflenet_v2_x1_0,onnxrt_cuda,471,Gather:/stage2/stage2.1/Gather_2_fence_before,onnxruntime,onnx_node,0.001,0.0,0.001,0.001,6,3.1e-05,99.991032,74,clean_v2_without_tensorrt,/Users/hobongs/Desktop/HoBong_study/26-1/탄중/temp/jetson_nano_edgeai/my_results/clean_v2(without_tensorRT)/layer_runtime/shufflenet_v2_x1_0_onnxrt_cuda.csv
shufflenet_v2_x1_0,onnxrt_cuda,187,Gather:/stage2/stage2.1/Gather_2_kernel_time,onnxruntime,onnx_node,0.022617,0.002042,0.021,0.035,60,0.000697,99.841078,75,clean_v2_without_tensorrt,/Users/hobongs/Desktop/HoBong_study/26-1/탄중/temp/jetson_nano_edgeai/my_results/clean_v2(without_tensorRT)/layer_runtime/shufflenet_v2_x1_0_onnxrt_cuda.csv
shufflenet_v2_x1_0,onnxrt_cuda,472,Div:/stage2/stage2.1/Div_1_fence_before,onnxruntime,onnx_node,0.001,0.0,0.001,0.001,4,3.1e-05,99.991063,76,clean_v2_without_tensorrt,/Users/hobongs/Desktop/HoBong_study/26-1/탄중/temp/jetson_nano_edgeai/my_results/clean_v2(without_tensorRT)/layer_runtime/shufflenet_v2_x1_0_onnxrt_cuda.csv
shufflenet_v2_x1_0,onnxrt_cuda,144,Div:/stage2/stage2.1/Div_1_kernel_time,onnxruntime,onnx_node,0.025683,0.005778,0.023,0.057,60,0.000791,99.809322,77,clean_v2_without_tensorrt,/Users/hobongs/Desktop/HoBong_study/26-1/탄중/temp/jetson_nano_edgeai/my_results/clean_v2(without_tensorRT)/layer_runtime/shufflenet_v2_x1_0_onnxrt_cuda.csv
shufflenet_v2_x1_0,onnxrt_cuda,473,Unsqueeze:/stage2/stage2.1/Unsqueeze_1_fence_before,onnxruntime,onnx_node,0.001,0.0,0.001,0.001,19,3.1e-05,99.991094,78,clean_v2_without_tensorrt,/Users/hobongs/Desktop/HoBong_study/26-1/탄중/temp/jetson_nano_edgeai/my_results/clean_v2(without_tensorRT)/layer_runtime/shufflenet_v2_x1_0_onnxrt_cuda.csv
shufflenet_v2_x1_0,onnxrt_cuda,370,Unsqueeze:/stage2/stage2.1/Unsqueeze_1_kernel_time,onnxruntime,onnx_node,0.018717,0.001018,0.017,0.022,60,0.000577,99.957301,79,clean_v2_without_tensorrt,/Users/hobongs/Desktop/HoBong_study/26-1/탄중/temp/jetson_nano_edgeai/my_results/clean_v2(without_tensorRT)/layer_runtime/shufflenet_v2_x1_0_onnxrt_cuda.csv
shufflenet_v2_x1_0,onnxrt_cuda,346,Gather:/stage2/stage2.1/Gather_4_kernel_time,onnxruntime,onnx_node,0.0194,0.001052,0.018,0.025,60,0.000598,99.943138,80,clean_v2_without_tensorrt,/Users/hobongs/Desktop/HoBong_study/26-1/탄중/temp/jetson_nano_edgeai/my_results/clean_v2(without_tensorRT)/layer_runtime/shufflenet_v2_x1_0_onnxrt_cuda.csv
shufflenet_v2_x1_0,onnxrt_cuda,387,Unsqueeze:/stage2/stage2.1/Unsqueeze_3_kernel_time,onnxruntime,onnx_node,0.017967,0.000836,0.016,0.021,60,0.000554,99.96687,81,clean_v2_without_tensorrt,/Users/hobongs/Desktop/HoBong_study/26-1/탄중/temp/jetson_nano_edgeai/my_results/clean_v2(without_tensorRT)/layer_runtime/shufflenet_v2_x1_0_onnxrt_cuda.csv
shufflenet_v2_x1_0,onnxrt_cuda,326,Gather:/stage2/stage2.1/Gather_3_kernel_time,onnxruntime,onnx_node,0.019633,0.00114,0.018,0.025,60,0.000605,99.931104,82,clean_v2_without_tensorrt,/Users/hobongs/Desktop/HoBong_study/26-1/탄중/temp/jetson_nano_edgeai/my_results/clean_v2(without_tensorRT)/layer_runtime/shufflenet_v2_x1_0_onnxrt_cuda.csv
shufflenet_v2_x1_0,onnxrt_cuda,414,Unsqueeze:/stage2/stage2.1/Unsqueeze_2_kernel_time,onnxruntime,onnx_node,0.017283,0.001495,0.016,0.028,60,0.000533,99.981455,83,clean_v2_without_tensorrt,/Users/hobongs/Desktop/HoBong_study/26-1/탄중/temp/jetson_nano_edgeai/my_results/clean_v2(without_tensorRT)/layer_runtime/shufflenet_v2_x1_0_onnxrt_cuda.csv
shufflenet_v2_x1_0,onnxrt_cuda,306,Gather:/stage2/stage2.1/Gather_1_kernel_time,onnxruntime,onnx_node,0.020067,0.001682,0.018,0.031,60,0.000618,99.918891,84,clean_v2_without_tensorrt,/Users/hobongs/Desktop/HoBong_study/26-1/탄중/temp/jetson_nano_edgeai/my_results/clean_v2(without_tensorRT)/layer_runtime/shufflenet_v2_x1_0_onnxrt_cuda.csv
shufflenet_v2_x1_0,onnxrt_cuda,392,Unsqueeze:/stage2/stage2.1/Unsqueeze_kernel_time,onnxruntime,onnx_node,0.017767,0.003743,0.016,0.046,60,0.000548,99.969615,85,clean_v2_without_tensorrt,/Users/hobongs/Desktop/HoBong_study/26-1/탄중/temp/jetson_nano_edgeai/my_results/clean_v2(without_tensorRT)/layer_runtime/shufflenet_v2_x1_0_onnxrt_cuda.csv
shufflenet_v2_x1_0,onnxrt_cuda,127,Concat:/stage2/stage2.1/Concat_1_kernel_time,onnxruntime,onnx_node,0.030483,0.003849,0.028,0.057,60,0.000939,99.794506,86,clean_v2_without_tensorrt,/Users/hobongs/Desktop/HoBong_study/26-1/탄중/temp/jetson_nano_edgeai/my_results/clean_v2(without_tensorRT)/layer_runtime/shufflenet_v2_x1_0_onnxrt_cuda.csv
shufflenet_v2_x1_0,onnxrt_cuda,228,Reshape:/stage2/stage2.1/Reshape_kernel_time,onnxruntime,onnx_node,0.021483,0.001576,0.02,0.031,60,0.000662,99.868738,87,clean_v2_without_tensorrt,/Users/hobongs/Desktop/HoBong_study/26-1/탄중/temp/jetson_nano_edgeai/my_results/clean_v2(without_tensorRT)/layer_runtime/shufflenet_v2_x1_0_onnxrt_cuda.csv
shufflenet_v2_x1_0,onnxrt_cuda,474,Transpose:/stage2/stage2.1/Transpose_fence_before,onnxruntime,onnx_node,0.001,0.0,0.001,0.001,1,3.1e-05,99.991125,88,clean_v2_without_tensorrt,/Users/hobongs/Desktop/HoBong_study/26-1/탄중/temp/jetson_nano_edgeai/my_results/clean_v2(without_tensorRT)/layer_runtime/shufflenet_v2_x1_0_onnxrt_cuda.csv
shufflenet_v2_x1_0,onnxrt_cuda,107,Transpose:/stage2/stage2.1/Transpose_kernel_time,onnxruntime,onnx_node,0.075883,0.011696,0.068,0.134,60,0.002338,99.756948,89,clean_v2_without_tensorrt,/Users/hobongs/Desktop/HoBong_study/26-1/탄중/temp/jetson_nano_edgeai/my_results/clean_v2(without_tensorRT)/layer_runtime/shufflenet_v2_x1_0_onnxrt_cuda.csv
shufflenet_v2_x1_0,onnxrt_cuda,475,Transpose:/stage2/stage2.1/Transpose_fence_after,onnxruntime,onnx_node,0.001,0.0,0.001,0.001,3,3.1e-05,99.991156,90,clean_v2_without_tensorrt,/Users/hobongs/Desktop/HoBong_study/26-1/탄중/temp/jetson_nano_edgeai/my_results/clean_v2(without_tensorRT)/layer_runtime/shufflenet_v2_x1_0_onnxrt_cuda.csv
shufflenet_v2_x1_0,onnxrt_cuda,146,Concat:/stage2/stage2.1/Concat_2_kernel_time,onnxruntime,onnx_node,0.02565,0.002032,0.023,0.034,60,0.00079,99.810904,91,clean_v2_without_tensorrt,/Users/hobongs/Desktop/HoBong_study/26-1/탄중/temp/jetson_nano_edgeai/my_results/clean_v2(without_tensorRT)/layer_runtime/shufflenet_v2_x1_0_onnxrt_cuda.csv
shufflenet_v2_x1_0,onnxrt_cuda,476,Concat:/stage2/stage2.1/Concat_2_fence_after,onnxruntime,onnx_node,0.001,0.0,0.001,0.001,1,3.1e-05,99.991186,92,clean_v2_without_tensorrt,/Users/hobongs/Desktop/HoBong_study/26-1/탄중/temp/jetson_nano_edgeai/my_results/clean_v2(without_tensorRT)/layer_runtime/shufflenet_v2_x1_0_onnxrt_cuda.csv
shufflenet_v2_x1_0,onnxrt_cuda,218,Reshape:/stage2/stage2.1/Reshape_1_kernel_time,onnxruntime,onnx_node,0.021583,0.001969,0.02,0.035,60,0.000665,99.862103,93,clean_v2_without_tensorrt,/Users/hobongs/Desktop/HoBong_study/26-1/탄중/temp/jetson_nano_edgeai/my_results/clean_v2(without_tensorRT)/layer_runtime/shufflenet_v2_x1_0_onnxrt_cuda.csv
shufflenet_v2_x1_0,onnxrt_cuda,477,Shape:/stage2/stage2.2/Shape_fence_before,onnxruntime,onnx_node,0.001,0.0,0.001,0.001,1,3.1e-05,99.991217,94,clean_v2_without_tensorrt,/Users/hobongs/Desktop/HoBong_study/26-1/탄중/temp/jetson_nano_edgeai/my_results/clean_v2(without_tensorRT)/layer_runtime/shufflenet_v2_x1_0_onnxrt_cuda.csv
shufflenet_v2_x1_0,onnxrt_cuda,304,Shape:/stage2/stage2.2/Shape_kernel_time,onnxruntime,onnx_node,0.020167,0.004243,0.018,0.046,60,0.000621,99.917651,95,clean_v2_without_tensorrt,/Users/hobongs/Desktop/HoBong_study/26-1/탄중/temp/jetson_nano_edgeai/my_results/clean_v2(without_tensorRT)/layer_runtime/shufflenet_v2_x1_0_onnxrt_cuda.csv
shufflenet_v2_x1_0,onnxrt_cuda,292,Gather:/stage2/stage2.2/Gather_kernel_time,onnxruntime,onnx_node,0.020517,0.001057,0.019,0.024,60,0.000632,99.91014,96,clean_v2_without_tensorrt,/Users/hobongs/Desktop/HoBong_study/26-1/탄중/temp/jetson_nano_edgeai/my_results/clean_v2(without_tensorRT)/layer_runtime/shufflenet_v2_x1_0_onnxrt_cuda.csv
shufflenet_v2_x1_0,onnxrt_cuda,166,Add:/stage2/stage2.2/Add_kernel_time,onnxruntime,onnx_node,0.02375,0.003837,0.021,0.049,60,0.000732,99.826047,97,clean_v2_without_tensorrt,/Users/hobongs/Desktop/HoBong_study/26-1/탄중/temp/jetson_nano_edgeai/my_results/clean_v2(without_tensorRT)/layer_runtime/shufflenet_v2_x1_0_onnxrt_cuda.csv
shufflenet_v2_x1_0,onnxrt_cuda,229,Div:/stage2/stage2.2/Div_kernel_time,onnxruntime,onnx_node,0.021483,0.001987,0.02,0.031,60,0.000662,99.8694,98,clean_v2_without_tensorrt,/Users/hobongs/Desktop/HoBong_study/26-1/탄중/temp/jetson_nano_edgeai/my_results/clean_v2(without_tensorRT)/layer_runtime/shufflenet_v2_x1_0_onnxrt_cuda.csv
shufflenet_v2_x1_0,onnxrt_cuda,205,Mul:/stage2/stage2.2/Mul_1_kernel_time,onnxruntime,onnx_node,0.021867,0.003836,0.02,0.05,60,0.000674,99.853412,99,clean_v2_without_tensorrt,/Users/hobongs/Desktop/HoBong_study/26-1/탄중/temp/jetson_nano_edgeai/my_results/clean_v2(without_tensorRT)/layer_runtime/shufflenet_v2_x1_0_onnxrt_cuda.csv
shufflenet_v2_x1_0,onnxrt_cuda,310,Mul:/stage2/stage2.2/Mul_kernel_time,onnxruntime,onnx_node,0.019983,0.000785,0.019,0.023,60,0.000616,99.921358,100,clean_v2_without_tensorrt,/Users/hobongs/Desktop/HoBong_study/26-1/탄중/temp/jetson_nano_edgeai/my_results/clean_v2(without_tensorRT)/layer_runtime/shufflenet_v2_x1_0_onnxrt_cuda.csv
shufflenet_v2_x1_0,onnxrt_cuda,478,Slice:/stage2/stage2.2/Slice_1_fence_before,onnxruntime,onnx_node,0.001,0.0,0.001,0.001,10,3.1e-05,99.991248,101,clean_v2_without_tensorrt,/Users/hobongs/Desktop/HoBong_study/26-1/탄중/temp/jetson_nano_edgeai/my_results/clean_v2(without_tensorRT)/layer_runtime/shufflenet_v2_x1_0_onnxrt_cuda.csv
shufflenet_v2_x1_0,onnxrt_cuda,92,Slice:/stage2/stage2.2/Slice_1_kernel_time,onnxruntime,onnx_node,0.079017,0.01092,0.072,0.143,60,0.002435,99.721066,102,clean_v2_without_tensorrt,/Users/hobongs/Desktop/HoBong_study/26-1/탄중/temp/jetson_nano_edgeai/my_results/clean_v2(without_tensorRT)/layer_runtime/shufflenet_v2_x1_0_onnxrt_cuda.csv
shufflenet_v2_x1_0,onnxrt_cuda,479,FusedConv:/stage2/stage2.2/branch2/branch2.0/Conv_/stage2/stage2.2/branch2/branch2.2/Relu_fence_before,onnxruntime,onnx_node,0.001,0.0,0.001,0.001,24,3.1e-05,99.991279,103,clean_v2_without_tensorrt,/Users/hobongs/Desktop/HoBong_study/26-1/탄중/temp/jetson_nano_edgeai/my_results/clean_v2(without_tensorRT)/layer_runtime/shufflenet_v2_x1_0_onnxrt_cuda.csv
shufflenet_v2_x1_0,onnxrt_cuda,28,FusedConv:/stage2/stage2.2/branch2/branch2.0/Conv_/stage2/stage2.2/branch2/branch2.2/Relu_kernel_time,onnxruntime,onnx_node,0.643717,3.654861,0.156,28.717,60,0.019837,98.955499,104,clean_v2_without_tensorrt,/Users/hobongs/Desktop/HoBong_study/26-1/탄중/temp/jetson_nano_edgeai/my_results/clean_v2(without_tensorRT)/layer_runtime/shufflenet_v2_x1_0_onnxrt_cuda.csv
shufflenet_v2_x1_0,onnxrt_cuda,480,FusedConv:/stage2/stage2.2/branch2/branch2.0/Conv_/stage2/stage2.2/branch2/branch2.2/Relu_fence_after,onnxruntime,onnx_node,0.001,0.0,0.001,0.001,3,3.1e-05,99.99131,105,clean_v2_without_tensorrt,/Users/hobongs/Desktop/HoBong_study/26-1/탄중/temp/jetson_nano_edgeai/my_results/clean_v2(without_tensorRT)/layer_runtime/shufflenet_v2_x1_0_onnxrt_cuda.csv
shufflenet_v2_x1_0,onnxrt_cuda,481,Conv:/stage2/stage2.2/branch2/branch2.3/Conv_fence_before,onnxruntime,onnx_node,0.001,0.0,0.001,0.001,11,3.1e-05,99.99134,106,clean_v2_without_tensorrt,/Users/hobongs/Desktop/HoBong_study/26-1/탄중/temp/jetson_nano_edgeai/my_results/clean_v2(without_tensorRT)/layer_runtime/shufflenet_v2_x1_0_onnxrt_cuda.csv
shufflenet_v2_x1_0,onnxrt_cuda,16,Conv:/stage2/stage2.2/branch2/branch2.3/Conv_kernel_time,onnxruntime,onnx_node,1.813817,12.729388,0.143,99.59,60,0.055897,98.511298,107,clean_v2_without_tensorrt,/Users/hobongs/Desktop/HoBong_study/26-1/탄중/temp/jetson_nano_edgeai/my_results/clean_v2(without_tensorRT)/layer_runtime/shufflenet_v2_x1_0_onnxrt_cuda.csv
shufflenet_v2_x1_0,onnxrt_cuda,482,Conv:/stage2/stage2.2/branch2/branch2.3/Conv_fence_after,onnxruntime,onnx_node,0.001,0.0,0.001,0.001,2,3.1e-05,99.991371,108,clean_v2_without_tensorrt,/Users/hobongs/Desktop/HoBong_study/26-1/탄중/temp/jetson_nano_edgeai/my_results/clean_v2(without_tensorRT)/layer_runtime/shufflenet_v2_x1_0_onnxrt_cuda.csv
shufflenet_v2_x1_0,onnxrt_cuda,483,FusedConv:/stage2/stage2.2/branch2/branch2.5/Conv_/stage2/stage2.2/branch2/branch2.7/Relu_fence_before,onnxruntime,onnx_node,0.001,0.0,0.001,0.001,50,3.1e-05,99.991402,109,clean_v2_without_tensorrt,/Users/hobongs/Desktop/HoBong_study/26-1/탄중/temp/jetson_nano_edgeai/my_results/clean_v2(without_tensorRT)/layer_runtime/shufflenet_v2_x1_0_onnxrt_cuda.csv
shufflenet_v2_x1_0,onnxrt_cuda,37,FusedConv:/stage2/stage2.2/branch2/branch2.5/Conv_/stage2/stage2.2/branch2/branch2.7/Relu_kernel_time,onnxruntime,onnx_node,0.6208,3.660832,0.134,28.74,60,0.019131,99.130992,110,clean_v2_without_tensorrt,/Users/hobongs/Desktop/HoBong_study/26-1/탄중/temp/jetson_nano_edgeai/my_results/clean_v2(without_tensorRT)/layer_runtime/shufflenet_v2_x1_0_onnxrt_cuda.csv
shufflenet_v2_x1_0,onnxrt_cuda,484,FusedConv:/stage2/stage2.2/branch2/branch2.5/Conv_/stage2/stage2.2/branch2/branch2.7/Relu_fence_after,onnxruntime,onnx_node,0.001,0.0,0.001,0.001,1,3.1e-05,99.991433,111,clean_v2_without_tensorrt,/Users/hobongs/Desktop/HoBong_study/26-1/탄중/temp/jetson_nano_edgeai/my_results/clean_v2(without_tensorRT)/layer_runtime/shufflenet_v2_x1_0_onnxrt_cuda.csv
shufflenet_v2_x1_0,onnxrt_cuda,485,Slice:/stage2/stage2.2/Slice_fence_before,onnxruntime,onnx_node,0.001,0.0,0.001,0.001,17,3.1e-05,99.991464,112,clean_v2_without_tensorrt,/Users/hobongs/Desktop/HoBong_study/26-1/탄중/temp/jetson_nano_edgeai/my_results/clean_v2(without_tensorRT)/layer_runtime/shufflenet_v2_x1_0_onnxrt_cuda.csv
shufflenet_v2_x1_0,onnxrt_cuda,84,Slice:/stage2/stage2.2/Slice_kernel_time,onnxruntime,onnx_node,0.0805,0.016584,0.074,0.197,60,0.002481,99.701443,113,clean_v2_without_tensorrt,/Users/hobongs/Desktop/HoBong_study/26-1/탄중/temp/jetson_nano_edgeai/my_results/clean_v2(without_tensorRT)/layer_runtime/shufflenet_v2_x1_0_onnxrt_cuda.csv
shufflenet_v2_x1_0,onnxrt_cuda,486,Slice:/stage2/stage2.2/Slice_fence_after,onnxruntime,onnx_node,0.001,0.0,0.001,0.001,1,3.1e-05,99.991494,114,clean_v2_without_tensorrt,/Users/hobongs/Desktop/HoBong_study/26-1/탄중/temp/jetson_nano_edgeai/my_results/clean_v2(without_tensorRT)/layer_runtime/shufflenet_v2_x1_0_onnxrt_cuda.csv
shufflenet_v2_x1_0,onnxrt_cuda,487,Concat:/stage2/stage2.2/Concat_fence_before,onnxruntime,onnx_node,0.001,0.0,0.001,0.001,15,3.1e-05,99.991525,115,clean_v2_without_tensorrt,/Users/hobongs/Desktop/HoBong_study/26-1/탄중/temp/jetson_nano_edgeai/my_results/clean_v2(without_tensorRT)/layer_runtime/shufflenet_v2_x1_0_onnxrt_cuda.csv
shufflenet_v2_x1_0,onnxrt_cuda,64,Concat:/stage2/stage2.2/Concat_kernel_time,onnxruntime,onnx_node,0.241717,0.049341,0.223,0.598,60,0.007449,99.587853,116,clean_v2_without_tensorrt,/Users/hobongs/Desktop/HoBong_study/26-1/탄중/temp/jetson_nano_edgeai/my_results/clean_v2(without_tensorRT)/layer_runtime/shufflenet_v2_x1_0_onnxrt_cuda.csv
shufflenet_v2_x1_0,onnxrt_cuda,488,Shape:/stage2/stage2.2/Shape_2_fence_before,onnxruntime,onnx_node,0.001,0.0,0.001,0.001,7,3.1e-05,99.991556,117,clean_v2_without_tensorrt,/Users/hobongs/Desktop/HoBong_study/26-1/탄중/temp/jetson_nano_edgeai/my_results/clean_v2(without_tensorRT)/layer_runtime/shufflenet_v2_x1_0_onnxrt_cuda.csv
shufflenet_v2_x1_0,onnxrt_cuda,220,Shape:/stage2/stage2.2/Shape_2_kernel_time,onnxruntime,onnx_node,0.021567,0.002231,0.02,0.036,60,0.000665,99.863433,118,clean_v2_without_tensorrt,/Users/hobongs/Desktop/HoBong_study/26-1/탄중/temp/jetson_nano_edgeai/my_results/clean_v2(without_tensorRT)/layer_runtime/shufflenet_v2_x1_0_onnxrt_cuda.csv
shufflenet_v2_x1_0,onnxrt_cuda,489,Gather:/stage2/stage2.2/Gather_2_fence_before,onnxruntime,onnx_node,0.001,0.0,0.001,0.001,5,3.1e-05,99.991587,119,clean_v2_without_tensorrt,/Users/hobongs/Desktop/HoBong_study/26-1/탄중/temp/jetson_nano_edgeai/my_results/clean_v2(without_tensorRT)/layer_runtime/shufflenet_v2_x1_0_onnxrt_cuda.csv
shufflenet_v2_x1_0,onnxrt_cuda,201,Gather:/stage2/stage2.2/Gather_2_kernel_time,onnxruntime,onnx_node,0.022,0.001915,0.02,0.035,60,0.000678,99.850711,120,clean_v2_without_tensorrt,/Users/hobongs/Desktop/HoBong_study/26-1/탄중/temp/jetson_nano_edgeai/my_results/clean_v2(without_tensorRT)/layer_runtime/shufflenet_v2_x1_0_onnxrt_cuda.csv
shufflenet_v2_x1_0,onnxrt_cuda,143,Div:/stage2/stage2.2/Div_1_kernel_time,onnxruntime,onnx_node,0.025717,0.012992,0.022,0.122,60,0.000793,99.808531,121,clean_v2_without_tensorrt,/Users/hobongs/Desktop/HoBong_study/26-1/탄중/temp/jetson_nano_edgeai/my_results/clean_v2(without_tensorRT)/layer_runtime/shufflenet_v2_x1_0_onnxrt_cuda.csv
shufflenet_v2_x1_0,onnxrt_cuda,490,Div:/stage2/stage2.2/Div_1_fence_after,onnxruntime,onnx_node,0.001,0.0,0.001,0.001,1,3.1e-05,99.991618,122,clean_v2_without_tensorrt,/Users/hobongs/Desktop/HoBong_study/26-1/탄중/temp/jetson_nano_edgeai/my_results/clean_v2(without_tensorRT)/layer_runtime/shufflenet_v2_x1_0_onnxrt_cuda.csv
shufflenet_v2_x1_0,onnxrt_cuda,491,Unsqueeze:/stage2/stage2.2/Unsqueeze_1_fence_before,onnxruntime,onnx_node,0.001,0.0,0.001,0.001,4,3.1e-05,99.991649,123,clean_v2_without_tensorrt,/Users/hobongs/Desktop/HoBong_study/26-1/탄중/temp/jetson_nano_edgeai/my_results/clean_v2(without_tensorRT)/layer_runtime/shufflenet_v2_x1_0_onnxrt_cuda.csv
shufflenet_v2_x1_0,onnxrt_cuda,377,Unsqueeze:/stage2/stage2.2/Unsqueeze_1_kernel_time,onnxruntime,onnx_node,0.01835,0.001314,0.017,0.027,60,0.000565,99.961282,124,clean_v2_without_tensorrt,/Users/hobongs/Desktop/HoBong_study/26-1/탄중/temp/jetson_nano_edgeai/my_results/clean_v2(without_tensorRT)/layer_runtime/shufflenet_v2_x1_0_onnxrt_cuda.csv
shufflenet_v2_x1_0,onnxrt_cuda,492,Gather:/stage2/stage2.2/Gather_4_fence_before,onnxruntime,onnx_node,0.001,0.0,0.001,0.001,1,3.1e-05,99.991679,125,clean_v2_without_tensorrt,/Users/hobongs/Desktop/HoBong_study/26-1/탄중/temp/jetson_nano_edgeai/my_results/clean_v2(without_tensorRT)/layer_runtime/shufflenet_v2_x1_0_onnxrt_cuda.csv
shufflenet_v2_x1_0,onnxrt_cuda,320,Gather:/stage2/stage2.2/Gather_4_kernel_time,onnxruntime,onnx_node,0.019683,0.003663,0.018,0.045,60,0.000607,99.927468,126,clean_v2_without_tensorrt,/Users/hobongs/Desktop/HoBong_study/26-1/탄중/temp/jetson_nano_edgeai/my_results/clean_v2(without_tensorRT)/layer_runtime/shufflenet_v2_x1_0_onnxrt_cuda.csv
shufflenet_v2_x1_0,onnxrt_cuda,401,Unsqueeze:/stage2/stage2.2/Unsqueeze_3_kernel_time,onnxruntime,onnx_node,0.017517,0.000671,0.017,0.02,60,0.00054,99.974499,127,clean_v2_without_tensorrt,/Users/hobongs/Desktop/HoBong_study/26-1/탄중/temp/jetson_nano_edgeai/my_results/clean_v2(without_tensorRT)/layer_runtime/shufflenet_v2_x1_0_onnxrt_cuda.csv
shufflenet_v2_x1_0,onnxrt_cuda,350,Gather:/stage2/stage2.2/Gather_3_kernel_time,onnxruntime,onnx_node,0.019367,0.00114,0.018,0.026,60,0.000597,99.945528,128,clean_v2_without_tensorrt,/Users/hobongs/Desktop/HoBong_study/26-1/탄중/temp/jetson_nano_edgeai/my_results/clean_v2(without_tensorRT)/layer_runtime/shufflenet_v2_x1_0_onnxrt_cuda.csv
shufflenet_v2_x1_0,onnxrt_cuda,399,Unsqueeze:/stage2/stage2.2/Unsqueeze_2_kernel_time,onnxruntime,onnx_node,0.017567,0.000716,0.017,0.021,60,0.000541,99.973419,129,clean_v2_without_tensorrt,/Users/hobongs/Desktop/HoBong_study/26-1/탄중/temp/jetson_nano_edgeai/my_results/clean_v2(without_tensorRT)/layer_runtime/shufflenet_v2_x1_0_onnxrt_cuda.csv
shufflenet_v2_x1_0,onnxrt_cuda,342,Gather:/stage2/stage2.2/Gather_1_kernel_time,onnxruntime,onnx_node,0.019467,0.001118,0.018,0.025,60,0.0006,99.940742,130,clean_v2_without_tensorrt,/Users/hobongs/Desktop/HoBong_study/26-1/탄중/temp/jetson_nano_edgeai/my_results/clean_v2(without_tensorRT)/layer_runtime/shufflenet_v2_x1_0_onnxrt_cuda.csv
shufflenet_v2_x1_0,onnxrt_cuda,393,Unsqueeze:/stage2/stage2.2/Unsqueeze_kernel_time,onnxruntime,onnx_node,0.017767,0.001055,0.017,0.023,60,0.000548,99.970162,131,clean_v2_without_tensorrt,/Users/hobongs/Desktop/HoBong_study/26-1/탄중/temp/jetson_nano_edgeai/my_results/clean_v2(without_tensorRT)/layer_runtime/shufflenet_v2_x1_0_onnxrt_cuda.csv
shufflenet_v2_x1_0,onnxrt_cuda,128,Concat:/stage2/stage2.2/Concat_1_kernel_time,onnxruntime,onnx_node,0.0304,0.004034,0.028,0.056,60,0.000937,99.795443,132,clean_v2_without_tensorrt,/Users/hobongs/Desktop/HoBong_study/26-1/탄중/temp/jetson_nano_edgeai/my_results/clean_v2(without_tensorRT)/layer_runtime/shufflenet_v2_x1_0_onnxrt_cuda.csv
shufflenet_v2_x1_0,onnxrt_cuda,493,Reshape:/stage2/stage2.2/Reshape_fence_before,onnxruntime,onnx_node,0.001,0.0,0.001,0.001,1,3.1e-05,99.99171,133,clean_v2_without_tensorrt,/Users/hobongs/Desktop/HoBong_study/26-1/탄중/temp/jetson_nano_edgeai/my_results/clean_v2(without_tensorRT)/layer_runtime/shufflenet_v2_x1_0_onnxrt_cuda.csv
shufflenet_v2_x1_0,onnxrt_cuda,203,Reshape:/stage2/stage2.2/Reshape_kernel_time,onnxruntime,onnx_node,0.021883,0.001664,0.02,0.031,60,0.000674,99.852064,134,clean_v2_without_tensorrt,/Users/hobongs/Desktop/HoBong_study/26-1/탄중/temp/jetson_nano_edgeai/my_results/clean_v2(without_tensorRT)/layer_runtime/shufflenet_v2_x1_0_onnxrt_cuda.csv
shufflenet_v2_x1_0,onnxrt_cuda,109,Transpose:/stage2/stage2.2/Transpose_kernel_time,onnxruntime,onnx_node,0.075267,0.018608,0.067,0.199,60,0.00232,99.761591,135,clean_v2_without_tensorrt,/Users/hobongs/Desktop/HoBong_study/26-1/탄중/temp/jetson_nano_edgeai/my_results/clean_v2(without_tensorRT)/layer_runtime/shufflenet_v2_x1_0_onnxrt_cuda.csv
shufflenet_v2_x1_0,onnxrt_cuda,141,Concat:/stage2/stage2.2/Concat_2_kernel_time,onnxruntime,onnx_node,0.025817,0.002086,0.024,0.036,60,0.000796,99.806942,136,clean_v2_without_tensorrt,/Users/hobongs/Desktop/HoBong_study/26-1/탄중/temp/jetson_nano_edgeai/my_results/clean_v2(without_tensorRT)/layer_runtime/shufflenet_v2_x1_0_onnxrt_cuda.csv
shufflenet_v2_x1_0,onnxrt_cuda,224,Reshape:/stage2/stage2.2/Reshape_1_kernel_time,onnxruntime,onnx_node,0.021517,0.001118,0.02,0.028,60,0.000663,99.866088,137,clean_v2_without_tensorrt,/Users/hobongs/Desktop/HoBong_study/26-1/탄중/temp/jetson_nano_edgeai/my_results/clean_v2(without_tensorRT)/layer_runtime/shufflenet_v2_x1_0_onnxrt_cuda.csv
shufflenet_v2_x1_0,onnxrt_cuda,324,Shape:/stage2/stage2.3/Shape_kernel_time,onnxruntime,onnx_node,0.01965,0.001388,0.018,0.028,60,0.000606,99.929893,138,clean_v2_without_tensorrt,/Users/hobongs/Desktop/HoBong_study/26-1/탄중/temp/jetson_nano_edgeai/my_results/clean_v2(without_tensorRT)/layer_runtime/shufflenet_v2_x1_0_onnxrt_cuda.csv
shufflenet_v2_x1_0,onnxrt_cuda,268,Gather:/stage2/stage2.3/Gather_kernel_time,onnxruntime,onnx_node,0.020883,0.003261,0.019,0.044,60,0.000644,99.894836,139,clean_v2_without_tensorrt,/Users/hobongs/Desktop/HoBong_study/26-1/탄중/temp/jetson_nano_edgeai/my_results/clean_v2(without_tensorRT)/layer_runtime/shufflenet_v2_x1_0_onnxrt_cuda.csv
shufflenet_v2_x1_0,onnxrt_cuda,494,Add:/stage2/stage2.3/Add_fence_before,onnxruntime,onnx_node,0.001,0.0,0.001,0.001,4,3.1e-05,99.991741,140,clean_v2_without_tensorrt,/Users/hobongs/Desktop/HoBong_study/26-1/탄중/temp/jetson_nano_edgeai/my_results/clean_v2(without_tensorRT)/layer_runtime/shufflenet_v2_x1_0_onnxrt_cuda.csv
shufflenet_v2_x1_0,onnxrt_cuda,189,Add:/stage2/stage2.3/Add_kernel_time,onnxruntime,onnx_node,0.022567,0.001131,0.021,0.028,60,0.000695,99.842469,141,clean_v2_without_tensorrt,/Users/hobongs/Desktop/HoBong_study/26-1/탄중/temp/jetson_nano_edgeai/my_results/clean_v2(without_tensorRT)/layer_runtime/shufflenet_v2_x1_0_onnxrt_cuda.csv
shufflenet_v2_x1_0,onnxrt_cuda,196,Div:/stage2/stage2.3/Div_kernel_time,onnxruntime,onnx_node,0.022233,0.005058,0.02,0.05,60,0.000685,99.847309,142,clean_v2_without_tensorrt,/Users/hobongs/Desktop/HoBong_study/26-1/탄중/temp/jetson_nano_edgeai/my_results/clean_v2(without_tensorRT)/layer_runtime/shufflenet_v2_x1_0_onnxrt_cuda.csv
shufflenet_v2_x1_0,onnxrt_cuda,253,Mul:/stage2/stage2.3/Mul_1_kernel_time,onnxruntime,onnx_node,0.021117,0.001427,0.02,0.029,60,0.000651,99.885126,143,clean_v2_without_tensorrt,/Users/hobongs/Desktop/HoBong_study/26-1/탄중/temp/jetson_nano_edgeai/my_results/clean_v2(without_tensorRT)/layer_runtime/shufflenet_v2_x1_0_onnxrt_cuda.csv
shufflenet_v2_x1_0,onnxrt_cuda,295,Mul:/stage2/stage2.3/Mul_kernel_time,onnxruntime,onnx_node,0.0204,0.00144,0.019,0.027,60,0.000629,99.912028,144,clean_v2_without_tensorrt,/Users/hobongs/Desktop/HoBong_study/26-1/탄중/temp/jetson_nano_edgeai/my_results/clean_v2(without_tensorRT)/layer_runtime/shufflenet_v2_x1_0_onnxrt_cuda.csv
shufflenet_v2_x1_0,onnxrt_cuda,495,Slice:/stage2/stage2.3/Slice_1_fence_before,onnxruntime,onnx_node,0.001,0.0,0.001,0.001,5,3.1e-05,99.991772,145,clean_v2_without_tensorrt,/Users/hobongs/Desktop/HoBong_study/26-1/탄중/temp/jetson_nano_edgeai/my_results/clean_v2(without_tensorRT)/layer_runtime/shufflenet_v2_x1_0_onnxrt_cuda.csv
shufflenet_v2_x1_0,onnxrt_cuda,86,Slice:/stage2/stage2.3/Slice_1_kernel_time,onnxruntime,onnx_node,0.080133,0.015699,0.072,0.192,60,0.002469,99.706387,146,clean_v2_without_tensorrt,/Users/hobongs/Desktop/HoBong_study/26-1/탄중/temp/jetson_nano_edgeai/my_results/clean_v2(without_tensorRT)/layer_runtime/shufflenet_v2_x1_0_onnxrt_cuda.csv
shufflenet_v2_x1_0,onnxrt_cuda,496,FusedConv:/stage2/stage2.3/branch2/branch2.0/Conv_/stage2/stage2.3/branch2/branch2.2/Relu_fence_before,onnxruntime,onnx_node,0.001,0.0,0.001,0.001,14,3.1e-05,99.991803,147,clean_v2_without_tensorrt,/Users/hobongs/Desktop/HoBong_study/26-1/탄중/temp/jetson_nano_edgeai/my_results/clean_v2(without_tensorRT)/layer_runtime/shufflenet_v2_x1_0_onnxrt_cuda.csv
shufflenet_v2_x1_0,onnxrt_cuda,26,FusedConv:/stage2/stage2.3/branch2/branch2.0/Conv_/stage2/stage2.3/branch2/branch2.2/Relu_kernel_time,onnxruntime,onnx_node,0.65705,3.675516,0.158,28.889,60,0.020248,98.915724,148,clean_v2_without_tensorrt,/Users/hobongs/Desktop/HoBong_study/26-1/탄중/temp/jetson_nano_edgeai/my_results/clean_v2(without_tensorRT)/layer_runtime/shufflenet_v2_x1_0_onnxrt_cuda.csv
shufflenet_v2_x1_0,onnxrt_cuda,497,FusedConv:/stage2/stage2.3/branch2/branch2.0/Conv_/stage2/stage2.3/branch2/branch2.2/Relu_fence_after,onnxruntime,onnx_node,0.001,0.0,0.001,0.001,2,3.1e-05,99.991833,149,clean_v2_without_tensorrt,/Users/hobongs/Desktop/HoBong_study/26-1/탄중/temp/jetson_nano_edgeai/my_results/clean_v2(without_tensorRT)/layer_runtime/shufflenet_v2_x1_0_onnxrt_cuda.csv
shufflenet_v2_x1_0,onnxrt_cuda,498,Conv:/stage2/stage2.3/branch2/branch2.3/Conv_fence_before,onnxruntime,onnx_node,0.001,0.0,0.001,0.001,8,3.1e-05,99.991864,150,clean_v2_without_tensorrt,/Users/hobongs/Desktop/HoBong_study/26-1/탄중/temp/jetson_nano_edgeai/my_results/clean_v2(without_tensorRT)/layer_runtime/shufflenet_v2_x1_0_onnxrt_cuda.csv
shufflenet_v2_x1_0,onnxrt_cuda,17,Conv:/stage2/stage2.3/branch2/branch2.3/Conv_kernel_time,onnxruntime,onnx_node,1.809633,12.743981,0.144,99.698,60,0.055768,98.567066,151,clean_v2_without_tensorrt,/Users/hobongs/Desktop/HoBong_study/26-1/탄중/temp/jetson_nano_edgeai/my_results/clean_v2(without_tensorRT)/layer_runtime/shufflenet_v2_x1_0_onnxrt_cuda.csv
shufflenet_v2_x1_0,onnxrt_cuda,499,Conv:/stage2/stage2.3/branch2/branch2.3/Conv_fence_after,onnxruntime,onnx_node,0.001,0.0,0.001,0.001,3,3.1e-05,99.991895,152,clean_v2_without_tensorrt,/Users/hobongs/Desktop/HoBong_study/26-1/탄중/temp/jetson_nano_edgeai/my_results/clean_v2(without_tensorRT)/layer_runtime/shufflenet_v2_x1_0_onnxrt_cuda.csv
shufflenet_v2_x1_0,onnxrt_cuda,500,FusedConv:/stage2/stage2.3/branch2/branch2.5/Conv_/stage2/stage2.3/branch2/branch2.7/Relu_fence_before,onnxruntime,onnx_node,0.001,0.0,0.001,0.001,25,3.1e-05,99.991926,153,clean_v2_without_tensorrt,/Users/hobongs/Desktop/HoBong_study/26-1/탄중/temp/jetson_nano_edgeai/my_results/clean_v2(without_tensorRT)/layer_runtime/shufflenet_v2_x1_0_onnxrt_cuda.csv
shufflenet_v2_x1_0,onnxrt_cuda,39,FusedConv:/stage2/stage2.3/branch2/branch2.5/Conv_/stage2/stage2.3/branch2/branch2.7/Relu_kernel_time,onnxruntime,onnx_node,0.615483,3.595113,0.138,28.23,60,0.018967,99.16907,154,clean_v2_without_tensorrt,/Users/hobongs/Desktop/HoBong_study/26-1/탄중/temp/jetson_nano_edgeai/my_results/clean_v2(without_tensorRT)/layer_runtime/shufflenet_v2_x1_0_onnxrt_cuda.csv
shufflenet_v2_x1_0,onnxrt_cuda,501,FusedConv:/stage2/stage2.3/branch2/branch2.5/Conv_/stage2/stage2.3/branch2/branch2.7/Relu_fence_after,onnxruntime,onnx_node,0.001,0.0,0.001,0.001,2,3.1e-05,99.991957,155,clean_v2_without_tensorrt,/Users/hobongs/Desktop/HoBong_study/26-1/탄중/temp/jetson_nano_edgeai/my_results/clean_v2(without_tensorRT)/layer_runtime/shufflenet_v2_x1_0_onnxrt_cuda.csv
shufflenet_v2_x1_0,onnxrt_cuda,502,Slice:/stage2/stage2.3/Slice_fence_before,onnxruntime,onnx_node,0.001,0.0,0.001,0.001,7,3.1e-05,99.991988,156,clean_v2_without_tensorrt,/Users/hobongs/Desktop/HoBong_study/26-1/탄중/temp/jetson_nano_edgeai/my_results/clean_v2(without_tensorRT)/layer_runtime/shufflenet_v2_x1_0_onnxrt_cuda.csv
shufflenet_v2_x1_0,onnxrt_cuda,88,Slice:/stage2/stage2.3/Slice_kernel_time,onnxruntime,onnx_node,0.079833,0.010688,0.075,0.158,60,0.00246,99.711311,157,clean_v2_without_tensorrt,/Users/hobongs/Desktop/HoBong_study/26-1/탄중/temp/jetson_nano_edgeai/my_results/clean_v2(without_tensorRT)/layer_runtime/shufflenet_v2_x1_0_onnxrt_cuda.csv
shufflenet_v2_x1_0,onnxrt_cuda,503,Concat:/stage2/stage2.3/Concat_fence_before,onnxruntime,onnx_node,0.001,0.0,0.001,0.001,11,3.1e-05,99.992018,158,clean_v2_without_tensorrt,/Users/hobongs/Desktop/HoBong_study/26-1/탄중/temp/jetson_nano_edgeai/my_results/clean_v2(without_tensorRT)/layer_runtime/shufflenet_v2_x1_0_onnxrt_cuda.csv
shufflenet_v2_x1_0,onnxrt_cuda,74,Concat:/stage2/stage2.3/Concat_kernel_time,onnxruntime,onnx_node,0.234967,0.01832,0.22,0.357,60,0.007241,99.660988,159,clean_v2_without_tensorrt,/Users/hobongs/Desktop/HoBong_study/26-1/탄중/temp/jetson_nano_edgeai/my_results/clean_v2(without_tensorRT)/layer_runtime/shufflenet_v2_x1_0_onnxrt_cuda.csv
shufflenet_v2_x1_0,onnxrt_cuda,504,Shape:/stage2/stage2.3/Shape_2_fence_before,onnxruntime,onnx_node,0.001,0.0,0.001,0.001,4,3.1e-05,99.992049,160,clean_v2_without_tensorrt,/Users/hobongs/Desktop/HoBong_study/26-1/탄중/temp/jetson_nano_edgeai/my_results/clean_v2(without_tensorRT)/layer_runtime/shufflenet_v2_x1_0_onnxrt_cuda.csv
shufflenet_v2_x1_0,onnxrt_cuda,241,Shape:/stage2/stage2.3/Shape_2_kernel_time,onnxruntime,onnx_node,0.021267,0.002104,0.02,0.036,60,0.000655,99.877294,161,clean_v2_without_tensorrt,/Users/hobongs/Desktop/HoBong_study/26-1/탄중/temp/jetson_nano_edgeai/my_results/clean_v2(without_tensorRT)/layer_runtime/shufflenet_v2_x1_0_onnxrt_cuda.csv
shufflenet_v2_x1_0,onnxrt_cuda,431,Gather:/stage2/stage2.3/Gather_2_fence_before,onnxruntime,onnx_node,0.004667,0.008199,0.001,0.023,6,0.000144,99.989728,162,clean_v2_without_tensorrt,/Users/hobongs/Desktop/HoBong_study/26-1/탄중/temp/jetson_nano_edgeai/my_results/clean_v2(without_tensorRT)/layer_runtime/shufflenet_v2_x1_0_onnxrt_cuda.csv
shufflenet_v2_x1_0,onnxrt_cuda,191,Gather:/stage2/stage2.3/Gather_2_kernel_time,onnxruntime,onnx_node,0.022533,0.002037,0.02,0.036,60,0.000694,99.843859,163,clean_v2_without_tensorrt,/Users/hobongs/Desktop/HoBong_study/26-1/탄중/temp/jetson_nano_edgeai/my_results/clean_v2(without_tensorRT)/layer_runtime/shufflenet_v2_x1_0_onnxrt_cuda.csv
shufflenet_v2_x1_0,onnxrt_cuda,167,Div:/stage2/stage2.3/Div_1_kernel_time,onnxruntime,onnx_node,0.02375,0.00374,0.022,0.05,60,0.000732,99.826779,164,clean_v2_without_tensorrt,/Users/hobongs/Desktop/HoBong_study/26-1/탄중/temp/jetson_nano_edgeai/my_results/clean_v2(without_tensorRT)/layer_runtime/shufflenet_v2_x1_0_onnxrt_cuda.csv
shufflenet_v2_x1_0,onnxrt_cuda,505,Unsqueeze:/stage2/stage2.3/Unsqueeze_1_fence_before,onnxruntime,onnx_node,0.001,0.0,0.001,0.001,3,3.1e-05,99.99208,165,clean_v2_without_tensorrt,/Users/hobongs/Desktop/HoBong_study/26-1/탄중/temp/jetson_nano_edgeai/my_results/clean_v2(without_tensorRT)/layer_runtime/shufflenet_v2_x1_0_onnxrt_cuda.csv
shufflenet_v2_x1_0,onnxrt_cuda,367,Unsqueeze:/stage2/stage2.3/Unsqueeze_1_kernel_time,onnxruntime,onnx_node,0.018883,0.003231,0.017,0.043,60,0.000582,99.955564,166,clean_v2_without_tensorrt,/Users/hobongs/Desktop/HoBong_study/26-1/탄중/temp/jetson_nano_edgeai/my_results/clean_v2(without_tensorRT)/layer_runtime/shufflenet_v2_x1_0_onnxrt_cuda.csv
shufflenet_v2_x1_0,onnxrt_cuda,344,Gather:/stage2/stage2.3/Gather_4_kernel_time,onnxruntime,onnx_node,0.01945,0.001023,0.018,0.026,60,0.000599,99.941941,167,clean_v2_without_tensorrt,/Users/hobongs/Desktop/HoBong_study/26-1/탄중/temp/jetson_nano_edgeai/my_results/clean_v2(without_tensorRT)/layer_runtime/shufflenet_v2_x1_0_onnxrt_cuda.csv
shufflenet_v2_x1_0,onnxrt_cuda,396,Unsqueeze:/stage2/stage2.3/Unsqueeze_3_kernel_time,onnxruntime,onnx_node,0.017617,0.000755,0.017,0.021,60,0.000543,99.971793,168,clean_v2_without_tensorrt,/Users/hobongs/Desktop/HoBong_study/26-1/탄중/temp/jetson_nano_edgeai/my_results/clean_v2(without_tensorRT)/layer_runtime/shufflenet_v2_x1_0_onnxrt_cuda.csv
shufflenet_v2_x1_0,onnxrt_cuda,327,Gather:/stage2/stage2.3/Gather_3_kernel_time,onnxruntime,onnx_node,0.019633,0.001095,0.018,0.025,60,0.000605,99.931709,169,clean_v2_without_tensorrt,/Users/hobongs/Desktop/HoBong_study/26-1/탄중/temp/jetson_nano_edgeai/my_results/clean_v2(without_tensorRT)/layer_runtime/shufflenet_v2_x1_0_onnxrt_cuda.csv
shufflenet_v2_x1_0,onnxrt_cuda,383,Unsqueeze:/stage2/stage2.3/Unsqueeze_2_kernel_time,onnxruntime,onnx_node,0.018133,0.00369,0.017,0.046,60,0.000559,99.964647,170,clean_v2_without_tensorrt,/Users/hobongs/Desktop/HoBong_study/26-1/탄중/temp/jetson_nano_edgeai/my_results/clean_v2(without_tensorRT)/layer_runtime/shufflenet_v2_x1_0_onnxrt_cuda.csv
shufflenet_v2_x1_0,onnxrt_cuda,286,Gather:/stage2/stage2.3/Gather_1_kernel_time,onnxruntime,onnx_node,0.0206,0.004828,0.018,0.047,60,0.000635,99.906339,171,clean_v2_without_tensorrt,/Users/hobongs/Desktop/HoBong_study/26-1/탄중/temp/jetson_nano_edgeai/my_results/clean_v2(without_tensorRT)/layer_runtime/shufflenet_v2_x1_0_onnxrt_cuda.csv
shufflenet_v2_x1_0,onnxrt_cuda,506,Unsqueeze:/stage2/stage2.3/Unsqueeze_fence_before,onnxruntime,onnx_node,0.001,0.0,0.001,0.001,1,3.1e-05,99.992111,172,clean_v2_without_tensorrt,/Users/hobongs/Desktop/HoBong_study/26-1/탄중/temp/jetson_nano_edgeai/my_results/clean_v2(without_tensorRT)/layer_runtime/shufflenet_v2_x1_0_onnxrt_cuda.csv
shufflenet_v2_x1_0,onnxrt_cuda,418,Unsqueeze:/stage2/stage2.3/Unsqueeze_kernel_time,onnxruntime,onnx_node,0.017217,0.000755,0.016,0.02,60,0.000531,99.983581,173,clean_v2_without_tensorrt,/Users/hobongs/Desktop/HoBong_study/26-1/탄중/temp/jetson_nano_edgeai/my_results/clean_v2(without_tensorRT)/layer_runtime/shufflenet_v2_x1_0_onnxrt_cuda.csv
shufflenet_v2_x1_0,onnxrt_cuda,507,Concat:/stage2/stage2.3/Concat_1_fence_before,onnxruntime,onnx_node,0.001,0.0,0.001,0.001,4,3.1e-05,99.992142,174,clean_v2_without_tensorrt,/Users/hobongs/Desktop/HoBong_study/26-1/탄중/temp/jetson_nano_edgeai/my_results/clean_v2(without_tensorRT)/layer_runtime/shufflenet_v2_x1_0_onnxrt_cuda.csv
shufflenet_v2_x1_0,onnxrt_cuda,126,Concat:/stage2/stage2.3/Concat_1_kernel_time,onnxruntime,onnx_node,0.03055,0.001678,0.029,0.038,60,0.000941,99.793566,175,clean_v2_without_tensorrt,/Users/hobongs/Desktop/HoBong_study/26-1/탄중/temp/jetson_nano_edgeai/my_results/clean_v2(without_tensorRT)/layer_runtime/shufflenet_v2_x1_0_onnxrt_cuda.csv
shufflenet_v2_x1_0,onnxrt_cuda,206,Reshape:/stage2/stage2.3/Reshape_kernel_time,onnxruntime,onnx_node,0.021867,0.001431,0.02,0.03,60,0.000674,99.854086,176,clean_v2_without_tensorrt,/Users/hobongs/Desktop/HoBong_study/26-1/탄중/temp/jetson_nano_edgeai/my_results/clean_v2(without_tensorRT)/layer_runtime/shufflenet_v2_x1_0_onnxrt_cuda.csv
shufflenet_v2_x1_0,onnxrt_cuda,114,Transpose:/stage2/stage2.3/Transpose_kernel_time,onnxruntime,onnx_node,0.073617,0.009531,0.065,0.141,60,0.002269,99.77305,177,clean_v2_without_tensorrt,/Users/hobongs/Desktop/HoBong_study/26-1/탄중/temp/jetson_nano_edgeai/my_results/clean_v2(without_tensorRT)/layer_runtime/shufflenet_v2_x1_0_onnxrt_cuda.csv
shufflenet_v2_x1_0,onnxrt_cuda,147,Concat:/stage2/stage2.3/Concat_2_kernel_time,onnxruntime,onnx_node,0.025283,0.00138,0.023,0.033,60,0.000779,99.811683,178,clean_v2_without_tensorrt,/Users/hobongs/Desktop/HoBong_study/26-1/탄중/temp/jetson_nano_edgeai/my_results/clean_v2(without_tensorRT)/layer_runtime/shufflenet_v2_x1_0_onnxrt_cuda.csv
shufflenet_v2_x1_0,onnxrt_cuda,202,Reshape:/stage2/stage2.3/Reshape_1_kernel_time,onnxruntime,onnx_node,0.022,0.003168,0.02,0.044,60,0.000678,99.851389,179,clean_v2_without_tensorrt,/Users/hobongs/Desktop/HoBong_study/26-1/탄중/temp/jetson_nano_edgeai/my_results/clean_v2(without_tensorRT)/layer_runtime/shufflenet_v2_x1_0_onnxrt_cuda.csv
shufflenet_v2_x1_0,onnxrt_cuda,508,Conv:/stage3/stage3.0/branch1/branch1.0/Conv_fence_before,onnxruntime,onnx_node,0.001,0.0,0.001,0.001,5,3.1e-05,99.992172,180,clean_v2_without_tensorrt,/Users/hobongs/Desktop/HoBong_study/26-1/탄중/temp/jetson_nano_edgeai/my_results/clean_v2(without_tensorRT)/layer_runtime/shufflenet_v2_x1_0_onnxrt_cuda.csv
shufflenet_v2_x1_0,onnxrt_cuda,22,Conv:/stage3/stage3.0/branch1/branch1.0/Conv_kernel_time,onnxruntime,onnx_node,1.119533,7.385684,0.148,57.85,60,0.034501,98.809084,181,clean_v2_without_tensorrt,/Users/hobongs/Desktop/HoBong_study/26-1/탄중/temp/jetson_nano_edgeai/my_results/clean_v2(without_tensorRT)/layer_runtime/shufflenet_v2_x1_0_onnxrt_cuda.csv
shufflenet_v2_x1_0,onnxrt_cuda,509,Conv:/stage3/stage3.0/branch1/branch1.0/Conv_fence_after,onnxruntime,onnx_node,0.001,0.0,0.001,0.001,1,3.1e-05,99.992203,182,clean_v2_without_tensorrt,/Users/hobongs/Desktop/HoBong_study/26-1/탄중/temp/jetson_nano_edgeai/my_results/clean_v2(without_tensorRT)/layer_runtime/shufflenet_v2_x1_0_onnxrt_cuda.csv
shufflenet_v2_x1_0,onnxrt_cuda,510,FusedConv:/stage3/stage3.0/branch1/branch1.2/Conv_/stage3/stage3.0/branch1/branch1.4/Relu_fence_before,onnxruntime,onnx_node,0.001,0.0,0.001,0.001,25,3.1e-05,99.992234,183,clean_v2_without_tensorrt,/Users/hobongs/Desktop/HoBong_study/26-1/탄중/temp/jetson_nano_edgeai/my_results/clean_v2(without_tensorRT)/layer_runtime/shufflenet_v2_x1_0_onnxrt_cuda.csv
shufflenet_v2_x1_0,onnxrt_cuda,35,FusedConv:/stage3/stage3.0/branch1/branch1.2/Conv_/stage3/stage3.0/branch1/branch1.4/Relu_kernel_time,onnxruntime,onnx_node,0.63065,3.522715,0.152,27.689,60,0.019435,99.092472,184,clean_v2_without_tensorrt,/Users/hobongs/Desktop/HoBong_study/26-1/탄중/temp/jetson_nano_edgeai/my_results/clean_v2(without_tensorRT)/layer_runtime/shufflenet_v2_x1_0_onnxrt_cuda.csv
shufflenet_v2_x1_0,onnxrt_cuda,511,FusedConv:/stage3/stage3.0/branch1/branch1.2/Conv_/stage3/stage3.0/branch1/branch1.4/Relu_fence_after,onnxruntime,onnx_node,0.001,0.0,0.001,0.001,1,3.1e-05,99.992265,185,clean_v2_without_tensorrt,/Users/hobongs/Desktop/HoBong_study/26-1/탄중/temp/jetson_nano_edgeai/my_results/clean_v2(without_tensorRT)/layer_runtime/shufflenet_v2_x1_0_onnxrt_cuda.csv
shufflenet_v2_x1_0,onnxrt_cuda,436,FusedConv:/stage3/stage3.0/branch2/branch2.0/Conv_/stage3/stage3.0/branch2/branch2.2/Relu_fence_before,onnxruntime,onnx_node,0.0012,0.0004,0.001,0.002,5,3.7e-05,99.989942,186,clean_v2_without_tensorrt,/Users/hobongs/Desktop/HoBong_study/26-1/탄중/temp/jetson_nano_edgeai/my_results/clean_v2(without_tensorRT)/layer_runtime/shufflenet_v2_x1_0_onnxrt_cuda.csv
shufflenet_v2_x1_0,onnxrt_cuda,59,FusedConv:/stage3/stage3.0/branch2/branch2.0/Conv_/stage3/stage3.0/branch2/branch2.2/Relu_kernel_time,onnxruntime,onnx_node,0.562333,3.15137,0.14,24.768,60,0.017329,99.538905,187,clean_v2_without_tensorrt,/Users/hobongs/Desktop/HoBong_study/26-1/탄중/temp/jetson_nano_edgeai/my_results/clean_v2(without_tensorRT)/layer_runtime/shufflenet_v2_x1_0_onnxrt_cuda.csv
shufflenet_v2_x1_0,onnxrt_cuda,512,FusedConv:/stage3/stage3.0/branch2/branch2.0/Conv_/stage3/stage3.0/branch2/branch2.2/Relu_fence_after,onnxruntime,onnx_node,0.001,0.0,0.001,0.001,2,3.1e-05,99.992296,188,clean_v2_without_tensorrt,/Users/hobongs/Desktop/HoBong_study/26-1/탄중/temp/jetson_nano_edgeai/my_results/clean_v2(without_tensorRT)/layer_runtime/shufflenet_v2_x1_0_onnxrt_cuda.csv
shufflenet_v2_x1_0,onnxrt_cuda,513,Conv:/stage3/stage3.0/branch2/branch2.3/Conv_fence_before,onnxruntime,onnx_node,0.001,0.0,0.001,0.001,8,3.1e-05,99.992327,189,clean_v2_without_tensorrt,/Users/hobongs/Desktop/HoBong_study/26-1/탄중/temp/jetson_nano_edgeai/my_results/clean_v2(without_tensorRT)/layer_runtime/shufflenet_v2_x1_0_onnxrt_cuda.csv
shufflenet_v2_x1_0,onnxrt_cuda,23,Conv:/stage3/stage3.0/branch2/branch2.3/Conv_kernel_time,onnxruntime,onnx_node,1.110617,7.476934,0.131,58.542,60,0.034226,98.84331,190,clean_v2_without_tensorrt,/Users/hobongs/Desktop/HoBong_study/26-1/탄중/temp/jetson_nano_edgeai/my_results/clean_v2(without_tensorRT)/layer_runtime/shufflenet_v2_x1_0_onnxrt_cuda.csv
shufflenet_v2_x1_0,onnxrt_cuda,514,Conv:/stage3/stage3.0/branch2/branch2.3/Conv_fence_after,onnxruntime,onnx_node,0.001,0.0,0.001,0.001,1,3.1e-05,99.992357,191,clean_v2_without_tensorrt,/Users/hobongs/Desktop/HoBong_study/26-1/탄중/temp/jetson_nano_edgeai/my_results/clean_v2(without_tensorRT)/layer_runtime/shufflenet_v2_x1_0_onnxrt_cuda.csv
shufflenet_v2_x1_0,onnxrt_cuda,432,FusedConv:/stage3/stage3.0/branch2/branch2.5/Conv_/stage3/stage3.0/branch2/branch2.7/Relu_fence_before,onnxruntime,onnx_node,0.0018,0.004308,0.001,0.025,30,5.5e-05,99.989783,192,clean_v2_without_tensorrt,/Users/hobongs/Desktop/HoBong_study/26-1/탄중/temp/jetson_nano_edgeai/my_results/clean_v2(without_tensorRT)/layer_runtime/shufflenet_v2_x1_0_onnxrt_cuda.csv
shufflenet_v2_x1_0,onnxrt_cuda,51,FusedConv:/stage3/stage3.0/branch2/branch2.5/Conv_/stage3/stage3.0/branch2/branch2.7/Relu_kernel_time,onnxruntime,onnx_node,0.6029,3.560694,0.127,27.953,60,0.01858,99.394447,193,clean_v2_without_tensorrt,/Users/hobongs/Desktop/HoBong_study/26-1/탄중/temp/jetson_nano_edgeai/my_results/clean_v2(without_tensorRT)/layer_runtime/shufflenet_v2_x1_0_onnxrt_cuda.csv
shufflenet_v2_x1_0,onnxrt_cuda,515,FusedConv:/stage3/stage3.0/branch2/branch2.5/Conv_/stage3/stage3.0/branch2/branch2.7/Relu_fence_after,onnxruntime,onnx_node,0.001,0.0,0.001,0.001,1,3.1e-05,99.992388,194,clean_v2_without_tensorrt,/Users/hobongs/Desktop/HoBong_study/26-1/탄중/temp/jetson_nano_edgeai/my_results/clean_v2(without_tensorRT)/layer_runtime/shufflenet_v2_x1_0_onnxrt_cuda.csv
shufflenet_v2_x1_0,onnxrt_cuda,516,Concat:/stage3/stage3.0/Concat_fence_before,onnxruntime,onnx_node,0.001,0.0,0.001,0.001,12,3.1e-05,99.992419,195,clean_v2_without_tensorrt,/Users/hobongs/Desktop/HoBong_study/26-1/탄중/temp/jetson_nano_edgeai/my_results/clean_v2(without_tensorRT)/layer_runtime/shufflenet_v2_x1_0_onnxrt_cuda.csv
shufflenet_v2_x1_0,onnxrt_cuda,63,Concat:/stage3/stage3.0/Concat_kernel_time,onnxruntime,onnx_node,0.2425,0.045026,0.223,0.563,60,0.007473,99.580404,196,clean_v2_without_tensorrt,/Users/hobongs/Desktop/HoBong_study/26-1/탄중/temp/jetson_nano_edgeai/my_results/clean_v2(without_tensorRT)/layer_runtime/shufflenet_v2_x1_0_onnxrt_cuda.csv
shufflenet_v2_x1_0,onnxrt_cuda,517,Shape:/stage3/stage3.0/Shape_1_fence_before,onnxruntime,onnx_node,0.001,0.0,0.001,0.001,16,3.1e-05,99.99245,197,clean_v2_without_tensorrt,/Users/hobongs/Desktop/HoBong_study/26-1/탄중/temp/jetson_nano_edgeai/my_results/clean_v2(without_tensorRT)/layer_runtime/shufflenet_v2_x1_0_onnxrt_cuda.csv
shufflenet_v2_x1_0,onnxrt_cuda,250,Shape:/stage3/stage3.0/Shape_1_kernel_time,onnxruntime,onnx_node,0.02115,0.00204,0.019,0.035,60,0.000652,99.883172,198,clean_v2_without_tensorrt,/Users/hobongs/Desktop/HoBong_study/26-1/탄중/temp/jetson_nano_edgeai/my_results/clean_v2(without_tensorRT)/layer_runtime/shufflenet_v2_x1_0_onnxrt_cuda.csv
shufflenet_v2_x1_0,onnxrt_cuda,518,Gather:/stage3/stage3.0/Gather_1_fence_before,onnxruntime,onnx_node,0.001,0.0,0.001,0.001,1,3.1e-05,99.992481,199,clean_v2_without_tensorrt,/Users/hobongs/Desktop/HoBong_study/26-1/탄중/temp/jetson_nano_edgeai/my_results/clean_v2(without_tensorRT)/layer_runtime/shufflenet_v2_x1_0_onnxrt_cuda.csv
shufflenet_v2_x1_0,onnxrt_cuda,195,Gather:/stage3/stage3.0/Gather_1_kernel_time,onnxruntime,onnx_node,0.022317,0.001812,0.021,0.034,60,0.000688,99.846623,200,clean_v2_without_tensorrt,/Users/hobongs/Desktop/HoBong_study/26-1/탄중/temp/jetson_nano_edgeai/my_results/clean_v2(without_tensorRT)/layer_runtime/shufflenet_v2_x1_0_onnxrt_cuda.csv
shufflenet_v2_x1_0,onnxrt_cuda,519,Div:/stage3/stage3.0/Div_fence_before,onnxruntime,onnx_node,0.001,0.0,0.001,0.001,3,3.1e-05,99.992511,201,clean_v2_without_tensorrt,/Users/hobongs/Desktop/HoBong_study/26-1/탄중/temp/jetson_nano_edgeai/my_results/clean_v2(without_tensorRT)/layer_runtime/shufflenet_v2_x1_0_onnxrt_cuda.csv
shufflenet_v2_x1_0,onnxrt_cuda,163,Div:/stage3/stage3.0/Div_kernel_time,onnxruntime,onnx_node,0.023983,0.001875,0.022,0.037,60,0.000739,99.823844,202,clean_v2_without_tensorrt,/Users/hobongs/Desktop/HoBong_study/26-1/탄중/temp/jetson_nano_edgeai/my_results/clean_v2(without_tensorRT)/layer_runtime/shufflenet_v2_x1_0_onnxrt_cuda.csv
shufflenet_v2_x1_0,onnxrt_cuda,520,Unsqueeze:/stage3/stage3.0/Unsqueeze_1_fence_before,onnxruntime,onnx_node,0.001,0.0,0.001,0.001,3,3.1e-05,99.992542,203,clean_v2_without_tensorrt,/Users/hobongs/Desktop/HoBong_study/26-1/탄중/temp/jetson_nano_edgeai/my_results/clean_v2(without_tensorRT)/layer_runtime/shufflenet_v2_x1_0_onnxrt_cuda.csv
shufflenet_v2_x1_0,onnxrt_cuda,358,Unsqueeze:/stage3/stage3.0/Unsqueeze_1_kernel_time,onnxruntime,onnx_node,0.019217,0.003231,0.018,0.043,60,0.000592,99.950278,204,clean_v2_without_tensorrt,/Users/hobongs/Desktop/HoBong_study/26-1/탄중/temp/jetson_nano_edgeai/my_results/clean_v2(without_tensorRT)/layer_runtime/shufflenet_v2_x1_0_onnxrt_cuda.csv
shufflenet_v2_x1_0,onnxrt_cuda,313,Gather:/stage3/stage3.0/Gather_3_kernel_time,onnxruntime,onnx_node,0.019867,0.001132,0.019,0.027,60,0.000612,99.9232,205,clean_v2_without_tensorrt,/Users/hobongs/Desktop/HoBong_study/26-1/탄중/temp/jetson_nano_edgeai/my_results/clean_v2(without_tensorRT)/layer_runtime/shufflenet_v2_x1_0_onnxrt_cuda.csv
shufflenet_v2_x1_0,onnxrt_cuda,386,Unsqueeze:/stage3/stage3.0/Unsqueeze_3_kernel_time,onnxruntime,onnx_node,0.017983,0.000785,0.017,0.022,60,0.000554,99.966316,206,clean_v2_without_tensorrt,/Users/hobongs/Desktop/HoBong_study/26-1/탄중/temp/jetson_nano_edgeai/my_results/clean_v2(without_tensorRT)/layer_runtime/shufflenet_v2_x1_0_onnxrt_cuda.csv
shufflenet_v2_x1_0,onnxrt_cuda,321,Gather:/stage3/stage3.0/Gather_2_kernel_time,onnxruntime,onnx_node,0.019683,0.001072,0.018,0.026,60,0.000607,99.928075,207,clean_v2_without_tensorrt,/Users/hobongs/Desktop/HoBong_study/26-1/탄중/temp/jetson_nano_edgeai/my_results/clean_v2(without_tensorRT)/layer_runtime/shufflenet_v2_x1_0_onnxrt_cuda.csv
shufflenet_v2_x1_0,onnxrt_cuda,391,Unsqueeze:/stage3/stage3.0/Unsqueeze_2_kernel_time,onnxruntime,onnx_node,0.0178,0.000812,0.016,0.022,60,0.000549,99.969067,208,clean_v2_without_tensorrt,/Users/hobongs/Desktop/HoBong_study/26-1/탄중/temp/jetson_nano_edgeai/my_results/clean_v2(without_tensorRT)/layer_runtime/shufflenet_v2_x1_0_onnxrt_cuda.csv
shufflenet_v2_x1_0,onnxrt_cuda,347,Gather:/stage3/stage3.0/Gather_kernel_time,onnxruntime,onnx_node,0.0194,0.000935,0.018,0.025,60,0.000598,99.943736,209,clean_v2_without_tensorrt,/Users/hobongs/Desktop/HoBong_study/26-1/탄중/temp/jetson_nano_edgeai/my_results/clean_v2(without_tensorRT)/layer_runtime/shufflenet_v2_x1_0_onnxrt_cuda.csv
shufflenet_v2_x1_0,onnxrt_cuda,426,Unsqueeze:/stage3/stage3.0/Unsqueeze_kernel_time,onnxruntime,onnx_node,0.017083,0.00064,0.016,0.02,60,0.000526,99.987805,210,clean_v2_without_tensorrt,/Users/hobongs/Desktop/HoBong_study/26-1/탄중/temp/jetson_nano_edgeai/my_results/clean_v2(without_tensorRT)/layer_runtime/shufflenet_v2_x1_0_onnxrt_cuda.csv
shufflenet_v2_x1_0,onnxrt_cuda,130,Concat:/stage3/stage3.0/Concat_1_kernel_time,onnxruntime,onnx_node,0.029633,0.003706,0.027,0.056,60,0.000913,99.797276,211,clean_v2_without_tensorrt,/Users/hobongs/Desktop/HoBong_study/26-1/탄중/temp/jetson_nano_edgeai/my_results/clean_v2(without_tensorRT)/layer_runtime/shufflenet_v2_x1_0_onnxrt_cuda.csv
shufflenet_v2_x1_0,onnxrt_cuda,521,Reshape:/stage3/stage3.0/Reshape_fence_before,onnxruntime,onnx_node,0.001,0.0,0.001,0.001,1,3.1e-05,99.992573,212,clean_v2_without_tensorrt,/Users/hobongs/Desktop/HoBong_study/26-1/탄중/temp/jetson_nano_edgeai/my_results/clean_v2(without_tensorRT)/layer_runtime/shufflenet_v2_x1_0_onnxrt_cuda.csv
shufflenet_v2_x1_0,onnxrt_cuda,230,Reshape:/stage3/stage3.0/Reshape_kernel_time,onnxruntime,onnx_node,0.021433,0.00143,0.02,0.03,60,0.000661,99.870061,213,clean_v2_without_tensorrt,/Users/hobongs/Desktop/HoBong_study/26-1/탄중/temp/jetson_nano_edgeai/my_results/clean_v2(without_tensorRT)/layer_runtime/shufflenet_v2_x1_0_onnxrt_cuda.csv
shufflenet_v2_x1_0,onnxrt_cuda,113,Transpose:/stage3/stage3.0/Transpose_kernel_time,onnxruntime,onnx_node,0.074067,0.015326,0.067,0.19,60,0.002283,99.770781,214,clean_v2_without_tensorrt,/Users/hobongs/Desktop/HoBong_study/26-1/탄중/temp/jetson_nano_edgeai/my_results/clean_v2(without_tensorRT)/layer_runtime/shufflenet_v2_x1_0_onnxrt_cuda.csv
shufflenet_v2_x1_0,onnxrt_cuda,149,Concat:/stage3/stage3.0/Concat_2_kernel_time,onnxruntime,onnx_node,0.0251,0.001805,0.023,0.036,60,0.000774,99.813235,215,clean_v2_without_tensorrt,/Users/hobongs/Desktop/HoBong_study/26-1/탄중/temp/jetson_nano_edgeai/my_results/clean_v2(without_tensorRT)/layer_runtime/shufflenet_v2_x1_0_onnxrt_cuda.csv
shufflenet_v2_x1_0,onnxrt_cuda,269,Reshape:/stage3/stage3.0/Reshape_1_kernel_time,onnxruntime,onnx_node,0.020883,0.001292,0.02,0.028,60,0.000644,99.89548,216,clean_v2_without_tensorrt,/Users/hobongs/Desktop/HoBong_study/26-1/탄중/temp/jetson_nano_edgeai/my_results/clean_v2(without_tensorRT)/layer_runtime/shufflenet_v2_x1_0_onnxrt_cuda.csv
shufflenet_v2_x1_0,onnxrt_cuda,522,Shape:/stage3/stage3.1/Shape_fence_before,onnxruntime,onnx_node,0.001,0.0,0.001,0.001,1,3.1e-05,99.992604,217,clean_v2_without_tensorrt,/Users/hobongs/Desktop/HoBong_study/26-1/탄중/temp/jetson_nano_edgeai/my_results/clean_v2(without_tensorRT)/layer_runtime/shufflenet_v2_x1_0_onnxrt_cuda.csv
shufflenet_v2_x1_0,onnxrt_cuda,328,Shape:/stage3/stage3.1/Shape_kernel_time,onnxruntime,onnx_node,0.019633,0.003937,0.018,0.047,60,0.000605,99.932314,218,clean_v2_without_tensorrt,/Users/hobongs/Desktop/HoBong_study/26-1/탄중/temp/jetson_nano_edgeai/my_results/clean_v2(without_tensorRT)/layer_runtime/shufflenet_v2_x1_0_onnxrt_cuda.csv
shufflenet_v2_x1_0,onnxrt_cuda,523,Gather:/stage3/stage3.1/Gather_fence_before,onnxruntime,onnx_node,0.001,0.0,0.001,0.001,2,3.1e-05,99.992635,219,clean_v2_without_tensorrt,/Users/hobongs/Desktop/HoBong_study/26-1/탄중/temp/jetson_nano_edgeai/my_results/clean_v2(without_tensorRT)/layer_runtime/shufflenet_v2_x1_0_onnxrt_cuda.csv
shufflenet_v2_x1_0,onnxrt_cuda,279,Gather:/stage3/stage3.1/Gather_kernel_time,onnxruntime,onnx_node,0.0207,0.001021,0.019,0.027,60,0.000638,99.901881,220,clean_v2_without_tensorrt,/Users/hobongs/Desktop/HoBong_study/26-1/탄중/temp/jetson_nano_edgeai/my_results/clean_v2(without_tensorRT)/layer_runtime/shufflenet_v2_x1_0_onnxrt_cuda.csv
shufflenet_v2_x1_0,onnxrt_cuda,524,Add:/stage3/stage3.1/Add_fence_before,onnxruntime,onnx_node,0.001,0.0,0.001,0.001,5,3.1e-05,99.992666,221,clean_v2_without_tensorrt,/Users/hobongs/Desktop/HoBong_study/26-1/탄중/temp/jetson_nano_edgeai/my_results/clean_v2(without_tensorRT)/layer_runtime/shufflenet_v2_x1_0_onnxrt_cuda.csv
shufflenet_v2_x1_0,onnxrt_cuda,178,Add:/stage3/stage3.1/Add_kernel_time,onnxruntime,onnx_node,0.023183,0.001607,0.021,0.028,60,0.000714,99.834734,222,clean_v2_without_tensorrt,/Users/hobongs/Desktop/HoBong_study/26-1/탄중/temp/jetson_nano_edgeai/my_results/clean_v2(without_tensorRT)/layer_runtime/shufflenet_v2_x1_0_onnxrt_cuda.csv
shufflenet_v2_x1_0,onnxrt_cuda,263,Div:/stage3/stage3.1/Div_kernel_time,onnxruntime,onnx_node,0.020983,0.001088,0.02,0.027,60,0.000647,99.891613,223,clean_v2_without_tensorrt,/Users/hobongs/Desktop/HoBong_study/26-1/탄중/temp/jetson_nano_edgeai/my_results/clean_v2(without_tensorRT)/layer_runtime/shufflenet_v2_x1_0_onnxrt_cuda.csv
shufflenet_v2_x1_0,onnxrt_cuda,254,Mul:/stage3/stage3.1/Mul_1_kernel_time,onnxruntime,onnx_node,0.021117,0.003382,0.019,0.046,60,0.000651,99.885777,224,clean_v2_without_tensorrt,/Users/hobongs/Desktop/HoBong_study/26-1/탄중/temp/jetson_nano_edgeai/my_results/clean_v2(without_tensorRT)/layer_runtime/shufflenet_v2_x1_0_onnxrt_cuda.csv
shufflenet_v2_x1_0,onnxrt_cuda,276,Mul:/stage3/stage3.1/Mul_kernel_time,onnxruntime,onnx_node,0.020733,0.003425,0.018,0.044,60,0.000639,99.899966,225,clean_v2_without_tensorrt,/Users/hobongs/Desktop/HoBong_study/26-1/탄중/temp/jetson_nano_edgeai/my_results/clean_v2(without_tensorRT)/layer_runtime/shufflenet_v2_x1_0_onnxrt_cuda.csv
shufflenet_v2_x1_0,onnxrt_cuda,525,Slice:/stage3/stage3.1/Slice_1_fence_before,onnxruntime,onnx_node,0.001,0.0,0.001,0.001,16,3.1e-05,99.992696,226,clean_v2_without_tensorrt,/Users/hobongs/Desktop/HoBong_study/26-1/탄중/temp/jetson_nano_edgeai/my_results/clean_v2(without_tensorRT)/layer_runtime/shufflenet_v2_x1_0_onnxrt_cuda.csv
shufflenet_v2_x1_0,onnxrt_cuda,87,Slice:/stage3/stage3.1/Slice_1_kernel_time,onnxruntime,onnx_node,0.07995,0.013875,0.071,0.183,60,0.002464,99.708851,227,clean_v2_without_tensorrt,/Users/hobongs/Desktop/HoBong_study/26-1/탄중/temp/jetson_nano_edgeai/my_results/clean_v2(without_tensorRT)/layer_runtime/shufflenet_v2_x1_0_onnxrt_cuda.csv
shufflenet_v2_x1_0,onnxrt_cuda,526,FusedConv:/stage3/stage3.1/branch2/branch2.0/Conv_/stage3/stage3.1/branch2/branch2.2/Relu_fence_before,onnxruntime,onnx_node,0.001,0.0,0.001,0.001,30,3.1e-05,99.992727,228,clean_v2_without_tensorrt,/Users/hobongs/Desktop/HoBong_study/26-1/탄중/temp/jetson_nano_edgeai/my_results/clean_v2(without_tensorRT)/layer_runtime/shufflenet_v2_x1_0_onnxrt_cuda.csv
shufflenet_v2_x1_0,onnxrt_cuda,29,FusedConv:/stage3/stage3.1/branch2/branch2.0/Conv_/stage3/stage3.1/branch2/branch2.2/Relu_kernel_time,onnxruntime,onnx_node,0.638783,3.56554,0.152,28.026,60,0.019685,98.975184,229,clean_v2_without_tensorrt,/Users/hobongs/Desktop/HoBong_study/26-1/탄중/temp/jetson_nano_edgeai/my_results/clean_v2(without_tensorRT)/layer_runtime/shufflenet_v2_x1_0_onnxrt_cuda.csv
shufflenet_v2_x1_0,onnxrt_cuda,527,FusedConv:/stage3/stage3.1/branch2/branch2.0/Conv_/stage3/stage3.1/branch2/branch2.2/Relu_fence_after,onnxruntime,onnx_node,0.001,0.0,0.001,0.001,1,3.1e-05,99.992758,230,clean_v2_without_tensorrt,/Users/hobongs/Desktop/HoBong_study/26-1/탄중/temp/jetson_nano_edgeai/my_results/clean_v2(without_tensorRT)/layer_runtime/shufflenet_v2_x1_0_onnxrt_cuda.csv
shufflenet_v2_x1_0,onnxrt_cuda,528,Conv:/stage3/stage3.1/branch2/branch2.3/Conv_fence_before,onnxruntime,onnx_node,0.001,0.0,0.001,0.001,3,3.1e-05,99.992789,231,clean_v2_without_tensorrt,/Users/hobongs/Desktop/HoBong_study/26-1/탄중/temp/jetson_nano_edgeai/my_results/clean_v2(without_tensorRT)/layer_runtime/shufflenet_v2_x1_0_onnxrt_cuda.csv
shufflenet_v2_x1_0,onnxrt_cuda,13,Conv:/stage3/stage3.1/branch2/branch2.3/Conv_kernel_time,onnxruntime,onnx_node,2.27665,16.368438,0.139,128.005,60,0.07016,98.337519,232,clean_v2_without_tensorrt,/Users/hobongs/Desktop/HoBong_study/26-1/탄중/temp/jetson_nano_edgeai/my_results/clean_v2(without_tensorRT)/layer_runtime/shufflenet_v2_x1_0_onnxrt_cuda.csv
shufflenet_v2_x1_0,onnxrt_cuda,529,Conv:/stage3/stage3.1/branch2/branch2.3/Conv_fence_after,onnxruntime,onnx_node,0.001,0.0,0.001,0.001,1,3.1e-05,99.99282,233,clean_v2_without_tensorrt,/Users/hobongs/Desktop/HoBong_study/26-1/탄중/temp/jetson_nano_edgeai/my_results/clean_v2(without_tensorRT)/layer_runtime/shufflenet_v2_x1_0_onnxrt_cuda.csv
shufflenet_v2_x1_0,onnxrt_cuda,530,FusedConv:/stage3/stage3.1/branch2/branch2.5/Conv_/stage3/stage3.1/branch2/branch2.7/Relu_fence_before,onnxruntime,onnx_node,0.001,0.0,0.001,0.001,7,3.1e-05,99.99285,234,clean_v2_without_tensorrt,/Users/hobongs/Desktop/HoBong_study/26-1/탄중/temp/jetson_nano_edgeai/my_results/clean_v2(without_tensorRT)/layer_runtime/shufflenet_v2_x1_0_onnxrt_cuda.csv
shufflenet_v2_x1_0,onnxrt_cuda,47,FusedConv:/stage3/stage3.1/branch2/branch2.5/Conv_/stage3/stage3.1/branch2/branch2.7/Relu_kernel_time,onnxruntime,onnx_node,0.609017,3.576167,0.135,28.078,60,0.018768,99.319797,235,clean_v2_without_tensorrt,/Users/hobongs/Desktop/HoBong_study/26-1/탄중/temp/jetson_nano_edgeai/my_results/clean_v2(without_tensorRT)/layer_runtime/shufflenet_v2_x1_0_onnxrt_cuda.csv
shufflenet_v2_x1_0,onnxrt_cuda,531,FusedConv:/stage3/stage3.1/branch2/branch2.5/Conv_/stage3/stage3.1/branch2/branch2.7/Relu_fence_after,onnxruntime,onnx_node,0.001,0.0,0.001,0.001,1,3.1e-05,99.992881,236,clean_v2_without_tensorrt,/Users/hobongs/Desktop/HoBong_study/26-1/탄중/temp/jetson_nano_edgeai/my_results/clean_v2(without_tensorRT)/layer_runtime/shufflenet_v2_x1_0_onnxrt_cuda.csv
shufflenet_v2_x1_0,onnxrt_cuda,532,Slice:/stage3/stage3.1/Slice_fence_before,onnxruntime,onnx_node,0.001,0.0,0.001,0.001,2,3.1e-05,99.992912,237,clean_v2_without_tensorrt,/Users/hobongs/Desktop/HoBong_study/26-1/탄중/temp/jetson_nano_edgeai/my_results/clean_v2(without_tensorRT)/layer_runtime/shufflenet_v2_x1_0_onnxrt_cuda.csv
shufflenet_v2_x1_0,onnxrt_cuda,96,Slice:/stage3/stage3.1/Slice_kernel_time,onnxruntime,onnx_node,0.07845,0.016034,0.072,0.201,60,0.002418,99.73077,238,clean_v2_without_tensorrt,/Users/hobongs/Desktop/HoBong_study/26-1/탄중/temp/jetson_nano_edgeai/my_results/clean_v2(without_tensorRT)/layer_runtime/shufflenet_v2_x1_0_onnxrt_cuda.csv
shufflenet_v2_x1_0,onnxrt_cuda,533,Concat:/stage3/stage3.1/Concat_fence_before,onnxruntime,onnx_node,0.001,0.0,0.001,0.001,10,3.1e-05,99.992943,239,clean_v2_without_tensorrt,/Users/hobongs/Desktop/HoBong_study/26-1/탄중/temp/jetson_nano_edgeai/my_results/clean_v2(without_tensorRT)/layer_runtime/shufflenet_v2_x1_0_onnxrt_cuda.csv
shufflenet_v2_x1_0,onnxrt_cuda,66,Concat:/stage3/stage3.1/Concat_kernel_time,onnxruntime,onnx_node,0.23975,0.046228,0.225,0.587,60,0.007388,99.602632,240,clean_v2_without_tensorrt,/Users/hobongs/Desktop/HoBong_study/26-1/탄중/temp/jetson_nano_edgeai/my_results/clean_v2(without_tensorRT)/layer_runtime/shufflenet_v2_x1_0_onnxrt_cuda.csv
shufflenet_v2_x1_0,onnxrt_cuda,534,Shape:/stage3/stage3.1/Shape_2_fence_before,onnxruntime,onnx_node,0.001,0.0,0.001,0.001,2,3.1e-05,99.992974,241,clean_v2_without_tensorrt,/Users/hobongs/Desktop/HoBong_study/26-1/탄중/temp/jetson_nano_edgeai/my_results/clean_v2(without_tensorRT)/layer_runtime/shufflenet_v2_x1_0_onnxrt_cuda.csv
shufflenet_v2_x1_0,onnxrt_cuda,277,Shape:/stage3/stage3.1/Shape_2_kernel_time,onnxruntime,onnx_node,0.020733,0.002144,0.019,0.036,60,0.000639,99.900605,242,clean_v2_without_tensorrt,/Users/hobongs/Desktop/HoBong_study/26-1/탄중/temp/jetson_nano_edgeai/my_results/clean_v2(without_tensorRT)/layer_runtime/shufflenet_v2_x1_0_onnxrt_cuda.csv
shufflenet_v2_x1_0,onnxrt_cuda,535,Gather:/stage3/stage3.1/Gather_2_fence_before,onnxruntime,onnx_node,0.001,0.0,0.001,0.001,1,3.1e-05,99.993005,243,clean_v2_without_tensorrt,/Users/hobongs/Desktop/HoBong_study/26-1/탄중/temp/jetson_nano_edgeai/my_results/clean_v2(without_tensorRT)/layer_runtime/shufflenet_v2_x1_0_onnxrt_cuda.csv
shufflenet_v2_x1_0,onnxrt_cuda,207,Gather:/stage3/stage3.1/Gather_2_kernel_time,onnxruntime,onnx_node,0.0218,0.001956,0.02,0.036,60,0.000672,99.854758,244,clean_v2_without_tensorrt,/Users/hobongs/Desktop/HoBong_study/26-1/탄중/temp/jetson_nano_edgeai/my_results/clean_v2(without_tensorRT)/layer_runtime/shufflenet_v2_x1_0_onnxrt_cuda.csv
shufflenet_v2_x1_0,onnxrt_cuda,170,Div:/stage3/stage3.1/Div_1_kernel_time,onnxruntime,onnx_node,0.023633,0.00157,0.022,0.033,60,0.000728,99.828969,245,clean_v2_without_tensorrt,/Users/hobongs/Desktop/HoBong_study/26-1/탄중/temp/jetson_nano_edgeai/my_results/clean_v2(without_tensorRT)/layer_runtime/shufflenet_v2_x1_0_onnxrt_cuda.csv
shufflenet_v2_x1_0,onnxrt_cuda,536,Unsqueeze:/stage3/stage3.1/Unsqueeze_1_fence_before,onnxruntime,onnx_node,0.001,0.0,0.001,0.001,4,3.1e-05,99.993035,246,clean_v2_without_tensorrt,/Users/hobongs/Desktop/HoBong_study/26-1/탄중/temp/jetson_nano_edgeai/my_results/clean_v2(without_tensorRT)/layer_runtime/shufflenet_v2_x1_0_onnxrt_cuda.csv
shufflenet_v2_x1_0,onnxrt_cuda,381,Unsqueeze:/stage3/stage3.1/Unsqueeze_1_kernel_time,onnxruntime,onnx_node,0.018167,0.000711,0.017,0.022,60,0.00056,99.963528,247,clean_v2_without_tensorrt,/Users/hobongs/Desktop/HoBong_study/26-1/탄중/temp/jetson_nano_edgeai/my_results/clean_v2(without_tensorRT)/layer_runtime/shufflenet_v2_x1_0_onnxrt_cuda.csv
shufflenet_v2_x1_0,onnxrt_cuda,339,Gather:/stage3/stage3.1/Gather_4_kernel_time,onnxruntime,onnx_node,0.0195,0.001544,0.018,0.03,60,0.000601,99.938941,248,clean_v2_without_tensorrt,/Users/hobongs/Desktop/HoBong_study/26-1/탄중/temp/jetson_nano_edgeai/my_results/clean_v2(without_tensorRT)/layer_runtime/shufflenet_v2_x1_0_onnxrt_cuda.csv
shufflenet_v2_x1_0,onnxrt_cuda,403,Unsqueeze:/stage3/stage3.1/Unsqueeze_3_kernel_time,onnxruntime,onnx_node,0.017433,0.000761,0.016,0.021,60,0.000537,99.975576,249,clean_v2_without_tensorrt,/Users/hobongs/Desktop/HoBong_study/26-1/탄중/temp/jetson_nano_edgeai/my_results/clean_v2(without_tensorRT)/layer_runtime/shufflenet_v2_x1_0_onnxrt_cuda.csv
shufflenet_v2_x1_0,onnxrt_cuda,348,Gather:/stage3/stage3.1/Gather_3_kernel_time,onnxruntime,onnx_node,0.019383,0.001066,0.018,0.026,60,0.000597,99.944333,250,clean_v2_without_tensorrt,/Users/hobongs/Desktop/HoBong_study/26-1/탄중/temp/jetson_nano_edgeai/my_results/clean_v2(without_tensorRT)/layer_runtime/shufflenet_v2_x1_0_onnxrt_cuda.csv
shufflenet_v2_x1_0,onnxrt_cuda,422,Unsqueeze:/stage3/stage3.1/Unsqueeze_2_kernel_time,onnxruntime,onnx_node,0.017133,0.000618,0.016,0.019,60,0.000528,99.985696,251,clean_v2_without_tensorrt,/Users/hobongs/Desktop/HoBong_study/26-1/탄중/temp/jetson_nano_edgeai/my_results/clean_v2(without_tensorRT)/layer_runtime/shufflenet_v2_x1_0_onnxrt_cuda.csv
shufflenet_v2_x1_0,onnxrt_cuda,322,Gather:/stage3/stage3.1/Gather_1_kernel_time,onnxruntime,onnx_node,0.019683,0.003939,0.018,0.049,60,0.000607,99.928682,252,clean_v2_without_tensorrt,/Users/hobongs/Desktop/HoBong_study/26-1/탄중/temp/jetson_nano_edgeai/my_results/clean_v2(without_tensorRT)/layer_runtime/shufflenet_v2_x1_0_onnxrt_cuda.csv
shufflenet_v2_x1_0,onnxrt_cuda,425,Unsqueeze:/stage3/stage3.1/Unsqueeze_kernel_time,onnxruntime,onnx_node,0.0171,0.001075,0.016,0.023,60,0.000527,99.987279,253,clean_v2_without_tensorrt,/Users/hobongs/Desktop/HoBong_study/26-1/탄중/temp/jetson_nano_edgeai/my_results/clean_v2(without_tensorRT)/layer_runtime/shufflenet_v2_x1_0_onnxrt_cuda.csv
shufflenet_v2_x1_0,onnxrt_cuda,537,Concat:/stage3/stage3.1/Concat_1_fence_before,onnxruntime,onnx_node,0.001,0.0,0.001,0.001,1,3.1e-05,99.993066,254,clean_v2_without_tensorrt,/Users/hobongs/Desktop/HoBong_study/26-1/탄중/temp/jetson_nano_edgeai/my_results/clean_v2(without_tensorRT)/layer_runtime/shufflenet_v2_x1_0_onnxrt_cuda.csv
shufflenet_v2_x1_0,onnxrt_cuda,139,Concat:/stage3/stage3.1/Concat_1_kernel_time,onnxruntime,onnx_node,0.0285,0.00401,0.026,0.057,60,0.000878,99.805311,255,clean_v2_without_tensorrt,/Users/hobongs/Desktop/HoBong_study/26-1/탄중/temp/jetson_nano_edgeai/my_results/clean_v2(without_tensorRT)/layer_runtime/shufflenet_v2_x1_0_onnxrt_cuda.csv
shufflenet_v2_x1_0,onnxrt_cuda,212,Reshape:/stage3/stage3.1/Reshape_kernel_time,onnxruntime,onnx_node,0.021667,0.003659,0.02,0.048,60,0.000668,99.858107,256,clean_v2_without_tensorrt,/Users/hobongs/Desktop/HoBong_study/26-1/탄중/temp/jetson_nano_edgeai/my_results/clean_v2(without_tensorRT)/layer_runtime/shufflenet_v2_x1_0_onnxrt_cuda.csv
shufflenet_v2_x1_0,onnxrt_cuda,111,Transpose:/stage3/stage3.1/Transpose_kernel_time,onnxruntime,onnx_node,0.074667,0.016579,0.067,0.193,60,0.002301,99.766198,257,clean_v2_without_tensorrt,/Users/hobongs/Desktop/HoBong_study/26-1/탄중/temp/jetson_nano_edgeai/my_results/clean_v2(without_tensorRT)/layer_runtime/shufflenet_v2_x1_0_onnxrt_cuda.csv
shufflenet_v2_x1_0,onnxrt_cuda,160,Concat:/stage3/stage3.1/Concat_2_kernel_time,onnxruntime,onnx_node,0.024267,0.001302,0.023,0.031,60,0.000748,99.821625,258,clean_v2_without_tensorrt,/Users/hobongs/Desktop/HoBong_study/26-1/탄중/temp/jetson_nano_edgeai/my_results/clean_v2(without_tensorRT)/layer_runtime/shufflenet_v2_x1_0_onnxrt_cuda.csv
shufflenet_v2_x1_0,onnxrt_cuda,246,Reshape:/stage3/stage3.1/Reshape_1_kernel_time,onnxruntime,onnx_node,0.021183,0.003398,0.019,0.045,60,0.000653,99.880562,259,clean_v2_without_tensorrt,/Users/hobongs/Desktop/HoBong_study/26-1/탄중/temp/jetson_nano_edgeai/my_results/clean_v2(without_tensorRT)/layer_runtime/shufflenet_v2_x1_0_onnxrt_cuda.csv
shufflenet_v2_x1_0,onnxrt_cuda,538,Shape:/stage3/stage3.2/Shape_fence_before,onnxruntime,onnx_node,0.001,0.0,0.001,0.001,1,3.1e-05,99.993097,260,clean_v2_without_tensorrt,/Users/hobongs/Desktop/HoBong_study/26-1/탄중/temp/jetson_nano_edgeai/my_results/clean_v2(without_tensorRT)/layer_runtime/shufflenet_v2_x1_0_onnxrt_cuda.csv
shufflenet_v2_x1_0,onnxrt_cuda,359,Shape:/stage3/stage3.2/Shape_kernel_time,onnxruntime,onnx_node,0.0192,0.001711,0.018,0.031,60,0.000592,99.95087,261,clean_v2_without_tensorrt,/Users/hobongs/Desktop/HoBong_study/26-1/탄중/temp/jetson_nano_edgeai/my_results/clean_v2(without_tensorRT)/layer_runtime/shufflenet_v2_x1_0_onnxrt_cuda.csv
shufflenet_v2_x1_0,onnxrt_cuda,314,Gather:/stage3/stage3.2/Gather_kernel_time,onnxruntime,onnx_node,0.019867,0.000826,0.019,0.023,60,0.000612,99.923812,262,clean_v2_without_tensorrt,/Users/hobongs/Desktop/HoBong_study/26-1/탄중/temp/jetson_nano_edgeai/my_results/clean_v2(without_tensorRT)/layer_runtime/shufflenet_v2_x1_0_onnxrt_cuda.csv
shufflenet_v2_x1_0,onnxrt_cuda,539,Add:/stage3/stage3.2/Add_fence_before,onnxruntime,onnx_node,0.001,0.0,0.001,0.001,5,3.1e-05,99.993128,263,clean_v2_without_tensorrt,/Users/hobongs/Desktop/HoBong_study/26-1/탄중/temp/jetson_nano_edgeai/my_results/clean_v2(without_tensorRT)/layer_runtime/shufflenet_v2_x1_0_onnxrt_cuda.csv
shufflenet_v2_x1_0,onnxrt_cuda,192,Add:/stage3/stage3.2/Add_kernel_time,onnxruntime,onnx_node,0.022517,0.001565,0.021,0.028,60,0.000694,99.844553,264,clean_v2_without_tensorrt,/Users/hobongs/Desktop/HoBong_study/26-1/탄중/temp/jetson_nano_edgeai/my_results/clean_v2(without_tensorRT)/layer_runtime/shufflenet_v2_x1_0_onnxrt_cuda.csv
shufflenet_v2_x1_0,onnxrt_cuda,266,Div:/stage3/stage3.2/Div_kernel_time,onnxruntime,onnx_node,0.0209,0.001912,0.019,0.032,60,0.000644,99.893549,265,clean_v2_without_tensorrt,/Users/hobongs/Desktop/HoBong_study/26-1/탄중/temp/jetson_nano_edgeai/my_results/clean_v2(without_tensorRT)/layer_runtime/shufflenet_v2_x1_0_onnxrt_cuda.csv
shufflenet_v2_x1_0,onnxrt_cuda,264,Mul:/stage3/stage3.2/Mul_1_kernel_time,onnxruntime,onnx_node,0.020983,0.001072,0.02,0.026,60,0.000647,99.892259,266,clean_v2_without_tensorrt,/Users/hobongs/Desktop/HoBong_study/26-1/탄중/temp/jetson_nano_edgeai/my_results/clean_v2(without_tensorRT)/layer_runtime/shufflenet_v2_x1_0_onnxrt_cuda.csv
shufflenet_v2_x1_0,onnxrt_cuda,307,Mul:/stage3/stage3.2/Mul_kernel_time,onnxruntime,onnx_node,0.020067,0.001302,0.019,0.025,60,0.000618,99.919509,267,clean_v2_without_tensorrt,/Users/hobongs/Desktop/HoBong_study/26-1/탄중/temp/jetson_nano_edgeai/my_results/clean_v2(without_tensorRT)/layer_runtime/shufflenet_v2_x1_0_onnxrt_cuda.csv
shufflenet_v2_x1_0,onnxrt_cuda,95,Slice:/stage3/stage3.2/Slice_1_kernel_time,onnxruntime,onnx_node,0.07875,0.01465,0.069,0.181,60,0.002427,99.728353,268,clean_v2_without_tensorrt,/Users/hobongs/Desktop/HoBong_study/26-1/탄중/temp/jetson_nano_edgeai/my_results/clean_v2(without_tensorRT)/layer_runtime/shufflenet_v2_x1_0_onnxrt_cuda.csv
shufflenet_v2_x1_0,onnxrt_cuda,540,FusedConv:/stage3/stage3.2/branch2/branch2.0/Conv_/stage3/stage3.2/branch2/branch2.2/Relu_fence_before,onnxruntime,onnx_node,0.001,0.0,0.001,0.001,31,3.1e-05,99.993159,269,clean_v2_without_tensorrt,/Users/hobongs/Desktop/HoBong_study/26-1/탄중/temp/jetson_nano_edgeai/my_results/clean_v2(without_tensorRT)/layer_runtime/shufflenet_v2_x1_0_onnxrt_cuda.csv
shufflenet_v2_x1_0,onnxrt_cuda,33,FusedConv:/stage3/stage3.2/branch2/branch2.0/Conv_/stage3/stage3.2/branch2/branch2.2/Relu_kernel_time,onnxruntime,onnx_node,0.634067,3.534387,0.154,27.782,60,0.01954,99.053562,270,clean_v2_without_tensorrt,/Users/hobongs/Desktop/HoBong_study/26-1/탄중/temp/jetson_nano_edgeai/my_results/clean_v2(without_tensorRT)/layer_runtime/shufflenet_v2_x1_0_onnxrt_cuda.csv
shufflenet_v2_x1_0,onnxrt_cuda,541,FusedConv:/stage3/stage3.2/branch2/branch2.0/Conv_/stage3/stage3.2/branch2/branch2.2/Relu_fence_after,onnxruntime,onnx_node,0.001,0.0,0.001,0.001,3,3.1e-05,99.993189,271,clean_v2_without_tensorrt,/Users/hobongs/Desktop/HoBong_study/26-1/탄중/temp/jetson_nano_edgeai/my_results/clean_v2(without_tensorRT)/layer_runtime/shufflenet_v2_x1_0_onnxrt_cuda.csv
shufflenet_v2_x1_0,onnxrt_cuda,542,Conv:/stage3/stage3.2/branch2/branch2.3/Conv_fence_before,onnxruntime,onnx_node,0.001,0.0,0.001,0.001,10,3.1e-05,99.99322,272,clean_v2_without_tensorrt,/Users/hobongs/Desktop/HoBong_study/26-1/탄중/temp/jetson_nano_edgeai/my_results/clean_v2(without_tensorRT)/layer_runtime/shufflenet_v2_x1_0_onnxrt_cuda.csv
shufflenet_v2_x1_0,onnxrt_cuda,11,Conv:/stage3/stage3.2/branch2/branch2.3/Conv_kernel_time,onnxruntime,onnx_node,2.27925,16.392836,0.136,128.195,60,0.07024,98.197144,273,clean_v2_without_tensorrt,/Users/hobongs/Desktop/HoBong_study/26-1/탄중/temp/jetson_nano_edgeai/my_results/clean_v2(without_tensorRT)/layer_runtime/shufflenet_v2_x1_0_onnxrt_cuda.csv
shufflenet_v2_x1_0,onnxrt_cuda,543,Conv:/stage3/stage3.2/branch2/branch2.3/Conv_fence_after,onnxruntime,onnx_node,0.001,0.0,0.001,0.001,1,3.1e-05,99.993251,274,clean_v2_without_tensorrt,/Users/hobongs/Desktop/HoBong_study/26-1/탄중/temp/jetson_nano_edgeai/my_results/clean_v2(without_tensorRT)/layer_runtime/shufflenet_v2_x1_0_onnxrt_cuda.csv
shufflenet_v2_x1_0,onnxrt_cuda,544,FusedConv:/stage3/stage3.2/branch2/branch2.5/Conv_/stage3/stage3.2/branch2/branch2.7/Relu_fence_before,onnxruntime,onnx_node,0.001,0.0,0.001,0.001,5,3.1e-05,99.993282,275,clean_v2_without_tensorrt,/Users/hobongs/Desktop/HoBong_study/26-1/탄중/temp/jetson_nano_edgeai/my_results/clean_v2(without_tensorRT)/layer_runtime/shufflenet_v2_x1_0_onnxrt_cuda.csv
shufflenet_v2_x1_0,onnxrt_cuda,49,FusedConv:/stage3/stage3.2/branch2/branch2.5/Conv_/stage3/stage3.2/branch2/branch2.7/Relu_kernel_time,onnxruntime,onnx_node,0.606633,3.56489,0.133,27.989,60,0.018695,99.357224,276,clean_v2_without_tensorrt,/Users/hobongs/Desktop/HoBong_study/26-1/탄중/temp/jetson_nano_edgeai/my_results/clean_v2(without_tensorRT)/layer_runtime/shufflenet_v2_x1_0_onnxrt_cuda.csv
shufflenet_v2_x1_0,onnxrt_cuda,545,FusedConv:/stage3/stage3.2/branch2/branch2.5/Conv_/stage3/stage3.2/branch2/branch2.7/Relu_fence_after,onnxruntime,onnx_node,0.001,0.0,0.001,0.001,1,3.1e-05,99.993313,277,clean_v2_without_tensorrt,/Users/hobongs/Desktop/HoBong_study/26-1/탄중/temp/jetson_nano_edgeai/my_results/clean_v2(without_tensorRT)/layer_runtime/shufflenet_v2_x1_0_onnxrt_cuda.csv
shufflenet_v2_x1_0,onnxrt_cuda,546,Slice:/stage3/stage3.2/Slice_fence_before,onnxruntime,onnx_node,0.001,0.0,0.001,0.001,2,3.1e-05,99.993344,278,clean_v2_without_tensorrt,/Users/hobongs/Desktop/HoBong_study/26-1/탄중/temp/jetson_nano_edgeai/my_results/clean_v2(without_tensorRT)/layer_runtime/shufflenet_v2_x1_0_onnxrt_cuda.csv
shufflenet_v2_x1_0,onnxrt_cuda,94,Slice:/stage3/stage3.2/Slice_kernel_time,onnxruntime,onnx_node,0.078783,0.015615,0.072,0.193,60,0.002428,99.725926,279,clean_v2_without_tensorrt,/Users/hobongs/Desktop/HoBong_study/26-1/탄중/temp/jetson_nano_edgeai/my_results/clean_v2(without_tensorRT)/layer_runtime/shufflenet_v2_x1_0_onnxrt_cuda.csv
shufflenet_v2_x1_0,onnxrt_cuda,547,Concat:/stage3/stage3.2/Concat_fence_before,onnxruntime,onnx_node,0.001,0.0,0.001,0.001,3,3.1e-05,99.993374,280,clean_v2_without_tensorrt,/Users/hobongs/Desktop/HoBong_study/26-1/탄중/temp/jetson_nano_edgeai/my_results/clean_v2(without_tensorRT)/layer_runtime/shufflenet_v2_x1_0_onnxrt_cuda.csv
shufflenet_v2_x1_0,onnxrt_cuda,69,Concat:/stage3/stage3.2/Concat_kernel_time,onnxruntime,onnx_node,0.236933,0.039556,0.222,0.535,60,0.007302,99.624657,281,clean_v2_without_tensorrt,/Users/hobongs/Desktop/HoBong_study/26-1/탄중/temp/jetson_nano_edgeai/my_results/clean_v2(without_tensorRT)/layer_runtime/shufflenet_v2_x1_0_onnxrt_cuda.csv
shufflenet_v2_x1_0,onnxrt_cuda,548,Shape:/stage3/stage3.2/Shape_2_fence_before,onnxruntime,onnx_node,0.001,0.0,0.001,0.001,6,3.1e-05,99.993405,282,clean_v2_without_tensorrt,/Users/hobongs/Desktop/HoBong_study/26-1/탄중/temp/jetson_nano_edgeai/my_results/clean_v2(without_tensorRT)/layer_runtime/shufflenet_v2_x1_0_onnxrt_cuda.csv
shufflenet_v2_x1_0,onnxrt_cuda,213,Shape:/stage3/stage3.2/Shape_2_kernel_time,onnxruntime,onnx_node,0.021633,0.004719,0.019,0.046,60,0.000667,99.858774,283,clean_v2_without_tensorrt,/Users/hobongs/Desktop/HoBong_study/26-1/탄중/temp/jetson_nano_edgeai/my_results/clean_v2(without_tensorRT)/layer_runtime/shufflenet_v2_x1_0_onnxrt_cuda.csv
shufflenet_v2_x1_0,onnxrt_cuda,549,Gather:/stage3/stage3.2/Gather_2_fence_before,onnxruntime,onnx_node,0.001,0.0,0.001,0.001,4,3.1e-05,99.993436,284,clean_v2_without_tensorrt,/Users/hobongs/Desktop/HoBong_study/26-1/탄중/temp/jetson_nano_edgeai/my_results/clean_v2(without_tensorRT)/layer_runtime/shufflenet_v2_x1_0_onnxrt_cuda.csv
shufflenet_v2_x1_0,onnxrt_cuda,194,Gather:/stage3/stage3.2/Gather_2_kernel_time,onnxruntime,onnx_node,0.0224,0.00462,0.02,0.046,60,0.00069,99.845936,285,clean_v2_without_tensorrt,/Users/hobongs/Desktop/HoBong_study/26-1/탄중/temp/jetson_nano_edgeai/my_results/clean_v2(without_tensorRT)/layer_runtime/shufflenet_v2_x1_0_onnxrt_cuda.csv
shufflenet_v2_x1_0,onnxrt_cuda,550,Div:/stage3/stage3.2/Div_1_fence_before,onnxruntime,onnx_node,0.001,0.0,0.001,0.001,2,3.1e-05,99.993467,286,clean_v2_without_tensorrt,/Users/hobongs/Desktop/HoBong_study/26-1/탄중/temp/jetson_nano_edgeai/my_results/clean_v2(without_tensorRT)/layer_runtime/shufflenet_v2_x1_0_onnxrt_cuda.csv
shufflenet_v2_x1_0,onnxrt_cuda,165,Div:/stage3/stage3.2/Div_1_kernel_time,onnxruntime,onnx_node,0.023783,0.001684,0.022,0.034,60,0.000733,99.825316,287,clean_v2_without_tensorrt,/Users/hobongs/Desktop/HoBong_study/26-1/탄중/temp/jetson_nano_edgeai/my_results/clean_v2(without_tensorRT)/layer_runtime/shufflenet_v2_x1_0_onnxrt_cuda.csv
shufflenet_v2_x1_0,onnxrt_cuda,551,Unsqueeze:/stage3/stage3.2/Unsqueeze_1_fence_before,onnxruntime,onnx_node,0.001,0.0,0.001,0.001,2,3.1e-05,99.993498,288,clean_v2_without_tensorrt,/Users/hobongs/Desktop/HoBong_study/26-1/탄중/temp/jetson_nano_edgeai/my_results/clean_v2(without_tensorRT)/layer_runtime/shufflenet_v2_x1_0_onnxrt_cuda.csv
shufflenet_v2_x1_0,onnxrt_cuda,375,Unsqueeze:/stage3/stage3.2/Unsqueeze_1_kernel_time,onnxruntime,onnx_node,0.018367,0.000752,0.017,0.022,60,0.000566,99.96015,289,clean_v2_without_tensorrt,/Users/hobongs/Desktop/HoBong_study/26-1/탄중/temp/jetson_nano_edgeai/my_results/clean_v2(without_tensorRT)/layer_runtime/shufflenet_v2_x1_0_onnxrt_cuda.csv
shufflenet_v2_x1_0,onnxrt_cuda,340,Gather:/stage3/stage3.2/Gather_4_kernel_time,onnxruntime,onnx_node,0.0195,0.000992,0.018,0.025,60,0.000601,99.939541,290,clean_v2_without_tensorrt,/Users/hobongs/Desktop/HoBong_study/26-1/탄중/temp/jetson_nano_edgeai/my_results/clean_v2(without_tensorRT)/layer_runtime/shufflenet_v2_x1_0_onnxrt_cuda.csv
shufflenet_v2_x1_0,onnxrt_cuda,407,Unsqueeze:/stage3/stage3.2/Unsqueeze_3_kernel_time,onnxruntime,onnx_node,0.017367,0.000605,0.017,0.02,60,0.000535,99.977719,291,clean_v2_without_tensorrt,/Users/hobongs/Desktop/HoBong_study/26-1/탄중/temp/jetson_nano_edgeai/my_results/clean_v2(without_tensorRT)/layer_runtime/shufflenet_v2_x1_0_onnxrt_cuda.csv
shufflenet_v2_x1_0,onnxrt_cuda,329,Gather:/stage3/stage3.2/Gather_3_kernel_time,onnxruntime,onnx_node,0.019633,0.003214,0.018,0.044,60,0.000605,99.932919,292,clean_v2_without_tensorrt,/Users/hobongs/Desktop/HoBong_study/26-1/탄중/temp/jetson_nano_edgeai/my_results/clean_v2(without_tensorRT)/layer_runtime/shufflenet_v2_x1_0_onnxrt_cuda.csv
shufflenet_v2_x1_0,onnxrt_cuda,388,Unsqueeze:/stage3/stage3.2/Unsqueeze_2_kernel_time,onnxruntime,onnx_node,0.01785,0.003092,0.017,0.041,60,0.00055,99.96742,293,clean_v2_without_tensorrt,/Users/hobongs/Desktop/HoBong_study/26-1/탄중/temp/jetson_nano_edgeai/my_results/clean_v2(without_tensorRT)/layer_runtime/shufflenet_v2_x1_0_onnxrt_cuda.csv
shufflenet_v2_x1_0,onnxrt_cuda,352,Gather:/stage3/stage3.2/Gather_1_kernel_time,onnxruntime,onnx_node,0.0193,0.001256,0.018,0.028,60,0.000595,99.946718,294,clean_v2_without_tensorrt,/Users/hobongs/Desktop/HoBong_study/26-1/탄중/temp/jetson_nano_edgeai/my_results/clean_v2(without_tensorRT)/layer_runtime/shufflenet_v2_x1_0_onnxrt_cuda.csv
shufflenet_v2_x1_0,onnxrt_cuda,395,Unsqueeze:/stage3/stage3.2/Unsqueeze_kernel_time,onnxruntime,onnx_node,0.017633,0.003235,0.016,0.042,60,0.000543,99.97125,295,clean_v2_without_tensorrt,/Users/hobongs/Desktop/HoBong_study/26-1/탄중/temp/jetson_nano_edgeai/my_results/clean_v2(without_tensorRT)/layer_runtime/shufflenet_v2_x1_0_onnxrt_cuda.csv
shufflenet_v2_x1_0,onnxrt_cuda,129,Concat:/stage3/stage3.2/Concat_1_kernel_time,onnxruntime,onnx_node,0.02985,0.004564,0.027,0.054,60,0.00092,99.796362,296,clean_v2_without_tensorrt,/Users/hobongs/Desktop/HoBong_study/26-1/탄중/temp/jetson_nano_edgeai/my_results/clean_v2(without_tensorRT)/layer_runtime/shufflenet_v2_x1_0_onnxrt_cuda.csv
shufflenet_v2_x1_0,onnxrt_cuda,552,Reshape:/stage3/stage3.2/Reshape_fence_before,onnxruntime,onnx_node,0.001,0.0,0.001,0.001,6,3.1e-05,99.993528,297,clean_v2_without_tensorrt,/Users/hobongs/Desktop/HoBong_study/26-1/탄중/temp/jetson_nano_edgeai/my_results/clean_v2(without_tensorRT)/layer_runtime/shufflenet_v2_x1_0_onnxrt_cuda.csv
shufflenet_v2_x1_0,onnxrt_cuda,226,Reshape:/stage3/stage3.2/Reshape_kernel_time,onnxruntime,onnx_node,0.0215,0.001555,0.019,0.03,60,0.000663,99.867414,298,clean_v2_without_tensorrt,/Users/hobongs/Desktop/HoBong_study/26-1/탄중/temp/jetson_nano_edgeai/my_results/clean_v2(without_tensorRT)/layer_runtime/shufflenet_v2_x1_0_onnxrt_cuda.csv
shufflenet_v2_x1_0,onnxrt_cuda,110,Transpose:/stage3/stage3.2/Transpose_kernel_time,onnxruntime,onnx_node,0.074833,0.01633,0.067,0.198,60,0.002306,99.763897,299,clean_v2_without_tensorrt,/Users/hobongs/Desktop/HoBong_study/26-1/탄중/temp/jetson_nano_edgeai/my_results/clean_v2(without_tensorRT)/layer_runtime/shufflenet_v2_x1_0_onnxrt_cuda.csv
shufflenet_v2_x1_0,onnxrt_cuda,155,Concat:/stage3/stage3.2/Concat_2_kernel_time,onnxruntime,onnx_node,0.024933,0.001537,0.023,0.033,60,0.000768,99.817852,300,clean_v2_without_tensorrt,/Users/hobongs/Desktop/HoBong_study/26-1/탄중/temp/jetson_nano_edgeai/my_results/clean_v2(without_tensorRT)/layer_runtime/shufflenet_v2_x1_0_onnxrt_cuda.csv
shufflenet_v2_x1_0,onnxrt_cuda,267,Reshape:/stage3/stage3.2/Reshape_1_kernel_time,onnxruntime,onnx_node,0.0209,0.001179,0.019,0.026,60,0.000644,99.894193,301,clean_v2_without_tensorrt,/Users/hobongs/Desktop/HoBong_study/26-1/탄중/temp/jetson_nano_edgeai/my_results/clean_v2(without_tensorRT)/layer_runtime/shufflenet_v2_x1_0_onnxrt_cuda.csv
shufflenet_v2_x1_0,onnxrt_cuda,365,Shape:/stage3/stage3.3/Shape_kernel_time,onnxruntime,onnx_node,0.01895,0.001488,0.018,0.029,60,0.000584,99.954398,302,clean_v2_without_tensorrt,/Users/hobongs/Desktop/HoBong_study/26-1/탄중/temp/jetson_nano_edgeai/my_results/clean_v2(without_tensorRT)/layer_runtime/shufflenet_v2_x1_0_onnxrt_cuda.csv
shufflenet_v2_x1_0,onnxrt_cuda,280,Gather:/stage3/stage3.3/Gather_kernel_time,onnxruntime,onnx_node,0.0207,0.000802,0.019,0.024,60,0.000638,99.902519,303,clean_v2_without_tensorrt,/Users/hobongs/Desktop/HoBong_study/26-1/탄중/temp/jetson_nano_edgeai/my_results/clean_v2(without_tensorRT)/layer_runtime/shufflenet_v2_x1_0_onnxrt_cuda.csv
shufflenet_v2_x1_0,onnxrt_cuda,553,Add:/stage3/stage3.3/Add_fence_before,onnxruntime,onnx_node,0.001,0.0,0.001,0.001,8,3.1e-05,99.993559,304,clean_v2_without_tensorrt,/Users/hobongs/Desktop/HoBong_study/26-1/탄중/temp/jetson_nano_edgeai/my_results/clean_v2(without_tensorRT)/layer_runtime/shufflenet_v2_x1_0_onnxrt_cuda.csv
shufflenet_v2_x1_0,onnxrt_cuda,197,Add:/stage3/stage3.3/Add_kernel_time,onnxruntime,onnx_node,0.022183,0.001103,0.021,0.028,60,0.000684,99.847992,305,clean_v2_without_tensorrt,/Users/hobongs/Desktop/HoBong_study/26-1/탄중/temp/jetson_nano_edgeai/my_results/clean_v2(without_tensorRT)/layer_runtime/shufflenet_v2_x1_0_onnxrt_cuda.csv
shufflenet_v2_x1_0,onnxrt_cuda,216,Div:/stage3/stage3.3/Div_kernel_time,onnxruntime,onnx_node,0.0216,0.001405,0.02,0.027,60,0.000666,99.860773,306,clean_v2_without_tensorrt,/Users/hobongs/Desktop/HoBong_study/26-1/탄중/temp/jetson_nano_edgeai/my_results/clean_v2(without_tensorRT)/layer_runtime/shufflenet_v2_x1_0_onnxrt_cuda.csv
shufflenet_v2_x1_0,onnxrt_cuda,238,Mul:/stage3/stage3.3/Mul_1_kernel_time,onnxruntime,onnx_node,0.021317,0.001088,0.02,0.026,60,0.000657,99.875325,307,clean_v2_without_tensorrt,/Users/hobongs/Desktop/HoBong_study/26-1/탄중/temp/jetson_nano_edgeai/my_results/clean_v2(without_tensorRT)/layer_runtime/shufflenet_v2_x1_0_onnxrt_cuda.csv
shufflenet_v2_x1_0,onnxrt_cuda,291,Mul:/stage3/stage3.3/Mul_kernel_time,onnxruntime,onnx_node,0.020533,0.003344,0.019,0.045,60,0.000633,99.909508,308,clean_v2_without_tensorrt,/Users/hobongs/Desktop/HoBong_study/26-1/탄중/temp/jetson_nano_edgeai/my_results/clean_v2(without_tensorRT)/layer_runtime/shufflenet_v2_x1_0_onnxrt_cuda.csv
shufflenet_v2_x1_0,onnxrt_cuda,93,Slice:/stage3/stage3.3/Slice_1_kernel_time,onnxruntime,onnx_node,0.078917,0.026381,0.068,0.278,60,0.002432,99.723498,309,clean_v2_without_tensorrt,/Users/hobongs/Desktop/HoBong_study/26-1/탄중/temp/jetson_nano_edgeai/my_results/clean_v2(without_tensorRT)/layer_runtime/shufflenet_v2_x1_0_onnxrt_cuda.csv
shufflenet_v2_x1_0,onnxrt_cuda,554,FusedConv:/stage3/stage3.3/branch2/branch2.0/Conv_/stage3/stage3.3/branch2/branch2.2/Relu_fence_before,onnxruntime,onnx_node,0.001,0.0,0.001,0.001,30,3.1e-05,99.99359,310,clean_v2_without_tensorrt,/Users/hobongs/Desktop/HoBong_study/26-1/탄중/temp/jetson_nano_edgeai/my_results/clean_v2(without_tensorRT)/layer_runtime/shufflenet_v2_x1_0_onnxrt_cuda.csv
shufflenet_v2_x1_0,onnxrt_cuda,31,FusedConv:/stage3/stage3.3/branch2/branch2.0/Conv_/stage3/stage3.3/branch2/branch2.2/Relu_kernel_time,onnxruntime,onnx_node,0.6364,3.559463,0.152,27.977,60,0.019612,99.014453,311,clean_v2_without_tensorrt,/Users/hobongs/Desktop/HoBong_study/26-1/탄중/temp/jetson_nano_edgeai/my_results/clean_v2(without_tensorRT)/layer_runtime/shufflenet_v2_x1_0_onnxrt_cuda.csv
shufflenet_v2_x1_0,onnxrt_cuda,555,FusedConv:/stage3/stage3.3/branch2/branch2.0/Conv_/stage3/stage3.3/branch2/branch2.2/Relu_fence_after,onnxruntime,onnx_node,0.001,0.0,0.001,0.001,2,3.1e-05,99.993621,312,clean_v2_without_tensorrt,/Users/hobongs/Desktop/HoBong_study/26-1/탄중/temp/jetson_nano_edgeai/my_results/clean_v2(without_tensorRT)/layer_runtime/shufflenet_v2_x1_0_onnxrt_cuda.csv
shufflenet_v2_x1_0,onnxrt_cuda,556,Conv:/stage3/stage3.3/branch2/branch2.3/Conv_fence_before,onnxruntime,onnx_node,0.001,0.0,0.001,0.001,16,3.1e-05,99.993652,313,clean_v2_without_tensorrt,/Users/hobongs/Desktop/HoBong_study/26-1/탄중/temp/jetson_nano_edgeai/my_results/clean_v2(without_tensorRT)/layer_runtime/shufflenet_v2_x1_0_onnxrt_cuda.csv
shufflenet_v2_x1_0,onnxrt_cuda,12,Conv:/stage3/stage3.3/branch2/branch2.3/Conv_kernel_time,onnxruntime,onnx_node,2.278467,16.368463,0.139,128.007,60,0.070216,98.267359,314,clean_v2_without_tensorrt,/Users/hobongs/Desktop/HoBong_study/26-1/탄중/temp/jetson_nano_edgeai/my_results/clean_v2(without_tensorRT)/layer_runtime/shufflenet_v2_x1_0_onnxrt_cuda.csv
shufflenet_v2_x1_0,onnxrt_cuda,557,Conv:/stage3/stage3.3/branch2/branch2.3/Conv_fence_after,onnxruntime,onnx_node,0.001,0.0,0.001,0.001,2,3.1e-05,99.993683,315,clean_v2_without_tensorrt,/Users/hobongs/Desktop/HoBong_study/26-1/탄중/temp/jetson_nano_edgeai/my_results/clean_v2(without_tensorRT)/layer_runtime/shufflenet_v2_x1_0_onnxrt_cuda.csv
shufflenet_v2_x1_0,onnxrt_cuda,558,FusedConv:/stage3/stage3.3/branch2/branch2.5/Conv_/stage3/stage3.3/branch2/branch2.7/Relu_fence_before,onnxruntime,onnx_node,0.001,0.0,0.001,0.001,3,3.1e-05,99.993713,316,clean_v2_without_tensorrt,/Users/hobongs/Desktop/HoBong_study/26-1/탄중/temp/jetson_nano_edgeai/my_results/clean_v2(without_tensorRT)/layer_runtime/shufflenet_v2_x1_0_onnxrt_cuda.csv
shufflenet_v2_x1_0,onnxrt_cuda,48,FusedConv:/stage3/stage3.3/branch2/branch2.5/Conv_/stage3/stage3.3/branch2/branch2.7/Relu_kernel_time,onnxruntime,onnx_node,0.60785,3.564468,0.136,27.987,60,0.018732,99.338529,317,clean_v2_without_tensorrt,/Users/hobongs/Desktop/HoBong_study/26-1/탄중/temp/jetson_nano_edgeai/my_results/clean_v2(without_tensorRT)/layer_runtime/shufflenet_v2_x1_0_onnxrt_cuda.csv
shufflenet_v2_x1_0,onnxrt_cuda,559,FusedConv:/stage3/stage3.3/branch2/branch2.5/Conv_/stage3/stage3.3/branch2/branch2.7/Relu_fence_after,onnxruntime,onnx_node,0.001,0.0,0.001,0.001,1,3.1e-05,99.993744,318,clean_v2_without_tensorrt,/Users/hobongs/Desktop/HoBong_study/26-1/탄중/temp/jetson_nano_edgeai/my_results/clean_v2(without_tensorRT)/layer_runtime/shufflenet_v2_x1_0_onnxrt_cuda.csv
shufflenet_v2_x1_0,onnxrt_cuda,560,Slice:/stage3/stage3.3/Slice_fence_before,onnxruntime,onnx_node,0.001,0.0,0.001,0.001,1,3.1e-05,99.993775,319,clean_v2_without_tensorrt,/Users/hobongs/Desktop/HoBong_study/26-1/탄중/temp/jetson_nano_edgeai/my_results/clean_v2(without_tensorRT)/layer_runtime/shufflenet_v2_x1_0_onnxrt_cuda.csv
shufflenet_v2_x1_0,onnxrt_cuda,90,Slice:/stage3/stage3.3/Slice_kernel_time,onnxruntime,onnx_node,0.079183,0.016136,0.072,0.2,60,0.00244,99.716195,320,clean_v2_without_tensorrt,/Users/hobongs/Desktop/HoBong_study/26-1/탄중/temp/jetson_nano_edgeai/my_results/clean_v2(without_tensorRT)/layer_runtime/shufflenet_v2_x1_0_onnxrt_cuda.csv
shufflenet_v2_x1_0,onnxrt_cuda,561,Concat:/stage3/stage3.3/Concat_fence_before,onnxruntime,onnx_node,0.001,0.0,0.001,0.001,9,3.1e-05,99.993806,321,clean_v2_without_tensorrt,/Users/hobongs/Desktop/HoBong_study/26-1/탄중/temp/jetson_nano_edgeai/my_results/clean_v2(without_tensorRT)/layer_runtime/shufflenet_v2_x1_0_onnxrt_cuda.csv
shufflenet_v2_x1_0,onnxrt_cuda,65,Concat:/stage3/stage3.3/Concat_kernel_time,onnxruntime,onnx_node,0.239833,0.039913,0.226,0.541,60,0.007391,99.595244,322,clean_v2_without_tensorrt,/Users/hobongs/Desktop/HoBong_study/26-1/탄중/temp/jetson_nano_edgeai/my_results/clean_v2(without_tensorRT)/layer_runtime/shufflenet_v2_x1_0_onnxrt_cuda.csv
shufflenet_v2_x1_0,onnxrt_cuda,562,Shape:/stage3/stage3.3/Shape_2_fence_before,onnxruntime,onnx_node,0.001,0.0,0.001,0.001,1,3.1e-05,99.993837,323,clean_v2_without_tensorrt,/Users/hobongs/Desktop/HoBong_study/26-1/탄중/temp/jetson_nano_edgeai/my_results/clean_v2(without_tensorRT)/layer_runtime/shufflenet_v2_x1_0_onnxrt_cuda.csv
shufflenet_v2_x1_0,onnxrt_cuda,281,Shape:/stage3/stage3.3/Shape_2_kernel_time,onnxruntime,onnx_node,0.0207,0.003887,0.019,0.046,60,0.000638,99.903157,324,clean_v2_without_tensorrt,/Users/hobongs/Desktop/HoBong_study/26-1/탄중/temp/jetson_nano_edgeai/my_results/clean_v2(without_tensorRT)/layer_runtime/shufflenet_v2_x1_0_onnxrt_cuda.csv
shufflenet_v2_x1_0,onnxrt_cuda,563,Gather:/stage3/stage3.3/Gather_2_fence_before,onnxruntime,onnx_node,0.001,0.0,0.001,0.001,6,3.1e-05,99.993867,325,clean_v2_without_tensorrt,/Users/hobongs/Desktop/HoBong_study/26-1/탄중/temp/jetson_nano_edgeai/my_results/clean_v2(without_tensorRT)/layer_runtime/shufflenet_v2_x1_0_onnxrt_cuda.csv
shufflenet_v2_x1_0,onnxrt_cuda,237,Gather:/stage3/stage3.3/Gather_2_kernel_time,onnxruntime,onnx_node,0.021333,0.001938,0.02,0.035,60,0.000657,99.874669,326,clean_v2_without_tensorrt,/Users/hobongs/Desktop/HoBong_study/26-1/탄중/temp/jetson_nano_edgeai/my_results/clean_v2(without_tensorRT)/layer_runtime/shufflenet_v2_x1_0_onnxrt_cuda.csv
shufflenet_v2_x1_0,onnxrt_cuda,564,Div:/stage3/stage3.3/Div_1_fence_before,onnxruntime,onnx_node,0.001,0.0,0.001,0.001,2,3.1e-05,99.993898,327,clean_v2_without_tensorrt,/Users/hobongs/Desktop/HoBong_study/26-1/탄중/temp/jetson_nano_edgeai/my_results/clean_v2(without_tensorRT)/layer_runtime/shufflenet_v2_x1_0_onnxrt_cuda.csv
shufflenet_v2_x1_0,onnxrt_cuda,177,Div:/stage3/stage3.3/Div_1_kernel_time,onnxruntime,onnx_node,0.023217,0.001539,0.022,0.034,60,0.000715,99.834019,328,clean_v2_without_tensorrt,/Users/hobongs/Desktop/HoBong_study/26-1/탄중/temp/jetson_nano_edgeai/my_results/clean_v2(without_tensorRT)/layer_runtime/shufflenet_v2_x1_0_onnxrt_cuda.csv
shufflenet_v2_x1_0,onnxrt_cuda,565,Unsqueeze:/stage3/stage3.3/Unsqueeze_1_fence_before,onnxruntime,onnx_node,0.001,0.0,0.001,0.001,4,3.1e-05,99.993929,329,clean_v2_without_tensorrt,/Users/hobongs/Desktop/HoBong_study/26-1/탄중/temp/jetson_nano_edgeai/my_results/clean_v2(without_tensorRT)/layer_runtime/shufflenet_v2_x1_0_onnxrt_cuda.csv
shufflenet_v2_x1_0,onnxrt_cuda,385,Unsqueeze:/stage3/stage3.3/Unsqueeze_1_kernel_time,onnxruntime,onnx_node,0.01805,0.000644,0.017,0.022,60,0.000556,99.965762,330,clean_v2_without_tensorrt,/Users/hobongs/Desktop/HoBong_study/26-1/탄중/temp/jetson_nano_edgeai/my_results/clean_v2(without_tensorRT)/layer_runtime/shufflenet_v2_x1_0_onnxrt_cuda.csv
shufflenet_v2_x1_0,onnxrt_cuda,334,Gather:/stage3/stage3.3/Gather_4_kernel_time,onnxruntime,onnx_node,0.019533,0.001103,0.018,0.027,60,0.000602,99.935933,331,clean_v2_without_tensorrt,/Users/hobongs/Desktop/HoBong_study/26-1/탄중/temp/jetson_nano_edgeai/my_results/clean_v2(without_tensorRT)/layer_runtime/shufflenet_v2_x1_0_onnxrt_cuda.csv
shufflenet_v2_x1_0,onnxrt_cuda,409,Unsqueeze:/stage3/stage3.3/Unsqueeze_3_kernel_time,onnxruntime,onnx_node,0.017333,0.00065,0.017,0.021,60,0.000534,99.978788,332,clean_v2_without_tensorrt,/Users/hobongs/Desktop/HoBong_study/26-1/탄중/temp/jetson_nano_edgeai/my_results/clean_v2(without_tensorRT)/layer_runtime/shufflenet_v2_x1_0_onnxrt_cuda.csv
shufflenet_v2_x1_0,onnxrt_cuda,311,Gather:/stage3/stage3.3/Gather_3_kernel_time,onnxruntime,onnx_node,0.01995,0.003556,0.018,0.046,60,0.000615,99.921973,333,clean_v2_without_tensorrt,/Users/hobongs/Desktop/HoBong_study/26-1/탄중/temp/jetson_nano_edgeai/my_results/clean_v2(without_tensorRT)/layer_runtime/shufflenet_v2_x1_0_onnxrt_cuda.csv
shufflenet_v2_x1_0,onnxrt_cuda,419,Unsqueeze:/stage3/stage3.3/Unsqueeze_2_kernel_time,onnxruntime,onnx_node,0.017183,0.000645,0.016,0.02,60,0.00053,99.98411,334,clean_v2_without_tensorrt,/Users/hobongs/Desktop/HoBong_study/26-1/탄중/temp/jetson_nano_edgeai/my_results/clean_v2(without_tensorRT)/layer_runtime/shufflenet_v2_x1_0_onnxrt_cuda.csv
shufflenet_v2_x1_0,onnxrt_cuda,308,Gather:/stage3/stage3.3/Gather_1_kernel_time,onnxruntime,onnx_node,0.020017,0.000991,0.019,0.025,60,0.000617,99.920126,335,clean_v2_without_tensorrt,/Users/hobongs/Desktop/HoBong_study/26-1/탄중/temp/jetson_nano_edgeai/my_results/clean_v2(without_tensorRT)/layer_runtime/shufflenet_v2_x1_0_onnxrt_cuda.csv
shufflenet_v2_x1_0,onnxrt_cuda,416,Unsqueeze:/stage3/stage3.3/Unsqueeze_kernel_time,onnxruntime,onnx_node,0.017233,0.000642,0.016,0.02,60,0.000531,99.982519,336,clean_v2_without_tensorrt,/Users/hobongs/Desktop/HoBong_study/26-1/탄중/temp/jetson_nano_edgeai/my_results/clean_v2(without_tensorRT)/layer_runtime/shufflenet_v2_x1_0_onnxrt_cuda.csv
shufflenet_v2_x1_0,onnxrt_cuda,131,Concat:/stage3/stage3.3/Concat_1_kernel_time,onnxruntime,onnx_node,0.029567,0.005149,0.026,0.056,60,0.000911,99.798187,337,clean_v2_without_tensorrt,/Users/hobongs/Desktop/HoBong_study/26-1/탄중/temp/jetson_nano_edgeai/my_results/clean_v2(without_tensorRT)/layer_runtime/shufflenet_v2_x1_0_onnxrt_cuda.csv
shufflenet_v2_x1_0,onnxrt_cuda,566,Reshape:/stage3/stage3.3/Reshape_fence_before,onnxruntime,onnx_node,0.001,0.0,0.001,0.001,3,3.1e-05,99.99396,338,clean_v2_without_tensorrt,/Users/hobongs/Desktop/HoBong_study/26-1/탄중/temp/jetson_nano_edgeai/my_results/clean_v2(without_tensorRT)/layer_runtime/shufflenet_v2_x1_0_onnxrt_cuda.csv
shufflenet_v2_x1_0,onnxrt_cuda,243,Reshape:/stage3/stage3.3/Reshape_kernel_time,onnxruntime,onnx_node,0.021233,0.001023,0.02,0.027,60,0.000654,99.878603,339,clean_v2_without_tensorrt,/Users/hobongs/Desktop/HoBong_study/26-1/탄중/temp/jetson_nano_edgeai/my_results/clean_v2(without_tensorRT)/layer_runtime/shufflenet_v2_x1_0_onnxrt_cuda.csv
shufflenet_v2_x1_0,onnxrt_cuda,115,Transpose:/stage3/stage3.3/Transpose_kernel_time,onnxruntime,onnx_node,0.073617,0.015052,0.068,0.186,60,0.002269,99.775319,340,clean_v2_without_tensorrt,/Users/hobongs/Desktop/HoBong_study/26-1/탄중/temp/jetson_nano_edgeai/my_results/clean_v2(without_tensorRT)/layer_runtime/shufflenet_v2_x1_0_onnxrt_cuda.csv
shufflenet_v2_x1_0,onnxrt_cuda,145,Concat:/stage3/stage3.3/Concat_2_kernel_time,onnxruntime,onnx_node,0.025683,0.004133,0.023,0.051,60,0.000791,99.810114,341,clean_v2_without_tensorrt,/Users/hobongs/Desktop/HoBong_study/26-1/탄중/temp/jetson_nano_edgeai/my_results/clean_v2(without_tensorRT)/layer_runtime/shufflenet_v2_x1_0_onnxrt_cuda.csv
shufflenet_v2_x1_0,onnxrt_cuda,198,Reshape:/stage3/stage3.3/Reshape_1_kernel_time,onnxruntime,onnx_node,0.022117,0.004813,0.02,0.048,60,0.000682,99.848674,342,clean_v2_without_tensorrt,/Users/hobongs/Desktop/HoBong_study/26-1/탄중/temp/jetson_nano_edgeai/my_results/clean_v2(without_tensorRT)/layer_runtime/shufflenet_v2_x1_0_onnxrt_cuda.csv
shufflenet_v2_x1_0,onnxrt_cuda,368,Shape:/stage3/stage3.4/Shape_kernel_time,onnxruntime,onnx_node,0.018867,0.001477,0.018,0.029,60,0.000581,99.956145,343,clean_v2_without_tensorrt,/Users/hobongs/Desktop/HoBong_study/26-1/탄중/temp/jetson_nano_edgeai/my_results/clean_v2(without_tensorRT)/layer_runtime/shufflenet_v2_x1_0_onnxrt_cuda.csv
shufflenet_v2_x1_0,onnxrt_cuda,315,Gather:/stage3/stage3.4/Gather_kernel_time,onnxruntime,onnx_node,0.019867,0.000718,0.019,0.023,60,0.000612,99.924424,344,clean_v2_without_tensorrt,/Users/hobongs/Desktop/HoBong_study/26-1/탄중/temp/jetson_nano_edgeai/my_results/clean_v2(without_tensorRT)/layer_runtime/shufflenet_v2_x1_0_onnxrt_cuda.csv
shufflenet_v2_x1_0,onnxrt_cuda,567,Add:/stage3/stage3.4/Add_fence_before,onnxruntime,onnx_node,0.001,0.0,0.001,0.001,4,3.1e-05,99.993991,345,clean_v2_without_tensorrt,/Users/hobongs/Desktop/HoBong_study/26-1/탄중/temp/jetson_nano_edgeai/my_results/clean_v2(without_tensorRT)/layer_runtime/shufflenet_v2_x1_0_onnxrt_cuda.csv
shufflenet_v2_x1_0,onnxrt_cuda,186,Add:/stage3/stage3.4/Add_kernel_time,onnxruntime,onnx_node,0.022633,0.001264,0.021,0.031,60,0.000697,99.840381,346,clean_v2_without_tensorrt,/Users/hobongs/Desktop/HoBong_study/26-1/탄중/temp/jetson_nano_edgeai/my_results/clean_v2(without_tensorRT)/layer_runtime/shufflenet_v2_x1_0_onnxrt_cuda.csv
shufflenet_v2_x1_0,onnxrt_cuda,239,Div:/stage3/stage3.4/Div_kernel_time,onnxruntime,onnx_node,0.021317,0.001218,0.02,0.026,60,0.000657,99.875982,347,clean_v2_without_tensorrt,/Users/hobongs/Desktop/HoBong_study/26-1/탄중/temp/jetson_nano_edgeai/my_results/clean_v2(without_tensorRT)/layer_runtime/shufflenet_v2_x1_0_onnxrt_cuda.csv
shufflenet_v2_x1_0,onnxrt_cuda,214,Mul:/stage3/stage3.4/Mul_1_kernel_time,onnxruntime,onnx_node,0.021633,0.003516,0.02,0.046,60,0.000667,99.85944,348,clean_v2_without_tensorrt,/Users/hobongs/Desktop/HoBong_study/26-1/탄중/temp/jetson_nano_edgeai/my_results/clean_v2(without_tensorRT)/layer_runtime/shufflenet_v2_x1_0_onnxrt_cuda.csv
shufflenet_v2_x1_0,onnxrt_cuda,252,Mul:/stage3/stage3.4/Mul_kernel_time,onnxruntime,onnx_node,0.021133,0.005087,0.019,0.049,60,0.000651,99.884475,349,clean_v2_without_tensorrt,/Users/hobongs/Desktop/HoBong_study/26-1/탄중/temp/jetson_nano_edgeai/my_results/clean_v2(without_tensorRT)/layer_runtime/shufflenet_v2_x1_0_onnxrt_cuda.csv
shufflenet_v2_x1_0,onnxrt_cuda,568,Slice:/stage3/stage3.4/Slice_1_fence_before,onnxruntime,onnx_node,0.001,0.0,0.001,0.001,8,3.1e-05,99.994021,350,clean_v2_without_tensorrt,/Users/hobongs/Desktop/HoBong_study/26-1/탄중/temp/jetson_nano_edgeai/my_results/clean_v2(without_tensorRT)/layer_runtime/shufflenet_v2_x1_0_onnxrt_cuda.csv
shufflenet_v2_x1_0,onnxrt_cuda,85,Slice:/stage3/stage3.4/Slice_1_kernel_time,onnxruntime,onnx_node,0.080317,0.021376,0.07,0.196,60,0.002475,99.703918,351,clean_v2_without_tensorrt,/Users/hobongs/Desktop/HoBong_study/26-1/탄중/temp/jetson_nano_edgeai/my_results/clean_v2(without_tensorRT)/layer_runtime/shufflenet_v2_x1_0_onnxrt_cuda.csv
shufflenet_v2_x1_0,onnxrt_cuda,569,FusedConv:/stage3/stage3.4/branch2/branch2.0/Conv_/stage3/stage3.4/branch2/branch2.2/Relu_fence_before,onnxruntime,onnx_node,0.001,0.0,0.001,0.001,35,3.1e-05,99.994052,352,clean_v2_without_tensorrt,/Users/hobongs/Desktop/HoBong_study/26-1/탄중/temp/jetson_nano_edgeai/my_results/clean_v2(without_tensorRT)/layer_runtime/shufflenet_v2_x1_0_onnxrt_cuda.csv
shufflenet_v2_x1_0,onnxrt_cuda,30,FusedConv:/stage3/stage3.4/branch2/branch2.0/Conv_/stage3/stage3.4/branch2/branch2.2/Relu_kernel_time,onnxruntime,onnx_node,0.637867,3.561768,0.151,27.996,60,0.019657,98.994841,353,clean_v2_without_tensorrt,/Users/hobongs/Desktop/HoBong_study/26-1/탄중/temp/jetson_nano_edgeai/my_results/clean_v2(without_tensorRT)/layer_runtime/shufflenet_v2_x1_0_onnxrt_cuda.csv
shufflenet_v2_x1_0,onnxrt_cuda,570,FusedConv:/stage3/stage3.4/branch2/branch2.0/Conv_/stage3/stage3.4/branch2/branch2.2/Relu_fence_after,onnxruntime,onnx_node,0.001,0.0,0.001,0.001,2,3.1e-05,99.994083,354,clean_v2_without_tensorrt,/Users/hobongs/Desktop/HoBong_study/26-1/탄중/temp/jetson_nano_edgeai/my_results/clean_v2(without_tensorRT)/layer_runtime/shufflenet_v2_x1_0_onnxrt_cuda.csv
shufflenet_v2_x1_0,onnxrt_cuda,571,Conv:/stage3/stage3.4/branch2/branch2.3/Conv_fence_before,onnxruntime,onnx_node,0.001,0.0,0.001,0.001,9,3.1e-05,99.994114,355,clean_v2_without_tensorrt,/Users/hobongs/Desktop/HoBong_study/26-1/탄중/temp/jetson_nano_edgeai/my_results/clean_v2(without_tensorRT)/layer_runtime/shufflenet_v2_x1_0_onnxrt_cuda.csv
shufflenet_v2_x1_0,onnxrt_cuda,9,Conv:/stage3/stage3.4/branch2/branch2.3/Conv_kernel_time,onnxruntime,onnx_node,2.339283,16.815946,0.143,131.505,60,0.07209,98.056608,356,clean_v2_without_tensorrt,/Users/hobongs/Desktop/HoBong_study/26-1/탄중/temp/jetson_nano_edgeai/my_results/clean_v2(without_tensorRT)/layer_runtime/shufflenet_v2_x1_0_onnxrt_cuda.csv
shufflenet_v2_x1_0,onnxrt_cuda,572,Conv:/stage3/stage3.4/branch2/branch2.3/Conv_fence_after,onnxruntime,onnx_node,0.001,0.0,0.001,0.001,1,3.1e-05,99.994145,357,clean_v2_without_tensorrt,/Users/hobongs/Desktop/HoBong_study/26-1/탄중/temp/jetson_nano_edgeai/my_results/clean_v2(without_tensorRT)/layer_runtime/shufflenet_v2_x1_0_onnxrt_cuda.csv
shufflenet_v2_x1_0,onnxrt_cuda,573,FusedConv:/stage3/stage3.4/branch2/branch2.5/Conv_/stage3/stage3.4/branch2/branch2.7/Relu_fence_before,onnxruntime,onnx_node,0.001,0.0,0.001,0.001,11,3.1e-05,99.994176,358,clean_v2_without_tensorrt,/Users/hobongs/Desktop/HoBong_study/26-1/탄중/temp/jetson_nano_edgeai/my_results/clean_v2(without_tensorRT)/layer_runtime/shufflenet_v2_x1_0_onnxrt_cuda.csv
shufflenet_v2_x1_0,onnxrt_cuda,45,FusedConv:/stage3/stage3.4/branch2/branch2.5/Conv_/stage3/stage3.4/branch2/branch2.7/Relu_kernel_time,onnxruntime,onnx_node,0.610083,3.5798,0.134,28.107,60,0.018801,99.28223,359,clean_v2_without_tensorrt,/Users/hobongs/Desktop/HoBong_study/26-1/탄중/temp/jetson_nano_edgeai/my_results/clean_v2(without_tensorRT)/layer_runtime/shufflenet_v2_x1_0_onnxrt_cuda.csv
shufflenet_v2_x1_0,onnxrt_cuda,574,FusedConv:/stage3/stage3.4/branch2/branch2.5/Conv_/stage3/stage3.4/branch2/branch2.7/Relu_fence_after,onnxruntime,onnx_node,0.001,0.0,0.001,0.001,1,3.1e-05,99.994206,360,clean_v2_without_tensorrt,/Users/hobongs/Desktop/HoBong_study/26-1/탄중/temp/jetson_nano_edgeai/my_results/clean_v2(without_tensorRT)/layer_runtime/shufflenet_v2_x1_0_onnxrt_cuda.csv
shufflenet_v2_x1_0,onnxrt_cuda,575,Slice:/stage3/stage3.4/Slice_fence_before,onnxruntime,onnx_node,0.001,0.0,0.001,0.001,4,3.1e-05,99.994237,361,clean_v2_without_tensorrt,/Users/hobongs/Desktop/HoBong_study/26-1/탄중/temp/jetson_nano_edgeai/my_results/clean_v2(without_tensorRT)/layer_runtime/shufflenet_v2_x1_0_onnxrt_cuda.csv
shufflenet_v2_x1_0,onnxrt_cuda,97,Slice:/stage3/stage3.4/Slice_kernel_time,onnxruntime,onnx_node,0.07825,0.014885,0.072,0.19,60,0.002411,99.733182,362,clean_v2_without_tensorrt,/Users/hobongs/Desktop/HoBong_study/26-1/탄중/temp/jetson_nano_edgeai/my_results/clean_v2(without_tensorRT)/layer_runtime/shufflenet_v2_x1_0_onnxrt_cuda.csv
shufflenet_v2_x1_0,onnxrt_cuda,576,Concat:/stage3/stage3.4/Concat_fence_before,onnxruntime,onnx_node,0.001,0.0,0.001,0.001,22,3.1e-05,99.994268,363,clean_v2_without_tensorrt,/Users/hobongs/Desktop/HoBong_study/26-1/탄중/temp/jetson_nano_edgeai/my_results/clean_v2(without_tensorRT)/layer_runtime/shufflenet_v2_x1_0_onnxrt_cuda.csv
shufflenet_v2_x1_0,onnxrt_cuda,68,Concat:/stage3/stage3.4/Concat_kernel_time,onnxruntime,onnx_node,0.238233,0.03931,0.224,0.529,60,0.007342,99.617355,364,clean_v2_without_tensorrt,/Users/hobongs/Desktop/HoBong_study/26-1/탄중/temp/jetson_nano_edgeai/my_results/clean_v2(without_tensorRT)/layer_runtime/shufflenet_v2_x1_0_onnxrt_cuda.csv
shufflenet_v2_x1_0,onnxrt_cuda,577,Shape:/stage3/stage3.4/Shape_2_fence_before,onnxruntime,onnx_node,0.001,0.0,0.001,0.001,3,3.1e-05,99.994299,365,clean_v2_without_tensorrt,/Users/hobongs/Desktop/HoBong_study/26-1/탄중/temp/jetson_nano_edgeai/my_results/clean_v2(without_tensorRT)/layer_runtime/shufflenet_v2_x1_0_onnxrt_cuda.csv
shufflenet_v2_x1_0,onnxrt_cuda,296,Shape:/stage3/stage3.4/Shape_2_kernel_time,onnxruntime,onnx_node,0.020367,0.002057,0.019,0.035,60,0.000628,99.912656,366,clean_v2_without_tensorrt,/Users/hobongs/Desktop/HoBong_study/26-1/탄중/temp/jetson_nano_edgeai/my_results/clean_v2(without_tensorRT)/layer_runtime/shufflenet_v2_x1_0_onnxrt_cuda.csv
shufflenet_v2_x1_0,onnxrt_cuda,578,Gather:/stage3/stage3.4/Gather_2_fence_before,onnxruntime,onnx_node,0.001,0.0,0.001,0.001,3,3.1e-05,99.99433,367,clean_v2_without_tensorrt,/Users/hobongs/Desktop/HoBong_study/26-1/탄중/temp/jetson_nano_edgeai/my_results/clean_v2(without_tensorRT)/layer_runtime/shufflenet_v2_x1_0_onnxrt_cuda.csv
shufflenet_v2_x1_0,onnxrt_cuda,231,Gather:/stage3/stage3.4/Gather_2_kernel_time,onnxruntime,onnx_node,0.021417,0.001891,0.02,0.034,60,0.00066,99.870721,368,clean_v2_without_tensorrt,/Users/hobongs/Desktop/HoBong_study/26-1/탄중/temp/jetson_nano_edgeai/my_results/clean_v2(without_tensorRT)/layer_runtime/shufflenet_v2_x1_0_onnxrt_cuda.csv
shufflenet_v2_x1_0,onnxrt_cuda,172,Div:/stage3/stage3.4/Div_1_kernel_time,onnxruntime,onnx_node,0.023533,0.001466,0.022,0.033,60,0.000725,99.830422,369,clean_v2_without_tensorrt,/Users/hobongs/Desktop/HoBong_study/26-1/탄중/temp/jetson_nano_edgeai/my_results/clean_v2(without_tensorRT)/layer_runtime/shufflenet_v2_x1_0_onnxrt_cuda.csv
shufflenet_v2_x1_0,onnxrt_cuda,579,Unsqueeze:/stage3/stage3.4/Unsqueeze_1_fence_before,onnxruntime,onnx_node,0.001,0.0,0.001,0.001,2,3.1e-05,99.99436,370,clean_v2_without_tensorrt,/Users/hobongs/Desktop/HoBong_study/26-1/탄중/temp/jetson_nano_edgeai/my_results/clean_v2(without_tensorRT)/layer_runtime/shufflenet_v2_x1_0_onnxrt_cuda.csv
shufflenet_v2_x1_0,onnxrt_cuda,373,Unsqueeze:/stage3/stage3.4/Unsqueeze_1_kernel_time,onnxruntime,onnx_node,0.01845,0.003024,0.017,0.041,60,0.000569,99.959016,371,clean_v2_without_tensorrt,/Users/hobongs/Desktop/HoBong_study/26-1/탄중/temp/jetson_nano_edgeai/my_results/clean_v2(without_tensorRT)/layer_runtime/shufflenet_v2_x1_0_onnxrt_cuda.csv
shufflenet_v2_x1_0,onnxrt_cuda,345,Gather:/stage3/stage3.4/Gather_4_kernel_time,onnxruntime,onnx_node,0.01945,0.001189,0.018,0.026,60,0.000599,99.94254,372,clean_v2_without_tensorrt,/Users/hobongs/Desktop/HoBong_study/26-1/탄중/temp/jetson_nano_edgeai/my_results/clean_v2(without_tensorRT)/layer_runtime/shufflenet_v2_x1_0_onnxrt_cuda.csv
shufflenet_v2_x1_0,onnxrt_cuda,405,Unsqueeze:/stage3/stage3.4/Unsqueeze_3_kernel_time,onnxruntime,onnx_node,0.017383,0.000896,0.016,0.023,60,0.000536,99.976648,373,clean_v2_without_tensorrt,/Users/hobongs/Desktop/HoBong_study/26-1/탄중/temp/jetson_nano_edgeai/my_results/clean_v2(without_tensorRT)/layer_runtime/shufflenet_v2_x1_0_onnxrt_cuda.csv
shufflenet_v2_x1_0,onnxrt_cuda,364,Gather:/stage3/stage3.4/Gather_3_kernel_time,onnxruntime,onnx_node,0.019,0.000913,0.018,0.024,60,0.000586,99.953814,374,clean_v2_without_tensorrt,/Users/hobongs/Desktop/HoBong_study/26-1/탄중/temp/jetson_nano_edgeai/my_results/clean_v2(without_tensorRT)/layer_runtime/shufflenet_v2_x1_0_onnxrt_cuda.csv
shufflenet_v2_x1_0,onnxrt_cuda,415,Unsqueeze:/stage3/stage3.4/Unsqueeze_2_kernel_time,onnxruntime,onnx_node,0.017283,0.000896,0.016,0.021,60,0.000533,99.981988,375,clean_v2_without_tensorrt,/Users/hobongs/Desktop/HoBong_study/26-1/탄중/temp/jetson_nano_edgeai/my_results/clean_v2(without_tensorRT)/layer_runtime/shufflenet_v2_x1_0_onnxrt_cuda.csv
shufflenet_v2_x1_0,onnxrt_cuda,316,Gather:/stage3/stage3.4/Gather_1_kernel_time,onnxruntime,onnx_node,0.019833,0.003387,0.018,0.045,60,0.000611,99.925035,376,clean_v2_without_tensorrt,/Users/hobongs/Desktop/HoBong_study/26-1/탄중/temp/jetson_nano_edgeai/my_results/clean_v2(without_tensorRT)/layer_runtime/shufflenet_v2_x1_0_onnxrt_cuda.csv
shufflenet_v2_x1_0,onnxrt_cuda,406,Unsqueeze:/stage3/stage3.4/Unsqueeze_kernel_time,onnxruntime,onnx_node,0.017383,0.003401,0.016,0.043,60,0.000536,99.977184,377,clean_v2_without_tensorrt,/Users/hobongs/Desktop/HoBong_study/26-1/탄중/temp/jetson_nano_edgeai/my_results/clean_v2(without_tensorRT)/layer_runtime/shufflenet_v2_x1_0_onnxrt_cuda.csv
shufflenet_v2_x1_0,onnxrt_cuda,580,Concat:/stage3/stage3.4/Concat_1_fence_before,onnxruntime,onnx_node,0.001,0.0,0.001,0.001,1,3.1e-05,99.994391,378,clean_v2_without_tensorrt,/Users/hobongs/Desktop/HoBong_study/26-1/탄중/temp/jetson_nano_edgeai/my_results/clean_v2(without_tensorRT)/layer_runtime/shufflenet_v2_x1_0_onnxrt_cuda.csv
shufflenet_v2_x1_0,onnxrt_cuda,136,Concat:/stage3/stage3.4/Concat_1_kernel_time,onnxruntime,onnx_node,0.028933,0.002294,0.026,0.038,60,0.000892,99.802665,379,clean_v2_without_tensorrt,/Users/hobongs/Desktop/HoBong_study/26-1/탄중/temp/jetson_nano_edgeai/my_results/clean_v2(without_tensorRT)/layer_runtime/shufflenet_v2_x1_0_onnxrt_cuda.csv
shufflenet_v2_x1_0,onnxrt_cuda,581,Reshape:/stage3/stage3.4/Reshape_fence_before,onnxruntime,onnx_node,0.001,0.0,0.001,0.001,1,3.1e-05,99.994422,380,clean_v2_without_tensorrt,/Users/hobongs/Desktop/HoBong_study/26-1/탄중/temp/jetson_nano_edgeai/my_results/clean_v2(without_tensorRT)/layer_runtime/shufflenet_v2_x1_0_onnxrt_cuda.csv
shufflenet_v2_x1_0,onnxrt_cuda,249,Reshape:/stage3/stage3.4/Reshape_kernel_time,onnxruntime,onnx_node,0.021167,0.001818,0.019,0.03,60,0.000652,99.88252,381,clean_v2_without_tensorrt,/Users/hobongs/Desktop/HoBong_study/26-1/탄중/temp/jetson_nano_edgeai/my_results/clean_v2(without_tensorRT)/layer_runtime/shufflenet_v2_x1_0_onnxrt_cuda.csv
shufflenet_v2_x1_0,onnxrt_cuda,582,Transpose:/stage3/stage3.4/Transpose_fence_before,onnxruntime,onnx_node,0.001,0.0,0.001,0.001,5,3.1e-05,99.994453,382,clean_v2_without_tensorrt,/Users/hobongs/Desktop/HoBong_study/26-1/탄중/temp/jetson_nano_edgeai/my_results/clean_v2(without_tensorRT)/layer_runtime/shufflenet_v2_x1_0_onnxrt_cuda.csv
shufflenet_v2_x1_0,onnxrt_cuda,105,Transpose:/stage3/stage3.4/Transpose_kernel_time,onnxruntime,onnx_node,0.076733,0.024497,0.068,0.261,60,0.002365,99.752267,383,clean_v2_without_tensorrt,/Users/hobongs/Desktop/HoBong_study/26-1/탄중/temp/jetson_nano_edgeai/my_results/clean_v2(without_tensorRT)/layer_runtime/shufflenet_v2_x1_0_onnxrt_cuda.csv
shufflenet_v2_x1_0,onnxrt_cuda,156,Concat:/stage3/stage3.4/Concat_2_kernel_time,onnxruntime,onnx_node,0.024783,0.001684,0.023,0.036,60,0.000764,99.818616,384,clean_v2_without_tensorrt,/Users/hobongs/Desktop/HoBong_study/26-1/탄중/temp/jetson_nano_edgeai/my_results/clean_v2(without_tensorRT)/layer_runtime/shufflenet_v2_x1_0_onnxrt_cuda.csv
shufflenet_v2_x1_0,onnxrt_cuda,273,Reshape:/stage3/stage3.4/Reshape_1_kernel_time,onnxruntime,onnx_node,0.0208,0.001222,0.02,0.028,60,0.000641,99.898047,385,clean_v2_without_tensorrt,/Users/hobongs/Desktop/HoBong_study/26-1/탄중/temp/jetson_nano_edgeai/my_results/clean_v2(without_tensorRT)/layer_runtime/shufflenet_v2_x1_0_onnxrt_cuda.csv
shufflenet_v2_x1_0,onnxrt_cuda,355,Shape:/stage3/stage3.5/Shape_kernel_time,onnxruntime,onnx_node,0.019233,0.003211,0.018,0.043,60,0.000593,99.9485,386,clean_v2_without_tensorrt,/Users/hobongs/Desktop/HoBong_study/26-1/탄중/temp/jetson_nano_edgeai/my_results/clean_v2(without_tensorRT)/layer_runtime/shufflenet_v2_x1_0_onnxrt_cuda.csv
shufflenet_v2_x1_0,onnxrt_cuda,309,Gather:/stage3/stage3.5/Gather_kernel_time,onnxruntime,onnx_node,0.02,0.000837,0.019,0.024,60,0.000616,99.920743,387,clean_v2_without_tensorrt,/Users/hobongs/Desktop/HoBong_study/26-1/탄중/temp/jetson_nano_edgeai/my_results/clean_v2(without_tensorRT)/layer_runtime/shufflenet_v2_x1_0_onnxrt_cuda.csv
shufflenet_v2_x1_0,onnxrt_cuda,583,Add:/stage3/stage3.5/Add_fence_before,onnxruntime,onnx_node,0.001,0.0,0.001,0.001,2,3.1e-05,99.994484,388,clean_v2_without_tensorrt,/Users/hobongs/Desktop/HoBong_study/26-1/탄중/temp/jetson_nano_edgeai/my_results/clean_v2(without_tensorRT)/layer_runtime/shufflenet_v2_x1_0_onnxrt_cuda.csv
shufflenet_v2_x1_0,onnxrt_cuda,193,Add:/stage3/stage3.5/Add_kernel_time,onnxruntime,onnx_node,0.022467,0.001848,0.021,0.035,60,0.000692,99.845245,389,clean_v2_without_tensorrt,/Users/hobongs/Desktop/HoBong_study/26-1/탄중/temp/jetson_nano_edgeai/my_results/clean_v2(without_tensorRT)/layer_runtime/shufflenet_v2_x1_0_onnxrt_cuda.csv
shufflenet_v2_x1_0,onnxrt_cuda,200,Div:/stage3/stage3.5/Div_kernel_time,onnxruntime,onnx_node,0.022033,0.003531,0.02,0.047,60,0.000679,99.850033,390,clean_v2_without_tensorrt,/Users/hobongs/Desktop/HoBong_study/26-1/탄중/temp/jetson_nano_edgeai/my_results/clean_v2(without_tensorRT)/layer_runtime/shufflenet_v2_x1_0_onnxrt_cuda.csv
shufflenet_v2_x1_0,onnxrt_cuda,232,Mul:/stage3/stage3.5/Mul_1_kernel_time,onnxruntime,onnx_node,0.021367,0.001414,0.02,0.026,60,0.000658,99.871379,391,clean_v2_without_tensorrt,/Users/hobongs/Desktop/HoBong_study/26-1/탄중/temp/jetson_nano_edgeai/my_results/clean_v2(without_tensorRT)/layer_runtime/shufflenet_v2_x1_0_onnxrt_cuda.csv
shufflenet_v2_x1_0,onnxrt_cuda,301,Mul:/stage3/stage3.5/Mul_kernel_time,onnxruntime,onnx_node,0.020267,0.001014,0.019,0.025,60,0.000625,99.915785,392,clean_v2_without_tensorrt,/Users/hobongs/Desktop/HoBong_study/26-1/탄중/temp/jetson_nano_edgeai/my_results/clean_v2(without_tensorRT)/layer_runtime/shufflenet_v2_x1_0_onnxrt_cuda.csv
shufflenet_v2_x1_0,onnxrt_cuda,584,Slice:/stage3/stage3.5/Slice_1_fence_before,onnxruntime,onnx_node,0.001,0.0,0.001,0.001,5,3.1e-05,99.994515,393,clean_v2_without_tensorrt,/Users/hobongs/Desktop/HoBong_study/26-1/탄중/temp/jetson_nano_edgeai/my_results/clean_v2(without_tensorRT)/layer_runtime/shufflenet_v2_x1_0_onnxrt_cuda.csv
shufflenet_v2_x1_0,onnxrt_cuda,101,Slice:/stage3/stage3.5/Slice_1_kernel_time,onnxruntime,onnx_node,0.07735,0.014462,0.069,0.187,60,0.002384,99.742777,394,clean_v2_without_tensorrt,/Users/hobongs/Desktop/HoBong_study/26-1/탄중/temp/jetson_nano_edgeai/my_results/clean_v2(without_tensorRT)/layer_runtime/shufflenet_v2_x1_0_onnxrt_cuda.csv
shufflenet_v2_x1_0,onnxrt_cuda,585,FusedConv:/stage3/stage3.5/branch2/branch2.0/Conv_/stage3/stage3.5/branch2/branch2.2/Relu_fence_before,onnxruntime,onnx_node,0.001,0.0,0.001,0.001,14,3.1e-05,99.994545,395,clean_v2_without_tensorrt,/Users/hobongs/Desktop/HoBong_study/26-1/탄중/temp/jetson_nano_edgeai/my_results/clean_v2(without_tensorRT)/layer_runtime/shufflenet_v2_x1_0_onnxrt_cuda.csv
shufflenet_v2_x1_0,onnxrt_cuda,32,FusedConv:/stage3/stage3.5/branch2/branch2.0/Conv_/stage3/stage3.5/branch2/branch2.2/Relu_kernel_time,onnxruntime,onnx_node,0.635,3.55157,0.153,27.915,60,0.019569,99.034022,396,clean_v2_without_tensorrt,/Users/hobongs/Desktop/HoBong_study/26-1/탄중/temp/jetson_nano_edgeai/my_results/clean_v2(without_tensorRT)/layer_runtime/shufflenet_v2_x1_0_onnxrt_cuda.csv
shufflenet_v2_x1_0,onnxrt_cuda,586,FusedConv:/stage3/stage3.5/branch2/branch2.0/Conv_/stage3/stage3.5/branch2/branch2.2/Relu_fence_after,onnxruntime,onnx_node,0.001,0.0,0.001,0.001,1,3.1e-05,99.994576,397,clean_v2_without_tensorrt,/Users/hobongs/Desktop/HoBong_study/26-1/탄중/temp/jetson_nano_edgeai/my_results/clean_v2(without_tensorRT)/layer_runtime/shufflenet_v2_x1_0_onnxrt_cuda.csv
shufflenet_v2_x1_0,onnxrt_cuda,587,Conv:/stage3/stage3.5/branch2/branch2.3/Conv_fence_before,onnxruntime,onnx_node,0.001,0.0,0.001,0.001,15,3.1e-05,99.994607,398,clean_v2_without_tensorrt,/Users/hobongs/Desktop/HoBong_study/26-1/탄중/temp/jetson_nano_edgeai/my_results/clean_v2(without_tensorRT)/layer_runtime/shufflenet_v2_x1_0_onnxrt_cuda.csv
shufflenet_v2_x1_0,onnxrt_cuda,10,Conv:/stage3/stage3.5/branch2/branch2.3/Conv_kernel_time,onnxruntime,onnx_node,2.281067,16.409914,0.139,128.328,60,0.070296,98.126904,399,clean_v2_without_tensorrt,/Users/hobongs/Desktop/HoBong_study/26-1/탄중/temp/jetson_nano_edgeai/my_results/clean_v2(without_tensorRT)/layer_runtime/shufflenet_v2_x1_0_onnxrt_cuda.csv
shufflenet_v2_x1_0,onnxrt_cuda,588,Conv:/stage3/stage3.5/branch2/branch2.3/Conv_fence_after,onnxruntime,onnx_node,0.001,0.0,0.001,0.001,1,3.1e-05,99.994638,400,clean_v2_without_tensorrt,/Users/hobongs/Desktop/HoBong_study/26-1/탄중/temp/jetson_nano_edgeai/my_results/clean_v2(without_tensorRT)/layer_runtime/shufflenet_v2_x1_0_onnxrt_cuda.csv
shufflenet_v2_x1_0,onnxrt_cuda,589,FusedConv:/stage3/stage3.5/branch2/branch2.5/Conv_/stage3/stage3.5/branch2/branch2.7/Relu_fence_before,onnxruntime,onnx_node,0.001,0.0,0.001,0.001,10,3.1e-05,99.994669,401,clean_v2_without_tensorrt,/Users/hobongs/Desktop/HoBong_study/26-1/탄중/temp/jetson_nano_edgeai/my_results/clean_v2(without_tensorRT)/layer_runtime/shufflenet_v2_x1_0_onnxrt_cuda.csv
shufflenet_v2_x1_0,onnxrt_cuda,41,FusedConv:/stage3/stage3.5/branch2/branch2.5/Conv_/stage3/stage3.5/branch2/branch2.7/Relu_kernel_time,onnxruntime,onnx_node,0.61325,3.56729,0.134,28.014,60,0.018899,99.206922,402,clean_v2_without_tensorrt,/Users/hobongs/Desktop/HoBong_study/26-1/탄중/temp/jetson_nano_edgeai/my_results/clean_v2(without_tensorRT)/layer_runtime/shufflenet_v2_x1_0_onnxrt_cuda.csv
shufflenet_v2_x1_0,onnxrt_cuda,590,FusedConv:/stage3/stage3.5/branch2/branch2.5/Conv_/stage3/stage3.5/branch2/branch2.7/Relu_fence_after,onnxruntime,onnx_node,0.001,0.0,0.001,0.001,1,3.1e-05,99.994699,403,clean_v2_without_tensorrt,/Users/hobongs/Desktop/HoBong_study/26-1/탄중/temp/jetson_nano_edgeai/my_results/clean_v2(without_tensorRT)/layer_runtime/shufflenet_v2_x1_0_onnxrt_cuda.csv
shufflenet_v2_x1_0,onnxrt_cuda,591,Slice:/stage3/stage3.5/Slice_fence_before,onnxruntime,onnx_node,0.001,0.0,0.001,0.001,3,3.1e-05,99.99473,404,clean_v2_without_tensorrt,/Users/hobongs/Desktop/HoBong_study/26-1/탄중/temp/jetson_nano_edgeai/my_results/clean_v2(without_tensorRT)/layer_runtime/shufflenet_v2_x1_0_onnxrt_cuda.csv
shufflenet_v2_x1_0,onnxrt_cuda,83,Slice:/stage3/stage3.5/Slice_kernel_time,onnxruntime,onnx_node,0.080967,0.017268,0.074,0.194,60,0.002495,99.698962,405,clean_v2_without_tensorrt,/Users/hobongs/Desktop/HoBong_study/26-1/탄중/temp/jetson_nano_edgeai/my_results/clean_v2(without_tensorRT)/layer_runtime/shufflenet_v2_x1_0_onnxrt_cuda.csv
shufflenet_v2_x1_0,onnxrt_cuda,592,Concat:/stage3/stage3.5/Concat_fence_before,onnxruntime,onnx_node,0.001,0.0,0.001,0.001,7,3.1e-05,99.994761,406,clean_v2_without_tensorrt,/Users/hobongs/Desktop/HoBong_study/26-1/탄중/temp/jetson_nano_edgeai/my_results/clean_v2(without_tensorRT)/layer_runtime/shufflenet_v2_x1_0_onnxrt_cuda.csv
shufflenet_v2_x1_0,onnxrt_cuda,67,Concat:/stage3/stage3.5/Concat_kernel_time,onnxruntime,onnx_node,0.239533,0.038233,0.223,0.523,60,0.007382,99.610014,407,clean_v2_without_tensorrt,/Users/hobongs/Desktop/HoBong_study/26-1/탄중/temp/jetson_nano_edgeai/my_results/clean_v2(without_tensorRT)/layer_runtime/shufflenet_v2_x1_0_onnxrt_cuda.csv
shufflenet_v2_x1_0,onnxrt_cuda,593,Shape:/stage3/stage3.5/Shape_2_fence_before,onnxruntime,onnx_node,0.001,0.0,0.001,0.001,3,3.1e-05,99.994792,408,clean_v2_without_tensorrt,/Users/hobongs/Desktop/HoBong_study/26-1/탄중/temp/jetson_nano_edgeai/my_results/clean_v2(without_tensorRT)/layer_runtime/shufflenet_v2_x1_0_onnxrt_cuda.csv
shufflenet_v2_x1_0,onnxrt_cuda,284,Shape:/stage3/stage3.5/Shape_2_kernel_time,onnxruntime,onnx_node,0.02065,0.003582,0.019,0.044,60,0.000636,99.905069,409,clean_v2_without_tensorrt,/Users/hobongs/Desktop/HoBong_study/26-1/탄중/temp/jetson_nano_edgeai/my_results/clean_v2(without_tensorRT)/layer_runtime/shufflenet_v2_x1_0_onnxrt_cuda.csv
shufflenet_v2_x1_0,onnxrt_cuda,594,Gather:/stage3/stage3.5/Gather_2_fence_before,onnxruntime,onnx_node,0.001,0.0,0.001,0.001,2,3.1e-05,99.994823,410,clean_v2_without_tensorrt,/Users/hobongs/Desktop/HoBong_study/26-1/탄중/temp/jetson_nano_edgeai/my_results/clean_v2(without_tensorRT)/layer_runtime/shufflenet_v2_x1_0_onnxrt_cuda.csv
shufflenet_v2_x1_0,onnxrt_cuda,247,Gather:/stage3/stage3.5/Gather_2_kernel_time,onnxruntime,onnx_node,0.021183,0.002327,0.02,0.038,60,0.000653,99.881215,411,clean_v2_without_tensorrt,/Users/hobongs/Desktop/HoBong_study/26-1/탄중/temp/jetson_nano_edgeai/my_results/clean_v2(without_tensorRT)/layer_runtime/shufflenet_v2_x1_0_onnxrt_cuda.csv
shufflenet_v2_x1_0,onnxrt_cuda,595,Div:/stage3/stage3.5/Div_1_fence_before,onnxruntime,onnx_node,0.001,0.0,0.001,0.001,1,3.1e-05,99.994854,412,clean_v2_without_tensorrt,/Users/hobongs/Desktop/HoBong_study/26-1/탄중/temp/jetson_nano_edgeai/my_results/clean_v2(without_tensorRT)/layer_runtime/shufflenet_v2_x1_0_onnxrt_cuda.csv
shufflenet_v2_x1_0,onnxrt_cuda,171,Div:/stage3/stage3.5/Div_1_kernel_time,onnxruntime,onnx_node,0.0236,0.001541,0.022,0.034,60,0.000727,99.829697,413,clean_v2_without_tensorrt,/Users/hobongs/Desktop/HoBong_study/26-1/탄중/temp/jetson_nano_edgeai/my_results/clean_v2(without_tensorRT)/layer_runtime/shufflenet_v2_x1_0_onnxrt_cuda.csv
shufflenet_v2_x1_0,onnxrt_cuda,596,Unsqueeze:/stage3/stage3.5/Unsqueeze_1_fence_before,onnxruntime,onnx_node,0.001,0.0,0.001,0.001,3,3.1e-05,99.994884,414,clean_v2_without_tensorrt,/Users/hobongs/Desktop/HoBong_study/26-1/탄중/temp/jetson_nano_edgeai/my_results/clean_v2(without_tensorRT)/layer_runtime/shufflenet_v2_x1_0_onnxrt_cuda.csv
shufflenet_v2_x1_0,onnxrt_cuda,384,Unsqueeze:/stage3/stage3.5/Unsqueeze_1_kernel_time,onnxruntime,onnx_node,0.018133,0.000741,0.017,0.023,60,0.000559,99.965206,415,clean_v2_without_tensorrt,/Users/hobongs/Desktop/HoBong_study/26-1/탄중/temp/jetson_nano_edgeai/my_results/clean_v2(without_tensorRT)/layer_runtime/shufflenet_v2_x1_0_onnxrt_cuda.csv
shufflenet_v2_x1_0,onnxrt_cuda,353,Gather:/stage3/stage3.5/Gather_4_kernel_time,onnxruntime,onnx_node,0.0193,0.001021,0.018,0.026,60,0.000595,99.947313,416,clean_v2_without_tensorrt,/Users/hobongs/Desktop/HoBong_study/26-1/탄중/temp/jetson_nano_edgeai/my_results/clean_v2(without_tensorRT)/layer_runtime/shufflenet_v2_x1_0_onnxrt_cuda.csv
shufflenet_v2_x1_0,onnxrt_cuda,400,Unsqueeze:/stage3/stage3.5/Unsqueeze_3_kernel_time,onnxruntime,onnx_node,0.01755,0.000693,0.017,0.021,60,0.000541,99.97396,417,clean_v2_without_tensorrt,/Users/hobongs/Desktop/HoBong_study/26-1/탄중/temp/jetson_nano_edgeai/my_results/clean_v2(without_tensorRT)/layer_runtime/shufflenet_v2_x1_0_onnxrt_cuda.csv
shufflenet_v2_x1_0,onnxrt_cuda,330,Gather:/stage3/stage3.5/Gather_3_kernel_time,onnxruntime,onnx_node,0.0196,0.003402,0.018,0.045,60,0.000604,99.933523,418,clean_v2_without_tensorrt,/Users/hobongs/Desktop/HoBong_study/26-1/탄중/temp/jetson_nano_edgeai/my_results/clean_v2(without_tensorRT)/layer_runtime/shufflenet_v2_x1_0_onnxrt_cuda.csv
shufflenet_v2_x1_0,onnxrt_cuda,417,Unsqueeze:/stage3/stage3.5/Unsqueeze_2_kernel_time,onnxruntime,onnx_node,0.017233,0.000642,0.016,0.02,60,0.000531,99.98305,419,clean_v2_without_tensorrt,/Users/hobongs/Desktop/HoBong_study/26-1/탄중/temp/jetson_nano_edgeai/my_results/clean_v2(without_tensorRT)/layer_runtime/shufflenet_v2_x1_0_onnxrt_cuda.csv
shufflenet_v2_x1_0,onnxrt_cuda,336,Gather:/stage3/stage3.5/Gather_1_kernel_time,onnxruntime,onnx_node,0.019517,0.00094,0.018,0.025,60,0.000601,99.937137,420,clean_v2_without_tensorrt,/Users/hobongs/Desktop/HoBong_study/26-1/탄중/temp/jetson_nano_edgeai/my_results/clean_v2(without_tensorRT)/layer_runtime/shufflenet_v2_x1_0_onnxrt_cuda.csv
shufflenet_v2_x1_0,onnxrt_cuda,423,Unsqueeze:/stage3/stage3.5/Unsqueeze_kernel_time,onnxruntime,onnx_node,0.017133,0.000562,0.016,0.02,60,0.000528,99.986224,421,clean_v2_without_tensorrt,/Users/hobongs/Desktop/HoBong_study/26-1/탄중/temp/jetson_nano_edgeai/my_results/clean_v2(without_tensorRT)/layer_runtime/shufflenet_v2_x1_0_onnxrt_cuda.csv
shufflenet_v2_x1_0,onnxrt_cuda,597,Concat:/stage3/stage3.5/Concat_1_fence_before,onnxruntime,onnx_node,0.001,0.0,0.001,0.001,2,3.1e-05,99.994915,422,clean_v2_without_tensorrt,/Users/hobongs/Desktop/HoBong_study/26-1/탄중/temp/jetson_nano_edgeai/my_results/clean_v2(without_tensorRT)/layer_runtime/shufflenet_v2_x1_0_onnxrt_cuda.csv
shufflenet_v2_x1_0,onnxrt_cuda,134,Concat:/stage3/stage3.5/Concat_1_kernel_time,onnxruntime,onnx_node,0.029,0.002129,0.027,0.038,60,0.000894,99.80088,423,clean_v2_without_tensorrt,/Users/hobongs/Desktop/HoBong_study/26-1/탄중/temp/jetson_nano_edgeai/my_results/clean_v2(without_tensorRT)/layer_runtime/shufflenet_v2_x1_0_onnxrt_cuda.csv
shufflenet_v2_x1_0,onnxrt_cuda,598,Reshape:/stage3/stage3.5/Reshape_fence_before,onnxruntime,onnx_node,0.001,0.0,0.001,0.001,2,3.1e-05,99.994946,424,clean_v2_without_tensorrt,/Users/hobongs/Desktop/HoBong_study/26-1/탄중/temp/jetson_nano_edgeai/my_results/clean_v2(without_tensorRT)/layer_runtime/shufflenet_v2_x1_0_onnxrt_cuda.csv
shufflenet_v2_x1_0,onnxrt_cuda,270,Reshape:/stage3/stage3.5/Reshape_kernel_time,onnxruntime,onnx_node,0.02085,0.001152,0.02,0.027,60,0.000643,99.896122,425,clean_v2_without_tensorrt,/Users/hobongs/Desktop/HoBong_study/26-1/탄중/temp/jetson_nano_edgeai/my_results/clean_v2(without_tensorRT)/layer_runtime/shufflenet_v2_x1_0_onnxrt_cuda.csv
shufflenet_v2_x1_0,onnxrt_cuda,599,Transpose:/stage3/stage3.5/Transpose_fence_before,onnxruntime,onnx_node,0.001,0.0,0.001,0.001,3,3.1e-05,99.994977,426,clean_v2_without_tensorrt,/Users/hobongs/Desktop/HoBong_study/26-1/탄중/temp/jetson_nano_edgeai/my_results/clean_v2(without_tensorRT)/layer_runtime/shufflenet_v2_x1_0_onnxrt_cuda.csv
shufflenet_v2_x1_0,onnxrt_cuda,116,Transpose:/stage3/stage3.5/Transpose_kernel_time,onnxruntime,onnx_node,0.073383,0.016224,0.066,0.193,60,0.002261,99.77758,427,clean_v2_without_tensorrt,/Users/hobongs/Desktop/HoBong_study/26-1/탄중/temp/jetson_nano_edgeai/my_results/clean_v2(without_tensorRT)/layer_runtime/shufflenet_v2_x1_0_onnxrt_cuda.csv
shufflenet_v2_x1_0,onnxrt_cuda,152,Concat:/stage3/stage3.5/Concat_2_kernel_time,onnxruntime,onnx_node,0.024983,0.003079,0.023,0.046,60,0.00077,99.815546,428,clean_v2_without_tensorrt,/Users/hobongs/Desktop/HoBong_study/26-1/탄중/temp/jetson_nano_edgeai/my_results/clean_v2(without_tensorRT)/layer_runtime/shufflenet_v2_x1_0_onnxrt_cuda.csv
shufflenet_v2_x1_0,onnxrt_cuda,204,Reshape:/stage3/stage3.5/Reshape_1_kernel_time,onnxruntime,onnx_node,0.021883,0.004605,0.02,0.047,60,0.000674,99.852738,429,clean_v2_without_tensorrt,/Users/hobongs/Desktop/HoBong_study/26-1/탄중/temp/jetson_nano_edgeai/my_results/clean_v2(without_tensorRT)/layer_runtime/shufflenet_v2_x1_0_onnxrt_cuda.csv
shufflenet_v2_x1_0,onnxrt_cuda,361,Shape:/stage3/stage3.6/Shape_kernel_time,onnxruntime,onnx_node,0.019167,0.001428,0.018,0.029,60,0.000591,99.952052,430,clean_v2_without_tensorrt,/Users/hobongs/Desktop/HoBong_study/26-1/탄중/temp/jetson_nano_edgeai/my_results/clean_v2(without_tensorRT)/layer_runtime/shufflenet_v2_x1_0_onnxrt_cuda.csv
shufflenet_v2_x1_0,onnxrt_cuda,325,Gather:/stage3/stage3.6/Gather_kernel_time,onnxruntime,onnx_node,0.01965,0.000928,0.018,0.023,60,0.000606,99.930499,431,clean_v2_without_tensorrt,/Users/hobongs/Desktop/HoBong_study/26-1/탄중/temp/jetson_nano_edgeai/my_results/clean_v2(without_tensorRT)/layer_runtime/shufflenet_v2_x1_0_onnxrt_cuda.csv
shufflenet_v2_x1_0,onnxrt_cuda,600,Add:/stage3/stage3.6/Add_fence_before,onnxruntime,onnx_node,0.001,0.0,0.001,0.001,4,3.1e-05,99.995008,432,clean_v2_without_tensorrt,/Users/hobongs/Desktop/HoBong_study/26-1/탄중/temp/jetson_nano_edgeai/my_results/clean_v2(without_tensorRT)/layer_runtime/shufflenet_v2_x1_0_onnxrt_cuda.csv
shufflenet_v2_x1_0,onnxrt_cuda,190,Add:/stage3/stage3.6/Add_kernel_time,onnxruntime,onnx_node,0.022567,0.001116,0.021,0.028,60,0.000695,99.843165,433,clean_v2_without_tensorrt,/Users/hobongs/Desktop/HoBong_study/26-1/탄중/temp/jetson_nano_edgeai/my_results/clean_v2(without_tensorRT)/layer_runtime/shufflenet_v2_x1_0_onnxrt_cuda.csv
shufflenet_v2_x1_0,onnxrt_cuda,199,Div:/stage3/stage3.6/Div_kernel_time,onnxruntime,onnx_node,0.022083,0.004318,0.02,0.048,60,0.000681,99.849354,434,clean_v2_without_tensorrt,/Users/hobongs/Desktop/HoBong_study/26-1/탄중/temp/jetson_nano_edgeai/my_results/clean_v2(without_tensorRT)/layer_runtime/shufflenet_v2_x1_0_onnxrt_cuda.csv
shufflenet_v2_x1_0,onnxrt_cuda,221,Mul:/stage3/stage3.6/Mul_1_kernel_time,onnxruntime,onnx_node,0.021567,0.005058,0.02,0.059,60,0.000665,99.864097,435,clean_v2_without_tensorrt,/Users/hobongs/Desktop/HoBong_study/26-1/탄중/temp/jetson_nano_edgeai/my_results/clean_v2(without_tensorRT)/layer_runtime/shufflenet_v2_x1_0_onnxrt_cuda.csv
shufflenet_v2_x1_0,onnxrt_cuda,283,Mul:/stage3/stage3.6/Mul_kernel_time,onnxruntime,onnx_node,0.020683,0.003797,0.019,0.047,60,0.000637,99.904433,436,clean_v2_without_tensorrt,/Users/hobongs/Desktop/HoBong_study/26-1/탄중/temp/jetson_nano_edgeai/my_results/clean_v2(without_tensorRT)/layer_runtime/shufflenet_v2_x1_0_onnxrt_cuda.csv
shufflenet_v2_x1_0,onnxrt_cuda,601,Slice:/stage3/stage3.6/Slice_1_fence_before,onnxruntime,onnx_node,0.001,0.0,0.001,0.001,5,3.1e-05,99.995038,437,clean_v2_without_tensorrt,/Users/hobongs/Desktop/HoBong_study/26-1/탄중/temp/jetson_nano_edgeai/my_results/clean_v2(without_tensorRT)/layer_runtime/shufflenet_v2_x1_0_onnxrt_cuda.csv
shufflenet_v2_x1_0,onnxrt_cuda,99,Slice:/stage3/stage3.6/Slice_1_kernel_time,onnxruntime,onnx_node,0.07805,0.014825,0.07,0.177,60,0.002405,99.737993,438,clean_v2_without_tensorrt,/Users/hobongs/Desktop/HoBong_study/26-1/탄중/temp/jetson_nano_edgeai/my_results/clean_v2(without_tensorRT)/layer_runtime/shufflenet_v2_x1_0_onnxrt_cuda.csv
shufflenet_v2_x1_0,onnxrt_cuda,602,FusedConv:/stage3/stage3.6/branch2/branch2.0/Conv_/stage3/stage3.6/branch2/branch2.2/Relu_fence_before,onnxruntime,onnx_node,0.001,0.0,0.001,0.001,24,3.1e-05,99.995069,439,clean_v2_without_tensorrt,/Users/hobongs/Desktop/HoBong_study/26-1/탄중/temp/jetson_nano_edgeai/my_results/clean_v2(without_tensorRT)/layer_runtime/shufflenet_v2_x1_0_onnxrt_cuda.csv
shufflenet_v2_x1_0,onnxrt_cuda,27,FusedConv:/stage3/stage3.6/branch2/branch2.0/Conv_/stage3/stage3.6/branch2/branch2.2/Relu_kernel_time,onnxruntime,onnx_node,0.646967,3.561229,0.16,28.001,60,0.019938,98.935661,440,clean_v2_without_tensorrt,/Users/hobongs/Desktop/HoBong_study/26-1/탄중/temp/jetson_nano_edgeai/my_results/clean_v2(without_tensorRT)/layer_runtime/shufflenet_v2_x1_0_onnxrt_cuda.csv
shufflenet_v2_x1_0,onnxrt_cuda,603,FusedConv:/stage3/stage3.6/branch2/branch2.0/Conv_/stage3/stage3.6/branch2/branch2.2/Relu_fence_after,onnxruntime,onnx_node,0.001,0.0,0.001,0.001,1,3.1e-05,99.9951,441,clean_v2_without_tensorrt,/Users/hobongs/Desktop/HoBong_study/26-1/탄중/temp/jetson_nano_edgeai/my_results/clean_v2(without_tensorRT)/layer_runtime/shufflenet_v2_x1_0_onnxrt_cuda.csv
shufflenet_v2_x1_0,onnxrt_cuda,604,Conv:/stage3/stage3.6/branch2/branch2.3/Conv_fence_before,onnxruntime,onnx_node,0.001,0.0,0.001,0.001,11,3.1e-05,99.995131,442,clean_v2_without_tensorrt,/Users/hobongs/Desktop/HoBong_study/26-1/탄중/temp/jetson_nano_edgeai/my_results/clean_v2(without_tensorRT)/layer_runtime/shufflenet_v2_x1_0_onnxrt_cuda.csv
shufflenet_v2_x1_0,onnxrt_cuda,15,Conv:/stage3/stage3.6/branch2/branch2.3/Conv_kernel_time,onnxruntime,onnx_node,1.91185,13.558938,0.139,106.06,60,0.058918,98.455402,443,clean_v2_without_tensorrt,/Users/hobongs/Desktop/HoBong_study/26-1/탄중/temp/jetson_nano_edgeai/my_results/clean_v2(without_tensorRT)/layer_runtime/shufflenet_v2_x1_0_onnxrt_cuda.csv
shufflenet_v2_x1_0,onnxrt_cuda,605,Conv:/stage3/stage3.6/branch2/branch2.3/Conv_fence_after,onnxruntime,onnx_node,0.001,0.0,0.001,0.001,1,3.1e-05,99.995162,444,clean_v2_without_tensorrt,/Users/hobongs/Desktop/HoBong_study/26-1/탄중/temp/jetson_nano_edgeai/my_results/clean_v2(without_tensorRT)/layer_runtime/shufflenet_v2_x1_0_onnxrt_cuda.csv
shufflenet_v2_x1_0,onnxrt_cuda,606,FusedConv:/stage3/stage3.6/branch2/branch2.5/Conv_/stage3/stage3.6/branch2/branch2.7/Relu_fence_before,onnxruntime,onnx_node,0.001,0.0,0.001,0.001,3,3.1e-05,99.995193,445,clean_v2_without_tensorrt,/Users/hobongs/Desktop/HoBong_study/26-1/탄중/temp/jetson_nano_edgeai/my_results/clean_v2(without_tensorRT)/layer_runtime/shufflenet_v2_x1_0_onnxrt_cuda.csv
shufflenet_v2_x1_0,onnxrt_cuda,52,FusedConv:/stage3/stage3.6/branch2/branch2.5/Conv_/stage3/stage3.6/branch2/branch2.7/Relu_kernel_time,onnxruntime,onnx_node,0.6029,3.532305,0.135,27.735,60,0.01858,99.413026,446,clean_v2_without_tensorrt,/Users/hobongs/Desktop/HoBong_study/26-1/탄중/temp/jetson_nano_edgeai/my_results/clean_v2(without_tensorRT)/layer_runtime/shufflenet_v2_x1_0_onnxrt_cuda.csv
shufflenet_v2_x1_0,onnxrt_cuda,607,FusedConv:/stage3/stage3.6/branch2/branch2.5/Conv_/stage3/stage3.6/branch2/branch2.7/Relu_fence_after,onnxruntime,onnx_node,0.001,0.0,0.001,0.001,1,3.1e-05,99.995223,447,clean_v2_without_tensorrt,/Users/hobongs/Desktop/HoBong_study/26-1/탄중/temp/jetson_nano_edgeai/my_results/clean_v2(without_tensorRT)/layer_runtime/shufflenet_v2_x1_0_onnxrt_cuda.csv
shufflenet_v2_x1_0,onnxrt_cuda,608,Slice:/stage3/stage3.6/Slice_fence_before,onnxruntime,onnx_node,0.001,0.0,0.001,0.001,3,3.1e-05,99.995254,448,clean_v2_without_tensorrt,/Users/hobongs/Desktop/HoBong_study/26-1/탄중/temp/jetson_nano_edgeai/my_results/clean_v2(without_tensorRT)/layer_runtime/shufflenet_v2_x1_0_onnxrt_cuda.csv
shufflenet_v2_x1_0,onnxrt_cuda,100,Slice:/stage3/stage3.6/Slice_kernel_time,onnxruntime,onnx_node,0.0779,0.009615,0.073,0.144,60,0.002401,99.740394,449,clean_v2_without_tensorrt,/Users/hobongs/Desktop/HoBong_study/26-1/탄중/temp/jetson_nano_edgeai/my_results/clean_v2(without_tensorRT)/layer_runtime/shufflenet_v2_x1_0_onnxrt_cuda.csv
shufflenet_v2_x1_0,onnxrt_cuda,609,Concat:/stage3/stage3.6/Concat_fence_before,onnxruntime,onnx_node,0.001,0.0,0.001,0.001,8,3.1e-05,99.995285,450,clean_v2_without_tensorrt,/Users/hobongs/Desktop/HoBong_study/26-1/탄중/temp/jetson_nano_edgeai/my_results/clean_v2(without_tensorRT)/layer_runtime/shufflenet_v2_x1_0_onnxrt_cuda.csv
shufflenet_v2_x1_0,onnxrt_cuda,76,Concat:/stage3/stage3.6/Concat_kernel_time,onnxruntime,onnx_node,0.233283,0.01778,0.222,0.352,60,0.007189,99.675408,451,clean_v2_without_tensorrt,/Users/hobongs/Desktop/HoBong_study/26-1/탄중/temp/jetson_nano_edgeai/my_results/clean_v2(without_tensorRT)/layer_runtime/shufflenet_v2_x1_0_onnxrt_cuda.csv
shufflenet_v2_x1_0,onnxrt_cuda,610,Shape:/stage3/stage3.6/Shape_2_fence_before,onnxruntime,onnx_node,0.001,0.0,0.001,0.001,1,3.1e-05,99.995316,452,clean_v2_without_tensorrt,/Users/hobongs/Desktop/HoBong_study/26-1/탄중/temp/jetson_nano_edgeai/my_results/clean_v2(without_tensorRT)/layer_runtime/shufflenet_v2_x1_0_onnxrt_cuda.csv
shufflenet_v2_x1_0,onnxrt_cuda,299,Shape:/stage3/stage3.6/Shape_2_kernel_time,onnxruntime,onnx_node,0.020283,0.00178,0.019,0.033,60,0.000625,99.914535,453,clean_v2_without_tensorrt,/Users/hobongs/Desktop/HoBong_study/26-1/탄중/temp/jetson_nano_edgeai/my_results/clean_v2(without_tensorRT)/layer_runtime/shufflenet_v2_x1_0_onnxrt_cuda.csv
shufflenet_v2_x1_0,onnxrt_cuda,611,Gather:/stage3/stage3.6/Gather_2_fence_before,onnxruntime,onnx_node,0.001,0.0,0.001,0.001,3,3.1e-05,99.995347,454,clean_v2_without_tensorrt,/Users/hobongs/Desktop/HoBong_study/26-1/탄중/temp/jetson_nano_edgeai/my_results/clean_v2(without_tensorRT)/layer_runtime/shufflenet_v2_x1_0_onnxrt_cuda.csv
shufflenet_v2_x1_0,onnxrt_cuda,227,Gather:/stage3/stage3.6/Gather_2_kernel_time,onnxruntime,onnx_node,0.0215,0.003964,0.02,0.049,60,0.000663,99.868076,455,clean_v2_without_tensorrt,/Users/hobongs/Desktop/HoBong_study/26-1/탄중/temp/jetson_nano_edgeai/my_results/clean_v2(without_tensorRT)/layer_runtime/shufflenet_v2_x1_0_onnxrt_cuda.csv
shufflenet_v2_x1_0,onnxrt_cuda,612,Div:/stage3/stage3.6/Div_1_fence_before,onnxruntime,onnx_node,0.001,0.0,0.001,0.001,2,3.1e-05,99.995377,456,clean_v2_without_tensorrt,/Users/hobongs/Desktop/HoBong_study/26-1/탄중/temp/jetson_nano_edgeai/my_results/clean_v2(without_tensorRT)/layer_runtime/shufflenet_v2_x1_0_onnxrt_cuda.csv
shufflenet_v2_x1_0,onnxrt_cuda,176,Div:/stage3/stage3.6/Div_1_kernel_time,onnxruntime,onnx_node,0.02325,0.001689,0.022,0.035,60,0.000716,99.833304,457,clean_v2_without_tensorrt,/Users/hobongs/Desktop/HoBong_study/26-1/탄중/temp/jetson_nano_edgeai/my_results/clean_v2(without_tensorRT)/layer_runtime/shufflenet_v2_x1_0_onnxrt_cuda.csv
shufflenet_v2_x1_0,onnxrt_cuda,613,Unsqueeze:/stage3/stage3.6/Unsqueeze_1_fence_before,onnxruntime,onnx_node,0.001,0.0,0.001,0.001,12,3.1e-05,99.995408,458,clean_v2_without_tensorrt,/Users/hobongs/Desktop/HoBong_study/26-1/탄중/temp/jetson_nano_edgeai/my_results/clean_v2(without_tensorRT)/layer_runtime/shufflenet_v2_x1_0_onnxrt_cuda.csv
shufflenet_v2_x1_0,onnxrt_cuda,380,Unsqueeze:/stage3/stage3.6/Unsqueeze_1_kernel_time,onnxruntime,onnx_node,0.018217,0.000933,0.017,0.023,60,0.000561,99.962969,459,clean_v2_without_tensorrt,/Users/hobongs/Desktop/HoBong_study/26-1/탄중/temp/jetson_nano_edgeai/my_results/clean_v2(without_tensorRT)/layer_runtime/shufflenet_v2_x1_0_onnxrt_cuda.csv
shufflenet_v2_x1_0,onnxrt_cuda,354,Gather:/stage3/stage3.6/Gather_4_kernel_time,onnxruntime,onnx_node,0.0193,0.001038,0.018,0.025,60,0.000595,99.947908,460,clean_v2_without_tensorrt,/Users/hobongs/Desktop/HoBong_study/26-1/탄중/temp/jetson_nano_edgeai/my_results/clean_v2(without_tensorRT)/layer_runtime/shufflenet_v2_x1_0_onnxrt_cuda.csv
shufflenet_v2_x1_0,onnxrt_cuda,390,Unsqueeze:/stage3/stage3.6/Unsqueeze_3_kernel_time,onnxruntime,onnx_node,0.017817,0.003599,0.016,0.045,60,0.000549,99.968519,461,clean_v2_without_tensorrt,/Users/hobongs/Desktop/HoBong_study/26-1/탄중/temp/jetson_nano_edgeai/my_results/clean_v2(without_tensorRT)/layer_runtime/shufflenet_v2_x1_0_onnxrt_cuda.csv
shufflenet_v2_x1_0,onnxrt_cuda,331,Gather:/stage3/stage3.6/Gather_3_kernel_time,onnxruntime,onnx_node,0.019583,0.003451,0.018,0.045,60,0.000603,99.934126,462,clean_v2_without_tensorrt,/Users/hobongs/Desktop/HoBong_study/26-1/탄중/temp/jetson_nano_edgeai/my_results/clean_v2(without_tensorRT)/layer_runtime/shufflenet_v2_x1_0_onnxrt_cuda.csv
shufflenet_v2_x1_0,onnxrt_cuda,424,Unsqueeze:/stage3/stage3.6/Unsqueeze_2_kernel_time,onnxruntime,onnx_node,0.017117,0.00058,0.016,0.019,60,0.000527,99.986752,463,clean_v2_without_tensorrt,/Users/hobongs/Desktop/HoBong_study/26-1/탄중/temp/jetson_nano_edgeai/my_results/clean_v2(without_tensorRT)/layer_runtime/shufflenet_v2_x1_0_onnxrt_cuda.csv
shufflenet_v2_x1_0,onnxrt_cuda,323,Gather:/stage3/stage3.6/Gather_1_kernel_time,onnxruntime,onnx_node,0.019667,0.001457,0.019,0.03,60,0.000606,99.929288,464,clean_v2_without_tensorrt,/Users/hobongs/Desktop/HoBong_study/26-1/탄중/temp/jetson_nano_edgeai/my_results/clean_v2(without_tensorRT)/layer_runtime/shufflenet_v2_x1_0_onnxrt_cuda.csv
shufflenet_v2_x1_0,onnxrt_cuda,394,Unsqueeze:/stage3/stage3.6/Unsqueeze_kernel_time,onnxruntime,onnx_node,0.01765,0.003482,0.016,0.044,60,0.000544,99.970706,465,clean_v2_without_tensorrt,/Users/hobongs/Desktop/HoBong_study/26-1/탄중/temp/jetson_nano_edgeai/my_results/clean_v2(without_tensorRT)/layer_runtime/shufflenet_v2_x1_0_onnxrt_cuda.csv
shufflenet_v2_x1_0,onnxrt_cuda,137,Concat:/stage3/stage3.6/Concat_1_kernel_time,onnxruntime,onnx_node,0.02875,0.001867,0.027,0.037,60,0.000886,99.803551,466,clean_v2_without_tensorrt,/Users/hobongs/Desktop/HoBong_study/26-1/탄중/temp/jetson_nano_edgeai/my_results/clean_v2(without_tensorRT)/layer_runtime/shufflenet_v2_x1_0_onnxrt_cuda.csv
shufflenet_v2_x1_0,onnxrt_cuda,258,Reshape:/stage3/stage3.6/Reshape_kernel_time,onnxruntime,onnx_node,0.02105,0.001231,0.02,0.029,60,0.000649,99.888374,467,clean_v2_without_tensorrt,/Users/hobongs/Desktop/HoBong_study/26-1/탄중/temp/jetson_nano_edgeai/my_results/clean_v2(without_tensorRT)/layer_runtime/shufflenet_v2_x1_0_onnxrt_cuda.csv
shufflenet_v2_x1_0,onnxrt_cuda,118,Transpose:/stage3/stage3.6/Transpose_kernel_time,onnxruntime,onnx_node,0.0725,0.009086,0.066,0.13,60,0.002234,99.782059,468,clean_v2_without_tensorrt,/Users/hobongs/Desktop/HoBong_study/26-1/탄중/temp/jetson_nano_edgeai/my_results/clean_v2(without_tensorRT)/layer_runtime/shufflenet_v2_x1_0_onnxrt_cuda.csv
shufflenet_v2_x1_0,onnxrt_cuda,614,Concat:/stage3/stage3.6/Concat_2_fence_before,onnxruntime,onnx_node,0.001,0.0,0.001,0.001,1,3.1e-05,99.995439,469,clean_v2_without_tensorrt,/Users/hobongs/Desktop/HoBong_study/26-1/탄중/temp/jetson_nano_edgeai/my_results/clean_v2(without_tensorRT)/layer_runtime/shufflenet_v2_x1_0_onnxrt_cuda.csv
shufflenet_v2_x1_0,onnxrt_cuda,151,Concat:/stage3/stage3.6/Concat_2_kernel_time,onnxruntime,onnx_node,0.025,0.001414,0.023,0.032,60,0.00077,99.814776,470,clean_v2_without_tensorrt,/Users/hobongs/Desktop/HoBong_study/26-1/탄중/temp/jetson_nano_edgeai/my_results/clean_v2(without_tensorRT)/layer_runtime/shufflenet_v2_x1_0_onnxrt_cuda.csv
shufflenet_v2_x1_0,onnxrt_cuda,233,Reshape:/stage3/stage3.6/Reshape_1_kernel_time,onnxruntime,onnx_node,0.02135,0.004746,0.019,0.047,60,0.000658,99.872037,471,clean_v2_without_tensorrt,/Users/hobongs/Desktop/HoBong_study/26-1/탄중/temp/jetson_nano_edgeai/my_results/clean_v2(without_tensorRT)/layer_runtime/shufflenet_v2_x1_0_onnxrt_cuda.csv
shufflenet_v2_x1_0,onnxrt_cuda,369,Shape:/stage3/stage3.7/Shape_kernel_time,onnxruntime,onnx_node,0.018783,0.001495,0.017,0.029,60,0.000579,99.956724,472,clean_v2_without_tensorrt,/Users/hobongs/Desktop/HoBong_study/26-1/탄중/temp/jetson_nano_edgeai/my_results/clean_v2(without_tensorRT)/layer_runtime/shufflenet_v2_x1_0_onnxrt_cuda.csv
shufflenet_v2_x1_0,onnxrt_cuda,208,Gather:/stage3/stage3.7/Gather_kernel_time,onnxruntime,onnx_node,0.0218,0.005703,0.019,0.047,60,0.000672,99.855429,473,clean_v2_without_tensorrt,/Users/hobongs/Desktop/HoBong_study/26-1/탄중/temp/jetson_nano_edgeai/my_results/clean_v2(without_tensorRT)/layer_runtime/shufflenet_v2_x1_0_onnxrt_cuda.csv
shufflenet_v2_x1_0,onnxrt_cuda,183,Add:/stage3/stage3.7/Add_kernel_time,onnxruntime,onnx_node,0.022883,0.003512,0.02,0.047,60,0.000705,99.838282,474,clean_v2_without_tensorrt,/Users/hobongs/Desktop/HoBong_study/26-1/탄중/temp/jetson_nano_edgeai/my_results/clean_v2(without_tensorRT)/layer_runtime/shufflenet_v2_x1_0_onnxrt_cuda.csv
shufflenet_v2_x1_0,onnxrt_cuda,251,Div:/stage3/stage3.7/Div_kernel_time,onnxruntime,onnx_node,0.02115,0.001249,0.02,0.026,60,0.000652,99.883824,475,clean_v2_without_tensorrt,/Users/hobongs/Desktop/HoBong_study/26-1/탄중/temp/jetson_nano_edgeai/my_results/clean_v2(without_tensorRT)/layer_runtime/shufflenet_v2_x1_0_onnxrt_cuda.csv
shufflenet_v2_x1_0,onnxrt_cuda,240,Mul:/stage3/stage3.7/Mul_1_kernel_time,onnxruntime,onnx_node,0.021283,0.003583,0.019,0.047,60,0.000656,99.876638,476,clean_v2_without_tensorrt,/Users/hobongs/Desktop/HoBong_study/26-1/탄중/temp/jetson_nano_edgeai/my_results/clean_v2(without_tensorRT)/layer_runtime/shufflenet_v2_x1_0_onnxrt_cuda.csv
shufflenet_v2_x1_0,onnxrt_cuda,288,Mul:/stage3/stage3.7/Mul_kernel_time,onnxruntime,onnx_node,0.020583,0.002139,0.019,0.033,60,0.000634,99.907608,477,clean_v2_without_tensorrt,/Users/hobongs/Desktop/HoBong_study/26-1/탄중/temp/jetson_nano_edgeai/my_results/clean_v2(without_tensorRT)/layer_runtime/shufflenet_v2_x1_0_onnxrt_cuda.csv
shufflenet_v2_x1_0,onnxrt_cuda,108,Slice:/stage3/stage3.7/Slice_1_kernel_time,onnxruntime,onnx_node,0.075367,0.007497,0.071,0.13,60,0.002323,99.759271,478,clean_v2_without_tensorrt,/Users/hobongs/Desktop/HoBong_study/26-1/탄중/temp/jetson_nano_edgeai/my_results/clean_v2(without_tensorRT)/layer_runtime/shufflenet_v2_x1_0_onnxrt_cuda.csv
shufflenet_v2_x1_0,onnxrt_cuda,615,FusedConv:/stage3/stage3.7/branch2/branch2.0/Conv_/stage3/stage3.7/branch2/branch2.2/Relu_fence_before,onnxruntime,onnx_node,0.001,0.0,0.001,0.001,23,3.1e-05,99.99547,479,clean_v2_without_tensorrt,/Users/hobongs/Desktop/HoBong_study/26-1/탄중/temp/jetson_nano_edgeai/my_results/clean_v2(without_tensorRT)/layer_runtime/shufflenet_v2_x1_0_onnxrt_cuda.csv
shufflenet_v2_x1_0,onnxrt_cuda,34,FusedConv:/stage3/stage3.7/branch2/branch2.0/Conv_/stage3/stage3.7/branch2/branch2.2/Relu_kernel_time,onnxruntime,onnx_node,0.63195,3.541162,0.153,27.832,60,0.019475,99.073037,480,clean_v2_without_tensorrt,/Users/hobongs/Desktop/HoBong_study/26-1/탄중/temp/jetson_nano_edgeai/my_results/clean_v2(without_tensorRT)/layer_runtime/shufflenet_v2_x1_0_onnxrt_cuda.csv
shufflenet_v2_x1_0,onnxrt_cuda,616,FusedConv:/stage3/stage3.7/branch2/branch2.0/Conv_/stage3/stage3.7/branch2/branch2.2/Relu_fence_after,onnxruntime,onnx_node,0.001,0.0,0.001,0.001,1,3.1e-05,99.995501,481,clean_v2_without_tensorrt,/Users/hobongs/Desktop/HoBong_study/26-1/탄중/temp/jetson_nano_edgeai/my_results/clean_v2(without_tensorRT)/layer_runtime/shufflenet_v2_x1_0_onnxrt_cuda.csv
shufflenet_v2_x1_0,onnxrt_cuda,617,Conv:/stage3/stage3.7/branch2/branch2.3/Conv_fence_before,onnxruntime,onnx_node,0.001,0.0,0.001,0.001,5,3.1e-05,99.995532,482,clean_v2_without_tensorrt,/Users/hobongs/Desktop/HoBong_study/26-1/탄중/temp/jetson_nano_edgeai/my_results/clean_v2(without_tensorRT)/layer_runtime/shufflenet_v2_x1_0_onnxrt_cuda.csv
shufflenet_v2_x1_0,onnxrt_cuda,14,Conv:/stage3/stage3.7/branch2/branch2.3/Conv_kernel_time,onnxruntime,onnx_node,1.9134,13.5698,0.141,106.145,60,0.058965,98.396484,483,clean_v2_without_tensorrt,/Users/hobongs/Desktop/HoBong_study/26-1/탄중/temp/jetson_nano_edgeai/my_results/clean_v2(without_tensorRT)/layer_runtime/shufflenet_v2_x1_0_onnxrt_cuda.csv
shufflenet_v2_x1_0,onnxrt_cuda,618,Conv:/stage3/stage3.7/branch2/branch2.3/Conv_fence_after,onnxruntime,onnx_node,0.001,0.0,0.001,0.001,1,3.1e-05,99.995562,484,clean_v2_without_tensorrt,/Users/hobongs/Desktop/HoBong_study/26-1/탄중/temp/jetson_nano_edgeai/my_results/clean_v2(without_tensorRT)/layer_runtime/shufflenet_v2_x1_0_onnxrt_cuda.csv
shufflenet_v2_x1_0,onnxrt_cuda,619,FusedConv:/stage3/stage3.7/branch2/branch2.5/Conv_/stage3/stage3.7/branch2/branch2.7/Relu_fence_before,onnxruntime,onnx_node,0.001,0.0,0.001,0.001,16,3.1e-05,99.995593,485,clean_v2_without_tensorrt,/Users/hobongs/Desktop/HoBong_study/26-1/탄중/temp/jetson_nano_edgeai/my_results/clean_v2(without_tensorRT)/layer_runtime/shufflenet_v2_x1_0_onnxrt_cuda.csv
shufflenet_v2_x1_0,onnxrt_cuda,53,FusedConv:/stage3/stage3.7/branch2/branch2.5/Conv_/stage3/stage3.7/branch2/branch2.7/Relu_kernel_time,onnxruntime,onnx_node,0.601417,3.534062,0.131,27.747,60,0.018534,99.43156,486,clean_v2_without_tensorrt,/Users/hobongs/Desktop/HoBong_study/26-1/탄중/temp/jetson_nano_edgeai/my_results/clean_v2(without_tensorRT)/layer_runtime/shufflenet_v2_x1_0_onnxrt_cuda.csv
shufflenet_v2_x1_0,onnxrt_cuda,620,FusedConv:/stage3/stage3.7/branch2/branch2.5/Conv_/stage3/stage3.7/branch2/branch2.7/Relu_fence_after,onnxruntime,onnx_node,0.001,0.0,0.001,0.001,2,3.1e-05,99.995624,487,clean_v2_without_tensorrt,/Users/hobongs/Desktop/HoBong_study/26-1/탄중/temp/jetson_nano_edgeai/my_results/clean_v2(without_tensorRT)/layer_runtime/shufflenet_v2_x1_0_onnxrt_cuda.csv
shufflenet_v2_x1_0,onnxrt_cuda,621,Slice:/stage3/stage3.7/Slice_fence_before,onnxruntime,onnx_node,0.001,0.0,0.001,0.001,1,3.1e-05,99.995655,488,clean_v2_without_tensorrt,/Users/hobongs/Desktop/HoBong_study/26-1/탄중/temp/jetson_nano_edgeai/my_results/clean_v2(without_tensorRT)/layer_runtime/shufflenet_v2_x1_0_onnxrt_cuda.csv
shufflenet_v2_x1_0,onnxrt_cuda,103,Slice:/stage3/stage3.7/Slice_kernel_time,onnxruntime,onnx_node,0.0771,0.0095,0.073,0.148,60,0.002376,99.747535,489,clean_v2_without_tensorrt,/Users/hobongs/Desktop/HoBong_study/26-1/탄중/temp/jetson_nano_edgeai/my_results/clean_v2(without_tensorRT)/layer_runtime/shufflenet_v2_x1_0_onnxrt_cuda.csv
shufflenet_v2_x1_0,onnxrt_cuda,622,Slice:/stage3/stage3.7/Slice_fence_after,onnxruntime,onnx_node,0.001,0.0,0.001,0.001,1,3.1e-05,99.995686,490,clean_v2_without_tensorrt,/Users/hobongs/Desktop/HoBong_study/26-1/탄중/temp/jetson_nano_edgeai/my_results/clean_v2(without_tensorRT)/layer_runtime/shufflenet_v2_x1_0_onnxrt_cuda.csv
shufflenet_v2_x1_0,onnxrt_cuda,623,Concat:/stage3/stage3.7/Concat_fence_before,onnxruntime,onnx_node,0.001,0.0,0.001,0.001,19,3.1e-05,99.995716,491,clean_v2_without_tensorrt,/Users/hobongs/Desktop/HoBong_study/26-1/탄중/temp/jetson_nano_edgeai/my_results/clean_v2(without_tensorRT)/layer_runtime/shufflenet_v2_x1_0_onnxrt_cuda.csv
shufflenet_v2_x1_0,onnxrt_cuda,75,Concat:/stage3/stage3.7/Concat_kernel_time,onnxruntime,onnx_node,0.23465,0.019272,0.221,0.36,60,0.007231,99.668219,492,clean_v2_without_tensorrt,/Users/hobongs/Desktop/HoBong_study/26-1/탄중/temp/jetson_nano_edgeai/my_results/clean_v2(without_tensorRT)/layer_runtime/shufflenet_v2_x1_0_onnxrt_cuda.csv
shufflenet_v2_x1_0,onnxrt_cuda,272,Shape:/stage3/stage3.7/Shape_2_kernel_time,onnxruntime,onnx_node,0.020817,0.003379,0.019,0.043,60,0.000642,99.897406,493,clean_v2_without_tensorrt,/Users/hobongs/Desktop/HoBong_study/26-1/탄중/temp/jetson_nano_edgeai/my_results/clean_v2(without_tensorRT)/layer_runtime/shufflenet_v2_x1_0_onnxrt_cuda.csv
shufflenet_v2_x1_0,onnxrt_cuda,624,Gather:/stage3/stage3.7/Gather_2_fence_before,onnxruntime,onnx_node,0.001,0.0,0.001,0.001,4,3.1e-05,99.995747,494,clean_v2_without_tensorrt,/Users/hobongs/Desktop/HoBong_study/26-1/탄중/temp/jetson_nano_edgeai/my_results/clean_v2(without_tensorRT)/layer_runtime/shufflenet_v2_x1_0_onnxrt_cuda.csv
shufflenet_v2_x1_0,onnxrt_cuda,248,Gather:/stage3/stage3.7/Gather_2_kernel_time,onnxruntime,onnx_node,0.021183,0.001698,0.02,0.033,60,0.000653,99.881868,495,clean_v2_without_tensorrt,/Users/hobongs/Desktop/HoBong_study/26-1/탄중/temp/jetson_nano_edgeai/my_results/clean_v2(without_tensorRT)/layer_runtime/shufflenet_v2_x1_0_onnxrt_cuda.csv
shufflenet_v2_x1_0,onnxrt_cuda,625,Div:/stage3/stage3.7/Div_1_fence_before,onnxruntime,onnx_node,0.001,0.0,0.001,0.001,1,3.1e-05,99.995778,496,clean_v2_without_tensorrt,/Users/hobongs/Desktop/HoBong_study/26-1/탄중/temp/jetson_nano_edgeai/my_results/clean_v2(without_tensorRT)/layer_runtime/shufflenet_v2_x1_0_onnxrt_cuda.csv
shufflenet_v2_x1_0,onnxrt_cuda,174,Div:/stage3/stage3.7/Div_1_kernel_time,onnxruntime,onnx_node,0.023367,0.001732,0.022,0.035,60,0.00072,99.831867,497,clean_v2_without_tensorrt,/Users/hobongs/Desktop/HoBong_study/26-1/탄중/temp/jetson_nano_edgeai/my_results/clean_v2(without_tensorRT)/layer_runtime/shufflenet_v2_x1_0_onnxrt_cuda.csv
shufflenet_v2_x1_0,onnxrt_cuda,626,Unsqueeze:/stage3/stage3.7/Unsqueeze_1_fence_before,onnxruntime,onnx_node,0.001,0.0,0.001,0.001,2,3.1e-05,99.995809,498,clean_v2_without_tensorrt,/Users/hobongs/Desktop/HoBong_study/26-1/탄중/temp/jetson_nano_edgeai/my_results/clean_v2(without_tensorRT)/layer_runtime/shufflenet_v2_x1_0_onnxrt_cuda.csv
shufflenet_v2_x1_0,onnxrt_cuda,374,Unsqueeze:/stage3/stage3.7/Unsqueeze_1_kernel_time,onnxruntime,onnx_node,0.01845,0.003393,0.017,0.044,60,0.000569,99.959584,499,clean_v2_without_tensorrt,/Users/hobongs/Desktop/HoBong_study/26-1/탄중/temp/jetson_nano_edgeai/my_results/clean_v2(without_tensorRT)/layer_runtime/shufflenet_v2_x1_0_onnxrt_cuda.csv
shufflenet_v2_x1_0,onnxrt_cuda,349,Gather:/stage3/stage3.7/Gather_4_kernel_time,onnxruntime,onnx_node,0.019383,0.001415,0.018,0.029,60,0.000597,99.944931,500,clean_v2_without_tensorrt,/Users/hobongs/Desktop/HoBong_study/26-1/탄중/temp/jetson_nano_edgeai/my_results/clean_v2(without_tensorRT)/layer_runtime/shufflenet_v2_x1_0_onnxrt_cuda.csv
shufflenet_v2_x1_0,onnxrt_cuda,389,Unsqueeze:/stage3/stage3.7/Unsqueeze_3_kernel_time,onnxruntime,onnx_node,0.017833,0.003215,0.017,0.042,60,0.00055,99.96797,501,clean_v2_without_tensorrt,/Users/hobongs/Desktop/HoBong_study/26-1/탄중/temp/jetson_nano_edgeai/my_results/clean_v2(without_tensorRT)/layer_runtime/shufflenet_v2_x1_0_onnxrt_cuda.csv
shufflenet_v2_x1_0,onnxrt_cuda,351,Gather:/stage3/stage3.7/Gather_3_kernel_time,onnxruntime,onnx_node,0.019333,0.000978,0.018,0.025,60,0.000596,99.946123,502,clean_v2_without_tensorrt,/Users/hobongs/Desktop/HoBong_study/26-1/탄중/temp/jetson_nano_edgeai/my_results/clean_v2(without_tensorRT)/layer_runtime/shufflenet_v2_x1_0_onnxrt_cuda.csv
shufflenet_v2_x1_0,onnxrt_cuda,410,Unsqueeze:/stage3/stage3.7/Unsqueeze_2_kernel_time,onnxruntime,onnx_node,0.017333,0.000699,0.017,0.021,60,0.000534,99.979322,503,clean_v2_without_tensorrt,/Users/hobongs/Desktop/HoBong_study/26-1/탄중/temp/jetson_nano_edgeai/my_results/clean_v2(without_tensorRT)/layer_runtime/shufflenet_v2_x1_0_onnxrt_cuda.csv
shufflenet_v2_x1_0,onnxrt_cuda,337,Gather:/stage3/stage3.7/Gather_1_kernel_time,onnxruntime,onnx_node,0.019517,0.002723,0.018,0.04,60,0.000601,99.937738,504,clean_v2_without_tensorrt,/Users/hobongs/Desktop/HoBong_study/26-1/탄중/temp/jetson_nano_edgeai/my_results/clean_v2(without_tensorRT)/layer_runtime/shufflenet_v2_x1_0_onnxrt_cuda.csv
shufflenet_v2_x1_0,onnxrt_cuda,421,Unsqueeze:/stage3/stage3.7/Unsqueeze_kernel_time,onnxruntime,onnx_node,0.01715,0.000654,0.016,0.02,60,0.000529,99.985168,505,clean_v2_without_tensorrt,/Users/hobongs/Desktop/HoBong_study/26-1/탄중/temp/jetson_nano_edgeai/my_results/clean_v2(without_tensorRT)/layer_runtime/shufflenet_v2_x1_0_onnxrt_cuda.csv
shufflenet_v2_x1_0,onnxrt_cuda,138,Concat:/stage3/stage3.7/Concat_1_kernel_time,onnxruntime,onnx_node,0.028617,0.00155,0.026,0.035,60,0.000882,99.804433,506,clean_v2_without_tensorrt,/Users/hobongs/Desktop/HoBong_study/26-1/탄중/temp/jetson_nano_edgeai/my_results/clean_v2(without_tensorRT)/layer_runtime/shufflenet_v2_x1_0_onnxrt_cuda.csv
shufflenet_v2_x1_0,onnxrt_cuda,234,Reshape:/stage3/stage3.7/Reshape_kernel_time,onnxruntime,onnx_node,0.02135,0.001504,0.02,0.029,60,0.000658,99.872695,507,clean_v2_without_tensorrt,/Users/hobongs/Desktop/HoBong_study/26-1/탄중/temp/jetson_nano_edgeai/my_results/clean_v2(without_tensorRT)/layer_runtime/shufflenet_v2_x1_0_onnxrt_cuda.csv
shufflenet_v2_x1_0,onnxrt_cuda,119,Transpose:/stage3/stage3.7/Transpose_kernel_time,onnxruntime,onnx_node,0.072183,0.008584,0.065,0.132,60,0.002224,99.784283,508,clean_v2_without_tensorrt,/Users/hobongs/Desktop/HoBong_study/26-1/탄중/temp/jetson_nano_edgeai/my_results/clean_v2(without_tensorRT)/layer_runtime/shufflenet_v2_x1_0_onnxrt_cuda.csv
shufflenet_v2_x1_0,onnxrt_cuda,158,Concat:/stage3/stage3.7/Concat_2_kernel_time,onnxruntime,onnx_node,0.024433,0.000955,0.023,0.029,60,0.000753,99.820125,509,clean_v2_without_tensorrt,/Users/hobongs/Desktop/HoBong_study/26-1/탄중/temp/jetson_nano_edgeai/my_results/clean_v2(without_tensorRT)/layer_runtime/shufflenet_v2_x1_0_onnxrt_cuda.csv
shufflenet_v2_x1_0,onnxrt_cuda,293,Reshape:/stage3/stage3.7/Reshape_1_kernel_time,onnxruntime,onnx_node,0.02045,0.001087,0.019,0.027,60,0.00063,99.91077,510,clean_v2_without_tensorrt,/Users/hobongs/Desktop/HoBong_study/26-1/탄중/temp/jetson_nano_edgeai/my_results/clean_v2(without_tensorRT)/layer_runtime/shufflenet_v2_x1_0_onnxrt_cuda.csv
shufflenet_v2_x1_0,onnxrt_cuda,627,Conv:/stage4/stage4.0/branch1/branch1.0/Conv_fence_before,onnxruntime,onnx_node,0.001,0.0,0.001,0.001,3,3.1e-05,99.99584,511,clean_v2_without_tensorrt,/Users/hobongs/Desktop/HoBong_study/26-1/탄중/temp/jetson_nano_edgeai/my_results/clean_v2(without_tensorRT)/layer_runtime/shufflenet_v2_x1_0_onnxrt_cuda.csv
shufflenet_v2_x1_0,onnxrt_cuda,18,Conv:/stage4/stage4.0/branch1/branch1.0/Conv_kernel_time,onnxruntime,onnx_node,1.72385,12.084547,0.142,94.547,60,0.053124,98.62019,512,clean_v2_without_tensorrt,/Users/hobongs/Desktop/HoBong_study/26-1/탄중/temp/jetson_nano_edgeai/my_results/clean_v2(without_tensorRT)/layer_runtime/shufflenet_v2_x1_0_onnxrt_cuda.csv
shufflenet_v2_x1_0,onnxrt_cuda,628,Conv:/stage4/stage4.0/branch1/branch1.0/Conv_fence_after,onnxruntime,onnx_node,0.001,0.0,0.001,0.001,1,3.1e-05,99.995871,513,clean_v2_without_tensorrt,/Users/hobongs/Desktop/HoBong_study/26-1/탄중/temp/jetson_nano_edgeai/my_results/clean_v2(without_tensorRT)/layer_runtime/shufflenet_v2_x1_0_onnxrt_cuda.csv
shufflenet_v2_x1_0,onnxrt_cuda,629,FusedConv:/stage4/stage4.0/branch1/branch1.2/Conv_/stage4/stage4.0/branch1/branch1.4/Relu_fence_before,onnxruntime,onnx_node,0.001,0.0,0.001,0.001,13,3.1e-05,99.995901,514,clean_v2_without_tensorrt,/Users/hobongs/Desktop/HoBong_study/26-1/탄중/temp/jetson_nano_edgeai/my_results/clean_v2(without_tensorRT)/layer_runtime/shufflenet_v2_x1_0_onnxrt_cuda.csv
shufflenet_v2_x1_0,onnxrt_cuda,43,FusedConv:/stage4/stage4.0/branch1/branch1.2/Conv_/stage4/stage4.0/branch1/branch1.4/Relu_kernel_time,onnxruntime,onnx_node,0.610867,3.391071,0.15,26.658,60,0.018825,99.244615,515,clean_v2_without_tensorrt,/Users/hobongs/Desktop/HoBong_study/26-1/탄중/temp/jetson_nano_edgeai/my_results/clean_v2(without_tensorRT)/layer_runtime/shufflenet_v2_x1_0_onnxrt_cuda.csv
shufflenet_v2_x1_0,onnxrt_cuda,630,FusedConv:/stage4/stage4.0/branch1/branch1.2/Conv_/stage4/stage4.0/branch1/branch1.4/Relu_fence_after,onnxruntime,onnx_node,0.001,0.0,0.001,0.001,2,3.1e-05,99.995932,516,clean_v2_without_tensorrt,/Users/hobongs/Desktop/HoBong_study/26-1/탄중/temp/jetson_nano_edgeai/my_results/clean_v2(without_tensorRT)/layer_runtime/shufflenet_v2_x1_0_onnxrt_cuda.csv
shufflenet_v2_x1_0,onnxrt_cuda,631,FusedConv:/stage4/stage4.0/branch2/branch2.0/Conv_/stage4/stage4.0/branch2/branch2.2/Relu_fence_before,onnxruntime,onnx_node,0.001,0.0,0.001,0.001,12,3.1e-05,99.995963,517,clean_v2_without_tensorrt,/Users/hobongs/Desktop/HoBong_study/26-1/탄중/temp/jetson_nano_edgeai/my_results/clean_v2(without_tensorRT)/layer_runtime/shufflenet_v2_x1_0_onnxrt_cuda.csv
shufflenet_v2_x1_0,onnxrt_cuda,50,FusedConv:/stage4/stage4.0/branch2/branch2.0/Conv_/stage4/stage4.0/branch2/branch2.2/Relu_kernel_time,onnxruntime,onnx_node,0.604967,3.494163,0.14,27.444,60,0.018643,99.375867,518,clean_v2_without_tensorrt,/Users/hobongs/Desktop/HoBong_study/26-1/탄중/temp/jetson_nano_edgeai/my_results/clean_v2(without_tensorRT)/layer_runtime/shufflenet_v2_x1_0_onnxrt_cuda.csv
shufflenet_v2_x1_0,onnxrt_cuda,632,FusedConv:/stage4/stage4.0/branch2/branch2.0/Conv_/stage4/stage4.0/branch2/branch2.2/Relu_fence_after,onnxruntime,onnx_node,0.001,0.0,0.001,0.001,1,3.1e-05,99.995994,519,clean_v2_without_tensorrt,/Users/hobongs/Desktop/HoBong_study/26-1/탄중/temp/jetson_nano_edgeai/my_results/clean_v2(without_tensorRT)/layer_runtime/shufflenet_v2_x1_0_onnxrt_cuda.csv
shufflenet_v2_x1_0,onnxrt_cuda,633,Conv:/stage4/stage4.0/branch2/branch2.3/Conv_fence_before,onnxruntime,onnx_node,0.001,0.0,0.001,0.001,1,3.1e-05,99.996025,520,clean_v2_without_tensorrt,/Users/hobongs/Desktop/HoBong_study/26-1/탄중/temp/jetson_nano_edgeai/my_results/clean_v2(without_tensorRT)/layer_runtime/shufflenet_v2_x1_0_onnxrt_cuda.csv
shufflenet_v2_x1_0,onnxrt_cuda,19,Conv:/stage4/stage4.0/branch2/branch2.3/Conv_kernel_time,onnxruntime,onnx_node,1.709467,12.102041,0.128,94.667,60,0.052681,98.672871,521,clean_v2_without_tensorrt,/Users/hobongs/Desktop/HoBong_study/26-1/탄중/temp/jetson_nano_edgeai/my_results/clean_v2(without_tensorRT)/layer_runtime/shufflenet_v2_x1_0_onnxrt_cuda.csv
shufflenet_v2_x1_0,onnxrt_cuda,634,Conv:/stage4/stage4.0/branch2/branch2.3/Conv_fence_after,onnxruntime,onnx_node,0.001,0.0,0.001,0.001,1,3.1e-05,99.996055,522,clean_v2_without_tensorrt,/Users/hobongs/Desktop/HoBong_study/26-1/탄중/temp/jetson_nano_edgeai/my_results/clean_v2(without_tensorRT)/layer_runtime/shufflenet_v2_x1_0_onnxrt_cuda.csv
shufflenet_v2_x1_0,onnxrt_cuda,635,FusedConv:/stage4/stage4.0/branch2/branch2.5/Conv_/stage4/stage4.0/branch2/branch2.7/Relu_fence_before,onnxruntime,onnx_node,0.001,0.0,0.001,0.001,24,3.1e-05,99.996086,523,clean_v2_without_tensorrt,/Users/hobongs/Desktop/HoBong_study/26-1/탄중/temp/jetson_nano_edgeai/my_results/clean_v2(without_tensorRT)/layer_runtime/shufflenet_v2_x1_0_onnxrt_cuda.csv
shufflenet_v2_x1_0,onnxrt_cuda,58,FusedConv:/stage4/stage4.0/branch2/branch2.5/Conv_/stage4/stage4.0/branch2/branch2.7/Relu_kernel_time,onnxruntime,onnx_node,0.576483,3.388109,0.127,26.601,60,0.017766,99.521575,524,clean_v2_without_tensorrt,/Users/hobongs/Desktop/HoBong_study/26-1/탄중/temp/jetson_nano_edgeai/my_results/clean_v2(without_tensorRT)/layer_runtime/shufflenet_v2_x1_0_onnxrt_cuda.csv
shufflenet_v2_x1_0,onnxrt_cuda,636,FusedConv:/stage4/stage4.0/branch2/branch2.5/Conv_/stage4/stage4.0/branch2/branch2.7/Relu_fence_after,onnxruntime,onnx_node,0.001,0.0,0.001,0.001,1,3.1e-05,99.996117,525,clean_v2_without_tensorrt,/Users/hobongs/Desktop/HoBong_study/26-1/탄중/temp/jetson_nano_edgeai/my_results/clean_v2(without_tensorRT)/layer_runtime/shufflenet_v2_x1_0_onnxrt_cuda.csv
shufflenet_v2_x1_0,onnxrt_cuda,637,Concat:/stage4/stage4.0/Concat_fence_before,onnxruntime,onnx_node,0.001,0.0,0.001,0.001,14,3.1e-05,99.996148,526,clean_v2_without_tensorrt,/Users/hobongs/Desktop/HoBong_study/26-1/탄중/temp/jetson_nano_edgeai/my_results/clean_v2(without_tensorRT)/layer_runtime/shufflenet_v2_x1_0_onnxrt_cuda.csv
shufflenet_v2_x1_0,onnxrt_cuda,73,Concat:/stage4/stage4.0/Concat_kernel_time,onnxruntime,onnx_node,0.23525,0.022572,0.221,0.389,60,0.00725,99.653747,527,clean_v2_without_tensorrt,/Users/hobongs/Desktop/HoBong_study/26-1/탄중/temp/jetson_nano_edgeai/my_results/clean_v2(without_tensorRT)/layer_runtime/shufflenet_v2_x1_0_onnxrt_cuda.csv
shufflenet_v2_x1_0,onnxrt_cuda,638,Shape:/stage4/stage4.0/Shape_1_fence_before,onnxruntime,onnx_node,0.001,0.0,0.001,0.001,4,3.1e-05,99.996179,528,clean_v2_without_tensorrt,/Users/hobongs/Desktop/HoBong_study/26-1/탄중/temp/jetson_nano_edgeai/my_results/clean_v2(without_tensorRT)/layer_runtime/shufflenet_v2_x1_0_onnxrt_cuda.csv
shufflenet_v2_x1_0,onnxrt_cuda,289,Shape:/stage4/stage4.0/Shape_1_kernel_time,onnxruntime,onnx_node,0.020567,0.003743,0.019,0.044,60,0.000634,99.908242,529,clean_v2_without_tensorrt,/Users/hobongs/Desktop/HoBong_study/26-1/탄중/temp/jetson_nano_edgeai/my_results/clean_v2(without_tensorRT)/layer_runtime/shufflenet_v2_x1_0_onnxrt_cuda.csv
shufflenet_v2_x1_0,onnxrt_cuda,639,Gather:/stage4/stage4.0/Gather_1_fence_before,onnxruntime,onnx_node,0.001,0.0,0.001,0.001,3,3.1e-05,99.99621,530,clean_v2_without_tensorrt,/Users/hobongs/Desktop/HoBong_study/26-1/탄중/temp/jetson_nano_edgeai/my_results/clean_v2(without_tensorRT)/layer_runtime/shufflenet_v2_x1_0_onnxrt_cuda.csv
shufflenet_v2_x1_0,onnxrt_cuda,235,Gather:/stage4/stage4.0/Gather_1_kernel_time,onnxruntime,onnx_node,0.02135,0.001956,0.02,0.035,60,0.000658,99.873353,531,clean_v2_without_tensorrt,/Users/hobongs/Desktop/HoBong_study/26-1/탄중/temp/jetson_nano_edgeai/my_results/clean_v2(without_tensorRT)/layer_runtime/shufflenet_v2_x1_0_onnxrt_cuda.csv
shufflenet_v2_x1_0,onnxrt_cuda,640,Div:/stage4/stage4.0/Div_fence_before,onnxruntime,onnx_node,0.001,0.0,0.001,0.001,1,3.1e-05,99.99624,532,clean_v2_without_tensorrt,/Users/hobongs/Desktop/HoBong_study/26-1/탄중/temp/jetson_nano_edgeai/my_results/clean_v2(without_tensorRT)/layer_runtime/shufflenet_v2_x1_0_onnxrt_cuda.csv
shufflenet_v2_x1_0,onnxrt_cuda,179,Div:/stage4/stage4.0/Div_kernel_time,onnxruntime,onnx_node,0.023167,0.001593,0.022,0.034,60,0.000714,99.835448,533,clean_v2_without_tensorrt,/Users/hobongs/Desktop/HoBong_study/26-1/탄중/temp/jetson_nano_edgeai/my_results/clean_v2(without_tensorRT)/layer_runtime/shufflenet_v2_x1_0_onnxrt_cuda.csv
shufflenet_v2_x1_0,onnxrt_cuda,641,Unsqueeze:/stage4/stage4.0/Unsqueeze_1_fence_before,onnxruntime,onnx_node,0.001,0.0,0.001,0.001,4,3.1e-05,99.996271,534,clean_v2_without_tensorrt,/Users/hobongs/Desktop/HoBong_study/26-1/탄중/temp/jetson_nano_edgeai/my_results/clean_v2(without_tensorRT)/layer_runtime/shufflenet_v2_x1_0_onnxrt_cuda.csv
shufflenet_v2_x1_0,onnxrt_cuda,382,Unsqueeze:/stage4/stage4.0/Unsqueeze_1_kernel_time,onnxruntime,onnx_node,0.018167,0.000662,0.017,0.022,60,0.00056,99.964088,535,clean_v2_without_tensorrt,/Users/hobongs/Desktop/HoBong_study/26-1/탄중/temp/jetson_nano_edgeai/my_results/clean_v2(without_tensorRT)/layer_runtime/shufflenet_v2_x1_0_onnxrt_cuda.csv
shufflenet_v2_x1_0,onnxrt_cuda,332,Gather:/stage4/stage4.0/Gather_3_kernel_time,onnxruntime,onnx_node,0.01955,0.001175,0.018,0.026,60,0.000602,99.934729,536,clean_v2_without_tensorrt,/Users/hobongs/Desktop/HoBong_study/26-1/탄중/temp/jetson_nano_edgeai/my_results/clean_v2(without_tensorRT)/layer_runtime/shufflenet_v2_x1_0_onnxrt_cuda.csv
shufflenet_v2_x1_0,onnxrt_cuda,420,Unsqueeze:/stage4/stage4.0/Unsqueeze_3_kernel_time,onnxruntime,onnx_node,0.017183,0.000671,0.016,0.02,60,0.00053,99.98464,537,clean_v2_without_tensorrt,/Users/hobongs/Desktop/HoBong_study/26-1/탄중/temp/jetson_nano_edgeai/my_results/clean_v2(without_tensorRT)/layer_runtime/shufflenet_v2_x1_0_onnxrt_cuda.csv
shufflenet_v2_x1_0,onnxrt_cuda,333,Gather:/stage4/stage4.0/Gather_2_kernel_time,onnxruntime,onnx_node,0.01955,0.001465,0.018,0.03,60,0.000602,99.935331,538,clean_v2_without_tensorrt,/Users/hobongs/Desktop/HoBong_study/26-1/탄중/temp/jetson_nano_edgeai/my_results/clean_v2(without_tensorRT)/layer_runtime/shufflenet_v2_x1_0_onnxrt_cuda.csv
shufflenet_v2_x1_0,onnxrt_cuda,404,Unsqueeze:/stage4/stage4.0/Unsqueeze_2_kernel_time,onnxruntime,onnx_node,0.017417,0.003388,0.016,0.043,60,0.000537,99.976113,539,clean_v2_without_tensorrt,/Users/hobongs/Desktop/HoBong_study/26-1/탄중/temp/jetson_nano_edgeai/my_results/clean_v2(without_tensorRT)/layer_runtime/shufflenet_v2_x1_0_onnxrt_cuda.csv
shufflenet_v2_x1_0,onnxrt_cuda,341,Gather:/stage4/stage4.0/Gather_kernel_time,onnxruntime,onnx_node,0.0195,0.001025,0.018,0.026,60,0.000601,99.940142,540,clean_v2_without_tensorrt,/Users/hobongs/Desktop/HoBong_study/26-1/탄중/temp/jetson_nano_edgeai/my_results/clean_v2(without_tensorRT)/layer_runtime/shufflenet_v2_x1_0_onnxrt_cuda.csv
shufflenet_v2_x1_0,onnxrt_cuda,427,Unsqueeze:/stage4/stage4.0/Unsqueeze_kernel_time,onnxruntime,onnx_node,0.017017,0.000671,0.016,0.021,60,0.000524,99.988329,541,clean_v2_without_tensorrt,/Users/hobongs/Desktop/HoBong_study/26-1/탄중/temp/jetson_nano_edgeai/my_results/clean_v2(without_tensorRT)/layer_runtime/shufflenet_v2_x1_0_onnxrt_cuda.csv
shufflenet_v2_x1_0,onnxrt_cuda,135,Concat:/stage4/stage4.0/Concat_1_kernel_time,onnxruntime,onnx_node,0.029,0.003638,0.027,0.055,60,0.000894,99.801773,542,clean_v2_without_tensorrt,/Users/hobongs/Desktop/HoBong_study/26-1/탄중/temp/jetson_nano_edgeai/my_results/clean_v2(without_tensorRT)/layer_runtime/shufflenet_v2_x1_0_onnxrt_cuda.csv
shufflenet_v2_x1_0,onnxrt_cuda,225,Reshape:/stage4/stage4.0/Reshape_kernel_time,onnxruntime,onnx_node,0.021517,0.003334,0.02,0.045,60,0.000663,99.866751,543,clean_v2_without_tensorrt,/Users/hobongs/Desktop/HoBong_study/26-1/탄중/temp/jetson_nano_edgeai/my_results/clean_v2(without_tensorRT)/layer_runtime/shufflenet_v2_x1_0_onnxrt_cuda.csv
shufflenet_v2_x1_0,onnxrt_cuda,642,Transpose:/stage4/stage4.0/Transpose_fence_before,onnxruntime,onnx_node,0.001,0.0,0.001,0.001,1,3.1e-05,99.996302,544,clean_v2_without_tensorrt,/Users/hobongs/Desktop/HoBong_study/26-1/탄중/temp/jetson_nano_edgeai/my_results/clean_v2(without_tensorRT)/layer_runtime/shufflenet_v2_x1_0_onnxrt_cuda.csv
shufflenet_v2_x1_0,onnxrt_cuda,112,Transpose:/stage4/stage4.0/Transpose_kernel_time,onnxruntime,onnx_node,0.074667,0.007511,0.069,0.125,60,0.002301,99.768499,545,clean_v2_without_tensorrt,/Users/hobongs/Desktop/HoBong_study/26-1/탄중/temp/jetson_nano_edgeai/my_results/clean_v2(without_tensorRT)/layer_runtime/shufflenet_v2_x1_0_onnxrt_cuda.csv
shufflenet_v2_x1_0,onnxrt_cuda,154,Concat:/stage4/stage4.0/Concat_2_kernel_time,onnxruntime,onnx_node,0.02495,0.001543,0.023,0.034,60,0.000769,99.817084,546,clean_v2_without_tensorrt,/Users/hobongs/Desktop/HoBong_study/26-1/탄중/temp/jetson_nano_edgeai/my_results/clean_v2(without_tensorRT)/layer_runtime/shufflenet_v2_x1_0_onnxrt_cuda.csv
shufflenet_v2_x1_0,onnxrt_cuda,643,Reshape:/stage4/stage4.0/Reshape_1_fence_before,onnxruntime,onnx_node,0.001,0.0,0.001,0.001,1,3.1e-05,99.996333,547,clean_v2_without_tensorrt,/Users/hobongs/Desktop/HoBong_study/26-1/탄중/temp/jetson_nano_edgeai/my_results/clean_v2(without_tensorRT)/layer_runtime/shufflenet_v2_x1_0_onnxrt_cuda.csv
shufflenet_v2_x1_0,onnxrt_cuda,244,Reshape:/stage4/stage4.0/Reshape_1_kernel_time,onnxruntime,onnx_node,0.021217,0.003493,0.019,0.047,60,0.000654,99.879257,548,clean_v2_without_tensorrt,/Users/hobongs/Desktop/HoBong_study/26-1/탄중/temp/jetson_nano_edgeai/my_results/clean_v2(without_tensorRT)/layer_runtime/shufflenet_v2_x1_0_onnxrt_cuda.csv
shufflenet_v2_x1_0,onnxrt_cuda,644,Shape:/stage4/stage4.1/Shape_fence_before,onnxruntime,onnx_node,0.001,0.0,0.001,0.001,1,3.1e-05,99.996364,549,clean_v2_without_tensorrt,/Users/hobongs/Desktop/HoBong_study/26-1/탄중/temp/jetson_nano_edgeai/my_results/clean_v2(without_tensorRT)/layer_runtime/shufflenet_v2_x1_0_onnxrt_cuda.csv
shufflenet_v2_x1_0,onnxrt_cuda,356,Shape:/stage4/stage4.1/Shape_kernel_time,onnxruntime,onnx_node,0.019233,0.001637,0.018,0.03,60,0.000593,99.949093,550,clean_v2_without_tensorrt,/Users/hobongs/Desktop/HoBong_study/26-1/탄중/temp/jetson_nano_edgeai/my_results/clean_v2(without_tensorRT)/layer_runtime/shufflenet_v2_x1_0_onnxrt_cuda.csv
shufflenet_v2_x1_0,onnxrt_cuda,305,Gather:/stage4/stage4.1/Gather_kernel_time,onnxruntime,onnx_node,0.020167,0.000969,0.019,0.024,60,0.000621,99.918273,551,clean_v2_without_tensorrt,/Users/hobongs/Desktop/HoBong_study/26-1/탄중/temp/jetson_nano_edgeai/my_results/clean_v2(without_tensorRT)/layer_runtime/shufflenet_v2_x1_0_onnxrt_cuda.csv
shufflenet_v2_x1_0,onnxrt_cuda,645,Add:/stage4/stage4.1/Add_fence_before,onnxruntime,onnx_node,0.001,0.0,0.001,0.001,6,3.1e-05,99.996394,552,clean_v2_without_tensorrt,/Users/hobongs/Desktop/HoBong_study/26-1/탄중/temp/jetson_nano_edgeai/my_results/clean_v2(without_tensorRT)/layer_runtime/shufflenet_v2_x1_0_onnxrt_cuda.csv
shufflenet_v2_x1_0,onnxrt_cuda,181,Add:/stage4/stage4.1/Add_kernel_time,onnxruntime,onnx_node,0.023,0.001291,0.021,0.029,60,0.000709,99.836868,553,clean_v2_without_tensorrt,/Users/hobongs/Desktop/HoBong_study/26-1/탄중/temp/jetson_nano_edgeai/my_results/clean_v2(without_tensorRT)/layer_runtime/shufflenet_v2_x1_0_onnxrt_cuda.csv
shufflenet_v2_x1_0,onnxrt_cuda,215,Div:/stage4/stage4.1/Div_kernel_time,onnxruntime,onnx_node,0.021633,0.003966,0.02,0.05,60,0.000667,99.860107,554,clean_v2_without_tensorrt,/Users/hobongs/Desktop/HoBong_study/26-1/탄중/temp/jetson_nano_edgeai/my_results/clean_v2(without_tensorRT)/layer_runtime/shufflenet_v2_x1_0_onnxrt_cuda.csv
shufflenet_v2_x1_0,onnxrt_cuda,210,Mul:/stage4/stage4.1/Mul_1_kernel_time,onnxruntime,onnx_node,0.02175,0.003171,0.02,0.038,60,0.00067,99.85677,555,clean_v2_without_tensorrt,/Users/hobongs/Desktop/HoBong_study/26-1/탄중/temp/jetson_nano_edgeai/my_results/clean_v2(without_tensorRT)/layer_runtime/shufflenet_v2_x1_0_onnxrt_cuda.csv
shufflenet_v2_x1_0,onnxrt_cuda,294,Mul:/stage4/stage4.1/Mul_kernel_time,onnxruntime,onnx_node,0.020433,0.001395,0.019,0.026,60,0.00063,99.9114,556,clean_v2_without_tensorrt,/Users/hobongs/Desktop/HoBong_study/26-1/탄중/temp/jetson_nano_edgeai/my_results/clean_v2(without_tensorRT)/layer_runtime/shufflenet_v2_x1_0_onnxrt_cuda.csv
shufflenet_v2_x1_0,onnxrt_cuda,437,Slice:/stage4/stage4.1/Slice_1_fence_before,onnxruntime,onnx_node,0.001143,0.00035,0.001,0.002,7,3.5e-05,99.989977,557,clean_v2_without_tensorrt,/Users/hobongs/Desktop/HoBong_study/26-1/탄중/temp/jetson_nano_edgeai/my_results/clean_v2(without_tensorRT)/layer_runtime/shufflenet_v2_x1_0_onnxrt_cuda.csv
shufflenet_v2_x1_0,onnxrt_cuda,91,Slice:/stage4/stage4.1/Slice_1_kernel_time,onnxruntime,onnx_node,0.07905,0.012158,0.072,0.17,60,0.002436,99.718631,558,clean_v2_without_tensorrt,/Users/hobongs/Desktop/HoBong_study/26-1/탄중/temp/jetson_nano_edgeai/my_results/clean_v2(without_tensorRT)/layer_runtime/shufflenet_v2_x1_0_onnxrt_cuda.csv
shufflenet_v2_x1_0,onnxrt_cuda,646,FusedConv:/stage4/stage4.1/branch2/branch2.0/Conv_/stage4/stage4.1/branch2/branch2.2/Relu_fence_before,onnxruntime,onnx_node,0.001,0.0,0.001,0.001,10,3.1e-05,99.996425,559,clean_v2_without_tensorrt,/Users/hobongs/Desktop/HoBong_study/26-1/탄중/temp/jetson_nano_edgeai/my_results/clean_v2(without_tensorRT)/layer_runtime/shufflenet_v2_x1_0_onnxrt_cuda.csv
shufflenet_v2_x1_0,onnxrt_cuda,42,FusedConv:/stage4/stage4.1/branch2/branch2.0/Conv_/stage4/stage4.1/branch2/branch2.2/Relu_kernel_time,onnxruntime,onnx_node,0.61225,3.378395,0.153,26.562,60,0.018868,99.22579,560,clean_v2_without_tensorrt,/Users/hobongs/Desktop/HoBong_study/26-1/탄중/temp/jetson_nano_edgeai/my_results/clean_v2(without_tensorRT)/layer_runtime/shufflenet_v2_x1_0_onnxrt_cuda.csv
shufflenet_v2_x1_0,onnxrt_cuda,647,FusedConv:/stage4/stage4.1/branch2/branch2.0/Conv_/stage4/stage4.1/branch2/branch2.2/Relu_fence_after,onnxruntime,onnx_node,0.001,0.0,0.001,0.001,2,3.1e-05,99.996456,561,clean_v2_without_tensorrt,/Users/hobongs/Desktop/HoBong_study/26-1/탄중/temp/jetson_nano_edgeai/my_results/clean_v2(without_tensorRT)/layer_runtime/shufflenet_v2_x1_0_onnxrt_cuda.csv
shufflenet_v2_x1_0,onnxrt_cuda,648,Conv:/stage4/stage4.1/branch2/branch2.3/Conv_fence_before,onnxruntime,onnx_node,0.001,0.0,0.001,0.001,21,3.1e-05,99.996487,562,clean_v2_without_tensorrt,/Users/hobongs/Desktop/HoBong_study/26-1/탄중/temp/jetson_nano_edgeai/my_results/clean_v2(without_tensorRT)/layer_runtime/shufflenet_v2_x1_0_onnxrt_cuda.csv
shufflenet_v2_x1_0,onnxrt_cuda,6,Conv:/stage4/stage4.1/branch2/branch2.3/Conv_kernel_time,onnxruntime,onnx_node,2.914,21.243838,0.14,166.091,60,0.089801,97.805197,563,clean_v2_without_tensorrt,/Users/hobongs/Desktop/HoBong_study/26-1/탄중/temp/jetson_nano_edgeai/my_results/clean_v2(without_tensorRT)/layer_runtime/shufflenet_v2_x1_0_onnxrt_cuda.csv
shufflenet_v2_x1_0,onnxrt_cuda,649,Conv:/stage4/stage4.1/branch2/branch2.3/Conv_fence_after,onnxruntime,onnx_node,0.001,0.0,0.001,0.001,1,3.1e-05,99.996518,564,clean_v2_without_tensorrt,/Users/hobongs/Desktop/HoBong_study/26-1/탄중/temp/jetson_nano_edgeai/my_results/clean_v2(without_tensorRT)/layer_runtime/shufflenet_v2_x1_0_onnxrt_cuda.csv
shufflenet_v2_x1_0,onnxrt_cuda,650,FusedConv:/stage4/stage4.1/branch2/branch2.5/Conv_/stage4/stage4.1/branch2/branch2.7/Relu_fence_before,onnxruntime,onnx_node,0.001,0.0,0.001,0.001,23,3.1e-05,99.996548,565,clean_v2_without_tensorrt,/Users/hobongs/Desktop/HoBong_study/26-1/탄중/temp/jetson_nano_edgeai/my_results/clean_v2(without_tensorRT)/layer_runtime/shufflenet_v2_x1_0_onnxrt_cuda.csv
shufflenet_v2_x1_0,onnxrt_cuda,57,FusedConv:/stage4/stage4.1/branch2/branch2.5/Conv_/stage4/stage4.1/branch2/branch2.7/Relu_kernel_time,onnxruntime,onnx_node,0.583467,3.384334,0.134,26.579,60,0.017981,99.50381,566,clean_v2_without_tensorrt,/Users/hobongs/Desktop/HoBong_study/26-1/탄중/temp/jetson_nano_edgeai/my_results/clean_v2(without_tensorRT)/layer_runtime/shufflenet_v2_x1_0_onnxrt_cuda.csv
shufflenet_v2_x1_0,onnxrt_cuda,651,FusedConv:/stage4/stage4.1/branch2/branch2.5/Conv_/stage4/stage4.1/branch2/branch2.7/Relu_fence_after,onnxruntime,onnx_node,0.001,0.0,0.001,0.001,2,3.1e-05,99.996579,567,clean_v2_without_tensorrt,/Users/hobongs/Desktop/HoBong_study/26-1/탄중/temp/jetson_nano_edgeai/my_results/clean_v2(without_tensorRT)/layer_runtime/shufflenet_v2_x1_0_onnxrt_cuda.csv
shufflenet_v2_x1_0,onnxrt_cuda,652,Slice:/stage4/stage4.1/Slice_fence_before,onnxruntime,onnx_node,0.001,0.0,0.001,0.001,9,3.1e-05,99.99661,568,clean_v2_without_tensorrt,/Users/hobongs/Desktop/HoBong_study/26-1/탄중/temp/jetson_nano_edgeai/my_results/clean_v2(without_tensorRT)/layer_runtime/shufflenet_v2_x1_0_onnxrt_cuda.csv
shufflenet_v2_x1_0,onnxrt_cuda,98,Slice:/stage4/stage4.1/Slice_kernel_time,onnxruntime,onnx_node,0.078067,0.010248,0.073,0.148,60,0.002406,99.735588,569,clean_v2_without_tensorrt,/Users/hobongs/Desktop/HoBong_study/26-1/탄중/temp/jetson_nano_edgeai/my_results/clean_v2(without_tensorRT)/layer_runtime/shufflenet_v2_x1_0_onnxrt_cuda.csv
shufflenet_v2_x1_0,onnxrt_cuda,653,Concat:/stage4/stage4.1/Concat_fence_before,onnxruntime,onnx_node,0.001,0.0,0.001,0.001,3,3.1e-05,99.996641,570,clean_v2_without_tensorrt,/Users/hobongs/Desktop/HoBong_study/26-1/탄중/temp/jetson_nano_edgeai/my_results/clean_v2(without_tensorRT)/layer_runtime/shufflenet_v2_x1_0_onnxrt_cuda.csv
shufflenet_v2_x1_0,onnxrt_cuda,70,Concat:/stage4/stage4.1/Concat_kernel_time,onnxruntime,onnx_node,0.2366,0.018103,0.227,0.366,60,0.007291,99.631948,571,clean_v2_without_tensorrt,/Users/hobongs/Desktop/HoBong_study/26-1/탄중/temp/jetson_nano_edgeai/my_results/clean_v2(without_tensorRT)/layer_runtime/shufflenet_v2_x1_0_onnxrt_cuda.csv
shufflenet_v2_x1_0,onnxrt_cuda,654,Shape:/stage4/stage4.1/Shape_2_fence_before,onnxruntime,onnx_node,0.001,0.0,0.001,0.001,6,3.1e-05,99.996672,572,clean_v2_without_tensorrt,/Users/hobongs/Desktop/HoBong_study/26-1/탄중/temp/jetson_nano_edgeai/my_results/clean_v2(without_tensorRT)/layer_runtime/shufflenet_v2_x1_0_onnxrt_cuda.csv
shufflenet_v2_x1_0,onnxrt_cuda,303,Shape:/stage4/stage4.1/Shape_2_kernel_time,onnxruntime,onnx_node,0.020183,0.001928,0.019,0.034,60,0.000622,99.91703,573,clean_v2_without_tensorrt,/Users/hobongs/Desktop/HoBong_study/26-1/탄중/temp/jetson_nano_edgeai/my_results/clean_v2(without_tensorRT)/layer_runtime/shufflenet_v2_x1_0_onnxrt_cuda.csv
shufflenet_v2_x1_0,onnxrt_cuda,655,Gather:/stage4/stage4.1/Gather_2_fence_before,onnxruntime,onnx_node,0.001,0.0,0.001,0.001,3,3.1e-05,99.996703,574,clean_v2_without_tensorrt,/Users/hobongs/Desktop/HoBong_study/26-1/탄중/temp/jetson_nano_edgeai/my_results/clean_v2(without_tensorRT)/layer_runtime/shufflenet_v2_x1_0_onnxrt_cuda.csv
shufflenet_v2_x1_0,onnxrt_cuda,242,Gather:/stage4/stage4.1/Gather_2_kernel_time,onnxruntime,onnx_node,0.02125,0.001885,0.02,0.034,60,0.000655,99.877949,575,clean_v2_without_tensorrt,/Users/hobongs/Desktop/HoBong_study/26-1/탄중/temp/jetson_nano_edgeai/my_results/clean_v2(without_tensorRT)/layer_runtime/shufflenet_v2_x1_0_onnxrt_cuda.csv
shufflenet_v2_x1_0,onnxrt_cuda,656,Div:/stage4/stage4.1/Div_1_fence_before,onnxruntime,onnx_node,0.001,0.0,0.001,0.001,1,3.1e-05,99.996733,576,clean_v2_without_tensorrt,/Users/hobongs/Desktop/HoBong_study/26-1/탄중/temp/jetson_nano_edgeai/my_results/clean_v2(without_tensorRT)/layer_runtime/shufflenet_v2_x1_0_onnxrt_cuda.csv
shufflenet_v2_x1_0,onnxrt_cuda,173,Div:/stage4/stage4.1/Div_1_kernel_time,onnxruntime,onnx_node,0.023533,0.001678,0.022,0.034,60,0.000725,99.831147,577,clean_v2_without_tensorrt,/Users/hobongs/Desktop/HoBong_study/26-1/탄중/temp/jetson_nano_edgeai/my_results/clean_v2(without_tensorRT)/layer_runtime/shufflenet_v2_x1_0_onnxrt_cuda.csv
shufflenet_v2_x1_0,onnxrt_cuda,657,Unsqueeze:/stage4/stage4.1/Unsqueeze_1_fence_before,onnxruntime,onnx_node,0.001,0.0,0.001,0.001,4,3.1e-05,99.996764,578,clean_v2_without_tensorrt,/Users/hobongs/Desktop/HoBong_study/26-1/탄중/temp/jetson_nano_edgeai/my_results/clean_v2(without_tensorRT)/layer_runtime/shufflenet_v2_x1_0_onnxrt_cuda.csv
shufflenet_v2_x1_0,onnxrt_cuda,379,Unsqueeze:/stage4/stage4.1/Unsqueeze_1_kernel_time,onnxruntime,onnx_node,0.01825,0.000722,0.017,0.022,60,0.000562,99.962407,579,clean_v2_without_tensorrt,/Users/hobongs/Desktop/HoBong_study/26-1/탄중/temp/jetson_nano_edgeai/my_results/clean_v2(without_tensorRT)/layer_runtime/shufflenet_v2_x1_0_onnxrt_cuda.csv
shufflenet_v2_x1_0,onnxrt_cuda,312,Gather:/stage4/stage4.1/Gather_4_kernel_time,onnxruntime,onnx_node,0.019933,0.003449,0.018,0.045,60,0.000614,99.922587,580,clean_v2_without_tensorrt,/Users/hobongs/Desktop/HoBong_study/26-1/탄중/temp/jetson_nano_edgeai/my_results/clean_v2(without_tensorRT)/layer_runtime/shufflenet_v2_x1_0_onnxrt_cuda.csv
shufflenet_v2_x1_0,onnxrt_cuda,397,Unsqueeze:/stage4/stage4.1/Unsqueeze_3_kernel_time,onnxruntime,onnx_node,0.0176,0.003611,0.016,0.045,60,0.000542,99.972335,581,clean_v2_without_tensorrt,/Users/hobongs/Desktop/HoBong_study/26-1/탄중/temp/jetson_nano_edgeai/my_results/clean_v2(without_tensorRT)/layer_runtime/shufflenet_v2_x1_0_onnxrt_cuda.csv
shufflenet_v2_x1_0,onnxrt_cuda,658,Unsqueeze:/stage4/stage4.1/Unsqueeze_3_fence_after,onnxruntime,onnx_node,0.001,0.0,0.001,0.001,1,3.1e-05,99.996795,582,clean_v2_without_tensorrt,/Users/hobongs/Desktop/HoBong_study/26-1/탄중/temp/jetson_nano_edgeai/my_results/clean_v2(without_tensorRT)/layer_runtime/shufflenet_v2_x1_0_onnxrt_cuda.csv
shufflenet_v2_x1_0,onnxrt_cuda,335,Gather:/stage4/stage4.1/Gather_3_kernel_time,onnxruntime,onnx_node,0.019533,0.000865,0.019,0.024,60,0.000602,99.936535,583,clean_v2_without_tensorrt,/Users/hobongs/Desktop/HoBong_study/26-1/탄중/temp/jetson_nano_edgeai/my_results/clean_v2(without_tensorRT)/layer_runtime/shufflenet_v2_x1_0_onnxrt_cuda.csv
shufflenet_v2_x1_0,onnxrt_cuda,413,Unsqueeze:/stage4/stage4.1/Unsqueeze_2_kernel_time,onnxruntime,onnx_node,0.0173,0.000881,0.016,0.023,60,0.000533,99.980923,584,clean_v2_without_tensorrt,/Users/hobongs/Desktop/HoBong_study/26-1/탄중/temp/jetson_nano_edgeai/my_results/clean_v2(without_tensorRT)/layer_runtime/shufflenet_v2_x1_0_onnxrt_cuda.csv
shufflenet_v2_x1_0,onnxrt_cuda,362,Gather:/stage4/stage4.1/Gather_1_kernel_time,onnxruntime,onnx_node,0.019133,0.001056,0.018,0.026,60,0.00059,99.952642,585,clean_v2_without_tensorrt,/Users/hobongs/Desktop/HoBong_study/26-1/탄중/temp/jetson_nano_edgeai/my_results/clean_v2(without_tensorRT)/layer_runtime/shufflenet_v2_x1_0_onnxrt_cuda.csv
shufflenet_v2_x1_0,onnxrt_cuda,429,Unsqueeze:/stage4/stage4.1/Unsqueeze_kernel_time,onnxruntime,onnx_node,0.01695,0.000717,0.016,0.02,60,0.000522,99.989376,586,clean_v2_without_tensorrt,/Users/hobongs/Desktop/HoBong_study/26-1/탄중/temp/jetson_nano_edgeai/my_results/clean_v2(without_tensorRT)/layer_runtime/shufflenet_v2_x1_0_onnxrt_cuda.csv
shufflenet_v2_x1_0,onnxrt_cuda,133,Concat:/stage4/stage4.1/Concat_1_kernel_time,onnxruntime,onnx_node,0.02905,0.004998,0.026,0.065,60,0.000895,99.799986,587,clean_v2_without_tensorrt,/Users/hobongs/Desktop/HoBong_study/26-1/탄중/temp/jetson_nano_edgeai/my_results/clean_v2(without_tensorRT)/layer_runtime/shufflenet_v2_x1_0_onnxrt_cuda.csv
shufflenet_v2_x1_0,onnxrt_cuda,659,Reshape:/stage4/stage4.1/Reshape_fence_before,onnxruntime,onnx_node,0.001,0.0,0.001,0.001,1,3.1e-05,99.996826,588,clean_v2_without_tensorrt,/Users/hobongs/Desktop/HoBong_study/26-1/탄중/temp/jetson_nano_edgeai/my_results/clean_v2(without_tensorRT)/layer_runtime/shufflenet_v2_x1_0_onnxrt_cuda.csv
shufflenet_v2_x1_0,onnxrt_cuda,256,Reshape:/stage4/stage4.1/Reshape_kernel_time,onnxruntime,onnx_node,0.021083,0.001282,0.02,0.028,60,0.00065,99.887076,589,clean_v2_without_tensorrt,/Users/hobongs/Desktop/HoBong_study/26-1/탄중/temp/jetson_nano_edgeai/my_results/clean_v2(without_tensorRT)/layer_runtime/shufflenet_v2_x1_0_onnxrt_cuda.csv
shufflenet_v2_x1_0,onnxrt_cuda,117,Transpose:/stage4/stage4.1/Transpose_kernel_time,onnxruntime,onnx_node,0.072833,0.009917,0.067,0.126,60,0.002244,99.779824,590,clean_v2_without_tensorrt,/Users/hobongs/Desktop/HoBong_study/26-1/탄중/temp/jetson_nano_edgeai/my_results/clean_v2(without_tensorRT)/layer_runtime/shufflenet_v2_x1_0_onnxrt_cuda.csv
shufflenet_v2_x1_0,onnxrt_cuda,142,Concat:/stage4/stage4.1/Concat_2_kernel_time,onnxruntime,onnx_node,0.025817,0.00512,0.023,0.051,60,0.000796,99.807738,591,clean_v2_without_tensorrt,/Users/hobongs/Desktop/HoBong_study/26-1/탄중/temp/jetson_nano_edgeai/my_results/clean_v2(without_tensorRT)/layer_runtime/shufflenet_v2_x1_0_onnxrt_cuda.csv
shufflenet_v2_x1_0,onnxrt_cuda,259,Reshape:/stage4/stage4.1/Reshape_1_kernel_time,onnxruntime,onnx_node,0.02105,0.001023,0.02,0.026,60,0.000649,99.889023,592,clean_v2_without_tensorrt,/Users/hobongs/Desktop/HoBong_study/26-1/탄중/temp/jetson_nano_edgeai/my_results/clean_v2(without_tensorRT)/layer_runtime/shufflenet_v2_x1_0_onnxrt_cuda.csv
shufflenet_v2_x1_0,onnxrt_cuda,371,Shape:/stage4/stage4.2/Shape_kernel_time,onnxruntime,onnx_node,0.01865,0.001424,0.017,0.026,60,0.000575,99.957876,593,clean_v2_without_tensorrt,/Users/hobongs/Desktop/HoBong_study/26-1/탄중/temp/jetson_nano_edgeai/my_results/clean_v2(without_tensorRT)/layer_runtime/shufflenet_v2_x1_0_onnxrt_cuda.csv
shufflenet_v2_x1_0,onnxrt_cuda,319,Gather:/stage4/stage4.2/Gather_kernel_time,onnxruntime,onnx_node,0.01975,0.000977,0.018,0.025,60,0.000609,99.926862,594,clean_v2_without_tensorrt,/Users/hobongs/Desktop/HoBong_study/26-1/탄중/temp/jetson_nano_edgeai/my_results/clean_v2(without_tensorRT)/layer_runtime/shufflenet_v2_x1_0_onnxrt_cuda.csv
shufflenet_v2_x1_0,onnxrt_cuda,188,Add:/stage4/stage4.2/Add_kernel_time,onnxruntime,onnx_node,0.022583,0.003985,0.021,0.052,60,0.000696,99.841774,595,clean_v2_without_tensorrt,/Users/hobongs/Desktop/HoBong_study/26-1/탄중/temp/jetson_nano_edgeai/my_results/clean_v2(without_tensorRT)/layer_runtime/shufflenet_v2_x1_0_onnxrt_cuda.csv
shufflenet_v2_x1_0,onnxrt_cuda,287,Div:/stage4/stage4.2/Div_kernel_time,onnxruntime,onnx_node,0.0206,0.000987,0.019,0.024,60,0.000635,99.906974,596,clean_v2_without_tensorrt,/Users/hobongs/Desktop/HoBong_study/26-1/탄중/temp/jetson_nano_edgeai/my_results/clean_v2(without_tensorRT)/layer_runtime/shufflenet_v2_x1_0_onnxrt_cuda.csv
shufflenet_v2_x1_0,onnxrt_cuda,260,Mul:/stage4/stage4.2/Mul_1_kernel_time,onnxruntime,onnx_node,0.02105,0.002209,0.02,0.035,60,0.000649,99.889672,597,clean_v2_without_tensorrt,/Users/hobongs/Desktop/HoBong_study/26-1/탄중/temp/jetson_nano_edgeai/my_results/clean_v2(without_tensorRT)/layer_runtime/shufflenet_v2_x1_0_onnxrt_cuda.csv
shufflenet_v2_x1_0,onnxrt_cuda,300,Mul:/stage4/stage4.2/Mul_kernel_time,onnxruntime,onnx_node,0.020283,0.001198,0.019,0.026,60,0.000625,99.91516,598,clean_v2_without_tensorrt,/Users/hobongs/Desktop/HoBong_study/26-1/탄중/temp/jetson_nano_edgeai/my_results/clean_v2(without_tensorRT)/layer_runtime/shufflenet_v2_x1_0_onnxrt_cuda.csv
shufflenet_v2_x1_0,onnxrt_cuda,104,Slice:/stage4/stage4.2/Slice_1_kernel_time,onnxruntime,onnx_node,0.0768,0.016456,0.07,0.202,60,0.002367,99.749902,599,clean_v2_without_tensorrt,/Users/hobongs/Desktop/HoBong_study/26-1/탄중/temp/jetson_nano_edgeai/my_results/clean_v2(without_tensorRT)/layer_runtime/shufflenet_v2_x1_0_onnxrt_cuda.csv
shufflenet_v2_x1_0,onnxrt_cuda,660,FusedConv:/stage4/stage4.2/branch2/branch2.0/Conv_/stage4/stage4.2/branch2/branch2.2/Relu_fence_before,onnxruntime,onnx_node,0.001,0.0,0.001,0.001,26,3.1e-05,99.996857,600,clean_v2_without_tensorrt,/Users/hobongs/Desktop/HoBong_study/26-1/탄중/temp/jetson_nano_edgeai/my_results/clean_v2(without_tensorRT)/layer_runtime/shufflenet_v2_x1_0_onnxrt_cuda.csv
shufflenet_v2_x1_0,onnxrt_cuda,46,FusedConv:/stage4/stage4.2/branch2/branch2.0/Conv_/stage4/stage4.2/branch2/branch2.2/Relu_kernel_time,onnxruntime,onnx_node,0.610017,3.361118,0.149,26.427,60,0.018799,99.301029,601,clean_v2_without_tensorrt,/Users/hobongs/Desktop/HoBong_study/26-1/탄중/temp/jetson_nano_edgeai/my_results/clean_v2(without_tensorRT)/layer_runtime/shufflenet_v2_x1_0_onnxrt_cuda.csv
shufflenet_v2_x1_0,onnxrt_cuda,661,FusedConv:/stage4/stage4.2/branch2/branch2.0/Conv_/stage4/stage4.2/branch2/branch2.2/Relu_fence_after,onnxruntime,onnx_node,0.001,0.0,0.001,0.001,2,3.1e-05,99.996887,602,clean_v2_without_tensorrt,/Users/hobongs/Desktop/HoBong_study/26-1/탄중/temp/jetson_nano_edgeai/my_results/clean_v2(without_tensorRT)/layer_runtime/shufflenet_v2_x1_0_onnxrt_cuda.csv
shufflenet_v2_x1_0,onnxrt_cuda,662,Conv:/stage4/stage4.2/branch2/branch2.3/Conv_fence_before,onnxruntime,onnx_node,0.001,0.0,0.001,0.001,9,3.1e-05,99.996918,603,clean_v2_without_tensorrt,/Users/hobongs/Desktop/HoBong_study/26-1/탄중/temp/jetson_nano_edgeai/my_results/clean_v2(without_tensorRT)/layer_runtime/shufflenet_v2_x1_0_onnxrt_cuda.csv
shufflenet_v2_x1_0,onnxrt_cuda,7,Conv:/stage4/stage4.2/branch2/branch2.3/Conv_kernel_time,onnxruntime,onnx_node,2.913383,21.261884,0.138,166.229,60,0.089782,97.894979,604,clean_v2_without_tensorrt,/Users/hobongs/Desktop/HoBong_study/26-1/탄중/temp/jetson_nano_edgeai/my_results/clean_v2(without_tensorRT)/layer_runtime/shufflenet_v2_x1_0_onnxrt_cuda.csv
shufflenet_v2_x1_0,onnxrt_cuda,663,Conv:/stage4/stage4.2/branch2/branch2.3/Conv_fence_after,onnxruntime,onnx_node,0.001,0.0,0.001,0.001,2,3.1e-05,99.996949,605,clean_v2_without_tensorrt,/Users/hobongs/Desktop/HoBong_study/26-1/탄중/temp/jetson_nano_edgeai/my_results/clean_v2(without_tensorRT)/layer_runtime/shufflenet_v2_x1_0_onnxrt_cuda.csv
shufflenet_v2_x1_0,onnxrt_cuda,664,FusedConv:/stage4/stage4.2/branch2/branch2.5/Conv_/stage4/stage4.2/branch2/branch2.7/Relu_fence_before,onnxruntime,onnx_node,0.001,0.0,0.001,0.001,5,3.1e-05,99.99698,606,clean_v2_without_tensorrt,/Users/hobongs/Desktop/HoBong_study/26-1/탄중/temp/jetson_nano_edgeai/my_results/clean_v2(without_tensorRT)/layer_runtime/shufflenet_v2_x1_0_onnxrt_cuda.csv
shufflenet_v2_x1_0,onnxrt_cuda,56,FusedConv:/stage4/stage4.2/branch2/branch2.5/Conv_/stage4/stage4.2/branch2/branch2.7/Relu_kernel_time,onnxruntime,onnx_node,0.585317,3.388137,0.134,26.61,60,0.018038,99.485829,607,clean_v2_without_tensorrt,/Users/hobongs/Desktop/HoBong_study/26-1/탄중/temp/jetson_nano_edgeai/my_results/clean_v2(without_tensorRT)/layer_runtime/shufflenet_v2_x1_0_onnxrt_cuda.csv
shufflenet_v2_x1_0,onnxrt_cuda,665,FusedConv:/stage4/stage4.2/branch2/branch2.5/Conv_/stage4/stage4.2/branch2/branch2.7/Relu_fence_after,onnxruntime,onnx_node,0.001,0.0,0.001,0.001,2,3.1e-05,99.997011,608,clean_v2_without_tensorrt,/Users/hobongs/Desktop/HoBong_study/26-1/탄중/temp/jetson_nano_edgeai/my_results/clean_v2(without_tensorRT)/layer_runtime/shufflenet_v2_x1_0_onnxrt_cuda.csv
shufflenet_v2_x1_0,onnxrt_cuda,666,Slice:/stage4/stage4.2/Slice_fence_before,onnxruntime,onnx_node,0.001,0.0,0.001,0.001,21,3.1e-05,99.997042,609,clean_v2_without_tensorrt,/Users/hobongs/Desktop/HoBong_study/26-1/탄중/temp/jetson_nano_edgeai/my_results/clean_v2(without_tensorRT)/layer_runtime/shufflenet_v2_x1_0_onnxrt_cuda.csv
shufflenet_v2_x1_0,onnxrt_cuda,102,Slice:/stage4/stage4.2/Slice_kernel_time,onnxruntime,onnx_node,0.0773,0.010457,0.072,0.152,60,0.002382,99.745159,610,clean_v2_without_tensorrt,/Users/hobongs/Desktop/HoBong_study/26-1/탄중/temp/jetson_nano_edgeai/my_results/clean_v2(without_tensorRT)/layer_runtime/shufflenet_v2_x1_0_onnxrt_cuda.csv
shufflenet_v2_x1_0,onnxrt_cuda,667,Concat:/stage4/stage4.2/Concat_fence_before,onnxruntime,onnx_node,0.001,0.0,0.001,0.001,9,3.1e-05,99.997072,611,clean_v2_without_tensorrt,/Users/hobongs/Desktop/HoBong_study/26-1/탄중/temp/jetson_nano_edgeai/my_results/clean_v2(without_tensorRT)/layer_runtime/shufflenet_v2_x1_0_onnxrt_cuda.csv
shufflenet_v2_x1_0,onnxrt_cuda,71,Concat:/stage4/stage4.2/Concat_kernel_time,onnxruntime,onnx_node,0.23645,0.027975,0.224,0.445,60,0.007287,99.639235,612,clean_v2_without_tensorrt,/Users/hobongs/Desktop/HoBong_study/26-1/탄중/temp/jetson_nano_edgeai/my_results/clean_v2(without_tensorRT)/layer_runtime/shufflenet_v2_x1_0_onnxrt_cuda.csv
shufflenet_v2_x1_0,onnxrt_cuda,668,Shape:/stage4/stage4.2/Shape_2_fence_before,onnxruntime,onnx_node,0.001,0.0,0.001,0.001,2,3.1e-05,99.997103,613,clean_v2_without_tensorrt,/Users/hobongs/Desktop/HoBong_study/26-1/탄중/temp/jetson_nano_edgeai/my_results/clean_v2(without_tensorRT)/layer_runtime/shufflenet_v2_x1_0_onnxrt_cuda.csv
shufflenet_v2_x1_0,onnxrt_cuda,278,Shape:/stage4/stage4.2/Shape_2_kernel_time,onnxruntime,onnx_node,0.020717,0.003882,0.019,0.045,60,0.000638,99.901244,614,clean_v2_without_tensorrt,/Users/hobongs/Desktop/HoBong_study/26-1/탄중/temp/jetson_nano_edgeai/my_results/clean_v2(without_tensorRT)/layer_runtime/shufflenet_v2_x1_0_onnxrt_cuda.csv
shufflenet_v2_x1_0,onnxrt_cuda,669,Gather:/stage4/stage4.2/Gather_2_fence_before,onnxruntime,onnx_node,0.001,0.0,0.001,0.001,1,3.1e-05,99.997134,615,clean_v2_without_tensorrt,/Users/hobongs/Desktop/HoBong_study/26-1/탄중/temp/jetson_nano_edgeai/my_results/clean_v2(without_tensorRT)/layer_runtime/shufflenet_v2_x1_0_onnxrt_cuda.csv
shufflenet_v2_x1_0,onnxrt_cuda,211,Gather:/stage4/stage4.2/Gather_2_kernel_time,onnxruntime,onnx_node,0.0217,0.003934,0.02,0.048,60,0.000669,99.857439,616,clean_v2_without_tensorrt,/Users/hobongs/Desktop/HoBong_study/26-1/탄중/temp/jetson_nano_edgeai/my_results/clean_v2(without_tensorRT)/layer_runtime/shufflenet_v2_x1_0_onnxrt_cuda.csv
shufflenet_v2_x1_0,onnxrt_cuda,175,Div:/stage4/stage4.2/Div_1_kernel_time,onnxruntime,onnx_node,0.023367,0.001703,0.022,0.034,60,0.00072,99.832587,617,clean_v2_without_tensorrt,/Users/hobongs/Desktop/HoBong_study/26-1/탄중/temp/jetson_nano_edgeai/my_results/clean_v2(without_tensorRT)/layer_runtime/shufflenet_v2_x1_0_onnxrt_cuda.csv
shufflenet_v2_x1_0,onnxrt_cuda,670,Unsqueeze:/stage4/stage4.2/Unsqueeze_1_fence_before,onnxruntime,onnx_node,0.001,0.0,0.001,0.001,8,3.1e-05,99.997165,618,clean_v2_without_tensorrt,/Users/hobongs/Desktop/HoBong_study/26-1/탄중/temp/jetson_nano_edgeai/my_results/clean_v2(without_tensorRT)/layer_runtime/shufflenet_v2_x1_0_onnxrt_cuda.csv
shufflenet_v2_x1_0,onnxrt_cuda,378,Unsqueeze:/stage4/stage4.2/Unsqueeze_1_kernel_time,onnxruntime,onnx_node,0.018267,0.001062,0.017,0.025,60,0.000563,99.961845,619,clean_v2_without_tensorrt,/Users/hobongs/Desktop/HoBong_study/26-1/탄중/temp/jetson_nano_edgeai/my_results/clean_v2(without_tensorRT)/layer_runtime/shufflenet_v2_x1_0_onnxrt_cuda.csv
shufflenet_v2_x1_0,onnxrt_cuda,302,Gather:/stage4/stage4.2/Gather_4_kernel_time,onnxruntime,onnx_node,0.020217,0.004726,0.018,0.047,60,0.000623,99.916408,620,clean_v2_without_tensorrt,/Users/hobongs/Desktop/HoBong_study/26-1/탄중/temp/jetson_nano_edgeai/my_results/clean_v2(without_tensorRT)/layer_runtime/shufflenet_v2_x1_0_onnxrt_cuda.csv
shufflenet_v2_x1_0,onnxrt_cuda,398,Unsqueeze:/stage4/stage4.2/Unsqueeze_3_kernel_time,onnxruntime,onnx_node,0.0176,0.000735,0.017,0.02,60,0.000542,99.972877,621,clean_v2_without_tensorrt,/Users/hobongs/Desktop/HoBong_study/26-1/탄중/temp/jetson_nano_edgeai/my_results/clean_v2(without_tensorRT)/layer_runtime/shufflenet_v2_x1_0_onnxrt_cuda.csv
shufflenet_v2_x1_0,onnxrt_cuda,360,Gather:/stage4/stage4.2/Gather_3_kernel_time,onnxruntime,onnx_node,0.0192,0.000852,0.018,0.024,60,0.000592,99.951461,622,clean_v2_without_tensorrt,/Users/hobongs/Desktop/HoBong_study/26-1/탄중/temp/jetson_nano_edgeai/my_results/clean_v2(without_tensorRT)/layer_runtime/shufflenet_v2_x1_0_onnxrt_cuda.csv
shufflenet_v2_x1_0,onnxrt_cuda,411,Unsqueeze:/stage4/stage4.2/Unsqueeze_2_kernel_time,onnxruntime,onnx_node,0.017317,0.000785,0.016,0.021,60,0.000534,99.979856,623,clean_v2_without_tensorrt,/Users/hobongs/Desktop/HoBong_study/26-1/탄중/temp/jetson_nano_edgeai/my_results/clean_v2(without_tensorRT)/layer_runtime/shufflenet_v2_x1_0_onnxrt_cuda.csv
shufflenet_v2_x1_0,onnxrt_cuda,357,Gather:/stage4/stage4.2/Gather_1_kernel_time,onnxruntime,onnx_node,0.019233,0.001006,0.018,0.026,60,0.000593,99.949686,624,clean_v2_without_tensorrt,/Users/hobongs/Desktop/HoBong_study/26-1/탄중/temp/jetson_nano_edgeai/my_results/clean_v2(without_tensorRT)/layer_runtime/shufflenet_v2_x1_0_onnxrt_cuda.csv
shufflenet_v2_x1_0,onnxrt_cuda,412,Unsqueeze:/stage4/stage4.2/Unsqueeze_kernel_time,onnxruntime,onnx_node,0.017317,0.000695,0.017,0.021,60,0.000534,99.980389,625,clean_v2_without_tensorrt,/Users/hobongs/Desktop/HoBong_study/26-1/탄중/temp/jetson_nano_edgeai/my_results/clean_v2(without_tensorRT)/layer_runtime/shufflenet_v2_x1_0_onnxrt_cuda.csv
shufflenet_v2_x1_0,onnxrt_cuda,671,Concat:/stage4/stage4.2/Concat_1_fence_before,onnxruntime,onnx_node,0.001,0.0,0.001,0.001,1,3.1e-05,99.997196,626,clean_v2_without_tensorrt,/Users/hobongs/Desktop/HoBong_study/26-1/탄중/temp/jetson_nano_edgeai/my_results/clean_v2(without_tensorRT)/layer_runtime/shufflenet_v2_x1_0_onnxrt_cuda.csv
shufflenet_v2_x1_0,onnxrt_cuda,132,Concat:/stage4/stage4.2/Concat_1_kernel_time,onnxruntime,onnx_node,0.029333,0.003709,0.027,0.054,60,0.000904,99.799091,627,clean_v2_without_tensorrt,/Users/hobongs/Desktop/HoBong_study/26-1/탄중/temp/jetson_nano_edgeai/my_results/clean_v2(without_tensorRT)/layer_runtime/shufflenet_v2_x1_0_onnxrt_cuda.csv
shufflenet_v2_x1_0,onnxrt_cuda,672,Reshape:/stage4/stage4.2/Reshape_fence_before,onnxruntime,onnx_node,0.001,0.0,0.001,0.001,1,3.1e-05,99.997226,628,clean_v2_without_tensorrt,/Users/hobongs/Desktop/HoBong_study/26-1/탄중/temp/jetson_nano_edgeai/my_results/clean_v2(without_tensorRT)/layer_runtime/shufflenet_v2_x1_0_onnxrt_cuda.csv
shufflenet_v2_x1_0,onnxrt_cuda,223,Reshape:/stage4/stage4.2/Reshape_kernel_time,onnxruntime,onnx_node,0.021533,0.003222,0.02,0.045,60,0.000664,99.865425,629,clean_v2_without_tensorrt,/Users/hobongs/Desktop/HoBong_study/26-1/탄중/temp/jetson_nano_edgeai/my_results/clean_v2(without_tensorRT)/layer_runtime/shufflenet_v2_x1_0_onnxrt_cuda.csv
shufflenet_v2_x1_0,onnxrt_cuda,673,Transpose:/stage4/stage4.2/Transpose_fence_before,onnxruntime,onnx_node,0.001,0.0,0.001,0.001,3,3.1e-05,99.997257,630,clean_v2_without_tensorrt,/Users/hobongs/Desktop/HoBong_study/26-1/탄중/temp/jetson_nano_edgeai/my_results/clean_v2(without_tensorRT)/layer_runtime/shufflenet_v2_x1_0_onnxrt_cuda.csv
shufflenet_v2_x1_0,onnxrt_cuda,120,Transpose:/stage4/stage4.2/Transpose_kernel_time,onnxruntime,onnx_node,0.0706,0.007634,0.065,0.126,60,0.002176,99.786459,631,clean_v2_without_tensorrt,/Users/hobongs/Desktop/HoBong_study/26-1/탄중/temp/jetson_nano_edgeai/my_results/clean_v2(without_tensorRT)/layer_runtime/shufflenet_v2_x1_0_onnxrt_cuda.csv
shufflenet_v2_x1_0,onnxrt_cuda,674,Concat:/stage4/stage4.2/Concat_2_fence_before,onnxruntime,onnx_node,0.001,0.0,0.001,0.001,2,3.1e-05,99.997288,632,clean_v2_without_tensorrt,/Users/hobongs/Desktop/HoBong_study/26-1/탄중/temp/jetson_nano_edgeai/my_results/clean_v2(without_tensorRT)/layer_runtime/shufflenet_v2_x1_0_onnxrt_cuda.csv
shufflenet_v2_x1_0,onnxrt_cuda,150,Concat:/stage4/stage4.2/Concat_2_kernel_time,onnxruntime,onnx_node,0.025017,0.003585,0.023,0.051,60,0.000771,99.814006,633,clean_v2_without_tensorrt,/Users/hobongs/Desktop/HoBong_study/26-1/탄중/temp/jetson_nano_edgeai/my_results/clean_v2(without_tensorRT)/layer_runtime/shufflenet_v2_x1_0_onnxrt_cuda.csv
shufflenet_v2_x1_0,onnxrt_cuda,282,Reshape:/stage4/stage4.2/Reshape_1_kernel_time,onnxruntime,onnx_node,0.0207,0.001269,0.019,0.028,60,0.000638,99.903795,634,clean_v2_without_tensorrt,/Users/hobongs/Desktop/HoBong_study/26-1/탄중/temp/jetson_nano_edgeai/my_results/clean_v2(without_tensorRT)/layer_runtime/shufflenet_v2_x1_0_onnxrt_cuda.csv
shufflenet_v2_x1_0,onnxrt_cuda,675,Shape:/stage4/stage4.3/Shape_fence_before,onnxruntime,onnx_node,0.001,0.0,0.001,0.001,1,3.1e-05,99.997319,635,clean_v2_without_tensorrt,/Users/hobongs/Desktop/HoBong_study/26-1/탄중/temp/jetson_nano_edgeai/my_results/clean_v2(without_tensorRT)/layer_runtime/shufflenet_v2_x1_0_onnxrt_cuda.csv
shufflenet_v2_x1_0,onnxrt_cuda,317,Shape:/stage4/stage4.3/Shape_kernel_time,onnxruntime,onnx_node,0.019767,0.006453,0.018,0.068,60,0.000609,99.925645,636,clean_v2_without_tensorrt,/Users/hobongs/Desktop/HoBong_study/26-1/탄중/temp/jetson_nano_edgeai/my_results/clean_v2(without_tensorRT)/layer_runtime/shufflenet_v2_x1_0_onnxrt_cuda.csv
shufflenet_v2_x1_0,onnxrt_cuda,298,Gather:/stage4/stage4.3/Gather_kernel_time,onnxruntime,onnx_node,0.020333,0.001027,0.019,0.025,60,0.000627,99.91391,637,clean_v2_without_tensorrt,/Users/hobongs/Desktop/HoBong_study/26-1/탄중/temp/jetson_nano_edgeai/my_results/clean_v2(without_tensorRT)/layer_runtime/shufflenet_v2_x1_0_onnxrt_cuda.csv
shufflenet_v2_x1_0,onnxrt_cuda,185,Add:/stage4/stage4.3/Add_kernel_time,onnxruntime,onnx_node,0.022667,0.001247,0.021,0.028,60,0.000699,99.839683,638,clean_v2_without_tensorrt,/Users/hobongs/Desktop/HoBong_study/26-1/탄중/temp/jetson_nano_edgeai/my_results/clean_v2(without_tensorRT)/layer_runtime/shufflenet_v2_x1_0_onnxrt_cuda.csv
shufflenet_v2_x1_0,onnxrt_cuda,271,Div:/stage4/stage4.3/Div_kernel_time,onnxruntime,onnx_node,0.020833,0.00128,0.02,0.027,60,0.000642,99.896764,639,clean_v2_without_tensorrt,/Users/hobongs/Desktop/HoBong_study/26-1/탄중/temp/jetson_nano_edgeai/my_results/clean_v2(without_tensorRT)/layer_runtime/shufflenet_v2_x1_0_onnxrt_cuda.csv
shufflenet_v2_x1_0,onnxrt_cuda,236,Mul:/stage4/stage4.3/Mul_1_kernel_time,onnxruntime,onnx_node,0.02135,0.001424,0.02,0.027,60,0.000658,99.874011,640,clean_v2_without_tensorrt,/Users/hobongs/Desktop/HoBong_study/26-1/탄중/temp/jetson_nano_edgeai/my_results/clean_v2(without_tensorRT)/layer_runtime/shufflenet_v2_x1_0_onnxrt_cuda.csv
shufflenet_v2_x1_0,onnxrt_cuda,285,Mul:/stage4/stage4.3/Mul_kernel_time,onnxruntime,onnx_node,0.020617,0.00376,0.019,0.048,60,0.000635,99.905704,641,clean_v2_without_tensorrt,/Users/hobongs/Desktop/HoBong_study/26-1/탄중/temp/jetson_nano_edgeai/my_results/clean_v2(without_tensorRT)/layer_runtime/shufflenet_v2_x1_0_onnxrt_cuda.csv
shufflenet_v2_x1_0,onnxrt_cuda,676,Slice:/stage4/stage4.3/Slice_1_fence_before,onnxruntime,onnx_node,0.001,0.0,0.001,0.001,1,3.1e-05,99.99735,642,clean_v2_without_tensorrt,/Users/hobongs/Desktop/HoBong_study/26-1/탄중/temp/jetson_nano_edgeai/my_results/clean_v2(without_tensorRT)/layer_runtime/shufflenet_v2_x1_0_onnxrt_cuda.csv
shufflenet_v2_x1_0,onnxrt_cuda,106,Slice:/stage4/stage4.3/Slice_1_kernel_time,onnxruntime,onnx_node,0.076033,0.007836,0.071,0.128,60,0.002343,99.75461,643,clean_v2_without_tensorrt,/Users/hobongs/Desktop/HoBong_study/26-1/탄중/temp/jetson_nano_edgeai/my_results/clean_v2(without_tensorRT)/layer_runtime/shufflenet_v2_x1_0_onnxrt_cuda.csv
shufflenet_v2_x1_0,onnxrt_cuda,677,FusedConv:/stage4/stage4.3/branch2/branch2.0/Conv_/stage4/stage4.3/branch2/branch2.2/Relu_fence_before,onnxruntime,onnx_node,0.001,0.0,0.001,0.001,23,3.1e-05,99.997381,644,clean_v2_without_tensorrt,/Users/hobongs/Desktop/HoBong_study/26-1/탄중/temp/jetson_nano_edgeai/my_results/clean_v2(without_tensorRT)/layer_runtime/shufflenet_v2_x1_0_onnxrt_cuda.csv
shufflenet_v2_x1_0,onnxrt_cuda,44,FusedConv:/stage4/stage4.3/branch2/branch2.0/Conv_/stage4/stage4.3/branch2/branch2.2/Relu_kernel_time,onnxruntime,onnx_node,0.6105,3.36651,0.15,26.469,60,0.018814,99.263429,645,clean_v2_without_tensorrt,/Users/hobongs/Desktop/HoBong_study/26-1/탄중/temp/jetson_nano_edgeai/my_results/clean_v2(without_tensorRT)/layer_runtime/shufflenet_v2_x1_0_onnxrt_cuda.csv
shufflenet_v2_x1_0,onnxrt_cuda,678,FusedConv:/stage4/stage4.3/branch2/branch2.0/Conv_/stage4/stage4.3/branch2/branch2.2/Relu_fence_after,onnxruntime,onnx_node,0.001,0.0,0.001,0.001,1,3.1e-05,99.997411,646,clean_v2_without_tensorrt,/Users/hobongs/Desktop/HoBong_study/26-1/탄중/temp/jetson_nano_edgeai/my_results/clean_v2(without_tensorRT)/layer_runtime/shufflenet_v2_x1_0_onnxrt_cuda.csv
shufflenet_v2_x1_0,onnxrt_cuda,679,Conv:/stage4/stage4.3/branch2/branch2.3/Conv_fence_before,onnxruntime,onnx_node,0.001,0.0,0.001,0.001,11,3.1e-05,99.997442,647,clean_v2_without_tensorrt,/Users/hobongs/Desktop/HoBong_study/26-1/탄중/temp/jetson_nano_edgeai/my_results/clean_v2(without_tensorRT)/layer_runtime/shufflenet_v2_x1_0_onnxrt_cuda.csv
shufflenet_v2_x1_0,onnxrt_cuda,8,Conv:/stage4/stage4.3/branch2/branch2.3/Conv_kernel_time,onnxruntime,onnx_node,2.905517,21.206405,0.139,165.795,60,0.08954,97.984518,648,clean_v2_without_tensorrt,/Users/hobongs/Desktop/HoBong_study/26-1/탄중/temp/jetson_nano_edgeai/my_results/clean_v2(without_tensorRT)/layer_runtime/shufflenet_v2_x1_0_onnxrt_cuda.csv
shufflenet_v2_x1_0,onnxrt_cuda,680,Conv:/stage4/stage4.3/branch2/branch2.3/Conv_fence_after,onnxruntime,onnx_node,0.001,0.0,0.001,0.001,1,3.1e-05,99.997473,649,clean_v2_without_tensorrt,/Users/hobongs/Desktop/HoBong_study/26-1/탄중/temp/jetson_nano_edgeai/my_results/clean_v2(without_tensorRT)/layer_runtime/shufflenet_v2_x1_0_onnxrt_cuda.csv
shufflenet_v2_x1_0,onnxrt_cuda,681,FusedConv:/stage4/stage4.3/branch2/branch2.5/Conv_/stage4/stage4.3/branch2/branch2.7/Relu_fence_before,onnxruntime,onnx_node,0.001,0.0,0.001,0.001,26,3.1e-05,99.997504,650,clean_v2_without_tensorrt,/Users/hobongs/Desktop/HoBong_study/26-1/탄중/temp/jetson_nano_edgeai/my_results/clean_v2(without_tensorRT)/layer_runtime/shufflenet_v2_x1_0_onnxrt_cuda.csv
shufflenet_v2_x1_0,onnxrt_cuda,55,FusedConv:/stage4/stage4.3/branch2/branch2.5/Conv_/stage4/stage4.3/branch2/branch2.7/Relu_kernel_time,onnxruntime,onnx_node,0.58545,3.378494,0.134,26.536,60,0.018042,99.467791,651,clean_v2_without_tensorrt,/Users/hobongs/Desktop/HoBong_study/26-1/탄중/temp/jetson_nano_edgeai/my_results/clean_v2(without_tensorRT)/layer_runtime/shufflenet_v2_x1_0_onnxrt_cuda.csv
shufflenet_v2_x1_0,onnxrt_cuda,682,FusedConv:/stage4/stage4.3/branch2/branch2.5/Conv_/stage4/stage4.3/branch2/branch2.7/Relu_fence_after,onnxruntime,onnx_node,0.001,0.0,0.001,0.001,1,3.1e-05,99.997535,652,clean_v2_without_tensorrt,/Users/hobongs/Desktop/HoBong_study/26-1/탄중/temp/jetson_nano_edgeai/my_results/clean_v2(without_tensorRT)/layer_runtime/shufflenet_v2_x1_0_onnxrt_cuda.csv
shufflenet_v2_x1_0,onnxrt_cuda,683,Slice:/stage4/stage4.3/Slice_fence_before,onnxruntime,onnx_node,0.001,0.0,0.001,0.001,6,3.1e-05,99.997565,653,clean_v2_without_tensorrt,/Users/hobongs/Desktop/HoBong_study/26-1/탄중/temp/jetson_nano_edgeai/my_results/clean_v2(without_tensorRT)/layer_runtime/shufflenet_v2_x1_0_onnxrt_cuda.csv
shufflenet_v2_x1_0,onnxrt_cuda,89,Slice:/stage4/stage4.3/Slice_kernel_time,onnxruntime,onnx_node,0.079283,0.011949,0.072,0.148,60,0.002443,99.713755,654,clean_v2_without_tensorrt,/Users/hobongs/Desktop/HoBong_study/26-1/탄중/temp/jetson_nano_edgeai/my_results/clean_v2(without_tensorRT)/layer_runtime/shufflenet_v2_x1_0_onnxrt_cuda.csv
shufflenet_v2_x1_0,onnxrt_cuda,684,Concat:/stage4/stage4.3/Concat_fence_before,onnxruntime,onnx_node,0.001,0.0,0.001,0.001,6,3.1e-05,99.997596,655,clean_v2_without_tensorrt,/Users/hobongs/Desktop/HoBong_study/26-1/탄중/temp/jetson_nano_edgeai/my_results/clean_v2(without_tensorRT)/layer_runtime/shufflenet_v2_x1_0_onnxrt_cuda.csv
shufflenet_v2_x1_0,onnxrt_cuda,72,Concat:/stage4/stage4.3/Concat_kernel_time,onnxruntime,onnx_node,0.23565,0.019927,0.224,0.379,60,0.007262,99.646497,656,clean_v2_without_tensorrt,/Users/hobongs/Desktop/HoBong_study/26-1/탄중/temp/jetson_nano_edgeai/my_results/clean_v2(without_tensorRT)/layer_runtime/shufflenet_v2_x1_0_onnxrt_cuda.csv
shufflenet_v2_x1_0,onnxrt_cuda,685,Concat:/stage4/stage4.3/Concat_fence_after,onnxruntime,onnx_node,0.001,0.0,0.001,0.001,1,3.1e-05,99.997627,657,clean_v2_without_tensorrt,/Users/hobongs/Desktop/HoBong_study/26-1/탄중/temp/jetson_nano_edgeai/my_results/clean_v2(without_tensorRT)/layer_runtime/shufflenet_v2_x1_0_onnxrt_cuda.csv
shufflenet_v2_x1_0,onnxrt_cuda,686,Shape:/stage4/stage4.3/Shape_2_fence_before,onnxruntime,onnx_node,0.001,0.0,0.001,0.001,3,3.1e-05,99.997658,658,clean_v2_without_tensorrt,/Users/hobongs/Desktop/HoBong_study/26-1/탄중/temp/jetson_nano_edgeai/my_results/clean_v2(without_tensorRT)/layer_runtime/shufflenet_v2_x1_0_onnxrt_cuda.csv
shufflenet_v2_x1_0,onnxrt_cuda,297,Shape:/stage4/stage4.3/Shape_2_kernel_time,onnxruntime,onnx_node,0.02035,0.00175,0.019,0.033,60,0.000627,99.913283,659,clean_v2_without_tensorrt,/Users/hobongs/Desktop/HoBong_study/26-1/탄중/temp/jetson_nano_edgeai/my_results/clean_v2(without_tensorRT)/layer_runtime/shufflenet_v2_x1_0_onnxrt_cuda.csv
shufflenet_v2_x1_0,onnxrt_cuda,687,Gather:/stage4/stage4.3/Gather_2_fence_before,onnxruntime,onnx_node,0.001,0.0,0.001,0.001,3,3.1e-05,99.997689,660,clean_v2_without_tensorrt,/Users/hobongs/Desktop/HoBong_study/26-1/탄중/temp/jetson_nano_edgeai/my_results/clean_v2(without_tensorRT)/layer_runtime/shufflenet_v2_x1_0_onnxrt_cuda.csv
shufflenet_v2_x1_0,onnxrt_cuda,274,Gather:/stage4/stage4.3/Gather_2_kernel_time,onnxruntime,onnx_node,0.0208,0.001503,0.019,0.031,60,0.000641,99.898688,661,clean_v2_without_tensorrt,/Users/hobongs/Desktop/HoBong_study/26-1/탄중/temp/jetson_nano_edgeai/my_results/clean_v2(without_tensorRT)/layer_runtime/shufflenet_v2_x1_0_onnxrt_cuda.csv
shufflenet_v2_x1_0,onnxrt_cuda,688,Div:/stage4/stage4.3/Div_1_fence_before,onnxruntime,onnx_node,0.001,0.0,0.001,0.001,1,3.1e-05,99.99772,662,clean_v2_without_tensorrt,/Users/hobongs/Desktop/HoBong_study/26-1/탄중/temp/jetson_nano_edgeai/my_results/clean_v2(without_tensorRT)/layer_runtime/shufflenet_v2_x1_0_onnxrt_cuda.csv
shufflenet_v2_x1_0,onnxrt_cuda,164,Div:/stage4/stage4.3/Div_1_kernel_time,onnxruntime,onnx_node,0.023983,0.00381,0.022,0.051,60,0.000739,99.824583,663,clean_v2_without_tensorrt,/Users/hobongs/Desktop/HoBong_study/26-1/탄중/temp/jetson_nano_edgeai/my_results/clean_v2(without_tensorRT)/layer_runtime/shufflenet_v2_x1_0_onnxrt_cuda.csv
shufflenet_v2_x1_0,onnxrt_cuda,689,Unsqueeze:/stage4/stage4.3/Unsqueeze_1_fence_before,onnxruntime,onnx_node,0.001,0.0,0.001,0.001,4,3.1e-05,99.99775,664,clean_v2_without_tensorrt,/Users/hobongs/Desktop/HoBong_study/26-1/탄중/temp/jetson_nano_edgeai/my_results/clean_v2(without_tensorRT)/layer_runtime/shufflenet_v2_x1_0_onnxrt_cuda.csv
shufflenet_v2_x1_0,onnxrt_cuda,376,Unsqueeze:/stage4/stage4.3/Unsqueeze_1_kernel_time,onnxruntime,onnx_node,0.018367,0.000856,0.017,0.023,60,0.000566,99.960716,665,clean_v2_without_tensorrt,/Users/hobongs/Desktop/HoBong_study/26-1/탄중/temp/jetson_nano_edgeai/my_results/clean_v2(without_tensorRT)/layer_runtime/shufflenet_v2_x1_0_onnxrt_cuda.csv
shufflenet_v2_x1_0,onnxrt_cuda,338,Gather:/stage4/stage4.3/Gather_4_kernel_time,onnxruntime,onnx_node,0.019517,0.001133,0.018,0.027,60,0.000601,99.93834,666,clean_v2_without_tensorrt,/Users/hobongs/Desktop/HoBong_study/26-1/탄중/temp/jetson_nano_edgeai/my_results/clean_v2(without_tensorRT)/layer_runtime/shufflenet_v2_x1_0_onnxrt_cuda.csv
shufflenet_v2_x1_0,onnxrt_cuda,402,Unsqueeze:/stage4/stage4.3/Unsqueeze_3_kernel_time,onnxruntime,onnx_node,0.0175,0.000619,0.017,0.019,60,0.000539,99.975039,667,clean_v2_without_tensorrt,/Users/hobongs/Desktop/HoBong_study/26-1/탄중/temp/jetson_nano_edgeai/my_results/clean_v2(without_tensorRT)/layer_runtime/shufflenet_v2_x1_0_onnxrt_cuda.csv
shufflenet_v2_x1_0,onnxrt_cuda,363,Gather:/stage4/stage4.3/Gather_3_kernel_time,onnxruntime,onnx_node,0.01905,0.001007,0.018,0.025,60,0.000587,99.953229,668,clean_v2_without_tensorrt,/Users/hobongs/Desktop/HoBong_study/26-1/탄중/temp/jetson_nano_edgeai/my_results/clean_v2(without_tensorRT)/layer_runtime/shufflenet_v2_x1_0_onnxrt_cuda.csv
shufflenet_v2_x1_0,onnxrt_cuda,408,Unsqueeze:/stage4/stage4.3/Unsqueeze_2_kernel_time,onnxruntime,onnx_node,0.01735,0.0034,0.016,0.043,60,0.000535,99.978254,669,clean_v2_without_tensorrt,/Users/hobongs/Desktop/HoBong_study/26-1/탄중/temp/jetson_nano_edgeai/my_results/clean_v2(without_tensorRT)/layer_runtime/shufflenet_v2_x1_0_onnxrt_cuda.csv
shufflenet_v2_x1_0,onnxrt_cuda,366,Gather:/stage4/stage4.3/Gather_1_kernel_time,onnxruntime,onnx_node,0.018933,0.001031,0.018,0.025,60,0.000583,99.954982,670,clean_v2_without_tensorrt,/Users/hobongs/Desktop/HoBong_study/26-1/탄중/temp/jetson_nano_edgeai/my_results/clean_v2(without_tensorRT)/layer_runtime/shufflenet_v2_x1_0_onnxrt_cuda.csv
shufflenet_v2_x1_0,onnxrt_cuda,428,Unsqueeze:/stage4/stage4.3/Unsqueeze_kernel_time,onnxruntime,onnx_node,0.017,0.000683,0.016,0.021,60,0.000524,99.988853,671,clean_v2_without_tensorrt,/Users/hobongs/Desktop/HoBong_study/26-1/탄중/temp/jetson_nano_edgeai/my_results/clean_v2(without_tensorRT)/layer_runtime/shufflenet_v2_x1_0_onnxrt_cuda.csv
shufflenet_v2_x1_0,onnxrt_cuda,123,Concat:/stage4/stage4.3/Concat_1_kernel_time,onnxruntime,onnx_node,0.031333,0.009426,0.027,0.086,60,0.000966,99.790707,672,clean_v2_without_tensorrt,/Users/hobongs/Desktop/HoBong_study/26-1/탄중/temp/jetson_nano_edgeai/my_results/clean_v2(without_tensorRT)/layer_runtime/shufflenet_v2_x1_0_onnxrt_cuda.csv
shufflenet_v2_x1_0,onnxrt_cuda,217,Reshape:/stage4/stage4.3/Reshape_kernel_time,onnxruntime,onnx_node,0.0216,0.003634,0.02,0.047,60,0.000666,99.861438,673,clean_v2_without_tensorrt,/Users/hobongs/Desktop/HoBong_study/26-1/탄중/temp/jetson_nano_edgeai/my_results/clean_v2(without_tensorRT)/layer_runtime/shufflenet_v2_x1_0_onnxrt_cuda.csv
shufflenet_v2_x1_0,onnxrt_cuda,121,Transpose:/stage4/stage4.3/Transpose_kernel_time,onnxruntime,onnx_node,0.070583,0.007608,0.066,0.126,60,0.002175,99.788634,674,clean_v2_without_tensorrt,/Users/hobongs/Desktop/HoBong_study/26-1/탄중/temp/jetson_nano_edgeai/my_results/clean_v2(without_tensorRT)/layer_runtime/shufflenet_v2_x1_0_onnxrt_cuda.csv
shufflenet_v2_x1_0,onnxrt_cuda,157,Concat:/stage4/stage4.3/Concat_2_kernel_time,onnxruntime,onnx_node,0.024533,0.001396,0.023,0.032,60,0.000756,99.819372,675,clean_v2_without_tensorrt,/Users/hobongs/Desktop/HoBong_study/26-1/탄중/temp/jetson_nano_edgeai/my_results/clean_v2(without_tensorRT)/layer_runtime/shufflenet_v2_x1_0_onnxrt_cuda.csv
shufflenet_v2_x1_0,onnxrt_cuda,257,Reshape:/stage4/stage4.3/Reshape_1_kernel_time,onnxruntime,onnx_node,0.021067,0.000873,0.02,0.025,60,0.000649,99.887726,676,clean_v2_without_tensorrt,/Users/hobongs/Desktop/HoBong_study/26-1/탄중/temp/jetson_nano_edgeai/my_results/clean_v2(without_tensorRT)/layer_runtime/shufflenet_v2_x1_0_onnxrt_cuda.csv
shufflenet_v2_x1_0,onnxrt_cuda,690,FusedConv:/conv5/conv5.0/Conv_/conv5/conv5.2/Relu_fence_before,onnxruntime,onnx_node,0.001,0.0,0.001,0.001,5,3.1e-05,99.997781,677,clean_v2_without_tensorrt,/Users/hobongs/Desktop/HoBong_study/26-1/탄중/temp/jetson_nano_edgeai/my_results/clean_v2(without_tensorRT)/layer_runtime/shufflenet_v2_x1_0_onnxrt_cuda.csv
shufflenet_v2_x1_0,onnxrt_cuda,54,FusedConv:/conv5/conv5.0/Conv_/conv5/conv5.2/Relu_kernel_time,onnxruntime,onnx_node,0.590233,3.131037,0.161,24.64,60,0.018189,99.44975,678,clean_v2_without_tensorrt,/Users/hobongs/Desktop/HoBong_study/26-1/탄중/temp/jetson_nano_edgeai/my_results/clean_v2(without_tensorRT)/layer_runtime/shufflenet_v2_x1_0_onnxrt_cuda.csv
shufflenet_v2_x1_0,onnxrt_cuda,691,FusedConv:/conv5/conv5.0/Conv_/conv5/conv5.2/Relu_fence_after,onnxruntime,onnx_node,0.001,0.0,0.001,0.001,3,3.1e-05,99.997812,679,clean_v2_without_tensorrt,/Users/hobongs/Desktop/HoBong_study/26-1/탄중/temp/jetson_nano_edgeai/my_results/clean_v2(without_tensorRT)/layer_runtime/shufflenet_v2_x1_0_onnxrt_cuda.csv
shufflenet_v2_x1_0,onnxrt_cuda,692,ReduceMean:/ReduceMean_fence_before,onnxruntime,onnx_node,0.001,0.0,0.001,0.001,29,3.1e-05,99.997843,680,clean_v2_without_tensorrt,/Users/hobongs/Desktop/HoBong_study/26-1/탄중/temp/jetson_nano_edgeai/my_results/clean_v2(without_tensorRT)/layer_runtime/shufflenet_v2_x1_0_onnxrt_cuda.csv
shufflenet_v2_x1_0,onnxrt_cuda,78,ReduceMean:/ReduceMean_kernel_time,onnxruntime,onnx_node,0.120883,0.020591,0.113,0.273,60,0.003725,99.684795,681,clean_v2_without_tensorrt,/Users/hobongs/Desktop/HoBong_study/26-1/탄중/temp/jetson_nano_edgeai/my_results/clean_v2(without_tensorRT)/layer_runtime/shufflenet_v2_x1_0_onnxrt_cuda.csv
shufflenet_v2_x1_0,onnxrt_cuda,79,Gemm:/fc/Gemm_kernel_time,onnxruntime,onnx_node,0.119467,0.032416,0.112,0.367,60,0.003682,99.688477,682,clean_v2_without_tensorrt,/Users/hobongs/Desktop/HoBong_study/26-1/탄중/temp/jetson_nano_edgeai/my_results/clean_v2(without_tensorRT)/layer_runtime/shufflenet_v2_x1_0_onnxrt_cuda.csv
shufflenet_v2_x1_0,onnxrt_cuda,693,Gemm:/fc/Gemm_fence_after,onnxruntime,onnx_node,0.001,0.0,0.001,0.001,1,3.1e-05,99.997874,683,clean_v2_without_tensorrt,/Users/hobongs/Desktop/HoBong_study/26-1/탄중/temp/jetson_nano_edgeai/my_results/clean_v2(without_tensorRT)/layer_runtime/shufflenet_v2_x1_0_onnxrt_cuda.csv
shufflenet_v2_x1_0,onnxrt_cuda,4,SequentialExecutor::Execute,onnxruntime,onnx_node,127.853217,736.043003,30.202,5781.451,60,3.940061,96.333422,684,clean_v2_without_tensorrt,/Users/hobongs/Desktop/HoBong_study/26-1/탄중/temp/jetson_nano_edgeai/my_results/clean_v2(without_tensorRT)/layer_runtime/shufflenet_v2_x1_0_onnxrt_cuda.csv
shufflenet_v2_x1_0,onnxrt_cuda,3,model_run,onnxruntime,onnx_node,129.138933,736.033273,31.477,5782.662,60,3.979683,92.393361,685,clean_v2_without_tensorrt,/Users/hobongs/Desktop/HoBong_study/26-1/탄중/temp/jetson_nano_edgeai/my_results/clean_v2(without_tensorRT)/layer_runtime/shufflenet_v2_x1_0_onnxrt_cuda.csv
shufflenet_v2_x1_0,onnxrt_cuda,694,Div:/stage2/stage2.0/Div_fence_after,onnxruntime,onnx_node,0.001,0.0,0.001,0.001,1,3.1e-05,99.997904,686,clean_v2_without_tensorrt,/Users/hobongs/Desktop/HoBong_study/26-1/탄중/temp/jetson_nano_edgeai/my_results/clean_v2(without_tensorRT)/layer_runtime/shufflenet_v2_x1_0_onnxrt_cuda.csv
shufflenet_v2_x1_0,onnxrt_cuda,695,Gather:/stage2/stage2.0/Gather_fence_before,onnxruntime,onnx_node,0.001,0.0,0.001,0.001,16,3.1e-05,99.997935,687,clean_v2_without_tensorrt,/Users/hobongs/Desktop/HoBong_study/26-1/탄중/temp/jetson_nano_edgeai/my_results/clean_v2(without_tensorRT)/layer_runtime/shufflenet_v2_x1_0_onnxrt_cuda.csv
shufflenet_v2_x1_0,onnxrt_cuda,696,Gather:/stage2/stage2.0/Gather_fence_after,onnxruntime,onnx_node,0.001,0.0,0.001,0.001,1,3.1e-05,99.997966,688,clean_v2_without_tensorrt,/Users/hobongs/Desktop/HoBong_study/26-1/탄중/temp/jetson_nano_edgeai/my_results/clean_v2(without_tensorRT)/layer_runtime/shufflenet_v2_x1_0_onnxrt_cuda.csv
shufflenet_v2_x1_0,onnxrt_cuda,697,Transpose:/stage2/stage2.0/Transpose_fence_before,onnxruntime,onnx_node,0.001,0.0,0.001,0.001,3,3.1e-05,99.997997,689,clean_v2_without_tensorrt,/Users/hobongs/Desktop/HoBong_study/26-1/탄중/temp/jetson_nano_edgeai/my_results/clean_v2(without_tensorRT)/layer_runtime/shufflenet_v2_x1_0_onnxrt_cuda.csv
shufflenet_v2_x1_0,onnxrt_cuda,698,Gather:/stage2/stage2.1/Gather_fence_before,onnxruntime,onnx_node,0.001,0.0,0.001,0.001,2,3.1e-05,99.998028,690,clean_v2_without_tensorrt,/Users/hobongs/Desktop/HoBong_study/26-1/탄중/temp/jetson_nano_edgeai/my_results/clean_v2(without_tensorRT)/layer_runtime/shufflenet_v2_x1_0_onnxrt_cuda.csv
shufflenet_v2_x1_0,onnxrt_cuda,699,Concat:/stage2/stage2.1/Concat_fence_after,onnxruntime,onnx_node,0.001,0.0,0.001,0.001,8,3.1e-05,99.998059,691,clean_v2_without_tensorrt,/Users/hobongs/Desktop/HoBong_study/26-1/탄중/temp/jetson_nano_edgeai/my_results/clean_v2(without_tensorRT)/layer_runtime/shufflenet_v2_x1_0_onnxrt_cuda.csv
shufflenet_v2_x1_0,onnxrt_cuda,700,Concat:/stage2/stage2.2/Concat_fence_after,onnxruntime,onnx_node,0.001,0.0,0.001,0.001,1,3.1e-05,99.998089,692,clean_v2_without_tensorrt,/Users/hobongs/Desktop/HoBong_study/26-1/탄중/temp/jetson_nano_edgeai/my_results/clean_v2(without_tensorRT)/layer_runtime/shufflenet_v2_x1_0_onnxrt_cuda.csv
shufflenet_v2_x1_0,onnxrt_cuda,701,Shape:/stage2/stage2.3/Shape_fence_before,onnxruntime,onnx_node,0.001,0.0,0.001,0.001,1,3.1e-05,99.99812,693,clean_v2_without_tensorrt,/Users/hobongs/Desktop/HoBong_study/26-1/탄중/temp/jetson_nano_edgeai/my_results/clean_v2(without_tensorRT)/layer_runtime/shufflenet_v2_x1_0_onnxrt_cuda.csv
shufflenet_v2_x1_0,onnxrt_cuda,702,Slice:/stage2/stage2.3/Slice_1_fence_after,onnxruntime,onnx_node,0.001,0.0,0.001,0.001,1,3.1e-05,99.998151,694,clean_v2_without_tensorrt,/Users/hobongs/Desktop/HoBong_study/26-1/탄중/temp/jetson_nano_edgeai/my_results/clean_v2(without_tensorRT)/layer_runtime/shufflenet_v2_x1_0_onnxrt_cuda.csv
shufflenet_v2_x1_0,onnxrt_cuda,125,Add:/stage3/stage3.6/Add_fence_after,onnxruntime,onnx_node,0.031,0.0,0.031,0.031,1,0.000955,99.792625,695,clean_v2_without_tensorrt,/Users/hobongs/Desktop/HoBong_study/26-1/탄중/temp/jetson_nano_edgeai/my_results/clean_v2(without_tensorRT)/layer_runtime/shufflenet_v2_x1_0_onnxrt_cuda.csv
shufflenet_v2_x1_0,onnxrt_cuda,703,Mul:/stage3/stage3.1/Mul_1_fence_before,onnxruntime,onnx_node,0.001,0.0,0.001,0.001,1,3.1e-05,99.998182,696,clean_v2_without_tensorrt,/Users/hobongs/Desktop/HoBong_study/26-1/탄중/temp/jetson_nano_edgeai/my_results/clean_v2(without_tensorRT)/layer_runtime/shufflenet_v2_x1_0_onnxrt_cuda.csv
shufflenet_v2_x1_0,onnxrt_cuda,704,Slice:/stage3/stage3.3/Slice_1_fence_before,onnxruntime,onnx_node,0.001,0.0,0.001,0.001,3,3.1e-05,99.998213,697,clean_v2_without_tensorrt,/Users/hobongs/Desktop/HoBong_study/26-1/탄중/temp/jetson_nano_edgeai/my_results/clean_v2(without_tensorRT)/layer_runtime/shufflenet_v2_x1_0_onnxrt_cuda.csv
shufflenet_v2_x1_0,onnxrt_cuda,435,Slice:/stage4/stage4.2/Slice_1_fence_before,onnxruntime,onnx_node,0.001267,0.000998,0.001,0.005,15,3.9e-05,99.989905,698,clean_v2_without_tensorrt,/Users/hobongs/Desktop/HoBong_study/26-1/탄중/temp/jetson_nano_edgeai/my_results/clean_v2(without_tensorRT)/layer_runtime/shufflenet_v2_x1_0_onnxrt_cuda.csv
shufflenet_v2_x1_0,onnxrt_cuda,705,Gemm:/fc/Gemm_fence_before,onnxruntime,onnx_node,0.001,0.0,0.001,0.001,2,3.1e-05,99.998243,699,clean_v2_without_tensorrt,/Users/hobongs/Desktop/HoBong_study/26-1/탄중/temp/jetson_nano_edgeai/my_results/clean_v2(without_tensorRT)/layer_runtime/shufflenet_v2_x1_0_onnxrt_cuda.csv
shufflenet_v2_x1_0,onnxrt_cuda,706,Reshape:/stage2/stage2.1/Reshape_fence_before,onnxruntime,onnx_node,0.001,0.0,0.001,0.001,2,3.1e-05,99.998274,700,clean_v2_without_tensorrt,/Users/hobongs/Desktop/HoBong_study/26-1/탄중/temp/jetson_nano_edgeai/my_results/clean_v2(without_tensorRT)/layer_runtime/shufflenet_v2_x1_0_onnxrt_cuda.csv
shufflenet_v2_x1_0,onnxrt_cuda,707,Concat:/stage2/stage2.1/Concat_2_fence_before,onnxruntime,onnx_node,0.001,0.0,0.001,0.001,6,3.1e-05,99.998305,701,clean_v2_without_tensorrt,/Users/hobongs/Desktop/HoBong_study/26-1/탄중/temp/jetson_nano_edgeai/my_results/clean_v2(without_tensorRT)/layer_runtime/shufflenet_v2_x1_0_onnxrt_cuda.csv
shufflenet_v2_x1_0,onnxrt_cuda,708,Concat:/stage2/stage2.3/Concat_2_fence_before,onnxruntime,onnx_node,0.001,0.0,0.001,0.001,11,3.1e-05,99.998336,702,clean_v2_without_tensorrt,/Users/hobongs/Desktop/HoBong_study/26-1/탄중/temp/jetson_nano_edgeai/my_results/clean_v2(without_tensorRT)/layer_runtime/shufflenet_v2_x1_0_onnxrt_cuda.csv
shufflenet_v2_x1_0,onnxrt_cuda,709,Slice:/stage3/stage3.2/Slice_1_fence_before,onnxruntime,onnx_node,0.001,0.0,0.001,0.001,4,3.1e-05,99.998367,703,clean_v2_without_tensorrt,/Users/hobongs/Desktop/HoBong_study/26-1/탄중/temp/jetson_nano_edgeai/my_results/clean_v2(without_tensorRT)/layer_runtime/shufflenet_v2_x1_0_onnxrt_cuda.csv
shufflenet_v2_x1_0,onnxrt_cuda,710,Slice:/stage3/stage3.7/Slice_1_fence_before,onnxruntime,onnx_node,0.001,0.0,0.001,0.001,8,3.1e-05,99.998398,704,clean_v2_without_tensorrt,/Users/hobongs/Desktop/HoBong_study/26-1/탄중/temp/jetson_nano_edgeai/my_results/clean_v2(without_tensorRT)/layer_runtime/shufflenet_v2_x1_0_onnxrt_cuda.csv
shufflenet_v2_x1_0,onnxrt_cuda,161,Div:/stage2/stage2.2/Div_1_fence_before,onnxruntime,onnx_node,0.024,0.0,0.024,0.024,1,0.00074,99.822365,705,clean_v2_without_tensorrt,/Users/hobongs/Desktop/HoBong_study/26-1/탄중/temp/jetson_nano_edgeai/my_results/clean_v2(without_tensorRT)/layer_runtime/shufflenet_v2_x1_0_onnxrt_cuda.csv
shufflenet_v2_x1_0,onnxrt_cuda,711,Slice:/stage3/stage3.4/Slice_1_fence_after,onnxruntime,onnx_node,0.001,0.0,0.001,0.001,1,3.1e-05,99.998428,706,clean_v2_without_tensorrt,/Users/hobongs/Desktop/HoBong_study/26-1/탄중/temp/jetson_nano_edgeai/my_results/clean_v2(without_tensorRT)/layer_runtime/shufflenet_v2_x1_0_onnxrt_cuda.csv
shufflenet_v2_x1_0,onnxrt_cuda,712,Concat:/stage2/stage2.0/Concat_1_fence_before,onnxruntime,onnx_node,0.001,0.0,0.001,0.001,7,3.1e-05,99.998459,707,clean_v2_without_tensorrt,/Users/hobongs/Desktop/HoBong_study/26-1/탄중/temp/jetson_nano_edgeai/my_results/clean_v2(without_tensorRT)/layer_runtime/shufflenet_v2_x1_0_onnxrt_cuda.csv
shufflenet_v2_x1_0,onnxrt_cuda,713,Concat:/stage3/stage3.1/Concat_2_fence_before,onnxruntime,onnx_node,0.001,0.0,0.001,0.001,3,3.1e-05,99.99849,708,clean_v2_without_tensorrt,/Users/hobongs/Desktop/HoBong_study/26-1/탄중/temp/jetson_nano_edgeai/my_results/clean_v2(without_tensorRT)/layer_runtime/shufflenet_v2_x1_0_onnxrt_cuda.csv
shufflenet_v2_x1_0,onnxrt_cuda,714,Concat:/stage4/stage4.0/Concat_2_fence_before,onnxruntime,onnx_node,0.001,0.0,0.001,0.001,1,3.1e-05,99.998521,709,clean_v2_without_tensorrt,/Users/hobongs/Desktop/HoBong_study/26-1/탄중/temp/jetson_nano_edgeai/my_results/clean_v2(without_tensorRT)/layer_runtime/shufflenet_v2_x1_0_onnxrt_cuda.csv
shufflenet_v2_x1_0,onnxrt_cuda,715,Concat:/stage2/stage2.2/Concat_2_fence_before,onnxruntime,onnx_node,0.001,0.0,0.001,0.001,2,3.1e-05,99.998552,710,clean_v2_without_tensorrt,/Users/hobongs/Desktop/HoBong_study/26-1/탄중/temp/jetson_nano_edgeai/my_results/clean_v2(without_tensorRT)/layer_runtime/shufflenet_v2_x1_0_onnxrt_cuda.csv
shufflenet_v2_x1_0,onnxrt_cuda,716,Concat:/stage2/stage2.3/Concat_fence_after,onnxruntime,onnx_node,0.001,0.0,0.001,0.001,1,3.1e-05,99.998582,711,clean_v2_without_tensorrt,/Users/hobongs/Desktop/HoBong_study/26-1/탄중/temp/jetson_nano_edgeai/my_results/clean_v2(without_tensorRT)/layer_runtime/shufflenet_v2_x1_0_onnxrt_cuda.csv
shufflenet_v2_x1_0,onnxrt_cuda,717,Concat:/stage3/stage3.1/Concat_fence_after,onnxruntime,onnx_node,0.001,0.0,0.001,0.001,2,3.1e-05,99.998613,712,clean_v2_without_tensorrt,/Users/hobongs/Desktop/HoBong_study/26-1/탄중/temp/jetson_nano_edgeai/my_results/clean_v2(without_tensorRT)/layer_runtime/shufflenet_v2_x1_0_onnxrt_cuda.csv
shufflenet_v2_x1_0,onnxrt_cuda,718,Concat:/stage3/stage3.3/Concat_2_fence_before,onnxruntime,onnx_node,0.001,0.0,0.001,0.001,2,3.1e-05,99.998644,713,clean_v2_without_tensorrt,/Users/hobongs/Desktop/HoBong_study/26-1/탄중/temp/jetson_nano_edgeai/my_results/clean_v2(without_tensorRT)/layer_runtime/shufflenet_v2_x1_0_onnxrt_cuda.csv
shufflenet_v2_x1_0,onnxrt_cuda,162,Unsqueeze:/stage2/stage2.1/Unsqueeze_fence_after,onnxruntime,onnx_node,0.024,0.0,0.024,0.024,1,0.00074,99.823104,714,clean_v2_without_tensorrt,/Users/hobongs/Desktop/HoBong_study/26-1/탄중/temp/jetson_nano_edgeai/my_results/clean_v2(without_tensorRT)/layer_runtime/shufflenet_v2_x1_0_onnxrt_cuda.csv
shufflenet_v2_x1_0,onnxrt_cuda,261,Concat:/stage2/stage2.3/Concat_2_fence_after,onnxruntime,onnx_node,0.021,0.0,0.021,0.021,1,0.000647,99.890319,715,clean_v2_without_tensorrt,/Users/hobongs/Desktop/HoBong_study/26-1/탄중/temp/jetson_nano_edgeai/my_results/clean_v2(without_tensorRT)/layer_runtime/shufflenet_v2_x1_0_onnxrt_cuda.csv
shufflenet_v2_x1_0,onnxrt_cuda,430,Add:/stage2/stage2.2/Add_fence_before,onnxruntime,onnx_node,0.00675,0.009959,0.001,0.024,4,0.000208,99.989584,716,clean_v2_without_tensorrt,/Users/hobongs/Desktop/HoBong_study/26-1/탄중/temp/jetson_nano_edgeai/my_results/clean_v2(without_tensorRT)/layer_runtime/shufflenet_v2_x1_0_onnxrt_cuda.csv
shufflenet_v2_x1_0,onnxrt_cuda,719,Transpose:/stage3/stage3.2/Transpose_fence_before,onnxruntime,onnx_node,0.001,0.0,0.001,0.001,2,3.1e-05,99.998675,717,clean_v2_without_tensorrt,/Users/hobongs/Desktop/HoBong_study/26-1/탄중/temp/jetson_nano_edgeai/my_results/clean_v2(without_tensorRT)/layer_runtime/shufflenet_v2_x1_0_onnxrt_cuda.csv
shufflenet_v2_x1_0,onnxrt_cuda,720,Shape:/stage3/stage3.7/Shape_2_fence_before,onnxruntime,onnx_node,0.001,0.0,0.001,0.001,2,3.1e-05,99.998706,718,clean_v2_without_tensorrt,/Users/hobongs/Desktop/HoBong_study/26-1/탄중/temp/jetson_nano_edgeai/my_results/clean_v2(without_tensorRT)/layer_runtime/shufflenet_v2_x1_0_onnxrt_cuda.csv
shufflenet_v2_x1_0,onnxrt_cuda,721,Gather:/stage3/stage3.5/Gather_4_fence_before,onnxruntime,onnx_node,0.001,0.0,0.001,0.001,2,3.1e-05,99.998737,719,clean_v2_without_tensorrt,/Users/hobongs/Desktop/HoBong_study/26-1/탄중/temp/jetson_nano_edgeai/my_results/clean_v2(without_tensorRT)/layer_runtime/shufflenet_v2_x1_0_onnxrt_cuda.csv
shufflenet_v2_x1_0,onnxrt_cuda,722,Slice:/stage2/stage2.1/Slice_fence_after,onnxruntime,onnx_node,0.001,0.0,0.001,0.001,2,3.1e-05,99.998767,720,clean_v2_without_tensorrt,/Users/hobongs/Desktop/HoBong_study/26-1/탄중/temp/jetson_nano_edgeai/my_results/clean_v2(without_tensorRT)/layer_runtime/shufflenet_v2_x1_0_onnxrt_cuda.csv
shufflenet_v2_x1_0,onnxrt_cuda,723,Gather:/stage3/stage3.3/Gather_3_fence_after,onnxruntime,onnx_node,0.001,0.0,0.001,0.001,1,3.1e-05,99.998798,721,clean_v2_without_tensorrt,/Users/hobongs/Desktop/HoBong_study/26-1/탄중/temp/jetson_nano_edgeai/my_results/clean_v2(without_tensorRT)/layer_runtime/shufflenet_v2_x1_0_onnxrt_cuda.csv
shufflenet_v2_x1_0,onnxrt_cuda,724,Concat:/stage3/stage3.0/Concat_fence_after,onnxruntime,onnx_node,0.001,0.0,0.001,0.001,3,3.1e-05,99.998829,722,clean_v2_without_tensorrt,/Users/hobongs/Desktop/HoBong_study/26-1/탄중/temp/jetson_nano_edgeai/my_results/clean_v2(without_tensorRT)/layer_runtime/shufflenet_v2_x1_0_onnxrt_cuda.csv
shufflenet_v2_x1_0,onnxrt_cuda,725,Transpose:/stage4/stage4.1/Transpose_fence_before,onnxruntime,onnx_node,0.001,0.0,0.001,0.001,1,3.1e-05,99.99886,723,clean_v2_without_tensorrt,/Users/hobongs/Desktop/HoBong_study/26-1/탄중/temp/jetson_nano_edgeai/my_results/clean_v2(without_tensorRT)/layer_runtime/shufflenet_v2_x1_0_onnxrt_cuda.csv
shufflenet_v2_x1_0,onnxrt_cuda,726,Transpose:/stage3/stage3.1/Transpose_fence_before,onnxruntime,onnx_node,0.001,0.0,0.001,0.001,1,3.1e-05,99.998891,724,clean_v2_without_tensorrt,/Users/hobongs/Desktop/HoBong_study/26-1/탄중/temp/jetson_nano_edgeai/my_results/clean_v2(without_tensorRT)/layer_runtime/shufflenet_v2_x1_0_onnxrt_cuda.csv
shufflenet_v2_x1_0,onnxrt_cuda,727,Reshape:/stage3/stage3.4/Reshape_1_fence_before,onnxruntime,onnx_node,0.001,0.0,0.001,0.001,1,3.1e-05,99.998921,725,clean_v2_without_tensorrt,/Users/hobongs/Desktop/HoBong_study/26-1/탄중/temp/jetson_nano_edgeai/my_results/clean_v2(without_tensorRT)/layer_runtime/shufflenet_v2_x1_0_onnxrt_cuda.csv
shufflenet_v2_x1_0,onnxrt_cuda,728,Transpose:/stage4/stage4.3/Transpose_fence_before,onnxruntime,onnx_node,0.001,0.0,0.001,0.001,1,3.1e-05,99.998952,726,clean_v2_without_tensorrt,/Users/hobongs/Desktop/HoBong_study/26-1/탄중/temp/jetson_nano_edgeai/my_results/clean_v2(without_tensorRT)/layer_runtime/shufflenet_v2_x1_0_onnxrt_cuda.csv
shufflenet_v2_x1_0,onnxrt_cuda,182,Gather:/stage4/stage4.2/Gather_3_fence_after,onnxruntime,onnx_node,0.023,0.0,0.023,0.023,1,0.000709,99.837577,727,clean_v2_without_tensorrt,/Users/hobongs/Desktop/HoBong_study/26-1/탄중/temp/jetson_nano_edgeai/my_results/clean_v2(without_tensorRT)/layer_runtime/shufflenet_v2_x1_0_onnxrt_cuda.csv
shufflenet_v2_x1_0,onnxrt_cuda,729,Gather:/stage2/stage2.0/Gather_3_fence_before,onnxruntime,onnx_node,0.001,0.0,0.001,0.001,3,3.1e-05,99.998983,728,clean_v2_without_tensorrt,/Users/hobongs/Desktop/HoBong_study/26-1/탄중/temp/jetson_nano_edgeai/my_results/clean_v2(without_tensorRT)/layer_runtime/shufflenet_v2_x1_0_onnxrt_cuda.csv
shufflenet_v2_x1_0,onnxrt_cuda,730,Unsqueeze:/stage2/stage2.0/Unsqueeze_2_fence_before,onnxruntime,onnx_node,0.001,0.0,0.001,0.001,1,3.1e-05,99.999014,729,clean_v2_without_tensorrt,/Users/hobongs/Desktop/HoBong_study/26-1/탄중/temp/jetson_nano_edgeai/my_results/clean_v2(without_tensorRT)/layer_runtime/shufflenet_v2_x1_0_onnxrt_cuda.csv
shufflenet_v2_x1_0,onnxrt_cuda,731,Concat:/stage4/stage4.1/Concat_2_fence_before,onnxruntime,onnx_node,0.001,0.0,0.001,0.001,1,3.1e-05,99.999045,730,clean_v2_without_tensorrt,/Users/hobongs/Desktop/HoBong_study/26-1/탄중/temp/jetson_nano_edgeai/my_results/clean_v2(without_tensorRT)/layer_runtime/shufflenet_v2_x1_0_onnxrt_cuda.csv
shufflenet_v2_x1_0,onnxrt_cuda,732,Mul:/stage3/stage3.7/Mul_1_fence_before,onnxruntime,onnx_node,0.001,0.0,0.001,0.001,2,3.1e-05,99.999075,731,clean_v2_without_tensorrt,/Users/hobongs/Desktop/HoBong_study/26-1/탄중/temp/jetson_nano_edgeai/my_results/clean_v2(without_tensorRT)/layer_runtime/shufflenet_v2_x1_0_onnxrt_cuda.csv
shufflenet_v2_x1_0,onnxrt_cuda,733,Unsqueeze:/stage3/stage3.5/Unsqueeze_3_fence_before,onnxruntime,onnx_node,0.001,0.0,0.001,0.001,1,3.1e-05,99.999106,732,clean_v2_without_tensorrt,/Users/hobongs/Desktop/HoBong_study/26-1/탄중/temp/jetson_nano_edgeai/my_results/clean_v2(without_tensorRT)/layer_runtime/shufflenet_v2_x1_0_onnxrt_cuda.csv
shufflenet_v2_x1_0,onnxrt_cuda,734,Mul:/stage2/stage2.1/Mul_1_fence_before,onnxruntime,onnx_node,0.001,0.0,0.001,0.001,2,3.1e-05,99.999137,733,clean_v2_without_tensorrt,/Users/hobongs/Desktop/HoBong_study/26-1/탄중/temp/jetson_nano_edgeai/my_results/clean_v2(without_tensorRT)/layer_runtime/shufflenet_v2_x1_0_onnxrt_cuda.csv
shufflenet_v2_x1_0,onnxrt_cuda,735,Mul:/stage2/stage2.3/Mul_1_fence_before,onnxruntime,onnx_node,0.001,0.0,0.001,0.001,1,3.1e-05,99.999168,734,clean_v2_without_tensorrt,/Users/hobongs/Desktop/HoBong_study/26-1/탄중/temp/jetson_nano_edgeai/my_results/clean_v2(without_tensorRT)/layer_runtime/shufflenet_v2_x1_0_onnxrt_cuda.csv
shufflenet_v2_x1_0,onnxrt_cuda,736,Gather:/stage3/stage3.0/Gather_3_fence_before,onnxruntime,onnx_node,0.001,0.0,0.001,0.001,1,3.1e-05,99.999199,735,clean_v2_without_tensorrt,/Users/hobongs/Desktop/HoBong_study/26-1/탄중/temp/jetson_nano_edgeai/my_results/clean_v2(without_tensorRT)/layer_runtime/shufflenet_v2_x1_0_onnxrt_cuda.csv
shufflenet_v2_x1_0,onnxrt_cuda,737,Div:/stage3/stage3.1/Div_1_fence_before,onnxruntime,onnx_node,0.001,0.0,0.001,0.001,1,3.1e-05,99.99923,736,clean_v2_without_tensorrt,/Users/hobongs/Desktop/HoBong_study/26-1/탄중/temp/jetson_nano_edgeai/my_results/clean_v2(without_tensorRT)/layer_runtime/shufflenet_v2_x1_0_onnxrt_cuda.csv
shufflenet_v2_x1_0,onnxrt_cuda,738,Div:/stage2/stage2.1/Div_fence_before,onnxruntime,onnx_node,0.001,0.0,0.001,0.001,2,3.1e-05,99.99926,737,clean_v2_without_tensorrt,/Users/hobongs/Desktop/HoBong_study/26-1/탄중/temp/jetson_nano_edgeai/my_results/clean_v2(without_tensorRT)/layer_runtime/shufflenet_v2_x1_0_onnxrt_cuda.csv
shufflenet_v2_x1_0,onnxrt_cuda,739,Concat:/stage3/stage3.2/Concat_fence_after,onnxruntime,onnx_node,0.001,0.0,0.001,0.001,1,3.1e-05,99.999291,738,clean_v2_without_tensorrt,/Users/hobongs/Desktop/HoBong_study/26-1/탄중/temp/jetson_nano_edgeai/my_results/clean_v2(without_tensorRT)/layer_runtime/shufflenet_v2_x1_0_onnxrt_cuda.csv
shufflenet_v2_x1_0,onnxrt_cuda,740,Transpose:/stage2/stage2.0/Transpose_fence_after,onnxruntime,onnx_node,0.001,0.0,0.001,0.001,1,3.1e-05,99.999322,739,clean_v2_without_tensorrt,/Users/hobongs/Desktop/HoBong_study/26-1/탄중/temp/jetson_nano_edgeai/my_results/clean_v2(without_tensorRT)/layer_runtime/shufflenet_v2_x1_0_onnxrt_cuda.csv
shufflenet_v2_x1_0,onnxrt_cuda,741,Gather:/stage2/stage2.1/Gather_3_fence_before,onnxruntime,onnx_node,0.001,0.0,0.001,0.001,1,3.1e-05,99.999353,740,clean_v2_without_tensorrt,/Users/hobongs/Desktop/HoBong_study/26-1/탄중/temp/jetson_nano_edgeai/my_results/clean_v2(without_tensorRT)/layer_runtime/shufflenet_v2_x1_0_onnxrt_cuda.csv
shufflenet_v2_x1_0,onnxrt_cuda,742,Reshape:/stage3/stage3.3/Reshape_1_fence_before,onnxruntime,onnx_node,0.001,0.0,0.001,0.001,1,3.1e-05,99.999384,741,clean_v2_without_tensorrt,/Users/hobongs/Desktop/HoBong_study/26-1/탄중/temp/jetson_nano_edgeai/my_results/clean_v2(without_tensorRT)/layer_runtime/shufflenet_v2_x1_0_onnxrt_cuda.csv
shufflenet_v2_x1_0,onnxrt_cuda,743,Reshape:/stage4/stage4.3/Reshape_fence_before,onnxruntime,onnx_node,0.001,0.0,0.001,0.001,1,3.1e-05,99.999414,742,clean_v2_without_tensorrt,/Users/hobongs/Desktop/HoBong_study/26-1/탄중/temp/jetson_nano_edgeai/my_results/clean_v2(without_tensorRT)/layer_runtime/shufflenet_v2_x1_0_onnxrt_cuda.csv
shufflenet_v2_x1_0,onnxrt_cuda,744,Transpose:/stage3/stage3.0/Transpose_fence_before,onnxruntime,onnx_node,0.001,0.0,0.001,0.001,1,3.1e-05,99.999445,743,clean_v2_without_tensorrt,/Users/hobongs/Desktop/HoBong_study/26-1/탄중/temp/jetson_nano_edgeai/my_results/clean_v2(without_tensorRT)/layer_runtime/shufflenet_v2_x1_0_onnxrt_cuda.csv
shufflenet_v2_x1_0,onnxrt_cuda,745,Gather:/stage4/stage4.3/Gather_4_fence_before,onnxruntime,onnx_node,0.001,0.0,0.001,0.001,1,3.1e-05,99.999476,744,clean_v2_without_tensorrt,/Users/hobongs/Desktop/HoBong_study/26-1/탄중/temp/jetson_nano_edgeai/my_results/clean_v2(without_tensorRT)/layer_runtime/shufflenet_v2_x1_0_onnxrt_cuda.csv
shufflenet_v2_x1_0,onnxrt_cuda,746,Gather:/stage2/stage2.2/Gather_1_fence_after,onnxruntime,onnx_node,0.001,0.0,0.001,0.001,1,3.1e-05,99.999507,745,clean_v2_without_tensorrt,/Users/hobongs/Desktop/HoBong_study/26-1/탄중/temp/jetson_nano_edgeai/my_results/clean_v2(without_tensorRT)/layer_runtime/shufflenet_v2_x1_0_onnxrt_cuda.csv
shufflenet_v2_x1_0,onnxrt_cuda,747,Concat:/stage3/stage3.5/Concat_fence_after,onnxruntime,onnx_node,0.001,0.0,0.001,0.001,1,3.1e-05,99.999538,746,clean_v2_without_tensorrt,/Users/hobongs/Desktop/HoBong_study/26-1/탄중/temp/jetson_nano_edgeai/my_results/clean_v2(without_tensorRT)/layer_runtime/shufflenet_v2_x1_0_onnxrt_cuda.csv
shufflenet_v2_x1_0,onnxrt_cuda,748,Transpose:/stage2/stage2.2/Transpose_fence_after,onnxruntime,onnx_node,0.001,0.0,0.001,0.001,1,3.1e-05,99.999569,747,clean_v2_without_tensorrt,/Users/hobongs/Desktop/HoBong_study/26-1/탄중/temp/jetson_nano_edgeai/my_results/clean_v2(without_tensorRT)/layer_runtime/shufflenet_v2_x1_0_onnxrt_cuda.csv
shufflenet_v2_x1_0,onnxrt_cuda,749,Transpose:/stage3/stage3.3/Transpose_fence_before,onnxruntime,onnx_node,0.001,0.0,0.001,0.001,2,3.1e-05,99.999599,748,clean_v2_without_tensorrt,/Users/hobongs/Desktop/HoBong_study/26-1/탄중/temp/jetson_nano_edgeai/my_results/clean_v2(without_tensorRT)/layer_runtime/shufflenet_v2_x1_0_onnxrt_cuda.csv
shufflenet_v2_x1_0,onnxrt_cuda,750,Transpose:/stage2/stage2.3/Transpose_fence_before,onnxruntime,onnx_node,0.001,0.0,0.001,0.001,1,3.1e-05,99.99963,749,clean_v2_without_tensorrt,/Users/hobongs/Desktop/HoBong_study/26-1/탄중/temp/jetson_nano_edgeai/my_results/clean_v2(without_tensorRT)/layer_runtime/shufflenet_v2_x1_0_onnxrt_cuda.csv
shufflenet_v2_x1_0,onnxrt_cuda,262,Mul:/stage3/stage3.7/Mul_fence_before,onnxruntime,onnx_node,0.021,0.0,0.021,0.021,1,0.000647,99.890966,750,clean_v2_without_tensorrt,/Users/hobongs/Desktop/HoBong_study/26-1/탄중/temp/jetson_nano_edgeai/my_results/clean_v2(without_tensorRT)/layer_runtime/shufflenet_v2_x1_0_onnxrt_cuda.csv
shufflenet_v2_x1_0,onnxrt_cuda,751,Transpose:/stage3/stage3.6/Transpose_fence_before,onnxruntime,onnx_node,0.001,0.0,0.001,0.001,1,3.1e-05,99.999661,751,clean_v2_without_tensorrt,/Users/hobongs/Desktop/HoBong_study/26-1/탄중/temp/jetson_nano_edgeai/my_results/clean_v2(without_tensorRT)/layer_runtime/shufflenet_v2_x1_0_onnxrt_cuda.csv
shufflenet_v2_x1_0,onnxrt_cuda,752,Transpose:/stage3/stage3.7/Transpose_fence_before,onnxruntime,onnx_node,0.001,0.0,0.001,0.001,1,3.1e-05,99.999692,752,clean_v2_without_tensorrt,/Users/hobongs/Desktop/HoBong_study/26-1/탄중/temp/jetson_nano_edgeai/my_results/clean_v2(without_tensorRT)/layer_runtime/shufflenet_v2_x1_0_onnxrt_cuda.csv
shufflenet_v2_x1_0,onnxrt_cuda,753,Unsqueeze:/stage3/stage3.3/Unsqueeze_3_fence_before,onnxruntime,onnx_node,0.001,0.0,0.001,0.001,1,3.1e-05,99.999723,753,clean_v2_without_tensorrt,/Users/hobongs/Desktop/HoBong_study/26-1/탄중/temp/jetson_nano_edgeai/my_results/clean_v2(without_tensorRT)/layer_runtime/shufflenet_v2_x1_0_onnxrt_cuda.csv
shufflenet_v2_x1_0,onnxrt_cuda,754,Transpose:/stage2/stage2.3/Transpose_fence_after,onnxruntime,onnx_node,0.001,0.0,0.001,0.001,1,3.1e-05,99.999753,754,clean_v2_without_tensorrt,/Users/hobongs/Desktop/HoBong_study/26-1/탄중/temp/jetson_nano_edgeai/my_results/clean_v2(without_tensorRT)/layer_runtime/shufflenet_v2_x1_0_onnxrt_cuda.csv
shufflenet_v2_x1_0,onnxrt_cuda,755,Unsqueeze:/stage4/stage4.2/Unsqueeze_fence_before,onnxruntime,onnx_node,0.001,0.0,0.001,0.001,1,3.1e-05,99.999784,755,clean_v2_without_tensorrt,/Users/hobongs/Desktop/HoBong_study/26-1/탄중/temp/jetson_nano_edgeai/my_results/clean_v2(without_tensorRT)/layer_runtime/shufflenet_v2_x1_0_onnxrt_cuda.csv
shufflenet_v2_x1_0,onnxrt_cuda,756,Reshape:/stage3/stage3.1/Reshape_fence_before,onnxruntime,onnx_node,0.001,0.0,0.001,0.001,1,3.1e-05,99.999815,756,clean_v2_without_tensorrt,/Users/hobongs/Desktop/HoBong_study/26-1/탄중/temp/jetson_nano_edgeai/my_results/clean_v2(without_tensorRT)/layer_runtime/shufflenet_v2_x1_0_onnxrt_cuda.csv
shufflenet_v2_x1_0,onnxrt_cuda,757,Unsqueeze:/stage3/stage3.1/Unsqueeze_3_fence_before,onnxruntime,onnx_node,0.001,0.0,0.001,0.001,1,3.1e-05,99.999846,757,clean_v2_without_tensorrt,/Users/hobongs/Desktop/HoBong_study/26-1/탄중/temp/jetson_nano_edgeai/my_results/clean_v2(without_tensorRT)/layer_runtime/shufflenet_v2_x1_0_onnxrt_cuda.csv
shufflenet_v2_x1_0,onnxrt_cuda,758,Shape:/stage3/stage3.3/Shape_fence_before,onnxruntime,onnx_node,0.001,0.0,0.001,0.001,1,3.1e-05,99.999877,758,clean_v2_without_tensorrt,/Users/hobongs/Desktop/HoBong_study/26-1/탄중/temp/jetson_nano_edgeai/my_results/clean_v2(without_tensorRT)/layer_runtime/shufflenet_v2_x1_0_onnxrt_cuda.csv
shufflenet_v2_x1_0,onnxrt_cuda,759,Unsqueeze:/stage2/stage2.1/Unsqueeze_3_fence_before,onnxruntime,onnx_node,0.001,0.0,0.001,0.001,1,3.1e-05,99.999908,759,clean_v2_without_tensorrt,/Users/hobongs/Desktop/HoBong_study/26-1/탄중/temp/jetson_nano_edgeai/my_results/clean_v2(without_tensorRT)/layer_runtime/shufflenet_v2_x1_0_onnxrt_cuda.csv
shufflenet_v2_x1_0,onnxrt_cuda,760,Gather:/stage3/stage3.2/Gather_4_fence_before,onnxruntime,onnx_node,0.001,0.0,0.001,0.001,1,3.1e-05,99.999938,760,clean_v2_without_tensorrt,/Users/hobongs/Desktop/HoBong_study/26-1/탄중/temp/jetson_nano_edgeai/my_results/clean_v2(without_tensorRT)/layer_runtime/shufflenet_v2_x1_0_onnxrt_cuda.csv
shufflenet_v2_x1_0,onnxrt_cuda,761,Reshape:/stage3/stage3.2/Reshape_1_fence_before,onnxruntime,onnx_node,0.001,0.0,0.001,0.001,1,3.1e-05,99.999969,761,clean_v2_without_tensorrt,/Users/hobongs/Desktop/HoBong_study/26-1/탄중/temp/jetson_nano_edgeai/my_results/clean_v2(without_tensorRT)/layer_runtime/shufflenet_v2_x1_0_onnxrt_cuda.csv
shufflenet_v2_x1_0,onnxrt_cuda,762,Mul:/stage3/stage3.4/Mul_1_fence_before,onnxruntime,onnx_node,0.001,0.0,0.001,0.001,1,3.1e-05,100.0,762,clean_v2_without_tensorrt,/Users/hobongs/Desktop/HoBong_study/26-1/탄중/temp/jetson_nano_edgeai/my_results/clean_v2(without_tensorRT)/layer_runtime/shufflenet_v2_x1_0_onnxrt_cuda.csv
