model,runtime,rank,layer_name,backend,granularity,mean_ms,std_ms,min_ms,max_ms,samples,percent_total_ms,cumulative_percent_ms,sequence,dashboard_source,source_file
ssd_mobilenet_v2,onnxrt_cuda,2,model_loading_uri,onnxruntime,onnx_node,281.044,0.0,281.044,281.044,1,8.015133,79.830035,1,clean_v2_without_tensorrt,/Users/hobongs/Desktop/HoBong_study/26-1/탄중/temp/jetson_nano_edgeai/my_results/clean_v2(without_tensorRT)/layer_runtime/ssd_mobilenet_v2_onnxrt_cuda.csv
ssd_mobilenet_v2,onnxrt_cuda,1,session_initialization,onnxruntime,onnx_node,2518.13,0.0,2518.13,2518.13,1,71.814902,71.814902,2,clean_v2_without_tensorrt,/Users/hobongs/Desktop/HoBong_study/26-1/탄중/temp/jetson_nano_edgeai/my_results/clean_v2(without_tensorRT)/layer_runtime/ssd_mobilenet_v2_onnxrt_cuda.csv
ssd_mobilenet_v2,onnxrt_cuda,233,Cast:StatefulPartitionedCall/Cast_fence_before,onnxruntime,onnx_node,0.001383,0.000486,0.001,0.002,60,3.9e-05,99.992273,3,clean_v2_without_tensorrt,/Users/hobongs/Desktop/HoBong_study/26-1/탄중/temp/jetson_nano_edgeai/my_results/clean_v2(without_tensorRT)/layer_runtime/ssd_mobilenet_v2_onnxrt_cuda.csv
ssd_mobilenet_v2,onnxrt_cuda,83,Cast:StatefulPartitionedCall/Cast_kernel_time,onnxruntime,onnx_node,0.123683,0.022201,0.1,0.217,60,0.003527,99.797794,4,clean_v2_without_tensorrt,/Users/hobongs/Desktop/HoBong_study/26-1/탄중/temp/jetson_nano_edgeai/my_results/clean_v2(without_tensorRT)/layer_runtime/ssd_mobilenet_v2_onnxrt_cuda.csv
ssd_mobilenet_v2,onnxrt_cuda,256,Cast:StatefulPartitionedCall/Cast_fence_after,onnxruntime,onnx_node,0.001,0.0,0.001,0.001,3,2.9e-05,99.992984,5,clean_v2_without_tensorrt,/Users/hobongs/Desktop/HoBong_study/26-1/탄중/temp/jetson_nano_edgeai/my_results/clean_v2(without_tensorRT)/layer_runtime/ssd_mobilenet_v2_onnxrt_cuda.csv
ssd_mobilenet_v2,onnxrt_cuda,257,Mul:StatefulPartitionedCall/Preprocessor/mul_fence_before,onnxruntime,onnx_node,0.001,0.0,0.001,0.001,60,2.9e-05,99.993013,6,clean_v2_without_tensorrt,/Users/hobongs/Desktop/HoBong_study/26-1/탄중/temp/jetson_nano_edgeai/my_results/clean_v2(without_tensorRT)/layer_runtime/ssd_mobilenet_v2_onnxrt_cuda.csv
ssd_mobilenet_v2,onnxrt_cuda,86,Mul:StatefulPartitionedCall/Preprocessor/mul_kernel_time,onnxruntime,onnx_node,0.090483,0.019159,0.073,0.157,60,0.00258,99.805749,7,clean_v2_without_tensorrt,/Users/hobongs/Desktop/HoBong_study/26-1/탄중/temp/jetson_nano_edgeai/my_results/clean_v2(without_tensorRT)/layer_runtime/ssd_mobilenet_v2_onnxrt_cuda.csv
ssd_mobilenet_v2,onnxrt_cuda,93,Sub:StatefulPartitionedCall/Preprocessor/sub_kernel_time,onnxruntime,onnx_node,0.0747,0.012516,0.061,0.097,60,0.00213,99.821653,8,clean_v2_without_tensorrt,/Users/hobongs/Desktop/HoBong_study/26-1/탄중/temp/jetson_nano_edgeai/my_results/clean_v2(without_tensorRT)/layer_runtime/ssd_mobilenet_v2_onnxrt_cuda.csv
ssd_mobilenet_v2,onnxrt_cuda,222,Split:StatefulPartitionedCall/Preprocessor/unstack_fence_before,onnxruntime,onnx_node,0.002559,0.008955,0.001,0.054,34,7.3e-05,99.991657,9,clean_v2_without_tensorrt,/Users/hobongs/Desktop/HoBong_study/26-1/탄중/temp/jetson_nano_edgeai/my_results/clean_v2(without_tensorRT)/layer_runtime/ssd_mobilenet_v2_onnxrt_cuda.csv
ssd_mobilenet_v2,onnxrt_cuda,78,Split:StatefulPartitionedCall/Preprocessor/unstack_kernel_time,onnxruntime,onnx_node,0.326917,0.133777,0.255,1.252,60,0.009323,99.768198,10,clean_v2_without_tensorrt,/Users/hobongs/Desktop/HoBong_study/26-1/탄중/temp/jetson_nano_edgeai/my_results/clean_v2(without_tensorRT)/layer_runtime/ssd_mobilenet_v2_onnxrt_cuda.csv
ssd_mobilenet_v2,onnxrt_cuda,258,Transpose:Transpose__24_fence_before,onnxruntime,onnx_node,0.001,0.0,0.001,0.001,3,2.9e-05,99.993041,11,clean_v2_without_tensorrt,/Users/hobongs/Desktop/HoBong_study/26-1/탄중/temp/jetson_nano_edgeai/my_results/clean_v2(without_tensorRT)/layer_runtime/ssd_mobilenet_v2_onnxrt_cuda.csv
ssd_mobilenet_v2,onnxrt_cuda,88,Transpose:Transpose__24_kernel_time,onnxruntime,onnx_node,0.084383,0.016746,0.069,0.155,60,0.002407,99.810684,12,clean_v2_without_tensorrt,/Users/hobongs/Desktop/HoBong_study/26-1/탄중/temp/jetson_nano_edgeai/my_results/clean_v2(without_tensorRT)/layer_runtime/ssd_mobilenet_v2_onnxrt_cuda.csv
ssd_mobilenet_v2,onnxrt_cuda,259,Shape:Shape__30_fence_before,onnxruntime,onnx_node,0.001,0.0,0.001,0.001,3,2.9e-05,99.99307,13,clean_v2_without_tensorrt,/Users/hobongs/Desktop/HoBong_study/26-1/탄중/temp/jetson_nano_edgeai/my_results/clean_v2(without_tensorRT)/layer_runtime/ssd_mobilenet_v2_onnxrt_cuda.csv
ssd_mobilenet_v2,onnxrt_cuda,184,Shape:Shape__30_kernel_time,onnxruntime,onnx_node,0.02415,0.012141,0.021,0.091,60,0.000689,99.974154,14,clean_v2_without_tensorrt,/Users/hobongs/Desktop/HoBong_study/26-1/탄중/temp/jetson_nano_edgeai/my_results/clean_v2(without_tensorRT)/layer_runtime/ssd_mobilenet_v2_onnxrt_cuda.csv
ssd_mobilenet_v2,onnxrt_cuda,171,Slice:Slice__33_kernel_time,onnxruntime,onnx_node,0.0363,0.001256,0.034,0.04,60,0.001035,99.964285,15,clean_v2_without_tensorrt,/Users/hobongs/Desktop/HoBong_study/26-1/탄중/temp/jetson_nano_edgeai/my_results/clean_v2(without_tensorRT)/layer_runtime/ssd_mobilenet_v2_onnxrt_cuda.csv
ssd_mobilenet_v2,onnxrt_cuda,172,Concat:Concat__35_kernel_time,onnxruntime,onnx_node,0.031617,0.012373,0.027,0.103,60,0.000902,99.965187,16,clean_v2_without_tensorrt,/Users/hobongs/Desktop/HoBong_study/26-1/탄중/temp/jetson_nano_edgeai/my_results/clean_v2(without_tensorRT)/layer_runtime/ssd_mobilenet_v2_onnxrt_cuda.csv
ssd_mobilenet_v2,onnxrt_cuda,82,Resize:Resize__36_kernel_time,onnxruntime,onnx_node,0.144617,0.024868,0.12,0.231,60,0.004124,99.794267,17,clean_v2_without_tensorrt,/Users/hobongs/Desktop/HoBong_study/26-1/탄중/temp/jetson_nano_edgeai/my_results/clean_v2(without_tensorRT)/layer_runtime/ssd_mobilenet_v2_onnxrt_cuda.csv
ssd_mobilenet_v2,onnxrt_cuda,260,Squeeze:StatefulPartitionedCall/Preprocessor/ResizeImage/resize/Squeeze_fence_before,onnxruntime,onnx_node,0.001,0.0,0.001,0.001,59,2.9e-05,99.993098,18,clean_v2_without_tensorrt,/Users/hobongs/Desktop/HoBong_study/26-1/탄중/temp/jetson_nano_edgeai/my_results/clean_v2(without_tensorRT)/layer_runtime/ssd_mobilenet_v2_onnxrt_cuda.csv
ssd_mobilenet_v2,onnxrt_cuda,185,Squeeze:StatefulPartitionedCall/Preprocessor/ResizeImage/resize/Squeeze_kernel_time,onnxruntime,onnx_node,0.02415,0.001152,0.023,0.03,60,0.000689,99.974843,19,clean_v2_without_tensorrt,/Users/hobongs/Desktop/HoBong_study/26-1/탄중/temp/jetson_nano_edgeai/my_results/clean_v2(without_tensorRT)/layer_runtime/ssd_mobilenet_v2_onnxrt_cuda.csv
ssd_mobilenet_v2,onnxrt_cuda,183,Unsqueeze:StatefulPartitionedCall/Preprocessor/stack_kernel_time,onnxruntime,onnx_node,0.0245,0.018027,0.02,0.144,60,0.000699,99.973465,20,clean_v2_without_tensorrt,/Users/hobongs/Desktop/HoBong_study/26-1/탄중/temp/jetson_nano_edgeai/my_results/clean_v2(without_tensorRT)/layer_runtime/ssd_mobilenet_v2_onnxrt_cuda.csv
ssd_mobilenet_v2,onnxrt_cuda,261,Reshape:StatefulPartitionedCall/ssd_mobile_net_v2keras_feature_extractor/functional_1/Conv1/Conv2D__39_fence_before,onnxruntime,onnx_node,0.001,0.0,0.001,0.001,49,2.9e-05,99.993127,21,clean_v2_without_tensorrt,/Users/hobongs/Desktop/HoBong_study/26-1/탄중/temp/jetson_nano_edgeai/my_results/clean_v2(without_tensorRT)/layer_runtime/ssd_mobilenet_v2_onnxrt_cuda.csv
ssd_mobilenet_v2,onnxrt_cuda,186,Reshape:StatefulPartitionedCall/ssd_mobile_net_v2keras_feature_extractor/functional_1/Conv1/Conv2D__39_kernel_time,onnxruntime,onnx_node,0.023883,0.007657,0.021,0.082,60,0.000681,99.975524,22,clean_v2_without_tensorrt,/Users/hobongs/Desktop/HoBong_study/26-1/탄중/temp/jetson_nano_edgeai/my_results/clean_v2(without_tensorRT)/layer_runtime/ssd_mobilenet_v2_onnxrt_cuda.csv
ssd_mobilenet_v2,onnxrt_cuda,262,Conv:StatefulPartitionedCall/ssd_mobile_net_v2keras_feature_extractor/functional_1/Conv1/Conv2D_fence_before,onnxruntime,onnx_node,0.001,0.0,0.001,0.001,55,2.9e-05,99.993155,23,clean_v2_without_tensorrt,/Users/hobongs/Desktop/HoBong_study/26-1/탄중/temp/jetson_nano_edgeai/my_results/clean_v2(without_tensorRT)/layer_runtime/ssd_mobilenet_v2_onnxrt_cuda.csv
ssd_mobilenet_v2,onnxrt_cuda,5,Conv:StatefulPartitionedCall/ssd_mobile_net_v2keras_feature_extractor/functional_1/Conv1/Conv2D_kernel_time,onnxruntime,onnx_node,28.707683,211.321866,0.476,1651.414,60,0.818718,94.420028,24,clean_v2_without_tensorrt,/Users/hobongs/Desktop/HoBong_study/26-1/탄중/temp/jetson_nano_edgeai/my_results/clean_v2(without_tensorRT)/layer_runtime/ssd_mobilenet_v2_onnxrt_cuda.csv
ssd_mobilenet_v2,onnxrt_cuda,263,Conv:StatefulPartitionedCall/ssd_mobile_net_v2keras_feature_extractor/functional_1/Conv1/Conv2D_fence_after,onnxruntime,onnx_node,0.001,0.0,0.001,0.001,15,2.9e-05,99.993184,25,clean_v2_without_tensorrt,/Users/hobongs/Desktop/HoBong_study/26-1/탄중/temp/jetson_nano_edgeai/my_results/clean_v2(without_tensorRT)/layer_runtime/ssd_mobilenet_v2_onnxrt_cuda.csv
ssd_mobilenet_v2,onnxrt_cuda,264,Clip:StatefulPartitionedCall/ssd_mobile_net_v2keras_feature_extractor/functional_1/Conv1_relu/Relu6_fence_before,onnxruntime,onnx_node,0.001,0.0,0.001,0.001,46,2.9e-05,99.993212,26,clean_v2_without_tensorrt,/Users/hobongs/Desktop/HoBong_study/26-1/탄중/temp/jetson_nano_edgeai/my_results/clean_v2(without_tensorRT)/layer_runtime/ssd_mobilenet_v2_onnxrt_cuda.csv
ssd_mobilenet_v2,onnxrt_cuda,91,Clip:StatefulPartitionedCall/ssd_mobile_net_v2keras_feature_extractor/functional_1/Conv1_relu/Relu6_kernel_time,onnxruntime,onnx_node,0.0764,0.013135,0.068,0.17,60,0.002179,99.817354,27,clean_v2_without_tensorrt,/Users/hobongs/Desktop/HoBong_study/26-1/탄중/temp/jetson_nano_edgeai/my_results/clean_v2(without_tensorRT)/layer_runtime/ssd_mobilenet_v2_onnxrt_cuda.csv
ssd_mobilenet_v2,onnxrt_cuda,265,Conv:StatefulPartitionedCall/ssd_mobile_net_v2keras_feature_extractor/functional_1/expanded_conv_depthwise/depthwise_fence_before,onnxruntime,onnx_node,0.001,0.0,0.001,0.001,49,2.9e-05,99.993241,28,clean_v2_without_tensorrt,/Users/hobongs/Desktop/HoBong_study/26-1/탄중/temp/jetson_nano_edgeai/my_results/clean_v2(without_tensorRT)/layer_runtime/ssd_mobilenet_v2_onnxrt_cuda.csv
ssd_mobilenet_v2,onnxrt_cuda,11,Conv:StatefulPartitionedCall/ssd_mobile_net_v2keras_feature_extractor/functional_1/expanded_conv_depthwise/depthwise_kernel_time,onnxruntime,onnx_node,10.13015,76.48818,0.161,597.647,60,0.288903,96.67313,29,clean_v2_without_tensorrt,/Users/hobongs/Desktop/HoBong_study/26-1/탄중/temp/jetson_nano_edgeai/my_results/clean_v2(without_tensorRT)/layer_runtime/ssd_mobilenet_v2_onnxrt_cuda.csv
ssd_mobilenet_v2,onnxrt_cuda,266,Conv:StatefulPartitionedCall/ssd_mobile_net_v2keras_feature_extractor/functional_1/expanded_conv_depthwise/depthwise_fence_after,onnxruntime,onnx_node,0.001,0.0,0.001,0.001,2,2.9e-05,99.993269,30,clean_v2_without_tensorrt,/Users/hobongs/Desktop/HoBong_study/26-1/탄중/temp/jetson_nano_edgeai/my_results/clean_v2(without_tensorRT)/layer_runtime/ssd_mobilenet_v2_onnxrt_cuda.csv
ssd_mobilenet_v2,onnxrt_cuda,267,Clip:StatefulPartitionedCall/ssd_mobile_net_v2keras_feature_extractor/functional_1/expanded_conv_depthwise_relu/Relu6_fence_before,onnxruntime,onnx_node,0.001,0.0,0.001,0.001,14,2.9e-05,99.993298,31,clean_v2_without_tensorrt,/Users/hobongs/Desktop/HoBong_study/26-1/탄중/temp/jetson_nano_edgeai/my_results/clean_v2(without_tensorRT)/layer_runtime/ssd_mobilenet_v2_onnxrt_cuda.csv
ssd_mobilenet_v2,onnxrt_cuda,101,Clip:StatefulPartitionedCall/ssd_mobile_net_v2keras_feature_extractor/functional_1/expanded_conv_depthwise_relu/Relu6_kernel_time,onnxruntime,onnx_node,0.069283,0.023598,0.058,0.187,60,0.001976,99.838008,32,clean_v2_without_tensorrt,/Users/hobongs/Desktop/HoBong_study/26-1/탄중/temp/jetson_nano_edgeai/my_results/clean_v2(without_tensorRT)/layer_runtime/ssd_mobilenet_v2_onnxrt_cuda.csv
ssd_mobilenet_v2,onnxrt_cuda,268,Conv:StatefulPartitionedCall/ssd_mobile_net_v2keras_feature_extractor/functional_1/expanded_conv_project/Conv2D_fence_before,onnxruntime,onnx_node,0.001,0.0,0.001,0.001,48,2.9e-05,99.993327,33,clean_v2_without_tensorrt,/Users/hobongs/Desktop/HoBong_study/26-1/탄중/temp/jetson_nano_edgeai/my_results/clean_v2(without_tensorRT)/layer_runtime/ssd_mobilenet_v2_onnxrt_cuda.csv
ssd_mobilenet_v2,onnxrt_cuda,25,Conv:StatefulPartitionedCall/ssd_mobile_net_v2keras_feature_extractor/functional_1/expanded_conv_project/Conv2D_kernel_time,onnxruntime,onnx_node,0.81815,3.814727,0.281,30.118,60,0.023333,98.816616,34,clean_v2_without_tensorrt,/Users/hobongs/Desktop/HoBong_study/26-1/탄중/temp/jetson_nano_edgeai/my_results/clean_v2(without_tensorRT)/layer_runtime/ssd_mobilenet_v2_onnxrt_cuda.csv
ssd_mobilenet_v2,onnxrt_cuda,269,Conv:StatefulPartitionedCall/ssd_mobile_net_v2keras_feature_extractor/functional_1/expanded_conv_project/Conv2D_fence_after,onnxruntime,onnx_node,0.001,0.0,0.001,0.001,6,2.9e-05,99.993355,35,clean_v2_without_tensorrt,/Users/hobongs/Desktop/HoBong_study/26-1/탄중/temp/jetson_nano_edgeai/my_results/clean_v2(without_tensorRT)/layer_runtime/ssd_mobilenet_v2_onnxrt_cuda.csv
ssd_mobilenet_v2,onnxrt_cuda,249,Conv:StatefulPartitionedCall/ssd_mobile_net_v2keras_feature_extractor/functional_1/block_1_expand/Conv2D_fence_before,onnxruntime,onnx_node,0.001029,0.000167,0.001,0.002,35,2.9e-05,99.992781,36,clean_v2_without_tensorrt,/Users/hobongs/Desktop/HoBong_study/26-1/탄중/temp/jetson_nano_edgeai/my_results/clean_v2(without_tensorRT)/layer_runtime/ssd_mobilenet_v2_onnxrt_cuda.csv
ssd_mobilenet_v2,onnxrt_cuda,23,Conv:StatefulPartitionedCall/ssd_mobile_net_v2keras_feature_extractor/functional_1/block_1_expand/Conv2D_kernel_time,onnxruntime,onnx_node,0.995367,5.129641,0.296,40.396,60,0.028387,98.768824,37,clean_v2_without_tensorrt,/Users/hobongs/Desktop/HoBong_study/26-1/탄중/temp/jetson_nano_edgeai/my_results/clean_v2(without_tensorRT)/layer_runtime/ssd_mobilenet_v2_onnxrt_cuda.csv
ssd_mobilenet_v2,onnxrt_cuda,270,Conv:StatefulPartitionedCall/ssd_mobile_net_v2keras_feature_extractor/functional_1/block_1_expand/Conv2D_fence_after,onnxruntime,onnx_node,0.001,0.0,0.001,0.001,7,2.9e-05,99.993384,38,clean_v2_without_tensorrt,/Users/hobongs/Desktop/HoBong_study/26-1/탄중/temp/jetson_nano_edgeai/my_results/clean_v2(without_tensorRT)/layer_runtime/ssd_mobilenet_v2_onnxrt_cuda.csv
ssd_mobilenet_v2,onnxrt_cuda,240,Clip:StatefulPartitionedCall/ssd_mobile_net_v2keras_feature_extractor/functional_1/block_1_expand_relu/Relu6_fence_before,onnxruntime,onnx_node,0.001133,0.000499,0.001,0.003,15,3.2e-05,99.992507,39,clean_v2_without_tensorrt,/Users/hobongs/Desktop/HoBong_study/26-1/탄중/temp/jetson_nano_edgeai/my_results/clean_v2(without_tensorRT)/layer_runtime/ssd_mobilenet_v2_onnxrt_cuda.csv
ssd_mobilenet_v2,onnxrt_cuda,96,Clip:StatefulPartitionedCall/ssd_mobile_net_v2keras_feature_extractor/functional_1/block_1_expand_relu/Relu6_kernel_time,onnxruntime,onnx_node,0.07235,0.013627,0.064,0.161,60,0.002063,99.827883,40,clean_v2_without_tensorrt,/Users/hobongs/Desktop/HoBong_study/26-1/탄중/temp/jetson_nano_edgeai/my_results/clean_v2(without_tensorRT)/layer_runtime/ssd_mobilenet_v2_onnxrt_cuda.csv
ssd_mobilenet_v2,onnxrt_cuda,271,Clip:StatefulPartitionedCall/ssd_mobile_net_v2keras_feature_extractor/functional_1/block_1_expand_relu/Relu6_fence_after,onnxruntime,onnx_node,0.001,0.0,0.001,0.001,1,2.9e-05,99.993412,41,clean_v2_without_tensorrt,/Users/hobongs/Desktop/HoBong_study/26-1/탄중/temp/jetson_nano_edgeai/my_results/clean_v2(without_tensorRT)/layer_runtime/ssd_mobilenet_v2_onnxrt_cuda.csv
ssd_mobilenet_v2,onnxrt_cuda,272,Conv:StatefulPartitionedCall/ssd_mobile_net_v2keras_feature_extractor/functional_1/block_1_depthwise/depthwise_fence_before,onnxruntime,onnx_node,0.001,0.0,0.001,0.001,38,2.9e-05,99.993441,42,clean_v2_without_tensorrt,/Users/hobongs/Desktop/HoBong_study/26-1/탄중/temp/jetson_nano_edgeai/my_results/clean_v2(without_tensorRT)/layer_runtime/ssd_mobilenet_v2_onnxrt_cuda.csv
ssd_mobilenet_v2,onnxrt_cuda,7,Conv:StatefulPartitionedCall/ssd_mobile_net_v2keras_feature_extractor/functional_1/block_1_depthwise/depthwise_kernel_time,onnxruntime,onnx_node,17.264417,130.886542,0.196,1022.623,60,0.492366,95.462834,43,clean_v2_without_tensorrt,/Users/hobongs/Desktop/HoBong_study/26-1/탄중/temp/jetson_nano_edgeai/my_results/clean_v2(without_tensorRT)/layer_runtime/ssd_mobilenet_v2_onnxrt_cuda.csv
ssd_mobilenet_v2,onnxrt_cuda,273,Conv:StatefulPartitionedCall/ssd_mobile_net_v2keras_feature_extractor/functional_1/block_1_depthwise/depthwise_fence_after,onnxruntime,onnx_node,0.001,0.0,0.001,0.001,1,2.9e-05,99.993469,44,clean_v2_without_tensorrt,/Users/hobongs/Desktop/HoBong_study/26-1/탄중/temp/jetson_nano_edgeai/my_results/clean_v2(without_tensorRT)/layer_runtime/ssd_mobilenet_v2_onnxrt_cuda.csv
ssd_mobilenet_v2,onnxrt_cuda,274,Clip:StatefulPartitionedCall/ssd_mobile_net_v2keras_feature_extractor/functional_1/block_1_depthwise_relu/Relu6_fence_before,onnxruntime,onnx_node,0.001,0.0,0.001,0.001,5,2.9e-05,99.993498,45,clean_v2_without_tensorrt,/Users/hobongs/Desktop/HoBong_study/26-1/탄중/temp/jetson_nano_edgeai/my_results/clean_v2(without_tensorRT)/layer_runtime/ssd_mobilenet_v2_onnxrt_cuda.csv
ssd_mobilenet_v2,onnxrt_cuda,129,Clip:StatefulPartitionedCall/ssd_mobile_net_v2keras_feature_extractor/functional_1/block_1_depthwise_relu/Relu6_kernel_time,onnxruntime,onnx_node,0.06465,0.009046,0.057,0.11,60,0.001844,99.891253,46,clean_v2_without_tensorrt,/Users/hobongs/Desktop/HoBong_study/26-1/탄중/temp/jetson_nano_edgeai/my_results/clean_v2(without_tensorRT)/layer_runtime/ssd_mobilenet_v2_onnxrt_cuda.csv
ssd_mobilenet_v2,onnxrt_cuda,275,Conv:StatefulPartitionedCall/ssd_mobile_net_v2keras_feature_extractor/functional_1/block_1_project/Conv2D_fence_before,onnxruntime,onnx_node,0.001,0.0,0.001,0.001,11,2.9e-05,99.993526,47,clean_v2_without_tensorrt,/Users/hobongs/Desktop/HoBong_study/26-1/탄중/temp/jetson_nano_edgeai/my_results/clean_v2(without_tensorRT)/layer_runtime/ssd_mobilenet_v2_onnxrt_cuda.csv
ssd_mobilenet_v2,onnxrt_cuda,44,Conv:StatefulPartitionedCall/ssd_mobile_net_v2keras_feature_extractor/functional_1/block_1_project/Conv2D_kernel_time,onnxruntime,onnx_node,0.664283,3.477885,0.189,27.378,60,0.018945,99.210397,48,clean_v2_without_tensorrt,/Users/hobongs/Desktop/HoBong_study/26-1/탄중/temp/jetson_nano_edgeai/my_results/clean_v2(without_tensorRT)/layer_runtime/ssd_mobilenet_v2_onnxrt_cuda.csv
ssd_mobilenet_v2,onnxrt_cuda,276,Conv:StatefulPartitionedCall/ssd_mobile_net_v2keras_feature_extractor/functional_1/block_1_project/Conv2D_fence_after,onnxruntime,onnx_node,0.001,0.0,0.001,0.001,6,2.9e-05,99.993555,49,clean_v2_without_tensorrt,/Users/hobongs/Desktop/HoBong_study/26-1/탄중/temp/jetson_nano_edgeai/my_results/clean_v2(without_tensorRT)/layer_runtime/ssd_mobilenet_v2_onnxrt_cuda.csv
ssd_mobilenet_v2,onnxrt_cuda,277,Conv:StatefulPartitionedCall/ssd_mobile_net_v2keras_feature_extractor/functional_1/block_2_expand/Conv2D_fence_before,onnxruntime,onnx_node,0.001,0.0,0.001,0.001,9,2.9e-05,99.993583,50,clean_v2_without_tensorrt,/Users/hobongs/Desktop/HoBong_study/26-1/탄중/temp/jetson_nano_edgeai/my_results/clean_v2(without_tensorRT)/layer_runtime/ssd_mobilenet_v2_onnxrt_cuda.csv
ssd_mobilenet_v2,onnxrt_cuda,32,Conv:StatefulPartitionedCall/ssd_mobile_net_v2keras_feature_extractor/functional_1/block_2_expand/Conv2D_kernel_time,onnxruntime,onnx_node,0.754567,3.767887,0.248,29.696,60,0.02152,98.971956,51,clean_v2_without_tensorrt,/Users/hobongs/Desktop/HoBong_study/26-1/탄중/temp/jetson_nano_edgeai/my_results/clean_v2(without_tensorRT)/layer_runtime/ssd_mobilenet_v2_onnxrt_cuda.csv
ssd_mobilenet_v2,onnxrt_cuda,278,Conv:StatefulPartitionedCall/ssd_mobile_net_v2keras_feature_extractor/functional_1/block_2_expand/Conv2D_fence_after,onnxruntime,onnx_node,0.001,0.0,0.001,0.001,1,2.9e-05,99.993612,52,clean_v2_without_tensorrt,/Users/hobongs/Desktop/HoBong_study/26-1/탄중/temp/jetson_nano_edgeai/my_results/clean_v2(without_tensorRT)/layer_runtime/ssd_mobilenet_v2_onnxrt_cuda.csv
ssd_mobilenet_v2,onnxrt_cuda,279,Clip:StatefulPartitionedCall/ssd_mobile_net_v2keras_feature_extractor/functional_1/block_2_expand_relu/Relu6_fence_before,onnxruntime,onnx_node,0.001,0.0,0.001,0.001,2,2.9e-05,99.99364,53,clean_v2_without_tensorrt,/Users/hobongs/Desktop/HoBong_study/26-1/탄중/temp/jetson_nano_edgeai/my_results/clean_v2(without_tensorRT)/layer_runtime/ssd_mobilenet_v2_onnxrt_cuda.csv
ssd_mobilenet_v2,onnxrt_cuda,121,Clip:StatefulPartitionedCall/ssd_mobile_net_v2keras_feature_extractor/functional_1/block_2_expand_relu/Relu6_kernel_time,onnxruntime,onnx_node,0.065933,0.013164,0.06,0.165,60,0.00188,99.876384,54,clean_v2_without_tensorrt,/Users/hobongs/Desktop/HoBong_study/26-1/탄중/temp/jetson_nano_edgeai/my_results/clean_v2(without_tensorRT)/layer_runtime/ssd_mobilenet_v2_onnxrt_cuda.csv
ssd_mobilenet_v2,onnxrt_cuda,280,Clip:StatefulPartitionedCall/ssd_mobile_net_v2keras_feature_extractor/functional_1/block_2_expand_relu/Relu6_fence_after,onnxruntime,onnx_node,0.001,0.0,0.001,0.001,1,2.9e-05,99.993669,55,clean_v2_without_tensorrt,/Users/hobongs/Desktop/HoBong_study/26-1/탄중/temp/jetson_nano_edgeai/my_results/clean_v2(without_tensorRT)/layer_runtime/ssd_mobilenet_v2_onnxrt_cuda.csv
ssd_mobilenet_v2,onnxrt_cuda,281,Conv:StatefulPartitionedCall/ssd_mobile_net_v2keras_feature_extractor/functional_1/block_2_depthwise/depthwise_fence_before,onnxruntime,onnx_node,0.001,0.0,0.001,0.001,5,2.9e-05,99.993697,56,clean_v2_without_tensorrt,/Users/hobongs/Desktop/HoBong_study/26-1/탄중/temp/jetson_nano_edgeai/my_results/clean_v2(without_tensorRT)/layer_runtime/ssd_mobilenet_v2_onnxrt_cuda.csv
ssd_mobilenet_v2,onnxrt_cuda,6,Conv:StatefulPartitionedCall/ssd_mobile_net_v2keras_feature_extractor/functional_1/block_2_depthwise/depthwise_kernel_time,onnxruntime,onnx_node,19.3007,147.167929,0.13,1149.719,60,0.550439,94.970467,57,clean_v2_without_tensorrt,/Users/hobongs/Desktop/HoBong_study/26-1/탄중/temp/jetson_nano_edgeai/my_results/clean_v2(without_tensorRT)/layer_runtime/ssd_mobilenet_v2_onnxrt_cuda.csv
ssd_mobilenet_v2,onnxrt_cuda,282,Conv:StatefulPartitionedCall/ssd_mobile_net_v2keras_feature_extractor/functional_1/block_2_depthwise/depthwise_fence_after,onnxruntime,onnx_node,0.001,0.0,0.001,0.001,1,2.9e-05,99.993726,58,clean_v2_without_tensorrt,/Users/hobongs/Desktop/HoBong_study/26-1/탄중/temp/jetson_nano_edgeai/my_results/clean_v2(without_tensorRT)/layer_runtime/ssd_mobilenet_v2_onnxrt_cuda.csv
ssd_mobilenet_v2,onnxrt_cuda,283,Clip:StatefulPartitionedCall/ssd_mobile_net_v2keras_feature_extractor/functional_1/block_2_depthwise_relu/Relu6_fence_before,onnxruntime,onnx_node,0.001,0.0,0.001,0.001,5,2.9e-05,99.993754,59,clean_v2_without_tensorrt,/Users/hobongs/Desktop/HoBong_study/26-1/탄중/temp/jetson_nano_edgeai/my_results/clean_v2(without_tensorRT)/layer_runtime/ssd_mobilenet_v2_onnxrt_cuda.csv
ssd_mobilenet_v2,onnxrt_cuda,148,Clip:StatefulPartitionedCall/ssd_mobile_net_v2keras_feature_extractor/functional_1/block_2_depthwise_relu/Relu6_kernel_time,onnxruntime,onnx_node,0.06265,0.010273,0.058,0.127,60,0.001787,99.925737,60,clean_v2_without_tensorrt,/Users/hobongs/Desktop/HoBong_study/26-1/탄중/temp/jetson_nano_edgeai/my_results/clean_v2(without_tensorRT)/layer_runtime/ssd_mobilenet_v2_onnxrt_cuda.csv
ssd_mobilenet_v2,onnxrt_cuda,284,Conv:StatefulPartitionedCall/ssd_mobile_net_v2keras_feature_extractor/functional_1/block_2_project/Conv2D_fence_before,onnxruntime,onnx_node,0.001,0.0,0.001,0.001,6,2.9e-05,99.993783,61,clean_v2_without_tensorrt,/Users/hobongs/Desktop/HoBong_study/26-1/탄중/temp/jetson_nano_edgeai/my_results/clean_v2(without_tensorRT)/layer_runtime/ssd_mobilenet_v2_onnxrt_cuda.csv
ssd_mobilenet_v2,onnxrt_cuda,39,Conv:StatefulPartitionedCall/ssd_mobile_net_v2keras_feature_extractor/functional_1/block_2_project/Conv2D_kernel_time,onnxruntime,onnx_node,0.696517,3.739439,0.193,29.419,60,0.019864,99.114547,62,clean_v2_without_tensorrt,/Users/hobongs/Desktop/HoBong_study/26-1/탄중/temp/jetson_nano_edgeai/my_results/clean_v2(without_tensorRT)/layer_runtime/ssd_mobilenet_v2_onnxrt_cuda.csv
ssd_mobilenet_v2,onnxrt_cuda,285,Conv:StatefulPartitionedCall/ssd_mobile_net_v2keras_feature_extractor/functional_1/block_2_project/Conv2D_fence_after,onnxruntime,onnx_node,0.001,0.0,0.001,0.001,2,2.9e-05,99.993811,63,clean_v2_without_tensorrt,/Users/hobongs/Desktop/HoBong_study/26-1/탄중/temp/jetson_nano_edgeai/my_results/clean_v2(without_tensorRT)/layer_runtime/ssd_mobilenet_v2_onnxrt_cuda.csv
ssd_mobilenet_v2,onnxrt_cuda,252,Add:StatefulPartitionedCall/ssd_mobile_net_v2keras_feature_extractor/functional_1/block_2_add/add_fence_before,onnxruntime,onnx_node,0.001019,0.000135,0.001,0.002,54,2.9e-05,99.992869,64,clean_v2_without_tensorrt,/Users/hobongs/Desktop/HoBong_study/26-1/탄중/temp/jetson_nano_edgeai/my_results/clean_v2(without_tensorRT)/layer_runtime/ssd_mobilenet_v2_onnxrt_cuda.csv
ssd_mobilenet_v2,onnxrt_cuda,97,Add:StatefulPartitionedCall/ssd_mobile_net_v2keras_feature_extractor/functional_1/block_2_add/add_kernel_time,onnxruntime,onnx_node,0.0722,0.009828,0.065,0.133,60,0.002059,99.829942,65,clean_v2_without_tensorrt,/Users/hobongs/Desktop/HoBong_study/26-1/탄중/temp/jetson_nano_edgeai/my_results/clean_v2(without_tensorRT)/layer_runtime/ssd_mobilenet_v2_onnxrt_cuda.csv
ssd_mobilenet_v2,onnxrt_cuda,207,Conv:StatefulPartitionedCall/ssd_mobile_net_v2keras_feature_extractor/functional_1/block_3_expand/Conv2D_fence_before,onnxruntime,onnx_node,0.0175,0.0165,0.001,0.034,2,0.000499,99.98875,66,clean_v2_without_tensorrt,/Users/hobongs/Desktop/HoBong_study/26-1/탄중/temp/jetson_nano_edgeai/my_results/clean_v2(without_tensorRT)/layer_runtime/ssd_mobilenet_v2_onnxrt_cuda.csv
ssd_mobilenet_v2,onnxrt_cuda,29,Conv:StatefulPartitionedCall/ssd_mobile_net_v2keras_feature_extractor/functional_1/block_3_expand/Conv2D_kernel_time,onnxruntime,onnx_node,0.77005,3.844332,0.233,30.298,60,0.021961,98.906725,67,clean_v2_without_tensorrt,/Users/hobongs/Desktop/HoBong_study/26-1/탄중/temp/jetson_nano_edgeai/my_results/clean_v2(without_tensorRT)/layer_runtime/ssd_mobilenet_v2_onnxrt_cuda.csv
ssd_mobilenet_v2,onnxrt_cuda,286,Conv:StatefulPartitionedCall/ssd_mobile_net_v2keras_feature_extractor/functional_1/block_3_expand/Conv2D_fence_after,onnxruntime,onnx_node,0.001,0.0,0.001,0.001,2,2.9e-05,99.99384,68,clean_v2_without_tensorrt,/Users/hobongs/Desktop/HoBong_study/26-1/탄중/temp/jetson_nano_edgeai/my_results/clean_v2(without_tensorRT)/layer_runtime/ssd_mobilenet_v2_onnxrt_cuda.csv
ssd_mobilenet_v2,onnxrt_cuda,287,Clip:StatefulPartitionedCall/ssd_mobile_net_v2keras_feature_extractor/functional_1/block_3_expand_relu/Relu6_fence_before,onnxruntime,onnx_node,0.001,0.0,0.001,0.001,6,2.9e-05,99.993868,69,clean_v2_without_tensorrt,/Users/hobongs/Desktop/HoBong_study/26-1/탄중/temp/jetson_nano_edgeai/my_results/clean_v2(without_tensorRT)/layer_runtime/ssd_mobilenet_v2_onnxrt_cuda.csv
ssd_mobilenet_v2,onnxrt_cuda,107,Clip:StatefulPartitionedCall/ssd_mobile_net_v2keras_feature_extractor/functional_1/block_3_expand_relu/Relu6_kernel_time,onnxruntime,onnx_node,0.0677,0.012077,0.06,0.144,60,0.001931,99.849688,70,clean_v2_without_tensorrt,/Users/hobongs/Desktop/HoBong_study/26-1/탄중/temp/jetson_nano_edgeai/my_results/clean_v2(without_tensorRT)/layer_runtime/ssd_mobilenet_v2_onnxrt_cuda.csv
ssd_mobilenet_v2,onnxrt_cuda,288,Conv:StatefulPartitionedCall/ssd_mobile_net_v2keras_feature_extractor/functional_1/block_3_depthwise/depthwise_fence_before,onnxruntime,onnx_node,0.001,0.0,0.001,0.001,23,2.9e-05,99.993897,71,clean_v2_without_tensorrt,/Users/hobongs/Desktop/HoBong_study/26-1/탄중/temp/jetson_nano_edgeai/my_results/clean_v2(without_tensorRT)/layer_runtime/ssd_mobilenet_v2_onnxrt_cuda.csv
ssd_mobilenet_v2,onnxrt_cuda,16,Conv:StatefulPartitionedCall/ssd_mobile_net_v2keras_feature_extractor/functional_1/block_3_depthwise/depthwise_kernel_time,onnxruntime,onnx_node,6.8851,51.679781,0.135,403.845,60,0.196357,97.849784,72,clean_v2_without_tensorrt,/Users/hobongs/Desktop/HoBong_study/26-1/탄중/temp/jetson_nano_edgeai/my_results/clean_v2(without_tensorRT)/layer_runtime/ssd_mobilenet_v2_onnxrt_cuda.csv
ssd_mobilenet_v2,onnxrt_cuda,289,Conv:StatefulPartitionedCall/ssd_mobile_net_v2keras_feature_extractor/functional_1/block_3_depthwise/depthwise_fence_after,onnxruntime,onnx_node,0.001,0.0,0.001,0.001,3,2.9e-05,99.993925,73,clean_v2_without_tensorrt,/Users/hobongs/Desktop/HoBong_study/26-1/탄중/temp/jetson_nano_edgeai/my_results/clean_v2(without_tensorRT)/layer_runtime/ssd_mobilenet_v2_onnxrt_cuda.csv
ssd_mobilenet_v2,onnxrt_cuda,290,Clip:StatefulPartitionedCall/ssd_mobile_net_v2keras_feature_extractor/functional_1/block_3_depthwise_relu/Relu6_fence_before,onnxruntime,onnx_node,0.001,0.0,0.001,0.001,29,2.9e-05,99.993954,74,clean_v2_without_tensorrt,/Users/hobongs/Desktop/HoBong_study/26-1/탄중/temp/jetson_nano_edgeai/my_results/clean_v2(without_tensorRT)/layer_runtime/ssd_mobilenet_v2_onnxrt_cuda.csv
ssd_mobilenet_v2,onnxrt_cuda,112,Clip:StatefulPartitionedCall/ssd_mobile_net_v2keras_feature_extractor/functional_1/block_3_depthwise_relu/Relu6_kernel_time,onnxruntime,onnx_node,0.067183,0.012996,0.058,0.132,60,0.001916,99.859284,75,clean_v2_without_tensorrt,/Users/hobongs/Desktop/HoBong_study/26-1/탄중/temp/jetson_nano_edgeai/my_results/clean_v2(without_tensorRT)/layer_runtime/ssd_mobilenet_v2_onnxrt_cuda.csv
ssd_mobilenet_v2,onnxrt_cuda,291,Clip:StatefulPartitionedCall/ssd_mobile_net_v2keras_feature_extractor/functional_1/block_3_depthwise_relu/Relu6_fence_after,onnxruntime,onnx_node,0.001,0.0,0.001,0.001,2,2.9e-05,99.993982,76,clean_v2_without_tensorrt,/Users/hobongs/Desktop/HoBong_study/26-1/탄중/temp/jetson_nano_edgeai/my_results/clean_v2(without_tensorRT)/layer_runtime/ssd_mobilenet_v2_onnxrt_cuda.csv
ssd_mobilenet_v2,onnxrt_cuda,292,Conv:StatefulPartitionedCall/ssd_mobile_net_v2keras_feature_extractor/functional_1/block_3_project/Conv2D_fence_before,onnxruntime,onnx_node,0.001,0.0,0.001,0.001,19,2.9e-05,99.994011,77,clean_v2_without_tensorrt,/Users/hobongs/Desktop/HoBong_study/26-1/탄중/temp/jetson_nano_edgeai/my_results/clean_v2(without_tensorRT)/layer_runtime/ssd_mobilenet_v2_onnxrt_cuda.csv
ssd_mobilenet_v2,onnxrt_cuda,59,Conv:StatefulPartitionedCall/ssd_mobile_net_v2keras_feature_extractor/functional_1/block_3_project/Conv2D_kernel_time,onnxruntime,onnx_node,0.588083,3.147246,0.162,24.762,60,0.016772,99.47512,78,clean_v2_without_tensorrt,/Users/hobongs/Desktop/HoBong_study/26-1/탄중/temp/jetson_nano_edgeai/my_results/clean_v2(without_tensorRT)/layer_runtime/ssd_mobilenet_v2_onnxrt_cuda.csv
ssd_mobilenet_v2,onnxrt_cuda,293,Conv:StatefulPartitionedCall/ssd_mobile_net_v2keras_feature_extractor/functional_1/block_3_project/Conv2D_fence_after,onnxruntime,onnx_node,0.001,0.0,0.001,0.001,1,2.9e-05,99.994039,79,clean_v2_without_tensorrt,/Users/hobongs/Desktop/HoBong_study/26-1/탄중/temp/jetson_nano_edgeai/my_results/clean_v2(without_tensorRT)/layer_runtime/ssd_mobilenet_v2_onnxrt_cuda.csv
ssd_mobilenet_v2,onnxrt_cuda,230,Conv:StatefulPartitionedCall/ssd_mobile_net_v2keras_feature_extractor/functional_1/block_4_expand/Conv2D_fence_before,onnxruntime,onnx_node,0.001727,0.003333,0.001,0.017,22,4.9e-05,99.992144,80,clean_v2_without_tensorrt,/Users/hobongs/Desktop/HoBong_study/26-1/탄중/temp/jetson_nano_edgeai/my_results/clean_v2(without_tensorRT)/layer_runtime/ssd_mobilenet_v2_onnxrt_cuda.csv
ssd_mobilenet_v2,onnxrt_cuda,60,Conv:StatefulPartitionedCall/ssd_mobile_net_v2keras_feature_extractor/functional_1/block_4_expand/Conv2D_kernel_time,onnxruntime,onnx_node,0.586967,3.247763,0.147,25.533,60,0.01674,99.49186,81,clean_v2_without_tensorrt,/Users/hobongs/Desktop/HoBong_study/26-1/탄중/temp/jetson_nano_edgeai/my_results/clean_v2(without_tensorRT)/layer_runtime/ssd_mobilenet_v2_onnxrt_cuda.csv
ssd_mobilenet_v2,onnxrt_cuda,294,Conv:StatefulPartitionedCall/ssd_mobile_net_v2keras_feature_extractor/functional_1/block_4_expand/Conv2D_fence_after,onnxruntime,onnx_node,0.001,0.0,0.001,0.001,2,2.9e-05,99.994068,82,clean_v2_without_tensorrt,/Users/hobongs/Desktop/HoBong_study/26-1/탄중/temp/jetson_nano_edgeai/my_results/clean_v2(without_tensorRT)/layer_runtime/ssd_mobilenet_v2_onnxrt_cuda.csv
ssd_mobilenet_v2,onnxrt_cuda,295,Clip:StatefulPartitionedCall/ssd_mobile_net_v2keras_feature_extractor/functional_1/block_4_expand_relu/Relu6_fence_before,onnxruntime,onnx_node,0.001,0.0,0.001,0.001,12,2.9e-05,99.994097,83,clean_v2_without_tensorrt,/Users/hobongs/Desktop/HoBong_study/26-1/탄중/temp/jetson_nano_edgeai/my_results/clean_v2(without_tensorRT)/layer_runtime/ssd_mobilenet_v2_onnxrt_cuda.csv
ssd_mobilenet_v2,onnxrt_cuda,131,Clip:StatefulPartitionedCall/ssd_mobile_net_v2keras_feature_extractor/functional_1/block_4_expand_relu/Relu6_kernel_time,onnxruntime,onnx_node,0.06455,0.01042,0.059,0.141,60,0.001841,99.894936,84,clean_v2_without_tensorrt,/Users/hobongs/Desktop/HoBong_study/26-1/탄중/temp/jetson_nano_edgeai/my_results/clean_v2(without_tensorRT)/layer_runtime/ssd_mobilenet_v2_onnxrt_cuda.csv
ssd_mobilenet_v2,onnxrt_cuda,296,Clip:StatefulPartitionedCall/ssd_mobile_net_v2keras_feature_extractor/functional_1/block_4_expand_relu/Relu6_fence_after,onnxruntime,onnx_node,0.001,0.0,0.001,0.001,1,2.9e-05,99.994125,85,clean_v2_without_tensorrt,/Users/hobongs/Desktop/HoBong_study/26-1/탄중/temp/jetson_nano_edgeai/my_results/clean_v2(without_tensorRT)/layer_runtime/ssd_mobilenet_v2_onnxrt_cuda.csv
ssd_mobilenet_v2,onnxrt_cuda,297,Conv:StatefulPartitionedCall/ssd_mobile_net_v2keras_feature_extractor/functional_1/block_4_depthwise/depthwise_fence_before,onnxruntime,onnx_node,0.001,0.0,0.001,0.001,7,2.9e-05,99.994154,86,clean_v2_without_tensorrt,/Users/hobongs/Desktop/HoBong_study/26-1/탄중/temp/jetson_nano_edgeai/my_results/clean_v2(without_tensorRT)/layer_runtime/ssd_mobilenet_v2_onnxrt_cuda.csv
ssd_mobilenet_v2,onnxrt_cuda,12,Conv:StatefulPartitionedCall/ssd_mobile_net_v2keras_feature_extractor/functional_1/block_4_depthwise/depthwise_kernel_time,onnxruntime,onnx_node,8.720683,65.934998,0.126,515.177,60,0.248706,96.921836,87,clean_v2_without_tensorrt,/Users/hobongs/Desktop/HoBong_study/26-1/탄중/temp/jetson_nano_edgeai/my_results/clean_v2(without_tensorRT)/layer_runtime/ssd_mobilenet_v2_onnxrt_cuda.csv
ssd_mobilenet_v2,onnxrt_cuda,298,Conv:StatefulPartitionedCall/ssd_mobile_net_v2keras_feature_extractor/functional_1/block_4_depthwise/depthwise_fence_after,onnxruntime,onnx_node,0.001,0.0,0.001,0.001,2,2.9e-05,99.994182,88,clean_v2_without_tensorrt,/Users/hobongs/Desktop/HoBong_study/26-1/탄중/temp/jetson_nano_edgeai/my_results/clean_v2(without_tensorRT)/layer_runtime/ssd_mobilenet_v2_onnxrt_cuda.csv
ssd_mobilenet_v2,onnxrt_cuda,299,Clip:StatefulPartitionedCall/ssd_mobile_net_v2keras_feature_extractor/functional_1/block_4_depthwise_relu/Relu6_fence_before,onnxruntime,onnx_node,0.001,0.0,0.001,0.001,1,2.9e-05,99.994211,89,clean_v2_without_tensorrt,/Users/hobongs/Desktop/HoBong_study/26-1/탄중/temp/jetson_nano_edgeai/my_results/clean_v2(without_tensorRT)/layer_runtime/ssd_mobilenet_v2_onnxrt_cuda.csv
ssd_mobilenet_v2,onnxrt_cuda,160,Clip:StatefulPartitionedCall/ssd_mobile_net_v2keras_feature_extractor/functional_1/block_4_depthwise_relu/Relu6_kernel_time,onnxruntime,onnx_node,0.060933,0.008356,0.054,0.121,60,0.001738,99.946869,90,clean_v2_without_tensorrt,/Users/hobongs/Desktop/HoBong_study/26-1/탄중/temp/jetson_nano_edgeai/my_results/clean_v2(without_tensorRT)/layer_runtime/ssd_mobilenet_v2_onnxrt_cuda.csv
ssd_mobilenet_v2,onnxrt_cuda,300,Conv:StatefulPartitionedCall/ssd_mobile_net_v2keras_feature_extractor/functional_1/block_4_project/Conv2D_fence_before,onnxruntime,onnx_node,0.001,0.0,0.001,0.001,3,2.9e-05,99.994239,91,clean_v2_without_tensorrt,/Users/hobongs/Desktop/HoBong_study/26-1/탄중/temp/jetson_nano_edgeai/my_results/clean_v2(without_tensorRT)/layer_runtime/ssd_mobilenet_v2_onnxrt_cuda.csv
ssd_mobilenet_v2,onnxrt_cuda,63,Conv:StatefulPartitionedCall/ssd_mobile_net_v2keras_feature_extractor/functional_1/block_4_project/Conv2D_kernel_time,onnxruntime,onnx_node,0.57955,3.264318,0.14,25.653,60,0.016528,99.541547,92,clean_v2_without_tensorrt,/Users/hobongs/Desktop/HoBong_study/26-1/탄중/temp/jetson_nano_edgeai/my_results/clean_v2(without_tensorRT)/layer_runtime/ssd_mobilenet_v2_onnxrt_cuda.csv
ssd_mobilenet_v2,onnxrt_cuda,301,Conv:StatefulPartitionedCall/ssd_mobile_net_v2keras_feature_extractor/functional_1/block_4_project/Conv2D_fence_after,onnxruntime,onnx_node,0.001,0.0,0.001,0.001,1,2.9e-05,99.994268,93,clean_v2_without_tensorrt,/Users/hobongs/Desktop/HoBong_study/26-1/탄중/temp/jetson_nano_edgeai/my_results/clean_v2(without_tensorRT)/layer_runtime/ssd_mobilenet_v2_onnxrt_cuda.csv
ssd_mobilenet_v2,onnxrt_cuda,219,Add:StatefulPartitionedCall/ssd_mobile_net_v2keras_feature_extractor/functional_1/block_4_add/add_fence_before,onnxruntime,onnx_node,0.003,0.006633,0.001,0.025,12,8.6e-05,99.991418,94,clean_v2_without_tensorrt,/Users/hobongs/Desktop/HoBong_study/26-1/탄중/temp/jetson_nano_edgeai/my_results/clean_v2(without_tensorRT)/layer_runtime/ssd_mobilenet_v2_onnxrt_cuda.csv
ssd_mobilenet_v2,onnxrt_cuda,94,Add:StatefulPartitionedCall/ssd_mobile_net_v2keras_feature_extractor/functional_1/block_4_add/add_kernel_time,onnxruntime,onnx_node,0.073267,0.028858,0.06,0.238,60,0.00209,99.823743,95,clean_v2_without_tensorrt,/Users/hobongs/Desktop/HoBong_study/26-1/탄중/temp/jetson_nano_edgeai/my_results/clean_v2(without_tensorRT)/layer_runtime/ssd_mobilenet_v2_onnxrt_cuda.csv
ssd_mobilenet_v2,onnxrt_cuda,37,Conv:StatefulPartitionedCall/ssd_mobile_net_v2keras_feature_extractor/functional_1/block_5_expand/Conv2D_kernel_time,onnxruntime,onnx_node,0.702383,3.225118,0.25,25.474,60,0.020031,99.074775,96,clean_v2_without_tensorrt,/Users/hobongs/Desktop/HoBong_study/26-1/탄중/temp/jetson_nano_edgeai/my_results/clean_v2(without_tensorRT)/layer_runtime/ssd_mobilenet_v2_onnxrt_cuda.csv
ssd_mobilenet_v2,onnxrt_cuda,302,Conv:StatefulPartitionedCall/ssd_mobile_net_v2keras_feature_extractor/functional_1/block_5_expand/Conv2D_fence_after,onnxruntime,onnx_node,0.001,0.0,0.001,0.001,5,2.9e-05,99.994296,97,clean_v2_without_tensorrt,/Users/hobongs/Desktop/HoBong_study/26-1/탄중/temp/jetson_nano_edgeai/my_results/clean_v2(without_tensorRT)/layer_runtime/ssd_mobilenet_v2_onnxrt_cuda.csv
ssd_mobilenet_v2,onnxrt_cuda,303,Clip:StatefulPartitionedCall/ssd_mobile_net_v2keras_feature_extractor/functional_1/block_5_expand_relu/Relu6_fence_before,onnxruntime,onnx_node,0.001,0.0,0.001,0.001,9,2.9e-05,99.994325,98,clean_v2_without_tensorrt,/Users/hobongs/Desktop/HoBong_study/26-1/탄중/temp/jetson_nano_edgeai/my_results/clean_v2(without_tensorRT)/layer_runtime/ssd_mobilenet_v2_onnxrt_cuda.csv
ssd_mobilenet_v2,onnxrt_cuda,135,Clip:StatefulPartitionedCall/ssd_mobile_net_v2keras_feature_extractor/functional_1/block_5_expand_relu/Relu6_kernel_time,onnxruntime,onnx_node,0.064267,0.008727,0.058,0.128,60,0.001833,99.902281,99,clean_v2_without_tensorrt,/Users/hobongs/Desktop/HoBong_study/26-1/탄중/temp/jetson_nano_edgeai/my_results/clean_v2(without_tensorRT)/layer_runtime/ssd_mobilenet_v2_onnxrt_cuda.csv
ssd_mobilenet_v2,onnxrt_cuda,304,Clip:StatefulPartitionedCall/ssd_mobile_net_v2keras_feature_extractor/functional_1/block_5_expand_relu/Relu6_fence_after,onnxruntime,onnx_node,0.001,0.0,0.001,0.001,1,2.9e-05,99.994353,100,clean_v2_without_tensorrt,/Users/hobongs/Desktop/HoBong_study/26-1/탄중/temp/jetson_nano_edgeai/my_results/clean_v2(without_tensorRT)/layer_runtime/ssd_mobilenet_v2_onnxrt_cuda.csv
ssd_mobilenet_v2,onnxrt_cuda,305,Conv:StatefulPartitionedCall/ssd_mobile_net_v2keras_feature_extractor/functional_1/block_5_depthwise/depthwise_fence_before,onnxruntime,onnx_node,0.001,0.0,0.001,0.001,14,2.9e-05,99.994382,101,clean_v2_without_tensorrt,/Users/hobongs/Desktop/HoBong_study/26-1/탄중/temp/jetson_nano_edgeai/my_results/clean_v2(without_tensorRT)/layer_runtime/ssd_mobilenet_v2_onnxrt_cuda.csv
ssd_mobilenet_v2,onnxrt_cuda,13,Conv:StatefulPartitionedCall/ssd_mobile_net_v2keras_feature_extractor/functional_1/block_5_depthwise/depthwise_kernel_time,onnxruntime,onnx_node,8.647283,65.355838,0.131,510.655,60,0.246613,97.168449,102,clean_v2_without_tensorrt,/Users/hobongs/Desktop/HoBong_study/26-1/탄중/temp/jetson_nano_edgeai/my_results/clean_v2(without_tensorRT)/layer_runtime/ssd_mobilenet_v2_onnxrt_cuda.csv
ssd_mobilenet_v2,onnxrt_cuda,306,Conv:StatefulPartitionedCall/ssd_mobile_net_v2keras_feature_extractor/functional_1/block_5_depthwise/depthwise_fence_after,onnxruntime,onnx_node,0.001,0.0,0.001,0.001,3,2.9e-05,99.99441,103,clean_v2_without_tensorrt,/Users/hobongs/Desktop/HoBong_study/26-1/탄중/temp/jetson_nano_edgeai/my_results/clean_v2(without_tensorRT)/layer_runtime/ssd_mobilenet_v2_onnxrt_cuda.csv
ssd_mobilenet_v2,onnxrt_cuda,307,Clip:StatefulPartitionedCall/ssd_mobile_net_v2keras_feature_extractor/functional_1/block_5_depthwise_relu/Relu6_fence_before,onnxruntime,onnx_node,0.001,0.0,0.001,0.001,6,2.9e-05,99.994439,104,clean_v2_without_tensorrt,/Users/hobongs/Desktop/HoBong_study/26-1/탄중/temp/jetson_nano_edgeai/my_results/clean_v2(without_tensorRT)/layer_runtime/ssd_mobilenet_v2_onnxrt_cuda.csv
ssd_mobilenet_v2,onnxrt_cuda,153,Clip:StatefulPartitionedCall/ssd_mobile_net_v2keras_feature_extractor/functional_1/block_5_depthwise_relu/Relu6_kernel_time,onnxruntime,onnx_node,0.062083,0.009149,0.057,0.13,60,0.001771,99.934626,105,clean_v2_without_tensorrt,/Users/hobongs/Desktop/HoBong_study/26-1/탄중/temp/jetson_nano_edgeai/my_results/clean_v2(without_tensorRT)/layer_runtime/ssd_mobilenet_v2_onnxrt_cuda.csv
ssd_mobilenet_v2,onnxrt_cuda,308,Conv:StatefulPartitionedCall/ssd_mobile_net_v2keras_feature_extractor/functional_1/block_5_project/Conv2D_fence_before,onnxruntime,onnx_node,0.001,0.0,0.001,0.001,26,2.9e-05,99.994467,106,clean_v2_without_tensorrt,/Users/hobongs/Desktop/HoBong_study/26-1/탄중/temp/jetson_nano_edgeai/my_results/clean_v2(without_tensorRT)/layer_runtime/ssd_mobilenet_v2_onnxrt_cuda.csv
ssd_mobilenet_v2,onnxrt_cuda,67,Conv:StatefulPartitionedCall/ssd_mobile_net_v2keras_feature_extractor/functional_1/block_5_project/Conv2D_kernel_time,onnxruntime,onnx_node,0.572733,3.195797,0.146,25.12,60,0.016334,99.607042,107,clean_v2_without_tensorrt,/Users/hobongs/Desktop/HoBong_study/26-1/탄중/temp/jetson_nano_edgeai/my_results/clean_v2(without_tensorRT)/layer_runtime/ssd_mobilenet_v2_onnxrt_cuda.csv
ssd_mobilenet_v2,onnxrt_cuda,309,Conv:StatefulPartitionedCall/ssd_mobile_net_v2keras_feature_extractor/functional_1/block_5_project/Conv2D_fence_after,onnxruntime,onnx_node,0.001,0.0,0.001,0.001,1,2.9e-05,99.994496,108,clean_v2_without_tensorrt,/Users/hobongs/Desktop/HoBong_study/26-1/탄중/temp/jetson_nano_edgeai/my_results/clean_v2(without_tensorRT)/layer_runtime/ssd_mobilenet_v2_onnxrt_cuda.csv
ssd_mobilenet_v2,onnxrt_cuda,310,Add:StatefulPartitionedCall/ssd_mobile_net_v2keras_feature_extractor/functional_1/block_5_add/add_fence_before,onnxruntime,onnx_node,0.001,0.0,0.001,0.001,15,2.9e-05,99.994524,109,clean_v2_without_tensorrt,/Users/hobongs/Desktop/HoBong_study/26-1/탄중/temp/jetson_nano_edgeai/my_results/clean_v2(without_tensorRT)/layer_runtime/ssd_mobilenet_v2_onnxrt_cuda.csv
ssd_mobilenet_v2,onnxrt_cuda,132,Add:StatefulPartitionedCall/ssd_mobile_net_v2keras_feature_extractor/functional_1/block_5_add/add_kernel_time,onnxruntime,onnx_node,0.064517,0.009713,0.06,0.124,60,0.00184,99.896776,110,clean_v2_without_tensorrt,/Users/hobongs/Desktop/HoBong_study/26-1/탄중/temp/jetson_nano_edgeai/my_results/clean_v2(without_tensorRT)/layer_runtime/ssd_mobilenet_v2_onnxrt_cuda.csv
ssd_mobilenet_v2,onnxrt_cuda,68,Conv:StatefulPartitionedCall/ssd_mobile_net_v2keras_feature_extractor/functional_1/block_6_expand/Conv2D_kernel_time,onnxruntime,onnx_node,0.56725,3.212258,0.14,25.241,60,0.016177,99.62322,111,clean_v2_without_tensorrt,/Users/hobongs/Desktop/HoBong_study/26-1/탄중/temp/jetson_nano_edgeai/my_results/clean_v2(without_tensorRT)/layer_runtime/ssd_mobilenet_v2_onnxrt_cuda.csv
ssd_mobilenet_v2,onnxrt_cuda,311,Conv:StatefulPartitionedCall/ssd_mobile_net_v2keras_feature_extractor/functional_1/block_6_expand/Conv2D_fence_after,onnxruntime,onnx_node,0.001,0.0,0.001,0.001,2,2.9e-05,99.994553,112,clean_v2_without_tensorrt,/Users/hobongs/Desktop/HoBong_study/26-1/탄중/temp/jetson_nano_edgeai/my_results/clean_v2(without_tensorRT)/layer_runtime/ssd_mobilenet_v2_onnxrt_cuda.csv
ssd_mobilenet_v2,onnxrt_cuda,312,Clip:StatefulPartitionedCall/ssd_mobile_net_v2keras_feature_extractor/functional_1/block_6_expand_relu/Relu6_fence_before,onnxruntime,onnx_node,0.001,0.0,0.001,0.001,3,2.9e-05,99.994581,113,clean_v2_without_tensorrt,/Users/hobongs/Desktop/HoBong_study/26-1/탄중/temp/jetson_nano_edgeai/my_results/clean_v2(without_tensorRT)/layer_runtime/ssd_mobilenet_v2_onnxrt_cuda.csv
ssd_mobilenet_v2,onnxrt_cuda,156,Clip:StatefulPartitionedCall/ssd_mobile_net_v2keras_feature_extractor/functional_1/block_6_expand_relu/Relu6_kernel_time,onnxruntime,onnx_node,0.061317,0.00808,0.057,0.122,60,0.001749,99.939903,114,clean_v2_without_tensorrt,/Users/hobongs/Desktop/HoBong_study/26-1/탄중/temp/jetson_nano_edgeai/my_results/clean_v2(without_tensorRT)/layer_runtime/ssd_mobilenet_v2_onnxrt_cuda.csv
ssd_mobilenet_v2,onnxrt_cuda,313,Conv:StatefulPartitionedCall/ssd_mobile_net_v2keras_feature_extractor/functional_1/block_6_depthwise/depthwise_fence_before,onnxruntime,onnx_node,0.001,0.0,0.001,0.001,11,2.9e-05,99.99461,115,clean_v2_without_tensorrt,/Users/hobongs/Desktop/HoBong_study/26-1/탄중/temp/jetson_nano_edgeai/my_results/clean_v2(without_tensorRT)/layer_runtime/ssd_mobilenet_v2_onnxrt_cuda.csv
ssd_mobilenet_v2,onnxrt_cuda,21,Conv:StatefulPartitionedCall/ssd_mobile_net_v2keras_feature_extractor/functional_1/block_6_depthwise/depthwise_kernel_time,onnxruntime,onnx_node,4.314067,31.690839,0.177,247.736,60,0.123033,98.640978,116,clean_v2_without_tensorrt,/Users/hobongs/Desktop/HoBong_study/26-1/탄중/temp/jetson_nano_edgeai/my_results/clean_v2(without_tensorRT)/layer_runtime/ssd_mobilenet_v2_onnxrt_cuda.csv
ssd_mobilenet_v2,onnxrt_cuda,314,Conv:StatefulPartitionedCall/ssd_mobile_net_v2keras_feature_extractor/functional_1/block_6_depthwise/depthwise_fence_after,onnxruntime,onnx_node,0.001,0.0,0.001,0.001,1,2.9e-05,99.994638,117,clean_v2_without_tensorrt,/Users/hobongs/Desktop/HoBong_study/26-1/탄중/temp/jetson_nano_edgeai/my_results/clean_v2(without_tensorRT)/layer_runtime/ssd_mobilenet_v2_onnxrt_cuda.csv
ssd_mobilenet_v2,onnxrt_cuda,315,Clip:StatefulPartitionedCall/ssd_mobile_net_v2keras_feature_extractor/functional_1/block_6_depthwise_relu/Relu6_fence_before,onnxruntime,onnx_node,0.001,0.0,0.001,0.001,4,2.9e-05,99.994667,118,clean_v2_without_tensorrt,/Users/hobongs/Desktop/HoBong_study/26-1/탄중/temp/jetson_nano_edgeai/my_results/clean_v2(without_tensorRT)/layer_runtime/ssd_mobilenet_v2_onnxrt_cuda.csv
ssd_mobilenet_v2,onnxrt_cuda,155,Clip:StatefulPartitionedCall/ssd_mobile_net_v2keras_feature_extractor/functional_1/block_6_depthwise_relu/Relu6_kernel_time,onnxruntime,onnx_node,0.0618,0.012892,0.055,0.109,60,0.001762,99.938154,119,clean_v2_without_tensorrt,/Users/hobongs/Desktop/HoBong_study/26-1/탄중/temp/jetson_nano_edgeai/my_results/clean_v2(without_tensorRT)/layer_runtime/ssd_mobilenet_v2_onnxrt_cuda.csv
ssd_mobilenet_v2,onnxrt_cuda,316,Conv:StatefulPartitionedCall/ssd_mobile_net_v2keras_feature_extractor/functional_1/block_6_project/Conv2D_fence_before,onnxruntime,onnx_node,0.001,0.0,0.001,0.001,5,2.9e-05,99.994695,120,clean_v2_without_tensorrt,/Users/hobongs/Desktop/HoBong_study/26-1/탄중/temp/jetson_nano_edgeai/my_results/clean_v2(without_tensorRT)/layer_runtime/ssd_mobilenet_v2_onnxrt_cuda.csv
ssd_mobilenet_v2,onnxrt_cuda,72,Conv:StatefulPartitionedCall/ssd_mobile_net_v2keras_feature_extractor/functional_1/block_6_project/Conv2D_kernel_time,onnxruntime,onnx_node,0.555267,3.013128,0.144,23.699,60,0.015836,99.687162,121,clean_v2_without_tensorrt,/Users/hobongs/Desktop/HoBong_study/26-1/탄중/temp/jetson_nano_edgeai/my_results/clean_v2(without_tensorRT)/layer_runtime/ssd_mobilenet_v2_onnxrt_cuda.csv
ssd_mobilenet_v2,onnxrt_cuda,317,Conv:StatefulPartitionedCall/ssd_mobile_net_v2keras_feature_extractor/functional_1/block_6_project/Conv2D_fence_after,onnxruntime,onnx_node,0.001,0.0,0.001,0.001,1,2.9e-05,99.994724,122,clean_v2_without_tensorrt,/Users/hobongs/Desktop/HoBong_study/26-1/탄중/temp/jetson_nano_edgeai/my_results/clean_v2(without_tensorRT)/layer_runtime/ssd_mobilenet_v2_onnxrt_cuda.csv
ssd_mobilenet_v2,onnxrt_cuda,64,Conv:StatefulPartitionedCall/ssd_mobile_net_v2keras_feature_extractor/functional_1/block_7_expand/Conv2D_kernel_time,onnxruntime,onnx_node,0.5771,3.234424,0.145,25.421,60,0.016458,99.558006,123,clean_v2_without_tensorrt,/Users/hobongs/Desktop/HoBong_study/26-1/탄중/temp/jetson_nano_edgeai/my_results/clean_v2(without_tensorRT)/layer_runtime/ssd_mobilenet_v2_onnxrt_cuda.csv
ssd_mobilenet_v2,onnxrt_cuda,223,Conv:StatefulPartitionedCall/ssd_mobile_net_v2keras_feature_extractor/functional_1/block_7_expand/Conv2D_fence_after,onnxruntime,onnx_node,0.002333,0.001886,0.001,0.005,3,6.7e-05,99.991724,124,clean_v2_without_tensorrt,/Users/hobongs/Desktop/HoBong_study/26-1/탄중/temp/jetson_nano_edgeai/my_results/clean_v2(without_tensorRT)/layer_runtime/ssd_mobilenet_v2_onnxrt_cuda.csv
ssd_mobilenet_v2,onnxrt_cuda,318,Clip:StatefulPartitionedCall/ssd_mobile_net_v2keras_feature_extractor/functional_1/block_7_expand_relu/Relu6_fence_before,onnxruntime,onnx_node,0.001,0.0,0.001,0.001,21,2.9e-05,99.994752,125,clean_v2_without_tensorrt,/Users/hobongs/Desktop/HoBong_study/26-1/탄중/temp/jetson_nano_edgeai/my_results/clean_v2(without_tensorRT)/layer_runtime/ssd_mobilenet_v2_onnxrt_cuda.csv
ssd_mobilenet_v2,onnxrt_cuda,105,Clip:StatefulPartitionedCall/ssd_mobile_net_v2keras_feature_extractor/functional_1/block_7_expand_relu/Relu6_kernel_time,onnxruntime,onnx_node,0.068217,0.027879,0.056,0.262,60,0.001945,99.845818,126,clean_v2_without_tensorrt,/Users/hobongs/Desktop/HoBong_study/26-1/탄중/temp/jetson_nano_edgeai/my_results/clean_v2(without_tensorRT)/layer_runtime/ssd_mobilenet_v2_onnxrt_cuda.csv
ssd_mobilenet_v2,onnxrt_cuda,319,Conv:StatefulPartitionedCall/ssd_mobile_net_v2keras_feature_extractor/functional_1/block_7_depthwise/depthwise_fence_before,onnxruntime,onnx_node,0.001,0.0,0.001,0.001,15,2.9e-05,99.994781,127,clean_v2_without_tensorrt,/Users/hobongs/Desktop/HoBong_study/26-1/탄중/temp/jetson_nano_edgeai/my_results/clean_v2(without_tensorRT)/layer_runtime/ssd_mobilenet_v2_onnxrt_cuda.csv
ssd_mobilenet_v2,onnxrt_cuda,18,Conv:StatefulPartitionedCall/ssd_mobile_net_v2keras_feature_extractor/functional_1/block_7_depthwise/depthwise_kernel_time,onnxruntime,onnx_node,5.856333,43.899145,0.126,343.052,60,0.167018,98.184422,128,clean_v2_without_tensorrt,/Users/hobongs/Desktop/HoBong_study/26-1/탄중/temp/jetson_nano_edgeai/my_results/clean_v2(without_tensorRT)/layer_runtime/ssd_mobilenet_v2_onnxrt_cuda.csv
ssd_mobilenet_v2,onnxrt_cuda,320,Conv:StatefulPartitionedCall/ssd_mobile_net_v2keras_feature_extractor/functional_1/block_7_depthwise/depthwise_fence_after,onnxruntime,onnx_node,0.001,0.0,0.001,0.001,1,2.9e-05,99.99481,129,clean_v2_without_tensorrt,/Users/hobongs/Desktop/HoBong_study/26-1/탄중/temp/jetson_nano_edgeai/my_results/clean_v2(without_tensorRT)/layer_runtime/ssd_mobilenet_v2_onnxrt_cuda.csv
ssd_mobilenet_v2,onnxrt_cuda,321,Clip:StatefulPartitionedCall/ssd_mobile_net_v2keras_feature_extractor/functional_1/block_7_depthwise_relu/Relu6_fence_before,onnxruntime,onnx_node,0.001,0.0,0.001,0.001,6,2.9e-05,99.994838,130,clean_v2_without_tensorrt,/Users/hobongs/Desktop/HoBong_study/26-1/탄중/temp/jetson_nano_edgeai/my_results/clean_v2(without_tensorRT)/layer_runtime/ssd_mobilenet_v2_onnxrt_cuda.csv
ssd_mobilenet_v2,onnxrt_cuda,154,Clip:StatefulPartitionedCall/ssd_mobile_net_v2keras_feature_extractor/functional_1/block_7_depthwise_relu/Relu6_kernel_time,onnxruntime,onnx_node,0.0619,0.011868,0.054,0.148,60,0.001765,99.936392,131,clean_v2_without_tensorrt,/Users/hobongs/Desktop/HoBong_study/26-1/탄중/temp/jetson_nano_edgeai/my_results/clean_v2(without_tensorRT)/layer_runtime/ssd_mobilenet_v2_onnxrt_cuda.csv
ssd_mobilenet_v2,onnxrt_cuda,322,Conv:StatefulPartitionedCall/ssd_mobile_net_v2keras_feature_extractor/functional_1/block_7_project/Conv2D_fence_before,onnxruntime,onnx_node,0.001,0.0,0.001,0.001,8,2.9e-05,99.994867,132,clean_v2_without_tensorrt,/Users/hobongs/Desktop/HoBong_study/26-1/탄중/temp/jetson_nano_edgeai/my_results/clean_v2(without_tensorRT)/layer_runtime/ssd_mobilenet_v2_onnxrt_cuda.csv
ssd_mobilenet_v2,onnxrt_cuda,51,Conv:StatefulPartitionedCall/ssd_mobile_net_v2keras_feature_extractor/functional_1/block_7_project/Conv2D_kernel_time,onnxruntime,onnx_node,0.618,3.170138,0.19,24.968,60,0.017625,99.337498,133,clean_v2_without_tensorrt,/Users/hobongs/Desktop/HoBong_study/26-1/탄중/temp/jetson_nano_edgeai/my_results/clean_v2(without_tensorRT)/layer_runtime/ssd_mobilenet_v2_onnxrt_cuda.csv
ssd_mobilenet_v2,onnxrt_cuda,323,Conv:StatefulPartitionedCall/ssd_mobile_net_v2keras_feature_extractor/functional_1/block_7_project/Conv2D_fence_after,onnxruntime,onnx_node,0.001,0.0,0.001,0.001,1,2.9e-05,99.994895,134,clean_v2_without_tensorrt,/Users/hobongs/Desktop/HoBong_study/26-1/탄중/temp/jetson_nano_edgeai/my_results/clean_v2(without_tensorRT)/layer_runtime/ssd_mobilenet_v2_onnxrt_cuda.csv
ssd_mobilenet_v2,onnxrt_cuda,324,Add:StatefulPartitionedCall/ssd_mobile_net_v2keras_feature_extractor/functional_1/block_7_add/add_fence_before,onnxruntime,onnx_node,0.001,0.0,0.001,0.001,27,2.9e-05,99.994924,135,clean_v2_without_tensorrt,/Users/hobongs/Desktop/HoBong_study/26-1/탄중/temp/jetson_nano_edgeai/my_results/clean_v2(without_tensorRT)/layer_runtime/ssd_mobilenet_v2_onnxrt_cuda.csv
ssd_mobilenet_v2,onnxrt_cuda,111,Add:StatefulPartitionedCall/ssd_mobile_net_v2keras_feature_extractor/functional_1/block_7_add/add_kernel_time,onnxruntime,onnx_node,0.067217,0.008147,0.061,0.126,60,0.001917,99.857368,136,clean_v2_without_tensorrt,/Users/hobongs/Desktop/HoBong_study/26-1/탄중/temp/jetson_nano_edgeai/my_results/clean_v2(without_tensorRT)/layer_runtime/ssd_mobilenet_v2_onnxrt_cuda.csv
ssd_mobilenet_v2,onnxrt_cuda,62,Conv:StatefulPartitionedCall/ssd_mobile_net_v2keras_feature_extractor/functional_1/block_8_expand/Conv2D_kernel_time,onnxruntime,onnx_node,0.580667,3.210707,0.149,25.242,60,0.01656,99.525019,137,clean_v2_without_tensorrt,/Users/hobongs/Desktop/HoBong_study/26-1/탄중/temp/jetson_nano_edgeai/my_results/clean_v2(without_tensorRT)/layer_runtime/ssd_mobilenet_v2_onnxrt_cuda.csv
ssd_mobilenet_v2,onnxrt_cuda,325,Conv:StatefulPartitionedCall/ssd_mobile_net_v2keras_feature_extractor/functional_1/block_8_expand/Conv2D_fence_after,onnxruntime,onnx_node,0.001,0.0,0.001,0.001,1,2.9e-05,99.994952,138,clean_v2_without_tensorrt,/Users/hobongs/Desktop/HoBong_study/26-1/탄중/temp/jetson_nano_edgeai/my_results/clean_v2(without_tensorRT)/layer_runtime/ssd_mobilenet_v2_onnxrt_cuda.csv
ssd_mobilenet_v2,onnxrt_cuda,326,Clip:StatefulPartitionedCall/ssd_mobile_net_v2keras_feature_extractor/functional_1/block_8_expand_relu/Relu6_fence_before,onnxruntime,onnx_node,0.001,0.0,0.001,0.001,18,2.9e-05,99.994981,139,clean_v2_without_tensorrt,/Users/hobongs/Desktop/HoBong_study/26-1/탄중/temp/jetson_nano_edgeai/my_results/clean_v2(without_tensorRT)/layer_runtime/ssd_mobilenet_v2_onnxrt_cuda.csv
ssd_mobilenet_v2,onnxrt_cuda,130,Clip:StatefulPartitionedCall/ssd_mobile_net_v2keras_feature_extractor/functional_1/block_8_expand_relu/Relu6_kernel_time,onnxruntime,onnx_node,0.064583,0.01074,0.058,0.114,60,0.001842,99.893095,140,clean_v2_without_tensorrt,/Users/hobongs/Desktop/HoBong_study/26-1/탄중/temp/jetson_nano_edgeai/my_results/clean_v2(without_tensorRT)/layer_runtime/ssd_mobilenet_v2_onnxrt_cuda.csv
ssd_mobilenet_v2,onnxrt_cuda,327,Conv:StatefulPartitionedCall/ssd_mobile_net_v2keras_feature_extractor/functional_1/block_8_depthwise/depthwise_fence_before,onnxruntime,onnx_node,0.001,0.0,0.001,0.001,49,2.9e-05,99.995009,141,clean_v2_without_tensorrt,/Users/hobongs/Desktop/HoBong_study/26-1/탄중/temp/jetson_nano_edgeai/my_results/clean_v2(without_tensorRT)/layer_runtime/ssd_mobilenet_v2_onnxrt_cuda.csv
ssd_mobilenet_v2,onnxrt_cuda,20,Conv:StatefulPartitionedCall/ssd_mobile_net_v2keras_feature_extractor/functional_1/block_8_depthwise/depthwise_kernel_time,onnxruntime,onnx_node,5.845717,43.785045,0.124,342.165,60,0.166715,98.517945,142,clean_v2_without_tensorrt,/Users/hobongs/Desktop/HoBong_study/26-1/탄중/temp/jetson_nano_edgeai/my_results/clean_v2(without_tensorRT)/layer_runtime/ssd_mobilenet_v2_onnxrt_cuda.csv
ssd_mobilenet_v2,onnxrt_cuda,328,Conv:StatefulPartitionedCall/ssd_mobile_net_v2keras_feature_extractor/functional_1/block_8_depthwise/depthwise_fence_after,onnxruntime,onnx_node,0.001,0.0,0.001,0.001,2,2.9e-05,99.995038,143,clean_v2_without_tensorrt,/Users/hobongs/Desktop/HoBong_study/26-1/탄중/temp/jetson_nano_edgeai/my_results/clean_v2(without_tensorRT)/layer_runtime/ssd_mobilenet_v2_onnxrt_cuda.csv
ssd_mobilenet_v2,onnxrt_cuda,329,Clip:StatefulPartitionedCall/ssd_mobile_net_v2keras_feature_extractor/functional_1/block_8_depthwise_relu/Relu6_fence_before,onnxruntime,onnx_node,0.001,0.0,0.001,0.001,19,2.9e-05,99.995066,144,clean_v2_without_tensorrt,/Users/hobongs/Desktop/HoBong_study/26-1/탄중/temp/jetson_nano_edgeai/my_results/clean_v2(without_tensorRT)/layer_runtime/ssd_mobilenet_v2_onnxrt_cuda.csv
ssd_mobilenet_v2,onnxrt_cuda,134,Clip:StatefulPartitionedCall/ssd_mobile_net_v2keras_feature_extractor/functional_1/block_8_depthwise_relu/Relu6_kernel_time,onnxruntime,onnx_node,0.064367,0.01068,0.056,0.116,60,0.001836,99.900448,145,clean_v2_without_tensorrt,/Users/hobongs/Desktop/HoBong_study/26-1/탄중/temp/jetson_nano_edgeai/my_results/clean_v2(without_tensorRT)/layer_runtime/ssd_mobilenet_v2_onnxrt_cuda.csv
ssd_mobilenet_v2,onnxrt_cuda,330,Conv:StatefulPartitionedCall/ssd_mobile_net_v2keras_feature_extractor/functional_1/block_8_project/Conv2D_fence_before,onnxruntime,onnx_node,0.001,0.0,0.001,0.001,7,2.9e-05,99.995095,146,clean_v2_without_tensorrt,/Users/hobongs/Desktop/HoBong_study/26-1/탄중/temp/jetson_nano_edgeai/my_results/clean_v2(without_tensorRT)/layer_runtime/ssd_mobilenet_v2_onnxrt_cuda.csv
ssd_mobilenet_v2,onnxrt_cuda,55,Conv:StatefulPartitionedCall/ssd_mobile_net_v2keras_feature_extractor/functional_1/block_8_project/Conv2D_kernel_time,onnxruntime,onnx_node,0.6089,3.191878,0.177,25.126,60,0.017365,99.407251,147,clean_v2_without_tensorrt,/Users/hobongs/Desktop/HoBong_study/26-1/탄중/temp/jetson_nano_edgeai/my_results/clean_v2(without_tensorRT)/layer_runtime/ssd_mobilenet_v2_onnxrt_cuda.csv
ssd_mobilenet_v2,onnxrt_cuda,331,Conv:StatefulPartitionedCall/ssd_mobile_net_v2keras_feature_extractor/functional_1/block_8_project/Conv2D_fence_after,onnxruntime,onnx_node,0.001,0.0,0.001,0.001,2,2.9e-05,99.995123,148,clean_v2_without_tensorrt,/Users/hobongs/Desktop/HoBong_study/26-1/탄중/temp/jetson_nano_edgeai/my_results/clean_v2(without_tensorRT)/layer_runtime/ssd_mobilenet_v2_onnxrt_cuda.csv
ssd_mobilenet_v2,onnxrt_cuda,332,Add:StatefulPartitionedCall/ssd_mobile_net_v2keras_feature_extractor/functional_1/block_8_add/add_fence_before,onnxruntime,onnx_node,0.001,0.0,0.001,0.001,31,2.9e-05,99.995152,149,clean_v2_without_tensorrt,/Users/hobongs/Desktop/HoBong_study/26-1/탄중/temp/jetson_nano_edgeai/my_results/clean_v2(without_tensorRT)/layer_runtime/ssd_mobilenet_v2_onnxrt_cuda.csv
ssd_mobilenet_v2,onnxrt_cuda,123,Add:StatefulPartitionedCall/ssd_mobile_net_v2keras_feature_extractor/functional_1/block_8_add/add_kernel_time,onnxruntime,onnx_node,0.06585,0.008933,0.06,0.124,60,0.001878,99.880142,150,clean_v2_without_tensorrt,/Users/hobongs/Desktop/HoBong_study/26-1/탄중/temp/jetson_nano_edgeai/my_results/clean_v2(without_tensorRT)/layer_runtime/ssd_mobilenet_v2_onnxrt_cuda.csv
ssd_mobilenet_v2,onnxrt_cuda,333,Conv:StatefulPartitionedCall/ssd_mobile_net_v2keras_feature_extractor/functional_1/block_9_expand/Conv2D_fence_before,onnxruntime,onnx_node,0.001,0.0,0.001,0.001,9,2.9e-05,99.99518,151,clean_v2_without_tensorrt,/Users/hobongs/Desktop/HoBong_study/26-1/탄중/temp/jetson_nano_edgeai/my_results/clean_v2(without_tensorRT)/layer_runtime/ssd_mobilenet_v2_onnxrt_cuda.csv
ssd_mobilenet_v2,onnxrt_cuda,61,Conv:StatefulPartitionedCall/ssd_mobile_net_v2keras_feature_extractor/functional_1/block_9_expand/Conv2D_kernel_time,onnxruntime,onnx_node,0.58205,3.215811,0.145,25.283,60,0.0166,99.508459,152,clean_v2_without_tensorrt,/Users/hobongs/Desktop/HoBong_study/26-1/탄중/temp/jetson_nano_edgeai/my_results/clean_v2(without_tensorRT)/layer_runtime/ssd_mobilenet_v2_onnxrt_cuda.csv
ssd_mobilenet_v2,onnxrt_cuda,334,Conv:StatefulPartitionedCall/ssd_mobile_net_v2keras_feature_extractor/functional_1/block_9_expand/Conv2D_fence_after,onnxruntime,onnx_node,0.001,0.0,0.001,0.001,3,2.9e-05,99.995209,153,clean_v2_without_tensorrt,/Users/hobongs/Desktop/HoBong_study/26-1/탄중/temp/jetson_nano_edgeai/my_results/clean_v2(without_tensorRT)/layer_runtime/ssd_mobilenet_v2_onnxrt_cuda.csv
ssd_mobilenet_v2,onnxrt_cuda,335,Clip:StatefulPartitionedCall/ssd_mobile_net_v2keras_feature_extractor/functional_1/block_9_expand_relu/Relu6_fence_before,onnxruntime,onnx_node,0.001,0.0,0.001,0.001,32,2.9e-05,99.995237,154,clean_v2_without_tensorrt,/Users/hobongs/Desktop/HoBong_study/26-1/탄중/temp/jetson_nano_edgeai/my_results/clean_v2(without_tensorRT)/layer_runtime/ssd_mobilenet_v2_onnxrt_cuda.csv
ssd_mobilenet_v2,onnxrt_cuda,124,Clip:StatefulPartitionedCall/ssd_mobile_net_v2keras_feature_extractor/functional_1/block_9_expand_relu/Relu6_kernel_time,onnxruntime,onnx_node,0.065317,0.016119,0.058,0.16,60,0.001863,99.882005,155,clean_v2_without_tensorrt,/Users/hobongs/Desktop/HoBong_study/26-1/탄중/temp/jetson_nano_edgeai/my_results/clean_v2(without_tensorRT)/layer_runtime/ssd_mobilenet_v2_onnxrt_cuda.csv
ssd_mobilenet_v2,onnxrt_cuda,336,Clip:StatefulPartitionedCall/ssd_mobile_net_v2keras_feature_extractor/functional_1/block_9_expand_relu/Relu6_fence_after,onnxruntime,onnx_node,0.001,0.0,0.001,0.001,1,2.9e-05,99.995266,156,clean_v2_without_tensorrt,/Users/hobongs/Desktop/HoBong_study/26-1/탄중/temp/jetson_nano_edgeai/my_results/clean_v2(without_tensorRT)/layer_runtime/ssd_mobilenet_v2_onnxrt_cuda.csv
ssd_mobilenet_v2,onnxrt_cuda,337,Conv:StatefulPartitionedCall/ssd_mobile_net_v2keras_feature_extractor/functional_1/block_9_depthwise/depthwise_fence_before,onnxruntime,onnx_node,0.001,0.0,0.001,0.001,16,2.9e-05,99.995294,157,clean_v2_without_tensorrt,/Users/hobongs/Desktop/HoBong_study/26-1/탄중/temp/jetson_nano_edgeai/my_results/clean_v2(without_tensorRT)/layer_runtime/ssd_mobilenet_v2_onnxrt_cuda.csv
ssd_mobilenet_v2,onnxrt_cuda,17,Conv:StatefulPartitionedCall/ssd_mobile_net_v2keras_feature_extractor/functional_1/block_9_depthwise/depthwise_kernel_time,onnxruntime,onnx_node,5.877467,44.073705,0.124,344.414,60,0.16762,98.017404,158,clean_v2_without_tensorrt,/Users/hobongs/Desktop/HoBong_study/26-1/탄중/temp/jetson_nano_edgeai/my_results/clean_v2(without_tensorRT)/layer_runtime/ssd_mobilenet_v2_onnxrt_cuda.csv
ssd_mobilenet_v2,onnxrt_cuda,338,Conv:StatefulPartitionedCall/ssd_mobile_net_v2keras_feature_extractor/functional_1/block_9_depthwise/depthwise_fence_after,onnxruntime,onnx_node,0.001,0.0,0.001,0.001,2,2.9e-05,99.995323,159,clean_v2_without_tensorrt,/Users/hobongs/Desktop/HoBong_study/26-1/탄중/temp/jetson_nano_edgeai/my_results/clean_v2(without_tensorRT)/layer_runtime/ssd_mobilenet_v2_onnxrt_cuda.csv
ssd_mobilenet_v2,onnxrt_cuda,339,Clip:StatefulPartitionedCall/ssd_mobile_net_v2keras_feature_extractor/functional_1/block_9_depthwise_relu/Relu6_fence_before,onnxruntime,onnx_node,0.001,0.0,0.001,0.001,5,2.9e-05,99.995351,160,clean_v2_without_tensorrt,/Users/hobongs/Desktop/HoBong_study/26-1/탄중/temp/jetson_nano_edgeai/my_results/clean_v2(without_tensorRT)/layer_runtime/ssd_mobilenet_v2_onnxrt_cuda.csv
ssd_mobilenet_v2,onnxrt_cuda,140,Clip:StatefulPartitionedCall/ssd_mobile_net_v2keras_feature_extractor/functional_1/block_9_depthwise_relu/Relu6_kernel_time,onnxruntime,onnx_node,0.063483,0.012592,0.056,0.119,60,0.00181,99.911376,161,clean_v2_without_tensorrt,/Users/hobongs/Desktop/HoBong_study/26-1/탄중/temp/jetson_nano_edgeai/my_results/clean_v2(without_tensorRT)/layer_runtime/ssd_mobilenet_v2_onnxrt_cuda.csv
ssd_mobilenet_v2,onnxrt_cuda,340,Conv:StatefulPartitionedCall/ssd_mobile_net_v2keras_feature_extractor/functional_1/block_9_project/Conv2D_fence_before,onnxruntime,onnx_node,0.001,0.0,0.001,0.001,5,2.9e-05,99.99538,162,clean_v2_without_tensorrt,/Users/hobongs/Desktop/HoBong_study/26-1/탄중/temp/jetson_nano_edgeai/my_results/clean_v2(without_tensorRT)/layer_runtime/ssd_mobilenet_v2_onnxrt_cuda.csv
ssd_mobilenet_v2,onnxrt_cuda,52,Conv:StatefulPartitionedCall/ssd_mobile_net_v2keras_feature_extractor/functional_1/block_9_project/Conv2D_kernel_time,onnxruntime,onnx_node,0.612883,3.190989,0.176,25.123,60,0.017479,99.354977,163,clean_v2_without_tensorrt,/Users/hobongs/Desktop/HoBong_study/26-1/탄중/temp/jetson_nano_edgeai/my_results/clean_v2(without_tensorRT)/layer_runtime/ssd_mobilenet_v2_onnxrt_cuda.csv
ssd_mobilenet_v2,onnxrt_cuda,341,Conv:StatefulPartitionedCall/ssd_mobile_net_v2keras_feature_extractor/functional_1/block_9_project/Conv2D_fence_after,onnxruntime,onnx_node,0.001,0.0,0.001,0.001,1,2.9e-05,99.995408,164,clean_v2_without_tensorrt,/Users/hobongs/Desktop/HoBong_study/26-1/탄중/temp/jetson_nano_edgeai/my_results/clean_v2(without_tensorRT)/layer_runtime/ssd_mobilenet_v2_onnxrt_cuda.csv
ssd_mobilenet_v2,onnxrt_cuda,342,Add:StatefulPartitionedCall/ssd_mobile_net_v2keras_feature_extractor/functional_1/block_9_add/add_fence_before,onnxruntime,onnx_node,0.001,0.0,0.001,0.001,5,2.9e-05,99.995437,165,clean_v2_without_tensorrt,/Users/hobongs/Desktop/HoBong_study/26-1/탄중/temp/jetson_nano_edgeai/my_results/clean_v2(without_tensorRT)/layer_runtime/ssd_mobilenet_v2_onnxrt_cuda.csv
ssd_mobilenet_v2,onnxrt_cuda,126,Add:StatefulPartitionedCall/ssd_mobile_net_v2keras_feature_extractor/functional_1/block_9_add/add_kernel_time,onnxruntime,onnx_node,0.06485,0.009427,0.059,0.12,60,0.001849,99.885713,166,clean_v2_without_tensorrt,/Users/hobongs/Desktop/HoBong_study/26-1/탄중/temp/jetson_nano_edgeai/my_results/clean_v2(without_tensorRT)/layer_runtime/ssd_mobilenet_v2_onnxrt_cuda.csv
ssd_mobilenet_v2,onnxrt_cuda,66,Conv:StatefulPartitionedCall/ssd_mobile_net_v2keras_feature_extractor/functional_1/block_10_expand/Conv2D_kernel_time,onnxruntime,onnx_node,0.5729,3.203984,0.145,25.183,60,0.016339,99.590708,167,clean_v2_without_tensorrt,/Users/hobongs/Desktop/HoBong_study/26-1/탄중/temp/jetson_nano_edgeai/my_results/clean_v2(without_tensorRT)/layer_runtime/ssd_mobilenet_v2_onnxrt_cuda.csv
ssd_mobilenet_v2,onnxrt_cuda,343,Conv:StatefulPartitionedCall/ssd_mobile_net_v2keras_feature_extractor/functional_1/block_10_expand/Conv2D_fence_after,onnxruntime,onnx_node,0.001,0.0,0.001,0.001,2,2.9e-05,99.995465,168,clean_v2_without_tensorrt,/Users/hobongs/Desktop/HoBong_study/26-1/탄중/temp/jetson_nano_edgeai/my_results/clean_v2(without_tensorRT)/layer_runtime/ssd_mobilenet_v2_onnxrt_cuda.csv
ssd_mobilenet_v2,onnxrt_cuda,344,Clip:StatefulPartitionedCall/ssd_mobile_net_v2keras_feature_extractor/functional_1/block_10_expand_relu/Relu6_fence_before,onnxruntime,onnx_node,0.001,0.0,0.001,0.001,16,2.9e-05,99.995494,169,clean_v2_without_tensorrt,/Users/hobongs/Desktop/HoBong_study/26-1/탄중/temp/jetson_nano_edgeai/my_results/clean_v2(without_tensorRT)/layer_runtime/ssd_mobilenet_v2_onnxrt_cuda.csv
ssd_mobilenet_v2,onnxrt_cuda,150,Clip:StatefulPartitionedCall/ssd_mobile_net_v2keras_feature_extractor/functional_1/block_10_expand_relu/Relu6_kernel_time,onnxruntime,onnx_node,0.062517,0.009438,0.057,0.115,60,0.001783,99.929306,170,clean_v2_without_tensorrt,/Users/hobongs/Desktop/HoBong_study/26-1/탄중/temp/jetson_nano_edgeai/my_results/clean_v2(without_tensorRT)/layer_runtime/ssd_mobilenet_v2_onnxrt_cuda.csv
ssd_mobilenet_v2,onnxrt_cuda,345,Conv:StatefulPartitionedCall/ssd_mobile_net_v2keras_feature_extractor/functional_1/block_10_depthwise/depthwise_fence_before,onnxruntime,onnx_node,0.001,0.0,0.001,0.001,11,2.9e-05,99.995522,171,clean_v2_without_tensorrt,/Users/hobongs/Desktop/HoBong_study/26-1/탄중/temp/jetson_nano_edgeai/my_results/clean_v2(without_tensorRT)/layer_runtime/ssd_mobilenet_v2_onnxrt_cuda.csv
ssd_mobilenet_v2,onnxrt_cuda,19,Conv:StatefulPartitionedCall/ssd_mobile_net_v2keras_feature_extractor/functional_1/block_10_depthwise/depthwise_kernel_time,onnxruntime,onnx_node,5.848983,43.908817,0.123,343.119,60,0.166808,98.35123,172,clean_v2_without_tensorrt,/Users/hobongs/Desktop/HoBong_study/26-1/탄중/temp/jetson_nano_edgeai/my_results/clean_v2(without_tensorRT)/layer_runtime/ssd_mobilenet_v2_onnxrt_cuda.csv
ssd_mobilenet_v2,onnxrt_cuda,346,Conv:StatefulPartitionedCall/ssd_mobile_net_v2keras_feature_extractor/functional_1/block_10_depthwise/depthwise_fence_after,onnxruntime,onnx_node,0.001,0.0,0.001,0.001,2,2.9e-05,99.995551,173,clean_v2_without_tensorrt,/Users/hobongs/Desktop/HoBong_study/26-1/탄중/temp/jetson_nano_edgeai/my_results/clean_v2(without_tensorRT)/layer_runtime/ssd_mobilenet_v2_onnxrt_cuda.csv
ssd_mobilenet_v2,onnxrt_cuda,347,Clip:StatefulPartitionedCall/ssd_mobile_net_v2keras_feature_extractor/functional_1/block_10_depthwise_relu/Relu6_fence_before,onnxruntime,onnx_node,0.001,0.0,0.001,0.001,4,2.9e-05,99.99558,174,clean_v2_without_tensorrt,/Users/hobongs/Desktop/HoBong_study/26-1/탄중/temp/jetson_nano_edgeai/my_results/clean_v2(without_tensorRT)/layer_runtime/ssd_mobilenet_v2_onnxrt_cuda.csv
ssd_mobilenet_v2,onnxrt_cuda,158,Clip:StatefulPartitionedCall/ssd_mobile_net_v2keras_feature_extractor/functional_1/block_10_depthwise_relu/Relu6_kernel_time,onnxruntime,onnx_node,0.061067,0.007754,0.055,0.091,60,0.001742,99.94339,175,clean_v2_without_tensorrt,/Users/hobongs/Desktop/HoBong_study/26-1/탄중/temp/jetson_nano_edgeai/my_results/clean_v2(without_tensorRT)/layer_runtime/ssd_mobilenet_v2_onnxrt_cuda.csv
ssd_mobilenet_v2,onnxrt_cuda,348,Conv:StatefulPartitionedCall/ssd_mobile_net_v2keras_feature_extractor/functional_1/block_10_project/Conv2D_fence_before,onnxruntime,onnx_node,0.001,0.0,0.001,0.001,2,2.9e-05,99.995608,176,clean_v2_without_tensorrt,/Users/hobongs/Desktop/HoBong_study/26-1/탄중/temp/jetson_nano_edgeai/my_results/clean_v2(without_tensorRT)/layer_runtime/ssd_mobilenet_v2_onnxrt_cuda.csv
ssd_mobilenet_v2,onnxrt_cuda,53,Conv:StatefulPartitionedCall/ssd_mobile_net_v2keras_feature_extractor/functional_1/block_10_project/Conv2D_kernel_time,onnxruntime,onnx_node,0.612317,3.31667,0.172,26.088,60,0.017463,99.372439,177,clean_v2_without_tensorrt,/Users/hobongs/Desktop/HoBong_study/26-1/탄중/temp/jetson_nano_edgeai/my_results/clean_v2(without_tensorRT)/layer_runtime/ssd_mobilenet_v2_onnxrt_cuda.csv
ssd_mobilenet_v2,onnxrt_cuda,349,Conv:StatefulPartitionedCall/ssd_mobile_net_v2keras_feature_extractor/functional_1/block_10_project/Conv2D_fence_after,onnxruntime,onnx_node,0.001,0.0,0.001,0.001,2,2.9e-05,99.995637,178,clean_v2_without_tensorrt,/Users/hobongs/Desktop/HoBong_study/26-1/탄중/temp/jetson_nano_edgeai/my_results/clean_v2(without_tensorRT)/layer_runtime/ssd_mobilenet_v2_onnxrt_cuda.csv
ssd_mobilenet_v2,onnxrt_cuda,350,Conv:StatefulPartitionedCall/ssd_mobile_net_v2keras_feature_extractor/functional_1/block_11_expand/Conv2D_fence_before,onnxruntime,onnx_node,0.001,0.0,0.001,0.001,1,2.9e-05,99.995665,179,clean_v2_without_tensorrt,/Users/hobongs/Desktop/HoBong_study/26-1/탄중/temp/jetson_nano_edgeai/my_results/clean_v2(without_tensorRT)/layer_runtime/ssd_mobilenet_v2_onnxrt_cuda.csv
ssd_mobilenet_v2,onnxrt_cuda,43,Conv:StatefulPartitionedCall/ssd_mobile_net_v2keras_feature_extractor/functional_1/block_11_expand/Conv2D_kernel_time,onnxruntime,onnx_node,0.664533,3.695102,0.171,29.047,60,0.018952,99.191452,180,clean_v2_without_tensorrt,/Users/hobongs/Desktop/HoBong_study/26-1/탄중/temp/jetson_nano_edgeai/my_results/clean_v2(without_tensorRT)/layer_runtime/ssd_mobilenet_v2_onnxrt_cuda.csv
ssd_mobilenet_v2,onnxrt_cuda,351,Conv:StatefulPartitionedCall/ssd_mobile_net_v2keras_feature_extractor/functional_1/block_11_expand/Conv2D_fence_after,onnxruntime,onnx_node,0.001,0.0,0.001,0.001,1,2.9e-05,99.995694,181,clean_v2_without_tensorrt,/Users/hobongs/Desktop/HoBong_study/26-1/탄중/temp/jetson_nano_edgeai/my_results/clean_v2(without_tensorRT)/layer_runtime/ssd_mobilenet_v2_onnxrt_cuda.csv
ssd_mobilenet_v2,onnxrt_cuda,221,Clip:StatefulPartitionedCall/ssd_mobile_net_v2keras_feature_extractor/functional_1/block_11_expand_relu/Relu6_fence_before,onnxruntime,onnx_node,0.002818,0.00575,0.001,0.021,11,8e-05,99.991584,182,clean_v2_without_tensorrt,/Users/hobongs/Desktop/HoBong_study/26-1/탄중/temp/jetson_nano_edgeai/my_results/clean_v2(without_tensorRT)/layer_runtime/ssd_mobilenet_v2_onnxrt_cuda.csv
ssd_mobilenet_v2,onnxrt_cuda,144,Clip:StatefulPartitionedCall/ssd_mobile_net_v2keras_feature_extractor/functional_1/block_11_expand_relu/Relu6_kernel_time,onnxruntime,onnx_node,0.062933,0.010119,0.057,0.125,60,0.001795,99.91858,183,clean_v2_without_tensorrt,/Users/hobongs/Desktop/HoBong_study/26-1/탄중/temp/jetson_nano_edgeai/my_results/clean_v2(without_tensorRT)/layer_runtime/ssd_mobilenet_v2_onnxrt_cuda.csv
ssd_mobilenet_v2,onnxrt_cuda,15,Conv:StatefulPartitionedCall/ssd_mobile_net_v2keras_feature_extractor/functional_1/block_11_depthwise/depthwise_kernel_time,onnxruntime,onnx_node,8.491583,64.20441,0.12,501.655,60,0.242173,97.653427,184,clean_v2_without_tensorrt,/Users/hobongs/Desktop/HoBong_study/26-1/탄중/temp/jetson_nano_edgeai/my_results/clean_v2(without_tensorRT)/layer_runtime/ssd_mobilenet_v2_onnxrt_cuda.csv
ssd_mobilenet_v2,onnxrt_cuda,352,Conv:StatefulPartitionedCall/ssd_mobile_net_v2keras_feature_extractor/functional_1/block_11_depthwise/depthwise_fence_after,onnxruntime,onnx_node,0.001,0.0,0.001,0.001,3,2.9e-05,99.995722,185,clean_v2_without_tensorrt,/Users/hobongs/Desktop/HoBong_study/26-1/탄중/temp/jetson_nano_edgeai/my_results/clean_v2(without_tensorRT)/layer_runtime/ssd_mobilenet_v2_onnxrt_cuda.csv
ssd_mobilenet_v2,onnxrt_cuda,353,Clip:StatefulPartitionedCall/ssd_mobile_net_v2keras_feature_extractor/functional_1/block_11_depthwise_relu/Relu6_fence_before,onnxruntime,onnx_node,0.001,0.0,0.001,0.001,5,2.9e-05,99.995751,186,clean_v2_without_tensorrt,/Users/hobongs/Desktop/HoBong_study/26-1/탄중/temp/jetson_nano_edgeai/my_results/clean_v2(without_tensorRT)/layer_runtime/ssd_mobilenet_v2_onnxrt_cuda.csv
ssd_mobilenet_v2,onnxrt_cuda,152,Clip:StatefulPartitionedCall/ssd_mobile_net_v2keras_feature_extractor/functional_1/block_11_depthwise_relu/Relu6_kernel_time,onnxruntime,onnx_node,0.06215,0.010172,0.055,0.096,60,0.001772,99.932856,187,clean_v2_without_tensorrt,/Users/hobongs/Desktop/HoBong_study/26-1/탄중/temp/jetson_nano_edgeai/my_results/clean_v2(without_tensorRT)/layer_runtime/ssd_mobilenet_v2_onnxrt_cuda.csv
ssd_mobilenet_v2,onnxrt_cuda,354,Conv:StatefulPartitionedCall/ssd_mobile_net_v2keras_feature_extractor/functional_1/block_11_project/Conv2D_fence_before,onnxruntime,onnx_node,0.001,0.0,0.001,0.001,4,2.9e-05,99.995779,188,clean_v2_without_tensorrt,/Users/hobongs/Desktop/HoBong_study/26-1/탄중/temp/jetson_nano_edgeai/my_results/clean_v2(without_tensorRT)/layer_runtime/ssd_mobilenet_v2_onnxrt_cuda.csv
ssd_mobilenet_v2,onnxrt_cuda,36,Conv:StatefulPartitionedCall/ssd_mobile_net_v2keras_feature_extractor/functional_1/block_11_project/Conv2D_kernel_time,onnxruntime,onnx_node,0.716083,4.01926,0.169,31.588,60,0.020422,99.054744,189,clean_v2_without_tensorrt,/Users/hobongs/Desktop/HoBong_study/26-1/탄중/temp/jetson_nano_edgeai/my_results/clean_v2(without_tensorRT)/layer_runtime/ssd_mobilenet_v2_onnxrt_cuda.csv
ssd_mobilenet_v2,onnxrt_cuda,355,Conv:StatefulPartitionedCall/ssd_mobile_net_v2keras_feature_extractor/functional_1/block_11_project/Conv2D_fence_after,onnxruntime,onnx_node,0.001,0.0,0.001,0.001,1,2.9e-05,99.995808,190,clean_v2_without_tensorrt,/Users/hobongs/Desktop/HoBong_study/26-1/탄중/temp/jetson_nano_edgeai/my_results/clean_v2(without_tensorRT)/layer_runtime/ssd_mobilenet_v2_onnxrt_cuda.csv
ssd_mobilenet_v2,onnxrt_cuda,356,Add:StatefulPartitionedCall/ssd_mobile_net_v2keras_feature_extractor/functional_1/block_11_add/add_fence_before,onnxruntime,onnx_node,0.001,0.0,0.001,0.001,8,2.9e-05,99.995836,191,clean_v2_without_tensorrt,/Users/hobongs/Desktop/HoBong_study/26-1/탄중/temp/jetson_nano_edgeai/my_results/clean_v2(without_tensorRT)/layer_runtime/ssd_mobilenet_v2_onnxrt_cuda.csv
ssd_mobilenet_v2,onnxrt_cuda,114,Add:StatefulPartitionedCall/ssd_mobile_net_v2keras_feature_extractor/functional_1/block_11_add/add_kernel_time,onnxruntime,onnx_node,0.067,0.012714,0.058,0.139,60,0.001911,99.863107,192,clean_v2_without_tensorrt,/Users/hobongs/Desktop/HoBong_study/26-1/탄중/temp/jetson_nano_edgeai/my_results/clean_v2(without_tensorRT)/layer_runtime/ssd_mobilenet_v2_onnxrt_cuda.csv
ssd_mobilenet_v2,onnxrt_cuda,357,Add:StatefulPartitionedCall/ssd_mobile_net_v2keras_feature_extractor/functional_1/block_11_add/add_fence_after,onnxruntime,onnx_node,0.001,0.0,0.001,0.001,2,2.9e-05,99.995865,193,clean_v2_without_tensorrt,/Users/hobongs/Desktop/HoBong_study/26-1/탄중/temp/jetson_nano_edgeai/my_results/clean_v2(without_tensorRT)/layer_runtime/ssd_mobilenet_v2_onnxrt_cuda.csv
ssd_mobilenet_v2,onnxrt_cuda,358,Conv:StatefulPartitionedCall/ssd_mobile_net_v2keras_feature_extractor/functional_1/block_12_expand/Conv2D_fence_before,onnxruntime,onnx_node,0.001,0.0,0.001,0.001,13,2.9e-05,99.995893,194,clean_v2_without_tensorrt,/Users/hobongs/Desktop/HoBong_study/26-1/탄중/temp/jetson_nano_edgeai/my_results/clean_v2(without_tensorRT)/layer_runtime/ssd_mobilenet_v2_onnxrt_cuda.csv
ssd_mobilenet_v2,onnxrt_cuda,42,Conv:StatefulPartitionedCall/ssd_mobile_net_v2keras_feature_extractor/functional_1/block_12_expand/Conv2D_kernel_time,onnxruntime,onnx_node,0.67145,3.7045,0.169,29.126,60,0.019149,99.1725,195,clean_v2_without_tensorrt,/Users/hobongs/Desktop/HoBong_study/26-1/탄중/temp/jetson_nano_edgeai/my_results/clean_v2(without_tensorRT)/layer_runtime/ssd_mobilenet_v2_onnxrt_cuda.csv
ssd_mobilenet_v2,onnxrt_cuda,359,Conv:StatefulPartitionedCall/ssd_mobile_net_v2keras_feature_extractor/functional_1/block_12_expand/Conv2D_fence_after,onnxruntime,onnx_node,0.001,0.0,0.001,0.001,3,2.9e-05,99.995922,196,clean_v2_without_tensorrt,/Users/hobongs/Desktop/HoBong_study/26-1/탄중/temp/jetson_nano_edgeai/my_results/clean_v2(without_tensorRT)/layer_runtime/ssd_mobilenet_v2_onnxrt_cuda.csv
ssd_mobilenet_v2,onnxrt_cuda,360,Clip:StatefulPartitionedCall/ssd_mobile_net_v2keras_feature_extractor/functional_1/block_12_expand_relu/Relu6_fence_before,onnxruntime,onnx_node,0.001,0.0,0.001,0.001,10,2.9e-05,99.99595,197,clean_v2_without_tensorrt,/Users/hobongs/Desktop/HoBong_study/26-1/탄중/temp/jetson_nano_edgeai/my_results/clean_v2(without_tensorRT)/layer_runtime/ssd_mobilenet_v2_onnxrt_cuda.csv
ssd_mobilenet_v2,onnxrt_cuda,117,Clip:StatefulPartitionedCall/ssd_mobile_net_v2keras_feature_extractor/functional_1/block_12_expand_relu/Relu6_kernel_time,onnxruntime,onnx_node,0.066567,0.010692,0.058,0.12,60,0.001898,99.868816,198,clean_v2_without_tensorrt,/Users/hobongs/Desktop/HoBong_study/26-1/탄중/temp/jetson_nano_edgeai/my_results/clean_v2(without_tensorRT)/layer_runtime/ssd_mobilenet_v2_onnxrt_cuda.csv
ssd_mobilenet_v2,onnxrt_cuda,361,Clip:StatefulPartitionedCall/ssd_mobile_net_v2keras_feature_extractor/functional_1/block_12_expand_relu/Relu6_fence_after,onnxruntime,onnx_node,0.001,0.0,0.001,0.001,2,2.9e-05,99.995979,199,clean_v2_without_tensorrt,/Users/hobongs/Desktop/HoBong_study/26-1/탄중/temp/jetson_nano_edgeai/my_results/clean_v2(without_tensorRT)/layer_runtime/ssd_mobilenet_v2_onnxrt_cuda.csv
ssd_mobilenet_v2,onnxrt_cuda,14,Conv:StatefulPartitionedCall/ssd_mobile_net_v2keras_feature_extractor/functional_1/block_12_depthwise/depthwise_kernel_time,onnxruntime,onnx_node,8.51375,64.296952,0.128,502.388,60,0.242805,97.411254,200,clean_v2_without_tensorrt,/Users/hobongs/Desktop/HoBong_study/26-1/탄중/temp/jetson_nano_edgeai/my_results/clean_v2(without_tensorRT)/layer_runtime/ssd_mobilenet_v2_onnxrt_cuda.csv
ssd_mobilenet_v2,onnxrt_cuda,362,Conv:StatefulPartitionedCall/ssd_mobile_net_v2keras_feature_extractor/functional_1/block_12_depthwise/depthwise_fence_after,onnxruntime,onnx_node,0.001,0.0,0.001,0.001,4,2.9e-05,99.996007,201,clean_v2_without_tensorrt,/Users/hobongs/Desktop/HoBong_study/26-1/탄중/temp/jetson_nano_edgeai/my_results/clean_v2(without_tensorRT)/layer_runtime/ssd_mobilenet_v2_onnxrt_cuda.csv
ssd_mobilenet_v2,onnxrt_cuda,363,Clip:StatefulPartitionedCall/ssd_mobile_net_v2keras_feature_extractor/functional_1/block_12_depthwise_relu/Relu6_fence_before,onnxruntime,onnx_node,0.001,0.0,0.001,0.001,4,2.9e-05,99.996036,202,clean_v2_without_tensorrt,/Users/hobongs/Desktop/HoBong_study/26-1/탄중/temp/jetson_nano_edgeai/my_results/clean_v2(without_tensorRT)/layer_runtime/ssd_mobilenet_v2_onnxrt_cuda.csv
ssd_mobilenet_v2,onnxrt_cuda,146,Clip:StatefulPartitionedCall/ssd_mobile_net_v2keras_feature_extractor/functional_1/block_12_depthwise_relu/Relu6_kernel_time,onnxruntime,onnx_node,0.062717,0.008566,0.055,0.092,60,0.001789,99.922162,203,clean_v2_without_tensorrt,/Users/hobongs/Desktop/HoBong_study/26-1/탄중/temp/jetson_nano_edgeai/my_results/clean_v2(without_tensorRT)/layer_runtime/ssd_mobilenet_v2_onnxrt_cuda.csv
ssd_mobilenet_v2,onnxrt_cuda,228,Conv:StatefulPartitionedCall/ssd_mobile_net_v2keras_feature_extractor/functional_1/block_12_project/Conv2D_fence_before,onnxruntime,onnx_node,0.002056,0.004352,0.001,0.02,18,5.9e-05,99.992037,204,clean_v2_without_tensorrt,/Users/hobongs/Desktop/HoBong_study/26-1/탄중/temp/jetson_nano_edgeai/my_results/clean_v2(without_tensorRT)/layer_runtime/ssd_mobilenet_v2_onnxrt_cuda.csv
ssd_mobilenet_v2,onnxrt_cuda,47,Conv:StatefulPartitionedCall/ssd_mobile_net_v2keras_feature_extractor/functional_1/block_12_project/Conv2D_kernel_time,onnxruntime,onnx_node,0.643683,3.50905,0.171,27.597,60,0.018357,99.266161,205,clean_v2_without_tensorrt,/Users/hobongs/Desktop/HoBong_study/26-1/탄중/temp/jetson_nano_edgeai/my_results/clean_v2(without_tensorRT)/layer_runtime/ssd_mobilenet_v2_onnxrt_cuda.csv
ssd_mobilenet_v2,onnxrt_cuda,364,Conv:StatefulPartitionedCall/ssd_mobile_net_v2keras_feature_extractor/functional_1/block_12_project/Conv2D_fence_after,onnxruntime,onnx_node,0.001,0.0,0.001,0.001,3,2.9e-05,99.996064,206,clean_v2_without_tensorrt,/Users/hobongs/Desktop/HoBong_study/26-1/탄중/temp/jetson_nano_edgeai/my_results/clean_v2(without_tensorRT)/layer_runtime/ssd_mobilenet_v2_onnxrt_cuda.csv
ssd_mobilenet_v2,onnxrt_cuda,226,Add:StatefulPartitionedCall/ssd_mobile_net_v2keras_feature_extractor/functional_1/block_12_add/add_fence_before,onnxruntime,onnx_node,0.0022,0.005231,0.001,0.025,20,6.3e-05,99.991916,207,clean_v2_without_tensorrt,/Users/hobongs/Desktop/HoBong_study/26-1/탄중/temp/jetson_nano_edgeai/my_results/clean_v2(without_tensorRT)/layer_runtime/ssd_mobilenet_v2_onnxrt_cuda.csv
ssd_mobilenet_v2,onnxrt_cuda,120,Add:StatefulPartitionedCall/ssd_mobile_net_v2keras_feature_extractor/functional_1/block_12_add/add_kernel_time,onnxruntime,onnx_node,0.066433,0.012568,0.058,0.123,60,0.001895,99.874504,208,clean_v2_without_tensorrt,/Users/hobongs/Desktop/HoBong_study/26-1/탄중/temp/jetson_nano_edgeai/my_results/clean_v2(without_tensorRT)/layer_runtime/ssd_mobilenet_v2_onnxrt_cuda.csv
ssd_mobilenet_v2,onnxrt_cuda,365,Conv:StatefulPartitionedCall/ssd_mobile_net_v2keras_feature_extractor/functional_1/block_13_expand/Conv2D_fence_before,onnxruntime,onnx_node,0.001,0.0,0.001,0.001,3,2.9e-05,99.996093,209,clean_v2_without_tensorrt,/Users/hobongs/Desktop/HoBong_study/26-1/탄중/temp/jetson_nano_edgeai/my_results/clean_v2(without_tensorRT)/layer_runtime/ssd_mobilenet_v2_onnxrt_cuda.csv
ssd_mobilenet_v2,onnxrt_cuda,41,Conv:StatefulPartitionedCall/ssd_mobile_net_v2keras_feature_extractor/functional_1/block_13_expand/Conv2D_kernel_time,onnxruntime,onnx_node,0.67385,3.705518,0.172,29.136,60,0.019218,99.153351,210,clean_v2_without_tensorrt,/Users/hobongs/Desktop/HoBong_study/26-1/탄중/temp/jetson_nano_edgeai/my_results/clean_v2(without_tensorRT)/layer_runtime/ssd_mobilenet_v2_onnxrt_cuda.csv
ssd_mobilenet_v2,onnxrt_cuda,366,Conv:StatefulPartitionedCall/ssd_mobile_net_v2keras_feature_extractor/functional_1/block_13_expand/Conv2D_fence_after,onnxruntime,onnx_node,0.001,0.0,0.001,0.001,1,2.9e-05,99.996121,211,clean_v2_without_tensorrt,/Users/hobongs/Desktop/HoBong_study/26-1/탄중/temp/jetson_nano_edgeai/my_results/clean_v2(without_tensorRT)/layer_runtime/ssd_mobilenet_v2_onnxrt_cuda.csv
ssd_mobilenet_v2,onnxrt_cuda,367,Clip:StatefulPartitionedCall/ssd_mobile_net_v2keras_feature_extractor/functional_1/block_13_expand_relu/Relu6_fence_before,onnxruntime,onnx_node,0.001,0.0,0.001,0.001,16,2.9e-05,99.99615,212,clean_v2_without_tensorrt,/Users/hobongs/Desktop/HoBong_study/26-1/탄중/temp/jetson_nano_edgeai/my_results/clean_v2(without_tensorRT)/layer_runtime/ssd_mobilenet_v2_onnxrt_cuda.csv
ssd_mobilenet_v2,onnxrt_cuda,136,Clip:StatefulPartitionedCall/ssd_mobile_net_v2keras_feature_extractor/functional_1/block_13_expand_relu/Relu6_kernel_time,onnxruntime,onnx_node,0.06425,0.011666,0.057,0.112,60,0.001832,99.904113,213,clean_v2_without_tensorrt,/Users/hobongs/Desktop/HoBong_study/26-1/탄중/temp/jetson_nano_edgeai/my_results/clean_v2(without_tensorRT)/layer_runtime/ssd_mobilenet_v2_onnxrt_cuda.csv
ssd_mobilenet_v2,onnxrt_cuda,22,Conv:StatefulPartitionedCall/ssd_mobile_net_v2keras_feature_extractor/functional_1/block_13_depthwise/depthwise_kernel_time,onnxruntime,onnx_node,3.487433,25.734389,0.125,201.157,60,0.099459,98.740437,214,clean_v2_without_tensorrt,/Users/hobongs/Desktop/HoBong_study/26-1/탄중/temp/jetson_nano_edgeai/my_results/clean_v2(without_tensorRT)/layer_runtime/ssd_mobilenet_v2_onnxrt_cuda.csv
ssd_mobilenet_v2,onnxrt_cuda,368,Conv:StatefulPartitionedCall/ssd_mobile_net_v2keras_feature_extractor/functional_1/block_13_depthwise/depthwise_fence_after,onnxruntime,onnx_node,0.001,0.0,0.001,0.001,1,2.9e-05,99.996178,215,clean_v2_without_tensorrt,/Users/hobongs/Desktop/HoBong_study/26-1/탄중/temp/jetson_nano_edgeai/my_results/clean_v2(without_tensorRT)/layer_runtime/ssd_mobilenet_v2_onnxrt_cuda.csv
ssd_mobilenet_v2,onnxrt_cuda,369,Clip:StatefulPartitionedCall/ssd_mobile_net_v2keras_feature_extractor/functional_1/block_13_depthwise_relu/Relu6_fence_before,onnxruntime,onnx_node,0.001,0.0,0.001,0.001,3,2.9e-05,99.996207,216,clean_v2_without_tensorrt,/Users/hobongs/Desktop/HoBong_study/26-1/탄중/temp/jetson_nano_edgeai/my_results/clean_v2(without_tensorRT)/layer_runtime/ssd_mobilenet_v2_onnxrt_cuda.csv
ssd_mobilenet_v2,onnxrt_cuda,142,Clip:StatefulPartitionedCall/ssd_mobile_net_v2keras_feature_extractor/functional_1/block_13_depthwise_relu/Relu6_kernel_time,onnxruntime,onnx_node,0.063317,0.011424,0.057,0.136,60,0.001806,99.914989,217,clean_v2_without_tensorrt,/Users/hobongs/Desktop/HoBong_study/26-1/탄중/temp/jetson_nano_edgeai/my_results/clean_v2(without_tensorRT)/layer_runtime/ssd_mobilenet_v2_onnxrt_cuda.csv
ssd_mobilenet_v2,onnxrt_cuda,370,Conv:StatefulPartitionedCall/ssd_mobile_net_v2keras_feature_extractor/functional_1/block_13_project/Conv2D_fence_before,onnxruntime,onnx_node,0.001,0.0,0.001,0.001,12,2.9e-05,99.996235,218,clean_v2_without_tensorrt,/Users/hobongs/Desktop/HoBong_study/26-1/탄중/temp/jetson_nano_edgeai/my_results/clean_v2(without_tensorRT)/layer_runtime/ssd_mobilenet_v2_onnxrt_cuda.csv
ssd_mobilenet_v2,onnxrt_cuda,40,Conv:StatefulPartitionedCall/ssd_mobile_net_v2keras_feature_extractor/functional_1/block_13_project/Conv2D_kernel_time,onnxruntime,onnx_node,0.686783,3.81881,0.171,30.019,60,0.019586,99.134133,219,clean_v2_without_tensorrt,/Users/hobongs/Desktop/HoBong_study/26-1/탄중/temp/jetson_nano_edgeai/my_results/clean_v2(without_tensorRT)/layer_runtime/ssd_mobilenet_v2_onnxrt_cuda.csv
ssd_mobilenet_v2,onnxrt_cuda,371,Conv:StatefulPartitionedCall/ssd_mobile_net_v2keras_feature_extractor/functional_1/block_13_project/Conv2D_fence_after,onnxruntime,onnx_node,0.001,0.0,0.001,0.001,3,2.9e-05,99.996264,220,clean_v2_without_tensorrt,/Users/hobongs/Desktop/HoBong_study/26-1/탄중/temp/jetson_nano_edgeai/my_results/clean_v2(without_tensorRT)/layer_runtime/ssd_mobilenet_v2_onnxrt_cuda.csv
ssd_mobilenet_v2,onnxrt_cuda,234,Conv:StatefulPartitionedCall/ssd_mobile_net_v2keras_feature_extractor/functional_1/block_14_expand/Conv2D_fence_before,onnxruntime,onnx_node,0.0012,0.000872,0.001,0.005,20,3.4e-05,99.992308,221,clean_v2_without_tensorrt,/Users/hobongs/Desktop/HoBong_study/26-1/탄중/temp/jetson_nano_edgeai/my_results/clean_v2(without_tensorRT)/layer_runtime/ssd_mobilenet_v2_onnxrt_cuda.csv
ssd_mobilenet_v2,onnxrt_cuda,26,Conv:StatefulPartitionedCall/ssd_mobile_net_v2keras_feature_extractor/functional_1/block_14_expand/Conv2D_kernel_time,onnxruntime,onnx_node,0.804333,4.652159,0.175,36.538,60,0.022939,98.839555,222,clean_v2_without_tensorrt,/Users/hobongs/Desktop/HoBong_study/26-1/탄중/temp/jetson_nano_edgeai/my_results/clean_v2(without_tensorRT)/layer_runtime/ssd_mobilenet_v2_onnxrt_cuda.csv
ssd_mobilenet_v2,onnxrt_cuda,372,Conv:StatefulPartitionedCall/ssd_mobile_net_v2keras_feature_extractor/functional_1/block_14_expand/Conv2D_fence_after,onnxruntime,onnx_node,0.001,0.0,0.001,0.001,2,2.9e-05,99.996293,223,clean_v2_without_tensorrt,/Users/hobongs/Desktop/HoBong_study/26-1/탄중/temp/jetson_nano_edgeai/my_results/clean_v2(without_tensorRT)/layer_runtime/ssd_mobilenet_v2_onnxrt_cuda.csv
ssd_mobilenet_v2,onnxrt_cuda,373,Clip:StatefulPartitionedCall/ssd_mobile_net_v2keras_feature_extractor/functional_1/block_14_expand_relu/Relu6_fence_before,onnxruntime,onnx_node,0.001,0.0,0.001,0.001,15,2.9e-05,99.996321,224,clean_v2_without_tensorrt,/Users/hobongs/Desktop/HoBong_study/26-1/탄중/temp/jetson_nano_edgeai/my_results/clean_v2(without_tensorRT)/layer_runtime/ssd_mobilenet_v2_onnxrt_cuda.csv
ssd_mobilenet_v2,onnxrt_cuda,108,Clip:StatefulPartitionedCall/ssd_mobile_net_v2keras_feature_extractor/functional_1/block_14_expand_relu/Relu6_kernel_time,onnxruntime,onnx_node,0.067383,0.012583,0.06,0.122,60,0.001922,99.851609,225,clean_v2_without_tensorrt,/Users/hobongs/Desktop/HoBong_study/26-1/탄중/temp/jetson_nano_edgeai/my_results/clean_v2(without_tensorRT)/layer_runtime/ssd_mobilenet_v2_onnxrt_cuda.csv
ssd_mobilenet_v2,onnxrt_cuda,8,Conv:StatefulPartitionedCall/ssd_mobile_net_v2keras_feature_extractor/functional_1/block_14_depthwise/depthwise_kernel_time,onnxruntime,onnx_node,11.024867,83.62973,0.125,653.397,60,0.31442,95.777254,226,clean_v2_without_tensorrt,/Users/hobongs/Desktop/HoBong_study/26-1/탄중/temp/jetson_nano_edgeai/my_results/clean_v2(without_tensorRT)/layer_runtime/ssd_mobilenet_v2_onnxrt_cuda.csv
ssd_mobilenet_v2,onnxrt_cuda,374,Conv:StatefulPartitionedCall/ssd_mobile_net_v2keras_feature_extractor/functional_1/block_14_depthwise/depthwise_fence_after,onnxruntime,onnx_node,0.001,0.0,0.001,0.001,2,2.9e-05,99.99635,227,clean_v2_without_tensorrt,/Users/hobongs/Desktop/HoBong_study/26-1/탄중/temp/jetson_nano_edgeai/my_results/clean_v2(without_tensorRT)/layer_runtime/ssd_mobilenet_v2_onnxrt_cuda.csv
ssd_mobilenet_v2,onnxrt_cuda,375,Clip:StatefulPartitionedCall/ssd_mobile_net_v2keras_feature_extractor/functional_1/block_14_depthwise_relu/Relu6_fence_before,onnxruntime,onnx_node,0.001,0.0,0.001,0.001,1,2.9e-05,99.996378,228,clean_v2_without_tensorrt,/Users/hobongs/Desktop/HoBong_study/26-1/탄중/temp/jetson_nano_edgeai/my_results/clean_v2(without_tensorRT)/layer_runtime/ssd_mobilenet_v2_onnxrt_cuda.csv
ssd_mobilenet_v2,onnxrt_cuda,141,Clip:StatefulPartitionedCall/ssd_mobile_net_v2keras_feature_extractor/functional_1/block_14_depthwise_relu/Relu6_kernel_time,onnxruntime,onnx_node,0.063383,0.013449,0.053,0.13,60,0.001808,99.913184,229,clean_v2_without_tensorrt,/Users/hobongs/Desktop/HoBong_study/26-1/탄중/temp/jetson_nano_edgeai/my_results/clean_v2(without_tensorRT)/layer_runtime/ssd_mobilenet_v2_onnxrt_cuda.csv
ssd_mobilenet_v2,onnxrt_cuda,210,Clip:StatefulPartitionedCall/ssd_mobile_net_v2keras_feature_extractor/functional_1/block_14_depthwise_relu/Relu6_fence_after,onnxruntime,onnx_node,0.0125,0.0115,0.001,0.024,2,0.000356,99.989963,230,clean_v2_without_tensorrt,/Users/hobongs/Desktop/HoBong_study/26-1/탄중/temp/jetson_nano_edgeai/my_results/clean_v2(without_tensorRT)/layer_runtime/ssd_mobilenet_v2_onnxrt_cuda.csv
ssd_mobilenet_v2,onnxrt_cuda,376,Conv:StatefulPartitionedCall/ssd_mobile_net_v2keras_feature_extractor/functional_1/block_14_project/Conv2D_fence_before,onnxruntime,onnx_node,0.001,0.0,0.001,0.001,4,2.9e-05,99.996407,231,clean_v2_without_tensorrt,/Users/hobongs/Desktop/HoBong_study/26-1/탄중/temp/jetson_nano_edgeai/my_results/clean_v2(without_tensorRT)/layer_runtime/ssd_mobilenet_v2_onnxrt_cuda.csv
ssd_mobilenet_v2,onnxrt_cuda,30,Conv:StatefulPartitionedCall/ssd_mobile_net_v2keras_feature_extractor/functional_1/block_14_project/Conv2D_kernel_time,onnxruntime,onnx_node,0.76985,4.466434,0.173,35.077,60,0.021955,98.928681,232,clean_v2_without_tensorrt,/Users/hobongs/Desktop/HoBong_study/26-1/탄중/temp/jetson_nano_edgeai/my_results/clean_v2(without_tensorRT)/layer_runtime/ssd_mobilenet_v2_onnxrt_cuda.csv
ssd_mobilenet_v2,onnxrt_cuda,377,Conv:StatefulPartitionedCall/ssd_mobile_net_v2keras_feature_extractor/functional_1/block_14_project/Conv2D_fence_after,onnxruntime,onnx_node,0.001,0.0,0.001,0.001,1,2.9e-05,99.996435,233,clean_v2_without_tensorrt,/Users/hobongs/Desktop/HoBong_study/26-1/탄중/temp/jetson_nano_edgeai/my_results/clean_v2(without_tensorRT)/layer_runtime/ssd_mobilenet_v2_onnxrt_cuda.csv
ssd_mobilenet_v2,onnxrt_cuda,378,Add:StatefulPartitionedCall/ssd_mobile_net_v2keras_feature_extractor/functional_1/block_14_add/add_fence_before,onnxruntime,onnx_node,0.001,0.0,0.001,0.001,26,2.9e-05,99.996464,234,clean_v2_without_tensorrt,/Users/hobongs/Desktop/HoBong_study/26-1/탄중/temp/jetson_nano_edgeai/my_results/clean_v2(without_tensorRT)/layer_runtime/ssd_mobilenet_v2_onnxrt_cuda.csv
ssd_mobilenet_v2,onnxrt_cuda,115,Add:StatefulPartitionedCall/ssd_mobile_net_v2keras_feature_extractor/functional_1/block_14_add/add_kernel_time,onnxruntime,onnx_node,0.06695,0.010278,0.061,0.125,60,0.001909,99.865016,235,clean_v2_without_tensorrt,/Users/hobongs/Desktop/HoBong_study/26-1/탄중/temp/jetson_nano_edgeai/my_results/clean_v2(without_tensorRT)/layer_runtime/ssd_mobilenet_v2_onnxrt_cuda.csv
ssd_mobilenet_v2,onnxrt_cuda,379,Conv:StatefulPartitionedCall/ssd_mobile_net_v2keras_feature_extractor/functional_1/block_15_expand/Conv2D_fence_before,onnxruntime,onnx_node,0.001,0.0,0.001,0.001,18,2.9e-05,99.996492,236,clean_v2_without_tensorrt,/Users/hobongs/Desktop/HoBong_study/26-1/탄중/temp/jetson_nano_edgeai/my_results/clean_v2(without_tensorRT)/layer_runtime/ssd_mobilenet_v2_onnxrt_cuda.csv
ssd_mobilenet_v2,onnxrt_cuda,27,Conv:StatefulPartitionedCall/ssd_mobile_net_v2keras_feature_extractor/functional_1/block_15_expand/Conv2D_kernel_time,onnxruntime,onnx_node,0.799683,4.674627,0.172,36.706,60,0.022806,98.862361,237,clean_v2_without_tensorrt,/Users/hobongs/Desktop/HoBong_study/26-1/탄중/temp/jetson_nano_edgeai/my_results/clean_v2(without_tensorRT)/layer_runtime/ssd_mobilenet_v2_onnxrt_cuda.csv
ssd_mobilenet_v2,onnxrt_cuda,380,Conv:StatefulPartitionedCall/ssd_mobile_net_v2keras_feature_extractor/functional_1/block_15_expand/Conv2D_fence_after,onnxruntime,onnx_node,0.001,0.0,0.001,0.001,2,2.9e-05,99.996521,238,clean_v2_without_tensorrt,/Users/hobongs/Desktop/HoBong_study/26-1/탄중/temp/jetson_nano_edgeai/my_results/clean_v2(without_tensorRT)/layer_runtime/ssd_mobilenet_v2_onnxrt_cuda.csv
ssd_mobilenet_v2,onnxrt_cuda,381,Clip:StatefulPartitionedCall/ssd_mobile_net_v2keras_feature_extractor/functional_1/block_15_expand_relu/Relu6_fence_before,onnxruntime,onnx_node,0.001,0.0,0.001,0.001,40,2.9e-05,99.996549,239,clean_v2_without_tensorrt,/Users/hobongs/Desktop/HoBong_study/26-1/탄중/temp/jetson_nano_edgeai/my_results/clean_v2(without_tensorRT)/layer_runtime/ssd_mobilenet_v2_onnxrt_cuda.csv
ssd_mobilenet_v2,onnxrt_cuda,147,Clip:StatefulPartitionedCall/ssd_mobile_net_v2keras_feature_extractor/functional_1/block_15_expand_relu/Relu6_kernel_time,onnxruntime,onnx_node,0.0627,0.008293,0.058,0.115,60,0.001788,99.92395,240,clean_v2_without_tensorrt,/Users/hobongs/Desktop/HoBong_study/26-1/탄중/temp/jetson_nano_edgeai/my_results/clean_v2(without_tensorRT)/layer_runtime/ssd_mobilenet_v2_onnxrt_cuda.csv
ssd_mobilenet_v2,onnxrt_cuda,9,Conv:StatefulPartitionedCall/ssd_mobile_net_v2keras_feature_extractor/functional_1/block_15_depthwise/depthwise_kernel_time,onnxruntime,onnx_node,10.65665,80.841632,0.122,631.613,60,0.303918,96.081172,241,clean_v2_without_tensorrt,/Users/hobongs/Desktop/HoBong_study/26-1/탄중/temp/jetson_nano_edgeai/my_results/clean_v2(without_tensorRT)/layer_runtime/ssd_mobilenet_v2_onnxrt_cuda.csv
ssd_mobilenet_v2,onnxrt_cuda,229,Conv:StatefulPartitionedCall/ssd_mobile_net_v2keras_feature_extractor/functional_1/block_15_depthwise/depthwise_fence_after,onnxruntime,onnx_node,0.002,0.0,0.002,0.002,1,5.7e-05,99.992094,242,clean_v2_without_tensorrt,/Users/hobongs/Desktop/HoBong_study/26-1/탄중/temp/jetson_nano_edgeai/my_results/clean_v2(without_tensorRT)/layer_runtime/ssd_mobilenet_v2_onnxrt_cuda.csv
ssd_mobilenet_v2,onnxrt_cuda,382,Clip:StatefulPartitionedCall/ssd_mobile_net_v2keras_feature_extractor/functional_1/block_15_depthwise_relu/Relu6_fence_before,onnxruntime,onnx_node,0.001,0.0,0.001,0.001,4,2.9e-05,99.996578,243,clean_v2_without_tensorrt,/Users/hobongs/Desktop/HoBong_study/26-1/탄중/temp/jetson_nano_edgeai/my_results/clean_v2(without_tensorRT)/layer_runtime/ssd_mobilenet_v2_onnxrt_cuda.csv
ssd_mobilenet_v2,onnxrt_cuda,161,Clip:StatefulPartitionedCall/ssd_mobile_net_v2keras_feature_extractor/functional_1/block_15_depthwise_relu/Relu6_kernel_time,onnxruntime,onnx_node,0.060717,0.008956,0.056,0.119,60,0.001732,99.948601,244,clean_v2_without_tensorrt,/Users/hobongs/Desktop/HoBong_study/26-1/탄중/temp/jetson_nano_edgeai/my_results/clean_v2(without_tensorRT)/layer_runtime/ssd_mobilenet_v2_onnxrt_cuda.csv
ssd_mobilenet_v2,onnxrt_cuda,383,Clip:StatefulPartitionedCall/ssd_mobile_net_v2keras_feature_extractor/functional_1/block_15_depthwise_relu/Relu6_fence_after,onnxruntime,onnx_node,0.001,0.0,0.001,0.001,1,2.9e-05,99.996606,245,clean_v2_without_tensorrt,/Users/hobongs/Desktop/HoBong_study/26-1/탄중/temp/jetson_nano_edgeai/my_results/clean_v2(without_tensorRT)/layer_runtime/ssd_mobilenet_v2_onnxrt_cuda.csv
ssd_mobilenet_v2,onnxrt_cuda,384,Conv:StatefulPartitionedCall/ssd_mobile_net_v2keras_feature_extractor/functional_1/block_15_project/Conv2D_fence_before,onnxruntime,onnx_node,0.001,0.0,0.001,0.001,4,2.9e-05,99.996635,246,clean_v2_without_tensorrt,/Users/hobongs/Desktop/HoBong_study/26-1/탄중/temp/jetson_nano_edgeai/my_results/clean_v2(without_tensorRT)/layer_runtime/ssd_mobilenet_v2_onnxrt_cuda.csv
ssd_mobilenet_v2,onnxrt_cuda,31,Conv:StatefulPartitionedCall/ssd_mobile_net_v2keras_feature_extractor/functional_1/block_15_project/Conv2D_kernel_time,onnxruntime,onnx_node,0.762833,4.464599,0.171,35.056,60,0.021755,98.950436,247,clean_v2_without_tensorrt,/Users/hobongs/Desktop/HoBong_study/26-1/탄중/temp/jetson_nano_edgeai/my_results/clean_v2(without_tensorRT)/layer_runtime/ssd_mobilenet_v2_onnxrt_cuda.csv
ssd_mobilenet_v2,onnxrt_cuda,385,Conv:StatefulPartitionedCall/ssd_mobile_net_v2keras_feature_extractor/functional_1/block_15_project/Conv2D_fence_after,onnxruntime,onnx_node,0.001,0.0,0.001,0.001,1,2.9e-05,99.996663,248,clean_v2_without_tensorrt,/Users/hobongs/Desktop/HoBong_study/26-1/탄중/temp/jetson_nano_edgeai/my_results/clean_v2(without_tensorRT)/layer_runtime/ssd_mobilenet_v2_onnxrt_cuda.csv
ssd_mobilenet_v2,onnxrt_cuda,386,Add:StatefulPartitionedCall/ssd_mobile_net_v2keras_feature_extractor/functional_1/block_15_add/add_fence_before,onnxruntime,onnx_node,0.001,0.0,0.001,0.001,10,2.9e-05,99.996692,249,clean_v2_without_tensorrt,/Users/hobongs/Desktop/HoBong_study/26-1/탄중/temp/jetson_nano_edgeai/my_results/clean_v2(without_tensorRT)/layer_runtime/ssd_mobilenet_v2_onnxrt_cuda.csv
ssd_mobilenet_v2,onnxrt_cuda,145,Add:StatefulPartitionedCall/ssd_mobile_net_v2keras_feature_extractor/functional_1/block_15_add/add_kernel_time,onnxruntime,onnx_node,0.062883,0.008603,0.057,0.114,60,0.001793,99.920373,250,clean_v2_without_tensorrt,/Users/hobongs/Desktop/HoBong_study/26-1/탄중/temp/jetson_nano_edgeai/my_results/clean_v2(without_tensorRT)/layer_runtime/ssd_mobilenet_v2_onnxrt_cuda.csv
ssd_mobilenet_v2,onnxrt_cuda,28,Conv:StatefulPartitionedCall/ssd_mobile_net_v2keras_feature_extractor/functional_1/block_16_expand/Conv2D_kernel_time,onnxruntime,onnx_node,0.78555,4.662398,0.166,36.598,60,0.022403,98.884764,251,clean_v2_without_tensorrt,/Users/hobongs/Desktop/HoBong_study/26-1/탄중/temp/jetson_nano_edgeai/my_results/clean_v2(without_tensorRT)/layer_runtime/ssd_mobilenet_v2_onnxrt_cuda.csv
ssd_mobilenet_v2,onnxrt_cuda,387,Conv:StatefulPartitionedCall/ssd_mobile_net_v2keras_feature_extractor/functional_1/block_16_expand/Conv2D_fence_after,onnxruntime,onnx_node,0.001,0.0,0.001,0.001,1,2.9e-05,99.99672,252,clean_v2_without_tensorrt,/Users/hobongs/Desktop/HoBong_study/26-1/탄중/temp/jetson_nano_edgeai/my_results/clean_v2(without_tensorRT)/layer_runtime/ssd_mobilenet_v2_onnxrt_cuda.csv
ssd_mobilenet_v2,onnxrt_cuda,388,Clip:StatefulPartitionedCall/ssd_mobile_net_v2keras_feature_extractor/functional_1/block_16_expand_relu/Relu6_fence_before,onnxruntime,onnx_node,0.001,0.0,0.001,0.001,10,2.9e-05,99.996749,253,clean_v2_without_tensorrt,/Users/hobongs/Desktop/HoBong_study/26-1/탄중/temp/jetson_nano_edgeai/my_results/clean_v2(without_tensorRT)/layer_runtime/ssd_mobilenet_v2_onnxrt_cuda.csv
ssd_mobilenet_v2,onnxrt_cuda,159,Clip:StatefulPartitionedCall/ssd_mobile_net_v2keras_feature_extractor/functional_1/block_16_expand_relu/Relu6_kernel_time,onnxruntime,onnx_node,0.061067,0.008587,0.057,0.115,60,0.001742,99.945131,254,clean_v2_without_tensorrt,/Users/hobongs/Desktop/HoBong_study/26-1/탄중/temp/jetson_nano_edgeai/my_results/clean_v2(without_tensorRT)/layer_runtime/ssd_mobilenet_v2_onnxrt_cuda.csv
ssd_mobilenet_v2,onnxrt_cuda,389,Conv:StatefulPartitionedCall/ssd_mobile_net_v2keras_feature_extractor/functional_1/block_16_depthwise/depthwise_fence_before,onnxruntime,onnx_node,0.001,0.0,0.001,0.001,3,2.9e-05,99.996777,255,clean_v2_without_tensorrt,/Users/hobongs/Desktop/HoBong_study/26-1/탄중/temp/jetson_nano_edgeai/my_results/clean_v2(without_tensorRT)/layer_runtime/ssd_mobilenet_v2_onnxrt_cuda.csv
ssd_mobilenet_v2,onnxrt_cuda,10,Conv:StatefulPartitionedCall/ssd_mobile_net_v2keras_feature_extractor/functional_1/block_16_depthwise/depthwise_kernel_time,onnxruntime,onnx_node,10.626367,80.614621,0.119,629.839,60,0.303055,96.384227,256,clean_v2_without_tensorrt,/Users/hobongs/Desktop/HoBong_study/26-1/탄중/temp/jetson_nano_edgeai/my_results/clean_v2(without_tensorRT)/layer_runtime/ssd_mobilenet_v2_onnxrt_cuda.csv
ssd_mobilenet_v2,onnxrt_cuda,390,Conv:StatefulPartitionedCall/ssd_mobile_net_v2keras_feature_extractor/functional_1/block_16_depthwise/depthwise_fence_after,onnxruntime,onnx_node,0.001,0.0,0.001,0.001,2,2.9e-05,99.996806,257,clean_v2_without_tensorrt,/Users/hobongs/Desktop/HoBong_study/26-1/탄중/temp/jetson_nano_edgeai/my_results/clean_v2(without_tensorRT)/layer_runtime/ssd_mobilenet_v2_onnxrt_cuda.csv
ssd_mobilenet_v2,onnxrt_cuda,391,Clip:StatefulPartitionedCall/ssd_mobile_net_v2keras_feature_extractor/functional_1/block_16_depthwise_relu/Relu6_fence_before,onnxruntime,onnx_node,0.001,0.0,0.001,0.001,8,2.9e-05,99.996834,258,clean_v2_without_tensorrt,/Users/hobongs/Desktop/HoBong_study/26-1/탄중/temp/jetson_nano_edgeai/my_results/clean_v2(without_tensorRT)/layer_runtime/ssd_mobilenet_v2_onnxrt_cuda.csv
ssd_mobilenet_v2,onnxrt_cuda,151,Clip:StatefulPartitionedCall/ssd_mobile_net_v2keras_feature_extractor/functional_1/block_16_depthwise_relu/Relu6_kernel_time,onnxruntime,onnx_node,0.062317,0.012756,0.055,0.119,60,0.001777,99.931083,259,clean_v2_without_tensorrt,/Users/hobongs/Desktop/HoBong_study/26-1/탄중/temp/jetson_nano_edgeai/my_results/clean_v2(without_tensorRT)/layer_runtime/ssd_mobilenet_v2_onnxrt_cuda.csv
ssd_mobilenet_v2,onnxrt_cuda,392,Clip:StatefulPartitionedCall/ssd_mobile_net_v2keras_feature_extractor/functional_1/block_16_depthwise_relu/Relu6_fence_after,onnxruntime,onnx_node,0.001,0.0,0.001,0.001,2,2.9e-05,99.996863,260,clean_v2_without_tensorrt,/Users/hobongs/Desktop/HoBong_study/26-1/탄중/temp/jetson_nano_edgeai/my_results/clean_v2(without_tensorRT)/layer_runtime/ssd_mobilenet_v2_onnxrt_cuda.csv
ssd_mobilenet_v2,onnxrt_cuda,393,Conv:StatefulPartitionedCall/ssd_mobile_net_v2keras_feature_extractor/functional_1/block_16_project/Conv2D_fence_before,onnxruntime,onnx_node,0.001,0.0,0.001,0.001,3,2.9e-05,99.996891,261,clean_v2_without_tensorrt,/Users/hobongs/Desktop/HoBong_study/26-1/탄중/temp/jetson_nano_edgeai/my_results/clean_v2(without_tensorRT)/layer_runtime/ssd_mobilenet_v2_onnxrt_cuda.csv
ssd_mobilenet_v2,onnxrt_cuda,54,Conv:StatefulPartitionedCall/ssd_mobile_net_v2keras_feature_extractor/functional_1/block_16_project/Conv2D_kernel_time,onnxruntime,onnx_node,0.61175,3.267554,0.17,25.71,60,0.017447,99.389886,262,clean_v2_without_tensorrt,/Users/hobongs/Desktop/HoBong_study/26-1/탄중/temp/jetson_nano_edgeai/my_results/clean_v2(without_tensorRT)/layer_runtime/ssd_mobilenet_v2_onnxrt_cuda.csv
ssd_mobilenet_v2,onnxrt_cuda,394,Conv:StatefulPartitionedCall/ssd_mobile_net_v2keras_feature_extractor/functional_1/block_16_project/Conv2D_fence_after,onnxruntime,onnx_node,0.001,0.0,0.001,0.001,1,2.9e-05,99.99692,263,clean_v2_without_tensorrt,/Users/hobongs/Desktop/HoBong_study/26-1/탄중/temp/jetson_nano_edgeai/my_results/clean_v2(without_tensorRT)/layer_runtime/ssd_mobilenet_v2_onnxrt_cuda.csv
ssd_mobilenet_v2,onnxrt_cuda,395,Conv:StatefulPartitionedCall/ssd_mobile_net_v2keras_feature_extractor/functional_1/Conv_1/Conv2D_fence_before,onnxruntime,onnx_node,0.001,0.0,0.001,0.001,13,2.9e-05,99.996948,264,clean_v2_without_tensorrt,/Users/hobongs/Desktop/HoBong_study/26-1/탄중/temp/jetson_nano_edgeai/my_results/clean_v2(without_tensorRT)/layer_runtime/ssd_mobilenet_v2_onnxrt_cuda.csv
ssd_mobilenet_v2,onnxrt_cuda,46,Conv:StatefulPartitionedCall/ssd_mobile_net_v2keras_feature_extractor/functional_1/Conv_1/Conv2D_kernel_time,onnxruntime,onnx_node,0.654867,3.35285,0.194,26.408,60,0.018676,99.247803,265,clean_v2_without_tensorrt,/Users/hobongs/Desktop/HoBong_study/26-1/탄중/temp/jetson_nano_edgeai/my_results/clean_v2(without_tensorRT)/layer_runtime/ssd_mobilenet_v2_onnxrt_cuda.csv
ssd_mobilenet_v2,onnxrt_cuda,396,Conv:StatefulPartitionedCall/ssd_mobile_net_v2keras_feature_extractor/functional_1/Conv_1/Conv2D_fence_after,onnxruntime,onnx_node,0.001,0.0,0.001,0.001,3,2.9e-05,99.996977,266,clean_v2_without_tensorrt,/Users/hobongs/Desktop/HoBong_study/26-1/탄중/temp/jetson_nano_edgeai/my_results/clean_v2(without_tensorRT)/layer_runtime/ssd_mobilenet_v2_onnxrt_cuda.csv
ssd_mobilenet_v2,onnxrt_cuda,397,Clip:StatefulPartitionedCall/ssd_mobile_net_v2keras_feature_extractor/functional_1/out_relu/Relu6_fence_before,onnxruntime,onnx_node,0.001,0.0,0.001,0.001,5,2.9e-05,99.997005,267,clean_v2_without_tensorrt,/Users/hobongs/Desktop/HoBong_study/26-1/탄중/temp/jetson_nano_edgeai/my_results/clean_v2(without_tensorRT)/layer_runtime/ssd_mobilenet_v2_onnxrt_cuda.csv
ssd_mobilenet_v2,onnxrt_cuda,119,Clip:StatefulPartitionedCall/ssd_mobile_net_v2keras_feature_extractor/functional_1/out_relu/Relu6_kernel_time,onnxruntime,onnx_node,0.06645,0.012687,0.058,0.128,60,0.001895,99.872609,268,clean_v2_without_tensorrt,/Users/hobongs/Desktop/HoBong_study/26-1/탄중/temp/jetson_nano_edgeai/my_results/clean_v2(without_tensorRT)/layer_runtime/ssd_mobilenet_v2_onnxrt_cuda.csv
ssd_mobilenet_v2,onnxrt_cuda,253,Conv:StatefulPartitionedCall/ssd_mobile_net_v2keras_feature_extractor/FeatureMaps/layer_19_1_Conv2d_2_1x1_256_conv/Conv2D_fence_before,onnxruntime,onnx_node,0.001019,0.000136,0.001,0.002,53,2.9e-05,99.992898,269,clean_v2_without_tensorrt,/Users/hobongs/Desktop/HoBong_study/26-1/탄중/temp/jetson_nano_edgeai/my_results/clean_v2(without_tensorRT)/layer_runtime/ssd_mobilenet_v2_onnxrt_cuda.csv
ssd_mobilenet_v2,onnxrt_cuda,50,Conv:StatefulPartitionedCall/ssd_mobile_net_v2keras_feature_extractor/FeatureMaps/layer_19_1_Conv2d_2_1x1_256_conv/Conv2D_kernel_time,onnxruntime,onnx_node,0.620733,3.293218,0.172,25.916,60,0.017703,99.319873,270,clean_v2_without_tensorrt,/Users/hobongs/Desktop/HoBong_study/26-1/탄중/temp/jetson_nano_edgeai/my_results/clean_v2(without_tensorRT)/layer_runtime/ssd_mobilenet_v2_onnxrt_cuda.csv
ssd_mobilenet_v2,onnxrt_cuda,227,Clip:StatefulPartitionedCall/ssd_mobile_net_v2keras_feature_extractor/FeatureMaps/layer_19_1_Conv2d_2_1x1_256/Relu6_fence_before,onnxruntime,onnx_node,0.002185,0.006043,0.001,0.033,27,6.2e-05,99.991979,271,clean_v2_without_tensorrt,/Users/hobongs/Desktop/HoBong_study/26-1/탄중/temp/jetson_nano_edgeai/my_results/clean_v2(without_tensorRT)/layer_runtime/ssd_mobilenet_v2_onnxrt_cuda.csv
ssd_mobilenet_v2,onnxrt_cuda,139,Clip:StatefulPartitionedCall/ssd_mobile_net_v2keras_feature_extractor/FeatureMaps/layer_19_1_Conv2d_2_1x1_256/Relu6_kernel_time,onnxruntime,onnx_node,0.0635,0.00848,0.057,0.12,60,0.001811,99.909566,272,clean_v2_without_tensorrt,/Users/hobongs/Desktop/HoBong_study/26-1/탄중/temp/jetson_nano_edgeai/my_results/clean_v2(without_tensorRT)/layer_runtime/ssd_mobilenet_v2_onnxrt_cuda.csv
ssd_mobilenet_v2,onnxrt_cuda,398,Conv:StatefulPartitionedCall/ssd_mobile_net_v2keras_feature_extractor/FeatureMaps/layer_19_2_Conv2d_2_3x3_s2_512_conv/Conv2D_fence_before,onnxruntime,onnx_node,0.001,0.0,0.001,0.001,6,2.9e-05,99.997034,273,clean_v2_without_tensorrt,/Users/hobongs/Desktop/HoBong_study/26-1/탄중/temp/jetson_nano_edgeai/my_results/clean_v2(without_tensorRT)/layer_runtime/ssd_mobilenet_v2_onnxrt_cuda.csv
ssd_mobilenet_v2,onnxrt_cuda,33,Conv:StatefulPartitionedCall/ssd_mobile_net_v2keras_feature_extractor/FeatureMaps/layer_19_2_Conv2d_2_3x3_s2_512_conv/Conv2D_kernel_time,onnxruntime,onnx_node,0.737517,3.670508,0.228,28.931,60,0.021033,98.992989,274,clean_v2_without_tensorrt,/Users/hobongs/Desktop/HoBong_study/26-1/탄중/temp/jetson_nano_edgeai/my_results/clean_v2(without_tensorRT)/layer_runtime/ssd_mobilenet_v2_onnxrt_cuda.csv
ssd_mobilenet_v2,onnxrt_cuda,399,Conv:StatefulPartitionedCall/ssd_mobile_net_v2keras_feature_extractor/FeatureMaps/layer_19_2_Conv2d_2_3x3_s2_512_conv/Conv2D_fence_after,onnxruntime,onnx_node,0.001,0.0,0.001,0.001,2,2.9e-05,99.997063,275,clean_v2_without_tensorrt,/Users/hobongs/Desktop/HoBong_study/26-1/탄중/temp/jetson_nano_edgeai/my_results/clean_v2(without_tensorRT)/layer_runtime/ssd_mobilenet_v2_onnxrt_cuda.csv
ssd_mobilenet_v2,onnxrt_cuda,246,Clip:StatefulPartitionedCall/ssd_mobile_net_v2keras_feature_extractor/FeatureMaps/layer_19_2_Conv2d_2_3x3_s2_512/Relu6_fence_before,onnxruntime,onnx_node,0.001063,0.000242,0.001,0.002,16,3e-05,99.992692,276,clean_v2_without_tensorrt,/Users/hobongs/Desktop/HoBong_study/26-1/탄중/temp/jetson_nano_edgeai/my_results/clean_v2(without_tensorRT)/layer_runtime/ssd_mobilenet_v2_onnxrt_cuda.csv
ssd_mobilenet_v2,onnxrt_cuda,125,Clip:StatefulPartitionedCall/ssd_mobile_net_v2keras_feature_extractor/FeatureMaps/layer_19_2_Conv2d_2_3x3_s2_512/Relu6_kernel_time,onnxruntime,onnx_node,0.06515,0.014323,0.057,0.146,60,0.001858,99.883863,277,clean_v2_without_tensorrt,/Users/hobongs/Desktop/HoBong_study/26-1/탄중/temp/jetson_nano_edgeai/my_results/clean_v2(without_tensorRT)/layer_runtime/ssd_mobilenet_v2_onnxrt_cuda.csv
ssd_mobilenet_v2,onnxrt_cuda,217,Conv:StatefulPartitionedCall/ssd_mobile_net_v2keras_feature_extractor/FeatureMaps/layer_19_1_Conv2d_3_1x1_128_conv/Conv2D_fence_before,onnxruntime,onnx_node,0.003857,0.006999,0.001,0.021,7,0.00011,99.991241,278,clean_v2_without_tensorrt,/Users/hobongs/Desktop/HoBong_study/26-1/탄중/temp/jetson_nano_edgeai/my_results/clean_v2(without_tensorRT)/layer_runtime/ssd_mobilenet_v2_onnxrt_cuda.csv
ssd_mobilenet_v2,onnxrt_cuda,49,Conv:StatefulPartitionedCall/ssd_mobile_net_v2keras_feature_extractor/FeatureMaps/layer_19_1_Conv2d_3_1x1_128_conv/Conv2D_kernel_time,onnxruntime,onnx_node,0.628433,3.474773,0.152,27.318,60,0.017922,99.30217,279,clean_v2_without_tensorrt,/Users/hobongs/Desktop/HoBong_study/26-1/탄중/temp/jetson_nano_edgeai/my_results/clean_v2(without_tensorRT)/layer_runtime/ssd_mobilenet_v2_onnxrt_cuda.csv
ssd_mobilenet_v2,onnxrt_cuda,400,Conv:StatefulPartitionedCall/ssd_mobile_net_v2keras_feature_extractor/FeatureMaps/layer_19_1_Conv2d_3_1x1_128_conv/Conv2D_fence_after,onnxruntime,onnx_node,0.001,0.0,0.001,0.001,2,2.9e-05,99.997091,280,clean_v2_without_tensorrt,/Users/hobongs/Desktop/HoBong_study/26-1/탄중/temp/jetson_nano_edgeai/my_results/clean_v2(without_tensorRT)/layer_runtime/ssd_mobilenet_v2_onnxrt_cuda.csv
ssd_mobilenet_v2,onnxrt_cuda,401,Clip:StatefulPartitionedCall/ssd_mobile_net_v2keras_feature_extractor/FeatureMaps/layer_19_1_Conv2d_3_1x1_128/Relu6_fence_before,onnxruntime,onnx_node,0.001,0.0,0.001,0.001,17,2.9e-05,99.99712,281,clean_v2_without_tensorrt,/Users/hobongs/Desktop/HoBong_study/26-1/탄중/temp/jetson_nano_edgeai/my_results/clean_v2(without_tensorRT)/layer_runtime/ssd_mobilenet_v2_onnxrt_cuda.csv
ssd_mobilenet_v2,onnxrt_cuda,106,Clip:StatefulPartitionedCall/ssd_mobile_net_v2keras_feature_extractor/FeatureMaps/layer_19_1_Conv2d_3_1x1_128/Relu6_kernel_time,onnxruntime,onnx_node,0.067983,0.013692,0.057,0.122,60,0.001939,99.847757,282,clean_v2_without_tensorrt,/Users/hobongs/Desktop/HoBong_study/26-1/탄중/temp/jetson_nano_edgeai/my_results/clean_v2(without_tensorRT)/layer_runtime/ssd_mobilenet_v2_onnxrt_cuda.csv
ssd_mobilenet_v2,onnxrt_cuda,402,Conv:StatefulPartitionedCall/ssd_mobile_net_v2keras_feature_extractor/FeatureMaps/layer_19_2_Conv2d_3_3x3_s2_256_conv/Conv2D_fence_before,onnxruntime,onnx_node,0.001,0.0,0.001,0.001,23,2.9e-05,99.997148,283,clean_v2_without_tensorrt,/Users/hobongs/Desktop/HoBong_study/26-1/탄중/temp/jetson_nano_edgeai/my_results/clean_v2(without_tensorRT)/layer_runtime/ssd_mobilenet_v2_onnxrt_cuda.csv
ssd_mobilenet_v2,onnxrt_cuda,73,Conv:StatefulPartitionedCall/ssd_mobile_net_v2keras_feature_extractor/FeatureMaps/layer_19_2_Conv2d_3_3x3_s2_256_conv/Conv2D_kernel_time,onnxruntime,onnx_node,0.5522,2.960152,0.15,23.289,60,0.015748,99.702911,284,clean_v2_without_tensorrt,/Users/hobongs/Desktop/HoBong_study/26-1/탄중/temp/jetson_nano_edgeai/my_results/clean_v2(without_tensorRT)/layer_runtime/ssd_mobilenet_v2_onnxrt_cuda.csv
ssd_mobilenet_v2,onnxrt_cuda,403,Conv:StatefulPartitionedCall/ssd_mobile_net_v2keras_feature_extractor/FeatureMaps/layer_19_2_Conv2d_3_3x3_s2_256_conv/Conv2D_fence_after,onnxruntime,onnx_node,0.001,0.0,0.001,0.001,4,2.9e-05,99.997177,285,clean_v2_without_tensorrt,/Users/hobongs/Desktop/HoBong_study/26-1/탄중/temp/jetson_nano_edgeai/my_results/clean_v2(without_tensorRT)/layer_runtime/ssd_mobilenet_v2_onnxrt_cuda.csv
ssd_mobilenet_v2,onnxrt_cuda,404,Clip:StatefulPartitionedCall/ssd_mobile_net_v2keras_feature_extractor/FeatureMaps/layer_19_2_Conv2d_3_3x3_s2_256/Relu6_fence_before,onnxruntime,onnx_node,0.001,0.0,0.001,0.001,23,2.9e-05,99.997205,286,clean_v2_without_tensorrt,/Users/hobongs/Desktop/HoBong_study/26-1/탄중/temp/jetson_nano_edgeai/my_results/clean_v2(without_tensorRT)/layer_runtime/ssd_mobilenet_v2_onnxrt_cuda.csv
ssd_mobilenet_v2,onnxrt_cuda,127,Clip:StatefulPartitionedCall/ssd_mobile_net_v2keras_feature_extractor/FeatureMaps/layer_19_2_Conv2d_3_3x3_s2_256/Relu6_kernel_time,onnxruntime,onnx_node,0.06485,0.011104,0.057,0.123,60,0.001849,99.887562,287,clean_v2_without_tensorrt,/Users/hobongs/Desktop/HoBong_study/26-1/탄중/temp/jetson_nano_edgeai/my_results/clean_v2(without_tensorRT)/layer_runtime/ssd_mobilenet_v2_onnxrt_cuda.csv
ssd_mobilenet_v2,onnxrt_cuda,71,Conv:StatefulPartitionedCall/ssd_mobile_net_v2keras_feature_extractor/FeatureMaps/layer_19_1_Conv2d_4_1x1_128_conv/Conv2D_kernel_time,onnxruntime,onnx_node,0.559433,3.156262,0.138,24.803,60,0.015955,99.671327,288,clean_v2_without_tensorrt,/Users/hobongs/Desktop/HoBong_study/26-1/탄중/temp/jetson_nano_edgeai/my_results/clean_v2(without_tensorRT)/layer_runtime/ssd_mobilenet_v2_onnxrt_cuda.csv
ssd_mobilenet_v2,onnxrt_cuda,405,Conv:StatefulPartitionedCall/ssd_mobile_net_v2keras_feature_extractor/FeatureMaps/layer_19_1_Conv2d_4_1x1_128_conv/Conv2D_fence_after,onnxruntime,onnx_node,0.001,0.0,0.001,0.001,1,2.9e-05,99.997234,289,clean_v2_without_tensorrt,/Users/hobongs/Desktop/HoBong_study/26-1/탄중/temp/jetson_nano_edgeai/my_results/clean_v2(without_tensorRT)/layer_runtime/ssd_mobilenet_v2_onnxrt_cuda.csv
ssd_mobilenet_v2,onnxrt_cuda,406,Clip:StatefulPartitionedCall/ssd_mobile_net_v2keras_feature_extractor/FeatureMaps/layer_19_1_Conv2d_4_1x1_128/Relu6_fence_before,onnxruntime,onnx_node,0.001,0.0,0.001,0.001,13,2.9e-05,99.997262,290,clean_v2_without_tensorrt,/Users/hobongs/Desktop/HoBong_study/26-1/탄중/temp/jetson_nano_edgeai/my_results/clean_v2(without_tensorRT)/layer_runtime/ssd_mobilenet_v2_onnxrt_cuda.csv
ssd_mobilenet_v2,onnxrt_cuda,149,Clip:StatefulPartitionedCall/ssd_mobile_net_v2keras_feature_extractor/FeatureMaps/layer_19_1_Conv2d_4_1x1_128/Relu6_kernel_time,onnxruntime,onnx_node,0.062633,0.010997,0.056,0.132,60,0.001786,99.927523,291,clean_v2_without_tensorrt,/Users/hobongs/Desktop/HoBong_study/26-1/탄중/temp/jetson_nano_edgeai/my_results/clean_v2(without_tensorRT)/layer_runtime/ssd_mobilenet_v2_onnxrt_cuda.csv
ssd_mobilenet_v2,onnxrt_cuda,407,Clip:StatefulPartitionedCall/ssd_mobile_net_v2keras_feature_extractor/FeatureMaps/layer_19_1_Conv2d_4_1x1_128/Relu6_fence_after,onnxruntime,onnx_node,0.001,0.0,0.001,0.001,1,2.9e-05,99.997291,292,clean_v2_without_tensorrt,/Users/hobongs/Desktop/HoBong_study/26-1/탄중/temp/jetson_nano_edgeai/my_results/clean_v2(without_tensorRT)/layer_runtime/ssd_mobilenet_v2_onnxrt_cuda.csv
ssd_mobilenet_v2,onnxrt_cuda,408,Conv:StatefulPartitionedCall/ssd_mobile_net_v2keras_feature_extractor/FeatureMaps/layer_19_2_Conv2d_4_3x3_s2_256_conv/Conv2D_fence_before,onnxruntime,onnx_node,0.001,0.0,0.001,0.001,4,2.9e-05,99.997319,293,clean_v2_without_tensorrt,/Users/hobongs/Desktop/HoBong_study/26-1/탄중/temp/jetson_nano_edgeai/my_results/clean_v2(without_tensorRT)/layer_runtime/ssd_mobilenet_v2_onnxrt_cuda.csv
ssd_mobilenet_v2,onnxrt_cuda,76,Conv:StatefulPartitionedCall/ssd_mobile_net_v2keras_feature_extractor/FeatureMaps/layer_19_2_Conv2d_4_3x3_s2_256_conv/Conv2D_kernel_time,onnxruntime,onnx_node,0.538967,2.937762,0.143,23.104,60,0.015371,99.749499,294,clean_v2_without_tensorrt,/Users/hobongs/Desktop/HoBong_study/26-1/탄중/temp/jetson_nano_edgeai/my_results/clean_v2(without_tensorRT)/layer_runtime/ssd_mobilenet_v2_onnxrt_cuda.csv
ssd_mobilenet_v2,onnxrt_cuda,409,Conv:StatefulPartitionedCall/ssd_mobile_net_v2keras_feature_extractor/FeatureMaps/layer_19_2_Conv2d_4_3x3_s2_256_conv/Conv2D_fence_after,onnxruntime,onnx_node,0.001,0.0,0.001,0.001,3,2.9e-05,99.997348,295,clean_v2_without_tensorrt,/Users/hobongs/Desktop/HoBong_study/26-1/탄중/temp/jetson_nano_edgeai/my_results/clean_v2(without_tensorRT)/layer_runtime/ssd_mobilenet_v2_onnxrt_cuda.csv
ssd_mobilenet_v2,onnxrt_cuda,410,Clip:StatefulPartitionedCall/ssd_mobile_net_v2keras_feature_extractor/FeatureMaps/layer_19_2_Conv2d_4_3x3_s2_256/Relu6_fence_before,onnxruntime,onnx_node,0.001,0.0,0.001,0.001,17,2.9e-05,99.997376,296,clean_v2_without_tensorrt,/Users/hobongs/Desktop/HoBong_study/26-1/탄중/temp/jetson_nano_edgeai/my_results/clean_v2(without_tensorRT)/layer_runtime/ssd_mobilenet_v2_onnxrt_cuda.csv
ssd_mobilenet_v2,onnxrt_cuda,133,Clip:StatefulPartitionedCall/ssd_mobile_net_v2keras_feature_extractor/FeatureMaps/layer_19_2_Conv2d_4_3x3_s2_256/Relu6_kernel_time,onnxruntime,onnx_node,0.0644,0.010735,0.056,0.123,60,0.001837,99.898612,297,clean_v2_without_tensorrt,/Users/hobongs/Desktop/HoBong_study/26-1/탄중/temp/jetson_nano_edgeai/my_results/clean_v2(without_tensorRT)/layer_runtime/ssd_mobilenet_v2_onnxrt_cuda.csv
ssd_mobilenet_v2,onnxrt_cuda,411,Clip:StatefulPartitionedCall/ssd_mobile_net_v2keras_feature_extractor/FeatureMaps/layer_19_2_Conv2d_4_3x3_s2_256/Relu6_fence_after,onnxruntime,onnx_node,0.001,0.0,0.001,0.001,1,2.9e-05,99.997405,298,clean_v2_without_tensorrt,/Users/hobongs/Desktop/HoBong_study/26-1/탄중/temp/jetson_nano_edgeai/my_results/clean_v2(without_tensorRT)/layer_runtime/ssd_mobilenet_v2_onnxrt_cuda.csv
ssd_mobilenet_v2,onnxrt_cuda,75,Conv:StatefulPartitionedCall/ssd_mobile_net_v2keras_feature_extractor/FeatureMaps/layer_19_1_Conv2d_5_1x1_64_conv/Conv2D_kernel_time,onnxruntime,onnx_node,0.542767,2.974617,0.139,23.391,60,0.015479,99.734128,299,clean_v2_without_tensorrt,/Users/hobongs/Desktop/HoBong_study/26-1/탄중/temp/jetson_nano_edgeai/my_results/clean_v2(without_tensorRT)/layer_runtime/ssd_mobilenet_v2_onnxrt_cuda.csv
ssd_mobilenet_v2,onnxrt_cuda,211,Conv:StatefulPartitionedCall/ssd_mobile_net_v2keras_feature_extractor/FeatureMaps/layer_19_1_Conv2d_5_1x1_64_conv/Conv2D_fence_after,onnxruntime,onnx_node,0.009667,0.012257,0.001,0.027,3,0.000276,99.990238,300,clean_v2_without_tensorrt,/Users/hobongs/Desktop/HoBong_study/26-1/탄중/temp/jetson_nano_edgeai/my_results/clean_v2(without_tensorRT)/layer_runtime/ssd_mobilenet_v2_onnxrt_cuda.csv
ssd_mobilenet_v2,onnxrt_cuda,128,Clip:StatefulPartitionedCall/ssd_mobile_net_v2keras_feature_extractor/FeatureMaps/layer_19_1_Conv2d_5_1x1_64/Relu6_kernel_time,onnxruntime,onnx_node,0.064767,0.010351,0.057,0.128,60,0.001847,99.889409,301,clean_v2_without_tensorrt,/Users/hobongs/Desktop/HoBong_study/26-1/탄중/temp/jetson_nano_edgeai/my_results/clean_v2(without_tensorRT)/layer_runtime/ssd_mobilenet_v2_onnxrt_cuda.csv
ssd_mobilenet_v2,onnxrt_cuda,412,Conv:StatefulPartitionedCall/ssd_mobile_net_v2keras_feature_extractor/FeatureMaps/layer_19_2_Conv2d_5_3x3_s2_128_conv/Conv2D_fence_before,onnxruntime,onnx_node,0.001,0.0,0.001,0.001,28,2.9e-05,99.997433,302,clean_v2_without_tensorrt,/Users/hobongs/Desktop/HoBong_study/26-1/탄중/temp/jetson_nano_edgeai/my_results/clean_v2(without_tensorRT)/layer_runtime/ssd_mobilenet_v2_onnxrt_cuda.csv
ssd_mobilenet_v2,onnxrt_cuda,74,Conv:StatefulPartitionedCall/ssd_mobile_net_v2keras_feature_extractor/FeatureMaps/layer_19_2_Conv2d_5_3x3_s2_128_conv/Conv2D_kernel_time,onnxruntime,onnx_node,0.551833,2.859519,0.162,22.516,60,0.015738,99.718648,303,clean_v2_without_tensorrt,/Users/hobongs/Desktop/HoBong_study/26-1/탄중/temp/jetson_nano_edgeai/my_results/clean_v2(without_tensorRT)/layer_runtime/ssd_mobilenet_v2_onnxrt_cuda.csv
ssd_mobilenet_v2,onnxrt_cuda,413,Conv:StatefulPartitionedCall/ssd_mobile_net_v2keras_feature_extractor/FeatureMaps/layer_19_2_Conv2d_5_3x3_s2_128_conv/Conv2D_fence_after,onnxruntime,onnx_node,0.001,0.0,0.001,0.001,2,2.9e-05,99.997462,304,clean_v2_without_tensorrt,/Users/hobongs/Desktop/HoBong_study/26-1/탄중/temp/jetson_nano_edgeai/my_results/clean_v2(without_tensorRT)/layer_runtime/ssd_mobilenet_v2_onnxrt_cuda.csv
ssd_mobilenet_v2,onnxrt_cuda,232,Reshape:StatefulPartitionedCall/ssd_mobile_net_v2keras_feature_extractor/FeatureMaps/layer_19_2_Conv2d_5_3x3_s2_128_batchnorm/FusedBatchNormV3__412_fence_before,onnxruntime,onnx_node,0.00155,0.000561,0.001,0.003,60,4.4e-05,99.992234,305,clean_v2_without_tensorrt,/Users/hobongs/Desktop/HoBong_study/26-1/탄중/temp/jetson_nano_edgeai/my_results/clean_v2(without_tensorRT)/layer_runtime/ssd_mobilenet_v2_onnxrt_cuda.csv
ssd_mobilenet_v2,onnxrt_cuda,174,Reshape:StatefulPartitionedCall/ssd_mobile_net_v2keras_feature_extractor/FeatureMaps/layer_19_2_Conv2d_5_3x3_s2_128_batchnorm/FusedBatchNormV3__412_kernel_time,onnxruntime,onnx_node,0.0283,0.00819,0.024,0.07,60,0.000807,99.966863,306,clean_v2_without_tensorrt,/Users/hobongs/Desktop/HoBong_study/26-1/탄중/temp/jetson_nano_edgeai/my_results/clean_v2(without_tensorRT)/layer_runtime/ssd_mobilenet_v2_onnxrt_cuda.csv
ssd_mobilenet_v2,onnxrt_cuda,245,BatchNormalization:StatefulPartitionedCall/ssd_mobile_net_v2keras_feature_extractor/FeatureMaps/layer_19_2_Conv2d_5_3x3_s2_128_batchnorm/FusedBatchNormV3_fence_before,onnxruntime,onnx_node,0.001067,0.000249,0.001,0.002,60,3e-05,99.992662,307,clean_v2_without_tensorrt,/Users/hobongs/Desktop/HoBong_study/26-1/탄중/temp/jetson_nano_edgeai/my_results/clean_v2(without_tensorRT)/layer_runtime/ssd_mobilenet_v2_onnxrt_cuda.csv
ssd_mobilenet_v2,onnxrt_cuda,84,BatchNormalization:StatefulPartitionedCall/ssd_mobile_net_v2keras_feature_extractor/FeatureMaps/layer_19_2_Conv2d_5_3x3_s2_128_batchnorm/FusedBatchNormV3_kernel_time,onnxruntime,onnx_node,0.097533,0.028267,0.08,0.279,60,0.002782,99.800576,308,clean_v2_without_tensorrt,/Users/hobongs/Desktop/HoBong_study/26-1/탄중/temp/jetson_nano_edgeai/my_results/clean_v2(without_tensorRT)/layer_runtime/ssd_mobilenet_v2_onnxrt_cuda.csv
ssd_mobilenet_v2,onnxrt_cuda,414,BatchNormalization:StatefulPartitionedCall/ssd_mobile_net_v2keras_feature_extractor/FeatureMaps/layer_19_2_Conv2d_5_3x3_s2_128_batchnorm/FusedBatchNormV3_fence_after,onnxruntime,onnx_node,0.001,0.0,0.001,0.001,4,2.9e-05,99.99749,309,clean_v2_without_tensorrt,/Users/hobongs/Desktop/HoBong_study/26-1/탄중/temp/jetson_nano_edgeai/my_results/clean_v2(without_tensorRT)/layer_runtime/ssd_mobilenet_v2_onnxrt_cuda.csv
ssd_mobilenet_v2,onnxrt_cuda,241,Clip:StatefulPartitionedCall/ssd_mobile_net_v2keras_feature_extractor/FeatureMaps/layer_19_2_Conv2d_5_3x3_s2_128/Relu6_fence_before,onnxruntime,onnx_node,0.001111,0.000314,0.001,0.002,9,3.2e-05,99.992539,310,clean_v2_without_tensorrt,/Users/hobongs/Desktop/HoBong_study/26-1/탄중/temp/jetson_nano_edgeai/my_results/clean_v2(without_tensorRT)/layer_runtime/ssd_mobilenet_v2_onnxrt_cuda.csv
ssd_mobilenet_v2,onnxrt_cuda,113,Clip:StatefulPartitionedCall/ssd_mobile_net_v2keras_feature_extractor/FeatureMaps/layer_19_2_Conv2d_5_3x3_s2_128/Relu6_kernel_time,onnxruntime,onnx_node,0.067033,0.036855,0.057,0.344,60,0.001912,99.861196,311,clean_v2_without_tensorrt,/Users/hobongs/Desktop/HoBong_study/26-1/탄중/temp/jetson_nano_edgeai/my_results/clean_v2(without_tensorRT)/layer_runtime/ssd_mobilenet_v2_onnxrt_cuda.csv
ssd_mobilenet_v2,onnxrt_cuda,242,Reshape:StatefulPartitionedCall/BoxPredictor/ConvolutionalClassHead_5/ClassPredictor/BiasAdd__416_fence_before,onnxruntime,onnx_node,0.001091,0.000287,0.001,0.002,11,3.1e-05,99.99257,312,clean_v2_without_tensorrt,/Users/hobongs/Desktop/HoBong_study/26-1/탄중/temp/jetson_nano_edgeai/my_results/clean_v2(without_tensorRT)/layer_runtime/ssd_mobilenet_v2_onnxrt_cuda.csv
ssd_mobilenet_v2,onnxrt_cuda,195,Reshape:StatefulPartitionedCall/BoxPredictor/ConvolutionalClassHead_5/ClassPredictor/BiasAdd__416_kernel_time,onnxruntime,onnx_node,0.022583,0.007207,0.02,0.075,60,0.000644,99.98149,313,clean_v2_without_tensorrt,/Users/hobongs/Desktop/HoBong_study/26-1/탄중/temp/jetson_nano_edgeai/my_results/clean_v2(without_tensorRT)/layer_runtime/ssd_mobilenet_v2_onnxrt_cuda.csv
ssd_mobilenet_v2,onnxrt_cuda,70,Conv:StatefulPartitionedCall/BoxPredictor/ConvolutionalBoxHead_5/BoxEncodingPredictor/BiasAdd_kernel_time,onnxruntime,onnx_node,0.560717,2.954779,0.153,23.256,60,0.015991,99.655372,314,clean_v2_without_tensorrt,/Users/hobongs/Desktop/HoBong_study/26-1/탄중/temp/jetson_nano_edgeai/my_results/clean_v2(without_tensorRT)/layer_runtime/ssd_mobilenet_v2_onnxrt_cuda.csv
ssd_mobilenet_v2,onnxrt_cuda,212,Conv:StatefulPartitionedCall/BoxPredictor/ConvolutionalBoxHead_5/BoxEncodingPredictor/BiasAdd_fence_after,onnxruntime,onnx_node,0.0085,0.01299,0.001,0.031,4,0.000242,99.990481,315,clean_v2_without_tensorrt,/Users/hobongs/Desktop/HoBong_study/26-1/탄중/temp/jetson_nano_edgeai/my_results/clean_v2(without_tensorRT)/layer_runtime/ssd_mobilenet_v2_onnxrt_cuda.csv
ssd_mobilenet_v2,onnxrt_cuda,244,Reshape:StatefulPartitionedCall/BoxPredictor/ConvolutionalBoxHead_5/Reshape_fence_before,onnxruntime,onnx_node,0.001071,0.000258,0.001,0.002,56,3.1e-05,99.992631,316,clean_v2_without_tensorrt,/Users/hobongs/Desktop/HoBong_study/26-1/탄중/temp/jetson_nano_edgeai/my_results/clean_v2(without_tensorRT)/layer_runtime/ssd_mobilenet_v2_onnxrt_cuda.csv
ssd_mobilenet_v2,onnxrt_cuda,178,Reshape:StatefulPartitionedCall/BoxPredictor/ConvolutionalBoxHead_5/Reshape_kernel_time,onnxruntime,onnx_node,0.025717,0.005651,0.022,0.056,60,0.000733,99.969882,317,clean_v2_without_tensorrt,/Users/hobongs/Desktop/HoBong_study/26-1/탄중/temp/jetson_nano_edgeai/my_results/clean_v2(without_tensorRT)/layer_runtime/ssd_mobilenet_v2_onnxrt_cuda.csv
ssd_mobilenet_v2,onnxrt_cuda,69,Conv:StatefulPartitionedCall/BoxPredictor/ConvolutionalBoxHead_4/BoxEncodingPredictor/BiasAdd_kernel_time,onnxruntime,onnx_node,0.566683,3.100826,0.141,24.384,60,0.016161,99.639381,318,clean_v2_without_tensorrt,/Users/hobongs/Desktop/HoBong_study/26-1/탄중/temp/jetson_nano_edgeai/my_results/clean_v2(without_tensorRT)/layer_runtime/ssd_mobilenet_v2_onnxrt_cuda.csv
ssd_mobilenet_v2,onnxrt_cuda,415,Conv:StatefulPartitionedCall/BoxPredictor/ConvolutionalBoxHead_4/BoxEncodingPredictor/BiasAdd_fence_after,onnxruntime,onnx_node,0.001,0.0,0.001,0.001,2,2.9e-05,99.997519,319,clean_v2_without_tensorrt,/Users/hobongs/Desktop/HoBong_study/26-1/탄중/temp/jetson_nano_edgeai/my_results/clean_v2(without_tensorRT)/layer_runtime/ssd_mobilenet_v2_onnxrt_cuda.csv
ssd_mobilenet_v2,onnxrt_cuda,239,Transpose:StatefulPartitionedCall/BoxPredictor/ConvolutionalBoxHead_4/BoxEncodingPredictor/BiasAdd__426_fence_before,onnxruntime,onnx_node,0.001154,0.000968,0.001,0.008,52,3.3e-05,99.992475,320,clean_v2_without_tensorrt,/Users/hobongs/Desktop/HoBong_study/26-1/탄중/temp/jetson_nano_edgeai/my_results/clean_v2(without_tensorRT)/layer_runtime/ssd_mobilenet_v2_onnxrt_cuda.csv
ssd_mobilenet_v2,onnxrt_cuda,89,Transpose:StatefulPartitionedCall/BoxPredictor/ConvolutionalBoxHead_4/BoxEncodingPredictor/BiasAdd__426_kernel_time,onnxruntime,onnx_node,0.080233,0.013337,0.065,0.128,60,0.002288,99.812972,321,clean_v2_without_tensorrt,/Users/hobongs/Desktop/HoBong_study/26-1/탄중/temp/jetson_nano_edgeai/my_results/clean_v2(without_tensorRT)/layer_runtime/ssd_mobilenet_v2_onnxrt_cuda.csv
ssd_mobilenet_v2,onnxrt_cuda,416,Reshape:StatefulPartitionedCall/BoxPredictor/ConvolutionalBoxHead_4/Reshape_fence_before,onnxruntime,onnx_node,0.001,0.0,0.001,0.001,17,2.9e-05,99.997547,322,clean_v2_without_tensorrt,/Users/hobongs/Desktop/HoBong_study/26-1/탄중/temp/jetson_nano_edgeai/my_results/clean_v2(without_tensorRT)/layer_runtime/ssd_mobilenet_v2_onnxrt_cuda.csv
ssd_mobilenet_v2,onnxrt_cuda,182,Reshape:StatefulPartitionedCall/BoxPredictor/ConvolutionalBoxHead_4/Reshape_kernel_time,onnxruntime,onnx_node,0.024783,0.009216,0.02,0.065,60,0.000707,99.972766,323,clean_v2_without_tensorrt,/Users/hobongs/Desktop/HoBong_study/26-1/탄중/temp/jetson_nano_edgeai/my_results/clean_v2(without_tensorRT)/layer_runtime/ssd_mobilenet_v2_onnxrt_cuda.csv
ssd_mobilenet_v2,onnxrt_cuda,417,Conv:StatefulPartitionedCall/BoxPredictor/ConvolutionalBoxHead_3/BoxEncodingPredictor/BiasAdd_fence_before,onnxruntime,onnx_node,0.001,0.0,0.001,0.001,16,2.9e-05,99.997576,324,clean_v2_without_tensorrt,/Users/hobongs/Desktop/HoBong_study/26-1/탄중/temp/jetson_nano_edgeai/my_results/clean_v2(without_tensorRT)/layer_runtime/ssd_mobilenet_v2_onnxrt_cuda.csv
ssd_mobilenet_v2,onnxrt_cuda,65,Conv:StatefulPartitionedCall/BoxPredictor/ConvolutionalBoxHead_3/BoxEncodingPredictor/BiasAdd_kernel_time,onnxruntime,onnx_node,0.573783,3.109148,0.145,24.455,60,0.016364,99.57437,325,clean_v2_without_tensorrt,/Users/hobongs/Desktop/HoBong_study/26-1/탄중/temp/jetson_nano_edgeai/my_results/clean_v2(without_tensorRT)/layer_runtime/ssd_mobilenet_v2_onnxrt_cuda.csv
ssd_mobilenet_v2,onnxrt_cuda,418,Conv:StatefulPartitionedCall/BoxPredictor/ConvolutionalBoxHead_3/BoxEncodingPredictor/BiasAdd_fence_after,onnxruntime,onnx_node,0.001,0.0,0.001,0.001,3,2.9e-05,99.997604,326,clean_v2_without_tensorrt,/Users/hobongs/Desktop/HoBong_study/26-1/탄중/temp/jetson_nano_edgeai/my_results/clean_v2(without_tensorRT)/layer_runtime/ssd_mobilenet_v2_onnxrt_cuda.csv
ssd_mobilenet_v2,onnxrt_cuda,419,Transpose:StatefulPartitionedCall/BoxPredictor/ConvolutionalBoxHead_3/BoxEncodingPredictor/BiasAdd__432_fence_before,onnxruntime,onnx_node,0.001,0.0,0.001,0.001,5,2.9e-05,99.997633,327,clean_v2_without_tensorrt,/Users/hobongs/Desktop/HoBong_study/26-1/탄중/temp/jetson_nano_edgeai/my_results/clean_v2(without_tensorRT)/layer_runtime/ssd_mobilenet_v2_onnxrt_cuda.csv
ssd_mobilenet_v2,onnxrt_cuda,110,Transpose:StatefulPartitionedCall/BoxPredictor/ConvolutionalBoxHead_3/BoxEncodingPredictor/BiasAdd__432_kernel_time,onnxruntime,onnx_node,0.06735,0.011033,0.057,0.126,60,0.001921,99.855451,328,clean_v2_without_tensorrt,/Users/hobongs/Desktop/HoBong_study/26-1/탄중/temp/jetson_nano_edgeai/my_results/clean_v2(without_tensorRT)/layer_runtime/ssd_mobilenet_v2_onnxrt_cuda.csv
ssd_mobilenet_v2,onnxrt_cuda,420,Reshape:StatefulPartitionedCall/BoxPredictor/ConvolutionalBoxHead_3/Reshape_fence_before,onnxruntime,onnx_node,0.001,0.0,0.001,0.001,19,2.9e-05,99.997661,329,clean_v2_without_tensorrt,/Users/hobongs/Desktop/HoBong_study/26-1/탄중/temp/jetson_nano_edgeai/my_results/clean_v2(without_tensorRT)/layer_runtime/ssd_mobilenet_v2_onnxrt_cuda.csv
ssd_mobilenet_v2,onnxrt_cuda,197,Reshape:StatefulPartitionedCall/BoxPredictor/ConvolutionalBoxHead_3/Reshape_kernel_time,onnxruntime,onnx_node,0.022483,0.006076,0.02,0.063,60,0.000641,99.982775,330,clean_v2_without_tensorrt,/Users/hobongs/Desktop/HoBong_study/26-1/탄중/temp/jetson_nano_edgeai/my_results/clean_v2(without_tensorRT)/layer_runtime/ssd_mobilenet_v2_onnxrt_cuda.csv
ssd_mobilenet_v2,onnxrt_cuda,57,Conv:StatefulPartitionedCall/BoxPredictor/ConvolutionalBoxHead_2/BoxEncodingPredictor/BiasAdd_kernel_time,onnxruntime,onnx_node,0.595683,3.366107,0.143,26.451,60,0.016988,99.441381,331,clean_v2_without_tensorrt,/Users/hobongs/Desktop/HoBong_study/26-1/탄중/temp/jetson_nano_edgeai/my_results/clean_v2(without_tensorRT)/layer_runtime/ssd_mobilenet_v2_onnxrt_cuda.csv
ssd_mobilenet_v2,onnxrt_cuda,421,Conv:StatefulPartitionedCall/BoxPredictor/ConvolutionalBoxHead_2/BoxEncodingPredictor/BiasAdd_fence_after,onnxruntime,onnx_node,0.001,0.0,0.001,0.001,2,2.9e-05,99.99769,332,clean_v2_without_tensorrt,/Users/hobongs/Desktop/HoBong_study/26-1/탄중/temp/jetson_nano_edgeai/my_results/clean_v2(without_tensorRT)/layer_runtime/ssd_mobilenet_v2_onnxrt_cuda.csv
ssd_mobilenet_v2,onnxrt_cuda,422,Transpose:StatefulPartitionedCall/BoxPredictor/ConvolutionalBoxHead_2/BoxEncodingPredictor/BiasAdd__438_fence_before,onnxruntime,onnx_node,0.001,0.0,0.001,0.001,11,2.9e-05,99.997718,333,clean_v2_without_tensorrt,/Users/hobongs/Desktop/HoBong_study/26-1/탄중/temp/jetson_nano_edgeai/my_results/clean_v2(without_tensorRT)/layer_runtime/ssd_mobilenet_v2_onnxrt_cuda.csv
ssd_mobilenet_v2,onnxrt_cuda,109,Transpose:StatefulPartitionedCall/BoxPredictor/ConvolutionalBoxHead_2/BoxEncodingPredictor/BiasAdd__438_kernel_time,onnxruntime,onnx_node,0.067367,0.012001,0.059,0.126,60,0.001921,99.853531,334,clean_v2_without_tensorrt,/Users/hobongs/Desktop/HoBong_study/26-1/탄중/temp/jetson_nano_edgeai/my_results/clean_v2(without_tensorRT)/layer_runtime/ssd_mobilenet_v2_onnxrt_cuda.csv
ssd_mobilenet_v2,onnxrt_cuda,243,Reshape:StatefulPartitionedCall/BoxPredictor/ConvolutionalBoxHead_2/Reshape_fence_before,onnxruntime,onnx_node,0.001083,0.000276,0.001,0.002,12,3.1e-05,99.992601,335,clean_v2_without_tensorrt,/Users/hobongs/Desktop/HoBong_study/26-1/탄중/temp/jetson_nano_edgeai/my_results/clean_v2(without_tensorRT)/layer_runtime/ssd_mobilenet_v2_onnxrt_cuda.csv
ssd_mobilenet_v2,onnxrt_cuda,187,Reshape:StatefulPartitionedCall/BoxPredictor/ConvolutionalBoxHead_2/Reshape_kernel_time,onnxruntime,onnx_node,0.023817,0.008478,0.02,0.072,60,0.000679,99.976203,336,clean_v2_without_tensorrt,/Users/hobongs/Desktop/HoBong_study/26-1/탄중/temp/jetson_nano_edgeai/my_results/clean_v2(without_tensorRT)/layer_runtime/ssd_mobilenet_v2_onnxrt_cuda.csv
ssd_mobilenet_v2,onnxrt_cuda,48,Conv:StatefulPartitionedCall/BoxPredictor/ConvolutionalBoxHead_1/BoxEncodingPredictor/BiasAdd_kernel_time,onnxruntime,onnx_node,0.634217,3.312179,0.177,26.075,60,0.018087,99.284248,337,clean_v2_without_tensorrt,/Users/hobongs/Desktop/HoBong_study/26-1/탄중/temp/jetson_nano_edgeai/my_results/clean_v2(without_tensorRT)/layer_runtime/ssd_mobilenet_v2_onnxrt_cuda.csv
ssd_mobilenet_v2,onnxrt_cuda,423,Conv:StatefulPartitionedCall/BoxPredictor/ConvolutionalBoxHead_1/BoxEncodingPredictor/BiasAdd_fence_after,onnxruntime,onnx_node,0.001,0.0,0.001,0.001,2,2.9e-05,99.997747,338,clean_v2_without_tensorrt,/Users/hobongs/Desktop/HoBong_study/26-1/탄중/temp/jetson_nano_edgeai/my_results/clean_v2(without_tensorRT)/layer_runtime/ssd_mobilenet_v2_onnxrt_cuda.csv
ssd_mobilenet_v2,onnxrt_cuda,424,Transpose:StatefulPartitionedCall/BoxPredictor/ConvolutionalBoxHead_1/BoxEncodingPredictor/BiasAdd__444_fence_before,onnxruntime,onnx_node,0.001,0.0,0.001,0.001,10,2.9e-05,99.997776,339,clean_v2_without_tensorrt,/Users/hobongs/Desktop/HoBong_study/26-1/탄중/temp/jetson_nano_edgeai/my_results/clean_v2(without_tensorRT)/layer_runtime/ssd_mobilenet_v2_onnxrt_cuda.csv
ssd_mobilenet_v2,onnxrt_cuda,118,Transpose:StatefulPartitionedCall/BoxPredictor/ConvolutionalBoxHead_1/BoxEncodingPredictor/BiasAdd__444_kernel_time,onnxruntime,onnx_node,0.066567,0.010159,0.059,0.124,60,0.001898,99.870714,340,clean_v2_without_tensorrt,/Users/hobongs/Desktop/HoBong_study/26-1/탄중/temp/jetson_nano_edgeai/my_results/clean_v2(without_tensorRT)/layer_runtime/ssd_mobilenet_v2_onnxrt_cuda.csv
ssd_mobilenet_v2,onnxrt_cuda,215,Reshape:StatefulPartitionedCall/BoxPredictor/ConvolutionalBoxHead_1/Reshape_fence_before,onnxruntime,onnx_node,0.005,0.008,0.001,0.021,5,0.000143,99.990988,341,clean_v2_without_tensorrt,/Users/hobongs/Desktop/HoBong_study/26-1/탄중/temp/jetson_nano_edgeai/my_results/clean_v2(without_tensorRT)/layer_runtime/ssd_mobilenet_v2_onnxrt_cuda.csv
ssd_mobilenet_v2,onnxrt_cuda,190,Reshape:StatefulPartitionedCall/BoxPredictor/ConvolutionalBoxHead_1/Reshape_kernel_time,onnxruntime,onnx_node,0.02335,0.006153,0.02,0.051,60,0.000666,99.978213,342,clean_v2_without_tensorrt,/Users/hobongs/Desktop/HoBong_study/26-1/탄중/temp/jetson_nano_edgeai/my_results/clean_v2(without_tensorRT)/layer_runtime/ssd_mobilenet_v2_onnxrt_cuda.csv
ssd_mobilenet_v2,onnxrt_cuda,425,Conv:StatefulPartitionedCall/BoxPredictor/ConvolutionalBoxHead_0/BoxEncodingPredictor/BiasAdd_fence_before,onnxruntime,onnx_node,0.001,0.0,0.001,0.001,1,2.9e-05,99.997804,343,clean_v2_without_tensorrt,/Users/hobongs/Desktop/HoBong_study/26-1/탄중/temp/jetson_nano_edgeai/my_results/clean_v2(without_tensorRT)/layer_runtime/ssd_mobilenet_v2_onnxrt_cuda.csv
ssd_mobilenet_v2,onnxrt_cuda,56,Conv:StatefulPartitionedCall/BoxPredictor/ConvolutionalBoxHead_0/BoxEncodingPredictor/BiasAdd_kernel_time,onnxruntime,onnx_node,0.60105,3.117947,0.171,24.55,60,0.017141,99.424393,344,clean_v2_without_tensorrt,/Users/hobongs/Desktop/HoBong_study/26-1/탄중/temp/jetson_nano_edgeai/my_results/clean_v2(without_tensorRT)/layer_runtime/ssd_mobilenet_v2_onnxrt_cuda.csv
ssd_mobilenet_v2,onnxrt_cuda,426,Conv:StatefulPartitionedCall/BoxPredictor/ConvolutionalBoxHead_0/BoxEncodingPredictor/BiasAdd_fence_after,onnxruntime,onnx_node,0.001,0.0,0.001,0.001,1,2.9e-05,99.997833,345,clean_v2_without_tensorrt,/Users/hobongs/Desktop/HoBong_study/26-1/탄중/temp/jetson_nano_edgeai/my_results/clean_v2(without_tensorRT)/layer_runtime/ssd_mobilenet_v2_onnxrt_cuda.csv
ssd_mobilenet_v2,onnxrt_cuda,427,Transpose:StatefulPartitionedCall/BoxPredictor/ConvolutionalBoxHead_0/BoxEncodingPredictor/BiasAdd__724_fence_before,onnxruntime,onnx_node,0.001,0.0,0.001,0.001,22,2.9e-05,99.997861,346,clean_v2_without_tensorrt,/Users/hobongs/Desktop/HoBong_study/26-1/탄중/temp/jetson_nano_edgeai/my_results/clean_v2(without_tensorRT)/layer_runtime/ssd_mobilenet_v2_onnxrt_cuda.csv
ssd_mobilenet_v2,onnxrt_cuda,100,Transpose:StatefulPartitionedCall/BoxPredictor/ConvolutionalBoxHead_0/BoxEncodingPredictor/BiasAdd__724_kernel_time,onnxruntime,onnx_node,0.070517,0.013335,0.06,0.121,60,0.002011,99.836032,347,clean_v2_without_tensorrt,/Users/hobongs/Desktop/HoBong_study/26-1/탄중/temp/jetson_nano_edgeai/my_results/clean_v2(without_tensorRT)/layer_runtime/ssd_mobilenet_v2_onnxrt_cuda.csv
ssd_mobilenet_v2,onnxrt_cuda,225,Reshape:StatefulPartitionedCall/BoxPredictor/ConvolutionalBoxHead_0/Reshape_fence_before,onnxruntime,onnx_node,0.002222,0.004802,0.001,0.022,18,6.3e-05,99.991854,348,clean_v2_without_tensorrt,/Users/hobongs/Desktop/HoBong_study/26-1/탄중/temp/jetson_nano_edgeai/my_results/clean_v2(without_tensorRT)/layer_runtime/ssd_mobilenet_v2_onnxrt_cuda.csv
ssd_mobilenet_v2,onnxrt_cuda,196,Reshape:StatefulPartitionedCall/BoxPredictor/ConvolutionalBoxHead_0/Reshape_kernel_time,onnxruntime,onnx_node,0.022567,0.0045,0.02,0.047,60,0.000644,99.982134,349,clean_v2_without_tensorrt,/Users/hobongs/Desktop/HoBong_study/26-1/탄중/temp/jetson_nano_edgeai/my_results/clean_v2(without_tensorRT)/layer_runtime/ssd_mobilenet_v2_onnxrt_cuda.csv
ssd_mobilenet_v2,onnxrt_cuda,77,Concat:StatefulPartitionedCall/concat_kernel_time,onnxruntime,onnx_node,0.328767,0.044841,0.278,0.466,60,0.009376,99.758875,350,clean_v2_without_tensorrt,/Users/hobongs/Desktop/HoBong_study/26-1/탄중/temp/jetson_nano_edgeai/my_results/clean_v2(without_tensorRT)/layer_runtime/ssd_mobilenet_v2_onnxrt_cuda.csv
ssd_mobilenet_v2,onnxrt_cuda,428,Concat:StatefulPartitionedCall/concat_fence_after,onnxruntime,onnx_node,0.001,0.0,0.001,0.001,4,2.9e-05,99.99789,351,clean_v2_without_tensorrt,/Users/hobongs/Desktop/HoBong_study/26-1/탄중/temp/jetson_nano_edgeai/my_results/clean_v2(without_tensorRT)/layer_runtime/ssd_mobilenet_v2_onnxrt_cuda.csv
ssd_mobilenet_v2,onnxrt_cuda,231,Squeeze:StatefulPartitionedCall/Squeeze_fence_before,onnxruntime,onnx_node,0.001615,0.003077,0.001,0.017,26,4.6e-05,99.99219,352,clean_v2_without_tensorrt,/Users/hobongs/Desktop/HoBong_study/26-1/탄중/temp/jetson_nano_edgeai/my_results/clean_v2(without_tensorRT)/layer_runtime/ssd_mobilenet_v2_onnxrt_cuda.csv
ssd_mobilenet_v2,onnxrt_cuda,175,Squeeze:StatefulPartitionedCall/Squeeze_kernel_time,onnxruntime,onnx_node,0.027433,0.011099,0.023,0.086,60,0.000782,99.967646,353,clean_v2_without_tensorrt,/Users/hobongs/Desktop/HoBong_study/26-1/탄중/temp/jetson_nano_edgeai/my_results/clean_v2(without_tensorRT)/layer_runtime/ssd_mobilenet_v2_onnxrt_cuda.csv
ssd_mobilenet_v2,onnxrt_cuda,429,Reshape:StatefulPartitionedCall/Postprocessor/Reshape_1_fence_before,onnxruntime,onnx_node,0.001,0.0,0.001,0.001,13,2.9e-05,99.997918,354,clean_v2_without_tensorrt,/Users/hobongs/Desktop/HoBong_study/26-1/탄중/temp/jetson_nano_edgeai/my_results/clean_v2(without_tensorRT)/layer_runtime/ssd_mobilenet_v2_onnxrt_cuda.csv
ssd_mobilenet_v2,onnxrt_cuda,199,Reshape:StatefulPartitionedCall/Postprocessor/Reshape_1_kernel_time,onnxruntime,onnx_node,0.022133,0.005655,0.02,0.065,60,0.000631,99.984044,355,clean_v2_without_tensorrt,/Users/hobongs/Desktop/HoBong_study/26-1/탄중/temp/jetson_nano_edgeai/my_results/clean_v2(without_tensorRT)/layer_runtime/ssd_mobilenet_v2_onnxrt_cuda.csv
ssd_mobilenet_v2,onnxrt_cuda,81,Split:StatefulPartitionedCall/Postprocessor/Decode/unstack_kernel_time,onnxruntime,onnx_node,0.24355,0.029094,0.211,0.325,60,0.006946,99.790143,356,clean_v2_without_tensorrt,/Users/hobongs/Desktop/HoBong_study/26-1/탄중/temp/jetson_nano_edgeai/my_results/clean_v2(without_tensorRT)/layer_runtime/ssd_mobilenet_v2_onnxrt_cuda.csv
ssd_mobilenet_v2,onnxrt_cuda,430,Squeeze:StatefulPartitionedCall/Postprocessor/Decode/unstack__729_fence_before,onnxruntime,onnx_node,0.001,0.0,0.001,0.001,17,2.9e-05,99.997947,357,clean_v2_without_tensorrt,/Users/hobongs/Desktop/HoBong_study/26-1/탄중/temp/jetson_nano_edgeai/my_results/clean_v2(without_tensorRT)/layer_runtime/ssd_mobilenet_v2_onnxrt_cuda.csv
ssd_mobilenet_v2,onnxrt_cuda,179,Squeeze:StatefulPartitionedCall/Postprocessor/Decode/unstack__729_kernel_time,onnxruntime,onnx_node,0.0257,0.012114,0.02,0.082,60,0.000733,99.970615,358,clean_v2_without_tensorrt,/Users/hobongs/Desktop/HoBong_study/26-1/탄중/temp/jetson_nano_edgeai/my_results/clean_v2(without_tensorRT)/layer_runtime/ssd_mobilenet_v2_onnxrt_cuda.csv
ssd_mobilenet_v2,onnxrt_cuda,254,Mul:StatefulPartitionedCall/Postprocessor/Decode/truediv_2_fence_before,onnxruntime,onnx_node,0.001018,0.000132,0.001,0.002,56,2.9e-05,99.992927,359,clean_v2_without_tensorrt,/Users/hobongs/Desktop/HoBong_study/26-1/탄중/temp/jetson_nano_edgeai/my_results/clean_v2(without_tensorRT)/layer_runtime/ssd_mobilenet_v2_onnxrt_cuda.csv
ssd_mobilenet_v2,onnxrt_cuda,92,Mul:StatefulPartitionedCall/Postprocessor/Decode/truediv_2_kernel_time,onnxruntime,onnx_node,0.07605,0.011292,0.063,0.105,60,0.002169,99.819523,360,clean_v2_without_tensorrt,/Users/hobongs/Desktop/HoBong_study/26-1/탄중/temp/jetson_nano_edgeai/my_results/clean_v2(without_tensorRT)/layer_runtime/ssd_mobilenet_v2_onnxrt_cuda.csv
ssd_mobilenet_v2,onnxrt_cuda,431,Exp:StatefulPartitionedCall/Postprocessor/Decode/Exp_1_fence_before,onnxruntime,onnx_node,0.001,0.0,0.001,0.001,42,2.9e-05,99.997975,361,clean_v2_without_tensorrt,/Users/hobongs/Desktop/HoBong_study/26-1/탄중/temp/jetson_nano_edgeai/my_results/clean_v2(without_tensorRT)/layer_runtime/ssd_mobilenet_v2_onnxrt_cuda.csv
ssd_mobilenet_v2,onnxrt_cuda,122,Exp:StatefulPartitionedCall/Postprocessor/Decode/Exp_1_kernel_time,onnxruntime,onnx_node,0.065933,0.011804,0.055,0.098,60,0.00188,99.878264,362,clean_v2_without_tensorrt,/Users/hobongs/Desktop/HoBong_study/26-1/탄중/temp/jetson_nano_edgeai/my_results/clean_v2(without_tensorRT)/layer_runtime/ssd_mobilenet_v2_onnxrt_cuda.csv
ssd_mobilenet_v2,onnxrt_cuda,137,Mul:StatefulPartitionedCall/Postprocessor/Decode/mul_1_kernel_time,onnxruntime,onnx_node,0.063967,0.009676,0.054,0.095,60,0.001824,99.905938,363,clean_v2_without_tensorrt,/Users/hobongs/Desktop/HoBong_study/26-1/탄중/temp/jetson_nano_edgeai/my_results/clean_v2(without_tensorRT)/layer_runtime/ssd_mobilenet_v2_onnxrt_cuda.csv
ssd_mobilenet_v2,onnxrt_cuda,167,Mul:StatefulPartitionedCall/Postprocessor/Decode/truediv_6_kernel_time,onnxruntime,onnx_node,0.05825,0.008723,0.051,0.088,60,0.001661,99.95873,364,clean_v2_without_tensorrt,/Users/hobongs/Desktop/HoBong_study/26-1/탄중/temp/jetson_nano_edgeai/my_results/clean_v2(without_tensorRT)/layer_runtime/ssd_mobilenet_v2_onnxrt_cuda.csv
ssd_mobilenet_v2,onnxrt_cuda,204,Squeeze:StatefulPartitionedCall/Postprocessor/Decode/unstack__727_kernel_time,onnxruntime,onnx_node,0.020983,0.003122,0.019,0.044,60,0.000598,99.987086,365,clean_v2_without_tensorrt,/Users/hobongs/Desktop/HoBong_study/26-1/탄중/temp/jetson_nano_edgeai/my_results/clean_v2(without_tensorRT)/layer_runtime/ssd_mobilenet_v2_onnxrt_cuda.csv
ssd_mobilenet_v2,onnxrt_cuda,168,Mul:StatefulPartitionedCall/Postprocessor/Decode/mul_2_kernel_time,onnxruntime,onnx_node,0.05825,0.009695,0.051,0.1,60,0.001661,99.960392,366,clean_v2_without_tensorrt,/Users/hobongs/Desktop/HoBong_study/26-1/탄중/temp/jetson_nano_edgeai/my_results/clean_v2(without_tensorRT)/layer_runtime/ssd_mobilenet_v2_onnxrt_cuda.csv
ssd_mobilenet_v2,onnxrt_cuda,138,Add:StatefulPartitionedCall/Postprocessor/Decode/add_kernel_time,onnxruntime,onnx_node,0.063717,0.010993,0.055,0.103,60,0.001817,99.907755,367,clean_v2_without_tensorrt,/Users/hobongs/Desktop/HoBong_study/26-1/탄중/temp/jetson_nano_edgeai/my_results/clean_v2(without_tensorRT)/layer_runtime/ssd_mobilenet_v2_onnxrt_cuda.csv
ssd_mobilenet_v2,onnxrt_cuda,166,Add:StatefulPartitionedCall/Postprocessor/Decode/add_2_kernel_time,onnxruntime,onnx_node,0.058533,0.010335,0.051,0.114,60,0.001669,99.957069,368,clean_v2_without_tensorrt,/Users/hobongs/Desktop/HoBong_study/26-1/탄중/temp/jetson_nano_edgeai/my_results/clean_v2(without_tensorRT)/layer_runtime/ssd_mobilenet_v2_onnxrt_cuda.csv
ssd_mobilenet_v2,onnxrt_cuda,235,Unsqueeze:StatefulPartitionedCall/Postprocessor/Decode/stack_Unsqueeze__733_fence_before,onnxruntime,onnx_node,0.0012,0.0004,0.001,0.002,60,3.4e-05,99.992342,369,clean_v2_without_tensorrt,/Users/hobongs/Desktop/HoBong_study/26-1/탄중/temp/jetson_nano_edgeai/my_results/clean_v2(without_tensorRT)/layer_runtime/ssd_mobilenet_v2_onnxrt_cuda.csv
ssd_mobilenet_v2,onnxrt_cuda,180,Unsqueeze:StatefulPartitionedCall/Postprocessor/Decode/stack_Unsqueeze__733_kernel_time,onnxruntime,onnx_node,0.02535,0.00685,0.021,0.051,60,0.000723,99.971338,370,clean_v2_without_tensorrt,/Users/hobongs/Desktop/HoBong_study/26-1/탄중/temp/jetson_nano_edgeai/my_results/clean_v2(without_tensorRT)/layer_runtime/ssd_mobilenet_v2_onnxrt_cuda.csv
ssd_mobilenet_v2,onnxrt_cuda,104,Sub:StatefulPartitionedCall/Postprocessor/Decode/sub_kernel_time,onnxruntime,onnx_node,0.068333,0.010405,0.057,0.097,60,0.001949,99.843873,371,clean_v2_without_tensorrt,/Users/hobongs/Desktop/HoBong_study/26-1/탄중/temp/jetson_nano_edgeai/my_results/clean_v2(without_tensorRT)/layer_runtime/ssd_mobilenet_v2_onnxrt_cuda.csv
ssd_mobilenet_v2,onnxrt_cuda,236,Unsqueeze:StatefulPartitionedCall/Postprocessor/Decode/stack_Unsqueeze__731_fence_before,onnxruntime,onnx_node,0.00117,0.000966,0.001,0.008,53,3.3e-05,99.992375,372,clean_v2_without_tensorrt,/Users/hobongs/Desktop/HoBong_study/26-1/탄중/temp/jetson_nano_edgeai/my_results/clean_v2(without_tensorRT)/layer_runtime/ssd_mobilenet_v2_onnxrt_cuda.csv
ssd_mobilenet_v2,onnxrt_cuda,200,Unsqueeze:StatefulPartitionedCall/Postprocessor/Decode/stack_Unsqueeze__731_kernel_time,onnxruntime,onnx_node,0.022017,0.005207,0.019,0.046,60,0.000628,99.984672,373,clean_v2_without_tensorrt,/Users/hobongs/Desktop/HoBong_study/26-1/탄중/temp/jetson_nano_edgeai/my_results/clean_v2(without_tensorRT)/layer_runtime/ssd_mobilenet_v2_onnxrt_cuda.csv
ssd_mobilenet_v2,onnxrt_cuda,237,Squeeze:StatefulPartitionedCall/Postprocessor/Decode/unstack__730_fence_before,onnxruntime,onnx_node,0.001167,0.000373,0.001,0.002,6,3.3e-05,99.992408,374,clean_v2_without_tensorrt,/Users/hobongs/Desktop/HoBong_study/26-1/탄중/temp/jetson_nano_edgeai/my_results/clean_v2(without_tensorRT)/layer_runtime/ssd_mobilenet_v2_onnxrt_cuda.csv
ssd_mobilenet_v2,onnxrt_cuda,192,Squeeze:StatefulPartitionedCall/Postprocessor/Decode/unstack__730_kernel_time,onnxruntime,onnx_node,0.023083,0.008743,0.019,0.071,60,0.000658,99.979533,375,clean_v2_without_tensorrt,/Users/hobongs/Desktop/HoBong_study/26-1/탄중/temp/jetson_nano_edgeai/my_results/clean_v2(without_tensorRT)/layer_runtime/ssd_mobilenet_v2_onnxrt_cuda.csv
ssd_mobilenet_v2,onnxrt_cuda,224,Mul:StatefulPartitionedCall/Postprocessor/Decode/truediv_3_fence_before,onnxruntime,onnx_node,0.002333,0.004422,0.001,0.017,12,6.7e-05,99.99179,376,clean_v2_without_tensorrt,/Users/hobongs/Desktop/HoBong_study/26-1/탄중/temp/jetson_nano_edgeai/my_results/clean_v2(without_tensorRT)/layer_runtime/ssd_mobilenet_v2_onnxrt_cuda.csv
ssd_mobilenet_v2,onnxrt_cuda,116,Mul:StatefulPartitionedCall/Postprocessor/Decode/truediv_3_kernel_time,onnxruntime,onnx_node,0.06665,0.0189,0.053,0.147,60,0.001901,99.866917,377,clean_v2_without_tensorrt,/Users/hobongs/Desktop/HoBong_study/26-1/탄중/temp/jetson_nano_edgeai/my_results/clean_v2(without_tensorRT)/layer_runtime/ssd_mobilenet_v2_onnxrt_cuda.csv
ssd_mobilenet_v2,onnxrt_cuda,163,Exp:StatefulPartitionedCall/Postprocessor/Decode/Exp_kernel_time,onnxruntime,onnx_node,0.059567,0.014645,0.05,0.117,60,0.001699,99.952031,378,clean_v2_without_tensorrt,/Users/hobongs/Desktop/HoBong_study/26-1/탄중/temp/jetson_nano_edgeai/my_results/clean_v2(without_tensorRT)/layer_runtime/ssd_mobilenet_v2_onnxrt_cuda.csv
ssd_mobilenet_v2,onnxrt_cuda,169,Mul:StatefulPartitionedCall/Postprocessor/Decode/mul_kernel_time,onnxruntime,onnx_node,0.058217,0.007701,0.051,0.088,60,0.00166,99.962052,379,clean_v2_without_tensorrt,/Users/hobongs/Desktop/HoBong_study/26-1/탄중/temp/jetson_nano_edgeai/my_results/clean_v2(without_tensorRT)/layer_runtime/ssd_mobilenet_v2_onnxrt_cuda.csv
ssd_mobilenet_v2,onnxrt_cuda,165,Mul:StatefulPartitionedCall/Postprocessor/Decode/truediv_7_kernel_time,onnxruntime,onnx_node,0.058833,0.015938,0.05,0.118,60,0.001678,99.9554,380,clean_v2_without_tensorrt,/Users/hobongs/Desktop/HoBong_study/26-1/탄중/temp/jetson_nano_edgeai/my_results/clean_v2(without_tensorRT)/layer_runtime/ssd_mobilenet_v2_onnxrt_cuda.csv
ssd_mobilenet_v2,onnxrt_cuda,247,Squeeze:StatefulPartitionedCall/Postprocessor/Decode/unstack__728_fence_before,onnxruntime,onnx_node,0.001053,0.000223,0.001,0.002,38,3e-05,99.992722,381,clean_v2_without_tensorrt,/Users/hobongs/Desktop/HoBong_study/26-1/탄중/temp/jetson_nano_edgeai/my_results/clean_v2(without_tensorRT)/layer_runtime/ssd_mobilenet_v2_onnxrt_cuda.csv
ssd_mobilenet_v2,onnxrt_cuda,205,Squeeze:StatefulPartitionedCall/Postprocessor/Decode/unstack__728_kernel_time,onnxruntime,onnx_node,0.02085,0.001388,0.019,0.026,60,0.000595,99.987681,382,clean_v2_without_tensorrt,/Users/hobongs/Desktop/HoBong_study/26-1/탄중/temp/jetson_nano_edgeai/my_results/clean_v2(without_tensorRT)/layer_runtime/ssd_mobilenet_v2_onnxrt_cuda.csv
ssd_mobilenet_v2,onnxrt_cuda,162,Mul:StatefulPartitionedCall/Postprocessor/Decode/mul_3_kernel_time,onnxruntime,onnx_node,0.0607,0.015048,0.05,0.116,60,0.001731,99.950332,383,clean_v2_without_tensorrt,/Users/hobongs/Desktop/HoBong_study/26-1/탄중/temp/jetson_nano_edgeai/my_results/clean_v2(without_tensorRT)/layer_runtime/ssd_mobilenet_v2_onnxrt_cuda.csv
ssd_mobilenet_v2,onnxrt_cuda,432,Add:StatefulPartitionedCall/Postprocessor/Decode/add_1_fence_before,onnxruntime,onnx_node,0.001,0.0,0.001,0.001,1,2.9e-05,99.998004,384,clean_v2_without_tensorrt,/Users/hobongs/Desktop/HoBong_study/26-1/탄중/temp/jetson_nano_edgeai/my_results/clean_v2(without_tensorRT)/layer_runtime/ssd_mobilenet_v2_onnxrt_cuda.csv
ssd_mobilenet_v2,onnxrt_cuda,157,Add:StatefulPartitionedCall/Postprocessor/Decode/add_1_kernel_time,onnxruntime,onnx_node,0.0612,0.011505,0.051,0.116,60,0.001745,99.941648,385,clean_v2_without_tensorrt,/Users/hobongs/Desktop/HoBong_study/26-1/탄중/temp/jetson_nano_edgeai/my_results/clean_v2(without_tensorRT)/layer_runtime/ssd_mobilenet_v2_onnxrt_cuda.csv
ssd_mobilenet_v2,onnxrt_cuda,164,Add:StatefulPartitionedCall/Postprocessor/Decode/add_3_kernel_time,onnxruntime,onnx_node,0.0593,0.013692,0.049,0.118,60,0.001691,99.953722,386,clean_v2_without_tensorrt,/Users/hobongs/Desktop/HoBong_study/26-1/탄중/temp/jetson_nano_edgeai/my_results/clean_v2(without_tensorRT)/layer_runtime/ssd_mobilenet_v2_onnxrt_cuda.csv
ssd_mobilenet_v2,onnxrt_cuda,433,Unsqueeze:StatefulPartitionedCall/Postprocessor/Decode/stack_Unsqueeze__734_fence_before,onnxruntime,onnx_node,0.001,0.0,0.001,0.001,57,2.9e-05,99.998032,387,clean_v2_without_tensorrt,/Users/hobongs/Desktop/HoBong_study/26-1/탄중/temp/jetson_nano_edgeai/my_results/clean_v2(without_tensorRT)/layer_runtime/ssd_mobilenet_v2_onnxrt_cuda.csv
ssd_mobilenet_v2,onnxrt_cuda,191,Unsqueeze:StatefulPartitionedCall/Postprocessor/Decode/stack_Unsqueeze__734_kernel_time,onnxruntime,onnx_node,0.0232,0.00865,0.019,0.077,60,0.000662,99.978875,388,clean_v2_without_tensorrt,/Users/hobongs/Desktop/HoBong_study/26-1/탄중/temp/jetson_nano_edgeai/my_results/clean_v2(without_tensorRT)/layer_runtime/ssd_mobilenet_v2_onnxrt_cuda.csv
ssd_mobilenet_v2,onnxrt_cuda,143,Sub:StatefulPartitionedCall/Postprocessor/Decode/sub_1_kernel_time,onnxruntime,onnx_node,0.062967,0.012657,0.053,0.122,60,0.001796,99.916785,389,clean_v2_without_tensorrt,/Users/hobongs/Desktop/HoBong_study/26-1/탄중/temp/jetson_nano_edgeai/my_results/clean_v2(without_tensorRT)/layer_runtime/ssd_mobilenet_v2_onnxrt_cuda.csv
ssd_mobilenet_v2,onnxrt_cuda,434,Unsqueeze:StatefulPartitionedCall/Postprocessor/Decode/stack_Unsqueeze__732_fence_before,onnxruntime,onnx_node,0.001,0.0,0.001,0.001,52,2.9e-05,99.998061,390,clean_v2_without_tensorrt,/Users/hobongs/Desktop/HoBong_study/26-1/탄중/temp/jetson_nano_edgeai/my_results/clean_v2(without_tensorRT)/layer_runtime/ssd_mobilenet_v2_onnxrt_cuda.csv
ssd_mobilenet_v2,onnxrt_cuda,202,Unsqueeze:StatefulPartitionedCall/Postprocessor/Decode/stack_Unsqueeze__732_kernel_time,onnxruntime,onnx_node,0.021067,0.004604,0.018,0.047,60,0.000601,99.985889,391,clean_v2_without_tensorrt,/Users/hobongs/Desktop/HoBong_study/26-1/탄중/temp/jetson_nano_edgeai/my_results/clean_v2(without_tensorRT)/layer_runtime/ssd_mobilenet_v2_onnxrt_cuda.csv
ssd_mobilenet_v2,onnxrt_cuda,80,Concat:StatefulPartitionedCall/Postprocessor/Decode/stack_Concat__735_kernel_time,onnxruntime,onnx_node,0.246483,0.033435,0.209,0.336,60,0.007029,99.783197,392,clean_v2_without_tensorrt,/Users/hobongs/Desktop/HoBong_study/26-1/탄중/temp/jetson_nano_edgeai/my_results/clean_v2(without_tensorRT)/layer_runtime/ssd_mobilenet_v2_onnxrt_cuda.csv
ssd_mobilenet_v2,onnxrt_cuda,435,Transpose:StatefulPartitionedCall/Postprocessor/Decode/transpose_1_fence_before,onnxruntime,onnx_node,0.001,0.0,0.001,0.001,11,2.9e-05,99.998089,393,clean_v2_without_tensorrt,/Users/hobongs/Desktop/HoBong_study/26-1/탄중/temp/jetson_nano_edgeai/my_results/clean_v2(without_tensorRT)/layer_runtime/ssd_mobilenet_v2_onnxrt_cuda.csv
ssd_mobilenet_v2,onnxrt_cuda,87,Transpose:StatefulPartitionedCall/Postprocessor/Decode/transpose_1_kernel_time,onnxruntime,onnx_node,0.08865,0.018674,0.072,0.147,60,0.002528,99.808277,394,clean_v2_without_tensorrt,/Users/hobongs/Desktop/HoBong_study/26-1/탄중/temp/jetson_nano_edgeai/my_results/clean_v2(without_tensorRT)/layer_runtime/ssd_mobilenet_v2_onnxrt_cuda.csv
ssd_mobilenet_v2,onnxrt_cuda,436,Reshape:StatefulPartitionedCall/Postprocessor/Reshape_2_fence_before,onnxruntime,onnx_node,0.001,0.0,0.001,0.001,19,2.9e-05,99.998118,395,clean_v2_without_tensorrt,/Users/hobongs/Desktop/HoBong_study/26-1/탄중/temp/jetson_nano_edgeai/my_results/clean_v2(without_tensorRT)/layer_runtime/ssd_mobilenet_v2_onnxrt_cuda.csv
ssd_mobilenet_v2,onnxrt_cuda,181,Reshape:StatefulPartitionedCall/Postprocessor/Reshape_2_kernel_time,onnxruntime,onnx_node,0.0253,0.008554,0.021,0.065,60,0.000722,99.97206,396,clean_v2_without_tensorrt,/Users/hobongs/Desktop/HoBong_study/26-1/탄중/temp/jetson_nano_edgeai/my_results/clean_v2(without_tensorRT)/layer_runtime/ssd_mobilenet_v2_onnxrt_cuda.csv
ssd_mobilenet_v2,onnxrt_cuda,201,Unsqueeze:StatefulPartitionedCall/Postprocessor/ExpandDims_1_kernel_time,onnxruntime,onnx_node,0.021617,0.008269,0.018,0.059,60,0.000616,99.985288,397,clean_v2_without_tensorrt,/Users/hobongs/Desktop/HoBong_study/26-1/탄중/temp/jetson_nano_edgeai/my_results/clean_v2(without_tensorRT)/layer_runtime/ssd_mobilenet_v2_onnxrt_cuda.csv
ssd_mobilenet_v2,onnxrt_cuda,85,Squeeze:StatefulPartitionedCall/Postprocessor/Squeeze_kernel_time,onnxruntime,onnx_node,0.0909,0.016532,0.078,0.174,60,0.002592,99.803168,398,clean_v2_without_tensorrt,/Users/hobongs/Desktop/HoBong_study/26-1/탄중/temp/jetson_nano_edgeai/my_results/clean_v2(without_tensorRT)/layer_runtime/ssd_mobilenet_v2_onnxrt_cuda.csv
ssd_mobilenet_v2,onnxrt_cuda,251,Conv:StatefulPartitionedCall/BoxPredictor/ConvolutionalClassHead_5/ClassPredictor/BiasAdd_fence_before,onnxruntime,onnx_node,0.001024,0.000154,0.001,0.002,41,2.9e-05,99.99284,399,clean_v2_without_tensorrt,/Users/hobongs/Desktop/HoBong_study/26-1/탄중/temp/jetson_nano_edgeai/my_results/clean_v2(without_tensorRT)/layer_runtime/ssd_mobilenet_v2_onnxrt_cuda.csv
ssd_mobilenet_v2,onnxrt_cuda,45,Conv:StatefulPartitionedCall/BoxPredictor/ConvolutionalClassHead_5/ClassPredictor/BiasAdd_kernel_time,onnxruntime,onnx_node,0.656767,3.265575,0.191,25.739,60,0.01873,99.229127,400,clean_v2_without_tensorrt,/Users/hobongs/Desktop/HoBong_study/26-1/탄중/temp/jetson_nano_edgeai/my_results/clean_v2(without_tensorRT)/layer_runtime/ssd_mobilenet_v2_onnxrt_cuda.csv
ssd_mobilenet_v2,onnxrt_cuda,437,Conv:StatefulPartitionedCall/BoxPredictor/ConvolutionalClassHead_5/ClassPredictor/BiasAdd_fence_after,onnxruntime,onnx_node,0.001,0.0,0.001,0.001,6,2.9e-05,99.998146,401,clean_v2_without_tensorrt,/Users/hobongs/Desktop/HoBong_study/26-1/탄중/temp/jetson_nano_edgeai/my_results/clean_v2(without_tensorRT)/layer_runtime/ssd_mobilenet_v2_onnxrt_cuda.csv
ssd_mobilenet_v2,onnxrt_cuda,248,Reshape:StatefulPartitionedCall/BoxPredictor/ConvolutionalClassHead_5/Reshape_fence_before,onnxruntime,onnx_node,0.001047,0.000301,0.001,0.003,43,3e-05,99.992752,402,clean_v2_without_tensorrt,/Users/hobongs/Desktop/HoBong_study/26-1/탄중/temp/jetson_nano_edgeai/my_results/clean_v2(without_tensorRT)/layer_runtime/ssd_mobilenet_v2_onnxrt_cuda.csv
ssd_mobilenet_v2,onnxrt_cuda,176,Reshape:StatefulPartitionedCall/BoxPredictor/ConvolutionalClassHead_5/Reshape_kernel_time,onnxruntime,onnx_node,0.0267,0.006456,0.022,0.057,60,0.000761,99.968407,403,clean_v2_without_tensorrt,/Users/hobongs/Desktop/HoBong_study/26-1/탄중/temp/jetson_nano_edgeai/my_results/clean_v2(without_tensorRT)/layer_runtime/ssd_mobilenet_v2_onnxrt_cuda.csv
ssd_mobilenet_v2,onnxrt_cuda,34,Conv:StatefulPartitionedCall/BoxPredictor/ConvolutionalClassHead_4/ClassPredictor/BiasAdd_kernel_time,onnxruntime,onnx_node,0.728833,4.282036,0.148,33.619,60,0.020786,99.013775,404,clean_v2_without_tensorrt,/Users/hobongs/Desktop/HoBong_study/26-1/탄중/temp/jetson_nano_edgeai/my_results/clean_v2(without_tensorRT)/layer_runtime/ssd_mobilenet_v2_onnxrt_cuda.csv
ssd_mobilenet_v2,onnxrt_cuda,438,Conv:StatefulPartitionedCall/BoxPredictor/ConvolutionalClassHead_4/ClassPredictor/BiasAdd_fence_after,onnxruntime,onnx_node,0.001,0.0,0.001,0.001,1,2.9e-05,99.998175,405,clean_v2_without_tensorrt,/Users/hobongs/Desktop/HoBong_study/26-1/탄중/temp/jetson_nano_edgeai/my_results/clean_v2(without_tensorRT)/layer_runtime/ssd_mobilenet_v2_onnxrt_cuda.csv
ssd_mobilenet_v2,onnxrt_cuda,439,Transpose:StatefulPartitionedCall/BoxPredictor/ConvolutionalClassHead_4/ClassPredictor/BiasAdd__423_fence_before,onnxruntime,onnx_node,0.001,0.0,0.001,0.001,16,2.9e-05,99.998203,406,clean_v2_without_tensorrt,/Users/hobongs/Desktop/HoBong_study/26-1/탄중/temp/jetson_nano_edgeai/my_results/clean_v2(without_tensorRT)/layer_runtime/ssd_mobilenet_v2_onnxrt_cuda.csv
ssd_mobilenet_v2,onnxrt_cuda,90,Transpose:StatefulPartitionedCall/BoxPredictor/ConvolutionalClassHead_4/ClassPredictor/BiasAdd__423_kernel_time,onnxruntime,onnx_node,0.077267,0.016736,0.062,0.143,60,0.002204,99.815175,407,clean_v2_without_tensorrt,/Users/hobongs/Desktop/HoBong_study/26-1/탄중/temp/jetson_nano_edgeai/my_results/clean_v2(without_tensorRT)/layer_runtime/ssd_mobilenet_v2_onnxrt_cuda.csv
ssd_mobilenet_v2,onnxrt_cuda,440,Reshape:StatefulPartitionedCall/BoxPredictor/ConvolutionalClassHead_4/Reshape_fence_before,onnxruntime,onnx_node,0.001,0.0,0.001,0.001,15,2.9e-05,99.998232,408,clean_v2_without_tensorrt,/Users/hobongs/Desktop/HoBong_study/26-1/탄중/temp/jetson_nano_edgeai/my_results/clean_v2(without_tensorRT)/layer_runtime/ssd_mobilenet_v2_onnxrt_cuda.csv
ssd_mobilenet_v2,onnxrt_cuda,189,Reshape:StatefulPartitionedCall/BoxPredictor/ConvolutionalClassHead_4/Reshape_kernel_time,onnxruntime,onnx_node,0.02345,0.007824,0.02,0.061,60,0.000669,99.977547,409,clean_v2_without_tensorrt,/Users/hobongs/Desktop/HoBong_study/26-1/탄중/temp/jetson_nano_edgeai/my_results/clean_v2(without_tensorRT)/layer_runtime/ssd_mobilenet_v2_onnxrt_cuda.csv
ssd_mobilenet_v2,onnxrt_cuda,35,Conv:StatefulPartitionedCall/BoxPredictor/ConvolutionalClassHead_3/ClassPredictor/BiasAdd_kernel_time,onnxruntime,onnx_node,0.720467,4.230394,0.144,33.214,60,0.020547,99.034322,410,clean_v2_without_tensorrt,/Users/hobongs/Desktop/HoBong_study/26-1/탄중/temp/jetson_nano_edgeai/my_results/clean_v2(without_tensorRT)/layer_runtime/ssd_mobilenet_v2_onnxrt_cuda.csv
ssd_mobilenet_v2,onnxrt_cuda,441,Conv:StatefulPartitionedCall/BoxPredictor/ConvolutionalClassHead_3/ClassPredictor/BiasAdd_fence_after,onnxruntime,onnx_node,0.001,0.0,0.001,0.001,1,2.9e-05,99.99826,411,clean_v2_without_tensorrt,/Users/hobongs/Desktop/HoBong_study/26-1/탄중/temp/jetson_nano_edgeai/my_results/clean_v2(without_tensorRT)/layer_runtime/ssd_mobilenet_v2_onnxrt_cuda.csv
ssd_mobilenet_v2,onnxrt_cuda,442,Transpose:StatefulPartitionedCall/BoxPredictor/ConvolutionalClassHead_3/ClassPredictor/BiasAdd__429_fence_before,onnxruntime,onnx_node,0.001,0.0,0.001,0.001,9,2.9e-05,99.998289,412,clean_v2_without_tensorrt,/Users/hobongs/Desktop/HoBong_study/26-1/탄중/temp/jetson_nano_edgeai/my_results/clean_v2(without_tensorRT)/layer_runtime/ssd_mobilenet_v2_onnxrt_cuda.csv
ssd_mobilenet_v2,onnxrt_cuda,103,Transpose:StatefulPartitionedCall/BoxPredictor/ConvolutionalClassHead_3/ClassPredictor/BiasAdd__429_kernel_time,onnxruntime,onnx_node,0.0684,0.015609,0.057,0.127,60,0.001951,99.841924,413,clean_v2_without_tensorrt,/Users/hobongs/Desktop/HoBong_study/26-1/탄중/temp/jetson_nano_edgeai/my_results/clean_v2(without_tensorRT)/layer_runtime/ssd_mobilenet_v2_onnxrt_cuda.csv
ssd_mobilenet_v2,onnxrt_cuda,443,Transpose:StatefulPartitionedCall/BoxPredictor/ConvolutionalClassHead_3/ClassPredictor/BiasAdd__429_fence_after,onnxruntime,onnx_node,0.001,0.0,0.001,0.001,1,2.9e-05,99.998317,414,clean_v2_without_tensorrt,/Users/hobongs/Desktop/HoBong_study/26-1/탄중/temp/jetson_nano_edgeai/my_results/clean_v2(without_tensorRT)/layer_runtime/ssd_mobilenet_v2_onnxrt_cuda.csv
ssd_mobilenet_v2,onnxrt_cuda,444,Reshape:StatefulPartitionedCall/BoxPredictor/ConvolutionalClassHead_3/Reshape_fence_before,onnxruntime,onnx_node,0.001,0.0,0.001,0.001,4,2.9e-05,99.998346,415,clean_v2_without_tensorrt,/Users/hobongs/Desktop/HoBong_study/26-1/탄중/temp/jetson_nano_edgeai/my_results/clean_v2(without_tensorRT)/layer_runtime/ssd_mobilenet_v2_onnxrt_cuda.csv
ssd_mobilenet_v2,onnxrt_cuda,198,Reshape:StatefulPartitionedCall/BoxPredictor/ConvolutionalClassHead_3/Reshape_kernel_time,onnxruntime,onnx_node,0.022367,0.005144,0.02,0.05,60,0.000638,99.983413,416,clean_v2_without_tensorrt,/Users/hobongs/Desktop/HoBong_study/26-1/탄중/temp/jetson_nano_edgeai/my_results/clean_v2(without_tensorRT)/layer_runtime/ssd_mobilenet_v2_onnxrt_cuda.csv
ssd_mobilenet_v2,onnxrt_cuda,58,Conv:StatefulPartitionedCall/BoxPredictor/ConvolutionalClassHead_2/ClassPredictor/BiasAdd_kernel_time,onnxruntime,onnx_node,0.594933,2.945536,0.181,23.219,60,0.016967,99.458348,417,clean_v2_without_tensorrt,/Users/hobongs/Desktop/HoBong_study/26-1/탄중/temp/jetson_nano_edgeai/my_results/clean_v2(without_tensorRT)/layer_runtime/ssd_mobilenet_v2_onnxrt_cuda.csv
ssd_mobilenet_v2,onnxrt_cuda,445,Conv:StatefulPartitionedCall/BoxPredictor/ConvolutionalClassHead_2/ClassPredictor/BiasAdd_fence_after,onnxruntime,onnx_node,0.001,0.0,0.001,0.001,3,2.9e-05,99.998374,418,clean_v2_without_tensorrt,/Users/hobongs/Desktop/HoBong_study/26-1/탄중/temp/jetson_nano_edgeai/my_results/clean_v2(without_tensorRT)/layer_runtime/ssd_mobilenet_v2_onnxrt_cuda.csv
ssd_mobilenet_v2,onnxrt_cuda,446,Transpose:StatefulPartitionedCall/BoxPredictor/ConvolutionalClassHead_2/ClassPredictor/BiasAdd__435_fence_before,onnxruntime,onnx_node,0.001,0.0,0.001,0.001,18,2.9e-05,99.998403,419,clean_v2_without_tensorrt,/Users/hobongs/Desktop/HoBong_study/26-1/탄중/temp/jetson_nano_edgeai/my_results/clean_v2(without_tensorRT)/layer_runtime/ssd_mobilenet_v2_onnxrt_cuda.csv
ssd_mobilenet_v2,onnxrt_cuda,98,Transpose:StatefulPartitionedCall/BoxPredictor/ConvolutionalClassHead_2/ClassPredictor/BiasAdd__435_kernel_time,onnxruntime,onnx_node,0.07205,0.01353,0.06,0.121,60,0.002055,99.831997,420,clean_v2_without_tensorrt,/Users/hobongs/Desktop/HoBong_study/26-1/탄중/temp/jetson_nano_edgeai/my_results/clean_v2(without_tensorRT)/layer_runtime/ssd_mobilenet_v2_onnxrt_cuda.csv
ssd_mobilenet_v2,onnxrt_cuda,447,Reshape:StatefulPartitionedCall/BoxPredictor/ConvolutionalClassHead_2/Reshape_fence_before,onnxruntime,onnx_node,0.001,0.0,0.001,0.001,22,2.9e-05,99.998431,421,clean_v2_without_tensorrt,/Users/hobongs/Desktop/HoBong_study/26-1/탄중/temp/jetson_nano_edgeai/my_results/clean_v2(without_tensorRT)/layer_runtime/ssd_mobilenet_v2_onnxrt_cuda.csv
ssd_mobilenet_v2,onnxrt_cuda,193,Reshape:StatefulPartitionedCall/BoxPredictor/ConvolutionalClassHead_2/Reshape_kernel_time,onnxruntime,onnx_node,0.023083,0.005981,0.02,0.046,60,0.000658,99.980191,422,clean_v2_without_tensorrt,/Users/hobongs/Desktop/HoBong_study/26-1/탄중/temp/jetson_nano_edgeai/my_results/clean_v2(without_tensorRT)/layer_runtime/ssd_mobilenet_v2_onnxrt_cuda.csv
ssd_mobilenet_v2,onnxrt_cuda,38,Conv:StatefulPartitionedCall/BoxPredictor/ConvolutionalClassHead_1/ClassPredictor/BiasAdd_kernel_time,onnxruntime,onnx_node,0.698033,3.787915,0.174,29.793,60,0.019907,99.094683,423,clean_v2_without_tensorrt,/Users/hobongs/Desktop/HoBong_study/26-1/탄중/temp/jetson_nano_edgeai/my_results/clean_v2(without_tensorRT)/layer_runtime/ssd_mobilenet_v2_onnxrt_cuda.csv
ssd_mobilenet_v2,onnxrt_cuda,448,Conv:StatefulPartitionedCall/BoxPredictor/ConvolutionalClassHead_1/ClassPredictor/BiasAdd_fence_after,onnxruntime,onnx_node,0.001,0.0,0.001,0.001,3,2.9e-05,99.99846,424,clean_v2_without_tensorrt,/Users/hobongs/Desktop/HoBong_study/26-1/탄중/temp/jetson_nano_edgeai/my_results/clean_v2(without_tensorRT)/layer_runtime/ssd_mobilenet_v2_onnxrt_cuda.csv
ssd_mobilenet_v2,onnxrt_cuda,449,Transpose:StatefulPartitionedCall/BoxPredictor/ConvolutionalClassHead_1/ClassPredictor/BiasAdd__441_fence_before,onnxruntime,onnx_node,0.001,0.0,0.001,0.001,15,2.9e-05,99.998488,425,clean_v2_without_tensorrt,/Users/hobongs/Desktop/HoBong_study/26-1/탄중/temp/jetson_nano_edgeai/my_results/clean_v2(without_tensorRT)/layer_runtime/ssd_mobilenet_v2_onnxrt_cuda.csv
ssd_mobilenet_v2,onnxrt_cuda,99,Transpose:StatefulPartitionedCall/BoxPredictor/ConvolutionalClassHead_1/ClassPredictor/BiasAdd__441_kernel_time,onnxruntime,onnx_node,0.070967,0.015848,0.059,0.128,60,0.002024,99.834021,426,clean_v2_without_tensorrt,/Users/hobongs/Desktop/HoBong_study/26-1/탄중/temp/jetson_nano_edgeai/my_results/clean_v2(without_tensorRT)/layer_runtime/ssd_mobilenet_v2_onnxrt_cuda.csv
ssd_mobilenet_v2,onnxrt_cuda,450,Reshape:StatefulPartitionedCall/BoxPredictor/ConvolutionalClassHead_1/Reshape_fence_before,onnxruntime,onnx_node,0.001,0.0,0.001,0.001,5,2.9e-05,99.998517,427,clean_v2_without_tensorrt,/Users/hobongs/Desktop/HoBong_study/26-1/탄중/temp/jetson_nano_edgeai/my_results/clean_v2(without_tensorRT)/layer_runtime/ssd_mobilenet_v2_onnxrt_cuda.csv
ssd_mobilenet_v2,onnxrt_cuda,194,Reshape:StatefulPartitionedCall/BoxPredictor/ConvolutionalClassHead_1/Reshape_kernel_time,onnxruntime,onnx_node,0.02295,0.007237,0.02,0.059,60,0.000655,99.980846,428,clean_v2_without_tensorrt,/Users/hobongs/Desktop/HoBong_study/26-1/탄중/temp/jetson_nano_edgeai/my_results/clean_v2(without_tensorRT)/layer_runtime/ssd_mobilenet_v2_onnxrt_cuda.csv
ssd_mobilenet_v2,onnxrt_cuda,24,Conv:StatefulPartitionedCall/BoxPredictor/ConvolutionalClassHead_0/ClassPredictor/BiasAdd_kernel_time,onnxruntime,onnx_node,0.857633,5.044802,0.177,39.607,60,0.024459,98.793283,429,clean_v2_without_tensorrt,/Users/hobongs/Desktop/HoBong_study/26-1/탄중/temp/jetson_nano_edgeai/my_results/clean_v2(without_tensorRT)/layer_runtime/ssd_mobilenet_v2_onnxrt_cuda.csv
ssd_mobilenet_v2,onnxrt_cuda,451,Conv:StatefulPartitionedCall/BoxPredictor/ConvolutionalClassHead_0/ClassPredictor/BiasAdd_fence_after,onnxruntime,onnx_node,0.001,0.0,0.001,0.001,2,2.9e-05,99.998546,430,clean_v2_without_tensorrt,/Users/hobongs/Desktop/HoBong_study/26-1/탄중/temp/jetson_nano_edgeai/my_results/clean_v2(without_tensorRT)/layer_runtime/ssd_mobilenet_v2_onnxrt_cuda.csv
ssd_mobilenet_v2,onnxrt_cuda,238,Transpose:StatefulPartitionedCall/BoxPredictor/ConvolutionalClassHead_0/ClassPredictor/BiasAdd__447_fence_before,onnxruntime,onnx_node,0.001167,0.000373,0.001,0.002,6,3.3e-05,99.992442,431,clean_v2_without_tensorrt,/Users/hobongs/Desktop/HoBong_study/26-1/탄중/temp/jetson_nano_edgeai/my_results/clean_v2(without_tensorRT)/layer_runtime/ssd_mobilenet_v2_onnxrt_cuda.csv
ssd_mobilenet_v2,onnxrt_cuda,102,Transpose:StatefulPartitionedCall/BoxPredictor/ConvolutionalClassHead_0/ClassPredictor/BiasAdd__447_kernel_time,onnxruntime,onnx_node,0.068917,0.015683,0.059,0.137,60,0.001965,99.839973,432,clean_v2_without_tensorrt,/Users/hobongs/Desktop/HoBong_study/26-1/탄중/temp/jetson_nano_edgeai/my_results/clean_v2(without_tensorRT)/layer_runtime/ssd_mobilenet_v2_onnxrt_cuda.csv
ssd_mobilenet_v2,onnxrt_cuda,452,Reshape:StatefulPartitionedCall/BoxPredictor/ConvolutionalClassHead_0/Reshape_fence_before,onnxruntime,onnx_node,0.001,0.0,0.001,0.001,8,2.9e-05,99.998574,433,clean_v2_without_tensorrt,/Users/hobongs/Desktop/HoBong_study/26-1/탄중/temp/jetson_nano_edgeai/my_results/clean_v2(without_tensorRT)/layer_runtime/ssd_mobilenet_v2_onnxrt_cuda.csv
ssd_mobilenet_v2,onnxrt_cuda,188,Reshape:StatefulPartitionedCall/BoxPredictor/ConvolutionalClassHead_0/Reshape_kernel_time,onnxruntime,onnx_node,0.023683,0.010508,0.019,0.074,60,0.000675,99.976878,434,clean_v2_without_tensorrt,/Users/hobongs/Desktop/HoBong_study/26-1/탄중/temp/jetson_nano_edgeai/my_results/clean_v2(without_tensorRT)/layer_runtime/ssd_mobilenet_v2_onnxrt_cuda.csv
ssd_mobilenet_v2,onnxrt_cuda,453,Concat:StatefulPartitionedCall/concat_1_fence_before,onnxruntime,onnx_node,0.001,0.0,0.001,0.001,9,2.9e-05,99.998603,435,clean_v2_without_tensorrt,/Users/hobongs/Desktop/HoBong_study/26-1/탄중/temp/jetson_nano_edgeai/my_results/clean_v2(without_tensorRT)/layer_runtime/ssd_mobilenet_v2_onnxrt_cuda.csv
ssd_mobilenet_v2,onnxrt_cuda,79,Concat:StatefulPartitionedCall/concat_1_kernel_time,onnxruntime,onnx_node,0.279433,0.047893,0.241,0.554,60,0.007969,99.776167,436,clean_v2_without_tensorrt,/Users/hobongs/Desktop/HoBong_study/26-1/탄중/temp/jetson_nano_edgeai/my_results/clean_v2(without_tensorRT)/layer_runtime/ssd_mobilenet_v2_onnxrt_cuda.csv
ssd_mobilenet_v2,onnxrt_cuda,454,Concat:StatefulPartitionedCall/concat_1_fence_after,onnxruntime,onnx_node,0.001,0.0,0.001,0.001,3,2.9e-05,99.998631,437,clean_v2_without_tensorrt,/Users/hobongs/Desktop/HoBong_study/26-1/탄중/temp/jetson_nano_edgeai/my_results/clean_v2(without_tensorRT)/layer_runtime/ssd_mobilenet_v2_onnxrt_cuda.csv
ssd_mobilenet_v2,onnxrt_cuda,255,Sigmoid:StatefulPartitionedCall/Postprocessor/convert_scores_fence_before,onnxruntime,onnx_node,0.001017,0.000129,0.001,0.002,59,2.9e-05,99.992956,438,clean_v2_without_tensorrt,/Users/hobongs/Desktop/HoBong_study/26-1/탄중/temp/jetson_nano_edgeai/my_results/clean_v2(without_tensorRT)/layer_runtime/ssd_mobilenet_v2_onnxrt_cuda.csv
ssd_mobilenet_v2,onnxrt_cuda,95,Sigmoid:StatefulPartitionedCall/Postprocessor/convert_scores_kernel_time,onnxruntime,onnx_node,0.072817,0.011398,0.063,0.113,60,0.002077,99.82582,439,clean_v2_without_tensorrt,/Users/hobongs/Desktop/HoBong_study/26-1/탄중/temp/jetson_nano_edgeai/my_results/clean_v2(without_tensorRT)/layer_runtime/ssd_mobilenet_v2_onnxrt_cuda.csv
ssd_mobilenet_v2,onnxrt_cuda,4,SequentialExecutor::Execute,onnxruntime,onnx_node,228.901417,1548.275206,24.568,12121.346,60,6.528072,93.60131,440,clean_v2_without_tensorrt,/Users/hobongs/Desktop/HoBong_study/26-1/탄중/temp/jetson_nano_edgeai/my_results/clean_v2(without_tensorRT)/layer_runtime/ssd_mobilenet_v2_onnxrt_cuda.csv
ssd_mobilenet_v2,onnxrt_cuda,3,model_run,onnxruntime,onnx_node,253.9769,1545.364618,51.774,12124.079,60,7.243203,87.073238,441,clean_v2_without_tensorrt,/Users/hobongs/Desktop/HoBong_study/26-1/탄중/temp/jetson_nano_edgeai/my_results/clean_v2(without_tensorRT)/layer_runtime/ssd_mobilenet_v2_onnxrt_cuda.csv
ssd_mobilenet_v2,onnxrt_cuda,455,Resize:Resize__36_fence_after,onnxruntime,onnx_node,0.001,0.0,0.001,0.001,1,2.9e-05,99.99866,442,clean_v2_without_tensorrt,/Users/hobongs/Desktop/HoBong_study/26-1/탄중/temp/jetson_nano_edgeai/my_results/clean_v2(without_tensorRT)/layer_runtime/ssd_mobilenet_v2_onnxrt_cuda.csv
ssd_mobilenet_v2,onnxrt_cuda,456,Unsqueeze:StatefulPartitionedCall/Preprocessor/stack_fence_before,onnxruntime,onnx_node,0.001,0.0,0.001,0.001,15,2.9e-05,99.998688,443,clean_v2_without_tensorrt,/Users/hobongs/Desktop/HoBong_study/26-1/탄중/temp/jetson_nano_edgeai/my_results/clean_v2(without_tensorRT)/layer_runtime/ssd_mobilenet_v2_onnxrt_cuda.csv
ssd_mobilenet_v2,onnxrt_cuda,457,Conv:StatefulPartitionedCall/ssd_mobile_net_v2keras_feature_extractor/functional_1/block_11_depthwise/depthwise_fence_before,onnxruntime,onnx_node,0.001,0.0,0.001,0.001,8,2.9e-05,99.998717,444,clean_v2_without_tensorrt,/Users/hobongs/Desktop/HoBong_study/26-1/탄중/temp/jetson_nano_edgeai/my_results/clean_v2(without_tensorRT)/layer_runtime/ssd_mobilenet_v2_onnxrt_cuda.csv
ssd_mobilenet_v2,onnxrt_cuda,458,Conv:StatefulPartitionedCall/ssd_mobile_net_v2keras_feature_extractor/functional_1/block_15_depthwise/depthwise_fence_before,onnxruntime,onnx_node,0.001,0.0,0.001,0.001,16,2.9e-05,99.998745,445,clean_v2_without_tensorrt,/Users/hobongs/Desktop/HoBong_study/26-1/탄중/temp/jetson_nano_edgeai/my_results/clean_v2(without_tensorRT)/layer_runtime/ssd_mobilenet_v2_onnxrt_cuda.csv
ssd_mobilenet_v2,onnxrt_cuda,459,Conv:StatefulPartitionedCall/BoxPredictor/ConvolutionalBoxHead_5/BoxEncodingPredictor/BiasAdd_fence_before,onnxruntime,onnx_node,0.001,0.0,0.001,0.001,9,2.9e-05,99.998774,446,clean_v2_without_tensorrt,/Users/hobongs/Desktop/HoBong_study/26-1/탄중/temp/jetson_nano_edgeai/my_results/clean_v2(without_tensorRT)/layer_runtime/ssd_mobilenet_v2_onnxrt_cuda.csv
ssd_mobilenet_v2,onnxrt_cuda,460,Transpose:StatefulPartitionedCall/BoxPredictor/ConvolutionalBoxHead_0/BoxEncodingPredictor/BiasAdd__724_fence_after,onnxruntime,onnx_node,0.001,0.0,0.001,0.001,1,2.9e-05,99.998802,447,clean_v2_without_tensorrt,/Users/hobongs/Desktop/HoBong_study/26-1/탄중/temp/jetson_nano_edgeai/my_results/clean_v2(without_tensorRT)/layer_runtime/ssd_mobilenet_v2_onnxrt_cuda.csv
ssd_mobilenet_v2,onnxrt_cuda,250,Split:StatefulPartitionedCall/Postprocessor/Decode/unstack_fence_before,onnxruntime,onnx_node,0.001026,0.00016,0.001,0.002,38,2.9e-05,99.99281,448,clean_v2_without_tensorrt,/Users/hobongs/Desktop/HoBong_study/26-1/탄중/temp/jetson_nano_edgeai/my_results/clean_v2(without_tensorRT)/layer_runtime/ssd_mobilenet_v2_onnxrt_cuda.csv
ssd_mobilenet_v2,onnxrt_cuda,461,Conv:StatefulPartitionedCall/BoxPredictor/ConvolutionalClassHead_4/ClassPredictor/BiasAdd_fence_before,onnxruntime,onnx_node,0.001,0.0,0.001,0.001,7,2.9e-05,99.998831,449,clean_v2_without_tensorrt,/Users/hobongs/Desktop/HoBong_study/26-1/탄중/temp/jetson_nano_edgeai/my_results/clean_v2(without_tensorRT)/layer_runtime/ssd_mobilenet_v2_onnxrt_cuda.csv
ssd_mobilenet_v2,onnxrt_cuda,462,Concat:StatefulPartitionedCall/concat_fence_before,onnxruntime,onnx_node,0.001,0.0,0.001,0.001,38,2.9e-05,99.998859,450,clean_v2_without_tensorrt,/Users/hobongs/Desktop/HoBong_study/26-1/탄중/temp/jetson_nano_edgeai/my_results/clean_v2(without_tensorRT)/layer_runtime/ssd_mobilenet_v2_onnxrt_cuda.csv
ssd_mobilenet_v2,onnxrt_cuda,463,Squeeze:StatefulPartitionedCall/Postprocessor/Decode/unstack__727_fence_before,onnxruntime,onnx_node,0.001,0.0,0.001,0.001,8,2.9e-05,99.998888,451,clean_v2_without_tensorrt,/Users/hobongs/Desktop/HoBong_study/26-1/탄중/temp/jetson_nano_edgeai/my_results/clean_v2(without_tensorRT)/layer_runtime/ssd_mobilenet_v2_onnxrt_cuda.csv
ssd_mobilenet_v2,onnxrt_cuda,464,Sub:StatefulPartitionedCall/Postprocessor/Decode/sub_fence_before,onnxruntime,onnx_node,0.001,0.0,0.001,0.001,17,2.9e-05,99.998916,452,clean_v2_without_tensorrt,/Users/hobongs/Desktop/HoBong_study/26-1/탄중/temp/jetson_nano_edgeai/my_results/clean_v2(without_tensorRT)/layer_runtime/ssd_mobilenet_v2_onnxrt_cuda.csv
ssd_mobilenet_v2,onnxrt_cuda,214,Mul:StatefulPartitionedCall/Postprocessor/Decode/mul_fence_before,onnxruntime,onnx_node,0.0058,0.0096,0.001,0.025,5,0.000165,99.990846,453,clean_v2_without_tensorrt,/Users/hobongs/Desktop/HoBong_study/26-1/탄중/temp/jetson_nano_edgeai/my_results/clean_v2(without_tensorRT)/layer_runtime/ssd_mobilenet_v2_onnxrt_cuda.csv
ssd_mobilenet_v2,onnxrt_cuda,465,Concat:StatefulPartitionedCall/Postprocessor/Decode/stack_Concat__735_fence_before,onnxruntime,onnx_node,0.001,0.0,0.001,0.001,10,2.9e-05,99.998945,454,clean_v2_without_tensorrt,/Users/hobongs/Desktop/HoBong_study/26-1/탄중/temp/jetson_nano_edgeai/my_results/clean_v2(without_tensorRT)/layer_runtime/ssd_mobilenet_v2_onnxrt_cuda.csv
ssd_mobilenet_v2,onnxrt_cuda,466,Slice:Slice__33_fence_before,onnxruntime,onnx_node,0.001,0.0,0.001,0.001,14,2.9e-05,99.998973,455,clean_v2_without_tensorrt,/Users/hobongs/Desktop/HoBong_study/26-1/탄중/temp/jetson_nano_edgeai/my_results/clean_v2(without_tensorRT)/layer_runtime/ssd_mobilenet_v2_onnxrt_cuda.csv
ssd_mobilenet_v2,onnxrt_cuda,467,Conv:StatefulPartitionedCall/ssd_mobile_net_v2keras_feature_extractor/functional_1/block_7_expand/Conv2D_fence_before,onnxruntime,onnx_node,0.001,0.0,0.001,0.001,17,2.9e-05,99.999002,456,clean_v2_without_tensorrt,/Users/hobongs/Desktop/HoBong_study/26-1/탄중/temp/jetson_nano_edgeai/my_results/clean_v2(without_tensorRT)/layer_runtime/ssd_mobilenet_v2_onnxrt_cuda.csv
ssd_mobilenet_v2,onnxrt_cuda,468,Conv:StatefulPartitionedCall/ssd_mobile_net_v2keras_feature_extractor/FeatureMaps/layer_19_1_Conv2d_4_1x1_128_conv/Conv2D_fence_before,onnxruntime,onnx_node,0.001,0.0,0.001,0.001,20,2.9e-05,99.99903,457,clean_v2_without_tensorrt,/Users/hobongs/Desktop/HoBong_study/26-1/탄중/temp/jetson_nano_edgeai/my_results/clean_v2(without_tensorRT)/layer_runtime/ssd_mobilenet_v2_onnxrt_cuda.csv
ssd_mobilenet_v2,onnxrt_cuda,469,Mul:StatefulPartitionedCall/Postprocessor/Decode/mul_1_fence_before,onnxruntime,onnx_node,0.001,0.0,0.001,0.001,5,2.9e-05,99.999059,458,clean_v2_without_tensorrt,/Users/hobongs/Desktop/HoBong_study/26-1/탄중/temp/jetson_nano_edgeai/my_results/clean_v2(without_tensorRT)/layer_runtime/ssd_mobilenet_v2_onnxrt_cuda.csv
ssd_mobilenet_v2,onnxrt_cuda,213,Conv:StatefulPartitionedCall/BoxPredictor/ConvolutionalClassHead_2/ClassPredictor/BiasAdd_fence_before,onnxruntime,onnx_node,0.007,0.008485,0.001,0.019,3,0.0002,99.99068,459,clean_v2_without_tensorrt,/Users/hobongs/Desktop/HoBong_study/26-1/탄중/temp/jetson_nano_edgeai/my_results/clean_v2(without_tensorRT)/layer_runtime/ssd_mobilenet_v2_onnxrt_cuda.csv
ssd_mobilenet_v2,onnxrt_cuda,470,Mul:StatefulPartitionedCall/Postprocessor/Decode/truediv_6_fence_before,onnxruntime,onnx_node,0.001,0.0,0.001,0.001,1,2.9e-05,99.999087,460,clean_v2_without_tensorrt,/Users/hobongs/Desktop/HoBong_study/26-1/탄중/temp/jetson_nano_edgeai/my_results/clean_v2(without_tensorRT)/layer_runtime/ssd_mobilenet_v2_onnxrt_cuda.csv
ssd_mobilenet_v2,onnxrt_cuda,471,Exp:StatefulPartitionedCall/Postprocessor/Decode/Exp_fence_before,onnxruntime,onnx_node,0.001,0.0,0.001,0.001,8,2.9e-05,99.999116,461,clean_v2_without_tensorrt,/Users/hobongs/Desktop/HoBong_study/26-1/탄중/temp/jetson_nano_edgeai/my_results/clean_v2(without_tensorRT)/layer_runtime/ssd_mobilenet_v2_onnxrt_cuda.csv
ssd_mobilenet_v2,onnxrt_cuda,472,Conv:StatefulPartitionedCall/ssd_mobile_net_v2keras_feature_extractor/functional_1/block_8_expand/Conv2D_fence_before,onnxruntime,onnx_node,0.001,0.0,0.001,0.001,4,2.9e-05,99.999144,462,clean_v2_without_tensorrt,/Users/hobongs/Desktop/HoBong_study/26-1/탄중/temp/jetson_nano_edgeai/my_results/clean_v2(without_tensorRT)/layer_runtime/ssd_mobilenet_v2_onnxrt_cuda.csv
ssd_mobilenet_v2,onnxrt_cuda,473,Conv:StatefulPartitionedCall/ssd_mobile_net_v2keras_feature_extractor/functional_1/block_10_expand/Conv2D_fence_before,onnxruntime,onnx_node,0.001,0.0,0.001,0.001,11,2.9e-05,99.999173,463,clean_v2_without_tensorrt,/Users/hobongs/Desktop/HoBong_study/26-1/탄중/temp/jetson_nano_edgeai/my_results/clean_v2(without_tensorRT)/layer_runtime/ssd_mobilenet_v2_onnxrt_cuda.csv
ssd_mobilenet_v2,onnxrt_cuda,474,Conv:StatefulPartitionedCall/ssd_mobile_net_v2keras_feature_extractor/functional_1/block_12_depthwise/depthwise_fence_before,onnxruntime,onnx_node,0.001,0.0,0.001,0.001,6,2.9e-05,99.999201,464,clean_v2_without_tensorrt,/Users/hobongs/Desktop/HoBong_study/26-1/탄중/temp/jetson_nano_edgeai/my_results/clean_v2(without_tensorRT)/layer_runtime/ssd_mobilenet_v2_onnxrt_cuda.csv
ssd_mobilenet_v2,onnxrt_cuda,475,Conv:StatefulPartitionedCall/ssd_mobile_net_v2keras_feature_extractor/functional_1/block_16_expand/Conv2D_fence_before,onnxruntime,onnx_node,0.001,0.0,0.001,0.001,15,2.9e-05,99.99923,465,clean_v2_without_tensorrt,/Users/hobongs/Desktop/HoBong_study/26-1/탄중/temp/jetson_nano_edgeai/my_results/clean_v2(without_tensorRT)/layer_runtime/ssd_mobilenet_v2_onnxrt_cuda.csv
ssd_mobilenet_v2,onnxrt_cuda,476,Add:StatefulPartitionedCall/Postprocessor/Decode/add_2_fence_before,onnxruntime,onnx_node,0.001,0.0,0.001,0.001,4,2.9e-05,99.999259,466,clean_v2_without_tensorrt,/Users/hobongs/Desktop/HoBong_study/26-1/탄중/temp/jetson_nano_edgeai/my_results/clean_v2(without_tensorRT)/layer_runtime/ssd_mobilenet_v2_onnxrt_cuda.csv
ssd_mobilenet_v2,onnxrt_cuda,477,Sub:StatefulPartitionedCall/Postprocessor/Decode/sub_1_fence_before,onnxruntime,onnx_node,0.001,0.0,0.001,0.001,6,2.9e-05,99.999287,467,clean_v2_without_tensorrt,/Users/hobongs/Desktop/HoBong_study/26-1/탄중/temp/jetson_nano_edgeai/my_results/clean_v2(without_tensorRT)/layer_runtime/ssd_mobilenet_v2_onnxrt_cuda.csv
ssd_mobilenet_v2,onnxrt_cuda,478,Conv:StatefulPartitionedCall/ssd_mobile_net_v2keras_feature_extractor/functional_1/block_13_depthwise/depthwise_fence_before,onnxruntime,onnx_node,0.001,0.0,0.001,0.001,2,2.9e-05,99.999316,468,clean_v2_without_tensorrt,/Users/hobongs/Desktop/HoBong_study/26-1/탄중/temp/jetson_nano_edgeai/my_results/clean_v2(without_tensorRT)/layer_runtime/ssd_mobilenet_v2_onnxrt_cuda.csv
ssd_mobilenet_v2,onnxrt_cuda,479,Mul:StatefulPartitionedCall/Postprocessor/Decode/mul_2_fence_before,onnxruntime,onnx_node,0.001,0.0,0.001,0.001,8,2.9e-05,99.999344,469,clean_v2_without_tensorrt,/Users/hobongs/Desktop/HoBong_study/26-1/탄중/temp/jetson_nano_edgeai/my_results/clean_v2(without_tensorRT)/layer_runtime/ssd_mobilenet_v2_onnxrt_cuda.csv
ssd_mobilenet_v2,onnxrt_cuda,480,Conv:StatefulPartitionedCall/ssd_mobile_net_v2keras_feature_extractor/FeatureMaps/layer_19_1_Conv2d_5_1x1_64_conv/Conv2D_fence_before,onnxruntime,onnx_node,0.001,0.0,0.001,0.001,12,2.9e-05,99.999373,470,clean_v2_without_tensorrt,/Users/hobongs/Desktop/HoBong_study/26-1/탄중/temp/jetson_nano_edgeai/my_results/clean_v2(without_tensorRT)/layer_runtime/ssd_mobilenet_v2_onnxrt_cuda.csv
ssd_mobilenet_v2,onnxrt_cuda,481,Conv:StatefulPartitionedCall/BoxPredictor/ConvolutionalClassHead_0/ClassPredictor/BiasAdd_fence_before,onnxruntime,onnx_node,0.001,0.0,0.001,0.001,8,2.9e-05,99.999401,471,clean_v2_without_tensorrt,/Users/hobongs/Desktop/HoBong_study/26-1/탄중/temp/jetson_nano_edgeai/my_results/clean_v2(without_tensorRT)/layer_runtime/ssd_mobilenet_v2_onnxrt_cuda.csv
ssd_mobilenet_v2,onnxrt_cuda,220,Unsqueeze:StatefulPartitionedCall/Postprocessor/Decode/stack_Unsqueeze__731_fence_after,onnxruntime,onnx_node,0.003,0.0,0.003,0.003,1,8.6e-05,99.991504,472,clean_v2_without_tensorrt,/Users/hobongs/Desktop/HoBong_study/26-1/탄중/temp/jetson_nano_edgeai/my_results/clean_v2(without_tensorRT)/layer_runtime/ssd_mobilenet_v2_onnxrt_cuda.csv
ssd_mobilenet_v2,onnxrt_cuda,482,Clip:StatefulPartitionedCall/ssd_mobile_net_v2keras_feature_extractor/functional_1/Conv1_relu/Relu6_fence_after,onnxruntime,onnx_node,0.001,0.0,0.001,0.001,1,2.9e-05,99.99943,473,clean_v2_without_tensorrt,/Users/hobongs/Desktop/HoBong_study/26-1/탄중/temp/jetson_nano_edgeai/my_results/clean_v2(without_tensorRT)/layer_runtime/ssd_mobilenet_v2_onnxrt_cuda.csv
ssd_mobilenet_v2,onnxrt_cuda,483,Sub:StatefulPartitionedCall/Preprocessor/sub_fence_before,onnxruntime,onnx_node,0.001,0.0,0.001,0.001,5,2.9e-05,99.999458,474,clean_v2_without_tensorrt,/Users/hobongs/Desktop/HoBong_study/26-1/탄중/temp/jetson_nano_edgeai/my_results/clean_v2(without_tensorRT)/layer_runtime/ssd_mobilenet_v2_onnxrt_cuda.csv
ssd_mobilenet_v2,onnxrt_cuda,484,Conv:StatefulPartitionedCall/BoxPredictor/ConvolutionalBoxHead_2/BoxEncodingPredictor/BiasAdd_fence_before,onnxruntime,onnx_node,0.001,0.0,0.001,0.001,3,2.9e-05,99.999487,475,clean_v2_without_tensorrt,/Users/hobongs/Desktop/HoBong_study/26-1/탄중/temp/jetson_nano_edgeai/my_results/clean_v2(without_tensorRT)/layer_runtime/ssd_mobilenet_v2_onnxrt_cuda.csv
ssd_mobilenet_v2,onnxrt_cuda,485,Clip:StatefulPartitionedCall/ssd_mobile_net_v2keras_feature_extractor/FeatureMaps/layer_19_2_Conv2d_5_3x3_s2_128/Relu6_fence_after,onnxruntime,onnx_node,0.001,0.0,0.001,0.001,1,2.9e-05,99.999515,476,clean_v2_without_tensorrt,/Users/hobongs/Desktop/HoBong_study/26-1/탄중/temp/jetson_nano_edgeai/my_results/clean_v2(without_tensorRT)/layer_runtime/ssd_mobilenet_v2_onnxrt_cuda.csv
ssd_mobilenet_v2,onnxrt_cuda,486,Clip:StatefulPartitionedCall/ssd_mobile_net_v2keras_feature_extractor/FeatureMaps/layer_19_1_Conv2d_2_1x1_256/Relu6_fence_after,onnxruntime,onnx_node,0.001,0.0,0.001,0.001,1,2.9e-05,99.999544,477,clean_v2_without_tensorrt,/Users/hobongs/Desktop/HoBong_study/26-1/탄중/temp/jetson_nano_edgeai/my_results/clean_v2(without_tensorRT)/layer_runtime/ssd_mobilenet_v2_onnxrt_cuda.csv
ssd_mobilenet_v2,onnxrt_cuda,487,Unsqueeze:StatefulPartitionedCall/Postprocessor/ExpandDims_1_fence_before,onnxruntime,onnx_node,0.001,0.0,0.001,0.001,2,2.9e-05,99.999572,478,clean_v2_without_tensorrt,/Users/hobongs/Desktop/HoBong_study/26-1/탄중/temp/jetson_nano_edgeai/my_results/clean_v2(without_tensorRT)/layer_runtime/ssd_mobilenet_v2_onnxrt_cuda.csv
ssd_mobilenet_v2,onnxrt_cuda,488,Conv:StatefulPartitionedCall/BoxPredictor/ConvolutionalBoxHead_1/BoxEncodingPredictor/BiasAdd_fence_before,onnxruntime,onnx_node,0.001,0.0,0.001,0.001,4,2.9e-05,99.999601,479,clean_v2_without_tensorrt,/Users/hobongs/Desktop/HoBong_study/26-1/탄중/temp/jetson_nano_edgeai/my_results/clean_v2(without_tensorRT)/layer_runtime/ssd_mobilenet_v2_onnxrt_cuda.csv
ssd_mobilenet_v2,onnxrt_cuda,489,Conv:StatefulPartitionedCall/BoxPredictor/ConvolutionalBoxHead_4/BoxEncodingPredictor/BiasAdd_fence_before,onnxruntime,onnx_node,0.001,0.0,0.001,0.001,3,2.9e-05,99.999629,480,clean_v2_without_tensorrt,/Users/hobongs/Desktop/HoBong_study/26-1/탄중/temp/jetson_nano_edgeai/my_results/clean_v2(without_tensorRT)/layer_runtime/ssd_mobilenet_v2_onnxrt_cuda.csv
ssd_mobilenet_v2,onnxrt_cuda,218,Add:StatefulPartitionedCall/Postprocessor/Decode/add_fence_before,onnxruntime,onnx_node,0.003222,0.006285,0.001,0.021,9,9.2e-05,99.991333,481,clean_v2_without_tensorrt,/Users/hobongs/Desktop/HoBong_study/26-1/탄중/temp/jetson_nano_edgeai/my_results/clean_v2(without_tensorRT)/layer_runtime/ssd_mobilenet_v2_onnxrt_cuda.csv
ssd_mobilenet_v2,onnxrt_cuda,216,Conv:StatefulPartitionedCall/ssd_mobile_net_v2keras_feature_extractor/functional_1/block_5_expand/Conv2D_fence_before,onnxruntime,onnx_node,0.005,0.008,0.001,0.021,5,0.000143,99.991131,482,clean_v2_without_tensorrt,/Users/hobongs/Desktop/HoBong_study/26-1/탄중/temp/jetson_nano_edgeai/my_results/clean_v2(without_tensorRT)/layer_runtime/ssd_mobilenet_v2_onnxrt_cuda.csv
ssd_mobilenet_v2,onnxrt_cuda,490,Conv:StatefulPartitionedCall/ssd_mobile_net_v2keras_feature_extractor/functional_1/block_6_expand/Conv2D_fence_before,onnxruntime,onnx_node,0.001,0.0,0.001,0.001,2,2.9e-05,99.999658,483,clean_v2_without_tensorrt,/Users/hobongs/Desktop/HoBong_study/26-1/탄중/temp/jetson_nano_edgeai/my_results/clean_v2(without_tensorRT)/layer_runtime/ssd_mobilenet_v2_onnxrt_cuda.csv
ssd_mobilenet_v2,onnxrt_cuda,170,Reshape:StatefulPartitionedCall/Postprocessor/Reshape_1_fence_after,onnxruntime,onnx_node,0.042,0.0,0.042,0.042,1,0.001198,99.96325,484,clean_v2_without_tensorrt,/Users/hobongs/Desktop/HoBong_study/26-1/탄중/temp/jetson_nano_edgeai/my_results/clean_v2(without_tensorRT)/layer_runtime/ssd_mobilenet_v2_onnxrt_cuda.csv
ssd_mobilenet_v2,onnxrt_cuda,491,Add:StatefulPartitionedCall/Postprocessor/Decode/add_2_fence_after,onnxruntime,onnx_node,0.001,0.0,0.001,0.001,1,2.9e-05,99.999686,485,clean_v2_without_tensorrt,/Users/hobongs/Desktop/HoBong_study/26-1/탄중/temp/jetson_nano_edgeai/my_results/clean_v2(without_tensorRT)/layer_runtime/ssd_mobilenet_v2_onnxrt_cuda.csv
ssd_mobilenet_v2,onnxrt_cuda,492,Reshape:StatefulPartitionedCall/BoxPredictor/ConvolutionalClassHead_5/Reshape_fence_after,onnxruntime,onnx_node,0.001,0.0,0.001,0.001,1,2.9e-05,99.999715,486,clean_v2_without_tensorrt,/Users/hobongs/Desktop/HoBong_study/26-1/탄중/temp/jetson_nano_edgeai/my_results/clean_v2(without_tensorRT)/layer_runtime/ssd_mobilenet_v2_onnxrt_cuda.csv
ssd_mobilenet_v2,onnxrt_cuda,203,Add:StatefulPartitionedCall/ssd_mobile_net_v2keras_feature_extractor/functional_1/block_4_add/add_fence_after,onnxruntime,onnx_node,0.021,0.0,0.021,0.021,1,0.000599,99.986488,487,clean_v2_without_tensorrt,/Users/hobongs/Desktop/HoBong_study/26-1/탄중/temp/jetson_nano_edgeai/my_results/clean_v2(without_tensorRT)/layer_runtime/ssd_mobilenet_v2_onnxrt_cuda.csv
ssd_mobilenet_v2,onnxrt_cuda,209,Clip:StatefulPartitionedCall/ssd_mobile_net_v2keras_feature_extractor/functional_1/block_4_depthwise_relu/Relu6_fence_after,onnxruntime,onnx_node,0.014,0.013,0.001,0.027,2,0.000399,99.989606,488,clean_v2_without_tensorrt,/Users/hobongs/Desktop/HoBong_study/26-1/탄중/temp/jetson_nano_edgeai/my_results/clean_v2(without_tensorRT)/layer_runtime/ssd_mobilenet_v2_onnxrt_cuda.csv
ssd_mobilenet_v2,onnxrt_cuda,173,Clip:StatefulPartitionedCall/ssd_mobile_net_v2keras_feature_extractor/functional_1/block_8_expand_relu/Relu6_fence_after,onnxruntime,onnx_node,0.0305,0.0015,0.029,0.032,2,0.00087,99.966056,489,clean_v2_without_tensorrt,/Users/hobongs/Desktop/HoBong_study/26-1/탄중/temp/jetson_nano_edgeai/my_results/clean_v2(without_tensorRT)/layer_runtime/ssd_mobilenet_v2_onnxrt_cuda.csv
ssd_mobilenet_v2,onnxrt_cuda,493,Clip:StatefulPartitionedCall/ssd_mobile_net_v2keras_feature_extractor/functional_1/block_11_depthwise_relu/Relu6_fence_after,onnxruntime,onnx_node,0.001,0.0,0.001,0.001,1,2.9e-05,99.999743,490,clean_v2_without_tensorrt,/Users/hobongs/Desktop/HoBong_study/26-1/탄중/temp/jetson_nano_edgeai/my_results/clean_v2(without_tensorRT)/layer_runtime/ssd_mobilenet_v2_onnxrt_cuda.csv
ssd_mobilenet_v2,onnxrt_cuda,177,Reshape:StatefulPartitionedCall/ssd_mobile_net_v2keras_feature_extractor/FeatureMaps/layer_19_2_Conv2d_5_3x3_s2_128_batchnorm/FusedBatchNormV3__412_fence_after,onnxruntime,onnx_node,0.026,0.0,0.026,0.026,1,0.000741,99.969149,491,clean_v2_without_tensorrt,/Users/hobongs/Desktop/HoBong_study/26-1/탄중/temp/jetson_nano_edgeai/my_results/clean_v2(without_tensorRT)/layer_runtime/ssd_mobilenet_v2_onnxrt_cuda.csv
ssd_mobilenet_v2,onnxrt_cuda,494,Unsqueeze:StatefulPartitionedCall/Postprocessor/Decode/stack_Unsqueeze__734_fence_after,onnxruntime,onnx_node,0.001,0.0,0.001,0.001,1,2.9e-05,99.999772,492,clean_v2_without_tensorrt,/Users/hobongs/Desktop/HoBong_study/26-1/탄중/temp/jetson_nano_edgeai/my_results/clean_v2(without_tensorRT)/layer_runtime/ssd_mobilenet_v2_onnxrt_cuda.csv
ssd_mobilenet_v2,onnxrt_cuda,495,Add:StatefulPartitionedCall/ssd_mobile_net_v2keras_feature_extractor/functional_1/block_8_add/add_fence_after,onnxruntime,onnx_node,0.001,0.0,0.001,0.001,1,2.9e-05,99.9998,493,clean_v2_without_tensorrt,/Users/hobongs/Desktop/HoBong_study/26-1/탄중/temp/jetson_nano_edgeai/my_results/clean_v2(without_tensorRT)/layer_runtime/ssd_mobilenet_v2_onnxrt_cuda.csv
ssd_mobilenet_v2,onnxrt_cuda,496,Clip:StatefulPartitionedCall/ssd_mobile_net_v2keras_feature_extractor/FeatureMaps/layer_19_1_Conv2d_3_1x1_128/Relu6_fence_after,onnxruntime,onnx_node,0.001,0.0,0.001,0.001,1,2.9e-05,99.999829,494,clean_v2_without_tensorrt,/Users/hobongs/Desktop/HoBong_study/26-1/탄중/temp/jetson_nano_edgeai/my_results/clean_v2(without_tensorRT)/layer_runtime/ssd_mobilenet_v2_onnxrt_cuda.csv
ssd_mobilenet_v2,onnxrt_cuda,497,Transpose:StatefulPartitionedCall/BoxPredictor/ConvolutionalClassHead_4/ClassPredictor/BiasAdd__423_fence_after,onnxruntime,onnx_node,0.001,0.0,0.001,0.001,1,2.9e-05,99.999857,495,clean_v2_without_tensorrt,/Users/hobongs/Desktop/HoBong_study/26-1/탄중/temp/jetson_nano_edgeai/my_results/clean_v2(without_tensorRT)/layer_runtime/ssd_mobilenet_v2_onnxrt_cuda.csv
ssd_mobilenet_v2,onnxrt_cuda,208,Exp:StatefulPartitionedCall/Postprocessor/Decode/Exp_fence_after,onnxruntime,onnx_node,0.016,0.0,0.016,0.016,1,0.000456,99.989207,496,clean_v2_without_tensorrt,/Users/hobongs/Desktop/HoBong_study/26-1/탄중/temp/jetson_nano_edgeai/my_results/clean_v2(without_tensorRT)/layer_runtime/ssd_mobilenet_v2_onnxrt_cuda.csv
ssd_mobilenet_v2,onnxrt_cuda,498,Reshape:StatefulPartitionedCall/BoxPredictor/ConvolutionalClassHead_0/Reshape_fence_after,onnxruntime,onnx_node,0.001,0.0,0.001,0.001,1,2.9e-05,99.999886,497,clean_v2_without_tensorrt,/Users/hobongs/Desktop/HoBong_study/26-1/탄중/temp/jetson_nano_edgeai/my_results/clean_v2(without_tensorRT)/layer_runtime/ssd_mobilenet_v2_onnxrt_cuda.csv
ssd_mobilenet_v2,onnxrt_cuda,206,Mul:StatefulPartitionedCall/Postprocessor/Decode/truediv_3_fence_after,onnxruntime,onnx_node,0.02,0.0,0.02,0.02,1,0.00057,99.988251,498,clean_v2_without_tensorrt,/Users/hobongs/Desktop/HoBong_study/26-1/탄중/temp/jetson_nano_edgeai/my_results/clean_v2(without_tensorRT)/layer_runtime/ssd_mobilenet_v2_onnxrt_cuda.csv
ssd_mobilenet_v2,onnxrt_cuda,499,Conv:StatefulPartitionedCall/BoxPredictor/ConvolutionalClassHead_3/ClassPredictor/BiasAdd_fence_before,onnxruntime,onnx_node,0.001,0.0,0.001,0.001,2,2.9e-05,99.999914,499,clean_v2_without_tensorrt,/Users/hobongs/Desktop/HoBong_study/26-1/탄중/temp/jetson_nano_edgeai/my_results/clean_v2(without_tensorRT)/layer_runtime/ssd_mobilenet_v2_onnxrt_cuda.csv
ssd_mobilenet_v2,onnxrt_cuda,500,Squeeze:StatefulPartitionedCall/Postprocessor/Squeeze_fence_before,onnxruntime,onnx_node,0.001,0.0,0.001,0.001,1,2.9e-05,99.999943,500,clean_v2_without_tensorrt,/Users/hobongs/Desktop/HoBong_study/26-1/탄중/temp/jetson_nano_edgeai/my_results/clean_v2(without_tensorRT)/layer_runtime/ssd_mobilenet_v2_onnxrt_cuda.csv
ssd_mobilenet_v2,onnxrt_cuda,501,Clip:StatefulPartitionedCall/ssd_mobile_net_v2keras_feature_extractor/FeatureMaps/layer_19_2_Conv2d_3_3x3_s2_256/Relu6_fence_after,onnxruntime,onnx_node,0.001,0.0,0.001,0.001,1,2.9e-05,99.999971,501,clean_v2_without_tensorrt,/Users/hobongs/Desktop/HoBong_study/26-1/탄중/temp/jetson_nano_edgeai/my_results/clean_v2(without_tensorRT)/layer_runtime/ssd_mobilenet_v2_onnxrt_cuda.csv
ssd_mobilenet_v2,onnxrt_cuda,502,Mul:StatefulPartitionedCall/Postprocessor/Decode/mul_3_fence_before,onnxruntime,onnx_node,0.001,0.0,0.001,0.001,1,2.9e-05,100.0,502,clean_v2_without_tensorrt,/Users/hobongs/Desktop/HoBong_study/26-1/탄중/temp/jetson_nano_edgeai/my_results/clean_v2(without_tensorRT)/layer_runtime/ssd_mobilenet_v2_onnxrt_cuda.csv
