model,runtime,rank,layer_name,backend,granularity,mean_ms,std_ms,min_ms,max_ms,samples,percent_total_ms,cumulative_percent_ms,sequence,dashboard_source,source_file
yolov8n,onnxrt_cuda,3,model_loading_uri,onnxruntime,onnx_node,160.059,0.0,160.059,160.059,1,4.985373,93.021068,1,clean_v2_without_tensorrt,/Users/hobongs/Desktop/HoBong_study/26-1/탄중/temp/jetson_nano_edgeai/my_results/clean_v2(without_tensorRT)/layer_runtime/yolov8n_onnxrt_cuda.csv
yolov8n,onnxrt_cuda,1,session_initialization,onnxruntime,onnx_node,2642.881,0.0,2642.881,2642.881,1,82.318074,82.318074,2,clean_v2_without_tensorrt,/Users/hobongs/Desktop/HoBong_study/26-1/탄중/temp/jetson_nano_edgeai/my_results/clean_v2(without_tensorRT)/layer_runtime/yolov8n_onnxrt_cuda.csv
yolov8n,onnxrt_cuda,281,Conv:/model.0/conv/Conv_fence_before,onnxruntime,onnx_node,0.0017,0.000458,0.001,0.002,60,5.3e-05,99.988701,3,clean_v2_without_tensorrt,/Users/hobongs/Desktop/HoBong_study/26-1/탄중/temp/jetson_nano_edgeai/my_results/clean_v2(without_tensorRT)/layer_runtime/yolov8n_onnxrt_cuda.csv
yolov8n,onnxrt_cuda,5,Conv:/model.0/conv/Conv_kernel_time,onnxruntime,onnx_node,28.83325,217.40035,0.46,1698.717,60,0.898072,97.491208,4,clean_v2_without_tensorrt,/Users/hobongs/Desktop/HoBong_study/26-1/탄중/temp/jetson_nano_edgeai/my_results/clean_v2(without_tensorRT)/layer_runtime/yolov8n_onnxrt_cuda.csv
yolov8n,onnxrt_cuda,340,Conv:/model.0/conv/Conv_fence_after,onnxruntime,onnx_node,0.001,0.0,0.001,0.001,15,3.1e-05,99.99078,5,clean_v2_without_tensorrt,/Users/hobongs/Desktop/HoBong_study/26-1/탄중/temp/jetson_nano_edgeai/my_results/clean_v2(without_tensorRT)/layer_runtime/yolov8n_onnxrt_cuda.csv
yolov8n,onnxrt_cuda,303,Sigmoid:/model.0/act/Sigmoid_fence_before,onnxruntime,onnx_node,0.001117,0.000321,0.001,0.002,60,3.5e-05,99.98956,6,clean_v2_without_tensorrt,/Users/hobongs/Desktop/HoBong_study/26-1/탄중/temp/jetson_nano_edgeai/my_results/clean_v2(without_tensorRT)/layer_runtime/yolov8n_onnxrt_cuda.csv
yolov8n,onnxrt_cuda,69,Sigmoid:/model.0/act/Sigmoid_kernel_time,onnxruntime,onnx_node,0.436133,2.694906,0.079,21.136,60,0.013584,99.459658,7,clean_v2_without_tensorrt,/Users/hobongs/Desktop/HoBong_study/26-1/탄중/temp/jetson_nano_edgeai/my_results/clean_v2(without_tensorRT)/layer_runtime/yolov8n_onnxrt_cuda.csv
yolov8n,onnxrt_cuda,341,Sigmoid:/model.0/act/Sigmoid_fence_after,onnxruntime,onnx_node,0.001,0.0,0.001,0.001,39,3.1e-05,99.990812,8,clean_v2_without_tensorrt,/Users/hobongs/Desktop/HoBong_study/26-1/탄중/temp/jetson_nano_edgeai/my_results/clean_v2(without_tensorRT)/layer_runtime/yolov8n_onnxrt_cuda.csv
yolov8n,onnxrt_cuda,342,Mul:/model.0/act/Mul_fence_before,onnxruntime,onnx_node,0.001,0.0,0.001,0.001,60,3.1e-05,99.990843,9,clean_v2_without_tensorrt,/Users/hobongs/Desktop/HoBong_study/26-1/탄중/temp/jetson_nano_edgeai/my_results/clean_v2(without_tensorRT)/layer_runtime/yolov8n_onnxrt_cuda.csv
yolov8n,onnxrt_cuda,116,Mul:/model.0/act/Mul_kernel_time,onnxruntime,onnx_node,0.074367,0.02643,0.067,0.276,60,0.002316,99.731868,10,clean_v2_without_tensorrt,/Users/hobongs/Desktop/HoBong_study/26-1/탄중/temp/jetson_nano_edgeai/my_results/clean_v2(without_tensorRT)/layer_runtime/yolov8n_onnxrt_cuda.csv
yolov8n,onnxrt_cuda,343,Mul:/model.0/act/Mul_fence_after,onnxruntime,onnx_node,0.001,0.0,0.001,0.001,7,3.1e-05,99.990874,11,clean_v2_without_tensorrt,/Users/hobongs/Desktop/HoBong_study/26-1/탄중/temp/jetson_nano_edgeai/my_results/clean_v2(without_tensorRT)/layer_runtime/yolov8n_onnxrt_cuda.csv
yolov8n,onnxrt_cuda,344,Conv:/model.1/conv/Conv_fence_before,onnxruntime,onnx_node,0.001,0.0,0.001,0.001,32,3.1e-05,99.990905,12,clean_v2_without_tensorrt,/Users/hobongs/Desktop/HoBong_study/26-1/탄중/temp/jetson_nano_edgeai/my_results/clean_v2(without_tensorRT)/layer_runtime/yolov8n_onnxrt_cuda.csv
yolov8n,onnxrt_cuda,6,Conv:/model.1/conv/Conv_kernel_time,onnxruntime,onnx_node,2.638317,17.806688,0.298,139.414,60,0.082176,97.573384,13,clean_v2_without_tensorrt,/Users/hobongs/Desktop/HoBong_study/26-1/탄중/temp/jetson_nano_edgeai/my_results/clean_v2(without_tensorRT)/layer_runtime/yolov8n_onnxrt_cuda.csv
yolov8n,onnxrt_cuda,345,Conv:/model.1/conv/Conv_fence_after,onnxruntime,onnx_node,0.001,0.0,0.001,0.001,27,3.1e-05,99.990936,14,clean_v2_without_tensorrt,/Users/hobongs/Desktop/HoBong_study/26-1/탄중/temp/jetson_nano_edgeai/my_results/clean_v2(without_tensorRT)/layer_runtime/yolov8n_onnxrt_cuda.csv
yolov8n,onnxrt_cuda,346,Sigmoid:/model.1/act/Sigmoid_fence_before,onnxruntime,onnx_node,0.001,0.0,0.001,0.001,39,3.1e-05,99.990967,15,clean_v2_without_tensorrt,/Users/hobongs/Desktop/HoBong_study/26-1/탄중/temp/jetson_nano_edgeai/my_results/clean_v2(without_tensorRT)/layer_runtime/yolov8n_onnxrt_cuda.csv
yolov8n,onnxrt_cuda,172,Sigmoid:/model.1/act/Sigmoid_kernel_time,onnxruntime,onnx_node,0.06615,0.008633,0.061,0.129,60,0.00206,99.853625,16,clean_v2_without_tensorrt,/Users/hobongs/Desktop/HoBong_study/26-1/탄중/temp/jetson_nano_edgeai/my_results/clean_v2(without_tensorRT)/layer_runtime/yolov8n_onnxrt_cuda.csv
yolov8n,onnxrt_cuda,347,Sigmoid:/model.1/act/Sigmoid_fence_after,onnxruntime,onnx_node,0.001,0.0,0.001,0.001,4,3.1e-05,99.990998,17,clean_v2_without_tensorrt,/Users/hobongs/Desktop/HoBong_study/26-1/탄중/temp/jetson_nano_edgeai/my_results/clean_v2(without_tensorRT)/layer_runtime/yolov8n_onnxrt_cuda.csv
yolov8n,onnxrt_cuda,348,Mul:/model.1/act/Mul_fence_before,onnxruntime,onnx_node,0.001,0.0,0.001,0.001,15,3.1e-05,99.99103,18,clean_v2_without_tensorrt,/Users/hobongs/Desktop/HoBong_study/26-1/탄중/temp/jetson_nano_edgeai/my_results/clean_v2(without_tensorRT)/layer_runtime/yolov8n_onnxrt_cuda.csv
yolov8n,onnxrt_cuda,210,Mul:/model.1/act/Mul_kernel_time,onnxruntime,onnx_node,0.0622,0.008759,0.056,0.103,60,0.001937,99.929455,19,clean_v2_without_tensorrt,/Users/hobongs/Desktop/HoBong_study/26-1/탄중/temp/jetson_nano_edgeai/my_results/clean_v2(without_tensorRT)/layer_runtime/yolov8n_onnxrt_cuda.csv
yolov8n,onnxrt_cuda,51,Conv:/model.2/cv1/conv/Conv_kernel_time,onnxruntime,onnx_node,0.784133,3.986791,0.251,31.407,60,0.024423,99.076116,20,clean_v2_without_tensorrt,/Users/hobongs/Desktop/HoBong_study/26-1/탄중/temp/jetson_nano_edgeai/my_results/clean_v2(without_tensorRT)/layer_runtime/yolov8n_onnxrt_cuda.csv
yolov8n,onnxrt_cuda,349,Conv:/model.2/cv1/conv/Conv_fence_after,onnxruntime,onnx_node,0.001,0.0,0.001,0.001,5,3.1e-05,99.991061,21,clean_v2_without_tensorrt,/Users/hobongs/Desktop/HoBong_study/26-1/탄중/temp/jetson_nano_edgeai/my_results/clean_v2(without_tensorRT)/layer_runtime/yolov8n_onnxrt_cuda.csv
yolov8n,onnxrt_cuda,350,Sigmoid:/model.2/cv1/act/Sigmoid_fence_before,onnxruntime,onnx_node,0.001,0.0,0.001,0.001,3,3.1e-05,99.991092,22,clean_v2_without_tensorrt,/Users/hobongs/Desktop/HoBong_study/26-1/탄중/temp/jetson_nano_edgeai/my_results/clean_v2(without_tensorRT)/layer_runtime/yolov8n_onnxrt_cuda.csv
yolov8n,onnxrt_cuda,212,Sigmoid:/model.2/cv1/act/Sigmoid_kernel_time,onnxruntime,onnx_node,0.0618,0.010001,0.057,0.136,60,0.001925,99.933307,23,clean_v2_without_tensorrt,/Users/hobongs/Desktop/HoBong_study/26-1/탄중/temp/jetson_nano_edgeai/my_results/clean_v2(without_tensorRT)/layer_runtime/yolov8n_onnxrt_cuda.csv
yolov8n,onnxrt_cuda,351,Sigmoid:/model.2/cv1/act/Sigmoid_fence_after,onnxruntime,onnx_node,0.001,0.0,0.001,0.001,1,3.1e-05,99.991123,24,clean_v2_without_tensorrt,/Users/hobongs/Desktop/HoBong_study/26-1/탄중/temp/jetson_nano_edgeai/my_results/clean_v2(without_tensorRT)/layer_runtime/yolov8n_onnxrt_cuda.csv
yolov8n,onnxrt_cuda,352,Mul:/model.2/cv1/act/Mul_fence_before,onnxruntime,onnx_node,0.001,0.0,0.001,0.001,37,3.1e-05,99.991154,25,clean_v2_without_tensorrt,/Users/hobongs/Desktop/HoBong_study/26-1/탄중/temp/jetson_nano_edgeai/my_results/clean_v2(without_tensorRT)/layer_runtime/yolov8n_onnxrt_cuda.csv
yolov8n,onnxrt_cuda,221,Mul:/model.2/cv1/act/Mul_kernel_time,onnxruntime,onnx_node,0.059417,0.008891,0.054,0.098,60,0.001851,99.950275,26,clean_v2_without_tensorrt,/Users/hobongs/Desktop/HoBong_study/26-1/탄중/temp/jetson_nano_edgeai/my_results/clean_v2(without_tensorRT)/layer_runtime/yolov8n_onnxrt_cuda.csv
yolov8n,onnxrt_cuda,72,Split:/model.2/Split_kernel_time,onnxruntime,onnx_node,0.295567,0.238281,0.247,2.118,60,0.009206,99.489495,27,clean_v2_without_tensorrt,/Users/hobongs/Desktop/HoBong_study/26-1/탄중/temp/jetson_nano_edgeai/my_results/clean_v2(without_tensorRT)/layer_runtime/yolov8n_onnxrt_cuda.csv
yolov8n,onnxrt_cuda,353,Split:/model.2/Split_fence_after,onnxruntime,onnx_node,0.001,0.0,0.001,0.001,1,3.1e-05,99.991185,28,clean_v2_without_tensorrt,/Users/hobongs/Desktop/HoBong_study/26-1/탄중/temp/jetson_nano_edgeai/my_results/clean_v2(without_tensorRT)/layer_runtime/yolov8n_onnxrt_cuda.csv
yolov8n,onnxrt_cuda,354,Conv:/model.2/m.0/cv1/conv/Conv_fence_before,onnxruntime,onnx_node,0.001,0.0,0.001,0.001,14,3.1e-05,99.991217,29,clean_v2_without_tensorrt,/Users/hobongs/Desktop/HoBong_study/26-1/탄중/temp/jetson_nano_edgeai/my_results/clean_v2(without_tensorRT)/layer_runtime/yolov8n_onnxrt_cuda.csv
yolov8n,onnxrt_cuda,13,Conv:/model.2/m.0/cv1/conv/Conv_kernel_time,onnxruntime,onnx_node,1.235667,7.176078,0.285,56.356,60,0.038487,97.925637,30,clean_v2_without_tensorrt,/Users/hobongs/Desktop/HoBong_study/26-1/탄중/temp/jetson_nano_edgeai/my_results/clean_v2(without_tensorRT)/layer_runtime/yolov8n_onnxrt_cuda.csv
yolov8n,onnxrt_cuda,355,Conv:/model.2/m.0/cv1/conv/Conv_fence_after,onnxruntime,onnx_node,0.001,0.0,0.001,0.001,3,3.1e-05,99.991248,31,clean_v2_without_tensorrt,/Users/hobongs/Desktop/HoBong_study/26-1/탄중/temp/jetson_nano_edgeai/my_results/clean_v2(without_tensorRT)/layer_runtime/yolov8n_onnxrt_cuda.csv
yolov8n,onnxrt_cuda,356,Sigmoid:/model.2/m.0/cv1/act/Sigmoid_fence_before,onnxruntime,onnx_node,0.001,0.0,0.001,0.001,22,3.1e-05,99.991279,32,clean_v2_without_tensorrt,/Users/hobongs/Desktop/HoBong_study/26-1/탄중/temp/jetson_nano_edgeai/my_results/clean_v2(without_tensorRT)/layer_runtime/yolov8n_onnxrt_cuda.csv
yolov8n,onnxrt_cuda,175,Sigmoid:/model.2/m.0/cv1/act/Sigmoid_kernel_time,onnxruntime,onnx_node,0.06545,0.00979,0.06,0.139,60,0.002039,99.859752,33,clean_v2_without_tensorrt,/Users/hobongs/Desktop/HoBong_study/26-1/탄중/temp/jetson_nano_edgeai/my_results/clean_v2(without_tensorRT)/layer_runtime/yolov8n_onnxrt_cuda.csv
yolov8n,onnxrt_cuda,357,Sigmoid:/model.2/m.0/cv1/act/Sigmoid_fence_after,onnxruntime,onnx_node,0.001,0.0,0.001,0.001,1,3.1e-05,99.99131,34,clean_v2_without_tensorrt,/Users/hobongs/Desktop/HoBong_study/26-1/탄중/temp/jetson_nano_edgeai/my_results/clean_v2(without_tensorRT)/layer_runtime/yolov8n_onnxrt_cuda.csv
yolov8n,onnxrt_cuda,358,Mul:/model.2/m.0/cv1/act/Mul_fence_before,onnxruntime,onnx_node,0.001,0.0,0.001,0.001,7,3.1e-05,99.991341,35,clean_v2_without_tensorrt,/Users/hobongs/Desktop/HoBong_study/26-1/탄중/temp/jetson_nano_edgeai/my_results/clean_v2(without_tensorRT)/layer_runtime/yolov8n_onnxrt_cuda.csv
yolov8n,onnxrt_cuda,202,Mul:/model.2/m.0/cv1/act/Mul_kernel_time,onnxruntime,onnx_node,0.062767,0.009213,0.056,0.109,60,0.001955,99.913894,36,clean_v2_without_tensorrt,/Users/hobongs/Desktop/HoBong_study/26-1/탄중/temp/jetson_nano_edgeai/my_results/clean_v2(without_tensorRT)/layer_runtime/yolov8n_onnxrt_cuda.csv
yolov8n,onnxrt_cuda,359,Mul:/model.2/m.0/cv1/act/Mul_fence_after,onnxruntime,onnx_node,0.001,0.0,0.001,0.001,2,3.1e-05,99.991372,37,clean_v2_without_tensorrt,/Users/hobongs/Desktop/HoBong_study/26-1/탄중/temp/jetson_nano_edgeai/my_results/clean_v2(without_tensorRT)/layer_runtime/yolov8n_onnxrt_cuda.csv
yolov8n,onnxrt_cuda,360,Conv:/model.2/m.0/cv2/conv/Conv_fence_before,onnxruntime,onnx_node,0.001,0.0,0.001,0.001,5,3.1e-05,99.991403,38,clean_v2_without_tensorrt,/Users/hobongs/Desktop/HoBong_study/26-1/탄중/temp/jetson_nano_edgeai/my_results/clean_v2(without_tensorRT)/layer_runtime/yolov8n_onnxrt_cuda.csv
yolov8n,onnxrt_cuda,14,Conv:/model.2/m.0/cv2/conv/Conv_kernel_time,onnxruntime,onnx_node,1.19255,7.238085,0.23,56.789,60,0.037144,97.962781,39,clean_v2_without_tensorrt,/Users/hobongs/Desktop/HoBong_study/26-1/탄중/temp/jetson_nano_edgeai/my_results/clean_v2(without_tensorRT)/layer_runtime/yolov8n_onnxrt_cuda.csv
yolov8n,onnxrt_cuda,361,Conv:/model.2/m.0/cv2/conv/Conv_fence_after,onnxruntime,onnx_node,0.001,0.0,0.001,0.001,2,3.1e-05,99.991435,40,clean_v2_without_tensorrt,/Users/hobongs/Desktop/HoBong_study/26-1/탄중/temp/jetson_nano_edgeai/my_results/clean_v2(without_tensorRT)/layer_runtime/yolov8n_onnxrt_cuda.csv
yolov8n,onnxrt_cuda,362,Sigmoid:/model.2/m.0/cv2/act/Sigmoid_fence_before,onnxruntime,onnx_node,0.001,0.0,0.001,0.001,10,3.1e-05,99.991466,41,clean_v2_without_tensorrt,/Users/hobongs/Desktop/HoBong_study/26-1/탄중/temp/jetson_nano_edgeai/my_results/clean_v2(without_tensorRT)/layer_runtime/yolov8n_onnxrt_cuda.csv
yolov8n,onnxrt_cuda,200,Sigmoid:/model.2/m.0/cv2/act/Sigmoid_kernel_time,onnxruntime,onnx_node,0.063333,0.011019,0.058,0.127,60,0.001973,99.909974,42,clean_v2_without_tensorrt,/Users/hobongs/Desktop/HoBong_study/26-1/탄중/temp/jetson_nano_edgeai/my_results/clean_v2(without_tensorRT)/layer_runtime/yolov8n_onnxrt_cuda.csv
yolov8n,onnxrt_cuda,363,Mul:/model.2/m.0/cv2/act/Mul_fence_before,onnxruntime,onnx_node,0.001,0.0,0.001,0.001,3,3.1e-05,99.991497,43,clean_v2_without_tensorrt,/Users/hobongs/Desktop/HoBong_study/26-1/탄중/temp/jetson_nano_edgeai/my_results/clean_v2(without_tensorRT)/layer_runtime/yolov8n_onnxrt_cuda.csv
yolov8n,onnxrt_cuda,191,Mul:/model.2/m.0/cv2/act/Mul_kernel_time,onnxruntime,onnx_node,0.0643,0.01986,0.053,0.134,60,0.002003,99.892099,44,clean_v2_without_tensorrt,/Users/hobongs/Desktop/HoBong_study/26-1/탄중/temp/jetson_nano_edgeai/my_results/clean_v2(without_tensorRT)/layer_runtime/yolov8n_onnxrt_cuda.csv
yolov8n,onnxrt_cuda,364,Mul:/model.2/m.0/cv2/act/Mul_fence_after,onnxruntime,onnx_node,0.001,0.0,0.001,0.001,3,3.1e-05,99.991528,45,clean_v2_without_tensorrt,/Users/hobongs/Desktop/HoBong_study/26-1/탄중/temp/jetson_nano_edgeai/my_results/clean_v2(without_tensorRT)/layer_runtime/yolov8n_onnxrt_cuda.csv
yolov8n,onnxrt_cuda,305,Add:/model.2/m.0/Add_fence_before,onnxruntime,onnx_node,0.001114,0.000317,0.001,0.002,44,3.5e-05,99.989629,46,clean_v2_without_tensorrt,/Users/hobongs/Desktop/HoBong_study/26-1/탄중/temp/jetson_nano_edgeai/my_results/clean_v2(without_tensorRT)/layer_runtime/yolov8n_onnxrt_cuda.csv
yolov8n,onnxrt_cuda,101,Add:/model.2/m.0/Add_kernel_time,onnxruntime,onnx_node,0.097383,0.0346,0.056,0.165,60,0.003033,99.695408,47,clean_v2_without_tensorrt,/Users/hobongs/Desktop/HoBong_study/26-1/탄중/temp/jetson_nano_edgeai/my_results/clean_v2(without_tensorRT)/layer_runtime/yolov8n_onnxrt_cuda.csv
yolov8n,onnxrt_cuda,327,Concat:/model.2/Concat_fence_before,onnxruntime,onnx_node,0.001043,0.000204,0.001,0.002,46,3.2e-05,99.990364,48,clean_v2_without_tensorrt,/Users/hobongs/Desktop/HoBong_study/26-1/탄중/temp/jetson_nano_edgeai/my_results/clean_v2(without_tensorRT)/layer_runtime/yolov8n_onnxrt_cuda.csv
yolov8n,onnxrt_cuda,71,Concat:/model.2/Concat_kernel_time,onnxruntime,onnx_node,0.300867,0.040991,0.239,0.434,60,0.009371,99.480289,49,clean_v2_without_tensorrt,/Users/hobongs/Desktop/HoBong_study/26-1/탄중/temp/jetson_nano_edgeai/my_results/clean_v2(without_tensorRT)/layer_runtime/yolov8n_onnxrt_cuda.csv
yolov8n,onnxrt_cuda,365,Conv:/model.2/cv2/conv/Conv_fence_before,onnxruntime,onnx_node,0.001,0.0,0.001,0.001,25,3.1e-05,99.991559,50,clean_v2_without_tensorrt,/Users/hobongs/Desktop/HoBong_study/26-1/탄중/temp/jetson_nano_edgeai/my_results/clean_v2(without_tensorRT)/layer_runtime/yolov8n_onnxrt_cuda.csv
yolov8n,onnxrt_cuda,32,Conv:/model.2/cv2/conv/Conv_kernel_time,onnxruntime,onnx_node,0.975433,4.275814,0.359,33.817,60,0.030382,98.566973,51,clean_v2_without_tensorrt,/Users/hobongs/Desktop/HoBong_study/26-1/탄중/temp/jetson_nano_edgeai/my_results/clean_v2(without_tensorRT)/layer_runtime/yolov8n_onnxrt_cuda.csv
yolov8n,onnxrt_cuda,318,Conv:/model.2/cv2/conv/Conv_fence_after,onnxruntime,onnx_node,0.001063,0.000242,0.001,0.002,16,3.3e-05,99.990069,52,clean_v2_without_tensorrt,/Users/hobongs/Desktop/HoBong_study/26-1/탄중/temp/jetson_nano_edgeai/my_results/clean_v2(without_tensorRT)/layer_runtime/yolov8n_onnxrt_cuda.csv
yolov8n,onnxrt_cuda,366,Sigmoid:/model.2/cv2/act/Sigmoid_fence_before,onnxruntime,onnx_node,0.001,0.0,0.001,0.001,49,3.1e-05,99.99159,53,clean_v2_without_tensorrt,/Users/hobongs/Desktop/HoBong_study/26-1/탄중/temp/jetson_nano_edgeai/my_results/clean_v2(without_tensorRT)/layer_runtime/yolov8n_onnxrt_cuda.csv
yolov8n,onnxrt_cuda,109,Sigmoid:/model.2/cv2/act/Sigmoid_kernel_time,onnxruntime,onnx_node,0.076517,0.021723,0.063,0.196,60,0.002383,99.715498,54,clean_v2_without_tensorrt,/Users/hobongs/Desktop/HoBong_study/26-1/탄중/temp/jetson_nano_edgeai/my_results/clean_v2(without_tensorRT)/layer_runtime/yolov8n_onnxrt_cuda.csv
yolov8n,onnxrt_cuda,367,Sigmoid:/model.2/cv2/act/Sigmoid_fence_after,onnxruntime,onnx_node,0.001,0.0,0.001,0.001,2,3.1e-05,99.991621,55,clean_v2_without_tensorrt,/Users/hobongs/Desktop/HoBong_study/26-1/탄중/temp/jetson_nano_edgeai/my_results/clean_v2(without_tensorRT)/layer_runtime/yolov8n_onnxrt_cuda.csv
yolov8n,onnxrt_cuda,320,Mul:/model.2/cv2/act/Mul_fence_before,onnxruntime,onnx_node,0.001056,0.000229,0.001,0.002,36,3.3e-05,99.990135,56,clean_v2_without_tensorrt,/Users/hobongs/Desktop/HoBong_study/26-1/탄중/temp/jetson_nano_edgeai/my_results/clean_v2(without_tensorRT)/layer_runtime/yolov8n_onnxrt_cuda.csv
yolov8n,onnxrt_cuda,156,Mul:/model.2/cv2/act/Mul_kernel_time,onnxruntime,onnx_node,0.0676,0.009142,0.06,0.104,60,0.002106,99.820344,57,clean_v2_without_tensorrt,/Users/hobongs/Desktop/HoBong_study/26-1/탄중/temp/jetson_nano_edgeai/my_results/clean_v2(without_tensorRT)/layer_runtime/yolov8n_onnxrt_cuda.csv
yolov8n,onnxrt_cuda,368,Conv:/model.3/conv/Conv_fence_before,onnxruntime,onnx_node,0.001,0.0,0.001,0.001,41,3.1e-05,99.991653,58,clean_v2_without_tensorrt,/Users/hobongs/Desktop/HoBong_study/26-1/탄중/temp/jetson_nano_edgeai/my_results/clean_v2(without_tensorRT)/layer_runtime/yolov8n_onnxrt_cuda.csv
yolov8n,onnxrt_cuda,7,Conv:/model.3/conv/Conv_kernel_time,onnxruntime,onnx_node,2.015883,13.107543,0.272,102.696,60,0.062789,97.636173,59,clean_v2_without_tensorrt,/Users/hobongs/Desktop/HoBong_study/26-1/탄중/temp/jetson_nano_edgeai/my_results/clean_v2(without_tensorRT)/layer_runtime/yolov8n_onnxrt_cuda.csv
yolov8n,onnxrt_cuda,369,Conv:/model.3/conv/Conv_fence_after,onnxruntime,onnx_node,0.001,0.0,0.001,0.001,7,3.1e-05,99.991684,60,clean_v2_without_tensorrt,/Users/hobongs/Desktop/HoBong_study/26-1/탄중/temp/jetson_nano_edgeai/my_results/clean_v2(without_tensorRT)/layer_runtime/yolov8n_onnxrt_cuda.csv
yolov8n,onnxrt_cuda,271,Sigmoid:/model.3/act/Sigmoid_fence_before,onnxruntime,onnx_node,0.002864,0.008109,0.001,0.04,22,8.9e-05,99.988034,61,clean_v2_without_tensorrt,/Users/hobongs/Desktop/HoBong_study/26-1/탄중/temp/jetson_nano_edgeai/my_results/clean_v2(without_tensorRT)/layer_runtime/yolov8n_onnxrt_cuda.csv
yolov8n,onnxrt_cuda,105,Sigmoid:/model.3/act/Sigmoid_kernel_time,onnxruntime,onnx_node,0.0788,0.022919,0.061,0.144,60,0.002454,99.70585,62,clean_v2_without_tensorrt,/Users/hobongs/Desktop/HoBong_study/26-1/탄중/temp/jetson_nano_edgeai/my_results/clean_v2(without_tensorRT)/layer_runtime/yolov8n_onnxrt_cuda.csv
yolov8n,onnxrt_cuda,370,Mul:/model.3/act/Mul_fence_before,onnxruntime,onnx_node,0.001,0.0,0.001,0.001,13,3.1e-05,99.991715,63,clean_v2_without_tensorrt,/Users/hobongs/Desktop/HoBong_study/26-1/탄중/temp/jetson_nano_edgeai/my_results/clean_v2(without_tensorRT)/layer_runtime/yolov8n_onnxrt_cuda.csv
yolov8n,onnxrt_cuda,111,Mul:/model.3/act/Mul_kernel_time,onnxruntime,onnx_node,0.075583,0.019357,0.057,0.138,60,0.002354,99.720228,64,clean_v2_without_tensorrt,/Users/hobongs/Desktop/HoBong_study/26-1/탄중/temp/jetson_nano_edgeai/my_results/clean_v2(without_tensorRT)/layer_runtime/yolov8n_onnxrt_cuda.csv
yolov8n,onnxrt_cuda,338,Conv:/model.4/cv1/conv/Conv_fence_before,onnxruntime,onnx_node,0.001024,0.000154,0.001,0.002,41,3.2e-05,99.990717,65,clean_v2_without_tensorrt,/Users/hobongs/Desktop/HoBong_study/26-1/탄중/temp/jetson_nano_edgeai/my_results/clean_v2(without_tensorRT)/layer_runtime/yolov8n_onnxrt_cuda.csv
yolov8n,onnxrt_cuda,41,Conv:/model.4/cv1/conv/Conv_kernel_time,onnxruntime,onnx_node,0.863017,3.699586,0.332,29.279,60,0.02688,98.820213,66,clean_v2_without_tensorrt,/Users/hobongs/Desktop/HoBong_study/26-1/탄중/temp/jetson_nano_edgeai/my_results/clean_v2(without_tensorRT)/layer_runtime/yolov8n_onnxrt_cuda.csv
yolov8n,onnxrt_cuda,371,Conv:/model.4/cv1/conv/Conv_fence_after,onnxruntime,onnx_node,0.001,0.0,0.001,0.001,9,3.1e-05,99.991746,67,clean_v2_without_tensorrt,/Users/hobongs/Desktop/HoBong_study/26-1/탄중/temp/jetson_nano_edgeai/my_results/clean_v2(without_tensorRT)/layer_runtime/yolov8n_onnxrt_cuda.csv
yolov8n,onnxrt_cuda,300,Sigmoid:/model.4/cv1/act/Sigmoid_fence_before,onnxruntime,onnx_node,0.001125,0.000509,0.001,0.004,40,3.5e-05,99.989455,68,clean_v2_without_tensorrt,/Users/hobongs/Desktop/HoBong_study/26-1/탄중/temp/jetson_nano_edgeai/my_results/clean_v2(without_tensorRT)/layer_runtime/yolov8n_onnxrt_cuda.csv
yolov8n,onnxrt_cuda,129,Sigmoid:/model.4/cv1/act/Sigmoid_kernel_time,onnxruntime,onnx_node,0.072283,0.012541,0.061,0.143,60,0.002251,99.761417,69,clean_v2_without_tensorrt,/Users/hobongs/Desktop/HoBong_study/26-1/탄중/temp/jetson_nano_edgeai/my_results/clean_v2(without_tensorRT)/layer_runtime/yolov8n_onnxrt_cuda.csv
yolov8n,onnxrt_cuda,372,Mul:/model.4/cv1/act/Mul_fence_before,onnxruntime,onnx_node,0.001,0.0,0.001,0.001,18,3.1e-05,99.991777,70,clean_v2_without_tensorrt,/Users/hobongs/Desktop/HoBong_study/26-1/탄중/temp/jetson_nano_edgeai/my_results/clean_v2(without_tensorRT)/layer_runtime/yolov8n_onnxrt_cuda.csv
yolov8n,onnxrt_cuda,157,Mul:/model.4/cv1/act/Mul_kernel_time,onnxruntime,onnx_node,0.0674,0.021569,0.059,0.23,60,0.002099,99.822443,71,clean_v2_without_tensorrt,/Users/hobongs/Desktop/HoBong_study/26-1/탄중/temp/jetson_nano_edgeai/my_results/clean_v2(without_tensorRT)/layer_runtime/yolov8n_onnxrt_cuda.csv
yolov8n,onnxrt_cuda,373,Mul:/model.4/cv1/act/Mul_fence_after,onnxruntime,onnx_node,0.001,0.0,0.001,0.001,1,3.1e-05,99.991808,72,clean_v2_without_tensorrt,/Users/hobongs/Desktop/HoBong_study/26-1/탄중/temp/jetson_nano_edgeai/my_results/clean_v2(without_tensorRT)/layer_runtime/yolov8n_onnxrt_cuda.csv
yolov8n,onnxrt_cuda,374,Split:/model.4/Split_fence_before,onnxruntime,onnx_node,0.001,0.0,0.001,0.001,21,3.1e-05,99.991839,73,clean_v2_without_tensorrt,/Users/hobongs/Desktop/HoBong_study/26-1/탄중/temp/jetson_nano_edgeai/my_results/clean_v2(without_tensorRT)/layer_runtime/yolov8n_onnxrt_cuda.csv
yolov8n,onnxrt_cuda,73,Split:/model.4/Split_kernel_time,onnxruntime,onnx_node,0.28985,0.069689,0.23,0.747,60,0.009028,99.498523,74,clean_v2_without_tensorrt,/Users/hobongs/Desktop/HoBong_study/26-1/탄중/temp/jetson_nano_edgeai/my_results/clean_v2(without_tensorRT)/layer_runtime/yolov8n_onnxrt_cuda.csv
yolov8n,onnxrt_cuda,375,Split:/model.4/Split_fence_after,onnxruntime,onnx_node,0.001,0.0,0.001,0.001,4,3.1e-05,99.991871,75,clean_v2_without_tensorrt,/Users/hobongs/Desktop/HoBong_study/26-1/탄중/temp/jetson_nano_edgeai/my_results/clean_v2(without_tensorRT)/layer_runtime/yolov8n_onnxrt_cuda.csv
yolov8n,onnxrt_cuda,376,Conv:/model.4/m.0/cv1/conv/Conv_fence_before,onnxruntime,onnx_node,0.001,0.0,0.001,0.001,15,3.1e-05,99.991902,76,clean_v2_without_tensorrt,/Users/hobongs/Desktop/HoBong_study/26-1/탄중/temp/jetson_nano_edgeai/my_results/clean_v2(without_tensorRT)/layer_runtime/yolov8n_onnxrt_cuda.csv
yolov8n,onnxrt_cuda,23,Conv:/model.4/m.0/cv1/conv/Conv_kernel_time,onnxruntime,onnx_node,1.08815,5.969657,0.256,46.941,60,0.033893,98.279699,77,clean_v2_without_tensorrt,/Users/hobongs/Desktop/HoBong_study/26-1/탄중/temp/jetson_nano_edgeai/my_results/clean_v2(without_tensorRT)/layer_runtime/yolov8n_onnxrt_cuda.csv
yolov8n,onnxrt_cuda,377,Conv:/model.4/m.0/cv1/conv/Conv_fence_after,onnxruntime,onnx_node,0.001,0.0,0.001,0.001,4,3.1e-05,99.991933,78,clean_v2_without_tensorrt,/Users/hobongs/Desktop/HoBong_study/26-1/탄중/temp/jetson_nano_edgeai/my_results/clean_v2(without_tensorRT)/layer_runtime/yolov8n_onnxrt_cuda.csv
yolov8n,onnxrt_cuda,378,Sigmoid:/model.4/m.0/cv1/act/Sigmoid_fence_before,onnxruntime,onnx_node,0.001,0.0,0.001,0.001,9,3.1e-05,99.991964,79,clean_v2_without_tensorrt,/Users/hobongs/Desktop/HoBong_study/26-1/탄중/temp/jetson_nano_edgeai/my_results/clean_v2(without_tensorRT)/layer_runtime/yolov8n_onnxrt_cuda.csv
yolov8n,onnxrt_cuda,179,Sigmoid:/model.4/m.0/cv1/act/Sigmoid_kernel_time,onnxruntime,onnx_node,0.065333,0.012744,0.059,0.153,60,0.002035,99.8679,80,clean_v2_without_tensorrt,/Users/hobongs/Desktop/HoBong_study/26-1/탄중/temp/jetson_nano_edgeai/my_results/clean_v2(without_tensorRT)/layer_runtime/yolov8n_onnxrt_cuda.csv
yolov8n,onnxrt_cuda,379,Mul:/model.4/m.0/cv1/act/Mul_fence_before,onnxruntime,onnx_node,0.001,0.0,0.001,0.001,8,3.1e-05,99.991995,81,clean_v2_without_tensorrt,/Users/hobongs/Desktop/HoBong_study/26-1/탄중/temp/jetson_nano_edgeai/my_results/clean_v2(without_tensorRT)/layer_runtime/yolov8n_onnxrt_cuda.csv
yolov8n,onnxrt_cuda,228,Mul:/model.4/m.0/cv1/act/Mul_kernel_time,onnxruntime,onnx_node,0.058683,0.00631,0.055,0.103,60,0.001828,99.963157,82,clean_v2_without_tensorrt,/Users/hobongs/Desktop/HoBong_study/26-1/탄중/temp/jetson_nano_edgeai/my_results/clean_v2(without_tensorRT)/layer_runtime/yolov8n_onnxrt_cuda.csv
yolov8n,onnxrt_cuda,380,Mul:/model.4/m.0/cv1/act/Mul_fence_after,onnxruntime,onnx_node,0.001,0.0,0.001,0.001,1,3.1e-05,99.992026,83,clean_v2_without_tensorrt,/Users/hobongs/Desktop/HoBong_study/26-1/탄중/temp/jetson_nano_edgeai/my_results/clean_v2(without_tensorRT)/layer_runtime/yolov8n_onnxrt_cuda.csv
yolov8n,onnxrt_cuda,381,Conv:/model.4/m.0/cv2/conv/Conv_fence_before,onnxruntime,onnx_node,0.001,0.0,0.001,0.001,1,3.1e-05,99.992057,84,clean_v2_without_tensorrt,/Users/hobongs/Desktop/HoBong_study/26-1/탄중/temp/jetson_nano_edgeai/my_results/clean_v2(without_tensorRT)/layer_runtime/yolov8n_onnxrt_cuda.csv
yolov8n,onnxrt_cuda,28,Conv:/model.4/m.0/cv2/conv/Conv_kernel_time,onnxruntime,onnx_node,0.99825,5.871377,0.219,46.097,60,0.031093,98.444101,85,clean_v2_without_tensorrt,/Users/hobongs/Desktop/HoBong_study/26-1/탄중/temp/jetson_nano_edgeai/my_results/clean_v2(without_tensorRT)/layer_runtime/yolov8n_onnxrt_cuda.csv
yolov8n,onnxrt_cuda,382,Conv:/model.4/m.0/cv2/conv/Conv_fence_after,onnxruntime,onnx_node,0.001,0.0,0.001,0.001,3,3.1e-05,99.992089,86,clean_v2_without_tensorrt,/Users/hobongs/Desktop/HoBong_study/26-1/탄중/temp/jetson_nano_edgeai/my_results/clean_v2(without_tensorRT)/layer_runtime/yolov8n_onnxrt_cuda.csv
yolov8n,onnxrt_cuda,383,Sigmoid:/model.4/m.0/cv2/act/Sigmoid_fence_before,onnxruntime,onnx_node,0.001,0.0,0.001,0.001,1,3.1e-05,99.99212,87,clean_v2_without_tensorrt,/Users/hobongs/Desktop/HoBong_study/26-1/탄중/temp/jetson_nano_edgeai/my_results/clean_v2(without_tensorRT)/layer_runtime/yolov8n_onnxrt_cuda.csv
yolov8n,onnxrt_cuda,218,Sigmoid:/model.4/m.0/cv2/act/Sigmoid_kernel_time,onnxruntime,onnx_node,0.059917,0.008521,0.056,0.124,60,0.001866,99.944706,88,clean_v2_without_tensorrt,/Users/hobongs/Desktop/HoBong_study/26-1/탄중/temp/jetson_nano_edgeai/my_results/clean_v2(without_tensorRT)/layer_runtime/yolov8n_onnxrt_cuda.csv
yolov8n,onnxrt_cuda,384,Mul:/model.4/m.0/cv2/act/Mul_fence_before,onnxruntime,onnx_node,0.001,0.0,0.001,0.001,1,3.1e-05,99.992151,89,clean_v2_without_tensorrt,/Users/hobongs/Desktop/HoBong_study/26-1/탄중/temp/jetson_nano_edgeai/my_results/clean_v2(without_tensorRT)/layer_runtime/yolov8n_onnxrt_cuda.csv
yolov8n,onnxrt_cuda,230,Mul:/model.4/m.0/cv2/act/Mul_kernel_time,onnxruntime,onnx_node,0.05775,0.006215,0.053,0.095,60,0.001799,99.966777,90,clean_v2_without_tensorrt,/Users/hobongs/Desktop/HoBong_study/26-1/탄중/temp/jetson_nano_edgeai/my_results/clean_v2(without_tensorRT)/layer_runtime/yolov8n_onnxrt_cuda.csv
yolov8n,onnxrt_cuda,385,Add:/model.4/m.0/Add_fence_before,onnxruntime,onnx_node,0.001,0.0,0.001,0.001,10,3.1e-05,99.992182,91,clean_v2_without_tensorrt,/Users/hobongs/Desktop/HoBong_study/26-1/탄중/temp/jetson_nano_edgeai/my_results/clean_v2(without_tensorRT)/layer_runtime/yolov8n_onnxrt_cuda.csv
yolov8n,onnxrt_cuda,233,Add:/model.4/m.0/Add_kernel_time,onnxruntime,onnx_node,0.055833,0.005283,0.052,0.094,60,0.001739,99.972015,92,clean_v2_without_tensorrt,/Users/hobongs/Desktop/HoBong_study/26-1/탄중/temp/jetson_nano_edgeai/my_results/clean_v2(without_tensorRT)/layer_runtime/yolov8n_onnxrt_cuda.csv
yolov8n,onnxrt_cuda,386,Conv:/model.4/m.1/cv1/conv/Conv_fence_before,onnxruntime,onnx_node,0.001,0.0,0.001,0.001,1,3.1e-05,99.992213,93,clean_v2_without_tensorrt,/Users/hobongs/Desktop/HoBong_study/26-1/탄중/temp/jetson_nano_edgeai/my_results/clean_v2(without_tensorRT)/layer_runtime/yolov8n_onnxrt_cuda.csv
yolov8n,onnxrt_cuda,29,Conv:/model.4/m.1/cv1/conv/Conv_kernel_time,onnxruntime,onnx_node,0.995733,5.888003,0.215,46.222,60,0.031014,98.475115,94,clean_v2_without_tensorrt,/Users/hobongs/Desktop/HoBong_study/26-1/탄중/temp/jetson_nano_edgeai/my_results/clean_v2(without_tensorRT)/layer_runtime/yolov8n_onnxrt_cuda.csv
yolov8n,onnxrt_cuda,387,Conv:/model.4/m.1/cv1/conv/Conv_fence_after,onnxruntime,onnx_node,0.001,0.0,0.001,0.001,2,3.1e-05,99.992244,95,clean_v2_without_tensorrt,/Users/hobongs/Desktop/HoBong_study/26-1/탄중/temp/jetson_nano_edgeai/my_results/clean_v2(without_tensorRT)/layer_runtime/yolov8n_onnxrt_cuda.csv
yolov8n,onnxrt_cuda,388,Sigmoid:/model.4/m.1/cv1/act/Sigmoid_fence_before,onnxruntime,onnx_node,0.001,0.0,0.001,0.001,10,3.1e-05,99.992276,96,clean_v2_without_tensorrt,/Users/hobongs/Desktop/HoBong_study/26-1/탄중/temp/jetson_nano_edgeai/my_results/clean_v2(without_tensorRT)/layer_runtime/yolov8n_onnxrt_cuda.csv
yolov8n,onnxrt_cuda,214,Sigmoid:/model.4/m.1/cv1/act/Sigmoid_kernel_time,onnxruntime,onnx_node,0.061767,0.011609,0.054,0.13,60,0.001924,99.937155,97,clean_v2_without_tensorrt,/Users/hobongs/Desktop/HoBong_study/26-1/탄중/temp/jetson_nano_edgeai/my_results/clean_v2(without_tensorRT)/layer_runtime/yolov8n_onnxrt_cuda.csv
yolov8n,onnxrt_cuda,389,Mul:/model.4/m.1/cv1/act/Mul_fence_before,onnxruntime,onnx_node,0.001,0.0,0.001,0.001,2,3.1e-05,99.992307,98,clean_v2_without_tensorrt,/Users/hobongs/Desktop/HoBong_study/26-1/탄중/temp/jetson_nano_edgeai/my_results/clean_v2(without_tensorRT)/layer_runtime/yolov8n_onnxrt_cuda.csv
yolov8n,onnxrt_cuda,224,Mul:/model.4/m.1/cv1/act/Mul_kernel_time,onnxruntime,onnx_node,0.059217,0.009281,0.054,0.116,60,0.001844,99.955817,99,clean_v2_without_tensorrt,/Users/hobongs/Desktop/HoBong_study/26-1/탄중/temp/jetson_nano_edgeai/my_results/clean_v2(without_tensorRT)/layer_runtime/yolov8n_onnxrt_cuda.csv
yolov8n,onnxrt_cuda,390,Conv:/model.4/m.1/cv2/conv/Conv_fence_before,onnxruntime,onnx_node,0.001,0.0,0.001,0.001,5,3.1e-05,99.992338,100,clean_v2_without_tensorrt,/Users/hobongs/Desktop/HoBong_study/26-1/탄중/temp/jetson_nano_edgeai/my_results/clean_v2(without_tensorRT)/layer_runtime/yolov8n_onnxrt_cuda.csv
yolov8n,onnxrt_cuda,30,Conv:/model.4/m.1/cv2/conv/Conv_kernel_time,onnxruntime,onnx_node,0.994067,5.878347,0.213,46.146,60,0.030962,98.506078,101,clean_v2_without_tensorrt,/Users/hobongs/Desktop/HoBong_study/26-1/탄중/temp/jetson_nano_edgeai/my_results/clean_v2(without_tensorRT)/layer_runtime/yolov8n_onnxrt_cuda.csv
yolov8n,onnxrt_cuda,391,Conv:/model.4/m.1/cv2/conv/Conv_fence_after,onnxruntime,onnx_node,0.001,0.0,0.001,0.001,1,3.1e-05,99.992369,102,clean_v2_without_tensorrt,/Users/hobongs/Desktop/HoBong_study/26-1/탄중/temp/jetson_nano_edgeai/my_results/clean_v2(without_tensorRT)/layer_runtime/yolov8n_onnxrt_cuda.csv
yolov8n,onnxrt_cuda,292,Sigmoid:/model.4/m.1/cv2/act/Sigmoid_fence_before,onnxruntime,onnx_node,0.001222,0.000416,0.001,0.002,9,3.8e-05,99.989169,103,clean_v2_without_tensorrt,/Users/hobongs/Desktop/HoBong_study/26-1/탄중/temp/jetson_nano_edgeai/my_results/clean_v2(without_tensorRT)/layer_runtime/yolov8n_onnxrt_cuda.csv
yolov8n,onnxrt_cuda,169,Sigmoid:/model.4/m.1/cv2/act/Sigmoid_kernel_time,onnxruntime,onnx_node,0.066267,0.017228,0.055,0.133,60,0.002064,99.847441,104,clean_v2_without_tensorrt,/Users/hobongs/Desktop/HoBong_study/26-1/탄중/temp/jetson_nano_edgeai/my_results/clean_v2(without_tensorRT)/layer_runtime/yolov8n_onnxrt_cuda.csv
yolov8n,onnxrt_cuda,392,Sigmoid:/model.4/m.1/cv2/act/Sigmoid_fence_after,onnxruntime,onnx_node,0.001,0.0,0.001,0.001,2,3.1e-05,99.9924,105,clean_v2_without_tensorrt,/Users/hobongs/Desktop/HoBong_study/26-1/탄중/temp/jetson_nano_edgeai/my_results/clean_v2(without_tensorRT)/layer_runtime/yolov8n_onnxrt_cuda.csv
yolov8n,onnxrt_cuda,128,Mul:/model.4/m.1/cv2/act/Mul_kernel_time,onnxruntime,onnx_node,0.07235,0.019612,0.053,0.114,60,0.002253,99.759165,106,clean_v2_without_tensorrt,/Users/hobongs/Desktop/HoBong_study/26-1/탄중/temp/jetson_nano_edgeai/my_results/clean_v2(without_tensorRT)/layer_runtime/yolov8n_onnxrt_cuda.csv
yolov8n,onnxrt_cuda,393,Add:/model.4/m.1/Add_fence_before,onnxruntime,onnx_node,0.001,0.0,0.001,0.001,12,3.1e-05,99.992431,107,clean_v2_without_tensorrt,/Users/hobongs/Desktop/HoBong_study/26-1/탄중/temp/jetson_nano_edgeai/my_results/clean_v2(without_tensorRT)/layer_runtime/yolov8n_onnxrt_cuda.csv
yolov8n,onnxrt_cuda,131,Add:/model.4/m.1/Add_kernel_time,onnxruntime,onnx_node,0.0722,0.024754,0.052,0.215,60,0.002249,99.765915,108,clean_v2_without_tensorrt,/Users/hobongs/Desktop/HoBong_study/26-1/탄중/temp/jetson_nano_edgeai/my_results/clean_v2(without_tensorRT)/layer_runtime/yolov8n_onnxrt_cuda.csv
yolov8n,onnxrt_cuda,394,Add:/model.4/m.1/Add_fence_after,onnxruntime,onnx_node,0.001,0.0,0.001,0.001,2,3.1e-05,99.992462,109,clean_v2_without_tensorrt,/Users/hobongs/Desktop/HoBong_study/26-1/탄중/temp/jetson_nano_edgeai/my_results/clean_v2(without_tensorRT)/layer_runtime/yolov8n_onnxrt_cuda.csv
yolov8n,onnxrt_cuda,335,Concat:/model.4/Concat_fence_before,onnxruntime,onnx_node,0.001029,0.000169,0.001,0.002,34,3.2e-05,99.990621,110,clean_v2_without_tensorrt,/Users/hobongs/Desktop/HoBong_study/26-1/탄중/temp/jetson_nano_edgeai/my_results/clean_v2(without_tensorRT)/layer_runtime/yolov8n_onnxrt_cuda.csv
yolov8n,onnxrt_cuda,76,Concat:/model.4/Concat_kernel_time,onnxruntime,onnx_node,0.2755,0.058799,0.205,0.668,60,0.008581,99.524376,111,clean_v2_without_tensorrt,/Users/hobongs/Desktop/HoBong_study/26-1/탄중/temp/jetson_nano_edgeai/my_results/clean_v2(without_tensorRT)/layer_runtime/yolov8n_onnxrt_cuda.csv
yolov8n,onnxrt_cuda,395,Conv:/model.4/cv2/conv/Conv_fence_before,onnxruntime,onnx_node,0.001,0.0,0.001,0.001,6,3.1e-05,99.992494,112,clean_v2_without_tensorrt,/Users/hobongs/Desktop/HoBong_study/26-1/탄중/temp/jetson_nano_edgeai/my_results/clean_v2(without_tensorRT)/layer_runtime/yolov8n_onnxrt_cuda.csv
yolov8n,onnxrt_cuda,36,Conv:/model.4/cv2/conv/Conv_kernel_time,onnxruntime,onnx_node,0.908033,4.089704,0.315,32.321,60,0.028283,98.682762,113,clean_v2_without_tensorrt,/Users/hobongs/Desktop/HoBong_study/26-1/탄중/temp/jetson_nano_edgeai/my_results/clean_v2(without_tensorRT)/layer_runtime/yolov8n_onnxrt_cuda.csv
yolov8n,onnxrt_cuda,396,Conv:/model.4/cv2/conv/Conv_fence_after,onnxruntime,onnx_node,0.001,0.0,0.001,0.001,15,3.1e-05,99.992525,114,clean_v2_without_tensorrt,/Users/hobongs/Desktop/HoBong_study/26-1/탄중/temp/jetson_nano_edgeai/my_results/clean_v2(without_tensorRT)/layer_runtime/yolov8n_onnxrt_cuda.csv
yolov8n,onnxrt_cuda,319,Sigmoid:/model.4/cv2/act/Sigmoid_fence_before,onnxruntime,onnx_node,0.001057,0.000231,0.001,0.002,53,3.3e-05,99.990102,115,clean_v2_without_tensorrt,/Users/hobongs/Desktop/HoBong_study/26-1/탄중/temp/jetson_nano_edgeai/my_results/clean_v2(without_tensorRT)/layer_runtime/yolov8n_onnxrt_cuda.csv
yolov8n,onnxrt_cuda,121,Sigmoid:/model.4/cv2/act/Sigmoid_kernel_time,onnxruntime,onnx_node,0.0731,0.012569,0.063,0.131,60,0.002277,99.743313,116,clean_v2_without_tensorrt,/Users/hobongs/Desktop/HoBong_study/26-1/탄중/temp/jetson_nano_edgeai/my_results/clean_v2(without_tensorRT)/layer_runtime/yolov8n_onnxrt_cuda.csv
yolov8n,onnxrt_cuda,397,Mul:/model.4/cv2/act/Mul_fence_before,onnxruntime,onnx_node,0.001,0.0,0.001,0.001,25,3.1e-05,99.992556,117,clean_v2_without_tensorrt,/Users/hobongs/Desktop/HoBong_study/26-1/탄중/temp/jetson_nano_edgeai/my_results/clean_v2(without_tensorRT)/layer_runtime/yolov8n_onnxrt_cuda.csv
yolov8n,onnxrt_cuda,170,Mul:/model.4/cv2/act/Mul_kernel_time,onnxruntime,onnx_node,0.0662,0.010186,0.058,0.115,60,0.002062,99.849503,118,clean_v2_without_tensorrt,/Users/hobongs/Desktop/HoBong_study/26-1/탄중/temp/jetson_nano_edgeai/my_results/clean_v2(without_tensorRT)/layer_runtime/yolov8n_onnxrt_cuda.csv
yolov8n,onnxrt_cuda,398,Conv:/model.5/conv/Conv_fence_before,onnxruntime,onnx_node,0.001,0.0,0.001,0.001,37,3.1e-05,99.992587,119,clean_v2_without_tensorrt,/Users/hobongs/Desktop/HoBong_study/26-1/탄중/temp/jetson_nano_edgeai/my_results/clean_v2(without_tensorRT)/layer_runtime/yolov8n_onnxrt_cuda.csv
yolov8n,onnxrt_cuda,39,Conv:/model.5/conv/Conv_kernel_time,onnxruntime,onnx_node,0.88015,4.206656,0.236,33.191,60,0.027414,98.766294,120,clean_v2_without_tensorrt,/Users/hobongs/Desktop/HoBong_study/26-1/탄중/temp/jetson_nano_edgeai/my_results/clean_v2(without_tensorRT)/layer_runtime/yolov8n_onnxrt_cuda.csv
yolov8n,onnxrt_cuda,399,Conv:/model.5/conv/Conv_fence_after,onnxruntime,onnx_node,0.001,0.0,0.001,0.001,7,3.1e-05,99.992618,121,clean_v2_without_tensorrt,/Users/hobongs/Desktop/HoBong_study/26-1/탄중/temp/jetson_nano_edgeai/my_results/clean_v2(without_tensorRT)/layer_runtime/yolov8n_onnxrt_cuda.csv
yolov8n,onnxrt_cuda,400,Sigmoid:/model.5/act/Sigmoid_fence_before,onnxruntime,onnx_node,0.001,0.0,0.001,0.001,8,3.1e-05,99.992649,122,clean_v2_without_tensorrt,/Users/hobongs/Desktop/HoBong_study/26-1/탄중/temp/jetson_nano_edgeai/my_results/clean_v2(without_tensorRT)/layer_runtime/yolov8n_onnxrt_cuda.csv
yolov8n,onnxrt_cuda,173,Sigmoid:/model.5/act/Sigmoid_kernel_time,onnxruntime,onnx_node,0.065633,0.013533,0.058,0.163,60,0.002044,99.855669,123,clean_v2_without_tensorrt,/Users/hobongs/Desktop/HoBong_study/26-1/탄중/temp/jetson_nano_edgeai/my_results/clean_v2(without_tensorRT)/layer_runtime/yolov8n_onnxrt_cuda.csv
yolov8n,onnxrt_cuda,401,Mul:/model.5/act/Mul_fence_before,onnxruntime,onnx_node,0.001,0.0,0.001,0.001,7,3.1e-05,99.99268,124,clean_v2_without_tensorrt,/Users/hobongs/Desktop/HoBong_study/26-1/탄중/temp/jetson_nano_edgeai/my_results/clean_v2(without_tensorRT)/layer_runtime/yolov8n_onnxrt_cuda.csv
yolov8n,onnxrt_cuda,213,Mul:/model.5/act/Mul_kernel_time,onnxruntime,onnx_node,0.061783,0.008608,0.055,0.117,60,0.001924,99.935231,125,clean_v2_without_tensorrt,/Users/hobongs/Desktop/HoBong_study/26-1/탄중/temp/jetson_nano_edgeai/my_results/clean_v2(without_tensorRT)/layer_runtime/yolov8n_onnxrt_cuda.csv
yolov8n,onnxrt_cuda,275,Conv:/model.6/cv1/conv/Conv_fence_before,onnxruntime,onnx_node,0.002389,0.005727,0.001,0.026,18,7.4e-05,99.988347,126,clean_v2_without_tensorrt,/Users/hobongs/Desktop/HoBong_study/26-1/탄중/temp/jetson_nano_edgeai/my_results/clean_v2(without_tensorRT)/layer_runtime/yolov8n_onnxrt_cuda.csv
yolov8n,onnxrt_cuda,61,Conv:/model.6/cv1/conv/Conv_kernel_time,onnxruntime,onnx_node,0.719233,3.68245,0.213,29.004,60,0.022402,99.311839,127,clean_v2_without_tensorrt,/Users/hobongs/Desktop/HoBong_study/26-1/탄중/temp/jetson_nano_edgeai/my_results/clean_v2(without_tensorRT)/layer_runtime/yolov8n_onnxrt_cuda.csv
yolov8n,onnxrt_cuda,402,Conv:/model.6/cv1/conv/Conv_fence_after,onnxruntime,onnx_node,0.001,0.0,0.001,0.001,4,3.1e-05,99.992712,128,clean_v2_without_tensorrt,/Users/hobongs/Desktop/HoBong_study/26-1/탄중/temp/jetson_nano_edgeai/my_results/clean_v2(without_tensorRT)/layer_runtime/yolov8n_onnxrt_cuda.csv
yolov8n,onnxrt_cuda,403,Sigmoid:/model.6/cv1/act/Sigmoid_fence_before,onnxruntime,onnx_node,0.001,0.0,0.001,0.001,38,3.1e-05,99.992743,129,clean_v2_without_tensorrt,/Users/hobongs/Desktop/HoBong_study/26-1/탄중/temp/jetson_nano_edgeai/my_results/clean_v2(without_tensorRT)/layer_runtime/yolov8n_onnxrt_cuda.csv
yolov8n,onnxrt_cuda,186,Sigmoid:/model.6/cv1/act/Sigmoid_kernel_time,onnxruntime,onnx_node,0.064783,0.014719,0.056,0.123,60,0.002018,99.88207,130,clean_v2_without_tensorrt,/Users/hobongs/Desktop/HoBong_study/26-1/탄중/temp/jetson_nano_edgeai/my_results/clean_v2(without_tensorRT)/layer_runtime/yolov8n_onnxrt_cuda.csv
yolov8n,onnxrt_cuda,404,Mul:/model.6/cv1/act/Mul_fence_before,onnxruntime,onnx_node,0.001,0.0,0.001,0.001,4,3.1e-05,99.992774,131,clean_v2_without_tensorrt,/Users/hobongs/Desktop/HoBong_study/26-1/탄중/temp/jetson_nano_edgeai/my_results/clean_v2(without_tensorRT)/layer_runtime/yolov8n_onnxrt_cuda.csv
yolov8n,onnxrt_cuda,119,Mul:/model.6/cv1/act/Mul_kernel_time,onnxruntime,onnx_node,0.073333,0.019154,0.054,0.106,60,0.002284,99.738755,132,clean_v2_without_tensorrt,/Users/hobongs/Desktop/HoBong_study/26-1/탄중/temp/jetson_nano_edgeai/my_results/clean_v2(without_tensorRT)/layer_runtime/yolov8n_onnxrt_cuda.csv
yolov8n,onnxrt_cuda,405,Split:/model.6/Split_fence_before,onnxruntime,onnx_node,0.001,0.0,0.001,0.001,9,3.1e-05,99.992805,133,clean_v2_without_tensorrt,/Users/hobongs/Desktop/HoBong_study/26-1/탄중/temp/jetson_nano_edgeai/my_results/clean_v2(without_tensorRT)/layer_runtime/yolov8n_onnxrt_cuda.csv
yolov8n,onnxrt_cuda,74,Split:/model.6/Split_kernel_time,onnxruntime,onnx_node,0.277633,0.058291,0.211,0.643,60,0.008647,99.507171,134,clean_v2_without_tensorrt,/Users/hobongs/Desktop/HoBong_study/26-1/탄중/temp/jetson_nano_edgeai/my_results/clean_v2(without_tensorRT)/layer_runtime/yolov8n_onnxrt_cuda.csv
yolov8n,onnxrt_cuda,267,Conv:/model.6/m.0/cv1/conv/Conv_fence_before,onnxruntime,onnx_node,0.0034,0.007842,0.001,0.03,35,0.000106,99.987652,135,clean_v2_without_tensorrt,/Users/hobongs/Desktop/HoBong_study/26-1/탄중/temp/jetson_nano_edgeai/my_results/clean_v2(without_tensorRT)/layer_runtime/yolov8n_onnxrt_cuda.csv
yolov8n,onnxrt_cuda,17,Conv:/model.6/m.0/cv1/conv/Conv_kernel_time,onnxruntime,onnx_node,1.160433,6.375513,0.256,50.131,60,0.036144,98.071823,136,clean_v2_without_tensorrt,/Users/hobongs/Desktop/HoBong_study/26-1/탄중/temp/jetson_nano_edgeai/my_results/clean_v2(without_tensorRT)/layer_runtime/yolov8n_onnxrt_cuda.csv
yolov8n,onnxrt_cuda,314,Conv:/model.6/m.0/cv1/conv/Conv_fence_after,onnxruntime,onnx_node,0.001077,0.000266,0.001,0.002,13,3.4e-05,99.989936,137,clean_v2_without_tensorrt,/Users/hobongs/Desktop/HoBong_study/26-1/탄중/temp/jetson_nano_edgeai/my_results/clean_v2(without_tensorRT)/layer_runtime/yolov8n_onnxrt_cuda.csv
yolov8n,onnxrt_cuda,406,Sigmoid:/model.6/m.0/cv1/act/Sigmoid_fence_before,onnxruntime,onnx_node,0.001,0.0,0.001,0.001,25,3.1e-05,99.992836,138,clean_v2_without_tensorrt,/Users/hobongs/Desktop/HoBong_study/26-1/탄중/temp/jetson_nano_edgeai/my_results/clean_v2(without_tensorRT)/layer_runtime/yolov8n_onnxrt_cuda.csv
yolov8n,onnxrt_cuda,103,Sigmoid:/model.6/m.0/cv1/act/Sigmoid_kernel_time,onnxruntime,onnx_node,0.082033,0.027741,0.064,0.258,60,0.002555,99.70093,139,clean_v2_without_tensorrt,/Users/hobongs/Desktop/HoBong_study/26-1/탄중/temp/jetson_nano_edgeai/my_results/clean_v2(without_tensorRT)/layer_runtime/yolov8n_onnxrt_cuda.csv
yolov8n,onnxrt_cuda,407,Mul:/model.6/m.0/cv1/act/Mul_fence_before,onnxruntime,onnx_node,0.001,0.0,0.001,0.001,28,3.1e-05,99.992867,140,clean_v2_without_tensorrt,/Users/hobongs/Desktop/HoBong_study/26-1/탄중/temp/jetson_nano_edgeai/my_results/clean_v2(without_tensorRT)/layer_runtime/yolov8n_onnxrt_cuda.csv
yolov8n,onnxrt_cuda,138,Mul:/model.6/m.0/cv1/act/Mul_kernel_time,onnxruntime,onnx_node,0.071017,0.016554,0.058,0.124,60,0.002212,99.781495,141,clean_v2_without_tensorrt,/Users/hobongs/Desktop/HoBong_study/26-1/탄중/temp/jetson_nano_edgeai/my_results/clean_v2(without_tensorRT)/layer_runtime/yolov8n_onnxrt_cuda.csv
yolov8n,onnxrt_cuda,253,Conv:/model.6/m.0/cv2/conv/Conv_fence_before,onnxruntime,onnx_node,0.007,0.011507,0.001,0.03,5,0.000218,99.985575,142,clean_v2_without_tensorrt,/Users/hobongs/Desktop/HoBong_study/26-1/탄중/temp/jetson_nano_edgeai/my_results/clean_v2(without_tensorRT)/layer_runtime/yolov8n_onnxrt_cuda.csv
yolov8n,onnxrt_cuda,24,Conv:/model.6/m.0/cv2/conv/Conv_kernel_time,onnxruntime,onnx_node,1.085617,6.343526,0.241,49.811,60,0.033814,98.313513,143,clean_v2_without_tensorrt,/Users/hobongs/Desktop/HoBong_study/26-1/탄중/temp/jetson_nano_edgeai/my_results/clean_v2(without_tensorRT)/layer_runtime/yolov8n_onnxrt_cuda.csv
yolov8n,onnxrt_cuda,408,Conv:/model.6/m.0/cv2/conv/Conv_fence_after,onnxruntime,onnx_node,0.001,0.0,0.001,0.001,5,3.1e-05,99.992898,144,clean_v2_without_tensorrt,/Users/hobongs/Desktop/HoBong_study/26-1/탄중/temp/jetson_nano_edgeai/my_results/clean_v2(without_tensorRT)/layer_runtime/yolov8n_onnxrt_cuda.csv
yolov8n,onnxrt_cuda,312,Sigmoid:/model.6/m.0/cv2/act/Sigmoid_fence_before,onnxruntime,onnx_node,0.001083,0.000276,0.001,0.002,12,3.4e-05,99.989869,145,clean_v2_without_tensorrt,/Users/hobongs/Desktop/HoBong_study/26-1/탄중/temp/jetson_nano_edgeai/my_results/clean_v2(without_tensorRT)/layer_runtime/yolov8n_onnxrt_cuda.csv
yolov8n,onnxrt_cuda,174,Sigmoid:/model.6/m.0/cv2/act/Sigmoid_kernel_time,onnxruntime,onnx_node,0.065633,0.016308,0.057,0.172,60,0.002044,99.857713,146,clean_v2_without_tensorrt,/Users/hobongs/Desktop/HoBong_study/26-1/탄중/temp/jetson_nano_edgeai/my_results/clean_v2(without_tensorRT)/layer_runtime/yolov8n_onnxrt_cuda.csv
yolov8n,onnxrt_cuda,409,Sigmoid:/model.6/m.0/cv2/act/Sigmoid_fence_after,onnxruntime,onnx_node,0.001,0.0,0.001,0.001,1,3.1e-05,99.99293,147,clean_v2_without_tensorrt,/Users/hobongs/Desktop/HoBong_study/26-1/탄중/temp/jetson_nano_edgeai/my_results/clean_v2(without_tensorRT)/layer_runtime/yolov8n_onnxrt_cuda.csv
yolov8n,onnxrt_cuda,410,Mul:/model.6/m.0/cv2/act/Mul_fence_before,onnxruntime,onnx_node,0.001,0.0,0.001,0.001,21,3.1e-05,99.992961,148,clean_v2_without_tensorrt,/Users/hobongs/Desktop/HoBong_study/26-1/탄중/temp/jetson_nano_edgeai/my_results/clean_v2(without_tensorRT)/layer_runtime/yolov8n_onnxrt_cuda.csv
yolov8n,onnxrt_cuda,181,Mul:/model.6/m.0/cv2/act/Mul_kernel_time,onnxruntime,onnx_node,0.065183,0.017935,0.055,0.122,60,0.00203,99.871963,149,clean_v2_without_tensorrt,/Users/hobongs/Desktop/HoBong_study/26-1/탄중/temp/jetson_nano_edgeai/my_results/clean_v2(without_tensorRT)/layer_runtime/yolov8n_onnxrt_cuda.csv
yolov8n,onnxrt_cuda,112,Add:/model.6/m.0/Add_kernel_time,onnxruntime,onnx_node,0.075283,0.02474,0.054,0.15,60,0.002345,99.722573,150,clean_v2_without_tensorrt,/Users/hobongs/Desktop/HoBong_study/26-1/탄중/temp/jetson_nano_edgeai/my_results/clean_v2(without_tensorRT)/layer_runtime/yolov8n_onnxrt_cuda.csv
yolov8n,onnxrt_cuda,411,Add:/model.6/m.0/Add_fence_after,onnxruntime,onnx_node,0.001,0.0,0.001,0.001,1,3.1e-05,99.992992,151,clean_v2_without_tensorrt,/Users/hobongs/Desktop/HoBong_study/26-1/탄중/temp/jetson_nano_edgeai/my_results/clean_v2(without_tensorRT)/layer_runtime/yolov8n_onnxrt_cuda.csv
yolov8n,onnxrt_cuda,412,Conv:/model.6/m.1/cv1/conv/Conv_fence_before,onnxruntime,onnx_node,0.001,0.0,0.001,0.001,7,3.1e-05,99.993023,152,clean_v2_without_tensorrt,/Users/hobongs/Desktop/HoBong_study/26-1/탄중/temp/jetson_nano_edgeai/my_results/clean_v2(without_tensorRT)/layer_runtime/yolov8n_onnxrt_cuda.csv
yolov8n,onnxrt_cuda,22,Conv:/model.6/m.1/cv1/conv/Conv_kernel_time,onnxruntime,onnx_node,1.0894,6.400365,0.223,50.251,60,0.033932,98.245806,153,clean_v2_without_tensorrt,/Users/hobongs/Desktop/HoBong_study/26-1/탄중/temp/jetson_nano_edgeai/my_results/clean_v2(without_tensorRT)/layer_runtime/yolov8n_onnxrt_cuda.csv
yolov8n,onnxrt_cuda,413,Conv:/model.6/m.1/cv1/conv/Conv_fence_after,onnxruntime,onnx_node,0.001,0.0,0.001,0.001,1,3.1e-05,99.993054,154,clean_v2_without_tensorrt,/Users/hobongs/Desktop/HoBong_study/26-1/탄중/temp/jetson_nano_edgeai/my_results/clean_v2(without_tensorRT)/layer_runtime/yolov8n_onnxrt_cuda.csv
yolov8n,onnxrt_cuda,306,Sigmoid:/model.6/m.1/cv1/act/Sigmoid_fence_before,onnxruntime,onnx_node,0.001111,0.000314,0.001,0.002,9,3.5e-05,99.989664,155,clean_v2_without_tensorrt,/Users/hobongs/Desktop/HoBong_study/26-1/탄중/temp/jetson_nano_edgeai/my_results/clean_v2(without_tensorRT)/layer_runtime/yolov8n_onnxrt_cuda.csv
yolov8n,onnxrt_cuda,201,Sigmoid:/model.6/m.1/cv1/act/Sigmoid_kernel_time,onnxruntime,onnx_node,0.0631,0.012266,0.057,0.149,60,0.001965,99.911939,156,clean_v2_without_tensorrt,/Users/hobongs/Desktop/HoBong_study/26-1/탄중/temp/jetson_nano_edgeai/my_results/clean_v2(without_tensorRT)/layer_runtime/yolov8n_onnxrt_cuda.csv
yolov8n,onnxrt_cuda,414,Mul:/model.6/m.1/cv1/act/Mul_fence_before,onnxruntime,onnx_node,0.001,0.0,0.001,0.001,8,3.1e-05,99.993085,157,clean_v2_without_tensorrt,/Users/hobongs/Desktop/HoBong_study/26-1/탄중/temp/jetson_nano_edgeai/my_results/clean_v2(without_tensorRT)/layer_runtime/yolov8n_onnxrt_cuda.csv
yolov8n,onnxrt_cuda,220,Mul:/model.6/m.1/cv1/act/Mul_kernel_time,onnxruntime,onnx_node,0.059567,0.010981,0.053,0.139,60,0.001855,99.948424,158,clean_v2_without_tensorrt,/Users/hobongs/Desktop/HoBong_study/26-1/탄중/temp/jetson_nano_edgeai/my_results/clean_v2(without_tensorRT)/layer_runtime/yolov8n_onnxrt_cuda.csv
yolov8n,onnxrt_cuda,25,Conv:/model.6/m.1/cv2/conv/Conv_kernel_time,onnxruntime,onnx_node,1.08165,6.39081,0.219,50.17,60,0.03369,98.347203,159,clean_v2_without_tensorrt,/Users/hobongs/Desktop/HoBong_study/26-1/탄중/temp/jetson_nano_edgeai/my_results/clean_v2(without_tensorRT)/layer_runtime/yolov8n_onnxrt_cuda.csv
yolov8n,onnxrt_cuda,283,Conv:/model.6/m.1/cv2/conv/Conv_fence_after,onnxruntime,onnx_node,0.0015,0.000866,0.001,0.003,4,4.7e-05,99.9888,160,clean_v2_without_tensorrt,/Users/hobongs/Desktop/HoBong_study/26-1/탄중/temp/jetson_nano_edgeai/my_results/clean_v2(without_tensorRT)/layer_runtime/yolov8n_onnxrt_cuda.csv
yolov8n,onnxrt_cuda,288,Sigmoid:/model.6/m.1/cv2/act/Sigmoid_fence_before,onnxruntime,onnx_node,0.00125,0.000433,0.001,0.002,4,3.9e-05,99.989014,161,clean_v2_without_tensorrt,/Users/hobongs/Desktop/HoBong_study/26-1/탄중/temp/jetson_nano_edgeai/my_results/clean_v2(without_tensorRT)/layer_runtime/yolov8n_onnxrt_cuda.csv
yolov8n,onnxrt_cuda,145,Sigmoid:/model.6/m.1/cv2/act/Sigmoid_kernel_time,onnxruntime,onnx_node,0.070017,0.02336,0.056,0.197,60,0.002181,99.796864,162,clean_v2_without_tensorrt,/Users/hobongs/Desktop/HoBong_study/26-1/탄중/temp/jetson_nano_edgeai/my_results/clean_v2(without_tensorRT)/layer_runtime/yolov8n_onnxrt_cuda.csv
yolov8n,onnxrt_cuda,415,Sigmoid:/model.6/m.1/cv2/act/Sigmoid_fence_after,onnxruntime,onnx_node,0.001,0.0,0.001,0.001,2,3.1e-05,99.993116,163,clean_v2_without_tensorrt,/Users/hobongs/Desktop/HoBong_study/26-1/탄중/temp/jetson_nano_edgeai/my_results/clean_v2(without_tensorRT)/layer_runtime/yolov8n_onnxrt_cuda.csv
yolov8n,onnxrt_cuda,293,Mul:/model.6/m.1/cv2/act/Mul_fence_before,onnxruntime,onnx_node,0.001167,0.000373,0.001,0.002,6,3.6e-05,99.989205,164,clean_v2_without_tensorrt,/Users/hobongs/Desktop/HoBong_study/26-1/탄중/temp/jetson_nano_edgeai/my_results/clean_v2(without_tensorRT)/layer_runtime/yolov8n_onnxrt_cuda.csv
yolov8n,onnxrt_cuda,206,Mul:/model.6/m.1/cv2/act/Mul_kernel_time,onnxruntime,onnx_node,0.062533,0.013127,0.054,0.131,60,0.001948,99.921692,165,clean_v2_without_tensorrt,/Users/hobongs/Desktop/HoBong_study/26-1/탄중/temp/jetson_nano_edgeai/my_results/clean_v2(without_tensorRT)/layer_runtime/yolov8n_onnxrt_cuda.csv
yolov8n,onnxrt_cuda,264,Add:/model.6/m.1/Add_fence_before,onnxruntime,onnx_node,0.003667,0.007542,0.001,0.025,9,0.000114,99.987324,166,clean_v2_without_tensorrt,/Users/hobongs/Desktop/HoBong_study/26-1/탄중/temp/jetson_nano_edgeai/my_results/clean_v2(without_tensorRT)/layer_runtime/yolov8n_onnxrt_cuda.csv
yolov8n,onnxrt_cuda,227,Add:/model.6/m.1/Add_kernel_time,onnxruntime,onnx_node,0.058717,0.017764,0.052,0.188,60,0.001829,99.961329,167,clean_v2_without_tensorrt,/Users/hobongs/Desktop/HoBong_study/26-1/탄중/temp/jetson_nano_edgeai/my_results/clean_v2(without_tensorRT)/layer_runtime/yolov8n_onnxrt_cuda.csv
yolov8n,onnxrt_cuda,416,Add:/model.6/m.1/Add_fence_after,onnxruntime,onnx_node,0.001,0.0,0.001,0.001,2,3.1e-05,99.993148,168,clean_v2_without_tensorrt,/Users/hobongs/Desktop/HoBong_study/26-1/탄중/temp/jetson_nano_edgeai/my_results/clean_v2(without_tensorRT)/layer_runtime/yolov8n_onnxrt_cuda.csv
yolov8n,onnxrt_cuda,88,Concat:/model.6/Concat_kernel_time,onnxruntime,onnx_node,0.2329,0.047289,0.208,0.549,60,0.007254,99.619386,169,clean_v2_without_tensorrt,/Users/hobongs/Desktop/HoBong_study/26-1/탄중/temp/jetson_nano_edgeai/my_results/clean_v2(without_tensorRT)/layer_runtime/yolov8n_onnxrt_cuda.csv
yolov8n,onnxrt_cuda,289,Conv:/model.6/cv2/conv/Conv_fence_before,onnxruntime,onnx_node,0.00125,0.000433,0.001,0.002,4,3.9e-05,99.989053,170,clean_v2_without_tensorrt,/Users/hobongs/Desktop/HoBong_study/26-1/탄중/temp/jetson_nano_edgeai/my_results/clean_v2(without_tensorRT)/layer_runtime/yolov8n_onnxrt_cuda.csv
yolov8n,onnxrt_cuda,58,Conv:/model.6/cv2/conv/Conv_kernel_time,onnxruntime,onnx_node,0.753517,4.076842,0.2,32.067,60,0.02347,99.242927,171,clean_v2_without_tensorrt,/Users/hobongs/Desktop/HoBong_study/26-1/탄중/temp/jetson_nano_edgeai/my_results/clean_v2(without_tensorRT)/layer_runtime/yolov8n_onnxrt_cuda.csv
yolov8n,onnxrt_cuda,417,Conv:/model.6/cv2/conv/Conv_fence_after,onnxruntime,onnx_node,0.001,0.0,0.001,0.001,2,3.1e-05,99.993179,172,clean_v2_without_tensorrt,/Users/hobongs/Desktop/HoBong_study/26-1/탄중/temp/jetson_nano_edgeai/my_results/clean_v2(without_tensorRT)/layer_runtime/yolov8n_onnxrt_cuda.csv
yolov8n,onnxrt_cuda,418,Sigmoid:/model.6/cv2/act/Sigmoid_fence_before,onnxruntime,onnx_node,0.001,0.0,0.001,0.001,33,3.1e-05,99.99321,173,clean_v2_without_tensorrt,/Users/hobongs/Desktop/HoBong_study/26-1/탄중/temp/jetson_nano_edgeai/my_results/clean_v2(without_tensorRT)/layer_runtime/yolov8n_onnxrt_cuda.csv
yolov8n,onnxrt_cuda,196,Sigmoid:/model.6/cv2/act/Sigmoid_kernel_time,onnxruntime,onnx_node,0.06375,0.009444,0.058,0.124,60,0.001986,99.902054,174,clean_v2_without_tensorrt,/Users/hobongs/Desktop/HoBong_study/26-1/탄중/temp/jetson_nano_edgeai/my_results/clean_v2(without_tensorRT)/layer_runtime/yolov8n_onnxrt_cuda.csv
yolov8n,onnxrt_cuda,262,Mul:/model.6/cv2/act/Mul_fence_before,onnxruntime,onnx_node,0.004,0.006,0.001,0.016,5,0.000125,99.987085,175,clean_v2_without_tensorrt,/Users/hobongs/Desktop/HoBong_study/26-1/탄중/temp/jetson_nano_edgeai/my_results/clean_v2(without_tensorRT)/layer_runtime/yolov8n_onnxrt_cuda.csv
yolov8n,onnxrt_cuda,219,Mul:/model.6/cv2/act/Mul_kernel_time,onnxruntime,onnx_node,0.0598,0.009035,0.054,0.1,60,0.001863,99.946569,176,clean_v2_without_tensorrt,/Users/hobongs/Desktop/HoBong_study/26-1/탄중/temp/jetson_nano_edgeai/my_results/clean_v2(without_tensorRT)/layer_runtime/yolov8n_onnxrt_cuda.csv
yolov8n,onnxrt_cuda,55,Conv:/model.7/conv/Conv_kernel_time,onnxruntime,onnx_node,0.7634,4.223074,0.199,33.201,60,0.023778,99.17247,177,clean_v2_without_tensorrt,/Users/hobongs/Desktop/HoBong_study/26-1/탄중/temp/jetson_nano_edgeai/my_results/clean_v2(without_tensorRT)/layer_runtime/yolov8n_onnxrt_cuda.csv
yolov8n,onnxrt_cuda,419,Conv:/model.7/conv/Conv_fence_after,onnxruntime,onnx_node,0.001,0.0,0.001,0.001,2,3.1e-05,99.993241,178,clean_v2_without_tensorrt,/Users/hobongs/Desktop/HoBong_study/26-1/탄중/temp/jetson_nano_edgeai/my_results/clean_v2(without_tensorRT)/layer_runtime/yolov8n_onnxrt_cuda.csv
yolov8n,onnxrt_cuda,287,Sigmoid:/model.7/act/Sigmoid_fence_before,onnxruntime,onnx_node,0.001286,0.000452,0.001,0.002,7,4e-05,99.988975,179,clean_v2_without_tensorrt,/Users/hobongs/Desktop/HoBong_study/26-1/탄중/temp/jetson_nano_edgeai/my_results/clean_v2(without_tensorRT)/layer_runtime/yolov8n_onnxrt_cuda.csv
yolov8n,onnxrt_cuda,168,Sigmoid:/model.7/act/Sigmoid_kernel_time,onnxruntime,onnx_node,0.0665,0.024002,0.057,0.185,60,0.002071,99.845377,180,clean_v2_without_tensorrt,/Users/hobongs/Desktop/HoBong_study/26-1/탄중/temp/jetson_nano_edgeai/my_results/clean_v2(without_tensorRT)/layer_runtime/yolov8n_onnxrt_cuda.csv
yolov8n,onnxrt_cuda,420,Mul:/model.7/act/Mul_fence_before,onnxruntime,onnx_node,0.001,0.0,0.001,0.001,10,3.1e-05,99.993272,181,clean_v2_without_tensorrt,/Users/hobongs/Desktop/HoBong_study/26-1/탄중/temp/jetson_nano_edgeai/my_results/clean_v2(without_tensorRT)/layer_runtime/yolov8n_onnxrt_cuda.csv
yolov8n,onnxrt_cuda,198,Mul:/model.7/act/Mul_kernel_time,onnxruntime,onnx_node,0.0637,0.01841,0.054,0.155,60,0.001984,99.906024,182,clean_v2_without_tensorrt,/Users/hobongs/Desktop/HoBong_study/26-1/탄중/temp/jetson_nano_edgeai/my_results/clean_v2(without_tensorRT)/layer_runtime/yolov8n_onnxrt_cuda.csv
yolov8n,onnxrt_cuda,60,Conv:/model.8/cv1/conv/Conv_kernel_time,onnxruntime,onnx_node,0.7433,3.791239,0.181,29.862,60,0.023152,99.289436,183,clean_v2_without_tensorrt,/Users/hobongs/Desktop/HoBong_study/26-1/탄중/temp/jetson_nano_edgeai/my_results/clean_v2(without_tensorRT)/layer_runtime/yolov8n_onnxrt_cuda.csv
yolov8n,onnxrt_cuda,294,Conv:/model.8/cv1/conv/Conv_fence_after,onnxruntime,onnx_node,0.001167,0.000373,0.001,0.002,6,3.6e-05,99.989241,184,clean_v2_without_tensorrt,/Users/hobongs/Desktop/HoBong_study/26-1/탄중/temp/jetson_nano_edgeai/my_results/clean_v2(without_tensorRT)/layer_runtime/yolov8n_onnxrt_cuda.csv
yolov8n,onnxrt_cuda,339,Sigmoid:/model.8/cv1/act/Sigmoid_fence_before,onnxruntime,onnx_node,0.001024,0.000152,0.001,0.002,42,3.2e-05,99.990749,185,clean_v2_without_tensorrt,/Users/hobongs/Desktop/HoBong_study/26-1/탄중/temp/jetson_nano_edgeai/my_results/clean_v2(without_tensorRT)/layer_runtime/yolov8n_onnxrt_cuda.csv
yolov8n,onnxrt_cuda,117,Sigmoid:/model.8/cv1/act/Sigmoid_kernel_time,onnxruntime,onnx_node,0.073983,0.016843,0.057,0.129,60,0.002304,99.734172,186,clean_v2_without_tensorrt,/Users/hobongs/Desktop/HoBong_study/26-1/탄중/temp/jetson_nano_edgeai/my_results/clean_v2(without_tensorRT)/layer_runtime/yolov8n_onnxrt_cuda.csv
yolov8n,onnxrt_cuda,421,Mul:/model.8/cv1/act/Mul_fence_before,onnxruntime,onnx_node,0.001,0.0,0.001,0.001,6,3.1e-05,99.993303,187,clean_v2_without_tensorrt,/Users/hobongs/Desktop/HoBong_study/26-1/탄중/temp/jetson_nano_edgeai/my_results/clean_v2(without_tensorRT)/layer_runtime/yolov8n_onnxrt_cuda.csv
yolov8n,onnxrt_cuda,141,Mul:/model.8/cv1/act/Mul_kernel_time,onnxruntime,onnx_node,0.07055,0.014936,0.053,0.113,60,0.002197,99.788102,188,clean_v2_without_tensorrt,/Users/hobongs/Desktop/HoBong_study/26-1/탄중/temp/jetson_nano_edgeai/my_results/clean_v2(without_tensorRT)/layer_runtime/yolov8n_onnxrt_cuda.csv
yolov8n,onnxrt_cuda,77,Split:/model.8/Split_kernel_time,onnxruntime,onnx_node,0.272417,0.058896,0.208,0.646,60,0.008485,99.532861,189,clean_v2_without_tensorrt,/Users/hobongs/Desktop/HoBong_study/26-1/탄중/temp/jetson_nano_edgeai/my_results/clean_v2(without_tensorRT)/layer_runtime/yolov8n_onnxrt_cuda.csv
yolov8n,onnxrt_cuda,255,Conv:/model.8/m.0/cv1/conv/Conv_fence_before,onnxruntime,onnx_node,0.00675,0.009959,0.001,0.024,4,0.00021,99.985998,190,clean_v2_without_tensorrt,/Users/hobongs/Desktop/HoBong_study/26-1/탄중/temp/jetson_nano_edgeai/my_results/clean_v2(without_tensorRT)/layer_runtime/yolov8n_onnxrt_cuda.csv
yolov8n,onnxrt_cuda,42,Conv:/model.8/m.0/cv1/conv/Conv_kernel_time,onnxruntime,onnx_node,0.858317,4.411359,0.239,34.74,60,0.026734,98.846947,191,clean_v2_without_tensorrt,/Users/hobongs/Desktop/HoBong_study/26-1/탄중/temp/jetson_nano_edgeai/my_results/clean_v2(without_tensorRT)/layer_runtime/yolov8n_onnxrt_cuda.csv
yolov8n,onnxrt_cuda,422,Conv:/model.8/m.0/cv1/conv/Conv_fence_after,onnxruntime,onnx_node,0.001,0.0,0.001,0.001,2,3.1e-05,99.993335,192,clean_v2_without_tensorrt,/Users/hobongs/Desktop/HoBong_study/26-1/탄중/temp/jetson_nano_edgeai/my_results/clean_v2(without_tensorRT)/layer_runtime/yolov8n_onnxrt_cuda.csv
yolov8n,onnxrt_cuda,323,Sigmoid:/model.8/m.0/cv1/act/Sigmoid_fence_before,onnxruntime,onnx_node,0.001053,0.000223,0.001,0.002,19,3.3e-05,99.990233,193,clean_v2_without_tensorrt,/Users/hobongs/Desktop/HoBong_study/26-1/탄중/temp/jetson_nano_edgeai/my_results/clean_v2(without_tensorRT)/layer_runtime/yolov8n_onnxrt_cuda.csv
yolov8n,onnxrt_cuda,152,Sigmoid:/model.8/m.0/cv1/act/Sigmoid_kernel_time,onnxruntime,onnx_node,0.067983,0.019385,0.058,0.198,60,0.002117,99.81189,194,clean_v2_without_tensorrt,/Users/hobongs/Desktop/HoBong_study/26-1/탄중/temp/jetson_nano_edgeai/my_results/clean_v2(without_tensorRT)/layer_runtime/yolov8n_onnxrt_cuda.csv
yolov8n,onnxrt_cuda,423,Mul:/model.8/m.0/cv1/act/Mul_fence_before,onnxruntime,onnx_node,0.001,0.0,0.001,0.001,7,3.1e-05,99.993366,195,clean_v2_without_tensorrt,/Users/hobongs/Desktop/HoBong_study/26-1/탄중/temp/jetson_nano_edgeai/my_results/clean_v2(without_tensorRT)/layer_runtime/yolov8n_onnxrt_cuda.csv
yolov8n,onnxrt_cuda,187,Mul:/model.8/m.0/cv1/act/Mul_kernel_time,onnxruntime,onnx_node,0.0645,0.016129,0.055,0.145,60,0.002009,99.884079,196,clean_v2_without_tensorrt,/Users/hobongs/Desktop/HoBong_study/26-1/탄중/temp/jetson_nano_edgeai/my_results/clean_v2(without_tensorRT)/layer_runtime/yolov8n_onnxrt_cuda.csv
yolov8n,onnxrt_cuda,46,Conv:/model.8/m.0/cv2/conv/Conv_kernel_time,onnxruntime,onnx_node,0.829633,4.463497,0.221,35.112,60,0.025841,98.951319,197,clean_v2_without_tensorrt,/Users/hobongs/Desktop/HoBong_study/26-1/탄중/temp/jetson_nano_edgeai/my_results/clean_v2(without_tensorRT)/layer_runtime/yolov8n_onnxrt_cuda.csv
yolov8n,onnxrt_cuda,277,Conv:/model.8/m.0/cv2/conv/Conv_fence_after,onnxruntime,onnx_node,0.002,0.0,0.002,0.002,1,6.2e-05,99.988475,198,clean_v2_without_tensorrt,/Users/hobongs/Desktop/HoBong_study/26-1/탄중/temp/jetson_nano_edgeai/my_results/clean_v2(without_tensorRT)/layer_runtime/yolov8n_onnxrt_cuda.csv
yolov8n,onnxrt_cuda,316,Sigmoid:/model.8/m.0/cv2/act/Sigmoid_fence_before,onnxruntime,onnx_node,0.001067,0.000249,0.001,0.002,15,3.3e-05,99.990003,199,clean_v2_without_tensorrt,/Users/hobongs/Desktop/HoBong_study/26-1/탄중/temp/jetson_nano_edgeai/my_results/clean_v2(without_tensorRT)/layer_runtime/yolov8n_onnxrt_cuda.csv
yolov8n,onnxrt_cuda,204,Sigmoid:/model.8/m.0/cv2/act/Sigmoid_kernel_time,onnxruntime,onnx_node,0.0626,0.012924,0.056,0.138,60,0.00195,99.917796,200,clean_v2_without_tensorrt,/Users/hobongs/Desktop/HoBong_study/26-1/탄중/temp/jetson_nano_edgeai/my_results/clean_v2(without_tensorRT)/layer_runtime/yolov8n_onnxrt_cuda.csv
yolov8n,onnxrt_cuda,424,Mul:/model.8/m.0/cv2/act/Mul_fence_before,onnxruntime,onnx_node,0.001,0.0,0.001,0.001,4,3.1e-05,99.993397,201,clean_v2_without_tensorrt,/Users/hobongs/Desktop/HoBong_study/26-1/탄중/temp/jetson_nano_edgeai/my_results/clean_v2(without_tensorRT)/layer_runtime/yolov8n_onnxrt_cuda.csv
yolov8n,onnxrt_cuda,229,Mul:/model.8/m.0/cv2/act/Mul_kernel_time,onnxruntime,onnx_node,0.058483,0.011085,0.052,0.117,60,0.001822,99.964978,202,clean_v2_without_tensorrt,/Users/hobongs/Desktop/HoBong_study/26-1/탄중/temp/jetson_nano_edgeai/my_results/clean_v2(without_tensorRT)/layer_runtime/yolov8n_onnxrt_cuda.csv
yolov8n,onnxrt_cuda,425,Add:/model.8/m.0/Add_fence_before,onnxruntime,onnx_node,0.001,0.0,0.001,0.001,5,3.1e-05,99.993428,203,clean_v2_without_tensorrt,/Users/hobongs/Desktop/HoBong_study/26-1/탄중/temp/jetson_nano_edgeai/my_results/clean_v2(without_tensorRT)/layer_runtime/yolov8n_onnxrt_cuda.csv
yolov8n,onnxrt_cuda,232,Add:/model.8/m.0/Add_kernel_time,onnxruntime,onnx_node,0.056017,0.005629,0.052,0.093,60,0.001745,99.970276,204,clean_v2_without_tensorrt,/Users/hobongs/Desktop/HoBong_study/26-1/탄중/temp/jetson_nano_edgeai/my_results/clean_v2(without_tensorRT)/layer_runtime/yolov8n_onnxrt_cuda.csv
yolov8n,onnxrt_cuda,286,Concat:/model.8/Concat_fence_before,onnxruntime,onnx_node,0.001333,0.000471,0.001,0.002,3,4.2e-05,99.988935,205,clean_v2_without_tensorrt,/Users/hobongs/Desktop/HoBong_study/26-1/탄중/temp/jetson_nano_edgeai/my_results/clean_v2(without_tensorRT)/layer_runtime/yolov8n_onnxrt_cuda.csv
yolov8n,onnxrt_cuda,91,Concat:/model.8/Concat_kernel_time,onnxruntime,onnx_node,0.23,0.053585,0.201,0.575,60,0.007164,99.640978,206,clean_v2_without_tensorrt,/Users/hobongs/Desktop/HoBong_study/26-1/탄중/temp/jetson_nano_edgeai/my_results/clean_v2(without_tensorRT)/layer_runtime/yolov8n_onnxrt_cuda.csv
yolov8n,onnxrt_cuda,313,Conv:/model.8/cv2/conv/Conv_fence_before,onnxruntime,onnx_node,0.001083,0.000276,0.001,0.002,12,3.4e-05,99.989903,207,clean_v2_without_tensorrt,/Users/hobongs/Desktop/HoBong_study/26-1/탄중/temp/jetson_nano_edgeai/my_results/clean_v2(without_tensorRT)/layer_runtime/yolov8n_onnxrt_cuda.csv
yolov8n,onnxrt_cuda,52,Conv:/model.8/cv2/conv/Conv_kernel_time,onnxruntime,onnx_node,0.782233,4.156271,0.185,32.706,60,0.024364,99.100481,208,clean_v2_without_tensorrt,/Users/hobongs/Desktop/HoBong_study/26-1/탄중/temp/jetson_nano_edgeai/my_results/clean_v2(without_tensorRT)/layer_runtime/yolov8n_onnxrt_cuda.csv
yolov8n,onnxrt_cuda,296,Conv:/model.8/cv2/conv/Conv_fence_after,onnxruntime,onnx_node,0.001143,0.00035,0.001,0.002,7,3.6e-05,99.989313,209,clean_v2_without_tensorrt,/Users/hobongs/Desktop/HoBong_study/26-1/탄중/temp/jetson_nano_edgeai/my_results/clean_v2(without_tensorRT)/layer_runtime/yolov8n_onnxrt_cuda.csv
yolov8n,onnxrt_cuda,274,Sigmoid:/model.8/cv2/act/Sigmoid_fence_before,onnxruntime,onnx_node,0.002407,0.007176,0.001,0.039,27,7.5e-05,99.988273,210,clean_v2_without_tensorrt,/Users/hobongs/Desktop/HoBong_study/26-1/탄중/temp/jetson_nano_edgeai/my_results/clean_v2(without_tensorRT)/layer_runtime/yolov8n_onnxrt_cuda.csv
yolov8n,onnxrt_cuda,107,Sigmoid:/model.8/cv2/act/Sigmoid_kernel_time,onnxruntime,onnx_node,0.077817,0.017251,0.057,0.127,60,0.002424,99.710725,211,clean_v2_without_tensorrt,/Users/hobongs/Desktop/HoBong_study/26-1/탄중/temp/jetson_nano_edgeai/my_results/clean_v2(without_tensorRT)/layer_runtime/yolov8n_onnxrt_cuda.csv
yolov8n,onnxrt_cuda,426,Sigmoid:/model.8/cv2/act/Sigmoid_fence_after,onnxruntime,onnx_node,0.001,0.0,0.001,0.001,1,3.1e-05,99.993459,212,clean_v2_without_tensorrt,/Users/hobongs/Desktop/HoBong_study/26-1/탄중/temp/jetson_nano_edgeai/my_results/clean_v2(without_tensorRT)/layer_runtime/yolov8n_onnxrt_cuda.csv
yolov8n,onnxrt_cuda,427,Mul:/model.8/cv2/act/Mul_fence_before,onnxruntime,onnx_node,0.001,0.0,0.001,0.001,23,3.1e-05,99.99349,213,clean_v2_without_tensorrt,/Users/hobongs/Desktop/HoBong_study/26-1/탄중/temp/jetson_nano_edgeai/my_results/clean_v2(without_tensorRT)/layer_runtime/yolov8n_onnxrt_cuda.csv
yolov8n,onnxrt_cuda,144,Mul:/model.8/cv2/act/Mul_kernel_time,onnxruntime,onnx_node,0.070267,0.015151,0.054,0.107,60,0.002189,99.794684,214,clean_v2_without_tensorrt,/Users/hobongs/Desktop/HoBong_study/26-1/탄중/temp/jetson_nano_edgeai/my_results/clean_v2(without_tensorRT)/layer_runtime/yolov8n_onnxrt_cuda.csv
yolov8n,onnxrt_cuda,63,Conv:/model.9/cv1/conv/Conv_kernel_time,onnxruntime,onnx_node,0.656517,3.346859,0.159,26.363,60,0.020449,99.354421,215,clean_v2_without_tensorrt,/Users/hobongs/Desktop/HoBong_study/26-1/탄중/temp/jetson_nano_edgeai/my_results/clean_v2(without_tensorRT)/layer_runtime/yolov8n_onnxrt_cuda.csv
yolov8n,onnxrt_cuda,428,Conv:/model.9/cv1/conv/Conv_fence_after,onnxruntime,onnx_node,0.001,0.0,0.001,0.001,2,3.1e-05,99.993521,216,clean_v2_without_tensorrt,/Users/hobongs/Desktop/HoBong_study/26-1/탄중/temp/jetson_nano_edgeai/my_results/clean_v2(without_tensorRT)/layer_runtime/yolov8n_onnxrt_cuda.csv
yolov8n,onnxrt_cuda,330,Sigmoid:/model.9/cv1/act/Sigmoid_fence_before,onnxruntime,onnx_node,0.001033,0.00018,0.001,0.002,30,3.2e-05,99.990461,217,clean_v2_without_tensorrt,/Users/hobongs/Desktop/HoBong_study/26-1/탄중/temp/jetson_nano_edgeai/my_results/clean_v2(without_tensorRT)/layer_runtime/yolov8n_onnxrt_cuda.csv
yolov8n,onnxrt_cuda,149,Sigmoid:/model.9/cv1/act/Sigmoid_kernel_time,onnxruntime,onnx_node,0.068783,0.014734,0.056,0.121,60,0.002142,99.805502,218,clean_v2_without_tensorrt,/Users/hobongs/Desktop/HoBong_study/26-1/탄중/temp/jetson_nano_edgeai/my_results/clean_v2(without_tensorRT)/layer_runtime/yolov8n_onnxrt_cuda.csv
yolov8n,onnxrt_cuda,429,Mul:/model.9/cv1/act/Mul_fence_before,onnxruntime,onnx_node,0.001,0.0,0.001,0.001,12,3.1e-05,99.993553,219,clean_v2_without_tensorrt,/Users/hobongs/Desktop/HoBong_study/26-1/탄중/temp/jetson_nano_edgeai/my_results/clean_v2(without_tensorRT)/layer_runtime/yolov8n_onnxrt_cuda.csv
yolov8n,onnxrt_cuda,176,Mul:/model.9/cv1/act/Mul_kernel_time,onnxruntime,onnx_node,0.06545,0.01385,0.053,0.124,60,0.002039,99.86179,220,clean_v2_without_tensorrt,/Users/hobongs/Desktop/HoBong_study/26-1/탄중/temp/jetson_nano_edgeai/my_results/clean_v2(without_tensorRT)/layer_runtime/yolov8n_onnxrt_cuda.csv
yolov8n,onnxrt_cuda,430,MaxPool:/model.9/m/MaxPool_fence_before,onnxruntime,onnx_node,0.001,0.0,0.001,0.001,35,3.1e-05,99.993584,221,clean_v2_without_tensorrt,/Users/hobongs/Desktop/HoBong_study/26-1/탄중/temp/jetson_nano_edgeai/my_results/clean_v2(without_tensorRT)/layer_runtime/yolov8n_onnxrt_cuda.csv
yolov8n,onnxrt_cuda,99,MaxPool:/model.9/m/MaxPool_kernel_time,onnxruntime,onnx_node,0.114833,0.057511,0.081,0.523,60,0.003577,99.689268,222,clean_v2_without_tensorrt,/Users/hobongs/Desktop/HoBong_study/26-1/탄중/temp/jetson_nano_edgeai/my_results/clean_v2(without_tensorRT)/layer_runtime/yolov8n_onnxrt_cuda.csv
yolov8n,onnxrt_cuda,431,MaxPool:/model.9/m/MaxPool_fence_after,onnxruntime,onnx_node,0.001,0.0,0.001,0.001,4,3.1e-05,99.993615,223,clean_v2_without_tensorrt,/Users/hobongs/Desktop/HoBong_study/26-1/탄중/temp/jetson_nano_edgeai/my_results/clean_v2(without_tensorRT)/layer_runtime/yolov8n_onnxrt_cuda.csv
yolov8n,onnxrt_cuda,110,MaxPool:/model.9/m_1/MaxPool_kernel_time,onnxruntime,onnx_node,0.076267,0.018063,0.059,0.125,60,0.002375,99.717874,224,clean_v2_without_tensorrt,/Users/hobongs/Desktop/HoBong_study/26-1/탄중/temp/jetson_nano_edgeai/my_results/clean_v2(without_tensorRT)/layer_runtime/yolov8n_onnxrt_cuda.csv
yolov8n,onnxrt_cuda,148,MaxPool:/model.9/m_2/MaxPool_kernel_time,onnxruntime,onnx_node,0.0691,0.011407,0.058,0.105,60,0.002152,99.80336,225,clean_v2_without_tensorrt,/Users/hobongs/Desktop/HoBong_study/26-1/탄중/temp/jetson_nano_edgeai/my_results/clean_v2(without_tensorRT)/layer_runtime/yolov8n_onnxrt_cuda.csv
yolov8n,onnxrt_cuda,87,Concat:/model.9/Concat_kernel_time,onnxruntime,onnx_node,0.234167,0.031321,0.209,0.411,60,0.007294,99.612131,226,clean_v2_without_tensorrt,/Users/hobongs/Desktop/HoBong_study/26-1/탄중/temp/jetson_nano_edgeai/my_results/clean_v2(without_tensorRT)/layer_runtime/yolov8n_onnxrt_cuda.csv
yolov8n,onnxrt_cuda,432,Conv:/model.9/cv2/conv/Conv_fence_before,onnxruntime,onnx_node,0.001,0.0,0.001,0.001,13,3.1e-05,99.993646,227,clean_v2_without_tensorrt,/Users/hobongs/Desktop/HoBong_study/26-1/탄중/temp/jetson_nano_edgeai/my_results/clean_v2(without_tensorRT)/layer_runtime/yolov8n_onnxrt_cuda.csv
yolov8n,onnxrt_cuda,48,Conv:/model.9/cv2/conv/Conv_kernel_time,onnxruntime,onnx_node,0.8212,4.616062,0.19,36.276,60,0.025578,99.002484,228,clean_v2_without_tensorrt,/Users/hobongs/Desktop/HoBong_study/26-1/탄중/temp/jetson_nano_edgeai/my_results/clean_v2(without_tensorRT)/layer_runtime/yolov8n_onnxrt_cuda.csv
yolov8n,onnxrt_cuda,433,Conv:/model.9/cv2/conv/Conv_fence_after,onnxruntime,onnx_node,0.001,0.0,0.001,0.001,3,3.1e-05,99.993677,229,clean_v2_without_tensorrt,/Users/hobongs/Desktop/HoBong_study/26-1/탄중/temp/jetson_nano_edgeai/my_results/clean_v2(without_tensorRT)/layer_runtime/yolov8n_onnxrt_cuda.csv
yolov8n,onnxrt_cuda,434,Sigmoid:/model.9/cv2/act/Sigmoid_fence_before,onnxruntime,onnx_node,0.001,0.0,0.001,0.001,13,3.1e-05,99.993708,230,clean_v2_without_tensorrt,/Users/hobongs/Desktop/HoBong_study/26-1/탄중/temp/jetson_nano_edgeai/my_results/clean_v2(without_tensorRT)/layer_runtime/yolov8n_onnxrt_cuda.csv
yolov8n,onnxrt_cuda,192,Sigmoid:/model.9/cv2/act/Sigmoid_kernel_time,onnxruntime,onnx_node,0.06415,0.013309,0.056,0.127,60,0.001998,99.894097,231,clean_v2_without_tensorrt,/Users/hobongs/Desktop/HoBong_study/26-1/탄중/temp/jetson_nano_edgeai/my_results/clean_v2(without_tensorRT)/layer_runtime/yolov8n_onnxrt_cuda.csv
yolov8n,onnxrt_cuda,435,Mul:/model.9/cv2/act/Mul_fence_before,onnxruntime,onnx_node,0.001,0.0,0.001,0.001,9,3.1e-05,99.993739,232,clean_v2_without_tensorrt,/Users/hobongs/Desktop/HoBong_study/26-1/탄중/temp/jetson_nano_edgeai/my_results/clean_v2(without_tensorRT)/layer_runtime/yolov8n_onnxrt_cuda.csv
yolov8n,onnxrt_cuda,216,Mul:/model.9/cv2/act/Mul_kernel_time,onnxruntime,onnx_node,0.0606,0.012417,0.054,0.126,60,0.001888,99.940958,233,clean_v2_without_tensorrt,/Users/hobongs/Desktop/HoBong_study/26-1/탄중/temp/jetson_nano_edgeai/my_results/clean_v2(without_tensorRT)/layer_runtime/yolov8n_onnxrt_cuda.csv
yolov8n,onnxrt_cuda,311,Resize:/model.10/Resize_fence_before,onnxruntime,onnx_node,0.001087,0.000282,0.001,0.002,46,3.4e-05,99.989835,234,clean_v2_without_tensorrt,/Users/hobongs/Desktop/HoBong_study/26-1/탄중/temp/jetson_nano_edgeai/my_results/clean_v2(without_tensorRT)/layer_runtime/yolov8n_onnxrt_cuda.csv
yolov8n,onnxrt_cuda,98,Resize:/model.10/Resize_kernel_time,onnxruntime,onnx_node,0.117633,0.029777,0.102,0.289,60,0.003664,99.685691,235,clean_v2_without_tensorrt,/Users/hobongs/Desktop/HoBong_study/26-1/탄중/temp/jetson_nano_edgeai/my_results/clean_v2(without_tensorRT)/layer_runtime/yolov8n_onnxrt_cuda.csv
yolov8n,onnxrt_cuda,297,Concat:/model.11/Concat_fence_before,onnxruntime,onnx_node,0.001143,0.00035,0.001,0.002,14,3.6e-05,99.989349,236,clean_v2_without_tensorrt,/Users/hobongs/Desktop/HoBong_study/26-1/탄중/temp/jetson_nano_edgeai/my_results/clean_v2(without_tensorRT)/layer_runtime/yolov8n_onnxrt_cuda.csv
yolov8n,onnxrt_cuda,90,Concat:/model.11/Concat_kernel_time,onnxruntime,onnx_node,0.230667,0.067888,0.2,0.681,60,0.007185,99.633814,237,clean_v2_without_tensorrt,/Users/hobongs/Desktop/HoBong_study/26-1/탄중/temp/jetson_nano_edgeai/my_results/clean_v2(without_tensorRT)/layer_runtime/yolov8n_onnxrt_cuda.csv
yolov8n,onnxrt_cuda,436,Concat:/model.11/Concat_fence_after,onnxruntime,onnx_node,0.001,0.0,0.001,0.001,1,3.1e-05,99.993771,238,clean_v2_without_tensorrt,/Users/hobongs/Desktop/HoBong_study/26-1/탄중/temp/jetson_nano_edgeai/my_results/clean_v2(without_tensorRT)/layer_runtime/yolov8n_onnxrt_cuda.csv
yolov8n,onnxrt_cuda,234,Conv:/model.12/cv1/conv/Conv_fence_before,onnxruntime,onnx_node,0.04375,0.044707,0.001,0.105,4,0.001363,99.973378,239,clean_v2_without_tensorrt,/Users/hobongs/Desktop/HoBong_study/26-1/탄중/temp/jetson_nano_edgeai/my_results/clean_v2(without_tensorRT)/layer_runtime/yolov8n_onnxrt_cuda.csv
yolov8n,onnxrt_cuda,43,Conv:/model.12/cv1/conv/Conv_kernel_time,onnxruntime,onnx_node,0.8428,4.608339,0.193,36.239,60,0.026251,98.873198,240,clean_v2_without_tensorrt,/Users/hobongs/Desktop/HoBong_study/26-1/탄중/temp/jetson_nano_edgeai/my_results/clean_v2(without_tensorRT)/layer_runtime/yolov8n_onnxrt_cuda.csv
yolov8n,onnxrt_cuda,437,Conv:/model.12/cv1/conv/Conv_fence_after,onnxruntime,onnx_node,0.001,0.0,0.001,0.001,1,3.1e-05,99.993802,241,clean_v2_without_tensorrt,/Users/hobongs/Desktop/HoBong_study/26-1/탄중/temp/jetson_nano_edgeai/my_results/clean_v2(without_tensorRT)/layer_runtime/yolov8n_onnxrt_cuda.csv
yolov8n,onnxrt_cuda,438,Sigmoid:/model.12/cv1/act/Sigmoid_fence_before,onnxruntime,onnx_node,0.001,0.0,0.001,0.001,19,3.1e-05,99.993833,242,clean_v2_without_tensorrt,/Users/hobongs/Desktop/HoBong_study/26-1/탄중/temp/jetson_nano_edgeai/my_results/clean_v2(without_tensorRT)/layer_runtime/yolov8n_onnxrt_cuda.csv
yolov8n,onnxrt_cuda,153,Sigmoid:/model.12/cv1/act/Sigmoid_kernel_time,onnxruntime,onnx_node,0.067983,0.020197,0.056,0.141,60,0.002117,99.814008,243,clean_v2_without_tensorrt,/Users/hobongs/Desktop/HoBong_study/26-1/탄중/temp/jetson_nano_edgeai/my_results/clean_v2(without_tensorRT)/layer_runtime/yolov8n_onnxrt_cuda.csv
yolov8n,onnxrt_cuda,439,Mul:/model.12/cv1/act/Mul_fence_before,onnxruntime,onnx_node,0.001,0.0,0.001,0.001,4,3.1e-05,99.993864,244,clean_v2_without_tensorrt,/Users/hobongs/Desktop/HoBong_study/26-1/탄중/temp/jetson_nano_edgeai/my_results/clean_v2(without_tensorRT)/layer_runtime/yolov8n_onnxrt_cuda.csv
yolov8n,onnxrt_cuda,226,Mul:/model.12/cv1/act/Mul_kernel_time,onnxruntime,onnx_node,0.059083,0.005863,0.055,0.096,60,0.00184,99.9595,245,clean_v2_without_tensorrt,/Users/hobongs/Desktop/HoBong_study/26-1/탄중/temp/jetson_nano_edgeai/my_results/clean_v2(without_tensorRT)/layer_runtime/yolov8n_onnxrt_cuda.csv
yolov8n,onnxrt_cuda,440,Split:/model.12/Split_fence_before,onnxruntime,onnx_node,0.001,0.0,0.001,0.001,4,3.1e-05,99.993895,246,clean_v2_without_tensorrt,/Users/hobongs/Desktop/HoBong_study/26-1/탄중/temp/jetson_nano_edgeai/my_results/clean_v2(without_tensorRT)/layer_runtime/yolov8n_onnxrt_cuda.csv
yolov8n,onnxrt_cuda,97,Split:/model.12/Split_kernel_time,onnxruntime,onnx_node,0.213717,0.023709,0.196,0.333,60,0.006657,99.682027,247,clean_v2_without_tensorrt,/Users/hobongs/Desktop/HoBong_study/26-1/탄중/temp/jetson_nano_edgeai/my_results/clean_v2(without_tensorRT)/layer_runtime/yolov8n_onnxrt_cuda.csv
yolov8n,onnxrt_cuda,441,Conv:/model.12/m.0/cv1/conv/Conv_fence_before,onnxruntime,onnx_node,0.001,0.0,0.001,0.001,3,3.1e-05,99.993926,248,clean_v2_without_tensorrt,/Users/hobongs/Desktop/HoBong_study/26-1/탄중/temp/jetson_nano_edgeai/my_results/clean_v2(without_tensorRT)/layer_runtime/yolov8n_onnxrt_cuda.csv
yolov8n,onnxrt_cuda,19,Conv:/model.12/m.0/cv1/conv/Conv_kernel_time,onnxruntime,onnx_node,1.1231,6.411499,0.246,50.37,60,0.034981,98.142743,249,clean_v2_without_tensorrt,/Users/hobongs/Desktop/HoBong_study/26-1/탄중/temp/jetson_nano_edgeai/my_results/clean_v2(without_tensorRT)/layer_runtime/yolov8n_onnxrt_cuda.csv
yolov8n,onnxrt_cuda,268,Conv:/model.12/m.0/cv1/conv/Conv_fence_after,onnxruntime,onnx_node,0.0034,0.0072,0.001,0.025,10,0.000106,99.987758,250,clean_v2_without_tensorrt,/Users/hobongs/Desktop/HoBong_study/26-1/탄중/temp/jetson_nano_edgeai/my_results/clean_v2(without_tensorRT)/layer_runtime/yolov8n_onnxrt_cuda.csv
yolov8n,onnxrt_cuda,324,Sigmoid:/model.12/m.0/cv1/act/Sigmoid_fence_before,onnxruntime,onnx_node,0.001053,0.000223,0.001,0.002,19,3.3e-05,99.990266,251,clean_v2_without_tensorrt,/Users/hobongs/Desktop/HoBong_study/26-1/탄중/temp/jetson_nano_edgeai/my_results/clean_v2(without_tensorRT)/layer_runtime/yolov8n_onnxrt_cuda.csv
yolov8n,onnxrt_cuda,106,Sigmoid:/model.12/m.0/cv1/act/Sigmoid_kernel_time,onnxruntime,onnx_node,0.0787,0.027333,0.056,0.229,60,0.002451,99.708301,252,clean_v2_without_tensorrt,/Users/hobongs/Desktop/HoBong_study/26-1/탄중/temp/jetson_nano_edgeai/my_results/clean_v2(without_tensorRT)/layer_runtime/yolov8n_onnxrt_cuda.csv
yolov8n,onnxrt_cuda,442,Mul:/model.12/m.0/cv1/act/Mul_fence_before,onnxruntime,onnx_node,0.001,0.0,0.001,0.001,10,3.1e-05,99.993957,253,clean_v2_without_tensorrt,/Users/hobongs/Desktop/HoBong_study/26-1/탄중/temp/jetson_nano_edgeai/my_results/clean_v2(without_tensorRT)/layer_runtime/yolov8n_onnxrt_cuda.csv
yolov8n,onnxrt_cuda,120,Mul:/model.12/m.0/cv1/act/Mul_kernel_time,onnxruntime,onnx_node,0.073233,0.030744,0.055,0.269,60,0.002281,99.741036,254,clean_v2_without_tensorrt,/Users/hobongs/Desktop/HoBong_study/26-1/탄중/temp/jetson_nano_edgeai/my_results/clean_v2(without_tensorRT)/layer_runtime/yolov8n_onnxrt_cuda.csv
yolov8n,onnxrt_cuda,301,Conv:/model.12/m.0/cv2/conv/Conv_fence_before,onnxruntime,onnx_node,0.001125,0.000331,0.001,0.002,8,3.5e-05,99.98949,255,clean_v2_without_tensorrt,/Users/hobongs/Desktop/HoBong_study/26-1/탄중/temp/jetson_nano_edgeai/my_results/clean_v2(without_tensorRT)/layer_runtime/yolov8n_onnxrt_cuda.csv
yolov8n,onnxrt_cuda,20,Conv:/model.12/m.0/cv2/conv/Conv_kernel_time,onnxruntime,onnx_node,1.117,6.359172,0.223,49.962,60,0.034791,98.177534,256,clean_v2_without_tensorrt,/Users/hobongs/Desktop/HoBong_study/26-1/탄중/temp/jetson_nano_edgeai/my_results/clean_v2(without_tensorRT)/layer_runtime/yolov8n_onnxrt_cuda.csv
yolov8n,onnxrt_cuda,336,Sigmoid:/model.12/m.0/cv2/act/Sigmoid_fence_before,onnxruntime,onnx_node,0.001028,0.000164,0.001,0.002,36,3.2e-05,99.990654,257,clean_v2_without_tensorrt,/Users/hobongs/Desktop/HoBong_study/26-1/탄중/temp/jetson_nano_edgeai/my_results/clean_v2(without_tensorRT)/layer_runtime/yolov8n_onnxrt_cuda.csv
yolov8n,onnxrt_cuda,155,Sigmoid:/model.12/m.0/cv2/act/Sigmoid_kernel_time,onnxruntime,onnx_node,0.06785,0.014278,0.058,0.141,60,0.002113,99.818238,258,clean_v2_without_tensorrt,/Users/hobongs/Desktop/HoBong_study/26-1/탄중/temp/jetson_nano_edgeai/my_results/clean_v2(without_tensorRT)/layer_runtime/yolov8n_onnxrt_cuda.csv
yolov8n,onnxrt_cuda,443,Mul:/model.12/m.0/cv2/act/Mul_fence_before,onnxruntime,onnx_node,0.001,0.0,0.001,0.001,6,3.1e-05,99.993989,259,clean_v2_without_tensorrt,/Users/hobongs/Desktop/HoBong_study/26-1/탄중/temp/jetson_nano_edgeai/my_results/clean_v2(without_tensorRT)/layer_runtime/yolov8n_onnxrt_cuda.csv
yolov8n,onnxrt_cuda,185,Mul:/model.12/m.0/cv2/act/Mul_kernel_time,onnxruntime,onnx_node,0.064817,0.021075,0.053,0.211,60,0.002019,99.880053,260,clean_v2_without_tensorrt,/Users/hobongs/Desktop/HoBong_study/26-1/탄중/temp/jetson_nano_edgeai/my_results/clean_v2(without_tensorRT)/layer_runtime/yolov8n_onnxrt_cuda.csv
yolov8n,onnxrt_cuda,444,Mul:/model.12/m.0/cv2/act/Mul_fence_after,onnxruntime,onnx_node,0.001,0.0,0.001,0.001,1,3.1e-05,99.99402,261,clean_v2_without_tensorrt,/Users/hobongs/Desktop/HoBong_study/26-1/탄중/temp/jetson_nano_edgeai/my_results/clean_v2(without_tensorRT)/layer_runtime/yolov8n_onnxrt_cuda.csv
yolov8n,onnxrt_cuda,299,Concat:/model.12/Concat_fence_before,onnxruntime,onnx_node,0.001133,0.000427,0.001,0.003,30,3.5e-05,99.98942,262,clean_v2_without_tensorrt,/Users/hobongs/Desktop/HoBong_study/26-1/탄중/temp/jetson_nano_edgeai/my_results/clean_v2(without_tensorRT)/layer_runtime/yolov8n_onnxrt_cuda.csv
yolov8n,onnxrt_cuda,81,Concat:/model.12/Concat_kernel_time,onnxruntime,onnx_node,0.2595,0.051836,0.204,0.579,60,0.008083,99.565942,263,clean_v2_without_tensorrt,/Users/hobongs/Desktop/HoBong_study/26-1/탄중/temp/jetson_nano_edgeai/my_results/clean_v2(without_tensorRT)/layer_runtime/yolov8n_onnxrt_cuda.csv
yolov8n,onnxrt_cuda,445,Conv:/model.12/cv2/conv/Conv_fence_before,onnxruntime,onnx_node,0.001,0.0,0.001,0.001,10,3.1e-05,99.994051,264,clean_v2_without_tensorrt,/Users/hobongs/Desktop/HoBong_study/26-1/탄중/temp/jetson_nano_edgeai/my_results/clean_v2(without_tensorRT)/layer_runtime/yolov8n_onnxrt_cuda.csv
yolov8n,onnxrt_cuda,56,Conv:/model.12/cv2/conv/Conv_kernel_time,onnxruntime,onnx_node,0.7545,3.955614,0.191,31.137,60,0.0235,99.19597,265,clean_v2_without_tensorrt,/Users/hobongs/Desktop/HoBong_study/26-1/탄중/temp/jetson_nano_edgeai/my_results/clean_v2(without_tensorRT)/layer_runtime/yolov8n_onnxrt_cuda.csv
yolov8n,onnxrt_cuda,446,Conv:/model.12/cv2/conv/Conv_fence_after,onnxruntime,onnx_node,0.001,0.0,0.001,0.001,1,3.1e-05,99.994082,266,clean_v2_without_tensorrt,/Users/hobongs/Desktop/HoBong_study/26-1/탄중/temp/jetson_nano_edgeai/my_results/clean_v2(without_tensorRT)/layer_runtime/yolov8n_onnxrt_cuda.csv
yolov8n,onnxrt_cuda,447,Sigmoid:/model.12/cv2/act/Sigmoid_fence_before,onnxruntime,onnx_node,0.001,0.0,0.001,0.001,26,3.1e-05,99.994113,267,clean_v2_without_tensorrt,/Users/hobongs/Desktop/HoBong_study/26-1/탄중/temp/jetson_nano_edgeai/my_results/clean_v2(without_tensorRT)/layer_runtime/yolov8n_onnxrt_cuda.csv
yolov8n,onnxrt_cuda,163,Sigmoid:/model.12/cv2/act/Sigmoid_kernel_time,onnxruntime,onnx_node,0.066817,0.013574,0.055,0.12,60,0.002081,99.835007,268,clean_v2_without_tensorrt,/Users/hobongs/Desktop/HoBong_study/26-1/탄중/temp/jetson_nano_edgeai/my_results/clean_v2(without_tensorRT)/layer_runtime/yolov8n_onnxrt_cuda.csv
yolov8n,onnxrt_cuda,448,Mul:/model.12/cv2/act/Mul_fence_before,onnxruntime,onnx_node,0.001,0.0,0.001,0.001,18,3.1e-05,99.994144,269,clean_v2_without_tensorrt,/Users/hobongs/Desktop/HoBong_study/26-1/탄중/temp/jetson_nano_edgeai/my_results/clean_v2(without_tensorRT)/layer_runtime/yolov8n_onnxrt_cuda.csv
yolov8n,onnxrt_cuda,194,Mul:/model.12/cv2/act/Mul_kernel_time,onnxruntime,onnx_node,0.063867,0.013757,0.053,0.117,60,0.001989,99.898081,270,clean_v2_without_tensorrt,/Users/hobongs/Desktop/HoBong_study/26-1/탄중/temp/jetson_nano_edgeai/my_results/clean_v2(without_tensorRT)/layer_runtime/yolov8n_onnxrt_cuda.csv
yolov8n,onnxrt_cuda,449,Resize:/model.13/Resize_fence_before,onnxruntime,onnx_node,0.001,0.0,0.001,0.001,14,3.1e-05,99.994175,271,clean_v2_without_tensorrt,/Users/hobongs/Desktop/HoBong_study/26-1/탄중/temp/jetson_nano_edgeai/my_results/clean_v2(without_tensorRT)/layer_runtime/yolov8n_onnxrt_cuda.csv
yolov8n,onnxrt_cuda,100,Resize:/model.13/Resize_kernel_time,onnxruntime,onnx_node,0.099767,0.013628,0.09,0.149,60,0.003107,99.692375,272,clean_v2_without_tensorrt,/Users/hobongs/Desktop/HoBong_study/26-1/탄중/temp/jetson_nano_edgeai/my_results/clean_v2(without_tensorRT)/layer_runtime/yolov8n_onnxrt_cuda.csv
yolov8n,onnxrt_cuda,450,Concat:/model.14/Concat_fence_before,onnxruntime,onnx_node,0.001,0.0,0.001,0.001,5,3.1e-05,99.994207,273,clean_v2_without_tensorrt,/Users/hobongs/Desktop/HoBong_study/26-1/탄중/temp/jetson_nano_edgeai/my_results/clean_v2(without_tensorRT)/layer_runtime/yolov8n_onnxrt_cuda.csv
yolov8n,onnxrt_cuda,95,Concat:/model.14/Concat_kernel_time,onnxruntime,onnx_node,0.216467,0.054187,0.194,0.611,60,0.006742,99.668695,274,clean_v2_without_tensorrt,/Users/hobongs/Desktop/HoBong_study/26-1/탄중/temp/jetson_nano_edgeai/my_results/clean_v2(without_tensorRT)/layer_runtime/yolov8n_onnxrt_cuda.csv
yolov8n,onnxrt_cuda,451,Conv:/model.15/cv1/conv/Conv_fence_before,onnxruntime,onnx_node,0.001,0.0,0.001,0.001,9,3.1e-05,99.994238,275,clean_v2_without_tensorrt,/Users/hobongs/Desktop/HoBong_study/26-1/탄중/temp/jetson_nano_edgeai/my_results/clean_v2(without_tensorRT)/layer_runtime/yolov8n_onnxrt_cuda.csv
yolov8n,onnxrt_cuda,35,Conv:/model.15/cv1/conv/Conv_kernel_time,onnxruntime,onnx_node,0.919533,4.648874,0.274,36.626,60,0.028641,98.654479,276,clean_v2_without_tensorrt,/Users/hobongs/Desktop/HoBong_study/26-1/탄중/temp/jetson_nano_edgeai/my_results/clean_v2(without_tensorRT)/layer_runtime/yolov8n_onnxrt_cuda.csv
yolov8n,onnxrt_cuda,290,Conv:/model.15/cv1/conv/Conv_fence_after,onnxruntime,onnx_node,0.00125,0.000433,0.001,0.002,4,3.9e-05,99.989092,277,clean_v2_without_tensorrt,/Users/hobongs/Desktop/HoBong_study/26-1/탄중/temp/jetson_nano_edgeai/my_results/clean_v2(without_tensorRT)/layer_runtime/yolov8n_onnxrt_cuda.csv
yolov8n,onnxrt_cuda,452,Sigmoid:/model.15/cv1/act/Sigmoid_fence_before,onnxruntime,onnx_node,0.001,0.0,0.001,0.001,6,3.1e-05,99.994269,278,clean_v2_without_tensorrt,/Users/hobongs/Desktop/HoBong_study/26-1/탄중/temp/jetson_nano_edgeai/my_results/clean_v2(without_tensorRT)/layer_runtime/yolov8n_onnxrt_cuda.csv
yolov8n,onnxrt_cuda,165,Sigmoid:/model.15/cv1/act/Sigmoid_kernel_time,onnxruntime,onnx_node,0.0666,0.016654,0.058,0.17,60,0.002074,99.839161,279,clean_v2_without_tensorrt,/Users/hobongs/Desktop/HoBong_study/26-1/탄중/temp/jetson_nano_edgeai/my_results/clean_v2(without_tensorRT)/layer_runtime/yolov8n_onnxrt_cuda.csv
yolov8n,onnxrt_cuda,453,Sigmoid:/model.15/cv1/act/Sigmoid_fence_after,onnxruntime,onnx_node,0.001,0.0,0.001,0.001,2,3.1e-05,99.9943,280,clean_v2_without_tensorrt,/Users/hobongs/Desktop/HoBong_study/26-1/탄중/temp/jetson_nano_edgeai/my_results/clean_v2(without_tensorRT)/layer_runtime/yolov8n_onnxrt_cuda.csv
yolov8n,onnxrt_cuda,454,Mul:/model.15/cv1/act/Mul_fence_before,onnxruntime,onnx_node,0.001,0.0,0.001,0.001,12,3.1e-05,99.994331,281,clean_v2_without_tensorrt,/Users/hobongs/Desktop/HoBong_study/26-1/탄중/temp/jetson_nano_edgeai/my_results/clean_v2(without_tensorRT)/layer_runtime/yolov8n_onnxrt_cuda.csv
yolov8n,onnxrt_cuda,205,Mul:/model.15/cv1/act/Mul_kernel_time,onnxruntime,onnx_node,0.062567,0.014178,0.054,0.122,60,0.001949,99.919744,282,clean_v2_without_tensorrt,/Users/hobongs/Desktop/HoBong_study/26-1/탄중/temp/jetson_nano_edgeai/my_results/clean_v2(without_tensorRT)/layer_runtime/yolov8n_onnxrt_cuda.csv
yolov8n,onnxrt_cuda,455,Split:/model.15/Split_fence_before,onnxruntime,onnx_node,0.001,0.0,0.001,0.001,3,3.1e-05,99.994362,283,clean_v2_without_tensorrt,/Users/hobongs/Desktop/HoBong_study/26-1/탄중/temp/jetson_nano_edgeai/my_results/clean_v2(without_tensorRT)/layer_runtime/yolov8n_onnxrt_cuda.csv
yolov8n,onnxrt_cuda,94,Split:/model.15/Split_kernel_time,onnxruntime,onnx_node,0.2172,0.030922,0.194,0.368,60,0.006765,99.661953,284,clean_v2_without_tensorrt,/Users/hobongs/Desktop/HoBong_study/26-1/탄중/temp/jetson_nano_edgeai/my_results/clean_v2(without_tensorRT)/layer_runtime/yolov8n_onnxrt_cuda.csv
yolov8n,onnxrt_cuda,456,Conv:/model.15/m.0/cv1/conv/Conv_fence_before,onnxruntime,onnx_node,0.001,0.0,0.001,0.001,3,3.1e-05,99.994394,285,clean_v2_without_tensorrt,/Users/hobongs/Desktop/HoBong_study/26-1/탄중/temp/jetson_nano_edgeai/my_results/clean_v2(without_tensorRT)/layer_runtime/yolov8n_onnxrt_cuda.csv
yolov8n,onnxrt_cuda,27,Conv:/model.15/m.0/cv1/conv/Conv_kernel_time,onnxruntime,onnx_node,1.0489,5.886923,0.23,46.264,60,0.03267,98.413009,286,clean_v2_without_tensorrt,/Users/hobongs/Desktop/HoBong_study/26-1/탄중/temp/jetson_nano_edgeai/my_results/clean_v2(without_tensorRT)/layer_runtime/yolov8n_onnxrt_cuda.csv
yolov8n,onnxrt_cuda,457,Conv:/model.15/m.0/cv1/conv/Conv_fence_after,onnxruntime,onnx_node,0.001,0.0,0.001,0.001,5,3.1e-05,99.994425,287,clean_v2_without_tensorrt,/Users/hobongs/Desktop/HoBong_study/26-1/탄중/temp/jetson_nano_edgeai/my_results/clean_v2(without_tensorRT)/layer_runtime/yolov8n_onnxrt_cuda.csv
yolov8n,onnxrt_cuda,458,Sigmoid:/model.15/m.0/cv1/act/Sigmoid_fence_before,onnxruntime,onnx_node,0.001,0.0,0.001,0.001,16,3.1e-05,99.994456,288,clean_v2_without_tensorrt,/Users/hobongs/Desktop/HoBong_study/26-1/탄중/temp/jetson_nano_edgeai/my_results/clean_v2(without_tensorRT)/layer_runtime/yolov8n_onnxrt_cuda.csv
yolov8n,onnxrt_cuda,146,Sigmoid:/model.15/m.0/cv1/act/Sigmoid_kernel_time,onnxruntime,onnx_node,0.0699,0.018689,0.056,0.131,60,0.002177,99.799042,289,clean_v2_without_tensorrt,/Users/hobongs/Desktop/HoBong_study/26-1/탄중/temp/jetson_nano_edgeai/my_results/clean_v2(without_tensorRT)/layer_runtime/yolov8n_onnxrt_cuda.csv
yolov8n,onnxrt_cuda,258,Mul:/model.15/m.0/cv1/act/Mul_fence_before,onnxruntime,onnx_node,0.005333,0.012257,0.001,0.04,9,0.000166,99.986534,290,clean_v2_without_tensorrt,/Users/hobongs/Desktop/HoBong_study/26-1/탄중/temp/jetson_nano_edgeai/my_results/clean_v2(without_tensorRT)/layer_runtime/yolov8n_onnxrt_cuda.csv
yolov8n,onnxrt_cuda,108,Mul:/model.15/m.0/cv1/act/Mul_kernel_time,onnxruntime,onnx_node,0.076733,0.024878,0.053,0.161,60,0.00239,99.713115,291,clean_v2_without_tensorrt,/Users/hobongs/Desktop/HoBong_study/26-1/탄중/temp/jetson_nano_edgeai/my_results/clean_v2(without_tensorRT)/layer_runtime/yolov8n_onnxrt_cuda.csv
yolov8n,onnxrt_cuda,459,Mul:/model.15/m.0/cv1/act/Mul_fence_after,onnxruntime,onnx_node,0.001,0.0,0.001,0.001,1,3.1e-05,99.994487,292,clean_v2_without_tensorrt,/Users/hobongs/Desktop/HoBong_study/26-1/탄중/temp/jetson_nano_edgeai/my_results/clean_v2(without_tensorRT)/layer_runtime/yolov8n_onnxrt_cuda.csv
yolov8n,onnxrt_cuda,291,Conv:/model.15/m.0/cv2/conv/Conv_fence_before,onnxruntime,onnx_node,0.00125,0.000433,0.001,0.002,4,3.9e-05,99.989131,293,clean_v2_without_tensorrt,/Users/hobongs/Desktop/HoBong_study/26-1/탄중/temp/jetson_nano_edgeai/my_results/clean_v2(without_tensorRT)/layer_runtime/yolov8n_onnxrt_cuda.csv
yolov8n,onnxrt_cuda,26,Conv:/model.15/m.0/cv2/conv/Conv_kernel_time,onnxruntime,onnx_node,1.063833,5.846459,0.22,45.97,60,0.033135,98.380338,294,clean_v2_without_tensorrt,/Users/hobongs/Desktop/HoBong_study/26-1/탄중/temp/jetson_nano_edgeai/my_results/clean_v2(without_tensorRT)/layer_runtime/yolov8n_onnxrt_cuda.csv
yolov8n,onnxrt_cuda,460,Conv:/model.15/m.0/cv2/conv/Conv_fence_after,onnxruntime,onnx_node,0.001,0.0,0.001,0.001,2,3.1e-05,99.994518,295,clean_v2_without_tensorrt,/Users/hobongs/Desktop/HoBong_study/26-1/탄중/temp/jetson_nano_edgeai/my_results/clean_v2(without_tensorRT)/layer_runtime/yolov8n_onnxrt_cuda.csv
yolov8n,onnxrt_cuda,333,Sigmoid:/model.15/m.0/cv2/act/Sigmoid_fence_before,onnxruntime,onnx_node,0.001031,0.000174,0.001,0.002,32,3.2e-05,99.990557,296,clean_v2_without_tensorrt,/Users/hobongs/Desktop/HoBong_study/26-1/탄중/temp/jetson_nano_edgeai/my_results/clean_v2(without_tensorRT)/layer_runtime/yolov8n_onnxrt_cuda.csv
yolov8n,onnxrt_cuda,140,Sigmoid:/model.15/m.0/cv2/act/Sigmoid_kernel_time,onnxruntime,onnx_node,0.070617,0.01517,0.056,0.125,60,0.0022,99.785905,297,clean_v2_without_tensorrt,/Users/hobongs/Desktop/HoBong_study/26-1/탄중/temp/jetson_nano_edgeai/my_results/clean_v2(without_tensorRT)/layer_runtime/yolov8n_onnxrt_cuda.csv
yolov8n,onnxrt_cuda,461,Mul:/model.15/m.0/cv2/act/Mul_fence_before,onnxruntime,onnx_node,0.001,0.0,0.001,0.001,7,3.1e-05,99.994549,298,clean_v2_without_tensorrt,/Users/hobongs/Desktop/HoBong_study/26-1/탄중/temp/jetson_nano_edgeai/my_results/clean_v2(without_tensorRT)/layer_runtime/yolov8n_onnxrt_cuda.csv
yolov8n,onnxrt_cuda,139,Mul:/model.15/m.0/cv2/act/Mul_kernel_time,onnxruntime,onnx_node,0.07095,0.014874,0.054,0.099,60,0.00221,99.783705,299,clean_v2_without_tensorrt,/Users/hobongs/Desktop/HoBong_study/26-1/탄중/temp/jetson_nano_edgeai/my_results/clean_v2(without_tensorRT)/layer_runtime/yolov8n_onnxrt_cuda.csv
yolov8n,onnxrt_cuda,462,Mul:/model.15/m.0/cv2/act/Mul_fence_after,onnxruntime,onnx_node,0.001,0.0,0.001,0.001,1,3.1e-05,99.99458,300,clean_v2_without_tensorrt,/Users/hobongs/Desktop/HoBong_study/26-1/탄중/temp/jetson_nano_edgeai/my_results/clean_v2(without_tensorRT)/layer_runtime/yolov8n_onnxrt_cuda.csv
yolov8n,onnxrt_cuda,273,Concat:/model.15/Concat_fence_before,onnxruntime,onnx_node,0.002412,0.005647,0.001,0.025,17,7.5e-05,99.988198,301,clean_v2_without_tensorrt,/Users/hobongs/Desktop/HoBong_study/26-1/탄중/temp/jetson_nano_edgeai/my_results/clean_v2(without_tensorRT)/layer_runtime/yolov8n_onnxrt_cuda.csv
yolov8n,onnxrt_cuda,85,Concat:/model.15/Concat_kernel_time,onnxruntime,onnx_node,0.244133,0.063617,0.195,0.66,60,0.007604,99.597415,302,clean_v2_without_tensorrt,/Users/hobongs/Desktop/HoBong_study/26-1/탄중/temp/jetson_nano_edgeai/my_results/clean_v2(without_tensorRT)/layer_runtime/yolov8n_onnxrt_cuda.csv
yolov8n,onnxrt_cuda,269,Concat:/model.15/Concat_fence_after,onnxruntime,onnx_node,0.003,0.002828,0.001,0.007,3,9.3e-05,99.987852,303,clean_v2_without_tensorrt,/Users/hobongs/Desktop/HoBong_study/26-1/탄중/temp/jetson_nano_edgeai/my_results/clean_v2(without_tensorRT)/layer_runtime/yolov8n_onnxrt_cuda.csv
yolov8n,onnxrt_cuda,463,Conv:/model.15/cv2/conv/Conv_fence_before,onnxruntime,onnx_node,0.001,0.0,0.001,0.001,19,3.1e-05,99.994612,304,clean_v2_without_tensorrt,/Users/hobongs/Desktop/HoBong_study/26-1/탄중/temp/jetson_nano_edgeai/my_results/clean_v2(without_tensorRT)/layer_runtime/yolov8n_onnxrt_cuda.csv
yolov8n,onnxrt_cuda,45,Conv:/model.15/cv2/conv/Conv_kernel_time,onnxruntime,onnx_node,0.8387,3.851243,0.253,30.414,60,0.026123,98.925478,305,clean_v2_without_tensorrt,/Users/hobongs/Desktop/HoBong_study/26-1/탄중/temp/jetson_nano_edgeai/my_results/clean_v2(without_tensorRT)/layer_runtime/yolov8n_onnxrt_cuda.csv
yolov8n,onnxrt_cuda,464,Conv:/model.15/cv2/conv/Conv_fence_after,onnxruntime,onnx_node,0.001,0.0,0.001,0.001,6,3.1e-05,99.994643,306,clean_v2_without_tensorrt,/Users/hobongs/Desktop/HoBong_study/26-1/탄중/temp/jetson_nano_edgeai/my_results/clean_v2(without_tensorRT)/layer_runtime/yolov8n_onnxrt_cuda.csv
yolov8n,onnxrt_cuda,279,Sigmoid:/model.15/cv2/act/Sigmoid_fence_before,onnxruntime,onnx_node,0.001828,0.004379,0.001,0.025,29,5.7e-05,99.988594,307,clean_v2_without_tensorrt,/Users/hobongs/Desktop/HoBong_study/26-1/탄중/temp/jetson_nano_edgeai/my_results/clean_v2(without_tensorRT)/layer_runtime/yolov8n_onnxrt_cuda.csv
yolov8n,onnxrt_cuda,123,Sigmoid:/model.15/cv2/act/Sigmoid_kernel_time,onnxruntime,onnx_node,0.072983,0.017107,0.056,0.127,60,0.002273,99.747862,308,clean_v2_without_tensorrt,/Users/hobongs/Desktop/HoBong_study/26-1/탄중/temp/jetson_nano_edgeai/my_results/clean_v2(without_tensorRT)/layer_runtime/yolov8n_onnxrt_cuda.csv
yolov8n,onnxrt_cuda,465,Mul:/model.15/cv2/act/Mul_fence_before,onnxruntime,onnx_node,0.001,0.0,0.001,0.001,17,3.1e-05,99.994674,309,clean_v2_without_tensorrt,/Users/hobongs/Desktop/HoBong_study/26-1/탄중/temp/jetson_nano_edgeai/my_results/clean_v2(without_tensorRT)/layer_runtime/yolov8n_onnxrt_cuda.csv
yolov8n,onnxrt_cuda,122,Mul:/model.15/cv2/act/Mul_kernel_time,onnxruntime,onnx_node,0.073067,0.017072,0.056,0.116,60,0.002276,99.745589,310,clean_v2_without_tensorrt,/Users/hobongs/Desktop/HoBong_study/26-1/탄중/temp/jetson_nano_edgeai/my_results/clean_v2(without_tensorRT)/layer_runtime/yolov8n_onnxrt_cuda.csv
yolov8n,onnxrt_cuda,12,Conv:/model.16/conv/Conv_kernel_time,onnxruntime,onnx_node,1.237817,6.961815,0.258,54.712,60,0.038554,97.88715,311,clean_v2_without_tensorrt,/Users/hobongs/Desktop/HoBong_study/26-1/탄중/temp/jetson_nano_edgeai/my_results/clean_v2(without_tensorRT)/layer_runtime/yolov8n_onnxrt_cuda.csv
yolov8n,onnxrt_cuda,466,Conv:/model.16/conv/Conv_fence_after,onnxruntime,onnx_node,0.001,0.0,0.001,0.001,7,3.1e-05,99.994705,312,clean_v2_without_tensorrt,/Users/hobongs/Desktop/HoBong_study/26-1/탄중/temp/jetson_nano_edgeai/my_results/clean_v2(without_tensorRT)/layer_runtime/yolov8n_onnxrt_cuda.csv
yolov8n,onnxrt_cuda,329,Sigmoid:/model.16/act/Sigmoid_fence_before,onnxruntime,onnx_node,0.001034,0.000182,0.001,0.002,29,3.2e-05,99.990429,313,clean_v2_without_tensorrt,/Users/hobongs/Desktop/HoBong_study/26-1/탄중/temp/jetson_nano_edgeai/my_results/clean_v2(without_tensorRT)/layer_runtime/yolov8n_onnxrt_cuda.csv
yolov8n,onnxrt_cuda,142,Sigmoid:/model.16/act/Sigmoid_kernel_time,onnxruntime,onnx_node,0.070517,0.017328,0.056,0.122,60,0.002196,99.790299,314,clean_v2_without_tensorrt,/Users/hobongs/Desktop/HoBong_study/26-1/탄중/temp/jetson_nano_edgeai/my_results/clean_v2(without_tensorRT)/layer_runtime/yolov8n_onnxrt_cuda.csv
yolov8n,onnxrt_cuda,467,Sigmoid:/model.16/act/Sigmoid_fence_after,onnxruntime,onnx_node,0.001,0.0,0.001,0.001,1,3.1e-05,99.994736,315,clean_v2_without_tensorrt,/Users/hobongs/Desktop/HoBong_study/26-1/탄중/temp/jetson_nano_edgeai/my_results/clean_v2(without_tensorRT)/layer_runtime/yolov8n_onnxrt_cuda.csv
yolov8n,onnxrt_cuda,256,Mul:/model.16/act/Mul_fence_before,onnxruntime,onnx_node,0.00625,0.01389,0.001,0.043,8,0.000195,99.986193,316,clean_v2_without_tensorrt,/Users/hobongs/Desktop/HoBong_study/26-1/탄중/temp/jetson_nano_edgeai/my_results/clean_v2(without_tensorRT)/layer_runtime/yolov8n_onnxrt_cuda.csv
yolov8n,onnxrt_cuda,158,Mul:/model.16/act/Mul_kernel_time,onnxruntime,onnx_node,0.067367,0.016584,0.055,0.123,60,0.002098,99.824541,317,clean_v2_without_tensorrt,/Users/hobongs/Desktop/HoBong_study/26-1/탄중/temp/jetson_nano_edgeai/my_results/clean_v2(without_tensorRT)/layer_runtime/yolov8n_onnxrt_cuda.csv
yolov8n,onnxrt_cuda,468,Concat:/model.17/Concat_fence_before,onnxruntime,onnx_node,0.001,0.0,0.001,0.001,20,3.1e-05,99.994767,318,clean_v2_without_tensorrt,/Users/hobongs/Desktop/HoBong_study/26-1/탄중/temp/jetson_nano_edgeai/my_results/clean_v2(without_tensorRT)/layer_runtime/yolov8n_onnxrt_cuda.csv
yolov8n,onnxrt_cuda,84,Concat:/model.17/Concat_kernel_time,onnxruntime,onnx_node,0.251133,0.063083,0.201,0.672,60,0.007822,99.589811,319,clean_v2_without_tensorrt,/Users/hobongs/Desktop/HoBong_study/26-1/탄중/temp/jetson_nano_edgeai/my_results/clean_v2(without_tensorRT)/layer_runtime/yolov8n_onnxrt_cuda.csv
yolov8n,onnxrt_cuda,260,Conv:/model.18/cv1/conv/Conv_fence_before,onnxruntime,onnx_node,0.004667,0.008199,0.001,0.023,6,0.000145,99.986827,320,clean_v2_without_tensorrt,/Users/hobongs/Desktop/HoBong_study/26-1/탄중/temp/jetson_nano_edgeai/my_results/clean_v2(without_tensorRT)/layer_runtime/yolov8n_onnxrt_cuda.csv
yolov8n,onnxrt_cuda,57,Conv:/model.18/cv1/conv/Conv_kernel_time,onnxruntime,onnx_node,0.754067,3.947906,0.201,31.077,60,0.023487,99.219457,321,clean_v2_without_tensorrt,/Users/hobongs/Desktop/HoBong_study/26-1/탄중/temp/jetson_nano_edgeai/my_results/clean_v2(without_tensorRT)/layer_runtime/yolov8n_onnxrt_cuda.csv
yolov8n,onnxrt_cuda,469,Conv:/model.18/cv1/conv/Conv_fence_after,onnxruntime,onnx_node,0.001,0.0,0.001,0.001,4,3.1e-05,99.994798,322,clean_v2_without_tensorrt,/Users/hobongs/Desktop/HoBong_study/26-1/탄중/temp/jetson_nano_edgeai/my_results/clean_v2(without_tensorRT)/layer_runtime/yolov8n_onnxrt_cuda.csv
yolov8n,onnxrt_cuda,337,Sigmoid:/model.18/cv1/act/Sigmoid_fence_before,onnxruntime,onnx_node,0.001028,0.000164,0.001,0.002,36,3.2e-05,99.990686,323,clean_v2_without_tensorrt,/Users/hobongs/Desktop/HoBong_study/26-1/탄중/temp/jetson_nano_edgeai/my_results/clean_v2(without_tensorRT)/layer_runtime/yolov8n_onnxrt_cuda.csv
yolov8n,onnxrt_cuda,143,Sigmoid:/model.18/cv1/act/Sigmoid_kernel_time,onnxruntime,onnx_node,0.070517,0.017736,0.056,0.141,60,0.002196,99.792495,324,clean_v2_without_tensorrt,/Users/hobongs/Desktop/HoBong_study/26-1/탄중/temp/jetson_nano_edgeai/my_results/clean_v2(without_tensorRT)/layer_runtime/yolov8n_onnxrt_cuda.csv
yolov8n,onnxrt_cuda,470,Mul:/model.18/cv1/act/Mul_fence_before,onnxruntime,onnx_node,0.001,0.0,0.001,0.001,18,3.1e-05,99.99483,325,clean_v2_without_tensorrt,/Users/hobongs/Desktop/HoBong_study/26-1/탄중/temp/jetson_nano_edgeai/my_results/clean_v2(without_tensorRT)/layer_runtime/yolov8n_onnxrt_cuda.csv
yolov8n,onnxrt_cuda,133,Mul:/model.18/cv1/act/Mul_kernel_time,onnxruntime,onnx_node,0.071767,0.019502,0.055,0.151,60,0.002235,99.77039,326,clean_v2_without_tensorrt,/Users/hobongs/Desktop/HoBong_study/26-1/탄중/temp/jetson_nano_edgeai/my_results/clean_v2(without_tensorRT)/layer_runtime/yolov8n_onnxrt_cuda.csv
yolov8n,onnxrt_cuda,79,Split:/model.18/Split_kernel_time,onnxruntime,onnx_node,0.270017,0.062403,0.195,0.569,60,0.00841,99.549686,327,clean_v2_without_tensorrt,/Users/hobongs/Desktop/HoBong_study/26-1/탄중/temp/jetson_nano_edgeai/my_results/clean_v2(without_tensorRT)/layer_runtime/yolov8n_onnxrt_cuda.csv
yolov8n,onnxrt_cuda,471,Conv:/model.18/m.0/cv1/conv/Conv_fence_before,onnxruntime,onnx_node,0.001,0.0,0.001,0.001,11,3.1e-05,99.994861,328,clean_v2_without_tensorrt,/Users/hobongs/Desktop/HoBong_study/26-1/탄중/temp/jetson_nano_edgeai/my_results/clean_v2(without_tensorRT)/layer_runtime/yolov8n_onnxrt_cuda.csv
yolov8n,onnxrt_cuda,18,Conv:/model.18/m.0/cv1/conv/Conv_kernel_time,onnxruntime,onnx_node,1.153833,6.581742,0.245,51.708,60,0.035939,98.107762,329,clean_v2_without_tensorrt,/Users/hobongs/Desktop/HoBong_study/26-1/탄중/temp/jetson_nano_edgeai/my_results/clean_v2(without_tensorRT)/layer_runtime/yolov8n_onnxrt_cuda.csv
yolov8n,onnxrt_cuda,472,Conv:/model.18/m.0/cv1/conv/Conv_fence_after,onnxruntime,onnx_node,0.001,0.0,0.001,0.001,2,3.1e-05,99.994892,330,clean_v2_without_tensorrt,/Users/hobongs/Desktop/HoBong_study/26-1/탄중/temp/jetson_nano_edgeai/my_results/clean_v2(without_tensorRT)/layer_runtime/yolov8n_onnxrt_cuda.csv
yolov8n,onnxrt_cuda,473,Sigmoid:/model.18/m.0/cv1/act/Sigmoid_fence_before,onnxruntime,onnx_node,0.001,0.0,0.001,0.001,15,3.1e-05,99.994923,331,clean_v2_without_tensorrt,/Users/hobongs/Desktop/HoBong_study/26-1/탄중/temp/jetson_nano_edgeai/my_results/clean_v2(without_tensorRT)/layer_runtime/yolov8n_onnxrt_cuda.csv
yolov8n,onnxrt_cuda,130,Sigmoid:/model.18/m.0/cv1/act/Sigmoid_kernel_time,onnxruntime,onnx_node,0.072217,0.019256,0.058,0.14,60,0.002249,99.763666,332,clean_v2_without_tensorrt,/Users/hobongs/Desktop/HoBong_study/26-1/탄중/temp/jetson_nano_edgeai/my_results/clean_v2(without_tensorRT)/layer_runtime/yolov8n_onnxrt_cuda.csv
yolov8n,onnxrt_cuda,474,Mul:/model.18/m.0/cv1/act/Mul_fence_before,onnxruntime,onnx_node,0.001,0.0,0.001,0.001,21,3.1e-05,99.994954,333,clean_v2_without_tensorrt,/Users/hobongs/Desktop/HoBong_study/26-1/탄중/temp/jetson_nano_edgeai/my_results/clean_v2(without_tensorRT)/layer_runtime/yolov8n_onnxrt_cuda.csv
yolov8n,onnxrt_cuda,113,Mul:/model.18/m.0/cv1/act/Mul_kernel_time,onnxruntime,onnx_node,0.075083,0.031458,0.056,0.281,60,0.002339,99.724911,334,clean_v2_without_tensorrt,/Users/hobongs/Desktop/HoBong_study/26-1/탄중/temp/jetson_nano_edgeai/my_results/clean_v2(without_tensorRT)/layer_runtime/yolov8n_onnxrt_cuda.csv
yolov8n,onnxrt_cuda,475,Conv:/model.18/m.0/cv2/conv/Conv_fence_before,onnxruntime,onnx_node,0.001,0.0,0.001,0.001,25,3.1e-05,99.994985,335,clean_v2_without_tensorrt,/Users/hobongs/Desktop/HoBong_study/26-1/탄중/temp/jetson_nano_edgeai/my_results/clean_v2(without_tensorRT)/layer_runtime/yolov8n_onnxrt_cuda.csv
yolov8n,onnxrt_cuda,15,Conv:/model.18/m.0/cv2/conv/Conv_kernel_time,onnxruntime,onnx_node,1.17055,6.651981,0.226,52.264,60,0.036459,97.999241,336,clean_v2_without_tensorrt,/Users/hobongs/Desktop/HoBong_study/26-1/탄중/temp/jetson_nano_edgeai/my_results/clean_v2(without_tensorRT)/layer_runtime/yolov8n_onnxrt_cuda.csv
yolov8n,onnxrt_cuda,257,Conv:/model.18/m.0/cv2/conv/Conv_fence_after,onnxruntime,onnx_node,0.0056,0.0092,0.001,0.024,5,0.000174,99.986367,337,clean_v2_without_tensorrt,/Users/hobongs/Desktop/HoBong_study/26-1/탄중/temp/jetson_nano_edgeai/my_results/clean_v2(without_tensorRT)/layer_runtime/yolov8n_onnxrt_cuda.csv
yolov8n,onnxrt_cuda,307,Sigmoid:/model.18/m.0/cv2/act/Sigmoid_fence_before,onnxruntime,onnx_node,0.001111,0.000314,0.001,0.002,9,3.5e-05,99.989698,338,clean_v2_without_tensorrt,/Users/hobongs/Desktop/HoBong_study/26-1/탄중/temp/jetson_nano_edgeai/my_results/clean_v2(without_tensorRT)/layer_runtime/yolov8n_onnxrt_cuda.csv
yolov8n,onnxrt_cuda,114,Sigmoid:/model.18/m.0/cv2/act/Sigmoid_kernel_time,onnxruntime,onnx_node,0.07455,0.022133,0.055,0.182,60,0.002322,99.727233,339,clean_v2_without_tensorrt,/Users/hobongs/Desktop/HoBong_study/26-1/탄중/temp/jetson_nano_edgeai/my_results/clean_v2(without_tensorRT)/layer_runtime/yolov8n_onnxrt_cuda.csv
yolov8n,onnxrt_cuda,476,Sigmoid:/model.18/m.0/cv2/act/Sigmoid_fence_after,onnxruntime,onnx_node,0.001,0.0,0.001,0.001,2,3.1e-05,99.995016,340,clean_v2_without_tensorrt,/Users/hobongs/Desktop/HoBong_study/26-1/탄중/temp/jetson_nano_edgeai/my_results/clean_v2(without_tensorRT)/layer_runtime/yolov8n_onnxrt_cuda.csv
yolov8n,onnxrt_cuda,321,Mul:/model.18/m.0/cv2/act/Mul_fence_before,onnxruntime,onnx_node,0.001056,0.000229,0.001,0.002,18,3.3e-05,99.990168,341,clean_v2_without_tensorrt,/Users/hobongs/Desktop/HoBong_study/26-1/탄중/temp/jetson_nano_edgeai/my_results/clean_v2(without_tensorRT)/layer_runtime/yolov8n_onnxrt_cuda.csv
yolov8n,onnxrt_cuda,167,Mul:/model.18/m.0/cv2/act/Mul_kernel_time,onnxruntime,onnx_node,0.066517,0.017013,0.054,0.146,60,0.002072,99.843306,342,clean_v2_without_tensorrt,/Users/hobongs/Desktop/HoBong_study/26-1/탄중/temp/jetson_nano_edgeai/my_results/clean_v2(without_tensorRT)/layer_runtime/yolov8n_onnxrt_cuda.csv
yolov8n,onnxrt_cuda,304,Concat:/model.18/Concat_fence_before,onnxruntime,onnx_node,0.001115,0.000423,0.001,0.003,26,3.5e-05,99.989594,343,clean_v2_without_tensorrt,/Users/hobongs/Desktop/HoBong_study/26-1/탄중/temp/jetson_nano_edgeai/my_results/clean_v2(without_tensorRT)/layer_runtime/yolov8n_onnxrt_cuda.csv
yolov8n,onnxrt_cuda,86,Concat:/model.18/Concat_kernel_time,onnxruntime,onnx_node,0.238317,0.047066,0.201,0.422,60,0.007423,99.604838,344,clean_v2_without_tensorrt,/Users/hobongs/Desktop/HoBong_study/26-1/탄중/temp/jetson_nano_edgeai/my_results/clean_v2(without_tensorRT)/layer_runtime/yolov8n_onnxrt_cuda.csv
yolov8n,onnxrt_cuda,477,Conv:/model.18/cv2/conv/Conv_fence_before,onnxruntime,onnx_node,0.001,0.0,0.001,0.001,5,3.1e-05,99.995048,345,clean_v2_without_tensorrt,/Users/hobongs/Desktop/HoBong_study/26-1/탄중/temp/jetson_nano_edgeai/my_results/clean_v2(without_tensorRT)/layer_runtime/yolov8n_onnxrt_cuda.csv
yolov8n,onnxrt_cuda,54,Conv:/model.18/cv2/conv/Conv_kernel_time,onnxruntime,onnx_node,0.772183,3.967634,0.19,31.246,60,0.024051,99.148692,346,clean_v2_without_tensorrt,/Users/hobongs/Desktop/HoBong_study/26-1/탄중/temp/jetson_nano_edgeai/my_results/clean_v2(without_tensorRT)/layer_runtime/yolov8n_onnxrt_cuda.csv
yolov8n,onnxrt_cuda,478,Conv:/model.18/cv2/conv/Conv_fence_after,onnxruntime,onnx_node,0.001,0.0,0.001,0.001,3,3.1e-05,99.995079,347,clean_v2_without_tensorrt,/Users/hobongs/Desktop/HoBong_study/26-1/탄중/temp/jetson_nano_edgeai/my_results/clean_v2(without_tensorRT)/layer_runtime/yolov8n_onnxrt_cuda.csv
yolov8n,onnxrt_cuda,308,Sigmoid:/model.18/cv2/act/Sigmoid_fence_before,onnxruntime,onnx_node,0.001103,0.000303,0.001,0.002,39,3.4e-05,99.989733,348,clean_v2_without_tensorrt,/Users/hobongs/Desktop/HoBong_study/26-1/탄중/temp/jetson_nano_edgeai/my_results/clean_v2(without_tensorRT)/layer_runtime/yolov8n_onnxrt_cuda.csv
yolov8n,onnxrt_cuda,118,Sigmoid:/model.18/cv2/act/Sigmoid_kernel_time,onnxruntime,onnx_node,0.073817,0.016903,0.057,0.123,60,0.002299,99.736471,349,clean_v2_without_tensorrt,/Users/hobongs/Desktop/HoBong_study/26-1/탄중/temp/jetson_nano_edgeai/my_results/clean_v2(without_tensorRT)/layer_runtime/yolov8n_onnxrt_cuda.csv
yolov8n,onnxrt_cuda,479,Sigmoid:/model.18/cv2/act/Sigmoid_fence_after,onnxruntime,onnx_node,0.001,0.0,0.001,0.001,1,3.1e-05,99.99511,350,clean_v2_without_tensorrt,/Users/hobongs/Desktop/HoBong_study/26-1/탄중/temp/jetson_nano_edgeai/my_results/clean_v2(without_tensorRT)/layer_runtime/yolov8n_onnxrt_cuda.csv
yolov8n,onnxrt_cuda,261,Mul:/model.18/cv2/act/Mul_fence_before,onnxruntime,onnx_node,0.0043,0.0099,0.001,0.034,10,0.000134,99.986961,351,clean_v2_without_tensorrt,/Users/hobongs/Desktop/HoBong_study/26-1/탄중/temp/jetson_nano_edgeai/my_results/clean_v2(without_tensorRT)/layer_runtime/yolov8n_onnxrt_cuda.csv
yolov8n,onnxrt_cuda,124,Mul:/model.18/cv2/act/Mul_kernel_time,onnxruntime,onnx_node,0.072983,0.018743,0.053,0.13,60,0.002273,99.750135,352,clean_v2_without_tensorrt,/Users/hobongs/Desktop/HoBong_study/26-1/탄중/temp/jetson_nano_edgeai/my_results/clean_v2(without_tensorRT)/layer_runtime/yolov8n_onnxrt_cuda.csv
yolov8n,onnxrt_cuda,322,Conv:/model.19/conv/Conv_fence_before,onnxruntime,onnx_node,0.001056,0.000229,0.001,0.002,18,3.3e-05,99.990201,353,clean_v2_without_tensorrt,/Users/hobongs/Desktop/HoBong_study/26-1/탄중/temp/jetson_nano_edgeai/my_results/clean_v2(without_tensorRT)/layer_runtime/yolov8n_onnxrt_cuda.csv
yolov8n,onnxrt_cuda,62,Conv:/model.19/conv/Conv_kernel_time,onnxruntime,onnx_node,0.710617,3.548715,0.202,27.962,60,0.022134,99.333972,354,clean_v2_without_tensorrt,/Users/hobongs/Desktop/HoBong_study/26-1/탄중/temp/jetson_nano_edgeai/my_results/clean_v2(without_tensorRT)/layer_runtime/yolov8n_onnxrt_cuda.csv
yolov8n,onnxrt_cuda,480,Conv:/model.19/conv/Conv_fence_after,onnxruntime,onnx_node,0.001,0.0,0.001,0.001,4,3.1e-05,99.995141,355,clean_v2_without_tensorrt,/Users/hobongs/Desktop/HoBong_study/26-1/탄중/temp/jetson_nano_edgeai/my_results/clean_v2(without_tensorRT)/layer_runtime/yolov8n_onnxrt_cuda.csv
yolov8n,onnxrt_cuda,328,Sigmoid:/model.19/act/Sigmoid_fence_before,onnxruntime,onnx_node,0.001043,0.000204,0.001,0.002,23,3.2e-05,99.990397,356,clean_v2_without_tensorrt,/Users/hobongs/Desktop/HoBong_study/26-1/탄중/temp/jetson_nano_edgeai/my_results/clean_v2(without_tensorRT)/layer_runtime/yolov8n_onnxrt_cuda.csv
yolov8n,onnxrt_cuda,154,Sigmoid:/model.19/act/Sigmoid_kernel_time,onnxruntime,onnx_node,0.067967,0.014343,0.056,0.114,60,0.002117,99.816125,357,clean_v2_without_tensorrt,/Users/hobongs/Desktop/HoBong_study/26-1/탄중/temp/jetson_nano_edgeai/my_results/clean_v2(without_tensorRT)/layer_runtime/yolov8n_onnxrt_cuda.csv
yolov8n,onnxrt_cuda,481,Sigmoid:/model.19/act/Sigmoid_fence_after,onnxruntime,onnx_node,0.001,0.0,0.001,0.001,1,3.1e-05,99.995172,358,clean_v2_without_tensorrt,/Users/hobongs/Desktop/HoBong_study/26-1/탄중/temp/jetson_nano_edgeai/my_results/clean_v2(without_tensorRT)/layer_runtime/yolov8n_onnxrt_cuda.csv
yolov8n,onnxrt_cuda,482,Mul:/model.19/act/Mul_fence_before,onnxruntime,onnx_node,0.001,0.0,0.001,0.001,15,3.1e-05,99.995203,359,clean_v2_without_tensorrt,/Users/hobongs/Desktop/HoBong_study/26-1/탄중/temp/jetson_nano_edgeai/my_results/clean_v2(without_tensorRT)/layer_runtime/yolov8n_onnxrt_cuda.csv
yolov8n,onnxrt_cuda,164,Mul:/model.19/act/Mul_kernel_time,onnxruntime,onnx_node,0.066783,0.01579,0.053,0.123,60,0.00208,99.837087,360,clean_v2_without_tensorrt,/Users/hobongs/Desktop/HoBong_study/26-1/탄중/temp/jetson_nano_edgeai/my_results/clean_v2(without_tensorRT)/layer_runtime/yolov8n_onnxrt_cuda.csv
yolov8n,onnxrt_cuda,483,Concat:/model.20/Concat_fence_before,onnxruntime,onnx_node,0.001,0.0,0.001,0.001,21,3.1e-05,99.995234,361,clean_v2_without_tensorrt,/Users/hobongs/Desktop/HoBong_study/26-1/탄중/temp/jetson_nano_edgeai/my_results/clean_v2(without_tensorRT)/layer_runtime/yolov8n_onnxrt_cuda.csv
yolov8n,onnxrt_cuda,78,Concat:/model.20/Concat_kernel_time,onnxruntime,onnx_node,0.27015,0.047134,0.199,0.352,60,0.008414,99.541275,362,clean_v2_without_tensorrt,/Users/hobongs/Desktop/HoBong_study/26-1/탄중/temp/jetson_nano_edgeai/my_results/clean_v2(without_tensorRT)/layer_runtime/yolov8n_onnxrt_cuda.csv
yolov8n,onnxrt_cuda,484,Conv:/model.21/cv1/conv/Conv_fence_before,onnxruntime,onnx_node,0.001,0.0,0.001,0.001,6,3.1e-05,99.995266,363,clean_v2_without_tensorrt,/Users/hobongs/Desktop/HoBong_study/26-1/탄중/temp/jetson_nano_edgeai/my_results/clean_v2(without_tensorRT)/layer_runtime/yolov8n_onnxrt_cuda.csv
yolov8n,onnxrt_cuda,53,Conv:/model.21/cv1/conv/Conv_kernel_time,onnxruntime,onnx_node,0.775683,4.150242,0.186,32.653,60,0.02416,99.124641,364,clean_v2_without_tensorrt,/Users/hobongs/Desktop/HoBong_study/26-1/탄중/temp/jetson_nano_edgeai/my_results/clean_v2(without_tensorRT)/layer_runtime/yolov8n_onnxrt_cuda.csv
yolov8n,onnxrt_cuda,485,Conv:/model.21/cv1/conv/Conv_fence_after,onnxruntime,onnx_node,0.001,0.0,0.001,0.001,3,3.1e-05,99.995297,365,clean_v2_without_tensorrt,/Users/hobongs/Desktop/HoBong_study/26-1/탄중/temp/jetson_nano_edgeai/my_results/clean_v2(without_tensorRT)/layer_runtime/yolov8n_onnxrt_cuda.csv
yolov8n,onnxrt_cuda,486,Sigmoid:/model.21/cv1/act/Sigmoid_fence_before,onnxruntime,onnx_node,0.001,0.0,0.001,0.001,20,3.1e-05,99.995328,366,clean_v2_without_tensorrt,/Users/hobongs/Desktop/HoBong_study/26-1/탄중/temp/jetson_nano_edgeai/my_results/clean_v2(without_tensorRT)/layer_runtime/yolov8n_onnxrt_cuda.csv
yolov8n,onnxrt_cuda,209,Sigmoid:/model.21/cv1/act/Sigmoid_kernel_time,onnxruntime,onnx_node,0.062333,0.010292,0.055,0.112,60,0.001941,99.927518,367,clean_v2_without_tensorrt,/Users/hobongs/Desktop/HoBong_study/26-1/탄중/temp/jetson_nano_edgeai/my_results/clean_v2(without_tensorRT)/layer_runtime/yolov8n_onnxrt_cuda.csv
yolov8n,onnxrt_cuda,487,Mul:/model.21/cv1/act/Mul_fence_before,onnxruntime,onnx_node,0.001,0.0,0.001,0.001,13,3.1e-05,99.995359,368,clean_v2_without_tensorrt,/Users/hobongs/Desktop/HoBong_study/26-1/탄중/temp/jetson_nano_edgeai/my_results/clean_v2(without_tensorRT)/layer_runtime/yolov8n_onnxrt_cuda.csv
yolov8n,onnxrt_cuda,207,Mul:/model.21/cv1/act/Mul_kernel_time,onnxruntime,onnx_node,0.062367,0.018883,0.054,0.189,60,0.001943,99.923635,369,clean_v2_without_tensorrt,/Users/hobongs/Desktop/HoBong_study/26-1/탄중/temp/jetson_nano_edgeai/my_results/clean_v2(without_tensorRT)/layer_runtime/yolov8n_onnxrt_cuda.csv
yolov8n,onnxrt_cuda,96,Split:/model.21/Split_kernel_time,onnxruntime,onnx_node,0.214317,0.027209,0.195,0.396,60,0.006675,99.67537,370,clean_v2_without_tensorrt,/Users/hobongs/Desktop/HoBong_study/26-1/탄중/temp/jetson_nano_edgeai/my_results/clean_v2(without_tensorRT)/layer_runtime/yolov8n_onnxrt_cuda.csv
yolov8n,onnxrt_cuda,488,Split:/model.21/Split_fence_after,onnxruntime,onnx_node,0.001,0.0,0.001,0.001,1,3.1e-05,99.99539,371,clean_v2_without_tensorrt,/Users/hobongs/Desktop/HoBong_study/26-1/탄중/temp/jetson_nano_edgeai/my_results/clean_v2(without_tensorRT)/layer_runtime/yolov8n_onnxrt_cuda.csv
yolov8n,onnxrt_cuda,489,Conv:/model.21/m.0/cv1/conv/Conv_fence_before,onnxruntime,onnx_node,0.001,0.0,0.001,0.001,4,3.1e-05,99.995421,372,clean_v2_without_tensorrt,/Users/hobongs/Desktop/HoBong_study/26-1/탄중/temp/jetson_nano_edgeai/my_results/clean_v2(without_tensorRT)/layer_runtime/yolov8n_onnxrt_cuda.csv
yolov8n,onnxrt_cuda,44,Conv:/model.21/m.0/cv1/conv/Conv_kernel_time,onnxruntime,onnx_node,0.839783,4.367494,0.236,34.386,60,0.026157,98.899355,373,clean_v2_without_tensorrt,/Users/hobongs/Desktop/HoBong_study/26-1/탄중/temp/jetson_nano_edgeai/my_results/clean_v2(without_tensorRT)/layer_runtime/yolov8n_onnxrt_cuda.csv
yolov8n,onnxrt_cuda,490,Conv:/model.21/m.0/cv1/conv/Conv_fence_after,onnxruntime,onnx_node,0.001,0.0,0.001,0.001,2,3.1e-05,99.995453,374,clean_v2_without_tensorrt,/Users/hobongs/Desktop/HoBong_study/26-1/탄중/temp/jetson_nano_edgeai/my_results/clean_v2(without_tensorRT)/layer_runtime/yolov8n_onnxrt_cuda.csv
yolov8n,onnxrt_cuda,326,Sigmoid:/model.21/m.0/cv1/act/Sigmoid_fence_before,onnxruntime,onnx_node,0.001048,0.000213,0.001,0.002,21,3.3e-05,99.990332,375,clean_v2_without_tensorrt,/Users/hobongs/Desktop/HoBong_study/26-1/탄중/temp/jetson_nano_edgeai/my_results/clean_v2(without_tensorRT)/layer_runtime/yolov8n_onnxrt_cuda.csv
yolov8n,onnxrt_cuda,136,Sigmoid:/model.21/m.0/cv1/act/Sigmoid_kernel_time,onnxruntime,onnx_node,0.071317,0.016699,0.057,0.143,60,0.002221,99.777069,376,clean_v2_without_tensorrt,/Users/hobongs/Desktop/HoBong_study/26-1/탄중/temp/jetson_nano_edgeai/my_results/clean_v2(without_tensorRT)/layer_runtime/yolov8n_onnxrt_cuda.csv
yolov8n,onnxrt_cuda,491,Mul:/model.21/m.0/cv1/act/Mul_fence_before,onnxruntime,onnx_node,0.001,0.0,0.001,0.001,2,3.1e-05,99.995484,377,clean_v2_without_tensorrt,/Users/hobongs/Desktop/HoBong_study/26-1/탄중/temp/jetson_nano_edgeai/my_results/clean_v2(without_tensorRT)/layer_runtime/yolov8n_onnxrt_cuda.csv
yolov8n,onnxrt_cuda,195,Mul:/model.21/m.0/cv1/act/Mul_kernel_time,onnxruntime,onnx_node,0.063817,0.012358,0.054,0.107,60,0.001988,99.900069,378,clean_v2_without_tensorrt,/Users/hobongs/Desktop/HoBong_study/26-1/탄중/temp/jetson_nano_edgeai/my_results/clean_v2(without_tensorRT)/layer_runtime/yolov8n_onnxrt_cuda.csv
yolov8n,onnxrt_cuda,492,Conv:/model.21/m.0/cv2/conv/Conv_fence_before,onnxruntime,onnx_node,0.001,0.0,0.001,0.001,13,3.1e-05,99.995515,379,clean_v2_without_tensorrt,/Users/hobongs/Desktop/HoBong_study/26-1/탄중/temp/jetson_nano_edgeai/my_results/clean_v2(without_tensorRT)/layer_runtime/yolov8n_onnxrt_cuda.csv
yolov8n,onnxrt_cuda,47,Conv:/model.21/m.0/cv2/conv/Conv_kernel_time,onnxruntime,onnx_node,0.821517,4.405354,0.222,34.659,60,0.025588,98.976906,380,clean_v2_without_tensorrt,/Users/hobongs/Desktop/HoBong_study/26-1/탄중/temp/jetson_nano_edgeai/my_results/clean_v2(without_tensorRT)/layer_runtime/yolov8n_onnxrt_cuda.csv
yolov8n,onnxrt_cuda,493,Conv:/model.21/m.0/cv2/conv/Conv_fence_after,onnxruntime,onnx_node,0.001,0.0,0.001,0.001,3,3.1e-05,99.995546,381,clean_v2_without_tensorrt,/Users/hobongs/Desktop/HoBong_study/26-1/탄중/temp/jetson_nano_edgeai/my_results/clean_v2(without_tensorRT)/layer_runtime/yolov8n_onnxrt_cuda.csv
yolov8n,onnxrt_cuda,494,Sigmoid:/model.21/m.0/cv2/act/Sigmoid_fence_before,onnxruntime,onnx_node,0.001,0.0,0.001,0.001,5,3.1e-05,99.995577,382,clean_v2_without_tensorrt,/Users/hobongs/Desktop/HoBong_study/26-1/탄중/temp/jetson_nano_edgeai/my_results/clean_v2(without_tensorRT)/layer_runtime/yolov8n_onnxrt_cuda.csv
yolov8n,onnxrt_cuda,183,Sigmoid:/model.21/m.0/cv2/act/Sigmoid_kernel_time,onnxruntime,onnx_node,0.064983,0.014011,0.055,0.138,60,0.002024,99.876012,383,clean_v2_without_tensorrt,/Users/hobongs/Desktop/HoBong_study/26-1/탄중/temp/jetson_nano_edgeai/my_results/clean_v2(without_tensorRT)/layer_runtime/yolov8n_onnxrt_cuda.csv
yolov8n,onnxrt_cuda,495,Sigmoid:/model.21/m.0/cv2/act/Sigmoid_fence_after,onnxruntime,onnx_node,0.001,0.0,0.001,0.001,2,3.1e-05,99.995608,384,clean_v2_without_tensorrt,/Users/hobongs/Desktop/HoBong_study/26-1/탄중/temp/jetson_nano_edgeai/my_results/clean_v2(without_tensorRT)/layer_runtime/yolov8n_onnxrt_cuda.csv
yolov8n,onnxrt_cuda,295,Mul:/model.21/m.0/cv2/act/Mul_fence_before,onnxruntime,onnx_node,0.001167,0.000373,0.001,0.002,6,3.6e-05,99.989278,385,clean_v2_without_tensorrt,/Users/hobongs/Desktop/HoBong_study/26-1/탄중/temp/jetson_nano_edgeai/my_results/clean_v2(without_tensorRT)/layer_runtime/yolov8n_onnxrt_cuda.csv
yolov8n,onnxrt_cuda,217,Mul:/model.21/m.0/cv2/act/Mul_kernel_time,onnxruntime,onnx_node,0.060417,0.01136,0.053,0.115,60,0.001882,99.94284,386,clean_v2_without_tensorrt,/Users/hobongs/Desktop/HoBong_study/26-1/탄중/temp/jetson_nano_edgeai/my_results/clean_v2(without_tensorRT)/layer_runtime/yolov8n_onnxrt_cuda.csv
yolov8n,onnxrt_cuda,496,Concat:/model.21/Concat_fence_before,onnxruntime,onnx_node,0.001,0.0,0.001,0.001,7,3.1e-05,99.995639,387,clean_v2_without_tensorrt,/Users/hobongs/Desktop/HoBong_study/26-1/탄중/temp/jetson_nano_edgeai/my_results/clean_v2(without_tensorRT)/layer_runtime/yolov8n_onnxrt_cuda.csv
yolov8n,onnxrt_cuda,83,Concat:/model.21/Concat_kernel_time,onnxruntime,onnx_node,0.256033,0.070558,0.202,0.702,60,0.007975,99.581989,388,clean_v2_without_tensorrt,/Users/hobongs/Desktop/HoBong_study/26-1/탄중/temp/jetson_nano_edgeai/my_results/clean_v2(without_tensorRT)/layer_runtime/yolov8n_onnxrt_cuda.csv
yolov8n,onnxrt_cuda,497,Concat:/model.21/Concat_fence_after,onnxruntime,onnx_node,0.001,0.0,0.001,0.001,4,3.1e-05,99.995671,389,clean_v2_without_tensorrt,/Users/hobongs/Desktop/HoBong_study/26-1/탄중/temp/jetson_nano_edgeai/my_results/clean_v2(without_tensorRT)/layer_runtime/yolov8n_onnxrt_cuda.csv
yolov8n,onnxrt_cuda,498,Conv:/model.21/cv2/conv/Conv_fence_before,onnxruntime,onnx_node,0.001,0.0,0.001,0.001,8,3.1e-05,99.995702,390,clean_v2_without_tensorrt,/Users/hobongs/Desktop/HoBong_study/26-1/탄중/temp/jetson_nano_edgeai/my_results/clean_v2(without_tensorRT)/layer_runtime/yolov8n_onnxrt_cuda.csv
yolov8n,onnxrt_cuda,50,Conv:/model.21/cv2/conv/Conv_kernel_time,onnxruntime,onnx_node,0.789467,4.201108,0.191,33.058,60,0.02459,99.051693,391,clean_v2_without_tensorrt,/Users/hobongs/Desktop/HoBong_study/26-1/탄중/temp/jetson_nano_edgeai/my_results/clean_v2(without_tensorRT)/layer_runtime/yolov8n_onnxrt_cuda.csv
yolov8n,onnxrt_cuda,499,Conv:/model.21/cv2/conv/Conv_fence_after,onnxruntime,onnx_node,0.001,0.0,0.001,0.001,2,3.1e-05,99.995733,392,clean_v2_without_tensorrt,/Users/hobongs/Desktop/HoBong_study/26-1/탄중/temp/jetson_nano_edgeai/my_results/clean_v2(without_tensorRT)/layer_runtime/yolov8n_onnxrt_cuda.csv
yolov8n,onnxrt_cuda,331,Sigmoid:/model.21/cv2/act/Sigmoid_fence_before,onnxruntime,onnx_node,0.001033,0.00018,0.001,0.002,30,3.2e-05,99.990493,393,clean_v2_without_tensorrt,/Users/hobongs/Desktop/HoBong_study/26-1/탄중/temp/jetson_nano_edgeai/my_results/clean_v2(without_tensorRT)/layer_runtime/yolov8n_onnxrt_cuda.csv
yolov8n,onnxrt_cuda,147,Sigmoid:/model.21/cv2/act/Sigmoid_kernel_time,onnxruntime,onnx_node,0.069533,0.012726,0.058,0.116,60,0.002166,99.801207,394,clean_v2_without_tensorrt,/Users/hobongs/Desktop/HoBong_study/26-1/탄중/temp/jetson_nano_edgeai/my_results/clean_v2(without_tensorRT)/layer_runtime/yolov8n_onnxrt_cuda.csv
yolov8n,onnxrt_cuda,189,Mul:/model.21/cv2/act/Mul_kernel_time,onnxruntime,onnx_node,0.0644,0.011031,0.053,0.1,60,0.002006,99.888093,395,clean_v2_without_tensorrt,/Users/hobongs/Desktop/HoBong_study/26-1/탄중/temp/jetson_nano_edgeai/my_results/clean_v2(without_tensorRT)/layer_runtime/yolov8n_onnxrt_cuda.csv
yolov8n,onnxrt_cuda,500,Conv:/model.22/cv3.2/cv3.2.0/conv/Conv_fence_before,onnxruntime,onnx_node,0.001,0.0,0.001,0.001,13,3.1e-05,99.995764,396,clean_v2_without_tensorrt,/Users/hobongs/Desktop/HoBong_study/26-1/탄중/temp/jetson_nano_edgeai/my_results/clean_v2(without_tensorRT)/layer_runtime/yolov8n_onnxrt_cuda.csv
yolov8n,onnxrt_cuda,31,Conv:/model.22/cv3.2/cv3.2.0/conv/Conv_kernel_time,onnxruntime,onnx_node,0.979667,5.467998,0.228,42.979,60,0.030514,98.536591,397,clean_v2_without_tensorrt,/Users/hobongs/Desktop/HoBong_study/26-1/탄중/temp/jetson_nano_edgeai/my_results/clean_v2(without_tensorRT)/layer_runtime/yolov8n_onnxrt_cuda.csv
yolov8n,onnxrt_cuda,276,Sigmoid:/model.22/cv3.2/cv3.2.0/act/Sigmoid_fence_before,onnxruntime,onnx_node,0.00208,0.005091,0.001,0.027,25,6.5e-05,99.988412,398,clean_v2_without_tensorrt,/Users/hobongs/Desktop/HoBong_study/26-1/탄중/temp/jetson_nano_edgeai/my_results/clean_v2(without_tensorRT)/layer_runtime/yolov8n_onnxrt_cuda.csv
yolov8n,onnxrt_cuda,166,Sigmoid:/model.22/cv3.2/cv3.2.0/act/Sigmoid_kernel_time,onnxruntime,onnx_node,0.06655,0.015061,0.058,0.152,60,0.002073,99.841234,399,clean_v2_without_tensorrt,/Users/hobongs/Desktop/HoBong_study/26-1/탄중/temp/jetson_nano_edgeai/my_results/clean_v2(without_tensorRT)/layer_runtime/yolov8n_onnxrt_cuda.csv
yolov8n,onnxrt_cuda,501,Sigmoid:/model.22/cv3.2/cv3.2.0/act/Sigmoid_fence_after,onnxruntime,onnx_node,0.001,0.0,0.001,0.001,1,3.1e-05,99.995795,400,clean_v2_without_tensorrt,/Users/hobongs/Desktop/HoBong_study/26-1/탄중/temp/jetson_nano_edgeai/my_results/clean_v2(without_tensorRT)/layer_runtime/yolov8n_onnxrt_cuda.csv
yolov8n,onnxrt_cuda,502,Mul:/model.22/cv3.2/cv3.2.0/act/Mul_fence_before,onnxruntime,onnx_node,0.001,0.0,0.001,0.001,2,3.1e-05,99.995826,401,clean_v2_without_tensorrt,/Users/hobongs/Desktop/HoBong_study/26-1/탄중/temp/jetson_nano_edgeai/my_results/clean_v2(without_tensorRT)/layer_runtime/yolov8n_onnxrt_cuda.csv
yolov8n,onnxrt_cuda,203,Mul:/model.22/cv3.2/cv3.2.0/act/Mul_kernel_time,onnxruntime,onnx_node,0.06265,0.012682,0.054,0.118,60,0.001951,99.915846,402,clean_v2_without_tensorrt,/Users/hobongs/Desktop/HoBong_study/26-1/탄중/temp/jetson_nano_edgeai/my_results/clean_v2(without_tensorRT)/layer_runtime/yolov8n_onnxrt_cuda.csv
yolov8n,onnxrt_cuda,266,Conv:/model.22/cv3.2/cv3.2.1/conv/Conv_fence_before,onnxruntime,onnx_node,0.003467,0.009229,0.001,0.038,15,0.000108,99.987546,403,clean_v2_without_tensorrt,/Users/hobongs/Desktop/HoBong_study/26-1/탄중/temp/jetson_nano_edgeai/my_results/clean_v2(without_tensorRT)/layer_runtime/yolov8n_onnxrt_cuda.csv
yolov8n,onnxrt_cuda,34,Conv:/model.22/cv3.2/cv3.2.1/conv/Conv_kernel_time,onnxruntime,onnx_node,0.92835,5.237371,0.216,41.157,60,0.028915,98.625838,404,clean_v2_without_tensorrt,/Users/hobongs/Desktop/HoBong_study/26-1/탄중/temp/jetson_nano_edgeai/my_results/clean_v2(without_tensorRT)/layer_runtime/yolov8n_onnxrt_cuda.csv
yolov8n,onnxrt_cuda,503,Conv:/model.22/cv3.2/cv3.2.1/conv/Conv_fence_after,onnxruntime,onnx_node,0.001,0.0,0.001,0.001,1,3.1e-05,99.995857,405,clean_v2_without_tensorrt,/Users/hobongs/Desktop/HoBong_study/26-1/탄중/temp/jetson_nano_edgeai/my_results/clean_v2(without_tensorRT)/layer_runtime/yolov8n_onnxrt_cuda.csv
yolov8n,onnxrt_cuda,504,Sigmoid:/model.22/cv3.2/cv3.2.1/act/Sigmoid_fence_before,onnxruntime,onnx_node,0.001,0.0,0.001,0.001,6,3.1e-05,99.995889,406,clean_v2_without_tensorrt,/Users/hobongs/Desktop/HoBong_study/26-1/탄중/temp/jetson_nano_edgeai/my_results/clean_v2(without_tensorRT)/layer_runtime/yolov8n_onnxrt_cuda.csv
yolov8n,onnxrt_cuda,190,Sigmoid:/model.22/cv3.2/cv3.2.1/act/Sigmoid_kernel_time,onnxruntime,onnx_node,0.064317,0.020405,0.054,0.208,60,0.002003,99.890096,407,clean_v2_without_tensorrt,/Users/hobongs/Desktop/HoBong_study/26-1/탄중/temp/jetson_nano_edgeai/my_results/clean_v2(without_tensorRT)/layer_runtime/yolov8n_onnxrt_cuda.csv
yolov8n,onnxrt_cuda,505,Mul:/model.22/cv3.2/cv3.2.1/act/Mul_fence_before,onnxruntime,onnx_node,0.001,0.0,0.001,0.001,6,3.1e-05,99.99592,408,clean_v2_without_tensorrt,/Users/hobongs/Desktop/HoBong_study/26-1/탄중/temp/jetson_nano_edgeai/my_results/clean_v2(without_tensorRT)/layer_runtime/yolov8n_onnxrt_cuda.csv
yolov8n,onnxrt_cuda,225,Mul:/model.22/cv3.2/cv3.2.1/act/Mul_kernel_time,onnxruntime,onnx_node,0.05915,0.013134,0.052,0.141,60,0.001842,99.95766,409,clean_v2_without_tensorrt,/Users/hobongs/Desktop/HoBong_study/26-1/탄중/temp/jetson_nano_edgeai/my_results/clean_v2(without_tensorRT)/layer_runtime/yolov8n_onnxrt_cuda.csv
yolov8n,onnxrt_cuda,67,Conv:/model.22/cv3.2/cv3.2.2/Conv_kernel_time,onnxruntime,onnx_node,0.55675,2.976376,0.155,23.418,60,0.017341,99.429069,410,clean_v2_without_tensorrt,/Users/hobongs/Desktop/HoBong_study/26-1/탄중/temp/jetson_nano_edgeai/my_results/clean_v2(without_tensorRT)/layer_runtime/yolov8n_onnxrt_cuda.csv
yolov8n,onnxrt_cuda,506,Conv:/model.22/cv3.2/cv3.2.2/Conv_fence_after,onnxruntime,onnx_node,0.001,0.0,0.001,0.001,2,3.1e-05,99.995951,411,clean_v2_without_tensorrt,/Users/hobongs/Desktop/HoBong_study/26-1/탄중/temp/jetson_nano_edgeai/my_results/clean_v2(without_tensorRT)/layer_runtime/yolov8n_onnxrt_cuda.csv
yolov8n,onnxrt_cuda,507,Conv:/model.22/cv2.2/cv2.2.0/conv/Conv_fence_before,onnxruntime,onnx_node,0.001,0.0,0.001,0.001,10,3.1e-05,99.995982,412,clean_v2_without_tensorrt,/Users/hobongs/Desktop/HoBong_study/26-1/탄중/temp/jetson_nano_edgeai/my_results/clean_v2(without_tensorRT)/layer_runtime/yolov8n_onnxrt_cuda.csv
yolov8n,onnxrt_cuda,40,Conv:/model.22/cv2.2/cv2.2.0/conv/Conv_kernel_time,onnxruntime,onnx_node,0.868083,4.885783,0.216,38.396,60,0.027038,98.793333,413,clean_v2_without_tensorrt,/Users/hobongs/Desktop/HoBong_study/26-1/탄중/temp/jetson_nano_edgeai/my_results/clean_v2(without_tensorRT)/layer_runtime/yolov8n_onnxrt_cuda.csv
yolov8n,onnxrt_cuda,284,Conv:/model.22/cv2.2/cv2.2.0/conv/Conv_fence_after,onnxruntime,onnx_node,0.0015,0.0005,0.001,0.002,2,4.7e-05,99.988847,414,clean_v2_without_tensorrt,/Users/hobongs/Desktop/HoBong_study/26-1/탄중/temp/jetson_nano_edgeai/my_results/clean_v2(without_tensorRT)/layer_runtime/yolov8n_onnxrt_cuda.csv
yolov8n,onnxrt_cuda,298,Sigmoid:/model.22/cv2.2/cv2.2.0/act/Sigmoid_fence_before,onnxruntime,onnx_node,0.001143,0.00035,0.001,0.002,7,3.6e-05,99.989385,415,clean_v2_without_tensorrt,/Users/hobongs/Desktop/HoBong_study/26-1/탄중/temp/jetson_nano_edgeai/my_results/clean_v2(without_tensorRT)/layer_runtime/yolov8n_onnxrt_cuda.csv
yolov8n,onnxrt_cuda,193,Sigmoid:/model.22/cv2.2/cv2.2.0/act/Sigmoid_kernel_time,onnxruntime,onnx_node,0.064033,0.014847,0.056,0.141,60,0.001994,99.896092,416,clean_v2_without_tensorrt,/Users/hobongs/Desktop/HoBong_study/26-1/탄중/temp/jetson_nano_edgeai/my_results/clean_v2(without_tensorRT)/layer_runtime/yolov8n_onnxrt_cuda.csv
yolov8n,onnxrt_cuda,282,Mul:/model.22/cv2.2/cv2.2.0/act/Mul_fence_before,onnxruntime,onnx_node,0.001667,0.000943,0.001,0.003,3,5.2e-05,99.988753,417,clean_v2_without_tensorrt,/Users/hobongs/Desktop/HoBong_study/26-1/탄중/temp/jetson_nano_edgeai/my_results/clean_v2(without_tensorRT)/layer_runtime/yolov8n_onnxrt_cuda.csv
yolov8n,onnxrt_cuda,199,Mul:/model.22/cv2.2/cv2.2.0/act/Mul_kernel_time,onnxruntime,onnx_node,0.063483,0.029422,0.054,0.281,60,0.001977,99.908001,418,clean_v2_without_tensorrt,/Users/hobongs/Desktop/HoBong_study/26-1/탄중/temp/jetson_nano_edgeai/my_results/clean_v2(without_tensorRT)/layer_runtime/yolov8n_onnxrt_cuda.csv
yolov8n,onnxrt_cuda,508,Conv:/model.22/cv2.2/cv2.2.1/conv/Conv_fence_before,onnxruntime,onnx_node,0.001,0.0,0.001,0.001,2,3.1e-05,99.996013,419,clean_v2_without_tensorrt,/Users/hobongs/Desktop/HoBong_study/26-1/탄중/temp/jetson_nano_edgeai/my_results/clean_v2(without_tensorRT)/layer_runtime/yolov8n_onnxrt_cuda.csv
yolov8n,onnxrt_cuda,49,Conv:/model.22/cv2.2/cv2.2.1/conv/Conv_kernel_time,onnxruntime,onnx_node,0.7904,4.256069,0.214,33.481,60,0.024619,99.027103,420,clean_v2_without_tensorrt,/Users/hobongs/Desktop/HoBong_study/26-1/탄중/temp/jetson_nano_edgeai/my_results/clean_v2(without_tensorRT)/layer_runtime/yolov8n_onnxrt_cuda.csv
yolov8n,onnxrt_cuda,509,Conv:/model.22/cv2.2/cv2.2.1/conv/Conv_fence_after,onnxruntime,onnx_node,0.001,0.0,0.001,0.001,2,3.1e-05,99.996044,421,clean_v2_without_tensorrt,/Users/hobongs/Desktop/HoBong_study/26-1/탄중/temp/jetson_nano_edgeai/my_results/clean_v2(without_tensorRT)/layer_runtime/yolov8n_onnxrt_cuda.csv
yolov8n,onnxrt_cuda,510,Sigmoid:/model.22/cv2.2/cv2.2.1/act/Sigmoid_fence_before,onnxruntime,onnx_node,0.001,0.0,0.001,0.001,9,3.1e-05,99.996075,422,clean_v2_without_tensorrt,/Users/hobongs/Desktop/HoBong_study/26-1/탄중/temp/jetson_nano_edgeai/my_results/clean_v2(without_tensorRT)/layer_runtime/yolov8n_onnxrt_cuda.csv
yolov8n,onnxrt_cuda,211,Sigmoid:/model.22/cv2.2/cv2.2.1/act/Sigmoid_kernel_time,onnxruntime,onnx_node,0.06185,0.012483,0.056,0.148,60,0.001926,99.931382,423,clean_v2_without_tensorrt,/Users/hobongs/Desktop/HoBong_study/26-1/탄중/temp/jetson_nano_edgeai/my_results/clean_v2(without_tensorRT)/layer_runtime/yolov8n_onnxrt_cuda.csv
yolov8n,onnxrt_cuda,215,Mul:/model.22/cv2.2/cv2.2.1/act/Mul_kernel_time,onnxruntime,onnx_node,0.0615,0.016796,0.053,0.136,60,0.001916,99.939071,424,clean_v2_without_tensorrt,/Users/hobongs/Desktop/HoBong_study/26-1/탄중/temp/jetson_nano_edgeai/my_results/clean_v2(without_tensorRT)/layer_runtime/yolov8n_onnxrt_cuda.csv
yolov8n,onnxrt_cuda,511,Conv:/model.22/cv2.2/cv2.2.2/Conv_fence_before,onnxruntime,onnx_node,0.001,0.0,0.001,0.001,10,3.1e-05,99.996107,425,clean_v2_without_tensorrt,/Users/hobongs/Desktop/HoBong_study/26-1/탄중/temp/jetson_nano_edgeai/my_results/clean_v2(without_tensorRT)/layer_runtime/yolov8n_onnxrt_cuda.csv
yolov8n,onnxrt_cuda,68,Conv:/model.22/cv2.2/cv2.2.2/Conv_kernel_time,onnxruntime,onnx_node,0.54595,2.948234,0.144,23.191,60,0.017005,99.446074,426,clean_v2_without_tensorrt,/Users/hobongs/Desktop/HoBong_study/26-1/탄중/temp/jetson_nano_edgeai/my_results/clean_v2(without_tensorRT)/layer_runtime/yolov8n_onnxrt_cuda.csv
yolov8n,onnxrt_cuda,512,Conv:/model.22/cv2.2/cv2.2.2/Conv_fence_after,onnxruntime,onnx_node,0.001,0.0,0.001,0.001,3,3.1e-05,99.996138,427,clean_v2_without_tensorrt,/Users/hobongs/Desktop/HoBong_study/26-1/탄중/temp/jetson_nano_edgeai/my_results/clean_v2(without_tensorRT)/layer_runtime/yolov8n_onnxrt_cuda.csv
yolov8n,onnxrt_cuda,513,Concat:/model.22/Concat_2_fence_before,onnxruntime,onnx_node,0.001,0.0,0.001,0.001,22,3.1e-05,99.996169,428,clean_v2_without_tensorrt,/Users/hobongs/Desktop/HoBong_study/26-1/탄중/temp/jetson_nano_edgeai/my_results/clean_v2(without_tensorRT)/layer_runtime/yolov8n_onnxrt_cuda.csv
yolov8n,onnxrt_cuda,82,Concat:/model.22/Concat_2_kernel_time,onnxruntime,onnx_node,0.259167,0.065762,0.206,0.555,60,0.008072,99.574014,429,clean_v2_without_tensorrt,/Users/hobongs/Desktop/HoBong_study/26-1/탄중/temp/jetson_nano_edgeai/my_results/clean_v2(without_tensorRT)/layer_runtime/yolov8n_onnxrt_cuda.csv
yolov8n,onnxrt_cuda,280,Reshape:/model.22/Reshape_2_fence_before,onnxruntime,onnx_node,0.00175,0.004474,0.001,0.036,60,5.5e-05,99.988648,430,clean_v2_without_tensorrt,/Users/hobongs/Desktop/HoBong_study/26-1/탄중/temp/jetson_nano_edgeai/my_results/clean_v2(without_tensorRT)/layer_runtime/yolov8n_onnxrt_cuda.csv
yolov8n,onnxrt_cuda,237,Reshape:/model.22/Reshape_2_kernel_time,onnxruntime,onnx_node,0.032567,0.013481,0.023,0.067,60,0.001014,99.976625,431,clean_v2_without_tensorrt,/Users/hobongs/Desktop/HoBong_study/26-1/탄중/temp/jetson_nano_edgeai/my_results/clean_v2(without_tensorRT)/layer_runtime/yolov8n_onnxrt_cuda.csv
yolov8n,onnxrt_cuda,514,Conv:/model.22/cv3.1/cv3.1.0/conv/Conv_fence_before,onnxruntime,onnx_node,0.001,0.0,0.001,0.001,18,3.1e-05,99.9962,432,clean_v2_without_tensorrt,/Users/hobongs/Desktop/HoBong_study/26-1/탄중/temp/jetson_nano_edgeai/my_results/clean_v2(without_tensorRT)/layer_runtime/yolov8n_onnxrt_cuda.csv
yolov8n,onnxrt_cuda,33,Conv:/model.22/cv3.1/cv3.1.0/conv/Conv_kernel_time,onnxruntime,onnx_node,0.96155,5.082725,0.227,40.001,60,0.029949,98.596923,433,clean_v2_without_tensorrt,/Users/hobongs/Desktop/HoBong_study/26-1/탄중/temp/jetson_nano_edgeai/my_results/clean_v2(without_tensorRT)/layer_runtime/yolov8n_onnxrt_cuda.csv
yolov8n,onnxrt_cuda,302,Conv:/model.22/cv3.1/cv3.1.0/conv/Conv_fence_after,onnxruntime,onnx_node,0.001125,0.000331,0.001,0.002,8,3.5e-05,99.989525,434,clean_v2_without_tensorrt,/Users/hobongs/Desktop/HoBong_study/26-1/탄중/temp/jetson_nano_edgeai/my_results/clean_v2(without_tensorRT)/layer_runtime/yolov8n_onnxrt_cuda.csv
yolov8n,onnxrt_cuda,265,Sigmoid:/model.22/cv3.1/cv3.1.0/act/Sigmoid_fence_before,onnxruntime,onnx_node,0.003667,0.007542,0.001,0.025,9,0.000114,99.987438,435,clean_v2_without_tensorrt,/Users/hobongs/Desktop/HoBong_study/26-1/탄중/temp/jetson_nano_edgeai/my_results/clean_v2(without_tensorRT)/layer_runtime/yolov8n_onnxrt_cuda.csv
yolov8n,onnxrt_cuda,115,Sigmoid:/model.22/cv3.1/cv3.1.0/act/Sigmoid_kernel_time,onnxruntime,onnx_node,0.074417,0.025993,0.057,0.212,60,0.002318,99.729551,436,clean_v2_without_tensorrt,/Users/hobongs/Desktop/HoBong_study/26-1/탄중/temp/jetson_nano_edgeai/my_results/clean_v2(without_tensorRT)/layer_runtime/yolov8n_onnxrt_cuda.csv
yolov8n,onnxrt_cuda,515,Sigmoid:/model.22/cv3.1/cv3.1.0/act/Sigmoid_fence_after,onnxruntime,onnx_node,0.001,0.0,0.001,0.001,2,3.1e-05,99.996231,437,clean_v2_without_tensorrt,/Users/hobongs/Desktop/HoBong_study/26-1/탄중/temp/jetson_nano_edgeai/my_results/clean_v2(without_tensorRT)/layer_runtime/yolov8n_onnxrt_cuda.csv
yolov8n,onnxrt_cuda,317,Mul:/model.22/cv3.1/cv3.1.0/act/Mul_fence_before,onnxruntime,onnx_node,0.001067,0.000249,0.001,0.002,15,3.3e-05,99.990036,438,clean_v2_without_tensorrt,/Users/hobongs/Desktop/HoBong_study/26-1/탄중/temp/jetson_nano_edgeai/my_results/clean_v2(without_tensorRT)/layer_runtime/yolov8n_onnxrt_cuda.csv
yolov8n,onnxrt_cuda,178,Mul:/model.22/cv3.1/cv3.1.0/act/Mul_kernel_time,onnxruntime,onnx_node,0.065367,0.01319,0.055,0.117,60,0.002036,99.865865,439,clean_v2_without_tensorrt,/Users/hobongs/Desktop/HoBong_study/26-1/탄중/temp/jetson_nano_edgeai/my_results/clean_v2(without_tensorRT)/layer_runtime/yolov8n_onnxrt_cuda.csv
yolov8n,onnxrt_cuda,244,Mul:/model.22/cv3.1/cv3.1.0/act/Mul_fence_after,onnxruntime,onnx_node,0.021,0.02,0.001,0.041,2,0.000654,99.981918,440,clean_v2_without_tensorrt,/Users/hobongs/Desktop/HoBong_study/26-1/탄중/temp/jetson_nano_edgeai/my_results/clean_v2(without_tensorRT)/layer_runtime/yolov8n_onnxrt_cuda.csv
yolov8n,onnxrt_cuda,516,Conv:/model.22/cv3.1/cv3.1.1/conv/Conv_fence_before,onnxruntime,onnx_node,0.001,0.0,0.001,0.001,3,3.1e-05,99.996262,441,clean_v2_without_tensorrt,/Users/hobongs/Desktop/HoBong_study/26-1/탄중/temp/jetson_nano_edgeai/my_results/clean_v2(without_tensorRT)/layer_runtime/yolov8n_onnxrt_cuda.csv
yolov8n,onnxrt_cuda,16,Conv:/model.22/cv3.1/cv3.1.1/conv/Conv_kernel_time,onnxruntime,onnx_node,1.169883,7.00638,0.214,54.986,60,0.036438,98.035679,442,clean_v2_without_tensorrt,/Users/hobongs/Desktop/HoBong_study/26-1/탄중/temp/jetson_nano_edgeai/my_results/clean_v2(without_tensorRT)/layer_runtime/yolov8n_onnxrt_cuda.csv
yolov8n,onnxrt_cuda,517,Conv:/model.22/cv3.1/cv3.1.1/conv/Conv_fence_after,onnxruntime,onnx_node,0.001,0.0,0.001,0.001,3,3.1e-05,99.996293,443,clean_v2_without_tensorrt,/Users/hobongs/Desktop/HoBong_study/26-1/탄중/temp/jetson_nano_edgeai/my_results/clean_v2(without_tensorRT)/layer_runtime/yolov8n_onnxrt_cuda.csv
yolov8n,onnxrt_cuda,254,Sigmoid:/model.22/cv3.1/cv3.1.1/act/Sigmoid_fence_before,onnxruntime,onnx_node,0.006833,0.012602,0.001,0.035,6,0.000213,99.985788,444,clean_v2_without_tensorrt,/Users/hobongs/Desktop/HoBong_study/26-1/탄중/temp/jetson_nano_edgeai/my_results/clean_v2(without_tensorRT)/layer_runtime/yolov8n_onnxrt_cuda.csv
yolov8n,onnxrt_cuda,132,Sigmoid:/model.22/cv3.1/cv3.1.1/act/Sigmoid_kernel_time,onnxruntime,onnx_node,0.0719,0.017574,0.057,0.137,60,0.002239,99.768154,445,clean_v2_without_tensorrt,/Users/hobongs/Desktop/HoBong_study/26-1/탄중/temp/jetson_nano_edgeai/my_results/clean_v2(without_tensorRT)/layer_runtime/yolov8n_onnxrt_cuda.csv
yolov8n,onnxrt_cuda,518,Sigmoid:/model.22/cv3.1/cv3.1.1/act/Sigmoid_fence_after,onnxruntime,onnx_node,0.001,0.0,0.001,0.001,3,3.1e-05,99.996325,446,clean_v2_without_tensorrt,/Users/hobongs/Desktop/HoBong_study/26-1/탄중/temp/jetson_nano_edgeai/my_results/clean_v2(without_tensorRT)/layer_runtime/yolov8n_onnxrt_cuda.csv
yolov8n,onnxrt_cuda,519,Mul:/model.22/cv3.1/cv3.1.1/act/Mul_fence_before,onnxruntime,onnx_node,0.001,0.0,0.001,0.001,6,3.1e-05,99.996356,447,clean_v2_without_tensorrt,/Users/hobongs/Desktop/HoBong_study/26-1/탄중/temp/jetson_nano_edgeai/my_results/clean_v2(without_tensorRT)/layer_runtime/yolov8n_onnxrt_cuda.csv
yolov8n,onnxrt_cuda,134,Mul:/model.22/cv3.1/cv3.1.1/act/Mul_kernel_time,onnxruntime,onnx_node,0.071767,0.019288,0.054,0.137,60,0.002235,99.772625,448,clean_v2_without_tensorrt,/Users/hobongs/Desktop/HoBong_study/26-1/탄중/temp/jetson_nano_edgeai/my_results/clean_v2(without_tensorRT)/layer_runtime/yolov8n_onnxrt_cuda.csv
yolov8n,onnxrt_cuda,64,Conv:/model.22/cv3.1/cv3.1.2/Conv_kernel_time,onnxruntime,onnx_node,0.630217,3.270272,0.154,25.748,60,0.019629,99.37405,449,clean_v2_without_tensorrt,/Users/hobongs/Desktop/HoBong_study/26-1/탄중/temp/jetson_nano_edgeai/my_results/clean_v2(without_tensorRT)/layer_runtime/yolov8n_onnxrt_cuda.csv
yolov8n,onnxrt_cuda,520,Conv:/model.22/cv3.1/cv3.1.2/Conv_fence_after,onnxruntime,onnx_node,0.001,0.0,0.001,0.001,2,3.1e-05,99.996387,450,clean_v2_without_tensorrt,/Users/hobongs/Desktop/HoBong_study/26-1/탄중/temp/jetson_nano_edgeai/my_results/clean_v2(without_tensorRT)/layer_runtime/yolov8n_onnxrt_cuda.csv
yolov8n,onnxrt_cuda,521,Conv:/model.22/cv2.1/cv2.1.0/conv/Conv_fence_before,onnxruntime,onnx_node,0.001,0.0,0.001,0.001,13,3.1e-05,99.996418,451,clean_v2_without_tensorrt,/Users/hobongs/Desktop/HoBong_study/26-1/탄중/temp/jetson_nano_edgeai/my_results/clean_v2(without_tensorRT)/layer_runtime/yolov8n_onnxrt_cuda.csv
yolov8n,onnxrt_cuda,37,Conv:/model.22/cv2.1/cv2.1.0/conv/Conv_kernel_time,onnxruntime,onnx_node,0.90405,4.866161,0.207,38.28,60,0.028159,98.71092,452,clean_v2_without_tensorrt,/Users/hobongs/Desktop/HoBong_study/26-1/탄중/temp/jetson_nano_edgeai/my_results/clean_v2(without_tensorRT)/layer_runtime/yolov8n_onnxrt_cuda.csv
yolov8n,onnxrt_cuda,522,Conv:/model.22/cv2.1/cv2.1.0/conv/Conv_fence_after,onnxruntime,onnx_node,0.001,0.0,0.001,0.001,4,3.1e-05,99.996449,453,clean_v2_without_tensorrt,/Users/hobongs/Desktop/HoBong_study/26-1/탄중/temp/jetson_nano_edgeai/my_results/clean_v2(without_tensorRT)/layer_runtime/yolov8n_onnxrt_cuda.csv
yolov8n,onnxrt_cuda,309,Sigmoid:/model.22/cv2.1/cv2.1.0/act/Sigmoid_fence_before,onnxruntime,onnx_node,0.0011,0.0003,0.001,0.002,10,3.4e-05,99.989767,454,clean_v2_without_tensorrt,/Users/hobongs/Desktop/HoBong_study/26-1/탄중/temp/jetson_nano_edgeai/my_results/clean_v2(without_tensorRT)/layer_runtime/yolov8n_onnxrt_cuda.csv
yolov8n,onnxrt_cuda,177,Sigmoid:/model.22/cv2.1/cv2.1.0/act/Sigmoid_kernel_time,onnxruntime,onnx_node,0.06545,0.015846,0.055,0.147,60,0.002039,99.863829,455,clean_v2_without_tensorrt,/Users/hobongs/Desktop/HoBong_study/26-1/탄중/temp/jetson_nano_edgeai/my_results/clean_v2(without_tensorRT)/layer_runtime/yolov8n_onnxrt_cuda.csv
yolov8n,onnxrt_cuda,523,Mul:/model.22/cv2.1/cv2.1.0/act/Mul_fence_before,onnxruntime,onnx_node,0.001,0.0,0.001,0.001,6,3.1e-05,99.99648,456,clean_v2_without_tensorrt,/Users/hobongs/Desktop/HoBong_study/26-1/탄중/temp/jetson_nano_edgeai/my_results/clean_v2(without_tensorRT)/layer_runtime/yolov8n_onnxrt_cuda.csv
yolov8n,onnxrt_cuda,127,Mul:/model.22/cv2.1/cv2.1.0/act/Mul_kernel_time,onnxruntime,onnx_node,0.072383,0.034883,0.054,0.293,60,0.002255,99.756912,457,clean_v2_without_tensorrt,/Users/hobongs/Desktop/HoBong_study/26-1/탄중/temp/jetson_nano_edgeai/my_results/clean_v2(without_tensorRT)/layer_runtime/yolov8n_onnxrt_cuda.csv
yolov8n,onnxrt_cuda,524,Conv:/model.22/cv2.1/cv2.1.1/conv/Conv_fence_before,onnxruntime,onnx_node,0.001,0.0,0.001,0.001,2,3.1e-05,99.996512,458,clean_v2_without_tensorrt,/Users/hobongs/Desktop/HoBong_study/26-1/탄중/temp/jetson_nano_edgeai/my_results/clean_v2(without_tensorRT)/layer_runtime/yolov8n_onnxrt_cuda.csv
yolov8n,onnxrt_cuda,21,Conv:/model.22/cv2.1/cv2.1.1/conv/Conv_kernel_time,onnxruntime,onnx_node,1.102517,6.385508,0.215,50.148,60,0.03434,98.211875,459,clean_v2_without_tensorrt,/Users/hobongs/Desktop/HoBong_study/26-1/탄중/temp/jetson_nano_edgeai/my_results/clean_v2(without_tensorRT)/layer_runtime/yolov8n_onnxrt_cuda.csv
yolov8n,onnxrt_cuda,278,Sigmoid:/model.22/cv2.1/cv2.1.1/act/Sigmoid_fence_before,onnxruntime,onnx_node,0.002,0.003912,0.001,0.019,20,6.2e-05,99.988537,460,clean_v2_without_tensorrt,/Users/hobongs/Desktop/HoBong_study/26-1/탄중/temp/jetson_nano_edgeai/my_results/clean_v2(without_tensorRT)/layer_runtime/yolov8n_onnxrt_cuda.csv
yolov8n,onnxrt_cuda,104,Sigmoid:/model.22/cv2.1/cv2.1.1/act/Sigmoid_kernel_time,onnxruntime,onnx_node,0.07915,0.025655,0.056,0.141,60,0.002465,99.703395,461,clean_v2_without_tensorrt,/Users/hobongs/Desktop/HoBong_study/26-1/탄중/temp/jetson_nano_edgeai/my_results/clean_v2(without_tensorRT)/layer_runtime/yolov8n_onnxrt_cuda.csv
yolov8n,onnxrt_cuda,525,Mul:/model.22/cv2.1/cv2.1.1/act/Mul_fence_before,onnxruntime,onnx_node,0.001,0.0,0.001,0.001,10,3.1e-05,99.996543,462,clean_v2_without_tensorrt,/Users/hobongs/Desktop/HoBong_study/26-1/탄중/temp/jetson_nano_edgeai/my_results/clean_v2(without_tensorRT)/layer_runtime/yolov8n_onnxrt_cuda.csv
yolov8n,onnxrt_cuda,125,Mul:/model.22/cv2.1/cv2.1.1/act/Mul_kernel_time,onnxruntime,onnx_node,0.072733,0.030808,0.053,0.242,60,0.002265,99.752401,463,clean_v2_without_tensorrt,/Users/hobongs/Desktop/HoBong_study/26-1/탄중/temp/jetson_nano_edgeai/my_results/clean_v2(without_tensorRT)/layer_runtime/yolov8n_onnxrt_cuda.csv
yolov8n,onnxrt_cuda,285,Mul:/model.22/cv2.1/cv2.1.1/act/Mul_fence_after,onnxruntime,onnx_node,0.0015,0.0005,0.001,0.002,2,4.7e-05,99.988893,464,clean_v2_without_tensorrt,/Users/hobongs/Desktop/HoBong_study/26-1/탄중/temp/jetson_nano_edgeai/my_results/clean_v2(without_tensorRT)/layer_runtime/yolov8n_onnxrt_cuda.csv
yolov8n,onnxrt_cuda,526,Conv:/model.22/cv2.1/cv2.1.2/Conv_fence_before,onnxruntime,onnx_node,0.001,0.0,0.001,0.001,4,3.1e-05,99.996574,465,clean_v2_without_tensorrt,/Users/hobongs/Desktop/HoBong_study/26-1/탄중/temp/jetson_nano_edgeai/my_results/clean_v2(without_tensorRT)/layer_runtime/yolov8n_onnxrt_cuda.csv
yolov8n,onnxrt_cuda,66,Conv:/model.22/cv2.1/cv2.1.2/Conv_kernel_time,onnxruntime,onnx_node,0.591217,3.113466,0.148,24.504,60,0.018415,99.411728,466,clean_v2_without_tensorrt,/Users/hobongs/Desktop/HoBong_study/26-1/탄중/temp/jetson_nano_edgeai/my_results/clean_v2(without_tensorRT)/layer_runtime/yolov8n_onnxrt_cuda.csv
yolov8n,onnxrt_cuda,527,Conv:/model.22/cv2.1/cv2.1.2/Conv_fence_after,onnxruntime,onnx_node,0.001,0.0,0.001,0.001,1,3.1e-05,99.996605,467,clean_v2_without_tensorrt,/Users/hobongs/Desktop/HoBong_study/26-1/탄중/temp/jetson_nano_edgeai/my_results/clean_v2(without_tensorRT)/layer_runtime/yolov8n_onnxrt_cuda.csv
yolov8n,onnxrt_cuda,528,Concat:/model.22/Concat_1_fence_before,onnxruntime,onnx_node,0.001,0.0,0.001,0.001,11,3.1e-05,99.996636,468,clean_v2_without_tensorrt,/Users/hobongs/Desktop/HoBong_study/26-1/탄중/temp/jetson_nano_edgeai/my_results/clean_v2(without_tensorRT)/layer_runtime/yolov8n_onnxrt_cuda.csv
yolov8n,onnxrt_cuda,75,Concat:/model.22/Concat_1_kernel_time,onnxruntime,onnx_node,0.276883,0.067508,0.207,0.571,60,0.008624,99.515795,469,clean_v2_without_tensorrt,/Users/hobongs/Desktop/HoBong_study/26-1/탄중/temp/jetson_nano_edgeai/my_results/clean_v2(without_tensorRT)/layer_runtime/yolov8n_onnxrt_cuda.csv
yolov8n,onnxrt_cuda,263,Reshape:/model.22/Reshape_1_fence_before,onnxruntime,onnx_node,0.004,0.008062,0.001,0.029,16,0.000125,99.98721,470,clean_v2_without_tensorrt,/Users/hobongs/Desktop/HoBong_study/26-1/탄중/temp/jetson_nano_edgeai/my_results/clean_v2(without_tensorRT)/layer_runtime/yolov8n_onnxrt_cuda.csv
yolov8n,onnxrt_cuda,236,Reshape:/model.22/Reshape_1_kernel_time,onnxruntime,onnx_node,0.033683,0.017342,0.021,0.115,60,0.001049,99.97561,471,clean_v2_without_tensorrt,/Users/hobongs/Desktop/HoBong_study/26-1/탄중/temp/jetson_nano_edgeai/my_results/clean_v2(without_tensorRT)/layer_runtime/yolov8n_onnxrt_cuda.csv
yolov8n,onnxrt_cuda,529,Conv:/model.22/cv3.0/cv3.0.0/conv/Conv_fence_before,onnxruntime,onnx_node,0.001,0.0,0.001,0.001,20,3.1e-05,99.996667,472,clean_v2_without_tensorrt,/Users/hobongs/Desktop/HoBong_study/26-1/탄중/temp/jetson_nano_edgeai/my_results/clean_v2(without_tensorRT)/layer_runtime/yolov8n_onnxrt_cuda.csv
yolov8n,onnxrt_cuda,9,Conv:/model.22/cv3.0/cv3.0.0/conv/Conv_kernel_time,onnxruntime,onnx_node,1.74465,11.146847,0.222,87.364,60,0.054341,97.752563,473,clean_v2_without_tensorrt,/Users/hobongs/Desktop/HoBong_study/26-1/탄중/temp/jetson_nano_edgeai/my_results/clean_v2(without_tensorRT)/layer_runtime/yolov8n_onnxrt_cuda.csv
yolov8n,onnxrt_cuda,530,Sigmoid:/model.22/cv3.0/cv3.0.0/act/Sigmoid_fence_before,onnxruntime,onnx_node,0.001,0.0,0.001,0.001,3,3.1e-05,99.996698,474,clean_v2_without_tensorrt,/Users/hobongs/Desktop/HoBong_study/26-1/탄중/temp/jetson_nano_edgeai/my_results/clean_v2(without_tensorRT)/layer_runtime/yolov8n_onnxrt_cuda.csv
yolov8n,onnxrt_cuda,126,Sigmoid:/model.22/cv3.0/cv3.0.0/act/Sigmoid_kernel_time,onnxruntime,onnx_node,0.07245,0.026387,0.056,0.212,60,0.002257,99.754657,475,clean_v2_without_tensorrt,/Users/hobongs/Desktop/HoBong_study/26-1/탄중/temp/jetson_nano_edgeai/my_results/clean_v2(without_tensorRT)/layer_runtime/yolov8n_onnxrt_cuda.csv
yolov8n,onnxrt_cuda,252,Sigmoid:/model.22/cv3.0/cv3.0.0/act/Sigmoid_fence_after,onnxruntime,onnx_node,0.007667,0.009428,0.001,0.021,3,0.000239,99.985357,476,clean_v2_without_tensorrt,/Users/hobongs/Desktop/HoBong_study/26-1/탄중/temp/jetson_nano_edgeai/my_results/clean_v2(without_tensorRT)/layer_runtime/yolov8n_onnxrt_cuda.csv
yolov8n,onnxrt_cuda,325,Mul:/model.22/cv3.0/cv3.0.0/act/Mul_fence_before,onnxruntime,onnx_node,0.00105,0.000218,0.001,0.002,20,3.3e-05,99.990299,477,clean_v2_without_tensorrt,/Users/hobongs/Desktop/HoBong_study/26-1/탄중/temp/jetson_nano_edgeai/my_results/clean_v2(without_tensorRT)/layer_runtime/yolov8n_onnxrt_cuda.csv
yolov8n,onnxrt_cuda,135,Mul:/model.22/cv3.0/cv3.0.0/act/Mul_kernel_time,onnxruntime,onnx_node,0.071367,0.025084,0.055,0.152,60,0.002223,99.774848,478,clean_v2_without_tensorrt,/Users/hobongs/Desktop/HoBong_study/26-1/탄중/temp/jetson_nano_edgeai/my_results/clean_v2(without_tensorRT)/layer_runtime/yolov8n_onnxrt_cuda.csv
yolov8n,onnxrt_cuda,531,Conv:/model.22/cv3.0/cv3.0.1/conv/Conv_fence_before,onnxruntime,onnx_node,0.001,0.0,0.001,0.001,2,3.1e-05,99.99673,479,clean_v2_without_tensorrt,/Users/hobongs/Desktop/HoBong_study/26-1/탄중/temp/jetson_nano_edgeai/my_results/clean_v2(without_tensorRT)/layer_runtime/yolov8n_onnxrt_cuda.csv
yolov8n,onnxrt_cuda,8,Conv:/model.22/cv3.0/cv3.0.1/conv/Conv_kernel_time,onnxruntime,onnx_node,1.992133,13.066272,0.216,102.355,60,0.062049,97.698222,480,clean_v2_without_tensorrt,/Users/hobongs/Desktop/HoBong_study/26-1/탄중/temp/jetson_nano_edgeai/my_results/clean_v2(without_tensorRT)/layer_runtime/yolov8n_onnxrt_cuda.csv
yolov8n,onnxrt_cuda,532,Conv:/model.22/cv3.0/cv3.0.1/conv/Conv_fence_after,onnxruntime,onnx_node,0.001,0.0,0.001,0.001,1,3.1e-05,99.996761,481,clean_v2_without_tensorrt,/Users/hobongs/Desktop/HoBong_study/26-1/탄중/temp/jetson_nano_edgeai/my_results/clean_v2(without_tensorRT)/layer_runtime/yolov8n_onnxrt_cuda.csv
yolov8n,onnxrt_cuda,533,Sigmoid:/model.22/cv3.0/cv3.0.1/act/Sigmoid_fence_before,onnxruntime,onnx_node,0.001,0.0,0.001,0.001,14,3.1e-05,99.996792,482,clean_v2_without_tensorrt,/Users/hobongs/Desktop/HoBong_study/26-1/탄중/temp/jetson_nano_edgeai/my_results/clean_v2(without_tensorRT)/layer_runtime/yolov8n_onnxrt_cuda.csv
yolov8n,onnxrt_cuda,150,Sigmoid:/model.22/cv3.0/cv3.0.1/act/Sigmoid_kernel_time,onnxruntime,onnx_node,0.068767,0.019168,0.057,0.139,60,0.002142,99.807644,483,clean_v2_without_tensorrt,/Users/hobongs/Desktop/HoBong_study/26-1/탄중/temp/jetson_nano_edgeai/my_results/clean_v2(without_tensorRT)/layer_runtime/yolov8n_onnxrt_cuda.csv
yolov8n,onnxrt_cuda,534,Mul:/model.22/cv3.0/cv3.0.1/act/Mul_fence_before,onnxruntime,onnx_node,0.001,0.0,0.001,0.001,6,3.1e-05,99.996823,484,clean_v2_without_tensorrt,/Users/hobongs/Desktop/HoBong_study/26-1/탄중/temp/jetson_nano_edgeai/my_results/clean_v2(without_tensorRT)/layer_runtime/yolov8n_onnxrt_cuda.csv
yolov8n,onnxrt_cuda,171,Mul:/model.22/cv3.0/cv3.0.1/act/Mul_kernel_time,onnxruntime,onnx_node,0.066183,0.018186,0.053,0.116,60,0.002061,99.851564,485,clean_v2_without_tensorrt,/Users/hobongs/Desktop/HoBong_study/26-1/탄중/temp/jetson_nano_edgeai/my_results/clean_v2(without_tensorRT)/layer_runtime/yolov8n_onnxrt_cuda.csv
yolov8n,onnxrt_cuda,535,Conv:/model.22/cv3.0/cv3.0.2/Conv_fence_before,onnxruntime,onnx_node,0.001,0.0,0.001,0.001,3,3.1e-05,99.996854,486,clean_v2_without_tensorrt,/Users/hobongs/Desktop/HoBong_study/26-1/탄중/temp/jetson_nano_edgeai/my_results/clean_v2(without_tensorRT)/layer_runtime/yolov8n_onnxrt_cuda.csv
yolov8n,onnxrt_cuda,38,Conv:/model.22/cv3.0/cv3.0.2/Conv_kernel_time,onnxruntime,onnx_node,0.897683,4.107554,0.273,32.445,60,0.02796,98.73888,487,clean_v2_without_tensorrt,/Users/hobongs/Desktop/HoBong_study/26-1/탄중/temp/jetson_nano_edgeai/my_results/clean_v2(without_tensorRT)/layer_runtime/yolov8n_onnxrt_cuda.csv
yolov8n,onnxrt_cuda,259,Conv:/model.22/cv3.0/cv3.0.2/Conv_fence_after,onnxruntime,onnx_node,0.00475,0.009922,0.001,0.031,8,0.000148,99.986682,488,clean_v2_without_tensorrt,/Users/hobongs/Desktop/HoBong_study/26-1/탄중/temp/jetson_nano_edgeai/my_results/clean_v2(without_tensorRT)/layer_runtime/yolov8n_onnxrt_cuda.csv
yolov8n,onnxrt_cuda,536,Conv:/model.22/cv2.0/cv2.0.0/conv/Conv_fence_before,onnxruntime,onnx_node,0.001,0.0,0.001,0.001,7,3.1e-05,99.996885,489,clean_v2_without_tensorrt,/Users/hobongs/Desktop/HoBong_study/26-1/탄중/temp/jetson_nano_edgeai/my_results/clean_v2(without_tensorRT)/layer_runtime/yolov8n_onnxrt_cuda.csv
yolov8n,onnxrt_cuda,10,Conv:/model.22/cv2.0/cv2.0.0/conv/Conv_kernel_time,onnxruntime,onnx_node,1.546767,9.794667,0.224,76.78,60,0.048177,97.80074,490,clean_v2_without_tensorrt,/Users/hobongs/Desktop/HoBong_study/26-1/탄중/temp/jetson_nano_edgeai/my_results/clean_v2(without_tensorRT)/layer_runtime/yolov8n_onnxrt_cuda.csv
yolov8n,onnxrt_cuda,537,Conv:/model.22/cv2.0/cv2.0.0/conv/Conv_fence_after,onnxruntime,onnx_node,0.001,0.0,0.001,0.001,3,3.1e-05,99.996916,491,clean_v2_without_tensorrt,/Users/hobongs/Desktop/HoBong_study/26-1/탄중/temp/jetson_nano_edgeai/my_results/clean_v2(without_tensorRT)/layer_runtime/yolov8n_onnxrt_cuda.csv
yolov8n,onnxrt_cuda,310,Sigmoid:/model.22/cv2.0/cv2.0.0/act/Sigmoid_fence_before,onnxruntime,onnx_node,0.0011,0.0003,0.001,0.002,10,3.4e-05,99.989801,492,clean_v2_without_tensorrt,/Users/hobongs/Desktop/HoBong_study/26-1/탄중/temp/jetson_nano_edgeai/my_results/clean_v2(without_tensorRT)/layer_runtime/yolov8n_onnxrt_cuda.csv
yolov8n,onnxrt_cuda,159,Sigmoid:/model.22/cv2.0/cv2.0.0/act/Sigmoid_kernel_time,onnxruntime,onnx_node,0.06735,0.015296,0.057,0.138,60,0.002098,99.826639,493,clean_v2_without_tensorrt,/Users/hobongs/Desktop/HoBong_study/26-1/탄중/temp/jetson_nano_edgeai/my_results/clean_v2(without_tensorRT)/layer_runtime/yolov8n_onnxrt_cuda.csv
yolov8n,onnxrt_cuda,188,Mul:/model.22/cv2.0/cv2.0.0/act/Mul_kernel_time,onnxruntime,onnx_node,0.064467,0.012051,0.055,0.111,60,0.002008,99.886087,494,clean_v2_without_tensorrt,/Users/hobongs/Desktop/HoBong_study/26-1/탄중/temp/jetson_nano_edgeai/my_results/clean_v2(without_tensorRT)/layer_runtime/yolov8n_onnxrt_cuda.csv
yolov8n,onnxrt_cuda,538,Mul:/model.22/cv2.0/cv2.0.0/act/Mul_fence_after,onnxruntime,onnx_node,0.001,0.0,0.001,0.001,1,3.1e-05,99.996948,495,clean_v2_without_tensorrt,/Users/hobongs/Desktop/HoBong_study/26-1/탄중/temp/jetson_nano_edgeai/my_results/clean_v2(without_tensorRT)/layer_runtime/yolov8n_onnxrt_cuda.csv
yolov8n,onnxrt_cuda,539,Conv:/model.22/cv2.0/cv2.0.1/conv/Conv_fence_before,onnxruntime,onnx_node,0.001,0.0,0.001,0.001,12,3.1e-05,99.996979,496,clean_v2_without_tensorrt,/Users/hobongs/Desktop/HoBong_study/26-1/탄중/temp/jetson_nano_edgeai/my_results/clean_v2(without_tensorRT)/layer_runtime/yolov8n_onnxrt_cuda.csv
yolov8n,onnxrt_cuda,11,Conv:/model.22/cv2.0/cv2.0.1/conv/Conv_kernel_time,onnxruntime,onnx_node,1.536417,9.880043,0.219,77.426,60,0.047855,97.848595,497,clean_v2_without_tensorrt,/Users/hobongs/Desktop/HoBong_study/26-1/탄중/temp/jetson_nano_edgeai/my_results/clean_v2(without_tensorRT)/layer_runtime/yolov8n_onnxrt_cuda.csv
yolov8n,onnxrt_cuda,540,Sigmoid:/model.22/cv2.0/cv2.0.1/act/Sigmoid_fence_before,onnxruntime,onnx_node,0.001,0.0,0.001,0.001,15,3.1e-05,99.99701,498,clean_v2_without_tensorrt,/Users/hobongs/Desktop/HoBong_study/26-1/탄중/temp/jetson_nano_edgeai/my_results/clean_v2(without_tensorRT)/layer_runtime/yolov8n_onnxrt_cuda.csv
yolov8n,onnxrt_cuda,180,Sigmoid:/model.22/cv2.0/cv2.0.1/act/Sigmoid_kernel_time,onnxruntime,onnx_node,0.065267,0.014821,0.055,0.142,60,0.002033,99.869933,499,clean_v2_without_tensorrt,/Users/hobongs/Desktop/HoBong_study/26-1/탄중/temp/jetson_nano_edgeai/my_results/clean_v2(without_tensorRT)/layer_runtime/yolov8n_onnxrt_cuda.csv
yolov8n,onnxrt_cuda,541,Sigmoid:/model.22/cv2.0/cv2.0.1/act/Sigmoid_fence_after,onnxruntime,onnx_node,0.001,0.0,0.001,0.001,1,3.1e-05,99.997041,500,clean_v2_without_tensorrt,/Users/hobongs/Desktop/HoBong_study/26-1/탄중/temp/jetson_nano_edgeai/my_results/clean_v2(without_tensorRT)/layer_runtime/yolov8n_onnxrt_cuda.csv
yolov8n,onnxrt_cuda,542,Mul:/model.22/cv2.0/cv2.0.1/act/Mul_fence_before,onnxruntime,onnx_node,0.001,0.0,0.001,0.001,13,3.1e-05,99.997072,501,clean_v2_without_tensorrt,/Users/hobongs/Desktop/HoBong_study/26-1/탄중/temp/jetson_nano_edgeai/my_results/clean_v2(without_tensorRT)/layer_runtime/yolov8n_onnxrt_cuda.csv
yolov8n,onnxrt_cuda,208,Mul:/model.22/cv2.0/cv2.0.1/act/Mul_kernel_time,onnxruntime,onnx_node,0.06235,0.019112,0.054,0.175,60,0.001942,99.925577,502,clean_v2_without_tensorrt,/Users/hobongs/Desktop/HoBong_study/26-1/탄중/temp/jetson_nano_edgeai/my_results/clean_v2(without_tensorRT)/layer_runtime/yolov8n_onnxrt_cuda.csv
yolov8n,onnxrt_cuda,543,Conv:/model.22/cv2.0/cv2.0.2/Conv_fence_before,onnxruntime,onnx_node,0.001,0.0,0.001,0.001,2,3.1e-05,99.997103,503,clean_v2_without_tensorrt,/Users/hobongs/Desktop/HoBong_study/26-1/탄중/temp/jetson_nano_edgeai/my_results/clean_v2(without_tensorRT)/layer_runtime/yolov8n_onnxrt_cuda.csv
yolov8n,onnxrt_cuda,59,Conv:/model.22/cv2.0/cv2.0.2/Conv_kernel_time,onnxruntime,onnx_node,0.749917,3.642286,0.239,28.725,60,0.023358,99.266285,504,clean_v2_without_tensorrt,/Users/hobongs/Desktop/HoBong_study/26-1/탄중/temp/jetson_nano_edgeai/my_results/clean_v2(without_tensorRT)/layer_runtime/yolov8n_onnxrt_cuda.csv
yolov8n,onnxrt_cuda,544,Conv:/model.22/cv2.0/cv2.0.2/Conv_fence_after,onnxruntime,onnx_node,0.001,0.0,0.001,0.001,3,3.1e-05,99.997134,505,clean_v2_without_tensorrt,/Users/hobongs/Desktop/HoBong_study/26-1/탄중/temp/jetson_nano_edgeai/my_results/clean_v2(without_tensorRT)/layer_runtime/yolov8n_onnxrt_cuda.csv
yolov8n,onnxrt_cuda,545,Concat:/model.22/Concat_fence_before,onnxruntime,onnx_node,0.001,0.0,0.001,0.001,22,3.1e-05,99.997166,506,clean_v2_without_tensorrt,/Users/hobongs/Desktop/HoBong_study/26-1/탄중/temp/jetson_nano_edgeai/my_results/clean_v2(without_tensorRT)/layer_runtime/yolov8n_onnxrt_cuda.csv
yolov8n,onnxrt_cuda,80,Concat:/model.22/Concat_kernel_time,onnxruntime,onnx_node,0.262417,0.066339,0.21,0.638,60,0.008174,99.557859,507,clean_v2_without_tensorrt,/Users/hobongs/Desktop/HoBong_study/26-1/탄중/temp/jetson_nano_edgeai/my_results/clean_v2(without_tensorRT)/layer_runtime/yolov8n_onnxrt_cuda.csv
yolov8n,onnxrt_cuda,272,Reshape:/model.22/Reshape_fence_before,onnxruntime,onnx_node,0.002846,0.006395,0.001,0.025,13,8.9e-05,99.988123,508,clean_v2_without_tensorrt,/Users/hobongs/Desktop/HoBong_study/26-1/탄중/temp/jetson_nano_edgeai/my_results/clean_v2(without_tensorRT)/layer_runtime/yolov8n_onnxrt_cuda.csv
yolov8n,onnxrt_cuda,238,Reshape:/model.22/Reshape_kernel_time,onnxruntime,onnx_node,0.0274,0.009896,0.021,0.064,60,0.000853,99.977478,509,clean_v2_without_tensorrt,/Users/hobongs/Desktop/HoBong_study/26-1/탄중/temp/jetson_nano_edgeai/my_results/clean_v2(without_tensorRT)/layer_runtime/yolov8n_onnxrt_cuda.csv
yolov8n,onnxrt_cuda,70,Concat:/model.22/Concat_3_kernel_time,onnxruntime,onnx_node,0.361517,0.057293,0.275,0.508,60,0.01126,99.470918,510,clean_v2_without_tensorrt,/Users/hobongs/Desktop/HoBong_study/26-1/탄중/temp/jetson_nano_edgeai/my_results/clean_v2(without_tensorRT)/layer_runtime/yolov8n_onnxrt_cuda.csv
yolov8n,onnxrt_cuda,92,Split:/model.22/Split_kernel_time,onnxruntime,onnx_node,0.228983,0.028316,0.197,0.319,60,0.007132,99.64811,511,clean_v2_without_tensorrt,/Users/hobongs/Desktop/HoBong_study/26-1/탄중/temp/jetson_nano_edgeai/my_results/clean_v2(without_tensorRT)/layer_runtime/yolov8n_onnxrt_cuda.csv
yolov8n,onnxrt_cuda,546,Sigmoid:/model.22/Sigmoid_fence_before,onnxruntime,onnx_node,0.001,0.0,0.001,0.001,21,3.1e-05,99.997197,512,clean_v2_without_tensorrt,/Users/hobongs/Desktop/HoBong_study/26-1/탄중/temp/jetson_nano_edgeai/my_results/clean_v2(without_tensorRT)/layer_runtime/yolov8n_onnxrt_cuda.csv
yolov8n,onnxrt_cuda,223,Sigmoid:/model.22/Sigmoid_kernel_time,onnxruntime,onnx_node,0.059333,0.007332,0.053,0.101,60,0.001848,99.953973,513,clean_v2_without_tensorrt,/Users/hobongs/Desktop/HoBong_study/26-1/탄중/temp/jetson_nano_edgeai/my_results/clean_v2(without_tensorRT)/layer_runtime/yolov8n_onnxrt_cuda.csv
yolov8n,onnxrt_cuda,547,Sigmoid:/model.22/Sigmoid_fence_after,onnxruntime,onnx_node,0.001,0.0,0.001,0.001,1,3.1e-05,99.997228,514,clean_v2_without_tensorrt,/Users/hobongs/Desktop/HoBong_study/26-1/탄중/temp/jetson_nano_edgeai/my_results/clean_v2(without_tensorRT)/layer_runtime/yolov8n_onnxrt_cuda.csv
yolov8n,onnxrt_cuda,548,Reshape:/model.22/dfl/Reshape_fence_before,onnxruntime,onnx_node,0.001,0.0,0.001,0.001,12,3.1e-05,99.997259,515,clean_v2_without_tensorrt,/Users/hobongs/Desktop/HoBong_study/26-1/탄중/temp/jetson_nano_edgeai/my_results/clean_v2(without_tensorRT)/layer_runtime/yolov8n_onnxrt_cuda.csv
yolov8n,onnxrt_cuda,242,Reshape:/model.22/dfl/Reshape_kernel_time,onnxruntime,onnx_node,0.022767,0.001595,0.021,0.029,60,0.000709,99.980579,516,clean_v2_without_tensorrt,/Users/hobongs/Desktop/HoBong_study/26-1/탄중/temp/jetson_nano_edgeai/my_results/clean_v2(without_tensorRT)/layer_runtime/yolov8n_onnxrt_cuda.csv
yolov8n,onnxrt_cuda,315,Transpose:/model.22/dfl/Transpose_fence_before,onnxruntime,onnx_node,0.001069,0.000253,0.001,0.002,29,3.3e-05,99.989969,517,clean_v2_without_tensorrt,/Users/hobongs/Desktop/HoBong_study/26-1/탄중/temp/jetson_nano_edgeai/my_results/clean_v2(without_tensorRT)/layer_runtime/yolov8n_onnxrt_cuda.csv
yolov8n,onnxrt_cuda,137,Transpose:/model.22/dfl/Transpose_kernel_time,onnxruntime,onnx_node,0.071083,0.016384,0.06,0.174,60,0.002214,99.779283,518,clean_v2_without_tensorrt,/Users/hobongs/Desktop/HoBong_study/26-1/탄중/temp/jetson_nano_edgeai/my_results/clean_v2(without_tensorRT)/layer_runtime/yolov8n_onnxrt_cuda.csv
yolov8n,onnxrt_cuda,549,Softmax:/model.22/dfl/Softmax_fence_before,onnxruntime,onnx_node,0.001,0.0,0.001,0.001,21,3.1e-05,99.99729,519,clean_v2_without_tensorrt,/Users/hobongs/Desktop/HoBong_study/26-1/탄중/temp/jetson_nano_edgeai/my_results/clean_v2(without_tensorRT)/layer_runtime/yolov8n_onnxrt_cuda.csv
yolov8n,onnxrt_cuda,184,Softmax:/model.22/dfl/Softmax_kernel_time,onnxruntime,onnx_node,0.064917,0.012855,0.058,0.144,60,0.002022,99.878034,520,clean_v2_without_tensorrt,/Users/hobongs/Desktop/HoBong_study/26-1/탄중/temp/jetson_nano_edgeai/my_results/clean_v2(without_tensorRT)/layer_runtime/yolov8n_onnxrt_cuda.csv
yolov8n,onnxrt_cuda,550,Softmax:/model.22/dfl/Softmax_fence_after,onnxruntime,onnx_node,0.001,0.0,0.001,0.001,1,3.1e-05,99.997321,521,clean_v2_without_tensorrt,/Users/hobongs/Desktop/HoBong_study/26-1/탄중/temp/jetson_nano_edgeai/my_results/clean_v2(without_tensorRT)/layer_runtime/yolov8n_onnxrt_cuda.csv
yolov8n,onnxrt_cuda,182,Transpose:/model.22/dfl/Transpose_1_kernel_time,onnxruntime,onnx_node,0.065,0.010288,0.058,0.121,60,0.002025,99.873988,522,clean_v2_without_tensorrt,/Users/hobongs/Desktop/HoBong_study/26-1/탄중/temp/jetson_nano_edgeai/my_results/clean_v2(without_tensorRT)/layer_runtime/yolov8n_onnxrt_cuda.csv
yolov8n,onnxrt_cuda,551,Conv:/model.22/dfl/conv/Conv_fence_before,onnxruntime,onnx_node,0.001,0.0,0.001,0.001,5,3.1e-05,99.997352,523,clean_v2_without_tensorrt,/Users/hobongs/Desktop/HoBong_study/26-1/탄중/temp/jetson_nano_edgeai/my_results/clean_v2(without_tensorRT)/layer_runtime/yolov8n_onnxrt_cuda.csv
yolov8n,onnxrt_cuda,65,Conv:/model.22/dfl/conv/Conv_kernel_time,onnxruntime,onnx_node,0.61845,3.692669,0.12,28.982,60,0.019263,99.393313,524,clean_v2_without_tensorrt,/Users/hobongs/Desktop/HoBong_study/26-1/탄중/temp/jetson_nano_edgeai/my_results/clean_v2(without_tensorRT)/layer_runtime/yolov8n_onnxrt_cuda.csv
yolov8n,onnxrt_cuda,552,Conv:/model.22/dfl/conv/Conv_fence_after,onnxruntime,onnx_node,0.001,0.0,0.001,0.001,4,3.1e-05,99.997384,525,clean_v2_without_tensorrt,/Users/hobongs/Desktop/HoBong_study/26-1/탄중/temp/jetson_nano_edgeai/my_results/clean_v2(without_tensorRT)/layer_runtime/yolov8n_onnxrt_cuda.csv
yolov8n,onnxrt_cuda,553,Reshape:/model.22/dfl/Reshape_1_fence_before,onnxruntime,onnx_node,0.001,0.0,0.001,0.001,7,3.1e-05,99.997415,526,clean_v2_without_tensorrt,/Users/hobongs/Desktop/HoBong_study/26-1/탄중/temp/jetson_nano_edgeai/my_results/clean_v2(without_tensorRT)/layer_runtime/yolov8n_onnxrt_cuda.csv
yolov8n,onnxrt_cuda,241,Reshape:/model.22/dfl/Reshape_1_kernel_time,onnxruntime,onnx_node,0.023783,0.004513,0.021,0.053,60,0.000741,99.97987,527,clean_v2_without_tensorrt,/Users/hobongs/Desktop/HoBong_study/26-1/탄중/temp/jetson_nano_edgeai/my_results/clean_v2(without_tensorRT)/layer_runtime/yolov8n_onnxrt_cuda.csv
yolov8n,onnxrt_cuda,332,Slice:/model.22/Slice_1_fence_before,onnxruntime,onnx_node,0.001033,0.00018,0.001,0.002,30,3.2e-05,99.990525,528,clean_v2_without_tensorrt,/Users/hobongs/Desktop/HoBong_study/26-1/탄중/temp/jetson_nano_edgeai/my_results/clean_v2(without_tensorRT)/layer_runtime/yolov8n_onnxrt_cuda.csv
yolov8n,onnxrt_cuda,102,Slice:/model.22/Slice_1_kernel_time,onnxruntime,onnx_node,0.09525,0.027776,0.081,0.253,60,0.002967,99.698375,529,clean_v2_without_tensorrt,/Users/hobongs/Desktop/HoBong_study/26-1/탄중/temp/jetson_nano_edgeai/my_results/clean_v2(without_tensorRT)/layer_runtime/yolov8n_onnxrt_cuda.csv
yolov8n,onnxrt_cuda,151,Add:/model.22/Add_1_kernel_time,onnxruntime,onnx_node,0.06835,0.012191,0.061,0.143,60,0.002129,99.809773,530,clean_v2_without_tensorrt,/Users/hobongs/Desktop/HoBong_study/26-1/탄중/temp/jetson_nano_edgeai/my_results/clean_v2(without_tensorRT)/layer_runtime/yolov8n_onnxrt_cuda.csv
yolov8n,onnxrt_cuda,160,Slice:/model.22/Slice_kernel_time,onnxruntime,onnx_node,0.06735,0.010456,0.06,0.133,60,0.002098,99.828737,531,clean_v2_without_tensorrt,/Users/hobongs/Desktop/HoBong_study/26-1/탄중/temp/jetson_nano_edgeai/my_results/clean_v2(without_tensorRT)/layer_runtime/yolov8n_onnxrt_cuda.csv
yolov8n,onnxrt_cuda,161,Sub:/model.22/Sub_kernel_time,onnxruntime,onnx_node,0.06725,0.020962,0.057,0.167,60,0.002095,99.830831,532,clean_v2_without_tensorrt,/Users/hobongs/Desktop/HoBong_study/26-1/탄중/temp/jetson_nano_edgeai/my_results/clean_v2(without_tensorRT)/layer_runtime/yolov8n_onnxrt_cuda.csv
yolov8n,onnxrt_cuda,222,Sub:/model.22/Sub_1_kernel_time,onnxruntime,onnx_node,0.0594,0.01504,0.051,0.127,60,0.00185,99.952125,533,clean_v2_without_tensorrt,/Users/hobongs/Desktop/HoBong_study/26-1/탄중/temp/jetson_nano_edgeai/my_results/clean_v2(without_tensorRT)/layer_runtime/yolov8n_onnxrt_cuda.csv
yolov8n,onnxrt_cuda,231,Add:/model.22/Add_2_kernel_time,onnxruntime,onnx_node,0.056317,0.011334,0.05,0.12,60,0.001754,99.968531,534,clean_v2_without_tensorrt,/Users/hobongs/Desktop/HoBong_study/26-1/탄중/temp/jetson_nano_edgeai/my_results/clean_v2(without_tensorRT)/layer_runtime/yolov8n_onnxrt_cuda.csv
yolov8n,onnxrt_cuda,197,Div:/model.22/Div_1_kernel_time,onnxruntime,onnx_node,0.06375,0.018661,0.054,0.173,60,0.001986,99.90404,535,clean_v2_without_tensorrt,/Users/hobongs/Desktop/HoBong_study/26-1/탄중/temp/jetson_nano_edgeai/my_results/clean_v2(without_tensorRT)/layer_runtime/yolov8n_onnxrt_cuda.csv
yolov8n,onnxrt_cuda,554,Concat:/model.22/Concat_4_fence_before,onnxruntime,onnx_node,0.001,0.0,0.001,0.001,17,3.1e-05,99.997446,536,clean_v2_without_tensorrt,/Users/hobongs/Desktop/HoBong_study/26-1/탄중/temp/jetson_nano_edgeai/my_results/clean_v2(without_tensorRT)/layer_runtime/yolov8n_onnxrt_cuda.csv
yolov8n,onnxrt_cuda,93,Concat:/model.22/Concat_4_kernel_time,onnxruntime,onnx_node,0.227233,0.054328,0.198,0.495,60,0.007078,99.655188,537,clean_v2_without_tensorrt,/Users/hobongs/Desktop/HoBong_study/26-1/탄중/temp/jetson_nano_edgeai/my_results/clean_v2(without_tensorRT)/layer_runtime/yolov8n_onnxrt_cuda.csv
yolov8n,onnxrt_cuda,162,Mul:/model.22/Mul_2_kernel_time,onnxruntime,onnx_node,0.067233,0.013644,0.059,0.143,60,0.002094,99.832925,538,clean_v2_without_tensorrt,/Users/hobongs/Desktop/HoBong_study/26-1/탄중/temp/jetson_nano_edgeai/my_results/clean_v2(without_tensorRT)/layer_runtime/yolov8n_onnxrt_cuda.csv
yolov8n,onnxrt_cuda,555,Concat:/model.22/Concat_5_fence_before,onnxruntime,onnx_node,0.001,0.0,0.001,0.001,9,3.1e-05,99.997477,539,clean_v2_without_tensorrt,/Users/hobongs/Desktop/HoBong_study/26-1/탄중/temp/jetson_nano_edgeai/my_results/clean_v2(without_tensorRT)/layer_runtime/yolov8n_onnxrt_cuda.csv
yolov8n,onnxrt_cuda,89,Concat:/model.22/Concat_5_kernel_time,onnxruntime,onnx_node,0.232567,0.061723,0.186,0.458,60,0.007244,99.626629,540,clean_v2_without_tensorrt,/Users/hobongs/Desktop/HoBong_study/26-1/탄중/temp/jetson_nano_edgeai/my_results/clean_v2(without_tensorRT)/layer_runtime/yolov8n_onnxrt_cuda.csv
yolov8n,onnxrt_cuda,4,SequentialExecutor::Execute,onnxruntime,onnx_node,114.683817,575.908227,35.751,4538.272,60,3.572068,96.593136,541,clean_v2_without_tensorrt,/Users/hobongs/Desktop/HoBong_study/26-1/탄중/temp/jetson_nano_edgeai/my_results/clean_v2(without_tensorRT)/layer_runtime/yolov8n_onnxrt_cuda.csv
yolov8n,onnxrt_cuda,2,model_run,onnxruntime,onnx_node,183.568317,569.297499,109.031,4556.425,60,5.71762,88.035695,542,clean_v2_without_tensorrt,/Users/hobongs/Desktop/HoBong_study/26-1/탄중/temp/jetson_nano_edgeai/my_results/clean_v2(without_tensorRT)/layer_runtime/yolov8n_onnxrt_cuda.csv
yolov8n,onnxrt_cuda,556,Mul:/model.1/act/Mul_fence_after,onnxruntime,onnx_node,0.001,0.0,0.001,0.001,1,3.1e-05,99.997508,543,clean_v2_without_tensorrt,/Users/hobongs/Desktop/HoBong_study/26-1/탄중/temp/jetson_nano_edgeai/my_results/clean_v2(without_tensorRT)/layer_runtime/yolov8n_onnxrt_cuda.csv
yolov8n,onnxrt_cuda,557,Conv:/model.2/cv1/conv/Conv_fence_before,onnxruntime,onnx_node,0.001,0.0,0.001,0.001,12,3.1e-05,99.997539,544,clean_v2_without_tensorrt,/Users/hobongs/Desktop/HoBong_study/26-1/탄중/temp/jetson_nano_edgeai/my_results/clean_v2(without_tensorRT)/layer_runtime/yolov8n_onnxrt_cuda.csv
yolov8n,onnxrt_cuda,334,Add:/model.6/m.0/Add_fence_before,onnxruntime,onnx_node,0.00103,0.000171,0.001,0.002,33,3.2e-05,99.990589,545,clean_v2_without_tensorrt,/Users/hobongs/Desktop/HoBong_study/26-1/탄중/temp/jetson_nano_edgeai/my_results/clean_v2(without_tensorRT)/layer_runtime/yolov8n_onnxrt_cuda.csv
yolov8n,onnxrt_cuda,558,Conv:/model.22/cv3.0/cv3.0.0/conv/Conv_fence_after,onnxruntime,onnx_node,0.001,0.0,0.001,0.001,5,3.1e-05,99.997571,546,clean_v2_without_tensorrt,/Users/hobongs/Desktop/HoBong_study/26-1/탄중/temp/jetson_nano_edgeai/my_results/clean_v2(without_tensorRT)/layer_runtime/yolov8n_onnxrt_cuda.csv
yolov8n,onnxrt_cuda,559,Conv:/model.22/cv2.0/cv2.0.1/conv/Conv_fence_after,onnxruntime,onnx_node,0.001,0.0,0.001,0.001,4,3.1e-05,99.997602,547,clean_v2_without_tensorrt,/Users/hobongs/Desktop/HoBong_study/26-1/탄중/temp/jetson_nano_edgeai/my_results/clean_v2(without_tensorRT)/layer_runtime/yolov8n_onnxrt_cuda.csv
yolov8n,onnxrt_cuda,251,Sigmoid:/model.2/m.0/cv2/act/Sigmoid_fence_after,onnxruntime,onnx_node,0.008,0.007,0.001,0.015,2,0.000249,99.985118,548,clean_v2_without_tensorrt,/Users/hobongs/Desktop/HoBong_study/26-1/탄중/temp/jetson_nano_edgeai/my_results/clean_v2(without_tensorRT)/layer_runtime/yolov8n_onnxrt_cuda.csv
yolov8n,onnxrt_cuda,560,Split:/model.8/Split_fence_before,onnxruntime,onnx_node,0.001,0.0,0.001,0.001,5,3.1e-05,99.997633,549,clean_v2_without_tensorrt,/Users/hobongs/Desktop/HoBong_study/26-1/탄중/temp/jetson_nano_edgeai/my_results/clean_v2(without_tensorRT)/layer_runtime/yolov8n_onnxrt_cuda.csv
yolov8n,onnxrt_cuda,561,Conv:/model.16/conv/Conv_fence_before,onnxruntime,onnx_node,0.001,0.0,0.001,0.001,8,3.1e-05,99.997664,550,clean_v2_without_tensorrt,/Users/hobongs/Desktop/HoBong_study/26-1/탄중/temp/jetson_nano_edgeai/my_results/clean_v2(without_tensorRT)/layer_runtime/yolov8n_onnxrt_cuda.csv
yolov8n,onnxrt_cuda,562,Concat:/model.20/Concat_fence_after,onnxruntime,onnx_node,0.001,0.0,0.001,0.001,5,3.1e-05,99.997695,551,clean_v2_without_tensorrt,/Users/hobongs/Desktop/HoBong_study/26-1/탄중/temp/jetson_nano_edgeai/my_results/clean_v2(without_tensorRT)/layer_runtime/yolov8n_onnxrt_cuda.csv
yolov8n,onnxrt_cuda,563,Mul:/model.21/cv2/act/Mul_fence_before,onnxruntime,onnx_node,0.001,0.0,0.001,0.001,7,3.1e-05,99.997726,552,clean_v2_without_tensorrt,/Users/hobongs/Desktop/HoBong_study/26-1/탄중/temp/jetson_nano_edgeai/my_results/clean_v2(without_tensorRT)/layer_runtime/yolov8n_onnxrt_cuda.csv
yolov8n,onnxrt_cuda,564,Reshape:/model.22/Reshape_2_fence_after,onnxruntime,onnx_node,0.001,0.0,0.001,0.001,1,3.1e-05,99.997757,553,clean_v2_without_tensorrt,/Users/hobongs/Desktop/HoBong_study/26-1/탄중/temp/jetson_nano_edgeai/my_results/clean_v2(without_tensorRT)/layer_runtime/yolov8n_onnxrt_cuda.csv
yolov8n,onnxrt_cuda,565,Add:/model.22/Add_1_fence_before,onnxruntime,onnx_node,0.001,0.0,0.001,0.001,21,3.1e-05,99.997789,554,clean_v2_without_tensorrt,/Users/hobongs/Desktop/HoBong_study/26-1/탄중/temp/jetson_nano_edgeai/my_results/clean_v2(without_tensorRT)/layer_runtime/yolov8n_onnxrt_cuda.csv
yolov8n,onnxrt_cuda,566,Add:/model.22/Add_2_fence_after,onnxruntime,onnx_node,0.001,0.0,0.001,0.001,1,3.1e-05,99.99782,555,clean_v2_without_tensorrt,/Users/hobongs/Desktop/HoBong_study/26-1/탄중/temp/jetson_nano_edgeai/my_results/clean_v2(without_tensorRT)/layer_runtime/yolov8n_onnxrt_cuda.csv
yolov8n,onnxrt_cuda,567,Div:/model.22/Div_1_fence_before,onnxruntime,onnx_node,0.001,0.0,0.001,0.001,3,3.1e-05,99.997851,556,clean_v2_without_tensorrt,/Users/hobongs/Desktop/HoBong_study/26-1/탄중/temp/jetson_nano_edgeai/my_results/clean_v2(without_tensorRT)/layer_runtime/yolov8n_onnxrt_cuda.csv
yolov8n,onnxrt_cuda,568,Split:/model.2/Split_fence_before,onnxruntime,onnx_node,0.001,0.0,0.001,0.001,2,3.1e-05,99.997882,557,clean_v2_without_tensorrt,/Users/hobongs/Desktop/HoBong_study/26-1/탄중/temp/jetson_nano_edgeai/my_results/clean_v2(without_tensorRT)/layer_runtime/yolov8n_onnxrt_cuda.csv
yolov8n,onnxrt_cuda,569,Concat:/model.2/Concat_fence_after,onnxruntime,onnx_node,0.001,0.0,0.001,0.001,9,3.1e-05,99.997913,558,clean_v2_without_tensorrt,/Users/hobongs/Desktop/HoBong_study/26-1/탄중/temp/jetson_nano_edgeai/my_results/clean_v2(without_tensorRT)/layer_runtime/yolov8n_onnxrt_cuda.csv
yolov8n,onnxrt_cuda,245,Mul:/model.4/m.1/cv2/act/Mul_fence_after,onnxruntime,onnx_node,0.02,0.019,0.001,0.039,2,0.000623,99.982541,559,clean_v2_without_tensorrt,/Users/hobongs/Desktop/HoBong_study/26-1/탄중/temp/jetson_nano_edgeai/my_results/clean_v2(without_tensorRT)/layer_runtime/yolov8n_onnxrt_cuda.csv
yolov8n,onnxrt_cuda,570,Conv:/model.7/conv/Conv_fence_before,onnxruntime,onnx_node,0.001,0.0,0.001,0.001,6,3.1e-05,99.997944,560,clean_v2_without_tensorrt,/Users/hobongs/Desktop/HoBong_study/26-1/탄중/temp/jetson_nano_edgeai/my_results/clean_v2(without_tensorRT)/layer_runtime/yolov8n_onnxrt_cuda.csv
yolov8n,onnxrt_cuda,571,Sigmoid:/model.9/cv1/act/Sigmoid_fence_after,onnxruntime,onnx_node,0.001,0.0,0.001,0.001,1,3.1e-05,99.997975,561,clean_v2_without_tensorrt,/Users/hobongs/Desktop/HoBong_study/26-1/탄중/temp/jetson_nano_edgeai/my_results/clean_v2(without_tensorRT)/layer_runtime/yolov8n_onnxrt_cuda.csv
yolov8n,onnxrt_cuda,572,MaxPool:/model.9/m_1/MaxPool_fence_before,onnxruntime,onnx_node,0.001,0.0,0.001,0.001,3,3.1e-05,99.998007,562,clean_v2_without_tensorrt,/Users/hobongs/Desktop/HoBong_study/26-1/탄중/temp/jetson_nano_edgeai/my_results/clean_v2(without_tensorRT)/layer_runtime/yolov8n_onnxrt_cuda.csv
yolov8n,onnxrt_cuda,573,Concat:/model.12/Concat_fence_after,onnxruntime,onnx_node,0.001,0.0,0.001,0.001,6,3.1e-05,99.998038,563,clean_v2_without_tensorrt,/Users/hobongs/Desktop/HoBong_study/26-1/탄중/temp/jetson_nano_edgeai/my_results/clean_v2(without_tensorRT)/layer_runtime/yolov8n_onnxrt_cuda.csv
yolov8n,onnxrt_cuda,574,Split:/model.18/Split_fence_before,onnxruntime,onnx_node,0.001,0.0,0.001,0.001,3,3.1e-05,99.998069,564,clean_v2_without_tensorrt,/Users/hobongs/Desktop/HoBong_study/26-1/탄중/temp/jetson_nano_edgeai/my_results/clean_v2(without_tensorRT)/layer_runtime/yolov8n_onnxrt_cuda.csv
yolov8n,onnxrt_cuda,575,Concat:/model.22/Concat_2_fence_after,onnxruntime,onnx_node,0.001,0.0,0.001,0.001,3,3.1e-05,99.9981,565,clean_v2_without_tensorrt,/Users/hobongs/Desktop/HoBong_study/26-1/탄중/temp/jetson_nano_edgeai/my_results/clean_v2(without_tensorRT)/layer_runtime/yolov8n_onnxrt_cuda.csv
yolov8n,onnxrt_cuda,576,Concat:/model.22/Concat_3_fence_before,onnxruntime,onnx_node,0.001,0.0,0.001,0.001,14,3.1e-05,99.998131,566,clean_v2_without_tensorrt,/Users/hobongs/Desktop/HoBong_study/26-1/탄중/temp/jetson_nano_edgeai/my_results/clean_v2(without_tensorRT)/layer_runtime/yolov8n_onnxrt_cuda.csv
yolov8n,onnxrt_cuda,577,Sigmoid:/model.3/act/Sigmoid_fence_after,onnxruntime,onnx_node,0.001,0.0,0.001,0.001,1,3.1e-05,99.998162,567,clean_v2_without_tensorrt,/Users/hobongs/Desktop/HoBong_study/26-1/탄중/temp/jetson_nano_edgeai/my_results/clean_v2(without_tensorRT)/layer_runtime/yolov8n_onnxrt_cuda.csv
yolov8n,onnxrt_cuda,250,Sigmoid:/model.4/cv2/act/Sigmoid_fence_after,onnxruntime,onnx_node,0.01,0.012728,0.001,0.028,3,0.000311,99.984869,568,clean_v2_without_tensorrt,/Users/hobongs/Desktop/HoBong_study/26-1/탄중/temp/jetson_nano_edgeai/my_results/clean_v2(without_tensorRT)/layer_runtime/yolov8n_onnxrt_cuda.csv
yolov8n,onnxrt_cuda,578,Conv:/model.12/m.0/cv2/conv/Conv_fence_after,onnxruntime,onnx_node,0.001,0.0,0.001,0.001,1,3.1e-05,99.998193,569,clean_v2_without_tensorrt,/Users/hobongs/Desktop/HoBong_study/26-1/탄중/temp/jetson_nano_edgeai/my_results/clean_v2(without_tensorRT)/layer_runtime/yolov8n_onnxrt_cuda.csv
yolov8n,onnxrt_cuda,579,Sub:/model.22/Sub_fence_before,onnxruntime,onnx_node,0.001,0.0,0.001,0.001,18,3.1e-05,99.998225,570,clean_v2_without_tensorrt,/Users/hobongs/Desktop/HoBong_study/26-1/탄중/temp/jetson_nano_edgeai/my_results/clean_v2(without_tensorRT)/layer_runtime/yolov8n_onnxrt_cuda.csv
yolov8n,onnxrt_cuda,580,MaxPool:/model.9/m_2/MaxPool_fence_before,onnxruntime,onnx_node,0.001,0.0,0.001,0.001,8,3.1e-05,99.998256,571,clean_v2_without_tensorrt,/Users/hobongs/Desktop/HoBong_study/26-1/탄중/temp/jetson_nano_edgeai/my_results/clean_v2(without_tensorRT)/layer_runtime/yolov8n_onnxrt_cuda.csv
yolov8n,onnxrt_cuda,270,Sigmoid:/model.22/cv2.1/cv2.1.0/act/Sigmoid_fence_after,onnxruntime,onnx_node,0.003,0.0,0.003,0.003,1,9.3e-05,99.987945,572,clean_v2_without_tensorrt,/Users/hobongs/Desktop/HoBong_study/26-1/탄중/temp/jetson_nano_edgeai/my_results/clean_v2(without_tensorRT)/layer_runtime/yolov8n_onnxrt_cuda.csv
yolov8n,onnxrt_cuda,581,Split:/model.22/Split_fence_before,onnxruntime,onnx_node,0.001,0.0,0.001,0.001,3,3.1e-05,99.998287,573,clean_v2_without_tensorrt,/Users/hobongs/Desktop/HoBong_study/26-1/탄중/temp/jetson_nano_edgeai/my_results/clean_v2(without_tensorRT)/layer_runtime/yolov8n_onnxrt_cuda.csv
yolov8n,onnxrt_cuda,582,Conv:/model.9/cv1/conv/Conv_fence_before,onnxruntime,onnx_node,0.001,0.0,0.001,0.001,4,3.1e-05,99.998318,574,clean_v2_without_tensorrt,/Users/hobongs/Desktop/HoBong_study/26-1/탄중/temp/jetson_nano_edgeai/my_results/clean_v2(without_tensorRT)/layer_runtime/yolov8n_onnxrt_cuda.csv
yolov8n,onnxrt_cuda,583,Split:/model.6/Split_fence_after,onnxruntime,onnx_node,0.001,0.0,0.001,0.001,3,3.1e-05,99.998349,575,clean_v2_without_tensorrt,/Users/hobongs/Desktop/HoBong_study/26-1/탄중/temp/jetson_nano_edgeai/my_results/clean_v2(without_tensorRT)/layer_runtime/yolov8n_onnxrt_cuda.csv
yolov8n,onnxrt_cuda,584,Concat:/model.18/Concat_fence_after,onnxruntime,onnx_node,0.001,0.0,0.001,0.001,2,3.1e-05,99.99838,576,clean_v2_without_tensorrt,/Users/hobongs/Desktop/HoBong_study/26-1/탄중/temp/jetson_nano_edgeai/my_results/clean_v2(without_tensorRT)/layer_runtime/yolov8n_onnxrt_cuda.csv
yolov8n,onnxrt_cuda,585,Mul:/model.8/cv2/act/Mul_fence_after,onnxruntime,onnx_node,0.001,0.0,0.001,0.001,1,3.1e-05,99.998411,577,clean_v2_without_tensorrt,/Users/hobongs/Desktop/HoBong_study/26-1/탄중/temp/jetson_nano_edgeai/my_results/clean_v2(without_tensorRT)/layer_runtime/yolov8n_onnxrt_cuda.csv
yolov8n,onnxrt_cuda,586,Mul:/model.4/m.1/cv2/act/Mul_fence_before,onnxruntime,onnx_node,0.001,0.0,0.001,0.001,6,3.1e-05,99.998443,578,clean_v2_without_tensorrt,/Users/hobongs/Desktop/HoBong_study/26-1/탄중/temp/jetson_nano_edgeai/my_results/clean_v2(without_tensorRT)/layer_runtime/yolov8n_onnxrt_cuda.csv
yolov8n,onnxrt_cuda,587,Concat:/model.4/Concat_fence_after,onnxruntime,onnx_node,0.001,0.0,0.001,0.001,3,3.1e-05,99.998474,579,clean_v2_without_tensorrt,/Users/hobongs/Desktop/HoBong_study/26-1/탄중/temp/jetson_nano_edgeai/my_results/clean_v2(without_tensorRT)/layer_runtime/yolov8n_onnxrt_cuda.csv
yolov8n,onnxrt_cuda,588,Mul:/model.6/m.0/cv2/act/Mul_fence_after,onnxruntime,onnx_node,0.001,0.0,0.001,0.001,2,3.1e-05,99.998505,580,clean_v2_without_tensorrt,/Users/hobongs/Desktop/HoBong_study/26-1/탄중/temp/jetson_nano_edgeai/my_results/clean_v2(without_tensorRT)/layer_runtime/yolov8n_onnxrt_cuda.csv
yolov8n,onnxrt_cuda,589,Mul:/model.12/m.0/cv1/act/Mul_fence_after,onnxruntime,onnx_node,0.001,0.0,0.001,0.001,2,3.1e-05,99.998536,581,clean_v2_without_tensorrt,/Users/hobongs/Desktop/HoBong_study/26-1/탄중/temp/jetson_nano_edgeai/my_results/clean_v2(without_tensorRT)/layer_runtime/yolov8n_onnxrt_cuda.csv
yolov8n,onnxrt_cuda,590,Mul:/model.2/cv2/act/Mul_fence_after,onnxruntime,onnx_node,0.001,0.0,0.001,0.001,5,3.1e-05,99.998567,582,clean_v2_without_tensorrt,/Users/hobongs/Desktop/HoBong_study/26-1/탄중/temp/jetson_nano_edgeai/my_results/clean_v2(without_tensorRT)/layer_runtime/yolov8n_onnxrt_cuda.csv
yolov8n,onnxrt_cuda,591,Resize:/model.13/Resize_fence_after,onnxruntime,onnx_node,0.001,0.0,0.001,0.001,1,3.1e-05,99.998598,583,clean_v2_without_tensorrt,/Users/hobongs/Desktop/HoBong_study/26-1/탄중/temp/jetson_nano_edgeai/my_results/clean_v2(without_tensorRT)/layer_runtime/yolov8n_onnxrt_cuda.csv
yolov8n,onnxrt_cuda,592,Mul:/model.22/Mul_2_fence_before,onnxruntime,onnx_node,0.001,0.0,0.001,0.001,2,3.1e-05,99.99863,584,clean_v2_without_tensorrt,/Users/hobongs/Desktop/HoBong_study/26-1/탄중/temp/jetson_nano_edgeai/my_results/clean_v2(without_tensorRT)/layer_runtime/yolov8n_onnxrt_cuda.csv
yolov8n,onnxrt_cuda,239,Mul:/model.8/cv1/act/Mul_fence_after,onnxruntime,onnx_node,0.027,0.0,0.027,0.027,1,0.000841,99.978319,585,clean_v2_without_tensorrt,/Users/hobongs/Desktop/HoBong_study/26-1/탄중/temp/jetson_nano_edgeai/my_results/clean_v2(without_tensorRT)/layer_runtime/yolov8n_onnxrt_cuda.csv
yolov8n,onnxrt_cuda,593,Concat:/model.9/Concat_fence_before,onnxruntime,onnx_node,0.001,0.0,0.001,0.001,4,3.1e-05,99.998661,586,clean_v2_without_tensorrt,/Users/hobongs/Desktop/HoBong_study/26-1/탄중/temp/jetson_nano_edgeai/my_results/clean_v2(without_tensorRT)/layer_runtime/yolov8n_onnxrt_cuda.csv
yolov8n,onnxrt_cuda,247,Sigmoid:/model.18/m.0/cv1/act/Sigmoid_fence_after,onnxruntime,onnx_node,0.0165,0.0155,0.001,0.032,2,0.000514,99.983592,587,clean_v2_without_tensorrt,/Users/hobongs/Desktop/HoBong_study/26-1/탄중/temp/jetson_nano_edgeai/my_results/clean_v2(without_tensorRT)/layer_runtime/yolov8n_onnxrt_cuda.csv
yolov8n,onnxrt_cuda,243,Reshape:/model.22/Reshape_1_fence_after,onnxruntime,onnx_node,0.022,0.0,0.022,0.022,1,0.000685,99.981264,588,clean_v2_without_tensorrt,/Users/hobongs/Desktop/HoBong_study/26-1/탄중/temp/jetson_nano_edgeai/my_results/clean_v2(without_tensorRT)/layer_runtime/yolov8n_onnxrt_cuda.csv
yolov8n,onnxrt_cuda,594,Transpose:/model.22/dfl/Transpose_1_fence_before,onnxruntime,onnx_node,0.001,0.0,0.001,0.001,4,3.1e-05,99.998692,589,clean_v2_without_tensorrt,/Users/hobongs/Desktop/HoBong_study/26-1/탄중/temp/jetson_nano_edgeai/my_results/clean_v2(without_tensorRT)/layer_runtime/yolov8n_onnxrt_cuda.csv
yolov8n,onnxrt_cuda,595,Mul:/model.22/cv3.1/cv3.1.1/act/Mul_fence_after,onnxruntime,onnx_node,0.001,0.0,0.001,0.001,2,3.1e-05,99.998723,590,clean_v2_without_tensorrt,/Users/hobongs/Desktop/HoBong_study/26-1/탄중/temp/jetson_nano_edgeai/my_results/clean_v2(without_tensorRT)/layer_runtime/yolov8n_onnxrt_cuda.csv
yolov8n,onnxrt_cuda,596,Concat:/model.6/Concat_fence_before,onnxruntime,onnx_node,0.001,0.0,0.001,0.001,7,3.1e-05,99.998754,591,clean_v2_without_tensorrt,/Users/hobongs/Desktop/HoBong_study/26-1/탄중/temp/jetson_nano_edgeai/my_results/clean_v2(without_tensorRT)/layer_runtime/yolov8n_onnxrt_cuda.csv
yolov8n,onnxrt_cuda,597,Conv:/model.8/cv1/conv/Conv_fence_before,onnxruntime,onnx_node,0.001,0.0,0.001,0.001,1,3.1e-05,99.998785,592,clean_v2_without_tensorrt,/Users/hobongs/Desktop/HoBong_study/26-1/탄중/temp/jetson_nano_edgeai/my_results/clean_v2(without_tensorRT)/layer_runtime/yolov8n_onnxrt_cuda.csv
yolov8n,onnxrt_cuda,598,Sigmoid:/model.21/cv1/act/Sigmoid_fence_after,onnxruntime,onnx_node,0.001,0.0,0.001,0.001,1,3.1e-05,99.998816,593,clean_v2_without_tensorrt,/Users/hobongs/Desktop/HoBong_study/26-1/탄중/temp/jetson_nano_edgeai/my_results/clean_v2(without_tensorRT)/layer_runtime/yolov8n_onnxrt_cuda.csv
yolov8n,onnxrt_cuda,599,Sigmoid:/model.12/m.0/cv1/act/Sigmoid_fence_after,onnxruntime,onnx_node,0.001,0.0,0.001,0.001,1,3.1e-05,99.998848,594,clean_v2_without_tensorrt,/Users/hobongs/Desktop/HoBong_study/26-1/탄중/temp/jetson_nano_edgeai/my_results/clean_v2(without_tensorRT)/layer_runtime/yolov8n_onnxrt_cuda.csv
yolov8n,onnxrt_cuda,600,Split:/model.18/Split_fence_after,onnxruntime,onnx_node,0.001,0.0,0.001,0.001,1,3.1e-05,99.998879,595,clean_v2_without_tensorrt,/Users/hobongs/Desktop/HoBong_study/26-1/탄중/temp/jetson_nano_edgeai/my_results/clean_v2(without_tensorRT)/layer_runtime/yolov8n_onnxrt_cuda.csv
yolov8n,onnxrt_cuda,246,Add:/model.2/m.0/Add_fence_after,onnxruntime,onnx_node,0.01725,0.028146,0.001,0.066,4,0.000537,99.983078,596,clean_v2_without_tensorrt,/Users/hobongs/Desktop/HoBong_study/26-1/탄중/temp/jetson_nano_edgeai/my_results/clean_v2(without_tensorRT)/layer_runtime/yolov8n_onnxrt_cuda.csv
yolov8n,onnxrt_cuda,601,Sigmoid:/model.8/m.0/cv1/act/Sigmoid_fence_after,onnxruntime,onnx_node,0.001,0.0,0.001,0.001,1,3.1e-05,99.99891,597,clean_v2_without_tensorrt,/Users/hobongs/Desktop/HoBong_study/26-1/탄중/temp/jetson_nano_edgeai/my_results/clean_v2(without_tensorRT)/layer_runtime/yolov8n_onnxrt_cuda.csv
yolov8n,onnxrt_cuda,602,Sigmoid:/model.5/act/Sigmoid_fence_after,onnxruntime,onnx_node,0.001,0.0,0.001,0.001,1,3.1e-05,99.998941,598,clean_v2_without_tensorrt,/Users/hobongs/Desktop/HoBong_study/26-1/탄중/temp/jetson_nano_edgeai/my_results/clean_v2(without_tensorRT)/layer_runtime/yolov8n_onnxrt_cuda.csv
yolov8n,onnxrt_cuda,248,Sigmoid:/model.12/m.0/cv2/act/Sigmoid_fence_after,onnxruntime,onnx_node,0.016,0.015,0.001,0.031,2,0.000498,99.984091,599,clean_v2_without_tensorrt,/Users/hobongs/Desktop/HoBong_study/26-1/탄중/temp/jetson_nano_edgeai/my_results/clean_v2(without_tensorRT)/layer_runtime/yolov8n_onnxrt_cuda.csv
yolov8n,onnxrt_cuda,603,Mul:/model.16/act/Mul_fence_after,onnxruntime,onnx_node,0.001,0.0,0.001,0.001,1,3.1e-05,99.998972,600,clean_v2_without_tensorrt,/Users/hobongs/Desktop/HoBong_study/26-1/탄중/temp/jetson_nano_edgeai/my_results/clean_v2(without_tensorRT)/layer_runtime/yolov8n_onnxrt_cuda.csv
yolov8n,onnxrt_cuda,604,Mul:/model.22/cv2.0/cv2.0.0/act/Mul_fence_before,onnxruntime,onnx_node,0.001,0.0,0.001,0.001,12,3.1e-05,99.999003,601,clean_v2_without_tensorrt,/Users/hobongs/Desktop/HoBong_study/26-1/탄중/temp/jetson_nano_edgeai/my_results/clean_v2(without_tensorRT)/layer_runtime/yolov8n_onnxrt_cuda.csv
yolov8n,onnxrt_cuda,605,Concat:/model.22/Concat_5_fence_after,onnxruntime,onnx_node,0.001,0.0,0.001,0.001,7,3.1e-05,99.999034,602,clean_v2_without_tensorrt,/Users/hobongs/Desktop/HoBong_study/26-1/탄중/temp/jetson_nano_edgeai/my_results/clean_v2(without_tensorRT)/layer_runtime/yolov8n_onnxrt_cuda.csv
yolov8n,onnxrt_cuda,606,Concat:/model.6/Concat_fence_after,onnxruntime,onnx_node,0.001,0.0,0.001,0.001,1,3.1e-05,99.999066,603,clean_v2_without_tensorrt,/Users/hobongs/Desktop/HoBong_study/26-1/탄중/temp/jetson_nano_edgeai/my_results/clean_v2(without_tensorRT)/layer_runtime/yolov8n_onnxrt_cuda.csv
yolov8n,onnxrt_cuda,607,Split:/model.8/Split_fence_after,onnxruntime,onnx_node,0.001,0.0,0.001,0.001,2,3.1e-05,99.999097,604,clean_v2_without_tensorrt,/Users/hobongs/Desktop/HoBong_study/26-1/탄중/temp/jetson_nano_edgeai/my_results/clean_v2(without_tensorRT)/layer_runtime/yolov8n_onnxrt_cuda.csv
yolov8n,onnxrt_cuda,608,Sigmoid:/model.18/cv1/act/Sigmoid_fence_after,onnxruntime,onnx_node,0.001,0.0,0.001,0.001,2,3.1e-05,99.999128,605,clean_v2_without_tensorrt,/Users/hobongs/Desktop/HoBong_study/26-1/탄중/temp/jetson_nano_edgeai/my_results/clean_v2(without_tensorRT)/layer_runtime/yolov8n_onnxrt_cuda.csv
yolov8n,onnxrt_cuda,609,Mul:/model.22/cv2.2/cv2.2.1/act/Mul_fence_after,onnxruntime,onnx_node,0.001,0.0,0.001,0.001,1,3.1e-05,99.999159,606,clean_v2_without_tensorrt,/Users/hobongs/Desktop/HoBong_study/26-1/탄중/temp/jetson_nano_edgeai/my_results/clean_v2(without_tensorRT)/layer_runtime/yolov8n_onnxrt_cuda.csv
yolov8n,onnxrt_cuda,610,Sigmoid:/model.4/cv1/act/Sigmoid_fence_after,onnxruntime,onnx_node,0.001,0.0,0.001,0.001,3,3.1e-05,99.99919,607,clean_v2_without_tensorrt,/Users/hobongs/Desktop/HoBong_study/26-1/탄중/temp/jetson_nano_edgeai/my_results/clean_v2(without_tensorRT)/layer_runtime/yolov8n_onnxrt_cuda.csv
yolov8n,onnxrt_cuda,611,Resize:/model.10/Resize_fence_after,onnxruntime,onnx_node,0.001,0.0,0.001,0.001,2,3.1e-05,99.999221,608,clean_v2_without_tensorrt,/Users/hobongs/Desktop/HoBong_study/26-1/탄중/temp/jetson_nano_edgeai/my_results/clean_v2(without_tensorRT)/layer_runtime/yolov8n_onnxrt_cuda.csv
yolov8n,onnxrt_cuda,612,Concat:/model.17/Concat_fence_after,onnxruntime,onnx_node,0.001,0.0,0.001,0.001,4,3.1e-05,99.999252,609,clean_v2_without_tensorrt,/Users/hobongs/Desktop/HoBong_study/26-1/탄중/temp/jetson_nano_edgeai/my_results/clean_v2(without_tensorRT)/layer_runtime/yolov8n_onnxrt_cuda.csv
yolov8n,onnxrt_cuda,249,Conv:/model.22/cv3.2/cv3.2.0/conv/Conv_fence_after,onnxruntime,onnx_node,0.015,0.014,0.001,0.029,2,0.000467,99.984558,610,clean_v2_without_tensorrt,/Users/hobongs/Desktop/HoBong_study/26-1/탄중/temp/jetson_nano_edgeai/my_results/clean_v2(without_tensorRT)/layer_runtime/yolov8n_onnxrt_cuda.csv
yolov8n,onnxrt_cuda,613,Sigmoid:/model.22/cv2.2/cv2.2.1/act/Sigmoid_fence_after,onnxruntime,onnx_node,0.001,0.0,0.001,0.001,2,3.1e-05,99.999284,611,clean_v2_without_tensorrt,/Users/hobongs/Desktop/HoBong_study/26-1/탄중/temp/jetson_nano_edgeai/my_results/clean_v2(without_tensorRT)/layer_runtime/yolov8n_onnxrt_cuda.csv
yolov8n,onnxrt_cuda,614,Concat:/model.22/Concat_3_fence_after,onnxruntime,onnx_node,0.001,0.0,0.001,0.001,1,3.1e-05,99.999315,612,clean_v2_without_tensorrt,/Users/hobongs/Desktop/HoBong_study/26-1/탄중/temp/jetson_nano_edgeai/my_results/clean_v2(without_tensorRT)/layer_runtime/yolov8n_onnxrt_cuda.csv
yolov8n,onnxrt_cuda,615,Sigmoid:/model.7/act/Sigmoid_fence_after,onnxruntime,onnx_node,0.001,0.0,0.001,0.001,1,3.1e-05,99.999346,613,clean_v2_without_tensorrt,/Users/hobongs/Desktop/HoBong_study/26-1/탄중/temp/jetson_nano_edgeai/my_results/clean_v2(without_tensorRT)/layer_runtime/yolov8n_onnxrt_cuda.csv
yolov8n,onnxrt_cuda,616,Conv:/model.8/m.0/cv2/conv/Conv_fence_before,onnxruntime,onnx_node,0.001,0.0,0.001,0.001,4,3.1e-05,99.999377,614,clean_v2_without_tensorrt,/Users/hobongs/Desktop/HoBong_study/26-1/탄중/temp/jetson_nano_edgeai/my_results/clean_v2(without_tensorRT)/layer_runtime/yolov8n_onnxrt_cuda.csv
yolov8n,onnxrt_cuda,235,MaxPool:/model.9/m_2/MaxPool_fence_after,onnxruntime,onnx_node,0.038,0.0,0.038,0.038,1,0.001184,99.974561,615,clean_v2_without_tensorrt,/Users/hobongs/Desktop/HoBong_study/26-1/탄중/temp/jetson_nano_edgeai/my_results/clean_v2(without_tensorRT)/layer_runtime/yolov8n_onnxrt_cuda.csv
yolov8n,onnxrt_cuda,617,Concat:/model.14/Concat_fence_after,onnxruntime,onnx_node,0.001,0.0,0.001,0.001,1,3.1e-05,99.999408,616,clean_v2_without_tensorrt,/Users/hobongs/Desktop/HoBong_study/26-1/탄중/temp/jetson_nano_edgeai/my_results/clean_v2(without_tensorRT)/layer_runtime/yolov8n_onnxrt_cuda.csv
yolov8n,onnxrt_cuda,618,Slice:/model.22/Slice_1_fence_after,onnxruntime,onnx_node,0.001,0.0,0.001,0.001,1,3.1e-05,99.999439,617,clean_v2_without_tensorrt,/Users/hobongs/Desktop/HoBong_study/26-1/탄중/temp/jetson_nano_edgeai/my_results/clean_v2(without_tensorRT)/layer_runtime/yolov8n_onnxrt_cuda.csv
yolov8n,onnxrt_cuda,619,Split:/model.21/Split_fence_before,onnxruntime,onnx_node,0.001,0.0,0.001,0.001,3,3.1e-05,99.99947,618,clean_v2_without_tensorrt,/Users/hobongs/Desktop/HoBong_study/26-1/탄중/temp/jetson_nano_edgeai/my_results/clean_v2(without_tensorRT)/layer_runtime/yolov8n_onnxrt_cuda.csv
yolov8n,onnxrt_cuda,620,Sigmoid:/model.4/m.1/cv1/act/Sigmoid_fence_after,onnxruntime,onnx_node,0.001,0.0,0.001,0.001,1,3.1e-05,99.999502,619,clean_v2_without_tensorrt,/Users/hobongs/Desktop/HoBong_study/26-1/탄중/temp/jetson_nano_edgeai/my_results/clean_v2(without_tensorRT)/layer_runtime/yolov8n_onnxrt_cuda.csv
yolov8n,onnxrt_cuda,621,Split:/model.15/Split_fence_after,onnxruntime,onnx_node,0.001,0.0,0.001,0.001,1,3.1e-05,99.999533,620,clean_v2_without_tensorrt,/Users/hobongs/Desktop/HoBong_study/26-1/탄중/temp/jetson_nano_edgeai/my_results/clean_v2(without_tensorRT)/layer_runtime/yolov8n_onnxrt_cuda.csv
yolov8n,onnxrt_cuda,622,MaxPool:/model.9/m_1/MaxPool_fence_after,onnxruntime,onnx_node,0.001,0.0,0.001,0.001,1,3.1e-05,99.999564,621,clean_v2_without_tensorrt,/Users/hobongs/Desktop/HoBong_study/26-1/탄중/temp/jetson_nano_edgeai/my_results/clean_v2(without_tensorRT)/layer_runtime/yolov8n_onnxrt_cuda.csv
yolov8n,onnxrt_cuda,623,Concat:/model.22/Concat_fence_after,onnxruntime,onnx_node,0.001,0.0,0.001,0.001,1,3.1e-05,99.999595,622,clean_v2_without_tensorrt,/Users/hobongs/Desktop/HoBong_study/26-1/탄중/temp/jetson_nano_edgeai/my_results/clean_v2(without_tensorRT)/layer_runtime/yolov8n_onnxrt_cuda.csv
yolov8n,onnxrt_cuda,624,Mul:/model.22/cv2.2/cv2.2.1/act/Mul_fence_before,onnxruntime,onnx_node,0.001,0.0,0.001,0.001,3,3.1e-05,99.999626,623,clean_v2_without_tensorrt,/Users/hobongs/Desktop/HoBong_study/26-1/탄중/temp/jetson_nano_edgeai/my_results/clean_v2(without_tensorRT)/layer_runtime/yolov8n_onnxrt_cuda.csv
yolov8n,onnxrt_cuda,625,Mul:/model.3/act/Mul_fence_after,onnxruntime,onnx_node,0.001,0.0,0.001,0.001,3,3.1e-05,99.999657,624,clean_v2_without_tensorrt,/Users/hobongs/Desktop/HoBong_study/26-1/탄중/temp/jetson_nano_edgeai/my_results/clean_v2(without_tensorRT)/layer_runtime/yolov8n_onnxrt_cuda.csv
yolov8n,onnxrt_cuda,626,Sigmoid:/model.15/m.0/cv1/act/Sigmoid_fence_after,onnxruntime,onnx_node,0.001,0.0,0.001,0.001,2,3.1e-05,99.999689,625,clean_v2_without_tensorrt,/Users/hobongs/Desktop/HoBong_study/26-1/탄중/temp/jetson_nano_edgeai/my_results/clean_v2(without_tensorRT)/layer_runtime/yolov8n_onnxrt_cuda.csv
yolov8n,onnxrt_cuda,627,Mul:/model.21/m.0/cv1/act/Mul_fence_after,onnxruntime,onnx_node,0.001,0.0,0.001,0.001,1,3.1e-05,99.99972,626,clean_v2_without_tensorrt,/Users/hobongs/Desktop/HoBong_study/26-1/탄중/temp/jetson_nano_edgeai/my_results/clean_v2(without_tensorRT)/layer_runtime/yolov8n_onnxrt_cuda.csv
yolov8n,onnxrt_cuda,240,Conv:/model.22/cv3.1/cv3.1.2/Conv_fence_before,onnxruntime,onnx_node,0.026,0.001,0.025,0.027,2,0.00081,99.979129,627,clean_v2_without_tensorrt,/Users/hobongs/Desktop/HoBong_study/26-1/탄중/temp/jetson_nano_edgeai/my_results/clean_v2(without_tensorRT)/layer_runtime/yolov8n_onnxrt_cuda.csv
yolov8n,onnxrt_cuda,628,Concat:/model.8/Concat_fence_after,onnxruntime,onnx_node,0.001,0.0,0.001,0.001,2,3.1e-05,99.999751,628,clean_v2_without_tensorrt,/Users/hobongs/Desktop/HoBong_study/26-1/탄중/temp/jetson_nano_edgeai/my_results/clean_v2(without_tensorRT)/layer_runtime/yolov8n_onnxrt_cuda.csv
yolov8n,onnxrt_cuda,629,Conv:/model.22/cv2.1/cv2.1.1/conv/Conv_fence_after,onnxruntime,onnx_node,0.001,0.0,0.001,0.001,2,3.1e-05,99.999782,629,clean_v2_without_tensorrt,/Users/hobongs/Desktop/HoBong_study/26-1/탄중/temp/jetson_nano_edgeai/my_results/clean_v2(without_tensorRT)/layer_runtime/yolov8n_onnxrt_cuda.csv
yolov8n,onnxrt_cuda,630,Mul:/model.18/cv1/act/Mul_fence_after,onnxruntime,onnx_node,0.001,0.0,0.001,0.001,1,3.1e-05,99.999813,630,clean_v2_without_tensorrt,/Users/hobongs/Desktop/HoBong_study/26-1/탄중/temp/jetson_nano_edgeai/my_results/clean_v2(without_tensorRT)/layer_runtime/yolov8n_onnxrt_cuda.csv
yolov8n,onnxrt_cuda,631,Concat:/model.22/Concat_1_fence_after,onnxruntime,onnx_node,0.001,0.0,0.001,0.001,2,3.1e-05,99.999844,631,clean_v2_without_tensorrt,/Users/hobongs/Desktop/HoBong_study/26-1/탄중/temp/jetson_nano_edgeai/my_results/clean_v2(without_tensorRT)/layer_runtime/yolov8n_onnxrt_cuda.csv
yolov8n,onnxrt_cuda,632,Sigmoid:/model.6/m.0/cv1/act/Sigmoid_fence_after,onnxruntime,onnx_node,0.001,0.0,0.001,0.001,2,3.1e-05,99.999875,632,clean_v2_without_tensorrt,/Users/hobongs/Desktop/HoBong_study/26-1/탄중/temp/jetson_nano_edgeai/my_results/clean_v2(without_tensorRT)/layer_runtime/yolov8n_onnxrt_cuda.csv
yolov8n,onnxrt_cuda,633,Mul:/model.7/act/Mul_fence_after,onnxruntime,onnx_node,0.001,0.0,0.001,0.001,1,3.1e-05,99.999907,633,clean_v2_without_tensorrt,/Users/hobongs/Desktop/HoBong_study/26-1/탄중/temp/jetson_nano_edgeai/my_results/clean_v2(without_tensorRT)/layer_runtime/yolov8n_onnxrt_cuda.csv
yolov8n,onnxrt_cuda,634,Mul:/model.9/cv2/act/Mul_fence_after,onnxruntime,onnx_node,0.001,0.0,0.001,0.001,1,3.1e-05,99.999938,634,clean_v2_without_tensorrt,/Users/hobongs/Desktop/HoBong_study/26-1/탄중/temp/jetson_nano_edgeai/my_results/clean_v2(without_tensorRT)/layer_runtime/yolov8n_onnxrt_cuda.csv
yolov8n,onnxrt_cuda,635,Sigmoid:/model.15/cv2/act/Sigmoid_fence_after,onnxruntime,onnx_node,0.001,0.0,0.001,0.001,1,3.1e-05,99.999969,635,clean_v2_without_tensorrt,/Users/hobongs/Desktop/HoBong_study/26-1/탄중/temp/jetson_nano_edgeai/my_results/clean_v2(without_tensorRT)/layer_runtime/yolov8n_onnxrt_cuda.csv
yolov8n,onnxrt_cuda,636,Mul:/model.18/cv2/act/Mul_fence_after,onnxruntime,onnx_node,0.001,0.0,0.001,0.001,1,3.1e-05,100.0,636,clean_v2_without_tensorrt,/Users/hobongs/Desktop/HoBong_study/26-1/탄중/temp/jetson_nano_edgeai/my_results/clean_v2(without_tensorRT)/layer_runtime/yolov8n_onnxrt_cuda.csv
