model,runtime,rank,layer_name,backend,granularity,mean_ms,std_ms,min_ms,max_ms,samples,percent_total_ms,cumulative_percent_ms
efficientnet_b0,tensorrt_fp16,8,/features/features.0/features.0.0/Conv,tensorrt,trt_layer,0.636635,0.032799,0.593907,0.818906,60,0.954076,62.687238
efficientnet_b0,tensorrt_fp16,34,"PWN(PWN(/features/features.0/features.0.2/Sigmoid), /features/features.0/features.0.2/Mul)",tensorrt,trt_layer,0.279858,0.000725,0.278802,0.281823,60,0.419402,78.47147
efficientnet_b0,tensorrt_fp16,7,/features/features.1/features.1.0/block/block.0/block.0.0/Conv,tensorrt,trt_layer,0.694635,0.007271,0.679532,0.712813,60,1.040996,61.733162
efficientnet_b0,tensorrt_fp16,33,"PWN(PWN(/features/features.1/features.1.0/block/block.0/block.0.2/Sigmoid), /features/features.1/features.1.0/block/block.0/block.0.2/Mul)",tensorrt,trt_layer,0.284683,0.000483,0.283177,0.286094,60,0.426633,78.052068
efficientnet_b0,tensorrt_fp16,69,/features/features.1/features.1.0/block/block.1/avgpool/GlobalAveragePool,tensorrt,trt_layer,0.146221,0.009885,0.137031,0.169896,60,0.21913,89.35425
efficientnet_b0,tensorrt_fp16,171,/features/features.1/features.1.0/block/block.1/fc1/Conv,tensorrt,trt_layer,0.016666,0.000605,0.015365,0.018333,60,0.024976,99.671004
efficientnet_b0,tensorrt_fp16,185,"PWN(PWN(/features/features.1/features.1.0/block/block.1/activation/Sigmoid), /features/features.1/features.1.0/block/block.1/activation/Mul)",tensorrt,trt_layer,0.007596,0.000342,0.006875,0.008437,60,0.011384,99.907854
efficientnet_b0,tensorrt_fp16,177,/features/features.1/features.1.0/block/block.1/fc2/Conv,tensorrt,trt_layer,0.011944,0.000275,0.01151,0.012968,60,0.0179,99.801313
efficientnet_b0,tensorrt_fp16,14,"PWN(PWN(/features/features.1/features.1.0/block/block.1/scale_activation/Sigmoid), /features/features.1/features.1.0/block/block.1/Mul)",tensorrt,trt_layer,0.488295,0.000315,0.48776,0.489219,60,0.73177,67.36626
efficientnet_b0,tensorrt_fp16,19,/features/features.1/features.1.0/block/block.2/block.2.0/Conv,tensorrt,trt_layer,0.449879,0.001671,0.446667,0.45526,60,0.674199,70.786383
efficientnet_b0,tensorrt_fp16,3,/features/features.2/features.2.0/block/block.0/block.0.0/Conv,tensorrt,trt_layer,0.977725,0.006369,0.968021,0.992292,60,1.465242,57.093434
efficientnet_b0,tensorrt_fp16,4,"PWN(PWN(/features/features.2/features.2.0/block/block.0/block.0.2/Sigmoid), /features/features.2/features.2.0/block/block.0/block.0.2/Mul)",tensorrt,trt_layer,0.867662,0.000597,0.866614,0.869218,60,1.300299,58.393733
efficientnet_b0,tensorrt_fp16,2,/features/features.2/features.2.0/block/block.1/block.1.0/Conv,tensorrt,trt_layer,1.140528,0.023567,1.09073,1.186198,60,1.709222,55.628193
efficientnet_b0,tensorrt_fp16,52,"PWN(PWN(/features/features.2/features.2.0/block/block.1/block.1.2/Sigmoid), /features/features.2/features.2.0/block/block.1/block.1.2/Mul)",tensorrt,trt_layer,0.217578,0.000487,0.216666,0.218698,60,0.326067,85.101606
efficientnet_b0,tensorrt_fp16,80,/features/features.2/features.2.0/block/block.2/avgpool/GlobalAveragePool,tensorrt,trt_layer,0.134994,0.003164,0.131511,0.148125,60,0.202305,91.658881
efficientnet_b0,tensorrt_fp16,193,Reformatting CopyNode for Input Tensor 0 to /features/features.2/features.2.0/block/block.2/fc1/Conv,tensorrt,trt_layer,0.00639,0.000395,0.005677,0.007761,60,0.009576,99.99172
efficientnet_b0,tensorrt_fp16,176,/features/features.2/features.2.0/block/block.2/fc1/Conv,tensorrt,trt_layer,0.014443,0.000556,0.01375,0.016354,60,0.021645,99.783413
efficientnet_b0,tensorrt_fp16,188,"PWN(PWN(/features/features.2/features.2.0/block/block.2/activation/Sigmoid), /features/features.2/features.2.0/block/block.2/activation/Mul)",tensorrt,trt_layer,0.007331,0.000401,0.006719,0.008385,60,0.010986,99.941091
efficientnet_b0,tensorrt_fp16,172,/features/features.2/features.2.0/block/block.2/fc2/Conv,tensorrt,trt_layer,0.016362,0.000456,0.015573,0.017708,60,0.02452,99.695525
efficientnet_b0,tensorrt_fp16,194,"Reformatting CopyNode for Input Tensor 0 to PWN(PWN(/features/features.2/features.2.0/block/block.2/scale_activation/Sigmoid), /features/features.2/features.2.0/block/block.2/Mul)",tensorrt,trt_layer,0.005525,0.000323,0.005209,0.006407,60,0.00828,100.0
efficientnet_b0,tensorrt_fp16,9,"PWN(PWN(/features/features.2/features.2.0/block/block.2/scale_activation/Sigmoid), /features/features.2/features.2.0/block/block.2/Mul)",tensorrt,trt_layer,0.552875,0.000363,0.552188,0.55375,60,0.828551,63.515789
efficientnet_b0,tensorrt_fp16,43,/features/features.2/features.2.0/block/block.3/block.3.0/Conv,tensorrt,trt_layer,0.246567,0.00607,0.240521,0.274531,60,0.369511,82.022113
efficientnet_b0,tensorrt_fp16,13,/features/features.2/features.2.1/block/block.0/block.0.0/Conv,tensorrt,trt_layer,0.488858,0.003606,0.483229,0.50276,60,0.732614,66.634489
efficientnet_b0,tensorrt_fp16,31,"PWN(PWN(/features/features.2/features.2.1/block/block.0/block.0.2/Sigmoid), /features/features.2/features.2.1/block/block.0/block.0.2/Mul)",tensorrt,trt_layer,0.308852,0.000531,0.307813,0.310313,60,0.462853,77.183643
efficientnet_b0,tensorrt_fp16,6,/features/features.2/features.2.1/block/block.1/block.1.0/Conv,tensorrt,trt_layer,0.723709,0.010391,0.705,0.750781,60,1.084567,60.692166
efficientnet_b0,tensorrt_fp16,27,"PWN(PWN(/features/features.2/features.2.1/block/block.1/block.1.2/Sigmoid), /features/features.2/features.2.1/block/block.1/block.1.2/Mul)",tensorrt,trt_layer,0.327282,0.00271,0.325364,0.33651,60,0.490472,75.28114
efficientnet_b0,tensorrt_fp16,63,/features/features.2/features.2.1/block/block.2/avgpool/GlobalAveragePool,tensorrt,trt_layer,0.162164,0.005872,0.15677,0.192864,60,0.243023,87.995274
efficientnet_b0,tensorrt_fp16,169,/features/features.2/features.2.1/block/block.2/fc1/Conv,tensorrt,trt_layer,0.02191,0.000598,0.019792,0.02302,60,0.032835,99.613934
efficientnet_b0,tensorrt_fp16,187,"PWN(PWN(/features/features.2/features.2.1/block/block.2/activation/Sigmoid), /features/features.2/features.2.1/block/block.2/activation/Mul)",tensorrt,trt_layer,0.007374,0.000302,0.006823,0.00849,60,0.011051,99.930104
efficientnet_b0,tensorrt_fp16,175,/features/features.2/features.2.1/block/block.2/fc2/Conv,tensorrt,trt_layer,0.014686,0.000288,0.01401,0.015469,60,0.022009,99.761768
efficientnet_b0,tensorrt_fp16,5,"PWN(PWN(/features/features.2/features.2.1/block/block.2/scale_activation/Sigmoid), /features/features.2/features.2.1/block/block.2/Mul)",tensorrt,trt_layer,0.809987,0.000392,0.809167,0.810729,60,1.213865,59.607598
efficientnet_b0,tensorrt_fp16,23,/features/features.2/features.2.1/block/block.3/block.3.0/Conv + /features/features.2/features.2.1/Add,tensorrt,trt_layer,0.363931,0.002197,0.358906,0.368646,60,0.545396,73.21832
efficientnet_b0,tensorrt_fp16,98,Reformatting CopyNode for Input Tensor 0 to /features/features.3/features.3.0/block/block.0/block.0.0/Conv,tensorrt,trt_layer,0.095912,0.003234,0.095,0.120364,60,0.143736,94.507906
efficientnet_b0,tensorrt_fp16,22,/features/features.3/features.3.0/block/block.0/block.0.0/Conv,tensorrt,trt_layer,0.374651,0.003864,0.369896,0.38526,60,0.561461,72.672924
efficientnet_b0,tensorrt_fp16,17,"Reformatting CopyNode for Input Tensor 0 to PWN(PWN(/features/features.3/features.3.0/block/block.0/block.0.2/Sigmoid), /features/features.3/features.3.0/block/block.0/block.0.2/Mul)",tensorrt,trt_layer,0.459955,0.000351,0.45901,0.461042,60,0.689299,69.437227
efficientnet_b0,tensorrt_fp16,24,"PWN(PWN(/features/features.3/features.3.0/block/block.0/block.0.2/Sigmoid), /features/features.3/features.3.0/block/block.0/block.0.2/Mul)",tensorrt,trt_layer,0.356862,0.000404,0.356042,0.358073,60,0.534802,73.753121
efficientnet_b0,tensorrt_fp16,1,/features/features.3/features.3.0/block/block.1/block.1.0/Conv,tensorrt,trt_layer,35.978999,273.040538,0.421719,2133.243164,60,53.918971,53.918971
efficientnet_b0,tensorrt_fp16,99,"PWN(PWN(/features/features.3/features.3.0/block/block.1/block.1.2/Sigmoid), /features/features.3/features.3.0/block/block.1/block.1.2/Mul)",tensorrt,trt_layer,0.092255,0.005649,0.090625,0.125416,60,0.138256,94.646162
efficientnet_b0,tensorrt_fp16,133,/features/features.3/features.3.0/block/block.2/avgpool/GlobalAveragePool,tensorrt,trt_layer,0.045313,0.009437,0.042552,0.117448,60,0.067907,97.854082
efficientnet_b0,tensorrt_fp16,166,/features/features.3/features.3.0/block/block.2/fc1/Conv,tensorrt,trt_layer,0.023694,0.019742,0.019896,0.173437,60,0.035508,99.513319
efficientnet_b0,tensorrt_fp16,178,"PWN(PWN(/features/features.3/features.3.0/block/block.2/activation/Sigmoid), /features/features.3/features.3.0/block/block.2/activation/Mul)",tensorrt,trt_layer,0.010122,0.017475,0.007187,0.144323,60,0.015169,99.816482
efficientnet_b0,tensorrt_fp16,168,/features/features.3/features.3.0/block/block.2/fc2/Conv,tensorrt,trt_layer,0.022217,0.037739,0.016302,0.312083,60,0.033295,99.581099
efficientnet_b0,tensorrt_fp16,74,"Reformatting CopyNode for Input Tensor 1 to PWN(PWN(/features/features.3/features.3.0/block/block.2/scale_activation/Sigmoid), /features/features.3/features.3.0/block/block.2/Mul)",tensorrt,trt_layer,0.141293,0.013781,0.13875,0.246407,60,0.211745,90.426657
efficientnet_b0,tensorrt_fp16,53,"PWN(PWN(/features/features.3/features.3.0/block/block.2/scale_activation/Sigmoid), /features/features.3/features.3.0/block/block.2/Mul)",tensorrt,trt_layer,0.196715,0.002013,0.195468,0.206562,60,0.294802,85.396408
efficientnet_b0,tensorrt_fp16,88,/features/features.3/features.3.0/block/block.3/block.3.0/Conv,tensorrt,trt_layer,0.104581,0.000931,0.102084,0.106407,60,0.156728,93.010244
efficientnet_b0,tensorrt_fp16,57,/features/features.3/features.3.1/block/block.0/block.0.0/Conv,tensorrt,trt_layer,0.167524,0.012209,0.162552,0.260781,60,0.251055,86.519256
efficientnet_b0,tensorrt_fp16,67,"PWN(PWN(/features/features.3/features.3.1/block/block.0/block.0.2/Sigmoid), /features/features.3/features.3.1/block/block.0/block.0.2/Mul)",tensorrt,trt_layer,0.15121,0.000292,0.150573,0.152031,60,0.226607,88.914642
efficientnet_b0,tensorrt_fp16,54,Reformatting CopyNode for Input Tensor 0 to /features/features.3/features.3.1/block/block.1/block.1.0/Conv,tensorrt,trt_layer,0.194676,0.000297,0.194115,0.19552,60,0.291746,85.688154
efficientnet_b0,tensorrt_fp16,20,/features/features.3/features.3.1/block/block.1/block.1.0/Conv,tensorrt,trt_layer,0.442755,0.015912,0.427188,0.562813,60,0.663523,71.449906
efficientnet_b0,tensorrt_fp16,66,"PWN(PWN(/features/features.3/features.3.1/block/block.1/block.1.2/Sigmoid), /features/features.3/features.3.1/block/block.1/block.1.2/Mul)",tensorrt,trt_layer,0.151325,0.00038,0.150573,0.152552,60,0.226779,88.688035
efficientnet_b0,tensorrt_fp16,101,/features/features.3/features.3.1/block/block.2/avgpool/GlobalAveragePool,tensorrt,trt_layer,0.081086,0.00513,0.077709,0.108386,60,0.121517,94.899061
efficientnet_b0,tensorrt_fp16,164,/features/features.3/features.3.1/block/block.2/fc1/Conv,tensorrt,trt_layer,0.026028,0.000534,0.025,0.027188,60,0.039006,99.43881
efficientnet_b0,tensorrt_fp16,186,"PWN(PWN(/features/features.3/features.3.1/block/block.2/activation/Sigmoid), /features/features.3/features.3.1/block/block.2/activation/Mul)",tensorrt,trt_layer,0.007473,0.000322,0.006771,0.008125,60,0.011199,99.919053
efficientnet_b0,tensorrt_fp16,146,/features/features.3/features.3.1/block/block.2/fc2/Conv,tensorrt,trt_layer,0.034846,0.005392,0.033541,0.064844,60,0.052221,98.648612
efficientnet_b0,tensorrt_fp16,45,"Reformatting CopyNode for Input Tensor 1 to PWN(PWN(/features/features.3/features.3.1/block/block.2/scale_activation/Sigmoid), /features/features.3/features.3.1/block/block.2/Mul)",tensorrt,trt_layer,0.230927,0.01258,0.22823,0.324479,60,0.346073,82.731305
efficientnet_b0,tensorrt_fp16,29,"PWN(PWN(/features/features.3/features.3.1/block/block.2/scale_activation/Sigmoid), /features/features.3/features.3.1/block/block.2/Mul)",tensorrt,trt_layer,0.31796,0.001027,0.316615,0.32401,60,0.476502,76.2455
efficientnet_b0,tensorrt_fp16,64,/features/features.3/features.3.1/block/block.3/block.3.0/Conv + /features/features.3/features.3.1/Add,tensorrt,trt_layer,0.155573,0.001671,0.148125,0.158125,60,0.233145,88.228419
efficientnet_b0,tensorrt_fp16,145,Reformatting CopyNode for Input Tensor 0 to /features/features.4/features.4.0/block/block.0/block.0.0/Conv,tensorrt,trt_layer,0.037309,0.000272,0.036875,0.038281,60,0.055912,98.596391
efficientnet_b0,tensorrt_fp16,39,/features/features.4/features.4.0/block/block.0/block.0.0/Conv,tensorrt,trt_layer,0.26808,0.001592,0.26526,0.271511,60,0.401751,80.514197
efficientnet_b0,tensorrt_fp16,79,"PWN(PWN(/features/features.4/features.4.0/block/block.0/block.0.2/Sigmoid), /features/features.4/features.4.0/block/block.0/block.0.2/Mul)",tensorrt,trt_layer,0.135361,0.000343,0.134479,0.136146,60,0.202855,91.456576
efficientnet_b0,tensorrt_fp16,44,/features/features.4/features.4.0/block/block.1/block.1.0/Conv,tensorrt,trt_layer,0.242302,0.001794,0.237291,0.246354,60,0.363119,82.385233
efficientnet_b0,tensorrt_fp16,144,"PWN(PWN(/features/features.4/features.4.0/block/block.1/block.1.2/Sigmoid), /features/features.4/features.4.0/block/block.1/block.1.2/Mul)",tensorrt,trt_layer,0.037379,0.00055,0.036614,0.03901,60,0.056017,98.540479
efficientnet_b0,tensorrt_fp16,121,"Reformatting CopyNode for Output Tensor 0 to PWN(PWN(/features/features.4/features.4.0/block/block.1/block.1.2/Sigmoid), /features/features.4/features.4.0/block/block.1/block.1.2/Mul)",tensorrt,trt_layer,0.062249,0.000464,0.061614,0.063386,60,0.093288,96.952707
efficientnet_b0,tensorrt_fp16,124,/features/features.4/features.4.0/block/block.2/avgpool/GlobalAveragePool,tensorrt,trt_layer,0.054434,0.000538,0.053333,0.055469,60,0.081576,97.213623
efficientnet_b0,tensorrt_fp16,165,/features/features.4/features.4.0/block/block.2/fc1/Conv,tensorrt,trt_layer,0.026024,0.000508,0.024583,0.026979,60,0.039,99.477811
efficientnet_b0,tensorrt_fp16,189,"PWN(PWN(/features/features.4/features.4.0/block/block.2/activation/Sigmoid), /features/features.4/features.4.0/block/block.2/activation/Mul)",tensorrt,trt_layer,0.007143,0.000284,0.006614,0.007812,60,0.010705,99.951795
efficientnet_b0,tensorrt_fp16,148,/features/features.4/features.4.0/block/block.2/fc2/Conv,tensorrt,trt_layer,0.033332,0.000235,0.032761,0.034062,60,0.049952,98.749276
efficientnet_b0,tensorrt_fp16,75,"PWN(PWN(/features/features.4/features.4.0/block/block.2/scale_activation/Sigmoid), /features/features.4/features.4.0/block/block.2/Mul)",tensorrt,trt_layer,0.1387,0.000742,0.138125,0.144011,60,0.207859,90.634516
efficientnet_b0,tensorrt_fp16,100,/features/features.4/features.4.0/block/block.3/block.3.0/Conv,tensorrt,trt_layer,0.087668,0.002531,0.083698,0.095625,60,0.131381,94.777543
efficientnet_b0,tensorrt_fp16,70,/features/features.4/features.4.1/block/block.0/block.0.0/Conv,tensorrt,trt_layer,0.144176,0.002515,0.139635,0.158021,60,0.216066,89.570315
efficientnet_b0,tensorrt_fp16,94,"Reformatting CopyNode for Input Tensor 0 to PWN(PWN(/features/features.4/features.4.1/block/block.0/block.0.2/Sigmoid), /features/features.4/features.4.1/block/block.0/block.0.2/Mul)",tensorrt,trt_layer,0.100256,0.001137,0.099271,0.106146,60,0.150246,93.919094
efficientnet_b0,tensorrt_fp16,111,"PWN(PWN(/features/features.4/features.4.1/block/block.0/block.0.2/Sigmoid), /features/features.4/features.4.1/block/block.0/block.0.2/Mul)",tensorrt,trt_layer,0.070279,0.000281,0.069688,0.070885,60,0.105322,95.994772
efficientnet_b0,tensorrt_fp16,35,/features/features.4/features.4.1/block/block.1/block.1.0/Conv,tensorrt,trt_layer,0.274624,0.021502,0.27026,0.439688,60,0.411558,78.883028
efficientnet_b0,tensorrt_fp16,105,"PWN(PWN(/features/features.4/features.4.1/block/block.1/block.1.2/Sigmoid), /features/features.4/features.4.1/block/block.1/block.1.2/Mul)",tensorrt,trt_layer,0.073437,0.002468,0.072656,0.092291,60,0.110054,95.349935
efficientnet_b0,tensorrt_fp16,83,"Reformatting CopyNode for Output Tensor 0 to PWN(PWN(/features/features.4/features.4.1/block/block.1/block.1.2/Sigmoid), /features/features.4/features.4.1/block/block.1/block.1.2/Mul)",tensorrt,trt_layer,0.118641,0.012873,0.116407,0.2175,60,0.177798,92.205134
efficientnet_b0,tensorrt_fp16,114,/features/features.4/features.4.1/block/block.2/avgpool/GlobalAveragePool,tensorrt,trt_layer,0.064903,0.010081,0.061771,0.141875,60,0.097265,96.292314
efficientnet_b0,tensorrt_fp16,159,/features/features.4/features.4.1/block/block.2/fc1/Conv,tensorrt,trt_layer,0.02689,0.022208,0.023177,0.197448,60,0.040298,99.24079
efficientnet_b0,tensorrt_fp16,180,"PWN(PWN(/features/features.4/features.4.1/block/block.2/activation/Sigmoid), /features/features.4/features.4.1/block/block.2/activation/Mul)",tensorrt,trt_layer,0.009371,0.019985,0.006093,0.162865,60,0.014044,99.84526
efficientnet_b0,tensorrt_fp16,170,/features/features.4/features.4.1/block/block.2/fc2/Conv,tensorrt,trt_layer,0.021416,0.01837,0.018386,0.1625,60,0.032095,99.646028
efficientnet_b0,tensorrt_fp16,60,"PWN(PWN(/features/features.4/features.4.1/block/block.2/scale_activation/Sigmoid), /features/features.4/features.4.1/block/block.2/Mul)",tensorrt,trt_layer,0.164627,0.010752,0.162604,0.247187,60,0.246714,87.264075
efficientnet_b0,tensorrt_fp16,72,/features/features.4/features.4.1/block/block.3/block.3.0/Conv + /features/features.4/features.4.1/Add,tensorrt,trt_layer,0.143306,0.004286,0.137187,0.158854,60,0.214762,90.00056
efficientnet_b0,tensorrt_fp16,73,/features/features.4/features.4.2/block/block.0/block.0.0/Conv,tensorrt,trt_layer,0.143033,0.00328,0.140104,0.165938,60,0.214353,90.214912
efficientnet_b0,tensorrt_fp16,91,"Reformatting CopyNode for Input Tensor 0 to PWN(PWN(/features/features.4/features.4.2/block/block.0/block.0.2/Sigmoid), /features/features.4/features.4.2/block/block.0/block.0.2/Mul)",tensorrt,trt_layer,0.100671,0.005649,0.099427,0.14401,60,0.150868,93.467802
efficientnet_b0,tensorrt_fp16,106,"PWN(PWN(/features/features.4/features.4.2/block/block.0/block.0.2/Sigmoid), /features/features.4/features.4.2/block/block.0/block.0.2/Mul)",tensorrt,trt_layer,0.072422,0.008691,0.070156,0.134271,60,0.108533,95.458468
efficientnet_b0,tensorrt_fp16,28,/features/features.4/features.4.2/block/block.1/block.1.0/Conv,tensorrt,trt_layer,0.325537,0.371488,0.270469,3.167031,60,0.487857,75.768998
efficientnet_b0,tensorrt_fp16,102,"PWN(PWN(/features/features.4/features.4.2/block/block.1/block.1.2/Sigmoid), /features/features.4/features.4.2/block/block.1/block.1.2/Mul)",tensorrt,trt_layer,0.077322,0.031478,0.071511,0.316771,60,0.115877,95.014937
efficientnet_b0,tensorrt_fp16,82,"Reformatting CopyNode for Output Tensor 0 to PWN(PWN(/features/features.4/features.4.2/block/block.1/block.1.2/Sigmoid), /features/features.4/features.4.2/block/block.1/block.1.2/Mul)",tensorrt,trt_layer,0.122825,0.034546,0.116562,0.374531,60,0.184068,92.027335
efficientnet_b0,tensorrt_fp16,112,/features/features.4/features.4.2/block/block.2/avgpool/GlobalAveragePool,tensorrt,trt_layer,0.067979,0.02868,0.061771,0.285,60,0.101875,96.096646
efficientnet_b0,tensorrt_fp16,149,/features/features.4/features.4.2/block/block.2/fc1/Conv,tensorrt,trt_layer,0.031589,0.042606,0.022917,0.318803,60,0.04734,98.796616
efficientnet_b0,tensorrt_fp16,173,"PWN(PWN(/features/features.4/features.4.2/block/block.2/activation/Sigmoid), /features/features.4/features.4.2/block/block.2/activation/Mul)",tensorrt,trt_layer,0.014811,0.043186,0.006562,0.311927,60,0.022196,99.717721
efficientnet_b0,tensorrt_fp16,160,/features/features.4/features.4.2/block/block.2/fc2/Conv,tensorrt,trt_layer,0.026717,0.04293,0.018437,0.315,60,0.040039,99.280829
efficientnet_b0,tensorrt_fp16,58,"PWN(PWN(/features/features.4/features.4.2/block/block.2/scale_activation/Sigmoid), /features/features.4/features.4.2/block/block.2/Mul)",tensorrt,trt_layer,0.166998,0.023201,0.162136,0.311354,60,0.250267,86.769523
efficientnet_b0,tensorrt_fp16,68,/features/features.4/features.4.2/block/block.3/block.3.0/Conv + /features/features.4/features.4.2/Add,tensorrt,trt_layer,0.14712,0.034805,0.136979,0.413073,60,0.220477,89.13512
efficientnet_b0,tensorrt_fp16,71,/features/features.5/features.5.0/block/block.0/block.0.0/Conv,tensorrt,trt_layer,0.143787,0.008592,0.140365,0.209166,60,0.215483,89.785798
efficientnet_b0,tensorrt_fp16,95,"Reformatting CopyNode for Input Tensor 0 to PWN(PWN(/features/features.5/features.5.0/block/block.0/block.0.2/Sigmoid), /features/features.5/features.5.0/block/block.0/block.0.2/Mul)",tensorrt,trt_layer,0.099925,0.000278,0.099375,0.100678,60,0.14975,94.068844
efficientnet_b0,tensorrt_fp16,109,"PWN(PWN(/features/features.5/features.5.0/block/block.0/block.0.2/Sigmoid), /features/features.5/features.5.0/block/block.0/block.0.2/Mul)",tensorrt,trt_layer,0.071669,0.000306,0.071041,0.072396,60,0.107405,95.78227
efficientnet_b0,tensorrt_fp16,26,/features/features.5/features.5.0/block/block.1/block.1.0/Conv,tensorrt,trt_layer,0.340737,0.018214,0.333541,0.471458,60,0.510636,74.790668
efficientnet_b0,tensorrt_fp16,110,"PWN(PWN(/features/features.5/features.5.0/block/block.1/block.1.2/Sigmoid), /features/features.5/features.5.0/block/block.1/block.1.2/Mul)",tensorrt,trt_layer,0.071519,0.000265,0.070989,0.072292,60,0.10718,95.88945
efficientnet_b0,tensorrt_fp16,84,"Reformatting CopyNode for Output Tensor 0 to PWN(PWN(/features/features.5/features.5.0/block/block.1/block.1.2/Sigmoid), /features/features.5/features.5.0/block/block.1/block.1.2/Mul)",tensorrt,trt_layer,0.11744,0.003881,0.116354,0.147135,60,0.175998,92.381132
efficientnet_b0,tensorrt_fp16,113,/features/features.5/features.5.0/block/block.2/avgpool/GlobalAveragePool,tensorrt,trt_layer,0.065662,0.011653,0.061719,0.145677,60,0.098403,96.195049
efficientnet_b0,tensorrt_fp16,158,/features/features.5/features.5.0/block/block.2/fc1/Conv,tensorrt,trt_layer,0.027061,0.020024,0.023073,0.178698,60,0.040554,99.200492
efficientnet_b0,tensorrt_fp16,179,"PWN(PWN(/features/features.5/features.5.0/block/block.2/activation/Sigmoid), /features/features.5/features.5.0/block/block.2/activation/Mul)",tensorrt,trt_layer,0.009832,0.018713,0.006718,0.153542,60,0.014734,99.831216
efficientnet_b0,tensorrt_fp16,167,/features/features.5/features.5.0/block/block.2/fc2/Conv,tensorrt,trt_layer,0.023011,0.024492,0.018802,0.208698,60,0.034485,99.547804
efficientnet_b0,tensorrt_fp16,59,"PWN(PWN(/features/features.5/features.5.0/block/block.2/scale_activation/Sigmoid), /features/features.5/features.5.0/block/block.2/Mul)",tensorrt,trt_layer,0.165377,0.011641,0.162761,0.249948,60,0.247838,87.017361
efficientnet_b0,tensorrt_fp16,65,/features/features.5/features.5.0/block/block.3/block.3.0/Conv,tensorrt,trt_layer,0.155367,0.004832,0.147552,0.181875,60,0.232837,88.461256
efficientnet_b0,tensorrt_fp16,47,/features/features.5/features.5.1/block/block.0/block.0.0/Conv,tensorrt,trt_layer,0.22846,0.007588,0.225,0.28599,60,0.342376,83.417768
efficientnet_b0,tensorrt_fp16,78,"Reformatting CopyNode for Input Tensor 0 to PWN(PWN(/features/features.5/features.5.1/block/block.0/block.0.2/Sigmoid), /features/features.5/features.5.1/block/block.0/block.0.2/Mul)",tensorrt,trt_layer,0.137689,0.000288,0.137188,0.138438,60,0.206344,91.25372
efficientnet_b0,tensorrt_fp16,97,"PWN(PWN(/features/features.5/features.5.1/block/block.0/block.0.2/Sigmoid), /features/features.5/features.5.1/block/block.0/block.0.2/Mul)",tensorrt,trt_layer,0.097177,0.000333,0.09651,0.098385,60,0.145632,94.36417
efficientnet_b0,tensorrt_fp16,15,/features/features.5/features.5.1/block/block.1/block.1.0/Conv,tensorrt,trt_layer,0.461224,0.003695,0.456041,0.477344,60,0.691201,68.057461
efficientnet_b0,tensorrt_fp16,93,"PWN(PWN(/features/features.5/features.5.1/block/block.1/block.1.2/Sigmoid), /features/features.5/features.5.1/block/block.1/block.1.2/Mul)",tensorrt,trt_layer,0.100368,0.000378,0.099635,0.101771,60,0.150414,93.768848
efficientnet_b0,tensorrt_fp16,117,/features/features.5/features.5.1/block/block.2/avgpool/GlobalAveragePool,tensorrt,trt_layer,0.063014,0.001395,0.061354,0.070573,60,0.094434,96.576886
efficientnet_b0,tensorrt_fp16,153,/features/features.5/features.5.1/block/block.2/fc1/Conv,tensorrt,trt_layer,0.030626,0.000657,0.029375,0.032188,60,0.045897,98.982249
efficientnet_b0,tensorrt_fp16,184,"PWN(PWN(/features/features.5/features.5.1/block/block.2/activation/Sigmoid), /features/features.5/features.5.1/block/block.2/activation/Mul)",tensorrt,trt_layer,0.008329,0.000307,0.007708,0.009063,60,0.012482,99.896471
efficientnet_b0,tensorrt_fp16,157,/features/features.5/features.5.1/block/block.2/fc2/Conv,tensorrt,trt_layer,0.028731,0.013862,0.026041,0.135156,60,0.043057,99.159938
efficientnet_b0,tensorrt_fp16,61,"Reformatting CopyNode for Input Tensor 1 to PWN(PWN(/features/features.5/features.5.1/block/block.2/scale_activation/Sigmoid), /features/features.5/features.5.1/block/block.2/Mul)",tensorrt,trt_layer,0.16357,0.012339,0.161198,0.258229,60,0.24513,87.509205
efficientnet_b0,tensorrt_fp16,51,"PWN(PWN(/features/features.5/features.5.1/block/block.2/scale_activation/Sigmoid), /features/features.5/features.5.1/block/block.2/Mul)",tensorrt,trt_layer,0.225199,0.001143,0.224271,0.230833,60,0.337488,84.775539
efficientnet_b0,tensorrt_fp16,56,/features/features.5/features.5.1/block/block.3/block.3.0/Conv + /features/features.5/features.5.1/Add,tensorrt,trt_layer,0.193309,0.003044,0.18948,0.208073,60,0.289697,86.2682
efficientnet_b0,tensorrt_fp16,49,/features/features.5/features.5.2/block/block.0/block.0.0/Conv,tensorrt,trt_layer,0.227275,0.001161,0.224583,0.229584,60,0.3406,84.099448
efficientnet_b0,tensorrt_fp16,77,"Reformatting CopyNode for Input Tensor 0 to PWN(PWN(/features/features.5/features.5.2/block/block.0/block.0.2/Sigmoid), /features/features.5/features.5.2/block/block.0/block.0.2/Mul)",tensorrt,trt_layer,0.13774,0.000428,0.137135,0.139427,60,0.20642,91.047377
efficientnet_b0,tensorrt_fp16,96,"PWN(PWN(/features/features.5/features.5.2/block/block.0/block.0.2/Sigmoid), /features/features.5/features.5.2/block/block.0/block.0.2/Mul)",tensorrt,trt_layer,0.099888,0.000374,0.099219,0.101145,60,0.149694,94.218539
efficientnet_b0,tensorrt_fp16,16,/features/features.5/features.5.2/block/block.1/block.1.0/Conv,tensorrt,trt_layer,0.460734,0.00267,0.457188,0.468697,60,0.690467,68.747927
efficientnet_b0,tensorrt_fp16,92,"PWN(PWN(/features/features.5/features.5.2/block/block.1/block.1.2/Sigmoid), /features/features.5/features.5.2/block/block.1/block.1.2/Mul)",tensorrt,trt_layer,0.100514,0.000776,0.099532,0.105729,60,0.150633,93.618434
efficientnet_b0,tensorrt_fp16,120,/features/features.5/features.5.2/block/block.2/avgpool/GlobalAveragePool,tensorrt,trt_layer,0.062787,0.001248,0.060625,0.068125,60,0.094094,96.859419
efficientnet_b0,tensorrt_fp16,154,/features/features.5/features.5.2/block/block.2/fc1/Conv,tensorrt,trt_layer,0.030607,0.000722,0.029063,0.032135,60,0.045868,99.028117
efficientnet_b0,tensorrt_fp16,181,"PWN(PWN(/features/features.5/features.5.2/block/block.2/activation/Sigmoid), /features/features.5/features.5.2/block/block.2/activation/Mul)",tensorrt,trt_layer,0.008681,0.00028,0.008177,0.009375,60,0.01301,99.858269
efficientnet_b0,tensorrt_fp16,163,/features/features.5/features.5.2/block/block.2/fc2/Conv,tensorrt,trt_layer,0.026349,0.000396,0.025104,0.0275,60,0.039487,99.399804
efficientnet_b0,tensorrt_fp16,62,"Reformatting CopyNode for Input Tensor 1 to PWN(PWN(/features/features.5/features.5.2/block/block.2/scale_activation/Sigmoid), /features/features.5/features.5.2/block/block.2/Mul)",tensorrt,trt_layer,0.16218,0.001486,0.161145,0.172344,60,0.243047,87.752251
efficientnet_b0,tensorrt_fp16,50,"PWN(PWN(/features/features.5/features.5.2/block/block.2/scale_activation/Sigmoid), /features/features.5/features.5.2/block/block.2/Mul)",tensorrt,trt_layer,0.225942,0.001217,0.224844,0.230677,60,0.338602,84.43805
efficientnet_b0,tensorrt_fp16,55,/features/features.5/features.5.2/block/block.3/block.3.0/Conv + /features/features.5/features.5.2/Add,tensorrt,trt_layer,0.193744,0.002449,0.18875,0.20375,60,0.290349,85.978503
efficientnet_b0,tensorrt_fp16,48,/features/features.6/features.6.0/block/block.0/block.0.0/Conv,tensorrt,trt_layer,0.227596,0.00138,0.224792,0.232031,60,0.341081,83.758848
efficientnet_b0,tensorrt_fp16,76,"Reformatting CopyNode for Input Tensor 0 to PWN(PWN(/features/features.6/features.6.0/block/block.0/block.0.2/Sigmoid), /features/features.6/features.6.0/block/block.0/block.0.2/Mul)",tensorrt,trt_layer,0.137753,0.000751,0.137031,0.140989,60,0.20644,90.840956
efficientnet_b0,tensorrt_fp16,90,"PWN(PWN(/features/features.6/features.6.0/block/block.0/block.0.2/Sigmoid), /features/features.6/features.6.0/block/block.0/block.0.2/Mul)",tensorrt,trt_layer,0.101056,0.000465,0.100312,0.10276,60,0.151445,93.316934
efficientnet_b0,tensorrt_fp16,25,/features/features.6/features.6.0/block/block.1/block.1.0/Conv,tensorrt,trt_layer,0.351596,0.002547,0.347657,0.360417,60,0.52691,74.280031
efficientnet_b0,tensorrt_fp16,150,"PWN(PWN(/features/features.6/features.6.0/block/block.1/block.1.2/Sigmoid), /features/features.6/features.6.0/block/block.1/block.1.2/Mul)",tensorrt,trt_layer,0.03126,0.000447,0.030521,0.033073,60,0.046847,98.843463
efficientnet_b0,tensorrt_fp16,162,/features/features.6/features.6.0/block/block.2/avgpool/GlobalAveragePool,tensorrt,trt_layer,0.0264,0.000399,0.025677,0.027917,60,0.039564,99.360317
efficientnet_b0,tensorrt_fp16,155,/features/features.6/features.6.0/block/block.2/fc1/Conv,tensorrt,trt_layer,0.030375,0.000762,0.028021,0.031667,60,0.045521,99.073638
efficientnet_b0,tensorrt_fp16,183,"PWN(PWN(/features/features.6/features.6.0/block/block.2/activation/Sigmoid), /features/features.6/features.6.0/block/block.2/activation/Mul)",tensorrt,trt_layer,0.008496,0.000319,0.007969,0.009427,60,0.012732,99.883989
efficientnet_b0,tensorrt_fp16,161,/features/features.6/features.6.0/block/block.2/fc2/Conv,tensorrt,trt_layer,0.026641,0.000407,0.025885,0.0275,60,0.039925,99.320753
efficientnet_b0,tensorrt_fp16,134,"Reformatting CopyNode for Input Tensor 1 to PWN(PWN(/features/features.6/features.6.0/block/block.2/scale_activation/Sigmoid), /features/features.6/features.6.0/block/block.2/Mul)",tensorrt,trt_layer,0.044891,0.006238,0.043646,0.09276,60,0.067275,97.921357
efficientnet_b0,tensorrt_fp16,115,"PWN(PWN(/features/features.6/features.6.0/block/block.2/scale_activation/Sigmoid), /features/features.6/features.6.0/block/block.2/Mul)",tensorrt,trt_layer,0.063786,0.012534,0.061719,0.160052,60,0.095591,96.387905
efficientnet_b0,tensorrt_fp16,81,/features/features.6/features.6.0/block/block.3/block.3.0/Conv,tensorrt,trt_layer,0.123037,0.016506,0.118489,0.249584,60,0.184386,91.843267
efficientnet_b0,tensorrt_fp16,38,/features/features.6/features.6.1/block/block.0/block.0.0/Conv,tensorrt,trt_layer,0.273077,0.00328,0.265469,0.280156,60,0.40924,80.112446
efficientnet_b0,tensorrt_fp16,122,"Reformatting CopyNode for Input Tensor 0 to PWN(PWN(/features/features.6/features.6.1/block/block.0/block.0.2/Sigmoid), /features/features.6/features.6.1/block/block.0/block.0.2/Mul)",tensorrt,trt_layer,0.061899,0.000358,0.061406,0.063333,60,0.092763,97.04547
efficientnet_b0,tensorrt_fp16,135,"PWN(PWN(/features/features.6/features.6.1/block/block.0/block.0.2/Sigmoid), /features/features.6/features.6.1/block/block.0/block.0.2/Mul)",tensorrt,trt_layer,0.044038,0.000348,0.043489,0.045208,60,0.065996,97.987353
efficientnet_b0,tensorrt_fp16,10,/features/features.6/features.6.1/block/block.1/block.1.0/Conv,tensorrt,trt_layer,0.531215,0.023931,0.520625,0.711302,60,0.796091,64.311881
efficientnet_b0,tensorrt_fp16,128,"PWN(PWN(/features/features.6/features.6.1/block/block.1/block.1.2/Sigmoid), /features/features.6/features.6.1/block/block.1/block.1.2/Mul)",tensorrt,trt_layer,0.048549,0.000607,0.04776,0.050208,60,0.072757,97.510364
efficientnet_b0,tensorrt_fp16,107,"Reformatting CopyNode for Output Tensor 0 to PWN(PWN(/features/features.6/features.6.1/block/block.1/block.1.2/Sigmoid), /features/features.6/features.6.1/block/block.1/block.1.2/Mul)",tensorrt,trt_layer,0.072227,0.000302,0.07177,0.07349,60,0.108241,95.566709
efficientnet_b0,tensorrt_fp16,142,/features/features.6/features.6.1/block/block.2/avgpool/GlobalAveragePool,tensorrt,trt_layer,0.039474,0.000375,0.038906,0.040573,60,0.059157,98.425498
efficientnet_b0,tensorrt_fp16,138,/features/features.6/features.6.1/block/block.2/fc1/Conv,tensorrt,trt_layer,0.042463,0.000775,0.041042,0.045469,60,0.063636,98.180401
efficientnet_b0,tensorrt_fp16,182,"PWN(PWN(/features/features.6/features.6.1/block/block.2/activation/Sigmoid), /features/features.6/features.6.1/block/block.2/activation/Mul)",tensorrt,trt_layer,0.008666,0.011037,0.006459,0.093385,60,0.012987,99.871256
efficientnet_b0,tensorrt_fp16,152,/features/features.6/features.6.1/block/block.2/fc2/Conv,tensorrt,trt_layer,0.030888,0.016136,0.027448,0.15474,60,0.046289,98.936352
efficientnet_b0,tensorrt_fp16,86,"PWN(PWN(/features/features.6/features.6.1/block/block.2/scale_activation/Sigmoid), /features/features.6/features.6.1/block/block.2/Mul)",tensorrt,trt_layer,0.105078,0.011465,0.102657,0.193072,60,0.157472,92.696466
efficientnet_b0,tensorrt_fp16,42,/features/features.6/features.6.1/block/block.3/block.3.0/Conv + /features/features.6/features.6.1/Add,tensorrt,trt_layer,0.2529,0.011404,0.246562,0.339167,60,0.379002,81.652602
efficientnet_b0,tensorrt_fp16,37,/features/features.6/features.6.2/block/block.0/block.0.0/Conv,tensorrt,trt_layer,0.273185,0.003012,0.267864,0.279843,60,0.409401,79.703206
efficientnet_b0,tensorrt_fp16,118,"Reformatting CopyNode for Input Tensor 0 to PWN(PWN(/features/features.6/features.6.2/block/block.0/block.0.2/Sigmoid), /features/features.6/features.6.2/block/block.0/block.0.2/Mul)",tensorrt,trt_layer,0.062892,0.003465,0.061406,0.08875,60,0.094251,96.671138
efficientnet_b0,tensorrt_fp16,131,"PWN(PWN(/features/features.6/features.6.2/block/block.0/block.0.2/Sigmoid), /features/features.6/features.6.2/block/block.0/block.0.2/Mul)",tensorrt,trt_layer,0.045698,0.004759,0.044375,0.077708,60,0.068484,97.718196
efficientnet_b0,tensorrt_fp16,12,/features/features.6/features.6.2/block/block.1/block.1.0/Conv,tensorrt,trt_layer,0.530031,0.004408,0.52125,0.543125,60,0.794317,65.901875
efficientnet_b0,tensorrt_fp16,126,"PWN(PWN(/features/features.6/features.6.2/block/block.1/block.1.2/Sigmoid), /features/features.6/features.6.2/block/block.1/block.1.2/Mul)",tensorrt,trt_layer,0.049745,0.000766,0.048437,0.05125,60,0.074549,97.363787
efficientnet_b0,tensorrt_fp16,108,"Reformatting CopyNode for Output Tensor 0 to PWN(PWN(/features/features.6/features.6.2/block/block.1/block.1.2/Sigmoid), /features/features.6/features.6.2/block/block.1/block.1.2/Mul)",tensorrt,trt_layer,0.07217,0.00058,0.071719,0.076146,60,0.108156,95.674865
efficientnet_b0,tensorrt_fp16,143,/features/features.6/features.6.2/block/block.2/avgpool/GlobalAveragePool,tensorrt,trt_layer,0.039345,0.000379,0.038646,0.040313,60,0.058963,98.484462
efficientnet_b0,tensorrt_fp16,139,/features/features.6/features.6.2/block/block.2/fc1/Conv,tensorrt,trt_layer,0.042253,0.000608,0.040729,0.043958,60,0.063321,98.243723
efficientnet_b0,tensorrt_fp16,191,"PWN(PWN(/features/features.6/features.6.2/block/block.2/activation/Sigmoid), /features/features.6/features.6.2/block/block.2/activation/Mul)",tensorrt,trt_layer,0.006796,0.000284,0.006198,0.007396,60,0.010185,99.972314
efficientnet_b0,tensorrt_fp16,151,/features/features.6/features.6.2/block/block.2/fc2/Conv,tensorrt,trt_layer,0.031095,0.01959,0.027188,0.181511,60,0.0466,98.890063
efficientnet_b0,tensorrt_fp16,85,"PWN(PWN(/features/features.6/features.6.2/block/block.2/scale_activation/Sigmoid), /features/features.6/features.6.2/block/block.2/Mul)",tensorrt,trt_layer,0.105338,0.01177,0.102916,0.195677,60,0.157862,92.538994
efficientnet_b0,tensorrt_fp16,40,/features/features.6/features.6.2/block/block.3/block.3.0/Conv + /features/features.6/features.6.2/Add,tensorrt,trt_layer,0.253409,0.00971,0.248437,0.326093,60,0.379765,80.893962
efficientnet_b0,tensorrt_fp16,36,/features/features.6/features.6.3/block/block.0/block.0.0/Conv,tensorrt,trt_layer,0.274103,0.003029,0.268438,0.283386,60,0.410777,79.293805
efficientnet_b0,tensorrt_fp16,119,"Reformatting CopyNode for Input Tensor 0 to PWN(PWN(/features/features.6/features.6.3/block/block.0/block.0.2/Sigmoid), /features/features.6/features.6.3/block/block.0/block.0.2/Mul)",tensorrt,trt_layer,0.062849,0.0008,0.061354,0.064167,60,0.094187,96.765325
efficientnet_b0,tensorrt_fp16,130,"PWN(PWN(/features/features.6/features.6.3/block/block.0/block.0.2/Sigmoid), /features/features.6/features.6.3/block/block.0/block.0.2/Mul)",tensorrt,trt_layer,0.046049,0.000269,0.045416,0.046823,60,0.06901,97.649712
efficientnet_b0,tensorrt_fp16,11,/features/features.6/features.6.3/block/block.1/block.1.0/Conv,tensorrt,trt_layer,0.530939,0.004582,0.523959,0.550729,60,0.795678,65.107558
efficientnet_b0,tensorrt_fp16,125,"PWN(PWN(/features/features.6/features.6.3/block/block.1/block.1.2/Sigmoid), /features/features.6/features.6.3/block/block.1/block.1.2/Mul)",tensorrt,trt_layer,0.050456,0.000721,0.049063,0.051614,60,0.075615,97.289237
efficientnet_b0,tensorrt_fp16,104,"Reformatting CopyNode for Output Tensor 0 to PWN(PWN(/features/features.6/features.6.3/block/block.1/block.1.2/Sigmoid), /features/features.6/features.6.3/block/block.1/block.1.2/Mul)",tensorrt,trt_layer,0.074371,0.00732,0.071719,0.111094,60,0.111454,95.23988
efficientnet_b0,tensorrt_fp16,141,/features/features.6/features.6.3/block/block.2/avgpool/GlobalAveragePool,tensorrt,trt_layer,0.039647,0.000987,0.038593,0.043125,60,0.059416,98.366342
efficientnet_b0,tensorrt_fp16,140,/features/features.6/features.6.3/block/block.2/fc1/Conv,tensorrt,trt_layer,0.042174,0.000603,0.040677,0.043438,60,0.063203,98.306926
efficientnet_b0,tensorrt_fp16,190,"PWN(PWN(/features/features.6/features.6.3/block/block.2/activation/Sigmoid), /features/features.6/features.6.3/block/block.2/activation/Mul)",tensorrt,trt_layer,0.006896,0.000269,0.006459,0.007969,60,0.010335,99.96213
efficientnet_b0,tensorrt_fp16,156,/features/features.6/features.6.3/block/block.2/fc2/Conv,tensorrt,trt_layer,0.028855,0.006056,0.025677,0.075,60,0.043243,99.116881
efficientnet_b0,tensorrt_fp16,87,"PWN(PWN(/features/features.6/features.6.3/block/block.2/scale_activation/Sigmoid), /features/features.6/features.6.3/block/block.2/Mul)",tensorrt,trt_layer,0.104796,0.011255,0.102761,0.191198,60,0.15705,92.853516
efficientnet_b0,tensorrt_fp16,41,/features/features.6/features.6.3/block/block.3/block.3.0/Conv + /features/features.6/features.6.3/Add,tensorrt,trt_layer,0.253325,0.008903,0.247292,0.319948,60,0.379639,81.2736
efficientnet_b0,tensorrt_fp16,32,/features/features.7/features.7.0/block/block.0/block.0.0/Conv,tensorrt,trt_layer,0.294799,0.155507,0.267604,1.489011,60,0.441793,77.625435
efficientnet_b0,tensorrt_fp16,116,"Reformatting CopyNode for Input Tensor 0 to PWN(PWN(/features/features.7/features.7.0/block/block.0/block.0.2/Sigmoid), /features/features.7/features.7.0/block/block.0/block.0.2/Mul)",tensorrt,trt_layer,0.063089,0.000782,0.061354,0.064635,60,0.094547,96.482452
efficientnet_b0,tensorrt_fp16,136,"PWN(PWN(/features/features.7/features.7.0/block/block.0/block.0.2/Sigmoid), /features/features.7/features.7.0/block/block.0/block.0.2/Mul)",tensorrt,trt_layer,0.043299,0.002942,0.042448,0.065833,60,0.064889,98.052242
efficientnet_b0,tensorrt_fp16,21,/features/features.7/features.7.0/block/block.1/block.1.0/Conv,tensorrt,trt_layer,0.441443,0.036617,0.430886,0.712187,60,0.661557,72.111463
efficientnet_b0,tensorrt_fp16,127,"PWN(PWN(/features/features.7/features.7.0/block/block.1/block.1.2/Sigmoid), /features/features.7/features.7.0/block/block.1/block.1.2/Mul)",tensorrt,trt_layer,0.049259,0.000752,0.0475,0.050417,60,0.073821,97.437607
efficientnet_b0,tensorrt_fp16,103,"Reformatting CopyNode for Output Tensor 0 to PWN(PWN(/features/features.7/features.7.0/block/block.1/block.1.2/Sigmoid), /features/features.7/features.7.0/block/block.1/block.1.2/Mul)",tensorrt,trt_layer,0.075729,0.016878,0.071719,0.193594,60,0.113489,95.128426
efficientnet_b0,tensorrt_fp16,132,/features/features.7/features.7.0/block/block.2/avgpool/GlobalAveragePool,tensorrt,trt_layer,0.045361,0.029613,0.03875,0.22349,60,0.067979,97.786175
efficientnet_b0,tensorrt_fp16,129,/features/features.7/features.7.0/block/block.2/fc1/Conv,tensorrt,trt_layer,0.046935,0.024847,0.041094,0.18349,60,0.070338,97.580702
efficientnet_b0,tensorrt_fp16,174,"PWN(PWN(/features/features.7/features.7.0/block/block.2/activation/Sigmoid), /features/features.7/features.7.0/block/block.2/activation/Mul)",tensorrt,trt_layer,0.014706,0.042358,0.006719,0.304427,60,0.022039,99.73976
efficientnet_b0,tensorrt_fp16,147,/features/features.7/features.7.0/block/block.2/fc2/Conv,tensorrt,trt_layer,0.033839,0.026169,0.026302,0.18849,60,0.050712,98.699324
efficientnet_b0,tensorrt_fp16,89,"PWN(PWN(/features/features.7/features.7.0/block/block.2/scale_activation/Sigmoid), /features/features.7/features.7.0/block/block.2/Mul)",tensorrt,trt_layer,0.103592,0.016845,0.099791,0.198229,60,0.155245,93.165489
efficientnet_b0,tensorrt_fp16,30,/features/features.7/features.7.0/block/block.3/block.3.0/Conv,tensorrt,trt_layer,0.317151,0.018623,0.302292,0.424791,60,0.47529,76.72079
efficientnet_b0,tensorrt_fp16,18,/features/features.8/features.8.0/Conv,tensorrt,trt_layer,0.450385,0.003928,0.442708,0.459427,60,0.674958,70.112184
efficientnet_b0,tensorrt_fp16,123,"PWN(PWN(/features/features.8/features.8.2/Sigmoid), /features/features.8/features.8.2/Mul)",tensorrt,trt_layer,0.057771,0.000709,0.05599,0.059219,60,0.086577,97.132047
efficientnet_b0,tensorrt_fp16,137,/avgpool/GlobalAveragePool,tensorrt,trt_layer,0.043055,0.000395,0.042343,0.044219,60,0.064523,98.116765
efficientnet_b0,tensorrt_fp16,46,/classifier/classifier.1/Gemm,tensorrt,trt_layer,0.229602,0.00609,0.217708,0.257917,60,0.344087,83.075392
efficientnet_b0,tensorrt_fp16,192,Reformatting CopyNode for Input Tensor 0 to (Unnamed Layer* 253) [Shuffle],tensorrt,trt_layer,0.006559,0.000274,0.006145,0.00724,60,0.009829,99.982144
efficientnet_b0,tensorrt_fp32,16,/features/features.0/features.0.0/Conv,tensorrt,trt_layer,0.605773,0.035055,0.476979,0.701666,60,0.696136,73.186054
efficientnet_b0,tensorrt_fp32,49,"PWN(PWN(/features/features.0/features.0.2/Sigmoid), /features/features.0/features.0.2/Mul)",tensorrt,trt_layer,0.279621,0.000662,0.278334,0.281562,60,0.321332,89.143233
efficientnet_b0,tensorrt_fp32,15,/features/features.1/features.1.0/block/block.0/block.0.0/Conv,tensorrt,trt_layer,0.693085,0.006247,0.671354,0.706041,60,0.796473,72.489917
efficientnet_b0,tensorrt_fp32,48,"PWN(PWN(/features/features.1/features.1.0/block/block.0/block.0.2/Sigmoid), /features/features.1/features.1.0/block/block.0/block.0.2/Mul)",tensorrt,trt_layer,0.285398,0.004416,0.284011,0.319114,60,0.327971,88.821901
efficientnet_b0,tensorrt_fp32,72,/features/features.1/features.1.0/block/block.1/avgpool/GlobalAveragePool,tensorrt,trt_layer,0.148122,0.010022,0.138646,0.172604,60,0.170217,94.842725
efficientnet_b0,tensorrt_fp32,148,/features/features.1/features.1.0/block/block.1/fc1/Conv,tensorrt,trt_layer,0.017095,0.000503,0.01625,0.018281,60,0.019645,99.858688
efficientnet_b0,tensorrt_fp32,164,"PWN(PWN(/features/features.1/features.1.0/block/block.1/activation/Sigmoid), /features/features.1/features.1.0/block/block.1/activation/Mul)",tensorrt,trt_layer,0.006189,0.00028,0.00573,0.006875,60,0.007112,100.0
efficientnet_b0,tensorrt_fp32,140,/features/features.1/features.1.0/block/block.1/fc2/Conv,tensorrt,trt_layer,0.027879,0.000302,0.027396,0.028906,60,0.032038,99.642654
efficientnet_b0,tensorrt_fp32,26,"PWN(PWN(/features/features.1/features.1.0/block/block.1/scale_activation/Sigmoid), /features/features.1/features.1.0/block/block.1/Mul)",tensorrt,trt_layer,0.488298,0.000335,0.487448,0.48901,60,0.561138,79.150755
efficientnet_b0,tensorrt_fp32,32,/features/features.1/features.1.0/block/block.2/block.2.0/Conv,tensorrt,trt_layer,0.448224,0.001848,0.444948,0.452396,60,0.515086,82.363926
efficientnet_b0,tensorrt_fp32,6,/features/features.2/features.2.0/block/block.0/block.0.0/Conv,tensorrt,trt_layer,0.980223,0.006033,0.972605,0.992761,60,1.126443,64.015051
efficientnet_b0,tensorrt_fp32,8,"PWN(PWN(/features/features.2/features.2.0/block/block.0/block.0.2/Sigmoid), /features/features.2/features.2.0/block/block.0/block.0.2/Mul)",tensorrt,trt_layer,0.876249,0.000928,0.874323,0.879479,60,1.006959,66.03789
efficientnet_b0,tensorrt_fp32,5,/features/features.2/features.2.0/block/block.1/block.1.0/Conv,tensorrt,trt_layer,1.14192,0.02376,1.085625,1.203802,60,1.31226,62.888608
efficientnet_b0,tensorrt_fp32,64,"PWN(PWN(/features/features.2/features.2.0/block/block.1/block.1.2/Sigmoid), /features/features.2/features.2.0/block/block.1/block.1.2/Mul)",tensorrt,trt_layer,0.217877,0.000735,0.216771,0.222188,60,0.250378,93.351265
efficientnet_b0,tensorrt_fp32,75,/features/features.2/features.2.0/block/block.2/avgpool/GlobalAveragePool,tensorrt,trt_layer,0.13552,0.002291,0.130104,0.143906,60,0.155736,95.311864
efficientnet_b0,tensorrt_fp32,120,/features/features.2/features.2.0/block/block.2/fc1/Conv,tensorrt,trt_layer,0.042641,0.000663,0.041562,0.046771,60,0.049002,98.782381
efficientnet_b0,tensorrt_fp32,152,"PWN(PWN(/features/features.2/features.2.0/block/block.2/activation/Sigmoid), /features/features.2/features.2.0/block/block.2/activation/Mul)",tensorrt,trt_layer,0.008475,0.00039,0.008021,0.010625,60,0.009739,99.901464
efficientnet_b0,tensorrt_fp32,141,/features/features.2/features.2.0/block/block.2/fc2/Conv,tensorrt,trt_layer,0.027607,0.000677,0.02651,0.031458,60,0.031725,99.674379
efficientnet_b0,tensorrt_fp32,18,"PWN(PWN(/features/features.2/features.2.0/block/block.2/scale_activation/Sigmoid), /features/features.2/features.2.0/block/block.2/Mul)",tensorrt,trt_layer,0.588628,0.000457,0.587656,0.590938,60,0.676434,74.543978
efficientnet_b0,tensorrt_fp32,60,/features/features.2/features.2.0/block/block.3/block.3.0/Conv,tensorrt,trt_layer,0.241474,0.005173,0.235417,0.25302,60,0.277495,92.291398
efficientnet_b0,tensorrt_fp32,27,/features/features.2/features.2.1/block/block.0/block.0.0/Conv,tensorrt,trt_layer,0.487928,0.002507,0.483906,0.498333,60,0.560712,79.711467
efficientnet_b0,tensorrt_fp32,46,"PWN(PWN(/features/features.2/features.2.1/block/block.0/block.0.2/Sigmoid), /features/features.2/features.2.1/block/block.0/block.0.2/Mul)",tensorrt,trt_layer,0.309411,0.000703,0.308282,0.312656,60,0.355566,88.155843
efficientnet_b0,tensorrt_fp32,14,/features/features.2/features.2.1/block/block.1/block.1.0/Conv,tensorrt,trt_layer,0.726499,0.0122,0.703385,0.760521,60,0.834871,71.693445
efficientnet_b0,tensorrt_fp32,44,"PWN(PWN(/features/features.2/features.2.1/block/block.1/block.1.2/Sigmoid), /features/features.2/features.2.1/block/block.1/block.1.2/Mul)",tensorrt,trt_layer,0.327159,0.002578,0.324895,0.333073,60,0.375961,87.426777
efficientnet_b0,tensorrt_fp32,67,/features/features.2/features.2.1/block/block.2/avgpool/GlobalAveragePool,tensorrt,trt_layer,0.162826,0.004336,0.155417,0.17151,60,0.187115,93.978824
efficientnet_b0,tensorrt_fp32,121,/features/features.2/features.2.1/block/block.2/fc1/Conv,tensorrt,trt_layer,0.042042,0.000828,0.040313,0.045885,60,0.048313,98.830694
efficientnet_b0,tensorrt_fp32,150,"PWN(PWN(/features/features.2/features.2.1/block/block.2/activation/Sigmoid), /features/features.2/features.2.1/block/block.2/activation/Mul)",tensorrt,trt_layer,0.008878,0.000308,0.008385,0.010209,60,0.010202,99.881922
efficientnet_b0,tensorrt_fp32,116,/features/features.2/features.2.1/block/block.2/fc2/Conv,tensorrt,trt_layer,0.044154,0.000522,0.042969,0.046197,60,0.05074,98.58279
efficientnet_b0,tensorrt_fp32,13,"PWN(PWN(/features/features.2/features.2.1/block/block.2/scale_activation/Sigmoid), /features/features.2/features.2.1/block/block.2/Mul)",tensorrt,trt_layer,0.809698,0.000577,0.808906,0.813125,60,0.930481,70.858574
efficientnet_b0,tensorrt_fp32,42,/features/features.2/features.2.1/block/block.3/block.3.0/Conv + /features/features.2/features.2.1/Add,tensorrt,trt_layer,0.338622,0.003105,0.333229,0.356563,60,0.389134,86.661962
efficientnet_b0,tensorrt_fp32,25,/features/features.3/features.3.0/block/block.0/block.0.0/Conv,tensorrt,trt_layer,0.48972,0.005882,0.484271,0.503541,60,0.562772,78.589618
efficientnet_b0,tensorrt_fp32,45,"PWN(PWN(/features/features.3/features.3.0/block/block.0/block.0.2/Sigmoid), /features/features.3/features.3.0/block/block.0/block.0.2/Mul)",tensorrt,trt_layer,0.325017,0.000838,0.323646,0.328698,60,0.3735,87.800277
efficientnet_b0,tensorrt_fp32,1,/features/features.3/features.3.0/block/block.1/block.1.0/Conv,tensorrt,trt_layer,49.804158,373.394707,1.183541,2917.90332,60,57.233455,57.233455
efficientnet_b0,tensorrt_fp32,86,"PWN(PWN(/features/features.3/features.3.0/block/block.1/block.1.2/Sigmoid), /features/features.3/features.3.0/block/block.1/block.1.2/Mul)",tensorrt,trt_layer,0.083298,0.000493,0.082656,0.086041,60,0.095724,96.587391
efficientnet_b0,tensorrt_fp32,103,/features/features.3/features.3.0/block/block.2/avgpool/GlobalAveragePool,tensorrt,trt_layer,0.057788,0.001043,0.055677,0.061042,60,0.066408,97.878704
efficientnet_b0,tensorrt_fp32,108,/features/features.3/features.3.0/block/block.2/fc1/Conv,tensorrt,trt_layer,0.046872,0.022046,0.043021,0.216145,60,0.053864,98.161451
efficientnet_b0,tensorrt_fp32,149,"PWN(PWN(/features/features.3/features.3.0/block/block.2/activation/Sigmoid), /features/features.3/features.3.0/block/block.2/activation/Mul)",tensorrt,trt_layer,0.01134,0.019762,0.008385,0.163125,60,0.013032,99.871719
efficientnet_b0,tensorrt_fp32,111,/features/features.3/features.3.0/block/block.2/fc2/Conv,tensorrt,trt_layer,0.046408,0.01707,0.043438,0.1775,60,0.053331,98.322036
efficientnet_b0,tensorrt_fp32,47,"PWN(PWN(/features/features.3/features.3.0/block/block.2/scale_activation/Sigmoid), /features/features.3/features.3.0/block/block.2/Mul)",tensorrt,trt_layer,0.294201,0.011757,0.292031,0.38448,60,0.338087,88.49393
efficientnet_b0,tensorrt_fp32,66,/features/features.3/features.3.0/block/block.3/block.3.0/Conv,tensorrt,trt_layer,0.175201,0.001393,0.171718,0.178073,60,0.201336,93.791709
efficientnet_b0,tensorrt_fp32,55,/features/features.3/features.3.1/block/block.0/block.0.0/Conv,tensorrt,trt_layer,0.248869,0.002447,0.244791,0.253021,60,0.285993,90.89343
efficientnet_b0,tensorrt_fp32,77,"PWN(PWN(/features/features.3/features.3.1/block/block.0/block.0.2/Sigmoid), /features/features.3/features.3.1/block/block.0/block.0.2/Mul)",tensorrt,trt_layer,0.128116,0.000621,0.127031,0.130364,60,0.147227,95.606854
efficientnet_b0,tensorrt_fp32,2,/features/features.3/features.3.1/block/block.1/block.1.0/Conv,tensorrt,trt_layer,1.308668,0.000905,1.306979,1.310989,60,1.503882,58.737338
efficientnet_b0,tensorrt_fp32,74,"PWN(PWN(/features/features.3/features.3.1/block/block.1/block.1.2/Sigmoid), /features/features.3/features.3.1/block/block.1/block.1.2/Mul)",tensorrt,trt_layer,0.135933,0.0006,0.134791,0.137239,60,0.15621,95.156128
efficientnet_b0,tensorrt_fp32,85,/features/features.3/features.3.1/block/block.2/avgpool/GlobalAveragePool,tensorrt,trt_layer,0.090298,0.001364,0.088073,0.095938,60,0.103768,96.491667
efficientnet_b0,tensorrt_fp32,92,/features/features.3/features.3.1/block/block.2/fc1/Conv,tensorrt,trt_layer,0.067301,0.000693,0.06573,0.068594,60,0.07734,97.073329
efficientnet_b0,tensorrt_fp32,155,"PWN(PWN(/features/features.3/features.3.1/block/block.2/activation/Sigmoid), /features/features.3/features.3.1/block/block.2/activation/Mul)",tensorrt,trt_layer,0.007605,0.000309,0.007084,0.008178,60,0.008739,99.9284
efficientnet_b0,tensorrt_fp32,147,/features/features.3/features.3.1/block/block.2/fc2/Conv,tensorrt,trt_layer,0.022451,0.000224,0.022135,0.022917,60,0.0258,99.839043
efficientnet_b0,tensorrt_fp32,28,"PWN(PWN(/features/features.3/features.3.1/block/block.2/scale_activation/Sigmoid), /features/features.3/features.3.1/block/block.2/Mul)",tensorrt,trt_layer,0.480332,0.005808,0.478541,0.5175,60,0.551983,80.263451
efficientnet_b0,tensorrt_fp32,50,/features/features.3/features.3.1/block/block.3/block.3.0/Conv + /features/features.3/features.3.1/Add,tensorrt,trt_layer,0.261562,0.004778,0.249896,0.274375,60,0.300579,89.443812
efficientnet_b0,tensorrt_fp32,54,/features/features.4/features.4.0/block/block.0/block.0.0/Conv,tensorrt,trt_layer,0.249743,0.002875,0.243229,0.255156,60,0.286997,90.607438
efficientnet_b0,tensorrt_fp32,73,"PWN(PWN(/features/features.4/features.4.0/block/block.0/block.0.2/Sigmoid), /features/features.4/features.4.0/block/block.0/block.0.2/Mul)",tensorrt,trt_layer,0.136788,0.001248,0.135208,0.142031,60,0.157193,94.999918
efficientnet_b0,tensorrt_fp32,59,/features/features.4/features.4.0/block/block.1/block.1.0/Conv,tensorrt,trt_layer,0.241991,0.002073,0.23776,0.247031,60,0.278089,92.013904
efficientnet_b0,tensorrt_fp32,132,"PWN(PWN(/features/features.4/features.4.0/block/block.1/block.1.2/Sigmoid), /features/features.4/features.4.0/block/block.1/block.1.2/Mul)",tensorrt,trt_layer,0.037414,0.000519,0.036406,0.039375,60,0.042995,99.334756
efficientnet_b0,tensorrt_fp32,138,/features/features.4/features.4.0/block/block.2/avgpool/GlobalAveragePool,tensorrt,trt_layer,0.030839,0.000558,0.029375,0.032292,60,0.035439,99.575808
efficientnet_b0,tensorrt_fp32,93,/features/features.4/features.4.0/block/block.2/fc1/Conv,tensorrt,trt_layer,0.066898,0.000778,0.064791,0.068437,60,0.076877,97.150206
efficientnet_b0,tensorrt_fp32,157,"PWN(PWN(/features/features.4/features.4.0/block/block.2/activation/Sigmoid), /features/features.4/features.4.0/block/block.2/activation/Mul)",tensorrt,trt_layer,0.007489,0.000388,0.006822,0.008698,60,0.008606,99.94567
efficientnet_b0,tensorrt_fp32,146,/features/features.4/features.4.0/block/block.2/fc2/Conv,tensorrt,trt_layer,0.022487,0.000307,0.021771,0.023281,60,0.025841,99.813243
efficientnet_b0,tensorrt_fp32,78,"PWN(PWN(/features/features.4/features.4.0/block/block.2/scale_activation/Sigmoid), /features/features.4/features.4.0/block/block.2/Mul)",tensorrt,trt_layer,0.125338,0.000456,0.124792,0.126979,60,0.144035,95.750889
efficientnet_b0,tensorrt_fp32,76,/features/features.4/features.4.0/block/block.3/block.3.0/Conv,tensorrt,trt_layer,0.128583,0.002793,0.121667,0.132917,60,0.147764,95.459627
efficientnet_b0,tensorrt_fp32,63,/features/features.4/features.4.1/block/block.0/block.0.0/Conv,tensorrt,trt_layer,0.232852,0.002861,0.225678,0.238855,60,0.267587,93.100888
efficientnet_b0,tensorrt_fp32,96,"PWN(PWN(/features/features.4/features.4.1/block/block.0/block.0.2/Sigmoid), /features/features.4/features.4.1/block/block.0/block.0.2/Mul)",tensorrt,trt_layer,0.065022,0.000791,0.063802,0.06698,60,0.074721,97.377409
efficientnet_b0,tensorrt_fp32,38,/features/features.4/features.4.1/block/block.1/block.1.0/Conv,tensorrt,trt_layer,0.362809,0.004825,0.359062,0.38651,60,0.416929,85.050391
efficientnet_b0,tensorrt_fp32,89,"PWN(PWN(/features/features.4/features.4.1/block/block.1/block.1.2/Sigmoid), /features/features.4/features.4.1/block/block.1/block.1.2/Mul)",tensorrt,trt_layer,0.068149,0.002105,0.066823,0.083593,60,0.078315,96.8406
efficientnet_b0,tensorrt_fp32,99,/features/features.4/features.4.1/block/block.2/avgpool/GlobalAveragePool,tensorrt,trt_layer,0.063297,0.001309,0.060312,0.068489,60,0.072739,97.596917
efficientnet_b0,tensorrt_fp32,102,/features/features.4/features.4.1/block/block.2/fc1/Conv,tensorrt,trt_layer,0.06208,0.000658,0.061041,0.064323,60,0.07134,97.812296
efficientnet_b0,tensorrt_fp32,158,"PWN(PWN(/features/features.4/features.4.1/block/block.2/activation/Sigmoid), /features/features.4/features.4.1/block/block.2/activation/Mul)",tensorrt,trt_layer,0.007363,0.000423,0.006823,0.008802,60,0.008461,99.954131
efficientnet_b0,tensorrt_fp32,134,/features/features.4/features.4.1/block/block.2/fc2/Conv,tensorrt,trt_layer,0.036922,0.000484,0.036146,0.038125,60,0.04243,99.41986
efficientnet_b0,tensorrt_fp32,57,"PWN(PWN(/features/features.4/features.4.1/block/block.2/scale_activation/Sigmoid), /features/features.4/features.4.1/block/block.2/Mul)",tensorrt,trt_layer,0.244174,0.00063,0.243542,0.246563,60,0.280597,91.455371
efficientnet_b0,tensorrt_fp32,53,/features/features.4/features.4.1/block/block.3/block.3.0/Conv + /features/features.4/features.4.1/Add,tensorrt,trt_layer,0.250365,0.006243,0.238802,0.261094,60,0.287712,90.32044
efficientnet_b0,tensorrt_fp32,62,/features/features.4/features.4.2/block/block.0/block.0.0/Conv,tensorrt,trt_layer,0.235117,0.003823,0.224479,0.242552,60,0.270189,92.833301
efficientnet_b0,tensorrt_fp32,95,"PWN(PWN(/features/features.4/features.4.2/block/block.0/block.0.2/Sigmoid), /features/features.4/features.4.2/block/block.0/block.0.2/Mul)",tensorrt,trt_layer,0.065928,0.000977,0.064323,0.067553,60,0.075762,97.302687
efficientnet_b0,tensorrt_fp32,40,/features/features.4/features.4.2/block/block.1/block.1.0/Conv,tensorrt,trt_layer,0.361695,0.001362,0.359427,0.36651,60,0.415649,85.882575
efficientnet_b0,tensorrt_fp32,94,"PWN(PWN(/features/features.4/features.4.2/block/block.1/block.1.2/Sigmoid), /features/features.4/features.4.2/block/block.1/block.1.2/Mul)",tensorrt,trt_layer,0.06676,0.000603,0.065729,0.068021,60,0.076719,97.226925
efficientnet_b0,tensorrt_fp32,98,/features/features.4/features.4.2/block/block.2/avgpool/GlobalAveragePool,tensorrt,trt_layer,0.063497,0.002611,0.06151,0.076823,60,0.072969,97.524178
efficientnet_b0,tensorrt_fp32,101,/features/features.4/features.4.2/block/block.2/fc1/Conv,tensorrt,trt_layer,0.062227,0.000845,0.061146,0.066041,60,0.071509,97.740955
efficientnet_b0,tensorrt_fp32,159,"PWN(PWN(/features/features.4/features.4.2/block/block.2/activation/Sigmoid), /features/features.4/features.4.2/block/block.2/activation/Mul)",tensorrt,trt_layer,0.007159,0.000638,0.006562,0.009844,60,0.008227,99.962358
efficientnet_b0,tensorrt_fp32,131,/features/features.4/features.4.2/block/block.2/fc2/Conv,tensorrt,trt_layer,0.037602,0.00467,0.036094,0.073334,60,0.043211,99.291761
efficientnet_b0,tensorrt_fp32,58,"PWN(PWN(/features/features.4/features.4.2/block/block.2/scale_activation/Sigmoid), /features/features.4/features.4.2/block/block.2/Mul)",tensorrt,trt_layer,0.24404,0.000857,0.242761,0.245469,60,0.280444,91.735815
efficientnet_b0,tensorrt_fp32,52,/features/features.4/features.4.2/block/block.3/block.3.0/Conv + /features/features.4/features.4.2/Add,tensorrt,trt_layer,0.251012,0.005799,0.240938,0.262344,60,0.288456,90.032728
efficientnet_b0,tensorrt_fp32,61,/features/features.5/features.5.0/block/block.0/block.0.0/Conv,tensorrt,trt_layer,0.236443,0.003604,0.225104,0.245156,60,0.271713,92.563112
efficientnet_b0,tensorrt_fp32,91,"PWN(PWN(/features/features.5/features.5.0/block/block.0/block.0.2/Sigmoid), /features/features.5/features.5.0/block/block.0/block.0.2/Mul)",tensorrt,trt_layer,0.067434,0.001052,0.065156,0.069166,60,0.077493,96.995989
efficientnet_b0,tensorrt_fp32,7,/features/features.5/features.5.0/block/block.1/block.1.0/Conv,tensorrt,trt_layer,0.884011,0.000953,0.8825,0.88651,60,1.015879,65.03093
efficientnet_b0,tensorrt_fp32,90,"PWN(PWN(/features/features.5/features.5.0/block/block.1/block.1.2/Sigmoid), /features/features.5/features.5.0/block/block.1/block.1.2/Mul)",tensorrt,trt_layer,0.067784,0.00277,0.066041,0.088542,60,0.077895,96.918495
efficientnet_b0,tensorrt_fp32,97,/features/features.5/features.5.0/block/block.2/avgpool/GlobalAveragePool,tensorrt,trt_layer,0.064221,0.00522,0.059531,0.097812,60,0.073801,97.451209
efficientnet_b0,tensorrt_fp32,100,/features/features.5/features.5.0/block/block.2/fc1/Conv,tensorrt,trt_layer,0.063114,0.005049,0.06099,0.099948,60,0.072529,97.669446
efficientnet_b0,tensorrt_fp32,160,"PWN(PWN(/features/features.5/features.5.0/block/block.2/activation/Sigmoid), /features/features.5/features.5.0/block/block.2/activation/Mul)",tensorrt,trt_layer,0.007141,0.000441,0.006406,0.008906,60,0.008206,99.970564
efficientnet_b0,tensorrt_fp32,133,/features/features.5/features.5.0/block/block.2/fc2/Conv,tensorrt,trt_layer,0.037135,0.000703,0.035937,0.040677,60,0.042674,99.37743
efficientnet_b0,tensorrt_fp32,56,"PWN(PWN(/features/features.5/features.5.0/block/block.2/scale_activation/Sigmoid), /features/features.5/features.5.0/block/block.2/Mul)",tensorrt,trt_layer,0.244823,0.00084,0.243437,0.246511,60,0.281343,91.174774
efficientnet_b0,tensorrt_fp32,51,/features/features.5/features.5.0/block/block.3/block.3.0/Conv,tensorrt,trt_layer,0.261459,0.002552,0.256562,0.265989,60,0.300461,89.744273
efficientnet_b0,tensorrt_fp32,35,/features/features.5/features.5.1/block/block.0/block.0.0/Conv,tensorrt,trt_layer,0.397351,0.003084,0.390781,0.404688,60,0.456624,83.761603
efficientnet_b0,tensorrt_fp32,84,"PWN(PWN(/features/features.5/features.5.1/block/block.0/block.0.2/Sigmoid), /features/features.5/features.5.1/block/block.0/block.0.2/Mul)",tensorrt,trt_layer,0.090357,0.001042,0.087865,0.09375,60,0.103836,96.387899
efficientnet_b0,tensorrt_fp32,4,/features/features.5/features.5.1/block/block.1/block.1.0/Conv,tensorrt,trt_layer,1.235057,0.001061,1.233334,1.23724,60,1.419291,61.576348
efficientnet_b0,tensorrt_fp32,80,"PWN(PWN(/features/features.5/features.5.1/block/block.1/block.1.2/Sigmoid), /features/features.5/features.5.1/block/block.1/block.1.2/Mul)",tensorrt,trt_layer,0.093695,0.000777,0.091615,0.095469,60,0.107672,95.966814
efficientnet_b0,tensorrt_fp32,88,/features/features.5/features.5.1/block/block.2/avgpool/GlobalAveragePool,tensorrt,trt_layer,0.075864,0.001882,0.073438,0.085417,60,0.087181,96.762285
efficientnet_b0,tensorrt_fp32,145,/features/features.5/features.5.1/block/block.2/fc1/Conv,tensorrt,trt_layer,0.023171,0.000945,0.021979,0.026093,60,0.026627,99.787401
efficientnet_b0,tensorrt_fp32,163,"PWN(PWN(/features/features.5/features.5.1/block/block.2/activation/Sigmoid), /features/features.5/features.5.1/block/block.2/activation/Mul)",tensorrt,trt_layer,0.006453,0.000272,0.005886,0.007448,60,0.007416,99.992888
efficientnet_b0,tensorrt_fp32,137,/features/features.5/features.5.1/block/block.2/fc2/Conv,tensorrt,trt_layer,0.034171,0.00067,0.033021,0.037239,60,0.039268,99.540369
efficientnet_b0,tensorrt_fp32,43,"PWN(PWN(/features/features.5/features.5.1/block/block.2/scale_activation/Sigmoid), /features/features.5/features.5.1/block/block.2/Mul)",tensorrt,trt_layer,0.338378,0.000876,0.336771,0.340105,60,0.388854,87.050816
efficientnet_b0,tensorrt_fp32,37,/features/features.5/features.5.1/block/block.3/block.3.0/Conv + /features/features.5/features.5.1/Add,tensorrt,trt_layer,0.36288,0.002637,0.358021,0.3725,60,0.417011,84.633461
efficientnet_b0,tensorrt_fp32,34,/features/features.5/features.5.2/block/block.0/block.0.0/Conv,tensorrt,trt_layer,0.398071,0.002995,0.391198,0.405521,60,0.457451,83.304979
efficientnet_b0,tensorrt_fp32,82,"PWN(PWN(/features/features.5/features.5.2/block/block.0/block.0.2/Sigmoid), /features/features.5/features.5.2/block/block.0/block.0.2/Mul)",tensorrt,trt_layer,0.092725,0.000863,0.090572,0.095573,60,0.106557,96.179954
efficientnet_b0,tensorrt_fp32,3,/features/features.5/features.5.2/block/block.1/block.1.0/Conv,tensorrt,trt_layer,1.23543,0.002172,1.232917,1.250104,60,1.419719,60.157057
efficientnet_b0,tensorrt_fp32,79,"PWN(PWN(/features/features.5/features.5.2/block/block.1/block.1.2/Sigmoid), /features/features.5/features.5.2/block/block.1/block.1.2/Mul)",tensorrt,trt_layer,0.094201,0.002201,0.092344,0.109896,60,0.108253,95.859142
efficientnet_b0,tensorrt_fp32,87,/features/features.5/features.5.2/block/block.2/avgpool/GlobalAveragePool,tensorrt,trt_layer,0.076328,0.003429,0.072396,0.099948,60,0.087714,96.675105
efficientnet_b0,tensorrt_fp32,144,/features/features.5/features.5.2/block/block.2/fc1/Conv,tensorrt,trt_layer,0.023884,0.001156,0.022239,0.026875,60,0.027447,99.760774
efficientnet_b0,tensorrt_fp32,161,"PWN(PWN(/features/features.5/features.5.2/block/block.2/activation/Sigmoid), /features/features.5/features.5.2/block/block.2/activation/Mul)",tensorrt,trt_layer,0.006496,0.000313,0.00599,0.007604,60,0.007465,99.978029
efficientnet_b0,tensorrt_fp32,136,/features/features.5/features.5.2/block/block.2/fc2/Conv,tensorrt,trt_layer,0.035313,0.005647,0.032813,0.062343,60,0.040581,99.5011
efficientnet_b0,tensorrt_fp32,41,"PWN(PWN(/features/features.5/features.5.2/block/block.2/scale_activation/Sigmoid), /features/features.5/features.5.2/block/block.2/Mul)",tensorrt,trt_layer,0.339595,0.000985,0.337865,0.341511,60,0.390252,86.272827
efficientnet_b0,tensorrt_fp32,39,/features/features.5/features.5.2/block/block.3/block.3.0/Conv + /features/features.5/features.5.2/Add,tensorrt,trt_layer,0.362466,0.001915,0.357188,0.366667,60,0.416535,85.466926
efficientnet_b0,tensorrt_fp32,36,/features/features.6/features.6.0/block/block.0/block.0.0/Conv,tensorrt,trt_layer,0.395805,0.002783,0.389948,0.401094,60,0.454847,84.21645
efficientnet_b0,tensorrt_fp32,81,"PWN(PWN(/features/features.6/features.6.0/block/block.0/block.0.2/Sigmoid), /features/features.6/features.6.0/block/block.0/block.0.2/Mul)",tensorrt,trt_layer,0.092748,0.00105,0.090469,0.096354,60,0.106583,96.073397
efficientnet_b0,tensorrt_fp32,17,/features/features.6/features.6.0/block/block.1/block.1.0/Conv,tensorrt,trt_layer,0.593028,0.009078,0.582865,0.630052,60,0.68149,73.867544
efficientnet_b0,tensorrt_fp32,139,"PWN(PWN(/features/features.6/features.6.0/block/block.1/block.1.2/Sigmoid), /features/features.6/features.6.0/block/block.1/block.1.2/Mul)",tensorrt,trt_layer,0.03029,0.00061,0.028802,0.031823,60,0.034808,99.610616
efficientnet_b0,tensorrt_fp32,142,/features/features.6/features.6.0/block/block.2/avgpool/GlobalAveragePool,tensorrt,trt_layer,0.026878,0.000509,0.025886,0.02802,60,0.030887,99.705267
efficientnet_b0,tensorrt_fp32,143,/features/features.6/features.6.0/block/block.2/fc1/Conv,tensorrt,trt_layer,0.024418,0.000707,0.021666,0.025886,60,0.02806,99.733327
efficientnet_b0,tensorrt_fp32,162,"PWN(PWN(/features/features.6/features.6.0/block/block.2/activation/Sigmoid), /features/features.6/features.6.0/block/block.2/activation/Mul)",tensorrt,trt_layer,0.006477,0.000273,0.006042,0.007239,60,0.007443,99.985472
efficientnet_b0,tensorrt_fp32,135,/features/features.6/features.6.0/block/block.2/fc2/Conv,tensorrt,trt_layer,0.035382,0.000724,0.034062,0.036875,60,0.04066,99.46052
efficientnet_b0,tensorrt_fp32,83,"PWN(PWN(/features/features.6/features.6.0/block/block.2/scale_activation/Sigmoid), /features/features.6/features.6.0/block/block.2/Mul)",tensorrt,trt_layer,0.090596,0.000612,0.090104,0.092812,60,0.10411,96.284064
efficientnet_b0,tensorrt_fp32,65,/features/features.6/features.6.0/block/block.3/block.3.0/Conv,tensorrt,trt_layer,0.20807,0.002948,0.202188,0.213802,60,0.239108,93.590373
efficientnet_b0,tensorrt_fp32,20,/features/features.6/features.6.1/block/block.0/block.0.0/Conv,tensorrt,trt_layer,0.50492,0.006519,0.488542,0.515365,60,0.580239,75.744381
efficientnet_b0,tensorrt_fp32,119,"PWN(PWN(/features/features.6/features.6.1/block/block.0/block.0.2/Sigmoid), /features/features.6/features.6.1/block/block.0/block.0.2/Mul)",tensorrt,trt_layer,0.042804,0.00072,0.041145,0.044479,60,0.049189,98.733379
efficientnet_b0,tensorrt_fp32,9,/features/features.6/features.6.1/block/block.1/block.1.0/Conv,tensorrt,trt_layer,0.847734,0.008461,0.835834,0.89,60,0.974191,67.01208
efficientnet_b0,tensorrt_fp32,110,"PWN(PWN(/features/features.6/features.6.1/block/block.1/block.1.2/Sigmoid), /features/features.6/features.6.1/block/block.1/block.1.2/Mul)",tensorrt,trt_layer,0.046544,0.000775,0.044844,0.048959,60,0.053487,98.268705
efficientnet_b0,tensorrt_fp32,113,/features/features.6/features.6.1/block/block.2/avgpool/GlobalAveragePool,tensorrt,trt_layer,0.045698,0.000931,0.043802,0.048594,60,0.052515,98.427457
efficientnet_b0,tensorrt_fp32,128,/features/features.6/features.6.1/block/block.2/fc1/Conv,tensorrt,trt_layer,0.039477,0.000739,0.038229,0.042083,60,0.045366,99.1581
efficientnet_b0,tensorrt_fp32,156,"PWN(PWN(/features/features.6/features.6.1/block/block.2/activation/Sigmoid), /features/features.6/features.6.1/block/block.2/activation/Mul)",tensorrt,trt_layer,0.007539,0.000517,0.006719,0.010416,60,0.008664,99.937063
efficientnet_b0,tensorrt_fp32,126,/features/features.6/features.6.1/block/block.2/fc2/Conv,tensorrt,trt_layer,0.040069,0.000891,0.038333,0.044063,60,0.046046,99.067313
efficientnet_b0,tensorrt_fp32,70,"PWN(PWN(/features/features.6/features.6.1/block/block.2/scale_activation/Sigmoid), /features/features.6/features.6.1/block/block.2/Mul)",tensorrt,trt_layer,0.151393,0.000667,0.150625,0.153438,60,0.173976,94.502283
efficientnet_b0,tensorrt_fp32,31,/features/features.6/features.6.1/block/block.3/block.3.0/Conv + /features/features.6/features.6.1/Add,tensorrt,trt_layer,0.45776,0.004676,0.447813,0.468489,60,0.526044,81.84884
efficientnet_b0,tensorrt_fp32,24,/features/features.6/features.6.2/block/block.0/block.0.0/Conv,tensorrt,trt_layer,0.495138,0.005705,0.486146,0.508594,60,0.568998,78.026846
efficientnet_b0,tensorrt_fp32,117,"PWN(PWN(/features/features.6/features.6.2/block/block.0/block.0.2/Sigmoid), /features/features.6/features.6.2/block/block.0/block.0.2/Mul)",tensorrt,trt_layer,0.044146,0.004109,0.041771,0.075364,60,0.050731,98.633522
efficientnet_b0,tensorrt_fp32,10,/features/features.6/features.6.2/block/block.1/block.1.0/Conv,tensorrt,trt_layer,0.846743,0.004698,0.837292,0.859115,60,0.973052,67.985132
efficientnet_b0,tensorrt_fp32,109,"PWN(PWN(/features/features.6/features.6.2/block/block.1/block.1.2/Sigmoid), /features/features.6/features.6.2/block/block.1/block.1.2/Mul)",tensorrt,trt_layer,0.046788,0.000591,0.04526,0.048125,60,0.053767,98.215218
efficientnet_b0,tensorrt_fp32,115,/features/features.6/features.6.2/block/block.2/avgpool/GlobalAveragePool,tensorrt,trt_layer,0.04546,0.000723,0.044167,0.048594,60,0.052241,98.53205
efficientnet_b0,tensorrt_fp32,125,/features/features.6/features.6.2/block/block.2/fc1/Conv,tensorrt,trt_layer,0.041115,0.000726,0.039739,0.04375,60,0.047248,99.021267
efficientnet_b0,tensorrt_fp32,154,"PWN(PWN(/features/features.6/features.6.2/block/block.2/activation/Sigmoid), /features/features.6/features.6.2/block/block.2/activation/Mul)",tensorrt,trt_layer,0.007878,0.000331,0.007188,0.00875,60,0.009053,99.91966
efficientnet_b0,tensorrt_fp32,129,/features/features.6/features.6.2/block/block.2/fc2/Conv,tensorrt,trt_layer,0.039413,0.000628,0.038177,0.040886,60,0.045292,99.203392
efficientnet_b0,tensorrt_fp32,69,"PWN(PWN(/features/features.6/features.6.2/block/block.2/scale_activation/Sigmoid), /features/features.6/features.6.2/block/block.2/Mul)",tensorrt,trt_layer,0.152016,0.00094,0.150938,0.154739,60,0.174692,94.328307
efficientnet_b0,tensorrt_fp32,29,/features/features.6/features.6.2/block/block.3/block.3.0/Conv + /features/features.6/features.6.2/Add,tensorrt,trt_layer,0.460942,0.003785,0.4525,0.469427,60,0.529701,80.793152
efficientnet_b0,tensorrt_fp32,21,/features/features.6/features.6.3/block/block.0/block.0.0/Conv,tensorrt,trt_layer,0.497837,0.008088,0.48448,0.516354,60,0.572099,76.316481
efficientnet_b0,tensorrt_fp32,118,"PWN(PWN(/features/features.6/features.6.3/block/block.0/block.0.2/Sigmoid), /features/features.6/features.6.3/block/block.0/block.0.2/Mul)",tensorrt,trt_layer,0.044091,0.000656,0.042552,0.045416,60,0.050668,98.68419
efficientnet_b0,tensorrt_fp32,12,/features/features.6/features.6.3/block/block.1/block.1.0/Conv,tensorrt,trt_layer,0.844841,0.002832,0.83849,0.853334,60,0.970866,69.928093
efficientnet_b0,tensorrt_fp32,106,"PWN(PWN(/features/features.6/features.6.3/block/block.1/block.1.2/Sigmoid), /features/features.6/features.6.3/block/block.1/block.1.2/Mul)",tensorrt,trt_layer,0.047306,0.000579,0.045833,0.048855,60,0.054363,98.053526
efficientnet_b0,tensorrt_fp32,114,/features/features.6/features.6.3/block/block.2/avgpool/GlobalAveragePool,tensorrt,trt_layer,0.045556,0.000581,0.044427,0.047865,60,0.052352,98.479809
efficientnet_b0,tensorrt_fp32,123,/features/features.6/features.6.3/block/block.2/fc1/Conv,tensorrt,trt_layer,0.041655,0.006642,0.038594,0.078958,60,0.047869,98.926738
efficientnet_b0,tensorrt_fp32,151,"PWN(PWN(/features/features.6/features.6.3/block/block.2/activation/Sigmoid), /features/features.6/features.6.3/block/block.2/activation/Mul)",tensorrt,trt_layer,0.008531,0.005171,0.007291,0.048177,60,0.009804,99.891725
efficientnet_b0,tensorrt_fp32,130,/features/features.6/features.6.3/block/block.2/fc2/Conv,tensorrt,trt_layer,0.039296,0.003679,0.037084,0.066719,60,0.045158,99.24855
efficientnet_b0,tensorrt_fp32,68,"PWN(PWN(/features/features.6/features.6.3/block/block.2/scale_activation/Sigmoid), /features/features.6/features.6.3/block/block.2/Mul)",tensorrt,trt_layer,0.152102,0.004328,0.150521,0.176667,60,0.174791,94.153615
efficientnet_b0,tensorrt_fp32,30,/features/features.6/features.6.3/block/block.3/block.3.0/Conv + /features/features.6/features.6.3/Add,tensorrt,trt_layer,0.460893,0.006708,0.450833,0.498073,60,0.529645,81.322796
efficientnet_b0,tensorrt_fp32,22,/features/features.7/features.7.0/block/block.0/block.0.0/Conv,tensorrt,trt_layer,0.496971,0.008315,0.484218,0.518593,60,0.571104,76.887585
efficientnet_b0,tensorrt_fp32,122,"PWN(PWN(/features/features.7/features.7.0/block/block.0/block.0.2/Sigmoid), /features/features.7/features.7.0/block/block.0/block.0.2/Mul)",tensorrt,trt_layer,0.041922,0.000637,0.040157,0.043281,60,0.048176,98.87887
efficientnet_b0,tensorrt_fp32,23,/features/features.7/features.7.0/block/block.1/block.1.0/Conv,tensorrt,trt_layer,0.496239,0.005528,0.49224,0.536927,60,0.570263,77.457848
efficientnet_b0,tensorrt_fp32,107,"PWN(PWN(/features/features.7/features.7.0/block/block.1/block.1.2/Sigmoid), /features/features.7/features.7.0/block/block.1/block.1.2/Mul)",tensorrt,trt_layer,0.047043,0.004191,0.04474,0.072709,60,0.05406,98.107587
efficientnet_b0,tensorrt_fp32,112,/features/features.7/features.7.0/block/block.2/avgpool/GlobalAveragePool,tensorrt,trt_layer,0.046039,0.002635,0.044532,0.065469,60,0.052907,98.374942
efficientnet_b0,tensorrt_fp32,124,/features/features.7/features.7.0/block/block.2/fc1/Conv,tensorrt,trt_layer,0.041143,0.000944,0.037813,0.042917,60,0.04728,98.974019
efficientnet_b0,tensorrt_fp32,153,"PWN(PWN(/features/features.7/features.7.0/block/block.2/activation/Sigmoid), /features/features.7/features.7.0/block/block.2/activation/Mul)",tensorrt,trt_layer,0.007956,0.000259,0.007292,0.008594,60,0.009143,99.910607
efficientnet_b0,tensorrt_fp32,127,/features/features.7/features.7.0/block/block.2/fc2/Conv,tensorrt,trt_layer,0.039525,0.000753,0.038125,0.041615,60,0.045421,99.112734
efficientnet_b0,tensorrt_fp32,71,"PWN(PWN(/features/features.7/features.7.0/block/block.2/scale_activation/Sigmoid), /features/features.7/features.7.0/block/block.2/Mul)",tensorrt,trt_layer,0.148128,0.000822,0.147552,0.152031,60,0.170224,94.672508
efficientnet_b0,tensorrt_fp32,19,/features/features.7/features.7.0/block/block.3/block.3.0/Conv,tensorrt,trt_layer,0.539663,0.012838,0.518125,0.56276,60,0.620165,75.164142
efficientnet_b0,tensorrt_fp32,11,/features/features.8/features.8.0/Conv,tensorrt,trt_layer,0.84591,0.006275,0.832448,0.864896,60,0.972095,68.957227
efficientnet_b0,tensorrt_fp32,104,"PWN(PWN(/features/features.8/features.8.2/Sigmoid), /features/features.8/features.8.2/Mul)",tensorrt,trt_layer,0.052623,0.004453,0.049791,0.086459,60,0.060473,97.939177
efficientnet_b0,tensorrt_fp32,105,/avgpool/GlobalAveragePool,tensorrt,trt_layer,0.0522,0.003405,0.050417,0.070469,60,0.059987,97.999164
efficientnet_b0,tensorrt_fp32,33,/classifier/classifier.1/Gemm,tensorrt,trt_layer,0.420827,0.012911,0.400833,0.451406,60,0.483602,82.847528
efficientnet_b0,tensorrt_int8,17,/features/features.0/features.0.0/Conv,tensorrt,trt_layer,0.610045,0.047502,0.470469,0.798281,60,0.821343,68.678128
efficientnet_b0,tensorrt_int8,50,"PWN(PWN(/features/features.0/features.0.2/Sigmoid), /features/features.0/features.0.2/Mul)",tensorrt,trt_layer,0.280125,0.00056,0.278854,0.281406,60,0.37715,87.246366
efficientnet_b0,tensorrt_int8,16,/features/features.1/features.1.0/block/block.0/block.0.0/Conv,tensorrt,trt_layer,0.69305,0.005913,0.678125,0.706615,60,0.933098,67.856784
efficientnet_b0,tensorrt_int8,49,"PWN(PWN(/features/features.1/features.1.0/block/block.0/block.0.2/Sigmoid), /features/features.1/features.1.0/block/block.0/block.0.2/Mul)",tensorrt,trt_layer,0.285299,0.000494,0.284271,0.286875,60,0.384117,86.869215
efficientnet_b0,tensorrt_int8,71,/features/features.1/features.1.0/block/block.1/avgpool/GlobalAveragePool,tensorrt,trt_layer,0.149693,0.009072,0.135416,0.173854,60,0.201541,93.477711
efficientnet_b0,tensorrt_int8,151,/features/features.1/features.1.0/block/block.1/fc1/Conv,tensorrt,trt_layer,0.015471,0.000623,0.014062,0.017031,60,0.02083,99.78024
efficientnet_b0,tensorrt_int8,169,"PWN(PWN(/features/features.1/features.1.0/block/block.1/activation/Sigmoid), /features/features.1/features.1.0/block/block.1/activation/Mul)",tensorrt,trt_layer,0.006464,0.00034,0.005833,0.007292,60,0.008703,99.983911
efficientnet_b0,tensorrt_int8,153,/features/features.1/features.1.0/block/block.1/fc2/Conv,tensorrt,trt_layer,0.011911,0.000239,0.011458,0.012708,60,0.016037,99.816948
efficientnet_b0,tensorrt_int8,26,"PWN(PWN(/features/features.1/features.1.0/block/block.1/scale_activation/Sigmoid), /features/features.1/features.1.0/block/block.1/Mul)",tensorrt,trt_layer,0.488664,0.000358,0.488021,0.489687,60,0.65792,74.877614
efficientnet_b0,tensorrt_int8,33,/features/features.1/features.1.0/block/block.2/block.2.0/Conv,tensorrt,trt_layer,0.448863,0.001369,0.445885,0.451719,60,0.604333,79.260603
efficientnet_b0,tensorrt_int8,7,/features/features.2/features.2.0/block/block.0/block.0.0/Conv,tensorrt,trt_layer,0.977858,0.005163,0.972656,0.991979,60,1.316554,57.943557
efficientnet_b0,tensorrt_int8,9,"PWN(PWN(/features/features.2/features.2.0/block/block.0/block.0.2/Sigmoid), /features/features.2/features.2.0/block/block.0/block.0.2/Mul)",tensorrt,trt_layer,0.86751,0.000572,0.866354,0.869427,60,1.167985,60.301944
efficientnet_b0,tensorrt_int8,5,/features/features.2/features.2.0/block/block.1/block.1.0/Conv,tensorrt,trt_layer,1.139696,0.02007,1.090208,1.18125,60,1.534447,55.1827
efficientnet_b0,tensorrt_int8,64,"PWN(PWN(/features/features.2/features.2.0/block/block.1/block.1.2/Sigmoid), /features/features.2/features.2.0/block/block.1/block.1.2/Mul)",tensorrt,trt_layer,0.219955,0.000659,0.218802,0.222031,60,0.29614,91.914029
efficientnet_b0,tensorrt_int8,75,/features/features.2/features.2.0/block/block.2/avgpool/GlobalAveragePool,tensorrt,trt_layer,0.134247,0.002422,0.130781,0.144428,60,0.180745,94.223803
efficientnet_b0,tensorrt_int8,146,/features/features.2/features.2.0/block/block.2/fc1/Conv,tensorrt,trt_layer,0.017145,0.000361,0.016406,0.018437,60,0.023083,99.671776
efficientnet_b0,tensorrt_int8,170,"PWN(PWN(/features/features.2/features.2.0/block/block.2/activation/Sigmoid), /features/features.2/features.2.0/block/block.2/activation/Mul)",tensorrt,trt_layer,0.006256,0.000309,0.005729,0.00724,60,0.008423,99.992334
efficientnet_b0,tensorrt_int8,152,/features/features.2/features.2.0/block/block.2/fc2/Conv,tensorrt,trt_layer,0.015354,0.000324,0.014635,0.016458,60,0.020672,99.800912
efficientnet_b0,tensorrt_int8,19,"PWN(PWN(/features/features.2/features.2.0/block/block.2/scale_activation/Sigmoid), /features/features.2/features.2.0/block/block.2/Mul)",tensorrt,trt_layer,0.553826,0.000497,0.553021,0.55526,60,0.745652,70.218735
efficientnet_b0,tensorrt_int8,57,/features/features.2/features.2.0/block/block.3/block.3.0/Conv,tensorrt,trt_layer,0.248957,0.009327,0.241719,0.283541,60,0.335187,89.671104
efficientnet_b0,tensorrt_int8,27,/features/features.2/features.2.1/block/block.0/block.0.0/Conv,tensorrt,trt_layer,0.488388,0.002806,0.484479,0.499896,60,0.657548,75.535162
efficientnet_b0,tensorrt_int8,48,"PWN(PWN(/features/features.2/features.2.1/block/block.0/block.0.2/Sigmoid), /features/features.2/features.2.1/block/block.0/block.0.2/Mul)",tensorrt,trt_layer,0.309233,0.000588,0.308073,0.311354,60,0.41634,86.485099
efficientnet_b0,tensorrt_int8,15,/features/features.2/features.2.1/block/block.1/block.1.0/Conv,tensorrt,trt_layer,0.727297,0.011107,0.704219,0.757396,60,0.979207,66.923686
efficientnet_b0,tensorrt_int8,46,"PWN(PWN(/features/features.2/features.2.1/block/block.1/block.1.2/Sigmoid), /features/features.2/features.2.1/block/block.1/block.1.2/Mul)",tensorrt,trt_layer,0.326834,0.002323,0.324739,0.333958,60,0.440038,85.630033
efficientnet_b0,tensorrt_int8,67,/features/features.2/features.2.1/block/block.2/avgpool/GlobalAveragePool,tensorrt,trt_layer,0.163253,0.004769,0.157864,0.176771,60,0.219798,92.662284
efficientnet_b0,tensorrt_int8,149,/features/features.2/features.2.1/block/block.2/fc1/Conv,tensorrt,trt_layer,0.016227,0.000328,0.015572,0.017292,60,0.021847,99.738412
efficientnet_b0,tensorrt_int8,155,"PWN(PWN(/features/features.2/features.2.1/block/block.2/activation/Sigmoid), /features/features.2/features.2.1/block/block.2/activation/Mul)",tensorrt,trt_layer,0.008351,0.000383,0.007656,0.009427,60,0.011243,99.839503
efficientnet_b0,tensorrt_int8,148,/features/features.2/features.2.1/block/block.2/fc2/Conv,tensorrt,trt_layer,0.016358,0.000268,0.015834,0.017188,60,0.022024,99.716565
efficientnet_b0,tensorrt_int8,14,"PWN(PWN(/features/features.2/features.2.1/block/block.2/scale_activation/Sigmoid), /features/features.2/features.2.1/block/block.2/Mul)",tensorrt,trt_layer,0.810132,0.000372,0.809271,0.810989,60,1.090733,65.944479
efficientnet_b0,tensorrt_int8,42,/features/features.2/features.2.1/block/block.3/block.3.0/Conv + /features/features.2/features.2.1/Add,tensorrt,trt_layer,0.34116,0.002546,0.334584,0.347396,60,0.459326,83.818786
efficientnet_b0,tensorrt_int8,25,/features/features.3/features.3.0/block/block.0/block.0.0/Conv,tensorrt,trt_layer,0.490155,0.005727,0.48474,0.512552,60,0.659927,74.219694
efficientnet_b0,tensorrt_int8,47,"PWN(PWN(/features/features.3/features.3.0/block/block.0/block.0.2/Sigmoid), /features/features.3/features.3.0/block/block.0/block.0.2/Mul)",tensorrt,trt_layer,0.325859,0.000491,0.325,0.326875,60,0.438725,86.068758
efficientnet_b0,tensorrt_int8,6,/features/features.3/features.3.0/block/block.1/block.1.0/Conv,tensorrt,trt_layer,1.072743,0.008479,1.047031,1.089063,60,1.444303,56.627003
efficientnet_b0,tensorrt_int8,89,"PWN(PWN(/features/features.3/features.3.0/block/block.1/block.1.2/Sigmoid), /features/features.3/features.3.0/block/block.1/block.1.2/Mul)",tensorrt,trt_layer,0.085004,0.002206,0.083855,0.100885,60,0.114446,96.178323
efficientnet_b0,tensorrt_int8,104,/features/features.3/features.3.0/block/block.2/avgpool/GlobalAveragePool,tensorrt,trt_layer,0.060463,0.008016,0.055364,0.08677,60,0.081405,97.556259
efficientnet_b0,tensorrt_int8,150,/features/features.3/features.3.0/block/block.2/fc1/Conv,tensorrt,trt_layer,0.015596,0.000371,0.015,0.01651,60,0.020998,99.75941
efficientnet_b0,tensorrt_int8,159,"PWN(PWN(/features/features.3/features.3.0/block/block.2/activation/Sigmoid), /features/features.3/features.3.0/block/block.2/activation/Mul)",tensorrt,trt_layer,0.007994,0.000266,0.007604,0.008594,60,0.010763,99.883304
efficientnet_b0,tensorrt_int8,145,/features/features.3/features.3.0/block/block.2/fc2/Conv,tensorrt,trt_layer,0.017259,0.004528,0.016146,0.051979,60,0.023237,99.648693
efficientnet_b0,tensorrt_int8,43,"PWN(PWN(/features/features.3/features.3.0/block/block.2/scale_activation/Sigmoid), /features/features.3/features.3.0/block/block.2/Mul)",tensorrt,trt_layer,0.340018,0.000353,0.339271,0.341666,60,0.457788,84.276574
efficientnet_b0,tensorrt_int8,66,/features/features.3/features.3.0/block/block.3/block.3.0/Conv,tensorrt,trt_layer,0.178143,0.001432,0.173333,0.181875,60,0.239845,92.442485
efficientnet_b0,tensorrt_int8,52,/features/features.3/features.3.1/block/block.0/block.0.0/Conv,tensorrt,trt_layer,0.262524,0.00443,0.255573,0.273281,60,0.353453,87.954607
efficientnet_b0,tensorrt_int8,78,"PWN(PWN(/features/features.3/features.3.1/block/block.0/block.0.2/Sigmoid), /features/features.3/features.3.1/block/block.0/block.0.2/Mul)",tensorrt,trt_layer,0.125769,0.000412,0.124739,0.126614,60,0.169331,94.74021
efficientnet_b0,tensorrt_int8,2,/features/features.3/features.3.1/block/block.1/block.1.0/Conv,tensorrt,trt_layer,1.308896,0.000847,1.307187,1.311459,60,1.762251,50.320468
efficientnet_b0,tensorrt_int8,74,"PWN(PWN(/features/features.3/features.3.1/block/block.1/block.1.2/Sigmoid), /features/features.3/features.3.1/block/block.1/block.1.2/Mul)",tensorrt,trt_layer,0.134929,0.000373,0.134167,0.135781,60,0.181664,94.043057
efficientnet_b0,tensorrt_int8,87,/features/features.3/features.3.1/block/block.2/avgpool/GlobalAveragePool,tensorrt,trt_layer,0.091378,0.001702,0.08724,0.096667,60,0.123028,95.941818
efficientnet_b0,tensorrt_int8,96,/features/features.3/features.3.1/block/block.2/fc1/Conv,tensorrt,trt_layer,0.069205,0.000536,0.067813,0.070209,60,0.093175,96.856657
efficientnet_b0,tensorrt_int8,163,"PWN(PWN(/features/features.3/features.3.1/block/block.2/activation/Sigmoid), /features/features.3/features.3.1/block/block.2/activation/Mul)",tensorrt,trt_layer,0.007723,0.000229,0.007135,0.008229,60,0.010398,99.92545
efficientnet_b0,tensorrt_int8,123,/features/features.3/features.3.1/block/block.2/fc2/Conv,tensorrt,trt_layer,0.039462,0.000637,0.038281,0.041094,60,0.05313,98.751505
efficientnet_b0,tensorrt_int8,28,"PWN(PWN(/features/features.3/features.3.1/block/block.2/scale_activation/Sigmoid), /features/features.3/features.3.1/block/block.2/Mul)",tensorrt,trt_layer,0.47945,0.000353,0.478802,0.480365,60,0.645515,76.180677
efficientnet_b0,tensorrt_int8,54,/features/features.3/features.3.1/block/block.3/block.3.0/Conv + /features/features.3/features.3.1/Add,tensorrt,trt_layer,0.261194,0.003541,0.252292,0.265834,60,0.351662,88.658243
efficientnet_b0,tensorrt_int8,51,/features/features.4/features.4.0/block/block.0/block.0.0/Conv,tensorrt,trt_layer,0.263516,0.004568,0.251823,0.273802,60,0.354789,87.601154
efficientnet_b0,tensorrt_int8,73,"PWN(PWN(/features/features.4/features.4.0/block/block.0/block.0.2/Sigmoid), /features/features.4/features.4.0/block/block.0/block.0.2/Mul)",tensorrt,trt_layer,0.136148,0.0011,0.135208,0.144219,60,0.183305,93.861394
efficientnet_b0,tensorrt_int8,1,/features/features.4/features.4.0/block/block.1/block.1.0/Conv,tensorrt,trt_layer,36.066166,275.028047,0.256615,2148.59668,60,48.558216,48.558216
efficientnet_b0,tensorrt_int8,127,"PWN(PWN(/features/features.4/features.4.0/block/block.1/block.1.2/Sigmoid), /features/features.4/features.4.0/block/block.1/block.1.2/Mul)",tensorrt,trt_layer,0.037369,0.004875,0.035989,0.074739,60,0.050312,98.95804
efficientnet_b0,tensorrt_int8,135,/features/features.4/features.4.0/block/block.2/avgpool/GlobalAveragePool,tensorrt,trt_layer,0.032773,0.013346,0.03,0.135209,60,0.044124,99.328523
efficientnet_b0,tensorrt_int8,94,/features/features.4/features.4.0/block/block.2/fc1/Conv,tensorrt,trt_layer,0.070048,0.010538,0.067552,0.150885,60,0.09431,96.670114
efficientnet_b0,tensorrt_int8,158,"PWN(PWN(/features/features.4/features.4.0/block/block.2/activation/Sigmoid), /features/features.4/features.4.0/block/block.2/activation/Mul)",tensorrt,trt_layer,0.008136,0.004544,0.006927,0.042969,60,0.010954,99.872541
efficientnet_b0,tensorrt_int8,121,/features/features.4/features.4.0/block/block.2/fc2/Conv,tensorrt,trt_layer,0.041153,0.010853,0.038594,0.124427,60,0.055407,98.643454
efficientnet_b0,tensorrt_int8,77,"PWN(PWN(/features/features.4/features.4.0/block/block.2/scale_activation/Sigmoid), /features/features.4/features.4.0/block/block.2/Mul)",tensorrt,trt_layer,0.125972,0.005645,0.124687,0.169271,60,0.169604,94.57088
efficientnet_b0,tensorrt_int8,76,/features/features.4/features.4.0/block/block.3/block.3.0/Conv,tensorrt,trt_layer,0.131816,0.002859,0.125677,0.138073,60,0.177472,94.401275
efficientnet_b0,tensorrt_int8,63,/features/features.4/features.4.1/block/block.0/block.0.0/Conv,tensorrt,trt_layer,0.236909,0.001646,0.233959,0.241875,60,0.318966,91.61789
efficientnet_b0,tensorrt_int8,100,"PWN(PWN(/features/features.4/features.4.1/block/block.0/block.0.2/Sigmoid), /features/features.4/features.4.1/block/block.0/block.0.2/Mul)",tensorrt,trt_layer,0.066168,0.000557,0.065104,0.067188,60,0.089086,97.218918
efficientnet_b0,tensorrt_int8,39,/features/features.4/features.4.1/block/block.1/block.1.0/Conv,tensorrt,trt_layer,0.361153,0.000824,0.359479,0.364166,60,0.486244,82.406359
efficientnet_b0,tensorrt_int8,93,"PWN(PWN(/features/features.4/features.4.1/block/block.1/block.1.2/Sigmoid), /features/features.4/features.4.1/block/block.1/block.1.2/Mul)",tensorrt,trt_layer,0.070583,0.005976,0.068177,0.09875,60,0.09503,96.575804
efficientnet_b0,tensorrt_int8,101,/features/features.4/features.4.1/block/block.2/avgpool/GlobalAveragePool,tensorrt,trt_layer,0.064665,0.005856,0.055781,0.093229,60,0.087063,97.305981
efficientnet_b0,tensorrt_int8,142,/features/features.4/features.4.1/block/block.2/fc1/Conv,tensorrt,trt_layer,0.019507,0.00502,0.01776,0.057604,60,0.026264,99.573884
efficientnet_b0,tensorrt_int8,166,"PWN(PWN(/features/features.4/features.4.1/block/block.2/activation/Sigmoid), /features/features.4/features.4.1/block/block.2/activation/Mul)",tensorrt,trt_layer,0.007407,0.000357,0.006718,0.008645,60,0.009973,99.956191
efficientnet_b0,tensorrt_int8,131,/features/features.4/features.4.1/block/block.2/fc2/Conv,tensorrt,trt_layer,0.034942,0.000417,0.034218,0.036302,60,0.047045,99.147409
efficientnet_b0,tensorrt_int8,60,"PWN(PWN(/features/features.4/features.4.1/block/block.2/scale_activation/Sigmoid), /features/features.4/features.4.1/block/block.2/Mul)",tensorrt,trt_layer,0.244226,0.000619,0.243541,0.246875,60,0.328817,90.659804
efficientnet_b0,tensorrt_int8,55,/features/features.4/features.4.1/block/block.3/block.3.0/Conv + /features/features.4/features.4.1/Add,tensorrt,trt_layer,0.25214,0.005637,0.240208,0.265521,60,0.339472,88.997716
efficientnet_b0,tensorrt_int8,61,/features/features.4/features.4.2/block/block.0/block.0.0/Conv,tensorrt,trt_layer,0.237577,0.001859,0.233021,0.242553,60,0.319865,90.97967
efficientnet_b0,tensorrt_int8,99,"PWN(PWN(/features/features.4/features.4.2/block/block.0/block.0.2/Sigmoid), /features/features.4/features.4.2/block/block.0/block.0.2/Mul)",tensorrt,trt_layer,0.066842,0.001104,0.065677,0.069583,60,0.089994,97.129832
efficientnet_b0,tensorrt_int8,38,/features/features.4/features.4.2/block/block.1/block.1.0/Conv,tensorrt,trt_layer,0.361282,0.000998,0.359896,0.365417,60,0.486417,81.920115
efficientnet_b0,tensorrt_int8,97,"PWN(PWN(/features/features.4/features.4.2/block/block.1/block.1.2/Sigmoid), /features/features.4/features.4.2/block/block.1/block.1.2/Mul)",tensorrt,trt_layer,0.068293,0.000865,0.067084,0.070416,60,0.091947,96.948604
efficientnet_b0,tensorrt_int8,102,/features/features.4/features.4.2/block/block.2/avgpool/GlobalAveragePool,tensorrt,trt_layer,0.062722,0.00128,0.060677,0.069375,60,0.084447,97.390427
efficientnet_b0,tensorrt_int8,144,/features/features.4/features.4.2/block/block.2/fc1/Conv,tensorrt,trt_layer,0.018936,0.000608,0.017865,0.021563,60,0.025495,99.625456
efficientnet_b0,tensorrt_int8,167,"PWN(PWN(/features/features.4/features.4.2/block/block.2/activation/Sigmoid), /features/features.4/features.4.2/block/block.2/activation/Mul)",tensorrt,trt_layer,0.007352,0.00033,0.006615,0.007865,60,0.009898,99.966089
efficientnet_b0,tensorrt_int8,129,/features/features.4/features.4.2/block/block.2/fc2/Conv,tensorrt,trt_layer,0.035155,0.000391,0.034271,0.035938,60,0.047331,99.053147
efficientnet_b0,tensorrt_int8,58,"PWN(PWN(/features/features.4/features.4.2/block/block.2/scale_activation/Sigmoid), /features/features.4/features.4.2/block/block.2/Mul)",tensorrt,trt_layer,0.245142,0.007037,0.242812,0.283438,60,0.330051,90.001155
efficientnet_b0,tensorrt_int8,56,/features/features.4/features.4.2/block/block.3/block.3.0/Conv + /features/features.4/features.4.2/Add,tensorrt,trt_layer,0.251196,0.005699,0.242083,0.262448,60,0.338201,89.335917
efficientnet_b0,tensorrt_int8,62,/features/features.5/features.5.0/block/block.0/block.0.0/Conv,tensorrt,trt_layer,0.237123,0.001945,0.232604,0.241563,60,0.319254,91.298924
efficientnet_b0,tensorrt_int8,98,"PWN(PWN(/features/features.5/features.5.0/block/block.0/block.0.2/Sigmoid), /features/features.5/features.5.0/block/block.0/block.0.2/Mul)",tensorrt,trt_layer,0.067763,0.001268,0.06625,0.070885,60,0.091234,97.039838
efficientnet_b0,tensorrt_int8,8,/features/features.5/features.5.0/block/block.1/block.1.0/Conv,tensorrt,trt_layer,0.88416,0.000938,0.882605,0.886667,60,1.190402,59.133959
efficientnet_b0,tensorrt_int8,95,"PWN(PWN(/features/features.5/features.5.0/block/block.1/block.1.2/Sigmoid), /features/features.5/features.5.0/block/block.1/block.1.2/Mul)",tensorrt,trt_layer,0.069348,0.001089,0.067291,0.071719,60,0.093368,96.763482
efficientnet_b0,tensorrt_int8,103,/features/features.5/features.5.0/block/block.2/avgpool/GlobalAveragePool,tensorrt,trt_layer,0.062707,0.000908,0.061146,0.065781,60,0.084426,97.474854
efficientnet_b0,tensorrt_int8,143,/features/features.5/features.5.0/block/block.2/fc1/Conv,tensorrt,trt_layer,0.019369,0.000622,0.01849,0.021667,60,0.026078,99.599961
efficientnet_b0,tensorrt_int8,162,"PWN(PWN(/features/features.5/features.5.0/block/block.2/activation/Sigmoid), /features/features.5/features.5.0/block/block.2/activation/Mul)",tensorrt,trt_layer,0.007736,0.0004,0.006927,0.00974,60,0.010415,99.915052
efficientnet_b0,tensorrt_int8,130,/features/features.5/features.5.0/block/block.2/fc2/Conv,tensorrt,trt_layer,0.03507,0.000397,0.034271,0.036666,60,0.047217,99.100364
efficientnet_b0,tensorrt_int8,59,"PWN(PWN(/features/features.5/features.5.0/block/block.2/scale_activation/Sigmoid), /features/features.5/features.5.0/block/block.2/Mul)",tensorrt,trt_layer,0.24498,0.00089,0.24349,0.247135,60,0.329832,90.330987
efficientnet_b0,tensorrt_int8,53,/features/features.5/features.5.0/block/block.3/block.3.0/Conv,tensorrt,trt_layer,0.261425,0.002637,0.256511,0.266458,60,0.351973,88.306581
efficientnet_b0,tensorrt_int8,36,/features/features.5/features.5.1/block/block.0/block.0.0/Conv,tensorrt,trt_layer,0.397255,0.002938,0.390677,0.402813,60,0.53485,80.899092
efficientnet_b0,tensorrt_int8,88,"PWN(PWN(/features/features.5/features.5.1/block/block.0/block.0.2/Sigmoid), /features/features.5/features.5.1/block/block.0/block.0.2/Mul)",tensorrt,trt_layer,0.090658,0.001359,0.088542,0.095156,60,0.122059,96.063877
efficientnet_b0,tensorrt_int8,4,/features/features.5/features.5.1/block/block.1/block.1.0/Conv,tensorrt,trt_layer,1.235344,0.001113,1.233438,1.238125,60,1.663224,53.648253
efficientnet_b0,tensorrt_int8,86,"PWN(PWN(/features/features.5/features.5.1/block/block.1/block.1.2/Sigmoid), /features/features.5/features.5.1/block/block.1/block.1.2/Mul)",tensorrt,trt_layer,0.094156,0.001047,0.092239,0.098177,60,0.126768,95.81879
efficientnet_b0,tensorrt_int8,91,/features/features.5/features.5.1/block/block.2/avgpool/GlobalAveragePool,tensorrt,trt_layer,0.075934,0.001543,0.072135,0.080989,60,0.102235,96.383206
efficientnet_b0,tensorrt_int8,106,/features/features.5/features.5.1/block/block.2/fc1/Conv,tensorrt,trt_layer,0.055424,0.005569,0.045521,0.075937,60,0.074621,97.706423
efficientnet_b0,tensorrt_int8,161,"PWN(PWN(/features/features.5/features.5.1/block/block.2/activation/Sigmoid), /features/features.5/features.5.1/block/block.2/activation/Mul)",tensorrt,trt_layer,0.00788,0.000474,0.007239,0.010208,60,0.010609,99.904637
efficientnet_b0,tensorrt_int8,132,/features/features.5/features.5.1/block/block.2/fc2/Conv,tensorrt,trt_layer,0.034367,0.000512,0.032553,0.035677,60,0.046271,99.19368
efficientnet_b0,tensorrt_int8,45,"PWN(PWN(/features/features.5/features.5.1/block/block.2/scale_activation/Sigmoid), /features/features.5/features.5.1/block/block.2/Mul)",tensorrt,trt_layer,0.338727,0.000948,0.337291,0.340782,60,0.45605,85.189995
efficientnet_b0,tensorrt_int8,40,/features/features.5/features.5.1/block/block.3/block.3.0/Conv + /features/features.5/features.5.1/Add,tensorrt,trt_layer,0.354135,0.002514,0.349218,0.362188,60,0.476795,82.883154
efficientnet_b0,tensorrt_int8,35,/features/features.5/features.5.2/block/block.0/block.0.0/Conv,tensorrt,trt_layer,0.399178,0.006776,0.392396,0.437761,60,0.537439,80.364241
efficientnet_b0,tensorrt_int8,83,"PWN(PWN(/features/features.5/features.5.2/block/block.0/block.0.2/Sigmoid), /features/features.5/features.5.2/block/block.0/block.0.2/Mul)",tensorrt,trt_layer,0.095718,0.008405,0.09125,0.129114,60,0.128871,95.43683
efficientnet_b0,tensorrt_int8,3,/features/features.5/features.5.2/block/block.1/block.1.0/Conv,tensorrt,trt_layer,1.236338,0.002713,1.233489,1.253594,60,1.664562,51.98503
efficientnet_b0,tensorrt_int8,84,"PWN(PWN(/features/features.5/features.5.2/block/block.1/block.1.2/Sigmoid), /features/features.5/features.5.2/block/block.1/block.1.2/Mul)",tensorrt,trt_layer,0.095339,0.00171,0.093177,0.105364,60,0.128361,95.565191
efficientnet_b0,tensorrt_int8,90,/features/features.5/features.5.2/block/block.2/avgpool/GlobalAveragePool,tensorrt,trt_layer,0.076241,0.0017,0.073334,0.081094,60,0.102648,96.280972
efficientnet_b0,tensorrt_int8,105,/features/features.5/features.5.2/block/block.2/fc1/Conv,tensorrt,trt_layer,0.056109,0.005777,0.045052,0.06948,60,0.075543,97.631802
efficientnet_b0,tensorrt_int8,165,"PWN(PWN(/features/features.5/features.5.2/block/block.2/activation/Sigmoid), /features/features.5/features.5.2/block/block.2/activation/Mul)",tensorrt,trt_layer,0.007712,0.000615,0.006927,0.010625,60,0.010383,99.946218
efficientnet_b0,tensorrt_int8,133,/features/features.5/features.5.2/block/block.2/fc2/Conv,tensorrt,trt_layer,0.034016,0.000611,0.032604,0.035781,60,0.045798,99.239478
efficientnet_b0,tensorrt_int8,44,"PWN(PWN(/features/features.5/features.5.2/block/block.2/scale_activation/Sigmoid), /features/features.5/features.5.2/block/block.2/Mul)",tensorrt,trt_layer,0.339708,0.000778,0.337864,0.341459,60,0.457371,84.733945
efficientnet_b0,tensorrt_int8,41,/features/features.5/features.5.2/block/block.3/block.3.0/Conv + /features/features.5/features.5.2/Add,tensorrt,trt_layer,0.353772,0.002169,0.35,0.359479,60,0.476306,83.35946
efficientnet_b0,tensorrt_int8,37,/features/features.6/features.6.0/block/block.0/block.0.0/Conv,tensorrt,trt_layer,0.397074,0.002797,0.391718,0.402136,60,0.534606,81.433698
efficientnet_b0,tensorrt_int8,85,"PWN(PWN(/features/features.6/features.6.0/block/block.0/block.0.2/Sigmoid), /features/features.6/features.6.0/block/block.0/block.0.2/Mul)",tensorrt,trt_layer,0.094202,0.000898,0.092552,0.096927,60,0.12683,95.692022
efficientnet_b0,tensorrt_int8,18,/features/features.6/features.6.0/block/block.1/block.1.0/Conv,tensorrt,trt_layer,0.590446,0.004372,0.583021,0.606771,60,0.794956,69.473083
efficientnet_b0,tensorrt_int8,137,"PWN(PWN(/features/features.6/features.6.0/block/block.1/block.1.2/Sigmoid), /features/features.6/features.6.0/block/block.1/block.1.2/Mul)",tensorrt,trt_layer,0.031187,0.000721,0.029584,0.0325,60,0.041989,99.413033
efficientnet_b0,tensorrt_int8,139,/features/features.6/features.6.0/block/block.2/avgpool/GlobalAveragePool,tensorrt,trt_layer,0.027186,0.000538,0.02599,0.028437,60,0.036602,99.488846
efficientnet_b0,tensorrt_int8,108,/features/features.6/features.6.0/block/block.2/fc1/Conv,tensorrt,trt_layer,0.053399,0.006409,0.043958,0.089375,60,0.071895,97.850477
efficientnet_b0,tensorrt_int8,154,"PWN(PWN(/features/features.6/features.6.0/block/block.2/activation/Sigmoid), /features/features.6/features.6.0/block/block.2/activation/Mul)",tensorrt,trt_layer,0.008401,0.004492,0.007344,0.042813,60,0.011311,99.828259
efficientnet_b0,tensorrt_int8,128,/features/features.6/features.6.0/block/block.2/fc2/Conv,tensorrt,trt_layer,0.035485,0.000689,0.034271,0.037448,60,0.047776,99.005816
efficientnet_b0,tensorrt_int8,168,"Reformatting CopyNode for Input Tensor 0 to PWN(PWN(/features/features.6/features.6.0/block/block.2/scale_activation/Sigmoid), /features/features.6/features.6.0/block/block.2/Mul)",tensorrt,trt_layer,0.006773,0.000229,0.006406,0.007709,60,0.009119,99.975208
efficientnet_b0,tensorrt_int8,141,"Reformatting CopyNode for Input Tensor 1 to PWN(PWN(/features/features.6/features.6.0/block/block.2/scale_activation/Sigmoid), /features/features.6/features.6.0/block/block.2/Mul)",tensorrt,trt_layer,0.020173,0.006867,0.018229,0.053073,60,0.02716,99.54762
efficientnet_b0,tensorrt_int8,92,"PWN(PWN(/features/features.6/features.6.0/block/block.2/scale_activation/Sigmoid), /features/features.6/features.6.0/block/block.2/Mul)",tensorrt,trt_layer,0.072467,0.006757,0.069427,0.106146,60,0.097567,96.480773
efficientnet_b0,tensorrt_int8,65,/features/features.6/features.6.0/block/block.3/block.3.0/Conv,tensorrt,trt_layer,0.214363,0.002398,0.208542,0.220105,60,0.288611,92.20264
efficientnet_b0,tensorrt_int8,147,Reformatting CopyNode for Output Tensor 0 to /features/features.6/features.6.0/block/block.3/block.3.0/Conv,tensorrt,trt_layer,0.016908,0.003701,0.015729,0.045156,60,0.022764,99.694541
efficientnet_b0,tensorrt_int8,24,/features/features.6/features.6.1/block/block.0/block.0.0/Conv,tensorrt,trt_layer,0.492368,0.005379,0.483594,0.51125,60,0.662907,73.559766
efficientnet_b0,tensorrt_int8,119,"PWN(PWN(/features/features.6/features.6.1/block/block.0/block.0.2/Sigmoid), /features/features.6/features.6.1/block/block.0/block.0.2/Mul)",tensorrt,trt_layer,0.043295,0.000691,0.041615,0.044479,60,0.058291,98.531213
efficientnet_b0,tensorrt_int8,11,/features/features.6/features.6.1/block/block.1/block.1.0/Conv,tensorrt,trt_layer,0.845255,0.004347,0.838125,0.860573,60,1.138022,62.579039
efficientnet_b0,tensorrt_int8,109,"PWN(PWN(/features/features.6/features.6.1/block/block.1/block.1.2/Sigmoid), /features/features.6/features.6.1/block/block.1/block.1.2/Mul)",tensorrt,trt_layer,0.047972,0.005194,0.045313,0.071145,60,0.064588,97.915065
efficientnet_b0,tensorrt_int8,113,/features/features.6/features.6.1/block/block.2/avgpool/GlobalAveragePool,tensorrt,trt_layer,0.046964,0.007351,0.04375,0.084583,60,0.063231,98.169346
efficientnet_b0,tensorrt_int8,79,/features/features.6/features.6.1/block/block.2/fc1/Conv,tensorrt,trt_layer,0.109603,0.017631,0.07276,0.155625,60,0.147566,94.887776
efficientnet_b0,tensorrt_int8,157,"PWN(PWN(/features/features.6/features.6.1/block/block.2/activation/Sigmoid), /features/features.6/features.6.1/block/block.2/activation/Mul)",tensorrt,trt_layer,0.008182,0.000868,0.007136,0.010625,60,0.011016,99.861587
efficientnet_b0,tensorrt_int8,122,/features/features.6/features.6.1/block/block.2/fc2/Conv,tensorrt,trt_layer,0.040792,0.00087,0.039479,0.044636,60,0.054921,98.698375
efficientnet_b0,tensorrt_int8,69,"PWN(PWN(/features/features.6/features.6.1/block/block.2/scale_activation/Sigmoid), /features/features.6/features.6.1/block/block.2/Mul)",tensorrt,trt_layer,0.152026,0.000828,0.150937,0.154114,60,0.204682,93.07184
efficientnet_b0,tensorrt_int8,29,/features/features.6/features.6.1/block/block.3/block.3.0/Conv + /features/features.6/features.6.1/Add,tensorrt,trt_layer,0.460588,0.004834,0.448333,0.470364,60,0.620119,76.800796
efficientnet_b0,tensorrt_int8,21,/features/features.6/features.6.2/block/block.0/block.0.0/Conv,tensorrt,trt_layer,0.497866,0.009085,0.482916,0.532969,60,0.670309,71.560008
efficientnet_b0,tensorrt_int8,118,"PWN(PWN(/features/features.6/features.6.2/block/block.0/block.0.2/Sigmoid), /features/features.6/features.6.2/block/block.0/block.0.2/Mul)",tensorrt,trt_layer,0.043851,0.000697,0.041563,0.045,60,0.059039,98.472922
efficientnet_b0,tensorrt_int8,10,/features/features.6/features.6.2/block/block.1/block.1.0/Conv,tensorrt,trt_layer,0.846036,0.004846,0.840052,0.867188,60,1.139073,61.441017
efficientnet_b0,tensorrt_int8,110,"PWN(PWN(/features/features.6/features.6.2/block/block.1/block.1.2/Sigmoid), /features/features.6/features.6.2/block/block.1/block.1.2/Mul)",tensorrt,trt_layer,0.047345,0.000611,0.045677,0.048698,60,0.063744,97.978809
efficientnet_b0,tensorrt_int8,114,/features/features.6/features.6.2/block/block.2/avgpool/GlobalAveragePool,tensorrt,trt_layer,0.045659,0.000658,0.044166,0.047291,60,0.061474,98.23082
efficientnet_b0,tensorrt_int8,82,/features/features.6/features.6.2/block/block.2/fc1/Conv,tensorrt,trt_layer,0.100815,0.013487,0.080208,0.14724,60,0.135734,95.307959
efficientnet_b0,tensorrt_int8,160,"PWN(PWN(/features/features.6/features.6.2/block/block.2/activation/Sigmoid), /features/features.6/features.6.2/block/block.2/activation/Mul)",tensorrt,trt_layer,0.007965,0.000838,0.007083,0.011198,60,0.010724,99.894028
efficientnet_b0,tensorrt_int8,125,/features/features.6/features.6.2/block/block.2/fc2/Conv,tensorrt,trt_layer,0.03864,0.00076,0.036979,0.042135,60,0.052024,98.856005
efficientnet_b0,tensorrt_int8,68,"PWN(PWN(/features/features.6/features.6.2/block/block.2/scale_activation/Sigmoid), /features/features.6/features.6.2/block/block.2/Mul)",tensorrt,trt_layer,0.152168,0.000803,0.150989,0.15448,60,0.204874,92.867157
efficientnet_b0,tensorrt_int8,30,/features/features.6/features.6.2/block/block.3/block.3.0/Conv + /features/features.6/features.6.2/Add,tensorrt,trt_layer,0.460187,0.004114,0.451615,0.475834,60,0.61958,77.420376
efficientnet_b0,tensorrt_int8,20,/features/features.6/features.6.3/block/block.0/block.0.0/Conv,tensorrt,trt_layer,0.498352,0.006691,0.487031,0.516875,60,0.670964,70.889699
efficientnet_b0,tensorrt_int8,117,"PWN(PWN(/features/features.6/features.6.3/block/block.0/block.0.2/Sigmoid), /features/features.6/features.6.3/block/block.0/block.0.2/Mul)",tensorrt,trt_layer,0.045095,0.004258,0.042604,0.077448,60,0.060714,98.413883
efficientnet_b0,tensorrt_int8,12,/features/features.6/features.6.3/block/block.1/block.1.0/Conv,tensorrt,trt_layer,0.844882,0.00376,0.837709,0.859948,60,1.137519,63.716558
efficientnet_b0,tensorrt_int8,111,"PWN(PWN(/features/features.6/features.6.3/block/block.1/block.1.2/Sigmoid), /features/features.6/features.6.3/block/block.1/block.1.2/Mul)",tensorrt,trt_layer,0.0473,0.000616,0.045625,0.048125,60,0.063683,98.042492
efficientnet_b0,tensorrt_int8,116,/features/features.6/features.6.3/block/block.2/avgpool/GlobalAveragePool,tensorrt,trt_layer,0.045316,0.000647,0.043489,0.046355,60,0.061012,98.353168
efficientnet_b0,tensorrt_int8,81,/features/features.6/features.6.3/block/block.2/fc1/Conv,tensorrt,trt_layer,0.105023,0.01631,0.074062,0.149687,60,0.141399,95.172225
efficientnet_b0,tensorrt_int8,156,"PWN(PWN(/features/features.6/features.6.3/block/block.2/activation/Sigmoid), /features/features.6/features.6.3/block/block.2/activation/Mul)",tensorrt,trt_layer,0.008221,0.000935,0.007239,0.010677,60,0.011068,99.850571
efficientnet_b0,tensorrt_int8,126,/features/features.6/features.6.3/block/block.2/fc2/Conv,tensorrt,trt_layer,0.038417,0.000973,0.037031,0.0425,60,0.051723,98.907728
efficientnet_b0,tensorrt_int8,70,"PWN(PWN(/features/features.6/features.6.3/block/block.2/scale_activation/Sigmoid), /features/features.6/features.6.3/block/block.2/Mul)",tensorrt,trt_layer,0.151764,0.000918,0.150677,0.154844,60,0.20433,93.276169
efficientnet_b0,tensorrt_int8,32,/features/features.6/features.6.3/block/block.3/block.3.0/Conv + /features/features.6/features.6.3/Add,tensorrt,trt_layer,0.458831,0.004246,0.450052,0.472032,60,0.617754,78.65627
efficientnet_b0,tensorrt_int8,22,/features/features.7/features.7.0/block/block.0/block.0.0/Conv,tensorrt,trt_layer,0.497725,0.006732,0.482552,0.513125,60,0.670119,72.230127
efficientnet_b0,tensorrt_int8,120,"PWN(PWN(/features/features.7/features.7.0/block/block.0/block.0.2/Sigmoid), /features/features.7/features.7.0/block/block.0/block.0.2/Mul)",tensorrt,trt_layer,0.042213,0.000684,0.040833,0.043438,60,0.056834,98.588047
efficientnet_b0,tensorrt_int8,23,/features/features.7/features.7.0/block/block.1/block.1.0/Conv,tensorrt,trt_layer,0.495209,0.004901,0.490625,0.530989,60,0.666732,72.896859
efficientnet_b0,tensorrt_int8,112,"PWN(PWN(/features/features.7/features.7.0/block/block.1/block.1.2/Sigmoid), /features/features.7/features.7.0/block/block.1/block.1.2/Mul)",tensorrt,trt_layer,0.047256,0.004746,0.044427,0.070521,60,0.063624,98.106116
efficientnet_b0,tensorrt_int8,115,/features/features.7/features.7.0/block/block.2/avgpool/GlobalAveragePool,tensorrt,trt_layer,0.045557,0.000874,0.043177,0.048958,60,0.061336,98.292156
efficientnet_b0,tensorrt_int8,80,/features/features.7/features.7.0/block/block.2/fc1/Conv,tensorrt,trt_layer,0.106249,0.017549,0.076771,0.176771,60,0.14305,95.030826
efficientnet_b0,tensorrt_int8,164,"PWN(PWN(/features/features.7/features.7.0/block/block.2/activation/Sigmoid), /features/features.7/features.7.0/block/block.2/activation/Mul)",tensorrt,trt_layer,0.007713,0.000782,0.006771,0.010104,60,0.010385,99.935835
efficientnet_b0,tensorrt_int8,124,/features/features.7/features.7.0/block/block.2/fc2/Conv,tensorrt,trt_layer,0.038976,0.001287,0.036979,0.043854,60,0.052476,98.803981
efficientnet_b0,tensorrt_int8,72,"PWN(PWN(/features/features.7/features.7.0/block/block.2/scale_activation/Sigmoid), /features/features.7/features.7.0/block/block.2/Mul)",tensorrt,trt_layer,0.148829,0.000894,0.147708,0.150625,60,0.200378,93.678089
efficientnet_b0,tensorrt_int8,136,Reformatting CopyNode for Input Tensor 0 to /features/features.7/features.7.0/block/block.3/block.3.0/Conv,tensorrt,trt_layer,0.031582,0.000946,0.029844,0.033073,60,0.042521,99.371044
efficientnet_b0,tensorrt_int8,31,/features/features.7/features.7.0/block/block.3/block.3.0/Conv,tensorrt,trt_layer,0.459118,0.007575,0.446354,0.476771,60,0.61814,78.038516
efficientnet_b0,tensorrt_int8,140,Reformatting CopyNode for Input Tensor 0 to /features/features.8/features.8.0/Conv,tensorrt,trt_layer,0.023481,0.000292,0.022864,0.024323,60,0.031614,99.52046
efficientnet_b0,tensorrt_int8,13,/features/features.8/features.8.0/Conv,tensorrt,trt_layer,0.844636,0.005246,0.835469,0.860209,60,1.137188,64.853746
efficientnet_b0,tensorrt_int8,107,"PWN(PWN(/features/features.8/features.8.2/Sigmoid), /features/features.8/features.8.2/Mul)",tensorrt,trt_layer,0.053596,0.005199,0.049583,0.082448,60,0.07216,97.778583
efficientnet_b0,tensorrt_int8,134,Reformatting CopyNode for Input Tensor 0 to /avgpool/GlobalAveragePool,tensorrt,trt_layer,0.033365,0.000385,0.032552,0.034219,60,0.044921,99.284399
efficientnet_b0,tensorrt_int8,138,/avgpool/GlobalAveragePool,tensorrt,trt_layer,0.029123,0.000555,0.028125,0.030417,60,0.03921,99.452244
efficientnet_b0,tensorrt_int8,171,Reformatting CopyNode for Input Tensor 0 to /classifier/classifier.1/Gemm,tensorrt,trt_layer,0.005694,0.000123,0.00552,0.006197,60,0.007666,100.0
efficientnet_b0,tensorrt_int8,34,/classifier/classifier.1/Gemm,tensorrt,trt_layer,0.420539,0.01496,0.380572,0.458177,60,0.566199,79.826802
mobilenetv3_small,tensorrt_fp16,2,/features/features.0/features.0.0/Conv,tensorrt,trt_layer,0.615396,0.030202,0.566719,0.731406,60,1.072518,67.209667
mobilenetv3_small,tensorrt_fp16,95,"PWN(/features/features.0/features.0.2/HardSigmoid, /features/features.0/features.0.2/Mul)",tensorrt,trt_layer,0.094799,0.00216,0.090885,0.102344,60,0.165217,98.766365
mobilenetv3_small,tensorrt_fp16,21,/features/features.1/block/block.0/block.0.0/Conv + /features/features.1/block/block.0/block.0.2/Relu,tensorrt,trt_layer,0.219359,0.003282,0.211771,0.22625,60,0.382301,79.725735
mobilenetv3_small,tensorrt_fp16,102,/features/features.1/block/block.1/avgpool/GlobalAveragePool,tensorrt,trt_layer,0.055832,0.001071,0.05375,0.058958,60,0.097305,99.683579
mobilenetv3_small,tensorrt_fp16,107,Reformatting CopyNode for Input Tensor 0 to 2-layer MLP: /features/features.1/block/block.1/fc1/Conv + /features/features.1/block/block.1/activation/Relu -> /features/features.1/block/block.1/fc2/Conv,tensorrt,trt_layer,0.014189,0.000337,0.013541,0.015,60,0.024729,100.0
mobilenetv3_small,tensorrt_fp16,24,2-layer MLP: /features/features.1/block/block.1/fc1/Conv + /features/features.1/block/block.1/activation/Relu -> /features/features.1/block/block.1/fc2/Conv,tensorrt,trt_layer,0.202227,0.325042,0.054427,2.201406,60,0.352443,80.798283
mobilenetv3_small,tensorrt_fp16,85,"Reformatting CopyNode for Input Tensor 0 to PWN(/features/features.1/block/block.1/scale_activation/HardSigmoid, /features/features.1/block/block.1/Mul)",tensorrt,trt_layer,0.130122,0.075842,0.00849,0.312031,60,0.226778,96.850638
mobilenetv3_small,tensorrt_fp16,37,"PWN(/features/features.1/block/block.1/scale_activation/HardSigmoid, /features/features.1/block/block.1/Mul)",tensorrt,trt_layer,0.158892,0.044474,0.08651,0.359115,60,0.276918,84.691211
mobilenetv3_small,tensorrt_fp16,31,/features/features.1/block/block.2/block.2.0/Conv,tensorrt,trt_layer,0.166226,0.041856,0.097031,0.265313,60,0.2897,82.997575
mobilenetv3_small,tensorrt_fp16,13,/features/features.2/block/block.0/block.0.0/Conv + /features/features.2/block/block.0/block.0.2/Relu,tensorrt,trt_layer,0.365711,0.036268,0.29875,0.454531,60,0.637364,75.849198
mobilenetv3_small,tensorrt_fp16,17,/features/features.2/block/block.1/block.1.0/Conv + /features/features.2/block/block.1/block.1.2/Relu,tensorrt,trt_layer,0.25692,0.002164,0.25302,0.262656,60,0.447762,78.125423
mobilenetv3_small,tensorrt_fp16,98,/features/features.2/block/block.2/block.2.0/Conv,tensorrt,trt_layer,0.083436,0.011763,0.078698,0.173177,60,0.145413,99.22194
mobilenetv3_small,tensorrt_fp16,94,/features/features.3/block/block.0/block.0.0/Conv + /features/features.3/block/block.0/block.0.2/Relu,tensorrt,trt_layer,0.095222,0.017233,0.09099,0.227448,60,0.165954,98.601148
mobilenetv3_small,tensorrt_fp16,70,/features/features.3/block/block.1/block.1.0/Conv + /features/features.3/block/block.1/block.1.2/Relu,tensorrt,trt_layer,0.142056,0.013001,0.138698,0.241614,60,0.247576,93.306045
mobilenetv3_small,tensorrt_fp16,97,/features/features.3/block/block.2/block.2.0/Conv + /features/features.3/Add,tensorrt,trt_layer,0.088815,0.014489,0.08375,0.177604,60,0.154788,99.076527
mobilenetv3_small,tensorrt_fp16,105,Reformatting CopyNode for Input Tensor 0 to /features/features.4/block/block.0/block.0.0/Conv,tensorrt,trt_layer,0.03826,0.047651,0.027239,0.320573,60,0.06668,99.912492
mobilenetv3_small,tensorrt_fp16,91,/features/features.4/block/block.0/block.0.0/Conv,tensorrt,trt_layer,0.107338,0.079818,0.086563,0.688854,60,0.18707,98.086835
mobilenetv3_small,tensorrt_fp16,93,"Reformatting CopyNode for Input Tensor 0 to PWN(/features/features.4/block/block.0/block.0.2/HardSigmoid, /features/features.4/block/block.0/block.0.2/Mul)",tensorrt,trt_layer,0.097082,0.039431,0.080313,0.218334,60,0.169195,98.435195
mobilenetv3_small,tensorrt_fp16,101,"PWN(/features/features.4/block/block.0/block.0.2/HardSigmoid, /features/features.4/block/block.0/block.0.2/Mul)",tensorrt,trt_layer,0.060143,0.048854,0.037448,0.204218,60,0.104818,99.586275
mobilenetv3_small,tensorrt_fp16,1,/features/features.4/block/block.1/block.1.0/Conv,tensorrt,trt_layer,37.948592,289.10376,0.141614,2258.596436,60,66.137149,66.137149
mobilenetv3_small,tensorrt_fp16,49,"PWN(/features/features.4/block/block.1/block.1.2/HardSigmoid, /features/features.4/block/block.1/block.1.2/Mul)",tensorrt,trt_layer,0.153056,0.171668,0.012812,1.376875,60,0.266747,87.941917
mobilenetv3_small,tensorrt_fp16,55,/features/features.4/block/block.2/avgpool/GlobalAveragePool,tensorrt,trt_layer,0.148828,0.066169,0.024167,0.241667,60,0.259379,89.516054
mobilenetv3_small,tensorrt_fp16,10,2-layer MLP: /features/features.4/block/block.2/fc1/Conv + /features/features.4/block/block.2/activation/Relu -> /features/features.4/block/block.2/fc2/Conv,tensorrt,trt_layer,0.44903,0.171022,0.100729,0.717396,60,0.782574,73.758944
mobilenetv3_small,tensorrt_fp16,28,"Reformatting CopyNode for Input Tensor 1 to PWN(/features/features.4/block/block.2/scale_activation/HardSigmoid, /features/features.4/block/block.2/Mul)",tensorrt,trt_layer,0.173903,0.195756,0.027032,1.605365,60,0.30308,82.114619
mobilenetv3_small,tensorrt_fp16,84,"PWN(/features/features.4/block/block.2/scale_activation/HardSigmoid, /features/features.4/block/block.2/Mul)",tensorrt,trt_layer,0.131209,0.044628,0.031354,0.202292,60,0.228672,96.62386
mobilenetv3_small,tensorrt_fp16,32,/features/features.4/block/block.3/block.3.0/Conv,tensorrt,trt_layer,0.165832,0.125774,0.044218,1.064896,60,0.289014,83.286589
mobilenetv3_small,tensorrt_fp16,54,/features/features.5/block/block.0/block.0.0/Conv,tensorrt,trt_layer,0.148943,0.033939,0.066198,0.215469,60,0.259579,89.256675
mobilenetv3_small,tensorrt_fp16,30,"Reformatting CopyNode for Input Tensor 0 to PWN(/features/features.5/block/block.0/block.0.2/HardSigmoid, /features/features.5/block/block.0/block.0.2/Mul)",tensorrt,trt_layer,0.169617,0.232798,0.052552,1.926303,60,0.29561,82.707875
mobilenetv3_small,tensorrt_fp16,88,"PWN(/features/features.5/block/block.0/block.0.2/HardSigmoid, /features/features.5/block/block.0/block.0.2/Mul)",tensorrt,trt_layer,0.125046,0.044968,0.024218,0.207084,60,0.217931,97.511995
mobilenetv3_small,tensorrt_fp16,12,/features/features.5/block/block.1/block.1.0/Conv,tensorrt,trt_layer,0.392429,0.186027,0.282605,1.740104,60,0.683929,75.211834
mobilenetv3_small,tensorrt_fp16,86,"PWN(/features/features.5/block/block.1/block.1.2/HardSigmoid, /features/features.5/block/block.1/block.1.2/Mul)",tensorrt,trt_layer,0.127264,0.057908,0.02401,0.205104,60,0.221797,97.072435
mobilenetv3_small,tensorrt_fp16,46,/features/features.5/block/block.2/avgpool/GlobalAveragePool,tensorrt,trt_layer,0.15428,0.044207,0.055677,0.241615,60,0.268881,87.140443
mobilenetv3_small,tensorrt_fp16,6,2-layer MLP: /features/features.5/block/block.2/fc1/Conv + /features/features.5/block/block.2/activation/Relu -> /features/features.5/block/block.2/fc2/Conv,tensorrt,trt_layer,0.477052,0.103252,0.279791,0.682032,60,0.831411,70.570153
mobilenetv3_small,tensorrt_fp16,40,"Reformatting CopyNode for Input Tensor 1 to PWN(/features/features.5/block/block.2/scale_activation/HardSigmoid, /features/features.5/block/block.2/Mul)",tensorrt,trt_layer,0.156644,0.024325,0.117657,0.207864,60,0.273001,85.51389
mobilenetv3_small,tensorrt_fp16,38,"PWN(/features/features.5/block/block.2/scale_activation/HardSigmoid, /features/features.5/block/block.2/Mul)",tensorrt,trt_layer,0.158228,0.141066,0.082396,1.214948,60,0.275761,84.966972
mobilenetv3_small,tensorrt_fp16,58,/features/features.5/block/block.3/block.3.0/Conv + /features/features.5/Add,tensorrt,trt_layer,0.14725,0.049068,0.070625,0.386459,60,0.256629,90.288097
mobilenetv3_small,tensorrt_fp16,57,/features/features.6/block/block.0/block.0.0/Conv,tensorrt,trt_layer,0.147497,0.038645,0.081823,0.301875,60,0.257059,90.031469
mobilenetv3_small,tensorrt_fp16,64,"Reformatting CopyNode for Input Tensor 0 to PWN(/features/features.6/block/block.0/block.0.2/HardSigmoid, /features/features.6/block/block.0/block.0.2/Mul)",tensorrt,trt_layer,0.143956,0.048022,0.065208,0.341042,60,0.250888,91.808135
mobilenetv3_small,tensorrt_fp16,80,"PWN(/features/features.6/block/block.0/block.0.2/HardSigmoid, /features/features.6/block/block.0/block.0.2/Mul)",tensorrt,trt_layer,0.131503,0.050824,0.042917,0.326093,60,0.229185,95.708223
mobilenetv3_small,tensorrt_fp16,14,/features/features.6/block/block.1/block.1.0/Conv,tensorrt,trt_layer,0.353148,0.053686,0.295312,0.550989,60,0.61547,76.464668
mobilenetv3_small,tensorrt_fp16,81,"PWN(/features/features.6/block/block.1/block.1.2/HardSigmoid, /features/features.6/block/block.1/block.1.2/Mul)",tensorrt,trt_layer,0.131485,0.062944,0.024062,0.30151,60,0.229153,95.937376
mobilenetv3_small,tensorrt_fp16,41,/features/features.6/block/block.2/avgpool/GlobalAveragePool,tensorrt,trt_layer,0.156496,0.049721,0.053541,0.272656,60,0.272743,85.786632
mobilenetv3_small,tensorrt_fp16,7,2-layer MLP: /features/features.6/block/block.2/fc1/Conv + /features/features.6/block/block.2/activation/Relu -> /features/features.6/block/block.2/fc2/Conv,tensorrt,trt_layer,0.47649,0.116106,0.274687,0.759948,60,0.830431,71.400584
mobilenetv3_small,tensorrt_fp16,39,"Reformatting CopyNode for Input Tensor 1 to PWN(/features/features.6/block/block.2/scale_activation/HardSigmoid, /features/features.6/block/block.2/Mul)",tensorrt,trt_layer,0.15717,0.026447,0.11599,0.236146,60,0.273917,85.240889
mobilenetv3_small,tensorrt_fp16,71,"PWN(/features/features.6/block/block.2/scale_activation/HardSigmoid, /features/features.6/block/block.2/Mul)",tensorrt,trt_layer,0.141473,0.032627,0.082812,0.203646,60,0.24656,93.552605
mobilenetv3_small,tensorrt_fp16,66,/features/features.6/block/block.3/block.3.0/Conv + /features/features.6/Add,tensorrt,trt_layer,0.143571,0.047964,0.06724,0.365365,60,0.250217,92.309209
mobilenetv3_small,tensorrt_fp16,61,/features/features.7/block/block.0/block.0.0/Conv,tensorrt,trt_layer,0.145176,0.047447,0.059167,0.288177,60,0.253014,91.052903
mobilenetv3_small,tensorrt_fp16,83,"PWN(/features/features.7/block/block.0/block.0.2/HardSigmoid, /features/features.7/block/block.0/block.0.2/Mul)",tensorrt,trt_layer,0.131314,0.039296,0.056718,0.225156,60,0.228855,96.395188
mobilenetv3_small,tensorrt_fp16,68,Reformatting CopyNode for Input Tensor 0 to /features/features.7/block/block.1/block.1.0/Conv,tensorrt,trt_layer,0.143404,0.035506,0.082084,0.220521,60,0.249926,92.809118
mobilenetv3_small,tensorrt_fp16,15,/features/features.7/block/block.1/block.1.0/Conv,tensorrt,trt_layer,0.35311,0.107192,0.224948,0.996614,60,0.615403,77.080071
mobilenetv3_small,tensorrt_fp16,29,"PWN(/features/features.7/block/block.1/block.1.2/HardSigmoid, /features/features.7/block/block.1/block.1.2/Mul)",tensorrt,trt_layer,0.170785,0.22652,0.067135,1.885313,60,0.297646,82.412265
mobilenetv3_small,tensorrt_fp16,42,/features/features.7/block/block.2/avgpool/GlobalAveragePool,tensorrt,trt_layer,0.155898,0.041785,0.027447,0.245886,60,0.2717,86.058333
mobilenetv3_small,tensorrt_fp16,4,2-layer MLP: /features/features.7/block/block.2/fc1/Conv + /features/features.7/block/block.2/activation/Relu -> /features/features.7/block/block.2/fc2/Conv,tensorrt,trt_layer,0.479707,0.122711,0.27375,0.861302,60,0.836038,68.90691
mobilenetv3_small,tensorrt_fp16,45,"Reformatting CopyNode for Input Tensor 1 to PWN(/features/features.7/block/block.2/scale_activation/HardSigmoid, /features/features.7/block/block.2/Mul)",tensorrt,trt_layer,0.155262,0.049193,0.087187,0.393229,60,0.270592,86.871562
mobilenetv3_small,tensorrt_fp16,75,"PWN(/features/features.7/block/block.2/scale_activation/HardSigmoid, /features/features.7/block/block.2/Mul)",tensorrt,trt_layer,0.137792,0.036057,0.081146,0.279584,60,0.240145,94.526571
mobilenetv3_small,tensorrt_fp16,52,/features/features.7/block/block.3/block.3.0/Conv,tensorrt,trt_layer,0.150151,0.037771,0.084427,0.281302,60,0.261685,88.735903
mobilenetv3_small,tensorrt_fp16,44,/features/features.8/block/block.0/block.0.0/Conv,tensorrt,trt_layer,0.155639,0.039628,0.093229,0.295938,60,0.271249,86.60097
mobilenetv3_small,tensorrt_fp16,63,"Reformatting CopyNode for Input Tensor 0 to PWN(/features/features.8/block/block.0/block.0.2/HardSigmoid, /features/features.8/block/block.0/block.0.2/Mul)",tensorrt,trt_layer,0.144354,0.048528,0.054323,0.280886,60,0.251581,91.557247
mobilenetv3_small,tensorrt_fp16,78,"PWN(/features/features.8/block/block.0/block.0.2/HardSigmoid, /features/features.8/block/block.0/block.0.2/Mul)",tensorrt,trt_layer,0.136879,0.043843,0.068438,0.275156,60,0.238554,95.244059
mobilenetv3_small,tensorrt_fp16,59,Reformatting CopyNode for Input Tensor 0 to /features/features.8/block/block.1/block.1.0/Conv,tensorrt,trt_layer,0.146958,0.032043,0.097865,0.272656,60,0.25612,90.544217
mobilenetv3_small,tensorrt_fp16,16,/features/features.8/block/block.1/block.1.0/Conv,tensorrt,trt_layer,0.342889,0.090013,0.208541,0.653802,60,0.59759,77.677661
mobilenetv3_small,tensorrt_fp16,69,"PWN(/features/features.8/block/block.1/block.1.2/HardSigmoid, /features/features.8/block/block.1/block.1.2/Mul)",tensorrt,trt_layer,0.143074,0.049481,0.0525,0.302083,60,0.249351,93.058468
mobilenetv3_small,tensorrt_fp16,35,/features/features.8/block/block.2/avgpool/GlobalAveragePool,tensorrt,trt_layer,0.16062,0.042281,0.090521,0.300261,60,0.27993,84.136539
mobilenetv3_small,tensorrt_fp16,5,2-layer MLP: /features/features.8/block/block.2/fc1/Conv + /features/features.8/block/block.2/activation/Relu -> /features/features.8/block/block.2/fc2/Conv,tensorrt,trt_layer,0.477294,0.120492,0.272344,0.883854,60,0.831832,69.738742
mobilenetv3_small,tensorrt_fp16,34,"Reformatting CopyNode for Input Tensor 1 to PWN(/features/features.8/block/block.2/scale_activation/HardSigmoid, /features/features.8/block/block.2/Mul)",tensorrt,trt_layer,0.16144,0.053756,0.092552,0.409375,60,0.281359,83.856609
mobilenetv3_small,tensorrt_fp16,74,"PWN(/features/features.8/block/block.2/scale_activation/HardSigmoid, /features/features.8/block/block.2/Mul)",tensorrt,trt_layer,0.139228,0.038742,0.082031,0.316511,60,0.242648,94.286425
mobilenetv3_small,tensorrt_fp16,36,/features/features.8/block/block.3/block.3.0/Conv + /features/features.8/Add,tensorrt,trt_layer,0.159371,0.041774,0.085156,0.310833,60,0.277753,84.414292
mobilenetv3_small,tensorrt_fp16,67,Reformatting CopyNode for Input Tensor 0 to /features/features.9/block/block.0/block.0.0/Conv,tensorrt,trt_layer,0.143437,0.045575,0.057292,0.286823,60,0.249983,92.559192
mobilenetv3_small,tensorrt_fp16,22,/features/features.9/block/block.0/block.0.0/Conv,tensorrt,trt_layer,0.209542,0.034608,0.170677,0.416562,60,0.365192,80.090927
mobilenetv3_small,tensorrt_fp16,99,"PWN(/features/features.9/block/block.0/block.0.2/HardSigmoid, /features/features.9/block/block.0/block.0.2/Mul)",tensorrt,trt_layer,0.074825,0.04352,0.029583,0.258646,60,0.130406,99.352346
mobilenetv3_small,tensorrt_fp16,11,/features/features.9/block/block.1/block.1.0/Conv,tensorrt,trt_layer,0.441219,0.148607,0.328593,1.414896,60,0.76896,74.527905
mobilenetv3_small,tensorrt_fp16,96,"Reformatting CopyNode for Input Tensor 0 to PWN(/features/features.9/block/block.1/block.1.2/HardSigmoid, /features/features.9/block/block.1/block.1.2/Mul)",tensorrt,trt_layer,0.089152,0.097349,0.021614,0.651354,60,0.155375,98.92174
mobilenetv3_small,tensorrt_fp16,87,"PWN(/features/features.9/block/block.1/block.1.2/HardSigmoid, /features/features.9/block/block.1/block.1.2/Mul)",tensorrt,trt_layer,0.127168,0.063162,0.011094,0.282135,60,0.22163,97.294064
mobilenetv3_small,tensorrt_fp16,50,/features/features.9/block/block.2/avgpool/GlobalAveragePool,tensorrt,trt_layer,0.152732,0.052314,0.048802,0.314219,60,0.266183,88.2081
mobilenetv3_small,tensorrt_fp16,3,2-layer MLP: /features/features.9/block/block.2/fc1/Conv + /features/features.9/block/block.2/activation/Relu -> /features/features.9/block/block.2/fc2/Conv,tensorrt,trt_layer,0.494148,0.12616,0.266355,0.901146,60,0.861206,68.070872
mobilenetv3_small,tensorrt_fp16,65,"PWN(/features/features.9/block/block.2/scale_activation/HardSigmoid, /features/features.9/block/block.2/Mul)",tensorrt,trt_layer,0.143938,0.033848,0.08625,0.261927,60,0.250856,92.058992
mobilenetv3_small,tensorrt_fp16,53,/features/features.9/block/block.3/block.3.0/Conv,tensorrt,trt_layer,0.149869,0.038298,0.086145,0.270365,60,0.261193,88.997096
mobilenetv3_small,tensorrt_fp16,27,/features/features.10/block/block.0/block.0.0/Conv,tensorrt,trt_layer,0.187059,0.033758,0.131719,0.311823,60,0.326008,81.811539
mobilenetv3_small,tensorrt_fp16,92,"PWN(/features/features.10/block/block.0/block.0.2/HardSigmoid, /features/features.10/block/block.0/block.0.2/Mul)",tensorrt,trt_layer,0.102802,0.054424,0.015886,0.254479,60,0.179164,98.265999
mobilenetv3_small,tensorrt_fp16,51,Reformatting CopyNode for Input Tensor 0 to /features/features.10/block/block.1/block.1.0/Conv,tensorrt,trt_layer,0.152695,0.048509,0.073698,0.304323,60,0.266118,88.474218
mobilenetv3_small,tensorrt_fp16,9,/features/features.10/block/block.1/block.1.0/Conv,tensorrt,trt_layer,0.451247,0.056418,0.38625,0.669219,60,0.786437,72.976371
mobilenetv3_small,tensorrt_fp16,106,"PWN(/features/features.10/block/block.1/block.1.2/HardSigmoid, /features/features.10/block/block.1/block.1.2/Mul)",tensorrt,trt_layer,0.036022,0.044882,0.01677,0.201979,60,0.062779,99.975271
mobilenetv3_small,tensorrt_fp16,72,/features/features.10/block/block.2/avgpool/GlobalAveragePool,tensorrt,trt_layer,0.141279,0.06827,0.024062,0.270208,60,0.246222,93.798828
mobilenetv3_small,tensorrt_fp16,19,/features/features.10/block/block.2/fc1/Conv + /features/features.10/block/block.2/activation/Relu,tensorrt,trt_layer,0.22736,0.075458,0.069843,0.387031,60,0.396245,78.950481
mobilenetv3_small,tensorrt_fp16,43,/features/features.10/block/block.2/fc2/Conv,tensorrt,trt_layer,0.155719,0.053221,0.085625,0.414219,60,0.271388,86.329721
mobilenetv3_small,tensorrt_fp16,48,"Reformatting CopyNode for Input Tensor 1 to PWN(/features/features.10/block/block.2/scale_activation/HardSigmoid, /features/features.10/block/block.2/Mul)",tensorrt,trt_layer,0.153278,0.04238,0.086302,0.292292,60,0.267134,87.67517
mobilenetv3_small,tensorrt_fp16,77,"PWN(/features/features.10/block/block.2/scale_activation/HardSigmoid, /features/features.10/block/block.2/Mul)",tensorrt,trt_layer,0.137163,0.034179,0.082083,0.230156,60,0.239049,95.005505
mobilenetv3_small,tensorrt_fp16,26,/features/features.10/block/block.3/block.3.0/Conv + /features/features.10/Add,tensorrt,trt_layer,0.195323,0.03268,0.137969,0.309687,60,0.340411,81.485531
mobilenetv3_small,tensorrt_fp16,82,/features/features.11/block/block.0/block.0.0/Conv,tensorrt,trt_layer,0.131372,0.038241,0.08599,0.253072,60,0.228956,96.166333
mobilenetv3_small,tensorrt_fp16,90,"PWN(/features/features.11/block/block.0/block.0.2/HardSigmoid, /features/features.11/block/block.0/block.0.2/Mul)",tensorrt,trt_layer,0.110609,0.057547,0.015781,0.228907,60,0.19277,97.899765
mobilenetv3_small,tensorrt_fp16,73,Reformatting CopyNode for Input Tensor 0 to /features/features.11/block/block.1/block.1.0/Conv,tensorrt,trt_layer,0.140549,0.048253,0.047812,0.234479,60,0.24495,94.043778
mobilenetv3_small,tensorrt_fp16,8,/features/features.11/block/block.1/block.1.0/Conv,tensorrt,trt_layer,0.452918,0.063435,0.386354,0.629167,60,0.78935,72.189933
mobilenetv3_small,tensorrt_fp16,104,"PWN(/features/features.11/block/block.1/block.1.2/HardSigmoid, /features/features.11/block/block.1/block.1.2/Mul)",tensorrt,trt_layer,0.040899,0.053831,0.016823,0.260364,60,0.071279,99.845812
mobilenetv3_small,tensorrt_fp16,76,/features/features.11/block/block.2/avgpool/GlobalAveragePool,tensorrt,trt_layer,0.137643,0.070642,0.023802,0.280885,60,0.239885,94.766456
mobilenetv3_small,tensorrt_fp16,20,/features/features.11/block/block.2/fc1/Conv + /features/features.11/block/block.2/activation/Relu,tensorrt,trt_layer,0.225471,0.083607,0.063959,0.41099,60,0.392953,79.343434
mobilenetv3_small,tensorrt_fp16,60,/features/features.11/block/block.2/fc2/Conv,tensorrt,trt_layer,0.146701,0.049544,0.08276,0.392552,60,0.255672,90.799889
mobilenetv3_small,tensorrt_fp16,56,"Reformatting CopyNode for Input Tensor 1 to PWN(/features/features.11/block/block.2/scale_activation/HardSigmoid, /features/features.11/block/block.2/Mul)",tensorrt,trt_layer,0.148241,0.03796,0.08375,0.25401,60,0.258356,89.77441
mobilenetv3_small,tensorrt_fp16,47,"PWN(/features/features.11/block/block.2/scale_activation/HardSigmoid, /features/features.11/block/block.2/Mul)",tensorrt,trt_layer,0.153541,0.131423,0.080416,1.124948,60,0.267593,87.408036
mobilenetv3_small,tensorrt_fp16,23,/features/features.11/block/block.3/block.3.0/Conv + /features/features.11/Add,tensorrt,trt_layer,0.203644,0.052801,0.138802,0.50151,60,0.354913,80.445839
mobilenetv3_small,tensorrt_fp16,79,/features/features.12/features.12.0/Conv,tensorrt,trt_layer,0.134828,0.04058,0.086719,0.263177,60,0.234979,95.479038
mobilenetv3_small,tensorrt_fp16,89,"PWN(/features/features.12/features.12.2/HardSigmoid, /features/features.12/features.12.2/Mul)",tensorrt,trt_layer,0.111888,0.057995,0.015469,0.234375,60,0.194999,97.706995
mobilenetv3_small,tensorrt_fp16,62,Reformatting CopyNode for Input Tensor 0 to /avgpool/GlobalAveragePool,tensorrt,trt_layer,0.145032,0.054293,0.053282,0.339062,60,0.252763,91.305666
mobilenetv3_small,tensorrt_fp16,33,/avgpool/GlobalAveragePool,tensorrt,trt_layer,0.16563,0.058639,0.08375,0.470833,60,0.288661,83.57525
mobilenetv3_small,tensorrt_fp16,25,/classifier/classifier.0/Gemm,tensorrt,trt_layer,0.199011,0.024066,0.159114,0.288125,60,0.346838,81.145121
mobilenetv3_small,tensorrt_fp16,100,"PWN(/classifier/classifier.1/HardSigmoid, /classifier/classifier.1/Mul)",tensorrt,trt_layer,0.074082,0.053734,0.007656,0.241823,60,0.129111,99.481457
mobilenetv3_small,tensorrt_fp16,18,/classifier/classifier.3/Gemm,tensorrt,trt_layer,0.246047,0.028292,0.195313,0.315729,60,0.428813,78.554236
mobilenetv3_small,tensorrt_fp16,103,Reformatting CopyNode for Input Tensor 0 to (Unnamed Layer* 165) [Shuffle],tensorrt,trt_layer,0.052188,0.204207,0.006562,1.263854,60,0.090954,99.774533
mobilenetv3_small,tensorrt_fp32,2,/features/features.0/features.0.0/Conv,tensorrt,trt_layer,0.58165,0.021545,0.537865,0.636667,60,1.133035,77.022869
mobilenetv3_small,tensorrt_fp32,54,"PWN(/features/features.0/features.0.2/HardSigmoid, /features/features.0/features.0.2/Mul)",tensorrt,trt_layer,0.094664,0.001728,0.091041,0.099063,60,0.184402,97.011632
mobilenetv3_small,tensorrt_fp32,16,/features/features.1/block/block.0/block.0.0/Conv + /features/features.1/block/block.0/block.0.2/Relu,tensorrt,trt_layer,0.22146,0.003519,0.21526,0.233073,60,0.431397,86.589988
mobilenetv3_small,tensorrt_fp32,64,/features/features.1/block/block.1/avgpool/GlobalAveragePool,tensorrt,trt_layer,0.056067,0.001063,0.052396,0.058021,60,0.109217,98.541945
mobilenetv3_small,tensorrt_fp32,57,2-layer MLP: /features/features.1/block/block.1/fc1/Conv + /features/features.1/block/block.1/activation/Relu -> /features/features.1/block/block.1/fc2/Conv,tensorrt,trt_layer,0.086943,0.141904,0.046458,0.881458,60,0.169362,97.527684
mobilenetv3_small,tensorrt_fp32,50,"PWN(/features/features.1/block/block.1/scale_activation/HardSigmoid, /features/features.1/block/block.1/Mul)",tensorrt,trt_layer,0.103884,0.031468,0.086407,0.196094,60,0.202363,96.24547
mobilenetv3_small,tensorrt_fp32,36,/features/features.1/block/block.2/block.2.0/Conv,tensorrt,trt_layer,0.129443,0.034253,0.109115,0.237448,60,0.252151,93.097624
mobilenetv3_small,tensorrt_fp32,11,/features/features.2/block/block.0/block.0.0/Conv + /features/features.2/block/block.0/block.0.2/Relu,tensorrt,trt_layer,0.283516,0.046261,0.260521,0.570417,60,0.55228,84.145272
mobilenetv3_small,tensorrt_fp32,13,/features/features.2/block/block.1/block.1.0/Conv + /features/features.2/block/block.1/block.1.2/Relu,tensorrt,trt_layer,0.255589,0.001932,0.250521,0.260312,60,0.497879,85.177213
mobilenetv3_small,tensorrt_fp32,53,/features/features.2/block/block.2/block.2.0/Conv,tensorrt,trt_layer,0.094672,0.000862,0.091511,0.096198,60,0.184418,96.82723
mobilenetv3_small,tensorrt_fp32,55,/features/features.3/block/block.0/block.0.0/Conv + /features/features.3/block/block.0/block.0.2/Relu,tensorrt,trt_layer,0.090039,0.003342,0.087396,0.103229,60,0.175393,97.187025
mobilenetv3_small,tensorrt_fp32,33,/features/features.3/block/block.1/block.1.0/Conv + /features/features.3/block/block.1/block.1.2/Relu,tensorrt,trt_layer,0.140456,0.000865,0.138438,0.143073,60,0.273604,92.313723
mobilenetv3_small,tensorrt_fp32,60,/features/features.3/block/block.2/block.2.0/Conv + /features/features.3/Add,tensorrt,trt_layer,0.082171,0.000993,0.079948,0.084584,60,0.160066,98.016993
mobilenetv3_small,tensorrt_fp32,56,/features/features.4/block/block.0/block.0.0/Conv,tensorrt,trt_layer,0.087936,0.009797,0.085,0.16302,60,0.171296,97.358322
mobilenetv3_small,tensorrt_fp32,68,"PWN(/features/features.4/block/block.0/block.0.2/HardSigmoid, /features/features.4/block/block.0/block.0.2/Mul)",tensorrt,trt_layer,0.04471,0.023476,0.038855,0.176302,60,0.087094,98.936295
mobilenetv3_small,tensorrt_fp32,18,/features/features.4/block/block.1/block.1.0/Conv,tensorrt,trt_layer,0.211089,0.052486,0.19901,0.589844,60,0.411194,87.42128
mobilenetv3_small,tensorrt_fp32,85,"PWN(/features/features.4/block/block.1/block.1.2/HardSigmoid, /features/features.4/block/block.1/block.1.2/Mul)",tensorrt,trt_layer,0.017092,0.021434,0.01349,0.181666,60,0.033295,99.902514
mobilenetv3_small,tensorrt_fp32,74,/features/features.4/block/block.2/avgpool/GlobalAveragePool,tensorrt,trt_layer,0.032051,0.032664,0.023177,0.203542,60,0.062434,99.372484
mobilenetv3_small,tensorrt_fp32,22,2-layer MLP: /features/features.4/block/block.2/fc1/Conv + /features/features.4/block/block.2/activation/Relu -> /features/features.4/block/block.2/fc2/Conv,tensorrt,trt_layer,0.190077,0.169112,0.049792,0.640833,60,0.370264,88.967171
mobilenetv3_small,tensorrt_fp32,51,"PWN(/features/features.4/block/block.2/scale_activation/HardSigmoid, /features/features.4/block/block.2/Mul)",tensorrt,trt_layer,0.102158,0.052783,0.047865,0.213333,60,0.199,96.44447
mobilenetv3_small,tensorrt_fp32,42,/features/features.4/block/block.3/block.3.0/Conv,tensorrt,trt_layer,0.117695,0.065953,0.058855,0.45125,60,0.229266,94.508932
mobilenetv3_small,tensorrt_fp32,34,/features/features.5/block/block.0/block.0.0/Conv,tensorrt,trt_layer,0.139417,0.044567,0.091406,0.243177,60,0.27158,92.585303
mobilenetv3_small,tensorrt_fp32,62,"PWN(/features/features.5/block/block.0/block.0.2/HardSigmoid, /features/features.5/block/block.0/block.0.2/Mul)",tensorrt,trt_layer,0.073681,0.04788,0.023959,0.206198,60,0.143528,98.314039
mobilenetv3_small,tensorrt_fp32,4,/features/features.5/block/block.1/block.1.0/Conv,tensorrt,trt_layer,0.494905,0.043609,0.444479,0.587188,60,0.964058,79.060033
mobilenetv3_small,tensorrt_fp32,80,"PWN(/features/features.5/block/block.1/block.1.2/HardSigmoid, /features/features.5/block/block.1/block.1.2/Mul)",tensorrt,trt_layer,0.026956,0.000734,0.024791,0.02823,60,0.052509,99.70746
mobilenetv3_small,tensorrt_fp32,75,/features/features.5/block/block.2/avgpool/GlobalAveragePool,tensorrt,trt_layer,0.031497,0.000833,0.030156,0.033958,60,0.061355,99.433839
mobilenetv3_small,tensorrt_fp32,78,/features/features.5/block/block.2/fc1/Conv + /features/features.5/block/block.2/activation/Relu,tensorrt,trt_layer,0.027387,0.062677,0.018489,0.508802,60,0.053349,99.60235
mobilenetv3_small,tensorrt_fp32,63,/features/features.5/block/block.2/fc2/Conv,tensorrt,trt_layer,0.06093,0.068071,0.02276,0.408385,60,0.11869,98.432728
mobilenetv3_small,tensorrt_fp32,28,"PWN(/features/features.5/block/block.2/scale_activation/HardSigmoid, /features/features.5/block/block.2/Mul)",tensorrt,trt_layer,0.159442,0.044407,0.113073,0.2925,60,0.310588,90.875997
mobilenetv3_small,tensorrt_fp32,44,/features/features.5/block/block.3/block.3.0/Conv + /features/features.5/Add,tensorrt,trt_layer,0.116013,0.030072,0.1,0.280886,60,0.225989,94.963941
mobilenetv3_small,tensorrt_fp32,47,/features/features.6/block/block.0/block.0.0/Conv,tensorrt,trt_layer,0.112502,0.035913,0.089531,0.272448,60,0.21915,95.628607
mobilenetv3_small,tensorrt_fp32,48,"PWN(/features/features.6/block/block.0/block.0.2/HardSigmoid, /features/features.6/block/block.0/block.0.2/Mul)",tensorrt,trt_layer,0.108435,0.265344,0.024271,2.093958,60,0.211228,95.839835
mobilenetv3_small,tensorrt_fp32,5,/features/features.6/block/block.1/block.1.0/Conv,tensorrt,trt_layer,0.489803,0.043083,0.444271,0.5675,60,0.95412,80.014153
mobilenetv3_small,tensorrt_fp32,79,"PWN(/features/features.6/block/block.1/block.1.2/HardSigmoid, /features/features.6/block/block.1/block.1.2/Mul)",tensorrt,trt_layer,0.027003,0.000733,0.024948,0.028646,60,0.052601,99.654951
mobilenetv3_small,tensorrt_fp32,73,/features/features.6/block/block.2/avgpool/GlobalAveragePool,tensorrt,trt_layer,0.033814,0.023664,0.029011,0.215469,60,0.065869,99.31005
mobilenetv3_small,tensorrt_fp32,81,/features/features.6/block/block.2/fc1/Conv + /features/features.6/block/block.2/activation/Relu,tensorrt,trt_layer,0.024875,0.032956,0.017552,0.268177,60,0.048456,99.755916
mobilenetv3_small,tensorrt_fp32,49,/features/features.6/block/block.2/fc2/Conv,tensorrt,trt_layer,0.104351,0.357359,0.022813,2.801406,60,0.203272,96.043107
mobilenetv3_small,tensorrt_fp32,30,"PWN(/features/features.6/block/block.2/scale_activation/HardSigmoid, /features/features.6/block/block.2/Mul)",tensorrt,trt_layer,0.151995,0.040174,0.113229,0.233073,60,0.296081,91.47699
mobilenetv3_small,tensorrt_fp32,41,/features/features.6/block/block.3/block.3.0/Conv + /features/features.6/Add,tensorrt,trt_layer,0.118204,0.01985,0.10125,0.169375,60,0.230257,94.279666
mobilenetv3_small,tensorrt_fp32,59,/features/features.7/block/block.0/block.0.0/Conv,tensorrt,trt_layer,0.082451,0.040938,0.051511,0.257187,60,0.160612,97.856927
mobilenetv3_small,tensorrt_fp32,61,"PWN(/features/features.7/block/block.0/block.0.2/HardSigmoid, /features/features.7/block/block.0/block.0.2/Mul)",tensorrt,trt_layer,0.078809,0.06588,0.013855,0.25599,60,0.153517,98.170511
mobilenetv3_small,tensorrt_fp32,12,/features/features.7/block/block.1/block.1.0/Conv,tensorrt,trt_layer,0.274164,0.04263,0.225,0.355938,60,0.534062,84.679334
mobilenetv3_small,tensorrt_fp32,87,"PWN(/features/features.7/block/block.1/block.1.2/HardSigmoid, /features/features.7/block/block.1/block.1.2/Mul)",tensorrt,trt_layer,0.016536,0.010281,0.01401,0.08,60,0.032212,99.967855
mobilenetv3_small,tensorrt_fp32,69,/features/features.7/block/block.2/avgpool/GlobalAveragePool,tensorrt,trt_layer,0.044148,0.0546,0.023594,0.352031,60,0.085999,99.022294
mobilenetv3_small,tensorrt_fp32,9,2-layer MLP: /features/features.7/block/block.2/fc1/Conv + /features/features.7/block/block.2/activation/Relu -> /features/features.7/block/block.2/fc2/Conv,tensorrt,trt_layer,0.326365,0.23062,0.053281,0.962865,60,0.635748,82.994914
mobilenetv3_small,tensorrt_fp32,40,"PWN(/features/features.7/block/block.2/scale_activation/HardSigmoid, /features/features.7/block/block.2/Mul)",tensorrt,trt_layer,0.118252,0.045338,0.058906,0.280156,60,0.230351,94.049408
mobilenetv3_small,tensorrt_fp32,37,/features/features.7/block/block.3/block.3.0/Conv,tensorrt,trt_layer,0.12887,0.048007,0.067239,0.273334,60,0.251034,93.348658
mobilenetv3_small,tensorrt_fp32,43,/features/features.8/block/block.0/block.0.0/Conv,tensorrt,trt_layer,0.117569,0.046567,0.065625,0.296094,60,0.22902,94.737952
mobilenetv3_small,tensorrt_fp32,58,"PWN(/features/features.8/block/block.0/block.0.2/HardSigmoid, /features/features.8/block/block.0/block.0.2/Mul)",tensorrt,trt_layer,0.086568,0.062958,0.015677,0.264219,60,0.168632,97.696315
mobilenetv3_small,tensorrt_fp32,8,/features/features.8/block/block.1/block.1.0/Conv,tensorrt,trt_layer,0.334144,0.059715,0.269115,0.675937,60,0.650901,82.359166
mobilenetv3_small,tensorrt_fp32,86,"PWN(/features/features.8/block/block.1/block.1.2/HardSigmoid, /features/features.8/block/block.1/block.1.2/Mul)",tensorrt,trt_layer,0.017007,0.000452,0.01599,0.018073,60,0.033129,99.935643
mobilenetv3_small,tensorrt_fp32,72,/features/features.8/block/block.2/avgpool/GlobalAveragePool,tensorrt,trt_layer,0.035216,0.03403,0.024479,0.236771,60,0.0686,99.244181
mobilenetv3_small,tensorrt_fp32,10,2-layer MLP: /features/features.8/block/block.2/fc1/Conv + /features/features.8/block/block.2/activation/Relu -> /features/features.8/block/block.2/fc2/Conv,tensorrt,trt_layer,0.307027,0.177129,0.087291,0.710937,60,0.598078,83.592992
mobilenetv3_small,tensorrt_fp32,35,"PWN(/features/features.8/block/block.2/scale_activation/HardSigmoid, /features/features.8/block/block.2/Mul)",tensorrt,trt_layer,0.13356,0.036954,0.069948,0.244948,60,0.26017,92.845473
mobilenetv3_small,tensorrt_fp32,32,/features/features.8/block/block.3/block.3.0/Conv + /features/features.8/Add,tensorrt,trt_layer,0.143984,0.12687,0.072813,1.054375,60,0.280476,92.04012
mobilenetv3_small,tensorrt_fp32,27,/features/features.9/block/block.0/block.0.0/Conv,tensorrt,trt_layer,0.160623,0.05095,0.110105,0.336042,60,0.312888,90.56541
mobilenetv3_small,tensorrt_fp32,65,"PWN(/features/features.9/block/block.0/block.0.2/HardSigmoid, /features/features.9/block/block.0/block.0.2/Mul)",tensorrt,trt_layer,0.054814,0.035679,0.029844,0.237605,60,0.106776,98.648721
mobilenetv3_small,tensorrt_fp32,1,/features/features.9/block/block.1/block.1.0/Conv,tensorrt,trt_layer,38.958489,295.910635,0.256823,2311.891113,60,75.889835,75.889835
mobilenetv3_small,tensorrt_fp32,67,"PWN(/features/features.9/block/block.1/block.1.2/HardSigmoid, /features/features.9/block/block.1/block.1.2/Mul)",tensorrt,trt_layer,0.050358,0.069474,0.010834,0.431197,60,0.098096,98.849202
mobilenetv3_small,tensorrt_fp32,46,/features/features.9/block/block.2/avgpool/GlobalAveragePool,tensorrt,trt_layer,0.113031,0.068974,0.020573,0.224584,60,0.220181,95.409457
mobilenetv3_small,tensorrt_fp32,21,/features/features.9/block/block.2/fc1/Conv + /features/features.9/block/block.2/activation/Relu,tensorrt,trt_layer,0.196388,0.06816,0.020834,0.313489,60,0.382557,88.596908
mobilenetv3_small,tensorrt_fp32,20,/features/features.9/block/block.2/fc2/Conv,tensorrt,trt_layer,0.201342,0.085802,0.082604,0.574427,60,0.392207,88.21435
mobilenetv3_small,tensorrt_fp32,38,"PWN(/features/features.9/block/block.2/scale_activation/HardSigmoid, /features/features.9/block/block.2/Mul)",tensorrt,trt_layer,0.121523,0.035366,0.082865,0.220677,60,0.236723,93.585381
mobilenetv3_small,tensorrt_fp32,29,/features/features.9/block/block.3/block.3.0/Conv,tensorrt,trt_layer,0.156528,0.047237,0.118177,0.472395,60,0.304911,91.180909
mobilenetv3_small,tensorrt_fp32,17,/features/features.10/block/block.0/block.0.0/Conv,tensorrt,trt_layer,0.21566,0.040041,0.162084,0.292032,60,0.420098,87.010086
mobilenetv3_small,tensorrt_fp32,82,"PWN(/features/features.10/block/block.0/block.0.2/HardSigmoid, /features/features.10/block/block.0/block.0.2/Mul)",tensorrt,trt_layer,0.021638,0.015045,0.017031,0.103646,60,0.04215,99.798066
mobilenetv3_small,tensorrt_fp32,3,/features/features.10/block/block.1/block.1.0/Conv,tensorrt,trt_layer,0.550885,0.071353,0.4575,0.87875,60,1.073106,78.095975
mobilenetv3_small,tensorrt_fp32,88,"PWN(/features/features.10/block/block.1/block.1.2/HardSigmoid, /features/features.10/block/block.1/block.1.2/Mul)",tensorrt,trt_layer,0.016502,0.000264,0.015834,0.017135,60,0.032145,100.0
mobilenetv3_small,tensorrt_fp32,76,/features/features.10/block/block.2/avgpool/GlobalAveragePool,tensorrt,trt_layer,0.030211,0.025537,0.024323,0.189688,60,0.05885,99.492689
mobilenetv3_small,tensorrt_fp32,23,/features/features.10/block/block.2/fc1/Conv + /features/features.10/block/block.2/activation/Relu,tensorrt,trt_layer,0.170536,0.044585,0.119687,0.335677,60,0.332198,89.29937
mobilenetv3_small,tensorrt_fp32,52,/features/features.10/block/block.2/fc2/Conv,tensorrt,trt_layer,0.10182,0.070629,0.049427,0.394375,60,0.198342,96.642812
mobilenetv3_small,tensorrt_fp32,39,"PWN(/features/features.10/block/block.2/scale_activation/HardSigmoid, /features/features.10/block/block.2/Mul)",tensorrt,trt_layer,0.119959,0.04427,0.06974,0.219635,60,0.233676,93.819057
mobilenetv3_small,tensorrt_fp32,14,/features/features.10/block/block.3/block.3.0/Conv + /features/features.10/Add,tensorrt,trt_layer,0.25309,0.04824,0.199323,0.370052,60,0.493011,85.670224
mobilenetv3_small,tensorrt_fp32,24,/features/features.11/block/block.0/block.0.0/Conv,tensorrt,trt_layer,0.163999,0.014018,0.159583,0.271197,60,0.319465,89.618834
mobilenetv3_small,tensorrt_fp32,77,"PWN(/features/features.11/block/block.0/block.0.2/HardSigmoid, /features/features.11/block/block.0/block.0.2/Mul)",tensorrt,trt_layer,0.028908,0.069481,0.016666,0.537552,60,0.056312,99.549001
mobilenetv3_small,tensorrt_fp32,6,/features/features.11/block/block.1/block.1.0/Conv,tensorrt,trt_layer,0.467743,0.06056,0.422084,0.699375,60,0.911148,80.925301
mobilenetv3_small,tensorrt_fp32,84,"PWN(/features/features.11/block/block.1/block.1.2/HardSigmoid, /features/features.11/block/block.1/block.1.2/Mul)",tensorrt,trt_layer,0.017787,0.004764,0.016198,0.043333,60,0.034648,99.869219
mobilenetv3_small,tensorrt_fp32,71,/features/features.11/block/block.2/avgpool/GlobalAveragePool,tensorrt,trt_layer,0.036215,0.047221,0.024062,0.297447,60,0.070546,99.175582
mobilenetv3_small,tensorrt_fp32,25,/features/features.11/block/block.2/fc1/Conv + /features/features.11/block/block.2/activation/Relu,tensorrt,trt_layer,0.163265,0.05372,0.12474,0.401563,60,0.318035,89.936869
mobilenetv3_small,tensorrt_fp32,45,/features/features.11/block/block.2/fc2/Conv,tensorrt,trt_layer,0.115677,0.078045,0.051406,0.373177,60,0.225335,95.189276
mobilenetv3_small,tensorrt_fp32,31,"PWN(/features/features.11/block/block.2/scale_activation/HardSigmoid, /features/features.11/block/block.2/Mul)",tensorrt,trt_layer,0.145102,0.225729,0.069843,1.85026,60,0.282654,91.759644
mobilenetv3_small,tensorrt_fp32,15,/features/features.11/block/block.3/block.3.0/Conv + /features/features.11/Add,tensorrt,trt_layer,0.250706,0.054857,0.197292,0.469532,60,0.488367,86.158591
mobilenetv3_small,tensorrt_fp32,26,/features/features.12/features.12.0/Conv,tensorrt,trt_layer,0.162042,0.001256,0.159688,0.165104,60,0.315652,90.252521
mobilenetv3_small,tensorrt_fp32,83,"PWN(/features/features.12/features.12.2/HardSigmoid, /features/features.12/features.12.2/Mul)",tensorrt,trt_layer,0.01874,0.009821,0.016562,0.094114,60,0.036505,99.834571
mobilenetv3_small,tensorrt_fp32,70,/avgpool/GlobalAveragePool,tensorrt,trt_layer,0.042476,0.045513,0.024947,0.273334,60,0.082742,99.105036
mobilenetv3_small,tensorrt_fp32,19,/classifier/classifier.0/Gemm,tensorrt,trt_layer,0.205785,0.049387,0.157761,0.39125,60,0.400862,87.822143
mobilenetv3_small,tensorrt_fp32,66,"PWN(/classifier/classifier.1/HardSigmoid, /classifier/classifier.1/Mul)",tensorrt,trt_layer,0.05256,0.050524,0.007604,0.204062,60,0.102385,98.751106
mobilenetv3_small,tensorrt_fp32,7,/classifier/classifier.3/Gemm,tensorrt,trt_layer,0.401939,0.088088,0.323125,0.973334,60,0.782964,81.708265
mobilenetv3_small,tensorrt_int8,2,/features/features.0/features.0.0/Conv,tensorrt,trt_layer,0.560142,0.011435,0.546875,0.598906,60,1.184805,79.824605
mobilenetv3_small,tensorrt_int8,37,"PWN(/features/features.0/features.0.2/HardSigmoid, /features/features.0/features.0.2/Mul)",tensorrt,trt_layer,0.09371,0.001257,0.090469,0.096614,60,0.198214,94.407344
mobilenetv3_small,tensorrt_int8,12,/features/features.1/block/block.0/block.0.0/Conv + /features/features.1/block/block.0/block.0.2/Relu,tensorrt,trt_layer,0.223105,0.003932,0.21375,0.235104,60,0.471909,87.191823
mobilenetv3_small,tensorrt_int8,55,/features/features.1/block/block.1/avgpool/GlobalAveragePool,tensorrt,trt_layer,0.056178,0.001073,0.053646,0.058646,60,0.118827,97.400493
mobilenetv3_small,tensorrt_int8,86,/features/features.1/block/block.1/fc1/Conv + /features/features.1/block/block.1/activation/Relu,tensorrt,trt_layer,0.01903,0.024136,0.012968,0.155208,60,0.040252,99.640829
mobilenetv3_small,tensorrt_int8,85,/features/features.1/block/block.1/fc2/Conv,tensorrt,trt_layer,0.022536,0.032778,0.015312,0.244479,60,0.047668,99.600577
mobilenetv3_small,tensorrt_int8,41,"PWN(/features/features.1/block/block.1/scale_activation/HardSigmoid, /features/features.1/block/block.1/Mul)",tensorrt,trt_layer,0.089306,0.013237,0.08651,0.178698,60,0.188899,95.183207
mobilenetv3_small,tensorrt_int8,33,/features/features.1/block/block.2/block.2.0/Conv,tensorrt,trt_layer,0.101721,0.011798,0.098489,0.191458,60,0.215159,93.589322
mobilenetv3_small,tensorrt_int8,9,/features/features.2/block/block.0/block.0.0/Conv + /features/features.2/block/block.0/block.0.2/Relu,tensorrt,trt_layer,0.256043,0.013933,0.250313,0.331354,60,0.541579,85.645499
mobilenetv3_small,tensorrt_int8,10,/features/features.2/block/block.1/block.1.0/Conv + /features/features.2/block/block.1/block.1.2/Relu,tensorrt,trt_layer,0.255528,0.002564,0.249792,0.264167,60,0.540489,86.185989
mobilenetv3_small,tensorrt_int8,51,/features/features.2/block/block.2/block.2.0/Conv,tensorrt,trt_layer,0.068615,0.000793,0.066615,0.070261,60,0.145133,96.899044
mobilenetv3_small,tensorrt_int8,44,/features/features.3/block/block.0/block.0.0/Conv + /features/features.3/block/block.0/block.0.2/Relu,tensorrt,trt_layer,0.087039,0.003106,0.085677,0.110573,60,0.184104,95.736384
mobilenetv3_small,tensorrt_int8,23,/features/features.3/block/block.1/block.1.0/Conv + /features/features.3/block/block.1/block.1.2/Relu,tensorrt,trt_layer,0.143184,0.012738,0.138125,0.237396,60,0.302861,91.146091
mobilenetv3_small,tensorrt_int8,36,/features/features.3/block/block.2/block.2.0/Conv + /features/features.3/Add,tensorrt,trt_layer,0.096527,0.001815,0.09276,0.100468,60,0.204173,94.20913
mobilenetv3_small,tensorrt_int8,42,/features/features.4/block/block.0/block.0.0/Conv,tensorrt,trt_layer,0.087391,0.000747,0.085573,0.089427,60,0.184848,95.368056
mobilenetv3_small,tensorrt_int8,65,"PWN(/features/features.4/block/block.0/block.0.2/HardSigmoid, /features/features.4/block/block.0/block.0.2/Mul)",tensorrt,trt_layer,0.040257,0.000855,0.038646,0.042031,60,0.085151,98.366672
mobilenetv3_small,tensorrt_int8,13,/features/features.4/block/block.1/block.1.0/Conv,tensorrt,trt_layer,0.200297,0.000723,0.199167,0.202344,60,0.423665,87.615488
mobilenetv3_small,tensorrt_int8,95,"PWN(/features/features.4/block/block.1/block.1.2/HardSigmoid, /features/features.4/block/block.1/block.1.2/Mul)",tensorrt,trt_layer,0.01356,0.00039,0.012917,0.015,60,0.028682,99.952668
mobilenetv3_small,tensorrt_int8,84,/features/features.4/block/block.2/avgpool/GlobalAveragePool,tensorrt,trt_layer,0.023691,0.000368,0.022812,0.024687,60,0.050111,99.552909
mobilenetv3_small,tensorrt_int8,64,/features/features.4/block/block.2/fc1/Conv + /features/features.4/block/block.2/activation/Relu,tensorrt,trt_layer,0.040277,0.014771,0.036562,0.146875,60,0.085193,98.281521
mobilenetv3_small,tensorrt_int8,80,/features/features.4/block/block.2/fc2/Conv,tensorrt,trt_layer,0.026591,0.040442,0.015625,0.251406,60,0.056245,99.335997
mobilenetv3_small,tensorrt_int8,57,"PWN(/features/features.4/block/block.2/scale_activation/HardSigmoid, /features/features.4/block/block.2/Mul)",tensorrt,trt_layer,0.05448,0.026974,0.047813,0.226302,60,0.115235,97.632476
mobilenetv3_small,tensorrt_int8,54,/features/features.4/block/block.3/block.3.0/Conv,tensorrt,trt_layer,0.056585,0.018101,0.049791,0.161198,60,0.119688,97.281667
mobilenetv3_small,tensorrt_int8,34,/features/features.5/block/block.0/block.0.0/Conv,tensorrt,trt_layer,0.099127,0.016287,0.092656,0.179844,60,0.209672,93.798994
mobilenetv3_small,tensorrt_int8,73,"PWN(/features/features.5/block/block.0/block.0.2/HardSigmoid, /features/features.5/block/block.0/block.0.2/Mul)",tensorrt,trt_layer,0.029337,0.021517,0.024427,0.165104,60,0.062053,98.932277
mobilenetv3_small,tensorrt_int8,4,/features/features.5/block/block.1/block.1.0/Conv,tensorrt,trt_layer,0.451274,0.019466,0.444323,0.548802,60,0.954528,81.844692
mobilenetv3_small,tensorrt_int8,82,"PWN(/features/features.5/block/block.1/block.1.2/HardSigmoid, /features/features.5/block/block.1/block.1.2/Mul)",tensorrt,trt_layer,0.02637,0.000903,0.024896,0.028854,60,0.055777,99.447784
mobilenetv3_small,tensorrt_int8,77,Reformatting CopyNode for Input Tensor 0 to /features/features.5/block/block.2/avgpool/GlobalAveragePool,tensorrt,trt_layer,0.026952,0.000616,0.025886,0.029271,60,0.057008,99.166629
mobilenetv3_small,tensorrt_int8,60,/features/features.5/block/block.2/avgpool/GlobalAveragePool,tensorrt,trt_layer,0.04528,0.008784,0.042448,0.112344,60,0.095776,97.924719
mobilenetv3_small,tensorrt_int8,97,Reformatting CopyNode for Input Tensor 0 to /features/features.5/block/block.2/fc1/Conv + /features/features.5/block/block.2/activation/Relu,tensorrt,trt_layer,0.007431,0.010351,0.005677,0.086875,60,0.015718,99.987417
mobilenetv3_small,tensorrt_int8,45,/features/features.5/block/block.2/fc1/Conv + /features/features.5/block/block.2/activation/Relu,tensorrt,trt_layer,0.08339,0.01341,0.079062,0.144011,60,0.176385,95.912769
mobilenetv3_small,tensorrt_int8,70,/features/features.5/block/block.2/fc2/Conv,tensorrt,trt_layer,0.032085,0.033808,0.024271,0.272448,60,0.067866,98.740931
mobilenetv3_small,tensorrt_int8,26,"PWN(/features/features.5/block/block.2/scale_activation/HardSigmoid, /features/features.5/block/block.2/Mul)",tensorrt,trt_layer,0.118613,0.016605,0.113385,0.205834,60,0.250889,91.951415
mobilenetv3_small,tensorrt_int8,39,/features/features.5/block/block.3/block.3.0/Conv + /features/features.5/Add,tensorrt,trt_layer,0.092803,0.008778,0.085625,0.158125,60,0.196296,94.800697
mobilenetv3_small,tensorrt_int8,35,/features/features.6/block/block.0/block.0.0/Conv,tensorrt,trt_layer,0.097374,0.008317,0.093073,0.157708,60,0.205964,94.004958
mobilenetv3_small,tensorrt_int8,75,"PWN(/features/features.6/block/block.0/block.0.2/HardSigmoid, /features/features.6/block/block.0/block.0.2/Mul)",tensorrt,trt_layer,0.027625,0.016742,0.024166,0.156094,60,0.058432,99.052388
mobilenetv3_small,tensorrt_int8,5,/features/features.6/block/block.1/block.1.0/Conv,tensorrt,trt_layer,0.449668,0.018075,0.44401,0.57026,60,0.951131,82.795823
mobilenetv3_small,tensorrt_int8,78,"PWN(/features/features.6/block/block.1/block.1.2/HardSigmoid, /features/features.6/block/block.1/block.1.2/Mul)",tensorrt,trt_layer,0.026859,0.000806,0.025,0.02927,60,0.056812,99.223441
mobilenetv3_small,tensorrt_int8,81,Reformatting CopyNode for Input Tensor 0 to /features/features.6/block/block.2/avgpool/GlobalAveragePool,tensorrt,trt_layer,0.02648,0.000407,0.025833,0.027708,60,0.05601,99.392007
mobilenetv3_small,tensorrt_int8,62,/features/features.6/block/block.2/avgpool/GlobalAveragePool,tensorrt,trt_layer,0.04328,0.001082,0.041875,0.045885,60,0.091545,98.110532
mobilenetv3_small,tensorrt_int8,98,Reformatting CopyNode for Input Tensor 0 to /features/features.6/block/block.2/fc1/Conv + /features/features.6/block/block.2/activation/Relu,tensorrt,trt_layer,0.005949,0.000273,0.005677,0.007084,60,0.012583,100.0
mobilenetv3_small,tensorrt_int8,47,/features/features.6/block/block.2/fc1/Conv + /features/features.6/block/block.2/activation/Relu,tensorrt,trt_layer,0.082027,0.011377,0.077968,0.169062,60,0.173502,96.260419
mobilenetv3_small,tensorrt_int8,69,/features/features.6/block/block.2/fc2/Conv,tensorrt,trt_layer,0.032491,0.033927,0.024635,0.258177,60,0.068725,98.673066
mobilenetv3_small,tensorrt_int8,27,"PWN(/features/features.6/block/block.2/scale_activation/HardSigmoid, /features/features.6/block/block.2/Mul)",tensorrt,trt_layer,0.118548,0.016271,0.113177,0.196302,60,0.250751,92.202166
mobilenetv3_small,tensorrt_int8,38,/features/features.6/block/block.3/block.3.0/Conv + /features/features.6/Add,tensorrt,trt_layer,0.093163,0.006282,0.08651,0.140521,60,0.197057,94.604402
mobilenetv3_small,tensorrt_int8,53,/features/features.7/block/block.0/block.0.0/Conv,tensorrt,trt_layer,0.056949,0.010458,0.054218,0.137135,60,0.120458,97.161979
mobilenetv3_small,tensorrt_int8,87,"PWN(/features/features.7/block/block.0/block.0.2/HardSigmoid, /features/features.7/block/block.0/block.0.2/Mul)",tensorrt,trt_layer,0.018112,0.017065,0.014323,0.143855,60,0.03831,99.679139
mobilenetv3_small,tensorrt_int8,11,/features/features.7/block/block.1/block.1.0/Conv,tensorrt,trt_layer,0.252425,0.164928,0.224896,1.512604,60,0.533926,86.719914
mobilenetv3_small,tensorrt_int8,94,"PWN(/features/features.7/block/block.1/block.1.2/HardSigmoid, /features/features.7/block/block.1/block.1.2/Mul)",tensorrt,trt_layer,0.014819,0.000601,0.014063,0.016145,60,0.031345,99.923987
mobilenetv3_small,tensorrt_int8,72,/features/features.7/block/block.2/avgpool/GlobalAveragePool,tensorrt,trt_layer,0.029494,0.029451,0.022604,0.233281,60,0.062385,98.870224
mobilenetv3_small,tensorrt_int8,71,/features/features.7/block/block.2/fc1/Conv + /features/features.7/block/block.2/activation/Relu,tensorrt,trt_layer,0.031632,0.045243,0.014948,0.262187,60,0.066908,98.807839
mobilenetv3_small,tensorrt_int8,63,/features/features.7/block/block.2/fc2/Conv,tensorrt,trt_layer,0.040562,0.050299,0.015573,0.236615,60,0.085796,98.196328
mobilenetv3_small,tensorrt_int8,29,"Reformatting CopyNode for Input Tensor 1 to PWN(/features/features.7/block/block.2/scale_activation/HardSigmoid, /features/features.7/block/block.2/Mul)",tensorrt,trt_layer,0.115338,0.06878,0.0675,0.343958,60,0.243961,92.694166
mobilenetv3_small,tensorrt_int8,61,"PWN(/features/features.7/block/block.2/scale_activation/HardSigmoid, /features/features.7/block/block.2/Mul)",tensorrt,trt_layer,0.044567,0.035965,0.031406,0.268646,60,0.094267,98.018987
mobilenetv3_small,tensorrt_int8,43,/features/features.7/block/block.3/block.3.0/Conv,tensorrt,trt_layer,0.087096,0.031363,0.056979,0.180573,60,0.184224,95.55228
mobilenetv3_small,tensorrt_int8,56,Reformatting CopyNode for Output Tensor 0 to /features/features.7/block/block.3/block.3.0/Conv,tensorrt,trt_layer,0.055195,0.033824,0.028282,0.198229,60,0.116748,97.517241
mobilenetv3_small,tensorrt_int8,31,/features/features.8/block/block.0/block.0.0/Conv,tensorrt,trt_layer,0.10681,0.043538,0.06651,0.309896,60,0.225923,93.154329
mobilenetv3_small,tensorrt_int8,67,"PWN(/features/features.8/block/block.0/block.0.2/HardSigmoid, /features/features.8/block/block.0/block.0.2/Mul)",tensorrt,trt_layer,0.03823,0.031183,0.016041,0.150208,60,0.080864,98.531145
mobilenetv3_small,tensorrt_int8,8,/features/features.8/block/block.1/block.1.0/Conv,tensorrt,trt_layer,0.306315,0.023296,0.269219,0.354375,60,0.647913,85.103921
mobilenetv3_small,tensorrt_int8,89,"PWN(/features/features.8/block/block.1/block.1.2/HardSigmoid, /features/features.8/block/block.1/block.1.2/Mul)",tensorrt,trt_layer,0.017085,0.000489,0.01625,0.01875,60,0.036138,99.752128
mobilenetv3_small,tensorrt_int8,74,/features/features.8/block/block.2/avgpool/GlobalAveragePool,tensorrt,trt_layer,0.02916,0.03061,0.023646,0.260417,60,0.061679,98.993956
mobilenetv3_small,tensorrt_int8,66,/features/features.8/block/block.2/fc1/Conv + /features/features.8/block/block.2/activation/Relu,tensorrt,trt_layer,0.039528,0.05044,0.016406,0.248334,60,0.083609,98.450281
mobilenetv3_small,tensorrt_int8,30,/features/features.8/block/block.2/fc2/Conv,tensorrt,trt_layer,0.110742,0.041208,0.017812,0.235104,60,0.23424,92.928406
mobilenetv3_small,tensorrt_int8,28,"PWN(/features/features.8/block/block.2/scale_activation/HardSigmoid, /features/features.8/block/block.2/Mul)",tensorrt,trt_layer,0.117266,0.014383,0.070104,0.180052,60,0.248039,92.450205
mobilenetv3_small,tensorrt_int8,32,/features/features.8/block/block.3/block.3.0/Conv + /features/features.8/Add,tensorrt,trt_layer,0.103931,0.024546,0.080886,0.235625,60,0.219833,93.374163
mobilenetv3_small,tensorrt_int8,24,/features/features.9/block/block.0/block.0.0/Conv,tensorrt,trt_layer,0.132457,0.026826,0.115834,0.256615,60,0.280171,91.426263
mobilenetv3_small,tensorrt_int8,68,"PWN(/features/features.9/block/block.0/block.0.2/HardSigmoid, /features/features.9/block/block.0/block.0.2/Mul)",tensorrt,trt_layer,0.034605,0.015229,0.029219,0.127031,60,0.073196,98.604341
mobilenetv3_small,tensorrt_int8,1,/features/features.9/block/block.1/block.1.0/Conv,tensorrt,trt_layer,37.178668,282.487091,0.351718,2207.003174,60,78.6398,78.6398
mobilenetv3_small,tensorrt_int8,88,"PWN(/features/features.9/block/block.1/block.1.2/HardSigmoid, /features/features.9/block/block.1/block.1.2/Mul)",tensorrt,trt_layer,0.017422,0.022476,0.011563,0.167188,60,0.036851,99.71599
mobilenetv3_small,tensorrt_int8,59,/features/features.9/block/block.2/avgpool/GlobalAveragePool,tensorrt,trt_layer,0.046065,0.041395,0.020573,0.204479,60,0.097436,97.828943
mobilenetv3_small,tensorrt_int8,21,/features/features.9/block/block.2/fc1/Conv + /features/features.9/block/block.2/activation/Relu,tensorrt,trt_layer,0.157227,0.022348,0.129896,0.243177,60,0.332564,90.514598
mobilenetv3_small,tensorrt_int8,49,/features/features.9/block/block.2/fc2/Conv,tensorrt,trt_layer,0.07751,0.034623,0.048177,0.246094,60,0.163948,96.590551
mobilenetv3_small,tensorrt_int8,40,"PWN(/features/features.9/block/block.2/scale_activation/HardSigmoid, /features/features.9/block/block.2/Mul)",tensorrt,trt_layer,0.091534,0.023227,0.080625,0.240938,60,0.193611,94.994309
mobilenetv3_small,tensorrt_int8,25,/features/features.9/block/block.3/block.3.0/Conv,tensorrt,trt_layer,0.129664,0.016878,0.116146,0.199843,60,0.274263,91.700526
mobilenetv3_small,tensorrt_int8,16,/features/features.10/block/block.0/block.0.0/Conv,tensorrt,trt_layer,0.178232,0.032644,0.15974,0.360937,60,0.376994,88.816134
mobilenetv3_small,tensorrt_int8,91,"PWN(/features/features.10/block/block.0/block.0.2/HardSigmoid, /features/features.10/block/block.0/block.0.2/Mul)",tensorrt,trt_layer,0.016823,0.000305,0.016042,0.017916,60,0.035584,99.823564
mobilenetv3_small,tensorrt_int8,3,/features/features.10/block/block.1/block.1.0/Conv,tensorrt,trt_layer,0.503766,0.049322,0.453959,0.645365,60,1.065559,80.890163
mobilenetv3_small,tensorrt_int8,93,"PWN(/features/features.10/block/block.1/block.1.2/HardSigmoid, /features/features.10/block/block.1/block.1.2/Mul)",tensorrt,trt_layer,0.016141,0.000187,0.015729,0.016615,60,0.034141,99.892642
mobilenetv3_small,tensorrt_int8,83,/features/features.10/block/block.2/avgpool/GlobalAveragePool,tensorrt,trt_layer,0.026009,0.008284,0.023802,0.089531,60,0.055014,99.502798
mobilenetv3_small,tensorrt_int8,20,/features/features.10/block/block.2/fc1/Conv + /features/features.10/block/block.2/activation/Relu,tensorrt,trt_layer,0.157551,0.018597,0.131459,0.2225,60,0.33325,90.182034
mobilenetv3_small,tensorrt_int8,52,/features/features.10/block/block.2/fc2/Conv,tensorrt,trt_layer,0.067359,0.022734,0.059375,0.190833,60,0.142477,97.041521
mobilenetv3_small,tensorrt_int8,48,"PWN(/features/features.10/block/block.2/scale_activation/HardSigmoid, /features/features.10/block/block.2/Mul)",tensorrt,trt_layer,0.078567,0.019987,0.070365,0.153854,60,0.166184,96.426603
mobilenetv3_small,tensorrt_int8,14,/features/features.10/block/block.3/block.3.0/Conv + /features/features.10/Add,tensorrt,trt_layer,0.196345,0.017118,0.188125,0.279375,60,0.415306,88.030795
mobilenetv3_small,tensorrt_int8,18,/features/features.11/block/block.0/block.0.0/Conv,tensorrt,trt_layer,0.16253,0.004309,0.159063,0.193854,60,0.343781,89.505464
mobilenetv3_small,tensorrt_int8,90,"PWN(/features/features.11/block/block.0/block.0.2/HardSigmoid, /features/features.11/block/block.0/block.0.2/Mul)",tensorrt,trt_layer,0.01695,0.000643,0.015938,0.018438,60,0.035852,99.78798
mobilenetv3_small,tensorrt_int8,6,/features/features.11/block/block.1/block.1.0/Conv,tensorrt,trt_layer,0.440982,0.050052,0.422344,0.700625,60,0.932759,83.728582
mobilenetv3_small,tensorrt_int8,58,"PWN(/features/features.11/block/block.1/block.1.2/HardSigmoid, /features/features.11/block/block.1/block.1.2/Mul)",tensorrt,trt_layer,0.046819,0.23272,0.015625,1.834375,60,0.099031,97.731507
mobilenetv3_small,tensorrt_int8,76,/features/features.11/block/block.2/avgpool/GlobalAveragePool,tensorrt,trt_layer,0.027058,0.009651,0.024218,0.100938,60,0.057233,99.109621
mobilenetv3_small,tensorrt_int8,22,/features/features.11/block/block.2/fc1/Conv + /features/features.11/block/block.2/activation/Relu,tensorrt,trt_layer,0.155368,0.02922,0.1275,0.298229,60,0.328632,90.843231
mobilenetv3_small,tensorrt_int8,46,/features/features.11/block/block.2/fc2/Conv,tensorrt,trt_layer,0.082332,0.06771,0.056093,0.479948,60,0.174147,96.086916
mobilenetv3_small,tensorrt_int8,50,"PWN(/features/features.11/block/block.2/scale_activation/HardSigmoid, /features/features.11/block/block.2/Mul)",tensorrt,trt_layer,0.077232,0.01866,0.070417,0.152708,60,0.16336,96.753911
mobilenetv3_small,tensorrt_int8,15,/features/features.11/block/block.3/block.3.0/Conv + /features/features.11/Add,tensorrt,trt_layer,0.193054,0.012423,0.187239,0.274636,60,0.408345,88.43914
mobilenetv3_small,tensorrt_int8,19,/features/features.12/features.12.0/Conv,tensorrt,trt_layer,0.162312,0.001478,0.159427,0.165365,60,0.34332,89.848784
mobilenetv3_small,tensorrt_int8,92,"PWN(/features/features.12/features.12.2/HardSigmoid, /features/features.12/features.12.2/Mul)",tensorrt,trt_layer,0.016517,0.000404,0.015885,0.017605,60,0.034937,99.8585
mobilenetv3_small,tensorrt_int8,79,/avgpool/GlobalAveragePool,tensorrt,trt_layer,0.026622,0.002824,0.025156,0.047865,60,0.05631,99.279752
mobilenetv3_small,tensorrt_int8,17,/classifier/classifier.0/Gemm,tensorrt,trt_layer,0.163366,0.014568,0.15302,0.266771,60,0.345549,89.161683
mobilenetv3_small,tensorrt_int8,96,"PWN(/classifier/classifier.1/HardSigmoid, /classifier/classifier.1/Mul)",tensorrt,trt_layer,0.008997,0.013219,0.007031,0.11052,60,0.01903,99.971699
mobilenetv3_small,tensorrt_int8,7,/classifier/classifier.3/Gemm,tensorrt,trt_layer,0.343906,0.019791,0.322917,0.455521,60,0.727425,84.456007
resnet50,tensorrt_fp16,48,Reformatting CopyNode for Input Tensor 0 to /conv1/Conv + /relu/Relu,tensorrt,trt_layer,0.49807,0.588469,0.248698,4.861719,60,1.160622,92.445084
resnet50,tensorrt_fp16,3,/conv1/Conv + /relu/Relu,tensorrt,trt_layer,1.677498,0.754915,1.555573,7.445365,60,3.908971,13.974222
resnet50,tensorrt_fp16,55,/maxpool/MaxPool,tensorrt,trt_layer,0.267184,0.006254,0.263698,0.295625,60,0.622602,99.358697
resnet50,tensorrt_fp16,56,/layer1/layer1.0/conv1/Conv + /layer1/layer1.0/relu/Relu,tensorrt,trt_layer,0.189661,0.001985,0.185573,0.196041,60,0.441955,99.800653
resnet50,tensorrt_fp16,20,/layer1/layer1.0/conv2/Conv + /layer1/layer1.0/relu_1/Relu,tensorrt,trt_layer,0.757891,0.004329,0.749322,0.767812,60,1.766067,51.956641
resnet50,tensorrt_fp16,28,/layer1/layer1.0/conv3/Conv,tensorrt,trt_layer,0.67077,0.00319,0.660521,0.679479,60,1.563054,65.201079
resnet50,tensorrt_fp16,26,/layer1/layer1.0/downsample/downsample.0/Conv + /layer1/layer1.0/Add + /layer1/layer1.0/relu_2/Relu,tensorrt,trt_layer,0.694823,0.004676,0.681458,0.706354,60,1.619103,62.056916
resnet50,tensorrt_fp16,50,/layer1/layer1.1/conv1/Conv + /layer1/layer1.1/relu/Relu,tensorrt,trt_layer,0.477359,0.001881,0.472344,0.480469,60,1.11236,94.673377
resnet50,tensorrt_fp16,18,/layer1/layer1.1/conv2/Conv + /layer1/layer1.1/relu_1/Relu,tensorrt,trt_layer,0.762778,0.031354,0.748177,0.998438,60,1.777455,48.416976
resnet50,tensorrt_fp16,24,/layer1/layer1.1/conv3/Conv + /layer1/layer1.1/Add + /layer1/layer1.1/relu_2/Relu,tensorrt,trt_layer,0.709778,0.004651,0.694115,0.723542,60,1.653952,58.789145
resnet50,tensorrt_fp16,49,/layer1/layer1.2/conv1/Conv + /layer1/layer1.2/relu/Relu,tensorrt,trt_layer,0.478892,0.00234,0.472031,0.483021,60,1.115933,93.561017
resnet50,tensorrt_fp16,19,/layer1/layer1.2/conv2/Conv + /layer1/layer1.2/relu_1/Relu,tensorrt,trt_layer,0.761123,0.007426,0.749114,0.779792,60,1.773598,50.190574
resnet50,tensorrt_fp16,25,/layer1/layer1.2/conv3/Conv + /layer1/layer1.2/Add + /layer1/layer1.2/relu_2/Relu,tensorrt,trt_layer,0.70751,0.003789,0.693958,0.716614,60,1.648667,60.437812
resnet50,tensorrt_fp16,15,/layer2/layer2.0/conv1/Conv + /layer2/layer2.0/relu/Relu,tensorrt,trt_layer,0.905326,0.023503,0.890417,1.079219,60,2.109626,42.899385
resnet50,tensorrt_fp16,12,/layer2/layer2.0/conv2/Conv + /layer2/layer2.0/relu_1/Relu,tensorrt,trt_layer,1.020403,0.006312,1.006563,1.029636,60,2.377782,36.277155
resnet50,tensorrt_fp16,41,/layer2/layer2.0/conv3/Conv,tensorrt,trt_layer,0.581319,0.00568,0.573281,0.616094,60,1.354612,83.90012
resnet50,tensorrt_fp16,11,/layer2/layer2.0/downsample/downsample.0/Conv + /layer2/layer2.0/Add + /layer2/layer2.0/relu_2/Relu,tensorrt,trt_layer,1.035068,0.005519,1.021094,1.045834,60,2.411955,33.899372
resnet50,tensorrt_fp16,53,/layer2/layer2.1/conv1/Conv + /layer2/layer2.1/relu/Relu,tensorrt,trt_layer,0.467589,0.004803,0.458541,0.49401,60,1.089594,97.943453
resnet50,tensorrt_fp16,21,/layer2/layer2.1/conv2/Conv + /layer2/layer2.1/relu_1/Relu,tensorrt,trt_layer,0.747583,0.006542,0.733803,0.76151,60,1.742047,53.698688
resnet50,tensorrt_fp16,33,/layer2/layer2.1/conv3/Conv + /layer2/layer2.1/Add + /layer2/layer2.1/relu_2/Relu,tensorrt,trt_layer,0.599477,0.003998,0.592084,0.609427,60,1.396924,72.803522
resnet50,tensorrt_fp16,52,/layer2/layer2.2/conv1/Conv + /layer2/layer2.2/relu/Relu,tensorrt,trt_layer,0.467637,0.003638,0.459219,0.476823,60,1.089706,96.853859
resnet50,tensorrt_fp16,23,/layer2/layer2.2/conv2/Conv + /layer2/layer2.2/relu_1/Relu,tensorrt,trt_layer,0.73674,0.005943,0.726354,0.747865,60,1.71678,57.135193
resnet50,tensorrt_fp16,36,/layer2/layer2.2/conv3/Conv + /layer2/layer2.2/Add + /layer2/layer2.2/relu_2/Relu,tensorrt,trt_layer,0.597723,0.003068,0.58974,0.604271,60,1.392837,76.987197
resnet50,tensorrt_fp16,51,/layer2/layer2.3/conv1/Conv + /layer2/layer2.3/relu/Relu,tensorrt,trt_layer,0.468096,0.003738,0.461823,0.485052,60,1.090775,95.764153
resnet50,tensorrt_fp16,22,/layer2/layer2.3/conv2/Conv + /layer2/layer2.3/relu_1/Relu,tensorrt,trt_layer,0.738004,0.005071,0.730625,0.749948,60,1.719725,55.418413
resnet50,tensorrt_fp16,34,/layer2/layer2.3/conv3/Conv + /layer2/layer2.3/Add + /layer2/layer2.3/relu_2/Relu,tensorrt,trt_layer,0.598936,0.003446,0.592031,0.60677,60,1.395664,74.199186
resnet50,tensorrt_fp16,14,/layer3/layer3.0/conv1/Conv + /layer3/layer3.0/relu/Relu,tensorrt,trt_layer,0.920621,0.003882,0.911354,0.930781,60,2.145267,40.78976
resnet50,tensorrt_fp16,4,/layer3/layer3.0/conv2/Conv + /layer3/layer3.0/relu_1/Relu,tensorrt,trt_layer,1.159161,0.011199,1.138385,1.180729,60,2.701122,16.675344
resnet50,tensorrt_fp16,42,/layer3/layer3.0/conv3/Conv,tensorrt,trt_layer,0.577483,0.018883,0.563698,0.71875,60,1.345673,85.245794
resnet50,tensorrt_fp16,5,/layer3/layer3.0/downsample/downsample.0/Conv + /layer3/layer3.0/Add + /layer3/layer3.0/relu_2/Relu,tensorrt,trt_layer,1.096436,0.063864,1.069219,1.580937,60,2.554958,19.230301
resnet50,tensorrt_fp16,43,/layer3/layer3.1/conv1/Conv + /layer3/layer3.1/relu/Relu,tensorrt,trt_layer,0.527896,0.003238,0.518177,0.534583,60,1.230124,86.475917
resnet50,tensorrt_fp16,27,/layer3/layer3.1/conv2/Conv + /layer3/layer3.1/relu_1/Relu,tensorrt,trt_layer,0.678518,0.008055,0.664479,0.696354,60,1.581109,63.638024
resnet50,tensorrt_fp16,37,/layer3/layer3.1/conv3/Conv + /layer3/layer3.1/Add + /layer3/layer3.1/relu_2/Relu,tensorrt,trt_layer,0.597543,0.009069,0.586354,0.640052,60,1.392418,78.379615
resnet50,tensorrt_fp16,47,/layer3/layer3.2/conv1/Conv + /layer3/layer3.2/relu/Relu,tensorrt,trt_layer,0.515779,0.003195,0.507656,0.519792,60,1.201888,91.284462
resnet50,tensorrt_fp16,29,/layer3/layer3.2/conv2/Conv + /layer3/layer3.2/relu_1/Relu,tensorrt,trt_layer,0.666112,0.007256,0.648125,0.684688,60,1.5522,66.753279
resnet50,tensorrt_fp16,35,/layer3/layer3.2/conv3/Conv + /layer3/layer3.2/Add + /layer3/layer3.2/relu_2/Relu,tensorrt,trt_layer,0.598726,0.022798,0.586979,0.769792,60,1.395174,75.59436
resnet50,tensorrt_fp16,45,/layer3/layer3.3/conv1/Conv + /layer3/layer3.3/relu/Relu,tensorrt,trt_layer,0.515913,0.003301,0.508541,0.524947,60,1.2022,88.880593
resnet50,tensorrt_fp16,30,/layer3/layer3.3/conv2/Conv + /layer3/layer3.3/relu_1/Relu,tensorrt,trt_layer,0.665874,0.006774,0.652448,0.682916,60,1.551645,68.304924
resnet50,tensorrt_fp16,39,/layer3/layer3.3/conv3/Conv + /layer3/layer3.3/Add + /layer3/layer3.3/relu_2/Relu,tensorrt,trt_layer,0.596358,0.005165,0.585156,0.607084,60,1.389656,81.159161
resnet50,tensorrt_fp16,44,/layer3/layer3.4/conv1/Conv + /layer3/layer3.4/relu/Relu,tensorrt,trt_layer,0.516031,0.003229,0.507761,0.520833,60,1.202475,87.678393
resnet50,tensorrt_fp16,32,/layer3/layer3.4/conv2/Conv + /layer3/layer3.4/relu_1/Relu,tensorrt,trt_layer,0.665314,0.008371,0.64802,0.68177,60,1.55034,71.406597
resnet50,tensorrt_fp16,38,/layer3/layer3.4/conv3/Conv + /layer3/layer3.4/Add + /layer3/layer3.4/relu_2/Relu,tensorrt,trt_layer,0.596458,0.005507,0.585416,0.617292,60,1.389889,79.769504
resnet50,tensorrt_fp16,46,/layer3/layer3.5/conv1/Conv + /layer3/layer3.5/relu/Relu,tensorrt,trt_layer,0.515819,0.003112,0.508021,0.520468,60,1.201981,90.082574
resnet50,tensorrt_fp16,31,/layer3/layer3.5/conv2/Conv + /layer3/layer3.5/relu_1/Relu,tensorrt,trt_layer,0.66574,0.008089,0.648125,0.681927,60,1.551333,69.856257
resnet50,tensorrt_fp16,40,/layer3/layer3.5/conv3/Conv + /layer3/layer3.5/Add + /layer3/layer3.5/relu_2/Relu,tensorrt,trt_layer,0.594938,0.005868,0.585469,0.624687,60,1.386348,82.545508
resnet50,tensorrt_fp16,13,/layer4/layer4.0/conv1/Conv + /layer4/layer4.0/relu/Relu,tensorrt,trt_layer,1.015921,0.003464,1.005625,1.0225,60,2.367338,38.644493
resnet50,tensorrt_fp16,1,/layer4/layer4.0/conv2/Conv + /layer4/layer4.0/relu_1/Relu,tensorrt,trt_layer,2.264114,0.011053,2.237344,2.28849,60,5.275926,5.275926
resnet50,tensorrt_fp16,8,/layer4/layer4.0/conv3/Conv,tensorrt,trt_layer,1.050083,0.004605,1.039323,1.059792,60,2.446944,26.652414
resnet50,tensorrt_fp16,2,/layer4/layer4.0/downsample/downsample.0/Conv + /layer4/layer4.0/Add + /layer4/layer4.0/relu_2/Relu,tensorrt,trt_layer,2.055294,0.024357,2.030625,2.227812,60,4.789325,10.065251
resnet50,tensorrt_fp16,16,/layer4/layer4.1/conv1/Conv + /layer4/layer4.1/relu/Relu,tensorrt,trt_layer,0.806056,0.025527,0.770572,0.965781,60,1.878303,44.777688
resnet50,tensorrt_fp16,9,/layer4/layer4.1/conv2/Conv + /layer4/layer4.1/relu_1/Relu,tensorrt,trt_layer,1.038433,0.011504,1.023073,1.068958,60,2.419797,29.072211
resnet50,tensorrt_fp16,7,/layer4/layer4.1/conv3/Conv + /layer4/layer4.1/Add + /layer4/layer4.1/relu_2/Relu,tensorrt,trt_layer,1.067383,0.004929,1.058125,1.085468,60,2.487257,24.20547
resnet50,tensorrt_fp16,17,/layer4/layer4.2/conv1/Conv + /layer4/layer4.2/relu/Relu,tensorrt,trt_layer,0.798988,0.011672,0.768854,0.822864,60,1.861833,46.639521
resnet50,tensorrt_fp16,10,/layer4/layer4.2/conv2/Conv + /layer4/layer4.2/relu_1/Relu,tensorrt,trt_layer,1.036463,0.009494,1.017864,1.063906,60,2.415206,31.487417
resnet50,tensorrt_fp16,6,/layer4/layer4.2/conv3/Conv + /layer4/layer4.2/Add + /layer4/layer4.2/relu_2/Relu,tensorrt,trt_layer,1.067664,0.004574,1.057396,1.08026,60,2.487912,21.718213
resnet50,tensorrt_fp16,57,/avgpool/GlobalAveragePool,tensorrt,trt_layer,0.079143,0.002744,0.074167,0.093541,60,0.184422,99.985075
resnet50,tensorrt_fp16,54,/fc/Gemm,tensorrt,trt_layer,0.340155,0.00657,0.331406,0.365261,60,0.792642,98.736095
resnet50,tensorrt_fp16,58,Reformatting CopyNode for Input Tensor 0 to (Unnamed Layer* 136) [Shuffle],tensorrt,trt_layer,0.006405,0.000206,0.006042,0.006875,60,0.014925,100.0
resnet50,tensorrt_fp32,3,/conv1/Conv + /relu/Relu,tensorrt,trt_layer,2.526868,0.577513,2.252448,6.890781,60,3.21209,13.124224
resnet50,tensorrt_fp32,54,/maxpool/MaxPool,tensorrt,trt_layer,0.465968,0.010854,0.451666,0.52401,60,0.592327,99.503311
resnet50,tensorrt_fp32,55,/layer1/layer1.0/conv1/Conv + /layer1/layer1.0/relu/Relu,tensorrt,trt_layer,0.309076,0.002381,0.303645,0.312709,60,0.39289,99.896201
resnet50,tensorrt_fp32,18,/layer1/layer1.0/conv2/Conv + /layer1/layer1.0/relu_1/Relu,tensorrt,trt_layer,1.387589,0.009724,1.35625,1.412292,60,1.763868,49.18879
resnet50,tensorrt_fp32,32,/layer1/layer1.0/conv3/Conv,tensorrt,trt_layer,1.144498,0.008323,1.125625,1.158125,60,1.454857,71.719535
resnet50,tensorrt_fp32,29,/layer1/layer1.0/downsample/downsample.0/Conv + /layer1/layer1.0/Add + /layer1/layer1.0/relu_2/Relu,tensorrt,trt_layer,1.238055,0.011177,1.215417,1.250781,60,1.573784,67.121706
resnet50,tensorrt_fp32,52,/layer1/layer1.1/conv1/Conv + /layer1/layer1.1/relu/Relu,tensorrt,trt_layer,0.869772,0.00539,0.85802,0.879271,60,1.105632,98.094194
resnet50,tensorrt_fp32,16,/layer1/layer1.1/conv2/Conv + /layer1/layer1.1/relu_1/Relu,tensorrt,trt_layer,1.389356,0.01002,1.352708,1.408177,60,1.766114,45.659035
resnet50,tensorrt_fp32,31,/layer1/layer1.1/conv3/Conv + /layer1/layer1.1/Add + /layer1/layer1.1/relu_2/Relu,tensorrt,trt_layer,1.23566,0.011554,1.211094,1.250312,60,1.570739,70.264678
resnet50,tensorrt_fp32,51,/layer1/layer1.2/conv1/Conv + /layer1/layer1.2/relu/Relu,tensorrt,trt_layer,0.878003,0.006178,0.859583,0.887813,60,1.116095,96.988562
resnet50,tensorrt_fp32,17,/layer1/layer1.2/conv2/Conv + /layer1/layer1.2/relu_1/Relu,tensorrt,trt_layer,1.389178,0.010028,1.361406,1.411614,60,1.765888,47.424922
resnet50,tensorrt_fp32,30,/layer1/layer1.2/conv3/Conv + /layer1/layer1.2/Add + /layer1/layer1.2/relu_2/Relu,tensorrt,trt_layer,1.236835,0.010996,1.211771,1.249584,60,1.572233,68.693939
resnet50,tensorrt_fp32,15,/layer2/layer2.0/conv1/Conv + /layer2/layer2.0/relu/Relu,tensorrt,trt_layer,1.74095,0.00905,1.722656,1.755573,60,2.213051,43.892921
resnet50,tensorrt_fp32,10,/layer2/layer2.0/conv2/Conv + /layer2/layer2.0/relu_1/Relu,tensorrt,trt_layer,2.019878,0.012006,1.990625,2.053334,60,2.567617,32.01483
resnet50,tensorrt_fp32,42,/layer2/layer2.0/conv3/Conv,tensorrt,trt_layer,1.073608,0.00687,1.057448,1.084375,60,1.364743,85.970408
resnet50,tensorrt_fp32,11,/layer2/layer2.0/downsample/downsample.0/Conv + /layer2/layer2.0/Add + /layer2/layer2.0/relu_2/Relu,tensorrt,trt_layer,2.006005,0.015011,1.972396,2.036615,60,2.549982,34.564812
resnet50,tensorrt_fp32,48,/layer2/layer2.1/conv1/Conv + /layer2/layer2.1/relu/Relu,tensorrt,trt_layer,0.916433,0.007155,0.899323,0.930729,60,1.164946,93.544582
resnet50,tensorrt_fp32,19,/layer2/layer2.1/conv2/Conv + /layer2/layer2.1/relu_1/Relu,tensorrt,trt_layer,1.325948,0.007785,1.312031,1.343646,60,1.685511,50.874301
resnet50,tensorrt_fp32,38,/layer2/layer2.1/conv3/Conv + /layer2/layer2.1/Add + /layer2/layer2.1/relu_2/Relu,tensorrt,trt_layer,1.120376,0.009138,1.098281,1.136979,60,1.424193,80.354414
resnet50,tensorrt_fp32,49,/layer2/layer2.2/conv1/Conv + /layer2/layer2.2/relu/Relu,tensorrt,trt_layer,0.916093,0.007697,0.897552,0.931667,60,1.164514,94.709096
resnet50,tensorrt_fp32,20,/layer2/layer2.2/conv2/Conv + /layer2/layer2.2/relu_1/Relu,tensorrt,trt_layer,1.317606,0.006749,1.302552,1.330573,60,1.674907,52.549208
resnet50,tensorrt_fp32,39,/layer2/layer2.2/conv3/Conv + /layer2/layer2.2/Add + /layer2/layer2.2/relu_2/Relu,tensorrt,trt_layer,1.118079,0.010063,1.094791,1.135261,60,1.421273,81.775688
resnet50,tensorrt_fp32,50,/layer2/layer2.3/conv1/Conv + /layer2/layer2.3/relu/Relu,tensorrt,trt_layer,0.915194,0.008026,0.895677,0.932032,60,1.163371,95.872467
resnet50,tensorrt_fp32,21,/layer2/layer2.3/conv2/Conv + /layer2/layer2.3/relu_1/Relu,tensorrt,trt_layer,1.317,0.007354,1.303541,1.343229,60,1.674137,54.223345
resnet50,tensorrt_fp32,40,/layer2/layer2.3/conv3/Conv + /layer2/layer2.3/Add + /layer2/layer2.3/relu_2/Relu,tensorrt,trt_layer,1.118009,0.010898,1.091511,1.137395,60,1.421184,83.196872
resnet50,tensorrt_fp32,14,/layer3/layer3.0/conv1/Conv + /layer3/layer3.0/relu/Relu,tensorrt,trt_layer,1.835756,0.007644,1.814115,1.857447,60,2.333566,41.67987
resnet50,tensorrt_fp32,4,/layer3/layer3.0/conv2/Conv + /layer3/layer3.0/relu_1/Relu,tensorrt,trt_layer,2.301881,0.009139,2.273281,2.337604,60,2.926092,16.050317
resnet50,tensorrt_fp32,41,/layer3/layer3.0/conv3/Conv,tensorrt,trt_layer,1.108261,0.00742,1.092239,1.122344,60,1.408793,84.605665
resnet50,tensorrt_fp32,7,/layer3/layer3.0/downsample/downsample.0/Conv + /layer3/layer3.0/Add + /layer3/layer3.0/relu_2/Relu,tensorrt,trt_layer,2.116391,0.007263,2.102708,2.136354,60,2.690302,24.178664
resnet50,tensorrt_fp32,47,/layer3/layer3.1/conv1/Conv + /layer3/layer3.1/relu/Relu,tensorrt,trt_layer,1.002398,0.008176,0.986822,1.040782,60,1.274223,92.379636
resnet50,tensorrt_fp32,24,/layer3/layer3.1/conv2/Conv + /layer3/layer3.1/relu_1/Relu,tensorrt,trt_layer,1.285256,0.012794,1.25125,1.309479,60,1.633785,59.130558
resnet50,tensorrt_fp32,33,/layer3/layer3.1/conv3/Conv + /layer3/layer3.1/Add + /layer3/layer3.1/relu_2/Relu,tensorrt,trt_layer,1.135862,0.010781,1.113802,1.15349,60,1.443879,73.163413
resnet50,tensorrt_fp32,43,/layer3/layer3.2/conv1/Conv + /layer3/layer3.2/relu/Relu,tensorrt,trt_layer,1.010478,0.004707,0.999739,1.022708,60,1.284494,87.254902
resnet50,tensorrt_fp32,26,/layer3/layer3.2/conv2/Conv + /layer3/layer3.2/relu_1/Relu,tensorrt,trt_layer,1.281205,0.012441,1.242188,1.300469,60,1.628635,62.389628
resnet50,tensorrt_fp32,36,/layer3/layer3.2/conv3/Conv + /layer3/layer3.2/Add + /layer3/layer3.2/relu_2/Relu,tensorrt,trt_layer,1.133707,0.009797,1.113281,1.149115,60,1.441139,77.489237
resnet50,tensorrt_fp32,45,/layer3/layer3.3/conv1/Conv + /layer3/layer3.3/relu/Relu,tensorrt,trt_layer,1.009816,0.006701,0.995469,1.047344,60,1.283652,89.822537
resnet50,tensorrt_fp32,23,/layer3/layer3.3/conv2/Conv + /layer3/layer3.3/relu_1/Relu,tensorrt,trt_layer,1.287382,0.01406,1.250833,1.310521,60,1.636487,57.496773
resnet50,tensorrt_fp32,34,/layer3/layer3.3/conv3/Conv + /layer3/layer3.3/Add + /layer3/layer3.3/relu_2/Relu,tensorrt,trt_layer,1.135038,0.011052,1.113958,1.158334,60,1.442831,74.606245
resnet50,tensorrt_fp32,46,/layer3/layer3.4/conv1/Conv + /layer3/layer3.4/relu/Relu,tensorrt,trt_layer,1.009205,0.00683,0.997865,1.047969,60,1.282876,91.105413
resnet50,tensorrt_fp32,25,/layer3/layer3.4/conv2/Conv + /layer3/layer3.4/relu_1/Relu,tensorrt,trt_layer,1.282621,0.013419,1.246042,1.308906,60,1.630435,60.760993
resnet50,tensorrt_fp32,35,/layer3/layer3.4/conv3/Conv + /layer3/layer3.4/Add + /layer3/layer3.4/relu_2/Relu,tensorrt,trt_layer,1.134268,0.01115,1.110937,1.172136,60,1.441853,76.048097
resnet50,tensorrt_fp32,44,/layer3/layer3.5/conv1/Conv + /layer3/layer3.5/relu/Relu,tensorrt,trt_layer,1.010076,0.008435,0.996458,1.047552,60,1.283983,88.538885
resnet50,tensorrt_fp32,22,/layer3/layer3.5/conv2/Conv + /layer3/layer3.5/relu_1/Relu,tensorrt,trt_layer,1.287739,0.014863,1.251302,1.325729,60,1.636941,55.860286
resnet50,tensorrt_fp32,37,/layer3/layer3.5/conv3/Conv + /layer3/layer3.5/Add + /layer3/layer3.5/relu_2/Relu,tensorrt,trt_layer,1.133585,0.011378,1.109844,1.163437,60,1.440984,78.930221
resnet50,tensorrt_fp32,9,/layer4/layer4.0/conv1/Conv + /layer4/layer4.0/relu/Relu,tensorrt,trt_layer,2.070156,0.009698,2.051875,2.089844,60,2.631529,29.447213
resnet50,tensorrt_fp32,2,/layer4/layer4.0/conv2/Conv + /layer4/layer4.0/relu_1/Relu,tensorrt,trt_layer,3.71649,0.008269,3.702917,3.738906,60,4.724307,9.912134
resnet50,tensorrt_fp32,8,/layer4/layer4.0/conv3/Conv,tensorrt,trt_layer,2.074475,0.010988,2.030625,2.097708,60,2.63702,26.815683
resnet50,tensorrt_fp32,1,/layer4/layer4.0/downsample/downsample.0/Conv + /layer4/layer4.0/Add + /layer4/layer4.0/relu_2/Relu,tensorrt,trt_layer,4.081129,0.018577,4.029167,4.11099,60,5.187827,5.187827
resnet50,tensorrt_fp32,27,/layer4/layer4.1/conv1/Conv + /layer4/layer4.1/relu/Relu,tensorrt,trt_layer,1.246144,0.019671,1.199479,1.31,60,1.584066,63.973694
resnet50,tensorrt_fp32,12,/layer4/layer4.1/conv2/Conv + /layer4/layer4.1/relu_1/Relu,tensorrt,trt_layer,1.881172,0.005827,1.867656,1.897084,60,2.391298,36.95611
resnet50,tensorrt_fp32,5,/layer4/layer4.1/conv3/Conv + /layer4/layer4.1/Add + /layer4/layer4.1/relu_2/Relu,tensorrt,trt_layer,2.139148,0.011897,2.108541,2.159428,60,2.71923,18.769547
resnet50,tensorrt_fp32,28,/layer4/layer4.2/conv1/Conv + /layer4/layer4.2/relu/Relu,tensorrt,trt_layer,1.238404,0.019466,1.203125,1.323281,60,1.574228,65.547922
resnet50,tensorrt_fp32,13,/layer4/layer4.2/conv2/Conv + /layer4/layer4.2/relu_1/Relu,tensorrt,trt_layer,1.880303,0.006096,1.870052,1.896511,60,2.390193,39.346303
resnet50,tensorrt_fp32,6,/layer4/layer4.2/conv3/Conv + /layer4/layer4.2/Add + /layer4/layer4.2/relu_2/Relu,tensorrt,trt_layer,2.138821,0.011967,2.105417,2.154636,60,2.718815,21.488361
resnet50,tensorrt_fp32,56,/avgpool/GlobalAveragePool,tensorrt,trt_layer,0.081656,0.001339,0.07849,0.085938,60,0.103799,100.0
resnet50,tensorrt_fp32,53,/fc/Gemm,tensorrt,trt_layer,0.642548,0.022831,0.607865,0.699271,60,0.816791,98.910985
resnet50,tensorrt_int8,3,/conv1/Conv + /relu/Relu,tensorrt,trt_layer,2.435881,0.106235,2.243177,2.879167,60,3.11193,13.091544
resnet50,tensorrt_int8,54,/maxpool/MaxPool,tensorrt,trt_layer,0.498897,0.267602,0.449375,2.553125,60,0.63736,99.271327
resnet50,tensorrt_int8,55,/layer1/layer1.0/conv1/Conv + /layer1/layer1.0/relu/Relu,tensorrt,trt_layer,0.313845,0.030382,0.304687,0.546719,60,0.400949,99.672276
resnet50,tensorrt_int8,18,/layer1/layer1.0/conv2/Conv + /layer1/layer1.0/relu_1/Relu,tensorrt,trt_layer,1.32663,0.008254,1.306563,1.344427,60,1.69482,49.24092
resnet50,tensorrt_int8,30,/layer1/layer1.0/conv3/Conv,tensorrt,trt_layer,1.14857,0.006409,1.126719,1.158437,60,1.467341,68.453987
resnet50,tensorrt_int8,23,/layer1/layer1.0/downsample/downsample.0/Conv + /layer1/layer1.0/Add + /layer1/layer1.0/relu_2/Relu,tensorrt,trt_layer,1.243364,0.008204,1.216719,1.259792,60,1.588444,57.499062
resnet50,tensorrt_int8,52,/layer1/layer1.1/conv1/Conv + /layer1/layer1.1/relu/Relu,tensorrt,trt_layer,0.876207,0.031418,0.854792,1.114062,60,1.119387,97.79377
resnet50,tensorrt_int8,19,/layer1/layer1.1/conv2/Conv + /layer1/layer1.1/relu_1/Relu,tensorrt,trt_layer,1.325886,0.009278,1.304896,1.349167,60,1.693869,50.934789
resnet50,tensorrt_int8,24,/layer1/layer1.1/conv3/Conv + /layer1/layer1.1/Add + /layer1/layer1.1/relu_2/Relu,tensorrt,trt_layer,1.24256,0.008391,1.215678,1.253178,60,1.587417,59.086479
resnet50,tensorrt_int8,51,/layer1/layer1.2/conv1/Conv + /layer1/layer1.2/relu/Relu,tensorrt,trt_layer,0.880136,0.004688,0.870729,0.889635,60,1.124407,96.674383
resnet50,tensorrt_int8,20,/layer1/layer1.2/conv2/Conv + /layer1/layer1.2/relu_1/Relu,tensorrt,trt_layer,1.325784,0.011867,1.304844,1.366146,60,1.693739,52.628528
resnet50,tensorrt_int8,22,/layer1/layer1.2/conv3/Conv + /layer1/layer1.2/Add + /layer1/layer1.2/relu_2/Relu,tensorrt,trt_layer,1.244193,0.00789,1.214688,1.263437,60,1.589503,55.910618
resnet50,tensorrt_int8,15,/layer2/layer2.0/conv1/Conv + /layer2/layer2.0/relu/Relu,tensorrt,trt_layer,1.78924,0.007325,1.769532,1.805729,60,2.285821,44.155812
resnet50,tensorrt_int8,11,/layer2/layer2.0/conv2/Conv + /layer2/layer2.0/relu_1/Relu,tensorrt,trt_layer,2.023499,0.013733,1.980468,2.071354,60,2.585096,34.680683
resnet50,tensorrt_int8,40,/layer2/layer2.0/conv3/Conv,tensorrt,trt_layer,1.080172,0.018978,1.060677,1.220677,60,1.37996,82.792324
resnet50,tensorrt_int8,10,/layer2/layer2.0/downsample/downsample.0/Conv + /layer2/layer2.0/Add + /layer2/layer2.0/relu_2/Relu,tensorrt,trt_layer,2.075556,0.012241,2.042761,2.098386,60,2.651601,32.095587
resnet50,tensorrt_int8,49,/layer2/layer2.1/conv1/Conv + /layer2/layer2.1/relu/Relu,tensorrt,trt_layer,0.954186,0.007033,0.935312,0.965417,60,1.219009,94.335884
resnet50,tensorrt_int8,17,/layer2/layer2.1/conv2/Conv + /layer2/layer2.1/relu_1/Relu,tensorrt,trt_layer,1.326644,0.008401,1.30875,1.344062,60,1.694838,47.5461
resnet50,tensorrt_int8,38,/layer2/layer2.1/conv3/Conv + /layer2/layer2.1/Add + /layer2/layer2.1/relu_2/Relu,tensorrt,trt_layer,1.114629,0.007687,1.096458,1.155209,60,1.42398,79.991538
resnet50,tensorrt_int8,48,/layer2/layer2.2/conv1/Conv + /layer2/layer2.2/relu/Relu,tensorrt,trt_layer,0.95561,0.005807,0.941041,0.966979,60,1.220828,93.116875
resnet50,tensorrt_int8,16,/layer2/layer2.2/conv2/Conv + /layer2/layer2.2/relu_1/Relu,tensorrt,trt_layer,1.327124,0.008218,1.309844,1.34625,60,1.695451,45.851262
resnet50,tensorrt_int8,37,/layer2/layer2.2/conv3/Conv + /layer2/layer2.2/Add + /layer2/layer2.2/relu_2/Relu,tensorrt,trt_layer,1.115631,0.008113,1.091563,1.150781,60,1.425261,78.567557
resnet50,tensorrt_int8,50,/layer2/layer2.3/conv1/Conv + /layer2/layer2.3/relu/Relu,tensorrt,trt_layer,0.950338,0.006856,0.930469,0.971563,60,1.214093,95.549976
resnet50,tensorrt_int8,21,/layer2/layer2.3/conv2/Conv + /layer2/layer2.3/relu_1/Relu,tensorrt,trt_layer,1.324882,0.008529,1.30625,1.350417,60,1.692587,54.321115
resnet50,tensorrt_int8,36,/layer2/layer2.3/conv3/Conv + /layer2/layer2.3/Add + /layer2/layer2.3/relu_2/Relu,tensorrt,trt_layer,1.116413,0.007011,1.095886,1.128385,60,1.42626,77.142297
resnet50,tensorrt_int8,14,/layer3/layer3.0/conv1/Conv + /layer3/layer3.0/relu/Relu,tensorrt,trt_layer,1.872993,0.007401,1.853854,1.89198,60,2.392819,41.86999
resnet50,tensorrt_int8,4,/layer3/layer3.0/conv2/Conv + /layer3/layer3.0/relu_1/Relu,tensorrt,trt_layer,2.269286,0.015127,2.245833,2.324583,60,2.899098,15.990642
resnet50,tensorrt_int8,39,/layer3/layer3.0/conv3/Conv,tensorrt,trt_layer,1.11216,0.008071,1.090989,1.129687,60,1.420826,81.412364
resnet50,tensorrt_int8,6,/layer3/layer3.0/downsample/downsample.0/Conv + /layer3/layer3.0/Add + /layer3/layer3.0/relu_2/Relu,tensorrt,trt_layer,2.106325,0.006695,2.091042,2.120105,60,2.690909,21.394145
resnet50,tensorrt_int8,47,/layer3/layer3.1/conv1/Conv + /layer3/layer3.1/relu/Relu,tensorrt,trt_layer,0.997089,0.005796,0.983542,1.01099,60,1.273819,91.896047
resnet50,tensorrt_int8,26,/layer3/layer3.1/conv2/Conv + /layer3/layer3.1/relu_1/Relu,tensorrt,trt_layer,1.236796,0.008423,1.217656,1.25125,60,1.580053,62.249398
resnet50,tensorrt_int8,35,/layer3/layer3.1/conv3/Conv + /layer3/layer3.1/Add + /layer3/layer3.1/relu_2/Relu,tensorrt,trt_layer,1.134037,0.006423,1.116198,1.144687,60,1.448775,75.716037
resnet50,tensorrt_int8,46,/layer3/layer3.2/conv1/Conv + /layer3/layer3.2/relu/Relu,tensorrt,trt_layer,1.008886,0.005372,0.995937,1.017969,60,1.28889,90.622229
resnet50,tensorrt_int8,28,/layer3/layer3.2/conv2/Conv + /layer3/layer3.2/relu_1/Relu,tensorrt,trt_layer,1.236062,0.010903,1.214688,1.273125,60,1.579116,65.408017
resnet50,tensorrt_int8,34,/layer3/layer3.2/conv3/Conv + /layer3/layer3.2/Add + /layer3/layer3.2/relu_2/Relu,tensorrt,trt_layer,1.134699,0.00658,1.108125,1.146771,60,1.449621,74.267262
resnet50,tensorrt_int8,43,/layer3/layer3.3/conv1/Conv + /layer3/layer3.3/relu/Relu,tensorrt,trt_layer,1.009648,0.006311,0.994896,1.019167,60,1.289863,86.754614
resnet50,tensorrt_int8,25,/layer3/layer3.3/conv2/Conv + /layer3/layer3.3/relu_1/Relu,tensorrt,trt_layer,1.238997,0.011364,1.214739,1.274844,60,1.582865,60.669345
resnet50,tensorrt_int8,32,/layer3/layer3.3/conv3/Conv + /layer3/layer3.3/Add + /layer3/layer3.3/relu_2/Relu,tensorrt,trt_layer,1.135801,0.008338,1.117135,1.177031,60,1.451029,71.36676
resnet50,tensorrt_int8,44,/layer3/layer3.4/conv1/Conv + /layer3/layer3.4/relu/Relu,tensorrt,trt_layer,1.009283,0.006462,0.995677,1.033854,60,1.289397,88.044011
resnet50,tensorrt_int8,29,/layer3/layer3.4/conv2/Conv + /layer3/layer3.4/relu_1/Relu,tensorrt,trt_layer,1.235681,0.009689,1.217553,1.255625,60,1.578629,66.986646
resnet50,tensorrt_int8,31,/layer3/layer3.4/conv3/Conv + /layer3/layer3.4/Add + /layer3/layer3.4/relu_2/Relu,tensorrt,trt_layer,1.144189,0.065083,1.119219,1.641667,60,1.461744,69.915731
resnet50,tensorrt_int8,45,/layer3/layer3.5/conv1/Conv + /layer3/layer3.5/relu/Relu,tensorrt,trt_layer,1.009229,0.005798,0.994427,1.019271,60,1.289328,89.333339
resnet50,tensorrt_int8,27,/layer3/layer3.5/conv2/Conv + /layer3/layer3.5/relu_1/Relu,tensorrt,trt_layer,1.236365,0.008628,1.219792,1.253698,60,1.579503,63.828901
resnet50,tensorrt_int8,33,/layer3/layer3.5/conv3/Conv + /layer3/layer3.5/Add + /layer3/layer3.5/relu_2/Relu,tensorrt,trt_layer,1.135686,0.006223,1.116719,1.147031,60,1.450882,72.817642
resnet50,tensorrt_int8,9,/layer4/layer4.0/conv1/Conv + /layer4/layer4.0/relu/Relu,tensorrt,trt_layer,2.09085,0.021222,2.064375,2.220417,60,2.67114,29.443986
resnet50,tensorrt_int8,2,/layer4/layer4.0/conv2/Conv + /layer4/layer4.0/relu_1/Relu,tensorrt,trt_layer,3.724824,0.01046,3.707604,3.764948,60,4.758603,9.979614
resnet50,tensorrt_int8,5,/layer4/layer4.0/conv3/Conv,tensorrt,trt_layer,2.123298,0.012085,2.086615,2.148958,60,2.712593,18.703235
resnet50,tensorrt_int8,1,/layer4/layer4.0/downsample/downsample.0/Conv + /layer4/layer4.0/Add + /layer4/layer4.0/relu_2/Relu,tensorrt,trt_layer,4.086777,0.019026,4.028229,4.113906,60,5.221011,5.221011
resnet50,tensorrt_int8,57,Reformatting CopyNode for Input Tensor 0 to /layer4/layer4.1/conv1/Conv + /layer4/layer4.1/relu/Relu,tensorrt,trt_layer,0.050985,0.000499,0.049687,0.052084,60,0.065135,99.844047
resnet50,tensorrt_int8,41,/layer4/layer4.1/conv1/Conv + /layer4/layer4.1/relu/Relu,tensorrt,trt_layer,1.04604,0.003054,1.040416,1.054635,60,1.336355,84.12868
resnet50,tensorrt_int8,60,Reformatting CopyNode for Input Tensor 0 to /layer4/layer4.1/conv2/Conv + /layer4/layer4.1/relu_1/Relu,tensorrt,trt_layer,0.035404,0.00458,0.03349,0.070469,60,0.04523,100.0
resnet50,tensorrt_int8,13,/layer4/layer4.1/conv2/Conv + /layer4/layer4.1/relu_1/Relu,tensorrt,trt_layer,1.875142,0.006956,1.865312,1.901563,60,2.395564,39.477171
resnet50,tensorrt_int8,7,/layer4/layer4.1/conv3/Conv + /layer4/layer4.1/Add + /layer4/layer4.1/relu_2/Relu,tensorrt,trt_layer,2.105339,0.006703,2.093333,2.125261,60,2.68965,24.083794
resnet50,tensorrt_int8,58,Reformatting CopyNode for Input Tensor 0 to /layer4/layer4.2/conv1/Conv + /layer4/layer4.2/relu/Relu,tensorrt,trt_layer,0.050674,0.000455,0.049687,0.051667,60,0.064738,99.908785
resnet50,tensorrt_int8,42,/layer4/layer4.2/conv1/Conv + /layer4/layer4.2/relu/Relu,tensorrt,trt_layer,1.045817,0.007097,1.034635,1.081875,60,1.336071,85.46475
resnet50,tensorrt_int8,59,Reformatting CopyNode for Input Tensor 0 to /layer4/layer4.2/conv2/Conv + /layer4/layer4.2/relu_1/Relu,tensorrt,trt_layer,0.035995,0.005383,0.033594,0.06401,60,0.045985,99.95477
resnet50,tensorrt_int8,12,/layer4/layer4.2/conv2/Conv + /layer4/layer4.2/relu_1/Relu,tensorrt,trt_layer,1.879337,0.01169,1.867552,1.94151,60,2.400924,37.081607
resnet50,tensorrt_int8,8,/layer4/layer4.2/conv3/Conv + /layer4/layer4.2/Add + /layer4/layer4.2/relu_2/Relu,tensorrt,trt_layer,2.104871,0.006418,2.095989,2.128281,60,2.689052,26.772846
resnet50,tensorrt_int8,56,/avgpool/GlobalAveragePool,tensorrt,trt_layer,0.08347,0.003075,0.07901,0.097291,60,0.106636,99.778912
resnet50,tensorrt_int8,53,/fc/Gemm,tensorrt,trt_layer,0.657669,0.034276,0.600938,0.812292,60,0.840197,98.633967
shufflenet_v2_x1_0,tensorrt_fp16,2,/conv1/conv1.0/Conv + /conv1/conv1.2/Relu,tensorrt,trt_layer,0.593221,0.020345,0.562135,0.659427,60,1.091962,67.925628
shufflenet_v2_x1_0,tensorrt_fp16,25,/maxpool/MaxPool,tensorrt,trt_layer,0.17887,0.003393,0.173593,0.196875,60,0.329252,79.464727
shufflenet_v2_x1_0,tensorrt_fp16,94,/stage2/stage2.0/branch1/branch1.0/Conv,tensorrt,trt_layer,0.089971,0.001085,0.087864,0.092968,60,0.165613,97.986785
shufflenet_v2_x1_0,tensorrt_fp16,23,/stage2/stage2.0/branch2/branch2.0/Conv + /stage2/stage2.0/branch2/branch2.2/Relu,tensorrt,trt_layer,0.197845,0.001055,0.195729,0.201666,60,0.36418,78.798119
shufflenet_v2_x1_0,tensorrt_fp16,100,/stage2/stage2.0/branch1/branch1.2/Conv + /stage2/stage2.0/branch1/branch1.4/Relu,tensorrt,trt_layer,0.073466,0.00113,0.071146,0.075834,60,0.135231,98.860972
shufflenet_v2_x1_0,tensorrt_fp16,1,/stage2/stage2.0/branch2/branch2.3/Conv,tensorrt,trt_layer,36.308153,277.345284,0.195156,2166.637695,60,66.833666,66.833666
shufflenet_v2_x1_0,tensorrt_fp16,87,/stage2/stage2.0/branch2/branch2.5/Conv + /stage2/stage2.0/branch2/branch2.7/Relu,tensorrt,trt_layer,0.113068,0.029678,0.101198,0.245312,60,0.208128,96.679823
shufflenet_v2_x1_0,tensorrt_fp16,14,/stage2/stage2.0/Reshape + /stage2/stage2.0/Transpose,tensorrt,trt_layer,0.26141,0.031402,0.250781,0.381614,60,0.481186,75.340464
shufflenet_v2_x1_0,tensorrt_fp16,109,/stage2/stage2.1/Slice,tensorrt,trt_layer,0.033227,0.002576,0.030937,0.051823,60,0.061162,99.745732
shufflenet_v2_x1_0,tensorrt_fp16,106,/stage2/stage2.1/Slice_1,tensorrt,trt_layer,0.043758,0.041446,0.03,0.222604,60,0.080547,99.534903
shufflenet_v2_x1_0,tensorrt_fp16,83,/stage2/stage2.1/branch2/branch2.0/Conv + /stage2/stage2.1/branch2/branch2.2/Relu,tensorrt,trt_layer,0.120793,0.037372,0.105573,0.304792,60,0.222348,95.813848
shufflenet_v2_x1_0,tensorrt_fp16,91,/stage2/stage2.1/branch2/branch2.3/Conv,tensorrt,trt_layer,0.103983,0.026656,0.093333,0.223281,60,0.191405,97.466811
shufflenet_v2_x1_0,tensorrt_fp16,86,/stage2/stage2.1/branch2/branch2.5/Conv + /stage2/stage2.1/branch2/branch2.7/Relu,tensorrt,trt_layer,0.118062,0.031976,0.101927,0.231927,60,0.217321,96.471695
shufflenet_v2_x1_0,tensorrt_fp16,13,/stage2/stage2.1/Reshape + /stage2/stage2.1/Transpose,tensorrt,trt_layer,0.262587,0.029157,0.250365,0.361354,60,0.483353,74.859277
shufflenet_v2_x1_0,tensorrt_fp16,111,/stage2/stage2.2/Slice,tensorrt,trt_layer,0.032045,0.00083,0.030417,0.034166,60,0.058986,99.864586
shufflenet_v2_x1_0,tensorrt_fp16,108,/stage2/stage2.2/Slice_1,tensorrt,trt_layer,0.040529,0.030116,0.03026,0.176511,60,0.074603,99.68457
shufflenet_v2_x1_0,tensorrt_fp16,82,/stage2/stage2.2/branch2/branch2.0/Conv + /stage2/stage2.2/branch2/branch2.2/Relu,tensorrt,trt_layer,0.121004,0.034436,0.104792,0.238125,60,0.222736,95.5915
shufflenet_v2_x1_0,tensorrt_fp16,90,/stage2/stage2.2/branch2/branch2.3/Conv,tensorrt,trt_layer,0.105778,0.029904,0.093438,0.244427,60,0.194709,97.275406
shufflenet_v2_x1_0,tensorrt_fp16,85,/stage2/stage2.2/branch2/branch2.5/Conv + /stage2/stage2.2/branch2/branch2.7/Relu,tensorrt,trt_layer,0.118787,0.031605,0.101354,0.22849,60,0.218655,96.254374
shufflenet_v2_x1_0,tensorrt_fp16,12,/stage2/stage2.2/Reshape + /stage2/stage2.2/Transpose,tensorrt,trt_layer,0.263885,0.029881,0.250208,0.378333,60,0.485742,74.375924
shufflenet_v2_x1_0,tensorrt_fp16,110,/stage2/stage2.3/Slice,tensorrt,trt_layer,0.032524,0.00076,0.030938,0.03427,60,0.059868,99.8056
shufflenet_v2_x1_0,tensorrt_fp16,107,/stage2/stage2.3/Slice_1,tensorrt,trt_layer,0.040779,0.032204,0.030105,0.210677,60,0.075063,99.609967
shufflenet_v2_x1_0,tensorrt_fp16,79,/stage2/stage2.3/branch2/branch2.0/Conv + /stage2/stage2.3/branch2/branch2.2/Relu,tensorrt,trt_layer,0.125148,0.033387,0.103646,0.228906,60,0.230364,94.920944
shufflenet_v2_x1_0,tensorrt_fp16,89,/stage2/stage2.3/branch2/branch2.3/Conv,tensorrt,trt_layer,0.10676,0.024904,0.093021,0.186302,60,0.196517,97.080696
shufflenet_v2_x1_0,tensorrt_fp16,78,/stage2/stage2.3/branch2/branch2.5/Conv + /stage2/stage2.3/branch2/branch2.7/Relu,tensorrt,trt_layer,0.127236,0.033842,0.10177,0.201614,60,0.234208,94.69058
shufflenet_v2_x1_0,tensorrt_fp16,11,/stage2/stage2.3/Reshape + /stage2/stage2.3/Transpose,tensorrt,trt_layer,0.274905,0.033281,0.250417,0.375989,60,0.506027,73.890182
shufflenet_v2_x1_0,tensorrt_fp16,80,/stage3/stage3.0/branch1/branch1.0/Conv,tensorrt,trt_layer,0.121806,0.002218,0.118646,0.135364,60,0.224212,95.145157
shufflenet_v2_x1_0,tensorrt_fp16,10,/stage3/stage3.0/branch2/branch2.0/Conv + /stage3/stage3.0/branch2/branch2.2/Relu,tensorrt,trt_layer,0.277336,0.00238,0.272448,0.284011,60,0.510502,73.384155
shufflenet_v2_x1_0,tensorrt_fp16,96,/stage3/stage3.0/branch1/branch1.2/Conv + /stage3/stage3.0/branch1/branch1.4/Relu,tensorrt,trt_layer,0.081183,0.00111,0.078958,0.083645,60,0.149436,98.297656
shufflenet_v2_x1_0,tensorrt_fp16,84,/stage3/stage3.0/branch2/branch2.3/Conv,tensorrt,trt_layer,0.120534,0.001473,0.117031,0.124584,60,0.221871,96.035719
shufflenet_v2_x1_0,tensorrt_fp16,97,/stage3/stage3.0/branch2/branch2.5/Conv + /stage3/stage3.0/branch2/branch2.7/Relu,tensorrt,trt_layer,0.081148,0.00121,0.078698,0.08375,60,0.149372,98.447028
shufflenet_v2_x1_0,tensorrt_fp16,77,/stage3/stage3.0/Reshape + /stage3/stage3.0/Transpose,tensorrt,trt_layer,0.129011,0.007297,0.127396,0.185,60,0.237475,94.456373
shufflenet_v2_x1_0,tensorrt_fp16,114,/stage3/stage3.1/Slice,tensorrt,trt_layer,0.021281,0.02042,0.0175,0.178073,60,0.039173,99.988558
shufflenet_v2_x1_0,tensorrt_fp16,113,/stage3/stage3.1/Slice_1,tensorrt,trt_layer,0.022808,0.027087,0.017343,0.215104,60,0.041983,99.949385
shufflenet_v2_x1_0,tensorrt_fp16,95,/stage3/stage3.1/branch2/branch2.0/Conv + /stage3/stage3.1/branch2/branch2.2/Relu,tensorrt,trt_layer,0.087701,0.023103,0.08,0.211042,60,0.161434,98.148219
shufflenet_v2_x1_0,tensorrt_fp16,92,/stage3/stage3.1/branch2/branch2.3/Conv,tensorrt,trt_layer,0.097801,0.026049,0.089532,0.22224,60,0.180026,97.646836
shufflenet_v2_x1_0,tensorrt_fp16,93,/stage3/stage3.1/branch2/branch2.5/Conv + /stage3/stage3.1/branch2/branch2.7/Relu,tensorrt,trt_layer,0.09471,0.030005,0.078542,0.190208,60,0.174336,97.821172
shufflenet_v2_x1_0,tensorrt_fp16,62,/stage3/stage3.1/Reshape + /stage3/stage3.1/Transpose,tensorrt,trt_layer,0.153991,0.039148,0.126875,0.257396,60,0.283457,90.40963
shufflenet_v2_x1_0,tensorrt_fp16,105,/stage3/stage3.2/Slice,tensorrt,trt_layer,0.048529,0.038087,0.017604,0.180833,60,0.089329,99.454357
shufflenet_v2_x1_0,tensorrt_fp16,81,/stage3/stage3.2/Slice_1,tensorrt,trt_layer,0.121477,0.05868,0.017864,0.218906,60,0.223607,95.368764
shufflenet_v2_x1_0,tensorrt_fp16,33,/stage3/stage3.2/branch2/branch2.0/Conv + /stage3/stage3.2/branch2/branch2.2/Relu,tensorrt,trt_layer,0.16783,0.027582,0.083021,0.220156,60,0.30893,81.961339
shufflenet_v2_x1_0,tensorrt_fp16,45,/stage3/stage3.2/branch2/branch2.3/Conv,tensorrt,trt_layer,0.15821,0.020131,0.090156,0.204167,60,0.291223,85.537863
shufflenet_v2_x1_0,tensorrt_fp16,70,/stage3/stage3.2/branch2/branch2.5/Conv + /stage3/stage3.2/branch2/branch2.7/Relu,tensorrt,trt_layer,0.147215,0.022747,0.080625,0.237188,60,0.270984,92.616522
shufflenet_v2_x1_0,tensorrt_fp16,22,/stage3/stage3.2/Reshape + /stage3/stage3.2/Transpose,tensorrt,trt_layer,0.204198,0.020658,0.127812,0.247865,60,0.375874,78.433939
shufflenet_v2_x1_0,tensorrt_fp16,102,/stage3/stage3.3/Slice,tensorrt,trt_layer,0.072413,0.03007,0.017812,0.193282,60,0.133293,99.128291
shufflenet_v2_x1_0,tensorrt_fp16,43,/stage3/stage3.3/Slice_1,tensorrt,trt_layer,0.159316,0.03721,0.017552,0.232187,60,0.293258,84.954292
shufflenet_v2_x1_0,tensorrt_fp16,28,/stage3/stage3.3/branch2/branch2.0/Conv + /stage3/stage3.3/branch2/branch2.2/Relu,tensorrt,trt_layer,0.169571,0.023184,0.083073,0.213698,60,0.312135,80.411764
shufflenet_v2_x1_0,tensorrt_fp16,44,/stage3/stage3.3/branch2/branch2.3/Conv,tensorrt,trt_layer,0.158822,0.020264,0.089583,0.205885,60,0.292349,85.246641
shufflenet_v2_x1_0,tensorrt_fp16,66,/stage3/stage3.3/branch2/branch2.5/Conv + /stage3/stage3.3/branch2/branch2.7/Relu,tensorrt,trt_layer,0.148955,0.023689,0.080729,0.22099,60,0.274187,91.529903
shufflenet_v2_x1_0,tensorrt_fp16,19,/stage3/stage3.3/Reshape + /stage3/stage3.3/Transpose,tensorrt,trt_layer,0.205101,0.022661,0.127656,0.286614,60,0.377536,77.304829
shufflenet_v2_x1_0,tensorrt_fp16,98,/stage3/stage3.4/Slice,tensorrt,trt_layer,0.076571,0.035165,0.018073,0.191406,60,0.140947,98.587974
shufflenet_v2_x1_0,tensorrt_fp16,48,/stage3/stage3.4/Slice_1,tensorrt,trt_layer,0.157418,0.035971,0.017813,0.23,60,0.289765,86.409092
shufflenet_v2_x1_0,tensorrt_fp16,27,/stage3/stage3.4/branch2/branch2.0/Conv + /stage3/stage3.4/branch2/branch2.2/Relu,tensorrt,trt_layer,0.17031,0.025517,0.083333,0.230833,60,0.313495,80.099629
shufflenet_v2_x1_0,tensorrt_fp16,46,/stage3/stage3.4/branch2/branch2.3/Conv,tensorrt,trt_layer,0.158107,0.019542,0.09,0.202136,60,0.291033,85.828896
shufflenet_v2_x1_0,tensorrt_fp16,72,/stage3/stage3.4/branch2/branch2.5/Conv + /stage3/stage3.4/branch2/branch2.7/Relu,tensorrt,trt_layer,0.145879,0.021244,0.081771,0.198802,60,0.268524,93.154622
shufflenet_v2_x1_0,tensorrt_fp16,17,/stage3/stage3.4/Reshape + /stage3/stage3.4/Transpose,tensorrt,trt_layer,0.20549,0.02475,0.127344,0.310312,60,0.378253,76.549309
shufflenet_v2_x1_0,tensorrt_fp16,101,/stage3/stage3.5/Slice,tensorrt,trt_layer,0.072811,0.03097,0.017864,0.178959,60,0.134026,98.994998
shufflenet_v2_x1_0,tensorrt_fp16,56,/stage3/stage3.5/Slice_1,tensorrt,trt_layer,0.154716,0.032964,0.017969,0.203333,60,0.284791,88.704251
shufflenet_v2_x1_0,tensorrt_fp16,34,/stage3/stage3.5/branch2/branch2.0/Conv + /stage3/stage3.5/branch2/branch2.2/Relu,tensorrt,trt_layer,0.166767,0.021062,0.08349,0.209219,60,0.306974,82.268312
shufflenet_v2_x1_0,tensorrt_fp16,47,/stage3/stage3.5/branch2/branch2.3/Conv,tensorrt,trt_layer,0.15778,0.019054,0.09026,0.210677,60,0.290431,86.119327
shufflenet_v2_x1_0,tensorrt_fp16,74,/stage3/stage3.5/branch2/branch2.5/Conv + /stage3/stage3.5/branch2/branch2.7/Relu,tensorrt,trt_layer,0.144563,0.02088,0.08,0.20901,60,0.266102,93.687597
shufflenet_v2_x1_0,tensorrt_fp16,20,/stage3/stage3.5/Reshape + /stage3/stage3.5/Transpose,tensorrt,trt_layer,0.204967,0.023846,0.127552,0.299323,60,0.37729,77.682119
shufflenet_v2_x1_0,tensorrt_fp16,99,/stage3/stage3.6/Slice,tensorrt,trt_layer,0.074843,0.033846,0.018125,0.184323,60,0.137766,98.725741
shufflenet_v2_x1_0,tensorrt_fp16,54,/stage3/stage3.6/Slice_1,tensorrt,trt_layer,0.155371,0.034527,0.01776,0.232447,60,0.285997,88.133765
shufflenet_v2_x1_0,tensorrt_fp16,31,/stage3/stage3.6/branch2/branch2.0/Conv + /stage3/stage3.6/branch2/branch2.2/Relu,tensorrt,trt_layer,0.168258,0.024537,0.082916,0.234427,60,0.309718,81.342892
shufflenet_v2_x1_0,tensorrt_fp16,49,/stage3/stage3.6/branch2/branch2.3/Conv,tensorrt,trt_layer,0.157282,0.020513,0.089948,0.228177,60,0.289514,86.698607
shufflenet_v2_x1_0,tensorrt_fp16,73,/stage3/stage3.6/branch2/branch2.5/Conv + /stage3/stage3.6/branch2/branch2.7/Relu,tensorrt,trt_layer,0.144982,0.020236,0.079062,0.201458,60,0.266873,93.421495
shufflenet_v2_x1_0,tensorrt_fp16,18,/stage3/stage3.6/Reshape + /stage3/stage3.6/Transpose,tensorrt,trt_layer,0.205344,0.022048,0.128073,0.260833,60,0.377984,76.927293
shufflenet_v2_x1_0,tensorrt_fp16,103,/stage3/stage3.7/Slice,tensorrt,trt_layer,0.07187,0.030955,0.017656,0.169636,60,0.132294,99.260584
shufflenet_v2_x1_0,tensorrt_fp16,50,/stage3/stage3.7/Slice_1,tensorrt,trt_layer,0.156985,0.041174,0.017813,0.339479,60,0.288968,86.987574
shufflenet_v2_x1_0,tensorrt_fp16,29,/stage3/stage3.7/branch2/branch2.0/Conv + /stage3/stage3.7/branch2/branch2.2/Relu,tensorrt,trt_layer,0.169216,0.024885,0.083021,0.223906,60,0.311482,80.723246
shufflenet_v2_x1_0,tensorrt_fp16,41,/stage3/stage3.7/branch2/branch2.3/Conv,tensorrt,trt_layer,0.160416,0.023482,0.090104,0.245104,60,0.295283,84.367359
shufflenet_v2_x1_0,tensorrt_fp16,71,/stage3/stage3.7/branch2/branch2.5/Conv + /stage3/stage3.7/branch2/branch2.7/Relu,tensorrt,trt_layer,0.14645,0.023713,0.079218,0.225573,60,0.269576,92.886097
shufflenet_v2_x1_0,tensorrt_fp16,21,/stage3/stage3.7/Reshape + /stage3/stage3.7/Transpose,tensorrt,trt_layer,0.204237,0.021707,0.127813,0.249739,60,0.375946,78.058065
shufflenet_v2_x1_0,tensorrt_fp16,9,/stage4/stage4.0/branch1/branch1.0/Conv,tensorrt,trt_layer,0.332431,0.079902,0.119688,0.589427,60,0.611917,72.873653
shufflenet_v2_x1_0,tensorrt_fp16,26,Reformatting CopyNode for Input Tensor 0 to /stage4/stage4.0/branch2/branch2.0/Conv + /stage4/stage4.0/branch2/branch2.2/Relu,tensorrt,trt_layer,0.174608,0.029723,0.060417,0.229687,60,0.321407,79.786134
shufflenet_v2_x1_0,tensorrt_fp16,15,/stage4/stage4.0/branch2/branch2.0/Conv + /stage4/stage4.0/branch2/branch2.2/Relu,tensorrt,trt_layer,0.243804,0.022016,0.157448,0.28901,60,0.448778,75.789242
shufflenet_v2_x1_0,tensorrt_fp16,112,Reformatting CopyNode for Input Tensor 0 to /stage4/stage4.0/branch1/branch1.2/Conv + /stage4/stage4.0/branch1/branch1.4/Relu,tensorrt,trt_layer,0.02326,0.017022,0.018437,0.124948,60,0.042815,99.907402
shufflenet_v2_x1_0,tensorrt_fp16,51,/stage4/stage4.0/branch1/branch1.2/Conv + /stage4/stage4.0/branch1/branch1.4/Relu,tensorrt,trt_layer,0.156047,0.032172,0.079479,0.297239,60,0.287241,87.274815
shufflenet_v2_x1_0,tensorrt_fp16,76,Reformatting CopyNode for Input Tensor 0 to /stage4/stage4.0/branch2/branch2.3/Conv,tensorrt,trt_layer,0.144167,0.027747,0.050573,0.222396,60,0.265373,94.218898
shufflenet_v2_x1_0,tensorrt_fp16,5,/stage4/stage4.0/branch2/branch2.3/Conv,tensorrt,trt_layer,0.366057,0.087811,0.109479,0.694375,60,0.673814,70.323636
shufflenet_v2_x1_0,tensorrt_fp16,30,Reformatting CopyNode for Input Tensor 0 to /stage4/stage4.0/branch2/branch2.5/Conv + /stage4/stage4.0/branch2/branch2.7/Relu,tensorrt,trt_layer,0.168372,0.038445,0.018281,0.243906,60,0.309928,81.033174
shufflenet_v2_x1_0,tensorrt_fp16,53,/stage4/stage4.0/branch2/branch2.5/Conv + /stage4/stage4.0/branch2/branch2.7/Relu,tensorrt,trt_layer,0.155536,0.020049,0.072917,0.205521,60,0.2863,87.847768
shufflenet_v2_x1_0,tensorrt_fp16,4,/stage4/stage4.0/Reshape + /stage4/stage4.0/Transpose,tensorrt,trt_layer,0.366572,1.463679,0.086771,11.607813,60,0.674762,69.649822
shufflenet_v2_x1_0,tensorrt_fp16,61,/stage4/stage4.1/Slice,tensorrt,trt_layer,0.154085,0.04046,0.006354,0.239218,60,0.28363,90.126174
shufflenet_v2_x1_0,tensorrt_fp16,39,/stage4/stage4.1/Slice_1,tensorrt,trt_layer,0.161144,0.034643,0.005781,0.227865,60,0.296623,83.776494
shufflenet_v2_x1_0,tensorrt_fp16,52,/stage4/stage4.1/branch2/branch2.0/Conv + /stage4/stage4.1/branch2/branch2.2/Relu,tensorrt,trt_layer,0.155727,0.019733,0.073854,0.207136,60,0.286652,87.561467
shufflenet_v2_x1_0,tensorrt_fp16,67,Reformatting CopyNode for Input Tensor 0 to /stage4/stage4.1/branch2/branch2.3/Conv,tensorrt,trt_layer,0.147932,0.032684,0.01599,0.232969,60,0.272304,91.802207
shufflenet_v2_x1_0,tensorrt_fp16,6,/stage4/stage4.1/branch2/branch2.3/Conv,tensorrt,trt_layer,0.35322,0.062259,0.106666,0.536927,60,0.650184,70.97382
shufflenet_v2_x1_0,tensorrt_fp16,35,Reformatting CopyNode for Input Tensor 0 to /stage4/stage4.1/branch2/branch2.5/Conv + /stage4/stage4.1/branch2/branch2.7/Relu,tensorrt,trt_layer,0.166407,0.028032,0.066355,0.219323,60,0.306311,82.574623
shufflenet_v2_x1_0,tensorrt_fp16,57,/stage4/stage4.1/branch2/branch2.5/Conv + /stage4/stage4.1/branch2/branch2.7/Relu,tensorrt,trt_layer,0.154687,0.011271,0.11875,0.189166,60,0.284738,88.988988
shufflenet_v2_x1_0,tensorrt_fp16,68,Reformatting CopyNode for Input Tensor 0 to /stage4/stage4.1/Reshape + /stage4/stage4.1/Transpose,tensorrt,trt_layer,0.147856,0.024763,0.034219,0.206875,60,0.272164,92.07437
shufflenet_v2_x1_0,tensorrt_fp16,40,/stage4/stage4.1/Reshape + /stage4/stage4.1/Transpose,tensorrt,trt_layer,0.160578,0.01862,0.12151,0.238489,60,0.295581,84.072076
shufflenet_v2_x1_0,tensorrt_fp16,36,/stage4/stage4.2/Slice,tensorrt,trt_layer,0.165494,0.027769,0.054583,0.230052,60,0.30463,82.879254
shufflenet_v2_x1_0,tensorrt_fp16,65,/stage4/stage4.2/Slice_1,tensorrt,trt_layer,0.152244,0.019271,0.082448,0.207084,60,0.280241,91.255716
shufflenet_v2_x1_0,tensorrt_fp16,58,/stage4/stage4.2/branch2/branch2.0/Conv + /stage4/stage4.2/branch2/branch2.2/Relu,tensorrt,trt_layer,0.154579,0.012932,0.1175,0.204583,60,0.284539,89.273527
shufflenet_v2_x1_0,tensorrt_fp16,69,Reformatting CopyNode for Input Tensor 0 to /stage4/stage4.2/branch2/branch2.3/Conv,tensorrt,trt_layer,0.147315,0.026955,0.033854,0.213698,60,0.271168,92.345538
shufflenet_v2_x1_0,tensorrt_fp16,8,/stage4/stage4.2/branch2/branch2.3/Conv,tensorrt,trt_layer,0.34815,0.050681,0.252292,0.530625,60,0.640852,72.261736
shufflenet_v2_x1_0,tensorrt_fp16,37,Reformatting CopyNode for Input Tensor 0 to /stage4/stage4.2/branch2/branch2.5/Conv + /stage4/stage4.2/branch2/branch2.7/Relu,tensorrt,trt_layer,0.163616,0.028848,0.059427,0.240416,60,0.301174,83.180428
shufflenet_v2_x1_0,tensorrt_fp16,60,/stage4/stage4.2/branch2/branch2.5/Conv + /stage4/stage4.2/branch2/branch2.7/Relu,tensorrt,trt_layer,0.154549,0.015053,0.117709,0.226927,60,0.284484,89.842544
shufflenet_v2_x1_0,tensorrt_fp16,16,Reformatting CopyNode for Output Tensor 0 to /stage4/stage4.2/branch2/branch2.5/Conv + /stage4/stage4.2/branch2/branch2.7/Relu,tensorrt,trt_layer,0.207425,0.391907,0.045781,3.209323,60,0.381814,76.171056
shufflenet_v2_x1_0,tensorrt_fp16,42,/stage4/stage4.2/Reshape + /stage4/stage4.2/Transpose,tensorrt,trt_layer,0.159542,0.021666,0.063854,0.214063,60,0.293674,84.661033
shufflenet_v2_x1_0,tensorrt_fp16,59,/stage4/stage4.3/Slice,tensorrt,trt_layer,0.154576,0.026354,0.044688,0.229375,60,0.284533,89.55806
shufflenet_v2_x1_0,tensorrt_fp16,64,/stage4/stage4.3/Slice_1,tensorrt,trt_layer,0.153552,0.019502,0.08224,0.215416,60,0.282648,90.975476
shufflenet_v2_x1_0,tensorrt_fp16,55,/stage4/stage4.3/branch2/branch2.0/Conv + /stage4/stage4.3/branch2/branch2.2/Relu,tensorrt,trt_layer,0.155207,0.01592,0.118854,0.212656,60,0.285695,88.419459
shufflenet_v2_x1_0,tensorrt_fp16,75,Reformatting CopyNode for Input Tensor 0 to /stage4/stage4.3/branch2/branch2.3/Conv,tensorrt,trt_layer,0.144468,0.028461,0.031667,0.20849,60,0.265927,93.953524
shufflenet_v2_x1_0,tensorrt_fp16,7,/stage4/stage4.3/branch2/branch2.3/Conv,tensorrt,trt_layer,0.351525,0.056398,0.251146,0.530573,60,0.647064,71.620884
shufflenet_v2_x1_0,tensorrt_fp16,38,Reformatting CopyNode for Input Tensor 0 to /stage4/stage4.3/branch2/branch2.5/Conv + /stage4/stage4.3/branch2/branch2.7/Relu,tensorrt,trt_layer,0.162676,0.02859,0.056354,0.22724,60,0.299443,83.479871
shufflenet_v2_x1_0,tensorrt_fp16,63,/stage4/stage4.3/branch2/branch2.5/Conv + /stage4/stage4.3/branch2/branch2.7/Relu,tensorrt,trt_layer,0.15385,0.011979,0.114427,0.190938,60,0.283197,90.692827
shufflenet_v2_x1_0,tensorrt_fp16,32,/stage4/stage4.3/Reshape + /stage4/stage4.3/Transpose,tensorrt,trt_layer,0.168148,0.019401,0.094896,0.227813,60,0.309516,81.652408
shufflenet_v2_x1_0,tensorrt_fp16,3,/conv5/conv5.0/Conv + /conv5/conv5.2/Relu,tensorrt,trt_layer,0.570116,0.021989,0.493177,0.625729,60,1.049432,68.97506
shufflenet_v2_x1_0,tensorrt_fp16,104,Reformatting CopyNode for Input Tensor 0 to /ReduceMean,tensorrt,trt_layer,0.05674,0.000303,0.05599,0.057552,60,0.104443,99.365028
shufflenet_v2_x1_0,tensorrt_fp16,88,/ReduceMean,tensorrt,trt_layer,0.111019,0.001499,0.108542,0.114063,60,0.204356,96.88418
shufflenet_v2_x1_0,tensorrt_fp16,24,/fc/Gemm,tensorrt,trt_layer,0.183272,0.00335,0.177552,0.192083,60,0.337355,79.135474
shufflenet_v2_x1_0,tensorrt_fp16,115,Reformatting CopyNode for Input Tensor 0 to (Unnamed Layer* 1381) [Shuffle],tensorrt,trt_layer,0.006216,0.000179,0.005937,0.006823,60,0.011442,100.0
shufflenet_v2_x1_0,tensorrt_fp32,3,/conv1/conv1.0/Conv + /conv1/conv1.2/Relu,tensorrt,trt_layer,0.593311,0.023071,0.48073,0.661666,60,1.12087,70.810752
shufflenet_v2_x1_0,tensorrt_fp32,14,/maxpool/MaxPool,tensorrt,trt_layer,0.26823,0.706475,0.170782,5.694739,60,0.506734,77.157855
shufflenet_v2_x1_0,tensorrt_fp32,1,/stage2/stage2.0/branch1/branch1.0/Conv,tensorrt,trt_layer,35.831009,274.517501,0.088541,2144.439941,60,67.691125,67.691125
shufflenet_v2_x1_0,tensorrt_fp32,24,/stage2/stage2.0/branch2/branch2.0/Conv + /stage2/stage2.0/branch2/branch2.2/Relu,tensorrt,trt_layer,0.201497,0.024334,0.189531,0.333073,60,0.380664,81.249404
shufflenet_v2_x1_0,tensorrt_fp32,90,/stage2/stage2.0/branch1/branch1.2/Conv + /stage2/stage2.0/branch1/branch1.4/Relu,tensorrt,trt_layer,0.073358,0.001588,0.070678,0.081042,60,0.138586,99.134902
shufflenet_v2_x1_0,tensorrt_fp32,23,/stage2/stage2.0/branch2/branch2.3/Conv,tensorrt,trt_layer,0.206385,0.041018,0.194584,0.498854,60,0.389898,80.868741
shufflenet_v2_x1_0,tensorrt_fp32,77,/stage2/stage2.0/branch2/branch2.5/Conv + /stage2/stage2.0/branch2/branch2.7/Relu,tensorrt,trt_layer,0.115077,0.037685,0.097813,0.255156,60,0.217401,97.00982
shufflenet_v2_x1_0,tensorrt_fp32,15,/stage2/stage2.0/Reshape + /stage2/stage2.0/Transpose,tensorrt,trt_layer,0.266931,0.034382,0.250781,0.383959,60,0.50428,77.662135
shufflenet_v2_x1_0,tensorrt_fp32,97,/stage2/stage2.1/Slice,tensorrt,trt_layer,0.032407,0.000737,0.030833,0.034323,60,0.061223,99.798576
shufflenet_v2_x1_0,tensorrt_fp32,95,/stage2/stage2.1/Slice_1,tensorrt,trt_layer,0.03942,0.026617,0.030468,0.168438,60,0.074471,99.663005
shufflenet_v2_x1_0,tensorrt_fp32,73,/stage2/stage2.1/branch2/branch2.0/Conv + /stage2/stage2.1/branch2/branch2.2/Relu,tensorrt,trt_layer,0.128335,0.036484,0.101458,0.212083,60,0.242448,96.100884
shufflenet_v2_x1_0,tensorrt_fp32,74,/stage2/stage2.1/branch2/branch2.3/Conv,tensorrt,trt_layer,0.123234,0.032487,0.093854,0.198489,60,0.232811,96.333695
shufflenet_v2_x1_0,tensorrt_fp32,66,/stage2/stage2.1/branch2/branch2.5/Conv + /stage2/stage2.1/branch2/branch2.7/Relu,tensorrt,trt_layer,0.14613,0.03638,0.099428,0.314167,60,0.276065,94.333337
shufflenet_v2_x1_0,tensorrt_fp32,9,/stage2/stage2.1/Reshape + /stage2/stage2.1/Transpose,tensorrt,trt_layer,0.3037,0.029142,0.250834,0.384635,60,0.573743,74.506838
shufflenet_v2_x1_0,tensorrt_fp32,99,/stage2/stage2.2/Slice,tensorrt,trt_layer,0.031978,0.000483,0.031042,0.033281,60,0.060412,99.919483
shufflenet_v2_x1_0,tensorrt_fp32,96,/stage2/stage2.2/Slice_1,tensorrt,trt_layer,0.039355,0.026692,0.030365,0.184167,60,0.074349,99.737353
shufflenet_v2_x1_0,tensorrt_fp32,37,/stage2/stage2.2/branch2/branch2.0/Conv + /stage2/stage2.2/branch2/branch2.2/Relu,tensorrt,trt_layer,0.163198,0.024692,0.098854,0.253646,60,0.30831,85.82318
shufflenet_v2_x1_0,tensorrt_fp32,65,/stage2/stage2.2/branch2/branch2.3/Conv,tensorrt,trt_layer,0.148258,0.020548,0.093593,0.220156,60,0.280086,94.057272
shufflenet_v2_x1_0,tensorrt_fp32,40,/stage2/stage2.2/branch2/branch2.5/Conv + /stage2/stage2.2/branch2/branch2.7/Relu,tensorrt,trt_layer,0.161134,0.021454,0.101198,0.232344,60,0.304411,86.740566
shufflenet_v2_x1_0,tensorrt_fp32,8,/stage2/stage2.2/Reshape + /stage2/stage2.2/Transpose,tensorrt,trt_layer,0.307951,0.018717,0.250416,0.369115,60,0.581774,73.933095
shufflenet_v2_x1_0,tensorrt_fp32,98,/stage2/stage2.3/Slice,tensorrt,trt_layer,0.032022,0.000633,0.030781,0.034323,60,0.060495,99.859071
shufflenet_v2_x1_0,tensorrt_fp32,94,/stage2/stage2.3/Slice_1,tensorrt,trt_layer,0.040346,0.0294,0.029531,0.166771,60,0.076221,99.588533
shufflenet_v2_x1_0,tensorrt_fp32,42,/stage2/stage2.3/branch2/branch2.0/Conv + /stage2/stage2.3/branch2/branch2.2/Relu,tensorrt,trt_layer,0.159542,0.025026,0.101979,0.245834,60,0.301403,87.346144
shufflenet_v2_x1_0,tensorrt_fp32,67,/stage2/stage2.3/branch2/branch2.3/Conv,tensorrt,trt_layer,0.144694,0.020778,0.093906,0.236041,60,0.273353,94.60669
shufflenet_v2_x1_0,tensorrt_fp32,39,/stage2/stage2.3/branch2/branch2.5/Conv + /stage2/stage2.3/branch2/branch2.7/Relu,tensorrt,trt_layer,0.162201,0.023895,0.100521,0.254219,60,0.306426,86.436155
shufflenet_v2_x1_0,tensorrt_fp32,7,/stage2/stage2.3/Reshape + /stage2/stage2.3/Transpose,tensorrt,trt_layer,0.308465,0.021695,0.251354,0.370833,60,0.582745,73.351321
shufflenet_v2_x1_0,tensorrt_fp32,76,/stage3/stage3.0/branch1/branch1.0/Conv,tensorrt,trt_layer,0.121318,0.001476,0.116719,0.124427,60,0.229191,96.792419
shufflenet_v2_x1_0,tensorrt_fp32,12,/stage3/stage3.0/branch2/branch2.0/Conv + /stage3/stage3.0/branch2/branch2.2/Relu,tensorrt,trt_layer,0.281033,0.001991,0.276093,0.286667,60,0.530921,76.126959
shufflenet_v2_x1_0,tensorrt_fp32,82,/stage3/stage3.0/branch1/branch1.2/Conv + /stage3/stage3.0/branch1/branch1.4/Relu,tensorrt,trt_layer,0.09197,0.001516,0.089322,0.096042,60,0.173748,97.96089
shufflenet_v2_x1_0,tensorrt_fp32,75,/stage3/stage3.0/branch2/branch2.3/Conv,tensorrt,trt_layer,0.121499,0.001178,0.118385,0.124896,60,0.229533,96.563228
shufflenet_v2_x1_0,tensorrt_fp32,84,/stage3/stage3.0/branch2/branch2.5/Conv + /stage3/stage3.0/branch2/branch2.7/Relu,tensorrt,trt_layer,0.080986,0.001266,0.07849,0.084531,60,0.152997,98.267045
shufflenet_v2_x1_0,tensorrt_fp32,71,/stage3/stage3.0/Reshape + /stage3/stage3.0/Transpose,tensorrt,trt_layer,0.129465,0.000329,0.12875,0.130156,60,0.244582,95.614715
shufflenet_v2_x1_0,tensorrt_fp32,101,/stage3/stage3.1/Slice,tensorrt,trt_layer,0.020796,0.01349,0.017865,0.124323,60,0.039287,100.0
shufflenet_v2_x1_0,tensorrt_fp32,100,/stage3/stage3.1/Slice_1,tensorrt,trt_layer,0.021824,0.022758,0.017136,0.191146,60,0.041229,99.960713
shufflenet_v2_x1_0,tensorrt_fp32,80,/stage3/stage3.1/branch2/branch2.0/Conv + /stage3/stage3.1/branch2/branch2.2/Relu,tensorrt,trt_layer,0.101661,0.022207,0.091667,0.206406,60,0.192056,97.597547
shufflenet_v2_x1_0,tensorrt_fp32,81,/stage3/stage3.1/branch2/branch2.3/Conv,tensorrt,trt_layer,0.100359,0.026596,0.089948,0.21625,60,0.189596,97.787143
shufflenet_v2_x1_0,tensorrt_fp32,79,/stage3/stage3.1/branch2/branch2.5/Conv + /stage3/stage3.1/branch2/branch2.7/Relu,tensorrt,trt_layer,0.104364,0.031257,0.087187,0.215261,60,0.197162,97.405491
shufflenet_v2_x1_0,tensorrt_fp32,38,/stage3/stage3.1/Reshape + /stage3/stage3.1/Transpose,tensorrt,trt_layer,0.162266,0.038904,0.12875,0.266041,60,0.306549,86.129729
shufflenet_v2_x1_0,tensorrt_fp32,93,/stage3/stage3.2/Slice,tensorrt,trt_layer,0.057667,0.039519,0.018333,0.176562,60,0.108943,99.512313
shufflenet_v2_x1_0,tensorrt_fp32,59,/stage3/stage3.2/Slice_1,tensorrt,trt_layer,0.151937,0.035325,0.017708,0.212187,60,0.287036,92.355257
shufflenet_v2_x1_0,tensorrt_fp32,19,/stage3/stage3.2/branch2/branch2.0/Conv + /stage3/stage3.2/branch2/branch2.2/Relu,tensorrt,trt_layer,0.211457,0.249116,0.09323,2.117344,60,0.39948,79.301117
shufflenet_v2_x1_0,tensorrt_fp32,60,/stage3/stage3.2/branch2/branch2.3/Conv,tensorrt,trt_layer,0.151549,0.020007,0.090625,0.207447,60,0.286303,92.64156
shufflenet_v2_x1_0,tensorrt_fp32,50,/stage3/stage3.2/branch2/branch2.5/Conv + /stage3/stage3.2/branch2/branch2.7/Relu,tensorrt,trt_layer,0.156842,0.023356,0.089948,0.237395,60,0.296302,89.725483
shufflenet_v2_x1_0,tensorrt_fp32,25,/stage3/stage3.2/Reshape + /stage3/stage3.2/Transpose,tensorrt,trt_layer,0.198944,0.020719,0.129271,0.253854,60,0.37584,81.625245
shufflenet_v2_x1_0,tensorrt_fp32,87,/stage3/stage3.3/Slice,tensorrt,trt_layer,0.07695,0.036273,0.018229,0.223282,60,0.145372,98.710869
shufflenet_v2_x1_0,tensorrt_fp32,46,/stage3/stage3.3/Slice_1,tensorrt,trt_layer,0.157502,0.03621,0.018073,0.271771,60,0.297549,88.537514
shufflenet_v2_x1_0,tensorrt_fp32,31,/stage3/stage3.3/branch2/branch2.0/Conv + /stage3/stage3.3/branch2/branch2.2/Relu,tensorrt,trt_layer,0.181275,0.024155,0.092396,0.233177,60,0.342461,83.837743
shufflenet_v2_x1_0,tensorrt_fp32,62,/stage3/stage3.3/branch2/branch2.3/Conv,tensorrt,trt_layer,0.150934,0.0188,0.090156,0.233854,60,0.285141,93.212619
shufflenet_v2_x1_0,tensorrt_fp32,57,/stage3/stage3.3/branch2/branch2.5/Conv + /stage3/stage3.3/branch2/branch2.7/Relu,tensorrt,trt_layer,0.154308,0.02439,0.090052,0.271979,60,0.291515,91.780613
shufflenet_v2_x1_0,tensorrt_fp32,26,/stage3/stage3.3/Reshape + /stage3/stage3.3/Transpose,tensorrt,trt_layer,0.198726,0.023616,0.128646,0.269739,60,0.375429,82.000673
shufflenet_v2_x1_0,tensorrt_fp32,89,/stage3/stage3.4/Slice,tensorrt,trt_layer,0.074783,0.041237,0.017968,0.21125,60,0.141278,98.996316
shufflenet_v2_x1_0,tensorrt_fp32,45,/stage3/stage3.4/Slice_1,tensorrt,trt_layer,0.157507,0.035885,0.017813,0.233438,60,0.297559,88.239964
shufflenet_v2_x1_0,tensorrt_fp32,33,/stage3/stage3.4/branch2/branch2.0/Conv + /stage3/stage3.4/branch2/branch2.2/Relu,tensorrt,trt_layer,0.180348,0.022035,0.093802,0.222292,60,0.340709,84.519578
shufflenet_v2_x1_0,tensorrt_fp32,64,/stage3/stage3.4/branch2/branch2.3/Conv,tensorrt,trt_layer,0.14927,0.018418,0.090885,0.212812,60,0.281997,93.777186
shufflenet_v2_x1_0,tensorrt_fp32,53,/stage3/stage3.4/branch2/branch2.5/Conv + /stage3/stage3.4/branch2/branch2.7/Relu,tensorrt,trt_layer,0.155519,0.021253,0.088021,0.220885,60,0.293803,90.609391
shufflenet_v2_x1_0,tensorrt_fp32,27,/stage3/stage3.4/Reshape + /stage3/stage3.4/Transpose,tensorrt,trt_layer,0.19871,0.02268,0.128854,0.265052,60,0.375398,82.376072
shufflenet_v2_x1_0,tensorrt_fp32,91,/stage3/stage3.5/Slice,tensorrt,trt_layer,0.073279,0.032045,0.018021,0.187239,60,0.138437,99.273339
shufflenet_v2_x1_0,tensorrt_fp32,47,/stage3/stage3.5/Slice_1,tensorrt,trt_layer,0.157453,0.034899,0.017448,0.217552,60,0.297457,88.83497
shufflenet_v2_x1_0,tensorrt_fp32,32,/stage3/stage3.5/branch2/branch2.0/Conv + /stage3/stage3.5/branch2/branch2.2/Relu,tensorrt,trt_layer,0.180568,0.024065,0.094635,0.252656,60,0.341125,84.178868
shufflenet_v2_x1_0,tensorrt_fp32,58,/stage3/stage3.5/branch2/branch2.3/Conv,tensorrt,trt_layer,0.15224,0.01812,0.090365,0.195105,60,0.287608,92.068222
shufflenet_v2_x1_0,tensorrt_fp32,49,/stage3/stage3.5/branch2/branch2.5/Conv + /stage3/stage3.5/branch2/branch2.7/Relu,tensorrt,trt_layer,0.157167,0.022024,0.093541,0.237812,60,0.296916,89.429181
shufflenet_v2_x1_0,tensorrt_fp32,30,/stage3/stage3.5/Reshape + /stage3/stage3.5/Transpose,tensorrt,trt_layer,0.196813,0.020577,0.129062,0.252813,60,0.371815,83.495283
shufflenet_v2_x1_0,tensorrt_fp32,92,/stage3/stage3.6/Slice,tensorrt,trt_layer,0.068829,0.031039,0.018333,0.184635,60,0.13003,99.40337
shufflenet_v2_x1_0,tensorrt_fp32,55,/stage3/stage3.6/Slice_1,tensorrt,trt_layer,0.155417,0.034489,0.017812,0.234062,60,0.29361,91.196805
shufflenet_v2_x1_0,tensorrt_fp32,35,/stage3/stage3.6/branch2/branch2.0/Conv + /stage3/stage3.6/branch2/branch2.2/Relu,tensorrt,trt_layer,0.177444,0.020373,0.095052,0.214791,60,0.335223,85.194259
shufflenet_v2_x1_0,tensorrt_fp32,63,/stage3/stage3.6/branch2/branch2.3/Conv,tensorrt,trt_layer,0.149573,0.017547,0.090625,0.203333,60,0.28257,93.495189
shufflenet_v2_x1_0,tensorrt_fp32,56,/stage3/stage3.6/branch2/branch2.5/Conv + /stage3/stage3.6/branch2/branch2.7/Relu,tensorrt,trt_layer,0.15472,0.018311,0.090729,0.197448,60,0.292293,91.489098
shufflenet_v2_x1_0,tensorrt_fp32,29,/stage3/stage3.6/Reshape + /stage3/stage3.6/Transpose,tensorrt,trt_layer,0.197016,0.020645,0.129011,0.253125,60,0.372198,83.123468
shufflenet_v2_x1_0,tensorrt_fp32,85,/stage3/stage3.7/Slice,tensorrt,trt_layer,0.079043,0.03695,0.017708,0.184428,60,0.149326,98.416371
shufflenet_v2_x1_0,tensorrt_fp32,43,/stage3/stage3.7/Slice_1,tensorrt,trt_layer,0.158061,0.036895,0.018073,0.276979,60,0.298605,87.644749
shufflenet_v2_x1_0,tensorrt_fp32,34,/stage3/stage3.7/branch2/branch2.0/Conv + /stage3/stage3.7/branch2/branch2.2/Relu,tensorrt,trt_layer,0.179686,0.022339,0.095521,0.228906,60,0.339459,84.859036
shufflenet_v2_x1_0,tensorrt_fp32,61,/stage3/stage3.7/branch2/branch2.3/Conv,tensorrt,trt_layer,0.151345,0.018337,0.090625,0.198177,60,0.285918,92.927478
shufflenet_v2_x1_0,tensorrt_fp32,44,/stage3/stage3.7/branch2/branch2.5/Conv + /stage3/stage3.7/branch2/branch2.7/Relu,tensorrt,trt_layer,0.157559,0.019725,0.090989,0.197709,60,0.297657,87.942406
shufflenet_v2_x1_0,tensorrt_fp32,28,/stage3/stage3.7/Reshape + /stage3/stage3.7/Transpose,tensorrt,trt_layer,0.198604,0.020172,0.129115,0.254584,60,0.375198,82.75127
shufflenet_v2_x1_0,tensorrt_fp32,6,/stage4/stage4.0/branch1/branch1.0/Conv,tensorrt,trt_layer,0.323058,0.069205,0.119687,0.552083,60,0.610314,72.768576
shufflenet_v2_x1_0,tensorrt_fp32,4,/stage4/stage4.0/branch2/branch2.0/Conv + /stage4/stage4.0/branch2/branch2.2/Relu,tensorrt,trt_layer,0.382359,0.042816,0.276354,0.646979,60,0.722344,71.533096
shufflenet_v2_x1_0,tensorrt_fp32,68,/stage4/stage4.0/branch1/branch1.2/Conv + /stage4/stage4.0/branch1/branch1.4/Relu,tensorrt,trt_layer,0.136169,0.001904,0.132604,0.142292,60,0.257247,94.863937
shufflenet_v2_x1_0,tensorrt_fp32,70,/stage4/stage4.0/branch2/branch2.3/Conv,tensorrt,trt_layer,0.133354,0.045747,0.117604,0.320729,60,0.251929,95.370133
shufflenet_v2_x1_0,tensorrt_fp32,69,/stage4/stage4.0/branch2/branch2.5/Conv + /stage4/stage4.0/branch2/branch2.7/Relu,tensorrt,trt_layer,0.134591,0.042849,0.108906,0.323646,60,0.254266,95.118204
shufflenet_v2_x1_0,tensorrt_fp32,78,/stage4/stage4.0/Reshape + /stage4/stage4.0/Transpose,tensorrt,trt_layer,0.105077,0.039956,0.068177,0.223802,60,0.198509,97.208329
shufflenet_v2_x1_0,tensorrt_fp32,36,/stage4/stage4.1/Slice,tensorrt,trt_layer,0.169709,0.043134,0.008906,0.276771,60,0.32061,85.51487
shufflenet_v2_x1_0,tensorrt_fp32,52,/stage4/stage4.1/Slice_1,tensorrt,trt_layer,0.15595,0.035893,0.007917,0.209687,60,0.294617,90.315588
shufflenet_v2_x1_0,tensorrt_fp32,20,/stage4/stage4.1/branch2/branch2.0/Conv + /stage4/stage4.1/branch2/branch2.2/Relu,tensorrt,trt_layer,0.209831,0.021188,0.126562,0.256823,60,0.396408,79.697525
shufflenet_v2_x1_0,tensorrt_fp32,11,/stage4/stage4.1/branch2/branch2.3/Conv,tensorrt,trt_layer,0.287812,0.063762,0.107865,0.518437,60,0.543728,75.596038
shufflenet_v2_x1_0,tensorrt_fp32,16,/stage4/stage4.1/branch2/branch2.5/Conv + /stage4/stage4.1/branch2/branch2.7/Relu,tensorrt,trt_layer,0.219908,0.02234,0.12625,0.297135,60,0.415445,78.07758
shufflenet_v2_x1_0,tensorrt_fp32,83,/stage4/stage4.1/Reshape + /stage4/stage4.1/Transpose,tensorrt,trt_layer,0.081071,0.029442,0.068177,0.183854,60,0.153157,98.114048
shufflenet_v2_x1_0,tensorrt_fp32,41,/stage4/stage4.2/Slice,tensorrt,trt_layer,0.161009,0.040528,0.008802,0.239532,60,0.304175,87.044741
shufflenet_v2_x1_0,tensorrt_fp32,51,/stage4/stage4.2/Slice_1,tensorrt,trt_layer,0.156411,0.032109,0.007916,0.213437,60,0.295488,90.020971
shufflenet_v2_x1_0,tensorrt_fp32,21,/stage4/stage4.2/branch2/branch2.0/Conv + /stage4/stage4.2/branch2/branch2.2/Relu,tensorrt,trt_layer,0.207063,0.01812,0.127031,0.250625,60,0.391179,80.088703
shufflenet_v2_x1_0,tensorrt_fp32,10,/stage4/stage4.2/branch2/branch2.3/Conv,tensorrt,trt_layer,0.288735,0.060505,0.107239,0.549532,60,0.545472,75.05231
shufflenet_v2_x1_0,tensorrt_fp32,17,/stage4/stage4.2/branch2/branch2.5/Conv + /stage4/stage4.2/branch2/branch2.7/Relu,tensorrt,trt_layer,0.218396,0.022128,0.129323,0.271458,60,0.412589,78.490168
shufflenet_v2_x1_0,tensorrt_fp32,88,/stage4/stage4.2/Reshape + /stage4/stage4.2/Transpose,tensorrt,trt_layer,0.076313,0.022219,0.068333,0.176407,60,0.144169,98.855038
shufflenet_v2_x1_0,tensorrt_fp32,54,/stage4/stage4.3/Slice,tensorrt,trt_layer,0.155519,0.037645,0.009114,0.231771,60,0.293803,90.903194
shufflenet_v2_x1_0,tensorrt_fp32,48,/stage4/stage4.3/Slice_1,tensorrt,trt_layer,0.157367,0.0324,0.007917,0.230417,60,0.297294,89.132264
shufflenet_v2_x1_0,tensorrt_fp32,22,/stage4/stage4.3/branch2/branch2.0/Conv + /stage4/stage4.3/branch2/branch2.2/Relu,tensorrt,trt_layer,0.206513,0.016178,0.130312,0.237605,60,0.39014,80.478843
shufflenet_v2_x1_0,tensorrt_fp32,13,/stage4/stage4.3/branch2/branch2.3/Conv,tensorrt,trt_layer,0.277455,0.05381,0.107605,0.48677,60,0.524162,76.651121
shufflenet_v2_x1_0,tensorrt_fp32,18,/stage4/stage4.3/branch2/branch2.5/Conv + /stage4/stage4.3/branch2/branch2.7/Relu,tensorrt,trt_layer,0.217803,0.018272,0.132604,0.259948,60,0.411468,78.901637
shufflenet_v2_x1_0,tensorrt_fp32,86,/stage4/stage4.3/Reshape + /stage4/stage4.3/Transpose,tensorrt,trt_layer,0.078937,0.026511,0.068386,0.182709,60,0.149126,98.565497
shufflenet_v2_x1_0,tensorrt_fp32,2,/conv5/conv5.0/Conv + /conv5/conv5.2/Relu,tensorrt,trt_layer,1.058004,0.02875,0.953594,1.148906,60,1.998757,69.689882
shufflenet_v2_x1_0,tensorrt_fp32,72,/ReduceMean,tensorrt,trt_layer,0.129009,0.002483,0.125886,0.142343,60,0.243721,95.858436
shufflenet_v2_x1_0,tensorrt_fp32,5,/fc/Gemm,tensorrt,trt_layer,0.33092,0.009111,0.309739,0.355208,60,0.625167,72.158262
shufflenet_v2_x1_0,tensorrt_int8,3,/conv1/conv1.0/Conv + /conv1/conv1.2/Relu,tensorrt,trt_layer,0.598613,0.023328,0.478073,0.66125,60,1.12118,71.445456
shufflenet_v2_x1_0,tensorrt_int8,30,/maxpool/MaxPool,tensorrt,trt_layer,0.180192,0.003565,0.175104,0.192344,60,0.337493,83.745811
shufflenet_v2_x1_0,tensorrt_int8,1,/stage2/stage2.0/branch1/branch1.0/Conv,tensorrt,trt_layer,36.509186,279.697125,0.090208,2184.903564,60,68.380355,68.380355
shufflenet_v2_x1_0,tensorrt_int8,16,/stage2/stage2.0/branch2/branch2.0/Conv + /stage2/stage2.0/branch2/branch2.2/Relu,tensorrt,trt_layer,0.20991,0.037068,0.193177,0.421459,60,0.393154,78.611274
shufflenet_v2_x1_0,tensorrt_int8,92,/stage2/stage2.0/branch1/branch1.2/Conv + /stage2/stage2.0/branch1/branch1.4/Relu,tensorrt,trt_layer,0.060402,0.000741,0.058385,0.061927,60,0.113131,99.410749
shufflenet_v2_x1_0,tensorrt_int8,15,/stage2/stage2.0/branch2/branch2.3/Conv,tensorrt,trt_layer,0.214981,0.061296,0.191511,0.467396,60,0.402651,78.21812
shufflenet_v2_x1_0,tensorrt_int8,77,/stage2/stage2.0/branch2/branch2.5/Conv + /stage2/stage2.0/branch2/branch2.7/Relu,tensorrt,trt_layer,0.111643,0.033934,0.09276,0.216718,60,0.209103,97.009846
shufflenet_v2_x1_0,tensorrt_int8,14,/stage2/stage2.0/Reshape + /stage2/stage2.0/Transpose,tensorrt,trt_layer,0.276103,0.039512,0.25125,0.398594,60,0.517131,77.815468
shufflenet_v2_x1_0,tensorrt_int8,97,/stage2/stage2.1/Slice,tensorrt,trt_layer,0.032838,0.000573,0.031406,0.034166,60,0.061504,99.803339
shufflenet_v2_x1_0,tensorrt_int8,95,/stage2/stage2.1/Slice_1,tensorrt,trt_layer,0.043805,0.031461,0.03026,0.170989,60,0.082045,99.66506
shufflenet_v2_x1_0,tensorrt_int8,72,/stage2/stage2.1/branch2/branch2.0/Conv + /stage2/stage2.1/branch2/branch2.2/Relu,tensorrt,trt_layer,0.130634,0.043103,0.09224,0.236302,60,0.244673,95.865078
shufflenet_v2_x1_0,tensorrt_int8,70,/stage2/stage2.1/branch2/branch2.3/Conv,tensorrt,trt_layer,0.133802,0.03605,0.094739,0.192969,60,0.250606,95.369861
shufflenet_v2_x1_0,tensorrt_int8,68,/stage2/stage2.1/branch2/branch2.5/Conv + /stage2/stage2.1/branch2/branch2.7/Relu,tensorrt,trt_layer,0.138612,0.031129,0.092136,0.222292,60,0.259615,94.865474
shufflenet_v2_x1_0,tensorrt_int8,10,/stage2/stage2.1/Reshape + /stage2/stage2.1/Transpose,tensorrt,trt_layer,0.300114,0.029103,0.249427,0.346459,60,0.562102,75.699239
shufflenet_v2_x1_0,tensorrt_int8,98,/stage2/stage2.2/Slice,tensorrt,trt_layer,0.032041,0.000551,0.031042,0.033542,60,0.060012,99.86335
shufflenet_v2_x1_0,tensorrt_int8,93,/stage2/stage2.2/Slice_1,tensorrt,trt_layer,0.04787,0.038048,0.030052,0.189479,60,0.089659,99.500408
shufflenet_v2_x1_0,tensorrt_int8,37,/stage2/stage2.2/branch2/branch2.0/Conv + /stage2/stage2.2/branch2/branch2.2/Relu,tensorrt,trt_layer,0.16236,0.024742,0.094896,0.221615,60,0.304094,86.026774
shufflenet_v2_x1_0,tensorrt_int8,49,/stage2/stage2.2/branch2/branch2.3/Conv,tensorrt,trt_layer,0.153981,0.039583,0.094323,0.43526,60,0.288401,89.543487
shufflenet_v2_x1_0,tensorrt_int8,50,/stage2/stage2.2/branch2/branch2.5/Conv + /stage2/stage2.2/branch2/branch2.7/Relu,tensorrt,trt_layer,0.153476,0.013476,0.096302,0.188907,60,0.287455,89.830942
shufflenet_v2_x1_0,tensorrt_int8,8,/stage2/stage2.2/Reshape + /stage2/stage2.2/Transpose,tensorrt,trt_layer,0.314906,0.020137,0.249479,0.375365,60,0.589807,74.552404
shufflenet_v2_x1_0,tensorrt_int8,99,/stage2/stage2.3/Slice,tensorrt,trt_layer,0.031418,0.000532,0.030416,0.033281,60,0.058845,99.922195
shufflenet_v2_x1_0,tensorrt_int8,96,/stage2/stage2.3/Slice_1,tensorrt,trt_layer,0.040991,0.027175,0.029739,0.151198,60,0.076775,99.741835
shufflenet_v2_x1_0,tensorrt_int8,39,/stage2/stage2.3/branch2/branch2.0/Conv + /stage2/stage2.3/branch2/branch2.2/Relu,tensorrt,trt_layer,0.158078,0.02169,0.095104,0.221979,60,0.296074,86.619897
shufflenet_v2_x1_0,tensorrt_int8,55,/stage2/stage2.3/branch2/branch2.3/Conv,tensorrt,trt_layer,0.151679,0.014612,0.093542,0.206146,60,0.284089,91.261367
shufflenet_v2_x1_0,tensorrt_int8,46,/stage2/stage2.3/branch2/branch2.5/Conv + /stage2/stage2.3/branch2/branch2.7/Relu,tensorrt,trt_layer,0.15541,0.013458,0.094427,0.189063,60,0.291077,88.675232
shufflenet_v2_x1_0,tensorrt_int8,9,/stage2/stage2.3/Reshape + /stage2/stage2.3/Transpose,tensorrt,trt_layer,0.312197,0.016644,0.250052,0.387343,60,0.584733,75.137137
shufflenet_v2_x1_0,tensorrt_int8,75,/stage3/stage3.0/branch1/branch1.0/Conv,tensorrt,trt_layer,0.121365,0.001451,0.118177,0.125677,60,0.227312,96.575371
shufflenet_v2_x1_0,tensorrt_int8,13,/stage3/stage3.0/branch2/branch2.0/Conv + /stage3/stage3.0/branch2/branch2.2/Relu,tensorrt,trt_layer,0.277418,0.002464,0.268281,0.281979,60,0.519594,77.298338
shufflenet_v2_x1_0,tensorrt_int8,85,/stage3/stage3.0/branch1/branch1.2/Conv + /stage3/stage3.0/branch1/branch1.4/Relu,tensorrt,trt_layer,0.081682,0.001093,0.079635,0.084062,60,0.152987,98.493538
shufflenet_v2_x1_0,tensorrt_int8,76,/stage3/stage3.0/branch2/branch2.3/Conv,tensorrt,trt_layer,0.120329,0.001341,0.117292,0.123437,60,0.225372,96.800743
shufflenet_v2_x1_0,tensorrt_int8,86,/stage3/stage3.0/branch2/branch2.5/Conv + /stage3/stage3.0/branch2/branch2.7/Relu,tensorrt,trt_layer,0.081505,0.001131,0.079167,0.083593,60,0.152656,98.646194
shufflenet_v2_x1_0,tensorrt_int8,74,/stage3/stage3.0/Reshape + /stage3/stage3.0/Transpose,tensorrt,trt_layer,0.128392,0.000388,0.127604,0.129532,60,0.240473,96.348059
shufflenet_v2_x1_0,tensorrt_int8,101,/stage3/stage3.1/Slice,tensorrt,trt_layer,0.020055,0.005848,0.017813,0.064739,60,0.037562,100.0
shufflenet_v2_x1_0,tensorrt_int8,100,/stage3/stage3.1/Slice_1,tensorrt,trt_layer,0.021486,0.026253,0.017187,0.223125,60,0.040242,99.962438
shufflenet_v2_x1_0,tensorrt_int8,83,/stage3/stage3.1/branch2/branch2.0/Conv + /stage3/stage3.1/branch2/branch2.2/Relu,tensorrt,trt_layer,0.096446,0.015337,0.090573,0.201146,60,0.18064,98.162803
shufflenet_v2_x1_0,tensorrt_int8,82,/stage3/stage3.1/branch2/branch2.3/Conv,tensorrt,trt_layer,0.098639,0.025208,0.090625,0.232916,60,0.184747,97.982163
shufflenet_v2_x1_0,tensorrt_int8,84,/stage3/stage3.1/branch2/branch2.5/Conv + /stage3/stage3.1/branch2/branch2.7/Relu,tensorrt,trt_layer,0.094902,0.024607,0.084531,0.189531,60,0.177748,98.340551
shufflenet_v2_x1_0,tensorrt_int8,52,/stage3/stage3.1/Reshape + /stage3/stage3.1/Transpose,tensorrt,trt_layer,0.153056,0.055504,0.128906,0.510989,60,0.286668,90.404867
shufflenet_v2_x1_0,tensorrt_int8,94,/stage3/stage3.2/Slice,tensorrt,trt_layer,0.044105,0.031809,0.018021,0.132708,60,0.082607,99.583015
shufflenet_v2_x1_0,tensorrt_int8,67,/stage3/stage3.2/Slice_1,tensorrt,trt_layer,0.141738,0.026848,0.017865,0.203177,60,0.26547,94.605859
shufflenet_v2_x1_0,tensorrt_int8,32,/stage3/stage3.2/branch2/branch2.0/Conv + /stage3/stage3.2/branch2/branch2.2/Relu,tensorrt,trt_layer,0.179042,0.015323,0.093646,0.231719,60,0.335339,84.4165
shufflenet_v2_x1_0,tensorrt_int8,51,/stage3/stage3.2/branch2/branch2.3/Conv,tensorrt,trt_layer,0.15337,0.013614,0.090208,0.192396,60,0.287256,90.118198
shufflenet_v2_x1_0,tensorrt_int8,57,/stage3/stage3.2/branch2/branch2.5/Conv + /stage3/stage3.2/branch2/branch2.7/Relu,tensorrt,trt_layer,0.151533,0.015831,0.090729,0.229427,60,0.283816,91.829012
shufflenet_v2_x1_0,tensorrt_int8,25,/stage3/stage3.2/Reshape + /stage3/stage3.2/Transpose,tensorrt,trt_layer,0.196411,0.013934,0.129219,0.231979,60,0.367871,81.972939
shufflenet_v2_x1_0,tensorrt_int8,87,/stage3/stage3.3/Slice,tensorrt,trt_layer,0.072203,0.02594,0.01901,0.162084,60,0.135234,98.781428
shufflenet_v2_x1_0,tensorrt_int8,45,/stage3/stage3.3/Slice_1,tensorrt,trt_layer,0.155861,0.020679,0.018334,0.196979,60,0.291922,88.384155
shufflenet_v2_x1_0,tensorrt_int8,29,/stage3/stage3.3/branch2/branch2.0/Conv + /stage3/stage3.3/branch2/branch2.2/Relu,tensorrt,trt_layer,0.180446,0.016164,0.091718,0.227604,60,0.337969,83.408318
shufflenet_v2_x1_0,tensorrt_int8,66,/stage3/stage3.3/branch2/branch2.3/Conv,tensorrt,trt_layer,0.148481,0.012549,0.091302,0.192969,60,0.278099,94.340389
shufflenet_v2_x1_0,tensorrt_int8,65,/stage3/stage3.3/branch2/branch2.5/Conv + /stage3/stage3.3/branch2/branch2.7/Relu,tensorrt,trt_layer,0.148661,0.01371,0.087813,0.192656,60,0.278437,94.06229
shufflenet_v2_x1_0,tensorrt_int8,23,/stage3/stage3.3/Reshape + /stage3/stage3.3/Transpose,tensorrt,trt_layer,0.197961,0.019175,0.129687,0.283489,60,0.370774,81.237164
shufflenet_v2_x1_0,tensorrt_int8,89,/stage3/stage3.4/Slice,tensorrt,trt_layer,0.069043,0.025699,0.019011,0.16526,60,0.129315,99.042148
shufflenet_v2_x1_0,tensorrt_int8,44,/stage3/stage3.4/Slice_1,tensorrt,trt_layer,0.156375,0.02177,0.035833,0.205156,60,0.292885,88.092233
shufflenet_v2_x1_0,tensorrt_int8,33,/stage3/stage3.4/branch2/branch2.0/Conv + /stage3/stage3.4/branch2/branch2.2/Relu,tensorrt,trt_layer,0.178253,0.00979,0.153854,0.223542,60,0.333861,84.750361
shufflenet_v2_x1_0,tensorrt_int8,62,/stage3/stage3.4/branch2/branch2.3/Conv,tensorrt,trt_layer,0.149143,0.010951,0.091302,0.185365,60,0.279339,93.226585
shufflenet_v2_x1_0,tensorrt_int8,64,/stage3/stage3.4/branch2/branch2.5/Conv + /stage3/stage3.4/branch2/branch2.7/Relu,tensorrt,trt_layer,0.148749,0.015235,0.089428,0.20401,60,0.278601,93.783853
shufflenet_v2_x1_0,tensorrt_int8,20,/stage3/stage3.4/Reshape + /stage3/stage3.4/Transpose,tensorrt,trt_layer,0.200489,0.022375,0.129635,0.307552,60,0.375508,80.120968
shufflenet_v2_x1_0,tensorrt_int8,88,/stage3/stage3.5/Slice,tensorrt,trt_layer,0.070159,0.022887,0.01849,0.145052,60,0.131405,98.912833
shufflenet_v2_x1_0,tensorrt_int8,38,/stage3/stage3.5/Slice_1,tensorrt,trt_layer,0.158598,0.012791,0.099739,0.197761,60,0.297048,86.323823
shufflenet_v2_x1_0,tensorrt_int8,34,/stage3/stage3.5/branch2/branch2.0/Conv + /stage3/stage3.5/branch2/branch2.2/Relu,tensorrt,trt_layer,0.177758,0.006309,0.162344,0.197292,60,0.332934,85.083295
shufflenet_v2_x1_0,tensorrt_int8,54,/stage3/stage3.5/branch2/branch2.3/Conv,tensorrt,trt_layer,0.15267,0.013725,0.091146,0.194427,60,0.285945,90.977278
shufflenet_v2_x1_0,tensorrt_int8,63,/stage3/stage3.5/branch2/branch2.5/Conv + /stage3/stage3.5/branch2/branch2.7/Relu,tensorrt,trt_layer,0.148784,0.012206,0.09151,0.188802,60,0.278667,93.505252
shufflenet_v2_x1_0,tensorrt_int8,26,/stage3/stage3.5/Reshape + /stage3/stage3.5/Transpose,tensorrt,trt_layer,0.196372,0.014328,0.129792,0.255572,60,0.367797,82.340736
shufflenet_v2_x1_0,tensorrt_int8,90,/stage3/stage3.6/Slice,tensorrt,trt_layer,0.068266,0.022113,0.01901,0.154948,60,0.12786,99.170008
shufflenet_v2_x1_0,tensorrt_int8,40,/stage3/stage3.6/Slice_1,tensorrt,trt_layer,0.157984,0.011951,0.142396,0.213958,60,0.295898,86.915795
shufflenet_v2_x1_0,tensorrt_int8,35,/stage3/stage3.6/branch2/branch2.0/Conv + /stage3/stage3.6/branch2/branch2.2/Relu,tensorrt,trt_layer,0.177513,0.010064,0.151979,0.22599,60,0.332475,85.415771
shufflenet_v2_x1_0,tensorrt_int8,58,/stage3/stage3.6/branch2/branch2.3/Conv,tensorrt,trt_layer,0.149412,0.01369,0.091094,0.19651,60,0.279843,92.108855
shufflenet_v2_x1_0,tensorrt_int8,59,/stage3/stage3.6/branch2/branch2.5/Conv + /stage3/stage3.6/branch2/branch2.7/Relu,tensorrt,trt_layer,0.14926,0.012506,0.101354,0.189896,60,0.279558,92.388413
shufflenet_v2_x1_0,tensorrt_int8,27,/stage3/stage3.6/Reshape + /stage3/stage3.6/Transpose,tensorrt,trt_layer,0.194951,0.013112,0.149636,0.250364,60,0.365136,82.705872
shufflenet_v2_x1_0,tensorrt_int8,91,/stage3/stage3.7/Slice,tensorrt,trt_layer,0.068133,0.021727,0.018958,0.150208,60,0.127611,99.297618
shufflenet_v2_x1_0,tensorrt_int8,41,/stage3/stage3.7/Slice_1,tensorrt,trt_layer,0.157667,0.012676,0.110208,0.202239,60,0.295304,87.211099
shufflenet_v2_x1_0,tensorrt_int8,31,/stage3/stage3.7/branch2/branch2.0/Conv + /stage3/stage3.7/branch2/branch2.2/Relu,tensorrt,trt_layer,0.179048,0.010075,0.167708,0.221823,60,0.33535,84.081161
shufflenet_v2_x1_0,tensorrt_int8,61,/stage3/stage3.7/branch2/branch2.3/Conv,tensorrt,trt_layer,0.14917,0.012225,0.091302,0.186875,60,0.27939,92.947245
shufflenet_v2_x1_0,tensorrt_int8,60,/stage3/stage3.7/branch2/branch2.5/Conv + /stage3/stage3.7/branch2/branch2.7/Relu,tensorrt,trt_layer,0.149198,0.012746,0.114114,0.186666,60,0.279442,92.667855
shufflenet_v2_x1_0,tensorrt_int8,18,/stage3/stage3.7/Reshape + /stage3/stage3.7/Transpose,tensorrt,trt_layer,0.201665,0.045544,0.162188,0.542968,60,0.377711,79.369213
shufflenet_v2_x1_0,tensorrt_int8,7,/stage4/stage4.0/branch1/branch1.0/Conv,tensorrt,trt_layer,0.323509,0.050638,0.225833,0.465781,60,0.60592,73.962596
shufflenet_v2_x1_0,tensorrt_int8,4,/stage4/stage4.0/branch2/branch2.0/Conv + /stage4/stage4.0/branch2/branch2.2/Relu,tensorrt,trt_layer,0.355392,0.009987,0.326667,0.392032,60,0.665636,72.111092
shufflenet_v2_x1_0,tensorrt_int8,69,/stage4/stage4.0/branch1/branch1.2/Conv + /stage4/stage4.0/branch1/branch1.4/Relu,tensorrt,trt_layer,0.135497,0.001879,0.131822,0.140573,60,0.253781,95.119255
shufflenet_v2_x1_0,tensorrt_int8,71,/stage4/stage4.0/branch2/branch2.3/Conv,tensorrt,trt_layer,0.133769,0.045962,0.11875,0.407292,60,0.250544,95.620406
shufflenet_v2_x1_0,tensorrt_int8,42,/stage4/stage4.0/branch2/branch2.5/Conv + /stage4/stage4.0/branch2/branch2.7/Relu,tensorrt,trt_layer,0.157154,0.031673,0.109427,0.215937,60,0.294344,87.505443
shufflenet_v2_x1_0,tensorrt_int8,79,/stage4/stage4.0/Reshape + /stage4/stage4.0/Transpose,tensorrt,trt_layer,0.107063,0.02474,0.068698,0.169948,60,0.200525,97.411498
shufflenet_v2_x1_0,tensorrt_int8,36,/stage4/stage4.1/Slice,tensorrt,trt_layer,0.163863,0.028565,0.008698,0.255156,60,0.306909,85.72268
shufflenet_v2_x1_0,tensorrt_int8,47,/stage4/stage4.1/Slice_1,tensorrt,trt_layer,0.155174,0.016237,0.083959,0.223541,60,0.290635,88.965867
shufflenet_v2_x1_0,tensorrt_int8,24,/stage4/stage4.1/branch2/branch2.0/Conv + /stage4/stage4.1/branch2/branch2.2/Relu,tensorrt,trt_layer,0.196429,0.007508,0.174531,0.224427,60,0.367904,81.605068
shufflenet_v2_x1_0,tensorrt_int8,5,/stage4/stage4.1/branch2/branch2.3/Conv,tensorrt,trt_layer,0.333945,0.221612,0.271041,1.960729,60,0.625467,72.736558
shufflenet_v2_x1_0,tensorrt_int8,21,/stage4/stage4.1/branch2/branch2.5/Conv + /stage4/stage4.1/branch2/branch2.7/Relu,tensorrt,trt_layer,0.200008,0.01318,0.130364,0.246615,60,0.374608,80.495576
shufflenet_v2_x1_0,tensorrt_int8,78,/stage4/stage4.1/Reshape + /stage4/stage4.1/Transpose,tensorrt,trt_layer,0.107384,0.021846,0.068802,0.176198,60,0.201126,97.210973
shufflenet_v2_x1_0,tensorrt_int8,43,/stage4/stage4.2/Slice,tensorrt,trt_layer,0.15692,0.016361,0.083125,0.213802,60,0.293905,87.799348
shufflenet_v2_x1_0,tensorrt_int8,56,/stage4/stage4.2/Slice_1,tensorrt,trt_layer,0.15154,0.010427,0.125573,0.189375,60,0.283829,91.545196
shufflenet_v2_x1_0,tensorrt_int8,28,/stage4/stage4.2/branch2/branch2.0/Conv + /stage4/stage4.2/branch2/branch2.2/Relu,tensorrt,trt_layer,0.194599,0.007263,0.171562,0.227084,60,0.364477,83.070349
shufflenet_v2_x1_0,tensorrt_int8,11,/stage4/stage4.2/branch2/branch2.3/Conv,tensorrt,trt_layer,0.28901,0.042211,0.250261,0.461198,60,0.541305,76.240544
shufflenet_v2_x1_0,tensorrt_int8,17,/stage4/stage4.2/branch2/branch2.5/Conv + /stage4/stage4.2/branch2/branch2.7/Relu,tensorrt,trt_layer,0.203009,0.010407,0.191302,0.240677,60,0.380228,78.991502
shufflenet_v2_x1_0,tensorrt_int8,81,/stage4/stage4.2/Reshape + /stage4/stage4.2/Transpose,tensorrt,trt_layer,0.099819,0.028995,0.067657,0.186562,60,0.186957,97.797416
shufflenet_v2_x1_0,tensorrt_int8,48,/stage4/stage4.3/Slice,tensorrt,trt_layer,0.154418,0.016791,0.085677,0.216771,60,0.289219,89.255086
shufflenet_v2_x1_0,tensorrt_int8,53,/stage4/stage4.3/Slice_1,tensorrt,trt_layer,0.152948,0.012372,0.11125,0.196458,60,0.286466,90.691333
shufflenet_v2_x1_0,tensorrt_int8,22,/stage4/stage4.3/branch2/branch2.0/Conv + /stage4/stage4.3/branch2/branch2.2/Relu,tensorrt,trt_layer,0.197983,0.010848,0.182083,0.234115,60,0.370815,80.86639
shufflenet_v2_x1_0,tensorrt_int8,12,/stage4/stage4.3/branch2/branch2.3/Conv,tensorrt,trt_layer,0.287352,0.047495,0.237656,0.471719,60,0.5382,76.778744
shufflenet_v2_x1_0,tensorrt_int8,19,/stage4/stage4.3/branch2/branch2.5/Conv + /stage4/stage4.3/branch2/branch2.7/Relu,tensorrt,trt_layer,0.200883,0.009396,0.183282,0.230521,60,0.376246,79.745459
shufflenet_v2_x1_0,tensorrt_int8,80,/stage4/stage4.3/Reshape + /stage4/stage4.3/Transpose,tensorrt,trt_layer,0.106228,0.027765,0.067812,0.193594,60,0.198961,97.610459
shufflenet_v2_x1_0,tensorrt_int8,2,/conv5/conv5.0/Conv + /conv5/conv5.2/Relu,tensorrt,trt_layer,1.037885,0.014213,0.987032,1.087604,60,1.94392,70.324276
shufflenet_v2_x1_0,tensorrt_int8,73,/ReduceMean,tensorrt,trt_layer,0.129478,0.001415,0.126928,0.136042,60,0.242508,96.107586
shufflenet_v2_x1_0,tensorrt_int8,6,/fc/Gemm,tensorrt,trt_layer,0.331089,0.010139,0.311354,0.361094,60,0.620117,73.356676
ssd_mobilenet_v2,tensorrt_fp16,43,"PWN(StatefulPartitionedCall/Preprocessor/mul/x:0 + (Unnamed Layer* 2) [Shuffle] + StatefulPartitionedCall/Preprocessor/mul, PWN(StatefulPartitionedCall/Preprocessor/sub/y:0 + (Unnamed Layer* 5) [Shuffle], StatefulPartitionedCall/Preprocessor/sub))",tensorrt,trt_layer,0.248188,0.078674,0.171823,0.712708,60,0.35941,88.833542
ssd_mobilenet_v2,tensorrt_fp16,46,StatefulPartitionedCall/Preprocessor/unstack,tensorrt,trt_layer,0.242213,0.060066,0.158907,0.53901,60,0.350758,89.899455
ssd_mobilenet_v2,tensorrt_fp16,13,Transpose__24,tensorrt,trt_layer,0.672747,0.044541,0.649791,0.872552,60,0.97423,72.675914
ssd_mobilenet_v2,tensorrt_fp16,18,Resize__36,tensorrt,trt_layer,0.472569,0.000462,0.471615,0.473542,60,0.684344,76.437347
ssd_mobilenet_v2,tensorrt_fp16,10,StatefulPartitionedCall/ssd_mobile_net_v2keras_feature_extractor/functional_1/Conv1/Conv2D + StatefulPartitionedCall/ssd_mobile_net_v2keras_feature_extractor/functional_1/Conv1_relu/Relu6,tensorrt,trt_layer,0.849147,0.0051,0.841146,0.864063,60,1.229681,69.496974
ssd_mobilenet_v2,tensorrt_fp16,5,StatefulPartitionedCall/ssd_mobile_net_v2keras_feature_extractor/functional_1/expanded_conv_depthwise/depthwise + StatefulPartitionedCall/ssd_mobile_net_v2keras_feature_extractor/functional_1/expanded_conv_depthwise_relu/Relu6,tensorrt,trt_layer,1.21836,0.009414,1.197135,1.239271,60,1.764352,62.62732
ssd_mobilenet_v2,tensorrt_fp16,11,StatefulPartitionedCall/ssd_mobile_net_v2keras_feature_extractor/functional_1/expanded_conv_project/Conv2D,tensorrt,trt_layer,0.796575,0.005097,0.789323,0.808958,60,1.153549,70.650524
ssd_mobilenet_v2,tensorrt_fp16,3,StatefulPartitionedCall/ssd_mobile_net_v2keras_feature_extractor/functional_1/block_1_expand/Conv2D + StatefulPartitionedCall/ssd_mobile_net_v2keras_feature_extractor/functional_1/block_1_expand_relu/Relu6,tensorrt,trt_layer,1.752257,0.007122,1.742344,1.769636,60,2.537507,58.837202
ssd_mobilenet_v2,tensorrt_fp16,2,StatefulPartitionedCall/ssd_mobile_net_v2keras_feature_extractor/functional_1/block_1_depthwise/depthwise + StatefulPartitionedCall/ssd_mobile_net_v2keras_feature_extractor/functional_1/block_1_depthwise_relu/Relu6,tensorrt,trt_layer,1.961288,0.019367,1.937083,2.041093,60,2.840213,56.299695
ssd_mobilenet_v2,tensorrt_fp16,24,StatefulPartitionedCall/ssd_mobile_net_v2keras_feature_extractor/functional_1/block_1_project/Conv2D,tensorrt,trt_layer,0.438986,0.00352,0.43099,0.451458,60,0.635712,80.428744
ssd_mobilenet_v2,tensorrt_fp16,8,StatefulPartitionedCall/ssd_mobile_net_v2keras_feature_extractor/functional_1/block_2_expand/Conv2D + StatefulPartitionedCall/ssd_mobile_net_v2keras_feature_extractor/functional_1/block_2_expand_relu/Relu6,tensorrt,trt_layer,0.927043,0.003846,0.920156,0.937552,60,1.342485,66.964822
ssd_mobilenet_v2,tensorrt_fp16,4,StatefulPartitionedCall/ssd_mobile_net_v2keras_feature_extractor/functional_1/block_2_depthwise/depthwise + StatefulPartitionedCall/ssd_mobile_net_v2keras_feature_extractor/functional_1/block_2_depthwise_relu/Relu6,tensorrt,trt_layer,1.398878,0.018899,1.367395,1.457604,60,2.025766,60.862968
ssd_mobilenet_v2,tensorrt_fp16,14,StatefulPartitionedCall/ssd_mobile_net_v2keras_feature_extractor/functional_1/block_2_project/Conv2D + StatefulPartitionedCall/ssd_mobile_net_v2keras_feature_extractor/functional_1/block_2_add/add,tensorrt,trt_layer,0.585414,0.007917,0.576042,0.619375,60,0.847759,73.523673
ssd_mobilenet_v2,tensorrt_fp16,9,StatefulPartitionedCall/ssd_mobile_net_v2keras_feature_extractor/functional_1/block_3_expand/Conv2D + StatefulPartitionedCall/ssd_mobile_net_v2keras_feature_extractor/functional_1/block_3_expand_relu/Relu6,tensorrt,trt_layer,0.899412,0.01228,0.870573,0.914115,60,1.302471,68.267293
ssd_mobilenet_v2,tensorrt_fp16,7,StatefulPartitionedCall/ssd_mobile_net_v2keras_feature_extractor/functional_1/block_3_depthwise/depthwise + StatefulPartitionedCall/ssd_mobile_net_v2keras_feature_extractor/functional_1/block_3_depthwise_relu/Relu6,tensorrt,trt_layer,0.937251,0.010558,0.918021,0.961354,60,1.357267,65.622337
ssd_mobilenet_v2,tensorrt_fp16,63,StatefulPartitionedCall/ssd_mobile_net_v2keras_feature_extractor/functional_1/block_3_project/Conv2D,tensorrt,trt_layer,0.183498,0.003101,0.176146,0.190625,60,0.26573,95.129849
ssd_mobilenet_v2,tensorrt_fp16,36,StatefulPartitionedCall/ssd_mobile_net_v2keras_feature_extractor/functional_1/block_4_expand/Conv2D + StatefulPartitionedCall/ssd_mobile_net_v2keras_feature_extractor/functional_1/block_4_expand_relu/Relu6,tensorrt,trt_layer,0.299557,0.002751,0.293489,0.306562,60,0.433799,86.211678
ssd_mobilenet_v2,tensorrt_fp16,21,StatefulPartitionedCall/ssd_mobile_net_v2keras_feature_extractor/functional_1/block_4_depthwise/depthwise + StatefulPartitionedCall/ssd_mobile_net_v2keras_feature_extractor/functional_1/block_4_depthwise_relu/Relu6,tensorrt,trt_layer,0.46597,0.002962,0.461719,0.480208,60,0.674788,78.468581
ssd_mobilenet_v2,tensorrt_fp16,47,StatefulPartitionedCall/ssd_mobile_net_v2keras_feature_extractor/functional_1/block_4_project/Conv2D + StatefulPartitionedCall/ssd_mobile_net_v2keras_feature_extractor/functional_1/block_4_add/add,tensorrt,trt_layer,0.228662,0.005926,0.21573,0.243333,60,0.331134,90.230588
ssd_mobilenet_v2,tensorrt_fp16,35,StatefulPartitionedCall/ssd_mobile_net_v2keras_feature_extractor/functional_1/block_5_expand/Conv2D + StatefulPartitionedCall/ssd_mobile_net_v2keras_feature_extractor/functional_1/block_5_expand_relu/Relu6,tensorrt,trt_layer,0.300008,0.002995,0.2925,0.309844,60,0.434453,85.777878
ssd_mobilenet_v2,tensorrt_fp16,22,StatefulPartitionedCall/ssd_mobile_net_v2keras_feature_extractor/functional_1/block_5_depthwise/depthwise + StatefulPartitionedCall/ssd_mobile_net_v2keras_feature_extractor/functional_1/block_5_depthwise_relu/Relu6,tensorrt,trt_layer,0.46564,0.001772,0.461927,0.470937,60,0.67431,79.142892
ssd_mobilenet_v2,tensorrt_fp16,48,StatefulPartitionedCall/ssd_mobile_net_v2keras_feature_extractor/functional_1/block_5_project/Conv2D + StatefulPartitionedCall/ssd_mobile_net_v2keras_feature_extractor/functional_1/block_5_add/add,tensorrt,trt_layer,0.226941,0.005963,0.213282,0.238698,60,0.328642,90.55923
ssd_mobilenet_v2,tensorrt_fp16,34,StatefulPartitionedCall/ssd_mobile_net_v2keras_feature_extractor/functional_1/block_6_expand/Conv2D + StatefulPartitionedCall/ssd_mobile_net_v2keras_feature_extractor/functional_1/block_6_expand_relu/Relu6,tensorrt,trt_layer,0.300557,0.00226,0.295261,0.306406,60,0.435248,85.343426
ssd_mobilenet_v2,tensorrt_fp16,37,StatefulPartitionedCall/ssd_mobile_net_v2keras_feature_extractor/functional_1/block_6_depthwise/depthwise + StatefulPartitionedCall/ssd_mobile_net_v2keras_feature_extractor/functional_1/block_6_depthwise_relu/Relu6,tensorrt,trt_layer,0.270266,0.004305,0.265052,0.284531,60,0.391382,86.60306
ssd_mobilenet_v2,tensorrt_fp16,82,StatefulPartitionedCall/ssd_mobile_net_v2keras_feature_extractor/functional_1/block_6_project/Conv2D,tensorrt,trt_layer,0.100767,0.005717,0.092812,0.140573,60,0.145924,98.85582
ssd_mobilenet_v2,tensorrt_fp16,52,StatefulPartitionedCall/ssd_mobile_net_v2keras_feature_extractor/functional_1/block_7_expand/Conv2D + StatefulPartitionedCall/ssd_mobile_net_v2keras_feature_extractor/functional_1/block_7_expand_relu/Relu6,tensorrt,trt_layer,0.219838,0.00217,0.215573,0.226302,60,0.318355,91.837772
ssd_mobilenet_v2,tensorrt_fp16,27,StatefulPartitionedCall/ssd_mobile_net_v2keras_feature_extractor/functional_1/block_7_depthwise/depthwise + StatefulPartitionedCall/ssd_mobile_net_v2keras_feature_extractor/functional_1/block_7_depthwise_relu/Relu6,tensorrt,trt_layer,0.373964,0.001637,0.37099,0.379062,60,0.541551,82.054214
ssd_mobilenet_v2,tensorrt_fp16,65,StatefulPartitionedCall/ssd_mobile_net_v2keras_feature_extractor/functional_1/block_7_project/Conv2D + StatefulPartitionedCall/ssd_mobile_net_v2keras_feature_extractor/functional_1/block_7_add/add,tensorrt,trt_layer,0.176657,0.005313,0.166927,0.184323,60,0.255823,95.646547
ssd_mobilenet_v2,tensorrt_fp16,51,StatefulPartitionedCall/ssd_mobile_net_v2keras_feature_extractor/functional_1/block_8_expand/Conv2D + StatefulPartitionedCall/ssd_mobile_net_v2keras_feature_extractor/functional_1/block_8_expand_relu/Relu6,tensorrt,trt_layer,0.219871,0.001916,0.214271,0.224792,60,0.318403,91.519417
ssd_mobilenet_v2,tensorrt_fp16,28,StatefulPartitionedCall/ssd_mobile_net_v2keras_feature_extractor/functional_1/block_8_depthwise/depthwise + StatefulPartitionedCall/ssd_mobile_net_v2keras_feature_extractor/functional_1/block_8_depthwise_relu/Relu6,tensorrt,trt_layer,0.373701,0.001096,0.37125,0.376771,60,0.54117,82.595384
ssd_mobilenet_v2,tensorrt_fp16,66,StatefulPartitionedCall/ssd_mobile_net_v2keras_feature_extractor/functional_1/block_8_project/Conv2D + StatefulPartitionedCall/ssd_mobile_net_v2keras_feature_extractor/functional_1/block_8_add/add,tensorrt,trt_layer,0.175933,0.006144,0.166041,0.190104,60,0.254775,95.901322
ssd_mobilenet_v2,tensorrt_fp16,49,StatefulPartitionedCall/ssd_mobile_net_v2keras_feature_extractor/functional_1/block_9_expand/Conv2D + StatefulPartitionedCall/ssd_mobile_net_v2keras_feature_extractor/functional_1/block_9_expand_relu/Relu6,tensorrt,trt_layer,0.222651,0.009421,0.214323,0.259323,60,0.322429,90.881659
ssd_mobilenet_v2,tensorrt_fp16,25,StatefulPartitionedCall/ssd_mobile_net_v2keras_feature_extractor/functional_1/block_9_depthwise/depthwise + StatefulPartitionedCall/ssd_mobile_net_v2keras_feature_extractor/functional_1/block_9_depthwise_relu/Relu6,tensorrt,trt_layer,0.374257,0.001421,0.370989,0.379271,60,0.541975,80.97072
ssd_mobilenet_v2,tensorrt_fp16,67,StatefulPartitionedCall/ssd_mobile_net_v2keras_feature_extractor/functional_1/block_9_project/Conv2D + StatefulPartitionedCall/ssd_mobile_net_v2keras_feature_extractor/functional_1/block_9_add/add,tensorrt,trt_layer,0.175469,0.005109,0.165782,0.186198,60,0.254103,96.155425
ssd_mobilenet_v2,tensorrt_fp16,50,StatefulPartitionedCall/ssd_mobile_net_v2keras_feature_extractor/functional_1/block_10_expand/Conv2D + StatefulPartitionedCall/ssd_mobile_net_v2keras_feature_extractor/functional_1/block_10_expand_relu/Relu6,tensorrt,trt_layer,0.220528,0.002031,0.216667,0.225,60,0.319355,91.201014
ssd_mobilenet_v2,tensorrt_fp16,26,StatefulPartitionedCall/ssd_mobile_net_v2keras_feature_extractor/functional_1/block_10_depthwise/depthwise + StatefulPartitionedCall/ssd_mobile_net_v2keras_feature_extractor/functional_1/block_10_depthwise_relu/Relu6,tensorrt,trt_layer,0.374235,0.001263,0.371042,0.376511,60,0.541943,81.512663
ssd_mobilenet_v2,tensorrt_fp16,68,Reformatting CopyNode for Input Tensor 0 to StatefulPartitionedCall/ssd_mobile_net_v2keras_feature_extractor/functional_1/block_10_project/Conv2D,tensorrt,trt_layer,0.173019,0.000875,0.171458,0.175052,60,0.250555,96.40598
ssd_mobilenet_v2,tensorrt_fp16,64,StatefulPartitionedCall/ssd_mobile_net_v2keras_feature_extractor/functional_1/block_10_project/Conv2D,tensorrt,trt_layer,0.180145,0.007653,0.172187,0.21401,60,0.260875,95.390723
ssd_mobilenet_v2,tensorrt_fp16,39,StatefulPartitionedCall/ssd_mobile_net_v2keras_feature_extractor/functional_1/block_11_expand/Conv2D + StatefulPartitionedCall/ssd_mobile_net_v2keras_feature_extractor/functional_1/block_11_expand_relu/Relu6,tensorrt,trt_layer,0.261231,0.002143,0.257032,0.266459,60,0.378298,87.36049
ssd_mobilenet_v2,tensorrt_fp16,55,Reformatting CopyNode for Input Tensor 0 to StatefulPartitionedCall/ssd_mobile_net_v2keras_feature_extractor/functional_1/block_11_depthwise/depthwise + StatefulPartitionedCall/ssd_mobile_net_v2keras_feature_extractor/functional_1/block_11_depthwise_relu/Relu6,tensorrt,trt_layer,0.2164,0.001527,0.213854,0.223906,60,0.313377,92.778391
ssd_mobilenet_v2,tensorrt_fp16,1,StatefulPartitionedCall/ssd_mobile_net_v2keras_feature_extractor/functional_1/block_11_depthwise/depthwise + StatefulPartitionedCall/ssd_mobile_net_v2keras_feature_extractor/functional_1/block_11_depthwise_relu/Relu6,tensorrt,trt_layer,36.91605,279.815283,0.478229,2186.218018,60,53.459482,53.459482
ssd_mobilenet_v2,tensorrt_fp16,41,Reformatting CopyNode for Input Tensor 0 to StatefulPartitionedCall/ssd_mobile_net_v2keras_feature_extractor/functional_1/block_11_project/Conv2D + StatefulPartitionedCall/ssd_mobile_net_v2keras_feature_extractor/functional_1/block_11_add/add,tensorrt,trt_layer,0.254836,0.010948,0.251771,0.338594,60,0.369037,88.107265
ssd_mobilenet_v2,tensorrt_fp16,45,StatefulPartitionedCall/ssd_mobile_net_v2keras_feature_extractor/functional_1/block_11_project/Conv2D + StatefulPartitionedCall/ssd_mobile_net_v2keras_feature_extractor/functional_1/block_11_add/add,tensorrt,trt_layer,0.246392,0.003395,0.238177,0.250937,60,0.356809,89.548697
ssd_mobilenet_v2,tensorrt_fp16,38,StatefulPartitionedCall/ssd_mobile_net_v2keras_feature_extractor/functional_1/block_12_expand/Conv2D + StatefulPartitionedCall/ssd_mobile_net_v2keras_feature_extractor/functional_1/block_12_expand_relu/Relu6,tensorrt,trt_layer,0.261807,0.006526,0.255937,0.296459,60,0.379132,86.982192
ssd_mobilenet_v2,tensorrt_fp16,53,Reformatting CopyNode for Input Tensor 0 to StatefulPartitionedCall/ssd_mobile_net_v2keras_feature_extractor/functional_1/block_12_depthwise/depthwise + StatefulPartitionedCall/ssd_mobile_net_v2keras_feature_extractor/functional_1/block_12_depthwise_relu/Relu6,tensorrt,trt_layer,0.216631,0.0019,0.213959,0.22526,60,0.313711,92.151484
ssd_mobilenet_v2,tensorrt_fp16,16,StatefulPartitionedCall/ssd_mobile_net_v2keras_feature_extractor/functional_1/block_12_depthwise/depthwise + StatefulPartitionedCall/ssd_mobile_net_v2keras_feature_extractor/functional_1/block_12_depthwise_relu/Relu6,tensorrt,trt_layer,0.487389,0.005187,0.479271,0.506354,60,0.705806,75.067666
ssd_mobilenet_v2,tensorrt_fp16,42,Reformatting CopyNode for Input Tensor 0 to StatefulPartitionedCall/ssd_mobile_net_v2keras_feature_extractor/functional_1/block_12_project/Conv2D + StatefulPartitionedCall/ssd_mobile_net_v2keras_feature_extractor/functional_1/block_12_add/add,tensorrt,trt_layer,0.253337,0.000913,0.251614,0.255052,60,0.366867,88.474132
ssd_mobilenet_v2,tensorrt_fp16,44,StatefulPartitionedCall/ssd_mobile_net_v2keras_feature_extractor/functional_1/block_12_project/Conv2D + StatefulPartitionedCall/ssd_mobile_net_v2keras_feature_extractor/functional_1/block_12_add/add,tensorrt,trt_layer,0.247453,0.004131,0.238334,0.258385,60,0.358346,89.191888
ssd_mobilenet_v2,tensorrt_fp16,40,StatefulPartitionedCall/ssd_mobile_net_v2keras_feature_extractor/functional_1/block_13_expand/Conv2D + StatefulPartitionedCall/ssd_mobile_net_v2keras_feature_extractor/functional_1/block_13_expand_relu/Relu6,tensorrt,trt_layer,0.260844,0.001555,0.257448,0.264427,60,0.377738,87.738228
ssd_mobilenet_v2,tensorrt_fp16,54,Reformatting CopyNode for Input Tensor 0 to StatefulPartitionedCall/ssd_mobile_net_v2keras_feature_extractor/functional_1/block_13_depthwise/depthwise + StatefulPartitionedCall/ssd_mobile_net_v2keras_feature_extractor/functional_1/block_13_depthwise_relu/Relu6,tensorrt,trt_layer,0.216506,0.001178,0.213802,0.22,60,0.31353,92.465014
ssd_mobilenet_v2,tensorrt_fp16,30,StatefulPartitionedCall/ssd_mobile_net_v2keras_feature_extractor/functional_1/block_13_depthwise/depthwise + StatefulPartitionedCall/ssd_mobile_net_v2keras_feature_extractor/functional_1/block_13_depthwise_relu/Relu6,tensorrt,trt_layer,0.331359,0.006235,0.324636,0.370625,60,0.479853,83.569622
ssd_mobilenet_v2,tensorrt_fp16,15,StatefulPartitionedCall/BoxPredictor/ConvolutionalBoxHead_0/BoxEncodingPredictor/BiasAdd || StatefulPartitionedCall/BoxPredictor/ConvolutionalClassHead_0/ClassPredictor/BiasAdd,tensorrt,trt_layer,0.578804,0.004168,0.566302,0.585209,60,0.838187,74.36186
ssd_mobilenet_v2,tensorrt_fp16,78,Reformatting CopyNode for Output Tensor 0 to StatefulPartitionedCall/BoxPredictor/ConvolutionalBoxHead_0/BoxEncodingPredictor/BiasAdd || StatefulPartitionedCall/BoxPredictor/ConvolutionalClassHead_0/ClassPredictor/BiasAdd,tensorrt,trt_layer,0.109934,0.001293,0.108072,0.113229,60,0.159199,98.26323
ssd_mobilenet_v2,tensorrt_fp16,83,Reformatting CopyNode for Input Tensor 0 to StatefulPartitionedCall/ssd_mobile_net_v2keras_feature_extractor/functional_1/block_13_project/Conv2D,tensorrt,trt_layer,0.073648,0.000403,0.073073,0.074844,60,0.106652,98.962472
ssd_mobilenet_v2,tensorrt_fp16,71,StatefulPartitionedCall/ssd_mobile_net_v2keras_feature_extractor/functional_1/block_13_project/Conv2D,tensorrt,trt_layer,0.13136,0.003676,0.122657,0.136771,60,0.190227,97.083815
ssd_mobilenet_v2,tensorrt_fp16,62,StatefulPartitionedCall/BoxPredictor/ConvolutionalClassHead_0/ClassPredictor/BiasAdd__447 + StatefulPartitionedCall/BoxPredictor/ConvolutionalClassHead_0/Reshape,tensorrt,trt_layer,0.198371,0.001421,0.195833,0.201614,60,0.287268,94.864119
ssd_mobilenet_v2,tensorrt_fp16,98,StatefulPartitionedCall/BoxPredictor/ConvolutionalBoxHead_0/BoxEncodingPredictor/BiasAdd__724 + StatefulPartitionedCall/BoxPredictor/ConvolutionalBoxHead_0/Reshape,tensorrt,trt_layer,0.014243,0.000416,0.013229,0.015365,60,0.020626,99.664636
ssd_mobilenet_v2,tensorrt_fp16,57,StatefulPartitionedCall/ssd_mobile_net_v2keras_feature_extractor/functional_1/block_14_expand/Conv2D + StatefulPartitionedCall/ssd_mobile_net_v2keras_feature_extractor/functional_1/block_14_expand_relu/Relu6,tensorrt,trt_layer,0.209827,0.001441,0.205573,0.213229,60,0.303858,93.390951
ssd_mobilenet_v2,tensorrt_fp16,79,Reformatting CopyNode for Input Tensor 0 to StatefulPartitionedCall/ssd_mobile_net_v2keras_feature_extractor/functional_1/block_14_depthwise/depthwise + StatefulPartitionedCall/ssd_mobile_net_v2keras_feature_extractor/functional_1/block_14_depthwise_relu/Relu6,tensorrt,trt_layer,0.102907,0.000978,0.101406,0.106354,60,0.149023,98.412253
ssd_mobilenet_v2,tensorrt_fp16,17,StatefulPartitionedCall/ssd_mobile_net_v2keras_feature_extractor/functional_1/block_14_depthwise/depthwise + StatefulPartitionedCall/ssd_mobile_net_v2keras_feature_extractor/functional_1/block_14_depthwise_relu/Relu6,tensorrt,trt_layer,0.473254,0.003552,0.466615,0.490104,60,0.685336,75.753002
ssd_mobilenet_v2,tensorrt_fp16,73,Reformatting CopyNode for Input Tensor 0 to StatefulPartitionedCall/ssd_mobile_net_v2keras_feature_extractor/functional_1/block_14_project/Conv2D + StatefulPartitionedCall/ssd_mobile_net_v2keras_feature_extractor/functional_1/block_14_add/add,tensorrt,trt_layer,0.12056,0.000999,0.118594,0.122968,60,0.174587,97.43367
ssd_mobilenet_v2,tensorrt_fp16,56,StatefulPartitionedCall/ssd_mobile_net_v2keras_feature_extractor/functional_1/block_14_project/Conv2D + StatefulPartitionedCall/ssd_mobile_net_v2keras_feature_extractor/functional_1/block_14_add/add,tensorrt,trt_layer,0.213172,0.008082,0.202813,0.225782,60,0.308702,93.087093
ssd_mobilenet_v2,tensorrt_fp16,61,StatefulPartitionedCall/ssd_mobile_net_v2keras_feature_extractor/functional_1/block_15_expand/Conv2D + StatefulPartitionedCall/ssd_mobile_net_v2keras_feature_extractor/functional_1/block_15_expand_relu/Relu6,tensorrt,trt_layer,0.199785,0.001312,0.196927,0.202187,60,0.289316,94.57685
ssd_mobilenet_v2,tensorrt_fp16,80,Reformatting CopyNode for Input Tensor 0 to StatefulPartitionedCall/ssd_mobile_net_v2keras_feature_extractor/functional_1/block_15_depthwise/depthwise + StatefulPartitionedCall/ssd_mobile_net_v2keras_feature_extractor/functional_1/block_15_depthwise_relu/Relu6,tensorrt,trt_layer,0.102841,0.001129,0.101146,0.1075,60,0.148928,98.561181
ssd_mobilenet_v2,tensorrt_fp16,20,StatefulPartitionedCall/ssd_mobile_net_v2keras_feature_extractor/functional_1/block_15_depthwise/depthwise + StatefulPartitionedCall/ssd_mobile_net_v2keras_feature_extractor/functional_1/block_15_depthwise_relu/Relu6,tensorrt,trt_layer,0.468339,0.001961,0.464167,0.472396,60,0.678219,77.793793
ssd_mobilenet_v2,tensorrt_fp16,72,Reformatting CopyNode for Input Tensor 0 to StatefulPartitionedCall/ssd_mobile_net_v2keras_feature_extractor/functional_1/block_15_project/Conv2D + StatefulPartitionedCall/ssd_mobile_net_v2keras_feature_extractor/functional_1/block_15_add/add,tensorrt,trt_layer,0.12103,0.004441,0.11849,0.153906,60,0.175268,97.259083
ssd_mobilenet_v2,tensorrt_fp16,58,StatefulPartitionedCall/ssd_mobile_net_v2keras_feature_extractor/functional_1/block_15_project/Conv2D + StatefulPartitionedCall/ssd_mobile_net_v2keras_feature_extractor/functional_1/block_15_add/add,tensorrt,trt_layer,0.209446,0.0066,0.200416,0.223907,60,0.303306,93.694257
ssd_mobilenet_v2,tensorrt_fp16,60,StatefulPartitionedCall/ssd_mobile_net_v2keras_feature_extractor/functional_1/block_16_expand/Conv2D + StatefulPartitionedCall/ssd_mobile_net_v2keras_feature_extractor/functional_1/block_16_expand_relu/Relu6,tensorrt,trt_layer,0.200782,0.004606,0.196615,0.233646,60,0.29076,94.287534
ssd_mobilenet_v2,tensorrt_fp16,81,Reformatting CopyNode for Input Tensor 0 to StatefulPartitionedCall/ssd_mobile_net_v2keras_feature_extractor/functional_1/block_16_depthwise/depthwise + StatefulPartitionedCall/ssd_mobile_net_v2keras_feature_extractor/functional_1/block_16_depthwise_relu/Relu6,tensorrt,trt_layer,0.102694,0.000783,0.101198,0.105156,60,0.148715,98.709896
ssd_mobilenet_v2,tensorrt_fp16,19,StatefulPartitionedCall/ssd_mobile_net_v2keras_feature_extractor/functional_1/block_16_depthwise/depthwise + StatefulPartitionedCall/ssd_mobile_net_v2keras_feature_extractor/functional_1/block_16_depthwise_relu/Relu6,tensorrt,trt_layer,0.468345,0.002346,0.46375,0.474844,60,0.678228,77.115574
ssd_mobilenet_v2,tensorrt_fp16,74,Reformatting CopyNode for Input Tensor 0 to StatefulPartitionedCall/ssd_mobile_net_v2keras_feature_extractor/functional_1/block_16_project/Conv2D,tensorrt,trt_layer,0.119932,0.000985,0.118437,0.12276,60,0.173678,97.607348
ssd_mobilenet_v2,tensorrt_fp16,29,StatefulPartitionedCall/ssd_mobile_net_v2keras_feature_extractor/functional_1/block_16_project/Conv2D,tensorrt,trt_layer,0.341394,0.005007,0.329947,0.349948,60,0.494385,83.089769
ssd_mobilenet_v2,tensorrt_fp16,23,StatefulPartitionedCall/ssd_mobile_net_v2keras_feature_extractor/functional_1/Conv_1/Conv2D + StatefulPartitionedCall/ssd_mobile_net_v2keras_feature_extractor/functional_1/out_relu/Relu6,tensorrt,trt_layer,0.44895,0.003556,0.441719,0.45625,60,0.650141,79.793033
ssd_mobilenet_v2,tensorrt_fp16,31,StatefulPartitionedCall/ssd_mobile_net_v2keras_feature_extractor/FeatureMaps/layer_19_1_Conv2d_2_1x1_256_conv/Conv2D + StatefulPartitionedCall/ssd_mobile_net_v2keras_feature_extractor/FeatureMaps/layer_19_1_Conv2d_2_1x1_256/Relu6,tensorrt,trt_layer,0.318245,0.001851,0.313698,0.321771,60,0.460862,84.030484
ssd_mobilenet_v2,tensorrt_fp16,12,StatefulPartitionedCall/BoxPredictor/ConvolutionalBoxHead_1/BoxEncodingPredictor/BiasAdd || StatefulPartitionedCall/BoxPredictor/ConvolutionalClassHead_1/ClassPredictor/BiasAdd,tensorrt,trt_layer,0.725871,0.01047,0.710781,0.745052,60,1.05116,71.701684
ssd_mobilenet_v2,tensorrt_fp16,84,Reformatting CopyNode for Output Tensor 0 to StatefulPartitionedCall/BoxPredictor/ConvolutionalBoxHead_1/BoxEncodingPredictor/BiasAdd || StatefulPartitionedCall/BoxPredictor/ConvolutionalClassHead_1/ClassPredictor/BiasAdd,tensorrt,trt_layer,0.064457,0.00067,0.062657,0.065677,60,0.093343,99.055815
ssd_mobilenet_v2,tensorrt_fp16,6,StatefulPartitionedCall/ssd_mobile_net_v2keras_feature_extractor/FeatureMaps/layer_19_2_Conv2d_2_3x3_s2_512_conv/Conv2D + StatefulPartitionedCall/ssd_mobile_net_v2keras_feature_extractor/FeatureMaps/layer_19_2_Conv2d_2_3x3_s2_512/Relu6,tensorrt,trt_layer,1.130936,0.007162,1.120834,1.16526,60,1.63775,64.26507
ssd_mobilenet_v2,tensorrt_fp16,76,StatefulPartitionedCall/BoxPredictor/ConvolutionalClassHead_1/ClassPredictor/BiasAdd__441 + StatefulPartitionedCall/BoxPredictor/ConvolutionalClassHead_1/Reshape,tensorrt,trt_layer,0.115567,0.001525,0.113021,0.11901,60,0.167357,97.943756
ssd_mobilenet_v2,tensorrt_fp16,102,StatefulPartitionedCall/BoxPredictor/ConvolutionalBoxHead_1/BoxEncodingPredictor/BiasAdd__444 + StatefulPartitionedCall/BoxPredictor/ConvolutionalBoxHead_1/Reshape,tensorrt,trt_layer,0.010007,0.000519,0.009114,0.011042,60,0.014492,99.723629
ssd_mobilenet_v2,tensorrt_fp16,87,StatefulPartitionedCall/ssd_mobile_net_v2keras_feature_extractor/FeatureMaps/layer_19_1_Conv2d_3_1x1_128_conv/Conv2D + StatefulPartitionedCall/ssd_mobile_net_v2keras_feature_extractor/FeatureMaps/layer_19_1_Conv2d_3_1x1_128/Relu6,tensorrt,trt_layer,0.049134,0.000997,0.047083,0.051458,60,0.071153,99.278537
ssd_mobilenet_v2,tensorrt_fp16,69,StatefulPartitionedCall/BoxPredictor/ConvolutionalBoxHead_2/BoxEncodingPredictor/BiasAdd || StatefulPartitionedCall/BoxPredictor/ConvolutionalClassHead_2/ClassPredictor/BiasAdd,tensorrt,trt_layer,0.170298,0.003698,0.165365,0.179063,60,0.246615,96.652595
ssd_mobilenet_v2,tensorrt_fp16,32,StatefulPartitionedCall/ssd_mobile_net_v2keras_feature_extractor/FeatureMaps/layer_19_2_Conv2d_3_3x3_s2_256_conv/Conv2D + StatefulPartitionedCall/ssd_mobile_net_v2keras_feature_extractor/FeatureMaps/layer_19_2_Conv2d_3_3x3_s2_256/Relu6,tensorrt,trt_layer,0.303676,0.001479,0.298958,0.30599,60,0.439764,84.470249
ssd_mobilenet_v2,tensorrt_fp16,93,Reformatting CopyNode for Input Tensor 0 to StatefulPartitionedCall/BoxPredictor/ConvolutionalClassHead_2/ClassPredictor/BiasAdd__435 + StatefulPartitionedCall/BoxPredictor/ConvolutionalClassHead_2/Reshape,tensorrt,trt_layer,0.020793,0.00058,0.019218,0.022031,60,0.030111,99.535364
ssd_mobilenet_v2,tensorrt_fp16,88,StatefulPartitionedCall/BoxPredictor/ConvolutionalClassHead_2/ClassPredictor/BiasAdd__435 + StatefulPartitionedCall/BoxPredictor/ConvolutionalClassHead_2/Reshape,tensorrt,trt_layer,0.037911,0.000293,0.037135,0.038593,60,0.0549,99.333437
ssd_mobilenet_v2,tensorrt_fp16,103,StatefulPartitionedCall/BoxPredictor/ConvolutionalBoxHead_2/BoxEncodingPredictor/BiasAdd__438 + StatefulPartitionedCall/BoxPredictor/ConvolutionalBoxHead_2/Reshape,tensorrt,trt_layer,0.009772,0.000249,0.009114,0.010312,60,0.014151,99.73778
ssd_mobilenet_v2,tensorrt_fp16,105,Reformatting CopyNode for Output Tensor 0 to StatefulPartitionedCall/BoxPredictor/ConvolutionalBoxHead_2/BoxEncodingPredictor/BiasAdd__438 + StatefulPartitionedCall/BoxPredictor/ConvolutionalBoxHead_2/Reshape,tensorrt,trt_layer,0.009352,0.000183,0.009062,0.009792,60,0.013543,99.765153
ssd_mobilenet_v2,tensorrt_fp16,94,StatefulPartitionedCall/ssd_mobile_net_v2keras_feature_extractor/FeatureMaps/layer_19_1_Conv2d_4_1x1_128_conv/Conv2D + StatefulPartitionedCall/ssd_mobile_net_v2keras_feature_extractor/FeatureMaps/layer_19_1_Conv2d_4_1x1_128/Relu6,tensorrt,trt_layer,0.020638,0.000415,0.019792,0.021563,60,0.029887,99.565251
ssd_mobilenet_v2,tensorrt_fp16,85,StatefulPartitionedCall/BoxPredictor/ConvolutionalBoxHead_3/BoxEncodingPredictor/BiasAdd || StatefulPartitionedCall/BoxPredictor/ConvolutionalClassHead_3/ClassPredictor/BiasAdd,tensorrt,trt_layer,0.053721,0.004715,0.051146,0.089427,60,0.077795,99.13361
ssd_mobilenet_v2,tensorrt_fp16,33,StatefulPartitionedCall/ssd_mobile_net_v2keras_feature_extractor/FeatureMaps/layer_19_2_Conv2d_4_3x3_s2_256_conv/Conv2D + StatefulPartitionedCall/ssd_mobile_net_v2keras_feature_extractor/FeatureMaps/layer_19_2_Conv2d_4_3x3_s2_256/Relu6,tensorrt,trt_layer,0.302409,0.002869,0.295833,0.312083,60,0.43793,84.908178
ssd_mobilenet_v2,tensorrt_fp16,91,StatefulPartitionedCall/BoxPredictor/ConvolutionalClassHead_3/ClassPredictor/BiasAdd__429 + StatefulPartitionedCall/BoxPredictor/ConvolutionalClassHead_3/Reshape,tensorrt,trt_layer,0.028886,0.003883,0.027448,0.058541,60,0.041831,99.471999
ssd_mobilenet_v2,tensorrt_fp16,119,StatefulPartitionedCall/BoxPredictor/ConvolutionalBoxHead_3/BoxEncodingPredictor/BiasAdd__432 + StatefulPartitionedCall/BoxPredictor/ConvolutionalBoxHead_3/Reshape,tensorrt,trt_layer,0.006716,0.000184,0.006302,0.007292,60,0.009726,99.922554
ssd_mobilenet_v2,tensorrt_fp16,122,Reformatting CopyNode for Output Tensor 0 to StatefulPartitionedCall/BoxPredictor/ConvolutionalBoxHead_3/BoxEncodingPredictor/BiasAdd__432 + StatefulPartitionedCall/BoxPredictor/ConvolutionalBoxHead_3/Reshape,tensorrt,trt_layer,0.005781,0.000163,0.005417,0.006302,60,0.008372,99.949612
ssd_mobilenet_v2,tensorrt_fp16,97,StatefulPartitionedCall/ssd_mobile_net_v2keras_feature_extractor/FeatureMaps/layer_19_1_Conv2d_5_1x1_64_conv/Conv2D + StatefulPartitionedCall/ssd_mobile_net_v2keras_feature_extractor/FeatureMaps/layer_19_1_Conv2d_5_1x1_64/Relu6,tensorrt,trt_layer,0.017008,0.000361,0.015989,0.017812,60,0.02463,99.64401
ssd_mobilenet_v2,tensorrt_fp16,86,StatefulPartitionedCall/BoxPredictor/ConvolutionalBoxHead_4/BoxEncodingPredictor/BiasAdd || StatefulPartitionedCall/BoxPredictor/ConvolutionalClassHead_4/ClassPredictor/BiasAdd,tensorrt,trt_layer,0.050944,0.003979,0.048281,0.075677,60,0.073774,99.207384
ssd_mobilenet_v2,tensorrt_fp16,112,Reformatting CopyNode for Output Tensor 0 to StatefulPartitionedCall/BoxPredictor/ConvolutionalBoxHead_4/BoxEncodingPredictor/BiasAdd || StatefulPartitionedCall/BoxPredictor/ConvolutionalClassHead_4/ClassPredictor/BiasAdd,tensorrt,trt_layer,0.007917,0.000243,0.007396,0.008333,60,0.011465,99.849071
ssd_mobilenet_v2,tensorrt_fp16,99,Reformatting CopyNode for Input Tensor 0 to StatefulPartitionedCall/ssd_mobile_net_v2keras_feature_extractor/FeatureMaps/layer_19_2_Conv2d_5_3x3_s2_128_conv/Conv2D + StatefulPartitionedCall/ssd_mobile_net_v2keras_feature_extractor/FeatureMaps/layer_19_2_Conv2d_5_3x3_s2_128/Relu6,tensorrt,trt_layer,0.010648,0.000258,0.010156,0.011354,60,0.01542,99.680056
ssd_mobilenet_v2,tensorrt_fp16,70,StatefulPartitionedCall/ssd_mobile_net_v2keras_feature_extractor/FeatureMaps/layer_19_2_Conv2d_5_3x3_s2_128_conv/Conv2D + StatefulPartitionedCall/ssd_mobile_net_v2keras_feature_extractor/FeatureMaps/layer_19_2_Conv2d_5_3x3_s2_128/Relu6,tensorrt,trt_layer,0.166416,0.002125,0.161146,0.169948,60,0.240993,96.893588
ssd_mobilenet_v2,tensorrt_fp16,101,StatefulPartitionedCall/BoxPredictor/ConvolutionalClassHead_4/ClassPredictor/BiasAdd__423 + StatefulPartitionedCall/BoxPredictor/ConvolutionalClassHead_4/Reshape,tensorrt,trt_layer,0.010033,0.000479,0.009531,0.011146,60,0.014529,99.709137
ssd_mobilenet_v2,tensorrt_fp16,114,StatefulPartitionedCall/BoxPredictor/ConvolutionalBoxHead_4/BoxEncodingPredictor/BiasAdd__426 + StatefulPartitionedCall/BoxPredictor/ConvolutionalBoxHead_4/Reshape,tensorrt,trt_layer,0.007663,0.006654,0.005937,0.044428,60,0.011097,99.871563
ssd_mobilenet_v2,tensorrt_fp16,100,Reformatting CopyNode for Input Tensor 0 to StatefulPartitionedCall/BoxPredictor/ConvolutionalBoxHead_5/BoxEncodingPredictor/BiasAdd || StatefulPartitionedCall/BoxPredictor/ConvolutionalClassHead_5/ClassPredictor/BiasAdd,tensorrt,trt_layer,0.010049,0.000388,0.009479,0.011615,60,0.014552,99.694608
ssd_mobilenet_v2,tensorrt_fp16,90,StatefulPartitionedCall/BoxPredictor/ConvolutionalBoxHead_5/BoxEncodingPredictor/BiasAdd || StatefulPartitionedCall/BoxPredictor/ConvolutionalClassHead_5/ClassPredictor/BiasAdd,tensorrt,trt_layer,0.030925,0.002232,0.029375,0.046927,60,0.044784,99.430168
ssd_mobilenet_v2,tensorrt_fp16,127,StatefulPartitionedCall/BoxPredictor/ConvolutionalClassHead_5/Reshape,tensorrt,trt_layer,0.004662,0.00026,0.004479,0.006302,60,0.006751,99.988306
ssd_mobilenet_v2,tensorrt_fp16,128,StatefulPartitionedCall/BoxPredictor/ConvolutionalBoxHead_5/Reshape,tensorrt,trt_layer,0.004154,0.000171,0.003854,0.004635,60,0.006016,99.994322
ssd_mobilenet_v2,tensorrt_fp16,59,StatefulPartitionedCall/BoxPredictor/ConvolutionalClassHead_0/Reshape:0 copy,tensorrt,trt_layer,0.208901,0.001,0.207708,0.211979,60,0.302517,93.996775
ssd_mobilenet_v2,tensorrt_fp16,75,StatefulPartitionedCall/BoxPredictor/ConvolutionalClassHead_1/Reshape:0 copy,tensorrt,trt_layer,0.116737,0.001372,0.114532,0.119219,60,0.169051,97.776399
ssd_mobilenet_v2,tensorrt_fp16,89,StatefulPartitionedCall/BoxPredictor/ConvolutionalClassHead_2/Reshape:0 copy,tensorrt,trt_layer,0.035872,0.000707,0.034792,0.037188,60,0.051948,99.385385
ssd_mobilenet_v2,tensorrt_fp16,96,StatefulPartitionedCall/BoxPredictor/ConvolutionalClassHead_3/Reshape:0 copy,tensorrt,trt_layer,0.01754,0.000286,0.016979,0.018489,60,0.0254,99.61938
ssd_mobilenet_v2,tensorrt_fp16,104,StatefulPartitionedCall/BoxPredictor/ConvolutionalClassHead_4/Reshape:0 copy,tensorrt,trt_layer,0.00955,0.000253,0.009167,0.01026,60,0.01383,99.75161
ssd_mobilenet_v2,tensorrt_fp16,120,StatefulPartitionedCall/BoxPredictor/ConvolutionalClassHead_5/Reshape:0 copy,tensorrt,trt_layer,0.0067,0.00024,0.00625,0.007344,60,0.009703,99.932256
ssd_mobilenet_v2,tensorrt_fp16,77,PWN(StatefulPartitionedCall/Postprocessor/convert_scores),tensorrt,trt_layer,0.110676,0.000787,0.109323,0.112917,60,0.160274,98.10403
ssd_mobilenet_v2,tensorrt_fp16,92,StatefulPartitionedCall/Squeeze + StatefulPartitionedCall/Postprocessor/Reshape_1 + StatefulPartitionedCall/Postprocessor/Decode/transpose,tensorrt,trt_layer,0.022963,0.000666,0.022291,0.025052,60,0.033254,99.505253
ssd_mobilenet_v2,tensorrt_fp16,113,StatefulPartitionedCall/Postprocessor/Decode/unstack,tensorrt,trt_layer,0.007869,0.000302,0.007395,0.008854,60,0.011395,99.860466
ssd_mobilenet_v2,tensorrt_fp16,121,StatefulPartitionedCall/Postprocessor/Decode/unstack_1,tensorrt,trt_layer,0.006204,0.000231,0.005677,0.006667,60,0.008984,99.94124
ssd_mobilenet_v2,tensorrt_fp16,126,StatefulPartitionedCall/Postprocessor/Decode/unstack_2,tensorrt,trt_layer,0.005323,0.000206,0.004896,0.005781,60,0.007708,99.981555
ssd_mobilenet_v2,tensorrt_fp16,123,StatefulPartitionedCall/Postprocessor/Decode/unstack_3,tensorrt,trt_layer,0.00569,0.000271,0.00526,0.006511,60,0.00824,99.957852
ssd_mobilenet_v2,tensorrt_fp16,129,StatefulPartitionedCall/Postprocessor/Decode/truediv_1:0,tensorrt,trt_layer,0.0007,8.1e-05,0.000521,0.000885,60,0.001014,99.995336
ssd_mobilenet_v2,tensorrt_fp16,133,StatefulPartitionedCall/Postprocessor/Decode/truediv:0,tensorrt,trt_layer,0.000638,2.3e-05,0.000625,0.000678,60,0.000924,99.999076
ssd_mobilenet_v2,tensorrt_fp16,131,StatefulPartitionedCall/Postprocessor/Decode/get_center_coordinates_and_sizes/add_1:0,tensorrt,trt_layer,0.00064,2.3e-05,0.000625,0.000678,60,0.000927,99.997225
ssd_mobilenet_v2,tensorrt_fp16,106,"PWN(StatefulPartitionedCall/Postprocessor/Decode/mul_3, StatefulPartitionedCall/Postprocessor/Decode/add_1)",tensorrt,trt_layer,0.008467,0.000282,0.007813,0.009635,60,0.012261,99.777414
ssd_mobilenet_v2,tensorrt_fp16,134,StatefulPartitionedCall/Postprocessor/Decode/get_center_coordinates_and_sizes/add:0,tensorrt,trt_layer,0.000638,2.4e-05,0.000625,0.000729,60,0.000924,100.0
ssd_mobilenet_v2,tensorrt_fp16,108,"PWN(StatefulPartitionedCall/Postprocessor/Decode/mul_2, StatefulPartitionedCall/Postprocessor/Decode/add)",tensorrt,trt_layer,0.008412,0.000168,0.008125,0.008906,60,0.012182,99.801796
ssd_mobilenet_v2,tensorrt_fp16,130,StatefulPartitionedCall/Postprocessor/Decode/get_center_coordinates_and_sizes/sub:0,tensorrt,trt_layer,0.000665,5.1e-05,0.000625,0.000782,60,0.000963,99.996299
ssd_mobilenet_v2,tensorrt_fp16,132,StatefulPartitionedCall/Postprocessor/Decode/get_center_coordinates_and_sizes/sub_1:0,tensorrt,trt_layer,0.00064,2.5e-05,0.000625,0.000729,60,0.000927,99.998152
ssd_mobilenet_v2,tensorrt_fp16,116,"PWN(ConstantFolding/StatefulPartitionedCall/Postprocessor/Decode/truediv_5_recip:0 + (Unnamed Layer* 207) [Shuffle], PWN(PWN(PWN(PWN(ConstantFolding/StatefulPartitionedCall/Postprocessor/Decode/truediv_3_recip:0 + (Unnamed Layer* 187) [Shuffle], StatefulPartitionedCall/Postprocessor/Decode/truediv_3), StatefulPartitionedCall/Postprocessor/Decode/Exp), StatefulPartitionedCall/Postprocessor/Decode/mul), StatefulPartitionedCall/Postprocessor/Decode/truediv_7))",tensorrt,trt_layer,0.007309,0.000259,0.006927,0.007917,60,0.010584,99.892978
ssd_mobilenet_v2,tensorrt_fp16,115,"PWN(ConstantFolding/StatefulPartitionedCall/Postprocessor/Decode/truediv_5_recip:0_5 + (Unnamed Layer* 210) [Shuffle], PWN(PWN(PWN(PWN(ConstantFolding/StatefulPartitionedCall/Postprocessor/Decode/truediv_3_recip:0_4 + (Unnamed Layer* 190) [Shuffle], StatefulPartitionedCall/Postprocessor/Decode/truediv_2), StatefulPartitionedCall/Postprocessor/Decode/Exp_1), StatefulPartitionedCall/Postprocessor/Decode/mul_1), StatefulPartitionedCall/Postprocessor/Decode/truediv_6))",tensorrt,trt_layer,0.007479,0.000221,0.007031,0.008021,60,0.010831,99.882394
ssd_mobilenet_v2,tensorrt_fp16,118,StatefulPartitionedCall/Postprocessor/Decode/sub_1,tensorrt,trt_layer,0.006783,0.000192,0.006302,0.007188,60,0.009823,99.912828
ssd_mobilenet_v2,tensorrt_fp16,117,StatefulPartitionedCall/Postprocessor/Decode/add_3,tensorrt,trt_layer,0.006924,0.000235,0.006406,0.007395,60,0.010027,99.903005
ssd_mobilenet_v2,tensorrt_fp16,125,StatefulPartitionedCall/Postprocessor/Decode/sub,tensorrt,trt_layer,0.005485,0.000156,0.005156,0.005833,60,0.007943,99.973847
ssd_mobilenet_v2,tensorrt_fp16,124,StatefulPartitionedCall/Postprocessor/Decode/add_2,tensorrt,trt_layer,0.00556,0.000222,0.005156,0.00599,60,0.008052,99.965904
ssd_mobilenet_v2,tensorrt_fp16,107,StatefulPartitionedCall/Postprocessor/Decode/stack_Unsqueeze__731:0 copy,tensorrt,trt_layer,0.008425,0.000272,0.008021,0.009218,60,0.012201,99.789615
ssd_mobilenet_v2,tensorrt_fp16,111,StatefulPartitionedCall/Postprocessor/Decode/stack_Unsqueeze__732:0 copy,tensorrt,trt_layer,0.008182,0.000147,0.007865,0.008802,60,0.011849,99.837606
ssd_mobilenet_v2,tensorrt_fp16,110,StatefulPartitionedCall/Postprocessor/Decode/stack_Unsqueeze__733:0 copy,tensorrt,trt_layer,0.00821,0.000176,0.007865,0.008907,60,0.011889,99.825757
ssd_mobilenet_v2,tensorrt_fp16,109,StatefulPartitionedCall/Postprocessor/Decode/stack_Unsqueeze__734:0 copy,tensorrt,trt_layer,0.008336,0.000173,0.008021,0.008698,60,0.012072,99.813868
ssd_mobilenet_v2,tensorrt_fp16,95,StatefulPartitionedCall/Postprocessor/Decode/transpose_1 + StatefulPartitionedCall/Postprocessor/Reshape_2 + StatefulPartitionedCall/Postprocessor/ExpandDims_1 + StatefulPartitionedCall/Postprocessor/Squeeze,tensorrt,trt_layer,0.019839,0.000344,0.019375,0.020782,60,0.02873,99.59398
ssd_mobilenet_v2,tensorrt_fp32,51,"PWN(StatefulPartitionedCall/Preprocessor/mul/x:0 + (Unnamed Layer* 2) [Shuffle] + StatefulPartitionedCall/Preprocessor/mul, PWN(StatefulPartitionedCall/Preprocessor/sub/y:0 + (Unnamed Layer* 5) [Shuffle], StatefulPartitionedCall/Preprocessor/sub))",tensorrt,trt_layer,0.248017,0.096189,0.139948,0.736094,60,0.342704,94.082458
ssd_mobilenet_v2,tensorrt_fp32,56,StatefulPartitionedCall/Preprocessor/unstack,tensorrt,trt_layer,0.235046,0.079599,0.157812,0.583698,60,0.324781,95.726065
ssd_mobilenet_v2,tensorrt_fp32,15,Transpose__24,tensorrt,trt_layer,0.675076,0.044091,0.648437,0.822083,60,0.932804,73.346222
ssd_mobilenet_v2,tensorrt_fp32,23,Resize__36,tensorrt,trt_layer,0.472466,0.000677,0.471198,0.474166,60,0.652842,79.622501
ssd_mobilenet_v2,tensorrt_fp32,12,StatefulPartitionedCall/ssd_mobile_net_v2keras_feature_extractor/functional_1/Conv1/Conv2D + StatefulPartitionedCall/ssd_mobile_net_v2keras_feature_extractor/functional_1/Conv1_relu/Relu6,tensorrt,trt_layer,0.849771,0.004703,0.841511,0.863281,60,1.174193,70.366524
ssd_mobilenet_v2,tensorrt_fp32,6,StatefulPartitionedCall/ssd_mobile_net_v2keras_feature_extractor/functional_1/expanded_conv_depthwise/depthwise + StatefulPartitionedCall/ssd_mobile_net_v2keras_feature_extractor/functional_1/expanded_conv_depthwise_relu/Relu6,tensorrt,trt_layer,1.218479,0.010152,1.191563,1.240156,60,1.683665,62.806542
ssd_mobilenet_v2,tensorrt_fp32,13,StatefulPartitionedCall/ssd_mobile_net_v2keras_feature_extractor/functional_1/expanded_conv_project/Conv2D,tensorrt,trt_layer,0.79788,0.005174,0.790886,0.810678,60,1.102492,71.469015
ssd_mobilenet_v2,tensorrt_fp32,3,StatefulPartitionedCall/ssd_mobile_net_v2keras_feature_extractor/functional_1/block_1_expand/Conv2D + StatefulPartitionedCall/ssd_mobile_net_v2keras_feature_extractor/functional_1/block_1_expand_relu/Relu6,tensorrt,trt_layer,1.752279,0.006792,1.740677,1.775416,60,2.421257,57.160627
ssd_mobilenet_v2,tensorrt_fp32,2,StatefulPartitionedCall/ssd_mobile_net_v2keras_feature_extractor/functional_1/block_1_depthwise/depthwise + StatefulPartitionedCall/ssd_mobile_net_v2keras_feature_extractor/functional_1/block_1_depthwise_relu/Relu6,tensorrt,trt_layer,1.959789,0.01797,1.934583,2.035469,60,2.70799,54.739369
ssd_mobilenet_v2,tensorrt_fp32,33,StatefulPartitionedCall/ssd_mobile_net_v2keras_feature_extractor/functional_1/block_1_project/Conv2D,tensorrt,trt_layer,0.409191,0.002531,0.404011,0.420781,60,0.56541,85.70087
ssd_mobilenet_v2,tensorrt_fp32,9,StatefulPartitionedCall/ssd_mobile_net_v2keras_feature_extractor/functional_1/block_2_expand/Conv2D + StatefulPartitionedCall/ssd_mobile_net_v2keras_feature_extractor/functional_1/block_2_expand_relu/Relu6,tensorrt,trt_layer,0.859898,0.005761,0.848698,0.874531,60,1.188187,66.830636
ssd_mobilenet_v2,tensorrt_fp32,5,StatefulPartitionedCall/ssd_mobile_net_v2keras_feature_extractor/functional_1/block_2_depthwise/depthwise + StatefulPartitionedCall/ssd_mobile_net_v2keras_feature_extractor/functional_1/block_2_depthwise_relu/Relu6,tensorrt,trt_layer,1.39373,0.013375,1.371406,1.431875,60,1.925823,61.122877
ssd_mobilenet_v2,tensorrt_fp32,20,StatefulPartitionedCall/ssd_mobile_net_v2keras_feature_extractor/functional_1/block_2_project/Conv2D + StatefulPartitionedCall/ssd_mobile_net_v2keras_feature_extractor/functional_1/block_2_add/add,tensorrt,trt_layer,0.578992,0.005035,0.571823,0.595937,60,0.800037,77.428121
ssd_mobilenet_v2,tensorrt_fp32,10,StatefulPartitionedCall/ssd_mobile_net_v2keras_feature_extractor/functional_1/block_3_expand/Conv2D + StatefulPartitionedCall/ssd_mobile_net_v2keras_feature_extractor/functional_1/block_3_expand_relu/Relu6,tensorrt,trt_layer,0.858616,0.003422,0.852656,0.869479,60,1.186415,68.017051
ssd_mobilenet_v2,tensorrt_fp32,8,StatefulPartitionedCall/ssd_mobile_net_v2keras_feature_extractor/functional_1/block_3_depthwise/depthwise + StatefulPartitionedCall/ssd_mobile_net_v2keras_feature_extractor/functional_1/block_3_depthwise_relu/Relu6,tensorrt,trt_layer,0.938366,0.014395,0.915417,0.980729,60,1.296612,65.64245
ssd_mobilenet_v2,tensorrt_fp32,64,StatefulPartitionedCall/ssd_mobile_net_v2keras_feature_extractor/functional_1/block_3_project/Conv2D,tensorrt,trt_layer,0.18209,0.003506,0.175521,0.190989,60,0.251608,97.949325
ssd_mobilenet_v2,tensorrt_fp32,45,StatefulPartitionedCall/ssd_mobile_net_v2keras_feature_extractor/functional_1/block_4_expand/Conv2D + StatefulPartitionedCall/ssd_mobile_net_v2keras_feature_extractor/functional_1/block_4_expand_relu/Relu6,tensorrt,trt_layer,0.304551,0.002322,0.296041,0.308438,60,0.420821,91.769312
ssd_mobilenet_v2,tensorrt_fp32,24,StatefulPartitionedCall/ssd_mobile_net_v2keras_feature_extractor/functional_1/block_4_depthwise/depthwise + StatefulPartitionedCall/ssd_mobile_net_v2keras_feature_extractor/functional_1/block_4_depthwise_relu/Relu6,tensorrt,trt_layer,0.466029,0.003148,0.463125,0.486406,60,0.643948,80.266448
ssd_mobilenet_v2,tensorrt_fp32,58,StatefulPartitionedCall/ssd_mobile_net_v2keras_feature_extractor/functional_1/block_4_project/Conv2D + StatefulPartitionedCall/ssd_mobile_net_v2keras_feature_extractor/functional_1/block_4_add/add,tensorrt,trt_layer,0.222979,0.006911,0.20875,0.240364,60,0.308107,96.342626
ssd_mobilenet_v2,tensorrt_fp32,47,StatefulPartitionedCall/ssd_mobile_net_v2keras_feature_extractor/functional_1/block_5_expand/Conv2D + StatefulPartitionedCall/ssd_mobile_net_v2keras_feature_extractor/functional_1/block_5_expand_relu/Relu6,tensorrt,trt_layer,0.300592,0.00307,0.294322,0.312604,60,0.415351,92.601083
ssd_mobilenet_v2,tensorrt_fp32,25,StatefulPartitionedCall/ssd_mobile_net_v2keras_feature_extractor/functional_1/block_5_depthwise/depthwise + StatefulPartitionedCall/ssd_mobile_net_v2keras_feature_extractor/functional_1/block_5_depthwise_relu/Relu6,tensorrt,trt_layer,0.465741,0.002047,0.462396,0.474791,60,0.64355,80.909998
ssd_mobilenet_v2,tensorrt_fp32,57,StatefulPartitionedCall/ssd_mobile_net_v2keras_feature_extractor/functional_1/block_5_project/Conv2D + StatefulPartitionedCall/ssd_mobile_net_v2keras_feature_extractor/functional_1/block_5_add/add,tensorrt,trt_layer,0.22323,0.005272,0.21125,0.233125,60,0.308454,96.034519
ssd_mobilenet_v2,tensorrt_fp32,46,StatefulPartitionedCall/ssd_mobile_net_v2keras_feature_extractor/functional_1/block_6_expand/Conv2D + StatefulPartitionedCall/ssd_mobile_net_v2keras_feature_extractor/functional_1/block_6_expand_relu/Relu6,tensorrt,trt_layer,0.301366,0.002266,0.296458,0.307188,60,0.41642,92.185732
ssd_mobilenet_v2,tensorrt_fp32,49,StatefulPartitionedCall/ssd_mobile_net_v2keras_feature_extractor/functional_1/block_6_depthwise/depthwise + StatefulPartitionedCall/ssd_mobile_net_v2keras_feature_extractor/functional_1/block_6_depthwise_relu/Relu6,tensorrt,trt_layer,0.271553,0.005252,0.264428,0.298229,60,0.375225,93.3831
ssd_mobilenet_v2,tensorrt_fp32,67,StatefulPartitionedCall/ssd_mobile_net_v2keras_feature_extractor/functional_1/block_6_project/Conv2D,tensorrt,trt_layer,0.117163,0.00217,0.109479,0.123334,60,0.161893,98.516117
ssd_mobilenet_v2,tensorrt_fp32,52,StatefulPartitionedCall/ssd_mobile_net_v2keras_feature_extractor/functional_1/block_7_expand/Conv2D + StatefulPartitionedCall/ssd_mobile_net_v2keras_feature_extractor/functional_1/block_7_expand_relu/Relu6,tensorrt,trt_layer,0.240862,0.004516,0.225989,0.250989,60,0.332817,94.415275
ssd_mobilenet_v2,tensorrt_fp32,38,StatefulPartitionedCall/ssd_mobile_net_v2keras_feature_extractor/functional_1/block_7_depthwise/depthwise + StatefulPartitionedCall/ssd_mobile_net_v2keras_feature_extractor/functional_1/block_7_depthwise_relu/Relu6,tensorrt,trt_layer,0.374448,0.001324,0.371511,0.378282,60,0.517403,88.343615
ssd_mobilenet_v2,tensorrt_fp32,61,StatefulPartitionedCall/ssd_mobile_net_v2keras_feature_extractor/functional_1/block_7_project/Conv2D + StatefulPartitionedCall/ssd_mobile_net_v2keras_feature_extractor/functional_1/block_7_add/add,tensorrt,trt_layer,0.19136,0.005004,0.178541,0.19875,60,0.264417,97.181171
ssd_mobilenet_v2,tensorrt_fp32,55,StatefulPartitionedCall/ssd_mobile_net_v2keras_feature_extractor/functional_1/block_8_expand/Conv2D + StatefulPartitionedCall/ssd_mobile_net_v2keras_feature_extractor/functional_1/block_8_expand_relu/Relu6,tensorrt,trt_layer,0.237161,0.004049,0.225469,0.245364,60,0.327703,95.401285
ssd_mobilenet_v2,tensorrt_fp32,39,StatefulPartitionedCall/ssd_mobile_net_v2keras_feature_extractor/functional_1/block_8_depthwise/depthwise + StatefulPartitionedCall/ssd_mobile_net_v2keras_feature_extractor/functional_1/block_8_depthwise_relu/Relu6,tensorrt,trt_layer,0.374431,0.001044,0.371979,0.376615,60,0.51738,88.860995
ssd_mobilenet_v2,tensorrt_fp32,63,StatefulPartitionedCall/ssd_mobile_net_v2keras_feature_extractor/functional_1/block_8_project/Conv2D + StatefulPartitionedCall/ssd_mobile_net_v2keras_feature_extractor/functional_1/block_8_add/add,tensorrt,trt_layer,0.186451,0.004237,0.175417,0.201042,60,0.257634,97.697718
ssd_mobilenet_v2,tensorrt_fp32,53,StatefulPartitionedCall/ssd_mobile_net_v2keras_feature_extractor/functional_1/block_9_expand/Conv2D + StatefulPartitionedCall/ssd_mobile_net_v2keras_feature_extractor/functional_1/block_9_expand_relu/Relu6,tensorrt,trt_layer,0.238317,0.005444,0.225938,0.268854,60,0.329301,94.744576
ssd_mobilenet_v2,tensorrt_fp32,37,StatefulPartitionedCall/ssd_mobile_net_v2keras_feature_extractor/functional_1/block_9_depthwise/depthwise + StatefulPartitionedCall/ssd_mobile_net_v2keras_feature_extractor/functional_1/block_9_depthwise_relu/Relu6,tensorrt,trt_layer,0.375478,0.002512,0.372396,0.384114,60,0.518827,87.826212
ssd_mobilenet_v2,tensorrt_fp32,62,StatefulPartitionedCall/ssd_mobile_net_v2keras_feature_extractor/functional_1/block_9_project/Conv2D + StatefulPartitionedCall/ssd_mobile_net_v2keras_feature_extractor/functional_1/block_9_add/add,tensorrt,trt_layer,0.187377,0.002767,0.180938,0.192552,60,0.258913,97.440084
ssd_mobilenet_v2,tensorrt_fp32,54,StatefulPartitionedCall/ssd_mobile_net_v2keras_feature_extractor/functional_1/block_10_expand/Conv2D + StatefulPartitionedCall/ssd_mobile_net_v2keras_feature_extractor/functional_1/block_10_expand_relu/Relu6,tensorrt,trt_layer,0.238103,0.003287,0.227083,0.243646,60,0.329005,95.073581
ssd_mobilenet_v2,tensorrt_fp32,40,StatefulPartitionedCall/ssd_mobile_net_v2keras_feature_extractor/functional_1/block_10_depthwise/depthwise + StatefulPartitionedCall/ssd_mobile_net_v2keras_feature_extractor/functional_1/block_10_depthwise_relu/Relu6,tensorrt,trt_layer,0.374373,0.001152,0.371875,0.377031,60,0.5173,89.378295
ssd_mobilenet_v2,tensorrt_fp32,44,StatefulPartitionedCall/ssd_mobile_net_v2keras_feature_extractor/functional_1/block_10_project/Conv2D,tensorrt,trt_layer,0.321946,0.004637,0.313281,0.337187,60,0.444857,91.348491
ssd_mobilenet_v2,tensorrt_fp32,28,StatefulPartitionedCall/ssd_mobile_net_v2keras_feature_extractor/functional_1/block_11_expand/Conv2D + StatefulPartitionedCall/ssd_mobile_net_v2keras_feature_extractor/functional_1/block_11_expand_relu/Relu6,tensorrt,trt_layer,0.444733,0.002686,0.437031,0.45276,60,0.614521,82.772461
ssd_mobilenet_v2,tensorrt_fp32,22,StatefulPartitionedCall/ssd_mobile_net_v2keras_feature_extractor/functional_1/block_11_depthwise/depthwise + StatefulPartitionedCall/ssd_mobile_net_v2keras_feature_extractor/functional_1/block_11_depthwise_relu/Relu6,tensorrt,trt_layer,0.557493,0.001468,0.554323,0.561094,60,0.770331,78.969658
ssd_mobilenet_v2,tensorrt_fp32,27,StatefulPartitionedCall/ssd_mobile_net_v2keras_feature_extractor/functional_1/block_11_project/Conv2D + StatefulPartitionedCall/ssd_mobile_net_v2keras_feature_extractor/functional_1/block_11_add/add,tensorrt,trt_layer,0.450738,0.007734,0.435938,0.462916,60,0.622819,82.15794
ssd_mobilenet_v2,tensorrt_fp32,29,StatefulPartitionedCall/ssd_mobile_net_v2keras_feature_extractor/functional_1/block_12_expand/Conv2D + StatefulPartitionedCall/ssd_mobile_net_v2keras_feature_extractor/functional_1/block_12_expand_relu/Relu6,tensorrt,trt_layer,0.441264,0.003143,0.435729,0.457084,60,0.609728,83.382189
ssd_mobilenet_v2,tensorrt_fp32,21,StatefulPartitionedCall/ssd_mobile_net_v2keras_feature_extractor/functional_1/block_12_depthwise/depthwise + StatefulPartitionedCall/ssd_mobile_net_v2keras_feature_extractor/functional_1/block_12_depthwise_relu/Relu6,tensorrt,trt_layer,0.558127,0.002223,0.554895,0.565625,60,0.771207,78.199328
ssd_mobilenet_v2,tensorrt_fp32,26,StatefulPartitionedCall/ssd_mobile_net_v2keras_feature_extractor/functional_1/block_12_project/Conv2D + StatefulPartitionedCall/ssd_mobile_net_v2keras_feature_extractor/functional_1/block_12_add/add,tensorrt,trt_layer,0.452405,0.005457,0.440573,0.466666,60,0.625122,81.535121
ssd_mobilenet_v2,tensorrt_fp32,30,StatefulPartitionedCall/ssd_mobile_net_v2keras_feature_extractor/functional_1/block_13_expand/Conv2D + StatefulPartitionedCall/ssd_mobile_net_v2keras_feature_extractor/functional_1/block_13_expand_relu/Relu6,tensorrt,trt_layer,0.440749,0.00236,0.433438,0.445468,60,0.609016,83.991206
ssd_mobilenet_v2,tensorrt_fp32,31,StatefulPartitionedCall/ssd_mobile_net_v2keras_feature_extractor/functional_1/block_13_depthwise/depthwise + StatefulPartitionedCall/ssd_mobile_net_v2keras_feature_extractor/functional_1/block_13_depthwise_relu/Relu6,tensorrt,trt_layer,0.418105,0.005983,0.412864,0.457396,60,0.577728,84.568933
ssd_mobilenet_v2,tensorrt_fp32,7,StatefulPartitionedCall/BoxPredictor/ConvolutionalBoxHead_0/BoxEncodingPredictor/BiasAdd || StatefulPartitionedCall/BoxPredictor/ConvolutionalClassHead_0/ClassPredictor/BiasAdd,tensorrt,trt_layer,1.113998,0.007279,1.096355,1.134166,60,1.539296,64.345838
ssd_mobilenet_v2,tensorrt_fp32,50,StatefulPartitionedCall/ssd_mobile_net_v2keras_feature_extractor/functional_1/block_13_project/Conv2D,tensorrt,trt_layer,0.258113,0.006827,0.246406,0.296093,60,0.356654,93.739754
ssd_mobilenet_v2,tensorrt_fp32,59,StatefulPartitionedCall/BoxPredictor/ConvolutionalClassHead_0/ClassPredictor/BiasAdd__447 + StatefulPartitionedCall/BoxPredictor/ConvolutionalClassHead_0/Reshape,tensorrt,trt_layer,0.22147,0.005894,0.217813,0.253802,60,0.306022,96.648648
ssd_mobilenet_v2,tensorrt_fp32,85,StatefulPartitionedCall/BoxPredictor/ConvolutionalBoxHead_0/BoxEncodingPredictor/BiasAdd__724 + StatefulPartitionedCall/BoxPredictor/ConvolutionalBoxHead_0/Reshape,tensorrt,trt_layer,0.015199,0.000417,0.014219,0.017083,60,0.021002,99.69916
ssd_mobilenet_v2,tensorrt_fp32,43,StatefulPartitionedCall/ssd_mobile_net_v2keras_feature_extractor/functional_1/block_14_expand/Conv2D + StatefulPartitionedCall/ssd_mobile_net_v2keras_feature_extractor/functional_1/block_14_expand_relu/Relu6,tensorrt,trt_layer,0.366668,0.002007,0.360782,0.372552,60,0.506653,90.903634
ssd_mobilenet_v2,tensorrt_fp32,17,StatefulPartitionedCall/ssd_mobile_net_v2keras_feature_extractor/functional_1/block_14_depthwise/depthwise + StatefulPartitionedCall/ssd_mobile_net_v2keras_feature_extractor/functional_1/block_14_depthwise_relu/Relu6,tensorrt,trt_layer,0.584883,0.001627,0.581823,0.591406,60,0.808177,75.012097
ssd_mobilenet_v2,tensorrt_fp32,35,StatefulPartitionedCall/ssd_mobile_net_v2keras_feature_extractor/functional_1/block_14_project/Conv2D + StatefulPartitionedCall/ssd_mobile_net_v2keras_feature_extractor/functional_1/block_14_add/add,tensorrt,trt_layer,0.381619,0.004886,0.372709,0.400937,60,0.527312,86.786102
ssd_mobilenet_v2,tensorrt_fp32,41,StatefulPartitionedCall/ssd_mobile_net_v2keras_feature_extractor/functional_1/block_15_expand/Conv2D + StatefulPartitionedCall/ssd_mobile_net_v2keras_feature_extractor/functional_1/block_15_expand_relu/Relu6,tensorrt,trt_layer,0.369045,0.007237,0.355781,0.399114,60,0.509938,89.888233
ssd_mobilenet_v2,tensorrt_fp32,19,StatefulPartitionedCall/ssd_mobile_net_v2keras_feature_extractor/functional_1/block_15_depthwise/depthwise + StatefulPartitionedCall/ssd_mobile_net_v2keras_feature_extractor/functional_1/block_15_depthwise_relu/Relu6,tensorrt,trt_layer,0.584692,0.00279,0.580365,0.595,60,0.807913,76.628084
ssd_mobilenet_v2,tensorrt_fp32,36,StatefulPartitionedCall/ssd_mobile_net_v2keras_feature_extractor/functional_1/block_15_project/Conv2D + StatefulPartitionedCall/ssd_mobile_net_v2keras_feature_extractor/functional_1/block_15_add/add,tensorrt,trt_layer,0.377256,0.003869,0.369896,0.389896,60,0.521283,87.307386
ssd_mobilenet_v2,tensorrt_fp32,42,StatefulPartitionedCall/ssd_mobile_net_v2keras_feature_extractor/functional_1/block_16_expand/Conv2D + StatefulPartitionedCall/ssd_mobile_net_v2keras_feature_extractor/functional_1/block_16_expand_relu/Relu6,tensorrt,trt_layer,0.368184,0.003756,0.361719,0.388855,60,0.508748,90.39698
ssd_mobilenet_v2,tensorrt_fp32,18,StatefulPartitionedCall/ssd_mobile_net_v2keras_feature_extractor/functional_1/block_16_depthwise/depthwise + StatefulPartitionedCall/ssd_mobile_net_v2keras_feature_extractor/functional_1/block_16_depthwise_relu/Relu6,tensorrt,trt_layer,0.584808,0.002744,0.580261,0.592657,60,0.808074,75.820171
ssd_mobilenet_v2,tensorrt_fp32,14,StatefulPartitionedCall/ssd_mobile_net_v2keras_feature_extractor/functional_1/block_16_project/Conv2D,tensorrt,trt_layer,0.68347,0.002827,0.677552,0.692292,60,0.944403,72.413418
ssd_mobilenet_v2,tensorrt_fp32,11,StatefulPartitionedCall/ssd_mobile_net_v2keras_feature_extractor/functional_1/Conv_1/Conv2D + StatefulPartitionedCall/ssd_mobile_net_v2keras_feature_extractor/functional_1/out_relu/Relu6,tensorrt,trt_layer,0.850557,0.007238,0.832344,0.882031,60,1.175279,69.192331
ssd_mobilenet_v2,tensorrt_fp32,16,StatefulPartitionedCall/ssd_mobile_net_v2keras_feature_extractor/FeatureMaps/layer_19_1_Conv2d_2_1x1_256_conv/Conv2D + StatefulPartitionedCall/ssd_mobile_net_v2keras_feature_extractor/FeatureMaps/layer_19_1_Conv2d_2_1x1_256/Relu6,tensorrt,trt_layer,0.620721,0.003598,0.615521,0.629218,60,0.857697,74.203919
ssd_mobilenet_v2,tensorrt_fp32,4,StatefulPartitionedCall/BoxPredictor/ConvolutionalBoxHead_1/BoxEncodingPredictor/BiasAdd || StatefulPartitionedCall/BoxPredictor/ConvolutionalClassHead_1/ClassPredictor/BiasAdd,tensorrt,trt_layer,1.473775,0.016003,1.424271,1.499427,60,2.036427,59.197054
ssd_mobilenet_v2,tensorrt_fp32,1,StatefulPartitionedCall/ssd_mobile_net_v2keras_feature_extractor/FeatureMaps/layer_19_2_Conv2d_2_3x3_s2_512_conv/Conv2D + StatefulPartitionedCall/ssd_mobile_net_v2keras_feature_extractor/FeatureMaps/layer_19_2_Conv2d_2_3x3_s2_512/Relu6,tensorrt,trt_layer,37.655433,278.407535,1.399427,2176.144287,60,52.03138,52.03138
ssd_mobilenet_v2,tensorrt_fp32,66,StatefulPartitionedCall/BoxPredictor/ConvolutionalClassHead_1/ClassPredictor/BiasAdd__441 + StatefulPartitionedCall/BoxPredictor/ConvolutionalClassHead_1/Reshape,tensorrt,trt_layer,0.127818,0.001837,0.125312,0.1375,60,0.176616,98.354224
ssd_mobilenet_v2,tensorrt_fp32,88,StatefulPartitionedCall/BoxPredictor/ConvolutionalBoxHead_1/BoxEncodingPredictor/BiasAdd__444 + StatefulPartitionedCall/BoxPredictor/ConvolutionalBoxHead_1/Reshape,tensorrt,trt_layer,0.010477,0.000503,0.009792,0.012031,60,0.014477,99.745663
ssd_mobilenet_v2,tensorrt_fp32,72,StatefulPartitionedCall/ssd_mobile_net_v2keras_feature_extractor/FeatureMaps/layer_19_1_Conv2d_3_1x1_128_conv/Conv2D + StatefulPartitionedCall/ssd_mobile_net_v2keras_feature_extractor/FeatureMaps/layer_19_1_Conv2d_3_1x1_128/Relu6,tensorrt,trt_layer,0.074386,0.001143,0.072552,0.078854,60,0.102785,99.175881
ssd_mobilenet_v2,tensorrt_fp32,48,StatefulPartitionedCall/BoxPredictor/ConvolutionalBoxHead_2/BoxEncodingPredictor/BiasAdd || StatefulPartitionedCall/BoxPredictor/ConvolutionalClassHead_2/ClassPredictor/BiasAdd,tensorrt,trt_layer,0.294397,0.003737,0.288802,0.305,60,0.406791,93.007874
ssd_mobilenet_v2,tensorrt_fp32,32,StatefulPartitionedCall/ssd_mobile_net_v2keras_feature_extractor/FeatureMaps/layer_19_2_Conv2d_3_3x3_s2_256_conv/Conv2D + StatefulPartitionedCall/ssd_mobile_net_v2keras_feature_extractor/FeatureMaps/layer_19_2_Conv2d_3_3x3_s2_256/Relu6,tensorrt,trt_layer,0.409999,0.005486,0.404896,0.441823,60,0.566527,85.13546
ssd_mobilenet_v2,tensorrt_fp32,75,StatefulPartitionedCall/BoxPredictor/ConvolutionalClassHead_2/ClassPredictor/BiasAdd__435 + StatefulPartitionedCall/BoxPredictor/ConvolutionalClassHead_2/Reshape,tensorrt,trt_layer,0.040141,0.000564,0.038854,0.041354,60,0.055466,99.366172
ssd_mobilenet_v2,tensorrt_fp32,100,StatefulPartitionedCall/BoxPredictor/ConvolutionalBoxHead_2/BoxEncodingPredictor/BiasAdd__438 + StatefulPartitionedCall/BoxPredictor/ConvolutionalBoxHead_2/Reshape,tensorrt,trt_layer,0.006819,0.000171,0.00651,0.007292,60,0.009422,99.894264
ssd_mobilenet_v2,tensorrt_fp32,74,StatefulPartitionedCall/ssd_mobile_net_v2keras_feature_extractor/FeatureMaps/layer_19_1_Conv2d_4_1x1_128_conv/Conv2D + StatefulPartitionedCall/ssd_mobile_net_v2keras_feature_extractor/FeatureMaps/layer_19_1_Conv2d_4_1x1_128/Relu6,tensorrt,trt_layer,0.046255,0.000633,0.04474,0.048489,60,0.063914,99.310706
ssd_mobilenet_v2,tensorrt_fp32,70,StatefulPartitionedCall/BoxPredictor/ConvolutionalBoxHead_3/BoxEncodingPredictor/BiasAdd || StatefulPartitionedCall/BoxPredictor/ConvolutionalClassHead_3/ClassPredictor/BiasAdd,tensorrt,trt_layer,0.09877,0.001761,0.095053,0.103177,60,0.136478,98.955649
ssd_mobilenet_v2,tensorrt_fp32,80,Reformatting CopyNode for Output Tensor 0 to StatefulPartitionedCall/BoxPredictor/ConvolutionalBoxHead_3/BoxEncodingPredictor/BiasAdd || StatefulPartitionedCall/BoxPredictor/ConvolutionalClassHead_3/ClassPredictor/BiasAdd,tensorrt,trt_layer,0.023011,0.003098,0.021093,0.045833,60,0.031796,99.569342
ssd_mobilenet_v2,tensorrt_fp32,34,StatefulPartitionedCall/ssd_mobile_net_v2keras_feature_extractor/FeatureMaps/layer_19_2_Conv2d_4_3x3_s2_256_conv/Conv2D + StatefulPartitionedCall/ssd_mobile_net_v2keras_feature_extractor/FeatureMaps/layer_19_2_Conv2d_4_3x3_s2_256/Relu6,tensorrt,trt_layer,0.40377,0.005202,0.397865,0.426302,60,0.55792,86.25879
ssd_mobilenet_v2,tensorrt_fp32,82,Reformatting CopyNode for Input Tensor 0 to StatefulPartitionedCall/BoxPredictor/ConvolutionalClassHead_3/ClassPredictor/BiasAdd__429 + StatefulPartitionedCall/BoxPredictor/ConvolutionalClassHead_3/Reshape,tensorrt,trt_layer,0.02169,0.004106,0.019584,0.052865,60,0.029971,99.631004
ssd_mobilenet_v2,tensorrt_fp32,83,StatefulPartitionedCall/BoxPredictor/ConvolutionalClassHead_3/ClassPredictor/BiasAdd__429 + StatefulPartitionedCall/BoxPredictor/ConvolutionalClassHead_3/Reshape,tensorrt,trt_layer,0.018889,0.000307,0.018229,0.01974,60,0.0261,99.657104
ssd_mobilenet_v2,tensorrt_fp32,76,Reformatting CopyNode for Input Tensor 0 to StatefulPartitionedCall/BoxPredictor/ConvolutionalBoxHead_3/BoxEncodingPredictor/BiasAdd__432 + StatefulPartitionedCall/BoxPredictor/ConvolutionalBoxHead_3/Reshape,tensorrt,trt_layer,0.036437,0.003243,0.035157,0.061146,60,0.050348,99.41652
ssd_mobilenet_v2,tensorrt_fp32,92,StatefulPartitionedCall/BoxPredictor/ConvolutionalBoxHead_3/BoxEncodingPredictor/BiasAdd__432 + StatefulPartitionedCall/BoxPredictor/ConvolutionalBoxHead_3/Reshape,tensorrt,trt_layer,0.009884,0.000261,0.009323,0.010416,60,0.013657,99.802003
ssd_mobilenet_v2,tensorrt_fp32,78,StatefulPartitionedCall/ssd_mobile_net_v2keras_feature_extractor/FeatureMaps/layer_19_1_Conv2d_5_1x1_64_conv/Conv2D + StatefulPartitionedCall/ssd_mobile_net_v2keras_feature_extractor/FeatureMaps/layer_19_1_Conv2d_5_1x1_64/Relu6,tensorrt,trt_layer,0.030182,0.00064,0.028802,0.031354,60,0.041705,99.504444
ssd_mobilenet_v2,tensorrt_fp32,71,StatefulPartitionedCall/BoxPredictor/ConvolutionalBoxHead_4/BoxEncodingPredictor/BiasAdd || StatefulPartitionedCall/BoxPredictor/ConvolutionalClassHead_4/ClassPredictor/BiasAdd,tensorrt,trt_layer,0.084997,0.002337,0.082552,0.09573,60,0.117447,99.073096
ssd_mobilenet_v2,tensorrt_fp32,94,Reformatting CopyNode for Input Tensor 0 to StatefulPartitionedCall/ssd_mobile_net_v2keras_feature_extractor/FeatureMaps/layer_19_2_Conv2d_5_3x3_s2_128_conv/Conv2D + StatefulPartitionedCall/ssd_mobile_net_v2keras_feature_extractor/FeatureMaps/layer_19_2_Conv2d_5_3x3_s2_128/Relu6,tensorrt,trt_layer,0.009611,0.000644,0.008594,0.011146,60,0.01328,99.828896
ssd_mobilenet_v2,tensorrt_fp32,65,StatefulPartitionedCall/ssd_mobile_net_v2keras_feature_extractor/FeatureMaps/layer_19_2_Conv2d_5_3x3_s2_128_conv/Conv2D + StatefulPartitionedCall/ssd_mobile_net_v2keras_feature_extractor/FeatureMaps/layer_19_2_Conv2d_5_3x3_s2_128/Relu6,tensorrt,trt_layer,0.16521,0.00197,0.16151,0.170729,60,0.228283,98.177609
ssd_mobilenet_v2,tensorrt_fp32,89,Reformatting CopyNode for Input Tensor 0 to StatefulPartitionedCall/BoxPredictor/ConvolutionalClassHead_4/ClassPredictor/BiasAdd__423 + StatefulPartitionedCall/BoxPredictor/ConvolutionalClassHead_4/Reshape,tensorrt,trt_layer,0.010469,0.000525,0.009635,0.011667,60,0.014466,99.760129
ssd_mobilenet_v2,tensorrt_fp32,90,StatefulPartitionedCall/BoxPredictor/ConvolutionalClassHead_4/ClassPredictor/BiasAdd__423 + StatefulPartitionedCall/BoxPredictor/ConvolutionalClassHead_4/Reshape,tensorrt,trt_layer,0.010341,0.000255,0.009687,0.011146,60,0.014289,99.774418
ssd_mobilenet_v2,tensorrt_fp32,97,StatefulPartitionedCall/BoxPredictor/ConvolutionalBoxHead_4/BoxEncodingPredictor/BiasAdd__426 + StatefulPartitionedCall/BoxPredictor/ConvolutionalBoxHead_4/Reshape,tensorrt,trt_layer,0.007989,0.00036,0.007135,0.009063,60,0.011039,99.864703
ssd_mobilenet_v2,tensorrt_fp32,73,StatefulPartitionedCall/BoxPredictor/ConvolutionalBoxHead_5/BoxEncodingPredictor/BiasAdd || StatefulPartitionedCall/BoxPredictor/ConvolutionalClassHead_5/ClassPredictor/BiasAdd,tensorrt,trt_layer,0.051319,0.004822,0.048958,0.0875,60,0.070911,99.246792
ssd_mobilenet_v2,tensorrt_fp32,108,StatefulPartitionedCall/BoxPredictor/ConvolutionalClassHead_5/Reshape,tensorrt,trt_layer,0.005756,0.004768,0.004792,0.042343,60,0.007954,99.963167
ssd_mobilenet_v2,tensorrt_fp32,112,StatefulPartitionedCall/BoxPredictor/ConvolutionalBoxHead_5/Reshape,tensorrt,trt_layer,0.00436,0.000194,0.003906,0.004844,60,0.006025,99.991071
ssd_mobilenet_v2,tensorrt_fp32,60,StatefulPartitionedCall/BoxPredictor/ConvolutionalClassHead_0/Reshape:0 copy,tensorrt,trt_layer,0.19403,0.00106,0.192136,0.196823,60,0.268106,96.916754
ssd_mobilenet_v2,tensorrt_fp32,69,StatefulPartitionedCall/BoxPredictor/ConvolutionalClassHead_1/Reshape:0 copy,tensorrt,trt_layer,0.108489,0.001157,0.106718,0.111146,60,0.149908,98.819171
ssd_mobilenet_v2,tensorrt_fp32,77,StatefulPartitionedCall/BoxPredictor/ConvolutionalClassHead_2/Reshape:0 copy,tensorrt,trt_layer,0.033449,0.000488,0.032761,0.034687,60,0.046219,99.462739
ssd_mobilenet_v2,tensorrt_fp32,84,StatefulPartitionedCall/BoxPredictor/ConvolutionalClassHead_3/Reshape:0 copy,tensorrt,trt_layer,0.015237,0.000272,0.014844,0.016354,60,0.021054,99.678158
ssd_mobilenet_v2,tensorrt_fp32,95,StatefulPartitionedCall/BoxPredictor/ConvolutionalClassHead_4/Reshape:0 copy,tensorrt,trt_layer,0.009533,0.000345,0.009062,0.010938,60,0.013172,99.842069
ssd_mobilenet_v2,tensorrt_fp32,102,StatefulPartitionedCall/BoxPredictor/ConvolutionalClassHead_5/Reshape:0 copy,tensorrt,trt_layer,0.006748,0.000305,0.006145,0.007552,60,0.009324,99.912966
ssd_mobilenet_v2,tensorrt_fp32,68,PWN(StatefulPartitionedCall/Postprocessor/convert_scores),tensorrt,trt_layer,0.110833,0.000923,0.109166,0.113333,60,0.153146,98.669264
ssd_mobilenet_v2,tensorrt_fp32,79,StatefulPartitionedCall/Squeeze + StatefulPartitionedCall/Postprocessor/Reshape_1 + StatefulPartitionedCall/Postprocessor/Decode/transpose,tensorrt,trt_layer,0.023956,0.000994,0.022657,0.026354,60,0.033102,99.537546
ssd_mobilenet_v2,tensorrt_fp32,109,StatefulPartitionedCall/Postprocessor/Decode/unstack,tensorrt,trt_layer,0.005585,0.000249,0.005208,0.00599,60,0.007717,99.970885
ssd_mobilenet_v2,tensorrt_fp32,111,StatefulPartitionedCall/Postprocessor/Decode/unstack_1,tensorrt,trt_layer,0.004923,0.00024,0.004375,0.005469,60,0.006802,99.985046
ssd_mobilenet_v2,tensorrt_fp32,110,StatefulPartitionedCall/Postprocessor/Decode/unstack_2,tensorrt,trt_layer,0.005326,0.004648,0.004323,0.040989,60,0.007359,99.978244
ssd_mobilenet_v2,tensorrt_fp32,103,StatefulPartitionedCall/Postprocessor/Decode/unstack_3,tensorrt,trt_layer,0.006425,0.011154,0.004531,0.092083,60,0.008878,99.921844
ssd_mobilenet_v2,tensorrt_fp32,113,StatefulPartitionedCall/Postprocessor/Decode/truediv_1:0,tensorrt,trt_layer,0.001169,0.003396,0.000625,0.02724,60,0.001615,99.992686
ssd_mobilenet_v2,tensorrt_fp32,115,StatefulPartitionedCall/Postprocessor/Decode/truediv:0,tensorrt,trt_layer,0.001067,0.003312,0.000625,0.02651,60,0.001474,99.995679
ssd_mobilenet_v2,tensorrt_fp32,116,StatefulPartitionedCall/Postprocessor/Decode/get_center_coordinates_and_sizes/add_1:0,tensorrt,trt_layer,0.001048,0.003078,0.000625,0.024688,60,0.001448,99.997127
ssd_mobilenet_v2,tensorrt_fp32,86,"PWN(StatefulPartitionedCall/Postprocessor/Decode/mul_3, StatefulPartitionedCall/Postprocessor/Decode/add_1)",tensorrt,trt_layer,0.011767,0.00907,0.01,0.081406,60,0.016259,99.715419
ssd_mobilenet_v2,tensorrt_fp32,118,StatefulPartitionedCall/Postprocessor/Decode/get_center_coordinates_and_sizes/add:0,tensorrt,trt_layer,0.001036,0.003106,0.000625,0.024896,60,0.001432,100.0
ssd_mobilenet_v2,tensorrt_fp32,87,"PWN(StatefulPartitionedCall/Postprocessor/Decode/mul_2, StatefulPartitionedCall/Postprocessor/Decode/add)",tensorrt,trt_layer,0.011411,0.008613,0.009844,0.077552,60,0.015767,99.731187
ssd_mobilenet_v2,tensorrt_fp32,114,StatefulPartitionedCall/Postprocessor/Decode/get_center_coordinates_and_sizes/sub:0,tensorrt,trt_layer,0.001099,0.00337,0.000625,0.026979,60,0.001519,99.994205
ssd_mobilenet_v2,tensorrt_fp32,117,StatefulPartitionedCall/Postprocessor/Decode/get_center_coordinates_and_sizes/sub_1:0,tensorrt,trt_layer,0.001043,0.003106,0.000625,0.024896,60,0.001441,99.998568
ssd_mobilenet_v2,tensorrt_fp32,91,"PWN(ConstantFolding/StatefulPartitionedCall/Postprocessor/Decode/truediv_5_recip:0 + (Unnamed Layer* 207) [Shuffle], PWN(PWN(PWN(PWN(ConstantFolding/StatefulPartitionedCall/Postprocessor/Decode/truediv_3_recip:0 + (Unnamed Layer* 187) [Shuffle], StatefulPartitionedCall/Postprocessor/Decode/truediv_3), StatefulPartitionedCall/Postprocessor/Decode/Exp), StatefulPartitionedCall/Postprocessor/Decode/mul), StatefulPartitionedCall/Postprocessor/Decode/truediv_7))",tensorrt,trt_layer,0.010079,0.008312,0.008438,0.073906,60,0.013927,99.788345
ssd_mobilenet_v2,tensorrt_fp32,93,"PWN(ConstantFolding/StatefulPartitionedCall/Postprocessor/Decode/truediv_5_recip:0_5 + (Unnamed Layer* 210) [Shuffle], PWN(PWN(PWN(PWN(ConstantFolding/StatefulPartitionedCall/Postprocessor/Decode/truediv_3_recip:0_4 + (Unnamed Layer* 190) [Shuffle], StatefulPartitionedCall/Postprocessor/Decode/truediv_2), StatefulPartitionedCall/Postprocessor/Decode/Exp_1), StatefulPartitionedCall/Postprocessor/Decode/mul_1), StatefulPartitionedCall/Postprocessor/Decode/truediv_6))",tensorrt,trt_layer,0.009852,0.008006,0.008177,0.071302,60,0.013613,99.815616
ssd_mobilenet_v2,tensorrt_fp32,96,StatefulPartitionedCall/Postprocessor/Decode/sub_1,tensorrt,trt_layer,0.008392,0.012078,0.006406,0.101146,60,0.011596,99.853664
ssd_mobilenet_v2,tensorrt_fp32,98,StatefulPartitionedCall/Postprocessor/Decode/add_3,tensorrt,trt_layer,0.007697,0.010094,0.005989,0.085209,60,0.010636,99.875339
ssd_mobilenet_v2,tensorrt_fp32,99,StatefulPartitionedCall/Postprocessor/Decode/sub,tensorrt,trt_layer,0.006877,0.00902,0.00526,0.076145,60,0.009502,99.884841
ssd_mobilenet_v2,tensorrt_fp32,101,StatefulPartitionedCall/Postprocessor/Decode/add_2,tensorrt,trt_layer,0.006787,0.008578,0.00526,0.072657,60,0.009378,99.903642
ssd_mobilenet_v2,tensorrt_fp32,105,StatefulPartitionedCall/Postprocessor/Decode/stack_Unsqueeze__731:0 copy,tensorrt,trt_layer,0.006105,0.01085,0.004271,0.089427,60,0.008436,99.938789
ssd_mobilenet_v2,tensorrt_fp32,104,StatefulPartitionedCall/Postprocessor/Decode/stack_Unsqueeze__732:0 copy,tensorrt,trt_layer,0.006158,0.011519,0.004375,0.094635,60,0.008509,99.930353
ssd_mobilenet_v2,tensorrt_fp32,107,StatefulPartitionedCall/Postprocessor/Decode/stack_Unsqueeze__733:0 copy,tensorrt,trt_layer,0.005831,0.010138,0.004375,0.083698,60,0.008057,99.955214
ssd_mobilenet_v2,tensorrt_fp32,106,StatefulPartitionedCall/Postprocessor/Decode/stack_Unsqueeze__734:0 copy,tensorrt,trt_layer,0.006056,0.011919,0.004375,0.097604,60,0.008368,99.947157
ssd_mobilenet_v2,tensorrt_fp32,81,StatefulPartitionedCall/Postprocessor/Decode/transpose_1 + StatefulPartitionedCall/Postprocessor/Reshape_2 + StatefulPartitionedCall/Postprocessor/ExpandDims_1 + StatefulPartitionedCall/Postprocessor/Squeeze,tensorrt,trt_layer,0.022935,0.027149,0.018906,0.231459,60,0.031691,99.601033
ssd_mobilenet_v2,tensorrt_int8,58,"PWN(StatefulPartitionedCall/Preprocessor/mul/x:0 + (Unnamed Layer* 2) [Shuffle] + StatefulPartitionedCall/Preprocessor/mul, PWN(StatefulPartitionedCall/Preprocessor/sub/y:0 + (Unnamed Layer* 5) [Shuffle], StatefulPartitionedCall/Preprocessor/sub))",tensorrt,trt_layer,0.213933,0.027597,0.137188,0.284219,60,0.300755,96.396823
ssd_mobilenet_v2,tensorrt_int8,59,StatefulPartitionedCall/Preprocessor/unstack,tensorrt,trt_layer,0.206046,0.036493,0.158489,0.349323,60,0.289667,96.686489
ssd_mobilenet_v2,tensorrt_int8,15,Transpose__24,tensorrt,trt_layer,0.658171,0.024045,0.648281,0.759063,60,0.92528,73.183771
ssd_mobilenet_v2,tensorrt_int8,23,Resize__36,tensorrt,trt_layer,0.471847,0.000406,0.471042,0.473021,60,0.663339,79.60787
ssd_mobilenet_v2,tensorrt_int8,11,StatefulPartitionedCall/ssd_mobile_net_v2keras_feature_extractor/functional_1/Conv1/Conv2D + StatefulPartitionedCall/ssd_mobile_net_v2keras_feature_extractor/functional_1/Conv1_relu/Relu6,tensorrt,trt_layer,0.877488,0.034307,0.868177,1.092135,60,1.233604,68.988326
ssd_mobilenet_v2,tensorrt_int8,6,StatefulPartitionedCall/ssd_mobile_net_v2keras_feature_extractor/functional_1/expanded_conv_depthwise/depthwise + StatefulPartitionedCall/ssd_mobile_net_v2keras_feature_extractor/functional_1/expanded_conv_depthwise_relu/Relu6,tensorrt,trt_layer,1.219297,0.011382,1.191718,1.246302,60,1.714131,62.278373
ssd_mobilenet_v2,tensorrt_int8,13,StatefulPartitionedCall/ssd_mobile_net_v2keras_feature_extractor/functional_1/expanded_conv_project/Conv2D,tensorrt,trt_layer,0.799956,0.033519,0.790886,1.056771,60,1.124607,71.315549
ssd_mobilenet_v2,tensorrt_int8,3,StatefulPartitionedCall/ssd_mobile_net_v2keras_feature_extractor/functional_1/block_1_expand/Conv2D + StatefulPartitionedCall/ssd_mobile_net_v2keras_feature_extractor/functional_1/block_1_expand_relu/Relu6,tensorrt,trt_layer,1.748039,0.003303,1.739531,1.756719,60,2.457455,56.456169
ssd_mobilenet_v2,tensorrt_int8,2,StatefulPartitionedCall/ssd_mobile_net_v2keras_feature_extractor/functional_1/block_1_depthwise/depthwise + StatefulPartitionedCall/ssd_mobile_net_v2keras_feature_extractor/functional_1/block_1_depthwise_relu/Relu6,tensorrt,trt_layer,1.956712,0.018799,1.933594,2.090416,60,2.750815,53.998713
ssd_mobilenet_v2,tensorrt_int8,33,StatefulPartitionedCall/ssd_mobile_net_v2keras_feature_extractor/functional_1/block_1_project/Conv2D,tensorrt,trt_layer,0.408535,0.002285,0.403282,0.415938,60,0.574333,85.766721
ssd_mobilenet_v2,tensorrt_int8,9,StatefulPartitionedCall/ssd_mobile_net_v2keras_feature_extractor/functional_1/block_2_expand/Conv2D + StatefulPartitionedCall/ssd_mobile_net_v2keras_feature_extractor/functional_1/block_2_expand_relu/Relu6,tensorrt,trt_layer,0.918416,0.047871,0.882031,1.201979,60,1.291142,66.485488
ssd_mobilenet_v2,tensorrt_int8,5,StatefulPartitionedCall/ssd_mobile_net_v2keras_feature_extractor/functional_1/block_2_depthwise/depthwise + StatefulPartitionedCall/ssd_mobile_net_v2keras_feature_extractor/functional_1/block_2_depthwise_relu/Relu6,tensorrt,trt_layer,1.398183,0.015083,1.370521,1.431406,60,1.965615,60.564242
ssd_mobilenet_v2,tensorrt_int8,20,StatefulPartitionedCall/ssd_mobile_net_v2keras_feature_extractor/functional_1/block_2_project/Conv2D + StatefulPartitionedCall/ssd_mobile_net_v2keras_feature_extractor/functional_1/block_2_add/add,tensorrt,trt_layer,0.58116,0.019032,0.572865,0.725677,60,0.817015,77.376432
ssd_mobilenet_v2,tensorrt_int8,10,StatefulPartitionedCall/ssd_mobile_net_v2keras_feature_extractor/functional_1/block_3_expand/Conv2D + StatefulPartitionedCall/ssd_mobile_net_v2keras_feature_extractor/functional_1/block_3_expand_relu/Relu6,tensorrt,trt_layer,0.902833,0.011726,0.875052,0.93026,60,1.269235,67.754722
ssd_mobilenet_v2,tensorrt_int8,8,StatefulPartitionedCall/ssd_mobile_net_v2keras_feature_extractor/functional_1/block_3_depthwise/depthwise + StatefulPartitionedCall/ssd_mobile_net_v2keras_feature_extractor/functional_1/block_3_depthwise_relu/Relu6,tensorrt,trt_layer,0.936968,0.008798,0.915469,0.963698,60,1.317223,65.194346
ssd_mobilenet_v2,tensorrt_int8,64,StatefulPartitionedCall/ssd_mobile_net_v2keras_feature_extractor/functional_1/block_3_project/Conv2D,tensorrt,trt_layer,0.16852,0.00286,0.161458,0.176406,60,0.236911,97.998692
ssd_mobilenet_v2,tensorrt_int8,47,StatefulPartitionedCall/ssd_mobile_net_v2keras_feature_extractor/functional_1/block_4_expand/Conv2D + StatefulPartitionedCall/ssd_mobile_net_v2keras_feature_extractor/functional_1/block_4_expand_relu/Relu6,tensorrt,trt_layer,0.289102,0.003673,0.278907,0.295417,60,0.40643,92.70071
ssd_mobilenet_v2,tensorrt_int8,24,StatefulPartitionedCall/ssd_mobile_net_v2keras_feature_extractor/functional_1/block_4_depthwise/depthwise + StatefulPartitionedCall/ssd_mobile_net_v2keras_feature_extractor/functional_1/block_4_depthwise_relu/Relu6,tensorrt,trt_layer,0.467268,0.01917,0.461458,0.614063,60,0.656902,80.264772
ssd_mobilenet_v2,tensorrt_int8,56,StatefulPartitionedCall/ssd_mobile_net_v2keras_feature_extractor/functional_1/block_4_project/Conv2D + StatefulPartitionedCall/ssd_mobile_net_v2keras_feature_extractor/functional_1/block_4_add/add,tensorrt,trt_layer,0.218981,0.004848,0.20901,0.230156,60,0.307851,95.788435
ssd_mobilenet_v2,tensorrt_int8,46,StatefulPartitionedCall/ssd_mobile_net_v2keras_feature_extractor/functional_1/block_5_expand/Conv2D + StatefulPartitionedCall/ssd_mobile_net_v2keras_feature_extractor/functional_1/block_5_expand_relu/Relu6,tensorrt,trt_layer,0.289618,0.003776,0.281875,0.303177,60,0.407155,92.29428
ssd_mobilenet_v2,tensorrt_int8,25,StatefulPartitionedCall/ssd_mobile_net_v2keras_feature_extractor/functional_1/block_5_depthwise/depthwise + StatefulPartitionedCall/ssd_mobile_net_v2keras_feature_extractor/functional_1/block_5_depthwise_relu/Relu6,tensorrt,trt_layer,0.464564,0.001252,0.462031,0.467813,60,0.653101,80.917872
ssd_mobilenet_v2,tensorrt_int8,57,StatefulPartitionedCall/ssd_mobile_net_v2keras_feature_extractor/functional_1/block_5_project/Conv2D + StatefulPartitionedCall/ssd_mobile_net_v2keras_feature_extractor/functional_1/block_5_add/add,tensorrt,trt_layer,0.218826,0.004679,0.210104,0.230365,60,0.307633,96.096068
ssd_mobilenet_v2,tensorrt_int8,48,StatefulPartitionedCall/ssd_mobile_net_v2keras_feature_extractor/functional_1/block_6_expand/Conv2D + StatefulPartitionedCall/ssd_mobile_net_v2keras_feature_extractor/functional_1/block_6_expand_relu/Relu6,tensorrt,trt_layer,0.288684,0.003557,0.280312,0.295208,60,0.405842,93.106552
ssd_mobilenet_v2,tensorrt_int8,49,StatefulPartitionedCall/ssd_mobile_net_v2keras_feature_extractor/functional_1/block_6_depthwise/depthwise + StatefulPartitionedCall/ssd_mobile_net_v2keras_feature_extractor/functional_1/block_6_depthwise_relu/Relu6,tensorrt,trt_layer,0.26905,0.002772,0.262604,0.275052,60,0.37824,93.484792
ssd_mobilenet_v2,tensorrt_int8,69,StatefulPartitionedCall/ssd_mobile_net_v2keras_feature_extractor/functional_1/block_6_project/Conv2D,tensorrt,trt_layer,0.101846,0.001928,0.095469,0.105781,60,0.143179,98.863748
ssd_mobilenet_v2,tensorrt_int8,50,StatefulPartitionedCall/ssd_mobile_net_v2keras_feature_extractor/functional_1/block_7_expand/Conv2D + StatefulPartitionedCall/ssd_mobile_net_v2keras_feature_extractor/functional_1/block_7_expand_relu/Relu6,tensorrt,trt_layer,0.243889,0.01994,0.23375,0.395261,60,0.342868,93.82766
ssd_mobilenet_v2,tensorrt_int8,37,StatefulPartitionedCall/ssd_mobile_net_v2keras_feature_extractor/functional_1/block_7_depthwise/depthwise + StatefulPartitionedCall/ssd_mobile_net_v2keras_feature_extractor/functional_1/block_7_depthwise_relu/Relu6,tensorrt,trt_layer,0.374786,0.001361,0.371667,0.378333,60,0.526887,87.896825
ssd_mobilenet_v2,tensorrt_int8,63,StatefulPartitionedCall/ssd_mobile_net_v2keras_feature_extractor/functional_1/block_7_project/Conv2D + StatefulPartitionedCall/ssd_mobile_net_v2keras_feature_extractor/functional_1/block_7_add/add,tensorrt,trt_layer,0.18694,0.0038,0.176146,0.197083,60,0.262807,97.761781
ssd_mobilenet_v2,tensorrt_int8,54,StatefulPartitionedCall/ssd_mobile_net_v2keras_feature_extractor/functional_1/block_8_expand/Conv2D + StatefulPartitionedCall/ssd_mobile_net_v2keras_feature_extractor/functional_1/block_8_expand_relu/Relu6,tensorrt,trt_layer,0.236773,0.003699,0.222084,0.242552,60,0.332864,95.172302
ssd_mobilenet_v2,tensorrt_int8,38,StatefulPartitionedCall/ssd_mobile_net_v2keras_feature_extractor/functional_1/block_8_depthwise/depthwise + StatefulPartitionedCall/ssd_mobile_net_v2keras_feature_extractor/functional_1/block_8_depthwise_relu/Relu6,tensorrt,trt_layer,0.374516,0.001228,0.371198,0.376979,60,0.526508,88.423333
ssd_mobilenet_v2,tensorrt_int8,61,StatefulPartitionedCall/ssd_mobile_net_v2keras_feature_extractor/functional_1/block_8_project/Conv2D + StatefulPartitionedCall/ssd_mobile_net_v2keras_feature_extractor/functional_1/block_8_add/add,tensorrt,trt_layer,0.191417,0.033089,0.173437,0.444011,60,0.269101,97.234986
ssd_mobilenet_v2,tensorrt_int8,52,StatefulPartitionedCall/ssd_mobile_net_v2keras_feature_extractor/functional_1/block_9_expand/Conv2D + StatefulPartitionedCall/ssd_mobile_net_v2keras_feature_extractor/functional_1/block_9_expand_relu/Relu6,tensorrt,trt_layer,0.238548,0.003281,0.228541,0.244011,60,0.335359,94.505248
ssd_mobilenet_v2,tensorrt_int8,36,StatefulPartitionedCall/ssd_mobile_net_v2keras_feature_extractor/functional_1/block_9_depthwise/depthwise + StatefulPartitionedCall/ssd_mobile_net_v2keras_feature_extractor/functional_1/block_9_depthwise_relu/Relu6,tensorrt,trt_layer,0.374892,0.001171,0.372865,0.377813,60,0.527036,87.369937
ssd_mobilenet_v2,tensorrt_int8,62,StatefulPartitionedCall/ssd_mobile_net_v2keras_feature_extractor/functional_1/block_9_project/Conv2D + StatefulPartitionedCall/ssd_mobile_net_v2keras_feature_extractor/functional_1/block_9_add/add,tensorrt,trt_layer,0.18778,0.003086,0.182291,0.194167,60,0.263988,97.498974
ssd_mobilenet_v2,tensorrt_int8,53,StatefulPartitionedCall/ssd_mobile_net_v2keras_feature_extractor/functional_1/block_10_expand/Conv2D + StatefulPartitionedCall/ssd_mobile_net_v2keras_feature_extractor/functional_1/block_10_expand_relu/Relu6,tensorrt,trt_layer,0.237716,0.003377,0.23026,0.246666,60,0.33419,94.839438
ssd_mobilenet_v2,tensorrt_int8,35,StatefulPartitionedCall/ssd_mobile_net_v2keras_feature_extractor/functional_1/block_10_depthwise/depthwise + StatefulPartitionedCall/ssd_mobile_net_v2keras_feature_extractor/functional_1/block_10_depthwise_relu/Relu6,tensorrt,trt_layer,0.374988,0.001124,0.372969,0.3775,60,0.527171,86.842901
ssd_mobilenet_v2,tensorrt_int8,44,StatefulPartitionedCall/ssd_mobile_net_v2keras_feature_extractor/functional_1/block_10_project/Conv2D,tensorrt,trt_layer,0.33669,0.018431,0.327552,0.475313,60,0.473331,91.473983
ssd_mobilenet_v2,tensorrt_int8,29,StatefulPartitionedCall/ssd_mobile_net_v2keras_feature_extractor/functional_1/block_11_expand/Conv2D + StatefulPartitionedCall/ssd_mobile_net_v2keras_feature_extractor/functional_1/block_11_expand_relu/Relu6,tensorrt,trt_layer,0.435253,0.00242,0.429427,0.439896,60,0.611894,83.421187
ssd_mobilenet_v2,tensorrt_int8,21,StatefulPartitionedCall/ssd_mobile_net_v2keras_feature_extractor/functional_1/block_11_depthwise/depthwise + StatefulPartitionedCall/ssd_mobile_net_v2keras_feature_extractor/functional_1/block_11_depthwise_relu/Relu6,tensorrt,trt_layer,0.557874,0.001209,0.554843,0.560834,60,0.784279,78.160711
ssd_mobilenet_v2,tensorrt_int8,26,StatefulPartitionedCall/ssd_mobile_net_v2keras_feature_extractor/functional_1/block_11_project/Conv2D + StatefulPartitionedCall/ssd_mobile_net_v2keras_feature_extractor/functional_1/block_11_add/add,tensorrt,trt_layer,0.452976,0.004914,0.443541,0.464688,60,0.63681,81.554682
ssd_mobilenet_v2,tensorrt_int8,28,StatefulPartitionedCall/ssd_mobile_net_v2keras_feature_extractor/functional_1/block_12_expand/Conv2D + StatefulPartitionedCall/ssd_mobile_net_v2keras_feature_extractor/functional_1/block_12_expand_relu/Relu6,tensorrt,trt_layer,0.440532,0.043559,0.4275,0.708802,60,0.619316,82.809293
ssd_mobilenet_v2,tensorrt_int8,22,StatefulPartitionedCall/ssd_mobile_net_v2keras_feature_extractor/functional_1/block_12_depthwise/depthwise + StatefulPartitionedCall/ssd_mobile_net_v2keras_feature_extractor/functional_1/block_12_depthwise_relu/Relu6,tensorrt,trt_layer,0.557547,0.001378,0.555156,0.561198,60,0.783819,78.94453
ssd_mobilenet_v2,tensorrt_int8,27,StatefulPartitionedCall/ssd_mobile_net_v2keras_feature_extractor/functional_1/block_12_project/Conv2D + StatefulPartitionedCall/ssd_mobile_net_v2keras_feature_extractor/functional_1/block_12_add/add,tensorrt,trt_layer,0.451899,0.006289,0.424271,0.462865,60,0.635296,82.189978
ssd_mobilenet_v2,tensorrt_int8,30,StatefulPartitionedCall/ssd_mobile_net_v2keras_feature_extractor/functional_1/block_13_expand/Conv2D + StatefulPartitionedCall/ssd_mobile_net_v2keras_feature_extractor/functional_1/block_13_expand_relu/Relu6,tensorrt,trt_layer,0.433887,0.00201,0.428854,0.438907,60,0.609974,84.031161
ssd_mobilenet_v2,tensorrt_int8,31,StatefulPartitionedCall/ssd_mobile_net_v2keras_feature_extractor/functional_1/block_13_depthwise/depthwise + StatefulPartitionedCall/ssd_mobile_net_v2keras_feature_extractor/functional_1/block_13_depthwise_relu/Relu6,tensorrt,trt_layer,0.4167,0.001529,0.412969,0.420261,60,0.585812,84.616973
ssd_mobilenet_v2,tensorrt_int8,7,StatefulPartitionedCall/BoxPredictor/ConvolutionalBoxHead_0/BoxEncodingPredictor/BiasAdd || StatefulPartitionedCall/BoxPredictor/ConvolutionalClassHead_0/ClassPredictor/BiasAdd,tensorrt,trt_layer,1.137224,0.020237,1.113698,1.281094,60,1.59875,63.877123
ssd_mobilenet_v2,tensorrt_int8,51,StatefulPartitionedCall/ssd_mobile_net_v2keras_feature_extractor/functional_1/block_13_project/Conv2D,tensorrt,trt_layer,0.243435,0.002397,0.239271,0.250521,60,0.34223,94.169889
ssd_mobilenet_v2,tensorrt_int8,55,StatefulPartitionedCall/BoxPredictor/ConvolutionalClassHead_0/ClassPredictor/BiasAdd__447 + StatefulPartitionedCall/BoxPredictor/ConvolutionalClassHead_0/Reshape,tensorrt,trt_layer,0.219287,0.001138,0.216666,0.221355,60,0.308281,95.480583
ssd_mobilenet_v2,tensorrt_int8,82,StatefulPartitionedCall/BoxPredictor/ConvolutionalBoxHead_0/BoxEncodingPredictor/BiasAdd__724 + StatefulPartitionedCall/BoxPredictor/ConvolutionalBoxHead_0/Reshape,tensorrt,trt_layer,0.014639,0.000394,0.013959,0.016563,60,0.02058,99.626519
ssd_mobilenet_v2,tensorrt_int8,41,StatefulPartitionedCall/ssd_mobile_net_v2keras_feature_extractor/functional_1/block_14_expand/Conv2D + StatefulPartitionedCall/ssd_mobile_net_v2keras_feature_extractor/functional_1/block_14_expand_relu/Relu6,tensorrt,trt_layer,0.370757,0.00168,0.366302,0.374427,60,0.521223,89.992741
ssd_mobilenet_v2,tensorrt_int8,18,StatefulPartitionedCall/ssd_mobile_net_v2keras_feature_extractor/functional_1/block_14_depthwise/depthwise + StatefulPartitionedCall/ssd_mobile_net_v2keras_feature_extractor/functional_1/block_14_depthwise_relu/Relu6,tensorrt,trt_layer,0.584966,0.001443,0.581406,0.587292,60,0.822366,75.739039
ssd_mobilenet_v2,tensorrt_int8,40,StatefulPartitionedCall/ssd_mobile_net_v2keras_feature_extractor/functional_1/block_14_project/Conv2D + StatefulPartitionedCall/ssd_mobile_net_v2keras_feature_extractor/functional_1/block_14_add/add,tensorrt,trt_layer,0.372565,0.002828,0.366615,0.379636,60,0.523765,89.471518
ssd_mobilenet_v2,tensorrt_int8,43,StatefulPartitionedCall/ssd_mobile_net_v2keras_feature_extractor/functional_1/block_15_expand/Conv2D + StatefulPartitionedCall/ssd_mobile_net_v2keras_feature_extractor/functional_1/block_15_expand_relu/Relu6,tensorrt,trt_layer,0.358459,0.001791,0.35125,0.361927,60,0.503934,91.000652
ssd_mobilenet_v2,tensorrt_int8,19,StatefulPartitionedCall/ssd_mobile_net_v2keras_feature_extractor/functional_1/block_15_depthwise/depthwise + StatefulPartitionedCall/ssd_mobile_net_v2keras_feature_extractor/functional_1/block_15_depthwise_relu/Relu6,tensorrt,trt_layer,0.583552,0.001437,0.579896,0.587396,60,0.820378,76.559417
ssd_mobilenet_v2,tensorrt_int8,39,StatefulPartitionedCall/ssd_mobile_net_v2keras_feature_extractor/functional_1/block_15_project/Conv2D + StatefulPartitionedCall/ssd_mobile_net_v2keras_feature_extractor/functional_1/block_15_add/add,tensorrt,trt_layer,0.373031,0.003918,0.36474,0.380729,60,0.52442,88.947753
ssd_mobilenet_v2,tensorrt_int8,42,StatefulPartitionedCall/ssd_mobile_net_v2keras_feature_extractor/functional_1/block_16_expand/Conv2D + StatefulPartitionedCall/ssd_mobile_net_v2keras_feature_extractor/functional_1/block_16_expand_relu/Relu6,tensorrt,trt_layer,0.358489,0.002274,0.348385,0.363229,60,0.503977,90.496718
ssd_mobilenet_v2,tensorrt_int8,17,StatefulPartitionedCall/ssd_mobile_net_v2keras_feature_extractor/functional_1/block_16_depthwise/depthwise + StatefulPartitionedCall/ssd_mobile_net_v2keras_feature_extractor/functional_1/block_16_depthwise_relu/Relu6,tensorrt,trt_layer,0.590992,0.038896,0.580729,0.852656,60,0.830838,74.916673
ssd_mobilenet_v2,tensorrt_int8,14,StatefulPartitionedCall/ssd_mobile_net_v2keras_feature_extractor/functional_1/block_16_project/Conv2D,tensorrt,trt_layer,0.670734,0.003056,0.663333,0.682917,60,0.942942,72.258491
ssd_mobilenet_v2,tensorrt_int8,12,StatefulPartitionedCall/ssd_mobile_net_v2keras_feature_extractor/functional_1/Conv_1/Conv2D + StatefulPartitionedCall/ssd_mobile_net_v2keras_feature_extractor/functional_1/out_relu/Relu6,tensorrt,trt_layer,0.855446,0.033581,0.840052,1.061198,60,1.202616,70.190943
ssd_mobilenet_v2,tensorrt_int8,16,StatefulPartitionedCall/ssd_mobile_net_v2keras_feature_extractor/FeatureMaps/layer_19_1_Conv2d_2_1x1_256_conv/Conv2D + StatefulPartitionedCall/ssd_mobile_net_v2keras_feature_extractor/FeatureMaps/layer_19_1_Conv2d_2_1x1_256/Relu6,tensorrt,trt_layer,0.641657,0.005727,0.634115,0.653334,60,0.902064,74.085835
ssd_mobilenet_v2,tensorrt_int8,4,StatefulPartitionedCall/BoxPredictor/ConvolutionalBoxHead_1/BoxEncodingPredictor/BiasAdd || StatefulPartitionedCall/BoxPredictor/ConvolutionalClassHead_1/ClassPredictor/BiasAdd,tensorrt,trt_layer,1.523975,0.009198,1.485416,1.535625,60,2.142458,58.598627
ssd_mobilenet_v2,tensorrt_int8,1,StatefulPartitionedCall/ssd_mobile_net_v2keras_feature_extractor/FeatureMaps/layer_19_2_Conv2d_2_3x3_s2_512_conv/Conv2D + StatefulPartitionedCall/ssd_mobile_net_v2keras_feature_extractor/FeatureMaps/layer_19_2_Conv2d_2_3x3_s2_512/Relu6,tensorrt,trt_layer,36.453695,269.190578,1.396823,2104.145752,60,51.247898,51.247898
ssd_mobilenet_v2,tensorrt_int8,66,StatefulPartitionedCall/BoxPredictor/ConvolutionalClassHead_1/ClassPredictor/BiasAdd__441 + StatefulPartitionedCall/BoxPredictor/ConvolutionalClassHead_1/Reshape,tensorrt,trt_layer,0.127455,0.000995,0.125208,0.130729,60,0.179181,98.41
ssd_mobilenet_v2,tensorrt_int8,89,StatefulPartitionedCall/BoxPredictor/ConvolutionalBoxHead_1/BoxEncodingPredictor/BiasAdd__444 + StatefulPartitionedCall/BoxPredictor/ConvolutionalBoxHead_1/Reshape,tensorrt,trt_layer,0.010341,0.000349,0.009844,0.011354,60,0.014538,99.740865
ssd_mobilenet_v2,tensorrt_int8,72,StatefulPartitionedCall/ssd_mobile_net_v2keras_feature_extractor/FeatureMaps/layer_19_1_Conv2d_3_1x1_128_conv/Conv2D + StatefulPartitionedCall/ssd_mobile_net_v2keras_feature_extractor/FeatureMaps/layer_19_1_Conv2d_3_1x1_128/Relu6,tensorrt,trt_layer,0.074881,0.000897,0.073177,0.077083,60,0.10527,99.224091
ssd_mobilenet_v2,tensorrt_int8,45,StatefulPartitionedCall/BoxPredictor/ConvolutionalBoxHead_2/BoxEncodingPredictor/BiasAdd || StatefulPartitionedCall/BoxPredictor/ConvolutionalClassHead_2/ClassPredictor/BiasAdd,tensorrt,trt_layer,0.293876,0.002056,0.289739,0.298854,60,0.413141,91.887124
ssd_mobilenet_v2,tensorrt_int8,32,StatefulPartitionedCall/ssd_mobile_net_v2keras_feature_extractor/FeatureMaps/layer_19_2_Conv2d_3_3x3_s2_256_conv/Conv2D + StatefulPartitionedCall/ssd_mobile_net_v2keras_feature_extractor/FeatureMaps/layer_19_2_Conv2d_3_3x3_s2_256/Relu6,tensorrt,trt_layer,0.409305,0.002625,0.40375,0.421979,60,0.575415,85.192388
ssd_mobilenet_v2,tensorrt_int8,74,StatefulPartitionedCall/BoxPredictor/ConvolutionalClassHead_2/ClassPredictor/BiasAdd__435 + StatefulPartitionedCall/BoxPredictor/ConvolutionalClassHead_2/Reshape,tensorrt,trt_layer,0.039977,0.000715,0.037136,0.041458,60,0.056201,99.34969
ssd_mobilenet_v2,tensorrt_int8,86,Reformatting CopyNode for Input Tensor 0 to StatefulPartitionedCall/BoxPredictor/ConvolutionalBoxHead_2/BoxEncodingPredictor/BiasAdd__438 + StatefulPartitionedCall/BoxPredictor/ConvolutionalBoxHead_2/Reshape,tensorrt,trt_layer,0.011268,0.000225,0.010834,0.011667,60,0.015841,99.695419
ssd_mobilenet_v2,tensorrt_int8,110,StatefulPartitionedCall/BoxPredictor/ConvolutionalBoxHead_2/BoxEncodingPredictor/BiasAdd__438 + StatefulPartitionedCall/BoxPredictor/ConvolutionalBoxHead_2/Reshape,tensorrt,trt_layer,0.006246,0.000165,0.005885,0.006771,60,0.008781,99.970662
ssd_mobilenet_v2,tensorrt_int8,111,Reformatting CopyNode for Output Tensor 0 to StatefulPartitionedCall/BoxPredictor/ConvolutionalBoxHead_2/BoxEncodingPredictor/BiasAdd__438 + StatefulPartitionedCall/BoxPredictor/ConvolutionalBoxHead_2/Reshape,tensorrt,trt_layer,0.006135,0.000264,0.005677,0.00724,60,0.008625,99.979286
ssd_mobilenet_v2,tensorrt_int8,101,Reformatting CopyNode for Input Tensor 0 to StatefulPartitionedCall/ssd_mobile_net_v2keras_feature_extractor/FeatureMaps/layer_19_1_Conv2d_4_1x1_128_conv/Conv2D + StatefulPartitionedCall/ssd_mobile_net_v2keras_feature_extractor/FeatureMaps/layer_19_1_Conv2d_4_1x1_128/Relu6,tensorrt,trt_layer,0.007482,0.000238,0.006979,0.007917,60,0.010518,99.883344
ssd_mobilenet_v2,tensorrt_int8,76,StatefulPartitionedCall/ssd_mobile_net_v2keras_feature_extractor/FeatureMaps/layer_19_1_Conv2d_4_1x1_128_conv/Conv2D + StatefulPartitionedCall/ssd_mobile_net_v2keras_feature_extractor/FeatureMaps/layer_19_1_Conv2d_4_1x1_128/Relu6,tensorrt,trt_layer,0.031444,0.000411,0.030573,0.032396,60,0.044205,99.442463
ssd_mobilenet_v2,tensorrt_int8,70,StatefulPartitionedCall/BoxPredictor/ConvolutionalBoxHead_3/BoxEncodingPredictor/BiasAdd || StatefulPartitionedCall/BoxPredictor/ConvolutionalClassHead_3/ClassPredictor/BiasAdd,tensorrt,trt_layer,0.096963,0.001288,0.093803,0.099532,60,0.136314,99.000062
ssd_mobilenet_v2,tensorrt_int8,34,StatefulPartitionedCall/ssd_mobile_net_v2keras_feature_extractor/FeatureMaps/layer_19_2_Conv2d_4_3x3_s2_256_conv/Conv2D + StatefulPartitionedCall/ssd_mobile_net_v2keras_feature_extractor/FeatureMaps/layer_19_2_Conv2d_4_3x3_s2_256/Relu6,tensorrt,trt_layer,0.390521,0.001635,0.384844,0.394688,60,0.549008,86.315729
ssd_mobilenet_v2,tensorrt_int8,80,StatefulPartitionedCall/BoxPredictor/ConvolutionalClassHead_3/ClassPredictor/BiasAdd__429 + StatefulPartitionedCall/BoxPredictor/ConvolutionalClassHead_3/Reshape,tensorrt,trt_layer,0.020764,0.000661,0.018854,0.022448,60,0.029191,99.581268
ssd_mobilenet_v2,tensorrt_int8,107,StatefulPartitionedCall/BoxPredictor/ConvolutionalBoxHead_3/BoxEncodingPredictor/BiasAdd__432 + StatefulPartitionedCall/BoxPredictor/ConvolutionalBoxHead_3/Reshape,tensorrt,trt_layer,0.006781,0.000219,0.006354,0.007292,60,0.009533,99.94311
ssd_mobilenet_v2,tensorrt_int8,78,StatefulPartitionedCall/ssd_mobile_net_v2keras_feature_extractor/FeatureMaps/layer_19_1_Conv2d_5_1x1_64_conv/Conv2D + StatefulPartitionedCall/ssd_mobile_net_v2keras_feature_extractor/FeatureMaps/layer_19_1_Conv2d_5_1x1_64/Relu6,tensorrt,trt_layer,0.027774,0.000569,0.026771,0.029167,60,0.039046,99.520581
ssd_mobilenet_v2,tensorrt_int8,109,Reformatting CopyNode for Input Tensor 0 to StatefulPartitionedCall/BoxPredictor/ConvolutionalBoxHead_4/BoxEncodingPredictor/BiasAdd || StatefulPartitionedCall/BoxPredictor/ConvolutionalClassHead_4/ClassPredictor/BiasAdd,tensorrt,trt_layer,0.006662,0.000203,0.00625,0.007188,60,0.009366,99.961881
ssd_mobilenet_v2,tensorrt_int8,71,StatefulPartitionedCall/BoxPredictor/ConvolutionalBoxHead_4/BoxEncodingPredictor/BiasAdd || StatefulPartitionedCall/BoxPredictor/ConvolutionalClassHead_4/ClassPredictor/BiasAdd,tensorrt,trt_layer,0.084476,0.000796,0.083125,0.088541,60,0.118759,99.118821
ssd_mobilenet_v2,tensorrt_int8,84,Reformatting CopyNode for Input Tensor 0 to StatefulPartitionedCall/ssd_mobile_net_v2keras_feature_extractor/FeatureMaps/layer_19_2_Conv2d_5_3x3_s2_128_conv/Conv2D + StatefulPartitionedCall/ssd_mobile_net_v2keras_feature_extractor/FeatureMaps/layer_19_2_Conv2d_5_3x3_s2_128/Relu6,tensorrt,trt_layer,0.01205,0.000355,0.01151,0.01276,60,0.01694,99.663056
ssd_mobilenet_v2,tensorrt_int8,65,StatefulPartitionedCall/ssd_mobile_net_v2keras_feature_extractor/FeatureMaps/layer_19_2_Conv2d_5_3x3_s2_128_conv/Conv2D + StatefulPartitionedCall/ssd_mobile_net_v2keras_feature_extractor/FeatureMaps/layer_19_2_Conv2d_5_3x3_s2_128/Relu6,tensorrt,trt_layer,0.165117,0.002069,0.160521,0.170052,60,0.232127,98.230819
ssd_mobilenet_v2,tensorrt_int8,83,StatefulPartitionedCall/BoxPredictor/ConvolutionalClassHead_4/ClassPredictor/BiasAdd__423 + StatefulPartitionedCall/BoxPredictor/ConvolutionalClassHead_4/Reshape,tensorrt,trt_layer,0.01394,0.000842,0.012136,0.015938,60,0.019597,99.646116
ssd_mobilenet_v2,tensorrt_int8,106,StatefulPartitionedCall/BoxPredictor/ConvolutionalBoxHead_4/BoxEncodingPredictor/BiasAdd__426 + StatefulPartitionedCall/BoxPredictor/ConvolutionalBoxHead_4/Reshape,tensorrt,trt_layer,0.006786,0.000501,0.006146,0.009844,60,0.00954,99.933577
ssd_mobilenet_v2,tensorrt_int8,73,StatefulPartitionedCall/BoxPredictor/ConvolutionalBoxHead_5/BoxEncodingPredictor/BiasAdd || StatefulPartitionedCall/BoxPredictor/ConvolutionalClassHead_5/ClassPredictor/BiasAdd,tensorrt,trt_layer,0.049364,0.000765,0.047812,0.051198,60,0.069398,99.293489
ssd_mobilenet_v2,tensorrt_int8,112,StatefulPartitionedCall/BoxPredictor/ConvolutionalClassHead_5/Reshape,tensorrt,trt_layer,0.005103,0.000196,0.004792,0.005573,60,0.007174,99.98646
ssd_mobilenet_v2,tensorrt_int8,108,StatefulPartitionedCall/BoxPredictor/ConvolutionalBoxHead_5/Reshape,tensorrt,trt_layer,0.00669,0.018408,0.003854,0.148073,60,0.009405,99.952515
ssd_mobilenet_v2,tensorrt_int8,60,StatefulPartitionedCall/BoxPredictor/ConvolutionalClassHead_0/Reshape:0 copy,tensorrt,trt_layer,0.19874,0.031721,0.1925,0.44224,60,0.279396,96.965885
ssd_mobilenet_v2,tensorrt_int8,68,StatefulPartitionedCall/BoxPredictor/ConvolutionalClassHead_1/Reshape:0 copy,tensorrt,trt_layer,0.109019,0.001321,0.106979,0.111927,60,0.153263,98.720569
ssd_mobilenet_v2,tensorrt_int8,75,StatefulPartitionedCall/BoxPredictor/ConvolutionalClassHead_2/Reshape:0 copy,tensorrt,trt_layer,0.034547,0.008601,0.0325,0.100468,60,0.048567,99.398257
ssd_mobilenet_v2,tensorrt_int8,81,StatefulPartitionedCall/BoxPredictor/ConvolutionalClassHead_3/Reshape:0 copy,tensorrt,trt_layer,0.017549,0.017293,0.014896,0.150365,60,0.024671,99.605939
ssd_mobilenet_v2,tensorrt_int8,85,StatefulPartitionedCall/BoxPredictor/ConvolutionalClassHead_4/Reshape:0 copy,tensorrt,trt_layer,0.011752,0.017661,0.00901,0.147396,60,0.016521,99.679578
ssd_mobilenet_v2,tensorrt_int8,93,StatefulPartitionedCall/BoxPredictor/ConvolutionalClassHead_5/Reshape:0 copy,tensorrt,trt_layer,0.009037,0.018388,0.006042,0.15026,60,0.012705,99.794162
ssd_mobilenet_v2,tensorrt_int8,67,PWN(StatefulPartitionedCall/Postprocessor/convert_scores),tensorrt,trt_layer,0.111895,0.010241,0.109583,0.190469,60,0.157306,98.567306
ssd_mobilenet_v2,tensorrt_int8,77,StatefulPartitionedCall/Squeeze + StatefulPartitionedCall/Postprocessor/Reshape_1 + StatefulPartitionedCall/Postprocessor/Decode/transpose,tensorrt,trt_layer,0.027793,0.009466,0.025573,0.100052,60,0.039072,99.481535
ssd_mobilenet_v2,tensorrt_int8,95,StatefulPartitionedCall/Postprocessor/Decode/unstack,tensorrt,trt_layer,0.008405,0.01997,0.005052,0.161719,60,0.011816,99.818474
ssd_mobilenet_v2,tensorrt_int8,98,StatefulPartitionedCall/Postprocessor/Decode/unstack_1,tensorrt,trt_layer,0.007703,0.01986,0.004375,0.160208,60,0.010829,99.851589
ssd_mobilenet_v2,tensorrt_int8,103,StatefulPartitionedCall/Postprocessor/Decode/unstack_2,tensorrt,trt_layer,0.007275,0.018296,0.004271,0.147708,60,0.010227,99.90396
ssd_mobilenet_v2,tensorrt_int8,100,StatefulPartitionedCall/Postprocessor/Decode/unstack_3,tensorrt,trt_layer,0.007515,0.018653,0.004583,0.15073,60,0.010565,99.872825
ssd_mobilenet_v2,tensorrt_int8,113,StatefulPartitionedCall/Postprocessor/Decode/truediv_1:0,tensorrt,trt_layer,0.001707,0.007467,0.000625,0.059062,60,0.0024,99.98886
ssd_mobilenet_v2,tensorrt_int8,116,StatefulPartitionedCall/Postprocessor/Decode/truediv:0,tensorrt,trt_layer,0.001573,0.007173,0.000625,0.056667,60,0.002211,99.9956
ssd_mobilenet_v2,tensorrt_int8,117,StatefulPartitionedCall/Postprocessor/Decode/get_center_coordinates_and_sizes/add_1:0,tensorrt,trt_layer,0.001573,0.007193,0.000625,0.056823,60,0.002211,99.997811
ssd_mobilenet_v2,tensorrt_int8,87,"PWN(StatefulPartitionedCall/Postprocessor/Decode/mul_3, StatefulPartitionedCall/Postprocessor/Decode/add_1)",tensorrt,trt_layer,0.011154,0.016824,0.008437,0.140364,60,0.015681,99.711099
ssd_mobilenet_v2,tensorrt_int8,114,StatefulPartitionedCall/Postprocessor/Decode/get_center_coordinates_and_sizes/add:0,tensorrt,trt_layer,0.001624,0.007319,0.000625,0.057813,60,0.002283,99.991143
ssd_mobilenet_v2,tensorrt_int8,88,"PWN(StatefulPartitionedCall/Postprocessor/Decode/mul_2, StatefulPartitionedCall/Postprocessor/Decode/add)",tensorrt,trt_layer,0.010832,0.016919,0.008021,0.140781,60,0.015228,99.726327
ssd_mobilenet_v2,tensorrt_int8,115,StatefulPartitionedCall/Postprocessor/Decode/get_center_coordinates_and_sizes/sub:0,tensorrt,trt_layer,0.001597,0.007231,0.000625,0.057135,60,0.002245,99.993388
ssd_mobilenet_v2,tensorrt_int8,118,StatefulPartitionedCall/Postprocessor/Decode/get_center_coordinates_and_sizes/sub_1:0,tensorrt,trt_layer,0.001557,0.007066,0.000625,0.055834,60,0.002189,100.0
ssd_mobilenet_v2,tensorrt_int8,91,"PWN(ConstantFolding/StatefulPartitionedCall/Postprocessor/Decode/truediv_5_recip:0 + (Unnamed Layer* 207) [Shuffle], PWN(PWN(PWN(PWN(ConstantFolding/StatefulPartitionedCall/Postprocessor/Decode/truediv_3_recip:0 + (Unnamed Layer* 187) [Shuffle], StatefulPartitionedCall/Postprocessor/Decode/truediv_3), StatefulPartitionedCall/Postprocessor/Decode/Exp), StatefulPartitionedCall/Postprocessor/Decode/mul), StatefulPartitionedCall/Postprocessor/Decode/truediv_7))",tensorrt,trt_layer,0.0096,0.016985,0.006927,0.140052,60,0.013496,99.768005
ssd_mobilenet_v2,tensorrt_int8,92,"PWN(ConstantFolding/StatefulPartitionedCall/Postprocessor/Decode/truediv_5_recip:0_5 + (Unnamed Layer* 210) [Shuffle], PWN(PWN(PWN(PWN(ConstantFolding/StatefulPartitionedCall/Postprocessor/Decode/truediv_3_recip:0_4 + (Unnamed Layer* 190) [Shuffle], StatefulPartitionedCall/Postprocessor/Decode/truediv_2), StatefulPartitionedCall/Postprocessor/Decode/Exp_1), StatefulPartitionedCall/Postprocessor/Decode/mul_1), StatefulPartitionedCall/Postprocessor/Decode/truediv_6))",tensorrt,trt_layer,0.009569,0.016853,0.006979,0.13901,60,0.013452,99.781457
ssd_mobilenet_v2,tensorrt_int8,90,StatefulPartitionedCall/Postprocessor/Decode/sub_1,tensorrt,trt_layer,0.009705,0.021826,0.006562,0.177344,60,0.013644,99.754509
ssd_mobilenet_v2,tensorrt_int8,94,StatefulPartitionedCall/Postprocessor/Decode/add_3,tensorrt,trt_layer,0.008889,0.017192,0.006302,0.140937,60,0.012496,99.806658
ssd_mobilenet_v2,tensorrt_int8,96,StatefulPartitionedCall/Postprocessor/Decode/sub,tensorrt,trt_layer,0.008044,0.017797,0.00526,0.14474,60,0.011309,99.829783
ssd_mobilenet_v2,tensorrt_int8,97,StatefulPartitionedCall/Postprocessor/Decode/add_2,tensorrt,trt_layer,0.007808,0.016425,0.005209,0.133958,60,0.010977,99.84076
ssd_mobilenet_v2,tensorrt_int8,99,StatefulPartitionedCall/Postprocessor/Decode/stack_Unsqueeze__731:0 copy,tensorrt,trt_layer,0.007591,0.018935,0.004427,0.153021,60,0.010672,99.86226
ssd_mobilenet_v2,tensorrt_int8,105,StatefulPartitionedCall/Postprocessor/Decode/stack_Unsqueeze__732:0 copy,tensorrt,trt_layer,0.007087,0.018552,0.004375,0.149584,60,0.009963,99.924037
ssd_mobilenet_v2,tensorrt_int8,102,StatefulPartitionedCall/Postprocessor/Decode/stack_Unsqueeze__733:0 copy,tensorrt,trt_layer,0.00739,0.021835,0.004375,0.175104,60,0.010389,99.893733
ssd_mobilenet_v2,tensorrt_int8,104,StatefulPartitionedCall/Postprocessor/Decode/stack_Unsqueeze__734:0 copy,tensorrt,trt_layer,0.007194,0.020863,0.004375,0.167448,60,0.010114,99.914074
ssd_mobilenet_v2,tensorrt_int8,79,StatefulPartitionedCall/Postprocessor/Decode/transpose_1 + StatefulPartitionedCall/Postprocessor/Reshape_2 + StatefulPartitionedCall/Postprocessor/ExpandDims_1 + StatefulPartitionedCall/Postprocessor/Squeeze,tensorrt,trt_layer,0.022404,0.020295,0.019323,0.178281,60,0.031496,99.552077
yolov8n,tensorrt_fp16,6,Reformatting CopyNode for Input Tensor 0 to /model.0/conv/Conv,tensorrt,trt_layer,1.975174,0.016175,1.970416,2.082188,60,1.832087,44.696761
yolov8n,tensorrt_fp16,3,/model.0/conv/Conv,tensorrt,trt_layer,2.908832,0.063854,2.892813,3.397917,60,2.698108,38.055031
yolov8n,tensorrt_fp16,13,"PWN(PWN(/model.0/act/Sigmoid), /model.0/act/Mul)",tensorrt,trt_layer,1.312197,0.000679,1.310937,1.314531,60,1.217138,54.465536
yolov8n,tensorrt_fp16,9,/model.1/conv/Conv,tensorrt,trt_layer,1.41328,0.014394,1.385469,1.436094,60,1.310898,49.418601
yolov8n,tensorrt_fp16,34,"PWN(PWN(/model.1/act/Sigmoid), /model.1/act/Mul)",tensorrt,trt_layer,0.621707,0.000538,0.620729,0.622969,60,0.576669,72.362221
yolov8n,tensorrt_fp16,33,/model.2/cv1/conv/Conv,tensorrt,trt_layer,0.629194,0.002392,0.622292,0.634114,60,0.583613,71.785552
yolov8n,tensorrt_fp16,32,"PWN(PWN(/model.2/cv1/act/Sigmoid), /model.2/cv1/act/Mul)",tensorrt,trt_layer,0.647477,0.000412,0.646667,0.648438,60,0.600572,71.201939
yolov8n,tensorrt_fp16,110,/model.2/Split,tensorrt,trt_layer,0.125166,0.00092,0.122812,0.128438,60,0.116099,96.21469
yolov8n,tensorrt_fp16,109,/model.2/Split_0,tensorrt,trt_layer,0.126213,0.001021,0.123594,0.128698,60,0.11707,96.098591
yolov8n,tensorrt_fp16,11,/model.2/m.0/cv1/conv/Conv,tensorrt,trt_layer,1.402319,0.011569,1.388542,1.436458,60,1.300731,52.025548
yolov8n,tensorrt_fp16,78,"PWN(PWN(/model.2/m.0/cv1/act/Sigmoid), /model.2/m.0/cv1/act/Mul)",tensorrt,trt_layer,0.332938,0.00038,0.332083,0.33375,60,0.308819,90.129215
yolov8n,tensorrt_fp16,10,/model.2/m.0/cv2/conv/Conv,tensorrt,trt_layer,1.408233,0.022612,1.376823,1.5325,60,1.306216,50.724818
yolov8n,tensorrt_fp16,49,"PWN(PWN(PWN(/model.2/m.0/cv2/act/Sigmoid), /model.2/m.0/cv2/act/Mul), /model.2/m.0/Add)",tensorrt,trt_layer,0.4463,0.000618,0.445052,0.448073,60,0.413969,79.477458
yolov8n,tensorrt_fp16,111,/model.2/Split_output_1 copy,tensorrt,trt_layer,0.124244,0.001028,0.121719,0.12625,60,0.115243,96.329933
yolov8n,tensorrt_fp16,26,/model.2/cv2/conv/Conv,tensorrt,trt_layer,0.737279,0.001987,0.7325,0.742292,60,0.683868,67.314462
yolov8n,tensorrt_fp16,31,"PWN(PWN(/model.2/cv2/act/Sigmoid), /model.2/cv2/act/Mul)",tensorrt,trt_layer,0.673312,0.000483,0.672344,0.674479,60,0.624535,70.601367
yolov8n,tensorrt_fp16,20,/model.3/conv/Conv,tensorrt,trt_layer,1.046836,0.002821,1.037344,1.052917,60,0.971,62.096114
yolov8n,tensorrt_fp16,77,"PWN(PWN(/model.3/act/Sigmoid), /model.3/act/Mul)",tensorrt,trt_layer,0.340019,0.001042,0.337136,0.34276,60,0.315387,89.820396
yolov8n,tensorrt_fp16,73,/model.4/cv1/conv/Conv,tensorrt,trt_layer,0.358078,0.002375,0.351771,0.364427,60,0.332138,88.552729
yolov8n,tensorrt_fp16,75,"PWN(PWN(/model.4/cv1/act/Sigmoid), /model.4/cv1/act/Mul)",tensorrt,trt_layer,0.341832,0.00103,0.338906,0.343698,60,0.317069,89.18849
yolov8n,tensorrt_fp16,137,/model.4/Split,tensorrt,trt_layer,0.067164,0.001035,0.064479,0.069271,60,0.062298,98.591878
yolov8n,tensorrt_fp16,143,/model.4/Split_1,tensorrt,trt_layer,0.06463,0.000722,0.063125,0.066093,60,0.059948,98.954434
yolov8n,tensorrt_fp16,46,/model.4/m.0/cv1/conv/Conv,tensorrt,trt_layer,0.453441,0.002521,0.449687,0.461459,60,0.420592,78.224921
yolov8n,tensorrt_fp16,94,"PWN(PWN(/model.4/m.0/cv1/act/Sigmoid), /model.4/m.0/cv1/act/Mul)",tensorrt,trt_layer,0.174602,0.00102,0.172553,0.176458,60,0.161953,93.926078
yolov8n,tensorrt_fp16,51,/model.4/m.0/cv2/conv/Conv,tensorrt,trt_layer,0.437823,0.002767,0.43224,0.443854,60,0.406106,80.289967
yolov8n,tensorrt_fp16,89,"PWN(PWN(PWN(/model.4/m.0/cv2/act/Sigmoid), /model.4/m.0/cv2/act/Mul), /model.4/m.0/Add)",tensorrt,trt_layer,0.222642,0.001225,0.220365,0.225573,60,0.206513,93.038786
yolov8n,tensorrt_fp16,53,/model.4/m.1/cv1/conv/Conv,tensorrt,trt_layer,0.433832,0.001733,0.430469,0.439479,60,0.402404,81.098351
yolov8n,tensorrt_fp16,92,"PWN(PWN(/model.4/m.1/cv1/act/Sigmoid), /model.4/m.1/cv1/act/Mul)",tensorrt,trt_layer,0.17642,0.001093,0.173229,0.179375,60,0.16364,93.601864
yolov8n,tensorrt_fp16,50,/model.4/m.1/cv2/conv/Conv,tensorrt,trt_layer,0.438144,0.002601,0.432552,0.443333,60,0.406404,79.883861
yolov8n,tensorrt_fp16,88,"PWN(PWN(PWN(/model.4/m.1/cv2/act/Sigmoid), /model.4/m.1/cv2/act/Mul), /model.4/m.1/Add)",tensorrt,trt_layer,0.232156,0.001319,0.228334,0.235625,60,0.215338,92.832272
yolov8n,tensorrt_fp16,139,/model.4/Split_output_1 copy,tensorrt,trt_layer,0.065444,0.000694,0.063541,0.066666,60,0.060703,98.713733
yolov8n,tensorrt_fp16,142,/model.4/m.0/Add_output_0 copy,tensorrt,trt_layer,0.064806,0.00103,0.062865,0.06927,60,0.060111,98.894486
yolov8n,tensorrt_fp16,40,/model.4/cv2/conv/Conv,tensorrt,trt_layer,0.540823,0.002112,0.536666,0.545417,60,0.501644,75.438699
yolov8n,tensorrt_fp16,74,"PWN(PWN(/model.4/cv2/act/Sigmoid), /model.4/cv2/act/Mul)",tensorrt,trt_layer,0.343582,0.002041,0.340417,0.352032,60,0.318692,88.871421
yolov8n,tensorrt_fp16,24,/model.5/conv/Conv,tensorrt,trt_layer,0.972655,0.006935,0.960052,0.988282,60,0.902193,65.74892
yolov8n,tensorrt_fp16,93,"PWN(PWN(/model.5/act/Sigmoid), /model.5/act/Mul)",tensorrt,trt_layer,0.174934,0.000904,0.172917,0.177083,60,0.162261,93.764125
yolov8n,tensorrt_fp16,84,/model.6/cv1/conv/Conv,tensorrt,trt_layer,0.298988,0.002735,0.293542,0.308438,60,0.277328,91.884607
yolov8n,tensorrt_fp16,95,"PWN(PWN(/model.6/cv1/act/Sigmoid), /model.6/cv1/act/Mul)",tensorrt,trt_layer,0.174056,0.001189,0.170313,0.176822,60,0.161447,94.087525
yolov8n,tensorrt_fp16,155,/model.6/Split,tensorrt,trt_layer,0.037181,0.000803,0.035157,0.039166,60,0.034487,99.44933
yolov8n,tensorrt_fp16,160,/model.6/Split_2,tensorrt,trt_layer,0.034558,0.000491,0.033229,0.03599,60,0.032055,99.612691
yolov8n,tensorrt_fp16,58,/model.6/m.0/cv1/conv/Conv,tensorrt,trt_layer,0.419701,0.001972,0.415,0.424844,60,0.389297,83.059469
yolov8n,tensorrt_fp16,123,"PWN(PWN(/model.6/m.0/cv1/act/Sigmoid), /model.6/m.0/cv1/act/Mul)",tensorrt,trt_layer,0.091646,0.0006,0.08974,0.092865,60,0.085007,97.509166
yolov8n,tensorrt_fp16,62,/model.6/m.0/cv2/conv/Conv,tensorrt,trt_layer,0.402621,0.002519,0.398073,0.408593,60,0.373454,84.584032
yolov8n,tensorrt_fp16,117,"PWN(PWN(PWN(/model.6/m.0/cv2/act/Sigmoid), /model.6/m.0/cv2/act/Mul), /model.6/m.0/Add)",tensorrt,trt_layer,0.108398,0.001155,0.105781,0.111302,60,0.100545,96.955201
yolov8n,tensorrt_fp16,65,/model.6/m.1/cv1/conv/Conv,tensorrt,trt_layer,0.401794,0.002252,0.397396,0.407188,60,0.372687,85.702613
yolov8n,tensorrt_fp16,126,"PWN(PWN(/model.6/m.1/cv1/act/Sigmoid), /model.6/m.1/cv1/act/Mul)",tensorrt,trt_layer,0.090031,0.000728,0.087864,0.092761,60,0.083509,97.760619
yolov8n,tensorrt_fp16,63,/model.6/m.1/cv2/conv/Conv,tensorrt,trt_layer,0.402217,0.002482,0.397187,0.409167,60,0.373079,84.957111
yolov8n,tensorrt_fp16,112,"PWN(PWN(PWN(/model.6/m.1/cv2/act/Sigmoid), /model.6/m.1/cv2/act/Mul), /model.6/m.1/Add)",tensorrt,trt_layer,0.119748,0.001135,0.116875,0.1225,60,0.111073,96.441006
yolov8n,tensorrt_fp16,158,/model.6/Split_output_1 copy,tensorrt,trt_layer,0.034739,0.000748,0.033177,0.036302,60,0.032222,99.548581
yolov8n,tensorrt_fp16,159,/model.6/m.0/Add_output_0 copy,tensorrt,trt_layer,0.034559,0.000705,0.033438,0.038594,60,0.032055,99.580637
yolov8n,tensorrt_fp16,45,/model.6/cv2/conv/Conv,tensorrt,trt_layer,0.480058,0.005025,0.472709,0.490521,60,0.445281,77.804328
yolov8n,tensorrt_fp16,99,"PWN(PWN(/model.6/cv2/act/Sigmoid), /model.6/cv2/act/Mul)",tensorrt,trt_layer,0.166733,0.00175,0.163906,0.171406,60,0.154654,94.711913
yolov8n,tensorrt_fp16,18,/model.7/conv/Conv,tensorrt,trt_layer,1.153478,0.006623,1.136458,1.165885,60,1.069917,60.141954
yolov8n,tensorrt_fp16,130,"PWN(PWN(/model.7/act/Sigmoid), /model.7/act/Mul)",tensorrt,trt_layer,0.087537,0.000413,0.086771,0.088542,60,0.081196,98.088934
yolov8n,tensorrt_fp16,82,/model.8/cv1/conv/Conv,tensorrt,trt_layer,0.315243,0.002583,0.309427,0.320052,60,0.292406,91.326232
yolov8n,tensorrt_fp16,125,"PWN(PWN(/model.8/cv1/act/Sigmoid), /model.8/cv1/act/Mul)",tensorrt,trt_layer,0.09016,0.000599,0.088282,0.09125,60,0.083629,97.67711
yolov8n,tensorrt_fp16,171,/model.8/Split,tensorrt,trt_layer,0.020073,0.00062,0.018802,0.021667,60,0.018619,99.887931
yolov8n,tensorrt_fp16,172,/model.8/Split_3,tensorrt,trt_layer,0.019933,0.000818,0.018958,0.023438,60,0.018489,99.90642
yolov8n,tensorrt_fp16,37,/model.8/m.0/cv1/conv/Conv,tensorrt,trt_layer,0.550632,0.005227,0.538334,0.56276,60,0.510743,73.930023
yolov8n,tensorrt_fp16,148,"PWN(PWN(/model.8/m.0/cv1/act/Sigmoid), /model.8/m.0/cv1/act/Mul)",tensorrt,trt_layer,0.048401,0.000632,0.047188,0.050208,60,0.044895,99.186934
yolov8n,tensorrt_fp16,39,/model.8/m.0/cv2/conv/Conv,tensorrt,trt_layer,0.542613,0.005502,0.529896,0.557396,60,0.503305,74.937055
yolov8n,tensorrt_fp16,138,"PWN(PWN(PWN(/model.8/m.0/cv2/act/Sigmoid), /model.8/m.0/cv2/act/Mul), /model.8/m.0/Add)",tensorrt,trt_layer,0.065928,0.000617,0.06474,0.067604,60,0.061152,98.65303
yolov8n,tensorrt_fp16,175,/model.8/Split_output_1 copy,tensorrt,trt_layer,0.018413,0.00044,0.017448,0.019792,60,0.017079,99.959963
yolov8n,tensorrt_fp16,56,/model.8/cv2/conv/Conv,tensorrt,trt_layer,0.423853,0.003355,0.417448,0.433489,60,0.393148,82.280595
yolov8n,tensorrt_fp16,129,"PWN(PWN(/model.8/cv2/act/Sigmoid), /model.8/cv2/act/Mul)",tensorrt,trt_layer,0.087569,0.000402,0.086771,0.08875,60,0.081225,98.007738
yolov8n,tensorrt_fp16,103,/model.9/cv1/conv/Conv,tensorrt,trt_layer,0.152857,0.002153,0.148489,0.158386,60,0.141784,95.311816
yolov8n,tensorrt_fp16,147,"PWN(PWN(/model.9/cv1/act/Sigmoid), /model.9/cv1/act/Mul)",tensorrt,trt_layer,0.048502,0.000905,0.045833,0.050261,60,0.044988,99.142039
yolov8n,tensorrt_fp16,105,/model.9/m/MaxPool,tensorrt,trt_layer,0.149245,0.000936,0.147292,0.151407,60,0.138433,95.589071
yolov8n,tensorrt_fp16,107,/model.9/m_1/MaxPool,tensorrt,trt_layer,0.147517,0.001015,0.145416,0.149479,60,0.13683,95.863037
yolov8n,tensorrt_fp16,106,/model.9/m_2/MaxPool,tensorrt,trt_layer,0.147846,0.001229,0.145052,0.150052,60,0.137136,95.726207
yolov8n,tensorrt_fp16,167,/model.9/cv1/act/Mul_output_0 copy,tensorrt,trt_layer,0.02226,0.000787,0.019843,0.023646,60,0.020647,99.811442
yolov8n,tensorrt_fp16,173,/model.9/m/MaxPool_output_0 copy,tensorrt,trt_layer,0.01971,0.000394,0.018958,0.020781,60,0.018282,99.924702
yolov8n,tensorrt_fp16,174,/model.9/m_1/MaxPool_output_0 copy,tensorrt,trt_layer,0.019602,0.00037,0.018645,0.020521,60,0.018182,99.942884
yolov8n,tensorrt_fp16,41,/model.9/cv2/conv/Conv,tensorrt,trt_layer,0.533418,0.003363,0.525104,0.540572,60,0.494776,75.933475
yolov8n,tensorrt_fp16,115,"Reformatting CopyNode for Input Tensor 0 to PWN(PWN(/model.9/cv2/act/Sigmoid), /model.9/cv2/act/Mul)",tensorrt,trt_layer,0.111485,0.001145,0.108177,0.11427,60,0.103409,96.753416
yolov8n,tensorrt_fp16,134,"PWN(PWN(/model.9/cv2/act/Sigmoid), /model.9/cv2/act/Mul)",tensorrt,trt_layer,0.078368,0.000958,0.076614,0.079687,60,0.072691,98.395614
yolov8n,tensorrt_fp16,42,/model.10/Resize,tensorrt,trt_layer,0.533404,0.00081,0.531614,0.534844,60,0.494763,76.428237
yolov8n,tensorrt_fp16,44,/model.10/Resize_output_0 copy,tensorrt,trt_layer,0.493654,0.001105,0.490416,0.495833,60,0.457892,77.359047
yolov8n,tensorrt_fp16,30,/model.12/cv1/conv/Conv,tensorrt,trt_layer,0.685556,0.003684,0.676562,0.695,60,0.635892,69.976831
yolov8n,tensorrt_fp16,97,"PWN(PWN(/model.12/cv1/act/Sigmoid), /model.12/cv1/act/Mul)",tensorrt,trt_layer,0.169029,0.001075,0.166615,0.171198,60,0.156784,94.401118
yolov8n,tensorrt_fp16,154,/model.12/Split,tensorrt,trt_layer,0.037702,0.000877,0.03448,0.039115,60,0.034971,99.414842
yolov8n,tensorrt_fp16,161,/model.12/Split_4,tensorrt,trt_layer,0.034514,0.000487,0.033385,0.035781,60,0.032014,99.644705
yolov8n,tensorrt_fp16,59,/model.12/m.0/cv1/conv/Conv,tensorrt,trt_layer,0.419374,0.002112,0.415364,0.42625,60,0.388993,83.448462
yolov8n,tensorrt_fp16,131,"PWN(PWN(/model.12/m.0/cv1/act/Sigmoid), /model.12/m.0/cv1/act/Mul)",tensorrt,trt_layer,0.086792,0.000555,0.085208,0.088177,60,0.080505,98.169438
yolov8n,tensorrt_fp16,66,/model.12/m.0/cv2/conv/Conv,tensorrt,trt_layer,0.401699,0.002435,0.396093,0.406927,60,0.372599,86.075212
yolov8n,tensorrt_fp16,122,"PWN(PWN(/model.12/m.0/cv2/act/Sigmoid), /model.12/m.0/cv2/act/Mul)",tensorrt,trt_layer,0.096542,0.000666,0.095469,0.099011,60,0.089548,97.424159
yolov8n,tensorrt_fp16,69,/model.12/cv2/conv/Conv,tensorrt,trt_layer,0.384089,0.003868,0.377916,0.393906,60,0.356264,87.170107
yolov8n,tensorrt_fp16,91,"Reformatting CopyNode for Input Tensor 0 to PWN(PWN(/model.12/cv2/act/Sigmoid), /model.12/cv2/act/Mul)",tensorrt,trt_layer,0.21477,0.001282,0.211458,0.21849,60,0.199211,93.438224
yolov8n,tensorrt_fp16,104,"PWN(PWN(/model.12/cv2/act/Sigmoid), /model.12/cv2/act/Mul)",tensorrt,trt_layer,0.149664,0.001135,0.14724,0.152448,60,0.138822,95.450638
yolov8n,tensorrt_fp16,19,/model.13/Resize,tensorrt,trt_layer,1.059945,0.001007,1.057916,1.061666,60,0.983159,61.125114
yolov8n,tensorrt_fp16,23,/model.13/Resize_output_0 copy,tensorrt,trt_layer,0.977991,0.00093,0.976302,0.979427,60,0.907142,64.846727
yolov8n,tensorrt_fp16,29,/model.15/cv1/conv/Conv,tensorrt,trt_layer,0.719251,0.003204,0.712968,0.729739,60,0.667146,69.340939
yolov8n,tensorrt_fp16,81,"PWN(PWN(/model.15/cv1/act/Sigmoid), /model.15/cv1/act/Mul)",tensorrt,trt_layer,0.323351,0.001338,0.32,0.326354,60,0.299926,91.033826
yolov8n,tensorrt_fp16,136,/model.15/Split,tensorrt,trt_layer,0.067324,0.000983,0.065313,0.069948,60,0.062447,98.529579
yolov8n,tensorrt_fp16,140,/model.15/Split_5,tensorrt,trt_layer,0.065173,0.000828,0.06375,0.067447,60,0.060452,98.774184
yolov8n,tensorrt_fp16,47,/model.15/m.0/cv1/conv/Conv,tensorrt,trt_layer,0.453296,0.002345,0.44974,0.459791,60,0.420458,78.645379
yolov8n,tensorrt_fp16,100,"PWN(PWN(/model.15/m.0/cv1/act/Sigmoid), /model.15/m.0/cv1/act/Mul)",tensorrt,trt_layer,0.166571,0.000936,0.164635,0.168542,60,0.154504,94.866417
yolov8n,tensorrt_fp16,52,/model.15/m.0/cv2/conv/Conv,tensorrt,trt_layer,0.437687,0.002696,0.429115,0.443959,60,0.40598,80.695947
yolov8n,tensorrt_fp16,96,"PWN(PWN(/model.15/m.0/cv2/act/Sigmoid), /model.15/m.0/cv2/act/Mul)",tensorrt,trt_layer,0.169056,0.001458,0.165886,0.172656,60,0.156809,94.244334
yolov8n,tensorrt_fp16,48,/model.15/cv2/conv/Conv,tensorrt,trt_layer,0.450765,0.001912,0.446875,0.454583,60,0.41811,79.063489
yolov8n,tensorrt_fp16,80,"PWN(PWN(/model.15/cv2/act/Sigmoid), /model.15/cv2/act/Mul)",tensorrt,trt_layer,0.324751,0.001034,0.321822,0.326771,60,0.301225,90.733899
yolov8n,tensorrt_fp16,43,/model.16/conv/Conv,tensorrt,trt_layer,0.509853,0.003468,0.500208,0.516354,60,0.472918,76.901155
yolov8n,tensorrt_fp16,119,"PWN(PWN(/model.16/act/Sigmoid), /model.16/act/Mul)",tensorrt,trt_layer,0.101871,0.021578,0.098021,0.2675,60,0.094491,97.150097
yolov8n,tensorrt_fp16,86,/model.12/cv2/act/Mul_output_0 copy,tensorrt,trt_layer,0.249319,0.000836,0.247656,0.250677,60,0.231258,92.391929
yolov8n,tensorrt_fp16,70,/model.18/cv1/conv/Conv,tensorrt,trt_layer,0.383214,0.002756,0.378594,0.390052,60,0.355453,87.52556
yolov8n,tensorrt_fp16,98,"PWN(PWN(/model.18/cv1/act/Sigmoid), /model.18/cv1/act/Mul)",tensorrt,trt_layer,0.168335,0.001147,0.165313,0.170989,60,0.15614,94.557259
yolov8n,tensorrt_fp16,153,/model.18/Split,tensorrt,trt_layer,0.037938,0.000926,0.034323,0.040157,60,0.03519,99.379872
yolov8n,tensorrt_fp16,162,/model.18/Split_6,tensorrt,trt_layer,0.034504,0.000488,0.033333,0.035573,60,0.032004,99.676709
yolov8n,tensorrt_fp16,57,/model.18/m.0/cv1/conv/Conv,tensorrt,trt_layer,0.420003,0.001962,0.41625,0.42474,60,0.389577,82.670172
yolov8n,tensorrt_fp16,132,"PWN(PWN(/model.18/m.0/cv1/act/Sigmoid), /model.18/m.0/cv1/act/Mul)",tensorrt,trt_layer,0.086047,0.000529,0.084219,0.087291,60,0.079813,98.249252
yolov8n,tensorrt_fp16,61,/model.18/m.0/cv2/conv/Conv,tensorrt,trt_layer,0.409904,0.062053,0.396719,0.886146,60,0.380209,84.210578
yolov8n,tensorrt_fp16,120,"PWN(PWN(/model.18/m.0/cv2/act/Sigmoid), /model.18/m.0/cv2/act/Mul)",tensorrt,trt_layer,0.099497,0.000617,0.098645,0.102395,60,0.092289,97.242386
yolov8n,tensorrt_fp16,71,/model.18/cv2/conv/Conv,tensorrt,trt_layer,0.381573,0.004332,0.374115,0.390573,60,0.353931,87.879491
yolov8n,tensorrt_fp16,101,"PWN(PWN(/model.18/cv2/act/Sigmoid), /model.18/cv2/act/Mul)",tensorrt,trt_layer,0.16494,0.000978,0.162552,0.166719,60,0.152991,95.019408
yolov8n,tensorrt_fp16,35,/model.19/conv/Conv,tensorrt,trt_layer,0.588478,0.002158,0.581458,0.593177,60,0.545847,72.908067
yolov8n,tensorrt_fp16,145,"PWN(PWN(/model.19/act/Sigmoid), /model.19/act/Mul)",tensorrt,trt_layer,0.051237,0.00058,0.05,0.052448,60,0.047525,99.049864
yolov8n,tensorrt_fp16,108,/model.9/cv2/act/Mul_output_0 copy,tensorrt,trt_layer,0.127738,0.000873,0.126146,0.130313,60,0.118484,95.981522
yolov8n,tensorrt_fp16,54,/model.21/cv1/conv/Conv,tensorrt,trt_layer,0.425683,0.003249,0.418698,0.433854,60,0.394845,81.493196
yolov8n,tensorrt_fp16,128,"PWN(PWN(/model.21/cv1/act/Sigmoid), /model.21/cv1/act/Mul)",tensorrt,trt_layer,0.089327,0.000648,0.087813,0.090729,60,0.082856,97.926513
yolov8n,tensorrt_fp16,169,/model.21/Split,tensorrt,trt_layer,0.020293,0.000839,0.018906,0.02349,60,0.018823,99.850572
yolov8n,tensorrt_fp16,170,/model.21/Split_7,tensorrt,trt_layer,0.020203,0.0006,0.01901,0.021875,60,0.018739,99.869312
yolov8n,tensorrt_fp16,36,/model.21/m.0/cv1/conv/Conv,tensorrt,trt_layer,0.551139,0.005802,0.539219,0.566615,60,0.511213,73.41928
yolov8n,tensorrt_fp16,146,"PWN(PWN(/model.21/m.0/cv1/act/Sigmoid), /model.21/m.0/cv1/act/Mul)",tensorrt,trt_layer,0.050872,0.001024,0.049219,0.056041,60,0.047187,99.097051
yolov8n,tensorrt_fp16,38,/model.21/m.0/cv2/conv/Conv,tensorrt,trt_layer,0.543069,0.005914,0.530729,0.554115,60,0.503727,74.43375
yolov8n,tensorrt_fp16,144,"PWN(PWN(/model.21/m.0/cv2/act/Sigmoid), /model.21/m.0/cv2/act/Mul)",tensorrt,trt_layer,0.051647,0.00052,0.05,0.05276,60,0.047906,99.002339
yolov8n,tensorrt_fp16,55,/model.21/cv2/conv/Conv,tensorrt,trt_layer,0.425043,0.030642,0.414427,0.658906,60,0.394252,81.887447
yolov8n,tensorrt_fp16,124,"PWN(PWN(/model.21/cv2/act/Sigmoid), /model.21/cv2/act/Mul)",tensorrt,trt_layer,0.0909,0.000864,0.089427,0.094636,60,0.084315,97.593481
yolov8n,tensorrt_fp16,2,/model.22/cv2.0/cv2.0.0/conv/Conv || /model.22/cv3.0/cv3.0.0/conv/Conv,tensorrt,trt_layer,3.405403,0.016536,3.366406,3.441875,60,3.158705,35.356923
yolov8n,tensorrt_fp16,79,"PWN(PWN(/model.22/cv2.0/cv2.0.0/act/Sigmoid), /model.22/cv2.0/cv2.0.0/act/Mul)",tensorrt,trt_layer,0.32716,0.002912,0.321459,0.33901,60,0.30346,90.432674
yolov8n,tensorrt_fp16,12,/model.22/cv2.0/cv2.0.1/conv/Conv,tensorrt,trt_layer,1.318356,0.007247,1.306927,1.337552,60,1.22285,53.248399
yolov8n,tensorrt_fp16,76,"PWN(PWN(/model.22/cv2.0/cv2.0.1/act/Sigmoid), /model.22/cv2.0/cv2.0.1/act/Mul)",tensorrt,trt_layer,0.341239,0.000874,0.339167,0.343229,60,0.316519,89.505009
yolov8n,tensorrt_fp16,72,/model.22/cv2.0/cv2.0.2/Conv,tensorrt,trt_layer,0.367741,0.002138,0.362553,0.372395,60,0.341101,88.220592
yolov8n,tensorrt_fp16,68,"PWN(PWN(/model.22/cv3.0/cv3.0.0/act/Sigmoid), /model.22/cv3.0/cv3.0.0/act/Mul)",tensorrt,trt_layer,0.397963,0.003003,0.390885,0.407396,60,0.369133,86.813843
yolov8n,tensorrt_fp16,5,/model.22/cv3.0/cv3.0.1/conv/Conv,tensorrt,trt_layer,2.393472,0.009674,2.375469,2.425365,60,2.220082,42.864674
yolov8n,tensorrt_fp16,60,"PWN(PWN(/model.22/cv3.0/cv3.0.1/act/Sigmoid), /model.22/cv3.0/cv3.0.1/act/Mul)",tensorrt,trt_layer,0.411734,0.000856,0.409844,0.413646,60,0.381907,83.830369
yolov8n,tensorrt_fp16,27,/model.22/cv3.0/cv3.0.2/Conv,tensorrt,trt_layer,0.732786,0.005717,0.722552,0.746927,60,0.679701,67.994162
yolov8n,tensorrt_fp16,8,/model.22/cv2.1/cv2.1.0/conv/Conv || /model.22/cv3.1/cv3.1.0/conv/Conv,tensorrt,trt_layer,1.722901,0.010181,1.702188,1.746562,60,1.598089,48.107703
yolov8n,tensorrt_fp16,121,"PWN(PWN(/model.22/cv2.1/cv2.1.0/act/Sigmoid), /model.22/cv2.1/cv2.1.0/act/Mul)",tensorrt,trt_layer,0.099428,0.001185,0.097083,0.102969,60,0.092225,97.334611
yolov8n,tensorrt_fp16,67,/model.22/cv2.1/cv2.1.1/conv/Conv,tensorrt,trt_layer,0.398356,0.001967,0.394583,0.4025,60,0.369498,86.444709
yolov8n,tensorrt_fp16,127,"PWN(PWN(/model.22/cv2.1/cv2.1.1/act/Sigmoid), /model.22/cv2.1/cv2.1.1/act/Mul)",tensorrt,trt_layer,0.089524,0.000414,0.088646,0.090573,60,0.083039,97.843657
yolov8n,tensorrt_fp16,113,/model.22/cv2.1/cv2.1.2/Conv,tensorrt,trt_layer,0.113197,0.001746,0.109479,0.116771,60,0.104997,96.546003
yolov8n,tensorrt_fp16,118,"PWN(PWN(/model.22/cv3.1/cv3.1.0/act/Sigmoid), /model.22/cv3.1/cv3.1.0/act/Mul)",tensorrt,trt_layer,0.108246,0.001566,0.105365,0.112552,60,0.100404,97.055606
yolov8n,tensorrt_fp16,28,/model.22/cv3.1/cv3.1.1/conv/Conv,tensorrt,trt_layer,0.73271,0.00349,0.725677,0.745417,60,0.67963,68.673793
yolov8n,tensorrt_fp16,114,"PWN(PWN(/model.22/cv3.1/cv3.1.1/act/Sigmoid), /model.22/cv3.1/cv3.1.1/act/Mul)",tensorrt,trt_layer,0.112127,0.001296,0.110573,0.115417,60,0.104004,96.650007
yolov8n,tensorrt_fp16,90,/model.22/cv3.1/cv3.1.2/Conv,tensorrt,trt_layer,0.215865,0.002004,0.210938,0.220261,60,0.200227,93.239013
yolov8n,tensorrt_fp16,14,/model.22/cv2.2/cv2.2.0/conv/Conv || /model.22/cv3.2/cv3.2.0/conv/Conv,tensorrt,trt_layer,1.259704,0.020997,1.236458,1.393073,60,1.168447,55.633984
yolov8n,tensorrt_fp16,164,"PWN(PWN(/model.22/cv2.2/cv2.2.0/act/Sigmoid), /model.22/cv2.2/cv2.2.0/act/Mul)",tensorrt,trt_layer,0.032433,0.000635,0.031094,0.034062,60,0.030083,99.737468
yolov8n,tensorrt_fp16,102,/model.22/cv2.2/cv2.2.1/conv/Conv,tensorrt,trt_layer,0.162388,0.002153,0.15875,0.175105,60,0.150624,95.170032
yolov8n,tensorrt_fp16,165,"PWN(PWN(/model.22/cv2.2/cv2.2.1/act/Sigmoid), /model.22/cv2.2/cv2.2.1/act/Mul)",tensorrt,trt_layer,0.029902,0.000479,0.028698,0.031146,60,0.027736,99.765204
yolov8n,tensorrt_fp16,149,/model.22/cv2.2/cv2.2.2/Conv,tensorrt,trt_layer,0.047315,0.000622,0.046198,0.04901,60,0.043887,99.230821
yolov8n,tensorrt_fp16,163,"PWN(PWN(/model.22/cv3.2/cv3.2.0/act/Sigmoid), /model.22/cv3.2/cv3.2.0/act/Mul)",tensorrt,trt_layer,0.033071,0.000642,0.031823,0.034428,60,0.030675,99.707385
yolov8n,tensorrt_fp16,83,/model.22/cv3.2/cv3.2.1/conv/Conv,tensorrt,trt_layer,0.302997,0.002639,0.294635,0.308021,60,0.281047,91.607279
yolov8n,tensorrt_fp16,157,"PWN(PWN(/model.22/cv3.2/cv3.2.1/act/Sigmoid), /model.22/cv3.2/cv3.2.1/act/Mul)",tensorrt,trt_layer,0.035098,0.000702,0.033438,0.036302,60,0.032555,99.516359
yolov8n,tensorrt_fp16,133,/model.22/cv3.2/cv3.2.2/Conv,tensorrt,trt_layer,0.079425,0.001488,0.075885,0.082969,60,0.073671,98.322923
yolov8n,tensorrt_fp16,25,Reformatting CopyNode for Input Tensor 0 to /model.22/Reshape,tensorrt,trt_layer,0.950533,0.002673,0.94698,0.958855,60,0.881674,66.630593
yolov8n,tensorrt_fp16,87,Reformatting CopyNode for Input Tensor 0 to /model.22/Reshape_1,tensorrt,trt_layer,0.242579,0.00115,0.240469,0.245573,60,0.225006,92.616935
yolov8n,tensorrt_fp16,141,Reformatting CopyNode for Input Tensor 0 to /model.22/Reshape_2,tensorrt,trt_layer,0.064891,0.000385,0.064063,0.066146,60,0.06019,98.834374
yolov8n,tensorrt_fp16,21,/model.22/Reshape_output_0 copy,tensorrt,trt_layer,1.001458,0.0009,0.999427,1.003386,60,0.928909,63.025023
yolov8n,tensorrt_fp16,85,/model.22/Reshape_1_output_0 copy,tensorrt,trt_layer,0.297625,0.000943,0.295678,0.299844,60,0.276064,92.160671
yolov8n,tensorrt_fp16,116,/model.22/Reshape_2_output_0 copy,tensorrt,trt_layer,0.109147,0.001183,0.107031,0.111979,60,0.10124,96.854656
yolov8n,tensorrt_fp16,22,/model.22/Split,tensorrt,trt_layer,0.985989,0.00125,0.983489,0.989427,60,0.914561,63.939584
yolov8n,tensorrt_fp16,17,/model.22/Split_8,tensorrt,trt_layer,1.228086,0.00129,1.225365,1.231354,60,1.13912,59.072038
yolov8n,tensorrt_fp16,15,/model.22/dfl/Reshape + /model.22/dfl/Transpose,tensorrt,trt_layer,1.244104,0.012965,1.225208,1.284219,60,1.153977,56.787961
yolov8n,tensorrt_fp16,4,/model.22/dfl/Softmax,tensorrt,trt_layer,2.791809,0.005431,2.784896,2.824791,60,2.589562,40.644593
yolov8n,tensorrt_fp16,7,(Unnamed Layer* 230) [Shuffle] + /model.22/dfl/Transpose_1,tensorrt,trt_layer,1.954439,0.042323,1.901719,2.029427,60,1.812854,46.509615
yolov8n,tensorrt_fp16,1,/model.22/dfl/conv/Conv,tensorrt,trt_layer,34.712925,262.10441,0.58625,2047.975098,60,32.198217,32.198217
yolov8n,tensorrt_fp16,150,/model.22/Slice,tensorrt,trt_layer,0.04292,0.000614,0.041197,0.044844,60,0.039811,99.270632
yolov8n,tensorrt_fp16,151,/model.22/Slice_1,tensorrt,trt_layer,0.041724,0.000314,0.041198,0.0425,60,0.038701,99.309334
yolov8n,tensorrt_fp16,180,/model.22/Constant_9_output_0,tensorrt,trt_layer,0.000766,0.000115,0.000625,0.001094,60,0.000711,99.999329
yolov8n,tensorrt_fp16,176,/model.22/Sub,tensorrt,trt_layer,0.014071,0.000312,0.013489,0.015104,60,0.013052,99.973015
yolov8n,tensorrt_fp16,181,/model.22/Constant_9_output_0_9,tensorrt,trt_layer,0.000723,0.000102,0.000625,0.001198,60,0.000671,100.0
yolov8n,tensorrt_fp16,178,/model.22/Add_1,tensorrt,trt_layer,0.012326,0.000218,0.011875,0.012917,60,0.011433,99.996993
yolov8n,tensorrt_fp16,168,"PWN(/model.22/Constant_11_output_0 + (Unnamed Layer* 242) [Shuffle], PWN(/model.22/Add_2, /model.22/Div_1))",tensorrt,trt_layer,0.021894,0.000332,0.02125,0.02276,60,0.020308,99.83175
yolov8n,tensorrt_fp16,177,/model.22/Sub_1,tensorrt,trt_layer,0.013525,0.014155,0.01125,0.122239,60,0.012545,99.98556
yolov8n,tensorrt_fp16,152,/model.22/Div_1_output_0 copy,tensorrt,trt_layer,0.038109,0.018034,0.035261,0.176615,60,0.035348,99.344682
yolov8n,tensorrt_fp16,156,/model.22/Sub_1_output_0 copy,tensorrt,trt_layer,0.037166,0.026077,0.032656,0.237448,60,0.034474,99.483803
yolov8n,tensorrt_fp16,179,/model.22/Constant_12_output_0 + (Unnamed Layer* 247) [Shuffle],tensorrt,trt_layer,0.001753,0.007875,0.000625,0.062239,60,0.001626,99.998619
yolov8n,tensorrt_fp16,166,/model.22/Mul_2,tensorrt,trt_layer,0.027589,0.015687,0.025156,0.148073,60,0.02559,99.790794
yolov8n,tensorrt_fp16,64,PWN(/model.22/Sigmoid),tensorrt,trt_layer,0.401932,0.010097,0.398645,0.479115,60,0.372815,85.329926
yolov8n,tensorrt_fp16,135,/model.22/Mul_2_output_0 copy,tensorrt,trt_layer,0.077104,0.000395,0.076406,0.078229,60,0.071518,98.467132
yolov8n,tensorrt_fp16,16,/model.22/Sigmoid_output_0 copy,tensorrt,trt_layer,1.234379,0.001163,1.232188,1.236614,60,1.144957,57.932918
yolov8n,tensorrt_fp32,4,/model.0/conv/Conv,tensorrt,trt_layer,3.844268,0.021833,3.824636,3.959896,60,2.754927,39.162418
yolov8n,tensorrt_fp32,23,"PWN(PWN(/model.0/act/Sigmoid), /model.0/act/Mul)",tensorrt,trt_layer,1.168272,0.000779,1.166771,1.170729,60,0.837221,64.711094
yolov8n,tensorrt_fp32,7,/model.1/conv/Conv,tensorrt,trt_layer,2.580936,0.025902,2.528594,2.617031,60,1.849582,45.230606
yolov8n,tensorrt_fp32,65,"PWN(PWN(/model.1/act/Sigmoid), /model.1/act/Mul)",tensorrt,trt_layer,0.556796,0.000731,0.555105,0.55849,60,0.399018,89.001942
yolov8n,tensorrt_fp32,28,/model.2/cv1/conv/Conv,tensorrt,trt_layer,1.007373,0.011148,0.983437,1.031563,60,0.721916,68.55665
yolov8n,tensorrt_fp32,63,"PWN(PWN(/model.2/cv1/act/Sigmoid), /model.2/cv1/act/Mul)",tensorrt,trt_layer,0.579352,0.000711,0.577969,0.581875,60,0.415182,88.195625
yolov8n,tensorrt_fp32,91,/model.2/Split,tensorrt,trt_layer,0.210768,0.003236,0.205156,0.225208,60,0.151043,95.098779
yolov8n,tensorrt_fp32,90,/model.2/Split_0,tensorrt,trt_layer,0.212071,0.00313,0.206719,0.223229,60,0.151977,94.947736
yolov8n,tensorrt_fp32,13,/model.2/m.0/cv1/conv/Conv,tensorrt,trt_layer,1.972168,0.006089,1.963802,1.991927,60,1.413319,54.720455
yolov8n,tensorrt_fp32,81,"PWN(PWN(/model.2/m.0/cv1/act/Sigmoid), /model.2/m.0/cv1/act/Mul)",tensorrt,trt_layer,0.298185,0.001053,0.297187,0.304115,60,0.213689,93.298408
yolov8n,tensorrt_fp32,14,/model.2/m.0/cv2/conv/Conv,tensorrt,trt_layer,1.965002,0.009193,1.946614,1.981823,60,1.408184,56.128639
yolov8n,tensorrt_fp32,72,"PWN(PWN(PWN(/model.2/m.0/cv2/act/Sigmoid), /model.2/m.0/cv2/act/Mul), /model.2/m.0/Add)",tensorrt,trt_layer,0.377886,0.001226,0.376198,0.381146,60,0.270805,91.255809
yolov8n,tensorrt_fp32,92,/model.2/Split_output_1 copy,tensorrt,trt_layer,0.2082,0.003304,0.202865,0.220573,60,0.149203,95.247982
yolov8n,tensorrt_fp32,25,/model.2/cv2/conv/Conv,tensorrt,trt_layer,1.138961,0.007145,1.127917,1.158646,60,0.816216,66.361381
yolov8n,tensorrt_fp32,60,"PWN(PWN(/model.2/cv2/act/Sigmoid), /model.2/cv2/act/Mul)",tensorrt,trt_layer,0.599787,0.001708,0.596719,0.605052,60,0.429827,86.923668
yolov8n,tensorrt_fp32,11,/model.3/conv/Conv,tensorrt,trt_layer,1.987602,0.006619,1.964791,2.001094,60,1.42438,51.892633
yolov8n,tensorrt_fp32,80,"PWN(PWN(/model.3/act/Sigmoid), /model.3/act/Mul)",tensorrt,trt_layer,0.301703,0.002072,0.299479,0.308645,60,0.21621,93.084719
yolov8n,tensorrt_fp32,62,/model.4/cv1/conv/Conv,tensorrt,trt_layer,0.597025,0.004716,0.585312,0.606511,60,0.427847,87.780443
yolov8n,tensorrt_fp32,79,"PWN(PWN(/model.4/cv1/act/Sigmoid), /model.4/cv1/act/Mul)",tensorrt,trt_layer,0.302622,0.001807,0.298333,0.305365,60,0.216869,92.868509
yolov8n,tensorrt_fp32,109,/model.4/Split,tensorrt,trt_layer,0.128985,0.002098,0.124635,0.132969,60,0.092435,97.102209
yolov8n,tensorrt_fp32,112,/model.4/Split_1,tensorrt,trt_layer,0.127677,0.001929,0.123385,0.131615,60,0.091497,97.37717
yolov8n,tensorrt_fp32,43,/model.4/m.0/cv1/conv/Conv,tensorrt,trt_layer,0.752596,0.007375,0.741094,0.775105,60,0.539335,78.24719
yolov8n,tensorrt_fp32,98,"PWN(PWN(/model.4/m.0/cv1/act/Sigmoid), /model.4/m.0/cv1/act/Mul)",tensorrt,trt_layer,0.156935,0.001554,0.153385,0.159531,60,0.112465,95.989537
yolov8n,tensorrt_fp32,47,/model.4/m.0/cv2/conv/Conv,tensorrt,trt_layer,0.737593,0.005608,0.724636,0.746041,60,0.528583,80.364043
yolov8n,tensorrt_fp32,95,"PWN(PWN(PWN(/model.4/m.0/cv2/act/Sigmoid), /model.4/m.0/cv2/act/Mul), /model.4/m.0/Add)",tensorrt,trt_layer,0.178739,0.001603,0.175156,0.182552,60,0.12809,95.648004
yolov8n,tensorrt_fp32,46,/model.4/m.1/cv1/conv/Conv,tensorrt,trt_layer,0.738451,0.007711,0.723906,0.757812,60,0.529198,79.83546
yolov8n,tensorrt_fp32,99,"PWN(PWN(/model.4/m.1/cv1/act/Sigmoid), /model.4/m.1/cv1/act/Mul)",tensorrt,trt_layer,0.153972,0.001658,0.150104,0.156822,60,0.110341,96.099878
yolov8n,tensorrt_fp32,45,/model.4/m.1/cv2/conv/Conv,tensorrt,trt_layer,0.738757,0.005974,0.723021,0.752135,60,0.529417,79.306262
yolov8n,tensorrt_fp32,93,"PWN(PWN(PWN(/model.4/m.1/cv2/act/Sigmoid), /model.4/m.1/cv2/act/Mul), /model.4/m.1/Add)",tensorrt,trt_layer,0.198737,0.001568,0.19526,0.201302,60,0.142421,95.390404
yolov8n,tensorrt_fp32,113,/model.4/Split_output_1 copy,tensorrt,trt_layer,0.127671,0.006802,0.123229,0.163333,60,0.091493,97.468663
yolov8n,tensorrt_fp32,110,/model.4/m.0/Add_output_0 copy,tensorrt,trt_layer,0.128205,0.006676,0.123073,0.166667,60,0.091876,97.194085
yolov8n,tensorrt_fp32,36,/model.4/cv2/conv/Conv,tensorrt,trt_layer,0.96048,0.007847,0.950313,0.996979,60,0.688311,74.219511
yolov8n,tensorrt_fp32,74,"PWN(PWN(/model.4/cv2/act/Sigmoid), /model.4/cv2/act/Mul)",tensorrt,trt_layer,0.334159,0.001051,0.331823,0.335989,60,0.239469,91.750991
yolov8n,tensorrt_fp32,12,/model.5/conv/Conv,tensorrt,trt_layer,1.973819,0.013355,1.936771,1.997968,60,1.414503,53.307135
yolov8n,tensorrt_fp32,101,"PWN(PWN(/model.5/act/Sigmoid), /model.5/act/Mul)",tensorrt,trt_layer,0.148303,0.003931,0.145573,0.175261,60,0.106279,96.312928
yolov8n,tensorrt_fp32,67,/model.6/cv1/conv/Conv,tensorrt,trt_layer,0.519023,0.003746,0.509948,0.528906,60,0.371949,89.7464
yolov8n,tensorrt_fp32,102,"PWN(PWN(/model.6/cv1/act/Sigmoid), /model.6/cv1/act/Mul)",tensorrt,trt_layer,0.148004,0.00144,0.144323,0.150261,60,0.106064,96.418993
yolov8n,tensorrt_fp32,138,/model.6/Split,tensorrt,trt_layer,0.067362,0.001113,0.063959,0.069427,60,0.048274,98.974621
yolov8n,tensorrt_fp32,143,/model.6/Split_2,tensorrt,trt_layer,0.064853,0.000926,0.063073,0.067396,60,0.046476,99.208121
yolov8n,tensorrt_fp32,50,/model.6/m.0/cv1/conv/Conv,tensorrt,trt_layer,0.722952,0.004402,0.716406,0.733645,60,0.518091,81.918682
yolov8n,tensorrt_fp32,126,"PWN(PWN(/model.6/m.0/cv1/act/Sigmoid), /model.6/m.0/cv1/act/Mul)",tensorrt,trt_layer,0.08064,0.00074,0.078541,0.081927,60,0.057789,98.340105
yolov8n,tensorrt_fp32,54,/model.6/m.0/cv2/conv/Conv,tensorrt,trt_layer,0.709767,0.005578,0.70125,0.721407,60,0.508642,83.962006
yolov8n,tensorrt_fp32,121,"PWN(PWN(PWN(/model.6/m.0/cv2/act/Sigmoid), /model.6/m.0/cv2/act/Mul), /model.6/m.0/Add)",tensorrt,trt_layer,0.087286,0.001015,0.084427,0.089896,60,0.062552,98.042245
yolov8n,tensorrt_fp32,58,/model.6/m.1/cv1/conv/Conv,tensorrt,trt_layer,0.705799,0.004078,0.697553,0.716928,60,0.505798,85.990881
yolov8n,tensorrt_fp32,127,"PWN(PWN(/model.6/m.1/cv1/act/Sigmoid), /model.6/m.1/cv1/act/Mul)",tensorrt,trt_layer,0.078587,0.000735,0.076354,0.080105,60,0.056318,98.396423
yolov8n,tensorrt_fp32,55,/model.6/m.1/cv2/conv/Conv,tensorrt,trt_layer,0.709205,0.00657,0.695572,0.729896,60,0.508239,84.470246
yolov8n,tensorrt_fp32,116,"PWN(PWN(PWN(/model.6/m.1/cv2/act/Sigmoid), /model.6/m.1/cv2/act/Mul), /model.6/m.1/Add)",tensorrt,trt_layer,0.103707,0.000907,0.101406,0.106562,60,0.07432,97.70998
yolov8n,tensorrt_fp32,145,/model.6/Split_output_1 copy,tensorrt,trt_layer,0.064247,0.001063,0.061615,0.068021,60,0.046041,99.300624
yolov8n,tensorrt_fp32,144,/model.6/m.0/Add_output_0 copy,tensorrt,trt_layer,0.064833,0.00066,0.06349,0.066719,60,0.046461,99.254583
yolov8n,tensorrt_fp32,37,/model.6/cv2/conv/Conv,tensorrt,trt_layer,0.901995,0.00834,0.887708,0.922135,60,0.646399,74.86591
yolov8n,tensorrt_fp32,96,"PWN(PWN(/model.6/cv2/act/Sigmoid), /model.6/cv2/act/Mul)",tensorrt,trt_layer,0.162222,0.004248,0.159323,0.184739,60,0.116254,95.764257
yolov8n,tensorrt_fp32,10,/model.7/conv/Conv,tensorrt,trt_layer,2.310254,0.004815,2.302448,2.33,60,1.655603,50.468253
yolov8n,tensorrt_fp32,132,"PWN(PWN(/model.7/act/Sigmoid), /model.7/act/Mul)",tensorrt,trt_layer,0.074562,0.000537,0.073386,0.075729,60,0.053434,98.670195
yolov8n,tensorrt_fp32,64,/model.8/cv1/conv/Conv,tensorrt,trt_layer,0.568352,0.005876,0.558281,0.581823,60,0.407299,88.602924
yolov8n,tensorrt_fp32,128,"PWN(PWN(/model.8/cv1/act/Sigmoid), /model.8/cv1/act/Mul)",tensorrt,trt_layer,0.078351,0.0007,0.076093,0.079843,60,0.056149,98.452572
yolov8n,tensorrt_fp32,161,/model.8/Split,tensorrt,trt_layer,0.035862,0.000772,0.034635,0.038125,60,0.0257,99.782941
yolov8n,tensorrt_fp32,163,/model.8/Split_3,tensorrt,trt_layer,0.034464,0.000521,0.033594,0.036875,60,0.024698,99.833335
yolov8n,tensorrt_fp32,29,/model.8/m.0/cv1/conv/Conv,tensorrt,trt_layer,1.003194,0.006029,0.991615,1.01901,60,0.718921,69.275571
yolov8n,tensorrt_fp32,151,"PWN(PWN(/model.8/m.0/cv1/act/Sigmoid), /model.8/m.0/cv1/act/Mul)",tensorrt,trt_layer,0.042275,0.000636,0.040261,0.043593,60,0.030296,99.508943
yolov8n,tensorrt_fp32,33,/model.8/m.0/cv2/conv/Conv,tensorrt,trt_layer,0.987487,0.005022,0.979218,0.998802,60,0.707665,72.128037
yolov8n,tensorrt_fp32,146,"PWN(PWN(PWN(/model.8/m.0/cv2/act/Sigmoid), /model.8/m.0/cv2/act/Mul), /model.8/m.0/Add)",tensorrt,trt_layer,0.055845,0.003504,0.05375,0.081927,60,0.04002,99.340645
yolov8n,tensorrt_fp32,162,/model.8/Split_output_1 copy,tensorrt,trt_layer,0.035856,0.008028,0.031823,0.073073,60,0.025696,99.808637
yolov8n,tensorrt_fp32,39,/model.8/cv2/conv/Conv,tensorrt,trt_layer,0.805224,0.004915,0.793489,0.820156,60,0.57705,76.020948
yolov8n,tensorrt_fp32,130,"PWN(PWN(/model.8/cv2/act/Sigmoid), /model.8/cv2/act/Mul)",tensorrt,trt_layer,0.076173,0.000604,0.074427,0.077708,60,0.054588,98.562631
yolov8n,tensorrt_fp32,77,/model.9/cv1/conv/Conv,tensorrt,trt_layer,0.30805,0.003998,0.301562,0.317031,60,0.220759,92.434251
yolov8n,tensorrt_fp32,152,"PWN(PWN(/model.9/cv1/act/Sigmoid), /model.9/cv1/act/Mul)",tensorrt,trt_layer,0.041956,0.000653,0.04,0.043906,60,0.030067,99.53901
yolov8n,tensorrt_fp32,87,/model.9/m/MaxPool,tensorrt,trt_layer,0.245904,0.000996,0.244166,0.24823,60,0.176223,94.46492
yolov8n,tensorrt_fp32,86,/model.9/m_1/MaxPool,tensorrt,trt_layer,0.245906,0.006231,0.241563,0.273803,60,0.176224,94.288697
yolov8n,tensorrt_fp32,88,/model.9/m_2/MaxPool,tensorrt,trt_layer,0.245056,0.005415,0.241302,0.28573,60,0.175615,94.640535
yolov8n,tensorrt_fp32,157,/model.9/cv1/act/Mul_output_0 copy,tensorrt,trt_layer,0.037288,0.004669,0.034114,0.072656,60,0.026722,99.679444
yolov8n,tensorrt_fp32,158,/model.9/m/MaxPool_output_0 copy,tensorrt,trt_layer,0.036613,0.00774,0.033542,0.072552,60,0.026238,99.705682
yolov8n,tensorrt_fp32,164,/model.9/m_1/MaxPool_output_0 copy,tensorrt,trt_layer,0.034296,0.000708,0.031823,0.03599,60,0.024578,99.857913
yolov8n,tensorrt_fp32,26,/model.9/cv2/conv/Conv,tensorrt,trt_layer,1.038529,0.006791,1.028959,1.057135,60,0.744243,67.105624
yolov8n,tensorrt_fp32,134,"PWN(PWN(/model.9/cv2/act/Sigmoid), /model.9/cv2/act/Mul)",tensorrt,trt_layer,0.073428,0.004129,0.070782,0.104635,60,0.052621,98.776137
yolov8n,tensorrt_fp32,68,/model.10/Resize,tensorrt,trt_layer,0.512917,0.003561,0.509896,0.536094,60,0.367573,90.113973
yolov8n,tensorrt_fp32,89,/model.10/Resize_output_0 copy,tensorrt,trt_layer,0.216603,0.008451,0.207761,0.246562,60,0.155225,94.795759
yolov8n,tensorrt_fp32,17,/model.12/cv1/conv/Conv,tensorrt,trt_layer,1.298181,0.007514,1.285521,1.317656,60,0.930318,59.411773
yolov8n,tensorrt_fp32,104,"PWN(PWN(/model.12/cv1/act/Sigmoid), /model.12/cv1/act/Mul)",tensorrt,trt_layer,0.142517,0.003213,0.139219,0.161666,60,0.102132,96.623426
yolov8n,tensorrt_fp32,136,/model.12/Split,tensorrt,trt_layer,0.069158,0.007384,0.064219,0.105365,60,0.049561,98.877959
yolov8n,tensorrt_fp32,139,/model.12/Split_4,tensorrt,trt_layer,0.065588,0.002983,0.063386,0.087448,60,0.047002,99.021623
yolov8n,tensorrt_fp32,49,/model.12/m.0/cv1/conv/Conv,tensorrt,trt_layer,0.723067,0.004926,0.713959,0.73802,60,0.518173,81.400591
yolov8n,tensorrt_fp32,133,"PWN(PWN(/model.12/m.0/cv1/act/Sigmoid), /model.12/m.0/cv1/act/Mul)",tensorrt,trt_layer,0.074405,0.000726,0.072031,0.075417,60,0.053321,98.723516
yolov8n,tensorrt_fp32,57,/model.12/m.0/cv2/conv/Conv,tensorrt,trt_layer,0.706977,0.004518,0.696771,0.716875,60,0.506643,85.485083
yolov8n,tensorrt_fp32,122,"PWN(PWN(/model.12/m.0/cv2/act/Sigmoid), /model.12/m.0/cv2/act/Mul)",tensorrt,trt_layer,0.086318,0.00697,0.083594,0.11974,60,0.061858,98.104103
yolov8n,tensorrt_fp32,52,/model.12/cv2/conv/Conv,tensorrt,trt_layer,0.71451,0.004271,0.701719,0.721458,60,0.512041,82.942882
yolov8n,tensorrt_fp32,106,"PWN(PWN(/model.12/cv2/act/Sigmoid), /model.12/cv2/act/Mul)",tensorrt,trt_layer,0.136905,0.0012,0.134427,0.139636,60,0.098111,96.823198
yolov8n,tensorrt_fp32,27,/model.13/Resize,tensorrt,trt_layer,1.017411,0.005483,1.013854,1.056146,60,0.72911,67.834734
yolov8n,tensorrt_fp32,69,/model.13/Resize_output_0 copy,tensorrt,trt_layer,0.429286,0.010547,0.417396,0.463282,60,0.30764,90.421613
yolov8n,tensorrt_fp32,16,/model.15/cv1/conv/Conv,tensorrt,trt_layer,1.323773,0.005551,1.314479,1.3425,60,0.948659,58.481454
yolov8n,tensorrt_fp32,85,"PWN(PWN(/model.15/cv1/act/Sigmoid), /model.15/cv1/act/Mul)",tensorrt,trt_layer,0.270338,0.003031,0.267396,0.282812,60,0.193733,94.112473
yolov8n,tensorrt_fp32,108,/model.15/Split,tensorrt,trt_layer,0.129519,0.001708,0.125209,0.133698,60,0.092818,97.009774
yolov8n,tensorrt_fp32,111,/model.15/Split_5,tensorrt,trt_layer,0.127803,0.001876,0.124062,0.131823,60,0.091588,97.285673
yolov8n,tensorrt_fp32,44,/model.15/m.0/cv1/conv/Conv,tensorrt,trt_layer,0.739089,0.002787,0.733542,0.746718,60,0.529655,78.776845
yolov8n,tensorrt_fp32,100,"PWN(PWN(/model.15/m.0/cv1/act/Sigmoid), /model.15/m.0/cv1/act/Mul)",tensorrt,trt_layer,0.14899,0.00652,0.145625,0.183438,60,0.106771,96.206649
yolov8n,tensorrt_fp32,42,/model.15/m.0/cv2/conv/Conv,tensorrt,trt_layer,0.755409,0.007002,0.74177,0.771979,60,0.541351,77.707855
yolov8n,tensorrt_fp32,97,"PWN(PWN(/model.15/m.0/cv2/act/Sigmoid), /model.15/m.0/cv2/act/Mul)",tensorrt,trt_layer,0.157424,0.001104,0.155052,0.160104,60,0.112815,95.877072
yolov8n,tensorrt_fp32,41,/model.15/cv2/conv/Conv,tensorrt,trt_layer,0.793348,0.007963,0.778906,0.834636,60,0.568539,77.166504
yolov8n,tensorrt_fp32,84,"PWN(PWN(/model.15/cv2/act/Sigmoid), /model.15/cv2/act/Mul)",tensorrt,trt_layer,0.274422,0.00709,0.269532,0.307761,60,0.19666,93.91874
yolov8n,tensorrt_fp32,35,/model.16/conv/Conv,tensorrt,trt_layer,0.970827,0.009681,0.954166,0.99276,60,0.695726,73.5312
yolov8n,tensorrt_fp32,123,"PWN(PWN(/model.16/act/Sigmoid), /model.16/act/Mul)",tensorrt,trt_layer,0.085988,0.004294,0.084167,0.11026,60,0.061622,98.165725
yolov8n,tensorrt_fp32,114,/model.12/cv2/act/Mul_output_0 copy,tensorrt,trt_layer,0.127032,0.004402,0.123541,0.150573,60,0.091035,97.559699
yolov8n,tensorrt_fp32,51,/model.18/cv1/conv/Conv,tensorrt,trt_layer,0.714675,0.005222,0.704375,0.726458,60,0.512159,82.430841
yolov8n,tensorrt_fp32,103,"PWN(PWN(/model.18/cv1/act/Sigmoid), /model.18/cv1/act/Mul)",tensorrt,trt_layer,0.142753,0.002404,0.140313,0.15276,60,0.102301,96.521294
yolov8n,tensorrt_fp32,137,/model.18/Split,tensorrt,trt_layer,0.067521,0.001292,0.064271,0.072136,60,0.048388,98.926347
yolov8n,tensorrt_fp32,141,/model.18/Split_6,tensorrt,trt_layer,0.065081,0.001206,0.062813,0.070468,60,0.046639,99.115053
yolov8n,tensorrt_fp32,48,/model.18/m.0/cv1/conv/Conv,tensorrt,trt_layer,0.723349,0.004979,0.716927,0.743698,60,0.518375,80.882418
yolov8n,tensorrt_fp32,131,"PWN(PWN(/model.18/m.0/cv1/act/Sigmoid), /model.18/m.0/cv1/act/Mul)",tensorrt,trt_layer,0.075534,0.000597,0.07375,0.077136,60,0.05413,98.616761
yolov8n,tensorrt_fp32,56,/model.18/m.0/cv2/conv/Conv,tensorrt,trt_layer,0.709143,0.00656,0.695729,0.735729,60,0.508195,84.97844
yolov8n,tensorrt_fp32,120,"PWN(PWN(/model.18/m.0/cv2/act/Sigmoid), /model.18/m.0/cv2/act/Mul)",tensorrt,trt_layer,0.088991,0.003236,0.087813,0.113646,60,0.063774,97.979693
yolov8n,tensorrt_fp32,53,/model.18/cv2/conv/Conv,tensorrt,trt_layer,0.712335,0.00537,0.700469,0.731041,60,0.510482,83.453364
yolov8n,tensorrt_fp32,105,"PWN(PWN(/model.18/cv2/act/Sigmoid), /model.18/cv2/act/Mul)",tensorrt,trt_layer,0.141859,0.005672,0.138594,0.170781,60,0.101661,96.725087
yolov8n,tensorrt_fp32,24,/model.19/conv/Conv,tensorrt,trt_layer,1.163875,0.00481,1.139792,1.177031,60,0.83407,65.545165
yolov8n,tensorrt_fp32,149,"PWN(PWN(/model.19/act/Sigmoid), /model.19/act/Mul)",tensorrt,trt_layer,0.046569,0.000423,0.045573,0.047448,60,0.033373,99.44647
yolov8n,tensorrt_fp32,142,/model.9/cv2/act/Mul_output_0 copy,tensorrt,trt_layer,0.065016,0.000949,0.063073,0.068854,60,0.046593,99.161646
yolov8n,tensorrt_fp32,38,/model.21/cv1/conv/Conv,tensorrt,trt_layer,0.806535,0.007038,0.793542,0.83724,60,0.577989,75.443899
yolov8n,tensorrt_fp32,129,"PWN(PWN(/model.21/cv1/act/Sigmoid), /model.21/cv1/act/Mul)",tensorrt,trt_layer,0.077405,0.005166,0.074219,0.109375,60,0.055471,98.508043
yolov8n,tensorrt_fp32,159,/model.21/Split,tensorrt,trt_layer,0.036023,0.001385,0.032916,0.042187,60,0.025815,99.731497
yolov8n,tensorrt_fp32,160,/model.21/Split_7,tensorrt,trt_layer,0.035924,0.006409,0.033073,0.071146,60,0.025744,99.757242
yolov8n,tensorrt_fp32,30,/model.21/m.0/cv1/conv/Conv,tensorrt,trt_layer,1.002787,0.006418,0.991302,1.019062,60,0.71863,69.994201
yolov8n,tensorrt_fp32,150,"PWN(PWN(/model.21/m.0/cv1/act/Sigmoid), /model.21/m.0/cv1/act/Mul)",tensorrt,trt_layer,0.044901,0.005468,0.042292,0.086667,60,0.032178,99.478648
yolov8n,tensorrt_fp32,32,/model.21/m.0/cv2/conv/Conv,tensorrt,trt_layer,0.988459,0.008765,0.978125,1.03724,60,0.708362,71.420372
yolov8n,tensorrt_fp32,148,"PWN(PWN(/model.21/m.0/cv2/act/Sigmoid), /model.21/m.0/cv2/act/Mul)",tensorrt,trt_layer,0.048453,0.00039,0.047396,0.04974,60,0.034723,99.413097
yolov8n,tensorrt_fp32,40,/model.21/cv2/conv/Conv,tensorrt,trt_layer,0.805179,0.003823,0.795729,0.815156,60,0.577017,76.597966
yolov8n,tensorrt_fp32,125,"PWN(PWN(/model.21/cv2/act/Sigmoid), /model.21/cv2/act/Mul)",tensorrt,trt_layer,0.081254,0.008783,0.077604,0.117864,60,0.058229,98.282316
yolov8n,tensorrt_fp32,2,/model.22/cv2.0/cv2.0.0/conv/Conv || /model.22/cv3.0/cv3.0.0/conv/Conv,tensorrt,trt_layer,5.833731,0.034962,5.75224,5.911562,60,4.18064,33.425018
yolov8n,tensorrt_fp32,76,"PWN(PWN(/model.22/cv2.0/cv2.0.0/act/Sigmoid), /model.22/cv2.0/cv2.0.0/act/Mul)",tensorrt,trt_layer,0.320255,0.003635,0.317604,0.34599,60,0.229505,92.213492
yolov8n,tensorrt_fp32,9,/model.22/cv2.0/cv2.0.1/conv/Conv,tensorrt,trt_layer,2.470618,0.020816,2.41724,2.543594,60,1.770525,48.81265
yolov8n,tensorrt_fp32,78,"PWN(PWN(/model.22/cv2.0/cv2.0.1/act/Sigmoid), /model.22/cv2.0/cv2.0.1/act/Mul)",tensorrt,trt_layer,0.303349,0.001711,0.300937,0.308386,60,0.21739,92.651641
yolov8n,tensorrt_fp32,61,/model.22/cv2.0/cv2.0.2/Conv,tensorrt,trt_layer,0.598532,0.007052,0.586615,0.629844,60,0.428927,87.352595
yolov8n,tensorrt_fp32,71,"PWN(PWN(/model.22/cv3.0/cv3.0.0/act/Sigmoid), /model.22/cv3.0/cv3.0.0/act/Mul)",tensorrt,trt_layer,0.383589,0.001423,0.380677,0.386771,60,0.274892,90.985003
yolov8n,tensorrt_fp32,3,/model.22/cv3.0/cv3.0.1/conv/Conv,tensorrt,trt_layer,4.16179,0.019832,4.119115,4.221197,60,2.982473,36.407491
yolov8n,tensorrt_fp32,73,"PWN(PWN(/model.22/cv3.0/cv3.0.1/act/Sigmoid), /model.22/cv3.0/cv3.0.1/act/Mul)",tensorrt,trt_layer,0.356827,0.004437,0.353594,0.388645,60,0.255714,91.511522
yolov8n,tensorrt_fp32,19,/model.22/cv3.0/cv3.0.2/Conv,tensorrt,trt_layer,1.258313,0.014342,1.22849,1.293282,60,0.901748,61.218007
yolov8n,tensorrt_fp32,5,/model.22/cv2.1/cv2.1.0/conv/Conv || /model.22/cv3.1/cv3.1.0/conv/Conv,tensorrt,trt_layer,3.09059,0.020901,3.042865,3.133072,60,2.214817,41.377234
yolov8n,tensorrt_fp32,119,"PWN(PWN(/model.22/cv2.1/cv2.1.0/act/Sigmoid), /model.22/cv2.1/cv2.1.0/act/Mul)",tensorrt,trt_layer,0.090899,0.000549,0.089219,0.091927,60,0.065141,97.915919
yolov8n,tensorrt_fp32,59,/model.22/cv2.1/cv2.1.1/conv/Conv,tensorrt,trt_layer,0.701838,0.005493,0.692916,0.72151,60,0.50296,86.493841
yolov8n,tensorrt_fp32,124,"PWN(PWN(/model.22/cv2.1/cv2.1.1/act/Sigmoid), /model.22/cv2.1/cv2.1.1/act/Mul)",tensorrt,trt_layer,0.081439,0.000715,0.079375,0.083021,60,0.058362,98.224087
yolov8n,tensorrt_fp32,94,/model.22/cv2.1/cv2.1.2/Conv,tensorrt,trt_layer,0.18072,0.00425,0.174531,0.206406,60,0.12951,95.519913
yolov8n,tensorrt_fp32,117,"PWN(PWN(/model.22/cv3.1/cv3.1.0/act/Sigmoid), /model.22/cv3.1/cv3.1.0/act/Mul)",tensorrt,trt_layer,0.101546,0.001418,0.098906,0.106563,60,0.072771,97.782751
yolov8n,tensorrt_fp32,18,/model.22/cv3.1/cv3.1.1/conv/Conv,tensorrt,trt_layer,1.262135,0.007573,1.249011,1.294792,60,0.904487,60.31626
yolov8n,tensorrt_fp32,118,"PWN(PWN(/model.22/cv3.1/cv3.1.1/act/Sigmoid), /model.22/cv3.1/cv3.1.1/act/Mul)",tensorrt,trt_layer,0.094926,0.000633,0.093594,0.097916,60,0.068027,97.850778
yolov8n,tensorrt_fp32,75,/model.22/cv3.1/cv3.1.2/Conv,tensorrt,trt_layer,0.325126,0.003136,0.319427,0.337604,60,0.232996,91.983987
yolov8n,tensorrt_fp32,8,/model.22/cv2.2/cv2.2.0/conv/Conv || /model.22/cv3.2/cv3.2.0/conv/Conv,tensorrt,trt_layer,2.527823,0.016783,2.490261,2.584688,60,1.81152,47.042125
yolov8n,tensorrt_fp32,166,"PWN(PWN(/model.22/cv2.2/cv2.2.0/act/Sigmoid), /model.22/cv2.2/cv2.2.0/act/Mul)",tensorrt,trt_layer,0.030443,0.000553,0.029114,0.031406,60,0.021816,99.902408
yolov8n,tensorrt_fp32,83,/model.22/cv2.2/cv2.2.1/conv/Conv,tensorrt,trt_layer,0.293319,0.005242,0.285677,0.315834,60,0.210202,93.72208
yolov8n,tensorrt_fp32,168,"PWN(PWN(/model.22/cv2.2/cv2.2.1/act/Sigmoid), /model.22/cv2.2/cv2.2.1/act/Mul)",tensorrt,trt_layer,0.02581,0.004004,0.024271,0.056406,60,0.018496,99.942335
yolov8n,tensorrt_fp32,140,/model.22/cv2.2/cv2.2.2/Conv,tensorrt,trt_layer,0.065292,0.00459,0.061823,0.0975,60,0.04679,99.068414
yolov8n,tensorrt_fp32,165,"PWN(PWN(/model.22/cv3.2/cv3.2.0/act/Sigmoid), /model.22/cv3.2/cv3.2.0/act/Mul)",tensorrt,trt_layer,0.031647,0.004119,0.030417,0.063072,60,0.022679,99.880592
yolov8n,tensorrt_fp32,66,/model.22/cv3.2/cv3.2.1/conv/Conv,tensorrt,trt_layer,0.519805,0.003408,0.512552,0.530104,60,0.372509,89.374452
yolov8n,tensorrt_fp32,167,"PWN(PWN(/model.22/cv3.2/cv3.2.1/act/Sigmoid), /model.22/cv3.2/cv3.2.1/act/Mul)",tensorrt,trt_layer,0.029904,0.000464,0.029219,0.032344,60,0.02143,99.923838
yolov8n,tensorrt_fp32,115,/model.22/cv3.2/cv3.2.2/Conv,tensorrt,trt_layer,0.105998,0.000999,0.102604,0.108594,60,0.075962,97.63566
yolov8n,tensorrt_fp32,31,/model.22/Reshape_output_0 copy,tensorrt,trt_layer,1.001642,0.001177,0.999531,1.006146,60,0.717809,70.71201
yolov8n,tensorrt_fp32,82,/model.22/Reshape_1_output_0 copy,tensorrt,trt_layer,0.297879,0.00109,0.296042,0.300104,60,0.21347,93.511878
yolov8n,tensorrt_fp32,107,/model.22/Reshape_2_output_0 copy,tensorrt,trt_layer,0.130833,0.001246,0.12849,0.133281,60,0.093759,96.916957
yolov8n,tensorrt_fp32,34,/model.22/Split,tensorrt,trt_layer,0.987169,0.001257,0.984271,0.98974,60,0.707437,72.835474
yolov8n,tensorrt_fp32,22,/model.22/Split_8,tensorrt,trt_layer,1.229865,0.00127,1.22724,1.232239,60,0.881361,63.873873
yolov8n,tensorrt_fp32,20,/model.22/dfl/Reshape + /model.22/dfl/Transpose,tensorrt,trt_layer,1.245161,0.022066,1.216198,1.320313,60,0.892323,62.11033
yolov8n,tensorrt_fp32,6,/model.22/dfl/Softmax,tensorrt,trt_layer,2.796119,0.009193,2.787656,2.828907,60,2.003789,43.381024
yolov8n,tensorrt_fp32,15,(Unnamed Layer* 230) [Shuffle] + /model.22/dfl/Transpose_1,tensorrt,trt_layer,1.959383,0.054466,1.89026,2.130573,60,1.404157,57.532796
yolov8n,tensorrt_fp32,1,/model.22/dfl/conv/Conv,tensorrt,trt_layer,40.808063,308.913722,0.584896,2413.619385,60,29.244377,29.244377
yolov8n,tensorrt_fp32,153,/model.22/Slice,tensorrt,trt_layer,0.040479,0.000598,0.039322,0.043803,60,0.029009,99.568019
yolov8n,tensorrt_fp32,156,/model.22/Slice_1,tensorrt,trt_layer,0.03916,0.00026,0.038645,0.039792,60,0.028063,99.652722
yolov8n,tensorrt_fp32,174,/model.22/Constant_9_output_0,tensorrt,trt_layer,0.000771,0.000107,0.000625,0.001093,60,0.000553,99.999451
yolov8n,tensorrt_fp32,170,/model.22/Sub,tensorrt,trt_layer,0.019762,0.000331,0.01901,0.020573,60,0.014162,99.972892
yolov8n,tensorrt_fp32,175,/model.22/Constant_9_output_0_9,tensorrt,trt_layer,0.000766,0.000125,0.000625,0.001146,60,0.000549,100.0
yolov8n,tensorrt_fp32,171,/model.22/Add_1,tensorrt,trt_layer,0.018359,0.000304,0.01776,0.018958,60,0.013157,99.986049
yolov8n,tensorrt_fp32,169,"PWN(/model.22/Constant_11_output_0 + (Unnamed Layer* 242) [Shuffle], PWN(/model.22/Add_2, /model.22/Div_1))",tensorrt,trt_layer,0.022878,0.000529,0.021823,0.023959,60,0.016395,99.95873
yolov8n,tensorrt_fp32,172,/model.22/Sub_1,tensorrt,trt_layer,0.016559,0.000255,0.015833,0.017187,60,0.011867,99.997915
yolov8n,tensorrt_fp32,155,/model.22/Div_1_output_0 copy,tensorrt,trt_layer,0.03931,0.004187,0.038281,0.071406,60,0.028171,99.624659
yolov8n,tensorrt_fp32,154,/model.22/Sub_1_output_0 copy,tensorrt,trt_layer,0.039726,0.008074,0.037969,0.101719,60,0.028469,99.596488
yolov8n,tensorrt_fp32,173,/model.22/Constant_12_output_0 + (Unnamed Layer* 247) [Shuffle],tensorrt,trt_layer,0.001372,0.004752,0.000625,0.037865,60,0.000983,99.998899
yolov8n,tensorrt_fp32,147,/model.22/Mul_2,tensorrt,trt_layer,0.052649,0.007993,0.051042,0.11401,60,0.03773,99.378374
yolov8n,tensorrt_fp32,70,PWN(/model.22/Sigmoid),tensorrt,trt_layer,0.402574,0.007136,0.399375,0.456719,60,0.288498,90.710111
yolov8n,tensorrt_fp32,135,/model.22/Mul_2_output_0 copy,tensorrt,trt_layer,0.072927,0.000437,0.072084,0.074479,60,0.052262,98.828399
yolov8n,tensorrt_fp32,21,/model.22/Sigmoid_output_0 copy,tensorrt,trt_layer,1.23101,0.001134,1.228697,1.233229,60,0.882182,62.992512
yolov8n,tensorrt_int8,4,/model.0/conv/Conv,tensorrt,trt_layer,3.745799,0.004923,3.732187,3.755469,60,2.784056,37.237004
yolov8n,tensorrt_int8,23,"PWN(PWN(/model.0/act/Sigmoid), /model.0/act/Mul)",tensorrt,trt_layer,1.166995,0.000842,1.16474,1.169635,60,0.867366,63.625395
yolov8n,tensorrt_int8,7,/model.1/conv/Conv,tensorrt,trt_layer,2.578876,0.027969,2.521407,2.614792,60,1.916743,43.518784
yolov8n,tensorrt_int8,65,"PWN(PWN(/model.1/act/Sigmoid), /model.1/act/Mul)",tensorrt,trt_layer,0.548695,0.00056,0.547448,0.549844,60,0.407816,88.68774
yolov8n,tensorrt_int8,36,/model.2/cv1/conv/Conv,tensorrt,trt_layer,0.90851,0.002026,0.904791,0.913438,60,0.675248,73.418487
yolov8n,tensorrt_int8,63,"PWN(PWN(/model.2/cv1/act/Sigmoid), /model.2/cv1/act/Mul)",tensorrt,trt_layer,0.571855,0.000549,0.570625,0.573698,60,0.42503,87.855835
yolov8n,tensorrt_int8,87,/model.2/Split,tensorrt,trt_layer,0.211727,0.002113,0.205157,0.216042,60,0.157366,94.335902
yolov8n,tensorrt_int8,88,/model.2/Split_0,tensorrt,trt_layer,0.20972,0.002485,0.20375,0.214584,60,0.155874,94.491776
yolov8n,tensorrt_int8,12,/model.2/m.0/cv1/conv/Conv,tensorrt,trt_layer,1.998768,0.008486,1.990312,2.02875,60,1.485579,51.846954
yolov8n,tensorrt_int8,81,"PWN(PWN(/model.2/m.0/cv1/act/Sigmoid), /model.2/m.0/cv1/act/Mul)",tensorrt,trt_layer,0.29776,0.000454,0.296927,0.298802,60,0.221309,93.187891
yolov8n,tensorrt_int8,11,/model.2/m.0/cv2/conv/Conv,tensorrt,trt_layer,2.003175,0.010636,1.975886,2.022447,60,1.488855,50.361375
yolov8n,tensorrt_int8,72,"PWN(PWN(PWN(/model.2/m.0/cv2/act/Sigmoid), /model.2/m.0/cv2/act/Mul), /model.2/m.0/Add)",tensorrt,trt_layer,0.378166,0.001616,0.375937,0.384948,60,0.281071,91.059244
yolov8n,tensorrt_int8,89,/model.2/Split_output_1 copy,tensorrt,trt_layer,0.209587,0.002398,0.204792,0.214896,60,0.155775,94.647551
yolov8n,tensorrt_int8,25,/model.2/cv2/conv/Conv,tensorrt,trt_layer,1.135936,0.01892,1.128229,1.279218,60,0.844282,65.328241
yolov8n,tensorrt_int8,62,"PWN(PWN(/model.2/cv2/act/Sigmoid), /model.2/cv2/act/Mul)",tensorrt,trt_layer,0.59428,0.000972,0.592188,0.596459,60,0.441697,87.430805
yolov8n,tensorrt_int8,13,/model.3/conv/Conv,tensorrt,trt_layer,1.991692,0.068943,1.96151,2.515781,60,1.48032,53.327274
yolov8n,tensorrt_int8,77,"PWN(PWN(/model.3/act/Sigmoid), /model.3/act/Mul)",tensorrt,trt_layer,0.303891,0.006718,0.299792,0.336354,60,0.225866,92.294846
yolov8n,tensorrt_int8,61,/model.4/cv1/conv/Conv,tensorrt,trt_layer,0.596887,0.003996,0.586354,0.603073,60,0.443635,86.989108
yolov8n,tensorrt_int8,78,"PWN(PWN(/model.4/cv1/act/Sigmoid), /model.4/cv1/act/Mul)",tensorrt,trt_layer,0.303054,0.001018,0.300989,0.305625,60,0.225244,92.52009
yolov8n,tensorrt_int8,106,/model.4/Split,tensorrt,trt_layer,0.129519,0.001877,0.126041,0.137084,60,0.096265,96.559302
yolov8n,tensorrt_int8,108,/model.4/Split_1,tensorrt,trt_layer,0.127228,0.002157,0.123386,0.134583,60,0.094562,96.748877
yolov8n,tensorrt_int8,42,/model.4/m.0/cv1/conv/Conv,tensorrt,trt_layer,0.746232,0.023495,0.735156,0.923646,60,0.554635,77.02062
yolov8n,tensorrt_int8,94,"PWN(PWN(/model.4/m.0/cv1/act/Sigmoid), /model.4/m.0/cv1/act/Mul)",tensorrt,trt_layer,0.155181,0.001096,0.152968,0.158906,60,0.115338,95.291166
yolov8n,tensorrt_int8,48,/model.4/m.0/cv2/conv/Conv,tensorrt,trt_layer,0.725851,0.004749,0.718594,0.749948,60,0.539487,80.272256
yolov8n,tensorrt_int8,91,"PWN(PWN(PWN(/model.4/m.0/cv2/act/Sigmoid), /model.4/m.0/cv2/act/Mul), /model.4/m.0/Add)",tensorrt,trt_layer,0.178929,0.001399,0.176615,0.183698,60,0.132989,94.925328
yolov8n,tensorrt_int8,44,/model.4/m.1/cv1/conv/Conv,tensorrt,trt_layer,0.729546,0.004348,0.722292,0.741094,60,0.542233,78.112355
yolov8n,tensorrt_int8,96,"PWN(PWN(/model.4/m.1/cv1/act/Sigmoid), /model.4/m.1/cv1/act/Mul)",tensorrt,trt_layer,0.152584,0.001187,0.150573,0.155625,60,0.113408,95.518318
yolov8n,tensorrt_int8,45,/model.4/m.1/cv2/conv/Conv,tensorrt,trt_layer,0.727135,0.003445,0.71974,0.73349,60,0.540441,78.652796
yolov8n,tensorrt_int8,90,"PWN(PWN(PWN(/model.4/m.1/cv2/act/Sigmoid), /model.4/m.1/cv2/act/Mul), /model.4/m.1/Add)",tensorrt,trt_layer,0.194805,0.001418,0.192396,0.197916,60,0.144788,94.792339
yolov8n,tensorrt_int8,110,/model.4/Split_output_1 copy,tensorrt,trt_layer,0.126917,0.001522,0.123386,0.131406,60,0.094331,96.937576
yolov8n,tensorrt_int8,109,/model.4/m.0/Add_output_0 copy,tensorrt,trt_layer,0.126967,0.001488,0.123229,0.129635,60,0.094368,96.843245
yolov8n,tensorrt_int8,35,/model.4/cv2/conv/Conv,tensorrt,trt_layer,0.962183,0.006654,0.953958,0.977917,60,0.71514,72.74324
yolov8n,tensorrt_int8,75,"PWN(PWN(/model.4/cv2/act/Sigmoid), /model.4/cv2/act/Mul)",tensorrt,trt_layer,0.334683,0.001049,0.332084,0.336406,60,0.248752,91.831175
yolov8n,tensorrt_int8,14,/model.5/conv/Conv,tensorrt,trt_layer,1.968885,0.010716,1.942344,1.987761,60,1.463369,54.790643
yolov8n,tensorrt_int8,97,"PWN(PWN(/model.5/act/Sigmoid), /model.5/act/Mul)",tensorrt,trt_layer,0.148893,0.001152,0.146303,0.151562,60,0.110664,95.628982
yolov8n,tensorrt_int8,67,/model.6/cv1/conv/Conv,tensorrt,trt_layer,0.530471,0.004801,0.517813,0.542864,60,0.394271,89.485168
yolov8n,tensorrt_int8,98,"PWN(PWN(/model.6/cv1/act/Sigmoid), /model.6/cv1/act/Mul)",tensorrt,trt_layer,0.148277,0.001375,0.145157,0.151979,60,0.110207,95.739189
yolov8n,tensorrt_int8,140,/model.6/Split,tensorrt,trt_layer,0.068045,0.000991,0.064687,0.070573,60,0.050574,98.920989
yolov8n,tensorrt_int8,147,/model.6/Split_2,tensorrt,trt_layer,0.064714,0.001074,0.062813,0.068333,60,0.048099,99.263533
yolov8n,tensorrt_int8,50,/model.6/m.0/cv1/conv/Conv,tensorrt,trt_layer,0.722303,0.003701,0.714166,0.734427,60,0.53685,81.348019
yolov8n,tensorrt_int8,125,"PWN(PWN(/model.6/m.0/cv1/act/Sigmoid), /model.6/m.0/cv1/act/Mul)",tensorrt,trt_layer,0.080781,0.000714,0.079375,0.083333,60,0.06004,98.09265
yolov8n,tensorrt_int8,53,/model.6/m.0/cv2/conv/Conv,tensorrt,trt_layer,0.713675,0.018545,0.699479,0.849792,60,0.530437,82.942085
yolov8n,tensorrt_int8,121,"PWN(PWN(PWN(/model.6/m.0/cv2/act/Sigmoid), /model.6/m.0/cv2/act/Mul), /model.6/m.0/Add)",tensorrt,trt_layer,0.087848,0.000721,0.085313,0.089531,60,0.065293,97.840106
yolov8n,tensorrt_int8,58,/model.6/m.1/cv1/conv/Conv,tensorrt,trt_layer,0.706793,0.004109,0.698542,0.71849,60,0.525322,85.576492
yolov8n,tensorrt_int8,127,"PWN(PWN(/model.6/m.1/cv1/act/Sigmoid), /model.6/m.1/cv1/act/Mul)",tensorrt,trt_layer,0.078221,0.000466,0.077188,0.079375,60,0.058138,98.210549
yolov8n,tensorrt_int8,55,/model.6/m.1/cv2/conv/Conv,tensorrt,trt_layer,0.711651,0.004938,0.702709,0.727396,60,0.528933,84.000072
yolov8n,tensorrt_int8,118,"PWN(PWN(PWN(/model.6/m.1/cv2/act/Sigmoid), /model.6/m.1/cv2/act/Mul), /model.6/m.1/Add)",tensorrt,trt_layer,0.103401,0.001217,0.101562,0.10724,60,0.076853,97.639305
yolov8n,tensorrt_int8,148,/model.6/Split_output_1 copy,tensorrt,trt_layer,0.064279,0.000951,0.061979,0.066407,60,0.047775,99.311308
yolov8n,tensorrt_int8,146,/model.6/m.0/Add_output_0 copy,tensorrt,trt_layer,0.064795,0.000957,0.063125,0.068125,60,0.048159,99.215435
yolov8n,tensorrt_int8,37,/model.6/cv2/conv/Conv,tensorrt,trt_layer,0.906541,0.004799,0.89651,0.921875,60,0.673784,74.092272
yolov8n,tensorrt_int8,93,"PWN(PWN(/model.6/cv2/act/Sigmoid), /model.6/cv2/act/Mul)",tensorrt,trt_layer,0.159218,0.001044,0.157343,0.161094,60,0.118338,95.175828
yolov8n,tensorrt_int8,9,/model.7/conv/Conv,tensorrt,trt_layer,2.345271,0.011531,2.305834,2.369323,60,1.743117,47.137153
yolov8n,tensorrt_int8,133,"PWN(PWN(/model.7/act/Sigmoid), /model.7/act/Mul)",tensorrt,trt_layer,0.074696,0.000658,0.073281,0.076562,60,0.055518,98.549014
yolov8n,tensorrt_int8,64,/model.8/cv1/conv/Conv,tensorrt,trt_layer,0.570589,0.004578,0.560625,0.582344,60,0.424089,88.279924
yolov8n,tensorrt_int8,128,"PWN(PWN(/model.8/cv1/act/Sigmoid), /model.8/cv1/act/Mul)",tensorrt,trt_layer,0.07791,0.000698,0.076458,0.079375,60,0.057906,98.268456
yolov8n,tensorrt_int8,160,/model.8/Split,tensorrt,trt_layer,0.036494,0.001181,0.034739,0.039427,60,0.027124,99.708272
yolov8n,tensorrt_int8,163,/model.8/Split_3,tensorrt,trt_layer,0.034932,0.000894,0.033177,0.038073,60,0.025963,99.786797
yolov8n,tensorrt_int8,29,/model.8/m.0/cv1/conv/Conv,tensorrt,trt_layer,1.003954,0.006154,0.990885,1.021146,60,0.746186,68.350815
yolov8n,tensorrt_int8,154,"PWN(PWN(/model.8/m.0/cv1/act/Sigmoid), /model.8/m.0/cv1/act/Mul)",tensorrt,trt_layer,0.042322,0.000682,0.041145,0.044063,60,0.031456,99.529975
yolov8n,tensorrt_int8,33,/model.8/m.0/cv2/conv/Conv,tensorrt,trt_layer,0.985849,0.005323,0.97526,0.99552,60,0.73273,71.296053
yolov8n,tensorrt_int8,149,"PWN(PWN(PWN(/model.8/m.0/cv2/act/Sigmoid), /model.8/m.0/cv2/act/Mul), /model.8/m.0/Add)",tensorrt,trt_layer,0.055456,0.000805,0.053437,0.057344,60,0.041218,99.352526
yolov8n,tensorrt_int8,164,/model.8/Split_output_1 copy,tensorrt,trt_layer,0.033856,0.000603,0.032812,0.035678,60,0.025163,99.811961
yolov8n,tensorrt_int8,39,/model.8/cv2/conv/Conv,tensorrt,trt_layer,0.80499,0.003521,0.796094,0.813177,60,0.598307,75.291415
yolov8n,tensorrt_int8,134,"PWN(PWN(/model.8/cv2/act/Sigmoid), /model.8/cv2/act/Mul)",tensorrt,trt_layer,0.074378,0.000614,0.072917,0.076302,60,0.055281,98.604295
yolov8n,tensorrt_int8,83,/model.9/cv1/conv/Conv,tensorrt,trt_layer,0.28526,0.003562,0.276562,0.299011,60,0.212019,93.6181
yolov8n,tensorrt_int8,155,"PWN(PWN(/model.9/cv1/act/Sigmoid), /model.9/cv1/act/Mul)",tensorrt,trt_layer,0.042094,0.000711,0.040104,0.043542,60,0.031286,99.561261
yolov8n,tensorrt_int8,168,Reformatting CopyNode for Input Tensor 0 to /model.9/m/MaxPool,tensorrt,trt_layer,0.028359,0.000727,0.0275,0.033229,60,0.021078,99.900759
yolov8n,tensorrt_int8,115,/model.9/m/MaxPool,tensorrt,trt_layer,0.121683,0.000967,0.120521,0.12448,60,0.090441,97.396737
yolov8n,tensorrt_int8,114,/model.9/m_1/MaxPool,tensorrt,trt_layer,0.121834,0.001478,0.119479,0.125052,60,0.090553,97.306296
yolov8n,tensorrt_int8,113,/model.9/m_2/MaxPool,tensorrt,trt_layer,0.122046,0.001221,0.119218,0.125365,60,0.09071,97.215744
yolov8n,tensorrt_int8,169,/model.9/cv1/act/Mul_output_0 copy,tensorrt,trt_layer,0.028004,0.000741,0.026511,0.029531,60,0.020814,99.921573
yolov8n,tensorrt_int8,136,/model.9/m/MaxPool_output_0 copy,tensorrt,trt_layer,0.072497,0.000433,0.072083,0.07474,60,0.053883,98.712539
yolov8n,tensorrt_int8,137,/model.9/m_1/MaxPool_output_0 copy,tensorrt,trt_layer,0.071821,0.000674,0.071302,0.075365,60,0.053381,98.765919
yolov8n,tensorrt_int8,26,/model.9/cv2/conv/Conv,tensorrt,trt_layer,1.043589,0.005929,1.031354,1.057291,60,0.775645,66.103886
yolov8n,tensorrt_int8,112,"Reformatting CopyNode for Input Tensor 0 to PWN(PWN(/model.9/cv2/act/Sigmoid), /model.9/cv2/act/Mul)",tensorrt,trt_layer,0.125304,0.001208,0.123802,0.12875,60,0.093132,97.125033
yolov8n,tensorrt_int8,138,"PWN(PWN(/model.9/cv2/act/Sigmoid), /model.9/cv2/act/Mul)",tensorrt,trt_layer,0.071348,0.001064,0.069375,0.074114,60,0.053029,98.818949
yolov8n,tensorrt_int8,68,/model.10/Resize,tensorrt,trt_layer,0.51138,0.00088,0.509791,0.513542,60,0.380082,89.86525
yolov8n,tensorrt_int8,86,/model.10/Resize_output_0 copy,tensorrt,trt_layer,0.213031,0.004561,0.208386,0.24474,60,0.158335,94.178536
yolov8n,tensorrt_int8,17,/model.12/cv1/conv/Conv,tensorrt,trt_layer,1.300889,0.007732,1.27677,1.315781,60,0.966882,58.174472
yolov8n,tensorrt_int8,101,"PWN(PWN(/model.12/cv1/act/Sigmoid), /model.12/cv1/act/Mul)",tensorrt,trt_layer,0.13973,0.001229,0.137292,0.143489,60,0.103854,96.058614
yolov8n,tensorrt_int8,142,/model.12/Split,tensorrt,trt_layer,0.067509,0.001306,0.063489,0.070573,60,0.050176,99.021501
yolov8n,tensorrt_int8,145,/model.12/Split_4,tensorrt,trt_layer,0.064972,0.001417,0.063073,0.072396,60,0.04829,99.167276
yolov8n,tensorrt_int8,46,/model.12/m.0/cv1/conv/Conv,tensorrt,trt_layer,0.726971,0.006995,0.713541,0.743854,60,0.540319,79.193115
yolov8n,tensorrt_int8,132,"PWN(PWN(/model.12/m.0/cv1/act/Sigmoid), /model.12/m.0/cv1/act/Mul)",tensorrt,trt_layer,0.075041,0.000468,0.073542,0.076042,60,0.055774,98.493496
yolov8n,tensorrt_int8,59,/model.12/m.0/cv2/conv/Conv,tensorrt,trt_layer,0.706705,0.003197,0.699323,0.716614,60,0.525257,86.101748
yolov8n,tensorrt_int8,124,"PWN(PWN(/model.12/m.0/cv2/act/Sigmoid), /model.12/m.0/cv2/act/Mul)",tensorrt,trt_layer,0.085782,0.000348,0.084896,0.086407,60,0.063757,98.03261
yolov8n,tensorrt_int8,51,/model.12/cv2/conv/Conv,tensorrt,trt_layer,0.715668,0.004191,0.7075,0.724531,60,0.531918,81.879937
yolov8n,tensorrt_int8,104,"PWN(PWN(/model.12/cv2/act/Sigmoid), /model.12/cv2/act/Mul)",tensorrt,trt_layer,0.136602,0.001226,0.134635,0.140052,60,0.101529,96.3657
yolov8n,tensorrt_int8,27,/model.13/Resize,tensorrt,trt_layer,1.015148,0.001067,1.013125,1.019011,60,0.754506,66.858392
yolov8n,tensorrt_int8,69,/model.13/Resize_output_0 copy,tensorrt,trt_layer,0.437753,0.014006,0.41724,0.459896,60,0.325359,90.190609
yolov8n,tensorrt_int8,16,/model.15/cv1/conv/Conv,tensorrt,trt_layer,1.32332,0.005357,1.313646,1.340521,60,0.983554,57.207589
yolov8n,tensorrt_int8,85,"PWN(PWN(/model.15/cv1/act/Sigmoid), /model.15/cv1/act/Mul)",tensorrt,trt_layer,0.270417,0.008762,0.265416,0.30125,60,0.200987,94.020202
yolov8n,tensorrt_int8,103,/model.15/Split,tensorrt,trt_layer,0.138158,0.012126,0.124375,0.167344,60,0.102686,96.264171
yolov8n,tensorrt_int8,107,/model.15/Split_5,tensorrt,trt_layer,0.127836,0.001915,0.123385,0.131875,60,0.095014,96.654315
yolov8n,tensorrt_int8,43,/model.15/m.0/cv1/conv/Conv,tensorrt,trt_layer,0.739325,0.002372,0.734531,0.744948,60,0.549501,77.570121
yolov8n,tensorrt_int8,99,"PWN(PWN(/model.15/m.0/cv1/act/Sigmoid), /model.15/m.0/cv1/act/Mul)",tensorrt,trt_layer,0.146677,0.00123,0.144792,0.149271,60,0.109017,95.848206
yolov8n,tensorrt_int8,47,/model.15/m.0/cv2/conv/Conv,tensorrt,trt_layer,0.726076,0.00487,0.717084,0.74073,60,0.539654,79.732769
yolov8n,tensorrt_int8,95,"PWN(PWN(/model.15/m.0/cv2/act/Sigmoid), /model.15/m.0/cv2/act/Mul)",tensorrt,trt_layer,0.153037,0.001082,0.151094,0.15526,60,0.113744,95.40491
yolov8n,tensorrt_int8,41,/model.15/cv2/conv/Conv,tensorrt,trt_layer,0.778945,0.004933,0.767031,0.786615,60,0.578949,76.465985
yolov8n,tensorrt_int8,84,"PWN(PWN(/model.15/cv2/act/Sigmoid), /model.15/cv2/act/Mul)",tensorrt,trt_layer,0.270589,0.001179,0.268021,0.273229,60,0.201115,93.819215
yolov8n,tensorrt_int8,34,/model.16/conv/Conv,tensorrt,trt_layer,0.984929,0.011233,0.966406,1.007657,60,0.732046,72.028099
yolov8n,tensorrt_int8,123,"PWN(PWN(/model.16/act/Sigmoid), /model.16/act/Mul)",tensorrt,trt_layer,0.086193,0.000661,0.08474,0.087969,60,0.064063,97.968853
yolov8n,tensorrt_int8,111,/model.12/cv2/act/Mul_output_0 copy,tensorrt,trt_layer,0.12691,0.001326,0.12474,0.130521,60,0.094326,97.031901
yolov8n,tensorrt_int8,54,/model.18/cv1/conv/Conv,tensorrt,trt_layer,0.711815,0.005394,0.702344,0.726718,60,0.529055,83.471139
yolov8n,tensorrt_int8,100,"PWN(PWN(/model.18/cv1/act/Sigmoid), /model.18/cv1/act/Mul)",tensorrt,trt_layer,0.143363,0.001232,0.14125,0.145834,60,0.106554,95.95476
yolov8n,tensorrt_int8,141,/model.18/Split,tensorrt,trt_layer,0.067724,0.00126,0.064739,0.07,60,0.050336,98.971325
yolov8n,tensorrt_int8,139,/model.18/Split_6,tensorrt,trt_layer,0.069245,0.009478,0.063229,0.102083,60,0.051466,98.870415
yolov8n,tensorrt_int8,49,/model.18/m.0/cv1/conv/Conv,tensorrt,trt_layer,0.725078,0.004739,0.717292,0.735052,60,0.538912,80.811169
yolov8n,tensorrt_int8,131,"PWN(PWN(/model.18/m.0/cv1/act/Sigmoid), /model.18/m.0/cv1/act/Mul)",tensorrt,trt_layer,0.075069,0.000576,0.073489,0.076511,60,0.055795,98.437722
yolov8n,tensorrt_int8,57,/model.18/m.0/cv2/conv/Conv,tensorrt,trt_layer,0.706859,0.003927,0.696979,0.713229,60,0.525371,85.05117
yolov8n,tensorrt_int8,122,"PWN(PWN(/model.18/m.0/cv2/act/Sigmoid), /model.18/m.0/cv2/act/Mul)",tensorrt,trt_layer,0.087029,0.000437,0.08625,0.088906,60,0.064684,97.90479
yolov8n,tensorrt_int8,52,/model.18/cv2/conv/Conv,tensorrt,trt_layer,0.715388,0.004575,0.705052,0.725729,60,0.53171,82.411647
yolov8n,tensorrt_int8,102,"PWN(PWN(/model.18/cv2/act/Sigmoid), /model.18/cv2/act/Mul)",tensorrt,trt_layer,0.138407,0.00117,0.136615,0.14125,60,0.102871,96.161485
yolov8n,tensorrt_int8,24,/model.19/conv/Conv,tensorrt,trt_layer,1.155152,0.009072,1.138854,1.184739,60,0.858564,64.483959
yolov8n,tensorrt_int8,152,"PWN(PWN(/model.19/act/Sigmoid), /model.19/act/Mul)",tensorrt,trt_layer,0.049636,0.002461,0.047656,0.062396,60,0.036892,99.466403
yolov8n,tensorrt_int8,143,/model.9/cv2/act/Mul_output_0 copy,tensorrt,trt_layer,0.066068,0.001283,0.063385,0.069531,60,0.049105,99.070605
yolov8n,tensorrt_int8,38,/model.21/cv1/conv/Conv,tensorrt,trt_layer,0.808393,0.003924,0.797865,0.822292,60,0.600836,74.693108
yolov8n,tensorrt_int8,130,"PWN(PWN(/model.21/cv1/act/Sigmoid), /model.21/cv1/act/Mul)",tensorrt,trt_layer,0.07581,0.000759,0.073593,0.077136,60,0.056346,98.381927
yolov8n,tensorrt_int8,161,/model.21/Split,tensorrt,trt_layer,0.03568,0.000878,0.034167,0.039063,60,0.026519,99.734791
yolov8n,tensorrt_int8,162,/model.21/Split_7,tensorrt,trt_layer,0.03504,0.000951,0.033646,0.038645,60,0.026043,99.760834
yolov8n,tensorrt_int8,28,/model.21/m.0/cv1/conv/Conv,tensorrt,trt_layer,1.004022,0.005631,0.990312,1.01901,60,0.746237,67.604629
yolov8n,tensorrt_int8,153,"PWN(PWN(/model.21/m.0/cv1/act/Sigmoid), /model.21/m.0/cv1/act/Mul)",tensorrt,trt_layer,0.043211,0.000675,0.041198,0.045156,60,0.032116,99.498519
yolov8n,tensorrt_int8,32,/model.21/m.0/cv2/conv/Conv,tensorrt,trt_layer,0.985989,0.005292,0.972812,0.995469,60,0.732834,70.563324
yolov8n,tensorrt_int8,151,"PWN(PWN(/model.21/m.0/cv2/act/Sigmoid), /model.21/m.0/cv2/act/Mul)",tensorrt,trt_layer,0.050546,0.000523,0.049479,0.053021,60,0.037568,99.429511
yolov8n,tensorrt_int8,40,/model.21/cv2/conv/Conv,tensorrt,trt_layer,0.801377,0.003332,0.796146,0.813073,60,0.595621,75.887036
yolov8n,tensorrt_int8,129,"PWN(PWN(/model.21/cv2/act/Sigmoid), /model.21/cv2/act/Mul)",tensorrt,trt_layer,0.07686,0.000567,0.07552,0.078229,60,0.057126,98.325582
yolov8n,tensorrt_int8,2,/model.22/cv2.0/cv2.0.0/conv/Conv || /model.22/cv3.0/cv3.0.0/conv/Conv,tensorrt,trt_layer,5.842327,0.041842,5.775521,5.933645,60,4.342295,31.357362
yolov8n,tensorrt_int8,76,"PWN(PWN(/model.22/cv2.0/cv2.0.0/act/Sigmoid), /model.22/cv2.0/cv2.0.0/act/Mul)",tensorrt,trt_layer,0.319953,0.000909,0.317917,0.322709,60,0.237804,92.068979
yolov8n,tensorrt_int8,10,/model.22/cv2.0/cv2.0.1/conv/Conv,tensorrt,trt_layer,2.334844,0.012929,2.30625,2.364583,60,1.735367,48.87252
yolov8n,tensorrt_int8,79,"PWN(PWN(/model.22/cv2.0/cv2.0.1/act/Sigmoid), /model.22/cv2.0/cv2.0.1/act/Mul)",tensorrt,trt_layer,0.30247,0.000866,0.301146,0.304635,60,0.22481,92.7449
yolov8n,tensorrt_int8,60,/model.22/cv2.0/cv2.0.2/Conv,tensorrt,trt_layer,0.597008,0.00412,0.585886,0.607083,60,0.443725,86.545473
yolov8n,tensorrt_int8,71,"PWN(PWN(/model.22/cv3.0/cv3.0.0/act/Sigmoid), /model.22/cv3.0/cv3.0.0/act/Mul)",tensorrt,trt_layer,0.387337,0.002791,0.384167,0.406875,60,0.287887,90.778173
yolov8n,tensorrt_int8,3,/model.22/cv3.0/cv3.0.1/conv/Conv,tensorrt,trt_layer,4.164947,0.026807,4.122812,4.231146,60,3.095586,34.452948
yolov8n,tensorrt_int8,74,"PWN(PWN(/model.22/cv3.0/cv3.0.1/act/Sigmoid), /model.22/cv3.0/cv3.0.1/act/Mul)",tensorrt,trt_layer,0.351829,0.00082,0.350052,0.353646,60,0.261496,91.582423
yolov8n,tensorrt_int8,22,/model.22/cv3.0/cv3.0.2/Conv,tensorrt,trt_layer,1.200534,0.014416,1.173803,1.242708,60,0.892294,62.758029
yolov8n,tensorrt_int8,5,/model.22/cv2.1/cv2.1.0/conv/Conv || /model.22/cv3.1/cv3.1.0/conv/Conv,tensorrt,trt_layer,3.079802,0.015655,3.050052,3.118854,60,2.289055,39.526059
yolov8n,tensorrt_int8,120,"PWN(PWN(/model.22/cv2.1/cv2.1.0/act/Sigmoid), /model.22/cv2.1/cv2.1.0/act/Mul)",tensorrt,trt_layer,0.088735,0.000647,0.08724,0.091406,60,0.065952,97.774813
yolov8n,tensorrt_int8,56,/model.22/cv2.1/cv2.1.1/conv/Conv,tensorrt,trt_layer,0.707337,0.004156,0.697604,0.714584,60,0.525726,84.525798
yolov8n,tensorrt_int8,126,"PWN(PWN(/model.22/cv2.1/cv2.1.1/act/Sigmoid), /model.22/cv2.1/cv2.1.1/act/Mul)",tensorrt,trt_layer,0.080406,0.000523,0.07927,0.082188,60,0.059762,98.152412
yolov8n,tensorrt_int8,92,/model.22/cv2.1/cv2.1.2/Conv,tensorrt,trt_layer,0.177817,0.001851,0.173177,0.18125,60,0.132162,95.05749
yolov8n,tensorrt_int8,117,"PWN(PWN(/model.22/cv3.1/cv3.1.0/act/Sigmoid), /model.22/cv3.1/cv3.1.0/act/Mul)",tensorrt,trt_layer,0.106082,0.001301,0.104323,0.110677,60,0.078845,97.562452
yolov8n,tensorrt_int8,18,/model.22/cv3.1/cv3.1.1/conv/Conv,tensorrt,trt_layer,1.263539,0.008059,1.246614,1.289167,60,0.939122,59.113594
yolov8n,tensorrt_int8,119,"PWN(PWN(/model.22/cv3.1/cv3.1.1/act/Sigmoid), /model.22/cv3.1/cv3.1.1/act/Mul)",tensorrt,trt_layer,0.093584,0.00063,0.092708,0.097396,60,0.069556,97.708861
yolov8n,tensorrt_int8,73,/model.22/cv3.1/cv3.1.2/Conv,tensorrt,trt_layer,0.35208,0.003719,0.344531,0.361563,60,0.261683,91.320927
yolov8n,tensorrt_int8,8,/model.22/cv2.2/cv2.2.0/conv/Conv || /model.22/cv3.2/cv3.2.0/conv/Conv,tensorrt,trt_layer,2.523052,0.015781,2.473802,2.565313,60,1.875252,45.394036
yolov8n,tensorrt_int8,166,"PWN(PWN(/model.22/cv2.2/cv2.2.0/act/Sigmoid), /model.22/cv2.2/cv2.2.0/act/Mul)",tensorrt,trt_layer,0.030146,0.000541,0.028906,0.031354,60,0.022406,99.857358
yolov8n,tensorrt_int8,82,/model.22/cv2.2/cv2.2.1/conv/Conv,tensorrt,trt_layer,0.293564,0.003709,0.286197,0.303698,60,0.218191,93.406082
yolov8n,tensorrt_int8,170,"PWN(PWN(/model.22/cv2.2/cv2.2.1/act/Sigmoid), /model.22/cv2.2/cv2.2.1/act/Mul)",tensorrt,trt_layer,0.024971,0.00034,0.024167,0.026354,60,0.01856,99.940132
yolov8n,tensorrt_int8,144,/model.22/cv2.2/cv2.2.2/Conv,tensorrt,trt_layer,0.065093,0.000951,0.062552,0.066563,60,0.04838,99.118986
yolov8n,tensorrt_int8,165,"PWN(PWN(/model.22/cv3.2/cv3.2.0/act/Sigmoid), /model.22/cv3.2/cv3.2.0/act/Mul)",tensorrt,trt_layer,0.030934,0.000428,0.030105,0.032344,60,0.022992,99.834952
yolov8n,tensorrt_int8,66,/model.22/cv3.2/cv3.2.1/conv/Conv,tensorrt,trt_layer,0.542426,0.006927,0.534219,0.584479,60,0.403157,89.090897
yolov8n,tensorrt_int8,167,"PWN(PWN(/model.22/cv3.2/cv3.2.1/act/Sigmoid), /model.22/cv3.2/cv3.2.1/act/Mul)",tensorrt,trt_layer,0.030034,0.000475,0.028854,0.032083,60,0.022323,99.879681
yolov8n,tensorrt_int8,116,/model.22/cv3.2/cv3.2.2/Conv,tensorrt,trt_layer,0.116879,0.00113,0.113959,0.119688,60,0.08687,97.483607
yolov8n,tensorrt_int8,30,/model.22/Reshape_output_0 copy,tensorrt,trt_layer,1.002558,0.001147,1.000521,1.006458,60,0.745149,69.095964
yolov8n,tensorrt_int8,80,/model.22/Reshape_1_output_0 copy,tensorrt,trt_layer,0.298261,0.001,0.29625,0.300833,60,0.221682,92.966581
yolov8n,tensorrt_int8,105,/model.22/Reshape_2_output_0 copy,tensorrt,trt_layer,0.130962,0.001173,0.128854,0.133959,60,0.097337,96.463037
yolov8n,tensorrt_int8,31,/model.22/Split,tensorrt,trt_layer,0.988266,0.001454,0.98526,0.991407,60,0.734526,69.83049
yolov8n,tensorrt_int8,20,/model.22/Split_8,tensorrt,trt_layer,1.230533,0.001124,1.227709,1.233333,60,0.914591,60.951988
yolov8n,tensorrt_int8,19,/model.22/dfl/Reshape + /model.22/dfl/Transpose,tensorrt,trt_layer,1.242929,0.011832,1.224479,1.276719,60,0.923804,60.037398
yolov8n,tensorrt_int8,6,/model.22/dfl/Softmax,tensorrt,trt_layer,2.793124,0.005287,2.787865,2.825052,60,2.075982,41.602041
yolov8n,tensorrt_int8,15,(Unnamed Layer* 230) [Shuffle] + /model.22/dfl/Transpose_1,tensorrt,trt_layer,1.928553,0.038691,1.883437,2.008073,60,1.433392,56.224035
yolov8n,tensorrt_int8,1,/model.22/dfl/conv/Conv,tensorrt,trt_layer,36.347337,274.6626,0.585313,2146.070801,60,27.015067,27.015067
yolov8n,tensorrt_int8,158,/model.22/Slice,tensorrt,trt_layer,0.039894,0.001018,0.03901,0.047136,60,0.029651,99.651942
yolov8n,tensorrt_int8,159,/model.22/Slice_1,tensorrt,trt_layer,0.039295,0.000456,0.03875,0.042031,60,0.029206,99.681148
yolov8n,tensorrt_int8,176,/model.22/Constant_9_output_0,tensorrt,trt_layer,0.000778,0.00011,0.000625,0.001094,60,0.000578,99.999441
yolov8n,tensorrt_int8,172,/model.22/Sub,tensorrt,trt_layer,0.019175,0.000416,0.018386,0.020104,60,0.014252,99.971631
yolov8n,tensorrt_int8,177,/model.22/Constant_9_output_0_9,tensorrt,trt_layer,0.000752,9.3e-05,0.000625,0.000989,60,0.000559,100.0
yolov8n,tensorrt_int8,173,/model.22/Add_1,tensorrt,trt_layer,0.018235,0.000261,0.017657,0.018802,60,0.013553,99.985184
yolov8n,tensorrt_int8,171,"PWN(/model.22/Constant_11_output_0 + (Unnamed Layer* 242) [Shuffle], PWN(/model.22/Add_2, /model.22/Div_1))",tensorrt,trt_layer,0.023205,0.000407,0.022344,0.024011,60,0.017247,99.957379
yolov8n,tensorrt_int8,174,/model.22/Sub_1,tensorrt,trt_layer,0.016618,0.003979,0.015625,0.047083,60,0.012351,99.997535
yolov8n,tensorrt_int8,156,/model.22/Div_1_output_0 copy,tensorrt,trt_layer,0.041083,0.020121,0.038125,0.195625,60,0.030535,99.591796
yolov8n,tensorrt_int8,157,/model.22/Sub_1_output_0 copy,tensorrt,trt_layer,0.041029,0.016474,0.038438,0.167553,60,0.030495,99.622291
yolov8n,tensorrt_int8,175,/model.22/Constant_12_output_0 + (Unnamed Layer* 247) [Shuffle],tensorrt,trt_layer,0.001786,0.007783,0.000625,0.061562,60,0.001327,99.998863
yolov8n,tensorrt_int8,150,/model.22/Mul_2,tensorrt,trt_layer,0.053033,0.0114,0.051094,0.140573,60,0.039417,99.391943
yolov8n,tensorrt_int8,70,PWN(/model.22/Sigmoid),tensorrt,trt_layer,0.4032,0.009813,0.400156,0.478073,60,0.299677,90.490286
yolov8n,tensorrt_int8,135,/model.22/Mul_2_output_0 copy,tensorrt,trt_layer,0.073139,0.000318,0.072396,0.07375,60,0.05436,98.658655
yolov8n,tensorrt_int8,21,/model.22/Sigmoid_output_0 copy,tensorrt,trt_layer,1.229398,0.001252,1.226146,1.231718,60,0.913747,61.865735
