backend,cumulative_percent_ms,error,granularity,layer_name,max_ms,mean_ms,min_ms,model,percent_total_ms,rank,runtime,samples,status,std_ms
pytorch,98.794541,,op,aten::conv2d,0.007556,0.006441,0.006017,mobilenetv3_small,0.140014,29,pytorch_cpu,2600,ok,0.000566
pytorch,98.358129,,op,aten::convolution,0.00724,0.006961,0.006544,mobilenetv3_small,0.151318,26,pytorch_cpu,2600,ok,0.000234
pytorch,67.875633,,op,aten::_convolution,0.54511,0.509282,0.465385,mobilenetv3_small,11.07077,2,pytorch_cpu,2600,ok,0.033159
pytorch,99.878941,,op,aten::thnn_conv2d,0.003064,0.002792,0.002535,mobilenetv3_small,0.060692,40,pytorch_cpu,124850,ok,0.000232
pytorch,92.788246,,op,aten::_slow_conv2d_forward,0.113781,0.09596,0.076578,mobilenetv3_small,2.085978,9,pytorch_cpu,124850,ok,0.012437
pytorch,99.757339,,op,aten::empty,0.003531,0.003248,0.002968,mobilenetv3_small,0.070605,38,pytorch_cpu,257900,ok,0.000212
pytorch,99.686734,,op,aten::view,0.004396,0.003773,0.003535,mobilenetv3_small,0.082017,37,pytorch_cpu,126850,ok,0.000317
pytorch,99.604716,,op,aten::resize_,0.004164,0.003805,0.003403,mobilenetv3_small,0.082713,36,pytorch_cpu,124850,ok,0.000259
pytorch,98.654527,,op,aten::batch_norm,0.006853,0.006691,0.006553,mobilenetv3_small,0.145449,28,pytorch_cpu,1700,ok,0.000109
pytorch,96.367211,,op,aten::_batch_norm_impl_index,0.014703,0.014325,0.014106,mobilenetv3_small,0.311397,17,pytorch_cpu,1700,ok,0.000216
pytorch,73.097012,,op,aten::native_batch_norm,0.311953,0.240196,0.183956,mobilenetv3_small,5.22138,3,pytorch_cpu,1700,ok,0.052072
pytorch,99.522003,,op,aten::empty_like,0.004682,0.004621,0.004597,mobilenetv3_small,0.100451,35,pytorch_cpu,1700,ok,3.2e-05
pytorch,85.007065,,op,aten::hardswish_,0.181895,0.136953,0.105784,mobilenetv3_small,2.977084,6,pytorch_cpu,950,ok,0.02488
pytorch,99.818249,,op,aten::narrow,0.003332,0.002802,0.002415,mobilenetv3_small,0.06091,39,pytorch_cpu,245850,ok,0.000344
pytorch,99.182977,,op,aten::slice,0.006644,0.005847,0.005221,mobilenetv3_small,0.127102,32,pytorch_cpu,245850,ok,0.000547
pytorch,99.972067,,op,aten::as_strided,0.001835,0.001552,0.001309,mobilenetv3_small,0.033737,42,pytorch_cpu,246050,ok,0.000225
pytorch,77.899849,,op,aten::cat,0.377564,0.220942,0.164527,mobilenetv3_small,4.802836,4,pytorch_cpu,550,ok,0.081617
pytorch,98.044559,,op,aten::relu_,0.0078,0.007764,0.0077,mobilenetv3_small,0.168774,24,pytorch_cpu,250,ok,3.4e-05
pytorch,82.029981,,op,aten::clamp_min_,0.2043,0.189996,0.18144,mobilenetv3_small,4.130132,5,pytorch_cpu,250,ok,0.008456
pytorch,98.509078,,op,aten::adaptive_avg_pool2d,0.00838,0.006944,0.00655,mobilenetv3_small,0.150949,27,pytorch_cpu,500,ok,0.000719
pytorch,94.63628,,op,aten::mean,0.02719,0.024174,0.02303,mobilenetv3_small,0.525494,12,pytorch_cpu,500,ok,0.001522
pytorch,90.702268,,op,aten::sum,0.22164,0.125484,0.08682,mobilenetv3_small,2.727771,8,pytorch_cpu,500,ok,0.048721
pytorch,99.055875,,op,aten::fill_,0.00604,0.00595,0.00592,mobilenetv3_small,0.129341,31,pytorch_cpu,500,ok,4.5e-05
pytorch,94.110786,,op,aten::div_,0.02992,0.02939,0.02887,mobilenetv3_small,0.63888,11,pytorch_cpu,500,ok,0.000345
pytorch,99.30871,,op,aten::to,0.0062,0.005784,0.00528,mobilenetv3_small,0.125733,33,pytorch_cpu,500,ok,0.000303
pytorch,96.952289,,op,aten::_to_copy,0.01318,0.012882,0.01248,mobilenetv3_small,0.280029,19,pytorch_cpu,500,ok,0.000296
pytorch,98.926534,,op,aten::empty_strided,0.00666,0.006072,0.0059,mobilenetv3_small,0.131993,30,pytorch_cpu,500,ok,0.000295
pytorch,97.204081,,op,aten::copy_,0.012603,0.011583,0.011207,mobilenetv3_small,0.251791,20,pytorch_cpu,1500,ok,0.000516
pytorch,99.938329,,op,aten::detach,0.002757,0.002732,0.00268,mobilenetv3_small,0.059388,41,pytorch_cpu,2000,ok,2.9e-05
pytorch,96.672261,,op,aten::reshape,0.014333,0.014033,0.013672,mobilenetv3_small,0.305049,18,pytorch_cpu,900,ok,0.000229
pytorch,99.421552,,op,aten::_reshape_alias,0.005942,0.005191,0.004947,mobilenetv3_small,0.112842,34,pytorch_cpu,950,ok,0.000379
pytorch,98.206811,,op,aten::relu,0.016867,0.007464,0.005089,mobilenetv3_small,0.162252,25,pytorch_cpu,450,ok,0.004701
pytorch,95.36459,,op,aten::clamp_min,0.016444,0.016044,0.015922,mobilenetv3_small,0.348764,14,pytorch_cpu,450,ok,0.000201
pytorch,95.713224,,op,aten::hardsigmoid,0.016311,0.016038,0.015856,mobilenetv3_small,0.348634,15,pytorch_cpu,450,ok,0.000168
pytorch,87.974497,,op,aten::mul,0.185989,0.136509,0.089822,mobilenetv3_small,2.967432,7,pytorch_cpu,450,ok,0.036385
pytorch,93.471906,,op,aten::add_,0.031883,0.03145,0.031033,mobilenetv3_small,0.68366,10,pytorch_cpu,300,ok,0.000313
pytorch,95.015825,,op,aten::flatten,0.0177,0.01746,0.0171,mobilenetv3_small,0.379545,13,pytorch_cpu,50,ok,0.000224
pytorch,96.055814,,op,aten::linear,0.0174,0.01576,0.01525,mobilenetv3_small,0.342591,16,pytorch_cpu,100,ok,0.000823
pytorch,97.45472,,op,aten::t,0.01235,0.01153,0.01115,mobilenetv3_small,0.250639,21,pytorch_cpu,100,ok,0.000425
pytorch,97.671013,,op,aten::transpose,0.01045,0.00995,0.0096,mobilenetv3_small,0.216293,22,pytorch_cpu,100,ok,0.000298
pytorch,56.804862,,op,aten::addmm,2.8071,2.61316,2.3044,mobilenetv3_small,56.804862,1,pytorch_cpu,100,ok,0.175091
pytorch,97.875785,,op,aten::expand,0.0097,0.00942,0.00915,mobilenetv3_small,0.204772,23,pytorch_cpu,100,ok,0.000201
pytorch,100.0,,op,aten::resolve_conj,0.000275,0.000205,0.000125,mobilenetv3_small,0.004456,44,pytorch_cpu,200,ok,5.1e-05
pytorch,99.995544,,op,aten::dropout_,0.0011,0.00108,0.001,mobilenetv3_small,0.023477,43,pytorch_cpu,50,ok,4e-05
pytorch,99.596864,,op,aten::conv2d,0.004392,0.003849,0.003346,mobilenetv3_small,0.351057,30,pytorch_cuda,2600,ok,0.000428
pytorch,98.312755,,op,aten::convolution,0.005794,0.005388,0.004996,mobilenetv3_small,0.491425,27,pytorch_cuda,2600,ok,0.000313
pytorch,87.038616,,op,aten::_convolution,0.06151,0.025663,0.016477,mobilenetv3_small,2.340654,12,pytorch_cuda,2600,ok,0.017925
pytorch,16.911574,,op,aten::cudnn_convolution,0.246432,0.185419,0.168529,mobilenetv3_small,16.911574,1,pytorch_cuda,2050,ok,0.030535
pytorch,97.82133,,op,aten::empty,0.005457,0.005425,0.005386,mobilenetv3_small,0.4948,26,pytorch_cuda,9400,ok,2.5e-05
pytorch,98.799073,,op,aten::batch_norm,0.005374,0.005332,0.005291,mobilenetv3_small,0.486318,28,pytorch_cuda,1700,ok,3.4e-05
pytorch,91.959891,,op,aten::_batch_norm_impl_index,0.009597,0.00923,0.009074,mobilenetv3_small,0.841844,17,pytorch_cuda,1700,ok,0.000191
pytorch,39.268681,,op,aten::cudnn_batch_norm,0.149206,0.101054,0.088506,mobilenetv3_small,9.216866,3,pytorch_cuda,1700,ok,0.024079
pytorch,99.245807,,op,aten::empty_like,0.00495,0.004898,0.004847,mobilenetv3_small,0.446734,29,pytorch_cuda,1700,ok,3.8e-05
pytorch,94.886005,,op,aten::view,0.007521,0.007338,0.007182,mobilenetv3_small,0.669279,21,pytorch_cuda,1700,ok,0.000132
pytorch,84.697962,,op,aten::hardswish_,0.054742,0.053941,0.053147,mobilenetv3_small,4.919815,11,pytorch_cuda,950,ok,0.000637
pytorch,63.75849,,op,aten::_conv_depthwise2d,0.064409,0.062825,0.061982,mobilenetv3_small,5.730101,7,pytorch_cuda,550,ok,0.000874
pytorch,91.118047,,op,aten::resize_,0.010045,0.00984,0.009682,mobilenetv3_small,0.89748,16,pytorch_cuda,550,ok,0.000128
pytorch,93.534129,,op,aten::relu_,0.00868,0.00804,0.00774,mobilenetv3_small,0.733307,19,pytorch_cuda,250,ok,0.000333
pytorch,74.750343,,op,aten::clamp_min_,0.061,0.057888,0.05658,mobilenetv3_small,5.27981,9,pytorch_cuda,250,ok,0.001589
pytorch,97.32653,,op,aten::adaptive_avg_pool2d,0.0062,0.00593,0.00578,mobilenetv3_small,0.54086,25,pytorch_cuda,500,ok,0.000149
pytorch,46.155018,,op,aten::mean,0.0763,0.075502,0.07459,mobilenetv3_small,6.886337,4,pytorch_cuda,500,ok,0.000644
pytorch,89.22367,,op,aten::reshape,0.011967,0.011537,0.011194,mobilenetv3_small,1.052259,14,pytorch_cuda,900,ok,0.000263
pytorch,96.785671,,op,aten::_reshape_alias,0.006789,0.006608,0.006368,mobilenetv3_small,0.602698,24,pytorch_cuda,950,ok,0.000161
pytorch,79.778147,,op,aten::add_,0.056025,0.055125,0.054663,mobilenetv3_small,5.027805,10,pytorch_cuda,1200,ok,0.000475
pytorch,94.216725,,op,aten::relu,0.007656,0.007484,0.007322,mobilenetv3_small,0.682596,20,pytorch_cuda,450,ok,0.000111
pytorch,58.028389,,op,aten::clamp_min,0.064089,0.063413,0.062789,mobilenetv3_small,5.783731,6,pytorch_cuda,450,ok,0.000536
pytorch,69.470532,,op,aten::hardsigmoid,0.0635,0.062627,0.062122,mobilenetv3_small,5.712042,8,pytorch_cuda,450,ok,0.000515
pytorch,52.244658,,op,aten::mul,0.0682,0.066767,0.065944,mobilenetv3_small,6.08964,5,pytorch_cuda,450,ok,0.000777
pytorch,88.171411,,op,aten::flatten,0.0129,0.01242,0.012,mobilenetv3_small,1.132795,13,pytorch_cuda,50,ok,0.000343
pytorch,90.220567,,op,aten::linear,0.01195,0.01093,0.01005,mobilenetv3_small,0.996896,15,pytorch_cuda,100,ok,0.000785
pytorch,95.541785,,op,aten::t,0.0075,0.00719,0.0069,mobilenetv3_small,0.655781,22,pytorch_cuda,100,ok,0.000193
pytorch,96.182973,,op,aten::transpose,0.00725,0.00703,0.0067,mobilenetv3_small,0.641188,23,pytorch_cuda,100,ok,0.000234
pytorch,99.890551,,op,aten::as_strided,0.0033,0.00322,0.00315,mobilenetv3_small,0.293688,31,pytorch_cuda,200,ok,5.3e-05
pytorch,30.051815,,op,aten::addmm,0.14535,0.14407,0.14295,mobilenetv3_small,13.140241,2,pytorch_cuda,100,ok,0.00096
pytorch,92.800822,,op,aten::expand,0.00935,0.00922,0.00905,mobilenetv3_small,0.840932,18,pytorch_cuda,100,ok,0.000117
pytorch,100.0,,op,aten::dropout_,0.0014,0.0012,0.0011,mobilenetv3_small,0.109449,32,pytorch_cuda,50,ok,0.00011
,,"module 'numpy' has no attribute 'bool'.
`np.bool` was a deprecated alias for the builtin `bool`. To avoid this error in existing code, use `bool` by itself. Doing this will not modify any behavior and is safe. If you specifically wanted the numpy scalar type, use `np.bool_` here.
The aliases was originally deprecated in NumPy 1.20; for more details and guidance see the original release note at:
    https://numpy.org/devdocs/release/1.20.0-notes.html#deprecations",,,,,,mobilenetv3_small,,,tensorrt_fp32,0,error,
,,"module 'numpy' has no attribute 'bool'.
`np.bool` was a deprecated alias for the builtin `bool`. To avoid this error in existing code, use `bool` by itself. Doing this will not modify any behavior and is safe. If you specifically wanted the numpy scalar type, use `np.bool_` here.
The aliases was originally deprecated in NumPy 1.20; for more details and guidance see the original release note at:
    https://numpy.org/devdocs/release/1.20.0-notes.html#deprecations",,,,,,mobilenetv3_small,,,tensorrt_fp16,0,error,
,,"module 'numpy' has no attribute 'bool'.
`np.bool` was a deprecated alias for the builtin `bool`. To avoid this error in existing code, use `bool` by itself. Doing this will not modify any behavior and is safe. If you specifically wanted the numpy scalar type, use `np.bool_` here.
The aliases was originally deprecated in NumPy 1.20; for more details and guidance see the original release note at:
    https://numpy.org/devdocs/release/1.20.0-notes.html#deprecations",,,,,,mobilenetv3_small,,,tensorrt_int8,0,error,
onnxruntime,87.678959,,onnx_node,model_loading_uri,122.791,122.791,122.791,mobilenetv3_small,4.211304,2,onnxrt_cuda,1,ok,0.0
onnxruntime,83.467654,,onnx_node,session_initialization,2433.706,2433.706,2433.706,mobilenetv3_small,83.467654,1,onnxrt_cuda,1,ok,0.0
onnxruntime,99.994536,,onnx_node,Conv:/features/features.0/features.0.0/Conv_fence_before,0.002,0.0011,0.001,mobilenetv3_small,3.8e-05,147,onnxrt_cuda,60,ok,0.0003
onnxruntime,97.844673,,onnx_node,Conv:/features/features.0/features.0.0/Conv_kernel_time,3247.087,54.708017,0.384,mobilenetv3_small,1.876295,5,onnxrt_cuda,60,ok,415.614598
onnxruntime,99.994753,,onnx_node,Conv:/features/features.0/features.0.0/Conv_fence_after,0.001,0.001,0.001,mobilenetv3_small,3.4e-05,153,onnxrt_cuda,9,ok,0.0
onnxruntime,99.994787,,onnx_node,HardSigmoid:/features/features.0/features.0.2/HardSigmoid_fence_before,0.001,0.001,0.001,mobilenetv3_small,3.4e-05,154,onnxrt_cuda,38,ok,0.0
onnxruntime,99.838912,,onnx_node,HardSigmoid:/features/features.0/features.0.2/HardSigmoid_kernel_time,0.367,0.080167,0.064,mobilenetv3_small,0.002749,60,onnxrt_cuda,60,ok,0.040135
onnxruntime,99.994821,,onnx_node,Mul:/features/features.0/features.0.2/Mul_fence_before,0.001,0.001,0.001,mobilenetv3_small,3.4e-05,155,onnxrt_cuda,18,ok,0.0
onnxruntime,99.863621,,onnx_node,Mul:/features/features.0/features.0.2/Mul_kernel_time,0.236,0.070367,0.061,mobilenetv3_small,0.002413,70,onnxrt_cuda,60,ok,0.022993
onnxruntime,99.994459,,onnx_node,FusedConv:/features/features.1/block/block.0/block.0.0/Conv_/features/features.1/block/block.0/block.0.2/Relu_fence_before,0.003,0.001138,0.001,mobilenetv3_small,3.9e-05,145,onnxrt_cuda,58,ok,0.000392
onnxruntime,98.933435,,onnx_node,FusedConv:/features/features.1/block/block.0/block.0.0/Conv_/features/features.1/block/block.0/block.0.2/Relu_kernel_time,100.636,1.905383,0.196,mobilenetv3_small,0.065348,14,onnxrt_cuda,60,ok,12.853653
onnxruntime,99.993972,,onnx_node,GlobalAveragePool:/features/features.1/block/block.1/avgpool/GlobalAveragePool_fence_before,0.111,0.003467,0.001,mobilenetv3_small,0.000119,135,onnxrt_cuda,60,ok,0.014014
onnxruntime,99.832579,,onnx_node,GlobalAveragePool:/features/features.1/block/block.1/avgpool/GlobalAveragePool_kernel_time,0.304,0.116633,0.084,mobilenetv3_small,0.004,58,onnxrt_cuda,60,ok,0.03628
onnxruntime,99.994856,,onnx_node,FusedConv:/features/features.1/block/block.1/fc1/Conv_/features/features.1/block/block.1/activation/Relu_fence_before,0.001,0.001,0.001,mobilenetv3_small,3.4e-05,156,onnxrt_cuda,31,ok,0.0
onnxruntime,99.8245,,onnx_node,FusedConv:/features/features.1/block/block.1/fc1/Conv_/features/features.1/block/block.1/activation/Relu_kernel_time,22.577,0.511817,0.126,mobilenetv3_small,0.017554,56,onnxrt_cuda,60,ok,2.872676
onnxruntime,99.99489,,onnx_node,FusedConv:/features/features.1/block/block.1/fc1/Conv_/features/features.1/block/block.1/activation/Relu_fence_after,0.001,0.001,0.001,mobilenetv3_small,3.4e-05,157,onnxrt_cuda,1,ok,0.0
onnxruntime,99.994924,,onnx_node,Conv:/features/features.1/block/block.1/fc2/Conv_fence_before,0.001,0.001,0.001,mobilenetv3_small,3.4e-05,158,onnxrt_cuda,2,ok,0.0
onnxruntime,99.806946,,onnx_node,Conv:/features/features.1/block/block.1/fc2/Conv_kernel_time,22.525,0.524033,0.139,mobilenetv3_small,0.017973,55,onnxrt_cuda,60,ok,2.864295
onnxruntime,99.994958,,onnx_node,Conv:/features/features.1/block/block.1/fc2/Conv_fence_after,0.001,0.001,0.001,mobilenetv3_small,3.4e-05,159,onnxrt_cuda,1,ok,0.0
onnxruntime,99.994341,,onnx_node,HardSigmoid:/features/features.1/block/block.1/scale_activation/HardSigmoid_fence_before,0.002,0.0012,0.001,mobilenetv3_small,4.1e-05,142,onnxrt_cuda,5,ok,0.0004
onnxruntime,99.873113,,onnx_node,HardSigmoid:/features/features.1/block/block.1/scale_activation/HardSigmoid_kernel_time,0.137,0.067183,0.061,mobilenetv3_small,0.002304,74,onnxrt_cuda,60,ok,0.013397
onnxruntime,99.993343,,onnx_node,Mul:/features/features.1/block/block.1/Mul_fence_before,0.063,0.007889,0.001,mobilenetv3_small,0.000271,132,onnxrt_cuda,9,ok,0.019485
onnxruntime,99.84399,,onnx_node,Mul:/features/features.1/block/block.1/Mul_kernel_time,0.141,0.07355,0.064,mobilenetv3_small,0.002523,62,onnxrt_cuda,60,ok,0.017188
onnxruntime,99.994993,,onnx_node,Conv:/features/features.1/block/block.2/block.2.0/Conv_fence_before,0.001,0.001,0.001,mobilenetv3_small,3.4e-05,160,onnxrt_cuda,4,ok,0.0
onnxruntime,99.097828,,onnx_node,Conv:/features/features.1/block/block.2/block.2.0/Conv_kernel_time,25.842,0.612067,0.172,mobilenetv3_small,0.020992,19,onnxrt_cuda,60,ok,3.284672
onnxruntime,99.995027,,onnx_node,Conv:/features/features.1/block/block.2/block.2.0/Conv_fence_after,0.001,0.001,0.001,mobilenetv3_small,3.4e-05,161,onnxrt_cuda,1,ok,0.0
onnxruntime,99.994718,,onnx_node,FusedConv:/features/features.2/block/block.0/block.0.0/Conv_/features/features.2/block/block.0/block.0.2/Relu_fence_before,0.002,0.001032,0.001,mobilenetv3_small,3.5e-05,152,onnxrt_cuda,31,ok,0.000177
onnxruntime,99.463757,,onnx_node,FusedConv:/features/features.2/block/block.0/block.0.0/Conv_/features/features.2/block/block.0/block.0.2/Relu_kernel_time,23.945,0.574883,0.159,mobilenetv3_small,0.019716,37,onnxrt_cuda,60,ok,3.042565
onnxruntime,99.995061,,onnx_node,FusedConv:/features/features.2/block/block.0/block.0.0/Conv_/features/features.2/block/block.0/block.0.2/Relu_fence_after,0.001,0.001,0.001,mobilenetv3_small,3.4e-05,162,onnxrt_cuda,1,ok,0.0
onnxruntime,99.995096,,onnx_node,FusedConv:/features/features.2/block/block.1/block.1.0/Conv_/features/features.2/block/block.1/block.1.2/Relu_fence_before,0.001,0.001,0.001,mobilenetv3_small,3.4e-05,163,onnxrt_cuda,13,ok,0.0
onnxruntime,98.9986,,onnx_node,FusedConv:/features/features.2/block/block.1/block.1.0/Conv_/features/features.2/block/block.1/block.1.2/Relu_kernel_time,106.633,1.90005,0.117,mobilenetv3_small,0.065165,15,onnxrt_cuda,60,ok,13.635076
onnxruntime,99.994161,,onnx_node,FusedConv:/features/features.2/block/block.1/block.1.0/Conv_/features/features.2/block/block.1/block.1.2/Relu_fence_after,0.002,0.0015,0.001,mobilenetv3_small,5.1e-05,138,onnxrt_cuda,2,ok,0.0005
onnxruntime,99.99513,,onnx_node,Conv:/features/features.2/block/block.2/block.2.0/Conv_fence_before,0.001,0.001,0.001,mobilenetv3_small,3.4e-05,164,onnxrt_cuda,12,ok,0.0
onnxruntime,99.424307,,onnx_node,Conv:/features/features.2/block/block.2/block.2.0/Conv_kernel_time,25.524,0.575417,0.143,mobilenetv3_small,0.019735,35,onnxrt_cuda,60,ok,3.248059
onnxruntime,99.995164,,onnx_node,Conv:/features/features.2/block/block.2/block.2.0/Conv_fence_after,0.001,0.001,0.001,mobilenetv3_small,3.4e-05,165,onnxrt_cuda,1,ok,0.0
onnxruntime,99.994683,,onnx_node,FusedConv:/features/features.3/block/block.0/block.0.0/Conv_/features/features.3/block/block.0/block.0.2/Relu_fence_before,0.002,0.001037,0.001,mobilenetv3_small,3.6e-05,151,onnxrt_cuda,27,ok,0.000189
onnxruntime,99.263657,,onnx_node,FusedConv:/features/features.3/block/block.0/block.0.0/Conv_/features/features.3/block/block.0/block.0.2/Relu_kernel_time,27.015,0.598583,0.136,mobilenetv3_small,0.020529,27,onnxrt_cuda,60,ok,3.439172
onnxruntime,99.995198,,onnx_node,FusedConv:/features/features.3/block/block.1/block.1.0/Conv_/features/features.3/block/block.1/block.1.2/Relu_fence_before,0.001,0.001,0.001,mobilenetv3_small,3.4e-05,166,onnxrt_cuda,3,ok,0.0
onnxruntime,98.732663,,onnx_node,FusedConv:/features/features.3/block/block.1/block.1.0/Conv_/features/features.3/block/block.1/block.1.2/Relu_kernel_time,122.923,2.1678,0.113,mobilenetv3_small,0.074348,11,onnxrt_cuda,60,ok,15.720995
onnxruntime,99.995233,,onnx_node,FusedConv:/features/features.3/block/block.1/block.1.0/Conv_/features/features.3/block/block.1/block.1.2/Relu_fence_after,0.001,0.001,0.001,mobilenetv3_small,3.4e-05,167,onnxrt_cuda,1,ok,0.0
onnxruntime,99.995267,,onnx_node,Conv:/features/features.3/block/block.2/block.2.0/Conv_fence_before,0.001,0.001,0.001,mobilenetv3_small,3.4e-05,168,onnxrt_cuda,1,ok,0.0
onnxruntime,99.34458,,onnx_node,Conv:/features/features.3/block/block.2/block.2.0/Conv_kernel_time,26.226,0.586367,0.14,mobilenetv3_small,0.02011,31,onnxrt_cuda,60,ok,3.338034
onnxruntime,99.995301,,onnx_node,Conv:/features/features.3/block/block.2/block.2.0/Conv_fence_after,0.001,0.001,0.001,mobilenetv3_small,3.4e-05,169,onnxrt_cuda,1,ok,0.0
onnxruntime,99.995336,,onnx_node,Add:/features/features.3/Add_fence_before,0.001,0.001,0.001,mobilenetv3_small,3.4e-05,170,onnxrt_cuda,31,ok,0.0
onnxruntime,99.870809,,onnx_node,Add:/features/features.3/Add_kernel_time,0.197,0.069467,0.061,mobilenetv3_small,0.002382,73,onnxrt_cuda,60,ok,0.018317
onnxruntime,99.99537,,onnx_node,Add:/features/features.3/Add_fence_after,0.001,0.001,0.001,mobilenetv3_small,3.4e-05,171,onnxrt_cuda,1,ok,0.0
onnxruntime,99.139584,,onnx_node,Conv:/features/features.4/block/block.0/block.0.0/Conv_kernel_time,27.732,0.608483,0.141,mobilenetv3_small,0.020869,21,onnxrt_cuda,60,ok,3.531188
onnxruntime,99.995404,,onnx_node,Conv:/features/features.4/block/block.0/block.0.0/Conv_fence_after,0.001,0.001,0.001,mobilenetv3_small,3.4e-05,172,onnxrt_cuda,1,ok,0.0
onnxruntime,99.995439,,onnx_node,HardSigmoid:/features/features.4/block/block.0/block.0.2/HardSigmoid_fence_before,0.001,0.001,0.001,mobilenetv3_small,3.4e-05,173,onnxrt_cuda,9,ok,0.0
onnxruntime,99.88454,,onnx_node,HardSigmoid:/features/features.4/block/block.0/block.0.2/HardSigmoid_kernel_time,0.142,0.066433,0.057,mobilenetv3_small,0.002278,79,onnxrt_cuda,60,ok,0.016974
onnxruntime,99.995473,,onnx_node,HardSigmoid:/features/features.4/block/block.0/block.0.2/HardSigmoid_fence_after,0.001,0.001,0.001,mobilenetv3_small,3.4e-05,174,onnxrt_cuda,3,ok,0.0
onnxruntime,99.99442,,onnx_node,Mul:/features/features.4/block/block.0/block.0.2/Mul_fence_before,0.002,0.001143,0.001,mobilenetv3_small,3.9e-05,144,onnxrt_cuda,7,ok,0.00035
onnxruntime,99.92846,,onnx_node,Mul:/features/features.4/block/block.0/block.0.2/Mul_kernel_time,0.151,0.0631,0.055,mobilenetv3_small,0.002164,99,onnxrt_cuda,60,ok,0.014211
onnxruntime,99.995507,,onnx_node,Mul:/features/features.4/block/block.0/block.0.2/Mul_fence_after,0.001,0.001,0.001,mobilenetv3_small,3.4e-05,175,onnxrt_cuda,1,ok,0.0
onnxruntime,99.995541,,onnx_node,Conv:/features/features.4/block/block.1/block.1.0/Conv_fence_before,0.001,0.001,0.001,mobilenetv3_small,3.4e-05,176,onnxrt_cuda,12,ok,0.0
onnxruntime,99.033422,,onnx_node,Conv:/features/features.4/block/block.1/block.1.0/Conv_kernel_time,52.103,1.015333,0.134,mobilenetv3_small,0.034822,16,onnxrt_cuda,60,ok,6.651068
onnxruntime,99.995576,,onnx_node,Conv:/features/features.4/block/block.1/block.1.0/Conv_fence_after,0.001,0.001,0.001,mobilenetv3_small,3.4e-05,177,onnxrt_cuda,1,ok,0.0
onnxruntime,99.994381,,onnx_node,HardSigmoid:/features/features.4/block/block.1/block.1.2/HardSigmoid_fence_before,0.002,0.001167,0.001,mobilenetv3_small,4e-05,143,onnxrt_cuda,6,ok,0.000373
onnxruntime,99.947708,,onnx_node,HardSigmoid:/features/features.4/block/block.1/block.1.2/HardSigmoid_kernel_time,0.189,0.061517,0.051,mobilenetv3_small,0.00211,108,onnxrt_cuda,60,ok,0.018602
onnxruntime,99.99561,,onnx_node,Mul:/features/features.4/block/block.1/block.1.2/Mul_fence_before,0.001,0.001,0.001,mobilenetv3_small,3.4e-05,178,onnxrt_cuda,1,ok,0.0
onnxruntime,99.908913,,onnx_node,Mul:/features/features.4/block/block.1/block.1.2/Mul_kernel_time,0.145,0.06395,0.055,mobilenetv3_small,0.002193,90,onnxrt_cuda,60,ok,0.01283
onnxruntime,99.995644,,onnx_node,GlobalAveragePool:/features/features.4/block/block.2/avgpool/GlobalAveragePool_fence_before,0.001,0.001,0.001,mobilenetv3_small,3.4e-05,179,onnxrt_cuda,14,ok,0.0
onnxruntime,99.841467,,onnx_node,GlobalAveragePool:/features/features.4/block/block.2/avgpool/GlobalAveragePool_kernel_time,0.16,0.0745,0.068,mobilenetv3_small,0.002555,61,onnxrt_cuda,60,ok,0.011655
onnxruntime,99.995679,,onnx_node,FusedConv:/features/features.4/block/block.2/fc1/Conv_/features/features.4/block/block.2/activation/Relu_fence_before,0.001,0.001,0.001,mobilenetv3_small,3.4e-05,180,onnxrt_cuda,30,ok,0.0
onnxruntime,99.714236,,onnx_node,FusedConv:/features/features.4/block/block.2/fc1/Conv_/features/features.4/block/block.2/activation/Relu_kernel_time,23.729,0.55585,0.141,mobilenetv3_small,0.019064,50,onnxrt_cuda,60,ok,3.016915
onnxruntime,99.995713,,onnx_node,FusedConv:/features/features.4/block/block.2/fc1/Conv_/features/features.4/block/block.2/activation/Relu_fence_after,0.001,0.001,0.001,mobilenetv3_small,3.4e-05,181,onnxrt_cuda,1,ok,0.0
onnxruntime,99.995747,,onnx_node,Conv:/features/features.4/block/block.2/fc2/Conv_fence_before,0.001,0.001,0.001,mobilenetv3_small,3.4e-05,182,onnxrt_cuda,3,ok,0.0
onnxruntime,99.618383,,onnx_node,Conv:/features/features.4/block/block.2/fc2/Conv_kernel_time,24.24,0.560417,0.149,mobilenetv3_small,0.01922,45,onnxrt_cuda,60,ok,3.08283
onnxruntime,99.994498,,onnx_node,HardSigmoid:/features/features.4/block/block.2/scale_activation/HardSigmoid_fence_before,0.003,0.001125,0.001,mobilenetv3_small,3.9e-05,146,onnxrt_cuda,16,ok,0.000484
onnxruntime,99.904524,,onnx_node,HardSigmoid:/features/features.4/block/block.2/scale_activation/HardSigmoid_kernel_time,0.152,0.064117,0.058,mobilenetv3_small,0.002199,88,onnxrt_cuda,60,ok,0.0121
onnxruntime,99.995782,,onnx_node,HardSigmoid:/features/features.4/block/block.2/scale_activation/HardSigmoid_fence_after,0.001,0.001,0.001,mobilenetv3_small,3.4e-05,183,onnxrt_cuda,1,ok,0.0
onnxruntime,99.995816,,onnx_node,Mul:/features/features.4/block/block.2/Mul_fence_before,0.001,0.001,0.001,mobilenetv3_small,3.4e-05,184,onnxrt_cuda,3,ok,0.0
onnxruntime,99.879981,,onnx_node,Mul:/features/features.4/block/block.2/Mul_kernel_time,0.14,0.066633,0.062,mobilenetv3_small,0.002285,77,onnxrt_cuda,60,ok,0.009688
onnxruntime,99.99585,,onnx_node,Conv:/features/features.4/block/block.3/block.3.0/Conv_fence_before,0.001,0.001,0.001,mobilenetv3_small,3.4e-05,185,onnxrt_cuda,1,ok,0.0
onnxruntime,99.695172,,onnx_node,Conv:/features/features.4/block/block.3/block.3.0/Conv_kernel_time,24.306,0.559067,0.149,mobilenetv3_small,0.019174,49,onnxrt_cuda,60,ok,3.091598
onnxruntime,99.995884,,onnx_node,Conv:/features/features.4/block/block.3/block.3.0/Conv_fence_after,0.001,0.001,0.001,mobilenetv3_small,3.4e-05,186,onnxrt_cuda,1,ok,0.0
onnxruntime,99.995919,,onnx_node,Conv:/features/features.5/block/block.0/block.0.0/Conv_fence_before,0.001,0.001,0.001,mobilenetv3_small,3.4e-05,187,onnxrt_cuda,2,ok,0.0
onnxruntime,99.160438,,onnx_node,Conv:/features/features.5/block/block.0/block.0.0/Conv_kernel_time,27.387,0.60805,0.147,mobilenetv3_small,0.020854,22,onnxrt_cuda,60,ok,3.486333
onnxruntime,99.995953,,onnx_node,Conv:/features/features.5/block/block.0/block.0.0/Conv_fence_after,0.001,0.001,0.001,mobilenetv3_small,3.4e-05,188,onnxrt_cuda,1,ok,0.0
onnxruntime,99.994041,,onnx_node,HardSigmoid:/features/features.5/block/block.0/block.0.2/HardSigmoid_fence_before,0.002,0.002,0.002,mobilenetv3_small,6.9e-05,136,onnxrt_cuda,1,ok,0.0
onnxruntime,99.886808,,onnx_node,HardSigmoid:/features/features.5/block/block.0/block.0.2/HardSigmoid_kernel_time,0.242,0.066133,0.06,mobilenetv3_small,0.002268,80,onnxrt_cuda,60,ok,0.023316
onnxruntime,99.995987,,onnx_node,Mul:/features/features.5/block/block.0/block.0.2/Mul_fence_before,0.001,0.001,0.001,mobilenetv3_small,3.4e-05,189,onnxrt_cuda,6,ok,0.0
onnxruntime,99.913279,,onnx_node,Mul:/features/features.5/block/block.0/block.0.2/Mul_kernel_time,0.149,0.063567,0.057,mobilenetv3_small,0.00218,92,onnxrt_cuda,60,ok,0.011857
onnxruntime,98.464459,,onnx_node,Conv:/features/features.5/block/block.1/block.1.0/Conv_kernel_time,228.064,3.934533,0.131,mobilenetv3_small,0.134941,8,onnxrt_cuda,60,ok,29.179171
onnxruntime,99.996022,,onnx_node,Conv:/features/features.5/block/block.1/block.1.0/Conv_fence_after,0.001,0.001,0.001,mobilenetv3_small,3.4e-05,190,onnxrt_cuda,1,ok,0.0
onnxruntime,99.994109,,onnx_node,HardSigmoid:/features/features.5/block/block.1/block.1.2/HardSigmoid_fence_before,0.002,0.002,0.002,mobilenetv3_small,6.9e-05,137,onnxrt_cuda,1,ok,0.0
onnxruntime,99.964307,,onnx_node,HardSigmoid:/features/features.5/block/block.1/block.1.2/HardSigmoid_kernel_time,0.171,0.05965,0.055,mobilenetv3_small,0.002046,116,onnxrt_cuda,60,ok,0.014932
onnxruntime,99.996056,,onnx_node,Mul:/features/features.5/block/block.1/block.1.2/Mul_fence_before,0.001,0.001,0.001,mobilenetv3_small,3.4e-05,191,onnxrt_cuda,3,ok,0.0
onnxruntime,99.992351,,onnx_node,Mul:/features/features.5/block/block.1/block.1.2/Mul_kernel_time,0.091,0.05765,0.053,mobilenetv3_small,0.001977,130,onnxrt_cuda,60,ok,0.005618
onnxruntime,99.99609,,onnx_node,GlobalAveragePool:/features/features.5/block/block.2/avgpool/GlobalAveragePool_fence_before,0.001,0.001,0.001,mobilenetv3_small,3.4e-05,192,onnxrt_cuda,41,ok,0.0
onnxruntime,99.846489,,onnx_node,GlobalAveragePool:/features/features.5/block/block.2/avgpool/GlobalAveragePool_kernel_time,0.267,0.072883,0.064,mobilenetv3_small,0.0025,63,onnxrt_cuda,60,ok,0.026123
onnxruntime,99.996124,,onnx_node,FusedConv:/features/features.5/block/block.2/fc1/Conv_/features/features.5/block/block.2/activation/Relu_fence_before,0.001,0.001,0.001,mobilenetv3_small,3.4e-05,193,onnxrt_cuda,12,ok,0.0
onnxruntime,99.599162,,onnx_node,FusedConv:/features/features.5/block/block.2/fc1/Conv_/features/features.5/block/block.2/activation/Relu_kernel_time,23.323,0.56145,0.147,mobilenetv3_small,0.019256,44,onnxrt_cuda,60,ok,2.963334
onnxruntime,99.996159,,onnx_node,FusedConv:/features/features.5/block/block.2/fc1/Conv_/features/features.5/block/block.2/activation/Relu_fence_after,0.001,0.001,0.001,mobilenetv3_small,3.4e-05,194,onnxrt_cuda,1,ok,0.0
onnxruntime,99.996193,,onnx_node,Conv:/features/features.5/block/block.2/fc2/Conv_fence_before,0.001,0.001,0.001,mobilenetv3_small,3.4e-05,195,onnxrt_cuda,3,ok,0.0
onnxruntime,99.751979,,onnx_node,Conv:/features/features.5/block/block.2/fc2/Conv_kernel_time,23.26,0.54625,0.152,mobilenetv3_small,0.018734,52,onnxrt_cuda,60,ok,2.957094
onnxruntime,99.996227,,onnx_node,Conv:/features/features.5/block/block.2/fc2/Conv_fence_after,0.001,0.001,0.001,mobilenetv3_small,3.4e-05,196,onnxrt_cuda,1,ok,0.0
onnxruntime,99.994611,,onnx_node,HardSigmoid:/features/features.5/block/block.2/scale_activation/HardSigmoid_fence_before,0.002,0.001091,0.001,mobilenetv3_small,3.7e-05,149,onnxrt_cuda,11,ok,0.000287
onnxruntime,99.891294,,onnx_node,HardSigmoid:/features/features.5/block/block.2/scale_activation/HardSigmoid_kernel_time,0.229,0.06485,0.057,mobilenetv3_small,0.002224,82,onnxrt_cuda,60,ok,0.021678
onnxruntime,99.996262,,onnx_node,Mul:/features/features.5/block/block.2/Mul_fence_before,0.001,0.001,0.001,mobilenetv3_small,3.4e-05,197,onnxrt_cuda,8,ok,0.0
onnxruntime,99.902325,,onnx_node,Mul:/features/features.5/block/block.2/Mul_kernel_time,0.14,0.064167,0.059,mobilenetv3_small,0.002201,87,onnxrt_cuda,60,ok,0.010354
onnxruntime,99.996296,,onnx_node,Conv:/features/features.5/block/block.3/block.3.0/Conv_fence_before,0.001,0.001,0.001,mobilenetv3_small,3.4e-05,198,onnxrt_cuda,1,ok,0.0
onnxruntime,99.304267,,onnx_node,Conv:/features/features.5/block/block.3/block.3.0/Conv_kernel_time,26.323,0.58985,0.149,mobilenetv3_small,0.02023,29,onnxrt_cuda,60,ok,3.350174
onnxruntime,99.99633,,onnx_node,Conv:/features/features.5/block/block.3/block.3.0/Conv_fence_after,0.001,0.001,0.001,mobilenetv3_small,3.4e-05,199,onnxrt_cuda,1,ok,0.0
onnxruntime,99.996365,,onnx_node,Add:/features/features.5/Add_fence_before,0.001,0.001,0.001,mobilenetv3_small,3.4e-05,200,onnxrt_cuda,21,ok,0.0
onnxruntime,99.861208,,onnx_node,Add:/features/features.5/Add_kernel_time,0.25,0.070717,0.065,mobilenetv3_small,0.002425,69,onnxrt_cuda,60,ok,0.023424
onnxruntime,99.118715,,onnx_node,Conv:/features/features.6/block/block.0/block.0.0/Conv_kernel_time,27.389,0.609,0.149,mobilenetv3_small,0.020887,20,onnxrt_cuda,60,ok,3.486466
onnxruntime,99.996399,,onnx_node,Conv:/features/features.6/block/block.0/block.0.0/Conv_fence_after,0.001,0.001,0.001,mobilenetv3_small,3.4e-05,201,onnxrt_cuda,2,ok,0.0
onnxruntime,99.994212,,onnx_node,HardSigmoid:/features/features.6/block/block.0/block.0.2/HardSigmoid_fence_before,0.002,0.0015,0.001,mobilenetv3_small,5.1e-05,139,onnxrt_cuda,2,ok,0.0005
onnxruntime,99.88907,,onnx_node,HardSigmoid:/features/features.6/block/block.0/block.0.2/HardSigmoid_kernel_time,0.229,0.065967,0.056,mobilenetv3_small,0.002262,81,onnxrt_cuda,60,ok,0.022228
onnxruntime,99.996433,,onnx_node,Mul:/features/features.6/block/block.0/block.0.2/Mul_fence_before,0.001,0.001,0.001,mobilenetv3_small,3.4e-05,202,onnxrt_cuda,2,ok,0.0
onnxruntime,99.893508,,onnx_node,Mul:/features/features.6/block/block.0/block.0.2/Mul_kernel_time,0.145,0.064533,0.058,mobilenetv3_small,0.002213,83,onnxrt_cuda,60,ok,0.014754
onnxruntime,99.996467,,onnx_node,Conv:/features/features.6/block/block.1/block.1.0/Conv_fence_before,0.001,0.001,0.001,mobilenetv3_small,3.4e-05,203,onnxrt_cuda,3,ok,0.0
onnxruntime,98.581582,,onnx_node,Conv:/features/features.6/block/block.1/block.1.0/Conv_kernel_time,196.798,3.415,0.13,mobilenetv3_small,0.117123,9,onnxrt_cuda,60,ok,25.176324
onnxruntime,99.996502,,onnx_node,Conv:/features/features.6/block/block.1/block.1.0/Conv_fence_after,0.001,0.001,0.001,mobilenetv3_small,3.4e-05,204,onnxrt_cuda,1,ok,0.0
onnxruntime,99.996536,,onnx_node,HardSigmoid:/features/features.6/block/block.1/block.1.2/HardSigmoid_fence_before,0.001,0.001,0.001,mobilenetv3_small,3.4e-05,205,onnxrt_cuda,1,ok,0.0
onnxruntime,99.972421,,onnx_node,HardSigmoid:/features/features.6/block/block.1/block.1.2/HardSigmoid_kernel_time,0.109,0.05885,0.054,mobilenetv3_small,0.002018,120,onnxrt_cuda,60,ok,0.008453
onnxruntime,99.99657,,onnx_node,Mul:/features/features.6/block/block.1/block.1.2/Mul_fence_before,0.001,0.001,0.001,mobilenetv3_small,3.4e-05,206,onnxrt_cuda,2,ok,0.0
onnxruntime,99.986418,,onnx_node,Mul:/features/features.6/block/block.1/block.1.2/Mul_kernel_time,0.103,0.05785,0.053,mobilenetv3_small,0.001984,127,onnxrt_cuda,60,ok,0.007461
onnxruntime,99.996605,,onnx_node,GlobalAveragePool:/features/features.6/block/block.2/avgpool/GlobalAveragePool_fence_before,0.001,0.001,0.001,mobilenetv3_small,3.4e-05,207,onnxrt_cuda,16,ok,0.0
onnxruntime,99.866033,,onnx_node,GlobalAveragePool:/features/features.6/block/block.2/avgpool/GlobalAveragePool_kernel_time,0.112,0.070317,0.064,mobilenetv3_small,0.002412,71,onnxrt_cuda,60,ok,0.006939
onnxruntime,99.994647,,onnx_node,FusedConv:/features/features.6/block/block.2/fc1/Conv_/features/features.6/block/block.2/activation/Relu_fence_before,0.002,0.001067,0.001,mobilenetv3_small,3.7e-05,150,onnxrt_cuda,15,ok,0.000249
onnxruntime,99.579907,,onnx_node,FusedConv:/features/features.6/block/block.2/fc1/Conv_/features/features.6/block/block.2/activation/Relu_kernel_time,23.18,0.56325,0.151,mobilenetv3_small,0.019318,43,onnxrt_cuda,60,ok,2.944553
onnxruntime,99.996639,,onnx_node,FusedConv:/features/features.6/block/block.2/fc1/Conv_/features/features.6/block/block.2/activation/Relu_fence_after,0.001,0.001,0.001,mobilenetv3_small,3.4e-05,208,onnxrt_cuda,1,ok,0.0
onnxruntime,99.996673,,onnx_node,Conv:/features/features.6/block/block.2/fc2/Conv_fence_before,0.001,0.001,0.001,mobilenetv3_small,3.4e-05,209,onnxrt_cuda,2,ok,0.0
onnxruntime,99.788974,,onnx_node,Conv:/features/features.6/block/block.2/fc2/Conv_kernel_time,22.798,0.53625,0.149,mobilenetv3_small,0.018392,54,onnxrt_cuda,60,ok,2.898253
onnxruntime,99.996708,,onnx_node,Conv:/features/features.6/block/block.2/fc2/Conv_fence_after,0.001,0.001,0.001,mobilenetv3_small,3.4e-05,210,onnxrt_cuda,1,ok,0.0
onnxruntime,99.996742,,onnx_node,HardSigmoid:/features/features.6/block/block.2/scale_activation/HardSigmoid_fence_before,0.001,0.001,0.001,mobilenetv3_small,3.4e-05,211,onnxrt_cuda,6,ok,0.0
onnxruntime,99.915458,,onnx_node,HardSigmoid:/features/features.6/block/block.2/scale_activation/HardSigmoid_kernel_time,0.111,0.06355,0.059,mobilenetv3_small,0.00218,93,onnxrt_cuda,60,ok,0.00739
onnxruntime,99.996776,,onnx_node,HardSigmoid:/features/features.6/block/block.2/scale_activation/HardSigmoid_fence_after,0.001,0.001,0.001,mobilenetv3_small,3.4e-05,212,onnxrt_cuda,1,ok,0.0
onnxruntime,99.99681,,onnx_node,Mul:/features/features.6/block/block.2/Mul_fence_before,0.001,0.001,0.001,mobilenetv3_small,3.4e-05,213,onnxrt_cuda,6,ok,0.0
onnxruntime,99.897923,,onnx_node,Mul:/features/features.6/block/block.2/Mul_kernel_time,0.1,0.064233,0.06,mobilenetv3_small,0.002203,85,onnxrt_cuda,60,ok,0.00642
onnxruntime,99.996845,,onnx_node,Conv:/features/features.6/block/block.3/block.3.0/Conv_fence_before,0.001,0.001,0.001,mobilenetv3_small,3.4e-05,214,onnxrt_cuda,3,ok,0.0
onnxruntime,99.364623,,onnx_node,Conv:/features/features.6/block/block.3/block.3.0/Conv_kernel_time,26.011,0.5844,0.146,mobilenetv3_small,0.020043,32,onnxrt_cuda,60,ok,3.310275
onnxruntime,99.996879,,onnx_node,Conv:/features/features.6/block/block.3/block.3.0/Conv_fence_after,0.001,0.001,0.001,mobilenetv3_small,3.4e-05,215,onnxrt_cuda,1,ok,0.0
onnxruntime,99.996913,,onnx_node,Add:/features/features.6/Add_fence_before,0.001,0.001,0.001,mobilenetv3_small,3.4e-05,216,onnxrt_cuda,4,ok,0.0
onnxruntime,99.877695,,onnx_node,Add:/features/features.6/Add_kernel_time,0.12,0.066717,0.062,mobilenetv3_small,0.002288,76,onnxrt_cuda,60,ok,0.007864
onnxruntime,99.560589,,onnx_node,Conv:/features/features.7/block/block.0/block.0.0/Conv_kernel_time,24.842,0.5637,0.146,mobilenetv3_small,0.019333,42,onnxrt_cuda,60,ok,3.160769
onnxruntime,99.996948,,onnx_node,HardSigmoid:/features/features.7/block/block.0/block.0.2/HardSigmoid_fence_before,0.001,0.001,0.001,mobilenetv3_small,3.4e-05,217,onnxrt_cuda,2,ok,0.0
onnxruntime,99.930622,,onnx_node,HardSigmoid:/features/features.7/block/block.0/block.0.2/HardSigmoid_kernel_time,0.184,0.063033,0.058,mobilenetv3_small,0.002162,100,onnxrt_cuda,60,ok,0.01591
onnxruntime,99.996982,,onnx_node,Mul:/features/features.7/block/block.0/block.0.2/Mul_fence_before,0.001,0.001,0.001,mobilenetv3_small,3.4e-05,218,onnxrt_cuda,1,ok,0.0
onnxruntime,99.943476,,onnx_node,Mul:/features/features.7/block/block.0/block.0.2/Mul_kernel_time,0.117,0.06195,0.057,mobilenetv3_small,0.002125,106,onnxrt_cuda,60,ok,0.007843
onnxruntime,98.868087,,onnx_node,Conv:/features/features.7/block/block.1/block.1.0/Conv_kernel_time,109.394,1.95655,0.13,mobilenetv3_small,0.067103,13,onnxrt_cuda,60,ok,13.987166
onnxruntime,99.997016,,onnx_node,Conv:/features/features.7/block/block.1/block.1.0/Conv_fence_after,0.001,0.001,0.001,mobilenetv3_small,3.4e-05,219,onnxrt_cuda,1,ok,0.0
onnxruntime,99.99705,,onnx_node,HardSigmoid:/features/features.7/block/block.1/block.1.2/HardSigmoid_fence_before,0.001,0.001,0.001,mobilenetv3_small,3.4e-05,220,onnxrt_cuda,2,ok,0.0
onnxruntime,99.980438,,onnx_node,HardSigmoid:/features/features.7/block/block.1/block.1.2/HardSigmoid_kernel_time,0.109,0.058317,0.054,mobilenetv3_small,0.002,124,onnxrt_cuda,60,ok,0.006874
onnxruntime,99.997085,,onnx_node,Mul:/features/features.7/block/block.1/block.1.2/Mul_fence_before,0.001,0.001,0.001,mobilenetv3_small,3.4e-05,221,onnxrt_cuda,1,ok,0.0
onnxruntime,99.951898,,onnx_node,Mul:/features/features.7/block/block.1/block.1.2/Mul_kernel_time,0.094,0.060783,0.056,mobilenetv3_small,0.002085,110,onnxrt_cuda,60,ok,0.005047
onnxruntime,99.997119,,onnx_node,GlobalAveragePool:/features/features.7/block/block.2/avgpool/GlobalAveragePool_fence_before,0.001,0.001,0.001,mobilenetv3_small,3.4e-05,222,onnxrt_cuda,7,ok,0.0
onnxruntime,99.851436,,onnx_node,GlobalAveragePool:/features/features.7/block/block.2/avgpool/GlobalAveragePool_kernel_time,0.125,0.0721,0.066,mobilenetv3_small,0.002473,65,onnxrt_cuda,60,ok,0.007687
onnxruntime,99.997153,,onnx_node,FusedConv:/features/features.7/block/block.2/fc1/Conv_/features/features.7/block/block.2/activation/Relu_fence_before,0.001,0.001,0.001,mobilenetv3_small,3.4e-05,223,onnxrt_cuda,8,ok,0.0
onnxruntime,99.656805,,onnx_node,FusedConv:/features/features.7/block/block.2/fc1/Conv_/features/features.7/block/block.2/activation/Relu_kernel_time,23.746,0.560067,0.145,mobilenetv3_small,0.019208,47,onnxrt_cuda,60,ok,3.01858
onnxruntime,99.997188,,onnx_node,FusedConv:/features/features.7/block/block.2/fc1/Conv_/features/features.7/block/block.2/activation/Relu_fence_after,0.001,0.001,0.001,mobilenetv3_small,3.4e-05,224,onnxrt_cuda,1,ok,0.0
onnxruntime,99.993853,,onnx_node,Conv:/features/features.7/block/block.2/fc2/Conv_fence_before,0.032,0.0072,0.001,mobilenetv3_small,0.000247,134,onnxrt_cuda,5,ok,0.0124
onnxruntime,99.733245,,onnx_node,Conv:/features/features.7/block/block.2/fc2/Conv_kernel_time,24.01,0.55425,0.148,mobilenetv3_small,0.019009,51,onnxrt_cuda,60,ok,3.053692
onnxruntime,99.997222,,onnx_node,Conv:/features/features.7/block/block.2/fc2/Conv_fence_after,0.001,0.001,0.001,mobilenetv3_small,3.4e-05,225,onnxrt_cuda,1,ok,0.0
onnxruntime,99.9943,,onnx_node,HardSigmoid:/features/features.7/block/block.2/scale_activation/HardSigmoid_fence_before,0.002,0.00125,0.001,mobilenetv3_small,4.3e-05,141,onnxrt_cuda,4,ok,0.000433
onnxruntime,99.939223,,onnx_node,HardSigmoid:/features/features.7/block/block.2/scale_activation/HardSigmoid_kernel_time,0.116,0.062433,0.056,mobilenetv3_small,0.002141,104,onnxrt_cuda,60,ok,0.007385
onnxruntime,99.997256,,onnx_node,Mul:/features/features.7/block/block.2/Mul_fence_before,0.001,0.001,0.001,mobilenetv3_small,3.4e-05,226,onnxrt_cuda,2,ok,0.0
onnxruntime,99.919798,,onnx_node,Mul:/features/features.7/block/block.2/Mul_kernel_time,0.105,0.0632,0.059,mobilenetv3_small,0.002168,95,onnxrt_cuda,60,ok,0.005753
onnxruntime,99.997291,,onnx_node,Conv:/features/features.7/block/block.3/block.3.0/Conv_fence_before,0.001,0.001,0.001,mobilenetv3_small,3.4e-05,227,onnxrt_cuda,1,ok,0.0
onnxruntime,99.541256,,onnx_node,Conv:/features/features.7/block/block.3/block.3.0/Conv_kernel_time,24.618,0.5639,0.15,mobilenetv3_small,0.01934,41,onnxrt_cuda,60,ok,3.131582
onnxruntime,99.997325,,onnx_node,Conv:/features/features.7/block/block.3/block.3.0/Conv_fence_after,0.001,0.001,0.001,mobilenetv3_small,3.4e-05,228,onnxrt_cuda,1,ok,0.0
onnxruntime,99.444041,,onnx_node,Conv:/features/features.8/block/block.0/block.0.0/Conv_kernel_time,25.596,0.5754,0.146,mobilenetv3_small,0.019734,36,onnxrt_cuda,60,ok,3.257408
onnxruntime,99.997359,,onnx_node,Conv:/features/features.8/block/block.0/block.0.0/Conv_fence_after,0.001,0.001,0.001,mobilenetv3_small,3.4e-05,229,onnxrt_cuda,1,ok,0.0
onnxruntime,99.997393,,onnx_node,HardSigmoid:/features/features.8/block/block.0/block.0.2/HardSigmoid_fence_before,0.001,0.001,0.001,mobilenetv3_small,3.4e-05,230,onnxrt_cuda,1,ok,0.0
onnxruntime,99.924131,,onnx_node,HardSigmoid:/features/features.8/block/block.0/block.0.2/HardSigmoid_kernel_time,0.125,0.06315,0.059,mobilenetv3_small,0.002166,97,onnxrt_cuda,60,ok,0.008955
onnxruntime,99.997428,,onnx_node,Mul:/features/features.8/block/block.0/block.0.2/Mul_fence_before,0.001,0.001,0.001,mobilenetv3_small,3.4e-05,231,onnxrt_cuda,1,ok,0.0
onnxruntime,99.949813,,onnx_node,Mul:/features/features.8/block/block.0/block.0.2/Mul_kernel_time,0.095,0.061383,0.057,mobilenetv3_small,0.002105,109,onnxrt_cuda,60,ok,0.005657
onnxruntime,98.658315,,onnx_node,Conv:/features/features.8/block/block.1/block.1.0/Conv_kernel_time,126.279,2.23735,0.13,mobilenetv3_small,0.076733,10,onnxrt_cuda,60,ok,16.148849
onnxruntime,99.997462,,onnx_node,Conv:/features/features.8/block/block.1/block.1.0/Conv_fence_after,0.001,0.001,0.001,mobilenetv3_small,3.4e-05,232,onnxrt_cuda,1,ok,0.0
onnxruntime,99.997496,,onnx_node,HardSigmoid:/features/features.8/block/block.1/block.1.2/HardSigmoid_fence_before,0.001,0.001,0.001,mobilenetv3_small,3.4e-05,233,onnxrt_cuda,4,ok,0.0
onnxruntime,99.984433,,onnx_node,HardSigmoid:/features/features.8/block/block.1/block.1.2/HardSigmoid_kernel_time,0.114,0.058183,0.055,mobilenetv3_small,0.001995,126,onnxrt_cuda,60,ok,0.00746
onnxruntime,99.997531,,onnx_node,Mul:/features/features.8/block/block.1/block.1.2/Mul_fence_before,0.001,0.001,0.001,mobilenetv3_small,3.4e-05,234,onnxrt_cuda,1,ok,0.0
onnxruntime,99.978438,,onnx_node,Mul:/features/features.8/block/block.1/block.1.2/Mul_kernel_time,0.091,0.05835,0.054,mobilenetv3_small,0.002001,123,onnxrt_cuda,60,ok,0.00517
onnxruntime,99.997565,,onnx_node,GlobalAveragePool:/features/features.8/block/block.2/avgpool/GlobalAveragePool_fence_before,0.001,0.001,0.001,mobilenetv3_small,3.4e-05,235,onnxrt_cuda,22,ok,0.0
onnxruntime,99.853902,,onnx_node,GlobalAveragePool:/features/features.8/block/block.2/avgpool/GlobalAveragePool_kernel_time,0.13,0.071917,0.068,mobilenetv3_small,0.002467,66,onnxrt_cuda,60,ok,0.007851
onnxruntime,99.997599,,onnx_node,FusedConv:/features/features.8/block/block.2/fc1/Conv_/features/features.8/block/block.2/activation/Relu_fence_before,0.001,0.001,0.001,mobilenetv3_small,3.4e-05,236,onnxrt_cuda,10,ok,0.0
onnxruntime,99.521916,,onnx_node,FusedConv:/features/features.8/block/block.2/fc1/Conv_/features/features.8/block/block.2/activation/Relu_kernel_time,24.463,0.564,0.141,mobilenetv3_small,0.019343,40,onnxrt_cuda,60,ok,3.111408
onnxruntime,99.997634,,onnx_node,FusedConv:/features/features.8/block/block.2/fc1/Conv_/features/features.8/block/block.2/activation/Relu_fence_after,0.001,0.001,0.001,mobilenetv3_small,3.4e-05,237,onnxrt_cuda,1,ok,0.0
onnxruntime,99.997668,,onnx_node,Conv:/features/features.8/block/block.2/fc2/Conv_fence_before,0.001,0.001,0.001,mobilenetv3_small,3.4e-05,238,onnxrt_cuda,1,ok,0.0
onnxruntime,99.502573,,onnx_node,Conv:/features/features.8/block/block.2/fc2/Conv_kernel_time,24.681,0.564833,0.148,mobilenetv3_small,0.019372,39,onnxrt_cuda,60,ok,3.139662
onnxruntime,99.997702,,onnx_node,HardSigmoid:/features/features.8/block/block.2/scale_activation/HardSigmoid_fence_before,0.001,0.001,0.001,mobilenetv3_small,3.4e-05,239,onnxrt_cuda,3,ok,0.0
onnxruntime,99.937082,,onnx_node,HardSigmoid:/features/features.8/block/block.2/scale_activation/HardSigmoid_kernel_time,0.109,0.062683,0.058,mobilenetv3_small,0.00215,103,onnxrt_cuda,60,ok,0.006939
onnxruntime,99.997736,,onnx_node,Mul:/features/features.8/block/block.2/Mul_fence_before,0.001,0.001,0.001,mobilenetv3_small,3.4e-05,240,onnxrt_cuda,3,ok,0.0
onnxruntime,99.93278,,onnx_node,Mul:/features/features.8/block/block.2/Mul_kernel_time,0.099,0.062933,0.059,mobilenetv3_small,0.002158,101,onnxrt_cuda,60,ok,0.005525
onnxruntime,99.997771,,onnx_node,Conv:/features/features.8/block/block.3/block.3.0/Conv_fence_before,0.001,0.001,0.001,mobilenetv3_small,3.4e-05,241,onnxrt_cuda,2,ok,0.0
onnxruntime,99.483201,,onnx_node,Conv:/features/features.8/block/block.3/block.3.0/Conv_kernel_time,24.928,0.566933,0.149,mobilenetv3_small,0.019444,38,onnxrt_cuda,60,ok,3.171546
onnxruntime,99.997805,,onnx_node,Add:/features/features.8/Add_fence_before,0.001,0.001,0.001,mobilenetv3_small,3.4e-05,242,onnxrt_cuda,2,ok,0.0
onnxruntime,99.875407,,onnx_node,Add:/features/features.8/Add_kernel_time,0.127,0.0669,0.062,mobilenetv3_small,0.002294,75,onnxrt_cuda,60,ok,0.010064
onnxruntime,99.993606,,onnx_node,Conv:/features/features.9/block/block.0/block.0.0/Conv_fence_before,0.021,0.007667,0.001,mobilenetv3_small,0.000263,133,onnxrt_cuda,3,ok,0.009428
onnxruntime,99.076837,,onnx_node,Conv:/features/features.9/block/block.0/block.0.0/Conv_kernel_time,28.569,0.627067,0.15,mobilenetv3_small,0.021506,18,onnxrt_cuda,60,ok,3.637734
onnxruntime,99.997839,,onnx_node,Conv:/features/features.9/block/block.0/block.0.0/Conv_fence_after,0.001,0.001,0.001,mobilenetv3_small,3.4e-05,243,onnxrt_cuda,1,ok,0.0
onnxruntime,99.997874,,onnx_node,HardSigmoid:/features/features.9/block/block.0/block.0.2/HardSigmoid_fence_before,0.001,0.001,0.001,mobilenetv3_small,3.4e-05,244,onnxrt_cuda,2,ok,0.0
onnxruntime,99.956056,,onnx_node,HardSigmoid:/features/features.9/block/block.0/block.0.2/HardSigmoid_kernel_time,0.129,0.060533,0.056,mobilenetv3_small,0.002076,112,onnxrt_cuda,60,ok,0.009624
onnxruntime,99.997908,,onnx_node,Mul:/features/features.9/block/block.0/block.0.2/Mul_fence_before,0.001,0.001,0.001,mobilenetv3_small,3.4e-05,245,onnxrt_cuda,3,ok,0.0
onnxruntime,99.89572,,onnx_node,Mul:/features/features.9/block/block.0/block.0.2/Mul_kernel_time,0.103,0.0645,0.055,mobilenetv3_small,0.002212,84,onnxrt_cuda,60,ok,0.006973
onnxruntime,98.800984,,onnx_node,Conv:/features/features.9/block/block.1/block.1.0/Conv_kernel_time,111.623,1.992067,0.129,mobilenetv3_small,0.068321,12,onnxrt_cuda,60,ok,14.272733
onnxruntime,99.997942,,onnx_node,Conv:/features/features.9/block/block.1/block.1.0/Conv_fence_after,0.001,0.001,0.001,mobilenetv3_small,3.4e-05,246,onnxrt_cuda,1,ok,0.0
onnxruntime,99.997977,,onnx_node,HardSigmoid:/features/features.9/block/block.1/block.1.2/HardSigmoid_fence_before,0.001,0.001,0.001,mobilenetv3_small,3.4e-05,247,onnxrt_cuda,1,ok,0.0
onnxruntime,99.974431,,onnx_node,HardSigmoid:/features/features.9/block/block.1/block.1.2/HardSigmoid_kernel_time,0.118,0.058633,0.055,mobilenetv3_small,0.002011,121,onnxrt_cuda,60,ok,0.008284
onnxruntime,99.998011,,onnx_node,Mul:/features/features.9/block/block.1/block.1.2/Mul_fence_before,0.001,0.001,0.001,mobilenetv3_small,3.4e-05,248,onnxrt_cuda,2,ok,0.0
onnxruntime,99.962261,,onnx_node,Mul:/features/features.9/block/block.1/block.1.2/Mul_kernel_time,0.12,0.060017,0.055,mobilenetv3_small,0.002058,115,onnxrt_cuda,60,ok,0.008201
onnxruntime,99.998045,,onnx_node,GlobalAveragePool:/features/features.9/block/block.2/avgpool/GlobalAveragePool_fence_before,0.001,0.001,0.001,mobilenetv3_small,3.4e-05,249,onnxrt_cuda,7,ok,0.0
onnxruntime,99.848963,,onnx_node,GlobalAveragePool:/features/features.9/block/block.2/avgpool/GlobalAveragePool_kernel_time,0.122,0.072117,0.067,mobilenetv3_small,0.002473,64,onnxrt_cuda,60,ok,0.008834
onnxruntime,99.998079,,onnx_node,FusedConv:/features/features.9/block/block.2/fc1/Conv_/features/features.9/block/block.2/activation/Relu_fence_before,0.001,0.001,0.001,mobilenetv3_small,3.4e-05,250,onnxrt_cuda,10,ok,0.0
onnxruntime,99.637597,,onnx_node,FusedConv:/features/features.9/block/block.2/fc1/Conv_/features/features.9/block/block.2/activation/Relu_kernel_time,23.339,0.560233,0.153,mobilenetv3_small,0.019214,46,onnxrt_cuda,60,ok,2.965577
onnxruntime,99.998114,,onnx_node,FusedConv:/features/features.9/block/block.2/fc1/Conv_/features/features.9/block/block.2/activation/Relu_fence_after,0.001,0.001,0.001,mobilenetv3_small,3.4e-05,251,onnxrt_cuda,3,ok,0.0
onnxruntime,99.998148,,onnx_node,Conv:/features/features.9/block/block.2/fc2/Conv_fence_before,0.001,0.001,0.001,mobilenetv3_small,3.4e-05,252,onnxrt_cuda,2,ok,0.0
onnxruntime,99.770582,,onnx_node,Conv:/features/features.9/block/block.2/fc2/Conv_kernel_time,23.109,0.542417,0.151,mobilenetv3_small,0.018603,53,onnxrt_cuda,60,ok,2.937991
onnxruntime,99.998182,,onnx_node,Conv:/features/features.9/block/block.2/fc2/Conv_fence_after,0.001,0.001,0.001,mobilenetv3_small,3.4e-05,253,onnxrt_cuda,2,ok,0.0
onnxruntime,99.998217,,onnx_node,HardSigmoid:/features/features.9/block/block.2/scale_activation/HardSigmoid_fence_before,0.001,0.001,0.001,mobilenetv3_small,3.4e-05,254,onnxrt_cuda,5,ok,0.0
onnxruntime,99.941351,,onnx_node,HardSigmoid:/features/features.9/block/block.2/scale_activation/HardSigmoid_kernel_time,0.106,0.06205,0.057,mobilenetv3_small,0.002128,105,onnxrt_cuda,60,ok,0.006528
onnxruntime,99.998251,,onnx_node,Mul:/features/features.9/block/block.2/Mul_fence_before,0.001,0.001,0.001,mobilenetv3_small,3.4e-05,255,onnxrt_cuda,2,ok,0.0
onnxruntime,99.934932,,onnx_node,Mul:/features/features.9/block/block.2/Mul_kernel_time,0.093,0.06275,0.059,mobilenetv3_small,0.002152,102,onnxrt_cuda,60,ok,0.004746
onnxruntime,99.998285,,onnx_node,Conv:/features/features.9/block/block.3/block.3.0/Conv_fence_before,0.001,0.001,0.001,mobilenetv3_small,3.4e-05,256,onnxrt_cuda,1,ok,0.0
onnxruntime,99.675998,,onnx_node,Conv:/features/features.9/block/block.3/block.3.0/Conv_kernel_time,24.362,0.559617,0.149,mobilenetv3_small,0.019193,48,onnxrt_cuda,60,ok,3.098816
onnxruntime,99.998319,,onnx_node,Conv:/features/features.10/block/block.0/block.0.0/Conv_fence_before,0.001,0.001,0.001,mobilenetv3_small,3.4e-05,257,onnxrt_cuda,2,ok,0.0
onnxruntime,99.222552,,onnx_node,Conv:/features/features.10/block/block.0/block.0.0/Conv_kernel_time,27.115,0.603333,0.149,mobilenetv3_small,0.020692,25,onnxrt_cuda,60,ok,3.451528
onnxruntime,99.998354,,onnx_node,Conv:/features/features.10/block/block.0/block.0.0/Conv_fence_after,0.001,0.001,0.001,mobilenetv3_small,3.4e-05,258,onnxrt_cuda,1,ok,0.0
onnxruntime,99.998388,,onnx_node,HardSigmoid:/features/features.10/block/block.0/block.0.2/HardSigmoid_fence_before,0.001,0.001,0.001,mobilenetv3_small,3.4e-05,259,onnxrt_cuda,1,ok,0.0
onnxruntime,99.960202,,onnx_node,HardSigmoid:/features/features.10/block/block.0/block.0.2/HardSigmoid_kernel_time,0.122,0.060433,0.056,mobilenetv3_small,0.002073,114,onnxrt_cuda,60,ok,0.008281
onnxruntime,99.998422,,onnx_node,Mul:/features/features.10/block/block.0/block.0.2/Mul_fence_before,0.001,0.001,0.001,mobilenetv3_small,3.4e-05,260,onnxrt_cuda,1,ok,0.0
onnxruntime,99.976437,,onnx_node,Mul:/features/features.10/block/block.0/block.0.2/Mul_kernel_time,0.103,0.058467,0.054,mobilenetv3_small,0.002005,122,onnxrt_cuda,60,ok,0.006336
onnxruntime,99.998457,,onnx_node,Conv:/features/features.10/block/block.1/block.1.0/Conv_fence_before,0.001,0.001,0.001,mobilenetv3_small,3.4e-05,261,onnxrt_cuda,1,ok,0.0
onnxruntime,98.124842,,onnx_node,Conv:/features/features.10/block/block.1/block.1.0/Conv_kernel_time,482.231,8.169017,0.129,mobilenetv3_small,0.280169,6,onnxrt_cuda,60,ok,61.717614
onnxruntime,99.998491,,onnx_node,Conv:/features/features.10/block/block.1/block.1.0/Conv_fence_after,0.001,0.001,0.001,mobilenetv3_small,3.4e-05,262,onnxrt_cuda,1,ok,0.0
onnxruntime,99.998525,,onnx_node,HardSigmoid:/features/features.10/block/block.1/block.1.2/HardSigmoid_fence_before,0.001,0.001,0.001,mobilenetv3_small,3.4e-05,263,onnxrt_cuda,8,ok,0.0
onnxruntime,99.968379,,onnx_node,HardSigmoid:/features/features.10/block/block.1/block.1.2/HardSigmoid_kernel_time,0.154,0.059267,0.053,mobilenetv3_small,0.002033,118,onnxrt_cuda,60,ok,0.013105
onnxruntime,99.99856,,onnx_node,Mul:/features/features.10/block/block.1/block.1.2/Mul_fence_before,0.001,0.001,0.001,mobilenetv3_small,3.4e-05,264,onnxrt_cuda,1,ok,0.0
onnxruntime,99.970402,,onnx_node,Mul:/features/features.10/block/block.1/block.1.2/Mul_kernel_time,0.147,0.059,0.053,mobilenetv3_small,0.002023,119,onnxrt_cuda,60,ok,0.01269
onnxruntime,99.998594,,onnx_node,GlobalAveragePool:/features/features.10/block/block.2/avgpool/GlobalAveragePool_fence_before,0.001,0.001,0.001,mobilenetv3_small,3.4e-05,265,onnxrt_cuda,38,ok,0.0
onnxruntime,99.868426,,onnx_node,GlobalAveragePool:/features/features.10/block/block.2/avgpool/GlobalAveragePool_kernel_time,0.17,0.069783,0.063,mobilenetv3_small,0.002393,72,onnxrt_cuda,60,ok,0.013572
onnxruntime,99.994573,,onnx_node,FusedConv:/features/features.10/block/block.2/fc1/Conv_/features/features.10/block/block.2/activation/Relu_fence_before,0.003,0.001095,0.001,mobilenetv3_small,3.8e-05,148,onnxrt_cuda,21,ok,0.000426
onnxruntime,99.324469,,onnx_node,FusedConv:/features/features.10/block/block.2/fc1/Conv_/features/features.10/block/block.2/activation/Relu_kernel_time,25.782,0.58905,0.137,mobilenetv3_small,0.020202,30,onnxrt_cuda,60,ok,3.279941
onnxruntime,99.998628,,onnx_node,FusedConv:/features/features.10/block/block.2/fc1/Conv_/features/features.10/block/block.2/activation/Relu_fence_after,0.001,0.001,0.001,mobilenetv3_small,3.4e-05,266,onnxrt_cuda,3,ok,0.0
onnxruntime,99.998662,,onnx_node,Conv:/features/features.10/block/block.2/fc2/Conv_fence_before,0.001,0.001,0.001,mobilenetv3_small,3.4e-05,267,onnxrt_cuda,3,ok,0.0
onnxruntime,99.243128,,onnx_node,Conv:/features/features.10/block/block.2/fc2/Conv_kernel_time,26.745,0.59995,0.147,mobilenetv3_small,0.020576,26,onnxrt_cuda,60,ok,3.40382
onnxruntime,99.998697,,onnx_node,HardSigmoid:/features/features.10/block/block.2/scale_activation/HardSigmoid_fence_before,0.001,0.001,0.001,mobilenetv3_small,3.4e-05,268,onnxrt_cuda,10,ok,0.0
onnxruntime,99.926296,,onnx_node,HardSigmoid:/features/features.10/block/block.2/scale_activation/HardSigmoid_kernel_time,0.108,0.063133,0.059,mobilenetv3_small,0.002165,98,onnxrt_cuda,60,ok,0.00636
onnxruntime,99.998731,,onnx_node,HardSigmoid:/features/features.10/block/block.2/scale_activation/HardSigmoid_fence_after,0.001,0.001,0.001,mobilenetv3_small,3.4e-05,269,onnxrt_cuda,1,ok,0.0
onnxruntime,99.998765,,onnx_node,Mul:/features/features.10/block/block.2/Mul_fence_before,0.001,0.001,0.001,mobilenetv3_small,3.4e-05,270,onnxrt_cuda,3,ok,0.0
onnxruntime,99.921965,,onnx_node,Mul:/features/features.10/block/block.2/Mul_kernel_time,0.094,0.063183,0.059,mobilenetv3_small,0.002167,96,onnxrt_cuda,60,ok,0.005287
onnxruntime,99.404572,,onnx_node,Conv:/features/features.10/block/block.3/block.3.0/Conv_kernel_time,25.812,0.5815,0.147,mobilenetv3_small,0.019943,34,onnxrt_cuda,60,ok,3.284743
onnxruntime,99.9988,,onnx_node,Conv:/features/features.10/block/block.3/block.3.0/Conv_fence_after,0.001,0.001,0.001,mobilenetv3_small,3.4e-05,271,onnxrt_cuda,2,ok,0.0
onnxruntime,99.998834,,onnx_node,Add:/features/features.10/Add_fence_before,0.001,0.001,0.001,mobilenetv3_small,3.4e-05,272,onnxrt_cuda,23,ok,0.0
onnxruntime,99.900125,,onnx_node,Add:/features/features.10/Add_kernel_time,0.132,0.0642,0.059,mobilenetv3_small,0.002202,86,onnxrt_cuda,60,ok,0.009695
onnxruntime,99.998868,,onnx_node,Conv:/features/features.11/block/block.0/block.0.0/Conv_fence_before,0.001,0.001,0.001,mobilenetv3_small,3.4e-05,273,onnxrt_cuda,1,ok,0.0
onnxruntime,99.181156,,onnx_node,Conv:/features/features.11/block/block.0/block.0.0/Conv_kernel_time,27.306,0.6041,0.146,mobilenetv3_small,0.020719,23,onnxrt_cuda,60,ok,3.476298
onnxruntime,99.998903,,onnx_node,Conv:/features/features.11/block/block.0/block.0.0/Conv_fence_after,0.001,0.001,0.001,mobilenetv3_small,3.4e-05,274,onnxrt_cuda,1,ok,0.0
onnxruntime,99.998937,,onnx_node,HardSigmoid:/features/features.11/block/block.0/block.0.2/HardSigmoid_fence_before,0.001,0.001,0.001,mobilenetv3_small,3.4e-05,275,onnxrt_cuda,4,ok,0.0
onnxruntime,99.95398,,onnx_node,HardSigmoid:/features/features.11/block/block.0/block.0.2/HardSigmoid_kernel_time,0.11,0.0607,0.056,mobilenetv3_small,0.002082,111,onnxrt_cuda,60,ok,0.007488
onnxruntime,99.998971,,onnx_node,Mul:/features/features.11/block/block.0/block.0.2/Mul_fence_before,0.001,0.001,0.001,mobilenetv3_small,3.4e-05,276,onnxrt_cuda,1,ok,0.0
onnxruntime,99.990374,,onnx_node,Mul:/features/features.11/block/block.0/block.0.2/Mul_kernel_time,0.096,0.057667,0.053,mobilenetv3_small,0.001978,129,onnxrt_cuda,60,ok,0.005932
onnxruntime,98.329518,,onnx_node,Conv:/features/features.11/block/block.1/block.1.0/Conv_kernel_time,350.129,5.967833,0.13,mobilenetv3_small,0.204676,7,onnxrt_cuda,60,ok,44.805968
onnxruntime,99.999005,,onnx_node,Conv:/features/features.11/block/block.1/block.1.0/Conv_fence_after,0.001,0.001,0.001,mobilenetv3_small,3.4e-05,277,onnxrt_cuda,1,ok,0.0
onnxruntime,99.99904,,onnx_node,HardSigmoid:/features/features.11/block/block.1/block.1.2/HardSigmoid_fence_before,0.001,0.001,0.001,mobilenetv3_small,3.4e-05,278,onnxrt_cuda,6,ok,0.0
onnxruntime,99.966346,,onnx_node,HardSigmoid:/features/features.11/block/block.1/block.1.2/HardSigmoid_kernel_time,0.12,0.059467,0.054,mobilenetv3_small,0.00204,117,onnxrt_cuda,60,ok,0.010479
onnxruntime,99.999074,,onnx_node,Mul:/features/features.11/block/block.1/block.1.2/Mul_fence_before,0.001,0.001,0.001,mobilenetv3_small,3.4e-05,279,onnxrt_cuda,3,ok,0.0
onnxruntime,99.988396,,onnx_node,Mul:/features/features.11/block/block.1/block.1.2/Mul_kernel_time,0.095,0.0577,0.053,mobilenetv3_small,0.001979,128,onnxrt_cuda,60,ok,0.005734
onnxruntime,99.994257,,onnx_node,GlobalAveragePool:/features/features.11/block/block.2/avgpool/GlobalAveragePool_fence_before,0.01,0.001313,0.001,mobilenetv3_small,4.5e-05,140,onnxrt_cuda,48,ok,0.00153
onnxruntime,99.856354,,onnx_node,GlobalAveragePool:/features/features.11/block/block.2/avgpool/GlobalAveragePool_kernel_time,0.115,0.071483,0.063,mobilenetv3_small,0.002452,67,onnxrt_cuda,60,ok,0.008154
onnxruntime,99.999108,,onnx_node,GlobalAveragePool:/features/features.11/block/block.2/avgpool/GlobalAveragePool_fence_after,0.001,0.001,0.001,mobilenetv3_small,3.4e-05,280,onnxrt_cuda,2,ok,0.0
onnxruntime,99.999143,,onnx_node,FusedConv:/features/features.11/block/block.2/fc1/Conv_/features/features.11/block/block.2/activation/Relu_fence_before,0.001,0.001,0.001,mobilenetv3_small,3.4e-05,281,onnxrt_cuda,15,ok,0.0
onnxruntime,99.384628,,onnx_node,FusedConv:/features/features.11/block/block.2/fc1/Conv_/features/features.11/block/block.2/activation/Relu_kernel_time,25.587,0.583317,0.136,mobilenetv3_small,0.020006,33,onnxrt_cuda,60,ok,3.255228
onnxruntime,99.999177,,onnx_node,FusedConv:/features/features.11/block/block.2/fc1/Conv_/features/features.11/block/block.2/activation/Relu_fence_after,0.001,0.001,0.001,mobilenetv3_small,3.4e-05,282,onnxrt_cuda,1,ok,0.0
onnxruntime,99.999211,,onnx_node,Conv:/features/features.11/block/block.2/fc2/Conv_fence_before,0.001,0.001,0.001,mobilenetv3_small,3.4e-05,283,onnxrt_cuda,2,ok,0.0
onnxruntime,99.284037,,onnx_node,Conv:/features/features.11/block/block.2/fc2/Conv_kernel_time,26.564,0.594233,0.146,mobilenetv3_small,0.02038,28,onnxrt_cuda,60,ok,3.380984
onnxruntime,99.999245,,onnx_node,HardSigmoid:/features/features.11/block/block.2/scale_activation/HardSigmoid_fence_before,0.001,0.001,0.001,mobilenetv3_small,3.4e-05,284,onnxrt_cuda,21,ok,0.0
onnxruntime,99.911098,,onnx_node,HardSigmoid:/features/features.11/block/block.2/scale_activation/HardSigmoid_kernel_time,0.112,0.063717,0.06,mobilenetv3_small,0.002185,91,onnxrt_cuda,60,ok,0.007186
onnxruntime,99.99928,,onnx_node,Mul:/features/features.11/block/block.2/Mul_fence_before,0.001,0.001,0.001,mobilenetv3_small,3.4e-05,285,onnxrt_cuda,2,ok,0.0
onnxruntime,99.90672,,onnx_node,Mul:/features/features.11/block/block.2/Mul_kernel_time,0.093,0.064017,0.059,mobilenetv3_small,0.002196,89,onnxrt_cuda,60,ok,0.005884
onnxruntime,99.05533,,onnx_node,Conv:/features/features.11/block/block.3/block.3.0/Conv_kernel_time,25.941,0.638783,0.201,mobilenetv3_small,0.021908,17,onnxrt_cuda,60,ok,3.294079
onnxruntime,99.999314,,onnx_node,Conv:/features/features.11/block/block.3/block.3.0/Conv_fence_after,0.001,0.001,0.001,mobilenetv3_small,3.4e-05,286,onnxrt_cuda,1,ok,0.0
onnxruntime,99.999348,,onnx_node,Add:/features/features.11/Add_fence_before,0.001,0.001,0.001,mobilenetv3_small,3.4e-05,287,onnxrt_cuda,12,ok,0.0
onnxruntime,99.882261,,onnx_node,Add:/features/features.11/Add_kernel_time,0.119,0.0665,0.062,mobilenetv3_small,0.002281,78,onnxrt_cuda,60,ok,0.007044
onnxruntime,99.999383,,onnx_node,Conv:/features/features.12/features.12.0/Conv_fence_before,0.001,0.001,0.001,mobilenetv3_small,3.4e-05,288,onnxrt_cuda,2,ok,0.0
onnxruntime,99.201859,,onnx_node,Conv:/features/features.12/features.12.0/Conv_kernel_time,27.093,0.60365,0.149,mobilenetv3_small,0.020703,24,onnxrt_cuda,60,ok,3.448624
onnxruntime,99.999417,,onnx_node,Conv:/features/features.12/features.12.0/Conv_fence_after,0.001,0.001,0.001,mobilenetv3_small,3.4e-05,289,onnxrt_cuda,1,ok,0.0
onnxruntime,99.999451,,onnx_node,HardSigmoid:/features/features.12/features.12.2/HardSigmoid_fence_before,0.001,0.001,0.001,mobilenetv3_small,3.4e-05,290,onnxrt_cuda,1,ok,0.0
onnxruntime,99.95813,,onnx_node,HardSigmoid:/features/features.12/features.12.2/HardSigmoid_kernel_time,0.109,0.060467,0.056,mobilenetv3_small,0.002074,113,onnxrt_cuda,60,ok,0.008393
onnxruntime,99.999486,,onnx_node,Mul:/features/features.12/features.12.2/Mul_fence_before,0.001,0.001,0.001,mobilenetv3_small,3.4e-05,291,onnxrt_cuda,2,ok,0.0
onnxruntime,99.982438,,onnx_node,Mul:/features/features.12/features.12.2/Mul_kernel_time,0.101,0.058317,0.053,mobilenetv3_small,0.002,125,onnxrt_cuda,60,ok,0.007049
onnxruntime,99.99952,,onnx_node,Mul:/features/features.12/features.12.2/Mul_fence_after,0.001,0.001,0.001,mobilenetv3_small,3.4e-05,292,onnxrt_cuda,2,ok,0.0
onnxruntime,99.999554,,onnx_node,GlobalAveragePool:/avgpool/GlobalAveragePool_fence_before,0.001,0.001,0.001,mobilenetv3_small,3.4e-05,293,onnxrt_cuda,3,ok,0.0
onnxruntime,99.858782,,onnx_node,GlobalAveragePool:/avgpool/GlobalAveragePool_kernel_time,0.134,0.070817,0.066,mobilenetv3_small,0.002429,68,onnxrt_cuda,60,ok,0.009292
onnxruntime,99.999588,,onnx_node,Flatten:/Flatten_fence_before,0.001,0.001,0.001,mobilenetv3_small,3.4e-05,294,onnxrt_cuda,11,ok,0.0
onnxruntime,99.993073,,onnx_node,Flatten:/Flatten_kernel_time,0.044,0.021033,0.019,mobilenetv3_small,0.000721,131,onnxrt_cuda,60,ok,0.004107
onnxruntime,99.999623,,onnx_node,Gemm:/classifier/classifier.0/Gemm_fence_before,0.001,0.001,0.001,mobilenetv3_small,3.4e-05,295,onnxrt_cuda,17,ok,0.0
onnxruntime,99.828579,,onnx_node,Gemm:/classifier/classifier.0/Gemm_kernel_time,0.399,0.11895,0.109,mobilenetv3_small,0.00408,57,onnxrt_cuda,60,ok,0.036544
onnxruntime,99.999657,,onnx_node,HardSigmoid:/classifier/classifier.1/HardSigmoid_fence_before,0.001,0.001,0.001,mobilenetv3_small,3.4e-05,296,onnxrt_cuda,8,ok,0.0
onnxruntime,99.91763,,onnx_node,HardSigmoid:/classifier/classifier.1/HardSigmoid_kernel_time,0.114,0.063333,0.059,mobilenetv3_small,0.002172,94,onnxrt_cuda,60,ok,0.006742
onnxruntime,99.945598,,onnx_node,Mul:/classifier/classifier.1/Mul_kernel_time,0.098,0.061883,0.057,mobilenetv3_small,0.002122,107,onnxrt_cuda,60,ok,0.005707
onnxruntime,99.836163,,onnx_node,Gemm:/classifier/classifier.3/Gemm_kernel_time,0.144,0.104483,0.097,mobilenetv3_small,0.003583,59,onnxrt_cuda,60,ok,0.006913
onnxruntime,95.968379,,onnx_node,SequentialExecutor::Execute,6257.124,120.472583,15.635,mobilenetv3_small,4.131791,4,onnxrt_cuda,60,ok,798.925747
onnxruntime,91.836588,,onnx_node,model_run,6258.312,121.225967,16.403,mobilenetv3_small,4.157629,3,onnxrt_cuda,60,ok,798.982353
onnxruntime,99.999691,,onnx_node,FusedConv:/features/features.1/block/block.0/block.0.0/Conv_/features/features.1/block/block.0/block.0.2/Relu_fence_after,0.001,0.001,0.001,mobilenetv3_small,3.4e-05,297,onnxrt_cuda,12,ok,0.0
onnxruntime,99.999726,,onnx_node,Conv:/features/features.4/block/block.0/block.0.0/Conv_fence_before,0.001,0.001,0.001,mobilenetv3_small,3.4e-05,298,onnxrt_cuda,3,ok,0.0
onnxruntime,99.99976,,onnx_node,Mul:/features/features.9/block/block.1/block.1.2/Mul_fence_after,0.001,0.001,0.001,mobilenetv3_small,3.4e-05,299,onnxrt_cuda,1,ok,0.0
onnxruntime,99.999794,,onnx_node,Mul:/classifier/classifier.1/Mul_fence_before,0.001,0.001,0.001,mobilenetv3_small,3.4e-05,300,onnxrt_cuda,3,ok,0.0
onnxruntime,99.999829,,onnx_node,Mul:/features/features.0/features.0.2/Mul_fence_after,0.001,0.001,0.001,mobilenetv3_small,3.4e-05,301,onnxrt_cuda,2,ok,0.0
onnxruntime,99.999863,,onnx_node,HardSigmoid:/features/features.0/features.0.2/HardSigmoid_fence_after,0.001,0.001,0.001,mobilenetv3_small,3.4e-05,302,onnxrt_cuda,1,ok,0.0
onnxruntime,99.999897,,onnx_node,HardSigmoid:/features/features.5/block/block.0/block.0.2/HardSigmoid_fence_after,0.001,0.001,0.001,mobilenetv3_small,3.4e-05,303,onnxrt_cuda,1,ok,0.0
onnxruntime,99.999931,,onnx_node,GlobalAveragePool:/features/features.9/block/block.2/avgpool/GlobalAveragePool_fence_after,0.001,0.001,0.001,mobilenetv3_small,3.4e-05,304,onnxrt_cuda,1,ok,0.0
onnxruntime,99.999966,,onnx_node,Conv:/features/features.10/block/block.3/block.3.0/Conv_fence_before,0.001,0.001,0.001,mobilenetv3_small,3.4e-05,305,onnxrt_cuda,1,ok,0.0
onnxruntime,100.0,,onnx_node,Gemm:/classifier/classifier.3/Gemm_fence_before,0.001,0.001,0.001,mobilenetv3_small,3.4e-05,306,onnxrt_cuda,1,ok,0.0
onnxruntime,99.999954,,onnx_node,model_loading_uri,27.301,27.301,27.301,mobilenetv3_small,0.485277,5,onnxrt_trt,1,ok,0.0
onnxruntime,99.514677,,onnx_node,session_initialization,1395.463,1395.463,1395.463,mobilenetv3_small,24.80445,4,onnxrt_trt,1,ok,0.0
onnxruntime,99.999982,,onnx_node,TRTKernel_graph_torch_jit_15582754920080009174_1:TensorrtExecutionProvider_TRTKernel_graph_torch_jit_15582754920080009174_1_0_fence_before,0.002,0.001583,0.001,mobilenetv3_small,2.8e-05,6,onnxrt_trt,60,ok,0.000493
onnxruntime,74.710227,,onnx_node,TRTKernel_graph_torch_jit_15582754920080009174_1:TensorrtExecutionProvider_TRTKernel_graph_torch_jit_15582754920080009174_1_0_kernel_time,83739.732,1400.120833,4.457,mobilenetv3_small,24.887243,3,onnxrt_trt,60,ok,10719.704308
onnxruntime,100.0,,onnx_node,TRTKernel_graph_torch_jit_15582754920080009174_1:TensorrtExecutionProvider_TRTKernel_graph_torch_jit_15582754920080009174_1_0_fence_after,0.001,0.001,0.001,mobilenetv3_small,1.8e-05,7,onnxrt_trt,33,ok,0.0
onnxruntime,49.822984,,onnx_node,SequentialExecutor::Execute,83739.869,1400.204183,4.533,mobilenetv3_small,24.888725,2,onnxrt_trt,60,ok,10719.711293
onnxruntime,24.93426,,onnx_node,model_run,83742.219,1402.765917,7.115,mobilenetv3_small,24.93426,1,onnxrt_trt,60,ok,10719.683728
,,benchmark_model not found. Set --tflite-benchmark-bin or TFLITE_BENCHMARK_MODEL_BIN.,,,,,,mobilenetv3_small,,,tflite_cpu,0,error,
,,benchmark_model not found. Set --tflite-benchmark-bin or TFLITE_BENCHMARK_MODEL_BIN.,,,,,,mobilenetv3_small,,,tflite_gpu,0,error,
ncnn,8.521637,,ncnn_layer,Convolution:/features/features.0/features.0.0/Conv,1.8,1.088676,1.06,mobilenetv3_small,8.521637,1,ncnn_cpu,68,ok,0.088333
ncnn,83.100651,,ncnn_layer,HardSwish:/features/features.0/features.0.2/Mul,0.23,0.154265,0.15,mobilenetv3_small,1.207513,36,ncnn_cpu,68,ok,0.012639
ncnn,36.486607,,ncnn_layer,ConvolutionDepthWise:/features/features.1/block/block.0/block.0.0/Conv,0.73,0.324559,0.31,mobilenetv3_small,2.540493,10,ncnn_cpu,68,ok,0.050568
ncnn,88.768694,,ncnn_layer,ReLU:/features/features.1/block/block.0/block.0.2/Relu,0.08,0.050588,0.04,mobilenetv3_small,0.395979,45,ncnn_cpu,68,ok,0.004499
ncnn,100.0,,ncnn_layer,Split:splitncnn_0,0.0,0.0,0.0,mobilenetv3_small,0.0,119,ncnn_cpu,68,ok,0.0
ncnn,92.383154,,ncnn_layer,Pooling:/features/features.1/block/block.1/avgpool/GlobalAveragePool,0.04,0.030735,0.03,mobilenetv3_small,0.240579,57,ncnn_cpu,68,ok,0.00261
ncnn,98.637111,,ncnn_layer,Convolution:/features/features.1/block/block.1/fc1/Conv,0.06,0.016471,0.01,mobilenetv3_small,0.128927,91,ncnn_cpu,68,ok,0.007815
ncnn,99.988494,,ncnn_layer,ReLU:/features/features.1/block/block.1/activation/Relu,0.03,0.000441,0.0,mobilenetv3_small,0.003452,114,ncnn_cpu,68,ok,0.003611
ncnn,99.450938,,ncnn_layer,Convolution:/features/features.1/block/block.1/fc2/Conv,0.01,0.01,0.01,mobilenetv3_small,0.078275,100,ncnn_cpu,68,ok,0.0
ncnn,99.997699,,ncnn_layer,HardSigmoid:/features/features.1/block/block.1/scale_activation/HardSigmoid,0.01,0.000294,0.0,mobilenetv3_small,0.002301,117,ncnn_cpu,68,ok,0.00169
ncnn,91.655664,,ncnn_layer,BinaryOp:/features/features.1/block/block.1/Mul,0.14,0.0325,0.03,mobilenetv3_small,0.254395,54,ncnn_cpu,68,ok,0.01376
ncnn,73.942441,,ncnn_layer,Convolution:/features/features.1/block/block.2/block.2.0/Conv,0.21,0.178235,0.15,mobilenetv3_small,1.395139,29,ncnn_cpu,68,ok,0.007658
ncnn,13.876586,,ncnn_layer,Convolution:/features/features.2/block/block.0/block.0.0/Conv,1.14,0.684118,0.63,mobilenetv3_small,5.35495,2,ncnn_cpu,68,ok,0.061363
ncnn,79.331926,,ncnn_layer,ReLU:/features/features.2/block/block.0/block.0.2/Relu,0.2,0.169412,0.15,mobilenetv3_small,1.326076,33,ncnn_cpu,68,ok,0.009217
ncnn,17.104289,,ncnn_layer,ConvolutionDepthWise:/features/features.2/block/block.1/block.1.0/Conv,0.75,0.412353,0.39,mobilenetv3_small,3.227703,3,ncnn_cpu,68,ok,0.054073
ncnn,88.372715,,ncnn_layer,ReLU:/features/features.2/block/block.1/block.1.2/Relu,0.1,0.051324,0.05,mobilenetv3_small,0.40174,44,ncnn_cpu,68,ok,0.007051
ncnn,53.065982,,ncnn_layer,Convolution:/features/features.2/block/block.2/block.2.0/Conv,0.29,0.255441,0.25,mobilenetv3_small,1.99947,17,ncnn_cpu,68,ok,0.007752
ncnn,100.0,,ncnn_layer,Split:splitncnn_1,0.0,0.0,0.0,mobilenetv3_small,0.0,120,ncnn_cpu,68,ok,0.0
ncnn,54.945738,,ncnn_layer,Convolution:/features/features.3/block/block.0/block.0.0/Conv,0.27,0.240147,0.23,mobilenetv3_small,1.879756,18,ncnn_cpu,68,ok,0.011047
ncnn,89.881815,,ncnn_layer,ReLU:/features/features.3/block/block.0/block.0.2/Relu,0.07,0.045588,0.04,mobilenetv3_small,0.356841,48,ncnn_cpu,68,ok,0.005786
ncnn,76.67402,,ncnn_layer,ConvolutionDepthWise:/features/features.3/block/block.1/block.1.0/Conv,0.18,0.171618,0.16,mobilenetv3_small,1.343344,31,ncnn_cpu,68,ok,0.004062
ncnn,89.16007,,ncnn_layer,ReLU:/features/features.3/block/block.1/block.1.2/Relu,0.05,0.05,0.05,mobilenetv3_small,0.391376,46,ncnn_cpu,68,ok,0.0
ncnn,43.943473,,ncnn_layer,Convolution:/features/features.3/block/block.2/block.2.0/Conv,0.54,0.307794,0.3,mobilenetv3_small,2.409265,13,ncnn_cpu,68,ok,0.030719
ncnn,91.40127,,ncnn_layer,BinaryOp:/features/features.3/Add,0.06,0.033382,0.03,mobilenetv3_small,0.261298,53,ncnn_cpu,68,ok,0.005586
ncnn,58.651147,,ncnn_layer,Convolution:/features/features.4/block/block.0/block.0.0/Conv,0.28,0.233529,0.23,mobilenetv3_small,1.827954,20,ncnn_cpu,68,ok,0.007228
ncnn,87.970975,,ncnn_layer,HardSwish:/features/features.4/block/block.0/block.0.2/Mul,0.09,0.060882,0.06,mobilenetv3_small,0.476555,43,ncnn_cpu,68,ok,0.005069
ncnn,62.297849,,ncnn_layer,ConvolutionDepthWise:/features/features.4/block/block.1/block.1.0/Conv,0.26,0.232794,0.22,mobilenetv3_small,1.8222,22,ncnn_cpu,68,ok,0.01055
ncnn,96.684833,,ncnn_layer,HardSwish:/features/features.4/block/block.1/block.1.2/Mul,0.02,0.02,0.02,mobilenetv3_small,0.15655,78,ncnn_cpu,68,ok,0.0
ncnn,100.0,,ncnn_layer,Split:splitncnn_2,0.0,0.0,0.0,mobilenetv3_small,0.0,121,ncnn_cpu,68,ok,0.0
ncnn,99.292087,,ncnn_layer,Pooling:/features/features.4/block/block.2/avgpool/GlobalAveragePool,0.02,0.010294,0.01,mobilenetv3_small,0.080577,98,ncnn_cpu,68,ok,0.00169
ncnn,99.129783,,ncnn_layer,Convolution:/features/features.4/block/block.2/fc1/Conv,0.02,0.010882,0.01,mobilenetv3_small,0.085179,96,ncnn_cpu,68,ok,0.002836
ncnn,100.0,,ncnn_layer,ReLU:/features/features.4/block/block.2/activation/Relu,0.0,0.0,0.0,mobilenetv3_small,0.0,122,ncnn_cpu,68,ok,0.0
ncnn,99.529214,,ncnn_layer,Convolution:/features/features.4/block/block.2/fc2/Conv,0.01,0.01,0.01,mobilenetv3_small,0.078275,101,ncnn_cpu,68,ok,0.0
ncnn,99.968933,,ncnn_layer,HardSigmoid:/features/features.4/block/block.2/scale_activation/HardSigmoid,0.01,0.001029,0.0,mobilenetv3_small,0.008055,111,ncnn_cpu,68,ok,0.003039
ncnn,97.932634,,ncnn_layer,BinaryOp:/features/features.4/block/block.2/Mul,0.02,0.019559,0.01,mobilenetv3_small,0.153099,86,ncnn_cpu,68,ok,0.002054
ncnn,85.059833,,ncnn_layer,Convolution:/features/features.4/block/block.3/block.3.0/Conv,0.19,0.124412,0.12,mobilenetv3_small,0.973838,38,ncnn_cpu,68,ok,0.012878
ncnn,100.0,,ncnn_layer,Split:splitncnn_3,0.0,0.0,0.0,mobilenetv3_small,0.0,123,ncnn_cpu,68,ok,0.0
ncnn,64.12005,,ncnn_layer,Convolution:/features/features.5/block/block.0/block.0.0/Conv,0.28,0.232794,0.23,mobilenetv3_small,1.8222,23,ncnn_cpu,68,ok,0.009211
ncnn,90.826871,,ncnn_layer,HardSwish:/features/features.5/block/block.0/block.0.2/Mul,0.04,0.04,0.04,mobilenetv3_small,0.313101,51,ncnn_cpu,68,ok,0.0
ncnn,31.394114,,ncnn_layer,ConvolutionDepthWise:/features/features.5/block/block.1/block.1.0/Conv,0.4,0.340147,0.31,mobilenetv3_small,2.662509,8,ncnn_cpu,68,ok,0.01595
ncnn,91.139972,,ncnn_layer,HardSwish:/features/features.5/block/block.1/block.1.2/Mul,0.04,0.04,0.04,mobilenetv3_small,0.313101,52,ncnn_cpu,68,ok,0.0
ncnn,100.0,,ncnn_layer,Split:splitncnn_4,0.0,0.0,0.0,mobilenetv3_small,0.0,124,ncnn_cpu,68,ok,0.0
ncnn,94.045345,,ncnn_layer,Pooling:/features/features.5/block/block.2/avgpool/GlobalAveragePool,0.03,0.03,0.03,mobilenetv3_small,0.234826,64,ncnn_cpu,68,ok,0.0
ncnn,95.563657,,ncnn_layer,Convolution:/features/features.5/block/block.2/fc1/Conv,0.03,0.023971,0.02,mobilenetv3_small,0.187634,71,ncnn_cpu,68,ok,0.004893
ncnn,100.0,,ncnn_layer,ReLU:/features/features.5/block/block.2/activation/Relu,0.0,0.0,0.0,mobilenetv3_small,0.0,125,ncnn_cpu,68,ok,0.0
ncnn,96.370581,,ncnn_layer,Convolution:/features/features.5/block/block.2/fc2/Conv,0.03,0.020147,0.02,mobilenetv3_small,0.157701,76,ncnn_cpu,68,ok,0.001204
ncnn,99.951673,,ncnn_layer,HardSigmoid:/features/features.5/block/block.2/scale_activation/HardSigmoid,0.01,0.001618,0.0,mobilenetv3_small,0.012665,109,ncnn_cpu,68,ok,0.003682
ncnn,91.899695,,ncnn_layer,BinaryOp:/features/features.5/block/block.2/Mul,0.04,0.031176,0.03,mobilenetv3_small,0.244031,55,ncnn_cpu,68,ok,0.003222
ncnn,33.946114,,ncnn_layer,Convolution:/features/features.5/block/block.3/block.3.0/Conv,0.36,0.326029,0.32,mobilenetv3_small,2.552,9,ncnn_cpu,68,ok,0.011
ncnn,97.779535,,ncnn_layer,BinaryOp:/features/features.5/Add,0.02,0.019853,0.01,mobilenetv3_small,0.1554,85,ncnn_cpu,68,ok,0.001204
ncnn,100.0,,ncnn_layer,Split:splitncnn_5,0.0,0.0,0.0,mobilenetv3_small,0.0,126,ncnn_cpu,68,ok,0.0
ncnn,65.935346,,ncnn_layer,Convolution:/features/features.6/block/block.0/block.0.0/Conv,0.28,0.231912,0.23,mobilenetv3_small,1.815297,24,ncnn_cpu,68,ok,0.007907
ncnn,90.51377,,ncnn_layer,HardSwish:/features/features.6/block/block.0/block.0.2/Mul,0.06,0.040294,0.04,mobilenetv3_small,0.315402,50,ncnn_cpu,68,ok,0.002407
ncnn,41.534209,,ncnn_layer,ConvolutionDepthWise:/features/features.6/block/block.1/block.1.0/Conv,0.37,0.322353,0.3,mobilenetv3_small,2.523226,12,ncnn_cpu,68,ok,0.012141
ncnn,90.198367,,ncnn_layer,HardSwish:/features/features.6/block/block.1/block.1.2/Mul,0.07,0.040441,0.04,mobilenetv3_small,0.316553,49,ncnn_cpu,68,ok,0.003611
ncnn,100.0,,ncnn_layer,Split:splitncnn_6,0.0,0.0,0.0,mobilenetv3_small,0.0,127,ncnn_cpu,68,ok,0.0
ncnn,94.27902,,ncnn_layer,Pooling:/features/features.6/block/block.2/avgpool/GlobalAveragePool,0.03,0.029853,0.02,mobilenetv3_small,0.233675,65,ncnn_cpu,68,ok,0.001204
ncnn,95.735174,,ncnn_layer,Convolution:/features/features.6/block/block.2/fc1/Conv,0.03,0.021912,0.02,mobilenetv3_small,0.171517,72,ncnn_cpu,68,ok,0.003932
ncnn,99.976987,,ncnn_layer,ReLU:/features/features.6/block/block.2/activation/Relu,0.03,0.001029,0.0,mobilenetv3_small,0.008055,112,ncnn_cpu,68,ok,0.004249
ncnn,96.528282,,ncnn_layer,Convolution:/features/features.6/block/block.2/fc2/Conv,0.03,0.020147,0.02,mobilenetv3_small,0.157701,77,ncnn_cpu,68,ok,0.001204
ncnn,99.939008,,ncnn_layer,HardSigmoid:/features/features.6/block/block.2/scale_activation/HardSigmoid,0.01,0.002059,0.0,mobilenetv3_small,0.016117,108,ncnn_cpu,68,ok,0.004043
ncnn,92.142576,,ncnn_layer,BinaryOp:/features/features.6/block/block.2/Mul,0.06,0.031029,0.03,mobilenetv3_small,0.24288,56,ncnn_cpu,68,ok,0.004582
ncnn,39.010983,,ncnn_layer,Convolution:/features/features.6/block/block.3/block.3.0/Conv,0.35,0.3225,0.32,mobilenetv3_small,2.524376,11,ncnn_cpu,68,ok,0.005524
ncnn,96.841383,,ncnn_layer,BinaryOp:/features/features.6/Add,0.02,0.02,0.02,mobilenetv3_small,0.15655,79,ncnn_cpu,68,ok,0.0
ncnn,84.085995,,ncnn_layer,Convolution:/features/features.7/block/block.0/block.0.0/Conv,0.16,0.125882,0.12,mobilenetv3_small,0.985344,37,ncnn_cpu,68,ok,0.007715
ncnn,96.054028,,ncnn_layer,HardSwish:/features/features.7/block/block.0/block.0.2/Mul,0.04,0.020294,0.02,mobilenetv3_small,0.158852,74,ncnn_cpu,68,ok,0.002407
ncnn,80.62807,,ncnn_layer,ConvolutionDepthWise:/features/features.7/block/block.1/block.1.0/Conv,0.2,0.165588,0.16,mobilenetv3_small,1.296144,34,ncnn_cpu,68,ok,0.00715
ncnn,96.997933,,ncnn_layer,HardSwish:/features/features.7/block/block.1/block.1.2/Mul,0.02,0.02,0.02,mobilenetv3_small,0.15655,80,ncnn_cpu,68,ok,0.0
ncnn,100.0,,ncnn_layer,Split:splitncnn_7,0.0,0.0,0.0,mobilenetv3_small,0.0,128,ncnn_cpu,68,ok,0.0
ncnn,98.223865,,ncnn_layer,Pooling:/features/features.7/block/block.2/avgpool/GlobalAveragePool,0.02,0.018382,0.01,mobilenetv3_small,0.143886,88,ncnn_cpu,68,ok,0.003682
ncnn,99.044604,,ncnn_layer,Convolution:/features/features.7/block/block.2/fc1/Conv,0.02,0.011471,0.01,mobilenetv3_small,0.08979,95,ncnn_cpu,68,ok,0.003542
ncnn,100.0,,ncnn_layer,ReLU:/features/features.7/block/block.2/activation/Relu,0.0,0.0,0.0,mobilenetv3_small,0.0,129,ncnn_cpu,68,ok,0.0
ncnn,99.607489,,ncnn_layer,Convolution:/features/features.7/block/block.2/fc2/Conv,0.01,0.01,0.01,mobilenetv3_small,0.078275,102,ncnn_cpu,68,ok,0.0
ncnn,99.991945,,ncnn_layer,HardSigmoid:/features/features.7/block/block.2/scale_activation/HardSigmoid,0.01,0.000441,0.0,mobilenetv3_small,0.003452,115,ncnn_cpu,68,ok,0.002054
ncnn,98.508184,,ncnn_layer,BinaryOp:/features/features.7/block/block.2/Mul,0.04,0.018088,0.01,mobilenetv3_small,0.141584,90,ncnn_cpu,68,ok,0.004928
ncnn,81.893138,,ncnn_layer,Convolution:/features/features.7/block/block.3/block.3.0/Conv,0.19,0.161618,0.16,mobilenetv3_small,1.265069,35,ncnn_cpu,68,ok,0.00609
ncnn,100.0,,ncnn_layer,Split:splitncnn_8,0.0,0.0,0.0,mobilenetv3_small,0.0,130,ncnn_cpu,68,ok,0.0
ncnn,78.005849,,ncnn_layer,Convolution:/features/features.8/block/block.0/block.0.0/Conv,0.23,0.170147,0.16,mobilenetv3_small,1.33183,32,ncnn_cpu,68,ok,0.009776
ncnn,95.180336,,ncnn_layer,HardSwish:/features/features.8/block/block.0/block.0.2/Mul,0.03,0.025735,0.02,mobilenetv3_small,0.201441,69,ncnn_cpu,68,ok,0.004946
ncnn,71.108416,,ncnn_layer,ConvolutionDepthWise:/features/features.8/block/block.1/block.1.0/Conv,0.22,0.202206,0.19,mobilenetv3_small,1.582772,27,ncnn_cpu,68,ok,0.007245
ncnn,95.376024,,ncnn_layer,HardSwish:/features/features.8/block/block.1/block.1.2/Mul,0.05,0.025,0.02,mobilenetv3_small,0.195688,70,ncnn_cpu,68,ok,0.005816
ncnn,100.0,,ncnn_layer,Split:splitncnn_9,0.0,0.0,0.0,mobilenetv3_small,0.0,131,ncnn_cpu,68,ok,0.0
ncnn,97.154484,,ncnn_layer,Pooling:/features/features.8/block/block.2/avgpool/GlobalAveragePool,0.02,0.02,0.02,mobilenetv3_small,0.15655,81,ncnn_cpu,68,ok,0.0
ncnn,98.366599,,ncnn_layer,Convolution:/features/features.8/block/block.2/fc1/Conv,0.02,0.018235,0.01,mobilenetv3_small,0.142735,89,ncnn_cpu,68,ok,0.003812
ncnn,100.0,,ncnn_layer,ReLU:/features/features.8/block/block.2/activation/Relu,0.0,0.0,0.0,mobilenetv3_small,0.0,132,ncnn_cpu,68,ok,0.0
ncnn,99.21151,,ncnn_layer,Convolution:/features/features.8/block/block.2/fc2/Conv,0.04,0.010441,0.01,mobilenetv3_small,0.081727,97,ncnn_cpu,68,ok,0.003611
ncnn,99.995397,,ncnn_layer,HardSigmoid:/features/features.8/block/block.2/scale_activation/HardSigmoid,0.01,0.000441,0.0,mobilenetv3_small,0.003452,116,ncnn_cpu,68,ok,0.002054
ncnn,96.21288,,ncnn_layer,BinaryOp:/features/features.8/block/block.2/Mul,0.04,0.020294,0.02,mobilenetv3_small,0.158852,75,ncnn_cpu,68,ok,0.002407
ncnn,75.330676,,ncnn_layer,Convolution:/features/features.8/block/block.3/block.3.0/Conv,0.21,0.177353,0.17,mobilenetv3_small,1.388235,30,ncnn_cpu,68,ok,0.006777
ncnn,97.311034,,ncnn_layer,BinaryOp:/features/features.8/Add,0.02,0.02,0.02,mobilenetv3_small,0.15655,82,ncnn_cpu,68,ok,0.0
ncnn,28.731605,,ncnn_layer,Convolution:/features/features.9/block/block.0/block.0.0/Conv,0.37,0.343529,0.34,mobilenetv3_small,2.688981,7,ncnn_cpu,68,ok,0.009198
ncnn,89.524973,,ncnn_layer,HardSwish:/features/features.9/block/block.0/block.0.2/Mul,0.05,0.046618,0.04,mobilenetv3_small,0.364903,47,ncnn_cpu,68,ok,0.004731
ncnn,67.743731,,ncnn_layer,ConvolutionDepthWise:/features/features.9/block/block.1/block.1.0/Conv,0.26,0.231029,0.22,mobilenetv3_small,1.808385,25,ncnn_cpu,68,ok,0.006673
ncnn,98.079979,,ncnn_layer,HardSwish:/features/features.9/block/block.1/block.1.2/Mul,0.02,0.018824,0.01,mobilenetv3_small,0.147345,87,ncnn_cpu,68,ok,0.003222
ncnn,100.0,,ncnn_layer,Split:splitncnn_10,0.0,0.0,0.0,mobilenetv3_small,0.0,133,ncnn_cpu,68,ok,0.0
ncnn,99.372663,,ncnn_layer,Pooling:/features/features.9/block/block.2/avgpool/GlobalAveragePool,0.03,0.010294,0.01,mobilenetv3_small,0.080577,99,ncnn_cpu,68,ok,0.002407
ncnn,92.623733,,ncnn_layer,Convolution:/features/features.9/block/block.2/fc1/Conv,0.06,0.030735,0.03,mobilenetv3_small,0.240579,58,ncnn_cpu,68,ok,0.00431
ncnn,99.985042,,ncnn_layer,ReLU:/features/features.9/block/block.2/activation/Relu,0.01,0.001029,0.0,mobilenetv3_small,0.008055,113,ncnn_cpu,68,ok,0.003039
ncnn,94.512695,,ncnn_layer,Convolution:/features/features.9/block/block.2/fc2/Conv,0.03,0.029853,0.02,mobilenetv3_small,0.233675,66,ncnn_cpu,68,ok,0.001204
ncnn,99.960878,,ncnn_layer,HardSigmoid:/features/features.9/block/block.2/scale_activation/HardSigmoid,0.01,0.001176,0.0,mobilenetv3_small,0.009205,110,ncnn_cpu,68,ok,0.003222
ncnn,98.753373,,ncnn_layer,BinaryOp:/features/features.9/block/block.2/Mul,0.04,0.014853,0.01,mobilenetv3_small,0.116262,92,ncnn_cpu,68,ok,0.005814
ncnn,72.547302,,ncnn_layer,Convolution:/features/features.9/block/block.3/block.3.0/Conv,0.21,0.183824,0.18,mobilenetv3_small,1.438887,28,ncnn_cpu,68,ok,0.007077
ncnn,100.0,,ncnn_layer,Split:splitncnn_11,0.0,0.0,0.0,mobilenetv3_small,0.0,134,ncnn_cpu,68,ok,0.0
ncnn,48.70905,,ncnn_layer,Convolution:/features/features.10/block/block.0/block.0.0/Conv,0.36,0.303529,0.3,mobilenetv3_small,2.37588,15,ncnn_cpu,68,ok,0.010539
ncnn,94.74637,,ncnn_layer,HardSwish:/features/features.10/block/block.0/block.0.2/Mul,0.03,0.029853,0.02,mobilenetv3_small,0.233675,67,ncnn_cpu,68,ok,0.001204
ncnn,56.823193,,ncnn_layer,ConvolutionDepthWise:/features/features.10/block/block.1/block.1.0/Conv,0.27,0.239853,0.23,mobilenetv3_small,1.877455,19,ncnn_cpu,68,ok,0.006062
ncnn,94.978894,,ncnn_layer,HardSwish:/features/features.10/block/block.1/block.1.2/Mul,0.03,0.029706,0.02,mobilenetv3_small,0.232524,68,ncnn_cpu,68,ok,0.00169
ncnn,100.0,,ncnn_layer,Split:splitncnn_12,0.0,0.0,0.0,mobilenetv3_small,0.0,135,ncnn_cpu,68,ok,0.0
ncnn,95.895176,,ncnn_layer,Pooling:/features/features.10/block/block.2/avgpool/GlobalAveragePool,0.04,0.020441,0.02,mobilenetv3_small,0.160002,73,ncnn_cpu,68,ok,0.002676
ncnn,85.692939,,ncnn_layer,Convolution:/features/features.10/block/block.2/fc1/Conv,0.12,0.080882,0.07,mobilenetv3_small,0.633106,39,ncnn_cpu,68,ok,0.007016
ncnn,99.879151,,ncnn_layer,ReLU:/features/features.10/block/block.2/activation/Relu,0.01,0.006176,0.0,mobilenetv3_small,0.048343,106,ncnn_cpu,68,ok,0.00486
ncnn,86.307627,,ncnn_layer,Convolution:/features/features.10/block/block.2/fc2/Conv,0.13,0.078529,0.07,mobilenetv3_small,0.614688,40,ncnn_cpu,68,ok,0.007527
ncnn,99.760587,,ncnn_layer,HardSigmoid:/features/features.10/block/block.2/scale_activation/HardSigmoid,0.01,0.009559,0.0,mobilenetv3_small,0.074823,104,ncnn_cpu,68,ok,0.002054
ncnn,93.810519,,ncnn_layer,BinaryOp:/features/features.10/block/block.2/Mul,0.04,0.030147,0.03,mobilenetv3_small,0.235976,63,ncnn_cpu,68,ok,0.001204
ncnn,20.096016,,ncnn_layer,Convolution:/features/features.10/block/block.3/block.3.0/Conv,0.43,0.382206,0.37,mobilenetv3_small,2.991726,4,ncnn_cpu,68,ok,0.012229
ncnn,98.854669,,ncnn_layer,BinaryOp:/features/features.10/Add,0.02,0.012941,0.01,mobilenetv3_small,0.101296,93,ncnn_cpu,68,ok,0.004556
ncnn,100.0,,ncnn_layer,Split:splitncnn_13,0.0,0.0,0.0,mobilenetv3_small,0.0,136,ncnn_cpu,68,ok,0.0
ncnn,51.066512,,ncnn_layer,Convolution:/features/features.11/block/block.0/block.0.0/Conv,0.34,0.301176,0.3,mobilenetv3_small,2.357462,16,ncnn_cpu,68,ok,0.005565
ncnn,93.100289,,ncnn_layer,HardSwish:/features/features.11/block/block.0/block.0.2/Mul,0.05,0.030294,0.03,mobilenetv3_small,0.237127,60,ncnn_cpu,68,ok,0.002407
ncnn,60.475649,,ncnn_layer,ConvolutionDepthWise:/features/features.11/block/block.1/block.1.0/Conv,0.27,0.233088,0.23,mobilenetv3_small,1.824502,21,ncnn_cpu,68,ok,0.009116
ncnn,93.337416,,ncnn_layer,HardSwish:/features/features.11/block/block.1/block.1.2/Mul,0.05,0.030294,0.03,mobilenetv3_small,0.237127,61,ncnn_cpu,68,ok,0.002407
ncnn,100.0,,ncnn_layer,Split:splitncnn_14,0.02,0.000294,0.0,mobilenetv3_small,0.002301,118,ncnn_cpu,68,ok,0.002407
ncnn,97.467585,,ncnn_layer,Pooling:/features/features.11/block/block.2/avgpool/GlobalAveragePool,0.02,0.02,0.02,mobilenetv3_small,0.15655,83,ncnn_cpu,68,ok,0.0
ncnn,86.907356,,ncnn_layer,Convolution:/features/features.11/block/block.2/fc1/Conv,0.09,0.076618,0.07,mobilenetv3_small,0.599729,41,ncnn_cpu,68,ok,0.005032
ncnn,99.922891,,ncnn_layer,ReLU:/features/features.11/block/block.2/activation/Relu,0.01,0.005588,0.0,mobilenetv3_small,0.04374,107,ncnn_cpu,68,ok,0.004965
ncnn,87.49442,,ncnn_layer,Convolution:/features/features.11/block/block.2/fc2/Conv,0.11,0.075,0.07,mobilenetv3_small,0.587064,42,ncnn_cpu,68,ok,0.008314
ncnn,99.830808,,ncnn_layer,HardSigmoid:/features/features.11/block/block.2/scale_activation/HardSigmoid,0.01,0.008971,0.0,mobilenetv3_small,0.070221,105,ncnn_cpu,68,ok,0.003039
ncnn,92.863162,,ncnn_layer,BinaryOp:/features/features.11/block/block.2/Mul,0.06,0.030588,0.03,mobilenetv3_small,0.239428,59,ncnn_cpu,68,ok,0.003789
ncnn,26.042624,,ncnn_layer,Convolution:/features/features.11/block/block.3/block.3.0/Conv,0.45,0.378676,0.37,mobilenetv3_small,2.964095,6,ncnn_cpu,68,ok,0.014236
ncnn,98.954814,,ncnn_layer,BinaryOp:/features/features.11/Add,0.02,0.012794,0.01,mobilenetv3_small,0.100145,94,ncnn_cpu,68,ok,0.004487
ncnn,46.333169,,ncnn_layer,Convolution:/features/features.12/features.12.0/Conv,0.36,0.305294,0.3,mobilenetv3_small,2.389696,14,ncnn_cpu,68,ok,0.013336
ncnn,93.574543,,ncnn_layer,HardSwish:/features/features.12/features.12.2/Mul,0.05,0.030294,0.03,mobilenetv3_small,0.237127,62,ncnn_cpu,68,ok,0.002407
ncnn,97.624135,,ncnn_layer,Pooling:/avgpool/GlobalAveragePool,0.02,0.02,0.02,mobilenetv3_small,0.15655,84,ncnn_cpu,68,ok,0.0
ncnn,100.0,,ncnn_layer,Flatten:/Flatten,0.0,0.0,0.0,mobilenetv3_small,0.0,137,ncnn_cpu,68,ok,0.0
ncnn,69.525643,,ncnn_layer,InnerProduct:/classifier/classifier.0/Gemm,0.3,0.227647,0.22,mobilenetv3_small,1.781912,26,ncnn_cpu,68,ok,0.011391
ncnn,99.685764,,ncnn_layer,HardSwish:/classifier/classifier.1/Mul,0.01,0.01,0.01,mobilenetv3_small,0.078275,103,ncnn_cpu,68,ok,0.0
ncnn,23.078529,,ncnn_layer,InnerProduct:/classifier/classifier.3/Gemm,0.44,0.381029,0.37,mobilenetv3_small,2.982513,5,ncnn_cpu,68,ok,0.013947
ncnn,10.5375,,ncnn_layer,Convolution:/features/features.0/features.0.0/Conv,0.56229,0.555196,0.54828,mobilenetv3_small,10.5375,1,ncnn_vulkan,70,ok,0.002872
ncnn,73.218387,,ncnn_layer,HardSwish:/features/features.0/features.0.2/Mul,0.05359,0.05158,0.04995,mobilenetv3_small,0.978977,35,ncnn_vulkan,70,ok,0.000644
ncnn,42.548974,,ncnn_layer,ConvolutionDepthWise:/features/features.1/block/block.0/block.0.0/Conv,0.12432,0.120926,0.1174,mobilenetv3_small,2.295149,12,ncnn_vulkan,70,ok,0.001567
ncnn,94.479009,,ncnn_layer,ReLU:/features/features.1/block/block.0/block.0.2/Relu,0.0149,0.013845,0.01307,mobilenetv3_small,0.262775,79,ncnn_vulkan,70,ok,0.000401
ncnn,99.955322,,ncnn_layer,Split:splitncnn_0,0.00036,0.000339,0.00031,mobilenetv3_small,0.006434,130,ncnn_vulkan,70,ok,2.5e-05
ncnn,87.376869,,ncnn_layer,Pooling:/features/features.1/block/block.1/avgpool/GlobalAveragePool,0.02385,0.02317,0.02245,mobilenetv3_small,0.439762,57,ncnn_vulkan,70,ok,0.000326
ncnn,93.661284,,ncnn_layer,Convolution:/features/features.1/block/block.1/fc1/Conv,0.01625,0.015212,0.01453,mobilenetv3_small,0.28872,76,ncnn_vulkan,70,ok,0.00034
ncnn,99.896864,,ncnn_layer,ReLU:/features/features.1/block/block.1/activation/Relu,0.0038,0.003551,0.00349,mobilenetv3_small,0.067397,121,ncnn_vulkan,70,ok,5e-05
ncnn,91.902389,,ncnn_layer,Convolution:/features/features.1/block/block.1/fc2/Conv,0.01667,0.015745,0.0149,mobilenetv3_small,0.298837,70,ncnn_vulkan,70,ok,0.000451
ncnn,99.102731,,ncnn_layer,HardSigmoid:/features/features.1/block/block.1/scale_activation/HardSigmoid,0.00432,0.004011,0.0038,mobilenetv3_small,0.076128,110,ncnn_vulkan,70,ok,0.000129
ncnn,87.788825,,ncnn_layer,BinaryOp:/features/features.1/block/block.1/Mul,0.02255,0.021705,0.02141,mobilenetv3_small,0.411956,58,ncnn_vulkan,70,ok,0.000198
ncnn,82.902916,,ncnn_layer,Convolution:/features/features.1/block/block.2/block.2.0/Conv,0.03,0.029244,0.02854,mobilenetv3_small,0.555045,48,ncnn_vulkan,70,ok,0.000368
ncnn,35.635094,,ncnn_layer,Convolution:/features/features.2/block/block.0/block.0.0/Conv,0.1276,0.124745,0.12193,mobilenetv3_small,2.367633,9,ncnn_vulkan,70,ok,0.001188
ncnn,68.248549,,ncnn_layer,ReLU:/features/features.2/block/block.0/block.0.2/Relu,0.06224,0.06055,0.05906,mobilenetv3_small,1.149226,30,ncnn_vulkan,70,ok,0.000671
ncnn,23.628787,,ncnn_layer,ConvolutionDepthWise:/features/features.2/block/block.1/block.1.0/Conv,0.14203,0.137946,0.1351,mobilenetv3_small,2.618185,4,ncnn_vulkan,70,ok,0.00131
ncnn,92.789846,,ncnn_layer,ReLU:/features/features.2/block/block.1/block.1.2/Relu,0.01635,0.015369,0.01458,mobilenetv3_small,0.2917,73,ncnn_vulkan,70,ok,0.000345
ncnn,77.694769,,ncnn_layer,Convolution:/features/features.2/block/block.2/block.2.0/Conv,0.04302,0.042368,0.04156,mobilenetv3_small,0.804135,40,ncnn_vulkan,70,ok,0.000355
ncnn,99.922961,,ncnn_layer,Split:splitncnn_1,0.00036,0.000343,0.00031,mobilenetv3_small,0.00651,125,ncnn_vulkan,70,ok,2.4e-05
ncnn,75.081252,,ncnn_layer,Convolution:/features/features.3/block/block.0/block.0.0/Conv,0.05052,0.048448,0.04698,mobilenetv3_small,0.919533,37,ncnn_vulkan,70,ok,0.000685
ncnn,92.200467,,ncnn_layer,ReLU:/features/features.3/block/block.0/block.0.2/Relu,0.01677,0.015705,0.01495,mobilenetv3_small,0.298077,71,ncnn_vulkan,70,ok,0.000359
ncnn,47.604505,,ncnn_layer,ConvolutionDepthWise:/features/features.3/block/block.1/block.1.0/Conv,0.08516,0.083455,0.08245,mobilenetv3_small,1.583958,15,ncnn_vulkan,70,ok,0.000626
ncnn,91.603553,,ncnn_layer,ReLU:/features/features.3/block/block.1/block.1.2/Relu,0.01802,0.016627,0.01542,mobilenetv3_small,0.315577,69,ncnn_vulkan,70,ok,0.000535
ncnn,74.16172,,ncnn_layer,Convolution:/features/features.3/block/block.2/block.2.0/Conv,0.05099,0.049702,0.04844,mobilenetv3_small,0.943333,36,ncnn_vulkan,70,ok,0.000418
ncnn,97.149654,,ncnn_layer,BinaryOp:/features/features.3/Add,0.0099,0.009278,0.00891,mobilenetv3_small,0.176094,92,ncnn_vulkan,70,ok,0.000198
ncnn,76.890633,,ncnn_layer,Convolution:/features/features.4/block/block.0/block.0.0/Conv,0.0487,0.04693,0.04578,mobilenetv3_small,0.890721,39,ncnn_vulkan,70,ok,0.00061
ncnn,89.30884,,ncnn_layer,HardSwish:/features/features.4/block/block.0/block.0.2/Mul,0.01901,0.018613,0.01828,mobilenetv3_small,0.353271,62,ncnn_vulkan,70,ok,0.000138
ncnn,49.171703,,ncnn_layer,ConvolutionDepthWise:/features/features.4/block/block.1/block.1.0/Conv,0.0837,0.082572,0.08172,mobilenetv3_small,1.567199,16,ncnn_vulkan,70,ok,0.000466
ncnn,98.018378,,ncnn_layer,HardSwish:/features/features.4/block/block.1/block.1.2/Mul,0.00724,0.006971,0.00672,mobilenetv3_small,0.132308,98,ncnn_vulkan,70,ok,9.1e-05
ncnn,99.929452,,ncnn_layer,Split:splitncnn_2,0.00036,0.000342,0.00031,mobilenetv3_small,0.006491,126,ncnn_vulkan,70,ok,2.4e-05
ncnn,94.216234,,ncnn_layer,Pooling:/features/features.4/block/block.2/avgpool/GlobalAveragePool,0.01495,0.01432,0.01385,mobilenetv3_small,0.27179,78,ncnn_vulkan,70,ok,0.00024
ncnn,83.424348,,ncnn_layer,Convolution:/features/features.4/block/block.2/fc1/Conv,0.02839,0.027473,0.02667,mobilenetv3_small,0.521432,49,ncnn_vulkan,70,ok,0.000368
ncnn,99.330298,,ncnn_layer,ReLU:/features/features.4/block/block.2/activation/Relu,0.00422,0.003981,0.0038,mobilenetv3_small,0.075559,113,ncnn_vulkan,70,ok,0.000125
ncnn,90.647522,,ncnn_layer,Convolution:/features/features.4/block/block.2/fc2/Conv,0.01823,0.017116,0.01635,mobilenetv3_small,0.324858,66,ncnn_vulkan,70,ok,0.000427
ncnn,98.950342,,ncnn_layer,HardSigmoid:/features/features.4/block/block.2/scale_activation/HardSigmoid,0.00438,0.004046,0.0038,mobilenetv3_small,0.076792,108,ncnn_vulkan,70,ok,0.000139
ncnn,95.222086,,ncnn_layer,BinaryOp:/features/features.4/block/block.2/Mul,0.01323,0.012795,0.01255,mobilenetv3_small,0.242846,82,ncnn_vulkan,70,ok,0.000167
ncnn,80.583719,,ncnn_layer,Convolution:/features/features.4/block/block.3/block.3.0/Conv,0.03536,0.03426,0.0325,mobilenetv3_small,0.650247,44,ncnn_vulkan,70,ok,0.000506
ncnn,99.942415,,ncnn_layer,Split:splitncnn_3,0.00036,0.000341,0.00031,mobilenetv3_small,0.006472,128,ncnn_vulkan,70,ok,2.4e-05
ncnn,71.258705,,ncnn_layer,Convolution:/features/features.5/block/block.0/block.0.0/Conv,0.05313,0.051904,0.05104,mobilenetv3_small,0.985127,33,ncnn_vulkan,70,ok,0.000467
ncnn,94.729409,,ncnn_layer,HardSwish:/features/features.5/block/block.0/block.0.2/Mul,0.01344,0.013193,0.01307,mobilenetv3_small,0.2504,80,ncnn_vulkan,70,ok,0.000106
ncnn,26.05761,,ncnn_layer,ConvolutionDepthWise:/features/features.5/block/block.1/block.1.0/Conv,0.12875,0.127969,0.12745,mobilenetv3_small,2.428824,5,ncnn_vulkan,70,ok,0.000229
ncnn,95.459428,,ncnn_layer,HardSwish:/features/features.5/block/block.1/block.1.2/Mul,0.01328,0.012505,0.01068,mobilenetv3_small,0.237342,83,ncnn_vulkan,70,ok,0.000617
ncnn,99.948887,,ncnn_layer,Split:splitncnn_4,0.00036,0.000341,0.00031,mobilenetv3_small,0.006472,129,ncnn_vulkan,70,ok,2.4e-05
ncnn,88.568609,,ncnn_layer,Pooling:/features/features.5/block/block.2/avgpool/GlobalAveragePool,0.02099,0.02053,0.0201,mobilenetv3_small,0.389655,60,ncnn_vulkan,70,ok,0.00018
ncnn,70.273578,,ncnn_layer,Convolution:/features/features.5/block/block.2/fc1/Conv,0.05469,0.053336,0.05266,mobilenetv3_small,1.012306,32,ncnn_vulkan,70,ok,0.00039
ncnn,99.691047,,ncnn_layer,ReLU:/features/features.5/block/block.2/activation/Relu,0.00401,0.003737,0.00359,mobilenetv3_small,0.070927,118,ncnn_vulkan,70,ok,0.000125
ncnn,85.977242,,ncnn_layer,Convolution:/features/features.5/block/block.2/fc2/Conv,0.02792,0.026493,0.02557,mobilenetv3_small,0.502831,54,ncnn_vulkan,70,ok,0.000549
ncnn,99.026603,,ncnn_layer,HardSigmoid:/features/features.5/block/block.2/scale_activation/HardSigmoid,0.00438,0.004018,0.00385,mobilenetv3_small,0.076261,109,ncnn_vulkan,70,ok,0.000145
ncnn,86.937107,,ncnn_layer,BinaryOp:/features/features.5/block/block.2/Mul,0.02568,0.025135,0.02474,mobilenetv3_small,0.477057,56,ncnn_vulkan,70,ok,0.000211
ncnn,58.052306,,ncnn_layer,Convolution:/features/features.5/block/block.3/block.3.0/Conv,0.07807,0.07613,0.0724,mobilenetv3_small,1.444931,22,ncnn_vulkan,70,ok,0.001403
ncnn,97.88607,,ncnn_layer,BinaryOp:/features/features.5/Add,0.00771,0.007014,0.00651,mobilenetv3_small,0.133124,97,ncnn_vulkan,70,ok,0.00025
ncnn,99.968152,,ncnn_layer,Split:splitncnn_5,0.00036,0.000337,0.00031,mobilenetv3_small,0.006396,132,ncnn_vulkan,70,ok,2.5e-05
ncnn,72.239409,,ncnn_layer,Convolution:/features/features.6/block/block.0/block.0.0/Conv,0.0526,0.051671,0.05089,mobilenetv3_small,0.980704,34,ncnn_vulkan,70,ok,0.000404
ncnn,94.97924,,ncnn_layer,HardSwish:/features/features.6/block/block.0/block.0.2/Mul,0.01349,0.013163,0.01271,mobilenetv3_small,0.249831,81,ncnn_vulkan,70,ok,0.00013
ncnn,28.482961,,ncnn_layer,ConvolutionDepthWise:/features/features.6/block/block.1/block.1.0/Conv,0.12833,0.127786,0.12734,mobilenetv3_small,2.425351,6,ncnn_vulkan,70,ok,0.000221
ncnn,95.691134,,ncnn_layer,HardSwish:/features/features.6/block/block.1/block.1.2/Mul,0.01302,0.012208,0.01026,mobilenetv3_small,0.231705,84,ncnn_vulkan,70,ok,0.000623
ncnn,99.961756,,ncnn_layer,Split:splitncnn_6,0.00036,0.000339,0.00031,mobilenetv3_small,0.006434,131,ncnn_vulkan,70,ok,2.5e-05
ncnn,88.178954,,ncnn_layer,Pooling:/features/features.6/block/block.2/avgpool/GlobalAveragePool,0.02109,0.020555,0.0201,mobilenetv3_small,0.390129,59,ncnn_vulkan,70,ok,0.000238
ncnn,69.261273,,ncnn_layer,Convolution:/features/features.6/block/block.2/fc1/Conv,0.05453,0.053358,0.05271,mobilenetv3_small,1.012723,31,ncnn_vulkan,70,ok,0.000408
ncnn,99.62012,,ncnn_layer,ReLU:/features/features.6/block/block.2/activation/Relu,0.00396,0.003742,0.00359,mobilenetv3_small,0.071022,117,ncnn_vulkan,70,ok,0.000108
ncnn,85.474411,,ncnn_layer,Convolution:/features/features.6/block/block.2/fc2/Conv,0.02755,0.026506,0.02562,mobilenetv3_small,0.503078,53,ncnn_vulkan,70,ok,0.000421
ncnn,99.17884,,ncnn_layer,HardSigmoid:/features/features.6/block/block.2/scale_activation/HardSigmoid,0.00438,0.00401,0.00385,mobilenetv3_small,0.076109,111,ncnn_vulkan,70,ok,0.00014
ncnn,86.46005,,ncnn_layer,BinaryOp:/features/features.6/block/block.2/Mul,0.02583,0.025438,0.02505,mobilenetv3_small,0.482808,55,ncnn_vulkan,70,ok,0.000192
ncnn,56.607375,,ncnn_layer,Convolution:/features/features.6/block/block.3/block.3.0/Conv,0.07813,0.07646,0.07229,mobilenetv3_small,1.451194,21,ncnn_vulkan,70,ok,0.001275
ncnn,98.149528,,ncnn_layer,BinaryOp:/features/features.6/Add,0.0074,0.00691,0.00646,mobilenetv3_small,0.13115,99,ncnn_vulkan,70,ok,0.000223
ncnn,82.347871,,ncnn_layer,Convolution:/features/features.7/block/block.0/block.0.0/Conv,0.03078,0.029768,0.02911,mobilenetv3_small,0.56499,47,ncnn_vulkan,70,ok,0.000349
ncnn,97.471191,,ncnn_layer,HardSwish:/features/features.7/block/block.0/block.0.2/Mul,0.00833,0.008113,0.00802,mobilenetv3_small,0.153983,94,ncnn_vulkan,70,ok,7.8e-05
ncnn,63.394261,,ncnn_layer,ConvolutionDepthWise:/features/features.7/block/block.1/block.1.0/Conv,0.06922,0.068743,0.06839,mobilenetv3_small,1.304727,26,ncnn_vulkan,70,ok,0.000211
ncnn,97.618607,,ncnn_layer,HardSwish:/features/features.7/block/block.1/block.1.2/Mul,0.00802,0.007767,0.00766,mobilenetv3_small,0.147416,95,ncnn_vulkan,70,ok,7.8e-05
ncnn,99.974548,,ncnn_layer,Split:splitncnn_7,0.00036,0.000337,0.00031,mobilenetv3_small,0.006396,133,ncnn_vulkan,70,ok,2.5e-05
ncnn,93.372563,,ncnn_layer,Pooling:/features/features.7/block/block.2/avgpool/GlobalAveragePool,0.01594,0.015334,0.01495,mobilenetv3_small,0.291036,75,ncnn_vulkan,70,ok,0.00022
ncnn,81.203789,,ncnn_layer,Convolution:/features/features.7/block/block.2/fc1/Conv,0.03411,0.03267,0.03146,mobilenetv3_small,0.62007,45,ncnn_vulkan,70,ok,0.000497
ncnn,99.761728,,ncnn_layer,ReLU:/features/features.7/block/block.2/activation/Relu,0.00396,0.003724,0.00359,mobilenetv3_small,0.070681,119,ncnn_vulkan,70,ok,0.000102
ncnn,89.654253,,ncnn_layer,Convolution:/features/features.7/block/block.2/fc2/Conv,0.01953,0.018199,0.0174,mobilenetv3_small,0.345413,63,ncnn_vulkan,70,ok,0.000407
ncnn,98.563762,,ncnn_layer,HardSigmoid:/features/features.7/block/block.2/scale_activation/HardSigmoid,0.00453,0.004215,0.00396,mobilenetv3_small,0.08,103,ncnn_vulkan,70,ok,0.000167
ncnn,93.081527,,ncnn_layer,BinaryOp:/features/features.7/block/block.2/Mul,0.01578,0.015368,0.015,mobilenetv3_small,0.291681,74,ncnn_vulkan,70,ok,0.000177
ncnn,78.485884,,ncnn_layer,Convolution:/features/features.7/block/block.3/block.3.0/Conv,0.0426,0.041682,0.03984,mobilenetv3_small,0.791115,41,ncnn_vulkan,70,ok,0.000491
ncnn,99.980925,,ncnn_layer,Split:splitncnn_8,0.00036,0.000336,0.00031,mobilenetv3_small,0.006377,134,ncnn_vulkan,70,ok,2.5e-05
ncnn,79.260506,,ncnn_layer,Convolution:/features/features.8/block/block.0/block.0.0/Conv,0.04177,0.040813,0.03984,mobilenetv3_small,0.774622,42,ncnn_vulkan,70,ok,0.00038
ncnn,96.79439,,ncnn_layer,HardSwish:/features/features.8/block/block.0/block.0.2/Mul,0.00974,0.009451,0.00911,mobilenetv3_small,0.179378,90,ncnn_vulkan,70,ok,0.000102
ncnn,50.692117,,ncnn_layer,ConvolutionDepthWise:/features/features.8/block/block.1/block.1.0/Conv,0.08083,0.080107,0.07969,mobilenetv3_small,1.520414,17,ncnn_vulkan,70,ok,0.000234
ncnn,97.317208,,ncnn_layer,HardSwish:/features/features.8/block/block.1/block.1.2/Mul,0.00906,0.008828,0.00875,mobilenetv3_small,0.167554,93,ncnn_vulkan,70,ok,6.3e-05
ncnn,99.903393,,ncnn_layer,Split:splitncnn_9,0.00036,0.000344,0.00031,mobilenetv3_small,0.006529,122,ncnn_vulkan,70,ok,2.3e-05
ncnn,92.498146,,ncnn_layer,Pooling:/features/features.8/block/block.2/avgpool/GlobalAveragePool,0.01615,0.015684,0.01536,mobilenetv3_small,0.297679,72,ncnn_vulkan,70,ok,0.000194
ncnn,79.933472,,ncnn_layer,Convolution:/features/features.8/block/block.2/fc1/Conv,0.03667,0.035457,0.03448,mobilenetv3_small,0.672966,43,ncnn_vulkan,70,ok,0.000498
ncnn,99.405268,,ncnn_layer,ReLU:/features/features.8/block/block.2/activation/Relu,0.00417,0.00395,0.00385,mobilenetv3_small,0.07497,114,ncnn_vulkan,70,ok,9.5e-05
ncnn,88.955569,,ncnn_layer,Convolution:/features/features.8/block/block.2/fc2/Conv,0.02104,0.020388,0.01953,mobilenetv3_small,0.38696,61,ncnn_vulkan,70,ok,0.000331
ncnn,98.796397,,ncnn_layer,HardSigmoid:/features/features.8/block/block.2/scale_activation/HardSigmoid,0.00438,0.004072,0.00385,mobilenetv3_small,0.077286,106,ncnn_vulkan,70,ok,0.000158
ncnn,91.287976,,ncnn_layer,BinaryOp:/features/features.8/block/block.2/Mul,0.01719,0.016798,0.01651,mobilenetv3_small,0.318822,68,ncnn_vulkan,70,ok,0.000152
ncnn,75.999912,,ncnn_layer,Convolution:/features/features.8/block/block.3/block.3.0/Conv,0.04984,0.048402,0.0462,mobilenetv3_small,0.918659,38,ncnn_vulkan,70,ok,0.00079
ncnn,97.752945,,ncnn_layer,BinaryOp:/features/features.8/Add,0.00771,0.007078,0.00677,mobilenetv3_small,0.134339,96,ncnn_vulkan,70,ok,0.000217
ncnn,64.68035,,ncnn_layer,Convolution:/features/features.9/block/block.0/block.0.0/Conv,0.06875,0.067761,0.06672,mobilenetv3_small,1.286089,27,ncnn_vulkan,70,ok,0.000471
ncnn,93.944443,,ncnn_layer,HardSwish:/features/features.9/block/block.0/block.0.2/Mul,0.01526,0.014919,0.01474,mobilenetv3_small,0.283159,77,ncnn_vulkan,70,ok,0.000111
ncnn,62.089534,,ncnn_layer,ConvolutionDepthWise:/features/features.9/block/block.1/block.1.0/Conv,0.07099,0.070062,0.06948,mobilenetv3_small,1.329762,25,ncnn_vulkan,70,ok,0.000346
ncnn,98.272802,,ncnn_layer,HardSwish:/features/features.9/block/block.1/block.1.2/Mul,0.00688,0.006495,0.00625,mobilenetv3_small,0.123274,100,ncnn_vulkan,70,ok,0.000147
ncnn,99.987303,,ncnn_layer,Split:splitncnn_10,0.00036,0.000336,0.00031,mobilenetv3_small,0.006377,135,ncnn_vulkan,70,ok,2.5e-05
ncnn,89.995414,,ncnn_layer,Pooling:/features/features.9/block/block.2/avgpool/GlobalAveragePool,0.01859,0.017975,0.01776,mobilenetv3_small,0.341162,64,ncnn_vulkan,70,ok,0.000179
ncnn,67.099323,,ncnn_layer,Convolution:/features/features.9/block/block.2/fc1/Conv,0.0663,0.062724,0.06094,mobilenetv3_small,1.190488,29,ncnn_vulkan,70,ok,0.001575
ncnn,99.25474,,ncnn_layer,ReLU:/features/features.9/block/block.2/activation/Relu,0.00422,0.003999,0.00385,mobilenetv3_small,0.0759,112,ncnn_vulkan,70,ok,0.000109
ncnn,81.782881,,ncnn_layer,Convolution:/features/features.9/block/block.2/fc2/Conv,0.03161,0.030511,0.02938,mobilenetv3_small,0.579092,46,ncnn_vulkan,70,ok,0.000534
ncnn,98.87355,,ncnn_layer,HardSigmoid:/features/features.9/block/block.2/scale_activation/HardSigmoid,0.00443,0.004065,0.00396,mobilenetv3_small,0.077153,107,ncnn_vulkan,70,ok,0.000117
ncnn,95.892851,,ncnn_layer,BinaryOp:/features/features.9/block/block.2/Mul,0.01109,0.010628,0.01031,mobilenetv3_small,0.201717,85,ncnn_vulkan,70,ok,0.000186
ncnn,65.908836,,ncnn_layer,Convolution:/features/features.9/block/block.3/block.3.0/Conv,0.06984,0.064726,0.06208,mobilenetv3_small,1.228485,28,ncnn_vulkan,70,ok,0.001144
ncnn,100.0,,ncnn_layer,Split:splitncnn_11,0.00036,0.000333,0.00031,mobilenetv3_small,0.00632,137,ncnn_vulkan,70,ok,2.5e-05
ncnn,52.182998,,ncnn_layer,Convolution:/features/features.10/block/block.0/block.0.0/Conv,0.0801,0.078551,0.07698,mobilenetv3_small,1.490881,18,ncnn_vulkan,70,ok,0.00067
ncnn,96.254567,,ncnn_layer,HardSwish:/features/features.10/block/block.0/block.0.2/Mul,0.0099,0.009526,0.00943,mobilenetv3_small,0.180801,87,ncnn_vulkan,70,ok,9.6e-05
ncnn,44.284865,,ncnn_layer,ConvolutionDepthWise:/features/features.10/block/block.1/block.1.0/Conv,0.09255,0.09146,0.09099,mobilenetv3_small,1.735891,13,ncnn_vulkan,70,ok,0.000306
ncnn,96.97356,,ncnn_layer,HardSwish:/features/features.10/block/block.1/block.1.2/Mul,0.0099,0.00944,0.00896,mobilenetv3_small,0.179169,91,ncnn_vulkan,70,ok,0.000215
ncnn,99.99368,,ncnn_layer,Split:splitncnn_12,0.00036,0.000336,0.00031,mobilenetv3_small,0.006377,136,ncnn_vulkan,70,ok,2.5e-05
ncnn,84.460815,,ncnn_layer,Pooling:/features/features.10/block/block.2/avgpool/GlobalAveragePool,0.02766,0.027301,0.02698,mobilenetv3_small,0.518167,51,ncnn_vulkan,70,ok,0.000175
ncnn,33.267461,,ncnn_layer,Convolution:/features/features.10/block/block.2/fc1/Conv,0.12979,0.125811,0.12245,mobilenetv3_small,2.387866,8,ncnn_vulkan,70,ok,0.001342
ncnn,99.477354,,ncnn_layer,ReLU:/features/features.10/block/block.2/activation/Relu,0.00406,0.003798,0.00365,mobilenetv3_small,0.072085,115,ncnn_vulkan,70,ok,0.000124
ncnn,59.407671,,ncnn_layer,Convolution:/features/features.10/block/block.2/fc2/Conv,0.07391,0.071411,0.06875,mobilenetv3_small,1.355365,23,ncnn_vulkan,70,ok,0.001046
ncnn,98.719111,,ncnn_layer,HardSigmoid:/features/features.10/block/block.2/scale_activation/HardSigmoid,0.00438,0.004092,0.00401,mobilenetv3_small,0.077665,105,ncnn_vulkan,70,ok,9.9e-05
ncnn,90.969153,,ncnn_layer,BinaryOp:/features/features.10/block/block.2/Mul,0.0176,0.016946,0.01656,mobilenetv3_small,0.321631,67,ncnn_vulkan,70,ok,0.000237
ncnn,40.253824,,ncnn_layer,Convolution:/features/features.10/block/block.3/block.3.0/Conv,0.12521,0.121624,0.1176,mobilenetv3_small,2.308397,11,ncnn_vulkan,70,ok,0.001975
ncnn,98.483762,,ncnn_layer,BinaryOp:/features/features.10/Add,0.00594,0.005536,0.00531,mobilenetv3_small,0.105072,102,ncnn_vulkan,70,ok,0.000161
ncnn,99.935943,,ncnn_layer,Split:splitncnn_13,0.00036,0.000342,0.00031,mobilenetv3_small,0.006491,127,ncnn_vulkan,70,ok,2.4e-05
ncnn,55.156181,,ncnn_layer,Convolution:/features/features.11/block/block.0/block.0.0/Conv,0.07943,0.078269,0.07672,mobilenetv3_small,1.485529,20,ncnn_vulkan,70,ok,0.000506
ncnn,96.073766,,ncnn_layer,HardSwish:/features/features.11/block/block.0/block.0.2/Mul,0.00974,0.009532,0.00943,mobilenetv3_small,0.180915,86,ncnn_vulkan,70,ok,9.5e-05
ncnn,46.020547,,ncnn_layer,ConvolutionDepthWise:/features/features.11/block/block.1/block.1.0/Conv,0.09219,0.091449,0.09099,mobilenetv3_small,1.735682,14,ncnn_vulkan,70,ok,0.00026
ncnn,96.615013,,ncnn_layer,HardSwish:/features/features.11/block/block.1/block.1.2/Mul,0.01031,0.009477,0.00896,mobilenetv3_small,0.179871,89,ncnn_vulkan,70,ok,0.000259
ncnn,99.909922,,ncnn_layer,Split:splitncnn_14,0.00036,0.000344,0.00031,mobilenetv3_small,0.006529,123,ncnn_vulkan,70,ok,2.3e-05
ncnn,83.942648,,ncnn_layer,Pooling:/features/features.11/block/block.2/avgpool/GlobalAveragePool,0.02771,0.027308,0.02698,mobilenetv3_small,0.5183,50,ncnn_vulkan,70,ok,0.000148
ncnn,30.879595,,ncnn_layer,Convolution:/features/features.11/block/block.2/fc1/Conv,0.12922,0.126273,0.12255,mobilenetv3_small,2.396634,7,ncnn_vulkan,70,ok,0.001379
ncnn,99.549097,,ncnn_layer,ReLU:/features/features.11/block/block.2/activation/Relu,0.00406,0.00378,0.00365,mobilenetv3_small,0.071744,116,ncnn_vulkan,70,ok,0.000112
ncnn,60.759772,,ncnn_layer,Convolution:/features/features.11/block/block.2/fc2/Conv,0.07312,0.071239,0.06854,mobilenetv3_small,1.352101,24,ncnn_vulkan,70,ok,0.00106
ncnn,98.641446,,ncnn_layer,HardSigmoid:/features/features.11/block/block.2/scale_activation/HardSigmoid,0.00448,0.004093,0.00396,mobilenetv3_small,0.077684,104,ncnn_vulkan,70,ok,0.000118
ncnn,90.322664,,ncnn_layer,BinaryOp:/features/features.11/block/block.2/Mul,0.01781,0.017242,0.01677,mobilenetv3_small,0.327249,65,ncnn_vulkan,70,ok,0.000233
ncnn,37.945427,,ncnn_layer,Convolution:/features/features.11/block/block.3/block.3.0/Conv,0.12552,0.121726,0.11792,mobilenetv3_small,2.310333,10,ncnn_vulkan,70,ok,0.001939
ncnn,98.37869,,ncnn_layer,BinaryOp:/features/features.11/Add,0.00594,0.005579,0.00526,mobilenetv3_small,0.105888,101,ncnn_vulkan,70,ok,0.000165
ncnn,53.670652,,ncnn_layer,Convolution:/features/features.12/features.12.0/Conv,0.07984,0.078381,0.07703,mobilenetv3_small,1.487654,19,ncnn_vulkan,70,ok,0.000606
ncnn,96.435141,,ncnn_layer,HardSwish:/features/features.12/features.12.2/Mul,0.00974,0.009514,0.00943,mobilenetv3_small,0.180574,88,ncnn_vulkan,70,ok,8.4e-05
ncnn,84.971333,,ncnn_layer,Pooling:/avgpool/GlobalAveragePool,0.02724,0.026898,0.02661,mobilenetv3_small,0.510518,52,ncnn_vulkan,70,ok,0.000149
ncnn,99.916451,,ncnn_layer,Flatten:/Flatten,0.00036,0.000344,0.00031,mobilenetv3_small,0.006529,124,ncnn_vulkan,70,ok,2.3e-05
ncnn,21.010601,,ncnn_layer,InnerProduct:/classifier/classifier.0/Gemm,0.20854,0.204212,0.20047,mobilenetv3_small,3.8759,3,ncnn_vulkan,70,ok,0.001748
ncnn,99.829467,,ncnn_layer,HardSwish:/classifier/classifier.1/Mul,0.0038,0.003569,0.00349,mobilenetv3_small,0.067739,120,ncnn_vulkan,70,ok,8.8e-05
ncnn,17.134702,,ncnn_layer,InnerProduct:/classifier/classifier.3/Gemm,0.35302,0.347591,0.34219,mobilenetv3_small,6.597202,2,ncnn_vulkan,70,ok,0.002231
pytorch,99.790633,,op,aten::conv2d,0.010306,0.009848,0.009694,resnet50,0.029528,24,pytorch_cpu,2650,ok,0.000231
pytorch,99.568705,,op,aten::convolution,0.011745,0.011578,0.011223,resnet50,0.034716,17,pytorch_cpu,2650,ok,0.000186
pytorch,99.287895,,op,aten::_convolution,0.026609,0.021669,0.020342,resnet50,0.064973,11,pytorch_cpu,2650,ok,0.002471
pytorch,99.731483,,op,aten::thnn_conv2d,0.012855,0.010544,0.009802,resnet50,0.031615,22,pytorch_cpu,2650,ok,0.001167
pytorch,35.424014,,op,aten::_slow_conv2d_forward,11.990455,11.81426,11.625958,resnet50,35.424014,1,pytorch_cpu,2650,ok,0.135844
pytorch,99.963078,,op,aten::empty,0.006252,0.005301,0.005051,resnet50,0.015895,32,pytorch_cpu,19550,ok,0.000476
pytorch,99.635522,,op,aten::view,0.011409,0.010924,0.010552,resnet50,0.032755,19,pytorch_cpu,4300,ok,0.000282
pytorch,99.53399,,op,aten::resize_,0.014302,0.012431,0.011236,resnet50,0.037273,16,pytorch_cpu,2650,ok,0.001012
pytorch,99.842685,,op,aten::batch_norm,0.009047,0.0086,0.00826,resnet50,0.025786,26,pytorch_cpu,2650,ok,0.000285
pytorch,99.345717,,op,aten::_batch_norm_impl_index,0.01974,0.019284,0.018994,resnet50,0.057821,12,pytorch_cpu,2650,ok,0.000248
pytorch,97.120709,,op,aten::native_batch_norm,0.53697,0.493869,0.419528,resnet50,1.480823,5,pytorch_cpu,2650,ok,0.042385
pytorch,99.888054,,op,aten::empty_like,0.008045,0.007451,0.006806,resnet50,0.022341,28,pytorch_cpu,2650,ok,0.000396
pytorch,99.761105,,op,aten::relu_,0.01012,0.009879,0.009686,resnet50,0.029621,23,pytorch_cpu,2450,ok,0.000154
pytorch,98.942331,,op,aten::clamp_min_,0.321839,0.287589,0.259165,resnet50,0.86231,7,pytorch_cpu,2450,ok,0.02072
pytorch,99.222923,,op,aten::max_pool2d,0.0262,0.02554,0.0248,resnet50,0.076579,10,pytorch_cpu,50,ok,0.000484
pytorch,93.412994,,op,aten::max_pool2d_with_indices,9.8855,8.87228,7.6975,resnet50,26.602747,3,pytorch_cpu,50,ok,0.833883
pytorch,99.988936,,op,aten::detach,0.00417,0.004104,0.004064,resnet50,0.012305,34,pytorch_cpu,1650,ok,3.5e-05
pytorch,95.639887,,op,aten::add_,0.777781,0.742691,0.724775,resnet50,2.226893,4,pytorch_cpu,800,ok,0.019251
pytorch,99.865713,,op,aten::adaptive_avg_pool2d,0.0079,0.00768,0.0074,resnet50,0.023028,27,pytorch_cpu,50,ok,0.000172
pytorch,99.146343,,op,aten::mean,0.033,0.03084,0.0294,resnet50,0.092471,9,pytorch_cpu,50,ok,0.001256
pytorch,98.080021,,op,aten::sum,0.3396,0.31994,0.294,resnet50,0.959312,6,pytorch_cpu,50,ok,0.014867
pytorch,99.908743,,op,aten::fill_,0.0072,0.0069,0.0066,resnet50,0.020689,29,pytorch_cpu,50,ok,0.000219
pytorch,99.053872,,op,aten::div_,0.0425,0.0372,0.0333,resnet50,0.111541,8,pytorch_cpu,50,ok,0.003376
pytorch,99.947183,,op,aten::to,0.0081,0.00608,0.0046,resnet50,0.01823,31,pytorch_cpu,50,ok,0.001574
pytorch,99.496717,,op,aten::_to_copy,0.0141,0.0139,0.0138,resnet50,0.041678,15,pytorch_cpu,50,ok,0.00011
pytorch,99.928953,,op,aten::empty_strided,0.0069,0.00674,0.0065,resnet50,0.020209,30,pytorch_cpu,50,ok,0.000162
pytorch,99.602767,,op,aten::copy_,0.01155,0.01136,0.0112,resnet50,0.034062,18,pytorch_cpu,100,ok,0.000128
pytorch,99.403466,,op,aten::flatten,0.0206,0.01926,0.0188,resnet50,0.057749,13,pytorch_cpu,50,ok,0.000686
pytorch,99.97663,,op,aten::_reshape_alias,0.005,0.00452,0.0043,resnet50,0.013553,33,pytorch_cpu,50,ok,0.000248
pytorch,99.455039,,op,aten::linear,0.0185,0.0172,0.0167,resnet50,0.051573,14,pytorch_cpu,50,ok,0.000663
pytorch,99.668025,,op,aten::t,0.0111,0.01084,0.0107,resnet50,0.032503,20,pytorch_cpu,50,ok,0.000136
pytorch,99.816899,,op,aten::transpose,0.0091,0.00876,0.0085,resnet50,0.026266,25,pytorch_cpu,50,ok,0.000233
pytorch,99.99955,,op,aten::as_strided,0.00405,0.00354,0.0032,resnet50,0.010614,35,pytorch_cpu,100,ok,0.000331
pytorch,66.810247,,op,aten::addmm,10.69,10.46762,10.0468,resnet50,31.386233,2,pytorch_cpu,50,ok,0.219894
pytorch,99.699868,,op,aten::expand,0.0115,0.01062,0.0102,resnet50,0.031843,21,pytorch_cpu,50,ok,0.000453
pytorch,100.0,,op,aten::resolve_conj,0.0003,0.00015,5e-05,resnet50,0.00045,36,pytorch_cpu,100,ok,8.4e-05
pytorch,99.47402,,op,aten::conv2d,0.005789,0.004958,0.003974,resnet50,0.295001,23,pytorch_cuda,2650,ok,0.000696
pytorch,98.847426,,op,aten::convolution,0.007075,0.005978,0.005394,resnet50,0.355691,21,pytorch_cuda,2650,ok,0.000606
pytorch,90.275503,,op,aten::_convolution,0.090732,0.029634,0.013094,resnet50,1.763222,8,pytorch_cuda,2650,ok,0.030558
pytorch,55.217523,,op,aten::cudnn_convolution,0.394864,0.359966,0.342909,resnet50,21.417968,2,pytorch_cuda,2650,ok,0.019114
pytorch,98.135985,,op,aten::empty,0.006464,0.006123,0.005686,resnet50,0.364318,19,pytorch_cuda,13250,ok,0.00027
pytorch,98.491735,,op,aten::batch_norm,0.006458,0.005979,0.005562,resnet50,0.35575,20,pytorch_cuda,2650,ok,0.000285
pytorch,95.410231,,op,aten::_batch_norm_impl_index,0.012036,0.011438,0.010672,resnet50,0.680561,14,pytorch_cuda,2650,ok,0.000456
pytorch,64.220762,,op,aten::cudnn_batch_norm,0.216406,0.151315,0.13184,resnet50,9.003239,3,pytorch_cuda,2650,ok,0.032773
pytorch,99.179019,,op,aten::empty_like,0.005917,0.005573,0.005158,resnet50,0.331593,22,pytorch_cuda,2650,ok,0.000274
pytorch,97.282398,,op,aten::view,0.010404,0.009305,0.008381,resnet50,0.553647,17,pytorch_cuda,2650,ok,0.000706
pytorch,97.771666,,op,aten::relu_,0.008755,0.008223,0.007765,resnet50,0.489268,18,pytorch_cuda,2450,ok,0.000351
pytorch,72.956548,,op,aten::clamp_min_,0.174322,0.14682,0.089022,resnet50,8.735786,4,pytorch_cuda,2450,ok,0.03002
pytorch,93.337371,,op,aten::max_pool2d,0.0184,0.01402,0.0116,resnet50,0.83419,11,pytorch_cuda,50,ok,0.0026
pytorch,83.945003,,op,aten::max_pool2d_with_indices,0.1025,0.08694,0.0814,resnet50,5.172928,6,pytorch_cuda,50,ok,0.007867
pytorch,88.51228,,op,aten::add_,0.085469,0.076761,0.065031,resnet50,4.567278,7,pytorch_cuda,800,ok,0.006891
pytorch,96.087341,,op,aten::adaptive_avg_pool2d,0.015,0.01138,0.0081,resnet50,0.67711,15,pytorch_cuda,50,ok,0.002527
pytorch,78.772075,,op,aten::mean,0.109,0.09774,0.0887,resnet50,5.815527,5,pytorch_cuda,50,ok,0.006903
pytorch,91.548802,,op,aten::flatten,0.0241,0.0214,0.0181,resnet50,1.273299,9,pytorch_cuda,50,ok,0.002161
pytorch,100.0,,op,aten::_reshape_alias,0.0044,0.00422,0.0041,resnet50,0.25109,25,pytorch_cuda,50,ok,9.8e-05
pytorch,92.503182,,op,aten::linear,0.0195,0.01604,0.0131,resnet50,0.95438,10,pytorch_cuda,50,ok,0.002492
pytorch,96.728751,,op,aten::t,0.016,0.01078,0.0088,resnet50,0.64141,16,pytorch_cuda,50,ok,0.002645
pytorch,94.037091,,op,aten::transpose,0.0134,0.01176,0.0096,resnet50,0.69972,12,pytorch_cuda,50,ok,0.001515
pytorch,99.74891,,op,aten::as_strided,0.00665,0.00462,0.0038,resnet50,0.27489,24,pytorch_cuda,100,ok,0.001042
pytorch,33.799555,,op,aten::addmm,0.6488,0.56806,0.507,resnet50,33.799555,1,pytorch_cuda,50,ok,0.048219
pytorch,94.729671,,op,aten::expand,0.013,0.01164,0.0106,resnet50,0.69258,13,pytorch_cuda,50,ok,0.000824
,,"module 'numpy' has no attribute 'bool'.
`np.bool` was a deprecated alias for the builtin `bool`. To avoid this error in existing code, use `bool` by itself. Doing this will not modify any behavior and is safe. If you specifically wanted the numpy scalar type, use `np.bool_` here.
The aliases was originally deprecated in NumPy 1.20; for more details and guidance see the original release note at:
    https://numpy.org/devdocs/release/1.20.0-notes.html#deprecations",,,,,,resnet50,,,tensorrt_fp32,0,error,
,,"module 'numpy' has no attribute 'bool'.
`np.bool` was a deprecated alias for the builtin `bool`. To avoid this error in existing code, use `bool` by itself. Doing this will not modify any behavior and is safe. If you specifically wanted the numpy scalar type, use `np.bool_` here.
The aliases was originally deprecated in NumPy 1.20; for more details and guidance see the original release note at:
    https://numpy.org/devdocs/release/1.20.0-notes.html#deprecations",,,,,,resnet50,,,tensorrt_fp16,0,error,
,,"module 'numpy' has no attribute 'bool'.
`np.bool` was a deprecated alias for the builtin `bool`. To avoid this error in existing code, use `bool` by itself. Doing this will not modify any behavior and is safe. If you specifically wanted the numpy scalar type, use `np.bool_` here.
The aliases was originally deprecated in NumPy 1.20; for more details and guidance see the original release note at:
    https://numpy.org/devdocs/release/1.20.0-notes.html#deprecations",,,,,,resnet50,,,tensorrt_int8,0,error,
onnxruntime,81.633368,,onnx_node,model_loading_uri,1132.696,1132.696,1132.696,resnet50,25.253224,2,onnxrt_cuda,1,ok,0.0
onnxruntime,56.380144,,onnx_node,session_initialization,2528.848,2528.848,2528.848,resnet50,56.380144,1,onnxrt_cuda,1,ok,0.0
onnxruntime,99.997661,,onnx_node,FusedConv:/conv1/Conv_/relu/Relu_fence_before,0.002,0.001217,0.001,resnet50,2.7e-05,67,onnxrt_cuda,60,ok,0.000412
onnxruntime,99.027137,,onnx_node,FusedConv:/conv1/Conv_/relu/Relu_kernel_time,3872.519,66.5193,0.423,resnet50,1.483034,5,onnxrt_cuda,60,ok,495.638379
onnxruntime,99.997971,,onnx_node,FusedConv:/conv1/Conv_/relu/Relu_fence_after,0.001,0.001,0.001,resnet50,2.2e-05,80,onnxrt_cuda,17,ok,0.0
onnxruntime,99.997993,,onnx_node,MaxPool:/maxpool/MaxPool_fence_before,0.001,0.001,0.001,resnet50,2.2e-05,81,onnxrt_cuda,50,ok,0.0
onnxruntime,99.995007,,onnx_node,MaxPool:/maxpool/MaxPool_kernel_time,0.323,0.1188,0.106,resnet50,0.002649,59,onnxrt_cuda,60,ok,0.028961
onnxruntime,99.998016,,onnx_node,MaxPool:/maxpool/MaxPool_fence_after,0.001,0.001,0.001,resnet50,2.2e-05,82,onnxrt_cuda,3,ok,0.0
onnxruntime,99.998038,,onnx_node,FusedConv:/layer1/layer1.0/conv1/Conv_/layer1/layer1.0/relu/Relu_fence_before,0.001,0.001,0.001,resnet50,2.2e-05,83,onnxrt_cuda,22,ok,0.0
onnxruntime,99.870162,,onnx_node,FusedConv:/layer1/layer1.0/conv1/Conv_/layer1/layer1.0/relu/Relu_kernel_time,25.555,0.6225,0.188,resnet50,0.013879,48,onnxrt_cuda,60,ok,3.245954
onnxruntime,99.99806,,onnx_node,FusedConv:/layer1/layer1.0/conv1/Conv_/layer1/layer1.0/relu/Relu_fence_after,0.001,0.001,0.001,resnet50,2.2e-05,84,onnxrt_cuda,4,ok,0.0
onnxruntime,99.997903,,onnx_node,FusedConv:/layer1/layer1.0/conv2/Conv_/layer1/layer1.0/relu_1/Relu_fence_before,0.002,0.001021,0.001,resnet50,2.3e-05,77,onnxrt_cuda,47,ok,0.000144
onnxruntime,99.154488,,onnx_node,FusedConv:/layer1/layer1.0/conv2/Conv_/layer1/layer1.0/relu_1/Relu_kernel_time,61.224,1.29895,0.258,resnet50,0.02896,9,onnxrt_cuda,60,ok,7.801642
onnxruntime,99.998083,,onnx_node,FusedConv:/layer1/layer1.0/conv2/Conv_/layer1/layer1.0/relu_1/Relu_fence_after,0.001,0.001,0.001,resnet50,2.2e-05,85,onnxrt_cuda,3,ok,0.0
onnxruntime,99.998105,,onnx_node,Conv:/layer1/layer1.0/conv3/Conv_fence_before,0.001,0.001,0.001,resnet50,2.2e-05,86,onnxrt_cuda,50,ok,0.0
onnxruntime,99.491204,,onnx_node,Conv:/layer1/layer1.0/conv3/Conv_kernel_time,31.101,0.83055,0.299,resnet50,0.018517,25,onnxrt_cuda,60,ok,3.940907
onnxruntime,99.998127,,onnx_node,Conv:/layer1/layer1.0/conv3/Conv_fence_after,0.001,0.001,0.001,resnet50,2.2e-05,87,onnxrt_cuda,6,ok,0.0
onnxruntime,99.99815,,onnx_node,FusedConv:/layer1/layer1.0/downsample/downsample.0/Conv_/layer1/layer1.0/Add_/layer1/layer1.0/relu_2/Relu_fence_before,0.001,0.001,0.001,resnet50,2.2e-05,88,onnxrt_cuda,58,ok,0.0
onnxruntime,99.581634,,onnx_node,FusedConv:/layer1/layer1.0/downsample/downsample.0/Conv_/layer1/layer1.0/Add_/layer1/layer1.0/relu_2/Relu_kernel_time,30.674,0.781583,0.247,resnet50,0.017425,30,onnxrt_cuda,60,ok,3.891822
onnxruntime,99.998172,,onnx_node,FusedConv:/layer1/layer1.0/downsample/downsample.0/Conv_/layer1/layer1.0/Add_/layer1/layer1.0/relu_2/Relu_fence_after,0.001,0.001,0.001,resnet50,2.2e-05,89,onnxrt_cuda,4,ok,0.0
onnxruntime,99.998194,,onnx_node,FusedConv:/layer1/layer1.1/conv1/Conv_/layer1/layer1.1/relu/Relu_fence_before,0.001,0.001,0.001,resnet50,2.2e-05,90,onnxrt_cuda,15,ok,0.0
onnxruntime,99.59898,,onnx_node,FusedConv:/layer1/layer1.1/conv1/Conv_/layer1/layer1.1/relu/Relu_kernel_time,31.938,0.778,0.228,resnet50,0.017345,31,onnxrt_cuda,60,ok,4.056757
onnxruntime,99.997493,,onnx_node,FusedConv:/layer1/layer1.1/conv1/Conv_/layer1/layer1.1/relu/Relu_fence_after,0.003,0.003,0.003,resnet50,6.7e-05,62,onnxrt_cuda,1,ok,0.0
onnxruntime,99.998216,,onnx_node,FusedConv:/layer1/layer1.1/conv2/Conv_/layer1/layer1.1/relu_1/Relu_fence_before,0.001,0.001,0.001,resnet50,2.2e-05,91,onnxrt_cuda,32,ok,0.0
onnxruntime,99.202284,,onnx_node,FusedConv:/layer1/layer1.1/conv2/Conv_/layer1/layer1.1/relu_1/Relu_kernel_time,50.567,1.07105,0.219,resnet50,0.023879,11,onnxrt_cuda,60,ok,6.443839
onnxruntime,99.998239,,onnx_node,FusedConv:/layer1/layer1.1/conv2/Conv_/layer1/layer1.1/relu_1/Relu_fence_after,0.001,0.001,0.001,resnet50,2.2e-05,92,onnxrt_cuda,2,ok,0.0
onnxruntime,99.997926,,onnx_node,FusedConv:/layer1/layer1.1/conv3/Conv_/layer1/layer1.1/Add_/layer1/layer1.1/relu_2/Relu_fence_before,0.002,0.00102,0.001,resnet50,2.3e-05,78,onnxrt_cuda,50,ok,0.00014
onnxruntime,99.718186,,onnx_node,FusedConv:/layer1/layer1.1/conv3/Conv_/layer1/layer1.1/Add_/layer1/layer1.1/relu_2/Relu_kernel_time,30.77,0.744983,0.221,resnet50,0.016609,38,onnxrt_cuda,60,ok,3.90896
onnxruntime,99.998261,,onnx_node,FusedConv:/layer1/layer1.2/conv1/Conv_/layer1/layer1.2/relu/Relu_fence_before,0.001,0.001,0.001,resnet50,2.2e-05,93,onnxrt_cuda,7,ok,0.0
onnxruntime,99.701577,,onnx_node,FusedConv:/layer1/layer1.2/conv1/Conv_/layer1/layer1.2/relu/Relu_kernel_time,31.959,0.756883,0.206,resnet50,0.016875,37,onnxrt_cuda,60,ok,4.062246
onnxruntime,99.998283,,onnx_node,FusedConv:/layer1/layer1.2/conv1/Conv_/layer1/layer1.2/relu/Relu_fence_after,0.001,0.001,0.001,resnet50,2.2e-05,94,onnxrt_cuda,2,ok,0.0
onnxruntime,99.998306,,onnx_node,FusedConv:/layer1/layer1.2/conv2/Conv_/layer1/layer1.2/relu_1/Relu_fence_before,0.001,0.001,0.001,resnet50,2.2e-05,95,onnxrt_cuda,25,ok,0.0
onnxruntime,99.225925,,onnx_node,FusedConv:/layer1/layer1.2/conv2/Conv_/layer1/layer1.2/relu_1/Relu_kernel_time,50.357,1.060367,0.195,resnet50,0.023641,12,onnxrt_cuda,60,ok,6.41795
onnxruntime,99.998328,,onnx_node,FusedConv:/layer1/layer1.2/conv3/Conv_/layer1/layer1.2/Add_/layer1/layer1.2/relu_2/Relu_fence_before,0.001,0.001,0.001,resnet50,2.2e-05,96,onnxrt_cuda,19,ok,0.0
onnxruntime,99.63348,,onnx_node,FusedConv:/layer1/layer1.2/conv3/Conv_/layer1/layer1.2/Add_/layer1/layer1.2/relu_2/Relu_kernel_time,30.83,0.7714,0.218,resnet50,0.017198,33,onnxrt_cuda,60,ok,3.913567
onnxruntime,99.99835,,onnx_node,FusedConv:/layer1/layer1.2/conv3/Conv_/layer1/layer1.2/Add_/layer1/layer1.2/relu_2/Relu_fence_after,0.001,0.001,0.001,resnet50,2.2e-05,97,onnxrt_cuda,7,ok,0.0
onnxruntime,99.997714,,onnx_node,FusedConv:/layer2/layer2.0/conv1/Conv_/layer2/layer2.0/relu/Relu_fence_before,0.002,0.001167,0.001,resnet50,2.6e-05,69,onnxrt_cuda,6,ok,0.000373
onnxruntime,99.472687,,onnx_node,FusedConv:/layer2/layer2.0/conv1/Conv_/layer2/layer2.0/relu/Relu_kernel_time,36.226,0.86495,0.243,resnet50,0.019284,24,onnxrt_cuda,60,ok,4.603644
onnxruntime,99.998372,,onnx_node,FusedConv:/layer2/layer2.0/conv2/Conv_/layer2/layer2.0/relu_1/Relu_fence_before,0.001,0.001,0.001,resnet50,2.2e-05,98,onnxrt_cuda,40,ok,0.0
onnxruntime,99.765614,,onnx_node,FusedConv:/layer2/layer2.0/conv2/Conv_/layer2/layer2.0/relu_1/Relu_kernel_time,32.884,0.6934,0.136,resnet50,0.015459,41,onnxrt_cuda,60,ok,4.190864
onnxruntime,99.998395,,onnx_node,FusedConv:/layer2/layer2.0/conv2/Conv_/layer2/layer2.0/relu_1/Relu_fence_after,0.001,0.001,0.001,resnet50,2.2e-05,99,onnxrt_cuda,2,ok,0.0
onnxruntime,99.998417,,onnx_node,Conv:/layer2/layer2.0/conv3/Conv_fence_before,0.001,0.001,0.001,resnet50,2.2e-05,100,onnxrt_cuda,35,ok,0.0
onnxruntime,99.178405,,onnx_node,Conv:/layer2/layer2.0/conv3/Conv_kernel_time,47.792,1.072767,0.262,resnet50,0.023917,10,onnxrt_cuda,60,ok,6.082351
onnxruntime,99.998439,,onnx_node,Conv:/layer2/layer2.0/conv3/Conv_fence_after,0.001,0.001,0.001,resnet50,2.2e-05,101,onnxrt_cuda,5,ok,0.0
onnxruntime,99.997949,,onnx_node,FusedConv:/layer2/layer2.0/downsample/downsample.0/Conv_/layer2/layer2.0/Add_/layer2/layer2.0/relu_2/Relu_fence_before,0.002,0.001018,0.001,resnet50,2.3e-05,79,onnxrt_cuda,56,ok,0.000132
onnxruntime,99.856283,,onnx_node,FusedConv:/layer2/layer2.0/downsample/downsample.0/Conv_/layer2/layer2.0/Add_/layer2/layer2.0/relu_2/Relu_kernel_time,30.815,0.6554,0.135,resnet50,0.014612,47,onnxrt_cuda,60,ok,3.926477
onnxruntime,99.998462,,onnx_node,FusedConv:/layer2/layer2.0/downsample/downsample.0/Conv_/layer2/layer2.0/Add_/layer2/layer2.0/relu_2/Relu_fence_after,0.001,0.001,0.001,resnet50,2.2e-05,102,onnxrt_cuda,3,ok,0.0
onnxruntime,99.998484,,onnx_node,FusedConv:/layer2/layer2.1/conv1/Conv_/layer2/layer2.1/relu/Relu_fence_before,0.001,0.001,0.001,resnet50,2.2e-05,103,onnxrt_cuda,17,ok,0.0
onnxruntime,99.062463,,onnx_node,FusedConv:/layer2/layer2.1/conv1/Conv_/layer2/layer2.1/relu/Relu_kernel_time,85.664,1.5845,0.148,resnet50,0.035326,6,onnxrt_cuda,60,ok,10.946243
onnxruntime,99.998506,,onnx_node,FusedConv:/layer2/layer2.1/conv1/Conv_/layer2/layer2.1/relu/Relu_fence_after,0.001,0.001,0.001,resnet50,2.2e-05,104,onnxrt_cuda,2,ok,0.0
onnxruntime,99.998529,,onnx_node,FusedConv:/layer2/layer2.1/conv2/Conv_/layer2/layer2.1/relu_1/Relu_fence_before,0.001,0.001,0.001,resnet50,2.2e-05,105,onnxrt_cuda,31,ok,0.0
onnxruntime,99.28925,,onnx_node,FusedConv:/layer2/layer2.1/conv2/Conv_/layer2/layer2.1/relu_1/Relu_kernel_time,41.647,0.9341,0.216,resnet50,0.020826,15,onnxrt_cuda,60,ok,5.300492
onnxruntime,99.998551,,onnx_node,FusedConv:/layer2/layer2.1/conv2/Conv_/layer2/layer2.1/relu_1/Relu_fence_after,0.001,0.001,0.001,resnet50,2.2e-05,106,onnxrt_cuda,4,ok,0.0
onnxruntime,99.997881,,onnx_node,FusedConv:/layer2/layer2.1/conv3/Conv_/layer2/layer2.1/Add_/layer2/layer2.1/relu_2/Relu_fence_before,0.002,0.001031,0.001,resnet50,2.3e-05,76,onnxrt_cuda,32,ok,0.000174
onnxruntime,99.546034,,onnx_node,FusedConv:/layer2/layer2.1/conv3/Conv_/layer2/layer2.1/Add_/layer2/layer2.1/relu_2/Relu_kernel_time,32.77,0.815833,0.238,resnet50,0.018189,28,onnxrt_cuda,60,ok,4.160198
onnxruntime,99.998573,,onnx_node,FusedConv:/layer2/layer2.1/conv3/Conv_/layer2/layer2.1/Add_/layer2/layer2.1/relu_2/Relu_fence_after,0.001,0.001,0.001,resnet50,2.2e-05,107,onnxrt_cuda,5,ok,0.0
onnxruntime,99.998595,,onnx_node,FusedConv:/layer2/layer2.2/conv1/Conv_/layer2/layer2.2/relu/Relu_fence_before,0.001,0.001,0.001,resnet50,2.2e-05,108,onnxrt_cuda,40,ok,0.0
onnxruntime,99.811728,,onnx_node,FusedConv:/layer2/layer2.2/conv1/Conv_/layer2/layer2.2/relu/Relu_kernel_time,32.039,0.687067,0.137,resnet50,0.015318,44,onnxrt_cuda,60,ok,4.081707
onnxruntime,99.998618,,onnx_node,FusedConv:/layer2/layer2.2/conv1/Conv_/layer2/layer2.2/relu/Relu_fence_after,0.001,0.001,0.001,resnet50,2.2e-05,109,onnxrt_cuda,4,ok,0.0
onnxruntime,99.997578,,onnx_node,FusedConv:/layer2/layer2.2/conv2/Conv_/layer2/layer2.2/relu_1/Relu_fence_before,0.005,0.001333,0.001,resnet50,3e-05,64,onnxrt_cuda,12,ok,0.001106
onnxruntime,99.412989,,onnx_node,FusedConv:/layer2/layer2.2/conv2/Conv_/layer2/layer2.2/relu_1/Relu_kernel_time,41.405,0.908533,0.199,resnet50,0.020256,21,onnxrt_cuda,60,ok,5.272356
onnxruntime,99.99864,,onnx_node,FusedConv:/layer2/layer2.2/conv2/Conv_/layer2/layer2.2/relu_1/Relu_fence_after,0.001,0.001,0.001,resnet50,2.2e-05,110,onnxrt_cuda,3,ok,0.0
onnxruntime,99.997738,,onnx_node,FusedConv:/layer2/layer2.2/conv3/Conv_/layer2/layer2.2/Add_/layer2/layer2.2/relu_2/Relu_fence_before,0.003,0.001118,0.001,resnet50,2.5e-05,70,onnxrt_cuda,17,ok,0.000471
onnxruntime,99.616282,,onnx_node,FusedConv:/layer2/layer2.2/conv3/Conv_/layer2/layer2.2/Add_/layer2/layer2.2/relu_2/Relu_kernel_time,32.321,0.776067,0.22,resnet50,0.017302,32,onnxrt_cuda,60,ok,4.106899
onnxruntime,99.998662,,onnx_node,FusedConv:/layer2/layer2.2/conv3/Conv_/layer2/layer2.2/Add_/layer2/layer2.2/relu_2/Relu_fence_after,0.001,0.001,0.001,resnet50,2.2e-05,111,onnxrt_cuda,2,ok,0.0
onnxruntime,99.998685,,onnx_node,FusedConv:/layer2/layer2.3/conv1/Conv_/layer2/layer2.3/relu/Relu_fence_before,0.001,0.001,0.001,resnet50,2.2e-05,112,onnxrt_cuda,8,ok,0.0
onnxruntime,99.826774,,onnx_node,FusedConv:/layer2/layer2.3/conv1/Conv_/layer2/layer2.3/relu/Relu_kernel_time,31.981,0.674883,0.132,resnet50,0.015046,45,onnxrt_cuda,60,ok,4.075753
onnxruntime,99.998707,,onnx_node,FusedConv:/layer2/layer2.3/conv1/Conv_/layer2/layer2.3/relu/Relu_fence_after,0.001,0.001,0.001,resnet50,2.2e-05,113,onnxrt_cuda,3,ok,0.0
onnxruntime,99.998729,,onnx_node,FusedConv:/layer2/layer2.3/conv2/Conv_/layer2/layer2.3/relu_1/Relu_fence_before,0.001,0.001,0.001,resnet50,2.2e-05,114,onnxrt_cuda,33,ok,0.0
onnxruntime,99.453403,,onnx_node,FusedConv:/layer2/layer2.3/conv2/Conv_/layer2/layer2.3/relu_1/Relu_kernel_time,41.357,0.905067,0.194,resnet50,0.020178,23,onnxrt_cuda,60,ok,5.266452
onnxruntime,99.998751,,onnx_node,FusedConv:/layer2/layer2.3/conv2/Conv_/layer2/layer2.3/relu_1/Relu_fence_after,0.001,0.001,0.001,resnet50,2.2e-05,115,onnxrt_cuda,2,ok,0.0
onnxruntime,99.998774,,onnx_node,FusedConv:/layer2/layer2.3/conv3/Conv_/layer2/layer2.3/Add_/layer2/layer2.3/relu_2/Relu_fence_before,0.001,0.001,0.001,resnet50,2.2e-05,116,onnxrt_cuda,12,ok,0.0
onnxruntime,99.667757,,onnx_node,FusedConv:/layer2/layer2.3/conv3/Conv_/layer2/layer2.3/Add_/layer2/layer2.3/relu_2/Relu_kernel_time,32.416,0.768667,0.215,resnet50,0.017137,35,onnxrt_cuda,60,ok,4.120193
onnxruntime,99.998796,,onnx_node,FusedConv:/layer2/layer2.3/conv3/Conv_/layer2/layer2.3/Add_/layer2/layer2.3/relu_2/Relu_fence_after,0.001,0.001,0.001,resnet50,2.2e-05,117,onnxrt_cuda,2,ok,0.0
onnxruntime,99.998818,,onnx_node,FusedConv:/layer3/layer3.0/conv1/Conv_/layer3/layer3.0/relu/Relu_fence_before,0.001,0.001,0.001,resnet50,2.2e-05,118,onnxrt_cuda,8,ok,0.0
onnxruntime,99.433225,,onnx_node,FusedConv:/layer3/layer3.0/conv1/Conv_/layer3/layer3.0/relu/Relu_kernel_time,40.856,0.907667,0.212,resnet50,0.020236,22,onnxrt_cuda,60,ok,5.200868
onnxruntime,99.998841,,onnx_node,FusedConv:/layer3/layer3.0/conv1/Conv_/layer3/layer3.0/relu/Relu_fence_after,0.001,0.001,0.001,resnet50,2.2e-05,119,onnxrt_cuda,1,ok,0.0
onnxruntime,99.998863,,onnx_node,FusedConv:/layer3/layer3.0/conv2/Conv_/layer3/layer3.0/relu_1/Relu_fence_before,0.001,0.001,0.001,resnet50,2.2e-05,120,onnxrt_cuda,9,ok,0.0
onnxruntime,99.79641,,onnx_node,FusedConv:/layer3/layer3.0/conv2/Conv_/layer3/layer3.0/relu_1/Relu_kernel_time,33.957,0.69065,0.117,resnet50,0.015398,43,onnxrt_cuda,60,ok,4.330944
onnxruntime,99.998885,,onnx_node,FusedConv:/layer3/layer3.0/conv2/Conv_/layer3/layer3.0/relu_1/Relu_fence_after,0.001,0.001,0.001,resnet50,2.2e-05,121,onnxrt_cuda,2,ok,0.0
onnxruntime,99.998908,,onnx_node,Conv:/layer3/layer3.0/conv3/Conv_fence_before,0.001,0.001,0.001,resnet50,2.2e-05,122,onnxrt_cuda,23,ok,0.0
onnxruntime,99.351477,,onnx_node,Conv:/layer3/layer3.0/conv3/Conv_kernel_time,42.128,0.9285,0.204,resnet50,0.020701,18,onnxrt_cuda,60,ok,5.363757
onnxruntime,99.99893,,onnx_node,Conv:/layer3/layer3.0/conv3/Conv_fence_after,0.001,0.001,0.001,resnet50,2.2e-05,123,onnxrt_cuda,3,ok,0.0
onnxruntime,99.997763,,onnx_node,FusedConv:/layer3/layer3.0/downsample/downsample.0/Conv_/layer3/layer3.0/Add_/layer3/layer3.0/relu_2/Relu_fence_before,0.002,0.001102,0.001,resnet50,2.5e-05,71,onnxrt_cuda,59,ok,0.000302
onnxruntime,99.781012,,onnx_node,FusedConv:/layer3/layer3.0/downsample/downsample.0/Conv_/layer3/layer3.0/Add_/layer3/layer3.0/relu_2/Relu_kernel_time,33.07,0.690683,0.13,resnet50,0.015399,42,onnxrt_cuda,60,ok,4.215444
onnxruntime,99.998952,,onnx_node,FusedConv:/layer3/layer3.0/downsample/downsample.0/Conv_/layer3/layer3.0/Add_/layer3/layer3.0/relu_2/Relu_fence_after,0.001,0.001,0.001,resnet50,2.2e-05,124,onnxrt_cuda,1,ok,0.0
onnxruntime,99.998974,,onnx_node,FusedConv:/layer3/layer3.1/conv1/Conv_/layer3/layer3.1/relu/Relu_fence_before,0.001,0.001,0.001,resnet50,2.2e-05,125,onnxrt_cuda,6,ok,0.0
onnxruntime,99.094376,,onnx_node,FusedConv:/layer3/layer3.1/conv1/Conv_/layer3/layer3.1/relu/Relu_kernel_time,76.978,1.4314,0.139,resnet50,0.031913,7,onnxrt_cuda,60,ok,9.835338
onnxruntime,99.998997,,onnx_node,FusedConv:/layer3/layer3.1/conv1/Conv_/layer3/layer3.1/relu/Relu_fence_after,0.001,0.001,0.001,resnet50,2.2e-05,126,onnxrt_cuda,2,ok,0.0
onnxruntime,99.999019,,onnx_node,FusedConv:/layer3/layer3.1/conv2/Conv_/layer3/layer3.1/relu_1/Relu_fence_before,0.001,0.001,0.001,resnet50,2.2e-05,127,onnxrt_cuda,39,ok,0.0
onnxruntime,99.247327,,onnx_node,FusedConv:/layer3/layer3.1/conv2/Conv_/layer3/layer3.1/relu_1/Relu_kernel_time,43.173,0.959967,0.215,resnet50,0.021402,13,onnxrt_cuda,60,ok,5.495721
onnxruntime,99.999041,,onnx_node,FusedConv:/layer3/layer3.1/conv2/Conv_/layer3/layer3.1/relu_1/Relu_fence_after,0.001,0.001,0.001,resnet50,2.2e-05,128,onnxrt_cuda,3,ok,0.0
onnxruntime,99.997811,,onnx_node,FusedConv:/layer3/layer3.1/conv3/Conv_/layer3/layer3.1/Add_/layer3/layer3.1/relu_2/Relu_fence_before,0.002,0.001067,0.001,resnet50,2.4e-05,73,onnxrt_cuda,15,ok,0.000249
onnxruntime,99.883678,,onnx_node,FusedConv:/layer3/layer3.1/conv3/Conv_/layer3/layer3.1/Add_/layer3/layer3.1/relu_2/Relu_kernel_time,27.503,0.606267,0.141,resnet50,0.013517,49,onnxrt_cuda,60,ok,3.501673
onnxruntime,99.999064,,onnx_node,FusedConv:/layer3/layer3.1/conv3/Conv_/layer3/layer3.1/Add_/layer3/layer3.1/relu_2/Relu_fence_after,0.001,0.001,0.001,resnet50,2.2e-05,129,onnxrt_cuda,1,ok,0.0
onnxruntime,99.999086,,onnx_node,FusedConv:/layer3/layer3.2/conv1/Conv_/layer3/layer3.2/relu/Relu_fence_before,0.001,0.001,0.001,resnet50,2.2e-05,130,onnxrt_cuda,5,ok,0.0
onnxruntime,99.950385,,onnx_node,FusedConv:/layer3/layer3.2/conv1/Conv_/layer3/layer3.2/relu/Relu_kernel_time,27.29,0.589733,0.128,resnet50,0.013148,54,onnxrt_cuda,60,ok,3.476098
onnxruntime,99.999108,,onnx_node,FusedConv:/layer3/layer3.2/conv1/Conv_/layer3/layer3.2/relu/Relu_fence_after,0.001,0.001,0.001,resnet50,2.2e-05,131,onnxrt_cuda,1,ok,0.0
onnxruntime,99.999131,,onnx_node,FusedConv:/layer3/layer3.2/conv2/Conv_/layer3/layer3.2/relu_1/Relu_fence_before,0.001,0.001,0.001,resnet50,2.2e-05,132,onnxrt_cuda,30,ok,0.0
onnxruntime,99.330777,,onnx_node,FusedConv:/layer3/layer3.2/conv2/Conv_/layer3/layer3.2/relu_1/Relu_kernel_time,43.186,0.931217,0.197,resnet50,0.020761,17,onnxrt_cuda,60,ok,5.501135
onnxruntime,99.999153,,onnx_node,FusedConv:/layer3/layer3.2/conv2/Conv_/layer3/layer3.2/relu_1/Relu_fence_after,0.001,0.001,0.001,resnet50,2.2e-05,133,onnxrt_cuda,2,ok,0.0
onnxruntime,99.997835,,onnx_node,FusedConv:/layer3/layer3.2/conv3/Conv_/layer3/layer3.2/Add_/layer3/layer3.2/relu_2/Relu_fence_before,0.002,0.00104,0.001,resnet50,2.3e-05,74,onnxrt_cuda,25,ok,0.000196
onnxruntime,99.923945,,onnx_node,FusedConv:/layer3/layer3.2/conv3/Conv_/layer3/layer3.2/Add_/layer3/layer3.2/relu_2/Relu_kernel_time,27.572,0.60055,0.135,resnet50,0.013389,52,onnxrt_cuda,60,ok,3.5114
onnxruntime,99.999175,,onnx_node,FusedConv:/layer3/layer3.2/conv3/Conv_/layer3/layer3.2/Add_/layer3/layer3.2/relu_2/Relu_fence_after,0.001,0.001,0.001,resnet50,2.2e-05,134,onnxrt_cuda,1,ok,0.0
onnxruntime,99.999197,,onnx_node,FusedConv:/layer3/layer3.3/conv1/Conv_/layer3/layer3.3/relu/Relu_fence_before,0.001,0.001,0.001,resnet50,2.2e-05,135,onnxrt_cuda,13,ok,0.0
onnxruntime,99.989605,,onnx_node,FusedConv:/layer3/layer3.3/conv1/Conv_/layer3/layer3.3/relu/Relu_kernel_time,27.342,0.585817,0.124,resnet50,0.013061,57,onnxrt_cuda,60,ok,3.483367
onnxruntime,99.99922,,onnx_node,FusedConv:/layer3/layer3.3/conv1/Conv_/layer3/layer3.3/relu/Relu_fence_after,0.001,0.001,0.001,resnet50,2.2e-05,136,onnxrt_cuda,1,ok,0.0
onnxruntime,99.372108,,onnx_node,FusedConv:/layer3/layer3.3/conv2/Conv_/layer3/layer3.3/relu_1/Relu_kernel_time,43.137,0.92535,0.191,resnet50,0.02063,19,onnxrt_cuda,60,ok,5.495498
onnxruntime,99.999242,,onnx_node,FusedConv:/layer3/layer3.3/conv2/Conv_/layer3/layer3.3/relu_1/Relu_fence_after,0.001,0.001,0.001,resnet50,2.2e-05,137,onnxrt_cuda,1,ok,0.0
onnxruntime,99.997606,,onnx_node,FusedConv:/layer3/layer3.3/conv3/Conv_/layer3/layer3.3/Add_/layer3/layer3.3/relu_2/Relu_fence_before,0.002,0.00125,0.001,resnet50,2.8e-05,65,onnxrt_cuda,4,ok,0.000433
onnxruntime,99.910556,,onnx_node,FusedConv:/layer3/layer3.3/conv3/Conv_/layer3/layer3.3/Add_/layer3/layer3.3/relu_2/Relu_kernel_time,27.48,0.6019,0.135,resnet50,0.013419,51,onnxrt_cuda,60,ok,3.499273
onnxruntime,99.999264,,onnx_node,FusedConv:/layer3/layer3.3/conv3/Conv_/layer3/layer3.3/Add_/layer3/layer3.3/relu_2/Relu_fence_after,0.001,0.001,0.001,resnet50,2.2e-05,138,onnxrt_cuda,1,ok,0.0
onnxruntime,99.999287,,onnx_node,FusedConv:/layer3/layer3.4/conv1/Conv_/layer3/layer3.4/relu/Relu_fence_before,0.001,0.001,0.001,resnet50,2.2e-05,139,onnxrt_cuda,8,ok,0.0
onnxruntime,99.976544,,onnx_node,FusedConv:/layer3/layer3.4/conv1/Conv_/layer3/layer3.4/relu/Relu_kernel_time,27.364,0.5862,0.123,resnet50,0.013069,56,onnxrt_cuda,60,ok,3.486177
onnxruntime,99.997549,,onnx_node,FusedConv:/layer3/layer3.4/conv1/Conv_/layer3/layer3.4/relu/Relu_fence_after,0.004,0.0025,0.001,resnet50,5.6e-05,63,onnxrt_cuda,2,ok,0.0015
onnxruntime,99.997858,,onnx_node,FusedConv:/layer3/layer3.4/conv2/Conv_/layer3/layer3.4/relu_1/Relu_fence_before,0.002,0.00104,0.001,resnet50,2.3e-05,75,onnxrt_cuda,25,ok,0.000196
onnxruntime,99.392733,,onnx_node,FusedConv:/layer3/layer3.4/conv2/Conv_/layer3/layer3.4/relu_1/Relu_kernel_time,43.074,0.925117,0.193,resnet50,0.020625,20,onnxrt_cuda,60,ok,5.487423
onnxruntime,99.999309,,onnx_node,FusedConv:/layer3/layer3.4/conv2/Conv_/layer3/layer3.4/relu_1/Relu_fence_after,0.001,0.001,0.001,resnet50,2.2e-05,140,onnxrt_cuda,2,ok,0.0
onnxruntime,99.997687,,onnx_node,FusedConv:/layer3/layer3.4/conv3/Conv_/layer3/layer3.4/Add_/layer3/layer3.4/relu_2/Relu_fence_before,0.003,0.001182,0.001,resnet50,2.6e-05,68,onnxrt_cuda,11,ok,0.000575
onnxruntime,99.937237,,onnx_node,FusedConv:/layer3/layer3.4/conv3/Conv_/layer3/layer3.4/Add_/layer3/layer3.4/relu_2/Relu_kernel_time,27.513,0.596183,0.131,resnet50,0.013292,53,onnxrt_cuda,60,ok,3.50429
onnxruntime,99.999331,,onnx_node,FusedConv:/layer3/layer3.4/conv3/Conv_/layer3/layer3.4/Add_/layer3/layer3.4/relu_2/Relu_fence_after,0.001,0.001,0.001,resnet50,2.2e-05,141,onnxrt_cuda,1,ok,0.0
onnxruntime,99.999353,,onnx_node,FusedConv:/layer3/layer3.5/conv1/Conv_/layer3/layer3.5/relu/Relu_fence_before,0.001,0.001,0.001,resnet50,2.2e-05,142,onnxrt_cuda,10,ok,0.0
onnxruntime,99.963475,,onnx_node,FusedConv:/layer3/layer3.5/conv1/Conv_/layer3/layer3.5/relu/Relu_kernel_time,27.299,0.587117,0.125,resnet50,0.01309,55,onnxrt_cuda,60,ok,3.477605
onnxruntime,99.999376,,onnx_node,FusedConv:/layer3/layer3.5/conv1/Conv_/layer3/layer3.5/relu/Relu_fence_after,0.001,0.001,0.001,resnet50,2.2e-05,143,onnxrt_cuda,1,ok,0.0
onnxruntime,99.999398,,onnx_node,FusedConv:/layer3/layer3.5/conv2/Conv_/layer3/layer3.5/relu_1/Relu_fence_before,0.001,0.001,0.001,resnet50,2.2e-05,144,onnxrt_cuda,34,ok,0.0
onnxruntime,99.310015,,onnx_node,FusedConv:/layer3/layer3.5/conv2/Conv_/layer3/layer3.5/relu_1/Relu_kernel_time,42.977,0.9314,0.193,resnet50,0.020765,16,onnxrt_cuda,60,ok,5.47391
onnxruntime,99.997634,,onnx_node,FusedConv:/layer3/layer3.5/conv2/Conv_/layer3/layer3.5/relu_1/Relu_fence_after,0.002,0.00125,0.001,resnet50,2.8e-05,66,onnxrt_cuda,4,ok,0.000433
onnxruntime,99.997788,,onnx_node,FusedConv:/layer3/layer3.5/conv3/Conv_/layer3/layer3.5/Add_/layer3/layer3.5/relu_2/Relu_fence_before,0.002,0.0011,0.001,resnet50,2.5e-05,72,onnxrt_cuda,10,ok,0.0003
onnxruntime,99.897137,,onnx_node,FusedConv:/layer3/layer3.5/conv3/Conv_/layer3/layer3.5/Add_/layer3/layer3.5/relu_2/Relu_kernel_time,27.511,0.603667,0.134,resnet50,0.013459,50,onnxrt_cuda,60,ok,3.503063
onnxruntime,99.99942,,onnx_node,FusedConv:/layer3/layer3.5/conv3/Conv_/layer3/layer3.5/Add_/layer3/layer3.5/relu_2/Relu_fence_after,0.001,0.001,0.001,resnet50,2.2e-05,145,onnxrt_cuda,1,ok,0.0
onnxruntime,99.999443,,onnx_node,FusedConv:/layer4/layer4.0/conv1/Conv_/layer4/layer4.0/relu/Relu_fence_before,0.001,0.001,0.001,resnet50,2.2e-05,146,onnxrt_cuda,10,ok,0.0
onnxruntime,99.841671,,onnx_node,FusedConv:/layer4/layer4.0/conv1/Conv_/layer4/layer4.0/relu/Relu_kernel_time,31.959,0.668167,0.129,resnet50,0.014897,46,onnxrt_cuda,60,ok,4.073722
onnxruntime,99.999465,,onnx_node,FusedConv:/layer4/layer4.0/conv1/Conv_/layer4/layer4.0/relu/Relu_fence_after,0.001,0.001,0.001,resnet50,2.2e-05,147,onnxrt_cuda,1,ok,0.0
onnxruntime,99.999487,,onnx_node,FusedConv:/layer4/layer4.0/conv2/Conv_/layer4/layer4.0/relu_1/Relu_fence_before,0.001,0.001,0.001,resnet50,2.2e-05,148,onnxrt_cuda,38,ok,0.0
onnxruntime,99.734467,,onnx_node,FusedConv:/layer4/layer4.0/conv2/Conv_/layer4/layer4.0/relu_1/Relu_kernel_time,36.335,0.73025,0.118,resnet50,0.016281,39,onnxrt_cuda,60,ok,4.635347
onnxruntime,99.99951,,onnx_node,FusedConv:/layer4/layer4.0/conv2/Conv_/layer4/layer4.0/relu_1/Relu_fence_after,0.001,0.001,0.001,resnet50,2.2e-05,149,onnxrt_cuda,1,ok,0.0
onnxruntime,99.999532,,onnx_node,Conv:/layer4/layer4.0/conv3/Conv_fence_before,0.001,0.001,0.001,resnet50,2.2e-05,150,onnxrt_cuda,27,ok,0.0
onnxruntime,99.268424,,onnx_node,Conv:/layer4/layer4.0/conv3/Conv_kernel_time,43.929,0.9463,0.204,resnet50,0.021098,14,onnxrt_cuda,60,ok,5.595883
onnxruntime,99.999554,,onnx_node,Conv:/layer4/layer4.0/conv3/Conv_fence_after,0.001,0.001,0.001,resnet50,2.2e-05,151,onnxrt_cuda,2,ok,0.0
onnxruntime,99.999576,,onnx_node,FusedConv:/layer4/layer4.0/downsample/downsample.0/Conv_/layer4/layer4.0/Add_/layer4/layer4.0/relu_2/Relu_fence_before,0.001,0.001,0.001,resnet50,2.2e-05,152,onnxrt_cuda,55,ok,0.0
onnxruntime,99.750154,,onnx_node,FusedConv:/layer4/layer4.0/downsample/downsample.0/Conv_/layer4/layer4.0/Add_/layer4/layer4.0/relu_2/Relu_kernel_time,34.509,0.70365,0.123,resnet50,0.015688,40,onnxrt_cuda,60,ok,4.401088
onnxruntime,99.999599,,onnx_node,FusedConv:/layer4/layer4.1/conv1/Conv_/layer4/layer4.1/relu/Relu_fence_before,0.001,0.001,0.001,resnet50,2.2e-05,153,onnxrt_cuda,19,ok,0.0
onnxruntime,99.125528,,onnx_node,FusedConv:/layer4/layer4.1/conv1/Conv_/layer4/layer4.1/relu/Relu_kernel_time,75.249,1.397283,0.134,resnet50,0.031152,8,onnxrt_cuda,60,ok,9.614694
onnxruntime,99.999621,,onnx_node,FusedConv:/layer4/layer4.1/conv1/Conv_/layer4/layer4.1/relu/Relu_fence_after,0.001,0.001,0.001,resnet50,2.2e-05,154,onnxrt_cuda,2,ok,0.0
onnxruntime,99.999643,,onnx_node,FusedConv:/layer4/layer4.1/conv2/Conv_/layer4/layer4.1/relu_1/Relu_fence_before,0.001,0.001,0.001,resnet50,2.2e-05,155,onnxrt_cuda,13,ok,0.0
onnxruntime,99.65062,,onnx_node,FusedConv:/layer4/layer4.1/conv2/Conv_/layer4/layer4.1/relu_1/Relu_kernel_time,39.125,0.768767,0.11,resnet50,0.01714,34,onnxrt_cuda,60,ok,4.993561
onnxruntime,99.999666,,onnx_node,FusedConv:/layer4/layer4.1/conv2/Conv_/layer4/layer4.1/relu_1/Relu_fence_after,0.001,0.001,0.001,resnet50,2.2e-05,156,onnxrt_cuda,1,ok,0.0
onnxruntime,99.999688,,onnx_node,FusedConv:/layer4/layer4.1/conv3/Conv_/layer4/layer4.1/Add_/layer4/layer4.1/relu_2/Relu_fence_before,0.001,0.001,0.001,resnet50,2.2e-05,157,onnxrt_cuda,11,ok,0.0
onnxruntime,99.509536,,onnx_node,FusedConv:/layer4/layer4.1/conv3/Conv_/layer4/layer4.1/Add_/layer4/layer4.1/relu_2/Relu_kernel_time,42.565,0.82225,0.108,resnet50,0.018332,26,onnxrt_cuda,60,ok,5.434449
onnxruntime,99.99971,,onnx_node,FusedConv:/layer4/layer4.1/conv3/Conv_/layer4/layer4.1/Add_/layer4/layer4.1/relu_2/Relu_fence_after,0.001,0.001,0.001,resnet50,2.2e-05,158,onnxrt_cuda,1,ok,0.0
onnxruntime,99.999732,,onnx_node,FusedConv:/layer4/layer4.2/conv1/Conv_/layer4/layer4.2/relu/Relu_fence_before,0.001,0.001,0.001,resnet50,2.2e-05,159,onnxrt_cuda,8,ok,0.0
onnxruntime,99.564209,,onnx_node,FusedConv:/layer4/layer4.2/conv1/Conv_/layer4/layer4.2/relu/Relu_kernel_time,40.879,0.8152,0.127,resnet50,0.018175,29,onnxrt_cuda,60,ok,5.215878
onnxruntime,99.999755,,onnx_node,FusedConv:/layer4/layer4.2/conv1/Conv_/layer4/layer4.2/relu/Relu_fence_after,0.001,0.001,0.001,resnet50,2.2e-05,160,onnxrt_cuda,1,ok,0.0
onnxruntime,99.999777,,onnx_node,FusedConv:/layer4/layer4.2/conv2/Conv_/layer4/layer4.2/relu_1/Relu_fence_before,0.001,0.001,0.001,resnet50,2.2e-05,161,onnxrt_cuda,12,ok,0.0
onnxruntime,99.684702,,onnx_node,FusedConv:/layer4/layer4.2/conv2/Conv_/layer4/layer4.2/relu_1/Relu_kernel_time,39.072,0.76005,0.104,resnet50,0.016945,36,onnxrt_cuda,60,ok,4.987794
onnxruntime,99.999799,,onnx_node,FusedConv:/layer4/layer4.2/conv2/Conv_/layer4/layer4.2/relu_1/Relu_fence_after,0.001,0.001,0.001,resnet50,2.2e-05,162,onnxrt_cuda,1,ok,0.0
onnxruntime,99.999822,,onnx_node,FusedConv:/layer4/layer4.2/conv3/Conv_/layer4/layer4.2/Add_/layer4/layer4.2/relu_2/Relu_fence_before,0.001,0.001,0.001,resnet50,2.2e-05,163,onnxrt_cuda,4,ok,0.0
onnxruntime,99.527846,,onnx_node,FusedConv:/layer4/layer4.2/conv3/Conv_/layer4/layer4.2/Add_/layer4/layer4.2/relu_2/Relu_kernel_time,42.515,0.82125,0.105,resnet50,0.01831,27,onnxrt_cuda,60,ok,5.428085
onnxruntime,99.999844,,onnx_node,FusedConv:/layer4/layer4.2/conv3/Conv_/layer4/layer4.2/Add_/layer4/layer4.2/relu_2/Relu_fence_after,0.001,0.001,0.001,resnet50,2.2e-05,164,onnxrt_cuda,1,ok,0.0
onnxruntime,99.999866,,onnx_node,GlobalAveragePool:/avgpool/GlobalAveragePool_fence_before,0.001,0.001,0.001,resnet50,2.2e-05,165,onnxrt_cuda,60,ok,0.0
onnxruntime,99.996934,,onnx_node,GlobalAveragePool:/avgpool/GlobalAveragePool_kernel_time,0.163,0.086417,0.08,resnet50,0.001927,60,onnxrt_cuda,60,ok,0.013399
onnxruntime,99.997426,,onnx_node,Flatten:/Flatten_kernel_time,0.03,0.022067,0.021,resnet50,0.000492,61,onnxrt_cuda,60,ok,0.001436
onnxruntime,99.992359,,onnx_node,Gemm:/fc/Gemm_kernel_time,0.41,0.123533,0.112,resnet50,0.002754,58,onnxrt_cuda,60,ok,0.037481
onnxruntime,97.544103,,onnx_node,SequentialExecutor::Execute,5886.278,111.582867,11.693,resnet50,2.487717,4,onnxrt_cuda,60,ok,751.89383
onnxruntime,95.056386,,onnx_node,model_run,5920.429,602.069617,509.168,resnet50,13.423018,3,onnxrt_cuda,60,ok,692.495773
onnxruntime,99.999889,,onnx_node,Flatten:/Flatten_fence_before,0.001,0.001,0.001,resnet50,2.2e-05,166,onnxrt_cuda,9,ok,0.0
onnxruntime,99.999911,,onnx_node,FusedConv:/layer3/layer3.3/conv2/Conv_/layer3/layer3.3/relu_1/Relu_fence_before,0.001,0.001,0.001,resnet50,2.2e-05,167,onnxrt_cuda,7,ok,0.0
onnxruntime,99.999933,,onnx_node,Gemm:/fc/Gemm_fence_before,0.001,0.001,0.001,resnet50,2.2e-05,168,onnxrt_cuda,7,ok,0.0
onnxruntime,99.999955,,onnx_node,FusedConv:/layer1/layer1.2/conv2/Conv_/layer1/layer1.2/relu_1/Relu_fence_after,0.001,0.001,0.001,resnet50,2.2e-05,169,onnxrt_cuda,4,ok,0.0
onnxruntime,99.999978,,onnx_node,GlobalAveragePool:/avgpool/GlobalAveragePool_fence_after,0.001,0.001,0.001,resnet50,2.2e-05,170,onnxrt_cuda,1,ok,0.0
onnxruntime,100.0,,onnx_node,FusedConv:/layer2/layer2.0/conv1/Conv_/layer2/layer2.0/relu/Relu_fence_after,0.001,0.001,0.001,resnet50,2.2e-05,171,onnxrt_cuda,1,ok,0.0
onnxruntime,99.999946,,onnx_node,model_loading_uri,159.974,159.974,159.974,resnet50,3.371421,5,onnxrt_trt,1,ok,0.0
onnxruntime,45.787923,,onnx_node,session_initialization,2172.638,2172.638,2172.638,resnet50,45.787923,1,onnxrt_trt,1,ok,0.0
onnxruntime,99.999979,,onnx_node,TRTKernel_graph_torch_jit_5675755077205369876_1:TensorrtExecutionProvider_TRTKernel_graph_torch_jit_5675755077205369876_1_0_fence_before,0.003,0.00155,0.001,resnet50,3.3e-05,6,onnxrt_trt,60,ok,0.00053
onnxruntime,96.628525,,onnx_node,TRTKernel_graph_torch_jit_5675755077205369876_1:TensorrtExecutionProvider_TRTKernel_graph_torch_jit_5675755077205369876_1_0_kernel_time,47076.656,786.7156,1.998,resnet50,16.579878,4,onnxrt_trt,60,ok,6026.436931
onnxruntime,100.0,,onnx_node,TRTKernel_graph_torch_jit_5675755077205369876_1:TensorrtExecutionProvider_TRTKernel_graph_torch_jit_5675755077205369876_1_0_fence_after,0.001,0.001,0.001,resnet50,2.1e-05,7,onnxrt_trt,13,ok,0.0
onnxruntime,80.048647,,onnx_node,SequentialExecutor::Execute,47076.814,786.7999,2.085,resnet50,16.581655,3,onnxrt_trt,60,ok,6026.446526
onnxruntime,63.466993,,onnx_node,model_run,47135.782,838.872267,53.927,resnet50,17.67907,2,onnxrt_trt,60,ok,6027.344262
,,benchmark_model not found. Set --tflite-benchmark-bin or TFLITE_BENCHMARK_MODEL_BIN.,,,,,,resnet50,,,tflite_cpu,0,error,
,,benchmark_model not found. Set --tflite-benchmark-bin or TFLITE_BENCHMARK_MODEL_BIN.,,,,,,resnet50,,,tflite_gpu,0,error,
ncnn,7.609728,,ncnn_layer,Convolution:/conv1/Conv,14.34,14.165588,14.13,resnet50,3.802496,2,ncnn_cpu,68,ok,0.031547
ncnn,97.249165,,ncnn_layer,ReLU:/relu/Relu,0.74,0.658382,0.64,resnet50,0.176731,62,ncnn_cpu,68,ok,0.018912
ncnn,95.314522,,ncnn_layer,Pooling:/maxpool/MaxPool,1.48,1.354706,1.33,resnet50,0.363646,54,ncnn_cpu,68,ok,0.026148
ncnn,99.996961,,ncnn_layer,Split:splitncnn_0,0.01,0.003676,0.0,resnet50,0.000987,125,ncnn_cpu,68,ok,0.004822
ncnn,94.950875,,ncnn_layer,Convolution:/layer1/layer1.0/conv1/Conv,1.89,1.798971,1.61,resnet50,0.482901,53,ncnn_cpu,68,ok,0.080131
ncnn,99.529495,,ncnn_layer,ReLU:/layer1/layer1.0/relu/Relu,0.21,0.152059,0.14,resnet50,0.040817,92,ncnn_cpu,68,ok,0.013886
ncnn,63.13159,,ncnn_layer,Convolution:/layer1/layer1.0/conv2/Conv,5.58,5.457647,5.38,resnet50,1.465007,29,ncnn_cpu,68,ok,0.051281
ncnn,99.406292,,ncnn_layer,ReLU:/layer1/layer1.0/relu_1/Relu,0.2,0.157353,0.15,resnet50,0.042239,89,ncnn_cpu,68,ok,0.01009
ncnn,51.213174,,ncnn_layer,Convolution:/layer1/layer1.0/conv3/Conv,5.7,5.603824,5.55,resnet50,1.504245,21,ncnn_cpu,68,ok,0.040946
ncnn,42.055975,,ncnn_layer,Convolution:/layer1/layer1.0/downsample/downsample.0/Conv,6.02,5.903529,5.84,resnet50,1.584695,15,ncnn_cpu,68,ok,0.025133
ncnn,95.657483,,ncnn_layer,BinaryOp:/layer1/layer1.0/Add,2.28,1.277647,1.23,resnet50,0.342961,55,ncnn_cpu,68,ok,0.124937
ncnn,96.894006,,ncnn_layer,ReLU:/layer1/layer1.0/relu_2/Relu,0.71,0.667647,0.65,resnet50,0.179218,60,ncnn_cpu,68,ok,0.01628
ncnn,99.994197,,ncnn_layer,Split:splitncnn_1,0.03,0.006618,0.0,resnet50,0.001776,123,ncnn_cpu,68,ok,0.005586
ncnn,40.471279,,ncnn_layer,Convolution:/layer1/layer1.1/conv1/Conv,6.49,6.319412,6.28,resnet50,1.696332,14,ncnn_cpu,68,ok,0.028069
ncnn,99.364054,,ncnn_layer,ReLU:/layer1/layer1.1/relu/Relu,0.18,0.160588,0.15,resnet50,0.043107,88,ncnn_cpu,68,ok,0.006155
ncnn,66.012653,,ncnn_layer,Convolution:/layer1/layer1.1/conv2/Conv,5.4,5.343382,5.3,resnet50,1.434334,31,ncnn_cpu,68,ok,0.023428
ncnn,99.488677,,ncnn_layer,ReLU:/layer1/layer1.1/relu_1/Relu,0.19,0.152794,0.15,resnet50,0.041015,91,ncnn_cpu,68,ok,0.007039
ncnn,55.710553,,ncnn_layer,Convolution:/layer1/layer1.1/conv3/Conv,5.7,5.581618,5.51,resnet50,1.498284,24,ncnn_cpu,68,ok,0.049753
ncnn,96.331523,,ncnn_layer,BinaryOp:/layer1/layer1.1/Add,1.36,1.249559,1.23,resnet50,0.335421,57,ncnn_cpu,68,ok,0.022455
ncnn,96.714789,,ncnn_layer,ReLU:/layer1/layer1.1/relu_2/Relu,0.74,0.673088,0.66,resnet50,0.180678,59,ncnn_cpu,68,ok,0.018089
ncnn,99.995974,,ncnn_layer,Split:splitncnn_2,0.04,0.006618,0.0,resnet50,0.001776,124,ncnn_cpu,68,ok,0.006327
ncnn,38.774947,,ncnn_layer,Convolution:/layer1/layer1.2/conv1/Conv,6.65,6.366618,6.33,resnet50,1.709003,13,ncnn_cpu,68,ok,0.039055
ncnn,99.320947,,ncnn_layer,ReLU:/layer1/layer1.2/relu/Relu,0.19,0.160735,0.15,resnet50,0.043146,87,ncnn_cpu,68,ok,0.006712
ncnn,64.578319,,ncnn_layer,Convolution:/layer1/layer1.2/conv2/Conv,5.82,5.389559,5.33,resnet50,1.44673,30,ncnn_cpu,68,ok,0.061152
ncnn,99.447662,,ncnn_layer,ReLU:/layer1/layer1.2/relu_1/Relu,0.19,0.154118,0.15,resnet50,0.04137,90,ncnn_cpu,68,ok,0.01018
ncnn,57.208442,,ncnn_layer,Convolution:/layer1/layer1.2/conv3/Conv,5.66,5.580147,5.52,resnet50,1.497889,25,ncnn_cpu,68,ok,0.048583
ncnn,95.996102,,ncnn_layer,BinaryOp:/layer1/layer1.2/Add,1.31,1.261471,1.24,resnet50,0.338619,56,ncnn_cpu,68,ok,0.019798
ncnn,97.072435,,ncnn_layer,ReLU:/layer1/layer1.2/relu_2/Relu,0.72,0.664706,0.65,resnet50,0.178428,61,ncnn_cpu,68,ok,0.014294
ncnn,99.992421,,ncnn_layer,Split:splitncnn_3,0.01,0.006765,0.0,resnet50,0.001816,122,ncnn_cpu,68,ok,0.004678
ncnn,21.015493,,ncnn_layer,Convolution:/layer2/layer2.0/conv1/Conv,11.93,11.532941,11.46,resnet50,3.095809,6,ncnn_cpu,68,ok,0.063687
ncnn,98.457464,,ncnn_layer,ReLU:/layer2/layer2.0/relu/Relu,0.36,0.321324,0.31,resnet50,0.086254,72,ncnn_cpu,68,ok,0.009986
ncnn,3.807233,,ncnn_layer,Convolution:/layer2/layer2.0/conv2/Conv,15.68,14.183235,14.01,resnet50,3.807233,1,ncnn_cpu,68,ok,0.252816
ncnn,99.65925,,ncnn_layer,ReLU:/layer2/layer2.0/relu_1/Relu,0.11,0.082059,0.08,resnet50,0.022027,97,ncnn_cpu,68,ok,0.005017
ncnn,71.730095,,ncnn_layer,Convolution:/layer2/layer2.0/conv3/Conv,5.51,5.319118,5.3,resnet50,1.427821,35,ncnn_cpu,68,ok,0.027372
ncnn,17.919684,,ncnn_layer,Convolution:/layer2/layer2.0/downsample/downsample.0/Conv,11.78,11.733676,11.6,resnet50,3.149693,5,ncnn_cpu,68,ok,0.028487
ncnn,97.421712,,ncnn_layer,BinaryOp:/layer2/layer2.0/Add,0.68,0.642794,0.62,resnet50,0.172546,63,ncnn_cpu,68,ok,0.015034
ncnn,98.371211,,ncnn_layer,ReLU:/layer2/layer2.0/relu_2/Relu,0.37,0.322941,0.31,resnet50,0.086688,71,ncnn_cpu,68,ok,0.010718
ncnn,99.998855,,ncnn_layer,Split:splitncnn_4,0.01,0.002206,0.0,resnet50,0.000592,128,ncnn_cpu,68,ok,0.004146
ncnn,46.692781,,ncnn_layer,Convolution:/layer2/layer2.1/conv1/Conv,5.9,5.7525,5.66,resnet50,1.544154,18,ncnn_cpu,68,ok,0.030553
ncnn,99.766267,,ncnn_layer,ReLU:/layer2/layer2.1/relu/Relu,0.1,0.075,0.07,resnet50,0.020132,102,ncnn_cpu,68,ok,0.006063
ncnn,93.340994,,ncnn_layer,Convolution:/layer2/layer2.1/conv2/Conv,4.51,4.214706,4.14,resnet50,1.131362,51,ncnn_cpu,68,ok,0.043537
ncnn,99.703067,,ncnn_layer,ReLU:/layer2/layer2.1/relu_1/Relu,0.11,0.081176,0.08,resnet50,0.02179,99,ncnn_cpu,68,ok,0.005294
ncnn,68.873545,,ncnn_layer,Convolution:/layer2/layer2.1/conv3/Conv,5.53,5.328824,5.31,resnet50,1.430426,33,ncnn_cpu,68,ok,0.031414
ncnn,97.934022,,ncnn_layer,BinaryOp:/layer2/layer2.1/Add,0.73,0.634706,0.62,resnet50,0.170375,66,ncnn_cpu,68,ok,0.017529
ncnn,98.022052,,ncnn_layer,ReLU:/layer2/layer2.1/relu_2/Relu,0.38,0.327941,0.32,resnet50,0.08803,67,ncnn_cpu,68,ok,0.012783
ncnn,99.997632,,ncnn_layer,Split:splitncnn_5,0.01,0.0025,0.0,resnet50,0.000671,126,ncnn_cpu,68,ok,0.00433
ncnn,45.148626,,ncnn_layer,Convolution:/layer2/layer2.2/conv1/Conv,5.94,5.757059,5.65,resnet50,1.545378,17,ncnn_cpu,68,ok,0.037458
ncnn,99.786163,,ncnn_layer,ReLU:/layer2/layer2.2/relu/Relu,0.11,0.074118,0.07,resnet50,0.019896,103,ncnn_cpu,68,ok,0.00691
ncnn,94.467974,,ncnn_layer,Convolution:/layer2/layer2.2/conv2/Conv,4.3,4.198382,4.14,resnet50,1.12698,52,ncnn_cpu,68,ok,0.022003
ncnn,99.72466,,ncnn_layer,ReLU:/layer2/layer2.2/relu_1/Relu,0.1,0.080441,0.08,resnet50,0.021593,100,ncnn_cpu,68,ok,0.002676
ncnn,67.443119,,ncnn_layer,Convolution:/layer2/layer2.2/conv3/Conv,5.54,5.328971,5.31,resnet50,1.430466,32,ncnn_cpu,68,ok,0.032137
ncnn,97.592758,,ncnn_layer,BinaryOp:/layer2/layer2.2/Add,0.69,0.637206,0.62,resnet50,0.171046,64,ncnn_cpu,68,ok,0.016436
ncnn,98.110082,,ncnn_layer,ReLU:/layer2/layer2.2/relu_2/Relu,0.49,0.327941,0.32,resnet50,0.08803,68,ncnn_cpu,68,ok,0.022266
ncnn,99.998263,,ncnn_layer,Split:splitncnn_6,0.01,0.002353,0.0,resnet50,0.000632,127,ncnn_cpu,68,ok,0.004242
ncnn,43.603248,,ncnn_layer,Convolution:/layer2/layer2.3/conv1/Conv,5.97,5.764118,5.71,resnet50,1.547273,16,ncnn_cpu,68,ok,0.039341
ncnn,99.80594,,ncnn_layer,ReLU:/layer2/layer2.3/relu/Relu,0.09,0.073676,0.07,resnet50,0.019777,104,ncnn_cpu,68,ok,0.005397
ncnn,92.209633,,ncnn_layer,Convolution:/layer2/layer2.3/conv2/Conv,4.32,4.229706,4.16,resnet50,1.135388,50,ncnn_cpu,68,ok,0.018066
ncnn,99.681277,,ncnn_layer,ReLU:/layer2/layer2.3/relu_1/Relu,0.11,0.082059,0.08,resnet50,0.022027,98,ncnn_cpu,68,ok,0.007186
ncnn,70.302274,,ncnn_layer,Convolution:/layer2/layer2.3/conv3/Conv,5.38,5.3225,5.3,resnet50,1.428729,34,ncnn_cpu,68,ok,0.013545
ncnn,97.763647,,ncnn_layer,BinaryOp:/layer2/layer2.3/Add,0.67,0.636618,0.62,resnet50,0.170889,65,ncnn_cpu,68,ok,0.015108
ncnn,98.197362,,ncnn_layer,ReLU:/layer2/layer2.3/relu_2/Relu,0.37,0.325147,0.32,resnet50,0.08728,69,ncnn_cpu,68,ok,0.009624
ncnn,99.99925,,ncnn_layer,Split:splitncnn_7,0.01,0.001471,0.0,resnet50,0.000395,129,ncnn_cpu,68,ok,0.003542
ncnn,23.968283,,ncnn_layer,Convolution:/layer3/layer3.0/conv1/Conv,11.33,11.000147,10.88,resnet50,2.95279,7,ncnn_cpu,68,ok,0.058874
ncnn,99.570075,,ncnn_layer,ReLU:/layer3/layer3.0/relu/Relu,0.18,0.151176,0.14,resnet50,0.04058,93,ncnn_cpu,68,ok,0.005565
ncnn,14.769991,,ncnn_layer,Convolution:/layer3/layer3.0/conv2/Conv,13.25,13.171029,13.06,resnet50,3.535524,4,ncnn_cpu,68,ok,0.033437
ncnn,99.837481,,ncnn_layer,ReLU:/layer3/layer3.0/relu_1/Relu,0.05,0.046912,0.04,resnet50,0.012593,106,ncnn_cpu,68,ok,0.00462
ncnn,77.40739,,ncnn_layer,Convolution:/layer3/layer3.0/conv3/Conv,5.48,5.275441,5.25,resnet50,1.416097,39,ncnn_cpu,68,ok,0.037669
ncnn,26.899797,,ncnn_layer,Convolution:/layer3/layer3.0/downsample/downsample.0/Conv,11.07,10.920882,10.84,resnet50,2.931513,8,ncnn_cpu,68,ok,0.059303
ncnn,98.284523,,ncnn_layer,BinaryOp:/layer3/layer3.0/Add,0.36,0.324706,0.31,resnet50,0.087161,70,ncnn_cpu,68,ok,0.012773
ncnn,99.234614,,ncnn_layer,ReLU:/layer3/layer3.0/relu_2/Relu,0.19,0.161176,0.16,resnet50,0.043265,85,ncnn_cpu,68,ok,0.005294
ncnn,99.999882,,ncnn_layer,Split:splitncnn_8,0.01,0.000441,0.0,resnet50,0.000118,133,ncnn_cpu,68,ok,0.002054
ncnn,58.705937,,ncnn_layer,Convolution:/layer3/layer3.1/conv1/Conv,5.7,5.578676,5.55,resnet50,1.497495,26,ncnn_cpu,68,ok,0.028123
ncnn,99.919471,,ncnn_layer,ReLU:/layer3/layer3.1/relu/Relu,0.06,0.040294,0.04,resnet50,0.010816,113,ncnn_cpu,68,ok,0.002407
ncnn,91.074245,,ncnn_layer,Convolution:/layer3/layer3.1/conv2/Conv,5.01,4.921029,4.89,resnet50,1.320961,49,ncnn_cpu,68,ok,0.023082
ncnn,99.861797,,ncnn_layer,ReLU:/layer3/layer3.1/relu_1/Relu,0.05,0.045,0.04,resnet50,0.012079,108,ncnn_cpu,68,ok,0.005
ncnn,80.230623,,ncnn_layer,Convolution:/layer3/layer3.1/conv3/Conv,5.29,5.254706,5.23,resnet50,1.410531,41,ncnn_cpu,68,ok,0.01091
ncnn,98.795255,,ncnn_layer,BinaryOp:/layer3/layer3.1/Add,0.34,0.312206,0.3,resnet50,0.083806,76,ncnn_cpu,68,ok,0.00783
ncnn,99.2778,,ncnn_layer,ReLU:/layer3/layer3.1/relu_2/Relu,0.17,0.160882,0.16,resnet50,0.043186,86,ncnn_cpu,68,ok,0.002836
ncnn,99.999921,,ncnn_layer,Split:splitncnn_9,0.01,0.000147,0.0,resnet50,3.9e-05,134,ncnn_cpu,68,ok,0.001204
ncnn,48.201092,,ncnn_layer,Convolution:/layer3/layer3.2/conv1/Conv,5.7,5.618971,5.52,resnet50,1.508311,19,ncnn_cpu,68,ok,0.02707
ncnn,99.930208,,ncnn_layer,ReLU:/layer3/layer3.2/relu/Relu,0.04,0.04,0.04,resnet50,0.010737,114,ncnn_cpu,68,ok,0.0
ncnn,87.108716,,ncnn_layer,Convolution:/layer3/layer3.2/conv2/Conv,4.98,4.9325,4.91,resnet50,1.32404,46,ncnn_cpu,68,ok,0.017352
ncnn,99.873877,,ncnn_layer,ReLU:/layer3/layer3.2/relu_1/Relu,0.05,0.045,0.04,resnet50,0.012079,109,ncnn_cpu,68,ok,0.005
ncnn,78.820092,,ncnn_layer,Convolution:/layer3/layer3.2/conv3/Conv,5.88,5.262794,5.23,resnet50,1.412702,40,ncnn_cpu,68,ok,0.08278
ncnn,98.627564,,ncnn_layer,BinaryOp:/layer3/layer3.2/Add,0.47,0.316765,0.31,resnet50,0.08503,74,ncnn_cpu,68,ok,0.02054
ncnn,99.10407,,ncnn_layer,ReLU:/layer3/layer3.2/relu_2/Relu,0.2,0.163676,0.16,resnet50,0.043936,82,ncnn_cpu,68,ok,0.010276
ncnn,99.999961,,ncnn_layer,Split:splitncnn_10,0.01,0.000147,0.0,resnet50,3.9e-05,135,ncnn_cpu,68,ok,0.001204
ncnn,54.212269,,ncnn_layer,Convolution:/layer3/layer3.3/conv1/Conv,5.78,5.586029,5.56,resnet50,1.499468,23,ncnn_cpu,68,ok,0.029363
ncnn,99.940945,,ncnn_layer,ReLU:/layer3/layer3.3/relu/Relu,0.04,0.04,0.04,resnet50,0.010737,115,ncnn_cpu,68,ok,0.0
ncnn,85.784676,,ncnn_layer,Convolution:/layer3/layer3.3/conv2/Conv,5.06,4.966029,4.94,resnet50,1.333041,45,ncnn_cpu,68,ok,0.021014
ncnn,99.897759,,ncnn_layer,ReLU:/layer3/layer3.3/relu_1/Relu,0.05,0.043971,0.04,resnet50,0.011803,111,ncnn_cpu,68,ok,0.004893
ncnn,81.640917,,ncnn_layer,Convolution:/layer3/layer3.3/conv3/Conv,5.47,5.253824,5.23,resnet50,1.410294,42,ncnn_cpu,68,ok,0.029307
ncnn,98.711449,,ncnn_layer,BinaryOp:/layer3/layer3.3/Add,0.35,0.3125,0.3,resnet50,0.083885,75,ncnn_cpu,68,ok,0.009452
ncnn,99.14773,,ncnn_layer,ReLU:/layer3/layer3.3/relu_2/Relu,0.21,0.162647,0.16,resnet50,0.04366,83,ncnn_cpu,68,ok,0.007787
ncnn,100.0,,ncnn_layer,Split:splitncnn_11,0.01,0.000147,0.0,resnet50,3.9e-05,136,ncnn_cpu,68,ok,0.001204
ncnn,49.708929,,ncnn_layer,Convolution:/layer3/layer3.4/conv1/Conv,5.78,5.617206,5.55,resnet50,1.507837,20,ncnn_cpu,68,ok,0.032351
ncnn,99.908655,,ncnn_layer,ReLU:/layer3/layer3.4/relu/Relu,0.06,0.040588,0.04,resnet50,0.010895,112,ncnn_cpu,68,ok,0.003379
ncnn,88.432086,,ncnn_layer,Convolution:/layer3/layer3.4/conv2/Conv,6.24,4.93,4.89,resnet50,1.323369,47,ncnn_cpu,68,ok,0.161364
ncnn,99.885956,,ncnn_layer,ReLU:/layer3/layer3.4/relu_1/Relu,0.06,0.045,0.04,resnet50,0.012079,110,ncnn_cpu,68,ok,0.005286
ncnn,83.04675,,ncnn_layer,Convolution:/layer3/layer3.4/conv3/Conv,5.35,5.237206,5.21,resnet50,1.405833,43,ncnn_cpu,68,ok,0.019841
ncnn,98.542534,,ncnn_layer,BinaryOp:/layer3/layer3.4/Add,0.35,0.316912,0.3,resnet50,0.085069,73,ncnn_cpu,68,ok,0.011664
ncnn,99.19135,,ncnn_layer,ReLU:/layer3/layer3.4/relu_2/Relu,0.2,0.1625,0.16,resnet50,0.04362,84,ncnn_cpu,68,ok,0.008467
ncnn,99.999448,,ncnn_layer,Split:splitncnn_12,0.01,0.000735,0.0,resnet50,0.000197,130,ncnn_cpu,68,ok,0.00261
ncnn,52.7128,,ncnn_layer,Convolution:/layer3/layer3.5/conv1/Conv,5.66,5.586618,5.56,resnet50,1.499626,22,ncnn_cpu,68,ok,0.020408
ncnn,99.951683,,ncnn_layer,ReLU:/layer3/layer3.5/relu/Relu,0.04,0.04,0.04,resnet50,0.010737,116,ncnn_cpu,68,ok,0.0
ncnn,89.753284,,ncnn_layer,Convolution:/layer3/layer3.5/conv2/Conv,5.01,4.921912,4.89,resnet50,1.321198,48,ncnn_cpu,68,ok,0.021913
ncnn,99.849718,,ncnn_layer,ReLU:/layer3/layer3.5/relu_1/Relu,0.06,0.045588,0.04,resnet50,0.012237,107,ncnn_cpu,68,ok,0.005253
ncnn,84.451635,,ncnn_layer,Convolution:/layer3/layer3.5/conv3/Conv,5.29,5.233676,5.21,resnet50,1.404886,44,ncnn_cpu,68,ok,0.015521
ncnn,98.878784,,ncnn_layer,BinaryOp:/layer3/layer3.5/Add,0.35,0.311176,0.3,resnet50,0.08353,77,ncnn_cpu,68,ok,0.006758
ncnn,99.060134,,ncnn_layer,ReLU:/layer3/layer3.5/relu_2/Relu,0.21,0.163971,0.16,resnet50,0.044015,81,ncnn_cpu,68,ok,0.009873
ncnn,99.999605,,ncnn_layer,Split:splitncnn_13,0.01,0.000588,0.0,resnet50,0.000158,131,ncnn_cpu,68,ok,0.002353
ncnn,32.723229,,ncnn_layer,Convolution:/layer4/layer4.0/conv1/Conv,10.88,10.789853,10.65,resnet50,2.896341,10,ncnn_cpu,68,ok,0.029828
ncnn,99.746135,,ncnn_layer,ReLU:/layer4/layer4.0/relu/Relu,0.1,0.08,0.07,resnet50,0.021475,101,ncnn_cpu,68,ok,0.00297
ncnn,11.234467,,ncnn_layer,Convolution:/layer4/layer4.0/conv2/Conv,14.11,13.503382,13.41,resnet50,3.624738,3,ncnn_cpu,68,ok,0.089715
ncnn,99.959814,,ncnn_layer,ReLU:/layer4/layer4.0/relu_1/Relu,0.05,0.030294,0.03,resnet50,0.008132,117,ncnn_cpu,68,ok,0.002407
ncnn,74.572631,,ncnn_layer,Convolution:/layer4/layer4.0/conv3/Conv,5.48,5.294412,5.27,resnet50,1.421189,37,ncnn_cpu,68,ok,0.0267
ncnn,29.826889,,ncnn_layer,Convolution:/layer4/layer4.0/downsample/downsample.0/Conv,11.84,10.904412,10.8,resnet50,2.927092,9,ncnn_cpu,68,ok,0.121527
ncnn,98.925444,,ncnn_layer,BinaryOp:/layer4/layer4.0/Add,0.22,0.173824,0.17,resnet50,0.04666,78,ncnn_cpu,68,ok,0.008049
ncnn,99.637223,,ncnn_layer,ReLU:/layer4/layer4.0/relu_2/Relu,0.11,0.082794,0.08,resnet50,0.022225,96,ncnn_cpu,68,ok,0.006827
ncnn,99.999763,,ncnn_layer,Split:splitncnn_14,0.03,0.000588,0.0,resnet50,0.000158,132,ncnn_cpu,68,ok,0.003789
ncnn,61.666583,,ncnn_layer,Convolution:/layer4/layer4.1/conv1/Conv,7.17,5.512941,5.46,resnet50,1.479849,28,ncnn_cpu,68,ok,0.203492
ncnn,99.983657,,ncnn_layer,ReLU:/layer4/layer4.1/relu/Relu,0.03,0.028529,0.02,resnet50,0.007658,120,ncnn_cpu,68,ok,0.003542
ncnn,37.065944,,ncnn_layer,Convolution:/layer4/layer4.1/conv2/Conv,10.81,8.074559,7.95,resnet50,2.167469,12,ncnn_cpu,68,ok,0.33617
ncnn,99.967946,,ncnn_layer,ReLU:/layer4/layer4.1/relu_1/Relu,0.05,0.030294,0.03,resnet50,0.008132,118,ncnn_cpu,68,ok,0.002407
ncnn,75.991294,,ncnn_layer,Convolution:/layer4/layer4.1/conv3/Conv,5.67,5.285,5.26,resnet50,1.418663,38,ncnn_cpu,68,ok,0.048522
ncnn,98.971472,,ncnn_layer,BinaryOp:/layer4/layer4.1/Add,0.23,0.171471,0.16,resnet50,0.046028,79,ncnn_cpu,68,ok,0.01179
ncnn,99.614998,,ncnn_layer,ReLU:/layer4/layer4.1/relu_2/Relu,0.11,0.083235,0.08,resnet50,0.022343,95,ncnn_cpu,68,ok,0.005542
ncnn,100.0,,ncnn_layer,Split:splitncnn_15,0.0,0.0,0.0,resnet50,0.0,137,ncnn_cpu,68,ok,0.0
ncnn,60.186734,,ncnn_layer,Convolution:/layer4/layer4.2/conv1/Conv,6.35,5.516471,5.47,resnet50,1.480797,27,ncnn_cpu,68,ok,0.103409
ncnn,99.990605,,ncnn_layer,ReLU:/layer4/layer4.2/relu/Relu,0.03,0.025882,0.02,resnet50,0.006948,121,ncnn_cpu,68,ok,0.004922
ncnn,34.898475,,ncnn_layer,Convolution:/layer4/layer4.2/conv2/Conv,10.95,8.103529,8.01,resnet50,2.175246,11,ncnn_cpu,68,ok,0.349427
ncnn,99.975999,,ncnn_layer,ReLU:/layer4/layer4.2/relu_1/Relu,0.03,0.03,0.03,resnet50,0.008053,119,ncnn_cpu,68,ok,0.0
ncnn,73.151442,,ncnn_layer,Convolution:/layer4/layer4.2/conv3/Conv,5.52,5.295,5.27,resnet50,1.421347,36,ncnn_cpu,68,ok,0.034364
ncnn,99.016119,,ncnn_layer,BinaryOp:/layer4/layer4.2/Add,0.2,0.166324,0.16,resnet50,0.044647,80,ncnn_cpu,68,ok,0.007257
ncnn,99.592655,,ncnn_layer,ReLU:/layer4/layer4.2/relu_2/Relu,0.12,0.084118,0.08,resnet50,0.02258,94,ncnn_cpu,68,ok,0.006694
ncnn,99.824888,,ncnn_layer,Pooling:/avgpool/GlobalAveragePool,0.1,0.070588,0.07,resnet50,0.018948,105,ncnn_cpu,68,ok,0.003789
ncnn,100.0,,ncnn_layer,Flatten:/Flatten,0.0,0.0,0.0,resnet50,0.0,138,ncnn_cpu,68,ok,0.0
ncnn,96.53411,,ncnn_layer,InnerProduct:/fc/Gemm,0.82,0.754706,0.72,resnet50,0.202587,58,ncnn_cpu,68,ok,0.027625
ncnn,8.942559,,ncnn_layer,Convolution:/conv1/Conv,7.95458,7.941515,7.92245,resnet50,8.942559,1,ncnn_vulkan,70,ok,0.006976
ncnn,96.167969,,ncnn_layer,ReLU:/relu/Relu,0.20943,0.206689,0.2038,resnet50,0.232743,59,ncnn_vulkan,70,ok,0.001168
ncnn,94.820614,,ncnn_layer,Pooling:/maxpool/MaxPool,0.40573,0.396749,0.38984,resnet50,0.44676,54,ncnn_vulkan,70,ok,0.003626
ncnn,99.995805,,ncnn_layer,Split:splitncnn_0,0.00036,0.000342,0.00031,resnet50,0.000385,127,ncnn_vulkan,70,ok,2.4e-05
ncnn,95.935226,,ncnn_layer,Convolution:/layer1/layer1.0/conv1/Conv,0.24839,0.246818,0.24536,resnet50,0.27793,58,ncnn_vulkan,70,ok,0.00066
ncnn,98.848461,,ncnn_layer,ReLU:/layer1/layer1.0/relu/Relu,0.05422,0.052815,0.05156,resnet50,0.059472,83,ncnn_vulkan,70,ok,0.000588
ncnn,77.068919,,ncnn_layer,Convolution:/layer1/layer1.0/conv2/Conv,0.95719,0.950169,0.94052,resnet50,1.06994,36,ncnn_vulkan,70,ok,0.003349
ncnn,98.729309,,ncnn_layer,ReLU:/layer1/layer1.0/relu_1/Relu,0.05505,0.053476,0.05208,resnet50,0.060217,81,ncnn_vulkan,70,ok,0.000706
ncnn,75.99898,,ncnn_layer,Convolution:/layer1/layer1.0/conv3/Conv,0.95208,0.950625,0.9487,resnet50,1.070453,35,ncnn_vulkan,70,ok,0.000807
ncnn,80.274675,,ncnn_layer,Convolution:/layer1/layer1.0/downsample/downsample.0/Conv,0.95083,0.948363,0.94594,resnet50,1.067906,39,ncnn_vulkan,70,ok,0.000828
ncnn,95.657296,,ncnn_layer,BinaryOp:/layer1/layer1.0/Add,0.25255,0.247315,0.24568,resnet50,0.27849,57,ncnn_vulkan,70,ok,0.00103
ncnn,96.630017,,ncnn_layer,ReLU:/layer1/layer1.0/relu_2/Relu,0.20786,0.204708,0.20245,resnet50,0.230512,61,ncnn_vulkan,70,ok,0.001091
ncnn,99.998103,,ncnn_layer,Split:splitncnn_1,0.00036,0.000339,0.00031,resnet50,0.000382,133,ncnn_vulkan,70,ok,2.5e-05
ncnn,84.525574,,ncnn_layer,Convolution:/layer1/layer1.1/conv1/Conv,0.93667,0.933638,0.93135,resnet50,1.051325,43,ncnn_vulkan,70,ok,0.001257
ncnn,99.203889,,ncnn_layer,ReLU:/layer1/layer1.1/relu/Relu,0.0537,0.052149,0.05104,resnet50,0.058722,89,ncnn_vulkan,70,ok,0.000566
ncnn,78.138595,,ncnn_layer,Convolution:/layer1/layer1.1/conv2/Conv,0.95703,0.949935,0.94229,resnet50,1.069676,37,ncnn_vulkan,70,ok,0.003057
ncnn,98.608821,,ncnn_layer,ReLU:/layer1/layer1.1/relu_1/Relu,0.05479,0.053558,0.05234,resnet50,0.060309,79,ncnn_vulkan,70,ok,0.000536
ncnn,73.857885,,ncnn_layer,Convolution:/layer1/layer1.1/conv3/Conv,0.95307,0.950911,0.94922,resnet50,1.070775,33,ncnn_vulkan,70,ok,0.000819
ncnn,95.099813,,ncnn_layer,BinaryOp:/layer1/layer1.1/Add,0.25516,0.247945,0.24573,resnet50,0.279199,55,ncnn_vulkan,70,ok,0.001435
ncnn,96.399505,,ncnn_layer,ReLU:/layer1/layer1.1/relu_2/Relu,0.2087,0.205618,0.20286,resnet50,0.231537,60,ncnn_vulkan,70,ok,0.00131
ncnn,99.996572,,ncnn_layer,Split:splitncnn_2,0.00036,0.00034,0.00031,resnet50,0.000383,129,ncnn_vulkan,70,ok,2.4e-05
ncnn,85.576859,,ncnn_layer,Convolution:/layer1/layer1.2/conv1/Conv,0.93604,0.933602,0.93104,resnet50,1.051284,44,ncnn_vulkan,70,ok,0.001266
ncnn,99.320886,,ncnn_layer,ReLU:/layer1/layer1.2/relu/Relu,0.05323,0.051949,0.05036,resnet50,0.058497,91,ncnn_vulkan,70,ok,0.000523
ncnn,74.928526,,ncnn_layer,Convolution:/layer1/layer1.2/conv2/Conv,0.95703,0.950792,0.94385,resnet50,1.070641,34,ncnn_vulkan,70,ok,0.002816
ncnn,98.669092,,ncnn_layer,ReLU:/layer1/layer1.2/relu_1/Relu,0.05526,0.053524,0.05188,resnet50,0.060271,80,ncnn_vulkan,70,ok,0.000638
ncnn,72.78711,,ncnn_layer,Convolution:/layer1/layer1.2/conv3/Conv,0.95313,0.951281,0.94896,resnet50,1.071192,32,ncnn_vulkan,70,ok,0.000797
ncnn,95.378807,,ncnn_layer,BinaryOp:/layer1/layer1.2/Add,0.25448,0.247763,0.24573,resnet50,0.278994,56,ncnn_vulkan,70,ok,0.001258
ncnn,96.860475,,ncnn_layer,ReLU:/layer1/layer1.2/relu_2/Relu,0.20755,0.20466,0.2025,resnet50,0.230458,62,ncnn_vulkan,70,ok,0.001086
ncnn,99.999247,,ncnn_layer,Split:splitncnn_3,0.00036,0.000338,0.00031,resnet50,0.000381,136,ncnn_vulkan,70,ok,2.5e-05
ncnn,45.345109,,ncnn_layer,Convolution:/layer2/layer2.0/conv1/Conv,1.83922,1.836549,1.83349,resnet50,2.06805,10,ncnn_vulkan,70,ok,0.001321
ncnn,97.982475,,ncnn_layer,ReLU:/layer2/layer2.0/relu/Relu,0.10448,0.102527,0.10047,resnet50,0.115451,71,ncnn_vulkan,70,ok,0.000858
ncnn,30.151917,,ncnn_layer,Convolution:/layer2/layer2.0/conv2/Conv,4.09339,4.087717,4.08167,resnet50,4.602982,5,ncnn_vulkan,70,ok,0.002699
ncnn,99.567755,,ncnn_layer,ReLU:/layer2/layer2.0/relu_1/Relu,0.02818,0.026936,0.02589,resnet50,0.030331,98,ncnn_vulkan,70,ok,0.000495
ncnn,79.206769,,ncnn_layer,Convolution:/layer2/layer2.0/conv3/Conv,0.95677,0.948601,0.94646,resnet50,1.068174,38,ncnn_vulkan,70,ok,0.001325
ncnn,34.643892,,ncnn_layer,Convolution:/layer2/layer2.0/downsample/downsample.0/Conv,3.99276,3.989136,3.98573,resnet50,4.491974,6,ncnn_vulkan,70,ok,0.001559
ncnn,97.400632,,ncnn_layer,BinaryOp:/layer2/layer2.0/Add,0.12245,0.119286,0.11792,resnet50,0.134322,66,ncnn_vulkan,70,ok,0.000677
ncnn,97.750574,,ncnn_layer,ReLU:/layer2/layer2.0/relu_2/Relu,0.10536,0.103576,0.10193,resnet50,0.116632,69,ncnn_vulkan,70,ok,0.00081
ncnn,99.993545,,ncnn_layer,Split:splitncnn_4,0.00052,0.000503,0.00047,resnet50,0.000566,122,ncnn_vulkan,70,ok,2.4e-05
ncnn,69.541469,,ncnn_layer,Convolution:/layer2/layer2.1/conv1/Conv,0.97172,0.966796,0.96229,resnet50,1.088663,29,ncnn_vulkan,70,ok,0.002179
ncnn,99.7138,,ncnn_layer,ReLU:/layer2/layer2.1/relu/Relu,0.02672,0.025826,0.025,resnet50,0.029081,103,ncnn_vulkan,70,ok,0.000388
ncnn,86.603708,,ncnn_layer,Convolution:/layer2/layer2.1/conv2/Conv,0.91547,0.911902,0.90766,resnet50,1.026849,45,ncnn_vulkan,70,ok,0.001695
ncnn,99.655561,,ncnn_layer,ReLU:/layer2/layer2.1/relu_1/Relu,0.02734,0.025947,0.0249,resnet50,0.029218,101,ncnn_vulkan,70,ok,0.000558
ncnn,82.407977,,ncnn_layer,Convolution:/layer2/layer2.1/conv3/Conv,0.94948,0.947024,0.94432,resnet50,1.066398,41,ncnn_vulkan,70,ok,0.000907
ncnn,97.13136,,ncnn_layer,BinaryOp:/layer2/layer2.1/Add,0.12146,0.120254,0.11911,resnet50,0.135412,64,ncnn_vulkan,70,ok,0.000533
ncnn,97.867025,,ncnn_layer,ReLU:/layer2/layer2.1/relu_2/Relu,0.10521,0.103415,0.10161,resnet50,0.116451,70,ncnn_vulkan,70,ok,0.000766
ncnn,99.994102,,ncnn_layer,Split:splitncnn_5,0.00052,0.000494,0.00047,resnet50,0.000556,123,ncnn_vulkan,70,ok,2.5e-05
ncnn,70.628919,,ncnn_layer,Convolution:/layer2/layer2.2/conv1/Conv,0.97198,0.965719,0.96104,resnet50,1.08745,30,ncnn_vulkan,70,ok,0.002348
ncnn,99.597105,,ncnn_layer,ReLU:/layer2/layer2.2/relu/Relu,0.02708,0.026065,0.02505,resnet50,0.029351,99,ncnn_vulkan,70,ok,0.000452
ncnn,88.653952,,ncnn_layer,Convolution:/layer2/layer2.2/conv2/Conv,0.91375,0.910012,0.90547,resnet50,1.024721,47,ncnn_vulkan,70,ok,0.001579
ncnn,99.771871,,ncnn_layer,ReLU:/layer2/layer2.2/relu_1/Relu,0.02693,0.025753,0.02448,resnet50,0.028999,105,ncnn_vulkan,70,ok,0.000515
ncnn,83.47425,,ncnn_layer,Convolution:/layer2/layer2.2/conv3/Conv,0.94927,0.946912,0.94469,resnet50,1.066272,42,ncnn_vulkan,70,ok,0.000767
ncnn,97.26631,,ncnn_layer,BinaryOp:/layer2/layer2.2/Add,0.12083,0.119843,0.11854,resnet50,0.134949,65,ncnn_vulkan,70,ok,0.000457
ncnn,97.633942,,ncnn_layer,ReLU:/layer2/layer2.2/relu_2/Relu,0.10594,0.103595,0.10208,resnet50,0.116653,68,ncnn_vulkan,70,ok,0.000871
ncnn,99.996955,,ncnn_layer,Split:splitncnn_6,0.00036,0.00034,0.00031,resnet50,0.000383,130,ncnn_vulkan,70,ok,2.4e-05
ncnn,71.715918,,ncnn_layer,Convolution:/layer2/layer2.3/conv1/Conv,0.97052,0.965319,0.9599,resnet50,1.086999,31,ncnn_vulkan,70,ok,0.002064
ncnn,99.684719,,ncnn_layer,ReLU:/layer2/layer2.3/relu/Relu,0.02682,0.025894,0.02479,resnet50,0.029158,102,ncnn_vulkan,70,ok,0.000376
ncnn,87.629231,,ncnn_layer,Convolution:/layer2/layer2.3/conv2/Conv,0.91464,0.910725,0.90703,resnet50,1.025524,46,ncnn_vulkan,70,ok,0.001691
ncnn,99.626343,,ncnn_layer,ReLU:/layer2/layer2.3/relu_1/Relu,0.02729,0.025965,0.02484,resnet50,0.029238,100,ncnn_vulkan,70,ok,0.000493
ncnn,81.341579,,ncnn_layer,Convolution:/layer2/layer2.3/conv3/Conv,0.94995,0.947473,0.94505,resnet50,1.066904,40,ncnn_vulkan,70,ok,0.000952
ncnn,96.995948,,ncnn_layer,BinaryOp:/layer2/layer2.3/Add,0.12109,0.120308,0.11911,resnet50,0.135473,63,ncnn_vulkan,70,ok,0.000443
ncnn,97.517289,,ncnn_layer,ReLU:/layer2/layer2.3/relu_2/Relu,0.10599,0.103598,0.10099,resnet50,0.116657,67,ncnn_vulkan,70,ok,0.000859
ncnn,99.995032,,ncnn_layer,Split:splitncnn_7,0.00036,0.000345,0.00031,resnet50,0.000388,125,ncnn_vulkan,70,ok,2.3e-05
ncnn,43.277059,,ncnn_layer,Convolution:/layer3/layer3.0/conv1/Conv,1.88604,1.880681,1.8762,resnet50,2.117745,9,ncnn_vulkan,70,ok,0.002217
ncnn,99.262389,,ncnn_layer,ReLU:/layer3/layer3.0/relu/Relu,0.05307,0.051951,0.05094,resnet50,0.0585,90,ncnn_vulkan,70,ok,0.000529
ncnn,15.849187,,ncnn_layer,Convolution:/layer3/layer3.0/conv2/Conv,6.15005,6.13349,6.12089,resnet50,6.906628,2,ncnn_vulkan,70,ok,0.005431
ncnn,99.788012,,ncnn_layer,ReLU:/layer3/layer3.0/relu_1/Relu,0.01505,0.014334,0.0137,resnet50,0.016141,106,ncnn_vulkan,70,ok,0.000253
ncnn,62.54031,,ncnn_layer,Convolution:/layer3/layer3.0/conv3/Conv,1.05375,1.051078,1.0487,resnet50,1.183568,23,ncnn_vulkan,70,ok,0.001016
ncnn,25.548935,,ncnn_layer,Convolution:/layer3/layer3.0/downsample/downsample.0/Conv,4.27188,4.26809,4.26396,resnet50,4.806091,4,ncnn_vulkan,70,ok,0.001522
ncnn,98.548512,,ncnn_layer,BinaryOp:/layer3/layer3.0/Add,0.07073,0.068682,0.06724,resnet50,0.07734,78,ncnn_vulkan,70,ok,0.000751
ncnn,98.788989,,ncnn_layer,ReLU:/layer3/layer3.0/relu_2/Relu,0.05547,0.052999,0.05156,resnet50,0.05968,82,ncnn_vulkan,70,ok,0.000709
ncnn,99.998484,,ncnn_layer,Split:splitncnn_8,0.00036,0.000339,0.00031,resnet50,0.000382,134,ncnn_vulkan,70,ok,2.5e-05
ncnn,60.137227,,ncnn_layer,Convolution:/layer3/layer3.1/conv1/Conv,1.09859,1.083374,1.07396,resnet50,1.219935,21,ncnn_vulkan,70,ok,0.005488
ncnn,99.836167,,ncnn_layer,ReLU:/layer3/layer3.1/relu/Relu,0.01516,0.014239,0.01349,resnet50,0.016034,109,ncnn_vulkan,70,ok,0.000368
ncnn,89.64742,,ncnn_layer,Convolution:/layer3/layer3.1/conv2/Conv,0.95026,0.882257,0.87516,resnet50,0.993467,48,ncnn_vulkan,70,ok,0.008696
ncnn,99.883557,,ncnn_layer,ReLU:/layer3/layer3.1/relu_1/Relu,0.01443,0.013791,0.01292,resnet50,0.015529,112,ncnn_vulkan,70,ok,0.000272
ncnn,68.452807,,ncnn_layer,Convolution:/layer3/layer3.1/conv3/Conv,1.05401,1.049903,1.04818,resnet50,1.182245,28,ncnn_vulkan,70,ok,0.000954
ncnn,98.310736,,ncnn_layer,BinaryOp:/layer3/layer3.1/Add,0.07349,0.071469,0.0699,resnet50,0.080478,75,ncnn_vulkan,70,ok,0.000807
ncnn,99.145167,,ncnn_layer,ReLU:/layer3/layer3.1/relu_2/Relu,0.05443,0.052603,0.0513,resnet50,0.059234,88,ncnn_vulkan,70,ok,0.000601
ncnn,99.999624,,ncnn_layer,Split:splitncnn_9,0.00036,0.000335,0.00031,resnet50,0.000377,137,ncnn_vulkan,70,ok,2.5e-05
ncnn,61.356741,,ncnn_layer,Convolution:/layer3/layer3.2/conv1/Conv,1.10417,1.083,1.07057,resnet50,1.219514,22,ncnn_vulkan,70,ok,0.007237
ncnn,99.852104,,ncnn_layer,ReLU:/layer3/layer3.2/relu/Relu,0.01484,0.014153,0.01365,resnet50,0.015937,110,ncnn_vulkan,70,ok,0.000262
ncnn,93.605312,,ncnn_layer,Convolution:/layer3/layer3.2/conv2/Conv,0.92786,0.876131,0.8676,resnet50,0.986569,52,ncnn_vulkan,70,ok,0.007056
ncnn,99.913936,,ncnn_layer,ReLU:/layer3/layer3.2/relu_1/Relu,0.01417,0.013424,0.01224,resnet50,0.015116,114,ncnn_vulkan,70,ok,0.000429
ncnn,64.90558,,ncnn_layer,Convolution:/layer3/layer3.2/conv3/Conv,1.05365,1.050184,1.04807,resnet50,1.182562,25,ncnn_vulkan,70,ok,0.000948
ncnn,98.471173,,ncnn_layer,BinaryOp:/layer3/layer3.2/Add,0.07797,0.071159,0.06943,resnet50,0.080129,77,ncnn_vulkan,70,ok,0.00118
ncnn,98.967325,,ncnn_layer,ReLU:/layer3/layer3.2/relu_2/Relu,0.05411,0.052772,0.05109,resnet50,0.059424,85,ncnn_vulkan,70,ok,0.00064
ncnn,99.996189,,ncnn_layer,Split:splitncnn_10,0.00036,0.000341,0.00031,resnet50,0.000384,128,ncnn_vulkan,70,ok,2.4e-05
ncnn,57.696807,,ncnn_layer,Convolution:/layer3/layer3.3/conv1/Conv,1.09734,1.084413,1.07188,resnet50,1.221105,19,ncnn_vulkan,70,ok,0.006228
ncnn,99.804083,,ncnn_layer,ReLU:/layer3/layer3.3/relu/Relu,0.01547,0.014272,0.01365,resnet50,0.016071,107,ncnn_vulkan,70,ok,0.000348
ncnn,90.640801,,ncnn_layer,Convolution:/layer3/layer3.3/conv2/Conv,0.9174,0.882181,0.87568,resnet50,0.993382,49,ncnn_vulkan,70,ok,0.005389
ncnn,99.944044,,ncnn_layer,ReLU:/layer3/layer3.3/relu_1/Relu,0.01432,0.013339,0.01229,resnet50,0.01502,116,ncnn_vulkan,70,ok,0.000423
ncnn,67.270561,,ncnn_layer,Convolution:/layer3/layer3.3/conv3/Conv,1.05224,1.050119,1.04776,resnet50,1.182489,27,ncnn_vulkan,70,ok,0.000923
ncnn,98.149763,,ncnn_layer,BinaryOp:/layer3/layer3.3/Add,0.0749,0.071965,0.07042,resnet50,0.081036,73,ncnn_vulkan,70,ok,0.000817
ncnn,99.026637,,ncnn_layer,ReLU:/layer3/layer3.3/relu_2/Relu,0.05443,0.052673,0.05078,resnet50,0.059313,86,ncnn_vulkan,70,ok,0.000692
ncnn,99.99542,,ncnn_layer,Split:splitncnn_11,0.00036,0.000345,0.00031,resnet50,0.000388,126,ncnn_vulkan,70,ok,2.3e-05
ncnn,58.917292,,ncnn_layer,Convolution:/layer3/layer3.4/conv1/Conv,1.10156,1.083862,1.07135,resnet50,1.220485,20,ncnn_vulkan,70,ok,0.006304
ncnn,99.820133,,ncnn_layer,ReLU:/layer3/layer3.4/relu/Relu,0.01505,0.014254,0.01354,resnet50,0.016051,108,ncnn_vulkan,70,ok,0.000334
ncnn,91.631838,,ncnn_layer,Convolution:/layer3/layer3.4/conv2/Conv,0.93755,0.880099,0.87245,resnet50,0.991037,50,ncnn_vulkan,70,ok,0.007455
ncnn,99.929024,,ncnn_layer,ReLU:/layer3/layer3.4/relu_1/Relu,0.01432,0.013399,0.01276,resnet50,0.015088,115,ncnn_vulkan,70,ok,0.000359
ncnn,66.088073,,ncnn_layer,Convolution:/layer3/layer3.4/conv3/Conv,1.05281,1.050123,1.04766,resnet50,1.182493,26,ncnn_vulkan,70,ok,0.000919
ncnn,98.230258,,ncnn_layer,BinaryOp:/layer3/layer3.4/Add,0.07427,0.071485,0.07,resnet50,0.080496,74,ncnn_vulkan,70,ok,0.000767
ncnn,99.085933,,ncnn_layer,ReLU:/layer3/layer3.4/relu_2/Relu,0.05479,0.052658,0.0512,resnet50,0.059296,87,ncnn_vulkan,70,ok,0.000603
ncnn,99.994643,,ncnn_layer,Split:splitncnn_12,0.00052,0.000481,0.00047,resnet50,0.000542,124,ncnn_vulkan,70,ok,2.1e-05
ncnn,56.475701,,ncnn_layer,Convolution:/layer3/layer3.5/conv1/Conv,1.10146,1.084647,1.07083,resnet50,1.221369,18,ncnn_vulkan,70,ok,0.006459
ncnn,99.868028,,ncnn_layer,ReLU:/layer3/layer3.5/relu/Relu,0.01495,0.014141,0.01344,resnet50,0.015924,111,ncnn_vulkan,70,ok,0.000341
ncnn,92.618743,,ncnn_layer,Convolution:/layer3/layer3.5/conv2/Conv,0.93151,0.876429,0.86974,resnet50,0.986905,51,ncnn_vulkan,70,ok,0.007214
ncnn,99.89882,,ncnn_layer,ReLU:/layer3/layer3.5/relu_1/Relu,0.01427,0.013554,0.01271,resnet50,0.015263,113,ncnn_vulkan,70,ok,0.000322
ncnn,63.723018,,ncnn_layer,Convolution:/layer3/layer3.5/conv3/Conv,1.05484,1.050314,1.04802,resnet50,1.182708,24,ncnn_vulkan,70,ok,0.001176
ncnn,98.391044,,ncnn_layer,BinaryOp:/layer3/layer3.5/Add,0.07396,0.071318,0.06979,resnet50,0.080308,76,ncnn_vulkan,70,ok,0.000821
ncnn,98.907901,,ncnn_layer,ReLU:/layer3/layer3.5/relu_2/Relu,0.05422,0.052786,0.05177,resnet50,0.05944,84,ncnn_vulkan,70,ok,0.000562
ncnn,99.997338,,ncnn_layer,Split:splitncnn_13,0.00036,0.00034,0.00031,resnet50,0.000383,131,ncnn_vulkan,70,ok,2.4e-05
ncnn,41.159315,,ncnn_layer,Convolution:/layer4/layer4.0/conv1/Conv,2.14005,2.126668,2.10948,resnet50,2.394739,8,ncnn_vulkan,70,ok,0.007084
ncnn,99.742872,,ncnn_layer,ReLU:/layer4/layer4.0/relu/Relu,0.02688,0.025817,0.025,resnet50,0.029071,104,ncnn_vulkan,70,ok,0.000386
ncnn,20.742844,,ncnn_layer,Convolution:/layer4/layer4.0/conv2/Conv,4.36542,4.345854,4.3387,resnet50,4.893657,3,ncnn_vulkan,70,ok,0.004064
ncnn,99.964527,,ncnn_layer,ReLU:/layer4/layer4.0/relu_1/Relu,0.00958,0.009031,0.00859,resnet50,0.010169,118,ncnn_vulkan,70,ok,0.000209
ncnn,52.594783,,ncnn_layer,Convolution:/layer4/layer4.0/conv3/Conv,1.22167,1.215595,1.21198,resnet50,1.368823,15,ncnn_vulkan,70,ok,0.002301
ncnn,38.764576,,ncnn_layer,Convolution:/layer4/layer4.0/downsample/downsample.0/Conv,3.66969,3.659409,3.65453,resnet50,4.120685,7,ncnn_vulkan,70,ok,0.002412
ncnn,99.443225,,ncnn_layer,BinaryOp:/layer4/layer4.0/Add,0.0376,0.036025,0.03495,resnet50,0.040566,94,ncnn_vulkan,70,ok,0.000586
ncnn,99.474718,,ncnn_layer,ReLU:/layer4/layer4.0/relu_2/Relu,0.02911,0.027968,0.02693,resnet50,0.031493,95,ncnn_vulkan,70,ok,0.000479
ncnn,100.0,,ncnn_layer,Split:splitncnn_14,0.00036,0.000334,0.00031,resnet50,0.000376,138,ncnn_vulkan,70,ok,2.5e-05
ncnn,55.254332,,ncnn_layer,Convolution:/layer4/layer4.1/conv1/Conv,1.19109,1.180823,1.17745,resnet50,1.329668,17,ncnn_vulkan,70,ok,0.001802
ncnn,99.992979,,ncnn_layer,ReLU:/layer4/layer4.1/relu/Relu,0.00849,0.008023,0.00771,resnet50,0.009034,121,ncnn_vulkan,70,ok,0.0002
ncnn,46.919555,,ncnn_layer,Convolution:/layer4/layer4.1/conv2/Conv,1.49979,1.3982,1.38859,resnet50,1.574446,11,ncnn_vulkan,70,ok,0.013236
ncnn,99.954358,,ncnn_layer,ReLU:/layer4/layer4.1/relu_1/Relu,0.0099,0.009159,0.0088,resnet50,0.010314,117,ncnn_vulkan,70,ok,0.000203
ncnn,49.85684,,ncnn_layer,Convolution:/layer4/layer4.1/conv3/Conv,1.22505,1.216183,1.21104,resnet50,1.369485,13,ncnn_vulkan,70,ok,0.002484
ncnn,99.402659,,ncnn_layer,BinaryOp:/layer4/layer4.1/Add,0.03844,0.0363,0.03536,resnet50,0.040876,93,ncnn_vulkan,70,ok,0.00055
ncnn,99.537423,,ncnn_layer,ReLU:/layer4/layer4.1/relu_2/Relu,0.02896,0.027746,0.02661,resnet50,0.031243,97,ncnn_vulkan,70,ok,0.000511
ncnn,99.997721,,ncnn_layer,Split:splitncnn_15,0.00036,0.00034,0.00031,resnet50,0.000383,132,ncnn_vulkan,70,ok,2.4e-05
ncnn,53.924664,,ncnn_layer,Convolution:/layer4/layer4.2/conv1/Conv,1.20073,1.181012,1.17724,resnet50,1.329881,16,ncnn_vulkan,70,ok,0.003363
ncnn,99.983945,,ncnn_layer,ReLU:/layer4/layer4.2/relu/Relu,0.00865,0.008214,0.00781,resnet50,0.009249,120,ncnn_vulkan,70,ok,0.000163
ncnn,48.487355,,ncnn_layer,Convolution:/layer4/layer4.2/conv2/Conv,1.50104,1.392298,1.38188,resnet50,1.5678,12,ncnn_vulkan,70,ok,0.019049
ncnn,99.974695,,ncnn_layer,ReLU:/layer4/layer4.2/relu_1/Relu,0.0099,0.00903,0.00854,resnet50,0.010168,119,ncnn_vulkan,70,ok,0.000253
ncnn,51.22596,,ncnn_layer,Convolution:/layer4/layer4.2/conv3/Conv,1.22667,1.215859,1.2112,resnet50,1.36912,14,ncnn_vulkan,70,ok,0.002615
ncnn,99.361783,,ncnn_layer,BinaryOp:/layer4/layer4.2/Add,0.03776,0.036319,0.03552,resnet50,0.040897,92,ncnn_vulkan,70,ok,0.00048
ncnn,99.50618,,ncnn_layer,ReLU:/layer4/layer4.2/relu_2/Relu,0.02932,0.02794,0.02693,resnet50,0.031462,96,ncnn_vulkan,70,ok,0.000497
ncnn,98.068726,,ncnn_layer,Pooling:/avgpool/GlobalAveragePool,0.07719,0.076596,0.0762,resnet50,0.086251,72,ncnn_vulkan,70,ok,0.000222
ncnn,99.998866,,ncnn_layer,Flatten:/Flatten,0.00036,0.000339,0.00031,resnet50,0.000382,135,ncnn_vulkan,70,ok,2.5e-05
ncnn,94.373854,,ncnn_layer,InnerProduct:/fc/Gemm,0.69859,0.68251,0.67318,resnet50,0.768542,53,ncnn_vulkan,70,ok,0.004129
pytorch,94.484404,,op,aten::conv2d,0.083659,0.068216,0.007436,efficientnet_b0,0.770782,11,pytorch_cpu,4050,ok,0.03039
pytorch,96.305712,,op,aten::convolution,0.103751,0.044593,0.007985,efficientnet_b0,0.503863,14,pytorch_cpu,4050,ok,0.033132
pytorch,49.762972,,op,aten::_convolution,1.232928,1.200098,1.166698,efficientnet_b0,13.560075,2,pytorch_cpu,4050,ok,0.028629
pytorch,99.934375,,op,aten::thnn_conv2d,0.003053,0.002768,0.002507,efficientnet_b0,0.031276,37,pytorch_cpu,451250,ok,0.000199
pytorch,91.576005,,op,aten::_slow_conv2d_forward,0.1236,0.115466,0.105577,efficientnet_b0,1.304667,8,pytorch_cpu,451250,ok,0.007498
pytorch,99.867472,,op,aten::empty,0.004259,0.003662,0.003204,efficientnet_b0,0.041377,35,pytorch_cpu,914000,ok,0.00036
pytorch,99.78378,,op,aten::view,0.00473,0.004337,0.003909,efficientnet_b0,0.049004,33,pytorch_cpu,454450,ok,0.000314
pytorch,99.826095,,op,aten::resize_,0.00442,0.003745,0.003351,efficientnet_b0,0.042315,34,pytorch_cpu,451250,ok,0.00037
pytorch,97.087827,,op,aten::batch_norm,0.051151,0.034281,0.008318,efficientnet_b0,0.387346,16,pytorch_cpu,2450,ok,0.014448
pytorch,98.622115,,op,aten::_batch_norm_impl_index,0.019947,0.018371,0.017861,efficientnet_b0,0.207577,22,pytorch_cpu,2450,ok,0.000795
pytorch,77.092451,,op,aten::native_batch_norm,0.788135,0.731194,0.660376,efficientnet_b0,8.261863,5,pytorch_cpu,2450,ok,0.056076
pytorch,99.359892,,op,aten::empty_like,0.007955,0.0074,0.006549,efficientnet_b0,0.083614,27,pytorch_cpu,2450,ok,0.000466
pytorch,60.086251,,op,aten::silu_,1.019498,0.913634,0.838245,efficientnet_b0,10.323279,3,pytorch_cpu,2450,ok,0.069012
pytorch,99.96495,,op,aten::narrow,0.003265,0.002706,0.002518,efficientnet_b0,0.030575,38,pytorch_cpu,896800,ok,0.000284
pytorch,99.734775,,op,aten::slice,0.00668,0.005916,0.005378,efficientnet_b0,0.066846,32,pytorch_cpu,896800,ok,0.000462
pytorch,99.982486,,op,aten::as_strided,0.001905,0.001552,0.0014,efficientnet_b0,0.017536,39,pytorch_cpu,896900,ok,0.00018
pytorch,68.830588,,op,aten::cat,0.99495,0.773894,0.651263,efficientnet_b0,8.744337,4,pytorch_cpu,800,ok,0.121309
pytorch,98.414539,,op,aten::adaptive_avg_pool2d,0.059094,0.018462,0.008159,efficientnet_b0,0.208605,21,pytorch_cpu,850,ok,0.020316
pytorch,96.700482,,op,aten::mean,0.036288,0.034938,0.031453,efficientnet_b0,0.394769,15,pytorch_cpu,850,ok,0.001806
pytorch,90.271339,,op,aten::sum,0.876518,0.578996,0.450741,efficientnet_b0,6.542157,7,pytorch_cpu,850,ok,0.157582
pytorch,99.521707,,op,aten::fill_,0.007288,0.007149,0.006882,efficientnet_b0,0.080778,29,pytorch_cpu,850,ok,0.000143
pytorch,93.713622,,op,aten::div_,0.171835,0.086444,0.037512,efficientnet_b0,0.976743,10,pytorch_cpu,850,ok,0.045014
pytorch,99.44093,,op,aten::to,0.008141,0.007172,0.005565,efficientnet_b0,0.081037,28,pytorch_cpu,850,ok,0.001009
pytorch,98.976309,,op,aten::_to_copy,0.015782,0.015247,0.013871,efficientnet_b0,0.172278,24,pytorch_cpu,850,ok,0.000709
pytorch,99.598779,,op,aten::empty_strided,0.006976,0.006821,0.0067,efficientnet_b0,0.077071,30,pytorch_cpu,850,ok,0.000102
pytorch,95.176544,,op,aten::copy_,0.11485,0.061256,0.012204,efficientnet_b0,0.69214,12,pytorch_cpu,2500,ok,0.032518
pytorch,99.903099,,op,aten::detach,0.003239,0.003153,0.003095,efficientnet_b0,0.035626,36,pytorch_cpu,3200,ok,5.5e-05
pytorch,99.143627,,op,aten::reshape,0.015403,0.014808,0.014541,efficientnet_b0,0.167318,25,pytorch_cpu,1600,ok,0.000308
pytorch,95.80185,,op,aten::_reshape_alias,0.132542,0.055341,0.005539,efficientnet_b0,0.625306,13,pytorch_cpu,1650,ok,0.041701
pytorch,97.963002,,op,aten::sigmoid,0.024081,0.023435,0.022812,efficientnet_b0,0.264795,19,pytorch_cpu,800,ok,0.000431
pytorch,83.729182,,op,aten::mul,0.689019,0.587366,0.51685,efficientnet_b0,6.636731,6,pytorch_cpu,800,ok,0.069489
pytorch,92.736879,,op,aten::add_,0.133689,0.10274,0.069656,efficientnet_b0,1.160874,9,pytorch_cpu,450,ok,0.024418
pytorch,98.205934,,op,aten::flatten,0.0224,0.0215,0.0186,efficientnet_b0,0.242932,20,pytorch_cpu,50,ok,0.001453
pytorch,99.66793,,op,aten::dropout_,0.0075,0.00612,0.001,efficientnet_b0,0.069151,31,pytorch_cpu,50,ok,0.002561
pytorch,97.433129,,op,aten::linear,0.0397,0.03056,0.0197,efficientnet_b0,0.345302,17,pytorch_cpu,50,ok,0.006691
pytorch,98.804031,,op,aten::t,0.019,0.0161,0.0113,efficientnet_b0,0.181916,23,pytorch_cpu,50,ok,0.002812
pytorch,97.698207,,op,aten::transpose,0.0604,0.02346,0.0084,efficientnet_b0,0.265078,18,pytorch_cpu,50,ok,0.018732
pytorch,36.202897,,op,aten::addmm,4.4422,3.20404,2.7037,efficientnet_b0,36.202897,1,pytorch_cpu,50,ok,0.640466
pytorch,99.276279,,op,aten::expand,0.0124,0.01174,0.0093,efficientnet_b0,0.132652,26,pytorch_cpu,50,ok,0.001221
pytorch,100.0,,op,aten::resolve_conj,0.00165,0.00155,0.0015,efficientnet_b0,0.017514,40,pytorch_cpu,80,ok,6.1e-05
pytorch,99.507881,,op,aten::conv2d,0.004622,0.003857,0.002832,efficientnet_b0,0.370001,26,pytorch_cuda,4050,ok,0.000618
pytorch,98.15537,,op,aten::convolution,0.006368,0.005599,0.0046,efficientnet_b0,0.53711,23,pytorch_cuda,4050,ok,0.000585
pytorch,86.724109,,op,aten::_convolution,0.019195,0.01793,0.017375,efficientnet_b0,1.720018,10,pytorch_cuda,4050,ok,0.000731
pytorch,19.653291,,op,aten::cudnn_convolution,0.225188,0.204872,0.194443,efficientnet_b0,19.653291,1,pytorch_cuda,3250,ok,0.012777
pytorch,97.063307,,op,aten::empty,0.006142,0.005903,0.005796,efficientnet_b0,0.566272,21,pytorch_cuda,13850,ok,0.000126
pytorch,98.676843,,op,aten::batch_norm,0.00578,0.005436,0.005229,efficientnet_b0,0.521473,24,pytorch_cuda,2450,ok,0.000232
pytorch,92.342515,,op,aten::_batch_norm_impl_index,0.011153,0.010313,0.010045,efficientnet_b0,0.989322,15,pytorch_cuda,2450,ok,0.000421
pytorch,46.603564,,op,aten::cudnn_batch_norm,0.131745,0.099878,0.09031,efficientnet_b0,9.581258,3,pytorch_cuda,2450,ok,0.016076
pytorch,99.137881,,op,aten::empty_like,0.005184,0.004806,0.004663,efficientnet_b0,0.461038,25,pytorch_cuda,2450,ok,0.000197
pytorch,94.939233,,op,aten::view,0.009543,0.008529,0.008229,efficientnet_b0,0.818184,18,pytorch_cuda,2450,ok,0.000508
pytorch,85.004091,,op,aten::silu_,0.065743,0.056892,0.053304,efficientnet_b0,5.457627,9,pytorch_cuda,2450,ok,0.004788
pytorch,73.771885,,op,aten::_conv_depthwise2d,0.078906,0.066984,0.062013,efficientnet_b0,6.425749,7,pytorch_cuda,800,ok,0.00633
pytorch,91.353193,,op,aten::resize_,0.011556,0.010364,0.009706,efficientnet_b0,0.994214,14,pytorch_cuda,800,ok,0.000752
pytorch,97.61826,,op,aten::adaptive_avg_pool2d,0.006288,0.005785,0.005447,efficientnet_b0,0.554953,22,pytorch_cuda,850,ok,0.000377
pytorch,54.244933,,op,aten::mean,0.086771,0.079656,0.075647,efficientnet_b0,7.641369,4,pytorch_cuda,850,ok,0.004482
pytorch,90.358978,,op,aten::reshape,0.013397,0.012091,0.011512,efficientnet_b0,1.159885,13,pytorch_cuda,1600,ok,0.000711
pytorch,96.497034,,op,aten::_reshape_alias,0.008688,0.007899,0.007445,efficientnet_b0,0.757748,20,pytorch_cuda,1650,ok,0.000457
pytorch,79.546464,,op,aten::add_,0.07128,0.060196,0.055968,efficientnet_b0,5.774579,8,pytorch_cuda,2050,ok,0.005912
pytorch,67.346136,,op,aten::sigmoid,0.080287,0.067421,0.063025,efficientnet_b0,6.46767,6,pytorch_cuda,800,ok,0.006655
pytorch,60.878466,,op,aten::mul,0.080888,0.06915,0.064856,efficientnet_b0,6.633533,5,pytorch_cuda,800,ok,0.006074
pytorch,87.975031,,op,aten::flatten,0.014,0.01304,0.0123,efficientnet_b0,1.250922,11,pytorch_cuda,50,ok,0.000578
pytorch,100.0,,op,aten::dropout_,0.0017,0.00144,0.0011,efficientnet_b0,0.138139,28,pytorch_cuda,50,ok,0.000242
pytorch,89.199093,,op,aten::linear,0.0157,0.01276,0.0116,efficientnet_b0,1.224062,12,pytorch_cuda,50,ok,0.001503
pytorch,94.12105,,op,aten::t,0.0092,0.0088,0.0086,efficientnet_b0,0.844181,17,pytorch_cuda,50,ok,0.000228
pytorch,95.739286,,op,aten::transpose,0.0087,0.00834,0.0079,efficientnet_b0,0.800053,19,pytorch_cuda,50,ok,0.000287
pytorch,99.861861,,op,aten::as_strided,0.00385,0.00369,0.0035,efficientnet_b0,0.35398,27,pytorch_cuda,100,ok,0.000146
pytorch,37.022307,,op,aten::addmm,0.2167,0.18106,0.1679,efficientnet_b0,17.369015,2,pytorch_cuda,50,ok,0.018279
pytorch,93.276869,,op,aten::expand,0.01,0.00974,0.0095,efficientnet_b0,0.934354,16,pytorch_cuda,50,ok,0.000185
,,"module 'numpy' has no attribute 'bool'.
`np.bool` was a deprecated alias for the builtin `bool`. To avoid this error in existing code, use `bool` by itself. Doing this will not modify any behavior and is safe. If you specifically wanted the numpy scalar type, use `np.bool_` here.
The aliases was originally deprecated in NumPy 1.20; for more details and guidance see the original release note at:
    https://numpy.org/devdocs/release/1.20.0-notes.html#deprecations",,,,,,efficientnet_b0,,,tensorrt_fp32,0,error,
,,"module 'numpy' has no attribute 'bool'.
`np.bool` was a deprecated alias for the builtin `bool`. To avoid this error in existing code, use `bool` by itself. Doing this will not modify any behavior and is safe. If you specifically wanted the numpy scalar type, use `np.bool_` here.
The aliases was originally deprecated in NumPy 1.20; for more details and guidance see the original release note at:
    https://numpy.org/devdocs/release/1.20.0-notes.html#deprecations",,,,,,efficientnet_b0,,,tensorrt_fp16,0,error,
,,"module 'numpy' has no attribute 'bool'.
`np.bool` was a deprecated alias for the builtin `bool`. To avoid this error in existing code, use `bool` by itself. Doing this will not modify any behavior and is safe. If you specifically wanted the numpy scalar type, use `np.bool_` here.
The aliases was originally deprecated in NumPy 1.20; for more details and guidance see the original release note at:
    https://numpy.org/devdocs/release/1.20.0-notes.html#deprecations",,,,,,efficientnet_b0,,,tensorrt_int8,0,error,
onnxruntime,86.143425,,onnx_node,model_loading_uri,246.698,246.698,246.698,efficientnet_b0,7.214807,3,onnxrt_cuda,1,ok,0.0
onnxruntime,71.65985,,onnx_node,session_initialization,2450.286,2450.286,2450.286,efficientnet_b0,71.65985,1,onnxrt_cuda,1,ok,0.0
onnxruntime,99.989621,,onnx_node,Conv:/features/features.0/features.0.0/Conv_fence_before,0.002,0.001383,0.001,efficientnet_b0,4e-05,255,onnxrt_cuda,60,ok,0.000486
onnxruntime,94.854552,,onnx_node,Conv:/features/features.0/features.0.0/Conv_kernel_time,3475.547,58.207083,0.258,efficientnet_b0,1.702296,5,onnxrt_cuda,60,ok,444.899763
onnxruntime,99.990524,,onnx_node,Conv:/features/features.0/features.0.0/Conv_fence_after,0.001,0.001,0.001,efficientnet_b0,2.9e-05,284,onnxrt_cuda,11,ok,0.0
onnxruntime,99.990554,,onnx_node,Sigmoid:/features/features.0/features.0.2/Sigmoid_fence_before,0.001,0.001,0.001,efficientnet_b0,2.9e-05,285,onnxrt_cuda,26,ok,0.0
onnxruntime,99.706464,,onnx_node,Sigmoid:/features/features.0/features.0.2/Sigmoid_kernel_time,0.145,0.07945,0.069,efficientnet_b0,0.002324,91,onnxrt_cuda,60,ok,0.01805
onnxruntime,99.990583,,onnx_node,Mul:/features/features.0/features.0.2/Mul_fence_before,0.001,0.001,0.001,efficientnet_b0,2.9e-05,286,onnxrt_cuda,19,ok,0.0
onnxruntime,99.734825,,onnx_node,Mul:/features/features.0/features.0.2/Mul_kernel_time,0.188,0.072467,0.063,efficientnet_b0,0.002119,104,onnxrt_cuda,60,ok,0.020393
onnxruntime,99.989918,,onnx_node,Conv:/features/features.1/features.1.0/block/block.0/block.0.0/Conv_fence_before,0.003,0.001068,0.001,efficientnet_b0,3.1e-05,264,onnxrt_cuda,44,ok,0.00033
onnxruntime,97.651468,,onnx_node,Conv:/features/features.1/features.1.0/block/block.0/block.0.0/Conv_kernel_time,438.585,7.47915,0.157,efficientnet_b0,0.218732,15,onnxrt_cuda,60,ok,56.125207
onnxruntime,99.990612,,onnx_node,Conv:/features/features.1/features.1.0/block/block.0/block.0.0/Conv_fence_after,0.001,0.001,0.001,efficientnet_b0,2.9e-05,287,onnxrt_cuda,10,ok,0.0
onnxruntime,99.990641,,onnx_node,Sigmoid:/features/features.1/features.1.0/block/block.0/block.0.2/Sigmoid_fence_before,0.001,0.001,0.001,efficientnet_b0,2.9e-05,288,onnxrt_cuda,28,ok,0.0
onnxruntime,99.71551,,onnx_node,Sigmoid:/features/features.1/features.1.0/block/block.0/block.0.2/Sigmoid_kernel_time,0.175,0.076383,0.069,efficientnet_b0,0.002234,95,onnxrt_cuda,60,ok,0.015191
onnxruntime,99.990671,,onnx_node,Sigmoid:/features/features.1/features.1.0/block/block.0/block.0.2/Sigmoid_fence_after,0.001,0.001,0.001,efficientnet_b0,2.9e-05,289,onnxrt_cuda,6,ok,0.0
onnxruntime,99.989089,,onnx_node,Mul:/features/features.1/features.1.0/block/block.0/block.0.2/Mul_fence_before,0.053,0.004714,0.001,efficientnet_b0,0.000138,248,onnxrt_cuda,14,ok,0.013392
onnxruntime,99.755212,,onnx_node,Mul:/features/features.1/features.1.0/block/block.0/block.0.2/Mul_kernel_time,0.124,0.068017,0.061,efficientnet_b0,0.001989,114,onnxrt_cuda,60,ok,0.009782
onnxruntime,99.9907,,onnx_node,Mul:/features/features.1/features.1.0/block/block.0/block.0.2/Mul_fence_after,0.001,0.001,0.001,efficientnet_b0,2.9e-05,290,onnxrt_cuda,3,ok,0.0
onnxruntime,99.989693,,onnx_node,GlobalAveragePool:/features/features.1/features.1.0/block/block.1/avgpool/GlobalAveragePool_fence_before,0.002,0.0012,0.001,efficientnet_b0,3.5e-05,257,onnxrt_cuda,60,ok,0.0004
onnxruntime,99.696865,,onnx_node,GlobalAveragePool:/features/features.1/features.1.0/block/block.1/avgpool/GlobalAveragePool_kernel_time,0.325,0.11415,0.097,efficientnet_b0,0.003338,87,onnxrt_cuda,60,ok,0.036794
onnxruntime,99.990729,,onnx_node,GlobalAveragePool:/features/features.1/features.1.0/block/block.1/avgpool/GlobalAveragePool_fence_after,0.001,0.001,0.001,efficientnet_b0,2.9e-05,291,onnxrt_cuda,4,ok,0.0
onnxruntime,99.988951,,onnx_node,Conv:/features/features.1/features.1.0/block/block.1/fc1/Conv_fence_before,0.101,0.005545,0.001,efficientnet_b0,0.000162,247,onnxrt_cuda,22,ok,0.02083
onnxruntime,99.03404,,onnx_node,Conv:/features/features.1/features.1.0/block/block.1/fc1/Conv_kernel_time,23.582,0.616617,0.193,efficientnet_b0,0.018033,46,onnxrt_cuda,60,ok,2.99003
onnxruntime,99.990758,,onnx_node,Conv:/features/features.1/features.1.0/block/block.1/fc1/Conv_fence_after,0.001,0.001,0.001,efficientnet_b0,2.9e-05,292,onnxrt_cuda,2,ok,0.0
onnxruntime,99.990103,,onnx_node,Sigmoid:/features/features.1/features.1.0/block/block.1/activation/Sigmoid_fence_before,0.002,0.001043,0.001,efficientnet_b0,3.1e-05,270,onnxrt_cuda,23,ok,0.000204
onnxruntime,99.751229,,onnx_node,Sigmoid:/features/features.1/features.1.0/block/block.1/activation/Sigmoid_kernel_time,0.174,0.0685,0.058,efficientnet_b0,0.002003,112,onnxrt_cuda,60,ok,0.016971
onnxruntime,99.990788,,onnx_node,Mul:/features/features.1/features.1.0/block/block.1/activation/Mul_fence_before,0.001,0.001,0.001,efficientnet_b0,2.9e-05,293,onnxrt_cuda,5,ok,0.0
onnxruntime,99.816283,,onnx_node,Mul:/features/features.1/features.1.0/block/block.1/activation/Mul_kernel_time,0.133,0.063517,0.056,efficientnet_b0,0.001858,146,onnxrt_cuda,60,ok,0.011638
onnxruntime,99.988342,,onnx_node,Mul:/features/features.1/features.1.0/block/block.1/activation/Mul_fence_after,0.03,0.0155,0.001,efficientnet_b0,0.000453,244,onnxrt_cuda,2,ok,0.0145
onnxruntime,99.990817,,onnx_node,Conv:/features/features.1/features.1.0/block/block.1/fc2/Conv_fence_before,0.001,0.001,0.001,efficientnet_b0,2.9e-05,294,onnxrt_cuda,2,ok,0.0
onnxruntime,99.689848,,onnx_node,Conv:/features/features.1/features.1.0/block/block.1/fc2/Conv_kernel_time,22.829,0.522017,0.133,efficientnet_b0,0.015267,85,onnxrt_cuda,60,ok,2.904331
onnxruntime,99.990846,,onnx_node,Conv:/features/features.1/features.1.0/block/block.1/fc2/Conv_fence_after,0.001,0.001,0.001,efficientnet_b0,2.9e-05,295,onnxrt_cuda,2,ok,0.0
onnxruntime,99.990875,,onnx_node,Sigmoid:/features/features.1/features.1.0/block/block.1/scale_activation/Sigmoid_fence_before,0.001,0.001,0.001,efficientnet_b0,2.9e-05,296,onnxrt_cuda,5,ok,0.0
onnxruntime,99.819996,,onnx_node,Sigmoid:/features/features.1/features.1.0/block/block.1/scale_activation/Sigmoid_kernel_time,0.142,0.063433,0.056,efficientnet_b0,0.001855,148,onnxrt_cuda,60,ok,0.014239
onnxruntime,99.990905,,onnx_node,Mul:/features/features.1/features.1.0/block/block.1/Mul_fence_before,0.001,0.001,0.001,efficientnet_b0,2.9e-05,297,onnxrt_cuda,3,ok,0.0
onnxruntime,99.791839,,onnx_node,Mul:/features/features.1/features.1.0/block/block.1/Mul_kernel_time,0.136,0.0649,0.059,efficientnet_b0,0.001898,133,onnxrt_cuda,60,ok,0.011984
onnxruntime,99.990934,,onnx_node,Mul:/features/features.1/features.1.0/block/block.1/Mul_fence_after,0.001,0.001,0.001,efficientnet_b0,2.9e-05,298,onnxrt_cuda,2,ok,0.0
onnxruntime,99.990963,,onnx_node,Conv:/features/features.1/features.1.0/block/block.2/block.2.0/Conv_fence_before,0.001,0.001,0.001,efficientnet_b0,2.9e-05,299,onnxrt_cuda,6,ok,0.0
onnxruntime,98.943049,,onnx_node,Conv:/features/features.1/features.1.0/block/block.2/block.2.0/Conv_kernel_time,26.667,0.628767,0.159,efficientnet_b0,0.018389,41,onnxrt_cuda,60,ok,3.389985
onnxruntime,99.990992,,onnx_node,Conv:/features/features.1/features.1.0/block/block.2/block.2.0/Conv_fence_after,0.001,0.001,0.001,efficientnet_b0,2.9e-05,300,onnxrt_cuda,10,ok,0.0
onnxruntime,99.991022,,onnx_node,Conv:/features/features.2/features.2.0/block/block.0/block.0.0/Conv_fence_before,0.001,0.001,0.001,efficientnet_b0,2.9e-05,301,onnxrt_cuda,46,ok,0.0
onnxruntime,98.532441,,onnx_node,Conv:/features/features.2/features.2.0/block/block.0/block.0.0/Conv_kernel_time,50.572,1.308833,0.429,efficientnet_b0,0.038277,22,onnxrt_cuda,60,ok,6.413715
onnxruntime,99.991051,,onnx_node,Conv:/features/features.2/features.2.0/block/block.0/block.0.0/Conv_fence_after,0.001,0.001,0.001,efficientnet_b0,2.9e-05,302,onnxrt_cuda,16,ok,0.0
onnxruntime,99.99108,,onnx_node,Sigmoid:/features/features.2/features.2.0/block/block.0/block.0.2/Sigmoid_fence_before,0.001,0.001,0.001,efficientnet_b0,2.9e-05,303,onnxrt_cuda,17,ok,0.0
onnxruntime,99.711027,,onnx_node,Sigmoid:/features/features.2/features.2.0/block/block.0/block.0.2/Sigmoid_kernel_time,0.184,0.07775,0.064,efficientnet_b0,0.002274,93,onnxrt_cuda,60,ok,0.021777
onnxruntime,99.991109,,onnx_node,Mul:/features/features.2/features.2.0/block/block.0/block.0.2/Mul_fence_before,0.001,0.001,0.001,efficientnet_b0,2.9e-05,304,onnxrt_cuda,17,ok,0.0
onnxruntime,99.78041,,onnx_node,Mul:/features/features.2/features.2.0/block/block.0/block.0.2/Mul_kernel_time,0.097,0.06545,0.059,efficientnet_b0,0.001914,127,onnxrt_cuda,60,ok,0.006362
onnxruntime,99.991139,,onnx_node,Conv:/features/features.2/features.2.0/block/block.1/block.1.0/Conv_fence_before,0.001,0.001,0.001,efficientnet_b0,2.9e-05,305,onnxrt_cuda,9,ok,0.0
onnxruntime,97.212951,,onnx_node,Conv:/features/features.2/features.2.0/block/block.1/block.1.0/Conv_kernel_time,468.922,7.971083,0.145,efficientnet_b0,0.233118,13,onnxrt_cuda,60,ok,60.0107
onnxruntime,99.991168,,onnx_node,Conv:/features/features.2/features.2.0/block/block.1/block.1.0/Conv_fence_after,0.001,0.001,0.001,efficientnet_b0,2.9e-05,306,onnxrt_cuda,1,ok,0.0
onnxruntime,99.991197,,onnx_node,Sigmoid:/features/features.2/features.2.0/block/block.1/block.1.2/Sigmoid_fence_before,0.001,0.001,0.001,efficientnet_b0,2.9e-05,307,onnxrt_cuda,11,ok,0.0
onnxruntime,99.805073,,onnx_node,Sigmoid:/features/features.2/features.2.0/block/block.1/block.1.2/Sigmoid_kernel_time,0.129,0.064433,0.057,efficientnet_b0,0.001884,140,onnxrt_cuda,60,ok,0.009299
onnxruntime,99.991226,,onnx_node,Sigmoid:/features/features.2/features.2.0/block/block.1/block.1.2/Sigmoid_fence_after,0.001,0.001,0.001,efficientnet_b0,2.9e-05,308,onnxrt_cuda,1,ok,0.0
onnxruntime,99.991256,,onnx_node,Mul:/features/features.2/features.2.0/block/block.1/block.1.2/Mul_fence_before,0.001,0.001,0.001,efficientnet_b0,2.9e-05,309,onnxrt_cuda,12,ok,0.0
onnxruntime,99.795632,,onnx_node,Mul:/features/features.2/features.2.0/block/block.1/block.1.2/Mul_kernel_time,0.137,0.0648,0.055,efficientnet_b0,0.001895,135,onnxrt_cuda,60,ok,0.017453
onnxruntime,99.990375,,onnx_node,GlobalAveragePool:/features/features.2/features.2.0/block/block.2/avgpool/GlobalAveragePool_fence_before,0.002,0.001027,0.001,efficientnet_b0,3e-05,279,onnxrt_cuda,37,ok,0.000162
onnxruntime,99.708753,,onnx_node,GlobalAveragePool:/features/features.2/features.2.0/block/block.2/avgpool/GlobalAveragePool_kernel_time,0.123,0.078283,0.069,efficientnet_b0,0.002289,92,onnxrt_cuda,60,ok,0.008841
onnxruntime,99.989856,,onnx_node,Conv:/features/features.2/features.2.0/block/block.2/fc1/Conv_fence_before,0.002,0.001091,0.001,efficientnet_b0,3.2e-05,262,onnxrt_cuda,11,ok,0.000287
onnxruntime,99.497456,,onnx_node,Conv:/features/features.2/features.2.0/block/block.2/fc1/Conv_kernel_time,22.88,0.561683,0.158,efficientnet_b0,0.016427,73,onnxrt_cuda,60,ok,2.905863
onnxruntime,99.991285,,onnx_node,Conv:/features/features.2/features.2.0/block/block.2/fc1/Conv_fence_after,0.001,0.001,0.001,efficientnet_b0,2.9e-05,310,onnxrt_cuda,4,ok,0.0
onnxruntime,99.991314,,onnx_node,Sigmoid:/features/features.2/features.2.0/block/block.2/activation/Sigmoid_fence_before,0.001,0.001,0.001,efficientnet_b0,2.9e-05,311,onnxrt_cuda,22,ok,0.0
onnxruntime,99.747217,,onnx_node,Sigmoid:/features/features.2/features.2.0/block/block.2/activation/Sigmoid_kernel_time,0.143,0.06875,0.057,efficientnet_b0,0.002011,110,onnxrt_cuda,60,ok,0.016309
onnxruntime,99.990164,,onnx_node,Mul:/features/features.2/features.2.0/block/block.2/activation/Mul_fence_before,0.002,0.00104,0.001,efficientnet_b0,3e-05,272,onnxrt_cuda,25,ok,0.000196
onnxruntime,99.757186,,onnx_node,Mul:/features/features.2/features.2.0/block/block.2/activation/Mul_kernel_time,0.114,0.0675,0.055,efficientnet_b0,0.001974,115,onnxrt_cuda,60,ok,0.011314
onnxruntime,99.991343,,onnx_node,Conv:/features/features.2/features.2.0/block/block.2/fc2/Conv_fence_before,0.001,0.001,0.001,efficientnet_b0,2.9e-05,312,onnxrt_cuda,6,ok,0.0
onnxruntime,99.674581,,onnx_node,Conv:/features/features.2/features.2.0/block/block.2/fc2/Conv_kernel_time,22.779,0.5291,0.135,efficientnet_b0,0.015474,84,onnxrt_cuda,60,ok,2.896784
onnxruntime,99.991373,,onnx_node,Conv:/features/features.2/features.2.0/block/block.2/fc2/Conv_fence_after,0.001,0.001,0.001,efficientnet_b0,2.9e-05,313,onnxrt_cuda,3,ok,0.0
onnxruntime,99.991402,,onnx_node,Sigmoid:/features/features.2/features.2.0/block/block.2/scale_activation/Sigmoid_fence_before,0.001,0.001,0.001,efficientnet_b0,2.9e-05,314,onnxrt_cuda,12,ok,0.0
onnxruntime,99.818141,,onnx_node,Sigmoid:/features/features.2/features.2.0/block/block.2/scale_activation/Sigmoid_kernel_time,0.131,0.063517,0.058,efficientnet_b0,0.001858,147,onnxrt_cuda,60,ok,0.010698
onnxruntime,99.991431,,onnx_node,Mul:/features/features.2/features.2.0/block/block.2/Mul_fence_before,0.001,0.001,0.001,efficientnet_b0,2.9e-05,315,onnxrt_cuda,9,ok,0.0
onnxruntime,99.772736,,onnx_node,Mul:/features/features.2/features.2.0/block/block.2/Mul_kernel_time,0.131,0.065867,0.06,efficientnet_b0,0.001926,123,onnxrt_cuda,60,ok,0.009937
onnxruntime,99.990405,,onnx_node,Conv:/features/features.2/features.2.0/block/block.3/block.3.0/Conv_fence_before,0.002,0.001026,0.001,efficientnet_b0,3e-05,280,onnxrt_cuda,38,ok,0.00016
onnxruntime,99.140926,,onnx_node,Conv:/features/features.2/features.2.0/block/block.3/block.3.0/Conv_kernel_time,25.1,0.60045,0.162,efficientnet_b0,0.01756,52,onnxrt_cuda,60,ok,3.189948
onnxruntime,99.99146,,onnx_node,Conv:/features/features.2/features.2.0/block/block.3/block.3.0/Conv_fence_after,0.001,0.001,0.001,efficientnet_b0,2.9e-05,316,onnxrt_cuda,2,ok,0.0
onnxruntime,99.99149,,onnx_node,Conv:/features/features.2/features.2.1/block/block.0/block.0.0/Conv_fence_before,0.001,0.001,0.001,efficientnet_b0,2.9e-05,317,onnxrt_cuda,5,ok,0.0
onnxruntime,99.347362,,onnx_node,Conv:/features/features.2/features.2.1/block/block.0/block.0.0/Conv_kernel_time,25.846,0.581817,0.141,efficientnet_b0,0.017016,64,onnxrt_cuda,60,ok,3.289164
onnxruntime,99.991519,,onnx_node,Conv:/features/features.2/features.2.1/block/block.0/block.0.0/Conv_fence_after,0.001,0.001,0.001,efficientnet_b0,2.9e-05,318,onnxrt_cuda,2,ok,0.0
onnxruntime,99.991548,,onnx_node,Sigmoid:/features/features.2/features.2.1/block/block.0/block.0.2/Sigmoid_fence_before,0.001,0.001,0.001,efficientnet_b0,2.9e-05,319,onnxrt_cuda,4,ok,0.0
onnxruntime,99.759142,,onnx_node,Sigmoid:/features/features.2/features.2.1/block/block.0/block.0.2/Sigmoid_kernel_time,0.159,0.066867,0.056,efficientnet_b0,0.001956,116,onnxrt_cuda,60,ok,0.016756
onnxruntime,99.990345,,onnx_node,Mul:/features/features.2/features.2.1/block/block.0/block.0.2/Mul_fence_before,0.002,0.001028,0.001,efficientnet_b0,3e-05,278,onnxrt_cuda,36,ok,0.000164
onnxruntime,99.753223,,onnx_node,Mul:/features/features.2/features.2.1/block/block.0/block.0.2/Mul_kernel_time,0.152,0.0682,0.054,efficientnet_b0,0.001995,113,onnxrt_cuda,60,ok,0.016309
onnxruntime,99.991577,,onnx_node,Conv:/features/features.2/features.2.1/block/block.1/block.1.0/Conv_fence_before,0.001,0.001,0.001,efficientnet_b0,2.9e-05,320,onnxrt_cuda,6,ok,0.0
onnxruntime,96.979832,,onnx_node,Conv:/features/features.2/features.2.1/block/block.1/block.1.0/Conv_kernel_time,494.066,8.3994,0.144,efficientnet_b0,0.245645,12,onnxrt_cuda,60,ok,63.228408
onnxruntime,99.991607,,onnx_node,Conv:/features/features.2/features.2.1/block/block.1/block.1.0/Conv_fence_after,0.001,0.001,0.001,efficientnet_b0,2.9e-05,321,onnxrt_cuda,9,ok,0.0
onnxruntime,99.991636,,onnx_node,Sigmoid:/features/features.2/features.2.1/block/block.1/block.1.2/Sigmoid_fence_before,0.001,0.001,0.001,efficientnet_b0,2.9e-05,322,onnxrt_cuda,15,ok,0.0
onnxruntime,99.764993,,onnx_node,Sigmoid:/features/features.2/features.2.1/block/block.1/block.1.2/Sigmoid_kernel_time,0.135,0.06645,0.06,efficientnet_b0,0.001943,119,onnxrt_cuda,60,ok,0.011273
onnxruntime,99.991665,,onnx_node,Mul:/features/features.2/features.2.1/block/block.1/block.1.2/Mul_fence_before,0.001,0.001,0.001,efficientnet_b0,2.9e-05,323,onnxrt_cuda,9,ok,0.0
onnxruntime,99.793736,,onnx_node,Mul:/features/features.2/features.2.1/block/block.1/block.1.2/Mul_kernel_time,0.115,0.064867,0.057,efficientnet_b0,0.001897,134,onnxrt_cuda,60,ok,0.010082
onnxruntime,99.990134,,onnx_node,GlobalAveragePool:/features/features.2/features.2.1/block/block.2/avgpool/GlobalAveragePool_fence_before,0.002,0.001042,0.001,efficientnet_b0,3e-05,271,onnxrt_cuda,24,ok,0.0002
onnxruntime,99.699394,,onnx_node,GlobalAveragePool:/features/features.2/features.2.1/block/block.2/avgpool/GlobalAveragePool_kernel_time,0.162,0.086483,0.075,efficientnet_b0,0.002529,88,onnxrt_cuda,60,ok,0.01434
onnxruntime,99.991694,,onnx_node,GlobalAveragePool:/features/features.2/features.2.1/block/block.2/avgpool/GlobalAveragePool_fence_after,0.001,0.001,0.001,efficientnet_b0,2.9e-05,324,onnxrt_cuda,3,ok,0.0
onnxruntime,99.990012,,onnx_node,Conv:/features/features.2/features.2.1/block/block.2/fc1/Conv_fence_before,0.002,0.001059,0.001,efficientnet_b0,3.1e-05,267,onnxrt_cuda,17,ok,0.000235
onnxruntime,99.364274,,onnx_node,Conv:/features/features.2/features.2.1/block/block.2/fc1/Conv_kernel_time,23.791,0.578283,0.165,efficientnet_b0,0.016912,65,onnxrt_cuda,60,ok,3.022113
onnxruntime,99.991724,,onnx_node,Conv:/features/features.2/features.2.1/block/block.2/fc1/Conv_fence_after,0.001,0.001,0.001,efficientnet_b0,2.9e-05,325,onnxrt_cuda,4,ok,0.0
onnxruntime,99.991753,,onnx_node,Sigmoid:/features/features.2/features.2.1/block/block.2/activation/Sigmoid_fence_before,0.001,0.001,0.001,efficientnet_b0,2.9e-05,326,onnxrt_cuda,46,ok,0.0
onnxruntime,99.761096,,onnx_node,Sigmoid:/features/features.2/features.2.1/block/block.2/activation/Sigmoid_kernel_time,0.161,0.066833,0.058,efficientnet_b0,0.001955,117,onnxrt_cuda,60,ok,0.013637
onnxruntime,99.991782,,onnx_node,Mul:/features/features.2/features.2.1/block/block.2/activation/Mul_fence_before,0.001,0.001,0.001,efficientnet_b0,2.9e-05,327,onnxrt_cuda,6,ok,0.0
onnxruntime,99.814426,,onnx_node,Mul:/features/features.2/features.2.1/block/block.2/activation/Mul_kernel_time,0.132,0.063617,0.057,efficientnet_b0,0.001861,145,onnxrt_cuda,60,ok,0.010351
onnxruntime,99.990315,,onnx_node,Conv:/features/features.2/features.2.1/block/block.2/fc2/Conv_fence_before,0.002,0.001029,0.001,efficientnet_b0,3e-05,277,onnxrt_cuda,35,ok,0.000167
onnxruntime,99.611254,,onnx_node,Conv:/features/features.2/features.2.1/block/block.2/fc2/Conv_kernel_time,23.72,0.5495,0.138,efficientnet_b0,0.01607,80,onnxrt_cuda,60,ok,3.016627
onnxruntime,99.991811,,onnx_node,Conv:/features/features.2/features.2.1/block/block.2/fc2/Conv_fence_after,0.001,0.001,0.001,efficientnet_b0,2.9e-05,328,onnxrt_cuda,3,ok,0.0
onnxruntime,99.991841,,onnx_node,Sigmoid:/features/features.2/features.2.1/block/block.2/scale_activation/Sigmoid_fence_before,0.001,0.001,0.001,efficientnet_b0,2.9e-05,329,onnxrt_cuda,12,ok,0.0
onnxruntime,99.786134,,onnx_node,Sigmoid:/features/features.2/features.2.1/block/block.2/scale_activation/Sigmoid_kernel_time,0.141,0.06515,0.059,efficientnet_b0,0.001905,130,onnxrt_cuda,60,ok,0.010905
onnxruntime,99.99187,,onnx_node,Mul:/features/features.2/features.2.1/block/block.2/Mul_fence_before,0.001,0.001,0.001,efficientnet_b0,2.9e-05,330,onnxrt_cuda,36,ok,0.0
onnxruntime,99.745206,,onnx_node,Mul:/features/features.2/features.2.1/block/block.2/Mul_kernel_time,0.136,0.0688,0.06,efficientnet_b0,0.002012,109,onnxrt_cuda,60,ok,0.010028
onnxruntime,99.989581,,onnx_node,Conv:/features/features.2/features.2.1/block/block.3/block.3.0/Conv_fence_before,0.013,0.001895,0.001,efficientnet_b0,5.5e-05,254,onnxrt_cuda,57,ok,0.002418
onnxruntime,98.728238,,onnx_node,Conv:/features/features.2/features.2.1/block/block.3/block.3.0/Conv_kernel_time,26.194,0.71345,0.258,efficientnet_b0,0.020865,30,onnxrt_cuda,60,ok,3.31741
onnxruntime,99.988789,,onnx_node,Conv:/features/features.2/features.2.1/block/block.3/block.3.0/Conv_fence_after,0.045,0.007286,0.001,efficientnet_b0,0.000213,246,onnxrt_cuda,7,ok,0.015397
onnxruntime,99.989792,,onnx_node,Add:/features/features.2/features.2.1/Add_fence_before,0.002,0.001119,0.001,efficientnet_b0,3.3e-05,260,onnxrt_cuda,42,ok,0.000324
onnxruntime,99.701802,,onnx_node,Add:/features/features.2/features.2.1/Add_kernel_time,0.23,0.082333,0.067,efficientnet_b0,0.002408,89,onnxrt_cuda,60,ok,0.02291
onnxruntime,99.991899,,onnx_node,Add:/features/features.2/features.2.1/Add_fence_after,0.001,0.001,0.001,efficientnet_b0,2.9e-05,331,onnxrt_cuda,5,ok,0.0
onnxruntime,99.991928,,onnx_node,Conv:/features/features.3/features.3.0/block/block.0/block.0.0/Conv_fence_before,0.001,0.001,0.001,efficientnet_b0,2.9e-05,332,onnxrt_cuda,16,ok,0.0
onnxruntime,99.123366,,onnx_node,Conv:/features/features.3/features.3.0/block/block.0/block.0.0/Conv_kernel_time,26.099,0.6066,0.151,efficientnet_b0,0.01774,51,onnxrt_cuda,60,ok,3.318905
onnxruntime,99.991957,,onnx_node,Conv:/features/features.3/features.3.0/block/block.0/block.0.0/Conv_fence_after,0.001,0.001,0.001,efficientnet_b0,2.9e-05,333,onnxrt_cuda,1,ok,0.0
onnxruntime,99.989311,,onnx_node,Sigmoid:/features/features.3/features.3.0/block/block.0/block.0.2/Sigmoid_fence_before,0.04,0.003438,0.001,efficientnet_b0,0.000101,250,onnxrt_cuda,16,ok,0.00944
onnxruntime,99.831049,,onnx_node,Sigmoid:/features/features.3/features.3.0/block/block.0/block.0.2/Sigmoid_kernel_time,0.136,0.0627,0.055,efficientnet_b0,0.001834,154,onnxrt_cuda,60,ok,0.012955
onnxruntime,99.991987,,onnx_node,Mul:/features/features.3/features.3.0/block/block.0/block.0.2/Mul_fence_before,0.001,0.001,0.001,efficientnet_b0,2.9e-05,334,onnxrt_cuda,10,ok,0.0
onnxruntime,99.87099,,onnx_node,Mul:/features/features.3/features.3.0/block/block.0/block.0.2/Mul_kernel_time,0.15,0.061533,0.054,efficientnet_b0,0.0018,176,onnxrt_cuda,60,ok,0.013794
onnxruntime,99.992016,,onnx_node,Conv:/features/features.3/features.3.0/block/block.1/block.1.0/Conv_fence_before,0.001,0.001,0.001,efficientnet_b0,2.9e-05,335,onnxrt_cuda,6,ok,0.0
onnxruntime,98.44293,,onnx_node,Conv:/features/features.3/features.3.0/block/block.1/block.1.0/Conv_kernel_time,193.88,3.364917,0.128,efficientnet_b0,0.098409,20,onnxrt_cuda,60,ok,24.802955
onnxruntime,99.992045,,onnx_node,Conv:/features/features.3/features.3.0/block/block.1/block.1.0/Conv_fence_after,0.001,0.001,0.001,efficientnet_b0,2.9e-05,336,onnxrt_cuda,1,ok,0.0
onnxruntime,99.992074,,onnx_node,Sigmoid:/features/features.3/features.3.0/block/block.1/block.1.2/Sigmoid_fence_before,0.001,0.001,0.001,efficientnet_b0,2.9e-05,337,onnxrt_cuda,3,ok,0.0
onnxruntime,99.847489,,onnx_node,Sigmoid:/features/features.3/features.3.0/block/block.1/block.1.2/Sigmoid_kernel_time,0.125,0.062117,0.057,efficientnet_b0,0.001817,163,onnxrt_cuda,60,ok,0.011518
onnxruntime,99.992104,,onnx_node,Mul:/features/features.3/features.3.0/block/block.1/block.1.2/Mul_fence_before,0.001,0.001,0.001,efficientnet_b0,2.9e-05,338,onnxrt_cuda,5,ok,0.0
onnxruntime,99.971893,,onnx_node,Mul:/features/features.3/features.3.0/block/block.1/block.1.2/Mul_kernel_time,0.098,0.059267,0.054,efficientnet_b0,0.001733,233,onnxrt_cuda,60,ok,0.007438
onnxruntime,99.992133,,onnx_node,Mul:/features/features.3/features.3.0/block/block.1/block.1.2/Mul_fence_after,0.001,0.001,0.001,efficientnet_b0,2.9e-05,339,onnxrt_cuda,1,ok,0.0
onnxruntime,99.992162,,onnx_node,GlobalAveragePool:/features/features.3/features.3.0/block/block.2/avgpool/GlobalAveragePool_fence_before,0.001,0.001,0.001,efficientnet_b0,2.9e-05,340,onnxrt_cuda,9,ok,0.0
onnxruntime,99.728457,,onnx_node,GlobalAveragePool:/features/features.3/features.3.0/block/block.2/avgpool/GlobalAveragePool_kernel_time,0.128,0.0728,0.065,efficientnet_b0,0.002129,101,onnxrt_cuda,60,ok,0.009628
onnxruntime,99.990042,,onnx_node,Conv:/features/features.3/features.3.0/block/block.2/fc1/Conv_fence_before,0.002,0.00105,0.001,efficientnet_b0,3.1e-05,268,onnxrt_cuda,20,ok,0.000218
onnxruntime,99.464533,,onnx_node,Conv:/features/features.3/features.3.0/block/block.2/fc1/Conv_kernel_time,23.565,0.564317,0.144,efficientnet_b0,0.016504,71,onnxrt_cuda,60,ok,2.994536
onnxruntime,99.992191,,onnx_node,Conv:/features/features.3/features.3.0/block/block.2/fc1/Conv_fence_after,0.001,0.001,0.001,efficientnet_b0,2.9e-05,341,onnxrt_cuda,5,ok,0.0
onnxruntime,99.992221,,onnx_node,Sigmoid:/features/features.3/features.3.0/block/block.2/activation/Sigmoid_fence_before,0.001,0.001,0.001,efficientnet_b0,2.9e-05,342,onnxrt_cuda,31,ok,0.0
onnxruntime,99.799418,,onnx_node,Sigmoid:/features/features.3/features.3.0/block/block.2/activation/Sigmoid_kernel_time,0.138,0.064683,0.058,efficientnet_b0,0.001892,137,onnxrt_cuda,60,ok,0.010449
onnxruntime,99.99225,,onnx_node,Mul:/features/features.3/features.3.0/block/block.2/activation/Mul_fence_before,0.001,0.001,0.001,efficientnet_b0,2.9e-05,343,onnxrt_cuda,35,ok,0.0
onnxruntime,99.82738,,onnx_node,Mul:/features/features.3/features.3.0/block/block.2/activation/Mul_kernel_time,0.126,0.062783,0.055,efficientnet_b0,0.001836,152,onnxrt_cuda,60,ok,0.008998
onnxruntime,99.659107,,onnx_node,Conv:/features/features.3/features.3.0/block/block.2/fc2/Conv_kernel_time,23.779,0.541667,0.127,efficientnet_b0,0.015841,83,onnxrt_cuda,60,ok,3.025285
onnxruntime,99.992279,,onnx_node,Conv:/features/features.3/features.3.0/block/block.2/fc2/Conv_fence_after,0.001,0.001,0.001,efficientnet_b0,2.9e-05,344,onnxrt_cuda,2,ok,0.0
onnxruntime,99.992308,,onnx_node,Sigmoid:/features/features.3/features.3.0/block/block.2/scale_activation/Sigmoid_fence_before,0.001,0.001,0.001,efficientnet_b0,2.9e-05,345,onnxrt_cuda,6,ok,0.0
onnxruntime,99.825544,,onnx_node,Sigmoid:/features/features.3/features.3.0/block/block.2/scale_activation/Sigmoid_kernel_time,0.14,0.063067,0.056,efficientnet_b0,0.001844,151,onnxrt_cuda,60,ok,0.011407
onnxruntime,99.992338,,onnx_node,Mul:/features/features.3/features.3.0/block/block.2/Mul_fence_before,0.001,0.001,0.001,efficientnet_b0,2.9e-05,346,onnxrt_cuda,7,ok,0.0
onnxruntime,99.8237,,onnx_node,Mul:/features/features.3/features.3.0/block/block.2/Mul_kernel_time,0.135,0.0633,0.057,efficientnet_b0,0.001851,150,onnxrt_cuda,60,ok,0.00981
onnxruntime,99.992367,,onnx_node,Conv:/features/features.3/features.3.0/block/block.3/block.3.0/Conv_fence_before,0.001,0.001,0.001,efficientnet_b0,2.9e-05,347,onnxrt_cuda,29,ok,0.0
onnxruntime,99.562816,,onnx_node,Conv:/features/features.3/features.3.0/block/block.3/block.3.0/Conv_kernel_time,23.83,0.556867,0.149,efficientnet_b0,0.016286,77,onnxrt_cuda,60,ok,3.029915
onnxruntime,99.992396,,onnx_node,Conv:/features/features.3/features.3.0/block/block.3/block.3.0/Conv_fence_after,0.001,0.001,0.001,efficientnet_b0,2.9e-05,348,onnxrt_cuda,1,ok,0.0
onnxruntime,99.992425,,onnx_node,Conv:/features/features.3/features.3.1/block/block.0/block.0.0/Conv_fence_before,0.001,0.001,0.001,efficientnet_b0,2.9e-05,349,onnxrt_cuda,1,ok,0.0
onnxruntime,99.54653,,onnx_node,Conv:/features/features.3/features.3.1/block/block.0/block.0.0/Conv_kernel_time,24.609,0.55865,0.141,efficientnet_b0,0.016338,76,onnxrt_cuda,60,ok,3.131094
onnxruntime,99.992455,,onnx_node,Conv:/features/features.3/features.3.1/block/block.0/block.0.0/Conv_fence_after,0.001,0.001,0.001,efficientnet_b0,2.9e-05,350,onnxrt_cuda,1,ok,0.0
onnxruntime,99.992484,,onnx_node,Sigmoid:/features/features.3/features.3.1/block/block.0/block.0.2/Sigmoid_fence_before,0.001,0.001,0.001,efficientnet_b0,2.9e-05,351,onnxrt_cuda,3,ok,0.0
onnxruntime,99.788037,,onnx_node,Sigmoid:/features/features.3/features.3.1/block/block.0/block.0.2/Sigmoid_kernel_time,0.242,0.0651,0.057,efficientnet_b0,0.001904,131,onnxrt_cuda,60,ok,0.023817
onnxruntime,99.992513,,onnx_node,Mul:/features/features.3/features.3.1/block/block.0/block.0.2/Mul_fence_before,0.001,0.001,0.001,efficientnet_b0,2.9e-05,352,onnxrt_cuda,12,ok,0.0
onnxruntime,99.843854,,onnx_node,Mul:/features/features.3/features.3.1/block/block.0/block.0.2/Mul_kernel_time,0.254,0.062483,0.055,efficientnet_b0,0.001827,161,onnxrt_cuda,60,ok,0.02525
onnxruntime,99.992542,,onnx_node,Mul:/features/features.3/features.3.1/block/block.0/block.0.2/Mul_fence_after,0.001,0.001,0.001,efficientnet_b0,2.9e-05,353,onnxrt_cuda,1,ok,0.0
onnxruntime,99.992572,,onnx_node,Conv:/features/features.3/features.3.1/block/block.1/block.1.0/Conv_fence_before,0.001,0.001,0.001,efficientnet_b0,2.9e-05,354,onnxrt_cuda,1,ok,0.0
onnxruntime,97.859752,,onnx_node,Conv:/features/features.3/features.3.1/block/block.1/block.1.0/Conv_kernel_time,419.446,7.121917,0.125,efficientnet_b0,0.208284,16,onnxrt_cuda,60,ok,53.680024
onnxruntime,99.992601,,onnx_node,Conv:/features/features.3/features.3.1/block/block.1/block.1.0/Conv_fence_after,0.001,0.001,0.001,efficientnet_b0,2.9e-05,355,onnxrt_cuda,2,ok,0.0
onnxruntime,99.99263,,onnx_node,Sigmoid:/features/features.3/features.3.1/block/block.1/block.1.2/Sigmoid_fence_before,0.001,0.001,0.001,efficientnet_b0,2.9e-05,356,onnxrt_cuda,2,ok,0.0
onnxruntime,99.845672,,onnx_node,Sigmoid:/features/features.3/features.3.1/block/block.1/block.1.2/Sigmoid_kernel_time,0.107,0.06215,0.055,efficientnet_b0,0.001818,162,onnxrt_cuda,60,ok,0.009094
onnxruntime,99.992659,,onnx_node,Mul:/features/features.3/features.3.1/block/block.1/block.1.2/Mul_fence_before,0.001,0.001,0.001,efficientnet_b0,2.9e-05,357,onnxrt_cuda,1,ok,0.0
onnxruntime,99.961459,,onnx_node,Mul:/features/features.3/features.3.1/block/block.1/block.1.2/Mul_kernel_time,0.091,0.059717,0.053,efficientnet_b0,0.001746,227,onnxrt_cuda,60,ok,0.006512
onnxruntime,99.992689,,onnx_node,Mul:/features/features.3/features.3.1/block/block.1/block.1.2/Mul_fence_after,0.001,0.001,0.001,efficientnet_b0,2.9e-05,358,onnxrt_cuda,1,ok,0.0
onnxruntime,99.992718,,onnx_node,GlobalAveragePool:/features/features.3/features.3.1/block/block.2/avgpool/GlobalAveragePool_fence_before,0.001,0.001,0.001,efficientnet_b0,2.9e-05,359,onnxrt_cuda,4,ok,0.0
onnxruntime,99.719893,,onnx_node,GlobalAveragePool:/features/features.3/features.3.1/block/block.2/avgpool/GlobalAveragePool_kernel_time,0.199,0.0743,0.065,efficientnet_b0,0.002173,97,onnxrt_cuda,60,ok,0.01687
onnxruntime,99.579093,,onnx_node,Conv:/features/features.3/features.3.1/block/block.2/fc1/Conv_kernel_time,23.437,0.55655,0.148,efficientnet_b0,0.016277,78,onnxrt_cuda,60,ok,2.978813
onnxruntime,99.992747,,onnx_node,Conv:/features/features.3/features.3.1/block/block.2/fc1/Conv_fence_after,0.001,0.001,0.001,efficientnet_b0,2.9e-05,360,onnxrt_cuda,4,ok,0.0
onnxruntime,99.992776,,onnx_node,Sigmoid:/features/features.3/features.3.1/block/block.2/activation/Sigmoid_fence_before,0.001,0.001,0.001,efficientnet_b0,2.9e-05,361,onnxrt_cuda,30,ok,0.0
onnxruntime,99.797526,,onnx_node,Sigmoid:/features/features.3/features.3.1/block/block.2/activation/Sigmoid_kernel_time,0.119,0.064783,0.057,efficientnet_b0,0.001895,136,onnxrt_cuda,60,ok,0.009156
onnxruntime,99.992806,,onnx_node,Mul:/features/features.3/features.3.1/block/block.2/activation/Mul_fence_before,0.001,0.001,0.001,efficientnet_b0,2.9e-05,362,onnxrt_cuda,7,ok,0.0
onnxruntime,99.834712,,onnx_node,Mul:/features/features.3/features.3.1/block/block.2/activation/Mul_kernel_time,0.103,0.062617,0.055,efficientnet_b0,0.001831,156,onnxrt_cuda,60,ok,0.008224
onnxruntime,99.992835,,onnx_node,Conv:/features/features.3/features.3.1/block/block.2/fc2/Conv_fence_before,0.001,0.001,0.001,efficientnet_b0,2.9e-05,363,onnxrt_cuda,30,ok,0.0
onnxruntime,99.381174,,onnx_node,Conv:/features/features.3/features.3.1/block/block.2/fc2/Conv_kernel_time,24.414,0.57785,0.152,efficientnet_b0,0.0169,66,onnxrt_cuda,60,ok,3.103242
onnxruntime,99.992864,,onnx_node,Conv:/features/features.3/features.3.1/block/block.2/fc2/Conv_fence_after,0.001,0.001,0.001,efficientnet_b0,2.9e-05,364,onnxrt_cuda,2,ok,0.0
onnxruntime,99.992893,,onnx_node,Sigmoid:/features/features.3/features.3.1/block/block.2/scale_activation/Sigmoid_fence_before,0.001,0.001,0.001,efficientnet_b0,2.9e-05,365,onnxrt_cuda,12,ok,0.0
onnxruntime,99.808831,,onnx_node,Sigmoid:/features/features.3/features.3.1/block/block.2/scale_activation/Sigmoid_kernel_time,0.107,0.064083,0.056,efficientnet_b0,0.001874,142,onnxrt_cuda,60,ok,0.008937
onnxruntime,99.992923,,onnx_node,Mul:/features/features.3/features.3.1/block/block.2/Mul_fence_before,0.001,0.001,0.001,efficientnet_b0,2.9e-05,366,onnxrt_cuda,12,ok,0.0
onnxruntime,99.836543,,onnx_node,Mul:/features/features.3/features.3.1/block/block.2/Mul_kernel_time,0.099,0.062583,0.055,efficientnet_b0,0.00183,157,onnxrt_cuda,60,ok,0.007317
onnxruntime,99.992952,,onnx_node,Mul:/features/features.3/features.3.1/block/block.2/Mul_fence_after,0.001,0.001,0.001,efficientnet_b0,2.9e-05,367,onnxrt_cuda,2,ok,0.0
onnxruntime,99.992981,,onnx_node,Conv:/features/features.3/features.3.1/block/block.3/block.3.0/Conv_fence_before,0.001,0.001,0.001,efficientnet_b0,2.9e-05,368,onnxrt_cuda,52,ok,0.0
onnxruntime,99.414668,,onnx_node,Conv:/features/features.3/features.3.1/block/block.3/block.3.0/Conv_kernel_time,24.683,0.572033,0.151,efficientnet_b0,0.016729,68,onnxrt_cuda,60,ok,3.139004
onnxruntime,99.99301,,onnx_node,Conv:/features/features.3/features.3.1/block/block.3/block.3.0/Conv_fence_after,0.001,0.001,0.001,efficientnet_b0,2.9e-05,369,onnxrt_cuda,2,ok,0.0
onnxruntime,99.99304,,onnx_node,Add:/features/features.3/features.3.1/Add_fence_before,0.001,0.001,0.001,efficientnet_b0,2.9e-05,370,onnxrt_cuda,13,ok,0.0
onnxruntime,99.766936,,onnx_node,Add:/features/features.3/features.3.1/Add_kernel_time,0.178,0.066417,0.059,efficientnet_b0,0.001942,120,onnxrt_cuda,60,ok,0.01499
onnxruntime,99.993069,,onnx_node,Add:/features/features.3/features.3.1/Add_fence_after,0.001,0.001,0.001,efficientnet_b0,2.9e-05,371,onnxrt_cuda,1,ok,0.0
onnxruntime,99.993098,,onnx_node,Conv:/features/features.4/features.4.0/block/block.0/block.0.0/Conv_fence_before,0.001,0.001,0.001,efficientnet_b0,2.9e-05,372,onnxrt_cuda,6,ok,0.0
onnxruntime,99.530192,,onnx_node,Conv:/features/features.4/features.4.0/block/block.0/block.0.0/Conv_kernel_time,24.669,0.55945,0.14,efficientnet_b0,0.016361,75,onnxrt_cuda,60,ok,3.138804
onnxruntime,99.993127,,onnx_node,Conv:/features/features.4/features.4.0/block/block.0/block.0.0/Conv_fence_after,0.001,0.001,0.001,efficientnet_b0,2.9e-05,373,onnxrt_cuda,1,ok,0.0
onnxruntime,99.993157,,onnx_node,Sigmoid:/features/features.4/features.4.0/block/block.0/block.0.2/Sigmoid_fence_before,0.001,0.001,0.001,efficientnet_b0,2.9e-05,374,onnxrt_cuda,1,ok,0.0
onnxruntime,99.860167,,onnx_node,Sigmoid:/features/features.4/features.4.0/block/block.0/block.0.2/Sigmoid_kernel_time,0.215,0.061833,0.055,efficientnet_b0,0.001808,170,onnxrt_cuda,60,ok,0.020326
onnxruntime,99.989658,,onnx_node,Mul:/features/features.4/features.4.0/block/block.0/block.0.2/Mul_fence_before,0.002,0.00125,0.001,efficientnet_b0,3.7e-05,256,onnxrt_cuda,4,ok,0.000433
onnxruntime,99.945701,,onnx_node,Mul:/features/features.4/features.4.0/block/block.0/block.0.2/Mul_kernel_time,0.15,0.06,0.054,efficientnet_b0,0.001755,218,onnxrt_cuda,60,ok,0.012281
onnxruntime,99.989981,,onnx_node,Conv:/features/features.4/features.4.0/block/block.1/block.1.0/Conv_fence_before,0.002,0.001063,0.001,efficientnet_b0,3.1e-05,266,onnxrt_cuda,16,ok,0.000242
onnxruntime,98.494163,,onnx_node,Conv:/features/features.4/features.4.0/block/block.1/block.1.0/Conv_kernel_time,96.923,1.751833,0.126,efficientnet_b0,0.051233,21,onnxrt_cuda,60,ok,12.390236
onnxruntime,99.993186,,onnx_node,Conv:/features/features.4/features.4.0/block/block.1/block.1.0/Conv_fence_after,0.001,0.001,0.001,efficientnet_b0,2.9e-05,375,onnxrt_cuda,1,ok,0.0
onnxruntime,99.993215,,onnx_node,Sigmoid:/features/features.4/features.4.0/block/block.1/block.1.2/Sigmoid_fence_before,0.001,0.001,0.001,efficientnet_b0,2.9e-05,376,onnxrt_cuda,27,ok,0.0
onnxruntime,99.774661,,onnx_node,Sigmoid:/features/features.4/features.4.0/block/block.1/block.1.2/Sigmoid_kernel_time,0.157,0.0658,0.057,efficientnet_b0,0.001924,124,onnxrt_cuda,60,ok,0.013182
onnxruntime,99.993244,,onnx_node,Mul:/features/features.4/features.4.0/block/block.1/block.1.2/Mul_fence_before,0.001,0.001,0.001,efficientnet_b0,2.9e-05,377,onnxrt_cuda,27,ok,0.0
onnxruntime,99.806957,,onnx_node,Mul:/features/features.4/features.4.0/block/block.1/block.1.2/Mul_kernel_time,0.231,0.064417,0.053,efficientnet_b0,0.001884,141,onnxrt_cuda,60,ok,0.022831
onnxruntime,99.990435,,onnx_node,GlobalAveragePool:/features/features.4/features.4.0/block/block.2/avgpool/GlobalAveragePool_fence_before,0.002,0.001026,0.001,efficientnet_b0,3e-05,281,onnxrt_cuda,39,ok,0.000158
onnxruntime,99.70414,,onnx_node,GlobalAveragePool:/features/features.4/features.4.0/block/block.2/avgpool/GlobalAveragePool_kernel_time,0.164,0.079967,0.067,efficientnet_b0,0.002339,90,onnxrt_cuda,60,ok,0.013663
onnxruntime,99.993274,,onnx_node,Conv:/features/features.4/features.4.0/block/block.2/fc1/Conv_fence_before,0.001,0.001,0.001,efficientnet_b0,2.9e-05,378,onnxrt_cuda,39,ok,0.0
onnxruntime,99.448029,,onnx_node,Conv:/features/features.4/features.4.0/block/block.2/fc1/Conv_kernel_time,23.794,0.569117,0.15,efficientnet_b0,0.016644,70,onnxrt_cuda,60,ok,3.023655
onnxruntime,99.993303,,onnx_node,Conv:/features/features.4/features.4.0/block/block.2/fc1/Conv_fence_after,0.001,0.001,0.001,efficientnet_b0,2.9e-05,379,onnxrt_cuda,1,ok,0.0
onnxruntime,99.990465,,onnx_node,Sigmoid:/features/features.4/features.4.0/block/block.2/activation/Sigmoid_fence_before,0.002,0.001024,0.001,efficientnet_b0,3e-05,282,onnxrt_cuda,42,ok,0.000152
onnxruntime,99.810699,,onnx_node,Sigmoid:/features/features.4/features.4.0/block/block.2/activation/Sigmoid_kernel_time,0.142,0.063883,0.055,efficientnet_b0,0.001868,143,onnxrt_cuda,60,ok,0.011278
onnxruntime,99.993332,,onnx_node,Mul:/features/features.4/features.4.0/block/block.2/activation/Mul_fence_before,0.001,0.001,0.001,efficientnet_b0,2.9e-05,380,onnxrt_cuda,22,ok,0.0
onnxruntime,99.861974,,onnx_node,Mul:/features/features.4/features.4.0/block/block.2/activation/Mul_kernel_time,0.127,0.0618,0.055,efficientnet_b0,0.001807,171,onnxrt_cuda,60,ok,0.009733
onnxruntime,99.993361,,onnx_node,Mul:/features/features.4/features.4.0/block/block.2/activation/Mul_fence_after,0.001,0.001,0.001,efficientnet_b0,2.9e-05,381,onnxrt_cuda,1,ok,0.0
onnxruntime,99.993391,,onnx_node,Conv:/features/features.4/features.4.0/block/block.2/fc2/Conv_fence_before,0.001,0.001,0.001,efficientnet_b0,2.9e-05,382,onnxrt_cuda,22,ok,0.0
onnxruntime,99.431385,,onnx_node,Conv:/features/features.4/features.4.0/block/block.2/fc2/Conv_kernel_time,24.777,0.571617,0.146,efficientnet_b0,0.016717,69,onnxrt_cuda,60,ok,3.151294
onnxruntime,99.99342,,onnx_node,Conv:/features/features.4/features.4.0/block/block.2/fc2/Conv_fence_after,0.001,0.001,0.001,efficientnet_b0,2.9e-05,383,onnxrt_cuda,2,ok,0.0
onnxruntime,99.993449,,onnx_node,Sigmoid:/features/features.4/features.4.0/block/block.2/scale_activation/Sigmoid_fence_before,0.001,0.001,0.001,efficientnet_b0,2.9e-05,384,onnxrt_cuda,8,ok,0.0
onnxruntime,99.908611,,onnx_node,Sigmoid:/features/features.4/features.4.0/block/block.2/scale_activation/Sigmoid_kernel_time,0.139,0.06095,0.054,efficientnet_b0,0.001783,197,onnxrt_cuda,60,ok,0.010444
onnxruntime,99.993478,,onnx_node,Mul:/features/features.4/features.4.0/block/block.2/Mul_fence_before,0.001,0.001,0.001,efficientnet_b0,2.9e-05,385,onnxrt_cuda,2,ok,0.0
onnxruntime,99.832881,,onnx_node,Mul:/features/features.4/features.4.0/block/block.2/Mul_kernel_time,0.138,0.062633,0.057,efficientnet_b0,0.001832,155,onnxrt_cuda,60,ok,0.010973
onnxruntime,99.990285,,onnx_node,Conv:/features/features.4/features.4.0/block/block.3/block.3.0/Conv_fence_before,0.002,0.001031,0.001,efficientnet_b0,3e-05,276,onnxrt_cuda,32,ok,0.000174
onnxruntime,99.513831,,onnx_node,Conv:/features/features.4/features.4.0/block/block.3/block.3.0/Conv_kernel_time,24.26,0.559917,0.146,efficientnet_b0,0.016375,74,onnxrt_cuda,60,ok,3.085499
onnxruntime,99.210377,,onnx_node,Conv:/features/features.4/features.4.1/block/block.0/block.0.0/Conv_kernel_time,26.577,0.5914,0.141,efficientnet_b0,0.017296,56,onnxrt_cuda,60,ok,3.383048
onnxruntime,99.993507,,onnx_node,Sigmoid:/features/features.4/features.4.1/block/block.0/block.0.2/Sigmoid_fence_before,0.001,0.001,0.001,efficientnet_b0,2.9e-05,386,onnxrt_cuda,4,ok,0.0
onnxruntime,99.784228,,onnx_node,Sigmoid:/features/features.4/features.4.1/block/block.0/block.0.2/Sigmoid_kernel_time,0.207,0.065233,0.058,efficientnet_b0,0.001908,129,onnxrt_cuda,60,ok,0.019316
onnxruntime,99.993537,,onnx_node,Mul:/features/features.4/features.4.1/block/block.0/block.0.2/Mul_fence_before,0.001,0.001,0.001,efficientnet_b0,2.9e-05,387,onnxrt_cuda,10,ok,0.0
onnxruntime,99.897904,,onnx_node,Mul:/features/features.4/features.4.1/block/block.0/block.0.2/Mul_kernel_time,0.155,0.0611,0.055,efficientnet_b0,0.001787,191,onnxrt_cuda,60,ok,0.012547
onnxruntime,99.993566,,onnx_node,Conv:/features/features.4/features.4.1/block/block.1/block.1.0/Conv_fence_before,0.001,0.001,0.001,efficientnet_b0,2.9e-05,388,onnxrt_cuda,3,ok,0.0
onnxruntime,97.432736,,onnx_node,Conv:/features/features.4/features.4.1/block/block.1/block.1.0/Conv_kernel_time,442.968,7.515183,0.126,efficientnet_b0,0.219785,14,onnxrt_cuda,60,ok,56.691128
onnxruntime,99.993595,,onnx_node,Conv:/features/features.4/features.4.1/block/block.1/block.1.0/Conv_fence_after,0.001,0.001,0.001,efficientnet_b0,2.9e-05,389,onnxrt_cuda,1,ok,0.0
onnxruntime,99.993624,,onnx_node,Sigmoid:/features/features.4/features.4.1/block/block.1/block.1.2/Sigmoid_fence_before,0.001,0.001,0.001,efficientnet_b0,2.9e-05,390,onnxrt_cuda,1,ok,0.0
onnxruntime,99.910393,,onnx_node,Sigmoid:/features/features.4/features.4.1/block/block.1/block.1.2/Sigmoid_kernel_time,0.138,0.060917,0.054,efficientnet_b0,0.001782,198,onnxrt_cuda,60,ok,0.010596
onnxruntime,99.993654,,onnx_node,Mul:/features/features.4/features.4.1/block/block.1/block.1.2/Mul_fence_before,0.001,0.001,0.001,efficientnet_b0,2.9e-05,391,onnxrt_cuda,1,ok,0.0
onnxruntime,99.959713,,onnx_node,Mul:/features/features.4/features.4.1/block/block.1/block.1.2/Mul_kernel_time,0.106,0.059767,0.054,efficientnet_b0,0.001748,226,onnxrt_cuda,60,ok,0.006497
onnxruntime,99.993683,,onnx_node,GlobalAveragePool:/features/features.4/features.4.1/block/block.2/avgpool/GlobalAveragePool_fence_before,0.001,0.001,0.001,efficientnet_b0,2.9e-05,392,onnxrt_cuda,3,ok,0.0
onnxruntime,99.736938,,onnx_node,GlobalAveragePool:/features/features.4/features.4.1/block/block.2/avgpool/GlobalAveragePool_kernel_time,0.129,0.072267,0.065,efficientnet_b0,0.002113,105,onnxrt_cuda,60,ok,0.008062
onnxruntime,99.993712,,onnx_node,Conv:/features/features.4/features.4.1/block/block.2/fc1/Conv_fence_before,0.001,0.001,0.001,efficientnet_b0,2.9e-05,393,onnxrt_cuda,17,ok,0.0
onnxruntime,99.279117,,onnx_node,Conv:/features/features.4/features.4.1/block/block.2/fc1/Conv_kernel_time,25.404,0.586183,0.146,efficientnet_b0,0.017143,60,onnxrt_cuda,60,ok,3.231041
onnxruntime,99.993741,,onnx_node,Conv:/features/features.4/features.4.1/block/block.2/fc1/Conv_fence_after,0.001,0.001,0.001,efficientnet_b0,2.9e-05,394,onnxrt_cuda,1,ok,0.0
onnxruntime,99.989726,,onnx_node,Sigmoid:/features/features.4/features.4.1/block/block.2/activation/Sigmoid_fence_before,0.004,0.00113,0.001,efficientnet_b0,3.3e-05,258,onnxrt_cuda,23,ok,0.000612
onnxruntime,99.768877,,onnx_node,Sigmoid:/features/features.4/features.4.1/block/block.2/activation/Sigmoid_kernel_time,0.168,0.066367,0.057,efficientnet_b0,0.001941,121,onnxrt_cuda,60,ok,0.015799
onnxruntime,99.993771,,onnx_node,Mul:/features/features.4/features.4.1/block/block.2/activation/Mul_fence_before,0.001,0.001,0.001,efficientnet_b0,2.9e-05,395,onnxrt_cuda,27,ok,0.0
onnxruntime,99.821849,,onnx_node,Mul:/features/features.4/features.4.1/block/block.2/activation/Mul_kernel_time,0.099,0.06335,0.055,efficientnet_b0,0.001853,149,onnxrt_cuda,60,ok,0.009574
onnxruntime,98.906157,,onnx_node,Conv:/features/features.4/features.4.1/block/block.2/fc2/Conv_kernel_time,28.38,0.6404,0.146,efficientnet_b0,0.018729,39,onnxrt_cuda,60,ok,3.611431
onnxruntime,99.9938,,onnx_node,Conv:/features/features.4/features.4.1/block/block.2/fc2/Conv_fence_after,0.001,0.001,0.001,efficientnet_b0,2.9e-05,396,onnxrt_cuda,2,ok,0.0
onnxruntime,99.990495,,onnx_node,Sigmoid:/features/features.4/features.4.1/block/block.2/scale_activation/Sigmoid_fence_before,0.002,0.001021,0.001,efficientnet_b0,3e-05,283,onnxrt_cuda,48,ok,0.000143
onnxruntime,99.812565,,onnx_node,Sigmoid:/features/features.4/features.4.1/block/block.2/scale_activation/Sigmoid_kernel_time,0.122,0.0638,0.055,efficientnet_b0,0.001866,144,onnxrt_cuda,60,ok,0.009887
onnxruntime,99.993829,,onnx_node,Mul:/features/features.4/features.4.1/block/block.2/Mul_fence_before,0.001,0.001,0.001,efficientnet_b0,2.9e-05,397,onnxrt_cuda,16,ok,0.0
onnxruntime,99.778496,,onnx_node,Mul:/features/features.4/features.4.1/block/block.2/Mul_kernel_time,0.107,0.065483,0.056,efficientnet_b0,0.001915,126,onnxrt_cuda,60,ok,0.00891
onnxruntime,99.993858,,onnx_node,Conv:/features/features.4/features.4.1/block/block.3/block.3.0/Conv_fence_before,0.001,0.001,0.001,efficientnet_b0,2.9e-05,398,onnxrt_cuda,35,ok,0.0
onnxruntime,98.887428,,onnx_node,Conv:/features/features.4/features.4.1/block/block.3/block.3.0/Conv_kernel_time,25.759,0.649383,0.193,efficientnet_b0,0.018992,38,onnxrt_cuda,60,ok,3.269079
onnxruntime,99.993888,,onnx_node,Conv:/features/features.4/features.4.1/block/block.3/block.3.0/Conv_fence_after,0.001,0.001,0.001,efficientnet_b0,2.9e-05,399,onnxrt_cuda,3,ok,0.0
onnxruntime,99.993917,,onnx_node,Add:/features/features.4/features.4.1/Add_fence_before,0.001,0.001,0.001,efficientnet_b0,2.9e-05,400,onnxrt_cuda,19,ok,0.0
onnxruntime,99.76305,,onnx_node,Add:/features/features.4/features.4.1/Add_kernel_time,0.126,0.0668,0.06,efficientnet_b0,0.001954,118,onnxrt_cuda,60,ok,0.009024
onnxruntime,99.993946,,onnx_node,Add:/features/features.4/features.4.1/Add_fence_after,0.001,0.001,0.001,efficientnet_b0,2.9e-05,401,onnxrt_cuda,1,ok,0.0
onnxruntime,99.989887,,onnx_node,Conv:/features/features.4/features.4.2/block/block.0/block.0.0/Conv_fence_before,0.002,0.001069,0.001,efficientnet_b0,3.1e-05,263,onnxrt_cuda,29,ok,0.000253
onnxruntime,99.193081,,onnx_node,Conv:/features/features.4/features.4.2/block/block.0/block.0.0/Conv_kernel_time,26.22,0.59405,0.146,efficientnet_b0,0.017373,55,onnxrt_cuda,60,ok,3.336241
onnxruntime,99.993975,,onnx_node,Conv:/features/features.4/features.4.2/block/block.0/block.0.0/Conv_fence_after,0.001,0.001,0.001,efficientnet_b0,2.9e-05,402,onnxrt_cuda,3,ok,0.0
onnxruntime,99.994005,,onnx_node,Sigmoid:/features/features.4/features.4.2/block/block.0/block.0.2/Sigmoid_fence_before,0.001,0.001,0.001,efficientnet_b0,2.9e-05,403,onnxrt_cuda,4,ok,0.0
onnxruntime,99.931632,,onnx_node,Sigmoid:/features/features.4/features.4.2/block/block.0/block.0.2/Sigmoid_kernel_time,0.1,0.060283,0.056,efficientnet_b0,0.001763,210,onnxrt_cuda,60,ok,0.00566
onnxruntime,99.994034,,onnx_node,Mul:/features/features.4/features.4.2/block/block.0/block.0.2/Mul_fence_before,0.001,0.001,0.001,efficientnet_b0,2.9e-05,404,onnxrt_cuda,3,ok,0.0
onnxruntime,99.928106,,onnx_node,Mul:/features/features.4/features.4.2/block/block.0/block.0.2/Mul_kernel_time,0.119,0.060367,0.055,efficientnet_b0,0.001765,208,onnxrt_cuda,60,ok,0.011783
onnxruntime,99.994063,,onnx_node,Conv:/features/features.4/features.4.2/block/block.1/block.1.0/Conv_fence_before,0.001,0.001,0.001,efficientnet_b0,2.9e-05,405,onnxrt_cuda,2,ok,0.0
onnxruntime,98.226913,,onnx_node,Conv:/features/features.4/features.4.2/block/block.1/block.1.0/Conv_kernel_time,367.255,6.2521,0.123,efficientnet_b0,0.182846,18,onnxrt_cuda,60,ok,46.998575
onnxruntime,99.994092,,onnx_node,Conv:/features/features.4/features.4.2/block/block.1/block.1.0/Conv_fence_after,0.001,0.001,0.001,efficientnet_b0,2.9e-05,406,onnxrt_cuda,3,ok,0.0
onnxruntime,99.994122,,onnx_node,Sigmoid:/features/features.4/features.4.2/block/block.1/block.1.2/Sigmoid_fence_before,0.001,0.001,0.001,efficientnet_b0,2.9e-05,407,onnxrt_cuda,9,ok,0.0
onnxruntime,99.879982,,onnx_node,Sigmoid:/features/features.4/features.4.2/block/block.1/block.1.2/Sigmoid_kernel_time,0.108,0.06145,0.056,efficientnet_b0,0.001797,181,onnxrt_cuda,60,ok,0.007189
onnxruntime,99.994151,,onnx_node,Mul:/features/features.4/features.4.2/block/block.1/block.1.2/Mul_fence_before,0.001,0.001,0.001,efficientnet_b0,2.9e-05,408,onnxrt_cuda,5,ok,0.0
onnxruntime,99.876388,,onnx_node,Mul:/features/features.4/features.4.2/block/block.1/block.1.2/Mul_kernel_time,0.106,0.0615,0.054,efficientnet_b0,0.001799,179,onnxrt_cuda,60,ok,0.00692
onnxruntime,99.989824,,onnx_node,GlobalAveragePool:/features/features.4/features.4.2/block/block.2/avgpool/GlobalAveragePool_fence_before,0.002,0.001105,0.001,efficientnet_b0,3.2e-05,261,onnxrt_cuda,19,ok,0.000307
onnxruntime,99.71772,,onnx_node,GlobalAveragePool:/features/features.4/features.4.2/block/block.2/avgpool/GlobalAveragePool_kernel_time,0.132,0.075567,0.065,efficientnet_b0,0.00221,96,onnxrt_cuda,60,ok,0.011625
onnxruntime,99.296234,,onnx_node,Conv:/features/features.4/features.4.2/block/block.2/fc1/Conv_kernel_time,25.466,0.585283,0.145,efficientnet_b0,0.017117,61,onnxrt_cuda,60,ok,3.23921
onnxruntime,99.990225,,onnx_node,Sigmoid:/features/features.4/features.4.2/block/block.2/activation/Sigmoid_fence_before,0.002,0.001034,0.001,efficientnet_b0,3e-05,274,onnxrt_cuda,29,ok,0.000182
onnxruntime,99.851118,,onnx_node,Sigmoid:/features/features.4/features.4.2/block/block.2/activation/Sigmoid_kernel_time,0.101,0.061967,0.055,efficientnet_b0,0.001812,165,onnxrt_cuda,60,ok,0.008335
onnxruntime,99.99418,,onnx_node,Mul:/features/features.4/features.4.2/block/block.2/activation/Mul_fence_before,0.001,0.001,0.001,efficientnet_b0,2.9e-05,409,onnxrt_cuda,3,ok,0.0
onnxruntime,99.92634,,onnx_node,Mul:/features/features.4/features.4.2/block/block.2/activation/Mul_kernel_time,0.109,0.060417,0.055,efficientnet_b0,0.001767,207,onnxrt_cuda,60,ok,0.008609
onnxruntime,98.997968,,onnx_node,Conv:/features/features.4/features.4.2/block/block.2/fc2/Conv_kernel_time,28.173,0.6239,0.146,efficientnet_b0,0.018246,44,onnxrt_cuda,60,ok,3.586598
onnxruntime,99.994209,,onnx_node,Conv:/features/features.4/features.4.2/block/block.2/fc2/Conv_fence_after,0.001,0.001,0.001,efficientnet_b0,2.9e-05,410,onnxrt_cuda,2,ok,0.0
onnxruntime,99.994239,,onnx_node,Sigmoid:/features/features.4/features.4.2/block/block.2/scale_activation/Sigmoid_fence_before,0.001,0.001,0.001,efficientnet_b0,2.9e-05,411,onnxrt_cuda,5,ok,0.0
onnxruntime,99.938679,,onnx_node,Sigmoid:/features/features.4/features.4.2/block/block.2/scale_activation/Sigmoid_kernel_time,0.109,0.060183,0.054,efficientnet_b0,0.00176,214,onnxrt_cuda,60,ok,0.00707
onnxruntime,99.994268,,onnx_node,Mul:/features/features.4/features.4.2/block/block.2/Mul_fence_before,0.001,0.001,0.001,efficientnet_b0,2.9e-05,412,onnxrt_cuda,9,ok,0.0
onnxruntime,99.840199,,onnx_node,Mul:/features/features.4/features.4.2/block/block.2/Mul_kernel_time,0.096,0.0625,0.056,efficientnet_b0,0.001828,159,onnxrt_cuda,60,ok,0.005491
onnxruntime,99.994297,,onnx_node,Mul:/features/features.4/features.4.2/block/block.2/Mul_fence_after,0.001,0.001,0.001,efficientnet_b0,2.9e-05,413,onnxrt_cuda,1,ok,0.0
onnxruntime,99.994326,,onnx_node,Conv:/features/features.4/features.4.2/block/block.3/block.3.0/Conv_fence_before,0.001,0.001,0.001,efficientnet_b0,2.9e-05,414,onnxrt_cuda,17,ok,0.0
onnxruntime,98.961435,,onnx_node,Conv:/features/features.4/features.4.2/block/block.3/block.3.0/Conv_kernel_time,25.651,0.628683,0.182,efficientnet_b0,0.018386,42,onnxrt_cuda,60,ok,3.257653
onnxruntime,99.994356,,onnx_node,Conv:/features/features.4/features.4.2/block/block.3/block.3.0/Conv_fence_after,0.001,0.001,0.001,efficientnet_b0,2.9e-05,415,onnxrt_cuda,3,ok,0.0
onnxruntime,99.994385,,onnx_node,Add:/features/features.4/features.4.2/Add_fence_before,0.001,0.001,0.001,efficientnet_b0,2.9e-05,416,onnxrt_cuda,36,ok,0.0
onnxruntime,99.776581,,onnx_node,Add:/features/features.4/features.4.2/Add_kernel_time,0.114,0.06565,0.057,efficientnet_b0,0.00192,125,onnxrt_cuda,60,ok,0.007983
onnxruntime,99.994414,,onnx_node,Conv:/features/features.5/features.5.0/block/block.0/block.0.0/Conv_fence_before,0.001,0.001,0.001,efficientnet_b0,2.9e-05,417,onnxrt_cuda,5,ok,0.0
onnxruntime,99.244811,,onnx_node,Conv:/features/features.5/features.5.0/block/block.0/block.0.0/Conv_kernel_time,26.194,0.588283,0.142,efficientnet_b0,0.017205,58,onnxrt_cuda,60,ok,3.333593
onnxruntime,99.994443,,onnx_node,Conv:/features/features.5/features.5.0/block/block.0/block.0.0/Conv_fence_after,0.001,0.001,0.001,efficientnet_b0,2.9e-05,418,onnxrt_cuda,1,ok,0.0
onnxruntime,99.994473,,onnx_node,Sigmoid:/features/features.5/features.5.0/block/block.0/block.0.2/Sigmoid_fence_before,0.001,0.001,0.001,efficientnet_b0,2.9e-05,419,onnxrt_cuda,7,ok,0.0
onnxruntime,99.947455,,onnx_node,Sigmoid:/features/features.5/features.5.0/block/block.0/block.0.2/Sigmoid_kernel_time,0.107,0.059967,0.054,efficientnet_b0,0.001754,219,onnxrt_cuda,60,ok,0.006666
onnxruntime,99.994502,,onnx_node,Mul:/features/features.5/features.5.0/block/block.0/block.0.2/Mul_fence_before,0.001,0.001,0.001,efficientnet_b0,2.9e-05,420,onnxrt_cuda,3,ok,0.0
onnxruntime,99.975354,,onnx_node,Mul:/features/features.5/features.5.0/block/block.0/block.0.2/Mul_kernel_time,0.106,0.059167,0.053,efficientnet_b0,0.00173,235,onnxrt_cuda,60,ok,0.008305
onnxruntime,98.044067,,onnx_node,Conv:/features/features.5/features.5.0/block/block.1/block.1.0/Conv_kernel_time,370.32,6.302367,0.124,efficientnet_b0,0.184316,17,onnxrt_cuda,60,ok,47.39106
onnxruntime,99.994531,,onnx_node,Conv:/features/features.5/features.5.0/block/block.1/block.1.0/Conv_fence_after,0.001,0.001,0.001,efficientnet_b0,2.9e-05,421,onnxrt_cuda,2,ok,0.0
onnxruntime,99.99456,,onnx_node,Sigmoid:/features/features.5/features.5.0/block/block.1/block.1.2/Sigmoid_fence_before,0.001,0.001,0.001,efficientnet_b0,2.9e-05,422,onnxrt_cuda,2,ok,0.0
onnxruntime,99.956216,,onnx_node,Sigmoid:/features/features.5/features.5.0/block/block.1/block.1.2/Sigmoid_kernel_time,0.111,0.059833,0.055,efficientnet_b0,0.00175,224,onnxrt_cuda,60,ok,0.008025
onnxruntime,99.99459,,onnx_node,Mul:/features/features.5/features.5.0/block/block.1/block.1.2/Mul_fence_before,0.001,0.001,0.001,efficientnet_b0,2.9e-05,423,onnxrt_cuda,1,ok,0.0
onnxruntime,99.985584,,onnx_node,Mul:/features/features.5/features.5.0/block/block.1/block.1.2/Mul_kernel_time,0.088,0.05755,0.053,efficientnet_b0,0.001683,241,onnxrt_cuda,60,ok,0.005536
onnxruntime,99.994619,,onnx_node,GlobalAveragePool:/features/features.5/features.5.0/block/block.2/avgpool/GlobalAveragePool_fence_before,0.001,0.001,0.001,efficientnet_b0,2.9e-05,424,onnxrt_cuda,4,ok,0.0
onnxruntime,99.730582,,onnx_node,GlobalAveragePool:/features/features.5/features.5.0/block/block.2/avgpool/GlobalAveragePool_kernel_time,0.213,0.072633,0.064,efficientnet_b0,0.002124,102,onnxrt_cuda,60,ok,0.019127
onnxruntime,99.994648,,onnx_node,GlobalAveragePool:/features/features.5/features.5.0/block/block.2/avgpool/GlobalAveragePool_fence_after,0.001,0.001,0.001,efficientnet_b0,2.9e-05,425,onnxrt_cuda,1,ok,0.0
onnxruntime,99.989759,,onnx_node,Conv:/features/features.5/features.5.0/block/block.2/fc1/Conv_fence_before,0.002,0.001125,0.001,efficientnet_b0,3.3e-05,259,onnxrt_cuda,8,ok,0.000331
onnxruntime,99.397938,,onnx_node,Conv:/features/features.5/features.5.0/block/block.2/fc1/Conv_kernel_time,25.345,0.573233,0.144,efficientnet_b0,0.016764,67,onnxrt_cuda,60,ok,3.225017
onnxruntime,99.994677,,onnx_node,Conv:/features/features.5/features.5.0/block/block.2/fc1/Conv_fence_after,0.001,0.001,0.001,efficientnet_b0,2.9e-05,426,onnxrt_cuda,1,ok,0.0
onnxruntime,99.994707,,onnx_node,Sigmoid:/features/features.5/features.5.0/block/block.2/activation/Sigmoid_fence_before,0.001,0.001,0.001,efficientnet_b0,2.9e-05,427,onnxrt_cuda,8,ok,0.0
onnxruntime,99.957965,,onnx_node,Sigmoid:/features/features.5/features.5.0/block/block.2/activation/Sigmoid_kernel_time,0.109,0.0598,0.054,efficientnet_b0,0.001749,225,onnxrt_cuda,60,ok,0.007162
onnxruntime,99.994736,,onnx_node,Mul:/features/features.5/features.5.0/block/block.2/activation/Mul_fence_before,0.001,0.001,0.001,efficientnet_b0,2.9e-05,428,onnxrt_cuda,2,ok,0.0
onnxruntime,99.980494,,onnx_node,Mul:/features/features.5/features.5.0/block/block.2/activation/Mul_kernel_time,0.093,0.058483,0.053,efficientnet_b0,0.00171,238,onnxrt_cuda,60,ok,0.006004
onnxruntime,99.994765,,onnx_node,Conv:/features/features.5/features.5.0/block/block.2/fc2/Conv_fence_before,0.001,0.001,0.001,efficientnet_b0,2.9e-05,429,onnxrt_cuda,2,ok,0.0
onnxruntime,98.979721,,onnx_node,Conv:/features/features.5/features.5.0/block/block.2/fc2/Conv_kernel_time,28.288,0.625267,0.141,efficientnet_b0,0.018286,43,onnxrt_cuda,60,ok,3.601401
onnxruntime,99.994794,,onnx_node,Conv:/features/features.5/features.5.0/block/block.2/fc2/Conv_fence_after,0.001,0.001,0.001,efficientnet_b0,2.9e-05,430,onnxrt_cuda,3,ok,0.0
onnxruntime,99.888957,,onnx_node,Sigmoid:/features/features.5/features.5.0/block/block.2/scale_activation/Sigmoid_kernel_time,0.109,0.0613,0.055,efficientnet_b0,0.001793,186,onnxrt_cuda,60,ok,0.008458
onnxruntime,99.994824,,onnx_node,Mul:/features/features.5/features.5.0/block/block.2/Mul_fence_before,0.001,0.001,0.001,efficientnet_b0,2.9e-05,431,onnxrt_cuda,8,ok,0.0
onnxruntime,99.838371,,onnx_node,Mul:/features/features.5/features.5.0/block/block.2/Mul_kernel_time,0.096,0.062533,0.056,efficientnet_b0,0.001829,158,onnxrt_cuda,60,ok,0.006639
onnxruntime,99.994853,,onnx_node,Mul:/features/features.5/features.5.0/block/block.2/Mul_fence_after,0.001,0.001,0.001,efficientnet_b0,2.9e-05,432,onnxrt_cuda,1,ok,0.0
onnxruntime,99.994882,,onnx_node,Conv:/features/features.5/features.5.0/block/block.3/block.3.0/Conv_fence_before,0.001,0.001,0.001,efficientnet_b0,2.9e-05,433,onnxrt_cuda,16,ok,0.0
onnxruntime,98.868437,,onnx_node,Conv:/features/features.5/features.5.0/block/block.3/block.3.0/Conv_kernel_time,27.693,0.660383,0.177,efficientnet_b0,0.019313,37,onnxrt_cuda,60,ok,3.51939
onnxruntime,99.994911,,onnx_node,Conv:/features/features.5/features.5.0/block/block.3/block.3.0/Conv_fence_after,0.001,0.001,0.001,efficientnet_b0,2.9e-05,434,onnxrt_cuda,1,ok,0.0
onnxruntime,99.994941,,onnx_node,Conv:/features/features.5/features.5.1/block/block.0/block.0.0/Conv_fence_before,0.001,0.001,0.001,efficientnet_b0,2.9e-05,435,onnxrt_cuda,3,ok,0.0
onnxruntime,98.829249,,onnx_node,Conv:/features/features.5/features.5.1/block/block.0/block.0.0/Conv_kernel_time,30.137,0.68785,0.172,efficientnet_b0,0.020117,35,onnxrt_cuda,60,ok,3.833974
onnxruntime,99.99497,,onnx_node,Conv:/features/features.5/features.5.1/block/block.0/block.0.0/Conv_fence_after,0.001,0.001,0.001,efficientnet_b0,2.9e-05,436,onnxrt_cuda,2,ok,0.0
onnxruntime,99.994999,,onnx_node,Sigmoid:/features/features.5/features.5.1/block/block.0/block.0.2/Sigmoid_fence_before,0.001,0.001,0.001,efficientnet_b0,2.9e-05,437,onnxrt_cuda,10,ok,0.0
onnxruntime,99.86739,,onnx_node,Sigmoid:/features/features.5/features.5.1/block/block.0/block.0.2/Sigmoid_kernel_time,0.117,0.0617,0.055,efficientnet_b0,0.001804,174,onnxrt_cuda,60,ok,0.008642
onnxruntime,99.995028,,onnx_node,Mul:/features/features.5/features.5.1/block/block.0/block.0.2/Mul_fence_before,0.001,0.001,0.001,efficientnet_b0,2.9e-05,438,onnxrt_cuda,2,ok,0.0
onnxruntime,99.872789,,onnx_node,Mul:/features/features.5/features.5.1/block/block.0/block.0.2/Mul_kernel_time,0.099,0.061533,0.054,efficientnet_b0,0.0018,177,onnxrt_cuda,60,ok,0.008753
onnxruntime,96.482666,,onnx_node,Conv:/features/features.5/features.5.1/block/block.1/block.1.0/Conv_kernel_time,508.483,8.60655,0.125,efficientnet_b0,0.251703,10,onnxrt_cuda,60,ok,65.078371
onnxruntime,99.995058,,onnx_node,Conv:/features/features.5/features.5.1/block/block.1/block.1.0/Conv_fence_after,0.001,0.001,0.001,efficientnet_b0,2.9e-05,439,onnxrt_cuda,1,ok,0.0
onnxruntime,99.995087,,onnx_node,Sigmoid:/features/features.5/features.5.1/block/block.1/block.1.2/Sigmoid_fence_before,0.001,0.001,0.001,efficientnet_b0,2.9e-05,440,onnxrt_cuda,2,ok,0.0
onnxruntime,99.894328,,onnx_node,Sigmoid:/features/features.5/features.5.1/block/block.1/block.1.2/Sigmoid_kernel_time,0.101,0.061183,0.053,efficientnet_b0,0.001789,189,onnxrt_cuda,60,ok,0.007309
onnxruntime,99.995116,,onnx_node,Mul:/features/features.5/features.5.1/block/block.1/block.1.2/Mul_fence_before,0.001,0.001,0.001,efficientnet_b0,2.9e-05,441,onnxrt_cuda,1,ok,0.0
onnxruntime,99.913954,,onnx_node,Mul:/features/features.5/features.5.1/block/block.1/block.1.2/Mul_kernel_time,0.102,0.060867,0.055,efficientnet_b0,0.00178,200,onnxrt_cuda,60,ok,0.007395
onnxruntime,99.995145,,onnx_node,GlobalAveragePool:/features/features.5/features.5.1/block/block.2/avgpool/GlobalAveragePool_fence_before,0.001,0.001,0.001,efficientnet_b0,2.9e-05,442,onnxrt_cuda,8,ok,0.0
onnxruntime,99.713277,,onnx_node,GlobalAveragePool:/features/features.5/features.5.1/block/block.2/avgpool/GlobalAveragePool_kernel_time,0.126,0.076917,0.066,efficientnet_b0,0.002249,94,onnxrt_cuda,60,ok,0.010615
onnxruntime,99.995174,,onnx_node,Conv:/features/features.5/features.5.1/block/block.2/fc1/Conv_fence_before,0.001,0.001,0.001,efficientnet_b0,2.9e-05,443,onnxrt_cuda,8,ok,0.0
onnxruntime,99.481029,,onnx_node,Conv:/features/features.5/features.5.1/block/block.2/fc1/Conv_kernel_time,23.447,0.564067,0.142,efficientnet_b0,0.016496,72,onnxrt_cuda,60,ok,2.979281
onnxruntime,99.98921,,onnx_node,Conv:/features/features.5/features.5.1/block/block.2/fc1/Conv_fence_after,0.023,0.004143,0.001,efficientnet_b0,0.000121,249,onnxrt_cuda,7,ok,0.007698
onnxruntime,99.995204,,onnx_node,Sigmoid:/features/features.5/features.5.1/block/block.2/activation/Sigmoid_fence_before,0.001,0.001,0.001,efficientnet_b0,2.9e-05,444,onnxrt_cuda,14,ok,0.0
onnxruntime,99.803189,,onnx_node,Sigmoid:/features/features.5/features.5.1/block/block.2/activation/Sigmoid_kernel_time,0.121,0.06445,0.056,efficientnet_b0,0.001885,139,onnxrt_cuda,60,ok,0.009062
onnxruntime,99.995233,,onnx_node,Mul:/features/features.5/features.5.1/block/block.2/activation/Mul_fence_before,0.001,0.001,0.001,efficientnet_b0,2.9e-05,445,onnxrt_cuda,2,ok,0.0
onnxruntime,99.936919,,onnx_node,Mul:/features/features.5/features.5.1/block/block.2/activation/Mul_kernel_time,0.105,0.060233,0.054,efficientnet_b0,0.001762,213,onnxrt_cuda,60,ok,0.006781
onnxruntime,99.595184,,onnx_node,Conv:/features/features.5/features.5.1/block/block.2/fc2/Conv_kernel_time,23.427,0.5502,0.145,efficientnet_b0,0.016091,79,onnxrt_cuda,60,ok,2.97833
onnxruntime,99.995262,,onnx_node,Conv:/features/features.5/features.5.1/block/block.2/fc2/Conv_fence_after,0.001,0.001,0.001,efficientnet_b0,2.9e-05,446,onnxrt_cuda,3,ok,0.0
onnxruntime,99.995291,,onnx_node,Sigmoid:/features/features.5/features.5.1/block/block.2/scale_activation/Sigmoid_fence_before,0.001,0.001,0.001,efficientnet_b0,2.9e-05,447,onnxrt_cuda,14,ok,0.0
onnxruntime,99.852928,,onnx_node,Sigmoid:/features/features.5/features.5.1/block/block.2/scale_activation/Sigmoid_kernel_time,0.111,0.061917,0.055,efficientnet_b0,0.001811,166,onnxrt_cuda,60,ok,0.007911
onnxruntime,99.995321,,onnx_node,Mul:/features/features.5/features.5.1/block/block.2/Mul_fence_before,0.001,0.001,0.001,efficientnet_b0,2.9e-05,448,onnxrt_cuda,6,ok,0.0
onnxruntime,99.86378,,onnx_node,Mul:/features/features.5/features.5.1/block/block.2/Mul_kernel_time,0.098,0.06175,0.056,efficientnet_b0,0.001806,172,onnxrt_cuda,60,ok,0.005929
onnxruntime,99.99535,,onnx_node,Conv:/features/features.5/features.5.1/block/block.3/block.3.0/Conv_fence_before,0.001,0.001,0.001,efficientnet_b0,2.9e-05,449,onnxrt_cuda,48,ok,0.0
onnxruntime,98.788931,,onnx_node,Conv:/features/features.5/features.5.1/block/block.3/block.3.0/Conv_kernel_time,29.708,0.691683,0.183,efficientnet_b0,0.020229,33,onnxrt_cuda,60,ok,3.777636
onnxruntime,99.995379,,onnx_node,Conv:/features/features.5/features.5.1/block/block.3/block.3.0/Conv_fence_after,0.001,0.001,0.001,efficientnet_b0,2.9e-05,450,onnxrt_cuda,2,ok,0.0
onnxruntime,99.995408,,onnx_node,Add:/features/features.5/features.5.1/Add_fence_before,0.001,0.001,0.001,efficientnet_b0,2.9e-05,451,onnxrt_cuda,18,ok,0.0
onnxruntime,99.77081,,onnx_node,Add:/features/features.5/features.5.1/Add_kernel_time,0.124,0.0661,0.059,efficientnet_b0,0.001933,122,onnxrt_cuda,60,ok,0.009088
onnxruntime,99.995438,,onnx_node,Conv:/features/features.5/features.5.2/block/block.0/block.0.0/Conv_fence_before,0.001,0.001,0.001,efficientnet_b0,2.9e-05,452,onnxrt_cuda,14,ok,0.0
onnxruntime,98.74847,,onnx_node,Conv:/features/features.5/features.5.2/block/block.0/block.0.0/Conv_kernel_time,30.09,0.6918,0.176,efficientnet_b0,0.020232,31,onnxrt_cuda,60,ok,3.827349
onnxruntime,99.995467,,onnx_node,Conv:/features/features.5/features.5.2/block/block.0/block.0.0/Conv_fence_after,0.001,0.001,0.001,efficientnet_b0,2.9e-05,453,onnxrt_cuda,2,ok,0.0
onnxruntime,99.995496,,onnx_node,Sigmoid:/features/features.5/features.5.2/block/block.0/block.0.2/Sigmoid_fence_before,0.001,0.001,0.001,efficientnet_b0,2.9e-05,454,onnxrt_cuda,2,ok,0.0
onnxruntime,99.912174,,onnx_node,Sigmoid:/features/features.5/features.5.2/block/block.0/block.0.2/Sigmoid_kernel_time,0.106,0.0609,0.055,efficientnet_b0,0.001781,199,onnxrt_cuda,60,ok,0.006655
onnxruntime,99.995525,,onnx_node,Mul:/features/features.5/features.5.2/block/block.0/block.0.2/Mul_fence_before,0.001,0.001,0.001,efficientnet_b0,2.9e-05,455,onnxrt_cuda,3,ok,0.0
onnxruntime,99.964946,,onnx_node,Mul:/features/features.5/features.5.2/block/block.0/block.0.2/Mul_kernel_time,0.091,0.059583,0.054,efficientnet_b0,0.001743,229,onnxrt_cuda,60,ok,0.005869
onnxruntime,99.995555,,onnx_node,Mul:/features/features.5/features.5.2/block/block.0/block.0.2/Mul_fence_after,0.001,0.001,0.001,efficientnet_b0,2.9e-05,456,onnxrt_cuda,1,ok,0.0
onnxruntime,99.995584,,onnx_node,Conv:/features/features.5/features.5.2/block/block.1/block.1.0/Conv_fence_before,0.001,0.001,0.001,efficientnet_b0,2.9e-05,457,onnxrt_cuda,5,ok,0.0
onnxruntime,96.734188,,onnx_node,Conv:/features/features.5/features.5.2/block/block.1/block.1.0/Conv_kernel_time,507.963,8.600367,0.125,efficientnet_b0,0.251522,11,onnxrt_cuda,60,ok,65.011478
onnxruntime,99.995613,,onnx_node,Conv:/features/features.5/features.5.2/block/block.1/block.1.0/Conv_fence_after,0.001,0.001,0.001,efficientnet_b0,2.9e-05,458,onnxrt_cuda,1,ok,0.0
onnxruntime,99.995642,,onnx_node,Sigmoid:/features/features.5/features.5.2/block/block.1/block.1.2/Sigmoid_fence_before,0.001,0.001,0.001,efficientnet_b0,2.9e-05,459,onnxrt_cuda,8,ok,0.0
onnxruntime,99.896117,,onnx_node,Sigmoid:/features/features.5/features.5.2/block/block.1/block.1.2/Sigmoid_kernel_time,0.096,0.061183,0.056,efficientnet_b0,0.001789,190,onnxrt_cuda,60,ok,0.005889
onnxruntime,99.995672,,onnx_node,Mul:/features/features.5/features.5.2/block/block.1/block.1.2/Mul_fence_before,0.001,0.001,0.001,efficientnet_b0,2.9e-05,460,onnxrt_cuda,4,ok,0.0
onnxruntime,99.942191,,onnx_node,Mul:/features/features.5/features.5.2/block/block.1/block.1.2/Mul_kernel_time,0.068,0.060033,0.054,efficientnet_b0,0.001756,216,onnxrt_cuda,60,ok,0.003316
onnxruntime,99.995701,,onnx_node,GlobalAveragePool:/features/features.5/features.5.2/block/block.2/avgpool/GlobalAveragePool_fence_before,0.001,0.001,0.001,efficientnet_b0,2.9e-05,461,onnxrt_cuda,22,ok,0.0
onnxruntime,99.724196,,onnx_node,GlobalAveragePool:/features/features.5/features.5.2/block/block.2/avgpool/GlobalAveragePool_kernel_time,0.105,0.073417,0.064,efficientnet_b0,0.002147,99,onnxrt_cuda,60,ok,0.006103
onnxruntime,99.05206,,onnx_node,Conv:/features/features.5/features.5.2/block/block.2/fc1/Conv_kernel_time,27.386,0.61615,0.143,efficientnet_b0,0.01802,47,onnxrt_cuda,60,ok,3.485155
onnxruntime,99.99573,,onnx_node,Conv:/features/features.5/features.5.2/block/block.2/fc1/Conv_fence_after,0.001,0.001,0.001,efficientnet_b0,2.9e-05,462,onnxrt_cuda,1,ok,0.0
onnxruntime,99.995759,,onnx_node,Sigmoid:/features/features.5/features.5.2/block/block.2/activation/Sigmoid_fence_before,0.001,0.001,0.001,efficientnet_b0,2.9e-05,463,onnxrt_cuda,38,ok,0.0
onnxruntime,99.842027,,onnx_node,Sigmoid:/features/features.5/features.5.2/block/block.2/activation/Sigmoid_kernel_time,0.109,0.0625,0.055,efficientnet_b0,0.001828,160,onnxrt_cuda,60,ok,0.008102
onnxruntime,99.995789,,onnx_node,Mul:/features/features.5/features.5.2/block/block.2/activation/Mul_fence_before,0.001,0.001,0.001,efficientnet_b0,2.9e-05,464,onnxrt_cuda,3,ok,0.0
onnxruntime,99.940435,,onnx_node,Mul:/features/features.5/features.5.2/block/block.2/activation/Mul_kernel_time,0.088,0.06005,0.055,efficientnet_b0,0.001756,215,onnxrt_cuda,60,ok,0.005575
onnxruntime,99.995818,,onnx_node,Conv:/features/features.5/features.5.2/block/block.2/fc2/Conv_fence_before,0.001,0.001,0.001,efficientnet_b0,2.9e-05,465,onnxrt_cuda,5,ok,0.0
onnxruntime,99.643266,,onnx_node,Conv:/features/features.5/features.5.2/block/block.2/fc2/Conv_kernel_time,23.435,0.546483,0.144,efficientnet_b0,0.015982,82,onnxrt_cuda,60,ok,2.979854
onnxruntime,99.995847,,onnx_node,Conv:/features/features.5/features.5.2/block/block.2/fc2/Conv_fence_after,0.001,0.001,0.001,efficientnet_b0,2.9e-05,466,onnxrt_cuda,2,ok,0.0
onnxruntime,99.995876,,onnx_node,Sigmoid:/features/features.5/features.5.2/block/block.2/scale_activation/Sigmoid_fence_before,0.001,0.001,0.001,efficientnet_b0,2.9e-05,467,onnxrt_cuda,1,ok,0.0
onnxruntime,99.949208,,onnx_node,Sigmoid:/features/features.5/features.5.2/block/block.2/scale_activation/Sigmoid_kernel_time,0.104,0.059967,0.054,efficientnet_b0,0.001754,220,onnxrt_cuda,60,ok,0.006829
onnxruntime,99.995906,,onnx_node,Mul:/features/features.5/features.5.2/block/block.2/Mul_fence_before,0.001,0.001,0.001,efficientnet_b0,2.9e-05,468,onnxrt_cuda,7,ok,0.0
onnxruntime,99.854739,,onnx_node,Mul:/features/features.5/features.5.2/block/block.2/Mul_kernel_time,0.099,0.061917,0.056,efficientnet_b0,0.001811,167,onnxrt_cuda,60,ok,0.006696
onnxruntime,99.995935,,onnx_node,Conv:/features/features.5/features.5.2/block/block.3/block.3.0/Conv_fence_before,0.001,0.001,0.001,efficientnet_b0,2.9e-05,469,onnxrt_cuda,22,ok,0.0
onnxruntime,98.768702,,onnx_node,Conv:/features/features.5/features.5.2/block/block.3/block.3.0/Conv_kernel_time,29.729,0.691783,0.18,efficientnet_b0,0.020232,32,onnxrt_cuda,60,ok,3.780358
onnxruntime,99.995964,,onnx_node,Conv:/features/features.5/features.5.2/block/block.3/block.3.0/Conv_fence_after,0.001,0.001,0.001,efficientnet_b0,2.9e-05,470,onnxrt_cuda,1,ok,0.0
onnxruntime,99.990255,,onnx_node,Add:/features/features.5/features.5.2/Add_fence_before,0.002,0.001033,0.001,efficientnet_b0,3e-05,275,onnxrt_cuda,30,ok,0.00018
onnxruntime,99.78232,,onnx_node,Add:/features/features.5/features.5.2/Add_kernel_time,0.113,0.065333,0.057,efficientnet_b0,0.001911,128,onnxrt_cuda,60,ok,0.00879
onnxruntime,99.995993,,onnx_node,Conv:/features/features.6/features.6.0/block/block.0/block.0.0/Conv_fence_before,0.001,0.001,0.001,efficientnet_b0,2.9e-05,471,onnxrt_cuda,4,ok,0.0
onnxruntime,98.809133,,onnx_node,Conv:/features/features.6/features.6.0/block/block.0/block.0.0/Conv_kernel_time,30.188,0.690783,0.176,efficientnet_b0,0.020202,34,onnxrt_cuda,60,ok,3.840225
onnxruntime,99.996023,,onnx_node,Conv:/features/features.6/features.6.0/block/block.0/block.0.0/Conv_fence_after,0.001,0.001,0.001,efficientnet_b0,2.9e-05,472,onnxrt_cuda,3,ok,0.0
onnxruntime,99.996052,,onnx_node,Sigmoid:/features/features.6/features.6.0/block/block.0/block.0.2/Sigmoid_fence_before,0.001,0.001,0.001,efficientnet_b0,2.9e-05,473,onnxrt_cuda,16,ok,0.0
onnxruntime,99.856549,,onnx_node,Sigmoid:/features/features.6/features.6.0/block/block.0/block.0.2/Sigmoid_kernel_time,0.108,0.061883,0.054,efficientnet_b0,0.00181,168,onnxrt_cuda,60,ok,0.00777
onnxruntime,99.996081,,onnx_node,Mul:/features/features.6/features.6.0/block/block.0/block.0.2/Mul_fence_before,0.001,0.001,0.001,efficientnet_b0,2.9e-05,474,onnxrt_cuda,4,ok,0.0
onnxruntime,99.849305,,onnx_node,Mul:/features/features.6/features.6.0/block/block.0/block.0.2/Mul_kernel_time,0.109,0.062117,0.055,efficientnet_b0,0.001817,164,onnxrt_cuda,60,ok,0.00969
onnxruntime,98.344521,,onnx_node,Conv:/features/features.6/features.6.0/block/block.1/block.1.0/Conv_kernel_time,232.941,4.0214,0.128,efficientnet_b0,0.117608,19,onnxrt_cuda,60,ok,29.802795
onnxruntime,99.989525,,onnx_node,Conv:/features/features.6/features.6.0/block/block.1/block.1.0/Conv_fence_after,0.002,0.002,0.002,efficientnet_b0,5.8e-05,253,onnxrt_cuda,1,ok,0.0
onnxruntime,99.99611,,onnx_node,Sigmoid:/features/features.6/features.6.0/block/block.1/block.1.2/Sigmoid_fence_before,0.001,0.001,0.001,efficientnet_b0,2.9e-05,475,onnxrt_cuda,4,ok,0.0
onnxruntime,99.881779,,onnx_node,Sigmoid:/features/features.6/features.6.0/block/block.1/block.1.2/Sigmoid_kernel_time,0.092,0.061433,0.056,efficientnet_b0,0.001797,182,onnxrt_cuda,60,ok,0.005302
onnxruntime,99.99614,,onnx_node,Mul:/features/features.6/features.6.0/block/block.1/block.1.2/Mul_fence_before,0.001,0.001,0.001,efficientnet_b0,2.9e-05,476,onnxrt_cuda,1,ok,0.0
onnxruntime,99.874589,,onnx_node,Mul:/features/features.6/features.6.0/block/block.1/block.1.2/Mul_kernel_time,0.185,0.061533,0.054,efficientnet_b0,0.0018,178,onnxrt_cuda,60,ok,0.01713
onnxruntime,99.996169,,onnx_node,GlobalAveragePool:/features/features.6/features.6.0/block/block.2/avgpool/GlobalAveragePool_fence_before,0.001,0.001,0.001,efficientnet_b0,2.9e-05,477,onnxrt_cuda,6,ok,0.0
onnxruntime,99.726328,,onnx_node,GlobalAveragePool:/features/features.6/features.6.0/block/block.2/avgpool/GlobalAveragePool_kernel_time,0.1,0.0729,0.065,efficientnet_b0,0.002132,100,onnxrt_cuda,60,ok,0.00596
onnxruntime,99.016007,,onnx_node,Conv:/features/features.6/features.6.0/block/block.2/fc1/Conv_kernel_time,27.367,0.616833,0.145,efficientnet_b0,0.01804,45,onnxrt_cuda,60,ok,3.482649
onnxruntime,99.996198,,onnx_node,Conv:/features/features.6/features.6.0/block/block.2/fc1/Conv_fence_after,0.001,0.001,0.001,efficientnet_b0,2.9e-05,478,onnxrt_cuda,1,ok,0.0
onnxruntime,99.996227,,onnx_node,Sigmoid:/features/features.6/features.6.0/block/block.2/activation/Sigmoid_fence_before,0.001,0.001,0.001,efficientnet_b0,2.9e-05,479,onnxrt_cuda,17,ok,0.0
onnxruntime,99.887164,,onnx_node,Sigmoid:/features/features.6/features.6.0/block/block.2/activation/Sigmoid_kernel_time,0.099,0.06135,0.055,efficientnet_b0,0.001794,185,onnxrt_cuda,60,ok,0.006069
onnxruntime,99.996257,,onnx_node,Mul:/features/features.6/features.6.0/block/block.2/activation/Mul_fence_before,0.001,0.001,0.001,efficientnet_b0,2.9e-05,480,onnxrt_cuda,3,ok,0.0
onnxruntime,99.982202,,onnx_node,Mul:/features/features.6/features.6.0/block/block.2/activation/Mul_kernel_time,0.09,0.0584,0.054,efficientnet_b0,0.001708,239,onnxrt_cuda,60,ok,0.0048
onnxruntime,99.996286,,onnx_node,Conv:/features/features.6/features.6.0/block/block.2/fc2/Conv_fence_before,0.001,0.001,0.001,efficientnet_b0,2.9e-05,481,onnxrt_cuda,4,ok,0.0
onnxruntime,99.627284,,onnx_node,Conv:/features/features.6/features.6.0/block/block.2/fc2/Conv_kernel_time,23.47,0.5481,0.144,efficientnet_b0,0.016029,81,onnxrt_cuda,60,ok,2.984205
onnxruntime,99.996315,,onnx_node,Conv:/features/features.6/features.6.0/block/block.2/fc2/Conv_fence_after,0.001,0.001,0.001,efficientnet_b0,2.9e-05,482,onnxrt_cuda,3,ok,0.0
onnxruntime,99.996344,,onnx_node,Sigmoid:/features/features.6/features.6.0/block/block.2/scale_activation/Sigmoid_fence_before,0.001,0.001,0.001,efficientnet_b0,2.9e-05,483,onnxrt_cuda,12,ok,0.0
onnxruntime,99.954466,,onnx_node,Sigmoid:/features/features.6/features.6.0/block/block.2/scale_activation/Sigmoid_kernel_time,0.101,0.059883,0.054,efficientnet_b0,0.001751,223,onnxrt_cuda,60,ok,0.006184
onnxruntime,99.996374,,onnx_node,Mul:/features/features.6/features.6.0/block/block.2/Mul_fence_before,0.001,0.001,0.001,efficientnet_b0,2.9e-05,484,onnxrt_cuda,3,ok,0.0
onnxruntime,99.878185,,onnx_node,Mul:/features/features.6/features.6.0/block/block.2/Mul_kernel_time,0.096,0.061467,0.056,efficientnet_b0,0.001798,180,onnxrt_cuda,60,ok,0.007708
onnxruntime,99.996403,,onnx_node,Conv:/features/features.6/features.6.0/block/block.3/block.3.0/Conv_fence_before,0.001,0.001,0.001,efficientnet_b0,2.9e-05,485,onnxrt_cuda,12,ok,0.0
onnxruntime,98.849124,,onnx_node,Conv:/features/features.6/features.6.0/block/block.3/block.3.0/Conv_kernel_time,31.8,0.679567,0.144,efficientnet_b0,0.019874,36,onnxrt_cuda,60,ok,4.051544
onnxruntime,99.996432,,onnx_node,Conv:/features/features.6/features.6.0/block/block.3/block.3.0/Conv_fence_after,0.001,0.001,0.001,efficientnet_b0,2.9e-05,486,onnxrt_cuda,2,ok,0.0
onnxruntime,99.996461,,onnx_node,Conv:/features/features.6/features.6.1/block/block.0/block.0.0/Conv_fence_before,0.001,0.001,0.001,efficientnet_b0,2.9e-05,487,onnxrt_cuda,1,ok,0.0
onnxruntime,98.558124,,onnx_node,Conv:/features/features.6/features.6.1/block/block.0/block.0.0/Conv_kernel_time,41.577,0.878217,0.175,efficientnet_b0,0.025684,23,onnxrt_cuda,60,ok,5.298541
onnxruntime,99.996491,,onnx_node,Conv:/features/features.6/features.6.1/block/block.0/block.0.0/Conv_fence_after,0.001,0.001,0.001,efficientnet_b0,2.9e-05,488,onnxrt_cuda,2,ok,0.0
onnxruntime,99.99652,,onnx_node,Sigmoid:/features/features.6/features.6.1/block/block.0/block.0.2/Sigmoid_fence_before,0.001,0.001,0.001,efficientnet_b0,2.9e-05,489,onnxrt_cuda,12,ok,0.0
onnxruntime,99.901476,,onnx_node,Sigmoid:/features/features.6/features.6.1/block/block.0/block.0.2/Sigmoid_kernel_time,0.116,0.06105,0.054,efficientnet_b0,0.001785,193,onnxrt_cuda,60,ok,0.008435
onnxruntime,99.996549,,onnx_node,Mul:/features/features.6/features.6.1/block/block.0/block.0.2/Mul_fence_before,0.001,0.001,0.001,efficientnet_b0,2.9e-05,490,onnxrt_cuda,4,ok,0.0
onnxruntime,99.915728,,onnx_node,Mul:/features/features.6/features.6.1/block/block.0/block.0.2/Mul_kernel_time,0.1,0.06065,0.055,efficientnet_b0,0.001774,201,onnxrt_cuda,60,ok,0.005991
onnxruntime,99.996578,,onnx_node,Mul:/features/features.6/features.6.1/block/block.0/block.0.2/Mul_fence_after,0.001,0.001,0.001,efficientnet_b0,2.9e-05,491,onnxrt_cuda,1,ok,0.0
onnxruntime,99.996608,,onnx_node,Conv:/features/features.6/features.6.1/block/block.1/block.1.0/Conv_fence_before,0.001,0.001,0.001,efficientnet_b0,2.9e-05,492,onnxrt_cuda,11,ok,0.0
onnxruntime,95.900322,,onnx_node,Conv:/features/features.6/features.6.1/block/block.1/block.1.0/Conv_kernel_time,671.345,11.323033,0.122,efficientnet_b0,0.331148,8,onnxrt_cuda,60,ok,85.927542
onnxruntime,99.996637,,onnx_node,Conv:/features/features.6/features.6.1/block/block.1/block.1.0/Conv_fence_after,0.001,0.001,0.001,efficientnet_b0,2.9e-05,493,onnxrt_cuda,1,ok,0.0
onnxruntime,99.996666,,onnx_node,Sigmoid:/features/features.6/features.6.1/block/block.1/block.1.2/Sigmoid_fence_before,0.001,0.001,0.001,efficientnet_b0,2.9e-05,494,onnxrt_cuda,9,ok,0.0
onnxruntime,99.829216,,onnx_node,Sigmoid:/features/features.6/features.6.1/block/block.1/block.1.2/Sigmoid_kernel_time,0.128,0.06275,0.057,efficientnet_b0,0.001835,153,onnxrt_cuda,60,ok,0.010801
onnxruntime,99.996695,,onnx_node,Mul:/features/features.6/features.6.1/block/block.1/block.1.2/Mul_fence_before,0.001,0.001,0.001,efficientnet_b0,2.9e-05,495,onnxrt_cuda,5,ok,0.0
onnxruntime,99.9175,,onnx_node,Mul:/features/features.6/features.6.1/block/block.1/block.1.2/Mul_kernel_time,0.1,0.0606,0.054,efficientnet_b0,0.001772,202,onnxrt_cuda,60,ok,0.006741
onnxruntime,99.996725,,onnx_node,GlobalAveragePool:/features/features.6/features.6.1/block/block.2/avgpool/GlobalAveragePool_fence_before,0.001,0.001,0.001,efficientnet_b0,2.9e-05,496,onnxrt_cuda,9,ok,0.0
onnxruntime,99.722049,,onnx_node,GlobalAveragePool:/features/features.6/features.6.1/block/block.2/avgpool/GlobalAveragePool_kernel_time,0.172,0.073717,0.065,efficientnet_b0,0.002156,98,onnxrt_cuda,60,ok,0.013863
onnxruntime,99.996754,,onnx_node,Conv:/features/features.6/features.6.1/block/block.2/fc1/Conv_fence_before,0.001,0.001,0.001,efficientnet_b0,2.9e-05,497,onnxrt_cuda,8,ok,0.0
onnxruntime,98.92466,,onnx_node,Conv:/features/features.6/features.6.1/block/block.2/fc1/Conv_kernel_time,28.595,0.632683,0.144,efficientnet_b0,0.018503,40,onnxrt_cuda,60,ok,3.640395
onnxruntime,99.996783,,onnx_node,Conv:/features/features.6/features.6.1/block/block.2/fc1/Conv_fence_after,0.001,0.001,0.001,efficientnet_b0,2.9e-05,498,onnxrt_cuda,1,ok,0.0
onnxruntime,99.996812,,onnx_node,Sigmoid:/features/features.6/features.6.1/block/block.2/activation/Sigmoid_fence_before,0.001,0.001,0.001,efficientnet_b0,2.9e-05,499,onnxrt_cuda,23,ok,0.0
onnxruntime,99.89969,,onnx_node,Sigmoid:/features/features.6/features.6.1/block/block.2/activation/Sigmoid_kernel_time,0.144,0.061083,0.055,efficientnet_b0,0.001786,192,onnxrt_cuda,60,ok,0.011267
onnxruntime,99.996841,,onnx_node,Mul:/features/features.6/features.6.1/block/block.2/activation/Mul_fence_before,0.001,0.001,0.001,efficientnet_b0,2.9e-05,500,onnxrt_cuda,5,ok,0.0
onnxruntime,99.929869,,onnx_node,Mul:/features/features.6/features.6.1/block/block.2/activation/Mul_kernel_time,0.112,0.0603,0.055,efficientnet_b0,0.001764,209,onnxrt_cuda,60,ok,0.007898
onnxruntime,99.313323,,onnx_node,Conv:/features/features.6/features.6.1/block/block.2/fc2/Conv_kernel_time,25.823,0.584333,0.142,efficientnet_b0,0.017089,62,onnxrt_cuda,60,ok,3.285814
onnxruntime,99.996871,,onnx_node,Conv:/features/features.6/features.6.1/block/block.2/fc2/Conv_fence_after,0.001,0.001,0.001,efficientnet_b0,2.9e-05,501,onnxrt_cuda,1,ok,0.0
onnxruntime,99.9969,,onnx_node,Sigmoid:/features/features.6/features.6.1/block/block.2/scale_activation/Sigmoid_fence_before,0.001,0.001,0.001,efficientnet_b0,2.9e-05,502,onnxrt_cuda,2,ok,0.0
onnxruntime,99.933395,,onnx_node,Sigmoid:/features/features.6/features.6.1/block/block.2/scale_activation/Sigmoid_kernel_time,0.121,0.060267,0.054,efficientnet_b0,0.001763,211,onnxrt_cuda,60,ok,0.00833
onnxruntime,99.996929,,onnx_node,Mul:/features/features.6/features.6.1/block/block.2/Mul_fence_before,0.001,0.001,0.001,efficientnet_b0,2.9e-05,503,onnxrt_cuda,11,ok,0.0
onnxruntime,99.890748,,onnx_node,Mul:/features/features.6/features.6.1/block/block.2/Mul_kernel_time,0.105,0.061233,0.056,efficientnet_b0,0.001791,187,onnxrt_cuda,60,ok,0.006443
onnxruntime,99.996958,,onnx_node,Conv:/features/features.6/features.6.1/block/block.3/block.3.0/Conv_fence_before,0.001,0.001,0.001,efficientnet_b0,2.9e-05,504,onnxrt_cuda,17,ok,0.0
onnxruntime,98.658757,,onnx_node,Conv:/features/features.6/features.6.1/block/block.3/block.3.0/Conv_kernel_time,38.644,0.837517,0.174,efficientnet_b0,0.024494,27,onnxrt_cuda,60,ok,4.922011
onnxruntime,99.996988,,onnx_node,Conv:/features/features.6/features.6.1/block/block.3/block.3.0/Conv_fence_after,0.001,0.001,0.001,efficientnet_b0,2.9e-05,505,onnxrt_cuda,3,ok,0.0
onnxruntime,99.990073,,onnx_node,Add:/features/features.6/features.6.1/Add_fence_before,0.002,0.001045,0.001,efficientnet_b0,3.1e-05,269,onnxrt_cuda,22,ok,0.000208
onnxruntime,99.749225,,onnx_node,Add:/features/features.6/features.6.1/Add_kernel_time,0.203,0.068667,0.059,efficientnet_b0,0.002008,111,onnxrt_cuda,60,ok,0.02251
onnxruntime,99.990195,,onnx_node,Conv:/features/features.6/features.6.2/block/block.0/block.0.0/Conv_fence_before,0.002,0.001036,0.001,efficientnet_b0,3e-05,273,onnxrt_cuda,28,ok,0.000186
onnxruntime,98.634264,,onnx_node,Conv:/features/features.6/features.6.2/block/block.0/block.0.0/Conv_kernel_time,41.698,0.850417,0.142,efficientnet_b0,0.024871,26,onnxrt_cuda,60,ok,5.317945
onnxruntime,99.997017,,onnx_node,Conv:/features/features.6/features.6.2/block/block.0/block.0.0/Conv_fence_after,0.001,0.001,0.001,efficientnet_b0,2.9e-05,506,onnxrt_cuda,1,ok,0.0
onnxruntime,99.997046,,onnx_node,Sigmoid:/features/features.6/features.6.2/block/block.0/block.0.2/Sigmoid_fence_before,0.001,0.001,0.001,efficientnet_b0,2.9e-05,507,onnxrt_cuda,6,ok,0.0
onnxruntime,99.906829,,onnx_node,Sigmoid:/features/features.6/features.6.2/block/block.0/block.0.2/Sigmoid_kernel_time,0.103,0.060983,0.055,efficientnet_b0,0.001783,196,onnxrt_cuda,60,ok,0.007997
onnxruntime,99.997075,,onnx_node,Mul:/features/features.6/features.6.2/block/block.0/block.0.2/Mul_fence_before,0.001,0.001,0.001,efficientnet_b0,2.9e-05,508,onnxrt_cuda,3,ok,0.0
onnxruntime,99.966685,,onnx_node,Mul:/features/features.6/features.6.2/block/block.0/block.0.2/Mul_kernel_time,0.105,0.059483,0.055,efficientnet_b0,0.00174,230,onnxrt_cuda,60,ok,0.007471
onnxruntime,95.569174,,onnx_node,Conv:/features/features.6/features.6.2/block/block.1/block.1.0/Conv_kernel_time,718.973,12.11345,0.124,efficientnet_b0,0.354264,7,onnxrt_cuda,60,ok,92.025275
onnxruntime,99.997105,,onnx_node,Conv:/features/features.6/features.6.2/block/block.1/block.1.0/Conv_fence_after,0.001,0.001,0.001,efficientnet_b0,2.9e-05,509,onnxrt_cuda,1,ok,0.0
onnxruntime,99.997134,,onnx_node,Sigmoid:/features/features.6/features.6.2/block/block.1/block.1.2/Sigmoid_fence_before,0.001,0.001,0.001,efficientnet_b0,2.9e-05,510,onnxrt_cuda,2,ok,0.0
onnxruntime,99.905045,,onnx_node,Sigmoid:/features/features.6/features.6.2/block/block.1/block.1.2/Sigmoid_kernel_time,0.106,0.061,0.055,efficientnet_b0,0.001784,195,onnxrt_cuda,60,ok,0.008434
onnxruntime,99.997163,,onnx_node,Mul:/features/features.6/features.6.2/block/block.1/block.1.2/Mul_fence_before,0.001,0.001,0.001,efficientnet_b0,2.9e-05,511,onnxrt_cuda,3,ok,0.0
onnxruntime,99.919269,,onnx_node,Mul:/features/features.6/features.6.2/block/block.1/block.1.2/Mul_kernel_time,0.091,0.0605,0.055,efficientnet_b0,0.001769,203,onnxrt_cuda,60,ok,0.0055
onnxruntime,99.997192,,onnx_node,GlobalAveragePool:/features/features.6/features.6.2/block/block.2/avgpool/GlobalAveragePool_fence_before,0.001,0.001,0.001,efficientnet_b0,2.9e-05,512,onnxrt_cuda,6,ok,0.0
onnxruntime,99.741141,,onnx_node,GlobalAveragePool:/features/features.6/features.6.2/block/block.2/avgpool/GlobalAveragePool_kernel_time,0.11,0.071467,0.064,efficientnet_b0,0.00209,107,onnxrt_cuda,60,ok,0.007426
onnxruntime,99.070065,,onnx_node,Conv:/features/features.6/features.6.2/block/block.2/fc1/Conv_kernel_time,25.077,0.61565,0.175,efficientnet_b0,0.018005,48,onnxrt_cuda,60,ok,3.184676
onnxruntime,99.997222,,onnx_node,Conv:/features/features.6/features.6.2/block/block.2/fc1/Conv_fence_after,0.001,0.001,0.001,efficientnet_b0,2.9e-05,513,onnxrt_cuda,1,ok,0.0
onnxruntime,99.989467,,onnx_node,Sigmoid:/features/features.6/features.6.2/block/block.2/activation/Sigmoid_fence_before,0.021,0.002333,0.001,efficientnet_b0,6.8e-05,252,onnxrt_cuda,15,ok,0.004989
onnxruntime,99.865586,,onnx_node,Sigmoid:/features/features.6/features.6.2/block/block.2/activation/Sigmoid_kernel_time,0.105,0.061733,0.056,efficientnet_b0,0.001805,173,onnxrt_cuda,60,ok,0.007064
onnxruntime,99.997251,,onnx_node,Mul:/features/features.6/features.6.2/block/block.2/activation/Mul_fence_before,0.001,0.001,0.001,efficientnet_b0,2.9e-05,514,onnxrt_cuda,2,ok,0.0
onnxruntime,99.978784,,onnx_node,Mul:/features/features.6/features.6.2/block/block.2/activation/Mul_kernel_time,0.088,0.058533,0.053,efficientnet_b0,0.001712,237,onnxrt_cuda,60,ok,0.006079
onnxruntime,99.261974,,onnx_node,Conv:/features/features.6/features.6.2/block/block.2/fc2/Conv_kernel_time,25.752,0.586867,0.144,efficientnet_b0,0.017163,59,onnxrt_cuda,60,ok,3.27624
onnxruntime,99.99728,,onnx_node,Sigmoid:/features/features.6/features.6.2/block/block.2/scale_activation/Sigmoid_fence_before,0.001,0.001,0.001,efficientnet_b0,2.9e-05,515,onnxrt_cuda,11,ok,0.0
onnxruntime,99.935157,,onnx_node,Sigmoid:/features/features.6/features.6.2/block/block.2/scale_activation/Sigmoid_kernel_time,0.102,0.060267,0.055,efficientnet_b0,0.001763,212,onnxrt_cuda,60,ok,0.005865
onnxruntime,99.997309,,onnx_node,Mul:/features/features.6/features.6.2/block/block.2/Mul_fence_before,0.001,0.001,0.001,efficientnet_b0,2.9e-05,516,onnxrt_cuda,4,ok,0.0
onnxruntime,99.88537,,onnx_node,Mul:/features/features.6/features.6.2/block/block.2/Mul_kernel_time,0.096,0.061367,0.056,efficientnet_b0,0.001795,184,onnxrt_cuda,60,ok,0.006364
onnxruntime,99.997339,,onnx_node,Conv:/features/features.6/features.6.2/block/block.3/block.3.0/Conv_fence_before,0.001,0.001,0.001,efficientnet_b0,2.9e-05,517,onnxrt_cuda,12,ok,0.0
onnxruntime,98.707373,,onnx_node,Conv:/features/features.6/features.6.2/block/block.3/block.3.0/Conv_kernel_time,38.632,0.830667,0.177,efficientnet_b0,0.024293,29,onnxrt_cuda,60,ok,4.921324
onnxruntime,99.997368,,onnx_node,Conv:/features/features.6/features.6.2/block/block.3/block.3.0/Conv_fence_after,0.001,0.001,0.001,efficientnet_b0,2.9e-05,518,onnxrt_cuda,1,ok,0.0
onnxruntime,99.98995,,onnx_node,Add:/features/features.6/features.6.2/Add_fence_before,0.002,0.001067,0.001,efficientnet_b0,3.1e-05,265,onnxrt_cuda,15,ok,0.000249
onnxruntime,99.789941,,onnx_node,Add:/features/features.6/features.6.2/Add_kernel_time,0.117,0.0651,0.058,efficientnet_b0,0.001904,132,onnxrt_cuda,60,ok,0.010324
onnxruntime,99.997397,,onnx_node,Conv:/features/features.6/features.6.3/block/block.0/block.0.0/Conv_fence_before,0.001,0.001,0.001,efficientnet_b0,2.9e-05,519,onnxrt_cuda,9,ok,0.0
onnxruntime,98.583767,,onnx_node,Conv:/features/features.6/features.6.3/block/block.0/block.0.0/Conv_kernel_time,41.55,0.876817,0.172,efficientnet_b0,0.025643,24,onnxrt_cuda,60,ok,5.295213
onnxruntime,99.997426,,onnx_node,Conv:/features/features.6/features.6.3/block/block.0/block.0.0/Conv_fence_after,0.001,0.001,0.001,efficientnet_b0,2.9e-05,520,onnxrt_cuda,1,ok,0.0
onnxruntime,99.997456,,onnx_node,Sigmoid:/features/features.6/features.6.3/block/block.0/block.0.2/Sigmoid_fence_before,0.001,0.001,0.001,efficientnet_b0,2.9e-05,521,onnxrt_cuda,1,ok,0.0
onnxruntime,99.950962,,onnx_node,Sigmoid:/features/features.6/features.6.3/block/block.0/block.0.2/Sigmoid_kernel_time,0.111,0.05995,0.056,efficientnet_b0,0.001753,221,onnxrt_cuda,60,ok,0.00746
onnxruntime,99.997485,,onnx_node,Mul:/features/features.6/features.6.3/block/block.0/block.0.2/Mul_fence_before,0.001,0.001,0.001,efficientnet_b0,2.9e-05,522,onnxrt_cuda,1,ok,0.0
onnxruntime,99.943946,,onnx_node,Mul:/features/features.6/features.6.3/block/block.0/block.0.2/Mul_kernel_time,0.163,0.060017,0.054,efficientnet_b0,0.001755,217,onnxrt_cuda,60,ok,0.014142
onnxruntime,99.997514,,onnx_node,Mul:/features/features.6/features.6.3/block/block.0/block.0.2/Mul_fence_after,0.001,0.001,0.001,efficientnet_b0,2.9e-05,523,onnxrt_cuda,1,ok,0.0
onnxruntime,99.997543,,onnx_node,Conv:/features/features.6/features.6.3/block/block.1/block.1.0/Conv_fence_before,0.001,0.001,0.001,efficientnet_b0,2.9e-05,524,onnxrt_cuda,3,ok,0.0
onnxruntime,96.230963,,onnx_node,Conv:/features/features.6/features.6.3/block/block.1/block.1.0/Conv_kernel_time,670.377,11.305683,0.124,efficientnet_b0,0.33064,9,onnxrt_cuda,60,ok,85.803778
onnxruntime,99.997573,,onnx_node,Conv:/features/features.6/features.6.3/block/block.1/block.1.0/Conv_fence_after,0.001,0.001,0.001,efficientnet_b0,2.9e-05,525,onnxrt_cuda,3,ok,0.0
onnxruntime,99.997602,,onnx_node,Sigmoid:/features/features.6/features.6.3/block/block.1/block.1.2/Sigmoid_fence_before,0.001,0.001,0.001,efficientnet_b0,2.9e-05,526,onnxrt_cuda,13,ok,0.0
onnxruntime,99.86919,,onnx_node,Sigmoid:/features/features.6/features.6.3/block/block.1/block.1.2/Sigmoid_kernel_time,0.115,0.06155,0.055,efficientnet_b0,0.0018,175,onnxrt_cuda,60,ok,0.007764
onnxruntime,99.997631,,onnx_node,Mul:/features/features.6/features.6.3/block/block.1/block.1.2/Mul_fence_before,0.001,0.001,0.001,efficientnet_b0,2.9e-05,527,onnxrt_cuda,2,ok,0.0
onnxruntime,99.968424,,onnx_node,Mul:/features/features.6/features.6.3/block/block.1/block.1.2/Mul_kernel_time,0.091,0.05945,0.052,efficientnet_b0,0.001739,231,onnxrt_cuda,60,ok,0.00512
onnxruntime,99.99766,,onnx_node,GlobalAveragePool:/features/features.6/features.6.3/block/block.2/avgpool/GlobalAveragePool_fence_before,0.001,0.001,0.001,efficientnet_b0,2.9e-05,528,onnxrt_cuda,11,ok,0.0
onnxruntime,99.732705,,onnx_node,GlobalAveragePool:/features/features.6/features.6.3/block/block.2/avgpool/GlobalAveragePool_kernel_time,0.114,0.072617,0.063,efficientnet_b0,0.002124,103,onnxrt_cuda,60,ok,0.008277
onnxruntime,99.99769,,onnx_node,GlobalAveragePool:/features/features.6/features.6.3/block/block.2/avgpool/GlobalAveragePool_fence_after,0.001,0.001,0.001,efficientnet_b0,2.9e-05,529,onnxrt_cuda,1,ok,0.0
onnxruntime,99.997719,,onnx_node,Conv:/features/features.6/features.6.3/block/block.2/fc1/Conv_fence_before,0.001,0.001,0.001,efficientnet_b0,2.9e-05,530,onnxrt_cuda,3,ok,0.0
onnxruntime,99.08787,,onnx_node,Conv:/features/features.6/features.6.3/block/block.2/fc1/Conv_kernel_time,25.306,0.608817,0.178,efficientnet_b0,0.017805,49,onnxrt_cuda,60,ok,3.215315
onnxruntime,99.997748,,onnx_node,Conv:/features/features.6/features.6.3/block/block.2/fc1/Conv_fence_after,0.001,0.001,0.001,efficientnet_b0,2.9e-05,531,onnxrt_cuda,1,ok,0.0
onnxruntime,99.997777,,onnx_node,Sigmoid:/features/features.6/features.6.3/block/block.2/activation/Sigmoid_fence_before,0.001,0.001,0.001,efficientnet_b0,2.9e-05,532,onnxrt_cuda,21,ok,0.0
onnxruntime,99.97016,,onnx_node,Sigmoid:/features/features.6/features.6.3/block/block.2/activation/Sigmoid_kernel_time,0.103,0.05935,0.054,efficientnet_b0,0.001736,232,onnxrt_cuda,60,ok,0.00606
onnxruntime,99.997807,,onnx_node,Mul:/features/features.6/features.6.3/block/block.2/activation/Mul_fence_before,0.001,0.001,0.001,efficientnet_b0,2.9e-05,533,onnxrt_cuda,2,ok,0.0
onnxruntime,99.987246,,onnx_node,Mul:/features/features.6/features.6.3/block/block.2/activation/Mul_kernel_time,0.09,0.056817,0.053,efficientnet_b0,0.001662,242,onnxrt_cuda,60,ok,0.004811
onnxruntime,99.997836,,onnx_node,Conv:/features/features.6/features.6.3/block/block.2/fc2/Conv_fence_before,0.001,0.001,0.001,efficientnet_b0,2.9e-05,534,onnxrt_cuda,3,ok,0.0
onnxruntime,99.330347,,onnx_node,Conv:/features/features.6/features.6.3/block/block.2/fc2/Conv_kernel_time,25.726,0.582083,0.146,efficientnet_b0,0.017023,63,onnxrt_cuda,60,ok,3.273469
onnxruntime,99.997865,,onnx_node,Conv:/features/features.6/features.6.3/block/block.2/fc2/Conv_fence_after,0.001,0.001,0.001,efficientnet_b0,2.9e-05,535,onnxrt_cuda,1,ok,0.0
onnxruntime,99.997894,,onnx_node,Sigmoid:/features/features.6/features.6.3/block/block.2/scale_activation/Sigmoid_fence_before,0.001,0.001,0.001,efficientnet_b0,2.9e-05,536,onnxrt_cuda,3,ok,0.0
onnxruntime,99.952715,,onnx_node,Sigmoid:/features/features.6/features.6.3/block/block.2/scale_activation/Sigmoid_kernel_time,0.107,0.05995,0.054,efficientnet_b0,0.001753,222,onnxrt_cuda,60,ok,0.007288
onnxruntime,99.997924,,onnx_node,Mul:/features/features.6/features.6.3/block/block.2/Mul_fence_before,0.001,0.001,0.001,efficientnet_b0,2.9e-05,537,onnxrt_cuda,6,ok,0.0
onnxruntime,99.924573,,onnx_node,Mul:/features/features.6/features.6.3/block/block.2/Mul_kernel_time,0.102,0.060433,0.055,efficientnet_b0,0.001767,206,onnxrt_cuda,60,ok,0.006302
onnxruntime,99.997953,,onnx_node,Conv:/features/features.6/features.6.3/block/block.3/block.3.0/Conv_fence_before,0.001,0.001,0.001,efficientnet_b0,2.9e-05,538,onnxrt_cuda,20,ok,0.0
onnxruntime,98.68308,,onnx_node,Conv:/features/features.6/features.6.3/block/block.3/block.3.0/Conv_kernel_time,38.656,0.831667,0.175,efficientnet_b0,0.024323,28,onnxrt_cuda,60,ok,4.924324
onnxruntime,99.997982,,onnx_node,Conv:/features/features.6/features.6.3/block/block.3/block.3.0/Conv_fence_after,0.001,0.001,0.001,efficientnet_b0,2.9e-05,539,onnxrt_cuda,1,ok,0.0
onnxruntime,99.998011,,onnx_node,Add:/features/features.6/features.6.3/Add_fence_before,0.001,0.001,0.001,efficientnet_b0,2.9e-05,540,onnxrt_cuda,22,ok,0.0
onnxruntime,99.801304,,onnx_node,Add:/features/features.6/features.6.3/Add_kernel_time,0.115,0.064483,0.057,efficientnet_b0,0.001886,138,onnxrt_cuda,60,ok,0.008391
onnxruntime,99.998041,,onnx_node,Conv:/features/features.7/features.7.0/block/block.0/block.0.0/Conv_fence_before,0.001,0.001,0.001,efficientnet_b0,2.9e-05,541,onnxrt_cuda,3,ok,0.0
onnxruntime,98.609393,,onnx_node,Conv:/features/features.7/features.7.0/block/block.0/block.0.0/Conv_kernel_time,41.475,0.876217,0.17,efficientnet_b0,0.025625,25,onnxrt_cuda,60,ok,5.285527
onnxruntime,99.99807,,onnx_node,Conv:/features/features.7/features.7.0/block/block.0/block.0.0/Conv_fence_after,0.001,0.001,0.001,efficientnet_b0,2.9e-05,542,onnxrt_cuda,1,ok,0.0
onnxruntime,99.998099,,onnx_node,Sigmoid:/features/features.7/features.7.0/block/block.0/block.0.2/Sigmoid_fence_before,0.001,0.001,0.001,efficientnet_b0,2.9e-05,543,onnxrt_cuda,6,ok,0.0
onnxruntime,99.922806,,onnx_node,Sigmoid:/features/features.7/features.7.0/block/block.0/block.0.2/Sigmoid_kernel_time,0.108,0.06045,0.055,efficientnet_b0,0.001768,205,onnxrt_cuda,60,ok,0.007678
onnxruntime,99.998128,,onnx_node,Mul:/features/features.7/features.7.0/block/block.0/block.0.2/Mul_fence_before,0.001,0.001,0.001,efficientnet_b0,2.9e-05,544,onnxrt_cuda,1,ok,0.0
onnxruntime,99.977072,,onnx_node,Mul:/features/features.7/features.7.0/block/block.0/block.0.2/Mul_kernel_time,0.086,0.058733,0.054,efficientnet_b0,0.001718,236,onnxrt_cuda,60,ok,0.005836
onnxruntime,95.21491,,onnx_node,Conv:/features/features.7/features.7.0/block/block.1/block.1.0/Conv_kernel_time,731.179,12.321833,0.124,efficientnet_b0,0.360358,6,onnxrt_cuda,60,ok,93.587232
onnxruntime,99.998158,,onnx_node,Conv:/features/features.7/features.7.0/block/block.1/block.1.0/Conv_fence_after,0.001,0.001,0.001,efficientnet_b0,2.9e-05,545,onnxrt_cuda,1,ok,0.0
onnxruntime,99.998187,,onnx_node,Sigmoid:/features/features.7/features.7.0/block/block.1/block.1.2/Sigmoid_fence_before,0.001,0.001,0.001,efficientnet_b0,2.9e-05,546,onnxrt_cuda,3,ok,0.0
onnxruntime,99.892538,,onnx_node,Sigmoid:/features/features.7/features.7.0/block/block.1/block.1.2/Sigmoid_kernel_time,0.111,0.061233,0.055,efficientnet_b0,0.001791,188,onnxrt_cuda,60,ok,0.007717
onnxruntime,99.998216,,onnx_node,Mul:/features/features.7/features.7.0/block/block.1/block.1.2/Mul_fence_before,0.001,0.001,0.001,efficientnet_b0,2.9e-05,547,onnxrt_cuda,1,ok,0.0
onnxruntime,99.963203,,onnx_node,Mul:/features/features.7/features.7.0/block/block.1/block.1.2/Mul_kernel_time,0.11,0.059633,0.053,efficientnet_b0,0.001744,228,onnxrt_cuda,60,ok,0.008629
onnxruntime,99.998245,,onnx_node,GlobalAveragePool:/features/features.7/features.7.0/block/block.2/avgpool/GlobalAveragePool_fence_before,0.001,0.001,0.001,efficientnet_b0,2.9e-05,548,onnxrt_cuda,8,ok,0.0
onnxruntime,99.739051,,onnx_node,GlobalAveragePool:/features/features.7/features.7.0/block/block.2/avgpool/GlobalAveragePool_kernel_time,0.121,0.07225,0.064,efficientnet_b0,0.002113,106,onnxrt_cuda,60,ok,0.008463
onnxruntime,99.105626,,onnx_node,Conv:/features/features.7/features.7.0/block/block.2/fc1/Conv_kernel_time,25.067,0.607117,0.179,efficientnet_b0,0.017755,50,onnxrt_cuda,60,ok,3.184418
onnxruntime,99.998275,,onnx_node,Conv:/features/features.7/features.7.0/block/block.2/fc1/Conv_fence_after,0.001,0.001,0.001,efficientnet_b0,2.9e-05,549,onnxrt_cuda,2,ok,0.0
onnxruntime,99.998304,,onnx_node,Sigmoid:/features/features.7/features.7.0/block/block.2/activation/Sigmoid_fence_before,0.001,0.001,0.001,efficientnet_b0,2.9e-05,550,onnxrt_cuda,18,ok,0.0
onnxruntime,99.858359,,onnx_node,Sigmoid:/features/features.7/features.7.0/block/block.2/activation/Sigmoid_kernel_time,0.134,0.061883,0.056,efficientnet_b0,0.00181,169,onnxrt_cuda,60,ok,0.010646
onnxruntime,99.998333,,onnx_node,Mul:/features/features.7/features.7.0/block/block.2/activation/Mul_fence_before,0.001,0.001,0.001,efficientnet_b0,2.9e-05,551,onnxrt_cuda,1,ok,0.0
onnxruntime,99.983901,,onnx_node,Mul:/features/features.7/features.7.0/block/block.2/activation/Mul_kernel_time,0.092,0.058083,0.054,efficientnet_b0,0.001699,240,onnxrt_cuda,60,ok,0.005797
onnxruntime,99.998362,,onnx_node,Mul:/features/features.7/features.7.0/block/block.2/activation/Mul_fence_after,0.001,0.001,0.001,efficientnet_b0,2.9e-05,552,onnxrt_cuda,2,ok,0.0
onnxruntime,99.998391,,onnx_node,Conv:/features/features.7/features.7.0/block/block.2/fc2/Conv_fence_before,0.001,0.001,0.001,efficientnet_b0,2.9e-05,553,onnxrt_cuda,2,ok,0.0
onnxruntime,99.175708,,onnx_node,Conv:/features/features.7/features.7.0/block/block.2/fc2/Conv_kernel_time,25.908,0.594433,0.149,efficientnet_b0,0.017384,54,onnxrt_cuda,60,ok,3.295582
onnxruntime,99.998421,,onnx_node,Conv:/features/features.7/features.7.0/block/block.2/fc2/Conv_fence_after,0.001,0.001,0.001,efficientnet_b0,2.9e-05,554,onnxrt_cuda,1,ok,0.0
onnxruntime,99.99845,,onnx_node,Sigmoid:/features/features.7/features.7.0/block/block.2/scale_activation/Sigmoid_fence_before,0.001,0.001,0.001,efficientnet_b0,2.9e-05,555,onnxrt_cuda,10,ok,0.0
onnxruntime,99.921038,,onnx_node,Sigmoid:/features/features.7/features.7.0/block/block.2/scale_activation/Sigmoid_kernel_time,0.107,0.060483,0.054,efficientnet_b0,0.001769,204,onnxrt_cuda,60,ok,0.006739
onnxruntime,99.998479,,onnx_node,Mul:/features/features.7/features.7.0/block/block.2/Mul_fence_before,0.001,0.001,0.001,efficientnet_b0,2.9e-05,556,onnxrt_cuda,6,ok,0.0
onnxruntime,99.903261,,onnx_node,Mul:/features/features.7/features.7.0/block/block.2/Mul_kernel_time,0.099,0.06105,0.055,efficientnet_b0,0.001785,194,onnxrt_cuda,60,ok,0.006879
onnxruntime,99.998508,,onnx_node,Conv:/features/features.7/features.7.0/block/block.3/block.3.0/Conv_fence_before,0.001,0.001,0.001,efficientnet_b0,2.9e-05,557,onnxrt_cuda,6,ok,0.0
onnxruntime,99.158324,,onnx_node,Conv:/features/features.7/features.7.0/block/block.3/block.3.0/Conv_kernel_time,24.422,0.594867,0.177,efficientnet_b0,0.017397,53,onnxrt_cuda,60,ok,3.102043
onnxruntime,99.998538,,onnx_node,Conv:/features/features.7/features.7.0/block/block.3/block.3.0/Conv_fence_after,0.001,0.001,0.001,efficientnet_b0,2.9e-05,558,onnxrt_cuda,1,ok,0.0
onnxruntime,99.998567,,onnx_node,Conv:/features/features.8/features.8.0/Conv_fence_before,0.001,0.001,0.001,efficientnet_b0,2.9e-05,559,onnxrt_cuda,9,ok,0.0
onnxruntime,99.227606,,onnx_node,Conv:/features/features.8/features.8.0/Conv_kernel_time,24.349,0.589117,0.17,efficientnet_b0,0.017229,57,onnxrt_cuda,60,ok,3.093294
onnxruntime,99.998596,,onnx_node,Conv:/features/features.8/features.8.0/Conv_fence_after,0.001,0.001,0.001,efficientnet_b0,2.9e-05,560,onnxrt_cuda,2,ok,0.0
onnxruntime,99.998625,,onnx_node,Sigmoid:/features/features.8/features.8.2/Sigmoid_fence_before,0.001,0.001,0.001,efficientnet_b0,2.9e-05,561,onnxrt_cuda,6,ok,0.0
onnxruntime,99.883575,,onnx_node,Sigmoid:/features/features.8/features.8.2/Sigmoid_kernel_time,0.113,0.061417,0.056,efficientnet_b0,0.001796,183,onnxrt_cuda,60,ok,0.007336
onnxruntime,99.988576,,onnx_node,Sigmoid:/features/features.8/features.8.2/Sigmoid_fence_after,0.022,0.008,0.001,efficientnet_b0,0.000234,245,onnxrt_cuda,3,ok,0.009899
onnxruntime,99.998655,,onnx_node,Mul:/features/features.8/features.8.2/Mul_fence_before,0.001,0.001,0.001,efficientnet_b0,2.9e-05,562,onnxrt_cuda,5,ok,0.0
onnxruntime,99.973624,,onnx_node,Mul:/features/features.8/features.8.2/Mul_kernel_time,0.098,0.059183,0.055,efficientnet_b0,0.001731,234,onnxrt_cuda,60,ok,0.005841
onnxruntime,99.998684,,onnx_node,GlobalAveragePool:/avgpool/GlobalAveragePool_fence_before,0.001,0.001,0.001,efficientnet_b0,2.9e-05,563,onnxrt_cuda,18,ok,0.0
onnxruntime,99.743194,,onnx_node,GlobalAveragePool:/avgpool/GlobalAveragePool_kernel_time,0.126,0.0702,0.063,efficientnet_b0,0.002053,108,onnxrt_cuda,60,ok,0.008173
onnxruntime,99.998713,,onnx_node,Flatten:/Flatten_fence_before,0.001,0.001,0.001,efficientnet_b0,2.9e-05,564,onnxrt_cuda,20,ok,0.0
onnxruntime,99.987889,,onnx_node,Flatten:/Flatten_kernel_time,0.045,0.022,0.02,efficientnet_b0,0.000643,243,onnxrt_cuda,60,ok,0.003152
onnxruntime,99.998742,,onnx_node,Gemm:/classifier/classifier.1/Gemm_fence_before,0.001,0.001,0.001,efficientnet_b0,2.9e-05,565,onnxrt_cuda,19,ok,0.0
onnxruntime,99.693526,,onnx_node,Gemm:/classifier/classifier.1/Gemm_kernel_time,0.504,0.125783,0.114,efficientnet_b0,0.003679,86,onnxrt_cuda,60,ok,0.049625
onnxruntime,93.152257,,onnx_node,SequentialExecutor::Execute,12611.462,239.655017,28.666,efficientnet_b0,7.008832,4,onnxrt_cuda,60,ok,1610.673252
onnxruntime,78.928617,,onnx_node,model_run,12612.69,248.54305,38.783,efficientnet_b0,7.268767,2,onnxrt_cuda,60,ok,1609.674991
onnxruntime,99.998772,,onnx_node,GlobalAveragePool:/features/features.2/features.2.0/block/block.2/avgpool/GlobalAveragePool_fence_after,0.001,0.001,0.001,efficientnet_b0,2.9e-05,566,onnxrt_cuda,2,ok,0.0
onnxruntime,99.998801,,onnx_node,Mul:/features/features.2/features.2.0/block/block.2/activation/Mul_fence_after,0.001,0.001,0.001,efficientnet_b0,2.9e-05,567,onnxrt_cuda,1,ok,0.0
onnxruntime,99.99883,,onnx_node,Mul:/features/features.2/features.2.0/block/block.2/Mul_fence_after,0.001,0.001,0.001,efficientnet_b0,2.9e-05,568,onnxrt_cuda,1,ok,0.0
onnxruntime,99.998859,,onnx_node,Mul:/features/features.2/features.2.1/block/block.0/block.0.2/Mul_fence_after,0.001,0.001,0.001,efficientnet_b0,2.9e-05,569,onnxrt_cuda,2,ok,0.0
onnxruntime,99.998889,,onnx_node,Mul:/features/features.4/features.4.2/block/block.0/block.0.2/Mul_fence_after,0.001,0.001,0.001,efficientnet_b0,2.9e-05,570,onnxrt_cuda,1,ok,0.0
onnxruntime,99.998918,,onnx_node,Mul:/features/features.5/features.5.2/block/block.1/block.1.2/Mul_fence_after,0.001,0.001,0.001,efficientnet_b0,2.9e-05,571,onnxrt_cuda,1,ok,0.0
onnxruntime,99.998947,,onnx_node,Sigmoid:/features/features.6/features.6.1/block/block.2/activation/Sigmoid_fence_after,0.001,0.001,0.001,efficientnet_b0,2.9e-05,572,onnxrt_cuda,1,ok,0.0
onnxruntime,99.998976,,onnx_node,Sigmoid:/features/features.2/features.2.1/block/block.0/block.0.2/Sigmoid_fence_after,0.001,0.001,0.001,efficientnet_b0,2.9e-05,573,onnxrt_cuda,1,ok,0.0
onnxruntime,99.999006,,onnx_node,Conv:/features/features.5/features.5.0/block/block.1/block.1.0/Conv_fence_before,0.001,0.001,0.001,efficientnet_b0,2.9e-05,574,onnxrt_cuda,1,ok,0.0
onnxruntime,99.999035,,onnx_node,Sigmoid:/features/features.5/features.5.0/block/block.2/scale_activation/Sigmoid_fence_before,0.001,0.001,0.001,efficientnet_b0,2.9e-05,575,onnxrt_cuda,18,ok,0.0
onnxruntime,99.989399,,onnx_node,GlobalAveragePool:/features/features.6/features.6.0/block/block.2/avgpool/GlobalAveragePool_fence_after,0.003,0.003,0.003,efficientnet_b0,8.8e-05,251,onnxrt_cuda,1,ok,0.0
onnxruntime,99.999064,,onnx_node,Conv:/features/features.6/features.6.0/block/block.2/fc1/Conv_fence_before,0.001,0.001,0.001,efficientnet_b0,2.9e-05,576,onnxrt_cuda,3,ok,0.0
onnxruntime,99.999093,,onnx_node,Conv:/features/features.5/features.5.1/block/block.2/fc2/Conv_fence_before,0.001,0.001,0.001,efficientnet_b0,2.9e-05,577,onnxrt_cuda,3,ok,0.0
onnxruntime,99.999123,,onnx_node,Conv:/features/features.3/features.3.0/block/block.2/fc2/Conv_fence_before,0.001,0.001,0.001,efficientnet_b0,2.9e-05,578,onnxrt_cuda,13,ok,0.0
onnxruntime,99.999152,,onnx_node,Conv:/features/features.4/features.4.2/block/block.2/fc1/Conv_fence_before,0.001,0.001,0.001,efficientnet_b0,2.9e-05,579,onnxrt_cuda,6,ok,0.0
onnxruntime,99.999181,,onnx_node,Add:/features/features.6/features.6.1/Add_fence_after,0.001,0.001,0.001,efficientnet_b0,2.9e-05,580,onnxrt_cuda,2,ok,0.0
onnxruntime,99.99921,,onnx_node,Conv:/features/features.6/features.6.2/block/block.2/fc2/Conv_fence_before,0.001,0.001,0.001,efficientnet_b0,2.9e-05,581,onnxrt_cuda,2,ok,0.0
onnxruntime,99.99924,,onnx_node,Conv:/features/features.3/features.3.1/block/block.2/fc1/Conv_fence_before,0.001,0.001,0.001,efficientnet_b0,2.9e-05,582,onnxrt_cuda,7,ok,0.0
onnxruntime,99.999269,,onnx_node,Mul:/features/features.6/features.6.0/block/block.2/activation/Mul_fence_after,0.001,0.001,0.001,efficientnet_b0,2.9e-05,583,onnxrt_cuda,1,ok,0.0
onnxruntime,99.999298,,onnx_node,Conv:/features/features.6/features.6.2/block/block.2/fc1/Conv_fence_before,0.001,0.001,0.001,efficientnet_b0,2.9e-05,584,onnxrt_cuda,4,ok,0.0
onnxruntime,99.999327,,onnx_node,Conv:/features/features.4/features.4.1/block/block.2/fc2/Conv_fence_before,0.001,0.001,0.001,efficientnet_b0,2.9e-05,585,onnxrt_cuda,2,ok,0.0
onnxruntime,99.999357,,onnx_node,Conv:/features/features.6/features.6.2/block/block.2/fc2/Conv_fence_after,0.001,0.001,0.001,efficientnet_b0,2.9e-05,586,onnxrt_cuda,2,ok,0.0
onnxruntime,99.999386,,onnx_node,Conv:/features/features.5/features.5.2/block/block.2/fc1/Conv_fence_before,0.001,0.001,0.001,efficientnet_b0,2.9e-05,587,onnxrt_cuda,3,ok,0.0
onnxruntime,99.999415,,onnx_node,Mul:/features/features.7/features.7.0/block/block.0/block.0.2/Mul_fence_after,0.001,0.001,0.001,efficientnet_b0,2.9e-05,588,onnxrt_cuda,1,ok,0.0
onnxruntime,99.999444,,onnx_node,Mul:/features/features.4/features.4.0/block/block.1/block.1.2/Mul_fence_after,0.001,0.001,0.001,efficientnet_b0,2.9e-05,589,onnxrt_cuda,2,ok,0.0
onnxruntime,99.999474,,onnx_node,Conv:/features/features.7/features.7.0/block/block.2/fc1/Conv_fence_before,0.001,0.001,0.001,efficientnet_b0,2.9e-05,590,onnxrt_cuda,4,ok,0.0
onnxruntime,99.999503,,onnx_node,Mul:/features/features.5/features.5.1/block/block.0/block.0.2/Mul_fence_after,0.001,0.001,0.001,efficientnet_b0,2.9e-05,591,onnxrt_cuda,1,ok,0.0
onnxruntime,99.999532,,onnx_node,Sigmoid:/features/features.3/features.3.1/block/block.2/activation/Sigmoid_fence_after,0.001,0.001,0.001,efficientnet_b0,2.9e-05,592,onnxrt_cuda,1,ok,0.0
onnxruntime,99.999561,,onnx_node,Sigmoid:/features/features.4/features.4.0/block/block.2/activation/Sigmoid_fence_after,0.001,0.001,0.001,efficientnet_b0,2.9e-05,593,onnxrt_cuda,1,ok,0.0
onnxruntime,99.999591,,onnx_node,Mul:/features/features.6/features.6.1/block/block.2/activation/Mul_fence_after,0.001,0.001,0.001,efficientnet_b0,2.9e-05,594,onnxrt_cuda,1,ok,0.0
onnxruntime,99.99962,,onnx_node,Sigmoid:/features/features.6/features.6.1/block/block.1/block.1.2/Sigmoid_fence_after,0.001,0.001,0.001,efficientnet_b0,2.9e-05,595,onnxrt_cuda,1,ok,0.0
onnxruntime,99.999649,,onnx_node,Sigmoid:/features/features.6/features.6.3/block/block.1/block.1.2/Sigmoid_fence_after,0.001,0.001,0.001,efficientnet_b0,2.9e-05,596,onnxrt_cuda,1,ok,0.0
onnxruntime,99.999678,,onnx_node,Mul:/features/features.4/features.4.2/block/block.1/block.1.2/Mul_fence_after,0.001,0.001,0.001,efficientnet_b0,2.9e-05,597,onnxrt_cuda,1,ok,0.0
onnxruntime,99.999708,,onnx_node,Sigmoid:/features/features.4/features.4.1/block/block.2/activation/Sigmoid_fence_after,0.001,0.001,0.001,efficientnet_b0,2.9e-05,598,onnxrt_cuda,1,ok,0.0
onnxruntime,99.999737,,onnx_node,Sigmoid:/features/features.4/features.4.1/block/block.0/block.0.2/Sigmoid_fence_after,0.001,0.001,0.001,efficientnet_b0,2.9e-05,599,onnxrt_cuda,1,ok,0.0
onnxruntime,99.999766,,onnx_node,GlobalAveragePool:/features/features.5/features.5.2/block/block.2/avgpool/GlobalAveragePool_fence_after,0.001,0.001,0.001,efficientnet_b0,2.9e-05,600,onnxrt_cuda,1,ok,0.0
onnxruntime,99.999795,,onnx_node,GlobalAveragePool:/features/features.4/features.4.2/block/block.2/avgpool/GlobalAveragePool_fence_after,0.001,0.001,0.001,efficientnet_b0,2.9e-05,601,onnxrt_cuda,1,ok,0.0
onnxruntime,99.999825,,onnx_node,Conv:/features/features.6/features.6.0/block/block.1/block.1.0/Conv_fence_before,0.001,0.001,0.001,efficientnet_b0,2.9e-05,602,onnxrt_cuda,1,ok,0.0
onnxruntime,99.999854,,onnx_node,Sigmoid:/features/features.6/features.6.0/block/block.1/block.1.2/Sigmoid_fence_after,0.001,0.001,0.001,efficientnet_b0,2.9e-05,603,onnxrt_cuda,1,ok,0.0
onnxruntime,99.999883,,onnx_node,Sigmoid:/features/features.2/features.2.1/block/block.1/block.1.2/Sigmoid_fence_after,0.001,0.001,0.001,efficientnet_b0,2.9e-05,604,onnxrt_cuda,1,ok,0.0
onnxruntime,99.999912,,onnx_node,Conv:/features/features.4/features.4.2/block/block.2/fc1/Conv_fence_after,0.001,0.001,0.001,efficientnet_b0,2.9e-05,605,onnxrt_cuda,1,ok,0.0
onnxruntime,99.999942,,onnx_node,Mul:/features/features.5/features.5.2/block/block.2/Mul_fence_after,0.001,0.001,0.001,efficientnet_b0,2.9e-05,606,onnxrt_cuda,1,ok,0.0
onnxruntime,99.999971,,onnx_node,Conv:/features/features.4/features.4.1/block/block.0/block.0.0/Conv_fence_before,0.001,0.001,0.001,efficientnet_b0,2.9e-05,607,onnxrt_cuda,1,ok,0.0
onnxruntime,100.0,,onnx_node,Sigmoid:/features/features.4/features.4.0/block/block.1/block.1.2/Sigmoid_fence_after,0.001,0.001,0.001,efficientnet_b0,2.9e-05,608,onnxrt_cuda,1,ok,0.0
onnxruntime,99.999968,,onnx_node,model_loading_uri,49.083,49.083,49.083,efficientnet_b0,0.534709,5,onnxrt_trt,1,ok,0.0
onnxruntime,99.465259,,onnx_node,session_initialization,1586.044,1586.044,1586.044,efficientnet_b0,17.278339,4,onnxrt_trt,1,ok,0.0
onnxruntime,99.999988,,onnx_node,TRTKernel_graph_torch_jit_2339698660606450594_1:TensorrtExecutionProvider_TRTKernel_graph_torch_jit_2339698660606450594_1_0_fence_before,0.002,0.001867,0.001,efficientnet_b0,2e-05,6,onnxrt_trt,60,ok,0.00034
onnxruntime,82.18692,,onnx_node,TRTKernel_graph_torch_jit_2339698660606450594_1:TensorrtExecutionProvider_TRTKernel_graph_torch_jit_2339698660606450594_1_0_kernel_time,150011.924,2508.227083,7.791,efficientnet_b0,27.324587,3,onnxrt_trt,60,ok,19203.345672
onnxruntime,100.0,,onnx_node,TRTKernel_graph_torch_jit_2339698660606450594_1:TensorrtExecutionProvider_TRTKernel_graph_torch_jit_2339698660606450594_1_0_fence_after,0.002,0.001059,0.001,efficientnet_b0,1.2e-05,7,onnxrt_trt,51,ok,0.000235
onnxruntime,54.862332,,onnx_node,SequentialExecutor::Execute,150012.119,2508.338033,7.908,efficientnet_b0,27.325796,2,onnxrt_trt,60,ok,19203.356615
onnxruntime,27.536536,,onnx_node,model_run,150031.77,2527.68265,27.513,efficientnet_b0,27.536536,1,onnxrt_trt,60,ok,19203.396497
,,benchmark_model not found. Set --tflite-benchmark-bin or TFLITE_BENCHMARK_MODEL_BIN.,,,,,,efficientnet_b0,,,tflite_cpu,0,error,
,,benchmark_model not found. Set --tflite-benchmark-bin or TFLITE_BENCHMARK_MODEL_BIN.,,,,,,efficientnet_b0,,,tflite_gpu,0,error,
ncnn,25.026446,,ncnn_layer,Convolution:/features/features.0/features.0.0/Conv,2.67,1.968971,1.93,efficientnet_b0,2.291829,9,ncnn_cpu,68,ok,0.087903
ncnn,41.338157,,ncnn_layer,Swish:/features/features.0/features.0.2/Mul,1.47,1.404853,1.38,efficientnet_b0,1.635211,18,ncnn_cpu,68,ok,0.020686
ncnn,69.713594,,ncnn_layer,ConvolutionDepthWise:/features/features.1/features.1.0/block/block.0/block.0.0/Conv,2.1,0.924706,0.88,efficientnet_b0,1.076333,38,ncnn_cpu,68,ok,0.144898
ncnn,42.964125,,ncnn_layer,Swish:/features/features.1/features.1.0/block/block.0/block.0.2/Mul,1.46,1.396912,1.38,efficientnet_b0,1.625968,19,ncnn_cpu,68,ok,0.019648
ncnn,99.894558,,ncnn_layer,Split:splitncnn_0,0.01,0.006912,0.0,efficientnet_b0,0.008045,173,ncnn_cpu,68,ok,0.00462
ncnn,91.973036,,ncnn_layer,Pooling:/features/features.1/features.1.0/block/block.1/avgpool/GlobalAveragePool,0.36,0.319559,0.3,efficientnet_b0,0.371958,73,ncnn_cpu,68,ok,0.011039
ncnn,99.438213,,ncnn_layer,Convolution:/features/features.1/features.1.0/block/block.1/fc1/Conv,0.11,0.021324,0.02,efficientnet_b0,0.024821,143,ncnn_cpu,68,ok,0.010834
ncnn,99.97501,,ncnn_layer,Swish:/features/features.1/features.1.0/block/block.1/activation/Mul,0.01,0.004265,0.0,efficientnet_b0,0.004964,186,ncnn_cpu,68,ok,0.004946
ncnn,99.791511,,ncnn_layer,Convolution:/features/features.1/features.1.0/block/block.1/fc2/Conv,0.01,0.01,0.01,efficientnet_b0,0.01164,163,ncnn_cpu,68,ok,0.0
ncnn,99.983568,,ncnn_layer,Sigmoid:/features/features.1/features.1.0/block/block.1/scale_activation/Sigmoid,0.01,0.003235,0.0,efficientnet_b0,0.003765,188,ncnn_cpu,68,ok,0.004678
ncnn,88.871391,,ncnn_layer,BinaryOp:/features/features.1/features.1.0/block/block.1/Mul,0.9,0.380147,0.36,efficientnet_b0,0.442481,65,ncnn_cpu,68,ok,0.064066
ncnn,53.995508,,ncnn_layer,Convolution:/features/features.1/features.1.0/block/block.2/block.2.0/Conv,1.34,1.271765,1.22,efficientnet_b0,1.4803,26,ncnn_cpu,68,ok,0.022488
ncnn,7.937782,,ncnn_layer,Convolution:/features/features.2/features.2.0/block/block.0/block.0.0/Conv,4.18,2.670294,2.56,efficientnet_b0,3.10815,2,ncnn_cpu,68,ok,0.265213
ncnn,4.829632,,ncnn_layer,Swish:/features/features.2/features.2.0/block/block.0/block.0.2/Mul,4.24,4.149265,4.12,efficientnet_b0,4.829632,1,ncnn_cpu,68,ok,0.023534
ncnn,22.734617,,ncnn_layer,ConvolutionDepthWise:/features/features.2/features.2.0/block/block.1/block.1.0/Conv,3.39,2.065294,1.99,efficientnet_b0,2.403946,8,ncnn_cpu,68,ok,0.165098
ncnn,67.544667,,ncnn_layer,Swish:/features/features.2/features.2.0/block/block.1/block.1.2/Mul,1.15,1.054265,1.04,efficientnet_b0,1.227136,36,ncnn_cpu,68,ok,0.021096
ncnn,99.953612,,ncnn_layer,Split:splitncnn_1,0.01,0.004853,0.0,efficientnet_b0,0.005649,182,ncnn_cpu,68,ok,0.004998
ncnn,93.238515,,ncnn_layer,Pooling:/features/features.2/features.2.0/block/block.2/avgpool/GlobalAveragePool,0.28,0.246324,0.23,efficientnet_b0,0.286714,77,ncnn_cpu,68,ok,0.008896
ncnn,99.485285,,ncnn_layer,Convolution:/features/features.2/features.2.0/block/block.2/fc1/Conv,0.02,0.02,0.02,efficientnet_b0,0.023279,145,ncnn_cpu,68,ok,0.0
ncnn,99.959261,,ncnn_layer,Swish:/features/features.2/features.2.0/block/block.2/activation/Mul,0.01,0.004853,0.0,efficientnet_b0,0.005649,183,ncnn_cpu,68,ok,0.004998
ncnn,99.779872,,ncnn_layer,Convolution:/features/features.2/features.2.0/block/block.2/fc2/Conv,0.02,0.010147,0.01,efficientnet_b0,0.011811,162,ncnn_cpu,68,ok,0.001204
ncnn,99.923657,,ncnn_layer,Sigmoid:/features/features.2/features.2.0/block/block.2/scale_activation/Sigmoid,0.01,0.005588,0.0,efficientnet_b0,0.006504,177,ncnn_cpu,68,ok,0.004965
ncnn,92.9518,,ncnn_layer,BinaryOp:/features/features.2/features.2.0/block/block.2/Mul,0.33,0.256324,0.24,efficientnet_b0,0.298354,76,ncnn_cpu,68,ok,0.013493
ncnn,39.702946,,ncnn_layer,Convolution:/features/features.2/features.2.0/block/block.3/block.3.0/Conv,1.49,1.429412,1.41,efficientnet_b0,1.663797,17,ncnn_cpu,68,ok,0.022022
ncnn,99.998631,,ncnn_layer,Split:splitncnn_2,0.01,0.000441,0.0,efficientnet_b0,0.000513,196,ncnn_cpu,68,ok,0.002054
ncnn,47.786567,,ncnn_layer,Convolution:/features/features.2/features.2.1/block/block.0/block.0.0/Conv,1.45,1.368235,1.3,efficientnet_b0,1.592589,22,ncnn_cpu,68,ok,0.037493
ncnn,34.454113,,ncnn_layer,Swish:/features/features.2/features.2.1/block/block.0/block.0.2/Mul,1.65,1.578088,1.55,efficientnet_b0,1.836852,14,ncnn_cpu,68,ok,0.03237
ncnn,65.016963,,ncnn_layer,ConvolutionDepthWise:/features/features.2/features.2.1/block/block.1/block.1.0/Conv,1.81,1.144265,1.11,efficientnet_b0,1.331894,34,ncnn_cpu,68,ok,0.087031
ncnn,36.284289,,ncnn_layer,Swish:/features/features.2/features.2.1/block/block.1/block.1.2/Mul,1.65,1.572353,1.55,efficientnet_b0,1.830176,15,ncnn_cpu,68,ok,0.018078
ncnn,99.910478,,ncnn_layer,Split:splitncnn_3,0.01,0.006765,0.0,efficientnet_b0,0.007874,175,ncnn_cpu,68,ok,0.004678
ncnn,89.2757,,ncnn_layer,Pooling:/features/features.2/features.2.1/block/block.2/avgpool/GlobalAveragePool,0.38,0.347353,0.33,efficientnet_b0,0.404309,66,ncnn_cpu,68,ok,0.009944
ncnn,99.413393,,ncnn_layer,Convolution:/features/features.2/features.2.1/block/block.2/fc1/Conv,0.03,0.026324,0.02,efficientnet_b0,0.03064,142,ncnn_cpu,68,ok,0.004822
ncnn,99.869737,,ncnn_layer,Swish:/features/features.2/features.2.1/block/block.2/activation/Mul,0.03,0.007647,0.0,efficientnet_b0,0.008901,170,ncnn_cpu,68,ok,0.005178
ncnn,99.768061,,ncnn_layer,Convolution:/features/features.2/features.2.1/block/block.2/fc2/Conv,0.02,0.010294,0.01,efficientnet_b0,0.011982,161,ncnn_cpu,68,ok,0.00169
ncnn,99.878296,,ncnn_layer,Sigmoid:/features/features.2/features.2.1/block/block.2/scale_activation/Sigmoid,0.01,0.007353,0.0,efficientnet_b0,0.008559,171,ncnn_cpu,68,ok,0.004412
ncnn,87.469146,,ncnn_layer,BinaryOp:/features/features.2/features.2.1/block/block.2/Mul,1.0,0.436471,0.41,efficientnet_b0,0.50804,62,ncnn_cpu,68,ok,0.070623
ncnn,10.475414,,ncnn_layer,Convolution:/features/features.2/features.2.1/block/block.3/block.3.0/Conv,2.27,2.180147,2.14,efficientnet_b0,2.537632,3,ncnn_cpu,68,ok,0.02615
ncnn,96.081519,,ncnn_layer,BinaryOp:/features/features.2/features.2.1/Add,0.18,0.134559,0.13,efficientnet_b0,0.156623,89,ncnn_cpu,68,ok,0.008123
ncnn,46.193979,,ncnn_layer,Convolution:/features/features.3/features.3.0/block/block.0/block.0.0/Conv,1.45,1.378382,1.3,efficientnet_b0,1.604399,21,ncnn_cpu,68,ok,0.043912
ncnn,32.617261,,ncnn_layer,Swish:/features/features.3/features.3.0/block/block.0/block.0.2/Mul,1.64,1.580735,1.55,efficientnet_b0,1.839933,13,ncnn_cpu,68,ok,0.028559
ncnn,66.317531,,ncnn_layer,ConvolutionDepthWise:/features/features.3/features.3.0/block/block.1/block.1.0/Conv,1.18,1.117353,1.09,efficientnet_b0,1.300569,35,ncnn_cpu,68,ok,0.024532
ncnn,88.42891,,ncnn_layer,Swish:/features/features.3/features.3.0/block/block.1/block.1.2/Mul,0.46,0.404559,0.4,efficientnet_b0,0.470896,64,ncnn_cpu,68,ok,0.011303
ncnn,99.994866,,ncnn_layer,Split:splitncnn_4,0.01,0.001471,0.0,efficientnet_b0,0.001712,192,ncnn_cpu,68,ok,0.003542
ncnn,97.03033,,ncnn_layer,Pooling:/features/features.3/features.3.0/block/block.2/avgpool/GlobalAveragePool,0.1,0.071471,0.07,efficientnet_b0,0.08319,97,ncnn_cpu,68,ok,0.004622
ncnn,99.508565,,ncnn_layer,Convolution:/features/features.3/features.3.0/block/block.2/fc1/Conv,0.02,0.02,0.02,efficientnet_b0,0.023279,146,ncnn_cpu,68,ok,0.0
ncnn,99.936324,,ncnn_layer,Swish:/features/features.3/features.3.0/block/block.2/activation/Mul,0.03,0.005294,0.0,efficientnet_b0,0.006162,179,ncnn_cpu,68,ok,0.005808
ncnn,99.731602,,ncnn_layer,Convolution:/features/features.3/features.3.0/block/block.2/fc2/Conv,0.04,0.010735,0.01,efficientnet_b0,0.012495,158,ncnn_cpu,68,ok,0.003954
ncnn,99.886513,,ncnn_layer,Sigmoid:/features/features.3/features.3.0/block/block.2/scale_activation/Sigmoid,0.01,0.007059,0.0,efficientnet_b0,0.008216,172,ncnn_cpu,68,ok,0.004556
ncnn,97.2698,,ncnn_layer,BinaryOp:/features/features.3/features.3.0/block/block.2/Mul,0.09,0.066765,0.06,efficientnet_b0,0.077713,100,ncnn_cpu,68,ok,0.007162
ncnn,76.951623,,ncnn_layer,Convolution:/features/features.3/features.3.0/block/block.3/block.3.0/Conv,0.88,0.851324,0.84,efficientnet_b0,0.990918,45,ncnn_cpu,68,ok,0.01371
ncnn,99.998802,,ncnn_layer,Split:splitncnn_5,0.01,0.000147,0.0,efficientnet_b0,0.000171,197,ncnn_cpu,68,ok,0.001204
ncnn,70.789071,,ncnn_layer,Convolution:/features/features.3/features.3.1/block/block.0/block.0.0/Conv,0.96,0.923971,0.91,efficientnet_b0,1.075477,39,ncnn_cpu,68,ok,0.015257
ncnn,80.178567,,ncnn_layer,Swish:/features/features.3/features.3.1/block/block.0/block.0.2/Mul,0.75,0.656029,0.65,efficientnet_b0,0.7636,49,ncnn_cpu,68,ok,0.016462
ncnn,55.47478,,ncnn_layer,ConvolutionDepthWise:/features/features.3/features.3.1/block/block.1/block.1.0/Conv,1.38,1.270882,1.22,efficientnet_b0,1.479272,27,ncnn_cpu,68,ok,0.02331
ncnn,78.644691,,ncnn_layer,Swish:/features/features.3/features.3.1/block/block.1/block.1.2/Mul,0.74,0.663235,0.65,efficientnet_b0,0.771988,47,ncnn_cpu,68,ok,0.015286
ncnn,99.996407,,ncnn_layer,Split:splitncnn_6,0.01,0.001324,0.0,efficientnet_b0,0.001541,193,ncnn_cpu,68,ok,0.003389
ncnn,96.23198,,ncnn_layer,Pooling:/features/features.3/features.3.1/block/block.2/avgpool/GlobalAveragePool,0.15,0.129265,0.12,efficientnet_b0,0.150461,90,ncnn_cpu,68,ok,0.007137
ncnn,99.462006,,ncnn_layer,Convolution:/features/features.3/features.3.1/block/block.2/fc1/Conv,0.05,0.020441,0.02,efficientnet_b0,0.023793,144,ncnn_cpu,68,ok,0.003611
ncnn,99.942144,,ncnn_layer,Swish:/features/features.3/features.3.1/block/block.2/activation/Mul,0.01,0.005,0.0,efficientnet_b0,0.00582,180,ncnn_cpu,68,ok,0.005
ncnn,99.642079,,ncnn_layer,Convolution:/features/features.3/features.3.1/block/block.2/fc2/Conv,0.02,0.014706,0.01,efficientnet_b0,0.017117,152,ncnn_cpu,68,ok,0.004991
ncnn,99.803151,,ncnn_layer,Sigmoid:/features/features.3/features.3.1/block/block.2/scale_activation/Sigmoid,0.01,0.01,0.01,efficientnet_b0,0.01164,164,ncnn_cpu,68,ok,0.0
ncnn,96.513217,,ncnn_layer,BinaryOp:/features/features.3/features.3.1/block/block.2/Mul,0.16,0.119412,0.11,efficientnet_b0,0.138992,92,ncnn_cpu,68,ok,0.009217
ncnn,44.58958,,ncnn_layer,Convolution:/features/features.3/features.3.1/block/block.3/block.3.0/Conv,1.46,1.396471,1.37,efficientnet_b0,1.625454,20,ncnn_cpu,68,ok,0.018049
ncnn,97.346143,,ncnn_layer,BinaryOp:/features/features.3/features.3.1/Add,0.12,0.065588,0.06,efficientnet_b0,0.076343,101,ncnn_cpu,68,ok,0.011296
ncnn,68.637261,,ncnn_layer,Convolution:/features/features.4/features.4.0/block/block.0/block.0.0/Conv,1.0,0.938676,0.92,efficientnet_b0,1.092593,37,ncnn_cpu,68,ok,0.017481
ncnn,79.414967,,ncnn_layer,Swish:/features/features.4/features.4.0/block/block.0/block.0.2/Mul,0.72,0.661765,0.65,efficientnet_b0,0.770277,48,ncnn_cpu,68,ok,0.022941
ncnn,87.958014,,ncnn_layer,ConvolutionDepthWise:/features/features.4/features.4.0/block/block.1/block.1.0/Conv,0.48,0.42,0.39,efficientnet_b0,0.488869,63,ncnn_cpu,68,ok,0.02058
ncnn,95.924896,,ncnn_layer,Swish:/features/features.4/features.4.0/block/block.1/block.1.2/Mul,0.23,0.170882,0.17,efficientnet_b0,0.198902,88,ncnn_cpu,68,ok,0.007222
ncnn,99.998973,,ncnn_layer,Split:splitncnn_7,0.01,0.000147,0.0,efficientnet_b0,0.000171,198,ncnn_cpu,68,ok,0.001204
ncnn,99.079947,,ncnn_layer,Pooling:/features/features.4/features.4.0/block/block.2/avgpool/GlobalAveragePool,0.04,0.030147,0.03,efficientnet_b0,0.03509,132,ncnn_cpu,68,ok,0.001204
ncnn,99.531844,,ncnn_layer,Convolution:/features/features.4/features.4.0/block/block.2/fc1/Conv,0.02,0.02,0.02,efficientnet_b0,0.023279,147,ncnn_cpu,68,ok,0.0
ncnn,99.987334,,ncnn_layer,Swish:/features/features.4/features.4.0/block/block.2/activation/Mul,0.01,0.003235,0.0,efficientnet_b0,0.003765,189,ncnn_cpu,68,ok,0.004678
ncnn,99.659026,,ncnn_layer,Convolution:/features/features.4/features.4.0/block/block.2/fc2/Conv,0.04,0.014559,0.01,efficientnet_b0,0.016946,153,ncnn_cpu,68,ok,0.006047
ncnn,99.860837,,ncnn_layer,Sigmoid:/features/features.4/features.4.0/block/block.2/scale_activation/Sigmoid,0.01,0.009559,0.0,efficientnet_b0,0.011126,169,ncnn_cpu,68,ok,0.002054
ncnn,98.974334,,ncnn_layer,BinaryOp:/features/features.4/features.4.0/block/block.2/Mul,0.04,0.030588,0.03,efficientnet_b0,0.035604,129,ncnn_cpu,68,ok,0.002353
ncnn,81.610767,,ncnn_layer,Convolution:/features/features.4/features.4.0/block/block.3/block.3.0/Conv,0.66,0.592647,0.56,efficientnet_b0,0.689825,51,ncnn_cpu,68,ok,0.014412
ncnn,100.0,,ncnn_layer,Split:splitncnn_8,0.0,0.0,0.0,efficientnet_b0,0.0,205,ncnn_cpu,68,ok,0.0
ncnn,75.960705,,ncnn_layer,Convolution:/features/features.4/features.4.1/block/block.0/block.0.0/Conv,0.94,0.874559,0.86,efficientnet_b0,1.017963,44,ncnn_cpu,68,ok,0.016309
ncnn,90.054192,,ncnn_layer,Swish:/features/features.4/features.4.1/block/block.0/block.0.2/Mul,0.4,0.333529,0.33,efficientnet_b0,0.388219,68,ncnn_cpu,68,ok,0.011474
ncnn,92.323255,,ncnn_layer,ConvolutionDepthWise:/features/features.4/features.4.1/block/block.1/block.1.0/Conv,0.33,0.300882,0.29,efficientnet_b0,0.350219,74,ncnn_cpu,68,ok,0.005351
ncnn,89.665973,,ncnn_layer,Swish:/features/features.4/features.4.1/block/block.1/block.1.2/Mul,0.4,0.335294,0.33,efficientnet_b0,0.390273,67,ncnn_cpu,68,ok,0.014397
ncnn,99.997262,,ncnn_layer,Split:splitncnn_9,0.01,0.000735,0.0,efficientnet_b0,0.000856,194,ncnn_cpu,68,ok,0.00261
ncnn,97.422485,,ncnn_layer,Pooling:/features/features.4/features.4.1/block/block.2/avgpool/GlobalAveragePool,0.09,0.065588,0.06,efficientnet_b0,0.076343,102,ncnn_cpu,68,ok,0.005786
ncnn,99.219281,,ncnn_layer,Convolution:/features/features.4/features.4.1/block/block.2/fc1/Conv,0.03,0.029706,0.02,efficientnet_b0,0.034577,136,ncnn_cpu,68,ok,0.00169
ncnn,99.979803,,ncnn_layer,Swish:/features/features.4/features.4.1/block/block.2/activation/Mul,0.03,0.004118,0.0,efficientnet_b0,0.004793,187,ncnn_cpu,68,ok,0.005748
ncnn,99.555124,,ncnn_layer,Convolution:/features/features.4/features.4.1/block/block.2/fc2/Conv,0.02,0.02,0.02,efficientnet_b0,0.023279,148,ncnn_cpu,68,ok,0.0
ncnn,99.814791,,ncnn_layer,Sigmoid:/features/features.4/features.4.1/block/block.2/scale_activation/Sigmoid,0.01,0.01,0.01,efficientnet_b0,0.01164,165,ncnn_cpu,68,ok,0.0
ncnn,97.192088,,ncnn_layer,BinaryOp:/features/features.4/features.4.1/block/block.2/Mul,0.11,0.068382,0.06,efficientnet_b0,0.079595,99,ncnn_cpu,68,ok,0.008847
ncnn,58.246406,,ncnn_layer,Convolution:/features/features.4/features.4.1/block/block.3/block.3.0/Conv,1.22,1.183824,1.12,efficientnet_b0,1.377939,29,ncnn_cpu,68,ok,0.016452
ncnn,99.009595,,ncnn_layer,BinaryOp:/features/features.4/features.4.1/Add,0.04,0.030294,0.03,efficientnet_b0,0.035261,130,ncnn_cpu,68,ok,0.00169
ncnn,100.0,,ncnn_layer,Split:splitncnn_10,0.0,0.0,0.0,efficientnet_b0,0.0,206,ncnn_cpu,68,ok,0.0
ncnn,74.942742,,ncnn_layer,Convolution:/features/features.4/features.4.2/block/block.0/block.0.0/Conv,0.91,0.886029,0.88,efficientnet_b0,1.031314,43,ncnn_cpu,68,ok,0.011649
ncnn,90.441213,,ncnn_layer,Swish:/features/features.4/features.4.2/block/block.0/block.0.2/Mul,0.36,0.3325,0.33,efficientnet_b0,0.387021,69,ncnn_cpu,68,ok,0.007549
ncnn,92.653446,,ncnn_layer,ConvolutionDepthWise:/features/features.4/features.4.2/block/block.1/block.1.0/Conv,0.32,0.283676,0.28,efficientnet_b0,0.330191,75,ncnn_cpu,68,ok,0.00922
ncnn,91.214742,,ncnn_layer,Swish:/features/features.4/features.4.2/block/block.1/block.1.2/Mul,0.36,0.332059,0.33,efficientnet_b0,0.386508,71,ncnn_cpu,68,ok,0.007388
ncnn,99.999144,,ncnn_layer,Split:splitncnn_11,0.01,0.000147,0.0,efficientnet_b0,0.000171,199,ncnn_cpu,68,ok,0.001204
ncnn,97.781948,,ncnn_layer,Pooling:/features/features.4/features.4.2/block/block.2/avgpool/GlobalAveragePool,0.07,0.060588,0.06,efficientnet_b0,0.070523,107,ncnn_cpu,68,ok,0.002353
ncnn,99.253858,,ncnn_layer,Convolution:/features/features.4/features.4.2/block/block.2/fc1/Conv,0.03,0.029706,0.02,efficientnet_b0,0.034577,137,ncnn_cpu,68,ok,0.00169
ncnn,99.970045,,ncnn_layer,Swish:/features/features.4/features.4.2/block/block.2/activation/Mul,0.01,0.004412,0.0,efficientnet_b0,0.005135,185,ncnn_cpu,68,ok,0.004965
ncnn,99.578403,,ncnn_layer,Convolution:/features/features.4/features.4.2/block/block.2/fc2/Conv,0.02,0.02,0.02,efficientnet_b0,0.023279,149,ncnn_cpu,68,ok,0.0
ncnn,99.743926,,ncnn_layer,Sigmoid:/features/features.4/features.4.2/block/block.2/scale_activation/Sigmoid,0.03,0.010588,0.01,efficientnet_b0,0.012324,159,ncnn_cpu,68,ok,0.003379
ncnn,97.112493,,ncnn_layer,BinaryOp:/features/features.4/features.4.2/block/block.2/Mul,0.1,0.070588,0.06,efficientnet_b0,0.082163,98,ncnn_cpu,68,ok,0.005912
ncnn,56.868466,,ncnn_layer,Convolution:/features/features.4/features.4.2/block/block.3/block.3.0/Conv,1.25,1.197353,1.12,efficientnet_b0,1.393687,28,ncnn_cpu,68,ok,0.018835
ncnn,98.902784,,ncnn_layer,BinaryOp:/features/features.4/features.4.2/Add,0.05,0.031176,0.03,efficientnet_b0,0.036288,127,ncnn_cpu,68,ok,0.00365
ncnn,73.911428,,ncnn_layer,Convolution:/features/features.5/features.5.0/block/block.0/block.0.0/Conv,0.91,0.887059,0.87,efficientnet_b0,1.032513,42,ncnn_cpu,68,ok,0.012255
ncnn,91.601078,,ncnn_layer,Swish:/features/features.5/features.5.0/block/block.0/block.0.2/Mul,0.36,0.331912,0.33,efficientnet_b0,0.386337,72,ncnn_cpu,68,ok,0.006915
ncnn,80.920942,,ncnn_layer,ConvolutionDepthWise:/features/features.5/features.5.0/block/block.1/block.1.0/Conv,0.7,0.637794,0.61,efficientnet_b0,0.742375,50,ncnn_cpu,68,ok,0.01561
ncnn,90.828234,,ncnn_layer,Swish:/features/features.5/features.5.0/block/block.1/block.1.2/Mul,0.36,0.3325,0.33,efficientnet_b0,0.387021,70,ncnn_cpu,68,ok,0.008112
ncnn,99.999316,,ncnn_layer,Split:splitncnn_12,0.01,0.000147,0.0,efficientnet_b0,0.000171,200,ncnn_cpu,68,ok,0.001204
ncnn,98.460134,,ncnn_layer,Pooling:/features/features.5/features.5.0/block/block.2/avgpool/GlobalAveragePool,0.09,0.0525,0.05,efficientnet_b0,0.061109,117,ncnn_cpu,68,ok,0.006033
ncnn,99.28758,,ncnn_layer,Convolution:/features/features.5/features.5.0/block/block.2/fc1/Conv,0.03,0.028971,0.02,efficientnet_b0,0.033721,138,ncnn_cpu,68,ok,0.003039
ncnn,99.998118,,ncnn_layer,Swish:/features/features.5/features.5.0/block/block.2/activation/Mul,0.01,0.000735,0.0,efficientnet_b0,0.000856,195,ncnn_cpu,68,ok,0.00261
ncnn,99.601683,,ncnn_layer,Convolution:/features/features.5/features.5.0/block/block.2/fc2/Conv,0.02,0.02,0.02,efficientnet_b0,0.023279,150,ncnn_cpu,68,ok,0.0
ncnn,99.826431,,ncnn_layer,Sigmoid:/features/features.5/features.5.0/block/block.2/scale_activation/Sigmoid,0.01,0.01,0.01,efficientnet_b0,0.01164,166,ncnn_cpu,68,ok,0.0
ncnn,97.495405,,ncnn_layer,BinaryOp:/features/features.5/features.5.0/block/block.2/Mul,0.08,0.062647,0.06,efficientnet_b0,0.072919,103,ncnn_cpu,68,ok,0.004733
ncnn,38.03915,,ncnn_layer,Convolution:/features/features.5/features.5.0/block/block.3/block.3.0/Conv,1.57,1.507647,1.48,efficientnet_b0,1.75486,16,ncnn_cpu,68,ok,0.021012
ncnn,100.0,,ncnn_layer,Split:splitncnn_13,0.0,0.0,0.0,efficientnet_b0,0.0,207,ncnn_cpu,68,ok,0.0
ncnn,30.777328,,ncnn_layer,Convolution:/features/features.5/features.5.1/block/block.0/block.0.0/Conv,1.69,1.634853,1.61,efficientnet_b0,1.902925,12,ncnn_cpu,68,ok,0.016933
ncnn,85.431336,,ncnn_layer,Swish:/features/features.5/features.5.1/block/block.0/block.0.2/Mul,0.52,0.463382,0.46,efficientnet_b0,0.539364,58,ncnn_cpu,68,ok,0.010377
ncnn,72.878916,,ncnn_layer,ConvolutionDepthWise:/features/features.5/features.5.1/block/block.1/block.1.0/Conv,0.96,0.894706,0.86,efficientnet_b0,1.041414,41,ncnn_cpu,68,ok,0.021176
ncnn,83.269085,,ncnn_layer,Swish:/features/features.5/features.5.1/block/block.1/block.1.2/Mul,0.49,0.466029,0.46,efficientnet_b0,0.542445,54,ncnn_cpu,68,ok,0.009258
ncnn,99.999487,,ncnn_layer,Split:splitncnn_14,0.01,0.000147,0.0,efficientnet_b0,0.000171,201,ncnn_cpu,68,ok,0.001204
ncnn,96.94714,,ncnn_layer,Pooling:/features/features.5/features.5.1/block/block.2/avgpool/GlobalAveragePool,0.21,0.083824,0.08,efficientnet_b0,0.097569,96,ncnn_cpu,68,ok,0.016452
ncnn,98.866496,,ncnn_layer,Convolution:/features/features.5/features.5.1/block/block.2/fc1/Conv,0.18,0.034118,0.03,efficientnet_b0,0.039712,126,ncnn_cpu,68,ok,0.01825
ncnn,99.96491,,ncnn_layer,Swish:/features/features.5/features.5.1/block/block.2/activation/Mul,0.01,0.004853,0.0,efficientnet_b0,0.005649,184,ncnn_cpu,68,ok,0.004998
ncnn,99.114866,,ncnn_layer,Convolution:/features/features.5/features.5.1/block/block.2/fc2/Conv,0.03,0.03,0.03,efficientnet_b0,0.034919,133,ncnn_cpu,68,ok,0.0
ncnn,99.756079,,ncnn_layer,Sigmoid:/features/features.5/features.5.1/block/block.2/scale_activation/Sigmoid,0.04,0.010441,0.01,efficientnet_b0,0.012153,160,ncnn_cpu,68,ok,0.003611
ncnn,96.751831,,ncnn_layer,BinaryOp:/features/features.5/features.5.1/block/block.2/Mul,0.12,0.101618,0.1,efficientnet_b0,0.118281,94,ncnn_cpu,68,ok,0.004731
ncnn,17.885814,,ncnn_layer,Convolution:/features/features.5/features.5.1/block/block.3/block.3.0/Conv,2.17,2.109706,2.06,efficientnet_b0,2.455641,6,ncnn_cpu,68,ok,0.01985
ncnn,98.510971,,ncnn_layer,BinaryOp:/features/features.5/features.5.1/Add,0.09,0.043676,0.04,efficientnet_b0,0.050838,118,ncnn_cpu,68,ok,0.007257
ncnn,100.0,,ncnn_layer,Split:splitncnn_15,0.0,0.0,0.0,efficientnet_b0,0.0,208,ncnn_cpu,68,ok,0.0
ncnn,26.95128,,ncnn_layer,Convolution:/features/features.5/features.5.2/block/block.0/block.0.0/Conv,1.71,1.653676,1.63,efficientnet_b0,1.924834,10,ncnn_cpu,68,ok,0.015988
ncnn,83.810504,,ncnn_layer,Swish:/features/features.5/features.5.2/block/block.0/block.0.2/Mul,0.51,0.465147,0.46,efficientnet_b0,0.541419,55,ncnn_cpu,68,ok,0.015194
ncnn,71.837502,,ncnn_layer,ConvolutionDepthWise:/features/features.5/features.5.2/block/block.1/block.1.0/Conv,0.97,0.900735,0.86,efficientnet_b0,1.048431,40,ncnn_cpu,68,ok,0.025857
ncnn,82.72664,,ncnn_layer,Swish:/features/features.5/features.5.2/block/block.1/block.1.2/Mul,0.52,0.467647,0.46,efficientnet_b0,0.544328,53,ncnn_cpu,68,ok,0.018874
ncnn,99.999658,,ncnn_layer,Split:splitncnn_16,0.01,0.000147,0.0,efficientnet_b0,0.000171,202,ncnn_cpu,68,ok,0.001204
ncnn,96.849571,,ncnn_layer,Pooling:/features/features.5/features.5.2/block/block.2/avgpool/GlobalAveragePool,0.15,0.083971,0.08,efficientnet_b0,0.09774,95,ncnn_cpu,68,ok,0.012022
ncnn,98.826784,,ncnn_layer,Convolution:/features/features.5/features.5.2/block/block.2/fc1/Conv,0.09,0.035441,0.03,efficientnet_b0,0.041252,125,ncnn_cpu,68,ok,0.011039
ncnn,99.990586,,ncnn_layer,Swish:/features/features.5/features.5.2/block/block.2/activation/Mul,0.01,0.002794,0.0,efficientnet_b0,0.003252,190,ncnn_cpu,68,ok,0.004487
ncnn,99.149785,,ncnn_layer,Convolution:/features/features.5/features.5.2/block/block.2/fc2/Conv,0.03,0.03,0.03,efficientnet_b0,0.034919,134,ncnn_cpu,68,ok,0.0
ncnn,99.83807,,ncnn_layer,Sigmoid:/features/features.5/features.5.2/block/block.2/scale_activation/Sigmoid,0.01,0.01,0.01,efficientnet_b0,0.01164,167,ncnn_cpu,68,ok,0.0
ncnn,96.63355,,ncnn_layer,BinaryOp:/features/features.5/features.5.2/block/block.2/Mul,0.14,0.103382,0.1,efficientnet_b0,0.120334,93,ncnn_cpu,68,ok,0.007197
ncnn,12.953992,,ncnn_layer,Convolution:/features/features.5/features.5.2/block/block.3/block.3.0/Conv,2.19,2.129412,2.05,efficientnet_b0,2.478578,4,ncnn_cpu,68,ok,0.02268
ncnn,98.560953,,ncnn_layer,BinaryOp:/features/features.5/features.5.2/Add,0.05,0.042941,0.04,efficientnet_b0,0.049982,119,ncnn_cpu,68,ok,0.004556
ncnn,28.874404,,ncnn_layer,Convolution:/features/features.6/features.6.0/block/block.0/block.0.0/Conv,1.71,1.652206,1.63,efficientnet_b0,1.923123,11,ncnn_cpu,68,ok,0.01589
ncnn,84.351238,,ncnn_layer,Swish:/features/features.6/features.6.0/block/block.0/block.0.2/Mul,0.52,0.464559,0.46,efficientnet_b0,0.540734,56,ncnn_cpu,68,ok,0.014696
ncnn,82.182312,,ncnn_layer,ConvolutionDepthWise:/features/features.6/features.6.0/block/block.1/block.1.0/Conv,0.55,0.491029,0.47,efficientnet_b0,0.571544,52,ncnn_cpu,68,ok,0.021084
ncnn,96.374224,,ncnn_layer,Swish:/features/features.6/features.6.0/block/block.1/block.1.2/Mul,0.18,0.122206,0.12,efficientnet_b0,0.142244,91,ncnn_cpu,68,ok,0.00783
ncnn,100.0,,ncnn_layer,Split:splitncnn_17,0.0,0.0,0.0,efficientnet_b0,0.0,209,ncnn_cpu,68,ok,0.0
ncnn,99.624962,,ncnn_layer,Pooling:/features/features.6/features.6.0/block/block.2/avgpool/GlobalAveragePool,0.02,0.02,0.02,efficientnet_b0,0.023279,151,ncnn_cpu,68,ok,0.0
ncnn,99.184704,,ncnn_layer,Convolution:/features/features.6/features.6.0/block/block.2/fc1/Conv,0.03,0.03,0.03,efficientnet_b0,0.034919,135,ncnn_cpu,68,ok,0.0
ncnn,99.993154,,ncnn_layer,Swish:/features/features.6/features.6.0/block/block.2/activation/Mul,0.01,0.002206,0.0,efficientnet_b0,0.002568,191,ncnn_cpu,68,ok,0.004146
ncnn,98.93873,,ncnn_layer,Convolution:/features/features.6/features.6.0/block/block.2/fc2/Conv,0.09,0.030882,0.03,efficientnet_b0,0.035946,128,ncnn_cpu,68,ok,0.007222
ncnn,99.84971,,ncnn_layer,Sigmoid:/features/features.6/features.6.0/block/block.2/scale_activation/Sigmoid,0.01,0.01,0.01,efficientnet_b0,0.01164,168,ncnn_cpu,68,ok,0.0
ncnn,99.044857,,ncnn_layer,BinaryOp:/features/features.6/features.6.0/block/block.2/Mul,0.05,0.030294,0.03,efficientnet_b0,0.035261,131,ncnn_cpu,68,ok,0.002407
ncnn,77.872703,,ncnn_layer,Convolution:/features/features.6/features.6.0/block/block.3/block.3.0/Conv,0.85,0.791324,0.78,efficientnet_b0,0.92108,46,ncnn_cpu,68,ok,0.019697
ncnn,100.0,,ncnn_layer,Split:splitncnn_18,0.0,0.0,0.0,efficientnet_b0,0.0,210,ncnn_cpu,68,ok,0.0
ncnn,63.685069,,ncnn_layer,Convolution:/features/features.6/features.6.1/block/block.0/block.0.0/Conv,1.2,1.156765,1.14,efficientnet_b0,1.346443,33,ncnn_cpu,68,ok,0.01277
ncnn,94.254081,,ncnn_layer,Swish:/features/features.6/features.6.1/block/block.0/block.0.2/Mul,0.28,0.212353,0.21,efficientnet_b0,0.247173,81,ncnn_cpu,68,ok,0.009869
ncnn,85.9428,,ncnn_layer,ConvolutionDepthWise:/features/features.6/features.6.1/block/block.1/block.1.0/Conv,0.47,0.439412,0.43,efficientnet_b0,0.511464,59,ncnn_cpu,68,ok,0.011743
ncnn,95.481902,,ncnn_layer,Swish:/features/features.6/features.6.1/block/block.1/block.1.2/Mul,0.23,0.209706,0.2,efficientnet_b0,0.244092,86,ncnn_cpu,68,ok,0.003417
ncnn,100.0,,ncnn_layer,Split:splitncnn_19,0.0,0.0,0.0,efficientnet_b0,0.0,211,ncnn_cpu,68,ok,0.0
ncnn,98.785532,,ncnn_layer,Pooling:/features/features.6/features.6.1/block/block.2/avgpool/GlobalAveragePool,0.04,0.035882,0.03,efficientnet_b0,0.041766,124,ncnn_cpu,68,ok,0.004922
ncnn,97.639875,,ncnn_layer,Convolution:/features/features.6/features.6.1/block/block.2/fc1/Conv,0.1,0.061471,0.06,efficientnet_b0,0.071551,105,ncnn_cpu,68,ok,0.006246
ncnn,99.947963,,ncnn_layer,Swish:/features/features.6/features.6.1/block/block.2/activation/Mul,0.01,0.005,0.0,efficientnet_b0,0.00582,181,ncnn_cpu,68,ok,0.005
ncnn,98.265681,,ncnn_layer,Convolution:/features/features.6/features.6.1/block/block.2/fc2/Conv,0.11,0.058235,0.05,efficientnet_b0,0.067784,114,ncnn_cpu,68,ok,0.008033
ncnn,99.674773,,ncnn_layer,Sigmoid:/features/features.6/features.6.1/block/block.2/scale_activation/Sigmoid,0.02,0.013529,0.01,efficientnet_b0,0.015747,154,ncnn_cpu,68,ok,0.004779
ncnn,98.197897,,ncnn_layer,BinaryOp:/features/features.6/features.6.1/block/block.2/Mul,0.08,0.058676,0.05,efficientnet_b0,0.068297,113,ncnn_cpu,68,ok,0.004506
ncnn,52.515208,,ncnn_layer,Convolution:/features/features.6/features.6.1/block/block.3/block.3.0/Conv,1.4,1.350588,1.3,efficientnet_b0,1.572048,25,ncnn_cpu,68,ok,0.017895
ncnn,99.351085,,ncnn_layer,BinaryOp:/features/features.6/features.6.1/Add,0.03,0.027206,0.02,efficientnet_b0,0.031667,140,ncnn_cpu,68,ok,0.004487
ncnn,100.0,,ncnn_layer,Split:splitncnn_20,0.0,0.0,0.0,efficientnet_b0,0.0,212,ncnn_cpu,68,ok,0.0
ncnn,60.977462,,ncnn_layer,Convolution:/features/features.6/features.6.2/block/block.0/block.0.0/Conv,1.22,1.170147,1.16,efficientnet_b0,1.362019,31,ncnn_cpu,68,ok,0.014602
ncnn,94.006908,,ncnn_layer,Swish:/features/features.6/features.6.2/block/block.0/block.0.2/Mul,0.24,0.2125,0.21,efficientnet_b0,0.247344,80,ncnn_cpu,68,ok,0.007549
ncnn,86.961105,,ncnn_layer,ConvolutionDepthWise:/features/features.6/features.6.2/block/block.1/block.1.0/Conv,0.47,0.437353,0.43,efficientnet_b0,0.509067,61,ncnn_cpu,68,ok,0.011326
ncnn,95.725994,,ncnn_layer,Swish:/features/features.6/features.6.2/block/block.1/block.1.2/Mul,0.24,0.209706,0.2,efficientnet_b0,0.244092,87,ncnn_cpu,68,ok,0.004528
ncnn,100.0,,ncnn_layer,Split:splitncnn_21,0.0,0.0,0.0,efficientnet_b0,0.0,213,ncnn_cpu,68,ok,0.0
ncnn,98.699946,,ncnn_layer,Pooling:/features/features.6/features.6.2/block/block.2/avgpool/GlobalAveragePool,0.07,0.037647,0.03,efficientnet_b0,0.04382,122,ncnn_cpu,68,ok,0.006668
ncnn,97.711425,,ncnn_layer,Convolution:/features/features.6/features.6.2/block/block.2/fc1/Conv,0.13,0.061471,0.06,efficientnet_b0,0.071551,106,ncnn_cpu,68,ok,0.009118
ncnn,99.917153,,ncnn_layer,Swish:/features/features.6/features.6.2/block/block.2/activation/Mul,0.01,0.005735,0.0,efficientnet_b0,0.006675,176,ncnn_cpu,68,ok,0.004946
ncnn,98.332781,,ncnn_layer,Convolution:/features/features.6/features.6.2/block/block.2/fc2/Conv,0.09,0.057647,0.05,efficientnet_b0,0.0671,115,ncnn_cpu,68,ok,0.008931
ncnn,99.690349,,ncnn_layer,Sigmoid:/features/features.6/features.6.2/block/block.2/scale_activation/Sigmoid,0.02,0.013382,0.01,efficientnet_b0,0.015576,155,ncnn_cpu,68,ok,0.004731
ncnn,97.991635,,ncnn_layer,BinaryOp:/features/features.6/features.6.2/block/block.2/Mul,0.06,0.059559,0.05,efficientnet_b0,0.069325,110,ncnn_cpu,68,ok,0.002054
ncnn,50.94316,,ncnn_layer,Convolution:/features/features.6/features.6.2/block/block.3/block.3.0/Conv,1.41,1.354559,1.29,efficientnet_b0,1.57667,24,ncnn_cpu,68,ok,0.019284
ncnn,99.319418,,ncnn_layer,BinaryOp:/features/features.6/features.6.2/Add,0.03,0.027353,0.02,efficientnet_b0,0.031838,139,ncnn_cpu,68,ok,0.004412
ncnn,100.0,,ncnn_layer,Split:splitncnn_22,0.0,0.0,0.0,efficientnet_b0,0.0,214,ncnn_cpu,68,ok,0.0
ncnn,62.338626,,ncnn_layer,Convolution:/features/features.6/features.6.3/block/block.0/block.0.0/Conv,1.23,1.169412,1.16,efficientnet_b0,1.361164,32,ncnn_cpu,68,ok,0.01748
ncnn,93.759564,,ncnn_layer,Swish:/features/features.6/features.6.3/block/block.0/block.0.2/Mul,0.24,0.212647,0.21,efficientnet_b0,0.247515,79,ncnn_cpu,68,ok,0.008509
ncnn,86.452038,,ncnn_layer,ConvolutionDepthWise:/features/features.6/features.6.3/block/block.1/block.1.0/Conv,0.48,0.4375,0.42,efficientnet_b0,0.509238,60,ncnn_cpu,68,ok,0.012646
ncnn,95.23781,,ncnn_layer,Swish:/features/features.6/features.6.3/block/block.1/block.1.2/Mul,0.24,0.210294,0.2,efficientnet_b0,0.244777,85,ncnn_cpu,68,ok,0.003824
ncnn,99.999829,,ncnn_layer,Split:splitncnn_23,0.01,0.000147,0.0,efficientnet_b0,0.000171,203,ncnn_cpu,68,ok,0.001204
ncnn,98.743766,,ncnn_layer,Pooling:/features/features.6/features.6.3/block/block.2/avgpool/GlobalAveragePool,0.04,0.037647,0.03,efficientnet_b0,0.04382,123,ncnn_cpu,68,ok,0.004242
ncnn,97.568324,,ncnn_layer,Convolution:/features/features.6/features.6.3/block/block.2/fc1/Conv,0.14,0.062647,0.06,efficientnet_b0,0.072919,104,ncnn_cpu,68,ok,0.01093
ncnn,99.930162,,ncnn_layer,Swish:/features/features.6/features.6.3/block/block.2/activation/Mul,0.01,0.005588,0.0,efficientnet_b0,0.006504,178,ncnn_cpu,68,ok,0.004965
ncnn,98.399025,,ncnn_layer,Convolution:/features/features.6/features.6.3/block/block.2/fc2/Conv,0.09,0.056912,0.05,efficientnet_b0,0.066244,116,ncnn_cpu,68,ok,0.008091
ncnn,99.705412,,ncnn_layer,Sigmoid:/features/features.6/features.6.3/block/block.2/scale_activation/Sigmoid,0.08,0.012941,0.01,efficientnet_b0,0.015063,156,ncnn_cpu,68,ok,0.009084
ncnn,97.922309,,ncnn_layer,BinaryOp:/features/features.6/features.6.3/block/block.2/Mul,0.07,0.06,0.05,efficientnet_b0,0.069838,109,ncnn_cpu,68,ok,0.001715
ncnn,49.36649,,ncnn_layer,Convolution:/features/features.6/features.6.3/block/block.3/block.3.0/Conv,1.42,1.357353,1.3,efficientnet_b0,1.579922,23,ncnn_cpu,68,ok,0.01852
ncnn,99.382752,,ncnn_layer,BinaryOp:/features/features.6/features.6.3/Add,0.05,0.027206,0.02,efficientnet_b0,0.031667,141,ncnn_cpu,68,ok,0.005381
ncnn,59.615443,,ncnn_layer,Convolution:/features/features.7/features.7.0/block/block.0/block.0.0/Conv,1.23,1.176176,1.16,efficientnet_b0,1.369037,30,ncnn_cpu,68,ok,0.015907
ncnn,94.501083,,ncnn_layer,Swish:/features/features.7/features.7.0/block/block.0/block.0.2/Mul,0.24,0.212206,0.21,efficientnet_b0,0.247002,82,ncnn_cpu,68,ok,0.007445
ncnn,94.993033,,ncnn_layer,ConvolutionDepthWise:/features/features.7/features.7.0/block/block.1/block.1.0/Conv,0.24,0.210588,0.2,efficientnet_b0,0.245119,84,ncnn_cpu,68,ok,0.005912
ncnn,94.747914,,ncnn_layer,Swish:/features/features.7/features.7.0/block/block.1/block.1.2/Mul,0.24,0.212059,0.21,efficientnet_b0,0.246831,83,ncnn_cpu,68,ok,0.007388
ncnn,100.0,,ncnn_layer,Split:splitncnn_24,0.01,0.000147,0.0,efficientnet_b0,0.000171,204,ncnn_cpu,68,ok,0.001204
ncnn,98.656126,,ncnn_layer,Pooling:/features/features.7/features.7.0/block/block.2/avgpool/GlobalAveragePool,0.06,0.040294,0.04,efficientnet_b0,0.046901,121,ncnn_cpu,68,ok,0.002407
ncnn,97.852471,,ncnn_layer,Convolution:/features/features.7/features.7.0/block/block.2/fc1/Conv,0.09,0.060588,0.06,efficientnet_b0,0.070523,108,ncnn_cpu,68,ok,0.003789
ncnn,99.902603,,ncnn_layer,Swish:/features/features.7/features.7.0/block/block.2/activation/Mul,0.01,0.006912,0.0,efficientnet_b0,0.008045,174,ncnn_cpu,68,ok,0.00462
ncnn,98.1296,,ncnn_layer,Convolution:/features/features.7/features.7.0/block/block.2/fc2/Conv,0.06,0.059118,0.05,efficientnet_b0,0.068812,112,ncnn_cpu,68,ok,0.002836
ncnn,99.719107,,ncnn_layer,Sigmoid:/features/features.7/features.7.0/block/block.2/scale_activation/Sigmoid,0.02,0.011765,0.01,efficientnet_b0,0.013694,157,ncnn_cpu,68,ok,0.003812
ncnn,98.060788,,ncnn_layer,BinaryOp:/features/features.7/features.7.0/block/block.2/Mul,0.09,0.059412,0.05,efficientnet_b0,0.069154,111,ncnn_cpu,68,ok,0.004815
ncnn,20.330671,,ncnn_layer,Convolution:/features/features.7/features.7.0/block/block.3/block.3.0/Conv,2.31,2.100441,2.07,efficientnet_b0,2.444857,7,ncnn_cpu,68,ok,0.031222
ncnn,15.430174,,ncnn_layer,Convolution:/features/features.8/features.8.0/Conv,2.22,2.127353,2.1,efficientnet_b0,2.476181,5,ncnn_cpu,68,ok,0.018757
ncnn,93.512048,,ncnn_layer,Swish:/features/features.8/features.8.2/Mul,0.26,0.235,0.23,efficientnet_b0,0.273534,78,ncnn_cpu,68,ok,0.007765
ncnn,98.609225,,ncnn_layer,Pooling:/avgpool/GlobalAveragePool,0.07,0.041471,0.04,efficientnet_b0,0.048271,120,ncnn_cpu,68,ok,0.005495
ncnn,100.0,,ncnn_layer,Flatten:/Flatten,0.0,0.0,0.0,efficientnet_b0,0.0,215,ncnn_cpu,68,ok,0.0
ncnn,84.891972,,ncnn_layer,InnerProduct:/classifier/classifier.1/Gemm,0.51,0.464559,0.46,efficientnet_b0,0.540734,57,ncnn_cpu,68,ok,0.011935
ncnn,4.750801,,ncnn_layer,Convolution:/features/features.0/features.0.0/Conv,0.96667,0.951271,0.93708,efficientnet_b0,4.750801,1,ncnn_vulkan,70,ok,0.006054
ncnn,82.386618,,ncnn_layer,Swish:/features/features.0/features.0.2/Mul,0.11026,0.108393,0.10594,efficientnet_b0,0.541332,63,ncnn_vulkan,70,ok,0.00088
ncnn,24.331902,,ncnn_layer,ConvolutionDepthWise:/features/features.1/features.1.0/block/block.0/block.0.0/Conv,0.43901,0.430134,0.42573,efficientnet_b0,2.148158,9,ncnn_vulkan,70,ok,0.00244
ncnn,82.919989,,ncnn_layer,Swish:/features/features.1/features.1.0/block/block.0/block.0.2/Mul,0.10891,0.106799,0.10432,efficientnet_b0,0.533371,64,ncnn_vulkan,70,ok,0.000968
ncnn,99.968462,,ncnn_layer,Split:splitncnn_0,0.00036,0.000339,0.00031,efficientnet_b0,0.001693,196,ncnn_vulkan,70,ok,2.5e-05
ncnn,86.081168,,ncnn_layer,Pooling:/features/features.1/features.1.0/block/block.1/avgpool/GlobalAveragePool,0.08464,0.082492,0.08115,efficientnet_b0,0.411978,71,ncnn_vulkan,70,ok,0.000562
ncnn,97.663227,,ncnn_layer,Convolution:/features/features.1/features.1.0/block/block.1/fc1/Conv,0.01849,0.017728,0.01688,efficientnet_b0,0.088536,132,ncnn_vulkan,70,ok,0.000452
ncnn,99.834818,,ncnn_layer,Swish:/features/features.1/features.1.0/block/block.1/activation/Mul,0.00391,0.00362,0.00354,efficientnet_b0,0.018079,182,ncnn_vulkan,70,ok,6e-05
ncnn,98.546619,,ncnn_layer,Convolution:/features/features.1/features.1.0/block/block.1/fc2/Conv,0.01604,0.015221,0.01458,efficientnet_b0,0.076016,143,ncnn_vulkan,70,ok,0.000375
ncnn,99.707926,,ncnn_layer,Sigmoid:/features/features.1/features.1.0/block/block.1/scale_activation/Sigmoid,0.00438,0.004142,0.00401,efficientnet_b0,0.020686,175,ncnn_vulkan,70,ok,0.000127
ncnn,75.807245,,ncnn_layer,BinaryOp:/features/features.1/features.1.0/block/block.1/Mul,0.14052,0.139854,0.13917,efficientnet_b0,0.698453,52,ncnn_vulkan,70,ok,0.000281
ncnn,74.387115,,ncnn_layer,Convolution:/features/features.1/features.1.0/block/block.2/block.2.0/Conv,0.15411,0.152249,0.15005,efficientnet_b0,0.760356,50,ncnn_vulkan,70,ok,0.000864
ncnn,10.565323,,ncnn_layer,Convolution:/features/features.2/features.2.0/block/block.0/block.0.0/Conv,0.52948,0.518066,0.5112,efficientnet_b0,2.587305,3,ncnn_vulkan,70,ok,0.003956
ncnn,44.162502,,ncnn_layer,Swish:/features/features.2/features.2.0/block/block.0/block.0.2/Mul,0.31771,0.314537,0.31099,efficientnet_b0,1.570848,21,ncnn_vulkan,70,ok,0.001367
ncnn,7.978018,,ncnn_layer,ConvolutionDepthWise:/features/features.2/features.2.0/block/block.1/block.1.0/Conv,0.66344,0.646198,0.63182,efficientnet_b0,3.227217,2,ncnn_vulkan,70,ok,0.006961
ncnn,86.475917,,ncnn_layer,Swish:/features/features.2/features.2.0/block/block.1/block.1.2/Mul,0.08089,0.079042,0.07734,efficientnet_b0,0.394748,72,ncnn_vulkan,70,ok,0.000754
ncnn,100.0,,ncnn_layer,Split:splitncnn_1,0.00026,0.000248,0.00021,efficientnet_b0,0.001239,215,ncnn_vulkan,70,ok,2.1e-05
ncnn,87.759346,,ncnn_layer,Pooling:/features/features.2/features.2.0/block/block.2/avgpool/GlobalAveragePool,0.06365,0.06216,0.06089,efficientnet_b0,0.310437,76,ncnn_vulkan,70,ok,0.000625
ncnn,95.844139,,ncnn_layer,Convolution:/features/features.2/features.2.0/block/block.2/fc1/Conv,0.02812,0.027496,0.02677,efficientnet_b0,0.137319,116,ncnn_vulkan,70,ok,0.000349
ncnn,99.431739,,ncnn_layer,Swish:/features/features.2/features.2.0/block/block.2/activation/Mul,0.00458,0.004367,0.00422,efficientnet_b0,0.02181,162,ncnn_vulkan,70,ok,0.000112
ncnn,98.90089,,ncnn_layer,Convolution:/features/features.2/features.2.0/block/block.2/fc2/Conv,0.01406,0.013085,0.0124,efficientnet_b0,0.065349,148,ncnn_vulkan,70,ok,0.000374
ncnn,99.687241,,ncnn_layer,Sigmoid:/features/features.2/features.2.0/block/block.2/scale_activation/Sigmoid,0.00438,0.004144,0.00401,efficientnet_b0,0.020696,174,ncnn_vulkan,70,ok,0.000103
ncnn,83.452172,,ncnn_layer,BinaryOp:/features/features.2/features.2.0/block/block.2/Mul,0.10745,0.106561,0.10594,efficientnet_b0,0.532183,65,ncnn_vulkan,70,ok,0.000303
ncnn,65.31648,,ncnn_layer,Convolution:/features/features.2/features.2.0/block/block.3/block.3.0/Conv,0.17922,0.177486,0.17568,efficientnet_b0,0.886394,39,ncnn_vulkan,70,ok,0.000798
ncnn,99.998761,,ncnn_layer,Split:splitncnn_2,0.00036,0.000334,0.00031,efficientnet_b0,0.001668,214,ncnn_vulkan,70,ok,2.5e-05
ncnn,45.556837,,ncnn_layer,Convolution:/features/features.2/features.2.1/block/block.0/block.0.0/Conv,0.28531,0.279193,0.27333,efficientnet_b0,1.394335,22,ncnn_vulkan,70,ok,0.002396
ncnn,80.704424,,ncnn_layer,Swish:/features/features.2/features.2.1/block/block.0/block.0.2/Mul,0.12312,0.120137,0.11818,efficientnet_b0,0.599984,60,ncnn_vulkan,70,ok,0.001119
ncnn,20.028753,,ncnn_layer,ConvolutionDepthWise:/features/features.2/features.2.1/block/block.1/block.1.0/Conv,0.44771,0.442777,0.43922,efficientnet_b0,2.2113,7,ncnn_vulkan,70,ok,0.001935
ncnn,80.104441,,ncnn_layer,Swish:/features/features.2/features.2.1/block/block.1/block.1.2/Mul,0.12516,0.121616,0.1188,efficientnet_b0,0.60737,59,ncnn_vulkan,70,ok,0.001174
ncnn,99.970155,,ncnn_layer,Split:splitncnn_3,0.00036,0.000339,0.00031,efficientnet_b0,0.001693,197,ncnn_vulkan,70,ok,2.5e-05
ncnn,83.910256,,ncnn_layer,Pooling:/features/features.2/features.2.1/block/block.2/avgpool/GlobalAveragePool,0.09661,0.091724,0.09047,efficientnet_b0,0.458084,66,ncnn_vulkan,70,ok,0.000858
ncnn,94.054461,,ncnn_layer,Convolution:/features/features.2/features.2.1/block/block.2/fc1/Conv,0.03479,0.033652,0.03297,efficientnet_b0,0.168064,104,ncnn_vulkan,70,ok,0.000399
ncnn,99.744299,,ncnn_layer,Swish:/features/features.2/features.2.1/block/block.2/activation/Mul,0.00375,0.003639,0.00359,efficientnet_b0,0.018174,177,ncnn_vulkan,70,ok,5.4e-05
ncnn,98.770153,,ncnn_layer,Convolution:/features/features.2/features.2.1/block/block.2/fc2/Conv,0.01542,0.014733,0.01432,efficientnet_b0,0.073579,146,ncnn_vulkan,70,ok,0.000231
ncnn,99.666545,,ncnn_layer,Sigmoid:/features/features.2/features.2.1/block/block.2/scale_activation/Sigmoid,0.00443,0.004149,0.00406,efficientnet_b0,0.020721,173,ncnn_vulkan,70,ok,0.000102
ncnn,72.859052,,ncnn_layer,BinaryOp:/features/features.2/features.2.1/block/block.2/Mul,0.15693,0.156127,0.15552,efficientnet_b0,0.779723,48,ncnn_vulkan,70,ok,0.000271
ncnn,46.923894,,ncnn_layer,Convolution:/features/features.2/features.2.1/block/block.3/block.3.0/Conv,0.27526,0.273731,0.27255,efficientnet_b0,1.367057,23,ncnn_vulkan,70,ok,0.000625
ncnn,95.706819,,ncnn_layer,BinaryOp:/features/features.2/features.2.1/Add,0.02891,0.027567,0.02656,efficientnet_b0,0.137674,115,ncnn_vulkan,70,ok,0.000448
ncnn,54.957661,,ncnn_layer,Convolution:/features/features.3/features.3.0/block/block.0/block.0.0/Conv,0.26323,0.259391,0.25458,efficientnet_b0,1.29544,29,ncnn_vulkan,70,ok,0.001741
ncnn,81.298335,,ncnn_layer,Swish:/features/features.3/features.3.0/block/block.0/block.0.2/Mul,0.12099,0.118921,0.11635,efficientnet_b0,0.593911,61,ncnn_vulkan,70,ok,0.000868
ncnn,29.720862,,ncnn_layer,ConvolutionDepthWise:/features/features.3/features.3.0/block/block.1/block.1.0/Conv,0.35969,0.356498,0.35375,efficientnet_b0,1.780408,12,ncnn_vulkan,70,ok,0.001159
ncnn,94.823472,,ncnn_layer,Swish:/features/features.3/features.3.0/block/block.1/block.1.2/Mul,0.03161,0.03019,0.0288,efficientnet_b0,0.150774,109,ncnn_vulkan,70,ok,0.000523
ncnn,99.993747,,ncnn_layer,Split:splitncnn_4,0.00036,0.000335,0.00031,efficientnet_b0,0.001673,211,ncnn_vulkan,70,ok,2.5e-05
ncnn,95.569145,,ncnn_layer,Pooling:/features/features.3/features.3.0/block/block.2/avgpool/GlobalAveragePool,0.03036,0.029445,0.02865,efficientnet_b0,0.147053,114,ncnn_vulkan,70,ok,0.000414
ncnn,93.886398,,ncnn_layer,Convolution:/features/features.3/features.3.0/block/block.2/fc1/Conv,0.03531,0.033956,0.03312,efficientnet_b0,0.169582,103,ncnn_vulkan,70,ok,0.000405
ncnn,99.79865,,ncnn_layer,Swish:/features/features.3/features.3.0/block/block.2/activation/Mul,0.0038,0.003624,0.00359,efficientnet_b0,0.018099,180,ncnn_vulkan,70,ok,5.4e-05
ncnn,98.696574,,ncnn_layer,Convolution:/features/features.3/features.3.0/block/block.2/fc2/Conv,0.01536,0.014846,0.01448,efficientnet_b0,0.074143,145,ncnn_vulkan,70,ok,0.000241
ncnn,99.645824,,ncnn_layer,Sigmoid:/features/features.3/features.3.0/block/block.2/scale_activation/Sigmoid,0.00443,0.004177,0.00406,efficientnet_b0,0.020861,172,ncnn_vulkan,70,ok,0.000114
ncnn,92.365531,,ncnn_layer,BinaryOp:/features/features.3/features.3.0/block/block.2/Mul,0.04417,0.043438,0.04271,efficientnet_b0,0.216936,95,ncnn_vulkan,70,ok,0.000284
ncnn,75.108792,,ncnn_layer,Convolution:/features/features.3/features.3.0/block/block.3/block.3.0/Conv,0.14594,0.144504,0.14297,efficientnet_b0,0.721676,51,ncnn_vulkan,70,ok,0.000635
ncnn,99.961665,,ncnn_layer,Split:splitncnn_5,0.00036,0.000341,0.00031,efficientnet_b0,0.001703,192,ncnn_vulkan,70,ok,2.4e-05
ncnn,71.267997,,ncnn_layer,Convolution:/features/features.3/features.3.1/block/block.0/block.0.0/Conv,0.16385,0.162772,0.16203,efficientnet_b0,0.81291,46,ncnn_vulkan,70,ok,0.00041
ncnn,88.548379,,ncnn_layer,Swish:/features/features.3/features.3.1/block/block.0/block.0.2/Mul,0.05375,0.052371,0.05094,efficientnet_b0,0.261549,79,ncnn_vulkan,70,ok,0.000591
ncnn,13.063107,,ncnn_layer,ConvolutionDepthWise:/features/features.3/features.3.1/block/block.1/block.1.0/Conv,0.50151,0.500141,0.49875,efficientnet_b0,2.497785,4,ncnn_vulkan,70,ok,0.000573
ncnn,88.802691,,ncnn_layer,Swish:/features/features.3/features.3.1/block/block.1/block.1.2/Mul,0.05234,0.050922,0.04964,efficientnet_b0,0.254313,80,ncnn_vulkan,70,ok,0.000566
ncnn,99.963368,,ncnn_layer,Split:splitncnn_6,0.00036,0.000341,0.00031,efficientnet_b0,0.001703,193,ncnn_vulkan,70,ok,2.4e-05
ncnn,88.024711,,ncnn_layer,Pooling:/features/features.3/features.3.1/block/block.2/avgpool/GlobalAveragePool,0.05505,0.053135,0.05203,efficientnet_b0,0.265365,77,ncnn_vulkan,70,ok,0.000459
ncnn,89.301833,,ncnn_layer,Convolution:/features/features.3/features.3.1/block/block.2/fc1/Conv,0.0513,0.049558,0.04823,efficientnet_b0,0.247501,82,ncnn_vulkan,70,ok,0.000894
ncnn,99.852892,,ncnn_layer,Swish:/features/features.3/features.3.1/block/block.2/activation/Mul,0.00375,0.003619,0.00359,efficientnet_b0,0.018074,183,ncnn_vulkan,70,ok,3.7e-05
ncnn,97.832899,,ncnn_layer,Convolution:/features/features.3/features.3.1/block/block.2/fc2/Conv,0.0176,0.016895,0.01656,efficientnet_b0,0.084376,134,ncnn_vulkan,70,ok,0.000246
ncnn,99.624963,,ncnn_layer,Sigmoid:/features/features.3/features.3.1/block/block.2/scale_activation/Sigmoid,0.00443,0.004182,0.00406,efficientnet_b0,0.020886,171,ncnn_vulkan,70,ok,9.7e-05
ncnn,86.818916,,ncnn_layer,BinaryOp:/features/features.3/features.3.1/block/block.2/Mul,0.06958,0.06868,0.06812,efficientnet_b0,0.342999,73,ncnn_vulkan,70,ok,0.000363
ncnn,57.3968,,ncnn_layer,Convolution:/features/features.3/features.3.1/block/block.3/block.3.0/Conv,0.24292,0.240191,0.23693,efficientnet_b0,1.199553,31,ncnn_vulkan,70,ok,0.001143
ncnn,98.962113,,ncnn_layer,BinaryOp:/features/features.3/features.3.1/Add,0.01307,0.012259,0.01172,efficientnet_b0,0.061223,149,ncnn_vulkan,70,ok,0.000336
ncnn,72.079328,,ncnn_layer,Convolution:/features/features.4/features.4.0/block/block.0/block.0.0/Conv,0.16328,0.162456,0.16167,efficientnet_b0,0.811331,47,ncnn_vulkan,70,ok,0.000349
ncnn,88.286829,,ncnn_layer,Swish:/features/features.4/features.4.0/block/block.0/block.0.2/Mul,0.05448,0.052485,0.05125,efficientnet_b0,0.262119,78,ncnn_vulkan,70,ok,0.000683
ncnn,76.434377,,ncnn_layer,ConvolutionDepthWise:/features/features.4/features.4.0/block/block.1/block.1.0/Conv,0.12812,0.125573,0.12318,efficientnet_b0,0.627132,53,ncnn_vulkan,70,ok,0.001119
ncnn,98.835541,,ncnn_layer,Swish:/features/features.4/features.4.0/block/block.1/block.1.2/Mul,0.01391,0.013093,0.01229,efficientnet_b0,0.065389,147,ncnn_vulkan,70,ok,0.000309
ncnn,99.971848,,ncnn_layer,Split:splitncnn_7,0.00036,0.000339,0.00031,efficientnet_b0,0.001693,198,ncnn_vulkan,70,ok,2.5e-05
ncnn,97.185615,,ncnn_layer,Pooling:/features/features.4/features.4.0/block/block.2/avgpool/GlobalAveragePool,0.0213,0.020589,0.02026,efficientnet_b0,0.102825,127,ncnn_vulkan,70,ok,0.000237
ncnn,89.549054,,ncnn_layer,Convolution:/features/features.4/features.4.0/block/block.2/fc1/Conv,0.05094,0.049502,0.04828,efficientnet_b0,0.247221,83,ncnn_vulkan,70,ok,0.000877
ncnn,99.870926,,ncnn_layer,Swish:/features/features.4/features.4.0/block/block.2/activation/Mul,0.0037,0.003611,0.00359,efficientnet_b0,0.018034,184,ncnn_vulkan,70,ok,3.1e-05
ncnn,98.159457,,ncnn_layer,Convolution:/features/features.4/features.4.0/block/block.2/fc2/Conv,0.01677,0.016292,0.01594,efficientnet_b0,0.081365,138,ncnn_vulkan,70,ok,0.000234
ncnn,99.518503,,ncnn_layer,Sigmoid:/features/features.4/features.4.0/block/block.2/scale_activation/Sigmoid,0.00458,0.004337,0.00417,efficientnet_b0,0.02166,166,ncnn_vulkan,70,ok,0.000126
ncnn,96.347895,,ncnn_layer,BinaryOp:/features/features.4/features.4.0/block/block.2/Mul,0.02568,0.02507,0.02474,efficientnet_b0,0.125204,120,ncnn_vulkan,70,ok,0.000242
ncnn,81.845286,,ncnn_layer,Convolution:/features/features.4/features.4.0/block/block.3/block.3.0/Conv,0.11354,0.109518,0.10646,efficientnet_b0,0.546951,62,ncnn_vulkan,70,ok,0.001955
ncnn,99.981996,,ncnn_layer,Split:splitncnn_8,0.00036,0.000337,0.00031,efficientnet_b0,0.001683,204,ncnn_vulkan,70,ok,2.5e-05
ncnn,68.783357,,ncnn_layer,Convolution:/features/features.4/features.4.1/block/block.0/block.0.0/Conv,0.16901,0.167533,0.16615,efficientnet_b0,0.836687,43,ncnn_vulkan,70,ok,0.000503
ncnn,96.962696,,ncnn_layer,Swish:/features/features.4/features.4.1/block/block.0/block.0.2/Mul,0.02542,0.024325,0.02333,efficientnet_b0,0.121483,125,ncnn_vulkan,70,ok,0.000484
ncnn,77.669573,,ncnn_layer,ConvolutionDepthWise:/features/features.4/features.4.1/block/block.1/block.1.0/Conv,0.12646,0.123347,0.12146,efficientnet_b0,0.616015,55,ncnn_vulkan,70,ok,0.001011
ncnn,96.841213,,ncnn_layer,Swish:/features/features.4/features.4.1/block/block.1/block.1.2/Mul,0.02589,0.024398,0.02318,efficientnet_b0,0.121848,124,ncnn_vulkan,70,ok,0.000568
ncnn,99.958244,,ncnn_layer,Split:splitncnn_9,0.00052,0.000406,0.00031,efficientnet_b0,0.002028,190,ncnn_vulkan,70,ok,6.7e-05
ncnn,94.521041,,ncnn_layer,Pooling:/features/features.4/features.4.1/block/block.2/avgpool/GlobalAveragePool,0.03182,0.031021,0.03073,efficientnet_b0,0.154924,107,ncnn_vulkan,70,ok,0.000183
ncnn,84.804131,,ncnn_layer,Convolution:/features/features.4/features.4.1/block/block.2/fc1/Conv,0.09083,0.087881,0.08714,efficientnet_b0,0.438892,68,ncnn_vulkan,70,ok,0.000549
ncnn,99.475174,,ncnn_layer,Swish:/features/features.4/features.4.1/block/block.2/activation/Mul,0.00464,0.004342,0.00422,efficientnet_b0,0.021685,164,ncnn_vulkan,70,ok,9.7e-05
ncnn,97.381911,,ncnn_layer,Convolution:/features/features.4/features.4.1/block/block.2/fc2/Conv,0.02031,0.019524,0.01896,efficientnet_b0,0.097506,129,ncnn_vulkan,70,ok,0.000318
ncnn,99.582843,,ncnn_layer,Sigmoid:/features/features.4/features.4.1/block/block.2/scale_activation/Sigmoid,0.00443,0.004257,0.00417,efficientnet_b0,0.02126,169,ncnn_vulkan,70,ok,0.000103
ncnn,90.995153,,ncnn_layer,BinaryOp:/features/features.4/features.4.1/block/block.2/Mul,0.04698,0.046362,0.04604,efficientnet_b0,0.231539,89,ncnn_vulkan,70,ok,0.000212
ncnn,58.45274,,ncnn_layer,Convolution:/features/features.4/features.4.1/block/block.3/block.3.0/Conv,0.2251,0.211435,0.20344,efficientnet_b0,1.05594,32,ncnn_vulkan,70,ok,0.006294
ncnn,99.216256,,ncnn_layer,BinaryOp:/features/features.4/features.4.1/Add,0.00958,0.008901,0.00865,efficientnet_b0,0.044453,154,ncnn_vulkan,70,ok,0.000226
ncnn,99.973541,,ncnn_layer,Split:splitncnn_10,0.00036,0.000339,0.00031,efficientnet_b0,0.001693,199,ncnn_vulkan,70,ok,2.5e-05
ncnn,70.455087,,ncnn_layer,Convolution:/features/features.4/features.4.2/block/block.0/block.0.0/Conv,0.16839,0.167329,0.16646,efficientnet_b0,0.835668,45,ncnn_vulkan,70,ok,0.00047
ncnn,95.970721,,ncnn_layer,Swish:/features/features.4/features.4.2/block/block.0/block.0.2/Mul,0.02667,0.025346,0.02359,efficientnet_b0,0.126582,117,ncnn_vulkan,70,ok,0.000555
ncnn,77.053558,,ncnn_layer,ConvolutionDepthWise:/features/features.4/features.4.2/block/block.1/block.1.0/Conv,0.1263,0.123981,0.12229,efficientnet_b0,0.619181,54,ncnn_vulkan,70,ok,0.000859
ncnn,96.596504,,ncnn_layer,Swish:/features/features.4/features.4.2/block/block.1/block.1.2/Mul,0.02578,0.024785,0.02411,efficientnet_b0,0.12378,122,ncnn_vulkan,70,ok,0.000391
ncnn,99.983679,,ncnn_layer,Split:splitncnn_11,0.00036,0.000337,0.00031,efficientnet_b0,0.001683,205,ncnn_vulkan,70,ok,2.5e-05
ncnn,94.210868,,ncnn_layer,Pooling:/features/features.4/features.4.2/block/block.2/avgpool/GlobalAveragePool,0.03198,0.031318,0.03073,efficientnet_b0,0.156407,105,ncnn_vulkan,70,ok,0.000249
ncnn,85.66919,,ncnn_layer,Convolution:/features/features.4/features.4.2/block/block.2/fc1/Conv,0.08745,0.086215,0.08547,efficientnet_b0,0.430572,70,ncnn_vulkan,70,ok,0.000426
ncnn,99.762428,,ncnn_layer,Swish:/features/features.4/features.4.2/block/block.2/activation/Mul,0.00385,0.00363,0.00359,efficientnet_b0,0.018129,178,ncnn_vulkan,70,ok,6e-05
ncnn,97.478688,,ncnn_layer,Convolution:/features/features.4/features.4.2/block/block.2/fc2/Conv,0.02,0.019378,0.01865,efficientnet_b0,0.096777,130,ncnn_vulkan,70,ok,0.000321
ncnn,99.604078,,ncnn_layer,Sigmoid:/features/features.4/features.4.2/block/block.2/scale_activation/Sigmoid,0.00453,0.004252,0.00417,efficientnet_b0,0.021235,170,ncnn_vulkan,70,ok,7.3e-05
ncnn,92.148594,,ncnn_layer,BinaryOp:/features/features.4/features.4.2/block/block.2/Mul,0.04651,0.046061,0.04562,efficientnet_b0,0.230036,94,ncnn_vulkan,70,ok,0.000212
ncnn,59.504905,,ncnn_layer,Convolution:/features/features.4/features.4.2/block/block.3/block.3.0/Conv,0.22438,0.210679,0.20359,efficientnet_b0,1.052165,33,ncnn_vulkan,70,ok,0.004409
ncnn,99.171803,,ncnn_layer,BinaryOp:/features/features.4/features.4.2/Add,0.00938,0.008907,0.00865,efficientnet_b0,0.044483,153,ncnn_vulkan,70,ok,0.000176
ncnn,69.619419,,ncnn_layer,Convolution:/features/features.5/features.5.0/block/block.0/block.0.0/Conv,0.16849,0.167408,0.1663,efficientnet_b0,0.836063,44,ncnn_vulkan,70,ok,0.00048
ncnn,97.082791,,ncnn_layer,Swish:/features/features.5/features.5.0/block/block.0/block.0.2/Mul,0.02531,0.024047,0.02302,efficientnet_b0,0.120095,126,ncnn_vulkan,70,ok,0.00054
ncnn,56.197247,,ncnn_layer,ConvolutionDepthWise:/features/features.5/features.5.0/block/block.1/block.1.0/Conv,0.24953,0.248207,0.24724,efficientnet_b0,1.239586,30,ncnn_vulkan,70,ok,0.000512
ncnn,96.719366,,ncnn_layer,Swish:/features/features.5/features.5.0/block/block.1/block.1.2/Mul,0.02635,0.024601,0.02359,efficientnet_b0,0.122861,123,ncnn_vulkan,70,ok,0.000516
ncnn,99.98704,,ncnn_layer,Split:splitncnn_12,0.00036,0.000336,0.00031,efficientnet_b0,0.001678,207,ncnn_vulkan,70,ok,2.5e-05
ncnn,94.366117,,ncnn_layer,Pooling:/features/features.5/features.5.0/block/block.2/avgpool/GlobalAveragePool,0.03151,0.031086,0.03078,efficientnet_b0,0.155248,106,ncnn_vulkan,70,ok,0.000171
ncnn,85.238618,,ncnn_layer,Convolution:/features/features.5/features.5.0/block/block.2/fc1/Conv,0.08859,0.086999,0.08609,efficientnet_b0,0.434487,69,ncnn_vulkan,70,ok,0.000432
ncnn,99.726125,,ncnn_layer,Swish:/features/features.5/features.5.0/block/block.2/activation/Mul,0.00396,0.003644,0.00354,efficientnet_b0,0.018199,176,ncnn_vulkan,70,ok,9.1e-05
ncnn,97.284405,,ncnn_layer,Convolution:/features/features.5/features.5.0/block/block.2/fc2/Conv,0.02047,0.019781,0.01896,efficientnet_b0,0.09879,128,ncnn_vulkan,70,ok,0.000346
ncnn,99.561583,,ncnn_layer,Sigmoid:/features/features.5/features.5.0/block/block.2/scale_activation/Sigmoid,0.00453,0.004295,0.00417,efficientnet_b0,0.02145,168,ncnn_vulkan,70,ok,0.000104
ncnn,90.763614,,ncnn_layer,BinaryOp:/features/features.5/features.5.0/block/block.2/Mul,0.04724,0.046706,0.0462,efficientnet_b0,0.233257,88,ncnn_vulkan,70,ok,0.000242
ncnn,53.662221,,ncnn_layer,Convolution:/features/features.5/features.5.0/block/block.3/block.3.0/Conv,0.27208,0.262929,0.25594,efficientnet_b0,1.31311,28,ncnn_vulkan,70,ok,0.005182
ncnn,99.99542,,ncnn_layer,Split:splitncnn_13,0.00036,0.000335,0.00031,efficientnet_b0,0.001673,212,ncnn_vulkan,70,ok,2.5e-05
ncnn,37.876252,,ncnn_layer,Convolution:/features/features.5/features.5.1/block/block.0/block.0.0/Conv,0.31594,0.314957,0.31349,efficientnet_b0,1.572946,17,ncnn_vulkan,70,ok,0.000522
ncnn,93.356372,,ncnn_layer,Swish:/features/features.5/features.5.1/block/block.0/block.0.2/Mul,0.03958,0.037637,0.03641,efficientnet_b0,0.187965,100,ncnn_vulkan,70,ok,0.000571
ncnn,31.438144,,ncnn_layer,ConvolutionDepthWise:/features/features.5/features.5.1/block/block.1/block.1.0/Conv,0.34521,0.343858,0.3426,efficientnet_b0,1.717282,13,ncnn_vulkan,70,ok,0.000509
ncnn,93.537286,,ncnn_layer,Swish:/features/features.5/features.5.1/block/block.1/block.1.2/Mul,0.03771,0.036225,0.03521,efficientnet_b0,0.180913,101,ncnn_vulkan,70,ok,0.000507
ncnn,99.988718,,ncnn_layer,Split:splitncnn_14,0.00036,0.000336,0.00031,efficientnet_b0,0.001678,208,ncnn_vulkan,70,ok,2.5e-05
ncnn,92.78562,,ncnn_layer,Pooling:/features/features.5/features.5.1/block/block.2/avgpool/GlobalAveragePool,0.04245,0.04171,0.04115,efficientnet_b0,0.208306,97,ncnn_vulkan,70,ok,0.000322
ncnn,79.497071,,ncnn_layer,Convolution:/features/features.5/features.5.1/block/block.2/fc1/Conv,0.12344,0.121644,0.12031,efficientnet_b0,0.60751,58,ncnn_vulkan,70,ok,0.000858
ncnn,99.780552,,ncnn_layer,Swish:/features/features.5/features.5.1/block/block.2/activation/Mul,0.00385,0.003629,0.00359,efficientnet_b0,0.018124,179,ncnn_vulkan,70,ok,6.8e-05
ncnn,96.222691,,ncnn_layer,Convolution:/features/features.5/features.5.1/block/block.2/fc2/Conv,0.02578,0.02513,0.02448,efficientnet_b0,0.125503,119,ncnn_vulkan,70,ok,0.000296
ncnn,99.540133,,ncnn_layer,Sigmoid:/features/features.5/features.5.1/block/block.2/scale_activation/Sigmoid,0.00453,0.004331,0.00417,efficientnet_b0,0.02163,167,ncnn_vulkan,70,ok,0.000104
ncnn,87.448909,,ncnn_layer,BinaryOp:/features/features.5/features.5.1/block/block.2/Mul,0.06333,0.062985,0.0625,efficientnet_b0,0.314557,75,ncnn_vulkan,70,ok,0.000182
ncnn,26.136552,,ncnn_layer,Convolution:/features/features.5/features.5.1/block/block.3/block.3.0/Conv,0.37302,0.361352,0.35234,efficientnet_b0,1.80465,10,ncnn_vulkan,70,ok,0.006061
ncnn,99.073004,,ncnn_layer,BinaryOp:/features/features.5/features.5.1/Add,0.01161,0.011025,0.01052,efficientnet_b0,0.055061,151,ncnn_vulkan,70,ok,0.000298
ncnn,99.990396,,ncnn_layer,Split:splitncnn_15,0.00036,0.000336,0.00031,efficientnet_b0,0.001678,209,ncnn_vulkan,70,ok,2.5e-05
ncnn,34.730265,,ncnn_layer,Convolution:/features/features.5/features.5.2/block/block.0/block.0.0/Conv,0.31672,0.315392,0.31396,efficientnet_b0,1.575118,15,ncnn_vulkan,70,ok,0.000521
ncnn,93.168407,,ncnn_layer,Swish:/features/features.5/features.5.2/block/block.0/block.0.2/Mul,0.03891,0.037785,0.03641,efficientnet_b0,0.188704,99,ncnn_vulkan,70,ok,0.000456
ncnn,33.155147,,ncnn_layer,ConvolutionDepthWise:/features/features.5/features.5.2/block/block.1/block.1.0/Conv,0.34521,0.343802,0.34245,efficientnet_b0,1.717003,14,ncnn_vulkan,70,ok,0.000613
ncnn,93.716816,,ncnn_layer,Swish:/features/features.5/features.5.2/block/block.1/block.1.2/Mul,0.03714,0.035948,0.03464,efficientnet_b0,0.17953,102,ncnn_vulkan,70,ok,0.000528
ncnn,99.959962,,ncnn_layer,Split:splitncnn_16,0.00036,0.000344,0.00031,efficientnet_b0,0.001718,191,ncnn_vulkan,70,ok,2.3e-05
ncnn,92.577313,,ncnn_layer,Pooling:/features/features.5/features.5.2/block/block.2/avgpool/GlobalAveragePool,0.04339,0.042406,0.04141,efficientnet_b0,0.211782,96,ncnn_vulkan,70,ok,0.000394
ncnn,78.889561,,ncnn_layer,Convolution:/features/features.5/features.5.2/block/block.2/fc1/Conv,0.12333,0.121893,0.12047,efficientnet_b0,0.608753,57,ncnn_vulkan,70,ok,0.000799
ncnn,99.939246,,ncnn_layer,Swish:/features/features.5/features.5.2/block/block.2/activation/Mul,0.00359,0.003406,0.00333,efficientnet_b0,0.01701,188,ncnn_vulkan,70,ok,5.6e-05
ncnn,96.097188,,ncnn_layer,Convolution:/features/features.5/features.5.2/block/block.2/fc2/Conv,0.02589,0.025323,0.02448,efficientnet_b0,0.126467,118,ncnn_vulkan,70,ok,0.000326
ncnn,99.453489,,ncnn_layer,Sigmoid:/features/features.5/features.5.2/block/block.2/scale_activation/Sigmoid,0.00453,0.004355,0.00422,efficientnet_b0,0.02175,163,ncnn_vulkan,70,ok,9.7e-05
ncnn,87.134352,,ncnn_layer,BinaryOp:/features/features.5/features.5.2/block/block.2/Mul,0.06359,0.063161,0.06276,efficientnet_b0,0.315436,74,ncnn_vulkan,70,ok,0.000219
ncnn,27.940453,,ncnn_layer,Convolution:/features/features.5/features.5.2/block/block.3/block.3.0/Conv,0.37156,0.361202,0.3526,efficientnet_b0,1.803901,11,ncnn_vulkan,70,ok,0.005912
ncnn,99.12732,,ncnn_layer,BinaryOp:/features/features.5/features.5.2/Add,0.01167,0.010876,0.01047,efficientnet_b0,0.054316,152,ncnn_vulkan,70,ok,0.000302
ncnn,36.303306,,ncnn_layer,Convolution:/features/features.6/features.6.0/block/block.0/block.0.0/Conv,0.31635,0.314976,0.31401,efficientnet_b0,1.573041,16,ncnn_vulkan,70,ok,0.000529
ncnn,92.979703,,ncnn_layer,Swish:/features/features.6/features.6.0/block/block.0/block.0.2/Mul,0.04042,0.038862,0.0374,efficientnet_b0,0.194083,98,ncnn_vulkan,70,ok,0.000624
ncnn,73.626759,,ncnn_layer,ConvolutionDepthWise:/features/features.6/features.6.0/block/block.1/block.1.0/Conv,0.15505,0.153721,0.15224,efficientnet_b0,0.767707,49,ncnn_vulkan,70,ok,0.000632
ncnn,99.017943,,ncnn_layer,Swish:/features/features.6/features.6.0/block/block.1/block.1.2/Mul,0.01172,0.011179,0.01068,efficientnet_b0,0.05583,150,ncnn_vulkan,70,ok,0.000232
ncnn,99.975234,,ncnn_layer,Split:splitncnn_17,0.00036,0.000339,0.00031,efficientnet_b0,0.001693,200,ncnn_vulkan,70,ok,2.5e-05
ncnn,94.672698,,ncnn_layer,Pooling:/features/features.6/features.6.0/block/block.2/avgpool/GlobalAveragePool,0.03073,0.030367,0.0301,efficientnet_b0,0.151658,108,ncnn_vulkan,70,ok,0.00013
ncnn,78.280808,,ncnn_layer,Convolution:/features/features.6/features.6.0/block/block.2/fc1/Conv,0.12443,0.12239,0.12083,efficientnet_b0,0.611235,56,ncnn_vulkan,70,ok,0.000913
ncnn,99.816739,,ncnn_layer,Swish:/features/features.6/features.6.0/block/block.2/activation/Mul,0.00385,0.003622,0.00359,efficientnet_b0,0.018089,181,ncnn_vulkan,70,ok,5.3e-05
ncnn,96.472724,,ncnn_layer,Convolution:/features/features.6/features.6.0/block/block.2/fc2/Conv,0.02589,0.024995,0.02401,efficientnet_b0,0.124829,121,ncnn_vulkan,70,ok,0.00037
ncnn,99.496843,,ncnn_layer,Sigmoid:/features/features.6/features.6.0/block/block.2/scale_activation/Sigmoid,0.00453,0.004339,0.00422,efficientnet_b0,0.02167,165,ncnn_vulkan,70,ok,0.000103
ncnn,97.574691,,ncnn_layer,BinaryOp:/features/features.6/features.6.0/block/block.2/Mul,0.01964,0.019223,0.01901,efficientnet_b0,0.096003,131,ncnn_vulkan,70,ok,0.000115
ncnn,64.430087,,ncnn_layer,Convolution:/features/features.6/features.6.0/block/block.3/block.3.0/Conv,0.19865,0.192159,0.18568,efficientnet_b0,0.959673,38,ncnn_vulkan,70,ok,0.003455
ncnn,99.992074,,ncnn_layer,Split:splitncnn_18,0.00036,0.000336,0.00031,efficientnet_b0,0.001678,210,ncnn_vulkan,70,ok,2.5e-05
ncnn,49.637092,,ncnn_layer,Convolution:/features/features.6/features.6.1/block/block.0/block.0.0/Conv,0.27448,0.271634,0.27,efficientnet_b0,1.356584,25,ncnn_vulkan,70,ok,0.00085
ncnn,98.394487,,ncnn_layer,Swish:/features/features.6/features.6.1/block/block.0/block.0.2/Mul,0.01615,0.015373,0.01432,efficientnet_b0,0.076775,141,ncnn_vulkan,70,ok,0.000337
ncnn,67.94667,,ncnn_layer,ConvolutionDepthWise:/features/features.6/features.6.1/block/block.1/block.1.0/Conv,0.17672,0.175419,0.17458,efficientnet_b0,0.876071,42,ncnn_vulkan,70,ok,0.00046
ncnn,98.078092,,ncnn_layer,Swish:/features/features.6/features.6.1/block/block.1/block.1.2/Mul,0.01729,0.016348,0.01573,efficientnet_b0,0.081645,137,ncnn_vulkan,70,ok,0.000265
ncnn,99.976927,,ncnn_layer,Split:splitncnn_19,0.00036,0.000339,0.00031,efficientnet_b0,0.001693,201,ncnn_vulkan,70,ok,2.5e-05
ncnn,91.918558,,ncnn_layer,Pooling:/features/features.6/features.6.1/block/block.2/avgpool/GlobalAveragePool,0.04651,0.046199,0.04594,efficientnet_b0,0.230725,93,ncnn_vulkan,70,ok,0.000161
ncnn,62.480751,,ncnn_layer,Convolution:/features/features.6/features.6.1/block/block.2/fc1/Conv,0.19964,0.198331,0.19755,efficientnet_b0,0.990497,36,ncnn_vulkan,70,ok,0.000392
ncnn,99.905181,,ncnn_layer,Swish:/features/features.6/features.6.1/block/block.2/activation/Mul,0.00391,0.003421,0.00333,efficientnet_b0,0.017085,186,ncnn_vulkan,70,ok,9.4e-05
ncnn,89.795151,,ncnn_layer,Convolution:/features/features.6/features.6.1/block/block.2/fc2/Conv,0.05016,0.049277,0.04828,efficientnet_b0,0.246097,84,ncnn_vulkan,70,ok,0.000481
ncnn,99.344252,,ncnn_layer,Sigmoid:/features/features.6/features.6.1/block/block.2/scale_activation/Sigmoid,0.00464,0.004413,0.00432,efficientnet_b0,0.022039,158,ncnn_vulkan,70,ok,8.4e-05
ncnn,95.273396,,ncnn_layer,BinaryOp:/features/features.6/features.6.1/block/block.2/Mul,0.03052,0.029955,0.02953,efficientnet_b0,0.1496,112,ncnn_vulkan,70,ok,0.000239
ncnn,39.448159,,ncnn_layer,Convolution:/features/features.6/features.6.1/block/block.3/block.3.0/Conv,0.3275,0.314749,0.30542,efficientnet_b0,1.571907,18,ncnn_vulkan,70,ok,0.007162
ncnn,99.287133,,ncnn_layer,BinaryOp:/features/features.6/features.6.1/Add,0.0076,0.007079,0.00677,efficientnet_b0,0.035354,156,ncnn_vulkan,70,ok,0.000212
ncnn,99.985362,,ncnn_layer,Split:splitncnn_20,0.00036,0.000337,0.00031,efficientnet_b0,0.001683,206,ncnn_vulkan,70,ok,2.5e-05
ncnn,52.349111,,ncnn_layer,Convolution:/features/features.6/features.6.2/block/block.0/block.0.0/Conv,0.2738,0.271436,0.26943,efficientnet_b0,1.355595,27,ncnn_vulkan,70,ok,0.001054
ncnn,98.470603,,ncnn_layer,Swish:/features/features.6/features.6.2/block/block.0/block.0.2/Mul,0.01589,0.015241,0.01443,efficientnet_b0,0.076116,142,ncnn_vulkan,70,ok,0.000301
ncnn,66.194164,,ncnn_layer,ConvolutionDepthWise:/features/features.6/features.6.2/block/block.1/block.1.0/Conv,0.17672,0.175742,0.17484,efficientnet_b0,0.877684,40,ncnn_vulkan,70,ok,0.000435
ncnn,97.996447,,ncnn_layer,Swish:/features/features.6/features.6.2/block/block.1/block.1.2/Mul,0.01693,0.016355,0.01583,efficientnet_b0,0.08168,136,ncnn_vulkan,70,ok,0.000251
ncnn,99.97862,,ncnn_layer,Split:splitncnn_21,0.00036,0.000339,0.00031,efficientnet_b0,0.001693,202,ncnn_vulkan,70,ok,2.5e-05
ncnn,91.687833,,ncnn_layer,Pooling:/features/features.6/features.6.2/block/block.2/avgpool/GlobalAveragePool,0.04667,0.046225,0.04589,efficientnet_b0,0.230855,92,ncnn_vulkan,70,ok,0.000159
ncnn,61.490254,,ncnn_layer,Convolution:/features/features.6/features.6.2/block/block.2/fc1/Conv,0.19969,0.198641,0.19802,efficientnet_b0,0.992045,35,ncnn_vulkan,70,ok,0.000327
ncnn,99.888096,,ncnn_layer,Swish:/features/features.6/features.6.2/block/block.2/activation/Mul,0.0037,0.003438,0.00339,efficientnet_b0,0.01717,185,ncnn_vulkan,70,ok,5e-05
ncnn,90.040449,,ncnn_layer,Convolution:/features/features.6/features.6.2/block/block.2/fc2/Conv,0.05057,0.049117,0.04792,efficientnet_b0,0.245298,85,ncnn_vulkan,70,ok,0.000537
ncnn,99.40993,,ncnn_layer,Sigmoid:/features/features.6/features.6.2/block/block.2/scale_activation/Sigmoid,0.00464,0.004375,0.00432,efficientnet_b0,0.021849,161,ncnn_vulkan,70,ok,7.1e-05
ncnn,94.973826,,ncnn_layer,BinaryOp:/features/features.6/features.6.2/block/block.2/Mul,0.03057,0.030106,0.02969,efficientnet_b0,0.150354,110,ncnn_vulkan,70,ok,0.000205
ncnn,42.591654,,ncnn_layer,Convolution:/features/features.6/features.6.2/block/block.3/block.3.0/Conv,0.32667,0.3147,0.30432,efficientnet_b0,1.571662,20,ncnn_vulkan,70,ok,0.007397
ncnn,99.322212,,ncnn_layer,BinaryOp:/features/features.6/features.6.2/Add,0.0075,0.007024,0.00677,efficientnet_b0,0.035079,157,ncnn_vulkan,70,ok,0.000182
ncnn,99.965071,,ncnn_layer,Split:splitncnn_22,0.00036,0.000341,0.00031,efficientnet_b0,0.001703,194,ncnn_vulkan,70,ok,2.4e-05
ncnn,50.993516,,ncnn_layer,Convolution:/features/features.6/features.6.3/block/block.0/block.0.0/Conv,0.27479,0.271602,0.26938,efficientnet_b0,1.356424,26,ncnn_vulkan,70,ok,0.000966
ncnn,98.317712,,ncnn_layer,Swish:/features/features.6/features.6.3/block/block.0/block.0.2/Mul,0.01625,0.015599,0.01464,efficientnet_b0,0.077904,140,ncnn_vulkan,70,ok,0.000318
ncnn,67.070599,,ncnn_layer,ConvolutionDepthWise:/features/features.6/features.6.3/block/block.1/block.1.0/Conv,0.17807,0.175492,0.17417,efficientnet_b0,0.876435,41,ncnn_vulkan,70,ok,0.000656
ncnn,97.914768,,ncnn_layer,Swish:/features/features.6/features.6.3/block/block.1/block.1.2/Mul,0.01708,0.016393,0.01578,efficientnet_b0,0.081869,135,ncnn_vulkan,70,ok,0.000269
ncnn,99.997093,,ncnn_layer,Split:splitncnn_23,0.00036,0.000335,0.00031,efficientnet_b0,0.001673,213,ncnn_vulkan,70,ok,2.5e-05
ncnn,91.456978,,ncnn_layer,Pooling:/features/features.6/features.6.3/block/block.2/avgpool/GlobalAveragePool,0.04656,0.04623,0.04599,efficientnet_b0,0.23088,91,ncnn_vulkan,70,ok,0.000141
ncnn,63.470414,,ncnn_layer,Convolution:/features/features.6/features.6.3/block/block.2/fc1/Conv,0.19896,0.198164,0.19729,efficientnet_b0,0.989663,37,ncnn_vulkan,70,ok,0.000372
ncnn,99.956216,,ncnn_layer,Swish:/features/features.6/features.6.3/block/block.2/activation/Mul,0.00359,0.003398,0.00333,efficientnet_b0,0.01697,189,ncnn_vulkan,70,ok,4.9e-05
ncnn,90.530356,,ncnn_layer,Convolution:/features/features.6/features.6.3/block/block.2/fc2/Conv,0.05026,0.048982,0.04776,efficientnet_b0,0.244624,87,ncnn_vulkan,70,ok,0.0005
ncnn,99.366171,,ncnn_layer,Sigmoid:/features/features.6/features.6.3/block/block.2/scale_activation/Sigmoid,0.00464,0.004389,0.00432,efficientnet_b0,0.021919,159,ncnn_vulkan,70,ok,7.4e-05
ncnn,95.123796,,ncnn_layer,BinaryOp:/features/features.6/features.6.3/block/block.2/Mul,0.03062,0.030029,0.02964,efficientnet_b0,0.14997,111,ncnn_vulkan,70,ok,0.00026
ncnn,41.019991,,ncnn_layer,Convolution:/features/features.6/features.6.3/block/block.3/block.3.0/Conv,0.32526,0.314734,0.30344,efficientnet_b0,1.571832,19,ncnn_vulkan,70,ok,0.006952
ncnn,99.25178,,ncnn_layer,BinaryOp:/features/features.6/features.6.3/Add,0.0076,0.007113,0.00682,efficientnet_b0,0.035523,155,ncnn_vulkan,70,ok,0.0002
ncnn,48.280508,,ncnn_layer,Convolution:/features/features.7/features.7.0/block/block.0/block.0.0/Conv,0.27417,0.27164,0.26995,efficientnet_b0,1.356614,24,ncnn_vulkan,70,ok,0.000963
ncnn,98.622431,,ncnn_layer,Swish:/features/features.7/features.7.0/block/block.0/block.0.2/Mul,0.01594,0.01518,0.01458,efficientnet_b0,0.075811,144,ncnn_vulkan,70,ok,0.000283
ncnn,84.365239,,ncnn_layer,ConvolutionDepthWise:/features/features.7/features.7.0/block/block.1/block.1.0/Conv,0.0926,0.091103,0.08984,efficientnet_b0,0.454983,67,ncnn_vulkan,70,ok,0.000642
ncnn,98.239808,,ncnn_layer,Swish:/features/features.7/features.7.0/block/block.1/block.1.2/Mul,0.01682,0.016089,0.01552,efficientnet_b0,0.080351,139,ncnn_vulkan,70,ok,0.000274
ncnn,99.966769,,ncnn_layer,Split:splitncnn_24,0.00036,0.00034,0.00031,efficientnet_b0,0.001698,195,ncnn_vulkan,70,ok,2.4e-05
ncnn,91.226098,,ncnn_layer,Pooling:/features/features.7/features.7.0/block/block.2/avgpool/GlobalAveragePool,0.04656,0.046243,0.04589,efficientnet_b0,0.230945,90,ncnn_vulkan,70,ok,0.000146
ncnn,60.498209,,ncnn_layer,Convolution:/features/features.7/features.7.0/block/block.2/fc1/Conv,0.19984,0.198893,0.19786,efficientnet_b0,0.993304,34,ncnn_vulkan,70,ok,0.00035
ncnn,99.922236,,ncnn_layer,Swish:/features/features.7/features.7.0/block/block.2/activation/Mul,0.00359,0.003415,0.00333,efficientnet_b0,0.017055,187,ncnn_vulkan,70,ok,5.1e-05
ncnn,90.285732,,ncnn_layer,Convolution:/features/features.7/features.7.0/block/block.2/fc2/Conv,0.05052,0.049114,0.04802,efficientnet_b0,0.245283,86,ncnn_vulkan,70,ok,0.000562
ncnn,99.38808,,ncnn_layer,Sigmoid:/features/features.7/features.7.0/block/block.2/scale_activation/Sigmoid,0.00464,0.004387,0.00432,efficientnet_b0,0.021909,160,ncnn_vulkan,70,ok,7.2e-05
ncnn,95.422092,,ncnn_layer,BinaryOp:/features/features.7/features.7.0/block/block.2/Mul,0.03052,0.029774,0.02932,efficientnet_b0,0.148696,113,ncnn_vulkan,70,ok,0.000264
ncnn,17.817454,,ncnn_layer,Convolution:/features/features.7/features.7.0/block/block.3/block.3.0/Conv,0.4825,0.459768,0.44193,efficientnet_b0,2.296155,6,ncnn_vulkan,70,ok,0.015625
ncnn,15.521298,,ncnn_layer,Convolution:/features/features.8/features.8.0/Conv,0.49516,0.492213,0.48792,efficientnet_b0,2.458191,5,ncnn_vulkan,70,ok,0.001525
ncnn,97.748522,,ncnn_layer,Swish:/features/features.8/features.8.2/Mul,0.01766,0.017079,0.01635,efficientnet_b0,0.085295,133,ncnn_vulkan,70,ok,0.000331
ncnn,89.054332,,ncnn_layer,Pooling:/avgpool/GlobalAveragePool,0.05094,0.050387,0.05,efficientnet_b0,0.251641,81,ncnn_vulkan,70,ok,0.000253
ncnn,99.980313,,ncnn_layer,Flatten:/Flatten,0.00036,0.000339,0.00031,efficientnet_b0,0.001693,203,ncnn_vulkan,70,ok,2.5e-05
ncnn,22.183744,,ncnn_layer,InnerProduct:/classifier/classifier.1/Gemm,0.4374,0.431502,0.42573,efficientnet_b0,2.15499,8,ncnn_vulkan,70,ok,0.002761
pytorch,99.392661,,op,aten::conv2d,0.006979,0.006392,0.004277,shufflenet_v2_x1_0,0.077073,26,pytorch_cpu,2800,ok,0.001058
pytorch,99.082438,,op,aten::convolution,0.009891,0.007904,0.007284,shufflenet_v2_x1_0,0.095305,22,pytorch_cpu,2800,ok,0.000996
pytorch,85.884173,,op,aten::_convolution,0.503413,0.464932,0.434523,shufflenet_v2_x1_0,5.606053,3,pytorch_cpu,2800,ok,0.027775
pytorch,99.947404,,op,aten::thnn_conv2d,0.003263,0.002771,0.002565,shufflenet_v2_x1_0,0.033412,36,pytorch_cpu,124850,ok,0.000263
pytorch,95.877827,,op,aten::_slow_conv2d_forward,0.117272,0.102723,0.085383,shufflenet_v2_x1_0,1.238612,8,pytorch_cpu,124850,ok,0.012974
pytorch,99.913992,,op,aten::empty,0.003482,0.003171,0.002896,shufflenet_v2_x1_0,0.038235,35,pytorch_cpu,265500,ok,0.000199
pytorch,99.790327,,op,aten::view,0.004697,0.003844,0.003502,shufflenet_v2_x1_0,0.04635,32,pytorch_cpu,128250,ok,0.000441
pytorch,99.834856,,op,aten::resize_,0.004222,0.003693,0.003276,shufflenet_v2_x1_0,0.044529,33,pytorch_cpu,124850,ok,0.000331
pytorch,99.467854,,op,aten::batch_norm,0.006341,0.006236,0.006171,shufflenet_v2_x1_0,0.075192,27,pytorch_cpu,2800,ok,6e-05
pytorch,98.14814,,op,aten::_batch_norm_impl_index,0.022275,0.015481,0.013364,shufflenet_v2_x1_0,0.186667,14,pytorch_cpu,2800,ok,0.003411
pytorch,88.643695,,op,aten::native_batch_norm,0.273779,0.228858,0.202246,shufflenet_v2_x1_0,2.759522,4,pytorch_cpu,2800,ok,0.028678
pytorch,98.987133,,op,aten::empty_like,0.008792,0.008181,0.007615,shufflenet_v2_x1_0,0.098645,21,pytorch_cpu,3600,ok,0.000413
pytorch,99.238273,,op,aten::relu_,0.006643,0.006453,0.00637,shufflenet_v2_x1_0,0.077809,24,pytorch_cpu,1850,ok,0.0001
pytorch,96.791144,,op,aten::clamp_min_,0.082768,0.075745,0.069284,shufflenet_v2_x1_0,0.913317,9,pytorch_cpu,1850,ok,0.005231
pytorch,97.764691,,op,aten::max_pool2d,0.0236,0.02122,0.0186,shufflenet_v2_x1_0,0.255866,12,pytorch_cpu,50,ok,0.00187
pytorch,80.27812,,op,aten::max_pool2d_with_indices,3.8595,3.11046,2.586,shufflenet_v2_x1_0,37.505277,2,pytorch_cpu,50,ok,0.440763
pytorch,99.980334,,op,aten::narrow,0.003584,0.002731,0.002467,shufflenet_v2_x1_0,0.03293,37,pytorch_cpu,248600,ok,0.000432
pytorch,99.612547,,op,aten::slice,0.006919,0.00592,0.005306,shufflenet_v2_x1_0,0.071382,29,pytorch_cpu,248600,ok,0.000666
pytorch,99.998794,,op,aten::as_strided,0.002083,0.001531,0.001289,shufflenet_v2_x1_0,0.01846,38,pytorch_cpu,249550,ok,0.000297
pytorch,94.639215,,op,aten::cat,0.152009,0.114943,0.097174,shufflenet_v2_x1_0,1.385959,7,pytorch_cpu,1750,ok,0.019059
pytorch,99.875757,,op,aten::detach,0.003469,0.003392,0.003347,shufflenet_v2_x1_0,0.0409,34,pytorch_cpu,1800,ok,4.5e-05
pytorch,98.888489,,op,aten::transpose,0.010924,0.008622,0.007106,shufflenet_v2_x1_0,0.103962,20,pytorch_cpu,850,ok,0.001726
pytorch,99.315588,,op,aten::contiguous,0.008606,0.006412,0.004844,shufflenet_v2_x1_0,0.077315,25,pytorch_cpu,800,ok,0.001301
pytorch,98.566039,,op,aten::clone,0.00975,0.009558,0.009394,shufflenet_v2_x1_0,0.115248,17,pytorch_cpu,800,ok,0.000143
pytorch,91.03004,,op,aten::copy_,0.223683,0.197909,0.158406,shufflenet_v2_x1_0,2.386345,5,pytorch_cpu,900,ok,0.024972
pytorch,99.743977,,op,aten::chunk,0.005708,0.0052,0.004531,shufflenet_v2_x1_0,0.062701,31,pytorch_cpu,650,ok,0.000431
pytorch,99.160464,,op,aten::split,0.006569,0.006471,0.006377,shufflenet_v2_x1_0,0.078026,23,pytorch_cpu,650,ok,8.2e-05
pytorch,97.508824,,op,aten::mean,0.0274,0.02672,0.0257,shufflenet_v2_x1_0,0.322184,11,pytorch_cpu,50,ok,0.000591
pytorch,93.253256,,op,aten::sum,0.2672,0.18438,0.1293,shufflenet_v2_x1_0,2.223216,6,pytorch_cpu,50,ok,0.047097
pytorch,99.541165,,op,aten::fill_,0.0061,0.00608,0.006,shufflenet_v2_x1_0,0.073311,28,pytorch_cpu,50,ok,4e-05
pytorch,97.18664,,op,aten::div_,0.035,0.0328,0.0251,shufflenet_v2_x1_0,0.395496,10,pytorch_cpu,50,ok,0.003856
pytorch,98.784526,,op,aten::to,0.0169,0.00874,0.005,shufflenet_v2_x1_0,0.105385,19,pytorch_cpu,50,ok,0.00475
pytorch,98.310679,,op,aten::_to_copy,0.0138,0.01348,0.013,shufflenet_v2_x1_0,0.162539,15,pytorch_cpu,50,ok,0.000293
pytorch,99.681276,,op,aten::empty_strided,0.0059,0.0057,0.0056,shufflenet_v2_x1_0,0.068729,30,pytorch_cpu,50,ok,0.00011
pytorch,97.961474,,op,aten::linear,0.017,0.01632,0.0158,shufflenet_v2_x1_0,0.196783,13,pytorch_cpu,50,ok,0.000445
pytorch,98.450791,,op,aten::t,0.0137,0.01162,0.011,shufflenet_v2_x1_0,0.140112,16,pytorch_cpu,50,ok,0.001046
pytorch,42.772843,,op,aten::addmm,4.1626,3.54732,2.9478,shufflenet_v2_x1_0,42.772843,1,pytorch_cpu,50,ok,0.449114
pytorch,98.679141,,op,aten::expand,0.0095,0.00938,0.0092,shufflenet_v2_x1_0,0.113102,18,pytorch_cpu,50,ok,9.8e-05
pytorch,100.0,,op,aten::resolve_conj,0.00015,0.0001,5e-05,shufflenet_v2_x1_0,0.001206,39,pytorch_cpu,80,ok,5e-05
pytorch,99.279831,,op,aten::conv2d,0.004296,0.004112,0.00373,shufflenet_v2_x1_0,0.312608,28,pytorch_cuda,2800,ok,0.000217
pytorch,98.613639,,op,aten::convolution,0.005248,0.004785,0.004387,shufflenet_v2_x1_0,0.363772,26,pytorch_cuda,2800,ok,0.000322
pytorch,92.08719,,op,aten::_convolution,0.01345,0.012384,0.012077,shufflenet_v2_x1_0,0.941473,13,pytorch_cuda,2800,ok,0.000534
pytorch,36.676763,,op,aten::cudnn_convolution,0.242214,0.228241,0.223292,shufflenet_v2_x1_0,17.351637,2,pytorch_cuda,1850,ok,0.007103
pytorch,97.065424,,op,aten::empty,0.005646,0.005453,0.005361,shufflenet_v2_x1_0,0.414555,22,pytorch_cuda,14800,ok,0.000107
pytorch,98.249867,,op,aten::batch_norm,0.005268,0.005048,0.004916,shufflenet_v2_x1_0,0.383766,25,pytorch_cuda,2800,ok,0.000117
pytorch,92.819218,,op,aten::_batch_norm_impl_index,0.010493,0.009629,0.009261,shufflenet_v2_x1_0,0.732028,14,pytorch_cuda,2800,ok,0.000442
pytorch,54.359557,,op,aten::cudnn_batch_norm,0.115955,0.110857,0.109016,shufflenet_v2_x1_0,8.427716,4,pytorch_cuda,2800,ok,0.002577
pytorch,98.967223,,op,aten::empty_like,0.004897,0.004651,0.004529,shufflenet_v2_x1_0,0.353584,27,pytorch_cuda,3600,ok,0.00013
pytorch,96.228788,,op,aten::view,0.006809,0.006325,0.006149,shufflenet_v2_x1_0,0.480847,20,pytorch_cuda,4400,ok,0.000249
pytorch,94.126591,,op,aten::relu_,0.008381,0.008097,0.007795,shufflenet_v2_x1_0,0.615561,16,pytorch_cuda,1850,ok,0.000208
pytorch,86.929464,,op,aten::clamp_min_,0.08437,0.080255,0.078859,shufflenet_v2_x1_0,6.101251,9,pytorch_cuda,1850,ok,0.002068
pytorch,90.092034,,op,aten::max_pool2d,0.0245,0.01816,0.0147,shufflenet_v2_x1_0,1.380583,11,pytorch_cuda,50,ok,0.003404
pytorch,45.931841,,op,aten::max_pool2d_with_indices,0.1285,0.12174,0.1167,shufflenet_v2_x1_0,9.255078,3,pytorch_cuda,50,ok,0.004434
pytorch,80.828213,,op,aten::_conv_depthwise2d,0.086558,0.082865,0.081611,shufflenet_v2_x1_0,6.299672,8,pytorch_cuda,950,ok,0.00186
pytorch,93.51103,,op,aten::resize_,0.009763,0.0091,0.008879,shufflenet_v2_x1_0,0.691812,15,pytorch_cuda,950,ok,0.000336
pytorch,61.207737,,op,aten::cat,0.093869,0.09008,0.087994,shufflenet_v2_x1_0,6.84818,5,pytorch_cuda,800,ok,0.002032
pytorch,95.74794,,op,aten::transpose,0.0067,0.006335,0.006218,shufflenet_v2_x1_0,0.481608,19,pytorch_cuda,850,ok,0.000184
pytorch,100.0,,op,aten::as_strided,0.002687,0.002523,0.00236,shufflenet_v2_x1_0,0.191807,31,pytorch_cuda,2250,ok,0.000104
pytorch,97.866102,,op,aten::contiguous,0.006188,0.00513,0.004138,shufflenet_v2_x1_0,0.39,24,pytorch_cuda,800,ok,0.000703
pytorch,94.725046,,op,aten::clone,0.008563,0.007872,0.0076,shufflenet_v2_x1_0,0.598456,17,pytorch_cuda,800,ok,0.000358
pytorch,74.528541,,op,aten::copy_,0.09045,0.08638,0.08475,shufflenet_v2_x1_0,6.566894,7,pytorch_cuda,800,ok,0.002063
pytorch,99.577995,,op,aten::chunk,0.004377,0.003922,0.0036,shufflenet_v2_x1_0,0.298163,29,pytorch_cuda,650,ok,0.000293
pytorch,96.650869,,op,aten::split,0.005977,0.005552,0.005315,shufflenet_v2_x1_0,0.422081,21,pytorch_cuda,650,ok,0.000229
pytorch,99.808193,,op,aten::narrow,0.003204,0.003028,0.002904,shufflenet_v2_x1_0,0.230199,30,pytorch_cuda,1300,ok,0.000102
pytorch,97.476102,,op,aten::slice,0.005546,0.005402,0.005277,shufflenet_v2_x1_0,0.410678,23,pytorch_cuda,1300,ok,9.3e-05
pytorch,67.961648,,op,aten::mean,0.1033,0.08884,0.0844,shufflenet_v2_x1_0,6.753911,6,pytorch_cuda,50,ok,0.007252
pytorch,91.145717,,op,aten::linear,0.0164,0.01386,0.0117,shufflenet_v2_x1_0,1.053683,12,pytorch_cuda,50,ok,0.001805
pytorch,95.266332,,op,aten::t,0.0074,0.00712,0.0066,shufflenet_v2_x1_0,0.541286,18,pytorch_cuda,50,ok,0.000299
pytorch,19.325126,,op,aten::addmm,0.2606,0.2542,0.2464,shufflenet_v2_x1_0,19.325126,1,pytorch_cuda,50,ok,0.00516
pytorch,88.71145,,op,aten::expand,0.0267,0.02344,0.0201,shufflenet_v2_x1_0,1.781986,10,pytorch_cuda,50,ok,0.00228
,,"module 'numpy' has no attribute 'bool'.
`np.bool` was a deprecated alias for the builtin `bool`. To avoid this error in existing code, use `bool` by itself. Doing this will not modify any behavior and is safe. If you specifically wanted the numpy scalar type, use `np.bool_` here.
The aliases was originally deprecated in NumPy 1.20; for more details and guidance see the original release note at:
    https://numpy.org/devdocs/release/1.20.0-notes.html#deprecations",,,,,,shufflenet_v2_x1_0,,,tensorrt_fp32,0,error,
,,"module 'numpy' has no attribute 'bool'.
`np.bool` was a deprecated alias for the builtin `bool`. To avoid this error in existing code, use `bool` by itself. Doing this will not modify any behavior and is safe. If you specifically wanted the numpy scalar type, use `np.bool_` here.
The aliases was originally deprecated in NumPy 1.20; for more details and guidance see the original release note at:
    https://numpy.org/devdocs/release/1.20.0-notes.html#deprecations",,,,,,shufflenet_v2_x1_0,,,tensorrt_fp16,0,error,
,,"module 'numpy' has no attribute 'bool'.
`np.bool` was a deprecated alias for the builtin `bool`. To avoid this error in existing code, use `bool` by itself. Doing this will not modify any behavior and is safe. If you specifically wanted the numpy scalar type, use `np.bool_` here.
The aliases was originally deprecated in NumPy 1.20; for more details and guidance see the original release note at:
    https://numpy.org/devdocs/release/1.20.0-notes.html#deprecations",,,,,,shufflenet_v2_x1_0,,,tensorrt_int8,0,error,
onnxruntime,88.413677,,onnx_node,model_loading_uri,171.103,171.103,171.103,shufflenet_v2_x1_0,5.272893,2,onnxrt_cuda,1,ok,0.0
onnxruntime,83.140785,,onnx_node,session_initialization,2697.881,2697.881,2697.881,shufflenet_v2_x1_0,83.140785,1,onnxrt_cuda,1,ok,0.0
onnxruntime,99.989825,,onnx_node,FusedConv:/conv1/conv1.0/Conv_/conv1/conv1.2/Relu_fence_before,0.002,0.001367,0.001,shufflenet_v2_x1_0,4.2e-05,433,onnxrt_cuda,60,ok,0.000482
onnxruntime,97.715396,,onnx_node,FusedConv:/conv1/conv1.0/Conv_/conv1/conv1.2/Relu_kernel_time,2663.798,44.844417,0.384,shufflenet_v2_x1_0,1.381973,5,onnxrt_cuda,60,ok,340.958717
onnxruntime,99.990139,,onnx_node,FusedConv:/conv1/conv1.0/Conv_/conv1/conv1.2/Relu_fence_after,0.001,0.001,0.001,shufflenet_v2_x1_0,3.1e-05,442,onnxrt_cuda,22,ok,0.0
onnxruntime,99.990108,,onnx_node,MaxPool:/maxpool/MaxPool_fence_before,0.002,0.001034,0.001,shufflenet_v2_x1_0,3.2e-05,441,onnxrt_cuda,58,ok,0.000182
onnxruntime,99.68107,,onnx_node,MaxPool:/maxpool/MaxPool_kernel_time,4.105,0.183717,0.109,shufflenet_v2_x1_0,0.005662,77,onnxrt_cuda,60,ok,0.510573
onnxruntime,99.990169,,onnx_node,MaxPool:/maxpool/MaxPool_fence_after,0.001,0.001,0.001,shufflenet_v2_x1_0,3.1e-05,443,onnxrt_cuda,2,ok,0.0
onnxruntime,99.9902,,onnx_node,Conv:/stage2/stage2.0/branch1/branch1.0/Conv_fence_before,0.001,0.001,0.001,shufflenet_v2_x1_0,3.1e-05,444,onnxrt_cuda,29,ok,0.0
onnxruntime,98.875113,,onnx_node,Conv:/stage2/stage2.0/branch1/branch1.0/Conv_kernel_time,50.966,1.031983,0.171,shufflenet_v2_x1_0,0.031803,24,onnxrt_cuda,60,ok,6.500887
onnxruntime,99.990231,,onnx_node,Conv:/stage2/stage2.0/branch1/branch1.0/Conv_fence_after,0.001,0.001,0.001,shufflenet_v2_x1_0,3.1e-05,445,onnxrt_cuda,2,ok,0.0
onnxruntime,99.990262,,onnx_node,FusedConv:/stage2/stage2.0/branch1/branch1.2/Conv_/stage2/stage2.0/branch1/branch1.4/Relu_fence_before,0.001,0.001,0.001,shufflenet_v2_x1_0,3.1e-05,446,onnxrt_cuda,46,ok,0.0
onnxruntime,99.188024,,onnx_node,FusedConv:/stage2/stage2.0/branch1/branch1.2/Conv_/stage2/stage2.0/branch1/branch1.4/Relu_kernel_time,25.67,0.61505,0.175,shufflenet_v2_x1_0,0.018954,40,onnxrt_cuda,60,ok,3.261952
onnxruntime,99.989866,,onnx_node,FusedConv:/stage2/stage2.0/branch1/branch1.2/Conv_/stage2/stage2.0/branch1/branch1.4/Relu_fence_after,0.002,0.001333,0.001,shufflenet_v2_x1_0,4.1e-05,434,onnxrt_cuda,3,ok,0.000471
onnxruntime,99.990293,,onnx_node,FusedConv:/stage2/stage2.0/branch2/branch2.0/Conv_/stage2/stage2.0/branch2/branch2.2/Relu_fence_before,0.001,0.001,0.001,shufflenet_v2_x1_0,3.1e-05,447,onnxrt_cuda,5,ok,0.0
onnxruntime,99.555966,,onnx_node,FusedConv:/stage2/stage2.0/branch2/branch2.0/Conv_/stage2/stage2.0/branch2/branch2.2/Relu_kernel_time,23.695,0.553617,0.145,shufflenet_v2_x1_0,0.017061,60,onnxrt_cuda,60,ok,3.012849
onnxruntime,99.990323,,onnx_node,FusedConv:/stage2/stage2.0/branch2/branch2.0/Conv_/stage2/stage2.0/branch2/branch2.2/Relu_fence_after,0.001,0.001,0.001,shufflenet_v2_x1_0,3.1e-05,448,onnxrt_cuda,1,ok,0.0
onnxruntime,99.990354,,onnx_node,Conv:/stage2/stage2.0/branch2/branch2.3/Conv_fence_before,0.001,0.001,0.001,shufflenet_v2_x1_0,3.1e-05,449,onnxrt_cuda,23,ok,0.0
onnxruntime,98.723966,,onnx_node,Conv:/stage2/stage2.0/branch2/branch2.3/Conv_kernel_time,90.541,1.658033,0.137,shufflenet_v2_x1_0,0.051096,20,onnxrt_cuda,60,ok,11.571618
onnxruntime,99.990385,,onnx_node,Conv:/stage2/stage2.0/branch2/branch2.3/Conv_fence_after,0.001,0.001,0.001,shufflenet_v2_x1_0,3.1e-05,450,onnxrt_cuda,4,ok,0.0
onnxruntime,99.990416,,onnx_node,FusedConv:/stage2/stage2.0/branch2/branch2.5/Conv_/stage2/stage2.0/branch2/branch2.7/Relu_fence_before,0.001,0.001,0.001,shufflenet_v2_x1_0,3.1e-05,451,onnxrt_cuda,35,ok,0.0
onnxruntime,99.150102,,onnx_node,FusedConv:/stage2/stage2.0/branch2/branch2.5/Conv_/stage2/stage2.0/branch2/branch2.7/Relu_kernel_time,28.253,0.620133,0.137,shufflenet_v2_x1_0,0.019111,38,onnxrt_cuda,60,ok,3.597565
onnxruntime,99.990447,,onnx_node,FusedConv:/stage2/stage2.0/branch2/branch2.5/Conv_/stage2/stage2.0/branch2/branch2.7/Relu_fence_after,0.001,0.001,0.001,shufflenet_v2_x1_0,3.1e-05,452,onnxrt_cuda,2,ok,0.0
onnxruntime,99.99001,,onnx_node,Concat:/stage2/stage2.0/Concat_fence_before,0.002,0.00107,0.001,shufflenet_v2_x1_0,3.3e-05,438,onnxrt_cuda,57,ok,0.000255
onnxruntime,99.5652,,onnx_node,Concat:/stage2/stage2.0/Concat_kernel_time,1.443,0.299633,0.257,shufflenet_v2_x1_0,0.009234,61,onnxrt_cuda,60,ok,0.150718
onnxruntime,99.990478,,onnx_node,Concat:/stage2/stage2.0/Concat_fence_after,0.001,0.001,0.001,shufflenet_v2_x1_0,3.1e-05,453,onnxrt_cuda,7,ok,0.0
onnxruntime,99.990508,,onnx_node,Shape:/stage2/stage2.0/Shape_1_fence_before,0.001,0.001,0.001,shufflenet_v2_x1_0,3.1e-05,454,onnxrt_cuda,28,ok,0.0
onnxruntime,99.812461,,onnx_node,Shape:/stage2/stage2.0/Shape_1_kernel_time,0.098,0.02525,0.022,shufflenet_v2_x1_0,0.000778,148,onnxrt_cuda,60,ok,0.009547
onnxruntime,99.990539,,onnx_node,Gather:/stage2/stage2.0/Gather_1_fence_before,0.001,0.001,0.001,shufflenet_v2_x1_0,3.1e-05,455,onnxrt_cuda,54,ok,0.0
onnxruntime,99.820877,,onnx_node,Gather:/stage2/stage2.0/Gather_1_kernel_time,0.037,0.024417,0.023,shufflenet_v2_x1_0,0.000752,159,onnxrt_cuda,60,ok,0.001782
onnxruntime,99.99057,,onnx_node,Div:/stage2/stage2.0/Div_fence_before,0.001,0.001,0.001,shufflenet_v2_x1_0,3.1e-05,456,onnxrt_cuda,47,ok,0.0
onnxruntime,99.791669,,onnx_node,Div:/stage2/stage2.0/Div_kernel_time,0.154,0.031233,0.026,shufflenet_v2_x1_0,0.000963,124,onnxrt_cuda,60,ok,0.018381
onnxruntime,99.990043,,onnx_node,Unsqueeze:/stage2/stage2.0/Unsqueeze_1_fence_before,0.003,0.001067,0.001,shufflenet_v2_x1_0,3.3e-05,439,onnxrt_cuda,30,ok,0.000359
onnxruntime,99.908875,,onnx_node,Unsqueeze:/stage2/stage2.0/Unsqueeze_1_kernel_time,0.052,0.020533,0.018,shufflenet_v2_x1_0,0.000633,290,onnxrt_cuda,60,ok,0.00428
onnxruntime,99.899327,,onnx_node,Gather:/stage2/stage2.0/Gather_3_kernel_time,0.03,0.02075,0.019,shufflenet_v2_x1_0,0.000639,275,onnxrt_cuda,60,ok,0.00168
onnxruntime,99.990601,,onnx_node,Unsqueeze:/stage2/stage2.0/Unsqueeze_3_fence_before,0.001,0.001,0.001,shufflenet_v2_x1_0,3.1e-05,457,onnxrt_cuda,2,ok,0.0
onnxruntime,99.941342,,onnx_node,Unsqueeze:/stage2/stage2.0/Unsqueeze_3_kernel_time,0.047,0.01945,0.018,shufflenet_v2_x1_0,0.000599,343,onnxrt_cuda,60,ok,0.003712
onnxruntime,99.886427,,onnx_node,Gather:/stage2/stage2.0/Gather_2_kernel_time,0.092,0.0211,0.018,shufflenet_v2_x1_0,0.00065,255,onnxrt_cuda,60,ok,0.009336
onnxruntime,99.926253,,onnx_node,Unsqueeze:/stage2/stage2.0/Unsqueeze_2_kernel_time,0.091,0.01975,0.017,shufflenet_v2_x1_0,0.000609,318,onnxrt_cuda,60,ok,0.009462
onnxruntime,99.879909,,onnx_node,Gather:/stage2/stage2.0/Gather_kernel_time,0.073,0.021183,0.019,shufflenet_v2_x1_0,0.000653,245,onnxrt_cuda,60,ok,0.006859
onnxruntime,99.958447,,onnx_node,Unsqueeze:/stage2/stage2.0/Unsqueeze_kernel_time,0.027,0.01855,0.017,shufflenet_v2_x1_0,0.000572,372,onnxrt_cuda,60,ok,0.001431
onnxruntime,99.789741,,onnx_node,Concat:/stage2/stage2.0/Concat_1_kernel_time,0.152,0.035933,0.03,shufflenet_v2_x1_0,0.001107,122,onnxrt_cuda,60,ok,0.017692
onnxruntime,99.990632,,onnx_node,Reshape:/stage2/stage2.0/Reshape_fence_before,0.001,0.001,0.001,shufflenet_v2_x1_0,3.1e-05,458,onnxrt_cuda,7,ok,0.0
onnxruntime,99.836159,,onnx_node,Reshape:/stage2/stage2.0/Reshape_kernel_time,0.032,0.023083,0.021,shufflenet_v2_x1_0,0.000711,180,onnxrt_cuda,60,ok,0.002268
onnxruntime,99.6939,,onnx_node,Transpose:/stage2/stage2.0/Transpose_kernel_time,0.178,0.084267,0.076,shufflenet_v2_x1_0,0.002597,81,onnxrt_cuda,60,ok,0.017408
onnxruntime,99.990662,,onnx_node,Concat:/stage2/stage2.0/Concat_2_fence_before,0.001,0.001,0.001,shufflenet_v2_x1_0,3.1e-05,459,onnxrt_cuda,3,ok,0.0
onnxruntime,99.806147,,onnx_node,Concat:/stage2/stage2.0/Concat_2_kernel_time,0.076,0.027117,0.024,shufflenet_v2_x1_0,0.000836,140,onnxrt_cuda,60,ok,0.006596
onnxruntime,99.816315,,onnx_node,Reshape:/stage2/stage2.0/Reshape_1_kernel_time,0.095,0.02495,0.02,shufflenet_v2_x1_0,0.000769,153,onnxrt_cuda,60,ok,0.013863
onnxruntime,99.862768,,onnx_node,Shape:/stage2/stage2.1/Shape_kernel_time,0.092,0.021567,0.018,shufflenet_v2_x1_0,0.000665,219,onnxrt_cuda,60,ok,0.012248
onnxruntime,99.838985,,onnx_node,Gather:/stage2/stage2.1/Gather_kernel_time,0.092,0.022817,0.02,shufflenet_v2_x1_0,0.000703,184,onnxrt_cuda,60,ok,0.00912
onnxruntime,99.990076,,onnx_node,Add:/stage2/stage2.1/Add_fence_before,0.002,0.001056,0.001,shufflenet_v2_x1_0,3.3e-05,440,onnxrt_cuda,18,ok,0.000229
onnxruntime,99.827511,,onnx_node,Add:/stage2/stage2.1/Add_kernel_time,0.033,0.023733,0.022,shufflenet_v2_x1_0,0.000731,168,onnxrt_cuda,60,ok,0.001769
onnxruntime,99.892904,,onnx_node,Div:/stage2/stage2.1/Div_kernel_time,0.027,0.020933,0.019,shufflenet_v2_x1_0,0.000645,265,onnxrt_cuda,60,ok,0.001209
onnxruntime,99.8561,,onnx_node,Mul:/stage2/stage2.1/Mul_1_kernel_time,0.028,0.021767,0.02,shufflenet_v2_x1_0,0.000671,209,onnxrt_cuda,60,ok,0.001243
onnxruntime,99.864761,,onnx_node,Mul:/stage2/stage2.1/Mul_kernel_time,0.028,0.02155,0.02,shufflenet_v2_x1_0,0.000664,222,onnxrt_cuda,60,ok,0.001443
onnxruntime,99.990693,,onnx_node,Slice:/stage2/stage2.1/Slice_1_fence_before,0.001,0.001,0.001,shufflenet_v2_x1_0,3.1e-05,460,onnxrt_cuda,4,ok,0.0
onnxruntime,99.691303,,onnx_node,Slice:/stage2/stage2.1/Slice_1_kernel_time,0.182,0.091733,0.08,shufflenet_v2_x1_0,0.002827,80,onnxrt_cuda,60,ok,0.020909
onnxruntime,99.990724,,onnx_node,Slice:/stage2/stage2.1/Slice_1_fence_after,0.001,0.001,0.001,shufflenet_v2_x1_0,3.1e-05,461,onnxrt_cuda,1,ok,0.0
onnxruntime,99.990755,,onnx_node,FusedConv:/stage2/stage2.1/branch2/branch2.0/Conv_/stage2/stage2.1/branch2/branch2.2/Relu_fence_before,0.001,0.001,0.001,shufflenet_v2_x1_0,3.1e-05,462,onnxrt_cuda,27,ok,0.0
onnxruntime,98.895475,,onnx_node,FusedConv:/stage2/stage2.1/branch2/branch2.0/Conv_/stage2/stage2.1/branch2/branch2.2/Relu_kernel_time,28.606,0.66075,0.169,shufflenet_v2_x1_0,0.020362,25,onnxrt_cuda,60,ok,3.638239
onnxruntime,99.990786,,onnx_node,FusedConv:/stage2/stage2.1/branch2/branch2.0/Conv_/stage2/stage2.1/branch2/branch2.2/Relu_fence_after,0.001,0.001,0.001,shufflenet_v2_x1_0,3.1e-05,463,onnxrt_cuda,3,ok,0.0
onnxruntime,99.990817,,onnx_node,Conv:/stage2/stage2.1/branch2/branch2.3/Conv_fence_before,0.001,0.001,0.001,shufflenet_v2_x1_0,3.1e-05,464,onnxrt_cuda,15,ok,0.0
onnxruntime,98.774584,,onnx_node,Conv:/stage2/stage2.1/branch2/branch2.3/Conv_kernel_time,88.888,1.6425,0.153,shufflenet_v2_x1_0,0.050617,21,onnxrt_cuda,60,ok,11.358408
onnxruntime,99.990847,,onnx_node,Conv:/stage2/stage2.1/branch2/branch2.3/Conv_fence_after,0.001,0.001,0.001,shufflenet_v2_x1_0,3.1e-05,465,onnxrt_cuda,5,ok,0.0
onnxruntime,99.990878,,onnx_node,FusedConv:/stage2/stage2.1/branch2/branch2.5/Conv_/stage2/stage2.1/branch2/branch2.7/Relu_fence_before,0.001,0.001,0.001,shufflenet_v2_x1_0,3.1e-05,466,onnxrt_cuda,28,ok,0.0
onnxruntime,99.11186,,onnx_node,FusedConv:/stage2/stage2.1/branch2/branch2.5/Conv_/stage2/stage2.1/branch2/branch2.7/Relu_kernel_time,28.749,0.62915,0.14,shufflenet_v2_x1_0,0.019389,36,onnxrt_cuda,60,ok,3.660955
onnxruntime,99.990909,,onnx_node,FusedConv:/stage2/stage2.1/branch2/branch2.5/Conv_/stage2/stage2.1/branch2/branch2.7/Relu_fence_after,0.001,0.001,0.001,shufflenet_v2_x1_0,3.1e-05,467,onnxrt_cuda,2,ok,0.0
onnxruntime,99.99094,,onnx_node,Slice:/stage2/stage2.1/Slice_fence_before,0.001,0.001,0.001,shufflenet_v2_x1_0,3.1e-05,468,onnxrt_cuda,42,ok,0.0
onnxruntime,99.696467,,onnx_node,Slice:/stage2/stage2.1/Slice_kernel_time,0.155,0.083283,0.075,shufflenet_v2_x1_0,0.002567,82,onnxrt_cuda,60,ok,0.012046
onnxruntime,99.990971,,onnx_node,Concat:/stage2/stage2.1/Concat_fence_before,0.001,0.001,0.001,shufflenet_v2_x1_0,3.1e-05,469,onnxrt_cuda,37,ok,0.0
onnxruntime,99.572931,,onnx_node,Concat:/stage2/stage2.1/Concat_kernel_time,0.424,0.250867,0.23,shufflenet_v2_x1_0,0.007731,62,onnxrt_cuda,60,ok,0.028857
onnxruntime,99.991001,,onnx_node,Shape:/stage2/stage2.1/Shape_2_fence_before,0.001,0.001,0.001,shufflenet_v2_x1_0,3.1e-05,470,onnxrt_cuda,6,ok,0.0
onnxruntime,99.828241,,onnx_node,Shape:/stage2/stage2.1/Shape_2_kernel_time,0.062,0.0237,0.021,shufflenet_v2_x1_0,0.00073,169,onnxrt_cuda,60,ok,0.005515
onnxruntime,99.991032,,onnx_node,Gather:/stage2/stage2.1/Gather_2_fence_before,0.001,0.001,0.001,shufflenet_v2_x1_0,3.1e-05,471,onnxrt_cuda,6,ok,0.0
onnxruntime,99.841078,,onnx_node,Gather:/stage2/stage2.1/Gather_2_kernel_time,0.035,0.022617,0.021,shufflenet_v2_x1_0,0.000697,187,onnxrt_cuda,60,ok,0.002042
onnxruntime,99.991063,,onnx_node,Div:/stage2/stage2.1/Div_1_fence_before,0.001,0.001,0.001,shufflenet_v2_x1_0,3.1e-05,472,onnxrt_cuda,4,ok,0.0
onnxruntime,99.809322,,onnx_node,Div:/stage2/stage2.1/Div_1_kernel_time,0.057,0.025683,0.023,shufflenet_v2_x1_0,0.000791,144,onnxrt_cuda,60,ok,0.005778
onnxruntime,99.991094,,onnx_node,Unsqueeze:/stage2/stage2.1/Unsqueeze_1_fence_before,0.001,0.001,0.001,shufflenet_v2_x1_0,3.1e-05,473,onnxrt_cuda,19,ok,0.0
onnxruntime,99.957301,,onnx_node,Unsqueeze:/stage2/stage2.1/Unsqueeze_1_kernel_time,0.022,0.018717,0.017,shufflenet_v2_x1_0,0.000577,370,onnxrt_cuda,60,ok,0.001018
onnxruntime,99.943138,,onnx_node,Gather:/stage2/stage2.1/Gather_4_kernel_time,0.025,0.0194,0.018,shufflenet_v2_x1_0,0.000598,346,onnxrt_cuda,60,ok,0.001052
onnxruntime,99.96687,,onnx_node,Unsqueeze:/stage2/stage2.1/Unsqueeze_3_kernel_time,0.021,0.017967,0.016,shufflenet_v2_x1_0,0.000554,387,onnxrt_cuda,60,ok,0.000836
onnxruntime,99.931104,,onnx_node,Gather:/stage2/stage2.1/Gather_3_kernel_time,0.025,0.019633,0.018,shufflenet_v2_x1_0,0.000605,326,onnxrt_cuda,60,ok,0.00114
onnxruntime,99.981455,,onnx_node,Unsqueeze:/stage2/stage2.1/Unsqueeze_2_kernel_time,0.028,0.017283,0.016,shufflenet_v2_x1_0,0.000533,414,onnxrt_cuda,60,ok,0.001495
onnxruntime,99.918891,,onnx_node,Gather:/stage2/stage2.1/Gather_1_kernel_time,0.031,0.020067,0.018,shufflenet_v2_x1_0,0.000618,306,onnxrt_cuda,60,ok,0.001682
onnxruntime,99.969615,,onnx_node,Unsqueeze:/stage2/stage2.1/Unsqueeze_kernel_time,0.046,0.017767,0.016,shufflenet_v2_x1_0,0.000548,392,onnxrt_cuda,60,ok,0.003743
onnxruntime,99.794506,,onnx_node,Concat:/stage2/stage2.1/Concat_1_kernel_time,0.057,0.030483,0.028,shufflenet_v2_x1_0,0.000939,127,onnxrt_cuda,60,ok,0.003849
onnxruntime,99.868738,,onnx_node,Reshape:/stage2/stage2.1/Reshape_kernel_time,0.031,0.021483,0.02,shufflenet_v2_x1_0,0.000662,228,onnxrt_cuda,60,ok,0.001576
onnxruntime,99.991125,,onnx_node,Transpose:/stage2/stage2.1/Transpose_fence_before,0.001,0.001,0.001,shufflenet_v2_x1_0,3.1e-05,474,onnxrt_cuda,1,ok,0.0
onnxruntime,99.756948,,onnx_node,Transpose:/stage2/stage2.1/Transpose_kernel_time,0.134,0.075883,0.068,shufflenet_v2_x1_0,0.002338,107,onnxrt_cuda,60,ok,0.011696
onnxruntime,99.991156,,onnx_node,Transpose:/stage2/stage2.1/Transpose_fence_after,0.001,0.001,0.001,shufflenet_v2_x1_0,3.1e-05,475,onnxrt_cuda,3,ok,0.0
onnxruntime,99.810904,,onnx_node,Concat:/stage2/stage2.1/Concat_2_kernel_time,0.034,0.02565,0.023,shufflenet_v2_x1_0,0.00079,146,onnxrt_cuda,60,ok,0.002032
onnxruntime,99.991186,,onnx_node,Concat:/stage2/stage2.1/Concat_2_fence_after,0.001,0.001,0.001,shufflenet_v2_x1_0,3.1e-05,476,onnxrt_cuda,1,ok,0.0
onnxruntime,99.862103,,onnx_node,Reshape:/stage2/stage2.1/Reshape_1_kernel_time,0.035,0.021583,0.02,shufflenet_v2_x1_0,0.000665,218,onnxrt_cuda,60,ok,0.001969
onnxruntime,99.991217,,onnx_node,Shape:/stage2/stage2.2/Shape_fence_before,0.001,0.001,0.001,shufflenet_v2_x1_0,3.1e-05,477,onnxrt_cuda,1,ok,0.0
onnxruntime,99.917651,,onnx_node,Shape:/stage2/stage2.2/Shape_kernel_time,0.046,0.020167,0.018,shufflenet_v2_x1_0,0.000621,304,onnxrt_cuda,60,ok,0.004243
onnxruntime,99.91014,,onnx_node,Gather:/stage2/stage2.2/Gather_kernel_time,0.024,0.020517,0.019,shufflenet_v2_x1_0,0.000632,292,onnxrt_cuda,60,ok,0.001057
onnxruntime,99.826047,,onnx_node,Add:/stage2/stage2.2/Add_kernel_time,0.049,0.02375,0.021,shufflenet_v2_x1_0,0.000732,166,onnxrt_cuda,60,ok,0.003837
onnxruntime,99.8694,,onnx_node,Div:/stage2/stage2.2/Div_kernel_time,0.031,0.021483,0.02,shufflenet_v2_x1_0,0.000662,229,onnxrt_cuda,60,ok,0.001987
onnxruntime,99.853412,,onnx_node,Mul:/stage2/stage2.2/Mul_1_kernel_time,0.05,0.021867,0.02,shufflenet_v2_x1_0,0.000674,205,onnxrt_cuda,60,ok,0.003836
onnxruntime,99.921358,,onnx_node,Mul:/stage2/stage2.2/Mul_kernel_time,0.023,0.019983,0.019,shufflenet_v2_x1_0,0.000616,310,onnxrt_cuda,60,ok,0.000785
onnxruntime,99.991248,,onnx_node,Slice:/stage2/stage2.2/Slice_1_fence_before,0.001,0.001,0.001,shufflenet_v2_x1_0,3.1e-05,478,onnxrt_cuda,10,ok,0.0
onnxruntime,99.721066,,onnx_node,Slice:/stage2/stage2.2/Slice_1_kernel_time,0.143,0.079017,0.072,shufflenet_v2_x1_0,0.002435,92,onnxrt_cuda,60,ok,0.01092
onnxruntime,99.991279,,onnx_node,FusedConv:/stage2/stage2.2/branch2/branch2.0/Conv_/stage2/stage2.2/branch2/branch2.2/Relu_fence_before,0.001,0.001,0.001,shufflenet_v2_x1_0,3.1e-05,479,onnxrt_cuda,24,ok,0.0
onnxruntime,98.955499,,onnx_node,FusedConv:/stage2/stage2.2/branch2/branch2.0/Conv_/stage2/stage2.2/branch2/branch2.2/Relu_kernel_time,28.717,0.643717,0.156,shufflenet_v2_x1_0,0.019837,28,onnxrt_cuda,60,ok,3.654861
onnxruntime,99.99131,,onnx_node,FusedConv:/stage2/stage2.2/branch2/branch2.0/Conv_/stage2/stage2.2/branch2/branch2.2/Relu_fence_after,0.001,0.001,0.001,shufflenet_v2_x1_0,3.1e-05,480,onnxrt_cuda,3,ok,0.0
onnxruntime,99.99134,,onnx_node,Conv:/stage2/stage2.2/branch2/branch2.3/Conv_fence_before,0.001,0.001,0.001,shufflenet_v2_x1_0,3.1e-05,481,onnxrt_cuda,11,ok,0.0
onnxruntime,98.511298,,onnx_node,Conv:/stage2/stage2.2/branch2/branch2.3/Conv_kernel_time,99.59,1.813817,0.143,shufflenet_v2_x1_0,0.055897,16,onnxrt_cuda,60,ok,12.729388
onnxruntime,99.991371,,onnx_node,Conv:/stage2/stage2.2/branch2/branch2.3/Conv_fence_after,0.001,0.001,0.001,shufflenet_v2_x1_0,3.1e-05,482,onnxrt_cuda,2,ok,0.0
onnxruntime,99.991402,,onnx_node,FusedConv:/stage2/stage2.2/branch2/branch2.5/Conv_/stage2/stage2.2/branch2/branch2.7/Relu_fence_before,0.001,0.001,0.001,shufflenet_v2_x1_0,3.1e-05,483,onnxrt_cuda,50,ok,0.0
onnxruntime,99.130992,,onnx_node,FusedConv:/stage2/stage2.2/branch2/branch2.5/Conv_/stage2/stage2.2/branch2/branch2.7/Relu_kernel_time,28.74,0.6208,0.134,shufflenet_v2_x1_0,0.019131,37,onnxrt_cuda,60,ok,3.660832
onnxruntime,99.991433,,onnx_node,FusedConv:/stage2/stage2.2/branch2/branch2.5/Conv_/stage2/stage2.2/branch2/branch2.7/Relu_fence_after,0.001,0.001,0.001,shufflenet_v2_x1_0,3.1e-05,484,onnxrt_cuda,1,ok,0.0
onnxruntime,99.991464,,onnx_node,Slice:/stage2/stage2.2/Slice_fence_before,0.001,0.001,0.001,shufflenet_v2_x1_0,3.1e-05,485,onnxrt_cuda,17,ok,0.0
onnxruntime,99.701443,,onnx_node,Slice:/stage2/stage2.2/Slice_kernel_time,0.197,0.0805,0.074,shufflenet_v2_x1_0,0.002481,84,onnxrt_cuda,60,ok,0.016584
onnxruntime,99.991494,,onnx_node,Slice:/stage2/stage2.2/Slice_fence_after,0.001,0.001,0.001,shufflenet_v2_x1_0,3.1e-05,486,onnxrt_cuda,1,ok,0.0
onnxruntime,99.991525,,onnx_node,Concat:/stage2/stage2.2/Concat_fence_before,0.001,0.001,0.001,shufflenet_v2_x1_0,3.1e-05,487,onnxrt_cuda,15,ok,0.0
onnxruntime,99.587853,,onnx_node,Concat:/stage2/stage2.2/Concat_kernel_time,0.598,0.241717,0.223,shufflenet_v2_x1_0,0.007449,64,onnxrt_cuda,60,ok,0.049341
onnxruntime,99.991556,,onnx_node,Shape:/stage2/stage2.2/Shape_2_fence_before,0.001,0.001,0.001,shufflenet_v2_x1_0,3.1e-05,488,onnxrt_cuda,7,ok,0.0
onnxruntime,99.863433,,onnx_node,Shape:/stage2/stage2.2/Shape_2_kernel_time,0.036,0.021567,0.02,shufflenet_v2_x1_0,0.000665,220,onnxrt_cuda,60,ok,0.002231
onnxruntime,99.991587,,onnx_node,Gather:/stage2/stage2.2/Gather_2_fence_before,0.001,0.001,0.001,shufflenet_v2_x1_0,3.1e-05,489,onnxrt_cuda,5,ok,0.0
onnxruntime,99.850711,,onnx_node,Gather:/stage2/stage2.2/Gather_2_kernel_time,0.035,0.022,0.02,shufflenet_v2_x1_0,0.000678,201,onnxrt_cuda,60,ok,0.001915
onnxruntime,99.808531,,onnx_node,Div:/stage2/stage2.2/Div_1_kernel_time,0.122,0.025717,0.022,shufflenet_v2_x1_0,0.000793,143,onnxrt_cuda,60,ok,0.012992
onnxruntime,99.991618,,onnx_node,Div:/stage2/stage2.2/Div_1_fence_after,0.001,0.001,0.001,shufflenet_v2_x1_0,3.1e-05,490,onnxrt_cuda,1,ok,0.0
onnxruntime,99.991649,,onnx_node,Unsqueeze:/stage2/stage2.2/Unsqueeze_1_fence_before,0.001,0.001,0.001,shufflenet_v2_x1_0,3.1e-05,491,onnxrt_cuda,4,ok,0.0
onnxruntime,99.961282,,onnx_node,Unsqueeze:/stage2/stage2.2/Unsqueeze_1_kernel_time,0.027,0.01835,0.017,shufflenet_v2_x1_0,0.000565,377,onnxrt_cuda,60,ok,0.001314
onnxruntime,99.991679,,onnx_node,Gather:/stage2/stage2.2/Gather_4_fence_before,0.001,0.001,0.001,shufflenet_v2_x1_0,3.1e-05,492,onnxrt_cuda,1,ok,0.0
onnxruntime,99.927468,,onnx_node,Gather:/stage2/stage2.2/Gather_4_kernel_time,0.045,0.019683,0.018,shufflenet_v2_x1_0,0.000607,320,onnxrt_cuda,60,ok,0.003663
onnxruntime,99.974499,,onnx_node,Unsqueeze:/stage2/stage2.2/Unsqueeze_3_kernel_time,0.02,0.017517,0.017,shufflenet_v2_x1_0,0.00054,401,onnxrt_cuda,60,ok,0.000671
onnxruntime,99.945528,,onnx_node,Gather:/stage2/stage2.2/Gather_3_kernel_time,0.026,0.019367,0.018,shufflenet_v2_x1_0,0.000597,350,onnxrt_cuda,60,ok,0.00114
onnxruntime,99.973419,,onnx_node,Unsqueeze:/stage2/stage2.2/Unsqueeze_2_kernel_time,0.021,0.017567,0.017,shufflenet_v2_x1_0,0.000541,399,onnxrt_cuda,60,ok,0.000716
onnxruntime,99.940742,,onnx_node,Gather:/stage2/stage2.2/Gather_1_kernel_time,0.025,0.019467,0.018,shufflenet_v2_x1_0,0.0006,342,onnxrt_cuda,60,ok,0.001118
onnxruntime,99.970162,,onnx_node,Unsqueeze:/stage2/stage2.2/Unsqueeze_kernel_time,0.023,0.017767,0.017,shufflenet_v2_x1_0,0.000548,393,onnxrt_cuda,60,ok,0.001055
onnxruntime,99.795443,,onnx_node,Concat:/stage2/stage2.2/Concat_1_kernel_time,0.056,0.0304,0.028,shufflenet_v2_x1_0,0.000937,128,onnxrt_cuda,60,ok,0.004034
onnxruntime,99.99171,,onnx_node,Reshape:/stage2/stage2.2/Reshape_fence_before,0.001,0.001,0.001,shufflenet_v2_x1_0,3.1e-05,493,onnxrt_cuda,1,ok,0.0
onnxruntime,99.852064,,onnx_node,Reshape:/stage2/stage2.2/Reshape_kernel_time,0.031,0.021883,0.02,shufflenet_v2_x1_0,0.000674,203,onnxrt_cuda,60,ok,0.001664
onnxruntime,99.761591,,onnx_node,Transpose:/stage2/stage2.2/Transpose_kernel_time,0.199,0.075267,0.067,shufflenet_v2_x1_0,0.00232,109,onnxrt_cuda,60,ok,0.018608
onnxruntime,99.806942,,onnx_node,Concat:/stage2/stage2.2/Concat_2_kernel_time,0.036,0.025817,0.024,shufflenet_v2_x1_0,0.000796,141,onnxrt_cuda,60,ok,0.002086
onnxruntime,99.866088,,onnx_node,Reshape:/stage2/stage2.2/Reshape_1_kernel_time,0.028,0.021517,0.02,shufflenet_v2_x1_0,0.000663,224,onnxrt_cuda,60,ok,0.001118
onnxruntime,99.929893,,onnx_node,Shape:/stage2/stage2.3/Shape_kernel_time,0.028,0.01965,0.018,shufflenet_v2_x1_0,0.000606,324,onnxrt_cuda,60,ok,0.001388
onnxruntime,99.894836,,onnx_node,Gather:/stage2/stage2.3/Gather_kernel_time,0.044,0.020883,0.019,shufflenet_v2_x1_0,0.000644,268,onnxrt_cuda,60,ok,0.003261
onnxruntime,99.991741,,onnx_node,Add:/stage2/stage2.3/Add_fence_before,0.001,0.001,0.001,shufflenet_v2_x1_0,3.1e-05,494,onnxrt_cuda,4,ok,0.0
onnxruntime,99.842469,,onnx_node,Add:/stage2/stage2.3/Add_kernel_time,0.028,0.022567,0.021,shufflenet_v2_x1_0,0.000695,189,onnxrt_cuda,60,ok,0.001131
onnxruntime,99.847309,,onnx_node,Div:/stage2/stage2.3/Div_kernel_time,0.05,0.022233,0.02,shufflenet_v2_x1_0,0.000685,196,onnxrt_cuda,60,ok,0.005058
onnxruntime,99.885126,,onnx_node,Mul:/stage2/stage2.3/Mul_1_kernel_time,0.029,0.021117,0.02,shufflenet_v2_x1_0,0.000651,253,onnxrt_cuda,60,ok,0.001427
onnxruntime,99.912028,,onnx_node,Mul:/stage2/stage2.3/Mul_kernel_time,0.027,0.0204,0.019,shufflenet_v2_x1_0,0.000629,295,onnxrt_cuda,60,ok,0.00144
onnxruntime,99.991772,,onnx_node,Slice:/stage2/stage2.3/Slice_1_fence_before,0.001,0.001,0.001,shufflenet_v2_x1_0,3.1e-05,495,onnxrt_cuda,5,ok,0.0
onnxruntime,99.706387,,onnx_node,Slice:/stage2/stage2.3/Slice_1_kernel_time,0.192,0.080133,0.072,shufflenet_v2_x1_0,0.002469,86,onnxrt_cuda,60,ok,0.015699
onnxruntime,99.991803,,onnx_node,FusedConv:/stage2/stage2.3/branch2/branch2.0/Conv_/stage2/stage2.3/branch2/branch2.2/Relu_fence_before,0.001,0.001,0.001,shufflenet_v2_x1_0,3.1e-05,496,onnxrt_cuda,14,ok,0.0
onnxruntime,98.915724,,onnx_node,FusedConv:/stage2/stage2.3/branch2/branch2.0/Conv_/stage2/stage2.3/branch2/branch2.2/Relu_kernel_time,28.889,0.65705,0.158,shufflenet_v2_x1_0,0.020248,26,onnxrt_cuda,60,ok,3.675516
onnxruntime,99.991833,,onnx_node,FusedConv:/stage2/stage2.3/branch2/branch2.0/Conv_/stage2/stage2.3/branch2/branch2.2/Relu_fence_after,0.001,0.001,0.001,shufflenet_v2_x1_0,3.1e-05,497,onnxrt_cuda,2,ok,0.0
onnxruntime,99.991864,,onnx_node,Conv:/stage2/stage2.3/branch2/branch2.3/Conv_fence_before,0.001,0.001,0.001,shufflenet_v2_x1_0,3.1e-05,498,onnxrt_cuda,8,ok,0.0
onnxruntime,98.567066,,onnx_node,Conv:/stage2/stage2.3/branch2/branch2.3/Conv_kernel_time,99.698,1.809633,0.144,shufflenet_v2_x1_0,0.055768,17,onnxrt_cuda,60,ok,12.743981
onnxruntime,99.991895,,onnx_node,Conv:/stage2/stage2.3/branch2/branch2.3/Conv_fence_after,0.001,0.001,0.001,shufflenet_v2_x1_0,3.1e-05,499,onnxrt_cuda,3,ok,0.0
onnxruntime,99.991926,,onnx_node,FusedConv:/stage2/stage2.3/branch2/branch2.5/Conv_/stage2/stage2.3/branch2/branch2.7/Relu_fence_before,0.001,0.001,0.001,shufflenet_v2_x1_0,3.1e-05,500,onnxrt_cuda,25,ok,0.0
onnxruntime,99.16907,,onnx_node,FusedConv:/stage2/stage2.3/branch2/branch2.5/Conv_/stage2/stage2.3/branch2/branch2.7/Relu_kernel_time,28.23,0.615483,0.138,shufflenet_v2_x1_0,0.018967,39,onnxrt_cuda,60,ok,3.595113
onnxruntime,99.991957,,onnx_node,FusedConv:/stage2/stage2.3/branch2/branch2.5/Conv_/stage2/stage2.3/branch2/branch2.7/Relu_fence_after,0.001,0.001,0.001,shufflenet_v2_x1_0,3.1e-05,501,onnxrt_cuda,2,ok,0.0
onnxruntime,99.991988,,onnx_node,Slice:/stage2/stage2.3/Slice_fence_before,0.001,0.001,0.001,shufflenet_v2_x1_0,3.1e-05,502,onnxrt_cuda,7,ok,0.0
onnxruntime,99.711311,,onnx_node,Slice:/stage2/stage2.3/Slice_kernel_time,0.158,0.079833,0.075,shufflenet_v2_x1_0,0.00246,88,onnxrt_cuda,60,ok,0.010688
onnxruntime,99.992018,,onnx_node,Concat:/stage2/stage2.3/Concat_fence_before,0.001,0.001,0.001,shufflenet_v2_x1_0,3.1e-05,503,onnxrt_cuda,11,ok,0.0
onnxruntime,99.660988,,onnx_node,Concat:/stage2/stage2.3/Concat_kernel_time,0.357,0.234967,0.22,shufflenet_v2_x1_0,0.007241,74,onnxrt_cuda,60,ok,0.01832
onnxruntime,99.992049,,onnx_node,Shape:/stage2/stage2.3/Shape_2_fence_before,0.001,0.001,0.001,shufflenet_v2_x1_0,3.1e-05,504,onnxrt_cuda,4,ok,0.0
onnxruntime,99.877294,,onnx_node,Shape:/stage2/stage2.3/Shape_2_kernel_time,0.036,0.021267,0.02,shufflenet_v2_x1_0,0.000655,241,onnxrt_cuda,60,ok,0.002104
onnxruntime,99.989728,,onnx_node,Gather:/stage2/stage2.3/Gather_2_fence_before,0.023,0.004667,0.001,shufflenet_v2_x1_0,0.000144,431,onnxrt_cuda,6,ok,0.008199
onnxruntime,99.843859,,onnx_node,Gather:/stage2/stage2.3/Gather_2_kernel_time,0.036,0.022533,0.02,shufflenet_v2_x1_0,0.000694,191,onnxrt_cuda,60,ok,0.002037
onnxruntime,99.826779,,onnx_node,Div:/stage2/stage2.3/Div_1_kernel_time,0.05,0.02375,0.022,shufflenet_v2_x1_0,0.000732,167,onnxrt_cuda,60,ok,0.00374
onnxruntime,99.99208,,onnx_node,Unsqueeze:/stage2/stage2.3/Unsqueeze_1_fence_before,0.001,0.001,0.001,shufflenet_v2_x1_0,3.1e-05,505,onnxrt_cuda,3,ok,0.0
onnxruntime,99.955564,,onnx_node,Unsqueeze:/stage2/stage2.3/Unsqueeze_1_kernel_time,0.043,0.018883,0.017,shufflenet_v2_x1_0,0.000582,367,onnxrt_cuda,60,ok,0.003231
onnxruntime,99.941941,,onnx_node,Gather:/stage2/stage2.3/Gather_4_kernel_time,0.026,0.01945,0.018,shufflenet_v2_x1_0,0.000599,344,onnxrt_cuda,60,ok,0.001023
onnxruntime,99.971793,,onnx_node,Unsqueeze:/stage2/stage2.3/Unsqueeze_3_kernel_time,0.021,0.017617,0.017,shufflenet_v2_x1_0,0.000543,396,onnxrt_cuda,60,ok,0.000755
onnxruntime,99.931709,,onnx_node,Gather:/stage2/stage2.3/Gather_3_kernel_time,0.025,0.019633,0.018,shufflenet_v2_x1_0,0.000605,327,onnxrt_cuda,60,ok,0.001095
onnxruntime,99.964647,,onnx_node,Unsqueeze:/stage2/stage2.3/Unsqueeze_2_kernel_time,0.046,0.018133,0.017,shufflenet_v2_x1_0,0.000559,383,onnxrt_cuda,60,ok,0.00369
onnxruntime,99.906339,,onnx_node,Gather:/stage2/stage2.3/Gather_1_kernel_time,0.047,0.0206,0.018,shufflenet_v2_x1_0,0.000635,286,onnxrt_cuda,60,ok,0.004828
onnxruntime,99.992111,,onnx_node,Unsqueeze:/stage2/stage2.3/Unsqueeze_fence_before,0.001,0.001,0.001,shufflenet_v2_x1_0,3.1e-05,506,onnxrt_cuda,1,ok,0.0
onnxruntime,99.983581,,onnx_node,Unsqueeze:/stage2/stage2.3/Unsqueeze_kernel_time,0.02,0.017217,0.016,shufflenet_v2_x1_0,0.000531,418,onnxrt_cuda,60,ok,0.000755
onnxruntime,99.992142,,onnx_node,Concat:/stage2/stage2.3/Concat_1_fence_before,0.001,0.001,0.001,shufflenet_v2_x1_0,3.1e-05,507,onnxrt_cuda,4,ok,0.0
onnxruntime,99.793566,,onnx_node,Concat:/stage2/stage2.3/Concat_1_kernel_time,0.038,0.03055,0.029,shufflenet_v2_x1_0,0.000941,126,onnxrt_cuda,60,ok,0.001678
onnxruntime,99.854086,,onnx_node,Reshape:/stage2/stage2.3/Reshape_kernel_time,0.03,0.021867,0.02,shufflenet_v2_x1_0,0.000674,206,onnxrt_cuda,60,ok,0.001431
onnxruntime,99.77305,,onnx_node,Transpose:/stage2/stage2.3/Transpose_kernel_time,0.141,0.073617,0.065,shufflenet_v2_x1_0,0.002269,114,onnxrt_cuda,60,ok,0.009531
onnxruntime,99.811683,,onnx_node,Concat:/stage2/stage2.3/Concat_2_kernel_time,0.033,0.025283,0.023,shufflenet_v2_x1_0,0.000779,147,onnxrt_cuda,60,ok,0.00138
onnxruntime,99.851389,,onnx_node,Reshape:/stage2/stage2.3/Reshape_1_kernel_time,0.044,0.022,0.02,shufflenet_v2_x1_0,0.000678,202,onnxrt_cuda,60,ok,0.003168
onnxruntime,99.992172,,onnx_node,Conv:/stage3/stage3.0/branch1/branch1.0/Conv_fence_before,0.001,0.001,0.001,shufflenet_v2_x1_0,3.1e-05,508,onnxrt_cuda,5,ok,0.0
onnxruntime,98.809084,,onnx_node,Conv:/stage3/stage3.0/branch1/branch1.0/Conv_kernel_time,57.85,1.119533,0.148,shufflenet_v2_x1_0,0.034501,22,onnxrt_cuda,60,ok,7.385684
onnxruntime,99.992203,,onnx_node,Conv:/stage3/stage3.0/branch1/branch1.0/Conv_fence_after,0.001,0.001,0.001,shufflenet_v2_x1_0,3.1e-05,509,onnxrt_cuda,1,ok,0.0
onnxruntime,99.992234,,onnx_node,FusedConv:/stage3/stage3.0/branch1/branch1.2/Conv_/stage3/stage3.0/branch1/branch1.4/Relu_fence_before,0.001,0.001,0.001,shufflenet_v2_x1_0,3.1e-05,510,onnxrt_cuda,25,ok,0.0
onnxruntime,99.092472,,onnx_node,FusedConv:/stage3/stage3.0/branch1/branch1.2/Conv_/stage3/stage3.0/branch1/branch1.4/Relu_kernel_time,27.689,0.63065,0.152,shufflenet_v2_x1_0,0.019435,35,onnxrt_cuda,60,ok,3.522715
onnxruntime,99.992265,,onnx_node,FusedConv:/stage3/stage3.0/branch1/branch1.2/Conv_/stage3/stage3.0/branch1/branch1.4/Relu_fence_after,0.001,0.001,0.001,shufflenet_v2_x1_0,3.1e-05,511,onnxrt_cuda,1,ok,0.0
onnxruntime,99.989942,,onnx_node,FusedConv:/stage3/stage3.0/branch2/branch2.0/Conv_/stage3/stage3.0/branch2/branch2.2/Relu_fence_before,0.002,0.0012,0.001,shufflenet_v2_x1_0,3.7e-05,436,onnxrt_cuda,5,ok,0.0004
onnxruntime,99.538905,,onnx_node,FusedConv:/stage3/stage3.0/branch2/branch2.0/Conv_/stage3/stage3.0/branch2/branch2.2/Relu_kernel_time,24.768,0.562333,0.14,shufflenet_v2_x1_0,0.017329,59,onnxrt_cuda,60,ok,3.15137
onnxruntime,99.992296,,onnx_node,FusedConv:/stage3/stage3.0/branch2/branch2.0/Conv_/stage3/stage3.0/branch2/branch2.2/Relu_fence_after,0.001,0.001,0.001,shufflenet_v2_x1_0,3.1e-05,512,onnxrt_cuda,2,ok,0.0
onnxruntime,99.992327,,onnx_node,Conv:/stage3/stage3.0/branch2/branch2.3/Conv_fence_before,0.001,0.001,0.001,shufflenet_v2_x1_0,3.1e-05,513,onnxrt_cuda,8,ok,0.0
onnxruntime,98.84331,,onnx_node,Conv:/stage3/stage3.0/branch2/branch2.3/Conv_kernel_time,58.542,1.110617,0.131,shufflenet_v2_x1_0,0.034226,23,onnxrt_cuda,60,ok,7.476934
onnxruntime,99.992357,,onnx_node,Conv:/stage3/stage3.0/branch2/branch2.3/Conv_fence_after,0.001,0.001,0.001,shufflenet_v2_x1_0,3.1e-05,514,onnxrt_cuda,1,ok,0.0
onnxruntime,99.989783,,onnx_node,FusedConv:/stage3/stage3.0/branch2/branch2.5/Conv_/stage3/stage3.0/branch2/branch2.7/Relu_fence_before,0.025,0.0018,0.001,shufflenet_v2_x1_0,5.5e-05,432,onnxrt_cuda,30,ok,0.004308
onnxruntime,99.394447,,onnx_node,FusedConv:/stage3/stage3.0/branch2/branch2.5/Conv_/stage3/stage3.0/branch2/branch2.7/Relu_kernel_time,27.953,0.6029,0.127,shufflenet_v2_x1_0,0.01858,51,onnxrt_cuda,60,ok,3.560694
onnxruntime,99.992388,,onnx_node,FusedConv:/stage3/stage3.0/branch2/branch2.5/Conv_/stage3/stage3.0/branch2/branch2.7/Relu_fence_after,0.001,0.001,0.001,shufflenet_v2_x1_0,3.1e-05,515,onnxrt_cuda,1,ok,0.0
onnxruntime,99.992419,,onnx_node,Concat:/stage3/stage3.0/Concat_fence_before,0.001,0.001,0.001,shufflenet_v2_x1_0,3.1e-05,516,onnxrt_cuda,12,ok,0.0
onnxruntime,99.580404,,onnx_node,Concat:/stage3/stage3.0/Concat_kernel_time,0.563,0.2425,0.223,shufflenet_v2_x1_0,0.007473,63,onnxrt_cuda,60,ok,0.045026
onnxruntime,99.99245,,onnx_node,Shape:/stage3/stage3.0/Shape_1_fence_before,0.001,0.001,0.001,shufflenet_v2_x1_0,3.1e-05,517,onnxrt_cuda,16,ok,0.0
onnxruntime,99.883172,,onnx_node,Shape:/stage3/stage3.0/Shape_1_kernel_time,0.035,0.02115,0.019,shufflenet_v2_x1_0,0.000652,250,onnxrt_cuda,60,ok,0.00204
onnxruntime,99.992481,,onnx_node,Gather:/stage3/stage3.0/Gather_1_fence_before,0.001,0.001,0.001,shufflenet_v2_x1_0,3.1e-05,518,onnxrt_cuda,1,ok,0.0
onnxruntime,99.846623,,onnx_node,Gather:/stage3/stage3.0/Gather_1_kernel_time,0.034,0.022317,0.021,shufflenet_v2_x1_0,0.000688,195,onnxrt_cuda,60,ok,0.001812
onnxruntime,99.992511,,onnx_node,Div:/stage3/stage3.0/Div_fence_before,0.001,0.001,0.001,shufflenet_v2_x1_0,3.1e-05,519,onnxrt_cuda,3,ok,0.0
onnxruntime,99.823844,,onnx_node,Div:/stage3/stage3.0/Div_kernel_time,0.037,0.023983,0.022,shufflenet_v2_x1_0,0.000739,163,onnxrt_cuda,60,ok,0.001875
onnxruntime,99.992542,,onnx_node,Unsqueeze:/stage3/stage3.0/Unsqueeze_1_fence_before,0.001,0.001,0.001,shufflenet_v2_x1_0,3.1e-05,520,onnxrt_cuda,3,ok,0.0
onnxruntime,99.950278,,onnx_node,Unsqueeze:/stage3/stage3.0/Unsqueeze_1_kernel_time,0.043,0.019217,0.018,shufflenet_v2_x1_0,0.000592,358,onnxrt_cuda,60,ok,0.003231
onnxruntime,99.9232,,onnx_node,Gather:/stage3/stage3.0/Gather_3_kernel_time,0.027,0.019867,0.019,shufflenet_v2_x1_0,0.000612,313,onnxrt_cuda,60,ok,0.001132
onnxruntime,99.966316,,onnx_node,Unsqueeze:/stage3/stage3.0/Unsqueeze_3_kernel_time,0.022,0.017983,0.017,shufflenet_v2_x1_0,0.000554,386,onnxrt_cuda,60,ok,0.000785
onnxruntime,99.928075,,onnx_node,Gather:/stage3/stage3.0/Gather_2_kernel_time,0.026,0.019683,0.018,shufflenet_v2_x1_0,0.000607,321,onnxrt_cuda,60,ok,0.001072
onnxruntime,99.969067,,onnx_node,Unsqueeze:/stage3/stage3.0/Unsqueeze_2_kernel_time,0.022,0.0178,0.016,shufflenet_v2_x1_0,0.000549,391,onnxrt_cuda,60,ok,0.000812
onnxruntime,99.943736,,onnx_node,Gather:/stage3/stage3.0/Gather_kernel_time,0.025,0.0194,0.018,shufflenet_v2_x1_0,0.000598,347,onnxrt_cuda,60,ok,0.000935
onnxruntime,99.987805,,onnx_node,Unsqueeze:/stage3/stage3.0/Unsqueeze_kernel_time,0.02,0.017083,0.016,shufflenet_v2_x1_0,0.000526,426,onnxrt_cuda,60,ok,0.00064
onnxruntime,99.797276,,onnx_node,Concat:/stage3/stage3.0/Concat_1_kernel_time,0.056,0.029633,0.027,shufflenet_v2_x1_0,0.000913,130,onnxrt_cuda,60,ok,0.003706
onnxruntime,99.992573,,onnx_node,Reshape:/stage3/stage3.0/Reshape_fence_before,0.001,0.001,0.001,shufflenet_v2_x1_0,3.1e-05,521,onnxrt_cuda,1,ok,0.0
onnxruntime,99.870061,,onnx_node,Reshape:/stage3/stage3.0/Reshape_kernel_time,0.03,0.021433,0.02,shufflenet_v2_x1_0,0.000661,230,onnxrt_cuda,60,ok,0.00143
onnxruntime,99.770781,,onnx_node,Transpose:/stage3/stage3.0/Transpose_kernel_time,0.19,0.074067,0.067,shufflenet_v2_x1_0,0.002283,113,onnxrt_cuda,60,ok,0.015326
onnxruntime,99.813235,,onnx_node,Concat:/stage3/stage3.0/Concat_2_kernel_time,0.036,0.0251,0.023,shufflenet_v2_x1_0,0.000774,149,onnxrt_cuda,60,ok,0.001805
onnxruntime,99.89548,,onnx_node,Reshape:/stage3/stage3.0/Reshape_1_kernel_time,0.028,0.020883,0.02,shufflenet_v2_x1_0,0.000644,269,onnxrt_cuda,60,ok,0.001292
onnxruntime,99.992604,,onnx_node,Shape:/stage3/stage3.1/Shape_fence_before,0.001,0.001,0.001,shufflenet_v2_x1_0,3.1e-05,522,onnxrt_cuda,1,ok,0.0
onnxruntime,99.932314,,onnx_node,Shape:/stage3/stage3.1/Shape_kernel_time,0.047,0.019633,0.018,shufflenet_v2_x1_0,0.000605,328,onnxrt_cuda,60,ok,0.003937
onnxruntime,99.992635,,onnx_node,Gather:/stage3/stage3.1/Gather_fence_before,0.001,0.001,0.001,shufflenet_v2_x1_0,3.1e-05,523,onnxrt_cuda,2,ok,0.0
onnxruntime,99.901881,,onnx_node,Gather:/stage3/stage3.1/Gather_kernel_time,0.027,0.0207,0.019,shufflenet_v2_x1_0,0.000638,279,onnxrt_cuda,60,ok,0.001021
onnxruntime,99.992666,,onnx_node,Add:/stage3/stage3.1/Add_fence_before,0.001,0.001,0.001,shufflenet_v2_x1_0,3.1e-05,524,onnxrt_cuda,5,ok,0.0
onnxruntime,99.834734,,onnx_node,Add:/stage3/stage3.1/Add_kernel_time,0.028,0.023183,0.021,shufflenet_v2_x1_0,0.000714,178,onnxrt_cuda,60,ok,0.001607
onnxruntime,99.891613,,onnx_node,Div:/stage3/stage3.1/Div_kernel_time,0.027,0.020983,0.02,shufflenet_v2_x1_0,0.000647,263,onnxrt_cuda,60,ok,0.001088
onnxruntime,99.885777,,onnx_node,Mul:/stage3/stage3.1/Mul_1_kernel_time,0.046,0.021117,0.019,shufflenet_v2_x1_0,0.000651,254,onnxrt_cuda,60,ok,0.003382
onnxruntime,99.899966,,onnx_node,Mul:/stage3/stage3.1/Mul_kernel_time,0.044,0.020733,0.018,shufflenet_v2_x1_0,0.000639,276,onnxrt_cuda,60,ok,0.003425
onnxruntime,99.992696,,onnx_node,Slice:/stage3/stage3.1/Slice_1_fence_before,0.001,0.001,0.001,shufflenet_v2_x1_0,3.1e-05,525,onnxrt_cuda,16,ok,0.0
onnxruntime,99.708851,,onnx_node,Slice:/stage3/stage3.1/Slice_1_kernel_time,0.183,0.07995,0.071,shufflenet_v2_x1_0,0.002464,87,onnxrt_cuda,60,ok,0.013875
onnxruntime,99.992727,,onnx_node,FusedConv:/stage3/stage3.1/branch2/branch2.0/Conv_/stage3/stage3.1/branch2/branch2.2/Relu_fence_before,0.001,0.001,0.001,shufflenet_v2_x1_0,3.1e-05,526,onnxrt_cuda,30,ok,0.0
onnxruntime,98.975184,,onnx_node,FusedConv:/stage3/stage3.1/branch2/branch2.0/Conv_/stage3/stage3.1/branch2/branch2.2/Relu_kernel_time,28.026,0.638783,0.152,shufflenet_v2_x1_0,0.019685,29,onnxrt_cuda,60,ok,3.56554
onnxruntime,99.992758,,onnx_node,FusedConv:/stage3/stage3.1/branch2/branch2.0/Conv_/stage3/stage3.1/branch2/branch2.2/Relu_fence_after,0.001,0.001,0.001,shufflenet_v2_x1_0,3.1e-05,527,onnxrt_cuda,1,ok,0.0
onnxruntime,99.992789,,onnx_node,Conv:/stage3/stage3.1/branch2/branch2.3/Conv_fence_before,0.001,0.001,0.001,shufflenet_v2_x1_0,3.1e-05,528,onnxrt_cuda,3,ok,0.0
onnxruntime,98.337519,,onnx_node,Conv:/stage3/stage3.1/branch2/branch2.3/Conv_kernel_time,128.005,2.27665,0.139,shufflenet_v2_x1_0,0.07016,13,onnxrt_cuda,60,ok,16.368438
onnxruntime,99.99282,,onnx_node,Conv:/stage3/stage3.1/branch2/branch2.3/Conv_fence_after,0.001,0.001,0.001,shufflenet_v2_x1_0,3.1e-05,529,onnxrt_cuda,1,ok,0.0
onnxruntime,99.99285,,onnx_node,FusedConv:/stage3/stage3.1/branch2/branch2.5/Conv_/stage3/stage3.1/branch2/branch2.7/Relu_fence_before,0.001,0.001,0.001,shufflenet_v2_x1_0,3.1e-05,530,onnxrt_cuda,7,ok,0.0
onnxruntime,99.319797,,onnx_node,FusedConv:/stage3/stage3.1/branch2/branch2.5/Conv_/stage3/stage3.1/branch2/branch2.7/Relu_kernel_time,28.078,0.609017,0.135,shufflenet_v2_x1_0,0.018768,47,onnxrt_cuda,60,ok,3.576167
onnxruntime,99.992881,,onnx_node,FusedConv:/stage3/stage3.1/branch2/branch2.5/Conv_/stage3/stage3.1/branch2/branch2.7/Relu_fence_after,0.001,0.001,0.001,shufflenet_v2_x1_0,3.1e-05,531,onnxrt_cuda,1,ok,0.0
onnxruntime,99.992912,,onnx_node,Slice:/stage3/stage3.1/Slice_fence_before,0.001,0.001,0.001,shufflenet_v2_x1_0,3.1e-05,532,onnxrt_cuda,2,ok,0.0
onnxruntime,99.73077,,onnx_node,Slice:/stage3/stage3.1/Slice_kernel_time,0.201,0.07845,0.072,shufflenet_v2_x1_0,0.002418,96,onnxrt_cuda,60,ok,0.016034
onnxruntime,99.992943,,onnx_node,Concat:/stage3/stage3.1/Concat_fence_before,0.001,0.001,0.001,shufflenet_v2_x1_0,3.1e-05,533,onnxrt_cuda,10,ok,0.0
onnxruntime,99.602632,,onnx_node,Concat:/stage3/stage3.1/Concat_kernel_time,0.587,0.23975,0.225,shufflenet_v2_x1_0,0.007388,66,onnxrt_cuda,60,ok,0.046228
onnxruntime,99.992974,,onnx_node,Shape:/stage3/stage3.1/Shape_2_fence_before,0.001,0.001,0.001,shufflenet_v2_x1_0,3.1e-05,534,onnxrt_cuda,2,ok,0.0
onnxruntime,99.900605,,onnx_node,Shape:/stage3/stage3.1/Shape_2_kernel_time,0.036,0.020733,0.019,shufflenet_v2_x1_0,0.000639,277,onnxrt_cuda,60,ok,0.002144
onnxruntime,99.993005,,onnx_node,Gather:/stage3/stage3.1/Gather_2_fence_before,0.001,0.001,0.001,shufflenet_v2_x1_0,3.1e-05,535,onnxrt_cuda,1,ok,0.0
onnxruntime,99.854758,,onnx_node,Gather:/stage3/stage3.1/Gather_2_kernel_time,0.036,0.0218,0.02,shufflenet_v2_x1_0,0.000672,207,onnxrt_cuda,60,ok,0.001956
onnxruntime,99.828969,,onnx_node,Div:/stage3/stage3.1/Div_1_kernel_time,0.033,0.023633,0.022,shufflenet_v2_x1_0,0.000728,170,onnxrt_cuda,60,ok,0.00157
onnxruntime,99.993035,,onnx_node,Unsqueeze:/stage3/stage3.1/Unsqueeze_1_fence_before,0.001,0.001,0.001,shufflenet_v2_x1_0,3.1e-05,536,onnxrt_cuda,4,ok,0.0
onnxruntime,99.963528,,onnx_node,Unsqueeze:/stage3/stage3.1/Unsqueeze_1_kernel_time,0.022,0.018167,0.017,shufflenet_v2_x1_0,0.00056,381,onnxrt_cuda,60,ok,0.000711
onnxruntime,99.938941,,onnx_node,Gather:/stage3/stage3.1/Gather_4_kernel_time,0.03,0.0195,0.018,shufflenet_v2_x1_0,0.000601,339,onnxrt_cuda,60,ok,0.001544
onnxruntime,99.975576,,onnx_node,Unsqueeze:/stage3/stage3.1/Unsqueeze_3_kernel_time,0.021,0.017433,0.016,shufflenet_v2_x1_0,0.000537,403,onnxrt_cuda,60,ok,0.000761
onnxruntime,99.944333,,onnx_node,Gather:/stage3/stage3.1/Gather_3_kernel_time,0.026,0.019383,0.018,shufflenet_v2_x1_0,0.000597,348,onnxrt_cuda,60,ok,0.001066
onnxruntime,99.985696,,onnx_node,Unsqueeze:/stage3/stage3.1/Unsqueeze_2_kernel_time,0.019,0.017133,0.016,shufflenet_v2_x1_0,0.000528,422,onnxrt_cuda,60,ok,0.000618
onnxruntime,99.928682,,onnx_node,Gather:/stage3/stage3.1/Gather_1_kernel_time,0.049,0.019683,0.018,shufflenet_v2_x1_0,0.000607,322,onnxrt_cuda,60,ok,0.003939
onnxruntime,99.987279,,onnx_node,Unsqueeze:/stage3/stage3.1/Unsqueeze_kernel_time,0.023,0.0171,0.016,shufflenet_v2_x1_0,0.000527,425,onnxrt_cuda,60,ok,0.001075
onnxruntime,99.993066,,onnx_node,Concat:/stage3/stage3.1/Concat_1_fence_before,0.001,0.001,0.001,shufflenet_v2_x1_0,3.1e-05,537,onnxrt_cuda,1,ok,0.0
onnxruntime,99.805311,,onnx_node,Concat:/stage3/stage3.1/Concat_1_kernel_time,0.057,0.0285,0.026,shufflenet_v2_x1_0,0.000878,139,onnxrt_cuda,60,ok,0.00401
onnxruntime,99.858107,,onnx_node,Reshape:/stage3/stage3.1/Reshape_kernel_time,0.048,0.021667,0.02,shufflenet_v2_x1_0,0.000668,212,onnxrt_cuda,60,ok,0.003659
onnxruntime,99.766198,,onnx_node,Transpose:/stage3/stage3.1/Transpose_kernel_time,0.193,0.074667,0.067,shufflenet_v2_x1_0,0.002301,111,onnxrt_cuda,60,ok,0.016579
onnxruntime,99.821625,,onnx_node,Concat:/stage3/stage3.1/Concat_2_kernel_time,0.031,0.024267,0.023,shufflenet_v2_x1_0,0.000748,160,onnxrt_cuda,60,ok,0.001302
onnxruntime,99.880562,,onnx_node,Reshape:/stage3/stage3.1/Reshape_1_kernel_time,0.045,0.021183,0.019,shufflenet_v2_x1_0,0.000653,246,onnxrt_cuda,60,ok,0.003398
onnxruntime,99.993097,,onnx_node,Shape:/stage3/stage3.2/Shape_fence_before,0.001,0.001,0.001,shufflenet_v2_x1_0,3.1e-05,538,onnxrt_cuda,1,ok,0.0
onnxruntime,99.95087,,onnx_node,Shape:/stage3/stage3.2/Shape_kernel_time,0.031,0.0192,0.018,shufflenet_v2_x1_0,0.000592,359,onnxrt_cuda,60,ok,0.001711
onnxruntime,99.923812,,onnx_node,Gather:/stage3/stage3.2/Gather_kernel_time,0.023,0.019867,0.019,shufflenet_v2_x1_0,0.000612,314,onnxrt_cuda,60,ok,0.000826
onnxruntime,99.993128,,onnx_node,Add:/stage3/stage3.2/Add_fence_before,0.001,0.001,0.001,shufflenet_v2_x1_0,3.1e-05,539,onnxrt_cuda,5,ok,0.0
onnxruntime,99.844553,,onnx_node,Add:/stage3/stage3.2/Add_kernel_time,0.028,0.022517,0.021,shufflenet_v2_x1_0,0.000694,192,onnxrt_cuda,60,ok,0.001565
onnxruntime,99.893549,,onnx_node,Div:/stage3/stage3.2/Div_kernel_time,0.032,0.0209,0.019,shufflenet_v2_x1_0,0.000644,266,onnxrt_cuda,60,ok,0.001912
onnxruntime,99.892259,,onnx_node,Mul:/stage3/stage3.2/Mul_1_kernel_time,0.026,0.020983,0.02,shufflenet_v2_x1_0,0.000647,264,onnxrt_cuda,60,ok,0.001072
onnxruntime,99.919509,,onnx_node,Mul:/stage3/stage3.2/Mul_kernel_time,0.025,0.020067,0.019,shufflenet_v2_x1_0,0.000618,307,onnxrt_cuda,60,ok,0.001302
onnxruntime,99.728353,,onnx_node,Slice:/stage3/stage3.2/Slice_1_kernel_time,0.181,0.07875,0.069,shufflenet_v2_x1_0,0.002427,95,onnxrt_cuda,60,ok,0.01465
onnxruntime,99.993159,,onnx_node,FusedConv:/stage3/stage3.2/branch2/branch2.0/Conv_/stage3/stage3.2/branch2/branch2.2/Relu_fence_before,0.001,0.001,0.001,shufflenet_v2_x1_0,3.1e-05,540,onnxrt_cuda,31,ok,0.0
onnxruntime,99.053562,,onnx_node,FusedConv:/stage3/stage3.2/branch2/branch2.0/Conv_/stage3/stage3.2/branch2/branch2.2/Relu_kernel_time,27.782,0.634067,0.154,shufflenet_v2_x1_0,0.01954,33,onnxrt_cuda,60,ok,3.534387
onnxruntime,99.993189,,onnx_node,FusedConv:/stage3/stage3.2/branch2/branch2.0/Conv_/stage3/stage3.2/branch2/branch2.2/Relu_fence_after,0.001,0.001,0.001,shufflenet_v2_x1_0,3.1e-05,541,onnxrt_cuda,3,ok,0.0
onnxruntime,99.99322,,onnx_node,Conv:/stage3/stage3.2/branch2/branch2.3/Conv_fence_before,0.001,0.001,0.001,shufflenet_v2_x1_0,3.1e-05,542,onnxrt_cuda,10,ok,0.0
onnxruntime,98.197144,,onnx_node,Conv:/stage3/stage3.2/branch2/branch2.3/Conv_kernel_time,128.195,2.27925,0.136,shufflenet_v2_x1_0,0.07024,11,onnxrt_cuda,60,ok,16.392836
onnxruntime,99.993251,,onnx_node,Conv:/stage3/stage3.2/branch2/branch2.3/Conv_fence_after,0.001,0.001,0.001,shufflenet_v2_x1_0,3.1e-05,543,onnxrt_cuda,1,ok,0.0
onnxruntime,99.993282,,onnx_node,FusedConv:/stage3/stage3.2/branch2/branch2.5/Conv_/stage3/stage3.2/branch2/branch2.7/Relu_fence_before,0.001,0.001,0.001,shufflenet_v2_x1_0,3.1e-05,544,onnxrt_cuda,5,ok,0.0
onnxruntime,99.357224,,onnx_node,FusedConv:/stage3/stage3.2/branch2/branch2.5/Conv_/stage3/stage3.2/branch2/branch2.7/Relu_kernel_time,27.989,0.606633,0.133,shufflenet_v2_x1_0,0.018695,49,onnxrt_cuda,60,ok,3.56489
onnxruntime,99.993313,,onnx_node,FusedConv:/stage3/stage3.2/branch2/branch2.5/Conv_/stage3/stage3.2/branch2/branch2.7/Relu_fence_after,0.001,0.001,0.001,shufflenet_v2_x1_0,3.1e-05,545,onnxrt_cuda,1,ok,0.0
onnxruntime,99.993344,,onnx_node,Slice:/stage3/stage3.2/Slice_fence_before,0.001,0.001,0.001,shufflenet_v2_x1_0,3.1e-05,546,onnxrt_cuda,2,ok,0.0
onnxruntime,99.725926,,onnx_node,Slice:/stage3/stage3.2/Slice_kernel_time,0.193,0.078783,0.072,shufflenet_v2_x1_0,0.002428,94,onnxrt_cuda,60,ok,0.015615
onnxruntime,99.993374,,onnx_node,Concat:/stage3/stage3.2/Concat_fence_before,0.001,0.001,0.001,shufflenet_v2_x1_0,3.1e-05,547,onnxrt_cuda,3,ok,0.0
onnxruntime,99.624657,,onnx_node,Concat:/stage3/stage3.2/Concat_kernel_time,0.535,0.236933,0.222,shufflenet_v2_x1_0,0.007302,69,onnxrt_cuda,60,ok,0.039556
onnxruntime,99.993405,,onnx_node,Shape:/stage3/stage3.2/Shape_2_fence_before,0.001,0.001,0.001,shufflenet_v2_x1_0,3.1e-05,548,onnxrt_cuda,6,ok,0.0
onnxruntime,99.858774,,onnx_node,Shape:/stage3/stage3.2/Shape_2_kernel_time,0.046,0.021633,0.019,shufflenet_v2_x1_0,0.000667,213,onnxrt_cuda,60,ok,0.004719
onnxruntime,99.993436,,onnx_node,Gather:/stage3/stage3.2/Gather_2_fence_before,0.001,0.001,0.001,shufflenet_v2_x1_0,3.1e-05,549,onnxrt_cuda,4,ok,0.0
onnxruntime,99.845936,,onnx_node,Gather:/stage3/stage3.2/Gather_2_kernel_time,0.046,0.0224,0.02,shufflenet_v2_x1_0,0.00069,194,onnxrt_cuda,60,ok,0.00462
onnxruntime,99.993467,,onnx_node,Div:/stage3/stage3.2/Div_1_fence_before,0.001,0.001,0.001,shufflenet_v2_x1_0,3.1e-05,550,onnxrt_cuda,2,ok,0.0
onnxruntime,99.825316,,onnx_node,Div:/stage3/stage3.2/Div_1_kernel_time,0.034,0.023783,0.022,shufflenet_v2_x1_0,0.000733,165,onnxrt_cuda,60,ok,0.001684
onnxruntime,99.993498,,onnx_node,Unsqueeze:/stage3/stage3.2/Unsqueeze_1_fence_before,0.001,0.001,0.001,shufflenet_v2_x1_0,3.1e-05,551,onnxrt_cuda,2,ok,0.0
onnxruntime,99.96015,,onnx_node,Unsqueeze:/stage3/stage3.2/Unsqueeze_1_kernel_time,0.022,0.018367,0.017,shufflenet_v2_x1_0,0.000566,375,onnxrt_cuda,60,ok,0.000752
onnxruntime,99.939541,,onnx_node,Gather:/stage3/stage3.2/Gather_4_kernel_time,0.025,0.0195,0.018,shufflenet_v2_x1_0,0.000601,340,onnxrt_cuda,60,ok,0.000992
onnxruntime,99.977719,,onnx_node,Unsqueeze:/stage3/stage3.2/Unsqueeze_3_kernel_time,0.02,0.017367,0.017,shufflenet_v2_x1_0,0.000535,407,onnxrt_cuda,60,ok,0.000605
onnxruntime,99.932919,,onnx_node,Gather:/stage3/stage3.2/Gather_3_kernel_time,0.044,0.019633,0.018,shufflenet_v2_x1_0,0.000605,329,onnxrt_cuda,60,ok,0.003214
onnxruntime,99.96742,,onnx_node,Unsqueeze:/stage3/stage3.2/Unsqueeze_2_kernel_time,0.041,0.01785,0.017,shufflenet_v2_x1_0,0.00055,388,onnxrt_cuda,60,ok,0.003092
onnxruntime,99.946718,,onnx_node,Gather:/stage3/stage3.2/Gather_1_kernel_time,0.028,0.0193,0.018,shufflenet_v2_x1_0,0.000595,352,onnxrt_cuda,60,ok,0.001256
onnxruntime,99.97125,,onnx_node,Unsqueeze:/stage3/stage3.2/Unsqueeze_kernel_time,0.042,0.017633,0.016,shufflenet_v2_x1_0,0.000543,395,onnxrt_cuda,60,ok,0.003235
onnxruntime,99.796362,,onnx_node,Concat:/stage3/stage3.2/Concat_1_kernel_time,0.054,0.02985,0.027,shufflenet_v2_x1_0,0.00092,129,onnxrt_cuda,60,ok,0.004564
onnxruntime,99.993528,,onnx_node,Reshape:/stage3/stage3.2/Reshape_fence_before,0.001,0.001,0.001,shufflenet_v2_x1_0,3.1e-05,552,onnxrt_cuda,6,ok,0.0
onnxruntime,99.867414,,onnx_node,Reshape:/stage3/stage3.2/Reshape_kernel_time,0.03,0.0215,0.019,shufflenet_v2_x1_0,0.000663,226,onnxrt_cuda,60,ok,0.001555
onnxruntime,99.763897,,onnx_node,Transpose:/stage3/stage3.2/Transpose_kernel_time,0.198,0.074833,0.067,shufflenet_v2_x1_0,0.002306,110,onnxrt_cuda,60,ok,0.01633
onnxruntime,99.817852,,onnx_node,Concat:/stage3/stage3.2/Concat_2_kernel_time,0.033,0.024933,0.023,shufflenet_v2_x1_0,0.000768,155,onnxrt_cuda,60,ok,0.001537
onnxruntime,99.894193,,onnx_node,Reshape:/stage3/stage3.2/Reshape_1_kernel_time,0.026,0.0209,0.019,shufflenet_v2_x1_0,0.000644,267,onnxrt_cuda,60,ok,0.001179
onnxruntime,99.954398,,onnx_node,Shape:/stage3/stage3.3/Shape_kernel_time,0.029,0.01895,0.018,shufflenet_v2_x1_0,0.000584,365,onnxrt_cuda,60,ok,0.001488
onnxruntime,99.902519,,onnx_node,Gather:/stage3/stage3.3/Gather_kernel_time,0.024,0.0207,0.019,shufflenet_v2_x1_0,0.000638,280,onnxrt_cuda,60,ok,0.000802
onnxruntime,99.993559,,onnx_node,Add:/stage3/stage3.3/Add_fence_before,0.001,0.001,0.001,shufflenet_v2_x1_0,3.1e-05,553,onnxrt_cuda,8,ok,0.0
onnxruntime,99.847992,,onnx_node,Add:/stage3/stage3.3/Add_kernel_time,0.028,0.022183,0.021,shufflenet_v2_x1_0,0.000684,197,onnxrt_cuda,60,ok,0.001103
onnxruntime,99.860773,,onnx_node,Div:/stage3/stage3.3/Div_kernel_time,0.027,0.0216,0.02,shufflenet_v2_x1_0,0.000666,216,onnxrt_cuda,60,ok,0.001405
onnxruntime,99.875325,,onnx_node,Mul:/stage3/stage3.3/Mul_1_kernel_time,0.026,0.021317,0.02,shufflenet_v2_x1_0,0.000657,238,onnxrt_cuda,60,ok,0.001088
onnxruntime,99.909508,,onnx_node,Mul:/stage3/stage3.3/Mul_kernel_time,0.045,0.020533,0.019,shufflenet_v2_x1_0,0.000633,291,onnxrt_cuda,60,ok,0.003344
onnxruntime,99.723498,,onnx_node,Slice:/stage3/stage3.3/Slice_1_kernel_time,0.278,0.078917,0.068,shufflenet_v2_x1_0,0.002432,93,onnxrt_cuda,60,ok,0.026381
onnxruntime,99.99359,,onnx_node,FusedConv:/stage3/stage3.3/branch2/branch2.0/Conv_/stage3/stage3.3/branch2/branch2.2/Relu_fence_before,0.001,0.001,0.001,shufflenet_v2_x1_0,3.1e-05,554,onnxrt_cuda,30,ok,0.0
onnxruntime,99.014453,,onnx_node,FusedConv:/stage3/stage3.3/branch2/branch2.0/Conv_/stage3/stage3.3/branch2/branch2.2/Relu_kernel_time,27.977,0.6364,0.152,shufflenet_v2_x1_0,0.019612,31,onnxrt_cuda,60,ok,3.559463
onnxruntime,99.993621,,onnx_node,FusedConv:/stage3/stage3.3/branch2/branch2.0/Conv_/stage3/stage3.3/branch2/branch2.2/Relu_fence_after,0.001,0.001,0.001,shufflenet_v2_x1_0,3.1e-05,555,onnxrt_cuda,2,ok,0.0
onnxruntime,99.993652,,onnx_node,Conv:/stage3/stage3.3/branch2/branch2.3/Conv_fence_before,0.001,0.001,0.001,shufflenet_v2_x1_0,3.1e-05,556,onnxrt_cuda,16,ok,0.0
onnxruntime,98.267359,,onnx_node,Conv:/stage3/stage3.3/branch2/branch2.3/Conv_kernel_time,128.007,2.278467,0.139,shufflenet_v2_x1_0,0.070216,12,onnxrt_cuda,60,ok,16.368463
onnxruntime,99.993683,,onnx_node,Conv:/stage3/stage3.3/branch2/branch2.3/Conv_fence_after,0.001,0.001,0.001,shufflenet_v2_x1_0,3.1e-05,557,onnxrt_cuda,2,ok,0.0
onnxruntime,99.993713,,onnx_node,FusedConv:/stage3/stage3.3/branch2/branch2.5/Conv_/stage3/stage3.3/branch2/branch2.7/Relu_fence_before,0.001,0.001,0.001,shufflenet_v2_x1_0,3.1e-05,558,onnxrt_cuda,3,ok,0.0
onnxruntime,99.338529,,onnx_node,FusedConv:/stage3/stage3.3/branch2/branch2.5/Conv_/stage3/stage3.3/branch2/branch2.7/Relu_kernel_time,27.987,0.60785,0.136,shufflenet_v2_x1_0,0.018732,48,onnxrt_cuda,60,ok,3.564468
onnxruntime,99.993744,,onnx_node,FusedConv:/stage3/stage3.3/branch2/branch2.5/Conv_/stage3/stage3.3/branch2/branch2.7/Relu_fence_after,0.001,0.001,0.001,shufflenet_v2_x1_0,3.1e-05,559,onnxrt_cuda,1,ok,0.0
onnxruntime,99.993775,,onnx_node,Slice:/stage3/stage3.3/Slice_fence_before,0.001,0.001,0.001,shufflenet_v2_x1_0,3.1e-05,560,onnxrt_cuda,1,ok,0.0
onnxruntime,99.716195,,onnx_node,Slice:/stage3/stage3.3/Slice_kernel_time,0.2,0.079183,0.072,shufflenet_v2_x1_0,0.00244,90,onnxrt_cuda,60,ok,0.016136
onnxruntime,99.993806,,onnx_node,Concat:/stage3/stage3.3/Concat_fence_before,0.001,0.001,0.001,shufflenet_v2_x1_0,3.1e-05,561,onnxrt_cuda,9,ok,0.0
onnxruntime,99.595244,,onnx_node,Concat:/stage3/stage3.3/Concat_kernel_time,0.541,0.239833,0.226,shufflenet_v2_x1_0,0.007391,65,onnxrt_cuda,60,ok,0.039913
onnxruntime,99.993837,,onnx_node,Shape:/stage3/stage3.3/Shape_2_fence_before,0.001,0.001,0.001,shufflenet_v2_x1_0,3.1e-05,562,onnxrt_cuda,1,ok,0.0
onnxruntime,99.903157,,onnx_node,Shape:/stage3/stage3.3/Shape_2_kernel_time,0.046,0.0207,0.019,shufflenet_v2_x1_0,0.000638,281,onnxrt_cuda,60,ok,0.003887
onnxruntime,99.993867,,onnx_node,Gather:/stage3/stage3.3/Gather_2_fence_before,0.001,0.001,0.001,shufflenet_v2_x1_0,3.1e-05,563,onnxrt_cuda,6,ok,0.0
onnxruntime,99.874669,,onnx_node,Gather:/stage3/stage3.3/Gather_2_kernel_time,0.035,0.021333,0.02,shufflenet_v2_x1_0,0.000657,237,onnxrt_cuda,60,ok,0.001938
onnxruntime,99.993898,,onnx_node,Div:/stage3/stage3.3/Div_1_fence_before,0.001,0.001,0.001,shufflenet_v2_x1_0,3.1e-05,564,onnxrt_cuda,2,ok,0.0
onnxruntime,99.834019,,onnx_node,Div:/stage3/stage3.3/Div_1_kernel_time,0.034,0.023217,0.022,shufflenet_v2_x1_0,0.000715,177,onnxrt_cuda,60,ok,0.001539
onnxruntime,99.993929,,onnx_node,Unsqueeze:/stage3/stage3.3/Unsqueeze_1_fence_before,0.001,0.001,0.001,shufflenet_v2_x1_0,3.1e-05,565,onnxrt_cuda,4,ok,0.0
onnxruntime,99.965762,,onnx_node,Unsqueeze:/stage3/stage3.3/Unsqueeze_1_kernel_time,0.022,0.01805,0.017,shufflenet_v2_x1_0,0.000556,385,onnxrt_cuda,60,ok,0.000644
onnxruntime,99.935933,,onnx_node,Gather:/stage3/stage3.3/Gather_4_kernel_time,0.027,0.019533,0.018,shufflenet_v2_x1_0,0.000602,334,onnxrt_cuda,60,ok,0.001103
onnxruntime,99.978788,,onnx_node,Unsqueeze:/stage3/stage3.3/Unsqueeze_3_kernel_time,0.021,0.017333,0.017,shufflenet_v2_x1_0,0.000534,409,onnxrt_cuda,60,ok,0.00065
onnxruntime,99.921973,,onnx_node,Gather:/stage3/stage3.3/Gather_3_kernel_time,0.046,0.01995,0.018,shufflenet_v2_x1_0,0.000615,311,onnxrt_cuda,60,ok,0.003556
onnxruntime,99.98411,,onnx_node,Unsqueeze:/stage3/stage3.3/Unsqueeze_2_kernel_time,0.02,0.017183,0.016,shufflenet_v2_x1_0,0.00053,419,onnxrt_cuda,60,ok,0.000645
onnxruntime,99.920126,,onnx_node,Gather:/stage3/stage3.3/Gather_1_kernel_time,0.025,0.020017,0.019,shufflenet_v2_x1_0,0.000617,308,onnxrt_cuda,60,ok,0.000991
onnxruntime,99.982519,,onnx_node,Unsqueeze:/stage3/stage3.3/Unsqueeze_kernel_time,0.02,0.017233,0.016,shufflenet_v2_x1_0,0.000531,416,onnxrt_cuda,60,ok,0.000642
onnxruntime,99.798187,,onnx_node,Concat:/stage3/stage3.3/Concat_1_kernel_time,0.056,0.029567,0.026,shufflenet_v2_x1_0,0.000911,131,onnxrt_cuda,60,ok,0.005149
onnxruntime,99.99396,,onnx_node,Reshape:/stage3/stage3.3/Reshape_fence_before,0.001,0.001,0.001,shufflenet_v2_x1_0,3.1e-05,566,onnxrt_cuda,3,ok,0.0
onnxruntime,99.878603,,onnx_node,Reshape:/stage3/stage3.3/Reshape_kernel_time,0.027,0.021233,0.02,shufflenet_v2_x1_0,0.000654,243,onnxrt_cuda,60,ok,0.001023
onnxruntime,99.775319,,onnx_node,Transpose:/stage3/stage3.3/Transpose_kernel_time,0.186,0.073617,0.068,shufflenet_v2_x1_0,0.002269,115,onnxrt_cuda,60,ok,0.015052
onnxruntime,99.810114,,onnx_node,Concat:/stage3/stage3.3/Concat_2_kernel_time,0.051,0.025683,0.023,shufflenet_v2_x1_0,0.000791,145,onnxrt_cuda,60,ok,0.004133
onnxruntime,99.848674,,onnx_node,Reshape:/stage3/stage3.3/Reshape_1_kernel_time,0.048,0.022117,0.02,shufflenet_v2_x1_0,0.000682,198,onnxrt_cuda,60,ok,0.004813
onnxruntime,99.956145,,onnx_node,Shape:/stage3/stage3.4/Shape_kernel_time,0.029,0.018867,0.018,shufflenet_v2_x1_0,0.000581,368,onnxrt_cuda,60,ok,0.001477
onnxruntime,99.924424,,onnx_node,Gather:/stage3/stage3.4/Gather_kernel_time,0.023,0.019867,0.019,shufflenet_v2_x1_0,0.000612,315,onnxrt_cuda,60,ok,0.000718
onnxruntime,99.993991,,onnx_node,Add:/stage3/stage3.4/Add_fence_before,0.001,0.001,0.001,shufflenet_v2_x1_0,3.1e-05,567,onnxrt_cuda,4,ok,0.0
onnxruntime,99.840381,,onnx_node,Add:/stage3/stage3.4/Add_kernel_time,0.031,0.022633,0.021,shufflenet_v2_x1_0,0.000697,186,onnxrt_cuda,60,ok,0.001264
onnxruntime,99.875982,,onnx_node,Div:/stage3/stage3.4/Div_kernel_time,0.026,0.021317,0.02,shufflenet_v2_x1_0,0.000657,239,onnxrt_cuda,60,ok,0.001218
onnxruntime,99.85944,,onnx_node,Mul:/stage3/stage3.4/Mul_1_kernel_time,0.046,0.021633,0.02,shufflenet_v2_x1_0,0.000667,214,onnxrt_cuda,60,ok,0.003516
onnxruntime,99.884475,,onnx_node,Mul:/stage3/stage3.4/Mul_kernel_time,0.049,0.021133,0.019,shufflenet_v2_x1_0,0.000651,252,onnxrt_cuda,60,ok,0.005087
onnxruntime,99.994021,,onnx_node,Slice:/stage3/stage3.4/Slice_1_fence_before,0.001,0.001,0.001,shufflenet_v2_x1_0,3.1e-05,568,onnxrt_cuda,8,ok,0.0
onnxruntime,99.703918,,onnx_node,Slice:/stage3/stage3.4/Slice_1_kernel_time,0.196,0.080317,0.07,shufflenet_v2_x1_0,0.002475,85,onnxrt_cuda,60,ok,0.021376
onnxruntime,99.994052,,onnx_node,FusedConv:/stage3/stage3.4/branch2/branch2.0/Conv_/stage3/stage3.4/branch2/branch2.2/Relu_fence_before,0.001,0.001,0.001,shufflenet_v2_x1_0,3.1e-05,569,onnxrt_cuda,35,ok,0.0
onnxruntime,98.994841,,onnx_node,FusedConv:/stage3/stage3.4/branch2/branch2.0/Conv_/stage3/stage3.4/branch2/branch2.2/Relu_kernel_time,27.996,0.637867,0.151,shufflenet_v2_x1_0,0.019657,30,onnxrt_cuda,60,ok,3.561768
onnxruntime,99.994083,,onnx_node,FusedConv:/stage3/stage3.4/branch2/branch2.0/Conv_/stage3/stage3.4/branch2/branch2.2/Relu_fence_after,0.001,0.001,0.001,shufflenet_v2_x1_0,3.1e-05,570,onnxrt_cuda,2,ok,0.0
onnxruntime,99.994114,,onnx_node,Conv:/stage3/stage3.4/branch2/branch2.3/Conv_fence_before,0.001,0.001,0.001,shufflenet_v2_x1_0,3.1e-05,571,onnxrt_cuda,9,ok,0.0
onnxruntime,98.056608,,onnx_node,Conv:/stage3/stage3.4/branch2/branch2.3/Conv_kernel_time,131.505,2.339283,0.143,shufflenet_v2_x1_0,0.07209,9,onnxrt_cuda,60,ok,16.815946
onnxruntime,99.994145,,onnx_node,Conv:/stage3/stage3.4/branch2/branch2.3/Conv_fence_after,0.001,0.001,0.001,shufflenet_v2_x1_0,3.1e-05,572,onnxrt_cuda,1,ok,0.0
onnxruntime,99.994176,,onnx_node,FusedConv:/stage3/stage3.4/branch2/branch2.5/Conv_/stage3/stage3.4/branch2/branch2.7/Relu_fence_before,0.001,0.001,0.001,shufflenet_v2_x1_0,3.1e-05,573,onnxrt_cuda,11,ok,0.0
onnxruntime,99.28223,,onnx_node,FusedConv:/stage3/stage3.4/branch2/branch2.5/Conv_/stage3/stage3.4/branch2/branch2.7/Relu_kernel_time,28.107,0.610083,0.134,shufflenet_v2_x1_0,0.018801,45,onnxrt_cuda,60,ok,3.5798
onnxruntime,99.994206,,onnx_node,FusedConv:/stage3/stage3.4/branch2/branch2.5/Conv_/stage3/stage3.4/branch2/branch2.7/Relu_fence_after,0.001,0.001,0.001,shufflenet_v2_x1_0,3.1e-05,574,onnxrt_cuda,1,ok,0.0
onnxruntime,99.994237,,onnx_node,Slice:/stage3/stage3.4/Slice_fence_before,0.001,0.001,0.001,shufflenet_v2_x1_0,3.1e-05,575,onnxrt_cuda,4,ok,0.0
onnxruntime,99.733182,,onnx_node,Slice:/stage3/stage3.4/Slice_kernel_time,0.19,0.07825,0.072,shufflenet_v2_x1_0,0.002411,97,onnxrt_cuda,60,ok,0.014885
onnxruntime,99.994268,,onnx_node,Concat:/stage3/stage3.4/Concat_fence_before,0.001,0.001,0.001,shufflenet_v2_x1_0,3.1e-05,576,onnxrt_cuda,22,ok,0.0
onnxruntime,99.617355,,onnx_node,Concat:/stage3/stage3.4/Concat_kernel_time,0.529,0.238233,0.224,shufflenet_v2_x1_0,0.007342,68,onnxrt_cuda,60,ok,0.03931
onnxruntime,99.994299,,onnx_node,Shape:/stage3/stage3.4/Shape_2_fence_before,0.001,0.001,0.001,shufflenet_v2_x1_0,3.1e-05,577,onnxrt_cuda,3,ok,0.0
onnxruntime,99.912656,,onnx_node,Shape:/stage3/stage3.4/Shape_2_kernel_time,0.035,0.020367,0.019,shufflenet_v2_x1_0,0.000628,296,onnxrt_cuda,60,ok,0.002057
onnxruntime,99.99433,,onnx_node,Gather:/stage3/stage3.4/Gather_2_fence_before,0.001,0.001,0.001,shufflenet_v2_x1_0,3.1e-05,578,onnxrt_cuda,3,ok,0.0
onnxruntime,99.870721,,onnx_node,Gather:/stage3/stage3.4/Gather_2_kernel_time,0.034,0.021417,0.02,shufflenet_v2_x1_0,0.00066,231,onnxrt_cuda,60,ok,0.001891
onnxruntime,99.830422,,onnx_node,Div:/stage3/stage3.4/Div_1_kernel_time,0.033,0.023533,0.022,shufflenet_v2_x1_0,0.000725,172,onnxrt_cuda,60,ok,0.001466
onnxruntime,99.99436,,onnx_node,Unsqueeze:/stage3/stage3.4/Unsqueeze_1_fence_before,0.001,0.001,0.001,shufflenet_v2_x1_0,3.1e-05,579,onnxrt_cuda,2,ok,0.0
onnxruntime,99.959016,,onnx_node,Unsqueeze:/stage3/stage3.4/Unsqueeze_1_kernel_time,0.041,0.01845,0.017,shufflenet_v2_x1_0,0.000569,373,onnxrt_cuda,60,ok,0.003024
onnxruntime,99.94254,,onnx_node,Gather:/stage3/stage3.4/Gather_4_kernel_time,0.026,0.01945,0.018,shufflenet_v2_x1_0,0.000599,345,onnxrt_cuda,60,ok,0.001189
onnxruntime,99.976648,,onnx_node,Unsqueeze:/stage3/stage3.4/Unsqueeze_3_kernel_time,0.023,0.017383,0.016,shufflenet_v2_x1_0,0.000536,405,onnxrt_cuda,60,ok,0.000896
onnxruntime,99.953814,,onnx_node,Gather:/stage3/stage3.4/Gather_3_kernel_time,0.024,0.019,0.018,shufflenet_v2_x1_0,0.000586,364,onnxrt_cuda,60,ok,0.000913
onnxruntime,99.981988,,onnx_node,Unsqueeze:/stage3/stage3.4/Unsqueeze_2_kernel_time,0.021,0.017283,0.016,shufflenet_v2_x1_0,0.000533,415,onnxrt_cuda,60,ok,0.000896
onnxruntime,99.925035,,onnx_node,Gather:/stage3/stage3.4/Gather_1_kernel_time,0.045,0.019833,0.018,shufflenet_v2_x1_0,0.000611,316,onnxrt_cuda,60,ok,0.003387
onnxruntime,99.977184,,onnx_node,Unsqueeze:/stage3/stage3.4/Unsqueeze_kernel_time,0.043,0.017383,0.016,shufflenet_v2_x1_0,0.000536,406,onnxrt_cuda,60,ok,0.003401
onnxruntime,99.994391,,onnx_node,Concat:/stage3/stage3.4/Concat_1_fence_before,0.001,0.001,0.001,shufflenet_v2_x1_0,3.1e-05,580,onnxrt_cuda,1,ok,0.0
onnxruntime,99.802665,,onnx_node,Concat:/stage3/stage3.4/Concat_1_kernel_time,0.038,0.028933,0.026,shufflenet_v2_x1_0,0.000892,136,onnxrt_cuda,60,ok,0.002294
onnxruntime,99.994422,,onnx_node,Reshape:/stage3/stage3.4/Reshape_fence_before,0.001,0.001,0.001,shufflenet_v2_x1_0,3.1e-05,581,onnxrt_cuda,1,ok,0.0
onnxruntime,99.88252,,onnx_node,Reshape:/stage3/stage3.4/Reshape_kernel_time,0.03,0.021167,0.019,shufflenet_v2_x1_0,0.000652,249,onnxrt_cuda,60,ok,0.001818
onnxruntime,99.994453,,onnx_node,Transpose:/stage3/stage3.4/Transpose_fence_before,0.001,0.001,0.001,shufflenet_v2_x1_0,3.1e-05,582,onnxrt_cuda,5,ok,0.0
onnxruntime,99.752267,,onnx_node,Transpose:/stage3/stage3.4/Transpose_kernel_time,0.261,0.076733,0.068,shufflenet_v2_x1_0,0.002365,105,onnxrt_cuda,60,ok,0.024497
onnxruntime,99.818616,,onnx_node,Concat:/stage3/stage3.4/Concat_2_kernel_time,0.036,0.024783,0.023,shufflenet_v2_x1_0,0.000764,156,onnxrt_cuda,60,ok,0.001684
onnxruntime,99.898047,,onnx_node,Reshape:/stage3/stage3.4/Reshape_1_kernel_time,0.028,0.0208,0.02,shufflenet_v2_x1_0,0.000641,273,onnxrt_cuda,60,ok,0.001222
onnxruntime,99.9485,,onnx_node,Shape:/stage3/stage3.5/Shape_kernel_time,0.043,0.019233,0.018,shufflenet_v2_x1_0,0.000593,355,onnxrt_cuda,60,ok,0.003211
onnxruntime,99.920743,,onnx_node,Gather:/stage3/stage3.5/Gather_kernel_time,0.024,0.02,0.019,shufflenet_v2_x1_0,0.000616,309,onnxrt_cuda,60,ok,0.000837
onnxruntime,99.994484,,onnx_node,Add:/stage3/stage3.5/Add_fence_before,0.001,0.001,0.001,shufflenet_v2_x1_0,3.1e-05,583,onnxrt_cuda,2,ok,0.0
onnxruntime,99.845245,,onnx_node,Add:/stage3/stage3.5/Add_kernel_time,0.035,0.022467,0.021,shufflenet_v2_x1_0,0.000692,193,onnxrt_cuda,60,ok,0.001848
onnxruntime,99.850033,,onnx_node,Div:/stage3/stage3.5/Div_kernel_time,0.047,0.022033,0.02,shufflenet_v2_x1_0,0.000679,200,onnxrt_cuda,60,ok,0.003531
onnxruntime,99.871379,,onnx_node,Mul:/stage3/stage3.5/Mul_1_kernel_time,0.026,0.021367,0.02,shufflenet_v2_x1_0,0.000658,232,onnxrt_cuda,60,ok,0.001414
onnxruntime,99.915785,,onnx_node,Mul:/stage3/stage3.5/Mul_kernel_time,0.025,0.020267,0.019,shufflenet_v2_x1_0,0.000625,301,onnxrt_cuda,60,ok,0.001014
onnxruntime,99.994515,,onnx_node,Slice:/stage3/stage3.5/Slice_1_fence_before,0.001,0.001,0.001,shufflenet_v2_x1_0,3.1e-05,584,onnxrt_cuda,5,ok,0.0
onnxruntime,99.742777,,onnx_node,Slice:/stage3/stage3.5/Slice_1_kernel_time,0.187,0.07735,0.069,shufflenet_v2_x1_0,0.002384,101,onnxrt_cuda,60,ok,0.014462
onnxruntime,99.994545,,onnx_node,FusedConv:/stage3/stage3.5/branch2/branch2.0/Conv_/stage3/stage3.5/branch2/branch2.2/Relu_fence_before,0.001,0.001,0.001,shufflenet_v2_x1_0,3.1e-05,585,onnxrt_cuda,14,ok,0.0
onnxruntime,99.034022,,onnx_node,FusedConv:/stage3/stage3.5/branch2/branch2.0/Conv_/stage3/stage3.5/branch2/branch2.2/Relu_kernel_time,27.915,0.635,0.153,shufflenet_v2_x1_0,0.019569,32,onnxrt_cuda,60,ok,3.55157
onnxruntime,99.994576,,onnx_node,FusedConv:/stage3/stage3.5/branch2/branch2.0/Conv_/stage3/stage3.5/branch2/branch2.2/Relu_fence_after,0.001,0.001,0.001,shufflenet_v2_x1_0,3.1e-05,586,onnxrt_cuda,1,ok,0.0
onnxruntime,99.994607,,onnx_node,Conv:/stage3/stage3.5/branch2/branch2.3/Conv_fence_before,0.001,0.001,0.001,shufflenet_v2_x1_0,3.1e-05,587,onnxrt_cuda,15,ok,0.0
onnxruntime,98.126904,,onnx_node,Conv:/stage3/stage3.5/branch2/branch2.3/Conv_kernel_time,128.328,2.281067,0.139,shufflenet_v2_x1_0,0.070296,10,onnxrt_cuda,60,ok,16.409914
onnxruntime,99.994638,,onnx_node,Conv:/stage3/stage3.5/branch2/branch2.3/Conv_fence_after,0.001,0.001,0.001,shufflenet_v2_x1_0,3.1e-05,588,onnxrt_cuda,1,ok,0.0
onnxruntime,99.994669,,onnx_node,FusedConv:/stage3/stage3.5/branch2/branch2.5/Conv_/stage3/stage3.5/branch2/branch2.7/Relu_fence_before,0.001,0.001,0.001,shufflenet_v2_x1_0,3.1e-05,589,onnxrt_cuda,10,ok,0.0
onnxruntime,99.206922,,onnx_node,FusedConv:/stage3/stage3.5/branch2/branch2.5/Conv_/stage3/stage3.5/branch2/branch2.7/Relu_kernel_time,28.014,0.61325,0.134,shufflenet_v2_x1_0,0.018899,41,onnxrt_cuda,60,ok,3.56729
onnxruntime,99.994699,,onnx_node,FusedConv:/stage3/stage3.5/branch2/branch2.5/Conv_/stage3/stage3.5/branch2/branch2.7/Relu_fence_after,0.001,0.001,0.001,shufflenet_v2_x1_0,3.1e-05,590,onnxrt_cuda,1,ok,0.0
onnxruntime,99.99473,,onnx_node,Slice:/stage3/stage3.5/Slice_fence_before,0.001,0.001,0.001,shufflenet_v2_x1_0,3.1e-05,591,onnxrt_cuda,3,ok,0.0
onnxruntime,99.698962,,onnx_node,Slice:/stage3/stage3.5/Slice_kernel_time,0.194,0.080967,0.074,shufflenet_v2_x1_0,0.002495,83,onnxrt_cuda,60,ok,0.017268
onnxruntime,99.994761,,onnx_node,Concat:/stage3/stage3.5/Concat_fence_before,0.001,0.001,0.001,shufflenet_v2_x1_0,3.1e-05,592,onnxrt_cuda,7,ok,0.0
onnxruntime,99.610014,,onnx_node,Concat:/stage3/stage3.5/Concat_kernel_time,0.523,0.239533,0.223,shufflenet_v2_x1_0,0.007382,67,onnxrt_cuda,60,ok,0.038233
onnxruntime,99.994792,,onnx_node,Shape:/stage3/stage3.5/Shape_2_fence_before,0.001,0.001,0.001,shufflenet_v2_x1_0,3.1e-05,593,onnxrt_cuda,3,ok,0.0
onnxruntime,99.905069,,onnx_node,Shape:/stage3/stage3.5/Shape_2_kernel_time,0.044,0.02065,0.019,shufflenet_v2_x1_0,0.000636,284,onnxrt_cuda,60,ok,0.003582
onnxruntime,99.994823,,onnx_node,Gather:/stage3/stage3.5/Gather_2_fence_before,0.001,0.001,0.001,shufflenet_v2_x1_0,3.1e-05,594,onnxrt_cuda,2,ok,0.0
onnxruntime,99.881215,,onnx_node,Gather:/stage3/stage3.5/Gather_2_kernel_time,0.038,0.021183,0.02,shufflenet_v2_x1_0,0.000653,247,onnxrt_cuda,60,ok,0.002327
onnxruntime,99.994854,,onnx_node,Div:/stage3/stage3.5/Div_1_fence_before,0.001,0.001,0.001,shufflenet_v2_x1_0,3.1e-05,595,onnxrt_cuda,1,ok,0.0
onnxruntime,99.829697,,onnx_node,Div:/stage3/stage3.5/Div_1_kernel_time,0.034,0.0236,0.022,shufflenet_v2_x1_0,0.000727,171,onnxrt_cuda,60,ok,0.001541
onnxruntime,99.994884,,onnx_node,Unsqueeze:/stage3/stage3.5/Unsqueeze_1_fence_before,0.001,0.001,0.001,shufflenet_v2_x1_0,3.1e-05,596,onnxrt_cuda,3,ok,0.0
onnxruntime,99.965206,,onnx_node,Unsqueeze:/stage3/stage3.5/Unsqueeze_1_kernel_time,0.023,0.018133,0.017,shufflenet_v2_x1_0,0.000559,384,onnxrt_cuda,60,ok,0.000741
onnxruntime,99.947313,,onnx_node,Gather:/stage3/stage3.5/Gather_4_kernel_time,0.026,0.0193,0.018,shufflenet_v2_x1_0,0.000595,353,onnxrt_cuda,60,ok,0.001021
onnxruntime,99.97396,,onnx_node,Unsqueeze:/stage3/stage3.5/Unsqueeze_3_kernel_time,0.021,0.01755,0.017,shufflenet_v2_x1_0,0.000541,400,onnxrt_cuda,60,ok,0.000693
onnxruntime,99.933523,,onnx_node,Gather:/stage3/stage3.5/Gather_3_kernel_time,0.045,0.0196,0.018,shufflenet_v2_x1_0,0.000604,330,onnxrt_cuda,60,ok,0.003402
onnxruntime,99.98305,,onnx_node,Unsqueeze:/stage3/stage3.5/Unsqueeze_2_kernel_time,0.02,0.017233,0.016,shufflenet_v2_x1_0,0.000531,417,onnxrt_cuda,60,ok,0.000642
onnxruntime,99.937137,,onnx_node,Gather:/stage3/stage3.5/Gather_1_kernel_time,0.025,0.019517,0.018,shufflenet_v2_x1_0,0.000601,336,onnxrt_cuda,60,ok,0.00094
onnxruntime,99.986224,,onnx_node,Unsqueeze:/stage3/stage3.5/Unsqueeze_kernel_time,0.02,0.017133,0.016,shufflenet_v2_x1_0,0.000528,423,onnxrt_cuda,60,ok,0.000562
onnxruntime,99.994915,,onnx_node,Concat:/stage3/stage3.5/Concat_1_fence_before,0.001,0.001,0.001,shufflenet_v2_x1_0,3.1e-05,597,onnxrt_cuda,2,ok,0.0
onnxruntime,99.80088,,onnx_node,Concat:/stage3/stage3.5/Concat_1_kernel_time,0.038,0.029,0.027,shufflenet_v2_x1_0,0.000894,134,onnxrt_cuda,60,ok,0.002129
onnxruntime,99.994946,,onnx_node,Reshape:/stage3/stage3.5/Reshape_fence_before,0.001,0.001,0.001,shufflenet_v2_x1_0,3.1e-05,598,onnxrt_cuda,2,ok,0.0
onnxruntime,99.896122,,onnx_node,Reshape:/stage3/stage3.5/Reshape_kernel_time,0.027,0.02085,0.02,shufflenet_v2_x1_0,0.000643,270,onnxrt_cuda,60,ok,0.001152
onnxruntime,99.994977,,onnx_node,Transpose:/stage3/stage3.5/Transpose_fence_before,0.001,0.001,0.001,shufflenet_v2_x1_0,3.1e-05,599,onnxrt_cuda,3,ok,0.0
onnxruntime,99.77758,,onnx_node,Transpose:/stage3/stage3.5/Transpose_kernel_time,0.193,0.073383,0.066,shufflenet_v2_x1_0,0.002261,116,onnxrt_cuda,60,ok,0.016224
onnxruntime,99.815546,,onnx_node,Concat:/stage3/stage3.5/Concat_2_kernel_time,0.046,0.024983,0.023,shufflenet_v2_x1_0,0.00077,152,onnxrt_cuda,60,ok,0.003079
onnxruntime,99.852738,,onnx_node,Reshape:/stage3/stage3.5/Reshape_1_kernel_time,0.047,0.021883,0.02,shufflenet_v2_x1_0,0.000674,204,onnxrt_cuda,60,ok,0.004605
onnxruntime,99.952052,,onnx_node,Shape:/stage3/stage3.6/Shape_kernel_time,0.029,0.019167,0.018,shufflenet_v2_x1_0,0.000591,361,onnxrt_cuda,60,ok,0.001428
onnxruntime,99.930499,,onnx_node,Gather:/stage3/stage3.6/Gather_kernel_time,0.023,0.01965,0.018,shufflenet_v2_x1_0,0.000606,325,onnxrt_cuda,60,ok,0.000928
onnxruntime,99.995008,,onnx_node,Add:/stage3/stage3.6/Add_fence_before,0.001,0.001,0.001,shufflenet_v2_x1_0,3.1e-05,600,onnxrt_cuda,4,ok,0.0
onnxruntime,99.843165,,onnx_node,Add:/stage3/stage3.6/Add_kernel_time,0.028,0.022567,0.021,shufflenet_v2_x1_0,0.000695,190,onnxrt_cuda,60,ok,0.001116
onnxruntime,99.849354,,onnx_node,Div:/stage3/stage3.6/Div_kernel_time,0.048,0.022083,0.02,shufflenet_v2_x1_0,0.000681,199,onnxrt_cuda,60,ok,0.004318
onnxruntime,99.864097,,onnx_node,Mul:/stage3/stage3.6/Mul_1_kernel_time,0.059,0.021567,0.02,shufflenet_v2_x1_0,0.000665,221,onnxrt_cuda,60,ok,0.005058
onnxruntime,99.904433,,onnx_node,Mul:/stage3/stage3.6/Mul_kernel_time,0.047,0.020683,0.019,shufflenet_v2_x1_0,0.000637,283,onnxrt_cuda,60,ok,0.003797
onnxruntime,99.995038,,onnx_node,Slice:/stage3/stage3.6/Slice_1_fence_before,0.001,0.001,0.001,shufflenet_v2_x1_0,3.1e-05,601,onnxrt_cuda,5,ok,0.0
onnxruntime,99.737993,,onnx_node,Slice:/stage3/stage3.6/Slice_1_kernel_time,0.177,0.07805,0.07,shufflenet_v2_x1_0,0.002405,99,onnxrt_cuda,60,ok,0.014825
onnxruntime,99.995069,,onnx_node,FusedConv:/stage3/stage3.6/branch2/branch2.0/Conv_/stage3/stage3.6/branch2/branch2.2/Relu_fence_before,0.001,0.001,0.001,shufflenet_v2_x1_0,3.1e-05,602,onnxrt_cuda,24,ok,0.0
onnxruntime,98.935661,,onnx_node,FusedConv:/stage3/stage3.6/branch2/branch2.0/Conv_/stage3/stage3.6/branch2/branch2.2/Relu_kernel_time,28.001,0.646967,0.16,shufflenet_v2_x1_0,0.019938,27,onnxrt_cuda,60,ok,3.561229
onnxruntime,99.9951,,onnx_node,FusedConv:/stage3/stage3.6/branch2/branch2.0/Conv_/stage3/stage3.6/branch2/branch2.2/Relu_fence_after,0.001,0.001,0.001,shufflenet_v2_x1_0,3.1e-05,603,onnxrt_cuda,1,ok,0.0
onnxruntime,99.995131,,onnx_node,Conv:/stage3/stage3.6/branch2/branch2.3/Conv_fence_before,0.001,0.001,0.001,shufflenet_v2_x1_0,3.1e-05,604,onnxrt_cuda,11,ok,0.0
onnxruntime,98.455402,,onnx_node,Conv:/stage3/stage3.6/branch2/branch2.3/Conv_kernel_time,106.06,1.91185,0.139,shufflenet_v2_x1_0,0.058918,15,onnxrt_cuda,60,ok,13.558938
onnxruntime,99.995162,,onnx_node,Conv:/stage3/stage3.6/branch2/branch2.3/Conv_fence_after,0.001,0.001,0.001,shufflenet_v2_x1_0,3.1e-05,605,onnxrt_cuda,1,ok,0.0
onnxruntime,99.995193,,onnx_node,FusedConv:/stage3/stage3.6/branch2/branch2.5/Conv_/stage3/stage3.6/branch2/branch2.7/Relu_fence_before,0.001,0.001,0.001,shufflenet_v2_x1_0,3.1e-05,606,onnxrt_cuda,3,ok,0.0
onnxruntime,99.413026,,onnx_node,FusedConv:/stage3/stage3.6/branch2/branch2.5/Conv_/stage3/stage3.6/branch2/branch2.7/Relu_kernel_time,27.735,0.6029,0.135,shufflenet_v2_x1_0,0.01858,52,onnxrt_cuda,60,ok,3.532305
onnxruntime,99.995223,,onnx_node,FusedConv:/stage3/stage3.6/branch2/branch2.5/Conv_/stage3/stage3.6/branch2/branch2.7/Relu_fence_after,0.001,0.001,0.001,shufflenet_v2_x1_0,3.1e-05,607,onnxrt_cuda,1,ok,0.0
onnxruntime,99.995254,,onnx_node,Slice:/stage3/stage3.6/Slice_fence_before,0.001,0.001,0.001,shufflenet_v2_x1_0,3.1e-05,608,onnxrt_cuda,3,ok,0.0
onnxruntime,99.740394,,onnx_node,Slice:/stage3/stage3.6/Slice_kernel_time,0.144,0.0779,0.073,shufflenet_v2_x1_0,0.002401,100,onnxrt_cuda,60,ok,0.009615
onnxruntime,99.995285,,onnx_node,Concat:/stage3/stage3.6/Concat_fence_before,0.001,0.001,0.001,shufflenet_v2_x1_0,3.1e-05,609,onnxrt_cuda,8,ok,0.0
onnxruntime,99.675408,,onnx_node,Concat:/stage3/stage3.6/Concat_kernel_time,0.352,0.233283,0.222,shufflenet_v2_x1_0,0.007189,76,onnxrt_cuda,60,ok,0.01778
onnxruntime,99.995316,,onnx_node,Shape:/stage3/stage3.6/Shape_2_fence_before,0.001,0.001,0.001,shufflenet_v2_x1_0,3.1e-05,610,onnxrt_cuda,1,ok,0.0
onnxruntime,99.914535,,onnx_node,Shape:/stage3/stage3.6/Shape_2_kernel_time,0.033,0.020283,0.019,shufflenet_v2_x1_0,0.000625,299,onnxrt_cuda,60,ok,0.00178
onnxruntime,99.995347,,onnx_node,Gather:/stage3/stage3.6/Gather_2_fence_before,0.001,0.001,0.001,shufflenet_v2_x1_0,3.1e-05,611,onnxrt_cuda,3,ok,0.0
onnxruntime,99.868076,,onnx_node,Gather:/stage3/stage3.6/Gather_2_kernel_time,0.049,0.0215,0.02,shufflenet_v2_x1_0,0.000663,227,onnxrt_cuda,60,ok,0.003964
onnxruntime,99.995377,,onnx_node,Div:/stage3/stage3.6/Div_1_fence_before,0.001,0.001,0.001,shufflenet_v2_x1_0,3.1e-05,612,onnxrt_cuda,2,ok,0.0
onnxruntime,99.833304,,onnx_node,Div:/stage3/stage3.6/Div_1_kernel_time,0.035,0.02325,0.022,shufflenet_v2_x1_0,0.000716,176,onnxrt_cuda,60,ok,0.001689
onnxruntime,99.995408,,onnx_node,Unsqueeze:/stage3/stage3.6/Unsqueeze_1_fence_before,0.001,0.001,0.001,shufflenet_v2_x1_0,3.1e-05,613,onnxrt_cuda,12,ok,0.0
onnxruntime,99.962969,,onnx_node,Unsqueeze:/stage3/stage3.6/Unsqueeze_1_kernel_time,0.023,0.018217,0.017,shufflenet_v2_x1_0,0.000561,380,onnxrt_cuda,60,ok,0.000933
onnxruntime,99.947908,,onnx_node,Gather:/stage3/stage3.6/Gather_4_kernel_time,0.025,0.0193,0.018,shufflenet_v2_x1_0,0.000595,354,onnxrt_cuda,60,ok,0.001038
onnxruntime,99.968519,,onnx_node,Unsqueeze:/stage3/stage3.6/Unsqueeze_3_kernel_time,0.045,0.017817,0.016,shufflenet_v2_x1_0,0.000549,390,onnxrt_cuda,60,ok,0.003599
onnxruntime,99.934126,,onnx_node,Gather:/stage3/stage3.6/Gather_3_kernel_time,0.045,0.019583,0.018,shufflenet_v2_x1_0,0.000603,331,onnxrt_cuda,60,ok,0.003451
onnxruntime,99.986752,,onnx_node,Unsqueeze:/stage3/stage3.6/Unsqueeze_2_kernel_time,0.019,0.017117,0.016,shufflenet_v2_x1_0,0.000527,424,onnxrt_cuda,60,ok,0.00058
onnxruntime,99.929288,,onnx_node,Gather:/stage3/stage3.6/Gather_1_kernel_time,0.03,0.019667,0.019,shufflenet_v2_x1_0,0.000606,323,onnxrt_cuda,60,ok,0.001457
onnxruntime,99.970706,,onnx_node,Unsqueeze:/stage3/stage3.6/Unsqueeze_kernel_time,0.044,0.01765,0.016,shufflenet_v2_x1_0,0.000544,394,onnxrt_cuda,60,ok,0.003482
onnxruntime,99.803551,,onnx_node,Concat:/stage3/stage3.6/Concat_1_kernel_time,0.037,0.02875,0.027,shufflenet_v2_x1_0,0.000886,137,onnxrt_cuda,60,ok,0.001867
onnxruntime,99.888374,,onnx_node,Reshape:/stage3/stage3.6/Reshape_kernel_time,0.029,0.02105,0.02,shufflenet_v2_x1_0,0.000649,258,onnxrt_cuda,60,ok,0.001231
onnxruntime,99.782059,,onnx_node,Transpose:/stage3/stage3.6/Transpose_kernel_time,0.13,0.0725,0.066,shufflenet_v2_x1_0,0.002234,118,onnxrt_cuda,60,ok,0.009086
onnxruntime,99.995439,,onnx_node,Concat:/stage3/stage3.6/Concat_2_fence_before,0.001,0.001,0.001,shufflenet_v2_x1_0,3.1e-05,614,onnxrt_cuda,1,ok,0.0
onnxruntime,99.814776,,onnx_node,Concat:/stage3/stage3.6/Concat_2_kernel_time,0.032,0.025,0.023,shufflenet_v2_x1_0,0.00077,151,onnxrt_cuda,60,ok,0.001414
onnxruntime,99.872037,,onnx_node,Reshape:/stage3/stage3.6/Reshape_1_kernel_time,0.047,0.02135,0.019,shufflenet_v2_x1_0,0.000658,233,onnxrt_cuda,60,ok,0.004746
onnxruntime,99.956724,,onnx_node,Shape:/stage3/stage3.7/Shape_kernel_time,0.029,0.018783,0.017,shufflenet_v2_x1_0,0.000579,369,onnxrt_cuda,60,ok,0.001495
onnxruntime,99.855429,,onnx_node,Gather:/stage3/stage3.7/Gather_kernel_time,0.047,0.0218,0.019,shufflenet_v2_x1_0,0.000672,208,onnxrt_cuda,60,ok,0.005703
onnxruntime,99.838282,,onnx_node,Add:/stage3/stage3.7/Add_kernel_time,0.047,0.022883,0.02,shufflenet_v2_x1_0,0.000705,183,onnxrt_cuda,60,ok,0.003512
onnxruntime,99.883824,,onnx_node,Div:/stage3/stage3.7/Div_kernel_time,0.026,0.02115,0.02,shufflenet_v2_x1_0,0.000652,251,onnxrt_cuda,60,ok,0.001249
onnxruntime,99.876638,,onnx_node,Mul:/stage3/stage3.7/Mul_1_kernel_time,0.047,0.021283,0.019,shufflenet_v2_x1_0,0.000656,240,onnxrt_cuda,60,ok,0.003583
onnxruntime,99.907608,,onnx_node,Mul:/stage3/stage3.7/Mul_kernel_time,0.033,0.020583,0.019,shufflenet_v2_x1_0,0.000634,288,onnxrt_cuda,60,ok,0.002139
onnxruntime,99.759271,,onnx_node,Slice:/stage3/stage3.7/Slice_1_kernel_time,0.13,0.075367,0.071,shufflenet_v2_x1_0,0.002323,108,onnxrt_cuda,60,ok,0.007497
onnxruntime,99.99547,,onnx_node,FusedConv:/stage3/stage3.7/branch2/branch2.0/Conv_/stage3/stage3.7/branch2/branch2.2/Relu_fence_before,0.001,0.001,0.001,shufflenet_v2_x1_0,3.1e-05,615,onnxrt_cuda,23,ok,0.0
onnxruntime,99.073037,,onnx_node,FusedConv:/stage3/stage3.7/branch2/branch2.0/Conv_/stage3/stage3.7/branch2/branch2.2/Relu_kernel_time,27.832,0.63195,0.153,shufflenet_v2_x1_0,0.019475,34,onnxrt_cuda,60,ok,3.541162
onnxruntime,99.995501,,onnx_node,FusedConv:/stage3/stage3.7/branch2/branch2.0/Conv_/stage3/stage3.7/branch2/branch2.2/Relu_fence_after,0.001,0.001,0.001,shufflenet_v2_x1_0,3.1e-05,616,onnxrt_cuda,1,ok,0.0
onnxruntime,99.995532,,onnx_node,Conv:/stage3/stage3.7/branch2/branch2.3/Conv_fence_before,0.001,0.001,0.001,shufflenet_v2_x1_0,3.1e-05,617,onnxrt_cuda,5,ok,0.0
onnxruntime,98.396484,,onnx_node,Conv:/stage3/stage3.7/branch2/branch2.3/Conv_kernel_time,106.145,1.9134,0.141,shufflenet_v2_x1_0,0.058965,14,onnxrt_cuda,60,ok,13.5698
onnxruntime,99.995562,,onnx_node,Conv:/stage3/stage3.7/branch2/branch2.3/Conv_fence_after,0.001,0.001,0.001,shufflenet_v2_x1_0,3.1e-05,618,onnxrt_cuda,1,ok,0.0
onnxruntime,99.995593,,onnx_node,FusedConv:/stage3/stage3.7/branch2/branch2.5/Conv_/stage3/stage3.7/branch2/branch2.7/Relu_fence_before,0.001,0.001,0.001,shufflenet_v2_x1_0,3.1e-05,619,onnxrt_cuda,16,ok,0.0
onnxruntime,99.43156,,onnx_node,FusedConv:/stage3/stage3.7/branch2/branch2.5/Conv_/stage3/stage3.7/branch2/branch2.7/Relu_kernel_time,27.747,0.601417,0.131,shufflenet_v2_x1_0,0.018534,53,onnxrt_cuda,60,ok,3.534062
onnxruntime,99.995624,,onnx_node,FusedConv:/stage3/stage3.7/branch2/branch2.5/Conv_/stage3/stage3.7/branch2/branch2.7/Relu_fence_after,0.001,0.001,0.001,shufflenet_v2_x1_0,3.1e-05,620,onnxrt_cuda,2,ok,0.0
onnxruntime,99.995655,,onnx_node,Slice:/stage3/stage3.7/Slice_fence_before,0.001,0.001,0.001,shufflenet_v2_x1_0,3.1e-05,621,onnxrt_cuda,1,ok,0.0
onnxruntime,99.747535,,onnx_node,Slice:/stage3/stage3.7/Slice_kernel_time,0.148,0.0771,0.073,shufflenet_v2_x1_0,0.002376,103,onnxrt_cuda,60,ok,0.0095
onnxruntime,99.995686,,onnx_node,Slice:/stage3/stage3.7/Slice_fence_after,0.001,0.001,0.001,shufflenet_v2_x1_0,3.1e-05,622,onnxrt_cuda,1,ok,0.0
onnxruntime,99.995716,,onnx_node,Concat:/stage3/stage3.7/Concat_fence_before,0.001,0.001,0.001,shufflenet_v2_x1_0,3.1e-05,623,onnxrt_cuda,19,ok,0.0
onnxruntime,99.668219,,onnx_node,Concat:/stage3/stage3.7/Concat_kernel_time,0.36,0.23465,0.221,shufflenet_v2_x1_0,0.007231,75,onnxrt_cuda,60,ok,0.019272
onnxruntime,99.897406,,onnx_node,Shape:/stage3/stage3.7/Shape_2_kernel_time,0.043,0.020817,0.019,shufflenet_v2_x1_0,0.000642,272,onnxrt_cuda,60,ok,0.003379
onnxruntime,99.995747,,onnx_node,Gather:/stage3/stage3.7/Gather_2_fence_before,0.001,0.001,0.001,shufflenet_v2_x1_0,3.1e-05,624,onnxrt_cuda,4,ok,0.0
onnxruntime,99.881868,,onnx_node,Gather:/stage3/stage3.7/Gather_2_kernel_time,0.033,0.021183,0.02,shufflenet_v2_x1_0,0.000653,248,onnxrt_cuda,60,ok,0.001698
onnxruntime,99.995778,,onnx_node,Div:/stage3/stage3.7/Div_1_fence_before,0.001,0.001,0.001,shufflenet_v2_x1_0,3.1e-05,625,onnxrt_cuda,1,ok,0.0
onnxruntime,99.831867,,onnx_node,Div:/stage3/stage3.7/Div_1_kernel_time,0.035,0.023367,0.022,shufflenet_v2_x1_0,0.00072,174,onnxrt_cuda,60,ok,0.001732
onnxruntime,99.995809,,onnx_node,Unsqueeze:/stage3/stage3.7/Unsqueeze_1_fence_before,0.001,0.001,0.001,shufflenet_v2_x1_0,3.1e-05,626,onnxrt_cuda,2,ok,0.0
onnxruntime,99.959584,,onnx_node,Unsqueeze:/stage3/stage3.7/Unsqueeze_1_kernel_time,0.044,0.01845,0.017,shufflenet_v2_x1_0,0.000569,374,onnxrt_cuda,60,ok,0.003393
onnxruntime,99.944931,,onnx_node,Gather:/stage3/stage3.7/Gather_4_kernel_time,0.029,0.019383,0.018,shufflenet_v2_x1_0,0.000597,349,onnxrt_cuda,60,ok,0.001415
onnxruntime,99.96797,,onnx_node,Unsqueeze:/stage3/stage3.7/Unsqueeze_3_kernel_time,0.042,0.017833,0.017,shufflenet_v2_x1_0,0.00055,389,onnxrt_cuda,60,ok,0.003215
onnxruntime,99.946123,,onnx_node,Gather:/stage3/stage3.7/Gather_3_kernel_time,0.025,0.019333,0.018,shufflenet_v2_x1_0,0.000596,351,onnxrt_cuda,60,ok,0.000978
onnxruntime,99.979322,,onnx_node,Unsqueeze:/stage3/stage3.7/Unsqueeze_2_kernel_time,0.021,0.017333,0.017,shufflenet_v2_x1_0,0.000534,410,onnxrt_cuda,60,ok,0.000699
onnxruntime,99.937738,,onnx_node,Gather:/stage3/stage3.7/Gather_1_kernel_time,0.04,0.019517,0.018,shufflenet_v2_x1_0,0.000601,337,onnxrt_cuda,60,ok,0.002723
onnxruntime,99.985168,,onnx_node,Unsqueeze:/stage3/stage3.7/Unsqueeze_kernel_time,0.02,0.01715,0.016,shufflenet_v2_x1_0,0.000529,421,onnxrt_cuda,60,ok,0.000654
onnxruntime,99.804433,,onnx_node,Concat:/stage3/stage3.7/Concat_1_kernel_time,0.035,0.028617,0.026,shufflenet_v2_x1_0,0.000882,138,onnxrt_cuda,60,ok,0.00155
onnxruntime,99.872695,,onnx_node,Reshape:/stage3/stage3.7/Reshape_kernel_time,0.029,0.02135,0.02,shufflenet_v2_x1_0,0.000658,234,onnxrt_cuda,60,ok,0.001504
onnxruntime,99.784283,,onnx_node,Transpose:/stage3/stage3.7/Transpose_kernel_time,0.132,0.072183,0.065,shufflenet_v2_x1_0,0.002224,119,onnxrt_cuda,60,ok,0.008584
onnxruntime,99.820125,,onnx_node,Concat:/stage3/stage3.7/Concat_2_kernel_time,0.029,0.024433,0.023,shufflenet_v2_x1_0,0.000753,158,onnxrt_cuda,60,ok,0.000955
onnxruntime,99.91077,,onnx_node,Reshape:/stage3/stage3.7/Reshape_1_kernel_time,0.027,0.02045,0.019,shufflenet_v2_x1_0,0.00063,293,onnxrt_cuda,60,ok,0.001087
onnxruntime,99.99584,,onnx_node,Conv:/stage4/stage4.0/branch1/branch1.0/Conv_fence_before,0.001,0.001,0.001,shufflenet_v2_x1_0,3.1e-05,627,onnxrt_cuda,3,ok,0.0
onnxruntime,98.62019,,onnx_node,Conv:/stage4/stage4.0/branch1/branch1.0/Conv_kernel_time,94.547,1.72385,0.142,shufflenet_v2_x1_0,0.053124,18,onnxrt_cuda,60,ok,12.084547
onnxruntime,99.995871,,onnx_node,Conv:/stage4/stage4.0/branch1/branch1.0/Conv_fence_after,0.001,0.001,0.001,shufflenet_v2_x1_0,3.1e-05,628,onnxrt_cuda,1,ok,0.0
onnxruntime,99.995901,,onnx_node,FusedConv:/stage4/stage4.0/branch1/branch1.2/Conv_/stage4/stage4.0/branch1/branch1.4/Relu_fence_before,0.001,0.001,0.001,shufflenet_v2_x1_0,3.1e-05,629,onnxrt_cuda,13,ok,0.0
onnxruntime,99.244615,,onnx_node,FusedConv:/stage4/stage4.0/branch1/branch1.2/Conv_/stage4/stage4.0/branch1/branch1.4/Relu_kernel_time,26.658,0.610867,0.15,shufflenet_v2_x1_0,0.018825,43,onnxrt_cuda,60,ok,3.391071
onnxruntime,99.995932,,onnx_node,FusedConv:/stage4/stage4.0/branch1/branch1.2/Conv_/stage4/stage4.0/branch1/branch1.4/Relu_fence_after,0.001,0.001,0.001,shufflenet_v2_x1_0,3.1e-05,630,onnxrt_cuda,2,ok,0.0
onnxruntime,99.995963,,onnx_node,FusedConv:/stage4/stage4.0/branch2/branch2.0/Conv_/stage4/stage4.0/branch2/branch2.2/Relu_fence_before,0.001,0.001,0.001,shufflenet_v2_x1_0,3.1e-05,631,onnxrt_cuda,12,ok,0.0
onnxruntime,99.375867,,onnx_node,FusedConv:/stage4/stage4.0/branch2/branch2.0/Conv_/stage4/stage4.0/branch2/branch2.2/Relu_kernel_time,27.444,0.604967,0.14,shufflenet_v2_x1_0,0.018643,50,onnxrt_cuda,60,ok,3.494163
onnxruntime,99.995994,,onnx_node,FusedConv:/stage4/stage4.0/branch2/branch2.0/Conv_/stage4/stage4.0/branch2/branch2.2/Relu_fence_after,0.001,0.001,0.001,shufflenet_v2_x1_0,3.1e-05,632,onnxrt_cuda,1,ok,0.0
onnxruntime,99.996025,,onnx_node,Conv:/stage4/stage4.0/branch2/branch2.3/Conv_fence_before,0.001,0.001,0.001,shufflenet_v2_x1_0,3.1e-05,633,onnxrt_cuda,1,ok,0.0
onnxruntime,98.672871,,onnx_node,Conv:/stage4/stage4.0/branch2/branch2.3/Conv_kernel_time,94.667,1.709467,0.128,shufflenet_v2_x1_0,0.052681,19,onnxrt_cuda,60,ok,12.102041
onnxruntime,99.996055,,onnx_node,Conv:/stage4/stage4.0/branch2/branch2.3/Conv_fence_after,0.001,0.001,0.001,shufflenet_v2_x1_0,3.1e-05,634,onnxrt_cuda,1,ok,0.0
onnxruntime,99.996086,,onnx_node,FusedConv:/stage4/stage4.0/branch2/branch2.5/Conv_/stage4/stage4.0/branch2/branch2.7/Relu_fence_before,0.001,0.001,0.001,shufflenet_v2_x1_0,3.1e-05,635,onnxrt_cuda,24,ok,0.0
onnxruntime,99.521575,,onnx_node,FusedConv:/stage4/stage4.0/branch2/branch2.5/Conv_/stage4/stage4.0/branch2/branch2.7/Relu_kernel_time,26.601,0.576483,0.127,shufflenet_v2_x1_0,0.017766,58,onnxrt_cuda,60,ok,3.388109
onnxruntime,99.996117,,onnx_node,FusedConv:/stage4/stage4.0/branch2/branch2.5/Conv_/stage4/stage4.0/branch2/branch2.7/Relu_fence_after,0.001,0.001,0.001,shufflenet_v2_x1_0,3.1e-05,636,onnxrt_cuda,1,ok,0.0
onnxruntime,99.996148,,onnx_node,Concat:/stage4/stage4.0/Concat_fence_before,0.001,0.001,0.001,shufflenet_v2_x1_0,3.1e-05,637,onnxrt_cuda,14,ok,0.0
onnxruntime,99.653747,,onnx_node,Concat:/stage4/stage4.0/Concat_kernel_time,0.389,0.23525,0.221,shufflenet_v2_x1_0,0.00725,73,onnxrt_cuda,60,ok,0.022572
onnxruntime,99.996179,,onnx_node,Shape:/stage4/stage4.0/Shape_1_fence_before,0.001,0.001,0.001,shufflenet_v2_x1_0,3.1e-05,638,onnxrt_cuda,4,ok,0.0
onnxruntime,99.908242,,onnx_node,Shape:/stage4/stage4.0/Shape_1_kernel_time,0.044,0.020567,0.019,shufflenet_v2_x1_0,0.000634,289,onnxrt_cuda,60,ok,0.003743
onnxruntime,99.99621,,onnx_node,Gather:/stage4/stage4.0/Gather_1_fence_before,0.001,0.001,0.001,shufflenet_v2_x1_0,3.1e-05,639,onnxrt_cuda,3,ok,0.0
onnxruntime,99.873353,,onnx_node,Gather:/stage4/stage4.0/Gather_1_kernel_time,0.035,0.02135,0.02,shufflenet_v2_x1_0,0.000658,235,onnxrt_cuda,60,ok,0.001956
onnxruntime,99.99624,,onnx_node,Div:/stage4/stage4.0/Div_fence_before,0.001,0.001,0.001,shufflenet_v2_x1_0,3.1e-05,640,onnxrt_cuda,1,ok,0.0
onnxruntime,99.835448,,onnx_node,Div:/stage4/stage4.0/Div_kernel_time,0.034,0.023167,0.022,shufflenet_v2_x1_0,0.000714,179,onnxrt_cuda,60,ok,0.001593
onnxruntime,99.996271,,onnx_node,Unsqueeze:/stage4/stage4.0/Unsqueeze_1_fence_before,0.001,0.001,0.001,shufflenet_v2_x1_0,3.1e-05,641,onnxrt_cuda,4,ok,0.0
onnxruntime,99.964088,,onnx_node,Unsqueeze:/stage4/stage4.0/Unsqueeze_1_kernel_time,0.022,0.018167,0.017,shufflenet_v2_x1_0,0.00056,382,onnxrt_cuda,60,ok,0.000662
onnxruntime,99.934729,,onnx_node,Gather:/stage4/stage4.0/Gather_3_kernel_time,0.026,0.01955,0.018,shufflenet_v2_x1_0,0.000602,332,onnxrt_cuda,60,ok,0.001175
onnxruntime,99.98464,,onnx_node,Unsqueeze:/stage4/stage4.0/Unsqueeze_3_kernel_time,0.02,0.017183,0.016,shufflenet_v2_x1_0,0.00053,420,onnxrt_cuda,60,ok,0.000671
onnxruntime,99.935331,,onnx_node,Gather:/stage4/stage4.0/Gather_2_kernel_time,0.03,0.01955,0.018,shufflenet_v2_x1_0,0.000602,333,onnxrt_cuda,60,ok,0.001465
onnxruntime,99.976113,,onnx_node,Unsqueeze:/stage4/stage4.0/Unsqueeze_2_kernel_time,0.043,0.017417,0.016,shufflenet_v2_x1_0,0.000537,404,onnxrt_cuda,60,ok,0.003388
onnxruntime,99.940142,,onnx_node,Gather:/stage4/stage4.0/Gather_kernel_time,0.026,0.0195,0.018,shufflenet_v2_x1_0,0.000601,341,onnxrt_cuda,60,ok,0.001025
onnxruntime,99.988329,,onnx_node,Unsqueeze:/stage4/stage4.0/Unsqueeze_kernel_time,0.021,0.017017,0.016,shufflenet_v2_x1_0,0.000524,427,onnxrt_cuda,60,ok,0.000671
onnxruntime,99.801773,,onnx_node,Concat:/stage4/stage4.0/Concat_1_kernel_time,0.055,0.029,0.027,shufflenet_v2_x1_0,0.000894,135,onnxrt_cuda,60,ok,0.003638
onnxruntime,99.866751,,onnx_node,Reshape:/stage4/stage4.0/Reshape_kernel_time,0.045,0.021517,0.02,shufflenet_v2_x1_0,0.000663,225,onnxrt_cuda,60,ok,0.003334
onnxruntime,99.996302,,onnx_node,Transpose:/stage4/stage4.0/Transpose_fence_before,0.001,0.001,0.001,shufflenet_v2_x1_0,3.1e-05,642,onnxrt_cuda,1,ok,0.0
onnxruntime,99.768499,,onnx_node,Transpose:/stage4/stage4.0/Transpose_kernel_time,0.125,0.074667,0.069,shufflenet_v2_x1_0,0.002301,112,onnxrt_cuda,60,ok,0.007511
onnxruntime,99.817084,,onnx_node,Concat:/stage4/stage4.0/Concat_2_kernel_time,0.034,0.02495,0.023,shufflenet_v2_x1_0,0.000769,154,onnxrt_cuda,60,ok,0.001543
onnxruntime,99.996333,,onnx_node,Reshape:/stage4/stage4.0/Reshape_1_fence_before,0.001,0.001,0.001,shufflenet_v2_x1_0,3.1e-05,643,onnxrt_cuda,1,ok,0.0
onnxruntime,99.879257,,onnx_node,Reshape:/stage4/stage4.0/Reshape_1_kernel_time,0.047,0.021217,0.019,shufflenet_v2_x1_0,0.000654,244,onnxrt_cuda,60,ok,0.003493
onnxruntime,99.996364,,onnx_node,Shape:/stage4/stage4.1/Shape_fence_before,0.001,0.001,0.001,shufflenet_v2_x1_0,3.1e-05,644,onnxrt_cuda,1,ok,0.0
onnxruntime,99.949093,,onnx_node,Shape:/stage4/stage4.1/Shape_kernel_time,0.03,0.019233,0.018,shufflenet_v2_x1_0,0.000593,356,onnxrt_cuda,60,ok,0.001637
onnxruntime,99.918273,,onnx_node,Gather:/stage4/stage4.1/Gather_kernel_time,0.024,0.020167,0.019,shufflenet_v2_x1_0,0.000621,305,onnxrt_cuda,60,ok,0.000969
onnxruntime,99.996394,,onnx_node,Add:/stage4/stage4.1/Add_fence_before,0.001,0.001,0.001,shufflenet_v2_x1_0,3.1e-05,645,onnxrt_cuda,6,ok,0.0
onnxruntime,99.836868,,onnx_node,Add:/stage4/stage4.1/Add_kernel_time,0.029,0.023,0.021,shufflenet_v2_x1_0,0.000709,181,onnxrt_cuda,60,ok,0.001291
onnxruntime,99.860107,,onnx_node,Div:/stage4/stage4.1/Div_kernel_time,0.05,0.021633,0.02,shufflenet_v2_x1_0,0.000667,215,onnxrt_cuda,60,ok,0.003966
onnxruntime,99.85677,,onnx_node,Mul:/stage4/stage4.1/Mul_1_kernel_time,0.038,0.02175,0.02,shufflenet_v2_x1_0,0.00067,210,onnxrt_cuda,60,ok,0.003171
onnxruntime,99.9114,,onnx_node,Mul:/stage4/stage4.1/Mul_kernel_time,0.026,0.020433,0.019,shufflenet_v2_x1_0,0.00063,294,onnxrt_cuda,60,ok,0.001395
onnxruntime,99.989977,,onnx_node,Slice:/stage4/stage4.1/Slice_1_fence_before,0.002,0.001143,0.001,shufflenet_v2_x1_0,3.5e-05,437,onnxrt_cuda,7,ok,0.00035
onnxruntime,99.718631,,onnx_node,Slice:/stage4/stage4.1/Slice_1_kernel_time,0.17,0.07905,0.072,shufflenet_v2_x1_0,0.002436,91,onnxrt_cuda,60,ok,0.012158
onnxruntime,99.996425,,onnx_node,FusedConv:/stage4/stage4.1/branch2/branch2.0/Conv_/stage4/stage4.1/branch2/branch2.2/Relu_fence_before,0.001,0.001,0.001,shufflenet_v2_x1_0,3.1e-05,646,onnxrt_cuda,10,ok,0.0
onnxruntime,99.22579,,onnx_node,FusedConv:/stage4/stage4.1/branch2/branch2.0/Conv_/stage4/stage4.1/branch2/branch2.2/Relu_kernel_time,26.562,0.61225,0.153,shufflenet_v2_x1_0,0.018868,42,onnxrt_cuda,60,ok,3.378395
onnxruntime,99.996456,,onnx_node,FusedConv:/stage4/stage4.1/branch2/branch2.0/Conv_/stage4/stage4.1/branch2/branch2.2/Relu_fence_after,0.001,0.001,0.001,shufflenet_v2_x1_0,3.1e-05,647,onnxrt_cuda,2,ok,0.0
onnxruntime,99.996487,,onnx_node,Conv:/stage4/stage4.1/branch2/branch2.3/Conv_fence_before,0.001,0.001,0.001,shufflenet_v2_x1_0,3.1e-05,648,onnxrt_cuda,21,ok,0.0
onnxruntime,97.805197,,onnx_node,Conv:/stage4/stage4.1/branch2/branch2.3/Conv_kernel_time,166.091,2.914,0.14,shufflenet_v2_x1_0,0.089801,6,onnxrt_cuda,60,ok,21.243838
onnxruntime,99.996518,,onnx_node,Conv:/stage4/stage4.1/branch2/branch2.3/Conv_fence_after,0.001,0.001,0.001,shufflenet_v2_x1_0,3.1e-05,649,onnxrt_cuda,1,ok,0.0
onnxruntime,99.996548,,onnx_node,FusedConv:/stage4/stage4.1/branch2/branch2.5/Conv_/stage4/stage4.1/branch2/branch2.7/Relu_fence_before,0.001,0.001,0.001,shufflenet_v2_x1_0,3.1e-05,650,onnxrt_cuda,23,ok,0.0
onnxruntime,99.50381,,onnx_node,FusedConv:/stage4/stage4.1/branch2/branch2.5/Conv_/stage4/stage4.1/branch2/branch2.7/Relu_kernel_time,26.579,0.583467,0.134,shufflenet_v2_x1_0,0.017981,57,onnxrt_cuda,60,ok,3.384334
onnxruntime,99.996579,,onnx_node,FusedConv:/stage4/stage4.1/branch2/branch2.5/Conv_/stage4/stage4.1/branch2/branch2.7/Relu_fence_after,0.001,0.001,0.001,shufflenet_v2_x1_0,3.1e-05,651,onnxrt_cuda,2,ok,0.0
onnxruntime,99.99661,,onnx_node,Slice:/stage4/stage4.1/Slice_fence_before,0.001,0.001,0.001,shufflenet_v2_x1_0,3.1e-05,652,onnxrt_cuda,9,ok,0.0
onnxruntime,99.735588,,onnx_node,Slice:/stage4/stage4.1/Slice_kernel_time,0.148,0.078067,0.073,shufflenet_v2_x1_0,0.002406,98,onnxrt_cuda,60,ok,0.010248
onnxruntime,99.996641,,onnx_node,Concat:/stage4/stage4.1/Concat_fence_before,0.001,0.001,0.001,shufflenet_v2_x1_0,3.1e-05,653,onnxrt_cuda,3,ok,0.0
onnxruntime,99.631948,,onnx_node,Concat:/stage4/stage4.1/Concat_kernel_time,0.366,0.2366,0.227,shufflenet_v2_x1_0,0.007291,70,onnxrt_cuda,60,ok,0.018103
onnxruntime,99.996672,,onnx_node,Shape:/stage4/stage4.1/Shape_2_fence_before,0.001,0.001,0.001,shufflenet_v2_x1_0,3.1e-05,654,onnxrt_cuda,6,ok,0.0
onnxruntime,99.91703,,onnx_node,Shape:/stage4/stage4.1/Shape_2_kernel_time,0.034,0.020183,0.019,shufflenet_v2_x1_0,0.000622,303,onnxrt_cuda,60,ok,0.001928
onnxruntime,99.996703,,onnx_node,Gather:/stage4/stage4.1/Gather_2_fence_before,0.001,0.001,0.001,shufflenet_v2_x1_0,3.1e-05,655,onnxrt_cuda,3,ok,0.0
onnxruntime,99.877949,,onnx_node,Gather:/stage4/stage4.1/Gather_2_kernel_time,0.034,0.02125,0.02,shufflenet_v2_x1_0,0.000655,242,onnxrt_cuda,60,ok,0.001885
onnxruntime,99.996733,,onnx_node,Div:/stage4/stage4.1/Div_1_fence_before,0.001,0.001,0.001,shufflenet_v2_x1_0,3.1e-05,656,onnxrt_cuda,1,ok,0.0
onnxruntime,99.831147,,onnx_node,Div:/stage4/stage4.1/Div_1_kernel_time,0.034,0.023533,0.022,shufflenet_v2_x1_0,0.000725,173,onnxrt_cuda,60,ok,0.001678
onnxruntime,99.996764,,onnx_node,Unsqueeze:/stage4/stage4.1/Unsqueeze_1_fence_before,0.001,0.001,0.001,shufflenet_v2_x1_0,3.1e-05,657,onnxrt_cuda,4,ok,0.0
onnxruntime,99.962407,,onnx_node,Unsqueeze:/stage4/stage4.1/Unsqueeze_1_kernel_time,0.022,0.01825,0.017,shufflenet_v2_x1_0,0.000562,379,onnxrt_cuda,60,ok,0.000722
onnxruntime,99.922587,,onnx_node,Gather:/stage4/stage4.1/Gather_4_kernel_time,0.045,0.019933,0.018,shufflenet_v2_x1_0,0.000614,312,onnxrt_cuda,60,ok,0.003449
onnxruntime,99.972335,,onnx_node,Unsqueeze:/stage4/stage4.1/Unsqueeze_3_kernel_time,0.045,0.0176,0.016,shufflenet_v2_x1_0,0.000542,397,onnxrt_cuda,60,ok,0.003611
onnxruntime,99.996795,,onnx_node,Unsqueeze:/stage4/stage4.1/Unsqueeze_3_fence_after,0.001,0.001,0.001,shufflenet_v2_x1_0,3.1e-05,658,onnxrt_cuda,1,ok,0.0
onnxruntime,99.936535,,onnx_node,Gather:/stage4/stage4.1/Gather_3_kernel_time,0.024,0.019533,0.019,shufflenet_v2_x1_0,0.000602,335,onnxrt_cuda,60,ok,0.000865
onnxruntime,99.980923,,onnx_node,Unsqueeze:/stage4/stage4.1/Unsqueeze_2_kernel_time,0.023,0.0173,0.016,shufflenet_v2_x1_0,0.000533,413,onnxrt_cuda,60,ok,0.000881
onnxruntime,99.952642,,onnx_node,Gather:/stage4/stage4.1/Gather_1_kernel_time,0.026,0.019133,0.018,shufflenet_v2_x1_0,0.00059,362,onnxrt_cuda,60,ok,0.001056
onnxruntime,99.989376,,onnx_node,Unsqueeze:/stage4/stage4.1/Unsqueeze_kernel_time,0.02,0.01695,0.016,shufflenet_v2_x1_0,0.000522,429,onnxrt_cuda,60,ok,0.000717
onnxruntime,99.799986,,onnx_node,Concat:/stage4/stage4.1/Concat_1_kernel_time,0.065,0.02905,0.026,shufflenet_v2_x1_0,0.000895,133,onnxrt_cuda,60,ok,0.004998
onnxruntime,99.996826,,onnx_node,Reshape:/stage4/stage4.1/Reshape_fence_before,0.001,0.001,0.001,shufflenet_v2_x1_0,3.1e-05,659,onnxrt_cuda,1,ok,0.0
onnxruntime,99.887076,,onnx_node,Reshape:/stage4/stage4.1/Reshape_kernel_time,0.028,0.021083,0.02,shufflenet_v2_x1_0,0.00065,256,onnxrt_cuda,60,ok,0.001282
onnxruntime,99.779824,,onnx_node,Transpose:/stage4/stage4.1/Transpose_kernel_time,0.126,0.072833,0.067,shufflenet_v2_x1_0,0.002244,117,onnxrt_cuda,60,ok,0.009917
onnxruntime,99.807738,,onnx_node,Concat:/stage4/stage4.1/Concat_2_kernel_time,0.051,0.025817,0.023,shufflenet_v2_x1_0,0.000796,142,onnxrt_cuda,60,ok,0.00512
onnxruntime,99.889023,,onnx_node,Reshape:/stage4/stage4.1/Reshape_1_kernel_time,0.026,0.02105,0.02,shufflenet_v2_x1_0,0.000649,259,onnxrt_cuda,60,ok,0.001023
onnxruntime,99.957876,,onnx_node,Shape:/stage4/stage4.2/Shape_kernel_time,0.026,0.01865,0.017,shufflenet_v2_x1_0,0.000575,371,onnxrt_cuda,60,ok,0.001424
onnxruntime,99.926862,,onnx_node,Gather:/stage4/stage4.2/Gather_kernel_time,0.025,0.01975,0.018,shufflenet_v2_x1_0,0.000609,319,onnxrt_cuda,60,ok,0.000977
onnxruntime,99.841774,,onnx_node,Add:/stage4/stage4.2/Add_kernel_time,0.052,0.022583,0.021,shufflenet_v2_x1_0,0.000696,188,onnxrt_cuda,60,ok,0.003985
onnxruntime,99.906974,,onnx_node,Div:/stage4/stage4.2/Div_kernel_time,0.024,0.0206,0.019,shufflenet_v2_x1_0,0.000635,287,onnxrt_cuda,60,ok,0.000987
onnxruntime,99.889672,,onnx_node,Mul:/stage4/stage4.2/Mul_1_kernel_time,0.035,0.02105,0.02,shufflenet_v2_x1_0,0.000649,260,onnxrt_cuda,60,ok,0.002209
onnxruntime,99.91516,,onnx_node,Mul:/stage4/stage4.2/Mul_kernel_time,0.026,0.020283,0.019,shufflenet_v2_x1_0,0.000625,300,onnxrt_cuda,60,ok,0.001198
onnxruntime,99.749902,,onnx_node,Slice:/stage4/stage4.2/Slice_1_kernel_time,0.202,0.0768,0.07,shufflenet_v2_x1_0,0.002367,104,onnxrt_cuda,60,ok,0.016456
onnxruntime,99.996857,,onnx_node,FusedConv:/stage4/stage4.2/branch2/branch2.0/Conv_/stage4/stage4.2/branch2/branch2.2/Relu_fence_before,0.001,0.001,0.001,shufflenet_v2_x1_0,3.1e-05,660,onnxrt_cuda,26,ok,0.0
onnxruntime,99.301029,,onnx_node,FusedConv:/stage4/stage4.2/branch2/branch2.0/Conv_/stage4/stage4.2/branch2/branch2.2/Relu_kernel_time,26.427,0.610017,0.149,shufflenet_v2_x1_0,0.018799,46,onnxrt_cuda,60,ok,3.361118
onnxruntime,99.996887,,onnx_node,FusedConv:/stage4/stage4.2/branch2/branch2.0/Conv_/stage4/stage4.2/branch2/branch2.2/Relu_fence_after,0.001,0.001,0.001,shufflenet_v2_x1_0,3.1e-05,661,onnxrt_cuda,2,ok,0.0
onnxruntime,99.996918,,onnx_node,Conv:/stage4/stage4.2/branch2/branch2.3/Conv_fence_before,0.001,0.001,0.001,shufflenet_v2_x1_0,3.1e-05,662,onnxrt_cuda,9,ok,0.0
onnxruntime,97.894979,,onnx_node,Conv:/stage4/stage4.2/branch2/branch2.3/Conv_kernel_time,166.229,2.913383,0.138,shufflenet_v2_x1_0,0.089782,7,onnxrt_cuda,60,ok,21.261884
onnxruntime,99.996949,,onnx_node,Conv:/stage4/stage4.2/branch2/branch2.3/Conv_fence_after,0.001,0.001,0.001,shufflenet_v2_x1_0,3.1e-05,663,onnxrt_cuda,2,ok,0.0
onnxruntime,99.99698,,onnx_node,FusedConv:/stage4/stage4.2/branch2/branch2.5/Conv_/stage4/stage4.2/branch2/branch2.7/Relu_fence_before,0.001,0.001,0.001,shufflenet_v2_x1_0,3.1e-05,664,onnxrt_cuda,5,ok,0.0
onnxruntime,99.485829,,onnx_node,FusedConv:/stage4/stage4.2/branch2/branch2.5/Conv_/stage4/stage4.2/branch2/branch2.7/Relu_kernel_time,26.61,0.585317,0.134,shufflenet_v2_x1_0,0.018038,56,onnxrt_cuda,60,ok,3.388137
onnxruntime,99.997011,,onnx_node,FusedConv:/stage4/stage4.2/branch2/branch2.5/Conv_/stage4/stage4.2/branch2/branch2.7/Relu_fence_after,0.001,0.001,0.001,shufflenet_v2_x1_0,3.1e-05,665,onnxrt_cuda,2,ok,0.0
onnxruntime,99.997042,,onnx_node,Slice:/stage4/stage4.2/Slice_fence_before,0.001,0.001,0.001,shufflenet_v2_x1_0,3.1e-05,666,onnxrt_cuda,21,ok,0.0
onnxruntime,99.745159,,onnx_node,Slice:/stage4/stage4.2/Slice_kernel_time,0.152,0.0773,0.072,shufflenet_v2_x1_0,0.002382,102,onnxrt_cuda,60,ok,0.010457
onnxruntime,99.997072,,onnx_node,Concat:/stage4/stage4.2/Concat_fence_before,0.001,0.001,0.001,shufflenet_v2_x1_0,3.1e-05,667,onnxrt_cuda,9,ok,0.0
onnxruntime,99.639235,,onnx_node,Concat:/stage4/stage4.2/Concat_kernel_time,0.445,0.23645,0.224,shufflenet_v2_x1_0,0.007287,71,onnxrt_cuda,60,ok,0.027975
onnxruntime,99.997103,,onnx_node,Shape:/stage4/stage4.2/Shape_2_fence_before,0.001,0.001,0.001,shufflenet_v2_x1_0,3.1e-05,668,onnxrt_cuda,2,ok,0.0
onnxruntime,99.901244,,onnx_node,Shape:/stage4/stage4.2/Shape_2_kernel_time,0.045,0.020717,0.019,shufflenet_v2_x1_0,0.000638,278,onnxrt_cuda,60,ok,0.003882
onnxruntime,99.997134,,onnx_node,Gather:/stage4/stage4.2/Gather_2_fence_before,0.001,0.001,0.001,shufflenet_v2_x1_0,3.1e-05,669,onnxrt_cuda,1,ok,0.0
onnxruntime,99.857439,,onnx_node,Gather:/stage4/stage4.2/Gather_2_kernel_time,0.048,0.0217,0.02,shufflenet_v2_x1_0,0.000669,211,onnxrt_cuda,60,ok,0.003934
onnxruntime,99.832587,,onnx_node,Div:/stage4/stage4.2/Div_1_kernel_time,0.034,0.023367,0.022,shufflenet_v2_x1_0,0.00072,175,onnxrt_cuda,60,ok,0.001703
onnxruntime,99.997165,,onnx_node,Unsqueeze:/stage4/stage4.2/Unsqueeze_1_fence_before,0.001,0.001,0.001,shufflenet_v2_x1_0,3.1e-05,670,onnxrt_cuda,8,ok,0.0
onnxruntime,99.961845,,onnx_node,Unsqueeze:/stage4/stage4.2/Unsqueeze_1_kernel_time,0.025,0.018267,0.017,shufflenet_v2_x1_0,0.000563,378,onnxrt_cuda,60,ok,0.001062
onnxruntime,99.916408,,onnx_node,Gather:/stage4/stage4.2/Gather_4_kernel_time,0.047,0.020217,0.018,shufflenet_v2_x1_0,0.000623,302,onnxrt_cuda,60,ok,0.004726
onnxruntime,99.972877,,onnx_node,Unsqueeze:/stage4/stage4.2/Unsqueeze_3_kernel_time,0.02,0.0176,0.017,shufflenet_v2_x1_0,0.000542,398,onnxrt_cuda,60,ok,0.000735
onnxruntime,99.951461,,onnx_node,Gather:/stage4/stage4.2/Gather_3_kernel_time,0.024,0.0192,0.018,shufflenet_v2_x1_0,0.000592,360,onnxrt_cuda,60,ok,0.000852
onnxruntime,99.979856,,onnx_node,Unsqueeze:/stage4/stage4.2/Unsqueeze_2_kernel_time,0.021,0.017317,0.016,shufflenet_v2_x1_0,0.000534,411,onnxrt_cuda,60,ok,0.000785
onnxruntime,99.949686,,onnx_node,Gather:/stage4/stage4.2/Gather_1_kernel_time,0.026,0.019233,0.018,shufflenet_v2_x1_0,0.000593,357,onnxrt_cuda,60,ok,0.001006
onnxruntime,99.980389,,onnx_node,Unsqueeze:/stage4/stage4.2/Unsqueeze_kernel_time,0.021,0.017317,0.017,shufflenet_v2_x1_0,0.000534,412,onnxrt_cuda,60,ok,0.000695
onnxruntime,99.997196,,onnx_node,Concat:/stage4/stage4.2/Concat_1_fence_before,0.001,0.001,0.001,shufflenet_v2_x1_0,3.1e-05,671,onnxrt_cuda,1,ok,0.0
onnxruntime,99.799091,,onnx_node,Concat:/stage4/stage4.2/Concat_1_kernel_time,0.054,0.029333,0.027,shufflenet_v2_x1_0,0.000904,132,onnxrt_cuda,60,ok,0.003709
onnxruntime,99.997226,,onnx_node,Reshape:/stage4/stage4.2/Reshape_fence_before,0.001,0.001,0.001,shufflenet_v2_x1_0,3.1e-05,672,onnxrt_cuda,1,ok,0.0
onnxruntime,99.865425,,onnx_node,Reshape:/stage4/stage4.2/Reshape_kernel_time,0.045,0.021533,0.02,shufflenet_v2_x1_0,0.000664,223,onnxrt_cuda,60,ok,0.003222
onnxruntime,99.997257,,onnx_node,Transpose:/stage4/stage4.2/Transpose_fence_before,0.001,0.001,0.001,shufflenet_v2_x1_0,3.1e-05,673,onnxrt_cuda,3,ok,0.0
onnxruntime,99.786459,,onnx_node,Transpose:/stage4/stage4.2/Transpose_kernel_time,0.126,0.0706,0.065,shufflenet_v2_x1_0,0.002176,120,onnxrt_cuda,60,ok,0.007634
onnxruntime,99.997288,,onnx_node,Concat:/stage4/stage4.2/Concat_2_fence_before,0.001,0.001,0.001,shufflenet_v2_x1_0,3.1e-05,674,onnxrt_cuda,2,ok,0.0
onnxruntime,99.814006,,onnx_node,Concat:/stage4/stage4.2/Concat_2_kernel_time,0.051,0.025017,0.023,shufflenet_v2_x1_0,0.000771,150,onnxrt_cuda,60,ok,0.003585
onnxruntime,99.903795,,onnx_node,Reshape:/stage4/stage4.2/Reshape_1_kernel_time,0.028,0.0207,0.019,shufflenet_v2_x1_0,0.000638,282,onnxrt_cuda,60,ok,0.001269
onnxruntime,99.997319,,onnx_node,Shape:/stage4/stage4.3/Shape_fence_before,0.001,0.001,0.001,shufflenet_v2_x1_0,3.1e-05,675,onnxrt_cuda,1,ok,0.0
onnxruntime,99.925645,,onnx_node,Shape:/stage4/stage4.3/Shape_kernel_time,0.068,0.019767,0.018,shufflenet_v2_x1_0,0.000609,317,onnxrt_cuda,60,ok,0.006453
onnxruntime,99.91391,,onnx_node,Gather:/stage4/stage4.3/Gather_kernel_time,0.025,0.020333,0.019,shufflenet_v2_x1_0,0.000627,298,onnxrt_cuda,60,ok,0.001027
onnxruntime,99.839683,,onnx_node,Add:/stage4/stage4.3/Add_kernel_time,0.028,0.022667,0.021,shufflenet_v2_x1_0,0.000699,185,onnxrt_cuda,60,ok,0.001247
onnxruntime,99.896764,,onnx_node,Div:/stage4/stage4.3/Div_kernel_time,0.027,0.020833,0.02,shufflenet_v2_x1_0,0.000642,271,onnxrt_cuda,60,ok,0.00128
onnxruntime,99.874011,,onnx_node,Mul:/stage4/stage4.3/Mul_1_kernel_time,0.027,0.02135,0.02,shufflenet_v2_x1_0,0.000658,236,onnxrt_cuda,60,ok,0.001424
onnxruntime,99.905704,,onnx_node,Mul:/stage4/stage4.3/Mul_kernel_time,0.048,0.020617,0.019,shufflenet_v2_x1_0,0.000635,285,onnxrt_cuda,60,ok,0.00376
onnxruntime,99.99735,,onnx_node,Slice:/stage4/stage4.3/Slice_1_fence_before,0.001,0.001,0.001,shufflenet_v2_x1_0,3.1e-05,676,onnxrt_cuda,1,ok,0.0
onnxruntime,99.75461,,onnx_node,Slice:/stage4/stage4.3/Slice_1_kernel_time,0.128,0.076033,0.071,shufflenet_v2_x1_0,0.002343,106,onnxrt_cuda,60,ok,0.007836
onnxruntime,99.997381,,onnx_node,FusedConv:/stage4/stage4.3/branch2/branch2.0/Conv_/stage4/stage4.3/branch2/branch2.2/Relu_fence_before,0.001,0.001,0.001,shufflenet_v2_x1_0,3.1e-05,677,onnxrt_cuda,23,ok,0.0
onnxruntime,99.263429,,onnx_node,FusedConv:/stage4/stage4.3/branch2/branch2.0/Conv_/stage4/stage4.3/branch2/branch2.2/Relu_kernel_time,26.469,0.6105,0.15,shufflenet_v2_x1_0,0.018814,44,onnxrt_cuda,60,ok,3.36651
onnxruntime,99.997411,,onnx_node,FusedConv:/stage4/stage4.3/branch2/branch2.0/Conv_/stage4/stage4.3/branch2/branch2.2/Relu_fence_after,0.001,0.001,0.001,shufflenet_v2_x1_0,3.1e-05,678,onnxrt_cuda,1,ok,0.0
onnxruntime,99.997442,,onnx_node,Conv:/stage4/stage4.3/branch2/branch2.3/Conv_fence_before,0.001,0.001,0.001,shufflenet_v2_x1_0,3.1e-05,679,onnxrt_cuda,11,ok,0.0
onnxruntime,97.984518,,onnx_node,Conv:/stage4/stage4.3/branch2/branch2.3/Conv_kernel_time,165.795,2.905517,0.139,shufflenet_v2_x1_0,0.08954,8,onnxrt_cuda,60,ok,21.206405
onnxruntime,99.997473,,onnx_node,Conv:/stage4/stage4.3/branch2/branch2.3/Conv_fence_after,0.001,0.001,0.001,shufflenet_v2_x1_0,3.1e-05,680,onnxrt_cuda,1,ok,0.0
onnxruntime,99.997504,,onnx_node,FusedConv:/stage4/stage4.3/branch2/branch2.5/Conv_/stage4/stage4.3/branch2/branch2.7/Relu_fence_before,0.001,0.001,0.001,shufflenet_v2_x1_0,3.1e-05,681,onnxrt_cuda,26,ok,0.0
onnxruntime,99.467791,,onnx_node,FusedConv:/stage4/stage4.3/branch2/branch2.5/Conv_/stage4/stage4.3/branch2/branch2.7/Relu_kernel_time,26.536,0.58545,0.134,shufflenet_v2_x1_0,0.018042,55,onnxrt_cuda,60,ok,3.378494
onnxruntime,99.997535,,onnx_node,FusedConv:/stage4/stage4.3/branch2/branch2.5/Conv_/stage4/stage4.3/branch2/branch2.7/Relu_fence_after,0.001,0.001,0.001,shufflenet_v2_x1_0,3.1e-05,682,onnxrt_cuda,1,ok,0.0
onnxruntime,99.997565,,onnx_node,Slice:/stage4/stage4.3/Slice_fence_before,0.001,0.001,0.001,shufflenet_v2_x1_0,3.1e-05,683,onnxrt_cuda,6,ok,0.0
onnxruntime,99.713755,,onnx_node,Slice:/stage4/stage4.3/Slice_kernel_time,0.148,0.079283,0.072,shufflenet_v2_x1_0,0.002443,89,onnxrt_cuda,60,ok,0.011949
onnxruntime,99.997596,,onnx_node,Concat:/stage4/stage4.3/Concat_fence_before,0.001,0.001,0.001,shufflenet_v2_x1_0,3.1e-05,684,onnxrt_cuda,6,ok,0.0
onnxruntime,99.646497,,onnx_node,Concat:/stage4/stage4.3/Concat_kernel_time,0.379,0.23565,0.224,shufflenet_v2_x1_0,0.007262,72,onnxrt_cuda,60,ok,0.019927
onnxruntime,99.997627,,onnx_node,Concat:/stage4/stage4.3/Concat_fence_after,0.001,0.001,0.001,shufflenet_v2_x1_0,3.1e-05,685,onnxrt_cuda,1,ok,0.0
onnxruntime,99.997658,,onnx_node,Shape:/stage4/stage4.3/Shape_2_fence_before,0.001,0.001,0.001,shufflenet_v2_x1_0,3.1e-05,686,onnxrt_cuda,3,ok,0.0
onnxruntime,99.913283,,onnx_node,Shape:/stage4/stage4.3/Shape_2_kernel_time,0.033,0.02035,0.019,shufflenet_v2_x1_0,0.000627,297,onnxrt_cuda,60,ok,0.00175
onnxruntime,99.997689,,onnx_node,Gather:/stage4/stage4.3/Gather_2_fence_before,0.001,0.001,0.001,shufflenet_v2_x1_0,3.1e-05,687,onnxrt_cuda,3,ok,0.0
onnxruntime,99.898688,,onnx_node,Gather:/stage4/stage4.3/Gather_2_kernel_time,0.031,0.0208,0.019,shufflenet_v2_x1_0,0.000641,274,onnxrt_cuda,60,ok,0.001503
onnxruntime,99.99772,,onnx_node,Div:/stage4/stage4.3/Div_1_fence_before,0.001,0.001,0.001,shufflenet_v2_x1_0,3.1e-05,688,onnxrt_cuda,1,ok,0.0
onnxruntime,99.824583,,onnx_node,Div:/stage4/stage4.3/Div_1_kernel_time,0.051,0.023983,0.022,shufflenet_v2_x1_0,0.000739,164,onnxrt_cuda,60,ok,0.00381
onnxruntime,99.99775,,onnx_node,Unsqueeze:/stage4/stage4.3/Unsqueeze_1_fence_before,0.001,0.001,0.001,shufflenet_v2_x1_0,3.1e-05,689,onnxrt_cuda,4,ok,0.0
onnxruntime,99.960716,,onnx_node,Unsqueeze:/stage4/stage4.3/Unsqueeze_1_kernel_time,0.023,0.018367,0.017,shufflenet_v2_x1_0,0.000566,376,onnxrt_cuda,60,ok,0.000856
onnxruntime,99.93834,,onnx_node,Gather:/stage4/stage4.3/Gather_4_kernel_time,0.027,0.019517,0.018,shufflenet_v2_x1_0,0.000601,338,onnxrt_cuda,60,ok,0.001133
onnxruntime,99.975039,,onnx_node,Unsqueeze:/stage4/stage4.3/Unsqueeze_3_kernel_time,0.019,0.0175,0.017,shufflenet_v2_x1_0,0.000539,402,onnxrt_cuda,60,ok,0.000619
onnxruntime,99.953229,,onnx_node,Gather:/stage4/stage4.3/Gather_3_kernel_time,0.025,0.01905,0.018,shufflenet_v2_x1_0,0.000587,363,onnxrt_cuda,60,ok,0.001007
onnxruntime,99.978254,,onnx_node,Unsqueeze:/stage4/stage4.3/Unsqueeze_2_kernel_time,0.043,0.01735,0.016,shufflenet_v2_x1_0,0.000535,408,onnxrt_cuda,60,ok,0.0034
onnxruntime,99.954982,,onnx_node,Gather:/stage4/stage4.3/Gather_1_kernel_time,0.025,0.018933,0.018,shufflenet_v2_x1_0,0.000583,366,onnxrt_cuda,60,ok,0.001031
onnxruntime,99.988853,,onnx_node,Unsqueeze:/stage4/stage4.3/Unsqueeze_kernel_time,0.021,0.017,0.016,shufflenet_v2_x1_0,0.000524,428,onnxrt_cuda,60,ok,0.000683
onnxruntime,99.790707,,onnx_node,Concat:/stage4/stage4.3/Concat_1_kernel_time,0.086,0.031333,0.027,shufflenet_v2_x1_0,0.000966,123,onnxrt_cuda,60,ok,0.009426
onnxruntime,99.861438,,onnx_node,Reshape:/stage4/stage4.3/Reshape_kernel_time,0.047,0.0216,0.02,shufflenet_v2_x1_0,0.000666,217,onnxrt_cuda,60,ok,0.003634
onnxruntime,99.788634,,onnx_node,Transpose:/stage4/stage4.3/Transpose_kernel_time,0.126,0.070583,0.066,shufflenet_v2_x1_0,0.002175,121,onnxrt_cuda,60,ok,0.007608
onnxruntime,99.819372,,onnx_node,Concat:/stage4/stage4.3/Concat_2_kernel_time,0.032,0.024533,0.023,shufflenet_v2_x1_0,0.000756,157,onnxrt_cuda,60,ok,0.001396
onnxruntime,99.887726,,onnx_node,Reshape:/stage4/stage4.3/Reshape_1_kernel_time,0.025,0.021067,0.02,shufflenet_v2_x1_0,0.000649,257,onnxrt_cuda,60,ok,0.000873
onnxruntime,99.997781,,onnx_node,FusedConv:/conv5/conv5.0/Conv_/conv5/conv5.2/Relu_fence_before,0.001,0.001,0.001,shufflenet_v2_x1_0,3.1e-05,690,onnxrt_cuda,5,ok,0.0
onnxruntime,99.44975,,onnx_node,FusedConv:/conv5/conv5.0/Conv_/conv5/conv5.2/Relu_kernel_time,24.64,0.590233,0.161,shufflenet_v2_x1_0,0.018189,54,onnxrt_cuda,60,ok,3.131037
onnxruntime,99.997812,,onnx_node,FusedConv:/conv5/conv5.0/Conv_/conv5/conv5.2/Relu_fence_after,0.001,0.001,0.001,shufflenet_v2_x1_0,3.1e-05,691,onnxrt_cuda,3,ok,0.0
onnxruntime,99.997843,,onnx_node,ReduceMean:/ReduceMean_fence_before,0.001,0.001,0.001,shufflenet_v2_x1_0,3.1e-05,692,onnxrt_cuda,29,ok,0.0
onnxruntime,99.684795,,onnx_node,ReduceMean:/ReduceMean_kernel_time,0.273,0.120883,0.113,shufflenet_v2_x1_0,0.003725,78,onnxrt_cuda,60,ok,0.020591
onnxruntime,99.688477,,onnx_node,Gemm:/fc/Gemm_kernel_time,0.367,0.119467,0.112,shufflenet_v2_x1_0,0.003682,79,onnxrt_cuda,60,ok,0.032416
onnxruntime,99.997874,,onnx_node,Gemm:/fc/Gemm_fence_after,0.001,0.001,0.001,shufflenet_v2_x1_0,3.1e-05,693,onnxrt_cuda,1,ok,0.0
onnxruntime,96.333422,,onnx_node,SequentialExecutor::Execute,5781.451,127.853217,30.202,shufflenet_v2_x1_0,3.940061,4,onnxrt_cuda,60,ok,736.043003
onnxruntime,92.393361,,onnx_node,model_run,5782.662,129.138933,31.477,shufflenet_v2_x1_0,3.979683,3,onnxrt_cuda,60,ok,736.033273
onnxruntime,99.997904,,onnx_node,Div:/stage2/stage2.0/Div_fence_after,0.001,0.001,0.001,shufflenet_v2_x1_0,3.1e-05,694,onnxrt_cuda,1,ok,0.0
onnxruntime,99.997935,,onnx_node,Gather:/stage2/stage2.0/Gather_fence_before,0.001,0.001,0.001,shufflenet_v2_x1_0,3.1e-05,695,onnxrt_cuda,16,ok,0.0
onnxruntime,99.997966,,onnx_node,Gather:/stage2/stage2.0/Gather_fence_after,0.001,0.001,0.001,shufflenet_v2_x1_0,3.1e-05,696,onnxrt_cuda,1,ok,0.0
onnxruntime,99.997997,,onnx_node,Transpose:/stage2/stage2.0/Transpose_fence_before,0.001,0.001,0.001,shufflenet_v2_x1_0,3.1e-05,697,onnxrt_cuda,3,ok,0.0
onnxruntime,99.998028,,onnx_node,Gather:/stage2/stage2.1/Gather_fence_before,0.001,0.001,0.001,shufflenet_v2_x1_0,3.1e-05,698,onnxrt_cuda,2,ok,0.0
onnxruntime,99.998059,,onnx_node,Concat:/stage2/stage2.1/Concat_fence_after,0.001,0.001,0.001,shufflenet_v2_x1_0,3.1e-05,699,onnxrt_cuda,8,ok,0.0
onnxruntime,99.998089,,onnx_node,Concat:/stage2/stage2.2/Concat_fence_after,0.001,0.001,0.001,shufflenet_v2_x1_0,3.1e-05,700,onnxrt_cuda,1,ok,0.0
onnxruntime,99.99812,,onnx_node,Shape:/stage2/stage2.3/Shape_fence_before,0.001,0.001,0.001,shufflenet_v2_x1_0,3.1e-05,701,onnxrt_cuda,1,ok,0.0
onnxruntime,99.998151,,onnx_node,Slice:/stage2/stage2.3/Slice_1_fence_after,0.001,0.001,0.001,shufflenet_v2_x1_0,3.1e-05,702,onnxrt_cuda,1,ok,0.0
onnxruntime,99.792625,,onnx_node,Add:/stage3/stage3.6/Add_fence_after,0.031,0.031,0.031,shufflenet_v2_x1_0,0.000955,125,onnxrt_cuda,1,ok,0.0
onnxruntime,99.998182,,onnx_node,Mul:/stage3/stage3.1/Mul_1_fence_before,0.001,0.001,0.001,shufflenet_v2_x1_0,3.1e-05,703,onnxrt_cuda,1,ok,0.0
onnxruntime,99.998213,,onnx_node,Slice:/stage3/stage3.3/Slice_1_fence_before,0.001,0.001,0.001,shufflenet_v2_x1_0,3.1e-05,704,onnxrt_cuda,3,ok,0.0
onnxruntime,99.989905,,onnx_node,Slice:/stage4/stage4.2/Slice_1_fence_before,0.005,0.001267,0.001,shufflenet_v2_x1_0,3.9e-05,435,onnxrt_cuda,15,ok,0.000998
onnxruntime,99.998243,,onnx_node,Gemm:/fc/Gemm_fence_before,0.001,0.001,0.001,shufflenet_v2_x1_0,3.1e-05,705,onnxrt_cuda,2,ok,0.0
onnxruntime,99.998274,,onnx_node,Reshape:/stage2/stage2.1/Reshape_fence_before,0.001,0.001,0.001,shufflenet_v2_x1_0,3.1e-05,706,onnxrt_cuda,2,ok,0.0
onnxruntime,99.998305,,onnx_node,Concat:/stage2/stage2.1/Concat_2_fence_before,0.001,0.001,0.001,shufflenet_v2_x1_0,3.1e-05,707,onnxrt_cuda,6,ok,0.0
onnxruntime,99.998336,,onnx_node,Concat:/stage2/stage2.3/Concat_2_fence_before,0.001,0.001,0.001,shufflenet_v2_x1_0,3.1e-05,708,onnxrt_cuda,11,ok,0.0
onnxruntime,99.998367,,onnx_node,Slice:/stage3/stage3.2/Slice_1_fence_before,0.001,0.001,0.001,shufflenet_v2_x1_0,3.1e-05,709,onnxrt_cuda,4,ok,0.0
onnxruntime,99.998398,,onnx_node,Slice:/stage3/stage3.7/Slice_1_fence_before,0.001,0.001,0.001,shufflenet_v2_x1_0,3.1e-05,710,onnxrt_cuda,8,ok,0.0
onnxruntime,99.822365,,onnx_node,Div:/stage2/stage2.2/Div_1_fence_before,0.024,0.024,0.024,shufflenet_v2_x1_0,0.00074,161,onnxrt_cuda,1,ok,0.0
onnxruntime,99.998428,,onnx_node,Slice:/stage3/stage3.4/Slice_1_fence_after,0.001,0.001,0.001,shufflenet_v2_x1_0,3.1e-05,711,onnxrt_cuda,1,ok,0.0
onnxruntime,99.998459,,onnx_node,Concat:/stage2/stage2.0/Concat_1_fence_before,0.001,0.001,0.001,shufflenet_v2_x1_0,3.1e-05,712,onnxrt_cuda,7,ok,0.0
onnxruntime,99.99849,,onnx_node,Concat:/stage3/stage3.1/Concat_2_fence_before,0.001,0.001,0.001,shufflenet_v2_x1_0,3.1e-05,713,onnxrt_cuda,3,ok,0.0
onnxruntime,99.998521,,onnx_node,Concat:/stage4/stage4.0/Concat_2_fence_before,0.001,0.001,0.001,shufflenet_v2_x1_0,3.1e-05,714,onnxrt_cuda,1,ok,0.0
onnxruntime,99.998552,,onnx_node,Concat:/stage2/stage2.2/Concat_2_fence_before,0.001,0.001,0.001,shufflenet_v2_x1_0,3.1e-05,715,onnxrt_cuda,2,ok,0.0
onnxruntime,99.998582,,onnx_node,Concat:/stage2/stage2.3/Concat_fence_after,0.001,0.001,0.001,shufflenet_v2_x1_0,3.1e-05,716,onnxrt_cuda,1,ok,0.0
onnxruntime,99.998613,,onnx_node,Concat:/stage3/stage3.1/Concat_fence_after,0.001,0.001,0.001,shufflenet_v2_x1_0,3.1e-05,717,onnxrt_cuda,2,ok,0.0
onnxruntime,99.998644,,onnx_node,Concat:/stage3/stage3.3/Concat_2_fence_before,0.001,0.001,0.001,shufflenet_v2_x1_0,3.1e-05,718,onnxrt_cuda,2,ok,0.0
onnxruntime,99.823104,,onnx_node,Unsqueeze:/stage2/stage2.1/Unsqueeze_fence_after,0.024,0.024,0.024,shufflenet_v2_x1_0,0.00074,162,onnxrt_cuda,1,ok,0.0
onnxruntime,99.890319,,onnx_node,Concat:/stage2/stage2.3/Concat_2_fence_after,0.021,0.021,0.021,shufflenet_v2_x1_0,0.000647,261,onnxrt_cuda,1,ok,0.0
onnxruntime,99.989584,,onnx_node,Add:/stage2/stage2.2/Add_fence_before,0.024,0.00675,0.001,shufflenet_v2_x1_0,0.000208,430,onnxrt_cuda,4,ok,0.009959
onnxruntime,99.998675,,onnx_node,Transpose:/stage3/stage3.2/Transpose_fence_before,0.001,0.001,0.001,shufflenet_v2_x1_0,3.1e-05,719,onnxrt_cuda,2,ok,0.0
onnxruntime,99.998706,,onnx_node,Shape:/stage3/stage3.7/Shape_2_fence_before,0.001,0.001,0.001,shufflenet_v2_x1_0,3.1e-05,720,onnxrt_cuda,2,ok,0.0
onnxruntime,99.998737,,onnx_node,Gather:/stage3/stage3.5/Gather_4_fence_before,0.001,0.001,0.001,shufflenet_v2_x1_0,3.1e-05,721,onnxrt_cuda,2,ok,0.0
onnxruntime,99.998767,,onnx_node,Slice:/stage2/stage2.1/Slice_fence_after,0.001,0.001,0.001,shufflenet_v2_x1_0,3.1e-05,722,onnxrt_cuda,2,ok,0.0
onnxruntime,99.998798,,onnx_node,Gather:/stage3/stage3.3/Gather_3_fence_after,0.001,0.001,0.001,shufflenet_v2_x1_0,3.1e-05,723,onnxrt_cuda,1,ok,0.0
onnxruntime,99.998829,,onnx_node,Concat:/stage3/stage3.0/Concat_fence_after,0.001,0.001,0.001,shufflenet_v2_x1_0,3.1e-05,724,onnxrt_cuda,3,ok,0.0
onnxruntime,99.99886,,onnx_node,Transpose:/stage4/stage4.1/Transpose_fence_before,0.001,0.001,0.001,shufflenet_v2_x1_0,3.1e-05,725,onnxrt_cuda,1,ok,0.0
onnxruntime,99.998891,,onnx_node,Transpose:/stage3/stage3.1/Transpose_fence_before,0.001,0.001,0.001,shufflenet_v2_x1_0,3.1e-05,726,onnxrt_cuda,1,ok,0.0
onnxruntime,99.998921,,onnx_node,Reshape:/stage3/stage3.4/Reshape_1_fence_before,0.001,0.001,0.001,shufflenet_v2_x1_0,3.1e-05,727,onnxrt_cuda,1,ok,0.0
onnxruntime,99.998952,,onnx_node,Transpose:/stage4/stage4.3/Transpose_fence_before,0.001,0.001,0.001,shufflenet_v2_x1_0,3.1e-05,728,onnxrt_cuda,1,ok,0.0
onnxruntime,99.837577,,onnx_node,Gather:/stage4/stage4.2/Gather_3_fence_after,0.023,0.023,0.023,shufflenet_v2_x1_0,0.000709,182,onnxrt_cuda,1,ok,0.0
onnxruntime,99.998983,,onnx_node,Gather:/stage2/stage2.0/Gather_3_fence_before,0.001,0.001,0.001,shufflenet_v2_x1_0,3.1e-05,729,onnxrt_cuda,3,ok,0.0
onnxruntime,99.999014,,onnx_node,Unsqueeze:/stage2/stage2.0/Unsqueeze_2_fence_before,0.001,0.001,0.001,shufflenet_v2_x1_0,3.1e-05,730,onnxrt_cuda,1,ok,0.0
onnxruntime,99.999045,,onnx_node,Concat:/stage4/stage4.1/Concat_2_fence_before,0.001,0.001,0.001,shufflenet_v2_x1_0,3.1e-05,731,onnxrt_cuda,1,ok,0.0
onnxruntime,99.999075,,onnx_node,Mul:/stage3/stage3.7/Mul_1_fence_before,0.001,0.001,0.001,shufflenet_v2_x1_0,3.1e-05,732,onnxrt_cuda,2,ok,0.0
onnxruntime,99.999106,,onnx_node,Unsqueeze:/stage3/stage3.5/Unsqueeze_3_fence_before,0.001,0.001,0.001,shufflenet_v2_x1_0,3.1e-05,733,onnxrt_cuda,1,ok,0.0
onnxruntime,99.999137,,onnx_node,Mul:/stage2/stage2.1/Mul_1_fence_before,0.001,0.001,0.001,shufflenet_v2_x1_0,3.1e-05,734,onnxrt_cuda,2,ok,0.0
onnxruntime,99.999168,,onnx_node,Mul:/stage2/stage2.3/Mul_1_fence_before,0.001,0.001,0.001,shufflenet_v2_x1_0,3.1e-05,735,onnxrt_cuda,1,ok,0.0
onnxruntime,99.999199,,onnx_node,Gather:/stage3/stage3.0/Gather_3_fence_before,0.001,0.001,0.001,shufflenet_v2_x1_0,3.1e-05,736,onnxrt_cuda,1,ok,0.0
onnxruntime,99.99923,,onnx_node,Div:/stage3/stage3.1/Div_1_fence_before,0.001,0.001,0.001,shufflenet_v2_x1_0,3.1e-05,737,onnxrt_cuda,1,ok,0.0
onnxruntime,99.99926,,onnx_node,Div:/stage2/stage2.1/Div_fence_before,0.001,0.001,0.001,shufflenet_v2_x1_0,3.1e-05,738,onnxrt_cuda,2,ok,0.0
onnxruntime,99.999291,,onnx_node,Concat:/stage3/stage3.2/Concat_fence_after,0.001,0.001,0.001,shufflenet_v2_x1_0,3.1e-05,739,onnxrt_cuda,1,ok,0.0
onnxruntime,99.999322,,onnx_node,Transpose:/stage2/stage2.0/Transpose_fence_after,0.001,0.001,0.001,shufflenet_v2_x1_0,3.1e-05,740,onnxrt_cuda,1,ok,0.0
onnxruntime,99.999353,,onnx_node,Gather:/stage2/stage2.1/Gather_3_fence_before,0.001,0.001,0.001,shufflenet_v2_x1_0,3.1e-05,741,onnxrt_cuda,1,ok,0.0
onnxruntime,99.999384,,onnx_node,Reshape:/stage3/stage3.3/Reshape_1_fence_before,0.001,0.001,0.001,shufflenet_v2_x1_0,3.1e-05,742,onnxrt_cuda,1,ok,0.0
onnxruntime,99.999414,,onnx_node,Reshape:/stage4/stage4.3/Reshape_fence_before,0.001,0.001,0.001,shufflenet_v2_x1_0,3.1e-05,743,onnxrt_cuda,1,ok,0.0
onnxruntime,99.999445,,onnx_node,Transpose:/stage3/stage3.0/Transpose_fence_before,0.001,0.001,0.001,shufflenet_v2_x1_0,3.1e-05,744,onnxrt_cuda,1,ok,0.0
onnxruntime,99.999476,,onnx_node,Gather:/stage4/stage4.3/Gather_4_fence_before,0.001,0.001,0.001,shufflenet_v2_x1_0,3.1e-05,745,onnxrt_cuda,1,ok,0.0
onnxruntime,99.999507,,onnx_node,Gather:/stage2/stage2.2/Gather_1_fence_after,0.001,0.001,0.001,shufflenet_v2_x1_0,3.1e-05,746,onnxrt_cuda,1,ok,0.0
onnxruntime,99.999538,,onnx_node,Concat:/stage3/stage3.5/Concat_fence_after,0.001,0.001,0.001,shufflenet_v2_x1_0,3.1e-05,747,onnxrt_cuda,1,ok,0.0
onnxruntime,99.999569,,onnx_node,Transpose:/stage2/stage2.2/Transpose_fence_after,0.001,0.001,0.001,shufflenet_v2_x1_0,3.1e-05,748,onnxrt_cuda,1,ok,0.0
onnxruntime,99.999599,,onnx_node,Transpose:/stage3/stage3.3/Transpose_fence_before,0.001,0.001,0.001,shufflenet_v2_x1_0,3.1e-05,749,onnxrt_cuda,2,ok,0.0
onnxruntime,99.99963,,onnx_node,Transpose:/stage2/stage2.3/Transpose_fence_before,0.001,0.001,0.001,shufflenet_v2_x1_0,3.1e-05,750,onnxrt_cuda,1,ok,0.0
onnxruntime,99.890966,,onnx_node,Mul:/stage3/stage3.7/Mul_fence_before,0.021,0.021,0.021,shufflenet_v2_x1_0,0.000647,262,onnxrt_cuda,1,ok,0.0
onnxruntime,99.999661,,onnx_node,Transpose:/stage3/stage3.6/Transpose_fence_before,0.001,0.001,0.001,shufflenet_v2_x1_0,3.1e-05,751,onnxrt_cuda,1,ok,0.0
onnxruntime,99.999692,,onnx_node,Transpose:/stage3/stage3.7/Transpose_fence_before,0.001,0.001,0.001,shufflenet_v2_x1_0,3.1e-05,752,onnxrt_cuda,1,ok,0.0
onnxruntime,99.999723,,onnx_node,Unsqueeze:/stage3/stage3.3/Unsqueeze_3_fence_before,0.001,0.001,0.001,shufflenet_v2_x1_0,3.1e-05,753,onnxrt_cuda,1,ok,0.0
onnxruntime,99.999753,,onnx_node,Transpose:/stage2/stage2.3/Transpose_fence_after,0.001,0.001,0.001,shufflenet_v2_x1_0,3.1e-05,754,onnxrt_cuda,1,ok,0.0
onnxruntime,99.999784,,onnx_node,Unsqueeze:/stage4/stage4.2/Unsqueeze_fence_before,0.001,0.001,0.001,shufflenet_v2_x1_0,3.1e-05,755,onnxrt_cuda,1,ok,0.0
onnxruntime,99.999815,,onnx_node,Reshape:/stage3/stage3.1/Reshape_fence_before,0.001,0.001,0.001,shufflenet_v2_x1_0,3.1e-05,756,onnxrt_cuda,1,ok,0.0
onnxruntime,99.999846,,onnx_node,Unsqueeze:/stage3/stage3.1/Unsqueeze_3_fence_before,0.001,0.001,0.001,shufflenet_v2_x1_0,3.1e-05,757,onnxrt_cuda,1,ok,0.0
onnxruntime,99.999877,,onnx_node,Shape:/stage3/stage3.3/Shape_fence_before,0.001,0.001,0.001,shufflenet_v2_x1_0,3.1e-05,758,onnxrt_cuda,1,ok,0.0
onnxruntime,99.999908,,onnx_node,Unsqueeze:/stage2/stage2.1/Unsqueeze_3_fence_before,0.001,0.001,0.001,shufflenet_v2_x1_0,3.1e-05,759,onnxrt_cuda,1,ok,0.0
onnxruntime,99.999938,,onnx_node,Gather:/stage3/stage3.2/Gather_4_fence_before,0.001,0.001,0.001,shufflenet_v2_x1_0,3.1e-05,760,onnxrt_cuda,1,ok,0.0
onnxruntime,99.999969,,onnx_node,Reshape:/stage3/stage3.2/Reshape_1_fence_before,0.001,0.001,0.001,shufflenet_v2_x1_0,3.1e-05,761,onnxrt_cuda,1,ok,0.0
onnxruntime,100.0,,onnx_node,Mul:/stage3/stage3.4/Mul_1_fence_before,0.001,0.001,0.001,shufflenet_v2_x1_0,3.1e-05,762,onnxrt_cuda,1,ok,0.0
onnxruntime,99.999959,,onnx_node,model_loading_uri,52.874,52.874,52.874,shufflenet_v2_x1_0,0.679791,5,onnxrt_trt,1,ok,0.0
onnxruntime,83.782206,,onnx_node,session_initialization,6516.567,6516.567,6516.567,shufflenet_v2_x1_0,83.782206,1,onnxrt_trt,1,ok,0.0
onnxruntime,99.99998,,onnx_node,TRTKernel_graph_torch_jit_2221834802626824680_1:TensorrtExecutionProvider_TRTKernel_graph_torch_jit_2221834802626824680_1_0_fence_before,0.003,0.0016,0.001,shufflenet_v2_x1_0,2.1e-05,6,onnxrt_trt,60,ok,0.000523
onnxruntime,99.320169,,onnx_node,TRTKernel_graph_torch_jit_2221834802626824680_1:TensorrtExecutionProvider_TRTKernel_graph_torch_jit_2221834802626824680_1_0_kernel_time,23726.562,402.149933,4.889,shufflenet_v2_x1_0,5.170362,4,onnxrt_trt,60,ok,3036.579957
onnxruntime,100.0,,onnx_node,TRTKernel_graph_torch_jit_2221834802626824680_1:TensorrtExecutionProvider_TRTKernel_graph_torch_jit_2221834802626824680_1_0_fence_after,0.021,0.001571,0.001,shufflenet_v2_x1_0,2e-05,7,onnxrt_trt,35,ok,0.003332
onnxruntime,94.149807,,onnx_node,SequentialExecutor::Execute,23726.799,402.29425,5.022,shufflenet_v2_x1_0,5.172217,3,onnxrt_trt,60,ok,3036.592024
onnxruntime,88.97759,,onnx_node,model_run,23728.411,404.09615,8.52,shufflenet_v2_x1_0,5.195384,2,onnxrt_trt,60,ok,3036.567154
,,benchmark_model not found. Set --tflite-benchmark-bin or TFLITE_BENCHMARK_MODEL_BIN.,,,,,,shufflenet_v2_x1_0,,,tflite_cpu,0,error,
,,benchmark_model not found. Set --tflite-benchmark-bin or TFLITE_BENCHMARK_MODEL_BIN.,,,,,,shufflenet_v2_x1_0,,,tflite_gpu,0,error,
ncnn,16.342984,,ncnn_layer,Convolution:/conv1/conv1.0/Conv,2.79,1.972059,1.93,shufflenet_v2_x1_0,7.293159,2,ncnn_cpu,68,ok,0.101772
ncnn,78.318513,,ncnn_layer,ReLU:/conv1/conv1.2/Relu,0.24,0.187647,0.18,shufflenet_v2_x1_0,0.693965,44,ncnn_cpu,68,ok,0.012141
ncnn,33.835686,,ncnn_layer,Pooling:/maxpool/MaxPool,1.05,0.483824,0.46,shufflenet_v2_x1_0,1.7893,8,ncnn_cpu,68,ok,0.071744
ncnn,100.0,,ncnn_layer,Split:splitncnn_0,0.01,0.000735,0.0,shufflenet_v2_x1_0,0.002718,155,ncnn_cpu,68,ok,0.00261
ncnn,81.619741,,ncnn_layer,ConvolutionDepthWise:/stage2/stage2.0/branch1/branch1.0/Conv,0.24,0.174853,0.15,shufflenet_v2_x1_0,0.646649,49,ncnn_cpu,68,ok,0.016042
ncnn,75.452373,,ncnn_layer,Convolution:/stage2/stage2.0/branch1/branch1.2/Conv,0.35,0.199559,0.19,shufflenet_v2_x1_0,0.738018,40,ncnn_cpu,68,ok,0.020611
ncnn,98.475579,,ncnn_layer,ReLU:/stage2/stage2.0/branch1/branch1.4/Relu,0.08,0.021912,0.02,shufflenet_v2_x1_0,0.081036,123,ncnn_cpu,68,ok,0.007907
ncnn,28.289405,,ncnn_layer,Convolution:/stage2/stage2.0/branch2/branch2.0/Conv,0.75,0.686324,0.67,shufflenet_v2_x1_0,2.538195,5,ncnn_cpu,68,ok,0.015615
ncnn,89.501905,,ncnn_layer,ReLU:/stage2/stage2.0/branch2/branch2.2/Relu,0.17,0.102353,0.1,shufflenet_v2_x1_0,0.378527,65,ncnn_cpu,68,ok,0.008931
ncnn,30.167895,,ncnn_layer,ConvolutionDepthWise:/stage2/stage2.0/branch2/branch2.3/Conv,0.6,0.507941,0.48,shufflenet_v2_x1_0,1.878491,6,ncnn_cpu,68,ok,0.026097
ncnn,32.046386,,ncnn_layer,Convolution:/stage2/stage2.0/branch2/branch2.5/Conv,0.61,0.507941,0.49,shufflenet_v2_x1_0,1.878491,7,ncnn_cpu,68,ok,0.015863
ncnn,98.312964,,ncnn_layer,ReLU:/stage2/stage2.0/branch2/branch2.7/Relu,0.08,0.022353,0.02,shufflenet_v2_x1_0,0.082667,121,ncnn_cpu,68,ok,0.007881
ncnn,77.624549,,ncnn_layer,Concat:/stage2/stage2.0/Concat,0.37,0.194412,0.18,shufflenet_v2_x1_0,0.718983,43,ncnn_cpu,68,ok,0.024398
ncnn,87.895886,,ncnn_layer,ShuffleChannel:/stage2/stage2.0/Reshape_1,0.19,0.122353,0.11,shufflenet_v2_x1_0,0.452491,61,ncnn_cpu,68,ok,0.011896
ncnn,100.0,,ncnn_layer,Split:splitncnn_1,0.0,0.0,0.0,shufflenet_v2_x1_0,0.0,156,ncnn_cpu,68,ok,0.0
ncnn,76.185495,,ncnn_layer,Crop:/stage2/stage2.1/Slice,0.23,0.198235,0.15,shufflenet_v2_x1_0,0.733122,41,ncnn_cpu,68,ok,0.010137
ncnn,83.468324,,ncnn_layer,Crop:/stage2/stage2.1/Slice_1,0.23,0.158971,0.15,shufflenet_v2_x1_0,0.587914,52,ncnn_cpu,68,ok,0.011649
ncnn,35.553739,,ncnn_layer,Convolution:/stage2/stage2.1/branch2/branch2.0/Conv,0.49,0.464559,0.45,shufflenet_v2_x1_0,1.718053,9,ncnn_cpu,68,ok,0.009461
ncnn,99.005294,,ncnn_layer,ReLU:/stage2/stage2.1/branch2/branch2.2/Relu,0.03,0.020147,0.02,shufflenet_v2_x1_0,0.074509,130,ncnn_cpu,68,ok,0.001204
ncnn,84.523959,,ncnn_layer,ConvolutionDepthWise:/stage2/stage2.1/branch2/branch2.3/Conv,0.18,0.141324,0.14,shufflenet_v2_x1_0,0.522651,54,ncnn_cpu,68,ok,0.006395
ncnn,38.845721,,ncnn_layer,Convolution:/stage2/stage2.1/branch2/branch2.5/Conv,0.52,0.444265,0.43,shufflenet_v2_x1_0,1.643001,11,ncnn_cpu,68,ok,0.016743
ncnn,98.704542,,ncnn_layer,ReLU:/stage2/stage2.1/branch2/branch2.7/Relu,0.03,0.020441,0.02,shufflenet_v2_x1_0,0.075596,126,ncnn_cpu,68,ok,0.002054
ncnn,79.66946,,ncnn_layer,Concat:/stage2/stage2.1/Concat,0.22,0.179412,0.17,shufflenet_v2_x1_0,0.66351,46,ncnn_cpu,68,ok,0.010556
ncnn,86.525904,,ncnn_layer,ShuffleChannel:/stage2/stage2.1/Reshape_1,0.16,0.130147,0.12,shufflenet_v2_x1_0,0.481316,58,ncnn_cpu,68,ok,0.007173
ncnn,100.0,,ncnn_layer,Split:splitncnn_2,0.0,0.0,0.0,shufflenet_v2_x1_0,0.0,157,ncnn_cpu,68,ok,0.0
ncnn,79.005951,,ncnn_layer,Crop:/stage2/stage2.2/Slice,0.22,0.185882,0.17,shufflenet_v2_x1_0,0.687437,45,ncnn_cpu,68,ok,0.008087
ncnn,84.001308,,ncnn_layer,Crop:/stage2/stage2.2/Slice_1,0.19,0.144118,0.13,shufflenet_v2_x1_0,0.532984,53,ncnn_cpu,68,ok,0.00943
ncnn,37.20272,,ncnn_layer,Convolution:/stage2/stage2.2/branch2/branch2.0/Conv,0.48,0.445882,0.43,shufflenet_v2_x1_0,1.648981,10,ncnn_cpu,68,ok,0.00943
ncnn,98.780137,,ncnn_layer,ReLU:/stage2/stage2.2/branch2/branch2.2/Relu,0.04,0.020441,0.02,shufflenet_v2_x1_0,0.075596,127,ncnn_cpu,68,ok,0.002676
ncnn,85.036817,,ncnn_layer,ConvolutionDepthWise:/stage2/stage2.2/branch2/branch2.3/Conv,0.2,0.138676,0.13,shufflenet_v2_x1_0,0.512858,55,ncnn_cpu,68,ok,0.012115
ncnn,42.078421,,ncnn_layer,Convolution:/stage2/stage2.2/branch2/branch2.5/Conv,0.46,0.433529,0.42,shufflenet_v2_x1_0,1.603297,13,ncnn_cpu,68,ok,0.008534
ncnn,98.930785,,ncnn_layer,ReLU:/stage2/stage2.2/branch2/branch2.7/Relu,0.03,0.020294,0.02,shufflenet_v2_x1_0,0.075052,129,ncnn_cpu,68,ok,0.00169
ncnn,80.973092,,ncnn_layer,Concat:/stage2/stage2.2/Concat,0.22,0.175441,0.16,shufflenet_v2_x1_0,0.648824,48,ncnn_cpu,68,ok,0.010352
ncnn,86.99036,,ncnn_layer,ShuffleChannel:/stage2/stage2.2/Reshape_1,0.15,0.125588,0.12,shufflenet_v2_x1_0,0.464455,59,ncnn_cpu,68,ok,0.00715
ncnn,100.0,,ncnn_layer,Split:splitncnn_3,0.0,0.0,0.0,shufflenet_v2_x1_0,0.0,158,ncnn_cpu,68,ok,0.0
ncnn,80.324268,,ncnn_layer,Crop:/stage2/stage2.3/Slice,0.24,0.177059,0.16,shufflenet_v2_x1_0,0.654808,47,ncnn_cpu,68,ok,0.010718
ncnn,85.545326,,ncnn_layer,Crop:/stage2/stage2.3/Slice_1,0.16,0.1375,0.12,shufflenet_v2_x1_0,0.508509,56,ncnn_cpu,68,ok,0.008292
ncnn,40.475124,,ncnn_layer,Convolution:/stage2/stage2.3/branch2/branch2.0/Conv,0.5,0.440588,0.43,shufflenet_v2_x1_0,1.629403,12,ncnn_cpu,68,ok,0.009983
ncnn,98.855733,,ncnn_layer,ReLU:/stage2/stage2.3/branch2/branch2.2/Relu,0.04,0.020441,0.02,shufflenet_v2_x1_0,0.075596,128,ncnn_cpu,68,ok,0.002676
ncnn,86.044589,,ncnn_layer,ConvolutionDepthWise:/stage2/stage2.3/branch2/branch2.3/Conv,0.16,0.135,0.13,shufflenet_v2_x1_0,0.499263,57,ncnn_cpu,68,ok,0.00653
ncnn,43.677912,,ncnn_layer,Convolution:/stage2/stage2.3/branch2/branch2.5/Conv,0.49,0.4325,0.42,shufflenet_v2_x1_0,1.599491,14,ncnn_cpu,68,ok,0.012646
ncnn,98.628946,,ncnn_layer,ReLU:/stage2/stage2.3/branch2/branch2.7/Relu,0.04,0.020588,0.02,shufflenet_v2_x1_0,0.076139,125,ncnn_cpu,68,ok,0.002912
ncnn,82.88041,,ncnn_layer,Concat:/stage2/stage2.3/Concat,0.2,0.168824,0.16,shufflenet_v2_x1_0,0.624353,51,ncnn_cpu,68,ok,0.007579
ncnn,87.443395,,ncnn_layer,ShuffleChannel:/stage2/stage2.3/Reshape_1,0.15,0.1225,0.11,shufflenet_v2_x1_0,0.453035,60,ncnn_cpu,68,ok,0.005784
ncnn,100.0,,ncnn_layer,Split:splitncnn_4,0.0,0.0,0.0,shufflenet_v2_x1_0,0.0,159,ncnn_cpu,68,ok,0.0
ncnn,76.905565,,ncnn_layer,ConvolutionDepthWise:/stage3/stage3.0/branch1/branch1.0/Conv,0.22,0.194706,0.18,shufflenet_v2_x1_0,0.720071,42,ncnn_cpu,68,ok,0.007759
ncnn,48.951721,,ncnn_layer,Convolution:/stage3/stage3.0/branch1/branch1.2/Conv,0.4,0.342941,0.34,shufflenet_v2_x1_0,1.26828,18,ncnn_cpu,68,ok,0.009861
ncnn,99.143435,,ncnn_layer,ReLU:/stage3/stage3.0/branch1/branch1.4/Relu,0.02,0.017941,0.01,shufflenet_v2_x1_0,0.06635,132,ncnn_cpu,68,ok,0.004043
ncnn,21.134387,,ncnn_layer,Convolution:/stage3/stage3.0/branch2/branch2.0/Conv,1.35,1.295588,1.28,shufflenet_v2_x1_0,4.791403,3,ncnn_cpu,68,ok,0.014791
ncnn,91.087794,,ncnn_layer,ReLU:/stage3/stage3.0/branch2/branch2.2/Relu,0.08,0.060147,0.05,shufflenet_v2_x1_0,0.222438,72,ncnn_cpu,68,ok,0.002708
ncnn,82.256058,,ncnn_layer,ConvolutionDepthWise:/stage3/stage3.0/branch2/branch2.3/Conv,0.2,0.172059,0.16,shufflenet_v2_x1_0,0.636316,50,ncnn_cpu,68,ok,0.007776
ncnn,46.411352,,ncnn_layer,Convolution:/stage3/stage3.0/branch2/branch2.5/Conv,0.37,0.344706,0.34,shufflenet_v2_x1_0,1.274807,16,ncnn_cpu,68,ok,0.009151
ncnn,99.077084,,ncnn_layer,ReLU:/stage3/stage3.0/branch2/branch2.7/Relu,0.02,0.019412,0.01,shufflenet_v2_x1_0,0.07179,131,ncnn_cpu,68,ok,0.002353
ncnn,91.728459,,ncnn_layer,Concat:/stage3/stage3.0/Concat,0.08,0.052941,0.05,shufflenet_v2_x1_0,0.195789,75,ncnn_cpu,68,ok,0.005439
ncnn,91.310232,,ncnn_layer,ShuffleChannel:/stage3/stage3.0/Reshape_1,0.07,0.060147,0.06,shufflenet_v2_x1_0,0.222438,73,ncnn_cpu,68,ok,0.001204
ncnn,100.0,,ncnn_layer,Split:splitncnn_5,0.0,0.0,0.0,shufflenet_v2_x1_0,0.0,160,ncnn_cpu,68,ok,0.0
ncnn,95.464231,,ncnn_layer,Crop:/stage3/stage3.1/Slice,0.07,0.041029,0.04,shufflenet_v2_x1_0,0.151735,97,ncnn_cpu,68,ok,0.004249
ncnn,93.894108,,ncnn_layer,Crop:/stage3/stage3.1/Slice_1,0.05,0.045,0.04,shufflenet_v2_x1_0,0.166421,87,ncnn_cpu,68,ok,0.005
ncnn,58.801018,,ncnn_layer,Convolution:/stage3/stage3.1/branch2/branch2.0/Conv,0.36,0.331765,0.33,shufflenet_v2_x1_0,1.226948,26,ncnn_cpu,68,ok,0.005926
ncnn,99.471916,,ncnn_layer,ReLU:/stage3/stage3.1/branch2/branch2.2/Relu,0.02,0.010441,0.01,shufflenet_v2_x1_0,0.038613,140,ncnn_cpu,68,ok,0.002054
ncnn,89.746096,,ncnn_layer,ConvolutionDepthWise:/stage3/stage3.1/branch2/branch2.3/Conv,0.09,0.066029,0.06,shufflenet_v2_x1_0,0.244191,66,ncnn_cpu,68,ok,0.006449
ncnn,51.419757,,ncnn_layer,Convolution:/stage3/stage3.1/branch2/branch2.5/Conv,0.39,0.333529,0.33,shufflenet_v2_x1_0,1.233472,20,ncnn_cpu,68,ok,0.010112
ncnn,99.192924,,ncnn_layer,ReLU:/stage3/stage3.1/branch2/branch2.7/Relu,0.02,0.013382,0.01,shufflenet_v2_x1_0,0.04949,133,ncnn_cpu,68,ok,0.004731
ncnn,92.671508,,ncnn_layer,Concat:/stage3/stage3.1/Concat,0.11,0.050441,0.04,shufflenet_v2_x1_0,0.186543,80,ncnn_cpu,68,ok,0.00756
ncnn,91.923705,,ncnn_layer,ShuffleChannel:/stage3/stage3.1/Reshape_1,0.12,0.052794,0.05,shufflenet_v2_x1_0,0.195245,76,ncnn_cpu,68,ok,0.00905
ncnn,100.0,,ncnn_layer,Split:splitncnn_6,0.0,0.0,0.0,shufflenet_v2_x1_0,0.0,161,ncnn_cpu,68,ok,0.0
ncnn,96.207686,,ncnn_layer,Crop:/stage3/stage3.2/Slice,0.06,0.039559,0.03,shufflenet_v2_x1_0,0.146299,102,ncnn_cpu,68,ok,0.00498
ncnn,95.004669,,ncnn_layer,Crop:/stage3/stage3.2/Slice_1,0.05,0.041618,0.04,shufflenet_v2_x1_0,0.153914,94,ncnn_cpu,68,ok,0.003682
ncnn,64.933586,,ncnn_layer,Convolution:/stage3/stage3.2/branch2/branch2.0/Conv,0.35,0.331471,0.32,shufflenet_v2_x1_0,1.225861,31,ncnn_cpu,68,ok,0.005495
ncnn,99.314745,,ncnn_layer,ReLU:/stage3/stage3.2/branch2/branch2.2/Relu,0.04,0.010882,0.01,shufflenet_v2_x1_0,0.040244,136,ncnn_cpu,68,ok,0.004107
ncnn,90.419391,,ncnn_layer,ConvolutionDepthWise:/stage3/stage3.2/branch2/branch2.3/Conv,0.08,0.060294,0.06,shufflenet_v2_x1_0,0.222982,69,ncnn_cpu,68,ok,0.002407
ncnn,56.346034,,ncnn_layer,Convolution:/stage3/stage3.2/branch2/branch2.5/Conv,0.39,0.332059,0.32,shufflenet_v2_x1_0,1.228036,24,ncnn_cpu,68,ok,0.00948
ncnn,99.233712,,ncnn_layer,ReLU:/stage3/stage3.2/branch2/branch2.7/Relu,0.02,0.011029,0.01,shufflenet_v2_x1_0,0.040788,134,ncnn_cpu,68,ok,0.003039
ncnn,94.694667,,ncnn_layer,Concat:/stage3/stage3.2/Concat,0.05,0.042794,0.04,shufflenet_v2_x1_0,0.158263,92,ncnn_cpu,68,ok,0.004487
ncnn,92.110791,,ncnn_layer,ShuffleChannel:/stage3/stage3.2/Reshape_1,0.07,0.050588,0.04,shufflenet_v2_x1_0,0.187087,77,ncnn_cpu,68,ok,0.003379
ncnn,100.0,,ncnn_layer,Split:splitncnn_7,0.0,0.0,0.0,shufflenet_v2_x1_0,0.0,162,ncnn_cpu,68,ok,0.0
ncnn,96.6096,,ncnn_layer,Crop:/stage3/stage3.3/Slice,0.06,0.034265,0.03,shufflenet_v2_x1_0,0.12672,105,ncnn_cpu,68,ok,0.005769
ncnn,95.614336,,ncnn_layer,Crop:/stage3/stage3.3/Slice_1,0.07,0.040588,0.04,shufflenet_v2_x1_0,0.150104,98,ncnn_cpu,68,ok,0.003789
ncnn,62.48132,,ncnn_layer,Convolution:/stage3/stage3.3/branch2/branch2.0/Conv,0.35,0.331618,0.32,shufflenet_v2_x1_0,1.226405,29,ncnn_cpu,68,ok,0.00609
ncnn,99.354445,,ncnn_layer,ReLU:/stage3/stage3.3/branch2/branch2.2/Relu,0.03,0.010735,0.01,shufflenet_v2_x1_0,0.039701,137,ncnn_cpu,68,ok,0.003123
ncnn,91.532671,,ncnn_layer,ConvolutionDepthWise:/stage3/stage3.3/branch2/branch2.3/Conv,0.07,0.060147,0.06,shufflenet_v2_x1_0,0.222438,74,ncnn_cpu,68,ok,0.001204
ncnn,72.275144,,ncnn_layer,Convolution:/stage3/stage3.3/branch2/branch2.5/Conv,0.35,0.330147,0.32,shufflenet_v2_x1_0,1.220965,37,ncnn_cpu,68,ok,0.005814
ncnn,99.394146,,ncnn_layer,ReLU:/stage3/stage3.3/branch2/branch2.7/Relu,0.04,0.010735,0.01,shufflenet_v2_x1_0,0.039701,138,ncnn_cpu,68,ok,0.003954
ncnn,94.377598,,ncnn_layer,Concat:/stage3/stage3.3/Concat,0.07,0.043088,0.04,shufflenet_v2_x1_0,0.15935,90,ncnn_cpu,68,ok,0.005754
ncnn,92.297878,,ncnn_layer,ShuffleChannel:/stage3/stage3.3/Reshape_1,0.09,0.050588,0.04,shufflenet_v2_x1_0,0.187087,78,ncnn_cpu,68,ok,0.00639
ncnn,100.0,,ncnn_layer,Split:splitncnn_8,0.0,0.0,0.0,shufflenet_v2_x1_0,0.0,163,ncnn_cpu,68,ok,0.0
ncnn,96.731424,,ncnn_layer,Crop:/stage3/stage3.4/Slice,0.05,0.032941,0.03,shufflenet_v2_x1_0,0.121824,106,ncnn_cpu,68,ok,0.005162
ncnn,95.763896,,ncnn_layer,Crop:/stage3/stage3.4/Slice_1,0.05,0.040441,0.04,shufflenet_v2_x1_0,0.149561,99,ncnn_cpu,68,ok,0.002054
ncnn,55.117998,,ncnn_layer,Convolution:/stage3/stage3.4/branch2/branch2.0/Conv,0.4,0.333088,0.33,shufflenet_v2_x1_0,1.231841,23,ncnn_cpu,68,ok,0.010038
ncnn,99.51053,,ncnn_layer,ReLU:/stage3/stage3.4/branch2/branch2.2/Relu,0.03,0.010441,0.01,shufflenet_v2_x1_0,0.038613,141,ncnn_cpu,68,ok,0.002676
ncnn,90.642373,,ncnn_layer,ConvolutionDepthWise:/stage3/stage3.4/branch2/branch2.3/Conv,0.07,0.060294,0.06,shufflenet_v2_x1_0,0.222982,70,ncnn_cpu,68,ok,0.00169
ncnn,63.707725,,ncnn_layer,Convolution:/stage3/stage3.4/branch2/branch2.5/Conv,0.35,0.331618,0.32,shufflenet_v2_x1_0,1.226405,30,ncnn_cpu,68,ok,0.00609
ncnn,99.549143,,ncnn_layer,ReLU:/stage3/stage3.4/branch2/branch2.7/Relu,0.02,0.010441,0.01,shufflenet_v2_x1_0,0.038613,142,ncnn_cpu,68,ok,0.002054
ncnn,93.55746,,ncnn_layer,Concat:/stage3/stage3.4/Concat,0.06,0.046765,0.04,shufflenet_v2_x1_0,0.172948,85,ncnn_cpu,68,ok,0.004983
ncnn,92.484965,,ncnn_layer,ShuffleChannel:/stage3/stage3.4/Reshape_1,0.07,0.050588,0.04,shufflenet_v2_x1_0,0.187087,79,ncnn_cpu,68,ok,0.004815
ncnn,100.0,,ncnn_layer,Split:splitncnn_9,0.0,0.0,0.0,shufflenet_v2_x1_0,0.0,164,ncnn_cpu,68,ok,0.0
ncnn,96.352897,,ncnn_layer,Crop:/stage3/stage3.5/Slice,0.05,0.039265,0.03,shufflenet_v2_x1_0,0.145212,103,ncnn_cpu,68,ok,0.003123
ncnn,95.158582,,ncnn_layer,Crop:/stage3/stage3.5/Slice_1,0.06,0.041618,0.04,shufflenet_v2_x1_0,0.153914,95,ncnn_cpu,68,ok,0.004062
ncnn,50.186284,,ncnn_layer,Convolution:/stage3/stage3.5/branch2/branch2.0/Conv,0.39,0.333824,0.33,shufflenet_v2_x1_0,1.234563,19,ncnn_cpu,68,ok,0.011508
ncnn,99.700878,,ncnn_layer,ReLU:/stage3/stage3.5/branch2/branch2.2/Relu,0.02,0.010147,0.01,shufflenet_v2_x1_0,0.037526,146,ncnn_cpu,68,ok,0.001204
ncnn,89.971253,,ncnn_layer,ConvolutionDepthWise:/stage3/stage3.5/branch2/branch2.3/Conv,0.08,0.060882,0.06,shufflenet_v2_x1_0,0.225157,67,ncnn_cpu,68,ok,0.003315
ncnn,68.6079,,ncnn_layer,Convolution:/stage3/stage3.5/branch2/branch2.5/Conv,0.35,0.331029,0.32,shufflenet_v2_x1_0,1.224227,34,ncnn_cpu,68,ok,0.005975
ncnn,99.587213,,ncnn_layer,ReLU:/stage3/stage3.5/branch2/branch2.7/Relu,0.02,0.010294,0.01,shufflenet_v2_x1_0,0.03807,143,ncnn_cpu,68,ok,0.00169
ncnn,94.058354,,ncnn_layer,Concat:/stage3/stage3.5/Concat,0.07,0.044412,0.04,shufflenet_v2_x1_0,0.164246,88,ncnn_cpu,68,ok,0.005786
ncnn,93.21102,,ncnn_layer,ShuffleChannel:/stage3/stage3.5/Reshape_1,0.07,0.047353,0.04,shufflenet_v2_x1_0,0.175123,83,ncnn_cpu,68,ok,0.005319
ncnn,100.0,,ncnn_layer,Split:splitncnn_10,0.0,0.0,0.0,shufflenet_v2_x1_0,0.0,165,ncnn_cpu,68,ok,0.0
ncnn,96.847811,,ncnn_layer,Crop:/stage3/stage3.6/Slice,0.04,0.031471,0.03,shufflenet_v2_x1_0,0.116387,107,ncnn_cpu,68,ok,0.003542
ncnn,95.913457,,ncnn_layer,Crop:/stage3/stage3.6/Slice_1,0.05,0.040441,0.04,shufflenet_v2_x1_0,0.149561,100,ncnn_cpu,68,ok,0.002054
ncnn,60.027967,,ncnn_layer,Convolution:/stage3/stage3.6/branch2/branch2.0/Conv,0.36,0.331765,0.32,shufflenet_v2_x1_0,1.226948,27,ncnn_cpu,68,ok,0.006403
ncnn,99.738405,,ncnn_layer,ReLU:/stage3/stage3.6/branch2/branch2.2/Relu,0.02,0.010147,0.01,shufflenet_v2_x1_0,0.037526,147,ncnn_cpu,68,ok,0.001204
ncnn,90.865355,,ncnn_layer,ConvolutionDepthWise:/stage3/stage3.6/branch2/branch2.3/Conv,0.08,0.060294,0.06,shufflenet_v2_x1_0,0.222982,71,ncnn_cpu,68,ok,0.002407
ncnn,71.054179,,ncnn_layer,Convolution:/stage3/stage3.6/branch2/branch2.5/Conv,0.39,0.330588,0.32,shufflenet_v2_x1_0,1.222596,36,ncnn_cpu,68,ok,0.008725
ncnn,99.625283,,ncnn_layer,ReLU:/stage3/stage3.6/branch2/branch2.7/Relu,0.02,0.010294,0.01,shufflenet_v2_x1_0,0.03807,144,ncnn_cpu,68,ok,0.00169
ncnn,94.850755,,ncnn_layer,Concat:/stage3/stage3.6/Concat,0.06,0.042206,0.04,shufflenet_v2_x1_0,0.156088,93,ncnn_cpu,68,ok,0.004804
ncnn,93.035897,,ncnn_layer,ShuffleChannel:/stage3/stage3.6/Reshape_1,0.06,0.048971,0.04,shufflenet_v2_x1_0,0.181107,82,ncnn_cpu,68,ok,0.003888
ncnn,100.0,,ncnn_layer,Split:splitncnn_11,0.0,0.0,0.0,shufflenet_v2_x1_0,0.0,166,ncnn_cpu,68,ok,0.0
ncnn,96.48288,,ncnn_layer,Crop:/stage3/stage3.7/Slice,0.05,0.035147,0.03,shufflenet_v2_x1_0,0.129982,104,ncnn_cpu,68,ok,0.005284
ncnn,95.312496,,ncnn_layer,Crop:/stage3/stage3.7/Slice_1,0.11,0.041618,0.04,shufflenet_v2_x1_0,0.153914,96,ncnn_cpu,68,ok,0.008679
ncnn,66.158904,,ncnn_layer,Convolution:/stage3/stage3.7/branch2/branch2.0/Conv,0.35,0.331324,0.33,shufflenet_v2_x1_0,1.225318,32,ncnn_cpu,68,ok,0.004822
ncnn,99.433303,,ncnn_layer,ReLU:/stage3/stage3.7/branch2/branch2.2/Relu,0.02,0.010588,0.01,shufflenet_v2_x1_0,0.039157,139,ncnn_cpu,68,ok,0.002353
ncnn,90.196409,,ncnn_layer,ConvolutionDepthWise:/stage3/stage3.7/branch2/branch2.3/Conv,0.08,0.060882,0.06,shufflenet_v2_x1_0,0.225157,68,ncnn_cpu,68,ok,0.003732
ncnn,61.254915,,ncnn_layer,Convolution:/stage3/stage3.7/branch2/branch2.5/Conv,0.35,0.331765,0.33,shufflenet_v2_x1_0,1.226948,28,ncnn_cpu,68,ok,0.005673
ncnn,99.2745,,ncnn_layer,ReLU:/stage3/stage3.7/branch2/branch2.7/Relu,0.03,0.011029,0.01,shufflenet_v2_x1_0,0.040788,135,ncnn_cpu,68,ok,0.003489
ncnn,94.218248,,ncnn_layer,Concat:/stage3/stage3.7/Concat,0.06,0.043235,0.04,shufflenet_v2_x1_0,0.159894,89,ncnn_cpu,68,ok,0.004983
ncnn,92.85479,,ncnn_layer,ShuffleChannel:/stage3/stage3.7/Reshape_1,0.07,0.049559,0.04,shufflenet_v2_x1_0,0.183281,81,ncnn_cpu,68,ok,0.005799
ncnn,100.0,,ncnn_layer,Split:splitncnn_12,0.0,0.0,0.0,shufflenet_v2_x1_0,0.0,167,ncnn_cpu,68,ok,0.0
ncnn,89.123378,,ncnn_layer,ConvolutionDepthWise:/stage4/stage4.0/branch1/branch1.0/Conv,0.12,0.103824,0.1,shufflenet_v2_x1_0,0.383967,64,ncnn_cpu,68,ok,0.005948
ncnn,53.886157,,ncnn_layer,Convolution:/stage4/stage4.0/branch1/branch1.2/Conv,0.36,0.333382,0.33,shufflenet_v2_x1_0,1.232929,22,ncnn_cpu,68,ok,0.007398
ncnn,99.775387,,ncnn_layer,ReLU:/stage4/stage4.0/branch1/branch1.4/Relu,0.01,0.01,0.01,shufflenet_v2_x1_0,0.036982,148,ncnn_cpu,68,ok,0.0
ncnn,25.75121,,ncnn_layer,Convolution:/stage4/stage4.0/branch2/branch2.0/Conv,1.3,1.248382,1.24,shufflenet_v2_x1_0,4.616823,4,ncnn_cpu,68,ok,0.01357
ncnn,97.188265,,ncnn_layer,ReLU:/stage4/stage4.0/branch2/branch2.2/Relu,0.05,0.030588,0.03,shufflenet_v2_x1_0,0.113122,110,ncnn_cpu,68,ok,0.003379
ncnn,88.739412,,ncnn_layer,ConvolutionDepthWise:/stage4/stage4.0/branch2/branch2.3/Conv,0.12,0.108676,0.1,shufflenet_v2_x1_0,0.401911,63,ncnn_cpu,68,ok,0.004506
ncnn,47.683441,,ncnn_layer,Convolution:/stage4/stage4.0/branch2/branch2.5/Conv,0.41,0.343971,0.34,shufflenet_v2_x1_0,1.272089,17,ncnn_cpu,68,ok,0.012264
ncnn,99.81237,,ncnn_layer,ReLU:/stage4/stage4.0/branch2/branch2.7/Relu,0.01,0.01,0.01,shufflenet_v2_x1_0,0.036982,149,ncnn_cpu,68,ok,0.0
ncnn,97.411247,,ncnn_layer,Concat:/stage4/stage4.0/Concat,0.03,0.03,0.03,shufflenet_v2_x1_0,0.110947,112,ncnn_cpu,68,ok,0.0
ncnn,96.961477,,ncnn_layer,ShuffleChannel:/stage4/stage4.0/Reshape_1,0.05,0.030735,0.03,shufflenet_v2_x1_0,0.113666,108,ncnn_cpu,68,ok,0.003563
ncnn,100.0,,ncnn_layer,Split:splitncnn_13,0.0,0.0,0.0,shufflenet_v2_x1_0,0.0,168,ncnn_cpu,68,ok,0.0
ncnn,98.230297,,ncnn_layer,Crop:/stage4/stage4.1/Slice,0.03,0.0225,0.02,shufflenet_v2_x1_0,0.083211,120,ncnn_cpu,68,ok,0.00433
ncnn,98.055174,,ncnn_layer,Crop:/stage4/stage4.1/Slice_1,0.05,0.025735,0.02,shufflenet_v2_x1_0,0.095174,118,ncnn_cpu,68,ok,0.005769
ncnn,67.383674,,ncnn_layer,Convolution:/stage4/stage4.1/branch2/branch2.0/Conv,0.35,0.331176,0.32,shufflenet_v2_x1_0,1.22477,33,ncnn_cpu,68,ok,0.005009
ncnn,99.663352,,ncnn_layer,ReLU:/stage4/stage4.1/branch2/branch2.2/Relu,0.03,0.010294,0.01,shufflenet_v2_x1_0,0.03807,145,ncnn_cpu,68,ok,0.002407
ncnn,93.384512,,ncnn_layer,ConvolutionDepthWise:/stage4/stage4.1/branch2/branch2.3/Conv,0.07,0.046912,0.04,shufflenet_v2_x1_0,0.173492,84,ncnn_cpu,68,ok,0.005493
ncnn,69.831583,,ncnn_layer,Convolution:/stage4/stage4.1/branch2/branch2.5/Conv,0.35,0.330882,0.33,shufflenet_v2_x1_0,1.223683,35,ncnn_cpu,68,ok,0.003732
ncnn,99.849352,,ncnn_layer,ReLU:/stage4/stage4.1/branch2/branch2.7/Relu,0.01,0.01,0.01,shufflenet_v2_x1_0,0.036982,150,ncnn_cpu,68,ok,0.0
ncnn,97.522194,,ncnn_layer,Concat:/stage4/stage4.1/Concat,0.03,0.03,0.03,shufflenet_v2_x1_0,0.110947,113,ncnn_cpu,68,ok,0.0
ncnn,97.075143,,ncnn_layer,ShuffleChannel:/stage4/stage4.1/Reshape_1,0.06,0.030735,0.03,shufflenet_v2_x1_0,0.113666,109,ncnn_cpu,68,ok,0.00431
ncnn,100.0,,ncnn_layer,Split:splitncnn_14,0.0,0.0,0.0,shufflenet_v2_x1_0,0.0,169,ncnn_cpu,68,ok,0.0
ncnn,98.552806,,ncnn_layer,Crop:/stage4/stage4.2/Slice,0.03,0.020882,0.02,shufflenet_v2_x1_0,0.077227,124,ncnn_cpu,68,ok,0.002836
ncnn,98.147086,,ncnn_layer,Crop:/stage4/stage4.2/Slice_1,0.03,0.024853,0.02,shufflenet_v2_x1_0,0.091912,119,ncnn_cpu,68,ok,0.004998
ncnn,73.495565,,ncnn_layer,Convolution:/stage4/stage4.2/branch2/branch2.0/Conv,0.39,0.33,0.32,shufflenet_v2_x1_0,1.220421,38,ncnn_cpu,68,ok,0.01071
ncnn,99.886334,,ncnn_layer,ReLU:/stage4/stage4.2/branch2/branch2.2/Relu,0.01,0.01,0.01,shufflenet_v2_x1_0,0.036982,151,ncnn_cpu,68,ok,0.0
ncnn,93.727687,,ncnn_layer,ConvolutionDepthWise:/stage4/stage4.2/branch2/branch2.3/Conv,0.08,0.046029,0.04,shufflenet_v2_x1_0,0.170227,86,ncnn_cpu,68,ok,0.0071
ncnn,57.57407,,ncnn_layer,Convolution:/stage4/stage4.2/branch2/branch2.5/Conv,0.36,0.332059,0.33,shufflenet_v2_x1_0,1.228036,25,ncnn_cpu,68,ok,0.005831
ncnn,99.923317,,ncnn_layer,ReLU:/stage4/stage4.2/branch2/branch2.7/Relu,0.01,0.01,0.01,shufflenet_v2_x1_0,0.036982,152,ncnn_cpu,68,ok,0.0
ncnn,97.854492,,ncnn_layer,Concat:/stage4/stage4.2/Concat,0.03,0.029853,0.02,shufflenet_v2_x1_0,0.110404,116,ncnn_cpu,68,ok,0.001204
ncnn,97.633141,,ncnn_layer,ShuffleChannel:/stage4/stage4.2/Reshape_1,0.03,0.03,0.03,shufflenet_v2_x1_0,0.110947,114,ncnn_cpu,68,ok,0.0
ncnn,100.0,,ncnn_layer,Split:splitncnn_15,0.0,0.0,0.0,shufflenet_v2_x1_0,0.0,170,ncnn_cpu,68,ok,0.0
ncnn,98.394543,,ncnn_layer,Crop:/stage4/stage4.3/Slice,0.03,0.022059,0.02,shufflenet_v2_x1_0,0.08158,122,ncnn_cpu,68,ok,0.004043
ncnn,97.96,,ncnn_layer,Crop:/stage4/stage4.3/Slice_1,0.05,0.028529,0.02,shufflenet_v2_x1_0,0.105507,117,ncnn_cpu,68,ok,0.004622
ncnn,74.714355,,ncnn_layer,Convolution:/stage4/stage4.3/branch2/branch2.0/Conv,0.35,0.329559,0.32,shufflenet_v2_x1_0,1.21879,39,ncnn_cpu,68,ok,0.006286
ncnn,99.960299,,ncnn_layer,ReLU:/stage4/stage4.3/branch2/branch2.2/Relu,0.01,0.01,0.01,shufflenet_v2_x1_0,0.036982,153,ncnn_cpu,68,ok,0.0
ncnn,94.536404,,ncnn_layer,ConvolutionDepthWise:/stage4/stage4.3/branch2/branch2.3/Conv,0.05,0.042941,0.04,shufflenet_v2_x1_0,0.158806,91,ncnn_cpu,68,ok,0.004556
ncnn,52.653229,,ncnn_layer,Convolution:/stage4/stage4.3/branch2/branch2.5/Conv,0.36,0.333529,0.33,shufflenet_v2_x1_0,1.233472,21,ncnn_cpu,68,ok,0.009198
ncnn,99.997282,,ncnn_layer,ReLU:/stage4/stage4.3/branch2/branch2.7/Relu,0.01,0.01,0.01,shufflenet_v2_x1_0,0.036982,154,ncnn_cpu,68,ok,0.0
ncnn,97.744089,,ncnn_layer,Concat:/stage4/stage4.3/Concat,0.03,0.03,0.03,shufflenet_v2_x1_0,0.110947,115,ncnn_cpu,68,ok,0.0
ncnn,97.300299,,ncnn_layer,ShuffleChannel:/stage4/stage4.3/Reshape_1,0.05,0.030294,0.03,shufflenet_v2_x1_0,0.112035,111,ncnn_cpu,68,ok,0.002407
ncnn,9.049825,,ncnn_layer,Convolution:/conv5/conv5.0/Conv,2.5,2.447059,2.42,shufflenet_v2_x1_0,9.049825,1,ncnn_cpu,68,ok,0.017155
ncnn,96.061387,,ncnn_layer,ReLU:/conv5/conv5.2/Relu,0.04,0.04,0.04,shufflenet_v2_x1_0,0.14793,101,ncnn_cpu,68,ok,0.0
ncnn,88.337501,,ncnn_layer,Reduction:/ReduceMean,0.15,0.119412,0.11,shufflenet_v2_x1_0,0.441615,62,ncnn_cpu,68,ok,0.007047
ncnn,45.136544,,ncnn_layer,InnerProduct:/fc/Gemm,0.43,0.394412,0.39,shufflenet_v2_x1_0,1.458632,15,ncnn_cpu,68,ok,0.011032
ncnn,10.217361,,ncnn_layer,Convolution:/conv1/conv1.0/Conv,0.92302,0.917622,0.9124,shufflenet_v2_x1_0,10.217361,1,ncnn_vulkan,70,ok,0.002662
ncnn,63.015666,,ncnn_layer,ReLU:/conv1/conv1.2/Relu,0.08109,0.078926,0.07729,shufflenet_v2_x1_0,0.87881,32,ncnn_vulkan,70,ok,0.000682
ncnn,35.992307,,ncnn_layer,Pooling:/maxpool/MaxPool,0.1826,0.178403,0.17536,shufflenet_v2_x1_0,1.986447,8,ncnn_vulkan,70,ok,0.001401
ncnn,100.0,,ncnn_layer,Split:splitncnn_0,0.00036,0.000332,0.00031,shufflenet_v2_x1_0,0.003697,170,ncnn_vulkan,70,ok,2.5e-05
ncnn,80.051972,,ncnn_layer,ConvolutionDepthWise:/stage2/stage2.0/branch1/branch1.0/Conv,0.05333,0.052362,0.05141,shufflenet_v2_x1_0,0.58303,55,ncnn_vulkan,70,ok,0.000469
ncnn,48.07653,,ncnn_layer,Convolution:/stage2/stage2.0/branch2/branch2.0/Conv,0.10448,0.103372,0.10234,shufflenet_v2_x1_0,1.151007,16,ncnn_vulkan,70,ok,0.000441
ncnn,90.360581,,ncnn_layer,Convolution:/stage2/stage2.0/branch1/branch1.2/Conv,0.03078,0.030293,0.02995,shufflenet_v2_x1_0,0.337301,80,ncnn_vulkan,70,ok,0.000174
ncnn,80.601431,,ncnn_layer,ReLU:/stage2/stage2.0/branch2/branch2.2/Relu,0.05109,0.049347,0.04776,shufflenet_v2_x1_0,0.549459,56,ncnn_vulkan,70,ok,0.000676
ncnn,95.845433,,ncnn_layer,ReLU:/stage2/stage2.0/branch1/branch1.4/Relu,0.01203,0.011576,0.01104,shufflenet_v2_x1_0,0.128894,108,ncnn_vulkan,70,ok,0.000225
ncnn,28.735026,,ncnn_layer,ConvolutionDepthWise:/stage2/stage2.0/branch2/branch2.3/Conv,0.26198,0.259082,0.25667,shufflenet_v2_x1_0,2.884776,5,ncnn_vulkan,70,ok,0.001152
ncnn,57.695985,,ncnn_layer,Convolution:/stage2/stage2.0/branch2/branch2.5/Conv,0.08422,0.083241,0.08214,shufflenet_v2_x1_0,0.926856,26,ncnn_vulkan,70,ok,0.000549
ncnn,95.328776,,ncnn_layer,ReLU:/stage2/stage2.0/branch2/branch2.7/Relu,0.01224,0.011667,0.01104,shufflenet_v2_x1_0,0.129907,104,ncnn_vulkan,70,ok,0.000321
ncnn,39.263789,,ncnn_layer,Concat:/stage2/stage2.0/Concat,0.15026,0.146719,0.14479,shufflenet_v2_x1_0,1.633658,10,ncnn_vulkan,70,ok,0.001153
ncnn,78.210096,,ncnn_layer,ShuffleChannel:/stage2/stage2.0/Reshape_1,0.05891,0.058123,0.05729,shufflenet_v2_x1_0,0.647177,52,ncnn_vulkan,70,ok,0.000319
ncnn,99.947322,,ncnn_layer,Split:splitncnn_1,0.00036,0.000342,0.00031,shufflenet_v2_x1_0,0.003808,156,ncnn_vulkan,70,ok,2.4e-05
ncnn,81.059698,,ncnn_layer,Crop:/stage2/stage2.1/Slice,0.04172,0.041157,0.04083,shufflenet_v2_x1_0,0.458267,57,ncnn_vulkan,70,ok,0.000176
ncnn,82.397599,,ncnn_layer,Crop:/stage2/stage2.1/Slice_1,0.04016,0.039559,0.03927,shufflenet_v2_x1_0,0.440474,60,ncnn_vulkan,70,ok,0.000173
ncnn,61.250441,,ncnn_layer,Convolution:/stage2/stage2.1/branch2/branch2.0/Conv,0.08073,0.079713,0.07823,shufflenet_v2_x1_0,0.887573,30,ncnn_vulkan,70,ok,0.000489
ncnn,95.716539,,ncnn_layer,ReLU:/stage2/stage2.1/branch2/branch2.2/Relu,0.01224,0.011588,0.01094,shufflenet_v2_x1_0,0.129028,107,ncnn_vulkan,70,ok,0.000286
ncnn,43.983526,,ncnn_layer,ConvolutionDepthWise:/stage2/stage2.1/branch2/branch2.3/Conv,0.13276,0.132356,0.13198,shufflenet_v2_x1_0,1.473732,13,ncnn_vulkan,70,ok,0.000187
ncnn,60.362868,,ncnn_layer,Convolution:/stage2/stage2.1/branch2/branch2.5/Conv,0.08115,0.079732,0.07844,shufflenet_v2_x1_0,0.887785,29,ncnn_vulkan,70,ok,0.000597
ncnn,95.973615,,ncnn_layer,ReLU:/stage2/stage2.1/branch2/branch2.7/Relu,0.01203,0.011512,0.01094,shufflenet_v2_x1_0,0.128182,109,ncnn_vulkan,70,ok,0.00026
ncnn,42.509794,,ncnn_layer,Concat:/stage2/stage2.1/Concat,0.14849,0.145435,0.14339,shufflenet_v2_x1_0,1.619362,12,ncnn_vulkan,70,ok,0.001162
ncnn,78.839669,,ncnn_layer,ShuffleChannel:/stage2/stage2.1/Reshape_1,0.05729,0.056542,0.05599,shufflenet_v2_x1_0,0.629573,53,ncnn_vulkan,70,ok,0.000291
ncnn,99.958713,,ncnn_layer,Split:splitncnn_2,0.00036,0.000339,0.00031,shufflenet_v2_x1_0,0.003775,159,ncnn_vulkan,70,ok,2.5e-05
ncnn,81.957126,,ncnn_layer,Crop:/stage2/stage2.2/Slice,0.04078,0.04025,0.03995,shufflenet_v2_x1_0,0.448168,59,ncnn_vulkan,70,ok,0.00018
ncnn,82.837116,,ncnn_layer,Crop:/stage2/stage2.2/Slice_1,0.03984,0.039473,0.03922,shufflenet_v2_x1_0,0.439516,61,ncnn_vulkan,70,ok,0.000164
ncnn,58.586464,,ncnn_layer,Convolution:/stage2/stage2.2/branch2/branch2.0/Conv,0.08161,0.079974,0.07839,shufflenet_v2_x1_0,0.890479,27,ncnn_vulkan,70,ok,0.00062
ncnn,96.101618,,ncnn_layer,ReLU:/stage2/stage2.2/branch2/branch2.2/Relu,0.01203,0.011496,0.01078,shufflenet_v2_x1_0,0.128003,110,ncnn_vulkan,70,ok,0.000279
ncnn,45.454965,,ncnn_layer,ConvolutionDepthWise:/stage2/stage2.2/branch2/branch2.3/Conv,0.1326,0.13215,0.13177,shufflenet_v2_x1_0,1.471438,14,ncnn_vulkan,70,ok,0.00019
ncnn,62.136856,,ncnn_layer,Convolution:/stage2/stage2.2/branch2/branch2.5/Conv,0.08089,0.079609,0.07875,shufflenet_v2_x1_0,0.886415,31,ncnn_vulkan,70,ok,0.000492
ncnn,95.587511,,ncnn_layer,ReLU:/stage2/stage2.2/branch2/branch2.7/Relu,0.01208,0.011606,0.01094,shufflenet_v2_x1_0,0.129228,106,ncnn_vulkan,70,ok,0.000283
ncnn,40.890432,,ncnn_layer,Concat:/stage2/stage2.2/Concat,0.14922,0.146089,0.14323,shufflenet_v2_x1_0,1.626644,11,ncnn_vulkan,70,ok,0.001253
ncnn,79.468942,,ncnn_layer,ShuffleChannel:/stage2/stage2.2/Reshape_1,0.05714,0.056515,0.05609,shufflenet_v2_x1_0,0.629272,54,ncnn_vulkan,70,ok,0.000254
ncnn,99.95113,,ncnn_layer,Split:splitncnn_3,0.00036,0.000342,0.00031,shufflenet_v2_x1_0,0.003808,157,ncnn_vulkan,70,ok,2.4e-05
ncnn,81.508958,,ncnn_layer,Crop:/stage2/stage2.3/Slice,0.04083,0.040348,0.04005,shufflenet_v2_x1_0,0.449259,58,ncnn_vulkan,70,ok,0.000189
ncnn,83.276198,,ncnn_layer,Crop:/stage2/stage2.3/Slice_1,0.0399,0.039434,0.03922,shufflenet_v2_x1_0,0.439082,62,ncnn_vulkan,70,ok,0.00014
ncnn,59.475083,,ncnn_layer,Convolution:/stage2/stage2.3/branch2/branch2.0/Conv,0.08089,0.079807,0.07849,shufflenet_v2_x1_0,0.88862,28,ncnn_vulkan,70,ok,0.000605
ncnn,95.458283,,ncnn_layer,ReLU:/stage2/stage2.3/branch2/branch2.2/Relu,0.0124,0.011631,0.01099,shufflenet_v2_x1_0,0.129507,105,ncnn_vulkan,70,ok,0.00027
ncnn,46.925523,,ncnn_layer,ConvolutionDepthWise:/stage2/stage2.3/branch2/branch2.3/Conv,0.13255,0.132071,0.13146,shufflenet_v2_x1_0,1.470559,15,ncnn_vulkan,70,ok,0.000255
ncnn,52.920708,,ncnn_layer,Convolution:/stage2/stage2.3/branch2/branch2.5/Conv,0.0888,0.086729,0.08505,shufflenet_v2_x1_0,0.965693,21,ncnn_vulkan,70,ok,0.000656
ncnn,95.198869,,ncnn_layer,ReLU:/stage2/stage2.3/branch2/branch2.7/Relu,0.01266,0.011948,0.0113,shufflenet_v2_x1_0,0.133036,103,ncnn_vulkan,70,ok,0.000319
ncnn,37.63013,,ncnn_layer,Concat:/stage2/stage2.3/Concat,0.14958,0.147093,0.14448,shufflenet_v2_x1_0,1.637823,9,ncnn_vulkan,70,ok,0.001138
ncnn,77.562919,,ncnn_layer,ShuffleChannel:/stage2/stage2.3/Reshape_1,0.05922,0.058331,0.05766,shufflenet_v2_x1_0,0.649493,51,ncnn_vulkan,70,ok,0.000332
ncnn,99.962488,,ncnn_layer,Split:splitncnn_4,0.00036,0.000339,0.00031,shufflenet_v2_x1_0,0.003775,160,ncnn_vulkan,70,ok,2.5e-05
ncnn,76.194532,,ncnn_layer,ConvolutionDepthWise:/stage3/stage3.0/branch1/branch1.0/Conv,0.06995,0.068042,0.06651,shufflenet_v2_x1_0,0.757621,49,ncnn_vulkan,70,ok,0.000765
ncnn,34.00586,,ncnn_layer,Convolution:/stage3/stage3.0/branch2/branch2.0/Conv,0.2251,0.223613,0.22229,shufflenet_v2_x1_0,2.489843,7,ncnn_vulkan,70,ok,0.000513
ncnn,63.797249,,ncnn_layer,Convolution:/stage3/stage3.0/branch1/branch1.2/Conv,0.07146,0.070194,0.06786,shufflenet_v2_x1_0,0.781583,33,ncnn_vulkan,70,ok,0.000806
ncnn,90.894174,,ncnn_layer,ReLU:/stage3/stage3.0/branch2/branch2.2/Relu,0.02474,0.023801,0.02292,shufflenet_v2_x1_0,0.265015,82,ncnn_vulkan,70,ok,0.000426
ncnn,97.822483,,ncnn_layer,ReLU:/stage3/stage3.0/branch1/branch1.4/Relu,0.00776,0.007498,0.00719,shufflenet_v2_x1_0,0.083487,126,ncnn_vulkan,70,ok,0.000119
ncnn,76.913427,,ncnn_layer,ConvolutionDepthWise:/stage3/stage3.0/branch2/branch2.3/Conv,0.06599,0.064564,0.06307,shufflenet_v2_x1_0,0.718895,50,ncnn_vulkan,70,ok,0.000638
ncnn,67.690008,,ncnn_layer,Convolution:/stage3/stage3.0/branch2/branch2.5/Conv,0.07094,0.069757,0.0676,shufflenet_v2_x1_0,0.776717,38,ncnn_vulkan,70,ok,0.00073
ncnn,98.817026,,ncnn_layer,ReLU:/stage3/stage3.0/branch2/branch2.7/Relu,0.00771,0.007412,0.00708,shufflenet_v2_x1_0,0.08253,138,ncnn_vulkan,70,ok,0.000135
ncnn,92.854644,,ncnn_layer,Concat:/stage3/stage3.0/Concat,0.02062,0.019857,0.01932,shufflenet_v2_x1_0,0.2211,90,ncnn_vulkan,70,ok,0.000313
ncnn,86.546733,,ncnn_layer,ShuffleChannel:/stage3/stage3.0/Reshape_1,0.03719,0.03652,0.03562,shufflenet_v2_x1_0,0.406636,70,ncnn_vulkan,70,ok,0.000318
ncnn,99.985102,,ncnn_layer,Split:splitncnn_5,0.00036,0.000336,0.00031,shufflenet_v2_x1_0,0.003741,166,ncnn_vulkan,70,ok,2.5e-05
ncnn,96.226593,,ncnn_layer,Crop:/stage3/stage3.1/Slice,0.01188,0.011224,0.01083,shufflenet_v2_x1_0,0.124975,111,ncnn_vulkan,70,ok,0.000205
ncnn,97.220869,,ncnn_layer,Crop:/stage3/stage3.1/Slice_1,0.01026,0.009717,0.00938,shufflenet_v2_x1_0,0.108195,120,ncnn_vulkan,70,ok,0.000194
ncnn,65.35851,,ncnn_layer,Convolution:/stage3/stage3.1/branch2/branch2.0/Conv,0.07146,0.070105,0.0675,shufflenet_v2_x1_0,0.780592,35,ncnn_vulkan,70,ok,0.00083
ncnn,97.905814,,ncnn_layer,ReLU:/stage3/stage3.1/branch2/branch2.2/Relu,0.00776,0.007484,0.00714,shufflenet_v2_x1_0,0.083331,127,ncnn_vulkan,70,ok,0.000136
ncnn,86.941922,,ncnn_layer,ConvolutionDepthWise:/stage3/stage3.1/branch2/branch2.3/Conv,0.03589,0.035492,0.03516,shufflenet_v2_x1_0,0.395189,71,ncnn_vulkan,70,ok,0.000176
ncnn,69.242194,,ncnn_layer,Convolution:/stage3/stage3.1/branch2/branch2.5/Conv,0.07115,0.069688,0.06755,shufflenet_v2_x1_0,0.775949,40,ncnn_vulkan,70,ok,0.000819
ncnn,97.989001,,ncnn_layer,ReLU:/stage3/stage3.1/branch2/branch2.7/Relu,0.00776,0.007471,0.00714,shufflenet_v2_x1_0,0.083187,128,ncnn_vulkan,70,ok,0.000155
ncnn,93.94686,,ncnn_layer,Concat:/stage3/stage3.1/Concat,0.02036,0.019539,0.01885,shufflenet_v2_x1_0,0.217559,95,ncnn_vulkan,70,ok,0.000308
ncnn,85.323151,,ncnn_layer,ShuffleChannel:/stage3/stage3.1/Reshape_1,0.03771,0.03669,0.03604,shufflenet_v2_x1_0,0.408529,67,ncnn_vulkan,70,ok,0.000308
ncnn,99.996303,,ncnn_layer,Split:splitncnn_6,0.00036,0.000334,0.00031,shufflenet_v2_x1_0,0.003719,169,ncnn_vulkan,70,ok,2.5e-05
ncnn,96.567256,,ncnn_layer,Crop:/stage3/stage3.2/Slice,0.01047,0.009985,0.00969,shufflenet_v2_x1_0,0.111179,114,ncnn_vulkan,70,ok,0.000177
ncnn,97.328797,,ncnn_layer,Crop:/stage3/stage3.2/Slice_1,0.01016,0.009693,0.00943,shufflenet_v2_x1_0,0.107928,121,ncnn_vulkan,70,ok,0.000172
ncnn,66.913291,,ncnn_layer,Convolution:/stage3/stage3.2/branch2/branch2.0/Conv,0.07146,0.06981,0.06797,shufflenet_v2_x1_0,0.777307,37,ncnn_vulkan,70,ok,0.000675
ncnn,98.651955,,ncnn_layer,ReLU:/stage3/stage3.2/branch2/branch2.2/Relu,0.00792,0.007414,0.00714,shufflenet_v2_x1_0,0.082552,136,ncnn_vulkan,70,ok,0.00016
ncnn,88.108573,,ncnn_layer,ConvolutionDepthWise:/stage3/stage3.2/branch2/branch2.3/Conv,0.03521,0.03483,0.03443,shufflenet_v2_x1_0,0.387818,74,ncnn_vulkan,70,ok,0.000198
ncnn,66.135984,,ncnn_layer,Convolution:/stage3/stage3.2/branch2/branch2.5/Conv,0.07089,0.069825,0.06792,shufflenet_v2_x1_0,0.777474,36,ncnn_vulkan,70,ok,0.000667
ncnn,98.486684,,ncnn_layer,ReLU:/stage3/stage3.2/branch2/branch2.7/Relu,0.00766,0.007432,0.00714,shufflenet_v2_x1_0,0.082752,134,ncnn_vulkan,70,ok,0.000123
ncnn,92.633544,,ncnn_layer,Concat:/stage3/stage3.2/Concat,0.02068,0.019871,0.01922,shufflenet_v2_x1_0,0.221256,89,ncnn_vulkan,70,ok,0.000287
ncnn,84.50577,,ncnn_layer,ShuffleChannel:/stage3/stage3.2/Reshape_1,0.03771,0.036786,0.03604,shufflenet_v2_x1_0,0.409598,65,ncnn_vulkan,70,ok,0.000332
ncnn,99.966262,,ncnn_layer,Split:splitncnn_7,0.00036,0.000339,0.00031,shufflenet_v2_x1_0,0.003775,161,ncnn_vulkan,70,ok,2.5e-05
ncnn,96.342983,,ncnn_layer,Crop:/stage3/stage3.3/Slice,0.01078,0.010453,0.0101,shufflenet_v2_x1_0,0.11639,112,ncnn_vulkan,70,ok,0.000154
ncnn,97.650498,,ncnn_layer,Crop:/stage3/stage3.3/Slice_1,0.0099,0.009577,0.00938,shufflenet_v2_x1_0,0.106636,124,ncnn_vulkan,70,ok,0.000135
ncnn,75.436911,,ncnn_layer,Convolution:/stage3/stage3.3/branch2/branch2.0/Conv,0.07083,0.069416,0.06745,shufflenet_v2_x1_0,0.77292,48,ncnn_vulkan,70,ok,0.000785
ncnn,98.569403,,ncnn_layer,ReLU:/stage3/stage3.3/branch2/branch2.2/Relu,0.00781,0.007429,0.00714,shufflenet_v2_x1_0,0.082719,135,ncnn_vulkan,70,ok,0.000161
ncnn,89.265993,,ncnn_layer,ConvolutionDepthWise:/stage3/stage3.3/branch2/branch2.3/Conv,0.03547,0.034617,0.03417,shufflenet_v2_x1_0,0.385447,77,ncnn_vulkan,70,ok,0.000194
ncnn,74.663991,,ncnn_layer,Convolution:/stage3/stage3.3/branch2/branch2.5/Conv,0.07135,0.069431,0.06708,shufflenet_v2_x1_0,0.773087,47,ncnn_vulkan,70,ok,0.00081
ncnn,98.981974,,ncnn_layer,ReLU:/stage3/stage3.3/branch2/branch2.7/Relu,0.00781,0.007402,0.00714,shufflenet_v2_x1_0,0.082418,140,ncnn_vulkan,70,ok,0.000151
ncnn,93.511686,,ncnn_layer,Concat:/stage3/stage3.3/Concat,0.02057,0.019565,0.01891,shufflenet_v2_x1_0,0.217849,93,ncnn_vulkan,70,ok,0.000327
ncnn,83.686419,,ncnn_layer,ShuffleChannel:/stage3/stage3.3/Reshape_1,0.03776,0.036842,0.0363,shufflenet_v2_x1_0,0.410221,63,ncnn_vulkan,70,ok,0.00029
ncnn,99.988843,,ncnn_layer,Split:splitncnn_8,0.00036,0.000336,0.00031,shufflenet_v2_x1_0,0.003741,167,ncnn_vulkan,70,ok,2.5e-05
ncnn,96.895794,,ncnn_layer,Crop:/stage3/stage3.4/Slice,0.01016,0.009814,0.00938,shufflenet_v2_x1_0,0.109275,117,ncnn_vulkan,70,ok,0.000148
ncnn,97.112674,,ncnn_layer,Crop:/stage3/stage3.4/Slice_1,0.01036,0.00972,0.00948,shufflenet_v2_x1_0,0.108228,119,ncnn_vulkan,70,ok,0.000183
ncnn,71.568804,,ncnn_layer,Convolution:/stage3/stage3.4/branch2/branch2.0/Conv,0.07125,0.069634,0.06755,shufflenet_v2_x1_0,0.775347,43,ncnn_vulkan,70,ok,0.000767
ncnn,98.321046,,ncnn_layer,ReLU:/stage3/stage3.4/branch2/branch2.2/Relu,0.00786,0.007448,0.00719,shufflenet_v2_x1_0,0.082931,132,ncnn_vulkan,70,ok,0.00016
ncnn,87.720755,,ncnn_layer,ConvolutionDepthWise:/stage3/stage3.4/branch2/branch2.3/Conv,0.03542,0.034834,0.03438,shufflenet_v2_x1_0,0.387863,73,ncnn_vulkan,70,ok,0.000222
ncnn,70.793457,,ncnn_layer,Convolution:/stage3/stage3.4/branch2/branch2.5/Conv,0.07109,0.069658,0.06781,shufflenet_v2_x1_0,0.775614,42,ncnn_vulkan,70,ok,0.000642
ncnn,98.155163,,ncnn_layer,ReLU:/stage3/stage3.4/branch2/branch2.7/Relu,0.00786,0.00746,0.00719,shufflenet_v2_x1_0,0.083064,130,ncnn_vulkan,70,ok,0.000145
ncnn,93.729301,,ncnn_layer,Concat:/stage3/stage3.4/Concat,0.02021,0.019544,0.01896,shufflenet_v2_x1_0,0.217615,94,ncnn_vulkan,70,ok,0.000277
ncnn,85.73168,,ncnn_layer,ShuffleChannel:/stage3/stage3.4/Reshape_1,0.03755,0.03669,0.03609,shufflenet_v2_x1_0,0.408529,68,ncnn_vulkan,70,ok,0.000324
ncnn,99.970037,,ncnn_layer,Split:splitncnn_9,0.00036,0.000339,0.00031,shufflenet_v2_x1_0,0.003775,162,ncnn_vulkan,70,ok,2.5e-05
ncnn,97.436412,,ncnn_layer,Crop:/stage3/stage3.5/Slice,0.0101,0.009665,0.00948,shufflenet_v2_x1_0,0.107616,122,ncnn_vulkan,70,ok,0.000158
ncnn,97.004445,,ncnn_layer,Crop:/stage3/stage3.5/Slice_1,0.01021,0.009758,0.00932,shufflenet_v2_x1_0,0.108652,118,ncnn_vulkan,70,ok,0.000194
ncnn,72.34345,,ncnn_layer,Convolution:/stage3/stage3.5/branch2/branch2.0/Conv,0.07073,0.069571,0.06719,shufflenet_v2_x1_0,0.774646,44,ncnn_vulkan,70,ok,0.000869
ncnn,98.899556,,ncnn_layer,ReLU:/stage3/stage3.5/branch2/branch2.2/Relu,0.00781,0.007412,0.00714,shufflenet_v2_x1_0,0.08253,139,ncnn_vulkan,70,ok,0.000167
ncnn,88.880547,,ncnn_layer,ConvolutionDepthWise:/stage3/stage3.5/branch2/branch2.3/Conv,0.03536,0.034664,0.03427,shufflenet_v2_x1_0,0.38597,76,ncnn_vulkan,70,ok,0.000206
ncnn,68.466246,,ncnn_layer,Convolution:/stage3/stage3.5/branch2/branch2.5/Conv,0.0712,0.069714,0.06688,shufflenet_v2_x1_0,0.776238,39,ncnn_vulkan,70,ok,0.000857
ncnn,99.063691,,ncnn_layer,ReLU:/stage3/stage3.5/branch2/branch2.7/Relu,0.00771,0.007339,0.00714,shufflenet_v2_x1_0,0.081717,141,ncnn_vulkan,70,ok,0.000137
ncnn,93.074842,,ncnn_layer,Concat:/stage3/stage3.5/Concat,0.02047,0.019776,0.01906,shufflenet_v2_x1_0,0.220198,91,ncnn_vulkan,70,ok,0.000302
ncnn,84.914622,,ncnn_layer,ShuffleChannel:/stage3/stage3.5/Reshape_1,0.03745,0.036719,0.03604,shufflenet_v2_x1_0,0.408852,66,ncnn_vulkan,70,ok,0.000302
ncnn,99.973811,,ncnn_layer,Split:splitncnn_10,0.00036,0.000339,0.00031,shufflenet_v2_x1_0,0.003775,163,ncnn_vulkan,70,ok,2.5e-05
ncnn,96.677233,,ncnn_layer,Crop:/stage3/stage3.6/Slice,0.01036,0.009877,0.00964,shufflenet_v2_x1_0,0.109977,115,ncnn_vulkan,70,ok,0.000144
ncnn,96.786519,,ncnn_layer,Crop:/stage3/stage3.6/Slice_1,0.01036,0.009815,0.00948,shufflenet_v2_x1_0,0.109286,116,ncnn_vulkan,70,ok,0.000207
ncnn,64.577918,,ncnn_layer,Convolution:/stage3/stage3.6/branch2/branch2.0/Conv,0.07156,0.070112,0.06786,shufflenet_v2_x1_0,0.78067,34,ncnn_vulkan,70,ok,0.000703
ncnn,98.734496,,ncnn_layer,ReLU:/stage3/stage3.6/branch2/branch2.2/Relu,0.00781,0.007413,0.00714,shufflenet_v2_x1_0,0.082541,137,ncnn_vulkan,70,ok,0.000168
ncnn,87.332892,,ncnn_layer,ConvolutionDepthWise:/stage3/stage3.6/branch2/branch2.3/Conv,0.03547,0.035113,0.03464,shufflenet_v2_x1_0,0.390969,72,ncnn_vulkan,70,ok,0.000205
ncnn,73.117683,,ncnn_layer,Convolution:/stage3/stage3.6/branch2/branch2.5/Conv,0.07073,0.069534,0.06719,shufflenet_v2_x1_0,0.774234,45,ncnn_vulkan,70,ok,0.000792
ncnn,98.403932,,ncnn_layer,ReLU:/stage3/stage3.6/branch2/branch2.7/Relu,0.00776,0.007444,0.00708,shufflenet_v2_x1_0,0.082886,133,ncnn_vulkan,70,ok,0.000153
ncnn,94.163896,,ncnn_layer,Concat:/stage3/stage3.6/Concat,0.02026,0.019492,0.01885,shufflenet_v2_x1_0,0.217036,96,ncnn_vulkan,70,ok,0.00032
ncnn,86.140097,,ncnn_layer,ShuffleChannel:/stage3/stage3.6/Reshape_1,0.03745,0.03668,0.03604,shufflenet_v2_x1_0,0.408417,69,ncnn_vulkan,70,ok,0.00034
ncnn,99.977586,,ncnn_layer,Split:splitncnn_11,0.00036,0.000339,0.00031,shufflenet_v2_x1_0,0.003775,164,ncnn_vulkan,70,ok,2.5e-05
ncnn,96.456077,,ncnn_layer,Crop:/stage3/stage3.7/Slice,0.01057,0.010157,0.0099,shufflenet_v2_x1_0,0.113094,113,ncnn_vulkan,70,ok,0.000151
ncnn,97.543861,,ncnn_layer,Crop:/stage3/stage3.7/Slice_1,0.01016,0.00965,0.00938,shufflenet_v2_x1_0,0.107449,123,ncnn_vulkan,70,ok,0.000147
ncnn,73.890904,,ncnn_layer,Convolution:/stage3/stage3.7/branch2/branch2.0/Conv,0.07057,0.069443,0.0676,shufflenet_v2_x1_0,0.773221,46,ncnn_vulkan,70,ok,0.000752
ncnn,98.072098,,ncnn_layer,ReLU:/stage3/stage3.7/branch2/branch2.2/Relu,0.00781,0.007463,0.00719,shufflenet_v2_x1_0,0.083098,129,ncnn_vulkan,70,ok,0.000137
ncnn,88.494577,,ncnn_layer,ConvolutionDepthWise:/stage3/stage3.7/branch2/branch2.3/Conv,0.03516,0.034667,0.03422,shufflenet_v2_x1_0,0.386003,75,ncnn_vulkan,70,ok,0.000218
ncnn,70.017842,,ncnn_layer,Convolution:/stage3/stage3.7/branch2/branch2.5/Conv,0.07099,0.069661,0.0675,shufflenet_v2_x1_0,0.775648,41,ncnn_vulkan,70,ok,0.000902
ncnn,98.238115,,ncnn_layer,ReLU:/stage3/stage3.7/branch2/branch2.7/Relu,0.00771,0.00745,0.00714,shufflenet_v2_x1_0,0.082953,131,ncnn_vulkan,70,ok,0.000137
ncnn,93.293837,,ncnn_layer,Concat:/stage3/stage3.7/Concat,0.02052,0.019668,0.01896,shufflenet_v2_x1_0,0.218995,92,ncnn_vulkan,70,ok,0.00031
ncnn,84.096173,,ncnn_layer,ShuffleChannel:/stage3/stage3.7/Reshape_1,0.0375,0.0368,0.03599,shufflenet_v2_x1_0,0.409754,64,ncnn_vulkan,70,ok,0.000381
ncnn,99.943514,,ncnn_layer,Split:splitncnn_12,0.00036,0.000343,0.00031,shufflenet_v2_x1_0,0.003819,155,ncnn_vulkan,70,ok,2.4e-05
ncnn,89.649614,,ncnn_layer,ConvolutionDepthWise:/stage4/stage4.0/branch1/branch1.0/Conv,0.03578,0.034453,0.03344,shufflenet_v2_x1_0,0.383621,78,ncnn_vulkan,70,ok,0.000392
ncnn,31.516017,,ncnn_layer,Convolution:/stage4/stage4.0/branch2/branch2.0/Conv,0.25193,0.249761,0.24833,shufflenet_v2_x1_0,2.780991,6,ncnn_vulkan,70,ok,0.000682
ncnn,49.05338,,ncnn_layer,Convolution:/stage4/stage4.0/branch1/branch1.2/Conv,0.09068,0.087731,0.08375,shufflenet_v2_x1_0,0.97685,17,ncnn_vulkan,70,ok,0.001736
ncnn,95.065832,,ncnn_layer,ReLU:/stage4/stage4.0/branch2/branch2.2/Relu,0.01354,0.012534,0.01146,shufflenet_v2_x1_0,0.139561,102,ncnn_vulkan,70,ok,0.000402
ncnn,99.510656,,ncnn_layer,ReLU:/stage4/stage4.0/branch1/branch1.4/Relu,0.00615,0.005805,0.00568,shufflenet_v2_x1_0,0.064636,147,ncnn_vulkan,70,ok,8.8e-05
ncnn,90.02328,,ncnn_layer,ConvolutionDepthWise:/stage4/stage4.0/branch2/branch2.3/Conv,0.03453,0.033559,0.03307,shufflenet_v2_x1_0,0.373666,79,ncnn_vulkan,70,ok,0.000249
ncnn,56.769129,,ncnn_layer,Convolution:/stage4/stage4.0/branch2/branch2.5/Conv,0.08969,0.086294,0.0825,shufflenet_v2_x1_0,0.96085,25,ncnn_vulkan,70,ok,0.001568
ncnn,99.818684,,ncnn_layer,ReLU:/stage4/stage4.0/branch2/branch2.7/Relu,0.00557,0.005447,0.00531,shufflenet_v2_x1_0,0.06065,152,ncnn_vulkan,70,ok,4.5e-05
ncnn,94.776967,,ncnn_layer,Concat:/stage4/stage4.0/Concat,0.01432,0.013493,0.01286,shufflenet_v2_x1_0,0.150239,100,ncnn_vulkan,70,ok,0.000304
ncnn,91.669732,,ncnn_layer,ShuffleChannel:/stage4/stage4.0/Reshape_1,0.02281,0.02225,0.02177,shufflenet_v2_x1_0,0.247745,85,ncnn_vulkan,70,ok,0.000218
ncnn,99.954938,,ncnn_layer,Split:splitncnn_13,0.00036,0.000342,0.00031,shufflenet_v2_x1_0,0.003808,158,ncnn_vulkan,70,ok,2.4e-05
ncnn,97.738995,,ncnn_layer,Crop:/stage4/stage4.1/Slice,0.00865,0.007948,0.0075,shufflenet_v2_x1_0,0.088498,125,ncnn_vulkan,70,ok,0.000271
ncnn,99.140987,,ncnn_layer,Crop:/stage4/stage4.1/Slice_1,0.0076,0.006942,0.00646,shufflenet_v2_x1_0,0.077296,142,ncnn_vulkan,70,ok,0.000255
ncnn,55.808279,,ncnn_layer,Convolution:/stage4/stage4.1/branch2/branch2.0/Conv,0.09094,0.086391,0.08286,shufflenet_v2_x1_0,0.96193,24,ncnn_vulkan,70,ok,0.001847
ncnn,99.879223,,ncnn_layer,ReLU:/stage4/stage4.1/branch2/branch2.2/Relu,0.00562,0.005437,0.00531,shufflenet_v2_x1_0,0.060539,153,ncnn_vulkan,70,ok,4.9e-05
ncnn,90.629159,,ncnn_layer,ConvolutionDepthWise:/stage4/stage4.1/branch2/branch2.3/Conv,0.02516,0.024121,0.02365,shufflenet_v2_x1_0,0.268578,81,ncnn_vulkan,70,ok,0.000299
ncnn,51.955014,,ncnn_layer,Convolution:/stage4/stage4.1/branch2/branch2.5/Conv,0.09031,0.086785,0.08333,shufflenet_v2_x1_0,0.966317,20,ncnn_vulkan,70,ok,0.00166
ncnn,99.758034,,ncnn_layer,ReLU:/stage4/stage4.1/branch2/branch2.7/Relu,0.00568,0.005449,0.00536,shufflenet_v2_x1_0,0.060672,151,ncnn_vulkan,70,ok,5.4e-05
ncnn,94.476132,,ncnn_layer,Concat:/stage4/stage4.1/Concat,0.01391,0.013566,0.01312,shufflenet_v2_x1_0,0.151052,98,ncnn_vulkan,70,ok,0.000204
ncnn,92.164866,,ncnn_layer,ShuffleChannel:/stage4/stage4.1/Reshape_1,0.02292,0.022226,0.02177,shufflenet_v2_x1_0,0.247478,87,ncnn_vulkan,70,ok,0.000244
ncnn,99.981361,,ncnn_layer,Split:splitncnn_14,0.00036,0.000339,0.00031,shufflenet_v2_x1_0,0.003775,165,ncnn_vulkan,70,ok,2.5e-05
ncnn,99.370071,,ncnn_layer,Crop:/stage4/stage4.2/Slice,0.00724,0.006826,0.00656,shufflenet_v2_x1_0,0.076005,145,ncnn_vulkan,70,ok,0.000143
ncnn,99.217727,,ncnn_layer,Crop:/stage4/stage4.2/Slice_1,0.00745,0.006892,0.00651,shufflenet_v2_x1_0,0.07674,143,ncnn_vulkan,70,ok,0.000204
ncnn,50.021412,,ncnn_layer,Convolution:/stage4/stage4.2/branch2/branch2.0/Conv,0.08974,0.086939,0.0838,shufflenet_v2_x1_0,0.968032,18,ncnn_vulkan,70,ok,0.001502
ncnn,99.939695,,ncnn_layer,ReLU:/stage4/stage4.2/branch2/branch2.2/Relu,0.00578,0.005431,0.00536,shufflenet_v2_x1_0,0.060472,154,ncnn_vulkan,70,ok,6.5e-05
ncnn,91.421987,,ncnn_layer,ConvolutionDepthWise:/stage4/stage4.2/branch2/branch2.3/Conv,0.02443,0.023688,0.02323,shufflenet_v2_x1_0,0.263757,84,ncnn_vulkan,70,ok,0.00026
ncnn,53.88384,,ncnn_layer,Convolution:/stage4/stage4.2/branch2/branch2.5/Conv,0.0901,0.086499,0.0824,shufflenet_v2_x1_0,0.963132,22,ncnn_vulkan,70,ok,0.001646
ncnn,99.636589,,ncnn_layer,ReLU:/stage4/stage4.2/branch2/branch2.7/Relu,0.00578,0.00551,0.00542,shufflenet_v2_x1_0,0.061352,149,ncnn_vulkan,70,ok,7.4e-05
ncnn,94.626728,,ncnn_layer,Concat:/stage4/stage4.2/Concat,0.01432,0.013525,0.01302,shufflenet_v2_x1_0,0.150596,99,ncnn_vulkan,70,ok,0.000239
ncnn,91.917388,,ncnn_layer,ShuffleChannel:/stage4/stage4.2/Reshape_1,0.02281,0.022242,0.02182,shufflenet_v2_x1_0,0.247656,86,ncnn_vulkan,70,ok,0.000262
ncnn,99.992584,,ncnn_layer,Split:splitncnn_15,0.00036,0.000336,0.00031,shufflenet_v2_x1_0,0.003741,168,ncnn_vulkan,70,ok,2.5e-05
ncnn,99.44602,,ncnn_layer,Crop:/stage4/stage4.3/Slice,0.00729,0.006821,0.00651,shufflenet_v2_x1_0,0.075949,146,ncnn_vulkan,70,ok,0.000171
ncnn,99.294066,,ncnn_layer,Crop:/stage4/stage4.3/Slice_1,0.00729,0.006856,0.00646,shufflenet_v2_x1_0,0.076339,144,ncnn_vulkan,70,ok,0.000203
ncnn,50.988697,,ncnn_layer,Convolution:/stage4/stage4.3/branch2/branch2.0/Conv,0.09073,0.086872,0.08333,shufflenet_v2_x1_0,0.967286,19,ncnn_vulkan,70,ok,0.001861
ncnn,99.575237,,ncnn_layer,ReLU:/stage4/stage4.3/branch2/branch2.2/Relu,0.00609,0.0058,0.00542,shufflenet_v2_x1_0,0.064581,148,ncnn_vulkan,70,ok,0.000102
ncnn,91.158231,,ncnn_layer,ConvolutionDepthWise:/stage4/stage4.3/branch2/branch2.3/Conv,0.02443,0.023715,0.02323,shufflenet_v2_x1_0,0.264057,83,ncnn_vulkan,70,ok,0.000256
ncnn,54.846349,,ncnn_layer,Convolution:/stage4/stage4.3/branch2/branch2.5/Conv,0.09073,0.086443,0.08167,shufflenet_v2_x1_0,0.962509,23,ncnn_vulkan,70,ok,0.001964
ncnn,99.697361,,ncnn_layer,ReLU:/stage4/stage4.3/branch2/branch2.7/Relu,0.00573,0.005458,0.00536,shufflenet_v2_x1_0,0.060773,150,ncnn_vulkan,70,ok,7.8e-05
ncnn,94.926271,,ncnn_layer,Concat:/stage4/stage4.3/Concat,0.01422,0.013409,0.01302,shufflenet_v2_x1_0,0.149304,101,ncnn_vulkan,70,ok,0.000243
ncnn,92.412288,,ncnn_layer,ShuffleChannel:/stage4/stage4.3/Reshape_1,0.02286,0.022221,0.02172,shufflenet_v2_x1_0,0.247422,88,ncnn_vulkan,70,ok,0.000243
ncnn,16.621609,,ncnn_layer,Convolution:/conv5/conv5.0/Conv,0.57958,0.575166,0.56833,shufflenet_v2_x1_0,6.404248,2,ncnn_vulkan,70,ok,0.002164
ncnn,94.32508,,ncnn_layer,ReLU:/conv5/conv5.2/Relu,0.01521,0.014476,0.01375,shufflenet_v2_x1_0,0.161185,97,ncnn_vulkan,70,ok,0.000345
ncnn,21.714923,,ncnn_layer,Reduction:/ReduceMean,0.46536,0.457431,0.45234,shufflenet_v2_x1_0,5.093315,3,ncnn_vulkan,70,ok,0.00242
ncnn,25.85025,,ncnn_layer,InnerProduct:/fc/Gemm,0.37938,0.371394,0.36573,shufflenet_v2_x1_0,4.135326,4,ncnn_vulkan,70,ok,0.00251
pytorch,84.390513,,op,forward,3.2818,3.21224,3.1881,yolov8n,7.419902,6,pytorch_cpu,50,ok,0.035492
pytorch,99.436943,,op,aten::_convolution,0.035928,0.034108,0.033406,yolov8n,0.078786,15,pytorch_cpu,3200,ok,0.000926
pytorch,99.772613,,op,aten::thnn_conv2d,0.010837,0.009262,0.008816,yolov8n,0.021394,25,pytorch_cpu,3200,ok,0.000788
pytorch,25.975345,,op,aten::_slow_conv2d_forward,11.520352,11.245303,10.907362,yolov8n,25.975345,1,pytorch_cpu,3200,ok,0.211349
pytorch,99.943318,,op,aten::empty,0.006856,0.006709,0.006582,yolov8n,0.015497,35,pytorch_cpu,5600,ok,0.000103
pytorch,99.72605,,op,aten::view,0.011438,0.011191,0.011081,yolov8n,0.02585,23,pytorch_cpu,4700,ok,0.00013
pytorch,99.635553,,op,aten::resize_,0.014858,0.014127,0.013781,yolov8n,0.032632,20,pytorch_cpu,3200,ok,0.000384
pytorch,99.48728,,op,aten::reshape,0.023343,0.021792,0.020814,yolov8n,0.050337,16,pytorch_cpu,3150,ok,0.001028
pytorch,99.751219,,op,aten::_reshape_alias,0.01097,0.010896,0.010817,yolov8n,0.025168,24,pytorch_cpu,3150,ok,5.1e-05
pytorch,98.769991,,op,aten::copy_,0.369198,0.305411,0.274135,yolov8n,0.705464,12,pytorch_cpu,3250,ok,0.033501
pytorch,90.520811,,op,aten::silu,2.779686,2.653942,2.536259,yolov8n,6.130298,7,pytorch_cpu,2450,ok,0.078588
pytorch,99.991045,,op,aten::detach,0.004288,0.004102,0.004012,yolov8n,0.009475,39,pytorch_cpu,1250,ok,9.8e-05
pytorch,76.970612,,op,aten::silu_,3.4779,3.302655,3.163225,yolov8n,7.62875,5,pytorch_cpu,400,ok,0.116329
pytorch,99.529976,,op,aten::split_with_sizes,0.0187,0.018484,0.018333,yolov8n,0.042696,17,pytorch_cpu,450,ok,0.00013
pytorch,100.0,,op,aten::as_strided,0.003943,0.003877,0.003814,yolov8n,0.008955,40,pytorch_cpu,3500,ok,4.7e-05
pytorch,98.064527,,op,aten::add,0.3738,0.349195,0.308063,yolov8n,0.8066,11,pytorch_cpu,400,ok,0.022067
pytorch,95.777754,,op,aten::cat,0.975532,0.926447,0.8835,yolov8n,2.139985,9,pytorch_cpu,950,ok,0.034988
pytorch,99.971175,,op,aten::narrow,0.005894,0.0056,0.005482,yolov8n,0.012935,37,pytorch_cpu,2450,ok,0.00015
pytorch,99.792254,,op,aten::slice,0.008855,0.008503,0.008365,yolov8n,0.019641,26,pytorch_cpu,2450,ok,0.000183
pytorch,99.668093,,op,aten::max_pool2d,0.014833,0.014087,0.0136,yolov8n,0.032539,21,pytorch_cpu,150,ok,0.000427
pytorch,69.341862,,op,aten::max_pool2d_with_indices,4.876933,4.669027,4.3759,yolov8n,10.784911,4,pytorch_cpu,150,ok,0.18793
pytorch,93.637769,,op,aten::upsample_nearest2d,1.73375,1.3494,1.10985,yolov8n,3.116957,8,pytorch_cpu,100,ok,0.209284
pytorch,99.811414,,op,aten::ones,0.008925,0.008295,0.008,yolov8n,0.01916,27,pytorch_cpu,200,ok,0.000336
pytorch,99.863421,,op,aten::fill_,0.0079,0.007475,0.007175,yolov8n,0.017266,30,pytorch_cpu,200,ok,0.000238
pytorch,99.896222,,op,aten::transpose,0.0089,0.00696,0.0062,yolov8n,0.016077,32,pytorch_cpu,50,ok,0.000997
pytorch,99.568366,,op,aten::softmax,0.0168,0.01662,0.0163,yolov8n,0.03839,18,pytorch_cpu,50,ok,0.000194
pytorch,42.584843,,op,aten::_softmax,7.5404,7.19062,6.7908,yolov8n,16.609498,2,pytorch_cpu,50,ok,0.293055
pytorch,99.880145,,op,aten::contiguous,0.0098,0.00724,0.0065,yolov8n,0.016724,31,pytorch_cpu,50,ok,0.001282
pytorch,99.602922,,op,aten::clone,0.0156,0.01496,0.0146,yolov8n,0.034556,19,pytorch_cpu,50,ok,0.000383
pytorch,99.927821,,op,aten::empty_like,0.007,0.00674,0.0065,yolov8n,0.015569,34,pytorch_cpu,50,ok,0.000162
pytorch,99.95824,,op,chunk,0.0098,0.00646,0.0033,yolov8n,0.014922,36,pytorch_cpu,50,ok,0.002058
pytorch,99.981569,,op,aten::chunk,0.0073,0.0045,0.0029,yolov8n,0.010394,38,pytorch_cpu,50,ok,0.001476
pytorch,99.846155,,op,aten::split,0.0083,0.0075,0.0071,yolov8n,0.017324,29,pytorch_cpu,50,ok,0.000424
pytorch,99.358157,,op,aten::sub,0.14,0.10833,0.099,yolov8n,0.25023,14,pytorch_cpu,100,ok,0.015865
pytorch,99.107927,,op,aten::div,0.2082,0.1463,0.1247,yolov8n,0.337936,13,pytorch_cpu,50,ok,0.031215
pytorch,99.828831,,op,aten::to,0.0114,0.00754,0.0047,yolov8n,0.017417,28,pytorch_cpu,50,ok,0.002486
pytorch,99.7002,,op,aten::_to_copy,0.0146,0.0139,0.0132,yolov8n,0.032107,22,pytorch_cpu,50,ok,0.000447
pytorch,99.912252,,op,aten::empty_strided,0.0073,0.00694,0.0067,yolov8n,0.016031,33,pytorch_cpu,50,ok,0.000206
pytorch,97.257928,,op,aten::mul,0.9212,0.6408,0.448,yolov8n,1.480174,10,pytorch_cpu,50,ok,0.158665
pytorch,58.556951,,op,aten::sigmoid,7.3321,6.91468,6.5558,yolov8n,15.972108,3,pytorch_cpu,50,ok,0.272048
pytorch,57.321476,,op,forward,5.0677,4.66134,4.2728,yolov8n,57.321476,1,pytorch_cuda,50,ok,0.308559
pytorch,98.018858,,op,aten::_convolution,0.035388,0.033928,0.032719,yolov8n,0.41722,14,pytorch_cuda,3200,ok,0.000954
pytorch,79.802632,,op,aten::cudnn_convolution,0.446997,0.405691,0.375686,yolov8n,4.988867,5,pytorch_cuda,3200,ok,0.03116
pytorch,99.019642,,op,aten::empty,0.011115,0.010745,0.010184,yolov8n,0.132134,19,pytorch_cuda,3650,ok,0.000353
pytorch,98.887508,,op,aten::reshape,0.012875,0.012316,0.011959,yolov8n,0.151452,18,pytorch_cuda,3150,ok,0.000318
pytorch,99.517679,,op,aten::_reshape_alias,0.007894,0.00766,0.007427,yolov8n,0.094197,24,pytorch_cuda,3150,ok,0.000184
pytorch,90.734913,,op,aten::add_,0.224462,0.194798,0.165057,yolov8n,2.395472,9,pytorch_cuda,3150,ok,0.021446
pytorch,85.777072,,op,aten::silu,0.235735,0.212077,0.175405,yolov8n,2.607955,7,pytorch_cuda,2150,ok,0.020751
pytorch,83.169116,,op,aten::silu_,0.295025,0.27376,0.257587,yolov8n,3.366484,6,pytorch_cuda,400,ok,0.013295
pytorch,98.577176,,op,aten::split_with_sizes,0.016033,0.014282,0.013044,yolov8n,0.175629,16,pytorch_cuda,450,ok,0.001023
pytorch,100.0,,op,aten::as_strided,0.002779,0.002558,0.002296,yolov8n,0.031456,31,pytorch_cuda,1200,ok,0.000174
pytorch,95.078583,,op,aten::cat,0.190947,0.172204,0.146258,yolov8n,2.117629,11,pytorch_cuda,950,ok,0.015379
pytorch,98.401547,,op,aten::max_pool2d,0.104967,0.03112,0.011867,yolov8n,0.382689,15,pytorch_cuda,150,ok,0.036933
pytorch,96.430206,,op,aten::max_pool2d_with_indices,0.1387,0.109913,0.062333,yolov8n,1.351623,12,pytorch_cuda,150,ok,0.025359
pytorch,88.339441,,op,aten::upsample_nearest2d,0.30255,0.20837,0.0683,yolov8n,2.56237,8,pytorch_cuda,100,ok,0.086627
pytorch,99.779659,,op,aten::view,0.00704,0.006844,0.00642,yolov8n,0.084162,27,pytorch_cuda,250,ok,0.000223
pytorch,99.423482,,op,aten::transpose,0.0095,0.00782,0.0071,yolov8n,0.096164,23,pytorch_cuda,50,ok,0.000882
pytorch,98.736056,,op,aten::softmax,0.0195,0.01292,0.0098,yolov8n,0.15888,17,pytorch_cuda,50,ok,0.003672
pytorch,74.813765,,op,aten::_softmax,0.714,0.41462,0.2642,yolov8n,5.098669,4,pytorch_cuda,50,ok,0.165764
pytorch,99.608432,,op,aten::contiguous,0.0111,0.00738,0.0059,yolov8n,0.090753,25,pytorch_cuda,50,ok,0.00195
pytorch,97.601638,,op,aten::clone,0.4003,0.09526,0.0134,yolov8n,1.171432,13,pytorch_cuda,50,ok,0.152586
pytorch,99.327318,,op,aten::empty_like,0.0102,0.00808,0.0066,yolov8n,0.099361,22,pytorch_cuda,50,ok,0.001657
pytorch,69.715096,,op,aten::copy_,1.6554,0.4174,0.0744,yolov8n,5.132855,3,pytorch_cuda,50,ok,0.620604
pytorch,99.695496,,op,chunk,0.0113,0.00708,0.0049,yolov8n,0.087064,26,pytorch_cuda,50,ok,0.002217
pytorch,99.912591,,op,aten::chunk,0.008,0.00468,0.0033,yolov8n,0.057551,29,pytorch_cuda,50,ok,0.001713
pytorch,99.125398,,op,aten::split,0.0127,0.0086,0.0071,yolov8n,0.105756,20,pytorch_cuda,50,ok,0.00208
pytorch,99.968544,,op,aten::narrow,0.00495,0.00455,0.0043,yolov8n,0.055952,30,pytorch_cuda,100,ok,0.00023
pytorch,99.85504,,op,aten::slice,0.0066,0.00613,0.00565,yolov8n,0.075382,28,pytorch_cuda,100,ok,0.000301
pytorch,99.227957,,op,aten::permute,0.009667,0.00834,0.007633,yolov8n,0.102559,21,pytorch_cuda,150,ok,0.000734
pytorch,92.960954,,op,aten::mul,0.2149,0.18102,0.1544,yolov8n,2.226041,10,pytorch_cuda,50,ok,0.024459
pytorch,64.58224,,op,aten::sigmoid,1.0087,0.59044,0.3353,yolov8n,7.260765,2,pytorch_cuda,50,ok,0.240663
,,"module 'numpy' has no attribute 'bool'.
`np.bool` was a deprecated alias for the builtin `bool`. To avoid this error in existing code, use `bool` by itself. Doing this will not modify any behavior and is safe. If you specifically wanted the numpy scalar type, use `np.bool_` here.
The aliases was originally deprecated in NumPy 1.20; for more details and guidance see the original release note at:
    https://numpy.org/devdocs/release/1.20.0-notes.html#deprecations",,,,,,yolov8n,,,tensorrt_fp32,0,error,
,,"module 'numpy' has no attribute 'bool'.
`np.bool` was a deprecated alias for the builtin `bool`. To avoid this error in existing code, use `bool` by itself. Doing this will not modify any behavior and is safe. If you specifically wanted the numpy scalar type, use `np.bool_` here.
The aliases was originally deprecated in NumPy 1.20; for more details and guidance see the original release note at:
    https://numpy.org/devdocs/release/1.20.0-notes.html#deprecations",,,,,,yolov8n,,,tensorrt_fp16,0,error,
,,"module 'numpy' has no attribute 'bool'.
`np.bool` was a deprecated alias for the builtin `bool`. To avoid this error in existing code, use `bool` by itself. Doing this will not modify any behavior and is safe. If you specifically wanted the numpy scalar type, use `np.bool_` here.
The aliases was originally deprecated in NumPy 1.20; for more details and guidance see the original release note at:
    https://numpy.org/devdocs/release/1.20.0-notes.html#deprecations",,,,,,yolov8n,,,tensorrt_int8,0,error,
onnxruntime,93.021068,,onnx_node,model_loading_uri,160.059,160.059,160.059,yolov8n,4.985373,3,onnxrt_cuda,1,ok,0.0
onnxruntime,82.318074,,onnx_node,session_initialization,2642.881,2642.881,2642.881,yolov8n,82.318074,1,onnxrt_cuda,1,ok,0.0
onnxruntime,99.988701,,onnx_node,Conv:/model.0/conv/Conv_fence_before,0.002,0.0017,0.001,yolov8n,5.3e-05,281,onnxrt_cuda,60,ok,0.000458
onnxruntime,97.491208,,onnx_node,Conv:/model.0/conv/Conv_kernel_time,1698.717,28.83325,0.46,yolov8n,0.898072,5,onnxrt_cuda,60,ok,217.40035
onnxruntime,99.99078,,onnx_node,Conv:/model.0/conv/Conv_fence_after,0.001,0.001,0.001,yolov8n,3.1e-05,340,onnxrt_cuda,15,ok,0.0
onnxruntime,99.98956,,onnx_node,Sigmoid:/model.0/act/Sigmoid_fence_before,0.002,0.001117,0.001,yolov8n,3.5e-05,303,onnxrt_cuda,60,ok,0.000321
onnxruntime,99.459658,,onnx_node,Sigmoid:/model.0/act/Sigmoid_kernel_time,21.136,0.436133,0.079,yolov8n,0.013584,69,onnxrt_cuda,60,ok,2.694906
onnxruntime,99.990812,,onnx_node,Sigmoid:/model.0/act/Sigmoid_fence_after,0.001,0.001,0.001,yolov8n,3.1e-05,341,onnxrt_cuda,39,ok,0.0
onnxruntime,99.990843,,onnx_node,Mul:/model.0/act/Mul_fence_before,0.001,0.001,0.001,yolov8n,3.1e-05,342,onnxrt_cuda,60,ok,0.0
onnxruntime,99.731868,,onnx_node,Mul:/model.0/act/Mul_kernel_time,0.276,0.074367,0.067,yolov8n,0.002316,116,onnxrt_cuda,60,ok,0.02643
onnxruntime,99.990874,,onnx_node,Mul:/model.0/act/Mul_fence_after,0.001,0.001,0.001,yolov8n,3.1e-05,343,onnxrt_cuda,7,ok,0.0
onnxruntime,99.990905,,onnx_node,Conv:/model.1/conv/Conv_fence_before,0.001,0.001,0.001,yolov8n,3.1e-05,344,onnxrt_cuda,32,ok,0.0
onnxruntime,97.573384,,onnx_node,Conv:/model.1/conv/Conv_kernel_time,139.414,2.638317,0.298,yolov8n,0.082176,6,onnxrt_cuda,60,ok,17.806688
onnxruntime,99.990936,,onnx_node,Conv:/model.1/conv/Conv_fence_after,0.001,0.001,0.001,yolov8n,3.1e-05,345,onnxrt_cuda,27,ok,0.0
onnxruntime,99.990967,,onnx_node,Sigmoid:/model.1/act/Sigmoid_fence_before,0.001,0.001,0.001,yolov8n,3.1e-05,346,onnxrt_cuda,39,ok,0.0
onnxruntime,99.853625,,onnx_node,Sigmoid:/model.1/act/Sigmoid_kernel_time,0.129,0.06615,0.061,yolov8n,0.00206,172,onnxrt_cuda,60,ok,0.008633
onnxruntime,99.990998,,onnx_node,Sigmoid:/model.1/act/Sigmoid_fence_after,0.001,0.001,0.001,yolov8n,3.1e-05,347,onnxrt_cuda,4,ok,0.0
onnxruntime,99.99103,,onnx_node,Mul:/model.1/act/Mul_fence_before,0.001,0.001,0.001,yolov8n,3.1e-05,348,onnxrt_cuda,15,ok,0.0
onnxruntime,99.929455,,onnx_node,Mul:/model.1/act/Mul_kernel_time,0.103,0.0622,0.056,yolov8n,0.001937,210,onnxrt_cuda,60,ok,0.008759
onnxruntime,99.076116,,onnx_node,Conv:/model.2/cv1/conv/Conv_kernel_time,31.407,0.784133,0.251,yolov8n,0.024423,51,onnxrt_cuda,60,ok,3.986791
onnxruntime,99.991061,,onnx_node,Conv:/model.2/cv1/conv/Conv_fence_after,0.001,0.001,0.001,yolov8n,3.1e-05,349,onnxrt_cuda,5,ok,0.0
onnxruntime,99.991092,,onnx_node,Sigmoid:/model.2/cv1/act/Sigmoid_fence_before,0.001,0.001,0.001,yolov8n,3.1e-05,350,onnxrt_cuda,3,ok,0.0
onnxruntime,99.933307,,onnx_node,Sigmoid:/model.2/cv1/act/Sigmoid_kernel_time,0.136,0.0618,0.057,yolov8n,0.001925,212,onnxrt_cuda,60,ok,0.010001
onnxruntime,99.991123,,onnx_node,Sigmoid:/model.2/cv1/act/Sigmoid_fence_after,0.001,0.001,0.001,yolov8n,3.1e-05,351,onnxrt_cuda,1,ok,0.0
onnxruntime,99.991154,,onnx_node,Mul:/model.2/cv1/act/Mul_fence_before,0.001,0.001,0.001,yolov8n,3.1e-05,352,onnxrt_cuda,37,ok,0.0
onnxruntime,99.950275,,onnx_node,Mul:/model.2/cv1/act/Mul_kernel_time,0.098,0.059417,0.054,yolov8n,0.001851,221,onnxrt_cuda,60,ok,0.008891
onnxruntime,99.489495,,onnx_node,Split:/model.2/Split_kernel_time,2.118,0.295567,0.247,yolov8n,0.009206,72,onnxrt_cuda,60,ok,0.238281
onnxruntime,99.991185,,onnx_node,Split:/model.2/Split_fence_after,0.001,0.001,0.001,yolov8n,3.1e-05,353,onnxrt_cuda,1,ok,0.0
onnxruntime,99.991217,,onnx_node,Conv:/model.2/m.0/cv1/conv/Conv_fence_before,0.001,0.001,0.001,yolov8n,3.1e-05,354,onnxrt_cuda,14,ok,0.0
onnxruntime,97.925637,,onnx_node,Conv:/model.2/m.0/cv1/conv/Conv_kernel_time,56.356,1.235667,0.285,yolov8n,0.038487,13,onnxrt_cuda,60,ok,7.176078
onnxruntime,99.991248,,onnx_node,Conv:/model.2/m.0/cv1/conv/Conv_fence_after,0.001,0.001,0.001,yolov8n,3.1e-05,355,onnxrt_cuda,3,ok,0.0
onnxruntime,99.991279,,onnx_node,Sigmoid:/model.2/m.0/cv1/act/Sigmoid_fence_before,0.001,0.001,0.001,yolov8n,3.1e-05,356,onnxrt_cuda,22,ok,0.0
onnxruntime,99.859752,,onnx_node,Sigmoid:/model.2/m.0/cv1/act/Sigmoid_kernel_time,0.139,0.06545,0.06,yolov8n,0.002039,175,onnxrt_cuda,60,ok,0.00979
onnxruntime,99.99131,,onnx_node,Sigmoid:/model.2/m.0/cv1/act/Sigmoid_fence_after,0.001,0.001,0.001,yolov8n,3.1e-05,357,onnxrt_cuda,1,ok,0.0
onnxruntime,99.991341,,onnx_node,Mul:/model.2/m.0/cv1/act/Mul_fence_before,0.001,0.001,0.001,yolov8n,3.1e-05,358,onnxrt_cuda,7,ok,0.0
onnxruntime,99.913894,,onnx_node,Mul:/model.2/m.0/cv1/act/Mul_kernel_time,0.109,0.062767,0.056,yolov8n,0.001955,202,onnxrt_cuda,60,ok,0.009213
onnxruntime,99.991372,,onnx_node,Mul:/model.2/m.0/cv1/act/Mul_fence_after,0.001,0.001,0.001,yolov8n,3.1e-05,359,onnxrt_cuda,2,ok,0.0
onnxruntime,99.991403,,onnx_node,Conv:/model.2/m.0/cv2/conv/Conv_fence_before,0.001,0.001,0.001,yolov8n,3.1e-05,360,onnxrt_cuda,5,ok,0.0
onnxruntime,97.962781,,onnx_node,Conv:/model.2/m.0/cv2/conv/Conv_kernel_time,56.789,1.19255,0.23,yolov8n,0.037144,14,onnxrt_cuda,60,ok,7.238085
onnxruntime,99.991435,,onnx_node,Conv:/model.2/m.0/cv2/conv/Conv_fence_after,0.001,0.001,0.001,yolov8n,3.1e-05,361,onnxrt_cuda,2,ok,0.0
onnxruntime,99.991466,,onnx_node,Sigmoid:/model.2/m.0/cv2/act/Sigmoid_fence_before,0.001,0.001,0.001,yolov8n,3.1e-05,362,onnxrt_cuda,10,ok,0.0
onnxruntime,99.909974,,onnx_node,Sigmoid:/model.2/m.0/cv2/act/Sigmoid_kernel_time,0.127,0.063333,0.058,yolov8n,0.001973,200,onnxrt_cuda,60,ok,0.011019
onnxruntime,99.991497,,onnx_node,Mul:/model.2/m.0/cv2/act/Mul_fence_before,0.001,0.001,0.001,yolov8n,3.1e-05,363,onnxrt_cuda,3,ok,0.0
onnxruntime,99.892099,,onnx_node,Mul:/model.2/m.0/cv2/act/Mul_kernel_time,0.134,0.0643,0.053,yolov8n,0.002003,191,onnxrt_cuda,60,ok,0.01986
onnxruntime,99.991528,,onnx_node,Mul:/model.2/m.0/cv2/act/Mul_fence_after,0.001,0.001,0.001,yolov8n,3.1e-05,364,onnxrt_cuda,3,ok,0.0
onnxruntime,99.989629,,onnx_node,Add:/model.2/m.0/Add_fence_before,0.002,0.001114,0.001,yolov8n,3.5e-05,305,onnxrt_cuda,44,ok,0.000317
onnxruntime,99.695408,,onnx_node,Add:/model.2/m.0/Add_kernel_time,0.165,0.097383,0.056,yolov8n,0.003033,101,onnxrt_cuda,60,ok,0.0346
onnxruntime,99.990364,,onnx_node,Concat:/model.2/Concat_fence_before,0.002,0.001043,0.001,yolov8n,3.2e-05,327,onnxrt_cuda,46,ok,0.000204
onnxruntime,99.480289,,onnx_node,Concat:/model.2/Concat_kernel_time,0.434,0.300867,0.239,yolov8n,0.009371,71,onnxrt_cuda,60,ok,0.040991
onnxruntime,99.991559,,onnx_node,Conv:/model.2/cv2/conv/Conv_fence_before,0.001,0.001,0.001,yolov8n,3.1e-05,365,onnxrt_cuda,25,ok,0.0
onnxruntime,98.566973,,onnx_node,Conv:/model.2/cv2/conv/Conv_kernel_time,33.817,0.975433,0.359,yolov8n,0.030382,32,onnxrt_cuda,60,ok,4.275814
onnxruntime,99.990069,,onnx_node,Conv:/model.2/cv2/conv/Conv_fence_after,0.002,0.001063,0.001,yolov8n,3.3e-05,318,onnxrt_cuda,16,ok,0.000242
onnxruntime,99.99159,,onnx_node,Sigmoid:/model.2/cv2/act/Sigmoid_fence_before,0.001,0.001,0.001,yolov8n,3.1e-05,366,onnxrt_cuda,49,ok,0.0
onnxruntime,99.715498,,onnx_node,Sigmoid:/model.2/cv2/act/Sigmoid_kernel_time,0.196,0.076517,0.063,yolov8n,0.002383,109,onnxrt_cuda,60,ok,0.021723
onnxruntime,99.991621,,onnx_node,Sigmoid:/model.2/cv2/act/Sigmoid_fence_after,0.001,0.001,0.001,yolov8n,3.1e-05,367,onnxrt_cuda,2,ok,0.0
onnxruntime,99.990135,,onnx_node,Mul:/model.2/cv2/act/Mul_fence_before,0.002,0.001056,0.001,yolov8n,3.3e-05,320,onnxrt_cuda,36,ok,0.000229
onnxruntime,99.820344,,onnx_node,Mul:/model.2/cv2/act/Mul_kernel_time,0.104,0.0676,0.06,yolov8n,0.002106,156,onnxrt_cuda,60,ok,0.009142
onnxruntime,99.991653,,onnx_node,Conv:/model.3/conv/Conv_fence_before,0.001,0.001,0.001,yolov8n,3.1e-05,368,onnxrt_cuda,41,ok,0.0
onnxruntime,97.636173,,onnx_node,Conv:/model.3/conv/Conv_kernel_time,102.696,2.015883,0.272,yolov8n,0.062789,7,onnxrt_cuda,60,ok,13.107543
onnxruntime,99.991684,,onnx_node,Conv:/model.3/conv/Conv_fence_after,0.001,0.001,0.001,yolov8n,3.1e-05,369,onnxrt_cuda,7,ok,0.0
onnxruntime,99.988034,,onnx_node,Sigmoid:/model.3/act/Sigmoid_fence_before,0.04,0.002864,0.001,yolov8n,8.9e-05,271,onnxrt_cuda,22,ok,0.008109
onnxruntime,99.70585,,onnx_node,Sigmoid:/model.3/act/Sigmoid_kernel_time,0.144,0.0788,0.061,yolov8n,0.002454,105,onnxrt_cuda,60,ok,0.022919
onnxruntime,99.991715,,onnx_node,Mul:/model.3/act/Mul_fence_before,0.001,0.001,0.001,yolov8n,3.1e-05,370,onnxrt_cuda,13,ok,0.0
onnxruntime,99.720228,,onnx_node,Mul:/model.3/act/Mul_kernel_time,0.138,0.075583,0.057,yolov8n,0.002354,111,onnxrt_cuda,60,ok,0.019357
onnxruntime,99.990717,,onnx_node,Conv:/model.4/cv1/conv/Conv_fence_before,0.002,0.001024,0.001,yolov8n,3.2e-05,338,onnxrt_cuda,41,ok,0.000154
onnxruntime,98.820213,,onnx_node,Conv:/model.4/cv1/conv/Conv_kernel_time,29.279,0.863017,0.332,yolov8n,0.02688,41,onnxrt_cuda,60,ok,3.699586
onnxruntime,99.991746,,onnx_node,Conv:/model.4/cv1/conv/Conv_fence_after,0.001,0.001,0.001,yolov8n,3.1e-05,371,onnxrt_cuda,9,ok,0.0
onnxruntime,99.989455,,onnx_node,Sigmoid:/model.4/cv1/act/Sigmoid_fence_before,0.004,0.001125,0.001,yolov8n,3.5e-05,300,onnxrt_cuda,40,ok,0.000509
onnxruntime,99.761417,,onnx_node,Sigmoid:/model.4/cv1/act/Sigmoid_kernel_time,0.143,0.072283,0.061,yolov8n,0.002251,129,onnxrt_cuda,60,ok,0.012541
onnxruntime,99.991777,,onnx_node,Mul:/model.4/cv1/act/Mul_fence_before,0.001,0.001,0.001,yolov8n,3.1e-05,372,onnxrt_cuda,18,ok,0.0
onnxruntime,99.822443,,onnx_node,Mul:/model.4/cv1/act/Mul_kernel_time,0.23,0.0674,0.059,yolov8n,0.002099,157,onnxrt_cuda,60,ok,0.021569
onnxruntime,99.991808,,onnx_node,Mul:/model.4/cv1/act/Mul_fence_after,0.001,0.001,0.001,yolov8n,3.1e-05,373,onnxrt_cuda,1,ok,0.0
onnxruntime,99.991839,,onnx_node,Split:/model.4/Split_fence_before,0.001,0.001,0.001,yolov8n,3.1e-05,374,onnxrt_cuda,21,ok,0.0
onnxruntime,99.498523,,onnx_node,Split:/model.4/Split_kernel_time,0.747,0.28985,0.23,yolov8n,0.009028,73,onnxrt_cuda,60,ok,0.069689
onnxruntime,99.991871,,onnx_node,Split:/model.4/Split_fence_after,0.001,0.001,0.001,yolov8n,3.1e-05,375,onnxrt_cuda,4,ok,0.0
onnxruntime,99.991902,,onnx_node,Conv:/model.4/m.0/cv1/conv/Conv_fence_before,0.001,0.001,0.001,yolov8n,3.1e-05,376,onnxrt_cuda,15,ok,0.0
onnxruntime,98.279699,,onnx_node,Conv:/model.4/m.0/cv1/conv/Conv_kernel_time,46.941,1.08815,0.256,yolov8n,0.033893,23,onnxrt_cuda,60,ok,5.969657
onnxruntime,99.991933,,onnx_node,Conv:/model.4/m.0/cv1/conv/Conv_fence_after,0.001,0.001,0.001,yolov8n,3.1e-05,377,onnxrt_cuda,4,ok,0.0
onnxruntime,99.991964,,onnx_node,Sigmoid:/model.4/m.0/cv1/act/Sigmoid_fence_before,0.001,0.001,0.001,yolov8n,3.1e-05,378,onnxrt_cuda,9,ok,0.0
onnxruntime,99.8679,,onnx_node,Sigmoid:/model.4/m.0/cv1/act/Sigmoid_kernel_time,0.153,0.065333,0.059,yolov8n,0.002035,179,onnxrt_cuda,60,ok,0.012744
onnxruntime,99.991995,,onnx_node,Mul:/model.4/m.0/cv1/act/Mul_fence_before,0.001,0.001,0.001,yolov8n,3.1e-05,379,onnxrt_cuda,8,ok,0.0
onnxruntime,99.963157,,onnx_node,Mul:/model.4/m.0/cv1/act/Mul_kernel_time,0.103,0.058683,0.055,yolov8n,0.001828,228,onnxrt_cuda,60,ok,0.00631
onnxruntime,99.992026,,onnx_node,Mul:/model.4/m.0/cv1/act/Mul_fence_after,0.001,0.001,0.001,yolov8n,3.1e-05,380,onnxrt_cuda,1,ok,0.0
onnxruntime,99.992057,,onnx_node,Conv:/model.4/m.0/cv2/conv/Conv_fence_before,0.001,0.001,0.001,yolov8n,3.1e-05,381,onnxrt_cuda,1,ok,0.0
onnxruntime,98.444101,,onnx_node,Conv:/model.4/m.0/cv2/conv/Conv_kernel_time,46.097,0.99825,0.219,yolov8n,0.031093,28,onnxrt_cuda,60,ok,5.871377
onnxruntime,99.992089,,onnx_node,Conv:/model.4/m.0/cv2/conv/Conv_fence_after,0.001,0.001,0.001,yolov8n,3.1e-05,382,onnxrt_cuda,3,ok,0.0
onnxruntime,99.99212,,onnx_node,Sigmoid:/model.4/m.0/cv2/act/Sigmoid_fence_before,0.001,0.001,0.001,yolov8n,3.1e-05,383,onnxrt_cuda,1,ok,0.0
onnxruntime,99.944706,,onnx_node,Sigmoid:/model.4/m.0/cv2/act/Sigmoid_kernel_time,0.124,0.059917,0.056,yolov8n,0.001866,218,onnxrt_cuda,60,ok,0.008521
onnxruntime,99.992151,,onnx_node,Mul:/model.4/m.0/cv2/act/Mul_fence_before,0.001,0.001,0.001,yolov8n,3.1e-05,384,onnxrt_cuda,1,ok,0.0
onnxruntime,99.966777,,onnx_node,Mul:/model.4/m.0/cv2/act/Mul_kernel_time,0.095,0.05775,0.053,yolov8n,0.001799,230,onnxrt_cuda,60,ok,0.006215
onnxruntime,99.992182,,onnx_node,Add:/model.4/m.0/Add_fence_before,0.001,0.001,0.001,yolov8n,3.1e-05,385,onnxrt_cuda,10,ok,0.0
onnxruntime,99.972015,,onnx_node,Add:/model.4/m.0/Add_kernel_time,0.094,0.055833,0.052,yolov8n,0.001739,233,onnxrt_cuda,60,ok,0.005283
onnxruntime,99.992213,,onnx_node,Conv:/model.4/m.1/cv1/conv/Conv_fence_before,0.001,0.001,0.001,yolov8n,3.1e-05,386,onnxrt_cuda,1,ok,0.0
onnxruntime,98.475115,,onnx_node,Conv:/model.4/m.1/cv1/conv/Conv_kernel_time,46.222,0.995733,0.215,yolov8n,0.031014,29,onnxrt_cuda,60,ok,5.888003
onnxruntime,99.992244,,onnx_node,Conv:/model.4/m.1/cv1/conv/Conv_fence_after,0.001,0.001,0.001,yolov8n,3.1e-05,387,onnxrt_cuda,2,ok,0.0
onnxruntime,99.992276,,onnx_node,Sigmoid:/model.4/m.1/cv1/act/Sigmoid_fence_before,0.001,0.001,0.001,yolov8n,3.1e-05,388,onnxrt_cuda,10,ok,0.0
onnxruntime,99.937155,,onnx_node,Sigmoid:/model.4/m.1/cv1/act/Sigmoid_kernel_time,0.13,0.061767,0.054,yolov8n,0.001924,214,onnxrt_cuda,60,ok,0.011609
onnxruntime,99.992307,,onnx_node,Mul:/model.4/m.1/cv1/act/Mul_fence_before,0.001,0.001,0.001,yolov8n,3.1e-05,389,onnxrt_cuda,2,ok,0.0
onnxruntime,99.955817,,onnx_node,Mul:/model.4/m.1/cv1/act/Mul_kernel_time,0.116,0.059217,0.054,yolov8n,0.001844,224,onnxrt_cuda,60,ok,0.009281
onnxruntime,99.992338,,onnx_node,Conv:/model.4/m.1/cv2/conv/Conv_fence_before,0.001,0.001,0.001,yolov8n,3.1e-05,390,onnxrt_cuda,5,ok,0.0
onnxruntime,98.506078,,onnx_node,Conv:/model.4/m.1/cv2/conv/Conv_kernel_time,46.146,0.994067,0.213,yolov8n,0.030962,30,onnxrt_cuda,60,ok,5.878347
onnxruntime,99.992369,,onnx_node,Conv:/model.4/m.1/cv2/conv/Conv_fence_after,0.001,0.001,0.001,yolov8n,3.1e-05,391,onnxrt_cuda,1,ok,0.0
onnxruntime,99.989169,,onnx_node,Sigmoid:/model.4/m.1/cv2/act/Sigmoid_fence_before,0.002,0.001222,0.001,yolov8n,3.8e-05,292,onnxrt_cuda,9,ok,0.000416
onnxruntime,99.847441,,onnx_node,Sigmoid:/model.4/m.1/cv2/act/Sigmoid_kernel_time,0.133,0.066267,0.055,yolov8n,0.002064,169,onnxrt_cuda,60,ok,0.017228
onnxruntime,99.9924,,onnx_node,Sigmoid:/model.4/m.1/cv2/act/Sigmoid_fence_after,0.001,0.001,0.001,yolov8n,3.1e-05,392,onnxrt_cuda,2,ok,0.0
onnxruntime,99.759165,,onnx_node,Mul:/model.4/m.1/cv2/act/Mul_kernel_time,0.114,0.07235,0.053,yolov8n,0.002253,128,onnxrt_cuda,60,ok,0.019612
onnxruntime,99.992431,,onnx_node,Add:/model.4/m.1/Add_fence_before,0.001,0.001,0.001,yolov8n,3.1e-05,393,onnxrt_cuda,12,ok,0.0
onnxruntime,99.765915,,onnx_node,Add:/model.4/m.1/Add_kernel_time,0.215,0.0722,0.052,yolov8n,0.002249,131,onnxrt_cuda,60,ok,0.024754
onnxruntime,99.992462,,onnx_node,Add:/model.4/m.1/Add_fence_after,0.001,0.001,0.001,yolov8n,3.1e-05,394,onnxrt_cuda,2,ok,0.0
onnxruntime,99.990621,,onnx_node,Concat:/model.4/Concat_fence_before,0.002,0.001029,0.001,yolov8n,3.2e-05,335,onnxrt_cuda,34,ok,0.000169
onnxruntime,99.524376,,onnx_node,Concat:/model.4/Concat_kernel_time,0.668,0.2755,0.205,yolov8n,0.008581,76,onnxrt_cuda,60,ok,0.058799
onnxruntime,99.992494,,onnx_node,Conv:/model.4/cv2/conv/Conv_fence_before,0.001,0.001,0.001,yolov8n,3.1e-05,395,onnxrt_cuda,6,ok,0.0
onnxruntime,98.682762,,onnx_node,Conv:/model.4/cv2/conv/Conv_kernel_time,32.321,0.908033,0.315,yolov8n,0.028283,36,onnxrt_cuda,60,ok,4.089704
onnxruntime,99.992525,,onnx_node,Conv:/model.4/cv2/conv/Conv_fence_after,0.001,0.001,0.001,yolov8n,3.1e-05,396,onnxrt_cuda,15,ok,0.0
onnxruntime,99.990102,,onnx_node,Sigmoid:/model.4/cv2/act/Sigmoid_fence_before,0.002,0.001057,0.001,yolov8n,3.3e-05,319,onnxrt_cuda,53,ok,0.000231
onnxruntime,99.743313,,onnx_node,Sigmoid:/model.4/cv2/act/Sigmoid_kernel_time,0.131,0.0731,0.063,yolov8n,0.002277,121,onnxrt_cuda,60,ok,0.012569
onnxruntime,99.992556,,onnx_node,Mul:/model.4/cv2/act/Mul_fence_before,0.001,0.001,0.001,yolov8n,3.1e-05,397,onnxrt_cuda,25,ok,0.0
onnxruntime,99.849503,,onnx_node,Mul:/model.4/cv2/act/Mul_kernel_time,0.115,0.0662,0.058,yolov8n,0.002062,170,onnxrt_cuda,60,ok,0.010186
onnxruntime,99.992587,,onnx_node,Conv:/model.5/conv/Conv_fence_before,0.001,0.001,0.001,yolov8n,3.1e-05,398,onnxrt_cuda,37,ok,0.0
onnxruntime,98.766294,,onnx_node,Conv:/model.5/conv/Conv_kernel_time,33.191,0.88015,0.236,yolov8n,0.027414,39,onnxrt_cuda,60,ok,4.206656
onnxruntime,99.992618,,onnx_node,Conv:/model.5/conv/Conv_fence_after,0.001,0.001,0.001,yolov8n,3.1e-05,399,onnxrt_cuda,7,ok,0.0
onnxruntime,99.992649,,onnx_node,Sigmoid:/model.5/act/Sigmoid_fence_before,0.001,0.001,0.001,yolov8n,3.1e-05,400,onnxrt_cuda,8,ok,0.0
onnxruntime,99.855669,,onnx_node,Sigmoid:/model.5/act/Sigmoid_kernel_time,0.163,0.065633,0.058,yolov8n,0.002044,173,onnxrt_cuda,60,ok,0.013533
onnxruntime,99.99268,,onnx_node,Mul:/model.5/act/Mul_fence_before,0.001,0.001,0.001,yolov8n,3.1e-05,401,onnxrt_cuda,7,ok,0.0
onnxruntime,99.935231,,onnx_node,Mul:/model.5/act/Mul_kernel_time,0.117,0.061783,0.055,yolov8n,0.001924,213,onnxrt_cuda,60,ok,0.008608
onnxruntime,99.988347,,onnx_node,Conv:/model.6/cv1/conv/Conv_fence_before,0.026,0.002389,0.001,yolov8n,7.4e-05,275,onnxrt_cuda,18,ok,0.005727
onnxruntime,99.311839,,onnx_node,Conv:/model.6/cv1/conv/Conv_kernel_time,29.004,0.719233,0.213,yolov8n,0.022402,61,onnxrt_cuda,60,ok,3.68245
onnxruntime,99.992712,,onnx_node,Conv:/model.6/cv1/conv/Conv_fence_after,0.001,0.001,0.001,yolov8n,3.1e-05,402,onnxrt_cuda,4,ok,0.0
onnxruntime,99.992743,,onnx_node,Sigmoid:/model.6/cv1/act/Sigmoid_fence_before,0.001,0.001,0.001,yolov8n,3.1e-05,403,onnxrt_cuda,38,ok,0.0
onnxruntime,99.88207,,onnx_node,Sigmoid:/model.6/cv1/act/Sigmoid_kernel_time,0.123,0.064783,0.056,yolov8n,0.002018,186,onnxrt_cuda,60,ok,0.014719
onnxruntime,99.992774,,onnx_node,Mul:/model.6/cv1/act/Mul_fence_before,0.001,0.001,0.001,yolov8n,3.1e-05,404,onnxrt_cuda,4,ok,0.0
onnxruntime,99.738755,,onnx_node,Mul:/model.6/cv1/act/Mul_kernel_time,0.106,0.073333,0.054,yolov8n,0.002284,119,onnxrt_cuda,60,ok,0.019154
onnxruntime,99.992805,,onnx_node,Split:/model.6/Split_fence_before,0.001,0.001,0.001,yolov8n,3.1e-05,405,onnxrt_cuda,9,ok,0.0
onnxruntime,99.507171,,onnx_node,Split:/model.6/Split_kernel_time,0.643,0.277633,0.211,yolov8n,0.008647,74,onnxrt_cuda,60,ok,0.058291
onnxruntime,99.987652,,onnx_node,Conv:/model.6/m.0/cv1/conv/Conv_fence_before,0.03,0.0034,0.001,yolov8n,0.000106,267,onnxrt_cuda,35,ok,0.007842
onnxruntime,98.071823,,onnx_node,Conv:/model.6/m.0/cv1/conv/Conv_kernel_time,50.131,1.160433,0.256,yolov8n,0.036144,17,onnxrt_cuda,60,ok,6.375513
onnxruntime,99.989936,,onnx_node,Conv:/model.6/m.0/cv1/conv/Conv_fence_after,0.002,0.001077,0.001,yolov8n,3.4e-05,314,onnxrt_cuda,13,ok,0.000266
onnxruntime,99.992836,,onnx_node,Sigmoid:/model.6/m.0/cv1/act/Sigmoid_fence_before,0.001,0.001,0.001,yolov8n,3.1e-05,406,onnxrt_cuda,25,ok,0.0
onnxruntime,99.70093,,onnx_node,Sigmoid:/model.6/m.0/cv1/act/Sigmoid_kernel_time,0.258,0.082033,0.064,yolov8n,0.002555,103,onnxrt_cuda,60,ok,0.027741
onnxruntime,99.992867,,onnx_node,Mul:/model.6/m.0/cv1/act/Mul_fence_before,0.001,0.001,0.001,yolov8n,3.1e-05,407,onnxrt_cuda,28,ok,0.0
onnxruntime,99.781495,,onnx_node,Mul:/model.6/m.0/cv1/act/Mul_kernel_time,0.124,0.071017,0.058,yolov8n,0.002212,138,onnxrt_cuda,60,ok,0.016554
onnxruntime,99.985575,,onnx_node,Conv:/model.6/m.0/cv2/conv/Conv_fence_before,0.03,0.007,0.001,yolov8n,0.000218,253,onnxrt_cuda,5,ok,0.011507
onnxruntime,98.313513,,onnx_node,Conv:/model.6/m.0/cv2/conv/Conv_kernel_time,49.811,1.085617,0.241,yolov8n,0.033814,24,onnxrt_cuda,60,ok,6.343526
onnxruntime,99.992898,,onnx_node,Conv:/model.6/m.0/cv2/conv/Conv_fence_after,0.001,0.001,0.001,yolov8n,3.1e-05,408,onnxrt_cuda,5,ok,0.0
onnxruntime,99.989869,,onnx_node,Sigmoid:/model.6/m.0/cv2/act/Sigmoid_fence_before,0.002,0.001083,0.001,yolov8n,3.4e-05,312,onnxrt_cuda,12,ok,0.000276
onnxruntime,99.857713,,onnx_node,Sigmoid:/model.6/m.0/cv2/act/Sigmoid_kernel_time,0.172,0.065633,0.057,yolov8n,0.002044,174,onnxrt_cuda,60,ok,0.016308
onnxruntime,99.99293,,onnx_node,Sigmoid:/model.6/m.0/cv2/act/Sigmoid_fence_after,0.001,0.001,0.001,yolov8n,3.1e-05,409,onnxrt_cuda,1,ok,0.0
onnxruntime,99.992961,,onnx_node,Mul:/model.6/m.0/cv2/act/Mul_fence_before,0.001,0.001,0.001,yolov8n,3.1e-05,410,onnxrt_cuda,21,ok,0.0
onnxruntime,99.871963,,onnx_node,Mul:/model.6/m.0/cv2/act/Mul_kernel_time,0.122,0.065183,0.055,yolov8n,0.00203,181,onnxrt_cuda,60,ok,0.017935
onnxruntime,99.722573,,onnx_node,Add:/model.6/m.0/Add_kernel_time,0.15,0.075283,0.054,yolov8n,0.002345,112,onnxrt_cuda,60,ok,0.02474
onnxruntime,99.992992,,onnx_node,Add:/model.6/m.0/Add_fence_after,0.001,0.001,0.001,yolov8n,3.1e-05,411,onnxrt_cuda,1,ok,0.0
onnxruntime,99.993023,,onnx_node,Conv:/model.6/m.1/cv1/conv/Conv_fence_before,0.001,0.001,0.001,yolov8n,3.1e-05,412,onnxrt_cuda,7,ok,0.0
onnxruntime,98.245806,,onnx_node,Conv:/model.6/m.1/cv1/conv/Conv_kernel_time,50.251,1.0894,0.223,yolov8n,0.033932,22,onnxrt_cuda,60,ok,6.400365
onnxruntime,99.993054,,onnx_node,Conv:/model.6/m.1/cv1/conv/Conv_fence_after,0.001,0.001,0.001,yolov8n,3.1e-05,413,onnxrt_cuda,1,ok,0.0
onnxruntime,99.989664,,onnx_node,Sigmoid:/model.6/m.1/cv1/act/Sigmoid_fence_before,0.002,0.001111,0.001,yolov8n,3.5e-05,306,onnxrt_cuda,9,ok,0.000314
onnxruntime,99.911939,,onnx_node,Sigmoid:/model.6/m.1/cv1/act/Sigmoid_kernel_time,0.149,0.0631,0.057,yolov8n,0.001965,201,onnxrt_cuda,60,ok,0.012266
onnxruntime,99.993085,,onnx_node,Mul:/model.6/m.1/cv1/act/Mul_fence_before,0.001,0.001,0.001,yolov8n,3.1e-05,414,onnxrt_cuda,8,ok,0.0
onnxruntime,99.948424,,onnx_node,Mul:/model.6/m.1/cv1/act/Mul_kernel_time,0.139,0.059567,0.053,yolov8n,0.001855,220,onnxrt_cuda,60,ok,0.010981
onnxruntime,98.347203,,onnx_node,Conv:/model.6/m.1/cv2/conv/Conv_kernel_time,50.17,1.08165,0.219,yolov8n,0.03369,25,onnxrt_cuda,60,ok,6.39081
onnxruntime,99.9888,,onnx_node,Conv:/model.6/m.1/cv2/conv/Conv_fence_after,0.003,0.0015,0.001,yolov8n,4.7e-05,283,onnxrt_cuda,4,ok,0.000866
onnxruntime,99.989014,,onnx_node,Sigmoid:/model.6/m.1/cv2/act/Sigmoid_fence_before,0.002,0.00125,0.001,yolov8n,3.9e-05,288,onnxrt_cuda,4,ok,0.000433
onnxruntime,99.796864,,onnx_node,Sigmoid:/model.6/m.1/cv2/act/Sigmoid_kernel_time,0.197,0.070017,0.056,yolov8n,0.002181,145,onnxrt_cuda,60,ok,0.02336
onnxruntime,99.993116,,onnx_node,Sigmoid:/model.6/m.1/cv2/act/Sigmoid_fence_after,0.001,0.001,0.001,yolov8n,3.1e-05,415,onnxrt_cuda,2,ok,0.0
onnxruntime,99.989205,,onnx_node,Mul:/model.6/m.1/cv2/act/Mul_fence_before,0.002,0.001167,0.001,yolov8n,3.6e-05,293,onnxrt_cuda,6,ok,0.000373
onnxruntime,99.921692,,onnx_node,Mul:/model.6/m.1/cv2/act/Mul_kernel_time,0.131,0.062533,0.054,yolov8n,0.001948,206,onnxrt_cuda,60,ok,0.013127
onnxruntime,99.987324,,onnx_node,Add:/model.6/m.1/Add_fence_before,0.025,0.003667,0.001,yolov8n,0.000114,264,onnxrt_cuda,9,ok,0.007542
onnxruntime,99.961329,,onnx_node,Add:/model.6/m.1/Add_kernel_time,0.188,0.058717,0.052,yolov8n,0.001829,227,onnxrt_cuda,60,ok,0.017764
onnxruntime,99.993148,,onnx_node,Add:/model.6/m.1/Add_fence_after,0.001,0.001,0.001,yolov8n,3.1e-05,416,onnxrt_cuda,2,ok,0.0
onnxruntime,99.619386,,onnx_node,Concat:/model.6/Concat_kernel_time,0.549,0.2329,0.208,yolov8n,0.007254,88,onnxrt_cuda,60,ok,0.047289
onnxruntime,99.989053,,onnx_node,Conv:/model.6/cv2/conv/Conv_fence_before,0.002,0.00125,0.001,yolov8n,3.9e-05,289,onnxrt_cuda,4,ok,0.000433
onnxruntime,99.242927,,onnx_node,Conv:/model.6/cv2/conv/Conv_kernel_time,32.067,0.753517,0.2,yolov8n,0.02347,58,onnxrt_cuda,60,ok,4.076842
onnxruntime,99.993179,,onnx_node,Conv:/model.6/cv2/conv/Conv_fence_after,0.001,0.001,0.001,yolov8n,3.1e-05,417,onnxrt_cuda,2,ok,0.0
onnxruntime,99.99321,,onnx_node,Sigmoid:/model.6/cv2/act/Sigmoid_fence_before,0.001,0.001,0.001,yolov8n,3.1e-05,418,onnxrt_cuda,33,ok,0.0
onnxruntime,99.902054,,onnx_node,Sigmoid:/model.6/cv2/act/Sigmoid_kernel_time,0.124,0.06375,0.058,yolov8n,0.001986,196,onnxrt_cuda,60,ok,0.009444
onnxruntime,99.987085,,onnx_node,Mul:/model.6/cv2/act/Mul_fence_before,0.016,0.004,0.001,yolov8n,0.000125,262,onnxrt_cuda,5,ok,0.006
onnxruntime,99.946569,,onnx_node,Mul:/model.6/cv2/act/Mul_kernel_time,0.1,0.0598,0.054,yolov8n,0.001863,219,onnxrt_cuda,60,ok,0.009035
onnxruntime,99.17247,,onnx_node,Conv:/model.7/conv/Conv_kernel_time,33.201,0.7634,0.199,yolov8n,0.023778,55,onnxrt_cuda,60,ok,4.223074
onnxruntime,99.993241,,onnx_node,Conv:/model.7/conv/Conv_fence_after,0.001,0.001,0.001,yolov8n,3.1e-05,419,onnxrt_cuda,2,ok,0.0
onnxruntime,99.988975,,onnx_node,Sigmoid:/model.7/act/Sigmoid_fence_before,0.002,0.001286,0.001,yolov8n,4e-05,287,onnxrt_cuda,7,ok,0.000452
onnxruntime,99.845377,,onnx_node,Sigmoid:/model.7/act/Sigmoid_kernel_time,0.185,0.0665,0.057,yolov8n,0.002071,168,onnxrt_cuda,60,ok,0.024002
onnxruntime,99.993272,,onnx_node,Mul:/model.7/act/Mul_fence_before,0.001,0.001,0.001,yolov8n,3.1e-05,420,onnxrt_cuda,10,ok,0.0
onnxruntime,99.906024,,onnx_node,Mul:/model.7/act/Mul_kernel_time,0.155,0.0637,0.054,yolov8n,0.001984,198,onnxrt_cuda,60,ok,0.01841
onnxruntime,99.289436,,onnx_node,Conv:/model.8/cv1/conv/Conv_kernel_time,29.862,0.7433,0.181,yolov8n,0.023152,60,onnxrt_cuda,60,ok,3.791239
onnxruntime,99.989241,,onnx_node,Conv:/model.8/cv1/conv/Conv_fence_after,0.002,0.001167,0.001,yolov8n,3.6e-05,294,onnxrt_cuda,6,ok,0.000373
onnxruntime,99.990749,,onnx_node,Sigmoid:/model.8/cv1/act/Sigmoid_fence_before,0.002,0.001024,0.001,yolov8n,3.2e-05,339,onnxrt_cuda,42,ok,0.000152
onnxruntime,99.734172,,onnx_node,Sigmoid:/model.8/cv1/act/Sigmoid_kernel_time,0.129,0.073983,0.057,yolov8n,0.002304,117,onnxrt_cuda,60,ok,0.016843
onnxruntime,99.993303,,onnx_node,Mul:/model.8/cv1/act/Mul_fence_before,0.001,0.001,0.001,yolov8n,3.1e-05,421,onnxrt_cuda,6,ok,0.0
onnxruntime,99.788102,,onnx_node,Mul:/model.8/cv1/act/Mul_kernel_time,0.113,0.07055,0.053,yolov8n,0.002197,141,onnxrt_cuda,60,ok,0.014936
onnxruntime,99.532861,,onnx_node,Split:/model.8/Split_kernel_time,0.646,0.272417,0.208,yolov8n,0.008485,77,onnxrt_cuda,60,ok,0.058896
onnxruntime,99.985998,,onnx_node,Conv:/model.8/m.0/cv1/conv/Conv_fence_before,0.024,0.00675,0.001,yolov8n,0.00021,255,onnxrt_cuda,4,ok,0.009959
onnxruntime,98.846947,,onnx_node,Conv:/model.8/m.0/cv1/conv/Conv_kernel_time,34.74,0.858317,0.239,yolov8n,0.026734,42,onnxrt_cuda,60,ok,4.411359
onnxruntime,99.993335,,onnx_node,Conv:/model.8/m.0/cv1/conv/Conv_fence_after,0.001,0.001,0.001,yolov8n,3.1e-05,422,onnxrt_cuda,2,ok,0.0
onnxruntime,99.990233,,onnx_node,Sigmoid:/model.8/m.0/cv1/act/Sigmoid_fence_before,0.002,0.001053,0.001,yolov8n,3.3e-05,323,onnxrt_cuda,19,ok,0.000223
onnxruntime,99.81189,,onnx_node,Sigmoid:/model.8/m.0/cv1/act/Sigmoid_kernel_time,0.198,0.067983,0.058,yolov8n,0.002117,152,onnxrt_cuda,60,ok,0.019385
onnxruntime,99.993366,,onnx_node,Mul:/model.8/m.0/cv1/act/Mul_fence_before,0.001,0.001,0.001,yolov8n,3.1e-05,423,onnxrt_cuda,7,ok,0.0
onnxruntime,99.884079,,onnx_node,Mul:/model.8/m.0/cv1/act/Mul_kernel_time,0.145,0.0645,0.055,yolov8n,0.002009,187,onnxrt_cuda,60,ok,0.016129
onnxruntime,98.951319,,onnx_node,Conv:/model.8/m.0/cv2/conv/Conv_kernel_time,35.112,0.829633,0.221,yolov8n,0.025841,46,onnxrt_cuda,60,ok,4.463497
onnxruntime,99.988475,,onnx_node,Conv:/model.8/m.0/cv2/conv/Conv_fence_after,0.002,0.002,0.002,yolov8n,6.2e-05,277,onnxrt_cuda,1,ok,0.0
onnxruntime,99.990003,,onnx_node,Sigmoid:/model.8/m.0/cv2/act/Sigmoid_fence_before,0.002,0.001067,0.001,yolov8n,3.3e-05,316,onnxrt_cuda,15,ok,0.000249
onnxruntime,99.917796,,onnx_node,Sigmoid:/model.8/m.0/cv2/act/Sigmoid_kernel_time,0.138,0.0626,0.056,yolov8n,0.00195,204,onnxrt_cuda,60,ok,0.012924
onnxruntime,99.993397,,onnx_node,Mul:/model.8/m.0/cv2/act/Mul_fence_before,0.001,0.001,0.001,yolov8n,3.1e-05,424,onnxrt_cuda,4,ok,0.0
onnxruntime,99.964978,,onnx_node,Mul:/model.8/m.0/cv2/act/Mul_kernel_time,0.117,0.058483,0.052,yolov8n,0.001822,229,onnxrt_cuda,60,ok,0.011085
onnxruntime,99.993428,,onnx_node,Add:/model.8/m.0/Add_fence_before,0.001,0.001,0.001,yolov8n,3.1e-05,425,onnxrt_cuda,5,ok,0.0
onnxruntime,99.970276,,onnx_node,Add:/model.8/m.0/Add_kernel_time,0.093,0.056017,0.052,yolov8n,0.001745,232,onnxrt_cuda,60,ok,0.005629
onnxruntime,99.988935,,onnx_node,Concat:/model.8/Concat_fence_before,0.002,0.001333,0.001,yolov8n,4.2e-05,286,onnxrt_cuda,3,ok,0.000471
onnxruntime,99.640978,,onnx_node,Concat:/model.8/Concat_kernel_time,0.575,0.23,0.201,yolov8n,0.007164,91,onnxrt_cuda,60,ok,0.053585
onnxruntime,99.989903,,onnx_node,Conv:/model.8/cv2/conv/Conv_fence_before,0.002,0.001083,0.001,yolov8n,3.4e-05,313,onnxrt_cuda,12,ok,0.000276
onnxruntime,99.100481,,onnx_node,Conv:/model.8/cv2/conv/Conv_kernel_time,32.706,0.782233,0.185,yolov8n,0.024364,52,onnxrt_cuda,60,ok,4.156271
onnxruntime,99.989313,,onnx_node,Conv:/model.8/cv2/conv/Conv_fence_after,0.002,0.001143,0.001,yolov8n,3.6e-05,296,onnxrt_cuda,7,ok,0.00035
onnxruntime,99.988273,,onnx_node,Sigmoid:/model.8/cv2/act/Sigmoid_fence_before,0.039,0.002407,0.001,yolov8n,7.5e-05,274,onnxrt_cuda,27,ok,0.007176
onnxruntime,99.710725,,onnx_node,Sigmoid:/model.8/cv2/act/Sigmoid_kernel_time,0.127,0.077817,0.057,yolov8n,0.002424,107,onnxrt_cuda,60,ok,0.017251
onnxruntime,99.993459,,onnx_node,Sigmoid:/model.8/cv2/act/Sigmoid_fence_after,0.001,0.001,0.001,yolov8n,3.1e-05,426,onnxrt_cuda,1,ok,0.0
onnxruntime,99.99349,,onnx_node,Mul:/model.8/cv2/act/Mul_fence_before,0.001,0.001,0.001,yolov8n,3.1e-05,427,onnxrt_cuda,23,ok,0.0
onnxruntime,99.794684,,onnx_node,Mul:/model.8/cv2/act/Mul_kernel_time,0.107,0.070267,0.054,yolov8n,0.002189,144,onnxrt_cuda,60,ok,0.015151
onnxruntime,99.354421,,onnx_node,Conv:/model.9/cv1/conv/Conv_kernel_time,26.363,0.656517,0.159,yolov8n,0.020449,63,onnxrt_cuda,60,ok,3.346859
onnxruntime,99.993521,,onnx_node,Conv:/model.9/cv1/conv/Conv_fence_after,0.001,0.001,0.001,yolov8n,3.1e-05,428,onnxrt_cuda,2,ok,0.0
onnxruntime,99.990461,,onnx_node,Sigmoid:/model.9/cv1/act/Sigmoid_fence_before,0.002,0.001033,0.001,yolov8n,3.2e-05,330,onnxrt_cuda,30,ok,0.00018
onnxruntime,99.805502,,onnx_node,Sigmoid:/model.9/cv1/act/Sigmoid_kernel_time,0.121,0.068783,0.056,yolov8n,0.002142,149,onnxrt_cuda,60,ok,0.014734
onnxruntime,99.993553,,onnx_node,Mul:/model.9/cv1/act/Mul_fence_before,0.001,0.001,0.001,yolov8n,3.1e-05,429,onnxrt_cuda,12,ok,0.0
onnxruntime,99.86179,,onnx_node,Mul:/model.9/cv1/act/Mul_kernel_time,0.124,0.06545,0.053,yolov8n,0.002039,176,onnxrt_cuda,60,ok,0.01385
onnxruntime,99.993584,,onnx_node,MaxPool:/model.9/m/MaxPool_fence_before,0.001,0.001,0.001,yolov8n,3.1e-05,430,onnxrt_cuda,35,ok,0.0
onnxruntime,99.689268,,onnx_node,MaxPool:/model.9/m/MaxPool_kernel_time,0.523,0.114833,0.081,yolov8n,0.003577,99,onnxrt_cuda,60,ok,0.057511
onnxruntime,99.993615,,onnx_node,MaxPool:/model.9/m/MaxPool_fence_after,0.001,0.001,0.001,yolov8n,3.1e-05,431,onnxrt_cuda,4,ok,0.0
onnxruntime,99.717874,,onnx_node,MaxPool:/model.9/m_1/MaxPool_kernel_time,0.125,0.076267,0.059,yolov8n,0.002375,110,onnxrt_cuda,60,ok,0.018063
onnxruntime,99.80336,,onnx_node,MaxPool:/model.9/m_2/MaxPool_kernel_time,0.105,0.0691,0.058,yolov8n,0.002152,148,onnxrt_cuda,60,ok,0.011407
onnxruntime,99.612131,,onnx_node,Concat:/model.9/Concat_kernel_time,0.411,0.234167,0.209,yolov8n,0.007294,87,onnxrt_cuda,60,ok,0.031321
onnxruntime,99.993646,,onnx_node,Conv:/model.9/cv2/conv/Conv_fence_before,0.001,0.001,0.001,yolov8n,3.1e-05,432,onnxrt_cuda,13,ok,0.0
onnxruntime,99.002484,,onnx_node,Conv:/model.9/cv2/conv/Conv_kernel_time,36.276,0.8212,0.19,yolov8n,0.025578,48,onnxrt_cuda,60,ok,4.616062
onnxruntime,99.993677,,onnx_node,Conv:/model.9/cv2/conv/Conv_fence_after,0.001,0.001,0.001,yolov8n,3.1e-05,433,onnxrt_cuda,3,ok,0.0
onnxruntime,99.993708,,onnx_node,Sigmoid:/model.9/cv2/act/Sigmoid_fence_before,0.001,0.001,0.001,yolov8n,3.1e-05,434,onnxrt_cuda,13,ok,0.0
onnxruntime,99.894097,,onnx_node,Sigmoid:/model.9/cv2/act/Sigmoid_kernel_time,0.127,0.06415,0.056,yolov8n,0.001998,192,onnxrt_cuda,60,ok,0.013309
onnxruntime,99.993739,,onnx_node,Mul:/model.9/cv2/act/Mul_fence_before,0.001,0.001,0.001,yolov8n,3.1e-05,435,onnxrt_cuda,9,ok,0.0
onnxruntime,99.940958,,onnx_node,Mul:/model.9/cv2/act/Mul_kernel_time,0.126,0.0606,0.054,yolov8n,0.001888,216,onnxrt_cuda,60,ok,0.012417
onnxruntime,99.989835,,onnx_node,Resize:/model.10/Resize_fence_before,0.002,0.001087,0.001,yolov8n,3.4e-05,311,onnxrt_cuda,46,ok,0.000282
onnxruntime,99.685691,,onnx_node,Resize:/model.10/Resize_kernel_time,0.289,0.117633,0.102,yolov8n,0.003664,98,onnxrt_cuda,60,ok,0.029777
onnxruntime,99.989349,,onnx_node,Concat:/model.11/Concat_fence_before,0.002,0.001143,0.001,yolov8n,3.6e-05,297,onnxrt_cuda,14,ok,0.00035
onnxruntime,99.633814,,onnx_node,Concat:/model.11/Concat_kernel_time,0.681,0.230667,0.2,yolov8n,0.007185,90,onnxrt_cuda,60,ok,0.067888
onnxruntime,99.993771,,onnx_node,Concat:/model.11/Concat_fence_after,0.001,0.001,0.001,yolov8n,3.1e-05,436,onnxrt_cuda,1,ok,0.0
onnxruntime,99.973378,,onnx_node,Conv:/model.12/cv1/conv/Conv_fence_before,0.105,0.04375,0.001,yolov8n,0.001363,234,onnxrt_cuda,4,ok,0.044707
onnxruntime,98.873198,,onnx_node,Conv:/model.12/cv1/conv/Conv_kernel_time,36.239,0.8428,0.193,yolov8n,0.026251,43,onnxrt_cuda,60,ok,4.608339
onnxruntime,99.993802,,onnx_node,Conv:/model.12/cv1/conv/Conv_fence_after,0.001,0.001,0.001,yolov8n,3.1e-05,437,onnxrt_cuda,1,ok,0.0
onnxruntime,99.993833,,onnx_node,Sigmoid:/model.12/cv1/act/Sigmoid_fence_before,0.001,0.001,0.001,yolov8n,3.1e-05,438,onnxrt_cuda,19,ok,0.0
onnxruntime,99.814008,,onnx_node,Sigmoid:/model.12/cv1/act/Sigmoid_kernel_time,0.141,0.067983,0.056,yolov8n,0.002117,153,onnxrt_cuda,60,ok,0.020197
onnxruntime,99.993864,,onnx_node,Mul:/model.12/cv1/act/Mul_fence_before,0.001,0.001,0.001,yolov8n,3.1e-05,439,onnxrt_cuda,4,ok,0.0
onnxruntime,99.9595,,onnx_node,Mul:/model.12/cv1/act/Mul_kernel_time,0.096,0.059083,0.055,yolov8n,0.00184,226,onnxrt_cuda,60,ok,0.005863
onnxruntime,99.993895,,onnx_node,Split:/model.12/Split_fence_before,0.001,0.001,0.001,yolov8n,3.1e-05,440,onnxrt_cuda,4,ok,0.0
onnxruntime,99.682027,,onnx_node,Split:/model.12/Split_kernel_time,0.333,0.213717,0.196,yolov8n,0.006657,97,onnxrt_cuda,60,ok,0.023709
onnxruntime,99.993926,,onnx_node,Conv:/model.12/m.0/cv1/conv/Conv_fence_before,0.001,0.001,0.001,yolov8n,3.1e-05,441,onnxrt_cuda,3,ok,0.0
onnxruntime,98.142743,,onnx_node,Conv:/model.12/m.0/cv1/conv/Conv_kernel_time,50.37,1.1231,0.246,yolov8n,0.034981,19,onnxrt_cuda,60,ok,6.411499
onnxruntime,99.987758,,onnx_node,Conv:/model.12/m.0/cv1/conv/Conv_fence_after,0.025,0.0034,0.001,yolov8n,0.000106,268,onnxrt_cuda,10,ok,0.0072
onnxruntime,99.990266,,onnx_node,Sigmoid:/model.12/m.0/cv1/act/Sigmoid_fence_before,0.002,0.001053,0.001,yolov8n,3.3e-05,324,onnxrt_cuda,19,ok,0.000223
onnxruntime,99.708301,,onnx_node,Sigmoid:/model.12/m.0/cv1/act/Sigmoid_kernel_time,0.229,0.0787,0.056,yolov8n,0.002451,106,onnxrt_cuda,60,ok,0.027333
onnxruntime,99.993957,,onnx_node,Mul:/model.12/m.0/cv1/act/Mul_fence_before,0.001,0.001,0.001,yolov8n,3.1e-05,442,onnxrt_cuda,10,ok,0.0
onnxruntime,99.741036,,onnx_node,Mul:/model.12/m.0/cv1/act/Mul_kernel_time,0.269,0.073233,0.055,yolov8n,0.002281,120,onnxrt_cuda,60,ok,0.030744
onnxruntime,99.98949,,onnx_node,Conv:/model.12/m.0/cv2/conv/Conv_fence_before,0.002,0.001125,0.001,yolov8n,3.5e-05,301,onnxrt_cuda,8,ok,0.000331
onnxruntime,98.177534,,onnx_node,Conv:/model.12/m.0/cv2/conv/Conv_kernel_time,49.962,1.117,0.223,yolov8n,0.034791,20,onnxrt_cuda,60,ok,6.359172
onnxruntime,99.990654,,onnx_node,Sigmoid:/model.12/m.0/cv2/act/Sigmoid_fence_before,0.002,0.001028,0.001,yolov8n,3.2e-05,336,onnxrt_cuda,36,ok,0.000164
onnxruntime,99.818238,,onnx_node,Sigmoid:/model.12/m.0/cv2/act/Sigmoid_kernel_time,0.141,0.06785,0.058,yolov8n,0.002113,155,onnxrt_cuda,60,ok,0.014278
onnxruntime,99.993989,,onnx_node,Mul:/model.12/m.0/cv2/act/Mul_fence_before,0.001,0.001,0.001,yolov8n,3.1e-05,443,onnxrt_cuda,6,ok,0.0
onnxruntime,99.880053,,onnx_node,Mul:/model.12/m.0/cv2/act/Mul_kernel_time,0.211,0.064817,0.053,yolov8n,0.002019,185,onnxrt_cuda,60,ok,0.021075
onnxruntime,99.99402,,onnx_node,Mul:/model.12/m.0/cv2/act/Mul_fence_after,0.001,0.001,0.001,yolov8n,3.1e-05,444,onnxrt_cuda,1,ok,0.0
onnxruntime,99.98942,,onnx_node,Concat:/model.12/Concat_fence_before,0.003,0.001133,0.001,yolov8n,3.5e-05,299,onnxrt_cuda,30,ok,0.000427
onnxruntime,99.565942,,onnx_node,Concat:/model.12/Concat_kernel_time,0.579,0.2595,0.204,yolov8n,0.008083,81,onnxrt_cuda,60,ok,0.051836
onnxruntime,99.994051,,onnx_node,Conv:/model.12/cv2/conv/Conv_fence_before,0.001,0.001,0.001,yolov8n,3.1e-05,445,onnxrt_cuda,10,ok,0.0
onnxruntime,99.19597,,onnx_node,Conv:/model.12/cv2/conv/Conv_kernel_time,31.137,0.7545,0.191,yolov8n,0.0235,56,onnxrt_cuda,60,ok,3.955614
onnxruntime,99.994082,,onnx_node,Conv:/model.12/cv2/conv/Conv_fence_after,0.001,0.001,0.001,yolov8n,3.1e-05,446,onnxrt_cuda,1,ok,0.0
onnxruntime,99.994113,,onnx_node,Sigmoid:/model.12/cv2/act/Sigmoid_fence_before,0.001,0.001,0.001,yolov8n,3.1e-05,447,onnxrt_cuda,26,ok,0.0
onnxruntime,99.835007,,onnx_node,Sigmoid:/model.12/cv2/act/Sigmoid_kernel_time,0.12,0.066817,0.055,yolov8n,0.002081,163,onnxrt_cuda,60,ok,0.013574
onnxruntime,99.994144,,onnx_node,Mul:/model.12/cv2/act/Mul_fence_before,0.001,0.001,0.001,yolov8n,3.1e-05,448,onnxrt_cuda,18,ok,0.0
onnxruntime,99.898081,,onnx_node,Mul:/model.12/cv2/act/Mul_kernel_time,0.117,0.063867,0.053,yolov8n,0.001989,194,onnxrt_cuda,60,ok,0.013757
onnxruntime,99.994175,,onnx_node,Resize:/model.13/Resize_fence_before,0.001,0.001,0.001,yolov8n,3.1e-05,449,onnxrt_cuda,14,ok,0.0
onnxruntime,99.692375,,onnx_node,Resize:/model.13/Resize_kernel_time,0.149,0.099767,0.09,yolov8n,0.003107,100,onnxrt_cuda,60,ok,0.013628
onnxruntime,99.994207,,onnx_node,Concat:/model.14/Concat_fence_before,0.001,0.001,0.001,yolov8n,3.1e-05,450,onnxrt_cuda,5,ok,0.0
onnxruntime,99.668695,,onnx_node,Concat:/model.14/Concat_kernel_time,0.611,0.216467,0.194,yolov8n,0.006742,95,onnxrt_cuda,60,ok,0.054187
onnxruntime,99.994238,,onnx_node,Conv:/model.15/cv1/conv/Conv_fence_before,0.001,0.001,0.001,yolov8n,3.1e-05,451,onnxrt_cuda,9,ok,0.0
onnxruntime,98.654479,,onnx_node,Conv:/model.15/cv1/conv/Conv_kernel_time,36.626,0.919533,0.274,yolov8n,0.028641,35,onnxrt_cuda,60,ok,4.648874
onnxruntime,99.989092,,onnx_node,Conv:/model.15/cv1/conv/Conv_fence_after,0.002,0.00125,0.001,yolov8n,3.9e-05,290,onnxrt_cuda,4,ok,0.000433
onnxruntime,99.994269,,onnx_node,Sigmoid:/model.15/cv1/act/Sigmoid_fence_before,0.001,0.001,0.001,yolov8n,3.1e-05,452,onnxrt_cuda,6,ok,0.0
onnxruntime,99.839161,,onnx_node,Sigmoid:/model.15/cv1/act/Sigmoid_kernel_time,0.17,0.0666,0.058,yolov8n,0.002074,165,onnxrt_cuda,60,ok,0.016654
onnxruntime,99.9943,,onnx_node,Sigmoid:/model.15/cv1/act/Sigmoid_fence_after,0.001,0.001,0.001,yolov8n,3.1e-05,453,onnxrt_cuda,2,ok,0.0
onnxruntime,99.994331,,onnx_node,Mul:/model.15/cv1/act/Mul_fence_before,0.001,0.001,0.001,yolov8n,3.1e-05,454,onnxrt_cuda,12,ok,0.0
onnxruntime,99.919744,,onnx_node,Mul:/model.15/cv1/act/Mul_kernel_time,0.122,0.062567,0.054,yolov8n,0.001949,205,onnxrt_cuda,60,ok,0.014178
onnxruntime,99.994362,,onnx_node,Split:/model.15/Split_fence_before,0.001,0.001,0.001,yolov8n,3.1e-05,455,onnxrt_cuda,3,ok,0.0
onnxruntime,99.661953,,onnx_node,Split:/model.15/Split_kernel_time,0.368,0.2172,0.194,yolov8n,0.006765,94,onnxrt_cuda,60,ok,0.030922
onnxruntime,99.994394,,onnx_node,Conv:/model.15/m.0/cv1/conv/Conv_fence_before,0.001,0.001,0.001,yolov8n,3.1e-05,456,onnxrt_cuda,3,ok,0.0
onnxruntime,98.413009,,onnx_node,Conv:/model.15/m.0/cv1/conv/Conv_kernel_time,46.264,1.0489,0.23,yolov8n,0.03267,27,onnxrt_cuda,60,ok,5.886923
onnxruntime,99.994425,,onnx_node,Conv:/model.15/m.0/cv1/conv/Conv_fence_after,0.001,0.001,0.001,yolov8n,3.1e-05,457,onnxrt_cuda,5,ok,0.0
onnxruntime,99.994456,,onnx_node,Sigmoid:/model.15/m.0/cv1/act/Sigmoid_fence_before,0.001,0.001,0.001,yolov8n,3.1e-05,458,onnxrt_cuda,16,ok,0.0
onnxruntime,99.799042,,onnx_node,Sigmoid:/model.15/m.0/cv1/act/Sigmoid_kernel_time,0.131,0.0699,0.056,yolov8n,0.002177,146,onnxrt_cuda,60,ok,0.018689
onnxruntime,99.986534,,onnx_node,Mul:/model.15/m.0/cv1/act/Mul_fence_before,0.04,0.005333,0.001,yolov8n,0.000166,258,onnxrt_cuda,9,ok,0.012257
onnxruntime,99.713115,,onnx_node,Mul:/model.15/m.0/cv1/act/Mul_kernel_time,0.161,0.076733,0.053,yolov8n,0.00239,108,onnxrt_cuda,60,ok,0.024878
onnxruntime,99.994487,,onnx_node,Mul:/model.15/m.0/cv1/act/Mul_fence_after,0.001,0.001,0.001,yolov8n,3.1e-05,459,onnxrt_cuda,1,ok,0.0
onnxruntime,99.989131,,onnx_node,Conv:/model.15/m.0/cv2/conv/Conv_fence_before,0.002,0.00125,0.001,yolov8n,3.9e-05,291,onnxrt_cuda,4,ok,0.000433
onnxruntime,98.380338,,onnx_node,Conv:/model.15/m.0/cv2/conv/Conv_kernel_time,45.97,1.063833,0.22,yolov8n,0.033135,26,onnxrt_cuda,60,ok,5.846459
onnxruntime,99.994518,,onnx_node,Conv:/model.15/m.0/cv2/conv/Conv_fence_after,0.001,0.001,0.001,yolov8n,3.1e-05,460,onnxrt_cuda,2,ok,0.0
onnxruntime,99.990557,,onnx_node,Sigmoid:/model.15/m.0/cv2/act/Sigmoid_fence_before,0.002,0.001031,0.001,yolov8n,3.2e-05,333,onnxrt_cuda,32,ok,0.000174
onnxruntime,99.785905,,onnx_node,Sigmoid:/model.15/m.0/cv2/act/Sigmoid_kernel_time,0.125,0.070617,0.056,yolov8n,0.0022,140,onnxrt_cuda,60,ok,0.01517
onnxruntime,99.994549,,onnx_node,Mul:/model.15/m.0/cv2/act/Mul_fence_before,0.001,0.001,0.001,yolov8n,3.1e-05,461,onnxrt_cuda,7,ok,0.0
onnxruntime,99.783705,,onnx_node,Mul:/model.15/m.0/cv2/act/Mul_kernel_time,0.099,0.07095,0.054,yolov8n,0.00221,139,onnxrt_cuda,60,ok,0.014874
onnxruntime,99.99458,,onnx_node,Mul:/model.15/m.0/cv2/act/Mul_fence_after,0.001,0.001,0.001,yolov8n,3.1e-05,462,onnxrt_cuda,1,ok,0.0
onnxruntime,99.988198,,onnx_node,Concat:/model.15/Concat_fence_before,0.025,0.002412,0.001,yolov8n,7.5e-05,273,onnxrt_cuda,17,ok,0.005647
onnxruntime,99.597415,,onnx_node,Concat:/model.15/Concat_kernel_time,0.66,0.244133,0.195,yolov8n,0.007604,85,onnxrt_cuda,60,ok,0.063617
onnxruntime,99.987852,,onnx_node,Concat:/model.15/Concat_fence_after,0.007,0.003,0.001,yolov8n,9.3e-05,269,onnxrt_cuda,3,ok,0.002828
onnxruntime,99.994612,,onnx_node,Conv:/model.15/cv2/conv/Conv_fence_before,0.001,0.001,0.001,yolov8n,3.1e-05,463,onnxrt_cuda,19,ok,0.0
onnxruntime,98.925478,,onnx_node,Conv:/model.15/cv2/conv/Conv_kernel_time,30.414,0.8387,0.253,yolov8n,0.026123,45,onnxrt_cuda,60,ok,3.851243
onnxruntime,99.994643,,onnx_node,Conv:/model.15/cv2/conv/Conv_fence_after,0.001,0.001,0.001,yolov8n,3.1e-05,464,onnxrt_cuda,6,ok,0.0
onnxruntime,99.988594,,onnx_node,Sigmoid:/model.15/cv2/act/Sigmoid_fence_before,0.025,0.001828,0.001,yolov8n,5.7e-05,279,onnxrt_cuda,29,ok,0.004379
onnxruntime,99.747862,,onnx_node,Sigmoid:/model.15/cv2/act/Sigmoid_kernel_time,0.127,0.072983,0.056,yolov8n,0.002273,123,onnxrt_cuda,60,ok,0.017107
onnxruntime,99.994674,,onnx_node,Mul:/model.15/cv2/act/Mul_fence_before,0.001,0.001,0.001,yolov8n,3.1e-05,465,onnxrt_cuda,17,ok,0.0
onnxruntime,99.745589,,onnx_node,Mul:/model.15/cv2/act/Mul_kernel_time,0.116,0.073067,0.056,yolov8n,0.002276,122,onnxrt_cuda,60,ok,0.017072
onnxruntime,97.88715,,onnx_node,Conv:/model.16/conv/Conv_kernel_time,54.712,1.237817,0.258,yolov8n,0.038554,12,onnxrt_cuda,60,ok,6.961815
onnxruntime,99.994705,,onnx_node,Conv:/model.16/conv/Conv_fence_after,0.001,0.001,0.001,yolov8n,3.1e-05,466,onnxrt_cuda,7,ok,0.0
onnxruntime,99.990429,,onnx_node,Sigmoid:/model.16/act/Sigmoid_fence_before,0.002,0.001034,0.001,yolov8n,3.2e-05,329,onnxrt_cuda,29,ok,0.000182
onnxruntime,99.790299,,onnx_node,Sigmoid:/model.16/act/Sigmoid_kernel_time,0.122,0.070517,0.056,yolov8n,0.002196,142,onnxrt_cuda,60,ok,0.017328
onnxruntime,99.994736,,onnx_node,Sigmoid:/model.16/act/Sigmoid_fence_after,0.001,0.001,0.001,yolov8n,3.1e-05,467,onnxrt_cuda,1,ok,0.0
onnxruntime,99.986193,,onnx_node,Mul:/model.16/act/Mul_fence_before,0.043,0.00625,0.001,yolov8n,0.000195,256,onnxrt_cuda,8,ok,0.01389
onnxruntime,99.824541,,onnx_node,Mul:/model.16/act/Mul_kernel_time,0.123,0.067367,0.055,yolov8n,0.002098,158,onnxrt_cuda,60,ok,0.016584
onnxruntime,99.994767,,onnx_node,Concat:/model.17/Concat_fence_before,0.001,0.001,0.001,yolov8n,3.1e-05,468,onnxrt_cuda,20,ok,0.0
onnxruntime,99.589811,,onnx_node,Concat:/model.17/Concat_kernel_time,0.672,0.251133,0.201,yolov8n,0.007822,84,onnxrt_cuda,60,ok,0.063083
onnxruntime,99.986827,,onnx_node,Conv:/model.18/cv1/conv/Conv_fence_before,0.023,0.004667,0.001,yolov8n,0.000145,260,onnxrt_cuda,6,ok,0.008199
onnxruntime,99.219457,,onnx_node,Conv:/model.18/cv1/conv/Conv_kernel_time,31.077,0.754067,0.201,yolov8n,0.023487,57,onnxrt_cuda,60,ok,3.947906
onnxruntime,99.994798,,onnx_node,Conv:/model.18/cv1/conv/Conv_fence_after,0.001,0.001,0.001,yolov8n,3.1e-05,469,onnxrt_cuda,4,ok,0.0
onnxruntime,99.990686,,onnx_node,Sigmoid:/model.18/cv1/act/Sigmoid_fence_before,0.002,0.001028,0.001,yolov8n,3.2e-05,337,onnxrt_cuda,36,ok,0.000164
onnxruntime,99.792495,,onnx_node,Sigmoid:/model.18/cv1/act/Sigmoid_kernel_time,0.141,0.070517,0.056,yolov8n,0.002196,143,onnxrt_cuda,60,ok,0.017736
onnxruntime,99.99483,,onnx_node,Mul:/model.18/cv1/act/Mul_fence_before,0.001,0.001,0.001,yolov8n,3.1e-05,470,onnxrt_cuda,18,ok,0.0
onnxruntime,99.77039,,onnx_node,Mul:/model.18/cv1/act/Mul_kernel_time,0.151,0.071767,0.055,yolov8n,0.002235,133,onnxrt_cuda,60,ok,0.019502
onnxruntime,99.549686,,onnx_node,Split:/model.18/Split_kernel_time,0.569,0.270017,0.195,yolov8n,0.00841,79,onnxrt_cuda,60,ok,0.062403
onnxruntime,99.994861,,onnx_node,Conv:/model.18/m.0/cv1/conv/Conv_fence_before,0.001,0.001,0.001,yolov8n,3.1e-05,471,onnxrt_cuda,11,ok,0.0
onnxruntime,98.107762,,onnx_node,Conv:/model.18/m.0/cv1/conv/Conv_kernel_time,51.708,1.153833,0.245,yolov8n,0.035939,18,onnxrt_cuda,60,ok,6.581742
onnxruntime,99.994892,,onnx_node,Conv:/model.18/m.0/cv1/conv/Conv_fence_after,0.001,0.001,0.001,yolov8n,3.1e-05,472,onnxrt_cuda,2,ok,0.0
onnxruntime,99.994923,,onnx_node,Sigmoid:/model.18/m.0/cv1/act/Sigmoid_fence_before,0.001,0.001,0.001,yolov8n,3.1e-05,473,onnxrt_cuda,15,ok,0.0
onnxruntime,99.763666,,onnx_node,Sigmoid:/model.18/m.0/cv1/act/Sigmoid_kernel_time,0.14,0.072217,0.058,yolov8n,0.002249,130,onnxrt_cuda,60,ok,0.019256
onnxruntime,99.994954,,onnx_node,Mul:/model.18/m.0/cv1/act/Mul_fence_before,0.001,0.001,0.001,yolov8n,3.1e-05,474,onnxrt_cuda,21,ok,0.0
onnxruntime,99.724911,,onnx_node,Mul:/model.18/m.0/cv1/act/Mul_kernel_time,0.281,0.075083,0.056,yolov8n,0.002339,113,onnxrt_cuda,60,ok,0.031458
onnxruntime,99.994985,,onnx_node,Conv:/model.18/m.0/cv2/conv/Conv_fence_before,0.001,0.001,0.001,yolov8n,3.1e-05,475,onnxrt_cuda,25,ok,0.0
onnxruntime,97.999241,,onnx_node,Conv:/model.18/m.0/cv2/conv/Conv_kernel_time,52.264,1.17055,0.226,yolov8n,0.036459,15,onnxrt_cuda,60,ok,6.651981
onnxruntime,99.986367,,onnx_node,Conv:/model.18/m.0/cv2/conv/Conv_fence_after,0.024,0.0056,0.001,yolov8n,0.000174,257,onnxrt_cuda,5,ok,0.0092
onnxruntime,99.989698,,onnx_node,Sigmoid:/model.18/m.0/cv2/act/Sigmoid_fence_before,0.002,0.001111,0.001,yolov8n,3.5e-05,307,onnxrt_cuda,9,ok,0.000314
onnxruntime,99.727233,,onnx_node,Sigmoid:/model.18/m.0/cv2/act/Sigmoid_kernel_time,0.182,0.07455,0.055,yolov8n,0.002322,114,onnxrt_cuda,60,ok,0.022133
onnxruntime,99.995016,,onnx_node,Sigmoid:/model.18/m.0/cv2/act/Sigmoid_fence_after,0.001,0.001,0.001,yolov8n,3.1e-05,476,onnxrt_cuda,2,ok,0.0
onnxruntime,99.990168,,onnx_node,Mul:/model.18/m.0/cv2/act/Mul_fence_before,0.002,0.001056,0.001,yolov8n,3.3e-05,321,onnxrt_cuda,18,ok,0.000229
onnxruntime,99.843306,,onnx_node,Mul:/model.18/m.0/cv2/act/Mul_kernel_time,0.146,0.066517,0.054,yolov8n,0.002072,167,onnxrt_cuda,60,ok,0.017013
onnxruntime,99.989594,,onnx_node,Concat:/model.18/Concat_fence_before,0.003,0.001115,0.001,yolov8n,3.5e-05,304,onnxrt_cuda,26,ok,0.000423
onnxruntime,99.604838,,onnx_node,Concat:/model.18/Concat_kernel_time,0.422,0.238317,0.201,yolov8n,0.007423,86,onnxrt_cuda,60,ok,0.047066
onnxruntime,99.995048,,onnx_node,Conv:/model.18/cv2/conv/Conv_fence_before,0.001,0.001,0.001,yolov8n,3.1e-05,477,onnxrt_cuda,5,ok,0.0
onnxruntime,99.148692,,onnx_node,Conv:/model.18/cv2/conv/Conv_kernel_time,31.246,0.772183,0.19,yolov8n,0.024051,54,onnxrt_cuda,60,ok,3.967634
onnxruntime,99.995079,,onnx_node,Conv:/model.18/cv2/conv/Conv_fence_after,0.001,0.001,0.001,yolov8n,3.1e-05,478,onnxrt_cuda,3,ok,0.0
onnxruntime,99.989733,,onnx_node,Sigmoid:/model.18/cv2/act/Sigmoid_fence_before,0.002,0.001103,0.001,yolov8n,3.4e-05,308,onnxrt_cuda,39,ok,0.000303
onnxruntime,99.736471,,onnx_node,Sigmoid:/model.18/cv2/act/Sigmoid_kernel_time,0.123,0.073817,0.057,yolov8n,0.002299,118,onnxrt_cuda,60,ok,0.016903
onnxruntime,99.99511,,onnx_node,Sigmoid:/model.18/cv2/act/Sigmoid_fence_after,0.001,0.001,0.001,yolov8n,3.1e-05,479,onnxrt_cuda,1,ok,0.0
onnxruntime,99.986961,,onnx_node,Mul:/model.18/cv2/act/Mul_fence_before,0.034,0.0043,0.001,yolov8n,0.000134,261,onnxrt_cuda,10,ok,0.0099
onnxruntime,99.750135,,onnx_node,Mul:/model.18/cv2/act/Mul_kernel_time,0.13,0.072983,0.053,yolov8n,0.002273,124,onnxrt_cuda,60,ok,0.018743
onnxruntime,99.990201,,onnx_node,Conv:/model.19/conv/Conv_fence_before,0.002,0.001056,0.001,yolov8n,3.3e-05,322,onnxrt_cuda,18,ok,0.000229
onnxruntime,99.333972,,onnx_node,Conv:/model.19/conv/Conv_kernel_time,27.962,0.710617,0.202,yolov8n,0.022134,62,onnxrt_cuda,60,ok,3.548715
onnxruntime,99.995141,,onnx_node,Conv:/model.19/conv/Conv_fence_after,0.001,0.001,0.001,yolov8n,3.1e-05,480,onnxrt_cuda,4,ok,0.0
onnxruntime,99.990397,,onnx_node,Sigmoid:/model.19/act/Sigmoid_fence_before,0.002,0.001043,0.001,yolov8n,3.2e-05,328,onnxrt_cuda,23,ok,0.000204
onnxruntime,99.816125,,onnx_node,Sigmoid:/model.19/act/Sigmoid_kernel_time,0.114,0.067967,0.056,yolov8n,0.002117,154,onnxrt_cuda,60,ok,0.014343
onnxruntime,99.995172,,onnx_node,Sigmoid:/model.19/act/Sigmoid_fence_after,0.001,0.001,0.001,yolov8n,3.1e-05,481,onnxrt_cuda,1,ok,0.0
onnxruntime,99.995203,,onnx_node,Mul:/model.19/act/Mul_fence_before,0.001,0.001,0.001,yolov8n,3.1e-05,482,onnxrt_cuda,15,ok,0.0
onnxruntime,99.837087,,onnx_node,Mul:/model.19/act/Mul_kernel_time,0.123,0.066783,0.053,yolov8n,0.00208,164,onnxrt_cuda,60,ok,0.01579
onnxruntime,99.995234,,onnx_node,Concat:/model.20/Concat_fence_before,0.001,0.001,0.001,yolov8n,3.1e-05,483,onnxrt_cuda,21,ok,0.0
onnxruntime,99.541275,,onnx_node,Concat:/model.20/Concat_kernel_time,0.352,0.27015,0.199,yolov8n,0.008414,78,onnxrt_cuda,60,ok,0.047134
onnxruntime,99.995266,,onnx_node,Conv:/model.21/cv1/conv/Conv_fence_before,0.001,0.001,0.001,yolov8n,3.1e-05,484,onnxrt_cuda,6,ok,0.0
onnxruntime,99.124641,,onnx_node,Conv:/model.21/cv1/conv/Conv_kernel_time,32.653,0.775683,0.186,yolov8n,0.02416,53,onnxrt_cuda,60,ok,4.150242
onnxruntime,99.995297,,onnx_node,Conv:/model.21/cv1/conv/Conv_fence_after,0.001,0.001,0.001,yolov8n,3.1e-05,485,onnxrt_cuda,3,ok,0.0
onnxruntime,99.995328,,onnx_node,Sigmoid:/model.21/cv1/act/Sigmoid_fence_before,0.001,0.001,0.001,yolov8n,3.1e-05,486,onnxrt_cuda,20,ok,0.0
onnxruntime,99.927518,,onnx_node,Sigmoid:/model.21/cv1/act/Sigmoid_kernel_time,0.112,0.062333,0.055,yolov8n,0.001941,209,onnxrt_cuda,60,ok,0.010292
onnxruntime,99.995359,,onnx_node,Mul:/model.21/cv1/act/Mul_fence_before,0.001,0.001,0.001,yolov8n,3.1e-05,487,onnxrt_cuda,13,ok,0.0
onnxruntime,99.923635,,onnx_node,Mul:/model.21/cv1/act/Mul_kernel_time,0.189,0.062367,0.054,yolov8n,0.001943,207,onnxrt_cuda,60,ok,0.018883
onnxruntime,99.67537,,onnx_node,Split:/model.21/Split_kernel_time,0.396,0.214317,0.195,yolov8n,0.006675,96,onnxrt_cuda,60,ok,0.027209
onnxruntime,99.99539,,onnx_node,Split:/model.21/Split_fence_after,0.001,0.001,0.001,yolov8n,3.1e-05,488,onnxrt_cuda,1,ok,0.0
onnxruntime,99.995421,,onnx_node,Conv:/model.21/m.0/cv1/conv/Conv_fence_before,0.001,0.001,0.001,yolov8n,3.1e-05,489,onnxrt_cuda,4,ok,0.0
onnxruntime,98.899355,,onnx_node,Conv:/model.21/m.0/cv1/conv/Conv_kernel_time,34.386,0.839783,0.236,yolov8n,0.026157,44,onnxrt_cuda,60,ok,4.367494
onnxruntime,99.995453,,onnx_node,Conv:/model.21/m.0/cv1/conv/Conv_fence_after,0.001,0.001,0.001,yolov8n,3.1e-05,490,onnxrt_cuda,2,ok,0.0
onnxruntime,99.990332,,onnx_node,Sigmoid:/model.21/m.0/cv1/act/Sigmoid_fence_before,0.002,0.001048,0.001,yolov8n,3.3e-05,326,onnxrt_cuda,21,ok,0.000213
onnxruntime,99.777069,,onnx_node,Sigmoid:/model.21/m.0/cv1/act/Sigmoid_kernel_time,0.143,0.071317,0.057,yolov8n,0.002221,136,onnxrt_cuda,60,ok,0.016699
onnxruntime,99.995484,,onnx_node,Mul:/model.21/m.0/cv1/act/Mul_fence_before,0.001,0.001,0.001,yolov8n,3.1e-05,491,onnxrt_cuda,2,ok,0.0
onnxruntime,99.900069,,onnx_node,Mul:/model.21/m.0/cv1/act/Mul_kernel_time,0.107,0.063817,0.054,yolov8n,0.001988,195,onnxrt_cuda,60,ok,0.012358
onnxruntime,99.995515,,onnx_node,Conv:/model.21/m.0/cv2/conv/Conv_fence_before,0.001,0.001,0.001,yolov8n,3.1e-05,492,onnxrt_cuda,13,ok,0.0
onnxruntime,98.976906,,onnx_node,Conv:/model.21/m.0/cv2/conv/Conv_kernel_time,34.659,0.821517,0.222,yolov8n,0.025588,47,onnxrt_cuda,60,ok,4.405354
onnxruntime,99.995546,,onnx_node,Conv:/model.21/m.0/cv2/conv/Conv_fence_after,0.001,0.001,0.001,yolov8n,3.1e-05,493,onnxrt_cuda,3,ok,0.0
onnxruntime,99.995577,,onnx_node,Sigmoid:/model.21/m.0/cv2/act/Sigmoid_fence_before,0.001,0.001,0.001,yolov8n,3.1e-05,494,onnxrt_cuda,5,ok,0.0
onnxruntime,99.876012,,onnx_node,Sigmoid:/model.21/m.0/cv2/act/Sigmoid_kernel_time,0.138,0.064983,0.055,yolov8n,0.002024,183,onnxrt_cuda,60,ok,0.014011
onnxruntime,99.995608,,onnx_node,Sigmoid:/model.21/m.0/cv2/act/Sigmoid_fence_after,0.001,0.001,0.001,yolov8n,3.1e-05,495,onnxrt_cuda,2,ok,0.0
onnxruntime,99.989278,,onnx_node,Mul:/model.21/m.0/cv2/act/Mul_fence_before,0.002,0.001167,0.001,yolov8n,3.6e-05,295,onnxrt_cuda,6,ok,0.000373
onnxruntime,99.94284,,onnx_node,Mul:/model.21/m.0/cv2/act/Mul_kernel_time,0.115,0.060417,0.053,yolov8n,0.001882,217,onnxrt_cuda,60,ok,0.01136
onnxruntime,99.995639,,onnx_node,Concat:/model.21/Concat_fence_before,0.001,0.001,0.001,yolov8n,3.1e-05,496,onnxrt_cuda,7,ok,0.0
onnxruntime,99.581989,,onnx_node,Concat:/model.21/Concat_kernel_time,0.702,0.256033,0.202,yolov8n,0.007975,83,onnxrt_cuda,60,ok,0.070558
onnxruntime,99.995671,,onnx_node,Concat:/model.21/Concat_fence_after,0.001,0.001,0.001,yolov8n,3.1e-05,497,onnxrt_cuda,4,ok,0.0
onnxruntime,99.995702,,onnx_node,Conv:/model.21/cv2/conv/Conv_fence_before,0.001,0.001,0.001,yolov8n,3.1e-05,498,onnxrt_cuda,8,ok,0.0
onnxruntime,99.051693,,onnx_node,Conv:/model.21/cv2/conv/Conv_kernel_time,33.058,0.789467,0.191,yolov8n,0.02459,50,onnxrt_cuda,60,ok,4.201108
onnxruntime,99.995733,,onnx_node,Conv:/model.21/cv2/conv/Conv_fence_after,0.001,0.001,0.001,yolov8n,3.1e-05,499,onnxrt_cuda,2,ok,0.0
onnxruntime,99.990493,,onnx_node,Sigmoid:/model.21/cv2/act/Sigmoid_fence_before,0.002,0.001033,0.001,yolov8n,3.2e-05,331,onnxrt_cuda,30,ok,0.00018
onnxruntime,99.801207,,onnx_node,Sigmoid:/model.21/cv2/act/Sigmoid_kernel_time,0.116,0.069533,0.058,yolov8n,0.002166,147,onnxrt_cuda,60,ok,0.012726
onnxruntime,99.888093,,onnx_node,Mul:/model.21/cv2/act/Mul_kernel_time,0.1,0.0644,0.053,yolov8n,0.002006,189,onnxrt_cuda,60,ok,0.011031
onnxruntime,99.995764,,onnx_node,Conv:/model.22/cv3.2/cv3.2.0/conv/Conv_fence_before,0.001,0.001,0.001,yolov8n,3.1e-05,500,onnxrt_cuda,13,ok,0.0
onnxruntime,98.536591,,onnx_node,Conv:/model.22/cv3.2/cv3.2.0/conv/Conv_kernel_time,42.979,0.979667,0.228,yolov8n,0.030514,31,onnxrt_cuda,60,ok,5.467998
onnxruntime,99.988412,,onnx_node,Sigmoid:/model.22/cv3.2/cv3.2.0/act/Sigmoid_fence_before,0.027,0.00208,0.001,yolov8n,6.5e-05,276,onnxrt_cuda,25,ok,0.005091
onnxruntime,99.841234,,onnx_node,Sigmoid:/model.22/cv3.2/cv3.2.0/act/Sigmoid_kernel_time,0.152,0.06655,0.058,yolov8n,0.002073,166,onnxrt_cuda,60,ok,0.015061
onnxruntime,99.995795,,onnx_node,Sigmoid:/model.22/cv3.2/cv3.2.0/act/Sigmoid_fence_after,0.001,0.001,0.001,yolov8n,3.1e-05,501,onnxrt_cuda,1,ok,0.0
onnxruntime,99.995826,,onnx_node,Mul:/model.22/cv3.2/cv3.2.0/act/Mul_fence_before,0.001,0.001,0.001,yolov8n,3.1e-05,502,onnxrt_cuda,2,ok,0.0
onnxruntime,99.915846,,onnx_node,Mul:/model.22/cv3.2/cv3.2.0/act/Mul_kernel_time,0.118,0.06265,0.054,yolov8n,0.001951,203,onnxrt_cuda,60,ok,0.012682
onnxruntime,99.987546,,onnx_node,Conv:/model.22/cv3.2/cv3.2.1/conv/Conv_fence_before,0.038,0.003467,0.001,yolov8n,0.000108,266,onnxrt_cuda,15,ok,0.009229
onnxruntime,98.625838,,onnx_node,Conv:/model.22/cv3.2/cv3.2.1/conv/Conv_kernel_time,41.157,0.92835,0.216,yolov8n,0.028915,34,onnxrt_cuda,60,ok,5.237371
onnxruntime,99.995857,,onnx_node,Conv:/model.22/cv3.2/cv3.2.1/conv/Conv_fence_after,0.001,0.001,0.001,yolov8n,3.1e-05,503,onnxrt_cuda,1,ok,0.0
onnxruntime,99.995889,,onnx_node,Sigmoid:/model.22/cv3.2/cv3.2.1/act/Sigmoid_fence_before,0.001,0.001,0.001,yolov8n,3.1e-05,504,onnxrt_cuda,6,ok,0.0
onnxruntime,99.890096,,onnx_node,Sigmoid:/model.22/cv3.2/cv3.2.1/act/Sigmoid_kernel_time,0.208,0.064317,0.054,yolov8n,0.002003,190,onnxrt_cuda,60,ok,0.020405
onnxruntime,99.99592,,onnx_node,Mul:/model.22/cv3.2/cv3.2.1/act/Mul_fence_before,0.001,0.001,0.001,yolov8n,3.1e-05,505,onnxrt_cuda,6,ok,0.0
onnxruntime,99.95766,,onnx_node,Mul:/model.22/cv3.2/cv3.2.1/act/Mul_kernel_time,0.141,0.05915,0.052,yolov8n,0.001842,225,onnxrt_cuda,60,ok,0.013134
onnxruntime,99.429069,,onnx_node,Conv:/model.22/cv3.2/cv3.2.2/Conv_kernel_time,23.418,0.55675,0.155,yolov8n,0.017341,67,onnxrt_cuda,60,ok,2.976376
onnxruntime,99.995951,,onnx_node,Conv:/model.22/cv3.2/cv3.2.2/Conv_fence_after,0.001,0.001,0.001,yolov8n,3.1e-05,506,onnxrt_cuda,2,ok,0.0
onnxruntime,99.995982,,onnx_node,Conv:/model.22/cv2.2/cv2.2.0/conv/Conv_fence_before,0.001,0.001,0.001,yolov8n,3.1e-05,507,onnxrt_cuda,10,ok,0.0
onnxruntime,98.793333,,onnx_node,Conv:/model.22/cv2.2/cv2.2.0/conv/Conv_kernel_time,38.396,0.868083,0.216,yolov8n,0.027038,40,onnxrt_cuda,60,ok,4.885783
onnxruntime,99.988847,,onnx_node,Conv:/model.22/cv2.2/cv2.2.0/conv/Conv_fence_after,0.002,0.0015,0.001,yolov8n,4.7e-05,284,onnxrt_cuda,2,ok,0.0005
onnxruntime,99.989385,,onnx_node,Sigmoid:/model.22/cv2.2/cv2.2.0/act/Sigmoid_fence_before,0.002,0.001143,0.001,yolov8n,3.6e-05,298,onnxrt_cuda,7,ok,0.00035
onnxruntime,99.896092,,onnx_node,Sigmoid:/model.22/cv2.2/cv2.2.0/act/Sigmoid_kernel_time,0.141,0.064033,0.056,yolov8n,0.001994,193,onnxrt_cuda,60,ok,0.014847
onnxruntime,99.988753,,onnx_node,Mul:/model.22/cv2.2/cv2.2.0/act/Mul_fence_before,0.003,0.001667,0.001,yolov8n,5.2e-05,282,onnxrt_cuda,3,ok,0.000943
onnxruntime,99.908001,,onnx_node,Mul:/model.22/cv2.2/cv2.2.0/act/Mul_kernel_time,0.281,0.063483,0.054,yolov8n,0.001977,199,onnxrt_cuda,60,ok,0.029422
onnxruntime,99.996013,,onnx_node,Conv:/model.22/cv2.2/cv2.2.1/conv/Conv_fence_before,0.001,0.001,0.001,yolov8n,3.1e-05,508,onnxrt_cuda,2,ok,0.0
onnxruntime,99.027103,,onnx_node,Conv:/model.22/cv2.2/cv2.2.1/conv/Conv_kernel_time,33.481,0.7904,0.214,yolov8n,0.024619,49,onnxrt_cuda,60,ok,4.256069
onnxruntime,99.996044,,onnx_node,Conv:/model.22/cv2.2/cv2.2.1/conv/Conv_fence_after,0.001,0.001,0.001,yolov8n,3.1e-05,509,onnxrt_cuda,2,ok,0.0
onnxruntime,99.996075,,onnx_node,Sigmoid:/model.22/cv2.2/cv2.2.1/act/Sigmoid_fence_before,0.001,0.001,0.001,yolov8n,3.1e-05,510,onnxrt_cuda,9,ok,0.0
onnxruntime,99.931382,,onnx_node,Sigmoid:/model.22/cv2.2/cv2.2.1/act/Sigmoid_kernel_time,0.148,0.06185,0.056,yolov8n,0.001926,211,onnxrt_cuda,60,ok,0.012483
onnxruntime,99.939071,,onnx_node,Mul:/model.22/cv2.2/cv2.2.1/act/Mul_kernel_time,0.136,0.0615,0.053,yolov8n,0.001916,215,onnxrt_cuda,60,ok,0.016796
onnxruntime,99.996107,,onnx_node,Conv:/model.22/cv2.2/cv2.2.2/Conv_fence_before,0.001,0.001,0.001,yolov8n,3.1e-05,511,onnxrt_cuda,10,ok,0.0
onnxruntime,99.446074,,onnx_node,Conv:/model.22/cv2.2/cv2.2.2/Conv_kernel_time,23.191,0.54595,0.144,yolov8n,0.017005,68,onnxrt_cuda,60,ok,2.948234
onnxruntime,99.996138,,onnx_node,Conv:/model.22/cv2.2/cv2.2.2/Conv_fence_after,0.001,0.001,0.001,yolov8n,3.1e-05,512,onnxrt_cuda,3,ok,0.0
onnxruntime,99.996169,,onnx_node,Concat:/model.22/Concat_2_fence_before,0.001,0.001,0.001,yolov8n,3.1e-05,513,onnxrt_cuda,22,ok,0.0
onnxruntime,99.574014,,onnx_node,Concat:/model.22/Concat_2_kernel_time,0.555,0.259167,0.206,yolov8n,0.008072,82,onnxrt_cuda,60,ok,0.065762
onnxruntime,99.988648,,onnx_node,Reshape:/model.22/Reshape_2_fence_before,0.036,0.00175,0.001,yolov8n,5.5e-05,280,onnxrt_cuda,60,ok,0.004474
onnxruntime,99.976625,,onnx_node,Reshape:/model.22/Reshape_2_kernel_time,0.067,0.032567,0.023,yolov8n,0.001014,237,onnxrt_cuda,60,ok,0.013481
onnxruntime,99.9962,,onnx_node,Conv:/model.22/cv3.1/cv3.1.0/conv/Conv_fence_before,0.001,0.001,0.001,yolov8n,3.1e-05,514,onnxrt_cuda,18,ok,0.0
onnxruntime,98.596923,,onnx_node,Conv:/model.22/cv3.1/cv3.1.0/conv/Conv_kernel_time,40.001,0.96155,0.227,yolov8n,0.029949,33,onnxrt_cuda,60,ok,5.082725
onnxruntime,99.989525,,onnx_node,Conv:/model.22/cv3.1/cv3.1.0/conv/Conv_fence_after,0.002,0.001125,0.001,yolov8n,3.5e-05,302,onnxrt_cuda,8,ok,0.000331
onnxruntime,99.987438,,onnx_node,Sigmoid:/model.22/cv3.1/cv3.1.0/act/Sigmoid_fence_before,0.025,0.003667,0.001,yolov8n,0.000114,265,onnxrt_cuda,9,ok,0.007542
onnxruntime,99.729551,,onnx_node,Sigmoid:/model.22/cv3.1/cv3.1.0/act/Sigmoid_kernel_time,0.212,0.074417,0.057,yolov8n,0.002318,115,onnxrt_cuda,60,ok,0.025993
onnxruntime,99.996231,,onnx_node,Sigmoid:/model.22/cv3.1/cv3.1.0/act/Sigmoid_fence_after,0.001,0.001,0.001,yolov8n,3.1e-05,515,onnxrt_cuda,2,ok,0.0
onnxruntime,99.990036,,onnx_node,Mul:/model.22/cv3.1/cv3.1.0/act/Mul_fence_before,0.002,0.001067,0.001,yolov8n,3.3e-05,317,onnxrt_cuda,15,ok,0.000249
onnxruntime,99.865865,,onnx_node,Mul:/model.22/cv3.1/cv3.1.0/act/Mul_kernel_time,0.117,0.065367,0.055,yolov8n,0.002036,178,onnxrt_cuda,60,ok,0.01319
onnxruntime,99.981918,,onnx_node,Mul:/model.22/cv3.1/cv3.1.0/act/Mul_fence_after,0.041,0.021,0.001,yolov8n,0.000654,244,onnxrt_cuda,2,ok,0.02
onnxruntime,99.996262,,onnx_node,Conv:/model.22/cv3.1/cv3.1.1/conv/Conv_fence_before,0.001,0.001,0.001,yolov8n,3.1e-05,516,onnxrt_cuda,3,ok,0.0
onnxruntime,98.035679,,onnx_node,Conv:/model.22/cv3.1/cv3.1.1/conv/Conv_kernel_time,54.986,1.169883,0.214,yolov8n,0.036438,16,onnxrt_cuda,60,ok,7.00638
onnxruntime,99.996293,,onnx_node,Conv:/model.22/cv3.1/cv3.1.1/conv/Conv_fence_after,0.001,0.001,0.001,yolov8n,3.1e-05,517,onnxrt_cuda,3,ok,0.0
onnxruntime,99.985788,,onnx_node,Sigmoid:/model.22/cv3.1/cv3.1.1/act/Sigmoid_fence_before,0.035,0.006833,0.001,yolov8n,0.000213,254,onnxrt_cuda,6,ok,0.012602
onnxruntime,99.768154,,onnx_node,Sigmoid:/model.22/cv3.1/cv3.1.1/act/Sigmoid_kernel_time,0.137,0.0719,0.057,yolov8n,0.002239,132,onnxrt_cuda,60,ok,0.017574
onnxruntime,99.996325,,onnx_node,Sigmoid:/model.22/cv3.1/cv3.1.1/act/Sigmoid_fence_after,0.001,0.001,0.001,yolov8n,3.1e-05,518,onnxrt_cuda,3,ok,0.0
onnxruntime,99.996356,,onnx_node,Mul:/model.22/cv3.1/cv3.1.1/act/Mul_fence_before,0.001,0.001,0.001,yolov8n,3.1e-05,519,onnxrt_cuda,6,ok,0.0
onnxruntime,99.772625,,onnx_node,Mul:/model.22/cv3.1/cv3.1.1/act/Mul_kernel_time,0.137,0.071767,0.054,yolov8n,0.002235,134,onnxrt_cuda,60,ok,0.019288
onnxruntime,99.37405,,onnx_node,Conv:/model.22/cv3.1/cv3.1.2/Conv_kernel_time,25.748,0.630217,0.154,yolov8n,0.019629,64,onnxrt_cuda,60,ok,3.270272
onnxruntime,99.996387,,onnx_node,Conv:/model.22/cv3.1/cv3.1.2/Conv_fence_after,0.001,0.001,0.001,yolov8n,3.1e-05,520,onnxrt_cuda,2,ok,0.0
onnxruntime,99.996418,,onnx_node,Conv:/model.22/cv2.1/cv2.1.0/conv/Conv_fence_before,0.001,0.001,0.001,yolov8n,3.1e-05,521,onnxrt_cuda,13,ok,0.0
onnxruntime,98.71092,,onnx_node,Conv:/model.22/cv2.1/cv2.1.0/conv/Conv_kernel_time,38.28,0.90405,0.207,yolov8n,0.028159,37,onnxrt_cuda,60,ok,4.866161
onnxruntime,99.996449,,onnx_node,Conv:/model.22/cv2.1/cv2.1.0/conv/Conv_fence_after,0.001,0.001,0.001,yolov8n,3.1e-05,522,onnxrt_cuda,4,ok,0.0
onnxruntime,99.989767,,onnx_node,Sigmoid:/model.22/cv2.1/cv2.1.0/act/Sigmoid_fence_before,0.002,0.0011,0.001,yolov8n,3.4e-05,309,onnxrt_cuda,10,ok,0.0003
onnxruntime,99.863829,,onnx_node,Sigmoid:/model.22/cv2.1/cv2.1.0/act/Sigmoid_kernel_time,0.147,0.06545,0.055,yolov8n,0.002039,177,onnxrt_cuda,60,ok,0.015846
onnxruntime,99.99648,,onnx_node,Mul:/model.22/cv2.1/cv2.1.0/act/Mul_fence_before,0.001,0.001,0.001,yolov8n,3.1e-05,523,onnxrt_cuda,6,ok,0.0
onnxruntime,99.756912,,onnx_node,Mul:/model.22/cv2.1/cv2.1.0/act/Mul_kernel_time,0.293,0.072383,0.054,yolov8n,0.002255,127,onnxrt_cuda,60,ok,0.034883
onnxruntime,99.996512,,onnx_node,Conv:/model.22/cv2.1/cv2.1.1/conv/Conv_fence_before,0.001,0.001,0.001,yolov8n,3.1e-05,524,onnxrt_cuda,2,ok,0.0
onnxruntime,98.211875,,onnx_node,Conv:/model.22/cv2.1/cv2.1.1/conv/Conv_kernel_time,50.148,1.102517,0.215,yolov8n,0.03434,21,onnxrt_cuda,60,ok,6.385508
onnxruntime,99.988537,,onnx_node,Sigmoid:/model.22/cv2.1/cv2.1.1/act/Sigmoid_fence_before,0.019,0.002,0.001,yolov8n,6.2e-05,278,onnxrt_cuda,20,ok,0.003912
onnxruntime,99.703395,,onnx_node,Sigmoid:/model.22/cv2.1/cv2.1.1/act/Sigmoid_kernel_time,0.141,0.07915,0.056,yolov8n,0.002465,104,onnxrt_cuda,60,ok,0.025655
onnxruntime,99.996543,,onnx_node,Mul:/model.22/cv2.1/cv2.1.1/act/Mul_fence_before,0.001,0.001,0.001,yolov8n,3.1e-05,525,onnxrt_cuda,10,ok,0.0
onnxruntime,99.752401,,onnx_node,Mul:/model.22/cv2.1/cv2.1.1/act/Mul_kernel_time,0.242,0.072733,0.053,yolov8n,0.002265,125,onnxrt_cuda,60,ok,0.030808
onnxruntime,99.988893,,onnx_node,Mul:/model.22/cv2.1/cv2.1.1/act/Mul_fence_after,0.002,0.0015,0.001,yolov8n,4.7e-05,285,onnxrt_cuda,2,ok,0.0005
onnxruntime,99.996574,,onnx_node,Conv:/model.22/cv2.1/cv2.1.2/Conv_fence_before,0.001,0.001,0.001,yolov8n,3.1e-05,526,onnxrt_cuda,4,ok,0.0
onnxruntime,99.411728,,onnx_node,Conv:/model.22/cv2.1/cv2.1.2/Conv_kernel_time,24.504,0.591217,0.148,yolov8n,0.018415,66,onnxrt_cuda,60,ok,3.113466
onnxruntime,99.996605,,onnx_node,Conv:/model.22/cv2.1/cv2.1.2/Conv_fence_after,0.001,0.001,0.001,yolov8n,3.1e-05,527,onnxrt_cuda,1,ok,0.0
onnxruntime,99.996636,,onnx_node,Concat:/model.22/Concat_1_fence_before,0.001,0.001,0.001,yolov8n,3.1e-05,528,onnxrt_cuda,11,ok,0.0
onnxruntime,99.515795,,onnx_node,Concat:/model.22/Concat_1_kernel_time,0.571,0.276883,0.207,yolov8n,0.008624,75,onnxrt_cuda,60,ok,0.067508
onnxruntime,99.98721,,onnx_node,Reshape:/model.22/Reshape_1_fence_before,0.029,0.004,0.001,yolov8n,0.000125,263,onnxrt_cuda,16,ok,0.008062
onnxruntime,99.97561,,onnx_node,Reshape:/model.22/Reshape_1_kernel_time,0.115,0.033683,0.021,yolov8n,0.001049,236,onnxrt_cuda,60,ok,0.017342
onnxruntime,99.996667,,onnx_node,Conv:/model.22/cv3.0/cv3.0.0/conv/Conv_fence_before,0.001,0.001,0.001,yolov8n,3.1e-05,529,onnxrt_cuda,20,ok,0.0
onnxruntime,97.752563,,onnx_node,Conv:/model.22/cv3.0/cv3.0.0/conv/Conv_kernel_time,87.364,1.74465,0.222,yolov8n,0.054341,9,onnxrt_cuda,60,ok,11.146847
onnxruntime,99.996698,,onnx_node,Sigmoid:/model.22/cv3.0/cv3.0.0/act/Sigmoid_fence_before,0.001,0.001,0.001,yolov8n,3.1e-05,530,onnxrt_cuda,3,ok,0.0
onnxruntime,99.754657,,onnx_node,Sigmoid:/model.22/cv3.0/cv3.0.0/act/Sigmoid_kernel_time,0.212,0.07245,0.056,yolov8n,0.002257,126,onnxrt_cuda,60,ok,0.026387
onnxruntime,99.985357,,onnx_node,Sigmoid:/model.22/cv3.0/cv3.0.0/act/Sigmoid_fence_after,0.021,0.007667,0.001,yolov8n,0.000239,252,onnxrt_cuda,3,ok,0.009428
onnxruntime,99.990299,,onnx_node,Mul:/model.22/cv3.0/cv3.0.0/act/Mul_fence_before,0.002,0.00105,0.001,yolov8n,3.3e-05,325,onnxrt_cuda,20,ok,0.000218
onnxruntime,99.774848,,onnx_node,Mul:/model.22/cv3.0/cv3.0.0/act/Mul_kernel_time,0.152,0.071367,0.055,yolov8n,0.002223,135,onnxrt_cuda,60,ok,0.025084
onnxruntime,99.99673,,onnx_node,Conv:/model.22/cv3.0/cv3.0.1/conv/Conv_fence_before,0.001,0.001,0.001,yolov8n,3.1e-05,531,onnxrt_cuda,2,ok,0.0
onnxruntime,97.698222,,onnx_node,Conv:/model.22/cv3.0/cv3.0.1/conv/Conv_kernel_time,102.355,1.992133,0.216,yolov8n,0.062049,8,onnxrt_cuda,60,ok,13.066272
onnxruntime,99.996761,,onnx_node,Conv:/model.22/cv3.0/cv3.0.1/conv/Conv_fence_after,0.001,0.001,0.001,yolov8n,3.1e-05,532,onnxrt_cuda,1,ok,0.0
onnxruntime,99.996792,,onnx_node,Sigmoid:/model.22/cv3.0/cv3.0.1/act/Sigmoid_fence_before,0.001,0.001,0.001,yolov8n,3.1e-05,533,onnxrt_cuda,14,ok,0.0
onnxruntime,99.807644,,onnx_node,Sigmoid:/model.22/cv3.0/cv3.0.1/act/Sigmoid_kernel_time,0.139,0.068767,0.057,yolov8n,0.002142,150,onnxrt_cuda,60,ok,0.019168
onnxruntime,99.996823,,onnx_node,Mul:/model.22/cv3.0/cv3.0.1/act/Mul_fence_before,0.001,0.001,0.001,yolov8n,3.1e-05,534,onnxrt_cuda,6,ok,0.0
onnxruntime,99.851564,,onnx_node,Mul:/model.22/cv3.0/cv3.0.1/act/Mul_kernel_time,0.116,0.066183,0.053,yolov8n,0.002061,171,onnxrt_cuda,60,ok,0.018186
onnxruntime,99.996854,,onnx_node,Conv:/model.22/cv3.0/cv3.0.2/Conv_fence_before,0.001,0.001,0.001,yolov8n,3.1e-05,535,onnxrt_cuda,3,ok,0.0
onnxruntime,98.73888,,onnx_node,Conv:/model.22/cv3.0/cv3.0.2/Conv_kernel_time,32.445,0.897683,0.273,yolov8n,0.02796,38,onnxrt_cuda,60,ok,4.107554
onnxruntime,99.986682,,onnx_node,Conv:/model.22/cv3.0/cv3.0.2/Conv_fence_after,0.031,0.00475,0.001,yolov8n,0.000148,259,onnxrt_cuda,8,ok,0.009922
onnxruntime,99.996885,,onnx_node,Conv:/model.22/cv2.0/cv2.0.0/conv/Conv_fence_before,0.001,0.001,0.001,yolov8n,3.1e-05,536,onnxrt_cuda,7,ok,0.0
onnxruntime,97.80074,,onnx_node,Conv:/model.22/cv2.0/cv2.0.0/conv/Conv_kernel_time,76.78,1.546767,0.224,yolov8n,0.048177,10,onnxrt_cuda,60,ok,9.794667
onnxruntime,99.996916,,onnx_node,Conv:/model.22/cv2.0/cv2.0.0/conv/Conv_fence_after,0.001,0.001,0.001,yolov8n,3.1e-05,537,onnxrt_cuda,3,ok,0.0
onnxruntime,99.989801,,onnx_node,Sigmoid:/model.22/cv2.0/cv2.0.0/act/Sigmoid_fence_before,0.002,0.0011,0.001,yolov8n,3.4e-05,310,onnxrt_cuda,10,ok,0.0003
onnxruntime,99.826639,,onnx_node,Sigmoid:/model.22/cv2.0/cv2.0.0/act/Sigmoid_kernel_time,0.138,0.06735,0.057,yolov8n,0.002098,159,onnxrt_cuda,60,ok,0.015296
onnxruntime,99.886087,,onnx_node,Mul:/model.22/cv2.0/cv2.0.0/act/Mul_kernel_time,0.111,0.064467,0.055,yolov8n,0.002008,188,onnxrt_cuda,60,ok,0.012051
onnxruntime,99.996948,,onnx_node,Mul:/model.22/cv2.0/cv2.0.0/act/Mul_fence_after,0.001,0.001,0.001,yolov8n,3.1e-05,538,onnxrt_cuda,1,ok,0.0
onnxruntime,99.996979,,onnx_node,Conv:/model.22/cv2.0/cv2.0.1/conv/Conv_fence_before,0.001,0.001,0.001,yolov8n,3.1e-05,539,onnxrt_cuda,12,ok,0.0
onnxruntime,97.848595,,onnx_node,Conv:/model.22/cv2.0/cv2.0.1/conv/Conv_kernel_time,77.426,1.536417,0.219,yolov8n,0.047855,11,onnxrt_cuda,60,ok,9.880043
onnxruntime,99.99701,,onnx_node,Sigmoid:/model.22/cv2.0/cv2.0.1/act/Sigmoid_fence_before,0.001,0.001,0.001,yolov8n,3.1e-05,540,onnxrt_cuda,15,ok,0.0
onnxruntime,99.869933,,onnx_node,Sigmoid:/model.22/cv2.0/cv2.0.1/act/Sigmoid_kernel_time,0.142,0.065267,0.055,yolov8n,0.002033,180,onnxrt_cuda,60,ok,0.014821
onnxruntime,99.997041,,onnx_node,Sigmoid:/model.22/cv2.0/cv2.0.1/act/Sigmoid_fence_after,0.001,0.001,0.001,yolov8n,3.1e-05,541,onnxrt_cuda,1,ok,0.0
onnxruntime,99.997072,,onnx_node,Mul:/model.22/cv2.0/cv2.0.1/act/Mul_fence_before,0.001,0.001,0.001,yolov8n,3.1e-05,542,onnxrt_cuda,13,ok,0.0
onnxruntime,99.925577,,onnx_node,Mul:/model.22/cv2.0/cv2.0.1/act/Mul_kernel_time,0.175,0.06235,0.054,yolov8n,0.001942,208,onnxrt_cuda,60,ok,0.019112
onnxruntime,99.997103,,onnx_node,Conv:/model.22/cv2.0/cv2.0.2/Conv_fence_before,0.001,0.001,0.001,yolov8n,3.1e-05,543,onnxrt_cuda,2,ok,0.0
onnxruntime,99.266285,,onnx_node,Conv:/model.22/cv2.0/cv2.0.2/Conv_kernel_time,28.725,0.749917,0.239,yolov8n,0.023358,59,onnxrt_cuda,60,ok,3.642286
onnxruntime,99.997134,,onnx_node,Conv:/model.22/cv2.0/cv2.0.2/Conv_fence_after,0.001,0.001,0.001,yolov8n,3.1e-05,544,onnxrt_cuda,3,ok,0.0
onnxruntime,99.997166,,onnx_node,Concat:/model.22/Concat_fence_before,0.001,0.001,0.001,yolov8n,3.1e-05,545,onnxrt_cuda,22,ok,0.0
onnxruntime,99.557859,,onnx_node,Concat:/model.22/Concat_kernel_time,0.638,0.262417,0.21,yolov8n,0.008174,80,onnxrt_cuda,60,ok,0.066339
onnxruntime,99.988123,,onnx_node,Reshape:/model.22/Reshape_fence_before,0.025,0.002846,0.001,yolov8n,8.9e-05,272,onnxrt_cuda,13,ok,0.006395
onnxruntime,99.977478,,onnx_node,Reshape:/model.22/Reshape_kernel_time,0.064,0.0274,0.021,yolov8n,0.000853,238,onnxrt_cuda,60,ok,0.009896
onnxruntime,99.470918,,onnx_node,Concat:/model.22/Concat_3_kernel_time,0.508,0.361517,0.275,yolov8n,0.01126,70,onnxrt_cuda,60,ok,0.057293
onnxruntime,99.64811,,onnx_node,Split:/model.22/Split_kernel_time,0.319,0.228983,0.197,yolov8n,0.007132,92,onnxrt_cuda,60,ok,0.028316
onnxruntime,99.997197,,onnx_node,Sigmoid:/model.22/Sigmoid_fence_before,0.001,0.001,0.001,yolov8n,3.1e-05,546,onnxrt_cuda,21,ok,0.0
onnxruntime,99.953973,,onnx_node,Sigmoid:/model.22/Sigmoid_kernel_time,0.101,0.059333,0.053,yolov8n,0.001848,223,onnxrt_cuda,60,ok,0.007332
onnxruntime,99.997228,,onnx_node,Sigmoid:/model.22/Sigmoid_fence_after,0.001,0.001,0.001,yolov8n,3.1e-05,547,onnxrt_cuda,1,ok,0.0
onnxruntime,99.997259,,onnx_node,Reshape:/model.22/dfl/Reshape_fence_before,0.001,0.001,0.001,yolov8n,3.1e-05,548,onnxrt_cuda,12,ok,0.0
onnxruntime,99.980579,,onnx_node,Reshape:/model.22/dfl/Reshape_kernel_time,0.029,0.022767,0.021,yolov8n,0.000709,242,onnxrt_cuda,60,ok,0.001595
onnxruntime,99.989969,,onnx_node,Transpose:/model.22/dfl/Transpose_fence_before,0.002,0.001069,0.001,yolov8n,3.3e-05,315,onnxrt_cuda,29,ok,0.000253
onnxruntime,99.779283,,onnx_node,Transpose:/model.22/dfl/Transpose_kernel_time,0.174,0.071083,0.06,yolov8n,0.002214,137,onnxrt_cuda,60,ok,0.016384
onnxruntime,99.99729,,onnx_node,Softmax:/model.22/dfl/Softmax_fence_before,0.001,0.001,0.001,yolov8n,3.1e-05,549,onnxrt_cuda,21,ok,0.0
onnxruntime,99.878034,,onnx_node,Softmax:/model.22/dfl/Softmax_kernel_time,0.144,0.064917,0.058,yolov8n,0.002022,184,onnxrt_cuda,60,ok,0.012855
onnxruntime,99.997321,,onnx_node,Softmax:/model.22/dfl/Softmax_fence_after,0.001,0.001,0.001,yolov8n,3.1e-05,550,onnxrt_cuda,1,ok,0.0
onnxruntime,99.873988,,onnx_node,Transpose:/model.22/dfl/Transpose_1_kernel_time,0.121,0.065,0.058,yolov8n,0.002025,182,onnxrt_cuda,60,ok,0.010288
onnxruntime,99.997352,,onnx_node,Conv:/model.22/dfl/conv/Conv_fence_before,0.001,0.001,0.001,yolov8n,3.1e-05,551,onnxrt_cuda,5,ok,0.0
onnxruntime,99.393313,,onnx_node,Conv:/model.22/dfl/conv/Conv_kernel_time,28.982,0.61845,0.12,yolov8n,0.019263,65,onnxrt_cuda,60,ok,3.692669
onnxruntime,99.997384,,onnx_node,Conv:/model.22/dfl/conv/Conv_fence_after,0.001,0.001,0.001,yolov8n,3.1e-05,552,onnxrt_cuda,4,ok,0.0
onnxruntime,99.997415,,onnx_node,Reshape:/model.22/dfl/Reshape_1_fence_before,0.001,0.001,0.001,yolov8n,3.1e-05,553,onnxrt_cuda,7,ok,0.0
onnxruntime,99.97987,,onnx_node,Reshape:/model.22/dfl/Reshape_1_kernel_time,0.053,0.023783,0.021,yolov8n,0.000741,241,onnxrt_cuda,60,ok,0.004513
onnxruntime,99.990525,,onnx_node,Slice:/model.22/Slice_1_fence_before,0.002,0.001033,0.001,yolov8n,3.2e-05,332,onnxrt_cuda,30,ok,0.00018
onnxruntime,99.698375,,onnx_node,Slice:/model.22/Slice_1_kernel_time,0.253,0.09525,0.081,yolov8n,0.002967,102,onnxrt_cuda,60,ok,0.027776
onnxruntime,99.809773,,onnx_node,Add:/model.22/Add_1_kernel_time,0.143,0.06835,0.061,yolov8n,0.002129,151,onnxrt_cuda,60,ok,0.012191
onnxruntime,99.828737,,onnx_node,Slice:/model.22/Slice_kernel_time,0.133,0.06735,0.06,yolov8n,0.002098,160,onnxrt_cuda,60,ok,0.010456
onnxruntime,99.830831,,onnx_node,Sub:/model.22/Sub_kernel_time,0.167,0.06725,0.057,yolov8n,0.002095,161,onnxrt_cuda,60,ok,0.020962
onnxruntime,99.952125,,onnx_node,Sub:/model.22/Sub_1_kernel_time,0.127,0.0594,0.051,yolov8n,0.00185,222,onnxrt_cuda,60,ok,0.01504
onnxruntime,99.968531,,onnx_node,Add:/model.22/Add_2_kernel_time,0.12,0.056317,0.05,yolov8n,0.001754,231,onnxrt_cuda,60,ok,0.011334
onnxruntime,99.90404,,onnx_node,Div:/model.22/Div_1_kernel_time,0.173,0.06375,0.054,yolov8n,0.001986,197,onnxrt_cuda,60,ok,0.018661
onnxruntime,99.997446,,onnx_node,Concat:/model.22/Concat_4_fence_before,0.001,0.001,0.001,yolov8n,3.1e-05,554,onnxrt_cuda,17,ok,0.0
onnxruntime,99.655188,,onnx_node,Concat:/model.22/Concat_4_kernel_time,0.495,0.227233,0.198,yolov8n,0.007078,93,onnxrt_cuda,60,ok,0.054328
onnxruntime,99.832925,,onnx_node,Mul:/model.22/Mul_2_kernel_time,0.143,0.067233,0.059,yolov8n,0.002094,162,onnxrt_cuda,60,ok,0.013644
onnxruntime,99.997477,,onnx_node,Concat:/model.22/Concat_5_fence_before,0.001,0.001,0.001,yolov8n,3.1e-05,555,onnxrt_cuda,9,ok,0.0
onnxruntime,99.626629,,onnx_node,Concat:/model.22/Concat_5_kernel_time,0.458,0.232567,0.186,yolov8n,0.007244,89,onnxrt_cuda,60,ok,0.061723
onnxruntime,96.593136,,onnx_node,SequentialExecutor::Execute,4538.272,114.683817,35.751,yolov8n,3.572068,4,onnxrt_cuda,60,ok,575.908227
onnxruntime,88.035695,,onnx_node,model_run,4556.425,183.568317,109.031,yolov8n,5.71762,2,onnxrt_cuda,60,ok,569.297499
onnxruntime,99.997508,,onnx_node,Mul:/model.1/act/Mul_fence_after,0.001,0.001,0.001,yolov8n,3.1e-05,556,onnxrt_cuda,1,ok,0.0
onnxruntime,99.997539,,onnx_node,Conv:/model.2/cv1/conv/Conv_fence_before,0.001,0.001,0.001,yolov8n,3.1e-05,557,onnxrt_cuda,12,ok,0.0
onnxruntime,99.990589,,onnx_node,Add:/model.6/m.0/Add_fence_before,0.002,0.00103,0.001,yolov8n,3.2e-05,334,onnxrt_cuda,33,ok,0.000171
onnxruntime,99.997571,,onnx_node,Conv:/model.22/cv3.0/cv3.0.0/conv/Conv_fence_after,0.001,0.001,0.001,yolov8n,3.1e-05,558,onnxrt_cuda,5,ok,0.0
onnxruntime,99.997602,,onnx_node,Conv:/model.22/cv2.0/cv2.0.1/conv/Conv_fence_after,0.001,0.001,0.001,yolov8n,3.1e-05,559,onnxrt_cuda,4,ok,0.0
onnxruntime,99.985118,,onnx_node,Sigmoid:/model.2/m.0/cv2/act/Sigmoid_fence_after,0.015,0.008,0.001,yolov8n,0.000249,251,onnxrt_cuda,2,ok,0.007
onnxruntime,99.997633,,onnx_node,Split:/model.8/Split_fence_before,0.001,0.001,0.001,yolov8n,3.1e-05,560,onnxrt_cuda,5,ok,0.0
onnxruntime,99.997664,,onnx_node,Conv:/model.16/conv/Conv_fence_before,0.001,0.001,0.001,yolov8n,3.1e-05,561,onnxrt_cuda,8,ok,0.0
onnxruntime,99.997695,,onnx_node,Concat:/model.20/Concat_fence_after,0.001,0.001,0.001,yolov8n,3.1e-05,562,onnxrt_cuda,5,ok,0.0
onnxruntime,99.997726,,onnx_node,Mul:/model.21/cv2/act/Mul_fence_before,0.001,0.001,0.001,yolov8n,3.1e-05,563,onnxrt_cuda,7,ok,0.0
onnxruntime,99.997757,,onnx_node,Reshape:/model.22/Reshape_2_fence_after,0.001,0.001,0.001,yolov8n,3.1e-05,564,onnxrt_cuda,1,ok,0.0
onnxruntime,99.997789,,onnx_node,Add:/model.22/Add_1_fence_before,0.001,0.001,0.001,yolov8n,3.1e-05,565,onnxrt_cuda,21,ok,0.0
onnxruntime,99.99782,,onnx_node,Add:/model.22/Add_2_fence_after,0.001,0.001,0.001,yolov8n,3.1e-05,566,onnxrt_cuda,1,ok,0.0
onnxruntime,99.997851,,onnx_node,Div:/model.22/Div_1_fence_before,0.001,0.001,0.001,yolov8n,3.1e-05,567,onnxrt_cuda,3,ok,0.0
onnxruntime,99.997882,,onnx_node,Split:/model.2/Split_fence_before,0.001,0.001,0.001,yolov8n,3.1e-05,568,onnxrt_cuda,2,ok,0.0
onnxruntime,99.997913,,onnx_node,Concat:/model.2/Concat_fence_after,0.001,0.001,0.001,yolov8n,3.1e-05,569,onnxrt_cuda,9,ok,0.0
onnxruntime,99.982541,,onnx_node,Mul:/model.4/m.1/cv2/act/Mul_fence_after,0.039,0.02,0.001,yolov8n,0.000623,245,onnxrt_cuda,2,ok,0.019
onnxruntime,99.997944,,onnx_node,Conv:/model.7/conv/Conv_fence_before,0.001,0.001,0.001,yolov8n,3.1e-05,570,onnxrt_cuda,6,ok,0.0
onnxruntime,99.997975,,onnx_node,Sigmoid:/model.9/cv1/act/Sigmoid_fence_after,0.001,0.001,0.001,yolov8n,3.1e-05,571,onnxrt_cuda,1,ok,0.0
onnxruntime,99.998007,,onnx_node,MaxPool:/model.9/m_1/MaxPool_fence_before,0.001,0.001,0.001,yolov8n,3.1e-05,572,onnxrt_cuda,3,ok,0.0
onnxruntime,99.998038,,onnx_node,Concat:/model.12/Concat_fence_after,0.001,0.001,0.001,yolov8n,3.1e-05,573,onnxrt_cuda,6,ok,0.0
onnxruntime,99.998069,,onnx_node,Split:/model.18/Split_fence_before,0.001,0.001,0.001,yolov8n,3.1e-05,574,onnxrt_cuda,3,ok,0.0
onnxruntime,99.9981,,onnx_node,Concat:/model.22/Concat_2_fence_after,0.001,0.001,0.001,yolov8n,3.1e-05,575,onnxrt_cuda,3,ok,0.0
onnxruntime,99.998131,,onnx_node,Concat:/model.22/Concat_3_fence_before,0.001,0.001,0.001,yolov8n,3.1e-05,576,onnxrt_cuda,14,ok,0.0
onnxruntime,99.998162,,onnx_node,Sigmoid:/model.3/act/Sigmoid_fence_after,0.001,0.001,0.001,yolov8n,3.1e-05,577,onnxrt_cuda,1,ok,0.0
onnxruntime,99.984869,,onnx_node,Sigmoid:/model.4/cv2/act/Sigmoid_fence_after,0.028,0.01,0.001,yolov8n,0.000311,250,onnxrt_cuda,3,ok,0.012728
onnxruntime,99.998193,,onnx_node,Conv:/model.12/m.0/cv2/conv/Conv_fence_after,0.001,0.001,0.001,yolov8n,3.1e-05,578,onnxrt_cuda,1,ok,0.0
onnxruntime,99.998225,,onnx_node,Sub:/model.22/Sub_fence_before,0.001,0.001,0.001,yolov8n,3.1e-05,579,onnxrt_cuda,18,ok,0.0
onnxruntime,99.998256,,onnx_node,MaxPool:/model.9/m_2/MaxPool_fence_before,0.001,0.001,0.001,yolov8n,3.1e-05,580,onnxrt_cuda,8,ok,0.0
onnxruntime,99.987945,,onnx_node,Sigmoid:/model.22/cv2.1/cv2.1.0/act/Sigmoid_fence_after,0.003,0.003,0.003,yolov8n,9.3e-05,270,onnxrt_cuda,1,ok,0.0
onnxruntime,99.998287,,onnx_node,Split:/model.22/Split_fence_before,0.001,0.001,0.001,yolov8n,3.1e-05,581,onnxrt_cuda,3,ok,0.0
onnxruntime,99.998318,,onnx_node,Conv:/model.9/cv1/conv/Conv_fence_before,0.001,0.001,0.001,yolov8n,3.1e-05,582,onnxrt_cuda,4,ok,0.0
onnxruntime,99.998349,,onnx_node,Split:/model.6/Split_fence_after,0.001,0.001,0.001,yolov8n,3.1e-05,583,onnxrt_cuda,3,ok,0.0
onnxruntime,99.99838,,onnx_node,Concat:/model.18/Concat_fence_after,0.001,0.001,0.001,yolov8n,3.1e-05,584,onnxrt_cuda,2,ok,0.0
onnxruntime,99.998411,,onnx_node,Mul:/model.8/cv2/act/Mul_fence_after,0.001,0.001,0.001,yolov8n,3.1e-05,585,onnxrt_cuda,1,ok,0.0
onnxruntime,99.998443,,onnx_node,Mul:/model.4/m.1/cv2/act/Mul_fence_before,0.001,0.001,0.001,yolov8n,3.1e-05,586,onnxrt_cuda,6,ok,0.0
onnxruntime,99.998474,,onnx_node,Concat:/model.4/Concat_fence_after,0.001,0.001,0.001,yolov8n,3.1e-05,587,onnxrt_cuda,3,ok,0.0
onnxruntime,99.998505,,onnx_node,Mul:/model.6/m.0/cv2/act/Mul_fence_after,0.001,0.001,0.001,yolov8n,3.1e-05,588,onnxrt_cuda,2,ok,0.0
onnxruntime,99.998536,,onnx_node,Mul:/model.12/m.0/cv1/act/Mul_fence_after,0.001,0.001,0.001,yolov8n,3.1e-05,589,onnxrt_cuda,2,ok,0.0
onnxruntime,99.998567,,onnx_node,Mul:/model.2/cv2/act/Mul_fence_after,0.001,0.001,0.001,yolov8n,3.1e-05,590,onnxrt_cuda,5,ok,0.0
onnxruntime,99.998598,,onnx_node,Resize:/model.13/Resize_fence_after,0.001,0.001,0.001,yolov8n,3.1e-05,591,onnxrt_cuda,1,ok,0.0
onnxruntime,99.99863,,onnx_node,Mul:/model.22/Mul_2_fence_before,0.001,0.001,0.001,yolov8n,3.1e-05,592,onnxrt_cuda,2,ok,0.0
onnxruntime,99.978319,,onnx_node,Mul:/model.8/cv1/act/Mul_fence_after,0.027,0.027,0.027,yolov8n,0.000841,239,onnxrt_cuda,1,ok,0.0
onnxruntime,99.998661,,onnx_node,Concat:/model.9/Concat_fence_before,0.001,0.001,0.001,yolov8n,3.1e-05,593,onnxrt_cuda,4,ok,0.0
onnxruntime,99.983592,,onnx_node,Sigmoid:/model.18/m.0/cv1/act/Sigmoid_fence_after,0.032,0.0165,0.001,yolov8n,0.000514,247,onnxrt_cuda,2,ok,0.0155
onnxruntime,99.981264,,onnx_node,Reshape:/model.22/Reshape_1_fence_after,0.022,0.022,0.022,yolov8n,0.000685,243,onnxrt_cuda,1,ok,0.0
onnxruntime,99.998692,,onnx_node,Transpose:/model.22/dfl/Transpose_1_fence_before,0.001,0.001,0.001,yolov8n,3.1e-05,594,onnxrt_cuda,4,ok,0.0
onnxruntime,99.998723,,onnx_node,Mul:/model.22/cv3.1/cv3.1.1/act/Mul_fence_after,0.001,0.001,0.001,yolov8n,3.1e-05,595,onnxrt_cuda,2,ok,0.0
onnxruntime,99.998754,,onnx_node,Concat:/model.6/Concat_fence_before,0.001,0.001,0.001,yolov8n,3.1e-05,596,onnxrt_cuda,7,ok,0.0
onnxruntime,99.998785,,onnx_node,Conv:/model.8/cv1/conv/Conv_fence_before,0.001,0.001,0.001,yolov8n,3.1e-05,597,onnxrt_cuda,1,ok,0.0
onnxruntime,99.998816,,onnx_node,Sigmoid:/model.21/cv1/act/Sigmoid_fence_after,0.001,0.001,0.001,yolov8n,3.1e-05,598,onnxrt_cuda,1,ok,0.0
onnxruntime,99.998848,,onnx_node,Sigmoid:/model.12/m.0/cv1/act/Sigmoid_fence_after,0.001,0.001,0.001,yolov8n,3.1e-05,599,onnxrt_cuda,1,ok,0.0
onnxruntime,99.998879,,onnx_node,Split:/model.18/Split_fence_after,0.001,0.001,0.001,yolov8n,3.1e-05,600,onnxrt_cuda,1,ok,0.0
onnxruntime,99.983078,,onnx_node,Add:/model.2/m.0/Add_fence_after,0.066,0.01725,0.001,yolov8n,0.000537,246,onnxrt_cuda,4,ok,0.028146
onnxruntime,99.99891,,onnx_node,Sigmoid:/model.8/m.0/cv1/act/Sigmoid_fence_after,0.001,0.001,0.001,yolov8n,3.1e-05,601,onnxrt_cuda,1,ok,0.0
onnxruntime,99.998941,,onnx_node,Sigmoid:/model.5/act/Sigmoid_fence_after,0.001,0.001,0.001,yolov8n,3.1e-05,602,onnxrt_cuda,1,ok,0.0
onnxruntime,99.984091,,onnx_node,Sigmoid:/model.12/m.0/cv2/act/Sigmoid_fence_after,0.031,0.016,0.001,yolov8n,0.000498,248,onnxrt_cuda,2,ok,0.015
onnxruntime,99.998972,,onnx_node,Mul:/model.16/act/Mul_fence_after,0.001,0.001,0.001,yolov8n,3.1e-05,603,onnxrt_cuda,1,ok,0.0
onnxruntime,99.999003,,onnx_node,Mul:/model.22/cv2.0/cv2.0.0/act/Mul_fence_before,0.001,0.001,0.001,yolov8n,3.1e-05,604,onnxrt_cuda,12,ok,0.0
onnxruntime,99.999034,,onnx_node,Concat:/model.22/Concat_5_fence_after,0.001,0.001,0.001,yolov8n,3.1e-05,605,onnxrt_cuda,7,ok,0.0
onnxruntime,99.999066,,onnx_node,Concat:/model.6/Concat_fence_after,0.001,0.001,0.001,yolov8n,3.1e-05,606,onnxrt_cuda,1,ok,0.0
onnxruntime,99.999097,,onnx_node,Split:/model.8/Split_fence_after,0.001,0.001,0.001,yolov8n,3.1e-05,607,onnxrt_cuda,2,ok,0.0
onnxruntime,99.999128,,onnx_node,Sigmoid:/model.18/cv1/act/Sigmoid_fence_after,0.001,0.001,0.001,yolov8n,3.1e-05,608,onnxrt_cuda,2,ok,0.0
onnxruntime,99.999159,,onnx_node,Mul:/model.22/cv2.2/cv2.2.1/act/Mul_fence_after,0.001,0.001,0.001,yolov8n,3.1e-05,609,onnxrt_cuda,1,ok,0.0
onnxruntime,99.99919,,onnx_node,Sigmoid:/model.4/cv1/act/Sigmoid_fence_after,0.001,0.001,0.001,yolov8n,3.1e-05,610,onnxrt_cuda,3,ok,0.0
onnxruntime,99.999221,,onnx_node,Resize:/model.10/Resize_fence_after,0.001,0.001,0.001,yolov8n,3.1e-05,611,onnxrt_cuda,2,ok,0.0
onnxruntime,99.999252,,onnx_node,Concat:/model.17/Concat_fence_after,0.001,0.001,0.001,yolov8n,3.1e-05,612,onnxrt_cuda,4,ok,0.0
onnxruntime,99.984558,,onnx_node,Conv:/model.22/cv3.2/cv3.2.0/conv/Conv_fence_after,0.029,0.015,0.001,yolov8n,0.000467,249,onnxrt_cuda,2,ok,0.014
onnxruntime,99.999284,,onnx_node,Sigmoid:/model.22/cv2.2/cv2.2.1/act/Sigmoid_fence_after,0.001,0.001,0.001,yolov8n,3.1e-05,613,onnxrt_cuda,2,ok,0.0
onnxruntime,99.999315,,onnx_node,Concat:/model.22/Concat_3_fence_after,0.001,0.001,0.001,yolov8n,3.1e-05,614,onnxrt_cuda,1,ok,0.0
onnxruntime,99.999346,,onnx_node,Sigmoid:/model.7/act/Sigmoid_fence_after,0.001,0.001,0.001,yolov8n,3.1e-05,615,onnxrt_cuda,1,ok,0.0
onnxruntime,99.999377,,onnx_node,Conv:/model.8/m.0/cv2/conv/Conv_fence_before,0.001,0.001,0.001,yolov8n,3.1e-05,616,onnxrt_cuda,4,ok,0.0
onnxruntime,99.974561,,onnx_node,MaxPool:/model.9/m_2/MaxPool_fence_after,0.038,0.038,0.038,yolov8n,0.001184,235,onnxrt_cuda,1,ok,0.0
onnxruntime,99.999408,,onnx_node,Concat:/model.14/Concat_fence_after,0.001,0.001,0.001,yolov8n,3.1e-05,617,onnxrt_cuda,1,ok,0.0
onnxruntime,99.999439,,onnx_node,Slice:/model.22/Slice_1_fence_after,0.001,0.001,0.001,yolov8n,3.1e-05,618,onnxrt_cuda,1,ok,0.0
onnxruntime,99.99947,,onnx_node,Split:/model.21/Split_fence_before,0.001,0.001,0.001,yolov8n,3.1e-05,619,onnxrt_cuda,3,ok,0.0
onnxruntime,99.999502,,onnx_node,Sigmoid:/model.4/m.1/cv1/act/Sigmoid_fence_after,0.001,0.001,0.001,yolov8n,3.1e-05,620,onnxrt_cuda,1,ok,0.0
onnxruntime,99.999533,,onnx_node,Split:/model.15/Split_fence_after,0.001,0.001,0.001,yolov8n,3.1e-05,621,onnxrt_cuda,1,ok,0.0
onnxruntime,99.999564,,onnx_node,MaxPool:/model.9/m_1/MaxPool_fence_after,0.001,0.001,0.001,yolov8n,3.1e-05,622,onnxrt_cuda,1,ok,0.0
onnxruntime,99.999595,,onnx_node,Concat:/model.22/Concat_fence_after,0.001,0.001,0.001,yolov8n,3.1e-05,623,onnxrt_cuda,1,ok,0.0
onnxruntime,99.999626,,onnx_node,Mul:/model.22/cv2.2/cv2.2.1/act/Mul_fence_before,0.001,0.001,0.001,yolov8n,3.1e-05,624,onnxrt_cuda,3,ok,0.0
onnxruntime,99.999657,,onnx_node,Mul:/model.3/act/Mul_fence_after,0.001,0.001,0.001,yolov8n,3.1e-05,625,onnxrt_cuda,3,ok,0.0
onnxruntime,99.999689,,onnx_node,Sigmoid:/model.15/m.0/cv1/act/Sigmoid_fence_after,0.001,0.001,0.001,yolov8n,3.1e-05,626,onnxrt_cuda,2,ok,0.0
onnxruntime,99.99972,,onnx_node,Mul:/model.21/m.0/cv1/act/Mul_fence_after,0.001,0.001,0.001,yolov8n,3.1e-05,627,onnxrt_cuda,1,ok,0.0
onnxruntime,99.979129,,onnx_node,Conv:/model.22/cv3.1/cv3.1.2/Conv_fence_before,0.027,0.026,0.025,yolov8n,0.00081,240,onnxrt_cuda,2,ok,0.001
onnxruntime,99.999751,,onnx_node,Concat:/model.8/Concat_fence_after,0.001,0.001,0.001,yolov8n,3.1e-05,628,onnxrt_cuda,2,ok,0.0
onnxruntime,99.999782,,onnx_node,Conv:/model.22/cv2.1/cv2.1.1/conv/Conv_fence_after,0.001,0.001,0.001,yolov8n,3.1e-05,629,onnxrt_cuda,2,ok,0.0
onnxruntime,99.999813,,onnx_node,Mul:/model.18/cv1/act/Mul_fence_after,0.001,0.001,0.001,yolov8n,3.1e-05,630,onnxrt_cuda,1,ok,0.0
onnxruntime,99.999844,,onnx_node,Concat:/model.22/Concat_1_fence_after,0.001,0.001,0.001,yolov8n,3.1e-05,631,onnxrt_cuda,2,ok,0.0
onnxruntime,99.999875,,onnx_node,Sigmoid:/model.6/m.0/cv1/act/Sigmoid_fence_after,0.001,0.001,0.001,yolov8n,3.1e-05,632,onnxrt_cuda,2,ok,0.0
onnxruntime,99.999907,,onnx_node,Mul:/model.7/act/Mul_fence_after,0.001,0.001,0.001,yolov8n,3.1e-05,633,onnxrt_cuda,1,ok,0.0
onnxruntime,99.999938,,onnx_node,Mul:/model.9/cv2/act/Mul_fence_after,0.001,0.001,0.001,yolov8n,3.1e-05,634,onnxrt_cuda,1,ok,0.0
onnxruntime,99.999969,,onnx_node,Sigmoid:/model.15/cv2/act/Sigmoid_fence_after,0.001,0.001,0.001,yolov8n,3.1e-05,635,onnxrt_cuda,1,ok,0.0
onnxruntime,100.0,,onnx_node,Mul:/model.18/cv2/act/Mul_fence_after,0.001,0.001,0.001,yolov8n,3.1e-05,636,onnxrt_cuda,1,ok,0.0
onnxruntime,99.991233,,onnx_node,model_loading_uri,39.941,39.941,39.941,yolov8n,0.02463,3,onnxrt_trt,1,ok,0.0
onnxruntime,99.920801,,onnx_node,session_initialization,162033.798,162033.798,162033.798,yolov8n,99.920801,1,onnxrt_trt,1,ok,0.0
onnxruntime,99.999999,,onnx_node,TRTKernel_graph_torch_jit_13770358315410295820_1:TensorrtExecutionProvider_TRTKernel_graph_torch_jit_13770358315410295820_1_0_fence_before,0.004,0.002983,0.002,yolov8n,2e-06,6,onnxrt_trt,60,ok,0.000223
onnxruntime,99.999998,,onnx_node,TRTKernel_graph_torch_jit_13770358315410295820_1:TensorrtExecutionProvider_TRTKernel_graph_torch_jit_13770358315410295820_1_0_kernel_time,18.766,7.037833,6.537,yolov8n,0.00434,5,onnxrt_trt,60,ok,1.538366
onnxruntime,100.0,,onnx_node,TRTKernel_graph_torch_jit_13770358315410295820_1:TensorrtExecutionProvider_TRTKernel_graph_torch_jit_13770358315410295820_1_0_fence_after,0.002,0.001044,0.001,yolov8n,1e-06,7,onnxrt_trt,45,ok,0.000206
onnxruntime,99.995658,,onnx_node,SequentialExecutor::Execute,18.929,7.17505,6.671,yolov8n,0.004425,4,onnxrt_trt,60,ok,1.541586
onnxruntime,99.966603,,onnx_node,model_run,90.591,74.273483,73.554,yolov8n,0.045802,2,onnxrt_trt,60,ok,2.129279
,,benchmark_model not found. Set --tflite-benchmark-bin or TFLITE_BENCHMARK_MODEL_BIN.,,,,,,yolov8n,,,tflite_cpu,0,error,
,,benchmark_model not found. Set --tflite-benchmark-bin or TFLITE_BENCHMARK_MODEL_BIN.,,,,,,yolov8n,,,tflite_gpu,0,error,
ncnn,99.990814,,ncnn_layer,MemoryData:pnnx_fold_anchor_points.1,0.06,0.023824,0.02,yolov8n,0.005746,176,ncnn_cpu,68,ok,0.006424
ncnn,100.0,,ncnn_layer,Split:splitncnn_0,0.01,0.000294,0.0,yolov8n,7.1e-05,184,ncnn_cpu,136,ok,0.00169
ncnn,33.665131,,ncnn_layer,Convolution:conv_2,13.27,8.277353,8.16,yolov8n,1.996249,11,ncnn_cpu,68,ok,0.61468
ncnn,49.247549,,ncnn_layer,Swish:silu_69,5.81,5.663971,5.64,yolov8n,1.36598,21,ncnn_cpu,68,ok,0.023772
ncnn,4.836735,,ncnn_layer,Convolution:conv_3,31.44,20.055294,19.78,yolov8n,4.836735,1,ncnn_cpu,68,ok,1.392255
ncnn,74.088767,,ncnn_layer,Swish:silu_70,2.87,2.833824,2.81,yolov8n,0.683433,47,ncnn_cpu,68,ok,0.014555
ncnn,61.721499,,ncnn_layer,Convolution:conv_4,4.29,3.99,3.9,yolov8n,0.962268,32,ncnn_cpu,68,ok,0.072416
ncnn,72.720978,,ncnn_layer,Swish:silu_71,3.05,2.838235,2.81,yolov8n,0.684497,45,ncnn_cpu,68,ok,0.03148
ncnn,91.216092,,ncnn_layer,Slice:split_0,2.42,1.103235,1.06,yolov8n,0.266067,85,ncnn_cpu,68,ok,0.162512
ncnn,42.067564,,ncnn_layer,Convolution:conv_5,7.09,6.233088,6.14,yolov8n,1.503234,16,ncnn_cpu,68,ok,0.110563
ncnn,87.128687,,ncnn_layer,Swish:silu_72,1.73,1.425,1.41,yolov8n,0.343667,72,ncnn_cpu,68,ok,0.03976
ncnn,43.559165,,ncnn_layer,Convolution:conv_6,6.98,6.184853,6.09,yolov8n,1.491601,17,ncnn_cpu,68,ok,0.111058
ncnn,89.187569,,ncnn_layer,Swish:silu_73,1.51,1.421765,1.41,yolov8n,0.342887,78,ncnn_cpu,68,ok,0.020142
ncnn,96.165113,,ncnn_layer,BinaryOp:add_0,0.69,0.622647,0.61,yolov8n,0.150164,112,ncnn_cpu,68,ok,0.017288
ncnn,85.02118,,ncnn_layer,Concat:cat_0,4.96,1.546324,1.48,yolov8n,0.372927,66,ncnn_cpu,68,ok,0.417587
ncnn,40.56433,,ncnn_layer,Convolution:conv_7,6.95,6.665735,6.59,yolov8n,1.607575,15,ncnn_cpu,68,ok,0.049089
ncnn,73.405334,,ncnn_layer,Swish:silu_74,2.91,2.837647,2.81,yolov8n,0.684355,46,ncnn_cpu,68,ok,0.022037
ncnn,8.64981,,ncnn_layer,Convolution:conv_8,16.4,15.810735,15.72,yolov8n,3.813075,2,ncnn_cpu,68,ok,0.076875
ncnn,87.815418,,ncnn_layer,Swish:silu_75,1.48,1.423235,1.41,yolov8n,0.343242,74,ncnn_cpu,68,ok,0.017273
ncnn,70.566905,,ncnn_layer,Convolution:conv_9,3.31,3.272353,3.24,yolov8n,0.789193,42,ncnn_cpu,68,ok,0.012616
ncnn,89.530279,,ncnn_layer,Swish:silu_76,1.48,1.421029,1.41,yolov8n,0.34271,79,ncnn_cpu,68,ok,0.016462
ncnn,95.856345,,ncnn_layer,Slice:split_1,0.72,0.665294,0.64,yolov8n,0.160449,110,ncnn_cpu,68,ok,0.020826
ncnn,100.0,,ncnn_layer,Split:splitncnn_1,0.0,0.0,0.0,yolov8n,0.0,185,ncnn_cpu,68,ok,0.0
ncnn,63.58773,,ncnn_layer,Convolution:conv_10,4.2,3.856912,3.78,yolov8n,0.930171,34,ncnn_cpu,68,ok,0.050476
ncnn,93.798384,,ncnn_layer,Swish:silu_77,0.81,0.718676,0.71,yolov8n,0.173323,98,ncnn_cpu,68,ok,0.017649
ncnn,67.236064,,ncnn_layer,Convolution:conv_11,3.82,3.758382,3.71,yolov8n,0.906409,38,ncnn_cpu,68,ok,0.021802
ncnn,94.489833,,ncnn_layer,Swish:silu_78,0.74,0.715588,0.71,yolov8n,0.172578,102,ncnn_cpu,68,ok,0.010625
ncnn,99.030391,,ncnn_layer,BinaryOp:add_1,0.32,0.2875,0.28,yolov8n,0.069336,144,ncnn_cpu,68,ok,0.011424
ncnn,100.0,,ncnn_layer,Split:splitncnn_2,0.0,0.0,0.0,yolov8n,0.0,186,ncnn_cpu,68,ok,0.0
ncnn,64.511481,,ncnn_layer,Convolution:conv_12,4.16,3.830294,3.79,yolov8n,0.923752,35,ncnn_cpu,68,ok,0.04449
ncnn,93.625061,,ncnn_layer,Swish:silu_79,0.94,0.722206,0.71,yolov8n,0.174174,97,ncnn_cpu,68,ok,0.029845
ncnn,65.421543,,ncnn_layer,Convolution:conv_13,4.15,3.773529,3.73,yolov8n,0.910062,36,ncnn_cpu,68,ok,0.05014
ncnn,94.834635,,ncnn_layer,Swish:silu_80,0.74,0.714706,0.71,yolov8n,0.172366,104,ncnn_cpu,68,ok,0.008824
ncnn,99.099195,,ncnn_layer,BinaryOp:add_2,0.34,0.285294,0.27,yolov8n,0.068804,145,ncnn_cpu,68,ok,0.012541
ncnn,91.727302,,ncnn_layer,Concat:cat_1,3.35,1.052647,1.0,yolov8n,0.253867,87,ncnn_cpu,68,ok,0.28113
ncnn,38.956755,,ncnn_layer,Convolution:conv_14,6.97,6.722059,6.66,yolov8n,1.621159,14,ncnn_cpu,68,ok,0.050514
ncnn,86.785019,,ncnn_layer,Swish:silu_81,1.49,1.425735,1.41,yolov8n,0.343844,71,ncnn_cpu,68,ok,0.021026
ncnn,99.999007,,ncnn_layer,Split:splitncnn_3,0.01,0.006471,0.0,yolov8n,0.001561,180,ncnn_cpu,68,ok,0.004779
ncnn,15.646293,,ncnn_layer,Convolution:conv_15,14.35,13.970735,13.91,yolov8n,3.369322,4,ncnn_cpu,68,ok,0.067808
ncnn,94.662269,,ncnn_layer,Swish:silu_82,0.74,0.715,0.71,yolov8n,0.172437,103,ncnn_cpu,68,ok,0.010914
ncnn,72.036481,,ncnn_layer,Convolution:conv_16,3.13,3.030735,2.99,yolov8n,0.730922,44,ncnn_cpu,68,ok,0.02017
ncnn,95.007001,,ncnn_layer,Swish:silu_83,0.77,0.714706,0.71,yolov8n,0.172366,105,ncnn_cpu,68,ok,0.011564
ncnn,98.961054,,ncnn_layer,Slice:split_2,0.34,0.292206,0.28,yolov8n,0.070471,143,ncnn_cpu,68,ok,0.01589
ncnn,100.0,,ncnn_layer,Split:splitncnn_4,0.0,0.0,0.0,yolov8n,0.0,187,ncnn_cpu,68,ok,0.0
ncnn,80.332339,,ncnn_layer,Convolution:conv_17,2.81,2.541765,2.5,yolov8n,0.612997,57,ncnn_cpu,68,ok,0.045014
ncnn,97.46541,,ncnn_layer,Swish:silu_84,0.41,0.362794,0.36,yolov8n,0.087495,125,ncnn_cpu,68,ok,0.009369
ncnn,80.94179,,ncnn_layer,Convolution:conv_18,2.83,2.527059,2.48,yolov8n,0.609451,58,ncnn_cpu,68,ok,0.044327
ncnn,97.815177,,ncnn_layer,Swish:silu_85,0.39,0.362353,0.36,yolov8n,0.087389,129,ncnn_cpu,68,ok,0.007692
ncnn,99.592884,,ncnn_layer,BinaryOp:add_3,0.19,0.138676,0.13,yolov8n,0.033444,156,ncnn_cpu,68,ok,0.010697
ncnn,100.0,,ncnn_layer,Split:splitncnn_5,0.0,0.0,0.0,yolov8n,0.0,188,ncnn_cpu,68,ok,0.0
ncnn,79.719342,,ncnn_layer,Convolution:conv_19,2.59,2.553235,2.51,yolov8n,0.615764,56,ncnn_cpu,68,ok,0.018185
ncnn,97.902566,,ncnn_layer,Swish:silu_86,0.41,0.362353,0.36,yolov8n,0.087389,130,ncnn_cpu,68,ok,0.008595
ncnn,83.363668,,ncnn_layer,Convolution:conv_20,2.54,2.503971,2.47,yolov8n,0.603883,62,ncnn_cpu,68,ok,0.017417
ncnn,97.552905,,ncnn_layer,Swish:silu_87,0.4,0.362794,0.36,yolov8n,0.087495,126,ncnn_cpu,68,ok,0.00905
ncnn,99.626328,,ncnn_layer,BinaryOp:add_4,0.19,0.138676,0.13,yolov8n,0.033444,157,ncnn_cpu,68,ok,0.011492
ncnn,96.299424,,ncnn_layer,Concat:cat_2,0.61,0.556912,0.54,yolov8n,0.13431,113,ncnn_cpu,68,ok,0.012977
ncnn,45.016718,,ncnn_layer,Convolution:conv_21,6.35,6.043676,6.0,yolov8n,1.457553,18,ncnn_cpu,68,ok,0.057953
ncnn,95.351519,,ncnn_layer,Swish:silu_88,0.74,0.714118,0.71,yolov8n,0.172224,107,ncnn_cpu,68,ok,0.009585
ncnn,99.999929,,ncnn_layer,Split:splitncnn_6,0.01,0.000735,0.0,yolov8n,0.000177,183,ncnn_cpu,68,ok,0.00261
ncnn,18.821757,,ncnn_layer,Convolution:conv_22,13.56,13.166912,13.12,yolov8n,3.175464,5,ncnn_cpu,68,ok,0.054131
ncnn,98.60054,,ncnn_layer,Swish:silu_89,0.39,0.361176,0.36,yolov8n,0.087105,138,ncnn_cpu,68,ok,0.005565
ncnn,74.767767,,ncnn_layer,Convolution:conv_23,3.45,2.815441,2.78,yolov8n,0.679,48,ncnn_cpu,68,ok,0.079584
ncnn,98.16459,,ncnn_layer,Swish:silu_90,0.38,0.362059,0.36,yolov8n,0.087318,133,ncnn_cpu,68,ok,0.006078
ncnn,99.743047,,ncnn_layer,Slice:split_3,0.15,0.112206,0.1,yolov8n,0.027061,161,ncnn_cpu,68,ok,0.008548
ncnn,100.0,,ncnn_layer,Split:splitncnn_7,0.0,0.0,0.0,yolov8n,0.0,189,ncnn_cpu,68,ok,0.0
ncnn,75.39144,,ncnn_layer,Convolution:conv_24,2.64,2.586029,2.55,yolov8n,0.623673,49,ncnn_cpu,68,ok,0.019489
ncnn,99.383173,,ncnn_layer,Swish:silu_91,0.19,0.186471,0.18,yolov8n,0.044971,151,ncnn_cpu,68,ok,0.004779
ncnn,77.869248,,ncnn_layer,Convolution:conv_25,2.63,2.561618,2.52,yolov8n,0.617785,53,ncnn_cpu,68,ok,0.019971
ncnn,99.428073,,ncnn_layer,Swish:silu_92,0.21,0.186176,0.18,yolov8n,0.0449,152,ncnn_cpu,68,ok,0.007077
ncnn,99.929103,,ncnn_layer,BinaryOp:add_5,0.08,0.070441,0.07,yolov8n,0.016988,169,ncnn_cpu,68,ok,0.002054
ncnn,99.247763,,ncnn_layer,Concat:cat_3,0.23,0.200294,0.19,yolov8n,0.048305,148,ncnn_cpu,68,ok,0.00727
ncnn,58.618493,,ncnn_layer,Convolution:conv_26,4.74,4.457794,4.37,yolov8n,1.075086,29,ncnn_cpu,68,ok,0.046458
ncnn,98.513435,,ncnn_layer,Swish:silu_93,0.39,0.361324,0.36,yolov8n,0.087141,137,ncnn_cpu,68,ok,0.005397
ncnn,85.743591,,ncnn_layer,Convolution:conv_27,1.54,1.487941,1.47,yolov8n,0.358847,68,ncnn_cpu,68,ok,0.015393
ncnn,99.51649,,ncnn_layer,Swish:silu_94,0.21,0.180735,0.18,yolov8n,0.043588,154,ncnn_cpu,68,ok,0.00431
ncnn,100.0,,ncnn_layer,Split:splitncnn_8,0.0,0.0,0.0,yolov8n,0.0,190,ncnn_cpu,68,ok,0.0
ncnn,93.450887,,ncnn_layer,Pooling:maxpool2d_66,0.79,0.735,0.73,yolov8n,0.17726,96,ncnn_cpu,68,ok,0.011695
ncnn,100.0,,ncnn_layer,Split:splitncnn_9,0.0,0.0,0.0,yolov8n,0.0,191,ncnn_cpu,68,ok,0.0
ncnn,93.273627,,ncnn_layer,Pooling:maxpool2d_67,1.07,0.750588,0.73,yolov8n,0.181019,95,ncnn_cpu,68,ok,0.040941
ncnn,100.0,,ncnn_layer,Split:splitncnn_10,0.0,0.0,0.0,yolov8n,0.0,192,ncnn_cpu,68,ok,0.0
ncnn,92.910524,,ncnn_layer,Pooling:maxpool2d_68,0.81,0.771912,0.75,yolov8n,0.186162,93,ncnn_cpu,68,ok,0.014272
ncnn,98.675693,,ncnn_layer,Concat:cat_4,0.35,0.311618,0.3,yolov8n,0.075153,139,ncnn_cpu,68,ok,0.009173
ncnn,47.88157,,ncnn_layer,Convolution:conv_28,6.15,5.909118,5.87,yolov8n,1.425102,20,ncnn_cpu,68,ok,0.045527
ncnn,97.989919,,ncnn_layer,Swish:silu_95,0.38,0.362206,0.36,yolov8n,0.087353,131,ncnn_cpu,68,ok,0.006147
ncnn,100.0,,ncnn_layer,Split:splitncnn_11,0.0,0.0,0.0,yolov8n,0.0,193,ncnn_cpu,68,ok,0.0
ncnn,96.936964,,ncnn_layer,Interp:upsample_126,0.45,0.392941,0.38,yolov8n,0.094766,119,ncnn_cpu,68,ok,0.012374
ncnn,93.092608,,ncnn_layer,Concat:cat_5,0.79,0.755,0.75,yolov8n,0.182083,94,ncnn_cpu,68,ok,0.011568
ncnn,31.668882,,ncnn_layer,Convolution:conv_29,9.52,9.270147,9.23,yolov8n,2.235681,10,ncnn_cpu,68,ok,0.048188
ncnn,95.523743,,ncnn_layer,Swish:silu_96,0.76,0.714118,0.71,yolov8n,0.172224,108,ncnn_cpu,68,ok,0.010605
ncnn,98.819509,,ncnn_layer,Slice:split_4,0.34,0.2975,0.28,yolov8n,0.071748,141,ncnn_cpu,68,ok,0.013972
ncnn,100.0,,ncnn_layer,Split:splitncnn_12,0.0,0.0,0.0,yolov8n,0.0,194,ncnn_cpu,68,ok,0.0
ncnn,77.251463,,ncnn_layer,Convolution:conv_30,2.62,2.566324,2.52,yolov8n,0.61892,52,ncnn_cpu,68,ok,0.021067
ncnn,97.640364,,ncnn_layer,Swish:silu_97,0.39,0.362647,0.36,yolov8n,0.08746,127,ncnn_cpu,68,ok,0.008509
ncnn,81.547871,,ncnn_layer,Convolution:conv_31,2.56,2.513088,2.47,yolov8n,0.606081,59,ncnn_cpu,68,ok,0.023089
ncnn,97.290384,,ncnn_layer,Swish:silu_98,0.39,0.363529,0.36,yolov8n,0.087672,123,ncnn_cpu,68,ok,0.009666
ncnn,96.842198,,ncnn_layer,Concat:cat_6,0.47,0.434853,0.42,yolov8n,0.104873,118,ncnn_cpu,68,ok,0.011694
ncnn,57.543407,,ncnn_layer,Convolution:conv_32,4.55,4.492794,4.46,yolov8n,1.083527,28,ncnn_cpu,68,ok,0.022219
ncnn,95.695896,,ncnn_layer,Swish:silu_99,0.77,0.713824,0.71,yolov8n,0.172153,109,ncnn_cpu,68,ok,0.010714
ncnn,99.999752,,ncnn_layer,Split:splitncnn_13,0.01,0.001324,0.0,yolov8n,0.000319,182,ncnn_cpu,68,ok,0.003389
ncnn,92.5332,,ncnn_layer,Interp:upsample_127,1.2,0.800441,0.77,yolov8n,0.193042,91,ncnn_cpu,68,ok,0.052228
ncnn,85.384744,,ncnn_layer,Concat:cat_7,1.58,1.5075,1.49,yolov8n,0.363564,67,ncnn_cpu,68,ok,0.019582
ncnn,29.433201,,ncnn_layer,Convolution:conv_33,10.77,10.452059,10.36,yolov8n,2.520723,9,ncnn_cpu,68,ok,0.065475
ncnn,88.15866,,ncnn_layer,Swish:silu_100,1.6,1.423235,1.41,yolov8n,0.343242,75,ncnn_cpu,68,ok,0.027194
ncnn,96.01495,,ncnn_layer,Slice:split_5,0.72,0.657647,0.61,yolov8n,0.158605,111,ncnn_cpu,68,ok,0.01824
ncnn,100.0,,ncnn_layer,Split:splitncnn_14,0.0,0.0,0.0,yolov8n,0.0,195,ncnn_cpu,68,ok,0.0
ncnn,62.657558,,ncnn_layer,Convolution:conv_34,4.15,3.881324,3.8,yolov8n,0.936059,33,ncnn_cpu,68,ok,0.051189
ncnn,93.971672,,ncnn_layer,Swish:silu_101,0.77,0.718529,0.71,yolov8n,0.173288,99,ncnn_cpu,68,ok,0.014779
ncnn,66.329655,,ncnn_layer,Convolution:conv_35,3.92,3.765441,3.73,yolov8n,0.908111,37,ncnn_cpu,68,ok,0.029527
ncnn,94.14457,,ncnn_layer,Swish:silu_102,0.74,0.716912,0.71,yolov8n,0.172898,100,ncnn_cpu,68,ok,0.010881
ncnn,92.724362,,ncnn_layer,Concat:cat_8,0.83,0.792647,0.78,yolov8n,0.191163,92,ncnn_cpu,68,ok,0.014614
ncnn,51.883786,,ncnn_layer,Convolution:conv_36,5.91,5.362353,5.31,yolov8n,1.293239,23,ncnn_cpu,68,ok,0.087045
ncnn,88.501689,,ncnn_layer,Swish:silu_103,1.48,1.422353,1.41,yolov8n,0.343029,76,ncnn_cpu,68,ok,0.017245
ncnn,99.997446,,ncnn_layer,Split:splitncnn_15,0.03,0.006912,0.0,yolov8n,0.001667,179,ncnn_cpu,68,ok,0.005493
ncnn,26.912478,,ncnn_layer,Convolution:conv_47,10.85,10.5375,10.47,yolov8n,2.541329,8,ncnn_cpu,68,ok,0.057122
ncnn,87.472177,,ncnn_layer,Swish:silu_114,1.48,1.424265,1.41,yolov8n,0.34349,73,ncnn_cpu,68,ok,0.017766
ncnn,24.371149,,ncnn_layer,Convolution:conv_48,10.88,10.613235,10.55,yolov8n,2.559594,7,ncnn_cpu,68,ok,0.046761
ncnn,88.844682,,ncnn_layer,Swish:silu_115,1.49,1.422206,1.41,yolov8n,0.342993,77,ncnn_cpu,68,ok,0.018056
ncnn,69.777712,,ncnn_layer,Convolution:conv_49,3.5,3.277059,3.25,yolov8n,0.790328,41,ncnn_cpu,68,ok,0.030296
ncnn,21.811555,,ncnn_layer,Convolution:conv_50,12.95,12.397059,12.32,yolov8n,2.989799,6,ncnn_cpu,68,ok,0.117762
ncnn,83.792774,,ncnn_layer,Swish:silu_116,1.83,1.779265,1.76,yolov8n,0.429105,63,ncnn_cpu,68,ok,0.019275
ncnn,12.276971,,ncnn_layer,Convolution:conv_51,15.56,15.039853,14.95,yolov8n,3.627161,3,ncnn_cpu,68,ok,0.090594
ncnn,84.221276,,ncnn_layer,Swish:silu_117,1.84,1.776765,1.76,yolov8n,0.428502,64,ncnn_cpu,68,ok,0.020683
ncnn,46.456468,,ncnn_layer,Convolution:conv_52,6.26,5.969853,5.89,yolov8n,1.439749,19,ncnn_cpu,68,ok,0.051177
ncnn,90.950025,,ncnn_layer,Concat:cat_13,1.19,1.120735,1.1,yolov8n,0.270288,84,ncnn_cpu,68,ok,0.019802
ncnn,84.648253,,ncnn_layer,Reshape:reshape_128,3.16,1.770441,1.7,yolov8n,0.426977,65,ncnn_cpu,68,ok,0.175946
ncnn,35.592292,,ncnn_layer,Convolution:conv_37,8.27,7.990882,7.94,yolov8n,1.927161,12,ncnn_cpu,68,ok,0.049341
ncnn,97.115004,,ncnn_layer,Swish:silu_104,0.58,0.366912,0.36,yolov8n,0.088488,121,ncnn_cpu,68,ok,0.028401
ncnn,97.026516,,ncnn_layer,Concat:cat_9,0.45,0.371324,0.36,yolov8n,0.089552,120,ncnn_cpu,68,ok,0.018303
ncnn,56.45988,,ncnn_layer,Convolution:conv_38,4.76,4.504559,4.47,yolov8n,1.086364,27,ncnn_cpu,68,ok,0.040199
ncnn,95.179295,,ncnn_layer,Swish:silu_105,0.76,0.714412,0.71,yolov8n,0.172295,106,ncnn_cpu,68,ok,0.010625
ncnn,98.747761,,ncnn_layer,Slice:split_6,0.33,0.298824,0.28,yolov8n,0.072067,140,ncnn_cpu,68,ok,0.010365
ncnn,100.0,,ncnn_layer,Split:splitncnn_16,0.0,0.0,0.0,yolov8n,0.0,196,ncnn_cpu,68,ok,0.0
ncnn,79.103578,,ncnn_layer,Convolution:conv_39,2.99,2.556471,2.51,yolov8n,0.616544,55,ncnn_cpu,68,ok,0.058101
ncnn,97.727788,,ncnn_layer,Swish:silu_106,0.39,0.3625,0.36,yolov8n,0.087424,128,ncnn_cpu,68,ok,0.008112
ncnn,82.759786,,ncnn_layer,Convolution:conv_40,2.65,2.512353,2.47,yolov8n,0.605904,61,ncnn_cpu,68,ok,0.027123
ncnn,97.377915,,ncnn_layer,Swish:silu_107,0.43,0.362941,0.36,yolov8n,0.08753,124,ncnn_cpu,68,ok,0.010718
ncnn,96.737325,,ncnn_layer,Concat:cat_10,0.48,0.436029,0.42,yolov8n,0.105157,117,ncnn_cpu,68,ok,0.011394
ncnn,55.373515,,ncnn_layer,Convolution:conv_41,4.56,4.506912,4.47,yolov8n,1.086932,26,ncnn_cpu,68,ok,0.023531
ncnn,94.317254,,ncnn_layer,Swish:silu_108,0.77,0.716029,0.71,yolov8n,0.172685,101,ncnn_cpu,68,ok,0.014363
ncnn,99.999433,,ncnn_layer,Split:splitncnn_17,0.01,0.001765,0.0,yolov8n,0.000426,181,ncnn_cpu,68,ok,0.003812
ncnn,54.286583,,ncnn_layer,Convolution:conv_53,5.01,4.679412,4.64,yolov8n,1.128534,25,ncnn_cpu,68,ok,0.048443
ncnn,97.202712,,ncnn_layer,Swish:silu_118,0.41,0.363676,0.36,yolov8n,0.087708,122,ncnn_cpu,68,ok,0.010418
ncnn,82.153882,,ncnn_layer,Convolution:conv_54,2.61,2.512794,2.46,yolov8n,0.60601,60,ncnn_cpu,68,ok,0.024305
ncnn,98.077272,,ncnn_layer,Swish:silu_119,0.39,0.362206,0.36,yolov8n,0.087353,132,ncnn_cpu,68,ok,0.00783
ncnn,92.340157,,ncnn_layer,Convolution:conv_55,0.83,0.806765,0.78,yolov8n,0.194568,90,ncnn_cpu,68,ok,0.012884
ncnn,50.590547,,ncnn_layer,Convolution:conv_56,5.89,5.568676,5.53,yolov8n,1.342998,22,ncnn_cpu,68,ok,0.045823
ncnn,96.522683,,ncnn_layer,Swish:silu_120,0.67,0.457206,0.45,yolov8n,0.110264,115,ncnn_cpu,68,ok,0.027431
ncnn,68.987383,,ncnn_layer,Convolution:conv_57,3.97,3.617647,3.57,yolov8n,0.872468,40,ncnn_cpu,68,ok,0.049263
ncnn,96.632167,,ncnn_layer,Swish:silu_121,0.5,0.453971,0.45,yolov8n,0.109484,116,ncnn_cpu,68,ok,0.011133
ncnn,86.441175,,ncnn_layer,Convolution:conv_58,1.48,1.430735,1.4,yolov8n,0.34505,70,ncnn_cpu,68,ok,0.022183
ncnn,98.890583,,ncnn_layer,Concat:cat_14,0.36,0.294706,0.29,yolov8n,0.071074,142,ncnn_cpu,68,ok,0.012888
ncnn,96.412419,,ncnn_layer,Reshape:reshape_129,0.67,0.468529,0.45,yolov8n,0.112995,114,ncnn_cpu,68,ok,0.029964
ncnn,37.335596,,ncnn_layer,Convolution:conv_42,7.3,7.228529,7.17,yolov8n,1.743304,13,ncnn_cpu,68,ok,0.027347
ncnn,99.338201,,ncnn_layer,Swish:silu_109,0.21,0.187353,0.18,yolov8n,0.045184,150,ncnn_cpu,68,ok,0.007596
ncnn,99.559439,,ncnn_layer,Concat:cat_11,0.23,0.178088,0.17,yolov8n,0.042949,155,ncnn_cpu,68,ok,0.008788
ncnn,59.688862,,ncnn_layer,Convolution:conv_43,4.73,4.438235,4.41,yolov8n,1.070369,30,ncnn_cpu,68,ok,0.03985
ncnn,98.426295,,ncnn_layer,Swish:silu_110,0.38,0.361471,0.36,yolov8n,0.087176,136,ncnn_cpu,68,ok,0.00522
ncnn,99.823095,,ncnn_layer,Slice:split_7,0.14,0.108824,0.1,yolov8n,0.026245,164,ncnn_cpu,68,ok,0.006973
ncnn,100.0,,ncnn_layer,Split:splitncnn_18,0.0,0.0,0.0,yolov8n,0.0,197,ncnn_cpu,68,ok,0.0
ncnn,76.632543,,ncnn_layer,Convolution:conv_44,2.64,2.570147,2.54,yolov8n,0.619842,51,ncnn_cpu,68,ok,0.018589
ncnn,99.293017,,ncnn_layer,Swish:silu_111,0.21,0.187647,0.18,yolov8n,0.045255,149,ncnn_cpu,68,ok,0.005178
ncnn,78.487034,,ncnn_layer,Convolution:conv_45,2.87,2.561618,2.53,yolov8n,0.617785,54,ncnn_cpu,68,ok,0.042065
ncnn,99.472902,,ncnn_layer,Swish:silu_112,0.21,0.185882,0.18,yolov8n,0.044829,153,ncnn_cpu,68,ok,0.006471
ncnn,99.199458,,ncnn_layer,Concat:cat_12,0.25,0.203529,0.2,yolov8n,0.049085,147,ncnn_cpu,68,ok,0.010256
ncnn,60.759231,,ncnn_layer,Convolution:conv_46,4.57,4.438235,4.41,yolov8n,1.070369,31,ncnn_cpu,68,ok,0.023259
ncnn,98.339119,,ncnn_layer,Swish:silu_113,0.38,0.361765,0.36,yolov8n,0.087247,135,ncnn_cpu,68,ok,0.005673
ncnn,100.0,,ncnn_layer,Split:splitncnn_19,0.0,0.0,0.0,yolov8n,0.0,198,ncnn_cpu,68,ok,0.0
ncnn,76.0127,,ncnn_layer,Convolution:conv_59,2.6,2.576029,2.54,yolov8n,0.621261,50,ncnn_cpu,68,ok,0.015448
ncnn,99.847389,,ncnn_layer,Swish:silu_122,0.13,0.100735,0.1,yolov8n,0.024294,165,ncnn_cpu,68,ok,0.00431
ncnn,92.14559,,ncnn_layer,Convolution:conv_60,0.88,0.8175,0.8,yolov8n,0.197156,89,ncnn_cpu,68,ok,0.017605
ncnn,99.871151,,ncnn_layer,Swish:silu_123,0.1,0.098529,0.09,yolov8n,0.023762,166,ncnn_cpu,68,ok,0.003542
ncnn,99.150373,,ncnn_layer,Convolution:conv_61,0.24,0.212206,0.2,yolov8n,0.051178,146,ncnn_cpu,68,ok,0.008886
ncnn,71.305559,,ncnn_layer,Convolution:conv_62,3.32,3.062794,3.02,yolov8n,0.738654,43,ncnn_cpu,68,ok,0.037528
ncnn,99.715986,,ncnn_layer,Swish:silu_124,0.15,0.120441,0.12,yolov8n,0.029047,160,ncnn_cpu,68,ok,0.003611
ncnn,90.407003,,ncnn_layer,Convolution:conv_63,1.6,1.179118,1.15,yolov8n,0.284368,82,ncnn_cpu,68,ok,0.054442
ncnn,99.68694,,ncnn_layer,Swish:silu_125,0.18,0.120882,0.12,yolov8n,0.029153,159,ncnn_cpu,68,ok,0.007222
ncnn,98.251872,,ncnn_layer,Convolution:conv_64,0.39,0.361912,0.36,yolov8n,0.087282,134,ncnn_cpu,68,ok,0.007124
ncnn,99.912114,,ncnn_layer,Concat:cat_15,0.11,0.081176,0.08,yolov8n,0.019577,168,ncnn_cpu,68,ok,0.005565
ncnn,99.657787,,ncnn_layer,Reshape:reshape_130,0.14,0.130441,0.12,yolov8n,0.031458,158,ncnn_cpu,68,ok,0.003611
ncnn,91.473435,,ncnn_layer,Concat:cat_16,1.15,1.067059,1.04,yolov8n,0.257343,86,ncnn_cpu,68,ok,0.023204
ncnn,86.096125,,ncnn_layer,Slice:split_8,1.55,1.461765,1.44,yolov8n,0.352534,69,ncnn_cpu,68,ok,0.02093
ncnn,90.679737,,ncnn_layer,Reshape:reshape_131,1.2,1.130882,1.11,yolov8n,0.272735,83,ncnn_cpu,68,ok,0.024298
ncnn,89.838125,,ncnn_layer,Permute:transpose_134,1.4,1.276471,1.25,yolov8n,0.307846,80,ncnn_cpu,68,ok,0.026831
ncnn,68.114916,,ncnn_layer,Softmax:softmax_1,3.73,3.644118,3.5,yolov8n,0.878852,39,ncnn_cpu,68,ok,0.040119
ncnn,90.122635,,ncnn_layer,Convolution:conv_65,1.27,1.179706,1.13,yolov8n,0.28451,81,ncnn_cpu,68,ok,0.021349
ncnn,99.796849,,ncnn_layer,Reshape:reshape_132,0.14,0.111324,0.11,yolov8n,0.026848,163,ncnn_cpu,68,ok,0.006161
ncnn,99.770001,,ncnn_layer,Slice:chunk_0,0.15,0.111765,0.11,yolov8n,0.026954,162,ncnn_cpu,68,ok,0.007059
ncnn,99.954177,,ncnn_layer,BinaryOp:sub_6,0.07,0.0425,0.04,yolov8n,0.01025,171,ncnn_cpu,68,ok,0.006272
ncnn,100.0,,ncnn_layer,Split:splitncnn_20,0.0,0.0,0.0,yolov8n,0.0,199,ncnn_cpu,68,ok,0.0
ncnn,99.97074,,ncnn_layer,BinaryOp:add_7,0.06,0.031324,0.03,yolov8n,0.007554,173,ncnn_cpu,68,ok,0.005397
ncnn,100.0,,ncnn_layer,Split:splitncnn_21,0.0,0.0,0.0,yolov8n,0.0,200,ncnn_cpu,68,ok,0.0
ncnn,99.963186,,ncnn_layer,BinaryOp:add_8,0.05,0.037353,0.03,yolov8n,0.009008,172,ncnn_cpu,68,ok,0.005034
ncnn,99.985068,,ncnn_layer,BinaryOp:div_9,0.03,0.029412,0.02,yolov8n,0.007093,175,ncnn_cpu,68,ok,0.002353
ncnn,99.977975,,ncnn_layer,BinaryOp:sub_10,0.03,0.03,0.03,yolov8n,0.007235,174,ncnn_cpu,68,ok,0.0
ncnn,99.892537,,ncnn_layer,Concat:cat_17,0.12,0.088676,0.08,yolov8n,0.021386,167,ncnn_cpu,68,ok,0.006395
ncnn,99.993368,,ncnn_layer,MemoryData:pnnx_99,0.04,0.010588,0.01,yolov8n,0.002554,177,ncnn_cpu,68,ok,0.003789
ncnn,99.995779,,ncnn_layer,Reshape:reshape_133,0.01,0.01,0.01,yolov8n,0.002412,178,ncnn_cpu,68,ok,0.0
ncnn,99.943927,,ncnn_layer,BinaryOp:mul_11,0.07,0.061471,0.06,yolov8n,0.014825,170,ncnn_cpu,68,ok,0.003542
ncnn,53.15805,,ncnn_layer,Sigmoid:sigmoid_0,5.68,5.283676,5.25,yolov8n,1.274264,24,ncnn_cpu,68,ok,0.060729
ncnn,91.948433,,ncnn_layer,Concat:cat_18,0.95,0.916912,0.89,yolov8n,0.221132,88,ncnn_cpu,68,ok,0.015928
ncnn,20.091728,,ncnn_layer,Convolution:conv_2,4.5063,4.473888,4.44328,yolov8n,6.336363,3,ncnn_vulkan,70,ok,0.01267
ncnn,88.177921,,ncnn_layer,Swish:silu_69,0.43625,0.426142,0.42276,yolov8n,0.603544,55,ncnn_vulkan,70,ok,0.002118
ncnn,7.114311,,ncnn_layer,Convolution:conv_3,5.02682,5.02317,5.01865,yolov8n,7.114311,1,ncnn_vulkan,70,ok,0.001909
ncnn,91.593518,,ncnn_layer,Swish:silu_70,0.21396,0.211897,0.20922,yolov8n,0.30011,65,ncnn_vulkan,70,ok,0.001078
ncnn,81.853212,,ncnn_layer,Convolution:conv_4,0.52599,0.522774,0.51964,yolov8n,0.740404,46,ncnn_vulkan,70,ok,0.001378
ncnn,91.293408,,ncnn_layer,Swish:silu_71,0.21734,0.213923,0.21083,yolov8n,0.302979,64,ncnn_vulkan,70,ok,0.001239
ncnn,92.153832,,ncnn_layer,Slice:split_0,0.19833,0.196346,0.19427,yolov8n,0.278085,67,ncnn_vulkan,70,ok,0.000847
ncnn,99.997275,,ncnn_layer,Split:splitncnn_0,0.00036,0.000336,0.00031,yolov8n,0.000476,171,ncnn_vulkan,70,ok,2.5e-05
ncnn,48.174963,,ncnn_layer,Convolution:conv_5,1.12,1.102316,1.07969,yolov8n,1.561209,12,ncnn_vulkan,70,ok,0.00792
ncnn,93.910174,,ncnn_layer,Swish:silu_72,0.11391,0.111163,0.10849,yolov8n,0.15744,75,ncnn_vulkan,70,ok,0.001266
ncnn,49.728565,,ncnn_layer,Convolution:conv_6,1.12031,1.096945,1.07646,yolov8n,1.553602,13,ncnn_vulkan,70,ok,0.007964
ncnn,94.065867,,ncnn_layer,Swish:silu_73,0.11198,0.10993,0.10766,yolov8n,0.155694,76,ncnn_vulkan,70,ok,0.000944
ncnn,93.557879,,ncnn_layer,BinaryOp:add_0,0.1449,0.143078,0.1412,yolov8n,0.202641,73,ncnn_vulkan,70,ok,0.000767
ncnn,88.590461,,ncnn_layer,Concat:cat_0,0.29307,0.29128,0.2899,yolov8n,0.41254,56,ncnn_vulkan,70,ok,0.000827
ncnn,60.612671,,ncnn_layer,Convolution:conv_7,0.75448,0.750214,0.74604,yolov8n,1.062527,22,ncnn_vulkan,70,ok,0.001686
ncnn,90.381319,,ncnn_layer,Swish:silu_74,0.21891,0.215968,0.21245,yolov8n,0.305875,61,ncnn_vulkan,70,ok,0.001395
ncnn,13.755365,,ncnn_layer,Convolution:conv_8,4.69365,4.68902,4.6851,yolov8n,6.641054,2,ncnn_vulkan,70,ok,0.002037
ncnn,94.683,,ncnn_layer,Swish:silu_75,0.11089,0.10849,0.10635,yolov8n,0.153654,80,ncnn_vulkan,70,ok,0.000894
ncnn,86.883528,,ncnn_layer,Convolution:conv_9,0.49719,0.495168,0.49297,yolov8n,0.701306,53,ncnn_vulkan,70,ok,0.00091
ncnn,94.375331,,ncnn_layer,Swish:silu_76,0.11151,0.108838,0.10672,yolov8n,0.154147,78,ncnn_vulkan,70,ok,0.001073
ncnn,95.867721,,ncnn_layer,Slice:split_1,0.10651,0.102118,0.10078,yolov8n,0.14463,88,ncnn_vulkan,70,ok,0.000831
ncnn,99.996799,,ncnn_layer,Split:splitncnn_1,0.00036,0.000337,0.00031,yolov8n,0.000477,170,ncnn_vulkan,70,ok,2.5e-05
ncnn,67.638775,,ncnn_layer,Convolution:conv_10,0.6812,0.673999,0.66635,yolov8n,0.954584,29,ncnn_vulkan,70,ok,0.002856
ncnn,97.87854,,ncnn_layer,Swish:silu_77,0.05771,0.056233,0.05443,yolov8n,0.079643,108,ncnn_vulkan,70,ok,0.000739
ncnn,72.397361,,ncnn_layer,Convolution:conv_11,0.68219,0.670099,0.66042,yolov8n,0.949061,34,ncnn_vulkan,70,ok,0.00403
ncnn,97.719145,,ncnn_layer,Swish:silu_78,0.05917,0.056544,0.05453,yolov8n,0.080083,106,ncnn_vulkan,70,ok,0.000836
ncnn,97.001981,,ncnn_layer,BinaryOp:add_1,0.07458,0.073506,0.07219,yolov8n,0.104106,98,ncnn_vulkan,70,ok,0.000473
ncnn,99.997751,,ncnn_layer,Split:splitncnn_2,0.00036,0.000336,0.00031,yolov8n,0.000476,172,ncnn_vulkan,70,ok,2.5e-05
ncnn,71.4483,,ncnn_layer,Convolution:conv_12,0.68109,0.671424,0.66526,yolov8n,0.950937,33,ncnn_vulkan,70,ok,0.00342
ncnn,97.798897,,ncnn_layer,Swish:silu_79,0.05776,0.05631,0.05443,yolov8n,0.079752,107,ncnn_vulkan,70,ok,0.000709
ncnn,70.497363,,ncnn_layer,Convolution:conv_13,0.68,0.672539,0.66448,yolov8n,0.952516,32,ncnn_vulkan,70,ok,0.003726
ncnn,97.558917,,ncnn_layer,Swish:silu_80,0.05807,0.056689,0.05526,yolov8n,0.080289,104,ncnn_vulkan,70,ok,0.000598
ncnn,96.897875,,ncnn_layer,BinaryOp:add_2,0.07573,0.073539,0.07245,yolov8n,0.104153,97,ncnn_vulkan,70,ok,0.000582
ncnn,91.875748,,ncnn_layer,Concat:cat_1,0.2012,0.199273,0.19755,yolov8n,0.28223,66,ncnn_vulkan,70,ok,0.00083
ncnn,52.493587,,ncnn_layer,Convolution:conv_14,0.95464,0.952202,0.95021,yolov8n,1.348603,15,ncnn_vulkan,70,ok,0.000876
ncnn,94.836413,,ncnn_layer,Swish:silu_81,0.11115,0.10832,0.1062,yolov8n,0.153414,81,ncnn_vulkan,70,ok,0.001092
ncnn,99.991521,,ncnn_layer,Split:splitncnn_3,0.00036,0.00034,0.00031,yolov8n,0.000482,159,ncnn_vulkan,70,ok,2.4e-05
ncnn,26.031295,,ncnn_layer,Convolution:conv_15,4.19833,4.193724,4.19099,yolov8n,5.939567,4,ncnn_vulkan,70,ok,0.001619
ncnn,98.192144,,ncnn_layer,Swish:silu_82,0.05698,0.054643,0.05313,yolov8n,0.077391,112,ncnn_vulkan,70,ok,0.000786
ncnn,87.574377,,ncnn_layer,Convolution:conv_16,0.49005,0.487785,0.48542,yolov8n,0.690849,54,ncnn_vulkan,70,ok,0.000728
ncnn,98.037201,,ncnn_layer,Swish:silu_83,0.0575,0.055894,0.05417,yolov8n,0.079163,110,ncnn_vulkan,70,ok,0.000741
ncnn,98.729795,,ncnn_layer,Slice:split_2,0.0549,0.053707,0.05302,yolov8n,0.076065,119,ncnn_vulkan,70,ok,0.000378
ncnn,99.992002,,ncnn_layer,Split:splitncnn_4,0.00036,0.00034,0.00031,yolov8n,0.000482,160,ncnn_vulkan,70,ok,2.4e-05
ncnn,76.513315,,ncnn_layer,Convolution:conv_17,0.55062,0.545629,0.53974,yolov8n,0.772774,39,ncnn_vulkan,70,ok,0.002279
ncnn,99.601397,,ncnn_layer,Swish:silu_84,0.02932,0.027668,0.02641,yolov8n,0.039186,138,ncnn_vulkan,70,ok,0.000656
ncnn,80.349375,,ncnn_layer,Convolution:conv_18,0.54542,0.540146,0.53583,yolov8n,0.765008,44,ncnn_vulkan,70,ok,0.002221
ncnn,99.325431,,ncnn_layer,Swish:silu_85,0.02958,0.028071,0.02682,yolov8n,0.039757,131,ncnn_vulkan,70,ok,0.000637
ncnn,99.078377,,ncnn_layer,BinaryOp:add_3,0.03844,0.037422,0.03661,yolov8n,0.053001,125,ncnn_vulkan,70,ok,0.000322
ncnn,99.993445,,ncnn_layer,Split:splitncnn_5,0.00036,0.000339,0.00031,yolov8n,0.00048,163,ncnn_vulkan,70,ok,2.5e-05
ncnn,78.05278,,ncnn_layer,Convolution:conv_19,0.54818,0.542454,0.53531,yolov8n,0.768277,41,ncnn_vulkan,70,ok,0.002548
ncnn,99.483588,,ncnn_layer,Swish:silu_86,0.02958,0.027791,0.02682,yolov8n,0.03936,135,ncnn_vulkan,70,ok,0.000549
ncnn,78.818699,,ncnn_layer,Convolution:conv_20,0.54609,0.540789,0.53573,yolov8n,0.765919,42,ncnn_vulkan,70,ok,0.002307
ncnn,99.404841,,ncnn_layer,Swish:silu_87,0.02964,0.028013,0.02688,yolov8n,0.039675,133,ncnn_vulkan,70,ok,0.000623
ncnn,99.025377,,ncnn_layer,BinaryOp:add_4,0.03932,0.037428,0.03667,yolov8n,0.053009,124,ncnn_vulkan,70,ok,0.000418
ncnn,95.432504,,ncnn_layer,Concat:cat_2,0.10594,0.102993,0.10146,yolov8n,0.145869,85,ncnn_vulkan,70,ok,0.000777
ncnn,53.840857,,ncnn_layer,Convolution:conv_21,0.95427,0.951261,0.94839,yolov8n,1.34727,16,ncnn_vulkan,70,ok,0.001334
ncnn,98.114753,,ncnn_layer,Swish:silu_88,0.05703,0.054757,0.05266,yolov8n,0.077552,111,ncnn_vulkan,70,ok,0.000683
ncnn,99.995364,,ncnn_layer,Split:splitncnn_6,0.00036,0.000338,0.00031,yolov8n,0.000479,167,ncnn_vulkan,70,ok,2.5e-05
ncnn,31.800497,,ncnn_layer,Convolution:conv_22,4.08109,4.073435,4.06906,yolov8n,5.769202,5,ncnn_vulkan,70,ok,0.002652
ncnn,99.757214,,ncnn_layer,Swish:silu_89,0.02849,0.027323,0.0262,yolov8n,0.038698,142,ncnn_vulkan,70,ok,0.00054
ncnn,86.182222,,ncnn_layer,Convolution:conv_23,0.50281,0.500373,0.49734,yolov8n,0.708678,52,ncnn_vulkan,70,ok,0.001216
ncnn,99.522903,,ncnn_layer,Swish:silu_90,0.02917,0.027759,0.02661,yolov8n,0.039315,136,ncnn_vulkan,70,ok,0.000546
ncnn,99.121722,,ncnn_layer,Slice:split_3,0.03156,0.030604,0.02974,yolov8n,0.043344,126,ncnn_vulkan,70,ok,0.000388
ncnn,99.993925,,ncnn_layer,Split:splitncnn_7,0.00036,0.000339,0.00031,yolov8n,0.00048,164,ncnn_vulkan,70,ok,2.5e-05
ncnn,83.313162,,ncnn_layer,Convolution:conv_24,0.51432,0.5102,0.50594,yolov8n,0.722596,48,ncnn_vulkan,70,ok,0.001666
ncnn,99.893006,,ncnn_layer,Swish:silu_91,0.015,0.014461,0.01375,yolov8n,0.020481,148,ncnn_vulkan,70,ok,0.000298
ncnn,84.754934,,ncnn_layer,Convolution:conv_25,0.51167,0.508204,0.50526,yolov8n,0.719769,50,ncnn_vulkan,70,ok,0.001608
ncnn,99.932791,,ncnn_layer,Swish:silu_92,0.01448,0.013793,0.01292,yolov8n,0.019535,150,ncnn_vulkan,70,ok,0.00033
ncnn,99.810052,,ncnn_layer,BinaryOp:add_5,0.01776,0.016725,0.01604,yolov8n,0.023688,144,ncnn_vulkan,70,ok,0.000338
ncnn,98.794571,,ncnn_layer,Concat:cat_3,0.04656,0.045736,0.04484,yolov8n,0.064776,120,ncnn_vulkan,70,ok,0.000326
ncnn,57.42172,,ncnn_layer,Convolution:conv_26,0.75797,0.752406,0.74635,yolov8n,1.065632,19,ncnn_vulkan,70,ok,0.002094
ncnn,99.679618,,ncnn_layer,Swish:silu_93,0.02943,0.027578,0.0263,yolov8n,0.039059,140,ncnn_vulkan,70,ok,0.000556
ncnn,89.732383,,ncnn_layer,Convolution:conv_27,0.26411,0.260545,0.25797,yolov8n,0.36901,59,ncnn_vulkan,70,ok,0.001273
ncnn,99.913256,,ncnn_layer,Swish:silu_94,0.01531,0.014298,0.01354,yolov8n,0.02025,149,ncnn_vulkan,70,ok,0.000389
ncnn,99.994406,,ncnn_layer,Split:splitncnn_8,0.00036,0.000339,0.00031,yolov8n,0.00048,165,ncnn_vulkan,70,ok,2.5e-05
ncnn,95.140306,,ncnn_layer,Pooling:maxpool2d_66,0.1074,0.106814,0.10625,yolov8n,0.151281,83,ncnn_vulkan,70,ok,0.000299
ncnn,99.990556,,ncnn_layer,Split:splitncnn_9,0.00036,0.000341,0.00031,yolov8n,0.000483,157,ncnn_vulkan,70,ok,2.4e-05
ncnn,95.578363,,ncnn_layer,Pooling:maxpool2d_67,0.10375,0.102986,0.1026,yolov8n,0.145859,86,ncnn_vulkan,70,ok,0.000217
ncnn,99.992484,,ncnn_layer,Split:splitncnn_10,0.00036,0.00034,0.00031,yolov8n,0.000482,161,ncnn_vulkan,70,ok,2.4e-05
ncnn,95.286635,,ncnn_layer,Pooling:maxpool2d_68,0.10432,0.103318,0.10276,yolov8n,0.146329,84,ncnn_vulkan,70,ok,0.000374
ncnn,97.478628,,ncnn_layer,Concat:cat_4,0.0613,0.060157,0.05911,yolov8n,0.0852,103,ncnn_vulkan,70,ok,0.000524
ncnn,51.144984,,ncnn_layer,Convolution:conv_28,1.00766,1.000085,0.9938,yolov8n,1.416419,14,ncnn_vulkan,70,ok,0.002677
ncnn,99.245774,,ncnn_layer,Swish:silu_95,0.03026,0.028626,0.02766,yolov8n,0.040543,129,ncnn_vulkan,70,ok,0.000458
ncnn,99.992965,,ncnn_layer,Split:splitncnn_11,0.00036,0.00034,0.00031,yolov8n,0.000482,162,ncnn_vulkan,70,ok,2.4e-05
ncnn,96.793721,,ncnn_layer,Interp:upsample_126,0.07948,0.078076,0.07677,yolov8n,0.110579,96,ncnn_vulkan,70,ok,0.000585
ncnn,93.752733,,ncnn_layer,Concat:cat_5,0.14198,0.13758,0.13599,yolov8n,0.194854,74,ncnn_vulkan,70,ok,0.000846
ncnn,44.610618,,ncnn_layer,Convolution:conv_29,1.42281,1.417058,1.41281,yolov8n,2.006978,10,ncnn_vulkan,70,ok,0.002101
ncnn,98.500508,,ncnn_layer,Swish:silu_96,0.05568,0.054266,0.05297,yolov8n,0.076857,116,ncnn_vulkan,70,ok,0.000726
ncnn,98.65373,,ncnn_layer,Slice:split_4,0.05599,0.054071,0.05328,yolov8n,0.076581,118,ncnn_vulkan,70,ok,0.000473
ncnn,99.995843,,ncnn_layer,Split:splitncnn_12,0.00036,0.000338,0.00031,yolov8n,0.000479,168,ncnn_vulkan,70,ok,2.5e-05
ncnn,75.740542,,ncnn_layer,Convolution:conv_30,0.55052,0.546377,0.54021,yolov8n,0.773833,38,ncnn_vulkan,70,ok,0.002164
ncnn,99.562211,,ncnn_layer,Swish:silu_97,0.02948,0.027754,0.0262,yolov8n,0.039308,137,ncnn_vulkan,70,ok,0.000588
ncnn,79.584367,,ncnn_layer,Convolution:conv_31,0.54573,0.540612,0.5349,yolov8n,0.765668,43,ncnn_vulkan,70,ok,0.00225
ncnn,99.205231,,ncnn_layer,Swish:silu_98,0.02979,0.028772,0.02781,yolov8n,0.04075,128,ncnn_vulkan,70,ok,0.000387
ncnn,96.457515,,ncnn_layer,Concat:cat_6,0.0813,0.079906,0.07891,yolov8n,0.113171,93,ncnn_vulkan,70,ok,0.00054
ncnn,63.689949,,ncnn_layer,Convolution:conv_32,0.72167,0.71974,0.71818,yolov8n,1.019367,25,ncnn_vulkan,70,ok,0.000845
ncnn,98.346632,,ncnn_layer,Swish:silu_99,0.0562,0.054499,0.05286,yolov8n,0.077187,114,ncnn_vulkan,70,ok,0.000676
ncnn,99.994886,,ncnn_layer,Split:splitncnn_13,0.00036,0.000339,0.00031,yolov8n,0.00048,166,ncnn_vulkan,70,ok,2.5e-05
ncnn,93.139526,,ncnn_layer,Interp:upsample_127,0.15807,0.155239,0.15349,yolov8n,0.219865,71,ncnn_vulkan,70,ok,0.000833
ncnn,88.989306,,ncnn_layer,Concat:cat_7,0.28771,0.281611,0.27854,yolov8n,0.398845,57,ncnn_vulkan,70,ok,0.001912
ncnn,46.613754,,ncnn_layer,Convolution:conv_33,1.41802,1.414345,1.41188,yolov8n,2.003135,11,ncnn_vulkan,70,ok,0.00138
ncnn,94.989025,,ncnn_layer,Swish:silu_100,0.10969,0.107754,0.10552,yolov8n,0.152612,82,ncnn_vulkan,70,ok,0.001021
ncnn,95.723091,,ncnn_layer,Slice:split_5,0.10396,0.102188,0.10062,yolov8n,0.144729,87,ncnn_vulkan,70,ok,0.000656
ncnn,99.998227,,ncnn_layer,Split:splitncnn_14,0.00036,0.000336,0.00031,yolov8n,0.000476,173,ncnn_vulkan,70,ok,2.5e-05
ncnn,66.684191,,ncnn_layer,Convolution:conv_34,0.68562,0.675916,0.66745,yolov8n,0.957299,28,ncnn_vulkan,70,ok,0.004197
ncnn,97.639062,,ncnn_layer,Swish:silu_101,0.05849,0.056588,0.05495,yolov8n,0.080146,105,ncnn_vulkan,70,ok,0.000781
ncnn,69.544847,,ncnn_layer,Convolution:conv_35,0.68177,0.672678,0.66474,yolov8n,0.952713,31,ncnn_vulkan,70,ok,0.0036
ncnn,97.958038,,ncnn_layer,Swish:silu_102,0.0576,0.056131,0.05458,yolov8n,0.079498,109,ncnn_vulkan,70,ok,0.000659
ncnn,93.355238,,ncnn_layer,Concat:cat_8,0.15667,0.152307,0.15057,yolov8n,0.215712,72,ncnn_vulkan,70,ok,0.000963
ncnn,62.670582,,ncnn_layer,Convolution:conv_36,0.72646,0.723561,0.72161,yolov8n,1.024779,24,ncnn_vulkan,70,ok,0.000876
ncnn,94.529345,,ncnn_layer,Swish:silu_103,0.11438,0.108744,0.10667,yolov8n,0.154014,79,ncnn_vulkan,70,ok,0.001189
ncnn,99.998703,,ncnn_layer,Split:splitncnn_15,0.00036,0.000336,0.00031,yolov8n,0.000476,174,ncnn_vulkan,70,ok,2.5e-05
ncnn,40.373198,,ncnn_layer,Convolution:conv_47,1.83047,1.802858,1.78812,yolov8n,2.553386,8,ncnn_vulkan,70,ok,0.008048
ncnn,94.221184,,ncnn_layer,Swish:silu_114,0.11161,0.109664,0.1075,yolov8n,0.155317,77,ncnn_vulkan,70,ok,0.000944
ncnn,34.855581,,ncnn_layer,Convolution:conv_37,2.16312,2.15709,2.15391,yolov8n,3.055084,6,ncnn_vulkan,70,ok,0.001582
ncnn,99.444227,,ncnn_layer,Swish:silu_104,0.02927,0.027809,0.02656,yolov8n,0.039386,134,ncnn_vulkan,70,ok,0.000516
ncnn,97.106079,,ncnn_layer,Concat:cat_9,0.075,0.0735,0.07229,yolov8n,0.104098,99,ncnn_vulkan,70,ok,0.000508
ncnn,65.726891,,ncnn_layer,Convolution:conv_38,0.72115,0.718823,0.71667,yolov8n,1.018068,27,ncnn_vulkan,70,ok,0.001
ncnn,98.269446,,ncnn_layer,Swish:silu_105,0.05641,0.05458,0.05297,yolov8n,0.077302,113,ncnn_vulkan,70,ok,0.000697
ncnn,98.577149,,ncnn_layer,Slice:split_6,0.05521,0.054114,0.05333,yolov8n,0.076642,117,ncnn_vulkan,70,ok,0.000398
ncnn,99.999179,,ncnn_layer,Split:splitncnn_16,0.00036,0.000336,0.00031,yolov8n,0.000476,175,ncnn_vulkan,70,ok,2.5e-05
ncnn,77.284503,,ncnn_layer,Convolution:conv_39,0.54901,0.544509,0.53995,yolov8n,0.771188,40,ncnn_vulkan,70,ok,0.001851
ncnn,99.365167,,ncnn_layer,Swish:silu_106,0.02958,0.028056,0.02698,yolov8n,0.039736,132,ncnn_vulkan,70,ok,0.000496
ncnn,81.112807,,ncnn_layer,Convolution:conv_40,0.54349,0.539033,0.53448,yolov8n,0.763432,45,ncnn_vulkan,70,ok,0.002047
ncnn,99.285674,,ncnn_layer,Swish:silu_107,0.02932,0.028172,0.02682,yolov8n,0.0399,130,ncnn_vulkan,70,ok,0.000566
ncnn,96.570578,,ncnn_layer,Concat:cat_10,0.08271,0.07983,0.07891,yolov8n,0.113063,94,ncnn_vulkan,70,ok,0.000562
ncnn,64.708823,,ncnn_layer,Convolution:conv_41,0.72172,0.719392,0.7176,yolov8n,1.018874,26,ncnn_vulkan,70,ok,0.000869
ncnn,98.423651,,ncnn_layer,Swish:silu_108,0.05615,0.05438,0.05193,yolov8n,0.077018,115,ncnn_vulkan,70,ok,0.000777
ncnn,99.996322,,ncnn_layer,Split:splitncnn_17,0.00036,0.000338,0.00031,yolov8n,0.000479,169,ncnn_vulkan,70,ok,2.5e-05
ncnn,37.819812,,ncnn_layer,Convolution:conv_42,2.09745,2.092941,2.08849,yolov8n,2.96423,7,ncnn_vulkan,70,ok,0.001795
ncnn,99.831494,,ncnn_layer,Swish:silu_109,0.01573,0.01514,0.01438,yolov8n,0.021443,145,ncnn_vulkan,70,ok,0.000339
ncnn,98.972367,,ncnn_layer,Concat:cat_11,0.0401,0.03937,0.03844,yolov8n,0.05576,123,ncnn_vulkan,70,ok,0.000326
ncnn,58.485958,,ncnn_layer,Convolution:conv_43,0.75812,0.751422,0.7474,yolov8n,1.064238,20,ncnn_vulkan,70,ok,0.002293
ncnn,99.718516,,ncnn_layer,Swish:silu_110,0.02896,0.027465,0.0262,yolov8n,0.038899,141,ncnn_vulkan,70,ok,0.00056
ncnn,99.164481,,ncnn_layer,Slice:split_7,0.0312,0.030191,0.02948,yolov8n,0.042759,127,ncnn_vulkan,70,ok,0.000367
ncnn,99.999652,,ncnn_layer,Split:splitncnn_18,0.00036,0.000334,0.00031,yolov8n,0.000473,176,ncnn_vulkan,70,ok,2.5e-05
ncnn,84.035165,,ncnn_layer,Convolution:conv_44,0.51448,0.509781,0.50688,yolov8n,0.722002,49,ncnn_vulkan,70,ok,0.00143
ncnn,99.852035,,ncnn_layer,Swish:silu_111,0.01505,0.014503,0.01385,yolov8n,0.020541,146,ncnn_vulkan,70,ok,0.000246
ncnn,85.473544,,ncnn_layer,Convolution:conv_45,0.51224,0.507386,0.50349,yolov8n,0.71861,51,ncnn_vulkan,70,ok,0.001933
ncnn,99.872525,,ncnn_layer,Swish:silu_112,0.01536,0.014467,0.01375,yolov8n,0.02049,147,ncnn_vulkan,70,ok,0.000296
ncnn,98.85893,,ncnn_layer,Concat:cat_12,0.04698,0.045442,0.04458,yolov8n,0.064359,121,ncnn_vulkan,70,ok,0.000442
ncnn,59.550144,,ncnn_layer,Convolution:conv_46,0.7574,0.751385,0.74531,yolov8n,1.064186,21,ncnn_vulkan,70,ok,0.002273
ncnn,99.640559,,ncnn_layer,Swish:silu_113,0.0288,0.027651,0.02646,yolov8n,0.039162,139,ncnn_vulkan,70,ok,0.000504
ncnn,100.0,,ncnn_layer,Split:splitncnn_19,0.00026,0.000246,0.00021,yolov8n,0.000348,177,ncnn_vulkan,70,ok,2.2e-05
ncnn,74.966708,,ncnn_layer,Convolution:conv_59,0.58375,0.579511,0.57599,yolov8n,0.820761,37,ncnn_vulkan,70,ok,0.001851
ncnn,99.973263,,ncnn_layer,Swish:silu_122,0.00906,0.008796,0.00865,yolov8n,0.012458,153,ncnn_vulkan,70,ok,0.000109
ncnn,92.414573,,ncnn_layer,Convolution:conv_60,0.18646,0.1841,0.18188,yolov8n,0.260741,68,ncnn_vulkan,70,ok,0.000786
ncnn,99.98562,,ncnn_layer,Swish:silu_123,0.00901,0.008725,0.00839,yolov8n,0.012357,154,ncnn_vulkan,70,ok,0.00013
ncnn,98.916608,,ncnn_layer,Convolution:conv_61,0.04177,0.040724,0.03979,yolov8n,0.057677,122,ncnn_vulkan,70,ok,0.000429
ncnn,68.592134,,ncnn_layer,Convolution:conv_62,0.67833,0.673134,0.66833,yolov8n,0.953359,30,ncnn_vulkan,70,ok,0.002044
ncnn,99.946886,,ncnn_layer,Swish:silu_124,0.01036,0.009952,0.00953,yolov8n,0.014095,151,ncnn_vulkan,70,ok,0.000204
ncnn,90.075443,,ncnn_layer,Convolution:conv_63,0.24422,0.242223,0.2399,yolov8n,0.34306,60,ncnn_vulkan,70,ok,0.000906
ncnn,99.960805,,ncnn_layer,Swish:silu_125,0.01026,0.009828,0.00953,yolov8n,0.013919,152,ncnn_vulkan,70,ok,0.000147
ncnn,97.305743,,ncnn_layer,Convolution:conv_64,0.06927,0.068155,0.06703,yolov8n,0.096528,101,ncnn_vulkan,70,ok,0.000468
ncnn,99.786364,,ncnn_layer,Concat:cat_15,0.02115,0.020582,0.01974,yolov8n,0.02915,143,ncnn_vulkan,70,ok,0.00028
ncnn,89.363374,,ncnn_layer,Reshape:reshape_130,0.26479,0.264116,0.26339,yolov8n,0.374067,58,ncnn_vulkan,70,ok,0.000309
ncnn,56.356088,,ncnn_layer,Concat:cat_16,0.87677,0.873776,0.87224,yolov8n,1.237528,18,ncnn_vulkan,70,ok,0.000959
ncnn,55.11856,,ncnn_layer,Slice:split_8,0.90422,0.902142,0.90057,yolov8n,1.277703,17,ncnn_vulkan,70,ok,0.000726
ncnn,42.603641,,ncnn_layer,Reshape:reshape_131,1.57594,1.574839,1.57396,yolov8n,2.230443,9,ncnn_vulkan,70,ok,0.000432
ncnn,73.318818,,ncnn_layer,Permute:transpose_134,0.65151,0.650609,0.64974,yolov8n,0.921457,35,ncnn_vulkan,70,ok,0.000375
ncnn,61.645803,,ncnn_layer,Softmax:softmax_1,0.73849,0.729459,0.72135,yolov8n,1.033132,23,ncnn_vulkan,70,ok,0.0039
ncnn,97.209215,,ncnn_layer,Convolution:conv_65,0.07484,0.072821,0.07135,yolov8n,0.103136,100,ncnn_vulkan,70,ok,0.000606
ncnn,82.590567,,ncnn_layer,Reshape:reshape_132,0.52141,0.520621,0.51995,yolov8n,0.737355,47,ncnn_vulkan,70,ok,0.000301
ncnn,90.990429,,ncnn_layer,Slice:chunk_0,0.215,0.21464,0.21427,yolov8n,0.303994,63,ncnn_vulkan,70,ok,0.000177
ncnn,96.23116,,ncnn_layer,BinaryOp:sub_6,0.08172,0.081257,0.08068,yolov8n,0.115084,91,ncnn_vulkan,70,ok,0.000231
ncnn,99.991039,,ncnn_layer,Split:splitncnn_20,0.00036,0.000341,0.00031,yolov8n,0.000483,158,ncnn_vulkan,70,ok,2.4e-05
ncnn,96.344344,,ncnn_layer,BinaryOp:add_7,0.08021,0.079915,0.07964,yolov8n,0.113184,92,ncnn_vulkan,70,ok,0.000123
ncnn,99.990073,,ncnn_layer,Split:splitncnn_21,0.00036,0.000345,0.00031,yolov8n,0.000489,156,ncnn_vulkan,70,ok,2.3e-05
ncnn,96.683142,,ncnn_layer,BinaryOp:add_8,0.07974,0.079478,0.07927,yolov8n,0.112565,95,ncnn_vulkan,70,ok,0.000104
ncnn,97.393428,,ncnn_layer,BinaryOp:div_9,0.06214,0.061911,0.06172,yolov8n,0.087684,102,ncnn_vulkan,70,ok,9.1e-05
ncnn,99.989585,,ncnn_layer,MemoryData:pnnx_99,0.00406,0.002799,0.00255,yolov8n,0.003964,155,ncnn_vulkan,70,ok,0.000297
ncnn,96.116076,,ncnn_layer,BinaryOp:sub_10,0.08375,0.083022,0.08255,yolov8n,0.117584,90,ncnn_vulkan,70,ok,0.00024
ncnn,90.686435,,ncnn_layer,Concat:cat_17,0.2163,0.215432,0.21484,yolov8n,0.305116,62,ncnn_vulkan,70,ok,0.00034
ncnn,95.998492,,ncnn_layer,Reshape:reshape_133,0.09271,0.092333,0.09193,yolov8n,0.130771,89,ncnn_vulkan,70,ok,0.000192
ncnn,92.919661,,ncnn_layer,BinaryOp:mul_11,0.17464,0.174347,0.17406,yolov8n,0.246927,70,ncnn_vulkan,70,ok,0.000123
ncnn,92.672733,,ncnn_layer,Sigmoid:sigmoid_0,0.18557,0.182278,0.17875,yolov8n,0.25816,69,ncnn_vulkan,70,ok,0.001233
ncnn,74.145948,,ncnn_layer,Concat:cat_18,0.58562,0.584008,0.58245,yolov8n,0.82713,36,ncnn_vulkan,70,ok,0.000649
pytorch,26.350567,,op,forward,15.4274,8.57428,2.776,ssd_mobilenet_v2,26.350567,1,pytorch_cpu,50,ok,5.057636
pytorch,89.547261,,op,aten::permute,1.199879,0.910616,0.008164,ssd_mobilenet_v2,2.798515,8,pytorch_cpu,700,ok,0.453941
pytorch,99.996177,,op,aten::as_strided,0.001943,0.001606,0.00134,ssd_mobilenet_v2,0.004936,42,pytorch_cpu,1076600,ok,0.000195
pytorch,65.482186,,op,aten::contiguous,8.7455,4.62878,0.0141,ssd_mobilenet_v2,14.225215,3,pytorch_cpu,50,ok,2.774203
pytorch,98.932327,,op,aten::clone,0.210336,0.075515,0.008455,ssd_mobilenet_v2,0.232073,17,pytorch_cpu,550,ok,0.073229
pytorch,99.25085,,op,aten::empty_like,0.0934,0.047835,0.00926,ssd_mobilenet_v2,0.147007,19,pytorch_cpu,2750,ok,0.029503
pytorch,99.966016,,op,aten::empty,0.00426,0.003514,0.00273,ssd_mobilenet_v2,0.010799,38,pytorch_cpu,717700,ok,0.000585
pytorch,99.758101,,op,aten::copy_,0.014778,0.012831,0.010482,ssd_mobilenet_v2,0.039432,26,pytorch_cpu,360300,ok,0.001402
pytorch,100.0,,op,aten::to,0.001548,0.001244,0.000961,ssd_mobilenet_v2,0.003823,43,pytorch_cpu,2200,ok,0.000191
pytorch,98.457562,,op,aten::mul,0.195767,0.113269,0.070222,ssd_mobilenet_v2,0.348099,15,pytorch_cpu,450,ok,0.045711
pytorch,86.748747,,op,aten::sub,2.100833,1.089773,0.183333,ssd_mobilenet_v2,3.349102,7,pytorch_cpu,150,ok,0.626824
pytorch,97.061012,,op,aten::split,0.39545,0.30843,0.01365,ssd_mobilenet_v2,0.94787,12,pytorch_cpu,100,ok,0.147557
pytorch,99.983331,,op,aten::narrow,0.002995,0.00274,0.002539,ssd_mobilenet_v2,0.008421,40,pytorch_cpu,1072300,ok,0.000148
pytorch,99.861828,,op,aten::slice,0.007449,0.00634,0.005174,ssd_mobilenet_v2,0.019484,30,pytorch_cpu,1072300,ok,0.000811
pytorch,51.256971,,op,aten::upsample_bilinear2d,9.5488,8.10436,6.6967,ssd_mobilenet_v2,24.906404,2,pytorch_cpu,50,ok,1.171949
pytorch,99.527196,,op,aten::squeeze,0.100743,0.024817,0.004914,ssd_mobilenet_v2,0.076268,22,pytorch_cpu,350,ok,0.037972
pytorch,99.943278,,op,aten::unsqueeze,0.0047,0.004127,0.003633,ssd_mobilenet_v2,0.012683,36,pytorch_cpu,300,ok,0.000369
pytorch,99.450928,,op,aten::unbind,0.061688,0.02912,0.019071,ssd_mobilenet_v2,0.089492,21,pytorch_cpu,850,ok,0.016332
pytorch,99.904684,,op,aten::select,0.00572,0.004329,0.003331,ssd_mobilenet_v2,0.013304,33,pytorch_cpu,2950,ok,0.000859
pytorch,99.991241,,op,aten::item,0.002663,0.002574,0.002363,ssd_mobilenet_v2,0.00791,41,pytorch_cpu,2950,ok,0.00011
pytorch,99.842344,,op,aten::_local_scalar_dense,0.031558,0.006923,0.000219,ssd_mobilenet_v2,0.021276,29,pytorch_cpu,2950,ok,0.012335
pytorch,99.821068,,op,aten::reshape,0.008732,0.007813,0.007301,ssd_mobilenet_v2,0.024011,28,pytorch_cpu,360350,ok,0.00051
pytorch,99.877551,,op,aten::_reshape_alias,0.005555,0.005116,0.004588,ssd_mobilenet_v2,0.015723,31,pytorch_cpu,359850,ok,0.000327
pytorch,99.670235,,op,aten::pad,0.03106,0.022304,0.01478,ssd_mobilenet_v2,0.068545,24,pytorch_cpu,250,ok,0.005364
pytorch,99.361436,,op,aten::constant_pad_nd,0.03926,0.035984,0.03174,ssd_mobilenet_v2,0.110586,20,pytorch_cpu,250,ok,0.002776
pytorch,83.399645,,op,aten::fill_,1.7671,1.100464,0.67662,ssd_mobilenet_v2,3.381957,6,pytorch_cpu,250,ok,0.428401
pytorch,80.017688,,op,aten::_convolution,1.633858,1.563005,1.461017,ssd_mobilenet_v2,4.803443,5,pytorch_cpu,3600,ok,0.056514
pytorch,99.97491,,op,aten::thnn_conv2d,0.003022,0.002894,0.002857,ssd_mobilenet_v2,0.008894,39,pytorch_cpu,359550,ok,6.4e-05
pytorch,98.109462,,op,aten::_slow_conv2d_forward,0.183415,0.169708,0.161845,ssd_mobilenet_v2,0.521548,14,pytorch_cpu,359550,ok,0.007564
pytorch,99.917669,,op,aten::view,0.0045,0.004225,0.003682,ssd_mobilenet_v2,0.012984,34,pytorch_cpu,362050,ok,0.000292
pytorch,99.89138,,op,aten::resize_,0.005115,0.0045,0.003933,ssd_mobilenet_v2,0.013829,32,pytorch_cpu,359550,ok,0.000488
pytorch,99.797057,,op,aten::hardtanh,0.013133,0.012676,0.012047,ssd_mobilenet_v2,0.038956,27,pytorch_cpu,4300,ok,0.000364
pytorch,98.700253,,op,aten::empty_strided,0.106098,0.07897,0.041091,ssd_mobilenet_v2,0.242691,16,pytorch_cpu,2150,ok,0.023755
pytorch,92.192543,,op,aten::clamp,1.057656,0.860755,0.727014,ssd_mobilenet_v2,2.645281,9,pytorch_cpu,2150,ok,0.129352
pytorch,94.650355,,op,aten::cat,0.92048,0.799754,0.668275,ssd_mobilenet_v2,2.457812,10,pytorch_cpu,1000,ok,0.081917
pytorch,99.955217,,op,aten::detach,0.004002,0.003885,0.003746,ssd_mobilenet_v2,0.011939,37,pytorch_cpu,2500,ok,8.4e-05
pytorch,97.587914,,op,aten::add,0.206221,0.17145,0.150529,ssd_mobilenet_v2,0.526902,13,pytorch_cpu,700,ok,0.020259
pytorch,99.930595,,op,aten::_unsafe_view,0.0044,0.004206,0.00405,ssd_mobilenet_v2,0.012926,35,pytorch_cpu,500,ok,0.000127
pytorch,99.718669,,op,aten::batch_norm,0.0186,0.01576,0.0082,ssd_mobilenet_v2,0.048434,25,pytorch_cpu,50,ok,0.003813
pytorch,99.60169,,op,aten::_batch_norm_impl_index,0.0277,0.02424,0.0116,ssd_mobilenet_v2,0.074495,23,pytorch_cpu,50,ok,0.006322
pytorch,96.113142,,op,aten::native_batch_norm,0.618,0.47598,0.0253,ssd_mobilenet_v2,1.462787,11,pytorch_cpu,50,ok,0.22931
pytorch,75.214244,,op,aten::sigmoid,4.4189,3.16674,1.7986,ssd_mobilenet_v2,9.732058,4,pytorch_cpu,50,ok,0.933034
pytorch,99.103843,,op,aten::exp,0.064,0.05581,0.04585,ssd_mobilenet_v2,0.171516,18,pytorch_cpu,100,ok,0.006426
pytorch,61.185826,,op,forward,2.8024,2.76682,2.7139,ssd_mobilenet_v2,61.185826,1,pytorch_cuda,50,ok,0.030964
pytorch,99.065479,,op,aten::permute,0.007157,0.006991,0.006807,ssd_mobilenet_v2,0.1546,29,pytorch_cuda,700,ok,0.000125
pytorch,99.997457,,op,aten::as_strided,0.0017,0.001665,0.001606,ssd_mobilenet_v2,0.03682,39,pytorch_cuda,5050,ok,3.2e-05
pytorch,98.910879,,op,aten::contiguous,0.0109,0.008,0.0071,ssd_mobilenet_v2,0.176913,28,pytorch_cuda,50,ok,0.001459
pytorch,98.556168,,op,aten::clone,0.008418,0.008073,0.007773,ssd_mobilenet_v2,0.178527,26,pytorch_cuda,550,ok,0.000229
pytorch,99.539827,,op,aten::empty_like,0.004673,0.00444,0.004236,ssd_mobilenet_v2,0.098187,33,pytorch_cuda,2750,ok,0.000184
pytorch,98.377641,,op,aten::empty,0.008536,0.008491,0.008455,ssd_mobilenet_v2,0.187771,25,pytorch_cuda,4850,ok,2.8e-05
pytorch,87.648372,,op,aten::copy_,0.081375,0.079088,0.07365,ssd_mobilenet_v2,1.748963,8,pytorch_cuda,800,ok,0.002781
pytorch,97.512602,,op,aten::split,0.0135,0.01175,0.01095,ssd_mobilenet_v2,0.259841,21,pytorch_cuda,100,ok,0.000906
pytorch,99.810814,,op,aten::narrow,0.004253,0.003993,0.003813,ssd_mobilenet_v2,0.088302,36,pytorch_cuda,750,ok,0.000152
pytorch,99.334917,,op,aten::slice,0.0057,0.005468,0.005307,ssd_mobilenet_v2,0.12092,31,pytorch_cuda,750,ok,0.000138
pytorch,83.828642,,op,aten::upsample_bilinear2d,0.1111,0.1094,0.1069,ssd_mobilenet_v2,2.419286,6,pytorch_cuda,50,ok,0.001649
pytorch,99.44164,,op,aten::squeeze,0.004943,0.004826,0.004743,ssd_mobilenet_v2,0.106723,32,pytorch_cuda,350,ok,7.6e-05
pytorch,99.889319,,op,aten::unsqueeze,0.003617,0.00355,0.003483,ssd_mobilenet_v2,0.078505,37,pytorch_cuda,300,ok,5.3e-05
pytorch,96.114414,,op,aten::unbind,0.016618,0.016356,0.016071,ssd_mobilenet_v2,0.361699,16,pytorch_cuda,850,ok,0.000173
pytorch,99.960637,,op,aten::select,0.003364,0.003225,0.003164,ssd_mobilenet_v2,0.071318,38,pytorch_cuda,2950,ok,7.5e-05
pytorch,99.722512,,op,aten::item,0.004193,0.004097,0.004,ssd_mobilenet_v2,0.090602,35,pytorch_cuda,2950,ok,7e-05
pytorch,71.647403,,op,aten::_local_scalar_dense,0.476371,0.473072,0.469336,ssd_mobilenet_v2,10.461577,2,pytorch_cuda,2950,ok,0.002452
pytorch,96.703358,,op,aten::reshape,0.013461,0.013112,0.012841,ssd_mobilenet_v2,0.289961,18,pytorch_cuda,3550,ok,0.000208
pytorch,99.213997,,op,aten::_reshape_alias,0.006867,0.006716,0.006534,ssd_mobilenet_v2,0.148519,30,pytorch_cuda,3050,ok,0.000137
pytorch,97.252761,,op,aten::pad,0.01544,0.012324,0.01102,ssd_mobilenet_v2,0.272535,20,pytorch_cuda,250,ok,0.001628
pytorch,95.752715,,op,aten::constant_pad_nd,0.027,0.026284,0.02514,ssd_mobilenet_v2,0.581248,15,pytorch_cuda,250,ok,0.000657
pytorch,91.892317,,op,aten::fill_,0.06602,0.061876,0.05774,ssd_mobilenet_v2,1.368334,11,pytorch_cuda,250,ok,0.002676
pytorch,95.171467,,op,aten::_convolution,0.028628,0.028033,0.027265,ssd_mobilenet_v2,0.619925,14,pytorch_cuda,3600,ok,0.000451
pytorch,76.138519,,op,aten::cudnn_convolution,0.207333,0.203088,0.19612,ssd_mobilenet_v2,4.491115,3,pytorch_cuda,2750,ok,0.003724
pytorch,90.523983,,op,aten::add_,0.064528,0.063535,0.061391,ssd_mobilenet_v2,1.405021,10,pytorch_cuda,2700,ok,0.001134
pytorch,97.980029,,op,aten::hardtanh,0.010552,0.010285,0.01018,ssd_mobilenet_v2,0.227444,23,pytorch_cuda,4300,ok,0.00014
pytorch,97.752585,,op,aten::empty_strided,0.011284,0.010852,0.010447,ssd_mobilenet_v2,0.239983,22,pytorch_cuda,2150,ok,0.000304
pytorch,93.230444,,op,aten::clamp,0.061402,0.06051,0.05773,ssd_mobilenet_v2,1.338126,12,pytorch_cuda,2150,ok,0.001396
pytorch,100.0,,op,aten::to,0.00024,0.000115,6.7e-05,ssd_mobilenet_v2,0.002543,40,pytorch_cuda,2150,ok,6.5e-05
pytorch,94.551542,,op,aten::_conv_depthwise2d,0.061224,0.05974,0.058859,ssd_mobilenet_v2,1.321098,13,pytorch_cuda,850,ok,0.000803
pytorch,98.18987,,op,aten::resize_,0.009982,0.009489,0.008965,ssd_mobilenet_v2,0.209841,24,pytorch_cuda,850,ok,0.000325
pytorch,89.118962,,op,aten::add,0.06752,0.0665,0.06538,ssd_mobilenet_v2,1.47059,9,pytorch_cuda,500,ok,0.000828
pytorch,99.63191,,op,aten::_unsafe_view,0.00452,0.004164,0.00391,ssd_mobilenet_v2,0.092083,34,pytorch_cuda,500,ok,0.000207
pytorch,96.980227,,op,aten::batch_norm,0.013,0.01252,0.0122,ssd_mobilenet_v2,0.276869,19,pytorch_cuda,50,ok,0.000279
pytorch,96.413397,,op,aten::_batch_norm_impl_index,0.0136,0.01352,0.0134,ssd_mobilenet_v2,0.298983,17,pytorch_cuda,50,ok,7.5e-05
pytorch,78.902785,,op,aten::cudnn_batch_norm,0.1285,0.125,0.1173,ssd_mobilenet_v2,2.764267,4,pytorch_cuda,50,ok,0.003969
pytorch,98.733966,,op,aten::view,0.0082,0.00804,0.0079,ssd_mobilenet_v2,0.177798,27,pytorch_cuda,50,ok,0.00012
pytorch,81.409356,,op,aten::cat,0.117467,0.113347,0.1051,ssd_mobilenet_v2,2.506571,5,pytorch_cuda,150,ok,0.004384
pytorch,85.899409,,op,aten::sigmoid,0.1015,0.09364,0.0864,ssd_mobilenet_v2,2.070767,7,pytorch_cuda,50,ok,0.00487
,,"module 'numpy' has no attribute 'bool'.
`np.bool` was a deprecated alias for the builtin `bool`. To avoid this error in existing code, use `bool` by itself. Doing this will not modify any behavior and is safe. If you specifically wanted the numpy scalar type, use `np.bool_` here.
The aliases was originally deprecated in NumPy 1.20; for more details and guidance see the original release note at:
    https://numpy.org/devdocs/release/1.20.0-notes.html#deprecations",,,,,,ssd_mobilenet_v2,,,tensorrt_fp32,0,error,
,,"module 'numpy' has no attribute 'bool'.
`np.bool` was a deprecated alias for the builtin `bool`. To avoid this error in existing code, use `bool` by itself. Doing this will not modify any behavior and is safe. If you specifically wanted the numpy scalar type, use `np.bool_` here.
The aliases was originally deprecated in NumPy 1.20; for more details and guidance see the original release note at:
    https://numpy.org/devdocs/release/1.20.0-notes.html#deprecations",,,,,,ssd_mobilenet_v2,,,tensorrt_fp16,0,error,
,,"module 'numpy' has no attribute 'bool'.
`np.bool` was a deprecated alias for the builtin `bool`. To avoid this error in existing code, use `bool` by itself. Doing this will not modify any behavior and is safe. If you specifically wanted the numpy scalar type, use `np.bool_` here.
The aliases was originally deprecated in NumPy 1.20; for more details and guidance see the original release note at:
    https://numpy.org/devdocs/release/1.20.0-notes.html#deprecations",,,,,,ssd_mobilenet_v2,,,tensorrt_int8,0,error,
onnxruntime,79.830035,,onnx_node,model_loading_uri,281.044,281.044,281.044,ssd_mobilenet_v2,8.015133,2,onnxrt_cuda,1,ok,0.0
onnxruntime,71.814902,,onnx_node,session_initialization,2518.13,2518.13,2518.13,ssd_mobilenet_v2,71.814902,1,onnxrt_cuda,1,ok,0.0
onnxruntime,99.992273,,onnx_node,Cast:StatefulPartitionedCall/Cast_fence_before,0.002,0.001383,0.001,ssd_mobilenet_v2,3.9e-05,233,onnxrt_cuda,60,ok,0.000486
onnxruntime,99.797794,,onnx_node,Cast:StatefulPartitionedCall/Cast_kernel_time,0.217,0.123683,0.1,ssd_mobilenet_v2,0.003527,83,onnxrt_cuda,60,ok,0.022201
onnxruntime,99.992984,,onnx_node,Cast:StatefulPartitionedCall/Cast_fence_after,0.001,0.001,0.001,ssd_mobilenet_v2,2.9e-05,256,onnxrt_cuda,3,ok,0.0
onnxruntime,99.993013,,onnx_node,Mul:StatefulPartitionedCall/Preprocessor/mul_fence_before,0.001,0.001,0.001,ssd_mobilenet_v2,2.9e-05,257,onnxrt_cuda,60,ok,0.0
onnxruntime,99.805749,,onnx_node,Mul:StatefulPartitionedCall/Preprocessor/mul_kernel_time,0.157,0.090483,0.073,ssd_mobilenet_v2,0.00258,86,onnxrt_cuda,60,ok,0.019159
onnxruntime,99.821653,,onnx_node,Sub:StatefulPartitionedCall/Preprocessor/sub_kernel_time,0.097,0.0747,0.061,ssd_mobilenet_v2,0.00213,93,onnxrt_cuda,60,ok,0.012516
onnxruntime,99.991657,,onnx_node,Split:StatefulPartitionedCall/Preprocessor/unstack_fence_before,0.054,0.002559,0.001,ssd_mobilenet_v2,7.3e-05,222,onnxrt_cuda,34,ok,0.008955
onnxruntime,99.768198,,onnx_node,Split:StatefulPartitionedCall/Preprocessor/unstack_kernel_time,1.252,0.326917,0.255,ssd_mobilenet_v2,0.009323,78,onnxrt_cuda,60,ok,0.133777
onnxruntime,99.993041,,onnx_node,Transpose:Transpose__24_fence_before,0.001,0.001,0.001,ssd_mobilenet_v2,2.9e-05,258,onnxrt_cuda,3,ok,0.0
onnxruntime,99.810684,,onnx_node,Transpose:Transpose__24_kernel_time,0.155,0.084383,0.069,ssd_mobilenet_v2,0.002407,88,onnxrt_cuda,60,ok,0.016746
onnxruntime,99.99307,,onnx_node,Shape:Shape__30_fence_before,0.001,0.001,0.001,ssd_mobilenet_v2,2.9e-05,259,onnxrt_cuda,3,ok,0.0
onnxruntime,99.974154,,onnx_node,Shape:Shape__30_kernel_time,0.091,0.02415,0.021,ssd_mobilenet_v2,0.000689,184,onnxrt_cuda,60,ok,0.012141
onnxruntime,99.964285,,onnx_node,Slice:Slice__33_kernel_time,0.04,0.0363,0.034,ssd_mobilenet_v2,0.001035,171,onnxrt_cuda,60,ok,0.001256
onnxruntime,99.965187,,onnx_node,Concat:Concat__35_kernel_time,0.103,0.031617,0.027,ssd_mobilenet_v2,0.000902,172,onnxrt_cuda,60,ok,0.012373
onnxruntime,99.794267,,onnx_node,Resize:Resize__36_kernel_time,0.231,0.144617,0.12,ssd_mobilenet_v2,0.004124,82,onnxrt_cuda,60,ok,0.024868
onnxruntime,99.993098,,onnx_node,Squeeze:StatefulPartitionedCall/Preprocessor/ResizeImage/resize/Squeeze_fence_before,0.001,0.001,0.001,ssd_mobilenet_v2,2.9e-05,260,onnxrt_cuda,59,ok,0.0
onnxruntime,99.974843,,onnx_node,Squeeze:StatefulPartitionedCall/Preprocessor/ResizeImage/resize/Squeeze_kernel_time,0.03,0.02415,0.023,ssd_mobilenet_v2,0.000689,185,onnxrt_cuda,60,ok,0.001152
onnxruntime,99.973465,,onnx_node,Unsqueeze:StatefulPartitionedCall/Preprocessor/stack_kernel_time,0.144,0.0245,0.02,ssd_mobilenet_v2,0.000699,183,onnxrt_cuda,60,ok,0.018027
onnxruntime,99.993127,,onnx_node,Reshape:StatefulPartitionedCall/ssd_mobile_net_v2keras_feature_extractor/functional_1/Conv1/Conv2D__39_fence_before,0.001,0.001,0.001,ssd_mobilenet_v2,2.9e-05,261,onnxrt_cuda,49,ok,0.0
onnxruntime,99.975524,,onnx_node,Reshape:StatefulPartitionedCall/ssd_mobile_net_v2keras_feature_extractor/functional_1/Conv1/Conv2D__39_kernel_time,0.082,0.023883,0.021,ssd_mobilenet_v2,0.000681,186,onnxrt_cuda,60,ok,0.007657
onnxruntime,99.993155,,onnx_node,Conv:StatefulPartitionedCall/ssd_mobile_net_v2keras_feature_extractor/functional_1/Conv1/Conv2D_fence_before,0.001,0.001,0.001,ssd_mobilenet_v2,2.9e-05,262,onnxrt_cuda,55,ok,0.0
onnxruntime,94.420028,,onnx_node,Conv:StatefulPartitionedCall/ssd_mobile_net_v2keras_feature_extractor/functional_1/Conv1/Conv2D_kernel_time,1651.414,28.707683,0.476,ssd_mobilenet_v2,0.818718,5,onnxrt_cuda,60,ok,211.321866
onnxruntime,99.993184,,onnx_node,Conv:StatefulPartitionedCall/ssd_mobile_net_v2keras_feature_extractor/functional_1/Conv1/Conv2D_fence_after,0.001,0.001,0.001,ssd_mobilenet_v2,2.9e-05,263,onnxrt_cuda,15,ok,0.0
onnxruntime,99.993212,,onnx_node,Clip:StatefulPartitionedCall/ssd_mobile_net_v2keras_feature_extractor/functional_1/Conv1_relu/Relu6_fence_before,0.001,0.001,0.001,ssd_mobilenet_v2,2.9e-05,264,onnxrt_cuda,46,ok,0.0
onnxruntime,99.817354,,onnx_node,Clip:StatefulPartitionedCall/ssd_mobile_net_v2keras_feature_extractor/functional_1/Conv1_relu/Relu6_kernel_time,0.17,0.0764,0.068,ssd_mobilenet_v2,0.002179,91,onnxrt_cuda,60,ok,0.013135
onnxruntime,99.993241,,onnx_node,Conv:StatefulPartitionedCall/ssd_mobile_net_v2keras_feature_extractor/functional_1/expanded_conv_depthwise/depthwise_fence_before,0.001,0.001,0.001,ssd_mobilenet_v2,2.9e-05,265,onnxrt_cuda,49,ok,0.0
onnxruntime,96.67313,,onnx_node,Conv:StatefulPartitionedCall/ssd_mobile_net_v2keras_feature_extractor/functional_1/expanded_conv_depthwise/depthwise_kernel_time,597.647,10.13015,0.161,ssd_mobilenet_v2,0.288903,11,onnxrt_cuda,60,ok,76.48818
onnxruntime,99.993269,,onnx_node,Conv:StatefulPartitionedCall/ssd_mobile_net_v2keras_feature_extractor/functional_1/expanded_conv_depthwise/depthwise_fence_after,0.001,0.001,0.001,ssd_mobilenet_v2,2.9e-05,266,onnxrt_cuda,2,ok,0.0
onnxruntime,99.993298,,onnx_node,Clip:StatefulPartitionedCall/ssd_mobile_net_v2keras_feature_extractor/functional_1/expanded_conv_depthwise_relu/Relu6_fence_before,0.001,0.001,0.001,ssd_mobilenet_v2,2.9e-05,267,onnxrt_cuda,14,ok,0.0
onnxruntime,99.838008,,onnx_node,Clip:StatefulPartitionedCall/ssd_mobile_net_v2keras_feature_extractor/functional_1/expanded_conv_depthwise_relu/Relu6_kernel_time,0.187,0.069283,0.058,ssd_mobilenet_v2,0.001976,101,onnxrt_cuda,60,ok,0.023598
onnxruntime,99.993327,,onnx_node,Conv:StatefulPartitionedCall/ssd_mobile_net_v2keras_feature_extractor/functional_1/expanded_conv_project/Conv2D_fence_before,0.001,0.001,0.001,ssd_mobilenet_v2,2.9e-05,268,onnxrt_cuda,48,ok,0.0
onnxruntime,98.816616,,onnx_node,Conv:StatefulPartitionedCall/ssd_mobile_net_v2keras_feature_extractor/functional_1/expanded_conv_project/Conv2D_kernel_time,30.118,0.81815,0.281,ssd_mobilenet_v2,0.023333,25,onnxrt_cuda,60,ok,3.814727
onnxruntime,99.993355,,onnx_node,Conv:StatefulPartitionedCall/ssd_mobile_net_v2keras_feature_extractor/functional_1/expanded_conv_project/Conv2D_fence_after,0.001,0.001,0.001,ssd_mobilenet_v2,2.9e-05,269,onnxrt_cuda,6,ok,0.0
onnxruntime,99.992781,,onnx_node,Conv:StatefulPartitionedCall/ssd_mobile_net_v2keras_feature_extractor/functional_1/block_1_expand/Conv2D_fence_before,0.002,0.001029,0.001,ssd_mobilenet_v2,2.9e-05,249,onnxrt_cuda,35,ok,0.000167
onnxruntime,98.768824,,onnx_node,Conv:StatefulPartitionedCall/ssd_mobile_net_v2keras_feature_extractor/functional_1/block_1_expand/Conv2D_kernel_time,40.396,0.995367,0.296,ssd_mobilenet_v2,0.028387,23,onnxrt_cuda,60,ok,5.129641
onnxruntime,99.993384,,onnx_node,Conv:StatefulPartitionedCall/ssd_mobile_net_v2keras_feature_extractor/functional_1/block_1_expand/Conv2D_fence_after,0.001,0.001,0.001,ssd_mobilenet_v2,2.9e-05,270,onnxrt_cuda,7,ok,0.0
onnxruntime,99.992507,,onnx_node,Clip:StatefulPartitionedCall/ssd_mobile_net_v2keras_feature_extractor/functional_1/block_1_expand_relu/Relu6_fence_before,0.003,0.001133,0.001,ssd_mobilenet_v2,3.2e-05,240,onnxrt_cuda,15,ok,0.000499
onnxruntime,99.827883,,onnx_node,Clip:StatefulPartitionedCall/ssd_mobile_net_v2keras_feature_extractor/functional_1/block_1_expand_relu/Relu6_kernel_time,0.161,0.07235,0.064,ssd_mobilenet_v2,0.002063,96,onnxrt_cuda,60,ok,0.013627
onnxruntime,99.993412,,onnx_node,Clip:StatefulPartitionedCall/ssd_mobile_net_v2keras_feature_extractor/functional_1/block_1_expand_relu/Relu6_fence_after,0.001,0.001,0.001,ssd_mobilenet_v2,2.9e-05,271,onnxrt_cuda,1,ok,0.0
onnxruntime,99.993441,,onnx_node,Conv:StatefulPartitionedCall/ssd_mobile_net_v2keras_feature_extractor/functional_1/block_1_depthwise/depthwise_fence_before,0.001,0.001,0.001,ssd_mobilenet_v2,2.9e-05,272,onnxrt_cuda,38,ok,0.0
onnxruntime,95.462834,,onnx_node,Conv:StatefulPartitionedCall/ssd_mobile_net_v2keras_feature_extractor/functional_1/block_1_depthwise/depthwise_kernel_time,1022.623,17.264417,0.196,ssd_mobilenet_v2,0.492366,7,onnxrt_cuda,60,ok,130.886542
onnxruntime,99.993469,,onnx_node,Conv:StatefulPartitionedCall/ssd_mobile_net_v2keras_feature_extractor/functional_1/block_1_depthwise/depthwise_fence_after,0.001,0.001,0.001,ssd_mobilenet_v2,2.9e-05,273,onnxrt_cuda,1,ok,0.0
onnxruntime,99.993498,,onnx_node,Clip:StatefulPartitionedCall/ssd_mobile_net_v2keras_feature_extractor/functional_1/block_1_depthwise_relu/Relu6_fence_before,0.001,0.001,0.001,ssd_mobilenet_v2,2.9e-05,274,onnxrt_cuda,5,ok,0.0
onnxruntime,99.891253,,onnx_node,Clip:StatefulPartitionedCall/ssd_mobile_net_v2keras_feature_extractor/functional_1/block_1_depthwise_relu/Relu6_kernel_time,0.11,0.06465,0.057,ssd_mobilenet_v2,0.001844,129,onnxrt_cuda,60,ok,0.009046
onnxruntime,99.993526,,onnx_node,Conv:StatefulPartitionedCall/ssd_mobile_net_v2keras_feature_extractor/functional_1/block_1_project/Conv2D_fence_before,0.001,0.001,0.001,ssd_mobilenet_v2,2.9e-05,275,onnxrt_cuda,11,ok,0.0
onnxruntime,99.210397,,onnx_node,Conv:StatefulPartitionedCall/ssd_mobile_net_v2keras_feature_extractor/functional_1/block_1_project/Conv2D_kernel_time,27.378,0.664283,0.189,ssd_mobilenet_v2,0.018945,44,onnxrt_cuda,60,ok,3.477885
onnxruntime,99.993555,,onnx_node,Conv:StatefulPartitionedCall/ssd_mobile_net_v2keras_feature_extractor/functional_1/block_1_project/Conv2D_fence_after,0.001,0.001,0.001,ssd_mobilenet_v2,2.9e-05,276,onnxrt_cuda,6,ok,0.0
onnxruntime,99.993583,,onnx_node,Conv:StatefulPartitionedCall/ssd_mobile_net_v2keras_feature_extractor/functional_1/block_2_expand/Conv2D_fence_before,0.001,0.001,0.001,ssd_mobilenet_v2,2.9e-05,277,onnxrt_cuda,9,ok,0.0
onnxruntime,98.971956,,onnx_node,Conv:StatefulPartitionedCall/ssd_mobile_net_v2keras_feature_extractor/functional_1/block_2_expand/Conv2D_kernel_time,29.696,0.754567,0.248,ssd_mobilenet_v2,0.02152,32,onnxrt_cuda,60,ok,3.767887
onnxruntime,99.993612,,onnx_node,Conv:StatefulPartitionedCall/ssd_mobile_net_v2keras_feature_extractor/functional_1/block_2_expand/Conv2D_fence_after,0.001,0.001,0.001,ssd_mobilenet_v2,2.9e-05,278,onnxrt_cuda,1,ok,0.0
onnxruntime,99.99364,,onnx_node,Clip:StatefulPartitionedCall/ssd_mobile_net_v2keras_feature_extractor/functional_1/block_2_expand_relu/Relu6_fence_before,0.001,0.001,0.001,ssd_mobilenet_v2,2.9e-05,279,onnxrt_cuda,2,ok,0.0
onnxruntime,99.876384,,onnx_node,Clip:StatefulPartitionedCall/ssd_mobile_net_v2keras_feature_extractor/functional_1/block_2_expand_relu/Relu6_kernel_time,0.165,0.065933,0.06,ssd_mobilenet_v2,0.00188,121,onnxrt_cuda,60,ok,0.013164
onnxruntime,99.993669,,onnx_node,Clip:StatefulPartitionedCall/ssd_mobile_net_v2keras_feature_extractor/functional_1/block_2_expand_relu/Relu6_fence_after,0.001,0.001,0.001,ssd_mobilenet_v2,2.9e-05,280,onnxrt_cuda,1,ok,0.0
onnxruntime,99.993697,,onnx_node,Conv:StatefulPartitionedCall/ssd_mobile_net_v2keras_feature_extractor/functional_1/block_2_depthwise/depthwise_fence_before,0.001,0.001,0.001,ssd_mobilenet_v2,2.9e-05,281,onnxrt_cuda,5,ok,0.0
onnxruntime,94.970467,,onnx_node,Conv:StatefulPartitionedCall/ssd_mobile_net_v2keras_feature_extractor/functional_1/block_2_depthwise/depthwise_kernel_time,1149.719,19.3007,0.13,ssd_mobilenet_v2,0.550439,6,onnxrt_cuda,60,ok,147.167929
onnxruntime,99.993726,,onnx_node,Conv:StatefulPartitionedCall/ssd_mobile_net_v2keras_feature_extractor/functional_1/block_2_depthwise/depthwise_fence_after,0.001,0.001,0.001,ssd_mobilenet_v2,2.9e-05,282,onnxrt_cuda,1,ok,0.0
onnxruntime,99.993754,,onnx_node,Clip:StatefulPartitionedCall/ssd_mobile_net_v2keras_feature_extractor/functional_1/block_2_depthwise_relu/Relu6_fence_before,0.001,0.001,0.001,ssd_mobilenet_v2,2.9e-05,283,onnxrt_cuda,5,ok,0.0
onnxruntime,99.925737,,onnx_node,Clip:StatefulPartitionedCall/ssd_mobile_net_v2keras_feature_extractor/functional_1/block_2_depthwise_relu/Relu6_kernel_time,0.127,0.06265,0.058,ssd_mobilenet_v2,0.001787,148,onnxrt_cuda,60,ok,0.010273
onnxruntime,99.993783,,onnx_node,Conv:StatefulPartitionedCall/ssd_mobile_net_v2keras_feature_extractor/functional_1/block_2_project/Conv2D_fence_before,0.001,0.001,0.001,ssd_mobilenet_v2,2.9e-05,284,onnxrt_cuda,6,ok,0.0
onnxruntime,99.114547,,onnx_node,Conv:StatefulPartitionedCall/ssd_mobile_net_v2keras_feature_extractor/functional_1/block_2_project/Conv2D_kernel_time,29.419,0.696517,0.193,ssd_mobilenet_v2,0.019864,39,onnxrt_cuda,60,ok,3.739439
onnxruntime,99.993811,,onnx_node,Conv:StatefulPartitionedCall/ssd_mobile_net_v2keras_feature_extractor/functional_1/block_2_project/Conv2D_fence_after,0.001,0.001,0.001,ssd_mobilenet_v2,2.9e-05,285,onnxrt_cuda,2,ok,0.0
onnxruntime,99.992869,,onnx_node,Add:StatefulPartitionedCall/ssd_mobile_net_v2keras_feature_extractor/functional_1/block_2_add/add_fence_before,0.002,0.001019,0.001,ssd_mobilenet_v2,2.9e-05,252,onnxrt_cuda,54,ok,0.000135
onnxruntime,99.829942,,onnx_node,Add:StatefulPartitionedCall/ssd_mobile_net_v2keras_feature_extractor/functional_1/block_2_add/add_kernel_time,0.133,0.0722,0.065,ssd_mobilenet_v2,0.002059,97,onnxrt_cuda,60,ok,0.009828
onnxruntime,99.98875,,onnx_node,Conv:StatefulPartitionedCall/ssd_mobile_net_v2keras_feature_extractor/functional_1/block_3_expand/Conv2D_fence_before,0.034,0.0175,0.001,ssd_mobilenet_v2,0.000499,207,onnxrt_cuda,2,ok,0.0165
onnxruntime,98.906725,,onnx_node,Conv:StatefulPartitionedCall/ssd_mobile_net_v2keras_feature_extractor/functional_1/block_3_expand/Conv2D_kernel_time,30.298,0.77005,0.233,ssd_mobilenet_v2,0.021961,29,onnxrt_cuda,60,ok,3.844332
onnxruntime,99.99384,,onnx_node,Conv:StatefulPartitionedCall/ssd_mobile_net_v2keras_feature_extractor/functional_1/block_3_expand/Conv2D_fence_after,0.001,0.001,0.001,ssd_mobilenet_v2,2.9e-05,286,onnxrt_cuda,2,ok,0.0
onnxruntime,99.993868,,onnx_node,Clip:StatefulPartitionedCall/ssd_mobile_net_v2keras_feature_extractor/functional_1/block_3_expand_relu/Relu6_fence_before,0.001,0.001,0.001,ssd_mobilenet_v2,2.9e-05,287,onnxrt_cuda,6,ok,0.0
onnxruntime,99.849688,,onnx_node,Clip:StatefulPartitionedCall/ssd_mobile_net_v2keras_feature_extractor/functional_1/block_3_expand_relu/Relu6_kernel_time,0.144,0.0677,0.06,ssd_mobilenet_v2,0.001931,107,onnxrt_cuda,60,ok,0.012077
onnxruntime,99.993897,,onnx_node,Conv:StatefulPartitionedCall/ssd_mobile_net_v2keras_feature_extractor/functional_1/block_3_depthwise/depthwise_fence_before,0.001,0.001,0.001,ssd_mobilenet_v2,2.9e-05,288,onnxrt_cuda,23,ok,0.0
onnxruntime,97.849784,,onnx_node,Conv:StatefulPartitionedCall/ssd_mobile_net_v2keras_feature_extractor/functional_1/block_3_depthwise/depthwise_kernel_time,403.845,6.8851,0.135,ssd_mobilenet_v2,0.196357,16,onnxrt_cuda,60,ok,51.679781
onnxruntime,99.993925,,onnx_node,Conv:StatefulPartitionedCall/ssd_mobile_net_v2keras_feature_extractor/functional_1/block_3_depthwise/depthwise_fence_after,0.001,0.001,0.001,ssd_mobilenet_v2,2.9e-05,289,onnxrt_cuda,3,ok,0.0
onnxruntime,99.993954,,onnx_node,Clip:StatefulPartitionedCall/ssd_mobile_net_v2keras_feature_extractor/functional_1/block_3_depthwise_relu/Relu6_fence_before,0.001,0.001,0.001,ssd_mobilenet_v2,2.9e-05,290,onnxrt_cuda,29,ok,0.0
onnxruntime,99.859284,,onnx_node,Clip:StatefulPartitionedCall/ssd_mobile_net_v2keras_feature_extractor/functional_1/block_3_depthwise_relu/Relu6_kernel_time,0.132,0.067183,0.058,ssd_mobilenet_v2,0.001916,112,onnxrt_cuda,60,ok,0.012996
onnxruntime,99.993982,,onnx_node,Clip:StatefulPartitionedCall/ssd_mobile_net_v2keras_feature_extractor/functional_1/block_3_depthwise_relu/Relu6_fence_after,0.001,0.001,0.001,ssd_mobilenet_v2,2.9e-05,291,onnxrt_cuda,2,ok,0.0
onnxruntime,99.994011,,onnx_node,Conv:StatefulPartitionedCall/ssd_mobile_net_v2keras_feature_extractor/functional_1/block_3_project/Conv2D_fence_before,0.001,0.001,0.001,ssd_mobilenet_v2,2.9e-05,292,onnxrt_cuda,19,ok,0.0
onnxruntime,99.47512,,onnx_node,Conv:StatefulPartitionedCall/ssd_mobile_net_v2keras_feature_extractor/functional_1/block_3_project/Conv2D_kernel_time,24.762,0.588083,0.162,ssd_mobilenet_v2,0.016772,59,onnxrt_cuda,60,ok,3.147246
onnxruntime,99.994039,,onnx_node,Conv:StatefulPartitionedCall/ssd_mobile_net_v2keras_feature_extractor/functional_1/block_3_project/Conv2D_fence_after,0.001,0.001,0.001,ssd_mobilenet_v2,2.9e-05,293,onnxrt_cuda,1,ok,0.0
onnxruntime,99.992144,,onnx_node,Conv:StatefulPartitionedCall/ssd_mobile_net_v2keras_feature_extractor/functional_1/block_4_expand/Conv2D_fence_before,0.017,0.001727,0.001,ssd_mobilenet_v2,4.9e-05,230,onnxrt_cuda,22,ok,0.003333
onnxruntime,99.49186,,onnx_node,Conv:StatefulPartitionedCall/ssd_mobile_net_v2keras_feature_extractor/functional_1/block_4_expand/Conv2D_kernel_time,25.533,0.586967,0.147,ssd_mobilenet_v2,0.01674,60,onnxrt_cuda,60,ok,3.247763
onnxruntime,99.994068,,onnx_node,Conv:StatefulPartitionedCall/ssd_mobile_net_v2keras_feature_extractor/functional_1/block_4_expand/Conv2D_fence_after,0.001,0.001,0.001,ssd_mobilenet_v2,2.9e-05,294,onnxrt_cuda,2,ok,0.0
onnxruntime,99.994097,,onnx_node,Clip:StatefulPartitionedCall/ssd_mobile_net_v2keras_feature_extractor/functional_1/block_4_expand_relu/Relu6_fence_before,0.001,0.001,0.001,ssd_mobilenet_v2,2.9e-05,295,onnxrt_cuda,12,ok,0.0
onnxruntime,99.894936,,onnx_node,Clip:StatefulPartitionedCall/ssd_mobile_net_v2keras_feature_extractor/functional_1/block_4_expand_relu/Relu6_kernel_time,0.141,0.06455,0.059,ssd_mobilenet_v2,0.001841,131,onnxrt_cuda,60,ok,0.01042
onnxruntime,99.994125,,onnx_node,Clip:StatefulPartitionedCall/ssd_mobile_net_v2keras_feature_extractor/functional_1/block_4_expand_relu/Relu6_fence_after,0.001,0.001,0.001,ssd_mobilenet_v2,2.9e-05,296,onnxrt_cuda,1,ok,0.0
onnxruntime,99.994154,,onnx_node,Conv:StatefulPartitionedCall/ssd_mobile_net_v2keras_feature_extractor/functional_1/block_4_depthwise/depthwise_fence_before,0.001,0.001,0.001,ssd_mobilenet_v2,2.9e-05,297,onnxrt_cuda,7,ok,0.0
onnxruntime,96.921836,,onnx_node,Conv:StatefulPartitionedCall/ssd_mobile_net_v2keras_feature_extractor/functional_1/block_4_depthwise/depthwise_kernel_time,515.177,8.720683,0.126,ssd_mobilenet_v2,0.248706,12,onnxrt_cuda,60,ok,65.934998
onnxruntime,99.994182,,onnx_node,Conv:StatefulPartitionedCall/ssd_mobile_net_v2keras_feature_extractor/functional_1/block_4_depthwise/depthwise_fence_after,0.001,0.001,0.001,ssd_mobilenet_v2,2.9e-05,298,onnxrt_cuda,2,ok,0.0
onnxruntime,99.994211,,onnx_node,Clip:StatefulPartitionedCall/ssd_mobile_net_v2keras_feature_extractor/functional_1/block_4_depthwise_relu/Relu6_fence_before,0.001,0.001,0.001,ssd_mobilenet_v2,2.9e-05,299,onnxrt_cuda,1,ok,0.0
onnxruntime,99.946869,,onnx_node,Clip:StatefulPartitionedCall/ssd_mobile_net_v2keras_feature_extractor/functional_1/block_4_depthwise_relu/Relu6_kernel_time,0.121,0.060933,0.054,ssd_mobilenet_v2,0.001738,160,onnxrt_cuda,60,ok,0.008356
onnxruntime,99.994239,,onnx_node,Conv:StatefulPartitionedCall/ssd_mobile_net_v2keras_feature_extractor/functional_1/block_4_project/Conv2D_fence_before,0.001,0.001,0.001,ssd_mobilenet_v2,2.9e-05,300,onnxrt_cuda,3,ok,0.0
onnxruntime,99.541547,,onnx_node,Conv:StatefulPartitionedCall/ssd_mobile_net_v2keras_feature_extractor/functional_1/block_4_project/Conv2D_kernel_time,25.653,0.57955,0.14,ssd_mobilenet_v2,0.016528,63,onnxrt_cuda,60,ok,3.264318
onnxruntime,99.994268,,onnx_node,Conv:StatefulPartitionedCall/ssd_mobile_net_v2keras_feature_extractor/functional_1/block_4_project/Conv2D_fence_after,0.001,0.001,0.001,ssd_mobilenet_v2,2.9e-05,301,onnxrt_cuda,1,ok,0.0
onnxruntime,99.991418,,onnx_node,Add:StatefulPartitionedCall/ssd_mobile_net_v2keras_feature_extractor/functional_1/block_4_add/add_fence_before,0.025,0.003,0.001,ssd_mobilenet_v2,8.6e-05,219,onnxrt_cuda,12,ok,0.006633
onnxruntime,99.823743,,onnx_node,Add:StatefulPartitionedCall/ssd_mobile_net_v2keras_feature_extractor/functional_1/block_4_add/add_kernel_time,0.238,0.073267,0.06,ssd_mobilenet_v2,0.00209,94,onnxrt_cuda,60,ok,0.028858
onnxruntime,99.074775,,onnx_node,Conv:StatefulPartitionedCall/ssd_mobile_net_v2keras_feature_extractor/functional_1/block_5_expand/Conv2D_kernel_time,25.474,0.702383,0.25,ssd_mobilenet_v2,0.020031,37,onnxrt_cuda,60,ok,3.225118
onnxruntime,99.994296,,onnx_node,Conv:StatefulPartitionedCall/ssd_mobile_net_v2keras_feature_extractor/functional_1/block_5_expand/Conv2D_fence_after,0.001,0.001,0.001,ssd_mobilenet_v2,2.9e-05,302,onnxrt_cuda,5,ok,0.0
onnxruntime,99.994325,,onnx_node,Clip:StatefulPartitionedCall/ssd_mobile_net_v2keras_feature_extractor/functional_1/block_5_expand_relu/Relu6_fence_before,0.001,0.001,0.001,ssd_mobilenet_v2,2.9e-05,303,onnxrt_cuda,9,ok,0.0
onnxruntime,99.902281,,onnx_node,Clip:StatefulPartitionedCall/ssd_mobile_net_v2keras_feature_extractor/functional_1/block_5_expand_relu/Relu6_kernel_time,0.128,0.064267,0.058,ssd_mobilenet_v2,0.001833,135,onnxrt_cuda,60,ok,0.008727
onnxruntime,99.994353,,onnx_node,Clip:StatefulPartitionedCall/ssd_mobile_net_v2keras_feature_extractor/functional_1/block_5_expand_relu/Relu6_fence_after,0.001,0.001,0.001,ssd_mobilenet_v2,2.9e-05,304,onnxrt_cuda,1,ok,0.0
onnxruntime,99.994382,,onnx_node,Conv:StatefulPartitionedCall/ssd_mobile_net_v2keras_feature_extractor/functional_1/block_5_depthwise/depthwise_fence_before,0.001,0.001,0.001,ssd_mobilenet_v2,2.9e-05,305,onnxrt_cuda,14,ok,0.0
onnxruntime,97.168449,,onnx_node,Conv:StatefulPartitionedCall/ssd_mobile_net_v2keras_feature_extractor/functional_1/block_5_depthwise/depthwise_kernel_time,510.655,8.647283,0.131,ssd_mobilenet_v2,0.246613,13,onnxrt_cuda,60,ok,65.355838
onnxruntime,99.99441,,onnx_node,Conv:StatefulPartitionedCall/ssd_mobile_net_v2keras_feature_extractor/functional_1/block_5_depthwise/depthwise_fence_after,0.001,0.001,0.001,ssd_mobilenet_v2,2.9e-05,306,onnxrt_cuda,3,ok,0.0
onnxruntime,99.994439,,onnx_node,Clip:StatefulPartitionedCall/ssd_mobile_net_v2keras_feature_extractor/functional_1/block_5_depthwise_relu/Relu6_fence_before,0.001,0.001,0.001,ssd_mobilenet_v2,2.9e-05,307,onnxrt_cuda,6,ok,0.0
onnxruntime,99.934626,,onnx_node,Clip:StatefulPartitionedCall/ssd_mobile_net_v2keras_feature_extractor/functional_1/block_5_depthwise_relu/Relu6_kernel_time,0.13,0.062083,0.057,ssd_mobilenet_v2,0.001771,153,onnxrt_cuda,60,ok,0.009149
onnxruntime,99.994467,,onnx_node,Conv:StatefulPartitionedCall/ssd_mobile_net_v2keras_feature_extractor/functional_1/block_5_project/Conv2D_fence_before,0.001,0.001,0.001,ssd_mobilenet_v2,2.9e-05,308,onnxrt_cuda,26,ok,0.0
onnxruntime,99.607042,,onnx_node,Conv:StatefulPartitionedCall/ssd_mobile_net_v2keras_feature_extractor/functional_1/block_5_project/Conv2D_kernel_time,25.12,0.572733,0.146,ssd_mobilenet_v2,0.016334,67,onnxrt_cuda,60,ok,3.195797
onnxruntime,99.994496,,onnx_node,Conv:StatefulPartitionedCall/ssd_mobile_net_v2keras_feature_extractor/functional_1/block_5_project/Conv2D_fence_after,0.001,0.001,0.001,ssd_mobilenet_v2,2.9e-05,309,onnxrt_cuda,1,ok,0.0
onnxruntime,99.994524,,onnx_node,Add:StatefulPartitionedCall/ssd_mobile_net_v2keras_feature_extractor/functional_1/block_5_add/add_fence_before,0.001,0.001,0.001,ssd_mobilenet_v2,2.9e-05,310,onnxrt_cuda,15,ok,0.0
onnxruntime,99.896776,,onnx_node,Add:StatefulPartitionedCall/ssd_mobile_net_v2keras_feature_extractor/functional_1/block_5_add/add_kernel_time,0.124,0.064517,0.06,ssd_mobilenet_v2,0.00184,132,onnxrt_cuda,60,ok,0.009713
onnxruntime,99.62322,,onnx_node,Conv:StatefulPartitionedCall/ssd_mobile_net_v2keras_feature_extractor/functional_1/block_6_expand/Conv2D_kernel_time,25.241,0.56725,0.14,ssd_mobilenet_v2,0.016177,68,onnxrt_cuda,60,ok,3.212258
onnxruntime,99.994553,,onnx_node,Conv:StatefulPartitionedCall/ssd_mobile_net_v2keras_feature_extractor/functional_1/block_6_expand/Conv2D_fence_after,0.001,0.001,0.001,ssd_mobilenet_v2,2.9e-05,311,onnxrt_cuda,2,ok,0.0
onnxruntime,99.994581,,onnx_node,Clip:StatefulPartitionedCall/ssd_mobile_net_v2keras_feature_extractor/functional_1/block_6_expand_relu/Relu6_fence_before,0.001,0.001,0.001,ssd_mobilenet_v2,2.9e-05,312,onnxrt_cuda,3,ok,0.0
onnxruntime,99.939903,,onnx_node,Clip:StatefulPartitionedCall/ssd_mobile_net_v2keras_feature_extractor/functional_1/block_6_expand_relu/Relu6_kernel_time,0.122,0.061317,0.057,ssd_mobilenet_v2,0.001749,156,onnxrt_cuda,60,ok,0.00808
onnxruntime,99.99461,,onnx_node,Conv:StatefulPartitionedCall/ssd_mobile_net_v2keras_feature_extractor/functional_1/block_6_depthwise/depthwise_fence_before,0.001,0.001,0.001,ssd_mobilenet_v2,2.9e-05,313,onnxrt_cuda,11,ok,0.0
onnxruntime,98.640978,,onnx_node,Conv:StatefulPartitionedCall/ssd_mobile_net_v2keras_feature_extractor/functional_1/block_6_depthwise/depthwise_kernel_time,247.736,4.314067,0.177,ssd_mobilenet_v2,0.123033,21,onnxrt_cuda,60,ok,31.690839
onnxruntime,99.994638,,onnx_node,Conv:StatefulPartitionedCall/ssd_mobile_net_v2keras_feature_extractor/functional_1/block_6_depthwise/depthwise_fence_after,0.001,0.001,0.001,ssd_mobilenet_v2,2.9e-05,314,onnxrt_cuda,1,ok,0.0
onnxruntime,99.994667,,onnx_node,Clip:StatefulPartitionedCall/ssd_mobile_net_v2keras_feature_extractor/functional_1/block_6_depthwise_relu/Relu6_fence_before,0.001,0.001,0.001,ssd_mobilenet_v2,2.9e-05,315,onnxrt_cuda,4,ok,0.0
onnxruntime,99.938154,,onnx_node,Clip:StatefulPartitionedCall/ssd_mobile_net_v2keras_feature_extractor/functional_1/block_6_depthwise_relu/Relu6_kernel_time,0.109,0.0618,0.055,ssd_mobilenet_v2,0.001762,155,onnxrt_cuda,60,ok,0.012892
onnxruntime,99.994695,,onnx_node,Conv:StatefulPartitionedCall/ssd_mobile_net_v2keras_feature_extractor/functional_1/block_6_project/Conv2D_fence_before,0.001,0.001,0.001,ssd_mobilenet_v2,2.9e-05,316,onnxrt_cuda,5,ok,0.0
onnxruntime,99.687162,,onnx_node,Conv:StatefulPartitionedCall/ssd_mobile_net_v2keras_feature_extractor/functional_1/block_6_project/Conv2D_kernel_time,23.699,0.555267,0.144,ssd_mobilenet_v2,0.015836,72,onnxrt_cuda,60,ok,3.013128
onnxruntime,99.994724,,onnx_node,Conv:StatefulPartitionedCall/ssd_mobile_net_v2keras_feature_extractor/functional_1/block_6_project/Conv2D_fence_after,0.001,0.001,0.001,ssd_mobilenet_v2,2.9e-05,317,onnxrt_cuda,1,ok,0.0
onnxruntime,99.558006,,onnx_node,Conv:StatefulPartitionedCall/ssd_mobile_net_v2keras_feature_extractor/functional_1/block_7_expand/Conv2D_kernel_time,25.421,0.5771,0.145,ssd_mobilenet_v2,0.016458,64,onnxrt_cuda,60,ok,3.234424
onnxruntime,99.991724,,onnx_node,Conv:StatefulPartitionedCall/ssd_mobile_net_v2keras_feature_extractor/functional_1/block_7_expand/Conv2D_fence_after,0.005,0.002333,0.001,ssd_mobilenet_v2,6.7e-05,223,onnxrt_cuda,3,ok,0.001886
onnxruntime,99.994752,,onnx_node,Clip:StatefulPartitionedCall/ssd_mobile_net_v2keras_feature_extractor/functional_1/block_7_expand_relu/Relu6_fence_before,0.001,0.001,0.001,ssd_mobilenet_v2,2.9e-05,318,onnxrt_cuda,21,ok,0.0
onnxruntime,99.845818,,onnx_node,Clip:StatefulPartitionedCall/ssd_mobile_net_v2keras_feature_extractor/functional_1/block_7_expand_relu/Relu6_kernel_time,0.262,0.068217,0.056,ssd_mobilenet_v2,0.001945,105,onnxrt_cuda,60,ok,0.027879
onnxruntime,99.994781,,onnx_node,Conv:StatefulPartitionedCall/ssd_mobile_net_v2keras_feature_extractor/functional_1/block_7_depthwise/depthwise_fence_before,0.001,0.001,0.001,ssd_mobilenet_v2,2.9e-05,319,onnxrt_cuda,15,ok,0.0
onnxruntime,98.184422,,onnx_node,Conv:StatefulPartitionedCall/ssd_mobile_net_v2keras_feature_extractor/functional_1/block_7_depthwise/depthwise_kernel_time,343.052,5.856333,0.126,ssd_mobilenet_v2,0.167018,18,onnxrt_cuda,60,ok,43.899145
onnxruntime,99.99481,,onnx_node,Conv:StatefulPartitionedCall/ssd_mobile_net_v2keras_feature_extractor/functional_1/block_7_depthwise/depthwise_fence_after,0.001,0.001,0.001,ssd_mobilenet_v2,2.9e-05,320,onnxrt_cuda,1,ok,0.0
onnxruntime,99.994838,,onnx_node,Clip:StatefulPartitionedCall/ssd_mobile_net_v2keras_feature_extractor/functional_1/block_7_depthwise_relu/Relu6_fence_before,0.001,0.001,0.001,ssd_mobilenet_v2,2.9e-05,321,onnxrt_cuda,6,ok,0.0
onnxruntime,99.936392,,onnx_node,Clip:StatefulPartitionedCall/ssd_mobile_net_v2keras_feature_extractor/functional_1/block_7_depthwise_relu/Relu6_kernel_time,0.148,0.0619,0.054,ssd_mobilenet_v2,0.001765,154,onnxrt_cuda,60,ok,0.011868
onnxruntime,99.994867,,onnx_node,Conv:StatefulPartitionedCall/ssd_mobile_net_v2keras_feature_extractor/functional_1/block_7_project/Conv2D_fence_before,0.001,0.001,0.001,ssd_mobilenet_v2,2.9e-05,322,onnxrt_cuda,8,ok,0.0
onnxruntime,99.337498,,onnx_node,Conv:StatefulPartitionedCall/ssd_mobile_net_v2keras_feature_extractor/functional_1/block_7_project/Conv2D_kernel_time,24.968,0.618,0.19,ssd_mobilenet_v2,0.017625,51,onnxrt_cuda,60,ok,3.170138
onnxruntime,99.994895,,onnx_node,Conv:StatefulPartitionedCall/ssd_mobile_net_v2keras_feature_extractor/functional_1/block_7_project/Conv2D_fence_after,0.001,0.001,0.001,ssd_mobilenet_v2,2.9e-05,323,onnxrt_cuda,1,ok,0.0
onnxruntime,99.994924,,onnx_node,Add:StatefulPartitionedCall/ssd_mobile_net_v2keras_feature_extractor/functional_1/block_7_add/add_fence_before,0.001,0.001,0.001,ssd_mobilenet_v2,2.9e-05,324,onnxrt_cuda,27,ok,0.0
onnxruntime,99.857368,,onnx_node,Add:StatefulPartitionedCall/ssd_mobile_net_v2keras_feature_extractor/functional_1/block_7_add/add_kernel_time,0.126,0.067217,0.061,ssd_mobilenet_v2,0.001917,111,onnxrt_cuda,60,ok,0.008147
onnxruntime,99.525019,,onnx_node,Conv:StatefulPartitionedCall/ssd_mobile_net_v2keras_feature_extractor/functional_1/block_8_expand/Conv2D_kernel_time,25.242,0.580667,0.149,ssd_mobilenet_v2,0.01656,62,onnxrt_cuda,60,ok,3.210707
onnxruntime,99.994952,,onnx_node,Conv:StatefulPartitionedCall/ssd_mobile_net_v2keras_feature_extractor/functional_1/block_8_expand/Conv2D_fence_after,0.001,0.001,0.001,ssd_mobilenet_v2,2.9e-05,325,onnxrt_cuda,1,ok,0.0
onnxruntime,99.994981,,onnx_node,Clip:StatefulPartitionedCall/ssd_mobile_net_v2keras_feature_extractor/functional_1/block_8_expand_relu/Relu6_fence_before,0.001,0.001,0.001,ssd_mobilenet_v2,2.9e-05,326,onnxrt_cuda,18,ok,0.0
onnxruntime,99.893095,,onnx_node,Clip:StatefulPartitionedCall/ssd_mobile_net_v2keras_feature_extractor/functional_1/block_8_expand_relu/Relu6_kernel_time,0.114,0.064583,0.058,ssd_mobilenet_v2,0.001842,130,onnxrt_cuda,60,ok,0.01074
onnxruntime,99.995009,,onnx_node,Conv:StatefulPartitionedCall/ssd_mobile_net_v2keras_feature_extractor/functional_1/block_8_depthwise/depthwise_fence_before,0.001,0.001,0.001,ssd_mobilenet_v2,2.9e-05,327,onnxrt_cuda,49,ok,0.0
onnxruntime,98.517945,,onnx_node,Conv:StatefulPartitionedCall/ssd_mobile_net_v2keras_feature_extractor/functional_1/block_8_depthwise/depthwise_kernel_time,342.165,5.845717,0.124,ssd_mobilenet_v2,0.166715,20,onnxrt_cuda,60,ok,43.785045
onnxruntime,99.995038,,onnx_node,Conv:StatefulPartitionedCall/ssd_mobile_net_v2keras_feature_extractor/functional_1/block_8_depthwise/depthwise_fence_after,0.001,0.001,0.001,ssd_mobilenet_v2,2.9e-05,328,onnxrt_cuda,2,ok,0.0
onnxruntime,99.995066,,onnx_node,Clip:StatefulPartitionedCall/ssd_mobile_net_v2keras_feature_extractor/functional_1/block_8_depthwise_relu/Relu6_fence_before,0.001,0.001,0.001,ssd_mobilenet_v2,2.9e-05,329,onnxrt_cuda,19,ok,0.0
onnxruntime,99.900448,,onnx_node,Clip:StatefulPartitionedCall/ssd_mobile_net_v2keras_feature_extractor/functional_1/block_8_depthwise_relu/Relu6_kernel_time,0.116,0.064367,0.056,ssd_mobilenet_v2,0.001836,134,onnxrt_cuda,60,ok,0.01068
onnxruntime,99.995095,,onnx_node,Conv:StatefulPartitionedCall/ssd_mobile_net_v2keras_feature_extractor/functional_1/block_8_project/Conv2D_fence_before,0.001,0.001,0.001,ssd_mobilenet_v2,2.9e-05,330,onnxrt_cuda,7,ok,0.0
onnxruntime,99.407251,,onnx_node,Conv:StatefulPartitionedCall/ssd_mobile_net_v2keras_feature_extractor/functional_1/block_8_project/Conv2D_kernel_time,25.126,0.6089,0.177,ssd_mobilenet_v2,0.017365,55,onnxrt_cuda,60,ok,3.191878
onnxruntime,99.995123,,onnx_node,Conv:StatefulPartitionedCall/ssd_mobile_net_v2keras_feature_extractor/functional_1/block_8_project/Conv2D_fence_after,0.001,0.001,0.001,ssd_mobilenet_v2,2.9e-05,331,onnxrt_cuda,2,ok,0.0
onnxruntime,99.995152,,onnx_node,Add:StatefulPartitionedCall/ssd_mobile_net_v2keras_feature_extractor/functional_1/block_8_add/add_fence_before,0.001,0.001,0.001,ssd_mobilenet_v2,2.9e-05,332,onnxrt_cuda,31,ok,0.0
onnxruntime,99.880142,,onnx_node,Add:StatefulPartitionedCall/ssd_mobile_net_v2keras_feature_extractor/functional_1/block_8_add/add_kernel_time,0.124,0.06585,0.06,ssd_mobilenet_v2,0.001878,123,onnxrt_cuda,60,ok,0.008933
onnxruntime,99.99518,,onnx_node,Conv:StatefulPartitionedCall/ssd_mobile_net_v2keras_feature_extractor/functional_1/block_9_expand/Conv2D_fence_before,0.001,0.001,0.001,ssd_mobilenet_v2,2.9e-05,333,onnxrt_cuda,9,ok,0.0
onnxruntime,99.508459,,onnx_node,Conv:StatefulPartitionedCall/ssd_mobile_net_v2keras_feature_extractor/functional_1/block_9_expand/Conv2D_kernel_time,25.283,0.58205,0.145,ssd_mobilenet_v2,0.0166,61,onnxrt_cuda,60,ok,3.215811
onnxruntime,99.995209,,onnx_node,Conv:StatefulPartitionedCall/ssd_mobile_net_v2keras_feature_extractor/functional_1/block_9_expand/Conv2D_fence_after,0.001,0.001,0.001,ssd_mobilenet_v2,2.9e-05,334,onnxrt_cuda,3,ok,0.0
onnxruntime,99.995237,,onnx_node,Clip:StatefulPartitionedCall/ssd_mobile_net_v2keras_feature_extractor/functional_1/block_9_expand_relu/Relu6_fence_before,0.001,0.001,0.001,ssd_mobilenet_v2,2.9e-05,335,onnxrt_cuda,32,ok,0.0
onnxruntime,99.882005,,onnx_node,Clip:StatefulPartitionedCall/ssd_mobile_net_v2keras_feature_extractor/functional_1/block_9_expand_relu/Relu6_kernel_time,0.16,0.065317,0.058,ssd_mobilenet_v2,0.001863,124,onnxrt_cuda,60,ok,0.016119
onnxruntime,99.995266,,onnx_node,Clip:StatefulPartitionedCall/ssd_mobile_net_v2keras_feature_extractor/functional_1/block_9_expand_relu/Relu6_fence_after,0.001,0.001,0.001,ssd_mobilenet_v2,2.9e-05,336,onnxrt_cuda,1,ok,0.0
onnxruntime,99.995294,,onnx_node,Conv:StatefulPartitionedCall/ssd_mobile_net_v2keras_feature_extractor/functional_1/block_9_depthwise/depthwise_fence_before,0.001,0.001,0.001,ssd_mobilenet_v2,2.9e-05,337,onnxrt_cuda,16,ok,0.0
onnxruntime,98.017404,,onnx_node,Conv:StatefulPartitionedCall/ssd_mobile_net_v2keras_feature_extractor/functional_1/block_9_depthwise/depthwise_kernel_time,344.414,5.877467,0.124,ssd_mobilenet_v2,0.16762,17,onnxrt_cuda,60,ok,44.073705
onnxruntime,99.995323,,onnx_node,Conv:StatefulPartitionedCall/ssd_mobile_net_v2keras_feature_extractor/functional_1/block_9_depthwise/depthwise_fence_after,0.001,0.001,0.001,ssd_mobilenet_v2,2.9e-05,338,onnxrt_cuda,2,ok,0.0
onnxruntime,99.995351,,onnx_node,Clip:StatefulPartitionedCall/ssd_mobile_net_v2keras_feature_extractor/functional_1/block_9_depthwise_relu/Relu6_fence_before,0.001,0.001,0.001,ssd_mobilenet_v2,2.9e-05,339,onnxrt_cuda,5,ok,0.0
onnxruntime,99.911376,,onnx_node,Clip:StatefulPartitionedCall/ssd_mobile_net_v2keras_feature_extractor/functional_1/block_9_depthwise_relu/Relu6_kernel_time,0.119,0.063483,0.056,ssd_mobilenet_v2,0.00181,140,onnxrt_cuda,60,ok,0.012592
onnxruntime,99.99538,,onnx_node,Conv:StatefulPartitionedCall/ssd_mobile_net_v2keras_feature_extractor/functional_1/block_9_project/Conv2D_fence_before,0.001,0.001,0.001,ssd_mobilenet_v2,2.9e-05,340,onnxrt_cuda,5,ok,0.0
onnxruntime,99.354977,,onnx_node,Conv:StatefulPartitionedCall/ssd_mobile_net_v2keras_feature_extractor/functional_1/block_9_project/Conv2D_kernel_time,25.123,0.612883,0.176,ssd_mobilenet_v2,0.017479,52,onnxrt_cuda,60,ok,3.190989
onnxruntime,99.995408,,onnx_node,Conv:StatefulPartitionedCall/ssd_mobile_net_v2keras_feature_extractor/functional_1/block_9_project/Conv2D_fence_after,0.001,0.001,0.001,ssd_mobilenet_v2,2.9e-05,341,onnxrt_cuda,1,ok,0.0
onnxruntime,99.995437,,onnx_node,Add:StatefulPartitionedCall/ssd_mobile_net_v2keras_feature_extractor/functional_1/block_9_add/add_fence_before,0.001,0.001,0.001,ssd_mobilenet_v2,2.9e-05,342,onnxrt_cuda,5,ok,0.0
onnxruntime,99.885713,,onnx_node,Add:StatefulPartitionedCall/ssd_mobile_net_v2keras_feature_extractor/functional_1/block_9_add/add_kernel_time,0.12,0.06485,0.059,ssd_mobilenet_v2,0.001849,126,onnxrt_cuda,60,ok,0.009427
onnxruntime,99.590708,,onnx_node,Conv:StatefulPartitionedCall/ssd_mobile_net_v2keras_feature_extractor/functional_1/block_10_expand/Conv2D_kernel_time,25.183,0.5729,0.145,ssd_mobilenet_v2,0.016339,66,onnxrt_cuda,60,ok,3.203984
onnxruntime,99.995465,,onnx_node,Conv:StatefulPartitionedCall/ssd_mobile_net_v2keras_feature_extractor/functional_1/block_10_expand/Conv2D_fence_after,0.001,0.001,0.001,ssd_mobilenet_v2,2.9e-05,343,onnxrt_cuda,2,ok,0.0
onnxruntime,99.995494,,onnx_node,Clip:StatefulPartitionedCall/ssd_mobile_net_v2keras_feature_extractor/functional_1/block_10_expand_relu/Relu6_fence_before,0.001,0.001,0.001,ssd_mobilenet_v2,2.9e-05,344,onnxrt_cuda,16,ok,0.0
onnxruntime,99.929306,,onnx_node,Clip:StatefulPartitionedCall/ssd_mobile_net_v2keras_feature_extractor/functional_1/block_10_expand_relu/Relu6_kernel_time,0.115,0.062517,0.057,ssd_mobilenet_v2,0.001783,150,onnxrt_cuda,60,ok,0.009438
onnxruntime,99.995522,,onnx_node,Conv:StatefulPartitionedCall/ssd_mobile_net_v2keras_feature_extractor/functional_1/block_10_depthwise/depthwise_fence_before,0.001,0.001,0.001,ssd_mobilenet_v2,2.9e-05,345,onnxrt_cuda,11,ok,0.0
onnxruntime,98.35123,,onnx_node,Conv:StatefulPartitionedCall/ssd_mobile_net_v2keras_feature_extractor/functional_1/block_10_depthwise/depthwise_kernel_time,343.119,5.848983,0.123,ssd_mobilenet_v2,0.166808,19,onnxrt_cuda,60,ok,43.908817
onnxruntime,99.995551,,onnx_node,Conv:StatefulPartitionedCall/ssd_mobile_net_v2keras_feature_extractor/functional_1/block_10_depthwise/depthwise_fence_after,0.001,0.001,0.001,ssd_mobilenet_v2,2.9e-05,346,onnxrt_cuda,2,ok,0.0
onnxruntime,99.99558,,onnx_node,Clip:StatefulPartitionedCall/ssd_mobile_net_v2keras_feature_extractor/functional_1/block_10_depthwise_relu/Relu6_fence_before,0.001,0.001,0.001,ssd_mobilenet_v2,2.9e-05,347,onnxrt_cuda,4,ok,0.0
onnxruntime,99.94339,,onnx_node,Clip:StatefulPartitionedCall/ssd_mobile_net_v2keras_feature_extractor/functional_1/block_10_depthwise_relu/Relu6_kernel_time,0.091,0.061067,0.055,ssd_mobilenet_v2,0.001742,158,onnxrt_cuda,60,ok,0.007754
onnxruntime,99.995608,,onnx_node,Conv:StatefulPartitionedCall/ssd_mobile_net_v2keras_feature_extractor/functional_1/block_10_project/Conv2D_fence_before,0.001,0.001,0.001,ssd_mobilenet_v2,2.9e-05,348,onnxrt_cuda,2,ok,0.0
onnxruntime,99.372439,,onnx_node,Conv:StatefulPartitionedCall/ssd_mobile_net_v2keras_feature_extractor/functional_1/block_10_project/Conv2D_kernel_time,26.088,0.612317,0.172,ssd_mobilenet_v2,0.017463,53,onnxrt_cuda,60,ok,3.31667
onnxruntime,99.995637,,onnx_node,Conv:StatefulPartitionedCall/ssd_mobile_net_v2keras_feature_extractor/functional_1/block_10_project/Conv2D_fence_after,0.001,0.001,0.001,ssd_mobilenet_v2,2.9e-05,349,onnxrt_cuda,2,ok,0.0
onnxruntime,99.995665,,onnx_node,Conv:StatefulPartitionedCall/ssd_mobile_net_v2keras_feature_extractor/functional_1/block_11_expand/Conv2D_fence_before,0.001,0.001,0.001,ssd_mobilenet_v2,2.9e-05,350,onnxrt_cuda,1,ok,0.0
onnxruntime,99.191452,,onnx_node,Conv:StatefulPartitionedCall/ssd_mobile_net_v2keras_feature_extractor/functional_1/block_11_expand/Conv2D_kernel_time,29.047,0.664533,0.171,ssd_mobilenet_v2,0.018952,43,onnxrt_cuda,60,ok,3.695102
onnxruntime,99.995694,,onnx_node,Conv:StatefulPartitionedCall/ssd_mobile_net_v2keras_feature_extractor/functional_1/block_11_expand/Conv2D_fence_after,0.001,0.001,0.001,ssd_mobilenet_v2,2.9e-05,351,onnxrt_cuda,1,ok,0.0
onnxruntime,99.991584,,onnx_node,Clip:StatefulPartitionedCall/ssd_mobile_net_v2keras_feature_extractor/functional_1/block_11_expand_relu/Relu6_fence_before,0.021,0.002818,0.001,ssd_mobilenet_v2,8e-05,221,onnxrt_cuda,11,ok,0.00575
onnxruntime,99.91858,,onnx_node,Clip:StatefulPartitionedCall/ssd_mobile_net_v2keras_feature_extractor/functional_1/block_11_expand_relu/Relu6_kernel_time,0.125,0.062933,0.057,ssd_mobilenet_v2,0.001795,144,onnxrt_cuda,60,ok,0.010119
onnxruntime,97.653427,,onnx_node,Conv:StatefulPartitionedCall/ssd_mobile_net_v2keras_feature_extractor/functional_1/block_11_depthwise/depthwise_kernel_time,501.655,8.491583,0.12,ssd_mobilenet_v2,0.242173,15,onnxrt_cuda,60,ok,64.20441
onnxruntime,99.995722,,onnx_node,Conv:StatefulPartitionedCall/ssd_mobile_net_v2keras_feature_extractor/functional_1/block_11_depthwise/depthwise_fence_after,0.001,0.001,0.001,ssd_mobilenet_v2,2.9e-05,352,onnxrt_cuda,3,ok,0.0
onnxruntime,99.995751,,onnx_node,Clip:StatefulPartitionedCall/ssd_mobile_net_v2keras_feature_extractor/functional_1/block_11_depthwise_relu/Relu6_fence_before,0.001,0.001,0.001,ssd_mobilenet_v2,2.9e-05,353,onnxrt_cuda,5,ok,0.0
onnxruntime,99.932856,,onnx_node,Clip:StatefulPartitionedCall/ssd_mobile_net_v2keras_feature_extractor/functional_1/block_11_depthwise_relu/Relu6_kernel_time,0.096,0.06215,0.055,ssd_mobilenet_v2,0.001772,152,onnxrt_cuda,60,ok,0.010172
onnxruntime,99.995779,,onnx_node,Conv:StatefulPartitionedCall/ssd_mobile_net_v2keras_feature_extractor/functional_1/block_11_project/Conv2D_fence_before,0.001,0.001,0.001,ssd_mobilenet_v2,2.9e-05,354,onnxrt_cuda,4,ok,0.0
onnxruntime,99.054744,,onnx_node,Conv:StatefulPartitionedCall/ssd_mobile_net_v2keras_feature_extractor/functional_1/block_11_project/Conv2D_kernel_time,31.588,0.716083,0.169,ssd_mobilenet_v2,0.020422,36,onnxrt_cuda,60,ok,4.01926
onnxruntime,99.995808,,onnx_node,Conv:StatefulPartitionedCall/ssd_mobile_net_v2keras_feature_extractor/functional_1/block_11_project/Conv2D_fence_after,0.001,0.001,0.001,ssd_mobilenet_v2,2.9e-05,355,onnxrt_cuda,1,ok,0.0
onnxruntime,99.995836,,onnx_node,Add:StatefulPartitionedCall/ssd_mobile_net_v2keras_feature_extractor/functional_1/block_11_add/add_fence_before,0.001,0.001,0.001,ssd_mobilenet_v2,2.9e-05,356,onnxrt_cuda,8,ok,0.0
onnxruntime,99.863107,,onnx_node,Add:StatefulPartitionedCall/ssd_mobile_net_v2keras_feature_extractor/functional_1/block_11_add/add_kernel_time,0.139,0.067,0.058,ssd_mobilenet_v2,0.001911,114,onnxrt_cuda,60,ok,0.012714
onnxruntime,99.995865,,onnx_node,Add:StatefulPartitionedCall/ssd_mobile_net_v2keras_feature_extractor/functional_1/block_11_add/add_fence_after,0.001,0.001,0.001,ssd_mobilenet_v2,2.9e-05,357,onnxrt_cuda,2,ok,0.0
onnxruntime,99.995893,,onnx_node,Conv:StatefulPartitionedCall/ssd_mobile_net_v2keras_feature_extractor/functional_1/block_12_expand/Conv2D_fence_before,0.001,0.001,0.001,ssd_mobilenet_v2,2.9e-05,358,onnxrt_cuda,13,ok,0.0
onnxruntime,99.1725,,onnx_node,Conv:StatefulPartitionedCall/ssd_mobile_net_v2keras_feature_extractor/functional_1/block_12_expand/Conv2D_kernel_time,29.126,0.67145,0.169,ssd_mobilenet_v2,0.019149,42,onnxrt_cuda,60,ok,3.7045
onnxruntime,99.995922,,onnx_node,Conv:StatefulPartitionedCall/ssd_mobile_net_v2keras_feature_extractor/functional_1/block_12_expand/Conv2D_fence_after,0.001,0.001,0.001,ssd_mobilenet_v2,2.9e-05,359,onnxrt_cuda,3,ok,0.0
onnxruntime,99.99595,,onnx_node,Clip:StatefulPartitionedCall/ssd_mobile_net_v2keras_feature_extractor/functional_1/block_12_expand_relu/Relu6_fence_before,0.001,0.001,0.001,ssd_mobilenet_v2,2.9e-05,360,onnxrt_cuda,10,ok,0.0
onnxruntime,99.868816,,onnx_node,Clip:StatefulPartitionedCall/ssd_mobile_net_v2keras_feature_extractor/functional_1/block_12_expand_relu/Relu6_kernel_time,0.12,0.066567,0.058,ssd_mobilenet_v2,0.001898,117,onnxrt_cuda,60,ok,0.010692
onnxruntime,99.995979,,onnx_node,Clip:StatefulPartitionedCall/ssd_mobile_net_v2keras_feature_extractor/functional_1/block_12_expand_relu/Relu6_fence_after,0.001,0.001,0.001,ssd_mobilenet_v2,2.9e-05,361,onnxrt_cuda,2,ok,0.0
onnxruntime,97.411254,,onnx_node,Conv:StatefulPartitionedCall/ssd_mobile_net_v2keras_feature_extractor/functional_1/block_12_depthwise/depthwise_kernel_time,502.388,8.51375,0.128,ssd_mobilenet_v2,0.242805,14,onnxrt_cuda,60,ok,64.296952
onnxruntime,99.996007,,onnx_node,Conv:StatefulPartitionedCall/ssd_mobile_net_v2keras_feature_extractor/functional_1/block_12_depthwise/depthwise_fence_after,0.001,0.001,0.001,ssd_mobilenet_v2,2.9e-05,362,onnxrt_cuda,4,ok,0.0
onnxruntime,99.996036,,onnx_node,Clip:StatefulPartitionedCall/ssd_mobile_net_v2keras_feature_extractor/functional_1/block_12_depthwise_relu/Relu6_fence_before,0.001,0.001,0.001,ssd_mobilenet_v2,2.9e-05,363,onnxrt_cuda,4,ok,0.0
onnxruntime,99.922162,,onnx_node,Clip:StatefulPartitionedCall/ssd_mobile_net_v2keras_feature_extractor/functional_1/block_12_depthwise_relu/Relu6_kernel_time,0.092,0.062717,0.055,ssd_mobilenet_v2,0.001789,146,onnxrt_cuda,60,ok,0.008566
onnxruntime,99.992037,,onnx_node,Conv:StatefulPartitionedCall/ssd_mobile_net_v2keras_feature_extractor/functional_1/block_12_project/Conv2D_fence_before,0.02,0.002056,0.001,ssd_mobilenet_v2,5.9e-05,228,onnxrt_cuda,18,ok,0.004352
onnxruntime,99.266161,,onnx_node,Conv:StatefulPartitionedCall/ssd_mobile_net_v2keras_feature_extractor/functional_1/block_12_project/Conv2D_kernel_time,27.597,0.643683,0.171,ssd_mobilenet_v2,0.018357,47,onnxrt_cuda,60,ok,3.50905
onnxruntime,99.996064,,onnx_node,Conv:StatefulPartitionedCall/ssd_mobile_net_v2keras_feature_extractor/functional_1/block_12_project/Conv2D_fence_after,0.001,0.001,0.001,ssd_mobilenet_v2,2.9e-05,364,onnxrt_cuda,3,ok,0.0
onnxruntime,99.991916,,onnx_node,Add:StatefulPartitionedCall/ssd_mobile_net_v2keras_feature_extractor/functional_1/block_12_add/add_fence_before,0.025,0.0022,0.001,ssd_mobilenet_v2,6.3e-05,226,onnxrt_cuda,20,ok,0.005231
onnxruntime,99.874504,,onnx_node,Add:StatefulPartitionedCall/ssd_mobile_net_v2keras_feature_extractor/functional_1/block_12_add/add_kernel_time,0.123,0.066433,0.058,ssd_mobilenet_v2,0.001895,120,onnxrt_cuda,60,ok,0.012568
onnxruntime,99.996093,,onnx_node,Conv:StatefulPartitionedCall/ssd_mobile_net_v2keras_feature_extractor/functional_1/block_13_expand/Conv2D_fence_before,0.001,0.001,0.001,ssd_mobilenet_v2,2.9e-05,365,onnxrt_cuda,3,ok,0.0
onnxruntime,99.153351,,onnx_node,Conv:StatefulPartitionedCall/ssd_mobile_net_v2keras_feature_extractor/functional_1/block_13_expand/Conv2D_kernel_time,29.136,0.67385,0.172,ssd_mobilenet_v2,0.019218,41,onnxrt_cuda,60,ok,3.705518
onnxruntime,99.996121,,onnx_node,Conv:StatefulPartitionedCall/ssd_mobile_net_v2keras_feature_extractor/functional_1/block_13_expand/Conv2D_fence_after,0.001,0.001,0.001,ssd_mobilenet_v2,2.9e-05,366,onnxrt_cuda,1,ok,0.0
onnxruntime,99.99615,,onnx_node,Clip:StatefulPartitionedCall/ssd_mobile_net_v2keras_feature_extractor/functional_1/block_13_expand_relu/Relu6_fence_before,0.001,0.001,0.001,ssd_mobilenet_v2,2.9e-05,367,onnxrt_cuda,16,ok,0.0
onnxruntime,99.904113,,onnx_node,Clip:StatefulPartitionedCall/ssd_mobile_net_v2keras_feature_extractor/functional_1/block_13_expand_relu/Relu6_kernel_time,0.112,0.06425,0.057,ssd_mobilenet_v2,0.001832,136,onnxrt_cuda,60,ok,0.011666
onnxruntime,98.740437,,onnx_node,Conv:StatefulPartitionedCall/ssd_mobile_net_v2keras_feature_extractor/functional_1/block_13_depthwise/depthwise_kernel_time,201.157,3.487433,0.125,ssd_mobilenet_v2,0.099459,22,onnxrt_cuda,60,ok,25.734389
onnxruntime,99.996178,,onnx_node,Conv:StatefulPartitionedCall/ssd_mobile_net_v2keras_feature_extractor/functional_1/block_13_depthwise/depthwise_fence_after,0.001,0.001,0.001,ssd_mobilenet_v2,2.9e-05,368,onnxrt_cuda,1,ok,0.0
onnxruntime,99.996207,,onnx_node,Clip:StatefulPartitionedCall/ssd_mobile_net_v2keras_feature_extractor/functional_1/block_13_depthwise_relu/Relu6_fence_before,0.001,0.001,0.001,ssd_mobilenet_v2,2.9e-05,369,onnxrt_cuda,3,ok,0.0
onnxruntime,99.914989,,onnx_node,Clip:StatefulPartitionedCall/ssd_mobile_net_v2keras_feature_extractor/functional_1/block_13_depthwise_relu/Relu6_kernel_time,0.136,0.063317,0.057,ssd_mobilenet_v2,0.001806,142,onnxrt_cuda,60,ok,0.011424
onnxruntime,99.996235,,onnx_node,Conv:StatefulPartitionedCall/ssd_mobile_net_v2keras_feature_extractor/functional_1/block_13_project/Conv2D_fence_before,0.001,0.001,0.001,ssd_mobilenet_v2,2.9e-05,370,onnxrt_cuda,12,ok,0.0
onnxruntime,99.134133,,onnx_node,Conv:StatefulPartitionedCall/ssd_mobile_net_v2keras_feature_extractor/functional_1/block_13_project/Conv2D_kernel_time,30.019,0.686783,0.171,ssd_mobilenet_v2,0.019586,40,onnxrt_cuda,60,ok,3.81881
onnxruntime,99.996264,,onnx_node,Conv:StatefulPartitionedCall/ssd_mobile_net_v2keras_feature_extractor/functional_1/block_13_project/Conv2D_fence_after,0.001,0.001,0.001,ssd_mobilenet_v2,2.9e-05,371,onnxrt_cuda,3,ok,0.0
onnxruntime,99.992308,,onnx_node,Conv:StatefulPartitionedCall/ssd_mobile_net_v2keras_feature_extractor/functional_1/block_14_expand/Conv2D_fence_before,0.005,0.0012,0.001,ssd_mobilenet_v2,3.4e-05,234,onnxrt_cuda,20,ok,0.000872
onnxruntime,98.839555,,onnx_node,Conv:StatefulPartitionedCall/ssd_mobile_net_v2keras_feature_extractor/functional_1/block_14_expand/Conv2D_kernel_time,36.538,0.804333,0.175,ssd_mobilenet_v2,0.022939,26,onnxrt_cuda,60,ok,4.652159
onnxruntime,99.996293,,onnx_node,Conv:StatefulPartitionedCall/ssd_mobile_net_v2keras_feature_extractor/functional_1/block_14_expand/Conv2D_fence_after,0.001,0.001,0.001,ssd_mobilenet_v2,2.9e-05,372,onnxrt_cuda,2,ok,0.0
onnxruntime,99.996321,,onnx_node,Clip:StatefulPartitionedCall/ssd_mobile_net_v2keras_feature_extractor/functional_1/block_14_expand_relu/Relu6_fence_before,0.001,0.001,0.001,ssd_mobilenet_v2,2.9e-05,373,onnxrt_cuda,15,ok,0.0
onnxruntime,99.851609,,onnx_node,Clip:StatefulPartitionedCall/ssd_mobile_net_v2keras_feature_extractor/functional_1/block_14_expand_relu/Relu6_kernel_time,0.122,0.067383,0.06,ssd_mobilenet_v2,0.001922,108,onnxrt_cuda,60,ok,0.012583
onnxruntime,95.777254,,onnx_node,Conv:StatefulPartitionedCall/ssd_mobile_net_v2keras_feature_extractor/functional_1/block_14_depthwise/depthwise_kernel_time,653.397,11.024867,0.125,ssd_mobilenet_v2,0.31442,8,onnxrt_cuda,60,ok,83.62973
onnxruntime,99.99635,,onnx_node,Conv:StatefulPartitionedCall/ssd_mobile_net_v2keras_feature_extractor/functional_1/block_14_depthwise/depthwise_fence_after,0.001,0.001,0.001,ssd_mobilenet_v2,2.9e-05,374,onnxrt_cuda,2,ok,0.0
onnxruntime,99.996378,,onnx_node,Clip:StatefulPartitionedCall/ssd_mobile_net_v2keras_feature_extractor/functional_1/block_14_depthwise_relu/Relu6_fence_before,0.001,0.001,0.001,ssd_mobilenet_v2,2.9e-05,375,onnxrt_cuda,1,ok,0.0
onnxruntime,99.913184,,onnx_node,Clip:StatefulPartitionedCall/ssd_mobile_net_v2keras_feature_extractor/functional_1/block_14_depthwise_relu/Relu6_kernel_time,0.13,0.063383,0.053,ssd_mobilenet_v2,0.001808,141,onnxrt_cuda,60,ok,0.013449
onnxruntime,99.989963,,onnx_node,Clip:StatefulPartitionedCall/ssd_mobile_net_v2keras_feature_extractor/functional_1/block_14_depthwise_relu/Relu6_fence_after,0.024,0.0125,0.001,ssd_mobilenet_v2,0.000356,210,onnxrt_cuda,2,ok,0.0115
onnxruntime,99.996407,,onnx_node,Conv:StatefulPartitionedCall/ssd_mobile_net_v2keras_feature_extractor/functional_1/block_14_project/Conv2D_fence_before,0.001,0.001,0.001,ssd_mobilenet_v2,2.9e-05,376,onnxrt_cuda,4,ok,0.0
onnxruntime,98.928681,,onnx_node,Conv:StatefulPartitionedCall/ssd_mobile_net_v2keras_feature_extractor/functional_1/block_14_project/Conv2D_kernel_time,35.077,0.76985,0.173,ssd_mobilenet_v2,0.021955,30,onnxrt_cuda,60,ok,4.466434
onnxruntime,99.996435,,onnx_node,Conv:StatefulPartitionedCall/ssd_mobile_net_v2keras_feature_extractor/functional_1/block_14_project/Conv2D_fence_after,0.001,0.001,0.001,ssd_mobilenet_v2,2.9e-05,377,onnxrt_cuda,1,ok,0.0
onnxruntime,99.996464,,onnx_node,Add:StatefulPartitionedCall/ssd_mobile_net_v2keras_feature_extractor/functional_1/block_14_add/add_fence_before,0.001,0.001,0.001,ssd_mobilenet_v2,2.9e-05,378,onnxrt_cuda,26,ok,0.0
onnxruntime,99.865016,,onnx_node,Add:StatefulPartitionedCall/ssd_mobile_net_v2keras_feature_extractor/functional_1/block_14_add/add_kernel_time,0.125,0.06695,0.061,ssd_mobilenet_v2,0.001909,115,onnxrt_cuda,60,ok,0.010278
onnxruntime,99.996492,,onnx_node,Conv:StatefulPartitionedCall/ssd_mobile_net_v2keras_feature_extractor/functional_1/block_15_expand/Conv2D_fence_before,0.001,0.001,0.001,ssd_mobilenet_v2,2.9e-05,379,onnxrt_cuda,18,ok,0.0
onnxruntime,98.862361,,onnx_node,Conv:StatefulPartitionedCall/ssd_mobile_net_v2keras_feature_extractor/functional_1/block_15_expand/Conv2D_kernel_time,36.706,0.799683,0.172,ssd_mobilenet_v2,0.022806,27,onnxrt_cuda,60,ok,4.674627
onnxruntime,99.996521,,onnx_node,Conv:StatefulPartitionedCall/ssd_mobile_net_v2keras_feature_extractor/functional_1/block_15_expand/Conv2D_fence_after,0.001,0.001,0.001,ssd_mobilenet_v2,2.9e-05,380,onnxrt_cuda,2,ok,0.0
onnxruntime,99.996549,,onnx_node,Clip:StatefulPartitionedCall/ssd_mobile_net_v2keras_feature_extractor/functional_1/block_15_expand_relu/Relu6_fence_before,0.001,0.001,0.001,ssd_mobilenet_v2,2.9e-05,381,onnxrt_cuda,40,ok,0.0
onnxruntime,99.92395,,onnx_node,Clip:StatefulPartitionedCall/ssd_mobile_net_v2keras_feature_extractor/functional_1/block_15_expand_relu/Relu6_kernel_time,0.115,0.0627,0.058,ssd_mobilenet_v2,0.001788,147,onnxrt_cuda,60,ok,0.008293
onnxruntime,96.081172,,onnx_node,Conv:StatefulPartitionedCall/ssd_mobile_net_v2keras_feature_extractor/functional_1/block_15_depthwise/depthwise_kernel_time,631.613,10.65665,0.122,ssd_mobilenet_v2,0.303918,9,onnxrt_cuda,60,ok,80.841632
onnxruntime,99.992094,,onnx_node,Conv:StatefulPartitionedCall/ssd_mobile_net_v2keras_feature_extractor/functional_1/block_15_depthwise/depthwise_fence_after,0.002,0.002,0.002,ssd_mobilenet_v2,5.7e-05,229,onnxrt_cuda,1,ok,0.0
onnxruntime,99.996578,,onnx_node,Clip:StatefulPartitionedCall/ssd_mobile_net_v2keras_feature_extractor/functional_1/block_15_depthwise_relu/Relu6_fence_before,0.001,0.001,0.001,ssd_mobilenet_v2,2.9e-05,382,onnxrt_cuda,4,ok,0.0
onnxruntime,99.948601,,onnx_node,Clip:StatefulPartitionedCall/ssd_mobile_net_v2keras_feature_extractor/functional_1/block_15_depthwise_relu/Relu6_kernel_time,0.119,0.060717,0.056,ssd_mobilenet_v2,0.001732,161,onnxrt_cuda,60,ok,0.008956
onnxruntime,99.996606,,onnx_node,Clip:StatefulPartitionedCall/ssd_mobile_net_v2keras_feature_extractor/functional_1/block_15_depthwise_relu/Relu6_fence_after,0.001,0.001,0.001,ssd_mobilenet_v2,2.9e-05,383,onnxrt_cuda,1,ok,0.0
onnxruntime,99.996635,,onnx_node,Conv:StatefulPartitionedCall/ssd_mobile_net_v2keras_feature_extractor/functional_1/block_15_project/Conv2D_fence_before,0.001,0.001,0.001,ssd_mobilenet_v2,2.9e-05,384,onnxrt_cuda,4,ok,0.0
onnxruntime,98.950436,,onnx_node,Conv:StatefulPartitionedCall/ssd_mobile_net_v2keras_feature_extractor/functional_1/block_15_project/Conv2D_kernel_time,35.056,0.762833,0.171,ssd_mobilenet_v2,0.021755,31,onnxrt_cuda,60,ok,4.464599
onnxruntime,99.996663,,onnx_node,Conv:StatefulPartitionedCall/ssd_mobile_net_v2keras_feature_extractor/functional_1/block_15_project/Conv2D_fence_after,0.001,0.001,0.001,ssd_mobilenet_v2,2.9e-05,385,onnxrt_cuda,1,ok,0.0
onnxruntime,99.996692,,onnx_node,Add:StatefulPartitionedCall/ssd_mobile_net_v2keras_feature_extractor/functional_1/block_15_add/add_fence_before,0.001,0.001,0.001,ssd_mobilenet_v2,2.9e-05,386,onnxrt_cuda,10,ok,0.0
onnxruntime,99.920373,,onnx_node,Add:StatefulPartitionedCall/ssd_mobile_net_v2keras_feature_extractor/functional_1/block_15_add/add_kernel_time,0.114,0.062883,0.057,ssd_mobilenet_v2,0.001793,145,onnxrt_cuda,60,ok,0.008603
onnxruntime,98.884764,,onnx_node,Conv:StatefulPartitionedCall/ssd_mobile_net_v2keras_feature_extractor/functional_1/block_16_expand/Conv2D_kernel_time,36.598,0.78555,0.166,ssd_mobilenet_v2,0.022403,28,onnxrt_cuda,60,ok,4.662398
onnxruntime,99.99672,,onnx_node,Conv:StatefulPartitionedCall/ssd_mobile_net_v2keras_feature_extractor/functional_1/block_16_expand/Conv2D_fence_after,0.001,0.001,0.001,ssd_mobilenet_v2,2.9e-05,387,onnxrt_cuda,1,ok,0.0
onnxruntime,99.996749,,onnx_node,Clip:StatefulPartitionedCall/ssd_mobile_net_v2keras_feature_extractor/functional_1/block_16_expand_relu/Relu6_fence_before,0.001,0.001,0.001,ssd_mobilenet_v2,2.9e-05,388,onnxrt_cuda,10,ok,0.0
onnxruntime,99.945131,,onnx_node,Clip:StatefulPartitionedCall/ssd_mobile_net_v2keras_feature_extractor/functional_1/block_16_expand_relu/Relu6_kernel_time,0.115,0.061067,0.057,ssd_mobilenet_v2,0.001742,159,onnxrt_cuda,60,ok,0.008587
onnxruntime,99.996777,,onnx_node,Conv:StatefulPartitionedCall/ssd_mobile_net_v2keras_feature_extractor/functional_1/block_16_depthwise/depthwise_fence_before,0.001,0.001,0.001,ssd_mobilenet_v2,2.9e-05,389,onnxrt_cuda,3,ok,0.0
onnxruntime,96.384227,,onnx_node,Conv:StatefulPartitionedCall/ssd_mobile_net_v2keras_feature_extractor/functional_1/block_16_depthwise/depthwise_kernel_time,629.839,10.626367,0.119,ssd_mobilenet_v2,0.303055,10,onnxrt_cuda,60,ok,80.614621
onnxruntime,99.996806,,onnx_node,Conv:StatefulPartitionedCall/ssd_mobile_net_v2keras_feature_extractor/functional_1/block_16_depthwise/depthwise_fence_after,0.001,0.001,0.001,ssd_mobilenet_v2,2.9e-05,390,onnxrt_cuda,2,ok,0.0
onnxruntime,99.996834,,onnx_node,Clip:StatefulPartitionedCall/ssd_mobile_net_v2keras_feature_extractor/functional_1/block_16_depthwise_relu/Relu6_fence_before,0.001,0.001,0.001,ssd_mobilenet_v2,2.9e-05,391,onnxrt_cuda,8,ok,0.0
onnxruntime,99.931083,,onnx_node,Clip:StatefulPartitionedCall/ssd_mobile_net_v2keras_feature_extractor/functional_1/block_16_depthwise_relu/Relu6_kernel_time,0.119,0.062317,0.055,ssd_mobilenet_v2,0.001777,151,onnxrt_cuda,60,ok,0.012756
onnxruntime,99.996863,,onnx_node,Clip:StatefulPartitionedCall/ssd_mobile_net_v2keras_feature_extractor/functional_1/block_16_depthwise_relu/Relu6_fence_after,0.001,0.001,0.001,ssd_mobilenet_v2,2.9e-05,392,onnxrt_cuda,2,ok,0.0
onnxruntime,99.996891,,onnx_node,Conv:StatefulPartitionedCall/ssd_mobile_net_v2keras_feature_extractor/functional_1/block_16_project/Conv2D_fence_before,0.001,0.001,0.001,ssd_mobilenet_v2,2.9e-05,393,onnxrt_cuda,3,ok,0.0
onnxruntime,99.389886,,onnx_node,Conv:StatefulPartitionedCall/ssd_mobile_net_v2keras_feature_extractor/functional_1/block_16_project/Conv2D_kernel_time,25.71,0.61175,0.17,ssd_mobilenet_v2,0.017447,54,onnxrt_cuda,60,ok,3.267554
onnxruntime,99.99692,,onnx_node,Conv:StatefulPartitionedCall/ssd_mobile_net_v2keras_feature_extractor/functional_1/block_16_project/Conv2D_fence_after,0.001,0.001,0.001,ssd_mobilenet_v2,2.9e-05,394,onnxrt_cuda,1,ok,0.0
onnxruntime,99.996948,,onnx_node,Conv:StatefulPartitionedCall/ssd_mobile_net_v2keras_feature_extractor/functional_1/Conv_1/Conv2D_fence_before,0.001,0.001,0.001,ssd_mobilenet_v2,2.9e-05,395,onnxrt_cuda,13,ok,0.0
onnxruntime,99.247803,,onnx_node,Conv:StatefulPartitionedCall/ssd_mobile_net_v2keras_feature_extractor/functional_1/Conv_1/Conv2D_kernel_time,26.408,0.654867,0.194,ssd_mobilenet_v2,0.018676,46,onnxrt_cuda,60,ok,3.35285
onnxruntime,99.996977,,onnx_node,Conv:StatefulPartitionedCall/ssd_mobile_net_v2keras_feature_extractor/functional_1/Conv_1/Conv2D_fence_after,0.001,0.001,0.001,ssd_mobilenet_v2,2.9e-05,396,onnxrt_cuda,3,ok,0.0
onnxruntime,99.997005,,onnx_node,Clip:StatefulPartitionedCall/ssd_mobile_net_v2keras_feature_extractor/functional_1/out_relu/Relu6_fence_before,0.001,0.001,0.001,ssd_mobilenet_v2,2.9e-05,397,onnxrt_cuda,5,ok,0.0
onnxruntime,99.872609,,onnx_node,Clip:StatefulPartitionedCall/ssd_mobile_net_v2keras_feature_extractor/functional_1/out_relu/Relu6_kernel_time,0.128,0.06645,0.058,ssd_mobilenet_v2,0.001895,119,onnxrt_cuda,60,ok,0.012687
onnxruntime,99.992898,,onnx_node,Conv:StatefulPartitionedCall/ssd_mobile_net_v2keras_feature_extractor/FeatureMaps/layer_19_1_Conv2d_2_1x1_256_conv/Conv2D_fence_before,0.002,0.001019,0.001,ssd_mobilenet_v2,2.9e-05,253,onnxrt_cuda,53,ok,0.000136
onnxruntime,99.319873,,onnx_node,Conv:StatefulPartitionedCall/ssd_mobile_net_v2keras_feature_extractor/FeatureMaps/layer_19_1_Conv2d_2_1x1_256_conv/Conv2D_kernel_time,25.916,0.620733,0.172,ssd_mobilenet_v2,0.017703,50,onnxrt_cuda,60,ok,3.293218
onnxruntime,99.991979,,onnx_node,Clip:StatefulPartitionedCall/ssd_mobile_net_v2keras_feature_extractor/FeatureMaps/layer_19_1_Conv2d_2_1x1_256/Relu6_fence_before,0.033,0.002185,0.001,ssd_mobilenet_v2,6.2e-05,227,onnxrt_cuda,27,ok,0.006043
onnxruntime,99.909566,,onnx_node,Clip:StatefulPartitionedCall/ssd_mobile_net_v2keras_feature_extractor/FeatureMaps/layer_19_1_Conv2d_2_1x1_256/Relu6_kernel_time,0.12,0.0635,0.057,ssd_mobilenet_v2,0.001811,139,onnxrt_cuda,60,ok,0.00848
onnxruntime,99.997034,,onnx_node,Conv:StatefulPartitionedCall/ssd_mobile_net_v2keras_feature_extractor/FeatureMaps/layer_19_2_Conv2d_2_3x3_s2_512_conv/Conv2D_fence_before,0.001,0.001,0.001,ssd_mobilenet_v2,2.9e-05,398,onnxrt_cuda,6,ok,0.0
onnxruntime,98.992989,,onnx_node,Conv:StatefulPartitionedCall/ssd_mobile_net_v2keras_feature_extractor/FeatureMaps/layer_19_2_Conv2d_2_3x3_s2_512_conv/Conv2D_kernel_time,28.931,0.737517,0.228,ssd_mobilenet_v2,0.021033,33,onnxrt_cuda,60,ok,3.670508
onnxruntime,99.997063,,onnx_node,Conv:StatefulPartitionedCall/ssd_mobile_net_v2keras_feature_extractor/FeatureMaps/layer_19_2_Conv2d_2_3x3_s2_512_conv/Conv2D_fence_after,0.001,0.001,0.001,ssd_mobilenet_v2,2.9e-05,399,onnxrt_cuda,2,ok,0.0
onnxruntime,99.992692,,onnx_node,Clip:StatefulPartitionedCall/ssd_mobile_net_v2keras_feature_extractor/FeatureMaps/layer_19_2_Conv2d_2_3x3_s2_512/Relu6_fence_before,0.002,0.001063,0.001,ssd_mobilenet_v2,3e-05,246,onnxrt_cuda,16,ok,0.000242
onnxruntime,99.883863,,onnx_node,Clip:StatefulPartitionedCall/ssd_mobile_net_v2keras_feature_extractor/FeatureMaps/layer_19_2_Conv2d_2_3x3_s2_512/Relu6_kernel_time,0.146,0.06515,0.057,ssd_mobilenet_v2,0.001858,125,onnxrt_cuda,60,ok,0.014323
onnxruntime,99.991241,,onnx_node,Conv:StatefulPartitionedCall/ssd_mobile_net_v2keras_feature_extractor/FeatureMaps/layer_19_1_Conv2d_3_1x1_128_conv/Conv2D_fence_before,0.021,0.003857,0.001,ssd_mobilenet_v2,0.00011,217,onnxrt_cuda,7,ok,0.006999
onnxruntime,99.30217,,onnx_node,Conv:StatefulPartitionedCall/ssd_mobile_net_v2keras_feature_extractor/FeatureMaps/layer_19_1_Conv2d_3_1x1_128_conv/Conv2D_kernel_time,27.318,0.628433,0.152,ssd_mobilenet_v2,0.017922,49,onnxrt_cuda,60,ok,3.474773
onnxruntime,99.997091,,onnx_node,Conv:StatefulPartitionedCall/ssd_mobile_net_v2keras_feature_extractor/FeatureMaps/layer_19_1_Conv2d_3_1x1_128_conv/Conv2D_fence_after,0.001,0.001,0.001,ssd_mobilenet_v2,2.9e-05,400,onnxrt_cuda,2,ok,0.0
onnxruntime,99.99712,,onnx_node,Clip:StatefulPartitionedCall/ssd_mobile_net_v2keras_feature_extractor/FeatureMaps/layer_19_1_Conv2d_3_1x1_128/Relu6_fence_before,0.001,0.001,0.001,ssd_mobilenet_v2,2.9e-05,401,onnxrt_cuda,17,ok,0.0
onnxruntime,99.847757,,onnx_node,Clip:StatefulPartitionedCall/ssd_mobile_net_v2keras_feature_extractor/FeatureMaps/layer_19_1_Conv2d_3_1x1_128/Relu6_kernel_time,0.122,0.067983,0.057,ssd_mobilenet_v2,0.001939,106,onnxrt_cuda,60,ok,0.013692
onnxruntime,99.997148,,onnx_node,Conv:StatefulPartitionedCall/ssd_mobile_net_v2keras_feature_extractor/FeatureMaps/layer_19_2_Conv2d_3_3x3_s2_256_conv/Conv2D_fence_before,0.001,0.001,0.001,ssd_mobilenet_v2,2.9e-05,402,onnxrt_cuda,23,ok,0.0
onnxruntime,99.702911,,onnx_node,Conv:StatefulPartitionedCall/ssd_mobile_net_v2keras_feature_extractor/FeatureMaps/layer_19_2_Conv2d_3_3x3_s2_256_conv/Conv2D_kernel_time,23.289,0.5522,0.15,ssd_mobilenet_v2,0.015748,73,onnxrt_cuda,60,ok,2.960152
onnxruntime,99.997177,,onnx_node,Conv:StatefulPartitionedCall/ssd_mobile_net_v2keras_feature_extractor/FeatureMaps/layer_19_2_Conv2d_3_3x3_s2_256_conv/Conv2D_fence_after,0.001,0.001,0.001,ssd_mobilenet_v2,2.9e-05,403,onnxrt_cuda,4,ok,0.0
onnxruntime,99.997205,,onnx_node,Clip:StatefulPartitionedCall/ssd_mobile_net_v2keras_feature_extractor/FeatureMaps/layer_19_2_Conv2d_3_3x3_s2_256/Relu6_fence_before,0.001,0.001,0.001,ssd_mobilenet_v2,2.9e-05,404,onnxrt_cuda,23,ok,0.0
onnxruntime,99.887562,,onnx_node,Clip:StatefulPartitionedCall/ssd_mobile_net_v2keras_feature_extractor/FeatureMaps/layer_19_2_Conv2d_3_3x3_s2_256/Relu6_kernel_time,0.123,0.06485,0.057,ssd_mobilenet_v2,0.001849,127,onnxrt_cuda,60,ok,0.011104
onnxruntime,99.671327,,onnx_node,Conv:StatefulPartitionedCall/ssd_mobile_net_v2keras_feature_extractor/FeatureMaps/layer_19_1_Conv2d_4_1x1_128_conv/Conv2D_kernel_time,24.803,0.559433,0.138,ssd_mobilenet_v2,0.015955,71,onnxrt_cuda,60,ok,3.156262
onnxruntime,99.997234,,onnx_node,Conv:StatefulPartitionedCall/ssd_mobile_net_v2keras_feature_extractor/FeatureMaps/layer_19_1_Conv2d_4_1x1_128_conv/Conv2D_fence_after,0.001,0.001,0.001,ssd_mobilenet_v2,2.9e-05,405,onnxrt_cuda,1,ok,0.0
onnxruntime,99.997262,,onnx_node,Clip:StatefulPartitionedCall/ssd_mobile_net_v2keras_feature_extractor/FeatureMaps/layer_19_1_Conv2d_4_1x1_128/Relu6_fence_before,0.001,0.001,0.001,ssd_mobilenet_v2,2.9e-05,406,onnxrt_cuda,13,ok,0.0
onnxruntime,99.927523,,onnx_node,Clip:StatefulPartitionedCall/ssd_mobile_net_v2keras_feature_extractor/FeatureMaps/layer_19_1_Conv2d_4_1x1_128/Relu6_kernel_time,0.132,0.062633,0.056,ssd_mobilenet_v2,0.001786,149,onnxrt_cuda,60,ok,0.010997
onnxruntime,99.997291,,onnx_node,Clip:StatefulPartitionedCall/ssd_mobile_net_v2keras_feature_extractor/FeatureMaps/layer_19_1_Conv2d_4_1x1_128/Relu6_fence_after,0.001,0.001,0.001,ssd_mobilenet_v2,2.9e-05,407,onnxrt_cuda,1,ok,0.0
onnxruntime,99.997319,,onnx_node,Conv:StatefulPartitionedCall/ssd_mobile_net_v2keras_feature_extractor/FeatureMaps/layer_19_2_Conv2d_4_3x3_s2_256_conv/Conv2D_fence_before,0.001,0.001,0.001,ssd_mobilenet_v2,2.9e-05,408,onnxrt_cuda,4,ok,0.0
onnxruntime,99.749499,,onnx_node,Conv:StatefulPartitionedCall/ssd_mobile_net_v2keras_feature_extractor/FeatureMaps/layer_19_2_Conv2d_4_3x3_s2_256_conv/Conv2D_kernel_time,23.104,0.538967,0.143,ssd_mobilenet_v2,0.015371,76,onnxrt_cuda,60,ok,2.937762
onnxruntime,99.997348,,onnx_node,Conv:StatefulPartitionedCall/ssd_mobile_net_v2keras_feature_extractor/FeatureMaps/layer_19_2_Conv2d_4_3x3_s2_256_conv/Conv2D_fence_after,0.001,0.001,0.001,ssd_mobilenet_v2,2.9e-05,409,onnxrt_cuda,3,ok,0.0
onnxruntime,99.997376,,onnx_node,Clip:StatefulPartitionedCall/ssd_mobile_net_v2keras_feature_extractor/FeatureMaps/layer_19_2_Conv2d_4_3x3_s2_256/Relu6_fence_before,0.001,0.001,0.001,ssd_mobilenet_v2,2.9e-05,410,onnxrt_cuda,17,ok,0.0
onnxruntime,99.898612,,onnx_node,Clip:StatefulPartitionedCall/ssd_mobile_net_v2keras_feature_extractor/FeatureMaps/layer_19_2_Conv2d_4_3x3_s2_256/Relu6_kernel_time,0.123,0.0644,0.056,ssd_mobilenet_v2,0.001837,133,onnxrt_cuda,60,ok,0.010735
onnxruntime,99.997405,,onnx_node,Clip:StatefulPartitionedCall/ssd_mobile_net_v2keras_feature_extractor/FeatureMaps/layer_19_2_Conv2d_4_3x3_s2_256/Relu6_fence_after,0.001,0.001,0.001,ssd_mobilenet_v2,2.9e-05,411,onnxrt_cuda,1,ok,0.0
onnxruntime,99.734128,,onnx_node,Conv:StatefulPartitionedCall/ssd_mobile_net_v2keras_feature_extractor/FeatureMaps/layer_19_1_Conv2d_5_1x1_64_conv/Conv2D_kernel_time,23.391,0.542767,0.139,ssd_mobilenet_v2,0.015479,75,onnxrt_cuda,60,ok,2.974617
onnxruntime,99.990238,,onnx_node,Conv:StatefulPartitionedCall/ssd_mobile_net_v2keras_feature_extractor/FeatureMaps/layer_19_1_Conv2d_5_1x1_64_conv/Conv2D_fence_after,0.027,0.009667,0.001,ssd_mobilenet_v2,0.000276,211,onnxrt_cuda,3,ok,0.012257
onnxruntime,99.889409,,onnx_node,Clip:StatefulPartitionedCall/ssd_mobile_net_v2keras_feature_extractor/FeatureMaps/layer_19_1_Conv2d_5_1x1_64/Relu6_kernel_time,0.128,0.064767,0.057,ssd_mobilenet_v2,0.001847,128,onnxrt_cuda,60,ok,0.010351
onnxruntime,99.997433,,onnx_node,Conv:StatefulPartitionedCall/ssd_mobile_net_v2keras_feature_extractor/FeatureMaps/layer_19_2_Conv2d_5_3x3_s2_128_conv/Conv2D_fence_before,0.001,0.001,0.001,ssd_mobilenet_v2,2.9e-05,412,onnxrt_cuda,28,ok,0.0
onnxruntime,99.718648,,onnx_node,Conv:StatefulPartitionedCall/ssd_mobile_net_v2keras_feature_extractor/FeatureMaps/layer_19_2_Conv2d_5_3x3_s2_128_conv/Conv2D_kernel_time,22.516,0.551833,0.162,ssd_mobilenet_v2,0.015738,74,onnxrt_cuda,60,ok,2.859519
onnxruntime,99.997462,,onnx_node,Conv:StatefulPartitionedCall/ssd_mobile_net_v2keras_feature_extractor/FeatureMaps/layer_19_2_Conv2d_5_3x3_s2_128_conv/Conv2D_fence_after,0.001,0.001,0.001,ssd_mobilenet_v2,2.9e-05,413,onnxrt_cuda,2,ok,0.0
onnxruntime,99.992234,,onnx_node,Reshape:StatefulPartitionedCall/ssd_mobile_net_v2keras_feature_extractor/FeatureMaps/layer_19_2_Conv2d_5_3x3_s2_128_batchnorm/FusedBatchNormV3__412_fence_before,0.003,0.00155,0.001,ssd_mobilenet_v2,4.4e-05,232,onnxrt_cuda,60,ok,0.000561
onnxruntime,99.966863,,onnx_node,Reshape:StatefulPartitionedCall/ssd_mobile_net_v2keras_feature_extractor/FeatureMaps/layer_19_2_Conv2d_5_3x3_s2_128_batchnorm/FusedBatchNormV3__412_kernel_time,0.07,0.0283,0.024,ssd_mobilenet_v2,0.000807,174,onnxrt_cuda,60,ok,0.00819
onnxruntime,99.992662,,onnx_node,BatchNormalization:StatefulPartitionedCall/ssd_mobile_net_v2keras_feature_extractor/FeatureMaps/layer_19_2_Conv2d_5_3x3_s2_128_batchnorm/FusedBatchNormV3_fence_before,0.002,0.001067,0.001,ssd_mobilenet_v2,3e-05,245,onnxrt_cuda,60,ok,0.000249
onnxruntime,99.800576,,onnx_node,BatchNormalization:StatefulPartitionedCall/ssd_mobile_net_v2keras_feature_extractor/FeatureMaps/layer_19_2_Conv2d_5_3x3_s2_128_batchnorm/FusedBatchNormV3_kernel_time,0.279,0.097533,0.08,ssd_mobilenet_v2,0.002782,84,onnxrt_cuda,60,ok,0.028267
onnxruntime,99.99749,,onnx_node,BatchNormalization:StatefulPartitionedCall/ssd_mobile_net_v2keras_feature_extractor/FeatureMaps/layer_19_2_Conv2d_5_3x3_s2_128_batchnorm/FusedBatchNormV3_fence_after,0.001,0.001,0.001,ssd_mobilenet_v2,2.9e-05,414,onnxrt_cuda,4,ok,0.0
onnxruntime,99.992539,,onnx_node,Clip:StatefulPartitionedCall/ssd_mobile_net_v2keras_feature_extractor/FeatureMaps/layer_19_2_Conv2d_5_3x3_s2_128/Relu6_fence_before,0.002,0.001111,0.001,ssd_mobilenet_v2,3.2e-05,241,onnxrt_cuda,9,ok,0.000314
onnxruntime,99.861196,,onnx_node,Clip:StatefulPartitionedCall/ssd_mobile_net_v2keras_feature_extractor/FeatureMaps/layer_19_2_Conv2d_5_3x3_s2_128/Relu6_kernel_time,0.344,0.067033,0.057,ssd_mobilenet_v2,0.001912,113,onnxrt_cuda,60,ok,0.036855
onnxruntime,99.99257,,onnx_node,Reshape:StatefulPartitionedCall/BoxPredictor/ConvolutionalClassHead_5/ClassPredictor/BiasAdd__416_fence_before,0.002,0.001091,0.001,ssd_mobilenet_v2,3.1e-05,242,onnxrt_cuda,11,ok,0.000287
onnxruntime,99.98149,,onnx_node,Reshape:StatefulPartitionedCall/BoxPredictor/ConvolutionalClassHead_5/ClassPredictor/BiasAdd__416_kernel_time,0.075,0.022583,0.02,ssd_mobilenet_v2,0.000644,195,onnxrt_cuda,60,ok,0.007207
onnxruntime,99.655372,,onnx_node,Conv:StatefulPartitionedCall/BoxPredictor/ConvolutionalBoxHead_5/BoxEncodingPredictor/BiasAdd_kernel_time,23.256,0.560717,0.153,ssd_mobilenet_v2,0.015991,70,onnxrt_cuda,60,ok,2.954779
onnxruntime,99.990481,,onnx_node,Conv:StatefulPartitionedCall/BoxPredictor/ConvolutionalBoxHead_5/BoxEncodingPredictor/BiasAdd_fence_after,0.031,0.0085,0.001,ssd_mobilenet_v2,0.000242,212,onnxrt_cuda,4,ok,0.01299
onnxruntime,99.992631,,onnx_node,Reshape:StatefulPartitionedCall/BoxPredictor/ConvolutionalBoxHead_5/Reshape_fence_before,0.002,0.001071,0.001,ssd_mobilenet_v2,3.1e-05,244,onnxrt_cuda,56,ok,0.000258
onnxruntime,99.969882,,onnx_node,Reshape:StatefulPartitionedCall/BoxPredictor/ConvolutionalBoxHead_5/Reshape_kernel_time,0.056,0.025717,0.022,ssd_mobilenet_v2,0.000733,178,onnxrt_cuda,60,ok,0.005651
onnxruntime,99.639381,,onnx_node,Conv:StatefulPartitionedCall/BoxPredictor/ConvolutionalBoxHead_4/BoxEncodingPredictor/BiasAdd_kernel_time,24.384,0.566683,0.141,ssd_mobilenet_v2,0.016161,69,onnxrt_cuda,60,ok,3.100826
onnxruntime,99.997519,,onnx_node,Conv:StatefulPartitionedCall/BoxPredictor/ConvolutionalBoxHead_4/BoxEncodingPredictor/BiasAdd_fence_after,0.001,0.001,0.001,ssd_mobilenet_v2,2.9e-05,415,onnxrt_cuda,2,ok,0.0
onnxruntime,99.992475,,onnx_node,Transpose:StatefulPartitionedCall/BoxPredictor/ConvolutionalBoxHead_4/BoxEncodingPredictor/BiasAdd__426_fence_before,0.008,0.001154,0.001,ssd_mobilenet_v2,3.3e-05,239,onnxrt_cuda,52,ok,0.000968
onnxruntime,99.812972,,onnx_node,Transpose:StatefulPartitionedCall/BoxPredictor/ConvolutionalBoxHead_4/BoxEncodingPredictor/BiasAdd__426_kernel_time,0.128,0.080233,0.065,ssd_mobilenet_v2,0.002288,89,onnxrt_cuda,60,ok,0.013337
onnxruntime,99.997547,,onnx_node,Reshape:StatefulPartitionedCall/BoxPredictor/ConvolutionalBoxHead_4/Reshape_fence_before,0.001,0.001,0.001,ssd_mobilenet_v2,2.9e-05,416,onnxrt_cuda,17,ok,0.0
onnxruntime,99.972766,,onnx_node,Reshape:StatefulPartitionedCall/BoxPredictor/ConvolutionalBoxHead_4/Reshape_kernel_time,0.065,0.024783,0.02,ssd_mobilenet_v2,0.000707,182,onnxrt_cuda,60,ok,0.009216
onnxruntime,99.997576,,onnx_node,Conv:StatefulPartitionedCall/BoxPredictor/ConvolutionalBoxHead_3/BoxEncodingPredictor/BiasAdd_fence_before,0.001,0.001,0.001,ssd_mobilenet_v2,2.9e-05,417,onnxrt_cuda,16,ok,0.0
onnxruntime,99.57437,,onnx_node,Conv:StatefulPartitionedCall/BoxPredictor/ConvolutionalBoxHead_3/BoxEncodingPredictor/BiasAdd_kernel_time,24.455,0.573783,0.145,ssd_mobilenet_v2,0.016364,65,onnxrt_cuda,60,ok,3.109148
onnxruntime,99.997604,,onnx_node,Conv:StatefulPartitionedCall/BoxPredictor/ConvolutionalBoxHead_3/BoxEncodingPredictor/BiasAdd_fence_after,0.001,0.001,0.001,ssd_mobilenet_v2,2.9e-05,418,onnxrt_cuda,3,ok,0.0
onnxruntime,99.997633,,onnx_node,Transpose:StatefulPartitionedCall/BoxPredictor/ConvolutionalBoxHead_3/BoxEncodingPredictor/BiasAdd__432_fence_before,0.001,0.001,0.001,ssd_mobilenet_v2,2.9e-05,419,onnxrt_cuda,5,ok,0.0
onnxruntime,99.855451,,onnx_node,Transpose:StatefulPartitionedCall/BoxPredictor/ConvolutionalBoxHead_3/BoxEncodingPredictor/BiasAdd__432_kernel_time,0.126,0.06735,0.057,ssd_mobilenet_v2,0.001921,110,onnxrt_cuda,60,ok,0.011033
onnxruntime,99.997661,,onnx_node,Reshape:StatefulPartitionedCall/BoxPredictor/ConvolutionalBoxHead_3/Reshape_fence_before,0.001,0.001,0.001,ssd_mobilenet_v2,2.9e-05,420,onnxrt_cuda,19,ok,0.0
onnxruntime,99.982775,,onnx_node,Reshape:StatefulPartitionedCall/BoxPredictor/ConvolutionalBoxHead_3/Reshape_kernel_time,0.063,0.022483,0.02,ssd_mobilenet_v2,0.000641,197,onnxrt_cuda,60,ok,0.006076
onnxruntime,99.441381,,onnx_node,Conv:StatefulPartitionedCall/BoxPredictor/ConvolutionalBoxHead_2/BoxEncodingPredictor/BiasAdd_kernel_time,26.451,0.595683,0.143,ssd_mobilenet_v2,0.016988,57,onnxrt_cuda,60,ok,3.366107
onnxruntime,99.99769,,onnx_node,Conv:StatefulPartitionedCall/BoxPredictor/ConvolutionalBoxHead_2/BoxEncodingPredictor/BiasAdd_fence_after,0.001,0.001,0.001,ssd_mobilenet_v2,2.9e-05,421,onnxrt_cuda,2,ok,0.0
onnxruntime,99.997718,,onnx_node,Transpose:StatefulPartitionedCall/BoxPredictor/ConvolutionalBoxHead_2/BoxEncodingPredictor/BiasAdd__438_fence_before,0.001,0.001,0.001,ssd_mobilenet_v2,2.9e-05,422,onnxrt_cuda,11,ok,0.0
onnxruntime,99.853531,,onnx_node,Transpose:StatefulPartitionedCall/BoxPredictor/ConvolutionalBoxHead_2/BoxEncodingPredictor/BiasAdd__438_kernel_time,0.126,0.067367,0.059,ssd_mobilenet_v2,0.001921,109,onnxrt_cuda,60,ok,0.012001
onnxruntime,99.992601,,onnx_node,Reshape:StatefulPartitionedCall/BoxPredictor/ConvolutionalBoxHead_2/Reshape_fence_before,0.002,0.001083,0.001,ssd_mobilenet_v2,3.1e-05,243,onnxrt_cuda,12,ok,0.000276
onnxruntime,99.976203,,onnx_node,Reshape:StatefulPartitionedCall/BoxPredictor/ConvolutionalBoxHead_2/Reshape_kernel_time,0.072,0.023817,0.02,ssd_mobilenet_v2,0.000679,187,onnxrt_cuda,60,ok,0.008478
onnxruntime,99.284248,,onnx_node,Conv:StatefulPartitionedCall/BoxPredictor/ConvolutionalBoxHead_1/BoxEncodingPredictor/BiasAdd_kernel_time,26.075,0.634217,0.177,ssd_mobilenet_v2,0.018087,48,onnxrt_cuda,60,ok,3.312179
onnxruntime,99.997747,,onnx_node,Conv:StatefulPartitionedCall/BoxPredictor/ConvolutionalBoxHead_1/BoxEncodingPredictor/BiasAdd_fence_after,0.001,0.001,0.001,ssd_mobilenet_v2,2.9e-05,423,onnxrt_cuda,2,ok,0.0
onnxruntime,99.997776,,onnx_node,Transpose:StatefulPartitionedCall/BoxPredictor/ConvolutionalBoxHead_1/BoxEncodingPredictor/BiasAdd__444_fence_before,0.001,0.001,0.001,ssd_mobilenet_v2,2.9e-05,424,onnxrt_cuda,10,ok,0.0
onnxruntime,99.870714,,onnx_node,Transpose:StatefulPartitionedCall/BoxPredictor/ConvolutionalBoxHead_1/BoxEncodingPredictor/BiasAdd__444_kernel_time,0.124,0.066567,0.059,ssd_mobilenet_v2,0.001898,118,onnxrt_cuda,60,ok,0.010159
onnxruntime,99.990988,,onnx_node,Reshape:StatefulPartitionedCall/BoxPredictor/ConvolutionalBoxHead_1/Reshape_fence_before,0.021,0.005,0.001,ssd_mobilenet_v2,0.000143,215,onnxrt_cuda,5,ok,0.008
onnxruntime,99.978213,,onnx_node,Reshape:StatefulPartitionedCall/BoxPredictor/ConvolutionalBoxHead_1/Reshape_kernel_time,0.051,0.02335,0.02,ssd_mobilenet_v2,0.000666,190,onnxrt_cuda,60,ok,0.006153
onnxruntime,99.997804,,onnx_node,Conv:StatefulPartitionedCall/BoxPredictor/ConvolutionalBoxHead_0/BoxEncodingPredictor/BiasAdd_fence_before,0.001,0.001,0.001,ssd_mobilenet_v2,2.9e-05,425,onnxrt_cuda,1,ok,0.0
onnxruntime,99.424393,,onnx_node,Conv:StatefulPartitionedCall/BoxPredictor/ConvolutionalBoxHead_0/BoxEncodingPredictor/BiasAdd_kernel_time,24.55,0.60105,0.171,ssd_mobilenet_v2,0.017141,56,onnxrt_cuda,60,ok,3.117947
onnxruntime,99.997833,,onnx_node,Conv:StatefulPartitionedCall/BoxPredictor/ConvolutionalBoxHead_0/BoxEncodingPredictor/BiasAdd_fence_after,0.001,0.001,0.001,ssd_mobilenet_v2,2.9e-05,426,onnxrt_cuda,1,ok,0.0
onnxruntime,99.997861,,onnx_node,Transpose:StatefulPartitionedCall/BoxPredictor/ConvolutionalBoxHead_0/BoxEncodingPredictor/BiasAdd__724_fence_before,0.001,0.001,0.001,ssd_mobilenet_v2,2.9e-05,427,onnxrt_cuda,22,ok,0.0
onnxruntime,99.836032,,onnx_node,Transpose:StatefulPartitionedCall/BoxPredictor/ConvolutionalBoxHead_0/BoxEncodingPredictor/BiasAdd__724_kernel_time,0.121,0.070517,0.06,ssd_mobilenet_v2,0.002011,100,onnxrt_cuda,60,ok,0.013335
onnxruntime,99.991854,,onnx_node,Reshape:StatefulPartitionedCall/BoxPredictor/ConvolutionalBoxHead_0/Reshape_fence_before,0.022,0.002222,0.001,ssd_mobilenet_v2,6.3e-05,225,onnxrt_cuda,18,ok,0.004802
onnxruntime,99.982134,,onnx_node,Reshape:StatefulPartitionedCall/BoxPredictor/ConvolutionalBoxHead_0/Reshape_kernel_time,0.047,0.022567,0.02,ssd_mobilenet_v2,0.000644,196,onnxrt_cuda,60,ok,0.0045
onnxruntime,99.758875,,onnx_node,Concat:StatefulPartitionedCall/concat_kernel_time,0.466,0.328767,0.278,ssd_mobilenet_v2,0.009376,77,onnxrt_cuda,60,ok,0.044841
onnxruntime,99.99789,,onnx_node,Concat:StatefulPartitionedCall/concat_fence_after,0.001,0.001,0.001,ssd_mobilenet_v2,2.9e-05,428,onnxrt_cuda,4,ok,0.0
onnxruntime,99.99219,,onnx_node,Squeeze:StatefulPartitionedCall/Squeeze_fence_before,0.017,0.001615,0.001,ssd_mobilenet_v2,4.6e-05,231,onnxrt_cuda,26,ok,0.003077
onnxruntime,99.967646,,onnx_node,Squeeze:StatefulPartitionedCall/Squeeze_kernel_time,0.086,0.027433,0.023,ssd_mobilenet_v2,0.000782,175,onnxrt_cuda,60,ok,0.011099
onnxruntime,99.997918,,onnx_node,Reshape:StatefulPartitionedCall/Postprocessor/Reshape_1_fence_before,0.001,0.001,0.001,ssd_mobilenet_v2,2.9e-05,429,onnxrt_cuda,13,ok,0.0
onnxruntime,99.984044,,onnx_node,Reshape:StatefulPartitionedCall/Postprocessor/Reshape_1_kernel_time,0.065,0.022133,0.02,ssd_mobilenet_v2,0.000631,199,onnxrt_cuda,60,ok,0.005655
onnxruntime,99.790143,,onnx_node,Split:StatefulPartitionedCall/Postprocessor/Decode/unstack_kernel_time,0.325,0.24355,0.211,ssd_mobilenet_v2,0.006946,81,onnxrt_cuda,60,ok,0.029094
onnxruntime,99.997947,,onnx_node,Squeeze:StatefulPartitionedCall/Postprocessor/Decode/unstack__729_fence_before,0.001,0.001,0.001,ssd_mobilenet_v2,2.9e-05,430,onnxrt_cuda,17,ok,0.0
onnxruntime,99.970615,,onnx_node,Squeeze:StatefulPartitionedCall/Postprocessor/Decode/unstack__729_kernel_time,0.082,0.0257,0.02,ssd_mobilenet_v2,0.000733,179,onnxrt_cuda,60,ok,0.012114
onnxruntime,99.992927,,onnx_node,Mul:StatefulPartitionedCall/Postprocessor/Decode/truediv_2_fence_before,0.002,0.001018,0.001,ssd_mobilenet_v2,2.9e-05,254,onnxrt_cuda,56,ok,0.000132
onnxruntime,99.819523,,onnx_node,Mul:StatefulPartitionedCall/Postprocessor/Decode/truediv_2_kernel_time,0.105,0.07605,0.063,ssd_mobilenet_v2,0.002169,92,onnxrt_cuda,60,ok,0.011292
onnxruntime,99.997975,,onnx_node,Exp:StatefulPartitionedCall/Postprocessor/Decode/Exp_1_fence_before,0.001,0.001,0.001,ssd_mobilenet_v2,2.9e-05,431,onnxrt_cuda,42,ok,0.0
onnxruntime,99.878264,,onnx_node,Exp:StatefulPartitionedCall/Postprocessor/Decode/Exp_1_kernel_time,0.098,0.065933,0.055,ssd_mobilenet_v2,0.00188,122,onnxrt_cuda,60,ok,0.011804
onnxruntime,99.905938,,onnx_node,Mul:StatefulPartitionedCall/Postprocessor/Decode/mul_1_kernel_time,0.095,0.063967,0.054,ssd_mobilenet_v2,0.001824,137,onnxrt_cuda,60,ok,0.009676
onnxruntime,99.95873,,onnx_node,Mul:StatefulPartitionedCall/Postprocessor/Decode/truediv_6_kernel_time,0.088,0.05825,0.051,ssd_mobilenet_v2,0.001661,167,onnxrt_cuda,60,ok,0.008723
onnxruntime,99.987086,,onnx_node,Squeeze:StatefulPartitionedCall/Postprocessor/Decode/unstack__727_kernel_time,0.044,0.020983,0.019,ssd_mobilenet_v2,0.000598,204,onnxrt_cuda,60,ok,0.003122
onnxruntime,99.960392,,onnx_node,Mul:StatefulPartitionedCall/Postprocessor/Decode/mul_2_kernel_time,0.1,0.05825,0.051,ssd_mobilenet_v2,0.001661,168,onnxrt_cuda,60,ok,0.009695
onnxruntime,99.907755,,onnx_node,Add:StatefulPartitionedCall/Postprocessor/Decode/add_kernel_time,0.103,0.063717,0.055,ssd_mobilenet_v2,0.001817,138,onnxrt_cuda,60,ok,0.010993
onnxruntime,99.957069,,onnx_node,Add:StatefulPartitionedCall/Postprocessor/Decode/add_2_kernel_time,0.114,0.058533,0.051,ssd_mobilenet_v2,0.001669,166,onnxrt_cuda,60,ok,0.010335
onnxruntime,99.992342,,onnx_node,Unsqueeze:StatefulPartitionedCall/Postprocessor/Decode/stack_Unsqueeze__733_fence_before,0.002,0.0012,0.001,ssd_mobilenet_v2,3.4e-05,235,onnxrt_cuda,60,ok,0.0004
onnxruntime,99.971338,,onnx_node,Unsqueeze:StatefulPartitionedCall/Postprocessor/Decode/stack_Unsqueeze__733_kernel_time,0.051,0.02535,0.021,ssd_mobilenet_v2,0.000723,180,onnxrt_cuda,60,ok,0.00685
onnxruntime,99.843873,,onnx_node,Sub:StatefulPartitionedCall/Postprocessor/Decode/sub_kernel_time,0.097,0.068333,0.057,ssd_mobilenet_v2,0.001949,104,onnxrt_cuda,60,ok,0.010405
onnxruntime,99.992375,,onnx_node,Unsqueeze:StatefulPartitionedCall/Postprocessor/Decode/stack_Unsqueeze__731_fence_before,0.008,0.00117,0.001,ssd_mobilenet_v2,3.3e-05,236,onnxrt_cuda,53,ok,0.000966
onnxruntime,99.984672,,onnx_node,Unsqueeze:StatefulPartitionedCall/Postprocessor/Decode/stack_Unsqueeze__731_kernel_time,0.046,0.022017,0.019,ssd_mobilenet_v2,0.000628,200,onnxrt_cuda,60,ok,0.005207
onnxruntime,99.992408,,onnx_node,Squeeze:StatefulPartitionedCall/Postprocessor/Decode/unstack__730_fence_before,0.002,0.001167,0.001,ssd_mobilenet_v2,3.3e-05,237,onnxrt_cuda,6,ok,0.000373
onnxruntime,99.979533,,onnx_node,Squeeze:StatefulPartitionedCall/Postprocessor/Decode/unstack__730_kernel_time,0.071,0.023083,0.019,ssd_mobilenet_v2,0.000658,192,onnxrt_cuda,60,ok,0.008743
onnxruntime,99.99179,,onnx_node,Mul:StatefulPartitionedCall/Postprocessor/Decode/truediv_3_fence_before,0.017,0.002333,0.001,ssd_mobilenet_v2,6.7e-05,224,onnxrt_cuda,12,ok,0.004422
onnxruntime,99.866917,,onnx_node,Mul:StatefulPartitionedCall/Postprocessor/Decode/truediv_3_kernel_time,0.147,0.06665,0.053,ssd_mobilenet_v2,0.001901,116,onnxrt_cuda,60,ok,0.0189
onnxruntime,99.952031,,onnx_node,Exp:StatefulPartitionedCall/Postprocessor/Decode/Exp_kernel_time,0.117,0.059567,0.05,ssd_mobilenet_v2,0.001699,163,onnxrt_cuda,60,ok,0.014645
onnxruntime,99.962052,,onnx_node,Mul:StatefulPartitionedCall/Postprocessor/Decode/mul_kernel_time,0.088,0.058217,0.051,ssd_mobilenet_v2,0.00166,169,onnxrt_cuda,60,ok,0.007701
onnxruntime,99.9554,,onnx_node,Mul:StatefulPartitionedCall/Postprocessor/Decode/truediv_7_kernel_time,0.118,0.058833,0.05,ssd_mobilenet_v2,0.001678,165,onnxrt_cuda,60,ok,0.015938
onnxruntime,99.992722,,onnx_node,Squeeze:StatefulPartitionedCall/Postprocessor/Decode/unstack__728_fence_before,0.002,0.001053,0.001,ssd_mobilenet_v2,3e-05,247,onnxrt_cuda,38,ok,0.000223
onnxruntime,99.987681,,onnx_node,Squeeze:StatefulPartitionedCall/Postprocessor/Decode/unstack__728_kernel_time,0.026,0.02085,0.019,ssd_mobilenet_v2,0.000595,205,onnxrt_cuda,60,ok,0.001388
onnxruntime,99.950332,,onnx_node,Mul:StatefulPartitionedCall/Postprocessor/Decode/mul_3_kernel_time,0.116,0.0607,0.05,ssd_mobilenet_v2,0.001731,162,onnxrt_cuda,60,ok,0.015048
onnxruntime,99.998004,,onnx_node,Add:StatefulPartitionedCall/Postprocessor/Decode/add_1_fence_before,0.001,0.001,0.001,ssd_mobilenet_v2,2.9e-05,432,onnxrt_cuda,1,ok,0.0
onnxruntime,99.941648,,onnx_node,Add:StatefulPartitionedCall/Postprocessor/Decode/add_1_kernel_time,0.116,0.0612,0.051,ssd_mobilenet_v2,0.001745,157,onnxrt_cuda,60,ok,0.011505
onnxruntime,99.953722,,onnx_node,Add:StatefulPartitionedCall/Postprocessor/Decode/add_3_kernel_time,0.118,0.0593,0.049,ssd_mobilenet_v2,0.001691,164,onnxrt_cuda,60,ok,0.013692
onnxruntime,99.998032,,onnx_node,Unsqueeze:StatefulPartitionedCall/Postprocessor/Decode/stack_Unsqueeze__734_fence_before,0.001,0.001,0.001,ssd_mobilenet_v2,2.9e-05,433,onnxrt_cuda,57,ok,0.0
onnxruntime,99.978875,,onnx_node,Unsqueeze:StatefulPartitionedCall/Postprocessor/Decode/stack_Unsqueeze__734_kernel_time,0.077,0.0232,0.019,ssd_mobilenet_v2,0.000662,191,onnxrt_cuda,60,ok,0.00865
onnxruntime,99.916785,,onnx_node,Sub:StatefulPartitionedCall/Postprocessor/Decode/sub_1_kernel_time,0.122,0.062967,0.053,ssd_mobilenet_v2,0.001796,143,onnxrt_cuda,60,ok,0.012657
onnxruntime,99.998061,,onnx_node,Unsqueeze:StatefulPartitionedCall/Postprocessor/Decode/stack_Unsqueeze__732_fence_before,0.001,0.001,0.001,ssd_mobilenet_v2,2.9e-05,434,onnxrt_cuda,52,ok,0.0
onnxruntime,99.985889,,onnx_node,Unsqueeze:StatefulPartitionedCall/Postprocessor/Decode/stack_Unsqueeze__732_kernel_time,0.047,0.021067,0.018,ssd_mobilenet_v2,0.000601,202,onnxrt_cuda,60,ok,0.004604
onnxruntime,99.783197,,onnx_node,Concat:StatefulPartitionedCall/Postprocessor/Decode/stack_Concat__735_kernel_time,0.336,0.246483,0.209,ssd_mobilenet_v2,0.007029,80,onnxrt_cuda,60,ok,0.033435
onnxruntime,99.998089,,onnx_node,Transpose:StatefulPartitionedCall/Postprocessor/Decode/transpose_1_fence_before,0.001,0.001,0.001,ssd_mobilenet_v2,2.9e-05,435,onnxrt_cuda,11,ok,0.0
onnxruntime,99.808277,,onnx_node,Transpose:StatefulPartitionedCall/Postprocessor/Decode/transpose_1_kernel_time,0.147,0.08865,0.072,ssd_mobilenet_v2,0.002528,87,onnxrt_cuda,60,ok,0.018674
onnxruntime,99.998118,,onnx_node,Reshape:StatefulPartitionedCall/Postprocessor/Reshape_2_fence_before,0.001,0.001,0.001,ssd_mobilenet_v2,2.9e-05,436,onnxrt_cuda,19,ok,0.0
onnxruntime,99.97206,,onnx_node,Reshape:StatefulPartitionedCall/Postprocessor/Reshape_2_kernel_time,0.065,0.0253,0.021,ssd_mobilenet_v2,0.000722,181,onnxrt_cuda,60,ok,0.008554
onnxruntime,99.985288,,onnx_node,Unsqueeze:StatefulPartitionedCall/Postprocessor/ExpandDims_1_kernel_time,0.059,0.021617,0.018,ssd_mobilenet_v2,0.000616,201,onnxrt_cuda,60,ok,0.008269
onnxruntime,99.803168,,onnx_node,Squeeze:StatefulPartitionedCall/Postprocessor/Squeeze_kernel_time,0.174,0.0909,0.078,ssd_mobilenet_v2,0.002592,85,onnxrt_cuda,60,ok,0.016532
onnxruntime,99.99284,,onnx_node,Conv:StatefulPartitionedCall/BoxPredictor/ConvolutionalClassHead_5/ClassPredictor/BiasAdd_fence_before,0.002,0.001024,0.001,ssd_mobilenet_v2,2.9e-05,251,onnxrt_cuda,41,ok,0.000154
onnxruntime,99.229127,,onnx_node,Conv:StatefulPartitionedCall/BoxPredictor/ConvolutionalClassHead_5/ClassPredictor/BiasAdd_kernel_time,25.739,0.656767,0.191,ssd_mobilenet_v2,0.01873,45,onnxrt_cuda,60,ok,3.265575
onnxruntime,99.998146,,onnx_node,Conv:StatefulPartitionedCall/BoxPredictor/ConvolutionalClassHead_5/ClassPredictor/BiasAdd_fence_after,0.001,0.001,0.001,ssd_mobilenet_v2,2.9e-05,437,onnxrt_cuda,6,ok,0.0
onnxruntime,99.992752,,onnx_node,Reshape:StatefulPartitionedCall/BoxPredictor/ConvolutionalClassHead_5/Reshape_fence_before,0.003,0.001047,0.001,ssd_mobilenet_v2,3e-05,248,onnxrt_cuda,43,ok,0.000301
onnxruntime,99.968407,,onnx_node,Reshape:StatefulPartitionedCall/BoxPredictor/ConvolutionalClassHead_5/Reshape_kernel_time,0.057,0.0267,0.022,ssd_mobilenet_v2,0.000761,176,onnxrt_cuda,60,ok,0.006456
onnxruntime,99.013775,,onnx_node,Conv:StatefulPartitionedCall/BoxPredictor/ConvolutionalClassHead_4/ClassPredictor/BiasAdd_kernel_time,33.619,0.728833,0.148,ssd_mobilenet_v2,0.020786,34,onnxrt_cuda,60,ok,4.282036
onnxruntime,99.998175,,onnx_node,Conv:StatefulPartitionedCall/BoxPredictor/ConvolutionalClassHead_4/ClassPredictor/BiasAdd_fence_after,0.001,0.001,0.001,ssd_mobilenet_v2,2.9e-05,438,onnxrt_cuda,1,ok,0.0
onnxruntime,99.998203,,onnx_node,Transpose:StatefulPartitionedCall/BoxPredictor/ConvolutionalClassHead_4/ClassPredictor/BiasAdd__423_fence_before,0.001,0.001,0.001,ssd_mobilenet_v2,2.9e-05,439,onnxrt_cuda,16,ok,0.0
onnxruntime,99.815175,,onnx_node,Transpose:StatefulPartitionedCall/BoxPredictor/ConvolutionalClassHead_4/ClassPredictor/BiasAdd__423_kernel_time,0.143,0.077267,0.062,ssd_mobilenet_v2,0.002204,90,onnxrt_cuda,60,ok,0.016736
onnxruntime,99.998232,,onnx_node,Reshape:StatefulPartitionedCall/BoxPredictor/ConvolutionalClassHead_4/Reshape_fence_before,0.001,0.001,0.001,ssd_mobilenet_v2,2.9e-05,440,onnxrt_cuda,15,ok,0.0
onnxruntime,99.977547,,onnx_node,Reshape:StatefulPartitionedCall/BoxPredictor/ConvolutionalClassHead_4/Reshape_kernel_time,0.061,0.02345,0.02,ssd_mobilenet_v2,0.000669,189,onnxrt_cuda,60,ok,0.007824
onnxruntime,99.034322,,onnx_node,Conv:StatefulPartitionedCall/BoxPredictor/ConvolutionalClassHead_3/ClassPredictor/BiasAdd_kernel_time,33.214,0.720467,0.144,ssd_mobilenet_v2,0.020547,35,onnxrt_cuda,60,ok,4.230394
onnxruntime,99.99826,,onnx_node,Conv:StatefulPartitionedCall/BoxPredictor/ConvolutionalClassHead_3/ClassPredictor/BiasAdd_fence_after,0.001,0.001,0.001,ssd_mobilenet_v2,2.9e-05,441,onnxrt_cuda,1,ok,0.0
onnxruntime,99.998289,,onnx_node,Transpose:StatefulPartitionedCall/BoxPredictor/ConvolutionalClassHead_3/ClassPredictor/BiasAdd__429_fence_before,0.001,0.001,0.001,ssd_mobilenet_v2,2.9e-05,442,onnxrt_cuda,9,ok,0.0
onnxruntime,99.841924,,onnx_node,Transpose:StatefulPartitionedCall/BoxPredictor/ConvolutionalClassHead_3/ClassPredictor/BiasAdd__429_kernel_time,0.127,0.0684,0.057,ssd_mobilenet_v2,0.001951,103,onnxrt_cuda,60,ok,0.015609
onnxruntime,99.998317,,onnx_node,Transpose:StatefulPartitionedCall/BoxPredictor/ConvolutionalClassHead_3/ClassPredictor/BiasAdd__429_fence_after,0.001,0.001,0.001,ssd_mobilenet_v2,2.9e-05,443,onnxrt_cuda,1,ok,0.0
onnxruntime,99.998346,,onnx_node,Reshape:StatefulPartitionedCall/BoxPredictor/ConvolutionalClassHead_3/Reshape_fence_before,0.001,0.001,0.001,ssd_mobilenet_v2,2.9e-05,444,onnxrt_cuda,4,ok,0.0
onnxruntime,99.983413,,onnx_node,Reshape:StatefulPartitionedCall/BoxPredictor/ConvolutionalClassHead_3/Reshape_kernel_time,0.05,0.022367,0.02,ssd_mobilenet_v2,0.000638,198,onnxrt_cuda,60,ok,0.005144
onnxruntime,99.458348,,onnx_node,Conv:StatefulPartitionedCall/BoxPredictor/ConvolutionalClassHead_2/ClassPredictor/BiasAdd_kernel_time,23.219,0.594933,0.181,ssd_mobilenet_v2,0.016967,58,onnxrt_cuda,60,ok,2.945536
onnxruntime,99.998374,,onnx_node,Conv:StatefulPartitionedCall/BoxPredictor/ConvolutionalClassHead_2/ClassPredictor/BiasAdd_fence_after,0.001,0.001,0.001,ssd_mobilenet_v2,2.9e-05,445,onnxrt_cuda,3,ok,0.0
onnxruntime,99.998403,,onnx_node,Transpose:StatefulPartitionedCall/BoxPredictor/ConvolutionalClassHead_2/ClassPredictor/BiasAdd__435_fence_before,0.001,0.001,0.001,ssd_mobilenet_v2,2.9e-05,446,onnxrt_cuda,18,ok,0.0
onnxruntime,99.831997,,onnx_node,Transpose:StatefulPartitionedCall/BoxPredictor/ConvolutionalClassHead_2/ClassPredictor/BiasAdd__435_kernel_time,0.121,0.07205,0.06,ssd_mobilenet_v2,0.002055,98,onnxrt_cuda,60,ok,0.01353
onnxruntime,99.998431,,onnx_node,Reshape:StatefulPartitionedCall/BoxPredictor/ConvolutionalClassHead_2/Reshape_fence_before,0.001,0.001,0.001,ssd_mobilenet_v2,2.9e-05,447,onnxrt_cuda,22,ok,0.0
onnxruntime,99.980191,,onnx_node,Reshape:StatefulPartitionedCall/BoxPredictor/ConvolutionalClassHead_2/Reshape_kernel_time,0.046,0.023083,0.02,ssd_mobilenet_v2,0.000658,193,onnxrt_cuda,60,ok,0.005981
onnxruntime,99.094683,,onnx_node,Conv:StatefulPartitionedCall/BoxPredictor/ConvolutionalClassHead_1/ClassPredictor/BiasAdd_kernel_time,29.793,0.698033,0.174,ssd_mobilenet_v2,0.019907,38,onnxrt_cuda,60,ok,3.787915
onnxruntime,99.99846,,onnx_node,Conv:StatefulPartitionedCall/BoxPredictor/ConvolutionalClassHead_1/ClassPredictor/BiasAdd_fence_after,0.001,0.001,0.001,ssd_mobilenet_v2,2.9e-05,448,onnxrt_cuda,3,ok,0.0
onnxruntime,99.998488,,onnx_node,Transpose:StatefulPartitionedCall/BoxPredictor/ConvolutionalClassHead_1/ClassPredictor/BiasAdd__441_fence_before,0.001,0.001,0.001,ssd_mobilenet_v2,2.9e-05,449,onnxrt_cuda,15,ok,0.0
onnxruntime,99.834021,,onnx_node,Transpose:StatefulPartitionedCall/BoxPredictor/ConvolutionalClassHead_1/ClassPredictor/BiasAdd__441_kernel_time,0.128,0.070967,0.059,ssd_mobilenet_v2,0.002024,99,onnxrt_cuda,60,ok,0.015848
onnxruntime,99.998517,,onnx_node,Reshape:StatefulPartitionedCall/BoxPredictor/ConvolutionalClassHead_1/Reshape_fence_before,0.001,0.001,0.001,ssd_mobilenet_v2,2.9e-05,450,onnxrt_cuda,5,ok,0.0
onnxruntime,99.980846,,onnx_node,Reshape:StatefulPartitionedCall/BoxPredictor/ConvolutionalClassHead_1/Reshape_kernel_time,0.059,0.02295,0.02,ssd_mobilenet_v2,0.000655,194,onnxrt_cuda,60,ok,0.007237
onnxruntime,98.793283,,onnx_node,Conv:StatefulPartitionedCall/BoxPredictor/ConvolutionalClassHead_0/ClassPredictor/BiasAdd_kernel_time,39.607,0.857633,0.177,ssd_mobilenet_v2,0.024459,24,onnxrt_cuda,60,ok,5.044802
onnxruntime,99.998546,,onnx_node,Conv:StatefulPartitionedCall/BoxPredictor/ConvolutionalClassHead_0/ClassPredictor/BiasAdd_fence_after,0.001,0.001,0.001,ssd_mobilenet_v2,2.9e-05,451,onnxrt_cuda,2,ok,0.0
onnxruntime,99.992442,,onnx_node,Transpose:StatefulPartitionedCall/BoxPredictor/ConvolutionalClassHead_0/ClassPredictor/BiasAdd__447_fence_before,0.002,0.001167,0.001,ssd_mobilenet_v2,3.3e-05,238,onnxrt_cuda,6,ok,0.000373
onnxruntime,99.839973,,onnx_node,Transpose:StatefulPartitionedCall/BoxPredictor/ConvolutionalClassHead_0/ClassPredictor/BiasAdd__447_kernel_time,0.137,0.068917,0.059,ssd_mobilenet_v2,0.001965,102,onnxrt_cuda,60,ok,0.015683
onnxruntime,99.998574,,onnx_node,Reshape:StatefulPartitionedCall/BoxPredictor/ConvolutionalClassHead_0/Reshape_fence_before,0.001,0.001,0.001,ssd_mobilenet_v2,2.9e-05,452,onnxrt_cuda,8,ok,0.0
onnxruntime,99.976878,,onnx_node,Reshape:StatefulPartitionedCall/BoxPredictor/ConvolutionalClassHead_0/Reshape_kernel_time,0.074,0.023683,0.019,ssd_mobilenet_v2,0.000675,188,onnxrt_cuda,60,ok,0.010508
onnxruntime,99.998603,,onnx_node,Concat:StatefulPartitionedCall/concat_1_fence_before,0.001,0.001,0.001,ssd_mobilenet_v2,2.9e-05,453,onnxrt_cuda,9,ok,0.0
onnxruntime,99.776167,,onnx_node,Concat:StatefulPartitionedCall/concat_1_kernel_time,0.554,0.279433,0.241,ssd_mobilenet_v2,0.007969,79,onnxrt_cuda,60,ok,0.047893
onnxruntime,99.998631,,onnx_node,Concat:StatefulPartitionedCall/concat_1_fence_after,0.001,0.001,0.001,ssd_mobilenet_v2,2.9e-05,454,onnxrt_cuda,3,ok,0.0
onnxruntime,99.992956,,onnx_node,Sigmoid:StatefulPartitionedCall/Postprocessor/convert_scores_fence_before,0.002,0.001017,0.001,ssd_mobilenet_v2,2.9e-05,255,onnxrt_cuda,59,ok,0.000129
onnxruntime,99.82582,,onnx_node,Sigmoid:StatefulPartitionedCall/Postprocessor/convert_scores_kernel_time,0.113,0.072817,0.063,ssd_mobilenet_v2,0.002077,95,onnxrt_cuda,60,ok,0.011398
onnxruntime,93.60131,,onnx_node,SequentialExecutor::Execute,12121.346,228.901417,24.568,ssd_mobilenet_v2,6.528072,4,onnxrt_cuda,60,ok,1548.275206
onnxruntime,87.073238,,onnx_node,model_run,12124.079,253.9769,51.774,ssd_mobilenet_v2,7.243203,3,onnxrt_cuda,60,ok,1545.364618
onnxruntime,99.99866,,onnx_node,Resize:Resize__36_fence_after,0.001,0.001,0.001,ssd_mobilenet_v2,2.9e-05,455,onnxrt_cuda,1,ok,0.0
onnxruntime,99.998688,,onnx_node,Unsqueeze:StatefulPartitionedCall/Preprocessor/stack_fence_before,0.001,0.001,0.001,ssd_mobilenet_v2,2.9e-05,456,onnxrt_cuda,15,ok,0.0
onnxruntime,99.998717,,onnx_node,Conv:StatefulPartitionedCall/ssd_mobile_net_v2keras_feature_extractor/functional_1/block_11_depthwise/depthwise_fence_before,0.001,0.001,0.001,ssd_mobilenet_v2,2.9e-05,457,onnxrt_cuda,8,ok,0.0
onnxruntime,99.998745,,onnx_node,Conv:StatefulPartitionedCall/ssd_mobile_net_v2keras_feature_extractor/functional_1/block_15_depthwise/depthwise_fence_before,0.001,0.001,0.001,ssd_mobilenet_v2,2.9e-05,458,onnxrt_cuda,16,ok,0.0
onnxruntime,99.998774,,onnx_node,Conv:StatefulPartitionedCall/BoxPredictor/ConvolutionalBoxHead_5/BoxEncodingPredictor/BiasAdd_fence_before,0.001,0.001,0.001,ssd_mobilenet_v2,2.9e-05,459,onnxrt_cuda,9,ok,0.0
onnxruntime,99.998802,,onnx_node,Transpose:StatefulPartitionedCall/BoxPredictor/ConvolutionalBoxHead_0/BoxEncodingPredictor/BiasAdd__724_fence_after,0.001,0.001,0.001,ssd_mobilenet_v2,2.9e-05,460,onnxrt_cuda,1,ok,0.0
onnxruntime,99.99281,,onnx_node,Split:StatefulPartitionedCall/Postprocessor/Decode/unstack_fence_before,0.002,0.001026,0.001,ssd_mobilenet_v2,2.9e-05,250,onnxrt_cuda,38,ok,0.00016
onnxruntime,99.998831,,onnx_node,Conv:StatefulPartitionedCall/BoxPredictor/ConvolutionalClassHead_4/ClassPredictor/BiasAdd_fence_before,0.001,0.001,0.001,ssd_mobilenet_v2,2.9e-05,461,onnxrt_cuda,7,ok,0.0
onnxruntime,99.998859,,onnx_node,Concat:StatefulPartitionedCall/concat_fence_before,0.001,0.001,0.001,ssd_mobilenet_v2,2.9e-05,462,onnxrt_cuda,38,ok,0.0
onnxruntime,99.998888,,onnx_node,Squeeze:StatefulPartitionedCall/Postprocessor/Decode/unstack__727_fence_before,0.001,0.001,0.001,ssd_mobilenet_v2,2.9e-05,463,onnxrt_cuda,8,ok,0.0
onnxruntime,99.998916,,onnx_node,Sub:StatefulPartitionedCall/Postprocessor/Decode/sub_fence_before,0.001,0.001,0.001,ssd_mobilenet_v2,2.9e-05,464,onnxrt_cuda,17,ok,0.0
onnxruntime,99.990846,,onnx_node,Mul:StatefulPartitionedCall/Postprocessor/Decode/mul_fence_before,0.025,0.0058,0.001,ssd_mobilenet_v2,0.000165,214,onnxrt_cuda,5,ok,0.0096
onnxruntime,99.998945,,onnx_node,Concat:StatefulPartitionedCall/Postprocessor/Decode/stack_Concat__735_fence_before,0.001,0.001,0.001,ssd_mobilenet_v2,2.9e-05,465,onnxrt_cuda,10,ok,0.0
onnxruntime,99.998973,,onnx_node,Slice:Slice__33_fence_before,0.001,0.001,0.001,ssd_mobilenet_v2,2.9e-05,466,onnxrt_cuda,14,ok,0.0
onnxruntime,99.999002,,onnx_node,Conv:StatefulPartitionedCall/ssd_mobile_net_v2keras_feature_extractor/functional_1/block_7_expand/Conv2D_fence_before,0.001,0.001,0.001,ssd_mobilenet_v2,2.9e-05,467,onnxrt_cuda,17,ok,0.0
onnxruntime,99.99903,,onnx_node,Conv:StatefulPartitionedCall/ssd_mobile_net_v2keras_feature_extractor/FeatureMaps/layer_19_1_Conv2d_4_1x1_128_conv/Conv2D_fence_before,0.001,0.001,0.001,ssd_mobilenet_v2,2.9e-05,468,onnxrt_cuda,20,ok,0.0
onnxruntime,99.999059,,onnx_node,Mul:StatefulPartitionedCall/Postprocessor/Decode/mul_1_fence_before,0.001,0.001,0.001,ssd_mobilenet_v2,2.9e-05,469,onnxrt_cuda,5,ok,0.0
onnxruntime,99.99068,,onnx_node,Conv:StatefulPartitionedCall/BoxPredictor/ConvolutionalClassHead_2/ClassPredictor/BiasAdd_fence_before,0.019,0.007,0.001,ssd_mobilenet_v2,0.0002,213,onnxrt_cuda,3,ok,0.008485
onnxruntime,99.999087,,onnx_node,Mul:StatefulPartitionedCall/Postprocessor/Decode/truediv_6_fence_before,0.001,0.001,0.001,ssd_mobilenet_v2,2.9e-05,470,onnxrt_cuda,1,ok,0.0
onnxruntime,99.999116,,onnx_node,Exp:StatefulPartitionedCall/Postprocessor/Decode/Exp_fence_before,0.001,0.001,0.001,ssd_mobilenet_v2,2.9e-05,471,onnxrt_cuda,8,ok,0.0
onnxruntime,99.999144,,onnx_node,Conv:StatefulPartitionedCall/ssd_mobile_net_v2keras_feature_extractor/functional_1/block_8_expand/Conv2D_fence_before,0.001,0.001,0.001,ssd_mobilenet_v2,2.9e-05,472,onnxrt_cuda,4,ok,0.0
onnxruntime,99.999173,,onnx_node,Conv:StatefulPartitionedCall/ssd_mobile_net_v2keras_feature_extractor/functional_1/block_10_expand/Conv2D_fence_before,0.001,0.001,0.001,ssd_mobilenet_v2,2.9e-05,473,onnxrt_cuda,11,ok,0.0
onnxruntime,99.999201,,onnx_node,Conv:StatefulPartitionedCall/ssd_mobile_net_v2keras_feature_extractor/functional_1/block_12_depthwise/depthwise_fence_before,0.001,0.001,0.001,ssd_mobilenet_v2,2.9e-05,474,onnxrt_cuda,6,ok,0.0
onnxruntime,99.99923,,onnx_node,Conv:StatefulPartitionedCall/ssd_mobile_net_v2keras_feature_extractor/functional_1/block_16_expand/Conv2D_fence_before,0.001,0.001,0.001,ssd_mobilenet_v2,2.9e-05,475,onnxrt_cuda,15,ok,0.0
onnxruntime,99.999259,,onnx_node,Add:StatefulPartitionedCall/Postprocessor/Decode/add_2_fence_before,0.001,0.001,0.001,ssd_mobilenet_v2,2.9e-05,476,onnxrt_cuda,4,ok,0.0
onnxruntime,99.999287,,onnx_node,Sub:StatefulPartitionedCall/Postprocessor/Decode/sub_1_fence_before,0.001,0.001,0.001,ssd_mobilenet_v2,2.9e-05,477,onnxrt_cuda,6,ok,0.0
onnxruntime,99.999316,,onnx_node,Conv:StatefulPartitionedCall/ssd_mobile_net_v2keras_feature_extractor/functional_1/block_13_depthwise/depthwise_fence_before,0.001,0.001,0.001,ssd_mobilenet_v2,2.9e-05,478,onnxrt_cuda,2,ok,0.0
onnxruntime,99.999344,,onnx_node,Mul:StatefulPartitionedCall/Postprocessor/Decode/mul_2_fence_before,0.001,0.001,0.001,ssd_mobilenet_v2,2.9e-05,479,onnxrt_cuda,8,ok,0.0
onnxruntime,99.999373,,onnx_node,Conv:StatefulPartitionedCall/ssd_mobile_net_v2keras_feature_extractor/FeatureMaps/layer_19_1_Conv2d_5_1x1_64_conv/Conv2D_fence_before,0.001,0.001,0.001,ssd_mobilenet_v2,2.9e-05,480,onnxrt_cuda,12,ok,0.0
onnxruntime,99.999401,,onnx_node,Conv:StatefulPartitionedCall/BoxPredictor/ConvolutionalClassHead_0/ClassPredictor/BiasAdd_fence_before,0.001,0.001,0.001,ssd_mobilenet_v2,2.9e-05,481,onnxrt_cuda,8,ok,0.0
onnxruntime,99.991504,,onnx_node,Unsqueeze:StatefulPartitionedCall/Postprocessor/Decode/stack_Unsqueeze__731_fence_after,0.003,0.003,0.003,ssd_mobilenet_v2,8.6e-05,220,onnxrt_cuda,1,ok,0.0
onnxruntime,99.99943,,onnx_node,Clip:StatefulPartitionedCall/ssd_mobile_net_v2keras_feature_extractor/functional_1/Conv1_relu/Relu6_fence_after,0.001,0.001,0.001,ssd_mobilenet_v2,2.9e-05,482,onnxrt_cuda,1,ok,0.0
onnxruntime,99.999458,,onnx_node,Sub:StatefulPartitionedCall/Preprocessor/sub_fence_before,0.001,0.001,0.001,ssd_mobilenet_v2,2.9e-05,483,onnxrt_cuda,5,ok,0.0
onnxruntime,99.999487,,onnx_node,Conv:StatefulPartitionedCall/BoxPredictor/ConvolutionalBoxHead_2/BoxEncodingPredictor/BiasAdd_fence_before,0.001,0.001,0.001,ssd_mobilenet_v2,2.9e-05,484,onnxrt_cuda,3,ok,0.0
onnxruntime,99.999515,,onnx_node,Clip:StatefulPartitionedCall/ssd_mobile_net_v2keras_feature_extractor/FeatureMaps/layer_19_2_Conv2d_5_3x3_s2_128/Relu6_fence_after,0.001,0.001,0.001,ssd_mobilenet_v2,2.9e-05,485,onnxrt_cuda,1,ok,0.0
onnxruntime,99.999544,,onnx_node,Clip:StatefulPartitionedCall/ssd_mobile_net_v2keras_feature_extractor/FeatureMaps/layer_19_1_Conv2d_2_1x1_256/Relu6_fence_after,0.001,0.001,0.001,ssd_mobilenet_v2,2.9e-05,486,onnxrt_cuda,1,ok,0.0
onnxruntime,99.999572,,onnx_node,Unsqueeze:StatefulPartitionedCall/Postprocessor/ExpandDims_1_fence_before,0.001,0.001,0.001,ssd_mobilenet_v2,2.9e-05,487,onnxrt_cuda,2,ok,0.0
onnxruntime,99.999601,,onnx_node,Conv:StatefulPartitionedCall/BoxPredictor/ConvolutionalBoxHead_1/BoxEncodingPredictor/BiasAdd_fence_before,0.001,0.001,0.001,ssd_mobilenet_v2,2.9e-05,488,onnxrt_cuda,4,ok,0.0
onnxruntime,99.999629,,onnx_node,Conv:StatefulPartitionedCall/BoxPredictor/ConvolutionalBoxHead_4/BoxEncodingPredictor/BiasAdd_fence_before,0.001,0.001,0.001,ssd_mobilenet_v2,2.9e-05,489,onnxrt_cuda,3,ok,0.0
onnxruntime,99.991333,,onnx_node,Add:StatefulPartitionedCall/Postprocessor/Decode/add_fence_before,0.021,0.003222,0.001,ssd_mobilenet_v2,9.2e-05,218,onnxrt_cuda,9,ok,0.006285
onnxruntime,99.991131,,onnx_node,Conv:StatefulPartitionedCall/ssd_mobile_net_v2keras_feature_extractor/functional_1/block_5_expand/Conv2D_fence_before,0.021,0.005,0.001,ssd_mobilenet_v2,0.000143,216,onnxrt_cuda,5,ok,0.008
onnxruntime,99.999658,,onnx_node,Conv:StatefulPartitionedCall/ssd_mobile_net_v2keras_feature_extractor/functional_1/block_6_expand/Conv2D_fence_before,0.001,0.001,0.001,ssd_mobilenet_v2,2.9e-05,490,onnxrt_cuda,2,ok,0.0
onnxruntime,99.96325,,onnx_node,Reshape:StatefulPartitionedCall/Postprocessor/Reshape_1_fence_after,0.042,0.042,0.042,ssd_mobilenet_v2,0.001198,170,onnxrt_cuda,1,ok,0.0
onnxruntime,99.999686,,onnx_node,Add:StatefulPartitionedCall/Postprocessor/Decode/add_2_fence_after,0.001,0.001,0.001,ssd_mobilenet_v2,2.9e-05,491,onnxrt_cuda,1,ok,0.0
onnxruntime,99.999715,,onnx_node,Reshape:StatefulPartitionedCall/BoxPredictor/ConvolutionalClassHead_5/Reshape_fence_after,0.001,0.001,0.001,ssd_mobilenet_v2,2.9e-05,492,onnxrt_cuda,1,ok,0.0
onnxruntime,99.986488,,onnx_node,Add:StatefulPartitionedCall/ssd_mobile_net_v2keras_feature_extractor/functional_1/block_4_add/add_fence_after,0.021,0.021,0.021,ssd_mobilenet_v2,0.000599,203,onnxrt_cuda,1,ok,0.0
onnxruntime,99.989606,,onnx_node,Clip:StatefulPartitionedCall/ssd_mobile_net_v2keras_feature_extractor/functional_1/block_4_depthwise_relu/Relu6_fence_after,0.027,0.014,0.001,ssd_mobilenet_v2,0.000399,209,onnxrt_cuda,2,ok,0.013
onnxruntime,99.966056,,onnx_node,Clip:StatefulPartitionedCall/ssd_mobile_net_v2keras_feature_extractor/functional_1/block_8_expand_relu/Relu6_fence_after,0.032,0.0305,0.029,ssd_mobilenet_v2,0.00087,173,onnxrt_cuda,2,ok,0.0015
onnxruntime,99.999743,,onnx_node,Clip:StatefulPartitionedCall/ssd_mobile_net_v2keras_feature_extractor/functional_1/block_11_depthwise_relu/Relu6_fence_after,0.001,0.001,0.001,ssd_mobilenet_v2,2.9e-05,493,onnxrt_cuda,1,ok,0.0
onnxruntime,99.969149,,onnx_node,Reshape:StatefulPartitionedCall/ssd_mobile_net_v2keras_feature_extractor/FeatureMaps/layer_19_2_Conv2d_5_3x3_s2_128_batchnorm/FusedBatchNormV3__412_fence_after,0.026,0.026,0.026,ssd_mobilenet_v2,0.000741,177,onnxrt_cuda,1,ok,0.0
onnxruntime,99.999772,,onnx_node,Unsqueeze:StatefulPartitionedCall/Postprocessor/Decode/stack_Unsqueeze__734_fence_after,0.001,0.001,0.001,ssd_mobilenet_v2,2.9e-05,494,onnxrt_cuda,1,ok,0.0
onnxruntime,99.9998,,onnx_node,Add:StatefulPartitionedCall/ssd_mobile_net_v2keras_feature_extractor/functional_1/block_8_add/add_fence_after,0.001,0.001,0.001,ssd_mobilenet_v2,2.9e-05,495,onnxrt_cuda,1,ok,0.0
onnxruntime,99.999829,,onnx_node,Clip:StatefulPartitionedCall/ssd_mobile_net_v2keras_feature_extractor/FeatureMaps/layer_19_1_Conv2d_3_1x1_128/Relu6_fence_after,0.001,0.001,0.001,ssd_mobilenet_v2,2.9e-05,496,onnxrt_cuda,1,ok,0.0
onnxruntime,99.999857,,onnx_node,Transpose:StatefulPartitionedCall/BoxPredictor/ConvolutionalClassHead_4/ClassPredictor/BiasAdd__423_fence_after,0.001,0.001,0.001,ssd_mobilenet_v2,2.9e-05,497,onnxrt_cuda,1,ok,0.0
onnxruntime,99.989207,,onnx_node,Exp:StatefulPartitionedCall/Postprocessor/Decode/Exp_fence_after,0.016,0.016,0.016,ssd_mobilenet_v2,0.000456,208,onnxrt_cuda,1,ok,0.0
onnxruntime,99.999886,,onnx_node,Reshape:StatefulPartitionedCall/BoxPredictor/ConvolutionalClassHead_0/Reshape_fence_after,0.001,0.001,0.001,ssd_mobilenet_v2,2.9e-05,498,onnxrt_cuda,1,ok,0.0
onnxruntime,99.988251,,onnx_node,Mul:StatefulPartitionedCall/Postprocessor/Decode/truediv_3_fence_after,0.02,0.02,0.02,ssd_mobilenet_v2,0.00057,206,onnxrt_cuda,1,ok,0.0
onnxruntime,99.999914,,onnx_node,Conv:StatefulPartitionedCall/BoxPredictor/ConvolutionalClassHead_3/ClassPredictor/BiasAdd_fence_before,0.001,0.001,0.001,ssd_mobilenet_v2,2.9e-05,499,onnxrt_cuda,2,ok,0.0
onnxruntime,99.999943,,onnx_node,Squeeze:StatefulPartitionedCall/Postprocessor/Squeeze_fence_before,0.001,0.001,0.001,ssd_mobilenet_v2,2.9e-05,500,onnxrt_cuda,1,ok,0.0
onnxruntime,99.999971,,onnx_node,Clip:StatefulPartitionedCall/ssd_mobile_net_v2keras_feature_extractor/FeatureMaps/layer_19_2_Conv2d_3_3x3_s2_256/Relu6_fence_after,0.001,0.001,0.001,ssd_mobilenet_v2,2.9e-05,501,onnxrt_cuda,1,ok,0.0
onnxruntime,100.0,,onnx_node,Mul:StatefulPartitionedCall/Postprocessor/Decode/mul_3_fence_before,0.001,0.001,0.001,ssd_mobilenet_v2,2.9e-05,502,onnxrt_cuda,1,ok,0.0
onnxruntime,99.997043,,onnx_node,model_loading_uri,55.047,55.047,55.047,ssd_mobilenet_v2,0.598803,5,onnxrt_trt,1,ok,0.0
onnxruntime,99.39824,,onnx_node,session_initialization,1890.462,1890.462,1890.462,ssd_mobilenet_v2,20.564517,4,onnxrt_trt,1,ok,0.0
onnxruntime,99.999977,,onnx_node,Cast:StatefulPartitionedCall/Cast_fence_before,0.003,0.00215,0.002,ssd_mobilenet_v2,2.3e-05,11,onnxrt_trt,60,ok,0.000357
onnxruntime,99.999518,,onnx_node,Cast:StatefulPartitionedCall/Cast_kernel_time,0.071,0.049483,0.046,ssd_mobilenet_v2,0.000538,7,onnxrt_trt,60,ok,0.003222
onnxruntime,100.0,,onnx_node,Cast:StatefulPartitionedCall/Cast_fence_after,0.001,0.001,0.001,ssd_mobilenet_v2,1.1e-05,13,onnxrt_trt,44,ok,0.0
onnxruntime,99.998979,,onnx_node,MemcpyFromHost:Memcpy_kernel_time,0.372,0.177983,0.134,ssd_mobilenet_v2,0.001936,6,onnxrt_trt,60,ok,0.039908
onnxruntime,99.999954,,onnx_node,MemcpyFromHost:Memcpy_fence_after,0.009,0.006733,0.006,ssd_mobilenet_v2,7.3e-05,10,onnxrt_trt,60,ok,0.000727
onnxruntime,99.999881,,onnx_node,TRTKernel_graph_tf2onnx_13787934107006508419_1:TensorrtExecutionProvider_TRTKernel_graph_tf2onnx_13787934107006508419_1_0_fence_before,0.019,0.0132,0.012,ssd_mobilenet_v2,0.000144,9,onnxrt_trt,60,ok,0.001077
onnxruntime,78.833723,,onnx_node,TRTKernel_graph_tf2onnx_13787934107006508419_1:TensorrtExecutionProvider_TRTKernel_graph_tf2onnx_13787934107006508419_1_0_kernel_time,144218.267,2408.611467,4.741,ssd_mobilenet_v2,26.200967,3,onnxrt_trt,60,ok,18462.044621
onnxruntime,99.999737,,onnx_node,TRTKernel_graph_tf2onnx_13787934107006508419_1:TensorrtExecutionProvider_TRTKernel_graph_tf2onnx_13787934107006508419_1_0_fence_after,0.103,0.020167,0.017,ssd_mobilenet_v2,0.000219,8,onnxrt_trt,60,ok,0.010818
onnxruntime,52.632756,,onnx_node,SequentialExecutor::Execute,144219.124,2409.070333,5.148,ssd_mobilenet_v2,26.205958,2,onnxrt_trt,60,ok,18462.096454
onnxruntime,26.426798,,onnx_node,model_run,144228.638,2429.371767,25.789,ssd_mobilenet_v2,26.426798,1,onnxrt_trt,60,ok,18460.692049
onnxruntime,99.999989,,onnx_node,MemcpyFromHost:Memcpy_fence_before,0.003,0.0011,0.001,ssd_mobilenet_v2,1.2e-05,12,onnxrt_trt,20,ok,0.000436
,,benchmark_model not found. Set --tflite-benchmark-bin or TFLITE_BENCHMARK_MODEL_BIN.,,,,,,ssd_mobilenet_v2,,,tflite_cpu,0,error,
,,benchmark_model not found. Set --tflite-benchmark-bin or TFLITE_BENCHMARK_MODEL_BIN.,,,,,,ssd_mobilenet_v2,,,tflite_gpu,0,error,
ncnn,28.659126,,ncnn_layer,Convolution:StatefulPartitionedCall/ssd_mobile_net_v2keras_feature_extractor/functional_1/Conv1/Conv2D,4.74,3.951029,3.9,ssd_mobilenet_v2,3.010787,7,ncnn_cpu,68,ok,0.114995
ncnn,89.174303,,ncnn_layer,Clip:StatefulPartitionedCall/ssd_mobile_net_v2keras_feature_extractor/functional_1/Conv1_relu/Relu6,0.85,0.675147,0.66,ssd_mobilenet_v2,0.51448,54,ncnn_cpu,68,ok,0.029679
ncnn,62.755197,,ncnn_layer,ConvolutionDepthWise:StatefulPartitionedCall/ssd_mobile_net_v2keras_feature_extractor/functional_1/expanded_conv_depthwise/depthwise,3.63,1.832206,1.75,ssd_mobilenet_v2,1.396189,24,ncnn_cpu,68,ok,0.221312
ncnn,88.659823,,ncnn_layer,Clip:StatefulPartitionedCall/ssd_mobile_net_v2keras_feature_extractor/functional_1/expanded_conv_depthwise_relu/Relu6,0.75,0.683971,0.66,ssd_mobilenet_v2,0.521204,53,ncnn_cpu,68,ok,0.018402
ncnn,49.45448,,ncnn_layer,Convolution:StatefulPartitionedCall/ssd_mobile_net_v2keras_feature_extractor/functional_1/expanded_conv_project/Conv2D,2.62,2.493088,2.35,ssd_mobilenet_v2,1.899798,16,ncnn_cpu,68,ok,0.077027
ncnn,15.937214,,ncnn_layer,Convolution:StatefulPartitionedCall/ssd_mobile_net_v2keras_feature_extractor/functional_1/block_1_expand/Conv2D,9.02,5.313088,5.09,ssd_mobilenet_v2,4.048711,3,ncnn_cpu,68,ok,0.63869
ncnn,58.231227,,ncnn_layer,Clip:StatefulPartitionedCall/ssd_mobile_net_v2keras_feature_extractor/functional_1/block_1_expand_relu/Relu6,2.33,2.186471,2.15,ssd_mobilenet_v2,1.666148,21,ncnn_cpu,68,ok,0.031751
ncnn,25.648339,,ncnn_layer,ConvolutionDepthWise:StatefulPartitionedCall/ssd_mobile_net_v2keras_feature_extractor/functional_1/block_1_depthwise/depthwise,7.32,4.085735,3.97,ssd_mobilenet_v2,3.113437,6,ncnn_cpu,68,ok,0.399847
ncnn,91.395945,,ncnn_layer,Clip:StatefulPartitionedCall/ssd_mobile_net_v2keras_feature_extractor/functional_1/block_1_depthwise_relu/Relu6,0.57,0.506176,0.49,ssd_mobilenet_v2,0.385719,59,ncnn_cpu,68,ok,0.015438
ncnn,39.001837,,ncnn_layer,Convolution:StatefulPartitionedCall/ssd_mobile_net_v2keras_feature_extractor/functional_1/block_1_project/Conv2D,3.21,3.138529,3.06,ssd_mobilenet_v2,2.391641,11,ncnn_cpu,68,ok,0.036833
ncnn,99.988235,,ncnn_layer,Split:splitncnn_0,0.01,0.003382,0.0,ssd_mobilenet_v2,0.002577,167,ncnn_cpu,68,ok,0.004731
ncnn,43.369142,,ncnn_layer,Convolution:StatefulPartitionedCall/ssd_mobile_net_v2keras_feature_extractor/functional_1/block_2_expand/Conv2D,2.92,2.8575,2.8,ssd_mobilenet_v2,2.177489,13,ncnn_cpu,68,ok,0.026423
ncnn,86.396718,,ncnn_layer,Clip:StatefulPartitionedCall/ssd_mobile_net_v2keras_feature_extractor/functional_1/block_2_expand_relu/Relu6,0.92,0.778382,0.75,ssd_mobilenet_v2,0.593147,49,ncnn_cpu,68,ok,0.035172
ncnn,56.56508,,ncnn_layer,ConvolutionDepthWise:StatefulPartitionedCall/ssd_mobile_net_v2keras_feature_extractor/functional_1/block_2_depthwise/depthwise,3.58,2.221029,2.16,ssd_mobilenet_v2,1.692482,20,ncnn_cpu,68,ok,0.170511
ncnn,85.80357,,ncnn_layer,Clip:StatefulPartitionedCall/ssd_mobile_net_v2keras_feature_extractor/functional_1/block_2_depthwise_relu/Relu6,0.86,0.7825,0.76,ssd_mobilenet_v2,0.596285,48,ncnn_cpu,68,ok,0.02232
ncnn,19.311757,,ncnn_layer,Convolution:StatefulPartitionedCall/ssd_mobile_net_v2keras_feature_extractor/functional_1/block_2_project/Conv2D,4.53,4.428382,4.39,ssd_mobilenet_v2,3.374542,4,ncnn_cpu,68,ok,0.029536
ncnn,94.869664,,ncnn_layer,BinaryOp:StatefulPartitionedCall/ssd_mobile_net_v2keras_feature_extractor/functional_1/block_2_add/add,0.34,0.261471,0.25,ssd_mobilenet_v2,0.199248,72,ncnn_cpu,68,ok,0.017087
ncnn,41.191653,,ncnn_layer,Convolution:StatefulPartitionedCall/ssd_mobile_net_v2keras_feature_extractor/functional_1/block_3_expand/Conv2D,2.93,2.873676,2.78,ssd_mobilenet_v2,2.189816,12,ncnn_cpu,68,ok,0.030337
ncnn,86.981685,,ncnn_layer,Clip:StatefulPartitionedCall/ssd_mobile_net_v2keras_feature_extractor/functional_1/block_3_expand_relu/Relu6,0.83,0.767647,0.75,ssd_mobilenet_v2,0.584967,50,ncnn_cpu,68,ok,0.02217
ncnn,69.076651,,ncnn_layer,ConvolutionDepthWise:StatefulPartitionedCall/ssd_mobile_net_v2keras_feature_extractor/functional_1/block_3_depthwise/depthwise,1.65,1.603088,1.56,ssd_mobilenet_v2,1.221595,29,ncnn_cpu,68,ok,0.024269
ncnn,96.548475,,ncnn_layer,Clip:StatefulPartitionedCall/ssd_mobile_net_v2keras_feature_extractor/functional_1/block_3_depthwise_relu/Relu6,0.22,0.191029,0.18,ssd_mobilenet_v2,0.145569,82,ncnn_cpu,68,ok,0.005461
ncnn,79.695596,,ncnn_layer,Convolution:StatefulPartitionedCall/ssd_mobile_net_v2keras_feature_extractor/functional_1/block_3_project/Conv2D,1.33,1.138824,1.12,ssd_mobilenet_v2,0.867814,40,ncnn_cpu,68,ok,0.029532
ncnn,99.992605,,ncnn_layer,Split:splitncnn_1,0.01,0.0025,0.0,ssd_mobilenet_v2,0.001905,169,ncnn_cpu,68,ok,0.00433
ncnn,78.827782,,ncnn_layer,Convolution:StatefulPartitionedCall/ssd_mobile_net_v2keras_feature_extractor/functional_1/block_4_expand/Conv2D,1.23,1.170882,1.15,ssd_mobilenet_v2,0.892243,39,ncnn_cpu,68,ok,0.017718
ncnn,95.430874,,ncnn_layer,Clip:StatefulPartitionedCall/ssd_mobile_net_v2keras_feature_extractor/functional_1/block_4_expand_relu/Relu6,0.29,0.230294,0.22,ssd_mobilenet_v2,0.17549,75,ncnn_cpu,68,ok,0.014139
ncnn,87.562842,,ncnn_layer,ConvolutionDepthWise:StatefulPartitionedCall/ssd_mobile_net_v2keras_feature_extractor/functional_1/block_4_depthwise/depthwise,0.83,0.762647,0.72,ssd_mobilenet_v2,0.581157,51,ncnn_cpu,68,ok,0.019221
ncnn,95.063085,,ncnn_layer,Clip:StatefulPartitionedCall/ssd_mobile_net_v2keras_feature_extractor/functional_1/block_4_depthwise_relu/Relu6,0.3,0.253824,0.25,ssd_mobilenet_v2,0.193421,73,ncnn_cpu,68,ok,0.009856
ncnn,71.230047,,ncnn_layer,Convolution:StatefulPartitionedCall/ssd_mobile_net_v2keras_feature_extractor/functional_1/block_4_project/Conv2D,1.41,1.348235,1.32,ssd_mobilenet_v2,1.02739,31,ncnn_cpu,68,ok,0.019246
ncnn,98.312901,,ncnn_layer,BinaryOp:StatefulPartitionedCall/ssd_mobile_net_v2keras_feature_extractor/functional_1/block_4_add/add,0.13,0.100735,0.09,ssd_mobilenet_v2,0.076763,99,ncnn_cpu,68,ok,0.004639
ncnn,99.998432,,ncnn_layer,Split:splitncnn_2,0.03,0.000441,0.0,ssd_mobilenet_v2,0.000336,176,ncnn_cpu,68,ok,0.003611
ncnn,77.935539,,ncnn_layer,Convolution:StatefulPartitionedCall/ssd_mobile_net_v2keras_feature_extractor/functional_1/block_5_expand/Conv2D,1.3,1.190735,1.17,ssd_mobilenet_v2,0.907371,38,ncnn_cpu,68,ok,0.022901
ncnn,95.779165,,ncnn_layer,Clip:StatefulPartitionedCall/ssd_mobile_net_v2keras_feature_extractor/functional_1/block_5_expand_relu/Relu6,0.31,0.227353,0.2,ssd_mobilenet_v2,0.173249,77,ncnn_cpu,68,ok,0.016144
ncnn,88.138619,,ncnn_layer,ConvolutionDepthWise:StatefulPartitionedCall/ssd_mobile_net_v2keras_feature_extractor/functional_1/block_5_depthwise/depthwise,0.84,0.755588,0.72,ssd_mobilenet_v2,0.575778,52,ncnn_cpu,68,ok,0.028511
ncnn,95.255384,,ncnn_layer,Clip:StatefulPartitionedCall/ssd_mobile_net_v2keras_feature_extractor/functional_1/block_5_depthwise_relu/Relu6,0.3,0.252353,0.25,ssd_mobilenet_v2,0.1923,74,ncnn_cpu,68,ok,0.0073
ncnn,72.253291,,ncnn_layer,Convolution:StatefulPartitionedCall/ssd_mobile_net_v2keras_feature_extractor/functional_1/block_5_project/Conv2D,1.41,1.342794,1.32,ssd_mobilenet_v2,1.023244,32,ncnn_cpu,68,ok,0.018853
ncnn,98.236138,,ncnn_layer,BinaryOp:StatefulPartitionedCall/ssd_mobile_net_v2keras_feature_extractor/functional_1/block_5_add/add,0.13,0.102059,0.1,ssd_mobilenet_v2,0.077772,98,ncnn_cpu,68,ok,0.005302
ncnn,77.028168,,ncnn_layer,Convolution:StatefulPartitionedCall/ssd_mobile_net_v2keras_feature_extractor/functional_1/block_6_expand/Conv2D,1.26,1.192059,1.14,ssd_mobilenet_v2,0.90838,37,ncnn_cpu,68,ok,0.02026
ncnn,95.605916,,ncnn_layer,Clip:StatefulPartitionedCall/ssd_mobile_net_v2keras_feature_extractor/functional_1/block_6_expand_relu/Relu6,0.3,0.229706,0.2,ssd_mobilenet_v2,0.175042,76,ncnn_cpu,68,ok,0.015046
ncnn,89.666258,,ncnn_layer,ConvolutionDepthWise:StatefulPartitionedCall/ssd_mobile_net_v2keras_feature_extractor/functional_1/block_6_depthwise/depthwise,0.78,0.645588,0.62,ssd_mobilenet_v2,0.491955,55,ncnn_cpu,68,ok,0.025917
ncnn,98.864585,,ncnn_layer,Clip:StatefulPartitionedCall/ssd_mobile_net_v2keras_feature_extractor/functional_1/block_6_depthwise_relu/Relu6,0.1,0.070588,0.07,ssd_mobilenet_v2,0.05379,108,ncnn_cpu,68,ok,0.003789
ncnn,90.147455,,ncnn_layer,Convolution:StatefulPartitionedCall/ssd_mobile_net_v2keras_feature_extractor/functional_1/block_6_project/Conv2D,0.73,0.631471,0.62,ssd_mobilenet_v2,0.481197,56,ncnn_cpu,68,ok,0.016473
ncnn,99.99944,,ncnn_layer,Split:splitncnn_3,0.01,0.000147,0.0,ssd_mobilenet_v2,0.000112,180,ncnn_cpu,68,ok,0.001204
ncnn,83.884833,,ncnn_layer,Convolution:StatefulPartitionedCall/ssd_mobile_net_v2keras_feature_extractor/functional_1/block_7_expand/Conv2D,1.15,1.0875,1.07,ssd_mobilenet_v2,0.828703,45,ncnn_cpu,68,ok,0.015846
ncnn,98.158367,,ncnn_layer,Clip:StatefulPartitionedCall/ssd_mobile_net_v2keras_feature_extractor/functional_1/block_7_expand_relu/Relu6,0.15,0.108235,0.1,ssd_mobilenet_v2,0.082478,97,ncnn_cpu,68,ok,0.01212
ncnn,92.951823,,ncnn_layer,ConvolutionDepthWise:StatefulPartitionedCall/ssd_mobile_net_v2keras_feature_extractor/functional_1/block_7_depthwise/depthwise,0.45,0.374412,0.35,ssd_mobilenet_v2,0.285312,64,ncnn_cpu,68,ok,0.018261
ncnn,97.529359,,ncnn_layer,Clip:StatefulPartitionedCall/ssd_mobile_net_v2keras_feature_extractor/functional_1/block_7_depthwise_relu/Relu6,0.16,0.132353,0.12,ssd_mobilenet_v2,0.100856,90,ncnn_cpu,68,ok,0.006885
ncnn,73.230589,,ncnn_layer,Convolution:StatefulPartitionedCall/ssd_mobile_net_v2keras_feature_extractor/functional_1/block_7_project/Conv2D,1.49,1.2825,1.26,ssd_mobilenet_v2,0.977298,33,ncnn_cpu,68,ok,0.030311
ncnn,99.199877,,ncnn_layer,BinaryOp:StatefulPartitionedCall/ssd_mobile_net_v2keras_feature_extractor/functional_1/block_7_add/add,0.08,0.054265,0.05,ssd_mobilenet_v2,0.041351,115,ncnn_cpu,68,ok,0.006712
ncnn,100.0,,ncnn_layer,Split:splitncnn_4,0.0,0.0,0.0,ssd_mobilenet_v2,0.0,186,ncnn_cpu,68,ok,0.0
ncnn,83.05613,,ncnn_layer,Convolution:StatefulPartitionedCall/ssd_mobile_net_v2keras_feature_extractor/functional_1/block_8_expand/Conv2D,1.14,1.097941,1.08,ssd_mobilenet_v2,0.83666,44,ncnn_cpu,68,ok,0.013673
ncnn,97.992962,,ncnn_layer,Clip:StatefulPartitionedCall/ssd_mobile_net_v2keras_feature_extractor/functional_1/block_8_expand_relu/Relu6,0.16,0.112353,0.1,ssd_mobilenet_v2,0.085616,95,ncnn_cpu,68,ok,0.011772
ncnn,93.232876,,ncnn_layer,ConvolutionDepthWise:StatefulPartitionedCall/ssd_mobile_net_v2keras_feature_extractor/functional_1/block_8_depthwise/depthwise,0.44,0.368824,0.35,ssd_mobilenet_v2,0.281053,65,ncnn_cpu,68,ok,0.015768
ncnn,97.629207,,ncnn_layer,Clip:StatefulPartitionedCall/ssd_mobile_net_v2keras_feature_extractor/functional_1/block_8_depthwise_relu/Relu6,0.16,0.131029,0.12,ssd_mobilenet_v2,0.099848,91,ncnn_cpu,68,ok,0.005185
ncnn,75.180927,,ncnn_layer,Convolution:StatefulPartitionedCall/ssd_mobile_net_v2keras_feature_extractor/functional_1/block_8_project/Conv2D,1.45,1.278676,1.25,ssd_mobilenet_v2,0.974384,35,ncnn_cpu,68,ok,0.030482
ncnn,99.158526,,ncnn_layer,BinaryOp:StatefulPartitionedCall/ssd_mobile_net_v2keras_feature_extractor/functional_1/block_8_add/add,0.1,0.054706,0.05,ssd_mobilenet_v2,0.041687,114,ncnn_cpu,68,ok,0.008989
ncnn,100.0,,ncnn_layer,Split:splitncnn_5,0.0,0.0,0.0,ssd_mobilenet_v2,0.0,187,ncnn_cpu,68,ok,0.0
ncnn,81.380569,,ncnn_layer,Convolution:StatefulPartitionedCall/ssd_mobile_net_v2keras_feature_extractor/functional_1/block_9_expand/Conv2D,1.16,1.105,1.08,ssd_mobilenet_v2,0.842039,42,ncnn_cpu,68,ok,0.01595
ncnn,98.075889,,ncnn_layer,Clip:StatefulPartitionedCall/ssd_mobile_net_v2keras_feature_extractor/functional_1/block_9_expand_relu/Relu6,0.15,0.108824,0.1,ssd_mobilenet_v2,0.082927,96,ncnn_cpu,68,ok,0.012191
ncnn,92.666511,,ncnn_layer,ConvolutionDepthWise:StatefulPartitionedCall/ssd_mobile_net_v2keras_feature_extractor/functional_1/block_9_depthwise/depthwise,0.44,0.376618,0.35,ssd_mobilenet_v2,0.286993,63,ncnn_cpu,68,ok,0.01836
ncnn,97.428503,,ncnn_layer,Clip:StatefulPartitionedCall/ssd_mobile_net_v2keras_feature_extractor/functional_1/block_9_depthwise_relu/Relu6,0.19,0.1325,0.12,ssd_mobilenet_v2,0.100968,89,ncnn_cpu,68,ok,0.009758
ncnn,74.206543,,ncnn_layer,Convolution:StatefulPartitionedCall/ssd_mobile_net_v2keras_feature_extractor/functional_1/block_9_project/Conv2D,1.45,1.280735,1.26,ssd_mobilenet_v2,0.975953,34,ncnn_cpu,68,ok,0.026364
ncnn,99.318439,,ncnn_layer,BinaryOp:StatefulPartitionedCall/ssd_mobile_net_v2keras_feature_extractor/functional_1/block_9_add/add,0.07,0.050441,0.05,ssd_mobilenet_v2,0.038437,118,ncnn_cpu,68,ok,0.002676
ncnn,82.21947,,ncnn_layer,Convolution:StatefulPartitionedCall/ssd_mobile_net_v2keras_feature_extractor/functional_1/block_10_expand/Conv2D,1.16,1.100882,1.08,ssd_mobilenet_v2,0.838901,43,ncnn_cpu,68,ok,0.017213
ncnn,97.907346,,ncnn_layer,Clip:StatefulPartitionedCall/ssd_mobile_net_v2keras_feature_extractor/functional_1/block_10_expand_relu/Relu6,0.15,0.113971,0.1,ssd_mobilenet_v2,0.086849,94,ncnn_cpu,68,ok,0.012264
ncnn,93.792966,,ncnn_layer,ConvolutionDepthWise:StatefulPartitionedCall/ssd_mobile_net_v2keras_feature_extractor/functional_1/block_10_depthwise/depthwise,0.44,0.366765,0.35,ssd_mobilenet_v2,0.279484,67,ncnn_cpu,68,ok,0.0164
ncnn,97.728494,,ncnn_layer,Clip:StatefulPartitionedCall/ssd_mobile_net_v2keras_feature_extractor/functional_1/block_10_depthwise_relu/Relu6,0.16,0.130294,0.12,ssd_mobilenet_v2,0.099287,92,ncnn_cpu,68,ok,0.004528
ncnn,64.102078,,ncnn_layer,Convolution:StatefulPartitionedCall/ssd_mobile_net_v2keras_feature_extractor/functional_1/block_10_project/Conv2D,1.98,1.7675,1.74,ssd_mobilenet_v2,1.346881,25,ncnn_cpu,68,ok,0.034826
ncnn,99.996415,,ncnn_layer,Split:splitncnn_6,0.01,0.001029,0.0,ssd_mobilenet_v2,0.000784,172,ncnn_cpu,68,ok,0.003039
ncnn,54.872598,,ncnn_layer,Convolution:StatefulPartitionedCall/ssd_mobile_net_v2keras_feature_extractor/functional_1/block_11_expand/Conv2D,2.42,2.345735,2.32,ssd_mobilenet_v2,1.787511,19,ncnn_cpu,68,ok,0.019122
ncnn,96.96165,,ncnn_layer,Clip:StatefulPartitionedCall/ssd_mobile_net_v2keras_feature_extractor/functional_1/block_11_expand_relu/Relu6,0.24,0.17,0.16,ssd_mobilenet_v2,0.129544,85,ncnn_cpu,68,ok,0.014753
ncnn,90.58125,,ncnn_layer,ConvolutionDepthWise:StatefulPartitionedCall/ssd_mobile_net_v2keras_feature_extractor/functional_1/block_11_depthwise/depthwise,0.61,0.569265,0.54,ssd_mobilenet_v2,0.433795,57,ncnn_cpu,68,ok,0.014685
ncnn,96.256104,,ncnn_layer,Clip:StatefulPartitionedCall/ssd_mobile_net_v2keras_feature_extractor/functional_1/block_11_depthwise_relu/Relu6,0.23,0.192794,0.19,ssd_mobilenet_v2,0.146914,80,ncnn_cpu,68,ok,0.006381
ncnn,45.47704,,ncnn_layer,Convolution:StatefulPartitionedCall/ssd_mobile_net_v2keras_feature_extractor/functional_1/block_11_project/Conv2D,4.73,2.766176,2.68,ssd_mobilenet_v2,2.107898,14,ncnn_cpu,68,ok,0.241576
ncnn,98.755996,,ncnn_layer,BinaryOp:StatefulPartitionedCall/ssd_mobile_net_v2keras_feature_extractor/functional_1/block_11_add/add,0.12,0.073088,0.07,ssd_mobilenet_v2,0.055695,106,ncnn_cpu,68,ok,0.007907
ncnn,99.998768,,ncnn_layer,Split:splitncnn_7,0.03,0.000441,0.0,ssd_mobilenet_v2,0.000336,177,ncnn_cpu,68,ok,0.003611
ncnn,53.085086,,ncnn_layer,Convolution:StatefulPartitionedCall/ssd_mobile_net_v2keras_feature_extractor/functional_1/block_12_expand/Conv2D,2.44,2.38,2.34,ssd_mobilenet_v2,1.813622,18,ncnn_cpu,68,ok,0.026122
ncnn,97.089289,,ncnn_layer,Clip:StatefulPartitionedCall/ssd_mobile_net_v2keras_feature_extractor/functional_1/block_12_expand_relu/Relu6,0.22,0.1675,0.15,ssd_mobilenet_v2,0.127639,86,ncnn_cpu,68,ok,0.012292
ncnn,91.010225,,ncnn_layer,ConvolutionDepthWise:StatefulPartitionedCall/ssd_mobile_net_v2keras_feature_extractor/functional_1/block_12_depthwise/depthwise,0.66,0.562941,0.54,ssd_mobilenet_v2,0.428976,58,ncnn_cpu,68,ok,0.022626
ncnn,96.402906,,ncnn_layer,Clip:StatefulPartitionedCall/ssd_mobile_net_v2keras_feature_extractor/functional_1/block_12_depthwise_relu/Relu6,0.23,0.192647,0.19,ssd_mobilenet_v2,0.146802,81,ncnn_cpu,68,ok,0.00868
ncnn,47.554682,,ncnn_layer,Convolution:StatefulPartitionedCall/ssd_mobile_net_v2keras_feature_extractor/functional_1/block_12_project/Conv2D,3.16,2.726471,2.67,ssd_mobilenet_v2,2.077642,15,ncnn_cpu,68,ok,0.058076
ncnn,98.810795,,ncnn_layer,BinaryOp:StatefulPartitionedCall/ssd_mobile_net_v2keras_feature_extractor/functional_1/block_12_add/add,0.13,0.071912,0.07,ssd_mobilenet_v2,0.054799,107,ncnn_cpu,68,ok,0.008271
ncnn,51.271464,,ncnn_layer,Convolution:StatefulPartitionedCall/ssd_mobile_net_v2keras_feature_extractor/functional_1/block_13_expand/Conv2D,2.48,2.384412,2.35,ssd_mobilenet_v2,1.816984,17,ncnn_cpu,68,ok,0.028614
ncnn,97.214014,,ncnn_layer,Clip:StatefulPartitionedCall/ssd_mobile_net_v2keras_feature_extractor/functional_1/block_13_expand_relu/Relu6,0.22,0.163676,0.15,ssd_mobilenet_v2,0.124725,87,ncnn_cpu,68,ok,0.012708
ncnn,99.995631,,ncnn_layer,Split:splitncnn_8,0.01,0.001765,0.0,ssd_mobilenet_v2,0.001345,171,ncnn_cpu,68,ok,0.003812
ncnn,6.037711,,ncnn_layer,Convolution:StatefulPartitionedCall/BoxPredictor/ConvolutionalClassHead_0/ClassPredictor/BiasAdd,8.7,7.923235,7.89,ssd_mobilenet_v2,6.037711,1,ncnn_cpu,68,ok,0.097021
ncnn,96.109189,,ncnn_layer,Permute:StatefulPartitionedCall/BoxPredictor/ConvolutionalClassHead_0/ClassPredictor/BiasAdd__447,0.26,0.215,0.2,ssd_mobilenet_v2,0.163836,79,ncnn_cpu,68,ok,0.013449
ncnn,92.071907,,ncnn_layer,Reshape:StatefulPartitionedCall/BoxPredictor/ConvolutionalClassHead_0/Reshape,0.5,0.405735,0.39,ssd_mobilenet_v2,0.309181,61,ncnn_cpu,68,ok,0.019198
ncnn,91.762726,,ncnn_layer,ConvolutionDepthWise:StatefulPartitionedCall/ssd_mobile_net_v2keras_feature_extractor/functional_1/block_13_depthwise/depthwise,0.63,0.481324,0.46,ssd_mobilenet_v2,0.366781,60,ncnn_cpu,68,ok,0.030674
ncnn,99.280002,,ncnn_layer,Clip:StatefulPartitionedCall/ssd_mobile_net_v2keras_feature_extractor/functional_1/block_13_depthwise_relu/Relu6,0.1,0.050882,0.05,ssd_mobilenet_v2,0.038773,117,ncnn_cpu,68,ok,0.00612
ncnn,76.119788,,ncnn_layer,Convolution:StatefulPartitionedCall/ssd_mobile_net_v2keras_feature_extractor/functional_1/block_13_project/Conv2D,1.33,1.232059,1.21,ssd_mobilenet_v2,0.938861,36,ncnn_cpu,68,ok,0.023045
ncnn,99.997088,,ncnn_layer,Split:splitncnn_9,0.01,0.000882,0.0,ssd_mobilenet_v2,0.000672,173,ncnn_cpu,68,ok,0.002836
ncnn,67.855056,,ncnn_layer,Convolution:StatefulPartitionedCall/ssd_mobile_net_v2keras_feature_extractor/functional_1/block_14_expand/Conv2D,1.68,1.631912,1.6,ssd_mobilenet_v2,1.243559,28,ncnn_cpu,68,ok,0.026638
ncnn,99.020128,,ncnn_layer,Clip:StatefulPartitionedCall/ssd_mobile_net_v2keras_feature_extractor/functional_1/block_14_expand_relu/Relu6,0.09,0.066912,0.06,ssd_mobilenet_v2,0.050989,111,ncnn_cpu,68,ok,0.006244
ncnn,94.470161,,ncnn_layer,ConvolutionDepthWise:StatefulPartitionedCall/ssd_mobile_net_v2keras_feature_extractor/functional_1/block_14_depthwise/depthwise,0.38,0.291765,0.28,ssd_mobilenet_v2,0.222333,70,ncnn_cpu,68,ok,0.011368
ncnn,98.581515,,ncnn_layer,Clip:StatefulPartitionedCall/ssd_mobile_net_v2keras_feature_extractor/functional_1/block_14_depthwise_relu/Relu6,0.11,0.082059,0.08,ssd_mobilenet_v2,0.062531,103,ncnn_cpu,68,ok,0.006765
ncnn,61.359008,,ncnn_layer,Convolution:StatefulPartitionedCall/ssd_mobile_net_v2keras_feature_extractor/functional_1/block_14_project/Conv2D,2.28,2.051765,2.02,ssd_mobilenet_v2,1.563498,23,ncnn_cpu,68,ok,0.033119
ncnn,99.478913,,ncnn_layer,BinaryOp:StatefulPartitionedCall/ssd_mobile_net_v2keras_feature_extractor/functional_1/block_14_add/add,0.05,0.038235,0.03,ssd_mobilenet_v2,0.029136,123,ncnn_cpu,68,ok,0.00418
ncnn,100.0,,ncnn_layer,Split:splitncnn_10,0.0,0.0,0.0,ssd_mobilenet_v2,0.0,188,ncnn_cpu,68,ok,0.0
ncnn,66.611497,,ncnn_layer,Convolution:StatefulPartitionedCall/ssd_mobile_net_v2keras_feature_extractor/functional_1/block_15_expand/Conv2D,1.73,1.645735,1.61,ssd_mobilenet_v2,1.254093,27,ncnn_cpu,68,ok,0.026696
ncnn,98.917479,,ncnn_layer,Clip:StatefulPartitionedCall/ssd_mobile_net_v2keras_feature_extractor/functional_1/block_15_expand_relu/Relu6,0.12,0.069412,0.06,ssd_mobilenet_v2,0.052894,109,ncnn_cpu,68,ok,0.007837
ncnn,94.021125,,ncnn_layer,ConvolutionDepthWise:StatefulPartitionedCall/ssd_mobile_net_v2keras_feature_extractor/functional_1/block_15_depthwise/depthwise,0.38,0.299412,0.29,ssd_mobilenet_v2,0.22816,68,ncnn_cpu,68,ok,0.01814
ncnn,98.518984,,ncnn_layer,Clip:StatefulPartitionedCall/ssd_mobile_net_v2keras_feature_extractor/functional_1/block_15_depthwise_relu/Relu6,0.14,0.082206,0.08,ssd_mobilenet_v2,0.062643,102,ncnn_cpu,68,ok,0.009525
ncnn,59.79551,,ncnn_layer,Convolution:StatefulPartitionedCall/ssd_mobile_net_v2keras_feature_extractor/functional_1/block_15_project/Conv2D,2.1,2.052794,2.02,ssd_mobilenet_v2,1.564283,22,ncnn_cpu,68,ok,0.019467
ncnn,99.531695,,ncnn_layer,BinaryOp:StatefulPartitionedCall/ssd_mobile_net_v2keras_feature_extractor/functional_1/block_15_add/add,0.04,0.032941,0.03,ssd_mobilenet_v2,0.025102,125,ncnn_cpu,68,ok,0.004556
ncnn,65.357404,,ncnn_layer,Convolution:StatefulPartitionedCall/ssd_mobile_net_v2keras_feature_extractor/functional_1/block_16_expand/Conv2D,1.73,1.647353,1.61,ssd_mobilenet_v2,1.255326,26,ncnn_cpu,68,ok,0.026823
ncnn,98.96914,,ncnn_layer,Clip:StatefulPartitionedCall/ssd_mobile_net_v2keras_feature_extractor/functional_1/block_16_expand_relu/Relu6,0.12,0.067794,0.06,ssd_mobilenet_v2,0.051661,110,ncnn_cpu,68,ok,0.009977
ncnn,94.247828,,ncnn_layer,ConvolutionDepthWise:StatefulPartitionedCall/ssd_mobile_net_v2keras_feature_extractor/functional_1/block_16_depthwise/depthwise,0.35,0.2975,0.29,ssd_mobilenet_v2,0.226703,69,ncnn_cpu,68,ok,0.013545
ncnn,98.642925,,ncnn_layer,Clip:StatefulPartitionedCall/ssd_mobile_net_v2keras_feature_extractor/functional_1/block_16_depthwise_relu/Relu6,0.09,0.080588,0.08,ssd_mobilenet_v2,0.06141,104,ncnn_cpu,68,ok,0.002353
ncnn,36.610196,,ncnn_layer,Convolution:StatefulPartitionedCall/ssd_mobile_net_v2keras_feature_extractor/functional_1/block_16_project/Conv2D,3.35,3.280147,3.24,ssd_mobilenet_v2,2.499557,10,ncnn_cpu,68,ok,0.019058
ncnn,22.534903,,ncnn_layer,Convolution:StatefulPartitionedCall/ssd_mobile_net_v2keras_feature_extractor/functional_1/Conv_1/Conv2D,4.27,4.229706,4.2,ssd_mobilenet_v2,3.223146,5,ncnn_cpu,68,ok,0.013501
ncnn,98.385517,,ncnn_layer,Clip:StatefulPartitionedCall/ssd_mobile_net_v2keras_feature_extractor/functional_1/out_relu/Relu6,0.1,0.095294,0.09,ssd_mobilenet_v2,0.072617,100,ncnn_cpu,68,ok,0.004991
ncnn,99.999552,,ncnn_layer,Split:splitncnn_11,0.01,0.000147,0.0,ssd_mobilenet_v2,0.000112,181,ncnn_cpu,68,ok,0.001204
ncnn,11.888503,,ncnn_layer,Convolution:StatefulPartitionedCall/BoxPredictor/ConvolutionalClassHead_1/ClassPredictor/BiasAdd,8.03,7.677941,7.65,ssd_mobilenet_v2,5.850791,2,ncnn_cpu,68,ok,0.044773
ncnn,96.69326,,ncnn_layer,Permute:StatefulPartitionedCall/BoxPredictor/ConvolutionalClassHead_1/ClassPredictor/BiasAdd__441,0.25,0.19,0.15,ssd_mobilenet_v2,0.144785,83,ncnn_cpu,68,ok,0.013612
ncnn,97.327534,,ncnn_layer,Reshape:StatefulPartitionedCall/BoxPredictor/ConvolutionalClassHead_1/Reshape,0.21,0.148971,0.13,ssd_mobilenet_v2,0.11352,88,ncnn_cpu,68,ok,0.01516
ncnn,31.54474,,ncnn_layer,Convolution:StatefulPartitionedCall/ssd_mobile_net_v2keras_feature_extractor/FeatureMaps/layer_19_1_Conv2d_2_1x1_256_conv/Conv2D,4.02,3.786765,3.73,ssd_mobilenet_v2,2.885614,8,ncnn_cpu,68,ok,0.041637
ncnn,99.656307,,ncnn_layer,Clip:StatefulPartitionedCall/ssd_mobile_net_v2keras_feature_extractor/FeatureMaps/layer_19_1_Conv2d_2_1x1_256/Relu6,0.04,0.020882,0.02,ssd_mobilenet_v2,0.015913,131,ncnn_cpu,68,ok,0.003315
ncnn,34.110639,,ncnn_layer,Convolution:StatefulPartitionedCall/ssd_mobile_net_v2keras_feature_extractor/FeatureMaps/layer_19_2_Conv2d_2_3x3_s2_512_conv/Conv2D,4.06,3.367206,3.32,ssd_mobilenet_v2,2.565899,9,ncnn_cpu,68,ok,0.08731
ncnn,99.070108,,ncnn_layer,Clip:StatefulPartitionedCall/ssd_mobile_net_v2keras_feature_extractor/FeatureMaps/layer_19_2_Conv2d_2_3x3_s2_512/Relu6,3.1,0.065588,0.02,ssd_mobilenet_v2,0.04998,112,ncnn_cpu,68,ok,0.37072
ncnn,99.999664,,ncnn_layer,Split:splitncnn_12,0.01,0.000147,0.0,ssd_mobilenet_v2,0.000112,182,ncnn_cpu,68,ok,0.001204
ncnn,85.207285,,ncnn_layer,Convolution:StatefulPartitionedCall/BoxPredictor/ConvolutionalClassHead_2/ClassPredictor/BiasAdd,0.86,0.816324,0.81,ssd_mobilenet_v2,0.62206,47,ncnn_cpu,68,ok,0.012591
ncnn,99.241229,,ncnn_layer,Permute:StatefulPartitionedCall/BoxPredictor/ConvolutionalClassHead_2/ClassPredictor/BiasAdd__435,0.09,0.054265,0.04,ssd_mobilenet_v2,0.041351,116,ncnn_cpu,68,ok,0.009597
ncnn,99.555227,,ncnn_layer,Reshape:StatefulPartitionedCall/BoxPredictor/ConvolutionalClassHead_2/Reshape,0.06,0.030882,0.03,ssd_mobilenet_v2,0.023533,126,ncnn_cpu,68,ok,0.004107
ncnn,95.945354,,ncnn_layer,Convolution:StatefulPartitionedCall/ssd_mobile_net_v2keras_feature_extractor/FeatureMaps/layer_19_1_Conv2d_3_1x1_128_conv/Conv2D,0.25,0.218088,0.21,ssd_mobilenet_v2,0.166189,78,ncnn_cpu,68,ok,0.007328
ncnn,99.883457,,ncnn_layer,Clip:StatefulPartitionedCall/ssd_mobile_net_v2keras_feature_extractor/FeatureMaps/layer_19_1_Conv2d_3_1x1_128/Relu6,0.01,0.01,0.01,ssd_mobilenet_v2,0.00762,150,ncnn_cpu,68,ok,0.0
ncnn,92.379518,,ncnn_layer,Convolution:StatefulPartitionedCall/ssd_mobile_net_v2keras_feature_extractor/FeatureMaps/layer_19_2_Conv2d_3_3x3_s2_256_conv/Conv2D,0.44,0.403676,0.39,ssd_mobilenet_v2,0.307612,62,ncnn_cpu,68,ok,0.009534
ncnn,99.891078,,ncnn_layer,Clip:StatefulPartitionedCall/ssd_mobile_net_v2keras_feature_extractor/FeatureMaps/layer_19_2_Conv2d_3_3x3_s2_256/Relu6,0.01,0.01,0.01,ssd_mobilenet_v2,0.00762,151,ncnn_cpu,68,ok,0.0
ncnn,99.999776,,ncnn_layer,Split:splitncnn_13,0.01,0.000147,0.0,ssd_mobilenet_v2,0.000112,183,ncnn_cpu,68,ok,0.001204
ncnn,96.832105,,ncnn_layer,Convolution:StatefulPartitionedCall/BoxPredictor/ConvolutionalClassHead_3/ClassPredictor/BiasAdd,0.22,0.182206,0.18,ssd_mobilenet_v2,0.138846,84,ncnn_cpu,68,ok,0.00783
ncnn,99.749543,,ncnn_layer,Permute:StatefulPartitionedCall/BoxPredictor/ConvolutionalClassHead_3/ClassPredictor/BiasAdd__429,0.02,0.02,0.02,ssd_mobilenet_v2,0.015241,137,ncnn_cpu,68,ok,0.0
ncnn,99.703597,,ncnn_layer,Reshape:StatefulPartitionedCall/BoxPredictor/ConvolutionalClassHead_3/Reshape,0.05,0.020441,0.02,ssd_mobilenet_v2,0.015577,134,ncnn_cpu,68,ok,0.003611
ncnn,99.356653,,ncnn_layer,Convolution:StatefulPartitionedCall/ssd_mobile_net_v2keras_feature_extractor/FeatureMaps/layer_19_1_Conv2d_4_1x1_128_conv/Conv2D,0.06,0.050147,0.05,ssd_mobilenet_v2,0.038213,119,ncnn_cpu,68,ok,0.001204
ncnn,99.985658,,ncnn_layer,Clip:StatefulPartitionedCall/ssd_mobile_net_v2keras_feature_extractor/FeatureMaps/layer_19_1_Conv2d_4_1x1_128/Relu6,0.01,0.004265,0.0,ssd_mobilenet_v2,0.00325,166,ncnn_cpu,68,ok,0.004946
ncnn,94.670416,,ncnn_layer,Convolution:StatefulPartitionedCall/ssd_mobile_net_v2keras_feature_extractor/FeatureMaps/layer_19_2_Conv2d_4_3x3_s2_256_conv/Conv2D,0.3,0.262794,0.26,ssd_mobilenet_v2,0.200256,71,ncnn_cpu,68,ok,0.00783
ncnn,99.852528,,ncnn_layer,Clip:StatefulPartitionedCall/ssd_mobile_net_v2keras_feature_extractor/FeatureMaps/layer_19_2_Conv2d_4_3x3_s2_256/Relu6,0.03,0.010294,0.01,ssd_mobilenet_v2,0.007844,146,ncnn_cpu,68,ok,0.002407
ncnn,100.0,,ncnn_layer,Split:splitncnn_14,0.0,0.0,0.0,ssd_mobilenet_v2,0.0,189,ncnn_cpu,68,ok,0.0
ncnn,97.820497,,ncnn_layer,Convolution:StatefulPartitionedCall/BoxPredictor/ConvolutionalClassHead_4/ClassPredictor/BiasAdd,0.15,0.120735,0.11,ssd_mobilenet_v2,0.092003,93,ncnn_cpu,68,ok,0.005235
ncnn,99.898698,,ncnn_layer,Permute:StatefulPartitionedCall/BoxPredictor/ConvolutionalClassHead_4/ClassPredictor/BiasAdd__423,0.01,0.01,0.01,ssd_mobilenet_v2,0.00762,152,ncnn_cpu,68,ok,0.0
ncnn,99.71895,,ncnn_layer,Reshape:StatefulPartitionedCall/BoxPredictor/ConvolutionalClassHead_4/Reshape,0.03,0.020147,0.02,ssd_mobilenet_v2,0.015353,135,ncnn_cpu,68,ok,0.001204
ncnn,99.623025,,ncnn_layer,Convolution:StatefulPartitionedCall/ssd_mobile_net_v2keras_feature_extractor/FeatureMaps/layer_19_1_Conv2d_5_1x1_64_conv/Conv2D,0.03,0.028235,0.02,ssd_mobilenet_v2,0.021516,129,ncnn_cpu,68,ok,0.003812
ncnn,99.999328,,ncnn_layer,Clip:StatefulPartitionedCall/ssd_mobile_net_v2keras_feature_extractor/FeatureMaps/layer_19_1_Conv2d_5_1x1_64/Relu6,0.01,0.000294,0.0,ssd_mobilenet_v2,0.000224,179,ncnn_cpu,68,ok,0.00169
ncnn,98.700301,,ncnn_layer,Convolution:StatefulPartitionedCall/ssd_mobile_net_v2keras_feature_extractor/FeatureMaps/layer_19_2_Conv2d_5_3x3_s2_128_conv/Conv2D,0.1,0.075294,0.07,ssd_mobilenet_v2,0.057376,105,ncnn_cpu,68,ok,0.006524
ncnn,100.0,,ncnn_layer,Reshape:StatefulPartitionedCall/ssd_mobile_net_v2keras_feature_extractor/FeatureMaps/layer_19_2_Conv2d_5_3x3_s2_128_batchnorm/FusedBatchNormV3__412,0.0,0.0,0.0,ssd_mobilenet_v2,0.0,190,ncnn_cpu,68,ok,0.0
ncnn,99.969745,,ncnn_layer,BatchNorm:StatefulPartitionedCall/ssd_mobile_net_v2keras_feature_extractor/FeatureMaps/layer_19_2_Conv2d_5_3x3_s2_128_batchnorm/FusedBatchNormV3,0.01,0.007353,0.0,ssd_mobilenet_v2,0.005603,162,ncnn_cpu,68,ok,0.004412
ncnn,99.999888,,ncnn_layer,Clip:StatefulPartitionedCall/ssd_mobile_net_v2keras_feature_extractor/FeatureMaps/layer_19_2_Conv2d_5_3x3_s2_128/Relu6,0.01,0.000147,0.0,ssd_mobilenet_v2,0.000112,184,ncnn_cpu,68,ok,0.001204
ncnn,100.0,,ncnn_layer,Reshape:StatefulPartitionedCall/BoxPredictor/ConvolutionalClassHead_5/ClassPredictor/BiasAdd__416,0.0,0.0,0.0,ssd_mobilenet_v2,0.0,191,ncnn_cpu,68,ok,0.0
ncnn,100.0,,ncnn_layer,Split:splitncnn_15,0.0,0.0,0.0,ssd_mobilenet_v2,0.0,192,ncnn_cpu,68,ok,0.0
ncnn,99.116838,,ncnn_layer,Convolution:StatefulPartitionedCall/BoxPredictor/ConvolutionalClassHead_5/ClassPredictor/BiasAdd,0.09,0.061324,0.06,ssd_mobilenet_v2,0.04673,113,ncnn_cpu,68,ok,0.004506
ncnn,99.67222,,ncnn_layer,Reshape:StatefulPartitionedCall/BoxPredictor/ConvolutionalClassHead_5/Reshape,0.05,0.020882,0.02,ssd_mobilenet_v2,0.015913,132,ncnn_cpu,68,ok,0.005069
ncnn,93.513481,,ncnn_layer,Concat:StatefulPartitionedCall/concat_1,0.84,0.368235,0.33,ssd_mobilenet_v2,0.280605,66,ncnn_cpu,68,ok,0.102368
ncnn,70.202657,,ncnn_layer,Sigmoid:StatefulPartitionedCall/Postprocessor/convert_scores,1.54,1.477647,1.46,ssd_mobilenet_v2,1.126006,30,ncnn_cpu,68,ok,0.01824
ncnn,80.538531,,ncnn_layer,Convolution:StatefulPartitionedCall/BoxPredictor/ConvolutionalBoxHead_0/BoxEncodingPredictor/BiasAdd,1.25,1.106176,1.08,ssd_mobilenet_v2,0.842935,41,ncnn_cpu,68,ok,0.024736
ncnn,99.388591,,ncnn_layer,Permute:StatefulPartitionedCall/BoxPredictor/ConvolutionalBoxHead_0/BoxEncodingPredictor/BiasAdd__724,0.11,0.041912,0.04,ssd_mobilenet_v2,0.031938,120,ncnn_cpu,68,ok,0.010327
ncnn,99.419408,,ncnn_layer,Reshape:StatefulPartitionedCall/BoxPredictor/ConvolutionalBoxHead_0/Reshape,0.05,0.040441,0.04,ssd_mobilenet_v2,0.030817,121,ncnn_cpu,68,ok,0.002054
ncnn,84.585225,,ncnn_layer,Convolution:StatefulPartitionedCall/BoxPredictor/ConvolutionalBoxHead_1/BoxEncodingPredictor/BiasAdd,1.42,0.919118,0.88,ssd_mobilenet_v2,0.700392,46,ncnn_cpu,68,ok,0.065321
ncnn,99.578648,,ncnn_layer,Permute:StatefulPartitionedCall/BoxPredictor/ConvolutionalBoxHead_1/BoxEncodingPredictor/BiasAdd__444,0.08,0.030735,0.03,ssd_mobilenet_v2,0.023421,127,ncnn_cpu,68,ok,0.006019
ncnn,99.764783,,ncnn_layer,Reshape:StatefulPartitionedCall/BoxPredictor/ConvolutionalBoxHead_1/Reshape,0.02,0.02,0.02,ssd_mobilenet_v2,0.015241,138,ncnn_cpu,68,ok,0.0
ncnn,98.456341,,ncnn_layer,Convolution:StatefulPartitionedCall/BoxPredictor/ConvolutionalBoxHead_2/BoxEncodingPredictor/BiasAdd,0.16,0.092941,0.08,ssd_mobilenet_v2,0.070823,101,ncnn_cpu,68,ok,0.012374
ncnn,99.809609,,ncnn_layer,Permute:StatefulPartitionedCall/BoxPredictor/ConvolutionalBoxHead_2/BoxEncodingPredictor/BiasAdd__438,0.02,0.018824,0.01,ssd_mobilenet_v2,0.014344,141,ncnn_cpu,68,ok,0.003222
ncnn,99.828547,,ncnn_layer,Reshape:StatefulPartitionedCall/BoxPredictor/ConvolutionalBoxHead_2/Reshape,0.02,0.011029,0.01,ssd_mobilenet_v2,0.008404,143,ncnn_cpu,68,ok,0.003039
ncnn,99.640395,,ncnn_layer,Convolution:StatefulPartitionedCall/BoxPredictor/ConvolutionalBoxHead_3/BoxEncodingPredictor/BiasAdd,0.03,0.022794,0.02,ssd_mobilenet_v2,0.01737,130,ncnn_cpu,68,ok,0.004487
ncnn,99.836616,,ncnn_layer,Permute:StatefulPartitionedCall/BoxPredictor/ConvolutionalBoxHead_3/BoxEncodingPredictor/BiasAdd__432,0.04,0.010588,0.01,ssd_mobilenet_v2,0.008068,144,ncnn_cpu,68,ok,0.003789
ncnn,99.906318,,ncnn_layer,Reshape:StatefulPartitionedCall/BoxPredictor/ConvolutionalBoxHead_3/Reshape,0.01,0.01,0.01,ssd_mobilenet_v2,0.00762,153,ncnn_cpu,68,ok,0.0
ncnn,99.68802,,ncnn_layer,Convolution:StatefulPartitionedCall/BoxPredictor/ConvolutionalBoxHead_4/BoxEncodingPredictor/BiasAdd,0.07,0.020735,0.02,ssd_mobilenet_v2,0.015801,133,ncnn_cpu,68,ok,0.006019
ncnn,99.868105,,ncnn_layer,Permute:StatefulPartitionedCall/BoxPredictor/ConvolutionalBoxHead_4/BoxEncodingPredictor/BiasAdd__426,0.02,0.010147,0.01,ssd_mobilenet_v2,0.007732,148,ncnn_cpu,68,ok,0.001204
ncnn,99.913938,,ncnn_layer,Reshape:StatefulPartitionedCall/BoxPredictor/ConvolutionalBoxHead_4/Reshape,0.01,0.01,0.01,ssd_mobilenet_v2,0.00762,154,ncnn_cpu,68,ok,0.0
ncnn,99.921559,,ncnn_layer,Convolution:StatefulPartitionedCall/BoxPredictor/ConvolutionalBoxHead_5/BoxEncodingPredictor/BiasAdd,0.01,0.01,0.01,ssd_mobilenet_v2,0.00762,155,ncnn_cpu,68,ok,0.0
ncnn,99.929179,,ncnn_layer,Reshape:StatefulPartitionedCall/BoxPredictor/ConvolutionalBoxHead_5/Reshape,0.01,0.01,0.01,ssd_mobilenet_v2,0.00762,156,ncnn_cpu,68,ok,0.0
ncnn,99.601509,,ncnn_layer,Concat:StatefulPartitionedCall/concat,0.03,0.03,0.03,ssd_mobilenet_v2,0.022861,128,ncnn_cpu,68,ok,0.0
ncnn,100.0,,ncnn_layer,Squeeze:StatefulPartitionedCall/Squeeze,0.0,0.0,0.0,ssd_mobilenet_v2,0.0,193,ncnn_cpu,68,ok,0.0
ncnn,99.964141,,ncnn_layer,Reshape:StatefulPartitionedCall/Postprocessor/Reshape_1,0.01,0.008529,0.0,ssd_mobilenet_v2,0.006499,161,ncnn_cpu,68,ok,0.003542
ncnn,99.978598,,ncnn_layer,Permute:StatefulPartitionedCall/Postprocessor/Decode/transpose,0.01,0.005147,0.0,ssd_mobilenet_v2,0.003922,164,ncnn_cpu,68,ok,0.004998
ncnn,99.820143,,ncnn_layer,Slice:StatefulPartitionedCall/Postprocessor/Decode/unstack,0.06,0.013824,0.01,ssd_mobilenet_v2,0.010534,142,ncnn_cpu,68,ok,0.007282
ncnn,100.0,,ncnn_layer,Squeeze:StatefulPartitionedCall/Postprocessor/Decode/unstack__727,0.0,0.0,0.0,ssd_mobilenet_v2,0.0,194,ncnn_cpu,68,ok,0.0
ncnn,99.982408,,ncnn_layer,MemoryData:StatefulPartitionedCall/Postprocessor/Decode/truediv:0,0.01,0.005,0.0,ssd_mobilenet_v2,0.00381,165,ncnn_cpu,68,ok,0.005
ncnn,99.998096,,ncnn_layer,BinaryOp:StatefulPartitionedCall/Postprocessor/Decode/mul_2,0.01,0.000588,0.0,ssd_mobilenet_v2,0.000448,175,ncnn_cpu,68,ok,0.002353
ncnn,99.997648,,ncnn_layer,MemoryData:StatefulPartitionedCall/Postprocessor/Decode/get_center_coordinates_and_sizes/add:0,0.01,0.000735,0.0,ssd_mobilenet_v2,0.00056,174,ncnn_cpu,68,ok,0.00261
ncnn,100.0,,ncnn_layer,BinaryOp:StatefulPartitionedCall/Postprocessor/Decode/add,0.0,0.0,0.0,ssd_mobilenet_v2,0.0,195,ncnn_cpu,68,ok,0.0
ncnn,100.0,,ncnn_layer,Split:splitncnn_17,0.0,0.0,0.0,ssd_mobilenet_v2,0.0,196,ncnn_cpu,68,ok,0.0
ncnn,100.0,,ncnn_layer,Squeeze:StatefulPartitionedCall/Postprocessor/Decode/unstack__729,0.0,0.0,0.0,ssd_mobilenet_v2,0.0,197,ncnn_cpu,68,ok,0.0
ncnn,99.844684,,ncnn_layer,BinaryOp:StatefulPartitionedCall/Postprocessor/Decode/truediv_2,0.05,0.010588,0.01,ssd_mobilenet_v2,0.008068,145,ncnn_cpu,68,ok,0.004815
ncnn,99.780024,,ncnn_layer,UnaryOp:StatefulPartitionedCall/Postprocessor/Decode/Exp_1,0.02,0.02,0.02,ssd_mobilenet_v2,0.015241,139,ncnn_cpu,68,ok,0.0
ncnn,99.9907,,ncnn_layer,MemoryData:StatefulPartitionedCall/Postprocessor/Decode/get_center_coordinates_and_sizes/sub_1:0,0.01,0.003235,0.0,ssd_mobilenet_v2,0.002465,168,ncnn_cpu,68,ok,0.004678
ncnn,100.0,,ncnn_layer,BinaryOp:StatefulPartitionedCall/Postprocessor/Decode/mul_1,0.0,0.0,0.0,ssd_mobilenet_v2,0.0,198,ncnn_cpu,68,ok,0.0
ncnn,99.951031,,ncnn_layer,BinaryOp:StatefulPartitionedCall/Postprocessor/Decode/truediv_6,0.01,0.008676,0.0,ssd_mobilenet_v2,0.006611,159,ncnn_cpu,68,ok,0.003389
ncnn,100.0,,ncnn_layer,Split:splitncnn_19,0.0,0.0,0.0,ssd_mobilenet_v2,0.0,199,ncnn_cpu,68,ok,0.0
ncnn,99.936799,,ncnn_layer,BinaryOp:StatefulPartitionedCall/Postprocessor/Decode/sub,0.01,0.01,0.01,ssd_mobilenet_v2,0.00762,157,ncnn_cpu,68,ok,0.0
ncnn,100.0,,ncnn_layer,ExpandDims:StatefulPartitionedCall/Postprocessor/Decode/stack_Unsqueeze__731,0.0,0.0,0.0,ssd_mobilenet_v2,0.0,200,ncnn_cpu,68,ok,0.0
ncnn,100.0,,ncnn_layer,Squeeze:StatefulPartitionedCall/Postprocessor/Decode/unstack__728,0.0,0.0,0.0,ssd_mobilenet_v2,0.0,201,ncnn_cpu,68,ok,0.0
ncnn,100.0,,ncnn_layer,MemoryData:StatefulPartitionedCall/Postprocessor/Decode/truediv_1:0,0.01,0.000147,0.0,ssd_mobilenet_v2,0.000112,185,ncnn_cpu,68,ok,0.001204
ncnn,100.0,,ncnn_layer,BinaryOp:StatefulPartitionedCall/Postprocessor/Decode/mul_3,0.0,0.0,0.0,ssd_mobilenet_v2,0.0,202,ncnn_cpu,68,ok,0.0
ncnn,99.999104,,ncnn_layer,MemoryData:StatefulPartitionedCall/Postprocessor/Decode/get_center_coordinates_and_sizes/add_1:0,0.01,0.000441,0.0,ssd_mobilenet_v2,0.000336,178,ncnn_cpu,68,ok,0.002054
ncnn,100.0,,ncnn_layer,BinaryOp:StatefulPartitionedCall/Postprocessor/Decode/add_1,0.0,0.0,0.0,ssd_mobilenet_v2,0.0,203,ncnn_cpu,68,ok,0.0
ncnn,100.0,,ncnn_layer,Split:splitncnn_16,0.0,0.0,0.0,ssd_mobilenet_v2,0.0,204,ncnn_cpu,68,ok,0.0
ncnn,100.0,,ncnn_layer,Squeeze:StatefulPartitionedCall/Postprocessor/Decode/unstack__730,0.0,0.0,0.0,ssd_mobilenet_v2,0.0,205,ncnn_cpu,68,ok,0.0
ncnn,99.957642,,ncnn_layer,BinaryOp:StatefulPartitionedCall/Postprocessor/Decode/truediv_3,0.01,0.008676,0.0,ssd_mobilenet_v2,0.006611,160,ncnn_cpu,68,ok,0.003389
ncnn,99.795264,,ncnn_layer,UnaryOp:StatefulPartitionedCall/Postprocessor/Decode/Exp,0.02,0.02,0.02,ssd_mobilenet_v2,0.015241,140,ncnn_cpu,68,ok,0.0
ncnn,99.994286,,ncnn_layer,MemoryData:StatefulPartitionedCall/Postprocessor/Decode/get_center_coordinates_and_sizes/sub:0,0.01,0.002206,0.0,ssd_mobilenet_v2,0.001681,170,ncnn_cpu,68,ok,0.004146
ncnn,100.0,,ncnn_layer,BinaryOp:StatefulPartitionedCall/Postprocessor/Decode/mul,0.0,0.0,0.0,ssd_mobilenet_v2,0.0,206,ncnn_cpu,68,ok,0.0
ncnn,99.974676,,ncnn_layer,BinaryOp:StatefulPartitionedCall/Postprocessor/Decode/truediv_7,0.01,0.006471,0.0,ssd_mobilenet_v2,0.004931,163,ncnn_cpu,68,ok,0.004779
ncnn,100.0,,ncnn_layer,Split:splitncnn_18,0.0,0.0,0.0,ssd_mobilenet_v2,0.0,207,ncnn_cpu,68,ok,0.0
ncnn,99.944419,,ncnn_layer,BinaryOp:StatefulPartitionedCall/Postprocessor/Decode/sub_1,0.01,0.01,0.01,ssd_mobilenet_v2,0.00762,158,ncnn_cpu,68,ok,0.0
ncnn,100.0,,ncnn_layer,ExpandDims:StatefulPartitionedCall/Postprocessor/Decode/stack_Unsqueeze__732,0.0,0.0,0.0,ssd_mobilenet_v2,0.0,208,ncnn_cpu,68,ok,0.0
ncnn,99.875837,,ncnn_layer,BinaryOp:StatefulPartitionedCall/Postprocessor/Decode/add_2,0.02,0.010147,0.01,ssd_mobilenet_v2,0.007732,149,ncnn_cpu,68,ok,0.001204
ncnn,100.0,,ncnn_layer,ExpandDims:StatefulPartitionedCall/Postprocessor/Decode/stack_Unsqueeze__733,0.0,0.0,0.0,ssd_mobilenet_v2,0.0,209,ncnn_cpu,68,ok,0.0
ncnn,99.860372,,ncnn_layer,BinaryOp:StatefulPartitionedCall/Postprocessor/Decode/add_3,0.03,0.010294,0.01,ssd_mobilenet_v2,0.007844,147,ncnn_cpu,68,ok,0.002407
ncnn,100.0,,ncnn_layer,ExpandDims:StatefulPartitionedCall/Postprocessor/Decode/stack_Unsqueeze__734,0.0,0.0,0.0,ssd_mobilenet_v2,0.0,210,ncnn_cpu,68,ok,0.0
ncnn,99.506593,,ncnn_layer,Concat:StatefulPartitionedCall/Postprocessor/Decode/stack_Concat__735,0.07,0.036324,0.03,ssd_mobilenet_v2,0.02768,124,ncnn_cpu,68,ok,0.006621
ncnn,99.734302,,ncnn_layer,Permute:StatefulPartitionedCall/Postprocessor/Decode/transpose_1,0.03,0.020147,0.02,ssd_mobilenet_v2,0.015353,136,ncnn_cpu,68,ok,0.001204
ncnn,99.449777,,ncnn_layer,Reshape:StatefulPartitionedCall/Postprocessor/Reshape_2,0.05,0.039853,0.03,ssd_mobilenet_v2,0.030369,122,ncnn_cpu,68,ok,0.002095
ncnn,100.0,,ncnn_layer,ExpandDims:StatefulPartitionedCall/Postprocessor/ExpandDims_1,0.0,0.0,0.0,ssd_mobilenet_v2,0.0,211,ncnn_cpu,68,ok,0.0
ncnn,100.0,,ncnn_layer,Squeeze:StatefulPartitionedCall/Postprocessor/Squeeze,0.0,0.0,0.0,ssd_mobilenet_v2,0.0,212,ncnn_cpu,68,ok,0.0
ncnn,11.717471,,ncnn_layer,Convolution:StatefulPartitionedCall/ssd_mobile_net_v2keras_feature_extractor/functional_1/Conv1/Conv2D,1.97839,1.951294,1.92313,ssd_mobilenet_v2,5.746276,2,ncnn_vulkan,70,ok,0.011871
ncnn,76.008097,,ncnn_layer,Clip:StatefulPartitionedCall/ssd_mobile_net_v2keras_feature_extractor/functional_1/Conv1_relu/Relu6,0.21885,0.215279,0.21245,ssd_mobilenet_v2,0.633965,43,ncnn_vulkan,70,ok,0.00137
ncnn,36.090041,,ncnn_layer,ConvolutionDepthWise:StatefulPartitionedCall/ssd_mobile_net_v2keras_feature_extractor/functional_1/expanded_conv_depthwise/depthwise,0.85578,0.847851,0.84078,ssd_mobilenet_v2,2.496797,9,ncnn_vulkan,70,ok,0.00344
ncnn,76.640958,,ncnn_layer,Clip:StatefulPartitionedCall/ssd_mobile_net_v2keras_feature_extractor/functional_1/expanded_conv_depthwise_relu/Relu6,0.21776,0.214904,0.21099,ssd_mobilenet_v2,0.632861,44,ncnn_vulkan,70,ok,0.001391
ncnn,66.882056,,ncnn_layer,Convolution:StatefulPartitionedCall/ssd_mobile_net_v2keras_feature_extractor/functional_1/expanded_conv_project/Conv2D,0.31979,0.315314,0.31047,ssd_mobilenet_v2,0.928554,31,ncnn_vulkan,70,ok,0.001603
ncnn,27.96758,,ncnn_layer,Convolution:StatefulPartitionedCall/ssd_mobile_net_v2keras_feature_extractor/functional_1/block_1_expand/Conv2D,1.19635,1.178008,1.15615,ssd_mobilenet_v2,3.469062,6,ncnn_vulkan,70,ok,0.008786
ncnn,42.434791,,ncnn_layer,Clip:StatefulPartitionedCall/ssd_mobile_net_v2keras_feature_extractor/functional_1/block_1_expand_relu/Relu6,0.6451,0.63939,0.63203,ssd_mobilenet_v2,1.88291,12,ncnn_vulkan,70,ok,0.002626
ncnn,20.753453,,ncnn_layer,ConvolutionDepthWise:StatefulPartitionedCall/ssd_mobile_net_v2keras_feature_extractor/functional_1/block_1_depthwise/depthwise,1.36922,1.343156,1.31365,ssd_mobilenet_v2,3.955398,4,ncnn_vulkan,70,ok,0.0126
ncnn,88.316568,,ncnn_layer,Clip:StatefulPartitionedCall/ssd_mobile_net_v2keras_feature_extractor/functional_1/block_1_depthwise_relu/Relu6,0.16474,0.160489,0.15781,ssd_mobilenet_v2,0.472617,65,ncnn_vulkan,70,ok,0.001235
ncnn,61.686565,,ncnn_layer,Convolution:StatefulPartitionedCall/ssd_mobile_net_v2keras_feature_extractor/functional_1/block_1_project/Conv2D,0.37771,0.374375,0.37219,ssd_mobilenet_v2,1.10248,26,ncnn_vulkan,70,ok,0.001217
ncnn,99.992081,,ncnn_layer,Split:splitncnn_0,0.00036,0.000338,0.00031,ssd_mobilenet_v2,0.000995,186,ncnn_vulkan,70,ok,2.5e-05
ncnn,44.086321,,ncnn_layer,Convolution:StatefulPartitionedCall/ssd_mobile_net_v2keras_feature_extractor/functional_1/block_2_expand/Conv2D,0.57083,0.560819,0.55031,ssd_mobilenet_v2,1.65153,13,ncnn_vulkan,70,ok,0.004438
ncnn,73.316091,,ncnn_layer,Clip:StatefulPartitionedCall/ssd_mobile_net_v2keras_feature_extractor/functional_1/block_2_expand_relu/Relu6,0.24505,0.240914,0.23781,ssd_mobilenet_v2,0.709457,39,ncnn_vulkan,70,ok,0.001401
ncnn,30.807561,,ncnn_layer,ConvolutionDepthWise:StatefulPartitionedCall/ssd_mobile_net_v2keras_feature_extractor/functional_1/block_2_depthwise/depthwise,0.97401,0.964388,0.95688,ssd_mobilenet_v2,2.839982,7,ncnn_vulkan,70,ok,0.003368
ncnn,74.021884,,ncnn_layer,Clip:StatefulPartitionedCall/ssd_mobile_net_v2keras_feature_extractor/functional_1/block_2_depthwise_relu/Relu6,0.24339,0.23967,0.23635,ssd_mobilenet_v2,0.705793,40,ncnn_vulkan,70,ok,0.001478
ncnn,45.71302,,ncnn_layer,Convolution:StatefulPartitionedCall/ssd_mobile_net_v2keras_feature_extractor/functional_1/block_2_project/Conv2D,0.55411,0.552387,0.55052,ssd_mobilenet_v2,1.626699,14,ncnn_vulkan,70,ok,0.000741
ncnn,95.542448,,ncnn_layer,BinaryOp:StatefulPartitionedCall/ssd_mobile_net_v2keras_feature_extractor/functional_1/block_2_add/add,0.05667,0.055003,0.0538,ssd_mobilenet_v2,0.161976,92,ncnn_vulkan,70,ok,0.000697
ncnn,50.378914,,ncnn_layer,Convolution:StatefulPartitionedCall/ssd_mobile_net_v2keras_feature_extractor/functional_1/block_3_expand/Conv2D,0.52594,0.519362,0.51464,ssd_mobilenet_v2,1.529445,17,ncnn_vulkan,70,ok,0.002515
ncnn,74.726735,,ncnn_layer,Clip:StatefulPartitionedCall/ssd_mobile_net_v2keras_feature_extractor/functional_1/block_3_expand_relu/Relu6,0.24151,0.23935,0.23568,ssd_mobilenet_v2,0.704851,41,ncnn_vulkan,70,ok,0.001217
ncnn,51.860285,,ncnn_layer,ConvolutionDepthWise:StatefulPartitionedCall/ssd_mobile_net_v2keras_feature_extractor/functional_1/block_3_depthwise/depthwise,0.5162,0.503037,0.48448,ssd_mobilenet_v2,1.481371,18,ncnn_vulkan,70,ok,0.006258
ncnn,95.036728,,ncnn_layer,Clip:StatefulPartitionedCall/ssd_mobile_net_v2keras_feature_extractor/functional_1/block_3_depthwise_relu/Relu6,0.06229,0.060379,0.05917,ssd_mobilenet_v2,0.177807,89,ncnn_vulkan,70,ok,0.000698
ncnn,88.76193,,ncnn_layer,Convolution:StatefulPartitionedCall/ssd_mobile_net_v2keras_feature_extractor/functional_1/block_3_project/Conv2D,0.15344,0.151234,0.14953,ssd_mobilenet_v2,0.445362,66,ncnn_vulkan,70,ok,0.000795
ncnn,99.983079,,ncnn_layer,Split:splitncnn_1,0.00036,0.000341,0.00031,ssd_mobilenet_v2,0.001004,177,ncnn_vulkan,70,ok,2.4e-05
ncnn,79.680395,,ncnn_layer,Convolution:StatefulPartitionedCall/ssd_mobile_net_v2keras_feature_extractor/functional_1/block_4_expand/Conv2D,0.20083,0.19894,0.1975,ssd_mobilenet_v2,0.585849,49,ncnn_vulkan,70,ok,0.000714
ncnn,93.222006,,ncnn_layer,Clip:StatefulPartitionedCall/ssd_mobile_net_v2keras_feature_extractor/functional_1/block_4_expand_relu/Relu6,0.08396,0.082394,0.08042,ssd_mobilenet_v2,0.242638,80,ncnn_vulkan,70,ok,0.000794
ncnn,67.798551,,ncnn_layer,ConvolutionDepthWise:StatefulPartitionedCall/ssd_mobile_net_v2keras_feature_extractor/functional_1/block_4_depthwise/depthwise,0.31547,0.311219,0.30833,ssd_mobilenet_v2,0.916495,32,ncnn_vulkan,70,ok,0.001413
ncnn,93.704526,,ncnn_layer,Clip:StatefulPartitionedCall/ssd_mobile_net_v2keras_feature_extractor/functional_1/block_4_depthwise_relu/Relu6,0.08312,0.08151,0.07979,ssd_mobilenet_v2,0.240035,82,ncnn_vulkan,70,ok,0.00085
ncnn,81.432507,,ncnn_layer,Convolution:StatefulPartitionedCall/ssd_mobile_net_v2keras_feature_extractor/functional_1/block_4_project/Conv2D,0.2,0.198011,0.19615,ssd_mobilenet_v2,0.583113,52,ncnn_vulkan,70,ok,0.000812
ncnn,99.063445,,ncnn_layer,BinaryOp:StatefulPartitionedCall/ssd_mobile_net_v2keras_feature_extractor/functional_1/block_4_add/add,0.01776,0.017083,0.01641,ssd_mobilenet_v2,0.050307,128,ncnn_vulkan,70,ok,0.000316
ncnn,99.984083,,ncnn_layer,Split:splitncnn_2,0.00036,0.000341,0.00031,ssd_mobilenet_v2,0.001004,178,ncnn_vulkan,70,ok,2.4e-05
ncnn,80.265108,,ncnn_layer,Convolution:StatefulPartitionedCall/ssd_mobile_net_v2keras_feature_extractor/functional_1/block_5_expand/Conv2D,0.20151,0.198554,0.19667,ssd_mobilenet_v2,0.584713,50,ncnn_vulkan,70,ok,0.000777
ncnn,92.979368,,ncnn_layer,Clip:StatefulPartitionedCall/ssd_mobile_net_v2keras_feature_extractor/functional_1/block_5_expand_relu/Relu6,0.08375,0.082402,0.08089,ssd_mobilenet_v2,0.242662,79,ncnn_vulkan,70,ok,0.000657
ncnn,68.710139,,ncnn_layer,ConvolutionDepthWise:StatefulPartitionedCall/ssd_mobile_net_v2keras_feature_extractor/functional_1/block_5_depthwise/depthwise,0.31365,0.309553,0.30693,ssd_mobilenet_v2,0.911588,33,ncnn_vulkan,70,ok,0.00118
ncnn,93.943719,,ncnn_layer,Clip:StatefulPartitionedCall/ssd_mobile_net_v2keras_feature_extractor/functional_1/block_5_depthwise_relu/Relu6,0.08271,0.081224,0.07948,ssd_mobilenet_v2,0.239193,83,ncnn_vulkan,70,ok,0.000705
ncnn,82.014274,,ncnn_layer,Convolution:StatefulPartitionedCall/ssd_mobile_net_v2keras_feature_extractor/functional_1/block_5_project/Conv2D,0.19896,0.197554,0.19547,ssd_mobilenet_v2,0.581768,53,ncnn_vulkan,70,ok,0.000663
ncnn,99.161653,,ncnn_layer,BinaryOp:StatefulPartitionedCall/ssd_mobile_net_v2keras_feature_extractor/functional_1/block_5_add/add,0.01714,0.016542,0.01578,ssd_mobilenet_v2,0.048714,130,ncnn_vulkan,70,ok,0.000293
ncnn,80.849393,,ncnn_layer,Convolution:StatefulPartitionedCall/ssd_mobile_net_v2keras_feature_extractor/functional_1/block_6_expand/Conv2D,0.20042,0.198409,0.19651,ssd_mobilenet_v2,0.584286,51,ncnn_vulkan,70,ok,0.000802
ncnn,93.464491,,ncnn_layer,Clip:StatefulPartitionedCall/ssd_mobile_net_v2keras_feature_extractor/functional_1/block_6_expand_relu/Relu6,0.08427,0.082342,0.08031,ssd_mobilenet_v2,0.242485,81,ncnn_vulkan,70,ok,0.000769
ncnn,84.833495,,ncnn_layer,ConvolutionDepthWise:StatefulPartitionedCall/ssd_mobile_net_v2keras_feature_extractor/functional_1/block_6_depthwise/depthwise,0.18375,0.17731,0.17323,ssd_mobilenet_v2,0.522152,58,ncnn_vulkan,70,ok,0.002119
ncnn,98.857388,,ncnn_layer,Clip:StatefulPartitionedCall/ssd_mobile_net_v2keras_feature_extractor/functional_1/block_6_depthwise_relu/Relu6,0.0225,0.021383,0.02068,ssd_mobilenet_v2,0.06297,124,ncnn_vulkan,70,ok,0.000372
ncnn,91.613329,,ncnn_layer,Convolution:StatefulPartitionedCall/ssd_mobile_net_v2keras_feature_extractor/functional_1/block_6_project/Conv2D,0.10797,0.106322,0.10292,ssd_mobilenet_v2,0.313103,74,ncnn_vulkan,70,ok,0.001097
ncnn,99.987093,,ncnn_layer,Split:splitncnn_3,0.00036,0.00034,0.00031,ssd_mobilenet_v2,0.001001,181,ncnn_vulkan,70,ok,2.4e-05
ncnn,82.590373,,ncnn_layer,Convolution:StatefulPartitionedCall/ssd_mobile_net_v2keras_feature_extractor/functional_1/block_7_expand/Conv2D,0.19682,0.195629,0.19448,ssd_mobilenet_v2,0.576099,54,ncnn_vulkan,70,ok,0.000466
ncnn,96.519783,,ncnn_layer,Clip:StatefulPartitionedCall/ssd_mobile_net_v2keras_feature_extractor/functional_1/block_7_expand_relu/Relu6,0.04401,0.042921,0.04125,ssd_mobilenet_v2,0.126396,99,ncnn_vulkan,70,ok,0.000579
ncnn,85.344754,,ncnn_layer,ConvolutionDepthWise:StatefulPartitionedCall/ssd_mobile_net_v2keras_feature_extractor/functional_1/block_7_depthwise/depthwise,0.17599,0.173611,0.17125,ssd_mobilenet_v2,0.511259,59,ncnn_vulkan,70,ok,0.001101
ncnn,97.267187,,ncnn_layer,Clip:StatefulPartitionedCall/ssd_mobile_net_v2keras_feature_extractor/functional_1/block_7_depthwise_relu/Relu6,0.04323,0.041726,0.04042,ssd_mobilenet_v2,0.122877,105,ncnn_vulkan,70,ok,0.000607
ncnn,77.875043,,ncnn_layer,Convolution:StatefulPartitionedCall/ssd_mobile_net_v2keras_feature_extractor/functional_1/block_7_project/Conv2D,0.21479,0.208201,0.20047,ssd_mobilenet_v2,0.613122,46,ncnn_vulkan,70,ok,0.003157
ncnn,99.434662,,ncnn_layer,BinaryOp:StatefulPartitionedCall/ssd_mobile_net_v2keras_feature_extractor/functional_1/block_7_add/add,0.01104,0.01036,0.00964,ssd_mobilenet_v2,0.030509,137,ncnn_vulkan,70,ok,0.00031
ncnn,99.994069,,ncnn_layer,Split:splitncnn_4,0.00036,0.000337,0.00031,ssd_mobilenet_v2,0.000992,188,ncnn_vulkan,70,ok,2.5e-05
ncnn,83.738189,,ncnn_layer,Convolution:StatefulPartitionedCall/ssd_mobile_net_v2keras_feature_extractor/functional_1/block_8_expand/Conv2D,0.1962,0.194856,0.19396,ssd_mobilenet_v2,0.573822,56,ncnn_vulkan,70,ok,0.000463
ncnn,96.645911,,ncnn_layer,Clip:StatefulPartitionedCall/ssd_mobile_net_v2keras_feature_extractor/functional_1/block_8_expand_relu/Relu6,0.04401,0.04283,0.04172,ssd_mobilenet_v2,0.126128,100,ncnn_vulkan,70,ok,0.000513
ncnn,85.849808,,ncnn_layer,ConvolutionDepthWise:StatefulPartitionedCall/ssd_mobile_net_v2keras_feature_extractor/functional_1/block_8_depthwise/depthwise,0.17406,0.171504,0.16922,ssd_mobilenet_v2,0.505054,60,ncnn_vulkan,70,ok,0.001145
ncnn,97.14431,,ncnn_layer,Clip:StatefulPartitionedCall/ssd_mobile_net_v2keras_feature_extractor/functional_1/block_8_depthwise_relu/Relu6,0.04313,0.041907,0.04078,ssd_mobilenet_v2,0.12341,104,ncnn_vulkan,70,ok,0.000507
ncnn,78.485317,,ncnn_layer,Convolution:StatefulPartitionedCall/ssd_mobile_net_v2keras_feature_extractor/functional_1/block_8_project/Conv2D,0.21568,0.207234,0.19927,ssd_mobilenet_v2,0.610274,47,ncnn_vulkan,70,ok,0.004561
ncnn,99.576992,,ncnn_layer,BinaryOp:StatefulPartitionedCall/ssd_mobile_net_v2keras_feature_extractor/functional_1/block_8_add/add,0.01052,0.009628,0.00901,ssd_mobilenet_v2,0.028353,142,ncnn_vulkan,70,ok,0.000306
ncnn,99.996051,,ncnn_layer,Split:splitncnn_5,0.00036,0.000336,0.00031,ssd_mobilenet_v2,0.000989,190,ncnn_vulkan,70,ok,2.5e-05
ncnn,83.164366,,ncnn_layer,Convolution:StatefulPartitionedCall/ssd_mobile_net_v2keras_feature_extractor/functional_1/block_9_expand/Conv2D,0.19604,0.194914,0.19375,ssd_mobilenet_v2,0.573993,55,ncnn_vulkan,70,ok,0.000501
ncnn,96.897325,,ncnn_layer,Clip:StatefulPartitionedCall/ssd_mobile_net_v2keras_feature_extractor/functional_1/block_9_expand_relu/Relu6,0.0437,0.042566,0.04094,ssd_mobilenet_v2,0.125351,102,ncnn_vulkan,70,ok,0.000516
ncnn,86.85787,,ncnn_layer,ConvolutionDepthWise:StatefulPartitionedCall/ssd_mobile_net_v2keras_feature_extractor/functional_1/block_9_depthwise/depthwise,0.17297,0.170833,0.16896,ssd_mobilenet_v2,0.503078,62,ncnn_vulkan,70,ok,0.000838
ncnn,97.389896,,ncnn_layer,Clip:StatefulPartitionedCall/ssd_mobile_net_v2keras_feature_extractor/functional_1/block_9_depthwise_relu/Relu6,0.04281,0.041669,0.04036,ssd_mobilenet_v2,0.122709,106,ncnn_vulkan,70,ok,0.000555
ncnn,79.094546,,ncnn_layer,Convolution:StatefulPartitionedCall/ssd_mobile_net_v2keras_feature_extractor/functional_1/block_9_project/Conv2D,0.21557,0.206879,0.19901,ssd_mobilenet_v2,0.609228,48,ncnn_vulkan,70,ok,0.004127
ncnn,99.520263,,ncnn_layer,BinaryOp:StatefulPartitionedCall/ssd_mobile_net_v2keras_feature_extractor/functional_1/block_9_add/add,0.01031,0.009669,0.00901,ssd_mobilenet_v2,0.028474,140,ncnn_vulkan,70,ok,0.000309
ncnn,84.311343,,ncnn_layer,Convolution:StatefulPartitionedCall/ssd_mobile_net_v2keras_feature_extractor/functional_1/block_10_expand/Conv2D,0.19563,0.194629,0.19344,ssd_mobilenet_v2,0.573154,57,ncnn_vulkan,70,ok,0.000404
ncnn,96.771975,,ncnn_layer,Clip:StatefulPartitionedCall/ssd_mobile_net_v2keras_feature_extractor/functional_1/block_10_expand_relu/Relu6,0.04396,0.042808,0.04156,ssd_mobilenet_v2,0.126063,101,ncnn_vulkan,70,ok,0.000552
ncnn,86.354792,,ncnn_layer,ConvolutionDepthWise:StatefulPartitionedCall/ssd_mobile_net_v2keras_feature_extractor/functional_1/block_10_depthwise/depthwise,0.17339,0.17148,0.16953,ssd_mobilenet_v2,0.504984,61,ncnn_vulkan,70,ok,0.000902
ncnn,97.0209,,ncnn_layer,Clip:StatefulPartitionedCall/ssd_mobile_net_v2keras_feature_extractor/functional_1/block_10_depthwise_relu/Relu6,0.04328,0.041963,0.04073,ssd_mobilenet_v2,0.123575,103,ncnn_vulkan,70,ok,0.000581
ncnn,69.616556,,ncnn_layer,Convolution:StatefulPartitionedCall/ssd_mobile_net_v2keras_feature_extractor/functional_1/block_10_project/Conv2D,0.31276,0.307797,0.30375,ssd_mobilenet_v2,0.906417,34,ncnn_vulkan,70,ok,0.001644
ncnn,99.979033,,ncnn_layer,Split:splitncnn_6,0.00052,0.000346,0.00031,ssd_mobilenet_v2,0.001019,173,ncnn_vulkan,70,ok,4.2e-05
ncnn,55.831512,,ncnn_layer,Convolution:StatefulPartitionedCall/ssd_mobile_net_v2keras_feature_extractor/functional_1/block_11_expand/Conv2D,0.42458,0.423462,0.42234,ssd_mobilenet_v2,1.247034,21,ncnn_vulkan,70,ok,0.000527
ncnn,94.498123,,ncnn_layer,Clip:StatefulPartitionedCall/ssd_mobile_net_v2keras_feature_extractor/functional_1/block_11_expand_relu/Relu6,0.06396,0.062585,0.06021,ssd_mobilenet_v2,0.184304,86,ncnn_vulkan,70,ok,0.000646
ncnn,71.89542,,ncnn_layer,ConvolutionDepthWise:StatefulPartitionedCall/ssd_mobile_net_v2keras_feature_extractor/functional_1/block_11_depthwise/depthwise,0.25536,0.252284,0.24932,ssd_mobilenet_v2,0.74294,37,ncnn_vulkan,70,ok,0.001414
ncnn,94.67889,,ncnn_layer,Clip:StatefulPartitionedCall/ssd_mobile_net_v2keras_feature_extractor/functional_1/block_11_depthwise_relu/Relu6,0.06302,0.061384,0.05974,ssd_mobilenet_v2,0.180767,87,ncnn_vulkan,70,ok,0.000675
ncnn,53.223258,,ncnn_layer,Convolution:StatefulPartitionedCall/ssd_mobile_net_v2keras_feature_extractor/functional_1/block_11_project/Conv2D,0.46708,0.462832,0.45792,ssd_mobilenet_v2,1.362973,19,ncnn_vulkan,70,ok,0.002171
ncnn,99.32976,,ncnn_layer,BinaryOp:StatefulPartitionedCall/ssd_mobile_net_v2keras_feature_extractor/functional_1/block_11_add/add,0.01417,0.013524,0.01286,ssd_mobilenet_v2,0.039826,134,ncnn_vulkan,70,ok,0.000297
ncnn,99.981065,,ncnn_layer,Split:splitncnn_7,0.00036,0.000344,0.00031,ssd_mobilenet_v2,0.001013,175,ncnn_vulkan,70,ok,2.3e-05
ncnn,57.07811,,ncnn_layer,Convolution:StatefulPartitionedCall/ssd_mobile_net_v2keras_feature_extractor/functional_1/block_12_expand/Conv2D,0.42443,0.423314,0.42182,ssd_mobilenet_v2,1.246598,22,ncnn_vulkan,70,ok,0.000525
ncnn,94.129089,,ncnn_layer,Clip:StatefulPartitionedCall/ssd_mobile_net_v2keras_feature_extractor/functional_1/block_12_expand_relu/Relu6,0.06839,0.062947,0.06177,ssd_mobilenet_v2,0.18537,84,ncnn_vulkan,70,ok,0.000907
ncnn,71.15248,,ncnn_layer,ConvolutionDepthWise:StatefulPartitionedCall/ssd_mobile_net_v2keras_feature_extractor/functional_1/block_12_depthwise/depthwise,0.26385,0.253187,0.24984,ssd_mobilenet_v2,0.745599,36,ncnn_vulkan,70,ok,0.001758
ncnn,94.858921,,ncnn_layer,Clip:StatefulPartitionedCall/ssd_mobile_net_v2keras_feature_extractor/functional_1/block_12_depthwise_relu/Relu6,0.06443,0.061134,0.05974,ssd_mobilenet_v2,0.180031,88,ncnn_vulkan,70,ok,0.000786
ncnn,54.584478,,ncnn_layer,Convolution:StatefulPartitionedCall/ssd_mobile_net_v2keras_feature_extractor/functional_1/block_12_project/Conv2D,0.46651,0.462237,0.45552,ssd_mobilenet_v2,1.361221,20,ncnn_vulkan,70,ok,0.00208
ncnn,99.369159,,ncnn_layer,BinaryOp:StatefulPartitionedCall/ssd_mobile_net_v2keras_feature_extractor/functional_1/block_12_add/add,0.01427,0.013379,0.0125,ssd_mobilenet_v2,0.039399,135,ncnn_vulkan,70,ok,0.000336
ncnn,58.323265,,ncnn_layer,Convolution:StatefulPartitionedCall/ssd_mobile_net_v2keras_feature_extractor/functional_1/block_13_expand/Conv2D,0.4238,0.422824,0.42167,ssd_mobilenet_v2,1.245155,23,ncnn_vulkan,70,ok,0.000462
ncnn,94.31382,,ncnn_layer,Clip:StatefulPartitionedCall/ssd_mobile_net_v2keras_feature_extractor/functional_1/block_13_expand_relu/Relu6,0.06396,0.06273,0.06062,ssd_mobilenet_v2,0.184731,85,ncnn_vulkan,70,ok,0.00065
ncnn,99.993077,,ncnn_layer,Split:splitncnn_8,0.00036,0.000338,0.00031,ssd_mobilenet_v2,0.000995,187,ncnn_vulkan,70,ok,2.5e-05
ncnn,87.843952,,ncnn_layer,ConvolutionDepthWise:StatefulPartitionedCall/ssd_mobile_net_v2keras_feature_extractor/functional_1/block_13_depthwise/depthwise,0.16724,0.164108,0.16146,ssd_mobilenet_v2,0.483274,64,ncnn_vulkan,70,ok,0.001393
ncnn,24.498518,,ncnn_layer,Convolution:StatefulPartitionedCall/BoxPredictor/ConvolutionalClassHead_0/ClassPredictor/BiasAdd,1.27755,1.271732,1.26432,ssd_mobilenet_v2,3.745065,5,ncnn_vulkan,70,ok,0.002362
ncnn,99.013138,,ncnn_layer,Clip:StatefulPartitionedCall/ssd_mobile_net_v2keras_feature_extractor/functional_1/block_13_depthwise_relu/Relu6,0.01865,0.017591,0.01698,ssd_mobilenet_v2,0.051803,127,ncnn_vulkan,70,ok,0.000362
ncnn,72.606635,,ncnn_layer,Convolution:StatefulPartitionedCall/ssd_mobile_net_v2keras_feature_extractor/functional_1/block_13_project/Conv2D,0.25172,0.241511,0.23135,ssd_mobilenet_v2,0.711215,38,ncnn_vulkan,70,ok,0.00565
ncnn,99.99704,,ncnn_layer,Split:splitncnn_9,0.00036,0.000336,0.00031,ssd_mobilenet_v2,0.000989,191,ncnn_vulkan,70,ok,2.5e-05
ncnn,62.760668,,ncnn_layer,Convolution:StatefulPartitionedCall/ssd_mobile_net_v2keras_feature_extractor/functional_1/block_14_expand/Conv2D,0.3662,0.364739,0.36255,ssd_mobilenet_v2,1.074103,27,ncnn_vulkan,70,ok,0.000781
ncnn,98.156975,,ncnn_layer,Clip:StatefulPartitionedCall/ssd_mobile_net_v2keras_feature_extractor/functional_1/block_14_expand_relu/Relu6,0.02854,0.026679,0.02526,ssd_mobilenet_v2,0.078566,114,ncnn_vulkan,70,ok,0.000588
ncnn,89.563573,,ncnn_layer,ConvolutionDepthWise:StatefulPartitionedCall/ssd_mobile_net_v2keras_feature_extractor/functional_1/block_14_depthwise/depthwise,0.13667,0.134321,0.13286,ssd_mobilenet_v2,0.395556,68,ncnn_vulkan,70,ok,0.000865
ncnn,98.310826,,ncnn_layer,Clip:StatefulPartitionedCall/ssd_mobile_net_v2keras_feature_extractor/functional_1/block_14_depthwise_relu/Relu6,0.02724,0.025765,0.02474,ssd_mobilenet_v2,0.075874,116,ncnn_vulkan,70,ok,0.000532
ncnn,60.584085,,ncnn_layer,Convolution:StatefulPartitionedCall/ssd_mobile_net_v2keras_feature_extractor/functional_1/block_14_project/Conv2D,0.4013,0.383844,0.36833,ssd_mobilenet_v2,1.130365,25,ncnn_vulkan,70,ok,0.012384
ncnn,99.604159,,ncnn_layer,BinaryOp:StatefulPartitionedCall/ssd_mobile_net_v2keras_feature_extractor/functional_1/block_14_add/add,0.01005,0.009225,0.0087,ssd_mobilenet_v2,0.027166,143,ncnn_vulkan,70,ok,0.000324
ncnn,99.985087,,ncnn_layer,Split:splitncnn_10,0.00036,0.000341,0.00031,ssd_mobilenet_v2,0.001004,179,ncnn_vulkan,70,ok,2.4e-05
ncnn,63.832006,,ncnn_layer,Convolution:StatefulPartitionedCall/ssd_mobile_net_v2keras_feature_extractor/functional_1/block_15_expand/Conv2D,0.36562,0.3638,0.36214,ssd_mobilenet_v2,1.071338,28,ncnn_vulkan,70,ok,0.000795
ncnn,98.078409,,ncnn_layer,Clip:StatefulPartitionedCall/ssd_mobile_net_v2keras_feature_extractor/functional_1/block_15_expand_relu/Relu6,0.02896,0.02687,0.02578,ssd_mobilenet_v2,0.079128,113,ncnn_vulkan,70,ok,0.000622
ncnn,90.34261,,ncnn_layer,ConvolutionDepthWise:StatefulPartitionedCall/ssd_mobile_net_v2keras_feature_extractor/functional_1/block_15_depthwise/depthwise,0.13661,0.13224,0.13068,ssd_mobilenet_v2,0.389428,70,ncnn_vulkan,70,ok,0.000876
ncnn,98.460171,,ncnn_layer,Clip:StatefulPartitionedCall/ssd_mobile_net_v2keras_feature_extractor/functional_1/block_15_depthwise_relu/Relu6,0.02667,0.025289,0.02417,ssd_mobilenet_v2,0.074472,118,ncnn_vulkan,70,ok,0.000502
ncnn,59.453721,,ncnn_layer,Convolution:StatefulPartitionedCall/ssd_mobile_net_v2keras_feature_extractor/functional_1/block_15_project/Conv2D,0.40307,0.383875,0.36682,ssd_mobilenet_v2,1.130456,24,ncnn_vulkan,70,ok,0.013448
ncnn,99.656827,,ncnn_layer,BinaryOp:StatefulPartitionedCall/ssd_mobile_net_v2keras_feature_extractor/functional_1/block_15_add/add,0.00932,0.008785,0.00823,ssd_mobilenet_v2,0.025871,145,ncnn_vulkan,70,ok,0.000251
ncnn,64.903044,,ncnn_layer,Convolution:StatefulPartitionedCall/ssd_mobile_net_v2keras_feature_extractor/functional_1/block_16_expand/Conv2D,0.36557,0.363698,0.36203,ssd_mobilenet_v2,1.071038,29,ncnn_vulkan,70,ok,0.000887
ncnn,98.234952,,ncnn_layer,Clip:StatefulPartitionedCall/ssd_mobile_net_v2keras_feature_extractor/functional_1/block_16_expand_relu/Relu6,0.02771,0.026479,0.02562,ssd_mobilenet_v2,0.077977,115,ncnn_vulkan,70,ok,0.000466
ncnn,89.953183,,ncnn_layer,ConvolutionDepthWise:StatefulPartitionedCall/ssd_mobile_net_v2keras_feature_extractor/functional_1/block_16_depthwise/depthwise,0.13438,0.132302,0.13068,ssd_mobilenet_v2,0.38961,69,ncnn_vulkan,70,ok,0.000715
ncnn,98.534426,,ncnn_layer,Clip:StatefulPartitionedCall/ssd_mobile_net_v2keras_feature_extractor/functional_1/block_16_depthwise_relu/Relu6,0.02625,0.025215,0.02422,ssd_mobilenet_v2,0.074254,119,ncnn_vulkan,70,ok,0.000417
ncnn,40.55188,,ncnn_layer,Convolution:StatefulPartitionedCall/ssd_mobile_net_v2keras_feature_extractor/functional_1/block_16_project/Conv2D,0.75766,0.751151,0.7425,ssd_mobilenet_v2,2.21203,11,ncnn_vulkan,70,ok,0.003651
ncnn,33.593243,,ncnn_layer,Convolution:StatefulPartitionedCall/ssd_mobile_net_v2keras_feature_extractor/functional_1/Conv_1/Conv2D,0.94979,0.945949,0.94146,ssd_mobilenet_v2,2.785682,8,ncnn_vulkan,70,ok,0.001285
ncnn,97.734898,,ncnn_layer,Clip:StatefulPartitionedCall/ssd_mobile_net_v2keras_feature_extractor/functional_1/out_relu/Relu6,0.03641,0.035022,0.03375,ssd_mobilenet_v2,0.103135,109,ncnn_vulkan,70,ok,0.00061
ncnn,99.988091,,ncnn_layer,Split:splitncnn_11,0.00036,0.000339,0.00031,ssd_mobilenet_v2,0.000998,182,ncnn_vulkan,70,ok,2.5e-05
ncnn,38.33985,,ncnn_layer,Convolution:StatefulPartitionedCall/ssd_mobile_net_v2keras_feature_extractor/FeatureMaps/layer_19_1_Conv2d_2_1x1_256_conv/Conv2D,0.78214,0.76398,0.74724,ssd_mobilenet_v2,2.24981,10,ncnn_vulkan,70,ok,0.012553
ncnn,16.798054,,ncnn_layer,Convolution:StatefulPartitionedCall/BoxPredictor/ConvolutionalClassHead_1/ClassPredictor/BiasAdd,1.73516,1.725241,1.71568,ssd_mobilenet_v2,5.080583,3,ncnn_vulkan,70,ok,0.003589
ncnn,99.630957,,ncnn_layer,Clip:StatefulPartitionedCall/ssd_mobile_net_v2keras_feature_extractor/FeatureMaps/layer_19_1_Conv2d_2_1x1_256/Relu6,0.00974,0.0091,0.00854,ssd_mobilenet_v2,0.026798,144,ncnn_vulkan,70,ok,0.000281
ncnn,95.211517,,ncnn_layer,Permute:StatefulPartitionedCall/BoxPredictor/ConvolutionalClassHead_1/ClassPredictor/BiasAdd__441,0.06083,0.059354,0.05812,ssd_mobilenet_v2,0.174789,90,ncnn_vulkan,70,ok,0.000644
ncnn,5.971195,,ncnn_layer,Convolution:StatefulPartitionedCall/ssd_mobile_net_v2keras_feature_extractor/FeatureMaps/layer_19_2_Conv2d_2_3x3_s2_512_conv/Conv2D,2.05182,2.027671,2.0062,ssd_mobilenet_v2,5.971195,1,ncnn_vulkan,70,ok,0.012393
ncnn,75.374132,,ncnn_layer,Reshape:StatefulPartitionedCall/BoxPredictor/ConvolutionalClassHead_1/Reshape,0.22052,0.21984,0.21922,ssd_mobilenet_v2,0.647397,42,ncnn_vulkan,70,ok,0.000279
ncnn,99.751731,,ncnn_layer,Clip:StatefulPartitionedCall/ssd_mobile_net_v2keras_feature_extractor/FeatureMaps/layer_19_2_Conv2d_2_3x3_s2_512/Relu6,0.00698,0.006604,0.0062,ssd_mobilenet_v2,0.019448,149,ncnn_vulkan,70,ok,0.000205
ncnn,99.980052,,ncnn_layer,Split:splitncnn_12,0.00036,0.000346,0.00031,ssd_mobilenet_v2,0.001019,174,ncnn_vulkan,70,ok,2.3e-05
ncnn,91.923779,,ncnn_layer,Convolution:StatefulPartitionedCall/ssd_mobile_net_v2keras_feature_extractor/FeatureMaps/layer_19_1_Conv2d_3_1x1_128_conv/Conv2D,0.10875,0.105421,0.10208,ssd_mobilenet_v2,0.310449,75,ncnn_vulkan,70,ok,0.001205
ncnn,77.261922,,ncnn_layer,Convolution:StatefulPartitionedCall/BoxPredictor/ConvolutionalClassHead_2/ClassPredictor/BiasAdd,0.22031,0.210864,0.20104,ssd_mobilenet_v2,0.620964,45,ncnn_vulkan,70,ok,0.004862
ncnn,99.908197,,ncnn_layer,Clip:StatefulPartitionedCall/ssd_mobile_net_v2keras_feature_extractor/FeatureMaps/layer_19_1_Conv2d_3_1x1_128/Relu6,0.00427,0.003982,0.00391,ssd_mobilenet_v2,0.011726,161,ncnn_vulkan,70,ok,6.7e-05
ncnn,97.999281,,ncnn_layer,Permute:StatefulPartitionedCall/BoxPredictor/ConvolutionalClassHead_2/ClassPredictor/BiasAdd__435,0.02771,0.027383,0.02688,ssd_mobilenet_v2,0.080639,112,ncnn_vulkan,70,ok,0.000192
ncnn,47.290346,,ncnn_layer,Convolution:StatefulPartitionedCall/ssd_mobile_net_v2keras_feature_extractor/FeatureMaps/layer_19_2_Conv2d_3_3x3_s2_256_conv/Conv2D,0.56625,0.535621,0.50573,ssd_mobilenet_v2,1.577326,15,ncnn_vulkan,70,ok,0.024915
ncnn,92.484668,,ncnn_layer,Reshape:StatefulPartitionedCall/BoxPredictor/ConvolutionalClassHead_2/Reshape,0.08786,0.087396,0.08703,ssd_mobilenet_v2,0.257368,77,ncnn_vulkan,70,ok,0.000213
ncnn,99.849094,,ncnn_layer,Clip:StatefulPartitionedCall/ssd_mobile_net_v2keras_feature_extractor/FeatureMaps/layer_19_2_Conv2d_3_3x3_s2_256/Relu6,0.00448,0.004147,0.00406,ssd_mobilenet_v2,0.012212,156,ncnn_vulkan,70,ok,0.000122
ncnn,100.0,,ncnn_layer,Split:splitncnn_13,0.00036,0.000334,0.00031,ssd_mobilenet_v2,0.000984,194,ncnn_vulkan,70,ok,2.5e-05
ncnn,95.70152,,ncnn_layer,Convolution:StatefulPartitionedCall/ssd_mobile_net_v2keras_feature_extractor/FeatureMaps/layer_19_1_Conv2d_4_1x1_128_conv/Conv2D,0.05479,0.054017,0.05255,ssd_mobilenet_v2,0.159072,93,ncnn_vulkan,70,ok,0.000472
ncnn,90.664247,,ncnn_layer,Convolution:StatefulPartitionedCall/BoxPredictor/ConvolutionalClassHead_3/ClassPredictor/BiasAdd,0.11229,0.10922,0.10469,ssd_mobilenet_v2,0.321637,71,ncnn_vulkan,70,ok,0.001884
ncnn,99.918972,,ncnn_layer,Clip:StatefulPartitionedCall/ssd_mobile_net_v2keras_feature_extractor/FeatureMaps/layer_19_1_Conv2d_4_1x1_128/Relu6,0.00391,0.003659,0.00359,ssd_mobilenet_v2,0.010775,162,ncnn_vulkan,70,ok,7.6e-05
ncnn,99.491789,,ncnn_layer,Permute:StatefulPartitionedCall/BoxPredictor/ConvolutionalClassHead_3/ClassPredictor/BiasAdd__429,0.00995,0.009673,0.00953,ssd_mobilenet_v2,0.028486,139,ncnn_vulkan,70,ok,0.000107
ncnn,48.849469,,ncnn_layer,Convolution:StatefulPartitionedCall/ssd_mobile_net_v2keras_feature_extractor/FeatureMaps/layer_19_2_Conv2d_4_3x3_s2_256_conv/Conv2D,0.56073,0.52944,0.50062,ssd_mobilenet_v2,1.559124,16,ncnn_vulkan,70,ok,0.024602
ncnn,97.836457,,ncnn_layer,Reshape:StatefulPartitionedCall/BoxPredictor/ConvolutionalClassHead_3/Reshape,0.03521,0.034487,0.03427,ssd_mobilenet_v2,0.101559,110,ncnn_vulkan,70,ok,0.000211
ncnn,99.929509,,ncnn_layer,Clip:StatefulPartitionedCall/ssd_mobile_net_v2keras_feature_extractor/FeatureMaps/layer_19_2_Conv2d_4_3x3_s2_256/Relu6,0.0038,0.003578,0.00354,ssd_mobilenet_v2,0.010537,163,ncnn_vulkan,70,ok,6e-05
ncnn,99.99803,,ncnn_layer,Split:splitncnn_14,0.00036,0.000336,0.00031,ssd_mobilenet_v2,0.000989,192,ncnn_vulkan,70,ok,2.5e-05
ncnn,96.393387,,ncnn_layer,Convolution:StatefulPartitionedCall/ssd_mobile_net_v2keras_feature_extractor/FeatureMaps/layer_19_1_Conv2d_5_1x1_64_conv/Conv2D,0.04474,0.043561,0.04307,ssd_mobilenet_v2,0.128281,98,ncnn_vulkan,70,ok,0.000382
ncnn,91.300227,,ncnn_layer,Convolution:StatefulPartitionedCall/BoxPredictor/ConvolutionalClassHead_4/ClassPredictor/BiasAdd,0.11094,0.107176,0.10286,ssd_mobilenet_v2,0.315618,73,ncnn_vulkan,70,ok,0.002156
ncnn,99.93951,,ncnn_layer,Clip:StatefulPartitionedCall/ssd_mobile_net_v2keras_feature_extractor/FeatureMaps/layer_19_1_Conv2d_5_1x1_64/Relu6,0.00359,0.003396,0.00333,ssd_mobilenet_v2,0.010001,164,ncnn_vulkan,70,ok,6.2e-05
ncnn,99.463303,,ncnn_layer,Permute:StatefulPartitionedCall/BoxPredictor/ConvolutionalClassHead_4/ClassPredictor/BiasAdd__423,0.01,0.009726,0.00958,ssd_mobilenet_v2,0.028642,138,ncnn_vulkan,70,ok,0.000106
ncnn,87.360677,,ncnn_layer,Convolution:StatefulPartitionedCall/ssd_mobile_net_v2keras_feature_extractor/FeatureMaps/layer_19_2_Conv2d_5_3x3_s2_128_conv/Conv2D,0.18021,0.170741,0.16307,ssd_mobilenet_v2,0.502807,63,ncnn_vulkan,70,ok,0.004842
ncnn,99.112939,,ncnn_layer,Reshape:StatefulPartitionedCall/BoxPredictor/ConvolutionalClassHead_4/Reshape,0.01734,0.016807,0.01646,ssd_mobilenet_v2,0.049494,129,ncnn_vulkan,70,ok,0.000173
ncnn,99.982075,,ncnn_layer,Reshape:StatefulPartitionedCall/ssd_mobile_net_v2keras_feature_extractor/FeatureMaps/layer_19_2_Conv2d_5_3x3_s2_128_batchnorm/FusedBatchNormV3__412,0.00036,0.000343,0.00031,ssd_mobilenet_v2,0.00101,176,ncnn_vulkan,70,ok,2.4e-05
ncnn,99.796455,,ncnn_layer,BatchNorm:StatefulPartitionedCall/ssd_mobile_net_v2keras_feature_extractor/FeatureMaps/layer_19_2_Conv2d_5_3x3_s2_128_batchnorm/FusedBatchNormV3,0.0051,0.004885,0.00479,ssd_mobilenet_v2,0.014386,152,ncnn_vulkan,70,ok,9.2e-05
ncnn,99.949487,,ncnn_layer,Clip:StatefulPartitionedCall/ssd_mobile_net_v2keras_feature_extractor/FeatureMaps/layer_19_2_Conv2d_5_3x3_s2_128/Relu6,0.00359,0.003388,0.00333,ssd_mobilenet_v2,0.009977,165,ncnn_vulkan,70,ok,4.8e-05
ncnn,99.995061,,ncnn_layer,Reshape:StatefulPartitionedCall/BoxPredictor/ConvolutionalClassHead_5/ClassPredictor/BiasAdd__416,0.00036,0.000337,0.00031,ssd_mobilenet_v2,0.000992,189,ncnn_vulkan,70,ok,2.5e-05
ncnn,99.989089,,ncnn_layer,Split:splitncnn_15,0.00036,0.000339,0.00031,ssd_mobilenet_v2,0.000998,183,ncnn_vulkan,70,ok,2.5e-05
ncnn,95.380472,,ncnn_layer,Convolution:StatefulPartitionedCall/BoxPredictor/ConvolutionalClassHead_5/ClassPredictor/BiasAdd,0.05943,0.057373,0.05516,ssd_mobilenet_v2,0.168955,91,ncnn_vulkan,70,ok,0.000749
ncnn,99.548639,,ncnn_layer,Reshape:StatefulPartitionedCall/BoxPredictor/ConvolutionalClassHead_5/Reshape,0.00995,0.009636,0.00938,ssd_mobilenet_v2,0.028377,141,ncnn_vulkan,70,ok,0.000139
ncnn,65.953503,,ncnn_layer,Concat:StatefulPartitionedCall/concat_1,0.3588,0.35671,0.35328,ssd_mobilenet_v2,1.050459,30,ncnn_vulkan,70,ok,0.001168
ncnn,95.855987,,ncnn_layer,Sigmoid:StatefulPartitionedCall/Postprocessor/convert_scores,0.05474,0.052453,0.05104,ssd_mobilenet_v2,0.154466,94,ncnn_vulkan,70,ok,0.000751
ncnn,89.168017,,ncnn_layer,Convolution:StatefulPartitionedCall/BoxPredictor/ConvolutionalBoxHead_0/BoxEncodingPredictor/BiasAdd,0.14281,0.137897,0.13448,ssd_mobilenet_v2,0.406087,67,ncnn_vulkan,70,ok,0.001754
ncnn,99.247528,,ncnn_layer,Permute:StatefulPartitionedCall/BoxPredictor/ConvolutionalBoxHead_0/BoxEncodingPredictor/BiasAdd__724,0.01479,0.014507,0.01427,ssd_mobilenet_v2,0.042721,132,ncnn_vulkan,70,ok,0.000117
ncnn,97.918642,,ncnn_layer,Reshape:StatefulPartitionedCall/BoxPredictor/ConvolutionalBoxHead_0/Reshape,0.02828,0.027908,0.02745,ssd_mobilenet_v2,0.082185,111,ncnn_vulkan,70,ok,0.000179
ncnn,70.406882,,ncnn_layer,Convolution:StatefulPartitionedCall/BoxPredictor/ConvolutionalBoxHead_1/BoxEncodingPredictor/BiasAdd,0.28073,0.268375,0.25474,ssd_mobilenet_v2,0.790325,35,ncnn_vulkan,70,ok,0.008942
ncnn,99.732283,,ncnn_layer,Permute:StatefulPartitionedCall/BoxPredictor/ConvolutionalBoxHead_1/BoxEncodingPredictor/BiasAdd__444,0.00849,0.008166,0.00797,ssd_mobilenet_v2,0.024048,148,ncnn_vulkan,70,ok,0.000122
ncnn,99.204807,,ncnn_layer,Reshape:StatefulPartitionedCall/BoxPredictor/ConvolutionalBoxHead_1/Reshape,0.015,0.014654,0.01438,ssd_mobilenet_v2,0.043154,131,ncnn_vulkan,70,ok,0.000134
ncnn,92.227299,,ncnn_layer,Convolution:StatefulPartitionedCall/BoxPredictor/ConvolutionalBoxHead_2/BoxEncodingPredictor/BiasAdd,0.10479,0.103068,0.10042,ssd_mobilenet_v2,0.30352,76,ncnn_vulkan,70,ok,0.001259
ncnn,99.81003,,ncnn_layer,Permute:StatefulPartitionedCall/BoxPredictor/ConvolutionalBoxHead_2/BoxEncodingPredictor/BiasAdd__438,0.0049,0.00461,0.00448,ssd_mobilenet_v2,0.013576,153,ncnn_vulkan,70,ok,9.9e-05
ncnn,99.682668,,ncnn_layer,Reshape:StatefulPartitionedCall/BoxPredictor/ConvolutionalBoxHead_2/Reshape,0.00922,0.008775,0.00859,ssd_mobilenet_v2,0.025841,146,ncnn_vulkan,70,ok,0.000164
ncnn,96.004354,,ncnn_layer,Convolution:StatefulPartitionedCall/BoxPredictor/ConvolutionalBoxHead_3/BoxEncodingPredictor/BiasAdd,0.05135,0.050382,0.04958,ssd_mobilenet_v2,0.148368,95,ncnn_vulkan,70,ok,0.000368
ncnn,99.861068,,ncnn_layer,Permute:StatefulPartitionedCall/BoxPredictor/ConvolutionalBoxHead_3/BoxEncodingPredictor/BiasAdd__432,0.00427,0.004066,0.00401,ssd_mobilenet_v2,0.011974,157,ncnn_vulkan,70,ok,6.9e-05
ncnn,99.782069,,ncnn_layer,Reshape:StatefulPartitionedCall/BoxPredictor/ConvolutionalBoxHead_3/Reshape,0.00521,0.004978,0.00484,ssd_mobilenet_v2,0.014659,151,ncnn_vulkan,70,ok,0.000102
ncnn,97.512229,,ncnn_layer,Convolution:StatefulPartitionedCall/BoxPredictor/ConvolutionalBoxHead_4/BoxEncodingPredictor/BiasAdd,0.04229,0.041541,0.04094,ssd_mobilenet_v2,0.122332,107,ncnn_vulkan,70,ok,0.00029
ncnn,99.872912,,ncnn_layer,Permute:StatefulPartitionedCall/BoxPredictor/ConvolutionalBoxHead_4/BoxEncodingPredictor/BiasAdd__426,0.00406,0.004022,0.00396,ssd_mobilenet_v2,0.011844,158,ncnn_vulkan,70,ok,2.5e-05
ncnn,99.76741,,ncnn_layer,Reshape:StatefulPartitionedCall/BoxPredictor/ConvolutionalBoxHead_4/Reshape,0.00562,0.005324,0.00516,ssd_mobilenet_v2,0.015678,150,ncnn_vulkan,70,ok,0.000104
ncnn,98.385699,,ncnn_layer,Convolution:StatefulPartitionedCall/BoxPredictor/ConvolutionalBoxHead_5/BoxEncodingPredictor/BiasAdd,0.02615,0.025425,0.0249,ssd_mobilenet_v2,0.074873,117,ncnn_vulkan,70,ok,0.000336
ncnn,99.404153,,ncnn_layer,Reshape:StatefulPartitionedCall/BoxPredictor/ConvolutionalBoxHead_5/Reshape,0.01219,0.011883,0.01167,ssd_mobilenet_v2,0.034994,136,ncnn_vulkan,70,ok,0.00012
ncnn,97.631763,,ncnn_layer,Concat:StatefulPartitionedCall/concat,0.0413,0.040591,0.03984,ssd_mobilenet_v2,0.119535,108,ncnn_vulkan,70,ok,0.000335
ncnn,99.954534,,ncnn_layer,Squeeze:StatefulPartitionedCall/Squeeze,0.01,0.001714,0.0,ssd_mobilenet_v2,0.005047,166,ncnn_vulkan,70,ok,0.003769
ncnn,99.708236,,ncnn_layer,Reshape:StatefulPartitionedCall/Postprocessor/Reshape_1,0.00943,0.008682,0.00823,ssd_mobilenet_v2,0.025567,147,ncnn_vulkan,70,ok,0.000215
ncnn,99.999016,,ncnn_layer,Permute:StatefulPartitionedCall/Postprocessor/Decode/transpose,0.00036,0.000335,0.00031,ssd_mobilenet_v2,0.000987,193,ncnn_vulkan,70,ok,2.5e-05
ncnn,99.289934,,ncnn_layer,Slice:StatefulPartitionedCall/Postprocessor/Decode/unstack,0.01484,0.0144,0.01417,ssd_mobilenet_v2,0.042406,133,ncnn_vulkan,70,ok,0.000153
ncnn,100.0,,ncnn_layer,Squeeze:StatefulPartitionedCall/Postprocessor/Decode/unstack__727,0.0,0.0,0.0,ssd_mobilenet_v2,0.0,195,ncnn_vulkan,70,ok,0.0
ncnn,99.978014,,ncnn_layer,MemoryData:StatefulPartitionedCall/Postprocessor/Decode/get_center_coordinates_and_sizes/add:0,0.00146,0.001279,0.00125,ssd_mobilenet_v2,0.003766,172,ncnn_vulkan,70,ok,5.5e-05
ncnn,99.958966,,ncnn_layer,MemoryData:StatefulPartitionedCall/Postprocessor/Decode/truediv:0,0.0025,0.001505,0.00141,ssd_mobilenet_v2,0.004432,167,ncnn_vulkan,70,ok,0.000183
ncnn,100.0,,ncnn_layer,Squeeze:StatefulPartitionedCall/Postprocessor/Decode/unstack__729,0.0,0.0,0.0,ssd_mobilenet_v2,0.0,196,ncnn_vulkan,70,ok,0.0
ncnn,99.970454,,ncnn_layer,MemoryData:StatefulPartitionedCall/Postprocessor/Decode/get_center_coordinates_and_sizes/sub_1:0,0.00161,0.001294,0.00125,ssd_mobilenet_v2,0.003811,170,ncnn_vulkan,70,ok,8.4e-05
ncnn,99.823471,,ncnn_layer,BinaryOp:StatefulPartitionedCall/Postprocessor/Decode/truediv_2,0.00505,0.004564,0.00443,ssd_mobilenet_v2,0.01344,154,ncnn_vulkan,70,ok,0.000136
ncnn,99.884706,,ncnn_layer,UnaryOp:StatefulPartitionedCall/Postprocessor/Decode/Exp_1,0.00438,0.004005,0.0038,ssd_mobilenet_v2,0.011794,159,ncnn_vulkan,70,ok,0.000134
ncnn,96.134747,,ncnn_layer,BinaryOp:StatefulPartitionedCall/Postprocessor/Decode/mul_1,0.04464,0.044278,0.04406,ssd_mobilenet_v2,0.130392,96,ncnn_vulkan,70,ok,0.000129
ncnn,98.909397,,ncnn_layer,BinaryOp:StatefulPartitionedCall/Postprocessor/Decode/truediv_6,0.01797,0.017661,0.01734,ssd_mobilenet_v2,0.052009,125,ncnn_vulkan,70,ok,0.000121
ncnn,99.986091,,ncnn_layer,Split:splitncnn_19,0.00036,0.000341,0.00031,ssd_mobilenet_v2,0.001004,180,ncnn_vulkan,70,ok,2.4e-05
ncnn,98.794418,,ncnn_layer,BinaryOp:StatefulPartitionedCall/Postprocessor/Decode/sub,0.02255,0.021921,0.02161,ssd_mobilenet_v2,0.064554,123,ncnn_vulkan,70,ok,0.000183
ncnn,100.0,,ncnn_layer,ExpandDims:StatefulPartitionedCall/Postprocessor/Decode/stack_Unsqueeze__731,0.0,0.0,0.0,ssd_mobilenet_v2,0.0,197,ncnn_vulkan,70,ok,0.0
ncnn,100.0,,ncnn_layer,Squeeze:StatefulPartitionedCall/Postprocessor/Decode/unstack__728,0.0,0.0,0.0,ssd_mobilenet_v2,0.0,198,ncnn_vulkan,70,ok,0.0
ncnn,99.974247,,ncnn_layer,MemoryData:StatefulPartitionedCall/Postprocessor/Decode/get_center_coordinates_and_sizes/add_1:0,0.00146,0.001288,0.00125,ssd_mobilenet_v2,0.003793,171,ncnn_vulkan,70,ok,5.8e-05
ncnn,99.966644,,ncnn_layer,MemoryData:StatefulPartitionedCall/Postprocessor/Decode/truediv_1:0,0.00161,0.001299,0.00125,ssd_mobilenet_v2,0.003825,169,ncnn_vulkan,70,ok,0.0001
ncnn,100.0,,ncnn_layer,Squeeze:StatefulPartitionedCall/Postprocessor/Decode/unstack__730,0.0,0.0,0.0,ssd_mobilenet_v2,0.0,199,ncnn_vulkan,70,ok,0.0
ncnn,99.962818,,ncnn_layer,MemoryData:StatefulPartitionedCall/Postprocessor/Decode/get_center_coordinates_and_sizes/sub:0,0.00167,0.001308,0.00125,ssd_mobilenet_v2,0.003852,168,ncnn_vulkan,70,ok,9.9e-05
ncnn,99.836882,,ncnn_layer,BinaryOp:StatefulPartitionedCall/Postprocessor/Decode/truediv_3,0.0049,0.004554,0.00443,ssd_mobilenet_v2,0.013411,155,ncnn_vulkan,70,ok,0.000122
ncnn,99.896471,,ncnn_layer,UnaryOp:StatefulPartitionedCall/Postprocessor/Decode/Exp,0.00432,0.003995,0.0038,ssd_mobilenet_v2,0.011765,160,ncnn_vulkan,70,ok,0.00013
ncnn,96.265106,,ncnn_layer,BinaryOp:StatefulPartitionedCall/Postprocessor/Decode/mul,0.04458,0.044267,0.04406,ssd_mobilenet_v2,0.13036,97,ncnn_vulkan,70,ok,0.000128
ncnn,98.961335,,ncnn_layer,BinaryOp:StatefulPartitionedCall/Postprocessor/Decode/truediv_7,0.01792,0.017637,0.01734,ssd_mobilenet_v2,0.051938,126,ncnn_vulkan,70,ok,0.000116
ncnn,99.990088,,ncnn_layer,Split:splitncnn_18,0.00036,0.000339,0.00031,ssd_mobilenet_v2,0.000998,184,ncnn_vulkan,70,ok,2.5e-05
ncnn,98.729864,,ncnn_layer,BinaryOp:StatefulPartitionedCall/Postprocessor/Decode/sub_1,0.02234,0.022,0.02167,ssd_mobilenet_v2,0.064787,122,ncnn_vulkan,70,ok,0.000169
ncnn,100.0,,ncnn_layer,ExpandDims:StatefulPartitionedCall/Postprocessor/Decode/stack_Unsqueeze__732,0.0,0.0,0.0,ssd_mobilenet_v2,0.0,200,ncnn_vulkan,70,ok,0.0
ncnn,98.599769,,ncnn_layer,BinaryOp:StatefulPartitionedCall/Postprocessor/Decode/add_2,0.02276,0.022189,0.02188,ssd_mobilenet_v2,0.065343,120,ncnn_vulkan,70,ok,0.00016
ncnn,100.0,,ncnn_layer,ExpandDims:StatefulPartitionedCall/Postprocessor/Decode/stack_Unsqueeze__733,0.0,0.0,0.0,ssd_mobilenet_v2,0.0,201,ncnn_vulkan,70,ok,0.0
ncnn,98.665077,,ncnn_layer,BinaryOp:StatefulPartitionedCall/Postprocessor/Decode/add_3,0.0226,0.022177,0.02188,ssd_mobilenet_v2,0.065308,121,ncnn_vulkan,70,ok,0.00015
ncnn,100.0,,ncnn_layer,ExpandDims:StatefulPartitionedCall/Postprocessor/Decode/stack_Unsqueeze__734,0.0,0.0,0.0,ssd_mobilenet_v2,0.0,202,ncnn_vulkan,70,ok,0.0
ncnn,90.984609,,ncnn_layer,Concat:StatefulPartitionedCall/Postprocessor/Decode/stack_Concat__735,0.10927,0.108787,0.10818,ssd_mobilenet_v2,0.320362,72,ncnn_vulkan,70,ok,0.00024
ncnn,99.991086,,ncnn_layer,Permute:StatefulPartitionedCall/Postprocessor/Decode/transpose_1,0.00036,0.000339,0.00031,ssd_mobilenet_v2,0.000998,185,ncnn_vulkan,70,ok,2.5e-05
ncnn,92.736706,,ncnn_layer,Reshape:StatefulPartitionedCall/Postprocessor/Reshape_2,0.08604,0.085586,0.08516,ssd_mobilenet_v2,0.252038,78,ncnn_vulkan,70,ok,0.00018
ncnn,100.0,,ncnn_layer,ExpandDims:StatefulPartitionedCall/Postprocessor/ExpandDims_1,0.0,0.0,0.0,ssd_mobilenet_v2,0.0,203,ncnn_vulkan,70,ok,0.0
ncnn,100.0,,ncnn_layer,Squeeze:StatefulPartitionedCall/Postprocessor/Squeeze,0.0,0.0,0.0,ssd_mobilenet_v2,0.0,204,ncnn_vulkan,70,ok,0.0
