model,runtime,rank,layer_name,backend,granularity,mean_ms,std_ms,min_ms,max_ms,samples,percent_total_ms,cumulative_percent_ms
efficientnet_b0,onnxrt_cuda,1,session_initialization,onnxruntime,onnx_node,5101.546,0.0,5101.546,5101.546,1,80.212553,80.212553
efficientnet_b0,onnxrt_cuda,2,model_run,onnxruntime,onnx_node,338.545917,2181.824142,53.27,17097.45,60,5.32302,85.535574
efficientnet_b0,onnxrt_cuda,3,SequentialExecutor::Execute,onnxruntime,onnx_node,333.21385,2182.176255,45.073,17094.8,60,5.239183,90.774757
efficientnet_b0,onnxrt_cuda,4,model_loading_uri,onnxruntime,onnx_node,263.261,0.0,263.261,263.261,1,4.139302,94.914058
efficientnet_b0,onnxrt_cuda,5,Conv:/features/features.0/features.0.0/Conv_kernel_time,onnxruntime,onnx_node,47.486833,360.040585,0.479,2813.011,60,0.746644,95.660702
efficientnet_b0,onnxrt_cuda,6,Conv:/features/features.7/features.7.0/block/block.1/block.1.0/Conv_kernel_time,onnxruntime,onnx_node,25.158367,191.572545,0.2,1496.655,60,0.39557,96.056272
efficientnet_b0,onnxrt_cuda,7,Conv:/features/features.6/features.6.3/block/block.1/block.1.0/Conv_kernel_time,onnxruntime,onnx_node,22.445817,170.745125,0.196,1333.964,60,0.35292,96.409192
efficientnet_b0,onnxrt_cuda,8,Conv:/features/features.6/features.6.1/block/block.1/block.1.0/Conv_kernel_time,onnxruntime,onnx_node,22.42195,170.522226,0.195,1332.228,60,0.352544,96.761736
efficientnet_b0,onnxrt_cuda,9,Conv:/features/features.6/features.6.2/block/block.1/block.1.0/Conv_kernel_time,onnxruntime,onnx_node,16.601683,125.867724,0.195,983.41,60,0.261031,97.022768
efficientnet_b0,onnxrt_cuda,10,Conv:/features/features.5/features.5.2/block/block.1/block.1.0/Conv_kernel_time,onnxruntime,onnx_node,14.1672,107.125929,0.189,837.017,60,0.222754,97.245521
efficientnet_b0,onnxrt_cuda,11,Conv:/features/features.5/features.5.1/block/block.1/block.1.0/Conv_kernel_time,onnxruntime,onnx_node,12.862717,97.149738,0.195,759.084,60,0.202243,97.447764
efficientnet_b0,onnxrt_cuda,12,Conv:/features/features.2/features.2.1/block/block.1/block.1.0/Conv_kernel_time,onnxruntime,onnx_node,11.921817,89.786632,0.211,701.586,60,0.187449,97.635213
efficientnet_b0,onnxrt_cuda,13,Conv:/features/features.2/features.2.0/block/block.1/block.1.0/Conv_kernel_time,onnxruntime,onnx_node,11.4269,85.88513,0.157,671.123,60,0.179667,97.81488
efficientnet_b0,onnxrt_cuda,14,Conv:/features/features.1/features.1.0/block/block.0/block.0.0/Conv_kernel_time,onnxruntime,onnx_node,11.182833,83.469873,0.218,652.327,60,0.17583,97.99071
efficientnet_b0,onnxrt_cuda,15,Conv:/features/features.4/features.4.1/block/block.1/block.1.0/Conv_kernel_time,onnxruntime,onnx_node,10.82735,81.481814,0.2,636.701,60,0.17024,98.160951
efficientnet_b0,onnxrt_cuda,16,Conv:/features/features.4/features.4.2/block/block.1/block.1.0/Conv_kernel_time,onnxruntime,onnx_node,10.806917,81.255348,0.195,634.941,60,0.169919,98.33087
efficientnet_b0,onnxrt_cuda,17,Conv:/features/features.5/features.5.0/block/block.1/block.1.0/Conv_kernel_time,onnxruntime,onnx_node,10.354333,77.746444,0.203,607.536,60,0.162803,98.493673
efficientnet_b0,onnxrt_cuda,18,Conv:/features/features.3/features.3.1/block/block.1/block.1.0/Conv_kernel_time,onnxruntime,onnx_node,10.24865,77.013562,0.19,601.801,60,0.161141,98.654814
efficientnet_b0,onnxrt_cuda,19,Conv:/features/features.6/features.6.0/block/block.1/block.1.0/Conv_kernel_time,onnxruntime,onnx_node,5.592267,41.26791,0.197,322.577,60,0.087928,98.742742
efficientnet_b0,onnxrt_cuda,20,Conv:/features/features.3/features.3.0/block/block.1/block.1.0/Conv_kernel_time,onnxruntime,onnx_node,4.761917,34.809805,0.203,272.141,60,0.074873,98.817615
efficientnet_b0,onnxrt_cuda,21,Conv:/features/features.4/features.4.0/block/block.1/block.1.0/Conv_kernel_time,onnxruntime,onnx_node,2.40825,16.791625,0.173,131.387,60,0.037865,98.85548
efficientnet_b0,onnxrt_cuda,22,Conv:/features/features.2/features.2.0/block/block.3/block.3.0/Conv_kernel_time,onnxruntime,onnx_node,1.509483,9.260125,0.244,72.637,60,0.023734,98.879214
efficientnet_b0,onnxrt_cuda,23,Conv:/features/features.2/features.2.0/block/block.0/block.0.0/Conv_kernel_time,onnxruntime,onnx_node,1.503283,7.961881,0.418,62.659,60,0.023636,98.902851
efficientnet_b0,onnxrt_cuda,24,Conv:/features/features.6/features.6.3/block/block.0/block.0.0/Conv_kernel_time,onnxruntime,onnx_node,1.20805,6.751097,0.272,53.062,60,0.018994,98.921845
efficientnet_b0,onnxrt_cuda,25,Conv:/features/features.7/features.7.0/block/block.0/block.0.0/Conv_kernel_time,onnxruntime,onnx_node,1.2079,6.758026,0.274,53.115,60,0.018992,98.940837
efficientnet_b0,onnxrt_cuda,26,Conv:/features/features.6/features.6.2/block/block.0/block.0.0/Conv_kernel_time,onnxruntime,onnx_node,1.2049,6.73895,0.274,52.966,60,0.018945,98.959782
efficientnet_b0,onnxrt_cuda,27,Conv:/features/features.6/features.6.1/block/block.3/block.3.0/Conv_kernel_time,onnxruntime,onnx_node,1.166033,6.443194,0.275,50.655,60,0.018334,98.978116
efficientnet_b0,onnxrt_cuda,28,Conv:/features/features.6/features.6.2/block/block.3/block.3.0/Conv_kernel_time,onnxruntime,onnx_node,1.14885,6.390454,0.275,50.234,60,0.018064,98.996179
efficientnet_b0,onnxrt_cuda,29,Conv:/features/features.6/features.6.3/block/block.3/block.3.0/Conv_kernel_time,onnxruntime,onnx_node,1.14175,6.349313,0.276,49.911,60,0.017952,99.014131
efficientnet_b0,onnxrt_cuda,30,Conv:/features/features.6/features.6.1/block/block.0/block.0.0/Conv_kernel_time,onnxruntime,onnx_node,1.13905,6.807027,0.221,53.424,60,0.017909,99.032041
efficientnet_b0,onnxrt_cuda,31,Conv:/features/features.2/features.2.0/block/block.2/fc1/Conv_kernel_time,onnxruntime,onnx_node,0.986383,5.483096,0.239,43.102,60,0.015509,99.04755
efficientnet_b0,onnxrt_cuda,32,Conv:/features/features.5/features.5.1/block/block.0/block.0.0/Conv_kernel_time,onnxruntime,onnx_node,0.942233,4.820892,0.27,37.97,60,0.014815,99.062365
efficientnet_b0,onnxrt_cuda,33,Conv:/features/features.6/features.6.0/block/block.0/block.0.0/Conv_kernel_time,onnxruntime,onnx_node,0.939133,4.765752,0.269,37.542,60,0.014766,99.077131
efficientnet_b0,onnxrt_cuda,34,Conv:/features/features.5/features.5.1/block/block.3/block.3.0/Conv_kernel_time,onnxruntime,onnx_node,0.9382,4.787958,0.267,37.713,60,0.014751,99.091882
efficientnet_b0,onnxrt_cuda,35,Conv:/features/features.6/features.6.0/block/block.3/block.3.0/Conv_kernel_time,onnxruntime,onnx_node,0.9301,5.163931,0.228,40.594,60,0.014624,99.106506
efficientnet_b0,onnxrt_cuda,36,Conv:/features/features.5/features.5.2/block/block.3/block.3.0/Conv_kernel_time,onnxruntime,onnx_node,0.914033,4.75205,0.276,37.415,60,0.014372,99.120878
efficientnet_b0,onnxrt_cuda,37,Conv:/features/features.2/features.2.1/block/block.0/block.0.0/Conv_kernel_time,onnxruntime,onnx_node,0.894817,4.922773,0.228,38.707,60,0.014069,99.134947
efficientnet_b0,onnxrt_cuda,38,Conv:/features/features.2/features.2.1/block/block.3/block.3.0/Conv_kernel_time,onnxruntime,onnx_node,0.885467,4.02996,0.304,31.837,60,0.013922,99.14887
efficientnet_b0,onnxrt_cuda,39,Conv:/features/features.5/features.5.2/block/block.0/block.0.0/Conv_kernel_time,onnxruntime,onnx_node,0.880133,4.810435,0.225,37.829,60,0.013838,99.162708
efficientnet_b0,onnxrt_cuda,40,Conv:/features/features.5/features.5.0/block/block.3/block.3.0/Conv_kernel_time,onnxruntime,onnx_node,0.879117,4.379994,0.275,34.521,60,0.013823,99.176531
efficientnet_b0,onnxrt_cuda,41,Conv:/features/features.1/features.1.0/block/block.2/block.2.0/Conv_kernel_time,onnxruntime,onnx_node,0.877067,4.093113,0.274,32.315,60,0.01379,99.190321
efficientnet_b0,onnxrt_cuda,42,Conv:/features/features.5/features.5.0/block/block.0/block.0.0/Conv_kernel_time,onnxruntime,onnx_node,0.862667,4.185777,0.244,33.012,60,0.013564,99.203885
efficientnet_b0,onnxrt_cuda,43,Conv:/features/features.5/features.5.2/block/block.2/fc1/Conv_kernel_time,onnxruntime,onnx_node,0.856017,4.126032,0.27,32.547,60,0.013459,99.217344
efficientnet_b0,onnxrt_cuda,44,Conv:/features/features.4/features.4.2/block/block.3/block.3.0/Conv_kernel_time,onnxruntime,onnx_node,0.852767,3.984674,0.28,31.455,60,0.013408,99.230752
efficientnet_b0,onnxrt_cuda,45,Conv:/features/features.4/features.4.1/block/block.3/block.3.0/Conv_kernel_time,onnxruntime,onnx_node,0.850467,4.029772,0.283,31.801,60,0.013372,99.244124
efficientnet_b0,onnxrt_cuda,46,Conv:/features/features.5/features.5.0/block/block.2/fc2/Conv_kernel_time,onnxruntime,onnx_node,0.8461,4.494037,0.22,35.364,60,0.013303,99.257428
efficientnet_b0,onnxrt_cuda,47,Conv:/features/features.4/features.4.1/block/block.2/fc2/Conv_kernel_time,onnxruntime,onnx_node,0.842467,4.51672,0.223,35.535,60,0.013246,99.270674
efficientnet_b0,onnxrt_cuda,48,Conv:/features/features.7/features.7.0/block/block.2/fc1/Conv_kernel_time,onnxruntime,onnx_node,0.8397,3.86477,0.269,30.52,60,0.013203,99.283877
efficientnet_b0,onnxrt_cuda,49,Conv:/features/features.4/features.4.2/block/block.2/fc2/Conv_kernel_time,onnxruntime,onnx_node,0.83515,4.43643,0.231,34.911,60,0.013131,99.297008
efficientnet_b0,onnxrt_cuda,50,Conv:/features/features.6/features.6.1/block/block.2/fc1/Conv_kernel_time,onnxruntime,onnx_node,0.820183,3.88936,0.276,30.694,60,0.012896,99.309904
efficientnet_b0,onnxrt_cuda,51,Conv:/features/features.2/features.2.0/block/block.2/fc2/Conv_kernel_time,onnxruntime,onnx_node,0.819733,4.504284,0.197,35.417,60,0.012889,99.322793
efficientnet_b0,onnxrt_cuda,52,Conv:/features/features.3/features.3.1/block/block.3/block.3.0/Conv_kernel_time,onnxruntime,onnx_node,0.8132,3.776802,0.283,29.822,60,0.012786,99.335579
efficientnet_b0,onnxrt_cuda,53,Conv:/features/features.6/features.6.3/block/block.2/fc1/Conv_kernel_time,onnxruntime,onnx_node,0.80805,3.855727,0.274,30.424,60,0.012705,99.348284
efficientnet_b0,onnxrt_cuda,54,Conv:/features/features.7/features.7.0/block/block.3/block.3.0/Conv_kernel_time,onnxruntime,onnx_node,0.802967,3.739591,0.255,29.526,60,0.012625,99.360909
efficientnet_b0,onnxrt_cuda,55,Conv:/features/features.3/features.3.0/block/block.0/block.0.0/Conv_kernel_time,onnxruntime,onnx_node,0.801117,4.048461,0.23,31.897,60,0.012596,99.373505
efficientnet_b0,onnxrt_cuda,56,Conv:/features/features.4/features.4.2/block/block.0/block.0.0/Conv_kernel_time,onnxruntime,onnx_node,0.800083,4.122178,0.228,32.461,60,0.01258,99.386085
efficientnet_b0,onnxrt_cuda,57,Conv:/features/features.6/features.6.2/block/block.2/fc1/Conv_kernel_time,onnxruntime,onnx_node,0.799867,3.81228,0.273,30.082,60,0.012576,99.398662
efficientnet_b0,onnxrt_cuda,58,Conv:/features/features.6/features.6.0/block/block.2/fc1/Conv_kernel_time,onnxruntime,onnx_node,0.797367,4.10045,0.221,32.292,60,0.012537,99.411199
efficientnet_b0,onnxrt_cuda,59,Conv:/features/features.4/features.4.0/block/block.3/block.3.0/Conv_kernel_time,onnxruntime,onnx_node,0.795933,3.718948,0.285,29.361,60,0.012515,99.423713
efficientnet_b0,onnxrt_cuda,60,Conv:/features/features.4/features.4.1/block/block.0/block.0.0/Conv_kernel_time,onnxruntime,onnx_node,0.795817,4.136329,0.223,32.565,60,0.012513,99.436226
efficientnet_b0,onnxrt_cuda,61,Conv:/features/features.6/features.6.2/block/block.2/fc2/Conv_kernel_time,onnxruntime,onnx_node,0.790333,3.936433,0.226,31.024,60,0.012427,99.448653
efficientnet_b0,onnxrt_cuda,62,Conv:/features/features.4/features.4.0/block/block.2/fc2/Conv_kernel_time,onnxruntime,onnx_node,0.789367,3.795586,0.23,29.937,60,0.012411,99.461064
efficientnet_b0,onnxrt_cuda,63,Conv:/features/features.7/features.7.0/block/block.2/fc2/Conv_kernel_time,onnxruntime,onnx_node,0.786567,3.975699,0.223,31.323,60,0.012367,99.473431
efficientnet_b0,onnxrt_cuda,64,Conv:/features/features.5/features.5.0/block/block.2/fc1/Conv_kernel_time,onnxruntime,onnx_node,0.78005,3.996385,0.229,31.476,60,0.012265,99.485696
efficientnet_b0,onnxrt_cuda,65,Conv:/features/features.6/features.6.3/block/block.2/fc2/Conv_kernel_time,onnxruntime,onnx_node,0.7798,3.948068,0.227,31.104,60,0.012261,99.497957
efficientnet_b0,onnxrt_cuda,66,Conv:/features/features.4/features.4.2/block/block.2/fc1/Conv_kernel_time,onnxruntime,onnx_node,0.776933,3.930191,0.226,30.964,60,0.012216,99.510173
efficientnet_b0,onnxrt_cuda,67,Conv:/features/features.6/features.6.1/block/block.2/fc2/Conv_kernel_time,onnxruntime,onnx_node,0.771917,3.937681,0.227,31.016,60,0.012137,99.52231
efficientnet_b0,onnxrt_cuda,68,Conv:/features/features.8/features.8.0/Conv_kernel_time,onnxruntime,onnx_node,0.767433,3.717126,0.269,29.319,60,0.012066,99.534377
efficientnet_b0,onnxrt_cuda,69,Conv:/features/features.4/features.4.1/block/block.2/fc1/Conv_kernel_time,onnxruntime,onnx_node,0.76225,3.924755,0.224,30.908,60,0.011985,99.546362
efficientnet_b0,onnxrt_cuda,70,Conv:/features/features.3/features.3.1/block/block.2/fc2/Conv_kernel_time,onnxruntime,onnx_node,0.761317,3.805395,0.229,29.99,60,0.01197,99.558332
efficientnet_b0,onnxrt_cuda,71,Conv:/features/features.3/features.3.1/block/block.2/fc1/Conv_kernel_time,onnxruntime,onnx_node,0.75705,3.762846,0.228,29.658,60,0.011903,99.570235
efficientnet_b0,onnxrt_cuda,72,Conv:/features/features.4/features.4.0/block/block.0/block.0.0/Conv_kernel_time,onnxruntime,onnx_node,0.755717,3.760912,0.232,29.642,60,0.011882,99.582117
efficientnet_b0,onnxrt_cuda,73,Conv:/features/features.2/features.2.1/block/block.2/fc1/Conv_kernel_time,onnxruntime,onnx_node,0.749967,3.645124,0.235,28.748,60,0.011792,99.593909
efficientnet_b0,onnxrt_cuda,74,Conv:/features/features.3/features.3.1/block/block.0/block.0.0/Conv_kernel_time,onnxruntime,onnx_node,0.748033,3.779983,0.221,29.782,60,0.011761,99.605671
efficientnet_b0,onnxrt_cuda,75,Conv:/features/features.3/features.3.0/block/block.2/fc1/Conv_kernel_time,onnxruntime,onnx_node,0.747367,3.672501,0.229,28.955,60,0.011751,99.617422
efficientnet_b0,onnxrt_cuda,76,Conv:/features/features.3/features.3.0/block/block.3/block.3.0/Conv_kernel_time,onnxruntime,onnx_node,0.742933,3.632023,0.231,28.64,60,0.011681,99.629103
efficientnet_b0,onnxrt_cuda,77,Conv:/features/features.4/features.4.0/block/block.2/fc1/Conv_kernel_time,onnxruntime,onnx_node,0.735733,3.596128,0.227,28.355,60,0.011568,99.640671
efficientnet_b0,onnxrt_cuda,78,Conv:/features/features.5/features.5.1/block/block.2/fc1/Conv_kernel_time,onnxruntime,onnx_node,0.730233,3.623949,0.225,28.565,60,0.011482,99.652153
efficientnet_b0,onnxrt_cuda,79,Conv:/features/features.1/features.1.0/block/block.1/fc1/Conv_kernel_time,onnxruntime,onnx_node,0.727333,3.683737,0.233,29.022,60,0.011436,99.663589
efficientnet_b0,onnxrt_cuda,80,Conv:/features/features.6/features.6.0/block/block.2/fc2/Conv_kernel_time,onnxruntime,onnx_node,0.723933,3.60025,0.223,28.377,60,0.011383,99.674971
efficientnet_b0,onnxrt_cuda,81,Conv:/features/features.5/features.5.2/block/block.2/fc2/Conv_kernel_time,onnxruntime,onnx_node,0.716833,3.565192,0.231,28.101,60,0.011271,99.686242
efficientnet_b0,onnxrt_cuda,82,Conv:/features/features.5/features.5.1/block/block.2/fc2/Conv_kernel_time,onnxruntime,onnx_node,0.713633,3.605797,0.176,28.41,60,0.011221,99.697463
efficientnet_b0,onnxrt_cuda,83,Conv:/features/features.1/features.1.0/block/block.1/fc2/Conv_kernel_time,onnxruntime,onnx_node,0.71045,3.581127,0.204,28.215,60,0.011171,99.708633
efficientnet_b0,onnxrt_cuda,84,Conv:/features/features.2/features.2.1/block/block.2/fc2/Conv_kernel_time,onnxruntime,onnx_node,0.697433,3.619212,0.2,28.496,60,0.010966,99.719599
efficientnet_b0,onnxrt_cuda,85,Conv:/features/features.3/features.3.0/block/block.2/fc2/Conv_kernel_time,onnxruntime,onnx_node,0.692217,3.610757,0.197,28.426,60,0.010884,99.730483
efficientnet_b0,onnxrt_cuda,86,Gemm:/classifier/classifier.1/Gemm_kernel_time,onnxruntime,onnx_node,0.178867,0.037714,0.166,0.463,60,0.002812,99.733295
efficientnet_b0,onnxrt_cuda,87,GlobalAveragePool:/features/features.1/features.1.0/block/block.1/avgpool/GlobalAveragePool_kernel_time,onnxruntime,onnx_node,0.1526,0.131646,0.117,1.154,60,0.002399,99.735695
efficientnet_b0,onnxrt_cuda,88,GlobalAveragePool:/features/features.2/features.2.1/block/block.2/avgpool/GlobalAveragePool_kernel_time,onnxruntime,onnx_node,0.13415,0.091572,0.104,0.826,60,0.002109,99.737804
efficientnet_b0,onnxrt_cuda,89,Add:/features/features.2/features.2.1/Add_kernel_time,onnxruntime,onnx_node,0.133583,0.044037,0.099,0.292,60,0.0021,99.739904
efficientnet_b0,onnxrt_cuda,90,GlobalAveragePool:/features/features.4/features.4.2/block/block.2/avgpool/GlobalAveragePool_kernel_time,onnxruntime,onnx_node,0.13045,0.047987,0.1,0.329,60,0.002051,99.741955
efficientnet_b0,onnxrt_cuda,91,GlobalAveragePool:/features/features.3/features.3.1/block/block.2/avgpool/GlobalAveragePool_kernel_time,onnxruntime,onnx_node,0.126433,0.047408,0.101,0.419,60,0.001988,99.743943
efficientnet_b0,onnxrt_cuda,92,GlobalAveragePool:/features/features.2/features.2.0/block/block.2/avgpool/GlobalAveragePool_kernel_time,onnxruntime,onnx_node,0.126067,0.037828,0.09,0.386,60,0.001982,99.745925
efficientnet_b0,onnxrt_cuda,93,Sigmoid:/features/features.1/features.1.0/block/block.0/block.0.2/Sigmoid_kernel_time,onnxruntime,onnx_node,0.123533,0.052558,0.086,0.326,60,0.001942,99.747868
efficientnet_b0,onnxrt_cuda,94,Sigmoid:/features/features.0/features.0.2/Sigmoid_kernel_time,onnxruntime,onnx_node,0.12015,0.038716,0.104,0.364,60,0.001889,99.749757
efficientnet_b0,onnxrt_cuda,95,GlobalAveragePool:/features/features.5/features.5.0/block/block.2/avgpool/GlobalAveragePool_kernel_time,onnxruntime,onnx_node,0.118617,0.026362,0.098,0.193,60,0.001865,99.751622
efficientnet_b0,onnxrt_cuda,96,Mul:/features/features.4/features.4.2/block/block.1/block.1.2/Mul_kernel_time,onnxruntime,onnx_node,0.11825,0.049037,0.088,0.278,60,0.001859,99.753481
efficientnet_b0,onnxrt_cuda,97,Mul:/features/features.1/features.1.0/block/block.1/Mul_kernel_time,onnxruntime,onnx_node,0.1178,0.03507,0.097,0.281,60,0.001852,99.755333
efficientnet_b0,onnxrt_cuda,98,Mul:/features/features.1/features.1.0/block/block.0/block.0.2/Mul_kernel_time,onnxruntime,onnx_node,0.117483,0.061827,0.094,0.582,60,0.001847,99.757181
efficientnet_b0,onnxrt_cuda,99,Mul:/features/features.0/features.0.2/Mul_kernel_time,onnxruntime,onnx_node,0.117,0.087892,0.098,0.784,60,0.00184,99.75902
efficientnet_b0,onnxrt_cuda,100,Sigmoid:/features/features.6/features.6.3/block/block.1/block.1.2/Sigmoid_kernel_time,onnxruntime,onnx_node,0.116133,0.040938,0.084,0.215,60,0.001826,99.760846
efficientnet_b0,onnxrt_cuda,101,Mul:/features/features.2/features.2.1/block/block.2/Mul_kernel_time,onnxruntime,onnx_node,0.115517,0.032801,0.092,0.292,60,0.001816,99.762662
efficientnet_b0,onnxrt_cuda,102,GlobalAveragePool:/features/features.6/features.6.0/block/block.2/avgpool/GlobalAveragePool_kernel_time,onnxruntime,onnx_node,0.1146,0.029646,0.097,0.289,60,0.001802,99.764464
efficientnet_b0,onnxrt_cuda,103,GlobalAveragePool:/features/features.3/features.3.0/block/block.2/avgpool/GlobalAveragePool_kernel_time,onnxruntime,onnx_node,0.114333,0.024808,0.102,0.266,60,0.001798,99.766262
efficientnet_b0,onnxrt_cuda,104,GlobalAveragePool:/features/features.5/features.5.2/block/block.2/avgpool/GlobalAveragePool_kernel_time,onnxruntime,onnx_node,0.113617,0.023736,0.09,0.216,60,0.001786,99.768048
efficientnet_b0,onnxrt_cuda,105,Sigmoid:/features/features.7/features.7.0/block/block.1/block.1.2/Sigmoid_kernel_time,onnxruntime,onnx_node,0.113133,0.038608,0.086,0.197,60,0.001779,99.769827
efficientnet_b0,onnxrt_cuda,106,GlobalAveragePool:/features/features.4/features.4.0/block/block.2/avgpool/GlobalAveragePool_kernel_time,onnxruntime,onnx_node,0.112767,0.020182,0.099,0.222,60,0.001773,99.7716
efficientnet_b0,onnxrt_cuda,107,GlobalAveragePool:/features/features.6/features.6.1/block/block.2/avgpool/GlobalAveragePool_kernel_time,onnxruntime,onnx_node,0.11215,0.025564,0.1,0.296,60,0.001763,99.773364
efficientnet_b0,onnxrt_cuda,108,GlobalAveragePool:/features/features.4/features.4.1/block/block.2/avgpool/GlobalAveragePool_kernel_time,onnxruntime,onnx_node,0.11205,0.028274,0.086,0.314,60,0.001762,99.775125
efficientnet_b0,onnxrt_cuda,109,GlobalAveragePool:/avgpool/GlobalAveragePool_kernel_time,onnxruntime,onnx_node,0.112033,0.020673,0.096,0.215,60,0.001762,99.776887
efficientnet_b0,onnxrt_cuda,110,Sigmoid:/features/features.6/features.6.3/block/block.2/activation/Sigmoid_kernel_time,onnxruntime,onnx_node,0.111833,0.045061,0.084,0.249,60,0.001758,99.778645
efficientnet_b0,onnxrt_cuda,111,Mul:/features/features.6/features.6.1/block/block.2/activation/Mul_kernel_time,onnxruntime,onnx_node,0.111483,0.04595,0.087,0.26,60,0.001753,99.780398
efficientnet_b0,onnxrt_cuda,112,Sigmoid:/features/features.1/features.1.0/block/block.1/scale_activation/Sigmoid_kernel_time,onnxruntime,onnx_node,0.111267,0.033099,0.091,0.243,60,0.001749,99.782148
efficientnet_b0,onnxrt_cuda,113,GlobalAveragePool:/features/features.6/features.6.3/block/block.2/avgpool/GlobalAveragePool_kernel_time,onnxruntime,onnx_node,0.110783,0.02172,0.098,0.262,60,0.001742,99.78389
efficientnet_b0,onnxrt_cuda,114,GlobalAveragePool:/features/features.7/features.7.0/block/block.2/avgpool/GlobalAveragePool_kernel_time,onnxruntime,onnx_node,0.110783,0.016363,0.097,0.219,60,0.001742,99.785631
efficientnet_b0,onnxrt_cuda,115,GlobalAveragePool:/features/features.6/features.6.2/block/block.2/avgpool/GlobalAveragePool_kernel_time,onnxruntime,onnx_node,0.110633,0.018042,0.099,0.233,60,0.00174,99.787371
efficientnet_b0,onnxrt_cuda,116,GlobalAveragePool:/features/features.5/features.5.1/block/block.2/avgpool/GlobalAveragePool_kernel_time,onnxruntime,onnx_node,0.110583,0.016671,0.099,0.22,60,0.001739,99.78911
efficientnet_b0,onnxrt_cuda,117,Add:/features/features.6/features.6.1/Add_kernel_time,onnxruntime,onnx_node,0.10985,0.025033,0.095,0.244,60,0.001727,99.790837
efficientnet_b0,onnxrt_cuda,118,Mul:/features/features.6/features.6.0/block/block.2/Mul_kernel_time,onnxruntime,onnx_node,0.109833,0.035105,0.087,0.235,60,0.001727,99.792564
efficientnet_b0,onnxrt_cuda,119,Mul:/features/features.4/features.4.2/block/block.2/Mul_kernel_time,onnxruntime,onnx_node,0.109283,0.029104,0.09,0.227,60,0.001718,99.794282
efficientnet_b0,onnxrt_cuda,120,Sigmoid:/features/features.6/features.6.2/block/block.2/activation/Sigmoid_kernel_time,onnxruntime,onnx_node,0.109017,0.040049,0.085,0.247,60,0.001714,99.795996
efficientnet_b0,onnxrt_cuda,121,Add:/features/features.4/features.4.2/Add_kernel_time,onnxruntime,onnx_node,0.10885,0.029853,0.077,0.27,60,0.001711,99.797708
efficientnet_b0,onnxrt_cuda,122,Add:/features/features.5/features.5.1/Add_kernel_time,onnxruntime,onnx_node,0.1088,0.019703,0.095,0.17,60,0.001711,99.799418
efficientnet_b0,onnxrt_cuda,123,Mul:/features/features.4/features.4.2/block/block.2/activation/Mul_kernel_time,onnxruntime,onnx_node,0.1087,0.032069,0.088,0.22,60,0.001709,99.801127
efficientnet_b0,onnxrt_cuda,124,Mul:/features/features.5/features.5.0/block/block.1/block.1.2/Mul_kernel_time,onnxruntime,onnx_node,0.10845,0.032977,0.088,0.235,60,0.001705,99.802833
efficientnet_b0,onnxrt_cuda,125,Sigmoid:/features/features.5/features.5.0/block/block.1/block.1.2/Sigmoid_kernel_time,onnxruntime,onnx_node,0.1084,0.036153,0.088,0.27,60,0.001704,99.804537
efficientnet_b0,onnxrt_cuda,126,Add:/features/features.4/features.4.1/Add_kernel_time,onnxruntime,onnx_node,0.108333,0.028636,0.092,0.265,60,0.001703,99.80624
efficientnet_b0,onnxrt_cuda,127,Mul:/features/features.5/features.5.2/block/block.0/block.0.2/Mul_kernel_time,onnxruntime,onnx_node,0.108317,0.03408,0.088,0.247,60,0.001703,99.807943
efficientnet_b0,onnxrt_cuda,128,Mul:/features/features.2/features.2.1/block/block.1/block.1.2/Mul_kernel_time,onnxruntime,onnx_node,0.107867,0.049547,0.091,0.48,60,0.001696,99.809639
efficientnet_b0,onnxrt_cuda,129,Mul:/features/features.4/features.4.1/block/block.2/Mul_kernel_time,onnxruntime,onnx_node,0.1078,0.030287,0.09,0.251,60,0.001695,99.811334
efficientnet_b0,onnxrt_cuda,130,Mul:/features/features.3/features.3.1/block/block.0/block.0.2/Mul_kernel_time,onnxruntime,onnx_node,0.107433,0.024843,0.09,0.215,60,0.001689,99.813024
efficientnet_b0,onnxrt_cuda,131,Mul:/features/features.3/features.3.1/block/block.1/block.1.2/Mul_kernel_time,onnxruntime,onnx_node,0.107383,0.033196,0.088,0.327,60,0.001688,99.814712
efficientnet_b0,onnxrt_cuda,132,Add:/features/features.3/features.3.1/Add_kernel_time,onnxruntime,onnx_node,0.107233,0.022668,0.093,0.258,60,0.001686,99.816398
efficientnet_b0,onnxrt_cuda,133,Mul:/features/features.6/features.6.0/block/block.1/block.1.2/Mul_kernel_time,onnxruntime,onnx_node,0.107067,0.037089,0.087,0.283,60,0.001683,99.818081
efficientnet_b0,onnxrt_cuda,134,Mul:/features/features.5/features.5.1/block/block.1/block.1.2/Mul_kernel_time,onnxruntime,onnx_node,0.106767,0.03068,0.088,0.279,60,0.001679,99.81976
efficientnet_b0,onnxrt_cuda,135,Sigmoid:/features/features.6/features.6.2/block/block.1/block.1.2/Sigmoid_kernel_time,onnxruntime,onnx_node,0.10655,0.032574,0.087,0.214,60,0.001675,99.821435
efficientnet_b0,onnxrt_cuda,136,Mul:/features/features.2/features.2.0/block/block.0/block.0.2/Mul_kernel_time,onnxruntime,onnx_node,0.10615,0.038914,0.09,0.315,60,0.001669,99.823104
efficientnet_b0,onnxrt_cuda,137,Mul:/features/features.5/features.5.0/block/block.0/block.0.2/Mul_kernel_time,onnxruntime,onnx_node,0.1061,0.026155,0.088,0.199,60,0.001668,99.824773
efficientnet_b0,onnxrt_cuda,138,Sigmoid:/features/features.3/features.3.1/block/block.0/block.0.2/Sigmoid_kernel_time,onnxruntime,onnx_node,0.106067,0.029521,0.088,0.292,60,0.001668,99.82644
efficientnet_b0,onnxrt_cuda,139,Mul:/features/features.1/features.1.0/block/block.1/activation/Mul_kernel_time,onnxruntime,onnx_node,0.106033,0.028551,0.09,0.209,60,0.001667,99.828108
efficientnet_b0,onnxrt_cuda,140,Mul:/features/features.6/features.6.2/block/block.2/activation/Mul_kernel_time,onnxruntime,onnx_node,0.1058,0.032068,0.086,0.247,60,0.001664,99.829771
efficientnet_b0,onnxrt_cuda,141,Mul:/features/features.6/features.6.2/block/block.2/Mul_kernel_time,onnxruntime,onnx_node,0.105667,0.018528,0.089,0.154,60,0.001661,99.831433
efficientnet_b0,onnxrt_cuda,142,Mul:/features/features.6/features.6.3/block/block.2/Mul_kernel_time,onnxruntime,onnx_node,0.105517,0.017529,0.089,0.142,60,0.001659,99.833092
efficientnet_b0,onnxrt_cuda,143,Mul:/features/features.7/features.7.0/block/block.1/block.1.2/Mul_kernel_time,onnxruntime,onnx_node,0.1055,0.021984,0.088,0.222,60,0.001659,99.83475
efficientnet_b0,onnxrt_cuda,144,Sigmoid:/features/features.4/features.4.2/block/block.1/block.1.2/Sigmoid_kernel_time,onnxruntime,onnx_node,0.10545,0.040311,0.085,0.341,60,0.001658,99.836408
efficientnet_b0,onnxrt_cuda,145,Sigmoid:/features/features.4/features.4.2/block/block.2/activation/Sigmoid_kernel_time,onnxruntime,onnx_node,0.105033,0.031515,0.085,0.272,60,0.001651,99.83806
efficientnet_b0,onnxrt_cuda,146,Sigmoid:/features/features.6/features.6.3/block/block.2/scale_activation/Sigmoid_kernel_time,onnxruntime,onnx_node,0.10495,0.020837,0.088,0.182,60,0.00165,99.83971
efficientnet_b0,onnxrt_cuda,147,Sigmoid:/features/features.4/features.4.1/block/block.2/scale_activation/Sigmoid_kernel_time,onnxruntime,onnx_node,0.10475,0.028731,0.088,0.22,60,0.001647,99.841357
efficientnet_b0,onnxrt_cuda,148,Add:/features/features.5/features.5.2/Add_kernel_time,onnxruntime,onnx_node,0.104733,0.014793,0.094,0.156,60,0.001647,99.843004
efficientnet_b0,onnxrt_cuda,149,Mul:/features/features.8/features.8.2/Mul_kernel_time,onnxruntime,onnx_node,0.1046,0.020773,0.088,0.185,60,0.001645,99.844648
efficientnet_b0,onnxrt_cuda,150,Mul:/features/features.2/features.2.0/block/block.2/Mul_kernel_time,onnxruntime,onnx_node,0.104483,0.016608,0.089,0.168,60,0.001643,99.846291
efficientnet_b0,onnxrt_cuda,151,Mul:/features/features.3/features.3.0/block/block.1/block.1.2/Mul_kernel_time,onnxruntime,onnx_node,0.10445,0.043677,0.089,0.426,60,0.001642,99.847933
efficientnet_b0,onnxrt_cuda,152,Mul:/features/features.6/features.6.1/block/block.2/Mul_kernel_time,onnxruntime,onnx_node,0.104183,0.021864,0.088,0.184,60,0.001638,99.849572
efficientnet_b0,onnxrt_cuda,153,Mul:/features/features.7/features.7.0/block/block.2/Mul_kernel_time,onnxruntime,onnx_node,0.104067,0.017273,0.068,0.141,60,0.001636,99.851208
efficientnet_b0,onnxrt_cuda,154,Sigmoid:/features/features.5/features.5.1/block/block.2/activation/Sigmoid_kernel_time,onnxruntime,onnx_node,0.104017,0.031719,0.087,0.274,60,0.001635,99.852843
efficientnet_b0,onnxrt_cuda,155,Sigmoid:/features/features.7/features.7.0/block/block.2/activation/Sigmoid_kernel_time,onnxruntime,onnx_node,0.103933,0.023883,0.084,0.197,60,0.001634,99.854477
efficientnet_b0,onnxrt_cuda,156,Mul:/features/features.5/features.5.1/block/block.0/block.0.2/Mul_kernel_time,onnxruntime,onnx_node,0.103833,0.023414,0.089,0.206,60,0.001633,99.85611
efficientnet_b0,onnxrt_cuda,157,Sigmoid:/features/features.6/features.6.1/block/block.0/block.0.2/Sigmoid_kernel_time,onnxruntime,onnx_node,0.103683,0.027166,0.085,0.194,60,0.00163,99.85774
efficientnet_b0,onnxrt_cuda,158,Sigmoid:/features/features.6/features.6.0/block/block.1/block.1.2/Sigmoid_kernel_time,onnxruntime,onnx_node,0.1036,0.032644,0.086,0.291,60,0.001629,99.859369
efficientnet_b0,onnxrt_cuda,159,Sigmoid:/features/features.2/features.2.1/block/block.1/block.1.2/Sigmoid_kernel_time,onnxruntime,onnx_node,0.103583,0.035083,0.089,0.354,60,0.001629,99.860998
efficientnet_b0,onnxrt_cuda,160,Mul:/features/features.4/features.4.0/block/block.2/Mul_kernel_time,onnxruntime,onnx_node,0.10355,0.018799,0.09,0.185,60,0.001628,99.862626
efficientnet_b0,onnxrt_cuda,161,Sigmoid:/features/features.6/features.6.2/block/block.2/scale_activation/Sigmoid_kernel_time,onnxruntime,onnx_node,0.103533,0.018382,0.086,0.155,60,0.001628,99.864254
efficientnet_b0,onnxrt_cuda,162,Sigmoid:/features/features.2/features.2.1/block/block.2/activation/Sigmoid_kernel_time,onnxruntime,onnx_node,0.10335,0.024084,0.088,0.211,60,0.001625,99.865879
efficientnet_b0,onnxrt_cuda,163,Sigmoid:/features/features.5/features.5.0/block/block.0/block.0.2/Sigmoid_kernel_time,onnxruntime,onnx_node,0.103267,0.029042,0.084,0.22,60,0.001624,99.867503
efficientnet_b0,onnxrt_cuda,164,Mul:/features/features.5/features.5.0/block/block.2/activation/Mul_kernel_time,onnxruntime,onnx_node,0.103183,0.026112,0.087,0.206,60,0.001622,99.869125
efficientnet_b0,onnxrt_cuda,165,Sigmoid:/features/features.5/features.5.1/block/block.0/block.0.2/Sigmoid_kernel_time,onnxruntime,onnx_node,0.102917,0.027083,0.086,0.204,60,0.001618,99.870743
efficientnet_b0,onnxrt_cuda,166,Mul:/features/features.3/features.3.0/block/block.2/Mul_kernel_time,onnxruntime,onnx_node,0.1029,0.014738,0.09,0.185,60,0.001618,99.872361
efficientnet_b0,onnxrt_cuda,167,Sigmoid:/features/features.5/features.5.1/block/block.1/block.1.2/Sigmoid_kernel_time,onnxruntime,onnx_node,0.1029,0.021778,0.086,0.163,60,0.001618,99.873979
efficientnet_b0,onnxrt_cuda,168,Mul:/features/features.2/features.2.0/block/block.2/activation/Mul_kernel_time,onnxruntime,onnx_node,0.102883,0.025085,0.088,0.243,60,0.001618,99.875597
efficientnet_b0,onnxrt_cuda,169,Mul:/features/features.7/features.7.0/block/block.2/activation/Mul_kernel_time,onnxruntime,onnx_node,0.102783,0.019563,0.087,0.172,60,0.001616,99.877213
efficientnet_b0,onnxrt_cuda,170,Sigmoid:/features/features.3/features.3.1/block/block.2/activation/Sigmoid_kernel_time,onnxruntime,onnx_node,0.102767,0.023144,0.079,0.21,60,0.001616,99.878828
efficientnet_b0,onnxrt_cuda,171,Sigmoid:/features/features.4/features.4.2/block/block.0/block.0.2/Sigmoid_kernel_time,onnxruntime,onnx_node,0.102733,0.032633,0.086,0.243,60,0.001615,99.880444
efficientnet_b0,onnxrt_cuda,172,Mul:/features/features.6/features.6.1/block/block.0/block.0.2/Mul_kernel_time,onnxruntime,onnx_node,0.102533,0.025188,0.088,0.2,60,0.001612,99.882056
efficientnet_b0,onnxrt_cuda,173,Mul:/features/features.6/features.6.3/block/block.2/activation/Mul_kernel_time,onnxruntime,onnx_node,0.102517,0.02482,0.085,0.188,60,0.001612,99.883668
efficientnet_b0,onnxrt_cuda,174,Mul:/features/features.4/features.4.2/block/block.0/block.0.2/Mul_kernel_time,onnxruntime,onnx_node,0.102383,0.026714,0.087,0.231,60,0.00161,99.885278
efficientnet_b0,onnxrt_cuda,175,Mul:/features/features.5/features.5.1/block/block.2/activation/Mul_kernel_time,onnxruntime,onnx_node,0.1023,0.024567,0.071,0.217,60,0.001608,99.886886
efficientnet_b0,onnxrt_cuda,176,Sigmoid:/features/features.5/features.5.0/block/block.2/activation/Sigmoid_kernel_time,onnxruntime,onnx_node,0.102133,0.022918,0.088,0.195,60,0.001606,99.888492
efficientnet_b0,onnxrt_cuda,177,Add:/features/features.6/features.6.2/Add_kernel_time,onnxruntime,onnx_node,0.101783,0.012435,0.092,0.159,60,0.0016,99.890092
efficientnet_b0,onnxrt_cuda,178,Sigmoid:/features/features.2/features.2.1/block/block.0/block.0.2/Sigmoid_kernel_time,onnxruntime,onnx_node,0.101717,0.016116,0.09,0.179,60,0.001599,99.891692
efficientnet_b0,onnxrt_cuda,179,Mul:/features/features.2/features.2.1/block/block.2/activation/Mul_kernel_time,onnxruntime,onnx_node,0.101633,0.021216,0.089,0.199,60,0.001598,99.89329
efficientnet_b0,onnxrt_cuda,180,Sigmoid:/features/features.7/features.7.0/block/block.2/scale_activation/Sigmoid_kernel_time,onnxruntime,onnx_node,0.101417,0.016231,0.067,0.136,60,0.001595,99.894884
efficientnet_b0,onnxrt_cuda,181,Mul:/features/features.5/features.5.0/block/block.2/Mul_kernel_time,onnxruntime,onnx_node,0.1014,0.02013,0.089,0.191,60,0.001594,99.896479
efficientnet_b0,onnxrt_cuda,182,Mul:/features/features.6/features.6.1/block/block.1/block.1.2/Mul_kernel_time,onnxruntime,onnx_node,0.101217,0.018658,0.088,0.181,60,0.001591,99.89807
efficientnet_b0,onnxrt_cuda,183,Sigmoid:/features/features.4/features.4.1/block/block.2/activation/Sigmoid_kernel_time,onnxruntime,onnx_node,0.101183,0.025046,0.087,0.221,60,0.001591,99.899661
efficientnet_b0,onnxrt_cuda,184,Sigmoid:/features/features.6/features.6.1/block/block.2/activation/Sigmoid_kernel_time,onnxruntime,onnx_node,0.101183,0.024377,0.086,0.211,60,0.001591,99.901252
efficientnet_b0,onnxrt_cuda,185,Sigmoid:/features/features.6/features.6.1/block/block.2/scale_activation/Sigmoid_kernel_time,onnxruntime,onnx_node,0.10105,0.021456,0.088,0.214,60,0.001589,99.902841
efficientnet_b0,onnxrt_cuda,186,Sigmoid:/features/features.5/features.5.0/block/block.2/scale_activation/Sigmoid_kernel_time,onnxruntime,onnx_node,0.100883,0.025289,0.085,0.226,60,0.001586,99.904427
efficientnet_b0,onnxrt_cuda,187,Sigmoid:/features/features.4/features.4.0/block/block.2/scale_activation/Sigmoid_kernel_time,onnxruntime,onnx_node,0.10085,0.021316,0.085,0.189,60,0.001586,99.906013
efficientnet_b0,onnxrt_cuda,188,Sigmoid:/features/features.4/features.4.2/block/block.2/scale_activation/Sigmoid_kernel_time,onnxruntime,onnx_node,0.100683,0.018659,0.086,0.172,60,0.001583,99.907596
efficientnet_b0,onnxrt_cuda,189,Sigmoid:/features/features.5/features.5.2/block/block.0/block.0.2/Sigmoid_kernel_time,onnxruntime,onnx_node,0.100683,0.020304,0.086,0.163,60,0.001583,99.909179
efficientnet_b0,onnxrt_cuda,190,Mul:/features/features.4/features.4.0/block/block.0/block.0.2/Mul_kernel_time,onnxruntime,onnx_node,0.1006,0.020635,0.069,0.216,60,0.001582,99.91076
efficientnet_b0,onnxrt_cuda,191,Add:/features/features.6/features.6.3/Add_kernel_time,onnxruntime,onnx_node,0.100567,0.009907,0.09,0.154,60,0.001581,99.912342
efficientnet_b0,onnxrt_cuda,192,Mul:/features/features.2/features.2.1/block/block.0/block.0.2/Mul_kernel_time,onnxruntime,onnx_node,0.100517,0.014606,0.09,0.188,60,0.00158,99.913922
efficientnet_b0,onnxrt_cuda,193,Mul:/features/features.3/features.3.1/block/block.2/Mul_kernel_time,onnxruntime,onnx_node,0.100367,0.01668,0.091,0.191,60,0.001578,99.9155
efficientnet_b0,onnxrt_cuda,194,Mul:/features/features.4/features.4.0/block/block.1/block.1.2/Mul_kernel_time,onnxruntime,onnx_node,0.10035,0.035054,0.088,0.33,60,0.001578,99.917078
efficientnet_b0,onnxrt_cuda,195,Sigmoid:/features/features.3/features.3.0/block/block.2/activation/Sigmoid_kernel_time,onnxruntime,onnx_node,0.1001,0.01969,0.086,0.196,60,0.001574,99.918652
efficientnet_b0,onnxrt_cuda,196,Mul:/features/features.4/features.4.1/block/block.2/activation/Mul_kernel_time,onnxruntime,onnx_node,0.100083,0.023601,0.088,0.22,60,0.001574,99.920225
efficientnet_b0,onnxrt_cuda,197,Mul:/features/features.5/features.5.1/block/block.2/Mul_kernel_time,onnxruntime,onnx_node,0.10005,0.014538,0.081,0.176,60,0.001573,99.921799
efficientnet_b0,onnxrt_cuda,198,Mul:/features/features.3/features.3.1/block/block.2/activation/Mul_kernel_time,onnxruntime,onnx_node,0.0999,0.015975,0.07,0.191,60,0.001571,99.923369
efficientnet_b0,onnxrt_cuda,199,Sigmoid:/features/features.3/features.3.1/block/block.2/scale_activation/Sigmoid_kernel_time,onnxruntime,onnx_node,0.0999,0.02129,0.086,0.195,60,0.001571,99.92494
efficientnet_b0,onnxrt_cuda,200,Sigmoid:/features/features.3/features.3.1/block/block.1/block.1.2/Sigmoid_kernel_time,onnxruntime,onnx_node,0.099733,0.035617,0.088,0.356,60,0.001568,99.926508
efficientnet_b0,onnxrt_cuda,201,Sigmoid:/features/features.3/features.3.0/block/block.2/scale_activation/Sigmoid_kernel_time,onnxruntime,onnx_node,0.099617,0.020124,0.087,0.2,60,0.001566,99.928074
efficientnet_b0,onnxrt_cuda,202,Mul:/features/features.6/features.6.2/block/block.1/block.1.2/Mul_kernel_time,onnxruntime,onnx_node,0.0996,0.015591,0.088,0.186,60,0.001566,99.929641
efficientnet_b0,onnxrt_cuda,203,Mul:/features/features.6/features.6.0/block/block.2/activation/Mul_kernel_time,onnxruntime,onnx_node,0.099583,0.022455,0.086,0.219,60,0.001566,99.931206
efficientnet_b0,onnxrt_cuda,204,Mul:/features/features.6/features.6.0/block/block.0/block.0.2/Mul_kernel_time,onnxruntime,onnx_node,0.099517,0.022171,0.087,0.196,60,0.001565,99.932771
efficientnet_b0,onnxrt_cuda,205,Sigmoid:/features/features.2/features.2.0/block/block.1/block.1.2/Sigmoid_kernel_time,onnxruntime,onnx_node,0.0993,0.033813,0.064,0.345,60,0.001561,99.934332
efficientnet_b0,onnxrt_cuda,206,Sigmoid:/features/features.3/features.3.0/block/block.0/block.0.2/Sigmoid_kernel_time,onnxruntime,onnx_node,0.0993,0.010161,0.09,0.148,60,0.001561,99.935894
efficientnet_b0,onnxrt_cuda,207,Sigmoid:/features/features.2/features.2.0/block/block.2/scale_activation/Sigmoid_kernel_time,onnxruntime,onnx_node,0.099217,0.017427,0.088,0.193,60,0.00156,99.937454
efficientnet_b0,onnxrt_cuda,208,Mul:/features/features.4/features.4.1/block/block.0/block.0.2/Mul_kernel_time,onnxruntime,onnx_node,0.0991,0.016563,0.088,0.215,60,0.001558,99.939012
efficientnet_b0,onnxrt_cuda,209,Mul:/features/features.5/features.5.2/block/block.2/Mul_kernel_time,onnxruntime,onnx_node,0.099083,0.016714,0.09,0.172,60,0.001558,99.94057
efficientnet_b0,onnxrt_cuda,210,Sigmoid:/features/features.2/features.2.0/block/block.0/block.0.2/Sigmoid_kernel_time,onnxruntime,onnx_node,0.099067,0.011331,0.089,0.15,60,0.001558,99.942127
efficientnet_b0,onnxrt_cuda,211,Mul:/features/features.4/features.4.0/block/block.2/activation/Mul_kernel_time,onnxruntime,onnx_node,0.09885,0.017142,0.087,0.174,60,0.001554,99.943682
efficientnet_b0,onnxrt_cuda,212,Sigmoid:/features/features.2/features.2.0/block/block.2/activation/Sigmoid_kernel_time,onnxruntime,onnx_node,0.09875,0.017779,0.089,0.197,60,0.001553,99.945234
efficientnet_b0,onnxrt_cuda,213,Mul:/features/features.2/features.2.0/block/block.1/block.1.2/Mul_kernel_time,onnxruntime,onnx_node,0.098717,0.027198,0.069,0.296,60,0.001552,99.946786
efficientnet_b0,onnxrt_cuda,214,Mul:/features/features.4/features.4.1/block/block.1/block.1.2/Mul_kernel_time,onnxruntime,onnx_node,0.098683,0.01834,0.069,0.192,60,0.001552,99.948338
efficientnet_b0,onnxrt_cuda,215,Sigmoid:/features/features.1/features.1.0/block/block.1/activation/Sigmoid_kernel_time,onnxruntime,onnx_node,0.098583,0.016752,0.089,0.218,60,0.00155,99.949888
efficientnet_b0,onnxrt_cuda,216,Sigmoid:/features/features.6/features.6.0/block/block.2/activation/Sigmoid_kernel_time,onnxruntime,onnx_node,0.098483,0.017709,0.086,0.196,60,0.001548,99.951437
efficientnet_b0,onnxrt_cuda,217,Sigmoid:/features/features.6/features.6.0/block/block.2/scale_activation/Sigmoid_kernel_time,onnxruntime,onnx_node,0.09835,0.021548,0.087,0.203,60,0.001546,99.952983
efficientnet_b0,onnxrt_cuda,218,Sigmoid:/features/features.5/features.5.2/block/block.1/block.1.2/Sigmoid_kernel_time,onnxruntime,onnx_node,0.098067,0.02012,0.077,0.193,60,0.001542,99.954525
efficientnet_b0,onnxrt_cuda,219,Sigmoid:/features/features.4/features.4.1/block/block.0/block.0.2/Sigmoid_kernel_time,onnxruntime,onnx_node,0.0978,0.018989,0.089,0.224,60,0.001538,99.956063
efficientnet_b0,onnxrt_cuda,220,Sigmoid:/features/features.3/features.3.0/block/block.1/block.1.2/Sigmoid_kernel_time,onnxruntime,onnx_node,0.097783,0.030711,0.087,0.327,60,0.001537,99.9576
efficientnet_b0,onnxrt_cuda,221,Sigmoid:/features/features.4/features.4.0/block/block.2/activation/Sigmoid_kernel_time,onnxruntime,onnx_node,0.097767,0.018505,0.085,0.192,60,0.001537,99.959137
efficientnet_b0,onnxrt_cuda,222,Mul:/features/features.6/features.6.2/block/block.0/block.0.2/Mul_kernel_time,onnxruntime,onnx_node,0.097733,0.028538,0.087,0.309,60,0.001537,99.960674
efficientnet_b0,onnxrt_cuda,223,Mul:/features/features.3/features.3.0/block/block.2/activation/Mul_kernel_time,onnxruntime,onnx_node,0.097267,0.014744,0.087,0.175,60,0.001529,99.962203
efficientnet_b0,onnxrt_cuda,224,Sigmoid:/features/features.2/features.2.1/block/block.2/scale_activation/Sigmoid_kernel_time,onnxruntime,onnx_node,0.09715,0.016631,0.088,0.199,60,0.001528,99.963731
efficientnet_b0,onnxrt_cuda,225,Mul:/features/features.6/features.6.3/block/block.1/block.1.2/Mul_kernel_time,onnxruntime,onnx_node,0.09705,0.013397,0.087,0.183,60,0.001526,99.965257
efficientnet_b0,onnxrt_cuda,226,Sigmoid:/features/features.5/features.5.2/block/block.2/scale_activation/Sigmoid_kernel_time,onnxruntime,onnx_node,0.096883,0.016033,0.086,0.165,60,0.001523,99.96678
efficientnet_b0,onnxrt_cuda,227,Sigmoid:/features/features.4/features.4.0/block/block.1/block.1.2/Sigmoid_kernel_time,onnxruntime,onnx_node,0.096833,0.019072,0.085,0.213,60,0.001523,99.968303
efficientnet_b0,onnxrt_cuda,228,Sigmoid:/features/features.4/features.4.0/block/block.0/block.0.2/Sigmoid_kernel_time,onnxruntime,onnx_node,0.096783,0.017733,0.067,0.214,60,0.001522,99.969824
efficientnet_b0,onnxrt_cuda,229,Mul:/features/features.5/features.5.2/block/block.2/activation/Mul_kernel_time,onnxruntime,onnx_node,0.09655,0.013779,0.087,0.167,60,0.001518,99.971342
efficientnet_b0,onnxrt_cuda,230,Sigmoid:/features/features.5/features.5.1/block/block.2/scale_activation/Sigmoid_kernel_time,onnxruntime,onnx_node,0.0963,0.016307,0.076,0.187,60,0.001514,99.972856
efficientnet_b0,onnxrt_cuda,231,Mul:/features/features.3/features.3.0/block/block.0/block.0.2/Mul_kernel_time,onnxruntime,onnx_node,0.0961,0.005847,0.09,0.121,60,0.001511,99.974367
efficientnet_b0,onnxrt_cuda,232,Sigmoid:/features/features.6/features.6.2/block/block.0/block.0.2/Sigmoid_kernel_time,onnxruntime,onnx_node,0.095867,0.014113,0.087,0.177,60,0.001507,99.975875
efficientnet_b0,onnxrt_cuda,233,Sigmoid:/features/features.6/features.6.1/block/block.1/block.1.2/Sigmoid_kernel_time,onnxruntime,onnx_node,0.0957,0.015739,0.087,0.165,60,0.001505,99.97738
efficientnet_b0,onnxrt_cuda,234,Sigmoid:/features/features.5/features.5.2/block/block.2/activation/Sigmoid_kernel_time,onnxruntime,onnx_node,0.095567,0.016726,0.085,0.205,60,0.001503,99.978882
efficientnet_b0,onnxrt_cuda,235,Mul:/features/features.5/features.5.2/block/block.1/block.1.2/Mul_kernel_time,onnxruntime,onnx_node,0.0954,0.011735,0.078,0.171,60,0.0015,99.980382
efficientnet_b0,onnxrt_cuda,236,Sigmoid:/features/features.4/features.4.1/block/block.1/block.1.2/Sigmoid_kernel_time,onnxruntime,onnx_node,0.094967,0.022721,0.066,0.262,60,0.001493,99.981875
efficientnet_b0,onnxrt_cuda,237,Mul:/features/features.6/features.6.3/block/block.0/block.0.2/Mul_kernel_time,onnxruntime,onnx_node,0.094733,0.014432,0.088,0.199,60,0.00149,99.983365
efficientnet_b0,onnxrt_cuda,238,Sigmoid:/features/features.6/features.6.0/block/block.0/block.0.2/Sigmoid_kernel_time,onnxruntime,onnx_node,0.0945,0.016547,0.084,0.165,60,0.001486,99.984851
efficientnet_b0,onnxrt_cuda,239,Mul:/features/features.7/features.7.0/block/block.0/block.0.2/Mul_kernel_time,onnxruntime,onnx_node,0.09375,0.010295,0.086,0.161,60,0.001474,99.986325
efficientnet_b0,onnxrt_cuda,240,Sigmoid:/features/features.7/features.7.0/block/block.0/block.0.2/Sigmoid_kernel_time,onnxruntime,onnx_node,0.092233,0.010041,0.085,0.161,60,0.00145,99.987775
efficientnet_b0,onnxrt_cuda,241,Sigmoid:/features/features.8/features.8.2/Sigmoid_kernel_time,onnxruntime,onnx_node,0.091583,0.008945,0.083,0.149,60,0.00144,99.989215
efficientnet_b0,onnxrt_cuda,242,Sigmoid:/features/features.6/features.6.3/block/block.0/block.0.2/Sigmoid_kernel_time,onnxruntime,onnx_node,0.091567,0.005835,0.084,0.124,60,0.00144,99.990655
efficientnet_b0,onnxrt_cuda,243,Flatten:/Flatten_kernel_time,onnxruntime,onnx_node,0.03055,0.004685,0.028,0.065,60,0.00048,99.991135

efficientnet_b0,onnxrt_cuda,270,Conv:/features/features.4/features.4.0/block/block.2/fc2/Conv_fence_after,onnxruntime,onnx_node,0.001765,0.004393,0.001,0.027,34,2.8e-05,99.992625
efficientnet_b0,onnxrt_cuda,271,Sigmoid:/features/features.6/features.6.2/block/block.1/block.1.2/Sigmoid_fence_after,onnxruntime,onnx_node,0.001667,0.00411,0.001,0.027,39,2.6e-05,99.992651
efficientnet_b0,onnxrt_cuda,272,Mul:/features/features.1/features.1.0/block/block.1/Mul_fence_before,onnxruntime,onnx_node,0.001661,0.004516,0.001,0.036,59,2.6e-05,99.992677
efficientnet_b0,onnxrt_cuda,273,Mul:/features/features.3/features.3.1/block/block.0/block.0.2/Mul_fence_before,onnxruntime,onnx_node,0.001644,0.004516,0.001,0.036,59,2.6e-05,99.992703
efficientnet_b0,onnxrt_cuda,274,Mul:/features/features.4/features.4.0/block/block.2/activation/Mul_fence_before,onnxruntime,onnx_node,0.001617,0.004223,0.001,0.034,60,2.5e-05,99.992728
efficientnet_b0,onnxrt_cuda,275,Mul:/features/features.5/features.5.1/block/block.2/activation/Mul_fence_before,onnxruntime,onnx_node,0.001617,0.00448,0.001,0.036,60,2.5e-05,99.992754
efficientnet_b0,onnxrt_cuda,276,Conv:/features/features.7/features.7.0/block/block.2/fc1/Conv_fence_before,onnxruntime,onnx_node,0.0016,0.004609,0.001,0.037,60,2.5e-05,99.992779
efficientnet_b0,onnxrt_cuda,277,GlobalAveragePool:/features/features.3/features.3.0/block/block.2/avgpool/GlobalAveragePool_fence_before,onnxruntime,onnx_node,0.001583,0.004224,0.001,0.034,60,2.5e-05,99.992804
efficientnet_b0,onnxrt_cuda,278,Mul:/features/features.4/features.4.2/block/block.1/block.1.2/Mul_fence_before,onnxruntime,onnx_node,0.001583,0.004481,0.001,0.036,60,2.5e-05,99.992829
efficientnet_b0,onnxrt_cuda,279,Conv:/features/features.5/features.5.1/block/block.3/block.3.0/Conv_fence_before,onnxruntime,onnx_node,0.001583,0.004352,0.001,0.035,60,2.5e-05,99.992854
efficientnet_b0,onnxrt_cuda,280,GlobalAveragePool:/features/features.4/features.4.2/block/block.2/avgpool/GlobalAveragePool_fence_before,onnxruntime,onnx_node,0.001567,0.003584,0.001,0.029,60,2.5e-05,99.992878
efficientnet_b0,onnxrt_cuda,281,Conv:/features/features.5/features.5.2/block/block.0/block.0.0/Conv_fence_before,onnxruntime,onnx_node,0.00155,0.00384,0.001,0.031,60,2.4e-05,99.992903
efficientnet_b0,onnxrt_cuda,282,Mul:/features/features.6/features.6.3/block/block.1/block.1.2/Mul_fence_before,onnxruntime,onnx_node,0.001547,0.003946,0.001,0.03,53,2.4e-05,99.992927
efficientnet_b0,onnxrt_cuda,283,Mul:/features/features.6/features.6.1/block/block.1/block.1.2/Mul_fence_before,onnxruntime,onnx_node,0.00152,0.00364,0.001,0.027,50,2.4e-05,99.992951
efficientnet_b0,onnxrt_cuda,284,Sigmoid:/features/features.5/features.5.2/block/block.2/scale_activation/Sigmoid_fence_before,onnxruntime,onnx_node,0.0015,0.003713,0.001,0.03,60,2.4e-05,99.992975
efficientnet_b0,onnxrt_cuda,285,GlobalAveragePool:/features/features.6/features.6.0/block/block.2/avgpool/GlobalAveragePool_fence_before,onnxruntime,onnx_node,0.0015,0.003589,0.001,0.029,60,2.4e-05,99.992998
efficientnet_b0,onnxrt_cuda,286,Mul:/features/features.4/features.4.2/block/block.2/Mul_fence_before,onnxruntime,onnx_node,0.001458,0.003485,0.001,0.028,59,2.3e-05,99.993021
efficientnet_b0,onnxrt_cuda,287,Sigmoid:/features/features.3/features.3.1/block/block.2/scale_activation/Sigmoid_fence_before,onnxruntime,onnx_node,0.00145,0.003457,0.001,0.028,60,2.3e-05,99.993044
efficientnet_b0,onnxrt_cuda,288,Add:/features/features.5/features.5.2/Add_fence_before,onnxruntime,onnx_node,0.001444,0.003236,0.001,0.025,54,2.3e-05,99.993067
efficientnet_b0,onnxrt_cuda,289,Mul:/features/features.6/features.6.2/block/block.2/activation/Mul_fence_before,onnxruntime,onnx_node,0.001433,0.003201,0.001,0.026,60,2.3e-05,99.993089
efficientnet_b0,onnxrt_cuda,290,Flatten:/Flatten_fence_after,onnxruntime,onnx_node,0.001333,0.000471,0.001,0.002,3,2.1e-05,99.99311
efficientnet_b0,onnxrt_cuda,291,GlobalAveragePool:/features/features.2/features.2.0/block/block.2/avgpool/GlobalAveragePool_fence_before,onnxruntime,onnx_node,0.001283,0.000519,0.001,0.003,60,2e-05,99.99313
efficientnet_b0,onnxrt_cuda,292,Mul:/features/features.6/features.6.0/block/block.1/block.1.2/Mul_fence_after,onnxruntime,onnx_node,0.001167,0.000373,0.001,0.002,6,1.8e-05,99.993149
efficientnet_b0,onnxrt_cuda,293,Conv:/features/features.2/features.2.0/block/block.3/block.3.0/Conv_fence_before,onnxruntime,onnx_node,0.00115,0.000357,0.001,0.002,60,1.8e-05,99.993167
efficientnet_b0,onnxrt_cuda,294,GlobalAveragePool:/features/features.2/features.2.1/block/block.2/avgpool/GlobalAveragePool_fence_before,onnxruntime,onnx_node,0.00115,0.000401,0.001,0.003,60,1.8e-05,99.993185
efficientnet_b0,onnxrt_cuda,295,GlobalAveragePool:/features/features.3/features.3.1/block/block.2/avgpool/GlobalAveragePool_fence_before,onnxruntime,onnx_node,0.00115,0.000511,0.001,0.004,60,1.8e-05,99.993203
efficientnet_b0,onnxrt_cuda,296,Mul:/features/features.4/features.4.2/block/block.0/block.0.2/Mul_fence_after,onnxruntime,onnx_node,0.001143,0.00035,0.001,0.002,7,1.8e-05,99.993221
efficientnet_b0,onnxrt_cuda,297,Mul:/features/features.1/features.1.0/block/block.0/block.0.2/Mul_fence_before,onnxruntime,onnx_node,0.001119,0.000372,0.001,0.003,59,1.8e-05,99.993238
efficientnet_b0,onnxrt_cuda,298,Conv:/features/features.3/features.3.1/block/block.1/block.1.0/Conv_fence_after,onnxruntime,onnx_node,0.001118,0.000471,0.001,0.003,17,1.8e-05,99.993256
efficientnet_b0,onnxrt_cuda,299,Conv:/features/features.6/features.6.0/block/block.1/block.1.0/Conv_fence_after,onnxruntime,onnx_node,0.001118,0.000471,0.001,0.003,17,1.8e-05,99.993274
efficientnet_b0,onnxrt_cuda,300,Sigmoid:/features/features.1/features.1.0/block/block.1/scale_activation/Sigmoid_fence_before,onnxruntime,onnx_node,0.001117,0.000321,0.001,0.002,60,1.8e-05,99.993291
efficientnet_b0,onnxrt_cuda,301,Mul:/features/features.0/features.0.2/Mul_fence_after,onnxruntime,onnx_node,0.001111,0.000314,0.001,0.002,9,1.7e-05,99.993309
efficientnet_b0,onnxrt_cuda,302,Mul:/features/features.2/features.2.1/block/block.1/block.1.2/Mul_fence_after,onnxruntime,onnx_node,0.001111,0.000314,0.001,0.002,9,1.7e-05,99.993326
efficientnet_b0,onnxrt_cuda,303,Conv:/features/features.3/features.3.0/block/block.1/block.1.0/Conv_fence_after,onnxruntime,onnx_node,0.001111,0.000458,0.001,0.003,18,1.7e-05,99.993344
efficientnet_b0,onnxrt_cuda,304,Mul:/features/features.3/features.3.1/block/block.1/block.1.2/Mul_fence_after,onnxruntime,onnx_node,0.001111,0.000314,0.001,0.002,9,1.7e-05,99.993361
efficientnet_b0,onnxrt_cuda,305,Conv:/features/features.2/features.2.1/block/block.1/block.1.0/Conv_fence_after,onnxruntime,onnx_node,0.001103,0.000547,0.001,0.004,29,1.7e-05,99.993378
efficientnet_b0,onnxrt_cuda,306,Conv:/features/features.1/features.1.0/block/block.2/block.2.0/Conv_fence_before,onnxruntime,onnx_node,0.0011,0.000351,0.001,0.003,60,1.7e-05,99.993396
efficientnet_b0,onnxrt_cuda,307,Sigmoid:/features/features.2/features.2.1/block/block.2/activation/Sigmoid_fence_before,onnxruntime,onnx_node,0.0011,0.0003,0.001,0.002,60,1.7e-05,99.993413
efficientnet_b0,onnxrt_cuda,308,Sigmoid:/features/features.4/features.4.1/block/block.2/activation/Sigmoid_fence_before,onnxruntime,onnx_node,0.0011,0.000768,0.001,0.007,60,1.7e-05,99.99343
efficientnet_b0,onnxrt_cuda,309,GlobalAveragePool:/features/features.6/features.6.3/block/block.2/avgpool/GlobalAveragePool_fence_before,onnxruntime,onnx_node,0.0011,0.0003,0.001,0.002,60,1.7e-05,99.993448
efficientnet_b0,onnxrt_cuda,310,GlobalAveragePool:/features/features.6/features.6.0/block/block.2/avgpool/GlobalAveragePool_fence_after,onnxruntime,onnx_node,0.001086,0.000368,0.001,0.003,35,1.7e-05,99.993465
efficientnet_b0,onnxrt_cuda,311,Conv:/features/features.1/features.1.0/block/block.0/block.0.0/Conv_fence_after,onnxruntime,onnx_node,0.001083,0.000449,0.001,0.004,48,1.7e-05,99.993482
efficientnet_b0,onnxrt_cuda,312,Sigmoid:/features/features.5/features.5.0/block/block.2/activation/Sigmoid_fence_before,onnxruntime,onnx_node,0.001083,0.000331,0.001,0.003,60,1.7e-05,99.993499
efficientnet_b0,onnxrt_cuda,313,Conv:/features/features.5/features.5.2/block/block.1/block.1.0/Conv_fence_after,onnxruntime,onnx_node,0.001083,0.0004,0.001,0.003,24,1.7e-05,99.993516
efficientnet_b0,onnxrt_cuda,314,Sigmoid:/features/features.2/features.2.1/block/block.1/block.1.2/Sigmoid_fence_after,onnxruntime,onnx_node,0.001073,0.000341,0.001,0.003,41,1.7e-05,99.993533
efficientnet_b0,onnxrt_cuda,315,Sigmoid:/features/features.3/features.3.1/block/block.1/block.1.2/Sigmoid_fence_before,onnxruntime,onnx_node,0.001069,0.000409,0.001,0.004,58,1.7e-05,99.993549
efficientnet_b0,onnxrt_cuda,316,Conv:/features/features.0/features.0.0/Conv_fence_after,onnxruntime,onnx_node,0.001068,0.000251,0.001,0.002,59,1.7e-05,99.993566
efficientnet_b0,onnxrt_cuda,317,Conv:/features/features.2/features.2.1/block/block.2/fc1/Conv_fence_before,onnxruntime,onnx_node,0.001067,0.000249,0.001,0.002,60,1.7e-05,99.993583
efficientnet_b0,onnxrt_cuda,318,Add:/features/features.2/features.2.1/Add_fence_before,onnxruntime,onnx_node,0.001067,0.000249,0.001,0.002,60,1.7e-05,99.9936
efficientnet_b0,onnxrt_cuda,319,Conv:/features/features.3/features.3.1/block/block.3/block.3.0/Conv_fence_before,onnxruntime,onnx_node,0.001067,0.000249,0.001,0.002,60,1.7e-05,99.993616
efficientnet_b0,onnxrt_cuda,320,Conv:/features/features.4/features.4.0/block/block.3/block.3.0/Conv_fence_before,onnxruntime,onnx_node,0.001067,0.000249,0.001,0.002,60,1.7e-05,99.993633
efficientnet_b0,onnxrt_cuda,321,Conv:/features/features.4/features.4.1/block/block.2/fc1/Conv_fence_before,onnxruntime,onnx_node,0.001067,0.000309,0.001,0.003,60,1.7e-05,99.99365
efficientnet_b0,onnxrt_cuda,322,GlobalAveragePool:/features/features.5/features.5.2/block/block.2/avgpool/GlobalAveragePool_fence_before,onnxruntime,onnx_node,0.001067,0.000309,0.001,0.003,60,1.7e-05,99.993667
efficientnet_b0,onnxrt_cuda,323,Mul:/features/features.2/features.2.0/block/block.1/block.1.2/Mul_fence_after,onnxruntime,onnx_node,0.001063,0.000242,0.001,0.002,16,1.7e-05,99.993684
efficientnet_b0,onnxrt_cuda,324,Conv:/features/features.4/features.4.2/block/block.2/fc1/Conv_fence_after,onnxruntime,onnx_node,0.001059,0.000235,0.001,0.002,34,1.7e-05,99.9937
efficientnet_b0,onnxrt_cuda,325,Mul:/features/features.3/features.3.1/block/block.1/block.1.2/Mul_fence_before,onnxruntime,onnx_node,0.001058,0.000412,0.001,0.004,52,1.7e-05,99.993717
efficientnet_b0,onnxrt_cuda,326,Sigmoid:/features/features.3/features.3.1/block/block.1/block.1.2/Sigmoid_fence_after,onnxruntime,onnx_node,0.001057,0.000333,0.001,0.003,35,1.7e-05,99.993733
efficientnet_b0,onnxrt_cuda,327,Mul:/features/features.2/features.2.1/block/block.1/block.1.2/Mul_fence_before,onnxruntime,onnx_node,0.001056,0.000299,0.001,0.003,54,1.7e-05,99.99375
efficientnet_b0,onnxrt_cuda,328,Sigmoid:/features/features.4/features.4.0/block/block.0/block.0.2/Sigmoid_fence_after,onnxruntime,onnx_node,0.001056,0.000229,0.001,0.002,18,1.7e-05,99.993767
efficientnet_b0,onnxrt_cuda,329,Sigmoid:/features/features.4/features.4.0/block/block.0/block.0.2/Sigmoid_fence_before,onnxruntime,onnx_node,0.001055,0.000227,0.001,0.002,55,1.7e-05,99.993783
efficientnet_b0,onnxrt_cuda,330,Sigmoid:/features/features.1/features.1.0/block/block.0/block.0.2/Sigmoid_fence_after,onnxruntime,onnx_node,0.001054,0.000294,0.001,0.003,56,1.7e-05,99.9938
efficientnet_b0,onnxrt_cuda,331,Mul:/features/features.3/features.3.1/block/block.2/activation/Mul_fence_before,onnxruntime,onnx_node,0.001053,0.000223,0.001,0.002,57,1.7e-05,99.993816
efficientnet_b0,onnxrt_cuda,332,Add:/features/features.5/features.5.1/Add_fence_before,onnxruntime,onnx_node,0.001051,0.00022,0.001,0.002,59,1.7e-05,99.993833
efficientnet_b0,onnxrt_cuda,333,Mul:/features/features.0/features.0.2/Mul_fence_before,onnxruntime,onnx_node,0.00105,0.000284,0.001,0.003,60,1.7e-05,99.993849
efficientnet_b0,onnxrt_cuda,334,Mul:/features/features.3/features.3.0/block/block.1/block.1.2/Mul_fence_before,onnxruntime,onnx_node,0.00105,0.000284,0.001,0.003,60,1.7e-05,99.993866
efficientnet_b0,onnxrt_cuda,335,Sigmoid:/features/features.4/features.4.0/block/block.2/activation/Sigmoid_fence_before,onnxruntime,onnx_node,0.00105,0.000218,0.001,0.002,60,1.7e-05,99.993882
efficientnet_b0,onnxrt_cuda,336,Sigmoid:/features/features.4/features.4.2/block/block.2/activation/Sigmoid_fence_before,onnxruntime,onnx_node,0.00105,0.000218,0.001,0.002,60,1.7e-05,99.993899
efficientnet_b0,onnxrt_cuda,337,Mul:/features/features.5/features.5.0/block/block.2/Mul_fence_before,onnxruntime,onnx_node,0.00105,0.000218,0.001,0.002,60,1.7e-05,99.993915
efficientnet_b0,onnxrt_cuda,338,GlobalAveragePool:/features/features.5/features.5.1/block/block.2/avgpool/GlobalAveragePool_fence_before,onnxruntime,onnx_node,0.00105,0.000284,0.001,0.003,60,1.7e-05,99.993932
efficientnet_b0,onnxrt_cuda,339,GlobalAveragePool:/features/features.6/features.6.2/block/block.2/avgpool/GlobalAveragePool_fence_before,onnxruntime,onnx_node,0.00105,0.000218,0.001,0.002,60,1.7e-05,99.993948
efficientnet_b0,onnxrt_cuda,340,Conv:/features/features.6/features.6.1/block/block.1/block.1.0/Conv_fence_after,onnxruntime,onnx_node,0.001048,0.000213,0.001,0.002,21,1.6e-05,99.993965
efficientnet_b0,onnxrt_cuda,341,Conv:/features/features.6/features.6.3/block/block.1/block.1.0/Conv_fence_after,onnxruntime,onnx_node,0.001048,0.000213,0.001,0.002,21,1.6e-05,99.993981
efficientnet_b0,onnxrt_cuda,342,Conv:/features/features.5/features.5.0/block/block.1/block.1.0/Conv_fence_after,onnxruntime,onnx_node,0.001043,0.000204,0.001,0.002,23,1.6e-05,99.993998
efficientnet_b0,onnxrt_cuda,343,Sigmoid:/features/features.5/features.5.2/block/block.1/block.1.2/Sigmoid_fence_before,onnxruntime,onnx_node,0.00104,0.000196,0.001,0.002,50,1.6e-05,99.994014
efficientnet_b0,onnxrt_cuda,344,Sigmoid:/features/features.3/features.3.0/block/block.1/block.1.2/Sigmoid_fence_before,onnxruntime,onnx_node,0.001037,0.00027,0.001,0.003,54,1.6e-05,99.99403
efficientnet_b0,onnxrt_cuda,345,Conv:/features/features.3/features.3.0/block/block.2/fc2/Conv_fence_after,onnxruntime,onnx_node,0.001037,0.000189,0.001,0.002,27,1.6e-05,99.994047
efficientnet_b0,onnxrt_cuda,346,Sigmoid:/features/features.3/features.3.0/block/block.0/block.0.2/Sigmoid_fence_before,onnxruntime,onnx_node,0.001036,0.000187,0.001,0.002,55,1.6e-05,99.994063
efficientnet_b0,onnxrt_cuda,347,Add:/features/features.6/features.6.2/Add_fence_before,onnxruntime,onnx_node,0.001036,0.000187,0.001,0.002,55,1.6e-05,99.994079
efficientnet_b0,onnxrt_cuda,348,Sigmoid:/features/features.2/features.2.0/block/block.1/block.1.2/Sigmoid_fence_before,onnxruntime,onnx_node,0.001035,0.000184,0.001,0.002,57,1.6e-05,99.994096
efficientnet_b0,onnxrt_cuda,349,Conv:/features/features.2/features.2.0/block/block.2/fc1/Conv_fence_before,onnxruntime,onnx_node,0.001034,0.00026,0.001,0.003,58,1.6e-05,99.994112
efficientnet_b0,onnxrt_cuda,350,Conv:/features/features.3/features.3.1/block/block.2/fc2/Conv_fence_before,onnxruntime,onnx_node,0.001034,0.000181,0.001,0.002,59,1.6e-05,99.994128
efficientnet_b0,onnxrt_cuda,351,Mul:/features/features.4/features.4.1/block/block.0/block.0.2/Mul_fence_before,onnxruntime,onnx_node,0.001034,0.000181,0.001,0.002,59,1.6e-05,99.994144
efficientnet_b0,onnxrt_cuda,352,Mul:/features/features.4/features.4.1/block/block.2/Mul_fence_before,onnxruntime,onnx_node,0.001034,0.000181,0.001,0.002,59,1.6e-05,99.994161
efficientnet_b0,onnxrt_cuda,353,Mul:/features/features.5/features.5.0/block/block.0/block.0.2/Mul_fence_before,onnxruntime,onnx_node,0.001034,0.000182,0.001,0.002,58,1.6e-05,99.994177
efficientnet_b0,onnxrt_cuda,354,Sigmoid:/features/features.5/features.5.2/block/block.0/block.0.2/Sigmoid_fence_after,onnxruntime,onnx_node,0.001034,0.000182,0.001,0.002,29,1.6e-05,99.994193
efficientnet_b0,onnxrt_cuda,355,Sigmoid:/features/features.6/features.6.0/block/block.1/block.1.2/Sigmoid_fence_before,onnxruntime,onnx_node,0.001034,0.000258,0.001,0.003,59,1.6e-05,99.994209
efficientnet_b0,onnxrt_cuda,356,Conv:/features/features.6/features.6.0/block/block.2/fc1/Conv_fence_before,onnxruntime,onnx_node,0.001034,0.000181,0.001,0.002,59,1.6e-05,99.994226
efficientnet_b0,onnxrt_cuda,357,Sigmoid:/features/features.6/features.6.0/block/block.2/scale_activation/Sigmoid_fence_before,onnxruntime,onnx_node,0.001034,0.000181,0.001,0.002,59,1.6e-05,99.994242
efficientnet_b0,onnxrt_cuda,358,Conv:/features/features.6/features.6.1/block/block.0/block.0.0/Conv_fence_after,onnxruntime,onnx_node,0.001034,0.000182,0.001,0.002,29,1.6e-05,99.994258
efficientnet_b0,onnxrt_cuda,359,Sigmoid:/features/features.0/features.0.2/Sigmoid_fence_before,onnxruntime,onnx_node,0.001033,0.00018,0.001,0.002,60,1.6e-05,99.994274
efficientnet_b0,onnxrt_cuda,360,Sigmoid:/features/features.1/features.1.0/block/block.0/block.0.2/Sigmoid_fence_before,onnxruntime,onnx_node,0.001033,0.000256,0.001,0.003,60,1.6e-05,99.994291
efficientnet_b0,onnxrt_cuda,361,Conv:/features/features.1/features.1.0/block/block.1/fc1/Conv_fence_before,onnxruntime,onnx_node,0.001033,0.000256,0.001,0.003,60,1.6e-05,99.994307
efficientnet_b0,onnxrt_cuda,362,Conv:/features/features.2/features.2.0/block/block.0/block.0.0/Conv_fence_before,onnxruntime,onnx_node,0.001033,0.00018,0.001,0.002,60,1.6e-05,99.994323
efficientnet_b0,onnxrt_cuda,363,Sigmoid:/features/features.2/features.2.0/block/block.2/activation/Sigmoid_fence_before,onnxruntime,onnx_node,0.001033,0.00018,0.001,0.002,60,1.6e-05,99.994339
efficientnet_b0,onnxrt_cuda,364,Sigmoid:/features/features.2/features.2.1/block/block.1/block.1.2/Sigmoid_fence_before,onnxruntime,onnx_node,0.001033,0.000256,0.001,0.003,60,1.6e-05,99.994356
efficientnet_b0,onnxrt_cuda,365,Conv:/features/features.3/features.3.0/block/block.3/block.3.0/Conv_fence_before,onnxruntime,onnx_node,0.001033,0.00018,0.001,0.002,60,1.6e-05,99.994372
efficientnet_b0,onnxrt_cuda,366,Add:/features/features.3/features.3.1/Add_fence_before,onnxruntime,onnx_node,0.001033,0.00018,0.001,0.002,60,1.6e-05,99.994388
efficientnet_b0,onnxrt_cuda,367,Conv:/features/features.4/features.4.2/block/block.0/block.0.0/Conv_fence_before,onnxruntime,onnx_node,0.001033,0.00018,0.001,0.002,60,1.6e-05,99.994404
efficientnet_b0,onnxrt_cuda,368,Conv:/features/features.5/features.5.0/block/block.0/block.0.0/Conv_fence_before,onnxruntime,onnx_node,0.001033,0.00018,0.001,0.002,60,1.6e-05,99.994421
efficientnet_b0,onnxrt_cuda,369,GlobalAveragePool:/features/features.5/features.5.0/block/block.2/avgpool/GlobalAveragePool_fence_before,onnxruntime,onnx_node,0.001033,0.00018,0.001,0.002,60,1.6e-05,99.994437
efficientnet_b0,onnxrt_cuda,370,Conv:/features/features.6/features.6.0/block/block.0/block.0.0/Conv_fence_before,onnxruntime,onnx_node,0.001033,0.00018,0.001,0.002,60,1.6e-05,99.994453
efficientnet_b0,onnxrt_cuda,371,Mul:/features/features.6/features.6.0/block/block.1/block.1.2/Mul_fence_before,onnxruntime,onnx_node,0.001033,0.000256,0.001,0.003,60,1.6e-05,99.994469
efficientnet_b0,onnxrt_cuda,372,Sigmoid:/features/features.6/features.6.0/block/block.2/activation/Sigmoid_fence_before,onnxruntime,onnx_node,0.001033,0.00018,0.001,0.002,60,1.6e-05,99.994486
efficientnet_b0,onnxrt_cuda,373,GlobalAveragePool:/features/features.6/features.6.1/block/block.2/avgpool/GlobalAveragePool_fence_before,onnxruntime,onnx_node,0.001033,0.00018,0.001,0.002,60,1.6e-05,99.994502
efficientnet_b0,onnxrt_cuda,374,Conv:/features/features.6/features.6.1/block/block.2/fc1/Conv_fence_before,onnxruntime,onnx_node,0.001033,0.00018,0.001,0.002,60,1.6e-05,99.994518
efficientnet_b0,onnxrt_cuda,375,Conv:/features/features.6/features.6.2/block/block.0/block.0.0/Conv_fence_before,onnxruntime,onnx_node,0.001033,0.00018,0.001,0.002,60,1.6e-05,99.994534
efficientnet_b0,onnxrt_cuda,376,Sigmoid:/features/features.2/features.2.0/block/block.0/block.0.2/Sigmoid_fence_after,onnxruntime,onnx_node,0.001033,0.00018,0.001,0.002,30,1.6e-05,99.994551
efficientnet_b0,onnxrt_cuda,377,Sigmoid:/features/features.5/features.5.1/block/block.1/block.1.2/Sigmoid_fence_after,onnxruntime,onnx_node,0.001031,0.000174,0.001,0.002,32,1.6e-05,99.994567
efficientnet_b0,onnxrt_cuda,378,Conv:/features/features.6/features.6.0/block/block.3/block.3.0/Conv_fence_after,onnxruntime,onnx_node,0.001031,0.000174,0.001,0.002,32,1.6e-05,99.994583
efficientnet_b0,onnxrt_cuda,379,Conv:/features/features.6/features.6.3/block/block.2/fc2/Conv_fence_after,onnxruntime,onnx_node,0.001031,0.000174,0.001,0.002,32,1.6e-05,99.994599
efficientnet_b0,onnxrt_cuda,380,Conv:/features/features.3/features.3.0/block/block.3/block.3.0/Conv_fence_after,onnxruntime,onnx_node,0.00103,0.000171,0.001,0.002,33,1.6e-05,99.994615
efficientnet_b0,onnxrt_cuda,381,Conv:/features/features.3/features.3.1/block/block.3/block.3.0/Conv_fence_after,onnxruntime,onnx_node,0.001029,0.000169,0.001,0.002,34,1.6e-05,99.994632
efficientnet_b0,onnxrt_cuda,382,Conv:/features/features.6/features.6.0/block/block.2/fc1/Conv_fence_after,onnxruntime,onnx_node,0.001029,0.000167,0.001,0.002,35,1.6e-05,99.994648
efficientnet_b0,onnxrt_cuda,383,Sigmoid:/features/features.0/features.0.2/Sigmoid_fence_after,onnxruntime,onnx_node,0.001028,0.000164,0.001,0.002,36,1.6e-05,99.994664
efficientnet_b0,onnxrt_cuda,384,Sigmoid:/features/features.3/features.3.0/block/block.1/block.1.2/Sigmoid_fence_after,onnxruntime,onnx_node,0.001028,0.000164,0.001,0.002,36,1.6e-05,99.99468
efficientnet_b0,onnxrt_cuda,385,Conv:/features/features.4/features.4.2/block/block.3/block.3.0/Conv_fence_after,onnxruntime,onnx_node,0.001028,0.000164,0.001,0.002,36,1.6e-05,99.994696
efficientnet_b0,onnxrt_cuda,386,Sigmoid:/features/features.6/features.6.0/block/block.1/block.1.2/Sigmoid_fence_after,onnxruntime,onnx_node,0.001027,0.000162,0.001,0.002,37,1.6e-05,99.994712
efficientnet_b0,onnxrt_cuda,387,Conv:/features/features.4/features.4.2/block/block.1/block.1.0/Conv_fence_before,onnxruntime,onnx_node,0.001026,0.00016,0.001,0.002,38,1.6e-05,99.994728
efficientnet_b0,onnxrt_cuda,388,Conv:/features/features.5/features.5.2/block/block.2/fc1/Conv_fence_after,onnxruntime,onnx_node,0.001026,0.000158,0.001,0.002,39,1.6e-05,99.994745
efficientnet_b0,onnxrt_cuda,389,Conv:/features/features.1/features.1.0/block/block.1/fc2/Conv_fence_after,onnxruntime,onnx_node,0.001025,0.000156,0.001,0.002,40,1.6e-05,99.994761
efficientnet_b0,onnxrt_cuda,390,GlobalAveragePool:/features/features.3/features.3.1/block/block.2/avgpool/GlobalAveragePool_fence_after,onnxruntime,onnx_node,0.001024,0.000154,0.001,0.002,41,1.6e-05,99.994777
efficientnet_b0,onnxrt_cuda,391,Conv:/features/features.4/features.4.1/block/block.1/block.1.0/Conv_fence_before,onnxruntime,onnx_node,0.001024,0.000154,0.001,0.002,41,1.6e-05,99.994793
efficientnet_b0,onnxrt_cuda,392,Conv:/features/features.1/features.1.0/block/block.1/fc1/Conv_fence_after,onnxruntime,onnx_node,0.001023,0.000149,0.001,0.002,44,1.6e-05,99.994809
efficientnet_b0,onnxrt_cuda,393,Sigmoid:/features/features.2/features.2.0/block/block.1/block.1.2/Sigmoid_fence_after,onnxruntime,onnx_node,0.001023,0.000151,0.001,0.002,43,1.6e-05,99.994825
efficientnet_b0,onnxrt_cuda,394,Conv:/features/features.4/features.4.1/block/block.3/block.3.0/Conv_fence_after,onnxruntime,onnx_node,0.001023,0.000151,0.001,0.002,43,1.6e-05,99.994841
efficientnet_b0,onnxrt_cuda,395,Conv:/features/features.7/features.7.0/block/block.3/block.3.0/Conv_fence_after,onnxruntime,onnx_node,0.001023,0.000151,0.001,0.002,43,1.6e-05,99.994857
efficientnet_b0,onnxrt_cuda,396,Conv:/features/features.3/features.3.1/block/block.0/block.0.0/Conv_fence_before,onnxruntime,onnx_node,0.001022,0.000146,0.001,0.002,46,1.6e-05,99.994873
efficientnet_b0,onnxrt_cuda,397,Conv:/features/features.2/features.2.1/block/block.1/block.1.0/Conv_fence_before,onnxruntime,onnx_node,0.001021,0.000143,0.001,0.002,48,1.6e-05,99.994889
efficientnet_b0,onnxrt_cuda,398,Sigmoid:/features/features.4/features.4.1/block/block.1/block.1.2/Sigmoid_fence_before,onnxruntime,onnx_node,0.001021,0.000143,0.001,0.002,48,1.6e-05,99.994905
efficientnet_b0,onnxrt_cuda,399,Conv:/features/features.5/features.5.2/block/block.0/block.0.0/Conv_fence_after,onnxruntime,onnx_node,0.001021,0.000143,0.001,0.002,48,1.6e-05,99.994922
efficientnet_b0,onnxrt_cuda,400,GlobalAveragePool:/features/features.2/features.2.0/block/block.2/avgpool/GlobalAveragePool_fence_after,onnxruntime,onnx_node,0.00102,0.00014,0.001,0.002,50,1.6e-05,99.994938
efficientnet_b0,onnxrt_cuda,401,Conv:/features/features.5/features.5.2/block/block.2/fc2/Conv_fence_after,onnxruntime,onnx_node,0.00102,0.000139,0.001,0.002,51,1.6e-05,99.994954
efficientnet_b0,onnxrt_cuda,402,GlobalAveragePool:/features/features.1/features.1.0/block/block.1/avgpool/GlobalAveragePool_fence_after,onnxruntime,onnx_node,0.001019,0.000136,0.001,0.002,53,1.6e-05,99.99497
efficientnet_b0,onnxrt_cuda,403,Conv:/features/features.2/features.2.1/block/block.3/block.3.0/Conv_fence_after,onnxruntime,onnx_node,0.001019,0.000137,0.001,0.002,52,1.6e-05,99.994986
efficientnet_b0,onnxrt_cuda,404,Mul:/features/features.4/features.4.0/block/block.0/block.0.2/Mul_fence_before,onnxruntime,onnx_node,0.001019,0.000135,0.001,0.002,54,1.6e-05,99.995002
efficientnet_b0,onnxrt_cuda,405,Mul:/features/features.5/features.5.2/block/block.1/block.1.2/Mul_fence_before,onnxruntime,onnx_node,0.001019,0.000135,0.001,0.002,54,1.6e-05,99.995018
efficientnet_b0,onnxrt_cuda,406,Conv:/features/features.5/features.5.2/block/block.2/fc1/Conv_fence_before,onnxruntime,onnx_node,0.001019,0.000136,0.001,0.002,53,1.6e-05,99.995034
efficientnet_b0,onnxrt_cuda,407,Sigmoid:/features/features.6/features.6.1/block/block.0/block.0.2/Sigmoid_fence_before,onnxruntime,onnx_node,0.001019,0.000135,0.001,0.002,54,1.6e-05,99.99505
efficientnet_b0,onnxrt_cuda,408,Mul:/features/features.2/features.2.0/block/block.1/block.1.2/Mul_fence_before,onnxruntime,onnx_node,0.001018,0.000131,0.001,0.002,57,1.6e-05,99.995066
efficientnet_b0,onnxrt_cuda,409,Mul:/features/features.2/features.2.0/block/block.2/Mul_fence_before,onnxruntime,onnx_node,0.001018,0.000131,0.001,0.002,57,1.6e-05,99.995082
efficientnet_b0,onnxrt_cuda,410,Conv:/features/features.3/features.3.0/block/block.2/fc2/Conv_fence_before,onnxruntime,onnx_node,0.001018,0.000132,0.001,0.002,56,1.6e-05,99.995098
efficientnet_b0,onnxrt_cuda,411,Conv:/features/features.4/features.4.0/block/block.1/block.1.0/Conv_fence_before,onnxruntime,onnx_node,0.001018,0.000131,0.001,0.002,57,1.6e-05,99.995114
efficientnet_b0,onnxrt_cuda,412,Sigmoid:/features/features.5/features.5.0/block/block.1/block.1.2/Sigmoid_fence_before,onnxruntime,onnx_node,0.001018,0.000134,0.001,0.002,55,1.6e-05,99.99513
efficientnet_b0,onnxrt_cuda,413,Mul:/features/features.5/features.5.0/block/block.1/block.1.2/Mul_fence_before,onnxruntime,onnx_node,0.001018,0.000134,0.001,0.002,55,1.6e-05,99.995146
efficientnet_b0,onnxrt_cuda,414,Mul:/features/features.5/features.5.1/block/block.1/block.1.2/Mul_fence_before,onnxruntime,onnx_node,0.001018,0.000131,0.001,0.002,57,1.6e-05,99.995162
efficientnet_b0,onnxrt_cuda,415,Mul:/features/features.2/features.2.0/block/block.0/block.0.2/Mul_fence_before,onnxruntime,onnx_node,0.001017,0.000128,0.001,0.002,60,1.6e-05,99.995178
efficientnet_b0,onnxrt_cuda,416,Sigmoid:/features/features.2/features.2.1/block/block.0/block.0.2/Sigmoid_fence_before,onnxruntime,onnx_node,0.001017,0.000128,0.001,0.002,60,1.6e-05,99.995194
efficientnet_b0,onnxrt_cuda,417,Mul:/features/features.2/features.2.1/block/block.2/Mul_fence_before,onnxruntime,onnx_node,0.001017,0.000128,0.001,0.002,60,1.6e-05,99.99521
efficientnet_b0,onnxrt_cuda,418,Conv:/features/features.3/features.3.0/block/block.0/block.0.0/Conv_fence_before,onnxruntime,onnx_node,0.001017,0.00013,0.001,0.002,58,1.6e-05,99.995226
efficientnet_b0,onnxrt_cuda,419,Mul:/features/features.3/features.3.0/block/block.0/block.0.2/Mul_fence_before,onnxruntime,onnx_node,0.001017,0.000129,0.001,0.002,59,1.6e-05,99.995242
efficientnet_b0,onnxrt_cuda,420,Conv:/features/features.3/features.3.0/block/block.1/block.1.0/Conv_fence_before,onnxruntime,onnx_node,0.001017,0.000129,0.001,0.002,59,1.6e-05,99.995258
efficientnet_b0,onnxrt_cuda,421,Conv:/features/features.3/features.3.0/block/block.2/fc1/Conv_fence_before,onnxruntime,onnx_node,0.001017,0.000128,0.001,0.002,60,1.6e-05,99.995274
efficientnet_b0,onnxrt_cuda,422,Sigmoid:/features/features.3/features.3.0/block/block.2/scale_activation/Sigmoid_fence_before,onnxruntime,onnx_node,0.001017,0.000128,0.001,0.002,60,1.6e-05,99.99529
efficientnet_b0,onnxrt_cuda,423,Sigmoid:/features/features.3/features.3.1/block/block.2/activation/Sigmoid_fence_before,onnxruntime,onnx_node,0.001017,0.000128,0.001,0.002,60,1.6e-05,99.995306
efficientnet_b0,onnxrt_cuda,424,Mul:/features/features.3/features.3.1/block/block.2/Mul_fence_before,onnxruntime,onnx_node,0.001017,0.000129,0.001,0.002,59,1.6e-05,99.995322
efficientnet_b0,onnxrt_cuda,425,GlobalAveragePool:/features/features.4/features.4.0/block/block.2/avgpool/GlobalAveragePool_fence_before,onnxruntime,onnx_node,0.001017,0.000128,0.001,0.002,60,1.6e-05,99.995338
efficientnet_b0,onnxrt_cuda,426,Sigmoid:/features/features.4/features.4.0/block/block.2/scale_activation/Sigmoid_fence_before,onnxruntime,onnx_node,0.001017,0.000128,0.001,0.002,60,1.6e-05,99.995354
efficientnet_b0,onnxrt_cuda,427,Mul:/features/features.4/features.4.0/block/block.2/Mul_fence_before,onnxruntime,onnx_node,0.001017,0.000128,0.001,0.002,60,1.6e-05,99.99537
efficientnet_b0,onnxrt_cuda,428,Sigmoid:/features/features.4/features.4.1/block/block.0/block.0.2/Sigmoid_fence_before,onnxruntime,onnx_node,0.001017,0.00013,0.001,0.002,58,1.6e-05,99.995386
efficientnet_b0,onnxrt_cuda,429,GlobalAveragePool:/features/features.4/features.4.1/block/block.2/avgpool/GlobalAveragePool_fence_before,onnxruntime,onnx_node,0.001017,0.000129,0.001,0.002,59,1.6e-05,99.995402
efficientnet_b0,onnxrt_cuda,430,Mul:/features/features.4/features.4.1/block/block.2/activation/Mul_fence_before,onnxruntime,onnx_node,0.001017,0.000128,0.001,0.002,60,1.6e-05,99.995418
efficientnet_b0,onnxrt_cuda,431,Sigmoid:/features/features.4/features.4.1/block/block.2/scale_activation/Sigmoid_fence_before,onnxruntime,onnx_node,0.001017,0.000128,0.001,0.002,60,1.6e-05,99.995434
efficientnet_b0,onnxrt_cuda,432,Conv:/features/features.4/features.4.2/block/block.2/fc1/Conv_fence_before,onnxruntime,onnx_node,0.001017,0.00013,0.001,0.002,58,1.6e-05,99.99545
efficientnet_b0,onnxrt_cuda,433,Sigmoid:/features/features.4/features.4.2/block/block.2/scale_activation/Sigmoid_fence_before,onnxruntime,onnx_node,0.001017,0.00013,0.001,0.002,58,1.6e-05,99.995466
efficientnet_b0,onnxrt_cuda,434,Conv:/features/features.4/features.4.2/block/block.3/block.3.0/Conv_fence_before,onnxruntime,onnx_node,0.001017,0.000128,0.001,0.002,60,1.6e-05,99.995482
efficientnet_b0,onnxrt_cuda,435,Conv:/features/features.5/features.5.0/block/block.3/block.3.0/Conv_fence_before,onnxruntime,onnx_node,0.001017,0.000128,0.001,0.002,60,1.6e-05,99.995498
efficientnet_b0,onnxrt_cuda,436,Sigmoid:/features/features.5/features.5.1/block/block.0/block.0.2/Sigmoid_fence_before,onnxruntime,onnx_node,0.001017,0.000129,0.001,0.002,59,1.6e-05,99.995514
efficientnet_b0,onnxrt_cuda,437,Conv:/features/features.5/features.5.1/block/block.2/fc1/Conv_fence_before,onnxruntime,onnx_node,0.001017,0.000129,0.001,0.002,59,1.6e-05,99.99553
efficientnet_b0,onnxrt_cuda,438,Sigmoid:/features/features.5/features.5.1/block/block.2/activation/Sigmoid_fence_before,onnxruntime,onnx_node,0.001017,0.000128,0.001,0.002,60,1.6e-05,99.995546
efficientnet_b0,onnxrt_cuda,439,Mul:/features/features.5/features.5.1/block/block.2/Mul_fence_before,onnxruntime,onnx_node,0.001017,0.000128,0.001,0.002,60,1.6e-05,99.995562
efficientnet_b0,onnxrt_cuda,440,Mul:/features/features.5/features.5.2/block/block.2/Mul_fence_before,onnxruntime,onnx_node,0.001017,0.000128,0.001,0.002,60,1.6e-05,99.995578
efficientnet_b0,onnxrt_cuda,441,Conv:/features/features.5/features.5.2/block/block.3/block.3.0/Conv_fence_before,onnxruntime,onnx_node,0.001017,0.000128,0.001,0.002,60,1.6e-05,99.995593
efficientnet_b0,onnxrt_cuda,442,Conv:/features/features.6/features.6.0/block/block.3/block.3.0/Conv_fence_before,onnxruntime,onnx_node,0.001017,0.000128,0.001,0.002,60,1.6e-05,99.995609
efficientnet_b0,onnxrt_cuda,443,Sigmoid:/features/features.6/features.6.1/block/block.2/activation/Sigmoid_fence_before,onnxruntime,onnx_node,0.001017,0.000128,0.001,0.002,60,1.6e-05,99.995625
efficientnet_b0,onnxrt_cuda,444,Conv:/features/features.6/features.6.1/block/block.3/block.3.0/Conv_fence_before,onnxruntime,onnx_node,0.001017,0.000128,0.001,0.002,60,1.6e-05,99.995641
efficientnet_b0,onnxrt_cuda,445,Mul:/features/features.6/features.6.2/block/block.1/block.1.2/Mul_fence_before,onnxruntime,onnx_node,0.001017,0.000129,0.001,0.002,59,1.6e-05,99.995657
efficientnet_b0,onnxrt_cuda,446,Conv:/features/features.6/features.6.2/block/block.2/fc1/Conv_fence_before,onnxruntime,onnx_node,0.001017,0.000129,0.001,0.002,59,1.6e-05,99.995673
efficientnet_b0,onnxrt_cuda,447,Sigmoid:/features/features.6/features.6.2/block/block.2/scale_activation/Sigmoid_fence_before,onnxruntime,onnx_node,0.001017,0.000129,0.001,0.002,59,1.6e-05,99.995689
efficientnet_b0,onnxrt_cuda,448,Conv:/features/features.6/features.6.2/block/block.3/block.3.0/Conv_fence_before,onnxruntime,onnx_node,0.001017,0.000128,0.001,0.002,60,1.6e-05,99.995705
efficientnet_b0,onnxrt_cuda,449,Conv:/features/features.6/features.6.3/block/block.0/block.0.0/Conv_fence_before,onnxruntime,onnx_node,0.001017,0.000128,0.001,0.002,60,1.6e-05,99.995721
efficientnet_b0,onnxrt_cuda,450,Conv:/features/features.6/features.6.3/block/block.2/fc1/Conv_fence_before,onnxruntime,onnx_node,0.001017,0.00013,0.001,0.002,58,1.6e-05,99.995737
efficientnet_b0,onnxrt_cuda,451,Mul:/features/features.6/features.6.3/block/block.2/Mul_fence_before,onnxruntime,onnx_node,0.001017,0.00013,0.001,0.002,58,1.6e-05,99.995753
efficientnet_b0,onnxrt_cuda,452,Sigmoid:/features/features.7/features.7.0/block/block.0/block.0.2/Sigmoid_fence_before,onnxruntime,onnx_node,0.001017,0.000129,0.001,0.002,59,1.6e-05,99.995769
efficientnet_b0,onnxrt_cuda,453,GlobalAveragePool:/features/features.7/features.7.0/block/block.2/avgpool/GlobalAveragePool_fence_before,onnxruntime,onnx_node,0.001017,0.000128,0.001,0.002,60,1.6e-05,99.995785
efficientnet_b0,onnxrt_cuda,454,Mul:/features/features.7/features.7.0/block/block.2/activation/Mul_fence_before,onnxruntime,onnx_node,0.001017,0.000128,0.001,0.002,60,1.6e-05,99.995801
efficientnet_b0,onnxrt_cuda,455,GlobalAveragePool:/avgpool/GlobalAveragePool_fence_before,onnxruntime,onnx_node,0.001017,0.000128,0.001,0.002,60,1.6e-05,99.995817
efficientnet_b0,onnxrt_cuda,456,Flatten:/Flatten_fence_before,onnxruntime,onnx_node,0.001017,0.000128,0.001,0.002,60,1.6e-05,99.995833
efficientnet_b0,onnxrt_cuda,457,Mul:/features/features.1/features.1.0/block/block.0/block.0.2/Mul_fence_after,onnxruntime,onnx_node,0.001,0.0,0.001,0.001,17,1.6e-05,99.995849
efficientnet_b0,onnxrt_cuda,458,Sigmoid:/features/features.1/features.1.0/block/block.1/activation/Sigmoid_fence_before,onnxruntime,onnx_node,0.001,0.0,0.001,0.001,59,1.6e-05,99.995865
efficientnet_b0,onnxrt_cuda,459,Sigmoid:/features/features.1/features.1.0/block/block.1/activation/Sigmoid_fence_after,onnxruntime,onnx_node,0.001,0.0,0.001,0.001,29,1.6e-05,99.995881
efficientnet_b0,onnxrt_cuda,460,Mul:/features/features.1/features.1.0/block/block.1/activation/Mul_fence_before,onnxruntime,onnx_node,0.001,0.0,0.001,0.001,50,1.6e-05,99.995896
efficientnet_b0,onnxrt_cuda,461,Conv:/features/features.1/features.1.0/block/block.1/fc2/Conv_fence_before,onnxruntime,onnx_node,0.001,0.0,0.001,0.001,50,1.6e-05,99.995912
efficientnet_b0,onnxrt_cuda,462,Sigmoid:/features/features.1/features.1.0/block/block.1/scale_activation/Sigmoid_fence_after,onnxruntime,onnx_node,0.001,0.0,0.001,0.001,32,1.6e-05,99.995928
efficientnet_b0,onnxrt_cuda,463,Mul:/features/features.1/features.1.0/block/block.1/Mul_fence_after,onnxruntime,onnx_node,0.001,0.0,0.001,0.001,10,1.6e-05,99.995943
efficientnet_b0,onnxrt_cuda,464,Conv:/features/features.1/features.1.0/block/block.2/block.2.0/Conv_fence_after,onnxruntime,onnx_node,0.001,0.0,0.001,0.001,43,1.6e-05,99.995959
efficientnet_b0,onnxrt_cuda,465,Conv:/features/features.2/features.2.0/block/block.0/block.0.0/Conv_fence_after,onnxruntime,onnx_node,0.001,0.0,0.001,0.001,48,1.6e-05,99.995975
efficientnet_b0,onnxrt_cuda,466,Sigmoid:/features/features.2/features.2.0/block/block.0/block.0.2/Sigmoid_fence_before,onnxruntime,onnx_node,0.001,0.0,0.001,0.001,60,1.6e-05,99.995991
efficientnet_b0,onnxrt_cuda,467,Conv:/features/features.2/features.2.0/block/block.1/block.1.0/Conv_fence_after,onnxruntime,onnx_node,0.001,0.0,0.001,0.001,41,1.6e-05,99.996006
efficientnet_b0,onnxrt_cuda,468,Conv:/features/features.2/features.2.0/block/block.2/fc1/Conv_fence_after,onnxruntime,onnx_node,0.001,0.0,0.001,0.001,36,1.6e-05,99.996022
efficientnet_b0,onnxrt_cuda,469,Sigmoid:/features/features.2/features.2.0/block/block.2/activation/Sigmoid_fence_after,onnxruntime,onnx_node,0.001,0.0,0.001,0.001,27,1.6e-05,99.996038
efficientnet_b0,onnxrt_cuda,470,Mul:/features/features.2/features.2.0/block/block.2/activation/Mul_fence_before,onnxruntime,onnx_node,0.001,0.0,0.001,0.001,59,1.6e-05,99.996053
efficientnet_b0,onnxrt_cuda,471,Mul:/features/features.2/features.2.0/block/block.2/activation/Mul_fence_after,onnxruntime,onnx_node,0.001,0.0,0.001,0.001,4,1.6e-05,99.996069
efficientnet_b0,onnxrt_cuda,472,Conv:/features/features.2/features.2.0/block/block.2/fc2/Conv_fence_before,onnxruntime,onnx_node,0.001,0.0,0.001,0.001,52,1.6e-05,99.996085
efficientnet_b0,onnxrt_cuda,473,Conv:/features/features.2/features.2.0/block/block.2/fc2/Conv_fence_after,onnxruntime,onnx_node,0.001,0.0,0.001,0.001,27,1.6e-05,99.996101
efficientnet_b0,onnxrt_cuda,474,Sigmoid:/features/features.2/features.2.0/block/block.2/scale_activation/Sigmoid_fence_before,onnxruntime,onnx_node,0.001,0.0,0.001,0.001,60,1.6e-05,99.996116
efficientnet_b0,onnxrt_cuda,475,Sigmoid:/features/features.2/features.2.0/block/block.2/scale_activation/Sigmoid_fence_after,onnxruntime,onnx_node,0.001,0.0,0.001,0.001,21,1.6e-05,99.996132
efficientnet_b0,onnxrt_cuda,476,Mul:/features/features.2/features.2.0/block/block.2/Mul_fence_after,onnxruntime,onnx_node,0.001,0.0,0.001,0.001,6,1.6e-05,99.996148
efficientnet_b0,onnxrt_cuda,477,Conv:/features/features.2/features.2.1/block/block.0/block.0.0/Conv_fence_before,onnxruntime,onnx_node,0.001,0.0,0.001,0.001,54,1.6e-05,99.996164
efficientnet_b0,onnxrt_cuda,478,Conv:/features/features.2/features.2.1/block/block.0/block.0.0/Conv_fence_after,onnxruntime,onnx_node,0.001,0.0,0.001,0.001,25,1.6e-05,99.996179
efficientnet_b0,onnxrt_cuda,479,Sigmoid:/features/features.2/features.2.1/block/block.0/block.0.2/Sigmoid_fence_after,onnxruntime,onnx_node,0.001,0.0,0.001,0.001,32,1.6e-05,99.996195
efficientnet_b0,onnxrt_cuda,480,Mul:/features/features.2/features.2.1/block/block.0/block.0.2/Mul_fence_before,onnxruntime,onnx_node,0.001,0.0,0.001,0.001,60,1.6e-05,99.996211
efficientnet_b0,onnxrt_cuda,481,GlobalAveragePool:/features/features.2/features.2.1/block/block.2/avgpool/GlobalAveragePool_fence_after,onnxruntime,onnx_node,0.001,0.0,0.001,0.001,37,1.6e-05,99.996226
efficientnet_b0,onnxrt_cuda,482,Conv:/features/features.2/features.2.1/block/block.2/fc1/Conv_fence_after,onnxruntime,onnx_node,0.001,0.0,0.001,0.001,28,1.6e-05,99.996242
efficientnet_b0,onnxrt_cuda,483,Mul:/features/features.2/features.2.1/block/block.2/activation/Mul_fence_before,onnxruntime,onnx_node,0.001,0.0,0.001,0.001,57,1.6e-05,99.996258
efficientnet_b0,onnxrt_cuda,484,Mul:/features/features.2/features.2.1/block/block.2/activation/Mul_fence_after,onnxruntime,onnx_node,0.001,0.0,0.001,0.001,5,1.6e-05,99.996274
efficientnet_b0,onnxrt_cuda,485,Conv:/features/features.2/features.2.1/block/block.2/fc2/Conv_fence_before,onnxruntime,onnx_node,0.001,0.0,0.001,0.001,60,1.6e-05,99.996289
efficientnet_b0,onnxrt_cuda,486,Conv:/features/features.2/features.2.1/block/block.2/fc2/Conv_fence_after,onnxruntime,onnx_node,0.001,0.0,0.001,0.001,23,1.6e-05,99.996305
efficientnet_b0,onnxrt_cuda,487,Sigmoid:/features/features.2/features.2.1/block/block.2/scale_activation/Sigmoid_fence_before,onnxruntime,onnx_node,0.001,0.0,0.001,0.001,57,1.6e-05,99.996321
efficientnet_b0,onnxrt_cuda,488,Sigmoid:/features/features.2/features.2.1/block/block.2/scale_activation/Sigmoid_fence_after,onnxruntime,onnx_node,0.001,0.0,0.001,0.001,29,1.6e-05,99.996336
efficientnet_b0,onnxrt_cuda,489,Mul:/features/features.2/features.2.1/block/block.2/Mul_fence_after,onnxruntime,onnx_node,0.001,0.0,0.001,0.001,15,1.6e-05,99.996352
efficientnet_b0,onnxrt_cuda,490,Add:/features/features.2/features.2.1/Add_fence_after,onnxruntime,onnx_node,0.001,0.0,0.001,0.001,26,1.6e-05,99.996368
efficientnet_b0,onnxrt_cuda,491,Conv:/features/features.3/features.3.0/block/block.0/block.0.0/Conv_fence_after,onnxruntime,onnx_node,0.001,0.0,0.001,0.001,42,1.6e-05,99.996384
efficientnet_b0,onnxrt_cuda,492,Sigmoid:/features/features.3/features.3.0/block/block.0/block.0.2/Sigmoid_fence_after,onnxruntime,onnx_node,0.001,0.0,0.001,0.001,15,1.6e-05,99.996399
efficientnet_b0,onnxrt_cuda,493,Mul:/features/features.3/features.3.0/block/block.0/block.0.2/Mul_fence_after,onnxruntime,onnx_node,0.001,0.0,0.001,0.001,9,1.6e-05,99.996415
efficientnet_b0,onnxrt_cuda,494,Mul:/features/features.3/features.3.0/block/block.1/block.1.2/Mul_fence_after,onnxruntime,onnx_node,0.001,0.0,0.001,0.001,8,1.6e-05,99.996431
efficientnet_b0,onnxrt_cuda,495,GlobalAveragePool:/features/features.3/features.3.0/block/block.2/avgpool/GlobalAveragePool_fence_after,onnxruntime,onnx_node,0.001,0.0,0.001,0.001,30,1.6e-05,99.996447
efficientnet_b0,onnxrt_cuda,496,Conv:/features/features.3/features.3.0/block/block.2/fc1/Conv_fence_after,onnxruntime,onnx_node,0.001,0.0,0.001,0.001,23,1.6e-05,99.996462
efficientnet_b0,onnxrt_cuda,497,Sigmoid:/features/features.3/features.3.0/block/block.2/activation/Sigmoid_fence_before,onnxruntime,onnx_node,0.001,0.0,0.001,0.001,60,1.6e-05,99.996478
efficientnet_b0,onnxrt_cuda,498,Sigmoid:/features/features.3/features.3.0/block/block.2/activation/Sigmoid_fence_after,onnxruntime,onnx_node,0.001,0.0,0.001,0.001,30,1.6e-05,99.996494
efficientnet_b0,onnxrt_cuda,499,Mul:/features/features.3/features.3.0/block/block.2/activation/Mul_fence_before,onnxruntime,onnx_node,0.001,0.0,0.001,0.001,60,1.6e-05,99.996509
efficientnet_b0,onnxrt_cuda,500,Mul:/features/features.3/features.3.0/block/block.2/activation/Mul_fence_after,onnxruntime,onnx_node,0.001,0.0,0.001,0.001,4,1.6e-05,99.996525
efficientnet_b0,onnxrt_cuda,501,Sigmoid:/features/features.3/features.3.0/block/block.2/scale_activation/Sigmoid_fence_after,onnxruntime,onnx_node,0.001,0.0,0.001,0.001,28,1.6e-05,99.996541
efficientnet_b0,onnxrt_cuda,502,Mul:/features/features.3/features.3.0/block/block.2/Mul_fence_before,onnxruntime,onnx_node,0.001,0.0,0.001,0.001,58,1.6e-05,99.996557
efficientnet_b0,onnxrt_cuda,503,Mul:/features/features.3/features.3.0/block/block.2/Mul_fence_after,onnxruntime,onnx_node,0.001,0.0,0.001,0.001,6,1.6e-05,99.996572
efficientnet_b0,onnxrt_cuda,504,Conv:/features/features.3/features.3.1/block/block.0/block.0.0/Conv_fence_after,onnxruntime,onnx_node,0.001,0.0,0.001,0.001,23,1.6e-05,99.996588
efficientnet_b0,onnxrt_cuda,505,Sigmoid:/features/features.3/features.3.1/block/block.0/block.0.2/Sigmoid_fence_before,onnxruntime,onnx_node,0.001,0.0,0.001,0.001,56,1.6e-05,99.996604
efficientnet_b0,onnxrt_cuda,506,Sigmoid:/features/features.3/features.3.1/block/block.0/block.0.2/Sigmoid_fence_after,onnxruntime,onnx_node,0.001,0.0,0.001,0.001,23,1.6e-05,99.99662
efficientnet_b0,onnxrt_cuda,507,Mul:/features/features.3/features.3.1/block/block.0/block.0.2/Mul_fence_after,onnxruntime,onnx_node,0.001,0.0,0.001,0.001,15,1.6e-05,99.996635
efficientnet_b0,onnxrt_cuda,508,Conv:/features/features.3/features.3.1/block/block.1/block.1.0/Conv_fence_before,onnxruntime,onnx_node,0.001,0.0,0.001,0.001,33,1.6e-05,99.996651
efficientnet_b0,onnxrt_cuda,509,Conv:/features/features.3/features.3.1/block/block.2/fc1/Conv_fence_before,onnxruntime,onnx_node,0.001,0.0,0.001,0.001,57,1.6e-05,99.996667
efficientnet_b0,onnxrt_cuda,510,Conv:/features/features.3/features.3.1/block/block.2/fc1/Conv_fence_after,onnxruntime,onnx_node,0.001,0.0,0.001,0.001,25,1.6e-05,99.996682
efficientnet_b0,onnxrt_cuda,511,Sigmoid:/features/features.3/features.3.1/block/block.2/activation/Sigmoid_fence_after,onnxruntime,onnx_node,0.001,0.0,0.001,0.001,29,1.6e-05,99.996698
efficientnet_b0,onnxrt_cuda,512,Mul:/features/features.3/features.3.1/block/block.2/activation/Mul_fence_after,onnxruntime,onnx_node,0.001,0.0,0.001,0.001,13,1.6e-05,99.996714
efficientnet_b0,onnxrt_cuda,513,Sigmoid:/features/features.3/features.3.1/block/block.2/scale_activation/Sigmoid_fence_after,onnxruntime,onnx_node,0.001,0.0,0.001,0.001,18,1.6e-05,99.99673
efficientnet_b0,onnxrt_cuda,514,Mul:/features/features.3/features.3.1/block/block.2/Mul_fence_after,onnxruntime,onnx_node,0.001,0.0,0.001,0.001,5,1.6e-05,99.996745
efficientnet_b0,onnxrt_cuda,515,Add:/features/features.3/features.3.1/Add_fence_after,onnxruntime,onnx_node,0.001,0.0,0.001,0.001,31,1.6e-05,99.996761
efficientnet_b0,onnxrt_cuda,516,Conv:/features/features.4/features.4.0/block/block.0/block.0.0/Conv_fence_before,onnxruntime,onnx_node,0.001,0.0,0.001,0.001,58,1.6e-05,99.996777
efficientnet_b0,onnxrt_cuda,517,Conv:/features/features.4/features.4.0/block/block.0/block.0.0/Conv_fence_after,onnxruntime,onnx_node,0.001,0.0,0.001,0.001,26,1.6e-05,99.996792
efficientnet_b0,onnxrt_cuda,518,Mul:/features/features.4/features.4.0/block/block.0/block.0.2/Mul_fence_after,onnxruntime,onnx_node,0.001,0.0,0.001,0.001,1,1.6e-05,99.996808
efficientnet_b0,onnxrt_cuda,519,Conv:/features/features.4/features.4.0/block/block.1/block.1.0/Conv_fence_after,onnxruntime,onnx_node,0.001,0.0,0.001,0.001,20,1.6e-05,99.996824
efficientnet_b0,onnxrt_cuda,520,Sigmoid:/features/features.4/features.4.0/block/block.1/block.1.2/Sigmoid_fence_before,onnxruntime,onnx_node,0.001,0.0,0.001,0.001,47,1.6e-05,99.99684
efficientnet_b0,onnxrt_cuda,521,Sigmoid:/features/features.4/features.4.0/block/block.1/block.1.2/Sigmoid_fence_after,onnxruntime,onnx_node,0.001,0.0,0.001,0.001,26,1.6e-05,99.996855
efficientnet_b0,onnxrt_cuda,522,Mul:/features/features.4/features.4.0/block/block.1/block.1.2/Mul_fence_before,onnxruntime,onnx_node,0.001,0.0,0.001,0.001,60,1.6e-05,99.996871
efficientnet_b0,onnxrt_cuda,523,Mul:/features/features.4/features.4.0/block/block.1/block.1.2/Mul_fence_after,onnxruntime,onnx_node,0.001,0.0,0.001,0.001,3,1.6e-05,99.996887
efficientnet_b0,onnxrt_cuda,524,GlobalAveragePool:/features/features.4/features.4.0/block/block.2/avgpool/GlobalAveragePool_fence_after,onnxruntime,onnx_node,0.001,0.0,0.001,0.001,28,1.6e-05,99.996903
efficientnet_b0,onnxrt_cuda,525,Conv:/features/features.4/features.4.0/block/block.2/fc1/Conv_fence_before,onnxruntime,onnx_node,0.001,0.0,0.001,0.001,59,1.6e-05,99.996918
efficientnet_b0,onnxrt_cuda,526,Conv:/features/features.4/features.4.0/block/block.2/fc1/Conv_fence_after,onnxruntime,onnx_node,0.001,0.0,0.001,0.001,35,1.6e-05,99.996934
efficientnet_b0,onnxrt_cuda,527,Sigmoid:/features/features.4/features.4.0/block/block.2/activation/Sigmoid_fence_after,onnxruntime,onnx_node,0.001,0.0,0.001,0.001,27,1.6e-05,99.99695
efficientnet_b0,onnxrt_cuda,528,Mul:/features/features.4/features.4.0/block/block.2/activation/Mul_fence_after,onnxruntime,onnx_node,0.001,0.0,0.001,0.001,6,1.6e-05,99.996965
efficientnet_b0,onnxrt_cuda,529,Conv:/features/features.4/features.4.0/block/block.2/fc2/Conv_fence_before,onnxruntime,onnx_node,0.001,0.0,0.001,0.001,56,1.6e-05,99.996981
efficientnet_b0,onnxrt_cuda,530,Sigmoid:/features/features.4/features.4.0/block/block.2/scale_activation/Sigmoid_fence_after,onnxruntime,onnx_node,0.001,0.0,0.001,0.001,16,1.6e-05,99.996997
efficientnet_b0,onnxrt_cuda,531,Mul:/features/features.4/features.4.0/block/block.2/Mul_fence_after,onnxruntime,onnx_node,0.001,0.0,0.001,0.001,8,1.6e-05,99.997013
efficientnet_b0,onnxrt_cuda,532,Conv:/features/features.4/features.4.0/block/block.3/block.3.0/Conv_fence_after,onnxruntime,onnx_node,0.001,0.0,0.001,0.001,38,1.6e-05,99.997028
efficientnet_b0,onnxrt_cuda,533,Conv:/features/features.4/features.4.1/block/block.0/block.0.0/Conv_fence_before,onnxruntime,onnx_node,0.001,0.0,0.001,0.001,55,1.6e-05,99.997044
efficientnet_b0,onnxrt_cuda,534,Sigmoid:/features/features.4/features.4.1/block/block.0/block.0.2/Sigmoid_fence_after,onnxruntime,onnx_node,0.001,0.0,0.001,0.001,26,1.6e-05,99.99706
efficientnet_b0,onnxrt_cuda,535,Mul:/features/features.4/features.4.1/block/block.0/block.0.2/Mul_fence_after,onnxruntime,onnx_node,0.001,0.0,0.001,0.001,7,1.6e-05,99.997075
efficientnet_b0,onnxrt_cuda,536,Conv:/features/features.4/features.4.1/block/block.1/block.1.0/Conv_fence_after,onnxruntime,onnx_node,0.001,0.0,0.001,0.001,31,1.6e-05,99.997091
efficientnet_b0,onnxrt_cuda,537,Sigmoid:/features/features.4/features.4.1/block/block.1/block.1.2/Sigmoid_fence_after,onnxruntime,onnx_node,0.001,0.0,0.001,0.001,36,1.6e-05,99.997107
efficientnet_b0,onnxrt_cuda,538,Mul:/features/features.4/features.4.1/block/block.1/block.1.2/Mul_fence_before,onnxruntime,onnx_node,0.001,0.0,0.001,0.001,55,1.6e-05,99.997123
efficientnet_b0,onnxrt_cuda,539,Mul:/features/features.4/features.4.1/block/block.1/block.1.2/Mul_fence_after,onnxruntime,onnx_node,0.001,0.0,0.001,0.001,9,1.6e-05,99.997138
efficientnet_b0,onnxrt_cuda,540,Conv:/features/features.4/features.4.1/block/block.2/fc1/Conv_fence_after,onnxruntime,onnx_node,0.001,0.0,0.001,0.001,37,1.6e-05,99.997154
efficientnet_b0,onnxrt_cuda,541,Sigmoid:/features/features.4/features.4.1/block/block.2/activation/Sigmoid_fence_after,onnxruntime,onnx_node,0.001,0.0,0.001,0.001,31,1.6e-05,99.99717
efficientnet_b0,onnxrt_cuda,542,Mul:/features/features.4/features.4.1/block/block.2/activation/Mul_fence_after,onnxruntime,onnx_node,0.001,0.0,0.001,0.001,8,1.6e-05,99.997186
efficientnet_b0,onnxrt_cuda,543,Conv:/features/features.4/features.4.1/block/block.2/fc2/Conv_fence_before,onnxruntime,onnx_node,0.001,0.0,0.001,0.001,50,1.6e-05,99.997201
efficientnet_b0,onnxrt_cuda,544,Conv:/features/features.4/features.4.1/block/block.2/fc2/Conv_fence_after,onnxruntime,onnx_node,0.001,0.0,0.001,0.001,40,1.6e-05,99.997217
efficientnet_b0,onnxrt_cuda,545,Sigmoid:/features/features.4/features.4.1/block/block.2/scale_activation/Sigmoid_fence_after,onnxruntime,onnx_node,0.001,0.0,0.001,0.001,24,1.6e-05,99.997233
efficientnet_b0,onnxrt_cuda,546,Mul:/features/features.4/features.4.1/block/block.2/Mul_fence_after,onnxruntime,onnx_node,0.001,0.0,0.001,0.001,9,1.6e-05,99.997248
efficientnet_b0,onnxrt_cuda,547,Add:/features/features.4/features.4.1/Add_fence_before,onnxruntime,onnx_node,0.001,0.0,0.001,0.001,58,1.6e-05,99.997264
efficientnet_b0,onnxrt_cuda,548,Add:/features/features.4/features.4.1/Add_fence_after,onnxruntime,onnx_node,0.001,0.0,0.001,0.001,21,1.6e-05,99.99728
efficientnet_b0,onnxrt_cuda,549,Conv:/features/features.4/features.4.2/block/block.0/block.0.0/Conv_fence_after,onnxruntime,onnx_node,0.001,0.0,0.001,0.001,23,1.6e-05,99.997296
efficientnet_b0,onnxrt_cuda,550,Sigmoid:/features/features.4/features.4.2/block/block.0/block.0.2/Sigmoid_fence_before,onnxruntime,onnx_node,0.001,0.0,0.001,0.001,57,1.6e-05,99.997311
efficientnet_b0,onnxrt_cuda,551,Mul:/features/features.4/features.4.2/block/block.0/block.0.2/Mul_fence_before,onnxruntime,onnx_node,0.001,0.0,0.001,0.001,60,1.6e-05,99.997327
efficientnet_b0,onnxrt_cuda,552,Sigmoid:/features/features.4/features.4.2/block/block.1/block.1.2/Sigmoid_fence_before,onnxruntime,onnx_node,0.001,0.0,0.001,0.001,55,1.6e-05,99.997343
efficientnet_b0,onnxrt_cuda,553,Sigmoid:/features/features.4/features.4.2/block/block.1/block.1.2/Sigmoid_fence_after,onnxruntime,onnx_node,0.001,0.0,0.001,0.001,36,1.6e-05,99.997359
efficientnet_b0,onnxrt_cuda,554,Mul:/features/features.4/features.4.2/block/block.1/block.1.2/Mul_fence_after,onnxruntime,onnx_node,0.001,0.0,0.001,0.001,13,1.6e-05,99.997374
efficientnet_b0,onnxrt_cuda,555,GlobalAveragePool:/features/features.4/features.4.2/block/block.2/avgpool/GlobalAveragePool_fence_after,onnxruntime,onnx_node,0.001,0.0,0.001,0.001,40,1.6e-05,99.99739
efficientnet_b0,onnxrt_cuda,556,Mul:/features/features.4/features.4.2/block/block.2/activation/Mul_fence_before,onnxruntime,onnx_node,0.001,0.0,0.001,0.001,58,1.6e-05,99.997406
efficientnet_b0,onnxrt_cuda,557,Conv:/features/features.4/features.4.2/block/block.2/fc2/Conv_fence_before,onnxruntime,onnx_node,0.001,0.0,0.001,0.001,59,1.6e-05,99.997421
efficientnet_b0,onnxrt_cuda,558,Conv:/features/features.4/features.4.2/block/block.2/fc2/Conv_fence_after,onnxruntime,onnx_node,0.001,0.0,0.001,0.001,46,1.6e-05,99.997437
efficientnet_b0,onnxrt_cuda,559,Sigmoid:/features/features.4/features.4.2/block/block.2/scale_activation/Sigmoid_fence_after,onnxruntime,onnx_node,0.001,0.0,0.001,0.001,27,1.6e-05,99.997453
efficientnet_b0,onnxrt_cuda,560,Add:/features/features.4/features.4.2/Add_fence_before,onnxruntime,onnx_node,0.001,0.0,0.001,0.001,58,1.6e-05,99.997469
efficientnet_b0,onnxrt_cuda,561,Conv:/features/features.5/features.5.0/block/block.0/block.0.0/Conv_fence_after,onnxruntime,onnx_node,0.001,0.0,0.001,0.001,28,1.6e-05,99.997484
efficientnet_b0,onnxrt_cuda,562,Sigmoid:/features/features.5/features.5.0/block/block.0/block.0.2/Sigmoid_fence_before,onnxruntime,onnx_node,0.001,0.0,0.001,0.001,57,1.6e-05,99.9975
efficientnet_b0,onnxrt_cuda,563,Sigmoid:/features/features.5/features.5.0/block/block.0/block.0.2/Sigmoid_fence_after,onnxruntime,onnx_node,0.001,0.0,0.001,0.001,25,1.6e-05,99.997516
efficientnet_b0,onnxrt_cuda,564,Conv:/features/features.5/features.5.0/block/block.1/block.1.0/Conv_fence_before,onnxruntime,onnx_node,0.001,0.0,0.001,0.001,52,1.6e-05,99.997531
efficientnet_b0,onnxrt_cuda,565,Sigmoid:/features/features.5/features.5.0/block/block.1/block.1.2/Sigmoid_fence_after,onnxruntime,onnx_node,0.001,0.0,0.001,0.001,39,1.6e-05,99.997547
efficientnet_b0,onnxrt_cuda,566,Mul:/features/features.5/features.5.0/block/block.1/block.1.2/Mul_fence_after,onnxruntime,onnx_node,0.001,0.0,0.001,0.001,12,1.6e-05,99.997563
efficientnet_b0,onnxrt_cuda,567,Conv:/features/features.5/features.5.0/block/block.2/fc1/Conv_fence_before,onnxruntime,onnx_node,0.001,0.0,0.001,0.001,58,1.6e-05,99.997579
efficientnet_b0,onnxrt_cuda,568,Sigmoid:/features/features.5/features.5.0/block/block.2/activation/Sigmoid_fence_after,onnxruntime,onnx_node,0.001,0.0,0.001,0.001,23,1.6e-05,99.997594
efficientnet_b0,onnxrt_cuda,569,Mul:/features/features.5/features.5.0/block/block.2/activation/Mul_fence_before,onnxruntime,onnx_node,0.001,0.0,0.001,0.001,59,1.6e-05,99.99761
efficientnet_b0,onnxrt_cuda,570,Mul:/features/features.5/features.5.0/block/block.2/activation/Mul_fence_after,onnxruntime,onnx_node,0.001,0.0,0.001,0.001,5,1.6e-05,99.997626
efficientnet_b0,onnxrt_cuda,571,Conv:/features/features.5/features.5.0/block/block.2/fc2/Conv_fence_before,onnxruntime,onnx_node,0.001,0.0,0.001,0.001,57,1.6e-05,99.997642
efficientnet_b0,onnxrt_cuda,572,Conv:/features/features.5/features.5.0/block/block.2/fc2/Conv_fence_after,onnxruntime,onnx_node,0.001,0.0,0.001,0.001,41,1.6e-05,99.997657
efficientnet_b0,onnxrt_cuda,573,Sigmoid:/features/features.5/features.5.0/block/block.2/scale_activation/Sigmoid_fence_before,onnxruntime,onnx_node,0.001,0.0,0.001,0.001,59,1.6e-05,99.997673
efficientnet_b0,onnxrt_cuda,574,Conv:/features/features.5/features.5.0/block/block.3/block.3.0/Conv_fence_after,onnxruntime,onnx_node,0.001,0.0,0.001,0.001,39,1.6e-05,99.997689
efficientnet_b0,onnxrt_cuda,575,Conv:/features/features.5/features.5.1/block/block.0/block.0.0/Conv_fence_before,onnxruntime,onnx_node,0.001,0.0,0.001,0.001,60,1.6e-05,99.997704
efficientnet_b0,onnxrt_cuda,576,Conv:/features/features.5/features.5.1/block/block.0/block.0.0/Conv_fence_after,onnxruntime,onnx_node,0.001,0.0,0.001,0.001,26,1.6e-05,99.99772
efficientnet_b0,onnxrt_cuda,577,Sigmoid:/features/features.5/features.5.1/block/block.0/block.0.2/Sigmoid_fence_after,onnxruntime,onnx_node,0.001,0.0,0.001,0.001,20,1.6e-05,99.997736
efficientnet_b0,onnxrt_cuda,578,Mul:/features/features.5/features.5.1/block/block.0/block.0.2/Mul_fence_before,onnxruntime,onnx_node,0.001,0.0,0.001,0.001,59,1.6e-05,99.997752
efficientnet_b0,onnxrt_cuda,579,Conv:/features/features.5/features.5.1/block/block.1/block.1.0/Conv_fence_before,onnxruntime,onnx_node,0.001,0.0,0.001,0.001,51,1.6e-05,99.997767
efficientnet_b0,onnxrt_cuda,580,Conv:/features/features.5/features.5.1/block/block.1/block.1.0/Conv_fence_after,onnxruntime,onnx_node,0.001,0.0,0.001,0.001,20,1.6e-05,99.997783
efficientnet_b0,onnxrt_cuda,581,Sigmoid:/features/features.5/features.5.1/block/block.1/block.1.2/Sigmoid_fence_before,onnxruntime,onnx_node,0.001,0.0,0.001,0.001,50,1.6e-05,99.997799
efficientnet_b0,onnxrt_cuda,582,Mul:/features/features.5/features.5.1/block/block.1/block.1.2/Mul_fence_after,onnxruntime,onnx_node,0.001,0.0,0.001,0.001,10,1.6e-05,99.997814
efficientnet_b0,onnxrt_cuda,583,GlobalAveragePool:/features/features.5/features.5.1/block/block.2/avgpool/GlobalAveragePool_fence_after,onnxruntime,onnx_node,0.001,0.0,0.001,0.001,34,1.6e-05,99.99783
efficientnet_b0,onnxrt_cuda,584,Conv:/features/features.5/features.5.1/block/block.2/fc1/Conv_fence_after,onnxruntime,onnx_node,0.001,0.0,0.001,0.001,32,1.6e-05,99.997846
efficientnet_b0,onnxrt_cuda,585,Sigmoid:/features/features.5/features.5.1/block/block.2/activation/Sigmoid_fence_after,onnxruntime,onnx_node,0.001,0.0,0.001,0.001,29,1.6e-05,99.997862
efficientnet_b0,onnxrt_cuda,586,Mul:/features/features.5/features.5.1/block/block.2/activation/Mul_fence_after,onnxruntime,onnx_node,0.001,0.0,0.001,0.001,7,1.6e-05,99.997877
efficientnet_b0,onnxrt_cuda,587,Conv:/features/features.5/features.5.1/block/block.2/fc2/Conv_fence_before,onnxruntime,onnx_node,0.001,0.0,0.001,0.001,47,1.6e-05,99.997893
efficientnet_b0,onnxrt_cuda,588,Conv:/features/features.5/features.5.1/block/block.2/fc2/Conv_fence_after,onnxruntime,onnx_node,0.001,0.0,0.001,0.001,48,1.6e-05,99.997909
efficientnet_b0,onnxrt_cuda,589,Sigmoid:/features/features.5/features.5.1/block/block.2/scale_activation/Sigmoid_fence_before,onnxruntime,onnx_node,0.001,0.0,0.001,0.001,59,1.6e-05,99.997925
efficientnet_b0,onnxrt_cuda,590,Sigmoid:/features/features.5/features.5.1/block/block.2/scale_activation/Sigmoid_fence_after,onnxruntime,onnx_node,0.001,0.0,0.001,0.001,29,1.6e-05,99.99794
efficientnet_b0,onnxrt_cuda,591,Mul:/features/features.5/features.5.1/block/block.2/Mul_fence_after,onnxruntime,onnx_node,0.001,0.0,0.001,0.001,5,1.6e-05,99.997956
efficientnet_b0,onnxrt_cuda,592,Conv:/features/features.5/features.5.1/block/block.3/block.3.0/Conv_fence_after,onnxruntime,onnx_node,0.001,0.0,0.001,0.001,48,1.6e-05,99.997972
efficientnet_b0,onnxrt_cuda,593,Add:/features/features.5/features.5.1/Add_fence_after,onnxruntime,onnx_node,0.001,0.0,0.001,0.001,30,1.6e-05,99.997987
efficientnet_b0,onnxrt_cuda,594,Sigmoid:/features/features.5/features.5.2/block/block.0/block.0.2/Sigmoid_fence_before,onnxruntime,onnx_node,0.001,0.0,0.001,0.001,57,1.6e-05,99.998003
efficientnet_b0,onnxrt_cuda,595,Mul:/features/features.5/features.5.2/block/block.0/block.0.2/Mul_fence_before,onnxruntime,onnx_node,0.001,0.0,0.001,0.001,59,1.6e-05,99.998019
efficientnet_b0,onnxrt_cuda,596,Mul:/features/features.5/features.5.2/block/block.0/block.0.2/Mul_fence_after,onnxruntime,onnx_node,0.001,0.0,0.001,0.001,14,1.6e-05,99.998035
efficientnet_b0,onnxrt_cuda,597,Conv:/features/features.5/features.5.2/block/block.1/block.1.0/Conv_fence_before,onnxruntime,onnx_node,0.001,0.0,0.001,0.001,38,1.6e-05,99.99805
efficientnet_b0,onnxrt_cuda,598,Sigmoid:/features/features.5/features.5.2/block/block.1/block.1.2/Sigmoid_fence_after,onnxruntime,onnx_node,0.001,0.0,0.001,0.001,28,1.6e-05,99.998066
efficientnet_b0,onnxrt_cuda,599,Mul:/features/features.5/features.5.2/block/block.1/block.1.2/Mul_fence_after,onnxruntime,onnx_node,0.001,0.0,0.001,0.001,9,1.6e-05,99.998082
efficientnet_b0,onnxrt_cuda,600,GlobalAveragePool:/features/features.5/features.5.2/block/block.2/avgpool/GlobalAveragePool_fence_after,onnxruntime,onnx_node,0.001,0.0,0.001,0.001,31,1.6e-05,99.998097
efficientnet_b0,onnxrt_cuda,601,Sigmoid:/features/features.5/features.5.2/block/block.2/activation/Sigmoid_fence_before,onnxruntime,onnx_node,0.001,0.0,0.001,0.001,60,1.6e-05,99.998113
efficientnet_b0,onnxrt_cuda,602,Sigmoid:/features/features.5/features.5.2/block/block.2/activation/Sigmoid_fence_after,onnxruntime,onnx_node,0.001,0.0,0.001,0.001,25,1.6e-05,99.998129
efficientnet_b0,onnxrt_cuda,603,Mul:/features/features.5/features.5.2/block/block.2/activation/Mul_fence_before,onnxruntime,onnx_node,0.001,0.0,0.001,0.001,56,1.6e-05,99.998145
efficientnet_b0,onnxrt_cuda,604,Mul:/features/features.5/features.5.2/block/block.2/activation/Mul_fence_after,onnxruntime,onnx_node,0.001,0.0,0.001,0.001,8,1.6e-05,99.99816
efficientnet_b0,onnxrt_cuda,605,Conv:/features/features.5/features.5.2/block/block.2/fc2/Conv_fence_before,onnxruntime,onnx_node,0.001,0.0,0.001,0.001,58,1.6e-05,99.998176
efficientnet_b0,onnxrt_cuda,606,Sigmoid:/features/features.5/features.5.2/block/block.2/scale_activation/Sigmoid_fence_after,onnxruntime,onnx_node,0.001,0.0,0.001,0.001,24,1.6e-05,99.998192
efficientnet_b0,onnxrt_cuda,607,Mul:/features/features.5/features.5.2/block/block.2/Mul_fence_after,onnxruntime,onnx_node,0.001,0.0,0.001,0.001,4,1.6e-05,99.998208
efficientnet_b0,onnxrt_cuda,608,Conv:/features/features.5/features.5.2/block/block.3/block.3.0/Conv_fence_after,onnxruntime,onnx_node,0.001,0.0,0.001,0.001,45,1.6e-05,99.998223
efficientnet_b0,onnxrt_cuda,609,Add:/features/features.5/features.5.2/Add_fence_after,onnxruntime,onnx_node,0.001,0.0,0.001,0.001,22,1.6e-05,99.998239
efficientnet_b0,onnxrt_cuda,610,Conv:/features/features.6/features.6.0/block/block.0/block.0.0/Conv_fence_after,onnxruntime,onnx_node,0.001,0.0,0.001,0.001,30,1.6e-05,99.998255
efficientnet_b0,onnxrt_cuda,611,Sigmoid:/features/features.6/features.6.0/block/block.0/block.0.2/Sigmoid_fence_before,onnxruntime,onnx_node,0.001,0.0,0.001,0.001,56,1.6e-05,99.99827
efficientnet_b0,onnxrt_cuda,612,Sigmoid:/features/features.6/features.6.0/block/block.0/block.0.2/Sigmoid_fence_after,onnxruntime,onnx_node,0.001,0.0,0.001,0.001,18,1.6e-05,99.998286
efficientnet_b0,onnxrt_cuda,613,Mul:/features/features.6/features.6.0/block/block.0/block.0.2/Mul_fence_before,onnxruntime,onnx_node,0.001,0.0,0.001,0.001,57,1.6e-05,99.998302
efficientnet_b0,onnxrt_cuda,614,Conv:/features/features.6/features.6.0/block/block.1/block.1.0/Conv_fence_before,onnxruntime,onnx_node,0.001,0.0,0.001,0.001,51,1.6e-05,99.998318
efficientnet_b0,onnxrt_cuda,615,Sigmoid:/features/features.6/features.6.0/block/block.2/activation/Sigmoid_fence_after,onnxruntime,onnx_node,0.001,0.0,0.001,0.001,25,1.6e-05,99.998333
efficientnet_b0,onnxrt_cuda,616,Mul:/features/features.6/features.6.0/block/block.2/activation/Mul_fence_before,onnxruntime,onnx_node,0.001,0.0,0.001,0.001,58,1.6e-05,99.998349
efficientnet_b0,onnxrt_cuda,617,Mul:/features/features.6/features.6.0/block/block.2/activation/Mul_fence_after,onnxruntime,onnx_node,0.001,0.0,0.001,0.001,9,1.6e-05,99.998365
efficientnet_b0,onnxrt_cuda,618,Conv:/features/features.6/features.6.0/block/block.2/fc2/Conv_fence_before,onnxruntime,onnx_node,0.001,0.0,0.001,0.001,55,1.6e-05,99.998381
efficientnet_b0,onnxrt_cuda,619,Conv:/features/features.6/features.6.0/block/block.2/fc2/Conv_fence_after,onnxruntime,onnx_node,0.001,0.0,0.001,0.001,35,1.6e-05,99.998396
efficientnet_b0,onnxrt_cuda,620,Sigmoid:/features/features.6/features.6.0/block/block.2/scale_activation/Sigmoid_fence_after,onnxruntime,onnx_node,0.001,0.0,0.001,0.001,27,1.6e-05,99.998412
efficientnet_b0,onnxrt_cuda,621,Mul:/features/features.6/features.6.0/block/block.2/Mul_fence_before,onnxruntime,onnx_node,0.001,0.0,0.001,0.001,60,1.6e-05,99.998428
efficientnet_b0,onnxrt_cuda,622,Conv:/features/features.6/features.6.1/block/block.0/block.0.0/Conv_fence_before,onnxruntime,onnx_node,0.001,0.0,0.001,0.001,43,1.6e-05,99.998443
efficientnet_b0,onnxrt_cuda,623,Sigmoid:/features/features.6/features.6.1/block/block.0/block.0.2/Sigmoid_fence_after,onnxruntime,onnx_node,0.001,0.0,0.001,0.001,23,1.6e-05,99.998459
efficientnet_b0,onnxrt_cuda,624,Mul:/features/features.6/features.6.1/block/block.0/block.0.2/Mul_fence_before,onnxruntime,onnx_node,0.001,0.0,0.001,0.001,60,1.6e-05,99.998475
efficientnet_b0,onnxrt_cuda,625,Mul:/features/features.6/features.6.1/block/block.0/block.0.2/Mul_fence_after,onnxruntime,onnx_node,0.001,0.0,0.001,0.001,10,1.6e-05,99.998491
efficientnet_b0,onnxrt_cuda,626,Conv:/features/features.6/features.6.1/block/block.1/block.1.0/Conv_fence_before,onnxruntime,onnx_node,0.001,0.0,0.001,0.001,41,1.6e-05,99.998506
efficientnet_b0,onnxrt_cuda,627,Sigmoid:/features/features.6/features.6.1/block/block.1/block.1.2/Sigmoid_fence_before,onnxruntime,onnx_node,0.001,0.0,0.001,0.001,56,1.6e-05,99.998522
efficientnet_b0,onnxrt_cuda,628,Mul:/features/features.6/features.6.1/block/block.1/block.1.2/Mul_fence_after,onnxruntime,onnx_node,0.001,0.0,0.001,0.001,8,1.6e-05,99.998538
efficientnet_b0,onnxrt_cuda,629,Conv:/features/features.6/features.6.1/block/block.2/fc1/Conv_fence_after,onnxruntime,onnx_node,0.001,0.0,0.001,0.001,41,1.6e-05,99.998553
efficientnet_b0,onnxrt_cuda,630,Sigmoid:/features/features.6/features.6.1/block/block.2/activation/Sigmoid_fence_after,onnxruntime,onnx_node,0.001,0.0,0.001,0.001,26,1.6e-05,99.998569
efficientnet_b0,onnxrt_cuda,631,Mul:/features/features.6/features.6.1/block/block.2/activation/Mul_fence_before,onnxruntime,onnx_node,0.001,0.0,0.001,0.001,55,1.6e-05,99.998585
efficientnet_b0,onnxrt_cuda,632,Mul:/features/features.6/features.6.1/block/block.2/activation/Mul_fence_after,onnxruntime,onnx_node,0.001,0.0,0.001,0.001,8,1.6e-05,99.998601
efficientnet_b0,onnxrt_cuda,633,Conv:/features/features.6/features.6.1/block/block.2/fc2/Conv_fence_before,onnxruntime,onnx_node,0.001,0.0,0.001,0.001,57,1.6e-05,99.998616
efficientnet_b0,onnxrt_cuda,634,Conv:/features/features.6/features.6.1/block/block.2/fc2/Conv_fence_after,onnxruntime,onnx_node,0.001,0.0,0.001,0.001,33,1.6e-05,99.998632
efficientnet_b0,onnxrt_cuda,635,Sigmoid:/features/features.6/features.6.1/block/block.2/scale_activation/Sigmoid_fence_before,onnxruntime,onnx_node,0.001,0.0,0.001,0.001,60,1.6e-05,99.998648
efficientnet_b0,onnxrt_cuda,636,Mul:/features/features.6/features.6.1/block/block.2/Mul_fence_before,onnxruntime,onnx_node,0.001,0.0,0.001,0.001,60,1.6e-05,99.998664
efficientnet_b0,onnxrt_cuda,637,Conv:/features/features.6/features.6.1/block/block.3/block.3.0/Conv_fence_after,onnxruntime,onnx_node,0.001,0.0,0.001,0.001,42,1.6e-05,99.998679
efficientnet_b0,onnxrt_cuda,638,Add:/features/features.6/features.6.1/Add_fence_before,onnxruntime,onnx_node,0.001,0.0,0.001,0.001,60,1.6e-05,99.998695
efficientnet_b0,onnxrt_cuda,639,Add:/features/features.6/features.6.1/Add_fence_after,onnxruntime,onnx_node,0.001,0.0,0.001,0.001,30,1.6e-05,99.998711
efficientnet_b0,onnxrt_cuda,640,Conv:/features/features.6/features.6.2/block/block.0/block.0.0/Conv_fence_after,onnxruntime,onnx_node,0.001,0.0,0.001,0.001,37,1.6e-05,99.998726
efficientnet_b0,onnxrt_cuda,641,Sigmoid:/features/features.6/features.6.2/block/block.0/block.0.2/Sigmoid_fence_before,onnxruntime,onnx_node,0.001,0.0,0.001,0.001,60,1.6e-05,99.998742
efficientnet_b0,onnxrt_cuda,642,Sigmoid:/features/features.6/features.6.2/block/block.0/block.0.2/Sigmoid_fence_after,onnxruntime,onnx_node,0.001,0.0,0.001,0.001,21,1.6e-05,99.998758
efficientnet_b0,onnxrt_cuda,643,Mul:/features/features.6/features.6.2/block/block.0/block.0.2/Mul_fence_before,onnxruntime,onnx_node,0.001,0.0,0.001,0.001,59,1.6e-05,99.998774
efficientnet_b0,onnxrt_cuda,644,Sigmoid:/features/features.6/features.6.2/block/block.1/block.1.2/Sigmoid_fence_before,onnxruntime,onnx_node,0.001,0.0,0.001,0.001,56,1.6e-05,99.998789
efficientnet_b0,onnxrt_cuda,645,Mul:/features/features.6/features.6.2/block/block.1/block.1.2/Mul_fence_after,onnxruntime,onnx_node,0.001,0.0,0.001,0.001,19,1.6e-05,99.998805
efficientnet_b0,onnxrt_cuda,646,GlobalAveragePool:/features/features.6/features.6.2/block/block.2/avgpool/GlobalAveragePool_fence_after,onnxruntime,onnx_node,0.001,0.0,0.001,0.001,32,1.6e-05,99.998821
efficientnet_b0,onnxrt_cuda,647,Conv:/features/features.6/features.6.2/block/block.2/fc1/Conv_fence_after,onnxruntime,onnx_node,0.001,0.0,0.001,0.001,37,1.6e-05,99.998836
efficientnet_b0,onnxrt_cuda,648,Sigmoid:/features/features.6/features.6.2/block/block.2/activation/Sigmoid_fence_before,onnxruntime,onnx_node,0.001,0.0,0.001,0.001,60,1.6e-05,99.998852
efficientnet_b0,onnxrt_cuda,649,Sigmoid:/features/features.6/features.6.2/block/block.2/activation/Sigmoid_fence_after,onnxruntime,onnx_node,0.001,0.0,0.001,0.001,33,1.6e-05,99.998868
efficientnet_b0,onnxrt_cuda,650,Conv:/features/features.6/features.6.2/block/block.2/fc2/Conv_fence_before,onnxruntime,onnx_node,0.001,0.0,0.001,0.001,60,1.6e-05,99.998884
efficientnet_b0,onnxrt_cuda,651,Conv:/features/features.6/features.6.2/block/block.2/fc2/Conv_fence_after,onnxruntime,onnx_node,0.001,0.0,0.001,0.001,30,1.6e-05,99.998899
efficientnet_b0,onnxrt_cuda,652,Sigmoid:/features/features.6/features.6.2/block/block.2/scale_activation/Sigmoid_fence_after,onnxruntime,onnx_node,0.001,0.0,0.001,0.001,21,1.6e-05,99.998915
efficientnet_b0,onnxrt_cuda,653,Mul:/features/features.6/features.6.2/block/block.2/Mul_fence_before,onnxruntime,onnx_node,0.001,0.0,0.001,0.001,60,1.6e-05,99.998931
efficientnet_b0,onnxrt_cuda,654,Conv:/features/features.6/features.6.2/block/block.3/block.3.0/Conv_fence_after,onnxruntime,onnx_node,0.001,0.0,0.001,0.001,49,1.6e-05,99.998947
efficientnet_b0,onnxrt_cuda,655,Conv:/features/features.6/features.6.3/block/block.0/block.0.0/Conv_fence_after,onnxruntime,onnx_node,0.001,0.0,0.001,0.001,40,1.6e-05,99.998962
efficientnet_b0,onnxrt_cuda,656,Sigmoid:/features/features.6/features.6.3/block/block.0/block.0.2/Sigmoid_fence_before,onnxruntime,onnx_node,0.001,0.0,0.001,0.001,55,1.6e-05,99.998978
efficientnet_b0,onnxrt_cuda,657,Sigmoid:/features/features.6/features.6.3/block/block.0/block.0.2/Sigmoid_fence_after,onnxruntime,onnx_node,0.001,0.0,0.001,0.001,24,1.6e-05,99.998994
efficientnet_b0,onnxrt_cuda,658,Mul:/features/features.6/features.6.3/block/block.0/block.0.2/Mul_fence_before,onnxruntime,onnx_node,0.001,0.0,0.001,0.001,59,1.6e-05,99.999009
efficientnet_b0,onnxrt_cuda,659,Sigmoid:/features/features.6/features.6.3/block/block.1/block.1.2/Sigmoid_fence_before,onnxruntime,onnx_node,0.001,0.0,0.001,0.001,58,1.6e-05,99.999025
efficientnet_b0,onnxrt_cuda,660,Sigmoid:/features/features.6/features.6.3/block/block.1/block.1.2/Sigmoid_fence_after,onnxruntime,onnx_node,0.001,0.0,0.001,0.001,41,1.6e-05,99.999041
efficientnet_b0,onnxrt_cuda,661,GlobalAveragePool:/features/features.6/features.6.3/block/block.2/avgpool/GlobalAveragePool_fence_after,onnxruntime,onnx_node,0.001,0.0,0.001,0.001,33,1.6e-05,99.999057
efficientnet_b0,onnxrt_cuda,662,Conv:/features/features.6/features.6.3/block/block.2/fc1/Conv_fence_after,onnxruntime,onnx_node,0.001,0.0,0.001,0.001,48,1.6e-05,99.999072
efficientnet_b0,onnxrt_cuda,663,Sigmoid:/features/features.6/features.6.3/block/block.2/activation/Sigmoid_fence_before,onnxruntime,onnx_node,0.001,0.0,0.001,0.001,60,1.6e-05,99.999088
efficientnet_b0,onnxrt_cuda,664,Conv:/features/features.6/features.6.3/block/block.2/fc2/Conv_fence_before,onnxruntime,onnx_node,0.001,0.0,0.001,0.001,60,1.6e-05,99.999104
efficientnet_b0,onnxrt_cuda,665,Sigmoid:/features/features.6/features.6.3/block/block.2/scale_activation/Sigmoid_fence_before,onnxruntime,onnx_node,0.001,0.0,0.001,0.001,59,1.6e-05,99.99912
efficientnet_b0,onnxrt_cuda,666,Sigmoid:/features/features.6/features.6.3/block/block.2/scale_activation/Sigmoid_fence_after,onnxruntime,onnx_node,0.001,0.0,0.001,0.001,25,1.6e-05,99.999135
efficientnet_b0,onnxrt_cuda,667,Conv:/features/features.6/features.6.3/block/block.3/block.3.0/Conv_fence_before,onnxruntime,onnx_node,0.001,0.0,0.001,0.001,60,1.6e-05,99.999151
efficientnet_b0,onnxrt_cuda,668,Conv:/features/features.6/features.6.3/block/block.3/block.3.0/Conv_fence_after,onnxruntime,onnx_node,0.001,0.0,0.001,0.001,48,1.6e-05,99.999167
efficientnet_b0,onnxrt_cuda,669,Add:/features/features.6/features.6.3/Add_fence_before,onnxruntime,onnx_node,0.001,0.0,0.001,0.001,59,1.6e-05,99.999182
efficientnet_b0,onnxrt_cuda,670,Add:/features/features.6/features.6.3/Add_fence_after,onnxruntime,onnx_node,0.001,0.0,0.001,0.001,28,1.6e-05,99.999198
efficientnet_b0,onnxrt_cuda,671,Conv:/features/features.7/features.7.0/block/block.0/block.0.0/Conv_fence_before,onnxruntime,onnx_node,0.001,0.0,0.001,0.001,55,1.6e-05,99.999214
efficientnet_b0,onnxrt_cuda,672,Conv:/features/features.7/features.7.0/block/block.0/block.0.0/Conv_fence_after,onnxruntime,onnx_node,0.001,0.0,0.001,0.001,38,1.6e-05,99.99923
efficientnet_b0,onnxrt_cuda,673,Mul:/features/features.7/features.7.0/block/block.0/block.0.2/Mul_fence_before,onnxruntime,onnx_node,0.001,0.0,0.001,0.001,55,1.6e-05,99.999245
efficientnet_b0,onnxrt_cuda,674,Conv:/features/features.7/features.7.0/block/block.1/block.1.0/Conv_fence_before,onnxruntime,onnx_node,0.001,0.0,0.001,0.001,59,1.6e-05,99.999261
efficientnet_b0,onnxrt_cuda,675,Conv:/features/features.7/features.7.0/block/block.1/block.1.0/Conv_fence_after,onnxruntime,onnx_node,0.001,0.0,0.001,0.001,25,1.6e-05,99.999277
efficientnet_b0,onnxrt_cuda,676,Sigmoid:/features/features.7/features.7.0/block/block.1/block.1.2/Sigmoid_fence_before,onnxruntime,onnx_node,0.001,0.0,0.001,0.001,52,1.6e-05,99.999292
efficientnet_b0,onnxrt_cuda,677,Sigmoid:/features/features.7/features.7.0/block/block.1/block.1.2/Sigmoid_fence_after,onnxruntime,onnx_node,0.001,0.0,0.001,0.001,35,1.6e-05,99.999308
efficientnet_b0,onnxrt_cuda,678,Mul:/features/features.7/features.7.0/block/block.1/block.1.2/Mul_fence_before,onnxruntime,onnx_node,0.001,0.0,0.001,0.001,59,1.6e-05,99.999324
efficientnet_b0,onnxrt_cuda,679,Mul:/features/features.7/features.7.0/block/block.1/block.1.2/Mul_fence_after,onnxruntime,onnx_node,0.001,0.0,0.001,0.001,12,1.6e-05,99.99934
efficientnet_b0,onnxrt_cuda,680,GlobalAveragePool:/features/features.7/features.7.0/block/block.2/avgpool/GlobalAveragePool_fence_after,onnxruntime,onnx_node,0.001,0.0,0.001,0.001,35,1.6e-05,99.999355
efficientnet_b0,onnxrt_cuda,681,Sigmoid:/features/features.7/features.7.0/block/block.2/activation/Sigmoid_fence_after,onnxruntime,onnx_node,0.001,0.0,0.001,0.001,21,1.6e-05,99.999371
efficientnet_b0,onnxrt_cuda,682,Mul:/features/features.7/features.7.0/block/block.2/activation/Mul_fence_after,onnxruntime,onnx_node,0.001,0.0,0.001,0.001,7,1.6e-05,99.999387
efficientnet_b0,onnxrt_cuda,683,Conv:/features/features.7/features.7.0/block/block.2/fc2/Conv_fence_before,onnxruntime,onnx_node,0.001,0.0,0.001,0.001,60,1.6e-05,99.999403
efficientnet_b0,onnxrt_cuda,684,Conv:/features/features.7/features.7.0/block/block.2/fc2/Conv_fence_after,onnxruntime,onnx_node,0.001,0.0,0.001,0.001,35,1.6e-05,99.999418
efficientnet_b0,onnxrt_cuda,685,Sigmoid:/features/features.7/features.7.0/block/block.2/scale_activation/Sigmoid_fence_before,onnxruntime,onnx_node,0.001,0.0,0.001,0.001,59,1.6e-05,99.999434
efficientnet_b0,onnxrt_cuda,686,Mul:/features/features.7/features.7.0/block/block.2/Mul_fence_before,onnxruntime,onnx_node,0.001,0.0,0.001,0.001,59,1.6e-05,99.99945
efficientnet_b0,onnxrt_cuda,687,Conv:/features/features.7/features.7.0/block/block.3/block.3.0/Conv_fence_before,onnxruntime,onnx_node,0.001,0.0,0.001,0.001,59,1.6e-05,99.999465
efficientnet_b0,onnxrt_cuda,688,Conv:/features/features.8/features.8.0/Conv_fence_before,onnxruntime,onnx_node,0.001,0.0,0.001,0.001,55,1.6e-05,99.999481
efficientnet_b0,onnxrt_cuda,689,Conv:/features/features.8/features.8.0/Conv_fence_after,onnxruntime,onnx_node,0.001,0.0,0.001,0.001,39,1.6e-05,99.999497
efficientnet_b0,onnxrt_cuda,690,Sigmoid:/features/features.8/features.8.2/Sigmoid_fence_before,onnxruntime,onnx_node,0.001,0.0,0.001,0.001,50,1.6e-05,99.999513
efficientnet_b0,onnxrt_cuda,691,Sigmoid:/features/features.8/features.8.2/Sigmoid_fence_after,onnxruntime,onnx_node,0.001,0.0,0.001,0.001,17,1.6e-05,99.999528
efficientnet_b0,onnxrt_cuda,692,Mul:/features/features.8/features.8.2/Mul_fence_before,onnxruntime,onnx_node,0.001,0.0,0.001,0.001,18,1.6e-05,99.999544
efficientnet_b0,onnxrt_cuda,693,GlobalAveragePool:/avgpool/GlobalAveragePool_fence_after,onnxruntime,onnx_node,0.001,0.0,0.001,0.001,42,1.6e-05,99.99956
efficientnet_b0,onnxrt_cuda,694,Gemm:/classifier/classifier.1/Gemm_fence_before,onnxruntime,onnx_node,0.001,0.0,0.001,0.001,60,1.6e-05,99.999575
efficientnet_b0,onnxrt_cuda,695,Gemm:/classifier/classifier.1/Gemm_fence_after,onnxruntime,onnx_node,0.001,0.0,0.001,0.001,25,1.6e-05,99.999591
efficientnet_b0,onnxrt_cuda,696,Mul:/features/features.1/features.1.0/block/block.1/activation/Mul_fence_after,onnxruntime,onnx_node,0.001,0.0,0.001,0.001,8,1.6e-05,99.999607
efficientnet_b0,onnxrt_cuda,697,Conv:/features/features.2/features.2.0/block/block.1/block.1.0/Conv_fence_before,onnxruntime,onnx_node,0.001,0.0,0.001,0.001,43,1.6e-05,99.999623
efficientnet_b0,onnxrt_cuda,698,GlobalAveragePool:/features/features.4/features.4.1/block/block.2/avgpool/GlobalAveragePool_fence_after,onnxruntime,onnx_node,0.001,0.0,0.001,0.001,32,1.6e-05,99.999638
efficientnet_b0,onnxrt_cuda,699,Conv:/features/features.6/features.6.3/block/block.1/block.1.0/Conv_fence_before,onnxruntime,onnx_node,0.001,0.0,0.001,0.001,44,1.6e-05,99.999654
efficientnet_b0,onnxrt_cuda,700,Add:/features/features.6/features.6.2/Add_fence_after,onnxruntime,onnx_node,0.001,0.0,0.001,0.001,21,1.6e-05,99.99967
efficientnet_b0,onnxrt_cuda,701,Mul:/features/features.6/features.6.3/block/block.0/block.0.2/Mul_fence_after,onnxruntime,onnx_node,0.001,0.0,0.001,0.001,5,1.6e-05,99.999686
efficientnet_b0,onnxrt_cuda,702,Sigmoid:/features/features.7/features.7.0/block/block.2/scale_activation/Sigmoid_fence_after,onnxruntime,onnx_node,0.001,0.0,0.001,0.001,21,1.6e-05,99.999701
efficientnet_b0,onnxrt_cuda,703,Add:/features/features.4/features.4.2/Add_fence_after,onnxruntime,onnx_node,0.001,0.0,0.001,0.001,16,1.6e-05,99.999717
efficientnet_b0,onnxrt_cuda,704,GlobalAveragePool:/features/features.5/features.5.0/block/block.2/avgpool/GlobalAveragePool_fence_after,onnxruntime,onnx_node,0.001,0.0,0.001,0.001,35,1.6e-05,99.999733
efficientnet_b0,onnxrt_cuda,705,Sigmoid:/features/features.5/features.5.0/block/block.2/scale_activation/Sigmoid_fence_after,onnxruntime,onnx_node,0.001,0.0,0.001,0.001,16,1.6e-05,99.999748
efficientnet_b0,onnxrt_cuda,706,Sigmoid:/features/features.2/features.2.1/block/block.2/activation/Sigmoid_fence_after,onnxruntime,onnx_node,0.001,0.0,0.001,0.001,32,1.6e-05,99.999764
efficientnet_b0,onnxrt_cuda,707,Sigmoid:/features/features.7/features.7.0/block/block.0/block.0.2/Sigmoid_fence_after,onnxruntime,onnx_node,0.001,0.0,0.001,0.001,22,1.6e-05,99.99978
efficientnet_b0,onnxrt_cuda,708,Mul:/features/features.6/features.6.0/block/block.0/block.0.2/Mul_fence_after,onnxruntime,onnx_node,0.001,0.0,0.001,0.001,6,1.6e-05,99.999796
efficientnet_b0,onnxrt_cuda,709,Mul:/features/features.6/features.6.2/block/block.2/Mul_fence_after,onnxruntime,onnx_node,0.001,0.0,0.001,0.001,5,1.6e-05,99.999811
efficientnet_b0,onnxrt_cuda,710,Mul:/features/features.6/features.6.3/block/block.2/Mul_fence_after,onnxruntime,onnx_node,0.001,0.0,0.001,0.001,6,1.6e-05,99.999827
efficientnet_b0,onnxrt_cuda,711,Mul:/features/features.8/features.8.2/Mul_fence_after,onnxruntime,onnx_node,0.001,0.0,0.001,0.001,6,1.6e-05,99.999843
efficientnet_b0,onnxrt_cuda,712,Mul:/features/features.5/features.5.1/block/block.0/block.0.2/Mul_fence_after,onnxruntime,onnx_node,0.001,0.0,0.001,0.001,9,1.6e-05,99.999858
efficientnet_b0,onnxrt_cuda,713,Mul:/features/features.6/features.6.1/block/block.2/Mul_fence_after,onnxruntime,onnx_node,0.001,0.0,0.001,0.001,9,1.6e-05,99.999874
efficientnet_b0,onnxrt_cuda,714,Mul:/features/features.6/features.6.3/block/block.1/block.1.2/Mul_fence_after,onnxruntime,onnx_node,0.001,0.0,0.001,0.001,6,1.6e-05,99.99989
efficientnet_b0,onnxrt_cuda,715,Sigmoid:/features/features.4/features.4.2/block/block.0/block.0.2/Sigmoid_fence_after,onnxruntime,onnx_node,0.001,0.0,0.001,0.001,23,1.6e-05,99.999906
efficientnet_b0,onnxrt_cuda,716,Mul:/features/features.5/features.5.0/block/block.0/block.0.2/Mul_fence_after,onnxruntime,onnx_node,0.001,0.0,0.001,0.001,8,1.6e-05,99.999921
efficientnet_b0,onnxrt_cuda,717,Mul:/features/features.6/features.6.0/block/block.2/Mul_fence_after,onnxruntime,onnx_node,0.001,0.0,0.001,0.001,10,1.6e-05,99.999937
efficientnet_b0,onnxrt_cuda,718,Mul:/features/features.4/features.4.2/block/block.2/Mul_fence_after,onnxruntime,onnx_node,0.001,0.0,0.001,0.001,13,1.6e-05,99.999953
efficientnet_b0,onnxrt_cuda,719,Mul:/features/features.7/features.7.0/block/block.2/Mul_fence_after,onnxruntime,onnx_node,0.001,0.0,0.001,0.001,2,1.6e-05,99.999969
efficientnet_b0,onnxrt_cuda,720,Mul:/features/features.5/features.5.0/block/block.2/Mul_fence_after,onnxruntime,onnx_node,0.001,0.0,0.001,0.001,3,1.6e-05,99.999984
efficientnet_b0,onnxrt_cuda,721,Mul:/features/features.7/features.7.0/block/block.0/block.0.2/Mul_fence_after,onnxruntime,onnx_node,0.001,0.0,0.001,0.001,3,1.6e-05,100.0